trade_id,region1,region2,industry1,industry2,amount,total_employment_value,employment_count,unique_employment_factors,economic/employment,employment_intensity
4866,JP,JP,MOTO1,MOTO1,128025.34,2357.0,1.0,1.0,2357.0,0.01841
4254,JP,JP,LANDT,CONST,76696.4,1956.0,1.0,1.0,1956.0,0.025503
446,JP,JP,BASIC,BASIC,109533.1,1535.0,1.0,1.0,1535.0,0.014014
2998,JP,JP,FABRI,CONST,69365.3,1266.0,1.0,1.0,1266.0,0.018251
3319,JP,JP,FOOD5,FOOD5,42929.91,1092.0,1.0,1.0,1092.0,0.025437
5713,JP,JP,PLAST,RUBBE,40877.7,892.0,1.0,1.0,892.0,0.021821
5218,JP,JP,NONME,CONST,43061.99,717.0,1.0,1.0,717.0,0.01665
5193,JP,JP,NONFE,NONF1,8066.58,705.0,1.0,1.0,705.0,0.087398
6825,JP,JP,RUBBE,RUBBE,26297.78,668.0,1.0,1.0,668.0,0.025401
6972,JP,JP,SEACO,SEACO,17706.2,555.0,1.0,1.0,555.0,0.031345
6585,JP,JP,RESEA,RADIO,27775.56,512.0,1.0,1.0,512.0,0.018433
6560,JP,JP,RESEA,MOTO1,27029.26,498.0,1.0,1.0,498.0,0.018424
7306,JP,JP,TEXTI,TEXTI,16621.0,475.0,1.0,1.0,475.0,0.028578
6877,JP,JP,SANDC,CONST,27086.85,455.0,1.0,1.0,455.0,0.016798
51,JP,JP,93197,HEALT,12268.39,455.0,1.0,1.0,455.0,0.037087
7311,JP,JP,TEXTI,WEARI,14995.39,428.0,1.0,1.0,428.0,0.028542
7713,JP,JP,WOODW,CONST,18652.83,391.0,1.0,1.0,391.0,0.020962
4277,JP,JP,LANDT,FURNI,15280.06,390.0,1.0,1.0,390.0,0.025523
6507,JP,JP,RESEA,CHEM1,20660.86,381.0,1.0,1.0,381.0,0.018441
7165,JP,JP,SUPPO,LANDT,14024.41,381.0,1.0,1.0,381.0,0.027167
457,JP,JP,BASIC,FABRI,26983.5,378.0,1.0,1.0,378.0,0.014009
6001,JP,JP,PROCE,FOOD5,16042.0,376.0,1.0,1.0,376.0,0.023438
7669,JP,JP,WHOLE,WHOLE,4745.3,371.0,1.0,1.0,371.0,0.078183
5528,JP,JP,PAPER,PAPER,27131.76,370.0,1.0,1.0,370.0,0.013637
6571,JP,JP,RESEA,OFFIC,19564.5,361.0,1.0,1.0,361.0,0.018452
6579,JP,JP,RESEA,PLAST,19565.43,361.0,1.0,1.0,361.0,0.018451
5448,JP,JP,PADDY,PROCE,14961.27,324.0,1.0,1.0,324.0,0.021656
750,JP,JP,BUSIN,COMPU,22331.67,321.0,1.0,1.0,321.0,0.014374
3462,JP,JP,FURNI,FURNI,15391.95,315.0,1.0,1.0,315.0,0.020465
7111,JP,JP,SUPPO,AIRTR,11177.68,304.0,1.0,1.0,304.0,0.027197
5744,JP,JP,POSTT,CONST,22433.43,287.0,1.0,1.0,287.0,0.012793
3727,JP,JP,HEALT,HEALT,9284.97,273.0,1.0,1.0,273.0,0.029402
7071,JP,JP,STONE,CONST,13114.03,269.0,1.0,1.0,269.0,0.020512
4280,JP,JP,LANDT,HEALT,10380.14,265.0,1.0,1.0,265.0,0.02553
5963,JP,JP,PRINT,PRINT,16247.96,265.0,1.0,1.0,265.0,0.01631
5656,JP,JP,PIGS9,MEATP,4813.15,263.0,1.0,1.0,263.0,0.054642
853,JP,JP,CATTL,MEATC,6544.07,260.0,1.0,1.0,260.0,0.039731
7198,JP,JP,SUPPO,PUBLI,9464.86,257.0,1.0,1.0,257.0,0.027153
6087,JP,JP,RADIO,RADIO,14473.71,253.0,1.0,1.0,253.0,0.01748
5341,JP,JP,OFFIC,OFFIC,14973.54,248.0,1.0,1.0,248.0,0.016563
3438,JP,JP,FURNI,CONST,12056.4,247.0,1.0,1.0,247.0,0.020487
1316,JP,JP,COMPU,PUBLI,20655.93,246.0,1.0,1.0,246.0,0.011909
4345,JP,JP,LANDT,STONE,9437.61,241.0,1.0,1.0,241.0,0.025536
739,JP,JP,BUSIN,BUSIN,16686.34,240.0,1.0,1.0,240.0,0.014383
4337,JP,JP,LANDT,RESEA,9255.66,236.0,1.0,1.0,236.0,0.025498
5884,JP,JP,PRINT,BUSIN,14076.3,230.0,1.0,1.0,230.0,0.01634
3404,JP,JP,FOUND,MOTO1,12103.92,228.0,1.0,1.0,228.0,0.018837
6853,JP,JP,SALEM,LANDT,36330.36,219.0,1.0,1.0,219.0,0.006028
6334,JP,JP,RECRE,BUSIN,8608.14,210.0,1.0,1.0,210.0,0.024396
3305,JP,JP,FOOD5,BEVER,8073.44,205.0,1.0,1.0,205.0,0.025392
3513,JP,JP,FURNI,RESEA,9911.42,203.0,1.0,1.0,203.0,0.020481
5965,JP,JP,PRINT,PUBLI,12251.07,200.0,1.0,1.0,200.0,0.016325
6800,JP,JP,RUBBE,OFFIC,7810.69,198.0,1.0,1.0,198.0,0.02535
5535,JP,JP,PAPER,PRINT,14511.83,198.0,1.0,1.0,198.0,0.013644
3148,JP,JP,FINAN,FURNI,20644.88,195.0,1.0,1.0,195.0,0.009445
6216,JP,JP,RAWMI,DAIRY,6389.18,194.0,1.0,1.0,194.0,0.030364
964,JP,JP,CHEM1,CHEM1,15798.38,191.0,1.0,1.0,191.0,0.01209
6887,JP,JP,SANDC,NONME,11304.26,190.0,1.0,1.0,190.0,0.016808
3124,JP,JP,FINAN,CONST,20037.01,189.0,1.0,1.0,189.0,0.009433
7476,JP,JP,VEGET,FOOD5,4373.1,187.0,1.0,1.0,187.0,0.042761
7430,JP,JP,TRANS,PUBLI,9984.26,186.0,1.0,1.0,186.0,0.018629
466,JP,JP,BASIC,MOTO1,12592.51,177.0,1.0,1.0,177.0,0.014056
4230,JP,JP,LANDT,93197,6675.52,170.0,1.0,1.0,170.0,0.025466
3203,JP,JP,FINAN,REALE,17289.26,163.0,1.0,1.0,163.0,0.009428
1325,JP,JP,COMPU,RESEA,13563.14,162.0,1.0,1.0,162.0,0.011944
238,JP,JP,ALUM1,ALUM1,7664.04,154.0,1.0,1.0,154.0,0.020094
5857,JP,JP,POULT,MEAT1,3421.55,151.0,1.0,1.0,151.0,0.044132
780,JP,JP,BUSIN,INSUR,10456.4,150.0,1.0,1.0,150.0,0.014345
1436,JP,JP,CONST,PUBLI,7029.25,148.0,1.0,1.0,148.0,0.021055
5133,JP,JP,NONF1,ALUM1,2631.65,146.0,1.0,1.0,146.0,0.055479
6816,JP,JP,RUBBE,RADIO,5656.3,144.0,1.0,1.0,144.0,0.025458
6766,JP,JP,RUBBE,FOOD5,5617.32,143.0,1.0,1.0,143.0,0.025457
3015,JP,JP,FABRI,FABRI,7709.48,141.0,1.0,1.0,141.0,0.018289
1177,JP,JP,COKEO,BASIC,9174.16,139.0,1.0,1.0,139.0,0.015151
1394,JP,JP,CONST,HEALT,6507.1,137.0,1.0,1.0,137.0,0.021054
7780,JP,JP,WOODW,WOODW,6565.72,137.0,1.0,1.0,137.0,0.020866
769,JP,JP,BUSIN,FINAN,9310.1,134.0,1.0,1.0,134.0,0.014393
4338,JP,JP,LANDT,RETA1,5222.5,133.0,1.0,1.0,133.0,0.025467
1529,JP,JP,DAIRY,DAIRY,5837.58,133.0,1.0,1.0,133.0,0.022783
1531,JP,JP,DAIRY,FOOD5,5794.25,132.0,1.0,1.0,132.0,0.022781
5816,JP,JP,POSTT,PUBLI,10202.15,130.0,1.0,1.0,130.0,0.012742
7437,JP,JP,TRANS,TRANS,6946.61,129.0,1.0,1.0,129.0,0.01857
5141,JP,JP,NONF1,COPP1,2286.92,127.0,1.0,1.0,127.0,0.055533
1229,JP,JP,COMPU,BUSIN,10438.35,124.0,1.0,1.0,124.0,0.011879
7728,JP,JP,WOODW,FURNI,5669.68,119.0,1.0,1.0,119.0,0.020989
3323,JP,JP,FOOD5,HEALT,4645.28,118.0,1.0,1.0,118.0,0.025402
724,JP,JP,BUSIN,93197,8164.26,117.0,1.0,1.0,117.0,0.014331
4261,JP,JP,LANDT,EDUCA,4511.03,115.0,1.0,1.0,115.0,0.025493
3022,JP,JP,FABRI,FURNI,6211.04,113.0,1.0,1.0,113.0,0.018193
3142,JP,JP,FINAN,FINAN,11933.43,113.0,1.0,1.0,113.0,0.009469
6538,JP,JP,RESEA,FURNI,6102.88,112.0,1.0,1.0,112.0,0.018352
904,JP,JP,CERAM,CONST,7222.51,112.0,1.0,1.0,112.0,0.015507
6711,JP,JP,RETA1,RESEA,14482.59,111.0,1.0,1.0,111.0,0.007664
6740,JP,JP,RUBBE,BEVER,4329.66,110.0,1.0,1.0,110.0,0.025406
4275,JP,JP,LANDT,FOOD5,4225.05,108.0,1.0,1.0,108.0,0.025562
102,JP,JP,93197,RESEA,2762.32,103.0,1.0,1.0,103.0,0.037287
5825,JP,JP,POSTT,RESEA,8033.21,103.0,1.0,1.0,103.0,0.012822
7557,JP,JP,WEARI,FURNI,2832.28,102.0,1.0,1.0,102.0,0.036013
757,JP,JP,BUSIN,EDUCA,6931.88,100.0,1.0,1.0,100.0,0.014426
6813,JP,JP,RUBBE,PRINT,3863.91,98.0,1.0,1.0,98.0,0.025363
1260,JP,JP,COMPU,FINAN,8244.52,98.0,1.0,1.0,98.0,0.011887
3337,JP,JP,FOOD5,POULT,3795.84,97.0,1.0,1.0,97.0,0.025554
5170,JP,JP,NONF1,NONF1,1750.01,97.0,1.0,1.0,97.0,0.055428
4328,JP,JP,LANDT,PUBLI,3730.54,95.0,1.0,1.0,95.0,0.025465
5811,JP,JP,POSTT,POSTT,7449.16,95.0,1.0,1.0,95.0,0.012753
3309,JP,JP,FOOD5,CATTL,3724.96,95.0,1.0,1.0,95.0,0.025504
352,JP,JP,AUXIL,FINAN,8136.3,95.0,1.0,1.0,95.0,0.011676
772,JP,JP,BUSIN,FOOD5,6552.74,94.0,1.0,1.0,94.0,0.014345
6185,JP,JP,RAILW,PUBLI,6089.43,94.0,1.0,1.0,94.0,0.015437
6881,JP,JP,SANDC,GLASS,5579.03,94.0,1.0,1.0,94.0,0.016849
4321,JP,JP,LANDT,PLAST,3578.92,91.0,1.0,1.0,91.0,0.025427
805,JP,JP,BUSIN,OFFIC,6181.18,89.0,1.0,1.0,89.0,0.014399
4235,JP,JP,LANDT,BASIC,3426.62,87.0,1.0,1.0,87.0,0.025389
1,JP,JP,93197,93197,2307.06,86.0,1.0,1.0,86.0,0.037277
3045,JP,JP,FABRI,MOTO1,4692.22,86.0,1.0,1.0,86.0,0.018328
6826,JP,JP,RUBBE,SALEM,3369.43,86.0,1.0,1.0,86.0,0.025524
848,JP,JP,CATTL,CATTL,2114.52,84.0,1.0,1.0,84.0,0.039725
4438,JP,JP,LEATH,LEATH,2658.82,82.0,1.0,1.0,82.0,0.030841
501,JP,JP,BEVER,HOTEL,5354.18,81.0,1.0,1.0,81.0,0.015128
6803,JP,JP,RUBBE,PAPER,3202.28,81.0,1.0,1.0,81.0,0.025294
4341,JP,JP,LANDT,SALEM,3185.99,81.0,1.0,1.0,81.0,0.025424
1273,JP,JP,COMPU,INSUR,6681.53,80.0,1.0,1.0,80.0,0.011973
3236,JP,JP,FISH5,FOOD5,3032.96,79.0,1.0,1.0,79.0,0.026047
1240,JP,JP,COMPU,COMPU,6528.99,78.0,1.0,1.0,78.0,0.011947
4271,JP,JP,LANDT,FABRI,3058.08,78.0,1.0,1.0,78.0,0.025506
5922,JP,JP,PRINT,HEALT,4530.88,74.0,1.0,1.0,74.0,0.016332
3151,JP,JP,FINAN,HEALT,7850.61,74.0,1.0,1.0,74.0,0.009426
7178,JP,JP,SUPPO,MOTOR,2726.82,74.0,1.0,1.0,74.0,0.027138
253,JP,JP,ALUM1,FOUND,3623.16,73.0,1.0,1.0,73.0,0.020148
4678,JP,JP,MEATP,FOOD5,1571.12,73.0,1.0,1.0,73.0,0.046464
6530,JP,JP,RESEA,ELECT,3942.78,73.0,1.0,1.0,73.0,0.018515
775,JP,JP,BUSIN,FURNI,5045.51,72.0,1.0,1.0,72.0,0.01427
1269,JP,JP,COMPU,HEALT,6014.46,72.0,1.0,1.0,72.0,0.011971
5743,JP,JP,POSTT,COMPU,5574.14,71.0,1.0,1.0,71.0,0.012737
7445,JP,JP,VEGE1,FOOD5,1942.65,71.0,1.0,1.0,71.0,0.036548
5155,JP,JP,NONF1,FURNI,1273.34,71.0,1.0,1.0,71.0,0.055759
819,JP,JP,BUSIN,PRINT,4799.52,69.0,1.0,1.0,69.0,0.014376
5871,JP,JP,PRINT,93197,4182.21,68.0,1.0,1.0,68.0,0.016259
461,JP,JP,BASIC,FURNI,4750.23,67.0,1.0,1.0,67.0,0.014105
7078,JP,JP,STONE,NONME,3290.6,67.0,1.0,1.0,67.0,0.020361
3234,JP,JP,FISH5,FISH5,2537.73,66.0,1.0,1.0,66.0,0.026007
5153,JP,JP,NONF1,FABRI,1178.84,66.0,1.0,1.0,66.0,0.055987
5902,JP,JP,PRINT,EDUCA,4073.15,66.0,1.0,1.0,66.0,0.016204
885,JP,JP,CEMEN,NONME,4251.53,65.0,1.0,1.0,65.0,0.015289
5505,JP,JP,PAPER,FURNI,4746.33,65.0,1.0,1.0,65.0,0.013695
3335,JP,JP,FOOD5,PIGS9,2554.58,65.0,1.0,1.0,65.0,0.025444
4322,JP,JP,LANDT,POSTT,2561.09,65.0,1.0,1.0,65.0,0.02538
486,JP,JP,BASIC,TRANS,4558.13,64.0,1.0,1.0,64.0,0.014041
745,JP,JP,BUSIN,CHEM1,4402.15,63.0,1.0,1.0,63.0,0.014311
3465,JP,JP,FURNI,HEALT,3045.95,62.0,1.0,1.0,62.0,0.020355
4682,JP,JP,MEATP,MEATP,1297.06,61.0,1.0,1.0,61.0,0.047029
1299,JP,JP,COMPU,OFFIC,5097.81,61.0,1.0,1.0,61.0,0.011966
728,JP,JP,BUSIN,AUXIL,4257.77,61.0,1.0,1.0,61.0,0.014327
3671,JP,JP,GLASS,FURNI,3996.58,61.0,1.0,1.0,61.0,0.015263
7486,JP,JP,VEGET,VEGET,1403.68,60.0,1.0,1.0,60.0,0.042745
6494,JP,JP,RESEA,BASIC,3278.91,60.0,1.0,1.0,60.0,0.018299
4359,JP,JP,LANDT,WOODW,2342.17,60.0,1.0,1.0,60.0,0.025617
822,JP,JP,BUSIN,RADIO,4171.13,60.0,1.0,1.0,60.0,0.014385
7512,JP,JP,WEARI,93197,1622.46,59.0,1.0,1.0,59.0,0.036365
4649,JP,JP,MEAT1,HOTEL,1239.23,58.0,1.0,1.0,58.0,0.046803
6761,JP,JP,RUBBE,ELECT,2291.05,58.0,1.0,1.0,58.0,0.025316
6194,JP,JP,RAILW,RESEA,3726.68,58.0,1.0,1.0,58.0,0.015563
3684,JP,JP,GLASS,MOTO1,3795.86,58.0,1.0,1.0,58.0,0.01528
5502,JP,JP,PAPER,FOOD5,4186.48,57.0,1.0,1.0,57.0,0.013615
6592,JP,JP,RESEA,RUBBE,3085.48,57.0,1.0,1.0,57.0,0.018474
4039,JP,JP,INSUR,SANDC,3305.24,57.0,1.0,1.0,57.0,0.017245
5771,JP,JP,POSTT,HEALT,4421.56,56.0,1.0,1.0,56.0,0.012665
2929,JP,JP,ELECT,ELECT,3205.22,56.0,1.0,1.0,56.0,0.017471
3208,JP,JP,FINAN,RETA1,5871.71,55.0,1.0,1.0,55.0,0.009367
816,JP,JP,BUSIN,POSTT,3730.37,54.0,1.0,1.0,54.0,0.014476
3557,JP,JP,GASDI,CONST,14726.96,54.0,1.0,1.0,54.0,0.003667
5916,JP,JP,PRINT,FOOD5,3304.2,54.0,1.0,1.0,54.0,0.016343
3339,JP,JP,FOOD5,RAWMI,2117.07,54.0,1.0,1.0,54.0,0.025507
7156,JP,JP,SUPPO,GASDI,1975.07,54.0,1.0,1.0,54.0,0.027341
2980,JP,JP,FABRI,BEVER,2906.27,53.0,1.0,1.0,53.0,0.018236
4670,JP,JP,MEATC,FOOD5,1659.99,53.0,1.0,1.0,53.0,0.031928
5913,JP,JP,PRINT,FINAN,3219.42,53.0,1.0,1.0,53.0,0.016463
3988,JP,JP,INSUR,LANDT,3056.71,53.0,1.0,1.0,53.0,0.017339
825,JP,JP,BUSIN,RECRE,3519.92,51.0,1.0,1.0,51.0,0.014489
6052,JP,JP,RADIO,ELECT,2912.03,51.0,1.0,1.0,51.0,0.017514
830,JP,JP,BUSIN,SANDC,3534.71,51.0,1.0,1.0,51.0,0.014428
312,JP,JP,AUXIL,AUXIL,4196.86,49.0,1.0,1.0,49.0,0.011675
365,JP,JP,AUXIL,INSUR,4231.08,49.0,1.0,1.0,49.0,0.011581
3364,JP,JP,FORES,FORES,369.14,49.0,1.0,1.0,49.0,0.132741
5856,JP,JP,POULT,HOTEL,1105.97,49.0,1.0,1.0,49.0,0.044305
1322,JP,JP,COMPU,RECRE,4029.25,48.0,1.0,1.0,48.0,0.011913
3112,JP,JP,FINAN,BUSIN,5100.04,48.0,1.0,1.0,48.0,0.009412
5439,JP,JP,PADDY,FOOD5,2228.9,48.0,1.0,1.0,48.0,0.021535
7478,JP,JP,VEGET,HEALT,1124.69,48.0,1.0,1.0,48.0,0.042678
3368,JP,JP,FORES,HOTEL,353.65,47.0,1.0,1.0,47.0,0.1329
4909,JP,JP,MOTOR,LANDT,12698.06,47.0,1.0,1.0,47.0,0.003701
5919,JP,JP,PRINT,FURNI,2878.89,47.0,1.0,1.0,47.0,0.016326
7479,JP,JP,VEGET,HOTEL,1105.16,47.0,1.0,1.0,47.0,0.042528
4681,JP,JP,MEATP,HOTEL,996.35,47.0,1.0,1.0,47.0,0.047172
6415,JP,JP,RECRE,RECRE,1935.3,47.0,1.0,1.0,47.0,0.024286
1351,JP,JP,CONST,BASIC,2201.11,46.0,1.0,1.0,46.0,0.020899
5647,JP,JP,PFERT,VEGET,1987.71,46.0,1.0,1.0,46.0,0.023142
3363,JP,JP,FORES,FOOD5,349.41,46.0,1.0,1.0,46.0,0.13165
3341,JP,JP,FOOD5,RESEA,1827.13,46.0,1.0,1.0,46.0,0.025176
6010,JP,JP,PUBLI,MEMBE,2779.76,46.0,1.0,1.0,46.0,0.016548
4646,JP,JP,MEAT1,FOOD5,995.34,46.0,1.0,1.0,46.0,0.046215
3417,JP,JP,FURNI,93197,2250.78,46.0,1.0,1.0,46.0,0.020437
1310,JP,JP,COMPU,POSTT,3859.49,46.0,1.0,1.0,46.0,0.011919
730,JP,JP,BUSIN,BASIC,3158.94,45.0,1.0,1.0,45.0,0.014245
250,JP,JP,ALUM1,FABRI,2173.88,44.0,1.0,1.0,44.0,0.02024
4253,JP,JP,LANDT,COMPU,1717.59,44.0,1.0,1.0,44.0,0.025617
768,JP,JP,BUSIN,FABRI,3070.63,44.0,1.0,1.0,44.0,0.014329
4868,JP,JP,MOTO1,TRANS,2411.18,44.0,1.0,1.0,44.0,0.018248
5179,JP,JP,NONF1,RADIO,768.29,43.0,1.0,1.0,43.0,0.055968
3394,JP,JP,FOUND,FABRI,2304.07,43.0,1.0,1.0,43.0,0.018663
5630,JP,JP,PFERT,PFERT,1855.46,43.0,1.0,1.0,43.0,0.023175
7266,JP,JP,TEXTI,FURNI,1495.01,43.0,1.0,1.0,43.0,0.028762
815,JP,JP,BUSIN,PLAST,2968.37,43.0,1.0,1.0,43.0,0.014486
6014,JP,JP,PULP5,PAPER,2013.77,42.0,1.0,1.0,42.0,0.020856
7625,JP,JP,WEARI,WEARI,1161.97,42.0,1.0,1.0,42.0,0.036146
1368,JP,JP,CONST,CONST,1985.39,42.0,1.0,1.0,42.0,0.021155
828,JP,JP,BUSIN,RUBBE,2862.28,41.0,1.0,1.0,41.0,0.014324
4308,JP,JP,LANDT,NONME,1554.96,40.0,1.0,1.0,40.0,0.025724
1374,JP,JP,CONST,EDUCA,1870.5,40.0,1.0,1.0,40.0,0.021385
24,JP,JP,93197,CONST,1080.2,40.0,1.0,1.0,40.0,0.03703
718,JP,JP,BRICK,CONST,2631.14,39.0,1.0,1.0,39.0,0.014822
5870,JP,JP,PRECI,PREC1,1289.0,39.0,1.0,1.0,39.0,0.030256
731,JP,JP,BUSIN,BEVER,2696.63,39.0,1.0,1.0,39.0,0.014462
3252,JP,JP,FISHF,FURNI,1695.93,39.0,1.0,1.0,39.0,0.022996
1377,JP,JP,CONST,ELEC2,1830.54,39.0,1.0,1.0,39.0,0.021305
6751,JP,JP,RUBBE,CHEM1,1535.57,39.0,1.0,1.0,39.0,0.025398
3626,JP,JP,GASDI,RESEA,10523.69,39.0,1.0,1.0,39.0,0.003706
5201,JP,JP,NONME,BASIC,2265.7,38.0,1.0,1.0,38.0,0.016772
3055,JP,JP,FABRI,OFFIC,2014.72,37.0,1.0,1.0,37.0,0.018365
3170,JP,JP,FINAN,MEMBE,3884.13,37.0,1.0,1.0,37.0,0.009526
5894,JP,JP,PRINT,COMPU,2272.03,37.0,1.0,1.0,37.0,0.016285
6535,JP,JP,RESEA,FOOD5,1931.48,36.0,1.0,1.0,36.0,0.018639
3514,JP,JP,FURNI,RETA1,1769.49,36.0,1.0,1.0,36.0,0.020345
3255,JP,JP,FISHF,HOTEL,1590.2,36.0,1.0,1.0,36.0,0.022639
6781,JP,JP,RUBBE,LEATH,1421.62,36.0,1.0,1.0,36.0,0.025323
5173,JP,JP,NONF1,OFFIC,647.04,36.0,1.0,1.0,36.0,0.055638
3445,JP,JP,FURNI,EDUCA,1727.93,35.0,1.0,1.0,35.0,0.020255
4243,JP,JP,LANDT,BUSIN,1383.22,35.0,1.0,1.0,35.0,0.025303
5773,JP,JP,POSTT,HOTEL,2714.0,35.0,1.0,1.0,35.0,0.012896
3581,JP,JP,GASDI,LANDT,9514.28,35.0,1.0,1.0,35.0,0.003679
5444,JP,JP,PADDY,PADDY,1609.4,35.0,1.0,1.0,35.0,0.021747
6590,JP,JP,RESEA,RESEA,1880.68,35.0,1.0,1.0,35.0,0.01861
2282,JP,JP,ELEC2,RESEA,1330.77,34.0,1.0,1.0,34.0,0.025549
7602,JP,JP,WEARI,PUBLI,950.18,34.0,1.0,1.0,34.0,0.035783
3201,JP,JP,FINAN,RAILW,3618.03,34.0,1.0,1.0,34.0,0.009397
7472,JP,JP,VEGET,BEVER,800.25,34.0,1.0,1.0,34.0,0.042487
4284,JP,JP,LANDT,INSUR,1324.72,34.0,1.0,1.0,34.0,0.025666
3019,JP,JP,FABRI,FOOD5,1860.75,34.0,1.0,1.0,34.0,0.018272
924,JP,JP,CERAM,RADIO,2163.75,34.0,1.0,1.0,34.0,0.015713
6872,JP,JP,SANDC,CERAM,2041.91,34.0,1.0,1.0,34.0,0.016651
6809,JP,JP,RUBBE,PLAST,1342.69,34.0,1.0,1.0,34.0,0.025322
6004,JP,JP,PROCE,HOTEL,1469.12,34.0,1.0,1.0,34.0,0.023143
3083,JP,JP,FABRI,SANDC,1786.27,33.0,1.0,1.0,33.0,0.018474
5926,JP,JP,PRINT,INSUR,2034.23,33.0,1.0,1.0,33.0,0.016222
5826,JP,JP,POSTT,RETA1,2598.14,33.0,1.0,1.0,33.0,0.012701
5829,JP,JP,POSTT,SALEM,2620.86,33.0,1.0,1.0,33.0,0.012591
4272,JP,JP,LANDT,FINAN,1289.69,33.0,1.0,1.0,33.0,0.025588
3069,JP,JP,FABRI,PUBLI,1766.17,32.0,1.0,1.0,32.0,0.018118
4034,JP,JP,INSUR,RESEA,1855.0,32.0,1.0,1.0,32.0,0.017251
1523,JP,JP,DAIRY,BEVER,1398.53,32.0,1.0,1.0,32.0,0.022881
7613,JP,JP,WEARI,SANDC,854.33,31.0,1.0,1.0,31.0,0.036286
5158,JP,JP,NONF1,HEALT,551.21,31.0,1.0,1.0,31.0,0.05624
7609,JP,JP,WEARI,RETA1,871.96,31.0,1.0,1.0,31.0,0.035552
4282,JP,JP,LANDT,HOTEL,1222.36,31.0,1.0,1.0,31.0,0.025361
2200,JP,JP,ELEC2,BASIC,1247.48,31.0,1.0,1.0,31.0,0.02485
3505,JP,JP,FURNI,PUBLI,1519.43,31.0,1.0,1.0,31.0,0.020402
460,JP,JP,BASIC,FOUND,2209.65,31.0,1.0,1.0,31.0,0.014029
3192,JP,JP,FINAN,PLAST,3290.68,31.0,1.0,1.0,31.0,0.009421
2922,JP,JP,ELECT,ELEC2,1744.97,31.0,1.0,1.0,31.0,0.017765
3692,JP,JP,GLASS,PRIVA,2044.53,31.0,1.0,1.0,31.0,0.015162
5544,JP,JP,PAPER,RESEA,2223.47,30.0,1.0,1.0,30.0,0.013492
3071,JP,JP,FABRI,RADIO,1624.18,30.0,1.0,1.0,30.0,0.018471
6071,JP,JP,RADIO,MEDIC,1733.95,30.0,1.0,1.0,30.0,0.017302
5479,JP,JP,PAPER,BEVER,2172.12,30.0,1.0,1.0,30.0,0.013811
803,JP,JP,BUSIN,NONME,2110.2,30.0,1.0,1.0,30.0,0.014217
4964,JP,JP,NAPHT,CHEM1,8050.94,30.0,1.0,1.0,30.0,0.003726
1216,JP,JP,COMPU,93197,2469.35,29.0,1.0,1.0,29.0,0.011744
5762,JP,JP,POSTT,FINAN,2308.24,29.0,1.0,1.0,29.0,0.012564
809,JP,JP,BUSIN,PAPER,2050.18,29.0,1.0,1.0,29.0,0.014145
843,JP,JP,BUSIN,WEARI,2046.26,29.0,1.0,1.0,29.0,0.014172
6146,JP,JP,RAILW,INSUR,1903.88,29.0,1.0,1.0,29.0,0.015232
7534,JP,JP,WEARI,CONST,817.35,29.0,1.0,1.0,29.0,0.035481
3092,JP,JP,FABRI,TRANS,1585.12,29.0,1.0,1.0,29.0,0.018295
7160,JP,JP,SUPPO,HOTEL,1037.84,28.0,1.0,1.0,28.0,0.026979
6931,JP,JP,SEACO,LANDT,893.31,28.0,1.0,1.0,28.0,0.031344
7424,JP,JP,TRANS,AIRTR,1504.66,28.0,1.0,1.0,28.0,0.018609
3219,JP,JP,FINAN,TEXTI,2951.1,28.0,1.0,1.0,28.0,0.009488
99,JP,JP,93197,RECRE,753.41,28.0,1.0,1.0,28.0,0.037164
13,JP,JP,93197,BUSIN,765.64,28.0,1.0,1.0,28.0,0.036571
6823,JP,JP,RUBBE,RETA1,1059.66,27.0,1.0,1.0,27.0,0.02548
6836,JP,JP,RUBBE,TRANS,1061.36,27.0,1.0,1.0,27.0,0.025439
6512,JP,JP,RESEA,COMPU,1456.51,27.0,1.0,1.0,27.0,0.018537
7201,JP,JP,SUPPO,RAILW,1009.77,27.0,1.0,1.0,27.0,0.026739
3226,JP,JP,FINAN,WEARI,2813.89,27.0,1.0,1.0,27.0,0.009595
4325,JP,JP,LANDT,PRINT,1035.22,26.0,1.0,1.0,26.0,0.025115
1385,JP,JP,CONST,FABRI,1245.82,26.0,1.0,1.0,26.0,0.02087
5719,JP,JP,POSTT,93197,2044.76,26.0,1.0,1.0,26.0,0.012715
5272,JP,JP,NONME,PRIVA,1570.91,26.0,1.0,1.0,26.0,0.016551
5955,JP,JP,PRINT,PAPER,1580.87,26.0,1.0,1.0,26.0,0.016447
1430,JP,JP,CONST,PLAST,1191.75,25.0,1.0,1.0,25.0,0.020978
5732,JP,JP,POSTT,BUSIN,1981.76,25.0,1.0,1.0,25.0,0.012615
5167,JP,JP,NONF1,MOTO1,453.36,25.0,1.0,1.0,25.0,0.055144
1419,JP,JP,CONST,NONME,1168.53,25.0,1.0,1.0,25.0,0.021394
4334,JP,JP,LANDT,RECRE,934.4,24.0,1.0,1.0,24.0,0.025685
5035,JP,JP,NATUR,ELEC2,1126.24,24.0,1.0,1.0,24.0,0.02131
1424,JP,JP,CONST,PAPER,1141.14,24.0,1.0,1.0,24.0,0.021032
3081,JP,JP,FABRI,RUBBE,1296.05,24.0,1.0,1.0,24.0,0.018518
3334,JP,JP,FOOD5,PFERT,949.24,24.0,1.0,1.0,24.0,0.025283
7256,JP,JP,TEXTI,CONST,838.12,24.0,1.0,1.0,24.0,0.028636
5830,JP,JP,POSTT,SANDC,1780.08,23.0,1.0,1.0,23.0,0.012921
4311,JP,JP,LANDT,OFFIC,893.09,23.0,1.0,1.0,23.0,0.025753
1476,JP,JP,CROPS,CONST,397.9,23.0,1.0,1.0,23.0,0.057803
7612,JP,JP,WEARI,SALEM,650.68,23.0,1.0,1.0,23.0,0.035348
6659,JP,JP,RETA1,HEALT,2986.19,23.0,1.0,1.0,23.0,0.007702
333,JP,JP,AUXIL,CONST,1979.72,23.0,1.0,1.0,23.0,0.011618
6755,JP,JP,RUBBE,COMPU,886.62,23.0,1.0,1.0,23.0,0.025941
6827,JP,JP,RUBBE,SANDC,923.72,23.0,1.0,1.0,23.0,0.024899
6771,JP,JP,RUBBE,HEALT,904.19,23.0,1.0,1.0,23.0,0.025437
1335,JP,JP,COMPU,SUPPO,1852.43,22.0,1.0,1.0,22.0,0.011876
3697,JP,JP,GLASS,RESEA,1456.62,22.0,1.0,1.0,22.0,0.015103
1241,JP,JP,COMPU,CONST,1878.49,22.0,1.0,1.0,22.0,0.011712
106,JP,JP,93197,SALEM,593.04,22.0,1.0,1.0,22.0,0.037097
6344,JP,JP,RECRE,COMPU,849.69,21.0,1.0,1.0,21.0,0.024715
6540,JP,JP,RESEA,GLASS,1164.56,21.0,1.0,1.0,21.0,0.018033
3179,JP,JP,FINAN,NONME,2182.93,21.0,1.0,1.0,21.0,0.00962
1220,JP,JP,COMPU,AUXIL,1804.62,21.0,1.0,1.0,21.0,0.011637
5889,JP,JP,PRINT,CHEM1,1269.46,21.0,1.0,1.0,21.0,0.016542
3239,JP,JP,FISH5,HOTEL,755.12,20.0,1.0,1.0,20.0,0.026486
1462,JP,JP,COPP1,ELECT,768.36,20.0,1.0,1.0,20.0,0.026029
7268,JP,JP,TEXTI,HEALT,704.56,20.0,1.0,1.0,20.0,0.028387
6372,JP,JP,RECRE,HOTEL,826.23,20.0,1.0,1.0,20.0,0.024206
219,JP,JP,AIRTR,RESEA,1091.85,20.0,1.0,1.0,20.0,0.018318
1057,JP,JP,CHEM1,WOODW,1674.74,20.0,1.0,1.0,20.0,0.011942
7560,JP,JP,WEARI,HEALT,540.8,20.0,1.0,1.0,20.0,0.036982
54,JP,JP,93197,INSUR,546.98,20.0,1.0,1.0,20.0,0.036564
5552,JP,JP,PAPER,SUPPO,1449.97,20.0,1.0,1.0,20.0,0.013793
3145,JP,JP,FINAN,FOOD5,2145.01,20.0,1.0,1.0,20.0,0.009324
1266,JP,JP,COMPU,FURNI,1650.03,20.0,1.0,1.0,20.0,0.012121
5631,JP,JP,PFERT,PLAST,828.78,19.0,1.0,1.0,19.0,0.022925
1024,JP,JP,CHEM1,PAPER,1565.48,19.0,1.0,1.0,19.0,0.012137
6568,JP,JP,RESEA,NONME,1016.28,19.0,1.0,1.0,19.0,0.018696
6531,JP,JP,RESEA,FABRI,1008.02,19.0,1.0,1.0,19.0,0.018849
7283,JP,JP,TEXTI,PAPER,656.67,19.0,1.0,1.0,19.0,0.028934
4355,JP,JP,LANDT,VEGET,756.82,19.0,1.0,1.0,19.0,0.025105
7159,JP,JP,SUPPO,HEAVY,699.91,19.0,1.0,1.0,19.0,0.027146
5775,JP,JP,POSTT,INSUR,1471.27,19.0,1.0,1.0,19.0,0.012914
5441,JP,JP,PADDY,FURNI,872.89,19.0,1.0,1.0,19.0,0.021767
3315,JP,JP,FOOD5,DAIRY,752.66,19.0,1.0,1.0,19.0,0.025244
3467,JP,JP,FURNI,HOTEL,941.48,19.0,1.0,1.0,19.0,0.020181
4236,JP,JP,LANDT,BEVER,707.34,18.0,1.0,1.0,18.0,0.025447
5260,JP,JP,NONME,NONME,1060.45,18.0,1.0,1.0,18.0,0.016974
6580,JP,JP,RESEA,POSTT,960.16,18.0,1.0,1.0,18.0,0.018747
4988,JP,JP,NAPHT,PLAST,4802.88,18.0,1.0,1.0,18.0,0.003748
5951,JP,JP,PRINT,OFFIC,1073.98,18.0,1.0,1.0,18.0,0.01676
1054,JP,JP,CHEM1,WEARI,1481.96,18.0,1.0,1.0,18.0,0.012146
413,JP,JP,AUXIL,REALE,1579.38,18.0,1.0,1.0,18.0,0.011397
254,JP,JP,ALUM1,FURNI,908.66,18.0,1.0,1.0,18.0,0.019809
1248,JP,JP,COMPU,EDUCA,1495.84,18.0,1.0,1.0,18.0,0.012033
1309,JP,JP,COMPU,PLAST,1509.75,18.0,1.0,1.0,18.0,0.011923
3104,JP,JP,FINAN,BASIC,1885.37,18.0,1.0,1.0,18.0,0.009547
6131,JP,JP,RAILW,EDUCA,1169.29,18.0,1.0,1.0,18.0,0.015394
1635,JP,JP,DIST1,RESEA,2242.43,18.0,1.0,1.0,18.0,0.008027
5971,JP,JP,PRINT,RECRE,1083.96,18.0,1.0,1.0,18.0,0.016606
3672,JP,JP,GLASS,GLASS,1159.95,18.0,1.0,1.0,18.0,0.015518
1496,JP,JP,CROPS,RAWMI,317.37,18.0,1.0,1.0,18.0,0.056716
7212,JP,JP,SUPPO,SEACO,649.51,18.0,1.0,1.0,18.0,0.027713
5977,JP,JP,PRINT,SALEM,1109.73,18.0,1.0,1.0,18.0,0.01622
1391,JP,JP,CONST,FURNI,800.55,17.0,1.0,1.0,17.0,0.021235
5998,JP,JP,PROCE,BEVER,710.53,17.0,1.0,1.0,17.0,0.023926
4673,JP,JP,MEATC,HOTEL,533.53,17.0,1.0,1.0,17.0,0.031863
1444,JP,JP,CONST,SANDC,805.86,17.0,1.0,1.0,17.0,0.021095
6832,JP,JP,RUBBE,SUPPO,659.56,17.0,1.0,1.0,17.0,0.025775
7554,JP,JP,WEARI,FOOD5,460.61,17.0,1.0,1.0,17.0,0.036908
3099,JP,JP,FINAN,93197,1784.5,17.0,1.0,1.0,17.0,0.009526
3238,JP,JP,FISH5,HEALT,641.47,17.0,1.0,1.0,17.0,0.026502
3098,JP,JP,FABRI,WOODW,912.34,17.0,1.0,1.0,17.0,0.018633
5861,JP,JP,POULT,POULT,357.21,16.0,1.0,1.0,16.0,0.044792
7066,JP,JP,STONE,CEMEN,777.06,16.0,1.0,1.0,16.0,0.02059
6833,JP,JP,RUBBE,TEXTI,610.32,16.0,1.0,1.0,16.0,0.026216
7272,JP,JP,TEXTI,LEATH,546.93,16.0,1.0,1.0,16.0,0.029254
3437,JP,JP,FURNI,COMPU,770.58,16.0,1.0,1.0,16.0,0.020764
7451,JP,JP,VEGE1,HOTEL,443.12,16.0,1.0,1.0,16.0,0.036108
1367,JP,JP,CONST,COMPU,739.75,16.0,1.0,1.0,16.0,0.021629
823,JP,JP,BUSIN,RAILW,1145.42,16.0,1.0,1.0,16.0,0.013969
3053,JP,JP,FABRI,NONME,893.01,16.0,1.0,1.0,16.0,0.017917
3532,JP,JP,FURNI,WEARI,780.14,16.0,1.0,1.0,16.0,0.020509
6762,JP,JP,RUBBE,FABRI,620.98,16.0,1.0,1.0,16.0,0.025766
5162,JP,JP,NONF1,LEAD1,284.77,16.0,1.0,1.0,16.0,0.056186
252,JP,JP,ALUM1,FOOD5,818.52,16.0,1.0,1.0,16.0,0.019547
7116,JP,JP,SUPPO,BASIC,581.43,16.0,1.0,1.0,16.0,0.027518
5343,JP,JP,OFFIC,RETA1,970.44,16.0,1.0,1.0,16.0,0.016487
3014,JP,JP,FABRI,ELECT,860.5,16.0,1.0,1.0,16.0,0.018594
6003,JP,JP,PROCE,HEALT,669.93,16.0,1.0,1.0,16.0,0.023883
491,JP,JP,BEVER,BEVER,1090.87,16.0,1.0,1.0,16.0,0.014667
4019,JP,JP,INSUR,PLAST,953.38,16.0,1.0,1.0,16.0,0.016782
4471,JP,JP,LEATH,SANDC,524.5,16.0,1.0,1.0,16.0,0.030505
1313,JP,JP,COMPU,PRINT,1327.13,16.0,1.0,1.0,16.0,0.012056
1020,JP,JP,CHEM1,OFFIC,1325.5,16.0,1.0,1.0,16.0,0.012071
3653,JP,JP,GLASS,BEVER,1044.83,16.0,1.0,1.0,16.0,0.015313
6779,JP,JP,RUBBE,LANDT,580.75,15.0,1.0,1.0,15.0,0.025829
3211,JP,JP,FINAN,SALEM,1566.38,15.0,1.0,1.0,15.0,0.009576
7523,JP,JP,WEARI,BUSIN,416.47,15.0,1.0,1.0,15.0,0.036017
31,JP,JP,93197,EDUCA,411.11,15.0,1.0,1.0,15.0,0.036487
3064,JP,JP,FABRI,PLAST,809.98,15.0,1.0,1.0,15.0,0.018519
4349,JP,JP,LANDT,TEXTI,589.67,15.0,1.0,1.0,15.0,0.025438
5507,JP,JP,PAPER,HEALT,1070.61,15.0,1.0,1.0,15.0,0.014011
7608,JP,JP,WEARI,RESEA,422.11,15.0,1.0,1.0,15.0,0.035536
5768,JP,JP,POSTT,FURNI,1150.22,15.0,1.0,1.0,15.0,0.013041
7216,JP,JP,SUPPO,SUPPO,533.53,15.0,1.0,1.0,15.0,0.028115
1328,JP,JP,COMPU,SALEM,1263.83,15.0,1.0,1.0,15.0,0.011869
6126,JP,JP,RAILW,CONST,998.52,15.0,1.0,1.0,15.0,0.015022
4361,JP,JP,LEAD1,BASIC,681.13,15.0,1.0,1.0,15.0,0.022022
7193,JP,JP,SUPPO,PLAST,562.66,15.0,1.0,1.0,15.0,0.026659
120,JP,JP,93197,WHOLE,394.63,15.0,1.0,1.0,15.0,0.03801
5532,JP,JP,PAPER,PLAST,1068.7,15.0,1.0,1.0,15.0,0.014036
2992,JP,JP,FABRI,CHEM1,830.22,15.0,1.0,1.0,15.0,0.018068
6604,JP,JP,RESEA,TRANS,781.59,14.0,1.0,1.0,14.0,0.017912
1363,JP,JP,CONST,CHEM1,641.51,14.0,1.0,1.0,14.0,0.021824
1729,JP,JP,DISTR,RECRE,304.85,14.0,1.0,1.0,14.0,0.045924
5152,JP,JP,NONF1,ELECT,249.24,14.0,1.0,1.0,14.0,0.056171
107,JP,JP,93197,SANDC,382.5,14.0,1.0,1.0,14.0,0.036601
7277,JP,JP,TEXTI,MEMBE,484.89,14.0,1.0,1.0,14.0,0.028873
6574,JP,JP,RESEA,PAPER,760.87,14.0,1.0,1.0,14.0,0.0184
7179,JP,JP,SUPPO,NAPHT,511.79,14.0,1.0,1.0,14.0,0.027355
4315,JP,JP,LANDT,PAPER,531.49,14.0,1.0,1.0,14.0,0.026341
5134,JP,JP,NONF1,BASIC,252.47,14.0,1.0,1.0,14.0,0.055452
265,JP,JP,ALUM1,MOTO1,686.51,14.0,1.0,1.0,14.0,0.020393
4314,JP,JP,LANDT,PADDY,553.48,14.0,1.0,1.0,14.0,0.025295
3207,JP,JP,FINAN,RESEA,1471.27,14.0,1.0,1.0,14.0,0.009516
840,JP,JP,BUSIN,TRANS,970.73,14.0,1.0,1.0,14.0,0.014422
760,JP,JP,BUSIN,ELEC2,1001.15,14.0,1.0,1.0,14.0,0.013984
358,JP,JP,AUXIL,FURNI,1235.5,14.0,1.0,1.0,14.0,0.011331
3223,JP,JP,FINAN,TRANS,1503.14,14.0,1.0,1.0,14.0,0.009314
777,JP,JP,BUSIN,GLASS,974.71,14.0,1.0,1.0,14.0,0.014363
4226,JP,JP,KEROS,PUBLI,3772.53,14.0,1.0,1.0,14.0,0.003711
1263,JP,JP,COMPU,FOOD5,1163.47,14.0,1.0,1.0,14.0,0.012033
3229,JP,JP,FINAN,WOODW,1492.69,14.0,1.0,1.0,14.0,0.009379
209,JP,JP,AIRTR,PRINT,705.85,13.0,1.0,1.0,13.0,0.018418
838,JP,JP,BUSIN,TOBAC,939.46,13.0,1.0,1.0,13.0,0.013838
4300,JP,JP,LANDT,MOTO1,490.62,13.0,1.0,1.0,13.0,0.026497
3186,JP,JP,FINAN,PAPER,1362.84,13.0,1.0,1.0,13.0,0.009539
2276,JP,JP,ELEC2,PULP5,500.2,13.0,1.0,1.0,13.0,0.02599
3317,JP,JP,FOOD5,FISH5,527.56,13.0,1.0,1.0,13.0,0.024642
7619,JP,JP,WEARI,TEXTI,367.57,13.0,1.0,1.0,13.0,0.035367
4288,JP,JP,LANDT,LANDT,516.06,13.0,1.0,1.0,13.0,0.025191
6775,JP,JP,RUBBE,INSUR,505.15,13.0,1.0,1.0,13.0,0.025735
725,JP,JP,BUSIN,AIRTR,883.33,13.0,1.0,1.0,13.0,0.014717
5546,JP,JP,PAPER,RUBBE,982.9,13.0,1.0,1.0,13.0,0.013226
111,JP,JP,93197,SUPPO,344.65,13.0,1.0,1.0,13.0,0.037719
471,JP,JP,BASIC,NONME,948.72,13.0,1.0,1.0,13.0,0.013703
5836,JP,JP,POSTT,SUPPO,987.4,13.0,1.0,1.0,13.0,0.013166
5960,JP,JP,PRINT,POSTT,825.24,13.0,1.0,1.0,13.0,0.015753
5628,JP,JP,PFERT,PADDY,573.72,13.0,1.0,1.0,13.0,0.022659
3153,JP,JP,FINAN,HOTEL,1416.27,13.0,1.0,1.0,13.0,0.009179
985,JP,JP,CHEM1,FABRI,1091.31,13.0,1.0,1.0,13.0,0.011912
1035,JP,JP,CHEM1,RADIO,1093.59,13.0,1.0,1.0,13.0,0.011887
1440,JP,JP,CONST,RECRE,629.4,13.0,1.0,1.0,13.0,0.020655
268,JP,JP,ALUM1,OFFIC,625.75,13.0,1.0,1.0,13.0,0.020775
3662,JP,JP,GLASS,CONST,814.28,13.0,1.0,1.0,13.0,0.015965
5875,JP,JP,PRINT,AUXIL,811.99,13.0,1.0,1.0,13.0,0.01601
1271,JP,JP,COMPU,HOTEL,1109.78,13.0,1.0,1.0,13.0,0.011714
3215,JP,JP,FINAN,STONE,1286.69,12.0,1.0,1.0,12.0,0.009326
6017,JP,JP,PULP5,PLAST,555.5,12.0,1.0,1.0,12.0,0.021602
3428,JP,JP,FURNI,BUSIN,567.16,12.0,1.0,1.0,12.0,0.021158
5912,JP,JP,PRINT,FABRI,723.0,12.0,1.0,1.0,12.0,0.016598
5967,JP,JP,PRINT,RADIO,707.29,12.0,1.0,1.0,12.0,0.016966
58,JP,JP,93197,LANDT,317.21,12.0,1.0,1.0,12.0,0.03783
7070,JP,JP,STONE,COKEO,589.17,12.0,1.0,1.0,12.0,0.020368
3085,JP,JP,FABRI,STONE,679.42,12.0,1.0,1.0,12.0,0.017662
1431,JP,JP,CONST,POSTT,567.27,12.0,1.0,1.0,12.0,0.021154
3397,JP,JP,FOUND,FURNI,646.17,12.0,1.0,1.0,12.0,0.018571
2900,JP,JP,ELECT,ALUM1,691.98,12.0,1.0,1.0,12.0,0.017342
1685,JP,JP,DISTR,FABRI,266.33,12.0,1.0,1.0,12.0,0.045057
7163,JP,JP,SUPPO,KERO1,429.77,12.0,1.0,1.0,12.0,0.027922
5340,JP,JP,OFFIC,ELECT,733.14,12.0,1.0,1.0,12.0,0.016368
1357,JP,JP,CONST,BUSIN,577.41,12.0,1.0,1.0,12.0,0.020782
837,JP,JP,BUSIN,TEXTI,832.08,12.0,1.0,1.0,12.0,0.014422
4356,JP,JP,LANDT,WEARI,462.37,12.0,1.0,1.0,12.0,0.025953
4766,JP,JP,MEMBE,EDUCA,777.02,12.0,1.0,1.0,12.0,0.015444
767,JP,JP,BUSIN,ELECT,868.82,12.0,1.0,1.0,12.0,0.013812
2268,JP,JP,ELEC2,PLAST,478.69,12.0,1.0,1.0,12.0,0.025068
5814,JP,JP,POSTT,PRINT,903.0,12.0,1.0,1.0,12.0,0.013289
5495,JP,JP,PAPER,DAIRY,909.6,12.0,1.0,1.0,12.0,0.013193
23,JP,JP,93197,COMPU,336.24,12.0,1.0,1.0,12.0,0.035689
3701,JP,JP,GLASS,SALEM,793.68,12.0,1.0,1.0,12.0,0.015119
1550,JP,JP,DIST1,BASIC,1455.03,12.0,1.0,1.0,12.0,0.008247
755,JP,JP,BUSIN,DIST1,866.16,12.0,1.0,1.0,12.0,0.013854
6839,JP,JP,RUBBE,WEARI,464.48,12.0,1.0,1.0,12.0,0.025835
2275,JP,JP,ELEC2,PUBLI,473.75,12.0,1.0,1.0,12.0,0.02533
5924,JP,JP,PRINT,HOTEL,739.52,12.0,1.0,1.0,12.0,0.016227
456,JP,JP,BASIC,ELECT,857.75,12.0,1.0,1.0,12.0,0.01399
5488,JP,JP,PAPER,CHEM1,870.43,12.0,1.0,1.0,12.0,0.013786
3218,JP,JP,FINAN,SUPPO,1205.58,11.0,1.0,1.0,11.0,0.009124
7298,JP,JP,TEXTI,RETA1,378.08,11.0,1.0,1.0,11.0,0.029094
150,JP,JP,AIRTR,EDUCA,617.88,11.0,1.0,1.0,11.0,0.017803
6199,JP,JP,RAILW,SANDC,737.35,11.0,1.0,1.0,11.0,0.014918
7164,JP,JP,SUPPO,KEROS,414.51,11.0,1.0,1.0,11.0,0.026537
3193,JP,JP,FINAN,POSTT,1128.57,11.0,1.0,1.0,11.0,0.009747
3196,JP,JP,FINAN,PRINT,1160.5,11.0,1.0,1.0,11.0,0.009479
483,JP,JP,BASIC,SANDC,785.14,11.0,1.0,1.0,11.0,0.01401
1738,JP,JP,DISTR,TEXTI,245.06,11.0,1.0,1.0,11.0,0.044887
6558,JP,JP,RESEA,MEDIC,598.46,11.0,1.0,1.0,11.0,0.018381
5558,JP,JP,PAPER,VEGET,780.88,11.0,1.0,1.0,11.0,0.014087
5199,JP,JP,NONME,ALUM1,651.57,11.0,1.0,1.0,11.0,0.016882
4249,JP,JP,LANDT,CHEM1,421.48,11.0,1.0,1.0,11.0,0.026099
5561,JP,JP,PAPER,WOODW,779.16,11.0,1.0,1.0,11.0,0.014118
5978,JP,JP,PRINT,SANDC,656.97,11.0,1.0,1.0,11.0,0.016744
5709,JP,JP,PLAST,PLAST,492.38,11.0,1.0,1.0,11.0,0.02234
1388,JP,JP,CONST,FOOD5,513.12,11.0,1.0,1.0,11.0,0.021437
6134,JP,JP,RAILW,FINAN,738.56,11.0,1.0,1.0,11.0,0.014894
422,JP,JP,AUXIL,SANDC,949.29,11.0,1.0,1.0,11.0,0.011588
6764,JP,JP,RUBBE,FISH5,449.65,11.0,1.0,1.0,11.0,0.024463
3694,JP,JP,GLASS,RADIO,740.57,11.0,1.0,1.0,11.0,0.014853
3517,JP,JP,FURNI,SALEM,516.19,11.0,1.0,1.0,11.0,0.02131
1438,JP,JP,CONST,RADIO,500.0,11.0,1.0,1.0,11.0,0.022
1820,JP,JP,EDUCA,POSTT,578.27,11.0,1.0,1.0,11.0,0.019022
1221,JP,JP,COMPU,BASIC,964.04,11.0,1.0,1.0,11.0,0.01141
5360,JP,JP,OILSE,CATTL,245.76,11.0,1.0,1.0,11.0,0.044759
6770,JP,JP,RUBBE,GLASS,436.63,11.0,1.0,1.0,11.0,0.025193
1259,JP,JP,COMPU,FABRI,916.44,11.0,1.0,1.0,11.0,0.012003
1533,JP,JP,DAIRY,HEALT,485.05,11.0,1.0,1.0,11.0,0.022678
7551,JP,JP,WEARI,FINAN,314.77,11.0,1.0,1.0,11.0,0.034946
1032,JP,JP,CHEM1,PRINT,906.65,11.0,1.0,1.0,11.0,0.012133
1671,JP,JP,DISTR,CHEM1,248.84,11.0,1.0,1.0,11.0,0.044205
1676,JP,JP,DISTR,CONST,235.32,11.0,1.0,1.0,11.0,0.046745
4348,JP,JP,LANDT,SUPPO,429.81,11.0,1.0,1.0,11.0,0.025593
5723,JP,JP,POSTT,AUXIL,874.37,11.0,1.0,1.0,11.0,0.01258
7278,JP,JP,TEXTI,MOTO1,383.59,11.0,1.0,1.0,11.0,0.028676
6734,JP,JP,RUBBE,93197,401.51,10.0,1.0,1.0,10.0,0.024906
6495,JP,JP,RESEA,BEVER,569.37,10.0,1.0,1.0,10.0,0.017563
4340,JP,JP,LANDT,RUBBE,391.89,10.0,1.0,1.0,10.0,0.025517
6842,JP,JP,RUBBE,WOODW,401.52,10.0,1.0,1.0,10.0,0.024905
4680,JP,JP,MEATP,HEALT,203.66,10.0,1.0,1.0,10.0,0.049101
6523,JP,JP,RESEA,ELEC2,561.47,10.0,1.0,1.0,10.0,0.01781
1053,JP,JP,CHEM1,VEGET,830.35,10.0,1.0,1.0,10.0,0.012043
1766,JP,JP,EDUCA,COMPU,560.59,10.0,1.0,1.0,10.0,0.017838
3333,JP,JP,FOOD5,PAPER,403.19,10.0,1.0,1.0,10.0,0.024802
2224,JP,JP,ELEC2,DISTR,406.06,10.0,1.0,1.0,10.0,0.024627
2974,JP,JP,FABRI,93197,555.27,10.0,1.0,1.0,10.0,0.018009
5592,JP,JP,PFERT,CHEM1,409.25,10.0,1.0,1.0,10.0,0.024435
7631,JP,JP,WHEAT,FOOD5,278.61,10.0,1.0,1.0,10.0,0.035892
87,JP,JP,93197,POSTT,277.9,10.0,1.0,1.0,10.0,0.035984
1592,JP,JP,DIST1,HEALT,1183.02,10.0,1.0,1.0,10.0,0.008453
3254,JP,JP,FISHF,HEALT,428.14,10.0,1.0,1.0,10.0,0.023357
1639,JP,JP,DIST1,SALEM,1259.61,10.0,1.0,1.0,10.0,0.007939
1445,JP,JP,CONST,SEACO,458.82,10.0,1.0,1.0,10.0,0.021795
90,JP,JP,93197,PRINT,260.7,10.0,1.0,1.0,10.0,0.038358
6745,JP,JP,RUBBE,BUSIN,382.52,10.0,1.0,1.0,10.0,0.026142
784,JP,JP,BUSIN,LANDT,701.64,10.0,1.0,1.0,10.0,0.014252
4838,JP,JP,MEMBE,REALE,652.31,10.0,1.0,1.0,10.0,0.01533
500,JP,JP,BEVER,HEALT,637.02,10.0,1.0,1.0,10.0,0.015698
2171,JP,JP,ELEC1,RESEA,923.13,10.0,1.0,1.0,10.0,0.010833
5182,JP,JP,NONF1,RUBBE,176.55,10.0,1.0,1.0,10.0,0.056641
3134,JP,JP,FINAN,ELEC2,1100.38,10.0,1.0,1.0,10.0,0.009088
5738,JP,JP,POSTT,CHEM1,761.28,10.0,1.0,1.0,10.0,0.013136
3141,JP,JP,FINAN,FABRI,1084.37,10.0,1.0,1.0,10.0,0.009222
4330,JP,JP,LANDT,RADIO,373.29,10.0,1.0,1.0,10.0,0.026789
3765,JP,JP,HEAVY,CHEM1,2721.4,10.0,1.0,1.0,10.0,0.003675
2079,JP,JP,ELEC1,BASIC,865.36,10.0,1.0,1.0,10.0,0.011556
989,JP,JP,CHEM1,FOOD5,802.91,10.0,1.0,1.0,10.0,0.012455
4030,JP,JP,INSUR,REALE,585.95,10.0,1.0,1.0,10.0,0.017066
5984,JP,JP,PRINT,SUPPO,584.34,10.0,1.0,1.0,10.0,0.017113
1277,JP,JP,COMPU,LANDT,841.73,10.0,1.0,1.0,10.0,0.01188
5491,JP,JP,PAPER,COMPU,706.25,10.0,1.0,1.0,10.0,0.014159
7300,JP,JP,TEXTI,RUBBE,349.27,10.0,1.0,1.0,10.0,0.028631
3807,JP,JP,HEAVY,MOTOR,2479.13,9.0,1.0,1.0,9.0,0.00363
3953,JP,JP,INSUR,CONST,511.4,9.0,1.0,1.0,9.0,0.017599
6600,JP,JP,RESEA,TEXTI,509.29,9.0,1.0,1.0,9.0,0.017672
6324,JP,JP,RECRE,93197,350.18,9.0,1.0,1.0,9.0,0.025701
4343,JP,JP,LANDT,SEACO,363.7,9.0,1.0,1.0,9.0,0.024746
3213,JP,JP,FINAN,SEACO,942.83,9.0,1.0,1.0,9.0,0.009546
1288,JP,JP,COMPU,MOTO1,723.28,9.0,1.0,1.0,9.0,0.012443
5186,JP,JP,NONF1,TRANS,167.95,9.0,1.0,1.0,9.0,0.053587
6171,JP,JP,RAILW,OFFIC,578.99,9.0,1.0,1.0,9.0,0.015544
6537,JP,JP,RESEA,FOUND,495.38,9.0,1.0,1.0,9.0,0.018168
1724,JP,JP,DISTR,PRIVA,201.21,9.0,1.0,1.0,9.0,0.044729
4867,JP,JP,MOTO1,PUBLI,485.44,9.0,1.0,1.0,9.0,0.01854
408,JP,JP,AUXIL,PUBLI,771.08,9.0,1.0,1.0,9.0,0.011672
1027,JP,JP,CHEM1,PFERT,773.53,9.0,1.0,1.0,9.0,0.011635
2172,JP,JP,ELEC1,RETA1,778.03,9.0,1.0,1.0,9.0,0.011568
958,JP,JP,CHEM1,BUSIN,781.75,9.0,1.0,1.0,9.0,0.011513
1235,JP,JP,COMPU,CHEM1,792.27,9.0,1.0,1.0,9.0,0.01136
3088,JP,JP,FABRI,SUPPO,476.83,9.0,1.0,1.0,9.0,0.018875
7533,JP,JP,WEARI,COMPU,237.96,9.0,1.0,1.0,9.0,0.037821
2238,JP,JP,ELEC2,HOTEL,347.4,9.0,1.0,1.0,9.0,0.025907
7155,JP,JP,SUPPO,FURNI,336.95,9.0,1.0,1.0,9.0,0.02671
7435,JP,JP,TRANS,SEACO,465.68,9.0,1.0,1.0,9.0,0.019327
2253,JP,JP,ELEC2,MOTO1,338.65,9.0,1.0,1.0,9.0,0.026576
1318,JP,JP,COMPU,RADIO,760.77,9.0,1.0,1.0,9.0,0.01183
3079,JP,JP,FABRI,RETA1,469.83,9.0,1.0,1.0,9.0,0.019156
2278,JP,JP,ELEC2,RAILW,365.86,9.0,1.0,1.0,9.0,0.0246
6712,JP,JP,RETA1,RETA1,1181.1,9.0,1.0,1.0,9.0,0.00762
1727,JP,JP,DISTR,RADIO,201.6,9.0,1.0,1.0,9.0,0.044643
1667,JP,JP,DISTR,CEMEN,196.66,9.0,1.0,1.0,9.0,0.045764
870,JP,JP,CEMEN,CONST,594.21,9.0,1.0,1.0,9.0,0.015146
3105,JP,JP,FINAN,BEVER,988.41,9.0,1.0,1.0,9.0,0.009106
4859,JP,JP,MEMBE,VEGET,590.95,9.0,1.0,1.0,9.0,0.01523
5482,JP,JP,PAPER,BUSIN,650.58,9.0,1.0,1.0,9.0,0.013834
1457,JP,JP,CONST,WEARI,426.05,9.0,1.0,1.0,9.0,0.021124
1480,JP,JP,CROPS,FURNI,156.64,9.0,1.0,1.0,9.0,0.057457
1665,JP,JP,DISTR,BUSIN,190.0,9.0,1.0,1.0,9.0,0.047368
1547,JP,JP,DIST1,93197,1137.44,9.0,1.0,1.0,9.0,0.007913
6876,JP,JP,SANDC,COKEO,549.25,9.0,1.0,1.0,9.0,0.016386
5485,JP,JP,PAPER,CERAM,631.73,9.0,1.0,1.0,9.0,0.014247
6759,JP,JP,RUBBE,DAIRY,297.68,8.0,1.0,1.0,8.0,0.026874
3501,JP,JP,FURNI,POSTT,401.8,8.0,1.0,1.0,8.0,0.01991
274,JP,JP,ALUM1,RADIO,384.75,8.0,1.0,1.0,8.0,0.020793
5253,JP,JP,NONME,MOTO1,462.0,8.0,1.0,1.0,8.0,0.017316
1383,JP,JP,CONST,ELEC8,401.09,8.0,1.0,1.0,8.0,0.019946
7197,JP,JP,SUPPO,PRINT,297.32,8.0,1.0,1.0,8.0,0.026907
3493,JP,JP,FURNI,OFFIC,395.16,8.0,1.0,1.0,8.0,0.020245
7771,JP,JP,WOODW,SUPPO,389.05,8.0,1.0,1.0,8.0,0.020563
4431,JP,JP,LEATH,FURNI,244.31,8.0,1.0,1.0,8.0,0.032745
2934,JP,JP,ELECT,GLASS,454.15,8.0,1.0,1.0,8.0,0.017615
2235,JP,JP,ELEC2,FURNI,298.82,8.0,1.0,1.0,8.0,0.026772
2279,JP,JP,ELEC2,RAWMI,335.3,8.0,1.0,1.0,8.0,0.023859
2237,JP,JP,ELEC2,HEALT,300.2,8.0,1.0,1.0,8.0,0.026649
5706,JP,JP,PLAST,PAPER,365.17,8.0,1.0,1.0,8.0,0.021908
2513,JP,JP,ELEC4,RESEA,254.19,8.0,1.0,1.0,8.0,0.031473
3393,JP,JP,FOUND,ELECT,411.81,8.0,1.0,1.0,8.0,0.019426
2208,JP,JP,ELEC2,CEMEN,301.39,8.0,1.0,1.0,8.0,0.026544
4258,JP,JP,LANDT,DAIRY,303.24,8.0,1.0,1.0,8.0,0.026382
3027,JP,JP,FABRI,HOTEL,447.35,8.0,1.0,1.0,8.0,0.017883
207,JP,JP,AIRTR,POSTT,427.24,8.0,1.0,1.0,8.0,0.018725
2284,JP,JP,ELEC2,RUBBE,323.39,8.0,1.0,1.0,8.0,0.024738
3456,JP,JP,FURNI,FINAN,370.99,8.0,1.0,1.0,8.0,0.021564
6102,JP,JP,RADIO,TRANS,446.88,8.0,1.0,1.0,8.0,0.017902
6789,JP,JP,RUBBE,MEDIC,310.62,8.0,1.0,1.0,8.0,0.025755
6838,JP,JP,RUBBE,VEGET,313.79,8.0,1.0,1.0,8.0,0.025495
6505,JP,JP,RESEA,CERAM,440.62,8.0,1.0,1.0,8.0,0.018156
5930,JP,JP,PRINT,LANDT,512.91,8.0,1.0,1.0,8.0,0.015597
1713,JP,JP,DISTR,OFFIC,178.92,8.0,1.0,1.0,8.0,0.044713
479,JP,JP,BASIC,RADIO,536.81,8.0,1.0,1.0,8.0,0.014903
1327,JP,JP,COMPU,RUBBE,695.28,8.0,1.0,1.0,8.0,0.011506
5941,JP,JP,PRINT,MOTO1,513.93,8.0,1.0,1.0,8.0,0.015566
833,JP,JP,BUSIN,STONE,522.75,8.0,1.0,1.0,8.0,0.015304
5553,JP,JP,PAPER,TEXTI,582.18,8.0,1.0,1.0,8.0,0.013741
351,JP,JP,AUXIL,FABRI,698.43,8.0,1.0,1.0,8.0,0.011454
1686,JP,JP,DISTR,FINAN,183.62,8.0,1.0,1.0,8.0,0.043568
1722,JP,JP,DISTR,PRECI,182.34,8.0,1.0,1.0,8.0,0.043874
3700,JP,JP,GLASS,RUBBE,490.08,8.0,1.0,1.0,8.0,0.016324
5895,JP,JP,PRINT,CONST,471.63,8.0,1.0,1.0,8.0,0.016962
5506,JP,JP,PAPER,GLASS,571.61,8.0,1.0,1.0,8.0,0.013996
4787,JP,JP,MEMBE,HEALT,548.27,8.0,1.0,1.0,8.0,0.014591
1023,JP,JP,CHEM1,PADDY,668.1,8.0,1.0,1.0,8.0,0.011974
473,JP,JP,BASIC,OFFIC,567.36,8.0,1.0,1.0,8.0,0.0141
754,JP,JP,BUSIN,DAIRY,561.01,8.0,1.0,1.0,8.0,0.01426
3198,JP,JP,FINAN,PUBLI,804.25,8.0,1.0,1.0,8.0,0.009947
7592,JP,JP,WEARI,PAPER,212.32,8.0,1.0,1.0,8.0,0.037679
5959,JP,JP,PRINT,PLAST,487.72,8.0,1.0,1.0,8.0,0.016403
7562,JP,JP,WEARI,HOTEL,235.62,8.0,1.0,1.0,8.0,0.033953
2425,JP,JP,ELEC4,BASIC,238.28,8.0,1.0,1.0,8.0,0.033574
1726,JP,JP,DISTR,PULP5,176.35,8.0,1.0,1.0,8.0,0.045364
6053,JP,JP,RADIO,FABRI,474.92,8.0,1.0,1.0,8.0,0.016845
1587,JP,JP,DIST1,FOOD5,1009.56,8.0,1.0,1.0,8.0,0.007924
1251,JP,JP,COMPU,ELEC2,635.14,8.0,1.0,1.0,8.0,0.012596
321,JP,JP,AUXIL,BUSIN,682.46,8.0,1.0,1.0,8.0,0.011722
5779,JP,JP,POSTT,LANDT,622.83,8.0,1.0,1.0,8.0,0.012845
3171,JP,JP,FINAN,MOTO1,834.69,8.0,1.0,1.0,8.0,0.009584
5855,JP,JP,POULT,HEALT,167.35,7.0,1.0,1.0,7.0,0.041829
3131,JP,JP,FINAN,EDUCA,692.01,7.0,1.0,1.0,7.0,0.010115
4327,JP,JP,LANDT,PROCE,284.82,7.0,1.0,1.0,7.0,0.024577
4221,JP,JP,KEROS,MOTOR,1880.6,7.0,1.0,1.0,7.0,0.003722
3043,JP,JP,FABRI,MEDIC,359.67,7.0,1.0,1.0,7.0,0.019462
6559,JP,JP,RESEA,MEMBE,358.7,7.0,1.0,1.0,7.0,0.019515
98,JP,JP,93197,REALE,201.92,7.0,1.0,1.0,7.0,0.034667
950,JP,JP,CHEM1,BASIC,560.23,7.0,1.0,1.0,7.0,0.012495
5238,JP,JP,NONME,FOUND,394.51,7.0,1.0,1.0,7.0,0.017744
96,JP,JP,93197,RAILW,191.38,7.0,1.0,1.0,7.0,0.036576
5822,JP,JP,POSTT,RECRE,573.91,7.0,1.0,1.0,7.0,0.012197
3302,JP,JP,FOOD5,93197,286.71,7.0,1.0,1.0,7.0,0.024415
6,JP,JP,93197,BASIC,194.68,7.0,1.0,1.0,7.0,0.035956
2285,JP,JP,ELEC2,SALEM,288.85,7.0,1.0,1.0,7.0,0.024234
7568,JP,JP,WEARI,LANDT,182.51,7.0,1.0,1.0,7.0,0.038354
6773,JP,JP,RUBBE,HOTEL,291.27,7.0,1.0,1.0,7.0,0.024033
4259,JP,JP,LANDT,DIST1,291.63,7.0,1.0,1.0,7.0,0.024003
3303,JP,JP,FOOD5,ANIMA,294.72,7.0,1.0,1.0,7.0,0.023751
3123,JP,JP,FINAN,COMPU,732.51,7.0,1.0,1.0,7.0,0.009556
418,JP,JP,AUXIL,RETA1,622.12,7.0,1.0,1.0,7.0,0.011252
1222,JP,JP,COMPU,BEVER,582.86,7.0,1.0,1.0,7.0,0.01201
3380,JP,JP,FORES,PULP5,53.04,7.0,1.0,1.0,7.0,0.131976
327,JP,JP,AUXIL,CHEM1,609.12,7.0,1.0,1.0,7.0,0.011492
5867,JP,JP,PREC1,PREC1,382.67,7.0,1.0,1.0,7.0,0.018293
3631,JP,JP,GASDI,SANDC,1958.34,7.0,1.0,1.0,7.0,0.003574
1051,JP,JP,CHEM1,TRANS,553.29,7.0,1.0,1.0,7.0,0.012652
4056,JP,JP,INSUR,WHOLE,430.28,7.0,1.0,1.0,7.0,0.016268
4307,JP,JP,LANDT,NONFE,255.88,7.0,1.0,1.0,7.0,0.027357
5800,JP,JP,POSTT,OFFIC,531.43,7.0,1.0,1.0,7.0,0.013172
1411,JP,JP,CONST,MOTO1,334.84,7.0,1.0,1.0,7.0,0.020906
6763,JP,JP,RUBBE,FINAN,265.35,7.0,1.0,1.0,7.0,0.02638
7470,JP,JP,VEGET,93197,170.05,7.0,1.0,1.0,7.0,0.041164
18,JP,JP,93197,CHEM1,176.57,7.0,1.0,1.0,7.0,0.039644
1572,JP,JP,DIST1,EDUCA,914.43,7.0,1.0,1.0,7.0,0.007655
3182,JP,JP,FINAN,OFFIC,763.47,7.0,1.0,1.0,7.0,0.009169
3475,JP,JP,FURNI,LEATH,338.64,7.0,1.0,1.0,7.0,0.020671
6038,JP,JP,RADIO,COMPU,404.37,7.0,1.0,1.0,7.0,0.017311
6220,JP,JP,REALE,93197,4264.96,7.0,1.0,1.0,7.0,0.001641
6107,JP,JP,RAILW,93197,458.14,7.0,1.0,1.0,7.0,0.015279
4791,JP,JP,MEMBE,INSUR,482.13,7.0,1.0,1.0,7.0,0.014519
6195,JP,JP,RAILW,RETA1,459.79,7.0,1.0,1.0,7.0,0.015224
829,JP,JP,BUSIN,SALEM,477.97,7.0,1.0,1.0,7.0,0.014645
1477,JP,JP,CROPS,CROPS,119.32,7.0,1.0,1.0,7.0,0.058666
5695,JP,JP,PLAST,CHEM1,340.63,7.0,1.0,1.0,7.0,0.02055
5239,JP,JP,NONME,FURNI,431.11,7.0,1.0,1.0,7.0,0.016237
42,JP,JP,93197,FINAN,186.38,7.0,1.0,1.0,7.0,0.037558
3518,JP,JP,FURNI,SANDC,331.67,7.0,1.0,1.0,7.0,0.021105
7604,JP,JP,WEARI,RADIO,181.95,7.0,1.0,1.0,7.0,0.038472
2225,JP,JP,ELEC2,EDUCA,282.62,7.0,1.0,1.0,7.0,0.024768
2514,JP,JP,ELEC4,RETA1,214.24,7.0,1.0,1.0,7.0,0.032674
1772,JP,JP,EDUCA,EDUCA,354.78,7.0,1.0,1.0,7.0,0.019731
3785,JP,JP,HEAVY,GASDI,1795.66,7.0,1.0,1.0,7.0,0.003898
1745,JP,JP,DISTR,WEARI,144.81,7.0,1.0,1.0,7.0,0.048339
4650,JP,JP,MEAT1,MEAT1,142.82,7.0,1.0,1.0,7.0,0.049013
6606,JP,JP,RESEA,WEARI,354.31,7.0,1.0,1.0,7.0,0.019757
4333,JP,JP,LANDT,REALE,270.0,7.0,1.0,1.0,7.0,0.025926
3977,JP,JP,INSUR,FURNI,418.85,7.0,1.0,1.0,7.0,0.016712
5496,JP,JP,PAPER,EDUCA,544.55,7.0,1.0,1.0,7.0,0.012855
6577,JP,JP,RESEA,PFERT,354.3,7.0,1.0,1.0,7.0,0.019757
1434,JP,JP,CONST,PRINT,327.84,7.0,1.0,1.0,7.0,0.021352
2292,JP,JP,ELEC2,SUPPO,267.62,7.0,1.0,1.0,7.0,0.026156
3414,JP,JP,FOUND,TRANS,315.4,6.0,1.0,1.0,6.0,0.019023
5976,JP,JP,PRINT,RUBBE,339.28,6.0,1.0,1.0,6.0,0.017685
6513,JP,JP,RESEA,CONST,319.89,6.0,1.0,1.0,6.0,0.018756
3082,JP,JP,FABRI,SALEM,319.19,6.0,1.0,1.0,6.0,0.018798
3396,JP,JP,FOUND,FOUND,329.13,6.0,1.0,1.0,6.0,0.01823
1492,JP,JP,CROPS,POULT,99.02,6.0,1.0,1.0,6.0,0.060594
4232,JP,JP,LANDT,ALUM1,241.12,6.0,1.0,1.0,6.0,0.024884
6566,JP,JP,RESEA,NONF1,308.05,6.0,1.0,1.0,6.0,0.019477
7112,JP,JP,SUPPO,ALUM1,218.52,6.0,1.0,1.0,6.0,0.027457
5712,JP,JP,PLAST,RADIO,267.48,6.0,1.0,1.0,6.0,0.022432
2266,JP,JP,ELEC2,PIGS9,221.1,6.0,1.0,1.0,6.0,0.027137
1694,JP,JP,DISTR,INSUR,131.84,6.0,1.0,1.0,6.0,0.04551
2293,JP,JP,ELEC2,TEXTI,225.77,6.0,1.0,1.0,6.0,0.026576
1499,JP,JP,CROPS,RETA1,109.57,6.0,1.0,1.0,6.0,0.05476
6739,JP,JP,RUBBE,BASIC,226.12,6.0,1.0,1.0,6.0,0.026535
1660,JP,JP,DISTR,BEVER,130.51,6.0,1.0,1.0,6.0,0.045973
1463,JP,JP,COPP1,FOUND,230.07,6.0,1.0,1.0,6.0,0.026079
2212,JP,JP,ELEC2,CHEM1,230.18,6.0,1.0,1.0,6.0,0.026067
5607,JP,JP,PFERT,ELEC8,255.5,6.0,1.0,1.0,6.0,0.023483
4255,JP,JP,LANDT,COPP1,231.14,6.0,1.0,1.0,6.0,0.025958
4273,JP,JP,LANDT,FISH5,232.6,6.0,1.0,1.0,6.0,0.025795
4264,JP,JP,LANDT,ELEC2,235.06,6.0,1.0,1.0,6.0,0.025525
2228,JP,JP,ELEC2,FABRI,245.37,6.0,1.0,1.0,6.0,0.024453
2216,JP,JP,ELEC2,COKEO,237.92,6.0,1.0,1.0,6.0,0.025219
4648,JP,JP,MEAT1,HEALT,136.8,6.0,1.0,1.0,6.0,0.04386
7297,JP,JP,TEXTI,RESEA,216.64,6.0,1.0,1.0,6.0,0.027696
134,JP,JP,AIRTR,BUSIN,306.68,6.0,1.0,1.0,6.0,0.019564
1421,JP,JP,CONST,OFFIC,273.98,6.0,1.0,1.0,6.0,0.021899
3024,JP,JP,FABRI,GLASS,305.33,6.0,1.0,1.0,6.0,0.019651
6518,JP,JP,RESEA,DIST1,304.88,6.0,1.0,1.0,6.0,0.01968
69,JP,JP,93197,MOTO1,157.95,6.0,1.0,1.0,6.0,0.037987
4455,JP,JP,LEATH,POSTT,199.02,6.0,1.0,1.0,6.0,0.030148
4672,JP,JP,MEATC,HEALT,200.48,6.0,1.0,1.0,6.0,0.029928
1379,JP,JP,CONST,ELEC4,289.96,6.0,1.0,1.0,6.0,0.020693
3469,JP,JP,FURNI,INSUR,289.51,6.0,1.0,1.0,6.0,0.020725
5154,JP,JP,NONF1,FOUND,103.3,6.0,1.0,1.0,6.0,0.058083
1482,JP,JP,CROPS,HOTEL,104.99,6.0,1.0,1.0,6.0,0.057148
1350,JP,JP,CONST,AUXIL,284.82,6.0,1.0,1.0,6.0,0.021066
6241,JP,JP,REALE,COMPU,3728.0,6.0,1.0,1.0,6.0,0.001609
7421,JP,JP,TRAN2,TRAN2,283.65,6.0,1.0,1.0,6.0,0.021153
7209,JP,JP,SUPPO,RUBBE,210.28,6.0,1.0,1.0,6.0,0.028533
1352,JP,JP,CONST,BEVER,283.18,6.0,1.0,1.0,6.0,0.021188
3511,JP,JP,FURNI,RECRE,281.99,6.0,1.0,1.0,6.0,0.021277
3095,JP,JP,FABRI,WEARI,341.47,6.0,1.0,1.0,6.0,0.017571
4045,JP,JP,INSUR,SUPPO,331.14,6.0,1.0,1.0,6.0,0.018119
3200,JP,JP,FINAN,RADIO,614.68,6.0,1.0,1.0,6.0,0.009761
1303,JP,JP,COMPU,PAPER,543.81,6.0,1.0,1.0,6.0,0.011033
726,JP,JP,BUSIN,ALUM1,403.31,6.0,1.0,1.0,6.0,0.014877
5992,JP,JP,PRINT,WEARI,385.9,6.0,1.0,1.0,6.0,0.015548
1034,JP,JP,CHEM1,PULP5,454.79,6.0,1.0,1.0,6.0,0.013193
914,JP,JP,CERAM,HOTEL,408.55,6.0,1.0,1.0,6.0,0.014686
5539,JP,JP,PAPER,RADIO,454.08,6.0,1.0,1.0,6.0,0.013214
6197,JP,JP,RAILW,RUBBE,382.39,6.0,1.0,1.0,6.0,0.015691
5500,JP,JP,PAPER,FISH5,410.45,6.0,1.0,1.0,6.0,0.014618
5810,JP,JP,POSTT,PLAST,452.02,6.0,1.0,1.0,6.0,0.013274
6140,JP,JP,RAILW,FURNI,382.17,6.0,1.0,1.0,6.0,0.0157
421,JP,JP,AUXIL,SALEM,521.18,6.0,1.0,1.0,6.0,0.011512
4821,JP,JP,MEMBE,PAPER,381.13,6.0,1.0,1.0,6.0,0.015743
401,JP,JP,AUXIL,PLAST,555.51,6.0,1.0,1.0,6.0,0.010801
5877,JP,JP,PRINT,BEVER,369.08,6.0,1.0,1.0,6.0,0.016257
5492,JP,JP,PAPER,CONST,437.32,6.0,1.0,1.0,6.0,0.01372
774,JP,JP,BUSIN,FOUND,435.52,6.0,1.0,1.0,6.0,0.013777
4789,JP,JP,MEMBE,HOTEL,428.18,6.0,1.0,1.0,6.0,0.014013
3669,JP,JP,GLASS,FOOD5,377.84,6.0,1.0,1.0,6.0,0.01588
6144,JP,JP,RAILW,HOTEL,372.78,6.0,1.0,1.0,6.0,0.016095
3659,JP,JP,GLASS,CHEM1,396.02,6.0,1.0,1.0,6.0,0.015151
3568,JP,JP,GASDI,FISHF,1625.67,6.0,1.0,1.0,6.0,0.003691
1609,JP,JP,DIST1,MOTO1,731.12,6.0,1.0,1.0,6.0,0.008207
5821,JP,JP,POSTT,REALE,469.82,6.0,1.0,1.0,6.0,0.012771
786,JP,JP,BUSIN,LEATH,391.46,6.0,1.0,1.0,6.0,0.015327
770,JP,JP,BUSIN,FISH5,389.57,6.0,1.0,1.0,6.0,0.015402
381,JP,JP,AUXIL,MOTO1,485.06,6.0,1.0,1.0,6.0,0.01237
1628,JP,JP,DIST1,PUBLI,740.7,6.0,1.0,1.0,6.0,0.0081
4749,JP,JP,MEMBE,BUSIN,389.43,6.0,1.0,1.0,6.0,0.015407
5210,JP,JP,NONME,CERAM,388.1,6.0,1.0,1.0,6.0,0.01546
143,JP,JP,AIRTR,COMPU,348.37,6.0,1.0,1.0,6.0,0.017223
5761,JP,JP,POSTT,FABRI,500.76,6.0,1.0,1.0,6.0,0.011982
2979,JP,JP,FABRI,BASIC,350.48,6.0,1.0,1.0,6.0,0.017119
5899,JP,JP,PRINT,DAIRY,348.53,6.0,1.0,1.0,6.0,0.017215
5559,JP,JP,PAPER,WEARI,468.55,6.0,1.0,1.0,6.0,0.012805
5831,JP,JP,POSTT,SEACO,457.7,6.0,1.0,1.0,6.0,0.013109
2944,JP,JP,ELECT,MEDIC,285.68,5.0,1.0,1.0,5.0,0.017502
170,JP,JP,AIRTR,HEALT,278.39,5.0,1.0,1.0,5.0,0.01796
7157,JP,JP,SUPPO,GLASS,195.15,5.0,1.0,1.0,5.0,0.025621
7187,JP,JP,SUPPO,PAPER,200.68,5.0,1.0,1.0,5.0,0.024915
1759,JP,JP,EDUCA,BUSIN,284.29,5.0,1.0,1.0,5.0,0.017588
1747,JP,JP,DISTR,WOODW,106.22,5.0,1.0,1.0,5.0,0.047072
6517,JP,JP,RESEA,DAIRY,283.25,5.0,1.0,1.0,5.0,0.017652
3101,JP,JP,FINAN,ALUM1,571.32,5.0,1.0,1.0,5.0,0.008752
5876,JP,JP,PRINT,BASIC,280.81,5.0,1.0,1.0,5.0,0.017806
4290,JP,JP,LANDT,LEATH,199.56,5.0,1.0,1.0,5.0,0.025055
3367,JP,JP,FORES,HEALT,37.26,5.0,1.0,1.0,5.0,0.134192
3725,JP,JP,HEALT,EDUCA,154.0,5.0,1.0,1.0,5.0,0.032468
1825,JP,JP,EDUCA,RAILW,282.78,5.0,1.0,1.0,5.0,0.017682
5233,JP,JP,NONME,FABRI,282.7,5.0,1.0,1.0,5.0,0.017687
4701,JP,JP,MEDIC,ELECT,285.61,5.0,1.0,1.0,5.0,0.017506
5751,JP,JP,POSTT,EDUCA,397.36,5.0,1.0,1.0,5.0,0.012583
355,JP,JP,AUXIL,FOOD5,399.49,5.0,1.0,1.0,5.0,0.012516
2913,JP,JP,ELECT,COKEO,261.34,5.0,1.0,1.0,5.0,0.019132
3005,JP,JP,FABRI,EDUCA,271.82,5.0,1.0,1.0,5.0,0.018395
2949,JP,JP,ELECT,NONF1,271.07,5.0,1.0,1.0,5.0,0.018445
3150,JP,JP,FINAN,GLASS,484.31,5.0,1.0,1.0,5.0,0.010324
266,JP,JP,ALUM1,NONF1,233.6,5.0,1.0,1.0,5.0,0.021404
1711,JP,JP,DISTR,NONME,118.21,5.0,1.0,1.0,5.0,0.042298
2148,JP,JP,ELEC1,PAPER,475.42,5.0,1.0,1.0,5.0,0.010517
2176,JP,JP,ELEC1,SANDC,475.14,5.0,1.0,1.0,5.0,0.010523
7550,JP,JP,WEARI,FABRI,127.12,5.0,1.0,1.0,5.0,0.039333
3125,JP,JP,FINAN,COPP1,501.83,5.0,1.0,1.0,5.0,0.009964
1393,JP,JP,CONST,GLASS,228.19,5.0,1.0,1.0,5.0,0.021912
7570,JP,JP,WEARI,LEATH,129.93,5.0,1.0,1.0,5.0,0.038482
4215,JP,JP,KEROS,GASDI,1362.14,5.0,1.0,1.0,5.0,0.003671
3408,JP,JP,FOUND,RADIO,247.98,5.0,1.0,1.0,5.0,0.020163
3617,JP,JP,GASDI,PUBLI,1289.11,5.0,1.0,1.0,5.0,0.003879
1819,JP,JP,EDUCA,PLAST,249.18,5.0,1.0,1.0,5.0,0.020066
4379,JP,JP,LEAD1,NONF1,219.66,5.0,1.0,1.0,5.0,0.022762
3035,JP,JP,FABRI,LEATH,249.9,5.0,1.0,1.0,5.0,0.020008
6012,JP,JP,PULP5,FURNI,250.25,5.0,1.0,1.0,5.0,0.01998
6490,JP,JP,RESEA,ALUM1,251.01,5.0,1.0,1.0,5.0,0.01992
7607,JP,JP,WEARI,RECRE,137.97,5.0,1.0,1.0,5.0,0.03624
7588,JP,JP,WEARI,OFFIC,139.34,5.0,1.0,1.0,5.0,0.035883
6601,JP,JP,RESEA,TOBAC,254.88,5.0,1.0,1.0,5.0,0.019617
2218,JP,JP,ELEC2,CONST,216.8,5.0,1.0,1.0,5.0,0.023063
1066,JP,JP,CHEMI,FURNI,255.56,5.0,1.0,1.0,5.0,0.019565
6586,JP,JP,RESEA,RAILW,256.35,5.0,1.0,1.0,5.0,0.019505
1460,JP,JP,CONST,WOODW,215.66,5.0,1.0,1.0,5.0,0.023185
1636,JP,JP,DIST1,RETA1,609.8,5.0,1.0,1.0,5.0,0.008199
3328,JP,JP,FOOD5,MEATC,211.46,5.0,1.0,1.0,5.0,0.023645
2989,JP,JP,FABRI,CERAM,265.31,5.0,1.0,1.0,5.0,0.018846
3017,JP,JP,FABRI,FISH5,267.64,5.0,1.0,1.0,5.0,0.018682
1489,JP,JP,CROPS,PFERT,84.48,5.0,1.0,1.0,5.0,0.059186
4306,JP,JP,LANDT,NONF1,195.09,5.0,1.0,1.0,5.0,0.025629
3845,JP,JP,HEAVY,SEACO,1372.72,5.0,1.0,1.0,5.0,0.003642
1296,JP,JP,COMPU,NONME,390.14,5.0,1.0,1.0,5.0,0.012816
6179,JP,JP,RAILW,PLAST,313.51,5.0,1.0,1.0,5.0,0.015948
6315,JP,JP,REALE,SUPPO,2790.03,5.0,1.0,1.0,5.0,0.001792
794,JP,JP,BUSIN,MEDIC,375.23,5.0,1.0,1.0,5.0,0.013325
5499,JP,JP,PAPER,FINAN,330.72,5.0,1.0,1.0,5.0,0.015119
4784,JP,JP,MEMBE,FURNI,308.7,5.0,1.0,1.0,5.0,0.016197
5190,JP,JP,NONFE,CHEM1,52.03,5.0,1.0,1.0,5.0,0.096098
481,JP,JP,BASIC,RUBBE,326.66,5.0,1.0,1.0,5.0,0.015306
846,JP,JP,BUSIN,WOODW,326.6,5.0,1.0,1.0,5.0,0.015309
4836,JP,JP,MEMBE,RAILW,325.2,5.0,1.0,1.0,5.0,0.015375
6187,JP,JP,RAILW,RADIO,324.56,5.0,1.0,1.0,5.0,0.015405
7177,JP,JP,SUPPO,MOTO1,188.69,5.0,1.0,1.0,5.0,0.026498
911,JP,JP,CERAM,FURNI,347.22,5.0,1.0,1.0,5.0,0.0144
3941,JP,JP,INSUR,BUSIN,289.05,5.0,1.0,1.0,5.0,0.017298
2277,JP,JP,ELEC2,RADIO,185.74,5.0,1.0,1.0,5.0,0.026919
5140,JP,JP,NONF1,CONST,90.67,5.0,1.0,1.0,5.0,0.055145
6306,JP,JP,REALE,RETA1,2776.3,5.0,1.0,1.0,5.0,0.001801
6183,JP,JP,RAILW,PRINT,317.78,5.0,1.0,1.0,5.0,0.015734
3974,JP,JP,INSUR,FOOD5,317.85,5.0,1.0,1.0,5.0,0.015731
6110,JP,JP,RAILW,AUXIL,320.84,5.0,1.0,1.0,5.0,0.015584
756,JP,JP,BUSIN,DISTR,318.06,5.0,1.0,1.0,5.0,0.01572
2207,JP,JP,ELEC2,CATTL,187.68,5.0,1.0,1.0,5.0,0.026641
1723,JP,JP,DISTR,PRINT,102.75,5.0,1.0,1.0,5.0,0.048662
4276,JP,JP,LANDT,FOUND,182.1,5.0,1.0,1.0,5.0,0.027457
5241,JP,JP,NONME,GLASS,302.5,5.0,1.0,1.0,5.0,0.016529
5508,JP,JP,PAPER,HOTEL,382.73,5.0,1.0,1.0,5.0,0.013064
3348,JP,JP,FOOD5,VEGE1,192.85,5.0,1.0,1.0,5.0,0.025927
6519,JP,JP,RESEA,DISTR,291.31,5.0,1.0,1.0,5.0,0.017164
5171,JP,JP,NONF1,NONME,87.48,5.0,1.0,1.0,5.0,0.057156
3933,JP,JP,INSUR,BASIC,292.75,5.0,1.0,1.0,5.0,0.017079
6150,JP,JP,RAILW,LANDT,292.83,5.0,1.0,1.0,5.0,0.017075
6593,JP,JP,RESEA,SALEM,293.47,5.0,1.0,1.0,5.0,0.017038
3707,JP,JP,GLASS,TRANS,294.46,5.0,1.0,1.0,5.0,0.01698
1478,JP,JP,CROPS,EDUCA,92.54,5.0,1.0,1.0,5.0,0.054031
4466,JP,JP,LEATH,RESEA,156.54,5.0,1.0,1.0,5.0,0.031941
4053,JP,JP,INSUR,WEARI,296.72,5.0,1.0,1.0,5.0,0.016851
4674,JP,JP,MEATC,MEATC,157.84,5.0,1.0,1.0,5.0,0.031678
2914,JP,JP,ELECT,COPP1,299.33,5.0,1.0,1.0,5.0,0.016704
7168,JP,JP,SUPPO,LIQUE,176.53,5.0,1.0,1.0,5.0,0.028324
122,JP,JP,AIRTR,93197,301.4,5.0,1.0,1.0,5.0,0.016589
6133,JP,JP,RAILW,FABRI,299.82,5.0,1.0,1.0,5.0,0.016677
6610,JP,JP,RETA1,93197,670.82,5.0,1.0,1.0,5.0,0.007454
5071,JP,JP,NATUR,SALEM,173.68,4.0,1.0,1.0,4.0,0.023031
272,JP,JP,ALUM1,PRINT,183.64,4.0,1.0,1.0,4.0,0.021782
2226,JP,JP,ELEC2,ELEC2,174.19,4.0,1.0,1.0,4.0,0.022963
6650,JP,JP,RETA1,FINAN,542.17,4.0,1.0,1.0,4.0,0.007378
900,JP,JP,CERAM,CERAM,234.79,4.0,1.0,1.0,4.0,0.017037
2261,JP,JP,ELEC2,OFFIC,164.83,4.0,1.0,1.0,4.0,0.024267
1453,JP,JP,CONST,TRAN1,173.83,4.0,1.0,1.0,4.0,0.023011
1481,JP,JP,CROPS,HEALT,61.49,4.0,1.0,1.0,4.0,0.065051
3312,JP,JP,FOOD5,CHEM1,169.32,4.0,1.0,1.0,4.0,0.023624
1565,JP,JP,DIST1,CONST,513.27,4.0,1.0,1.0,4.0,0.007793
2283,JP,JP,ELEC2,RETAI,169.3,4.0,1.0,1.0,4.0,0.023627
6639,JP,JP,RETA1,EDUCA,538.58,4.0,1.0,1.0,4.0,0.007427
2243,JP,JP,ELEC2,LEAD1,169.01,4.0,1.0,1.0,4.0,0.023667
7428,JP,JP,TRANS,FISHF,218.92,4.0,1.0,1.0,4.0,0.018272
1490,JP,JP,CROPS,PIGS9,64.41,4.0,1.0,1.0,4.0,0.062102
4331,JP,JP,LANDT,RAILW,168.56,4.0,1.0,1.0,4.0,0.02373
7605,JP,JP,WEARI,RAILW,121.34,4.0,1.0,1.0,4.0,0.032965
1456,JP,JP,CONST,VEGET,182.32,4.0,1.0,1.0,4.0,0.021939
220,JP,JP,AIRTR,RETA1,229.3,4.0,1.0,1.0,4.0,0.017444
3711,JP,JP,GLASS,WOODW,228.95,4.0,1.0,1.0,4.0,0.017471
5136,JP,JP,NONF1,CERAM,77.33,4.0,1.0,1.0,4.0,0.051726
7207,JP,JP,SUPPO,RETA1,138.45,4.0,1.0,1.0,4.0,0.028891
1384,JP,JP,CONST,ELECT,182.59,4.0,1.0,1.0,4.0,0.021907
4046,JP,JP,INSUR,TEXTI,231.71,4.0,1.0,1.0,4.0,0.017263
2490,JP,JP,ELEC4,PAPER,130.91,4.0,1.0,1.0,4.0,0.030555
2518,JP,JP,ELEC4,SANDC,130.83,4.0,1.0,1.0,4.0,0.030574
1472,JP,JP,CROPS,BEVER,63.23,4.0,1.0,1.0,4.0,0.063261
6180,JP,JP,RAILW,POSTT,227.57,4.0,1.0,1.0,4.0,0.017577
3929,JP,JP,INSUR,AIRTR,213.71,4.0,1.0,1.0,4.0,0.018717
6819,JP,JP,RUBBE,REALE,139.89,4.0,1.0,1.0,4.0,0.028594
6798,JP,JP,RUBBE,NONME,152.62,4.0,1.0,1.0,4.0,0.026209
3459,JP,JP,FURNI,FOOD5,202.6,4.0,1.0,1.0,4.0,0.019743
2302,JP,JP,ELEC2,WHOLE,160.02,4.0,1.0,1.0,4.0,0.024997
240,JP,JP,ALUM1,BEVER,191.05,4.0,1.0,1.0,4.0,0.020937
1348,JP,JP,CONST,ALUM1,202.19,4.0,1.0,1.0,4.0,0.019783
281,JP,JP,ALUM1,TRANS,191.11,4.0,1.0,1.0,4.0,0.02093
6582,JP,JP,RESEA,PRINT,201.48,4.0,1.0,1.0,4.0,0.019853
4940,JP,JP,MOTOR,RESEA,1166.71,4.0,1.0,1.0,4.0,0.003428
3251,JP,JP,FISHF,FISHF,157.88,4.0,1.0,1.0,4.0,0.025336
144,JP,JP,AIRTR,CONST,205.0,4.0,1.0,1.0,4.0,0.019512
3534,JP,JP,FURNI,WOODW,198.62,4.0,1.0,1.0,4.0,0.020139
7779,JP,JP,WOODW,WHOLE,191.86,4.0,1.0,1.0,4.0,0.020849
637,JP,JP,BITUM,GLASS,198.03,4.0,1.0,1.0,4.0,0.020199
4736,JP,JP,MEMBE,93197,235.01,4.0,1.0,1.0,4.0,0.017021
239,JP,JP,ALUM1,BASIC,196.82,4.0,1.0,1.0,4.0,0.020323
7152,JP,JP,SUPPO,FOOD5,156.44,4.0,1.0,1.0,4.0,0.025569
6820,JP,JP,RUBBE,RECRE,154.45,4.0,1.0,1.0,4.0,0.025898
3605,JP,JP,GASDI,PADDY,1178.29,4.0,1.0,1.0,4.0,0.003395
1468,JP,JP,COPP1,NONF1,149.45,4.0,1.0,1.0,4.0,0.026765
3524,JP,JP,FURNI,SUPPO,218.19,4.0,1.0,1.0,4.0,0.018333
1454,JP,JP,CONST,TRANS,188.72,4.0,1.0,1.0,4.0,0.021195
249,JP,JP,ALUM1,ELECT,217.06,4.0,1.0,1.0,4.0,0.018428
3235,JP,JP,FISH5,FISHF,162.41,4.0,1.0,1.0,4.0,0.024629
6407,JP,JP,RECRE,PRINT,162.39,4.0,1.0,1.0,4.0,0.024632
6503,JP,JP,RESEA,BUSIN,214.67,4.0,1.0,1.0,4.0,0.018633
2195,JP,JP,ELEC2,93197,174.56,4.0,1.0,1.0,4.0,0.022915
4270,JP,JP,LANDT,ELECT,146.83,4.0,1.0,1.0,4.0,0.027242
6084,JP,JP,RADIO,PRINT,211.72,4.0,1.0,1.0,4.0,0.018893
1451,JP,JP,CONST,TEXTI,210.17,4.0,1.0,1.0,4.0,0.019032
1072,JP,JP,CHEMI,NONME,207.96,4.0,1.0,1.0,4.0,0.019234
7184,JP,JP,SUPPO,OFFIC,161.29,4.0,1.0,1.0,4.0,0.0248
3059,JP,JP,FABRI,PAPER,209.87,4.0,1.0,1.0,4.0,0.019059
4371,JP,JP,LEAD1,FOUND,189.54,4.0,1.0,1.0,4.0,0.021104
6871,JP,JP,SANDC,CEMEN,209.63,4.0,1.0,1.0,4.0,0.019081
1373,JP,JP,CONST,DISTR,208.89,4.0,1.0,1.0,4.0,0.019149
4040,JP,JP,INSUR,SEACO,208.44,4.0,1.0,1.0,4.0,0.01919
4279,JP,JP,LANDT,GLASS,160.98,4.0,1.0,1.0,4.0,0.024848
1734,JP,JP,DISTR,STONE,95.11,4.0,1.0,1.0,4.0,0.042057
1359,JP,JP,CONST,CEMEN,174.75,4.0,1.0,1.0,4.0,0.02289
742,JP,JP,BUSIN,CERAM,262.35,4.0,1.0,1.0,4.0,0.015247
5481,JP,JP,PAPER,BRICK,266.62,4.0,1.0,1.0,4.0,0.015003
305,JP,JP,ANIMA,TEXTI,109.56,4.0,1.0,1.0,4.0,0.03651
4759,JP,JP,MEMBE,COMPU,262.47,4.0,1.0,1.0,4.0,0.01524
7559,JP,JP,WEARI,GLASS,102.31,4.0,1.0,1.0,4.0,0.039097
1696,JP,JP,DISTR,LEAD1,83.95,4.0,1.0,1.0,4.0,0.047647
332,JP,JP,AUXIL,COMPU,372.44,4.0,1.0,1.0,4.0,0.01074
855,JP,JP,CATTL,PFERT,109.8,4.0,1.0,1.0,4.0,0.03643
2162,JP,JP,ELEC1,PUBLI,328.63,4.0,1.0,1.0,4.0,0.012172
4020,JP,JP,INSUR,POSTT,259.91,4.0,1.0,1.0,4.0,0.01539
395,JP,JP,AUXIL,PAPER,330.14,4.0,1.0,1.0,4.0,0.012116
313,JP,JP,AUXIL,BASIC,352.95,4.0,1.0,1.0,4.0,0.011333
913,JP,JP,CERAM,HEALT,258.22,4.0,1.0,1.0,4.0,0.015491
5914,JP,JP,PRINT,FISH5,256.08,4.0,1.0,1.0,4.0,0.01562
3155,JP,JP,FINAN,INSUR,453.25,4.0,1.0,1.0,4.0,0.008825
7442,JP,JP,VEGE1,CHEM1,106.84,4.0,1.0,1.0,4.0,0.037439
2876,JP,JP,ELEC8,RESEA,255.06,4.0,1.0,1.0,4.0,0.015683
7469,JP,JP,VEGE1,VEGE1,108.6,4.0,1.0,1.0,4.0,0.036832
6257,JP,JP,REALE,FINAN,2228.65,4.0,1.0,1.0,4.0,0.001795
78,JP,JP,93197,OFFIC,110.64,4.0,1.0,1.0,4.0,0.036153
984,JP,JP,CHEM1,ELECT,311.61,4.0,1.0,1.0,4.0,0.012837
7615,JP,JP,WEARI,STONE,107.22,4.0,1.0,1.0,4.0,0.037306
4795,JP,JP,MEMBE,LANDT,272.65,4.0,1.0,1.0,4.0,0.014671
5474,JP,JP,PAPER,93197,272.38,4.0,1.0,1.0,4.0,0.014685
1041,JP,JP,CHEM1,RETA1,357.94,4.0,1.0,1.0,4.0,0.011175
7516,JP,JP,WEARI,BASIC,107.48,4.0,1.0,1.0,4.0,0.037216
298,JP,JP,ANIMA,PFERT,90.88,4.0,1.0,1.0,4.0,0.044014
4831,JP,JP,MEMBE,PRINT,269.83,4.0,1.0,1.0,4.0,0.014824
1321,JP,JP,COMPU,REALE,320.51,4.0,1.0,1.0,4.0,0.01248
7587,JP,JP,WEARI,NONME,107.53,4.0,1.0,1.0,4.0,0.037199
5828,JP,JP,POSTT,RUBBE,282.0,4.0,1.0,1.0,4.0,0.014184
801,JP,JP,BUSIN,NONF1,268.58,4.0,1.0,1.0,4.0,0.014893
4814,JP,JP,MEMBE,NONME,268.21,4.0,1.0,1.0,4.0,0.014914
2108,JP,JP,ELEC1,FOOD5,365.42,4.0,1.0,1.0,4.0,0.010946
5819,JP,JP,POSTT,RAILW,314.8,4.0,1.0,1.0,4.0,0.012706
3210,JP,JP,FINAN,RUBBE,400.47,4.0,1.0,1.0,4.0,0.009988
7614,JP,JP,WEARI,SEACO,104.04,4.0,1.0,1.0,4.0,0.038447
6198,JP,JP,RAILW,SALEM,255.18,4.0,1.0,1.0,4.0,0.015675
105,JP,JP,93197,RUBBE,110.69,4.0,1.0,1.0,4.0,0.036137
2123,JP,JP,ELEC1,LEAD1,389.9,4.0,1.0,1.0,4.0,0.010259
1656,JP,JP,DISTR,ALUM1,81.29,4.0,1.0,1.0,4.0,0.049207
3378,JP,JP,FORES,PRECI,32.69,4.0,1.0,1.0,4.0,0.122362
1217,JP,JP,COMPU,AIRTR,347.18,4.0,1.0,1.0,4.0,0.011521
4860,JP,JP,MEMBE,WEARI,241.48,4.0,1.0,1.0,4.0,0.016565
4844,JP,JP,MEMBE,RUBBE,241.34,4.0,1.0,1.0,4.0,0.016574
973,JP,JP,CHEM1,DAIRY,307.87,4.0,1.0,1.0,4.0,0.012992
7579,JP,JP,WEARI,MOTO1,103.05,4.0,1.0,1.0,4.0,0.038816
2785,JP,JP,ELEC8,BASIC,239.1,4.0,1.0,1.0,4.0,0.016729
5498,JP,JP,PAPER,FABRI,297.7,4.0,1.0,1.0,4.0,0.013436
5525,JP,JP,PAPER,OFFIC,297.7,4.0,1.0,1.0,4.0,0.013436
402,JP,JP,AUXIL,POSTT,303.17,4.0,1.0,1.0,4.0,0.013194
3377,JP,JP,FORES,PFERT,32.79,4.0,1.0,1.0,4.0,0.121988
968,JP,JP,CHEM1,COKEO,345.99,4.0,1.0,1.0,4.0,0.011561
3118,JP,JP,FINAN,CHEM1,476.41,4.0,1.0,1.0,4.0,0.008396
2933,JP,JP,ELECT,FOUND,235.81,4.0,1.0,1.0,4.0,0.016963
1258,JP,JP,COMPU,ELECT,345.92,4.0,1.0,1.0,4.0,0.011563
5790,JP,JP,POSTT,MOTO1,342.36,4.0,1.0,1.0,4.0,0.011684
82,JP,JP,93197,PAPER,113.42,4.0,1.0,1.0,4.0,0.035267
5275,JP,JP,NONME,RADIO,245.96,4.0,1.0,1.0,4.0,0.016263
1677,JP,JP,DISTR,COPP1,78.57,4.0,1.0,1.0,4.0,0.05091
1659,JP,JP,DISTR,BASIC,91.97,4.0,1.0,1.0,4.0,0.043492
76,JP,JP,93197,NONME,103.71,4.0,1.0,1.0,4.0,0.038569
1687,JP,JP,DISTR,FISH5,81.41,4.0,1.0,1.0,4.0,0.049134
2154,JP,JP,ELEC1,PLAST,332.06,4.0,1.0,1.0,4.0,0.012046
3984,JP,JP,INSUR,INSUR,250.38,4.0,1.0,1.0,4.0,0.015976
1330,JP,JP,COMPU,SEACO,336.2,4.0,1.0,1.0,4.0,0.011898
4817,JP,JP,MEMBE,OFFIC,252.23,4.0,1.0,1.0,4.0,0.015859
3159,JP,JP,FINAN,LANDT,457.61,4.0,1.0,1.0,4.0,0.008741
5949,JP,JP,PRINT,NONME,248.38,4.0,1.0,1.0,4.0,0.016104
831,JP,JP,BUSIN,SEACO,248.13,4.0,1.0,1.0,4.0,0.016121
103,JP,JP,93197,RETA1,114.02,4.0,1.0,1.0,4.0,0.035082
3980,JP,JP,INSUR,HEALT,247.53,4.0,1.0,1.0,4.0,0.01616
1742,JP,JP,DISTR,TRANS,97.02,4.0,1.0,1.0,4.0,0.041229
7596,JP,JP,WEARI,PLAST,114.7,4.0,1.0,1.0,4.0,0.034874
6529,JP,JP,RESEA,ELEC8,163.32,3.0,1.0,1.0,3.0,0.018369
938,JP,JP,CEREA,FOOD5,160.8,3.0,1.0,1.0,3.0,0.018657
2452,JP,JP,ELEC4,FOOD5,100.62,3.0,1.0,1.0,3.0,0.029815
3947,JP,JP,INSUR,CHEM1,159.57,3.0,1.0,1.0,3.0,0.018801
1378,JP,JP,CONST,ELEC3,161.42,3.0,1.0,1.0,3.0,0.018585
3492,JP,JP,FURNI,NONME,162.82,3.0,1.0,1.0,3.0,0.018425
1063,JP,JP,CHEMI,CHEM1,160.9,3.0,1.0,1.0,3.0,0.018645
2504,JP,JP,ELEC4,PUBLI,90.49,3.0,1.0,1.0,3.0,0.033153
3316,JP,JP,FOOD5,EDUCA,101.14,3.0,1.0,1.0,3.0,0.029662
286,JP,JP,ANIMA,CATTL,65.06,3.0,1.0,1.0,3.0,0.046111
4299,JP,JP,LANDT,MEMBE,119.91,3.0,1.0,1.0,3.0,0.025019
6130,JP,JP,RAILW,DAIRY,163.68,3.0,1.0,1.0,3.0,0.018328
7292,JP,JP,TEXTI,RADIO,98.13,3.0,1.0,1.0,3.0,0.030572
1502,JP,JP,CROPS,TEXTI,44.71,3.0,1.0,1.0,3.0,0.067099
7269,JP,JP,TEXTI,HOTEL,92.34,3.0,1.0,1.0,3.0,0.032489
1682,JP,JP,DISTR,DISTR,60.21,3.0,1.0,1.0,3.0,0.049826
1668,JP,JP,DISTR,CERAM,54.97,3.0,1.0,1.0,3.0,0.054575
4827,JP,JP,MEMBE,PLAST,172.79,3.0,1.0,1.0,3.0,0.017362
3484,JP,JP,FURNI,MOTO1,170.15,3.0,1.0,1.0,3.0,0.017632
5165,JP,JP,NONF1,MEDIC,60.39,3.0,1.0,1.0,3.0,0.049677
2953,JP,JP,ELECT,PADDY,168.95,3.0,1.0,1.0,3.0,0.017757
3507,JP,JP,FURNI,RADIO,168.39,3.0,1.0,1.0,3.0,0.017816
1684,JP,JP,DISTR,ELECT,60.72,3.0,1.0,1.0,3.0,0.049407
7627,JP,JP,WEARI,WOODW,91.45,3.0,1.0,1.0,3.0,0.032805
1707,JP,JP,DISTR,NATUR,62.61,3.0,1.0,1.0,3.0,0.047916
3500,JP,JP,FURNI,PLAST,163.76,3.0,1.0,1.0,3.0,0.018319
2496,JP,JP,ELEC4,PLAST,91.44,3.0,1.0,1.0,3.0,0.032808
6967,JP,JP,SEACO,RESEA,98.89,3.0,1.0,1.0,3.0,0.030337
3402,JP,JP,FOUND,MEDIC,167.5,3.0,1.0,1.0,3.0,0.01791
3674,JP,JP,GLASS,HOTEL,166.56,3.0,1.0,1.0,3.0,0.018012
167,JP,JP,AIRTR,FURNI,166.29,3.0,1.0,1.0,3.0,0.018041
490,JP,JP,BEVER,93197,166.25,3.0,1.0,1.0,3.0,0.018045
4042,JP,JP,INSUR,STONE,166.24,3.0,1.0,1.0,3.0,0.018046
7750,JP,JP,WOODW,PFERT,165.51,3.0,1.0,1.0,3.0,0.018126
3999,JP,JP,INSUR,MOTO1,164.95,3.0,1.0,1.0,3.0,0.018187
2527,JP,JP,ELEC4,TRAN1,90.93,3.0,1.0,1.0,3.0,0.032992
5937,JP,JP,PRINT,MEATC,164.03,3.0,1.0,1.0,3.0,0.018289
1691,JP,JP,DISTR,FOUND,66.46,3.0,1.0,1.0,3.0,0.04514
7532,JP,JP,WEARI,COKEO,69.53,3.0,1.0,1.0,3.0,0.043147
108,JP,JP,93197,SEACO,89.68,3.0,1.0,1.0,3.0,0.033452
5700,JP,JP,PLAST,LEATH,133.85,3.0,1.0,1.0,3.0,0.022413
7624,JP,JP,WEARI,VEGET,73.55,3.0,1.0,1.0,3.0,0.040789
3430,JP,JP,FURNI,CERAM,146.45,3.0,1.0,1.0,3.0,0.020485
4369,JP,JP,LEAD1,ELECT,146.43,3.0,1.0,1.0,3.0,0.020488
4052,JP,JP,INSUR,VEGET,145.68,3.0,1.0,1.0,3.0,0.020593
7517,JP,JP,WEARI,BEVER,83.82,3.0,1.0,1.0,3.0,0.035791
95,JP,JP,93197,RADIO,74.17,3.0,1.0,1.0,3.0,0.040448
7564,JP,JP,WEARI,INSUR,76.04,3.0,1.0,1.0,3.0,0.039453
3358,JP,JP,FORES,CONST,20.64,3.0,1.0,1.0,3.0,0.145349
1390,JP,JP,CONST,FOUND,140.82,3.0,1.0,1.0,3.0,0.021304
6419,JP,JP,RECRE,RETA1,110.02,3.0,1.0,1.0,3.0,0.027268
7721,JP,JP,WOODW,FABRI,136.54,3.0,1.0,1.0,3.0,0.021972
1824,JP,JP,EDUCA,RADIO,134.66,3.0,1.0,1.0,3.0,0.022278
2300,JP,JP,ELEC2,WEARI,133.41,3.0,1.0,1.0,3.0,0.022487
1680,JP,JP,DISTR,DAIRY,67.41,3.0,1.0,1.0,3.0,0.044504
7303,JP,JP,TEXTI,SEACO,115.39,3.0,1.0,1.0,3.0,0.025999
2310,JP,JP,ELEC3,BASIC,116.71,3.0,1.0,1.0,3.0,0.025705
1356,JP,JP,CONST,BRICK,128.24,3.0,1.0,1.0,3.0,0.023394
7312,JP,JP,TEXTI,WHOLE,95.71,3.0,1.0,1.0,3.0,0.031345
2231,JP,JP,ELEC2,FISHF,117.55,3.0,1.0,1.0,3.0,0.025521
2396,JP,JP,ELEC3,RESEA,124.5,3.0,1.0,1.0,3.0,0.024096
4304,JP,JP,LANDT,NATUR,123.51,3.0,1.0,1.0,3.0,0.02429
7444,JP,JP,VEGE1,FISH5,78.23,3.0,1.0,1.0,3.0,0.038348
1423,JP,JP,CONST,PADDY,121.67,3.0,1.0,1.0,3.0,0.024657
5696,JP,JP,PLAST,ELECT,118.08,3.0,1.0,1.0,3.0,0.025407
7729,JP,JP,WOODW,GLASS,120.91,3.0,1.0,1.0,3.0,0.024812
2201,JP,JP,ELEC2,BEVER,120.24,3.0,1.0,1.0,3.0,0.02495
2259,JP,JP,ELEC2,NONME,108.9,3.0,1.0,1.0,3.0,0.027548
7117,JP,JP,SUPPO,BEVER,107.74,3.0,1.0,1.0,3.0,0.027845
7708,JP,JP,WOODW,CERAM,147.82,3.0,1.0,1.0,3.0,0.020295
306,JP,JP,ANIMA,WEARI,84.46,3.0,1.0,1.0,3.0,0.03552
4392,JP,JP,LEATH,93197,89.46,3.0,1.0,1.0,3.0,0.033535
5268,JP,JP,NONME,PLAST,154.97,3.0,1.0,1.0,3.0,0.019359
3503,JP,JP,FURNI,PRINT,154.85,3.0,1.0,1.0,3.0,0.019374
7290,JP,JP,TEXTI,PUBLI,104.75,3.0,1.0,1.0,3.0,0.02864
2397,JP,JP,ELEC3,RETA1,104.93,3.0,1.0,1.0,3.0,0.02859
7540,JP,JP,WEARI,EDUCA,87.38,3.0,1.0,1.0,3.0,0.034333
1709,JP,JP,DISTR,NONF1,69.19,3.0,1.0,1.0,3.0,0.043359
7127,JP,JP,SUPPO,CHEM1,106.11,3.0,1.0,1.0,3.0,0.028273
7247,JP,JP,TEXTI,93197,106.25,3.0,1.0,1.0,3.0,0.028235
5020,JP,JP,NATUR,BASIC,153.42,3.0,1.0,1.0,3.0,0.019554
5216,JP,JP,NONME,COKEO,153.1,3.0,1.0,1.0,3.0,0.019595
4231,JP,JP,LANDT,AIRTR,106.46,3.0,1.0,1.0,3.0,0.02818
242,JP,JP,ALUM1,CERAM,152.77,3.0,1.0,1.0,3.0,0.019637
7597,JP,JP,WEARI,POSTT,85.2,3.0,1.0,1.0,3.0,0.035211
7618,JP,JP,WEARI,SUPPO,84.57,3.0,1.0,1.0,3.0,0.035474
3021,JP,JP,FABRI,FOUND,152.34,3.0,1.0,1.0,3.0,0.019693
1725,JP,JP,DISTR,PROCE,70.45,3.0,1.0,1.0,3.0,0.042583
1749,JP,JP,EDUCA,93197,151.78,3.0,1.0,1.0,3.0,0.019765
3516,JP,JP,FURNI,RUBBE,151.76,3.0,1.0,1.0,3.0,0.019768
6548,JP,JP,RESEA,LANDT,151.73,3.0,1.0,1.0,3.0,0.019772
5705,JP,JP,PLAST,OFFIC,151.11,3.0,1.0,1.0,3.0,0.019853
1366,JP,JP,CONST,COKEO,149.22,3.0,1.0,1.0,3.0,0.020105
3245,JP,JP,FISH5,PFERT,107.69,3.0,1.0,1.0,3.0,0.027858
2908,JP,JP,ELECT,CERAM,148.35,3.0,1.0,1.0,3.0,0.020222
3025,JP,JP,FABRI,HEALT,147.83,3.0,1.0,1.0,3.0,0.020294
6828,JP,JP,RUBBE,SEACO,117.05,3.0,1.0,1.0,3.0,0.02563
464,JP,JP,BASIC,MEDIC,233.35,3.0,1.0,1.0,3.0,0.012856
405,JP,JP,AUXIL,PRINT,252.43,3.0,1.0,1.0,3.0,0.011884
961,JP,JP,CHEM1,CERAM,236.04,3.0,1.0,1.0,3.0,0.01271
976,JP,JP,CHEM1,EDUCA,208.16,3.0,1.0,1.0,3.0,0.014412
4609,JP,JP,LUBRI,LANDT,935.79,3.0,1.0,1.0,3.0,0.003206
5840,JP,JP,POSTT,TRAN2,230.58,3.0,1.0,1.0,3.0,0.013011
3552,JP,JP,GASDI,CHEM1,706.02,3.0,1.0,1.0,3.0,0.004249
1653,JP,JP,DIST1,WHOLE,345.99,3.0,1.0,1.0,3.0,0.008671
6656,JP,JP,RETA1,FURNI,346.84,3.0,1.0,1.0,3.0,0.00865
4742,JP,JP,MEMBE,BEVER,198.67,3.0,1.0,1.0,3.0,0.0151
6117,JP,JP,RAILW,BUSIN,197.6,3.0,1.0,1.0,3.0,0.015182
792,JP,JP,BUSIN,MEATC,197.39,3.0,1.0,1.0,3.0,0.015198
6865,JP,JP,SALEM,SUPPO,443.03,3.0,1.0,1.0,3.0,0.006772
5968,JP,JP,PRINT,RAILW,194.68,3.0,1.0,1.0,3.0,0.01541
6204,JP,JP,RAILW,SUPPO,175.6,3.0,1.0,1.0,3.0,0.017084
6715,JP,JP,RETA1,SALEM,353.13,3.0,1.0,1.0,3.0,0.008495
3601,JP,JP,GASDI,NONME,704.83,3.0,1.0,1.0,3.0,0.004256
799,JP,JP,BUSIN,NATUR,191.81,3.0,1.0,1.0,3.0,0.01564
224,JP,JP,AIRTR,SANDC,191.04,3.0,1.0,1.0,3.0,0.015704
1343,JP,JP,COMPU,WEARI,272.02,3.0,1.0,1.0,3.0,0.011029
3103,JP,JP,FINAN,AUXIL,365.29,3.0,1.0,1.0,3.0,0.008213
6663,JP,JP,RETA1,INSUR,367.41,3.0,1.0,1.0,3.0,0.008165
3204,JP,JP,FINAN,RECRE,287.25,3.0,1.0,1.0,3.0,0.010444
6295,JP,JP,REALE,POSTT,2114.6,3.0,1.0,1.0,3.0,0.001419
5921,JP,JP,PRINT,GLASS,214.57,3.0,1.0,1.0,3.0,0.013981
3562,JP,JP,GASDI,EDUCA,736.11,3.0,1.0,1.0,3.0,0.004075
361,JP,JP,AUXIL,HEALT,220.6,3.0,1.0,1.0,3.0,0.013599
6863,JP,JP,SALEM,SALEM,457.55,3.0,1.0,1.0,3.0,0.006557
3175,JP,JP,FINAN,NATUR,323.67,3.0,1.0,1.0,3.0,0.009269
3115,JP,JP,FINAN,CERAM,327.55,3.0,1.0,1.0,3.0,0.009159
5724,JP,JP,POSTT,BASIC,218.74,3.0,1.0,1.0,3.0,0.013715
6302,JP,JP,REALE,REALE,1968.24,3.0,1.0,1.0,3.0,0.001524
3100,JP,JP,FINAN,AIRTR,328.48,3.0,1.0,1.0,3.0,0.009133
4777,JP,JP,MEMBE,FABRI,223.48,3.0,1.0,1.0,3.0,0.013424
5804,JP,JP,POSTT,PAPER,218.32,3.0,1.0,1.0,3.0,0.013741
3130,JP,JP,FINAN,DISTR,343.83,3.0,1.0,1.0,3.0,0.008725
6448,JP,JP,REFI1,MOTOR,739.1,3.0,1.0,1.0,3.0,0.004059
417,JP,JP,AUXIL,RESEA,218.28,3.0,1.0,1.0,3.0,0.013744
433,JP,JP,AUXIL,TRANS,227.44,3.0,1.0,1.0,3.0,0.01319
4845,JP,JP,MEMBE,SALEM,217.94,3.0,1.0,1.0,3.0,0.013765
6169,JP,JP,RAILW,NONME,215.65,3.0,1.0,1.0,3.0,0.013911
4852,JP,JP,MEMBE,SUPPO,227.49,3.0,1.0,1.0,3.0,0.013187
4992,JP,JP,NAPHT,TEXTI,757.42,3.0,1.0,1.0,3.0,0.003961
2877,JP,JP,ELEC8,RETA1,214.97,3.0,1.0,1.0,3.0,0.013955
2134,JP,JP,ELEC1,MOTO1,234.92,3.0,1.0,1.0,3.0,0.01277
5512,JP,JP,PAPER,LEATH,231.85,3.0,1.0,1.0,3.0,0.012939
5484,JP,JP,PAPER,CEMEN,185.26,3.0,1.0,1.0,3.0,0.016193
5985,JP,JP,PRINT,TEXTI,181.02,3.0,1.0,1.0,3.0,0.016573
391,JP,JP,AUXIL,OFFIC,263.16,3.0,1.0,1.0,3.0,0.0114
6874,JP,JP,SANDC,CHEMI,179.78,3.0,1.0,1.0,3.0,0.016687
1074,JP,JP,CHEMI,PFERT,184.8,3.0,1.0,1.0,3.0,0.016234
2165,JP,JP,ELEC1,RAILW,253.79,3.0,1.0,1.0,3.0,0.011821
5554,JP,JP,PAPER,TOBAC,185.43,3.0,1.0,1.0,3.0,0.016179
1048,JP,JP,CHEM1,TOBAC,260.8,3.0,1.0,1.0,3.0,0.011503
5510,JP,JP,PAPER,INSUR,184.09,3.0,1.0,1.0,3.0,0.016296
6161,JP,JP,RAILW,MOTO1,185.93,3.0,1.0,1.0,3.0,0.016135
5224,JP,JP,NONME,EDUCA,184.07,3.0,1.0,1.0,3.0,0.016298
3002,JP,JP,FABRI,DAIRY,186.31,3.0,1.0,1.0,3.0,0.016102
3673,JP,JP,GLASS,HEALT,180.63,3.0,1.0,1.0,3.0,0.016609
6504,JP,JP,RESEA,CEMEN,187.29,3.0,1.0,1.0,3.0,0.016018
766,JP,JP,BUSIN,ELEC8,178.31,3.0,1.0,1.0,3.0,0.016825
6111,JP,JP,RAILW,BASIC,181.14,3.0,1.0,1.0,3.0,0.016562
2964,JP,JP,ELECT,STONE,177.46,3.0,1.0,1.0,3.0,0.016905
2116,JP,JP,ELEC1,HOTEL,240.99,3.0,1.0,1.0,3.0,0.012449
6549,JP,JP,RESEA,LEAD1,187.38,3.0,1.0,1.0,3.0,0.01601
4188,JP,JP,KERO1,RESEA,864.93,3.0,1.0,1.0,3.0,0.003468
1336,JP,JP,COMPU,TEXTI,266.75,3.0,1.0,1.0,3.0,0.011246
1329,JP,JP,COMPU,SANDC,253.15,3.0,1.0,1.0,3.0,0.011851
3687,JP,JP,GLASS,OFFIC,188.44,3.0,1.0,1.0,3.0,0.01592
6121,JP,JP,RAILW,CHEM1,175.65,3.0,1.0,1.0,3.0,0.017079
4786,JP,JP,MEMBE,GLASS,103.02,2.0,1.0,1.0,2.0,0.019414
5064,JP,JP,NATUR,PFERT,80.39,2.0,1.0,1.0,2.0,0.024879
3808,JP,JP,HEAVY,NAPHT,465.3,2.0,1.0,1.0,2.0,0.004298
1741,JP,JP,DISTR,TRAN2,42.9,2.0,1.0,1.0,2.0,0.04662
1675,JP,JP,DISTR,COKEO,42.79,2.0,1.0,1.0,2.0,0.04674
7346,JP,JP,TRAN1,FOUND,44.75,2.0,1.0,1.0,2.0,0.044693
5445,JP,JP,PADDY,PFERT,109.75,2.0,1.0,1.0,2.0,0.018223
1710,JP,JP,DISTR,NONFE,42.8,2.0,1.0,1.0,2.0,0.046729
7204,JP,JP,SUPPO,REFI1,66.27,2.0,1.0,1.0,2.0,0.03018
1539,JP,JP,DAIRY,PAPER,78.61,2.0,1.0,1.0,2.0,0.025442
4847,JP,JP,MEMBE,SEACO,102.91,2.0,1.0,1.0,2.0,0.019434
7526,JP,JP,WEARI,CERAM,42.75,2.0,1.0,1.0,2.0,0.046784
6089,JP,JP,RADIO,RECRE,113.55,2.0,1.0,1.0,2.0,0.017613
34,JP,JP,93197,ELEC2,42.19,2.0,1.0,1.0,2.0,0.047405
4242,JP,JP,LANDT,BRICK,81.6,2.0,1.0,1.0,2.0,0.02451
2815,JP,JP,ELEC8,FOOD5,100.97,2.0,1.0,1.0,2.0,0.019808
5989,JP,JP,PRINT,TRANS,112.96,2.0,1.0,1.0,2.0,0.017705
2458,JP,JP,ELEC4,HEALT,57.34,2.0,1.0,1.0,2.0,0.03488
246,JP,JP,ALUM1,CONST,101.08,2.0,1.0,1.0,2.0,0.019786
1376,JP,JP,CONST,ELE12,101.15,2.0,1.0,1.0,2.0,0.019773
3497,JP,JP,FURNI,PAPER,101.31,2.0,1.0,1.0,2.0,0.019741
4246,JP,JP,LANDT,CERAM,65.91,2.0,1.0,1.0,2.0,0.030344
138,JP,JP,AIRTR,CHEM1,111.69,2.0,1.0,1.0,2.0,0.017907
3421,JP,JP,FURNI,BASIC,101.76,2.0,1.0,1.0,2.0,0.019654
3049,JP,JP,FABRI,NATUR,111.07,2.0,1.0,1.0,2.0,0.018007
4298,JP,JP,LANDT,MEDIC,66.17,2.0,1.0,1.0,2.0,0.030225
1646,JP,JP,DIST1,TEXTI,253.6,2.0,1.0,1.0,2.0,0.007886
5993,JP,JP,PRINT,WOODW,102.24,2.0,1.0,1.0,2.0,0.019562
704,JP,JP,BLAST,SALEM,262.78,2.0,1.0,1.0,2.0,0.007611
4244,JP,JP,LANDT,CATTL,80.13,2.0,1.0,1.0,2.0,0.024959
7513,JP,JP,WEARI,AIRTR,59.81,2.0,1.0,1.0,2.0,0.033439
498,JP,JP,BEVER,FOOD5,103.73,2.0,1.0,1.0,2.0,0.019281
213,JP,JP,AIRTR,RADIO,100.3,2.0,1.0,1.0,2.0,0.01994
4737,JP,JP,MEMBE,AIRTR,106.61,2.0,1.0,1.0,2.0,0.01876
4833,JP,JP,MEMBE,PUBLI,108.7,2.0,1.0,1.0,2.0,0.018399
6622,JP,JP,RETA1,BUSIN,276.81,2.0,1.0,1.0,2.0,0.007225
3325,JP,JP,FOOD5,MEAT1,66.38,2.0,1.0,1.0,2.0,0.03013
6200,JP,JP,RAILW,SEACO,107.09,2.0,1.0,1.0,2.0,0.018676
3632,JP,JP,GASDI,SEACO,568.01,2.0,1.0,1.0,2.0,0.003521
6722,JP,JP,RETA1,SUPPO,274.63,2.0,1.0,1.0,2.0,0.007283
48,JP,JP,93197,FURNI,58.84,2.0,1.0,1.0,2.0,0.03399
1831,JP,JP,EDUCA,RETA1,107.37,2.0,1.0,1.0,2.0,0.018627
3786,JP,JP,HEAVY,GLASS,486.26,2.0,1.0,1.0,2.0,0.004113
5436,JP,JP,PADDY,CATTL,108.42,2.0,1.0,1.0,2.0,0.018447
6768,JP,JP,RUBBE,FOUND,78.95,2.0,1.0,1.0,2.0,0.025332
5034,JP,JP,NATUR,DIST1,107.48,2.0,1.0,1.0,2.0,0.018608
3318,JP,JP,FOOD5,FISHF,78.32,2.0,1.0,1.0,2.0,0.025536
4216,JP,JP,KEROS,HEAVY,482.7,2.0,1.0,1.0,2.0,0.004143
1551,JP,JP,DIST1,BEVER,269.52,2.0,1.0,1.0,2.0,0.007421
1122,JP,JP,COKE1,DIST1,267.79,2.0,1.0,1.0,2.0,0.007469
3741,JP,JP,HEALT,RAWMI,57.73,2.0,1.0,1.0,2.0,0.034644
2923,JP,JP,ELECT,ELEC3,106.48,2.0,1.0,1.0,2.0,0.018783
4009,JP,JP,INSUR,OFFIC,104.02,2.0,1.0,1.0,2.0,0.019227
1591,JP,JP,DIST1,GLASS,282.39,2.0,1.0,1.0,2.0,0.007082
1583,JP,JP,DIST1,FABRI,288.77,2.0,1.0,1.0,2.0,0.006926
3819,JP,JP,HEAVY,PAPER,473.2,2.0,1.0,1.0,2.0,0.004227
7121,JP,JP,SUPPO,BUSIN,79.87,2.0,1.0,1.0,2.0,0.025041
2246,JP,JP,ELEC2,MEAT1,79.81,2.0,1.0,1.0,2.0,0.02506
7515,JP,JP,WEARI,AUXIL,59.49,2.0,1.0,1.0,2.0,0.033619
6699,JP,JP,RETA1,POSTT,288.21,2.0,1.0,1.0,2.0,0.006939
1527,JP,JP,DAIRY,CHEM1,108.95,2.0,1.0,1.0,2.0,0.018357
2217,JP,JP,ELEC2,COMPU,79.61,2.0,1.0,1.0,2.0,0.025122
6125,JP,JP,RAILW,COMPU,105.11,2.0,1.0,1.0,2.0,0.019028
7549,JP,JP,WEARI,ELECT,59.23,2.0,1.0,1.0,2.0,0.033767
244,JP,JP,ALUM1,CHEM1,105.32,2.0,1.0,1.0,2.0,0.01899
7706,JP,JP,WOODW,CATTL,105.32,2.0,1.0,1.0,2.0,0.01899
3788,JP,JP,HEAVY,HEAVY,636.33,2.0,1.0,1.0,2.0,0.003143
3952,JP,JP,INSUR,COMPU,105.37,2.0,1.0,1.0,2.0,0.018981
1360,JP,JP,CONST,CERAM,105.85,2.0,1.0,1.0,2.0,0.018895
6632,JP,JP,RETA1,CONST,286.11,2.0,1.0,1.0,2.0,0.00699
2460,JP,JP,ELEC4,HOTEL,66.36,2.0,1.0,1.0,2.0,0.030139
3033,JP,JP,FABRI,LANDT,100.31,2.0,1.0,1.0,2.0,0.019938
969,JP,JP,CHEM1,COMPU,174.31,2.0,1.0,1.0,2.0,0.011474
206,JP,JP,AIRTR,PLAST,100.07,2.0,1.0,1.0,2.0,0.019986
7206,JP,JP,SUPPO,RESEA,63.04,2.0,1.0,1.0,2.0,0.031726
2297,JP,JP,ELEC2,TRANS,89.38,2.0,1.0,1.0,2.0,0.022376
1475,JP,JP,CROPS,CHEM1,31.91,2.0,1.0,1.0,2.0,0.062676
6514,JP,JP,RESEA,COPP1,84.18,2.0,1.0,1.0,2.0,0.023759
7749,JP,JP,WOODW,PAPER,89.91,2.0,1.0,1.0,2.0,0.022244
3971,JP,JP,INSUR,FINAN,90.29,2.0,1.0,1.0,2.0,0.022151
2257,JP,JP,ELEC2,NONF1,63.74,2.0,1.0,1.0,2.0,0.031377
5584,JP,JP,PFERT,BASIC,84.05,2.0,1.0,1.0,2.0,0.023795
1847,JP,JP,EDUCA,WOODW,83.95,2.0,1.0,1.0,2.0,0.023824
2976,JP,JP,FABRI,ALUM1,90.93,2.0,1.0,1.0,2.0,0.021995
267,JP,JP,ALUM1,NONME,91.09,2.0,1.0,1.0,2.0,0.021956
4245,JP,JP,LANDT,CEMEN,88.48,2.0,1.0,1.0,2.0,0.022604
7079,JP,JP,STONE,PAPER,91.35,2.0,1.0,1.0,2.0,0.021894
4889,JP,JP,MOTOR,CONST,439.5,2.0,1.0,1.0,2.0,0.004551
7340,JP,JP,TRAN1,ELECT,40.88,2.0,1.0,1.0,2.0,0.048924
3521,JP,JP,FURNI,STONE,91.6,2.0,1.0,1.0,2.0,0.021834
4179,JP,JP,KERO1,PUBLI,643.36,2.0,1.0,1.0,2.0,0.003109
1498,JP,JP,CROPS,RECRE,31.96,2.0,1.0,1.0,2.0,0.062578
1417,JP,JP,CONST,NONF1,92.45,2.0,1.0,1.0,2.0,0.021633
223,JP,JP,AIRTR,SALEM,92.63,2.0,1.0,1.0,2.0,0.021591
7217,JP,JP,SUPPO,TEXTI,62.58,2.0,1.0,1.0,2.0,0.031959
4353,JP,JP,LANDT,TRANS,88.55,2.0,1.0,1.0,2.0,0.022586
3093,JP,JP,FABRI,VEGE1,88.03,2.0,1.0,1.0,2.0,0.02272
7362,JP,JP,TRAN1,NATUR,42.15,2.0,1.0,1.0,2.0,0.04745
6837,JP,JP,RUBBE,VEGE1,86.11,2.0,1.0,1.0,2.0,0.023226
3620,JP,JP,GASDI,RAILW,416.37,2.0,1.0,1.0,2.0,0.004803
2205,JP,JP,ELEC2,BRICK,64.75,2.0,1.0,1.0,2.0,0.030888
4318,JP,JP,LANDT,PFERT,85.45,2.0,1.0,1.0,2.0,0.023406
7203,JP,JP,SUPPO,RECRE,84.76,2.0,1.0,1.0,2.0,0.023596
2476,JP,JP,ELEC4,MOTO1,64.69,2.0,1.0,1.0,2.0,0.030917
2907,JP,JP,ELECT,CEMEN,85.89,2.0,1.0,1.0,2.0,0.023286
189,JP,JP,AIRTR,MOTO1,84.71,2.0,1.0,1.0,2.0,0.02361
7085,JP,JP,STONE,STONE,86.03,2.0,1.0,1.0,2.0,0.023248
1785,JP,JP,EDUCA,FOOD5,86.09,2.0,1.0,1.0,2.0,0.023232
7169,JP,JP,SUPPO,LUBRI,64.56,2.0,1.0,1.0,2.0,0.030979
7289,JP,JP,TEXTI,PRINT,63.83,2.0,1.0,1.0,2.0,0.031333
2954,JP,JP,ELECT,PFERT,86.3,2.0,1.0,1.0,2.0,0.023175
5582,JP,JP,PFERT,93197,64.44,2.0,1.0,1.0,2.0,0.031037
3814,JP,JP,HEAVY,NONME,416.43,2.0,1.0,1.0,2.0,0.004803
3535,JP,JP,GASDI,93197,418.44,2.0,1.0,1.0,2.0,0.00478
2374,JP,JP,ELEC3,PAPER,64.12,2.0,1.0,1.0,2.0,0.031192
2401,JP,JP,ELEC3,SANDC,64.08,2.0,1.0,1.0,2.0,0.031211
4935,JP,JP,MOTOR,PUBLI,427.94,2.0,1.0,1.0,2.0,0.004674
7382,JP,JP,TRAN1,STONE,64.04,2.0,1.0,1.0,2.0,0.03123
2289,JP,JP,ELEC2,STONE,87.63,2.0,1.0,1.0,2.0,0.022823
1655,JP,JP,DISTR,AIRTR,41.54,2.0,1.0,1.0,2.0,0.048146
6539,JP,JP,RESEA,GASDI,93.15,2.0,1.0,1.0,2.0,0.021471
2222,JP,JP,ELEC2,DAIRY,62.1,2.0,1.0,1.0,2.0,0.032206
3461,JP,JP,FURNI,FOUND,82.61,2.0,1.0,1.0,2.0,0.02421
7763,JP,JP,WOODW,RETA1,82.7,2.0,1.0,1.0,2.0,0.024184
5918,JP,JP,PRINT,FOUND,96.27,2.0,1.0,1.0,2.0,0.020775
3529,JP,JP,FURNI,TRANS,96.89,2.0,1.0,1.0,2.0,0.020642
3399,JP,JP,FOUND,HOTEL,96.93,2.0,1.0,1.0,2.0,0.020633
6869,JP,JP,SANDC,BASIC,96.98,2.0,1.0,1.0,2.0,0.020623
1369,JP,JP,CONST,COPP1,114.21,2.0,1.0,1.0,2.0,0.017512
6564,JP,JP,RESEA,NATUR,97.46,2.0,1.0,1.0,2.0,0.020521
7332,JP,JP,TRAN1,COMPU,61.54,2.0,1.0,1.0,2.0,0.032499
2269,JP,JP,ELEC2,POSTT,97.55,2.0,1.0,1.0,2.0,0.020502
2303,JP,JP,ELEC2,WOODW,97.86,2.0,1.0,1.0,2.0,0.020437
1782,JP,JP,EDUCA,FABRI,93.5,2.0,1.0,1.0,2.0,0.02139
3934,JP,JP,INSUR,BEVER,97.92,2.0,1.0,1.0,2.0,0.020425
3960,JP,JP,INSUR,EDUCA,98.47,2.0,1.0,1.0,2.0,0.020311
3942,JP,JP,INSUR,CATTL,98.62,2.0,1.0,1.0,2.0,0.02028
4029,JP,JP,INSUR,RAWMI,98.73,2.0,1.0,1.0,2.0,0.020257
5715,JP,JP,PLAST,TEXTI,98.82,2.0,1.0,1.0,2.0,0.020239
5236,JP,JP,NONME,FOOD5,99.02,2.0,1.0,1.0,2.0,0.020198
3420,JP,JP,FURNI,AUXIL,99.34,2.0,1.0,1.0,2.0,0.020133
3422,JP,JP,FURNI,BEVER,99.38,2.0,1.0,1.0,2.0,0.020125
2234,JP,JP,ELEC2,FOUND,61.23,2.0,1.0,1.0,2.0,0.032664
1806,JP,JP,EDUCA,MOTO1,96.19,2.0,1.0,1.0,2.0,0.020792
5597,JP,JP,PFERT,CROPS,96.08,2.0,1.0,1.0,2.0,0.020816
5710,JP,JP,PLAST,PRINT,95.98,2.0,1.0,1.0,2.0,0.020838
6738,JP,JP,RUBBE,AUXIL,95.97,2.0,1.0,1.0,2.0,0.02084
6787,JP,JP,RUBBE,MEATC,83.34,2.0,1.0,1.0,2.0,0.023998
4031,JP,JP,INSUR,RECRE,93.88,2.0,1.0,1.0,2.0,0.021304
4365,JP,JP,LEAD1,CHEM1,93.9,2.0,1.0,1.0,2.0,0.021299
3432,JP,JP,FURNI,CHEM1,94.13,2.0,1.0,1.0,2.0,0.021247
6806,JP,JP,RUBBE,PFERT,94.22,2.0,1.0,1.0,2.0,0.021227
6767,JP,JP,RUBBE,FORES,94.26,2.0,1.0,1.0,2.0,0.021218
6747,JP,JP,RUBBE,CEMEN,94.35,2.0,1.0,1.0,2.0,0.021198
2223,JP,JP,ELEC2,DIST1,65.57,2.0,1.0,1.0,2.0,0.030502
2272,JP,JP,ELEC2,PRINT,94.66,2.0,1.0,1.0,2.0,0.021128
4274,JP,JP,LANDT,FISHF,94.97,2.0,1.0,1.0,2.0,0.021059
3891,JP,JP,INLAN,CHEMI,83.03,2.0,1.0,1.0,2.0,0.024088
2978,JP,JP,FABRI,AUXIL,95.06,2.0,1.0,1.0,2.0,0.021039
7320,JP,JP,TRAN1,BASIC,61.92,2.0,1.0,1.0,2.0,0.0323
1846,JP,JP,EDUCA,WHOLE,95.28,2.0,1.0,1.0,2.0,0.020991
2516,JP,JP,ELEC4,RUBBE,61.77,2.0,1.0,1.0,2.0,0.032378
3340,JP,JP,FOOD5,RECRE,61.71,2.0,1.0,1.0,2.0,0.03241
3068,JP,JP,FABRI,PRINT,83.01,2.0,1.0,1.0,2.0,0.024093
2280,JP,JP,ELEC2,REALE,95.69,2.0,1.0,1.0,2.0,0.020901
3074,JP,JP,FABRI,REALE,95.93,2.0,1.0,1.0,2.0,0.020849
3357,JP,JP,FORES,CHEMI,12.77,2.0,1.0,1.0,2.0,0.156617
6661,JP,JP,RETA1,HOTEL,246.96,2.0,1.0,1.0,2.0,0.008098
751,JP,JP,BUSIN,COPP1,114.25,2.0,1.0,1.0,2.0,0.017505
716,JP,JP,BRICK,CEMEN,147.04,2.0,1.0,1.0,2.0,0.013602
4854,JP,JP,MEMBE,TOBAC,143.24,2.0,1.0,1.0,2.0,0.013963
5767,JP,JP,POSTT,FOUND,144.05,2.0,1.0,1.0,2.0,0.013884
6211,JP,JP,RAILW,WEARI,145.06,2.0,1.0,1.0,2.0,0.013787
6829,JP,JP,RUBBE,STONE,73.15,2.0,1.0,1.0,2.0,0.027341
5932,JP,JP,PRINT,LEATH,145.79,2.0,1.0,1.0,2.0,0.013718
5979,JP,JP,PRINT,SEACO,146.16,2.0,1.0,1.0,2.0,0.013684
7309,JP,JP,TEXTI,TRANS,68.65,2.0,1.0,1.0,2.0,0.029133
5956,JP,JP,PRINT,PFERT,146.39,2.0,1.0,1.0,2.0,0.013662
3129,JP,JP,FINAN,DIST1,212.31,2.0,1.0,1.0,2.0,0.00942
6888,JP,JP,SANDC,PAPER,147.15,2.0,1.0,1.0,2.0,0.013592
4012,JP,JP,INSUR,PADDY,134.39,2.0,1.0,1.0,2.0,0.014882
3365,JP,JP,FORES,FURNI,16.85,2.0,1.0,1.0,2.0,0.118694
2114,JP,JP,ELEC1,HEALT,208.24,2.0,1.0,1.0,2.0,0.009604
2111,JP,JP,ELEC1,FURNI,207.29,2.0,1.0,1.0,2.0,0.009648
3574,JP,JP,GASDI,HEALT,598.37,2.0,1.0,1.0,2.0,0.003342
3683,JP,JP,GLASS,MEDIC,150.06,2.0,1.0,1.0,2.0,0.013328
2095,JP,JP,ELEC1,CONST,150.39,2.0,1.0,1.0,2.0,0.013299
4863,JP,JP,MEMBE,WOODW,150.92,2.0,1.0,1.0,2.0,0.013252
3775,JP,JP,HEAVY,ELEC6,595.19,2.0,1.0,1.0,2.0,0.00336
1232,JP,JP,COMPU,CERAM,151.23,2.0,1.0,1.0,2.0,0.013225
5213,JP,JP,NONME,CHEM1,142.55,2.0,1.0,1.0,2.0,0.01403
3569,JP,JP,GASDI,FOOD5,556.17,2.0,1.0,1.0,2.0,0.003596
7296,JP,JP,TEXTI,RECRE,68.42,2.0,1.0,1.0,2.0,0.029231
4460,JP,JP,LEATH,PUBLI,52.72,2.0,1.0,1.0,2.0,0.037936
5265,JP,JP,NONME,PAPER,134.83,2.0,1.0,1.0,2.0,0.014833
429,JP,JP,AUXIL,TEXTI,135.25,2.0,1.0,1.0,2.0,0.014787
4839,JP,JP,MEMBE,RECRE,135.32,2.0,1.0,1.0,2.0,0.01478
2230,JP,JP,ELEC2,FISH5,75.01,2.0,1.0,1.0,2.0,0.026663
7109,JP,JP,SUGAR,SUGAR,24.89,2.0,1.0,1.0,2.0,0.080354
5837,JP,JP,POSTT,TEXTI,136.93,2.0,1.0,1.0,2.0,0.014606
818,JP,JP,BUSIN,PREC1,136.93,2.0,1.0,1.0,2.0,0.014606
741,JP,JP,BUSIN,CEMEN,137.22,2.0,1.0,1.0,2.0,0.014575
1242,JP,JP,COMPU,COPP1,137.49,2.0,1.0,1.0,2.0,0.014547
2919,JP,JP,ELECT,DISTR,137.95,2.0,1.0,1.0,2.0,0.014498
40,JP,JP,93197,ELECT,53.02,2.0,1.0,1.0,2.0,0.037722
6191,JP,JP,RAILW,RECRE,138.3,2.0,1.0,1.0,2.0,0.014461
1672,JP,JP,DISTR,CHEMI,47.32,2.0,1.0,1.0,2.0,0.042265
7375,JP,JP,TRAN1,PROCE,47.43,2.0,1.0,1.0,2.0,0.042167
7333,JP,JP,TRAN1,COPP1,52.9,2.0,1.0,1.0,2.0,0.037807
2197,JP,JP,ELEC2,ALUM1,74.89,2.0,1.0,1.0,2.0,0.026706
7600,JP,JP,WEARI,PRINT,68.24,2.0,1.0,1.0,2.0,0.029308
4013,JP,JP,INSUR,PAPER,139.88,2.0,1.0,1.0,2.0,0.014298
3643,JP,JP,GASDI,VEGET,552.83,2.0,1.0,1.0,2.0,0.003618
6667,JP,JP,RETA1,LANDT,202.89,2.0,1.0,1.0,2.0,0.009858
2242,JP,JP,ELEC2,LANDT,72.43,2.0,1.0,1.0,2.0,0.027613
93,JP,JP,93197,PUBLI,51.88,2.0,1.0,1.0,2.0,0.038551
2281,JP,JP,ELEC2,RECRE,69.9,2.0,1.0,1.0,2.0,0.028612
4842,JP,JP,MEMBE,RETA1,163.44,2.0,1.0,1.0,2.0,0.012237
1265,JP,JP,COMPU,FOUND,186.42,2.0,1.0,1.0,2.0,0.010728
3220,JP,JP,FINAN,TOBAC,164.42,2.0,1.0,1.0,2.0,0.012164
2182,JP,JP,ELEC1,SUPPO,185.65,2.0,1.0,1.0,2.0,0.010773
1692,JP,JP,DISTR,GLASS,51.23,2.0,1.0,1.0,2.0,0.03904
4296,JP,JP,LANDT,MEATC,70.02,2.0,1.0,1.0,2.0,0.028563
2524,JP,JP,ELEC4,SUPPO,51.12,2.0,1.0,1.0,2.0,0.039124
1044,JP,JP,CHEM1,STONE,183.97,2.0,1.0,1.0,2.0,0.010871
3356,JP,JP,FORES,CHEM1,18.05,2.0,1.0,1.0,2.0,0.110803
1961,JP,JP,ELE12,BASIC,50.99,2.0,1.0,1.0,2.0,0.039223
1340,JP,JP,COMPU,TRANS,180.57,2.0,1.0,1.0,2.0,0.011076
2104,JP,JP,ELEC1,FABRI,170.21,2.0,1.0,1.0,2.0,0.01175
1346,JP,JP,COMPU,WOODW,170.26,2.0,1.0,1.0,2.0,0.011747
5524,JP,JP,PAPER,NONME,171.15,2.0,1.0,1.0,2.0,0.011686
3743,JP,JP,HEALT,RECRE,70.43,2.0,1.0,1.0,2.0,0.028397
6760,JP,JP,RUBBE,EDUCA,70.57,2.0,1.0,1.0,2.0,0.028341
5765,JP,JP,POSTT,FOOD5,175.86,2.0,1.0,1.0,2.0,0.011373
363,JP,JP,AUXIL,HOTEL,173.76,2.0,1.0,1.0,2.0,0.01151
5497,JP,JP,PAPER,ELECT,173.85,2.0,1.0,1.0,2.0,0.011504
436,JP,JP,AUXIL,WEARI,187.8,2.0,1.0,1.0,2.0,0.01065
2507,JP,JP,ELEC4,RAILW,69.88,2.0,1.0,1.0,2.0,0.02862
2219,JP,JP,ELEC2,COPP1,72.38,2.0,1.0,1.0,2.0,0.027632
6765,JP,JP,RUBBE,FISHF,69.71,2.0,1.0,1.0,2.0,0.02869
2175,JP,JP,ELEC1,SALEM,200.37,2.0,1.0,1.0,2.0,0.009982
987,JP,JP,CHEM1,FISH5,198.09,2.0,1.0,1.0,2.0,0.010096
927,JP,JP,CERAM,RETA1,153.56,2.0,1.0,1.0,2.0,0.013024
2101,JP,JP,ELEC1,EDUCA,196.05,2.0,1.0,1.0,2.0,0.010201
1164,JP,JP,COKE1,SALEM,194.73,2.0,1.0,1.0,2.0,0.010271
369,JP,JP,AUXIL,LANDT,155.39,2.0,1.0,1.0,2.0,0.012871
1558,JP,JP,DIST1,CERAM,193.33,2.0,1.0,1.0,2.0,0.010345
3140,JP,JP,FINAN,ELEC8,192.76,2.0,1.0,1.0,2.0,0.010376
2183,JP,JP,ELEC1,TEXTI,156.62,2.0,1.0,1.0,2.0,0.01277
1268,JP,JP,COMPU,GLASS,192.7,2.0,1.0,1.0,2.0,0.010379
1218,JP,JP,COMPU,ALUM1,156.83,2.0,1.0,1.0,2.0,0.012753
3169,JP,JP,FINAN,MEDIC,192.67,2.0,1.0,1.0,2.0,0.01038
5844,JP,JP,POSTT,WEARI,190.21,2.0,1.0,1.0,2.0,0.010515
2090,JP,JP,ELEC1,CHEM1,159.67,2.0,1.0,1.0,2.0,0.012526
340,JP,JP,AUXIL,EDUCA,190.16,2.0,1.0,1.0,2.0,0.010517
795,JP,JP,BUSIN,MEMBE,160.78,2.0,1.0,1.0,2.0,0.012439
5818,JP,JP,POSTT,RADIO,190.07,2.0,1.0,1.0,2.0,0.010522
7611,JP,JP,WEARI,RUBBE,51.7,2.0,1.0,1.0,2.0,0.038685
1038,JP,JP,CHEM1,RECRE,161.19,2.0,1.0,1.0,2.0,0.012408
6790,JP,JP,RUBBE,MEMBE,75.29,2.0,1.0,1.0,2.0,0.026564
4301,JP,JP,LANDT,MOTOR,68.15,2.0,1.0,1.0,2.0,0.029347
2517,JP,JP,ELEC4,SALEM,55.17,2.0,1.0,1.0,2.0,0.036252
7342,JP,JP,TRAN1,FISH5,54.81,2.0,1.0,1.0,2.0,0.03649
5798,JP,JP,POSTT,NONME,123.93,2.0,1.0,1.0,2.0,0.016138
5887,JP,JP,PRINT,CERAM,124.92,2.0,1.0,1.0,2.0,0.01601
7267,JP,JP,TEXTI,GLASS,55.05,2.0,1.0,1.0,2.0,0.036331
7352,JP,JP,TRAN1,LEAD1,56.52,2.0,1.0,1.0,2.0,0.035386
5827,JP,JP,POSTT,RETAI,125.87,2.0,1.0,1.0,2.0,0.015889
174,JP,JP,AIRTR,INSUR,117.3,2.0,1.0,1.0,2.0,0.01705
3084,JP,JP,FABRI,SEACO,125.89,2.0,1.0,1.0,2.0,0.015887
4797,JP,JP,MEMBE,LEATH,126.1,2.0,1.0,1.0,2.0,0.01586
484,JP,JP,BASIC,SUPPO,127.89,2.0,1.0,1.0,2.0,0.015638
5905,JP,JP,PRINT,ELEC2,126.29,2.0,1.0,1.0,2.0,0.015837
5521,JP,JP,PAPER,MOTO1,126.87,2.0,1.0,1.0,2.0,0.015764
7317,JP,JP,TRAN1,ALUM1,54.73,2.0,1.0,1.0,2.0,0.036543
2274,JP,JP,ELEC2,PROCE,64.9,2.0,1.0,1.0,2.0,0.030817
5206,JP,JP,NONME,BRICK,127.38,2.0,1.0,1.0,2.0,0.015701
2917,JP,JP,ELECT,DAIRY,118.58,2.0,1.0,1.0,2.0,0.016866
123,JP,JP,AIRTR,AIRTR,127.56,2.0,1.0,1.0,2.0,0.015679
6599,JP,JP,RESEA,SUPPO,133.68,2.0,1.0,1.0,2.0,0.014961
1447,JP,JP,CONST,STONE,117.88,2.0,1.0,1.0,2.0,0.016966
6525,JP,JP,RESEA,ELEC4,118.06,2.0,1.0,1.0,2.0,0.016941
5760,JP,JP,POSTT,ELECT,123.15,2.0,1.0,1.0,2.0,0.01624
7147,JP,JP,SUPPO,ELECT,56.45,2.0,1.0,1.0,2.0,0.03543
5911,JP,JP,PRINT,ELECT,119.76,2.0,1.0,1.0,2.0,0.0167
199,JP,JP,AIRTR,OFFIC,120.12,2.0,1.0,1.0,2.0,0.01665
3143,JP,JP,FINAN,FISH5,236.73,2.0,1.0,1.0,2.0,0.008448
7351,JP,JP,TRAN1,LANDT,55.99,2.0,1.0,1.0,2.0,0.035721
7336,JP,JP,TRAN1,DAIRY,45.38,2.0,1.0,1.0,2.0,0.044072
6202,JP,JP,RAILW,STONE,120.88,2.0,1.0,1.0,2.0,0.016545
1730,JP,JP,DISTR,RETAI,45.55,2.0,1.0,1.0,2.0,0.043908
2971,JP,JP,ELECT,VEGET,121.12,2.0,1.0,1.0,2.0,0.016513
5590,JP,JP,PFERT,CEREA,66.9,2.0,1.0,1.0,2.0,0.029895
4260,JP,JP,LANDT,DISTR,76.57,2.0,1.0,1.0,2.0,0.02612
6174,JP,JP,RAILW,PAPER,121.44,2.0,1.0,1.0,2.0,0.016469
644,JP,JP,BLAST,BASIC,237.93,2.0,1.0,1.0,2.0,0.008406
2050,JP,JP,ELE12,RETA1,45.85,2.0,1.0,1.0,2.0,0.043621
4057,JP,JP,INSUR,WOODW,118.07,2.0,1.0,1.0,2.0,0.016939
2049,JP,JP,ELE12,RESEA,54.4,2.0,1.0,1.0,2.0,0.036765
7364,JP,JP,TRAN1,NONF1,46.58,2.0,1.0,1.0,2.0,0.042937
1105,JP,JP,COKE1,BASIC,228.59,2.0,1.0,1.0,2.0,0.008749
2448,JP,JP,ELEC4,FABRI,46.87,2.0,1.0,1.0,2.0,0.042671
6442,JP,JP,REFI1,GASDI,535.34,2.0,1.0,1.0,2.0,0.003736
7377,JP,JP,TRAN1,RECRE,54.03,2.0,1.0,1.0,2.0,0.037016
2446,JP,JP,ELEC4,EDUCA,53.98,2.0,1.0,1.0,2.0,0.037051
5754,JP,JP,POSTT,ELEC2,132.1,2.0,1.0,1.0,2.0,0.01514
4481,JP,JP,LEATH,WEARI,53.81,2.0,1.0,1.0,2.0,0.037168
7427,JP,JP,TRANS,ELECT,132.39,2.0,1.0,1.0,2.0,0.015107
7775,JP,JP,WOODW,TRANS,115.54,2.0,1.0,1.0,2.0,0.01731
3464,JP,JP,FURNI,GLASS,115.7,2.0,1.0,1.0,2.0,0.017286
3391,JP,JP,FOUND,CONST,115.45,2.0,1.0,1.0,2.0,0.017324
3128,JP,JP,FINAN,DAIRY,247.25,2.0,1.0,1.0,2.0,0.008089
4323,JP,JP,LANDT,POULT,77.42,2.0,1.0,1.0,2.0,0.025833
3375,JP,JP,FORES,NONFE,14.73,2.0,1.0,1.0,2.0,0.135777
1246,JP,JP,COMPU,DIST1,133.59,2.0,1.0,1.0,2.0,0.014971
7148,JP,JP,SUPPO,FABRI,77.42,2.0,1.0,1.0,2.0,0.025833
2881,JP,JP,ELEC8,SANDC,131.28,2.0,1.0,1.0,2.0,0.015235
2853,JP,JP,ELEC8,PAPER,131.36,2.0,1.0,1.0,2.0,0.015225
2174,JP,JP,ELEC1,RUBBE,224.33,2.0,1.0,1.0,2.0,0.008915
235,JP,JP,AIRTR,WEARI,115.8,2.0,1.0,1.0,2.0,0.017271
6561,JP,JP,RESEA,MOTOR,128.6,2.0,1.0,1.0,2.0,0.015552
749,JP,JP,BUSIN,COKEO,116.21,2.0,1.0,1.0,2.0,0.01721
762,JP,JP,BUSIN,ELEC4,128.9,2.0,1.0,1.0,2.0,0.015516
946,JP,JP,CHEM1,ALUM1,129.23,2.0,1.0,1.0,2.0,0.015476
6205,JP,JP,RAILW,TEXTI,129.62,2.0,1.0,1.0,2.0,0.01543
1047,JP,JP,CHEM1,SUPPO,129.71,2.0,1.0,1.0,2.0,0.015419
2455,JP,JP,ELEC4,FURNI,57.08,2.0,1.0,1.0,2.0,0.035039
7528,JP,JP,WEARI,CHEM1,54.15,2.0,1.0,1.0,2.0,0.036934
160,JP,JP,AIRTR,FABRI,130.1,2.0,1.0,1.0,2.0,0.015373
1247,JP,JP,COMPU,DISTR,130.45,2.0,1.0,1.0,2.0,0.015332
1570,JP,JP,DIST1,DIST1,225.13,2.0,1.0,1.0,2.0,0.008884
738,JP,JP,BUSIN,BRICK,118.95,2.0,1.0,1.0,2.0,0.016814
1347,JP,JP,CONST,AIRTR,39.26,1.0,1.0,1.0,1.0,0.025471
2918,JP,JP,ELECT,DIST1,39.16,1.0,1.0,1.0,1.0,0.025536
7556,JP,JP,WEARI,FOUND,36.53,1.0,1.0,1.0,1.0,0.027375
3353,JP,JP,FORES,93197,4.91,1.0,1.0,1.0,1.0,0.203666
785,JP,JP,BUSIN,LEAD1,38.9,1.0,1.0,1.0,1.0,0.025707
7326,JP,JP,TRAN1,CERAM,37.01,1.0,1.0,1.0,1.0,0.02702
50,JP,JP,93197,GLASS,39.0,1.0,1.0,1.0,1.0,0.025641
3718,JP,JP,HEALT,CATTL,39.18,1.0,1.0,1.0,1.0,0.025523
1530,JP,JP,DAIRY,FISH5,40.03,1.0,1.0,1.0,1.0,0.024981
5938,JP,JP,PRINT,MEATP,37.2,1.0,1.0,1.0,1.0,0.026882
1409,JP,JP,CONST,MEDIC,36.66,1.0,1.0,1.0,1.0,0.027278
6835,JP,JP,RUBBE,TRAN2,38.18,1.0,1.0,1.0,1.0,0.026192
3649,JP,JP,GLASS,93197,38.61,1.0,1.0,1.0,1.0,0.0259
2959,JP,JP,ELECT,PULP5,38.61,1.0,1.0,1.0,1.0,0.0259
255,JP,JP,ALUM1,GLASS,38.23,1.0,1.0,1.0,1.0,0.026157
2258,JP,JP,ELEC2,NONFE,39.43,1.0,1.0,1.0,1.0,0.025361
7635,JP,JP,WHEAT,WHEAT,39.48,1.0,1.0,1.0,1.0,0.025329
228,JP,JP,AIRTR,SUPPO,38.14,1.0,1.0,1.0,1.0,0.026219
7313,JP,JP,TEXTI,WOODW,39.55,1.0,1.0,1.0,1.0,0.025284
4669,JP,JP,MEATC,93197,38.31,1.0,1.0,1.0,1.0,0.026103
1380,JP,JP,CONST,ELEC5,38.43,1.0,1.0,1.0,1.0,0.026021
3001,JP,JP,FABRI,CRUDE,39.39,1.0,1.0,1.0,1.0,0.025387
7696,JP,JP,WOODW,93197,39.36,1.0,1.0,1.0,1.0,0.025407
3448,JP,JP,FURNI,ELEC2,38.49,1.0,1.0,1.0,1.0,0.025981
6345,JP,JP,RECRE,CONST,38.14,1.0,1.0,1.0,1.0,0.026219
1839,JP,JP,EDUCA,SUPPO,38.14,1.0,1.0,1.0,1.0,0.026219
4758,JP,JP,MEMBE,COKEO,38.06,1.0,1.0,1.0,1.0,0.026274
919,JP,JP,CERAM,MOTO1,38.51,1.0,1.0,1.0,1.0,0.025967
2945,JP,JP,ELECT,MEMBE,37.98,1.0,1.0,1.0,1.0,0.02633
6409,JP,JP,RECRE,PUBLI,37.47,1.0,1.0,1.0,1.0,0.026688
4354,JP,JP,LANDT,VEGE1,37.37,1.0,1.0,1.0,1.0,0.026759
7449,JP,JP,VEGE1,HEALT,39.71,1.0,1.0,1.0,1.0,0.025183
7591,JP,JP,WEARI,PADDY,37.37,1.0,1.0,1.0,1.0,0.026759
3693,JP,JP,GLASS,PUBLI,37.32,1.0,1.0,1.0,1.0,0.026795
3386,JP,JP,FORES,WEARI,5.23,1.0,1.0,1.0,1.0,0.191205
5296,JP,JP,NONME,WOODW,39.32,1.0,1.0,1.0,1.0,0.025432
3976,JP,JP,INSUR,FOUND,39.9,1.0,1.0,1.0,1.0,0.025063
6587,JP,JP,RESEA,RECRE,38.52,1.0,1.0,1.0,1.0,0.025961
3519,JP,JP,FURNI,SEACO,38.6,1.0,1.0,1.0,1.0,0.025907
1410,JP,JP,CONST,MEMBE,39.99,1.0,1.0,1.0,1.0,0.025006
753,JP,JP,BUSIN,CRUDE,37.24,1.0,1.0,1.0,1.0,0.026853
5939,JP,JP,PRINT,MEDIC,38.6,1.0,1.0,1.0,1.0,0.025907
6581,JP,JP,RESEA,PREC1,39.31,1.0,1.0,1.0,1.0,0.025439
6605,JP,JP,RESEA,VEGE1,40.07,1.0,1.0,1.0,1.0,0.024956
6977,JP,JP,SEACO,TRAN2,43.99,1.0,1.0,1.0,1.0,0.022732
7443,JP,JP,VEGE1,DAIRY,40.14,1.0,1.0,1.0,1.0,0.024913
423,JP,JP,AUXIL,SEACO,46.92,1.0,1.0,1.0,1.0,0.021313
2996,JP,JP,FABRI,COKEO,47.9,1.0,1.0,1.0,1.0,0.020877
3329,JP,JP,FOOD5,MEATP,47.9,1.0,1.0,1.0,1.0,0.020877
5009,JP,JP,NATU1,MOTOR,47.77,1.0,1.0,1.0,1.0,0.020934
7124,JP,JP,SUPPO,CERAM,47.48,1.0,1.0,1.0,1.0,0.021061
4473,JP,JP,LEATH,STONE,47.22,1.0,1.0,1.0,1.0,0.021177
7726,JP,JP,WOODW,FORES,47.22,1.0,1.0,1.0,1.0,0.021177
2236,JP,JP,ELEC2,GLASS,47.2,1.0,1.0,1.0,1.0,0.021186
7190,JP,JP,SUPPO,PFERT,47.09,1.0,1.0,1.0,1.0,0.021236
2811,JP,JP,ELEC8,FABRI,47.03,1.0,1.0,1.0,1.0,0.021263
344,JP,JP,AUXIL,ELEC2,46.94,1.0,1.0,1.0,1.0,0.021304
3044,JP,JP,FABRI,MEMBE,46.92,1.0,1.0,1.0,1.0,0.021313
7220,JP,JP,SUPPO,TRAN2,46.63,1.0,1.0,1.0,1.0,0.021445
759,JP,JP,BUSIN,ELE12,44.97,1.0,1.0,1.0,1.0,0.022237
5264,JP,JP,NONME,PADDY,46.62,1.0,1.0,1.0,1.0,0.02145
2273,JP,JP,ELEC2,PRIVA,46.13,1.0,1.0,1.0,1.0,0.021678
7194,JP,JP,SUPPO,POSTT,46.11,1.0,1.0,1.0,1.0,0.021687
3052,JP,JP,FABRI,NONFE,45.82,1.0,1.0,1.0,1.0,0.021825
271,JP,JP,ALUM1,PREC1,45.62,1.0,1.0,1.0,1.0,0.02192
237,JP,JP,AIRTR,WOODW,45.57,1.0,1.0,1.0,1.0,0.021944
509,JP,JP,BEVER,WHOLE,45.45,1.0,1.0,1.0,1.0,0.022002
5596,JP,JP,PFERT,COPP1,45.37,1.0,1.0,1.0,1.0,0.022041
334,JP,JP,AUXIL,COPP1,45.34,1.0,1.0,1.0,1.0,0.022056
6436,JP,JP,RECRE,WHOLE,45.33,1.0,1.0,1.0,1.0,0.02206
7408,JP,JP,TRAN2,MOTOR,45.3,1.0,1.0,1.0,1.0,0.022075
1815,JP,JP,EDUCA,OFFIC,47.98,1.0,1.0,1.0,1.0,0.020842
1790,JP,JP,EDUCA,HEALT,48.22,1.0,1.0,1.0,1.0,0.020738
6370,JP,JP,RECRE,HEALT,48.4,1.0,1.0,1.0,1.0,0.020661
2168,JP,JP,ELEC1,RECRE,48.49,1.0,1.0,1.0,1.0,0.020623
6116,JP,JP,RAILW,BRICK,50.43,1.0,1.0,1.0,1.0,0.019829
821,JP,JP,BUSIN,PULP5,50.31,1.0,1.0,1.0,1.0,0.019877
2122,JP,JP,ELEC1,LANDT,50.25,1.0,1.0,1.0,1.0,0.0199
2096,JP,JP,ELEC1,COPP1,50.21,1.0,1.0,1.0,1.0,0.019916
5129,JP,JP,NFERT,VEGET,50.21,1.0,1.0,1.0,1.0,0.019916
4691,JP,JP,MEDIC,CERAM,50.0,1.0,1.0,1.0,1.0,0.02
7725,JP,JP,WOODW,FOOD5,49.84,1.0,1.0,1.0,1.0,0.020064
6608,JP,JP,RESEA,WOODW,49.83,1.0,1.0,1.0,1.0,0.020068
4770,JP,JP,MEMBE,ELEC2,49.69,1.0,1.0,1.0,1.0,0.020125
5478,JP,JP,PAPER,BASIC,49.62,1.0,1.0,1.0,1.0,0.020153
496,JP,JP,BEVER,FISH5,49.54,1.0,1.0,1.0,1.0,0.020186
4278,JP,JP,LANDT,GASDI,49.36,1.0,1.0,1.0,1.0,0.020259
2336,JP,JP,ELEC3,FOOD5,49.28,1.0,1.0,1.0,1.0,0.020292
936,JP,JP,CEREA,CATTL,49.27,1.0,1.0,1.0,1.0,0.020296
5519,JP,JP,PAPER,MEDIC,49.2,1.0,1.0,1.0,1.0,0.020325
337,JP,JP,AUXIL,DAIRY,49.14,1.0,1.0,1.0,1.0,0.02035
4319,JP,JP,LANDT,PIGS9,48.94,1.0,1.0,1.0,1.0,0.020433
5872,JP,JP,PRINT,AIRTR,48.92,1.0,1.0,1.0,1.0,0.020442
6142,JP,JP,RAILW,GLASS,48.66,1.0,1.0,1.0,1.0,0.020551
4752,JP,JP,MEMBE,CERAM,48.64,1.0,1.0,1.0,1.0,0.020559
6352,JP,JP,RECRE,EDUCA,48.6,1.0,1.0,1.0,1.0,0.020576
7262,JP,JP,TEXTI,FISHF,48.57,1.0,1.0,1.0,1.0,0.020589
4350,JP,JP,LANDT,TOBAC,48.51,1.0,1.0,1.0,1.0,0.020614
6908,JP,JP,SEACO,CONST,45.04,1.0,1.0,1.0,1.0,0.022202
2379,JP,JP,ELEC3,PLAST,44.78,1.0,1.0,1.0,1.0,0.022331
1198,JP,JP,COKEO,FOUND,40.24,1.0,1.0,1.0,1.0,0.024851
6522,JP,JP,RESEA,ELE12,41.19,1.0,1.0,1.0,1.0,0.024278
1339,JP,JP,COMPU,TRAN2,41.99,1.0,1.0,1.0,1.0,0.023815
3385,JP,JP,FORES,VEGET,5.59,1.0,1.0,1.0,1.0,0.178891
4741,JP,JP,MEMBE,BASIC,41.9,1.0,1.0,1.0,1.0,0.023866
6422,JP,JP,RECRE,SALEM,41.82,1.0,1.0,1.0,1.0,0.023912
7255,JP,JP,TEXTI,COMPU,41.79,1.0,1.0,1.0,1.0,0.023929
1762,JP,JP,EDUCA,CHEM1,41.76,1.0,1.0,1.0,1.0,0.023946
5873,JP,JP,PRINT,ALUM1,41.65,1.0,1.0,1.0,1.0,0.02401
2802,JP,JP,ELEC8,CONST,41.55,1.0,1.0,1.0,1.0,0.024067
5890,JP,JP,PRINT,CHEMI,41.55,1.0,1.0,1.0,1.0,0.024067
2440,JP,JP,ELEC4,CONST,41.41,1.0,1.0,1.0,1.0,0.024149
1443,JP,JP,CONST,RETAI,41.35,1.0,1.0,1.0,1.0,0.024184
2960,JP,JP,ELECT,RAWMI,41.18,1.0,1.0,1.0,1.0,0.024284
793,JP,JP,BUSIN,MEATP,44.76,1.0,1.0,1.0,1.0,0.022341
4324,JP,JP,LANDT,PREC1,40.97,1.0,1.0,1.0,1.0,0.024408
6489,JP,JP,RESEA,AIRTR,40.86,1.0,1.0,1.0,1.0,0.024474
6213,JP,JP,RAILW,WOODW,40.73,1.0,1.0,1.0,1.0,0.024552
5721,JP,JP,POSTT,ALUM1,40.6,1.0,1.0,1.0,1.0,0.024631
4285,JP,JP,LANDT,IRONO,40.56,1.0,1.0,1.0,1.0,0.024655
5252,JP,JP,NONME,MEDIC,40.48,1.0,1.0,1.0,1.0,0.024704
2987,JP,JP,FABRI,BUSIN,40.45,1.0,1.0,1.0,1.0,0.024722
256,JP,JP,ALUM1,LEAD1,40.39,1.0,1.0,1.0,1.0,0.024759
6188,JP,JP,RAILW,RAILW,40.25,1.0,1.0,1.0,1.0,0.024845
3370,JP,JP,FORES,LEATH,5.71,1.0,1.0,1.0,1.0,0.175131
7553,JP,JP,WEARI,FISHF,40.24,1.0,1.0,1.0,1.0,0.024851
2229,JP,JP,ELEC2,FINAN,42.1,1.0,1.0,1.0,1.0,0.023753
748,JP,JP,BUSIN,COKE1,42.2,1.0,1.0,1.0,1.0,0.023697
4374,JP,JP,LEAD1,LEAD1,42.23,1.0,1.0,1.0,1.0,0.02368
7433,JP,JP,TRANS,RETA1,42.46,1.0,1.0,1.0,1.0,0.023552
802,JP,JP,BUSIN,NONFE,44.67,1.0,1.0,1.0,1.0,0.022386
4414,JP,JP,LEATH,EDUCA,44.66,1.0,1.0,1.0,1.0,0.022391
3058,JP,JP,FABRI,PADDY,44.65,1.0,1.0,1.0,1.0,0.022396
227,JP,JP,AIRTR,STONE,44.49,1.0,1.0,1.0,1.0,0.022477
4835,JP,JP,MEMBE,RADIO,44.48,1.0,1.0,1.0,1.0,0.022482
5797,JP,JP,POSTT,NONFE,44.44,1.0,1.0,1.0,1.0,0.022502
2387,JP,JP,ELEC3,PUBLI,44.32,1.0,1.0,1.0,1.0,0.022563
2938,JP,JP,ELECT,LEATH,44.32,1.0,1.0,1.0,1.0,0.022563
2932,JP,JP,ELECT,FORES,44.21,1.0,1.0,1.0,1.0,0.022619
2796,JP,JP,ELEC8,CHEM1,44.12,1.0,1.0,1.0,1.0,0.022665
2435,JP,JP,ELEC4,CHEM1,43.97,1.0,1.0,1.0,1.0,0.022743
1287,JP,JP,COMPU,MEMBE,43.94,1.0,1.0,1.0,1.0,0.022758
4256,JP,JP,LANDT,CROPS,43.86,1.0,1.0,1.0,1.0,0.0228
2206,JP,JP,ELEC2,BUSIN,43.56,1.0,1.0,1.0,1.0,0.022957
3320,JP,JP,FOOD5,FORES,43.46,1.0,1.0,1.0,1.0,0.02301
2888,JP,JP,ELEC8,TEXTI,43.27,1.0,1.0,1.0,1.0,0.023111
4082,JP,JP,IRONO,BASIC,43.2,1.0,1.0,1.0,1.0,0.023148
2525,JP,JP,ELEC4,TEXTI,43.13,1.0,1.0,1.0,1.0,0.023186
5281,JP,JP,NONME,RUBBE,43.11,1.0,1.0,1.0,1.0,0.023196
4383,JP,JP,LEAD1,PREC1,42.89,1.0,1.0,1.0,1.0,0.023315
6132,JP,JP,RAILW,ELECT,42.7,1.0,1.0,1.0,1.0,0.023419
3525,JP,JP,FURNI,TEXTI,42.61,1.0,1.0,1.0,1.0,0.023469
1412,JP,JP,CONST,MOTOR,42.59,1.0,1.0,1.0,1.0,0.02348
4339,JP,JP,LANDT,RETAI,36.53,1.0,1.0,1.0,1.0,0.027375
3347,JP,JP,FOOD5,TEXTI,30.31,1.0,1.0,1.0,1.0,0.032992
1817,JP,JP,EDUCA,PAPER,36.36,1.0,1.0,1.0,1.0,0.027503
7593,JP,JP,WEARI,PFERT,25.17,1.0,1.0,1.0,1.0,0.03973
1740,JP,JP,DISTR,TRAN1,14.63,1.0,1.0,1.0,1.0,0.068353
2407,JP,JP,ELEC3,SUPPO,25.04,1.0,1.0,1.0,1.0,0.039936
5157,JP,JP,NONF1,GLASS,24.98,1.0,1.0,1.0,1.0,0.040032
4266,JP,JP,LANDT,ELEC4,24.92,1.0,1.0,1.0,1.0,0.040128
4412,JP,JP,LEATH,DIST1,24.81,1.0,1.0,1.0,1.0,0.040306
7221,JP,JP,SUPPO,TRANS,24.63,1.0,1.0,1.0,1.0,0.040601
1418,JP,JP,CONST,NONFE,24.61,1.0,1.0,1.0,1.0,0.040634
1717,JP,JP,DISTR,PFERT,24.59,1.0,1.0,1.0,1.0,0.040667
7759,JP,JP,WOODW,RAWMI,24.52,1.0,1.0,1.0,1.0,0.040783
2043,JP,JP,ELE12,RAILW,14.96,1.0,1.0,1.0,1.0,0.066845
1537,JP,JP,DAIRY,MEATC,24.51,1.0,1.0,1.0,1.0,0.0408
5178,JP,JP,NONF1,PUBLI,24.41,1.0,1.0,1.0,1.0,0.040967
2625,JP,JP,ELEC5,RETA1,24.39,1.0,1.0,1.0,1.0,0.041
7577,JP,JP,WEARI,MEDIC,15.16,1.0,1.0,1.0,1.0,0.065963
45,JP,JP,93197,FOOD5,24.32,1.0,1.0,1.0,1.0,0.041118
4657,JP,JP,MEAT4,HEALT,24.19,1.0,1.0,1.0,1.0,0.041339
5848,JP,JP,POULT,93197,15.3,1.0,1.0,1.0,1.0,0.065359
1439,JP,JP,CONST,RAWMI,24.1,1.0,1.0,1.0,1.0,0.041494
2271,JP,JP,ELEC2,PRECI,50.68,1.0,1.0,1.0,1.0,0.019732
1466,JP,JP,COPP1,MEDIC,24.0,1.0,1.0,1.0,1.0,0.041667
4257,JP,JP,LANDT,CRUDE,23.98,1.0,1.0,1.0,1.0,0.041701
6736,JP,JP,RUBBE,ALUM1,23.86,1.0,1.0,1.0,1.0,0.041911
1744,JP,JP,DISTR,VEGET,15.41,1.0,1.0,1.0,1.0,0.064893
1386,JP,JP,CONST,FISH5,23.8,1.0,1.0,1.0,1.0,0.042017
7183,JP,JP,SUPPO,NONSP,23.49,1.0,1.0,1.0,1.0,0.042571
6959,JP,JP,SEACO,PUBLI,23.41,1.0,1.0,1.0,1.0,0.042717
7349,JP,JP,TRAN1,INSUR,23.37,1.0,1.0,1.0,1.0,0.04279
115,JP,JP,93197,TRANS,14.59,1.0,1.0,1.0,1.0,0.06854
1400,JP,JP,CONST,LEAD1,25.2,1.0,1.0,1.0,1.0,0.039683
1705,JP,JP,DISTR,MEMBE,13.48,1.0,1.0,1.0,1.0,0.074184
2,JP,JP,93197,AIRTR,25.25,1.0,1.0,1.0,1.0,0.039604
1664,JP,JP,DISTR,BRICK,13.57,1.0,1.0,1.0,1.0,0.073692
2014,JP,JP,ELE12,MOTO1,13.84,1.0,1.0,1.0,1.0,0.072254
7411,JP,JP,TRAN2,NATUR,27.33,1.0,1.0,1.0,1.0,0.03659
7199,JP,JP,SUPPO,PULP5,27.28,1.0,1.0,1.0,1.0,0.036657
1415,JP,JP,CONST,NATUR,27.26,1.0,1.0,1.0,1.0,0.036684
4352,JP,JP,LANDT,TRAN2,27.25,1.0,1.0,1.0,1.0,0.036697
293,JP,JP,ANIMA,HEALT,13.88,1.0,1.0,1.0,1.0,0.072046
118,JP,JP,93197,WEARI,27.24,1.0,1.0,1.0,1.0,0.036711
4289,JP,JP,LANDT,LEAD1,27.2,1.0,1.0,1.0,1.0,0.036765
3346,JP,JP,FOOD5,SUPPO,27.14,1.0,1.0,1.0,1.0,0.036846
2542,JP,JP,ELEC5,BASIC,27.12,1.0,1.0,1.0,1.0,0.036873
2400,JP,JP,ELEC3,SALEM,27.02,1.0,1.0,1.0,1.0,0.03701
858,JP,JP,CATTL,RAWMI,14.0,1.0,1.0,1.0,1.0,0.071429
7417,JP,JP,TRAN2,PRECI,26.66,1.0,1.0,1.0,1.0,0.037509
2329,JP,JP,ELEC3,EDUCA,26.44,1.0,1.0,1.0,1.0,0.037821
1998,JP,JP,ELE12,HOTEL,14.2,1.0,1.0,1.0,1.0,0.070423
5659,JP,JP,PIGS9,PIGS9,14.29,1.0,1.0,1.0,1.0,0.069979
6802,JP,JP,RUBBE,PADDY,26.43,1.0,1.0,1.0,1.0,0.037836
6784,JP,JP,RUBBE,MEAT1,26.18,1.0,1.0,1.0,1.0,0.038197
3454,JP,JP,FURNI,ELECT,26.14,1.0,1.0,1.0,1.0,0.038256
5137,JP,JP,NONF1,CHEM1,25.93,1.0,1.0,1.0,1.0,0.038565
3307,JP,JP,FOOD5,BRICK,25.75,1.0,1.0,1.0,1.0,0.038835
295,JP,JP,ANIMA,MEAT4,25.65,1.0,1.0,1.0,1.0,0.038986
269,JP,JP,ALUM1,PAPER,25.54,1.0,1.0,1.0,1.0,0.039154
2532,JP,JP,ELEC4,WEARI,25.48,1.0,1.0,1.0,1.0,0.039246
73,JP,JP,93197,NATUR,14.42,1.0,1.0,1.0,1.0,0.069348
2477,JP,JP,ELEC4,MOTOR,25.33,1.0,1.0,1.0,1.0,0.039479
7337,JP,JP,TRAN1,DIST1,15.42,1.0,1.0,1.0,1.0,0.064851
1716,JP,JP,DISTR,PADDY,23.34,1.0,1.0,1.0,1.0,0.042845
5626,JP,JP,PFERT,OILSE,23.24,1.0,1.0,1.0,1.0,0.043029
7537,JP,JP,WEARI,DAIRY,23.12,1.0,1.0,1.0,1.0,0.043253
7370,JP,JP,TRAN1,PFERT,16.52,1.0,1.0,1.0,1.0,0.060533
2040,JP,JP,ELE12,PUBLI,19.37,1.0,1.0,1.0,1.0,0.051626
68,JP,JP,93197,MEMBE,16.68,1.0,1.0,1.0,1.0,0.059952
2521,JP,JP,ELEC4,STONE,16.74,1.0,1.0,1.0,1.0,0.059737
6907,JP,JP,SEACO,COMPU,16.96,1.0,1.0,1.0,1.0,0.058962
294,JP,JP,ANIMA,HOTEL,19.18,1.0,1.0,1.0,1.0,0.052138
1732,JP,JP,DISTR,SEACO,19.15,1.0,1.0,1.0,1.0,0.052219
6219,JP,JP,RAWMI,RAWMI,17.03,1.0,1.0,1.0,1.0,0.05872
2529,JP,JP,ELEC4,TRANS,17.07,1.0,1.0,1.0,1.0,0.058582
4442,JP,JP,LEATH,MEDIC,17.14,1.0,1.0,1.0,1.0,0.058343
94,JP,JP,93197,PULP5,17.26,1.0,1.0,1.0,1.0,0.057937
1697,JP,JP,DISTR,LEATH,18.97,1.0,1.0,1.0,1.0,0.052715
5146,JP,JP,NONF1,ELEC2,17.27,1.0,1.0,1.0,1.0,0.057904
7485,JP,JP,VEGET,SUPPO,17.34,1.0,1.0,1.0,1.0,0.05767
4444,JP,JP,LEATH,MOTO1,17.48,1.0,1.0,1.0,1.0,0.057208
7258,JP,JP,TEXTI,ELECT,17.69,1.0,1.0,1.0,1.0,0.056529
4476,JP,JP,LEATH,TEXTI,18.82,1.0,1.0,1.0,1.0,0.053135
2536,JP,JP,ELEC4,WOODW,18.69,1.0,1.0,1.0,1.0,0.053505
292,JP,JP,ANIMA,FURNI,17.71,1.0,1.0,1.0,1.0,0.056465
6971,JP,JP,SEACO,SANDC,17.93,1.0,1.0,1.0,1.0,0.055772
7251,JP,JP,TEXTI,BUSIN,18.65,1.0,1.0,1.0,1.0,0.053619
22,JP,JP,93197,COKEO,17.97,1.0,1.0,1.0,1.0,0.055648
2497,JP,JP,ELEC4,POSTT,18.63,1.0,1.0,1.0,1.0,0.053677
2456,JP,JP,ELEC4,GASDI,18.35,1.0,1.0,1.0,1.0,0.054496
2501,JP,JP,ELEC4,PRINT,18.08,1.0,1.0,1.0,1.0,0.05531
2509,JP,JP,ELEC4,REALE,18.28,1.0,1.0,1.0,1.0,0.054705
1959,JP,JP,ELE12,ANIMA,18.28,1.0,1.0,1.0,1.0,0.054705
2032,JP,JP,ELE12,PLAST,19.57,1.0,1.0,1.0,1.0,0.051099
7223,JP,JP,SUPPO,VEGET,19.79,1.0,1.0,1.0,1.0,0.050531
6744,JP,JP,RUBBE,BRICK,20.16,1.0,1.0,1.0,1.0,0.049603
4467,JP,JP,LEATH,RETA1,21.65,1.0,1.0,1.0,1.0,0.046189
2426,JP,JP,ELEC4,BEVER,22.97,1.0,1.0,1.0,1.0,0.043535
2332,JP,JP,ELEC3,FABRI,22.96,1.0,1.0,1.0,1.0,0.043554
15,JP,JP,93197,CERAM,22.93,1.0,1.0,1.0,1.0,0.043611
2265,JP,JP,ELEC2,PFERT,22.73,1.0,1.0,1.0,1.0,0.043995
6427,JP,JP,RECRE,SUPPO,22.37,1.0,1.0,1.0,1.0,0.044703
1681,JP,JP,DISTR,DIST1,22.36,1.0,1.0,1.0,1.0,0.044723
7369,JP,JP,TRAN1,PADDY,15.71,1.0,1.0,1.0,1.0,0.063654
7129,JP,JP,SUPPO,COALT,22.29,1.0,1.0,1.0,1.0,0.044863
6374,JP,JP,RECRE,INSUR,22.13,1.0,1.0,1.0,1.0,0.045188
5166,JP,JP,NONF1,MEMBE,15.83,1.0,1.0,1.0,1.0,0.063171
4293,JP,JP,LANDT,MEAT1,21.99,1.0,1.0,1.0,1.0,0.045475
47,JP,JP,93197,FOUND,21.91,1.0,1.0,1.0,1.0,0.045641
4676,JP,JP,MEATP,93197,15.85,1.0,1.0,1.0,1.0,0.063091
7,JP,JP,93197,BEVER,20.28,1.0,1.0,1.0,1.0,0.04931
2318,JP,JP,ELEC3,CHEM1,21.53,1.0,1.0,1.0,1.0,0.046447
7483,JP,JP,VEGET,PUBLI,16.11,1.0,1.0,1.0,1.0,0.062073
1704,JP,JP,DISTR,MEDIC,16.29,1.0,1.0,1.0,1.0,0.061387
1990,JP,JP,ELE12,FOOD5,21.53,1.0,1.0,1.0,1.0,0.046447
86,JP,JP,93197,PLAST,21.52,1.0,1.0,1.0,1.0,0.046468
2264,JP,JP,ELEC2,PADDY,21.5,1.0,1.0,1.0,1.0,0.046512
6361,JP,JP,RECRE,FINAN,21.35,1.0,1.0,1.0,1.0,0.046838
2408,JP,JP,ELEC3,TEXTI,21.12,1.0,1.0,1.0,1.0,0.047348
5,JP,JP,93197,AUXIL,21.03,1.0,1.0,1.0,1.0,0.047551
2484,JP,JP,ELEC4,NONME,20.8,1.0,1.0,1.0,1.0,0.048077
1474,JP,JP,CROPS,CATTL,20.58,1.0,1.0,1.0,1.0,0.048591
2323,JP,JP,ELEC3,CONST,20.28,1.0,1.0,1.0,1.0,0.04931
3094,JP,JP,FABRI,VEGET,27.42,1.0,1.0,1.0,1.0,0.03647
5163,JP,JP,NONF1,LEATH,13.4,1.0,1.0,1.0,1.0,0.074627
5975,JP,JP,PRINT,RETAI,36.34,1.0,1.0,1.0,1.0,0.027518
5198,JP,JP,NONME,93197,34.18,1.0,1.0,1.0,1.0,0.029257
3354,JP,JP,FORES,BITUM,4.3,1.0,1.0,1.0,1.0,0.232558
7119,JP,JP,SUPPO,BITU1,33.93,1.0,1.0,1.0,1.0,0.029472
7552,JP,JP,WEARI,FISH5,33.76,1.0,1.0,1.0,1.0,0.029621
851,JP,JP,CATTL,LEATH,33.69,1.0,1.0,1.0,1.0,0.029682
7324,JP,JP,TRAN1,BUSIN,33.67,1.0,1.0,1.0,1.0,0.0297
2863,JP,JP,ELEC8,PRECI,33.56,1.0,1.0,1.0,1.0,0.029797
2780,JP,JP,ELEC8,93197,33.52,1.0,1.0,1.0,1.0,0.029833
2968,JP,JP,ELECT,TRAN1,33.52,1.0,1.0,1.0,1.0,0.029833
2500,JP,JP,ELEC4,PRECI,33.44,1.0,1.0,1.0,1.0,0.029904
5964,JP,JP,PRINT,PROCE,33.41,1.0,1.0,1.0,1.0,0.029931
2420,JP,JP,ELEC4,93197,33.41,1.0,1.0,1.0,1.0,0.029931
4373,JP,JP,LEAD1,GLASS,33.22,1.0,1.0,1.0,1.0,0.030102
6122,JP,JP,RAILW,CHEMI,33.16,1.0,1.0,1.0,1.0,0.030157
3734,JP,JP,HEALT,PIGS9,33.13,1.0,1.0,1.0,1.0,0.030184
248,JP,JP,ALUM1,DAIRY,33.03,1.0,1.0,1.0,1.0,0.030276
6542,JP,JP,RESEA,HEAVY,33.01,1.0,1.0,1.0,1.0,0.030294
7402,JP,JP,TRAN2,GASDI,32.81,1.0,1.0,1.0,1.0,0.030479
5447,JP,JP,PADDY,POULT,32.65,1.0,1.0,1.0,1.0,0.030628
3433,JP,JP,FURNI,CHEMI,32.64,1.0,1.0,1.0,1.0,0.030637
7622,JP,JP,WEARI,TRANS,32.55,1.0,1.0,1.0,1.0,0.030722
7341,JP,JP,TRAN1,FINAN,32.54,1.0,1.0,1.0,1.0,0.030731
5189,JP,JP,NONFE,CERAM,7.59,1.0,1.0,1.0,1.0,0.131752
2344,JP,JP,ELEC3,HOTEL,32.5,1.0,1.0,1.0,1.0,0.030769
4000,JP,JP,INSUR,MOTOR,32.37,1.0,1.0,1.0,1.0,0.030893
3932,JP,JP,INSUR,AUXIL,32.24,1.0,1.0,1.0,1.0,0.031017
638,JP,JP,BITUM,MOTO1,32.2,1.0,1.0,1.0,1.0,0.031056
3455,JP,JP,FURNI,FABRI,32.18,1.0,1.0,1.0,1.0,0.031075
2967,JP,JP,ELECT,TOBAC,34.18,1.0,1.0,1.0,1.0,0.029257
2390,JP,JP,ELEC3,RAILW,34.23,1.0,1.0,1.0,1.0,0.029214
121,JP,JP,93197,WOODW,27.61,1.0,1.0,1.0,1.0,0.036219
4372,JP,JP,LEAD1,FURNI,34.29,1.0,1.0,1.0,1.0,0.029163
737,JP,JP,BUSIN,BLAST,36.24,1.0,1.0,1.0,1.0,0.027594
6815,JP,JP,RUBBE,PULP5,36.2,1.0,1.0,1.0,1.0,0.027624
2364,JP,JP,ELEC3,NATUR,36.09,1.0,1.0,1.0,1.0,0.027709
3736,JP,JP,HEALT,POULT,36.08,1.0,1.0,1.0,1.0,0.027716
3458,JP,JP,FURNI,FISHF,35.92,1.0,1.0,1.0,1.0,0.02784
5450,JP,JP,PADDY,RAWMI,35.9,1.0,1.0,1.0,1.0,0.027855
6955,JP,JP,SEACO,POSTT,35.86,1.0,1.0,1.0,1.0,0.027886
4049,JP,JP,INSUR,TRAN2,35.83,1.0,1.0,1.0,1.0,0.02791
4329,JP,JP,LANDT,PULP5,35.8,1.0,1.0,1.0,1.0,0.027933
6981,JP,JP,SEACO,WHOLE,35.8,1.0,1.0,1.0,1.0,0.027933
7374,JP,JP,TRAN1,PRIVA,35.66,1.0,1.0,1.0,1.0,0.028043
5699,JP,JP,PLAST,HEALT,35.6,1.0,1.0,1.0,1.0,0.02809
2869,JP,JP,ELEC8,RADIO,35.6,1.0,1.0,1.0,1.0,0.02809
2506,JP,JP,ELEC4,RADIO,35.48,1.0,1.0,1.0,1.0,0.028185
7150,JP,JP,SUPPO,FISH5,35.4,1.0,1.0,1.0,1.0,0.028249
1775,JP,JP,EDUCA,ELEC2,35.22,1.0,1.0,1.0,1.0,0.028393
3972,JP,JP,INSUR,FISH5,35.01,1.0,1.0,1.0,1.0,0.028563
1812,JP,JP,EDUCA,NONFE,34.8,1.0,1.0,1.0,1.0,0.028736
2793,JP,JP,ELEC8,CEMEN,34.73,1.0,1.0,1.0,1.0,0.028794
2432,JP,JP,ELEC4,CEMEN,34.61,1.0,1.0,1.0,1.0,0.028893
5003,JP,JP,NATU1,GASDI,34.6,1.0,1.0,1.0,1.0,0.028902
2957,JP,JP,ELECT,PREC1,34.59,1.0,1.0,1.0,1.0,0.02891
7464,JP,JP,VEGE1,PLAST,34.58,1.0,1.0,1.0,1.0,0.028918
7347,JP,JP,TRAN1,GLASS,34.49,1.0,1.0,1.0,1.0,0.028994
4332,JP,JP,LANDT,RAWMI,34.48,1.0,1.0,1.0,1.0,0.029002
4269,JP,JP,LANDT,ELEC8,34.47,1.0,1.0,1.0,1.0,0.029011
3429,JP,JP,FURNI,CEMEN,34.41,1.0,1.0,1.0,1.0,0.029061
6748,JP,JP,RUBBE,CERAM,32.16,1.0,1.0,1.0,1.0,0.031095
2984,JP,JP,FABRI,BITUM,32.0,1.0,1.0,1.0,1.0,0.03125
263,JP,JP,ALUM1,MEDIC,31.94,1.0,1.0,1.0,1.0,0.031309
7328,JP,JP,TRAN1,CHEMI,31.86,1.0,1.0,1.0,1.0,0.031387
1076,JP,JP,CHEMI,PULP5,30.13,1.0,1.0,1.0,1.0,0.03319
1797,JP,JP,EDUCA,LANDT,30.02,1.0,1.0,1.0,1.0,0.033311
3231,JP,JP,FISH5,93197,29.93,1.0,1.0,1.0,1.0,0.033411
109,JP,JP,93197,STONE,29.86,1.0,1.0,1.0,1.0,0.03349
6532,JP,JP,RESEA,FINAN,29.69,1.0,1.0,1.0,1.0,0.033681
7227,JP,JP,SUPPO,WOODW,29.35,1.0,1.0,1.0,1.0,0.034072
1469,JP,JP,COPP1,PREC1,29.18,1.0,1.0,1.0,1.0,0.03427
2624,JP,JP,ELEC5,RESEA,28.93,1.0,1.0,1.0,1.0,0.034566
7365,JP,JP,TRAN1,NONFE,28.82,1.0,1.0,1.0,1.0,0.034698
4683,JP,JP,MEATP,PUBLI,11.54,1.0,1.0,1.0,1.0,0.086655
7331,JP,JP,TRAN1,COKEO,28.81,1.0,1.0,1.0,1.0,0.03471
2997,JP,JP,FABRI,COMPU,28.77,1.0,1.0,1.0,1.0,0.034758
201,JP,JP,AIRTR,PAPER,28.72,1.0,1.0,1.0,1.0,0.034819
7259,JP,JP,TEXTI,FABRI,28.56,1.0,1.0,1.0,1.0,0.035014
3747,JP,JP,HEALT,SUPPO,28.27,1.0,1.0,1.0,1.0,0.035373
2342,JP,JP,ELEC3,HEALT,28.08,1.0,1.0,1.0,1.0,0.035613
1783,JP,JP,EDUCA,FINAN,28.02,1.0,1.0,1.0,1.0,0.035689
2027,JP,JP,ELE12,PAPER,28.02,1.0,1.0,1.0,1.0,0.035689
2054,JP,JP,ELE12,SANDC,28.0,1.0,1.0,1.0,1.0,0.035714
7420,JP,JP,TRAN2,RETAI,27.98,1.0,1.0,1.0,1.0,0.03574
2339,JP,JP,ELEC3,FURNI,27.96,1.0,1.0,1.0,1.0,0.035765
4865,JP,JP,MOTO1,LANDT,27.9,1.0,1.0,1.0,1.0,0.035842
7108,JP,JP,SUGAR,SUGA1,12.97,1.0,1.0,1.0,1.0,0.077101
3051,JP,JP,FABRI,NONF1,27.82,1.0,1.0,1.0,1.0,0.035945
2052,JP,JP,ELE12,RUBBE,13.22,1.0,1.0,1.0,1.0,0.075643
3330,JP,JP,FOOD5,NFERT,27.68,1.0,1.0,1.0,1.0,0.036127
6912,JP,JP,SEACO,EDUCA,27.62,1.0,1.0,1.0,1.0,0.036206
5649,JP,JP,PFERT,WHEAT,30.15,1.0,1.0,1.0,1.0,0.033167
2240,JP,JP,ELEC2,INSUR,30.23,1.0,1.0,1.0,1.0,0.03308
1728,JP,JP,DISTR,RAWMI,11.32,1.0,1.0,1.0,1.0,0.088339
1392,JP,JP,CONST,GASDI,30.85,1.0,1.0,1.0,1.0,0.032415
5900,JP,JP,PRINT,DIST1,31.71,1.0,1.0,1.0,1.0,0.031536
2360,JP,JP,ELEC3,MOTO1,31.68,1.0,1.0,1.0,1.0,0.031566
3249,JP,JP,FISHF,93197,31.63,1.0,1.0,1.0,1.0,0.031616
7293,JP,JP,TEXTI,RAILW,31.53,1.0,1.0,1.0,1.0,0.031716
2487,JP,JP,ELEC4,OFFIC,31.49,1.0,1.0,1.0,1.0,0.031756
5859,JP,JP,POULT,PFERT,31.4,1.0,1.0,1.0,1.0,0.031847
1428,JP,JP,CONST,PIGS9,31.33,1.0,1.0,1.0,1.0,0.031918
7305,JP,JP,TEXTI,SUPPO,31.05,1.0,1.0,1.0,1.0,0.032206
2505,JP,JP,ELEC4,PULP5,31.03,1.0,1.0,1.0,1.0,0.032227
4252,JP,JP,LANDT,COKEO,31.0,1.0,1.0,1.0,1.0,0.032258
3969,JP,JP,INSUR,ELECT,30.97,1.0,1.0,1.0,1.0,0.032289
3331,JP,JP,FOOD5,NONME,30.97,1.0,1.0,1.0,1.0,0.032289
3373,JP,JP,FORES,NATUR,7.73,1.0,1.0,1.0,1.0,0.129366
2399,JP,JP,ELEC3,RUBBE,30.26,1.0,1.0,1.0,1.0,0.033047
5196,JP,JP,NONFE,PLAST,8.05,1.0,1.0,1.0,1.0,0.124224
1781,JP,JP,EDUCA,ELECT,30.71,1.0,1.0,1.0,1.0,0.032563
178,JP,JP,AIRTR,LANDT,30.67,1.0,1.0,1.0,1.0,0.032605
7668,JP,JP,WHOLE,COKEO,8.69,1.0,1.0,1.0,1.0,0.115075
5145,JP,JP,NONF1,ELEC1,10.05,1.0,1.0,1.0,1.0,0.099502
6834,JP,JP,RUBBE,TOBAC,30.65,1.0,1.0,1.0,1.0,0.032626
2535,JP,JP,ELEC4,WHOLE,30.56,1.0,1.0,1.0,1.0,0.032723
1494,JP,JP,CROPS,PULP5,10.16,1.0,1.0,1.0,1.0,0.098425
1471,JP,JP,CROPS,ANIMA,10.59,1.0,1.0,1.0,1.0,0.094429
6927,JP,JP,SEACO,INSUR,30.5,1.0,1.0,1.0,1.0,0.032787
5658,JP,JP,PIGS9,PFERT,10.82,1.0,1.0,1.0,1.0,0.092421
6810,JP,JP,RUBBE,POSTT,30.44,1.0,1.0,1.0,1.0,0.032852
2209,JP,JP,ELEC2,CERAM,50.64,1.0,1.0,1.0,1.0,0.019747
5279,JP,JP,NONME,RETA1,59.94,1.0,1.0,1.0,1.0,0.016683
3457,JP,JP,FURNI,FISH5,50.7,1.0,1.0,1.0,1.0,0.019724
1017,JP,JP,CHEM1,NONME,80.64,1.0,1.0,1.0,1.0,0.012401
5981,JP,JP,PRINT,STONE,84.23,1.0,1.0,1.0,1.0,0.011872
6692,JP,JP,RETA1,PAPER,83.75,1.0,1.0,1.0,1.0,0.01194
3221,JP,JP,FINAN,TRAN1,83.54,1.0,1.0,1.0,1.0,0.01197
610,JP,JP,BITU1,MOTOR,233.68,1.0,1.0,1.0,1.0,0.004279
2080,JP,JP,ELEC1,BEVER,83.41,1.0,1.0,1.0,1.0,0.011989
6160,JP,JP,RAILW,MEMBE,83.1,1.0,1.0,1.0,1.0,0.012034
3948,JP,JP,INSUR,CHEMI,82.3,1.0,1.0,1.0,1.0,0.012151
4755,JP,JP,MEMBE,CHEMI,81.96,1.0,1.0,1.0,1.0,0.012201
4050,JP,JP,INSUR,TRANS,81.12,1.0,1.0,1.0,1.0,0.012327
126,JP,JP,AIRTR,BASIC,81.12,1.0,1.0,1.0,1.0,0.012327
4853,JP,JP,MEMBE,TEXTI,80.59,1.0,1.0,1.0,1.0,0.012408
5261,JP,JP,NONME,OFFIC,84.8,1.0,1.0,1.0,1.0,0.011792
3982,JP,JP,INSUR,HOTEL,79.2,1.0,1.0,1.0,1.0,0.012626
3078,JP,JP,FABRI,RESEA,78.88,1.0,1.0,1.0,1.0,0.012677
497,JP,JP,BEVER,FISHF,78.13,1.0,1.0,1.0,1.0,0.012799
6168,JP,JP,RAILW,NONFE,78.02,1.0,1.0,1.0,1.0,0.012817
1792,JP,JP,EDUCA,HOTEL,77.92,1.0,1.0,1.0,1.0,0.012834
3119,JP,JP,FINAN,CHEMI,77.91,1.0,1.0,1.0,1.0,0.012835
3928,JP,JP,INSUR,93197,77.63,1.0,1.0,1.0,1.0,0.012882
6556,JP,JP,RESEA,MEATC,77.54,1.0,1.0,1.0,1.0,0.012897
3549,JP,JP,GASDI,CERAM,350.69,1.0,1.0,1.0,1.0,0.002852
2928,JP,JP,ELECT,ELEC8,77.34,1.0,1.0,1.0,1.0,0.01293
1632,JP,JP,DIST1,REALE,84.24,1.0,1.0,1.0,1.0,0.011871
1028,JP,JP,CHEM1,PIGS9,84.93,1.0,1.0,1.0,1.0,0.011774
4222,JP,JP,KEROS,NAPHT,352.97,1.0,1.0,1.0,1.0,0.002833
4806,JP,JP,MEMBE,MOTO1,88.01,1.0,1.0,1.0,1.0,0.011362
1598,JP,JP,DIST1,LANDT,92.85,1.0,1.0,1.0,1.0,0.01077
2190,JP,JP,ELEC1,WEARI,92.54,1.0,1.0,1.0,1.0,0.010806
4135,JP,JP,KERO1,HEALT,218.96,1.0,1.0,1.0,1.0,0.004567
3564,JP,JP,GASDI,ELECT,221.51,1.0,1.0,1.0,1.0,0.004514
2135,JP,JP,ELEC1,MOTOR,91.99,1.0,1.0,1.0,1.0,0.010871
2859,JP,JP,ELEC8,PLAST,91.75,1.0,1.0,1.0,1.0,0.010899
1342,JP,JP,COMPU,VEGET,91.46,1.0,1.0,1.0,1.0,0.010934
6615,JP,JP,RETA1,BASIC,91.45,1.0,1.0,1.0,1.0,0.010935
2867,JP,JP,ELEC8,PUBLI,90.8,1.0,1.0,1.0,1.0,0.011013
3147,JP,JP,FINAN,FOUND,90.45,1.0,1.0,1.0,1.0,0.011056
761,JP,JP,BUSIN,ELEC3,87.63,1.0,1.0,1.0,1.0,0.011412
2910,JP,JP,ELECT,CHEMI,85.04,1.0,1.0,1.0,1.0,0.011759
197,JP,JP,AIRTR,NONME,50.81,1.0,1.0,1.0,1.0,0.019681
1245,JP,JP,COMPU,DAIRY,87.23,1.0,1.0,1.0,1.0,0.011464
489,JP,JP,BASIC,WOODW,86.65,1.0,1.0,1.0,1.0,0.011541
5794,JP,JP,POSTT,NATUR,86.52,1.0,1.0,1.0,1.0,0.011558
660,JP,JP,BLAST,FABRI,86.45,1.0,1.0,1.0,1.0,0.011567
4506,JP,JP,LIQUE,DIST1,230.34,1.0,1.0,1.0,1.0,0.004341
1560,JP,JP,DIST1,CHEM1,85.87,1.0,1.0,1.0,1.0,0.011646
3630,JP,JP,GASDI,SALEM,231.13,1.0,1.0,1.0,1.0,0.004327
4857,JP,JP,MEMBE,TRANS,85.51,1.0,1.0,1.0,1.0,0.011695
2739,JP,JP,ELEC6,RETA1,85.4,1.0,1.0,1.0,1.0,0.01171
839,JP,JP,BUSIN,TRAN1,77.28,1.0,1.0,1.0,1.0,0.01294
6870,JP,JP,SANDC,BRICK,76.96,1.0,1.0,1.0,1.0,0.012994
5232,JP,JP,NONME,ELECT,76.85,1.0,1.0,1.0,1.0,0.013012
6714,JP,JP,RETA1,RUBBE,69.51,1.0,1.0,1.0,1.0,0.014386
6260,JP,JP,REALE,FOOD5,591.73,1.0,1.0,1.0,1.0,0.00169
3473,JP,JP,FURNI,LANDT,71.46,1.0,1.0,1.0,1.0,0.013994
3167,JP,JP,FINAN,MEATC,71.07,1.0,1.0,1.0,1.0,0.014071
4849,JP,JP,MEMBE,STONE,70.95,1.0,1.0,1.0,1.0,0.014094
6602,JP,JP,RESEA,TRAN1,70.78,1.0,1.0,1.0,1.0,0.014128
1437,JP,JP,CONST,PULP5,70.6,1.0,1.0,1.0,1.0,0.014164
1767,JP,JP,EDUCA,CONST,70.43,1.0,1.0,1.0,1.0,0.014198
2870,JP,JP,ELEC8,RAILW,70.12,1.0,1.0,1.0,1.0,0.014261
3754,JP,JP,HEAVY,BASIC,249.86,1.0,1.0,1.0,1.0,0.004002
4007,JP,JP,INSUR,NONME,69.52,1.0,1.0,1.0,1.0,0.014384
2950,JP,JP,ELECT,NONFE,69.42,1.0,1.0,1.0,1.0,0.014405
3686,JP,JP,GLASS,NONME,76.72,1.0,1.0,1.0,1.0,0.013034
6550,JP,JP,RESEA,LEATH,69.29,1.0,1.0,1.0,1.0,0.014432
1201,JP,JP,COKEO,HOTEL,69.29,1.0,1.0,1.0,1.0,0.014432
6723,JP,JP,RETA1,TEXTI,69.26,1.0,1.0,1.0,1.0,0.014438
3041,JP,JP,FABRI,MEATC,69.16,1.0,1.0,1.0,1.0,0.014459
216,JP,JP,AIRTR,RECRE,68.63,1.0,1.0,1.0,1.0,0.014571
3572,JP,JP,GASDI,FURNI,254.44,1.0,1.0,1.0,1.0,0.00393
4027,JP,JP,INSUR,RADIO,68.59,1.0,1.0,1.0,1.0,0.014579
776,JP,JP,BUSIN,GASDI,68.11,1.0,1.0,1.0,1.0,0.014682
2194,JP,JP,ELEC1,WOODW,67.88,1.0,1.0,1.0,1.0,0.014732
1332,JP,JP,COMPU,STONE,67.86,1.0,1.0,1.0,1.0,0.014736
5833,JP,JP,POSTT,STONE,71.66,1.0,1.0,1.0,1.0,0.013955
992,JP,JP,CHEM1,GASDI,72.15,1.0,1.0,1.0,1.0,0.01386
841,JP,JP,BUSIN,VEGE1,72.21,1.0,1.0,1.0,1.0,0.013848
3510,JP,JP,FURNI,REALE,72.23,1.0,1.0,1.0,1.0,0.013845
4779,JP,JP,MEMBE,FISH5,76.57,1.0,1.0,1.0,1.0,0.01306
1009,JP,JP,CHEM1,MEMBE,76.56,1.0,1.0,1.0,1.0,0.013062
2947,JP,JP,ELECT,NATUR,75.69,1.0,1.0,1.0,1.0,0.013212
2142,JP,JP,ELEC1,NONME,75.54,1.0,1.0,1.0,1.0,0.013238
439,JP,JP,AUXIL,WOODW,75.47,1.0,1.0,1.0,1.0,0.01325
1016,JP,JP,CHEM1,NONFE,75.45,1.0,1.0,1.0,1.0,0.013254
1033,JP,JP,CHEM1,PRIVA,75.04,1.0,1.0,1.0,1.0,0.013326
4783,JP,JP,MEMBE,FOUND,74.95,1.0,1.0,1.0,1.0,0.013342
4754,JP,JP,MEMBE,CHEM1,74.69,1.0,1.0,1.0,1.0,0.013389
974,JP,JP,CHEM1,DIST1,74.04,1.0,1.0,1.0,1.0,0.013506
222,JP,JP,AIRTR,RUBBE,73.9,1.0,1.0,1.0,1.0,0.013532
229,JP,JP,AIRTR,TEXTI,73.69,1.0,1.0,1.0,1.0,0.01357
420,JP,JP,AUXIL,RUBBE,73.6,1.0,1.0,1.0,1.0,0.013587
4729,JP,JP,MEDIC,STONE,73.45,1.0,1.0,1.0,1.0,0.013615
1595,JP,JP,DIST1,INSUR,73.41,1.0,1.0,1.0,1.0,0.013622
6567,JP,JP,RESEA,NONFE,73.14,1.0,1.0,1.0,1.0,0.013672
6292,JP,JP,REALE,PAPER,345.21,1.0,1.0,1.0,1.0,0.002897
1257,JP,JP,COMPU,ELEC8,73.14,1.0,1.0,1.0,1.0,0.013672
1073,JP,JP,CHEMI,PAPER,73.0,1.0,1.0,1.0,1.0,0.013699
4023,JP,JP,INSUR,PRINT,72.51,1.0,1.0,1.0,1.0,0.013791
465,JP,JP,BASIC,MEMBE,72.49,1.0,1.0,1.0,1.0,0.013795
3540,JP,JP,GASDI,BASIC,218.53,1.0,1.0,1.0,1.0,0.004576
3666,JP,JP,GLASS,FABRI,93.28,1.0,1.0,1.0,1.0,0.01072
4038,JP,JP,INSUR,SALEM,67.64,1.0,1.0,1.0,1.0,0.014784
2158,JP,JP,ELEC1,PRECI,121.44,1.0,1.0,1.0,1.0,0.008235
2164,JP,JP,ELEC1,RADIO,128.84,1.0,1.0,1.0,1.0,0.007762
428,JP,JP,AUXIL,SUPPO,127.53,1.0,1.0,1.0,1.0,0.007841
3570,JP,JP,GASDI,FORES,387.2,1.0,1.0,1.0,1.0,0.002583
1620,JP,JP,DIST1,PFERT,125.94,1.0,1.0,1.0,1.0,0.00794
3189,JP,JP,FINAN,PFERT,125.86,1.0,1.0,1.0,1.0,0.007945
2086,JP,JP,ELEC1,CEMEN,125.68,1.0,1.0,1.0,1.0,0.007957
600,JP,JP,BITU1,GASDI,169.26,1.0,1.0,1.0,1.0,0.005908
1042,JP,JP,CHEM1,SANDC,123.78,1.0,1.0,1.0,1.0,0.008079
3209,JP,JP,FINAN,RETAI,123.15,1.0,1.0,1.0,1.0,0.00812
1085,JP,JP,COALT,COKEO,171.95,1.0,1.0,1.0,1.0,0.005816
2073,JP,JP,ELEC1,93197,121.33,1.0,1.0,1.0,1.0,0.008242
3565,JP,JP,GASDI,FABRI,166.47,1.0,1.0,1.0,1.0,0.006007
1000,JP,JP,CHEM1,LEATH,120.65,1.0,1.0,1.0,1.0,0.008288
1623,JP,JP,DIST1,POSTT,119.11,1.0,1.0,1.0,1.0,0.008396
1630,JP,JP,DIST1,RADIO,178.78,1.0,1.0,1.0,1.0,0.005593
4108,JP,JP,KERO1,CONST,181.77,1.0,1.0,1.0,1.0,0.005501
3793,JP,JP,HEAVY,KERO1,390.73,1.0,1.0,1.0,1.0,0.002559
6649,JP,JP,RETA1,FABRI,116.06,1.0,1.0,1.0,1.0,0.008616
6852,JP,JP,SALEM,HEALT,183.97,1.0,1.0,1.0,1.0,0.005436
4543,JP,JP,LIQUE,MOTOR,184.46,1.0,1.0,1.0,1.0,0.005421
2145,JP,JP,ELEC1,OFFIC,114.34,1.0,1.0,1.0,1.0,0.008746
2163,JP,JP,ELEC1,PULP5,112.7,1.0,1.0,1.0,1.0,0.008873
3759,JP,JP,HEAVY,BRICK,167.7,1.0,1.0,1.0,1.0,0.005963
3798,JP,JP,HEAVY,LIQUE,162.02,1.0,1.0,1.0,1.0,0.006172
1326,JP,JP,COMPU,RETAI,93.54,1.0,1.0,1.0,1.0,0.010691
3593,JP,JP,GASDI,MOTO1,143.77,1.0,1.0,1.0,1.0,0.006956
6704,JP,JP,RETA1,RADIO,141.3,1.0,1.0,1.0,1.0,0.007077
4204,JP,JP,KERO1,VEGET,140.96,1.0,1.0,1.0,1.0,0.007094
4193,JP,JP,KERO1,SANDC,141.34,1.0,1.0,1.0,1.0,0.007075
1080,JP,JP,COALT,BASIC,140.03,1.0,1.0,1.0,1.0,0.007141
6614,JP,JP,RETA1,AUXIL,141.51,1.0,1.0,1.0,1.0,0.007067
3114,JP,JP,FINAN,CEMEN,142.14,1.0,1.0,1.0,1.0,0.007035
3177,JP,JP,FINAN,NONF1,139.97,1.0,1.0,1.0,1.0,0.007144
6702,JP,JP,RETA1,PRINT,139.92,1.0,1.0,1.0,1.0,0.007147
582,JP,JP,BITU1,COKEO,139.87,1.0,1.0,1.0,1.0,0.007149
3637,JP,JP,GASDI,SUPPO,386.39,1.0,1.0,1.0,1.0,0.002588
3136,JP,JP,FINAN,ELEC4,139.35,1.0,1.0,1.0,1.0,0.007176
4967,JP,JP,NAPHT,DIST1,161.52,1.0,1.0,1.0,1.0,0.006191
6449,JP,JP,REFI1,NAPHT,138.72,1.0,1.0,1.0,1.0,0.007209
6631,JP,JP,RETA1,COMPU,136.83,1.0,1.0,1.0,1.0,0.007308
4994,JP,JP,NAPHT,WEARI,144.67,1.0,1.0,1.0,1.0,0.006912
3844,JP,JP,HEAVY,SANDC,146.29,1.0,1.0,1.0,1.0,0.006836
4524,JP,JP,LIQUE,GASDI,133.6,1.0,1.0,1.0,1.0,0.007485
3199,JP,JP,FINAN,PULP5,149.59,1.0,1.0,1.0,1.0,0.006685
3222,JP,JP,FINAN,TRAN2,149.96,1.0,1.0,1.0,1.0,0.006668
6678,JP,JP,RETA1,MOTO1,132.71,1.0,1.0,1.0,1.0,0.007535
6849,JP,JP,SALEM,CONST,132.3,1.0,1.0,1.0,1.0,0.007559
4189,JP,JP,KERO1,RETA1,155.81,1.0,1.0,1.0,1.0,0.006418
3794,JP,JP,HEAVY,KEROS,376.85,1.0,1.0,1.0,1.0,0.002654
2193,JP,JP,ELEC1,WHOLE,111.0,1.0,1.0,1.0,1.0,0.009009
314,JP,JP,AUXIL,BEVER,108.76,1.0,1.0,1.0,1.0,0.009195
1010,JP,JP,CHEM1,MOTOR,99.61,1.0,1.0,1.0,1.0,0.010039
3161,JP,JP,FINAN,LEATH,103.4,1.0,1.0,1.0,1.0,0.009671
746,JP,JP,BUSIN,CHEMI,102.88,1.0,1.0,1.0,1.0,0.00972
3781,JP,JP,HEAVY,FOOD5,205.3,1.0,1.0,1.0,1.0,0.004871
6730,JP,JP,RETA1,WEARI,102.18,1.0,1.0,1.0,1.0,0.009787
6851,JP,JP,SALEM,EDUCA,101.87,1.0,1.0,1.0,1.0,0.009816
2738,JP,JP,ELEC6,RESEA,101.33,1.0,1.0,1.0,1.0,0.009869
1650,JP,JP,DIST1,TRANS,100.49,1.0,1.0,1.0,1.0,0.009951
812,JP,JP,BUSIN,PFERT,99.96,1.0,1.0,1.0,1.0,0.010004
6688,JP,JP,RETA1,OFFIC,99.88,1.0,1.0,1.0,1.0,0.010012
4978,JP,JP,NAPHT,MOTO1,357.43,1.0,1.0,1.0,1.0,0.002798
6698,JP,JP,RETA1,PLAST,99.37,1.0,1.0,1.0,1.0,0.010063
6303,JP,JP,REALE,RECRE,458.34,1.0,1.0,1.0,1.0,0.002182
4993,JP,JP,NAPHT,TRANS,212.32,1.0,1.0,1.0,1.0,0.00471
3750,JP,JP,HEAVY,ALUM1,212.37,1.0,1.0,1.0,1.0,0.004709
3634,JP,JP,GASDI,STONE,213.74,1.0,1.0,1.0,1.0,0.004679
5749,JP,JP,POSTT,DIST1,96.24,1.0,1.0,1.0,1.0,0.010391
2843,JP,JP,ELEC8,NATUR,95.54,1.0,1.0,1.0,1.0,0.010467
389,JP,JP,AUXIL,NONME,95.28,1.0,1.0,1.0,1.0,0.010495
2648,JP,JP,ELEC6,BASIC,94.99,1.0,1.0,1.0,1.0,0.010527
1294,JP,JP,COMPU,NONF1,94.39,1.0,1.0,1.0,1.0,0.010594
796,JP,JP,BUSIN,MOTOR,94.03,1.0,1.0,1.0,1.0,0.010635
3647,JP,JP,GASDI,WHOLE,218.42,1.0,1.0,1.0,1.0,0.004578
5720,JP,JP,POSTT,AIRTR,103.51,1.0,1.0,1.0,1.0,0.009661
1236,JP,JP,COMPU,CHEMI,103.72,1.0,1.0,1.0,1.0,0.009641
3195,JP,JP,FINAN,PREC1,104.32,1.0,1.0,1.0,1.0,0.009586
3648,JP,JP,GASDI,WOODW,204.35,1.0,1.0,1.0,1.0,0.004894
3591,JP,JP,GASDI,MEDIC,188.3,1.0,1.0,1.0,1.0,0.005311
4115,JP,JP,KERO1,EDUCA,189.26,1.0,1.0,1.0,1.0,0.005284
387,JP,JP,AUXIL,NONF1,108.62,1.0,1.0,1.0,1.0,0.009206
3763,JP,JP,HEAVY,CERAM,361.6,1.0,1.0,1.0,1.0,0.002765
1006,JP,JP,CHEM1,MEATC,108.46,1.0,1.0,1.0,1.0,0.00922
1086,JP,JP,COALT,CONST,189.27,1.0,1.0,1.0,1.0,0.005283
6223,JP,JP,REALE,AUXIL,470.82,1.0,1.0,1.0,1.0,0.002124
6705,JP,JP,RETA1,RAILW,107.71,1.0,1.0,1.0,1.0,0.009284
5538,JP,JP,PAPER,PUBLI,107.51,1.0,1.0,1.0,1.0,0.009301
6443,JP,JP,REFI1,HEAVY,189.71,1.0,1.0,1.0,1.0,0.005271
6716,JP,JP,RETA1,SANDC,189.82,1.0,1.0,1.0,1.0,0.005268
3640,JP,JP,GASDI,TRAN2,201.2,1.0,1.0,1.0,1.0,0.00497
2102,JP,JP,ELEC1,ELEC1,107.19,1.0,1.0,1.0,1.0,0.009329
410,JP,JP,AUXIL,RADIO,105.27,1.0,1.0,1.0,1.0,0.009499
4634,JP,JP,LUBRI,SALEM,201.98,1.0,1.0,1.0,1.0,0.004951
1588,JP,JP,DIST1,FOUND,105.05,1.0,1.0,1.0,1.0,0.009519
3576,JP,JP,GASDI,HOTEL,202.2,1.0,1.0,1.0,1.0,0.004946
5511,JP,JP,PAPER,LANDT,104.54,1.0,1.0,1.0,1.0,0.009566
1319,JP,JP,COMPU,RAILW,104.46,1.0,1.0,1.0,1.0,0.009573
6321,JP,JP,REALE,WEARI,550.85,1.0,1.0,1.0,1.0,0.001815
1286,JP,JP,COMPU,MEDIC,104.34,1.0,1.0,1.0,1.0,0.009584
2155,JP,JP,ELEC1,POSTT,67.67,1.0,1.0,1.0,1.0,0.014778
6708,JP,JP,RETA1,RECRE,82.39,1.0,1.0,1.0,1.0,0.012137
4986,JP,JP,NAPHT,PFERT,288.23,1.0,1.0,1.0,1.0,0.003469
3387,JP,JP,FOUND,93197,60.07,1.0,1.0,1.0,1.0,0.016647
6583,JP,JP,RESEA,PUBLI,51.96,1.0,1.0,1.0,1.0,0.019246
933,JP,JP,CERAM,WHOLE,60.7,1.0,1.0,1.0,1.0,0.016474
7200,JP,JP,SUPPO,RADIO,51.98,1.0,1.0,1.0,1.0,0.019238
5847,JP,JP,POSTT,WOODW,60.31,1.0,1.0,1.0,1.0,0.016581
722,JP,JP,BRICK,NONME,60.24,1.0,1.0,1.0,1.0,0.0166
5557,JP,JP,PAPER,VEGE1,60.21,1.0,1.0,1.0,1.0,0.016609
2106,JP,JP,ELEC1,FISH5,52.03,1.0,1.0,1.0,1.0,0.01922
430,JP,JP,AUXIL,TOBAC,52.04,1.0,1.0,1.0,1.0,0.019216
1427,JP,JP,CONST,PFERT,60.01,1.0,1.0,1.0,1.0,0.016664
4016,JP,JP,INSUR,PFERT,60.73,1.0,1.0,1.0,1.0,0.016466
4084,JP,JP,KERO1,93197,289.23,1.0,1.0,1.0,1.0,0.003457
6300,JP,JP,REALE,RAILW,336.75,1.0,1.0,1.0,1.0,0.00297
6297,JP,JP,REALE,PRINT,629.34,1.0,1.0,1.0,1.0,0.001589
3563,JP,JP,GASDI,ELEC6,289.42,1.0,1.0,1.0,1.0,0.003455
1052,JP,JP,CHEM1,VEGE1,52.09,1.0,1.0,1.0,1.0,0.019198
4370,JP,JP,LEAD1,FABRI,59.86,1.0,1.0,1.0,1.0,0.016706
6386,JP,JP,RECRE,MEMBE,59.35,1.0,1.0,1.0,1.0,0.016849
3135,JP,JP,FINAN,ELEC3,59.2,1.0,1.0,1.0,1.0,0.016892
971,JP,JP,CHEM1,CROPS,60.73,1.0,1.0,1.0,1.0,0.016466
7291,JP,JP,TEXTI,PULP5,51.96,1.0,1.0,1.0,1.0,0.019246
3127,JP,JP,FINAN,CRUDE,62.85,1.0,1.0,1.0,1.0,0.015911
3829,JP,JP,HEAVY,PRINT,310.44,1.0,1.0,1.0,1.0,0.003221
1279,JP,JP,COMPU,LEATH,62.63,1.0,1.0,1.0,1.0,0.015967
3954,JP,JP,INSUR,COPP1,51.73,1.0,1.0,1.0,1.0,0.019331
3709,JP,JP,GLASS,WEARI,62.37,1.0,1.0,1.0,1.0,0.016033
1306,JP,JP,COMPU,PFERT,62.02,1.0,1.0,1.0,1.0,0.016124
789,JP,JP,BUSIN,MEAT1,62.01,1.0,1.0,1.0,1.0,0.016126
2187,JP,JP,ELEC1,TRANS,62.0,1.0,1.0,1.0,1.0,0.016129
2879,JP,JP,ELEC8,RUBBE,61.98,1.0,1.0,1.0,1.0,0.016134
161,JP,JP,AIRTR,FINAN,61.7,1.0,1.0,1.0,1.0,0.016207
5114,JP,JP,NFERT,PADDY,61.62,1.0,1.0,1.0,1.0,0.016228
3970,JP,JP,INSUR,FABRI,60.75,1.0,1.0,1.0,1.0,0.016461
308,JP,JP,AUXIL,93197,51.86,1.0,1.0,1.0,1.0,0.019283
3482,JP,JP,FURNI,MEDIC,51.95,1.0,1.0,1.0,1.0,0.019249
1015,JP,JP,CHEM1,NONF1,61.53,1.0,1.0,1.0,1.0,0.016252
5841,JP,JP,POSTT,TRANS,61.38,1.0,1.0,1.0,1.0,0.016292
2075,JP,JP,ELEC1,ALUM1,51.95,1.0,1.0,1.0,1.0,0.019249
1546,JP,JP,DAIRY,VEGE1,61.16,1.0,1.0,1.0,1.0,0.016351
4782,JP,JP,MEMBE,FORES,61.15,1.0,1.0,1.0,1.0,0.016353
2179,JP,JP,ELEC1,STONE,60.79,1.0,1.0,1.0,1.0,0.01645
7723,JP,JP,WOODW,FISH5,52.11,1.0,1.0,1.0,1.0,0.01919
276,JP,JP,ALUM1,RUBBE,59.14,1.0,1.0,1.0,1.0,0.016909
6757,JP,JP,RUBBE,CROPS,59.05,1.0,1.0,1.0,1.0,0.016935
2880,JP,JP,ELEC8,SALEM,55.36,1.0,1.0,1.0,1.0,0.018064
6814,JP,JP,RUBBE,PROCE,56.37,1.0,1.0,1.0,1.0,0.01774
2937,JP,JP,ELECT,LEAD1,53.41,1.0,1.0,1.0,1.0,0.018723
6597,JP,JP,RESEA,STONE,53.44,1.0,1.0,1.0,1.0,0.018713
7731,JP,JP,WOODW,HOTEL,55.95,1.0,1.0,1.0,1.0,0.017873
2227,JP,JP,ELEC2,ELECT,55.94,1.0,1.0,1.0,1.0,0.017876
2924,JP,JP,ELECT,ELEC4,55.85,1.0,1.0,1.0,1.0,0.017905
5745,JP,JP,POSTT,COPP1,55.5,1.0,1.0,1.0,1.0,0.018018
1793,JP,JP,EDUCA,INSUR,55.38,1.0,1.0,1.0,1.0,0.018057
7746,JP,JP,WOODW,NONME,55.32,1.0,1.0,1.0,1.0,0.018077
2743,JP,JP,ELEC6,SANDC,52.16,1.0,1.0,1.0,1.0,0.019172
3338,JP,JP,FOOD5,PUBLI,53.47,1.0,1.0,1.0,1.0,0.018702
2094,JP,JP,ELEC1,COMPU,55.23,1.0,1.0,1.0,1.0,0.018106
4217,JP,JP,KEROS,KERO1,296.4,1.0,1.0,1.0,1.0,0.003374
6533,JP,JP,RESEA,FISH5,54.53,1.0,1.0,1.0,1.0,0.018339
2809,JP,JP,ELEC8,EDUCA,54.17,1.0,1.0,1.0,1.0,0.01846
4945,JP,JP,MOTOR,SANDC,303.79,1.0,1.0,1.0,1.0,0.003292
3146,JP,JP,FINAN,FORES,53.54,1.0,1.0,1.0,1.0,0.018678
328,JP,JP,AUXIL,CHEMI,53.67,1.0,1.0,1.0,1.0,0.018632
3832,JP,JP,HEAVY,PULP5,305.52,1.0,1.0,1.0,1.0,0.003273
7732,JP,JP,WOODW,LEATH,57.17,1.0,1.0,1.0,1.0,0.017492
7131,JP,JP,SUPPO,COMPU,52.97,1.0,1.0,1.0,1.0,0.018879
1061,JP,JP,CHEMI,CERAM,67.63,1.0,1.0,1.0,1.0,0.014786
2716,JP,JP,ELEC6,PAPER,52.19,1.0,1.0,1.0,1.0,0.019161
6595,JP,JP,RESEA,SEACO,58.41,1.0,1.0,1.0,1.0,0.01712
6310,JP,JP,REALE,SEACO,692.46,1.0,1.0,1.0,1.0,0.001444
6891,JP,JP,SANDC,STONE,58.39,1.0,1.0,1.0,1.0,0.017126
959,JP,JP,CHEM1,CATTL,58.33,1.0,1.0,1.0,1.0,0.017144
6139,JP,JP,RAILW,FOUND,52.57,1.0,1.0,1.0,1.0,0.019022
998,JP,JP,CHEM1,LANDT,52.72,1.0,1.0,1.0,1.0,0.018968
1261,JP,JP,COMPU,FISH5,58.31,1.0,1.0,1.0,1.0,0.01715
5789,JP,JP,POSTT,MEMBE,58.29,1.0,1.0,1.0,1.0,0.017156
5623,JP,JP,PFERT,NFERT,52.78,1.0,1.0,1.0,1.0,0.018947
2255,JP,JP,ELEC2,NATUR,57.68,1.0,1.0,1.0,1.0,0.017337
7434,JP,JP,TRANS,SANDC,57.57,1.0,1.0,1.0,1.0,0.01737
1253,JP,JP,COMPU,ELEC4,52.87,1.0,1.0,1.0,1.0,0.018914
2821,JP,JP,ELEC8,HEALT,57.54,1.0,1.0,1.0,1.0,0.017379
3065,JP,JP,FABRI,POSTT,57.45,1.0,1.0,1.0,1.0,0.017406
3111,JP,JP,FINAN,BRICK,57.35,1.0,1.0,1.0,1.0,0.017437
2818,JP,JP,ELEC8,FURNI,57.27,1.0,1.0,1.0,1.0,0.017461
357,JP,JP,AUXIL,FOUND,62.74,1.0,1.0,1.0,1.0,0.015939
350,JP,JP,AUXIL,ELECT,53.73,1.0,1.0,1.0,1.0,0.018612
4893,JP,JP,MOTOR,EDUCA,265.35,1.0,1.0,1.0,1.0,0.003769
3609,JP,JP,GASDI,PFERT,311.6,1.0,1.0,1.0,1.0,0.003209
5446,JP,JP,PADDY,PIGS9,66.73,1.0,1.0,1.0,1.0,0.014986
5520,JP,JP,PAPER,MEMBE,66.72,1.0,1.0,1.0,1.0,0.014988
701,JP,JP,BLAST,RETA1,63.76,1.0,1.0,1.0,1.0,0.015684
6308,JP,JP,REALE,SALEM,734.68,1.0,1.0,1.0,1.0,0.001361
2112,JP,JP,ELEC1,GASDI,66.63,1.0,1.0,1.0,1.0,0.015008
3571,JP,JP,GASDI,FOUND,285.61,1.0,1.0,1.0,1.0,0.003501
1127,JP,JP,COKE1,FABRI,64.06,1.0,1.0,1.0,1.0,0.01561
2823,JP,JP,ELEC8,HOTEL,66.59,1.0,1.0,1.0,1.0,0.015017
3951,JP,JP,INSUR,COKEO,51.68,1.0,1.0,1.0,1.0,0.01935
715,JP,JP,BRICK,BRICK,66.45,1.0,1.0,1.0,1.0,0.015049
5935,JP,JP,PRINT,MEAT1,51.53,1.0,1.0,1.0,1.0,0.019406
5770,JP,JP,POSTT,GLASS,66.43,1.0,1.0,1.0,1.0,0.015053
991,JP,JP,CHEM1,FOUND,66.83,1.0,1.0,1.0,1.0,0.014963
2167,JP,JP,ELEC1,REALE,66.38,1.0,1.0,1.0,1.0,0.015065
3665,JP,JP,GLASS,EDUCA,64.23,1.0,1.0,1.0,1.0,0.015569
309,JP,JP,AUXIL,AIRTR,64.64,1.0,1.0,1.0,1.0,0.01547
7280,JP,JP,TEXTI,NONME,51.0,1.0,1.0,1.0,1.0,0.019608
2839,JP,JP,ELEC8,MOTO1,64.91,1.0,1.0,1.0,1.0,0.015406
5529,JP,JP,PAPER,PFERT,66.35,1.0,1.0,1.0,1.0,0.015072
5290,JP,JP,NONME,TRANS,64.74,1.0,1.0,1.0,1.0,0.015446
6019,JP,JP,PULP5,TEXTI,66.25,1.0,1.0,1.0,1.0,0.015094
2887,JP,JP,ELEC8,SUPPO,51.29,1.0,1.0,1.0,1.0,0.019497
4738,JP,JP,MEMBE,ALUM1,51.22,1.0,1.0,1.0,1.0,0.019524
6137,JP,JP,RAILW,FOOD5,51.48,1.0,1.0,1.0,1.0,0.019425
3664,JP,JP,GLASS,DAIRY,50.84,1.0,1.0,1.0,1.0,0.01967
5533,JP,JP,PAPER,POSTT,50.87,1.0,1.0,1.0,1.0,0.019658
7436,JP,JP,TRANS,SUPPO,65.13,1.0,1.0,1.0,1.0,0.015354
1372,JP,JP,CONST,DAIRY,65.75,1.0,1.0,1.0,1.0,0.015209
2159,JP,JP,ELEC1,PRINT,65.67,1.0,1.0,1.0,1.0,0.015228
4218,JP,JP,KEROS,KEROS,285.87,1.0,1.0,1.0,1.0,0.003498
7767,JP,JP,WOODW,SANDC,62.92,1.0,1.0,1.0,1.0,0.015893
5595,JP,JP,PFERT,CONST,62.95,1.0,1.0,1.0,1.0,0.015886
435,JP,JP,AUXIL,VEGET,62.99,1.0,1.0,1.0,1.0,0.015876
172,JP,JP,AIRTR,HOTEL,67.57,1.0,1.0,1.0,1.0,0.014799
6208,JP,JP,RAILW,TRANS,67.38,1.0,1.0,1.0,1.0,0.014841
4037,JP,JP,INSUR,RUBBE,51.25,1.0,1.0,1.0,1.0,0.019512
1566,JP,JP,DIST1,COPP1,65.67,1.0,1.0,1.0,1.0,0.015228
5084,JP,JP,NFERT,CHEM1,65.48,1.0,1.0,1.0,1.0,0.015272
4776,JP,JP,MEMBE,ELECT,67.13,1.0,1.0,1.0,1.0,0.014896
3398,JP,JP,FOUND,HEALT,65.86,1.0,1.0,1.0,1.0,0.015184
3930,JP,JP,INSUR,ALUM1,63.42,1.0,1.0,1.0,1.0,0.015768
6584,JP,JP,RESEA,PULP5,65.3,1.0,1.0,1.0,1.0,0.015314
6524,JP,JP,RESEA,ELEC3,66.87,1.0,1.0,1.0,1.0,0.014954
6463,JP,JP,REFIN,ELE11,0.22,0.0,0.0,0.0,0.0,0.0
6987,JP,JP,SECO9,FABRI,0.22,0.0,0.0,0.0,0.0,0.0
3227,JP,JP,FINAN,WHEAT,0.22,0.0,0.0,0.0,0.0,0.0
1878,JP,JP,ELE11,FINAN,0.3,0.0,0.0,0.0,0.0,0.0
2606,JP,JP,ELEC5,PIGS9,0.22,0.0,0.0,0.0,0.0,0.0
1890,JP,JP,ELE11,INSUR,0.22,0.0,0.0,0.0,0.0,0.0
955,JP,JP,CHEM1,BITUM,0.22,0.0,0.0,0.0,0.0,0.0
5621,JP,JP,PFERT,MOTOR,0.22,0.0,0.0,0.0,0.0,0.0
6041,JP,JP,RADIO,DAIRY,0.19,0.0,0.0,0.0,0.0,0.0
7447,JP,JP,VEGE1,GASDI,0.22,0.0,0.0,0.0,0.0,0.0
520,JP,JP,BIOG1,COPP1,0.3,0.0,0.0,0.0,0.0,0.0
5002,JP,JP,NATU1,DIST1,0.22,0.0,0.0,0.0,0.0,0.0
2848,JP,JP,ELEC8,NONSP,0.22,0.0,0.0,0.0,0.0,0.0
6855,JP,JP,SALEM,NONME,0.19,0.0,0.0,0.0,0.0,0.0
3689,JP,JP,GLASS,PFERT,0.22,0.0,0.0,0.0,0.0,0.0
5119,JP,JP,NFERT,PUBLI,0.19,0.0,0.0,0.0,0.0,0.0
2583,JP,JP,ELEC5,LIQUE,0.19,0.0,0.0,0.0,0.0,0.0
1184,JP,JP,COKEO,COMPU,0.3,0.0,0.0,0.0,0.0,0.0
6933,JP,JP,SEACO,LEATH,0.31,0.0,0.0,0.0,0.0,0.0
5300,JP,JP,NONSP,BITUM,0.22,0.0,0.0,0.0,0.0,0.0
2485,JP,JP,ELEC4,NONSP,0.22,0.0,0.0,0.0,0.0,0.0
672,JP,JP,BLAST,LEATH,0.19,0.0,0.0,0.0,0.0,0.0
2560,JP,JP,ELEC5,DISTR,0.3,0.0,0.0,0.0,0.0,0.0
2394,JP,JP,ELEC3,REFI1,0.3,0.0,0.0,0.0,0.0,0.0
2988,JP,JP,FABRI,CEMEN,0.23,0.0,0.0,0.0,0.0,0.0
6483,JP,JP,REFIN,PETRO,0.19,0.0,0.0,0.0,0.0,0.0
4904,JP,JP,MOTOR,HEAVY,0.23,0.0,0.0,0.0,0.0,0.0
1528,JP,JP,DAIRY,CROPS,0.23,0.0,0.0,0.0,0.0,0.0
952,JP,JP,CHEM1,BIOG1,0.23,0.0,0.0,0.0,0.0,0.0
931,JP,JP,CERAM,SUPPO,0.23,0.0,0.0,0.0,0.0,0.0
1568,JP,JP,DIST1,CRUDE,0.3,0.0,0.0,0.0,0.0,0.0
1715,JP,JP,DISTR,OXYGE,0.23,0.0,0.0,0.0,0.0,0.0
7710,JP,JP,WOODW,CHEMI,0.19,0.0,0.0,0.0,0.0,0.0
2354,JP,JP,ELEC3,MEAT1,0.31,0.0,0.0,0.0,0.0,0.0
7419,JP,JP,TRAN2,REFIN,0.23,0.0,0.0,0.0,0.0,0.0
7355,JP,JP,TRAN1,MEAT4,0.23,0.0,0.0,0.0,0.0,0.0
635,JP,JP,BITU1,WOODW,0.23,0.0,0.0,0.0,0.0,0.0
3778,JP,JP,HEAVY,FINAN,0.19,0.0,0.0,0.0,0.0,0.0
2626,JP,JP,ELEC5,RETAI,0.23,0.0,0.0,0.0,0.0,0.0
6410,JP,JP,RECRE,PULP5,0.19,0.0,0.0,0.0,0.0,0.0
2619,JP,JP,ELEC5,RAWMI,0.23,0.0,0.0,0.0,0.0,0.0
7527,JP,JP,WEARI,CEREA,0.23,0.0,0.0,0.0,0.0,0.0
3411,JP,JP,FOUND,RUBBE,0.19,0.0,0.0,0.0,0.0,0.0
2199,JP,JP,ELEC2,AUXIL,0.3,0.0,0.0,0.0,0.0,0.0
980,JP,JP,CHEM1,ELEC4,0.23,0.0,0.0,0.0,0.0,0.0
5391,JP,JP,OXYGE,HOTEL,0.23,0.0,0.0,0.0,0.0,0.0
2357,JP,JP,ELEC3,MEATP,0.23,0.0,0.0,0.0,0.0,0.0
6991,JP,JP,SECO9,PADDY,0.3,0.0,0.0,0.0,0.0,0.0
5130,JP,JP,NFERT,WEARI,0.23,0.0,0.0,0.0,0.0,0.0
882,JP,JP,CEMEN,NATU1,0.23,0.0,0.0,0.0,0.0,0.0
4582,JP,JP,LIQUE,WHITE,0.23,0.0,0.0,0.0,0.0,0.0
1090,JP,JP,COALT,FURNI,0.3,0.0,0.0,0.0,0.0,0.0
6056,JP,JP,RADIO,FORES,0.19,0.0,0.0,0.0,0.0,0.0
4514,JP,JP,LIQUE,ELEC6,0.22,0.0,0.0,0.0,0.0,0.0
7458,JP,JP,VEGE1,MEATC,0.2,0.0,0.0,0.0,0.0,0.0
2128,JP,JP,ELEC1,MEAT4,0.22,0.0,0.0,0.0,0.0,0.0
2994,JP,JP,FABRI,COALT,0.2,0.0,0.0,0.0,0.0,0.0
2203,JP,JP,ELEC2,BIOG1,0.2,0.0,0.0,0.0,0.0,0.0
683,JP,JP,BLAST,NATUR,0.2,0.0,0.0,0.0,0.0,0.0
1816,JP,JP,EDUCA,OXYGE,0.2,0.0,0.0,0.0,0.0,0.0
2983,JP,JP,FABRI,BITU1,0.2,0.0,0.0,0.0,0.0,0.0
7565,JP,JP,WEARI,IRONO,0.2,0.0,0.0,0.0,0.0,0.0
7084,JP,JP,STONE,SANDC,0.2,0.0,0.0,0.0,0.0,0.0
5202,JP,JP,NONME,BEVER,0.2,0.0,0.0,0.0,0.0,0.0
6335,JP,JP,RECRE,CATTL,0.2,0.0,0.0,0.0,0.0,0.0
6026,JP,JP,RADIO,BASIC,0.2,0.0,0.0,0.0,0.0,0.0
680,JP,JP,BLAST,MOTOR,0.2,0.0,0.0,0.0,0.0,0.0
6646,JP,JP,RETA1,ELEC6,0.2,0.0,0.0,0.0,0.0,0.0
6575,JP,JP,RESEA,PARAF,0.19,0.0,0.0,0.0,0.0,0.0
5207,JP,JP,NONME,BUSIN,0.2,0.0,0.0,0.0,0.0,0.0
116,JP,JP,93197,VEGE1,0.31,0.0,0.0,0.0,0.0,0.0
4990,JP,JP,NAPHT,REFIN,0.31,0.0,0.0,0.0,0.0,0.0
1773,JP,JP,EDUCA,ELE11,0.23,0.0,0.0,0.0,0.0,0.0
1798,JP,JP,EDUCA,LIQUE,0.2,0.0,0.0,0.0,0.0,0.0
857,JP,JP,CATTL,POULT,0.2,0.0,0.0,0.0,0.0,0.0
575,JP,JP,BITU1,BITUM,0.19,0.0,0.0,0.0,0.0,0.0
5661,JP,JP,PIGS9,RAWMI,0.2,0.0,0.0,0.0,0.0,0.0
154,JP,JP,AIRTR,ELEC3,0.31,0.0,0.0,0.0,0.0,0.0
1479,JP,JP,CROPS,ELECT,0.2,0.0,0.0,0.0,0.0,0.0
1731,JP,JP,DISTR,SANDC,0.2,0.0,0.0,0.0,0.0,0.0
4080,JP,JP,INTER,VEGE1,0.2,0.0,0.0,0.0,0.0,0.0
2000,JP,JP,ELE12,IRONO,0.2,0.0,0.0,0.0,0.0,0.0
6956,JP,JP,SEACO,PREC1,0.2,0.0,0.0,0.0,0.0,0.0
5701,JP,JP,PLAST,LIQUE,0.2,0.0,0.0,0.0,0.0,0.0
7038,JP,JP,STEAM,NAPHT,0.2,0.0,0.0,0.0,0.0,0.0
92,JP,JP,93197,PROCE,0.2,0.0,0.0,0.0,0.0,0.0
3352,JP,JP,FOOD5,WOOLS,0.2,0.0,0.0,0.0,0.0,0.0
7448,JP,JP,VEGE1,GLASS,0.2,0.0,0.0,0.0,0.0,0.0
4668,JP,JP,MEATA,RAWMI,0.2,0.0,0.0,0.0,0.0,0.0
7460,JP,JP,VEGE1,MOTOR,0.31,0.0,0.0,0.0,0.0,0.0
2639,JP,JP,ELEC5,VEGET,0.31,0.0,0.0,0.0,0.0,0.0
6082,JP,JP,RADIO,PFERT,0.2,0.0,0.0,0.0,0.0,0.0
7634,JP,JP,WHEAT,RAWMI,0.2,0.0,0.0,0.0,0.0,0.0
7140,JP,JP,SUPPO,ELE12,0.2,0.0,0.0,0.0,0.0,0.0
7185,JP,JP,SUPPO,OILSE,0.19,0.0,0.0,0.0,0.0,0.0
6911,JP,JP,SEACO,DAIRY,0.21,0.0,0.0,0.0,0.0,0.0
2636,JP,JP,ELEC5,TRAN2,0.21,0.0,0.0,0.0,0.0,0.0
4661,JP,JP,MEAT4,PUBLI,0.21,0.0,0.0,0.0,0.0,0.0
549,JP,JP,BIOG1,PRINT,0.21,0.0,0.0,0.0,0.0,0.0
2290,JP,JP,ELEC2,SUGA1,0.21,0.0,0.0,0.0,0.0,0.0
4168,JP,JP,KERO1,PETRO,0.21,0.0,0.0,0.0,0.0,0.0
2247,JP,JP,ELEC2,MEAT4,0.31,0.0,0.0,0.0,0.0,0.0
273,JP,JP,ALUM1,PUBLI,0.31,0.0,0.0,0.0,0.0,0.0
7016,JP,JP,STEAM,ELEC3,0.19,0.0,0.0,0.0,0.0,0.0
4167,JP,JP,KERO1,PARAF,0.2,0.0,0.0,0.0,0.0,0.0
1991,JP,JP,ELE12,FORES,0.21,0.0,0.0,0.0,0.0,0.0
2409,JP,JP,ELEC3,TOBAC,0.31,0.0,0.0,0.0,0.0,0.0
1406,JP,JP,CONST,MEATA,0.31,0.0,0.0,0.0,0.0,0.0
2958,JP,JP,ELECT,PRIVA,0.21,0.0,0.0,0.0,0.0,0.0
648,JP,JP,BLAST,CERAM,0.31,0.0,0.0,0.0,0.0,0.0
5168,JP,JP,NONF1,MOTOR,0.19,0.0,0.0,0.0,0.0,0.0
1442,JP,JP,CONST,REFIN,0.21,0.0,0.0,0.0,0.0,0.0
542,JP,JP,BIOG1,NONME,0.21,0.0,0.0,0.0,0.0,0.0
5262,JP,JP,NONME,OILSE,0.21,0.0,0.0,0.0,0.0,0.0
2335,JP,JP,ELEC3,FISHF,0.21,0.0,0.0,0.0,0.0,0.0
844,JP,JP,BUSIN,WHEAT,0.2,0.0,0.0,0.0,0.0,0.0
4792,JP,JP,MEMBE,IRONO,0.21,0.0,0.0,0.0,0.0,0.0
6074,JP,JP,RADIO,NAPHT,0.21,0.0,0.0,0.0,0.0,0.0
2538,JP,JP,ELEC5,AIRTR,0.21,0.0,0.0,0.0,0.0,0.0
4065,JP,JP,INTER,ELE12,0.21,0.0,0.0,0.0,0.0,0.0
2077,JP,JP,ELEC1,AUXIL,0.21,0.0,0.0,0.0,0.0,0.0
3914,JP,JP,INLAN,PUBLI,0.21,0.0,0.0,0.0,0.0,0.0
6989,JP,JP,SECO9,LANDT,0.19,0.0,0.0,0.0,0.0,0.0
5363,JP,JP,OILSE,HOTEL,0.31,0.0,0.0,0.0,0.0,0.0
3063,JP,JP,FABRI,PIGS9,0.19,0.0,0.0,0.0,0.0,0.0
7655,JP,JP,WHITE,NAPHT,0.19,0.0,0.0,0.0,0.0,0.0
4848,JP,JP,MEMBE,STEAM,0.19,0.0,0.0,0.0,0.0,0.0
6576,JP,JP,RESEA,PETRO,0.21,0.0,0.0,0.0,0.0,0.0
3651,JP,JP,GLASS,ALUM1,0.19,0.0,0.0,0.0,0.0,0.0
1333,JP,JP,COMPU,SUGA1,0.21,0.0,0.0,0.0,0.0,0.0
1577,JP,JP,DIST1,ELEC3,0.21,0.0,0.0,0.0,0.0,0.0
5645,JP,JP,PFERT,TEXTI,0.21,0.0,0.0,0.0,0.0,0.0
6598,JP,JP,RESEA,SUGA1,0.19,0.0,0.0,0.0,0.0,0.0
3463,JP,JP,FURNI,GASDI,0.28,0.0,0.0,0.0,0.0,0.0
5957,JP,JP,PRINT,PIGS9,0.3,0.0,0.0,0.0,0.0,0.0
341,JP,JP,AUXIL,ELE11,0.23,0.0,0.0,0.0,0.0,0.0
88,JP,JP,93197,POULT,0.26,0.0,0.0,0.0,0.0,0.0
3304,JP,JP,FOOD5,BASIC,0.26,0.0,0.0,0.0,0.0,0.0
5783,JP,JP,POSTT,LUBRI,0.26,0.0,0.0,0.0,0.0,0.0
4346,JP,JP,LANDT,SUGA1,0.26,0.0,0.0,0.0,0.0,0.0
472,JP,JP,BASIC,NUCLE,0.26,0.0,0.0,0.0,0.0,0.0
6962,JP,JP,SEACO,RAILW,0.26,0.0,0.0,0.0,0.0,0.0
5416,JP,JP,OXYGE,PROCE,0.26,0.0,0.0,0.0,0.0,0.0
1497,JP,JP,CROPS,REALE,0.26,0.0,0.0,0.0,0.0,0.0
1865,JP,JP,ELE11,COKEO,0.29,0.0,0.0,0.0,0.0,0.0
4605,JP,JP,LUBRI,INLAN,0.29,0.0,0.0,0.0,0.0,0.0
5853,JP,JP,POULT,FORES,0.26,0.0,0.0,0.0,0.0,0.0
7648,JP,JP,WHITE,HEAVY,0.26,0.0,0.0,0.0,0.0,0.0
5637,JP,JP,PFERT,PULP5,0.26,0.0,0.0,0.0,0.0,0.0
2666,JP,JP,ELEC6,CROPS,0.26,0.0,0.0,0.0,0.0,0.0
4926,JP,JP,MOTOR,OILSE,0.26,0.0,0.0,0.0,0.0,0.0
4714,JP,JP,MEDIC,NATU1,0.27,0.0,0.0,0.0,0.0,0.0
5863,JP,JP,POULT,RAWMI,0.27,0.0,0.0,0.0,0.0,0.0
5650,JP,JP,PFERT,WOODW,0.29,0.0,0.0,0.0,0.0,0.0
5369,JP,JP,OXYGE,BRICK,0.27,0.0,0.0,0.0,0.0,0.0
1446,JP,JP,CONST,STEAM,0.26,0.0,0.0,0.0,0.0,0.0
2724,JP,JP,ELEC6,PREC1,0.26,0.0,0.0,0.0,0.0,0.0
5055,JP,JP,NATUR,NAPHT,0.29,0.0,0.0,0.0,0.0,0.0
3232,JP,JP,FISH5,CHEM1,0.29,0.0,0.0,0.0,0.0,0.0
649,JP,JP,BLAST,CHEM1,0.29,0.0,0.0,0.0,0.0,0.0
982,JP,JP,CHEM1,ELEC6,0.25,0.0,0.0,0.0,0.0,0.0
4722,JP,JP,MEDIC,PFERT,0.25,0.0,0.0,0.0,0.0,0.0
3805,JP,JP,HEAVY,MEMBE,0.25,0.0,0.0,0.0,0.0,0.0
2696,JP,JP,ELEC6,MEAT1,0.25,0.0,0.0,0.0,0.0,0.0
5240,JP,JP,NONME,GASDI,0.26,0.0,0.0,0.0,0.0,0.0
3086,JP,JP,FABRI,SUGA1,0.26,0.0,0.0,0.0,0.0,0.0
518,JP,JP,BIOG1,COKEO,0.29,0.0,0.0,0.0,0.0,0.0
7715,JP,JP,WOODW,CROPS,0.26,0.0,0.0,0.0,0.0,0.0
6389,JP,JP,RECRE,NAPHT,0.29,0.0,0.0,0.0,0.0,0.0
2752,JP,JP,ELEC6,TRAN1,0.26,0.0,0.0,0.0,0.0,0.0
7211,JP,JP,SUPPO,SANDC,0.26,0.0,0.0,0.0,0.0,0.0
6156,JP,JP,RAILW,MEAT4,0.26,0.0,0.0,0.0,0.0,0.0
3108,JP,JP,FINAN,BITU1,0.19,0.0,0.0,0.0,0.0,0.0
7589,JP,JP,WEARI,OILSE,0.26,0.0,0.0,0.0,0.0,0.0
2359,JP,JP,ELEC3,MEMBE,0.29,0.0,0.0,0.0,0.0,0.0
2214,JP,JP,ELEC2,COALT,0.29,0.0,0.0,0.0,0.0,0.0
2940,JP,JP,ELECT,MEAT4,0.29,0.0,0.0,0.0,0.0,0.0
5823,JP,JP,POSTT,REFI1,0.27,0.0,0.0,0.0,0.0,0.0
6218,JP,JP,RAWMI,POULT,0.27,0.0,0.0,0.0,0.0,0.0
744,JP,JP,BUSIN,CHARC,0.29,0.0,0.0,0.0,0.0,0.0
5624,JP,JP,PFERT,NONF1,0.28,0.0,0.0,0.0,0.0,0.0
1488,JP,JP,CROPS,PAPER,0.28,0.0,0.0,0.0,0.0,0.0
3768,JP,JP,HEAVY,COMPU,0.27,0.0,0.0,0.0,0.0,0.0
5234,JP,JP,NONME,FINAN,0.28,0.0,0.0,0.0,0.0,0.0
2066,JP,JP,ELE12,VEGE1,0.27,0.0,0.0,0.0,0.0,0.0
1405,JP,JP,CONST,MEAT4,0.27,0.0,0.0,0.0,0.0,0.0
5228,JP,JP,NONME,ELEC4,0.27,0.0,0.0,0.0,0.0,0.0
4725,JP,JP,MEDIC,PREC1,0.28,0.0,0.0,0.0,0.0,0.0
5634,JP,JP,PFERT,PRINT,0.28,0.0,0.0,0.0,0.0,0.0
3818,JP,JP,HEAVY,OILSE,0.28,0.0,0.0,0.0,0.0,0.0
856,JP,JP,CATTL,PIGS9,0.29,0.0,0.0,0.0,0.0,0.0
3729,JP,JP,HEALT,INLAN,0.28,0.0,0.0,0.0,0.0,0.0
217,JP,JP,AIRTR,REFI1,0.28,0.0,0.0,0.0,0.0,0.0
6037,JP,JP,RADIO,COKEO,0.28,0.0,0.0,0.0,0.0,0.0
5619,JP,JP,PFERT,MEATA,0.28,0.0,0.0,0.0,0.0,0.0
4385,JP,JP,LEAD1,PUBLI,0.28,0.0,0.0,0.0,0.0,0.0
7049,JP,JP,STEAM,PULP5,0.28,0.0,0.0,0.0,0.0,0.0
4553,JP,JP,LIQUE,PARAF,0.28,0.0,0.0,0.0,0.0,0.0
4008,JP,JP,INSUR,NONSP,0.28,0.0,0.0,0.0,0.0,0.0
530,JP,JP,BIOG1,GLASS,0.27,0.0,0.0,0.0,0.0,0.0
3057,JP,JP,FABRI,OXYGE,0.27,0.0,0.0,0.0,0.0,0.0
182,JP,JP,AIRTR,LUBRI,0.27,0.0,0.0,0.0,0.0,0.0
2545,JP,JP,ELEC5,BRICK,0.27,0.0,0.0,0.0,0.0,0.0
634,JP,JP,BITU1,WHITE,0.29,0.0,0.0,0.0,0.0,0.0
1910,JP,JP,ELE11,NONFE,0.28,0.0,0.0,0.0,0.0,0.0
2961,JP,JP,ELECT,RETAI,0.28,0.0,0.0,0.0,0.0,0.0
6401,JP,JP,RECRE,PFERT,0.27,0.0,0.0,0.0,0.0,0.0
5594,JP,JP,PFERT,COKE1,0.27,0.0,0.0,0.0,0.0,0.0
3834,JP,JP,HEAVY,RAILW,0.28,0.0,0.0,0.0,0.0,0.0
7024,JP,JP,STEAM,HEAVY,0.27,0.0,0.0,0.0,0.0,0.0
3892,JP,JP,INLAN,COMPU,0.27,0.0,0.0,0.0,0.0,0.0
5149,JP,JP,NONF1,ELEC5,0.27,0.0,0.0,0.0,0.0,0.0
893,JP,JP,CEMEN,WOODW,0.28,0.0,0.0,0.0,0.0,0.0
1005,JP,JP,CHEM1,MEATA,0.28,0.0,0.0,0.0,0.0,0.0
5256,JP,JP,NONME,NATU1,0.28,0.0,0.0,0.0,0.0,0.0
5101,JP,JP,NFERT,GLASS,0.27,0.0,0.0,0.0,0.0,0.0
1779,JP,JP,EDUCA,ELEC6,0.27,0.0,0.0,0.0,0.0,0.0
6060,JP,JP,RADIO,HEAVY,0.28,0.0,0.0,0.0,0.0,0.0
4910,JP,JP,MOTOR,LEAD1,0.28,0.0,0.0,0.0,0.0,0.0
3894,JP,JP,INLAN,EDUCA,0.27,0.0,0.0,0.0,0.0,0.0
4450,JP,JP,LEATH,OXYGE,0.25,0.0,0.0,0.0,0.0,0.0
7061,JP,JP,STEAM,TRAN1,0.25,0.0,0.0,0.0,0.0,0.0
7632,JP,JP,WHEAT,PIGS9,0.3,0.0,0.0,0.0,0.0,0.0
1512,JP,JP,CRUDE,LUBRI,0.24,0.0,0.0,0.0,0.0,0.0
3652,JP,JP,GLASS,AUXIL,0.3,0.0,0.0,0.0,0.0,0.0
4433,JP,JP,LEATH,GLASS,0.24,0.0,0.0,0.0,0.0,0.0
6099,JP,JP,RADIO,TOBAC,0.3,0.0,0.0,0.0,0.0,0.0
5294,JP,JP,NONME,WHEAT,0.3,0.0,0.0,0.0,0.0,0.0
2701,JP,JP,ELEC6,MEMBE,0.24,0.0,0.0,0.0,0.0,0.0
1590,JP,JP,DIST1,GASDI,0.24,0.0,0.0,0.0,0.0,0.0
5727,JP,JP,POSTT,BIOG1,0.3,0.0,0.0,0.0,0.0,0.0
4495,JP,JP,LIQUE,BUSIN,0.24,0.0,0.0,0.0,0.0,0.0
5045,JP,JP,NATUR,KEROS,0.24,0.0,0.0,0.0,0.0,0.0
6901,JP,JP,SEACO,CEMEN,0.23,0.0,0.0,0.0,0.0,0.0
1536,JP,JP,DAIRY,MEAT4,0.24,0.0,0.0,0.0,0.0,0.0
1765,JP,JP,EDUCA,COKEO,0.24,0.0,0.0,0.0,0.0,0.0
4633,JP,JP,LUBRI,RETAI,0.24,0.0,0.0,0.0,0.0,0.0
2695,JP,JP,ELEC6,LUBRI,0.24,0.0,0.0,0.0,0.0,0.0
393,JP,JP,AUXIL,OXYGE,0.3,0.0,0.0,0.0,0.0,0.0
3452,JP,JP,FURNI,ELEC6,0.3,0.0,0.0,0.0,0.0,0.0
4150,JP,JP,KERO1,MEATP,0.24,0.0,0.0,0.0,0.0,0.0
6265,JP,JP,REALE,INLAN,0.3,0.0,0.0,0.0,0.0,0.0
697,JP,JP,BLAST,PULP5,0.23,0.0,0.0,0.0,0.0,0.0
872,JP,JP,CEMEN,DIST1,0.23,0.0,0.0,0.0,0.0,0.0
834,JP,JP,BUSIN,SUGA1,0.25,0.0,0.0,0.0,0.0,0.0
5588,JP,JP,PFERT,BLAST,0.23,0.0,0.0,0.0,0.0,0.0
4081,JP,JP,INTER,VEGET,0.23,0.0,0.0,0.0,0.0,0.0
1520,JP,JP,CRUDE,TOBAC,0.3,0.0,0.0,0.0,0.0,0.0
3678,JP,JP,GLASS,LIQUE,0.23,0.0,0.0,0.0,0.0,0.0
55,JP,JP,93197,IRONO,0.23,0.0,0.0,0.0,0.0,0.0
2990,JP,JP,FABRI,CEREA,0.23,0.0,0.0,0.0,0.0,0.0
1735,JP,JP,DISTR,SUGA1,0.23,0.0,0.0,0.0,0.0,0.0
7319,JP,JP,TRAN1,AUXIL,0.23,0.0,0.0,0.0,0.0,0.0
5885,JP,JP,PRINT,CATTL,0.23,0.0,0.0,0.0,0.0,0.0
587,JP,JP,BITU1,ELE12,0.23,0.0,0.0,0.0,0.0,0.0
3262,JP,JP,FISHF,TEXTI,0.3,0.0,0.0,0.0,0.0,0.0
3853,JP,JP,HEAVY,TRAN2,0.23,0.0,0.0,0.0,0.0,0.0
6376,JP,JP,RECRE,KEROS,0.23,0.0,0.0,0.0,0.0,0.0
1121,JP,JP,COKE1,DAIRY,0.3,0.0,0.0,0.0,0.0,0.0
7314,JP,JP,TOBAC,MEMBE,0.23,0.0,0.0,0.0,0.0,0.0
5096,JP,JP,NFERT,ELECT,0.23,0.0,0.0,0.0,0.0,0.0
4554,JP,JP,LIQUE,PETRO,0.3,0.0,0.0,0.0,0.0,0.0
6393,JP,JP,RECRE,NONF1,0.23,0.0,0.0,0.0,0.0,0.0
1297,JP,JP,COMPU,NONSP,0.23,0.0,0.0,0.0,0.0,0.0
6385,JP,JP,RECRE,MEDIC,0.24,0.0,0.0,0.0,0.0,0.0
5016,JP,JP,NATU1,REFIN,0.24,0.0,0.0,0.0,0.0,0.0
2437,JP,JP,ELEC4,COALT,0.24,0.0,0.0,0.0,0.0,0.0
4494,JP,JP,LIQUE,BRICK,0.25,0.0,0.0,0.0,0.0,0.0
6917,JP,JP,SEACO,FISHF,0.25,0.0,0.0,0.0,0.0,0.0
5961,JP,JP,PRINT,POULT,0.25,0.0,0.0,0.0,0.0,0.0
4906,JP,JP,MOTOR,IRONO,0.29,0.0,0.0,0.0,0.0,0.0
4622,JP,JP,LUBRI,POULT,0.29,0.0,0.0,0.0,0.0,0.0
4295,JP,JP,LANDT,MEATA,0.25,0.0,0.0,0.0,0.0,0.0
3724,JP,JP,HEALT,DIST1,0.29,0.0,0.0,0.0,0.0,0.0
5969,JP,JP,PRINT,RAWMI,0.25,0.0,0.0,0.0,0.0,0.0
6083,JP,JP,RADIO,PREC1,0.29,0.0,0.0,0.0,0.0,0.0
2353,JP,JP,ELEC3,LUBRI,0.29,0.0,0.0,0.0,0.0,0.0
4510,JP,JP,LIQUE,ELEC1,0.3,0.0,0.0,0.0,0.0,0.0
5123,JP,JP,NFERT,RUBBE,0.25,0.0,0.0,0.0,0.0,0.0
2751,JP,JP,ELEC6,TOBAC,0.25,0.0,0.0,0.0,0.0,0.0
1168,JP,JP,COKE1,TOBAC,0.25,0.0,0.0,0.0,0.0,0.0
6953,JP,JP,SEACO,PFERT,0.25,0.0,0.0,0.0,0.0,0.0
427,JP,JP,AUXIL,SUGAR,0.29,0.0,0.0,0.0,0.0,0.0
514,JP,JP,BIOG1,BUSIN,0.25,0.0,0.0,0.0,0.0,0.0
5617,JP,JP,PFERT,LIQUE,0.25,0.0,0.0,0.0,0.0,0.0
5333,JP,JP,NONSP,PULP5,0.25,0.0,0.0,0.0,0.0,0.0
4146,JP,JP,KERO1,MEAT1,0.25,0.0,0.0,0.0,0.0,0.0
1135,JP,JP,COKE1,LEATH,0.25,0.0,0.0,0.0,0.0,0.0
2965,JP,JP,ELECT,SUGA1,0.25,0.0,0.0,0.0,0.0,0.0
1134,JP,JP,COKE1,LEAD1,0.29,0.0,0.0,0.0,0.0,0.0
2798,JP,JP,ELEC8,COALT,0.24,0.0,0.0,0.0,0.0,0.0
5483,JP,JP,PAPER,CATTL,0.24,0.0,0.0,0.0,0.0,0.0
6375,JP,JP,RECRE,KERO1,0.24,0.0,0.0,0.0,0.0,0.0
1518,JP,JP,CRUDE,REFI1,0.24,0.0,0.0,0.0,0.0,0.0
1128,JP,JP,COKE1,FISH5,0.24,0.0,0.0,0.0,0.0,0.0
5368,JP,JP,OXYGE,BEVER,0.3,0.0,0.0,0.0,0.0,0.0
5423,JP,JP,OXYGE,RETAI,0.24,0.0,0.0,0.0,0.0,0.0
5536,JP,JP,PAPER,PRIVA,0.24,0.0,0.0,0.0,0.0,0.0
4767,JP,JP,MEMBE,ELE11,0.24,0.0,0.0,0.0,0.0,0.0
1179,JP,JP,COKEO,CEMEN,0.24,0.0,0.0,0.0,0.0,0.0
5044,JP,JP,NATUR,KERO1,0.25,0.0,0.0,0.0,0.0,0.0
2736,JP,JP,ELEC6,REFI1,0.25,0.0,0.0,0.0,0.0,0.0
548,JP,JP,BIOG1,PREC1,0.3,0.0,0.0,0.0,0.0,0.0
7097,JP,JP,SUGA1,PIGS9,0.3,0.0,0.0,0.0,0.0,0.0
4955,JP,JP,MOTOR,WHEAT,0.25,0.0,0.0,0.0,0.0,0.0
4534,JP,JP,LIQUE,LEATH,0.25,0.0,0.0,0.0,0.0,0.0
1888,JP,JP,ELE11,HEAVY,0.25,0.0,0.0,0.0,0.0,0.0
4472,JP,JP,LEATH,SEACO,0.19,0.0,0.0,0.0,0.0,0.0
6617,JP,JP,RETA1,BIOG1,0.15,0.0,0.0,0.0,0.0,0.0
5328,JP,JP,NONSP,PETRO,0.19,0.0,0.0,0.0,0.0,0.0
3702,JP,JP,GLASS,SANDC,0.13,0.0,0.0,0.0,0.0,0.0
4919,JP,JP,MOTOR,NATU1,0.12,0.0,0.0,0.0,0.0,0.0
7171,JP,JP,SUPPO,MEAT4,0.12,0.0,0.0,0.0,0.0,0.0
4620,JP,JP,LUBRI,PIGS9,0.12,0.0,0.0,0.0,0.0,0.0
773,JP,JP,BUSIN,FORES,0.12,0.0,0.0,0.0,0.0,0.0
4117,JP,JP,KERO1,ELE12,0.12,0.0,0.0,0.0,0.0,0.0
1505,JP,JP,CRUDE,BITU1,0.12,0.0,0.0,0.0,0.0,0.0
7384,JP,JP,TRAN1,SUGAR,0.12,0.0,0.0,0.0,0.0,0.0
6640,JP,JP,RETA1,ELE11,0.12,0.0,0.0,0.0,0.0,0.0
5564,JP,JP,PARAF,COALT,0.13,0.0,0.0,0.0,0.0,0.0
2651,JP,JP,ELEC6,BITU1,0.13,0.0,0.0,0.0,0.0,0.0
3446,JP,JP,FURNI,ELE11,0.19,0.0,0.0,0.0,0.0,0.0
2646,JP,JP,ELEC6,ANIMA,0.13,0.0,0.0,0.0,0.0,0.0
2481,JP,JP,ELEC4,NFERT,0.13,0.0,0.0,0.0,0.0,0.0
1896,JP,JP,ELE11,LEATH,0.13,0.0,0.0,0.0,0.0,0.0
2013,JP,JP,ELE12,MEMBE,0.13,0.0,0.0,0.0,0.0,0.0
2844,JP,JP,ELEC8,NFERT,0.13,0.0,0.0,0.0,0.0,0.0
5427,JP,JP,OXYGE,STONE,0.13,0.0,0.0,0.0,0.0,0.0
1504,JP,JP,CROPS,WOOLS,0.13,0.0,0.0,0.0,0.0,0.0
6919,JP,JP,SEACO,FORES,0.13,0.0,0.0,0.0,0.0,0.0
3006,JP,JP,FABRI,ELE11,0.13,0.0,0.0,0.0,0.0,0.0
7032,JP,JP,STEAM,MEAT4,0.12,0.0,0.0,0.0,0.0,0.0
3646,JP,JP,GASDI,WHITE,0.12,0.0,0.0,0.0,0.0,0.0
1056,JP,JP,CHEM1,WHITE,0.12,0.0,0.0,0.0,0.0,0.0
622,JP,JP,BITU1,PREC1,0.12,0.0,0.0,0.0,0.0,0.0
7367,JP,JP,TRAN1,OILSE,0.12,0.0,0.0,0.0,0.0,0.0
4376,JP,JP,LEAD1,MEDIC,0.12,0.0,0.0,0.0,0.0,0.0
1612,JP,JP,DIST1,NATU1,0.12,0.0,0.0,0.0,0.0,0.0
5354,JP,JP,OILHA,PIGS9,0.12,0.0,0.0,0.0,0.0,0.0
2320,JP,JP,ELEC3,COALT,0.12,0.0,0.0,0.0,0.0,0.0
4619,JP,JP,LUBRI,PETRO,0.12,0.0,0.0,0.0,0.0,0.0
5999,JP,JP,PROCE,CHEM1,0.12,0.0,0.0,0.0,0.0,0.0
2181,JP,JP,ELEC1,SUGAR,0.12,0.0,0.0,0.0,0.0,0.0
7509,JP,JP,WASTE,TRAN1,0.12,0.0,0.0,0.0,0.0,0.0
7678,JP,JP,WOOD1,PIGS9,0.12,0.0,0.0,0.0,0.0,0.0
5835,JP,JP,POSTT,SUGAR,0.12,0.0,0.0,0.0,0.0,0.0
7304,JP,JP,TEXTI,SUGAR,0.12,0.0,0.0,0.0,0.0,0.0
1178,JP,JP,COKEO,BUSIN,0.12,0.0,0.0,0.0,0.0,0.0
303,JP,JP,ANIMA,RECRE,0.12,0.0,0.0,0.0,0.0,0.0
6724,JP,JP,RETA1,TOBAC,0.12,0.0,0.0,0.0,0.0,0.0
5251,JP,JP,NONME,MEATA,0.12,0.0,0.0,0.0,0.0,0.0
835,JP,JP,BUSIN,SUGAR,0.12,0.0,0.0,0.0,0.0,0.0
5952,JP,JP,PRINT,OILSE,0.12,0.0,0.0,0.0,0.0,0.0
2902,JP,JP,ELECT,BIOG1,0.12,0.0,0.0,0.0,0.0,0.0
2512,JP,JP,ELEC4,REFIN,0.13,0.0,0.0,0.0,0.0,0.0
5740,JP,JP,POSTT,COALT,0.13,0.0,0.0,0.0,0.0,0.0
7569,JP,JP,WEARI,LEAD1,0.13,0.0,0.0,0.0,0.0,0.0
5150,JP,JP,NONF1,ELEC6,0.13,0.0,0.0,0.0,0.0,0.0
2245,JP,JP,ELEC2,LIQUE,0.13,0.0,0.0,0.0,0.0,0.0
983,JP,JP,CHEM1,ELEC8,0.13,0.0,0.0,0.0,0.0,0.0
536,JP,JP,BIOG1,MEMBE,0.13,0.0,0.0,0.0,0.0,0.0
2062,JP,JP,ELE12,TOBAC,0.13,0.0,0.0,0.0,0.0,0.0
3925,JP,JP,INLAN,TRAN2,0.13,0.0,0.0,0.0,0.0,0.0
6671,JP,JP,RETA1,LUBRI,0.13,0.0,0.0,0.0,0.0,0.0
7500,JP,JP,WASTE,MEAT1,0.13,0.0,0.0,0.0,0.0,0.0
4724,JP,JP,MEDIC,POULT,0.14,0.0,0.0,0.0,0.0,0.0
7041,JP,JP,STEAM,NFERT,0.14,0.0,0.0,0.0,0.0,0.0
3440,JP,JP,FURNI,CROPS,0.14,0.0,0.0,0.0,0.0,0.0
4908,JP,JP,MOTOR,KEROS,0.14,0.0,0.0,0.0,0.0,0.0
6673,JP,JP,RETA1,MEAT4,0.14,0.0,0.0,0.0,0.0,0.0
234,JP,JP,AIRTR,VEGE1,0.14,0.0,0.0,0.0,0.0,0.0
1324,JP,JP,COMPU,REFIN,0.14,0.0,0.0,0.0,0.0,0.0
53,JP,JP,93197,INLAN,0.14,0.0,0.0,0.0,0.0,0.0
2008,JP,JP,ELE12,MEAT1,0.14,0.0,0.0,0.0,0.0,0.0
5728,JP,JP,POSTT,BITU1,0.14,0.0,0.0,0.0,0.0,0.0
7395,JP,JP,TRAN2,BLAST,0.14,0.0,0.0,0.0,0.0,0.0
6709,JP,JP,RETA1,REFI1,0.14,0.0,0.0,0.0,0.0,0.0
6123,JP,JP,RAILW,COALT,0.13,0.0,0.0,0.0,0.0,0.0
4459,JP,JP,LEATH,PROCE,0.13,0.0,0.0,0.0,0.0,0.0
2875,JP,JP,ELEC8,REFIN,0.13,0.0,0.0,0.0,0.0,0.0
1810,JP,JP,EDUCA,NATUR,0.13,0.0,0.0,0.0,0.0,0.0
5575,JP,JP,PARAF,NONSP,0.13,0.0,0.0,0.0,0.0,0.0
3359,JP,JP,FORES,CROPS,0.13,0.0,0.0,0.0,0.0,0.0
2007,JP,JP,ELE12,LUBRI,0.13,0.0,0.0,0.0,0.0,0.0
6365,JP,JP,RECRE,FORES,0.13,0.0,0.0,0.0,0.0,0.0
4950,JP,JP,MOTOR,TOBAC,0.13,0.0,0.0,0.0,0.0,0.0
3180,JP,JP,FINAN,NONSP,0.13,0.0,0.0,0.0,0.0,0.0
1019,JP,JP,CHEM1,NUCLE,0.13,0.0,0.0,0.0,0.0,0.0
7295,JP,JP,TEXTI,REALE,0.13,0.0,0.0,0.0,0.0,0.0
3801,JP,JP,HEAVY,MEAT4,0.13,0.0,0.0,0.0,0.0,0.0
4076,JP,JP,INTER,POULT,0.13,0.0,0.0,0.0,0.0,0.0
7257,JP,JP,TEXTI,CROPS,0.13,0.0,0.0,0.0,0.0,0.0
6173,JP,JP,RAILW,PADDY,0.13,0.0,0.0,0.0,0.0,0.0
7475,JP,JP,VEGET,CROPS,0.13,0.0,0.0,0.0,0.0,0.0
1503,JP,JP,CROPS,WOODW,0.13,0.0,0.0,0.0,0.0,0.0
6048,JP,JP,RADIO,ELEC4,0.13,0.0,0.0,0.0,0.0,0.0
2047,JP,JP,ELE12,REFI1,0.13,0.0,0.0,0.0,0.0,0.0
4590,JP,JP,LUBRI,CATTL,0.13,0.0,0.0,0.0,0.0,0.0
6378,JP,JP,RECRE,LEAD1,0.13,0.0,0.0,0.0,0.0,0.0
6408,JP,JP,RECRE,PRIVA,0.13,0.0,0.0,0.0,0.0,0.0
6000,JP,JP,PROCE,CROPS,0.12,0.0,0.0,0.0,0.0,0.0
3745,JP,JP,HEALT,RUBBE,0.12,0.0,0.0,0.0,0.0,0.0
4762,JP,JP,MEMBE,CRUDE,0.12,0.0,0.0,0.0,0.0,0.0
6960,JP,JP,SEACO,PULP5,0.1,0.0,0.0,0.0,0.0,0.0
1069,JP,JP,CHEMI,MEMBE,0.1,0.0,0.0,0.0,0.0,0.0
4883,JP,JP,MOTOR,CEREA,0.1,0.0,0.0,0.0,0.0,0.0
5355,JP,JP,OILHA,RETAI,0.1,0.0,0.0,0.0,0.0,0.0
814,JP,JP,BUSIN,PLANT,0.1,0.0,0.0,0.0,0.0,0.0
1952,JP,JP,ELE11,VEGET,0.1,0.0,0.0,0.0,0.0,0.0
4316,JP,JP,LANDT,PARAF,0.1,0.0,0.0,0.0,0.0,0.0
6613,JP,JP,RETA1,ANIMA,0.1,0.0,0.0,0.0,0.0,0.0
5480,JP,JP,PAPER,BIODI,0.1,0.0,0.0,0.0,0.0,0.0
861,JP,JP,CEMEN,BITUM,0.1,0.0,0.0,0.0,0.0,0.0
7679,JP,JP,WOOD1,RETAI,0.1,0.0,0.0,0.0,0.0,0.0
426,JP,JP,AUXIL,SUGA1,0.1,0.0,0.0,0.0,0.0,0.0
4196,JP,JP,KERO1,SUGA1,0.1,0.0,0.0,0.0,0.0,0.0
7087,JP,JP,SUGA1,BASIC,0.1,0.0,0.0,0.0,0.0,0.0
3893,JP,JP,INLAN,CONST,0.1,0.0,0.0,0.0,0.0,0.0
7758,JP,JP,WOODW,RAILW,0.1,0.0,0.0,0.0,0.0,0.0
2191,JP,JP,ELEC1,WHEAT,0.1,0.0,0.0,0.0,0.0,0.0
5714,JP,JP,PLAST,SANDC,0.1,0.0,0.0,0.0,0.0,0.0
6350,JP,JP,RECRE,DIST1,0.11,0.0,0.0,0.0,0.0,0.0
5982,JP,JP,PRINT,SUGA1,0.11,0.0,0.0,0.0,0.0,0.0
3731,JP,JP,HEALT,MEATA,0.1,0.0,0.0,0.0,0.0,0.0
6380,JP,JP,RECRE,LIQUE,0.1,0.0,0.0,0.0,0.0,0.0
5248,JP,JP,NONME,LIQUE,0.11,0.0,0.0,0.0,0.0,0.0
7507,JP,JP,WASTE,RAWMI,0.1,0.0,0.0,0.0,0.0,0.0
566,JP,JP,BIOG1,VEGE1,0.1,0.0,0.0,0.0,0.0,0.0
7699,JP,JP,WOODW,ANIMA,0.1,0.0,0.0,0.0,0.0,0.0
4659,JP,JP,MEAT4,NFERT,0.1,0.0,0.0,0.0,0.0,0.0
100,JP,JP,93197,REFI1,0.1,0.0,0.0,0.0,0.0,0.0
6215,JP,JP,RAWMI,CATTL,0.1,0.0,0.0,0.0,0.0,0.0
5879,JP,JP,PRINT,BIOG1,0.1,0.0,0.0,0.0,0.0,0.0
2981,JP,JP,FABRI,BIODI,0.1,0.0,0.0,0.0,0.0,0.0
3324,JP,JP,FOOD5,LIQUE,0.1,0.0,0.0,0.0,0.0,0.0
1081,JP,JP,COALT,CEMEN,0.1,0.0,0.0,0.0,0.0,0.0
2011,JP,JP,ELE12,MEATP,0.1,0.0,0.0,0.0,0.0,0.0
3466,JP,JP,FURNI,HEAVY,0.1,0.0,0.0,0.0,0.0,0.0
3294,JP,JP,FOOD4,LEAD1,0.1,0.0,0.0,0.0,0.0,0.0
198,JP,JP,AIRTR,NONSP,0.1,0.0,0.0,0.0,0.0,0.0
4985,JP,JP,NAPHT,PETRO,0.1,0.0,0.0,0.0,0.0,0.0
4182,JP,JP,KERO1,RAILW,0.1,0.0,0.0,0.0,0.0,0.0
6750,JP,JP,RUBBE,CHARC,0.1,0.0,0.0,0.0,0.0,0.0
329,JP,JP,AUXIL,COALT,0.1,0.0,0.0,0.0,0.0,0.0
5172,JP,JP,NONF1,NUCLE,0.1,0.0,0.0,0.0,0.0,0.0
1873,JP,JP,ELE11,DISTR,0.1,0.0,0.0,0.0,0.0,0.0
2577,JP,JP,ELEC5,IRONO,0.11,0.0,0.0,0.0,0.0,0.0
7128,JP,JP,SUPPO,CHEMI,0.11,0.0,0.0,0.0,0.0,0.0
690,JP,JP,BLAST,PLAST,0.12,0.0,0.0,0.0,0.0,0.0
7391,JP,JP,TRAN1,WHEAT,0.11,0.0,0.0,0.0,0.0,0.0
6481,JP,JP,REFIN,OXYGE,0.11,0.0,0.0,0.0,0.0,0.0
2146,JP,JP,ELEC1,OILSE,0.11,0.0,0.0,0.0,0.0,0.0
4061,JP,JP,INTER,CATTL,0.11,0.0,0.0,0.0,0.0,0.0
291,JP,JP,ANIMA,FORES,0.11,0.0,0.0,0.0,0.0,0.0
4079,JP,JP,INTER,TRAN2,0.11,0.0,0.0,0.0,0.0,0.0
2192,JP,JP,ELEC1,WHITE,0.11,0.0,0.0,0.0,0.0,0.0
4211,JP,JP,KEROS,AVIAT,0.11,0.0,0.0,0.0,0.0,0.0
2568,JP,JP,ELEC5,FORES,0.11,0.0,0.0,0.0,0.0,0.0
7252,JP,JP,TEXTI,CATTL,0.11,0.0,0.0,0.0,0.0,0.0
903,JP,JP,CERAM,COKEO,0.11,0.0,0.0,0.0,0.0,0.0
7166,JP,JP,SUPPO,LEAD1,0.11,0.0,0.0,0.0,0.0,0.0
3349,JP,JP,FOOD5,VEGET,0.11,0.0,0.0,0.0,0.0,0.0
499,JP,JP,BEVER,GLASS,0.11,0.0,0.0,0.0,0.0,0.0
6936,JP,JP,SEACO,MEAT1,0.11,0.0,0.0,0.0,0.0,0.0
1084,JP,JP,COALT,COALT,0.11,0.0,0.0,0.0,0.0,0.0
6055,JP,JP,RADIO,FISHF,0.11,0.0,0.0,0.0,0.0,0.0
1212,JP,JP,COKEO,RETA1,0.11,0.0,0.0,0.0,0.0,0.0
845,JP,JP,BUSIN,WHITE,0.11,0.0,0.0,0.0,0.0,0.0
6170,JP,JP,RAILW,NONSP,0.12,0.0,0.0,0.0,0.0,0.0
4317,JP,JP,LANDT,PETRO,0.11,0.0,0.0,0.0,0.0,0.0
4618,JP,JP,LUBRI,PARAF,0.11,0.0,0.0,0.0,0.0,0.0
1580,JP,JP,DIST1,ELEC6,0.11,0.0,0.0,0.0,0.0,0.0
5785,JP,JP,POSTT,MEAT4,0.11,0.0,0.0,0.0,0.0,0.0
2369,JP,JP,ELEC3,NONSP,0.11,0.0,0.0,0.0,0.0,0.0
364,JP,JP,AUXIL,INLAN,0.11,0.0,0.0,0.0,0.0,0.0
606,JP,JP,BITU1,LEATH,0.11,0.0,0.0,0.0,0.0,0.0
194,JP,JP,AIRTR,NFERT,0.11,0.0,0.0,0.0,0.0,0.0
5047,JP,JP,NATUR,LIQUE,0.11,0.0,0.0,0.0,0.0,0.0
4011,JP,JP,INSUR,OXYGE,0.11,0.0,0.0,0.0,0.0,0.0
4801,JP,JP,MEMBE,MEAT4,0.11,0.0,0.0,0.0,0.0,0.0
140,JP,JP,AIRTR,COALT,0.11,0.0,0.0,0.0,0.0,0.0
6431,JP,JP,RECRE,TRAN2,0.11,0.0,0.0,0.0,0.0,0.0
7573,JP,JP,WEARI,MEAT4,0.11,0.0,0.0,0.0,0.0,0.0
1902,JP,JP,ELE11,MEDIC,0.11,0.0,0.0,0.0,0.0,0.0
463,JP,JP,BASIC,LEATH,0.11,0.0,0.0,0.0,0.0,0.0
5283,JP,JP,NONME,SANDC,0.11,0.0,0.0,0.0,0.0,0.0
7225,JP,JP,SUPPO,WHEAT,0.11,0.0,0.0,0.0,0.0,0.0
3835,JP,JP,HEAVY,RAWMI,0.11,0.0,0.0,0.0,0.0,0.0
5692,JP,JP,PLAST,BASIC,0.11,0.0,0.0,0.0,0.0,0.0
7628,JP,JP,WHEAT,ANIMA,0.11,0.0,0.0,0.0,0.0,0.0
944,JP,JP,CHEM1,93197,0.11,0.0,0.0,0.0,0.0,0.0
437,JP,JP,AUXIL,WHEAT,0.11,0.0,0.0,0.0,0.0,0.0
6085,JP,JP,RADIO,PROCE,0.14,0.0,0.0,0.0,0.0,0.0
5156,JP,JP,NONF1,GASDI,0.14,0.0,0.0,0.0,0.0,0.0
5433,JP,JP,OXYGE,WEARI,0.14,0.0,0.0,0.0,0.0,0.0
6783,JP,JP,RUBBE,LUBRI,0.17,0.0,0.0,0.0,0.0,0.0
6063,JP,JP,RADIO,KEROS,0.17,0.0,0.0,0.0,0.0,0.0
6114,JP,JP,RAILW,BITU1,0.17,0.0,0.0,0.0,0.0,0.0
3587,JP,JP,GASDI,MEAT4,0.17,0.0,0.0,0.0,0.0,0.0
141,JP,JP,AIRTR,COKE1,0.17,0.0,0.0,0.0,0.0,0.0
6009,JP,JP,PROCE,TEXTI,0.17,0.0,0.0,0.0,0.0,0.0
4918,JP,JP,MOTOR,NAPHT,0.17,0.0,0.0,0.0,0.0,0.0
2034,JP,JP,ELE12,POULT,0.17,0.0,0.0,0.0,0.0,0.0
567,JP,JP,BIOG1,WEARI,0.17,0.0,0.0,0.0,0.0,0.0
4158,JP,JP,KERO1,NFERT,0.17,0.0,0.0,0.0,0.0,0.0
6821,JP,JP,RUBBE,REFI1,0.17,0.0,0.0,0.0,0.0,0.0
4451,JP,JP,LEATH,PADDY,0.17,0.0,0.0,0.0,0.0,0.0
2291,JP,JP,ELEC2,SUGAR,0.17,0.0,0.0,0.0,0.0,0.0
3663,JP,JP,GLASS,CROPS,0.17,0.0,0.0,0.0,0.0,0.0
535,JP,JP,BIOG1,MEDIC,0.17,0.0,0.0,0.0,0.0,0.0
2677,JP,JP,ELEC6,FISHF,0.17,0.0,0.0,0.0,0.0,0.0
1094,JP,JP,COALT,NFERT,0.17,0.0,0.0,0.0,0.0,0.0
2547,JP,JP,ELEC5,CATTL,0.17,0.0,0.0,0.0,0.0,0.0
3596,JP,JP,GASDI,NATU1,0.17,0.0,0.0,0.0,0.0,0.0
6062,JP,JP,RADIO,KERO1,0.17,0.0,0.0,0.0,0.0,0.0
7026,JP,JP,STEAM,KERO1,0.17,0.0,0.0,0.0,0.0,0.0
5289,JP,JP,NONME,TRAN1,0.16,0.0,0.0,0.0,0.0,0.0
1189,JP,JP,COKEO,ELE12,0.17,0.0,0.0,0.0,0.0,0.0
1917,JP,JP,ELE11,PFERT,0.16,0.0,0.0,0.0,0.0,0.0
5076,JP,JP,NATUR,VEGE1,0.16,0.0,0.0,0.0,0.0,0.0
7027,JP,JP,STEAM,KEROS,0.16,0.0,0.0,0.0,0.0,0.0
7398,JP,JP,TRAN2,COKE1,0.16,0.0,0.0,0.0,0.0,0.0
97,JP,JP,93197,RAWMI,0.16,0.0,0.0,0.0,0.0,0.0
4207,JP,JP,KERO1,WHITE,0.16,0.0,0.0,0.0,0.0,0.0
288,JP,JP,ANIMA,DAIRY,0.16,0.0,0.0,0.0,0.0,0.0
4071,JP,JP,INTER,LEAD1,0.16,0.0,0.0,0.0,0.0,0.0
1026,JP,JP,CHEM1,PETRO,0.16,0.0,0.0,0.0,0.0,0.0
3608,JP,JP,GASDI,PETRO,0.16,0.0,0.0,0.0,0.0,0.0
415,JP,JP,AUXIL,REFI1,0.16,0.0,0.0,0.0,0.0,0.0
3381,JP,JP,FORES,SANDC,0.16,0.0,0.0,0.0,0.0,0.0
7649,JP,JP,WHITE,KERO1,0.16,0.0,0.0,0.0,0.0,0.0
5639,JP,JP,PFERT,REALE,0.16,0.0,0.0,0.0,0.0,0.0
4033,JP,JP,INSUR,REFIN,0.16,0.0,0.0,0.0,0.0,0.0
7115,JP,JP,SUPPO,AVIAT,0.16,0.0,0.0,0.0,0.0,0.0
6336,JP,JP,RECRE,CEMEN,0.16,0.0,0.0,0.0,0.0,0.0
4190,JP,JP,KERO1,RETAI,0.16,0.0,0.0,0.0,0.0,0.0
6383,JP,JP,RECRE,MEATC,0.16,0.0,0.0,0.0,0.0,0.0
1746,JP,JP,DISTR,WHEAT,0.16,0.0,0.0,0.0,0.0,0.0
5327,JP,JP,NONSP,PARAF,0.17,0.0,0.0,0.0,0.0,0.0
1714,JP,JP,DISTR,OILSE,0.17,0.0,0.0,0.0,0.0,0.0
7660,JP,JP,WHITE,PFERT,0.16,0.0,0.0,0.0,0.0,0.0
1906,JP,JP,ELE11,NAPHT,0.18,0.0,0.0,0.0,0.0,0.0
2941,JP,JP,ELECT,MEATA,0.18,0.0,0.0,0.0,0.0,0.0
7531,JP,JP,WEARI,COKE1,0.18,0.0,0.0,0.0,0.0,0.0
3588,JP,JP,GASDI,MEATA,0.18,0.0,0.0,0.0,0.0,0.0
4113,JP,JP,KERO1,DIST1,0.18,0.0,0.0,0.0,0.0,0.0
2372,JP,JP,ELEC3,OILSE,0.18,0.0,0.0,0.0,0.0,0.0
6051,JP,JP,RADIO,ELEC8,0.18,0.0,0.0,0.0,0.0,0.0
6741,JP,JP,RUBBE,BIODI,0.18,0.0,0.0,0.0,0.0,0.0
4840,JP,JP,MEMBE,REFI1,0.18,0.0,0.0,0.0,0.0,0.0
2286,JP,JP,ELEC2,SANDC,0.18,0.0,0.0,0.0,0.0,0.0
152,JP,JP,AIRTR,ELE12,0.18,0.0,0.0,0.0,0.0,0.0
6355,JP,JP,RECRE,ELEC2,0.18,0.0,0.0,0.0,0.0,0.0
131,JP,JP,AIRTR,BITUM,0.18,0.0,0.0,0.0,0.0,0.0
2699,JP,JP,ELEC6,MEATP,0.18,0.0,0.0,0.0,0.0,0.0
1473,JP,JP,CROPS,BUSIN,0.18,0.0,0.0,0.0,0.0,0.0
2520,JP,JP,ELEC4,STEAM,0.18,0.0,0.0,0.0,0.0,0.0
1561,JP,JP,DIST1,COALT,0.19,0.0,0.0,0.0,0.0,0.0
1736,JP,JP,DISTR,SUGAR,0.19,0.0,0.0,0.0,0.0,0.0
2883,JP,JP,ELEC8,STEAM,0.19,0.0,0.0,0.0,0.0,0.0
5562,JP,JP,PARAF,BITU1,0.19,0.0,0.0,0.0,0.0,0.0
2558,JP,JP,ELEC5,CRUDE,0.18,0.0,0.0,0.0,0.0,0.0
3791,JP,JP,HEAVY,INSUR,0.18,0.0,0.0,0.0,0.0,0.0
375,JP,JP,AUXIL,MEAT4,0.17,0.0,0.0,0.0,0.0,0.0
7254,JP,JP,TEXTI,COKEO,0.18,0.0,0.0,0.0,0.0,0.0
916,JP,JP,CERAM,LANDT,0.17,0.0,0.0,0.0,0.0,0.0
6482,JP,JP,REFIN,PARAF,0.17,0.0,0.0,0.0,0.0,0.0
6681,JP,JP,RETA1,NATU1,0.17,0.0,0.0,0.0,0.0,0.0
4100,JP,JP,KERO1,CEREA,0.17,0.0,0.0,0.0,0.0,0.0
1157,JP,JP,COKE1,PULP5,0.17,0.0,0.0,0.0,0.0,0.0
4802,JP,JP,MEMBE,MEATA,0.17,0.0,0.0,0.0,0.0,0.0
32,JP,JP,93197,ELE11,0.17,0.0,0.0,0.0,0.0,0.0
7294,JP,JP,TEXTI,RAWMI,0.18,0.0,0.0,0.0,0.0,0.0
4697,JP,JP,MEDIC,CROPS,0.18,0.0,0.0,0.0,0.0,0.0
3994,JP,JP,INSUR,MEAT4,0.18,0.0,0.0,0.0,0.0,0.0
4518,JP,JP,LIQUE,FINAN,0.18,0.0,0.0,0.0,0.0,0.0
7010,JP,JP,STEAM,CRUDE,0.18,0.0,0.0,0.0,0.0,0.0
2017,JP,JP,ELE12,NATU1,0.18,0.0,0.0,0.0,0.0,0.0
3764,JP,JP,HEAVY,CHARC,0.18,0.0,0.0,0.0,0.0,0.0
4799,JP,JP,MEMBE,LUBRI,0.18,0.0,0.0,0.0,0.0,0.0
495,JP,JP,BEVER,CROPS,0.18,0.0,0.0,0.0,0.0,0.0
5560,JP,JP,PAPER,WHEAT,0.18,0.0,0.0,0.0,0.0,0.0
2587,JP,JP,ELEC5,MEATC,0.18,0.0,0.0,0.0,0.0,0.0
2055,JP,JP,ELE12,SEACO,0.18,0.0,0.0,0.0,0.0,0.0
2262,JP,JP,ELEC2,OILSE,0.16,0.0,0.0,0.0,0.0,0.0
6683,JP,JP,RETA1,NFERT,0.16,0.0,0.0,0.0,0.0,0.0
590,JP,JP,BITU1,ELEC3,0.14,0.0,0.0,0.0,0.0,0.0
1049,JP,JP,CHEM1,TRAN1,0.14,0.0,0.0,0.0,0.0,0.0
132,JP,JP,AIRTR,BLAST,0.14,0.0,0.0,0.0,0.0,0.0
6947,JP,JP,SEACO,NONF1,0.14,0.0,0.0,0.0,0.0,0.0
5349,JP,JP,OILHA,ELEC5,0.14,0.0,0.0,0.0,0.0,0.0
3383,JP,JP,FORES,TEXTI,0.14,0.0,0.0,0.0,0.0,0.0
5066,JP,JP,NATUR,PREC1,0.14,0.0,0.0,0.0,0.0,0.0
5235,JP,JP,NONME,FISHF,0.14,0.0,0.0,0.0,0.0,0.0
5258,JP,JP,NONME,NFERT,0.14,0.0,0.0,0.0,0.0,0.0
2602,JP,JP,ELEC5,OILSE,0.14,0.0,0.0,0.0,0.0,0.0
1698,JP,JP,DISTR,LIQUE,0.14,0.0,0.0,0.0,0.0,0.0
4819,JP,JP,MEMBE,OXYGE,0.14,0.0,0.0,0.0,0.0,0.0
7489,JP,JP,WASTE,CEMEN,0.14,0.0,0.0,0.0,0.0,0.0
5599,JP,JP,PFERT,DISTR,0.14,0.0,0.0,0.0,0.0,0.0
1893,JP,JP,ELE11,KEROS,0.15,0.0,0.0,0.0,0.0,0.0
2638,JP,JP,ELEC5,VEGE1,0.15,0.0,0.0,0.0,0.0,0.0
4440,JP,JP,LEATH,MEATC,0.15,0.0,0.0,0.0,0.0,0.0
2911,JP,JP,ELECT,COALT,0.15,0.0,0.0,0.0,0.0,0.0
806,JP,JP,BUSIN,OILSE,0.15,0.0,0.0,0.0,0.0,0.0
2180,JP,JP,ELEC1,SUGA1,0.15,0.0,0.0,0.0,0.0,0.0
665,JP,JP,BLAST,GASDI,0.15,0.0,0.0,0.0,0.0,0.0
130,JP,JP,AIRTR,BITU1,0.14,0.0,0.0,0.0,0.0,0.0
1979,JP,JP,ELE12,CROPS,0.14,0.0,0.0,0.0,0.0,0.0
3753,JP,JP,HEAVY,AVIAT,0.15,0.0,0.0,0.0,0.0,0.0
810,JP,JP,BUSIN,PARAF,0.14,0.0,0.0,0.0,0.0,0.0
7502,JP,JP,WASTE,NATUR,0.14,0.0,0.0,0.0,0.0,0.0
2149,JP,JP,ELEC1,PARAF,0.14,0.0,0.0,0.0,0.0,0.0
5849,JP,JP,POULT,ANIMA,0.14,0.0,0.0,0.0,0.0,0.0
2035,JP,JP,ELE12,PREC1,0.14,0.0,0.0,0.0,0.0,0.0
4413,JP,JP,LEATH,DISTR,0.14,0.0,0.0,0.0,0.0,0.0
5347,JP,JP,OILHA,CRUDE,0.14,0.0,0.0,0.0,0.0,0.0
5143,JP,JP,NONF1,ELE11,0.14,0.0,0.0,0.0,0.0,0.0
5336,JP,JP,NONSP,WHITE,0.14,0.0,0.0,0.0,0.0,0.0
5954,JP,JP,PRINT,PADDY,0.14,0.0,0.0,0.0,0.0,0.0
3362,JP,JP,FORES,FISHF,0.14,0.0,0.0,0.0,0.0,0.0
6487,JP,JP,REFIN,WHITE,0.14,0.0,0.0,0.0,0.0,0.0
3012,JP,JP,FABRI,ELEC6,0.14,0.0,0.0,0.0,0.0,0.0
5350,JP,JP,OILHA,ELEC6,0.14,0.0,0.0,0.0,0.0,0.0
3054,JP,JP,FABRI,NONSP,0.14,0.0,0.0,0.0,0.0,0.0
4907,JP,JP,MOTOR,KERO1,0.14,0.0,0.0,0.0,0.0,0.0
4932,JP,JP,MOTOR,PREC1,0.14,0.0,0.0,0.0,0.0,0.0
4572,JP,JP,LIQUE,SALEM,0.14,0.0,0.0,0.0,0.0,0.0
5250,JP,JP,NONME,MEAT4,0.14,0.0,0.0,0.0,0.0,0.0
6846,JP,JP,SALEM,CATTL,0.14,0.0,0.0,0.0,0.0,0.0
5284,JP,JP,NONME,SEACO,0.15,0.0,0.0,0.0,0.0,0.0
2150,JP,JP,ELEC1,PETRO,0.15,0.0,0.0,0.0,0.0,0.0
7368,JP,JP,TRAN1,OXYGE,0.16,0.0,0.0,0.0,0.0,0.0
4501,JP,JP,LIQUE,COKEO,0.15,0.0,0.0,0.0,0.0,0.0
6064,JP,JP,RADIO,LEAD1,0.15,0.0,0.0,0.0,0.0,0.0
3966,JP,JP,INSUR,ELEC5,0.31,0.0,0.0,0.0,0.0,0.0
2312,JP,JP,ELEC3,BITU1,0.15,0.0,0.0,0.0,0.0,0.0
2308,JP,JP,ELEC3,ANIMA,0.15,0.0,0.0,0.0,0.0,0.0
3833,JP,JP,HEAVY,RADIO,0.15,0.0,0.0,0.0,0.0,0.0
2672,JP,JP,ELEC6,ELEC6,0.16,0.0,0.0,0.0,0.0,0.0
1915,JP,JP,ELE11,PADDY,0.16,0.0,0.0,0.0,0.0,0.0
7521,JP,JP,WEARI,BLAST,0.16,0.0,0.0,0.0,0.0,0.0
7383,JP,JP,TRAN1,SUGA1,0.16,0.0,0.0,0.0,0.0,0.0
6572,JP,JP,RESEA,OILSE,0.16,0.0,0.0,0.0,0.0,0.0
7650,JP,JP,WHITE,KEROS,0.16,0.0,0.0,0.0,0.0,0.0
5285,JP,JP,NONME,SUGA1,0.16,0.0,0.0,0.0,0.0,0.0
3961,JP,JP,INSUR,ELE11,0.16,0.0,0.0,0.0,0.0,0.0
7028,JP,JP,STEAM,LEAD1,0.16,0.0,0.0,0.0,0.0,0.0
6607,JP,JP,RESEA,WHITE,0.16,0.0,0.0,0.0,0.0,0.0
5801,JP,JP,POSTT,OILSE,0.16,0.0,0.0,0.0,0.0,0.0
5612,JP,JP,PFERT,GASDI,0.16,0.0,0.0,0.0,0.0,0.0
3903,JP,JP,INLAN,IRONO,0.16,0.0,0.0,0.0,0.0,0.0
373,JP,JP,AUXIL,LUBRI,0.16,0.0,0.0,0.0,0.0,0.0
6944,JP,JP,SEACO,NATU1,0.15,0.0,0.0,0.0,0.0,0.0
1344,JP,JP,COMPU,WHEAT,0.15,0.0,0.0,0.0,0.0,0.0
6309,JP,JP,REALE,SANDC,0.15,0.0,0.0,0.0,0.0,0.0
6934,JP,JP,SEACO,LIQUE,0.15,0.0,0.0,0.0,0.0,0.0
6076,JP,JP,RADIO,NONF1,0.15,0.0,0.0,0.0,0.0,0.0
5864,JP,JP,POULT,SANDC,0.15,0.0,0.0,0.0,0.0,0.0
3772,JP,JP,HEAVY,CRUDE,0.15,0.0,0.0,0.0,0.0,0.0
1025,JP,JP,CHEM1,PARAF,0.15,0.0,0.0,0.0,0.0,0.0
5644,JP,JP,PFERT,SUPPO,0.15,0.0,0.0,0.0,0.0,0.0
3607,JP,JP,GASDI,PARAF,0.15,0.0,0.0,0.0,0.0,0.0
5878,JP,JP,PRINT,BIODI,0.15,0.0,0.0,0.0,0.0,0.0
1143,JP,JP,COKE1,NATUR,0.15,0.0,0.0,0.0,0.0,0.0
5660,JP,JP,PIGS9,POULT,0.15,0.0,0.0,0.0,0.0,0.0
4074,JP,JP,INTER,PADDY,0.15,0.0,0.0,0.0,0.0,0.0
2301,JP,JP,ELEC2,WHEAT,0.15,0.0,0.0,0.0,0.0,0.0
3848,JP,JP,HEAVY,SUGA1,0.15,0.0,0.0,0.0,0.0,0.0
3073,JP,JP,FABRI,RAWMI,0.15,0.0,0.0,0.0,0.0,0.0
1892,JP,JP,ELE11,KERO1,0.15,0.0,0.0,0.0,0.0,0.0
6128,JP,JP,RAILW,CROPS,0.15,0.0,0.0,0.0,0.0,0.0
6645,JP,JP,RETA1,ELEC5,0.15,0.0,0.0,0.0,0.0,0.0
811,JP,JP,BUSIN,PETRO,0.15,0.0,0.0,0.0,0.0,0.0
7546,JP,JP,WEARI,ELEC5,0.15,0.0,0.0,0.0,0.0,0.0
5286,JP,JP,NONME,SUGAR,0.15,0.0,0.0,0.0,0.0,0.0
2723,JP,JP,ELEC6,POULT,0.31,0.0,0.0,0.0,0.0,0.0
7279,JP,JP,TEXTI,NFERT,0.39,0.0,0.0,0.0,0.0,0.0
2410,JP,JP,ELEC3,TRAN1,0.31,0.0,0.0,0.0,0.0,0.0
2698,JP,JP,ELEC6,MEATC,0.63,0.0,0.0,0.0,0.0,0.0
568,JP,JP,BIOG1,WHOLE,0.62,0.0,0.0,0.0,0.0,0.0
4087,JP,JP,KERO1,ANIMA,0.62,0.0,0.0,0.0,0.0,0.0
3214,JP,JP,FINAN,STEAM,0.9,0.0,0.0,0.0,0.0,0.0
3995,JP,JP,INSUR,MEATA,0.62,0.0,0.0,0.0,0.0,0.0
3780,JP,JP,HEAVY,FISHF,0.9,0.0,0.0,0.0,0.0,0.0
1640,JP,JP,DIST1,SANDC,0.62,0.0,0.0,0.0,0.0,0.0
2526,JP,JP,ELEC4,TOBAC,0.63,0.0,0.0,0.0,0.0,0.0
104,JP,JP,93197,RETAI,0.63,0.0,0.0,0.0,0.0,0.0
5200,JP,JP,NONME,ANIMA,0.63,0.0,0.0,0.0,0.0,0.0
2874,JP,JP,ELEC8,REFI1,0.62,0.0,0.0,0.0,0.0,0.0
2889,JP,JP,ELEC8,TOBAC,0.63,0.0,0.0,0.0,0.0,0.0
6986,JP,JP,SECO9,ELE11,0.63,0.0,0.0,0.0,0.0,0.0
4615,JP,JP,LUBRI,NONSP,0.63,0.0,0.0,0.0,0.0,0.0
2413,JP,JP,ELEC3,VEGE1,0.63,0.0,0.0,0.0,0.0,0.0
543,JP,JP,BIOG1,OFFIC,0.63,0.0,0.0,0.0,0.0,0.0
2667,JP,JP,ELEC6,CRUDE,0.63,0.0,0.0,0.0,0.0,0.0
6369,JP,JP,RECRE,GLASS,0.63,0.0,0.0,0.0,0.0,0.0
891,JP,JP,CEMEN,STONE,0.63,0.0,0.0,0.0,0.0,0.0
3474,JP,JP,FURNI,LEAD1,0.62,0.0,0.0,0.0,0.0,0.0
1172,JP,JP,COKE1,WEARI,0.62,0.0,0.0,0.0,0.0,0.0
4342,JP,JP,LANDT,SANDC,0.6,0.0,0.0,0.0,0.0,0.0
1151,JP,JP,COKE1,PLAST,0.6,0.0,0.0,0.0,0.0,0.0
7394,JP,JP,TRAN2,BITUM,0.6,0.0,0.0,0.0,0.0,0.0
6455,JP,JP,REFI1,WHITE,0.9,0.0,0.0,0.0,0.0,0.0
3395,JP,JP,FOUND,FISHF,0.6,0.0,0.0,0.0,0.0,0.0
4552,JP,JP,LIQUE,PAPER,0.6,0.0,0.0,0.0,0.0,0.0
6349,JP,JP,RECRE,DAIRY,0.6,0.0,0.0,0.0,0.0,0.0
4592,JP,JP,LUBRI,COALT,0.6,0.0,0.0,0.0,0.0,0.0
2469,JP,JP,ELEC4,LUBRI,0.6,0.0,0.0,0.0,0.0,0.0
2832,JP,JP,ELEC8,LUBRI,0.6,0.0,0.0,0.0,0.0,0.0
6343,JP,JP,RECRE,COKEO,0.6,0.0,0.0,0.0,0.0,0.0
2511,JP,JP,ELEC4,REFI1,0.62,0.0,0.0,0.0,0.0,0.0
7772,JP,JP,WOODW,TEXTI,0.9,0.0,0.0,0.0,0.0,0.0
2655,JP,JP,ELEC6,CATTL,0.6,0.0,0.0,0.0,0.0,0.0
1573,JP,JP,DIST1,ELE11,0.6,0.0,0.0,0.0,0.0,0.0
7645,JP,JP,WHITE,FOUND,0.61,0.0,0.0,0.0,0.0,0.0
57,JP,JP,93197,KEROS,0.61,0.0,0.0,0.0,0.0,0.0
4238,JP,JP,LANDT,BIOG1,0.9,0.0,0.0,0.0,0.0,0.0
2012,JP,JP,ELE12,MEDIC,0.61,0.0,0.0,0.0,0.0,0.0
7196,JP,JP,SUPPO,PREC1,0.61,0.0,0.0,0.0,0.0,0.0
6867,JP,JP,SALEM,VEGET,0.63,0.0,0.0,0.0,0.0,0.0
56,JP,JP,93197,KERO1,0.63,0.0,0.0,0.0,0.0,0.0
7481,JP,JP,VEGET,PIGS9,0.63,0.0,0.0,0.0,0.0,0.0
6469,JP,JP,REFIN,ELEC5,0.65,0.0,0.0,0.0,0.0,0.0
1281,JP,JP,COMPU,LUBRI,0.64,0.0,0.0,0.0,0.0,0.0
7484,JP,JP,VEGET,RAWMI,0.64,0.0,0.0,0.0,0.0,0.0
7322,JP,JP,TRAN1,BLAST,0.65,0.0,0.0,0.0,0.0,0.0
1950,JP,JP,ELE11,TRANS,0.65,0.0,0.0,0.0,0.0,0.0
1511,JP,JP,CRUDE,LIQUE,0.65,0.0,0.0,0.0,0.0,0.0
6589,JP,JP,RESEA,REFIN,0.65,0.0,0.0,0.0,0.0,0.0
4901,JP,JP,MOTOR,GASDI,0.65,0.0,0.0,0.0,0.0,0.0
4505,JP,JP,LIQUE,DAIRY,0.65,0.0,0.0,0.0,0.0,0.0
2499,JP,JP,ELEC4,PREC1,0.65,0.0,0.0,0.0,0.0,0.0
4917,JP,JP,MOTOR,MOTOR,0.89,0.0,0.0,0.0,0.0,0.0
4262,JP,JP,LANDT,ELE11,0.65,0.0,0.0,0.0,0.0,0.0
2862,JP,JP,ELEC8,PREC1,0.65,0.0,0.0,0.0,0.0,0.0
5437,JP,JP,PADDY,CONST,0.65,0.0,0.0,0.0,0.0,0.0
6886,JP,JP,SANDC,NFERT,0.66,0.0,0.0,0.0,0.0,0.0
3107,JP,JP,FINAN,BIOG1,0.66,0.0,0.0,0.0,0.0,0.0
7083,JP,JP,STONE,RUBBE,0.66,0.0,0.0,0.0,0.0,0.0
392,JP,JP,AUXIL,OILSE,0.88,0.0,0.0,0.0,0.0,0.0
3931,JP,JP,INSUR,ANIMA,0.66,0.0,0.0,0.0,0.0,0.0
6437,JP,JP,RECRE,WOODW,0.88,0.0,0.0,0.0,0.0,0.0
6106,JP,JP,RADIO,WOODW,0.64,0.0,0.0,0.0,0.0,0.0
2890,JP,JP,ELEC8,TRAN1,0.64,0.0,0.0,0.0,0.0,0.0
2833,JP,JP,ELEC8,MEAT1,0.64,0.0,0.0,0.0,0.0,0.0
1943,JP,JP,ELE11,STONE,0.63,0.0,0.0,0.0,0.0,0.0
6665,JP,JP,RETA1,KERO1,0.89,0.0,0.0,0.0,0.0,0.0
4905,JP,JP,MOTOR,INSUR,0.63,0.0,0.0,0.0,0.0,0.0
3506,JP,JP,FURNI,PULP5,0.63,0.0,0.0,0.0,0.0,0.0
6619,JP,JP,RETA1,BITUM,0.63,0.0,0.0,0.0,0.0,0.0
5858,JP,JP,POULT,NFERT,0.89,0.0,0.0,0.0,0.0,0.0
89,JP,JP,93197,PREC1,0.64,0.0,0.0,0.0,0.0,0.0
866,JP,JP,CEMEN,CHEM1,0.64,0.0,0.0,0.0,0.0,0.0
2306,JP,JP,ELEC3,AIRTR,0.89,0.0,0.0,0.0,0.0,0.0
7606,JP,JP,WEARI,RAWMI,0.64,0.0,0.0,0.0,0.0,0.0
301,JP,JP,ANIMA,POULT,0.64,0.0,0.0,0.0,0.0,0.0
5089,JP,JP,NFERT,DIST1,0.89,0.0,0.0,0.0,0.0,0.0
3679,JP,JP,GLASS,MEAT1,0.64,0.0,0.0,0.0,0.0,0.0
2470,JP,JP,ELEC4,MEAT1,0.64,0.0,0.0,0.0,0.0,0.0
1484,JP,JP,CROPS,MEATA,0.89,0.0,0.0,0.0,0.0,0.0
636,JP,JP,BITUM,ELECT,0.64,0.0,0.0,0.0,0.0,0.0
4951,JP,JP,MOTOR,TRAN2,0.64,0.0,0.0,0.0,0.0,0.0
4810,JP,JP,MEMBE,NATUR,0.6,0.0,0.0,0.0,0.0,0.0
1842,JP,JP,EDUCA,TRAN2,0.9,0.0,0.0,0.0,0.0,0.0
3087,JP,JP,FABRI,SUGAR,0.88,0.0,0.0,0.0,0.0,0.0
3487,JP,JP,FURNI,NATU1,0.92,0.0,0.0,0.0,0.0,0.0
1187,JP,JP,COKEO,EDUCA,0.92,0.0,0.0,0.0,0.0,0.0
5923,JP,JP,PRINT,HEAVY,0.55,0.0,0.0,0.0,0.0,0.0
3166,JP,JP,FINAN,MEATA,0.55,0.0,0.0,0.0,0.0,0.0
4921,JP,JP,MOTOR,NONF1,0.55,0.0,0.0,0.0,0.0,0.0
6793,JP,JP,RUBBE,NATU1,0.55,0.0,0.0,0.0,0.0,0.0
613,JP,JP,BITU1,NONF1,0.55,0.0,0.0,0.0,0.0,0.0
4197,JP,JP,KERO1,SUGAR,0.92,0.0,0.0,0.0,0.0,0.0
1166,JP,JP,COKE1,STONE,0.55,0.0,0.0,0.0,0.0,0.0
850,JP,JP,CATTL,FORES,0.92,0.0,0.0,0.0,0.0,0.0
4637,JP,JP,LUBRI,SUPPO,0.54,0.0,0.0,0.0,0.0,0.0
6890,JP,JP,SANDC,SANDC,0.56,0.0,0.0,0.0,0.0,0.0
1093,JP,JP,COALT,MOTO1,0.56,0.0,0.0,0.0,0.0,0.0
1895,JP,JP,ELE11,LEAD1,0.56,0.0,0.0,0.0,0.0,0.0
3233,JP,JP,FISH5,EDUCA,0.56,0.0,0.0,0.0,0.0,0.0
6281,JP,JP,REALE,NAPHT,0.56,0.0,0.0,0.0,0.0,0.0
3742,JP,JP,HEALT,REALE,0.56,0.0,0.0,0.0,0.0,0.0
7393,JP,JP,TRAN2,BITU1,0.56,0.0,0.0,0.0,0.0,0.0
2564,JP,JP,ELEC5,FINAN,0.92,0.0,0.0,0.0,0.0,0.0
4533,JP,JP,LIQUE,LEAD1,0.55,0.0,0.0,0.0,0.0,0.0
6096,JP,JP,RADIO,STONE,0.54,0.0,0.0,0.0,0.0,0.0
1826,JP,JP,EDUCA,REALE,0.9,0.0,0.0,0.0,0.0,0.0
5526,JP,JP,PAPER,OILSE,0.92,0.0,0.0,0.0,0.0,0.0
7396,JP,JP,TRAN2,CHEM1,0.52,0.0,0.0,0.0,0.0,0.0
6379,JP,JP,RECRE,LEATH,0.53,0.0,0.0,0.0,0.0,0.0
6461,JP,JP,REFIN,COKE1,0.53,0.0,0.0,0.0,0.0,0.0
4982,JP,JP,NAPHT,NONSP,0.53,0.0,0.0,0.0,0.0,0.0
4294,JP,JP,LANDT,MEAT4,0.92,0.0,0.0,0.0,0.0,0.0
4798,JP,JP,MEMBE,LIQUE,0.53,0.0,0.0,0.0,0.0,0.0
1800,JP,JP,EDUCA,MEAT1,0.53,0.0,0.0,0.0,0.0,0.0
3615,JP,JP,GASDI,PRIVA,0.53,0.0,0.0,0.0,0.0,0.0
6031,JP,JP,RADIO,CEMEN,0.53,0.0,0.0,0.0,0.0,0.0
1879,JP,JP,ELE11,FISH5,0.54,0.0,0.0,0.0,0.0,0.0
1354,JP,JP,CONST,BITU1,0.53,0.0,0.0,0.0,0.0,0.0
7659,JP,JP,WHITE,PAPER,0.53,0.0,0.0,0.0,0.0,0.0
2411,JP,JP,ELEC3,TRAN2,0.92,0.0,0.0,0.0,0.0,0.0
7626,JP,JP,WEARI,WHEAT,0.54,0.0,0.0,0.0,0.0,0.0
6340,JP,JP,RECRE,CHEMI,0.54,0.0,0.0,0.0,0.0,0.0
7064,JP,JP,STEAM,WOODW,0.54,0.0,0.0,0.0,0.0,0.0
2593,JP,JP,ELEC5,NAPHT,0.54,0.0,0.0,0.0,0.0,0.0
1850,JP,JP,ELE11,ALUM1,0.54,0.0,0.0,0.0,0.0,0.0
1983,JP,JP,ELE12,DISTR,0.56,0.0,0.0,0.0,0.0,0.0
5515,JP,JP,PAPER,MEAT4,0.57,0.0,0.0,0.0,0.0,0.0
3633,JP,JP,GASDI,STEAM,0.57,0.0,0.0,0.0,0.0,0.0
4882,JP,JP,MOTOR,CERAM,0.59,0.0,0.0,0.0,0.0,0.0
208,JP,JP,AIRTR,PREC1,0.59,0.0,0.0,0.0,0.0,0.0
3810,JP,JP,HEAVY,NATUR,0.59,0.0,0.0,0.0,0.0,0.0
7114,JP,JP,SUPPO,AUXIL,0.91,0.0,0.0,0.0,0.0,0.0
5548,JP,JP,PAPER,SANDC,0.59,0.0,0.0,0.0,0.0,0.0
5490,JP,JP,PAPER,COKEO,0.59,0.0,0.0,0.0,0.0,0.0
2475,JP,JP,ELEC4,MEMBE,0.59,0.0,0.0,0.0,0.0,0.0
620,JP,JP,BITU1,PFERT,0.91,0.0,0.0,0.0,0.0,0.0
505,JP,JP,BEVER,RAWMI,0.91,0.0,0.0,0.0,0.0,0.0
2838,JP,JP,ELEC8,MEMBE,0.59,0.0,0.0,0.0,0.0,0.0
3530,JP,JP,FURNI,VEGE1,0.57,0.0,0.0,0.0,0.0,0.0
4587,JP,JP,LUBRI,BITU1,0.91,0.0,0.0,0.0,0.0,0.0
4747,JP,JP,MEMBE,BLAST,0.59,0.0,0.0,0.0,0.0,0.0
6993,JP,JP,SECO9,TEXTI,0.91,0.0,0.0,0.0,0.0,0.0
3451,JP,JP,FURNI,ELEC5,0.59,0.0,0.0,0.0,0.0,0.0
5663,JP,JP,PLANT,CHEM1,0.59,0.0,0.0,0.0,0.0,0.0
4997,JP,JP,NATU1,BITU1,0.59,0.0,0.0,0.0,0.0,0.0
6994,JP,JP,SECO9,VEGET,0.91,0.0,0.0,0.0,0.0,0.0
6925,JP,JP,SEACO,HEAVY,0.59,0.0,0.0,0.0,0.0,0.0
66,JP,JP,93197,MEATP,0.91,0.0,0.0,0.0,0.0,0.0
7143,JP,JP,SUPPO,ELEC4,0.59,0.0,0.0,0.0,0.0,0.0
4309,JP,JP,LANDT,NONSP,0.59,0.0,0.0,0.0,0.0,0.0
871,JP,JP,CEMEN,CRUDE,0.58,0.0,0.0,0.0,0.0,0.0
4206,JP,JP,KERO1,WHEAT,0.57,0.0,0.0,0.0,0.0,0.0
289,JP,JP,ANIMA,EDUCA,0.57,0.0,0.0,0.0,0.0,0.0
6366,JP,JP,RECRE,FOUND,0.57,0.0,0.0,0.0,0.0,0.0
643,JP,JP,BLAST,ALUM1,0.57,0.0,0.0,0.0,0.0,0.0
5222,JP,JP,NONME,DIST1,0.57,0.0,0.0,0.0,0.0,0.0
605,JP,JP,BITU1,LEAD1,0.57,0.0,0.0,0.0,0.0,0.0
1866,JP,JP,ELE11,COMPU,0.58,0.0,0.0,0.0,0.0,0.0
5335,JP,JP,NONSP,REFIN,0.58,0.0,0.0,0.0,0.0,0.0
5717,JP,JP,PLAST,WEARI,0.58,0.0,0.0,0.0,0.0,0.0
6485,JP,JP,REFIN,REFIN,0.58,0.0,0.0,0.0,0.0,0.0
3372,JP,JP,FORES,NATU1,0.58,0.0,0.0,0.0,0.0,0.0
4693,JP,JP,MEDIC,CHEMI,0.58,0.0,0.0,0.0,0.0,0.0
4947,JP,JP,MOTOR,SUGAR,0.58,0.0,0.0,0.0,0.0,0.0
558,JP,JP,BIOG1,RUBBE,0.91,0.0,0.0,0.0,0.0,0.0
4604,JP,JP,LUBRI,HOTEL,0.58,0.0,0.0,0.0,0.0,0.0
4968,JP,JP,NAPHT,ELEC1,0.58,0.0,0.0,0.0,0.0,0.0
2067,JP,JP,ELE12,VEGET,0.58,0.0,0.0,0.0,0.0,0.0
2576,JP,JP,ELEC5,INSUR,0.66,0.0,0.0,0.0,0.0,0.0
4452,JP,JP,LEATH,PFERT,0.66,0.0,0.0,0.0,0.0,0.0
6939,JP,JP,SEACO,MEDIC,0.52,0.0,0.0,0.0,0.0,0.0
4911,JP,JP,MOTOR,LEATH,0.75,0.0,0.0,0.0,0.0,0.0
706,JP,JP,BLAST,STONE,0.75,0.0,0.0,0.0,0.0,0.0
6555,JP,JP,RESEA,MEATA,0.83,0.0,0.0,0.0,0.0,0.0
5092,JP,JP,NFERT,ELEC2,0.83,0.0,0.0,0.0,0.0,0.0
4416,JP,JP,LEATH,ELEC1,0.75,0.0,0.0,0.0,0.0,0.0
4818,JP,JP,MEMBE,OILSE,0.75,0.0,0.0,0.0,0.0,0.0
3212,JP,JP,FINAN,SANDC,0.83,0.0,0.0,0.0,0.0,0.0
2660,JP,JP,ELEC6,COALT,0.1,0.0,0.0,0.0,0.0,0.0
2753,JP,JP,ELEC6,TRAN2,0.75,0.0,0.0,0.0,0.0,0.0
7330,JP,JP,TRAN1,COKE1,0.75,0.0,0.0,0.0,0.0,0.0
3560,JP,JP,GASDI,CRUDE,0.83,0.0,0.0,0.0,0.0,0.0
591,JP,JP,BITU1,ELEC4,0.83,0.0,0.0,0.0,0.0,0.0
71,JP,JP,93197,NAPHT,0.75,0.0,0.0,0.0,0.0,0.0
4411,JP,JP,LEATH,DAIRY,0.75,0.0,0.0,0.0,0.0,0.0
1107,JP,JP,COKE1,BIOG1,0.83,0.0,0.0,0.0,0.0,0.0
318,JP,JP,AUXIL,BITUM,0.75,0.0,0.0,0.0,0.0,0.0
632,JP,JP,BITU1,TRANS,0.76,0.0,0.0,0.0,0.0,0.0
5370,JP,JP,OXYGE,BUSIN,0.83,0.0,0.0,0.0,0.0,0.0
1022,JP,JP,CHEM1,OXYGE,0.76,0.0,0.0,0.0,0.0,0.0
6696,JP,JP,RETA1,PIGS9,0.75,0.0,0.0,0.0,0.0,0.0
7646,JP,JP,WHITE,GASDI,0.74,0.0,0.0,0.0,0.0,0.0
6135,JP,JP,RAILW,FISH5,0.72,0.0,0.0,0.0,0.0,0.0
5087,JP,JP,NFERT,COPP1,0.85,0.0,0.0,0.0,0.0,0.0
2644,JP,JP,ELEC6,AIRTR,0.73,0.0,0.0,0.0,0.0,0.0
5221,JP,JP,NONME,CRUDE,0.73,0.0,0.0,0.0,0.0,0.0
6325,JP,JP,RECRE,AIRTR,0.85,0.0,0.0,0.0,0.0,0.0
458,JP,JP,BASIC,FISHF,0.73,0.0,0.0,0.0,0.0,0.0
7584,JP,JP,WEARI,NFERT,0.73,0.0,0.0,0.0,0.0,0.0
685,JP,JP,BLAST,NONF1,0.85,0.0,0.0,0.0,0.0,0.0
1088,JP,JP,COALT,FABRI,0.74,0.0,0.0,0.0,0.0,0.0
4239,JP,JP,LANDT,BITU1,0.85,0.0,0.0,0.0,0.0,0.0
347,JP,JP,AUXIL,ELEC5,0.74,0.0,0.0,0.0,0.0,0.0
7054,JP,JP,STEAM,SALEM,0.83,0.0,0.0,0.0,0.0,0.0
6776,JP,JP,RUBBE,IRONO,0.74,0.0,0.0,0.0,0.0,0.0
4878,JP,JP,MOTOR,BRICK,0.74,0.0,0.0,0.0,0.0,0.0
2882,JP,JP,ELEC8,SEACO,0.84,0.0,0.0,0.0,0.0,0.0
2574,JP,JP,ELEC5,HEAVY,0.74,0.0,0.0,0.0,0.0,0.0
6425,JP,JP,RECRE,STONE,0.74,0.0,0.0,0.0,0.0,0.0
2519,JP,JP,ELEC4,SEACO,0.84,0.0,0.0,0.0,0.0,0.0
2315,JP,JP,ELEC3,CATTL,0.74,0.0,0.0,0.0,0.0,0.0
545,JP,JP,BIOG1,PFERT,0.74,0.0,0.0,0.0,0.0,0.0
2720,JP,JP,ELEC6,PIGS9,0.76,0.0,0.0,0.0,0.0,0.0
2479,JP,JP,ELEC4,NATU1,0.83,0.0,0.0,0.0,0.0,0.0
3962,JP,JP,INSUR,ELE12,0.83,0.0,0.0,0.0,0.0,0.0
2861,JP,JP,ELEC8,POULT,0.79,0.0,0.0,0.0,0.0,0.0
372,JP,JP,AUXIL,LIQUE,0.78,0.0,0.0,0.0,0.0,0.0
2498,JP,JP,ELEC4,POULT,0.79,0.0,0.0,0.0,0.0,0.0
4032,JP,JP,INSUR,REFI1,0.79,0.0,0.0,0.0,0.0,0.0
1757,JP,JP,EDUCA,BLAST,0.8,0.0,0.0,0.0,0.0,0.0
1911,JP,JP,ELE11,NONME,0.79,0.0,0.0,0.0,0.0,0.0
7465,JP,JP,VEGE1,PUBLI,0.8,0.0,0.0,0.0,0.0,0.0
3216,JP,JP,FINAN,SUGA1,0.79,0.0,0.0,0.0,0.0,0.0
3837,JP,JP,HEAVY,RECRE,0.79,0.0,0.0,0.0,0.0,0.0
307,JP,JP,ANIMA,WOOLS,0.79,0.0,0.0,0.0,0.0,0.0
4961,JP,JP,NAPHT,BITU1,0.76,0.0,0.0,0.0,0.0,0.0
5211,JP,JP,NONME,CEREA,0.79,0.0,0.0,0.0,0.0,0.0
5610,JP,JP,PFERT,FORES,0.8,0.0,0.0,0.0,0.0,0.0
2143,JP,JP,ELEC1,NONSP,0.79,0.0,0.0,0.0,0.0,0.0
6058,JP,JP,RADIO,GASDI,0.79,0.0,0.0,0.0,0.0,0.0
2733,JP,JP,ELEC6,RAWMI,0.79,0.0,0.0,0.0,0.0,0.0
2740,JP,JP,ELEC6,RETAI,0.8,0.0,0.0,0.0,0.0,0.0
4470,JP,JP,LEATH,SALEM,0.8,0.0,0.0,0.0,0.0,0.0
1557,JP,JP,DIST1,CEMEN,0.8,0.0,0.0,0.0,0.0,0.0
1193,JP,JP,COKEO,ELEC4,0.81,0.0,0.0,0.0,0.0,0.0
175,JP,JP,AIRTR,IRONO,0.78,0.0,0.0,0.0,0.0,0.0
7307,JP,JP,TEXTI,TOBAC,0.78,0.0,0.0,0.0,0.0,0.0
6227,JP,JP,REALE,BIOG1,0.81,0.0,0.0,0.0,0.0,0.0
7022,JP,JP,STEAM,GASDI,0.76,0.0,0.0,0.0,0.0,0.0
2002,JP,JP,ELE12,KEROS,0.82,0.0,0.0,0.0,0.0,0.0
896,JP,JP,CERAM,BEVER,0.82,0.0,0.0,0.0,0.0,0.0
3992,JP,JP,INSUR,LUBRI,0.77,0.0,0.0,0.0,0.0,0.0
2352,JP,JP,ELEC3,LIQUE,0.82,0.0,0.0,0.0,0.0,0.0
594,JP,JP,BITU1,ELEC8,0.77,0.0,0.0,0.0,0.0,0.0
6264,JP,JP,REALE,HEAVY,0.77,0.0,0.0,0.0,0.0,0.0
7146,JP,JP,SUPPO,ELEC8,0.81,0.0,0.0,0.0,0.0,0.0
6491,JP,JP,RESEA,ANIMA,0.81,0.0,0.0,0.0,0.0,0.0
1196,JP,JP,COKEO,ELEC8,0.81,0.0,0.0,0.0,0.0,0.0
2356,JP,JP,ELEC3,MEATC,0.77,0.0,0.0,0.0,0.0,0.0
804,JP,JP,BUSIN,NONSP,0.81,0.0,0.0,0.0,0.0,0.0
5944,JP,JP,PRINT,NATU1,0.77,0.0,0.0,0.0,0.0,0.0
181,JP,JP,AIRTR,LIQUE,0.81,0.0,0.0,0.0,0.0,0.0
2326,JP,JP,ELEC3,CRUDE,0.77,0.0,0.0,0.0,0.0,0.0
3481,JP,JP,FURNI,MEATP,0.78,0.0,0.0,0.0,0.0,0.0
813,JP,JP,BUSIN,PIGS9,0.78,0.0,0.0,0.0,0.0,0.0
158,JP,JP,AIRTR,ELEC8,0.72,0.0,0.0,0.0,0.0,0.0
4394,JP,JP,LEATH,AUXIL,0.72,0.0,0.0,0.0,0.0,0.0
546,JP,JP,BIOG1,PLAST,0.66,0.0,0.0,0.0,0.0,0.0
4546,JP,JP,LIQUE,NFERT,0.68,0.0,0.0,0.0,0.0,0.0
2263,JP,JP,ELEC2,OXYGE,0.67,0.0,0.0,0.0,0.0,0.0
7662,JP,JP,WHITE,PRINT,0.67,0.0,0.0,0.0,0.0,0.0
4423,JP,JP,LEATH,ELECT,0.67,0.0,0.0,0.0,0.0,0.0
3850,JP,JP,HEAVY,SUPPO,0.67,0.0,0.0,0.0,0.0,0.0
1872,JP,JP,ELE11,DIST1,0.68,0.0,0.0,0.0,0.0,0.0
3436,JP,JP,FURNI,COKEO,0.87,0.0,0.0,0.0,0.0,0.0
3715,JP,JP,HEALT,BASIC,0.87,0.0,0.0,0.0,0.0,0.0
4571,JP,JP,LIQUE,RUBBE,0.68,0.0,0.0,0.0,0.0,0.0
5031,JP,JP,NATUR,COPP1,0.87,0.0,0.0,0.0,0.0,0.0
2178,JP,JP,ELEC1,STEAM,0.67,0.0,0.0,0.0,0.0,0.0
5223,JP,JP,NONME,DISTR,0.68,0.0,0.0,0.0,0.0,0.0
7082,JP,JP,STONE,PULP5,0.68,0.0,0.0,0.0,0.0,0.0
1924,JP,JP,ELE11,PRINT,0.68,0.0,0.0,0.0,0.0,0.0
6700,JP,JP,RETA1,POULT,0.87,0.0,0.0,0.0,0.0,0.0
5318,JP,JP,NONSP,LEAD1,0.69,0.0,0.0,0.0,0.0,0.0
6725,JP,JP,RETA1,TRAN1,0.69,0.0,0.0,0.0,0.0,0.0
2553,JP,JP,ELEC5,COKEO,0.86,0.0,0.0,0.0,0.0,0.0
6346,JP,JP,RECRE,COPP1,0.69,0.0,0.0,0.0,0.0,0.0
3830,JP,JP,HEAVY,PROCE,0.67,0.0,0.0,0.0,0.0,0.0
462,JP,JP,BASIC,GLASS,0.67,0.0,0.0,0.0,0.0,0.0
3917,JP,JP,INLAN,RESEA,0.72,0.0,0.0,0.0,0.0,0.0
2694,JP,JP,ELEC6,LIQUE,0.66,0.0,0.0,0.0,0.0,0.0
2026,JP,JP,ELE12,PADDY,0.88,0.0,0.0,0.0,0.0,0.0
573,JP,JP,BITU1,BEVER,0.66,0.0,0.0,0.0,0.0,0.0
1323,JP,JP,COMPU,REFI1,0.66,0.0,0.0,0.0,0.0,0.0
2256,JP,JP,ELEC2,NFERT,0.66,0.0,0.0,0.0,0.0,0.0
5933,JP,JP,PRINT,LIQUE,0.88,0.0,0.0,0.0,0.0,0.0
5112,JP,JP,NFERT,OILSE,0.66,0.0,0.0,0.0,0.0,0.0
4187,JP,JP,KERO1,REFIN,0.66,0.0,0.0,0.0,0.0,0.0
3554,JP,JP,GASDI,COALT,0.87,0.0,0.0,0.0,0.0,0.0
2442,JP,JP,ELEC4,CROPS,0.66,0.0,0.0,0.0,0.0,0.0
311,JP,JP,AUXIL,ANIMA,0.67,0.0,0.0,0.0,0.0,0.0
2807,JP,JP,ELEC8,DIST1,0.67,0.0,0.0,0.0,0.0,0.0
2092,JP,JP,ELEC1,COALT,0.87,0.0,0.0,0.0,0.0,0.0
7103,JP,JP,SUGA1,VEGE1,0.67,0.0,0.0,0.0,0.0,0.0
230,JP,JP,AIRTR,TOBAC,0.67,0.0,0.0,0.0,0.0,0.0
6032,JP,JP,RADIO,CERAM,0.67,0.0,0.0,0.0,0.0,0.0
2804,JP,JP,ELEC8,CROPS,0.67,0.0,0.0,0.0,0.0,0.0
939,JP,JP,CEREA,MEATA,0.67,0.0,0.0,0.0,0.0,0.0
1853,JP,JP,ELE11,BEVER,0.87,0.0,0.0,0.0,0.0,0.0
7621,JP,JP,WEARI,TRAN1,0.69,0.0,0.0,0.0,0.0,0.0
7473,JP,JP,VEGET,CATTL,0.69,0.0,0.0,0.0,0.0,0.0
4757,JP,JP,MEMBE,COKE1,0.69,0.0,0.0,0.0,0.0,0.0
3183,JP,JP,FINAN,OILSE,0.71,0.0,0.0,0.0,0.0,0.0
1920,JP,JP,ELE11,POSTT,0.71,0.0,0.0,0.0,0.0,0.0
7381,JP,JP,TRAN1,STEAM,0.71,0.0,0.0,0.0,0.0,0.0
2598,JP,JP,ELEC5,NONFE,0.86,0.0,0.0,0.0,0.0,0.0
1365,JP,JP,CONST,COALT,0.71,0.0,0.0,0.0,0.0,0.0
1955,JP,JP,ELE11,WOODW,0.71,0.0,0.0,0.0,0.0,0.0
4174,JP,JP,KERO1,PREC1,0.86,0.0,0.0,0.0,0.0,0.0
7431,JP,JP,TRANS,RECRE,0.71,0.0,0.0,0.0,0.0,0.0
1791,JP,JP,EDUCA,HEAVY,0.71,0.0,0.0,0.0,0.0,0.0
5808,JP,JP,POSTT,PIGS9,0.71,0.0,0.0,0.0,0.0,0.0
1932,JP,JP,ELE11,REALE,0.69,0.0,0.0,0.0,0.0,0.0
5144,JP,JP,NONF1,ELE12,0.71,0.0,0.0,0.0,0.0,0.0
4491,JP,JP,LIQUE,BIOG1,0.71,0.0,0.0,0.0,0.0,0.0
1110,JP,JP,COKE1,BRICK,0.71,0.0,0.0,0.0,0.0,0.0
2005,JP,JP,ELE12,LEATH,0.71,0.0,0.0,0.0,0.0,0.0
5056,JP,JP,NATUR,NATU1,0.85,0.0,0.0,0.0,0.0,0.0
2001,JP,JP,ELE12,KERO1,0.85,0.0,0.0,0.0,0.0,0.0
1818,JP,JP,EDUCA,PFERT,0.85,0.0,0.0,0.0,0.0,0.0
1708,JP,JP,DISTR,NFERT,0.72,0.0,0.0,0.0,0.0,0.0
336,JP,JP,AUXIL,CRUDE,0.7,0.0,0.0,0.0,0.0,0.0
5052,JP,JP,NATUR,MEATP,0.7,0.0,0.0,0.0,0.0,0.0
6065,JP,JP,RADIO,LEATH,0.86,0.0,0.0,0.0,0.0,0.0
1018,JP,JP,CHEM1,NONSP,0.86,0.0,0.0,0.0,0.0,0.0
4128,JP,JP,KERO1,FISHF,0.69,0.0,0.0,0.0,0.0,0.0
4813,JP,JP,MEMBE,NONFE,0.69,0.0,0.0,0.0,0.0,0.0
1885,JP,JP,ELE11,GASDI,0.69,0.0,0.0,0.0,0.0,0.0
7640,JP,JP,WHITE,CERAM,0.69,0.0,0.0,0.0,0.0,0.0
6314,JP,JP,REALE,SUGAR,0.86,0.0,0.0,0.0,0.0,0.0
6666,JP,JP,RETA1,KEROS,0.86,0.0,0.0,0.0,0.0,0.0
1210,JP,JP,COKEO,PREC1,0.7,0.0,0.0,0.0,0.0,0.0
1553,JP,JP,DIST1,BIOG1,0.7,0.0,0.0,0.0,0.0,0.0
3240,JP,JP,FISH5,MEAT1,0.7,0.0,0.0,0.0,0.0,0.0
7457,JP,JP,VEGE1,MEAT4,0.7,0.0,0.0,0.0,0.0,0.0
948,JP,JP,CHEM1,AUXIL,0.7,0.0,0.0,0.0,0.0,0.0
4164,JP,JP,KERO1,OILSE,0.7,0.0,0.0,0.0,0.0,0.0
5099,JP,JP,NFERT,FURNI,0.7,0.0,0.0,0.0,0.0,0.0
5415,JP,JP,OXYGE,PRINT,0.7,0.0,0.0,0.0,0.0,0.0
6488,JP,JP,RESEA,93197,0.7,0.0,0.0,0.0,0.0,0.0
3602,JP,JP,GASDI,NONSP,0.86,0.0,0.0,0.0,0.0,0.0
7094,JP,JP,SUGA1,MEATP,0.7,0.0,0.0,0.0,0.0,0.0
3760,JP,JP,HEAVY,BUSIN,0.92,0.0,0.0,0.0,0.0,0.0
155,JP,JP,AIRTR,ELEC4,0.52,0.0,0.0,0.0,0.0,0.0
231,JP,JP,AIRTR,TRAN1,0.31,0.0,0.0,0.0,0.0,0.0
3723,JP,JP,HEALT,CONST,0.37,0.0,0.0,0.0,0.0,0.0
1493,JP,JP,CROPS,PUBLI,0.37,0.0,0.0,0.0,0.0,0.0
2688,JP,JP,ELEC6,IRONO,0.37,0.0,0.0,0.0,0.0,0.0
2661,JP,JP,ELEC6,COKE1,0.37,0.0,0.0,0.0,0.0,0.0
7397,JP,JP,TRAN2,COALT,0.37,0.0,0.0,0.0,0.0,0.0
5509,JP,JP,PAPER,INLAN,0.37,0.0,0.0,0.0,0.0,0.0
4569,JP,JP,LIQUE,REFIN,0.93,0.0,0.0,0.0,0.0,0.0
5331,JP,JP,NONSP,PREC1,0.37,0.0,0.0,0.0,0.0,0.0
5550,JP,JP,PAPER,SUGA1,0.37,0.0,0.0,0.0,0.0,0.0
4914,JP,JP,MOTOR,MEDIC,0.37,0.0,0.0,0.0,0.0,0.0
516,JP,JP,BIOG1,CERAM,0.37,0.0,0.0,0.0,0.0,0.0
5032,JP,JP,NATUR,CRUDE,0.37,0.0,0.0,0.0,0.0,0.0
5214,JP,JP,NONME,COALT,0.37,0.0,0.0,0.0,0.0,0.0
3836,JP,JP,HEAVY,REALE,0.37,0.0,0.0,0.0,0.0,0.0
3803,JP,JP,HEAVY,MEATP,0.38,0.0,0.0,0.0,0.0,0.0
4447,JP,JP,LEATH,NONF1,0.38,0.0,0.0,0.0,0.0,0.0
3827,JP,JP,HEAVY,POULT,0.38,0.0,0.0,0.0,0.0,0.0
4529,JP,JP,LIQUE,INSUR,0.38,0.0,0.0,0.0,0.0,0.0
619,JP,JP,BITU1,PETRO,0.38,0.0,0.0,0.0,0.0,0.0
4194,JP,JP,KERO1,STEAM,0.37,0.0,0.0,0.0,0.0,0.0
1420,JP,JP,CONST,NONSP,0.37,0.0,0.0,0.0,0.0,0.0
2006,JP,JP,ELE12,LIQUE,0.36,0.0,0.0,0.0,0.0,0.0
5578,JP,JP,PARAF,REFI1,0.36,0.0,0.0,0.0,0.0,0.0
5407,JP,JP,OXYGE,NONME,0.36,0.0,0.0,0.0,0.0,0.0
4811,JP,JP,MEMBE,NFERT,0.36,0.0,0.0,0.0,0.0,0.0
6928,JP,JP,SEACO,IRONO,0.36,0.0,0.0,0.0,0.0,0.0
5078,JP,JP,NATUR,WOODW,0.36,0.0,0.0,0.0,0.0,0.0
1647,JP,JP,DIST1,TOBAC,0.36,0.0,0.0,0.0,0.0,0.0
1079,JP,JP,CHEMI,TEXTI,0.36,0.0,0.0,0.0,0.0,0.0
6937,JP,JP,SEACO,MEATC,0.36,0.0,0.0,0.0,0.0,0.0
3120,JP,JP,FINAN,COALT,0.36,0.0,0.0,0.0,0.0,0.0
3191,JP,JP,FINAN,PLANT,0.36,0.0,0.0,0.0,0.0,0.0
4630,JP,JP,LUBRI,REFIN,0.37,0.0,0.0,0.0,0.0,0.0
61,JP,JP,93197,LIQUE,0.36,0.0,0.0,0.0,0.0,0.0
3205,JP,JP,FINAN,REFI1,0.36,0.0,0.0,0.0,0.0,0.0
1604,JP,JP,DIST1,MEAT4,0.36,0.0,0.0,0.0,0.0,0.0
3896,JP,JP,INLAN,FINAN,0.36,0.0,0.0,0.0,0.0,0.0
6929,JP,JP,SEACO,KERO1,0.37,0.0,0.0,0.0,0.0,0.0
1137,JP,JP,COKE1,MEATC,0.37,0.0,0.0,0.0,0.0,0.0
2030,JP,JP,ELE12,PFERT,0.93,0.0,0.0,0.0,0.0,0.0
1860,JP,JP,ELE11,CERAM,0.37,0.0,0.0,0.0,0.0,0.0
442,JP,JP,AVIAT,PUBLI,0.38,0.0,0.0,0.0,0.0,0.0
3034,JP,JP,FABRI,LEAD1,0.38,0.0,0.0,0.0,0.0,0.0
2423,JP,JP,ELEC4,ANIMA,0.38,0.0,0.0,0.0,0.0,0.0
3076,JP,JP,FABRI,REFI1,0.4,0.0,0.0,0.0,0.0,0.0
5276,JP,JP,NONME,RAWMI,0.39,0.0,0.0,0.0,0.0,0.0
6371,JP,JP,RECRE,HEAVY,0.39,0.0,0.0,0.0,0.0,0.0
3435,JP,JP,FURNI,COKE1,0.39,0.0,0.0,0.0,0.0,0.0
2679,JP,JP,ELEC6,FORES,0.39,0.0,0.0,0.0,0.0,0.0
977,JP,JP,CHEM1,ELE11,0.4,0.0,0.0,0.0,0.0,0.0
1422,JP,JP,CONST,OILSE,0.4,0.0,0.0,0.0,0.0,0.0
6910,JP,JP,SEACO,CRUDE,0.4,0.0,0.0,0.0,0.0,0.0
5633,JP,JP,PFERT,PREC1,0.4,0.0,0.0,0.0,0.0,0.0
6909,JP,JP,SEACO,COPP1,0.4,0.0,0.0,0.0,0.0,0.0
4088,JP,JP,KERO1,AUXIL,0.38,0.0,0.0,0.0,0.0,0.0
7002,JP,JP,STEAM,BRICK,0.4,0.0,0.0,0.0,0.0,0.0
5043,JP,JP,NATUR,HEAVY,0.4,0.0,0.0,0.0,0.0,0.0
6641,JP,JP,RETA1,ELE12,0.4,0.0,0.0,0.0,0.0,0.0
677,JP,JP,BLAST,MEDIC,0.4,0.0,0.0,0.0,0.0,0.0
3062,JP,JP,FABRI,PFERT,0.4,0.0,0.0,0.0,0.0,0.0
5943,JP,JP,PRINT,NAPHT,0.4,0.0,0.0,0.0,0.0,0.0
386,JP,JP,AUXIL,NFERT,0.4,0.0,0.0,0.0,0.0,0.0
2952,JP,JP,ELECT,OXYGE,0.4,0.0,0.0,0.0,0.0,0.0
6670,JP,JP,RETA1,LIQUE,0.39,0.0,0.0,0.0,0.0,0.0
7413,JP,JP,TRAN2,NONSP,0.39,0.0,0.0,0.0,0.0,0.0
1957,JP,JP,ELE12,AIRTR,0.39,0.0,0.0,0.0,0.0,0.0
5000,JP,JP,NATU1,COALT,0.39,0.0,0.0,0.0,0.0,0.0
2582,JP,JP,ELEC5,LEATH,0.38,0.0,0.0,0.0,0.0,0.0
5231,JP,JP,NONME,ELEC8,0.38,0.0,0.0,0.0,0.0,0.0
1803,JP,JP,EDUCA,MEATP,0.38,0.0,0.0,0.0,0.0,0.0
6054,JP,JP,RADIO,FISH5,0.38,0.0,0.0,0.0,0.0,0.0
5097,JP,JP,NFERT,FISH5,0.38,0.0,0.0,0.0,0.0,0.0
7113,JP,JP,SUPPO,ANIMA,0.38,0.0,0.0,0.0,0.0,0.0
3439,JP,JP,FURNI,COPP1,0.38,0.0,0.0,0.0,0.0,0.0
4753,JP,JP,MEMBE,CEREA,0.38,0.0,0.0,0.0,0.0,0.0
6470,JP,JP,REFIN,ELEC6,0.38,0.0,0.0,0.0,0.0,0.0
2381,JP,JP,ELEC3,POULT,0.39,0.0,0.0,0.0,0.0,0.0
3485,JP,JP,FURNI,MOTOR,0.39,0.0,0.0,0.0,0.0,0.0
3800,JP,JP,HEAVY,MEAT1,0.39,0.0,0.0,0.0,0.0,0.0
3037,JP,JP,FABRI,LUBRI,0.39,0.0,0.0,0.0,0.0,0.0
1567,JP,JP,DIST1,CROPS,0.39,0.0,0.0,0.0,0.0,0.0
4937,JP,JP,MOTOR,RAWMI,0.93,0.0,0.0,0.0,0.0,0.0
5072,JP,JP,NATUR,SANDC,0.39,0.0,0.0,0.0,0.0,0.0
7142,JP,JP,SUPPO,ELEC3,0.39,0.0,0.0,0.0,0.0,0.0
1237,JP,JP,COMPU,COALT,0.36,0.0,0.0,0.0,0.0,0.0
7401,JP,JP,TRAN2,ELEC2,0.36,0.0,0.0,0.0,0.0,0.0
1192,JP,JP,COKEO,ELEC3,0.4,0.0,0.0,0.0,0.0,0.0
4368,JP,JP,LEAD1,ELEC3,0.33,0.0,0.0,0.0,0.0,0.0
3116,JP,JP,FINAN,CEREA,0.32,0.0,0.0,0.0,0.0,0.0
3332,JP,JP,FOOD5,PADDY,0.32,0.0,0.0,0.0,0.0,0.0
7098,JP,JP,SUGA1,PUBLI,0.33,0.0,0.0,0.0,0.0,0.0
6192,JP,JP,RAILW,REFI1,0.33,0.0,0.0,0.0,0.0,0.0
38,JP,JP,93197,ELEC6,0.33,0.0,0.0,0.0,0.0,0.0
1610,JP,JP,DIST1,MOTOR,0.33,0.0,0.0,0.0,0.0,0.0
2589,JP,JP,ELEC5,MEDIC,0.33,0.0,0.0,0.0,0.0,0.0
6429,JP,JP,RECRE,TOBAC,0.33,0.0,0.0,0.0,0.0,0.0
661,JP,JP,BLAST,FISH5,0.33,0.0,0.0,0.0,0.0,0.0
4861,JP,JP,MEMBE,WHEAT,0.32,0.0,0.0,0.0,0.0,0.0
3949,JP,JP,INSUR,COALT,0.33,0.0,0.0,0.0,0.0,0.0
2705,JP,JP,ELEC6,NATU1,0.33,0.0,0.0,0.0,0.0,0.0
7639,JP,JP,WHITE,CEMEN,0.33,0.0,0.0,0.0,0.0,0.0
4344,JP,JP,LANDT,STEAM,0.33,0.0,0.0,0.0,0.0,0.0
564,JP,JP,BIOG1,TRAN2,0.33,0.0,0.0,0.0,0.0,0.0
6662,JP,JP,RETA1,INLAN,0.33,0.0,0.0,0.0,0.0,0.0
348,JP,JP,AUXIL,ELEC6,0.33,0.0,0.0,0.0,0.0,0.0
7069,JP,JP,STONE,COALT,0.33,0.0,0.0,0.0,0.0,0.0
5953,JP,JP,PRINT,OXYGE,0.32,0.0,0.0,0.0,0.0,0.0
5929,JP,JP,PRINT,KEROS,0.32,0.0,0.0,0.0,0.0,0.0
836,JP,JP,BUSIN,SUPPO,0.36,0.0,0.0,0.0,0.0,0.0
3642,JP,JP,GASDI,VEGE1,0.32,0.0,0.0,0.0,0.0,0.0
1857,JP,JP,ELE11,BUSIN,0.31,0.0,0.0,0.0,0.0,0.0
1862,JP,JP,ELE11,CHEMI,0.32,0.0,0.0,0.0,0.0,0.0
2428,JP,JP,ELEC4,BITU1,0.32,0.0,0.0,0.0,0.0,0.0
6894,JP,JP,SEACO,ALUM1,0.32,0.0,0.0,0.0,0.0,0.0
2788,JP,JP,ELEC8,BITU1,0.32,0.0,0.0,0.0,0.0,0.0
6154,JP,JP,RAILW,LUBRI,0.32,0.0,0.0,0.0,0.0,0.0
2652,JP,JP,ELEC6,BLAST,0.32,0.0,0.0,0.0,0.0,0.0
2783,JP,JP,ELEC8,ANIMA,0.32,0.0,0.0,0.0,0.0,0.0
2382,JP,JP,ELEC3,PREC1,0.32,0.0,0.0,0.0,0.0,0.0
6043,JP,JP,RADIO,DISTR,0.32,0.0,0.0,0.0,0.0,0.0
5432,JP,JP,OXYGE,VEGE1,0.32,0.0,0.0,0.0,0.0,0.0
6875,JP,JP,SANDC,COALT,0.32,0.0,0.0,0.0,0.0,0.0
4890,JP,JP,MOTOR,COPP1,0.32,0.0,0.0,0.0,0.0,0.0
3496,JP,JP,FURNI,PADDY,0.32,0.0,0.0,0.0,0.0,0.0
3755,JP,JP,HEAVY,BIODI,0.32,0.0,0.0,0.0,0.0,0.0
3361,JP,JP,FORES,FISH5,0.32,0.0,0.0,0.0,0.0,0.0
4583,JP,JP,LIQUE,WOODW,0.32,0.0,0.0,0.0,0.0,0.0
1967,JP,JP,ELE12,CATTL,0.32,0.0,0.0,0.0,0.0,0.0
5022,JP,JP,NATUR,BIOG1,0.33,0.0,0.0,0.0,0.0,0.0
1925,JP,JP,ELE11,PRIVA,0.33,0.0,0.0,0.0,0.0,0.0
6271,JP,JP,REALE,LIQUE,0.33,0.0,0.0,0.0,0.0,0.0
5572,JP,JP,PARAF,LUBRI,0.35,0.0,0.0,0.0,0.0,0.0
6184,JP,JP,RAILW,PROCE,0.35,0.0,0.0,0.0,0.0,0.0
4774,JP,JP,MEMBE,ELEC6,0.35,0.0,0.0,0.0,0.0,0.0
6394,JP,JP,RECRE,NONFE,0.35,0.0,0.0,0.0,0.0,0.0
162,JP,JP,AIRTR,FISH5,0.35,0.0,0.0,0.0,0.0,0.0
5851,JP,JP,POULT,CHEM1,0.35,0.0,0.0,0.0,0.0,0.0
7219,JP,JP,SUPPO,TRAN1,0.35,0.0,0.0,0.0,0.0,0.0
5254,JP,JP,NONME,MOTOR,0.35,0.0,0.0,0.0,0.0,0.0
6930,JP,JP,SEACO,KEROS,0.35,0.0,0.0,0.0,0.0,0.0
7011,JP,JP,STEAM,DIST1,0.35,0.0,0.0,0.0,0.0,0.0
2744,JP,JP,ELEC6,SEACO,0.33,0.0,0.0,0.0,0.0,0.0
2825,JP,JP,ELEC8,IRONO,0.93,0.0,0.0,0.0,0.0,0.0
618,JP,JP,BITU1,PARAF,0.35,0.0,0.0,0.0,0.0,0.0
7711,JP,JP,WOODW,COKEO,0.35,0.0,0.0,0.0,0.0,0.0
5217,JP,JP,NONME,COMPU,0.35,0.0,0.0,0.0,0.0,0.0
1821,JP,JP,EDUCA,PRINT,0.35,0.0,0.0,0.0,0.0,0.0
3163,JP,JP,FINAN,LUBRI,0.35,0.0,0.0,0.0,0.0,0.0
6635,JP,JP,RETA1,CRUDE,0.35,0.0,0.0,0.0,0.0,0.0
1283,JP,JP,COMPU,MEAT4,0.35,0.0,0.0,0.0,0.0,0.0
7514,JP,JP,WEARI,ANIMA,0.35,0.0,0.0,0.0,0.0,0.0
7544,JP,JP,WEARI,ELEC3,0.35,0.0,0.0,0.0,0.0,0.0
4892,JP,JP,MOTOR,CRUDE,0.35,0.0,0.0,0.0,0.0,0.0
384,JP,JP,AUXIL,NATU1,0.35,0.0,0.0,0.0,0.0,0.0
4567,JP,JP,LIQUE,RECRE,0.33,0.0,0.0,0.0,0.0,0.0
5928,JP,JP,PRINT,KERO1,0.34,0.0,0.0,0.0,0.0,0.0
1075,JP,JP,CHEMI,PREC1,0.34,0.0,0.0,0.0,0.0,0.0
2010,JP,JP,ELE12,MEATC,0.34,0.0,0.0,0.0,0.0,0.0
5752,JP,JP,POSTT,ELE11,0.34,0.0,0.0,0.0,0.0,0.0
6337,JP,JP,RECRE,CERAM,0.34,0.0,0.0,0.0,0.0,0.0
708,JP,JP,BLAST,TOBAC,0.34,0.0,0.0,0.0,0.0,0.0
4503,JP,JP,LIQUE,CONST,0.34,0.0,0.0,0.0,0.0,0.0
1700,JP,JP,DISTR,MEAT4,0.34,0.0,0.0,0.0,0.0,0.0
1225,JP,JP,COMPU,BITU1,0.34,0.0,0.0,0.0,0.0,0.0
1980,JP,JP,ELE12,CRUDE,0.34,0.0,0.0,0.0,0.0,0.0
510,JP,JP,BIOG1,ALUM1,0.34,0.0,0.0,0.0,0.0,0.0
3426,JP,JP,FURNI,BLAST,0.34,0.0,0.0,0.0,0.0,0.0
2063,JP,JP,ELE12,TRAN1,0.34,0.0,0.0,0.0,0.0,0.0
1886,JP,JP,ELE11,GLASS,0.34,0.0,0.0,0.0,0.0,0.0
4336,JP,JP,LANDT,REFIN,0.34,0.0,0.0,0.0,0.0,0.0
598,JP,JP,BITU1,FOOD5,0.34,0.0,0.0,0.0,0.0,0.0
7542,JP,JP,WEARI,ELE12,0.4,0.0,0.0,0.0,0.0,0.0
2064,JP,JP,ELE12,TRAN2,0.4,0.0,0.0,0.0,0.0,0.0
859,JP,JP,CATTL,SANDC,0.52,0.0,0.0,0.0,0.0,0.0
1334,JP,JP,COMPU,SUGAR,0.49,0.0,0.0,0.0,0.0,0.0
3927,JP,JP,INLAN,WHOLE,0.48,0.0,0.0,0.0,0.0,0.0
4707,JP,JP,MEDIC,IRONO,0.48,0.0,0.0,0.0,0.0,0.0
7742,JP,JP,WOODW,NATUR,0.48,0.0,0.0,0.0,0.0,0.0
7363,JP,JP,TRAN1,NFERT,0.48,0.0,0.0,0.0,0.0,0.0
5409,JP,JP,OXYGE,OILSE,0.48,0.0,0.0,0.0,0.0,0.0
3695,JP,JP,GLASS,RAILW,0.48,0.0,0.0,0.0,0.0,0.0
5091,JP,JP,NFERT,ELEC1,0.48,0.0,0.0,0.0,0.0,0.0
2337,JP,JP,ELEC3,FORES,0.49,0.0,0.0,0.0,0.0,0.0
5629,JP,JP,PFERT,PAPER,0.49,0.0,0.0,0.0,0.0,0.0
7000,JP,JP,STEAM,BITUM,0.48,0.0,0.0,0.0,0.0,0.0
3938,JP,JP,INSUR,BITUM,0.49,0.0,0.0,0.0,0.0,0.0
4709,JP,JP,MEDIC,LEATH,0.49,0.0,0.0,0.0,0.0,0.0
6885,JP,JP,SANDC,MEMBE,0.49,0.0,0.0,0.0,0.0,0.0
1458,JP,JP,CONST,WHEAT,0.49,0.0,0.0,0.0,0.0,0.0
1012,JP,JP,CHEM1,NATU1,0.49,0.0,0.0,0.0,0.0,0.0
675,JP,JP,BLAST,MEATC,0.49,0.0,0.0,0.0,0.0,0.0
2605,JP,JP,ELEC5,PFERT,0.49,0.0,0.0,0.0,0.0,0.0
81,JP,JP,93197,PADDY,0.49,0.0,0.0,0.0,0.0,0.0
1834,JP,JP,EDUCA,SALEM,0.48,0.0,0.0,0.0,0.0,0.0
4626,JP,JP,LUBRI,RAWMI,0.48,0.0,0.0,0.0,0.0,0.0
3682,JP,JP,GLASS,MEATP,0.46,0.0,0.0,0.0,0.0,0.0
1844,JP,JP,EDUCA,VEGE1,0.46,0.0,0.0,0.0,0.0,0.0
4653,JP,JP,MEAT4,EDUCA,0.46,0.0,0.0,0.0,0.0,0.0
2473,JP,JP,ELEC4,MEATP,0.46,0.0,0.0,0.0,0.0,0.0
2170,JP,JP,ELEC1,REFIN,0.46,0.0,0.0,0.0,0.0,0.0
555,JP,JP,BIOG1,RESEA,0.46,0.0,0.0,0.0,0.0,0.0
2836,JP,JP,ELEC8,MEATP,0.46,0.0,0.0,0.0,0.0,0.0
3940,JP,JP,INSUR,BRICK,0.46,0.0,0.0,0.0,0.0,0.0
1982,JP,JP,ELE12,DIST1,0.46,0.0,0.0,0.0,0.0,0.0
3523,JP,JP,FURNI,SUGAR,0.46,0.0,0.0,0.0,0.0,0.0
6899,JP,JP,SEACO,BRICK,0.47,0.0,0.0,0.0,0.0,0.0
712,JP,JP,BLAST,WEARI,0.48,0.0,0.0,0.0,0.0,0.0
2603,JP,JP,ELEC5,PADDY,0.47,0.0,0.0,0.0,0.0,0.0
284,JP,JP,ANIMA,93197,0.47,0.0,0.0,0.0,0.0,0.0
1926,JP,JP,ELE11,PROCE,0.47,0.0,0.0,0.0,0.0,0.0
6267,JP,JP,REALE,KERO1,0.47,0.0,0.0,0.0,0.0,0.0
5080,JP,JP,NFERT,BEVER,0.47,0.0,0.0,0.0,0.0,0.0
827,JP,JP,BUSIN,REFIN,0.47,0.0,0.0,0.0,0.0,0.0
7270,JP,JP,TEXTI,INLAN,0.47,0.0,0.0,0.0,0.0,0.0
366,JP,JP,AUXIL,IRONO,0.47,0.0,0.0,0.0,0.0,0.0
5049,JP,JP,NATUR,MEAT1,0.49,0.0,0.0,0.0,0.0,0.0
3943,JP,JP,INSUR,CEMEN,0.5,0.0,0.0,0.0,0.0,0.0
990,JP,JP,CHEM1,FORES,0.5,0.0,0.0,0.0,0.0,0.0
3468,JP,JP,FURNI,INLAN,0.52,0.0,0.0,0.0,0.0,0.0
3247,JP,JP,FISH5,SANDC,0.51,0.0,0.0,0.0,0.0,0.0
6882,JP,JP,SANDC,LEAD1,0.52,0.0,0.0,0.0,0.0,0.0
633,JP,JP,BITU1,WEARI,0.52,0.0,0.0,0.0,0.0,0.0
3011,JP,JP,FABRI,ELEC5,0.52,0.0,0.0,0.0,0.0,0.0
117,JP,JP,93197,VEGET,0.52,0.0,0.0,0.0,0.0,0.0
5195,JP,JP,NONFE,PFERT,0.52,0.0,0.0,0.0,0.0,0.0
547,JP,JP,BIOG1,POSTT,0.52,0.0,0.0,0.0,0.0,0.0
1808,JP,JP,EDUCA,NAPHT,0.52,0.0,0.0,0.0,0.0,0.0
6399,JP,JP,RECRE,PADDY,0.52,0.0,0.0,0.0,0.0,0.0
4965,JP,JP,NAPHT,COALT,0.5,0.0,0.0,0.0,0.0,0.0
37,JP,JP,93197,ELEC5,0.52,0.0,0.0,0.0,0.0,0.0
1758,JP,JP,EDUCA,BRICK,0.52,0.0,0.0,0.0,0.0,0.0
732,JP,JP,BUSIN,BIODI,0.52,0.0,0.0,0.0,0.0,0.0
2462,JP,JP,ELEC4,IRONO,0.93,0.0,0.0,0.0,0.0,0.0
4963,JP,JP,NAPHT,CHARC,0.52,0.0,0.0,0.0,0.0,0.0
1868,JP,JP,ELE11,COPP1,0.52,0.0,0.0,0.0,0.0,0.0
1894,JP,JP,ELE11,LANDT,0.52,0.0,0.0,0.0,0.0,0.0
5452,JP,JP,PADDY,SANDC,0.52,0.0,0.0,0.0,0.0,0.0
5820,JP,JP,POSTT,RAWMI,0.51,0.0,0.0,0.0,0.0,0.0
1525,JP,JP,DAIRY,CATTL,0.51,0.0,0.0,0.0,0.0,0.0
3950,JP,JP,INSUR,COKE1,0.51,0.0,0.0,0.0,0.0,0.0
2755,JP,JP,ELEC6,VEGE1,0.51,0.0,0.0,0.0,0.0,0.0
6362,JP,JP,RECRE,FISH5,0.5,0.0,0.0,0.0,0.0,0.0
4959,JP,JP,NAPHT,BIOG1,0.5,0.0,0.0,0.0,0.0,0.0
1778,JP,JP,EDUCA,ELEC5,0.5,0.0,0.0,0.0,0.0,0.0
1040,JP,JP,CHEM1,REFIN,0.5,0.0,0.0,0.0,0.0,0.0
3625,JP,JP,GASDI,REFIN,0.5,0.0,0.0,0.0,0.0,0.0
3243,JP,JP,FISH5,MEATP,0.5,0.0,0.0,0.0,0.0,0.0
523,JP,JP,BIOG1,ELECT,0.5,0.0,0.0,0.0,0.0,0.0
6274,JP,JP,REALE,MEAT4,0.5,0.0,0.0,0.0,0.0,0.0
1933,JP,JP,ELE11,RECRE,0.51,0.0,0.0,0.0,0.0,0.0
4698,JP,JP,MEDIC,CRUDE,0.51,0.0,0.0,0.0,0.0,0.0
5513,JP,JP,PAPER,LIQUE,0.51,0.0,0.0,0.0,0.0,0.0
6021,JP,JP,PULP5,WOODW,0.51,0.0,0.0,0.0,0.0,0.0
4511,JP,JP,LIQUE,ELEC2,0.51,0.0,0.0,0.0,0.0,0.0
3737,JP,JP,HEALT,PRINT,0.51,0.0,0.0,0.0,0.0,0.0
6690,JP,JP,RETA1,OXYGE,0.51,0.0,0.0,0.0,0.0,0.0
1965,JP,JP,ELE12,BRICK,0.51,0.0,0.0,0.0,0.0,0.0
6024,JP,JP,RADIO,ALUM1,0.51,0.0,0.0,0.0,0.0,0.0
1909,JP,JP,ELE11,NONF1,0.46,0.0,0.0,0.0,0.0,0.0
6406,JP,JP,RECRE,PREC1,0.46,0.0,0.0,0.0,0.0,0.0
3937,JP,JP,INSUR,BITU1,0.4,0.0,0.0,0.0,0.0,0.0
975,JP,JP,CHEM1,DISTR,0.42,0.0,0.0,0.0,0.0,0.0
6391,JP,JP,RECRE,NATUR,0.41,0.0,0.0,0.0,0.0,0.0
1654,JP,JP,DIST1,WOODW,0.42,0.0,0.0,0.0,0.0,0.0
1908,JP,JP,ELE11,NATUR,0.42,0.0,0.0,0.0,0.0,0.0
7249,JP,JP,TEXTI,AUXIL,0.42,0.0,0.0,0.0,0.0,0.0
441,JP,JP,AVIAT,MEMBE,0.42,0.0,0.0,0.0,0.0,0.0
4721,JP,JP,MEDIC,PADDY,0.42,0.0,0.0,0.0,0.0,0.0
1796,JP,JP,EDUCA,KEROS,0.42,0.0,0.0,0.0,0.0,0.0
1050,JP,JP,CHEM1,TRAN2,0.42,0.0,0.0,0.0,0.0,0.0
4887,JP,JP,MOTOR,COKEO,0.42,0.0,0.0,0.0,0.0,0.0
4480,JP,JP,LEATH,VEGET,0.41,0.0,0.0,0.0,0.0,0.0
1837,JP,JP,EDUCA,STONE,0.42,0.0,0.0,0.0,0.0,0.0
4850,JP,JP,MEMBE,SUGA1,0.42,0.0,0.0,0.0,0.0,0.0
2044,JP,JP,ELE12,RAWMI,0.43,0.0,0.0,0.0,0.0,0.0
2051,JP,JP,ELE12,RETAI,0.43,0.0,0.0,0.0,0.0,0.0
4581,JP,JP,LIQUE,WEARI,0.43,0.0,0.0,0.0,0.0,0.0
3020,JP,JP,FABRI,FORES,0.43,0.0,0.0,0.0,0.0,0.0
4178,JP,JP,KERO1,PROCE,0.43,0.0,0.0,0.0,0.0,0.0
4157,JP,JP,KERO1,NATUR,0.43,0.0,0.0,0.0,0.0,0.0
1501,JP,JP,CROPS,SANDC,0.41,0.0,0.0,0.0,0.0,0.0
1224,JP,JP,COMPU,BIOG1,0.41,0.0,0.0,0.0,0.0,0.0
867,JP,JP,CEMEN,CHEMI,0.46,0.0,0.0,0.0,0.0,0.0
2031,JP,JP,ELE12,PIGS9,0.41,0.0,0.0,0.0,0.0,0.0
5046,JP,JP,NATUR,LEATH,0.4,0.0,0.0,0.0,0.0,0.0
4508,JP,JP,LIQUE,EDUCA,0.4,0.0,0.0,0.0,0.0,0.0
4396,JP,JP,LEATH,BEVER,0.93,0.0,0.0,0.0,0.0,0.0
655,JP,JP,BLAST,DAIRY,0.4,0.0,0.0,0.0,0.0,0.0
1970,JP,JP,ELE12,CEREA,0.4,0.0,0.0,0.0,0.0,0.0
1876,JP,JP,ELE11,ELECT,0.4,0.0,0.0,0.0,0.0,0.0
2019,JP,JP,ELE12,NFERT,0.41,0.0,0.0,0.0,0.0,0.0
6664,JP,JP,RETA1,IRONO,0.41,0.0,0.0,0.0,0.0,0.0
4429,JP,JP,LEATH,FORES,0.41,0.0,0.0,0.0,0.0,0.0
1300,JP,JP,COMPU,OILSE,0.41,0.0,0.0,0.0,0.0,0.0
7760,JP,JP,WOODW,REALE,0.41,0.0,0.0,0.0,0.0,0.0
6077,JP,JP,RADIO,NONFE,0.41,0.0,0.0,0.0,0.0,0.0
6284,JP,JP,REALE,NFERT,0.41,0.0,0.0,0.0,0.0,0.0
2402,JP,JP,ELEC3,SEACO,0.41,0.0,0.0,0.0,0.0,0.0
3777,JP,JP,HEAVY,FABRI,0.41,0.0,0.0,0.0,0.0,0.0
2962,JP,JP,ELECT,SANDC,0.41,0.0,0.0,0.0,0.0,0.0
5011,JP,JP,NATU1,NONSP,0.41,0.0,0.0,0.0,0.0,0.0
3502,JP,JP,FURNI,PREC1,0.41,0.0,0.0,0.0,0.0,0.0
3259,JP,JP,FISHF,RECRE,0.43,0.0,0.0,0.0,0.0,0.0
7040,JP,JP,STEAM,NATUR,0.43,0.0,0.0,0.0,0.0,0.0
7077,JP,JP,STONE,NFERT,0.43,0.0,0.0,0.0,0.0,0.0
6963,JP,JP,SEACO,REALE,0.45,0.0,0.0,0.0,0.0,0.0
6196,JP,JP,RAILW,RETAI,0.93,0.0,0.0,0.0,0.0,0.0
4969,JP,JP,NAPHT,ELEC6,0.44,0.0,0.0,0.0,0.0,0.0
1331,JP,JP,COMPU,STEAM,0.44,0.0,0.0,0.0,0.0,0.0
666,JP,JP,BLAST,GLASS,0.45,0.0,0.0,0.0,0.0,0.0
3733,JP,JP,HEALT,PAPER,0.45,0.0,0.0,0.0,0.0,0.0
1465,JP,JP,COPP1,LEATH,0.45,0.0,0.0,0.0,0.0,0.0
1871,JP,JP,ELE11,DAIRY,0.45,0.0,0.0,0.0,0.0,0.0
5903,JP,JP,PRINT,ELE11,0.45,0.0,0.0,0.0,0.0,0.0
7250,JP,JP,TEXTI,BASIC,0.45,0.0,0.0,0.0,0.0,0.0
541,JP,JP,BIOG1,NONF1,0.43,0.0,0.0,0.0,0.0,0.0
6459,JP,JP,REFIN,BLAST,0.45,0.0,0.0,0.0,0.0,0.0
2346,JP,JP,ELEC3,IRONO,0.45,0.0,0.0,0.0,0.0,0.0
4426,JP,JP,LEATH,FISH5,0.45,0.0,0.0,0.0,0.0,0.0
2578,JP,JP,ELEC5,KERO1,0.45,0.0,0.0,0.0,0.0,0.0
6268,JP,JP,REALE,KEROS,0.45,0.0,0.0,0.0,0.0,0.0
7123,JP,JP,SUPPO,CEMEN,0.46,0.0,0.0,0.0,0.0,0.0
2139,JP,JP,ELEC1,NFERT,0.46,0.0,0.0,0.0,0.0,0.0
2935,JP,JP,ELECT,INLAN,0.46,0.0,0.0,0.0,0.0,0.0
4773,JP,JP,MEMBE,ELEC5,0.44,0.0,0.0,0.0,0.0,0.0
4550,JP,JP,LIQUE,OFFIC,0.44,0.0,0.0,0.0,0.0,0.0
4120,JP,JP,KERO1,ELEC4,0.44,0.0,0.0,0.0,0.0,0.0
1883,JP,JP,ELE11,FOUND,0.44,0.0,0.0,0.0,0.0,0.0
2451,JP,JP,ELEC4,FISHF,0.43,0.0,0.0,0.0,0.0,0.0
4675,JP,JP,MEATC,PUBLI,0.43,0.0,0.0,0.0,0.0,0.0
2814,JP,JP,ELEC8,FISHF,0.43,0.0,0.0,0.0,0.0,0.0
5795,JP,JP,POSTT,NFERT,0.43,0.0,0.0,0.0,0.0,0.0
304,JP,JP,ANIMA,SANDC,0.43,0.0,0.0,0.0,0.0,0.0
7081,JP,JP,STONE,PUBLI,0.43,0.0,0.0,0.0,0.0,0.0
3586,JP,JP,GASDI,MEAT1,0.43,0.0,0.0,0.0,0.0,0.0
6943,JP,JP,SEACO,NAPHT,0.43,0.0,0.0,0.0,0.0,0.0
1795,JP,JP,EDUCA,KERO1,0.43,0.0,0.0,0.0,0.0,0.0
692,JP,JP,BLAST,PREC1,0.44,0.0,0.0,0.0,0.0,0.0
3826,JP,JP,HEAVY,POSTT,0.44,0.0,0.0,0.0,0.0,0.0
689,JP,JP,BLAST,PFERT,0.44,0.0,0.0,0.0,0.0,0.0
2579,JP,JP,ELEC5,KEROS,0.44,0.0,0.0,0.0,0.0,0.0
4941,JP,JP,MOTOR,RETA1,0.44,0.0,0.0,0.0,0.0,0.0
3939,JP,JP,INSUR,BLAST,0.44,0.0,0.0,0.0,0.0,0.0
5400,JP,JP,OXYGE,MEMBE,0.44,0.0,0.0,0.0,0.0,0.0
5583,JP,JP,PFERT,ANIMA,0.44,0.0,0.0,0.0,0.0,0.0
5226,JP,JP,NONME,ELE12,0.1,0.0,0.0,0.0,0.0,0.0
868,JP,JP,CEMEN,COKE1,0.01,0.0,0.0,0.0,0.0,0.0
6902,JP,JP,SEACO,CERAM,0.1,0.0,0.0,0.0,0.0,0.0
5175,JP,JP,NONF1,PFERT,0.02,0.0,0.0,0.0,0.0,0.0
7242,JP,JP,TEXT2,PADDY,0.01,0.0,0.0,0.0,0.0,0.0
6305,JP,JP,REALE,REFIN,0.02,0.0,0.0,0.0,0.0,0.0
1516,JP,JP,CRUDE,PARAF,0.02,0.0,0.0,0.0,0.0,0.0
226,JP,JP,AIRTR,STEAM,0.02,0.0,0.0,0.0,0.0,0.0
2417,JP,JP,ELEC3,WHITE,0.02,0.0,0.0,0.0,0.0,0.0
7172,JP,JP,SUPPO,MEATA,0.02,0.0,0.0,0.0,0.0,0.0
3912,JP,JP,INLAN,PRINT,0.02,0.0,0.0,0.0,0.0,0.0
3915,JP,JP,INLAN,RADIO,0.02,0.0,0.0,0.0,0.0,0.0
714,JP,JP,BLAST,WOODW,0.02,0.0,0.0,0.0,0.0,0.0
2370,JP,JP,ELEC3,NUCLE,0.01,0.0,0.0,0.0,0.0,0.0
682,JP,JP,BLAST,NATU1,0.02,0.0,0.0,0.0,0.0,0.0
2717,JP,JP,ELEC6,PARAF,0.02,0.0,0.0,0.0,0.0,0.0
4596,JP,JP,LUBRI,DIST1,0.02,0.0,0.0,0.0,0.0,0.0
7288,JP,JP,TEXTI,POULT,0.02,0.0,0.0,0.0,0.0,0.0
3688,JP,JP,GLASS,PAPER,0.02,0.0,0.0,0.0,0.0,0.0
4482,JP,JP,LEATH,WHEAT,0.02,0.0,0.0,0.0,0.0,0.0
1199,JP,JP,COKEO,GLASS,0.02,0.0,0.0,0.0,0.0,0.0
6235,JP,JP,REALE,CHARC,0.02,0.0,0.0,0.0,0.0,0.0
7707,JP,JP,WOODW,CEMEN,0.01,0.0,0.0,0.0,0.0,0.0
6402,JP,JP,RECRE,PIGS9,0.01,0.0,0.0,0.0,0.0,0.0
1854,JP,JP,ELE11,BITU1,0.01,0.0,0.0,0.0,0.0,0.0
2623,JP,JP,ELEC5,REFIN,0.01,0.0,0.0,0.0,0.0,0.0
2596,JP,JP,ELEC5,NFERT,0.01,0.0,0.0,0.0,0.0,0.0
7693,JP,JP,WOOD2,POULT,0.01,0.0,0.0,0.0,0.0,0.0
3271,JP,JP,FOOD3,FISHF,0.01,0.0,0.0,0.0,0.0,0.0
7240,JP,JP,TEXT2,LEAD1,0.01,0.0,0.0,0.0,0.0,0.0
1103,JP,JP,COKE1,93197,0.01,0.0,0.0,0.0,0.0,0.0
4537,JP,JP,LIQUE,MEAT1,0.01,0.0,0.0,0.0,0.0,0.0
3913,JP,JP,INLAN,PRIVA,0.01,0.0,0.0,0.0,0.0,0.0
6357,JP,JP,RECRE,ELEC4,0.01,0.0,0.0,0.0,0.0,0.0
7356,JP,JP,TRAN1,MEATA,0.01,0.0,0.0,0.0,0.0,0.0
4720,JP,JP,MEDIC,OXYGE,0.01,0.0,0.0,0.0,0.0,0.0
3611,JP,JP,GASDI,PLANT,0.01,0.0,0.0,0.0,0.0,0.0
7001,JP,JP,STEAM,BLAST,0.01,0.0,0.0,0.0,0.0,0.0
7218,JP,JP,SUPPO,TOBAC,0.01,0.0,0.0,0.0,0.0,0.0
3923,JP,JP,INLAN,SUPPO,0.01,0.0,0.0,0.0,0.0,0.0
2211,JP,JP,ELEC2,CHARC,0.01,0.0,0.0,0.0,0.0,0.0
5192,JP,JP,NONFE,NFERT,0.01,0.0,0.0,0.0,0.0,0.0
5688,JP,JP,PLAS2,PIGS9,0.01,0.0,0.0,0.0,0.0,0.0
3905,JP,JP,INLAN,NATUR,0.01,0.0,0.0,0.0,0.0,0.0
5329,JP,JP,NONSP,PFERT,0.02,0.0,0.0,0.0,0.0,0.0
7547,JP,JP,WEARI,ELEC6,0.02,0.0,0.0,0.0,0.0,0.0
3284,JP,JP,FOOD4,BITUM,0.02,0.0,0.0,0.0,0.0,0.0
6103,JP,JP,RADIO,VEGE1,0.02,0.0,0.0,0.0,0.0,0.0
6212,JP,JP,RAILW,WHITE,0.02,0.0,0.0,0.0,0.0,0.0
3434,JP,JP,FURNI,COALT,0.02,0.0,0.0,0.0,0.0,0.0
5454,JP,JP,PAPE4,CATTL,0.02,0.0,0.0,0.0,0.0,0.0
2718,JP,JP,ELEC6,PETRO,0.02,0.0,0.0,0.0,0.0,0.0
5311,JP,JP,NONSP,ELEC6,0.02,0.0,0.0,0.0,0.0,0.0
4580,JP,JP,LIQUE,VEGET,0.02,0.0,0.0,0.0,0.0,0.0
4148,JP,JP,KERO1,MEATA,0.02,0.0,0.0,0.0,0.0,0.0
3816,JP,JP,HEAVY,NUCLE,0.02,0.0,0.0,0.0,0.0,0.0
6864,JP,JP,SALEM,SUGAR,0.02,0.0,0.0,0.0,0.0,0.0
1450,JP,JP,CONST,SUPPO,0.02,0.0,0.0,0.0,0.0,0.0
4062,JP,JP,INTER,CROPS,0.02,0.0,0.0,0.0,0.0,0.0
400,JP,JP,AUXIL,PLANT,0.02,0.0,0.0,0.0,0.0,0.0
5116,JP,JP,NFERT,PFERT,0.02,0.0,0.0,0.0,0.0,0.0
5805,JP,JP,POSTT,PARAF,0.02,0.0,0.0,0.0,0.0,0.0
1737,JP,JP,DISTR,SUPPO,0.02,0.0,0.0,0.0,0.0,0.0
5809,JP,JP,POSTT,PLANT,0.02,0.0,0.0,0.0,0.0,0.0
6848,JP,JP,SALEM,COKEO,0.02,0.0,0.0,0.0,0.0,0.0
5203,JP,JP,NONME,BIODI,0.02,0.0,0.0,0.0,0.0,0.0
1880,JP,JP,ELE11,FISHF,0.02,0.0,0.0,0.0,0.0,0.0
2747,JP,JP,ELEC6,SUGA1,0.02,0.0,0.0,0.0,0.0,0.0
3890,JP,JP,INLAN,CHEM1,0.02,0.0,0.0,0.0,0.0,0.0
3883,JP,JP,INERT,RETAI,0.02,0.0,0.0,0.0,0.0,0.0
4970,JP,JP,NAPHT,FOOD5,0.02,0.0,0.0,0.0,0.0,0.0
5310,JP,JP,NONSP,ELEC2,0.02,0.0,0.0,0.0,0.0,0.0
4092,JP,JP,KERO1,BIODI,0.02,0.0,0.0,0.0,0.0,0.0
4577,JP,JP,LIQUE,TRAN1,0.02,0.0,0.0,0.0,0.0,0.0
3657,JP,JP,GLASS,CERAM,0.02,0.0,0.0,0.0,0.0,0.0
3275,JP,JP,FOOD3,NFERT,0.02,0.0,0.0,0.0,0.0,0.0
6178,JP,JP,RAILW,PLANT,0.02,0.0,0.0,0.0,0.0,0.0
4662,JP,JP,MEAT4,SANDC,0.02,0.0,0.0,0.0,0.0,0.0
2406,JP,JP,ELEC3,SUGAR,0.02,0.0,0.0,0.0,0.0,0.0
3237,JP,JP,FISH5,GLASS,0.02,0.0,0.0,0.0,0.0,0.0
4960,JP,JP,NAPHT,BIOGA,0.02,0.0,0.0,0.0,0.0,0.0
1670,JP,JP,DISTR,CHARC,0.02,0.0,0.0,0.0,0.0,0.0
1517,JP,JP,CRUDE,PETRO,0.02,0.0,0.0,0.0,0.0,0.0
7139,JP,JP,SUPPO,ELE11,0.02,0.0,0.0,0.0,0.0,0.0
5230,JP,JP,NONME,ELEC6,0.02,0.0,0.0,0.0,0.0,0.0
1108,JP,JP,COKE1,BITUM,0.02,0.0,0.0,0.0,0.0,0.0
3704,JP,JP,GLASS,SUGA1,0.02,0.0,0.0,0.0,0.0,0.0
4591,JP,JP,LUBRI,CEREA,0.01,0.0,0.0,0.0,0.0,0.0
674,JP,JP,BLAST,MEAT4,0.01,0.0,0.0,0.0,0.0,0.0
3720,JP,JP,HEALT,COKE1,0.01,0.0,0.0,0.0,0.0,0.0
7439,JP,JP,VEGE1,BIODI,0.01,0.0,0.0,0.0,0.0,0.0
2759,JP,JP,ELEC6,WHITE,0.01,0.0,0.0,0.0,0.0,0.0
4479,JP,JP,LEATH,VEGE1,0.01,0.0,0.0,0.0,0.0,0.0
7118,JP,JP,SUPPO,BIODI,0.01,0.0,0.0,0.0,0.0,0.0
241,JP,JP,ALUM1,BIODI,0.01,0.0,0.0,0.0,0.0,0.0
5600,JP,JP,PFERT,ELE11,0.01,0.0,0.0,0.0,0.0,0.0
6050,JP,JP,RADIO,ELEC6,0.01,0.0,0.0,0.0,0.0,0.0
624,JP,JP,BITU1,PROCE,0.01,0.0,0.0,0.0,0.0,0.0
7136,JP,JP,SUPPO,DIST1,0.01,0.0,0.0,0.0,0.0,0.0
3919,JP,JP,INLAN,RUBBE,0.01,0.0,0.0,0.0,0.0,0.0
3269,JP,JP,FOOD3,ELEC5,0.01,0.0,0.0,0.0,0.0,0.0
6363,JP,JP,RECRE,FISHF,0.01,0.0,0.0,0.0,0.0,0.0
2009,JP,JP,ELE12,MEAT4,0.01,0.0,0.0,0.0,0.0,0.0
7637,JP,JP,WHITE,BITU1,0.01,0.0,0.0,0.0,0.0,0.0
5344,JP,JP,OILHA,ANIMA,0.01,0.0,0.0,0.0,0.0,0.0
3266,JP,JP,FOOD3,CRUDE,0.01,0.0,0.0,0.0,0.0,0.0
1524,JP,JP,DAIRY,BIODI,0.01,0.0,0.0,0.0,0.0,0.0
5566,JP,JP,PARAF,DIST1,0.01,0.0,0.0,0.0,0.0,0.0
1256,JP,JP,COMPU,ELEC7,0.01,0.0,0.0,0.0,0.0,0.0
3270,JP,JP,FOOD3,ELEC6,0.01,0.0,0.0,0.0,0.0,0.0
7695,JP,JP,WOOD2,TRAN2,0.01,0.0,0.0,0.0,0.0,0.0
5593,JP,JP,PFERT,COALT,0.01,0.0,0.0,0.0,0.0,0.0
3716,JP,JP,HEALT,BLAST,0.01,0.0,0.0,0.0,0.0,0.0
1851,JP,JP,ELE11,ANIMA,0.01,0.0,0.0,0.0,0.0,0.0
2239,JP,JP,ELEC2,INLAN,0.01,0.0,0.0,0.0,0.0,0.0
5461,JP,JP,PAPE4,FISHF,0.01,0.0,0.0,0.0,0.0,0.0
4072,JP,JP,INTER,MEAT4,0.01,0.0,0.0,0.0,0.0,0.0
6080,JP,JP,RADIO,OXYGE,0.01,0.0,0.0,0.0,0.0,0.0
552,JP,JP,BIOG1,PULP5,0.01,0.0,0.0,0.0,0.0,0.0
4574,JP,JP,LIQUE,STONE,0.01,0.0,0.0,0.0,0.0,0.0
4823,JP,JP,MEMBE,PETRO,0.01,0.0,0.0,0.0,0.0,0.0
5708,JP,JP,PLAST,PLANT,0.01,0.0,0.0,0.0,0.0,0.0
515,JP,JP,BIOG1,CEMEN,0.01,0.0,0.0,0.0,0.0,0.0
7275,JP,JP,TEXTI,MEATP,0.01,0.0,0.0,0.0,0.0,0.0
2713,JP,JP,ELEC6,OILSE,0.01,0.0,0.0,0.0,0.0,0.0
290,JP,JP,ANIMA,FOOD5,0.01,0.0,0.0,0.0,0.0,0.0
1521,JP,JP,CRUDE,WHITE,0.01,0.0,0.0,0.0,0.0,0.0
7671,JP,JP,WOOD1,BITUM,0.01,0.0,0.0,0.0,0.0,0.0
3494,JP,JP,FURNI,OILSE,0.01,0.0,0.0,0.0,0.0,0.0
1960,JP,JP,ELE12,AUXIL,0.01,0.0,0.0,0.0,0.0,0.0
2748,JP,JP,ELEC6,SUGAR,0.01,0.0,0.0,0.0,0.0,0.0
7423,JP,JP,TRANS,93197,0.01,0.0,0.0,0.0,0.0,0.0
4558,JP,JP,LIQUE,PREC1,0.01,0.0,0.0,0.0,0.0,0.0
2129,JP,JP,ELEC1,MEATA,0.01,0.0,0.0,0.0,0.0,0.0
3866,JP,JP,INERT,ELEC5,0.01,0.0,0.0,0.0,0.0,0.0
6070,JP,JP,RADIO,MEATP,0.01,0.0,0.0,0.0,0.0,0.0
6028,JP,JP,RADIO,BITU1,0.01,0.0,0.0,0.0,0.0,0.0
5682,JP,JP,PLAS2,ELEC6,0.01,0.0,0.0,0.0,0.0,0.0
5655,JP,JP,PIGS9,FORES,0.01,0.0,0.0,0.0,0.0,0.0
5679,JP,JP,PLAS2,CRUDE,0.01,0.0,0.0,0.0,0.0,0.0
3906,JP,JP,INLAN,NONFE,0.01,0.0,0.0,0.0,0.0,0.0
6341,JP,JP,RECRE,COALT,0.01,0.0,0.0,0.0,0.0,0.0
3849,JP,JP,HEAVY,SUGAR,0.01,0.0,0.0,0.0,0.0,0.0
1689,JP,JP,DISTR,FOOD5,0.01,0.0,0.0,0.0,0.0,0.0
1829,JP,JP,EDUCA,REFIN,0.01,0.0,0.0,0.0,0.0,0.0
6398,JP,JP,RECRE,OILSE,0.01,0.0,0.0,0.0,0.0,0.0
571,JP,JP,BITU1,AVIAT,0.01,0.0,0.0,0.0,0.0,0.0
236,JP,JP,AIRTR,WHITE,0.01,0.0,0.0,0.0,0.0,0.0
5681,JP,JP,PLAS2,ELEC5,0.01,0.0,0.0,0.0,0.0,0.0
2416,JP,JP,ELEC3,WHEAT,0.01,0.0,0.0,0.0,0.0,0.0
80,JP,JP,93197,OXYGE,0.01,0.0,0.0,0.0,0.0,0.0
1838,JP,JP,EDUCA,SUGA1,0.01,0.0,0.0,0.0,0.0,0.0
5690,JP,JP,PLAS2,RETAI,0.01,0.0,0.0,0.0,0.0,0.0
5846,JP,JP,POSTT,WHITE,0.01,0.0,0.0,0.0,0.0,0.0
300,JP,JP,ANIMA,PLANT,0.01,0.0,0.0,0.0,0.0,0.0
4999,JP,JP,NATU1,CHEM1,0.01,0.0,0.0,0.0,0.0,0.0
3390,JP,JP,FOUND,COKEO,0.01,0.0,0.0,0.0,0.0,0.0
5095,JP,JP,NFERT,ELEC8,0.01,0.0,0.0,0.0,0.0,0.0
3867,JP,JP,INERT,ELEC6,0.01,0.0,0.0,0.0,0.0,0.0
6999,JP,JP,STEAM,BITU1,0.01,0.0,0.0,0.0,0.0,0.0
459,JP,JP,BASIC,FORES,0.01,0.0,0.0,0.0,0.0,0.0
7670,JP,JP,WOOD1,ANIMA,0.01,0.0,0.0,0.0,0.0,0.0
7490,JP,JP,WASTE,CROPS,0.01,0.0,0.0,0.0,0.0,0.0
6396,JP,JP,RECRE,NONSP,0.01,0.0,0.0,0.0,0.0,0.0
128,JP,JP,AIRTR,BIODI,0.01,0.0,0.0,0.0,0.0,0.0
2777,JP,JP,ELEC7,SANDC,0.01,0.0,0.0,0.0,0.0,0.0
2769,JP,JP,ELEC7,PAPER,0.01,0.0,0.0,0.0,0.0,0.0
7684,JP,JP,WOOD2,CATTL,0.01,0.0,0.0,0.0,0.0,0.0
3863,JP,JP,INERT,CRUDE,0.01,0.0,0.0,0.0,0.0,0.0
5426,JP,JP,OXYGE,SANDC,0.01,0.0,0.0,0.0,0.0,0.0
3922,JP,JP,INLAN,STONE,0.01,0.0,0.0,0.0,0.0,0.0
673,JP,JP,BLAST,LIQUE,0.01,0.0,0.0,0.0,0.0,0.0
5060,JP,JP,NATUR,NONSP,0.01,0.0,0.0,0.0,0.0,0.0
525,JP,JP,BIOG1,FISH5,0.02,0.0,0.0,0.0,0.0,0.0
16,JP,JP,93197,CEREA,0.02,0.0,0.0,0.0,0.0,0.0
3721,JP,JP,HEALT,COKEO,0.02,0.0,0.0,0.0,0.0,0.0
4401,JP,JP,LEATH,CATTL,0.02,0.0,0.0,0.0,0.0,0.0
1701,JP,JP,DISTR,MEATA,0.02,0.0,0.0,0.0,0.0,0.0
4642,JP,JP,MACHI,COKEO,0.02,0.0,0.0,0.0,0.0,0.0
6176,JP,JP,RAILW,PETRO,0.02,0.0,0.0,0.0,0.0,0.0
2774,JP,JP,ELEC7,RETA1,0.02,0.0,0.0,0.0,0.0,0.0
4939,JP,JP,MOTOR,REFI1,0.02,0.0,0.0,0.0,0.0,0.0
1112,JP,JP,COKE1,CEMEN,0.02,0.0,0.0,0.0,0.0,0.0
7013,JP,JP,STEAM,ELE11,0.02,0.0,0.0,0.0,0.0,0.0
287,JP,JP,ANIMA,CERAM,0.02,0.0,0.0,0.0,0.0,0.0
3280,JP,JP,FOOD3,RETAI,0.02,0.0,0.0,0.0,0.0,0.0
623,JP,JP,BITU1,PRECI,0.02,0.0,0.0,0.0,0.0,0.0
5694,JP,JP,PLAST,CHARC,0.02,0.0,0.0,0.0,0.0,0.0
6988,JP,JP,SECO9,FISHF,0.02,0.0,0.0,0.0,0.0,0.0
443,JP,JP,AVIAT,RESEA,0.02,0.0,0.0,0.0,0.0,0.0
5405,JP,JP,OXYGE,NFERT,0.02,0.0,0.0,0.0,0.0,0.0
5958,JP,JP,PRINT,PLANT,0.02,0.0,0.0,0.0,0.0,0.0
3761,JP,JP,HEAVY,CATTL,0.02,0.0,0.0,0.0,0.0,0.0
7677,JP,JP,WOOD1,MEAT4,0.02,0.0,0.0,0.0,0.0,0.0
1903,JP,JP,ELE11,MEMBE,0.02,0.0,0.0,0.0,0.0,0.0
1213,JP,JP,COKEO,SANDC,0.02,0.0,0.0,0.0,0.0,0.0
5353,JP,JP,OILHA,MEAT4,0.02,0.0,0.0,0.0,0.0,0.0
1801,JP,JP,EDUCA,MEAT4,0.02,0.0,0.0,0.0,0.0,0.0
4913,JP,JP,MOTOR,LUBRI,0.02,0.0,0.0,0.0,0.0,0.0
2376,JP,JP,ELEC3,PETRO,0.02,0.0,0.0,0.0,0.0,0.0
101,JP,JP,93197,REFIN,0.02,0.0,0.0,0.0,0.0,0.0
6175,JP,JP,RAILW,PARAF,0.02,0.0,0.0,0.0,0.0,0.0
7719,JP,JP,WOODW,ELEC7,0.02,0.0,0.0,0.0,0.0,0.0
765,JP,JP,BUSIN,ELEC7,0.02,0.0,0.0,0.0,0.0,0.0
5127,JP,JP,NFERT,TEXTI,0.02,0.0,0.0,0.0,0.0,0.0
2248,JP,JP,ELEC2,MEATA,0.02,0.0,0.0,0.0,0.0,0.0
5601,JP,JP,PFERT,ELE12,0.02,0.0,0.0,0.0,0.0,0.0
6486,JP,JP,REFIN,STEAM,0.02,0.0,0.0,0.0,0.0,0.0
532,JP,JP,BIOG1,LEAD1,0.02,0.0,0.0,0.0,0.0,0.0
5467,JP,JP,PAPE4,PIGS9,0.02,0.0,0.0,0.0,0.0,0.0
6113,JP,JP,RAILW,BIODI,0.02,0.0,0.0,0.0,0.0,0.0
521,JP,JP,BIOG1,DAIRY,0.02,0.0,0.0,0.0,0.0,0.0
6172,JP,JP,RAILW,OILSE,0.02,0.0,0.0,0.0,0.0,0.0
8,JP,JP,93197,BIODI,0.02,0.0,0.0,0.0,0.0,0.0
4679,JP,JP,MEATP,GLASS,0.02,0.0,0.0,0.0,0.0,0.0
4453,JP,JP,LEATH,PIGS9,0.02,0.0,0.0,0.0,0.0,0.0
7055,JP,JP,STEAM,SANDC,0.02,0.0,0.0,0.0,0.0,0.0
7497,JP,JP,WASTE,FORES,0.02,0.0,0.0,0.0,0.0,0.0
6358,JP,JP,RECRE,ELEC8,0.02,0.0,0.0,0.0,0.0,0.0
7329,JP,JP,TRAN1,COALT,0.02,0.0,0.0,0.0,0.0,0.0
2650,JP,JP,ELEC6,BIOG1,0.02,0.0,0.0,0.0,0.0,0.0
6181,JP,JP,RAILW,POULT,0.02,0.0,0.0,0.0,0.0,0.0
4727,JP,JP,MEDIC,RAWMI,0.02,0.0,0.0,0.0,0.0,0.0
6040,JP,JP,RADIO,CROPS,0.02,0.0,0.0,0.0,0.0,0.0
6749,JP,JP,RUBBE,CEREA,0.02,0.0,0.0,0.0,0.0,0.0
1947,JP,JP,ELE11,TOBAC,0.02,0.0,0.0,0.0,0.0,0.0
6301,JP,JP,REALE,RAWMI,0.02,0.0,0.0,0.0,0.0,0.0
7230,JP,JP,TEXT1,CROPS,0.02,0.0,0.0,0.0,0.0,0.0
2697,JP,JP,ELEC6,MEAT4,0.02,0.0,0.0,0.0,0.0,0.0
5576,JP,JP,PARAF,PARAF,0.02,0.0,0.0,0.0,0.0,0.0
1814,JP,JP,EDUCA,NONSP,0.02,0.0,0.0,0.0,0.0,0.0
1100,JP,JP,COALT,TEXTI,0.02,0.0,0.0,0.0,0.0,0.0
5205,JP,JP,NONME,BLAST,0.02,0.0,0.0,0.0,0.0,0.0
5577,JP,JP,PARAF,PETRO,0.02,0.0,0.0,0.0,0.0,0.0
2762,JP,JP,ELEC7,BASIC,0.02,0.0,0.0,0.0,0.0,0.0
5126,JP,JP,NFERT,SUPPO,0.02,0.0,0.0,0.0,0.0,0.0
1899,JP,JP,ELE11,MEAT1,0.02,0.0,0.0,0.0,0.0,0.0
3188,JP,JP,FINAN,PETRO,0.02,0.0,0.0,0.0,0.0,0.0
5854,JP,JP,POULT,GLASS,0.02,0.0,0.0,0.0,0.0,0.0
7477,JP,JP,VEGET,GLASS,0.02,0.0,0.0,0.0,0.0,0.0
3751,JP,JP,HEAVY,ANIMA,0.02,0.0,0.0,0.0,0.0,0.0
1934,JP,JP,ELE11,REFI1,0.02,0.0,0.0,0.0,0.0,0.0
3139,JP,JP,FINAN,ELEC7,0.02,0.0,0.0,0.0,0.0,0.0
5687,JP,JP,PLAS2,PADDY,0.02,0.0,0.0,0.0,0.0,0.0
3187,JP,JP,FINAN,PARAF,0.02,0.0,0.0,0.0,0.0,0.0
1974,JP,JP,ELE12,COKE1,0.02,0.0,0.0,0.0,0.0,0.0
5465,JP,JP,PAPE4,NFERT,0.02,0.0,0.0,0.0,0.0,0.0
1626,JP,JP,DIST1,PRIVA,0.02,0.0,0.0,0.0,0.0,0.0
1898,JP,JP,ELE11,LUBRI,0.02,0.0,0.0,0.0,0.0,0.0
4579,JP,JP,LIQUE,VEGE1,0.02,0.0,0.0,0.0,0.0,0.0
5691,JP,JP,PLAS2,TRAN2,0.02,0.0,0.0,0.0,0.0,0.0
2647,JP,JP,ELEC6,AUXIL,0.02,0.0,0.0,0.0,0.0,0.0
3277,JP,JP,FOOD3,PIGS9,0.02,0.0,0.0,0.0,0.0,0.0
1298,JP,JP,COMPU,NUCLE,0.02,0.0,0.0,0.0,0.0,0.0
876,JP,JP,CEMEN,GASDI,0.02,0.0,0.0,0.0,0.0,0.0
5668,JP,JP,PLAS1,CROPS,0.02,0.0,0.0,0.0,0.0,0.0
4711,JP,JP,MEDIC,MEATC,0.02,0.0,0.0,0.0,0.0,0.0
6201,JP,JP,RAILW,STEAM,0.02,0.0,0.0,0.0,0.0,0.0
5090,JP,JP,NFERT,DISTR,0.02,0.0,0.0,0.0,0.0,0.0
3306,JP,JP,FOOD5,BIODI,0.02,0.0,0.0,0.0,0.0,0.0
5362,JP,JP,OILSE,HEALT,0.02,0.0,0.0,0.0,0.0,0.0
3876,JP,JP,INERT,NFERT,0.02,0.0,0.0,0.0,0.0,0.0
5459,JP,JP,PAPE4,ELEC5,0.02,0.0,0.0,0.0,0.0,0.0
5225,JP,JP,NONME,ELE11,0.02,0.0,0.0,0.0,0.0,0.0
5686,JP,JP,PLAS2,NFERT,0.02,0.0,0.0,0.0,0.0,0.0
6731,JP,JP,RETA1,WHEAT,0.02,0.0,0.0,0.0,0.0,0.0
3533,JP,JP,FURNI,WHEAT,0.02,0.0,0.0,0.0,0.0,0.0
5806,JP,JP,POSTT,PETRO,0.02,0.0,0.0,0.0,0.0,0.0
151,JP,JP,AIRTR,ELE11,0.02,0.0,0.0,0.0,0.0,0.0
6405,JP,JP,RECRE,POULT,0.02,0.0,0.0,0.0,0.0,0.0
3739,JP,JP,HEALT,PULP5,0.02,0.0,0.0,0.0,0.0,0.0
4746,JP,JP,MEMBE,BITUM,0.02,0.0,0.0,0.0,0.0,0.0
1756,JP,JP,EDUCA,BITUM,0.02,0.0,0.0,0.0,0.0,0.0
4667,JP,JP,MEATA,POULT,0.02,0.0,0.0,0.0,0.0,0.0
5580,JP,JP,PARAF,WHITE,0.02,0.0,0.0,0.0,0.0,0.0
4070,JP,JP,INTER,INLAN,0.02,0.0,0.0,0.0,0.0,0.0
1092,JP,JP,COALT,LIQUE,0.02,0.0,0.0,0.0,0.0,0.0
3228,JP,JP,FINAN,WHITE,0.02,0.0,0.0,0.0,0.0,0.0
5950,JP,JP,PRINT,NONSP,0.02,0.0,0.0,0.0,0.0,0.0
4509,JP,JP,LIQUE,ELE12,0.02,0.0,0.0,0.0,0.0,0.0
5673,JP,JP,PLAS1,MEAT4,0.02,0.0,0.0,0.0,0.0,0.0
4699,JP,JP,MEDIC,DAIRY,0.02,0.0,0.0,0.0,0.0,0.0
5456,JP,JP,PAPE4,CRUDE,0.02,0.0,0.0,0.0,0.0,0.0
7689,JP,JP,WOOD2,LEAD1,0.02,0.0,0.0,0.0,0.0,0.0
4041,JP,JP,INSUR,STEAM,0.02,0.0,0.0,0.0,0.0,0.0
5280,JP,JP,NONME,RETAI,0.02,0.0,0.0,0.0,0.0,0.0
1125,JP,JP,COKE1,ELEC2,0.02,0.0,0.0,0.0,0.0,0.0
4877,JP,JP,MOTOR,BITUM,0.02,0.0,0.0,0.0,0.0,0.0
3916,JP,JP,INLAN,RECRE,0.02,0.0,0.0,0.0,0.0,0.0
5587,JP,JP,PFERT,BIOG1,0.02,0.0,0.0,0.0,0.0,0.0
7006,JP,JP,STEAM,COKE1,0.02,0.0,0.0,0.0,0.0,0.0
5449,JP,JP,PADDY,PULP5,0.02,0.0,0.0,0.0,0.0,0.0
3274,JP,JP,FOOD3,MEAT1,0.02,0.0,0.0,0.0,0.0,0.0
2931,JP,JP,ELECT,FOOD5,0.02,0.0,0.0,0.0,0.0,0.0
202,JP,JP,AIRTR,PARAF,0.02,0.0,0.0,0.0,0.0,0.0
705,JP,JP,BLAST,STEAM,0.02,0.0,0.0,0.0,0.0,0.0
563,JP,JP,BIOG1,TOBAC,0.02,0.0,0.0,0.0,0.0,0.0
5460,JP,JP,PAPE4,ELEC6,0.02,0.0,0.0,0.0,0.0,0.0
6049,JP,JP,RADIO,ELEC5,0.02,0.0,0.0,0.0,0.0,0.0
3879,JP,JP,INERT,PIGS9,0.02,0.0,0.0,0.0,0.0,0.0
1901,JP,JP,ELE11,MEATP,0.02,0.0,0.0,0.0,0.0,0.0
5364,JP,JP,OILSE,OILSE,0.02,0.0,0.0,0.0,0.0,0.0
7691,JP,JP,WOOD2,PADDY,0.02,0.0,0.0,0.0,0.0,0.0
5197,JP,JP,NONFE,SANDC,0.02,0.0,0.0,0.0,0.0,0.0
6950,JP,JP,SEACO,NONSP,0.02,0.0,0.0,0.0,0.0,0.0
1174,JP,JP,COKE1,WOODW,0.02,0.0,0.0,0.0,0.0,0.0
7281,JP,JP,TEXTI,OILSE,0.02,0.0,0.0,0.0,0.0,0.0
7274,JP,JP,TEXTI,MEAT1,0.02,0.0,0.0,0.0,0.0,0.0
6844,JP,JP,SALEM,ANIMA,0.02,0.0,0.0,0.0,0.0,0.0
5023,JP,JP,NATUR,BITU1,0.02,0.0,0.0,0.0,0.0,0.0
1964,JP,JP,ELE12,BLAST,0.02,0.0,0.0,0.0,0.0,0.0
3509,JP,JP,FURNI,RAWMI,0.02,0.0,0.0,0.0,0.0,0.0
642,JP,JP,BLAST,93197,0.02,0.0,0.0,0.0,0.0,0.0
5664,JP,JP,PLANT,FURNI,0.02,0.0,0.0,0.0,0.0,0.0
4468,JP,JP,LEATH,RETAI,0.02,0.0,0.0,0.0,0.0,0.0
1483,JP,JP,CROPS,LIQUE,0.02,0.0,0.0,0.0,0.0,0.0
3680,JP,JP,GLASS,MEAT4,0.02,0.0,0.0,0.0,0.0,0.0
4415,JP,JP,LEATH,ELE12,0.02,0.0,0.0,0.0,0.0,0.0
3292,JP,JP,FOOD4,FORES,0.02,0.0,0.0,0.0,0.0,0.0
424,JP,JP,AUXIL,STEAM,0.02,0.0,0.0,0.0,0.0,0.0
5139,JP,JP,NONF1,COKEO,0.02,0.0,0.0,0.0,0.0,0.0
3097,JP,JP,FABRI,WHITE,0.02,0.0,0.0,0.0,0.0,0.0
2405,JP,JP,ELEC3,SUGA1,0.02,0.0,0.0,0.0,0.0,0.0
6905,JP,JP,SEACO,COALT,0.02,0.0,0.0,0.0,0.0,0.0
2153,JP,JP,ELEC1,PLANT,0.02,0.0,0.0,0.0,0.0,0.0
7231,JP,JP,TEXT1,FORES,0.02,0.0,0.0,0.0,0.0,0.0
4464,JP,JP,LEATH,REALE,0.02,0.0,0.0,0.0,0.0,0.0
4446,JP,JP,LEATH,NFERT,0.02,0.0,0.0,0.0,0.0,0.0
203,JP,JP,AIRTR,PETRO,0.02,0.0,0.0,0.0,0.0,0.0
994,JP,JP,CHEM1,INLAN,0.02,0.0,0.0,0.0,0.0,0.0
3935,JP,JP,INSUR,BIODI,0.02,0.0,0.0,0.0,0.0,0.0
3288,JP,JP,FOOD4,ELE11,0.02,0.0,0.0,0.0,0.0,0.0
2375,JP,JP,ELEC3,PARAF,0.02,0.0,0.0,0.0,0.0,0.0
6068,JP,JP,RADIO,MEAT1,0.02,0.0,0.0,0.0,0.0,0.0
3878,JP,JP,INERT,PADDY,0.02,0.0,0.0,0.0,0.0,0.0
2081,JP,JP,ELEC1,BIODI,0.02,0.0,0.0,0.0,0.0,0.0
1768,JP,JP,EDUCA,CRUDE,0.02,0.0,0.0,0.0,0.0,0.0
3909,JP,JP,INLAN,PLAST,0.02,0.0,0.0,0.0,0.0,0.0
595,JP,JP,BITU1,ELECT,0.02,0.0,0.0,0.0,0.0,0.0
3920,JP,JP,INLAN,SALEM,0.02,0.0,0.0,0.0,0.0,0.0
5470,JP,JP,PAPE4,RETAI,0.02,0.0,0.0,0.0,0.0,0.0
1059,JP,JP,CHEMI,BIODI,0.02,0.0,0.0,0.0,0.0,0.0
6331,JP,JP,RECRE,BITU1,0.02,0.0,0.0,0.0,0.0,0.0
7233,JP,JP,TEXT1,MEAT4,0.02,0.0,0.0,0.0,0.0,0.0
7686,JP,JP,WOOD2,ELE12,0.02,0.0,0.0,0.0,0.0,0.0
6356,JP,JP,RECRE,ELEC3,0.01,0.0,0.0,0.0,0.0,0.0
7492,JP,JP,WASTE,ELE11,0.01,0.0,0.0,0.0,0.0,0.0
1180,JP,JP,COKEO,CERAM,0.1,0.0,0.0,0.0,0.0,0.0
6044,JP,JP,RADIO,ELE11,0.01,0.0,0.0,0.0,0.0,0.0
2541,JP,JP,ELEC5,AUXIL,0.01,0.0,0.0,0.0,0.0,0.0
7315,JP,JP,TOBAC,PRIVA,0.01,0.0,0.0,0.0,0.0,0.0
5489,JP,JP,PAPER,COALT,0.01,0.0,0.0,0.0,0.0,0.0
5108,JP,JP,NFERT,NAPHT,0.01,0.0,0.0,0.0,0.0,0.0
2768,JP,JP,ELEC7,MOTO1,0.01,0.0,0.0,0.0,0.0,0.0
2070,JP,JP,ELE12,WHITE,0.01,0.0,0.0,0.0,0.0,0.0
5676,JP,JP,PLAS1,SUGAR,0.01,0.0,0.0,0.0,0.0,0.0
7243,JP,JP,TEXT2,PIGS9,0.01,0.0,0.0,0.0,0.0,0.0
5017,JP,JP,NATU1,SANDC,0.01,0.0,0.0,0.0,0.0,0.0
84,JP,JP,93197,PETRO,0.01,0.0,0.0,0.0,0.0,0.0
2767,JP,JP,ELEC7,HOTEL,0.01,0.0,0.0,0.0,0.0,0.0
540,JP,JP,BIOG1,NFERT,0.01,0.0,0.0,0.0,0.0,0.0
5453,JP,JP,PAPE4,BITUM,0.01,0.0,0.0,0.0,0.0,0.0
2586,JP,JP,ELEC5,MEAT4,0.01,0.0,0.0,0.0,0.0,0.0
6850,JP,JP,SALEM,CROPS,0.01,0.0,0.0,0.0,0.0,0.0
4545,JP,JP,LIQUE,NATUR,0.01,0.0,0.0,0.0,0.0,0.0
7235,JP,JP,TEXT1,SUGAR,0.01,0.0,0.0,0.0,0.0,0.0
2851,JP,JP,ELEC8,OXYGE,0.01,0.0,0.0,0.0,0.0,0.0
5403,JP,JP,OXYGE,NAPHT,0.01,0.0,0.0,0.0,0.0,0.0
3295,JP,JP,FOOD4,MEAT4,0.01,0.0,0.0,0.0,0.0,0.0
7244,JP,JP,TEXT2,POULT,0.01,0.0,0.0,0.0,0.0,0.0
3265,JP,JP,FOOD3,CROPS,0.01,0.0,0.0,0.0,0.0,0.0
7238,JP,JP,TEXT2,ELEC5,0.01,0.0,0.0,0.0,0.0,0.0
1203,JP,JP,COKEO,LIQUE,0.01,0.0,0.0,0.0,0.0,0.0
5680,JP,JP,PLAS2,ELE11,0.01,0.0,0.0,0.0,0.0,0.0
7770,JP,JP,WOODW,SUGAR,0.01,0.0,0.0,0.0,0.0,0.0
2775,JP,JP,ELEC7,RUBBE,0.01,0.0,0.0,0.0,0.0,0.0
3699,JP,JP,GLASS,RETAI,0.01,0.0,0.0,0.0,0.0,0.0
7480,JP,JP,VEGET,LIQUE,0.01,0.0,0.0,0.0,0.0,0.0
5365,JP,JP,OILSE,RAWMI,0.01,0.0,0.0,0.0,0.0,0.0
7581,JP,JP,WEARI,NAPHT,0.01,0.0,0.0,0.0,0.0,0.0
3918,JP,JP,INLAN,RETA1,0.01,0.0,0.0,0.0,0.0,0.0
3350,JP,JP,FOOD5,WHEAT,0.01,0.0,0.0,0.0,0.0,0.0
506,JP,JP,BEVER,RECRE,0.01,0.0,0.0,0.0,0.0,0.0
7518,JP,JP,WEARI,BIODI,0.01,0.0,0.0,0.0,0.0,0.0
5094,JP,JP,NFERT,ELEC6,0.01,0.0,0.0,0.0,0.0,0.0
5684,JP,JP,PLAS2,FORES,0.01,0.0,0.0,0.0,0.0,0.0
2304,JP,JP,ELEC2,WOOLS,0.01,0.0,0.0,0.0,0.0,0.0
4730,JP,JP,MEDIC,SUGAR,0.01,0.0,0.0,0.0,0.0,0.0
7773,JP,JP,WOODW,TOBAC,0.01,0.0,0.0,0.0,0.0,0.0
7126,JP,JP,SUPPO,CHARC,0.01,0.0,0.0,0.0,0.0,0.0
5379,JP,JP,OXYGE,CRUDE,0.01,0.0,0.0,0.0,0.0,0.0
243,JP,JP,ALUM1,CHARC,0.01,0.0,0.0,0.0,0.0,0.0
4692,JP,JP,MEDIC,CEREA,0.01,0.0,0.0,0.0,0.0,0.0
7685,JP,JP,WOOD2,CRUDE,0.01,0.0,0.0,0.0,0.0,0.0
6946,JP,JP,SEACO,NFERT,0.01,0.0,0.0,0.0,0.0,0.0
7455,JP,JP,VEGE1,LUBRI,0.01,0.0,0.0,0.0,0.0,0.0
4716,JP,JP,MEDIC,NFERT,0.01,0.0,0.0,0.0,0.0,0.0
1102,JP,JP,COALT,WOODW,0.01,0.0,0.0,0.0,0.0,0.0
7366,JP,JP,TRAN1,NUCLE,0.01,0.0,0.0,0.0,0.0,0.0
7694,JP,JP,WOOD2,RETAI,0.01,0.0,0.0,0.0,0.0,0.0
7687,JP,JP,WOOD2,ELEC5,0.01,0.0,0.0,0.0,0.0,0.0
3366,JP,JP,FORES,GLASS,0.01,0.0,0.0,0.0,0.0,0.0
2486,JP,JP,ELEC4,NUCLE,0.01,0.0,0.0,0.0,0.0,0.0
7466,JP,JP,VEGE1,REFI1,0.01,0.0,0.0,0.0,0.0,0.0
4420,JP,JP,LEATH,ELEC5,0.01,0.0,0.0,0.0,0.0,0.0
4094,JP,JP,KERO1,BLAST,0.01,0.0,0.0,0.0,0.0,0.0
4059,JP,JP,INTER,ANIMA,0.01,0.0,0.0,0.0,0.0,0.0
529,JP,JP,BIOG1,GASDI,0.01,0.0,0.0,0.0,0.0,0.0
7192,JP,JP,SUPPO,PLANT,0.01,0.0,0.0,0.0,0.0,0.0
6493,JP,JP,RESEA,AVIAT,0.01,0.0,0.0,0.0,0.0,0.0
4924,JP,JP,MOTOR,NONSP,0.01,0.0,0.0,0.0,0.0,0.0
4710,JP,JP,MEDIC,MEAT1,0.01,0.0,0.0,0.0,0.0,0.0
137,JP,JP,AIRTR,CHARC,0.01,0.0,0.0,0.0,0.0,0.0
7688,JP,JP,WOOD2,ELEC6,0.01,0.0,0.0,0.0,0.0,0.0
4498,JP,JP,LIQUE,CHEMI,0.01,0.0,0.0,0.0,0.0,0.0
5298,JP,JP,NONSP,AVIAT,0.01,0.0,0.0,0.0,0.0,0.0
6456,JP,JP,REFIN,AVIAT,0.01,0.0,0.0,0.0,0.0,0.0
4490,JP,JP,LIQUE,BIODI,0.01,0.0,0.0,0.0,0.0,0.0
1914,JP,JP,ELE11,OXYGE,0.01,0.0,0.0,0.0,0.0,0.0
6732,JP,JP,RETA1,WHITE,0.01,0.0,0.0,0.0,0.0,0.0
7441,JP,JP,VEGE1,CHARC,0.01,0.0,0.0,0.0,0.0,0.0
3260,JP,JP,FISHF,SANDC,0.01,0.0,0.0,0.0,0.0,0.0
7105,JP,JP,SUGAR,FOOD5,0.01,0.0,0.0,0.0,0.0,0.0
2059,JP,JP,ELE12,SUGAR,0.01,0.0,0.0,0.0,0.0,0.0
1942,JP,JP,ELE11,STEAM,0.01,0.0,0.0,0.0,0.0,0.0
4513,JP,JP,LIQUE,ELEC5,0.01,0.0,0.0,0.0,0.0,0.0
1748,JP,JP,DISTR,WOOLS,0.01,0.0,0.0,0.0,0.0,0.0
110,JP,JP,93197,SUGA1,0.01,0.0,0.0,0.0,0.0,0.0
5374,JP,JP,OXYGE,COALT,0.01,0.0,0.0,0.0,0.0,0.0
7075,JP,JP,STONE,LIQUE,0.01,0.0,0.0,0.0,0.0,0.0
1526,JP,JP,DAIRY,CHARC,0.01,0.0,0.0,0.0,0.0,0.0
2772,JP,JP,ELEC7,RAILW,0.01,0.0,0.0,0.0,0.0,0.0
7498,JP,JP,WASTE,INLAN,0.01,0.0,0.0,0.0,0.0,0.0
5188,JP,JP,NONFE,BIODI,0.01,0.0,0.0,0.0,0.0,0.0
2069,JP,JP,ELE12,WHEAT,0.01,0.0,0.0,0.0,0.0,0.0
1875,JP,JP,ELE11,ELE11,0.01,0.0,0.0,0.0,0.0,0.0
5104,JP,JP,NFERT,KEROS,0.01,0.0,0.0,0.0,0.0,0.0
5455,JP,JP,PAPE4,CROPS,0.01,0.0,0.0,0.0,0.0,0.0
2858,JP,JP,ELEC8,PLANT,0.01,0.0,0.0,0.0,0.0,0.0
7344,JP,JP,TRAN1,FOOD5,0.01,0.0,0.0,0.0,0.0,0.0
7566,JP,JP,WEARI,KERO1,0.01,0.0,0.0,0.0,0.0,0.0
6094,JP,JP,RADIO,SANDC,0.01,0.0,0.0,0.0,0.0,0.0
3756,JP,JP,HEAVY,BIOGA,0.01,0.0,0.0,0.0,0.0,0.0
4083,JP,JP,IRONO,COALT,0.01,0.0,0.0,0.0,0.0,0.0
5359,JP,JP,OILHA,WHEAT,0.01,0.0,0.0,0.0,0.0,0.0
2078,JP,JP,ELEC1,AVIAT,0.01,0.0,0.0,0.0,0.0,0.0
5392,JP,JP,OXYGE,KERO1,0.01,0.0,0.0,0.0,0.0,0.0
2763,JP,JP,ELEC7,EDUCA,0.01,0.0,0.0,0.0,0.0,0.0
4689,JP,JP,MEDIC,CATTL,0.01,0.0,0.0,0.0,0.0,0.0
5357,JP,JP,OILHA,SUGA1,0.01,0.0,0.0,0.0,0.0,0.0
4456,JP,JP,LEATH,POULT,0.01,0.0,0.0,0.0,0.0,0.0
1491,JP,JP,CROPS,PLANT,0.01,0.0,0.0,0.0,0.0,0.0
5103,JP,JP,NFERT,KERO1,0.01,0.0,0.0,0.0,0.0,0.0
3355,JP,JP,FORES,CERAM,0.01,0.0,0.0,0.0,0.0,0.0
2495,JP,JP,ELEC4,PLANT,0.01,0.0,0.0,0.0,0.0,0.0
7052,JP,JP,STEAM,REFIN,0.01,0.0,0.0,0.0,0.0,0.0
5641,JP,JP,PFERT,REFI1,0.01,0.0,0.0,0.0,0.0,0.0
5393,JP,JP,OXYGE,KEROS,0.01,0.0,0.0,0.0,0.0,0.0
6353,JP,JP,RECRE,ELE12,0.01,0.0,0.0,0.0,0.0,0.0
4404,JP,JP,LEATH,CEREA,0.01,0.0,0.0,0.0,0.0,0.0
3263,JP,JP,FOOD3,BITUM,0.01,0.0,0.0,0.0,0.0,0.0
614,JP,JP,BITU1,NONFE,0.01,0.0,0.0,0.0,0.0,0.0
6342,JP,JP,RECRE,COKE1,0.01,0.0,0.0,0.0,0.0,0.0
3874,JP,JP,INERT,NATU1,0.01,0.0,0.0,0.0,0.0,0.0
5618,JP,JP,PFERT,LUBRI,0.01,0.0,0.0,0.0,0.0,0.0
7567,JP,JP,WEARI,KEROS,0.01,0.0,0.0,0.0,0.0,0.0
3860,JP,JP,INERT,BITUM,0.01,0.0,0.0,0.0,0.0,0.0
7666,JP,JP,WHITE,REFIN,0.01,0.0,0.0,0.0,0.0,0.0
3685,JP,JP,GLASS,NFERT,0.01,0.0,0.0,0.0,0.0,0.0
2779,JP,JP,ELEC7,SUPPO,0.01,0.0,0.0,0.0,0.0,0.0
2427,JP,JP,ELEC4,BIODI,0.01,0.0,0.0,0.0,0.0,0.0
2787,JP,JP,ELEC8,BIODI,0.01,0.0,0.0,0.0,0.0,0.0
3499,JP,JP,FURNI,PLANT,0.01,0.0,0.0,0.0,0.0,0.0
5677,JP,JP,PLAS2,BITUM,0.01,0.0,0.0,0.0,0.0,0.0
4712,JP,JP,MEDIC,MEATP,0.01,0.0,0.0,0.0,0.0,0.0
6091,JP,JP,RADIO,REFIN,0.01,0.0,0.0,0.0,0.0,0.0
1099,JP,JP,COALT,STONE,0.01,0.0,0.0,0.0,0.0,0.0
4364,JP,JP,LEAD1,CHARC,0.01,0.0,0.0,0.0,0.0,0.0
4432,JP,JP,LEATH,GASDI,0.01,0.0,0.0,0.0,0.0,0.0
3899,JP,JP,INLAN,GLASS,0.01,0.0,0.0,0.0,0.0,0.0
4078,JP,JP,INTER,STEAM,0.01,0.0,0.0,0.0,0.0,0.0
4733,JP,JP,MEDIC,VEGE1,0.01,0.0,0.0,0.0,0.0,0.0
881,JP,JP,CEMEN,NAPHT,0.01,0.0,0.0,0.0,0.0,0.0
949,JP,JP,CHEM1,AVIAT,0.01,0.0,0.0,0.0,0.0,0.0
3539,JP,JP,GASDI,AVIAT,0.01,0.0,0.0,0.0,0.0,0.0
7090,JP,JP,SUGA1,LIQUE,0.01,0.0,0.0,0.0,0.0,0.0
3864,JP,JP,INERT,ELE11,0.01,0.0,0.0,0.0,0.0,0.0
7239,JP,JP,TEXT2,ELEC6,0.01,0.0,0.0,0.0,0.0,0.0
852,JP,JP,CATTL,MEATA,0.01,0.0,0.0,0.0,0.0,0.0
6232,JP,JP,REALE,CATTL,0.01,0.0,0.0,0.0,0.0,0.0
7237,JP,JP,TEXT2,CRUDE,0.01,0.0,0.0,0.0,0.0,0.0
7245,JP,JP,TEXT2,RETAI,0.01,0.0,0.0,0.0,0.0,0.0
83,JP,JP,93197,PARAF,0.01,0.0,0.0,0.0,0.0,0.0
3752,JP,JP,HEAVY,AUXIL,0.01,0.0,0.0,0.0,0.0,0.0
7285,JP,JP,TEXTI,PIGS9,0.01,0.0,0.0,0.0,0.0,0.0
4565,JP,JP,LIQUE,RAWMI,0.01,0.0,0.0,0.0,0.0,0.0
3431,JP,JP,FURNI,CHARC,0.01,0.0,0.0,0.0,0.0,0.0
5263,JP,JP,NONME,OXYGE,0.01,0.0,0.0,0.0,0.0,0.0
6291,JP,JP,REALE,PADDY,0.01,0.0,0.0,0.0,0.0,0.0
2766,JP,JP,ELEC7,HEALT,0.01,0.0,0.0,0.0,0.0,0.0
6075,JP,JP,RADIO,NFERT,0.01,0.0,0.0,0.0,0.0,0.0
7683,JP,JP,WOOD1,WHEAT,0.01,0.0,0.0,0.0,0.0,0.0
1559,JP,JP,DIST1,CHARC,0.01,0.0,0.0,0.0,0.0,0.0
694,JP,JP,BLAST,PRIVA,0.01,0.0,0.0,0.0,0.0,0.0
2776,JP,JP,ELEC7,SALEM,0.01,0.0,0.0,0.0,0.0,0.0
6015,JP,JP,PULP5,PFERT,0.01,0.0,0.0,0.0,0.0,0.0
617,JP,JP,BITU1,OFFIC,0.01,0.0,0.0,0.0,0.0,0.0
1211,JP,JP,COKEO,RADIO,0.01,0.0,0.0,0.0,0.0,0.0
79,JP,JP,93197,OILSE,0.01,0.0,0.0,0.0,0.0,0.0
729,JP,JP,BUSIN,AVIAT,0.01,0.0,0.0,0.0,0.0,0.0
6018,JP,JP,PULP5,SANDC,0.01,0.0,0.0,0.0,0.0,0.0
7681,JP,JP,WOOD1,SUGA1,0.01,0.0,0.0,0.0,0.0,0.0
5128,JP,JP,NFERT,TRAN1,0.01,0.0,0.0,0.0,0.0,0.0
3267,JP,JP,FOOD3,ELE11,0.01,0.0,0.0,0.0,0.0,0.0
5396,JP,JP,OXYGE,LIQUE,0.01,0.0,0.0,0.0,0.0,0.0
6856,JP,JP,SALEM,OILSE,0.01,0.0,0.0,0.0,0.0,0.0
6847,JP,JP,SALEM,CEREA,0.01,0.0,0.0,0.0,0.0,0.0
2765,JP,JP,ELEC7,FURNI,0.01,0.0,0.0,0.0,0.0,0.0
6417,JP,JP,RECRE,REFIN,0.01,0.0,0.0,0.0,0.0,0.0
1602,JP,JP,DIST1,LUBRI,0.01,0.0,0.0,0.0,0.0,0.0
5081,JP,JP,NFERT,BIODI,0.01,0.0,0.0,0.0,0.0,0.0
7501,JP,JP,WASTE,NATU1,0.01,0.0,0.0,0.0,0.0,0.0
7392,JP,JP,TRAN2,BIOG1,0.01,0.0,0.0,0.0,0.0,0.0
1552,JP,JP,DIST1,BIODI,0.01,0.0,0.0,0.0,0.0,0.0
2764,JP,JP,ELEC7,FOOD5,0.01,0.0,0.0,0.0,0.0,0.0
3946,JP,JP,INSUR,CHARC,0.01,0.0,0.0,0.0,0.0,0.0
2089,JP,JP,ELEC1,CHARC,0.01,0.0,0.0,0.0,0.0,0.0
476,JP,JP,BASIC,POULT,0.01,0.0,0.0,0.0,0.0,0.0
5339,JP,JP,OFFIC,COKEO,0.01,0.0,0.0,0.0,0.0,0.0
3868,JP,JP,INERT,FISHF,0.01,0.0,0.0,0.0,0.0,0.0
4539,JP,JP,LIQUE,MEATP,0.01,0.0,0.0,0.0,0.0,0.0
129,JP,JP,AIRTR,BIOG1,0.01,0.0,0.0,0.0,0.0,0.0
1062,JP,JP,CHEMI,CHARC,0.01,0.0,0.0,0.0,0.0,0.0
6983,JP,JP,SECO9,ANIMA,0.01,0.0,0.0,0.0,0.0,0.0
3400,JP,JP,FOUND,INLAN,0.01,0.0,0.0,0.0,0.0,0.0
539,JP,JP,BIOG1,NATUR,0.01,0.0,0.0,0.0,0.0,0.0
922,JP,JP,CERAM,OXYGE,0.01,0.0,0.0,0.0,0.0,0.0
3371,JP,JP,FORES,LIQUE,0.01,0.0,0.0,0.0,0.0,0.0
538,JP,JP,BIOG1,MOTOR,0.01,0.0,0.0,0.0,0.0,0.0
5356,JP,JP,OILHA,STEAM,0.01,0.0,0.0,0.0,0.0,0.0
513,JP,JP,BIOG1,BRICK,0.01,0.0,0.0,0.0,0.0,0.0
7246,JP,JP,TEXT2,TRAN2,0.01,0.0,0.0,0.0,0.0,0.0
4644,JP,JP,MACHI,TOBAC,0.01,0.0,0.0,0.0,0.0,0.0
396,JP,JP,AUXIL,PARAF,0.01,0.0,0.0,0.0,0.0,0.0
3293,JP,JP,FOOD4,INLAN,0.01,0.0,0.0,0.0,0.0,0.0
4,JP,JP,93197,ANIMA,0.01,0.0,0.0,0.0,0.0,0.0
6294,JP,JP,REALE,PIGS9,0.01,0.0,0.0,0.0,0.0,0.0
3181,JP,JP,FINAN,NUCLE,0.01,0.0,0.0,0.0,0.0,0.0
4520,JP,JP,LIQUE,FISHF,0.01,0.0,0.0,0.0,0.0,0.0
3898,JP,JP,INLAN,FURNI,0.01,0.0,0.0,0.0,0.0,0.0
862,JP,JP,CEMEN,BLAST,0.01,0.0,0.0,0.0,0.0,0.0
6721,JP,JP,RETA1,SUGAR,0.01,0.0,0.0,0.0,0.0,0.0
7005,JP,JP,STEAM,COALT,0.01,0.0,0.0,0.0,0.0,0.0
4826,JP,JP,MEMBE,PLANT,0.01,0.0,0.0,0.0,0.0,0.0
4421,JP,JP,LEATH,ELEC6,0.01,0.0,0.0,0.0,0.0,0.0
1124,JP,JP,COKE1,ELEC1,0.01,0.0,0.0,0.0,0.0,0.0
7106,JP,JP,SUGAR,PIGS9,0.01,0.0,0.0,0.0,0.0,0.0
1809,JP,JP,EDUCA,NATU1,0.01,0.0,0.0,0.0,0.0,0.0
7261,JP,JP,TEXTI,FISH5,0.01,0.0,0.0,0.0,0.0,0.0
5983,JP,JP,PRINT,SUGAR,0.01,0.0,0.0,0.0,0.0,0.0
5304,JP,JP,NONSP,CHEM1,0.01,0.0,0.0,0.0,0.0,0.0
6804,JP,JP,RUBBE,PARAF,0.01,0.0,0.0,0.0,0.0,0.0
5309,JP,JP,NONSP,ELEC1,0.01,0.0,0.0,0.0,0.0,0.0
1500,JP,JP,CROPS,SALEM,0.01,0.0,0.0,0.0,0.0,0.0
5183,JP,JP,NONF1,SANDC,0.01,0.0,0.0,0.0,0.0,0.0
4671,JP,JP,MEATC,GLASS,0.01,0.0,0.0,0.0,0.0,0.0
1142,JP,JP,COKE1,NATU1,0.01,0.0,0.0,0.0,0.0,0.0
4822,JP,JP,MEMBE,PARAF,0.01,0.0,0.0,0.0,0.0,0.0
6805,JP,JP,RUBBE,PETRO,0.01,0.0,0.0,0.0,0.0,0.0
3895,JP,JP,INLAN,FABRI,0.01,0.0,0.0,0.0,0.0,0.0
6120,JP,JP,RAILW,CHARC,0.01,0.0,0.0,0.0,0.0,0.0
6327,JP,JP,RECRE,ANIMA,0.01,0.0,0.0,0.0,0.0,0.0
5098,JP,JP,NFERT,FORES,0.93,0.0,0.0,0.0,0.0,0.0
17,JP,JP,93197,CHARC,0.01,0.0,0.0,0.0,0.0,0.0
1136,JP,JP,COKE1,MEAT4,0.01,0.0,0.0,0.0,0.0,0.0
6528,JP,JP,RESEA,ELEC7,0.01,0.0,0.0,0.0,0.0,0.0
7519,JP,JP,WEARI,BIOG1,0.01,0.0,0.0,0.0,0.0,0.0
2758,JP,JP,ELEC6,WHEAT,0.01,0.0,0.0,0.0,0.0,0.0
6830,JP,JP,RUBBE,SUGA1,0.01,0.0,0.0,0.0,0.0,0.0
5398,JP,JP,OXYGE,MEATP,0.01,0.0,0.0,0.0,0.0,0.0
3286,JP,JP,FOOD4,CROPS,0.01,0.0,0.0,0.0,0.0,0.0
6966,JP,JP,SEACO,REFIN,0.01,0.0,0.0,0.0,0.0,0.0
3504,JP,JP,FURNI,PRIVA,0.01,0.0,0.0,0.0,0.0,0.0
7228,JP,JP,TEXT1,ANIMA,0.01,0.0,0.0,0.0,0.0,0.0
863,JP,JP,CEMEN,BRICK,0.01,0.0,0.0,0.0,0.0,0.0
4210,JP,JP,KERO1,WOOLS,0.01,0.0,0.0,0.0,0.0,0.0
4362,JP,JP,LEAD1,BIODI,0.01,0.0,0.0,0.0,0.0,0.0
5001,JP,JP,NATU1,COKE1,0.01,0.0,0.0,0.0,0.0,0.0
4559,JP,JP,LIQUE,PRECI,0.01,0.0,0.0,0.0,0.0,0.0
6013,JP,JP,PULP5,LIQUE,0.01,0.0,0.0,0.0,0.0,0.0
7487,JP,JP,WASTE,BITUM,0.01,0.0,0.0,0.0,0.0,0.0
5973,JP,JP,PRINT,REFIN,0.01,0.0,0.0,0.0,0.0,0.0
1712,JP,JP,DISTR,NUCLE,0.01,0.0,0.0,0.0,0.0,0.0
397,JP,JP,AUXIL,PETRO,0.01,0.0,0.0,0.0,0.0,0.0
3272,JP,JP,FOOD3,FORES,0.01,0.0,0.0,0.0,0.0,0.0
7236,JP,JP,TEXT2,CATTL,0.01,0.0,0.0,0.0,0.0,0.0
7680,JP,JP,WOOD1,STEAM,0.01,0.0,0.0,0.0,0.0,0.0
5666,JP,JP,PLAS1,ANIMA,0.01,0.0,0.0,0.0,0.0,0.0
3311,JP,JP,FOOD5,CHARC,0.01,0.0,0.0,0.0,0.0,0.0
4487,JP,JP,LIQUE,AVIAT,0.01,0.0,0.0,0.0,0.0,0.0
1165,JP,JP,COKE1,SANDC,0.01,0.0,0.0,0.0,0.0,0.0
4563,JP,JP,LIQUE,PULP5,0.01,0.0,0.0,0.0,0.0,0.0
3423,JP,JP,FURNI,BIODI,0.01,0.0,0.0,0.0,0.0,0.0
4876,JP,JP,MOTOR,BITU1,0.01,0.0,0.0,0.0,0.0,0.0
6898,JP,JP,SEACO,BITUM,0.01,0.0,0.0,0.0,0.0,0.0
7273,JP,JP,TEXTI,LIQUE,0.01,0.0,0.0,0.0,0.0,0.0
3869,JP,JP,INERT,FORES,0.01,0.0,0.0,0.0,0.0,0.0
2795,JP,JP,ELEC8,CEREA,0.01,0.0,0.0,0.0,0.0,0.0
5371,JP,JP,OXYGE,CEMEN,0.01,0.0,0.0,0.0,0.0,0.0
4461,JP,JP,LEATH,PULP5,0.01,0.0,0.0,0.0,0.0,0.0
1912,JP,JP,ELE11,NONSP,0.01,0.0,0.0,0.0,0.0,0.0
4445,JP,JP,LEATH,MOTOR,0.01,0.0,0.0,0.0,0.0,0.0
2117,JP,JP,ELEC1,INLAN,0.01,0.0,0.0,0.0,0.0,0.0
5249,JP,JP,NONME,LUBRI,0.01,0.0,0.0,0.0,0.0,0.0
2434,JP,JP,ELEC4,CEREA,0.01,0.0,0.0,0.0,0.0,0.0
6653,JP,JP,RETA1,FOOD5,0.01,0.0,0.0,0.0,0.0,0.0
6332,JP,JP,RECRE,BITUM,0.01,0.0,0.0,0.0,0.0,0.0
6430,JP,JP,RECRE,TRAN1,0.01,0.0,0.0,0.0,0.0,0.0
6697,JP,JP,RETA1,PLANT,0.01,0.0,0.0,0.0,0.0,0.0
6841,JP,JP,RUBBE,WHITE,0.01,0.0,0.0,0.0,0.0,0.0
5683,JP,JP,PLAS2,FISHF,0.01,0.0,0.0,0.0,0.0,0.0
3907,JP,JP,INLAN,NONME,0.01,0.0,0.0,0.0,0.0,0.0
5278,JP,JP,NONME,REFI1,0.01,0.0,0.0,0.0,0.0,0.0
6693,JP,JP,RETA1,PARAF,0.01,0.0,0.0,0.0,0.0,0.0
7642,JP,JP,WHITE,COALT,0.01,0.0,0.0,0.0,0.0,0.0
4101,JP,JP,KERO1,CHARC,0.01,0.0,0.0,0.0,0.0,0.0
2028,JP,JP,ELE12,PARAF,0.01,0.0,0.0,0.0,0.0,0.0
7692,JP,JP,WOOD2,PIGS9,0.01,0.0,0.0,0.0,0.0,0.0
877,JP,JP,CEMEN,HEAVY,0.01,0.0,0.0,0.0,0.0,0.0
625,JP,JP,BITU1,RADIO,0.01,0.0,0.0,0.0,0.0,0.0
5050,JP,JP,NATUR,MEAT4,0.01,0.0,0.0,0.0,0.0,0.0
7241,JP,JP,TEXT2,NFERT,0.01,0.0,0.0,0.0,0.0,0.0
5070,JP,JP,NATUR,REFIN,0.01,0.0,0.0,0.0,0.0,0.0
5358,JP,JP,OILHA,SUGAR,0.01,0.0,0.0,0.0,0.0,0.0
6392,JP,JP,RECRE,NFERT,0.01,0.0,0.0,0.0,0.0,0.0
4089,JP,JP,KERO1,AVIAT,0.01,0.0,0.0,0.0,0.0,0.0
4474,JP,JP,LEATH,SUGAR,0.01,0.0,0.0,0.0,0.0,0.0
4886,JP,JP,MOTOR,COALT,0.01,0.0,0.0,0.0,0.0,0.0
1634,JP,JP,DIST1,REFI1,0.01,0.0,0.0,0.0,0.0,0.0
7682,JP,JP,WOOD1,SUGAR,0.01,0.0,0.0,0.0,0.0,0.0
5457,JP,JP,PAPE4,ELE11,0.01,0.0,0.0,0.0,0.0,0.0
3897,JP,JP,INLAN,FOOD5,0.01,0.0,0.0,0.0,0.0,0.0
684,JP,JP,BLAST,NFERT,0.01,0.0,0.0,0.0,0.0,0.0
3635,JP,JP,GASDI,SUGA1,0.01,0.0,0.0,0.0,0.0,0.0
7104,JP,JP,SUGAR,CATTL,0.01,0.0,0.0,0.0,0.0,0.0
438,JP,JP,AUXIL,WHITE,0.01,0.0,0.0,0.0,0.0,0.0
6016,JP,JP,PULP5,PLANT,0.01,0.0,0.0,0.0,0.0,0.0
7561,JP,JP,WEARI,HEAVY,0.01,0.0,0.0,0.0,0.0,0.0
2058,JP,JP,ELE12,SUGA1,0.01,0.0,0.0,0.0,0.0,0.0
5093,JP,JP,NFERT,ELEC4,0.01,0.0,0.0,0.0,0.0,0.0
7025,JP,JP,STEAM,INLAN,0.01,0.0,0.0,0.0,0.0,0.0
6035,JP,JP,RADIO,COALT,0.01,0.0,0.0,0.0,0.0,0.0
5113,JP,JP,NFERT,OXYGE,0.01,0.0,0.0,0.0,0.0,0.0
3477,JP,JP,FURNI,LUBRI,0.01,0.0,0.0,0.0,0.0,0.0
4862,JP,JP,MEMBE,WHITE,0.01,0.0,0.0,0.0,0.0,0.0
4998,JP,JP,NATU1,BLAST,0.01,0.0,0.0,0.0,0.0,0.0
2771,JP,JP,ELEC7,PUBLI,0.01,0.0,0.0,0.0,0.0,0.0
6694,JP,JP,RETA1,PETRO,0.01,0.0,0.0,0.0,0.0,0.0
5212,JP,JP,NONME,CHARC,0.01,0.0,0.0,0.0,0.0,0.0
7348,JP,JP,TRAN1,INLAN,0.01,0.0,0.0,0.0,0.0,0.0
734,JP,JP,BUSIN,BIOGA,0.01,0.0,0.0,0.0,0.0,0.0
2770,JP,JP,ELEC7,PLAST,0.01,0.0,0.0,0.0,0.0,0.0
3824,JP,JP,HEAVY,PLANT,0.01,0.0,0.0,0.0,0.0,0.0
7234,JP,JP,TEXT1,STEAM,0.01,0.0,0.0,0.0,0.0,0.0
3512,JP,JP,FURNI,REFI1,0.01,0.0,0.0,0.0,0.0,0.0
599,JP,JP,BITU1,FOUND,0.01,0.0,0.0,0.0,0.0,0.0
7690,JP,JP,WOOD2,NFERT,0.01,0.0,0.0,0.0,0.0,0.0
6079,JP,JP,RADIO,NONSP,0.01,0.0,0.0,0.0,0.0,0.0
119,JP,JP,93197,WHEAT,0.01,0.0,0.0,0.0,0.0,0.0
1863,JP,JP,ELE11,COALT,0.01,0.0,0.0,0.0,0.0,0.0
580,JP,JP,BITU1,CHEMI,0.01,0.0,0.0,0.0,0.0,0.0
7044,JP,JP,STEAM,NONSP,0.01,0.0,0.0,0.0,0.0,0.0
5462,JP,JP,PAPE4,FORES,0.01,0.0,0.0,0.0,0.0,0.0
2029,JP,JP,ELE12,PETRO,0.01,0.0,0.0,0.0,0.0,0.0
981,JP,JP,CHEM1,ELEC5,0.01,0.0,0.0,0.0,0.0,0.0
2778,JP,JP,ELEC7,SUGA1,0.01,0.0,0.0,0.0,0.0,0.0
4781,JP,JP,MEMBE,FOOD5,0.01,0.0,0.0,0.0,0.0,0.0
4723,JP,JP,MEDIC,PIGS9,0.01,0.0,0.0,0.0,0.0,0.0
4743,JP,JP,MEMBE,BIODI,0.01,0.0,0.0,0.0,0.0,0.0
7107,JP,JP,SUGAR,RAWMI,0.01,0.0,0.0,0.0,0.0,0.0
4105,JP,JP,KERO1,COKE1,0.01,0.0,0.0,0.0,0.0,0.0
3050,JP,JP,FABRI,NFERT,0.01,0.0,0.0,0.0,0.0,0.0
7657,JP,JP,WHITE,NONSP,0.01,0.0,0.0,0.0,0.0,0.0
6189,JP,JP,RAILW,RAWMI,0.01,0.0,0.0,0.0,0.0,0.0
5390,JP,JP,OXYGE,HEAVY,0.01,0.0,0.0,0.0,0.0,0.0
5287,JP,JP,NONME,SUPPO,0.01,0.0,0.0,0.0,0.0,0.0
5102,JP,JP,NFERT,HEAVY,0.01,0.0,0.0,0.0,0.0,0.0
5675,JP,JP,PLAS1,STEAM,0.01,0.0,0.0,0.0,0.0,0.0
1214,JP,JP,COKEO,STONE,0.01,0.0,0.0,0.0,0.0,0.0
205,JP,JP,AIRTR,PLANT,0.01,0.0,0.0,0.0,0.0,0.0
1948,JP,JP,ELE11,TRAN1,0.02,0.0,0.0,0.0,0.0,0.0
5736,JP,JP,POSTT,CEREA,0.02,0.0,0.0,0.0,0.0,0.0
5589,JP,JP,PFERT,CATTL,0.02,0.0,0.0,0.0,0.0,0.0
3471,JP,JP,FURNI,KERO1,0.06,0.0,0.0,0.0,0.0,0.0
6628,JP,JP,RETA1,COALT,0.06,0.0,0.0,0.0,0.0,0.0
3884,JP,JP,INERT,TRAN1,0.06,0.0,0.0,0.0,0.0,0.0
1870,JP,JP,ELE11,CRUDE,0.06,0.0,0.0,0.0,0.0,0.0
6069,JP,JP,RADIO,MEATC,0.06,0.0,0.0,0.0,0.0,0.0
3871,JP,JP,INERT,MEAT1,0.06,0.0,0.0,0.0,0.0,0.0
6799,JP,JP,RUBBE,NONSP,0.06,0.0,0.0,0.0,0.0,0.0
3888,JP,JP,INLAN,93197,0.06,0.0,0.0,0.0,0.0,0.0
7191,JP,JP,SUPPO,PIGS9,0.06,0.0,0.0,0.0,0.0,0.0
4058,JP,JP,INSUR,WOOLS,0.06,0.0,0.0,0.0,0.0,0.0
1900,JP,JP,ELE11,MEATC,0.06,0.0,0.0,0.0,0.0,0.0
7745,JP,JP,WOODW,NONFE,0.06,0.0,0.0,0.0,0.0,0.0
4077,JP,JP,INTER,RETAI,0.06,0.0,0.0,0.0,0.0,0.0
3911,JP,JP,INLAN,PRECI,0.06,0.0,0.0,0.0,0.0,0.0
892,JP,JP,CEMEN,TRANS,0.06,0.0,0.0,0.0,0.0,0.0
1611,JP,JP,DIST1,NAPHT,0.06,0.0,0.0,0.0,0.0,0.0
4687,JP,JP,MEDIC,BLAST,0.06,0.0,0.0,0.0,0.0,0.0
258,JP,JP,ALUM1,LIQUE,0.06,0.0,0.0,0.0,0.0,0.0
6689,JP,JP,RETA1,OILSE,0.06,0.0,0.0,0.0,0.0,0.0
2834,JP,JP,ELEC8,MEAT4,0.06,0.0,0.0,0.0,0.0,0.0
2471,JP,JP,ELEC4,MEAT4,0.06,0.0,0.0,0.0,0.0,0.0
7652,JP,JP,WHITE,LUBRI,0.02,0.0,0.0,0.0,0.0,0.0
6979,JP,JP,SEACO,VEGE1,0.06,0.0,0.0,0.0,0.0,0.0
390,JP,JP,AUXIL,NONSP,0.06,0.0,0.0,0.0,0.0,0.0
2784,JP,JP,ELEC8,AUXIL,0.06,0.0,0.0,0.0,0.0,0.0
6036,JP,JP,RADIO,COKE1,0.06,0.0,0.0,0.0,0.0,0.0
4616,JP,JP,LUBRI,OILSE,0.06,0.0,0.0,0.0,0.0,0.0
7461,JP,JP,VEGE1,NAPHT,0.06,0.0,0.0,0.0,0.0,0.0
218,JP,JP,AIRTR,REFIN,0.06,0.0,0.0,0.0,0.0,0.0
11,JP,JP,93197,BLAST,0.06,0.0,0.0,0.0,0.0,0.0
928,JP,JP,CERAM,RETAI,0.06,0.0,0.0,0.0,0.0,0.0
3817,JP,JP,HEAVY,OFFIC,0.06,0.0,0.0,0.0,0.0,0.0
1754,JP,JP,EDUCA,BIOG1,0.06,0.0,0.0,0.0,0.0,0.0
5018,JP,JP,NATU1,WHITE,0.06,0.0,0.0,0.0,0.0,0.0
3472,JP,JP,FURNI,KEROS,0.06,0.0,0.0,0.0,0.0,0.0
5866,JP,JP,PREC1,NUCLE,0.06,0.0,0.0,0.0,0.0,0.0
5604,JP,JP,PFERT,ELEC4,0.06,0.0,0.0,0.0,0.0,0.0
5891,JP,JP,PRINT,COALT,0.06,0.0,0.0,0.0,0.0,0.0
5442,JP,JP,PADDY,MEATA,0.06,0.0,0.0,0.0,0.0,0.0
6995,JP,JP,SECO9,WHEAT,0.06,0.0,0.0,0.0,0.0,0.0
4912,JP,JP,MOTOR,LIQUE,0.06,0.0,0.0,0.0,0.0,0.0
2365,JP,JP,ELEC3,NFERT,0.06,0.0,0.0,0.0,0.0,0.0
7456,JP,JP,VEGE1,MEAT1,0.06,0.0,0.0,0.0,0.0,0.0
5351,JP,JP,OILHA,FISHF,0.06,0.0,0.0,0.0,0.0,0.0
2590,JP,JP,ELEC5,MEMBE,0.07,0.0,0.0,0.0,0.0,0.0
978,JP,JP,CHEM1,ELE12,0.07,0.0,0.0,0.0,0.0,0.0
7510,JP,JP,WASTE,TRAN2,0.07,0.0,0.0,0.0,0.0,0.0
5255,JP,JP,NONME,NAPHT,0.07,0.0,0.0,0.0,0.0,0.0
4790,JP,JP,MEMBE,INLAN,0.07,0.0,0.0,0.0,0.0,0.0
469,JP,JP,BASIC,NFERT,0.07,0.0,0.0,0.0,0.0,0.0
7673,JP,JP,WOOD1,ELE11,0.07,0.0,0.0,0.0,0.0,0.0
20,JP,JP,93197,COALT,0.07,0.0,0.0,0.0,0.0,0.0
1828,JP,JP,EDUCA,REFI1,0.07,0.0,0.0,0.0,0.0,0.0
21,JP,JP,93197,COKE1,0.07,0.0,0.0,0.0,0.0,0.0
6861,JP,JP,SALEM,RAWMI,0.06,0.0,0.0,0.0,0.0,0.0
6193,JP,JP,RAILW,REFIN,0.07,0.0,0.0,0.0,0.0,0.0
7651,JP,JP,WHITE,LIQUE,0.07,0.0,0.0,0.0,0.0,0.0
1963,JP,JP,ELE12,BITU1,0.07,0.0,0.0,0.0,0.0,0.0
5394,JP,JP,OXYGE,LEAD1,0.07,0.0,0.0,0.0,0.0,0.0
3921,JP,JP,INLAN,SANDC,0.07,0.0,0.0,0.0,0.0,0.0
5845,JP,JP,POSTT,WHEAT,0.07,0.0,0.0,0.0,0.0,0.0
7029,JP,JP,STEAM,LIQUE,0.07,0.0,0.0,0.0,0.0,0.0
7214,JP,JP,SUPPO,SUGA1,0.07,0.0,0.0,0.0,0.0,0.0
1799,JP,JP,EDUCA,LUBRI,0.07,0.0,0.0,0.0,0.0,0.0
4507,JP,JP,LIQUE,DISTR,0.07,0.0,0.0,0.0,0.0,0.0
943,JP,JP,CEREA,WOOLS,0.07,0.0,0.0,0.0,0.0,0.0
4816,JP,JP,MEMBE,NUCLE,0.07,0.0,0.0,0.0,0.0,0.0
2395,JP,JP,ELEC3,REFIN,0.06,0.0,0.0,0.0,0.0,0.0
6578,JP,JP,RESEA,PLANT,0.06,0.0,0.0,0.0,0.0,0.0
7674,JP,JP,WOOD1,FISHF,0.06,0.0,0.0,0.0,0.0,0.0
1097,JP,JP,COALT,RUBBE,0.06,0.0,0.0,0.0,0.0,0.0
1897,JP,JP,ELE11,LIQUE,0.06,0.0,0.0,0.0,0.0,0.0
6348,JP,JP,RECRE,CRUDE,0.06,0.0,0.0,0.0,0.0,0.0
3862,JP,JP,INERT,CEMEN,0.06,0.0,0.0,0.0,0.0,0.0
3887,JP,JP,INERT,VEGET,0.06,0.0,0.0,0.0,0.0,0.0
1534,JP,JP,DAIRY,LIQUE,0.06,0.0,0.0,0.0,0.0,0.0
5632,JP,JP,PFERT,POULT,0.06,0.0,0.0,0.0,0.0,0.0
5117,JP,JP,NFERT,PREC1,0.06,0.0,0.0,0.0,0.0,0.0
3872,JP,JP,INERT,MEATP,0.06,0.0,0.0,0.0,0.0,0.0
325,JP,JP,AUXIL,CEREA,0.06,0.0,0.0,0.0,0.0,0.0
5348,JP,JP,OILHA,ELE11,0.06,0.0,0.0,0.0,0.0,0.0
1425,JP,JP,CONST,PARAF,0.06,0.0,0.0,0.0,0.0,0.0
4815,JP,JP,MEMBE,NONSP,0.06,0.0,0.0,0.0,0.0,0.0
5652,JP,JP,PIGS9,ANIMA,0.06,0.0,0.0,0.0,0.0,0.0
1858,JP,JP,ELE11,CATTL,0.06,0.0,0.0,0.0,0.0,0.0
5429,JP,JP,OXYGE,TOBAC,0.06,0.0,0.0,0.0,0.0,0.0
2424,JP,JP,ELEC4,AUXIL,0.06,0.0,0.0,0.0,0.0,0.0
5972,JP,JP,PRINT,REFI1,0.05,0.0,0.0,0.0,0.0,0.0
1596,JP,JP,DIST1,KERO1,0.05,0.0,0.0,0.0,0.0,0.0
1973,JP,JP,ELE12,COALT,0.05,0.0,0.0,0.0,0.0,0.0
597,JP,JP,BITU1,FISH5,0.05,0.0,0.0,0.0,0.0,0.0
4586,JP,JP,LUBRI,ANIMA,0.05,0.0,0.0,0.0,0.0,0.0
1197,JP,JP,COKEO,FABRI,0.05,0.0,0.0,0.0,0.0,0.0
4655,JP,JP,MEAT4,FISHF,0.05,0.0,0.0,0.0,0.0,0.0
1082,JP,JP,COALT,CERAM,0.05,0.0,0.0,0.0,0.0,0.0
6214,JP,JP,RAWMI,ANIMA,0.05,0.0,0.0,0.0,0.0,0.0
1459,JP,JP,CONST,WHITE,0.05,0.0,0.0,0.0,0.0,0.0
4512,JP,JP,LIQUE,ELEC4,0.05,0.0,0.0,0.0,0.0,0.0
444,JP,JP,AVIAT,SUPPO,0.05,0.0,0.0,0.0,0.0,0.0
6786,JP,JP,RUBBE,MEATA,0.05,0.0,0.0,0.0,0.0,0.0
1693,JP,JP,DISTR,INLAN,0.05,0.0,0.0,0.0,0.0,0.0
5670,JP,JP,PLAS1,FISHF,0.05,0.0,0.0,0.0,0.0,0.0
4015,JP,JP,INSUR,PETRO,0.05,0.0,0.0,0.0,0.0,0.0
6316,JP,JP,REALE,TOBAC,0.05,0.0,0.0,0.0,0.0,0.0
667,JP,JP,BLAST,HEAVY,0.05,0.0,0.0,0.0,0.0,0.0
4643,JP,JP,MACHI,FORES,0.05,0.0,0.0,0.0,0.0,0.0
6382,JP,JP,RECRE,MEAT1,0.05,0.0,0.0,0.0,0.0,0.0
1234,JP,JP,COMPU,CHARC,0.05,0.0,0.0,0.0,0.0,0.0
260,JP,JP,ALUM1,MEAT4,0.05,0.0,0.0,0.0,0.0,0.0
211,JP,JP,AIRTR,PROCE,0.05,0.0,0.0,0.0,0.0,0.0
64,JP,JP,93197,MEAT4,0.05,0.0,0.0,0.0,0.0,0.0
5737,JP,JP,POSTT,CHARC,0.05,0.0,0.0,0.0,0.0,0.0
6029,JP,JP,RADIO,BLAST,0.05,0.0,0.0,0.0,0.0,0.0
1597,JP,JP,DIST1,KEROS,0.05,0.0,0.0,0.0,0.0,0.0
4575,JP,JP,LIQUE,SUPPO,0.05,0.0,0.0,0.0,0.0,0.0
6373,JP,JP,RECRE,INLAN,0.05,0.0,0.0,0.0,0.0,0.0
902,JP,JP,CERAM,COKE1,0.05,0.0,0.0,0.0,0.0,0.0
9,JP,JP,93197,BITU1,0.05,0.0,0.0,0.0,0.0,0.0
1519,JP,JP,CRUDE,REFIN,0.05,0.0,0.0,0.0,0.0,0.0
7663,JP,JP,WHITE,PULP5,0.05,0.0,0.0,0.0,0.0,0.0
2707,JP,JP,ELEC6,NFERT,0.05,0.0,0.0,0.0,0.0,0.0
5934,JP,JP,PRINT,LUBRI,0.05,0.0,0.0,0.0,0.0,0.0
1138,JP,JP,COKE1,MEATP,0.05,0.0,0.0,0.0,0.0,0.0
912,JP,JP,CERAM,GLASS,0.05,0.0,0.0,0.0,0.0,0.0
2737,JP,JP,ELEC6,REFIN,0.05,0.0,0.0,0.0,0.0,0.0
6413,JP,JP,RECRE,RAWMI,0.05,0.0,0.0,0.0,0.0,0.0
5288,JP,JP,NONME,TOBAC,0.05,0.0,0.0,0.0,0.0,0.0
2588,JP,JP,ELEC5,MEATP,0.05,0.0,0.0,0.0,0.0,0.0
5345,JP,JP,OILHA,BITUM,0.05,0.0,0.0,0.0,0.0,0.0
5581,JP,JP,PETRO,ELEC4,0.06,0.0,0.0,0.0,0.0,0.0
5614,JP,JP,PFERT,HEAVY,0.06,0.0,0.0,0.0,0.0,0.0
5662,JP,JP,PIGS9,SANDC,0.06,0.0,0.0,0.0,0.0,0.0
6596,JP,JP,RESEA,STEAM,0.06,0.0,0.0,0.0,0.0,0.0
7422,JP,JP,TRAN2,WHITE,0.06,0.0,0.0,0.0,0.0,0.0
5395,JP,JP,OXYGE,LEATH,0.06,0.0,0.0,0.0,0.0,0.0
5244,JP,JP,NONME,KERO1,0.06,0.0,0.0,0.0,0.0,0.0
5824,JP,JP,POSTT,REFIN,0.06,0.0,0.0,0.0,0.0,0.0
5384,JP,JP,OXYGE,FISH5,0.06,0.0,0.0,0.0,0.0,0.0
3384,JP,JP,FORES,TRANS,0.06,0.0,0.0,0.0,0.0,0.0
3106,JP,JP,FINAN,BIODI,0.06,0.0,0.0,0.0,0.0,0.0
7530,JP,JP,WEARI,COALT,0.05,0.0,0.0,0.0,0.0,0.0
6104,JP,JP,RADIO,VEGET,0.06,0.0,0.0,0.0,0.0,0.0
6965,JP,JP,SEACO,REFI1,0.06,0.0,0.0,0.0,0.0,0.0
5469,JP,JP,PAPE4,RAWMI,0.06,0.0,0.0,0.0,0.0,0.0
5487,JP,JP,PAPER,CHARC,0.06,0.0,0.0,0.0,0.0,0.0
3281,JP,JP,FOOD3,TRAN1,0.06,0.0,0.0,0.0,0.0,0.0
4419,JP,JP,LEATH,ELEC4,0.06,0.0,0.0,0.0,0.0,0.0
5627,JP,JP,PFERT,OXYGE,0.06,0.0,0.0,0.0,0.0,0.0
5980,JP,JP,PRINT,STEAM,0.06,0.0,0.0,0.0,0.0,0.0
686,JP,JP,BLAST,NONME,0.06,0.0,0.0,0.0,0.0,0.0
7482,JP,JP,VEGET,POULT,0.06,0.0,0.0,0.0,0.0,0.0
3522,JP,JP,FURNI,SUGA1,0.05,0.0,0.0,0.0,0.0,0.0
5669,JP,JP,PLAS1,ELE11,0.05,0.0,0.0,0.0,0.0,0.0
4566,JP,JP,LIQUE,REALE,0.05,0.0,0.0,0.0,0.0,0.0
6992,JP,JP,SECO9,SUGAR,0.05,0.0,0.0,0.0,0.0,0.0
4121,JP,JP,KERO1,ELEC5,0.05,0.0,0.0,0.0,0.0,0.0
3296,JP,JP,FOOD4,NFERT,0.05,0.0,0.0,0.0,0.0,0.0
4502,JP,JP,LIQUE,COMPU,0.05,0.0,0.0,0.0,0.0,0.0
3230,JP,JP,FINAN,WOOLS,0.05,0.0,0.0,0.0,0.0,0.0
5245,JP,JP,NONME,KEROS,0.05,0.0,0.0,0.0,0.0,0.0
6543,JP,JP,RESEA,INLAN,0.05,0.0,0.0,0.0,0.0,0.0
3544,JP,JP,GASDI,BITUM,0.05,0.0,0.0,0.0,0.0,0.0
2991,JP,JP,FABRI,CHARC,0.05,0.0,0.0,0.0,0.0,0.0
658,JP,JP,BLAST,ELEC2,0.05,0.0,0.0,0.0,0.0,0.0
1448,JP,JP,CONST,SUGA1,0.05,0.0,0.0,0.0,0.0,0.0
1195,JP,JP,COKEO,ELEC6,0.05,0.0,0.0,0.0,0.0,0.0
7734,JP,JP,WOODW,MEAT4,0.05,0.0,0.0,0.0,0.0,0.0
3276,JP,JP,FOOD3,PADDY,0.05,0.0,0.0,0.0,0.0,0.0
4375,JP,JP,LEAD1,LIQUE,0.05,0.0,0.0,0.0,0.0,0.0
6935,JP,JP,SEACO,LUBRI,0.05,0.0,0.0,0.0,0.0,0.0
676,JP,JP,BLAST,MEATP,0.07,0.0,0.0,0.0,0.0,0.0
2584,JP,JP,ELEC5,LUBRI,0.07,0.0,0.0,0.0,0.0,0.0
3875,JP,JP,INERT,NATUR,0.07,0.0,0.0,0.0,0.0,0.0
4366,JP,JP,LEAD1,COALT,0.09,0.0,0.0,0.0,0.0,0.0
1593,JP,JP,DIST1,HEAVY,0.08,0.0,0.0,0.0,0.0,0.0
4387,JP,JP,LEAD1,RETA1,0.08,0.0,0.0,0.0,0.0,0.0
3542,JP,JP,GASDI,BIODI,0.08,0.0,0.0,0.0,0.0,0.0
5397,JP,JP,OXYGE,MEATC,0.08,0.0,0.0,0.0,0.0,0.0
3881,JP,JP,INERT,PREC1,0.08,0.0,0.0,0.0,0.0,0.0
7511,JP,JP,WASTE,VEGE1,0.08,0.0,0.0,0.0,0.0,0.0
873,JP,JP,CEMEN,ELECT,0.08,0.0,0.0,0.0,0.0,0.0
4726,JP,JP,MEDIC,PULP5,0.09,0.0,0.0,0.0,0.0,0.0
6333,JP,JP,RECRE,BRICK,0.09,0.0,0.0,0.0,0.0,0.0
5707,JP,JP,PLAST,PFERT,0.09,0.0,0.0,0.0,0.0,0.0
257,JP,JP,ALUM1,LEATH,0.09,0.0,0.0,0.0,0.0,0.0
5674,JP,JP,PLAS1,RETAI,0.09,0.0,0.0,0.0,0.0,0.0
3376,JP,JP,FORES,PAPER,0.09,0.0,0.0,0.0,0.0,0.0
1515,JP,JP,CRUDE,NONSP,0.09,0.0,0.0,0.0,0.0,0.0
1233,JP,JP,COMPU,CEREA,0.09,0.0,0.0,0.0,0.0,0.0
5653,JP,JP,PIGS9,CATTL,0.09,0.0,0.0,0.0,0.0,0.0
7735,JP,JP,WOODW,MEATA,0.09,0.0,0.0,0.0,0.0,0.0
6742,JP,JP,RUBBE,BITU1,0.09,0.0,0.0,0.0,0.0,0.0
494,JP,JP,BEVER,COKEO,0.08,0.0,0.0,0.0,0.0,0.0
4585,JP,JP,LUBRI,AIRTR,0.08,0.0,0.0,0.0,0.0,0.0
4393,JP,JP,LEATH,AIRTR,0.08,0.0,0.0,0.0,0.0,0.0
4358,JP,JP,LANDT,WHITE,0.08,0.0,0.0,0.0,0.0,0.0
26,JP,JP,93197,CROPS,0.08,0.0,0.0,0.0,0.0,0.0
3299,JP,JP,FOOD4,POULT,0.08,0.0,0.0,0.0,0.0,0.0
6609,JP,JP,RESEA,WOOLS,0.08,0.0,0.0,0.0,0.0,0.0
1506,JP,JP,CRUDE,COALT,0.08,0.0,0.0,0.0,0.0,0.0
6938,JP,JP,SEACO,MEATP,0.08,0.0,0.0,0.0,0.0,0.0
7454,JP,JP,VEGE1,LIQUE,0.08,0.0,0.0,0.0,0.0,0.0
3077,JP,JP,FABRI,REFIN,0.08,0.0,0.0,0.0,0.0,0.0
2982,JP,JP,FABRI,BIOG1,0.08,0.0,0.0,0.0,0.0,0.0
299,JP,JP,ANIMA,PIGS9,0.08,0.0,0.0,0.0,0.0,0.0
4147,JP,JP,KERO1,MEAT4,0.08,0.0,0.0,0.0,0.0,0.0
5888,JP,JP,PRINT,CHARC,0.08,0.0,0.0,0.0,0.0,0.0
3823,JP,JP,HEAVY,PIGS9,0.08,0.0,0.0,0.0,0.0,0.0
6985,JP,JP,SECO9,CROPS,0.08,0.0,0.0,0.0,0.0,0.0
317,JP,JP,AUXIL,BITU1,0.08,0.0,0.0,0.0,0.0,0.0
3495,JP,JP,FURNI,OXYGE,0.08,0.0,0.0,0.0,0.0,0.0
6217,JP,JP,RAWMI,PIGS9,0.08,0.0,0.0,0.0,0.0,0.0
3877,JP,JP,INERT,NONFE,0.08,0.0,0.0,0.0,0.0,0.0
2711,JP,JP,ELEC6,NONSP,0.09,0.0,0.0,0.0,0.0,0.0
4756,JP,JP,MEMBE,COALT,0.09,0.0,0.0,0.0,0.0,0.0
4066,JP,JP,INTER,ELEC5,0.08,0.0,0.0,0.0,0.0,0.0
1223,JP,JP,COMPU,BIODI,0.09,0.0,0.0,0.0,0.0,0.0
1194,JP,JP,COKEO,ELEC5,0.09,0.0,0.0,0.0,0.0,0.0
1989,JP,JP,ELE12,FISHF,0.09,0.0,0.0,0.0,0.0,0.0
4984,JP,JP,NAPHT,PARAF,0.09,0.0,0.0,0.0,0.0,0.0
6347,JP,JP,RECRE,CROPS,0.09,0.0,0.0,0.0,0.0,0.0
4987,JP,JP,NAPHT,PLANT,0.09,0.0,0.0,0.0,0.0,0.0
4745,JP,JP,MEMBE,BITU1,0.09,0.0,0.0,0.0,0.0,0.0
4547,JP,JP,LIQUE,NONF1,0.09,0.0,0.0,0.0,0.0,0.0
3489,JP,JP,FURNI,NFERT,0.09,0.0,0.0,0.0,0.0,0.0
1068,JP,JP,CHEMI,LIQUE,0.09,0.0,0.0,0.0,0.0,0.0
4540,JP,JP,LIQUE,MEDIC,0.09,0.0,0.0,0.0,0.0,0.0
5308,JP,JP,NONSP,DIST1,0.09,0.0,0.0,0.0,0.0,0.0
85,JP,JP,93197,PFERT,0.09,0.0,0.0,0.0,0.0,0.0
2594,JP,JP,ELEC5,NATU1,0.09,0.0,0.0,0.0,0.0,0.0
6030,JP,JP,RADIO,BRICK,0.09,0.0,0.0,0.0,0.0,0.0
4326,JP,JP,LANDT,PRIVA,0.1,0.0,0.0,0.0,0.0,0.0
62,JP,JP,93197,LUBRI,0.1,0.0,0.0,0.0,0.0,0.0
5799,JP,JP,POSTT,NONSP,0.1,0.0,0.0,0.0,0.0,0.0
2630,JP,JP,ELEC5,SEACO,0.1,0.0,0.0,0.0,0.0,0.0
4846,JP,JP,MEMBE,SANDC,0.09,0.0,0.0,0.0,0.0,0.0
6145,JP,JP,RAILW,INLAN,0.09,0.0,0.0,0.0,0.0,0.0
7499,JP,JP,WASTE,LEAD1,0.09,0.0,0.0,0.0,0.0,0.0
6884,JP,JP,SANDC,MEDIC,0.09,0.0,0.0,0.0,0.0,0.0
3040,JP,JP,FABRI,MEATA,0.09,0.0,0.0,0.0,0.0,0.0
3758,JP,JP,HEAVY,BITUM,0.09,0.0,0.0,0.0,0.0,0.0
5204,JP,JP,NONME,BITUM,0.09,0.0,0.0,0.0,0.0,0.0
7776,JP,JP,WOODW,VEGE1,0.09,0.0,0.0,0.0,0.0,0.0
1361,JP,JP,CONST,CEREA,0.09,0.0,0.0,0.0,0.0,0.0
4640,JP,JP,LUBRI,WHITE,0.09,0.0,0.0,0.0,0.0,0.0
7158,JP,JP,SUPPO,HEALT,0.09,0.0,0.0,0.0,0.0,0.0
6354,JP,JP,RECRE,ELEC1,0.09,0.0,0.0,0.0,0.0,0.0
2609,JP,JP,ELEC5,POULT,0.09,0.0,0.0,0.0,0.0,0.0
316,JP,JP,AUXIL,BIOG1,0.09,0.0,0.0,0.0,0.0,0.0
512,JP,JP,BIOG1,BEVER,0.09,0.0,0.0,0.0,0.0,0.0
5726,JP,JP,POSTT,BIODI,0.09,0.0,0.0,0.0,0.0,0.0
4663,JP,JP,MEAT4,SUPPO,0.09,0.0,0.0,0.0,0.0,0.0
1856,JP,JP,ELE11,BRICK,0.09,0.0,0.0,0.0,0.0,0.0
2403,JP,JP,ELEC3,STEAM,0.09,0.0,0.0,0.0,0.0,0.0
5242,JP,JP,NONME,HEAVY,0.09,0.0,0.0,0.0,0.0,0.0
6753,JP,JP,RUBBE,COALT,0.09,0.0,0.0,0.0,0.0,0.0
7488,JP,JP,WASTE,CATTL,0.08,0.0,0.0,0.0,0.0,0.0
915,JP,JP,CERAM,INLAN,0.08,0.0,0.0,0.0,0.0,0.0
7415,JP,JP,TRAN2,PARAF,0.07,0.0,0.0,0.0,0.0,0.0
4320,JP,JP,LANDT,PLANT,0.07,0.0,0.0,0.0,0.0,0.0
5531,JP,JP,PAPER,PLANT,0.07,0.0,0.0,0.0,0.0,0.0
6047,JP,JP,RADIO,ELEC3,0.07,0.0,0.0,0.0,0.0,0.0
1206,JP,JP,COKEO,NFERT,0.07,0.0,0.0,0.0,0.0,0.0
1918,JP,JP,ELE11,PIGS9,0.07,0.0,0.0,0.0,0.0,0.0
5012,JP,JP,NATU1,PARAF,0.07,0.0,0.0,0.0,0.0,0.0
315,JP,JP,AUXIL,BIODI,0.07,0.0,0.0,0.0,0.0,0.0
3486,JP,JP,FURNI,NAPHT,0.07,0.0,0.0,0.0,0.0,0.0
91,JP,JP,93197,PRIVA,0.07,0.0,0.0,0.0,0.0,0.0
6304,JP,JP,REALE,REFI1,0.07,0.0,0.0,0.0,0.0,0.0
1840,JP,JP,EDUCA,TEXTI,0.07,0.0,0.0,0.0,0.0,0.0
2585,JP,JP,ELEC5,MEAT1,0.07,0.0,0.0,0.0,0.0,0.0
4515,JP,JP,LIQUE,ELEC8,0.07,0.0,0.0,0.0,0.0,0.0
2635,JP,JP,ELEC5,TRAN1,0.07,0.0,0.0,0.0,0.0,0.0
4213,JP,JP,KEROS,CHEMI,0.07,0.0,0.0,0.0,0.0,0.0
572,JP,JP,BITU1,BASIC,0.07,0.0,0.0,0.0,0.0,0.0
7416,JP,JP,TRAN2,PETRO,0.07,0.0,0.0,0.0,0.0,0.0
4457,JP,JP,LEATH,PREC1,0.07,0.0,0.0,0.0,0.0,0.0
173,JP,JP,AIRTR,INLAN,0.07,0.0,0.0,0.0,0.0,0.0
4694,JP,JP,MEDIC,COKE1,0.07,0.0,0.0,0.0,0.0,0.0
2634,JP,JP,ELEC5,TOBAC,0.07,0.0,0.0,0.0,0.0,0.0
1949,JP,JP,ELE11,TRAN2,0.07,0.0,0.0,0.0,0.0,0.0
1601,JP,JP,DIST1,LIQUE,0.07,0.0,0.0,0.0,0.0,0.0
5380,JP,JP,OXYGE,DAIRY,0.07,0.0,0.0,0.0,0.0,0.0
7716,JP,JP,WOODW,CRUDE,0.07,0.0,0.0,0.0,0.0,0.0
531,JP,JP,BIOG1,HOTEL,0.07,0.0,0.0,0.0,0.0,0.0
1849,JP,JP,ELE11,AIRTR,0.07,0.0,0.0,0.0,0.0,0.0
7493,JP,JP,WASTE,ELE12,0.07,0.0,0.0,0.0,0.0,0.0
1426,JP,JP,CONST,PETRO,0.07,0.0,0.0,0.0,0.0,0.0
1662,JP,JP,DISTR,BIOG1,0.07,0.0,0.0,0.0,0.0,0.0
6313,JP,JP,REALE,SUGA1,0.07,0.0,0.0,0.0,0.0,0.0
3301,JP,JP,FOOD4,TRAN2,0.07,0.0,0.0,0.0,0.0,0.0
156,JP,JP,AIRTR,ELEC5,0.07,0.0,0.0,0.0,0.0,0.0
4075,JP,JP,INTER,PIGS9,0.07,0.0,0.0,0.0,0.0,0.0
3520,JP,JP,FURNI,STEAM,0.07,0.0,0.0,0.0,0.0,0.0
2622,JP,JP,ELEC5,REFI1,0.07,0.0,0.0,0.0,0.0,0.0
1495,JP,JP,CROPS,RADIO,0.07,0.0,0.0,0.0,0.0,0.0
6618,JP,JP,RETA1,BITU1,0.07,0.0,0.0,0.0,0.0,0.0
6272,JP,JP,REALE,LUBRI,0.07,0.0,0.0,0.0,0.0,0.0
3967,JP,JP,INSUR,ELEC6,0.07,0.0,0.0,0.0,0.0,0.0
2745,JP,JP,ELEC6,STEAM,0.07,0.0,0.0,0.0,0.0,0.0
5473,JP,JP,PAPE4,VEGET,0.07,0.0,0.0,0.0,0.0,0.0
550,JP,JP,BIOG1,PROCE,0.08,0.0,0.0,0.0,0.0,0.0
6100,JP,JP,RADIO,TRAN1,0.08,0.0,0.0,0.0,0.0,0.0
2714,JP,JP,ELEC6,OXYGE,0.08,0.0,0.0,0.0,0.0,0.0
7506,JP,JP,WASTE,POULT,0.08,0.0,0.0,0.0,0.0,0.0
7144,JP,JP,SUPPO,ELEC5,0.08,0.0,0.0,0.0,0.0,0.0
4063,JP,JP,INTER,CRUDE,0.08,0.0,0.0,0.0,0.0,0.0
5115,JP,JP,NFERT,PAPER,0.08,0.0,0.0,0.0,0.0,0.0
4422,JP,JP,LEATH,ELEC8,0.08,0.0,0.0,0.0,0.0,0.0
4067,JP,JP,INTER,ELEC6,0.08,0.0,0.0,0.0,0.0,0.0
7145,JP,JP,SUPPO,ELEC6,0.08,0.0,0.0,0.0,0.0,0.0
7379,JP,JP,TRAN1,SANDC,0.08,0.0,0.0,0.0,0.0,0.0
184,JP,JP,AIRTR,MEAT4,0.07,0.0,0.0,0.0,0.0,0.0
6066,JP,JP,RADIO,LIQUE,0.08,0.0,0.0,0.0,0.0,0.0
7450,JP,JP,VEGE1,HEAVY,0.08,0.0,0.0,0.0,0.0,0.0
4702,JP,JP,MEDIC,FISHF,0.08,0.0,0.0,0.0,0.0,0.0
1204,JP,JP,COKEO,MEMBE,0.08,0.0,0.0,0.0,0.0,0.0
4942,JP,JP,MOTOR,RETAI,0.08,0.0,0.0,0.0,0.0,0.0
3476,JP,JP,FURNI,LIQUE,0.08,0.0,0.0,0.0,0.0,0.0
3873,JP,JP,INERT,MEDIC,0.08,0.0,0.0,0.0,0.0,0.0
5530,JP,JP,PAPER,PIGS9,0.08,0.0,0.0,0.0,0.0,0.0
5013,JP,JP,NATU1,PETRO,0.08,0.0,0.0,0.0,0.0,0.0
1272,JP,JP,COMPU,INLAN,0.08,0.0,0.0,0.0,0.0,0.0
5464,JP,JP,PAPE4,MEAT1,0.08,0.0,0.0,0.0,0.0,0.0
6840,JP,JP,RUBBE,WHEAT,0.08,0.0,0.0,0.0,0.0,0.0
4696,JP,JP,MEDIC,COPP1,0.07,0.0,0.0,0.0,0.0,0.0
557,JP,JP,BIOG1,RETAI,0.07,0.0,0.0,0.0,0.0,0.0
1219,JP,JP,COMPU,ANIMA,0.07,0.0,0.0,0.0,0.0,0.0
2610,JP,JP,ELEC5,PREC1,0.07,0.0,0.0,0.0,0.0,0.0
4995,JP,JP,NAPHT,WHITE,0.07,0.0,0.0,0.0,0.0,0.0
791,JP,JP,BUSIN,MEATA,0.07,0.0,0.0,0.0,0.0,0.0
3285,JP,JP,FOOD4,CATTL,0.07,0.0,0.0,0.0,0.0,0.0
5579,JP,JP,PARAF,REFIN,0.07,0.0,0.0,0.0,0.0,0.0
6808,JP,JP,RUBBE,PLANT,0.07,0.0,0.0,0.0,0.0,0.0
3206,JP,JP,FINAN,REFIN,0.08,0.0,0.0,0.0,0.0,0.0
5711,JP,JP,PLAST,PRIVA,0.08,0.0,0.0,0.0,0.0,0.0
585,JP,JP,BITU1,DIST1,0.08,0.0,0.0,0.0,0.0,0.0
1931,JP,JP,ELE11,RAWMI,0.08,0.0,0.0,0.0,0.0,0.0
1937,JP,JP,ELE11,RETAI,0.08,0.0,0.0,0.0,0.0,0.0
1353,JP,JP,CONST,BIODI,0.08,0.0,0.0,0.0,0.0,0.0
4636,JP,JP,LUBRI,SUGAR,0.08,0.0,0.0,0.0,0.0,0.0
4397,JP,JP,LEATH,BIOG1,0.08,0.0,0.0,0.0,0.0,0.0
4237,JP,JP,LANDT,BIODI,0.05,0.0,0.0,0.0,0.0,0.0
6932,JP,JP,SEACO,LEAD1,0.05,0.0,0.0,0.0,0.0,0.0
5159,JP,JP,NONF1,HEAVY,0.05,0.0,0.0,0.0,0.0,0.0
6002,JP,JP,PROCE,GLASS,0.03,0.0,0.0,0.0,0.0,0.0
4410,JP,JP,LEATH,CROPS,0.03,0.0,0.0,0.0,0.0,0.0
7092,JP,JP,SUGA1,MEAT4,0.03,0.0,0.0,0.0,0.0,0.0
2534,JP,JP,ELEC4,WHITE,0.03,0.0,0.0,0.0,0.0,0.0
5471,JP,JP,PAPE4,TRAN2,0.03,0.0,0.0,0.0,0.0,0.0
6390,JP,JP,RECRE,NATU1,0.03,0.0,0.0,0.0,0.0,0.0
3910,JP,JP,INLAN,POSTT,0.03,0.0,0.0,0.0,0.0,0.0
2897,JP,JP,ELEC8,WHITE,0.03,0.0,0.0,0.0,0.0,0.0
5834,JP,JP,POSTT,SUGA1,0.03,0.0,0.0,0.0,0.0,0.0
670,JP,JP,BLAST,KEROS,0.03,0.0,0.0,0.0,0.0,0.0
1586,JP,JP,DIST1,FISHF,0.03,0.0,0.0,0.0,0.0,0.0
1621,JP,JP,DIST1,PLANT,0.03,0.0,0.0,0.0,0.0,0.0
3908,JP,JP,INLAN,OFFIC,0.03,0.0,0.0,0.0,0.0,0.0
5874,JP,JP,PRINT,ANIMA,0.03,0.0,0.0,0.0,0.0,0.0
1907,JP,JP,ELE11,NATU1,0.03,0.0,0.0,0.0,0.0,0.0
247,JP,JP,ALUM1,CROPS,0.03,0.0,0.0,0.0,0.0,0.0
3282,JP,JP,FOOD3,TRAN2,0.03,0.0,0.0,0.0,0.0,0.0
953,JP,JP,CHEM1,BIOGA,0.03,0.0,0.0,0.0,0.0,0.0
2260,JP,JP,ELEC2,NUCLE,0.03,0.0,0.0,0.0,0.0,0.0
1188,JP,JP,COKEO,ELE11,0.03,0.0,0.0,0.0,0.0,0.0
2850,JP,JP,ELEC8,OILSE,0.03,0.0,0.0,0.0,0.0,0.0
3117,JP,JP,FINAN,CHARC,0.03,0.0,0.0,0.0,0.0,0.0
2088,JP,JP,ELEC1,CEREA,0.03,0.0,0.0,0.0,0.0,0.0
1661,JP,JP,DISTR,BIODI,0.03,0.0,0.0,0.0,0.0,0.0
4310,JP,JP,LANDT,NUCLE,0.03,0.0,0.0,0.0,0.0,0.0
3926,JP,JP,INLAN,WEARI,0.03,0.0,0.0,0.0,0.0,0.0
2973,JP,JP,ELECT,WOOLS,0.03,0.0,0.0,0.0,0.0,0.0
1921,JP,JP,ELE11,POULT,0.03,0.0,0.0,0.0,0.0,0.0
1120,JP,JP,COKE1,CRUDE,0.03,0.0,0.0,0.0,0.0,0.0
3880,JP,JP,INERT,POULT,0.03,0.0,0.0,0.0,0.0,0.0
7496,JP,JP,WASTE,FISHF,0.03,0.0,0.0,0.0,0.0,0.0
5563,JP,JP,PARAF,BITUM,0.03,0.0,0.0,0.0,0.0,0.0
7058,JP,JP,STEAM,SUGA1,0.03,0.0,0.0,0.0,0.0,0.0
1719,JP,JP,DISTR,PLANT,0.03,0.0,0.0,0.0,0.0,0.0
5160,JP,JP,NONF1,KERO1,0.03,0.0,0.0,0.0,0.0,0.0
5191,JP,JP,NONFE,LIQUE,0.03,0.0,0.0,0.0,0.0,0.0
4706,JP,JP,MEDIC,INLAN,0.03,0.0,0.0,0.0,0.0,0.0
925,JP,JP,CERAM,RECRE,0.03,0.0,0.0,0.0,0.0,0.0
5635,JP,JP,PFERT,PRIVA,0.03,0.0,0.0,0.0,0.0,0.0
2488,JP,JP,ELEC4,OILSE,0.03,0.0,0.0,0.0,0.0,0.0
657,JP,JP,BLAST,ELEC1,0.03,0.0,0.0,0.0,0.0,0.0
1941,JP,JP,ELE11,SEACO,0.03,0.0,0.0,0.0,0.0,0.0
4388,JP,JP,LEAD1,SANDC,0.03,0.0,0.0,0.0,0.0,0.0
1470,JP,JP,CROPS,93197,0.03,0.0,0.0,0.0,0.0,0.0
1345,JP,JP,COMPU,WHITE,0.03,0.0,0.0,0.0,0.0,0.0
3479,JP,JP,FURNI,MEAT4,0.03,0.0,0.0,0.0,0.0,0.0
7467,JP,JP,VEGE1,SANDC,0.03,0.0,0.0,0.0,0.0,0.0
2144,JP,JP,ELEC1,NUCLE,0.03,0.0,0.0,0.0,0.0,0.0
6457,JP,JP,REFIN,BIOG1,0.03,0.0,0.0,0.0,0.0,0.0
7503,JP,JP,WASTE,NFERT,0.03,0.0,0.0,0.0,0.0,0.0
416,JP,JP,AUXIL,REFIN,0.03,0.0,0.0,0.0,0.0,0.0
1544,JP,JP,DAIRY,SANDC,0.03,0.0,0.0,0.0,0.0,0.0
270,JP,JP,ALUM1,PFERT,0.03,0.0,0.0,0.0,0.0,0.0
880,JP,JP,CEMEN,MOTOR,0.03,0.0,0.0,0.0,0.0,0.0
7571,JP,JP,WEARI,LIQUE,0.03,0.0,0.0,0.0,0.0,0.0
3253,JP,JP,FISHF,GLASS,0.03,0.0,0.0,0.0,0.0,0.0
7414,JP,JP,TRAN2,OXYGE,0.03,0.0,0.0,0.0,0.0,0.0
2025,JP,JP,ELE12,OILSE,0.03,0.0,0.0,0.0,0.0,0.0
7676,JP,JP,WOOD1,INLAN,0.03,0.0,0.0,0.0,0.0,0.0
7580,JP,JP,WEARI,MOTOR,0.03,0.0,0.0,0.0,0.0,0.0
4477,JP,JP,LEATH,TRAN1,0.03,0.0,0.0,0.0,0.0,0.0
6203,JP,JP,RAILW,SUGA1,0.03,0.0,0.0,0.0,0.0,0.0
4441,JP,JP,LEATH,MEATP,0.03,0.0,0.0,0.0,0.0,0.0
7125,JP,JP,SUPPO,CEREA,0.03,0.0,0.0,0.0,0.0,0.0
6720,JP,JP,RETA1,SUGA1,0.03,0.0,0.0,0.0,0.0,0.0
5616,JP,JP,PFERT,KEROS,0.03,0.0,0.0,0.0,0.0,0.0
4156,JP,JP,KERO1,NATU1,0.03,0.0,0.0,0.0,0.0,0.0
7039,JP,JP,STEAM,NATU1,0.03,0.0,0.0,0.0,0.0,0.0
7327,JP,JP,TRAN1,CEREA,0.03,0.0,0.0,0.0,0.0,0.0
669,JP,JP,BLAST,KERO1,0.03,0.0,0.0,0.0,0.0,0.0
5516,JP,JP,PAPER,MEATA,0.03,0.0,0.0,0.0,0.0,0.0
5027,JP,JP,NATUR,COALT,0.03,0.0,0.0,0.0,0.0,0.0
2799,JP,JP,ELEC8,COKE1,0.03,0.0,0.0,0.0,0.0,0.0
5685,JP,JP,PLAS2,LEAD1,0.03,0.0,0.0,0.0,0.0,0.0
3936,JP,JP,INSUR,BIOG1,0.03,0.0,0.0,0.0,0.0,0.0
3675,JP,JP,GLASS,INLAN,0.03,0.0,0.0,0.0,0.0,0.0
533,JP,JP,BIOG1,LEATH,0.03,0.0,0.0,0.0,0.0,0.0
2523,JP,JP,ELEC4,SUGAR,0.03,0.0,0.0,0.0,0.0,0.0
2886,JP,JP,ELEC8,SUGAR,0.03,0.0,0.0,0.0,0.0,0.0
1308,JP,JP,COMPU,PLANT,0.03,0.0,0.0,0.0,0.0,0.0
5138,JP,JP,NONF1,COALT,0.03,0.0,0.0,0.0,0.0,0.0
3268,JP,JP,FOOD3,ELE12,0.03,0.0,0.0,0.0,0.0,0.0
1864,JP,JP,ELE11,COKE1,0.03,0.0,0.0,0.0,0.0,0.0
4060,JP,JP,INTER,BITUM,0.03,0.0,0.0,0.0,0.0,0.0
2355,JP,JP,ELEC3,MEAT4,0.03,0.0,0.0,0.0,0.0,0.0
4073,JP,JP,INTER,NFERT,0.03,0.0,0.0,0.0,0.0,0.0
6067,JP,JP,RADIO,LUBRI,0.03,0.0,0.0,0.0,0.0,0.0
534,JP,JP,BIOG1,MEATC,0.03,0.0,0.0,0.0,0.0,0.0
7051,JP,JP,STEAM,REFI1,0.03,0.0,0.0,0.0,0.0,0.0
6984,JP,JP,SECO9,CEREA,0.03,0.0,0.0,0.0,0.0,0.0
3658,JP,JP,GLASS,CHARC,0.03,0.0,0.0,0.0,0.0,0.0
2773,JP,JP,ELEC7,RESEA,0.03,0.0,0.0,0.0,0.0,0.0
6288,JP,JP,REALE,NONSP,0.03,0.0,0.0,0.0,0.0,0.0
1429,JP,JP,CONST,PLANT,0.03,0.0,0.0,0.0,0.0,0.0
7495,JP,JP,WASTE,ELEC6,0.03,0.0,0.0,0.0,0.0,0.0
5121,JP,JP,NFERT,REALE,0.03,0.0,0.0,0.0,0.0,0.0
5880,JP,JP,PRINT,BITU1,0.03,0.0,0.0,0.0,0.0,0.0
3705,JP,JP,GLASS,SUPPO,0.03,0.0,0.0,0.0,0.0,0.0
454,JP,JP,BASIC,CROPS,0.03,0.0,0.0,0.0,0.0,0.0
4647,JP,JP,MEAT1,GLASS,0.03,0.0,0.0,0.0,0.0,0.0
7009,JP,JP,STEAM,COPP1,0.03,0.0,0.0,0.0,0.0,0.0
3291,JP,JP,FOOD4,FISHF,0.03,0.0,0.0,0.0,0.0,0.0
3297,JP,JP,FOOD4,PADDY,0.03,0.0,0.0,0.0,0.0,0.0
3061,JP,JP,FABRI,PETRO,0.03,0.0,0.0,0.0,0.0,0.0
5591,JP,JP,PFERT,CHARC,0.03,0.0,0.0,0.0,0.0,0.0
3885,JP,JP,INERT,TRAN2,0.03,0.0,0.0,0.0,0.0,0.0
612,JP,JP,BITU1,NFERT,0.03,0.0,0.0,0.0,0.0,0.0
210,JP,JP,AIRTR,PRIVA,0.03,0.0,0.0,0.0,0.0,0.0
5100,JP,JP,NFERT,GASDI,0.03,0.0,0.0,0.0,0.0,0.0
5678,JP,JP,PLAS2,CATTL,0.02,0.0,0.0,0.0,0.0,0.0
1763,JP,JP,EDUCA,COALT,0.02,0.0,0.0,0.0,0.0,0.0
4021,JP,JP,INSUR,POULT,0.02,0.0,0.0,0.0,0.0,0.0
7558,JP,JP,WEARI,GASDI,0.02,0.0,0.0,0.0,0.0,0.0
245,JP,JP,ALUM1,COALT,0.02,0.0,0.0,0.0,0.0,0.0
3060,JP,JP,FABRI,PARAF,0.02,0.0,0.0,0.0,0.0,0.0
1922,JP,JP,ELE11,PREC1,0.02,0.0,0.0,0.0,0.0,0.0
1811,JP,JP,EDUCA,NFERT,0.02,0.0,0.0,0.0,0.0,0.0
2600,JP,JP,ELEC5,NONSP,0.02,0.0,0.0,0.0,0.0,0.0
7030,JP,JP,STEAM,LUBRI,0.02,0.0,0.0,0.0,0.0,0.0
7665,JP,JP,WHITE,REFI1,0.02,0.0,0.0,0.0,0.0,0.0
4561,JP,JP,LIQUE,PRIVA,0.03,0.0,0.0,0.0,0.0,0.0
3424,JP,JP,FURNI,BIOG1,0.03,0.0,0.0,0.0,0.0,0.0
6976,JP,JP,SEACO,TOBAC,0.03,0.0,0.0,0.0,0.0,0.0
3889,JP,JP,INLAN,BUSIN,0.03,0.0,0.0,0.0,0.0,0.0
5388,JP,JP,OXYGE,GASDI,0.03,0.0,0.0,0.0,0.0,0.0
1869,JP,JP,ELE11,CROPS,0.03,0.0,0.0,0.0,0.0,0.0
5689,JP,JP,PLAS2,POULT,0.03,0.0,0.0,0.0,0.0,0.0
6090,JP,JP,RADIO,REFI1,0.03,0.0,0.0,0.0,0.0,0.0
5161,JP,JP,NONF1,KEROS,0.03,0.0,0.0,0.0,0.0,0.0
5486,JP,JP,PAPER,CEREA,0.03,0.0,0.0,0.0,0.0,0.0
2309,JP,JP,ELEC3,AUXIL,0.03,0.0,0.0,0.0,0.0,0.0
6433,JP,JP,RECRE,VEGE1,0.03,0.0,0.0,0.0,0.0,0.0
4069,JP,JP,INTER,FORES,0.03,0.0,0.0,0.0,0.0,0.0
4864,JP,JP,MEMBE,WOOLS,0.03,0.0,0.0,0.0,0.0,0.0
1855,JP,JP,ELE11,BLAST,0.03,0.0,0.0,0.0,0.0,0.0
4018,JP,JP,INSUR,PLANT,0.03,0.0,0.0,0.0,0.0,0.0
3924,JP,JP,INLAN,TEXTI,0.03,0.0,0.0,0.0,0.0,0.0
6710,JP,JP,RETA1,REFIN,0.03,0.0,0.0,0.0,0.0,0.0
6226,JP,JP,REALE,BIODI,0.03,0.0,0.0,0.0,0.0,0.0
4248,JP,JP,LANDT,CHARC,0.03,0.0,0.0,0.0,0.0,0.0
7099,JP,JP,SUGA1,SANDC,0.03,0.0,0.0,0.0,0.0,0.0
6440,JP,JP,REFI1,CHEMI,0.03,0.0,0.0,0.0,0.0,0.0
2533,JP,JP,ELEC4,WHEAT,0.03,0.0,0.0,0.0,0.0,0.0
6897,JP,JP,SEACO,BITU1,0.03,0.0,0.0,0.0,0.0,0.0
3861,JP,JP,INERT,CATTL,0.03,0.0,0.0,0.0,0.0,0.0
2896,JP,JP,ELEC8,WHEAT,0.03,0.0,0.0,0.0,0.0,0.0
1058,JP,JP,CHEM1,WOOLS,0.03,0.0,0.0,0.0,0.0,0.0
7232,JP,JP,TEXT1,INLAN,0.03,0.0,0.0,0.0,0.0,0.0
7748,JP,JP,WOODW,OILSE,0.03,0.0,0.0,0.0,0.0,0.0
5215,JP,JP,NONME,COKE1,0.03,0.0,0.0,0.0,0.0,0.0
6426,JP,JP,RECRE,SUGAR,0.03,0.0,0.0,0.0,0.0,0.0
5672,JP,JP,PLAS1,INLAN,0.03,0.0,0.0,0.0,0.0,0.0
7491,JP,JP,WASTE,CRUDE,0.03,0.0,0.0,0.0,0.0,0.0
2202,JP,JP,ELEC2,BIODI,0.03,0.0,0.0,0.0,0.0,0.0
7463,JP,JP,VEGE1,PFERT,0.03,0.0,0.0,0.0,0.0,0.0
2048,JP,JP,ELE12,REFIN,0.03,0.0,0.0,0.0,0.0,0.0
6990,JP,JP,SECO9,OILSE,0.03,0.0,0.0,0.0,0.0,0.0
5330,JP,JP,NONSP,PLAST,0.03,0.0,0.0,0.0,0.0,0.0
7494,JP,JP,WASTE,ELEC5,0.03,0.0,0.0,0.0,0.0,0.0
3900,JP,JP,INLAN,HEALT,0.03,0.0,0.0,0.0,0.0,0.0
5346,JP,JP,OILHA,CROPS,0.03,0.0,0.0,0.0,0.0,0.0
2552,JP,JP,ELEC5,COALT,0.03,0.0,0.0,0.0,0.0,0.0
5164,JP,JP,NONF1,LIQUE,0.03,0.0,0.0,0.0,0.0,0.0
4418,JP,JP,LEATH,ELEC3,0.03,0.0,0.0,0.0,0.0,0.0
1540,JP,JP,DAIRY,PFERT,0.03,0.0,0.0,0.0,0.0,0.0
2267,JP,JP,ELEC2,PLANT,0.03,0.0,0.0,0.0,0.0,0.0
4719,JP,JP,MEDIC,OILSE,0.03,0.0,0.0,0.0,0.0,0.0
7672,JP,JP,WOOD1,CROPS,0.03,0.0,0.0,0.0,0.0,0.0
2789,JP,JP,ELEC8,BLAST,0.03,0.0,0.0,0.0,0.0,0.0
475,JP,JP,BASIC,PIGS9,0.03,0.0,0.0,0.0,0.0,0.0
5615,JP,JP,PFERT,KERO1,0.03,0.0,0.0,0.0,0.0,0.0
3313,JP,JP,FOOD5,COMPU,0.05,0.0,0.0,0.0,0.0,0.0
3809,JP,JP,HEAVY,NATU1,0.04,0.0,0.0,0.0,0.0,0.0
6570,JP,JP,RESEA,NUCLE,0.04,0.0,0.0,0.0,0.0,0.0
650,JP,JP,BLAST,COALT,0.04,0.0,0.0,0.0,0.0,0.0
3273,JP,JP,FOOD3,LEAD1,0.04,0.0,0.0,0.0,0.0,0.0
4744,JP,JP,MEMBE,BIOG1,0.04,0.0,0.0,0.0,0.0,0.0
5463,JP,JP,PAPE4,LEAD1,0.04,0.0,0.0,0.0,0.0,0.0
7446,JP,JP,VEGE1,FURNI,0.04,0.0,0.0,0.0,0.0,0.0
1305,JP,JP,COMPU,PETRO,0.04,0.0,0.0,0.0,0.0,0.0
2210,JP,JP,ELEC2,CEREA,0.04,0.0,0.0,0.0,0.0,0.0
3882,JP,JP,INERT,RAWMI,0.04,0.0,0.0,0.0,0.0,0.0
7595,JP,JP,WEARI,PLANT,0.05,0.0,0.0,0.0,0.0,0.0
6438,JP,JP,REFI1,AVIAT,0.04,0.0,0.0,0.0,0.0,0.0
7459,JP,JP,VEGE1,MEATP,0.04,0.0,0.0,0.0,0.0,0.0
5118,JP,JP,NFERT,PRINT,0.04,0.0,0.0,0.0,0.0,0.0
5110,JP,JP,NFERT,NONF1,0.04,0.0,0.0,0.0,0.0,0.0
7215,JP,JP,SUPPO,SUGAR,0.04,0.0,0.0,0.0,0.0,0.0
4809,JP,JP,MEMBE,NATU1,0.04,0.0,0.0,0.0,0.0,0.0
7471,JP,JP,VEGET,ANIMA,0.04,0.0,0.0,0.0,0.0,0.0
5667,JP,JP,PLAS1,BITUM,0.04,0.0,0.0,0.0,0.0,0.0
5124,JP,JP,NFERT,SANDC,0.04,0.0,0.0,0.0,0.0,0.0
5085,JP,JP,NFERT,COKE1,0.04,0.0,0.0,0.0,0.0,0.0
4360,JP,JP,LANDT,WOOLS,0.04,0.0,0.0,0.0,0.0,0.0
6238,JP,JP,REALE,COALT,0.04,0.0,0.0,0.0,0.0,0.0
3287,JP,JP,FOOD4,CRUDE,0.04,0.0,0.0,0.0,0.0,0.0
646,JP,JP,BLAST,BRICK,0.04,0.0,0.0,0.0,0.0,0.0
5860,JP,JP,POULT,PIGS9,0.04,0.0,0.0,0.0,0.0,0.0
1362,JP,JP,CONST,CHARC,0.04,0.0,0.0,0.0,0.0,0.0
445,JP,JP,AVIAT,TRANS,0.04,0.0,0.0,0.0,0.0,0.0
3661,JP,JP,GLASS,COMPU,0.04,0.0,0.0,0.0,0.0,0.0
743,JP,JP,BUSIN,CEREA,0.04,0.0,0.0,0.0,0.0,0.0
3300,JP,JP,FOOD4,RETAI,0.04,0.0,0.0,0.0,0.0,0.0
1461,JP,JP,CONST,WOOLS,0.04,0.0,0.0,0.0,0.0,0.0
3289,JP,JP,FOOD4,ELEC5,0.04,0.0,0.0,0.0,0.0,0.0
3660,JP,JP,GLASS,COKEO,0.04,0.0,0.0,0.0,0.0,0.0
7110,JP,JP,SUPPO,93197,0.04,0.0,0.0,0.0,0.0,0.0
5120,JP,JP,NFERT,PULP5,0.04,0.0,0.0,0.0,0.0,0.0
1845,JP,JP,EDUCA,WEARI,0.04,0.0,0.0,0.0,0.0,0.0
7616,JP,JP,WEARI,SUGA1,0.04,0.0,0.0,0.0,0.0,0.0
897,JP,JP,CERAM,BLAST,0.04,0.0,0.0,0.0,0.0,0.0
5651,JP,JP,PFERT,WOOLS,0.04,0.0,0.0,0.0,0.0,0.0
5850,JP,JP,POULT,CATTL,0.05,0.0,0.0,0.0,0.0,0.0
7053,JP,JP,STEAM,RETAI,0.05,0.0,0.0,0.0,0.0,0.0
1144,JP,JP,COKE1,NFERT,0.04,0.0,0.0,0.0,0.0,0.0
5472,JP,JP,PAPE4,VEGE1,0.05,0.0,0.0,0.0,0.0,0.0
4639,JP,JP,LUBRI,WHEAT,0.05,0.0,0.0,0.0,0.0,0.0
4382,JP,JP,LEAD1,PFERT,0.05,0.0,0.0,0.0,0.0,0.0
4735,JP,JP,MEDIC,WHEAT,0.05,0.0,0.0,0.0,0.0,0.0
671,JP,JP,BLAST,LEAD1,0.05,0.0,0.0,0.0,0.0,0.0
7321,JP,JP,TRAN1,BIOG1,0.05,0.0,0.0,0.0,0.0,0.0
7505,JP,JP,WASTE,PIGS9,0.05,0.0,0.0,0.0,0.0,0.0
1669,JP,JP,DISTR,CEREA,0.05,0.0,0.0,0.0,0.0,0.0
3279,JP,JP,FOOD3,RAWMI,0.05,0.0,0.0,0.0,0.0,0.0
5586,JP,JP,PFERT,BIODI,0.05,0.0,0.0,0.0,0.0,0.0
7508,JP,JP,WASTE,RETAI,0.05,0.0,0.0,0.0,0.0,0.0
7633,JP,JP,WHEAT,POULT,0.05,0.0,0.0,0.0,0.0,0.0
7452,JP,JP,VEGE1,KERO1,0.05,0.0,0.0,0.0,0.0,0.0
1951,JP,JP,ELE11,VEGE1,0.05,0.0,0.0,0.0,0.0,0.0
6687,JP,JP,RETA1,NONSP,0.05,0.0,0.0,0.0,0.0,0.0
4014,JP,JP,INSUR,PARAF,0.05,0.0,0.0,0.0,0.0,0.0
7697,JP,JP,WOODW,AIRTR,0.05,0.0,0.0,0.0,0.0,0.0
4708,JP,JP,MEDIC,LEAD1,0.05,0.0,0.0,0.0,0.0,0.0
2566,JP,JP,ELEC5,FISHF,0.05,0.0,0.0,0.0,0.0,0.0
5466,JP,JP,PAPE4,PADDY,0.05,0.0,0.0,0.0,0.0,0.0
7675,JP,JP,WOOD1,FORES,0.05,0.0,0.0,0.0,0.0,0.0
6718,JP,JP,RETA1,STEAM,0.05,0.0,0.0,0.0,0.0,0.0
3654,JP,JP,GLASS,BIODI,0.05,0.0,0.0,0.0,0.0,0.0
1830,JP,JP,EDUCA,RESEA,0.05,0.0,0.0,0.0,0.0,0.0
6166,JP,JP,RAILW,NFERT,0.05,0.0,0.0,0.0,0.0,0.0
6045,JP,JP,RADIO,ELE12,0.05,0.0,0.0,0.0,0.0,0.0
157,JP,JP,AIRTR,ELEC6,0.05,0.0,0.0,0.0,0.0,0.0
3298,JP,JP,FOOD4,PIGS9,0.05,0.0,0.0,0.0,0.0,0.0
4439,JP,JP,LEATH,MEAT1,0.05,0.0,0.0,0.0,0.0,0.0
3551,JP,JP,GASDI,CHARC,0.05,0.0,0.0,0.0,0.0,0.0
5132,JP,JP,NFERT,WOODW,0.05,0.0,0.0,0.0,0.0,0.0
6289,JP,JP,REALE,OILSE,0.05,0.0,0.0,0.0,0.0,0.0
4538,JP,JP,LIQUE,MEATC,0.05,0.0,0.0,0.0,0.0,0.0
5458,JP,JP,PAPE4,ELE12,0.05,0.0,0.0,0.0,0.0,0.0
6086,JP,JP,RADIO,PULP5,0.05,0.0,0.0,0.0,0.0,0.0
5352,JP,JP,OILHA,FORES,0.05,0.0,0.0,0.0,0.0,0.0
2023,JP,JP,ELE12,NONSP,0.05,0.0,0.0,0.0,0.0,0.0
6858,JP,JP,SALEM,PIGS9,0.05,0.0,0.0,0.0,0.0,0.0
7453,JP,JP,VEGE1,KEROS,0.05,0.0,0.0,0.0,0.0,0.0
7229,JP,JP,TEXT1,BITUM,0.05,0.0,0.0,0.0,0.0,0.0
2855,JP,JP,ELEC8,PETRO,0.04,0.0,0.0,0.0,0.0,0.0
2492,JP,JP,ELEC4,PETRO,0.04,0.0,0.0,0.0,0.0,0.0
596,JP,JP,BITU1,FABRI,0.03,0.0,0.0,0.0,0.0,0.0
1115,JP,JP,COKE1,COALT,0.04,0.0,0.0,0.0,0.0,0.0
3870,JP,JP,INERT,LEAD1,0.04,0.0,0.0,0.0,0.0,0.0
278,JP,JP,ALUM1,SANDC,0.04,0.0,0.0,0.0,0.0,0.0
2540,JP,JP,ELEC5,ANIMA,0.04,0.0,0.0,0.0,0.0,0.0
7741,JP,JP,WOODW,NATU1,0.04,0.0,0.0,0.0,0.0,0.0
5468,JP,JP,PAPE4,POULT,0.04,0.0,0.0,0.0,0.0,0.0
6859,JP,JP,SALEM,POSTT,0.04,0.0,0.0,0.0,0.0,0.0
6381,JP,JP,RECRE,LUBRI,0.04,0.0,0.0,0.0,0.0,0.0
5229,JP,JP,NONME,ELEC5,0.04,0.0,0.0,0.0,0.0,0.0
3256,JP,JP,FISHF,NFERT,0.04,0.0,0.0,0.0,0.0,0.0
1882,JP,JP,ELE11,FORES,0.04,0.0,0.0,0.0,0.0,0.0
7774,JP,JP,WOODW,TRAN2,0.04,0.0,0.0,0.0,0.0,0.0
5722,JP,JP,POSTT,ANIMA,0.04,0.0,0.0,0.0,0.0,0.0
5048,JP,JP,NATUR,LUBRI,0.04,0.0,0.0,0.0,0.0,0.0
6384,JP,JP,RECRE,MEATP,0.04,0.0,0.0,0.0,0.0,0.0
6228,JP,JP,REALE,BITU1,0.04,0.0,0.0,0.0,0.0,0.0
3278,JP,JP,FOOD3,POULT,0.04,0.0,0.0,0.0,0.0,0.0
5082,JP,JP,NFERT,BLAST,0.04,0.0,0.0,0.0,0.0,0.0
6416,JP,JP,RECRE,REFI1,0.04,0.0,0.0,0.0,0.0,0.0
2544,JP,JP,ELEC5,BITU1,0.04,0.0,0.0,0.0,0.0,0.0
5169,JP,JP,NONF1,NAPHT,0.04,0.0,0.0,0.0,0.0,0.0
4588,JP,JP,LUBRI,BITUM,0.04,0.0,0.0,0.0,0.0,0.0
4064,JP,JP,INTER,ELE11,0.04,0.0,0.0,0.0,0.0,0.0
1755,JP,JP,EDUCA,BITU1,0.03,0.0,0.0,0.0,0.0,0.0
5404,JP,JP,OXYGE,NATUR,0.03,0.0,0.0,0.0,0.0,0.0
376,JP,JP,AUXIL,MEATA,0.03,0.0,0.0,0.0,0.0,0.0
77,JP,JP,93197,NONSP,0.03,0.0,0.0,0.0,0.0,0.0
5402,JP,JP,OXYGE,MOTOR,0.03,0.0,0.0,0.0,0.0,0.0
3865,JP,JP,INERT,ELE12,0.03,0.0,0.0,0.0,0.0,0.0
1314,JP,JP,COMPU,PRIVA,0.03,0.0,0.0,0.0,0.0,0.0
5107,JP,JP,NFERT,MOTOR,0.03,0.0,0.0,0.0,0.0,0.0
200,JP,JP,AIRTR,OXYGE,0.04,0.0,0.0,0.0,0.0,0.0
6822,JP,JP,RUBBE,REFIN,0.04,0.0,0.0,0.0,0.0,0.0
1673,JP,JP,DISTR,COALT,0.04,0.0,0.0,0.0,0.0,0.0
5671,JP,JP,PLAS1,FORES,0.04,0.0,0.0,0.0,0.0,0.0
5646,JP,JP,PFERT,TRAN1,0.04,0.0,0.0,0.0,0.0,0.0
6338,JP,JP,RECRE,CEREA,0.04,0.0,0.0,0.0,0.0,0.0
2927,JP,JP,ELECT,ELEC7,0.04,0.0,0.0,0.0,0.0,0.0
6868,JP,JP,SALEM,WHEAT,0.04,0.0,0.0,0.0,0.0,0.0
6351,JP,JP,RECRE,DISTR,0.04,0.0,0.0,0.0,0.0,0.0
1382,JP,JP,CONST,ELEC7,0.04,0.0,0.0,0.0,0.0,0.0
4068,JP,JP,INTER,FISHF,0.04,0.0,0.0,0.0,0.0,0.0
1304,JP,JP,COMPU,PARAF,0.04,0.0,0.0,0.0,0.0,0.0
7574,JP,JP,WEARI,MEATA,0.04,0.0,0.0,0.0,0.0,0.0
3677,JP,JP,GLASS,LEATH,0.04,0.0,0.0,0.0,0.0,0.0
5606,JP,JP,PFERT,ELEC6,0.04,0.0,0.0,0.0,0.0,0.0
5418,JP,JP,OXYGE,PULP5,0.04,0.0,0.0,0.0,0.0,0.0
3241,JP,JP,FISH5,MEAT4,0.04,0.0,0.0,0.0,0.0,0.0
4043,JP,JP,INSUR,SUGA1,0.04,0.0,0.0,0.0,0.0,0.0
654,JP,JP,BLAST,CRUDE,0.04,0.0,0.0,0.0,0.0,0.0
3283,JP,JP,FOOD3,VEGE1,0.04,0.0,0.0,0.0,0.0,0.0
5693,JP,JP,PLAST,BIODI,0.04,0.0,0.0,0.0,0.0,0.0
5105,JP,JP,NFERT,LIQUE,0.04,0.0,0.0,0.0,0.0,0.0
4841,JP,JP,MEMBE,REFIN,0.04,0.0,0.0,0.0,0.0,0.0
4541,JP,JP,LIQUE,MEMBE,0.04,0.0,0.0,0.0,0.0,0.0
3901,JP,JP,INLAN,HOTEL,0.04,0.0,0.0,0.0,0.0,0.0
4557,JP,JP,LIQUE,POSTT,0.04,0.0,0.0,0.0,0.0,0.0
2522,JP,JP,ELEC4,SUGA1,0.04,0.0,0.0,0.0,0.0,0.0
5622,JP,JP,PFERT,NAPHT,0.04,0.0,0.0,0.0,0.0,0.0
2885,JP,JP,ELEC8,SUGA1,0.04,0.0,0.0,0.0,0.0,0.0
3290,JP,JP,FOOD4,ELEC6,0.04,0.0,0.0,0.0,0.0,0.0
6498,JP,JP,RESEA,BIOGA,0.04,0.0,0.0,0.0,0.0,0.0
5638,JP,JP,PFERT,RAWMI,0.04,0.0,0.0,0.0,0.0,0.0
326,JP,JP,AUXIL,CHARC,0.04,0.0,0.0,0.0,0.0,0.0
569,JP,JP,BIOG1,WOODW,0.04,0.0,0.0,0.0,0.0,0.0
4055,JP,JP,INSUR,WHITE,0.04,0.0,0.0,0.0,0.0,0.0
3886,JP,JP,INERT,VEGE1,0.04,0.0,0.0,0.0,0.0,0.0
7122,JP,JP,SUPPO,CATTL,0.04,0.0,0.0,0.0,0.0,0.0
5069,JP,JP,NATUR,REFI1,0.04,0.0,0.0,0.0,0.0,0.0
7504,JP,JP,WASTE,PADDY,0.04,0.0,0.0,0.0,0.0,0.0
7590,JP,JP,WEARI,OXYGE,0.04,0.0,0.0,0.0,0.0,0.0
2491,JP,JP,ELEC4,PARAF,0.04,0.0,0.0,0.0,0.0,0.0
1098,JP,JP,COALT,SANDC,0.04,0.0,0.0,0.0,0.0,0.0
2232,JP,JP,ELEC2,FOOD5,0.04,0.0,0.0,0.0,0.0,0.0
681,JP,JP,BLAST,NAPHT,0.04,0.0,0.0,0.0,0.0,0.0
2854,JP,JP,ELEC8,PARAF,0.04,0.0,0.0,0.0,0.0,0.0
7017,JP,JP,STEAM,ELEC6,0.04,0.0,0.0,0.0,0.0,0.0
561,JP,JP,BIOG1,STONE,0.04,0.0,0.0,0.0,0.0,0.0
3264,JP,JP,FOOD3,CATTL,0.04,0.0,0.0,0.0,0.0,0.0
7541,JP,JP,WEARI,ELE11,0.04,0.0,0.0,0.0,0.0,0.0
4391,JP,JP,LEAD1,WOODW,0.04,0.0,0.0,0.0,0.0,0.0
5832,JP,JP,POSTT,STEAM,0.04,0.0,0.0,0.0,0.0,0.0
2056,JP,JP,ELE12,STEAM,0.04,0.0,0.0,0.0,0.0,0.0
5247,JP,JP,NONME,LEATH,0.93,0.0,0.0,0.0,0.0,0.0
6095,JP,JP,RADIO,SEACO,4.12,0.0,0.0,0.0,0.0,0.0
5029,JP,JP,NATUR,COKEO,0.93,0.0,0.0,0.0,0.0,0.0
4006,JP,JP,INSUR,NONFE,10.01,0.0,0.0,0.0,0.0,0.0
2189,JP,JP,ELEC1,VEGET,9.85,0.0,0.0,0.0,0.0,0.0
6674,JP,JP,RETA1,MEATC,9.85,0.0,0.0,0.0,0.0,0.0
41,JP,JP,93197,FABRI,9.89,0.0,0.0,0.0,0.0,0.0
3345,JP,JP,FOOD5,SUGA1,9.9,0.0,0.0,0.0,0.0,0.0
1843,JP,JP,EDUCA,TRANS,9.94,0.0,0.0,0.0,0.0,0.0
1513,JP,JP,CRUDE,MOTOR,9.99,0.0,0.0,0.0,0.0,0.0
4902,JP,JP,MOTOR,GLASS,10.0,0.0,0.0,0.0,0.0,0.0
5991,JP,JP,PRINT,VEGET,10.0,0.0,0.0,0.0,0.0,0.0
1986,JP,JP,ELE12,FABRI,10.03,0.0,0.0,0.0,0.0,0.0
6754,JP,JP,RUBBE,COKEO,9.84,0.0,0.0,0.0,0.0,0.0
691,JP,JP,BLAST,POSTT,10.04,0.0,0.0,0.0,0.0,0.0
6951,JP,JP,SEACO,OFFIC,10.08,0.0,0.0,0.0,0.0,0.0
5940,JP,JP,PRINT,MEMBE,10.09,0.0,0.0,0.0,0.0,0.0
2703,JP,JP,ELEC6,MOTOR,10.1,0.0,0.0,0.0,0.0,0.0
169,JP,JP,AIRTR,GLASS,10.1,0.0,0.0,0.0,0.0,0.0
5086,JP,JP,NFERT,CONST,10.11,0.0,0.0,0.0,0.0,0.0
7167,JP,JP,SUPPO,LEATH,10.15,0.0,0.0,0.0,0.0,0.0
2757,JP,JP,ELEC6,WEARI,10.16,0.0,0.0,0.0,0.0,0.0
3126,JP,JP,FINAN,CROPS,9.84,0.0,0.0,0.0,0.0,0.0
2296,JP,JP,ELEC2,TRAN2,9.84,0.0,0.0,0.0,0.0,0.0
1227,JP,JP,COMPU,BLAST,5.59,0.0,0.0,0.0,0.0,0.0
1371,JP,JP,CONST,CRUDE,9.67,0.0,0.0,0.0,0.0,0.0
4751,JP,JP,MEMBE,CEMEN,9.61,0.0,0.0,0.0,0.0,0.0
1935,JP,JP,ELE11,RESEA,9.62,0.0,0.0,0.0,0.0,0.0
3004,JP,JP,FABRI,DISTR,9.62,0.0,0.0,0.0,0.0,0.0
578,JP,JP,BITU1,CERAM,9.62,0.0,0.0,0.0,0.0,0.0
4828,JP,JP,MEMBE,POULT,9.63,0.0,0.0,0.0,0.0,0.0
4493,JP,JP,LIQUE,BLAST,9.64,0.0,0.0,0.0,0.0,0.0
4973,JP,JP,NAPHT,KERO1,9.64,0.0,0.0,0.0,0.0,0.0
717,JP,JP,BRICK,CERAM,9.65,0.0,0.0,0.0,0.0,0.0
7744,JP,JP,WOODW,NONF1,9.67,0.0,0.0,0.0,0.0,0.0
1688,JP,JP,DISTR,FISHF,9.82,0.0,0.0,0.0,0.0,0.0
2433,JP,JP,ELEC4,CERAM,9.67,0.0,0.0,0.0,0.0,0.0
30,JP,JP,93197,DISTR,9.68,0.0,0.0,0.0,0.0,0.0
4122,JP,JP,KERO1,ELEC6,9.69,0.0,0.0,0.0,0.0,0.0
6141,JP,JP,RAILW,GASDI,9.69,0.0,0.0,0.0,0.0,0.0
2794,JP,JP,ELEC8,CERAM,9.71,0.0,0.0,0.0,0.0,0.0
5764,JP,JP,POSTT,FISHF,9.74,0.0,0.0,0.0,0.0,0.0
659,JP,JP,BLAST,ELECT,9.75,0.0,0.0,0.0,0.0,0.0
1542,JP,JP,DAIRY,PUBLI,9.8,0.0,0.0,0.0,0.0,0.0
6926,JP,JP,SEACO,HOTEL,10.18,0.0,0.0,0.0,0.0,0.0
2368,JP,JP,ELEC3,NONME,10.19,0.0,0.0,0.0,0.0,0.0
4010,JP,JP,INSUR,OILSE,10.19,0.0,0.0,0.0,0.0,0.0
7050,JP,JP,STEAM,RADIO,10.57,0.0,0.0,0.0,0.0,0.0
4832,JP,JP,MEMBE,PROCE,10.44,0.0,0.0,0.0,0.0,0.0
6152,JP,JP,RAILW,LEATH,10.45,0.0,0.0,0.0,0.0,0.0
6207,JP,JP,RAILW,TRAN2,10.46,0.0,0.0,0.0,0.0,0.0
3958,JP,JP,INSUR,DIST1,10.49,0.0,0.0,0.0,0.0,0.0
7133,JP,JP,SUPPO,COPP1,10.5,0.0,0.0,0.0,0.0,0.0
3194,JP,JP,FINAN,POULT,10.5,0.0,0.0,0.0,0.0,0.0
356,JP,JP,AUXIL,FORES,10.51,0.0,0.0,0.0,0.0,0.0
3321,JP,JP,FOOD5,FURNI,10.55,0.0,0.0,0.0,0.0,0.0
6713,JP,JP,RETA1,RETAI,10.58,0.0,0.0,0.0,0.0,0.0
277,JP,JP,ALUM1,SALEM,10.2,0.0,0.0,0.0,0.0,0.0
5440,JP,JP,PADDY,FORES,10.6,0.0,0.0,0.0,0.0,0.0
7176,JP,JP,SUPPO,MEMBE,10.6,0.0,0.0,0.0,0.0,0.0
5361,JP,JP,OILSE,FOOD5,10.6,0.0,0.0,0.0,0.0,0.0
6118,JP,JP,RAILW,CEMEN,10.6,0.0,0.0,0.0,0.0,0.0
908,JP,JP,CERAM,FABRI,10.62,0.0,0.0,0.0,0.0,0.0
4424,JP,JP,LEATH,FABRI,10.64,0.0,0.0,0.0,0.0,0.0
3018,JP,JP,FABRI,FISHF,10.67,0.0,0.0,0.0,0.0,0.0
60,JP,JP,93197,LEATH,10.67,0.0,0.0,0.0,0.0,0.0
6797,JP,JP,RUBBE,NONFE,10.43,0.0,0.0,0.0,0.0,0.0
2132,JP,JP,ELEC1,MEDIC,10.41,0.0,0.0,0.0,0.0,0.0
3405,JP,JP,FOUND,NONME,10.41,0.0,0.0,0.0,0.0,0.0
2607,JP,JP,ELEC5,PLAST,10.41,0.0,0.0,0.0,0.0,0.0
215,JP,JP,AIRTR,REALE,10.21,0.0,0.0,0.0,0.0,0.0
7141,JP,JP,SUPPO,ELEC2,10.21,0.0,0.0,0.0,0.0,0.0
4166,JP,JP,KERO1,PAPER,10.24,0.0,0.0,0.0,0.0,0.0
3831,JP,JP,HEAVY,PUBLI,10.26,0.0,0.0,0.0,0.0,0.0
2557,JP,JP,ELEC5,CROPS,10.27,0.0,0.0,0.0,0.0,0.0
6565,JP,JP,RESEA,NFERT,10.27,0.0,0.0,0.0,0.0,0.0
5945,JP,JP,PRINT,NATUR,10.28,0.0,0.0,0.0,0.0,0.0
7089,JP,JP,SUGA1,CHEM1,10.28,0.0,0.0,0.0,0.0,0.0
5759,JP,JP,POSTT,ELEC8,10.3,0.0,0.0,0.0,0.0,0.0
2615,JP,JP,ELEC5,PUBLI,10.3,0.0,0.0,0.0,0.0,0.0
3578,JP,JP,GASDI,IRONO,10.33,0.0,0.0,0.0,0.0,0.0
3528,JP,JP,FURNI,TRAN2,10.34,0.0,0.0,0.0,0.0,0.0
3121,JP,JP,FINAN,COKE1,10.34,0.0,0.0,0.0,0.0,0.0
5079,JP,JP,NFERT,93197,10.35,0.0,0.0,0.0,0.0,0.0
4287,JP,JP,LANDT,KEROS,10.36,0.0,0.0,0.0,0.0,0.0
6129,JP,JP,RAILW,CRUDE,10.36,0.0,0.0,0.0,0.0,0.0
7390,JP,JP,TRAN1,VEGET,10.38,0.0,0.0,0.0,0.0,0.0
6285,JP,JP,REALE,NONF1,9.59,0.0,0.0,0.0,0.0,0.0
817,JP,JP,BUSIN,POULT,9.58,0.0,0.0,0.0,0.0,0.0
2100,JP,JP,ELEC1,DISTR,9.58,0.0,0.0,0.0,0.0,0.0
7638,JP,JP,WHITE,BRICK,8.94,0.0,0.0,0.0,0.0,0.0
5477,JP,JP,PAPER,AUXIL,8.86,0.0,0.0,0.0,0.0,0.0
807,JP,JP,BUSIN,OXYGE,8.86,0.0,0.0,0.0,0.0,0.0
1977,JP,JP,ELE12,CONST,8.86,0.0,0.0,0.0,0.0,0.0
4803,JP,JP,MEMBE,MEATC,8.88,0.0,0.0,0.0,0.0,0.0
3110,JP,JP,FINAN,BLAST,8.88,0.0,0.0,0.0,0.0,0.0
4363,JP,JP,LEAD1,CERAM,8.91,0.0,0.0,0.0,0.0,0.0
5996,JP,JP,PRIVA,IRONO,8.91,0.0,0.0,0.0,0.0,0.0
1702,JP,JP,DISTR,MEATC,8.93,0.0,0.0,0.0,0.0,0.0
2392,JP,JP,ELEC3,REALE,8.95,0.0,0.0,0.0,0.0,0.0
1852,JP,JP,ELE11,BASIC,9.02,0.0,0.0,0.0,0.0,0.0
918,JP,JP,CERAM,MEMBE,8.95,0.0,0.0,0.0,0.0,0.0
1173,JP,JP,COKE1,WHOLE,8.96,0.0,0.0,0.0,0.0,0.0
5010,JP,JP,NATU1,NAPHT,8.97,0.0,0.0,0.0,0.0,0.0
5643,JP,JP,PFERT,SANDC,8.97,0.0,0.0,0.0,0.0,0.0
700,JP,JP,BLAST,RESEA,8.98,0.0,0.0,0.0,0.0,0.0
1679,JP,JP,DISTR,CRUDE,8.98,0.0,0.0,0.0,0.0,0.0
7067,JP,JP,STONE,CERAM,8.98,0.0,0.0,0.0,0.0,0.0
2340,JP,JP,ELEC3,GASDI,8.99,0.0,0.0,0.0,0.0,0.0
2384,JP,JP,ELEC3,PRINT,8.86,0.0,0.0,0.0,0.0,0.0
2865,JP,JP,ELEC8,PRIVA,8.84,0.0,0.0,0.0,0.0,0.0
478,JP,JP,BASIC,PUBLI,8.84,0.0,0.0,0.0,0.0,0.0
2213,JP,JP,ELEC2,CHEMI,8.84,0.0,0.0,0.0,0.0,0.0
4384,JP,JP,LEAD1,PRINT,8.61,0.0,0.0,0.0,0.0,0.0
6261,JP,JP,REALE,FORES,8.62,0.0,0.0,0.0,0.0,0.0
1262,JP,JP,COMPU,FISHF,8.63,0.0,0.0,0.0,0.0,0.0
4573,JP,JP,LIQUE,SANDC,8.64,0.0,0.0,0.0,0.0,0.0
4976,JP,JP,NAPHT,LIQUE,8.64,0.0,0.0,0.0,0.0,0.0
787,JP,JP,BUSIN,LIQUE,8.65,0.0,0.0,0.0,0.0,0.0
5729,JP,JP,POSTT,BITUM,8.65,0.0,0.0,0.0,0.0,0.0
2083,JP,JP,ELEC1,BRICK,8.67,0.0,0.0,0.0,0.0,0.0
4263,JP,JP,LANDT,ELE12,8.69,0.0,0.0,0.0,0.0,0.0
917,JP,JP,CERAM,MEDIC,8.7,0.0,0.0,0.0,0.0,0.0
3790,JP,JP,HEAVY,INLAN,8.7,0.0,0.0,0.0,0.0,0.0
4896,JP,JP,MOTOR,FINAN,8.71,0.0,0.0,0.0,0.0,0.0
6008,JP,JP,PROCE,SUPPO,8.71,0.0,0.0,0.0,0.0,0.0
3998,JP,JP,INSUR,MEDIC,8.72,0.0,0.0,0.0,0.0,0.0
4645,JP,JP,MEAT1,93197,8.76,0.0,0.0,0.0,0.0,0.0
5040,JP,JP,NATUR,FOUND,8.76,0.0,0.0,0.0,0.0,0.0
2502,JP,JP,ELEC4,PRIVA,8.81,0.0,0.0,0.0,0.0,0.0
5109,JP,JP,NFERT,NFERT,9.01,0.0,0.0,0.0,0.0,0.0
2457,JP,JP,ELEC4,GLASS,9.02,0.0,0.0,0.0,0.0,0.0
3419,JP,JP,FURNI,ALUM1,9.55,0.0,0.0,0.0,0.0,0.0
999,JP,JP,CHEM1,LEAD1,9.39,0.0,0.0,0.0,0.0,0.0
4974,JP,JP,NAPHT,KEROS,9.3,0.0,0.0,0.0,0.0,0.0
1771,JP,JP,EDUCA,DISTR,9.3,0.0,0.0,0.0,0.0,0.0
4625,JP,JP,LUBRI,RAILW,9.32,0.0,0.0,0.0,0.0,0.0
7213,JP,JP,SUPPO,STONE,9.33,0.0,0.0,0.0,0.0,0.0
4357,JP,JP,LANDT,WHEAT,9.35,0.0,0.0,0.0,0.0,0.0
4119,JP,JP,KERO1,ELEC2,9.36,0.0,0.0,0.0,0.0,0.0
7525,JP,JP,WEARI,CEMEN,9.37,0.0,0.0,0.0,0.0,0.0
3744,JP,JP,HEALT,RESEA,9.39,0.0,0.0,0.0,0.0,0.0
6752,JP,JP,RUBBE,CHEMI,9.39,0.0,0.0,0.0,0.0,0.0
3603,JP,JP,GASDI,OFFIC,9.02,0.0,0.0,0.0,0.0,0.0
1971,JP,JP,ELE12,CHEM1,9.41,0.0,0.0,0.0,0.0,0.0
1554,JP,JP,DIST1,BLAST,9.42,0.0,0.0,0.0,0.0,0.0
1452,JP,JP,CONST,TOBAC,9.45,0.0,0.0,0.0,0.0,0.0
4228,JP,JP,KEROS,REFIN,9.46,0.0,0.0,0.0,0.0,0.0
7585,JP,JP,WEARI,NONF1,9.47,0.0,0.0,0.0,0.0,0.0
285,JP,JP,ANIMA,ANIMA,9.47,0.0,0.0,0.0,0.0,0.0
6957,JP,JP,SEACO,PRINT,9.52,0.0,0.0,0.0,0.0,0.0
2196,JP,JP,ELEC2,AIRTR,9.53,0.0,0.0,0.0,0.0,0.0
707,JP,JP,BLAST,TEXTI,9.29,0.0,0.0,0.0,0.0,0.0
3618,JP,JP,GASDI,PULP5,9.28,0.0,0.0,0.0,0.0,0.0
7462,JP,JP,VEGE1,NONME,9.28,0.0,0.0,0.0,0.0,0.0
4303,JP,JP,LANDT,NATU1,9.26,0.0,0.0,0.0,0.0,0.0
4434,JP,JP,LEATH,HEALT,9.02,0.0,0.0,0.0,0.0,0.0
2820,JP,JP,ELEC8,GLASS,9.05,0.0,0.0,0.0,0.0,0.0
1147,JP,JP,COKE1,OFFIC,9.06,0.0,0.0,0.0,0.0,0.0
452,JP,JP,BASIC,CHEMI,9.08,0.0,0.0,0.0,0.0,0.0
4837,JP,JP,MEMBE,RAWMI,9.09,0.0,0.0,0.0,0.0,0.0
2380,JP,JP,ELEC3,POSTT,9.13,0.0,0.0,0.0,0.0,0.0
7323,JP,JP,TRAN1,BRICK,9.14,0.0,0.0,0.0,0.0,0.0
1175,JP,JP,COKEO,93197,9.14,0.0,0.0,0.0,0.0,0.0
2419,JP,JP,ELEC3,WOODW,9.16,0.0,0.0,0.0,0.0,0.0
2649,JP,JP,ELEC6,BEVER,9.16,0.0,0.0,0.0,0.0,0.0
5620,JP,JP,PFERT,MEMBE,9.18,0.0,0.0,0.0,0.0,0.0
3963,JP,JP,INSUR,ELEC2,9.2,0.0,0.0,0.0,0.0,0.0
6439,JP,JP,REFI1,BITU1,9.2,0.0,0.0,0.0,0.0,0.0
3577,JP,JP,GASDI,INSUR,9.22,0.0,0.0,0.0,0.0,0.0
2061,JP,JP,ELE12,TEXTI,9.23,0.0,0.0,0.0,0.0,0.0
4732,JP,JP,MEDIC,TRAN2,9.24,0.0,0.0,0.0,0.0,0.0
3748,JP,JP,HEALT,WHOLE,9.25,0.0,0.0,0.0,0.0,0.0
7338,JP,JP,TRAN1,DISTR,10.67,0.0,0.0,0.0,0.0,0.0
2447,JP,JP,ELEC4,ELECT,10.68,0.0,0.0,0.0,0.0,0.0
1181,JP,JP,COKEO,CHEM1,10.7,0.0,0.0,0.0,0.0,0.0
2845,JP,JP,ELEC8,NONF1,12.22,0.0,0.0,0.0,0.0,0.0
5907,JP,JP,PRINT,ELEC4,12.13,0.0,0.0,0.0,0.0,0.0
112,JP,JP,93197,TEXTI,12.13,0.0,0.0,0.0,0.0,0.0
2482,JP,JP,ELEC4,NONF1,12.18,0.0,0.0,0.0,0.0,0.0
2760,JP,JP,ELEC6,WHOLE,12.18,0.0,0.0,0.0,0.0,0.0
3070,JP,JP,FABRI,PULP5,12.19,0.0,0.0,0.0,0.0,0.0
113,JP,JP,93197,TOBAC,12.19,0.0,0.0,0.0,0.0,0.0
4241,JP,JP,LANDT,BLAST,12.2,0.0,0.0,0.0,0.0,0.0
1993,JP,JP,ELE12,FURNI,12.21,0.0,0.0,0.0,0.0,0.0
687,JP,JP,BLAST,OFFIC,12.22,0.0,0.0,0.0,0.0,0.0
2325,JP,JP,ELEC3,CROPS,12.33,0.0,0.0,0.0,0.0,0.0
3488,JP,JP,FURNI,NATUR,12.22,0.0,0.0,0.0,0.0,0.0
5004,JP,JP,NATU1,HEAVY,12.26,0.0,0.0,0.0,0.0,0.0
1996,JP,JP,ELE12,HEALT,12.27,0.0,0.0,0.0,0.0,0.0
4824,JP,JP,MEMBE,PFERT,12.28,0.0,0.0,0.0,0.0,0.0
4436,JP,JP,LEATH,INSUR,12.28,0.0,0.0,0.0,0.0,0.0
4367,JP,JP,LEAD1,CONST,12.29,0.0,0.0,0.0,0.0,0.0
6892,JP,JP,SEACO,93197,12.32,0.0,0.0,0.0,0.0,0.0
6916,JP,JP,SEACO,FINAN,12.32,0.0,0.0,0.0,0.0,0.0
2124,JP,JP,ELEC1,LEATH,12.12,0.0,0.0,0.0,0.0,0.0
7068,JP,JP,STONE,CHEM1,12.1,0.0,0.0,0.0,0.0,0.0
3806,JP,JP,HEAVY,MOTO1,12.09,0.0,0.0,0.0,0.0,0.0
713,JP,JP,BLAST,WHOLE,12.09,0.0,0.0,0.0,0.0,0.0
2444,JP,JP,ELEC4,DAIRY,11.86,0.0,0.0,0.0,0.0,0.0
1522,JP,JP,DAIRY,93197,11.86,0.0,0.0,0.0,0.0,0.0
43,JP,JP,93197,FISH5,11.89,0.0,0.0,0.0,0.0,0.0
2806,JP,JP,ELEC8,DAIRY,11.9,0.0,0.0,0.0,0.0,0.0
1760,JP,JP,EDUCA,CEMEN,11.93,0.0,0.0,0.0,0.0,0.0
5540,JP,JP,PAPER,RAILW,11.96,0.0,0.0,0.0,0.0,0.0
4535,JP,JP,LIQUE,LIQUE,11.97,0.0,0.0,0.0,0.0,0.0
3246,JP,JP,FISH5,PUBLI,11.97,0.0,0.0,0.0,0.0,0.0
5243,JP,JP,NONME,HOTEL,11.99,0.0,0.0,0.0,0.0,0.0
4028,JP,JP,INSUR,RAILW,12.01,0.0,0.0,0.0,0.0,0.0
1167,JP,JP,COKE1,TEXTI,12.01,0.0,0.0,0.0,0.0,0.0
3416,JP,JP,FOUND,WOODW,12.04,0.0,0.0,0.0,0.0,0.0
4599,JP,JP,LUBRI,FISHF,12.04,0.0,0.0,0.0,0.0,0.0
1312,JP,JP,COMPU,PREC1,12.05,0.0,0.0,0.0,0.0,0.0
6655,JP,JP,RETA1,FOUND,12.07,0.0,0.0,0.0,0.0,0.0
6240,JP,JP,REALE,COKEO,12.08,0.0,0.0,0.0,0.0,0.0
1569,JP,JP,DIST1,DAIRY,12.08,0.0,0.0,0.0,0.0,0.0
5337,JP,JP,OFFIC,93197,12.33,0.0,0.0,0.0,0.0,0.0
5747,JP,JP,POSTT,CRUDE,12.35,0.0,0.0,0.0,0.0,0.0
136,JP,JP,AIRTR,CERAM,11.85,0.0,0.0,0.0,0.0,0.0
4127,JP,JP,KERO1,FISH5,12.96,0.0,0.0,0.0,0.0,0.0
3401,JP,JP,FOUND,LEATH,12.77,0.0,0.0,0.0,0.0,0.0
193,JP,JP,AIRTR,NATUR,12.77,0.0,0.0,0.0,0.0,0.0
4302,JP,JP,LANDT,NAPHT,12.79,0.0,0.0,0.0,0.0,0.0
1605,JP,JP,DIST1,MEATC,12.8,0.0,0.0,0.0,0.0,0.0
7583,JP,JP,WEARI,NATUR,12.86,0.0,0.0,0.0,0.0,0.0
6900,JP,JP,SEACO,BUSIN,12.88,0.0,0.0,0.0,0.0,0.0
3698,JP,JP,GLASS,RETA1,12.91,0.0,0.0,0.0,0.0,0.0
1624,JP,JP,DIST1,PREC1,12.94,0.0,0.0,0.0,0.0,0.0
942,JP,JP,CEREA,RAWMI,12.98,0.0,0.0,0.0,0.0,0.0
5697,JP,JP,PLAST,FABRI,12.36,0.0,0.0,0.0,0.0,0.0
1652,JP,JP,DIST1,WEARI,13.01,0.0,0.0,0.0,0.0,0.0
4195,JP,JP,KERO1,STONE,13.02,0.0,0.0,0.0,0.0,0.0
7667,JP,JP,WHITE,TRANS,13.04,0.0,0.0,0.0,0.0,0.0
1116,JP,JP,COKE1,COKE1,13.05,0.0,0.0,0.0,0.0,0.0
7610,JP,JP,WEARI,RETAI,13.13,0.0,0.0,0.0,0.0,0.0
719,JP,JP,BRICK,FABRI,13.15,0.0,0.0,0.0,0.0,0.0
379,JP,JP,AUXIL,MEDIC,13.17,0.0,0.0,0.0,0.0,0.0
3696,JP,JP,GLASS,RECRE,13.19,0.0,0.0,0.0,0.0,0.0
7353,JP,JP,TRAN1,LEATH,12.77,0.0,0.0,0.0,0.0,0.0
6501,JP,JP,RESEA,BLAST,12.76,0.0,0.0,0.0,0.0,0.0
6239,JP,JP,REALE,COKE1,12.71,0.0,0.0,0.0,0.0,0.0
7751,JP,JP,WOODW,PIGS9,12.67,0.0,0.0,0.0,0.0,0.0
2730,JP,JP,ELEC6,PULP5,12.37,0.0,0.0,0.0,0.0,0.0
2503,JP,JP,ELEC4,PROCE,12.4,0.0,0.0,0.0,0.0,0.0
2361,JP,JP,ELEC3,MOTOR,12.41,0.0,0.0,0.0,0.0,0.0
6231,JP,JP,REALE,BRICK,12.42,0.0,0.0,0.0,0.0,0.0
2866,JP,JP,ELEC8,PROCE,12.44,0.0,0.0,0.0,0.0,0.0
1753,JP,JP,EDUCA,BEVER,12.44,0.0,0.0,0.0,0.0,0.0
7720,JP,JP,WOODW,ELECT,12.46,0.0,0.0,0.0,0.0,0.0
3839,JP,JP,HEAVY,REFIN,12.46,0.0,0.0,0.0,0.0,0.0
2415,JP,JP,ELEC3,WEARI,12.48,0.0,0.0,0.0,0.0,0.0
6735,JP,JP,RUBBE,AIRTR,12.49,0.0,0.0,0.0,0.0,0.0
3996,JP,JP,INSUR,MEATC,12.51,0.0,0.0,0.0,0.0,0.0
2712,JP,JP,ELEC6,OFFIC,12.55,0.0,0.0,0.0,0.0,0.0
1532,JP,JP,DAIRY,FURNI,12.6,0.0,0.0,0.0,0.0,0.0
6020,JP,JP,PULP5,TOBAC,12.61,0.0,0.0,0.0,0.0,0.0
7704,JP,JP,WOODW,BRICK,12.62,0.0,0.0,0.0,0.0,0.0
3343,JP,JP,FOOD5,RUBBE,12.63,0.0,0.0,0.0,0.0,0.0
3,JP,JP,93197,ALUM1,12.65,0.0,0.0,0.0,0.0,0.0
5314,JP,JP,NONSP,GLASS,11.86,0.0,0.0,0.0,0.0,0.0
4780,JP,JP,MEMBE,FISHF,11.84,0.0,0.0,0.0,0.0,0.0
419,JP,JP,AUXIL,RETAI,10.7,0.0,0.0,0.0,0.0,0.0
196,JP,JP,AIRTR,NONFE,11.05,0.0,0.0,0.0,0.0,0.0
2060,JP,JP,ELE12,SUPPO,10.94,0.0,0.0,0.0,0.0,0.0
6952,JP,JP,SEACO,PAPER,10.94,0.0,0.0,0.0,0.0,0.0
7359,JP,JP,TRAN1,MEDIC,10.97,0.0,0.0,0.0,0.0,0.0
1562,JP,JP,DIST1,COKE1,10.97,0.0,0.0,0.0,0.0,0.0
5037,JP,JP,NATUR,FABRI,10.99,0.0,0.0,0.0,0.0,0.0
125,JP,JP,AIRTR,AUXIL,11.01,0.0,0.0,0.0,0.0,0.0
2480,JP,JP,ELEC4,NATUR,11.02,0.0,0.0,0.0,0.0,0.0
5791,JP,JP,POSTT,MOTOR,11.04,0.0,0.0,0.0,0.0,0.0
3444,JP,JP,FURNI,DISTR,11.05,0.0,0.0,0.0,0.0,0.0
4408,JP,JP,LEATH,COMPU,11.16,0.0,0.0,0.0,0.0,0.0
4608,JP,JP,LUBRI,KEROS,11.08,0.0,0.0,0.0,0.0,0.0
3178,JP,JP,FINAN,NONFE,11.08,0.0,0.0,0.0,0.0,0.0
6233,JP,JP,REALE,CEMEN,11.1,0.0,0.0,0.0,0.0,0.0
4312,JP,JP,LANDT,OILSE,11.11,0.0,0.0,0.0,0.0,0.0
6811,JP,JP,RUBBE,POULT,11.11,0.0,0.0,0.0,0.0,0.0
1230,JP,JP,COMPU,CATTL,11.12,0.0,0.0,0.0,0.0,0.0
7623,JP,JP,WEARI,VEGE1,11.15,0.0,0.0,0.0,0.0,0.0
7714,JP,JP,WOODW,COPP1,11.15,0.0,0.0,0.0,0.0,0.0
1395,JP,JP,CONST,HEAVY,10.93,0.0,0.0,0.0,0.0,0.0
370,JP,JP,AUXIL,LEAD1,10.93,0.0,0.0,0.0,0.0,0.0
4856,JP,JP,MEMBE,TRAN2,10.93,0.0,0.0,0.0,0.0,0.0
6230,JP,JP,REALE,BLAST,10.92,0.0,0.0,0.0,0.0,0.0
6541,JP,JP,RESEA,HEALT,10.71,0.0,0.0,0.0,0.0,0.0
2810,JP,JP,ELEC8,ELECT,10.72,0.0,0.0,0.0,0.0,0.0
1433,JP,JP,CONST,PREC1,10.72,0.0,0.0,0.0,0.0,0.0
4286,JP,JP,LANDT,KERO1,10.74,0.0,0.0,0.0,0.0,0.0
5567,JP,JP,PARAF,GASDI,10.78,0.0,0.0,0.0,0.0,0.0
2916,JP,JP,ELECT,CRUDE,10.8,0.0,0.0,0.0,0.0,0.0
6061,JP,JP,RADIO,INSUR,10.81,0.0,0.0,0.0,0.0,0.0
6462,JP,JP,REFIN,DIST1,10.81,0.0,0.0,0.0,0.0,0.0
1718,JP,JP,DISTR,PIGS9,10.82,0.0,0.0,0.0,0.0,0.0
5422,JP,JP,OXYGE,RETA1,10.82,0.0,0.0,0.0,0.0,0.0
3149,JP,JP,FINAN,GASDI,10.83,0.0,0.0,0.0,0.0,0.0
5270,JP,JP,NONME,PREC1,10.83,0.0,0.0,0.0,0.0,0.0
7474,JP,JP,VEGET,CHEM1,10.84,0.0,0.0,0.0,0.0,0.0
4522,JP,JP,LIQUE,FOUND,10.85,0.0,0.0,0.0,0.0,0.0
19,JP,JP,93197,CHEMI,10.88,0.0,0.0,0.0,0.0,0.0
4428,JP,JP,LEATH,FOOD5,10.89,0.0,0.0,0.0,0.0,0.0
1642,JP,JP,DIST1,STEAM,10.92,0.0,0.0,0.0,0.0,0.0
615,JP,JP,BITU1,NONME,11.16,0.0,0.0,0.0,0.0,0.0
1109,JP,JP,COKE1,BLAST,11.21,0.0,0.0,0.0,0.0,0.0
3023,JP,JP,FABRI,GASDI,11.84,0.0,0.0,0.0,0.0,0.0
6266,JP,JP,REALE,IRONO,11.67,0.0,0.0,0.0,0.0,0.0
190,JP,JP,AIRTR,MOTOR,11.49,0.0,0.0,0.0,0.0,0.0
6465,JP,JP,REFIN,ELEC1,11.52,0.0,0.0,0.0,0.0,0.0
3029,JP,JP,FABRI,INSUR,11.55,0.0,0.0,0.0,0.0,0.0
1984,JP,JP,ELE12,EDUCA,11.55,0.0,0.0,0.0,0.0,0.0
7403,JP,JP,TRAN2,HEAVY,11.63,0.0,0.0,0.0,0.0,0.0
455,JP,JP,BASIC,CRUDE,11.63,0.0,0.0,0.0,0.0,0.0
2993,JP,JP,FABRI,CHEMI,11.63,0.0,0.0,0.0,0.0,0.0
4638,JP,JP,LUBRI,VEGET,11.64,0.0,0.0,0.0,0.0,0.0
1648,JP,JP,DIST1,TRAN1,11.67,0.0,0.0,0.0,0.0,0.0
5640,JP,JP,PFERT,RECRE,11.21,0.0,0.0,0.0,0.0,0.0
2454,JP,JP,ELEC4,FOUND,11.7,0.0,0.0,0.0,0.0,0.0
1077,JP,JP,CHEMI,RUBBE,11.72,0.0,0.0,0.0,0.0,0.0
4126,JP,JP,KERO1,FINAN,11.72,0.0,0.0,0.0,0.0,0.0
1341,JP,JP,COMPU,VEGE1,11.73,0.0,0.0,0.0,0.0,0.0
2817,JP,JP,ELEC8,FOUND,11.74,0.0,0.0,0.0,0.0,0.0
4054,JP,JP,INSUR,WHEAT,11.74,0.0,0.0,0.0,0.0,0.0
890,JP,JP,CEMEN,SANDC,11.78,0.0,0.0,0.0,0.0,0.0
2053,JP,JP,ELE12,SALEM,11.81,0.0,0.0,0.0,0.0,0.0
4607,JP,JP,LUBRI,KERO1,11.48,0.0,0.0,0.0,0.0,0.0
4980,JP,JP,NAPHT,NAPHT,11.48,0.0,0.0,0.0,0.0,0.0
4898,JP,JP,MOTOR,FORES,11.48,0.0,0.0,0.0,0.0,0.0
2567,JP,JP,ELEC5,FOOD5,11.45,0.0,0.0,0.0,0.0,0.0
4484,JP,JP,LEATH,WOODW,11.21,0.0,0.0,0.0,0.0,0.0
4500,JP,JP,LIQUE,COKE1,11.22,0.0,0.0,0.0,0.0,0.0
6108,JP,JP,RAILW,AIRTR,11.24,0.0,0.0,0.0,0.0,0.0
2311,JP,JP,ELEC3,BEVER,11.25,0.0,0.0,0.0,0.0,0.0
4138,JP,JP,KERO1,INSUR,11.25,0.0,0.0,0.0,0.0,0.0
409,JP,JP,AUXIL,PULP5,11.25,0.0,0.0,0.0,0.0,0.0
6796,JP,JP,RUBBE,NONF1,11.28,0.0,0.0,0.0,0.0,0.0
4949,JP,JP,MOTOR,TEXTI,11.28,0.0,0.0,0.0,0.0,0.0
5026,JP,JP,NATUR,CHEM1,11.29,0.0,0.0,0.0,0.0,0.0
6676,JP,JP,RETA1,MEDIC,11.33,0.0,0.0,0.0,0.0,0.0
28,JP,JP,93197,DAIRY,11.34,0.0,0.0,0.0,0.0,0.0
5475,JP,JP,PAPER,AIRTR,11.35,0.0,0.0,0.0,0.0,0.0
6515,JP,JP,RESEA,CROPS,11.36,0.0,0.0,0.0,0.0,0.0
7722,JP,JP,WOODW,FINAN,11.38,0.0,0.0,0.0,0.0,0.0
5057,JP,JP,NATUR,NATUR,11.4,0.0,0.0,0.0,0.0,0.0
5893,JP,JP,PRINT,COKEO,11.42,0.0,0.0,0.0,0.0,0.0
6244,JP,JP,REALE,CRUDE,11.43,0.0,0.0,0.0,0.0,0.0
4144,JP,JP,KERO1,LIQUE,8.6,0.0,0.0,0.0,0.0,0.0
1666,JP,JP,DISTR,CATTL,8.6,0.0,0.0,0.0,0.0,0.0
6924,JP,JP,SEACO,HEALT,8.57,0.0,0.0,0.0,0.0,0.0
2071,JP,JP,ELE12,WHOLE,6.54,0.0,0.0,0.0,0.0,0.0
5793,JP,JP,POSTT,NATU1,6.49,0.0,0.0,0.0,0.0,0.0
2570,JP,JP,ELEC5,FURNI,6.5,0.0,0.0,0.0,0.0,0.0
2459,JP,JP,ELEC4,HEAVY,6.5,0.0,0.0,0.0,0.0,0.0
1238,JP,JP,COMPU,COKE1,6.51,0.0,0.0,0.0,0.0,0.0
1607,JP,JP,DIST1,MEDIC,6.51,0.0,0.0,0.0,0.0,0.0
2822,JP,JP,ELEC8,HEAVY,6.52,0.0,0.0,0.0,0.0,0.0
2573,JP,JP,ELEC5,HEALT,6.53,0.0,0.0,0.0,0.0,0.0
2393,JP,JP,ELEC3,RECRE,6.54,0.0,0.0,0.0,0.0,0.0
7154,JP,JP,SUPPO,FOUND,6.57,0.0,0.0,0.0,0.0,0.0
1486,JP,JP,CROPS,NONME,6.63,0.0,0.0,0.0,0.0,0.0
3792,JP,JP,HEAVY,IRONO,6.58,0.0,0.0,0.0,0.0,0.0
5537,JP,JP,PAPER,PROCE,6.58,0.0,0.0,0.0,0.0,0.0
1013,JP,JP,CHEM1,NATUR,6.58,0.0,0.0,0.0,0.0,0.0
145,JP,JP,AIRTR,COPP1,6.59,0.0,0.0,0.0,0.0,0.0
5303,JP,JP,NONSP,CERAM,6.6,0.0,0.0,0.0,0.0,0.0
1455,JP,JP,CONST,VEGE1,6.61,0.0,0.0,0.0,0.0,0.0
2074,JP,JP,ELEC1,AIRTR,6.61,0.0,0.0,0.0,0.0,0.0
1404,JP,JP,CONST,MEAT1,6.63,0.0,0.0,0.0,0.0,0.0
1399,JP,JP,CONST,KEROS,6.47,0.0,0.0,0.0,0.0,0.0
6206,JP,JP,RAILW,TOBAC,6.47,0.0,0.0,0.0,0.0,0.0
5385,JP,JP,OXYGE,FOOD5,6.44,0.0,0.0,0.0,0.0,0.0
570,JP,JP,BITU1,ALUM1,6.44,0.0,0.0,0.0,0.0,0.0
7173,JP,JP,SUPPO,MEATC,6.23,0.0,0.0,0.0,0.0,0.0
6536,JP,JP,RESEA,FORES,6.25,0.0,0.0,0.0,0.0,0.0
7388,JP,JP,TRAN1,TRANS,6.25,0.0,0.0,0.0,0.0,0.0
4118,JP,JP,KERO1,ELEC1,6.28,0.0,0.0,0.0,0.0,0.0
2628,JP,JP,ELEC5,SALEM,6.28,0.0,0.0,0.0,0.0,0.0
6866,JP,JP,SALEM,TRAN2,6.3,0.0,0.0,0.0,0.0,0.0
6081,JP,JP,RADIO,PAPER,6.3,0.0,0.0,0.0,0.0,0.0
6703,JP,JP,RETA1,PULP5,6.3,0.0,0.0,0.0,0.0,0.0
4560,JP,JP,LIQUE,PRINT,6.31,0.0,0.0,0.0,0.0,0.0
5219,JP,JP,NONME,COPP1,6.31,0.0,0.0,0.0,0.0,0.0
4525,JP,JP,LIQUE,GLASS,6.32,0.0,0.0,0.0,0.0,0.0
6450,JP,JP,REFI1,NONSP,6.37,0.0,0.0,0.0,0.0,0.0
3122,JP,JP,FINAN,COKEO,6.37,0.0,0.0,0.0,0.0,0.0
470,JP,JP,BASIC,NONF1,6.39,0.0,0.0,0.0,0.0,0.0
6980,JP,JP,SEACO,WEARI,6.39,0.0,0.0,0.0,0.0,0.0
4139,JP,JP,KERO1,IRONO,6.4,0.0,0.0,0.0,0.0,0.0
709,JP,JP,BLAST,TRAN2,6.4,0.0,0.0,0.0,0.0,0.0
4834,JP,JP,MEMBE,PULP5,6.63,0.0,0.0,0.0,0.0,0.0
2041,JP,JP,ELE12,PULP5,6.64,0.0,0.0,0.0,0.0,0.0
7700,JP,JP,WOODW,AUXIL,6.21,0.0,0.0,0.0,0.0,0.0
3584,JP,JP,GASDI,LIQUE,6.86,0.0,0.0,0.0,0.0,0.0
6880,JP,JP,SANDC,FURNI,6.78,0.0,0.0,0.0,0.0,0.0
7718,JP,JP,WOODW,EDUCA,6.79,0.0,0.0,0.0,0.0,0.0
2754,JP,JP,ELEC6,TRANS,6.81,0.0,0.0,0.0,0.0,0.0
5417,JP,JP,OXYGE,PUBLI,6.81,0.0,0.0,0.0,0.0,0.0
2186,JP,JP,ELEC1,TRAN2,6.82,0.0,0.0,0.0,0.0,0.0
5988,JP,JP,PRINT,TRAN2,6.83,0.0,0.0,0.0,0.0,0.0
4858,JP,JP,MEMBE,VEGE1,6.83,0.0,0.0,0.0,0.0,0.0
5786,JP,JP,POSTT,MEATC,6.86,0.0,0.0,0.0,0.0,0.0
5881,JP,JP,PRINT,BITUM,6.87,0.0,0.0,0.0,0.0,0.0
4771,JP,JP,MEMBE,ELEC3,6.64,0.0,0.0,0.0,0.0,0.0
5565,JP,JP,PARAF,COKEO,6.87,0.0,0.0,0.0,0.0,0.0
7405,JP,JP,TRAN2,KEROS,6.89,0.0,0.0,0.0,0.0,0.0
5387,JP,JP,OXYGE,FURNI,6.89,0.0,0.0,0.0,0.0,0.0
5731,JP,JP,POSTT,BRICK,6.9,0.0,0.0,0.0,0.0,0.0
2152,JP,JP,ELEC1,PIGS9,6.91,0.0,0.0,0.0,0.0,0.0
432,JP,JP,AUXIL,TRAN2,6.91,0.0,0.0,0.0,0.0,0.0
6403,JP,JP,RECRE,PLAST,6.92,0.0,0.0,0.0,0.0,0.0
3415,JP,JP,FOUND,WHOLE,6.93,0.0,0.0,0.0,0.0,0.0
2349,JP,JP,ELEC3,LANDT,6.78,0.0,0.0,0.0,0.0,0.0
6387,JP,JP,RECRE,MOTO1,6.77,0.0,0.0,0.0,0.0,0.0
2324,JP,JP,ELEC3,COPP1,6.77,0.0,0.0,0.0,0.0,0.0
4718,JP,JP,MEDIC,NONFE,6.77,0.0,0.0,0.0,0.0,0.0
1160,JP,JP,COKE1,RESEA,6.65,0.0,0.0,0.0,0.0,0.0
382,JP,JP,AUXIL,MOTOR,6.66,0.0,0.0,0.0,0.0,0.0
4954,JP,JP,MOTOR,WEARI,6.66,0.0,0.0,0.0,0.0,0.0
2746,JP,JP,ELEC6,STONE,6.67,0.0,0.0,0.0,0.0,0.0
3351,JP,JP,FOOD5,WOODW,6.68,0.0,0.0,0.0,0.0,0.0
388,JP,JP,AUXIL,NONFE,6.68,0.0,0.0,0.0,0.0,0.0
6817,JP,JP,RUBBE,RAILW,6.71,0.0,0.0,0.0,0.0,0.0
4176,JP,JP,KERO1,PRINT,6.71,0.0,0.0,0.0,0.0,0.0
1398,JP,JP,CONST,KERO1,6.71,0.0,0.0,0.0,0.0,0.0
2298,JP,JP,ELEC2,VEGE1,6.71,0.0,0.0,0.0,0.0,0.0
5755,JP,JP,POSTT,ELEC3,6.73,0.0,0.0,0.0,0.0,0.0
2024,JP,JP,ELE12,OFFIC,6.74,0.0,0.0,0.0,0.0,0.0
3955,JP,JP,INSUR,CROPS,6.75,0.0,0.0,0.0,0.0,0.0
1574,JP,JP,DIST1,ELE12,6.76,0.0,0.0,0.0,0.0,0.0
4962,JP,JP,NAPHT,BLAST,6.76,0.0,0.0,0.0,0.0,0.0
6367,JP,JP,RECRE,FURNI,6.76,0.0,0.0,0.0,0.0,0.0
4922,JP,JP,MOTOR,NONFE,6.77,0.0,0.0,0.0,0.0,0.0
4051,JP,JP,INSUR,VEGE1,6.21,0.0,0.0,0.0,0.0,0.0
7023,JP,JP,STEAM,GLASS,6.21,0.0,0.0,0.0,0.0,0.0
1270,JP,JP,COMPU,HEAVY,6.97,0.0,0.0,0.0,0.0,0.0
2824,JP,JP,ELEC8,INSUR,5.79,0.0,0.0,0.0,0.0,0.0
1769,JP,JP,EDUCA,DAIRY,5.75,0.0,0.0,0.0,0.0,0.0
4664,JP,JP,MEAT4,VEGE1,5.75,0.0,0.0,0.0,0.0,0.0
6471,JP,JP,REFIN,ELEC8,5.75,0.0,0.0,0.0,0.0,0.0
5019,JP,JP,NATUR,ALUM1,5.77,0.0,0.0,0.0,0.0,0.0
2461,JP,JP,ELEC4,INSUR,5.77,0.0,0.0,0.0,0.0,0.0
4183,JP,JP,KERO1,RAWMI,5.78,0.0,0.0,0.0,0.0,0.0
6418,JP,JP,RECRE,RESEA,5.78,0.0,0.0,0.0,0.0,0.0
7325,JP,JP,TRAN1,CATTL,5.79,0.0,0.0,0.0,0.0,0.0
2327,JP,JP,ELEC3,DAIRY,5.81,0.0,0.0,0.0,0.0,0.0
537,JP,JP,BIOG1,MOTO1,5.88,0.0,0.0,0.0,0.0,0.0
4923,JP,JP,MOTOR,NONME,5.81,0.0,0.0,0.0,0.0,0.0
7271,JP,JP,TEXTI,LANDT,5.82,0.0,0.0,0.0,0.0,0.0
2632,JP,JP,ELEC5,SUPPO,5.82,0.0,0.0,0.0,0.0,0.0
480,JP,JP,BASIC,RETA1,5.82,0.0,0.0,0.0,0.0,0.0
4395,JP,JP,LEATH,BASIC,5.83,0.0,0.0,0.0,0.0,0.0
4463,JP,JP,LEATH,RAILW,5.83,0.0,0.0,0.0,0.0,0.0
3959,JP,JP,INSUR,DISTR,5.84,0.0,0.0,0.0,0.0,0.0
4740,JP,JP,MEMBE,AUXIL,5.85,0.0,0.0,0.0,0.0,0.0
6685,JP,JP,RETA1,NONFE,5.75,0.0,0.0,0.0,0.0,0.0
6845,JP,JP,SALEM,BUSIN,5.75,0.0,0.0,0.0,0.0,0.0
3132,JP,JP,FINAN,ELE11,5.75,0.0,0.0,0.0,0.0,0.0
4528,JP,JP,LIQUE,HOTEL,5.74,0.0,0.0,0.0,0.0,0.0
7033,JP,JP,STEAM,MEATC,5.6,0.0,0.0,0.0,0.0,0.0
5376,JP,JP,OXYGE,CONST,5.6,0.0,0.0,0.0,0.0,0.0
7736,JP,JP,WOODW,MEATC,5.61,0.0,0.0,0.0,0.0,0.0
1690,JP,JP,DISTR,FORES,5.63,0.0,0.0,0.0,0.0,0.0
5381,JP,JP,OXYGE,EDUCA,5.64,0.0,0.0,0.0,0.0,0.0
930,JP,JP,CERAM,SEACO,5.64,0.0,0.0,0.0,0.0,0.0
6679,JP,JP,RETA1,MOTOR,5.67,0.0,0.0,0.0,0.0,0.0
2946,JP,JP,ELECT,NATU1,5.67,0.0,0.0,0.0,0.0,0.0
626,JP,JP,BITU1,REFI1,5.68,0.0,0.0,0.0,0.0,0.0
3080,JP,JP,FABRI,RETAI,5.68,0.0,0.0,0.0,0.0,0.0
2645,JP,JP,ELEC6,ALUM1,5.7,0.0,0.0,0.0,0.0,0.0
2130,JP,JP,ELEC1,MEATC,5.71,0.0,0.0,0.0,0.0,0.0
2939,JP,JP,ELECT,MEAT1,5.71,0.0,0.0,0.0,0.0,0.0
2676,JP,JP,ELEC6,FISH5,5.71,0.0,0.0,0.0,0.0,0.0
6468,JP,JP,REFIN,ELEC4,5.72,0.0,0.0,0.0,0.0,0.0
2338,JP,JP,ELEC3,FOUND,5.73,0.0,0.0,0.0,0.0,0.0
2098,JP,JP,ELEC1,CRUDE,5.74,0.0,0.0,0.0,0.0,0.0
4606,JP,JP,LUBRI,INSUR,5.86,0.0,0.0,0.0,0.0,0.0
7712,JP,JP,WOODW,COMPU,5.88,0.0,0.0,0.0,0.0,0.0
1320,JP,JP,COMPU,RAWMI,6.2,0.0,0.0,0.0,0.0,0.0
2663,JP,JP,ELEC6,COMPU,6.06,0.0,0.0,0.0,0.0,0.0
4465,JP,JP,LEATH,RECRE,6.03,0.0,0.0,0.0,0.0,0.0
2125,JP,JP,ELEC1,LIQUE,6.05,0.0,0.0,0.0,0.0,0.0
7335,JP,JP,TRAN1,CRUDE,6.05,0.0,0.0,0.0,0.0,0.0
124,JP,JP,AIRTR,ALUM1,6.05,0.0,0.0,0.0,0.0,0.0
1285,JP,JP,COMPU,MEATP,6.05,0.0,0.0,0.0,0.0,0.0
4928,JP,JP,MOTOR,PAPER,6.05,0.0,0.0,0.0,0.0,0.0
5523,JP,JP,PAPER,NONF1,6.06,0.0,0.0,0.0,0.0,0.0
5966,JP,JP,PRINT,PULP5,6.06,0.0,0.0,0.0,0.0,0.0
2386,JP,JP,ELEC3,PROCE,6.07,0.0,0.0,0.0,0.0,0.0
5373,JP,JP,OXYGE,CHEM1,5.89,0.0,0.0,0.0,0.0,0.0
4001,JP,JP,INSUR,NAPHT,6.07,0.0,0.0,0.0,0.0,0.0
4576,JP,JP,LIQUE,TEXTI,6.08,0.0,0.0,0.0,0.0,0.0
5746,JP,JP,POSTT,CROPS,6.09,0.0,0.0,0.0,0.0,0.0
6151,JP,JP,RAILW,LEAD1,6.11,0.0,0.0,0.0,0.0,0.0
6975,JP,JP,SEACO,TEXTI,6.14,0.0,0.0,0.0,0.0,0.0
2561,JP,JP,ELEC5,EDUCA,6.15,0.0,0.0,0.0,0.0,0.0
1145,JP,JP,COKE1,NONF1,6.17,0.0,0.0,0.0,0.0,0.0
3453,JP,JP,FURNI,ELEC8,6.2,0.0,0.0,0.0,0.0,0.0
6441,JP,JP,REFI1,COALT,6.02,0.0,0.0,0.0,0.0,0.0
5698,JP,JP,PLAST,GLASS,6.02,0.0,0.0,0.0,0.0,0.0
7357,JP,JP,TRAN1,MEATC,6.01,0.0,0.0,0.0,0.0,0.0
7412,JP,JP,TRAN2,NONFE,6.01,0.0,0.0,0.0,0.0,0.0
2692,JP,JP,ELEC6,LEAD1,5.89,0.0,0.0,0.0,0.0,0.0
1315,JP,JP,COMPU,PROCE,5.92,0.0,0.0,0.0,0.0,0.0
1096,JP,JP,COALT,PFERT,5.93,0.0,0.0,0.0,0.0,0.0
4169,JP,JP,KERO1,PFERT,5.93,0.0,0.0,0.0,0.0,0.0
153,JP,JP,AIRTR,ELEC2,5.94,0.0,0.0,0.0,0.0,0.0
2330,JP,JP,ELEC3,ELEC3,5.95,0.0,0.0,0.0,0.0,0.0
4205,JP,JP,KERO1,WEARI,5.95,0.0,0.0,0.0,0.0,0.0
3425,JP,JP,FURNI,BITUM,5.96,0.0,0.0,0.0,0.0,0.0
2366,JP,JP,ELEC3,NONF1,5.96,0.0,0.0,0.0,0.0,0.0
3730,JP,JP,HEALT,INSUR,5.97,0.0,0.0,0.0,0.0,0.0
1089,JP,JP,COALT,FOUND,5.98,0.0,0.0,0.0,0.0,0.0
5843,JP,JP,POSTT,VEGET,5.99,0.0,0.0,0.0,0.0,0.0
1627,JP,JP,DIST1,PROCE,6.0,0.0,0.0,0.0,0.0,0.0
3904,JP,JP,INLAN,LANDT,6.0,0.0,0.0,0.0,0.0,0.0
5766,JP,JP,POSTT,FORES,6.0,0.0,0.0,0.0,0.0,0.0
6282,JP,JP,REALE,NATU1,6.0,0.0,0.0,0.0,0.0,0.0
5135,JP,JP,NONF1,CEMEN,6.01,0.0,0.0,0.0,0.0,0.0
6101,JP,JP,RADIO,TRAN2,6.94,0.0,0.0,0.0,0.0,0.0
1191,JP,JP,COKEO,ELEC2,6.98,0.0,0.0,0.0,0.0,0.0
6915,JP,JP,SEACO,FABRI,8.53,0.0,0.0,0.0,0.0,0.0
1413,JP,JP,CONST,NAPHT,7.99,0.0,0.0,0.0,0.0,0.0
4966,JP,JP,NAPHT,COKE1,7.87,0.0,0.0,0.0,0.0,0.0
7135,JP,JP,SUPPO,DAIRY,7.87,0.0,0.0,0.0,0.0,0.0
4825,JP,JP,MEMBE,PIGS9,7.89,0.0,0.0,0.0,0.0,0.0
7440,JP,JP,VEGE1,CERAM,7.9,0.0,0.0,0.0,0.0,0.0
3090,JP,JP,FABRI,TOBAC,7.94,0.0,0.0,0.0,0.0,0.0
2920,JP,JP,ELECT,ELE11,7.95,0.0,0.0,0.0,0.0,0.0
2618,JP,JP,ELEC5,RAILW,7.95,0.0,0.0,0.0,0.0,0.0
4631,JP,JP,LUBRI,RESEA,7.97,0.0,0.0,0.0,0.0,0.0
5769,JP,JP,POSTT,GASDI,8.0,0.0,0.0,0.0,0.0,0.0
3443,JP,JP,FURNI,DIST1,8.1,0.0,0.0,0.0,0.0,0.0
7747,JP,JP,WOODW,OFFIC,8.02,0.0,0.0,0.0,0.0,0.0
5704,JP,JP,PLAST,NONME,8.02,0.0,0.0,0.0,0.0,0.0
6088,JP,JP,RADIO,RAILW,8.03,0.0,0.0,0.0,0.0,0.0
1575,JP,JP,DIST1,ELEC1,8.03,0.0,0.0,0.0,0.0,0.0
2449,JP,JP,ELEC4,FINAN,8.04,0.0,0.0,0.0,0.0,0.0
6594,JP,JP,RESEA,SANDC,8.04,0.0,0.0,0.0,0.0,0.0
5896,JP,JP,PRINT,COPP1,8.06,0.0,0.0,0.0,0.0,0.0
2812,JP,JP,ELEC8,FINAN,8.07,0.0,0.0,0.0,0.0,0.0
4044,JP,JP,INSUR,SUGAR,7.86,0.0,0.0,0.0,0.0,0.0
354,JP,JP,AUXIL,FISHF,7.84,0.0,0.0,0.0,0.0,0.0
1789,JP,JP,EDUCA,GLASS,7.83,0.0,0.0,0.0,0.0,0.0
44,JP,JP,93197,FISHF,7.8,0.0,0.0,0.0,0.0,0.0
7376,JP,JP,TRAN1,RAWMI,7.62,0.0,0.0,0.0,0.0,0.0
1389,JP,JP,CONST,FORES,7.63,0.0,0.0,0.0,0.0,0.0
6684,JP,JP,RETA1,NONF1,7.67,0.0,0.0,0.0,0.0,0.0
4462,JP,JP,LEATH,RADIO,7.67,0.0,0.0,0.0,0.0,0.0
1387,JP,JP,CONST,FISHF,7.69,0.0,0.0,0.0,0.0,0.0
1535,JP,JP,DAIRY,MEAT1,7.7,0.0,0.0,0.0,0.0,0.0
164,JP,JP,AIRTR,FOOD5,7.7,0.0,0.0,0.0,0.0,0.0
764,JP,JP,BUSIN,ELEC6,7.72,0.0,0.0,0.0,0.0,0.0
1132,JP,JP,COKE1,GLASS,7.73,0.0,0.0,0.0,0.0,0.0
349,JP,JP,AUXIL,ELEC8,7.73,0.0,0.0,0.0,0.0,0.0
7575,JP,JP,WEARI,MEATC,7.74,0.0,0.0,0.0,0.0,0.0
4895,JP,JP,MOTOR,FABRI,7.74,0.0,0.0,0.0,0.0,0.0
1467,JP,JP,COPP1,MEMBE,7.74,0.0,0.0,0.0,0.0,0.0
3989,JP,JP,INSUR,LEAD1,7.76,0.0,0.0,0.0,0.0,0.0
4005,JP,JP,INSUR,NONF1,7.76,0.0,0.0,0.0,0.0,0.0
5401,JP,JP,OXYGE,MOTO1,7.77,0.0,0.0,0.0,0.0,0.0
5970,JP,JP,PRINT,REALE,7.79,0.0,0.0,0.0,0.0,0.0
7378,JP,JP,TRAN1,RETAI,8.07,0.0,0.0,0.0,0.0,0.0
1936,JP,JP,ELE11,RETA1,8.11,0.0,0.0,0.0,0.0,0.0
2800,JP,JP,ELEC8,COKEO,7.62,0.0,0.0,0.0,0.0,0.0
3089,JP,JP,FABRI,TEXTI,8.42,0.0,0.0,0.0,0.0,0.0
2791,JP,JP,ELEC8,BUSIN,8.35,0.0,0.0,0.0,0.0,0.0
2797,JP,JP,ELEC8,CHEMI,8.36,0.0,0.0,0.0,0.0,0.0
2412,JP,JP,ELEC3,TRANS,8.36,0.0,0.0,0.0,0.0,0.0
1282,JP,JP,COMPU,MEAT1,8.38,0.0,0.0,0.0,0.0,0.0
5545,JP,JP,PAPER,RETAI,8.38,0.0,0.0,0.0,0.0,0.0
3550,JP,JP,GASDI,CEREA,8.4,0.0,0.0,0.0,0.0,0.0
25,JP,JP,93197,COPP1,8.4,0.0,0.0,0.0,0.0,0.0
7717,JP,JP,WOODW,DAIRY,8.42,0.0,0.0,0.0,0.0,0.0
3407,JP,JP,FOUND,PUBLI,8.43,0.0,0.0,0.0,0.0,0.0
3515,JP,JP,FURNI,RETAI,8.14,0.0,0.0,0.0,0.0,0.0
5435,JP,JP,PADDY,ANIMA,8.45,0.0,0.0,0.0,0.0,0.0
5061,JP,JP,NATUR,OFFIC,8.46,0.0,0.0,0.0,0.0,0.0
3138,JP,JP,FINAN,ELEC6,8.48,0.0,0.0,0.0,0.0,0.0
895,JP,JP,CERAM,BASIC,8.49,0.0,0.0,0.0,0.0,0.0
864,JP,JP,CEMEN,CEMEN,8.5,0.0,0.0,0.0,0.0,0.0
7409,JP,JP,TRAN2,NAPHT,8.5,0.0,0.0,0.0,0.0,0.0
4234,JP,JP,LANDT,AUXIL,8.5,0.0,0.0,0.0,0.0,0.0
1215,JP,JP,COKEO,TRANS,8.53,0.0,0.0,0.0,0.0,0.0
4593,JP,JP,LUBRI,COKEO,8.35,0.0,0.0,0.0,0.0,0.0
2436,JP,JP,ELEC4,CHEMI,8.33,0.0,0.0,0.0,0.0,0.0
3048,JP,JP,FABRI,NATU1,8.33,0.0,0.0,0.0,0.0,0.0
168,JP,JP,AIRTR,GASDI,8.32,0.0,0.0,0.0,0.0,0.0
4894,JP,JP,MOTOR,ELECT,8.14,0.0,0.0,0.0,0.0,0.0
335,JP,JP,AUXIL,CROPS,8.14,0.0,0.0,0.0,0.0,0.0
6005,JP,JP,PROCE,MEMBE,8.15,0.0,0.0,0.0,0.0,0.0
2906,JP,JP,ELECT,CATTL,8.15,0.0,0.0,0.0,0.0,0.0
865,JP,JP,CEMEN,CERAM,8.17,0.0,0.0,0.0,0.0,0.0
1370,JP,JP,CONST,CROPS,8.18,0.0,0.0,0.0,0.0,0.0
323,JP,JP,AUXIL,CEMEN,8.18,0.0,0.0,0.0,0.0,0.0
4981,JP,JP,NAPHT,NFERT,8.19,0.0,0.0,0.0,0.0,0.0
2404,JP,JP,ELEC3,STONE,8.2,0.0,0.0,0.0,0.0,0.0
4233,JP,JP,LANDT,ANIMA,8.21,0.0,0.0,0.0,0.0,0.0
2249,JP,JP,ELEC2,MEATC,8.23,0.0,0.0,0.0,0.0,0.0
5180,JP,JP,NONF1,RESEA,8.27,0.0,0.0,0.0,0.0,0.0
2221,JP,JP,ELEC2,CRUDE,8.28,0.0,0.0,0.0,0.0,0.0
4765,JP,JP,MEMBE,DISTR,8.29,0.0,0.0,0.0,0.0,0.0
2710,JP,JP,ELEC6,NONME,8.29,0.0,0.0,0.0,0.0,0.0
3981,JP,JP,INSUR,HEAVY,8.31,0.0,0.0,0.0,0.0,0.0
2430,JP,JP,ELEC4,BUSIN,8.32,0.0,0.0,0.0,0.0,0.0
5021,JP,JP,NATUR,BEVER,7.62,0.0,0.0,0.0,0.0,0.0
7387,JP,JP,TRAN1,TRAN2,7.6,0.0,0.0,0.0,0.0,0.0
6791,JP,JP,RUBBE,MOTOR,6.98,0.0,0.0,0.0,0.0,0.0
1507,JP,JP,CRUDE,GASDI,7.23,0.0,0.0,0.0,0.0,0.0
5514,JP,JP,PAPER,MEAT1,7.16,0.0,0.0,0.0,0.0,0.0
2036,JP,JP,ELE12,PRECI,7.16,0.0,0.0,0.0,0.0,0.0
2842,JP,JP,ELEC8,NATU1,7.16,0.0,0.0,0.0,0.0,0.0
1541,JP,JP,DAIRY,PIGS9,7.18,0.0,0.0,0.0,0.0,0.0
934,JP,JP,CERAM,WOODW,7.2,0.0,0.0,0.0,0.0,0.0
1043,JP,JP,CHEM1,SEACO,7.21,0.0,0.0,0.0,0.0,0.0
2726,JP,JP,ELEC6,PRINT,7.21,0.0,0.0,0.0,0.0,0.0
1126,JP,JP,COKE1,ELECT,7.22,0.0,0.0,0.0,0.0,0.0
2350,JP,JP,ELEC3,LEAD1,7.24,0.0,0.0,0.0,0.0,0.0
4180,JP,JP,KERO1,PULP5,7.3,0.0,0.0,0.0,0.0,0.0
2166,JP,JP,ELEC1,RAWMI,7.24,0.0,0.0,0.0,0.0,0.0
2173,JP,JP,ELEC1,RETAI,7.24,0.0,0.0,0.0,0.0,0.0
5906,JP,JP,PRINT,ELEC3,7.26,0.0,0.0,0.0,0.0,0.0
5006,JP,JP,NATU1,KEROS,7.26,0.0,0.0,0.0,0.0,0.0
2999,JP,JP,FABRI,COPP1,7.26,0.0,0.0,0.0,0.0,0.0
5987,JP,JP,PRINT,TRAN1,7.27,0.0,0.0,0.0,0.0,0.0
7371,JP,JP,TRAN1,PIGS9,7.28,0.0,0.0,0.0,0.0,0.0
2734,JP,JP,ELEC6,REALE,7.29,0.0,0.0,0.0,0.0,0.0
1956,JP,JP,ELE12,93197,7.15,0.0,0.0,0.0,0.0,0.0
6520,JP,JP,RESEA,EDUCA,7.14,0.0,0.0,0.0,0.0,0.0
7404,JP,JP,TRAN2,KERO1,7.14,0.0,0.0,0.0,0.0,0.0
5551,JP,JP,PAPER,SUGAR,7.12,0.0,0.0,0.0,0.0,0.0
142,JP,JP,AIRTR,COKEO,6.99,0.0,0.0,0.0,0.0,0.0
2307,JP,JP,ELEC3,ALUM1,7.01,0.0,0.0,0.0,0.0,0.0
1254,JP,JP,COMPU,ELEC5,7.01,0.0,0.0,0.0,0.0,0.0
5838,JP,JP,POSTT,TOBAC,7.01,0.0,0.0,0.0,0.0,0.0
3710,JP,JP,GLASS,WHOLE,7.02,0.0,0.0,0.0,0.0,0.0
2334,JP,JP,ELEC3,FISH5,7.02,0.0,0.0,0.0,0.0,0.0
1804,JP,JP,EDUCA,MEDIC,7.02,0.0,0.0,0.0,0.0,0.0
1637,JP,JP,DIST1,RETAI,7.02,0.0,0.0,0.0,0.0,0.0
4095,JP,JP,KERO1,BRICK,7.02,0.0,0.0,0.0,0.0,0.0
7438,JP,JP,VEGE1,93197,7.02,0.0,0.0,0.0,0.0,0.0
2627,JP,JP,ELEC5,RUBBE,7.03,0.0,0.0,0.0,0.0,0.0
929,JP,JP,CERAM,RUBBE,7.03,0.0,0.0,0.0,0.0,0.0
1307,JP,JP,COMPU,PIGS9,7.05,0.0,0.0,0.0,0.0,0.0
6621,JP,JP,RETA1,BRICK,7.06,0.0,0.0,0.0,0.0,0.0
586,JP,JP,BITU1,ELE11,7.06,0.0,0.0,0.0,0.0,0.0
6115,JP,JP,RAILW,BITUM,7.06,0.0,0.0,0.0,0.0,0.0
4400,JP,JP,LEATH,BUSIN,7.07,0.0,0.0,0.0,0.0,0.0
1743,JP,JP,DISTR,VEGE1,7.29,0.0,0.0,0.0,0.0,0.0
6563,JP,JP,RESEA,NATU1,7.31,0.0,0.0,0.0,0.0,0.0
2042,JP,JP,ELE12,RADIO,7.59,0.0,0.0,0.0,0.0,0.0
2483,JP,JP,ELEC4,NONFE,7.53,0.0,0.0,0.0,0.0,0.0
6636,JP,JP,RETA1,DAIRY,7.47,0.0,0.0,0.0,0.0,0.0
450,JP,JP,BASIC,CERAM,7.48,0.0,0.0,0.0,0.0,0.0
4807,JP,JP,MEMBE,MOTOR,7.49,0.0,0.0,0.0,0.0,0.0
283,JP,JP,ALUM1,WOODW,7.5,0.0,0.0,0.0,0.0,0.0
4685,JP,JP,MEDIC,ALUM1,7.5,0.0,0.0,0.0,0.0,0.0
5868,JP,JP,PRECI,CERAM,7.52,0.0,0.0,0.0,0.0,0.0
7664,JP,JP,WHITE,RADIO,7.52,0.0,0.0,0.0,0.0,0.0
5005,JP,JP,NATU1,KERO1,7.53,0.0,0.0,0.0,0.0,0.0
5259,JP,JP,NONME,NONF1,7.54,0.0,0.0,0.0,0.0,0.0
4812,JP,JP,MEMBE,NONF1,7.31,0.0,0.0,0.0,0.0,0.0
5177,JP,JP,NONF1,PRINT,7.54,0.0,0.0,0.0,0.0,0.0
2575,JP,JP,ELEC5,HOTEL,7.55,0.0,0.0,0.0,0.0,0.0
6329,JP,JP,RECRE,BASIC,7.56,0.0,0.0,0.0,0.0,0.0
4380,JP,JP,LEAD1,NONME,7.56,0.0,0.0,0.0,0.0,0.0
2846,JP,JP,ELEC8,NONFE,7.56,0.0,0.0,0.0,0.0,0.0
7757,JP,JP,WOODW,RADIO,7.56,0.0,0.0,0.0,0.0,0.0
2669,JP,JP,ELEC6,DIST1,7.57,0.0,0.0,0.0,0.0,0.0
2438,JP,JP,ELEC4,COKEO,7.59,0.0,0.0,0.0,0.0,0.0
6627,JP,JP,RETA1,CHEMI,7.45,0.0,0.0,0.0,0.0,0.0
6476,JP,JP,REFIN,LIQUE,7.45,0.0,0.0,0.0,0.0,0.0
2761,JP,JP,ELEC6,WOODW,7.45,0.0,0.0,0.0,0.0,0.0
434,JP,JP,AUXIL,VEGE1,7.45,0.0,0.0,0.0,0.0,0.0
2682,JP,JP,ELEC6,GASDI,7.31,0.0,0.0,0.0,0.0,0.0
5625,JP,JP,PFERT,NONME,7.32,0.0,0.0,0.0,0.0,0.0
67,JP,JP,93197,MEDIC,7.33,0.0,0.0,0.0,0.0,0.0
6794,JP,JP,RUBBE,NATUR,7.35,0.0,0.0,0.0,0.0,0.0
7316,JP,JP,TRAN1,AIRTR,7.36,0.0,0.0,0.0,0.0,0.0
2591,JP,JP,ELEC5,MOTO1,7.36,0.0,0.0,0.0,0.0,0.0
4378,JP,JP,LEAD1,MOTO1,7.39,0.0,0.0,0.0,0.0,0.0
3639,JP,JP,GASDI,TOBAC,7.4,0.0,0.0,0.0,0.0,0.0
1968,JP,JP,ELE12,CEMEN,7.41,0.0,0.0,0.0,0.0,0.0
2925,JP,JP,ELECT,ELEC5,7.41,0.0,0.0,0.0,0.0,0.0
945,JP,JP,CHEM1,AIRTR,7.42,0.0,0.0,0.0,0.0,0.0
5319,JP,JP,NONSP,LIQUE,7.42,0.0,0.0,0.0,0.0,0.0
7529,JP,JP,WEARI,CHEMI,7.42,0.0,0.0,0.0,0.0,0.0
2722,JP,JP,ELEC6,POSTT,7.43,0.0,0.0,0.0,0.0,0.0
1152,JP,JP,COKE1,POSTT,7.44,0.0,0.0,0.0,0.0,0.0
5756,JP,JP,POSTT,ELEC4,7.45,0.0,0.0,0.0,0.0,0.0
2322,JP,JP,ELEC3,COMPU,7.45,0.0,0.0,0.0,0.0,0.0
394,JP,JP,AUXIL,PADDY,13.19,0.0,0.0,0.0,0.0,0.0
4171,JP,JP,KERO1,PLAST,13.2,0.0,0.0,0.0,0.0,0.0
7284,JP,JP,TEXTI,PFERT,13.25,0.0,0.0,0.0,0.0,0.0
1641,JP,JP,DIST1,SEACO,29.02,0.0,0.0,0.0,0.0,0.0
3975,JP,JP,INSUR,FORES,28.52,0.0,0.0,0.0,0.0,0.0
5763,JP,JP,POSTT,FISH5,28.56,0.0,0.0,0.0,0.0,0.0
4869,JP,JP,MOTOR,93197,28.61,0.0,0.0,0.0,0.0,0.0
5292,JP,JP,NONME,VEGET,28.77,0.0,0.0,0.0,0.0,0.0
6616,JP,JP,RETA1,BEVER,28.8,0.0,0.0,0.0,0.0,0.0
3773,JP,JP,HEAVY,DAIRY,28.81,0.0,0.0,0.0,0.0,0.0
3616,JP,JP,GASDI,PROCE,28.91,0.0,0.0,0.0,0.0,0.0
338,JP,JP,AUXIL,DIST1,29.01,0.0,0.0,0.0,0.0,0.0
4530,JP,JP,LIQUE,KERO1,29.07,0.0,0.0,0.0,0.0,0.0
4488,JP,JP,LIQUE,BASIC,29.86,0.0,0.0,0.0,0.0,0.0
2105,JP,JP,ELEC1,FINAN,29.2,0.0,0.0,0.0,0.0,0.0
6165,JP,JP,RAILW,NATUR,29.21,0.0,0.0,0.0,0.0,0.0
4820,JP,JP,MEMBE,PADDY,29.27,0.0,0.0,0.0,0.0,0.0
6167,JP,JP,RAILW,NONF1,29.42,0.0,0.0,0.0,0.0,0.0
5315,JP,JP,NONSP,HEAVY,29.43,0.0,0.0,0.0,0.0,0.0
6473,JP,JP,REFIN,HEAVY,29.56,0.0,0.0,0.0,0.0,0.0
1295,JP,JP,COMPU,NONFE,29.61,0.0,0.0,0.0,0.0,0.0
1156,JP,JP,COKE1,PUBLI,29.73,0.0,0.0,0.0,0.0,0.0
3795,JP,JP,HEAVY,LANDT,28.38,0.0,0.0,0.0,0.0,0.0
4952,JP,JP,MOTOR,TRANS,28.25,0.0,0.0,0.0,0.0,0.0
1129,JP,JP,COKE1,FOOD5,28.12,0.0,0.0,0.0,0.0,0.0
698,JP,JP,BLAST,RADIO,28.06,0.0,0.0,0.0,0.0,0.0
988,JP,JP,CHEM1,FISHF,26.46,0.0,0.0,0.0,0.0,0.0
3003,JP,JP,FABRI,DIST1,26.63,0.0,0.0,0.0,0.0,0.0
5883,JP,JP,PRINT,BRICK,26.64,0.0,0.0,0.0,0.0,0.0
1284,JP,JP,COMPU,MEATC,26.69,0.0,0.0,0.0,0.0,0.0
1581,JP,JP,DIST1,ELEC8,26.79,0.0,0.0,0.0,0.0,0.0
679,JP,JP,BLAST,MOTO1,26.8,0.0,0.0,0.0,0.0,0.0
6245,JP,JP,REALE,DAIRY,26.94,0.0,0.0,0.0,0.0,0.0
3202,JP,JP,FINAN,RAWMI,27.13,0.0,0.0,0.0,0.0,0.0
1289,JP,JP,COMPU,MOTOR,27.17,0.0,0.0,0.0,0.0,0.0
4897,JP,JP,MOTOR,FISHF,27.19,0.0,0.0,0.0,0.0,0.0
3990,JP,JP,INSUR,LEATH,27.32,0.0,0.0,0.0,0.0,0.0
2141,JP,JP,ELEC1,NONFE,27.36,0.0,0.0,0.0,0.0,0.0
4172,JP,JP,KERO1,POSTT,27.46,0.0,0.0,0.0,0.0,0.0
2093,JP,JP,ELEC1,COKEO,27.56,0.0,0.0,0.0,0.0,0.0
2732,JP,JP,ELEC6,RAILW,27.86,0.0,0.0,0.0,0.0,0.0
957,JP,JP,CHEM1,BRICK,27.91,0.0,0.0,0.0,0.0,0.0
4531,JP,JP,LIQUE,KEROS,28.04,0.0,0.0,0.0,0.0,0.0
6658,JP,JP,RETA1,GLASS,29.85,0.0,0.0,0.0,0.0,0.0
5901,JP,JP,PRINT,DISTR,29.92,0.0,0.0,0.0,0.0,0.0
5986,JP,JP,PRINT,TOBAC,26.41,0.0,0.0,0.0,0.0,0.0
4496,JP,JP,LIQUE,CERAM,32.83,0.0,0.0,0.0,0.0,0.0
4748,JP,JP,MEMBE,BRICK,31.75,0.0,0.0,0.0,0.0,0.0
2160,JP,JP,ELEC1,PRIVA,32.0,0.0,0.0,0.0,0.0,0.0
360,JP,JP,AUXIL,GLASS,32.07,0.0,0.0,0.0,0.0,0.0
1003,JP,JP,CHEM1,MEAT1,32.22,0.0,0.0,0.0,0.0,0.0
3548,JP,JP,GASDI,CEMEN,32.29,0.0,0.0,0.0,0.0,0.0
4760,JP,JP,MEMBE,COPP1,32.69,0.0,0.0,0.0,0.0,0.0
2113,JP,JP,ELEC1,GLASS,32.74,0.0,0.0,0.0,0.0,0.0
468,JP,JP,BASIC,NATUR,32.79,0.0,0.0,0.0,0.0,0.0
1231,JP,JP,COMPU,CEMEN,32.97,0.0,0.0,0.0,0.0,0.0
4975,JP,JP,NAPHT,LEATH,30.0,0.0,0.0,0.0,0.0,0.0
652,JP,JP,BLAST,CONST,33.02,0.0,0.0,0.0,0.0,0.0
656,JP,JP,BLAST,EDUCA,33.21,0.0,0.0,0.0,0.0,0.0
353,JP,JP,AUXIL,FISH5,33.49,0.0,0.0,0.0,0.0,0.0
6229,JP,JP,REALE,BITUM,33.5,0.0,0.0,0.0,0.0,0.0
3636,JP,JP,GASDI,SUGAR,33.55,0.0,0.0,0.0,0.0,0.0
1638,JP,JP,DIST1,RUBBE,33.61,0.0,0.0,0.0,0.0,0.0
4136,JP,JP,KERO1,HEAVY,33.81,0.0,0.0,0.0,0.0,0.0
3842,JP,JP,HEAVY,RUBBE,33.93,0.0,0.0,0.0,0.0,0.0
6648,JP,JP,RETA1,ELECT,31.71,0.0,0.0,0.0,0.0,0.0
1338,JP,JP,COMPU,TRAN1,31.7,0.0,0.0,0.0,0.0,0.0
2849,JP,JP,ELEC8,OFFIC,31.59,0.0,0.0,0.0,0.0,0.0
4778,JP,JP,MEMBE,FINAN,31.53,0.0,0.0,0.0,0.0,0.0
4632,JP,JP,LUBRI,RETA1,30.07,0.0,0.0,0.0,0.0,0.0
1585,JP,JP,DIST1,FISH5,30.14,0.0,0.0,0.0,0.0,0.0
2084,JP,JP,ELEC1,BUSIN,30.22,0.0,0.0,0.0,0.0,0.0
2091,JP,JP,ELEC1,CHEMI,30.25,0.0,0.0,0.0,0.0,0.0
1030,JP,JP,CHEM1,POULT,30.32,0.0,0.0,0.0,0.0,0.0
2898,JP,JP,ELEC8,WHOLE,30.67,0.0,0.0,0.0,0.0,0.0
4628,JP,JP,LUBRI,RECRE,30.73,0.0,0.0,0.0,0.0,0.0
3757,JP,JP,HEAVY,BITU1,30.85,0.0,0.0,0.0,0.0,0.0
508,JP,JP,BEVER,SUPPO,30.89,0.0,0.0,0.0,0.0,0.0
482,JP,JP,BASIC,SALEM,30.94,0.0,0.0,0.0,0.0,0.0
4199,JP,JP,KERO1,TEXTI,31.14,0.0,0.0,0.0,0.0,0.0
2868,JP,JP,ELEC8,PULP5,31.14,0.0,0.0,0.0,0.0,0.0
414,JP,JP,AUXIL,RECRE,31.14,0.0,0.0,0.0,0.0,0.0
5781,JP,JP,POSTT,LEATH,31.29,0.0,0.0,0.0,0.0,0.0
1083,JP,JP,COALT,CHEM1,31.33,0.0,0.0,0.0,0.0,0.0
923,JP,JP,CERAM,PUBLI,31.43,0.0,0.0,0.0,0.0,0.0
3668,JP,JP,GLASS,FISH5,31.5,0.0,0.0,0.0,0.0,0.0
2686,JP,JP,ELEC6,HOTEL,26.45,0.0,0.0,0.0,0.0,0.0
4769,JP,JP,MEMBE,ELEC1,26.37,0.0,0.0,0.0,0.0,0.0
6707,JP,JP,RETA1,REALE,34.28,0.0,0.0,0.0,0.0,0.0
2115,JP,JP,ELEC1,HEAVY,23.61,0.0,0.0,0.0,0.0,0.0
4555,JP,JP,LIQUE,PFERT,23.25,0.0,0.0,0.0,0.0,0.0
6733,JP,JP,RETA1,WOODW,23.28,0.0,0.0,0.0,0.0,0.0
4184,JP,JP,KERO1,REALE,23.36,0.0,0.0,0.0,0.0,0.0
3979,JP,JP,INSUR,GLASS,23.39,0.0,0.0,0.0,0.0,0.0
4212,JP,JP,KEROS,BITU1,23.4,0.0,0.0,0.0,0.0,0.0
6119,JP,JP,RAILW,CERAM,23.43,0.0,0.0,0.0,0.0,0.0
4690,JP,JP,MEDIC,CEMEN,23.44,0.0,0.0,0.0,0.0,0.0
3978,JP,JP,INSUR,GASDI,23.44,0.0,0.0,0.0,0.0,0.0
4542,JP,JP,LIQUE,MOTO1,23.63,0.0,0.0,0.0,0.0,0.0
6562,JP,JP,RESEA,NAPHT,24.14,0.0,0.0,0.0,0.0,0.0
907,JP,JP,CERAM,ELECT,23.63,0.0,0.0,0.0,0.0,0.0
1031,JP,JP,CHEM1,PREC1,23.63,0.0,0.0,0.0,0.0,0.0
1007,JP,JP,CHEM1,MEATP,23.64,0.0,0.0,0.0,0.0,0.0
2930,JP,JP,ELECT,FISHF,23.67,0.0,0.0,0.0,0.0,0.0
6190,JP,JP,RAILW,REALE,23.7,0.0,0.0,0.0,0.0,0.0
4624,JP,JP,LUBRI,PUBLI,23.71,0.0,0.0,0.0,0.0,0.0
4091,JP,JP,KERO1,BEVER,23.84,0.0,0.0,0.0,0.0,0.0
979,JP,JP,CHEM1,ELEC2,24.04,0.0,0.0,0.0,0.0,0.0
3973,JP,JP,INSUR,FISHF,23.23,0.0,0.0,0.0,0.0,0.0
5534,JP,JP,PAPER,POULT,23.15,0.0,0.0,0.0,0.0,0.0
5555,JP,JP,PAPER,TRAN2,23.14,0.0,0.0,0.0,0.0,0.0
6889,JP,JP,SANDC,PFERT,23.11,0.0,0.0,0.0,0.0,0.0
4521,JP,JP,LIQUE,FOOD5,22.32,0.0,0.0,0.0,0.0,0.0
3164,JP,JP,FINAN,MEAT1,22.33,0.0,0.0,0.0,0.0,0.0
906,JP,JP,CERAM,EDUCA,22.34,0.0,0.0,0.0,0.0,0.0
1435,JP,JP,CONST,PROCE,22.38,0.0,0.0,0.0,0.0,0.0
4131,JP,JP,KERO1,FOUND,22.39,0.0,0.0,0.0,0.0,0.0
3508,JP,JP,FURNI,RAILW,22.66,0.0,0.0,0.0,0.0,0.0
5734,JP,JP,POSTT,CEMEN,22.68,0.0,0.0,0.0,0.0,0.0
5702,JP,JP,PLAST,MEDIC,22.69,0.0,0.0,0.0,0.0,0.0
2681,JP,JP,ELEC6,FURNI,22.75,0.0,0.0,0.0,0.0,0.0
5517,JP,JP,PAPER,MEATC,22.79,0.0,0.0,0.0,0.0,0.0
2684,JP,JP,ELEC6,HEALT,22.86,0.0,0.0,0.0,0.0,0.0
4386,JP,JP,LEAD1,RADIO,22.86,0.0,0.0,0.0,0.0,0.0
343,JP,JP,AUXIL,ELEC1,22.88,0.0,0.0,0.0,0.0,0.0
4713,JP,JP,MEDIC,MEDIC,22.93,0.0,0.0,0.0,0.0,0.0
894,JP,JP,CERAM,93197,23.02,0.0,0.0,0.0,0.0,0.0
2786,JP,JP,ELEC8,BEVER,23.05,0.0,0.0,0.0,0.0,0.0
188,JP,JP,AIRTR,MEMBE,23.06,0.0,0.0,0.0,0.0,0.0
778,JP,JP,BUSIN,HEAVY,24.14,0.0,0.0,0.0,0.0,0.0
3855,JP,JP,HEAVY,VEGE1,24.14,0.0,0.0,0.0,0.0,0.0
1292,JP,JP,COMPU,NATUR,26.34,0.0,0.0,0.0,0.0,0.0
5324,JP,JP,NONSP,NONME,25.86,0.0,0.0,0.0,0.0,0.0
771,JP,JP,BUSIN,FISHF,25.47,0.0,0.0,0.0,0.0,0.0
1631,JP,JP,DIST1,RAILW,25.47,0.0,0.0,0.0,0.0,0.0
3944,JP,JP,INSUR,CERAM,25.5,0.0,0.0,0.0,0.0,0.0
993,JP,JP,CHEM1,HEAVY,25.57,0.0,0.0,0.0,0.0,0.0
2895,JP,JP,ELEC8,WEARI,25.57,0.0,0.0,0.0,0.0,0.0
3575,JP,JP,GASDI,HEAVY,25.58,0.0,0.0,0.0,0.0,0.0
1239,JP,JP,COMPU,COKEO,25.63,0.0,0.0,0.0,0.0,0.0
2702,JP,JP,ELEC6,MOTO1,25.79,0.0,0.0,0.0,0.0,0.0
5549,JP,JP,PAPER,SEACO,25.89,0.0,0.0,0.0,0.0,0.0
3491,JP,JP,FURNI,NONFE,24.18,0.0,0.0,0.0,0.0,0.0
1317,JP,JP,COMPU,PULP5,25.91,0.0,0.0,0.0,0.0,0.0
1761,JP,JP,EDUCA,CERAM,25.96,0.0,0.0,0.0,0.0,0.0
3072,JP,JP,FABRI,RAILW,25.99,0.0,0.0,0.0,0.0,0.0
1555,JP,JP,DIST1,BRICK,26.08,0.0,0.0,0.0,0.0,0.0
583,JP,JP,BITU1,CONST,26.1,0.0,0.0,0.0,0.0,0.0
820,JP,JP,BUSIN,PROCE,26.15,0.0,0.0,0.0,0.0,0.0
3537,JP,JP,GASDI,ANIMA,26.24,0.0,0.0,0.0,0.0,0.0
1046,JP,JP,CHEM1,SUGAR,26.27,0.0,0.0,0.0,0.0,0.0
2840,JP,JP,ELEC8,MOTOR,25.42,0.0,0.0,0.0,0.0,0.0
3389,JP,JP,FOUND,CERAM,25.41,0.0,0.0,0.0,0.0,0.0
6642,JP,JP,RETA1,ELEC2,25.38,0.0,0.0,0.0,0.0,0.0
1615,JP,JP,DIST1,NONF1,25.3,0.0,0.0,0.0,0.0,0.0
3174,JP,JP,FINAN,NATU1,24.26,0.0,0.0,0.0,0.0,0.0
6553,JP,JP,RESEA,MEAT1,24.36,0.0,0.0,0.0,0.0,0.0
6109,JP,JP,RAILW,ALUM1,24.37,0.0,0.0,0.0,0.0,0.0
1118,JP,JP,COKE1,CONST,24.47,0.0,0.0,0.0,0.0,0.0
5796,JP,JP,POSTT,NONF1,24.49,0.0,0.0,0.0,0.0,0.0
6317,JP,JP,REALE,TRAN1,24.5,0.0,0.0,0.0,0.0,0.0
1202,JP,JP,COKEO,LEAD1,24.55,0.0,0.0,0.0,0.0,0.0
1123,JP,JP,COKE1,EDUCA,24.61,0.0,0.0,0.0,0.0,0.0
2741,JP,JP,ELEC6,RUBBE,24.63,0.0,0.0,0.0,0.0,0.0
6270,JP,JP,REALE,LEATH,24.65,0.0,0.0,0.0,0.0,0.0
3410,JP,JP,FOUND,RETA1,24.66,0.0,0.0,0.0,0.0,0.0
4155,JP,JP,KERO1,NAPHT,24.72,0.0,0.0,0.0,0.0,0.0
4110,JP,JP,KERO1,CROPS,24.95,0.0,0.0,0.0,0.0,0.0
3598,JP,JP,GASDI,NFERT,25.2,0.0,0.0,0.0,0.0,0.0
6502,JP,JP,RESEA,BRICK,25.24,0.0,0.0,0.0,0.0,0.0
1060,JP,JP,CHEMI,BRICK,25.25,0.0,0.0,0.0,0.0,0.0
310,JP,JP,AUXIL,ALUM1,25.29,0.0,0.0,0.0,0.0,0.0
1622,JP,JP,DIST1,PLAST,34.02,0.0,0.0,0.0,0.0,0.0
6625,JP,JP,RETA1,CERAM,34.31,0.0,0.0,0.0,0.0,0.0
1548,JP,JP,DIST1,AIRTR,22.29,0.0,0.0,0.0,0.0,0.0
4613,JP,JP,LUBRI,MOTOR,72.87,0.0,0.0,0.0,0.0,0.0
4584,JP,JP,LUBRI,93197,64.92,0.0,0.0,0.0,0.0,0.0
4641,JP,JP,LUBRI,WHOLE,68.26,0.0,0.0,0.0,0.0,0.0
3762,JP,JP,HEAVY,CEMEN,68.36,0.0,0.0,0.0,0.0,0.0
3770,JP,JP,HEAVY,COPP1,68.52,0.0,0.0,0.0,0.0,0.0
4556,JP,JP,LIQUE,PLAST,70.29,0.0,0.0,0.0,0.0,0.0
3641,JP,JP,GASDI,TRANS,70.55,0.0,0.0,0.0,0.0,0.0
3561,JP,JP,GASDI,DAIRY,71.86,0.0,0.0,0.0,0.0,0.0
3573,JP,JP,GASDI,GASDI,72.19,0.0,0.0,0.0,0.0,0.0
4208,JP,JP,KERO1,WHOLE,75.67,0.0,0.0,0.0,0.0,0.0
6323,JP,JP,REALE,WOODW,91.04,0.0,0.0,0.0,0.0,0.0
3851,JP,JP,HEAVY,TEXTI,76.01,0.0,0.0,0.0,0.0,0.0
3784,JP,JP,HEAVY,FURNI,79.07,0.0,0.0,0.0,0.0,0.0
6283,JP,JP,REALE,NATUR,80.09,0.0,0.0,0.0,0.0,0.0
6312,JP,JP,REALE,STONE,80.43,0.0,0.0,0.0,0.0,0.0
5313,JP,JP,NONSP,GASDI,83.05,0.0,0.0,0.0,0.0,0.0
6472,JP,JP,REFIN,GASDI,83.4,0.0,0.0,0.0,0.0,0.0
4915,JP,JP,MOTOR,MEMBE,85.97,0.0,0.0,0.0,0.0,0.0
3623,JP,JP,GASDI,RECRE,86.11,0.0,0.0,0.0,0.0,0.0
4948,JP,JP,MOTOR,SUPPO,64.79,0.0,0.0,0.0,0.0,0.0
3822,JP,JP,HEAVY,PFERT,63.96,0.0,0.0,0.0,0.0,0.0
6222,JP,JP,REALE,ALUM1,63.82,0.0,0.0,0.0,0.0,0.0
4996,JP,JP,NAPHT,WOODW,63.72,0.0,0.0,0.0,0.0,0.0
3590,JP,JP,GASDI,MEATP,53.75,0.0,0.0,0.0,0.0,0.0
3599,JP,JP,GASDI,NONF1,54.1,0.0,0.0,0.0,0.0,0.0
6686,JP,JP,RETA1,NONME,55.19,0.0,0.0,0.0,0.0,0.0
1633,JP,JP,DIST1,RECRE,55.99,0.0,0.0,0.0,0.0,0.0
6255,JP,JP,REALE,ELEC8,56.53,0.0,0.0,0.0,0.0,0.0
3589,JP,JP,GASDI,MEATC,56.82,0.0,0.0,0.0,0.0,0.0
4096,JP,JP,KERO1,BUSIN,57.78,0.0,0.0,0.0,0.0,0.0
4497,JP,JP,LIQUE,CHEM1,58.2,0.0,0.0,0.0,0.0,0.0
4589,JP,JP,LUBRI,BUSIN,58.35,0.0,0.0,0.0,0.0,0.0
3799,JP,JP,HEAVY,LUBRI,58.7,0.0,0.0,0.0,0.0,0.0
3558,JP,JP,GASDI,COPP1,59.85,0.0,0.0,0.0,0.0,0.0
602,JP,JP,BITU1,HEAVY,59.98,0.0,0.0,0.0,0.0,0.0
3838,JP,JP,HEAVY,REFI1,60.25,0.0,0.0,0.0,0.0,0.0
1619,JP,JP,DIST1,PAPER,60.71,0.0,0.0,0.0,0.0,0.0
4979,JP,JP,NAPHT,MOTOR,61.16,0.0,0.0,0.0,0.0,0.0
4192,JP,JP,KERO1,SALEM,61.33,0.0,0.0,0.0,0.0,0.0
3555,JP,JP,GASDI,COKEO,62.72,0.0,0.0,0.0,0.0,0.0
3783,JP,JP,HEAVY,FOUND,87.24,0.0,0.0,0.0,0.0,0.0
3627,JP,JP,GASDI,RETA1,92.25,0.0,0.0,0.0,0.0,0.0
628,JP,JP,BITU1,SANDC,53.14,0.0,0.0,0.0,0.0,0.0
4635,JP,JP,LUBRI,SEACO,134.44,0.0,0.0,0.0,0.0,0.0
3825,JP,JP,HEAVY,PLAST,120.54,0.0,0.0,0.0,0.0,0.0
4219,JP,JP,KEROS,LIQUE,121.7,0.0,0.0,0.0,0.0,0.0
4125,JP,JP,KERO1,FABRI,127.75,0.0,0.0,0.0,0.0,0.0
4916,JP,JP,MOTOR,MOTO1,129.81,0.0,0.0,0.0,0.0,0.0
4129,JP,JP,KERO1,FOOD5,130.96,0.0,0.0,0.0,0.0,0.0
4154,JP,JP,KERO1,MOTOR,131.72,0.0,0.0,0.0,0.0,0.0
6225,JP,JP,REALE,BEVER,132.02,0.0,0.0,0.0,0.0,0.0
4102,JP,JP,KERO1,CHEM1,133.46,0.0,0.0,0.0,0.0,0.0
4137,JP,JP,KERO1,HOTEL,135.09,0.0,0.0,0.0,0.0,0.0
6256,JP,JP,REALE,ELECT,92.65,0.0,0.0,0.0,0.0,0.0
6307,JP,JP,REALE,RETAI,135.93,0.0,0.0,0.0,0.0,0.0
6221,JP,JP,REALE,AIRTR,138.83,0.0,0.0,0.0,0.0,0.0
6279,JP,JP,REALE,MOTO1,173.66,0.0,0.0,0.0,0.0,0.0
6287,JP,JP,REALE,NONME,208.71,0.0,0.0,0.0,0.0,0.0
6250,JP,JP,REALE,ELEC2,222.84,0.0,0.0,0.0,0.0,0.0
6318,JP,JP,REALE,TRAN2,234.35,0.0,0.0,0.0,0.0,0.0
6236,JP,JP,REALE,CHEM1,240.99,0.0,0.0,0.0,0.0,0.0
6246,JP,JP,REALE,DIST1,260.92,0.0,0.0,0.0,0.0,0.0
3606,JP,JP,GASDI,PAPER,120.14,0.0,0.0,0.0,0.0,0.0
3638,JP,JP,GASDI,TEXTI,118.5,0.0,0.0,0.0,0.0,0.0
6444,JP,JP,REFI1,KERO1,116.49,0.0,0.0,0.0,0.0,0.0
4090,JP,JP,KERO1,BASIC,116.0,0.0,0.0,0.0,0.0,0.0
3621,JP,JP,GASDI,RAWMI,93.01,0.0,0.0,0.0,0.0,0.0
4133,JP,JP,KERO1,GASDI,95.4,0.0,0.0,0.0,0.0,0.0
6224,JP,JP,REALE,BASIC,97.48,0.0,0.0,0.0,0.0,0.0
3546,JP,JP,GASDI,BUSIN,97.75,0.0,0.0,0.0,0.0,0.0
3594,JP,JP,GASDI,MOTOR,99.67,0.0,0.0,0.0,0.0,0.0
6247,JP,JP,REALE,DISTR,100.83,0.0,0.0,0.0,0.0,0.0
3553,JP,JP,GASDI,CHEMI,103.35,0.0,0.0,0.0,0.0,0.0
3536,JP,JP,GASDI,ALUM1,103.56,0.0,0.0,0.0,0.0,0.0
1087,JP,JP,COALT,ELEC1,107.34,0.0,0.0,0.0,0.0,0.0
3622,JP,JP,GASDI,REALE,107.43,0.0,0.0,0.0,0.0,0.0
3856,JP,JP,HEAVY,VEGET,108.03,0.0,0.0,0.0,0.0,0.0
5306,JP,JP,NONSP,COKEO,108.03,0.0,0.0,0.0,0.0,0.0
3556,JP,JP,GASDI,COMPU,108.7,0.0,0.0,0.0,0.0,0.0
4930,JP,JP,MOTOR,POSTT,108.93,0.0,0.0,0.0,0.0,0.0
6445,JP,JP,REFI1,KEROS,112.35,0.0,0.0,0.0,0.0,0.0
5321,JP,JP,NONSP,MOTOR,114.66,0.0,0.0,0.0,0.0,0.0
6478,JP,JP,REFIN,MOTOR,115.15,0.0,0.0,0.0,0.0,0.0
3567,JP,JP,GASDI,FISH5,53.52,0.0,0.0,0.0,0.0,0.0
6263,JP,JP,REALE,GLASS,52.9,0.0,0.0,0.0,0.0,0.0
4544,JP,JP,LIQUE,NAPHT,34.62,0.0,0.0,0.0,0.0,0.0
696,JP,JP,BLAST,PUBLI,40.11,0.0,0.0,0.0,0.0,0.0
1278,JP,JP,COMPU,LEAD1,38.31,0.0,0.0,0.0,0.0,0.0
1037,JP,JP,CHEM1,RAWMI,38.42,0.0,0.0,0.0,0.0,0.0
2103,JP,JP,ELEC1,ELECT,38.8,0.0,0.0,0.0,0.0,0.0
4612,JP,JP,LUBRI,MEMBE,39.51,0.0,0.0,0.0,0.0,0.0
6669,JP,JP,RETA1,LEATH,39.53,0.0,0.0,0.0,0.0,0.0
411,JP,JP,AUXIL,RAILW,39.59,0.0,0.0,0.0,0.0,0.0
2138,JP,JP,ELEC1,NATUR,40.01,0.0,0.0,0.0,0.0,0.0
2678,JP,JP,ELEC6,FOOD5,40.11,0.0,0.0,0.0,0.0,0.0
3160,JP,JP,FINAN,LEAD1,40.29,0.0,0.0,0.0,0.0,0.0
2110,JP,JP,ELEC1,FOUND,42.48,0.0,0.0,0.0,0.0,0.0
1252,JP,JP,COMPU,ELEC3,40.52,0.0,0.0,0.0,0.0,0.0
3224,JP,JP,FINAN,VEGE1,40.57,0.0,0.0,0.0,0.0,0.0
3612,JP,JP,GASDI,POULT,40.59,0.0,0.0,0.0,0.0,0.0
6252,JP,JP,REALE,ELEC4,40.86,0.0,0.0,0.0,0.0,0.0
6234,JP,JP,REALE,CERAM,41.17,0.0,0.0,0.0,0.0,0.0
6611,JP,JP,RETA1,AIRTR,41.42,0.0,0.0,0.0,0.0,0.0
6626,JP,JP,RETA1,CHEM1,42.02,0.0,0.0,0.0,0.0,0.0
4944,JP,JP,MOTOR,SALEM,42.13,0.0,0.0,0.0,0.0,0.0
4132,JP,JP,KERO1,FURNI,37.96,0.0,0.0,0.0,0.0,0.0
662,JP,JP,BLAST,FOOD5,37.95,0.0,0.0,0.0,0.0,0.0
4165,JP,JP,KERO1,PADDY,37.88,0.0,0.0,0.0,0.0,0.0
1008,JP,JP,CHEM1,MEDIC,37.37,0.0,0.0,0.0,0.0,0.0
1141,JP,JP,COKE1,MOTO1,34.64,0.0,0.0,0.0,0.0,0.0
5378,JP,JP,OXYGE,CROPS,34.73,0.0,0.0,0.0,0.0,0.0
1616,JP,JP,DIST1,NONME,34.76,0.0,0.0,0.0,0.0,0.0
2087,JP,JP,ELEC1,CERAM,35.13,0.0,0.0,0.0,0.0,0.0
1617,JP,JP,DIST1,OFFIC,35.39,0.0,0.0,0.0,0.0,0.0
604,JP,JP,BITU1,KEROS,35.52,0.0,0.0,0.0,0.0,0.0
5788,JP,JP,POSTT,MEDIC,35.81,0.0,0.0,0.0,0.0,0.0
3619,JP,JP,GASDI,RADIO,35.94,0.0,0.0,0.0,0.0,0.0
4153,JP,JP,KERO1,MOTO1,35.97,0.0,0.0,0.0,0.0,0.0
2729,JP,JP,ELEC6,PUBLI,36.07,0.0,0.0,0.0,0.0,0.0
3197,JP,JP,FINAN,PROCE,36.12,0.0,0.0,0.0,0.0,0.0
2721,JP,JP,ELEC6,PLAST,36.45,0.0,0.0,0.0,0.0,0.0
5725,JP,JP,POSTT,BEVER,36.48,0.0,0.0,0.0,0.0,0.0
5735,JP,JP,POSTT,CERAM,36.55,0.0,0.0,0.0,0.0,0.0
2709,JP,JP,ELEC6,NONFE,36.72,0.0,0.0,0.0,0.0,0.0
603,JP,JP,BITU1,KERO1,36.83,0.0,0.0,0.0,0.0,0.0
6298,JP,JP,REALE,PROCE,36.94,0.0,0.0,0.0,0.0,0.0
4198,JP,JP,KERO1,SUPPO,42.2,0.0,0.0,0.0,0.0,0.0
2099,JP,JP,ELEC1,DAIRY,43.08,0.0,0.0,0.0,0.0,0.0
4601,JP,JP,LUBRI,GASDI,52.78,0.0,0.0,0.0,0.0,0.0
6466,JP,JP,REFIN,ELEC2,49.51,0.0,0.0,0.0,0.0,0.0
6446,JP,JP,REFI1,LIQUE,47.83,0.0,0.0,0.0,0.0,0.0
1571,JP,JP,DIST1,DISTR,48.03,0.0,0.0,0.0,0.0,0.0
4181,JP,JP,KERO1,RADIO,48.08,0.0,0.0,0.0,0.0,0.0
5367,JP,JP,OXYGE,BASIC,48.25,0.0,0.0,0.0,0.0,0.0
3133,JP,JP,FINAN,ELE12,48.61,0.0,0.0,0.0,0.0,0.0
4870,JP,JP,MOTOR,AIRTR,49.01,0.0,0.0,0.0,0.0,0.0
6286,JP,JP,REALE,NONFE,49.34,0.0,0.0,0.0,0.0,0.0
4185,JP,JP,KERO1,RECRE,49.36,0.0,0.0,0.0,0.0,0.0
1556,JP,JP,DIST1,BUSIN,49.61,0.0,0.0,0.0,0.0,0.0
3559,JP,JP,GASDI,CROPS,43.09,0.0,0.0,0.0,0.0,0.0
6727,JP,JP,RETA1,TRANS,49.88,0.0,0.0,0.0,0.0,0.0
6637,JP,JP,RETA1,DIST1,49.93,0.0,0.0,0.0,0.0,0.0
3547,JP,JP,GASDI,CATTL,49.95,0.0,0.0,0.0,0.0,0.0
3614,JP,JP,GASDI,PRINT,50.62,0.0,0.0,0.0,0.0,0.0
1651,JP,JP,DIST1,VEGE1,50.97,0.0,0.0,0.0,0.0,0.0
3592,JP,JP,GASDI,MEMBE,51.68,0.0,0.0,0.0,0.0,0.0
1582,JP,JP,DIST1,ELECT,52.06,0.0,0.0,0.0,0.0,0.0
1584,JP,JP,DIST1,FINAN,52.3,0.0,0.0,0.0,0.0,0.0
1645,JP,JP,DIST1,SUPPO,47.68,0.0,0.0,0.0,0.0,0.0
3185,JP,JP,FINAN,PADDY,47.67,0.0,0.0,0.0,0.0,0.0
4527,JP,JP,LIQUE,HEAVY,47.35,0.0,0.0,0.0,0.0,0.0
3144,JP,JP,FINAN,FISHF,47.27,0.0,0.0,0.0,0.0,0.0
5997,JP,JP,PRIVA,NONFE,43.28,0.0,0.0,0.0,0.0,0.0
4086,JP,JP,KERO1,ALUM1,43.44,0.0,0.0,0.0,0.0,0.0
3629,JP,JP,GASDI,RUBBE,43.47,0.0,0.0,0.0,0.0,0.0
3776,JP,JP,HEAVY,ELECT,43.57,0.0,0.0,0.0,0.0,0.0
611,JP,JP,BITU1,NAPHT,43.86,0.0,0.0,0.0,0.0,0.0
2140,JP,JP,ELEC1,NONF1,44.22,0.0,0.0,0.0,0.0,0.0
4971,JP,JP,NAPHT,GASDI,44.3,0.0,0.0,0.0,0.0,0.0
4220,JP,JP,KEROS,LUBRI,44.53,0.0,0.0,0.0,0.0,0.0
5425,JP,JP,OXYGE,SALEM,44.6,0.0,0.0,0.0,0.0,0.0
2161,JP,JP,ELEC1,PROCE,45.02,0.0,0.0,0.0,0.0,0.0
3113,JP,JP,FINAN,CATTL,45.03,0.0,0.0,0.0,0.0,0.0
3644,JP,JP,GASDI,WEARI,45.35,0.0,0.0,0.0,0.0,0.0
4227,JP,JP,KEROS,REFI1,45.7,0.0,0.0,0.0,0.0,0.0
6717,JP,JP,RETA1,SEACO,46.06,0.0,0.0,0.0,0.0,0.0
3225,JP,JP,FINAN,VEGET,47.02,0.0,0.0,0.0,0.0,0.0
1589,JP,JP,DIST1,FURNI,47.13,0.0,0.0,0.0,0.0,0.0
1161,JP,JP,COKE1,RETA1,47.25,0.0,0.0,0.0,0.0,0.0
404,JP,JP,AUXIL,PREC1,22.32,0.0,0.0,0.0,0.0,0.0
4946,JP,JP,MOTOR,STONE,22.24,0.0,0.0,0.0,0.0,0.0
3847,JP,JP,HEAVY,STONE,13.26,0.0,0.0,0.0,0.0,0.0
4106,JP,JP,KERO1,COKEO,15.29,0.0,0.0,0.0,0.0,0.0
2439,JP,JP,ELEC4,COMPU,15.21,0.0,0.0,0.0,0.0,0.0
3854,JP,JP,HEAVY,TRANS,15.21,0.0,0.0,0.0,0.0,0.0
1021,JP,JP,CHEM1,OILSE,15.21,0.0,0.0,0.0,0.0,0.0
5063,JP,JP,NATUR,PAPER,15.23,0.0,0.0,0.0,0.0,0.0
3735,JP,JP,HEALT,POSTT,15.25,0.0,0.0,0.0,0.0,0.0
2801,JP,JP,ELEC8,COMPU,15.26,0.0,0.0,0.0,0.0,0.0
447,JP,JP,BASIC,BITUM,15.27,0.0,0.0,0.0,0.0,0.0
3766,JP,JP,HEAVY,CHEMI,15.29,0.0,0.0,0.0,0.0,0.0
449,JP,JP,BASIC,CEMEN,15.31,0.0,0.0,0.0,0.0,0.0
3545,JP,JP,GASDI,BRICK,15.56,0.0,0.0,0.0,0.0,0.0
7182,JP,JP,SUPPO,NONME,15.32,0.0,0.0,0.0,0.0,0.0
4214,JP,JP,KEROS,COALT,15.32,0.0,0.0,0.0,0.0,0.0
3418,JP,JP,FURNI,AIRTR,15.35,0.0,0.0,0.0,0.0,0.0
7432,JP,JP,TRANS,RESEA,15.37,0.0,0.0,0.0,0.0,0.0
842,JP,JP,BUSIN,VEGET,15.39,0.0,0.0,0.0,0.0,0.0
2371,JP,JP,ELEC3,OFFIC,15.42,0.0,0.0,0.0,0.0,0.0
7702,JP,JP,WOODW,BEVER,15.43,0.0,0.0,0.0,0.0,0.0
4026,JP,JP,INSUR,PULP5,15.45,0.0,0.0,0.0,0.0,0.0
2388,JP,JP,ELEC3,PULP5,15.2,0.0,0.0,0.0,0.0,0.0
139,JP,JP,AIRTR,CHEMI,15.2,0.0,0.0,0.0,0.0,0.0
4025,JP,JP,INSUR,PUBLI,15.17,0.0,0.0,0.0,0.0,0.0
3580,JP,JP,GASDI,KEROS,15.15,0.0,0.0,0.0,0.0,0.0
2147,JP,JP,ELEC1,PADDY,14.91,0.0,0.0,0.0,0.0,0.0
7399,JP,JP,TRAN2,CRUDE,14.92,0.0,0.0,0.0,0.0,0.0
5807,JP,JP,POSTT,PFERT,14.92,0.0,0.0,0.0,0.0,0.0
4879,JP,JP,MOTOR,BUSIN,14.93,0.0,0.0,0.0,0.0,0.0
3066,JP,JP,FABRI,POULT,14.94,0.0,0.0,0.0,0.0,0.0
1159,JP,JP,COKE1,REALE,14.94,0.0,0.0,0.0,0.0,0.0
4351,JP,JP,LANDT,TRAN1,14.94,0.0,0.0,0.0,0.0,0.0
3172,JP,JP,FINAN,MOTOR,14.95,0.0,0.0,0.0,0.0,0.0
2418,JP,JP,ELEC3,WHOLE,14.97,0.0,0.0,0.0,0.0,0.0
2251,JP,JP,ELEC2,MEDIC,15.01,0.0,0.0,0.0,0.0,0.0
1786,JP,JP,EDUCA,FOUND,15.02,0.0,0.0,0.0,0.0,0.0
6127,JP,JP,RAILW,COPP1,15.03,0.0,0.0,0.0,0.0,0.0
4109,JP,JP,KERO1,COPP1,15.05,0.0,0.0,0.0,0.0,0.0
6258,JP,JP,REALE,FISH5,15.11,0.0,0.0,0.0,0.0,0.0
607,JP,JP,BITU1,LIQUE,15.13,0.0,0.0,0.0,0.0,0.0
4099,JP,JP,KERO1,CERAM,15.14,0.0,0.0,0.0,0.0,0.0
997,JP,JP,CHEM1,KEROS,15.14,0.0,0.0,0.0,0.0,0.0
7263,JP,JP,TEXTI,FOOD5,15.55,0.0,0.0,0.0,0.0,0.0
7210,JP,JP,SUPPO,SALEM,15.62,0.0,0.0,0.0,0.0,0.0
6516,JP,JP,RESEA,CRUDE,14.9,0.0,0.0,0.0,0.0,0.0
2664,JP,JP,ELEC6,CONST,16.51,0.0,0.0,0.0,0.0,0.0
406,JP,JP,AUXIL,PRIVA,16.29,0.0,0.0,0.0,0.0,0.0
5990,JP,JP,PRINT,VEGE1,16.32,0.0,0.0,0.0,0.0,0.0
5277,JP,JP,NONME,RECRE,16.33,0.0,0.0,0.0,0.0,0.0
3046,JP,JP,FABRI,MOTOR,16.34,0.0,0.0,0.0,0.0,0.0
2305,JP,JP,ELEC3,93197,16.36,0.0,0.0,0.0,0.0,0.0
4953,JP,JP,MOTOR,VEGET,16.37,0.0,0.0,0.0,0.0,0.0
2383,JP,JP,ELEC3,PRECI,16.38,0.0,0.0,0.0,0.0,0.0
1130,JP,JP,COKE1,FOUND,16.5,0.0,0.0,0.0,0.0,0.0
133,JP,JP,AIRTR,BRICK,16.62,0.0,0.0,0.0,0.0,0.0
1001,JP,JP,CHEM1,LIQUE,15.64,0.0,0.0,0.0,0.0,0.0
899,JP,JP,CERAM,CEMEN,16.69,0.0,0.0,0.0,0.0,0.0
4152,JP,JP,KERO1,MEMBE,16.75,0.0,0.0,0.0,0.0,0.0
5910,JP,JP,PRINT,ELEC8,16.77,0.0,0.0,0.0,0.0,0.0
2884,JP,JP,ELEC8,STONE,16.8,0.0,0.0,0.0,0.0,0.0
1029,JP,JP,CHEM1,POSTT,16.81,0.0,0.0,0.0,0.0,0.0
7762,JP,JP,WOODW,RESEA,16.85,0.0,0.0,0.0,0.0,0.0
2903,JP,JP,ELECT,BITUM,16.91,0.0,0.0,0.0,0.0,0.0
5527,JP,JP,PAPER,PADDY,16.92,0.0,0.0,0.0,0.0,0.0
3541,JP,JP,GASDI,BEVER,16.28,0.0,0.0,0.0,0.0,0.0
4191,JP,JP,KERO1,RUBBE,16.26,0.0,0.0,0.0,0.0,0.0
7253,JP,JP,TEXTI,CHEM1,16.21,0.0,0.0,0.0,0.0,0.0
4223,JP,JP,KEROS,NONSP,16.2,0.0,0.0,0.0,0.0,0.0
6526,JP,JP,RESEA,ELEC5,15.65,0.0,0.0,0.0,0.0,0.0
4036,JP,JP,INSUR,RETAI,15.66,0.0,0.0,0.0,0.0,0.0
3042,JP,JP,FABRI,MEATP,15.68,0.0,0.0,0.0,0.0,0.0
4972,JP,JP,NAPHT,HEAVY,15.7,0.0,0.0,0.0,0.0,0.0
996,JP,JP,CHEM1,KERO1,15.7,0.0,0.0,0.0,0.0,0.0
3579,JP,JP,GASDI,KERO1,15.71,0.0,0.0,0.0,0.0,0.0
2151,JP,JP,ELEC1,PFERT,15.75,0.0,0.0,0.0,0.0,0.0
6414,JP,JP,RECRE,REALE,15.84,0.0,0.0,0.0,0.0,0.0
1813,JP,JP,EDUCA,NONME,15.88,0.0,0.0,0.0,0.0,0.0
4297,JP,JP,LANDT,MEATP,15.88,0.0,0.0,0.0,0.0,0.0
1149,JP,JP,COKE1,PAPER,15.94,0.0,0.0,0.0,0.0,0.0
3728,JP,JP,HEALT,HOTEL,15.97,0.0,0.0,0.0,0.0,0.0
962,JP,JP,CHEM1,CEREA,15.99,0.0,0.0,0.0,0.0,0.0
6651,JP,JP,RETA1,FISH5,16.02,0.0,0.0,0.0,0.0,0.0
3168,JP,JP,FINAN,MEATP,16.12,0.0,0.0,0.0,0.0,0.0
7264,JP,JP,TEXTI,FORES,16.14,0.0,0.0,0.0,0.0,0.0
5053,JP,JP,NATUR,MOTO1,16.2,0.0,0.0,0.0,0.0,0.0
2604,JP,JP,ELEC5,PAPER,14.9,0.0,0.0,0.0,0.0,0.0
2629,JP,JP,ELEC5,SANDC,14.89,0.0,0.0,0.0,0.0,0.0
225,JP,JP,AIRTR,SEACO,16.98,0.0,0.0,0.0,0.0,0.0
1576,JP,JP,DIST1,ELEC2,13.79,0.0,0.0,0.0,0.0,0.0
4614,JP,JP,LUBRI,NAPHT,13.68,0.0,0.0,0.0,0.0,0.0
7073,JP,JP,STONE,FOUND,13.69,0.0,0.0,0.0,0.0,0.0
6025,JP,JP,RADIO,AUXIL,13.71,0.0,0.0,0.0,0.0,0.0
7205,JP,JP,SUPPO,REFIN,13.71,0.0,0.0,0.0,0.0,0.0
3600,JP,JP,GASDI,NONFE,13.74,0.0,0.0,0.0,0.0,0.0
339,JP,JP,AUXIL,DISTR,13.76,0.0,0.0,0.0,0.0,0.0
6726,JP,JP,RETA1,TRAN2,13.77,0.0,0.0,0.0,0.0,0.0
1014,JP,JP,CHEM1,NFERT,13.79,0.0,0.0,0.0,0.0,0.0
720,JP,JP,BRICK,HEALT,13.79,0.0,0.0,0.0,0.0,0.0
2121,JP,JP,ELEC1,KEROS,13.98,0.0,0.0,0.0,0.0,0.0
2656,JP,JP,ELEC6,CEMEN,13.8,0.0,0.0,0.0,0.0,0.0
398,JP,JP,AUXIL,PFERT,13.8,0.0,0.0,0.0,0.0,0.0
6970,JP,JP,SEACO,SALEM,13.81,0.0,0.0,0.0,0.0,0.0
2441,JP,JP,ELEC4,COPP1,13.83,0.0,0.0,0.0,0.0,0.0
6112,JP,JP,RAILW,BEVER,13.83,0.0,0.0,0.0,0.0,0.0
2465,JP,JP,ELEC4,LANDT,13.84,0.0,0.0,0.0,0.0,0.0
2803,JP,JP,ELEC8,COPP1,13.87,0.0,0.0,0.0,0.0,0.0
2828,JP,JP,ELEC8,LANDT,13.88,0.0,0.0,0.0,0.0,0.0
6508,JP,JP,RESEA,CHEMI,13.66,0.0,0.0,0.0,0.0,0.0
6743,JP,JP,RUBBE,BITUM,13.65,0.0,0.0,0.0,0.0,0.0
5494,JP,JP,PAPER,CROPS,13.62,0.0,0.0,0.0,0.0,0.0
4750,JP,JP,MEMBE,CATTL,13.6,0.0,0.0,0.0,0.0,0.0
1095,JP,JP,COALT,NONME,13.27,0.0,0.0,0.0,0.0,0.0
14,JP,JP,93197,CEMEN,13.28,0.0,0.0,0.0,0.0,0.0
6854,JP,JP,SALEM,MEMBE,13.31,0.0,0.0,0.0,0.0,0.0
2643,JP,JP,ELEC6,93197,13.32,0.0,0.0,0.0,0.0,0.0
7578,JP,JP,WEARI,MEMBE,13.33,0.0,0.0,0.0,0.0,0.0
2725,JP,JP,ELEC6,PRECI,13.33,0.0,0.0,0.0,0.0,0.0
4265,JP,JP,LANDT,ELEC3,13.34,0.0,0.0,0.0,0.0,0.0
2510,JP,JP,ELEC4,RECRE,13.35,0.0,0.0,0.0,0.0,0.0
6162,JP,JP,RAILW,MOTOR,13.38,0.0,0.0,0.0,0.0,0.0
3957,JP,JP,INSUR,DAIRY,13.38,0.0,0.0,0.0,0.0,0.0
4483,JP,JP,LEATH,WHOLE,13.39,0.0,0.0,0.0,0.0,0.0
2873,JP,JP,ELEC8,RECRE,13.4,0.0,0.0,0.0,0.0,0.0
5947,JP,JP,PRINT,NONF1,13.43,0.0,0.0,0.0,0.0,0.0
2926,JP,JP,ELECT,ELEC6,13.44,0.0,0.0,0.0,0.0,0.0
559,JP,JP,BIOG1,SALEM,13.55,0.0,0.0,0.0,0.0,0.0
601,JP,JP,BITU1,GLASS,13.55,0.0,0.0,0.0,0.0,0.0
453,JP,JP,BASIC,COALT,13.55,0.0,0.0,0.0,0.0,0.0
6033,JP,JP,RADIO,CHEM1,13.96,0.0,0.0,0.0,0.0,0.0
4435,JP,JP,LEATH,HOTEL,14.07,0.0,0.0,0.0,0.0,0.0
5573,JP,JP,PARAF,MOTOR,14.89,0.0,0.0,0.0,0.0,0.0
5995,JP,JP,PRIVA,CRUDE,14.71,0.0,0.0,0.0,0.0,0.0
4003,JP,JP,INSUR,NATUR,14.52,0.0,0.0,0.0,0.0,0.0
7766,JP,JP,WOODW,SALEM,14.55,0.0,0.0,0.0,0.0,0.0
6157,JP,JP,RAILW,MEATC,14.57,0.0,0.0,0.0,0.0,0.0
371,JP,JP,AUXIL,LEATH,14.59,0.0,0.0,0.0,0.0,0.0
3840,JP,JP,HEAVY,RESEA,14.65,0.0,0.0,0.0,0.0,0.0
5383,JP,JP,OXYGE,FABRI,14.67,0.0,0.0,0.0,0.0,0.0
4602,JP,JP,LUBRI,HEALT,14.68,0.0,0.0,0.0,0.0,0.0
7727,JP,JP,WOODW,FOUND,14.7,0.0,0.0,0.0,0.0,0.0
2466,JP,JP,ELEC4,LEAD1,14.77,0.0,0.0,0.0,0.0,0.0
6293,JP,JP,REALE,PFERT,14.1,0.0,0.0,0.0,0.0,0.0
4103,JP,JP,KERO1,CHEMI,14.77,0.0,0.0,0.0,0.0,0.0
7080,JP,JP,STONE,PFERT,14.8,0.0,0.0,0.0,0.0,0.0
3857,JP,JP,HEAVY,WEARI,14.81,0.0,0.0,0.0,0.0,0.0
782,JP,JP,BUSIN,KERO1,14.82,0.0,0.0,0.0,0.0,0.0
2829,JP,JP,ELEC8,LEAD1,14.82,0.0,0.0,0.0,0.0,0.0
1432,JP,JP,CONST,POULT,14.84,0.0,0.0,0.0,0.0,0.0
6510,JP,JP,RESEA,COKE1,14.85,0.0,0.0,0.0,0.0,0.0
1752,JP,JP,EDUCA,BASIC,14.86,0.0,0.0,0.0,0.0,0.0
2120,JP,JP,ELEC1,KERO1,14.5,0.0,0.0,0.0,0.0,0.0
3828,JP,JP,HEAVY,PREC1,14.46,0.0,0.0,0.0,0.0,0.0
2956,JP,JP,ELECT,POULT,14.42,0.0,0.0,0.0,0.0,0.0
1055,JP,JP,CHEM1,WHEAT,14.39,0.0,0.0,0.0,0.0,0.0
5703,JP,JP,PLAST,MEMBE,14.1,0.0,0.0,0.0,0.0,0.0
1381,JP,JP,CONST,ELEC6,14.11,0.0,0.0,0.0,0.0,0.0
2731,JP,JP,ELEC6,RADIO,14.14,0.0,0.0,0.0,0.0,0.0
4764,JP,JP,MEMBE,DIST1,14.16,0.0,0.0,0.0,0.0,0.0
1163,JP,JP,COKE1,RUBBE,14.19,0.0,0.0,0.0,0.0,0.0
2299,JP,JP,ELEC2,VEGET,14.2,0.0,0.0,0.0,0.0,0.0
4704,JP,JP,MEDIC,FOUND,14.21,0.0,0.0,0.0,0.0,0.0
4251,JP,JP,LANDT,COKE1,14.21,0.0,0.0,0.0,0.0,0.0
5493,JP,JP,PAPER,COPP1,14.23,0.0,0.0,0.0,0.0,0.0
1117,JP,JP,COKE1,COKEO,14.24,0.0,0.0,0.0,0.0,0.0
3190,JP,JP,FINAN,PIGS9,14.29,0.0,0.0,0.0,0.0,0.0
783,JP,JP,BUSIN,KEROS,14.29,0.0,0.0,0.0,0.0,0.0
2422,JP,JP,ELEC4,ALUM1,14.3,0.0,0.0,0.0,0.0,0.0
2450,JP,JP,ELEC4,FISH5,14.33,0.0,0.0,0.0,0.0,0.0
2782,JP,JP,ELEC8,ALUM1,14.35,0.0,0.0,0.0,0.0,0.0
2813,JP,JP,ELEC8,FISH5,14.38,0.0,0.0,0.0,0.0,0.0
798,JP,JP,BUSIN,NATU1,14.38,0.0,0.0,0.0,0.0,0.0
2316,JP,JP,ELEC3,CEMEN,16.95,0.0,0.0,0.0,0.0,0.0
1549,JP,JP,DIST1,ALUM1,17.0,0.0,0.0,0.0,0.0,0.0
2742,JP,JP,ELEC6,SALEM,22.0,0.0,0.0,0.0,0.0,0.0
875,JP,JP,CEMEN,FURNI,19.93,0.0,0.0,0.0,0.0,0.0
3566,JP,JP,GASDI,FINAN,19.59,0.0,0.0,0.0,0.0,0.0
4124,JP,JP,KERO1,ELECT,19.62,0.0,0.0,0.0,0.0,0.0
3771,JP,JP,HEAVY,CROPS,19.65,0.0,0.0,0.0,0.0,0.0
7740,JP,JP,WOODW,MOTO1,19.67,0.0,0.0,0.0,0.0,0.0
1267,JP,JP,COMPU,GASDI,19.68,0.0,0.0,0.0,0.0,0.0
7778,JP,JP,WOODW,WEARI,19.77,0.0,0.0,0.0,0.0,0.0
1302,JP,JP,COMPU,PADDY,19.89,0.0,0.0,0.0,0.0,0.0
1131,JP,JP,COKE1,FURNI,19.9,0.0,0.0,0.0,0.0,0.0
7644,JP,JP,WHITE,FABRI,19.98,0.0,0.0,0.0,0.0,0.0
5042,JP,JP,NATUR,GLASS,20.31,0.0,0.0,0.0,0.0,0.0
4141,JP,JP,KERO1,KEROS,20.02,0.0,0.0,0.0,0.0,0.0
1364,JP,JP,CONST,CHEMI,20.05,0.0,0.0,0.0,0.0,0.0
920,JP,JP,CERAM,NONME,20.06,0.0,0.0,0.0,0.0,0.0
5039,JP,JP,NATUR,FOOD5,20.12,0.0,0.0,0.0,0.0,0.0
699,JP,JP,BLAST,REALE,20.16,0.0,0.0,0.0,0.0,0.0
3767,JP,JP,HEAVY,COALT,20.23,0.0,0.0,0.0,0.0,0.0
6546,JP,JP,RESEA,KERO1,20.27,0.0,0.0,0.0,0.0,0.0
3779,JP,JP,HEAVY,FISH5,20.3,0.0,0.0,0.0,0.0,0.0
6547,JP,JP,RESEA,KEROS,19.55,0.0,0.0,0.0,0.0,0.0
425,JP,JP,AUXIL,STONE,19.54,0.0,0.0,0.0,0.0,0.0
2921,JP,JP,ELECT,ELE12,19.51,0.0,0.0,0.0,0.0,0.0
233,JP,JP,AIRTR,TRANS,19.49,0.0,0.0,0.0,0.0,0.0
159,JP,JP,AIRTR,ELECT,18.96,0.0,0.0,0.0,0.0,0.0
2915,JP,JP,ELECT,CROPS,19.04,0.0,0.0,0.0,0.0,0.0
6719,JP,JP,RETA1,STONE,19.11,0.0,0.0,0.0,0.0,0.0
3645,JP,JP,GASDI,WHEAT,19.12,0.0,0.0,0.0,0.0,0.0
1822,JP,JP,EDUCA,PUBLI,19.15,0.0,0.0,0.0,0.0,0.0
1770,JP,JP,EDUCA,DIST1,19.17,0.0,0.0,0.0,0.0,0.0
5338,JP,JP,OFFIC,BUSIN,19.19,0.0,0.0,0.0,0.0,0.0
4347,JP,JP,LANDT,SUGAR,19.19,0.0,0.0,0.0,0.0,0.0
4017,JP,JP,INSUR,PIGS9,19.24,0.0,0.0,0.0,0.0,0.0
3796,JP,JP,HEAVY,LEAD1,19.29,0.0,0.0,0.0,0.0,0.0
2969,JP,JP,ELECT,TRAN2,19.3,0.0,0.0,0.0,0.0,0.0
937,JP,JP,CEREA,CEREA,19.32,0.0,0.0,0.0,0.0,0.0
6249,JP,JP,REALE,ELE12,19.32,0.0,0.0,0.0,0.0,0.0
6007,JP,JP,PROCE,PUBLI,19.35,0.0,0.0,0.0,0.0,0.0
1578,JP,JP,DIST1,ELEC4,19.36,0.0,0.0,0.0,0.0,0.0
3610,JP,JP,GASDI,PIGS9,19.39,0.0,0.0,0.0,0.0,0.0
6011,JP,JP,PULP5,CHEM1,19.42,0.0,0.0,0.0,0.0,0.0
1827,JP,JP,EDUCA,RECRE,20.3,0.0,0.0,0.0,0.0,0.0
6551,JP,JP,RESEA,LIQUE,20.33,0.0,0.0,0.0,0.0,0.0
6277,JP,JP,REALE,MEDIC,18.92,0.0,0.0,0.0,0.0,0.0
7701,JP,JP,WOODW,BASIC,21.61,0.0,0.0,0.0,0.0,0.0
3403,JP,JP,FOUND,MEMBE,21.44,0.0,0.0,0.0,0.0,0.0
4517,JP,JP,LIQUE,FABRI,21.49,0.0,0.0,0.0,0.0,0.0
688,JP,JP,BLAST,PAPER,21.51,0.0,0.0,0.0,0.0,0.0
5209,JP,JP,NONME,CEMEN,21.51,0.0,0.0,0.0,0.0,0.0
5322,JP,JP,NONSP,NAPHT,21.52,0.0,0.0,0.0,0.0,0.0
2671,JP,JP,ELEC6,EDUCA,21.52,0.0,0.0,0.0,0.0,0.0
651,JP,JP,BLAST,COKEO,21.57,0.0,0.0,0.0,0.0,0.0
1337,JP,JP,COMPU,TOBAC,21.59,0.0,0.0,0.0,0.0,0.0
6479,JP,JP,REFIN,NAPHT,21.61,0.0,0.0,0.0,0.0,0.0
2749,JP,JP,ELEC6,SUPPO,20.38,0.0,0.0,0.0,0.0,0.0
4597,JP,JP,LUBRI,EDUCA,21.64,0.0,0.0,0.0,0.0,0.0
3038,JP,JP,FABRI,MEAT1,21.73,0.0,0.0,0.0,0.0,0.0
2942,JP,JP,ELECT,MEATC,21.77,0.0,0.0,0.0,0.0,0.0
910,JP,JP,CERAM,FOOD5,21.89,0.0,0.0,0.0,0.0,0.0
6511,JP,JP,RESEA,COKEO,21.91,0.0,0.0,0.0,0.0,0.0
4927,JP,JP,MOTOR,PADDY,21.95,0.0,0.0,0.0,0.0,0.0
7653,JP,JP,WHITE,MOTO1,21.96,0.0,0.0,0.0,0.0,0.0
7765,JP,JP,WOODW,RUBBE,21.98,0.0,0.0,0.0,0.0,0.0
4202,JP,JP,KERO1,TRANS,21.43,0.0,0.0,0.0,0.0,0.0
3815,JP,JP,HEAVY,NONSP,21.36,0.0,0.0,0.0,0.0,0.0
4134,JP,JP,KERO1,GLASS,21.35,0.0,0.0,0.0,0.0,0.0
5503,JP,JP,PAPER,FORES,21.25,0.0,0.0,0.0,0.0,0.0
640,JP,JP,BITUM,PRINT,20.4,0.0,0.0,0.0,0.0,0.0
7426,JP,JP,TRANS,EDUCA,20.42,0.0,0.0,0.0,0.0,0.0
592,JP,JP,BITU1,ELEC5,20.45,0.0,0.0,0.0,0.0,0.0
5282,JP,JP,NONME,SALEM,20.46,0.0,0.0,0.0,0.0,0.0
4903,JP,JP,MOTOR,HEALT,20.61,0.0,0.0,0.0,0.0,0.0
4140,JP,JP,KERO1,KERO1,20.76,0.0,0.0,0.0,0.0,0.0
1158,JP,JP,COKE1,RADIO,20.79,0.0,0.0,0.0,0.0,0.0
6278,JP,JP,REALE,MEMBE,20.82,0.0,0.0,0.0,0.0,0.0
4761,JP,JP,MEMBE,CROPS,20.87,0.0,0.0,0.0,0.0,0.0
2847,JP,JP,ELEC8,NONME,20.87,0.0,0.0,0.0,0.0,0.0
380,JP,JP,AUXIL,MEMBE,20.93,0.0,0.0,0.0,0.0,0.0
6299,JP,JP,REALE,PULP5,20.96,0.0,0.0,0.0,0.0,0.0
2118,JP,JP,ELEC1,INSUR,20.97,0.0,0.0,0.0,0.0,0.0
5542,JP,JP,PAPER,REALE,21.03,0.0,0.0,0.0,0.0,0.0
1407,JP,JP,CONST,MEATC,21.11,0.0,0.0,0.0,0.0,0.0
5295,JP,JP,NONME,WHOLE,21.11,0.0,0.0,0.0,0.0,0.0
4035,JP,JP,INSUR,RETA1,21.2,0.0,0.0,0.0,0.0,0.0
4805,JP,JP,MEMBE,MEDIC,18.93,0.0,0.0,0.0,0.0,0.0
6788,JP,JP,RUBBE,MEATP,18.89,0.0,0.0,0.0,0.0,0.0
6404,JP,JP,RECRE,POSTT,17.02,0.0,0.0,0.0,0.0,0.0
251,JP,JP,ALUM1,FISH5,17.58,0.0,0.0,0.0,0.0,0.0
2244,JP,JP,ELEC2,LEATH,17.48,0.0,0.0,0.0,0.0,0.0
4161,JP,JP,KERO1,NONME,17.49,0.0,0.0,0.0,0.0,0.0
4281,JP,JP,LANDT,HEAVY,17.49,0.0,0.0,0.0,0.0,0.0
6447,JP,JP,REFI1,LUBRI,17.5,0.0,0.0,0.0,0.0,0.0
4936,JP,JP,MOTOR,RADIO,17.5,0.0,0.0,0.0,0.0,0.0
6475,JP,JP,REFIN,KEROS,17.5,0.0,0.0,0.0,0.0,0.0
2658,JP,JP,ELEC6,CHEM1,17.53,0.0,0.0,0.0,0.0,0.0
589,JP,JP,BITU1,ELEC2,17.55,0.0,0.0,0.0,0.0,0.0
6557,JP,JP,RESEA,MEATP,17.58,0.0,0.0,0.0,0.0,0.0
6453,JP,JP,REFI1,REFI1,17.96,0.0,0.0,0.0,0.0,0.0
797,JP,JP,BUSIN,NAPHT,17.65,0.0,0.0,0.0,0.0,0.0
4796,JP,JP,MEMBE,LEAD1,17.65,0.0,0.0,0.0,0.0,0.0
1067,JP,JP,CHEMI,GLASS,17.73,0.0,0.0,0.0,0.0,0.0
2970,JP,JP,ELECT,VEGE1,17.74,0.0,0.0,0.0,0.0,0.0
4209,JP,JP,KERO1,WOODW,17.8,0.0,0.0,0.0,0.0,0.0
1833,JP,JP,EDUCA,RUBBE,17.81,0.0,0.0,0.0,0.0,0.0
6423,JP,JP,RECRE,SANDC,17.87,0.0,0.0,0.0,0.0,0.0
5273,JP,JP,NONME,PUBLI,17.92,0.0,0.0,0.0,0.0,0.0
5317,JP,JP,NONSP,KEROS,17.43,0.0,0.0,0.0,0.0,0.0
6097,JP,JP,RADIO,SUPPO,17.4,0.0,0.0,0.0,0.0,0.0
6242,JP,JP,REALE,COPP1,17.38,0.0,0.0,0.0,0.0,0.0
2389,JP,JP,ELEC3,RADIO,17.38,0.0,0.0,0.0,0.0,0.0
3706,JP,JP,GLASS,TEXTI,17.02,0.0,0.0,0.0,0.0,0.0
1375,JP,JP,CONST,ELE11,17.05,0.0,0.0,0.0,0.0,0.0
6159,JP,JP,RAILW,MEDIC,17.06,0.0,0.0,0.0,0.0,0.0
3392,JP,JP,FOUND,EDUCA,17.07,0.0,0.0,0.0,0.0,0.0
763,JP,JP,BUSIN,ELEC5,17.09,0.0,0.0,0.0,0.0,0.0
4111,JP,JP,KERO1,CRUDE,17.09,0.0,0.0,0.0,0.0,0.0
6251,JP,JP,REALE,ELEC3,17.1,0.0,0.0,0.0,0.0,0.0
2892,JP,JP,ELEC8,TRANS,17.13,0.0,0.0,0.0,0.0,0.0
1401,JP,JP,CONST,LEATH,17.16,0.0,0.0,0.0,0.0,0.0
3442,JP,JP,FURNI,DAIRY,17.16,0.0,0.0,0.0,0.0,0.0
663,JP,JP,BLAST,FOUND,17.18,0.0,0.0,0.0,0.0,0.0
4107,JP,JP,KERO1,COMPU,17.18,0.0,0.0,0.0,0.0,0.0
2750,JP,JP,ELEC6,TEXTI,17.19,0.0,0.0,0.0,0.0,0.0
1358,JP,JP,CONST,CATTL,17.25,0.0,0.0,0.0,0.0,0.0
2136,JP,JP,ELEC1,NAPHT,17.27,0.0,0.0,0.0,0.0,0.0
970,JP,JP,CHEM1,COPP1,17.28,0.0,0.0,0.0,0.0,0.0
5748,JP,JP,POSTT,DAIRY,17.31,0.0,0.0,0.0,0.0,0.0
1208,JP,JP,COKEO,NONME,17.92,0.0,0.0,0.0,0.0,0.0
4163,JP,JP,KERO1,OFFIC,17.96,0.0,0.0,0.0,0.0,0.0
4112,JP,JP,KERO1,DAIRY,18.84,0.0,0.0,0.0,0.0,0.0
6612,JP,JP,RETA1,ALUM1,18.58,0.0,0.0,0.0,0.0,0.0
1228,JP,JP,COMPU,BRICK,18.47,0.0,0.0,0.0,0.0,0.0
3137,JP,JP,FINAN,ELEC5,18.47,0.0,0.0,0.0,0.0,0.0
511,JP,JP,BIOG1,BASIC,18.48,0.0,0.0,0.0,0.0,0.0
3812,JP,JP,HEAVY,NONF1,18.5,0.0,0.0,0.0,0.0,0.0
5739,JP,JP,POSTT,CHEMI,18.51,0.0,0.0,0.0,0.0,0.0
377,JP,JP,AUXIL,MEATC,18.52,0.0,0.0,0.0,0.0,0.0
1649,JP,JP,DIST1,TRAN2,18.52,0.0,0.0,0.0,0.0,0.0
280,JP,JP,ALUM1,TOBAC,18.55,0.0,0.0,0.0,0.0,0.0
4130,JP,JP,KERO1,FORES,18.58,0.0,0.0,0.0,0.0,0.0
507,JP,JP,BEVER,RETA1,17.99,0.0,0.0,0.0,0.0,0.0
579,JP,JP,BITU1,CHEM1,18.62,0.0,0.0,0.0,0.0,0.0
2674,JP,JP,ELEC6,FABRI,18.68,0.0,0.0,0.0,0.0,0.0
1011,JP,JP,CHEM1,NAPHT,18.7,0.0,0.0,0.0,0.0,0.0
2860,JP,JP,ELEC8,POSTT,18.7,0.0,0.0,0.0,0.0,0.0
4603,JP,JP,LUBRI,HEAVY,18.7,0.0,0.0,0.0,0.0,0.0
3595,JP,JP,GASDI,NAPHT,18.71,0.0,0.0,0.0,0.0,0.0
324,JP,JP,AUXIL,CERAM,18.75,0.0,0.0,0.0,0.0,0.0
2899,JP,JP,ELEC8,WOODW,18.76,0.0,0.0,0.0,0.0,0.0
1250,JP,JP,COMPU,ELE12,18.44,0.0,0.0,0.0,0.0,0.0
5948,JP,JP,PRINT,NONFE,18.43,0.0,0.0,0.0,0.0,0.0
4705,JP,JP,MEDIC,GLASS,18.41,0.0,0.0,0.0,0.0,0.0
2819,JP,JP,ELEC8,GASDI,18.41,0.0,0.0,0.0,0.0,0.0
7698,JP,JP,WOODW,ALUM1,18.05,0.0,0.0,0.0,0.0,0.0
6237,JP,JP,REALE,CHEMI,18.05,0.0,0.0,0.0,0.0,0.0
5316,JP,JP,NONSP,KERO1,18.07,0.0,0.0,0.0,0.0,0.0
5886,JP,JP,PRINT,CEMEN,18.11,0.0,0.0,0.0,0.0,0.0
2864,JP,JP,ELEC8,PRINT,18.14,0.0,0.0,0.0,0.0,0.0
6474,JP,JP,REFIN,KERO1,18.15,0.0,0.0,0.0,0.0,0.0
2955,JP,JP,ELECT,PIGS9,18.16,0.0,0.0,0.0,0.0,0.0
593,JP,JP,BITU1,ELEC6,18.16,0.0,0.0,0.0,0.0,0.0
5780,JP,JP,POSTT,LEAD1,18.16,0.0,0.0,0.0,0.0,0.0
5742,JP,JP,POSTT,COKEO,18.17,0.0,0.0,0.0,0.0,0.0
5025,JP,JP,NATUR,CERAM,18.22,0.0,0.0,0.0,0.0,0.0
3008,JP,JP,FABRI,ELEC2,18.25,0.0,0.0,0.0,0.0,0.0
2872,JP,JP,ELEC8,REALE,18.34,0.0,0.0,0.0,0.0,0.0
166,JP,JP,AIRTR,FOUND,18.35,0.0,0.0,0.0,0.0,0.0
5750,JP,JP,POSTT,DISTR,18.37,0.0,0.0,0.0,0.0,0.0
6022,JP,JP,RADIO,93197,18.38,0.0,0.0,0.0,0.0,0.0
7224,JP,JP,SUPPO,WEARI,18.38,0.0,0.0,0.0,0.0,0.0
888,JP,JP,CEMEN,REALE,5.6,0.0,0.0,0.0,0.0,0.0
403,JP,JP,AUXIL,POULT,5.58,0.0,0.0,0.0,0.0,0.0
2378,JP,JP,ELEC3,PIGS9,0.93,0.0,0.0,0.0,0.0,0.0
926,JP,JP,CERAM,RESEA,1.75,0.0,0.0,0.0,0.0,0.0
5777,JP,JP,POSTT,KERO1,1.74,0.0,0.0,0.0,0.0,0.0
645,JP,JP,BLAST,BEVER,1.74,0.0,0.0,0.0,0.0,0.0
7343,JP,JP,TRAN1,FISHF,1.74,0.0,0.0,0.0,0.0,0.0
1397,JP,JP,CONST,IRONO,1.74,0.0,0.0,0.0,0.0,0.0
7153,JP,JP,SUPPO,FORES,1.74,0.0,0.0,0.0,0.0,0.0
177,JP,JP,AIRTR,KEROS,1.75,0.0,0.0,0.0,0.0,0.0
3802,JP,JP,HEAVY,MEATC,1.75,0.0,0.0,0.0,0.0,0.0
1416,JP,JP,CONST,NFERT,1.75,0.0,0.0,0.0,0.0,0.0
7576,JP,JP,WEARI,MEATP,1.75,0.0,0.0,0.0,0.0,0.0
2554,JP,JP,ELEC5,COMPU,1.73,0.0,0.0,0.0,0.0,0.0
4623,JP,JP,LUBRI,PRIVA,1.76,0.0,0.0,0.0,0.0,0.0
7031,JP,JP,STEAM,MEAT1,1.76,0.0,0.0,0.0,0.0,0.0
7733,JP,JP,WOODW,MEAT1,1.76,0.0,0.0,0.0,0.0,0.0
7358,JP,JP,TRAN1,MEATP,1.77,0.0,0.0,0.0,0.0,0.0
4004,JP,JP,INSUR,NFERT,1.77,0.0,0.0,0.0,0.0,0.0
4629,JP,JP,LUBRI,REFI1,1.77,0.0,0.0,0.0,0.0,0.0
1877,JP,JP,ELE11,FABRI,1.77,0.0,0.0,0.0,0.0,0.0
6420,JP,JP,RECRE,RETAI,1.77,0.0,0.0,0.0,0.0,0.0
3719,JP,JP,HEALT,CHEM1,1.74,0.0,0.0,0.0,0.0,0.0
4562,JP,JP,LIQUE,PUBLI,1.73,0.0,0.0,0.0,0.0,0.0
7195,JP,JP,SUPPO,POULT,5.56,0.0,0.0,0.0,0.0,0.0
362,JP,JP,AUXIL,HEAVY,1.71,0.0,0.0,0.0,0.0,0.0
6428,JP,JP,RECRE,TEXTI,1.69,0.0,0.0,0.0,0.0,0.0
4486,JP,JP,LIQUE,ALUM1,1.69,0.0,0.0,0.0,0.0,0.0
3655,JP,JP,GLASS,BRICK,1.69,0.0,0.0,0.0,0.0,0.0
3985,JP,JP,INSUR,IRONO,1.7,0.0,0.0,0.0,0.0,0.0
5974,JP,JP,PRINT,RETA1,1.7,0.0,0.0,0.0,0.0,0.0
519,JP,JP,BIOG1,CONST,1.7,0.0,0.0,0.0,0.0,0.0
6862,JP,JP,SALEM,RECRE,1.7,0.0,0.0,0.0,0.0,0.0
5413,JP,JP,OXYGE,POSTT,1.71,0.0,0.0,0.0,0.0,0.0
3000,JP,JP,FABRI,CROPS,1.71,0.0,0.0,0.0,0.0,0.0
2719,JP,JP,ELEC6,PFERT,1.73,0.0,0.0,0.0,0.0,0.0
522,JP,JP,BIOG1,EDUCA,1.71,0.0,0.0,0.0,0.0,0.0
3470,JP,JP,FURNI,IRONO,1.71,0.0,0.0,0.0,0.0,0.0
6254,JP,JP,REALE,ELEC6,1.72,0.0,0.0,0.0,0.0,0.0
6818,JP,JP,RUBBE,RAWMI,1.72,0.0,0.0,0.0,0.0,0.0
1987,JP,JP,ELE12,FINAN,1.72,0.0,0.0,0.0,0.0,0.0
1071,JP,JP,CHEMI,NONF1,1.72,0.0,0.0,0.0,0.0,0.0
4485,JP,JP,LIQUE,93197,1.72,0.0,0.0,0.0,0.0,0.0
4611,JP,JP,LUBRI,LUBRI,1.73,0.0,0.0,0.0,0.0,0.0
1966,JP,JP,ELE12,BUSIN,1.78,0.0,0.0,0.0,0.0,0.0
1972,JP,JP,ELE12,CHEMI,1.78,0.0,0.0,0.0,0.0,0.0
3628,JP,JP,GASDI,RETAI,1.79,0.0,0.0,0.0,0.0,0.0
847,JP,JP,CATTL,ANIMA,1.86,0.0,0.0,0.0,0.0,0.0
6330,JP,JP,RECRE,BEVER,1.85,0.0,0.0,0.0,0.0,0.0
7599,JP,JP,WEARI,PREC1,1.85,0.0,0.0,0.0,0.0,0.0
1200,JP,JP,COKEO,HEALT,1.85,0.0,0.0,0.0,0.0,0.0
621,JP,JP,BITU1,PLAST,1.85,0.0,0.0,0.0,0.0,0.0
4177,JP,JP,KERO1,PRIVA,1.85,0.0,0.0,0.0,0.0,0.0
898,JP,JP,CERAM,BUSIN,1.85,0.0,0.0,0.0,0.0,0.0
232,JP,JP,AIRTR,TRAN2,1.85,0.0,0.0,0.0,0.0,0.0
3782,JP,JP,HEAVY,FORES,1.86,0.0,0.0,0.0,0.0,0.0
4532,JP,JP,LIQUE,LANDT,1.87,0.0,0.0,0.0,0.0,0.0
517,JP,JP,BIOG1,CHEM1,1.79,0.0,0.0,0.0,0.0,0.0
951,JP,JP,CHEM1,BIODI,1.87,0.0,0.0,0.0,0.0,0.0
1514,JP,JP,CRUDE,NAPHT,1.87,0.0,0.0,0.0,0.0,0.0
6948,JP,JP,SEACO,NONFE,1.88,0.0,0.0,0.0,0.0,0.0
2528,JP,JP,ELEC4,TRAN2,1.88,0.0,0.0,0.0,0.0,0.0
3028,JP,JP,FABRI,INLAN,1.88,0.0,0.0,0.0,0.0,0.0
711,JP,JP,BLAST,VEGE1,1.88,0.0,0.0,0.0,0.0,0.0
2891,JP,JP,ELEC8,TRAN2,1.89,0.0,0.0,0.0,0.0,0.0
2038,JP,JP,ELE12,PRIVA,1.89,0.0,0.0,0.0,0.0,0.0
3713,JP,JP,HEALT,ANIMA,1.84,0.0,0.0,0.0,0.0,0.0
7018,JP,JP,STEAM,ELECT,1.83,0.0,0.0,0.0,0.0,0.0
6259,JP,JP,REALE,FISHF,1.83,0.0,0.0,0.0,0.0,0.0
2781,JP,JP,ELEC8,AIRTR,1.83,0.0,0.0,0.0,0.0,0.0
3740,JP,JP,HEALT,RAILW,1.79,0.0,0.0,0.0,0.0,0.0
6772,JP,JP,RUBBE,HEAVY,1.79,0.0,0.0,0.0,0.0,0.0
1657,JP,JP,DISTR,ANIMA,1.8,0.0,0.0,0.0,0.0,0.0
7563,JP,JP,WEARI,INLAN,1.8,0.0,0.0,0.0,0.0,0.0
5122,JP,JP,NFERT,RECRE,1.8,0.0,0.0,0.0,0.0,0.0
1293,JP,JP,COMPU,NFERT,1.81,0.0,0.0,0.0,0.0,0.0
176,JP,JP,AIRTR,KERO1,1.81,0.0,0.0,0.0,0.0,0.0
3056,JP,JP,FABRI,OILSE,1.81,0.0,0.0,0.0,0.0,0.0
6949,JP,JP,SEACO,NONME,1.81,0.0,0.0,0.0,0.0,0.0
4268,JP,JP,LANDT,ELEC6,1.81,0.0,0.0,0.0,0.0,0.0
921,JP,JP,CERAM,OFFIC,1.81,0.0,0.0,0.0,0.0,0.0
3583,JP,JP,GASDI,LEATH,1.81,0.0,0.0,0.0,0.0,0.0
3945,JP,JP,INSUR,CEREA,1.82,0.0,0.0,0.0,0.0,0.0
6857,JP,JP,SALEM,PADDY,1.82,0.0,0.0,0.0,0.0,0.0
2421,JP,JP,ELEC4,AIRTR,1.82,0.0,0.0,0.0,0.0,0.0
146,JP,JP,AIRTR,CRUDE,1.82,0.0,0.0,0.0,0.0,0.0
1186,JP,JP,COKEO,COPP1,1.82,0.0,0.0,0.0,0.0,0.0
7301,JP,JP,TEXTI,SALEM,1.69,0.0,0.0,0.0,0.0,0.0
5613,JP,JP,PFERT,GLASS,1.69,0.0,0.0,0.0,0.0,0.0
6634,JP,JP,RETA1,CROPS,1.68,0.0,0.0,0.0,0.0,0.0
3902,JP,JP,INLAN,INSUR,1.58,0.0,0.0,0.0,0.0,0.0
7102,JP,JP,SUGA1,TOBAC,1.57,0.0,0.0,0.0,0.0,0.0
4519,JP,JP,LIQUE,FISH5,1.57,0.0,0.0,0.0,0.0,0.0
2556,JP,JP,ELEC5,COPP1,1.57,0.0,0.0,0.0,0.0,0.0
5342,JP,JP,OFFIC,RADIO,1.57,0.0,0.0,0.0,0.0,0.0
1509,JP,JP,CRUDE,KERO1,1.57,0.0,0.0,0.0,0.0,0.0
2580,JP,JP,ELEC5,LANDT,1.57,0.0,0.0,0.0,0.0,0.0
1004,JP,JP,CHEM1,MEAT4,1.58,0.0,0.0,0.0,0.0,0.0
2835,JP,JP,ELEC8,MEATC,1.58,0.0,0.0,0.0,0.0,0.0
2443,JP,JP,ELEC4,CRUDE,1.58,0.0,0.0,0.0,0.0,0.0
5301,JP,JP,NONSP,BRICK,1.6,0.0,0.0,0.0,0.0,0.0
4085,JP,JP,KERO1,AIRTR,1.58,0.0,0.0,0.0,0.0,0.0
6647,JP,JP,RETA1,ELEC8,1.58,0.0,0.0,0.0,0.0,0.0
2805,JP,JP,ELEC8,CRUDE,1.59,0.0,0.0,0.0,0.0,0.0
528,JP,JP,BIOG1,FURNI,1.59,0.0,0.0,0.0,0.0,0.0
4549,JP,JP,LIQUE,NONSP,1.59,0.0,0.0,0.0,0.0,0.0
7548,JP,JP,WEARI,ELEC8,1.59,0.0,0.0,0.0,0.0,0.0
6177,JP,JP,RAILW,PFERT,1.59,0.0,0.0,0.0,0.0,0.0
2689,JP,JP,ELEC6,KERO1,1.59,0.0,0.0,0.0,0.0,0.0
3413,JP,JP,FOUND,SEACO,1.57,0.0,0.0,0.0,0.0,0.0
2472,JP,JP,ELEC4,MEATC,1.57,0.0,0.0,0.0,0.0,0.0
5842,JP,JP,POSTT,VEGE1,1.57,0.0,0.0,0.0,0.0,0.0
221,JP,JP,AIRTR,RETAI,1.57,0.0,0.0,0.0,0.0,0.0
4600,JP,JP,LUBRI,FORES,1.54,0.0,0.0,0.0,0.0,0.0
3036,JP,JP,FABRI,LIQUE,1.54,0.0,0.0,0.0,0.0,0.0
5451,JP,JP,PADDY,RECRE,1.54,0.0,0.0,0.0,0.0,0.0
5920,JP,JP,PRINT,GASDI,1.54,0.0,0.0,0.0,0.0,0.0
5892,JP,JP,PRINT,COKE1,1.55,0.0,0.0,0.0,0.0,0.0
695,JP,JP,BLAST,PROCE,1.55,0.0,0.0,0.0,0.0,0.0
5642,JP,JP,PFERT,RUBBE,1.55,0.0,0.0,0.0,0.0,0.0
4489,JP,JP,LIQUE,BEVER,1.55,0.0,0.0,0.0,0.0,0.0
5787,JP,JP,POSTT,MEATP,1.56,0.0,0.0,0.0,0.0,0.0
5054,JP,JP,NATUR,MOTOR,1.56,0.0,0.0,0.0,0.0,0.0
5962,JP,JP,PRINT,PREC1,1.56,0.0,0.0,0.0,0.0,0.0
1613,JP,JP,DIST1,NATUR,1.56,0.0,0.0,0.0,0.0,0.0
2107,JP,JP,ELEC1,FISHF,1.56,0.0,0.0,0.0,0.0,0.0
3447,JP,JP,FURNI,ELE12,1.56,0.0,0.0,0.0,0.0,0.0
6339,JP,JP,RECRE,CHEM1,1.56,0.0,0.0,0.0,0.0,0.0
1867,JP,JP,ELE11,CONST,1.57,0.0,0.0,0.0,0.0,0.0
3261,JP,JP,FISHF,SUPPO,1.57,0.0,0.0,0.0,0.0,0.0
4097,JP,JP,KERO1,CATTL,1.6,0.0,0.0,0.0,0.0,0.0
6273,JP,JP,REALE,MEAT1,1.6,0.0,0.0,0.0,0.0,0.0
2581,JP,JP,ELEC5,LEAD1,1.68,0.0,0.0,0.0,0.0,0.0
1891,JP,JP,ELE11,IRONO,1.67,0.0,0.0,0.0,0.0,0.0
1487,JP,JP,CROPS,OILSE,1.65,0.0,0.0,0.0,0.0,0.0
259,JP,JP,ALUM1,MEAT1,1.66,0.0,0.0,0.0,0.0,0.0
4335,JP,JP,LANDT,REFI1,1.66,0.0,0.0,0.0,0.0,0.0
59,JP,JP,93197,LEAD1,1.66,0.0,0.0,0.0,0.0,0.0
5125,JP,JP,NFERT,SUGAR,1.66,0.0,0.0,0.0,0.0,0.0
1861,JP,JP,ELE11,CHEM1,1.66,0.0,0.0,0.0,0.0,0.0
5271,JP,JP,NONME,PRINT,1.66,0.0,0.0,0.0,0.0,0.0
2468,JP,JP,ELEC4,LIQUE,1.66,0.0,0.0,0.0,0.0,0.0
2198,JP,JP,ELEC2,ANIMA,1.67,0.0,0.0,0.0,0.0,0.0
6499,JP,JP,RESEA,BITU1,1.6,0.0,0.0,0.0,0.0,0.0
5657,JP,JP,PIGS9,NFERT,1.67,0.0,0.0,0.0,0.0,0.0
2831,JP,JP,ELEC8,LIQUE,1.67,0.0,0.0,0.0,0.0,0.0
147,JP,JP,AIRTR,DAIRY,1.68,0.0,0.0,0.0,0.0,0.0
2131,JP,JP,ELEC1,MEATP,1.68,0.0,0.0,0.0,0.0,0.0
869,JP,JP,CEMEN,COKEO,1.68,0.0,0.0,0.0,0.0,0.0
5778,JP,JP,POSTT,KEROS,1.68,0.0,0.0,0.0,0.0,0.0
6922,JP,JP,SEACO,GASDI,1.68,0.0,0.0,0.0,0.0,0.0
1802,JP,JP,EDUCA,MEATC,1.68,0.0,0.0,0.0,0.0,0.0
5382,JP,JP,OXYGE,ELECT,1.65,0.0,0.0,0.0,0.0,0.0
4983,JP,JP,NAPHT,OXYGE,1.65,0.0,0.0,0.0,0.0,0.0
4504,JP,JP,LIQUE,COPP1,1.65,0.0,0.0,0.0,0.0,0.0
5936,JP,JP,PRINT,MEAT4,1.65,0.0,0.0,0.0,0.0,0.0
183,JP,JP,AIRTR,MEAT1,1.61,0.0,0.0,0.0,0.0,0.0
5908,JP,JP,PRINT,ELEC5,1.61,0.0,0.0,0.0,0.0,0.0
2021,JP,JP,ELE12,NONFE,1.61,0.0,0.0,0.0,0.0,0.0
4292,JP,JP,LANDT,LUBRI,1.61,0.0,0.0,0.0,0.0,0.0
4377,JP,JP,LEAD1,MEMBE,1.62,0.0,0.0,0.0,0.0,0.0
1975,JP,JP,ELE12,COKEO,1.62,0.0,0.0,0.0,0.0,0.0
4425,JP,JP,LEATH,FINAN,1.63,0.0,0.0,0.0,0.0,0.0
2539,JP,JP,ELEC5,ALUM1,1.63,0.0,0.0,0.0,0.0,0.0
6046,JP,JP,RADIO,ELEC2,1.63,0.0,0.0,0.0,0.0,0.0
2565,JP,JP,ELEC5,FISH5,1.63,0.0,0.0,0.0,0.0,0.0
4920,JP,JP,MOTOR,NATUR,1.63,0.0,0.0,0.0,0.0,0.0
1946,JP,JP,ELE11,TEXTI,1.63,0.0,0.0,0.0,0.0,0.0
2351,JP,JP,ELEC3,LEATH,1.63,0.0,0.0,0.0,0.0,0.0
2715,JP,JP,ELEC6,PADDY,1.64,0.0,0.0,0.0,0.0,0.0
2904,JP,JP,ELECT,BLAST,1.64,0.0,0.0,0.0,0.0,0.0
4093,JP,JP,KERO1,BITU1,1.64,0.0,0.0,0.0,0.0,0.0
940,JP,JP,CEREA,PIGS9,1.64,0.0,0.0,0.0,0.0,0.0
2348,JP,JP,ELEC3,KEROS,1.89,0.0,0.0,0.0,0.0,0.0
972,JP,JP,CHEM1,CRUDE,1.89,0.0,0.0,0.0,0.0,0.0
2704,JP,JP,ELEC6,NAPHT,1.9,0.0,0.0,0.0,0.0,0.0
790,JP,JP,BUSIN,MEAT4,2.18,0.0,0.0,0.0,0.0,0.0
6262,JP,JP,REALE,GASDI,2.17,0.0,0.0,0.0,0.0,0.0
1887,JP,JP,ELE11,HEALT,2.17,0.0,0.0,0.0,0.0,0.0
3184,JP,JP,FINAN,OXYGE,2.17,0.0,0.0,0.0,0.0,0.0
4200,JP,JP,KERO1,TOBAC,2.18,0.0,0.0,0.0,0.0,0.0
584,JP,JP,BITU1,COPP1,2.18,0.0,0.0,0.0,0.0,0.0
7520,JP,JP,WEARI,BITUM,2.18,0.0,0.0,0.0,0.0,0.0
2126,JP,JP,ELEC1,LUBRI,2.18,0.0,0.0,0.0,0.0,0.0
2986,JP,JP,FABRI,BRICK,2.18,0.0,0.0,0.0,0.0,0.0
3991,JP,JP,INSUR,LIQUE,2.19,0.0,0.0,0.0,0.0,0.0
4943,JP,JP,MOTOR,RUBBE,2.22,0.0,0.0,0.0,0.0,0.0
5075,JP,JP,NATUR,TOBAC,2.19,0.0,0.0,0.0,0.0,0.0
322,JP,JP,AUXIL,CATTL,2.19,0.0,0.0,0.0,0.0,0.0
6164,JP,JP,RAILW,NATU1,2.19,0.0,0.0,0.0,0.0,0.0
5476,JP,JP,PAPER,ANIMA,2.2,0.0,0.0,0.0,0.0,0.0
4526,JP,JP,LIQUE,HEALT,2.2,0.0,0.0,0.0,0.0,0.0
7161,JP,JP,SUPPO,INLAN,2.2,0.0,0.0,0.0,0.0,0.0
4830,JP,JP,MEMBE,PRECI,2.21,0.0,0.0,0.0,0.0,0.0
653,JP,JP,BLAST,COPP1,2.21,0.0,0.0,0.0,0.0,0.0
5412,JP,JP,OXYGE,PLAST,2.17,0.0,0.0,0.0,0.0,0.0
4175,JP,JP,KERO1,PRECI,2.16,0.0,0.0,0.0,0.0,0.0
4717,JP,JP,MEDIC,NONF1,2.16,0.0,0.0,0.0,0.0,0.0
1884,JP,JP,ELE11,FURNI,2.16,0.0,0.0,0.0,0.0,0.0
5312,JP,JP,NONSP,FOUND,2.1,0.0,0.0,0.0,0.0,0.0
7636,JP,JP,WHITE,BASIC,2.11,0.0,0.0,0.0,0.0,0.0
6148,JP,JP,RAILW,KERO1,2.11,0.0,0.0,0.0,0.0,0.0
2608,JP,JP,ELEC5,POSTT,2.12,0.0,0.0,0.0,0.0,0.0
2377,JP,JP,ELEC3,PFERT,2.12,0.0,0.0,0.0,0.0,0.0
2642,JP,JP,ELEC5,WOODW,2.13,0.0,0.0,0.0,0.0,0.0
7287,JP,JP,TEXTI,POSTT,2.13,0.0,0.0,0.0,0.0,0.0
5942,JP,JP,PRINT,MOTOR,2.13,0.0,0.0,0.0,0.0,0.0
6591,JP,JP,RESEA,RETAI,2.14,0.0,0.0,0.0,0.0,0.0
7076,JP,JP,STONE,MEMBE,2.14,0.0,0.0,0.0,0.0,0.0
6210,JP,JP,RAILW,VEGET,2.14,0.0,0.0,0.0,0.0,0.0
2133,JP,JP,ELEC1,MEMBE,2.14,0.0,0.0,0.0,0.0,0.0
5925,JP,JP,PRINT,INLAN,2.15,0.0,0.0,0.0,0.0,0.0
3732,JP,JP,HEALT,MEMBE,2.15,0.0,0.0,0.0,0.0,0.0
5784,JP,JP,POSTT,MEAT1,2.16,0.0,0.0,0.0,0.0,0.0
191,JP,JP,AIRTR,NAPHT,2.16,0.0,0.0,0.0,0.0,0.0
3789,JP,JP,HEAVY,HOTEL,2.16,0.0,0.0,0.0,0.0,0.0
331,JP,JP,AUXIL,COKEO,2.21,0.0,0.0,0.0,0.0,0.0
3242,JP,JP,FISH5,MEATC,2.22,0.0,0.0,0.0,0.0,0.0
1274,JP,JP,COMPU,IRONO,2.1,0.0,0.0,0.0,0.0,0.0
2185,JP,JP,ELEC1,TRAN1,2.33,0.0,0.0,0.0,0.0,0.0
2687,JP,JP,ELEC6,INSUR,2.3,0.0,0.0,0.0,0.0,0.0
1618,JP,JP,DIST1,OXYGE,2.3,0.0,0.0,0.0,0.0,0.0
4884,JP,JP,MOTOR,CHEM1,2.31,0.0,0.0,0.0,0.0,0.0
1614,JP,JP,DIST1,NFERT,2.31,0.0,0.0,0.0,0.0,0.0
6942,JP,JP,SEACO,MOTOR,2.32,0.0,0.0,0.0,0.0,0.0
6682,JP,JP,RETA1,NATUR,2.32,0.0,0.0,0.0,0.0,0.0
2127,JP,JP,ELEC1,MEAT1,2.32,0.0,0.0,0.0,0.0,0.0
723,JP,JP,BRICK,WOODW,2.32,0.0,0.0,0.0,0.0,0.0
2362,JP,JP,ELEC3,NAPHT,2.33,0.0,0.0,0.0,0.0,0.0
1280,JP,JP,COMPU,LIQUE,2.22,0.0,0.0,0.0,0.0,0.0
4800,JP,JP,MEMBE,MEAT1,2.33,0.0,0.0,0.0,0.0,0.0
6997,JP,JP,STEAM,ALUM1,2.33,0.0,0.0,0.0,0.0,0.0
1938,JP,JP,ELE11,RUBBE,2.34,0.0,0.0,0.0,0.0,0.0
3091,JP,JP,FABRI,TRAN1,2.34,0.0,0.0,0.0,0.0,0.0
6435,JP,JP,RECRE,WEARI,2.34,0.0,0.0,0.0,0.0,0.0
1101,JP,JP,COALT,TRANS,2.34,0.0,0.0,0.0,0.0,0.0
5569,JP,JP,PARAF,KERO1,2.35,0.0,0.0,0.0,0.0,0.0
6023,JP,JP,RADIO,AIRTR,2.35,0.0,0.0,0.0,0.0,0.0
7021,JP,JP,STEAM,FOUND,2.3,0.0,0.0,0.0,0.0,0.0
5547,JP,JP,PAPER,SALEM,2.3,0.0,0.0,0.0,0.0,0.0
3597,JP,JP,GASDI,NATUR,2.3,0.0,0.0,0.0,0.0,0.0
127,JP,JP,AIRTR,BEVER,2.3,0.0,0.0,0.0,0.0,0.0
788,JP,JP,BUSIN,LUBRI,2.23,0.0,0.0,0.0,0.0,0.0
6675,JP,JP,RETA1,MEATP,2.23,0.0,0.0,0.0,0.0,0.0
2169,JP,JP,ELEC1,REFI1,2.24,0.0,0.0,0.0,0.0,0.0
1150,JP,JP,COKE1,PFERT,2.24,0.0,0.0,0.0,0.0,0.0
1841,JP,JP,EDUCA,TRAN1,2.26,0.0,0.0,0.0,0.0,0.0
5570,JP,JP,PARAF,KEROS,2.26,0.0,0.0,0.0,0.0,0.0
2184,JP,JP,ELEC1,TOBAC,2.27,0.0,0.0,0.0,0.0,0.0
3158,JP,JP,FINAN,KEROS,2.27,0.0,0.0,0.0,0.0,0.0
826,JP,JP,BUSIN,REFI1,2.29,0.0,0.0,0.0,0.0,0.0
1985,JP,JP,ELE12,ELECT,2.29,0.0,0.0,0.0,0.0,0.0
7603,JP,JP,WEARI,PULP5,2.29,0.0,0.0,0.0,0.0,0.0
214,JP,JP,AIRTR,RAILW,2.29,0.0,0.0,0.0,0.0,0.0
4728,JP,JP,MEDIC,RETAI,2.29,0.0,0.0,0.0,0.0,0.0
279,JP,JP,ALUM1,SUPPO,2.29,0.0,0.0,0.0,0.0,0.0
4229,JP,JP,KEROS,WHITE,2.29,0.0,0.0,0.0,0.0,0.0
4492,JP,JP,LIQUE,BITU1,2.3,0.0,0.0,0.0,0.0,0.0
995,JP,JP,CHEM1,IRONO,2.3,0.0,0.0,0.0,0.0,0.0
5227,JP,JP,NONME,ELEC2,2.1,0.0,0.0,0.0,0.0,0.0
6620,JP,JP,RETA1,BLAST,2.09,0.0,0.0,0.0,0.0,0.0
4899,JP,JP,MOTOR,FOUND,1.9,0.0,0.0,0.0,0.0,0.0
4652,JP,JP,MEAT4,93197,1.97,0.0,0.0,0.0,0.0,0.0
7074,JP,JP,STONE,LEAD1,1.95,0.0,0.0,0.0,0.0,0.0
342,JP,JP,AUXIL,ELE12,1.95,0.0,0.0,0.0,0.0,0.0
639,JP,JP,BITUM,OFFIC,1.95,0.0,0.0,0.0,0.0,0.0
2347,JP,JP,ELEC3,KERO1,1.96,0.0,0.0,0.0,0.0,0.0
526,JP,JP,BIOG1,FOOD5,1.96,0.0,0.0,0.0,0.0,0.0
7170,JP,JP,SUPPO,MEAT1,1.96,0.0,0.0,0.0,0.0,0.0
3379,JP,JP,FORES,PUBLI,1.96,0.0,0.0,0.0,0.0,0.0
7468,JP,JP,VEGE1,SUPPO,1.96,0.0,0.0,0.0,0.0,0.0
5994,JP,JP,PRIVA,BITUM,1.97,0.0,0.0,0.0,0.0,0.0
5077,JP,JP,NATUR,WEARI,1.99,0.0,0.0,0.0,0.0,0.0
7536,JP,JP,WEARI,CRUDE,1.97,0.0,0.0,0.0,0.0,0.0
4695,JP,JP,MEDIC,COKEO,1.97,0.0,0.0,0.0,0.0,0.0
1291,JP,JP,COMPU,NATU1,1.97,0.0,0.0,0.0,0.0,0.0
4804,JP,JP,MEMBE,MEATP,1.98,0.0,0.0,0.0,0.0,0.0
581,JP,JP,BITU1,COALT,1.98,0.0,0.0,0.0,0.0,0.0
3804,JP,JP,HEAVY,MEDIC,1.98,0.0,0.0,0.0,0.0,0.0
7007,JP,JP,STEAM,COKEO,1.99,0.0,0.0,0.0,0.0,0.0
5372,JP,JP,OXYGE,CERAM,1.99,0.0,0.0,0.0,0.0,0.0
3009,JP,JP,FABRI,ELEC3,1.95,0.0,0.0,0.0,0.0,0.0
3156,JP,JP,FINAN,IRONO,1.95,0.0,0.0,0.0,0.0,0.0
5323,JP,JP,NONSP,NONF1,1.95,0.0,0.0,0.0,0.0,0.0
2637,JP,JP,ELEC5,TRANS,1.94,0.0,0.0,0.0,0.0,0.0
2494,JP,JP,ELEC4,PIGS9,1.9,0.0,0.0,0.0,0.0,0.0
2631,JP,JP,ELEC5,STONE,1.91,0.0,0.0,0.0,0.0,0.0
10,JP,JP,93197,BITUM,1.91,0.0,0.0,0.0,0.0,0.0
2912,JP,JP,ELECT,COKE1,1.91,0.0,0.0,0.0,0.0,0.0
2857,JP,JP,ELEC8,PIGS9,1.91,0.0,0.0,0.0,0.0,0.0
4437,JP,JP,LEATH,LANDT,1.91,0.0,0.0,0.0,0.0,0.0
1140,JP,JP,COKE1,MEMBE,1.92,0.0,0.0,0.0,0.0,0.0
4788,JP,JP,MEMBE,HEAVY,1.92,0.0,0.0,0.0,0.0,0.0
6677,JP,JP,RETA1,MEMBE,1.92,0.0,0.0,0.0,0.0,0.0
2966,JP,JP,ELECT,SUGAR,1.92,0.0,0.0,0.0,0.0,0.0
5865,JP,JP,POULT,SUPPO,1.93,0.0,0.0,0.0,0.0,0.0
1995,JP,JP,ELE12,GLASS,1.93,0.0,0.0,0.0,0.0,0.0
7276,JP,JP,TEXTI,MEDIC,1.93,0.0,0.0,0.0,0.0,0.0
5522,JP,JP,PAPER,NFERT,1.93,0.0,0.0,0.0,0.0,0.0
1945,JP,JP,ELE11,SUPPO,1.93,0.0,0.0,0.0,0.0,0.0
4931,JP,JP,MOTOR,POULT,1.94,0.0,0.0,0.0,0.0,0.0
7059,JP,JP,STEAM,SUPPO,1.94,0.0,0.0,0.0,0.0,0.0
3382,JP,JP,FORES,STONE,1.99,0.0,0.0,0.0,0.0,0.0
2515,JP,JP,ELEC4,RETAI,1.99,0.0,0.0,0.0,0.0,0.0
5074,JP,JP,NATUR,TEXTI,2.09,0.0,0.0,0.0,0.0,0.0
551,JP,JP,BIOG1,PUBLI,2.07,0.0,0.0,0.0,0.0,0.0
7410,JP,JP,TRAN2,NATU1,2.05,0.0,0.0,0.0,0.0,0.0
5434,JP,JP,OXYGE,WHOLE,2.05,0.0,0.0,0.0,0.0,0.0
27,JP,JP,93197,CRUDE,2.06,0.0,0.0,0.0,0.0,0.0
4203,JP,JP,KERO1,VEGE1,2.06,0.0,0.0,0.0,0.0,0.0
2612,JP,JP,ELEC5,PRINT,2.06,0.0,0.0,0.0,0.0,0.0
4595,JP,JP,LUBRI,CROPS,2.06,0.0,0.0,0.0,0.0,0.0
7310,JP,JP,TEXTI,VEGET,2.06,0.0,0.0,0.0,0.0,0.0
703,JP,JP,BLAST,RUBBE,2.06,0.0,0.0,0.0,0.0,0.0
1969,JP,JP,ELE12,CERAM,2.07,0.0,0.0,0.0,0.0,0.0
6807,JP,JP,RUBBE,PIGS9,2.0,0.0,0.0,0.0,0.0,0.0
4851,JP,JP,MEMBE,SUGAR,2.07,0.0,0.0,0.0,0.0,0.0
5792,JP,JP,POSTT,NAPHT,2.07,0.0,0.0,0.0,0.0,0.0
5408,JP,JP,OXYGE,OFFIC,2.07,0.0,0.0,0.0,0.0,0.0
2620,JP,JP,ELEC5,REALE,2.08,0.0,0.0,0.0,0.0,0.0
7260,JP,JP,TEXTI,FINAN,2.08,0.0,0.0,0.0,0.0,0.0
1449,JP,JP,CONST,SUGAR,2.09,0.0,0.0,0.0,0.0,0.0
1939,JP,JP,ELE11,SALEM,2.09,0.0,0.0,0.0,0.0,0.0
2571,JP,JP,ELEC5,GASDI,2.09,0.0,0.0,0.0,0.0,0.0
7543,JP,JP,WEARI,ELEC2,2.05,0.0,0.0,0.0,0.0,0.0
1414,JP,JP,CONST,NATU1,2.04,0.0,0.0,0.0,0.0,0.0
6945,JP,JP,SEACO,NATUR,2.04,0.0,0.0,0.0,0.0,0.0
1874,JP,JP,ELE11,EDUCA,2.04,0.0,0.0,0.0,0.0,0.0
412,JP,JP,AUXIL,RAWMI,2.0,0.0,0.0,0.0,0.0,0.0
1788,JP,JP,EDUCA,GASDI,2.0,0.0,0.0,0.0,0.0,0.0
2871,JP,JP,ELEC8,RAWMI,2.0,0.0,0.0,0.0,0.0,0.0
2878,JP,JP,ELEC8,RETAI,2.0,0.0,0.0,0.0,0.0,0.0
7594,JP,JP,WEARI,PIGS9,2.0,0.0,0.0,0.0,0.0,0.0
2972,JP,JP,ELECT,WHEAT,2.0,0.0,0.0,0.0,0.0,0.0
2373,JP,JP,ELEC3,PADDY,2.01,0.0,0.0,0.0,0.0,0.0
616,JP,JP,BITU1,NONSP,2.01,0.0,0.0,0.0,0.0,0.0
4855,JP,JP,MEMBE,TRAN1,2.01,0.0,0.0,0.0,0.0,0.0
2508,JP,JP,ELEC4,RAWMI,2.02,0.0,0.0,0.0,0.0,0.0
7586,JP,JP,WEARI,NONFE,2.03,0.0,0.0,0.0,0.0,0.0
577,JP,JP,BITU1,CEMEN,2.03,0.0,0.0,0.0,0.0,0.0
1205,JP,JP,COKEO,MOTO1,2.03,0.0,0.0,0.0,0.0,0.0
3681,JP,JP,GLASS,MEATC,2.03,0.0,0.0,0.0,0.0,0.0
6149,JP,JP,RAILW,KEROS,2.03,0.0,0.0,0.0,0.0,0.0
5148,JP,JP,NONF1,ELEC4,2.04,0.0,0.0,0.0,0.0,0.0
7286,JP,JP,TEXTI,PLANT,2.04,0.0,0.0,0.0,0.0,0.0
7617,JP,JP,WEARI,SUGAR,1.54,0.0,0.0,0.0,0.0,0.0
2690,JP,JP,ELEC6,KEROS,1.53,0.0,0.0,0.0,0.0,0.0
6388,JP,JP,RECRE,MOTOR,1.53,0.0,0.0,0.0,0.0,0.0
5062,JP,JP,NATUR,OXYGE,1.1,0.0,0.0,0.0,0.0,0.0
6039,JP,JP,RADIO,COPP1,1.08,0.0,0.0,0.0,0.0,0.0
5430,JP,JP,OXYGE,TRAN2,1.09,0.0,0.0,0.0,0.0,0.0
4002,JP,JP,INSUR,NATU1,1.09,0.0,0.0,0.0,0.0,0.0
1674,JP,JP,DISTR,COKE1,1.09,0.0,0.0,0.0,0.0,0.0
5774,JP,JP,POSTT,INLAN,1.09,0.0,0.0,0.0,0.0,0.0
6073,JP,JP,RADIO,MOTOR,1.09,0.0,0.0,0.0,0.0,0.0
4104,JP,JP,KERO1,COALT,1.1,0.0,0.0,0.0,0.0,0.0
5812,JP,JP,POSTT,POULT,1.1,0.0,0.0,0.0,0.0,0.0
6777,JP,JP,RUBBE,KERO1,1.1,0.0,0.0,0.0,0.0,0.0
399,JP,JP,AUXIL,PIGS9,1.11,0.0,0.0,0.0,0.0,0.0
7418,JP,JP,TRAN2,REFI1,1.1,0.0,0.0,0.0,0.0,0.0
2549,JP,JP,ELEC5,CERAM,1.1,0.0,0.0,0.0,0.0,0.0
3360,JP,JP,FORES,CRUDE,1.1,0.0,0.0,0.0,0.0,0.0
7202,JP,JP,SUPPO,RAWMI,1.11,0.0,0.0,0.0,0.0,0.0
6569,JP,JP,RESEA,NONSP,1.11,0.0,0.0,0.0,0.0,0.0
544,JP,JP,BIOG1,PAPER,1.11,0.0,0.0,0.0,0.0,0.0
6326,JP,JP,RECRE,ALUM1,1.11,0.0,0.0,0.0,0.0,0.0
4873,JP,JP,MOTOR,AUXIL,1.11,0.0,0.0,0.0,0.0,0.0
2756,JP,JP,ELEC6,VEGET,1.08,0.0,0.0,0.0,0.0,0.0
72,JP,JP,93197,NATU1,1.08,0.0,0.0,0.0,0.0,0.0
1835,JP,JP,EDUCA,SANDC,1.08,0.0,0.0,0.0,0.0,0.0
5862,JP,JP,POULT,PUBLI,1.08,0.0,0.0,0.0,0.0,0.0
7012,JP,JP,STEAM,DISTR,1.04,0.0,0.0,0.0,0.0,0.0
1733,JP,JP,DISTR,STEAM,1.05,0.0,0.0,0.0,0.0,0.0
367,JP,JP,AUXIL,KERO1,1.05,0.0,0.0,0.0,0.0,0.0
5187,JP,JP,NONF1,WOODW,1.05,0.0,0.0,0.0,0.0,0.0
2670,JP,JP,ELEC6,DISTR,1.05,0.0,0.0,0.0,0.0,0.0
7037,JP,JP,STEAM,MOTOR,1.05,0.0,0.0,0.0,0.0,0.0
6914,JP,JP,SEACO,ELECT,1.05,0.0,0.0,0.0,0.0,0.0
1823,JP,JP,EDUCA,PULP5,1.06,0.0,0.0,0.0,0.0,0.0
6778,JP,JP,RUBBE,KEROS,1.06,0.0,0.0,0.0,0.0,0.0
4881,JP,JP,MOTOR,CEMEN,1.06,0.0,0.0,0.0,0.0,0.0
1162,JP,JP,COKE1,RETAI,1.06,0.0,0.0,0.0,0.0,0.0
6680,JP,JP,RETA1,NAPHT,1.06,0.0,0.0,0.0,0.0,0.0
1226,JP,JP,COMPU,BITUM,1.07,0.0,0.0,0.0,0.0,0.0
5431,JP,JP,OXYGE,TRANS,1.07,0.0,0.0,0.0,0.0,0.0
7407,JP,JP,TRAN2,LUBRI,1.07,0.0,0.0,0.0,0.0,0.0
3478,JP,JP,FURNI,MEAT1,1.07,0.0,0.0,0.0,0.0,0.0
966,JP,JP,CHEM1,COALT,1.08,0.0,0.0,0.0,0.0,0.0
6368,JP,JP,RECRE,GASDI,1.11,0.0,0.0,0.0,0.0,0.0
4149,JP,JP,KERO1,MEATC,1.11,0.0,0.0,0.0,0.0,0.0
887,JP,JP,CEMEN,PUBLI,1.04,0.0,0.0,0.0,0.0,0.0
7047,JP,JP,STEAM,PREC1,1.16,0.0,0.0,0.0,0.0,0.0
7545,JP,JP,WEARI,ELEC4,1.15,0.0,0.0,0.0,0.0,0.0
1182,JP,JP,COKEO,COALT,1.15,0.0,0.0,0.0,0.0,0.0
6276,JP,JP,REALE,MEATP,1.15,0.0,0.0,0.0,0.0,0.0
7035,JP,JP,STEAM,MEDIC,1.15,0.0,0.0,0.0,0.0,0.0
1954,JP,JP,ELE11,WHOLE,1.16,0.0,0.0,0.0,0.0,0.0
5782,JP,JP,POSTT,LIQUE,1.16,0.0,0.0,0.0,0.0,0.0
7764,JP,JP,WOODW,RETAI,1.16,0.0,0.0,0.0,0.0,0.0
186,JP,JP,AIRTR,MEATP,1.16,0.0,0.0,0.0,0.0,0.0
5015,JP,JP,NATU1,REFI1,1.16,0.0,0.0,0.0,0.0,0.0
5366,JP,JP,OXYGE,ALUM1,1.11,0.0,0.0,0.0,0.0,0.0
4665,JP,JP,MEATA,CATTL,1.17,0.0,0.0,0.0,0.0,0.0
2313,JP,JP,ELEC3,BRICK,1.17,0.0,0.0,0.0,0.0,0.0
6941,JP,JP,SEACO,MOTO1,1.17,0.0,0.0,0.0,0.0,0.0
735,JP,JP,BUSIN,BITU1,1.17,0.0,0.0,0.0,0.0,0.0
6434,JP,JP,RECRE,VEGET,1.17,0.0,0.0,0.0,0.0,0.0
3310,JP,JP,FOOD5,CERAM,1.17,0.0,0.0,0.0,0.0,0.0
1928,JP,JP,ELE11,PULP5,1.17,0.0,0.0,0.0,0.0,0.0
627,JP,JP,BITU1,REFIN,1.17,0.0,0.0,0.0,0.0,0.0
6906,JP,JP,SEACO,COKEO,1.15,0.0,0.0,0.0,0.0,0.0
2076,JP,JP,ELEC1,ANIMA,1.15,0.0,0.0,0.0,0.0,0.0
6706,JP,JP,RETA1,RAWMI,1.15,0.0,0.0,0.0,0.0,0.0
1155,JP,JP,COKE1,PROCE,1.15,0.0,0.0,0.0,0.0,0.0
2985,JP,JP,FABRI,BLAST,1.11,0.0,0.0,0.0,0.0,0.0
6451,JP,JP,REFI1,PARAF,1.12,0.0,0.0,0.0,0.0,0.0
6893,JP,JP,SEACO,AIRTR,1.12,0.0,0.0,0.0,0.0,0.0
5041,JP,JP,NATUR,GASDI,1.13,0.0,0.0,0.0,0.0,0.0
5008,JP,JP,NATU1,LUBRI,1.13,0.0,0.0,0.0,0.0,0.0
4162,JP,JP,KERO1,NONSP,1.13,0.0,0.0,0.0,0.0,0.0
4677,JP,JP,MEATP,FISH5,1.13,0.0,0.0,0.0,0.0,0.0
3691,JP,JP,GLASS,PRINT,1.14,0.0,0.0,0.0,0.0,0.0
7138,JP,JP,SUPPO,EDUCA,1.14,0.0,0.0,0.0,0.0,0.0
4871,JP,JP,MOTOR,ALUM1,1.14,0.0,0.0,0.0,0.0,0.0
4794,JP,JP,MEMBE,KEROS,1.14,0.0,0.0,0.0,0.0,0.0
212,JP,JP,AIRTR,PULP5,1.14,0.0,0.0,0.0,0.0,0.0
2700,JP,JP,ELEC6,MEDIC,1.14,0.0,0.0,0.0,0.0,0.0
727,JP,JP,BUSIN,ANIMA,1.14,0.0,0.0,0.0,0.0,0.0
2082,JP,JP,ELEC1,BITU1,1.14,0.0,0.0,0.0,0.0,0.0
6644,JP,JP,RETA1,ELEC4,1.15,0.0,0.0,0.0,0.0,0.0
4516,JP,JP,LIQUE,ELECT,1.15,0.0,0.0,0.0,0.0,0.0
3369,JP,JP,FORES,IRONO,1.04,0.0,0.0,0.0,0.0,0.0
2963,JP,JP,ELECT,STEAM,1.04,0.0,0.0,0.0,0.0,0.0
5852,JP,JP,POULT,FOOD5,1.18,0.0,0.0,0.0,0.0,0.0
6311,JP,JP,REALE,STEAM,0.97,0.0,0.0,0.0,0.0,0.0
4958,JP,JP,NAPHT,BIODI,0.95,0.0,0.0,0.0,0.0,0.0
192,JP,JP,AIRTR,NATU1,0.96,0.0,0.0,0.0,0.0,0.0
1905,JP,JP,ELE11,MOTOR,0.96,0.0,0.0,0.0,0.0,0.0
4548,JP,JP,LIQUE,NONME,0.96,0.0,0.0,0.0,0.0,0.0
5571,JP,JP,PARAF,LIQUE,0.96,0.0,0.0,0.0,0.0,0.0
1953,JP,JP,ELE11,WEARI,0.96,0.0,0.0,0.0,0.0,0.0
7582,JP,JP,WEARI,NATU1,0.96,0.0,0.0,0.0,0.0,0.0
2288,JP,JP,ELEC2,STEAM,0.97,0.0,0.0,0.0,0.0,0.0
4123,JP,JP,KERO1,ELEC8,0.97,0.0,0.0,0.0,0.0,0.0
6701,JP,JP,RETA1,PREC1,0.98,0.0,0.0,0.0,0.0,0.0
6153,JP,JP,RAILW,LIQUE,0.97,0.0,0.0,0.0,0.0,0.0
5414,JP,JP,OXYGE,PREC1,0.97,0.0,0.0,0.0,0.0,0.0
6896,JP,JP,SEACO,BEVER,0.97,0.0,0.0,0.0,0.0,0.0
3165,JP,JP,FINAN,MEAT4,0.97,0.0,0.0,0.0,0.0,0.0
5909,JP,JP,PRINT,ELEC6,0.97,0.0,0.0,0.0,0.0,0.0
4390,JP,JP,LEAD1,TRANS,0.98,0.0,0.0,0.0,0.0,0.0
7601,JP,JP,WEARI,PROCE,0.98,0.0,0.0,0.0,0.0,0.0
2391,JP,JP,ELEC3,RAWMI,0.98,0.0,0.0,0.0,0.0,0.0
6432,JP,JP,RECRE,TRANS,0.95,0.0,0.0,0.0,0.0,0.0
6691,JP,JP,RETA1,PADDY,0.95,0.0,0.0,0.0,0.0,0.0
5237,JP,JP,NONME,FORES,0.95,0.0,0.0,0.0,0.0,0.0
5399,JP,JP,OXYGE,MEDIC,0.95,0.0,0.0,0.0,0.0,0.0
3374,JP,JP,FORES,NFERT,0.93,0.0,0.0,0.0,0.0,0.0
1764,JP,JP,EDUCA,COKE1,0.93,0.0,0.0,0.0,0.0,0.0
1663,JP,JP,DISTR,BLAST,0.94,0.0,0.0,0.0,0.0,0.0
7095,JP,JP,SUGA1,NFERT,0.94,0.0,0.0,0.0,0.0,0.0
7756,JP,JP,WOODW,PUBLI,0.94,0.0,0.0,0.0,0.0,0.0
6460,JP,JP,REFIN,COALT,0.94,0.0,0.0,0.0,0.0,0.0
832,JP,JP,BUSIN,STEAM,0.94,0.0,0.0,0.0,0.0,0.0
1078,JP,JP,CHEMI,SANDC,0.94,0.0,0.0,0.0,0.0,0.0
6497,JP,JP,RESEA,BIOG1,0.94,0.0,0.0,0.0,0.0,0.0
4399,JP,JP,LEATH,BRICK,0.94,0.0,0.0,0.0,0.0,0.0
2546,JP,JP,ELEC5,BUSIN,0.95,0.0,0.0,0.0,0.0,0.0
3650,JP,JP,GLASS,AIRTR,0.95,0.0,0.0,0.0,0.0,0.0
1064,JP,JP,CHEMI,COKEO,0.95,0.0,0.0,0.0,0.0,0.0
2551,JP,JP,ELEC5,CHEMI,0.95,0.0,0.0,0.0,0.0,0.0
1146,JP,JP,COKE1,NONME,0.95,0.0,0.0,0.0,0.0,0.0
4151,JP,JP,KERO1,MEDIC,0.95,0.0,0.0,0.0,0.0,0.0
2653,JP,JP,ELEC6,BRICK,0.95,0.0,0.0,0.0,0.0,0.0
2398,JP,JP,ELEC3,RETAI,0.98,0.0,0.0,0.0,0.0,0.0
7091,JP,JP,SUGA1,MEAT1,0.98,0.0,0.0,0.0,0.0,0.0
554,JP,JP,BIOG1,REALE,1.04,0.0,0.0,0.0,0.0,0.0
4427,JP,JP,LEATH,FISHF,1.03,0.0,0.0,0.0,0.0,0.0
2016,JP,JP,ELE12,NAPHT,1.02,0.0,0.0,0.0,0.0,0.0
5758,JP,JP,POSTT,ELEC6,1.02,0.0,0.0,0.0,0.0,0.0
1045,JP,JP,CHEM1,SUGA1,1.02,0.0,0.0,0.0,0.0,0.0
6554,JP,JP,RESEA,MEAT4,1.02,0.0,0.0,0.0,0.0,0.0
905,JP,JP,CERAM,DIST1,1.02,0.0,0.0,0.0,0.0,0.0
2572,JP,JP,ELEC5,GLASS,1.03,0.0,0.0,0.0,0.0,0.0
963,JP,JP,CHEM1,CHARC,1.03,0.0,0.0,0.0,0.0,0.0
5718,JP,JP,PLAST,WOODW,1.03,0.0,0.0,0.0,0.0,0.0
7654,JP,JP,WHITE,MOTOR,1.03,0.0,0.0,0.0,0.0,0.0
3843,JP,JP,HEAVY,SALEM,0.98,0.0,0.0,0.0,0.0,0.0
4872,JP,JP,MOTOR,ANIMA,1.03,0.0,0.0,0.0,0.0,0.0
52,JP,JP,93197,HEAVY,1.03,0.0,0.0,0.0,0.0,0.0
6978,JP,JP,SEACO,TRANS,1.03,0.0,0.0,0.0,0.0,0.0
4283,JP,JP,LANDT,INLAN,1.03,0.0,0.0,0.0,0.0,0.0
1441,JP,JP,CONST,REFI1,1.04,0.0,0.0,0.0,0.0,0.0
6982,JP,JP,SEACO,WOODW,1.04,0.0,0.0,0.0,0.0,0.0
165,JP,JP,AIRTR,FORES,1.04,0.0,0.0,0.0,0.0,0.0
4398,JP,JP,LEATH,BLAST,1.04,0.0,0.0,0.0,0.0,0.0
1594,JP,JP,DIST1,INLAN,1.02,0.0,0.0,0.0,0.0,0.0
4731,JP,JP,MEDIC,TOBAC,1.01,0.0,0.0,0.0,0.0,0.0
179,JP,JP,AIRTR,LEAD1,1.01,0.0,0.0,0.0,0.0,0.0
368,JP,JP,AUXIL,KEROS,1.01,0.0,0.0,0.0,0.0,0.0
6860,JP,JP,SALEM,POULT,0.98,0.0,0.0,0.0,0.0,0.0
5802,JP,JP,POSTT,OXYGE,0.98,0.0,0.0,0.0,0.0,0.0
6968,JP,JP,SEACO,RETA1,0.99,0.0,0.0,0.0,0.0,0.0
5757,JP,JP,POSTT,ELEC5,0.99,0.0,0.0,0.0,0.0,0.0
5325,JP,JP,NONSP,NONSP,0.99,0.0,0.0,0.0,0.0,0.0
1133,JP,JP,COKE1,HOTEL,0.99,0.0,0.0,0.0,0.0,0.0
2453,JP,JP,ELEC4,FORES,0.99,0.0,0.0,0.0,0.0,0.0
6480,JP,JP,REFIN,NONSP,0.99,0.0,0.0,0.0,0.0,0.0
2816,JP,JP,ELEC8,FORES,0.99,0.0,0.0,0.0,0.0,0.0
5305,JP,JP,NONSP,COALT,0.99,0.0,0.0,0.0,0.0,0.0
3406,JP,JP,FOUND,PRIVA,1.0,0.0,0.0,0.0,0.0,0.0
909,JP,JP,CERAM,FINAN,1.0,0.0,0.0,0.0,0.0,0.0
6643,JP,JP,RETA1,ELEC3,1.0,0.0,0.0,0.0,0.0,0.0
5377,JP,JP,OXYGE,COPP1,1.0,0.0,0.0,0.0,0.0,0.0
4250,JP,JP,LANDT,COALT,1.0,0.0,0.0,0.0,0.0,0.0
2613,JP,JP,ELEC5,PRIVA,1.0,0.0,0.0,0.0,0.0,0.0
1403,JP,JP,CONST,LUBRI,1.01,0.0,0.0,0.0,0.0,0.0
4768,JP,JP,MEMBE,ELE12,1.17,0.0,0.0,0.0,0.0,0.0
5111,JP,JP,NFERT,NONME,1.18,0.0,0.0,0.0,0.0,0.0
5421,JP,JP,OXYGE,RESEA,1.52,0.0,0.0,0.0,0.0,0.0
330,JP,JP,AUXIL,COKE1,1.41,0.0,0.0,0.0,0.0,0.0
4808,JP,JP,MEMBE,NAPHT,1.41,0.0,0.0,0.0,0.0,0.0
5648,JP,JP,PFERT,WEARI,1.41,0.0,0.0,0.0,0.0,0.0
2614,JP,JP,ELEC5,PROCE,1.41,0.0,0.0,0.0,0.0,0.0
6801,JP,JP,RUBBE,OILSE,1.41,0.0,0.0,0.0,0.0,0.0
7174,JP,JP,SUPPO,MEATP,1.41,0.0,0.0,0.0,0.0,0.0
721,JP,JP,BRICK,MEMBE,1.41,0.0,0.0,0.0,0.0,0.0
5406,JP,JP,OXYGE,NONF1,1.41,0.0,0.0,0.0,0.0,0.0
1599,JP,JP,DIST1,LEAD1,1.41,0.0,0.0,0.0,0.0,0.0
4048,JP,JP,INSUR,TRAN1,1.42,0.0,0.0,0.0,0.0,0.0
6059,JP,JP,RADIO,GLASS,1.44,0.0,0.0,0.0,0.0,0.0
5541,JP,JP,PAPER,RAWMI,1.43,0.0,0.0,0.0,0.0,0.0
5299,JP,JP,NONSP,BITU1,1.43,0.0,0.0,0.0,0.0,0.0
282,JP,JP,ALUM1,VEGE1,1.43,0.0,0.0,0.0,0.0,0.0
5014,JP,JP,NATU1,PFERT,1.43,0.0,0.0,0.0,0.0,0.0
3667,JP,JP,GLASS,FINAN,1.43,0.0,0.0,0.0,0.0,0.0
6458,JP,JP,REFIN,BITU1,1.43,0.0,0.0,0.0,0.0,0.0
6831,JP,JP,RUBBE,SUGAR,1.43,0.0,0.0,0.0,0.0,0.0
4024,JP,JP,INSUR,PROCE,1.44,0.0,0.0,0.0,0.0,0.0
2358,JP,JP,ELEC3,MEDIC,1.4,0.0,0.0,0.0,0.0,0.0
4114,JP,JP,KERO1,DISTR,1.4,0.0,0.0,0.0,0.0,0.0
6209,JP,JP,RAILW,VEGE1,1.4,0.0,0.0,0.0,0.0,0.0
6395,JP,JP,RECRE,NONME,1.4,0.0,0.0,0.0,0.0,0.0
6243,JP,JP,REALE,CROPS,1.34,0.0,0.0,0.0,0.0,0.0
1629,JP,JP,DIST1,PULP5,1.34,0.0,0.0,0.0,0.0,0.0
565,JP,JP,BIOG1,TRANS,1.34,0.0,0.0,0.0,0.0,0.0
6506,JP,JP,RESEA,CHARC,1.34,0.0,0.0,0.0,0.0,0.0
1183,JP,JP,COKEO,COKEO,1.34,0.0,0.0,0.0,0.0,0.0
1929,JP,JP,ELE11,RADIO,1.34,0.0,0.0,0.0,0.0,0.0
6248,JP,JP,REALE,ELE11,1.34,0.0,0.0,0.0,0.0,0.0
6782,JP,JP,RUBBE,LIQUE,1.34,0.0,0.0,0.0,0.0,0.0
2559,JP,JP,ELEC5,DAIRY,1.35,0.0,0.0,0.0,0.0,0.0
3007,JP,JP,FABRI,ELE12,1.36,0.0,0.0,0.0,0.0,0.0
1301,JP,JP,COMPU,OXYGE,1.37,0.0,0.0,0.0,0.0,0.0
33,JP,JP,93197,ELE12,1.37,0.0,0.0,0.0,0.0,0.0
7180,JP,JP,SUPPO,NFERT,1.37,0.0,0.0,0.0,0.0,0.0
29,JP,JP,93197,DIST1,1.38,0.0,0.0,0.0,0.0,0.0
2597,JP,JP,ELEC5,NONF1,1.39,0.0,0.0,0.0,0.0,0.0
1997,JP,JP,ELE12,HEAVY,1.39,0.0,0.0,0.0,0.0,0.0
1171,JP,JP,COKE1,VEGE1,1.4,0.0,0.0,0.0,0.0,0.0
5733,JP,JP,POSTT,CATTL,1.44,0.0,0.0,0.0,0.0,0.0
702,JP,JP,BLAST,RETAI,1.44,0.0,0.0,0.0,0.0,0.0
2569,JP,JP,ELEC5,FOUND,1.33,0.0,0.0,0.0,0.0,0.0
1944,JP,JP,ELE11,SUGA1,1.51,0.0,0.0,0.0,0.0,0.0
6904,JP,JP,SEACO,CHEMI,1.48,0.0,0.0,0.0,0.0,0.0
5654,JP,JP,PIGS9,FOOD5,1.48,0.0,0.0,0.0,0.0,0.0
3811,JP,JP,HEAVY,NFERT,1.48,0.0,0.0,0.0,0.0,0.0
5176,JP,JP,NONF1,PREC1,1.48,0.0,0.0,0.0,0.0,0.0
4989,JP,JP,NAPHT,REFI1,1.49,0.0,0.0,0.0,0.0,0.0
4170,JP,JP,KERO1,PIGS9,1.49,0.0,0.0,0.0,0.0,0.0
4829,JP,JP,MEMBE,PREC1,1.5,0.0,0.0,0.0,0.0,0.0
3449,JP,JP,FURNI,ELEC3,1.5,0.0,0.0,0.0,0.0,0.0
4499,JP,JP,LIQUE,COALT,1.51,0.0,0.0,0.0,0.0,0.0
4449,JP,JP,LEATH,OFFIC,1.44,0.0,0.0,0.0,0.0,0.0
3703,JP,JP,GLASS,SEACO,1.51,0.0,0.0,0.0,0.0,0.0
2431,JP,JP,ELEC4,CATTL,1.51,0.0,0.0,0.0,0.0,0.0
4957,JP,JP,MOTOR,WOODW,1.52,0.0,0.0,0.0,0.0,0.0
6774,JP,JP,RUBBE,INLAN,1.52,0.0,0.0,0.0,0.0,0.0
1510,JP,JP,CRUDE,KEROS,1.52,0.0,0.0,0.0,0.0,0.0
2792,JP,JP,ELEC8,CATTL,1.52,0.0,0.0,0.0,0.0,0.0
2621,JP,JP,ELEC5,RECRE,1.52,0.0,0.0,0.0,0.0,0.0
1114,JP,JP,COKE1,CHEM1,1.52,0.0,0.0,0.0,0.0,0.0
7641,JP,JP,WHITE,CHEM1,1.48,0.0,0.0,0.0,0.0,0.0
5106,JP,JP,NFERT,MEMBE,1.47,0.0,0.0,0.0,0.0,0.0
7752,JP,JP,WOODW,PLAST,1.47,0.0,0.0,0.0,0.0,0.0
296,JP,JP,ANIMA,MEATA,1.47,0.0,0.0,0.0,0.0,0.0
7299,JP,JP,TEXTI,RETAI,1.44,0.0,0.0,0.0,0.0,0.0
4201,JP,JP,KERO1,TRAN1,1.44,0.0,0.0,0.0,0.0,0.0
7134,JP,JP,SUPPO,CROPS,1.45,0.0,0.0,0.0,0.0,0.0
6668,JP,JP,RETA1,LEAD1,1.45,0.0,0.0,0.0,0.0,0.0
553,JP,JP,BIOG1,RADIO,1.45,0.0,0.0,0.0,0.0,0.0
4977,JP,JP,NAPHT,LUBRI,1.45,0.0,0.0,0.0,0.0,0.0
7137,JP,JP,SUPPO,DISTR,1.45,0.0,0.0,0.0,0.0,0.0
6411,JP,JP,RECRE,RADIO,1.45,0.0,0.0,0.0,0.0,0.0
6660,JP,JP,RETA1,HEAVY,1.46,0.0,0.0,0.0,0.0,0.0
5608,JP,JP,PFERT,ELECT,1.46,0.0,0.0,0.0,0.0,0.0
3096,JP,JP,FABRI,WHEAT,1.46,0.0,0.0,0.0,0.0,0.0
4700,JP,JP,MEDIC,DIST1,1.46,0.0,0.0,0.0,0.0,0.0
504,JP,JP,BEVER,PUBLI,1.46,0.0,0.0,0.0,0.0,0.0
6958,JP,JP,SEACO,PRIVA,1.47,0.0,0.0,0.0,0.0,0.0
6509,JP,JP,RESEA,COALT,1.47,0.0,0.0,0.0,0.0,0.0
7101,JP,JP,SUGA1,SUPPO,1.47,0.0,0.0,0.0,0.0,0.0
4925,JP,JP,MOTOR,OFFIC,1.47,0.0,0.0,0.0,0.0,0.0
668,JP,JP,BLAST,HOTEL,1.33,0.0,0.0,0.0,0.0,0.0
2693,JP,JP,ELEC6,LEATH,1.33,0.0,0.0,0.0,0.0,0.0
4793,JP,JP,MEMBE,KERO1,1.18,0.0,0.0,0.0,0.0,0.0
6464,JP,JP,REFIN,ELE12,1.23,0.0,0.0,0.0,0.0,0.0
2562,JP,JP,ELEC5,ELECT,1.22,0.0,0.0,0.0,0.0,0.0
5051,JP,JP,NATUR,MEATC,1.22,0.0,0.0,0.0,0.0,0.0
5185,JP,JP,NONF1,TRAN1,1.22,0.0,0.0,0.0,0.0,0.0
6296,JP,JP,REALE,PREC1,1.22,0.0,0.0,0.0,0.0,0.0
4402,JP,JP,LEATH,CEMEN,1.22,0.0,0.0,0.0,0.0,0.0
747,JP,JP,BUSIN,COALT,1.23,0.0,0.0,0.0,0.0,0.0
163,JP,JP,AIRTR,FISHF,1.23,0.0,0.0,0.0,0.0,0.0
6544,JP,JP,RESEA,INSUR,1.23,0.0,0.0,0.0,0.0,0.0
5030,JP,JP,NATUR,CONST,1.23,0.0,0.0,0.0,0.0,0.0
1644,JP,JP,DIST1,SUGA1,1.25,0.0,0.0,0.0,0.0,0.0
4143,JP,JP,KERO1,LEATH,1.23,0.0,0.0,0.0,0.0,0.0
7754,JP,JP,WOODW,PREC1,1.23,0.0,0.0,0.0,0.0,0.0
1999,JP,JP,ELE12,INSUR,1.24,0.0,0.0,0.0,0.0,0.0
954,JP,JP,CHEM1,BITU1,1.24,0.0,0.0,0.0,0.0,0.0
3543,JP,JP,GASDI,BITU1,1.24,0.0,0.0,0.0,0.0,0.0
3162,JP,JP,FINAN,LIQUE,1.24,0.0,0.0,0.0,0.0,0.0
7045,JP,JP,STEAM,OFFIC,1.24,0.0,0.0,0.0,0.0,0.0
6737,JP,JP,RUBBE,ANIMA,1.25,0.0,0.0,0.0,0.0,0.0
319,JP,JP,AUXIL,BLAST,1.21,0.0,0.0,0.0,0.0,0.0
3769,JP,JP,HEAVY,CONST,1.21,0.0,0.0,0.0,0.0,0.0
6883,JP,JP,SANDC,LEATH,1.21,0.0,0.0,0.0,0.0,0.0
3859,JP,JP,HEAVY,WHOLE,1.21,0.0,0.0,0.0,0.0,0.0
6042,JP,JP,RADIO,DIST1,1.18,0.0,0.0,0.0,0.0,0.0
5636,JP,JP,PFERT,PUBLI,1.19,0.0,0.0,0.0,0.0,0.0
7703,JP,JP,WOODW,BITUM,1.19,0.0,0.0,0.0,0.0,0.0
4703,JP,JP,MEDIC,FORES,1.19,0.0,0.0,0.0,0.0,0.0
1913,JP,JP,ELE11,OFFIC,1.19,0.0,0.0,0.0,0.0,0.0
3248,JP,JP,FISH5,SUPPO,1.19,0.0,0.0,0.0,0.0,0.0
7730,JP,JP,WOODW,HEALT,1.19,0.0,0.0,0.0,0.0,0.0
262,JP,JP,ALUM1,MEATP,1.19,0.0,0.0,0.0,0.0,0.0
6452,JP,JP,REFI1,PETRO,1.2,0.0,0.0,0.0,0.0,0.0
527,JP,JP,BIOG1,FOUND,1.2,0.0,0.0,0.0,0.0,0.0
884,JP,JP,CEMEN,NONFE,1.2,0.0,0.0,0.0,0.0,0.0
3460,JP,JP,FURNI,FORES,1.2,0.0,0.0,0.0,0.0,0.0
4938,JP,JP,MOTOR,RECRE,1.21,0.0,0.0,0.0,0.0,0.0
1563,JP,JP,DIST1,COKEO,1.21,0.0,0.0,0.0,0.0,0.0
4406,JP,JP,LEATH,COKE1,1.21,0.0,0.0,0.0,0.0,0.0
7318,JP,JP,TRAN1,ANIMA,1.21,0.0,0.0,0.0,0.0,0.0
2977,JP,JP,FABRI,ANIMA,1.21,0.0,0.0,0.0,0.0,0.0
5181,JP,JP,NONF1,RETA1,1.25,0.0,0.0,0.0,0.0,0.0
7647,JP,JP,WHITE,GLASS,1.25,0.0,0.0,0.0,0.0,0.0
2414,JP,JP,ELEC3,VEGET,1.33,0.0,0.0,0.0,0.0,0.0
641,JP,JP,BITUM,RADIO,1.31,0.0,0.0,0.0,0.0,0.0
2328,JP,JP,ELEC3,DISTR,1.29,0.0,0.0,0.0,0.0,0.0
149,JP,JP,AIRTR,DISTR,1.29,0.0,0.0,0.0,0.0,0.0
6092,JP,JP,RADIO,RETAI,1.29,0.0,0.0,0.0,0.0,0.0
2909,JP,JP,ELECT,CEREA,1.3,0.0,0.0,0.0,0.0,0.0
5293,JP,JP,NONME,WEARI,1.3,0.0,0.0,0.0,0.0,0.0
2995,JP,JP,FABRI,COKE1,1.3,0.0,0.0,0.0,0.0,0.0
5927,JP,JP,PRINT,IRONO,1.31,0.0,0.0,0.0,0.0,0.0
1658,JP,JP,DISTR,AUXIL,1.31,0.0,0.0,0.0,0.0,0.0
6812,JP,JP,RUBBE,PREC1,1.31,0.0,0.0,0.0,0.0,0.0
383,JP,JP,AUXIL,NAPHT,1.25,0.0,0.0,0.0,0.0,0.0
1859,JP,JP,ELE11,CEMEN,1.31,0.0,0.0,0.0,0.0,0.0
6792,JP,JP,RUBBE,NAPHT,1.31,0.0,0.0,0.0,0.0,0.0
1774,JP,JP,EDUCA,ELE12,1.31,0.0,0.0,0.0,0.0,0.0
4929,JP,JP,MOTOR,PIGS9,1.32,0.0,0.0,0.0,0.0,0.0
7620,JP,JP,WEARI,TOBAC,1.32,0.0,0.0,0.0,0.0,0.0
3314,JP,JP,FOOD5,CROPS,1.32,0.0,0.0,0.0,0.0,0.0
5882,JP,JP,PRINT,BLAST,1.33,0.0,0.0,0.0,0.0,0.0
4666,JP,JP,MEATA,FORES,1.33,0.0,0.0,0.0,0.0,0.0
1106,JP,JP,COKE1,BEVER,1.29,0.0,0.0,0.0,0.0,0.0
2893,JP,JP,ELEC8,VEGE1,1.29,0.0,0.0,0.0,0.0,0.0
3714,JP,JP,HEALT,AUXIL,1.29,0.0,0.0,0.0,0.0,0.0
4417,JP,JP,LEATH,ELEC2,1.29,0.0,0.0,0.0,0.0,0.0
6923,JP,JP,SEACO,GLASS,1.25,0.0,0.0,0.0,0.0,0.0
4116,JP,JP,KERO1,ELE11,1.25,0.0,0.0,0.0,0.0,0.0
2595,JP,JP,ELEC5,NATUR,1.25,0.0,0.0,0.0,0.0,0.0
6603,JP,JP,RESEA,TRAN2,1.26,0.0,0.0,0.0,0.0,0.0
3257,JP,JP,FISHF,PFERT,1.26,0.0,0.0,0.0,0.0,0.0
6034,JP,JP,RADIO,CHEMI,1.26,0.0,0.0,0.0,0.0,0.0
1848,JP,JP,ELE11,93197,1.26,0.0,0.0,0.0,0.0,0.0
63,JP,JP,93197,MEAT1,1.26,0.0,0.0,0.0,0.0,0.0
1923,JP,JP,ELE11,PRECI,1.27,0.0,0.0,0.0,0.0,0.0
5375,JP,JP,OXYGE,COKEO,1.27,0.0,0.0,0.0,0.0,0.0
560,JP,JP,BIOG1,STEAM,1.27,0.0,0.0,0.0,0.0,0.0
7034,JP,JP,STEAM,MEATP,1.27,0.0,0.0,0.0,0.0,0.0
6623,JP,JP,RETA1,CATTL,1.27,0.0,0.0,0.0,0.0,0.0
7737,JP,JP,WOODW,MEATP,1.27,0.0,0.0,0.0,0.0,0.0
609,JP,JP,BITU1,MOTO1,1.27,0.0,0.0,0.0,0.0,0.0
6998,JP,JP,STEAM,BASIC,1.28,0.0,0.0,0.0,0.0,0.0
2530,JP,JP,ELEC4,VEGE1,1.28,0.0,0.0,0.0,0.0,0.0
114,JP,JP,93197,TRAN1,2.35,0.0,0.0,0.0,0.0,0.0
3217,JP,JP,FINAN,SUGAR,2.36,0.0,0.0,0.0,0.0,0.0
3157,JP,JP,FINAN,KERO1,2.36,0.0,0.0,0.0,0.0,0.0
5904,JP,JP,PRINT,ELE12,4.23,0.0,0.0,0.0,0.0,0.0
6098,JP,JP,RADIO,TEXTI,4.15,0.0,0.0,0.0,0.0,0.0
6624,JP,JP,RETA1,CEMEN,4.15,0.0,0.0,0.0,0.0,0.0
6412,JP,JP,RECRE,RAILW,4.17,0.0,0.0,0.0,0.0,0.0
1776,JP,JP,EDUCA,ELEC3,4.17,0.0,0.0,0.0,0.0,0.0
3026,JP,JP,FABRI,HEAVY,4.19,0.0,0.0,0.0,0.0,0.0
6756,JP,JP,RUBBE,COPP1,4.2,0.0,0.0,0.0,0.0,0.0
502,JP,JP,BEVER,MEMBE,4.22,0.0,0.0,0.0,0.0,0.0
4240,JP,JP,LANDT,BITUM,4.22,0.0,0.0,0.0,0.0,0.0
1153,JP,JP,COKE1,PREC1,4.24,0.0,0.0,0.0,0.0,0.0
5184,JP,JP,NONF1,TEXTI,4.31,0.0,0.0,0.0,0.0,0.0
6903,JP,JP,SEACO,CHEM1,4.24,0.0,0.0,0.0,0.0,0.0
180,JP,JP,AIRTR,LEATH,4.25,0.0,0.0,0.0,0.0,0.0
1683,JP,JP,DISTR,ELEC3,4.26,0.0,0.0,0.0,0.0,0.0
2673,JP,JP,ELEC6,ELECT,4.26,0.0,0.0,0.0,0.0,0.0
5946,JP,JP,PRINT,NFERT,4.27,0.0,0.0,0.0,0.0,0.0
7062,JP,JP,STEAM,TRANS,4.27,0.0,0.0,0.0,0.0,0.0
477,JP,JP,BASIC,PREC1,4.28,0.0,0.0,0.0,0.0,0.0
1275,JP,JP,COMPU,KERO1,4.28,0.0,0.0,0.0,0.0,0.0
693,JP,JP,BLAST,PRINT,4.14,0.0,0.0,0.0,0.0,0.0
378,JP,JP,AUXIL,MEATP,4.13,0.0,0.0,0.0,0.0,0.0
7208,JP,JP,SUPPO,RETAI,4.13,0.0,0.0,0.0,0.0,0.0
1276,JP,JP,COMPU,KEROS,4.13,0.0,0.0,0.0,0.0,0.0
3821,JP,JP,HEAVY,PETRO,4.02,0.0,0.0,0.0,0.0,0.0
65,JP,JP,93197,MEATC,4.02,0.0,0.0,0.0,0.0,0.0
5438,JP,JP,PADDY,EDUCA,4.03,0.0,0.0,0.0,0.0,0.0
5730,JP,JP,POSTT,BLAST,4.03,0.0,0.0,0.0,0.0,0.0
7661,JP,JP,WHITE,PLAST,4.03,0.0,0.0,0.0,0.0,0.0
7755,JP,JP,WOODW,PRINT,4.04,0.0,0.0,0.0,0.0,0.0
2617,JP,JP,ELEC5,RADIO,4.04,0.0,0.0,0.0,0.0,0.0
6652,JP,JP,RETA1,FISHF,4.04,0.0,0.0,0.0,0.0,0.0
7768,JP,JP,WOODW,SEACO,4.06,0.0,0.0,0.0,0.0,0.0
2314,JP,JP,ELEC3,BUSIN,4.08,0.0,0.0,0.0,0.0,0.0
2319,JP,JP,ELEC3,CHEMI,4.08,0.0,0.0,0.0,0.0,0.0
3526,JP,JP,FURNI,TOBAC,4.09,0.0,0.0,0.0,0.0,0.0
1091,JP,JP,COALT,LEAD1,4.1,0.0,0.0,0.0,0.0,0.0
2489,JP,JP,ELEC4,PADDY,4.11,0.0,0.0,0.0,0.0,0.0
6657,JP,JP,RETA1,GASDI,4.11,0.0,0.0,0.0,0.0,0.0
7188,JP,JP,SUPPO,PARAF,4.12,0.0,0.0,0.0,0.0,0.0
2852,JP,JP,ELEC8,PADDY,4.12,0.0,0.0,0.0,0.0,0.0
3613,JP,JP,GASDI,PREC1,4.29,0.0,0.0,0.0,0.0,0.0
6728,JP,JP,RETA1,VEGE1,4.31,0.0,0.0,0.0,0.0,0.0
2826,JP,JP,ELEC8,KERO1,4.01,0.0,0.0,0.0,0.0,0.0
524,JP,JP,BIOG1,FABRI,4.46,0.0,0.0,0.0,0.0,0.0
2341,JP,JP,ELEC3,GLASS,4.42,0.0,0.0,0.0,0.0,0.0
7189,JP,JP,SUPPO,PETRO,4.42,0.0,0.0,0.0,0.0,0.0
7753,JP,JP,WOODW,POSTT,4.42,0.0,0.0,0.0,0.0,0.0
7429,JP,JP,TRANS,INLAN,4.44,0.0,0.0,0.0,0.0,0.0
4448,JP,JP,LEATH,NONME,4.45,0.0,0.0,0.0,0.0,0.0
5869,JP,JP,PRECI,NONME,4.45,0.0,0.0,0.0,0.0,0.0
2022,JP,JP,ELE12,NONME,4.45,0.0,0.0,0.0,0.0,0.0
7175,JP,JP,SUPPO,MEDIC,4.45,0.0,0.0,0.0,0.0,0.0
5839,JP,JP,POSTT,TRAN1,4.46,0.0,0.0,0.0,0.0,0.0
35,JP,JP,93197,ELEC3,4.31,0.0,0.0,0.0,0.0,0.0
631,JP,JP,BITU1,TOBAC,4.47,0.0,0.0,0.0,0.0,0.0
1720,JP,JP,DISTR,POULT,4.47,0.0,0.0,0.0,0.0,0.0
5817,JP,JP,POSTT,PULP5,4.47,0.0,0.0,0.0,0.0,0.0
935,JP,JP,CEREA,ANIMA,4.48,0.0,0.0,0.0,0.0,0.0
3450,JP,JP,FURNI,ELEC4,4.48,0.0,0.0,0.0,0.0,0.0
4568,JP,JP,LIQUE,REFI1,4.48,0.0,0.0,0.0,0.0,0.0
5194,JP,JP,NONFE,NONME,4.49,0.0,0.0,0.0,0.0,0.0
5024,JP,JP,NATUR,BLAST,4.5,0.0,0.0,0.0,0.0,0.0
1543,JP,JP,DAIRY,RAWMI,4.41,0.0,0.0,0.0,0.0,0.0
275,JP,JP,ALUM1,RESEA,4.41,0.0,0.0,0.0,0.0,0.0
6500,JP,JP,RESEA,BITUM,4.39,0.0,0.0,0.0,0.0,0.0
2706,JP,JP,ELEC6,NATUR,4.39,0.0,0.0,0.0,0.0,0.0
2385,JP,JP,ELEC3,PRIVA,4.32,0.0,0.0,0.0,0.0,0.0
2254,JP,JP,ELEC2,NATU1,4.32,0.0,0.0,0.0,0.0,0.0
6527,JP,JP,RESEA,ELEC6,4.33,0.0,0.0,0.0,0.0,0.0
4469,JP,JP,LEATH,RUBBE,4.33,0.0,0.0,0.0,0.0,0.0
7535,JP,JP,WEARI,CROPS,4.34,0.0,0.0,0.0,0.0,0.0
2493,JP,JP,ELEC4,PFERT,4.34,0.0,0.0,0.0,0.0,0.0
4247,JP,JP,LANDT,CEREA,4.34,0.0,0.0,0.0,0.0,0.0
485,JP,JP,BASIC,TEXTI,4.35,0.0,0.0,0.0,0.0,0.0
6006,JP,JP,PROCE,PRIVA,4.35,0.0,0.0,0.0,0.0,0.0
2856,JP,JP,ELEC8,PFERT,4.35,0.0,0.0,0.0,0.0,0.0
5611,JP,JP,PFERT,FURNI,4.35,0.0,0.0,0.0,0.0,0.0
758,JP,JP,BUSIN,ELE11,4.36,0.0,0.0,0.0,0.0,0.0
4536,JP,JP,LIQUE,LUBRI,4.37,0.0,0.0,0.0,0.0,0.0
6729,JP,JP,RETA1,VEGET,4.37,0.0,0.0,0.0,0.0,0.0
7709,JP,JP,WOODW,CHEM1,4.37,0.0,0.0,0.0,0.0,0.0
1119,JP,JP,COKE1,COPP1,4.37,0.0,0.0,0.0,0.0,0.0
2287,JP,JP,ELEC2,SEACO,4.39,0.0,0.0,0.0,0.0,0.0
70,JP,JP,93197,MOTOR,4.01,0.0,0.0,0.0,0.0,0.0
2072,JP,JP,ELE12,WOODW,4.0,0.0,0.0,0.0,0.0,0.0
5267,JP,JP,NONME,PIGS9,4.52,0.0,0.0,0.0,0.0,0.0
5307,JP,JP,NONSP,COPP1,3.74,0.0,0.0,0.0,0.0,0.0
6027,JP,JP,RADIO,BEVER,3.7,0.0,0.0,0.0,0.0,0.0
1721,JP,JP,DISTR,PREC1,3.71,0.0,0.0,0.0,0.0,0.0
7538,JP,JP,WEARI,DIST1,3.71,0.0,0.0,0.0,0.0,0.0
6954,JP,JP,SEACO,PLAST,3.71,0.0,0.0,0.0,0.0,0.0
7120,JP,JP,SUPPO,BRICK,3.72,0.0,0.0,0.0,0.0,0.0
6454,JP,JP,REFI1,REFIN,3.72,0.0,0.0,0.0,0.0,0.0
2321,JP,JP,ELEC3,COKEO,3.72,0.0,0.0,0.0,0.0,0.0
440,JP,JP,AVIAT,AIRTR,3.73,0.0,0.0,0.0,0.0,0.0
474,JP,JP,BASIC,PFERT,3.74,0.0,0.0,0.0,0.0,0.0
7345,JP,JP,TRAN1,FORES,3.79,0.0,0.0,0.0,0.0,0.0
3820,JP,JP,HEAVY,PARAF,3.74,0.0,0.0,0.0,0.0,0.0
5257,JP,JP,NONME,NATUR,3.76,0.0,0.0,0.0,0.0,0.0
2905,JP,JP,ELECT,BRICK,3.76,0.0,0.0,0.0,0.0,0.0
860,JP,JP,CEMEN,BASIC,3.76,0.0,0.0,0.0,0.0,0.0
1244,JP,JP,COMPU,CRUDE,3.76,0.0,0.0,0.0,0.0,0.0
1777,JP,JP,EDUCA,ELEC4,3.77,0.0,0.0,0.0,0.0,0.0
6895,JP,JP,SEACO,BASIC,3.77,0.0,0.0,0.0,0.0,0.0
1678,JP,JP,DISTR,CROPS,3.78,0.0,0.0,0.0,0.0,0.0
5915,JP,JP,PRINT,FISHF,3.69,0.0,0.0,0.0,0.0,0.0
204,JP,JP,AIRTR,PFERT,3.69,0.0,0.0,0.0,0.0,0.0
2367,JP,JP,ELEC3,NONFE,3.69,0.0,0.0,0.0,0.0,0.0
941,JP,JP,CEREA,POULT,3.68,0.0,0.0,0.0,0.0,0.0
2683,JP,JP,ELEC6,GLASS,3.59,0.0,0.0,0.0,0.0,0.0
2109,JP,JP,ELEC1,FORES,3.6,0.0,0.0,0.0,0.0,0.0
6630,JP,JP,RETA1,COKEO,3.61,0.0,0.0,0.0,0.0,0.0
967,JP,JP,CHEM1,COKE1,3.61,0.0,0.0,0.0,0.0,0.0
1111,JP,JP,COKE1,BUSIN,3.61,0.0,0.0,0.0,0.0,0.0
879,JP,JP,CEMEN,MEMBE,3.61,0.0,0.0,0.0,0.0,0.0
1699,JP,JP,DISTR,MEAT1,3.63,0.0,0.0,0.0,0.0,0.0
7186,JP,JP,SUPPO,PADDY,3.64,0.0,0.0,0.0,0.0,0.0
3717,JP,JP,HEALT,BUSIN,3.64,0.0,0.0,0.0,0.0,0.0
5898,JP,JP,PRINT,CRUDE,3.64,0.0,0.0,0.0,0.0,0.0
5410,JP,JP,OXYGE,PAPER,3.65,0.0,0.0,0.0,0.0,0.0
2065,JP,JP,ELE12,TRANS,3.65,0.0,0.0,0.0,0.0,0.0
4688,JP,JP,MEDIC,BRICK,3.66,0.0,0.0,0.0,0.0,0.0
4656,JP,JP,MEAT4,FURNI,3.66,0.0,0.0,0.0,0.0,0.0
3176,JP,JP,FINAN,NFERT,3.67,0.0,0.0,0.0,0.0,0.0
345,JP,JP,AUXIL,ELEC3,3.67,0.0,0.0,0.0,0.0,0.0
710,JP,JP,BLAST,TRANS,3.68,0.0,0.0,0.0,0.0,0.0
12,JP,JP,93197,BRICK,3.78,0.0,0.0,0.0,0.0,0.0
492,JP,JP,BEVER,CATTL,3.79,0.0,0.0,0.0,0.0,0.0
2463,JP,JP,ELEC4,KERO1,3.99,0.0,0.0,0.0,0.0,0.0
2333,JP,JP,ELEC3,FINAN,3.94,0.0,0.0,0.0,0.0,0.0
5088,JP,JP,NFERT,CROPS,3.91,0.0,0.0,0.0,0.0,0.0
2045,JP,JP,ELE12,REALE,3.91,0.0,0.0,0.0,0.0,0.0
3308,JP,JP,FOOD5,BUSIN,3.91,0.0,0.0,0.0,0.0,0.0
7072,JP,JP,STONE,FORES,3.92,0.0,0.0,0.0,0.0,0.0
36,JP,JP,93197,ELEC4,3.92,0.0,0.0,0.0,0.0,0.0
1994,JP,JP,ELE12,GASDI,3.93,0.0,0.0,0.0,0.0,0.0
448,JP,JP,BASIC,BRICK,3.93,0.0,0.0,0.0,0.0,0.0
3993,JP,JP,INSUR,MEAT1,3.93,0.0,0.0,0.0,0.0,0.0
2548,JP,JP,ELEC5,CEMEN,3.94,0.0,0.0,0.0,0.0,0.0
5147,JP,JP,NONF1,ELEC3,3.79,0.0,0.0,0.0,0.0,0.0
4142,JP,JP,KERO1,LEAD1,3.95,0.0,0.0,0.0,0.0,0.0
6521,JP,JP,RESEA,ELE11,3.96,0.0,0.0,0.0,0.0,0.0
7060,JP,JP,STEAM,TOBAC,3.96,0.0,0.0,0.0,0.0,0.0
1355,JP,JP,CONST,BITUM,3.97,0.0,0.0,0.0,0.0,0.0
736,JP,JP,BUSIN,BITUM,3.97,0.0,0.0,0.0,0.0,0.0
6186,JP,JP,RAILW,PULP5,3.98,0.0,0.0,0.0,0.0,0.0
6397,JP,JP,RECRE,OFFIC,3.98,0.0,0.0,0.0,0.0,0.0
2033,JP,JP,ELE12,POSTT,3.99,0.0,0.0,0.0,0.0,0.0
3010,JP,JP,FABRI,ELEC4,3.9,0.0,0.0,0.0,0.0,0.0
4159,JP,JP,KERO1,NONF1,3.88,0.0,0.0,0.0,0.0,0.0
3726,JP,JP,HEALT,FINAN,3.88,0.0,0.0,0.0,0.0,0.0
2037,JP,JP,ELE12,PRINT,3.87,0.0,0.0,0.0,0.0,0.0
6319,JP,JP,REALE,VEGE1,3.79,0.0,0.0,0.0,0.0,0.0
2537,JP,JP,ELEC5,93197,3.8,0.0,0.0,0.0,0.0,0.0
2611,JP,JP,ELEC5,PRECI,3.81,0.0,0.0,0.0,0.0,0.0
1881,JP,JP,ELE11,FOOD5,3.81,0.0,0.0,0.0,0.0,0.0
7302,JP,JP,TEXTI,SANDC,3.81,0.0,0.0,0.0,0.0,0.0
5568,JP,JP,PARAF,HEAVY,3.82,0.0,0.0,0.0,0.0,0.0
824,JP,JP,BUSIN,RAWMI,3.83,0.0,0.0,0.0,0.0,0.0
1243,JP,JP,COMPU,CROPS,3.83,0.0,0.0,0.0,0.0,0.0
4991,JP,JP,NAPHT,SANDC,3.84,0.0,0.0,0.0,0.0,0.0
3152,JP,JP,FINAN,HEAVY,3.84,0.0,0.0,0.0,0.0,0.0
2464,JP,JP,ELEC4,KEROS,3.85,0.0,0.0,0.0,0.0,0.0
6974,JP,JP,SEACO,SUPPO,3.85,0.0,0.0,0.0,0.0,0.0
3427,JP,JP,FURNI,BRICK,3.85,0.0,0.0,0.0,0.0,0.0
2657,JP,JP,ELEC6,CERAM,3.86,0.0,0.0,0.0,0.0,0.0
5274,JP,JP,NONME,PULP5,3.86,0.0,0.0,0.0,0.0,0.0
2827,JP,JP,ELEC8,KEROS,3.86,0.0,0.0,0.0,0.0,0.0
7739,JP,JP,WOODW,MEMBE,3.86,0.0,0.0,0.0,0.0,0.0
576,JP,JP,BITU1,BRICK,4.52,0.0,0.0,0.0,0.0,0.0
7162,JP,JP,SUPPO,INSUR,4.53,0.0,0.0,0.0,0.0,0.0
2601,JP,JP,ELEC5,OFFIC,3.58,0.0,0.0,0.0,0.0,0.0
5028,JP,JP,NATUR,COKE1,5.24,0.0,0.0,0.0,0.0,0.0
2233,JP,JP,ELEC2,FORES,5.18,0.0,0.0,0.0,0.0,0.0
1176,JP,JP,COKEO,ALUM1,5.19,0.0,0.0,0.0,0.0,0.0
1600,JP,JP,DIST1,LEATH,5.2,0.0,0.0,0.0,0.0,0.0
7151,JP,JP,SUPPO,FISHF,5.21,0.0,0.0,0.0,0.0,0.0
1780,JP,JP,EDUCA,ELEC8,5.21,0.0,0.0,0.0,0.0,0.0
7724,JP,JP,WOODW,FISHF,5.22,0.0,0.0,0.0,0.0,0.0
6072,JP,JP,RADIO,MEMBE,5.23,0.0,0.0,0.0,0.0,0.0
2331,JP,JP,ELEC3,ELECT,5.23,0.0,0.0,0.0,0.0,0.0
5174,JP,JP,NONF1,PAPER,5.26,0.0,0.0,0.0,0.0,0.0
5068,JP,JP,NATUR,RADIO,5.32,0.0,0.0,0.0,0.0,0.0
1695,JP,JP,DISTR,IRONO,5.26,0.0,0.0,0.0,0.0,0.0
6961,JP,JP,SEACO,RADIO,5.27,0.0,0.0,0.0,0.0,0.0
261,JP,JP,ALUM1,MEATC,5.27,0.0,0.0,0.0,0.0,0.0
5931,JP,JP,PRINT,LEAD1,5.28,0.0,0.0,0.0,0.0,0.0
1113,JP,JP,COKE1,CERAM,5.29,0.0,0.0,0.0,0.0,0.0
6269,JP,JP,REALE,LEAD1,5.3,0.0,0.0,0.0,0.0,0.0
6138,JP,JP,RAILW,FORES,5.3,0.0,0.0,0.0,0.0,0.0
7769,JP,JP,WOODW,STONE,5.3,0.0,0.0,0.0,0.0,0.0
4403,JP,JP,LEATH,CERAM,5.18,0.0,0.0,0.0,0.0,0.0
6545,JP,JP,RESEA,IRONO,5.18,0.0,0.0,0.0,0.0,0.0
5603,JP,JP,PFERT,ELEC2,5.17,0.0,0.0,0.0,0.0,0.0
5518,JP,JP,PAPER,MEATP,5.16,0.0,0.0,0.0,0.0,0.0
264,JP,JP,ALUM1,MEMBE,5.06,0.0,0.0,0.0,0.0,0.0
6769,JP,JP,RUBBE,GASDI,5.06,0.0,0.0,0.0,0.0,0.0
320,JP,JP,AUXIL,BRICK,5.06,0.0,0.0,0.0,0.0,0.0
889,JP,JP,CEMEN,RESEA,5.06,0.0,0.0,0.0,0.0,0.0
3483,JP,JP,FURNI,MEMBE,5.09,0.0,0.0,0.0,0.0,0.0
6275,JP,JP,REALE,MEATC,5.09,0.0,0.0,0.0,0.0,0.0
1290,JP,JP,COMPU,NAPHT,5.1,0.0,0.0,0.0,0.0,0.0
3986,JP,JP,INSUR,KERO1,5.1,0.0,0.0,0.0,0.0,0.0
185,JP,JP,AIRTR,MEATC,5.11,0.0,0.0,0.0,0.0,0.0
4407,JP,JP,LEATH,COKEO,5.12,0.0,0.0,0.0,0.0,0.0
7100,JP,JP,SUGA1,SUGA1,5.12,0.0,0.0,0.0,0.0,0.0
7761,JP,JP,WOODW,RECRE,5.12,0.0,0.0,0.0,0.0,0.0
4933,JP,JP,MOTOR,PRINT,5.14,0.0,0.0,0.0,0.0,0.0
781,JP,JP,BUSIN,IRONO,5.14,0.0,0.0,0.0,0.0,0.0
5605,JP,JP,PFERT,ELEC5,5.15,0.0,0.0,0.0,0.0,0.0
4381,JP,JP,LEAD1,OFFIC,5.15,0.0,0.0,0.0,0.0,0.0
947,JP,JP,CHEM1,ANIMA,5.15,0.0,0.0,0.0,0.0,0.0
1608,JP,JP,DIST1,MEMBE,5.32,0.0,0.0,0.0,0.0,0.0
2735,JP,JP,ELEC6,RECRE,5.32,0.0,0.0,0.0,0.0,0.0
135,JP,JP,AIRTR,CEMEN,5.03,0.0,0.0,0.0,0.0,0.0
7705,JP,JP,WOODW,BUSIN,5.52,0.0,0.0,0.0,0.0,0.0
5073,JP,JP,NATUR,STEAM,5.48,0.0,0.0,0.0,0.0,0.0
2085,JP,JP,ELEC1,CATTL,5.5,0.0,0.0,0.0,0.0,0.0
4654,JP,JP,MEAT4,FISH5,5.5,0.0,0.0,0.0,0.0,0.0
986,JP,JP,CHEM1,FINAN,5.51,0.0,0.0,0.0,0.0,0.0
4409,JP,JP,LEATH,CONST,5.51,0.0,0.0,0.0,0.0,0.0
2665,JP,JP,ELEC6,COPP1,5.51,0.0,0.0,0.0,0.0,0.0
4900,JP,JP,MOTOR,FURNI,5.52,0.0,0.0,0.0,0.0,0.0
2691,JP,JP,ELEC6,LANDT,5.52,0.0,0.0,0.0,0.0,0.0
3813,JP,JP,HEAVY,NONFE,5.53,0.0,0.0,0.0,0.0,0.0
5556,JP,JP,PAPER,TRANS,5.33,0.0,0.0,0.0,0.0,0.0
6147,JP,JP,RAILW,IRONO,5.53,0.0,0.0,0.0,0.0,0.0
808,JP,JP,BUSIN,PADDY,5.53,0.0,0.0,0.0,0.0,0.0
608,JP,JP,BITU1,LUBRI,5.53,0.0,0.0,0.0,0.0,0.0
5598,JP,JP,PFERT,DIST1,5.54,0.0,0.0,0.0,0.0,0.0
3016,JP,JP,FABRI,FINAN,5.54,0.0,0.0,0.0,0.0,0.0
503,JP,JP,BEVER,PRIVA,5.55,0.0,0.0,0.0,0.0,0.0
346,JP,JP,AUXIL,ELEC4,5.55,0.0,0.0,0.0,0.0,0.0
1538,JP,JP,DAIRY,MEATP,5.56,0.0,0.0,0.0,0.0,0.0
6136,JP,JP,RAILW,FISHF,5.45,0.0,0.0,0.0,0.0,0.0
2068,JP,JP,ELE12,WEARI,5.45,0.0,0.0,0.0,0.0,0.0
4598,JP,JP,LUBRI,FINAN,5.45,0.0,0.0,0.0,0.0,0.0
6695,JP,JP,RETA1,PFERT,5.45,0.0,0.0,0.0,0.0,0.0
886,JP,JP,CEMEN,PRECI,5.33,0.0,0.0,0.0,0.0,0.0
3746,JP,JP,HEALT,SEACO,5.33,0.0,0.0,0.0,0.0,0.0
2563,JP,JP,ELEC5,FABRI,5.34,0.0,0.0,0.0,0.0,0.0
3582,JP,JP,GASDI,LEAD1,5.34,0.0,0.0,0.0,0.0,0.0
4763,JP,JP,MEMBE,DAIRY,5.35,0.0,0.0,0.0,0.0,0.0
6824,JP,JP,RUBBE,RETAI,5.37,0.0,0.0,0.0,0.0,0.0
4160,JP,JP,KERO1,NONFE,5.37,0.0,0.0,0.0,0.0,0.0
6633,JP,JP,RETA1,COPP1,5.38,0.0,0.0,0.0,0.0,0.0
1070,JP,JP,CHEMI,NFERT,5.39,0.0,0.0,0.0,0.0,0.0
3738,JP,JP,HEALT,PUBLI,5.39,0.0,0.0,0.0,0.0,0.0
3013,JP,JP,FABRI,ELEC8,5.39,0.0,0.0,0.0,0.0,0.0
6873,JP,JP,SANDC,CHEM1,5.4,0.0,0.0,0.0,0.0,0.0
5665,JP,JP,PLANT,TEXTI,5.41,0.0,0.0,0.0,0.0,0.0
6253,JP,JP,REALE,ELEC5,5.42,0.0,0.0,0.0,0.0,0.0
2015,JP,JP,ELE12,MOTOR,5.42,0.0,0.0,0.0,0.0,0.0
4785,JP,JP,MEMBE,GASDI,5.42,0.0,0.0,0.0,0.0,0.0
39,JP,JP,93197,ELEC8,5.43,0.0,0.0,0.0,0.0,0.0
5142,JP,JP,NONF1,DISTR,5.03,0.0,0.0,0.0,0.0,0.0
5266,JP,JP,NONME,PFERT,5.02,0.0,0.0,0.0,0.0,0.0
3109,JP,JP,FINAN,BITUM,4.54,0.0,0.0,0.0,0.0,0.0
2317,JP,JP,ELEC3,CERAM,4.74,0.0,0.0,0.0,0.0,0.0
5741,JP,JP,POSTT,COKE1,4.69,0.0,0.0,0.0,0.0,0.0
1706,JP,JP,DISTR,NATU1,4.69,0.0,0.0,0.0,0.0,0.0
7065,JP,JP,STONE,BRICK,4.71,0.0,0.0,0.0,0.0,0.0
4621,JP,JP,LUBRI,POSTT,4.71,0.0,0.0,0.0,0.0,0.0
2555,JP,JP,ELEC5,CONST,4.71,0.0,0.0,0.0,0.0,0.0
3841,JP,JP,HEAVY,RETA1,4.71,0.0,0.0,0.0,0.0,0.0
4610,JP,JP,LUBRI,LIQUE,4.72,0.0,0.0,0.0,0.0,0.0
2668,JP,JP,ELEC6,DAIRY,4.73,0.0,0.0,0.0,0.0,0.0
1169,JP,JP,COKE1,TRAN2,4.74,0.0,0.0,0.0,0.0,0.0
1408,JP,JP,CONST,MEATP,4.79,0.0,0.0,0.0,0.0,0.0
2478,JP,JP,ELEC4,NAPHT,4.75,0.0,0.0,0.0,0.0,0.0
965,JP,JP,CHEM1,CHEMI,4.76,0.0,0.0,0.0,0.0,0.0
1170,JP,JP,COKE1,TRANS,4.76,0.0,0.0,0.0,0.0,0.0
588,JP,JP,BITU1,ELEC1,4.76,0.0,0.0,0.0,0.0,0.0
487,JP,JP,BASIC,VEGET,4.76,0.0,0.0,0.0,0.0,0.0
5419,JP,JP,OXYGE,RADIO,4.76,0.0,0.0,0.0,0.0,0.0
2841,JP,JP,ELEC8,NAPHT,4.77,0.0,0.0,0.0,0.0,0.0
874,JP,JP,CEMEN,FABRI,4.78,0.0,0.0,0.0,0.0,0.0
2680,JP,JP,ELEC6,FOUND,4.66,0.0,0.0,0.0,0.0,0.0
7046,JP,JP,STEAM,PFERT,4.66,0.0,0.0,0.0,0.0,0.0
4775,JP,JP,MEMBE,ELEC8,4.66,0.0,0.0,0.0,0.0,0.0
2188,JP,JP,ELEC1,VEGE1,4.66,0.0,0.0,0.0,0.0,0.0
2951,JP,JP,ELECT,OILSE,4.55,0.0,0.0,0.0,0.0,0.0
5083,JP,JP,NFERT,CEREA,4.58,0.0,0.0,0.0,0.0,0.0
6155,JP,JP,RAILW,MEAT1,4.58,0.0,0.0,0.0,0.0,0.0
3344,JP,JP,FOOD5,SANDC,4.58,0.0,0.0,0.0,0.0,0.0
488,JP,JP,BASIC,WEARI,4.59,0.0,0.0,0.0,0.0,0.0
6921,JP,JP,SEACO,FURNI,4.59,0.0,0.0,0.0,0.0,0.0
195,JP,JP,AIRTR,NONF1,4.6,0.0,0.0,0.0,0.0,0.0
385,JP,JP,AUXIL,NATUR,4.61,0.0,0.0,0.0,0.0,0.0
5803,JP,JP,POSTT,PADDY,4.61,0.0,0.0,0.0,0.0,0.0
3749,JP,JP,HEAVY,93197,4.62,0.0,0.0,0.0,0.0,0.0
6492,JP,JP,RESEA,AUXIL,4.63,0.0,0.0,0.0,0.0,0.0
5543,JP,JP,PAPER,RECRE,4.64,0.0,0.0,0.0,0.0,0.0
3441,JP,JP,FURNI,CRUDE,4.64,0.0,0.0,0.0,0.0,0.0
7042,JP,JP,STEAM,NONF1,4.64,0.0,0.0,0.0,0.0,0.0
3154,JP,JP,FINAN,INLAN,4.65,0.0,0.0,0.0,0.0,0.0
4291,JP,JP,LANDT,LIQUE,4.65,0.0,0.0,0.0,0.0,0.0
752,JP,JP,BUSIN,CROPS,4.66,0.0,0.0,0.0,0.0,0.0
3690,JP,JP,GLASS,PLAST,4.78,0.0,0.0,0.0,0.0,0.0
3075,JP,JP,FABRI,RECRE,4.8,0.0,0.0,0.0,0.0,0.0
1836,JP,JP,EDUCA,SEACO,5.02,0.0,0.0,0.0,0.0,0.0
5291,JP,JP,NONME,VEGE1,4.95,0.0,0.0,0.0,0.0,0.0
5424,JP,JP,OXYGE,RUBBE,4.92,0.0,0.0,0.0,0.0,0.0
2936,JP,JP,ELECT,IRONO,4.92,0.0,0.0,0.0,0.0,0.0
3987,JP,JP,INSUR,KEROS,4.92,0.0,0.0,0.0,0.0,0.0
6654,JP,JP,RETA1,FORES,4.92,0.0,0.0,0.0,0.0,0.0
6377,JP,JP,RECRE,LANDT,4.92,0.0,0.0,0.0,0.0,0.0
2728,JP,JP,ELEC6,PROCE,4.94,0.0,0.0,0.0,0.0,0.0
3409,JP,JP,FOUND,RESEA,4.95,0.0,0.0,0.0,0.0,0.0
1940,JP,JP,ELE11,SANDC,4.95,0.0,0.0,0.0,0.0,0.0
407,JP,JP,AUXIL,PROCE,4.95,0.0,0.0,0.0,0.0,0.0
6534,JP,JP,RESEA,FISHF,4.8,0.0,0.0,0.0,0.0,0.0
1916,JP,JP,ELE11,PAPER,4.95,0.0,0.0,0.0,0.0,0.0
74,JP,JP,93197,NONF1,4.98,0.0,0.0,0.0,0.0,0.0
7056,JP,JP,STEAM,SEACO,4.99,0.0,0.0,0.0,0.0,0.0
7015,JP,JP,STEAM,ELEC2,4.99,0.0,0.0,0.0,0.0,0.0
6918,JP,JP,SEACO,FOOD5,5.0,0.0,0.0,0.0,0.0,0.0
2550,JP,JP,ELEC5,CHEM1,5.0,0.0,0.0,0.0,0.0,0.0
5208,JP,JP,NONME,CATTL,5.01,0.0,0.0,0.0,0.0,0.0
7265,JP,JP,TEXTI,FOUND,5.02,0.0,0.0,0.0,0.0,0.0
1962,JP,JP,ELE12,BEVER,4.91,0.0,0.0,0.0,0.0,0.0
7096,JP,JP,SUGA1,PFERT,4.91,0.0,0.0,0.0,0.0,0.0
2633,JP,JP,ELEC5,TEXTI,4.91,0.0,0.0,0.0,0.0,0.0
7389,JP,JP,TRAN1,VEGE1,4.91,0.0,0.0,0.0,0.0,0.0
7743,JP,JP,WOODW,NFERT,4.81,0.0,0.0,0.0,0.0,0.0
6843,JP,JP,SALEM,93197,4.82,0.0,0.0,0.0,0.0,0.0
7181,JP,JP,SUPPO,NONF1,4.82,0.0,0.0,0.0,0.0,0.0
359,JP,JP,AUXIL,GASDI,4.82,0.0,0.0,0.0,0.0,0.0
7777,JP,JP,WOODW,VEGET,4.84,0.0,0.0,0.0,0.0,0.0
4478,JP,JP,LEATH,TRANS,4.84,0.0,0.0,0.0,0.0,0.0
2241,JP,JP,ELEC2,IRONO,4.85,0.0,0.0,0.0,0.0,0.0
2708,JP,JP,ELEC6,NONF1,4.85,0.0,0.0,0.0,0.0,0.0
187,JP,JP,AIRTR,MEDIC,4.86,0.0,0.0,0.0,0.0,0.0
374,JP,JP,AUXIL,MEAT1,4.86,0.0,0.0,0.0,0.0,0.0
2943,JP,JP,ELECT,MEATP,4.86,0.0,0.0,0.0,0.0,0.0
1104,JP,JP,COKE1,ALUM1,4.87,0.0,0.0,0.0,0.0,0.0
647,JP,JP,BLAST,BUSIN,4.87,0.0,0.0,0.0,0.0,0.0
6969,JP,JP,SEACO,RUBBE,4.87,0.0,0.0,0.0,0.0,0.0
7020,JP,JP,STEAM,FISH5,4.88,0.0,0.0,0.0,0.0,0.0
7598,JP,JP,WEARI,POULT,4.88,0.0,0.0,0.0,0.0,0.0
1255,JP,JP,COMPU,ELEC6,4.9,0.0,0.0,0.0,0.0,0.0
4173,JP,JP,KERO1,POULT,3.59,0.0,0.0,0.0,0.0,0.0
2057,JP,JP,ELE12,STONE,3.58,0.0,0.0,0.0,0.0,0.0
4551,JP,JP,LIQUE,OXYGE,2.36,0.0,0.0,0.0,0.0,0.0
7656,JP,JP,WHITE,NONME,2.72,0.0,0.0,0.0,0.0,0.0
5326,JP,JP,NONSP,PAPER,2.69,0.0,0.0,0.0,0.0,0.0
4523,JP,JP,LIQUE,FURNI,2.69,0.0,0.0,0.0,0.0,0.0
5428,JP,JP,OXYGE,TEXTI,2.7,0.0,0.0,0.0,0.0,0.0
2363,JP,JP,ELEC3,NATU1,2.71,0.0,0.0,0.0,0.0,0.0
630,JP,JP,BITU1,TEXTI,2.71,0.0,0.0,0.0,0.0,0.0
2531,JP,JP,ELEC4,VEGET,2.71,0.0,0.0,0.0,0.0,0.0
5320,JP,JP,NONSP,LUBRI,2.71,0.0,0.0,0.0,0.0,0.0
2894,JP,JP,ELEC8,VEGET,2.72,0.0,0.0,0.0,0.0,0.0
6477,JP,JP,REFIN,LUBRI,2.73,0.0,0.0,0.0,0.0,0.0
1807,JP,JP,EDUCA,MOTOR,2.76,0.0,0.0,0.0,0.0,0.0
4934,JP,JP,MOTOR,PRIVA,2.73,0.0,0.0,0.0,0.0,0.0
1148,JP,JP,COKE1,OXYGE,2.74,0.0,0.0,0.0,0.0,0.0
6795,JP,JP,RUBBE,NFERT,2.74,0.0,0.0,0.0,0.0,0.0
2204,JP,JP,ELEC2,BLAST,2.74,0.0,0.0,0.0,0.0,0.0
1139,JP,JP,COKE1,MEDIC,2.75,0.0,0.0,0.0,0.0,0.0
4684,JP,JP,MEATP,SUPPO,2.75,0.0,0.0,0.0,0.0,0.0
1643,JP,JP,DIST1,STONE,2.76,0.0,0.0,0.0,0.0,0.0
1606,JP,JP,DIST1,MEATP,2.76,0.0,0.0,0.0,0.0,0.0
3527,JP,JP,FURNI,TRAN1,2.69,0.0,0.0,0.0,0.0,0.0
1207,JP,JP,COKEO,NONF1,2.68,0.0,0.0,0.0,0.0,0.0
7004,JP,JP,STEAM,CERAM,2.68,0.0,0.0,0.0,0.0,0.0
733,JP,JP,BUSIN,BIOG1,2.68,0.0,0.0,0.0,0.0,0.0
849,JP,JP,CATTL,FOOD5,2.63,0.0,0.0,0.0,0.0,0.0
6785,JP,JP,RUBBE,MEAT4,2.63,0.0,0.0,0.0,0.0,0.0
2445,JP,JP,ELEC4,DISTR,2.64,0.0,0.0,0.0,0.0,0.0
7524,JP,JP,WEARI,CATTL,2.64,0.0,0.0,0.0,0.0,0.0
1930,JP,JP,ELE11,RAILW,2.64,0.0,0.0,0.0,0.0,0.0
2808,JP,JP,ELEC8,DISTR,2.65,0.0,0.0,0.0,0.0,0.0
297,JP,JP,ANIMA,NFERT,2.65,0.0,0.0,0.0,0.0,0.0
2039,JP,JP,ELE12,PROCE,2.65,0.0,0.0,0.0,0.0,0.0
6359,JP,JP,RECRE,ELECT,2.65,0.0,0.0,0.0,0.0,0.0
3327,JP,JP,FOOD5,MEATA,2.65,0.0,0.0,0.0,0.0,0.0
7282,JP,JP,TEXTI,PADDY,2.66,0.0,0.0,0.0,0.0,0.0
3412,JP,JP,FOUND,SALEM,2.66,0.0,0.0,0.0,0.0,0.0
5297,JP,JP,NONSP,ALUM1,2.66,0.0,0.0,0.0,0.0,0.0
3846,JP,JP,HEAVY,STEAM,2.66,0.0,0.0,0.0,0.0,0.0
4454,JP,JP,LEATH,PLAST,2.67,0.0,0.0,0.0,0.0,0.0
6780,JP,JP,RUBBE,LEAD1,2.67,0.0,0.0,0.0,0.0,0.0
6290,JP,JP,REALE,OXYGE,2.67,0.0,0.0,0.0,0.0,0.0
3322,JP,JP,FOOD5,GLASS,2.76,0.0,0.0,0.0,0.0,0.0
1625,JP,JP,DIST1,PRINT,2.77,0.0,0.0,0.0,0.0,0.0
2543,JP,JP,ELEC5,BEVER,2.61,0.0,0.0,0.0,0.0,0.0
800,JP,JP,BUSIN,NFERT,2.9,0.0,0.0,0.0,0.0,0.0
2837,JP,JP,ELEC8,MEDIC,2.88,0.0,0.0,0.0,0.0,0.0
4734,JP,JP,MEDIC,VEGET,2.88,0.0,0.0,0.0,0.0,0.0
6078,JP,JP,RADIO,NONME,2.88,0.0,0.0,0.0,0.0,0.0
7738,JP,JP,WOODW,MEDIC,2.88,0.0,0.0,0.0,0.0,0.0
2592,JP,JP,ELEC5,MOTOR,2.88,0.0,0.0,0.0,0.0,0.0
6467,JP,JP,REFIN,ELEC3,2.88,0.0,0.0,0.0,0.0,0.0
6878,JP,JP,SANDC,FABRI,2.89,0.0,0.0,0.0,0.0,0.0
664,JP,JP,BLAST,FURNI,2.89,0.0,0.0,0.0,0.0,0.0
2640,JP,JP,ELEC5,WEARI,2.9,0.0,0.0,0.0,0.0,0.0
3708,JP,JP,GLASS,VEGE1,2.77,0.0,0.0,0.0,0.0,0.0
3102,JP,JP,FINAN,ANIMA,2.9,0.0,0.0,0.0,0.0,0.0
5389,JP,JP,OXYGE,GLASS,2.9,0.0,0.0,0.0,0.0,0.0
7014,JP,JP,STEAM,ELEC1,2.91,0.0,0.0,0.0,0.0,0.0
2975,JP,JP,FABRI,AIRTR,2.91,0.0,0.0,0.0,0.0,0.0
5038,JP,JP,NATUR,FISH5,2.91,0.0,0.0,0.0,0.0,0.0
49,JP,JP,93197,GASDI,2.91,0.0,0.0,0.0,0.0,0.0
574,JP,JP,BITU1,BITU1,2.91,0.0,0.0,0.0,0.0,0.0
1065,JP,JP,CHEMI,FABRI,2.92,0.0,0.0,0.0,0.0,0.0
4570,JP,JP,LIQUE,RESEA,2.87,0.0,0.0,0.0,0.0,0.0
2474,JP,JP,ELEC4,MEDIC,2.87,0.0,0.0,0.0,0.0,0.0
2046,JP,JP,ELE12,RECRE,2.86,0.0,0.0,0.0,0.0,0.0
2156,JP,JP,ELEC1,POULT,2.85,0.0,0.0,0.0,0.0,0.0
5334,JP,JP,NONSP,REFI1,2.79,0.0,0.0,0.0,0.0,0.0
2901,JP,JP,ELECT,ANIMA,2.79,0.0,0.0,0.0,0.0,0.0
5574,JP,JP,PARAF,NAPHT,2.79,0.0,0.0,0.0,0.0,0.0
6484,JP,JP,REFIN,REFI1,2.8,0.0,0.0,0.0,0.0,0.0
3173,JP,JP,FINAN,NAPHT,2.81,0.0,0.0,0.0,0.0,0.0
3956,JP,JP,INSUR,CRUDE,2.81,0.0,0.0,0.0,0.0,0.0
7658,JP,JP,WHITE,OFFIC,2.81,0.0,0.0,0.0,0.0,0.0
5151,JP,JP,NONF1,ELEC8,2.82,0.0,0.0,0.0,0.0,0.0
1805,JP,JP,EDUCA,MEMBE,2.82,0.0,0.0,0.0,0.0,0.0
6638,JP,JP,RETA1,DISTR,2.83,0.0,0.0,0.0,0.0,0.0
2345,JP,JP,ELEC3,INSUR,2.83,0.0,0.0,0.0,0.0,0.0
4885,JP,JP,MOTOR,CHEMI,2.83,0.0,0.0,0.0,0.0,0.0
5772,JP,JP,POSTT,HEAVY,2.83,0.0,0.0,0.0,0.0,0.0
7539,JP,JP,WEARI,DISTR,2.84,0.0,0.0,0.0,0.0,0.0
3997,JP,JP,INSUR,MEATP,2.84,0.0,0.0,0.0,0.0,0.0
4224,JP,JP,KEROS,PARAF,2.84,0.0,0.0,0.0,0.0,0.0
1249,JP,JP,COMPU,ELE11,2.85,0.0,0.0,0.0,0.0,0.0
1703,JP,JP,DISTR,MEATP,2.62,0.0,0.0,0.0,0.0,0.0
5036,JP,JP,NATUR,ELECT,2.61,0.0,0.0,0.0,0.0,0.0
5716,JP,JP,PLAST,TRANS,2.92,0.0,0.0,0.0,0.0,0.0
3039,JP,JP,FABRI,MEAT4,2.42,0.0,0.0,0.0,0.0,0.0
4880,JP,JP,MOTOR,CATTL,2.41,0.0,0.0,0.0,0.0,0.0
4475,JP,JP,LEATH,SUPPO,2.41,0.0,0.0,0.0,0.0,0.0
2097,JP,JP,ELEC1,CROPS,2.41,0.0,0.0,0.0,0.0,0.0
2250,JP,JP,ELEC2,MEATP,2.42,0.0,0.0,0.0,0.0,0.0
5897,JP,JP,PRINT,CROPS,2.42,0.0,0.0,0.0,0.0,0.0
4888,JP,JP,MOTOR,COMPU,2.42,0.0,0.0,0.0,0.0,0.0
1039,JP,JP,CHEM1,REFI1,2.42,0.0,0.0,0.0,0.0,0.0
3624,JP,JP,GASDI,REFI1,2.42,0.0,0.0,0.0,0.0,0.0
7572,JP,JP,WEARI,MEAT1,2.43,0.0,0.0,0.0,0.0,0.0
2948,JP,JP,ELECT,NFERT,2.46,0.0,0.0,0.0,0.0,0.0
6629,JP,JP,RETA1,COKE1,2.43,0.0,0.0,0.0,0.0,0.0
1787,JP,JP,EDUCA,FURNI,2.44,0.0,0.0,0.0,0.0,0.0
7008,JP,JP,STEAM,COMPU,2.44,0.0,0.0,0.0,0.0,0.0
6879,JP,JP,SANDC,FORES,2.44,0.0,0.0,0.0,0.0,0.0
5411,JP,JP,OXYGE,PFERT,2.44,0.0,0.0,0.0,0.0,0.0
7248,JP,JP,TEXTI,AIRTR,2.44,0.0,0.0,0.0,0.0,0.0
7354,JP,JP,TRAN1,MEAT1,2.45,0.0,0.0,0.0,0.0,0.0
6496,JP,JP,RESEA,BIODI,2.45,0.0,0.0,0.0,0.0,0.0
3983,JP,JP,INSUR,INLAN,2.41,0.0,0.0,0.0,0.0,0.0
6973,JP,JP,SEACO,STONE,2.4,0.0,0.0,0.0,0.0,0.0
2790,JP,JP,ELEC8,BRICK,2.4,0.0,0.0,0.0,0.0,0.0
7630,JP,JP,WHEAT,CEREA,2.4,0.0,0.0,0.0,0.0,0.0
2018,JP,JP,ELE12,NATUR,2.36,0.0,0.0,0.0,0.0,0.0
1002,JP,JP,CHEM1,LUBRI,2.36,0.0,0.0,0.0,0.0,0.0
3585,JP,JP,GASDI,LUBRI,2.36,0.0,0.0,0.0,0.0,0.0
7555,JP,JP,WEARI,FORES,2.36,0.0,0.0,0.0,0.0,0.0
3965,JP,JP,INSUR,ELEC4,2.37,0.0,0.0,0.0,0.0,0.0
2599,JP,JP,ELEC5,NONME,2.37,0.0,0.0,0.0,0.0,0.0
2157,JP,JP,ELEC1,PREC1,2.37,0.0,0.0,0.0,0.0,0.0
7036,JP,JP,STEAM,MEMBE,2.37,0.0,0.0,0.0,0.0,0.0
7088,JP,JP,SUGA1,CATTL,2.37,0.0,0.0,0.0,0.0,0.0
7425,JP,JP,TRANS,BUSIN,2.38,0.0,0.0,0.0,0.0,0.0
5058,JP,JP,NATUR,NFERT,2.38,0.0,0.0,0.0,0.0,0.0
5609,JP,JP,PFERT,FISH5,2.38,0.0,0.0,0.0,0.0,0.0
2429,JP,JP,ELEC4,BRICK,2.39,0.0,0.0,0.0,0.0,0.0
3336,JP,JP,FOOD5,PLAST,2.39,0.0,0.0,0.0,0.0,0.0
7360,JP,JP,TRAN1,MEMBE,2.39,0.0,0.0,0.0,0.0,0.0
7385,JP,JP,TRAN1,TOBAC,2.39,0.0,0.0,0.0,0.0,0.0
4875,JP,JP,MOTOR,BEVER,2.4,0.0,0.0,0.0,0.0,0.0
1904,JP,JP,ELE11,MOTO1,2.45,0.0,0.0,0.0,0.0,0.0
467,JP,JP,BASIC,NATU1,2.46,0.0,0.0,0.0,0.0,0.0
1396,JP,JP,CONST,INLAN,2.61,0.0,0.0,0.0,0.0,0.0
6328,JP,JP,RECRE,AUXIL,2.59,0.0,0.0,0.0,0.0,0.0
1579,JP,JP,DIST1,ELEC5,2.57,0.0,0.0,0.0,0.0,0.0
5033,JP,JP,NATUR,DAIRY,2.58,0.0,0.0,0.0,0.0,0.0
3031,JP,JP,FABRI,KERO1,2.58,0.0,0.0,0.0,0.0,0.0
1264,JP,JP,COMPU,FORES,2.58,0.0,0.0,0.0,0.0,0.0
5504,JP,JP,PAPER,FOUND,2.58,0.0,0.0,0.0,0.0,0.0
4022,JP,JP,INSUR,PREC1,2.59,0.0,0.0,0.0,0.0,0.0
1209,JP,JP,COKEO,PFERT,2.59,0.0,0.0,0.0,0.0,0.0
2685,JP,JP,ELEC6,HEAVY,2.59,0.0,0.0,0.0,0.0,0.0
678,JP,JP,BLAST,MEMBE,2.59,0.0,0.0,0.0,0.0,0.0
4578,JP,JP,LIQUE,TRANS,2.46,0.0,0.0,0.0,0.0,0.0
7386,JP,JP,TRAN1,TRAN1,2.59,0.0,0.0,0.0,0.0,0.0
5753,JP,JP,POSTT,ELE12,2.6,0.0,0.0,0.0,0.0,0.0
4389,JP,JP,LEAD1,TEXTI,2.6,0.0,0.0,0.0,0.0,0.0
1349,JP,JP,CONST,ANIMA,2.6,0.0,0.0,0.0,0.0,0.0
3676,JP,JP,GLASS,LANDT,2.6,0.0,0.0,0.0,0.0,0.0
7019,JP,JP,STEAM,FABRI,2.6,0.0,0.0,0.0,0.0,0.0
2020,JP,JP,ELE12,NONF1,2.61,0.0,0.0,0.0,0.0,0.0
6758,JP,JP,RUBBE,CRUDE,2.61,0.0,0.0,0.0,0.0,0.0
4658,JP,JP,MEAT4,MEAT4,2.57,0.0,0.0,0.0,0.0,0.0
6424,JP,JP,RECRE,SEACO,2.56,0.0,0.0,0.0,0.0,0.0
1508,JP,JP,CRUDE,HEAVY,2.56,0.0,0.0,0.0,0.0,0.0
4443,JP,JP,LEATH,MEMBE,2.56,0.0,0.0,0.0,0.0,0.0
1485,JP,JP,CROPS,NFERT,2.46,0.0,0.0,0.0,0.0,0.0
1794,JP,JP,EDUCA,IRONO,2.47,0.0,0.0,0.0,0.0,0.0
5246,JP,JP,NONME,LEAD1,2.47,0.0,0.0,0.0,0.0,0.0
4458,JP,JP,LEATH,PRINT,2.47,0.0,0.0,0.0,0.0,0.0
6920,JP,JP,SEACO,FOUND,2.48,0.0,0.0,0.0,0.0,0.0
3032,JP,JP,FABRI,KEROS,2.48,0.0,0.0,0.0,0.0,0.0
4305,JP,JP,LANDT,NFERT,2.49,0.0,0.0,0.0,0.0,0.0
7373,JP,JP,TRAN1,PREC1,2.49,0.0,0.0,0.0,0.0,0.0
3342,JP,JP,FOOD5,RETAI,2.5,0.0,0.0,0.0,0.0,0.0
1992,JP,JP,ELE12,FOUND,2.5,0.0,0.0,0.0,0.0,0.0
1889,JP,JP,ELE11,HOTEL,2.51,0.0,0.0,0.0,0.0,0.0
6163,JP,JP,RAILW,NAPHT,2.51,0.0,0.0,0.0,0.0,0.0
7334,JP,JP,TRAN1,CROPS,2.53,0.0,0.0,0.0,0.0,0.0
1981,JP,JP,ELE12,DAIRY,2.54,0.0,0.0,0.0,0.0,0.0
6057,JP,JP,RADIO,FOUND,2.55,0.0,0.0,0.0,0.0,0.0
6913,JP,JP,SEACO,ELEC2,2.55,0.0,0.0,0.0,0.0,0.0
6746,JP,JP,RUBBE,CATTL,2.56,0.0,0.0,0.0,0.0,0.0
6360,JP,JP,RECRE,FABRI,2.92,0.0,0.0,0.0,0.0,0.0
7406,JP,JP,TRAN2,LIQUE,2.93,0.0,0.0,0.0,0.0,0.0
7043,JP,JP,STEAM,NONME,3.58,0.0,0.0,0.0,0.0,0.0
2830,JP,JP,ELEC8,LEATH,3.35,0.0,0.0,0.0,0.0,0.0
7226,JP,JP,SUPPO,WHITE,3.33,0.0,0.0,0.0,0.0,0.0
1311,JP,JP,COMPU,POULT,3.33,0.0,0.0,0.0,0.0,0.0
4660,JP,JP,MEAT4,PFERT,3.34,0.0,0.0,0.0,0.0,0.0
2467,JP,JP,ELEC4,LEATH,3.34,0.0,0.0,0.0,0.0,0.0
302,JP,JP,ANIMA,RAWMI,3.34,0.0,0.0,0.0,0.0,0.0
1036,JP,JP,CHEM1,RAILW,3.34,0.0,0.0,0.0,0.0,0.0
431,JP,JP,AUXIL,TRAN1,3.34,0.0,0.0,0.0,0.0,0.0
4772,JP,JP,MEMBE,ELEC4,3.35,0.0,0.0,0.0,0.0,0.0
2295,JP,JP,ELEC2,TRAN1,3.35,0.0,0.0,0.0,0.0,0.0
7380,JP,JP,TRAN1,SEACO,3.39,0.0,0.0,0.0,0.0,0.0
3258,JP,JP,FISHF,PUBLI,3.36,0.0,0.0,0.0,0.0,0.0
2119,JP,JP,ELEC1,IRONO,3.36,0.0,0.0,0.0,0.0,0.0
960,JP,JP,CHEM1,CEMEN,3.36,0.0,0.0,0.0,0.0,0.0
4564,JP,JP,LIQUE,RADIO,3.37,0.0,0.0,0.0,0.0,0.0
7781,JP,JP,WOOLS,POULT,3.37,0.0,0.0,0.0,0.0,0.0
5332,JP,JP,NONSP,PRINT,3.37,0.0,0.0,0.0,0.0,0.0
4739,JP,JP,MEMBE,ANIMA,3.38,0.0,0.0,0.0,0.0,0.0
3852,JP,JP,HEAVY,TOBAC,3.39,0.0,0.0,0.0,0.0,0.0
3326,JP,JP,FOOD5,MEAT4,3.33,0.0,0.0,0.0,0.0,0.0
2659,JP,JP,ELEC6,CHEMI,3.32,0.0,0.0,0.0,0.0,0.0
2654,JP,JP,ELEC6,BUSIN,3.32,0.0,0.0,0.0,0.0,0.0
7308,JP,JP,TEXTI,TRAN2,3.31,0.0,0.0,0.0,0.0,0.0
3030,JP,JP,FABRI,IRONO,3.25,0.0,0.0,0.0,0.0,0.0
4956,JP,JP,MOTOR,WHOLE,3.25,0.0,0.0,0.0,0.0,0.0
1976,JP,JP,ELE12,COMPU,3.25,0.0,0.0,0.0,0.0,0.0
75,JP,JP,93197,NONFE,3.26,0.0,0.0,0.0,0.0,0.0
5501,JP,JP,PAPER,FISHF,3.27,0.0,0.0,0.0,0.0,0.0
7086,JP,JP,SUGA1,93197,3.27,0.0,0.0,0.0,0.0,0.0
3968,JP,JP,INSUR,ELEC8,3.27,0.0,0.0,0.0,0.0,0.0
2294,JP,JP,ELEC2,TOBAC,3.27,0.0,0.0,0.0,0.0,0.0
7400,JP,JP,TRAN2,DIST1,3.28,0.0,0.0,0.0,0.0,0.0
7522,JP,JP,WEARI,BRICK,3.29,0.0,0.0,0.0,0.0,0.0
556,JP,JP,BIOG1,RETA1,3.29,0.0,0.0,0.0,0.0,0.0
1464,JP,JP,COPP1,LEAD1,3.29,0.0,0.0,0.0,0.0,0.0
1832,JP,JP,EDUCA,RETAI,3.29,0.0,0.0,0.0,0.0,0.0
7057,JP,JP,STEAM,STEAM,3.3,0.0,0.0,0.0,0.0,0.0
5067,JP,JP,NATUR,PROCE,3.3,0.0,0.0,0.0,0.0,0.0
4267,JP,JP,LANDT,ELEC5,3.3,0.0,0.0,0.0,0.0,0.0
6158,JP,JP,RAILW,MEATP,3.3,0.0,0.0,0.0,0.0,0.0
6322,JP,JP,REALE,WHEAT,3.39,0.0,0.0,0.0,0.0,0.0
1750,JP,JP,EDUCA,AIRTR,3.4,0.0,0.0,0.0,0.0,0.0
779,JP,JP,BUSIN,INLAN,3.24,0.0,0.0,0.0,0.0,0.0
4686,JP,JP,MEDIC,BITUM,3.55,0.0,0.0,0.0,0.0,0.0
3388,JP,JP,FOUND,BASIC,3.53,0.0,0.0,0.0,0.0,0.0
1545,JP,JP,DAIRY,SUPPO,3.53,0.0,0.0,0.0,0.0,0.0
3604,JP,JP,GASDI,OILSE,3.53,0.0,0.0,0.0,0.0,0.0
2616,JP,JP,ELEC5,PULP5,3.53,0.0,0.0,0.0,0.0,0.0
5220,JP,JP,NONME,CROPS,3.54,0.0,0.0,0.0,0.0,0.0
4715,JP,JP,MEDIC,NATUR,3.54,0.0,0.0,0.0,0.0,0.0
7350,JP,JP,TRAN1,IRONO,3.54,0.0,0.0,0.0,0.0,0.0
1603,JP,JP,DIST1,MEAT1,3.54,0.0,0.0,0.0,0.0,0.0
3490,JP,JP,FURNI,NONF1,3.55,0.0,0.0,0.0,0.0,0.0
6182,JP,JP,RAILW,PREC1,3.41,0.0,0.0,0.0,0.0,0.0
5059,JP,JP,NATUR,NONF1,3.55,0.0,0.0,0.0,0.0,0.0
7063,JP,JP,STEAM,VEGE1,3.55,0.0,0.0,0.0,0.0,0.0
6105,JP,JP,RADIO,WEARI,3.55,0.0,0.0,0.0,0.0,0.0
1739,JP,JP,DISTR,TOBAC,3.55,0.0,0.0,0.0,0.0,0.0
4047,JP,JP,INSUR,TOBAC,3.56,0.0,0.0,0.0,0.0,0.0
3670,JP,JP,GLASS,FORES,3.57,0.0,0.0,0.0,0.0,0.0
5269,JP,JP,NONME,POULT,3.57,0.0,0.0,0.0,0.0,0.0
5815,JP,JP,POSTT,PROCE,3.58,0.0,0.0,0.0,0.0,0.0
2727,JP,JP,ELEC6,PRIVA,3.51,0.0,0.0,0.0,0.0,0.0
4430,JP,JP,LEATH,FOUND,3.5,0.0,0.0,0.0,0.0,0.0
3787,JP,JP,HEAVY,HEALT,3.5,0.0,0.0,0.0,0.0,0.0
5386,JP,JP,OXYGE,FOUND,3.48,0.0,0.0,0.0,0.0,0.0
2270,JP,JP,ELEC2,PREC1,3.41,0.0,0.0,0.0,0.0,0.0
5420,JP,JP,OXYGE,REALE,3.42,0.0,0.0,0.0,0.0,0.0
3656,JP,JP,GLASS,BUSIN,3.42,0.0,0.0,0.0,0.0,0.0
3480,JP,JP,FURNI,MEATC,3.42,0.0,0.0,0.0,0.0,0.0
1927,JP,JP,ELE11,PUBLI,3.42,0.0,0.0,0.0,0.0,0.0
493,JP,JP,BEVER,CHEM1,3.42,0.0,0.0,0.0,0.0,0.0
148,JP,JP,AIRTR,DIST1,3.43,0.0,0.0,0.0,0.0,0.0
1784,JP,JP,EDUCA,FISH5,3.43,0.0,0.0,0.0,0.0,0.0
6143,JP,JP,RAILW,HEAVY,3.43,0.0,0.0,0.0,0.0,0.0
7132,JP,JP,SUPPO,CONST,3.44,0.0,0.0,0.0,0.0,0.0
740,JP,JP,BUSIN,CATTL,3.45,0.0,0.0,0.0,0.0,0.0
6996,JP,JP,STEAM,AIRTR,3.45,0.0,0.0,0.0,0.0,0.0
1751,JP,JP,EDUCA,AUXIL,3.46,0.0,0.0,0.0,0.0,0.0
1919,JP,JP,ELE11,PLAST,3.46,0.0,0.0,0.0,0.0,0.0
2641,JP,JP,ELEC5,WHOLE,3.48,0.0,0.0,0.0,0.0,0.0
2220,JP,JP,ELEC2,CROPS,3.48,0.0,0.0,0.0,0.0,0.0
5585,JP,JP,PFERT,BEVER,3.48,0.0,0.0,0.0,0.0,0.0
562,JP,JP,BIOG1,TEXTI,3.24,0.0,0.0,0.0,0.0,0.0
3067,JP,JP,FABRI,PREC1,3.23,0.0,0.0,0.0,0.0,0.0
7339,JP,JP,TRAN1,ELEC3,2.94,0.0,0.0,0.0,0.0,0.0
1154,JP,JP,COKE1,PRINT,3.06,0.0,0.0,0.0,0.0,0.0
6552,JP,JP,RESEA,LUBRI,3.04,0.0,0.0,0.0,0.0,0.0
2177,JP,JP,ELEC1,SEACO,3.05,0.0,0.0,0.0,0.0,0.0
4225,JP,JP,KEROS,PETRO,3.05,0.0,0.0,0.0,0.0,0.0
7048,JP,JP,STEAM,PRINT,3.05,0.0,0.0,0.0,0.0,0.0
1185,JP,JP,COKEO,CONST,3.06,0.0,0.0,0.0,0.0,0.0
1564,JP,JP,DIST1,COMPU,3.06,0.0,0.0,0.0,0.0,0.0
1958,JP,JP,ELE12,ALUM1,3.06,0.0,0.0,0.0,0.0,0.0
3722,JP,JP,HEALT,COMPU,3.06,0.0,0.0,0.0,0.0,0.0
3244,JP,JP,FISH5,NFERT,3.07,0.0,0.0,0.0,0.0,0.0
5007,JP,JP,NATU1,LIQUE,3.09,0.0,0.0,0.0,0.0,0.0
1988,JP,JP,ELE12,FISH5,3.07,0.0,0.0,0.0,0.0,0.0
3047,JP,JP,FABRI,NAPHT,3.07,0.0,0.0,0.0,0.0,0.0
6400,JP,JP,RECRE,PAPER,3.07,0.0,0.0,0.0,0.0,0.0
7643,JP,JP,WHITE,ELECT,3.07,0.0,0.0,0.0,0.0,0.0
3797,JP,JP,HEAVY,LEATH,3.07,0.0,0.0,0.0,0.0,0.0
46,JP,JP,93197,FORES,3.08,0.0,0.0,0.0,0.0,0.0
451,JP,JP,BASIC,CHEM1,3.09,0.0,0.0,0.0,0.0,0.0
3538,JP,JP,GASDI,AUXIL,3.09,0.0,0.0,0.0,0.0,0.0
3250,JP,JP,FISHF,CHEM1,3.04,0.0,0.0,0.0,0.0,0.0
3774,JP,JP,HEAVY,EDUCA,3.03,0.0,0.0,0.0,0.0,0.0
2662,JP,JP,ELEC6,COKEO,3.03,0.0,0.0,0.0,0.0,0.0
3858,JP,JP,HEAVY,WHITE,3.03,0.0,0.0,0.0,0.0,0.0
4594,JP,JP,LUBRI,COMPU,2.95,0.0,0.0,0.0,0.0,0.0
171,JP,JP,AIRTR,HEAVY,2.95,0.0,0.0,0.0,0.0,0.0
5131,JP,JP,NFERT,WHEAT,2.95,0.0,0.0,0.0,0.0,0.0
1978,JP,JP,ELE12,COPP1,2.96,0.0,0.0,0.0,0.0,0.0
2003,JP,JP,ELE12,LANDT,2.96,0.0,0.0,0.0,0.0,0.0
7629,JP,JP,WHEAT,CATTL,2.96,0.0,0.0,0.0,0.0,0.0
4313,JP,JP,LANDT,OXYGE,2.98,0.0,0.0,0.0,0.0,0.0
6093,JP,JP,RADIO,RUBBE,2.99,0.0,0.0,0.0,0.0,0.0
6280,JP,JP,REALE,MOTOR,2.99,0.0,0.0,0.0,0.0,0.0
2137,JP,JP,ELEC1,NATU1,3.0,0.0,0.0,0.0,0.0,0.0
901,JP,JP,CERAM,CHEM1,3.0,0.0,0.0,0.0,0.0,0.0
5917,JP,JP,PRINT,FORES,3.0,0.0,0.0,0.0,0.0,0.0
7372,JP,JP,TRAN1,POULT,3.01,0.0,0.0,0.0,0.0,0.0
7003,JP,JP,STEAM,CEMEN,3.01,0.0,0.0,0.0,0.0,0.0
5602,JP,JP,PFERT,ELEC1,3.01,0.0,0.0,0.0,0.0,0.0
883,JP,JP,CEMEN,NATUR,3.01,0.0,0.0,0.0,0.0,0.0
6964,JP,JP,SEACO,RECRE,3.02,0.0,0.0,0.0,0.0,0.0
2252,JP,JP,ELEC2,MEMBE,3.09,0.0,0.0,0.0,0.0,0.0
6124,JP,JP,RAILW,COKEO,3.09,0.0,0.0,0.0,0.0,0.0
3498,JP,JP,FURNI,PFERT,3.22,0.0,0.0,0.0,0.0,0.0
6940,JP,JP,SEACO,MEMBE,3.18,0.0,0.0,0.0,0.0,0.0
1190,JP,JP,COKEO,ELEC1,3.15,0.0,0.0,0.0,0.0,0.0
7361,JP,JP,TRAN1,NATU1,3.16,0.0,0.0,0.0,0.0,0.0
2004,JP,JP,ELE12,LEAD1,3.16,0.0,0.0,0.0,0.0,0.0
3531,JP,JP,FURNI,VEGET,3.16,0.0,0.0,0.0,0.0,0.0
4891,JP,JP,MOTOR,CROPS,3.16,0.0,0.0,0.0,0.0,0.0
6320,JP,JP,REALE,VEGET,3.17,0.0,0.0,0.0,0.0,0.0
4405,JP,JP,LEATH,CHEM1,3.17,0.0,0.0,0.0,0.0,0.0
4651,JP,JP,MEAT1,PUBLI,3.18,0.0,0.0,0.0,0.0,0.0
2343,JP,JP,ELEC3,HEAVY,3.18,0.0,0.0,0.0,0.0,0.0
6672,JP,JP,RETA1,MEAT1,3.09,0.0,0.0,0.0,0.0,0.0
4874,JP,JP,MOTOR,BASIC,3.19,0.0,0.0,0.0,0.0,0.0
6364,JP,JP,RECRE,FOOD5,3.19,0.0,0.0,0.0,0.0,0.0
2215,JP,JP,ELEC2,COKE1,3.19,0.0,0.0,0.0,0.0,0.0
5443,JP,JP,PADDY,NFERT,3.2,0.0,0.0,0.0,0.0,0.0
4186,JP,JP,KERO1,REFI1,3.2,0.0,0.0,0.0,0.0,0.0
3712,JP,JP,HEALT,93197,3.2,0.0,0.0,0.0,0.0,0.0
2675,JP,JP,ELEC6,FINAN,3.21,0.0,0.0,0.0,0.0,0.0
4843,JP,JP,MEMBE,RETAI,3.21,0.0,0.0,0.0,0.0,0.0
5776,JP,JP,POSTT,IRONO,3.15,0.0,0.0,0.0,0.0,0.0
4627,JP,JP,LUBRI,REALE,3.14,0.0,0.0,0.0,0.0,0.0
629,JP,JP,BITU1,STONE,3.14,0.0,0.0,0.0,0.0,0.0
7093,JP,JP,SUGA1,MEATC,3.14,0.0,0.0,0.0,0.0,0.0
7222,JP,JP,SUPPO,VEGE1,3.1,0.0,0.0,0.0,0.0,0.0
956,JP,JP,CHEM1,BLAST,3.1,0.0,0.0,0.0,0.0,0.0
7149,JP,JP,SUPPO,FINAN,3.1,0.0,0.0,0.0,0.0,0.0
7130,JP,JP,SUPPO,COKEO,3.11,0.0,0.0,0.0,0.0,0.0
4098,JP,JP,KERO1,CEMEN,3.11,0.0,0.0,0.0,0.0,0.0
932,JP,JP,CERAM,TRANS,3.11,0.0,0.0,0.0,0.0,0.0
6421,JP,JP,RECRE,RUBBE,3.12,0.0,0.0,0.0,0.0,0.0
4145,JP,JP,KERO1,LUBRI,3.12,0.0,0.0,0.0,0.0,0.0
6573,JP,JP,RESEA,OXYGE,3.12,0.0,0.0,0.0,0.0,0.0
854,JP,JP,CATTL,NFERT,3.12,0.0,0.0,0.0,0.0,0.0
6588,JP,JP,RESEA,REFI1,3.13,0.0,0.0,0.0,0.0,0.0
5813,JP,JP,POSTT,PREC1,3.13,0.0,0.0,0.0,0.0,0.0
3964,JP,JP,INSUR,ELEC3,3.13,0.0,0.0,0.0,0.0,0.0
4617,JP,JP,LUBRI,PADDY,3.13,0.0,0.0,0.0,0.0,0.0
1402,JP,JP,CONST,LIQUE,3.13,0.0,0.0,0.0,0.0,0.0
5302,JP,JP,NONSP,CEMEN,3.13,0.0,0.0,0.0,0.0,0.0
5065,JP,JP,NATUR,PLAST,3.13,0.0,0.0,0.0,0.0,0.0
878,JP,JP,CEMEN,KERO1,0.01,0.0,0.0,0.0,0.0,0.0
