trade_id,region1,region2,industry1,industry2,amount,total_employment_value,employment_count
4897,JP,JP,MOTO1,MOTO1,122025.24,0,0
448,JP,JP,BASIC,BASIC,101183.3,0,0
6606,JP,JP,RESEA,MOTO1,95149.5,0,0
4282,JP,JP,LANDT,CONST,71965.34,0,0
3048,JP,JP,FABRI,CONST,65945.17,0,0
5244,JP,JP,NONME,CONST,43657.89,0,0
3373,JP,JP,FOOD5,FOOD5,34221.07,0,0
6273,JP,JP,REALE,CONST,34021.26,0,0
5747,JP,JP,PLAST,RUBBE,32580.99,0,0
6924,JP,JP,SANDC,CONST,27924.61,0,0
6345,JP,JP,REALE,RETA1,27452.55,0,0
459,JP,JP,BASIC,FABRI,27269.18,0,0
6250,JP,JP,REALE,93197,25456.43,0,0
3200,JP,JP,FINAN,FURNI,25135.24,0,0
5556,JP,JP,PAPER,PAPER,23937.92,0,0
3175,JP,JP,FINAN,CONST,23857.53,0,0
6631,JP,JP,RESEA,RADIO,23229.5,0,0
6872,JP,JP,RUBBE,RUBBE,22465.65,0,0
829,JP,JP,BUSIN,RESEA,22446.84,0,0
6272,JP,JP,REALE,COMPU,20493.46,0,0
6355,JP,JP,REALE,SUPPO,19873.41,0,0
6553,JP,JP,RESEA,CHEM1,19252.81,0,0
6617,JP,JP,RESEA,OFFIC,19030.08,0,0
3458,JP,JP,FOUND,MOTO1,18800.5,0,0
5778,JP,JP,POSTT,CONST,17861.51,0,0
6625,JP,JP,RESEA,PLAST,17793.9,0,0
7022,JP,JP,SEACO,SEACO,17546.64,0,0
3096,JP,JP,FABRI,MOTO1,17311.57,0,0
7771,JP,JP,WOODW,CONST,16786.21,0,0
7212,JP,JP,SUPPO,LANDT,16570.99,0,0
751,JP,JP,BUSIN,COMPU,16011.16,0,0
6034,JP,JP,PROCE,FOOD5,15433.89,0,0
5563,JP,JP,PAPER,PRINT,15380.79,0,0
5474,JP,JP,PADDY,PROCE,14437.27,0,0
7158,JP,JP,SUPPO,AIRTR,13833.67,0,0
6298,JP,JP,REALE,HEALT,13811.05,0,0
7118,JP,JP,STONE,CONST,13789.83,0,0
7360,JP,JP,TEXTI,TEXTI,13622.12,0,0
5995,JP,JP,PRINT,PRINT,13591.81,0,0
1341,JP,JP,COMPU,RESEA,13580.41,0,0
970,JP,JP,CHEM1,CHEM1,13263.98,0,0
3515,JP,JP,FURNI,FURNI,13112.18,0,0
4307,JP,JP,LANDT,FURNI,13095.24,0,0
7365,JP,JP,TEXTI,WEARI,13059.4,0,0
6006,JP,JP,PRINT,RESEA,12888.49,0,0
740,JP,JP,BUSIN,BUSIN,12831.4,0,0
3608,JP,JP,GASDI,CONST,12629.83,0,0
6118,JP,JP,RADIO,RADIO,12587.18,0,0
5367,JP,JP,OFFIC,OFFIC,12438.35,0,0
6333,JP,JP,REALE,POSTT,11875.69,0,0
6290,JP,JP,REALE,FINAN,11345.51,0,0
1332,JP,JP,COMPU,PUBLI,11344.09,0,0
3194,JP,JP,FINAN,FINAN,11265.44,0,0
1245,JP,JP,COMPU,BUSIN,11242.54,0,0
6301,JP,JP,REALE,INSUR,11189.05,0,0
3491,JP,JP,FURNI,CONST,10975.03,0,0
6300,JP,JP,REALE,HOTEL,10369.96,0,0
6363,JP,JP,REALE,WHOLE,9909.47,0,0
3632,JP,JP,GASDI,LANDT,9815.92,0,0
5916,JP,JP,PRINT,BUSIN,9775.11,0,0
782,JP,JP,BUSIN,INSUR,9181.97,0,0
4375,JP,JP,LANDT,STONE,8879.03,0,0
3777,JP,JP,HEALT,HEALT,8766.51,0,0
3259,JP,JP,FINAN,RETA1,8758.54,0,0
6934,JP,JP,SANDC,NONME,8602.57,0,0
3735,JP,JP,GLASS,MOTO1,8032.95,0,0
1276,JP,JP,COMPU,FINAN,7783.02,0,0
1192,JP,JP,COKEO,BASIC,7627.06,0,0
1289,JP,JP,COMPU,INSUR,7602.46,0,0
773,JP,JP,BUSIN,FOOD5,7582.92,0,0
3359,JP,JP,FOOD5,BEVER,7538.1,0,0
4358,JP,JP,LANDT,PUBLI,7510.25,0,0
6846,JP,JP,RUBBE,OFFIC,7439.65,0,0
5844,JP,JP,POSTT,POSTT,7403.98,0,0
6757,JP,JP,RETA1,RESEA,7391.18,0,0
770,JP,JP,BUSIN,FINAN,7311.47,0,0
241,JP,JP,ALUM1,ALUM1,7187.63,0,0
1315,JP,JP,COMPU,OFFIC,7146.03,0,0
4991,JP,JP,NAPHT,CHEM1,6759.78,0,0
3676,JP,JP,GASDI,RESEA,6754.11,0,0
7724,JP,JP,WHOLE,WHOLE,6747.8,0,0
857,JP,JP,CATTL,MEATC,6695.24,0,0
6812,JP,JP,RUBBE,FOOD5,6670.93,0,0
726,JP,JP,BUSIN,93197,6633.16,0,0
1326,JP,JP,COMPU,POSTT,6522.48,0,0
7491,JP,JP,TRANS,TRANS,6503.06,0,0
4368,JP,JP,LANDT,RETA1,6495.5,0,0
6928,JP,JP,SANDC,GLASS,6356.4,0,0
6350,JP,JP,REALE,SEACO,6340.62,0,0
1257,JP,JP,COMPU,CONST,6190.26,0,0
3564,JP,JP,FURNI,RESEA,6181.29,0,0
1256,JP,JP,COMPU,COMPU,6161.24,0,0
7839,JP,JP,WOODW,WOODW,6142.73,0,0
353,JP,JP,AUXIL,FINAN,6103.48,0,0
4367,JP,JP,LANDT,RESEA,6030.96,0,0
6246,JP,JP,RAWMI,DAIRY,5916.36,0,0
3073,JP,JP,FABRI,FURNI,5821.24,0,0
908,JP,JP,CERAM,CONST,5755.1,0,0
3378,JP,JP,FOOD5,HOTEL,5709.47,0,0
746,JP,JP,BUSIN,CHEM1,5663.4,0,0
5220,JP,JP,NONFE,NONF1,5635.59,0,0
463,JP,JP,BASIC,FURNI,5630.53,0,0
6289,JP,JP,REALE,FABRI,5548.38,0,0
1019,JP,JP,CHEM1,MOTO1,5537.78,0,0
1338,JP,JP,COMPU,RECRE,5533.77,0,0
4257,JP,JP,LANDT,93197,5515.78,0,0
6046,JP,JP,PULP5,PAPER,5505.17,0,0
830,JP,JP,BUSIN,RETA1,5483.88,0,0
6375,JP,JP,RECRE,BUSIN,5420.21,0,0
255,JP,JP,ALUM1,FOUND,5368.0,0,0
817,JP,JP,BUSIN,POSTT,5309.35,0,0
502,JP,JP,BEVER,HOTEL,5258.12,0,0
1342,JP,JP,COMPU,RETA1,5133.62,0,0
7786,JP,JP,WOODW,FURNI,5049.68,0,0
839,JP,JP,BUSIN,SUPPO,5016.48,0,0
4304,JP,JP,LANDT,FOOD5,4885.35,0,0
6262,JP,JP,REALE,BUSIN,4833.46,0,0
335,JP,JP,AUXIL,CONST,4832.8,0,0
6863,JP,JP,RUBBE,RADIO,4830.26,0,0
823,JP,JP,BUSIN,RADIO,4817.04,0,0
3163,JP,JP,FINAN,BUSIN,4814.97,0,0
6584,JP,JP,RESEA,FURNI,4796.76,0,0
5685,JP,JP,PIGS9,MEATP,4780.57,0,0
5015,JP,JP,NAPHT,PLAST,4681.49,0,0
5997,JP,JP,PRINT,PUBLI,4665.67,0,0
1553,JP,JP,DAIRY,FOOD5,4661.63,0,0
486,JP,JP,BASIC,TRANS,4617.28,0,0
1551,JP,JP,DAIRY,DAIRY,4596.98,0,0
5857,JP,JP,POSTT,RESEA,4528.13,0,0
6726,JP,JP,RETA1,MOTO1,4520.21,0,0
820,JP,JP,BUSIN,PRINT,4483.02,0,0
3066,JP,JP,FABRI,FABRI,4356.3,0,0
366,JP,JP,AUXIL,INSUR,4344.98,0,0
776,JP,JP,BUSIN,FURNI,4089.79,0,0
6305,JP,JP,REALE,LANDT,4083.64,0,0
3392,JP,JP,FOOD5,POULT,4072.84,0,0
6786,JP,JP,RUBBE,BEVER,4042.57,0,0
5573,JP,JP,PAPER,RETA1,4030.96,0,0
807,JP,JP,BUSIN,OFFIC,3981.01,0,0
889,JP,JP,CEMEN,NONME,3975.72,0,0
314,JP,JP,AUXIL,AUXIL,3961.36,0,0
5903,JP,JP,PRINT,93197,3950.06,0,0
5530,JP,JP,PAPER,FOOD5,3916.73,0,0
5934,JP,JP,PRINT,EDUCA,3908.88,0,0
5858,JP,JP,POSTT,RETA1,3900.9,0,0
51,JP,JP,93197,HEALT,3872.41,0,0
7815,JP,JP,WOODW,PULP5,3827.57,0,0
3203,JP,JP,FINAN,HEALT,3821.34,0,0
4247,JP,JP,KEROS,MOTOR,3814.02,0,0
5848,JP,JP,POSTT,PUBLI,3714.41,0,0
7531,JP,JP,VEGET,FOOD5,3688.16,0,0
3222,JP,JP,FINAN,MEMBE,3671.5,0,0
3363,JP,JP,FOOD5,CATTL,3626.01,0,0
6859,JP,JP,RUBBE,PRINT,3609.1,0,0
758,JP,JP,BUSIN,EDUCA,3605.36,0,0
3253,JP,JP,FINAN,RAILW,3593.74,0,0
6224,JP,JP,RAILW,RESEA,3520.59,0,0
730,JP,JP,BUSIN,AUXIL,3508.6,0,0
5777,JP,JP,POSTT,COMPU,3455.91,0,0
5889,JP,JP,POULT,MEAT1,3451.92,0,0
826,JP,JP,BUSIN,RECRE,3323.19,0,0
462,JP,JP,BASIC,FOUND,3290.4,0,0
1285,JP,JP,COMPU,HEALT,3162.11,0,0
3277,JP,JP,FINAN,WEARI,3132.78,0,0
5948,JP,JP,PRINT,FOOD5,3091.39,0,0
7125,JP,JP,STONE,NONME,3077.13,0,0
7245,JP,JP,SUPPO,PUBLI,3065.53,0,0
5945,JP,JP,PRINT,FINAN,3039.21,0,0
2976,JP,JP,ELECT,ELECT,2999.54,0,0
6849,JP,JP,RUBBE,PAPER,2993.18,0,0
3722,JP,JP,GLASS,FURNI,2981.13,0,0
6347,JP,JP,REALE,RUBBE,2924.56,0,0
6639,JP,JP,RESEA,RUBBE,2882.9,0,0
7479,JP,JP,TRANS,AIRTR,2807.66,0,0
3270,JP,JP,FINAN,TEXTI,2757.76,0,0
5951,JP,JP,PRINT,FURNI,2691.78,0,0
3390,JP,JP,FOOD5,PIGS9,2651.49,0,0
832,JP,JP,BUSIN,RUBBE,2633.78,0,0
6042,JP,JP,PUBLI,MEMBE,2622.75,0,0
4289,JP,JP,LANDT,EDUCA,2622.05,0,0
720,JP,JP,BRICK,CONST,2593.01,0,0
6576,JP,JP,RESEA,ELECT,2564.0,0,0
4352,JP,JP,LANDT,POSTT,2545.56,0,0
5807,JP,JP,POSTT,HOTEL,2530.97,0,0
732,JP,JP,BUSIN,BEVER,2517.82,0,0
5465,JP,JP,PADDY,FOOD5,2492.7,0,0
4467,JP,JP,LEATH,LEATH,2484.83,0,0
4310,JP,JP,LANDT,HEALT,2462.48,0,0
4010,JP,JP,INSUR,LANDT,2410.19,0,0
3285,JP,JP,FISH5,FISH5,2375.31,0,0
6323,JP,JP,REALE,NONME,2370.42,0,0
4241,JP,JP,KEROS,GASDI,2348.6,0,0
6215,JP,JP,RAILW,PUBLI,2346.97,0,0
976,JP,JP,CHEM1,CONST,2341.09,0,0
3244,JP,JP,FINAN,PLAST,2340.9,0,0
1232,JP,JP,COMPU,93197,2333.6,0,0
5954,JP,JP,PRINT,HEALT,2324.29,0,0
4106,JP,JP,IRONO,BASIC,2297.91,0,0
7225,JP,JP,SUPPO,MOTOR,2287.75,0,0
786,JP,JP,BUSIN,LANDT,2227.39,0,0
5796,JP,JP,POSTT,FINAN,2179.03,0,0
1,JP,JP,93197,93197,2178.85,0,0
3287,JP,JP,FISH5,FOOD5,2147.58,0,0
5926,JP,JP,PRINT,COMPU,2144.06,0,0
852,JP,JP,CATTL,CATTL,2134.5,0,0
3471,JP,JP,FURNI,93197,2125.66,0,0
5228,JP,JP,NONME,BASIC,2125.04,0,0
5062,JP,JP,NATUR,ELEC2,2112.49,0,0
5572,JP,JP,PAPER,RESEA,2100.51,0,0
1368,JP,JP,CONST,BASIC,2051.41,0,0
780,JP,JP,BUSIN,HOTEL,2050.97,0,0
3394,JP,JP,FOOD5,RAWMI,2032.91,0,0
731,JP,JP,BUSIN,BASIC,2028.25,0,0
5507,JP,JP,PAPER,BEVER,2028.09,0,0
3197,JP,JP,FINAN,FOOD5,2006.82,0,0
5753,JP,JP,POSTT,93197,1997.24,0,0
5182,JP,JP,NONF1,FURNI,1995.65,0,0
4300,JP,JP,LANDT,FABRI,1979.44,0,0
805,JP,JP,BUSIN,NONME,1973.3,0,0
769,JP,JP,BUSIN,FABRI,1921.51,0,0
5958,JP,JP,PRINT,INSUR,1919.97,0,0
811,JP,JP,BUSIN,PAPER,1916.31,0,0
847,JP,JP,BUSIN,WEARI,1909.17,0,0
1388,JP,JP,CONST,CONST,1898.25,0,0
6325,JP,JP,REALE,OFFIC,1889.59,0,0
3106,JP,JP,FABRI,OFFIC,1886.93,0,0
5766,JP,JP,POSTT,BUSIN,1870.98,0,0
6341,JP,JP,REALE,REALE,1858.98,0,0
1236,JP,JP,COMPU,AUXIL,1839.48,0,0
1352,JP,JP,COMPU,SUPPO,1838.92,0,0
3185,JP,JP,FINAN,ELEC2,1829.73,0,0
6454,JP,JP,RECRE,RECRE,1827.14,0,0
5805,JP,JP,POSTT,HEALT,1818.69,0,0
7500,JP,JP,VEGE1,FOOD5,1817.45,0,0
6581,JP,JP,RESEA,FOOD5,1807.06,0,0
2969,JP,JP,ELECT,ELEC2,1800.98,0,0
6176,JP,JP,RAILW,INSUR,1796.94,0,0
6636,JP,JP,RESEA,RESEA,1776.67,0,0
3155,JP,JP,FINAN,BASIC,1767.28,0,0
4056,JP,JP,INSUR,RESEA,1752.41,0,0
5676,JP,JP,PFERT,VEGET,1751.2,0,0
3070,JP,JP,FABRI,FOOD5,1740.87,0,0
5660,JP,JP,PFERT,PFERT,1738.39,0,0
3396,JP,JP,FOOD5,RESEA,1726.08,0,0
3029,JP,JP,FABRI,BEVER,1708.69,0,0
3859,JP,JP,HEAVY,MOTOR,1691.99,0,0
3681,JP,JP,GASDI,SANDC,1687.06,0,0
3150,JP,JP,FINAN,93197,1686.16,0,0
6037,JP,JP,PROCE,HOTEL,1681.06,0,0
6827,JP,JP,RUBBE,LEATH,1662.34,0,0
3565,JP,JP,FURNI,RETA1,1648.8,0,0
6896,JP,JP,SALEM,CONST,1647.86,0,0
5470,JP,JP,PADDY,PADDY,1647.64,0,0
5198,JP,JP,NONF1,NONF1,1645.57,0,0
3498,JP,JP,FURNI,EDUCA,1631.91,0,0
928,JP,JP,CERAM,RADIO,1628.58,0,0
4281,JP,JP,LANDT,COMPU,1620.84,0,0
6102,JP,JP,RADIO,MEDIC,1586.68,0,0
3302,JP,JP,FISHF,FURNI,1585.71,0,0
1071,JP,JP,CHEM1,WOODW,1566.85,0,0
4699,JP,JP,MEATC,FOOD5,1553.03,0,0
1282,JP,JP,COMPU,FURNI,1542.79,0,0
7567,JP,JP,WEARI,93197,1532.28,0,0
3122,JP,JP,FABRI,RADIO,1518.39,0,0
3305,JP,JP,FISHF,HOTEL,1506.52,0,0
3377,JP,JP,FOOD5,HEALT,1488.95,0,0
4351,JP,JP,LANDT,PLAST,1488.87,0,0
3143,JP,JP,FABRI,TRANS,1483.9,0,0
5297,JP,JP,NONME,PRIVA,1481.92,0,0
3619,JP,JP,GASDI,FISHF,1481.49,0,0
5987,JP,JP,PRINT,PAPER,1477.64,0,0
4709,JP,JP,MEATP,FOOD5,1473.05,0,0
1545,JP,JP,DAIRY,BEVER,1470.54,0,0
4338,JP,JP,LANDT,NONME,1454.09,0,0
4262,JP,JP,LANDT,BASIC,1447.6,0,0
6797,JP,JP,RUBBE,CHEM1,1446.65,0,0
3518,JP,JP,FURNI,HEALT,1445.12,0,0
3556,JP,JP,FURNI,PUBLI,1439.86,0,0
5581,JP,JP,PAPER,SUPPO,1439.41,0,0
761,JP,JP,BUSIN,ELEC2,1435.51,0,0
5168,JP,JP,NONF1,COPP1,1431.59,0,0
7539,JP,JP,VEGET,VEGET,1429.12,0,0
6288,JP,JP,REALE,ELECT,1425.48,0,0
1264,JP,JP,COMPU,EDUCA,1412.71,0,0
7203,JP,JP,SUPPO,GASDI,1408.75,0,0
6338,JP,JP,REALE,RADIO,1407.93,0,0
3448,JP,JP,FOUND,FABRI,1402.57,0,0
6540,JP,JP,RESEA,BASIC,1401.95,0,0
7319,JP,JP,TEXTI,FURNI,1397.85,0,0
3258,JP,JP,FINAN,RESEA,1389.9,0,0
5809,JP,JP,POSTT,INSUR,1388.63,0,0
3747,JP,JP,GLASS,RESEA,1376.07,0,0
6558,JP,JP,RESEA,COMPU,1374.47,0,0
1573,JP,JP,DIST1,BASIC,1363.9,0,0
3266,JP,JP,FINAN,STONE,1354.98,0,0
5520,JP,JP,PAPER,CONST,1339.84,0,0
3896,JP,JP,HEAVY,SEACO,1339.59,0,0
3205,JP,JP,FINAN,HOTEL,1320.76,0,0
6614,JP,JP,RESEA,NONME,1315.03,0,0
4270,JP,JP,LANDT,BUSIN,1305.9,0,0
2236,JP,JP,ELEC2,BASIC,1290.31,0,0
3238,JP,JP,FINAN,PAPER,1273.85,0,0
53,JP,JP,93197,HOTEL,1272.57,0,0
4314,JP,JP,LANDT,INSUR,1250.31,0,0
1030,JP,JP,CHEM1,OFFIC,1241.43,0,0
1325,JP,JP,COMPU,PLAST,1241.37,0,0
3231,JP,JP,FINAN,NONME,1241.36,0,0
1329,JP,JP,COMPU,PRINT,1239.61,0,0
6586,JP,JP,RESEA,GLASS,1221.0,0,0
4301,JP,JP,LANDT,FINAN,1217.49,0,0
4712,JP,JP,MEATP,MEATP,1215.29,0,0
3132,JP,JP,FABRI,RUBBE,1210.96,0,0
1067,JP,JP,CHEM1,WEARI,1205.95,0,0
6083,JP,JP,RADIO,ELECT,1203.18,0,0
5921,JP,JP,PRINT,CHEM1,1197.08,0,0
3269,JP,JP,FINAN,SUPPO,1196.79,0,0
6873,JP,JP,RUBBE,SANDC,1192.36,0,0
3742,JP,JP,GLASS,PRIVA,1184.98,0,0
4371,JP,JP,LANDT,SALEM,1176.95,0,0
1304,JP,JP,COMPU,MOTO1,1170.0,0,0
3223,JP,JP,FINAN,MOTO1,1164.79,0,0
6807,JP,JP,RUBBE,ELECT,1159.82,0,0
1404,JP,JP,CONST,FABRI,1157.13,0,0
3667,JP,JP,GASDI,PUBLI,1155.7,0,0
359,JP,JP,AUXIL,FURNI,1155.2,0,0
4312,JP,JP,LANDT,HOTEL,1139.92,0,0
824,JP,JP,BUSIN,RAILW,1137.73,0,0
6855,JP,JP,RUBBE,PLAST,1127.77,0,0
3245,JP,JP,FINAN,POSTT,1121.73,0,0
1614,JP,JP,DIST1,HEALT,1116.96,0,0
6160,JP,JP,RAILW,EDUCA,1104.31,0,0
5180,JP,JP,NONF1,FABRI,1101.24,0,0
6758,JP,JP,RETA1,RETA1,1091.68,0,0
1279,JP,JP,COMPU,FOOD5,1088.52,0,0
1046,JP,JP,CHEM1,RADIO,1087.65,0,0
6885,JP,JP,RUBBE,WEARI,1085.55,0,0
7679,JP,JP,WEARI,WEARI,1084.13,0,0
3248,JP,JP,FINAN,PRINT,1083.97,0,0
3723,JP,JP,GLASS,GLASS,1082.7,0,0
1658,JP,JP,DIST1,RESEA,1079.21,0,0
5802,JP,JP,POSTT,FURNI,1075.46,0,0
6229,JP,JP,RAILW,SANDC,1074.65,0,0
1570,JP,JP,DIST1,93197,1074.05,0,0
1034,JP,JP,CHEM1,PAPER,1064.9,0,0
7532,JP,JP,VEGET,HEALT,1061.89,0,0
6293,JP,JP,REALE,FOOD5,1060.31,0,0
5902,JP,JP,PRECI,PREC1,1056.06,0,0
7612,JP,JP,WEARI,FURNI,1052.65,0,0
4967,JP,JP,MOTOR,RESEA,1050.69,0,0
3655,JP,JP,GASDI,PADDY,1048.68,0,0
3837,JP,JP,HEAVY,GASDI,1041.89,0,0
6335,JP,JP,REALE,PRINT,1041.6,0,0
24,JP,JP,93197,CONST,1038.75,0,0
4639,JP,JP,LUBRI,LANDT,1037.06,0,0
1287,JP,JP,COMPU,HOTEL,1034.94,0,0
221,JP,JP,AIRTR,RESEA,1031.47,0,0
5888,JP,JP,POULT,HOTEL,1031.39,0,0
3262,JP,JP,FINAN,SALEM,1023.67,0,0
6003,JP,JP,PRINT,RECRE,1023.38,0,0
5878,JP,JP,POSTT,WHOLE,1021.34,0,0
992,JP,JP,CHEM1,FABRI,1019.47,0,0
492,JP,JP,BEVER,BEVER,1018.54,0,0
1394,JP,JP,CONST,EDUCA,1017.3,0,0
3193,JP,JP,FINAN,FABRI,1012.99,0,0
5535,JP,JP,PAPER,HEALT,1010.83,0,0
5661,JP,JP,PFERT,PLAST,1006.07,0,0
5983,JP,JP,PRINT,OFFIC,1005.86,0,0
7248,JP,JP,SUPPO,RAILW,1002.99,0,0
5560,JP,JP,PAPER,PLAST,1000.86,0,0
423,JP,JP,AUXIL,SANDC,999.59,0,0
6882,JP,JP,RUBBE,TRANS,993.59,0,0
5285,JP,JP,NONME,NONME,991.65,0,0
6870,JP,JP,RUBBE,RETA1,987.38,0,0
5867,JP,JP,POSTT,SUPPO,980.21,0,0
3703,JP,JP,GLASS,BEVER,975.55,0,0
7207,JP,JP,SUPPO,HOTEL,967.85,0,0
4355,JP,JP,LANDT,PRINT,966.95,0,0
2206,JP,JP,ELEC1,RESEA,962.33,0,0
6155,JP,JP,RAILW,CONST,960.21,0,0
6626,JP,JP,RESEA,POSTT,954.34,0,0
3369,JP,JP,FOOD5,DAIRY,945.4,0,0
1609,JP,JP,DIST1,FOOD5,944.51,0,0
6577,JP,JP,RESEA,FABRI,941.67,0,0
4676,JP,JP,MEAT1,FOOD5,931.21,0,0
3156,JP,JP,FINAN,BEVER,922.87,0,0
756,JP,JP,BUSIN,DIST1,918.93,0,0
5575,JP,JP,PAPER,RUBBE,918.37,0,0
778,JP,JP,BUSIN,GLASS,909.84,0,0
844,JP,JP,BUSIN,TRANS,908.74,0,0
5369,JP,JP,OFFIC,RETA1,904.25,0,0
1237,JP,JP,COMPU,BASIC,903.65,0,0
6007,JP,JP,PRINT,RETA1,903.56,0,0
4389,JP,JP,LANDT,WOODW,902.99,0,0
7667,JP,JP,WEARI,SANDC,900.81,0,0
7656,JP,JP,WEARI,PUBLI,900.43,0,0
6981,JP,JP,SEACO,LANDT,896.12,0,0
2114,JP,JP,ELEC1,BASIC,895.06,0,0
4041,JP,JP,INSUR,PLAST,892.86,0,0
3389,JP,JP,FOOD5,PFERT,889.35,0,0
472,JP,JP,BASIC,NONME,887.18,0,0
3520,JP,JP,FURNI,HOTEL,877.99,0,0
104,JP,JP,93197,RESEA,873.95,0,0
841,JP,JP,BUSIN,TOBAC,872.94,0,0
1594,JP,JP,DIST1,EDUCA,863.61,0,0
727,JP,JP,BUSIN,AIRTR,862.88,0,0
3065,JP,JP,FABRI,ELECT,857.49,0,0
1275,JP,JP,COMPU,FABRI,856.11,0,0
5907,JP,JP,PRINT,AUXIL,854.91,0,0
6861,JP,JP,RUBBE,PUBLI,854.65,0,0
6817,JP,JP,RUBBE,HEALT,853.7,0,0
3149,JP,JP,FABRI,WOODW,853.56,0,0
5523,JP,JP,PAPER,DAIRY,853.52,0,0
256,JP,JP,ALUM1,FURNI,849.61,0,0
1066,JP,JP,CHEM1,VEGET,846.96,0,0
1293,JP,JP,COMPU,LANDT,844.38,0,0
5847,JP,JP,POSTT,PRINT,843.45,0,0
6801,JP,JP,RUBBE,COMPU,836.68,0,0
4341,JP,JP,LANDT,OFFIC,836.45,0,0
3104,JP,JP,FABRI,NONME,835.08,0,0
6749,JP,JP,RETA1,PUBLI,833.7,0,0
5757,JP,JP,POSTT,AUXIL,825.3,0,0
6707,JP,JP,RETA1,HEALT,824.28,0,0
5992,JP,JP,PRINT,POSTT,820.23,0,0
5516,JP,JP,PAPER,CHEM1,819.47,0,0
4364,JP,JP,LANDT,RECRE,818.75,0,0
5467,JP,JP,PADDY,FURNI,816.15,0,0
6647,JP,JP,RESEA,TEXTI,815.97,0,0
768,JP,JP,BUSIN,ELECT,813.07,0,0
7663,JP,JP,WEARI,RETA1,812.49,0,0
7308,JP,JP,TEXTI,CONST,805.96,0,0
458,JP,JP,BASIC,ELECT,802.71,0,0
6384,JP,JP,RECRE,COMPU,801.83,0,0
6655,JP,JP,RESEA,WHOLE,800.87,0,0
2207,JP,JP,ELEC1,RETA1,799.98,0,0
5587,JP,JP,PAPER,VEGET,795.12,0,0
3816,JP,JP,HEAVY,CHEM1,793.13,0,0
7589,JP,JP,WEARI,CONST,785.98,0,0
3712,JP,JP,GLASS,CONST,783.04,0,0
3042,JP,JP,FABRI,CHEM1,781.99,0,0
1087,JP,JP,CHEMI,PAPER,781.68,0,0
840,JP,JP,BUSIN,TEXTI,777.56,0,0
3120,JP,JP,FABRI,PUBLI,772.23,0,0
4385,JP,JP,LANDT,VEGET,771.68,0,0
2332,JP,JP,ELEC2,RESEA,771.04,0,0
6411,JP,JP,RECRE,HOTEL,770.51,0,0
254,JP,JP,ALUM1,FOOD5,765.79,0,0
1042,JP,JP,CHEM1,PRINT,764.07,0,0
3250,JP,JP,FINAN,PUBLI,762.13,0,0
996,JP,JP,CHEM1,FOOD5,759.66,0,0
3621,JP,JP,GASDI,FOUND,754.44,0,0
1262,JP,JP,COMPU,DIST1,747.9,0,0
7527,JP,JP,VEGET,BEVER,747.18,0,0
4242,JP,JP,KEROS,HEAVY,746.36,0,0
1251,JP,JP,COMPU,CHEM1,744.91,0,0
1411,JP,JP,CONST,FURNI,744.23,0,0
964,JP,JP,CHEM1,BUSIN,738.06,0,0
6651,JP,JP,RESEA,TRANS,731.68,0,0
409,JP,JP,AUXIL,PUBLI,730.7,0,0
5591,JP,JP,PAPER,WOODW,728.97,0,0
3583,JP,JP,FURNI,WEARI,727.87,0,0
3490,JP,JP,FURNI,COMPU,727.18,0,0
13,JP,JP,93197,BUSIN,722.85,0,0
1484,JP,JP,COPP1,ELECT,719.06,0,0
5207,JP,JP,NONF1,RADIO,718.25,0,0
7113,JP,JP,STONE,CEMEN,716.12,0,0
3136,JP,JP,FABRI,STONE,715.48,0,0
3234,JP,JP,FINAN,OFFIC,715.05,0,0
1334,JP,JP,COMPU,RADIO,711.22,0,0
6620,JP,JP,RESEA,PAPER,711.19,0,0
1465,JP,JP,CONST,RUBBE,707.95,0,0
2310,JP,JP,ELEC2,PAPER,706.89,0,0
1651,JP,JP,DIST1,PUBLI,701.91,0,0
6163,JP,JP,RAILW,FINAN,697.22,0,0
6172,JP,JP,RAILW,HEALT,695.25,0,0
1387,JP,JP,CONST,COMPU,694.07,0,0
3744,JP,JP,GLASS,RADIO,692.34,0,0
6010,JP,JP,PRINT,SANDC,691.7,0,0
3174,JP,JP,FINAN,COMPU,691.25,0,0
5956,JP,JP,PRINT,HOTEL,689.65,0,0
6487,JP,JP,REFI1,MOTOR,687.58,0,0
5366,JP,JP,OFFIC,ELECT,686.1,0,0
1632,JP,JP,DIST1,MOTO1,685.39,0,0
211,JP,JP,AIRTR,PRINT,684.95,0,0
6348,JP,JP,REALE,SALEM,684.79,0,0
1033,JP,JP,CHEM1,PADDY,683.98,0,0
101,JP,JP,93197,RECRE,681.29,0,0
6878,JP,JP,RUBBE,SUPPO,678.96,0,0
6653,JP,JP,RESEA,WEARI,677.44,0,0
1616,JP,JP,DIST1,HOTEL,676.54,0,0
5944,JP,JP,PRINT,FABRI,675.41,0,0
3280,JP,JP,FINAN,WOODW,674.78,0,0
5519,JP,JP,PAPER,COMPU,666.47,0,0
3264,JP,JP,FINAN,SEACO,664.56,0,0
6031,JP,JP,PROCE,BEVER,663.42,0,0
5999,JP,JP,PRINT,RADIO,661.22,0,0
4263,JP,JP,LANDT,BEVER,660.44,0,0
1267,JP,JP,COMPU,ELEC2,659.22,0,0
3613,JP,JP,GASDI,EDUCA,657.7,0,0
3182,JP,JP,FINAN,EDUCA,653.56,0,0
352,JP,JP,AUXIL,FABRI,652.45,0,0
483,JP,JP,BASIC,SANDC,652.31,0,0
7259,JP,JP,SUPPO,SEACO,650.99,0,0
4702,JP,JP,MEATC,HOTEL,650.02,0,0
1344,JP,JP,COMPU,RUBBE,649.63,0,0
2947,JP,JP,ELECT,ALUM1,648.96,0,0
4214,JP,JP,KERO1,RESEA,648.13,0,0
323,JP,JP,AUXIL,BUSIN,644.31,0,0
5772,JP,JP,POSTT,CHEM1,639.44,0,0
3651,JP,JP,GASDI,NONME,637.5,0,0
3827,JP,JP,HEAVY,ELEC6,635.08,0,0
4243,JP,JP,KEROS,KERO1,632.65,0,0
6036,JP,JP,PROCE,HEALT,632.52,0,0
5019,JP,JP,NAPHT,TEXTI,631.8,0,0
6658,JP,JP,RETA1,93197,628.41,0,0
4962,JP,JP,MOTOR,PUBLI,626.69,0,0
3603,JP,JP,GASDI,CHEM1,625.42,0,0
5813,JP,JP,POSTT,LANDT,624.79,0,0
414,JP,JP,AUXIL,REALE,620.85,0,0
4869,JP,JP,MEMBE,REALE,616.1,0,0
5510,JP,JP,PAPER,BUSIN,614.21,0,0
7336,JP,JP,TEXTI,PAPER,613.79,0,0
5226,JP,JP,NONME,ALUM1,611.07,0,0
1027,JP,JP,CHEM1,NONME,610.19,0,0
874,JP,JP,CEMEN,CONST,609.96,0,0
7666,JP,JP,WEARI,SALEM,606.49,0,0
3288,JP,JP,FISH5,HEALT,605.65,0,0
3451,JP,JP,FOUND,FURNI,604.17,0,0
4890,JP,JP,MEMBE,VEGET,601.71,0,0
501,JP,JP,BEVER,HEALT,601.45,0,0
1382,JP,JP,CONST,CHEM1,599.76,0,0
3115,JP,JP,FABRI,PLAST,596.85,0,0
5513,JP,JP,PAPER,CERAM,592.12,0,0
4248,JP,JP,KEROS,NAPHT,591.03,0,0
1461,JP,JP,CONST,RECRE,590.81,0,0
3021,JP,JP,ELECT,WOODW,589.61,0,0
949,JP,JP,CHEM1,93197,587.36,0,0
5658,JP,JP,PFERT,PADDY,587.35,0,0
270,JP,JP,ALUM1,OFFIC,586.06,0,0
152,JP,JP,AIRTR,EDUCA,583.54,0,0
6569,JP,JP,RESEA,ELEC2,582.76,0,0
6825,JP,JP,RUBBE,LANDT,582.58,0,0
6808,JP,JP,RUBBE,FABRI,580.1,0,0
6016,JP,JP,PRINT,SUPPO,580.08,0,0
419,JP,JP,AUXIL,RETA1,579.69,0,0
4252,JP,JP,KEROS,PUBLI,578.59,0,0
1415,JP,JP,CONST,HOTEL,576.71,0,0
1856,JP,JP,EDUCA,POSTT,574.76,0,0
3252,JP,JP,FINAN,RADIO,574.65,0,0
329,JP,JP,AUXIL,CHEM1,573.8,0,0
1417,JP,JP,CONST,INSUR,573.41,0,0
6879,JP,JP,RUBBE,TEXTI,570.33,0,0
4344,JP,JP,LANDT,PADDY,566.63,0,0
6604,JP,JP,RESEA,MEDIC,559.61,0,0
4052,JP,JP,INSUR,REALE,553.43,0,0
108,JP,JP,93197,SALEM,552.76,0,0
4500,JP,JP,LEATH,SANDC,552.31,0,0
1557,JP,JP,DAIRY,HOTEL,552.14,0,0
2211,JP,JP,ELEC1,SANDC,552.11,0,0
955,JP,JP,CHEM1,BASIC,551.66,0,0
4379,JP,JP,LANDT,TEXTI,551.04,0,0
836,JP,JP,BUSIN,STONE,550.5,0,0
7324,JP,JP,TEXTI,LEATH,545.66,0,0
7163,JP,JP,SUPPO,BASIC,545.01,0,0
1238,JP,JP,COMPU,BEVER,544.21,0,0
5582,JP,JP,PAPER,TEXTI,544.03,0,0
2269,JP,JP,ELEC2,FOOD5,543.85,0,0
6201,JP,JP,RAILW,OFFIC,542.26,0,0
1376,JP,JP,CONST,BUSIN,542.0,0,0
5854,JP,JP,POSTT,RECRE,541.83,0,0
3152,JP,JP,FINAN,ALUM1,535.8,0,0
3482,JP,JP,FURNI,BUSIN,535.45,0,0
3625,JP,JP,GASDI,HEALT,534.49,0,0
5534,JP,JP,PAPER,GLASS,533.54,0,0
6541,JP,JP,RESEA,BEVER,531.62,0,0
474,JP,JP,BASIC,OFFIC,531.37,0,0
7263,JP,JP,SUPPO,SUPPO,530.23,0,0
1803,JP,JP,EDUCA,COMPU,529.02,0,0
7240,JP,JP,SUPPO,PLAST,526.94,0,0
755,JP,JP,BUSIN,DAIRY,526.42,0,0
3023,JP,JP,FABRI,93197,524.4,0,0
6687,JP,JP,RETA1,EDUCA,524.01,0,0
5185,JP,JP,NONF1,HEALT,520.43,0,0
3682,JP,JP,GASDI,SEACO,520.36,0,0
402,JP,JP,AUXIL,PLAST,520.25,0,0
6048,JP,JP,PULP5,PLAST,520.25,0,0
1064,JP,JP,CHEM1,TRANS,517.96,0,0
4318,JP,JP,LANDT,LANDT,517.68,0,0
4818,JP,JP,MEMBE,HEALT,517.66,0,0
55,JP,JP,93197,INSUR,516.26,0,0
5962,JP,JP,PRINT,LANDT,514.53,0,0
5524,JP,JP,PAPER,EDUCA,514.29,0,0
7615,JP,JP,WEARI,HEALT,510.6,0,0
1319,JP,JP,COMPU,PAPER,508.3,0,0
6698,JP,JP,RETA1,FINAN,507.71,0,0
7117,JP,JP,STONE,COKEO,507.48,0,0
6919,JP,JP,SANDC,CERAM,505.44,0,0
479,JP,JP,BASIC,RADIO,501.85,0,0
3274,JP,JP,FINAN,TRANS,499.1,0,0
4345,JP,JP,LANDT,PAPER,496.79,0,0
6907,JP,JP,SALEM,PUBLI,496.65,0,0
5533,JP,JP,PAPER,FURNI,496.11,0,0
2323,JP,JP,ELEC2,PUBLI,495.4,0,0
2316,JP,JP,ELEC2,PLAST,494.7,0,0
3371,JP,JP,FOOD5,FISH5,493.8,0,0
1587,JP,JP,DIST1,CONST,493.57,0,0
3693,JP,JP,GASDI,VEGET,492.92,0,0
3975,JP,JP,INSUR,CONST,491.77,0,0
2183,JP,JP,ELEC1,PAPER,490.36,0,0
6888,JP,JP,RUBBE,WHOLE,485.87,0,0
422,JP,JP,AUXIL,SALEM,485.78,0,0
4205,JP,JP,KERO1,PUBLI,483.6,0,0
1398,JP,JP,CONST,ELEC4,483.52,0,0
3620,JP,JP,GASDI,FOOD5,482.15,0,0
5973,JP,JP,PRINT,MOTO1,481.78,0,0
3568,JP,JP,FURNI,SALEM,481.13,0,0
4679,JP,JP,MEAT1,HOTEL,480.25,0,0
4883,JP,JP,MEMBE,SUPPO,478.8,0,0
5201,JP,JP,NONF1,OFFIC,478.27,0,0
1408,JP,JP,CONST,FOOD5,477.31,0,0
6821,JP,JP,RUBBE,INSUR,476.77,0,0
3139,JP,JP,FABRI,SUPPO,473.35,0,0
5189,JP,JP,NONF1,LEAD1,471.28,0,0
6923,JP,JP,SANDC,COKEO,471.21,0,0
3176,JP,JP,FINAN,COPP1,471.2,0,0
7489,JP,JP,TRANS,SEACO,470.18,0,0
5795,JP,JP,POSTT,FABRI,467.79,0,0
4244,JP,JP,KEROS,KEROS,467.78,0,0
6583,JP,JP,RESEA,FOUND,465.18,0,0
1459,JP,JP,CONST,RADIO,464.75,0,0
5862,JP,JP,POSTT,SEACO,462.13,0,0
5743,JP,JP,PLAST,PLAST,461.13,0,0
1467,JP,JP,CONST,SEACO,460.6,0,0
4898,JP,JP,MOTO1,PUBLI,460.02,0,0
4330,JP,JP,LANDT,MOTO1,459.94,0,0
3211,JP,JP,FINAN,LANDT,459.05,0,0
1556,JP,JP,DAIRY,HEALT,457.97,0,0
3750,JP,JP,GLASS,RUBBE,457.9,0,0
5991,JP,JP,PRINT,PLAST,456.77,0,0
4822,JP,JP,MEMBE,INSUR,455.05,0,0
2337,JP,JP,ELEC2,SANDC,454.87,0,0
382,JP,JP,AUXIL,MOTO1,454.72,0,0
5927,JP,JP,PRINT,CONST,453.53,0,0
3202,JP,JP,FINAN,GLASS,452.05,0,0
1037,JP,JP,CHEM1,PFERT,450.42,0,0
3870,JP,JP,HEAVY,PAPER,448.44,0,0
7206,JP,JP,SUPPO,HEAVY,447.69,0,0
5861,JP,JP,POSTT,SANDC,446.09,0,0
6253,JP,JP,REALE,AUXIL,444.4,0,0
5853,JP,JP,POSTT,REALE,443.74,0,0
6084,JP,JP,RADIO,FABRI,443.66,0,0
6912,JP,JP,SALEM,SUPPO,439.81,0,0
1421,JP,JP,CONST,LANDT,439.31,0,0
3130,JP,JP,FABRI,RETA1,437.78,0,0
5588,JP,JP,PAPER,WEARI,437.16,0,0
3227,JP,JP,FINAN,NATUR,433.19,0,0
5278,JP,JP,NONME,MOTO1,433.1,0,0
6342,JP,JP,REALE,RECRE,432.73,0,0
6136,JP,JP,RAILW,93197,432.67,0,0
4386,JP,JP,LANDT,WEARI,431.39,0,0
7609,JP,JP,WEARI,FOOD5,430.93,0,0
6225,JP,JP,RAILW,RETA1,428.43,0,0
3207,JP,JP,FINAN,INSUR,427.8,0,0
4378,JP,JP,LANDT,SUPPO,426.67,0,0
6910,JP,JP,SALEM,SALEM,426.48,0,0
5194,JP,JP,NONF1,MOTO1,425.0,0,0
209,JP,JP,AIRTR,POSTT,424.65,0,0
5567,JP,JP,PAPER,RADIO,424.5,0,0
1045,JP,JP,CHEM1,PULP5,424.36,0,0
2982,JP,JP,ELECT,GLASS,423.91,0,0
6481,JP,JP,REFI1,GASDI,423.4,0,0
6810,JP,JP,RUBBE,FISH5,420.87,0,0
1402,JP,JP,CONST,ELEC8,420.67,0,0
6131,JP,JP,RADIO,TRANS,418.35,0,0
3078,JP,JP,FABRI,HOTEL,417.18,0,0
5834,JP,JP,POSTT,OFFIC,415.2,0,0
7506,JP,JP,VEGE1,HOTEL,413.23,0,0
6551,JP,JP,RESEA,CERAM,412.99,0,0
1453,JP,JP,CONST,PLAST,411.79,0,0
3146,JP,JP,FABRI,WEARI,409.56,0,0
775,JP,JP,BUSIN,FOUND,408.98,0,0
6816,JP,JP,RUBBE,GLASS,407.55,0,0
1044,JP,JP,CHEM1,PUBLI,406.89,0,0
3304,JP,JP,FISHF,HEALT,404.24,0,0
5265,JP,JP,NONME,FURNI,403.09,0,0
4918,JP,JP,MOTOR,CONST,402.89,0,0
109,JP,JP,93197,SANDC,402.77,0,0
3838,JP,JP,HEAVY,GLASS,401.9,0,0
4078,JP,JP,INSUR,WHOLE,401.06,0,0
2326,JP,JP,ELEC2,RAILW,401.02,0,0
3552,JP,JP,FURNI,POSTT,399.37,0,0
4820,JP,JP,MEMBE,HOTEL,399.31,0,0
7662,JP,JP,WEARI,RESEA,398.77,0,0
3169,JP,JP,FINAN,CHEM1,397.26,0,0
1479,JP,JP,CONST,WEARI,395.23,0,0
7578,JP,JP,WEARI,BUSIN,393.19,0,0
3999,JP,JP,INSUR,FURNI,391.63,0,0
4276,JP,JP,LANDT,CHEM1,391.25,0,0
31,JP,JP,93197,EDUCA,388.26,0,0
7830,JP,JP,WOODW,SUPPO,386.22,0,0
3447,JP,JP,FOUND,ELECT,385.38,0,0
5623,JP,JP,PFERT,CHEM1,384.7,0,0
5528,JP,JP,PAPER,FISH5,384.18,0,0
6069,JP,JP,RADIO,COMPU,381.6,0,0
918,JP,JP,CERAM,HOTEL,381.0,0,0
956,JP,JP,CHEM1,BEVER,380.05,0,0
7210,JP,JP,SUPPO,KERO1,379.48,0,0
3418,JP,JP,FORES,FORES,379.2,0,0
6780,JP,JP,RUBBE,93197,379.18,0,0
4277,JP,JP,LANDT,CHEMI,378.85,0,0
728,JP,JP,BUSIN,ALUM1,378.24,0,0
2143,JP,JP,ELEC1,FOOD5,377.26,0,0
3388,JP,JP,FOOD5,PAPER,376.87,0,0
7274,JP,JP,SUPPO,WHOLE,375.67,0,0
6889,JP,JP,RUBBE,WOODW,375.65,0,0
5785,JP,JP,POSTT,EDUCA,375.28,0,0
3587,JP,JP,GASDI,93197,373.86,0,0
356,JP,JP,AUXIL,FOOD5,373.75,0,0
3709,JP,JP,GLASS,CHEM1,373.71,0,0
5264,JP,JP,NONME,FOUND,370.47,0,0
3545,JP,JP,FURNI,OFFIC,370.09,0,0
122,JP,JP,93197,WHOLE,367.84,0,0
4780,JP,JP,MEMBE,BUSIN,367.66,0,0
3670,JP,JP,GASDI,RAILW,367.55,0,0
1405,JP,JP,CONST,FINAN,366.54,0,0
4370,JP,JP,LANDT,RUBBE,366.16,0,0
788,JP,JP,BUSIN,LEATH,365.84,0,0
1312,JP,JP,COMPU,NONME,364.83,0,0
771,JP,JP,BUSIN,FISH5,364.64,0,0
5236,JP,JP,NONME,CERAM,363.76,0,0
3687,JP,JP,GASDI,SUPPO,362.89,0,0
3181,JP,JP,FINAN,DISTR,362.8,0,0
6791,JP,JP,RUBBE,BUSIN,361.14,0,0
5893,JP,JP,POULT,POULT,360.73,0,0
6024,JP,JP,PRINT,WEARI,360.05,0,0
276,JP,JP,ALUM1,RADIO,359.69,0,0
7331,JP,JP,TEXTI,MOTO1,359.6,0,0
5899,JP,JP,PREC1,PREC1,357.91,0,0
2277,JP,JP,ELEC2,HOTEL,357.5,0,0
6169,JP,JP,RAILW,FURNI,357.34,0,0
6227,JP,JP,RAILW,RUBBE,357.29,0,0
5536,JP,JP,PAPER,HOTEL,356.92,0,0
1345,JP,JP,COMPU,SALEM,356.57,0,0
4852,JP,JP,MEMBE,PAPER,356.25,0,0
5731,JP,JP,PLAST,FURNI,355.96,0,0
7226,JP,JP,SUPPO,NAPHT,354.52,0,0
4535,JP,JP,LIQUE,DIST1,354.12,0,0
1393,JP,JP,CONST,DIST1,354.08,0,0
3720,JP,JP,GLASS,FOOD5,353.49,0,0
7351,JP,JP,TEXTI,RETA1,352.29,0,0
2135,JP,JP,ELEC1,DISTR,352.11,0,0
334,JP,JP,AUXIL,COMPU,351.46,0,0
796,JP,JP,BUSIN,MEDIC,350.86,0,0
2295,JP,JP,ELEC2,MOTO1,350.32,0,0
3509,JP,JP,FURNI,FINAN,350.22,0,0
1364,JP,JP,CONST,93197,349.66,0,0
3569,JP,JP,FURNI,SANDC,349.24,0,0
4360,JP,JP,LANDT,RADIO,348.98,0,0
6174,JP,JP,RAILW,HOTEL,347.64,0,0
1000,JP,JP,CHEM1,GLASS,345.06,0,0
3865,JP,JP,HEAVY,NONME,344.82,0,0
3154,JP,JP,FINAN,AUXIL,344.79,0,0
5909,JP,JP,PRINT,BEVER,344.6,0,0
6711,JP,JP,RETA1,INSUR,343.98,0,0
2197,JP,JP,ELEC1,PUBLI,343.65,0,0
2189,JP,JP,ELEC1,PLAST,343.17,0,0
7673,JP,JP,WEARI,TEXTI,342.8,0,0
113,JP,JP,93197,SUPPO,342.14,0,0
5740,JP,JP,PLAST,PAPER,341.32,0,0
1233,JP,JP,COMPU,AIRTR,339.14,0,0
6605,JP,JP,RESEA,MEMBE,339.06,0,0
3751,JP,JP,GLASS,SALEM,337.02,0,0
757,JP,JP,BUSIN,DISTR,335.61,0,0
1810,JP,JP,EDUCA,EDUCA,335.06,0,0
1053,JP,JP,CHEM1,RETA1,333.53,0,0
6623,JP,JP,RESEA,PFERT,331.54,0,0
3840,JP,JP,HEAVY,HEAVY,331.1,0,0
315,JP,JP,AUXIL,BASIC,330.84,0,0
2335,JP,JP,ELEC2,RUBBE,330.79,0,0
6365,JP,JP,RECRE,93197,330.72,0,0
2333,JP,JP,ELEC2,RETA1,330.45,0,0
3422,JP,JP,FORES,HOTEL,329.8,0,0
1441,JP,JP,CONST,NONME,329.72,0,0
145,JP,JP,AIRTR,COMPU,328.75,0,0
4067,JP,JP,INSUR,SUPPO,328.72,0,0
3028,JP,JP,FABRI,BASIC,328.52,0,0
5931,JP,JP,PRINT,DAIRY,327.04,0,0
3417,JP,JP,FORES,FOOD5,326.9,0,0
6761,JP,JP,RETA1,SALEM,326.5,0,0
7353,JP,JP,TEXTI,RUBBE,326.34,0,0
267,JP,JP,ALUM1,MOTO1,325.36,0,0
915,JP,JP,CERAM,FURNI,324.65,0,0
1274,JP,JP,COMPU,ELECT,323.72,0,0
6564,JP,JP,RESEA,DIST1,323.45,0,0
4867,JP,JP,MEMBE,RAILW,323.01,0,0
6329,JP,JP,REALE,PAPER,322.67,0,0
1674,JP,JP,DIST1,WHOLE,322.5,0,0
6704,JP,JP,RETA1,FURNI,321.69,0,0
5824,JP,JP,POSTT,MOTO1,320.95,0,0
3151,JP,JP,FINAN,AIRTR,320.87,0,0
3955,JP,JP,INSUR,BASIC,320.85,0,0
5728,JP,JP,PLAST,CHEM1,320.55,0,0
6884,JP,JP,RUBBE,VEGET,319.54,0,0
59,JP,JP,93197,LANDT,318.21,0,0
23,JP,JP,93197,COMPU,317.3,0,0
6009,JP,JP,PRINT,RUBBE,317.01,0,0
3528,JP,JP,FURNI,LEATH,316.48,0,0
7202,JP,JP,SUPPO,FURNI,315.05,0,0
2275,JP,JP,ELEC2,HEALT,312.76,0,0
5851,JP,JP,POSTT,RAILW,312.69,0,0
5527,JP,JP,PAPER,FINAN,312.21,0,0
6637,JP,JP,RESEA,RETA1,311.48,0,0
3450,JP,JP,FOUND,FOUND,309.07,0,0
396,JP,JP,AUXIL,PAPER,308.58,0,0
3094,JP,JP,FABRI,MEDIC,308.58,0,0
2272,JP,JP,ELEC2,FURNI,308.31,0,0
6559,JP,JP,RESEA,CONST,307.61,0,0
6565,JP,JP,RESEA,DISTR,307.39,0,0
3166,JP,JP,FINAN,CERAM,307.01,0,0
4972,JP,JP,MOTOR,SANDC,306.1,0,0
850,JP,JP,BUSIN,WOODW,305.56,0,0
481,JP,JP,BASIC,RUBBE,305.21,0,0
4361,JP,JP,LANDT,RAILW,305.15,0,0
3261,JP,JP,FINAN,RUBBE,304.65,0,0
3600,JP,JP,GASDI,CERAM,304.09,0,0
6217,JP,JP,RAILW,RADIO,303.42,0,0
1715,JP,JP,DISTR,FURNI,303.26,0,0
6139,JP,JP,RAILW,AUXIL,302.84,0,0
1337,JP,JP,COMPU,REALE,302.72,0,0
403,JP,JP,AUXIL,POSTT,301.33,0,0
3814,JP,JP,HEAVY,CERAM,300.11,0,0
6778,JP,JP,RETA1,WHOLE,299.88,0,0
5005,JP,JP,NAPHT,MOTO1,299.1,0,0
974,JP,JP,CHEM1,COKEO,298.03,0,0
3133,JP,JP,FABRI,SALEM,297.51,0,0
3996,JP,JP,INSUR,FOOD5,297.37,0,0
7606,JP,JP,WEARI,FINAN,297.15,0,0
2336,JP,JP,ELEC2,SALEM,297.1,0,0
6213,JP,JP,RAILW,PRINT,296.82,0,0
3562,JP,JP,FURNI,RECRE,296.6,0,0
3383,JP,JP,FOOD5,MEATC,295.88,0,0
3468,JP,JP,FOUND,TRANS,295.27,0,0
2262,JP,JP,ELEC2,EDUCA,294.54,0,0
3880,JP,JP,HEAVY,PRINT,293.99,0,0
6180,JP,JP,RAILW,LANDT,293.75,0,0
6209,JP,JP,RAILW,PLAST,293.61,0,0
3585,JP,JP,FURNI,WHOLE,293.26,0,0
2343,JP,JP,ELEC2,SUPPO,293.17,0,0
4245,JP,JP,KEROS,LIQUE,291.68,0,0
991,JP,JP,CHEM1,ELECT,291.62,0,0
6835,JP,JP,RUBBE,MEDIC,290.46,0,0
638,JP,JP,BITUM,GLASS,290.17,0,0
6612,JP,JP,RESEA,NONF1,289.67,0,0
136,JP,JP,AIRTR,BUSIN,289.54,0,0
3883,JP,JP,HEAVY,PULP5,289.03,0,0
980,JP,JP,CHEM1,DAIRY,288.89,0,0
4815,JP,JP,MEMBE,FURNI,288.64,0,0
1763,JP,JP,DISTR,RECRE,287.81,0,0
3075,JP,JP,FABRI,GLASS,285.0,0,0
124,JP,JP,AIRTR,93197,284.64,0,0
4286,JP,JP,LANDT,DAIRY,284.54,0,0
6744,JP,JP,RETA1,POSTT,284.16,0,0
1137,JP,JP,COKE1,DIST1,284.1,0,0
1057,JP,JP,CHEM1,STONE,281.4,0,0
2961,JP,JP,ELECT,COPP1,281.06,0,0
1861,JP,JP,EDUCA,RAILW,280.89,0,0
3845,JP,JP,HEAVY,KERO1,280.66,0,0
7211,JP,JP,SUPPO,KEROS,280.59,0,0
6162,JP,JP,RAILW,FABRI,280.09,0,0
6805,JP,JP,RUBBE,DAIRY,279.33,0,0
7686,JP,JP,WHEAT,FOOD5,278.9,0,0
5553,JP,JP,PAPER,OFFIC,278.81,0,0
6768,JP,JP,RETA1,SUPPO,278.19,0,0
2200,JP,JP,ELEC1,RAILW,278.18,0,0
5526,JP,JP,PAPER,FABRI,278.1,0,0
7244,JP,JP,SUPPO,PRINT,277.72,0,0
4075,JP,JP,INSUR,WEARI,276.84,0,0
6278,JP,JP,REALE,DIST1,276.82,0,0
7476,JP,JP,TRAN2,TRAN2,276.26,0,0
89,JP,JP,93197,POSTT,276.22,0,0
3757,JP,JP,GLASS,TRANS,275.65,0,0
3659,JP,JP,GASDI,PFERT,274.06,0,0
6640,JP,JP,RESEA,SALEM,273.54,0,0
4826,JP,JP,MEMBE,LANDT,273.51,0,0
1456,JP,JP,CONST,PRINT,273.34,0,0
3522,JP,JP,FURNI,INSUR,273.25,0,0
1347,JP,JP,COMPU,SEACO,273.1,0,0
6680,JP,JP,RETA1,CONST,272.92,0,0
3963,JP,JP,INSUR,BUSIN,272.89,0,0
6701,JP,JP,RETA1,FOOD5,272.52,0,0
1497,JP,JP,CROPS,CATTL,271.99,0,0
6819,JP,JP,RUBBE,HOTEL,271.63,0,0
3255,JP,JP,FINAN,RECRE,271.2,0,0
3356,JP,JP,FOOD5,93197,270.79,0,0
1605,JP,JP,DIST1,FABRI,269.76,0,0
1796,JP,JP,EDUCA,BUSIN,268.4,0,0
4337,JP,JP,LANDT,NONFE,267.61,0,0
1367,JP,JP,CONST,AUXIL,267.29,0,0
4731,JP,JP,MEDIC,ELECT,267.29,0,0
2992,JP,JP,ELECT,MEDIC,267.13,0,0
1346,JP,JP,COMPU,SANDC,266.52,0,0
2923,JP,JP,ELEC8,RESEA,266.14,0,0
6563,JP,JP,RESEA,DAIRY,265.79,0,0
2562,JP,JP,ELEC4,RESEA,265.24,0,0
5259,JP,JP,NONME,FABRI,264.09,0,0
1613,JP,JP,DIST1,GLASS,263.59,0,0
5860,JP,JP,POSTT,RUBBE,263.48,0,0
5908,JP,JP,PRINT,BASIC,263.22,0,0
172,JP,JP,AIRTR,HEALT,262.85,0,0
3860,JP,JP,HEAVY,NAPHT,262.2,0,0
5981,JP,JP,PRINT,NONME,260.52,0,0
6670,JP,JP,RETA1,BUSIN,259.23,0,0
5502,JP,JP,PAPER,93197,258.41,0,0
4042,JP,JP,INSUR,POSTT,258.33,0,0
1433,JP,JP,CONST,MOTO1,258.01,0,0
3609,JP,JP,GASDI,COPP1,256.77,0,0
801,JP,JP,BUSIN,NATUR,256.71,0,0
831,JP,JP,BUSIN,RETAI,256.53,0,0
1447,JP,JP,CONST,PAPER,256.09,0,0
1443,JP,JP,CONST,OFFIC,255.13,0,0
4363,JP,JP,LANDT,REALE,255.01,0,0
2997,JP,JP,ELECT,NONF1,254.9,0,0
6632,JP,JP,RESEA,RAILW,254.63,0,0
1360,JP,JP,COMPU,WEARI,253.79,0,0
2265,JP,JP,ELEC2,FABRI,252.94,0,0
803,JP,JP,BUSIN,NONF1,252.55,0,0
4862,JP,JP,MEMBE,PRINT,252.04,0,0
1574,JP,JP,DIST1,BEVER,251.64,0,0
4845,JP,JP,MEMBE,NONME,250.81,0,0
834,JP,JP,BUSIN,SEACO,250.53,0,0
3068,JP,JP,FABRI,FISH5,250.51,0,0
6809,JP,JP,RUBBE,FINAN,250.49,0,0
5746,JP,JP,PLAST,RADIO,250.06,0,0
5509,JP,JP,PAPER,BRICK,249.83,0,0
1353,JP,JP,COMPU,TEXTI,249.27,0,0
3086,JP,JP,FABRI,LEATH,249.09,0,0
1708,JP,JP,DISTR,FABRI,248.8,0,0
2151,JP,JP,ELEC1,HOTEL,247.99,0,0
4790,JP,JP,MEMBE,COMPU,247.68,0,0
2833,JP,JP,ELEC8,BASIC,247.54,0,0
2477,JP,JP,ELEC4,BASIC,246.7,0,0
3055,JP,JP,FABRI,EDUCA,246.68,0,0
392,JP,JP,AUXIL,OFFIC,246.47,0,0
5013,JP,JP,NAPHT,PFERT,246.27,0,0
743,JP,JP,BUSIN,CERAM,245.9,0,0
706,JP,JP,BLAST,SALEM,244.93,0,0
4292,JP,JP,LANDT,ELEC2,243.98,0,0
917,JP,JP,CERAM,HEALT,243.8,0,0
92,JP,JP,93197,PRINT,243.51,0,0
2169,JP,JP,ELEC1,MOTO1,243.01,0,0
6265,JP,JP,REALE,CERAM,242.66,0,0
1061,JP,JP,CHEM1,TOBAC,242.34,0,0
440,JP,JP,AUXIL,WHOLE,241.4,0,0
5388,JP,JP,OILSE,93197,241.38,0,0
5946,JP,JP,PRINT,FISH5,239.69,0,0
5098,JP,JP,NATUR,SALEM,239.24,0,0
3457,JP,JP,FOUND,MEMBE,239.14,0,0
4922,JP,JP,MOTOR,EDUCA,238.89,0,0
1592,JP,JP,DIST1,DIST1,238.85,0,0
2249,JP,JP,ELEC2,CHEM1,238.73,0,0
1080,JP,JP,CHEMI,FURNI,237.93,0,0
6228,JP,JP,RAILW,SALEM,237.85,0,0
1667,JP,JP,DIST1,TEXTI,236.99,0,0
6648,JP,JP,RESEA,TOBAC,236.84,0,0
5161,JP,JP,NONF1,BASIC,236.63,0,0
4006,JP,JP,INSUR,INSUR,236.31,0,0
4848,JP,JP,MEMBE,OFFIC,236.24,0,0
406,JP,JP,AUXIL,PRINT,235.78,0,0
6536,JP,JP,RESEA,ALUM1,235.4,0,0
1520,JP,JP,CROPS,RUBBE,234.83,0,0
1694,JP,JP,DISTR,CHEM1,234.83,0,0
6044,JP,JP,PULP5,FURNI,233.98,0,0
4002,JP,JP,INSUR,HEALT,233.7,0,0
6359,JP,JP,REALE,TRAN2,233.59,0,0
239,JP,JP,AIRTR,WHOLE,233.39,0,0
5179,JP,JP,NONF1,ELECT,233.25,0,0
2344,JP,JP,ELEC2,TEXTI,232.82,0,0
3357,JP,JP,FOOD5,ANIMA,232.24,0,0
3179,JP,JP,FINAN,DAIRY,232.01,0,0
3462,JP,JP,FOUND,RADIO,231.83,0,0
2209,JP,JP,ELEC1,RUBBE,231.29,0,0
6282,JP,JP,REALE,ELEC2,231.29,0,0
2244,JP,JP,ELEC2,CATTL,231.19,0,0
7483,JP,JP,TRANS,FISHF,230.73,0,0
2255,JP,JP,ELEC2,CONST,230.06,0,0
5300,JP,JP,NONME,RADIO,229.94,0,0
5871,JP,JP,POSTT,TRAN2,229.83,0,0
1774,JP,JP,DISTR,TEXTI,229.0,0,0
6709,JP,JP,RETA1,HOTEL,228.46,0,0
4461,JP,JP,LEATH,FURNI,228.43,0,0
1369,JP,JP,CONST,BEVER,228.28,0,0
6267,JP,JP,REALE,CHEM1,227.41,0,0
1699,JP,JP,DISTR,CONST,226.29,0,0
6210,JP,JP,RAILW,POSTT,226.19,0,0
4259,JP,JP,LANDT,ALUM1,226.13,0,0
4875,JP,JP,MEMBE,RUBBE,225.49,0,0
4891,JP,JP,MEMBE,WEARI,225.3,0,0
3180,JP,JP,FINAN,DIST1,225.24,0,0
2960,JP,JP,ELECT,COKEO,225.11,0,0
7588,JP,JP,WEARI,COMPU,224.55,0,0
4711,JP,JP,MEATP,HOTEL,223.65,0,0
645,JP,JP,BLAST,BASIC,223.02,0,0
4767,JP,JP,MEMBE,93197,221.94,0,0
3195,JP,JP,FINAN,FISH5,221.58,0,0
2981,JP,JP,ELECT,FOUND,221.44,0,0
2924,JP,JP,ELEC8,RETA1,221.25,0,0
967,JP,JP,CHEM1,CERAM,221.24,0,0
4373,JP,JP,LANDT,SEACO,220.96,0,0
2563,JP,JP,ELEC4,RETA1,220.49,0,0
904,JP,JP,CERAM,CERAM,220.07,0,0
7617,JP,JP,WEARI,HOTEL,219.73,0,0
268,JP,JP,ALUM1,NONF1,219.66,0,0
98,JP,JP,93197,RAILW,219.66,0,0
3622,JP,JP,GASDI,FURNI,219.13,0,0
1406,JP,JP,CONST,FISH5,219.06,0,0
466,JP,JP,BASIC,MEDIC,218.2,0,0
3039,JP,JP,FABRI,CERAM,217.99,0,0
4302,JP,JP,LANDT,FISH5,217.72,0,0
2149,JP,JP,ELEC1,HEALT,216.96,0,0
4110,JP,JP,KERO1,93197,216.69,0,0
5540,JP,JP,PAPER,LEATH,216.68,0,0
3575,JP,JP,FURNI,SUPPO,216.62,0,0
4068,JP,JP,INSUR,TEXTI,216.53,0,0
1485,JP,JP,COPP1,FOUND,216.05,0,0
1120,JP,JP,COKE1,BASIC,214.27,0,0
3761,JP,JP,GLASS,WOODW,214.2,0,0
2146,JP,JP,ELEC1,FURNI,213.87,0,0
222,JP,JP,AIRTR,RETA1,213.66,0,0
983,JP,JP,CHEM1,EDUCA,213.61,0,0
434,JP,JP,AUXIL,TRANS,212.92,0,0
3405,JP,JP,FOOD5,WOODW,212.78,0,0
611,JP,JP,BITU1,MOTOR,212.53,0,0
6785,JP,JP,RUBBE,BASIC,211.96,0,0
1413,JP,JP,CONST,GLASS,211.78,0,0
4062,JP,JP,INSUR,SEACO,210.46,0,0
1055,JP,JP,CHEM1,SANDC,209.46,0,0
3192,JP,JP,FINAN,ELECT,209.34,0,0
4808,JP,JP,MEMBE,FABRI,208.77,0,0
3951,JP,JP,INSUR,AIRTR,208.77,0,0
362,JP,JP,AUXIL,HEALT,208.29,0,0
3846,JP,JP,HEAVY,KEROS,207.52,0,0
4409,JP,JP,LEAD1,NONF1,206.55,0,0
418,JP,JP,AUXIL,RESEA,206.21,0,0
2210,JP,JP,ELEC1,SALEM,206.09,0,0
5758,JP,JP,POSTT,BASIC,205.04,0,0
7159,JP,JP,SUPPO,ALUM1,204.94,0,0
7350,JP,JP,TEXTI,RESEA,204.66,0,0
2136,JP,JP,ELEC1,EDUCA,204.32,0,0
5838,JP,JP,POSTT,PAPER,204.07,0,0
3680,JP,JP,GASDI,SALEM,203.81,0,0
2217,JP,JP,ELEC1,SUPPO,203.37,0,0
3191,JP,JP,FINAN,ELEC8,203.33,0,0
4876,JP,JP,MEMBE,SALEM,203.14,0,0
252,JP,JP,ALUM1,ELECT,203.13,0,0
6549,JP,JP,RESEA,BUSIN,202.67,0,0
3665,JP,JP,GASDI,PRIVA,202.55,0,0
4287,JP,JP,LANDT,DIST1,201.9,0,0
6715,JP,JP,RETA1,LANDT,201.89,0,0
6199,JP,JP,RAILW,NONME,201.66,0,0
226,JP,JP,AIRTR,SANDC,201.17,0,0
6590,JP,JP,RESEA,INSUR,200.69,0,0
1482,JP,JP,CONST,WOODW,200.61,0,0
5953,JP,JP,PRINT,GLASS,200.28,0,0
2263,JP,JP,ELEC2,ELEC2,199.51,0,0
7646,JP,JP,WEARI,PAPER,198.46,0,0
7256,JP,JP,SUPPO,RUBBE,198.3,0,0
6762,JP,JP,RETA1,SANDC,198.27,0,0
6560,JP,JP,RESEA,COPP1,197.97,0,0
4485,JP,JP,LEATH,POSTT,197.81,0,0
6115,JP,JP,RADIO,PRINT,197.75,0,0
146,JP,JP,AIRTR,CONST,197.14,0,0
3110,JP,JP,FABRI,PAPER,196.16,0,0
3684,JP,JP,GASDI,STONE,196.09,0,0
5162,JP,JP,NONF1,CEMEN,195.73,0,0
5047,JP,JP,NATUR,BASIC,195.47,0,0
1473,JP,JP,CONST,TEXTI,195.27,0,0
1086,JP,JP,CHEMI,NONME,193.64,0,0
6000,JP,JP,PRINT,RAILW,193.38,0,0
3697,JP,JP,GASDI,WHOLE,192.61,0,0
1050,JP,JP,CHEM1,RECRE,192.54,0,0
6918,JP,JP,SANDC,CEMEN,192.42,0,0
4710,JP,JP,MEATP,HEALT,192.29,0,0
3805,JP,JP,HEAVY,BASIC,192.02,0,0
2325,JP,JP,ELEC2,RADIO,191.61,0,0
100,JP,JP,93197,REALE,190.71,0,0
3615,JP,JP,GASDI,ELECT,190.55,0,0
4797,JP,JP,MEMBE,EDUCA,190.13,0,0
1758,JP,JP,DISTR,PRIVA,189.81,0,0
3512,JP,JP,FURNI,FOOD5,189.55,0,0
4701,JP,JP,MEATC,HEALT,189.28,0,0
1761,JP,JP,DISTR,RADIO,188.47,0,0
6628,JP,JP,RESEA,PRINT,188.19,0,0
767,JP,JP,BUSIN,ELEC8,188.1,0,0
6921,JP,JP,SANDC,CHEMI,186.89,0,0
3012,JP,JP,ELECT,STONE,186.88,0,0
6230,JP,JP,RAILW,SEACO,186.59,0,0
6146,JP,JP,RAILW,BUSIN,186.55,0,0
4320,JP,JP,LANDT,LEATH,186.5,0,0
7234,JP,JP,SUPPO,PAPER,186.47,0,0
3586,JP,JP,FURNI,WOODW,185.83,0,0
4773,JP,JP,MEMBE,BEVER,185.49,0,0
994,JP,JP,CHEM1,FISH5,185.41,0,0
794,JP,JP,BUSIN,MEATC,185.24,0,0
1478,JP,JP,CONST,VEGET,184.59,0,0
242,JP,JP,ALUM1,BASIC,184.49,0,0
2245,JP,JP,ELEC2,CEMEN,184.25,0,0
1524,JP,JP,CROPS,TOBAC,184.24,0,0
7622,JP,JP,WEARI,LANDT,183.08,0,0
6,JP,JP,93197,BASIC,182.49,0,0
1475,JP,JP,CONST,TRAN1,182.39,0,0
7204,JP,JP,SUPPO,GLASS,182.15,0,0
2230,JP,JP,ELEC2,93197,182.02,0,0
1179,JP,JP,COKE1,SALEM,181.51,0,0
1690,JP,JP,DISTR,CEMEN,181.23,0,0
1581,JP,JP,DIST1,CERAM,181.2,0,0
3833,JP,JP,HEAVY,FOOD5,181.13,0,0
3402,JP,JP,FOOD5,VEGE1,180.47,0,0
3221,JP,JP,FINAN,MEDIC,180.16,0,0
1284,JP,JP,COMPU,GLASS,179.87,0,0
342,JP,JP,AUXIL,EDUCA,179.59,0,0
4149,JP,JP,KERO1,ELEC8,179.52,0,0
1688,JP,JP,DISTR,BUSIN,179.38,0,0
283,JP,JP,ALUM1,TRANS,178.91,0,0
7838,JP,JP,WOODW,WHOLE,178.83,0,0
1437,JP,JP,CONST,NATUR,178.69,0,0
3627,JP,JP,GASDI,HOTEL,178.39,0,0
243,JP,JP,ALUM1,BEVER,178.38,0,0
3591,JP,JP,GASDI,BASIC,178.26,0,0
3690,JP,JP,GASDI,TRAN2,178.04,0,0
4401,JP,JP,LEAD1,FOUND,177.99,0,0
5850,JP,JP,POSTT,RADIO,177.69,0,0
5875,JP,JP,POSTT,WEARI,177.47,0,0
5020,JP,JP,NAPHT,TRANS,177.42,0,0
7224,JP,JP,SUPPO,MOTO1,176.89,0,0
3737,JP,JP,GLASS,OFFIC,176.49,0,0
42,JP,JP,93197,FINAN,175.95,0,0
1476,JP,JP,CONST,TRANS,175.66,0,0
2139,JP,JP,ELEC1,FABRI,175.46,0,0
437,JP,JP,AUXIL,WEARI,175.22,0,0
4064,JP,JP,INSUR,STONE,175.06,0,0
1281,JP,JP,COMPU,FOUND,175.06,0,0
7215,JP,JP,SUPPO,LIQUE,175.01,0,0
6595,JP,JP,RESEA,LEAD1,174.85,0,0
3052,JP,JP,FABRI,DAIRY,174.82,0,0
3698,JP,JP,GASDI,WOODW,174.57,0,0
6234,JP,JP,RAILW,SUPPO,174.32,0,0
5250,JP,JP,NONME,EDUCA,173.84,0,0
5538,JP,JP,PAPER,INSUR,173.75,0,0
6899,JP,JP,SALEM,HEALT,173.7,0,0
1709,JP,JP,DISTR,FINAN,173.34,0,0
1101,JP,JP,COALT,CONST,172.74,0,0
6550,JP,JP,RESEA,CEMEN,172.6,0,0
1088,JP,JP,CHEMI,PFERT,172.4,0,0
5583,JP,JP,PAPER,TOBAC,172.3,0,0
6575,JP,JP,RESEA,ELEC8,172.28,0,0
274,JP,JP,ALUM1,PRINT,171.53,0,0
3286,JP,JP,FISH5,FISHF,171.16,0,0
4306,JP,JP,LANDT,FOUND,171.0,0,0
5512,JP,JP,PAPER,CEMEN,170.73,0,0
1054,JP,JP,CHEM1,SALEM,170.57,0,0
3724,JP,JP,GLASS,HEALT,170.54,0,0
2306,JP,JP,ELEC2,OFFIC,170.36,0,0
7658,JP,JP,WEARI,RADIO,170.1,0,0
1403,JP,JP,CONST,ELECT,169.89,0,0
6140,JP,JP,RAILW,BASIC,169.79,0,0
1397,JP,JP,CONST,ELEC3,169.31,0,0
1002,JP,JP,CHEM1,HOTEL,169.3,0,0
6017,JP,JP,PRINT,TEXTI,169.16,0,0
1357,JP,JP,COMPU,TRANS,169.04,0,0
4305,JP,JP,LANDT,FORES,168.9,0,0
3801,JP,JP,HEAVY,ALUM1,168.48,0,0
1745,JP,JP,DISTR,OFFIC,167.57,0,0
2324,JP,JP,ELEC2,PULP5,167.28,0,0
6339,JP,JP,REALE,RAILW,167.21,0,0
1653,JP,JP,DIST1,RADIO,167.13,0,0
6362,JP,JP,REALE,WEARI,167.09,0,0
2246,JP,JP,ELEC2,CERAM,166.64,0,0
18,JP,JP,93197,CHEM1,166.59,0,0
3301,JP,JP,FISHF,FISHF,166.4,0,0
6159,JP,JP,RAILW,DAIRY,165.86,0,0
2125,JP,JP,ELEC1,CHEM1,165.61,0,0
4334,JP,JP,LANDT,NATUR,165.31,0,0
6150,JP,JP,RAILW,CHEM1,165.19,0,0
2354,JP,JP,ELEC2,WHOLE,164.58,0,0
1760,JP,JP,DISTR,PULP5,164.54,0,0
5799,JP,JP,POSTT,FOOD5,164.53,0,0
975,JP,JP,CHEM1,COMPU,164.49,0,0
5590,JP,JP,PAPER,WHOLE,164.29,0,0
4161,JP,JP,KERO1,HEALT,163.97,0,0
5525,JP,JP,PAPER,ELECT,162.69,0,0
364,JP,JP,AUXIL,HOTEL,162.04,0,0
4858,JP,JP,MEMBE,PLAST,161.82,0,0
2218,JP,JP,ELEC1,TEXTI,161.5,0,0
4572,JP,JP,LIQUE,MOTOR,161.18,0,0
7525,JP,JP,VEGET,93197,160.6,0,0
943,JP,JP,CEREA,FOOD5,160.57,0,0
1333,JP,JP,COMPU,PULP5,160.53,0,0
1378,JP,JP,CONST,CEMEN,160.12,0,0
5552,JP,JP,PAPER,NONME,160.05,0,0
3366,JP,JP,FOOD5,CHEM1,159.78,0,0
2130,JP,JP,ELEC1,CONST,159.59,0,0
1363,JP,JP,COMPU,WOODW,159.29,0,0
4391,JP,JP,LEAD1,BASIC,159.02,0,0
5887,JP,JP,POULT,HEALT,158.01,0,0
3558,JP,JP,FURNI,RADIO,157.43,0,0
5213,JP,JP,NONF1,TRANS,157.22,0,0
490,JP,JP,BEVER,93197,157.01,0,0
4357,JP,JP,LANDT,PROCE,156.86,0,0
3456,JP,JP,FOUND,MEDIC,156.63,0,0
370,JP,JP,AUXIL,LANDT,155.88,0,0
169,JP,JP,AIRTR,FURNI,155.48,0,0
3725,JP,JP,GLASS,HOTEL,155.33,0,0
7808,JP,JP,WOODW,PFERT,155.07,0,0
4133,JP,JP,KERO1,CONST,154.74,0,0
4021,JP,JP,INSUR,MOTO1,154.63,0,0
3606,JP,JP,GASDI,COKEO,154.09,0,0
5969,JP,JP,PRINT,MEATC,153.93,0,0
3551,JP,JP,FURNI,PLAST,153.37,0,0
4994,JP,JP,NAPHT,DIST1,152.96,0,0
3271,JP,JP,FINAN,TOBAC,152.78,0,0
2928,JP,JP,ELEC8,SANDC,152.69,0,0
6446,JP,JP,RECRE,PRINT,152.5,0,0
4873,JP,JP,MEMBE,RETA1,152.29,0,0
6594,JP,JP,RESEA,LANDT,152.2,0,0
2567,JP,JP,ELEC4,SANDC,152.17,0,0
797,JP,JP,BUSIN,MEMBE,151.98,0,0
1077,JP,JP,CHEMI,CHEM1,151.49,0,0
7231,JP,JP,SUPPO,OFFIC,151.06,0,0
3100,JP,JP,FABRI,NATUR,151.02,0,0
4309,JP,JP,LANDT,GLASS,150.26,0,0
4666,JP,JP,LUBRI,SEACO,149.96,0,0
3273,JP,JP,FINAN,TRAN2,149.47,0,0
3969,JP,JP,INSUR,CHEM1,148.86,0,0
4074,JP,JP,INSUR,VEGET,148.53,0,0
4703,JP,JP,MEATC,MEATC,148.12,0,0
70,JP,JP,93197,MOTO1,148.07,0,0
4495,JP,JP,LEATH,RESEA,147.89,0,0
1234,JP,JP,COMPU,ALUM1,147.08,0,0
3187,JP,JP,FINAN,ELEC4,146.72,0,0
1502,JP,JP,CROPS,FURNI,146.46,0,0
7199,JP,JP,SUPPO,FOOD5,146.36,0,0
6867,JP,JP,RUBBE,RECRE,145.82,0,0
2966,JP,JP,ELECT,DISTR,145.56,0,0
3775,JP,JP,HEALT,EDUCA,145.45,0,0
5293,JP,JP,NONME,PLAST,145.13,0,0
3554,JP,JP,FURNI,PRINT,144.64,0,0
4230,JP,JP,KERO1,VEGET,143.45,0,0
245,JP,JP,ALUM1,CERAM,143.19,0,0
931,JP,JP,CERAM,RETA1,143.09,0,0
3072,JP,JP,FABRI,FOUND,143.05,0,0
3616,JP,JP,GASDI,FABRI,142.95,0,0
2296,JP,JP,ELEC2,MOTOR,142.84,0,0
6844,JP,JP,RUBBE,NONME,142.72,0,0
3567,JP,JP,FURNI,RUBBE,141.79,0,0
3895,JP,JP,HEAVY,SANDC,141.77,0,0
4140,JP,JP,KERO1,EDUCA,141.76,0,0
1248,JP,JP,COMPU,CERAM,141.75,0,0
5061,JP,JP,NATUR,DIST1,141.73,0,0
5739,JP,JP,PLAST,OFFIC,141.52,0,0
4894,JP,JP,MEMBE,WOODW,141.2,0,0
4219,JP,JP,KERO1,SANDC,140.96,0,0
1100,JP,JP,COALT,COKEO,140.57,0,0
1490,JP,JP,COPP1,NONF1,140.53,0,0
1735,JP,JP,DISTR,MOTOR,140.5,0,0
4283,JP,JP,LANDT,COPP1,140.33,0,0
3251,JP,JP,FINAN,PULP5,139.58,0,0
3076,JP,JP,FABRI,HEALT,139.57,0,0
3810,JP,JP,HEAVY,BRICK,139.15,0,0
2955,JP,JP,ELECT,CERAM,139.05,0,0
7766,JP,JP,WOODW,CERAM,138.55,0,0
1263,JP,JP,COMPU,DISTR,137.65,0,0
3734,JP,JP,GLASS,MEDIC,137.62,0,0
4034,JP,JP,INSUR,PADDY,137.58,0,0
4299,JP,JP,LANDT,ELECT,137.4,0,0
2351,JP,JP,ELEC2,WEARI,137.35,0,0
3484,JP,JP,FURNI,CERAM,137.27,0,0
5988,JP,JP,PRINT,PFERT,137.14,0,0
5788,JP,JP,POSTT,ELEC2,137.11,0,0
4399,JP,JP,LEAD1,ELECT,137.03,0,0
5964,JP,JP,PRINT,LEATH,136.25,0,0
6935,JP,JP,SANDC,PAPER,135.75,0,0
763,JP,JP,BUSIN,ELEC4,135.72,0,0
2901,JP,JP,ELEC8,PAPER,135.61,0,0
6251,JP,JP,REALE,AIRTR,135.61,0,0
6011,JP,JP,PRINT,SEACO,135.43,0,0
6241,JP,JP,RAILW,WEARI,135.35,0,0
5801,JP,JP,POSTT,FOUND,135.27,0,0
2540,JP,JP,ELEC4,PAPER,135.15,0,0
1781,JP,JP,DISTR,WEARI,135.1,0,0
6482,JP,JP,REFI1,HEAVY,134.55,0,0
3671,JP,JP,GASDI,RAWMI,134.32,0,0
3614,JP,JP,GASDI,ELEC6,134.29,0,0
5239,JP,JP,NONME,CHEM1,134.24,0,0
4680,JP,JP,MEAT1,MEAT1,134.06,0,0
4885,JP,JP,MEMBE,TOBAC,133.1,0,0
2199,JP,JP,ELEC1,RADIO,132.92,0,0
6646,JP,JP,RESEA,SUPPO,132.71,0,0
6662,JP,JP,RETA1,AUXIL,132.49,0,0
6866,JP,JP,RUBBE,REALE,132.12,0,0
2193,JP,JP,ELEC1,PRECI,132.03,0,0
5242,JP,JP,NONME,COKEO,131.87,0,0
3229,JP,JP,FINAN,NONF1,131.62,0,0
1410,JP,JP,CONST,FOUND,131.47,0,0
5937,JP,JP,PRINT,ELEC2,131.08,0,0
6751,JP,JP,RETA1,RADIO,131.04,0,0
3165,JP,JP,FINAN,CEMEN,130.99,0,0
1102,JP,JP,COALT,ELEC1,130.98,0,0
601,JP,JP,BITU1,GASDI,130.87,0,0
4035,JP,JP,INSUR,PAPER,130.58,0,0
6221,JP,JP,RAILW,RECRE,130.57,0,0
7642,JP,JP,WEARI,OFFIC,130.5,0,0
6610,JP,JP,RESEA,NATUR,130.44,0,0
7661,JP,JP,WEARI,RECRE,130.26,0,0
2448,JP,JP,ELEC3,RESEA,129.86,0,0
3850,JP,JP,HEAVY,LIQUE,129.81,0,0
6747,JP,JP,RETA1,PRINT,129.64,0,0
1379,JP,JP,CONST,CERAM,129.32,0,0
1786,JP,JP,EDUCA,93197,129.2,0,0
4678,JP,JP,MEAT1,HEALT,129.17,0,0
1258,JP,JP,COMPU,COPP1,129.1,0,0
7254,JP,JP,SUPPO,RETA1,129.0,0,0
1060,JP,JP,CHEM1,SUPPO,128.76,0,0
6679,JP,JP,RETA1,COMPU,128.09,0,0
819,JP,JP,BUSIN,PREC1,128.07,0,0
843,JP,JP,BUSIN,TRAN2,128.02,0,0
5868,JP,JP,POSTT,TEXTI,127.96,0,0
2121,JP,JP,ELEC1,CEMEN,127.81,0,0
1386,JP,JP,CONST,COKEO,127.79,0,0
4870,JP,JP,MEMBE,RECRE,127.75,0,0
7779,JP,JP,WOODW,FABRI,127.55,0,0
3656,JP,JP,GASDI,PAPER,127.4,0,0
6232,JP,JP,RAILW,STONE,127.3,0,0
3135,JP,JP,FABRI,SEACO,127.11,0,0
484,JP,JP,BASIC,SUPPO,126.96,0,0
6356,JP,JP,REALE,TEXTI,126.93,0,0
6346,JP,JP,REALE,RETAI,126.72,0,0
429,JP,JP,AUXIL,SUPPO,126.6,0,0
742,JP,JP,BUSIN,CEMEN,126.45,0,0
2108,JP,JP,ELEC1,93197,126.43,0,0
430,JP,JP,AUXIL,TEXTI,126.39,0,0
5290,JP,JP,NONME,PAPER,126.03,0,0
1860,JP,JP,EDUCA,RADIO,125.89,0,0
6607,JP,JP,RESEA,MOTOR,125.52,0,0
5734,JP,JP,PLAST,LEATH,125.09,0,0
125,JP,JP,AIRTR,AIRTR,124.6,0,0
1095,JP,JP,COALT,BASIC,124.54,0,0
1720,JP,JP,DISTR,INSUR,124.43,0,0
6571,JP,JP,RESEA,ELEC4,124.31,0,0
7482,JP,JP,TRANS,ELECT,123.89,0,0
2237,JP,JP,ELEC2,BEVER,123.88,0,0
1446,JP,JP,CONST,PADDY,123.84,0,0
1469,JP,JP,CONST,STONE,123.43,0,0
6255,JP,JP,REALE,BEVER,123.26,0,0
2318,JP,JP,ELEC2,POULT,123.25,0,0
3644,JP,JP,GASDI,MOTO1,122.26,0,0
583,JP,JP,BITU1,COKEO,122.12,0,0
1682,JP,JP,DISTR,BEVER,121.85,0,0
162,JP,JP,AIRTR,FABRI,121.54,0,0
1499,JP,JP,CROPS,CROPS,121.5,0,0
7624,JP,JP,WEARI,LEATH,121.42,0,0
951,JP,JP,CHEM1,ALUM1,121.2,0,0
6235,JP,JP,RAILW,TEXTI,121.13,0,0
2362,JP,JP,ELEC3,BASIC,120.78,0,0
7659,JP,JP,WEARI,RAILW,120.52,0,0
5021,JP,JP,NAPHT,WEARI,120.49,0,0
1375,JP,JP,CONST,BRICK,119.47,0,0
6517,JP,JP,REFIN,MOTOR,119.44,0,0
5232,JP,JP,NONME,BRICK,119.36,0,0
2137,JP,JP,ELEC1,ELEC1,119.06,0,0
5549,JP,JP,PAPER,MOTO1,118.93,0,0
7605,JP,JP,WEARI,FABRI,118.75,0,0
1646,JP,JP,DIST1,POSTT,118.39,0,0
6874,JP,JP,RUBBE,SEACO,118.18,0,0
2180,JP,JP,ELEC1,OFFIC,118.17,0,0
1643,JP,JP,DIST1,PFERT,118.0,0,0
3241,JP,JP,FINAN,PFERT,117.9,0,0
4828,JP,JP,MEMBE,LEATH,117.85,0,0
5859,JP,JP,POSTT,RETAI,117.34,0,0
5919,JP,JP,PRINT,CERAM,117.09,0,0
4665,JP,JP,LUBRI,SALEM,117.04,0,0
7356,JP,JP,TEXTI,SEACO,116.5,0,0
2198,JP,JP,ELEC1,PULP5,116.04,0,0
4944,JP,JP,MOTOR,MOTO1,116.01,0,0
5832,JP,JP,POSTT,NONME,115.89,0,0
5828,JP,JP,POSTT,NATUR,115.8,0,0
4127,JP,JP,KERO1,CHEM1,115.65,0,0
1789,JP,JP,EDUCA,BASIC,115.29,0,0
5794,JP,JP,POSTT,ELECT,115.25,0,0
4215,JP,JP,KERO1,RETA1,115.16,0,0
2845,JP,JP,ELEC8,CHEMI,114.9,0,0
3260,JP,JP,FINAN,RETAI,114.81,0,0
2228,JP,JP,ELEC1,WHOLE,114.17,0,0
6483,JP,JP,REFI1,KERO1,114.05,0,0
6204,JP,JP,RAILW,PAPER,113.51,0,0
4329,JP,JP,LANDT,MEMBE,113.35,0,0
7669,JP,JP,WEARI,STONE,112.91,0,0
7787,JP,JP,WOODW,GLASS,112.86,0,0
1009,JP,JP,CHEM1,LEATH,112.75,0,0
201,JP,JP,AIRTR,OFFIC,112.5,0,0
2303,JP,JP,ELEC2,NONME,112.38,0,0
2970,JP,JP,ELECT,ELEC3,112.33,0,0
739,JP,JP,BUSIN,BRICK,111.46,0,0
2964,JP,JP,ELECT,DAIRY,111.27,0,0
3445,JP,JP,FOUND,CONST,111.02,0,0
176,JP,JP,AIRTR,INSUR,110.72,0,0
1742,JP,JP,DISTR,NONME,110.54,0,0
5729,JP,JP,PLAST,ELECT,110.5,0,0
4079,JP,JP,INSUR,WOODW,110.47,0,0
4155,JP,JP,KERO1,FOOD5,110.04,0,0
7668,JP,JP,WEARI,SEACO,109.75,0,0
5461,JP,JP,PADDY,CATTL,109.44,0,0
421,JP,JP,AUXIL,RUBBE,109.34,0,0
1252,JP,JP,COMPU,CHEMI,109.24,0,0
5943,JP,JP,PRINT,ELECT,108.41,0,0
747,JP,JP,BUSIN,CHEMI,108.36,0,0
7834,JP,JP,WOODW,TRANS,108.16,0,0
4151,JP,JP,KERO1,FABRI,108.16,0,0
237,JP,JP,AIRTR,WEARI,108.04,0,0
3517,JP,JP,FURNI,GLASS,108.0,0,0
2449,JP,JP,ELEC3,RETA1,107.95,0,0
6697,JP,JP,RETA1,FABRI,107.55,0,0
7650,JP,JP,WEARI,PLAST,107.42,0,0
752,JP,JP,BUSIN,COPP1,107.28,0,0
6120,JP,JP,RADIO,RECRE,107.2,0,0
6319,JP,JP,REALE,NATUR,107.19,0,0
2317,JP,JP,ELEC2,POSTT,107.0,0,0
3716,JP,JP,GLASS,ELECT,106.72,0,0
1389,JP,JP,CONST,COPP1,106.63,0,0
6030,JP,JP,PROCE,93197,106.62,0,0
6488,JP,JP,REFI1,NAPHT,106.55,0,0
6279,JP,JP,REALE,DISTR,106.39,0,0
7764,JP,JP,WOODW,CATTL,106.31,0,0
105,JP,JP,93197,RETA1,106.25,0,0
1396,JP,JP,CONST,ELE12,106.22,0,0
6752,JP,JP,RETA1,RAILW,106.13,0,0
6191,JP,JP,RAILW,MOTO1,106.1,0,0
84,JP,JP,93197,PAPER,106.02,0,0
6021,JP,JP,PRINT,TRANS,105.75,0,0
2786,JP,JP,ELEC6,RESEA,105.69,0,0
140,JP,JP,AIRTR,CHEM1,105.22,0,0
3019,JP,JP,ELECT,VEGET,105.16,0,0
5091,JP,JP,NATUR,PFERT,104.96,0,0
5539,JP,JP,PAPER,LANDT,104.87,0,0
4115,JP,JP,KERO1,BASIC,104.68,0,0
2863,JP,JP,ELEC8,FOOD5,104.34,0,0
5346,JP,JP,NONSP,MOTOR,104.24,0,0
4768,JP,JP,MEMBE,AIRTR,104.14,0,0
4258,JP,JP,LANDT,AIRTR,104.0,0,0
2503,JP,JP,ELEC4,FOOD5,103.98,0,0
4878,JP,JP,MEMBE,SEACO,103.91,0,0
1335,JP,JP,COMPU,RAILW,103.76,0,0
80,JP,JP,93197,OFFIC,103.62,0,0
107,JP,JP,93197,RUBBE,103.43,0,0
4957,JP,JP,MOTOR,POSTT,103.21,0,0
4864,JP,JP,MEMBE,PUBLI,103.01,0,0
859,JP,JP,CATTL,PFERT,102.87,0,0
5471,JP,JP,PADDY,PFERT,102.83,0,0
1549,JP,JP,DAIRY,CHEM1,102.81,0,0
6458,JP,JP,RECRE,RETA1,102.51,0,0
307,JP,JP,ANIMA,TEXTI,102.38,0,0
3907,JP,JP,HEAVY,VEGET,102.36,0,0
388,JP,JP,AUXIL,NONF1,102.13,0,0
5783,JP,JP,POSTT,DIST1,102.1,0,0
1519,JP,JP,CROPS,RETA1,102.1,0,0
3544,JP,JP,FURNI,NONME,102.08,0,0
3144,JP,JP,FABRI,VEGE1,101.89,0,0
5566,JP,JP,PAPER,PUBLI,101.88,0,0
1015,JP,JP,CHEM1,MEATC,101.79,0,0
7524,JP,JP,VEGE1,VEGE1,101.63,0,0
316,JP,JP,AUXIL,BEVER,101.55,0,0
2995,JP,JP,ELECT,NATUR,101.3,0,0
5754,JP,JP,POSTT,AIRTR,101.12,0,0
3688,JP,JP,GASDI,TEXTI,101.11,0,0
2355,JP,JP,ELEC2,WOODW,101.03,0,0
3294,JP,JP,FISH5,PFERT,100.9,0,0
7496,JP,JP,VEGE1,CHEM1,100.76,0,0
3084,JP,JP,FABRI,LANDT,100.63,0,0
7164,JP,JP,SUPPO,BEVER,100.6,0,0
7641,JP,JP,WEARI,NONME,100.56,0,0
7298,JP,JP,TEXTI,93197,100.34,0,0
7571,JP,JP,WEARI,BASIC,100.32,0,0
1770,JP,JP,DISTR,STONE,100.16,0,0
750,JP,JP,BUSIN,COKEO,100.15,0,0
4303,JP,JP,LANDT,FISHF,100.09,0,0
1867,JP,JP,EDUCA,RETA1,100.05,0,0
1513,JP,JP,CROPS,POULT,99.99,0,0
4163,JP,JP,KERO1,HOTEL,99.94,0,0
2328,JP,JP,ELEC2,REALE,99.74,0,0
3964,JP,JP,INSUR,CATTL,99.55,0,0
3974,JP,JP,INSUR,COMPU,99.43,0,0
247,JP,JP,ALUM1,CHEM1,99.38,0,0
1784,JP,JP,DISTR,WOODW,99.38,0,0
7343,JP,JP,TEXTI,PUBLI,99.27,0,0
4553,JP,JP,LIQUE,GASDI,99.25,0,0
6154,JP,JP,RAILW,COMPU,99.19,0,0
7174,JP,JP,SUPPO,CHEM1,99.11,0,0
2170,JP,JP,ELEC1,MOTOR,99.08,0,0
4051,JP,JP,INSUR,RAWMI,98.77,0,0
1610,JP,JP,DIST1,FOUND,98.64,0,0
411,JP,JP,AUXIL,RADIO,98.42,0,0
2696,JP,JP,ELEC6,BASIC,98.3,0,0
2327,JP,JP,ELEC2,RAWMI,97.98,0,0
1504,JP,JP,CROPS,HOTEL,97.91,0,0
5628,JP,JP,PFERT,CROPS,97.85,0,0
3588,JP,JP,GASDI,ALUM1,97.81,0,0
3247,JP,JP,FINAN,PREC1,97.57,0,0
2320,JP,JP,ELEC2,PRINT,97.57,0,0
1302,JP,JP,COMPU,MEDIC,97.56,0,0
4031,JP,JP,INSUR,OFFIC,97.42,0,0
1020,JP,JP,CHEM1,MOTOR,97.23,0,0
249,JP,JP,ALUM1,CONST,97.2,0,0
499,JP,JP,BEVER,FOOD5,97.05,0,0
3607,JP,JP,GASDI,COMPU,97.05,0,0
5181,JP,JP,NONF1,FOUND,97.0,0,0
78,JP,JP,93197,NONME,96.98,0,0
6813,JP,JP,RUBBE,FORES,96.83,0,0
3213,JP,JP,FINAN,LEATH,96.64,0,0
3572,JP,JP,FURNI,STONE,96.46,0,0
7633,JP,JP,WEARI,MOTO1,96.43,0,0
6898,JP,JP,SALEM,EDUCA,96.21,0,0
4817,JP,JP,MEMBE,GLASS,96.16,0,0
3672,JP,JP,GASDI,REALE,95.99,0,0
1757,JP,JP,DISTR,PRINT,95.97,0,0
6025,JP,JP,PRINT,WOODW,95.65,0,0
3370,JP,JP,FOOD5,EDUCA,95.52,0,0
7614,JP,JP,WEARI,GLASS,95.49,0,0
3475,JP,JP,FURNI,BASIC,95.38,0,0
2225,JP,JP,ELEC1,WEARI,95.28,0,0
2914,JP,JP,ELEC8,PUBLI,95.04,0,0
1756,JP,JP,DISTR,PRECI,94.94,0,0
2906,JP,JP,ELEC8,PLAST,94.91,0,0
3604,JP,JP,GASDI,CHEMI,94.82,0,0
2553,JP,JP,ELEC4,PUBLI,94.72,0,0
3549,JP,JP,FURNI,PAPER,94.69,0,0
2545,JP,JP,ELEC4,PLAST,94.58,0,0
6776,JP,JP,RETA1,WEARI,94.57,0,0
1671,JP,JP,DIST1,TRANS,94.08,0,0
814,JP,JP,BUSIN,PFERT,93.91,0,0
215,JP,JP,AIRTR,RADIO,93.76,0,0
3474,JP,JP,FURNI,AUXIL,93.76,0,0
208,JP,JP,AIRTR,PLAST,93.72,0,0
7017,JP,JP,SEACO,RESEA,93.42,0,0
1359,JP,JP,COMPU,VEGET,93.16,0,0
1621,JP,JP,DIST1,LANDT,93.14,0,0
3982,JP,JP,INSUR,EDUCA,93.0,0,0
3476,JP,JP,FURNI,BEVER,92.79,0,0
6735,JP,JP,RETA1,OFFIC,92.79,0,0
5262,JP,JP,NONME,FOOD5,92.64,0,0
762,JP,JP,BUSIN,ELEC3,92.44,0,0
6743,JP,JP,RETA1,PLAST,92.36,0,0
5749,JP,JP,PLAST,TEXTI,92.35,0,0
2348,JP,JP,ELEC2,TRANS,92.33,0,0
4336,JP,JP,LANDT,NONF1,92.08,0,0
7345,JP,JP,TEXTI,RADIO,91.74,0,0
3956,JP,JP,INSUR,BEVER,91.43,0,0
1778,JP,JP,DISTR,TRANS,90.82,0,0
3580,JP,JP,FURNI,TRANS,90.7,0,0
3125,JP,JP,FABRI,REALE,90.6,0,0
7131,JP,JP,STONE,STONE,90.6,0,0
6784,JP,JP,RUBBE,AUXIL,90.59,0,0
110,JP,JP,93197,SEACO,90.55,0,0
5950,JP,JP,PRINT,FOUND,90.41,0,0
3453,JP,JP,FOUND,HOTEL,90.4,0,0
1843,JP,JP,EDUCA,MOTO1,90.18,0,0
6916,JP,JP,SANDC,BASIC,89.72,0,0
5744,JP,JP,PLAST,PRINT,89.65,0,0
2957,JP,JP,ELECT,CHEMI,89.57,0,0
7366,JP,JP,TEXTI,WHOLE,89.21,0,0
390,JP,JP,AUXIL,NONME,89.1,0,0
1882,JP,JP,EDUCA,WHOLE,88.81,0,0
1310,JP,JP,COMPU,NONF1,88.76,0,0
4180,JP,JP,KERO1,MOTOR,88.75,0,0
6013,JP,JP,PRINT,STONE,88.7,0,0
4395,JP,JP,LEAD1,CHEM1,88.61,0,0
6852,JP,JP,RUBBE,PFERT,88.25,0,0
3272,JP,JP,FINAN,TRAN1,88.16,0,0
4053,JP,JP,INSUR,RECRE,87.99,0,0
2273,JP,JP,ELEC2,GASDI,87.96,0,0
2787,JP,JP,ELEC6,RETA1,87.86,0,0
1500,JP,JP,CROPS,EDUCA,87.39,0,0
1820,JP,JP,EDUCA,FABRI,87.34,0,0
3597,JP,JP,GASDI,BUSIN,87.3,0,0
1343,JP,JP,COMPU,RETAI,87.2,0,0
5167,JP,JP,NONF1,CONST,87.19,0,0
3717,JP,JP,GLASS,FABRI,87.14,0,0
6793,JP,JP,RUBBE,CEMEN,86.95,0,0
3970,JP,JP,INSUR,CHEMI,86.68,0,0
1716,JP,JP,DISTR,GASDI,86.52,0,0
1439,JP,JP,CONST,NONF1,86.44,0,0
225,JP,JP,AIRTR,SALEM,86.34,0,0
4786,JP,JP,MEMBE,CHEMI,86.32,0,0
1681,JP,JP,DISTR,BASIC,86.19,0,0
7321,JP,JP,TEXTI,HOTEL,86.11,0,0
2115,JP,JP,ELEC1,BEVER,85.93,0,0
1038,JP,JP,CHEM1,PIGS9,85.81,0,0
7126,JP,JP,STONE,PAPER,85.38,0,0
3025,JP,JP,FABRI,ALUM1,85.27,0,0
3993,JP,JP,INSUR,FINAN,85.24,0,0
2299,JP,JP,ELEC2,NATUR,85.19,0,0
269,JP,JP,ALUM1,NONME,85.18,0,0
300,JP,JP,ANIMA,PFERT,85.14,0,0
6364,JP,JP,REALE,WOODW,85.12,0,0
6663,JP,JP,RETA1,BASIC,85.03,0,0
3199,JP,JP,FINAN,FOUND,84.93,0,0
6352,JP,JP,REALE,STONE,84.7,0,0
7651,JP,JP,WEARI,POSTT,84.69,0,0
5331,JP,JP,NONSP,COKEO,84.55,0,0
4422,JP,JP,LEATH,93197,84.49,0,0
3001,JP,JP,ELECT,PADDY,84.48,0,0
6484,JP,JP,REFI1,KEROS,84.33,0,0
7807,JP,JP,WOODW,PAPER,84.04,0,0
7672,JP,JP,WEARI,SUPPO,83.95,0,0
1738,JP,JP,DISTR,NATUR,83.79,0,0
3178,JP,JP,FINAN,CRUDE,83.01,0,0
2254,JP,JP,ELEC2,COMPU,82.9,0,0
4383,JP,JP,LANDT,TRANS,82.89,0,0
3372,JP,JP,FOOD5,FISHF,82.54,0,0
7595,JP,JP,WEARI,EDUCA,82.52,0,0
4837,JP,JP,MEMBE,MOTO1,82.5,0,0
2487,JP,JP,ELEC4,CHEMI,82.46,0,0
498,JP,JP,BEVER,FISHF,82.34,0,0
3170,JP,JP,FINAN,CHEMI,82.06,0,0
1261,JP,JP,COMPU,DAIRY,81.85,0,0
5199,JP,JP,NONF1,NONME,81.81,0,0
6198,JP,JP,RAILW,NONFE,81.6,0,0
2975,JP,JP,ELECT,ELEC8,81.58,0,0
842,JP,JP,BUSIN,TRAN1,81.55,0,0
4272,JP,JP,LANDT,CEMEN,81.54,0,0
7681,JP,JP,WEARI,WOODW,81.35,0,0
3914,JP,JP,INLAN,CHEMI,81.17,0,0
489,JP,JP,BASIC,WOODW,81.07,0,0
4253,JP,JP,KEROS,REFI1,81.01,0,0
1582,JP,JP,DIST1,CHEM1,80.97,0,0
4271,JP,JP,LANDT,CATTL,80.88,0,0
3002,JP,JP,ELECT,PFERT,80.86,0,0
662,JP,JP,BLAST,FABRI,80.76,0,0
6883,JP,JP,RUBBE,VEGE1,80.58,0,0
1822,JP,JP,EDUCA,FOOD5,80.54,0,0
2283,JP,JP,ELEC2,LANDT,80.18,0,0
4888,JP,JP,MEMBE,TRANS,80.05,0,0
7250,JP,JP,SUPPO,RECRE,80.02,0,0
4348,JP,JP,LANDT,PFERT,79.99,0,0
798,JP,JP,BUSIN,MOTOR,79.96,0,0
3876,JP,JP,HEAVY,PLAST,79.94,0,0
2284,JP,JP,ELEC2,LEAD1,79.64,0,0
1655,JP,JP,DIST1,REALE,79.56,0,0
5286,JP,JP,NONME,OFFIC,79.42,0,0
191,JP,JP,AIRTR,MOTO1,79.4,0,0
2954,JP,JP,ELECT,CEMEN,79.15,0,0
1511,JP,JP,CROPS,PFERT,79.15,0,0
4246,JP,JP,KEROS,LUBRI,78.92,0,0
1026,JP,JP,CHEM1,NONFE,78.91,0,0
308,JP,JP,ANIMA,WEARI,78.8,0,0
5615,JP,JP,PFERT,BASIC,78.79,0,0
981,JP,JP,CHEM1,DIST1,78.55,0,0
6190,JP,JP,RAILW,MEMBE,78.55,0,0
1724,JP,JP,DISTR,LEAD1,78.34,0,0
7572,JP,JP,WEARI,BEVER,78.26,0,0
6833,JP,JP,RUBBE,MEATC,78.21,0,0
4353,JP,JP,LANDT,POULT,78.18,0,0
2177,JP,JP,ELEC1,NONME,77.95,0,0
6739,JP,JP,RETA1,PAPER,77.65,0,0
3514,JP,JP,FURNI,FOUND,77.58,0,0
3119,JP,JP,FABRI,PRINT,77.53,0,0
2232,JP,JP,ELEC2,ALUM1,77.5,0,0
2977,JP,JP,ELECT,FISH5,77.49,0,0
2267,JP,JP,ELEC2,FISH5,77.47,0,0
4943,JP,JP,MOTOR,MEMBE,77.46,0,0
4759,JP,JP,MEDIC,STONE,77.35,0,0
6585,JP,JP,RESEA,GASDI,77.3,0,0
6755,JP,JP,RETA1,RECRE,77.16,0,0
1273,JP,JP,COMPU,ELEC8,77.15,0,0
7822,JP,JP,WOODW,RETA1,77.06,0,0
6875,JP,JP,RUBBE,STONE,77.04,0,0
2917,JP,JP,ELEC8,RAILW,76.93,0,0
3673,JP,JP,GASDI,RECRE,76.91,0,0
2260,JP,JP,ELEC2,DIST1,76.76,0,0
2556,JP,JP,ELEC4,RAILW,76.67,0,0
6613,JP,JP,RESEA,NONFE,76.49,0,0
4269,JP,JP,LANDT,BRICK,76.46,0,0
1677,JP,JP,DISTR,ALUM1,76.23,0,0
1710,JP,JP,DISTR,FISH5,76.2,0,0
4072,JP,JP,INSUR,TRANS,75.94,0,0
5864,JP,JP,POSTT,STONE,75.47,0,0
7168,JP,JP,SUPPO,BUSIN,75.4,0,0
4884,JP,JP,MEMBE,TEXTI,75.31,0,0
2256,JP,JP,ELEC2,COPP1,75.0,0,0
7678,JP,JP,WEARI,VEGET,74.91,0,0
4880,JP,JP,MEMBE,STONE,74.71,0,0
6649,JP,JP,RESEA,TRAN1,74.69,0,0
3129,JP,JP,FABRI,RESEA,74.52,0,0
2453,JP,JP,ELEC3,SANDC,74.5,0,0
2190,JP,JP,ELEC1,POSTT,74.22,0,0
6814,JP,JP,RUBBE,FOUND,74.14,0,0
4004,JP,JP,INSUR,HOTEL,73.86,0,0
1700,JP,JP,DISTR,COPP1,73.77,0,0
6511,JP,JP,REFIN,GASDI,73.55,0,0
6811,JP,JP,RUBBE,FISHF,73.47,0,0
3950,JP,JP,INSUR,93197,73.31,0,0
7499,JP,JP,VEGE1,FISH5,73.22,0,0
4045,JP,JP,INSUR,PRINT,73.11,0,0
2329,JP,JP,ELEC2,RECRE,72.82,0,0
128,JP,JP,AIRTR,BASIC,72.8,0,0
6602,JP,JP,RESEA,MEATC,72.77,0,0
1829,JP,JP,EDUCA,HOTEL,72.66,0,0
2998,JP,JP,ELECT,NONFE,72.6,0,0
2340,JP,JP,ELEC2,STONE,72.59,0,0
5163,JP,JP,NONF1,CERAM,72.48,0,0
1018,JP,JP,CHEM1,MEMBE,72.37,0,0
7195,JP,JP,SUPPO,FABRI,72.32,0,0
5258,JP,JP,NONME,ELECT,71.92,0,0
7619,JP,JP,WEARI,INSUR,71.77,0,0
3736,JP,JP,GLASS,NONME,71.74,0,0
3526,JP,JP,FURNI,LANDT,71.69,0,0
4810,JP,JP,MEMBE,FISH5,71.67,0,0
1349,JP,JP,COMPU,STONE,71.46,0,0
3046,JP,JP,FABRI,COKEO,71.42,0,0
6917,JP,JP,SANDC,BRICK,71.17,0,0
6836,JP,JP,RUBBE,MEMBE,71.17,0,0
1043,JP,JP,CHEM1,PRIVA,70.79,0,0
2214,JP,JP,ELEC1,STONE,70.64,0,0
441,JP,JP,AUXIL,WOODW,70.61,0,0
6570,JP,JP,RESEA,ELEC3,70.55,0,0
4814,JP,JP,MEMBE,FOUND,70.38,0,0
4785,JP,JP,MEMBE,CHEM1,70.17,0,0
2229,JP,JP,ELEC1,WOODW,70.08,0,0
4585,JP,JP,LIQUE,PLAST,69.84,0,0
3836,JP,JP,HEAVY,FURNI,69.54,0,0
97,JP,JP,93197,RADIO,69.34,0,0
1618,JP,JP,DIST1,INSUR,69.29,0,0
2202,JP,JP,ELEC1,REALE,69.18,0,0
224,JP,JP,AIRTR,RUBBE,69.04,0,0
231,JP,JP,AIRTR,TEXTI,68.86,0,0
2871,JP,JP,ELEC8,HOTEL,68.59,0,0
467,JP,JP,BASIC,MEMBE,68.52,0,0
2511,JP,JP,ELEC4,HOTEL,68.35,0,0
3561,JP,JP,FURNI,REALE,68.22,0,0
5037,JP,JP,NATU1,MOTOR,68.05,0,0
1804,JP,JP,EDUCA,CONST,67.73,0,0
2194,JP,JP,ELEC1,PRINT,67.68,0,0
845,JP,JP,BUSIN,VEGE1,67.58,0,0
5141,JP,JP,NFERT,PADDY,67.56,0,0
7436,JP,JP,TRAN1,STONE,67.44,0,0
5472,JP,JP,PADDY,PIGS9,67.42,0,0
3485,JP,JP,FURNI,CHEM1,67.41,0,0
2322,JP,JP,ELEC2,PROCE,67.27,0,0
2887,JP,JP,ELEC8,MOTO1,67.21,0,0
2527,JP,JP,ELEC4,MOTO1,66.98,0,0
7446,JP,JP,TRAN1,WOODW,66.91,0,0
3219,JP,JP,FINAN,MEATC,66.7,0,0
6806,JP,JP,RUBBE,EDUCA,66.65,0,0
4331,JP,JP,LANDT,MOTOR,66.52,0,0
3794,JP,JP,HEALT,RECRE,66.49,0,0
3902,JP,JP,HEAVY,TEXTI,66.38,0,0
7826,JP,JP,WOODW,SANDC,66.19,0,0
2426,JP,JP,ELEC3,PAPER,66.17,0,0
1759,JP,JP,DISTR,PROCE,66.16,0,0
2301,JP,JP,ELEC2,NONF1,66.14,0,0
3835,JP,JP,HEAVY,FOUND,65.76,0,0
4326,JP,JP,LANDT,MEATC,65.7,0,0
288,JP,JP,ANIMA,CATTL,65.68,0,0
1458,JP,JP,CONST,PULP5,65.5,0,0
1512,JP,JP,CROPS,PIGS9,65.08,0,0
7490,JP,JP,TRANS,SUPPO,65.08,0,0
1740,JP,JP,DISTR,NONF1,65.06,0,0
4029,JP,JP,INSUR,NONME,65.01,0,0
3092,JP,JP,FABRI,MEATC,64.9,0,0
4288,JP,JP,LANDT,DISTR,64.88,0,0
1216,JP,JP,COKEO,HOTEL,64.85,0,0
218,JP,JP,AIRTR,RECRE,64.79,0,0
6596,JP,JP,RESEA,LEATH,64.75,0,0
7349,JP,JP,TEXTI,RECRE,64.6,0,0
6760,JP,JP,RETA1,RUBBE,64.42,0,0
2259,JP,JP,ELEC2,DAIRY,64.3,0,0
7363,JP,JP,TEXTI,TRANS,64.27,0,0
436,JP,JP,AUXIL,VEGET,64.22,0,0
6769,JP,JP,RETA1,TEXTI,64.21,0,0
5338,JP,JP,NONSP,GASDI,64.19,0,0
4049,JP,JP,INSUR,RADIO,64.13,0,0
5420,JP,JP,OXYGE,LEAD1,64.06,0,0
2222,JP,JP,ELEC1,TRANS,64.05,0,0
2926,JP,JP,ELEC8,RUBBE,63.97,0,0
2565,JP,JP,ELEC4,RUBBE,63.75,0,0
7654,JP,JP,WEARI,PRINT,63.74,0,0
1705,JP,JP,DISTR,DISTR,63.54,0,0
2271,JP,JP,ELEC2,FOUND,63.45,0,0
1703,JP,JP,DISTR,DAIRY,63.25,0,0
3472,JP,JP,FURNI,AIRTR,63.25,0,0
311,JP,JP,AUXIL,AIRTR,63.15,0,0
1075,JP,JP,CHEMI,CERAM,63.13,0,0
6238,JP,JP,RAILW,TRANS,63.08,0,0
5548,JP,JP,PAPER,MEMBE,63.06,0,0
4060,JP,JP,INSUR,SALEM,63.05,0,0
174,JP,JP,AIRTR,HOTEL,63.01,0,0
4807,JP,JP,MEMBE,ELECT,62.82,0,0
4813,JP,JP,MEMBE,FORES,62.82,0,0
998,JP,JP,CHEM1,FOUND,62.76,0,0
3612,JP,JP,GASDI,DAIRY,62.49,0,0
3186,JP,JP,FINAN,ELEC3,62.45,0,0
1714,JP,JP,DISTR,FOUND,62.41,0,0
3380,JP,JP,FOOD5,MEAT1,62.31,0,0
717,JP,JP,BRICK,BRICK,62.27,0,0
3452,JP,JP,FOUND,HEALT,62.18,0,0
5557,JP,JP,PAPER,PFERT,62.15,0,0
591,JP,JP,BITU1,ELEC3,62.09,0,0
5804,JP,JP,POSTT,GLASS,62.0,0,0
6050,JP,JP,PULP5,TEXTI,61.91,0,0
978,JP,JP,CHEM1,CROPS,61.91,0,0
4328,JP,JP,LANDT,MEDIC,61.87,0,0
4273,JP,JP,LANDT,CERAM,61.77,0,0
1588,JP,JP,DIST1,COPP1,61.66,0,0
1392,JP,JP,CONST,DAIRY,61.34,0,0
4975,JP,JP,MOTOR,SUPPO,61.31,0,0
7442,JP,JP,TRAN1,TRANS,61.15,0,0
5112,JP,JP,NFERT,CHEM1,61.01,0,0
2147,JP,JP,ELEC1,GASDI,61.01,0,0
6630,JP,JP,RESEA,PULP5,60.93,0,0
5613,JP,JP,PFERT,93197,60.86,0,0
6941,JP,JP,SANDC,STONE,60.69,0,0
3715,JP,JP,GLASS,EDUCA,60.66,0,0
2791,JP,JP,ELEC6,SANDC,60.63,0,0
7488,JP,JP,TRANS,SANDC,60.62,0,0
5315,JP,JP,NONME,TRANS,60.61,0,0
5626,JP,JP,PFERT,CONST,60.54,0,0
4643,JP,JP,LUBRI,MOTOR,60.43,0,0
3095,JP,JP,FABRI,MEMBE,60.2,0,0
2869,JP,JP,ELEC8,HEALT,60.0,0,0
6803,JP,JP,RUBBE,CROPS,59.99,0,0
3645,JP,JP,GASDI,MOTOR,59.94,0,0
3691,JP,JP,GASDI,TRANS,59.91,0,0
7587,JP,JP,WEARI,COKEO,59.89,0,0
999,JP,JP,CHEM1,GASDI,59.87,0,0
6252,JP,JP,REALE,ALUM1,59.86,0,0
1142,JP,JP,COKE1,FABRI,59.85,0,0
2509,JP,JP,ELEC4,HEALT,59.8,0,0
6287,JP,JP,REALE,ELEC8,59.63,0,0
5204,JP,JP,NONF1,PREC1,59.62,0,0
7342,JP,JP,TEXTI,PRINT,59.62,0,0
7253,JP,JP,SUPPO,RESEA,59.56,0,0
3952,JP,JP,INSUR,ALUM1,59.48,0,0
703,JP,JP,BLAST,RETA1,59.41,0,0
2866,JP,JP,ELEC8,FURNI,59.15,0,0
2173,JP,JP,ELEC1,NATUR,59.09,0,0
1495,JP,JP,CROPS,BEVER,59.04,0,0
6642,JP,JP,RESEA,SEACO,58.97,0,0
2506,JP,JP,ELEC4,FURNI,58.95,0,0
358,JP,JP,AUXIL,FOUND,58.92,0,0
965,JP,JP,CHEM1,CATTL,58.88,0,0
2971,JP,JP,ELECT,ELEC4,58.87,0,0
1295,JP,JP,COMPU,LEATH,58.53,0,0
7264,JP,JP,SUPPO,TEXTI,58.48,0,0
7568,JP,JP,WEARI,AIRTR,58.43,0,0
3395,JP,JP,FOOD5,RECRE,58.26,0,0
163,JP,JP,AIRTR,FINAN,58.25,0,0
791,JP,JP,BUSIN,MEAT1,58.2,0,0
3759,JP,JP,GLASS,WEARI,58.19,0,0
1322,JP,JP,COMPU,PFERT,58.09,0,0
7386,JP,JP,TRAN1,COMPU,58.07,0,0
1503,JP,JP,CROPS,HEALT,58.05,0,0
7374,JP,JP,TRAN1,BASIC,58.03,0,0
1025,JP,JP,CHEM1,NONF1,57.85,0,0
2264,JP,JP,ELEC2,ELECT,57.77,0,0
3792,JP,JP,HEALT,RAWMI,57.76,0,0
5006,JP,JP,NAPHT,MOTOR,57.73,0,0
2129,JP,JP,ELEC1,COMPU,57.51,0,0
5872,JP,JP,POSTT,TRANS,57.46,0,0
1569,JP,JP,DAIRY,VEGE1,57.24,0,0
3116,JP,JP,FABRI,POSTT,57.1,0,0
2927,JP,JP,ELEC8,SALEM,57.0,0,0
4038,JP,JP,INSUR,PFERT,56.9,0,0
1707,JP,JP,DISTR,ELECT,56.82,0,0
2566,JP,JP,ELEC4,SALEM,56.8,0,0
2084,JP,JP,ELE12,RESEA,56.76,0,0
3992,JP,JP,INSUR,FABRI,56.75,0,0
1642,JP,JP,DIST1,PAPER,56.75,0,0
3441,JP,JP,FOUND,93197,56.73,0,0
937,JP,JP,CERAM,WHOLE,56.57,0,0
330,JP,JP,AUXIL,CHEMI,56.52,0,0
2857,JP,JP,ELEC8,EDUCA,56.51,0,0
5192,JP,JP,NONF1,MEDIC,56.47,0,0
5879,JP,JP,POSTT,WOODW,56.43,0,0
7416,JP,JP,TRAN1,NATUR,56.41,0,0
5586,JP,JP,PAPER,VEGE1,56.35,0,0
725,JP,JP,BRICK,NONME,56.33,0,0
2497,JP,JP,ELEC4,EDUCA,56.31,0,0
6644,JP,JP,RESEA,STONE,56.28,0,0
2934,JP,JP,ELEC8,SUPPO,56.24,0,0
7405,JP,JP,TRAN1,LANDT,56.17,0,0
7570,JP,JP,WEARI,AUXIL,56.16,0,0
6425,JP,JP,RECRE,MEMBE,56.1,0,0
2573,JP,JP,ELEC4,SUPPO,56.05,0,0
4234,JP,JP,KERO1,WHOLE,55.93,0,0
4400,JP,JP,LEAD1,FABRI,55.92,0,0
1450,JP,JP,CONST,PFERT,55.89,0,0
5304,JP,JP,NONME,RETA1,55.86,0,0
3813,JP,JP,HEAVY,CEMEN,55.79,0,0
1269,JP,JP,COMPU,ELEC4,55.67,0,0
2157,JP,JP,ELEC1,LANDT,55.62,0,0
7604,JP,JP,WEARI,ELECT,55.43,0,0
278,JP,JP,ALUM1,RUBBE,55.25,0,0
2158,JP,JP,ELEC1,LEAD1,55.25,0,0
5823,JP,JP,POSTT,MEMBE,55.1,0,0
629,JP,JP,BITU1,SANDC,55.07,0,0
48,JP,JP,93197,FURNI,55.02,0,0
3198,JP,JP,FINAN,FORES,55.0,0,0
5687,JP,JP,PIGS9,PFERT,54.97,0,0
5621,JP,JP,PFERT,CEREA,54.74,0,0
4159,JP,JP,KERO1,GASDI,54.65,0,0
1277,JP,JP,COMPU,FISH5,54.58,0,0
3822,JP,JP,HEAVY,COPP1,54.42,0,0
2764,JP,JP,ELEC6,PAPER,53.85,0,0
2110,JP,JP,ELEC1,ALUM1,53.76,0,0
3162,JP,JP,FINAN,BRICK,53.74,0,0
2141,JP,JP,ELEC1,FISH5,53.74,0,0
3664,JP,JP,GASDI,PRINT,53.64,0,0
7790,JP,JP,WOODW,LEATH,53.43,0,0
5023,JP,JP,NAPHT,WOODW,53.22,0,0
6860,JP,JP,RUBBE,PROCE,52.94,0,0
1007,JP,JP,CHEM1,LANDT,52.89,0,0
1656,JP,JP,DIST1,RECRE,52.86,0,0
7194,JP,JP,SUPPO,ELECT,52.82,0,0
1997,JP,JP,ELE12,BASIC,52.79,0,0
1535,JP,JP,CRUDE,MOTOR,52.75,0,0
7406,JP,JP,TRAN1,LEAD1,52.74,0,0
2462,JP,JP,ELEC3,TRAN1,52.69,0,0
6485,JP,JP,REFI1,LIQUE,52.58,0,0
6685,JP,JP,RETA1,DIST1,52.55,0,0
6295,JP,JP,REALE,FOUND,52.5,0,0
1830,JP,JP,EDUCA,INSUR,52.27,0,0
7789,JP,JP,WOODW,HOTEL,52.18,0,0
5779,JP,JP,POSTT,COPP1,52.11,0,0
3051,JP,JP,FABRI,CRUDE,52.03,0,0
2131,JP,JP,ELEC1,COPP1,52.02,0,0
7804,JP,JP,WOODW,NONME,51.73,0,0
6322,JP,JP,REALE,NONFE,51.6,0,0
4801,JP,JP,MEMBE,ELEC2,51.58,0,0
3397,JP,JP,FOOD5,RETA1,51.53,0,0
1691,JP,JP,DISTR,CERAM,51.52,0,0
7320,JP,JP,TEXTI,GLASS,51.38,0,0
7371,JP,JP,TRAN1,ALUM1,51.33,0,0
7396,JP,JP,TRAN1,FISH5,51.31,0,0
7315,JP,JP,TEXTI,FISHF,51.19,0,0
6579,JP,JP,RESEA,FISH5,51.04,0,0
7431,JP,JP,TRAN1,RECRE,51.01,0,0
2388,JP,JP,ELEC3,FOOD5,50.91,0,0
7583,JP,JP,WEARI,CHEM1,50.89,0,0
1593,JP,JP,DIST1,DISTR,50.68,0,0
2250,JP,JP,ELEC2,CHEMI,50.68,0,0
3393,JP,JP,FOOD5,PUBLI,50.67,0,0
5561,JP,JP,PAPER,POSTT,50.56,0,0
2203,JP,JP,ELEC1,RECRE,50.51,0,0
351,JP,JP,AUXIL,ELECT,50.28,0,0
4510,JP,JP,LEATH,WEARI,50.2,0,0
5157,JP,JP,NFERT,VEGET,50.09,0,0
7178,JP,JP,SUPPO,COMPU,49.99,0,0
4489,JP,JP,LEATH,PUBLI,49.96,0,0
1695,JP,JP,DISTR,CHEMI,49.85,0,0
2985,JP,JP,ELECT,LEAD1,49.84,0,0
3196,JP,JP,FINAN,FISHF,49.82,0,0
4526,JP,JP,LIQUE,CHEM1,49.78,0,0
940,JP,JP,CEREA,CATTL,49.74,0,0
4502,JP,JP,LEATH,STONE,49.73,0,0
7387,JP,JP,TRAN1,COPP1,49.67,0,0
40,JP,JP,93197,ELECT,49.62,0,0
6297,JP,JP,REALE,GLASS,49.58,0,0
3434,JP,JP,FORES,PULP5,49.49,0,0
4349,JP,JP,LANDT,PIGS9,49.45,0,0
1606,JP,JP,DIST1,FINAN,49.37,0,0
6168,JP,JP,RAILW,FOUND,49.37,0,0
6629,JP,JP,RESEA,PUBLI,49.24,0,0
777,JP,JP,BUSIN,GASDI,49.24,0,0
754,JP,JP,BUSIN,CRUDE,49.19,0,0
95,JP,JP,93197,PUBLI,49.17,0,0
310,JP,JP,AUXIL,93197,48.97,0,0
4655,JP,JP,LUBRI,PUBLI,48.91,0,0
5217,JP,JP,NONFE,CHEM1,48.8,0,0
3237,JP,JP,FINAN,PADDY,48.8,0,0
7781,JP,JP,WOODW,FISH5,48.77,0,0
1065,JP,JP,CHEM1,VEGE1,48.74,0,0
345,JP,JP,AUXIL,ELEC2,48.72,0,0
1604,JP,JP,DIST1,ELECT,48.72,0,0
2274,JP,JP,ELEC2,GLASS,48.62,0,0
7247,JP,JP,SUPPO,RADIO,48.59,0,0
7251,JP,JP,SUPPO,REFI1,48.59,0,0
3535,JP,JP,FURNI,MEDIC,48.57,0,0
3976,JP,JP,INSUR,COPP1,48.57,0,0
2859,JP,JP,ELEC8,FABRI,48.53,0,0
7784,JP,JP,WOODW,FORES,48.5,0,0
7344,JP,JP,TEXTI,PULP5,48.48,0,0
5967,JP,JP,PRINT,MEAT1,48.37,0,0
2499,JP,JP,ELEC4,FABRI,48.36,0,0
431,JP,JP,AUXIL,TOBAC,48.35,0,0
7665,JP,JP,WEARI,RUBBE,48.31,0,0
5174,JP,JP,NONF1,ELEC3,48.27,0,0
6166,JP,JP,RAILW,FOOD5,48.17,0,0
4769,JP,JP,MEMBE,ALUM1,48.03,0,0
2321,JP,JP,ELEC2,PRIVA,48.02,0,0
3276,JP,JP,FINAN,VEGET,47.93,0,0
3103,JP,JP,FABRI,NONFE,47.92,0,0
4059,JP,JP,INSUR,RUBBE,47.89,0,0
1717,JP,JP,DISTR,GLASS,47.81,0,0
5904,JP,JP,PRINT,AIRTR,47.79,0,0
5289,JP,JP,NONME,PADDY,47.73,0,0
3714,JP,JP,GLASS,DAIRY,47.71,0,0
1672,JP,JP,DIST1,VEGE1,47.7,0,0
7333,JP,JP,TEXTI,NONME,47.69,0,0
199,JP,JP,AIRTR,NONME,47.51,0,0
3510,JP,JP,FURNI,FISH5,47.46,0,0
424,JP,JP,AUXIL,SEACO,47.37,0,0
7216,JP,JP,SUPPO,LUBRI,47.34,0,0
1666,JP,JP,DIST1,SUPPO,47.34,0,0
6145,JP,JP,RAILW,BRICK,47.25,0,0
2085,JP,JP,ELE12,RETA1,47.18,0,0
2980,JP,JP,ELECT,FORES,47.06,0,0
822,JP,JP,BUSIN,PULP5,46.94,0,0
4721,JP,JP,MEDIC,CERAM,46.86,0,0
229,JP,JP,AIRTR,STONE,46.85,0,0
1579,JP,JP,DIST1,BUSIN,46.84,0,0
6763,JP,JP,RETA1,SEACO,46.73,0,0
804,JP,JP,BUSIN,NONFE,46.71,0,0
2196,JP,JP,ELEC1,PROCE,46.66,0,0
7783,JP,JP,WOODW,FOOD5,46.63,0,0
6656,JP,JP,RESEA,WOODW,46.62,0,0
5506,JP,JP,PAPER,BASIC,46.51,0,0
5831,JP,JP,POSTT,NONFE,46.48,0,0
7267,JP,JP,SUPPO,TRAN2,46.48,0,0
3618,JP,JP,GASDI,FISH5,46.42,0,0
2439,JP,JP,ELEC3,PUBLI,46.37,0,0
497,JP,JP,BEVER,FISH5,46.37,0,0
6773,JP,JP,RETA1,TRANS,46.32,0,0
2431,JP,JP,ELEC3,PLAST,46.31,0,0
3643,JP,JP,GASDI,MEMBE,46.22,0,0
339,JP,JP,AUXIL,DAIRY,46.11,0,0
2208,JP,JP,ELEC1,RETAI,46.07,0,0
5547,JP,JP,PAPER,MEDIC,46.01,0,0
6392,JP,JP,RECRE,EDUCA,45.89,0,0
2175,JP,JP,ELEC1,NONF1,45.88,0,0
7241,JP,JP,SUPPO,POSTT,45.83,0,0
2844,JP,JP,ELEC8,CHEM1,45.8,0,0
3109,JP,JP,FABRI,PADDY,45.72,0,0
6409,JP,JP,RECRE,HEALT,45.7,0,0
2486,JP,JP,ELEC4,CHEM1,45.64,0,0
4900,JP,JP,MOTOR,AIRTR,45.64,0,0
4783,JP,JP,MEMBE,CERAM,45.59,0,0
1827,JP,JP,EDUCA,HEALT,45.53,0,0
2302,JP,JP,ELEC2,NONFE,45.51,0,0
3164,JP,JP,FINAN,CATTL,45.46,0,0
6171,JP,JP,RAILW,GLASS,45.42,0,0
6734,JP,JP,RETA1,NONME,45.41,0,0
2243,JP,JP,ELEC2,BUSIN,45.38,0,0
4218,JP,JP,KERO1,SALEM,45.34,0,0
6029,JP,JP,PRIVA,NONFE,45.26,0,0
5395,JP,JP,OXYGE,BASIC,45.23,0,0
4380,JP,JP,LANDT,TOBAC,45.08,0,0
4284,JP,JP,LANDT,CROPS,44.98,0,0
1852,JP,JP,EDUCA,OFFIC,44.94,0,0
3384,JP,JP,FOOD5,MEATP,44.88,0,0
6259,JP,JP,REALE,BITUM,44.81,0,0
1741,JP,JP,DISTR,NONFE,44.77,0,0
5144,JP,JP,NFERT,PLAST,44.7,0,0
2935,JP,JP,ELEC8,TEXTI,44.66,0,0
3374,JP,JP,FOOD5,FORES,44.65,0,0
3973,JP,JP,INSUR,COKEO,44.62,0,0
2134,JP,JP,ELEC1,DAIRY,44.61,0,0
7429,JP,JP,TRAN1,PROCE,44.55,0,0
2574,JP,JP,ELEC4,TEXTI,44.51,0,0
7171,JP,JP,SUPPO,CERAM,44.5,0,0
3677,JP,JP,GASDI,RETA1,44.15,0,0
2850,JP,JP,ELEC8,CONST,44.14,0,0
7237,JP,JP,SUPPO,PFERT,44.12,0,0
1611,JP,JP,DIST1,FURNI,44.07,0,0
1176,JP,JP,COKE1,RETA1,44.03,0,0
2145,JP,JP,ELEC1,FOUND,44.02,0,0
2491,JP,JP,ELEC4,CONST,43.99,0,0
469,JP,JP,BASIC,NATUR,43.88,0,0
2266,JP,JP,ELEC2,FINAN,43.86,0,0
7027,JP,JP,SEACO,TRAN2,43.84,0,0
3598,JP,JP,GASDI,CATTL,43.84,0,0
7418,JP,JP,TRAN1,NONF1,43.8,0,0
34,JP,JP,93197,ELEC2,43.79,0,0
639,JP,JP,BITUM,MOTO1,43.59,0,0
6568,JP,JP,RESEA,ELE12,43.5,0,0
5922,JP,JP,PRINT,CHEMI,43.38,0,0
6958,JP,JP,SEACO,CONST,43.31,0,0
4121,JP,JP,KERO1,BUSIN,43.26,0,0
7463,JP,JP,TRAN2,MOTOR,43.21,0,0
3184,JP,JP,FINAN,ELE12,43.03,0,0
6284,JP,JP,REALE,ELEC4,43.02,0,0
3033,JP,JP,FABRI,BITUM,42.81,0,0
1777,JP,JP,DISTR,TRAN2,42.76,0,0
1268,JP,JP,COMPU,ELEC3,42.75,0,0
273,JP,JP,ALUM1,PREC1,42.67,0,0
7390,JP,JP,TRAN1,DAIRY,42.59,0,0
336,JP,JP,AUXIL,COPP1,42.57,0,0
1766,JP,JP,DISTR,RETAI,42.46,0,0
7608,JP,JP,WEARI,FISHF,42.41,0,0
510,JP,JP,BEVER,WHOLE,42.36,0,0
6475,JP,JP,RECRE,WHOLE,42.26,0,0
4444,JP,JP,LEATH,EDUCA,42.18,0,0
7400,JP,JP,TRAN1,FOUND,42.02,0,0
795,JP,JP,BUSIN,MEATP,41.94,0,0
5031,JP,JP,NATU1,GASDI,41.9,0,0
1356,JP,JP,COMPU,TRAN2,41.86,0,0
4315,JP,JP,LANDT,IRONO,41.79,0,0
1523,JP,JP,CROPS,TEXTI,41.78,0,0
603,JP,JP,BITU1,HEAVY,41.59,0,0
4866,JP,JP,MEMBE,RADIO,41.58,0,0
5450,JP,JP,OXYGE,SALEM,41.58,0,0
2965,JP,JP,ELECT,DIST1,41.55,0,0
1303,JP,JP,COMPU,MEMBE,41.54,0,0
4238,JP,JP,KEROS,BITU1,41.48,0,0
2726,JP,JP,ELEC6,FOOD5,41.43,0,0
2986,JP,JP,ELECT,LEATH,41.42,0,0
1434,JP,JP,CONST,MOTOR,41.33,0,0
3008,JP,JP,ELECT,RAWMI,41.19,0,0
4308,JP,JP,LANDT,GASDI,40.96,0,0
4207,JP,JP,KERO1,RADIO,40.73,0,0
1676,JP,JP,DISTR,AIRTR,40.58,0,0
7690,JP,JP,WHEAT,WHEAT,40.33,0,0
5306,JP,JP,NONME,RUBBE,40.28,0,0
1399,JP,JP,CONST,ELEC5,40.27,0,0
6659,JP,JP,RETA1,AIRTR,40.14,0,0
4413,JP,JP,LEAD1,PREC1,40.12,0,0
2138,JP,JP,ELEC1,ELECT,40.07,0,0
7581,JP,JP,WEARI,CERAM,40.07,0,0
6218,JP,JP,RAILW,RAILW,39.98,0,0
6161,JP,JP,RAILW,ELECT,39.96,0,0
3501,JP,JP,FURNI,ELEC2,39.95,0,0
6535,JP,JP,RESEA,AIRTR,39.92,0,0
1492,JP,JP,COPP1,WOODW,39.86,0,0
3576,JP,JP,FURNI,TEXTI,39.82,0,0
7487,JP,JP,TRANS,RETA1,39.57,0,0
4672,JP,JP,LUBRI,WHOLE,39.55,0,0
3768,JP,JP,HEALT,CATTL,39.55,0,0
7307,JP,JP,TEXTI,COMPU,39.44,0,0
4404,JP,JP,LEAD1,LEAD1,39.41,0,0
412,JP,JP,AUXIL,RAILW,39.33,0,0
4772,JP,JP,MEMBE,BASIC,39.26,0,0
760,JP,JP,BUSIN,ELE12,39.18,0,0
50,JP,JP,93197,GLASS,39.16,0,0
6674,JP,JP,RETA1,CHEM1,39.15,0,0
6195,JP,JP,RAILW,NATUR,39.1,0,0
5905,JP,JP,PRINT,ALUM1,39.07,0,0
6461,JP,JP,RECRE,SALEM,38.98,0,0
3570,JP,JP,FURNI,SEACO,38.97,0,0
1799,JP,JP,EDUCA,CHEM1,38.96,0,0
1213,JP,JP,COKEO,FOUND,38.89,0,0
4191,JP,JP,KERO1,PADDY,38.75,0,0
2910,JP,JP,ELEC8,PRECI,38.74,0,0
3694,JP,JP,GASDI,WEARI,38.64,0,0
2549,JP,JP,ELEC4,PRECI,38.61,0,0
1048,JP,JP,CHEM1,RAWMI,38.44,0,0
1464,JP,JP,CONST,RETAI,38.32,0,0
4354,JP,JP,LANDT,PREC1,38.32,0,0
7645,JP,JP,WEARI,PADDY,38.26,0,0
7394,JP,JP,TRAN1,ELECT,38.26,0,0
3036,JP,JP,FABRI,BUSIN,38.19,0,0
3610,JP,JP,GASDI,CROPS,38.19,0,0
1365,JP,JP,CONST,AIRTR,38.13,0,0
4613,JP,JP,LUBRI,93197,38.12,0,0
6243,JP,JP,RAILW,WOODW,38.1,0,0
5755,JP,JP,POSTT,ALUM1,38.08,0,0
6881,JP,JP,RUBBE,TRAN2,38.05,0,0
698,JP,JP,BLAST,PUBLI,38.01,0,0
3275,JP,JP,FINAN,VEGE1,37.97,0,0
1875,JP,JP,EDUCA,SUPPO,37.86,0,0
230,JP,JP,AIRTR,SUPPO,37.86,0,0
3511,JP,JP,FURNI,FISHF,37.85,0,0
5277,JP,JP,NONME,MEDIC,37.85,0,0
2253,JP,JP,ELEC2,COKEO,37.8,0,0
2777,JP,JP,ELEC6,PUBLI,37.74,0,0
258,JP,JP,ALUM1,LEAD1,37.69,0,0
2769,JP,JP,ELEC6,PLAST,37.69,0,0
7498,JP,JP,VEGE1,DAIRY,37.67,0,0
3212,JP,JP,FINAN,LEAD1,37.59,0,0
1432,JP,JP,CONST,MEMBE,37.59,0,0
2442,JP,JP,ELEC3,RAILW,37.54,0,0
6652,JP,JP,RESEA,VEGE1,37.49,0,0
7504,JP,JP,VEGE1,HEALT,37.49,0,0
3998,JP,JP,INSUR,FOUND,37.47,0,0
1552,JP,JP,DAIRY,FISH5,37.47,0,0
4971,JP,JP,MOTOR,SALEM,37.44,0,0
3679,JP,JP,GASDI,RUBBE,37.41,0,0
4631,JP,JP,LUBRI,GASDI,37.21,0,0
7754,JP,JP,WOODW,93197,37.17,0,0
7367,JP,JP,TEXTI,WOODW,37.0,0,0
4211,JP,JP,KERO1,RECRE,36.97,0,0
3623,JP,JP,GASDI,GASDI,36.91,0,0
1698,JP,JP,DISTR,COKEO,36.86,0,0
5321,JP,JP,NONME,WOODW,36.79,0,0
6627,JP,JP,RESEA,PREC1,36.77,0,0
2916,JP,JP,ELEC8,RADIO,36.76,0,0
6385,JP,JP,RECRE,CONST,36.68,0,0
6717,JP,JP,RETA1,LEATH,36.65,0,0
2555,JP,JP,ELEC4,RADIO,36.63,0,0
749,JP,JP,BUSIN,COKE1,36.57,0,0
1813,JP,JP,EDUCA,ELEC2,36.55,0,0
4112,JP,JP,KERO1,ALUM1,36.51,0,0
3699,JP,JP,GLASS,93197,36.46,0,0
3786,JP,JP,HEALT,POULT,36.44,0,0
1849,JP,JP,EDUCA,NONFE,36.4,0,0
6633,JP,JP,RESEA,RECRE,36.36,0,0
4298,JP,JP,LANDT,ELEC8,36.36,0,0
2122,JP,JP,ELEC1,CERAM,36.33,0,0
787,JP,JP,BUSIN,LEAD1,36.3,0,0
923,JP,JP,CERAM,MOTO1,36.1,0,0
5971,JP,JP,PRINT,MEDIC,36.1,0,0
3007,JP,JP,ELECT,PULP5,36.02,0,0
3889,JP,JP,HEAVY,REFI1,35.94,0,0
5476,JP,JP,PADDY,RAWMI,35.91,0,0
2993,JP,JP,ELECT,MEMBE,35.9,0,0
1294,JP,JP,COMPU,LEAD1,35.75,0,0
7466,JP,JP,TRAN2,NATUR,35.75,0,0
4071,JP,JP,INSUR,TRAN2,35.71,0,0
257,JP,JP,ALUM1,GLASS,35.68,0,0
7005,JP,JP,SEACO,POSTT,35.64,0,0
3662,JP,JP,GASDI,POULT,35.64,0,0
4998,JP,JP,NAPHT,GASDI,35.55,0,0
6448,JP,JP,RECRE,PUBLI,35.51,0,0
664,JP,JP,BLAST,FOOD5,35.51,0,0
3016,JP,JP,ELECT,TRAN1,35.37,0,0
3743,JP,JP,GLASS,PUBLI,35.36,0,0
2841,JP,JP,ELEC8,CEMEN,35.35,0,0
1308,JP,JP,COMPU,NATUR,35.26,0,0
604,JP,JP,BITU1,KERO1,35.25,0,0
2483,JP,JP,ELEC4,CEMEN,35.23,0,0
3421,JP,JP,FORES,HEALT,35.18,0,0
2126,JP,JP,ELEC1,CHEMI,35.15,0,0
3851,JP,JP,HEAVY,LUBRI,35.01,0,0
4384,JP,JP,LANDT,VEGE1,34.98,0,0
2828,JP,JP,ELEC8,93197,34.97,0,0
1017,JP,JP,CHEM1,MEDIC,34.94,0,0
6151,JP,JP,RAILW,CHEMI,34.93,0,0
5970,JP,JP,PRINT,MEATP,34.85,0,0
2472,JP,JP,ELEC4,93197,34.85,0,0
6336,JP,JP,REALE,PROCE,34.7,0,0
7380,JP,JP,TRAN1,CERAM,34.69,0,0
4362,JP,JP,LANDT,RAWMI,34.5,0,0
2564,JP,JP,ELEC4,RETAI,34.43,0,0
3873,JP,JP,HEAVY,PFERT,34.43,0,0
3486,JP,JP,FURNI,CHEMI,34.38,0,0
7611,JP,JP,WEARI,FOUND,34.3,0,0
5769,JP,JP,POSTT,CERAM,34.26,0,0
4618,JP,JP,LUBRI,BUSIN,34.24,0,0
3432,JP,JP,FORES,PRECI,34.17,0,0
1431,JP,JP,CONST,MEDIC,34.08,0,0
6505,JP,JP,REFIN,ELEC2,34.08,0,0
5759,JP,JP,POSTT,BEVER,34.06,0,0
4369,JP,JP,LANDT,RETAI,34.05,0,0
7534,JP,JP,VEGET,PIGS9,34.02,0,0
3249,JP,JP,FINAN,PROCE,33.92,0,0
6008,JP,JP,PRINT,RETAI,33.88,0,0
6862,JP,JP,RUBBE,PULP5,33.78,0,0
2148,JP,JP,ELEC1,GLASS,33.72,0,0
5932,JP,JP,PRINT,DIST1,33.65,0,0
7428,JP,JP,TRAN1,PRIVA,33.64,0,0
5733,JP,JP,PLAST,HEALT,33.61,0,0
7382,JP,JP,TRAN1,CHEMI,33.56,0,0
5822,JP,JP,POSTT,MEDIC,33.48,0,0
3784,JP,JP,HEALT,PIGS9,33.47,0,0
2396,JP,JP,ELEC3,HOTEL,33.46,0,0
1355,JP,JP,COMPU,TRAN1,33.45,0,0
4359,JP,JP,LANDT,PULP5,33.41,0,0
7031,JP,JP,SEACO,WHOLE,33.37,0,0
2195,JP,JP,ELEC1,PRIVA,33.31,0,0
4224,JP,JP,KERO1,SUPPO,33.23,0,0
1640,JP,JP,DIST1,OFFIC,33.14,0,0
7197,JP,JP,SUPPO,FISH5,33.14,0,0
5473,JP,JP,PADDY,POULT,32.97,0,0
612,JP,JP,BITU1,NAPHT,32.93,0,0
3806,JP,JP,HEAVY,BEVER,32.82,0,0
2412,JP,JP,ELEC3,MOTO1,32.79,0,0
4789,JP,JP,MEMBE,COKEO,32.78,0,0
3994,JP,JP,INSUR,FISH5,32.77,0,0
2897,JP,JP,ELEC8,OFFIC,32.68,0,0
2537,JP,JP,ELEC4,OFFIC,32.57,0,0
2089,JP,JP,ELE12,SANDC,32.56,0,0
1639,JP,JP,DIST1,NONME,32.5,0,0
1529,JP,JP,CRUDE,GASDI,32.48,0,0
1156,JP,JP,COKE1,MOTO1,32.47,0,0
7519,JP,JP,VEGE1,PLAST,32.38,0,0
3005,JP,JP,ELECT,PREC1,32.36,0,0
5225,JP,JP,NONME,93197,32.28,0,0
7401,JP,JP,TRAN1,GLASS,32.19,0,0
6754,JP,JP,RETA1,REALE,32.12,0,0
2915,JP,JP,ELEC8,PULP5,32.09,0,0
4402,JP,JP,LEAD1,FURNI,32.06,0,0
2554,JP,JP,ELEC4,PULP5,31.98,0,0
6673,JP,JP,RETA1,CERAM,31.9,0,0
4158,JP,JP,KERO1,FURNI,31.87,0,0
1645,JP,JP,DIST1,PLAST,31.86,0,0
7378,JP,JP,TRAN1,BUSIN,31.79,0,0
3015,JP,JP,ELECT,TOBAC,31.76,0,0
654,JP,JP,BLAST,CONST,31.75,0,0
3483,JP,JP,FURNI,CEMEN,31.71,0,0
4285,JP,JP,LANDT,CRUDE,31.68,0,0
7607,JP,JP,WEARI,FISH5,31.6,0,0
2945,JP,JP,ELEC8,WHOLE,31.57,0,0
5933,JP,JP,PRINT,DISTR,31.57,0,0
2176,JP,JP,ELEC1,NONFE,31.57,0,0
4556,JP,JP,LIQUE,HEAVY,31.54,0,0
2279,JP,JP,ELEC2,INSUR,31.48,0,0
2119,JP,JP,ELEC1,BUSIN,31.48,0,0
855,JP,JP,CATTL,LEATH,31.48,0,0
1451,JP,JP,CONST,PIGS9,31.47,0,0
2584,JP,JP,ELEC4,WHOLE,31.47,0,0
111,JP,JP,93197,STONE,31.44,0,0
1660,JP,JP,DIST1,RUBBE,31.4,0,0
5996,JP,JP,PRINT,PROCE,31.38,0,0
658,JP,JP,BLAST,EDUCA,31.37,0,0
354,JP,JP,AUXIL,FISH5,31.34,0,0
7346,JP,JP,TEXTI,RAILW,31.32,0,0
2451,JP,JP,ELEC3,RUBBE,31.21,0,0
5653,JP,JP,PFERT,NFERT,31.09,0,0
4403,JP,JP,LEAD1,GLASS,31.0,0,0
251,JP,JP,ALUM1,DAIRY,31.0,0,0
1311,JP,JP,COMPU,NONFE,30.97,0,0
3669,JP,JP,GASDI,RADIO,30.88,0,0
7359,JP,JP,TEXTI,SUPPO,30.83,0,0
5678,JP,JP,PFERT,WHEAT,30.8,0,0
340,JP,JP,AUXIL,DIST1,30.78,0,0
180,JP,JP,AIRTR,LANDT,30.77,0,0
3431,JP,JP,FORES,PFERT,30.72,0,0
7395,JP,JP,TRAN1,FINAN,30.72,0,0
4791,JP,JP,MEMBE,COPP1,30.69,0,0
509,JP,JP,BEVER,SUPPO,30.67,0,0
1040,JP,JP,CHEM1,POULT,30.61,0,0
738,JP,JP,BUSIN,BLAST,30.56,0,0
4517,JP,JP,LIQUE,BASIC,30.55,0,0
2780,JP,JP,ELEC6,RAILW,30.55,0,0
7676,JP,JP,WEARI,TRANS,30.47,0,0
2140,JP,JP,ELEC1,FINAN,30.42,0,0
1247,JP,JP,COMPU,CEMEN,30.39,0,0
6856,JP,JP,RUBBE,POSTT,30.26,0,0
1012,JP,JP,CHEM1,MEAT1,30.24,0,0
2672,JP,JP,ELEC5,RESEA,30.19,0,0
6271,JP,JP,REALE,COKEO,30.18,0,0
1518,JP,JP,CROPS,RECRE,30.17,0,0
4179,JP,JP,KERO1,MOTO1,30.16,0,0
6794,JP,JP,RUBBE,CERAM,30.15,0,0
7419,JP,JP,TRAN1,NONFE,30.14,0,0
1834,JP,JP,EDUCA,LANDT,30.12,0,0
1498,JP,JP,CROPS,CHEM1,30.12,0,0
3508,JP,JP,FURNI,FABRI,30.06,0,0
4851,JP,JP,MEMBE,PADDY,29.97,0,0
361,JP,JP,AUXIL,GLASS,29.94,0,0
3299,JP,JP,FISHF,93197,29.87,0,0
3686,JP,JP,GASDI,SUGAR,29.87,0,0
265,JP,JP,ALUM1,MEDIC,29.87,0,0
3893,JP,JP,HEAVY,RUBBE,29.82,0,0
927,JP,JP,CERAM,PUBLI,29.78,0,0
4809,JP,JP,MEMBE,FINAN,29.77,0,0
1254,JP,JP,COMPU,COKE1,29.77,0,0
2950,JP,JP,ELECT,BITUM,29.76,0,0
4779,JP,JP,MEMBE,BRICK,29.75,0,0
3719,JP,JP,GLASS,FISH5,29.49,0,0
6696,JP,JP,RETA1,ELECT,29.44,0,0
5891,JP,JP,POULT,PFERT,29.42,0,0
415,JP,JP,AUXIL,RECRE,29.4,0,0
5317,JP,JP,NONME,VEGET,29.31,0,0
1662,JP,JP,DIST1,SEACO,29.3,0,0
3997,JP,JP,INSUR,FORES,29.29,0,0
2394,JP,JP,ELEC3,HEALT,29.28,0,0
5815,JP,JP,POSTT,LEATH,29.24,0,0
5066,JP,JP,NATUR,FOOD5,29.12,0,0
3991,JP,JP,INSUR,ELECT,28.98,0,0
3386,JP,JP,FOOD5,NONME,28.96,0,0
2062,JP,JP,ELE12,PAPER,28.92,0,0
2391,JP,JP,ELEC3,FURNI,28.86,0,0
482,JP,JP,BASIC,SALEM,28.84,0,0
1854,JP,JP,EDUCA,PAPER,28.81,0,0
6977,JP,JP,SEACO,INSUR,28.79,0,0
1819,JP,JP,EDUCA,ELECT,28.74,0,0
4249,JP,JP,KEROS,NONSP,28.72,0,0
6880,JP,JP,RUBBE,TOBAC,28.48,0,0
1603,JP,JP,DIST1,ELEC8,28.26,0,0
3053,JP,JP,FABRI,DIST1,28.26,0,0
1607,JP,JP,DIST1,FISH5,28.21,0,0
1171,JP,JP,COKE1,PUBLI,28.17,0,0
3145,JP,JP,FABRI,VEGET,28.11,0,0
2591,JP,JP,ELEC5,BASIC,28.08,0,0
3798,JP,JP,HEALT,SUPPO,28.06,0,0
1098,JP,JP,COALT,CHEM1,28.06,0,0
1090,JP,JP,CHEMI,PULP5,28.04,0,0
6578,JP,JP,RESEA,FINAN,28.03,0,0
4896,JP,JP,MOTO1,LANDT,27.98,0,0
2276,JP,JP,ELEC2,HEAVY,27.95,0,0
995,JP,JP,CHEM1,FISHF,27.88,0,0
2452,JP,JP,ELEC3,SALEM,27.81,0,0
6197,JP,JP,RAILW,NONF1,27.66,0,0
6706,JP,JP,RETA1,GLASS,27.63,0,0
2381,JP,JP,ELEC3,EDUCA,27.57,0,0
3599,JP,JP,GASDI,CEMEN,27.53,0,0
1718,JP,JP,DISTR,HEAVY,27.49,0,0
7275,JP,JP,SUPPO,WOODW,27.46,0,0
2459,JP,JP,ELEC3,SUPPO,27.44,0,0
2888,JP,JP,ELEC8,MOTOR,27.4,0,0
4926,JP,JP,MOTOR,FISHF,27.32,0,0
2528,JP,JP,ELEC4,MOTOR,27.31,0,0
1491,JP,JP,COPP1,PREC1,27.3,0,0
7330,JP,JP,TEXTI,MEMBE,27.29,0,0
2734,JP,JP,ELEC6,HOTEL,27.24,0,0
7472,JP,JP,TRAN2,PRECI,27.23,0,0
4525,JP,JP,LIQUE,CERAM,27.16,0,0
4382,JP,JP,LANDT,TRAN2,27.16,0,0
3047,JP,JP,FABRI,COMPU,27.15,0,0
4240,JP,JP,KEROS,COALT,27.15,0,0
3254,JP,JP,FINAN,RAWMI,27.14,0,0
6848,JP,JP,RUBBE,PADDY,27.06,0,0
1059,JP,JP,CHEM1,SUGAR,26.84,0,0
203,JP,JP,AIRTR,PAPER,26.84,0,0
772,JP,JP,BUSIN,FISHF,26.84,0,0
4559,JP,JP,LIQUE,KERO1,26.73,0,0
5797,JP,JP,POSTT,FISH5,26.73,0,0
2750,JP,JP,ELEC6,MOTO1,26.69,0,0
7312,JP,JP,TEXTI,FABRI,26.68,0,0
6664,JP,JP,RETA1,BEVER,26.68,0,0
4280,JP,JP,LANDT,COKEO,26.65,0,0
7457,JP,JP,TRAN2,GASDI,26.61,0,0
4800,JP,JP,MEMBE,ELEC1,26.54,0,0
1305,JP,JP,COMPU,MOTOR,26.52,0,0
4627,JP,JP,LUBRI,ELEC8,26.45,0,0
1821,JP,JP,EDUCA,FINAN,26.45,0,0
4225,JP,JP,KERO1,TEXTI,26.42,0,0
2942,JP,JP,ELEC8,WEARI,26.35,0,0
4442,JP,JP,LEATH,DIST1,26.33,0,0
1144,JP,JP,COKE1,FOOD5,26.31,0,0
3954,JP,JP,INSUR,AUXIL,26.28,0,0
2581,JP,JP,ELEC4,WEARI,26.26,0,0
4294,JP,JP,LANDT,ELEC4,26.24,0,0
2128,JP,JP,ELEC1,COKEO,26.23,0,0
700,JP,JP,BLAST,RADIO,26.23,0,0
5069,JP,JP,NATUR,GLASS,26.22,0,0
3102,JP,JP,FABRI,NONF1,26.16,0,0
963,JP,JP,CHEM1,BRICK,26.15,0,0
5578,JP,JP,PAPER,SEACO,26.14,0,0
6690,JP,JP,RETA1,ELEC2,26.13,0,0
6962,JP,JP,SEACO,EDUCA,26.08,0,0
605,JP,JP,BITU1,KEROS,26.07,0,0
3226,JP,JP,FINAN,NATU1,26.06,0,0
3385,JP,JP,FOOD5,NFERT,26.01,0,0
6358,JP,JP,REALE,TRAN1,25.85,0,0
123,JP,JP,93197,WOODW,25.83,0,0
3123,JP,JP,FABRI,RAILW,25.81,0,0
4899,JP,JP,MOTOR,93197,25.76,0,0
4687,JP,JP,MEAT4,HOTEL,25.63,0,0
1440,JP,JP,CONST,NONFE,25.6,0,0
3728,JP,JP,GLASS,LEATH,25.54,0,0
4012,JP,JP,INSUR,LEATH,25.53,0,0
3825,JP,JP,HEAVY,DAIRY,25.49,0,0
7475,JP,JP,TRAN2,RETAI,25.49,0,0
1412,JP,JP,CONST,GASDI,25.45,0,0
7156,JP,JP,SUGAR,SUGAR,25.44,0,0
3847,JP,JP,HEAVY,LANDT,25.42,0,0
120,JP,JP,93197,WEARI,25.42,0,0
7246,JP,JP,SUPPO,PULP5,25.4,0,0
2789,JP,JP,ELEC6,RUBBE,25.4,0,0
4135,JP,JP,KERO1,CROPS,25.4,0,0
4319,JP,JP,LANDT,LEAD1,25.38,0,0
594,JP,JP,BITU1,ELEC6,25.36,0,0
1654,JP,JP,DIST1,RAILW,25.3,0,0
3543,JP,JP,FURNI,NONFE,25.28,0,0
6277,JP,JP,REALE,DAIRY,25.28,0,0
4979,JP,JP,MOTOR,TRANS,25.21,0,0
3666,JP,JP,GASDI,PROCE,25.16,0,0
681,JP,JP,BLAST,MOTO1,25.12,0,0
2673,JP,JP,ELEC5,RETA1,25.1,0,0
3589,JP,JP,GASDI,ANIMA,25.08,0,0
1300,JP,JP,COMPU,MEATC,25.04,0,0
5002,JP,JP,NAPHT,LEATH,25.02,0,0
4573,JP,JP,LIQUE,NAPHT,24.98,0,0
5915,JP,JP,PRINT,BRICK,24.96,0,0
986,JP,JP,CHEM1,ELEC2,24.95,0,0
2978,JP,JP,ELECT,FISHF,24.95,0,0
7166,JP,JP,SUPPO,BITU1,24.88,0,0
1243,JP,JP,COMPU,BLAST,24.87,0,0
7385,JP,JP,TRAN1,COKEO,24.81,0,0
584,JP,JP,BITU1,CONST,24.7,0,0
2,JP,JP,93197,AIRTR,24.66,0,0
6830,JP,JP,RUBBE,MEAT1,24.57,0,0
6588,JP,JP,RESEA,HEAVY,24.56,0,0
821,JP,JP,BUSIN,PROCE,24.56,0,0
6018,JP,JP,PRINT,TOBAC,24.54,0,0
7818,JP,JP,WOODW,RAWMI,24.54,0,0
3995,JP,JP,INSUR,FISHF,24.48,0,0
5164,JP,JP,NONF1,CHEM1,24.47,0,0
3507,JP,JP,FURNI,ELECT,24.47,0,0
1578,JP,JP,DIST1,BRICK,24.43,0,0
1798,JP,JP,EDUCA,CERAM,24.33,0,0
2309,JP,JP,ELEC2,PADDY,24.29,0,0
3361,JP,JP,FOOD5,BRICK,24.13,0,0
297,JP,JP,ANIMA,MEAT4,24.0,0,0
1460,JP,JP,CONST,RAWMI,23.97,0,0
3966,JP,JP,INSUR,CERAM,23.9,0,0
1748,JP,JP,DISTR,PADDY,23.89,0,0
271,JP,JP,ALUM1,PAPER,23.87,0,0
2732,JP,JP,ELEC6,HEALT,23.83,0,0
3443,JP,JP,FOUND,CERAM,23.82,0,0
1638,JP,JP,DIST1,NONF1,23.79,0,0
2834,JP,JP,ELEC8,BEVER,23.77,0,0
3649,JP,JP,GASDI,NFERT,23.76,0,0
312,JP,JP,AUXIL,ALUM1,23.72,0,0
1704,JP,JP,DISTR,DIST1,23.72,0,0
2281,JP,JP,ELEC2,KERO1,23.69,0,0
2478,JP,JP,ELEC4,BEVER,23.69,0,0
2384,JP,JP,ELEC3,FABRI,23.68,0,0
6548,JP,JP,RESEA,BRICK,23.65,0,0
7310,JP,JP,TEXTI,EDUCA,23.63,0,0
5052,JP,JP,NATUR,CERAM,23.61,0,0
7647,JP,JP,WEARI,PFERT,23.58,0,0
1074,JP,JP,CHEMI,BRICK,23.56,0,0
1133,JP,JP,COKE1,CONST,23.53,0,0
2729,JP,JP,ELEC6,FURNI,23.49,0,0
2313,JP,JP,ELEC2,PFERT,23.47,0,0
1422,JP,JP,CONST,LEAD1,23.38,0,0
5562,JP,JP,PAPER,POULT,23.37,0,0
6512,JP,JP,REFIN,HEAVY,23.37,0,0
5184,JP,JP,NONF1,GLASS,23.32,0,0
1722,JP,JP,DISTR,KERO1,23.3,0,0
1138,JP,JP,COKE1,EDUCA,23.25,0,0
4642,JP,JP,LUBRI,MEMBE,23.22,0,0
5206,JP,JP,NONF1,PUBLI,23.14,0,0
7268,JP,JP,SUPPO,TRANS,23.06,0,0
5584,JP,JP,PAPER,TRAN2,23.06,0,0
1751,JP,JP,DISTR,PFERT,23.04,0,0
6307,JP,JP,REALE,LEATH,23.04,0,0
5830,JP,JP,POSTT,NONF1,23.03,0,0
1561,JP,JP,DAIRY,MEATC,23.0,0,0
3464,JP,JP,FOUND,RETA1,22.97,0,0
6599,JP,JP,RESEA,MEAT1,22.86,0,0
6138,JP,JP,RAILW,ALUM1,22.86,0,0
45,JP,JP,93197,FOOD5,22.75,0,0
2790,JP,JP,ELEC6,SALEM,22.63,0,0
3559,JP,JP,FURNI,RAILW,22.5,0,0
3071,JP,JP,FABRI,FORES,22.48,0,0
1488,JP,JP,COPP1,MEDIC,22.44,0,0
2719,JP,JP,ELEC6,EDUCA,22.44,0,0
6220,JP,JP,RAILW,REALE,22.38,0,0
6782,JP,JP,RUBBE,ALUM1,22.38,0,0
2370,JP,JP,ELEC3,CHEM1,22.35,0,0
3858,JP,JP,HEAVY,MOTO1,22.34,0,0
2797,JP,JP,ELEC6,SUPPO,22.33,0,0
4973,JP,JP,MOTOR,STONE,22.32,0,0
4571,JP,JP,LIQUE,MOTO1,22.26,0,0
2025,JP,JP,ELE12,FOOD5,22.25,0,0
6466,JP,JP,RECRE,SUPPO,22.2,0,0
7009,JP,JP,SEACO,PUBLI,22.19,0,0
1016,JP,JP,CHEM1,MEATP,22.15,0,0
2297,JP,JP,ELEC2,NAPHT,22.13,0,0
2014,JP,JP,ELE12,CROPS,22.12,0,0
911,JP,JP,CERAM,ELECT,22.11,0,0
1217,JP,JP,COKEO,LEAD1,22.11,0,0
1041,JP,JP,CHEM1,PREC1,22.11,0,0
1255,JP,JP,COMPU,COKEO,22.1,0,0
6148,JP,JP,RAILW,CERAM,21.96,0,0
2153,JP,JP,ELEC1,INSUR,21.84,0,0
5531,JP,JP,PAPER,FORES,21.83,0,0
4001,JP,JP,INSUR,GLASS,21.83,0,0
190,JP,JP,AIRTR,MEMBE,21.79,0,0
2460,JP,JP,ELEC3,TEXTI,21.79,0,0
1571,JP,JP,DIST1,AIRTR,21.77,0,0
1736,JP,JP,DISTR,NAPHT,21.77,0,0
898,JP,JP,CERAM,93197,21.74,0,0
1024,JP,JP,CHEM1,NFERT,21.7,0,0
7592,JP,JP,WEARI,DAIRY,21.69,0,0
4198,JP,JP,KERO1,POSTT,21.65,0,0
6779,JP,JP,RETA1,WOODW,21.6,0,0
4720,JP,JP,MEDIC,CEMEN,21.6,0,0
6936,JP,JP,SANDC,PFERT,21.57,0,0
2895,JP,JP,ELEC8,NONME,21.56,0,0
2375,JP,JP,ELEC3,CONST,21.53,0,0
15,JP,JP,93197,CERAM,21.49,0,0
2535,JP,JP,ELEC4,NONME,21.49,0,0
5656,JP,JP,PFERT,OILSE,21.44,0,0
4743,JP,JP,MEDIC,MEDIC,21.44,0,0
5080,JP,JP,NATUR,MOTO1,21.44,0,0
4954,JP,JP,MOTOR,PADDY,21.42,0,0
5545,JP,JP,PAPER,MEATC,21.39,0,0
4416,JP,JP,LEAD1,RADIO,21.37,0,0
4792,JP,JP,MEMBE,CROPS,21.22,0,0
5736,JP,JP,PLAST,MEDIC,21.22,0,0
910,JP,JP,CERAM,EDUCA,21.1,0,0
1383,JP,JP,CONST,CHEMI,21.0,0,0
3216,JP,JP,FINAN,MEAT1,20.96,0,0
5768,JP,JP,POSTT,CEMEN,20.9,0,0
1457,JP,JP,CONST,PROCE,20.9,0,0
6413,JP,JP,RECRE,INSUR,20.89,0,0
405,JP,JP,AUXIL,PREC1,20.87,0,0
6592,JP,JP,RESEA,KERO1,20.82,0,0
4550,JP,JP,LIQUE,FOOD5,20.82,0,0
5090,JP,JP,NATUR,PAPER,20.73,0,0
4546,JP,JP,LIQUE,FABRI,20.68,0,0
4323,JP,JP,LANDT,MEAT1,20.65,0,0
47,JP,JP,93197,FOUND,20.58,0,0
426,JP,JP,AUXIL,STONE,20.58,0,0
7824,JP,JP,WOODW,RUBBE,20.53,0,0
2907,JP,JP,ELEC8,POSTT,20.53,0,0
914,JP,JP,CERAM,FOOD5,20.48,0,0
2546,JP,JP,ELEC4,POSTT,20.46,0,0
6557,JP,JP,RESEA,COKEO,20.45,0,0
2990,JP,JP,ELECT,MEATC,20.43,0,0
449,JP,JP,BASIC,BITUM,20.43,0,0
5340,JP,JP,NONSP,HEAVY,20.4,0,0
3089,JP,JP,FABRI,MEAT1,20.39,0,0
1600,JP,JP,DIST1,ELEC4,20.39,0,0
1318,JP,JP,COMPU,PADDY,20.37,0,0
1808,JP,JP,EDUCA,DIST1,20.34,0,0
2075,JP,JP,ELE12,PUBLI,20.27,0,0
7759,JP,JP,WOODW,BASIC,20.26,0,0
2067,JP,JP,ELE12,PLAST,20.24,0,0
4496,JP,JP,LEATH,RETA1,20.18,0,0
7270,JP,JP,SUPPO,VEGET,20.17,0,0
88,JP,JP,93197,PLAST,20.15,0,0
6400,JP,JP,RECRE,FINAN,20.15,0,0
690,JP,JP,BLAST,PAPER,20.11,0,0
1354,JP,JP,COMPU,TOBAC,20.06,0,0
2800,JP,JP,ELEC6,TRAN1,20.03,0,0
4116,JP,JP,KERO1,BEVER,19.99,0,0
6765,JP,JP,RETA1,STONE,19.96,0,0
2968,JP,JP,ELECT,ELE12,19.95,0,0
5570,JP,JP,PAPER,REALE,19.86,0,0
3412,JP,JP,FORES,CONST,19.85,0,0
5,JP,JP,93197,AUXIL,19.85,0,0
5235,JP,JP,NONME,CEMEN,19.82,0,0
6513,JP,JP,REFIN,KERO1,19.81,0,0
4584,JP,JP,LIQUE,PFERT,19.79,0,0
381,JP,JP,AUXIL,MEMBE,19.78,0,0
4560,JP,JP,LIQUE,KEROS,19.77,0,0
4057,JP,JP,INSUR,RETA1,19.75,0,0
1429,JP,JP,CONST,MEATC,19.69,0,0
240,JP,JP,AIRTR,WOODW,19.69,0,0
6315,JP,JP,REALE,MEMBE,19.68,0,0
5320,JP,JP,NONME,WHOLE,19.68,0,0
6562,JP,JP,RESEA,CRUDE,19.68,0,0
4157,JP,JP,KERO1,FOUND,19.66,0,0
941,JP,JP,CEREA,CEREA,19.64,0,0
4377,JP,JP,LANDT,SUGAR,19.61,0,0
6597,JP,JP,RESEA,LIQUE,19.58,0,0
2725,JP,JP,ELEC6,FISHF,19.58,0,0
6337,JP,JP,REALE,PULP5,19.56,0,0
2931,JP,JP,ELEC8,STONE,19.54,0,0
5773,JP,JP,POSTT,CHEMI,19.5,0,0
1266,JP,JP,COMPU,ELE12,19.48,0,0
2570,JP,JP,ELEC4,STONE,19.47,0,0
3188,JP,JP,FINAN,ELEC5,19.46,0,0
6608,JP,JP,RESEA,NAPHT,19.45,0,0
590,JP,JP,BITU1,ELEC2,19.44,0,0
4039,JP,JP,INSUR,PIGS9,19.44,0,0
1173,JP,JP,COKE1,RADIO,19.44,0,0
6027,JP,JP,PRIVA,CRUDE,19.43,0,0
2962,JP,JP,ELECT,CROPS,19.39,0,0
2150,JP,JP,ELEC1,HEAVY,19.39,0,0
5784,JP,JP,POSTT,DISTR,19.38,0,0
2946,JP,JP,ELEC8,WOODW,19.38,0,0
4025,JP,JP,INSUR,NATUR,19.35,0,0
1768,JP,JP,DISTR,SEACO,19.33,0,0
2585,JP,JP,ELEC4,WOODW,19.32,0,0
74,JP,JP,93197,NATUR,19.3,0,0
7481,JP,JP,TRANS,EDUCA,19.28,0,0
5980,JP,JP,PRINT,NONFE,19.27,0,0
2722,JP,JP,ELEC6,FABRI,19.27,0,0
7454,JP,JP,TRAN2,CRUDE,19.25,0,0
3017,JP,JP,ELECT,TRAN2,19.23,0,0
1863,JP,JP,EDUCA,RECRE,19.17,0,0
2919,JP,JP,ELEC8,REALE,19.13,0,0
5307,JP,JP,NONME,SALEM,19.07,0,0
4156,JP,JP,KERO1,FORES,19.07,0,0
2558,JP,JP,ELEC4,REALE,19.07,0,0
701,JP,JP,BLAST,REALE,19.04,0,0
1001,JP,JP,CHEM1,HEAVY,19.03,0,0
6268,JP,JP,REALE,CHEMI,19.01,0,0
3059,JP,JP,FABRI,ELEC2,18.94,0,0
7,JP,JP,93197,BEVER,18.93,0,0
2435,JP,JP,ELEC3,PRECI,18.9,0,0
6790,JP,JP,RUBBE,BRICK,18.89,0,0
7021,JP,JP,SEACO,SANDC,18.88,0,0
7708,JP,JP,WHITE,MOTO1,18.83,0,0
6462,JP,JP,RECRE,SANDC,18.81,0,0
924,JP,JP,CERAM,NONME,18.76,0,0
2911,JP,JP,ELEC8,PRINT,18.72,0,0
2550,JP,JP,ELEC4,PRINT,18.66,0,0
879,JP,JP,CEMEN,FURNI,18.64,0,0
1146,JP,JP,COKE1,FURNI,18.61,0,0
653,JP,JP,BLAST,COKEO,18.58,0,0
4932,JP,JP,MOTOR,HEALT,18.55,0,0
6518,JP,JP,REFIN,NAPHT,18.51,0,0
1670,JP,JP,DIST1,TRAN2,18.46,0,0
7837,JP,JP,WOODW,WEARI,18.44,0,0
7798,JP,JP,WOODW,MOTO1,18.44,0,0
3808,JP,JP,HEAVY,BITU1,18.4,0,0
1400,JP,JP,CONST,ELEC6,18.35,0,0
3003,JP,JP,ELECT,PIGS9,18.35,0,0
6040,JP,JP,PROCE,PUBLI,18.34,0,0
6789,JP,JP,RUBBE,BITUM,18.26,0,0
235,JP,JP,AIRTR,TRANS,18.25,0,0
5350,JP,JP,NONSP,NONME,18.22,0,0
2706,JP,JP,ELEC6,CHEM1,18.19,0,0
1858,JP,JP,EDUCA,PUBLI,18.15,0,0
4160,JP,JP,KERO1,GLASS,18.12,0,0
5364,JP,JP,OFFIC,BUSIN,18.12,0,0
6283,JP,JP,REALE,ELEC3,18.04,0,0
4659,JP,JP,LUBRI,RECRE,18.03,0,0
2285,JP,JP,ELEC2,LEATH,18.02,0,0
764,JP,JP,BUSIN,ELEC5,18.0,0,0
4228,JP,JP,KERO1,TRANS,17.95,0,0
2441,JP,JP,ELEC3,RADIO,17.94,0,0
5173,JP,JP,NONF1,ELEC2,17.92,0,0
3831,JP,JP,HEAVY,FISH5,17.92,0,0
1395,JP,JP,CONST,ELE11,17.88,0,0
296,JP,JP,ANIMA,HOTEL,17.88,0,0
580,JP,JP,BITU1,CHEM1,17.81,0,0
161,JP,JP,AIRTR,ELECT,17.75,0,0
2798,JP,JP,ELEC6,TEXTI,17.74,0,0
1725,JP,JP,DISTR,LEATH,17.73,0,0
2939,JP,JP,ELEC8,TRANS,17.71,0,0
6834,JP,JP,RUBBE,MEATP,17.7,0,0
4836,JP,JP,MEMBE,MEDIC,17.7,0,0
5942,JP,JP,PRINT,ELEC8,17.69,0,0
6314,JP,JP,REALE,MEDIC,17.69,0,0
2578,JP,JP,ELEC4,TRANS,17.65,0,0
7303,JP,JP,TEXTI,BUSIN,17.61,0,0
5776,JP,JP,POSTT,COKEO,17.59,0,0
4505,JP,JP,LEATH,TEXTI,17.59,0,0
2973,JP,JP,ELECT,ELEC6,17.58,0,0
326,JP,JP,AUXIL,CERAM,17.58,0,0
2712,JP,JP,ELEC6,CONST,17.53,0,0
2282,JP,JP,ELEC2,KEROS,17.52,0,0
3617,JP,JP,GASDI,FINAN,17.49,0,0
4210,JP,JP,KERO1,REALE,17.49,0,0
4663,JP,JP,LUBRI,RETA1,17.42,0,0
378,JP,JP,AUXIL,MEATC,17.38,0,0
4162,JP,JP,KERO1,HEAVY,17.37,0,0
6053,JP,JP,RADIO,93197,17.36,0,0
512,JP,JP,BIOG1,BASIC,17.33,0,0
5555,JP,JP,PAPER,PADDY,17.32,0,0
2677,JP,JP,ELEC5,SANDC,17.32,0,0
6043,JP,JP,PULP5,CHEM1,17.32,0,0
1377,JP,JP,CONST,CATTL,17.31,0,0
1244,JP,JP,COMPU,BRICK,17.3,0,0
5341,JP,JP,NONSP,KERO1,17.29,0,0
6660,JP,JP,RETA1,ALUM1,17.29,0,0
6126,JP,JP,RADIO,SUPPO,17.27,0,0
2368,JP,JP,ELEC3,CEMEN,17.25,0,0
282,JP,JP,ALUM1,TOBAC,17.23,0,0
168,JP,JP,AIRTR,FOUND,17.23,0,0
1723,JP,JP,DISTR,KEROS,17.23,0,0
7230,JP,JP,SUPPO,NONSP,17.23,0,0
7637,JP,JP,WEARI,NATUR,17.22,0,0
7538,JP,JP,VEGET,SUPPO,17.22,0,0
4736,JP,JP,MEDIC,GLASS,17.18,0,0
7271,JP,JP,SUPPO,WEARI,17.15,0,0
227,JP,JP,AIRTR,SEACO,17.15,0,0
195,JP,JP,AIRTR,NATUR,17.1,0,0
2357,JP,JP,ELEC3,93197,17.06,0,0
3410,JP,JP,FORES,CHEM1,17.04,0,0
6249,JP,JP,RAWMI,RAWMI,17.03,0,0
3660,JP,JP,GASDI,PIGS9,17.03,0,0
5298,JP,JP,NONME,PUBLI,16.98,0,0
3695,JP,JP,GASDI,WHEAT,16.98,0,0
5814,JP,JP,POSTT,LEAD1,16.95,0,0
7756,JP,JP,WOODW,ALUM1,16.93,0,0
7699,JP,JP,WHITE,FABRI,16.93,0,0
6443,JP,JP,RECRE,POSTT,16.91,0,0
6254,JP,JP,REALE,BASIC,16.88,0,0
2867,JP,JP,ELEC8,GASDI,16.87,0,0
2182,JP,JP,ELEC1,PADDY,16.85,0,0
2507,JP,JP,ELEC4,GASDI,16.82,0,0
508,JP,JP,BEVER,RETA1,16.77,0,0
4254,JP,JP,KEROS,REFIN,16.76,0,0
1039,JP,JP,CHEM1,POSTT,16.71,0,0
5918,JP,JP,PRINT,CEMEN,16.69,0,0
1869,JP,JP,EDUCA,RUBBE,16.64,0,0
4150,JP,JP,KERO1,ELECT,16.64,0,0
3018,JP,JP,ELECT,VEGE1,16.6,0,0
7317,JP,JP,TEXTI,FORES,16.58,0,0
294,JP,JP,ANIMA,FURNI,16.56,0,0
7311,JP,JP,TEXTI,ELECT,16.56,0,0
6572,JP,JP,RESEA,ELEC5,16.49,0,0
1081,JP,JP,CHEMI,GLASS,16.49,0,0
6603,JP,JP,RESEA,MEATP,16.48,0,0
4827,JP,JP,MEMBE,LEAD1,16.47,0,0
253,JP,JP,ALUM1,FISH5,16.45,0,0
2155,JP,JP,ELEC1,KERO1,16.44,0,0
2078,JP,JP,ELE12,RAILW,16.41,0,0
4473,JP,JP,LEATH,MOTO1,16.38,0,0
7391,JP,JP,TRAN1,DIST1,16.36,0,0
3540,JP,JP,FURNI,NATUR,16.36,0,0
7176,JP,JP,SUPPO,COALT,16.35,0,0
2891,JP,JP,ELEC8,NATUR,16.34,0,0
1283,JP,JP,COMPU,GASDI,16.33,0,0
6274,JP,JP,REALE,COPP1,16.32,0,0
5781,JP,JP,POSTT,CRUDE,16.31,0,0
2531,JP,JP,ELEC4,NATUR,16.29,0,0
2186,JP,JP,ELEC1,PFERT,16.28,0,0
968,JP,JP,CHEM1,CEREA,16.27,0,0
608,JP,JP,BITU1,LIQUE,16.26,0,0
5782,JP,JP,POSTT,DAIRY,16.24,0,0
977,JP,JP,CHEM1,COPP1,16.23,0,0
2133,JP,JP,ELEC1,CRUDE,16.2,0,0
5347,JP,JP,NONSP,NAPHT,16.15,0,0
665,JP,JP,BLAST,FOUND,16.13,0,0
1005,JP,JP,CHEM1,KERO1,16.13,0,0
3446,JP,JP,FOUND,EDUCA,16.12,0,0
96,JP,JP,93197,PULP5,16.1,0,0
3495,JP,JP,FURNI,DAIRY,16.1,0,0
7423,JP,JP,TRAN1,PADDY,16.08,0,0
2261,JP,JP,ELEC2,DISTR,16.08,0,0
4471,JP,JP,LEATH,MEDIC,16.03,0,0
141,JP,JP,AIRTR,CHEMI,16.01,0,0
6957,JP,JP,SEACO,COMPU,16.0,0,0
1223,JP,JP,COKEO,NONME,15.97,0,0
2350,JP,JP,ELEC2,VEGET,15.97,0,0
6189,JP,JP,RAILW,MEDIC,15.95,0,0
3097,JP,JP,FABRI,MOTOR,15.95,0,0
2423,JP,JP,ELEC3,OFFIC,15.95,0,0
1423,JP,JP,CONST,LEATH,15.94,0,0
1572,JP,JP,DIST1,ALUM1,15.94,0,0
7821,JP,JP,WOODW,RESEA,15.92,0,0
4980,JP,JP,MOTOR,VEGET,15.91,0,0
3756,JP,JP,GLASS,TEXTI,15.91,0,0
2849,JP,JP,ELEC8,COMPU,15.9,0,0
4137,JP,JP,KERO1,DAIRY,15.88,0,0
3819,JP,JP,HEAVY,COKEO,15.87,0,0
2490,JP,JP,ELEC4,COMPU,15.85,0,0
3654,JP,JP,GASDI,OILSE,15.85,0,0
69,JP,JP,93197,MEMBE,15.77,0,0
4381,JP,JP,LANDT,TRAN1,15.77,0,0
3419,JP,JP,FORES,FURNI,15.75,0,0
1780,JP,JP,DISTR,VEGET,15.7,0,0
846,JP,JP,BUSIN,VEGET,15.68,0,0
2440,JP,JP,ELEC3,PULP5,15.66,0,0
779,JP,JP,BUSIN,HEAVY,15.65,0,0
4963,JP,JP,MOTOR,RADIO,15.6,0,0
22,JP,JP,93197,COKEO,15.58,0,0
135,JP,JP,AIRTR,BRICK,15.57,0,0
3823,JP,JP,HEAVY,CROPS,15.54,0,0
1145,JP,JP,COKE1,FOUND,15.5,0,0
2293,JP,JP,ELEC2,MEDIC,15.49,0,0
7424,JP,JP,TRAN1,PFERT,15.47,0,0
800,JP,JP,BUSIN,NATU1,15.45,0,0
1776,JP,JP,DISTR,TRAN1,15.44,0,0
5302,JP,JP,NONME,RECRE,15.42,0,0
2470,JP,JP,ELEC3,WHOLE,15.41,0,0
3429,JP,JP,FORES,NONFE,15.4,0,0
6593,JP,JP,RESEA,KEROS,15.4,0,0
903,JP,JP,CERAM,CEMEN,15.39,0,0
2773,JP,JP,ELEC6,PRECI,15.38,0,0
2652,JP,JP,ELEC5,PAPER,15.38,0,0
2876,JP,JP,ELEC8,LANDT,15.38,0,0
407,JP,JP,AUXIL,PRIVA,15.37,0,0
457,JP,JP,BASIC,CRUDE,15.36,0,0
2171,JP,JP,ELEC1,NAPHT,15.35,0,0
2516,JP,JP,ELEC4,LANDT,15.33,0,0
7305,JP,JP,TEXTI,CHEM1,15.3,0,0
2877,JP,JP,ELEC8,LEAD1,15.28,0,0
6022,JP,JP,PRINT,VEGE1,15.27,0,0
7536,JP,JP,VEGET,PUBLI,15.26,0,0
4189,JP,JP,KERO1,OFFIC,15.25,0,0
1733,JP,JP,DISTR,MEDIC,15.23,0,0
2517,JP,JP,ELEC4,LEAD1,15.23,0,0
3848,JP,JP,HEAVY,LEAD1,15.23,0,0
3785,JP,JP,HEALT,POSTT,15.16,0,0
6276,JP,JP,REALE,CRUDE,15.1,0,0
4022,JP,JP,INSUR,MOTOR,15.1,0,0
3220,JP,JP,FINAN,MEATP,15.1,0,0
3117,JP,JP,FABRI,POULT,15.08,0,0
1021,JP,JP,CHEM1,NAPHT,15.07,0,0
6281,JP,JP,REALE,ELE12,15.06,0,0
4795,JP,JP,MEMBE,DIST1,15.03,0,0
4706,JP,JP,MEATP,93197,14.97,0,0
6453,JP,JP,RECRE,REALE,14.96,0,0
5193,JP,JP,NONF1,MEMBE,14.96,0,0
6504,JP,JP,REFIN,ELEC1,14.93,0,0
4235,JP,JP,KERO1,WOODW,14.92,0,0
5064,JP,JP,NATUR,FABRI,14.91,0,0
1164,JP,JP,COKE1,PAPER,14.9,0,0
1454,JP,JP,CONST,POULT,14.9,0,0
3778,JP,JP,HEALT,HOTEL,14.89,0,0
4187,JP,JP,KERO1,NONME,14.88,0,0
4327,JP,JP,LANDT,MEATP,14.88,0,0
6699,JP,JP,RETA1,FISH5,14.87,0,0
2830,JP,JP,ELEC8,ALUM1,14.87,0,0
2861,JP,JP,ELEC8,FISH5,14.86,0,0
3817,JP,JP,HEAVY,CHEMI,14.86,0,0
1850,JP,JP,EDUCA,NONME,14.85,0,0
5053,JP,JP,NATUR,CHEM1,14.84,0,0
2474,JP,JP,ELEC4,ALUM1,14.82,0,0
2501,JP,JP,ELEC4,FISH5,14.81,0,0
4128,JP,JP,KERO1,CHEMI,14.74,0,0
4166,JP,JP,KERO1,KERO1,14.72,0,0
1068,JP,JP,CHEM1,WHEAT,14.69,0,0
3093,JP,JP,FABRI,MEATP,14.69,0,0
6514,JP,JP,REFIN,KEROS,14.65,0,0
2033,JP,JP,ELE12,HOTEL,14.63,0,0
6492,JP,JP,REFI1,REFI1,14.6,0,0
4058,JP,JP,INSUR,RETAI,14.6,0,0
2779,JP,JP,ELEC6,RADIO,14.6,0,0
3224,JP,JP,FINAN,MOTOR,14.6,0,0
7257,JP,JP,SUPPO,SALEM,14.56,0,0
3004,JP,JP,ELECT,POULT,14.56,0,0
7486,JP,JP,TRANS,RESEA,14.52,0,0
341,JP,JP,AUXIL,DISTR,14.51,0,0
7316,JP,JP,TEXTI,FOOD5,14.48,0,0
5880,JP,JP,POULT,93197,14.45,0,0
5688,JP,JP,PIGS9,PIGS9,14.44,0,0
3242,JP,JP,FINAN,PIGS9,14.44,0,0
7760,JP,JP,WOODW,BEVER,14.42,0,0
4048,JP,JP,INSUR,PULP5,14.41,0,0
2851,JP,JP,ELEC8,COPP1,14.39,0,0
6554,JP,JP,RESEA,CHEMI,14.38,0,0
4047,JP,JP,INSUR,PUBLI,14.38,0,0
2492,JP,JP,ELEC4,COPP1,14.34,0,0
2049,JP,JP,ELE12,MOTO1,14.33,0,0
7229,JP,JP,SUPPO,NONME,14.32,0,0
1010,JP,JP,CHEM1,LIQUE,14.31,0,0
1598,JP,JP,DIST1,ELEC2,14.31,0,0
2963,JP,JP,ELECT,CRUDE,14.27,0,0
6486,JP,JP,REFI1,LUBRI,14.23,0,0
7631,JP,JP,WEARI,MEDIC,14.18,0,0
6291,JP,JP,REALE,FISH5,14.14,0,0
6156,JP,JP,RAILW,COPP1,14.11,0,0
1174,JP,JP,COKE1,REALE,14.11,0,0
451,JP,JP,BASIC,CEMEN,14.11,0,0
1823,JP,JP,EDUCA,FOUND,14.1,0,0
4529,JP,JP,LIQUE,COKE1,14.09,0,0
1385,JP,JP,CONST,COKE1,14.09,0,0
3592,JP,JP,GASDI,BEVER,14.09,0,0
4293,JP,JP,LANDT,ELEC3,14.07,0,0
2704,JP,JP,ELEC6,CEMEN,14.04,0,0
1031,JP,JP,CHEM1,OILSE,14.03,0,0
862,JP,JP,CATTL,RAWMI,14.01,0,0
2920,JP,JP,ELEC8,RECRE,13.97,0,0
5841,JP,JP,POSTT,PFERT,13.95,0,0
2559,JP,JP,ELEC4,RECRE,13.92,0,0
5683,JP,JP,PIGS9,FOOD5,13.89,0,0
2691,JP,JP,ELEC6,93197,13.88,0,0
7127,JP,JP,STONE,PFERT,13.87,0,0
5522,JP,JP,PAPER,CROPS,13.85,0,0
7785,JP,JP,WOODW,FOUND,13.81,0,0
5977,JP,JP,PRINT,NATUR,13.76,0,0
4181,JP,JP,KERO1,NAPHT,13.75,0,0
3064,JP,JP,FABRI,ELEC8,13.75,0,0
4781,JP,JP,MEMBE,CATTL,13.73,0,0
5410,JP,JP,OXYGE,FABRI,13.71,0,0
6158,JP,JP,RAILW,CRUDE,13.68,0,0
6187,JP,JP,RAILW,MEATC,13.68,0,0
117,JP,JP,93197,TRANS,13.66,0,0
2087,JP,JP,ELE12,RUBBE,13.64,0,0
4217,JP,JP,KERO1,RUBBE,13.64,0,0
372,JP,JP,AUXIL,LEATH,13.64,0,0
6772,JP,JP,RETA1,TRAN2,13.62,0,0
7825,JP,JP,WOODW,SALEM,13.56,0,0
395,JP,JP,AUXIL,PADDY,13.51,0,0
3596,JP,JP,GASDI,BRICK,13.49,0,0
3411,JP,JP,FORES,CHEMI,13.45,0,0
4909,JP,JP,MOTOR,BUSIN,13.43,0,0
3905,JP,JP,HEAVY,TRANS,13.41,0,0
2413,JP,JP,ELEC3,MOTOR,13.37,0,0
5521,JP,JP,PAPER,COPP1,13.36,0,0
4735,JP,JP,MEDIC,FOUND,13.34,0,0
5737,JP,JP,PLAST,MEMBE,13.33,0,0
5032,JP,JP,NATU1,HEAVY,13.32,0,0
7723,JP,JP,WHOLE,COKEO,13.3,0,0
784,JP,JP,BUSIN,KERO1,13.26,0,0
1178,JP,JP,COKE1,RUBBE,13.26,0,0
6330,JP,JP,REALE,PFERT,13.2,0,0
6064,JP,JP,RADIO,CHEM1,13.18,0,0
4464,JP,JP,LEATH,HOTEL,13.12,0,0
295,JP,JP,ANIMA,HEALT,13.1,0,0
6192,JP,JP,RAILW,MOTOR,13.06,0,0
722,JP,JP,BRICK,HEALT,13.02,0,0
4311,JP,JP,LANDT,HEAVY,13.02,0,0
4221,JP,JP,KERO1,STONE,12.99,0,0
947,JP,JP,CEREA,RAWMI,12.98,0,0
2760,JP,JP,ELEC6,OFFIC,12.98,0,0
6056,JP,JP,RADIO,AUXIL,12.94,0,0
2242,JP,JP,ELEC2,BRICK,12.93,0,0
399,JP,JP,AUXIL,PFERT,12.93,0,0
3898,JP,JP,HEAVY,STONE,12.92,0,0
3908,JP,JP,HEAVY,WEARI,12.91,0,0
6141,JP,JP,RAILW,BEVER,12.91,0,0
4124,JP,JP,KERO1,CERAM,12.91,0,0
2913,JP,JP,ELEC8,PROCE,12.9,0,0
6556,JP,JP,RESEA,COKE1,12.87,0,0
7020,JP,JP,SEACO,SALEM,12.87,0,0
4132,JP,JP,KERO1,COMPU,12.87,0,0
2552,JP,JP,ELEC4,PROCE,12.86,0,0
7120,JP,JP,STONE,FOUND,12.86,0,0
2467,JP,JP,ELEC3,WEARI,12.86,0,0
602,JP,JP,BITU1,GLASS,12.82,0,0
7809,JP,JP,WOODW,PIGS9,12.8,0,0
2031,JP,JP,ELE12,HEALT,12.8,0,0
5342,JP,JP,NONSP,KEROS,12.78,0,0
5939,JP,JP,PRINT,ELEC4,12.77,0,0
1734,JP,JP,DISTR,MEMBE,12.74,0,0
2778,JP,JP,ELEC6,PULP5,12.74,0,0
3866,JP,JP,HEAVY,NONSP,12.74,0,0
1687,JP,JP,DISTR,BRICK,12.72,0,0
4626,JP,JP,LUBRI,EDUCA,12.71,0,0
1391,JP,JP,CONST,CRUDE,12.7,0,0
2893,JP,JP,ELEC8,NONF1,12.69,0,0
3891,JP,JP,HEAVY,RESEA,12.68,0,0
4134,JP,JP,KERO1,COPP1,12.66,0,0
589,JP,JP,BITU1,ELEC1,12.65,0,0
2533,JP,JP,ELEC4,NONF1,12.65,0,0
560,JP,JP,BIOG1,SALEM,12.63,0,0
5979,JP,JP,PRINT,NONF1,12.63,0,0
2028,JP,JP,ELE12,FURNI,12.61,0,0
7632,JP,JP,WEARI,MEMBE,12.6,0,0
6900,JP,JP,SALEM,MEMBE,12.58,0,0
3979,JP,JP,INSUR,DAIRY,12.56,0,0
2808,JP,JP,ELEC6,WHOLE,12.54,0,0
5190,JP,JP,NONF1,LEATH,12.52,0,0
3650,JP,JP,GASDI,NONFE,12.52,0,0
2159,JP,JP,ELEC1,LEATH,12.5,0,0
4811,JP,JP,MEMBE,FISHF,12.48,0,0
4512,JP,JP,LEATH,WHOLE,12.48,0,0
3746,JP,JP,GLASS,RECRE,12.45,0,0
7337,JP,JP,TEXTI,PFERT,12.41,0,0
455,JP,JP,BASIC,COALT,12.41,0,0
799,JP,JP,BUSIN,NAPHT,12.39,0,0
894,JP,JP,CEMEN,SANDC,12.39,0,0
4564,JP,JP,LIQUE,LIQUE,12.35,0,0
2854,JP,JP,ELEC8,DAIRY,12.34,0,0
380,JP,JP,AUXIL,MEDIC,12.32,0,0
1669,JP,JP,DIST1,TRAN1,12.32,0,0
2495,JP,JP,ELEC4,DAIRY,12.29,0,0
721,JP,JP,BRICK,FABRI,12.28,0,0
1132,JP,JP,COKE1,COKEO,12.26,0,0
3043,JP,JP,FABRI,CHEMI,12.25,0,0
7664,JP,JP,WEARI,RETAI,12.24,0,0
14,JP,JP,93197,CEMEN,12.24,0,0
6781,JP,JP,RUBBE,AIRTR,12.2,0,0
2865,JP,JP,ELEC8,FOUND,12.17,0,0
6950,JP,JP,SEACO,BUSIN,12.16,0,0
2088,JP,JP,ELE12,SALEM,12.16,0,0
2156,JP,JP,ELEC1,KEROS,12.15,0,0
7155,JP,JP,SUGAR,SUGA1,12.15,0,0
5084,JP,JP,NATUR,NATUR,12.14,0,0
1673,JP,JP,DIST1,WEARI,12.13,0,0
2505,JP,JP,ELEC4,FOUND,12.13,0,0
1647,JP,JP,DIST1,PREC1,12.1,0,0
3818,JP,JP,HEAVY,COALT,12.08,0,0
2258,JP,JP,ELEC2,CRUDE,12.06,0,0
2019,JP,JP,ELE12,EDUCA,12.05,0,0
1270,JP,JP,COMPU,ELEC5,12.05,0,0
3748,JP,JP,GLASS,RETA1,12.03,0,0
1628,JP,JP,DIST1,MEATC,12.01,0,0
2095,JP,JP,ELE12,SUPPO,11.99,0,0
4178,JP,JP,KERO1,MEMBE,11.97,0,0
2224,JP,JP,ELEC1,VEGET,11.96,0,0
3455,JP,JP,FOUND,LEATH,11.94,0,0
7407,JP,JP,TRAN1,LEATH,11.94,0,0
4050,JP,JP,INSUR,RAILW,11.93,0,0
1006,JP,JP,CHEM1,KEROS,11.93,0,0
6546,JP,JP,RESEA,BITUM,11.91,0,0
5568,JP,JP,PAPER,RAILW,11.88,0,0
3,JP,JP,93197,ALUM1,11.87,0,0
1702,JP,JP,DISTR,CRUDE,11.87,0,0
2616,JP,JP,ELEC5,FOOD5,11.84,0,0
7762,JP,JP,WOODW,BRICK,11.83,0,0
4633,JP,JP,LUBRI,HEAVY,11.83,0,0
4397,JP,JP,LEAD1,CONST,11.82,0,0
4131,JP,JP,KERO1,COKEO,11.82,0,0
3399,JP,JP,FOOD5,RUBBE,11.8,0,0
1554,JP,JP,DAIRY,FURNI,11.78,0,0
1110,JP,JP,COALT,NONME,11.78,0,0
4522,JP,JP,LIQUE,BLAST,11.78,0,0
1374,JP,JP,CONST,BLAST,11.78,0,0
4018,JP,JP,INSUR,MEATC,11.74,0,0
3626,JP,JP,GASDI,HEAVY,11.73,0,0
6051,JP,JP,PULP5,TOBAC,11.72,0,0
3497,JP,JP,FURNI,DISTR,11.66,0,0
7778,JP,JP,WOODW,ELECT,11.66,0,0
6942,JP,JP,SEACO,93197,11.64,0,0
6261,JP,JP,REALE,BRICK,11.63,0,0
6966,JP,JP,SEACO,FINAN,11.63,0,0
6561,JP,JP,RESEA,CROPS,11.63,0,0
5363,JP,JP,OFFIC,93197,11.62,0,0
1790,JP,JP,EDUCA,BEVER,11.62,0,0
2363,JP,JP,ELEC3,BEVER,11.6,0,0
4465,JP,JP,LEATH,INSUR,11.59,0,0
4148,JP,JP,KERO1,ELEC6,11.59,0,0
3230,JP,JP,FINAN,NONFE,11.59,0,0
5763,JP,JP,POSTT,BITUM,11.57,0,0
198,JP,JP,AIRTR,NONFE,11.56,0,0
5730,JP,JP,PLAST,FABRI,11.55,0,0
5088,JP,JP,NATUR,OFFIC,11.5,0,0
4855,JP,JP,MEMBE,PFERT,11.5,0,0
5067,JP,JP,NATUR,FOUND,11.48,0,0
19,JP,JP,93197,CHEMI,11.46,0,0
689,JP,JP,BLAST,OFFIC,11.44,0,0
7115,JP,JP,STONE,CHEM1,11.42,0,0
4551,JP,JP,LIQUE,FOUND,11.41,0,0
3121,JP,JP,FABRI,PULP5,11.37,0,0
3295,JP,JP,FISH5,PUBLI,11.35,0,0
4197,JP,JP,KERO1,PLAST,11.35,0,0
1591,JP,JP,DIST1,DAIRY,11.34,0,0
114,JP,JP,93197,TEXTI,11.33,0,0
1762,JP,JP,DISTR,RAWMI,11.33,0,0
115,JP,JP,93197,TOBAC,11.32,0,0
1131,JP,JP,COKE1,COKE1,11.31,0,0
4999,JP,JP,NAPHT,HEAVY,11.3,0,0
5033,JP,JP,NATU1,KERO1,11.29,0,0
715,JP,JP,BLAST,WHOLE,11.27,0,0
1328,JP,JP,COMPU,PREC1,11.27,0,0
3470,JP,JP,FOUND,WOODW,11.26,0,0
7392,JP,JP,TRAN1,DISTR,11.26,0,0
3069,JP,JP,FABRI,FISHF,11.24,0,0
6703,JP,JP,RETA1,FOUND,11.24,0,0
4927,JP,JP,MOTOR,FORES,11.24,0,0
1182,JP,JP,COKE1,TEXTI,11.23,0,0
1246,JP,JP,COMPU,CATTL,11.22,0,0
6857,JP,JP,RUBBE,POULT,11.22,0,0
192,JP,JP,AIRTR,MOTOR,11.21,0,0
1543,JP,JP,DAIRY,93197,11.21,0,0
5268,JP,JP,NONME,HOTEL,11.18,0,0
1663,JP,JP,DIST1,STEAM,11.18,0,0
7722,JP,JP,WHITE,TRANS,11.17,0,0
3980,JP,JP,INSUR,DIST1,11.13,0,0
43,JP,JP,93197,FISH5,11.13,0,0
2314,JP,JP,ELEC2,PIGS9,11.11,0,0
138,JP,JP,AIRTR,CERAM,11.1,0,0
3189,JP,JP,FINAN,ELEC6,11.1,0,0
5503,JP,JP,PAPER,AIRTR,11.09,0,0
2858,JP,JP,ELEC8,ELECT,11.08,0,0
2286,JP,JP,ELEC2,LIQUE,11.05,0,0
2498,JP,JP,ELEC4,ELECT,11.04,0,0
4316,JP,JP,LANDT,KERO1,11.03,0,0
6270,JP,JP,REALE,COKE1,11.02,0,0
5048,JP,JP,NATUR,BEVER,11.0,0,0
1797,JP,JP,EDUCA,CEMEN,10.99,0,0
1358,JP,JP,COMPU,VEGE1,10.98,0,0
6137,JP,JP,RAILW,AIRTR,10.98,0,0
4713,JP,JP,MEATP,PUBLI,10.94,0,0
1752,JP,JP,DISTR,PIGS9,10.93,0,0
1091,JP,JP,CHEMI,RUBBE,10.92,0,0
6843,JP,JP,RUBBE,NONFE,10.91,0,0
3080,JP,JP,FABRI,INSUR,10.9,0,0
4153,JP,JP,KERO1,FISH5,10.9,0,0
4887,JP,JP,MEMBE,TRAN2,10.89,0,0
5466,JP,JP,PADDY,FORES,10.89,0,0
4167,JP,JP,KERO1,KEROS,10.88,0,0
2751,JP,JP,ELEC6,MOTOR,10.88,0,0
1726,JP,JP,DISTR,LIQUE,10.87,0,0
5793,JP,JP,POSTT,ELEC8,10.86,0,0
2347,JP,JP,ELEC2,TRAN2,10.82,0,0
357,JP,JP,AUXIL,FORES,10.8,0,0
2663,JP,JP,ELEC5,PUBLI,10.78,0,0
5825,JP,JP,POSTT,MOTOR,10.78,0,0
2655,JP,JP,ELEC5,PLAST,10.77,0,0
1494,JP,JP,CROPS,ANIMA,10.76,0,0
6547,JP,JP,RESEA,BLAST,10.76,0,0
718,JP,JP,BRICK,CEMEN,10.76,0,0
1436,JP,JP,CONST,NATU1,10.75,0,0
2334,JP,JP,ELEC2,RETAI,10.74,0,0
7780,JP,JP,WOODW,FINAN,10.74,0,0
2167,JP,JP,ELEC1,MEDIC,10.74,0,0
2154,JP,JP,ELEC1,IRONO,10.64,0,0
28,JP,JP,93197,DAIRY,10.64,0,0
3246,JP,JP,FINAN,POULT,10.61,0,0
6842,JP,JP,RUBBE,NONF1,10.6,0,0
7188,JP,JP,SUPPO,ELEC2,10.6,0,0
5670,JP,JP,PFERT,RECRE,10.58,0,0
616,JP,JP,BITU1,NONME,10.57,0,0
7444,JP,JP,TRAN1,VEGET,10.57,0,0
5038,JP,JP,NATU1,NAPHT,10.54,0,0
4438,JP,JP,LEATH,COMPU,10.53,0,0
2420,JP,JP,ELEC3,NONME,10.52,0,0
3795,JP,JP,HEALT,RETA1,10.51,0,0
6724,JP,JP,RETA1,MEDIC,10.5,0,0
410,JP,JP,AUXIL,PULP5,10.5,0,0
4513,JP,JP,LEATH,WOODW,10.49,0,0
4629,JP,JP,LUBRI,FISHF,10.48,0,0
7772,JP,JP,WOODW,COPP1,10.47,0,0
4028,JP,JP,INSUR,NONFE,10.47,0,0
2805,JP,JP,ELEC6,WEARI,10.46,0,0
7677,JP,JP,WEARI,VEGE1,10.43,0,0
6237,JP,JP,RAILW,TRAN2,10.43,0,0
127,JP,JP,AIRTR,AUXIL,10.39,0,0
2021,JP,JP,ELE12,FABRI,10.35,0,0
1711,JP,JP,DISTR,FISHF,10.35,0,0
6501,JP,JP,REFIN,DIST1,10.34,0,0
3427,JP,JP,FORES,NATUR,10.34,0,0
1530,JP,JP,CRUDE,HEAVY,10.32,0,0
4332,JP,JP,LANDT,NAPHT,10.31,0,0
3579,JP,JP,FURNI,TRAN2,10.3,0,0
2231,JP,JP,ELEC2,AIRTR,10.27,0,0
5798,JP,JP,POSTT,FISHF,10.27,0,0
7413,JP,JP,TRAN1,MEDIC,10.26,0,0
4342,JP,JP,LANDT,OILSE,10.24,0,0
7529,JP,JP,VEGET,CHEM1,10.23,0,0
4656,JP,JP,LUBRI,RAILW,10.23,0,0
6264,JP,JP,REALE,CEMEN,10.23,0,0
30,JP,JP,93197,DISTR,10.22,0,0
6092,JP,JP,RADIO,INSUR,10.2,0,0
371,JP,JP,AUXIL,LEAD1,10.2,0,0
6023,JP,JP,PRINT,VEGET,10.2,0,0
4458,JP,JP,LEATH,FOOD5,10.19,0,0
1196,JP,JP,COKEO,CHEM1,10.16,0,0
3054,JP,JP,FABRI,DISTR,10.15,0,0
5030,JP,JP,NATU1,ELEC2,10.15,0,0
5295,JP,JP,NONME,PREC1,10.13,0,0
5172,JP,JP,NONF1,ELEC1,10.12,0,0
6587,JP,JP,RESEA,HEALT,10.11,0,0
765,JP,JP,BUSIN,ELEC6,10.09,0,0
5447,JP,JP,OXYGE,RETA1,10.08,0,0
4976,JP,JP,MOTOR,TEXTI,10.05,0,0
7252,JP,JP,SUPPO,REFIN,10.05,0,0
2842,JP,JP,ELEC8,CERAM,10.05,0,0
3177,JP,JP,FINAN,CROPS,10.03,0,0
1972,JP,JP,ELE11,RESEA,10.03,0,0
4637,JP,JP,LUBRI,KERO1,10.02,0,0
7223,JP,JP,SUPPO,MEMBE,10.02,0,0
2432,JP,JP,ELEC3,POSTT,10.02,0,0
2484,JP,JP,ELEC4,CERAM,10.01,0,0
693,JP,JP,BLAST,POSTT,9.98,0,0
61,JP,JP,93197,LEATH,9.97,0,0
420,JP,JP,AUXIL,RETAI,9.97,0,0
1455,JP,JP,CONST,PREC1,9.97,0,0
7110,JP,JP,STEAM,WEARI,9.96,0,0
4333,JP,JP,LANDT,NATU1,9.95,0,0
3630,JP,JP,GASDI,KERO1,9.94,0,0
4454,JP,JP,LEATH,FABRI,9.94,0,0
912,JP,JP,CERAM,FABRI,9.92,0,0
5389,JP,JP,OILSE,FOOD5,9.92,0,0
6798,JP,JP,RUBBE,CHEMI,9.89,0,0
7097,JP,JP,STEAM,RADIO,9.88,0,0
3375,JP,JP,FOOD5,FURNI,9.86,0,0
7180,JP,JP,SUPPO,COPP1,9.86,0,0
6840,JP,JP,RUBBE,NATUR,9.84,0,0
6611,JP,JP,RESEA,NFERT,9.83,0,0
3668,JP,JP,GASDI,PULP5,9.83,0,0
7260,JP,JP,SUPPO,STONE,9.83,0,0
3074,JP,JP,FABRI,GASDI,9.82,0,0
1809,JP,JP,EDUCA,DISTR,9.81,0,0
5925,JP,JP,PRINT,COKEO,9.81,0,0
4863,JP,JP,MEMBE,PROCE,9.81,0,0
785,JP,JP,BUSIN,KEROS,9.81,0,0
6759,JP,JP,RETA1,RETAI,9.78,0,0
6147,JP,JP,RAILW,CEMEN,9.77,0,0
2006,JP,JP,ELE12,CHEM1,9.77,0,0
6182,JP,JP,RAILW,LEATH,9.76,0,0
3459,JP,JP,FOUND,NONME,9.73,0,0
4859,JP,JP,MEMBE,POULT,9.72,0,0
7135,JP,JP,SUGA1,CHEM1,9.7,0,0
287,JP,JP,ANIMA,ANIMA,9.68,0,0
818,JP,JP,BUSIN,POULT,9.67,0,0
5107,JP,JP,NFERT,93197,9.65,0,0
217,JP,JP,AIRTR,REALE,9.64,0,0
5114,JP,JP,NFERT,CONST,9.6,0,0
5000,JP,JP,NAPHT,KERO1,9.58,0,0
454,JP,JP,BASIC,CHEMI,9.56,0,0
4387,JP,JP,LANDT,WHEAT,9.56,0,0
3985,JP,JP,INSUR,ELEC2,9.54,0,0
2456,JP,JP,ELEC3,STONE,9.53,0,0
2096,JP,JP,ELE12,TEXTI,9.53,0,0
279,JP,JP,ALUM1,SALEM,9.51,0,0
1584,JP,JP,DIST1,COKE1,9.51,0,0
6976,JP,JP,SEACO,HOTEL,9.49,0,0
7214,JP,JP,SUPPO,LEATH,9.49,0,0
1515,JP,JP,CROPS,PULP5,9.48,0,0
2471,JP,JP,ELEC3,WOODW,9.46,0,0
6144,JP,JP,RAILW,BITUM,9.45,0,0
1124,JP,JP,COKE1,BLAST,9.45,0,0
2697,JP,JP,ELEC6,BEVER,9.44,0,0
7001,JP,JP,SEACO,OFFIC,9.44,0,0
171,JP,JP,AIRTR,GLASS,9.43,0,0
7403,JP,JP,TRAN1,INSUR,9.41,0,0
2012,JP,JP,ELE12,CONST,9.41,0,0
4644,JP,JP,LUBRI,NAPHT,9.36,0,0
2444,JP,JP,ELEC3,REALE,9.34,0,0
1888,JP,JP,ELE11,BASIC,9.33,0,0
2868,JP,JP,ELEC8,GLASS,9.33,0,0
6800,JP,JP,RUBBE,COKEO,9.33,0,0
1879,JP,JP,EDUCA,TRANS,9.31,0,0
4000,JP,JP,INSUR,GASDI,9.3,0,0
2508,JP,JP,ELEC4,GLASS,9.3,0,0
3646,JP,JP,GASDI,NAPHT,9.29,0,0
1565,JP,JP,DAIRY,PUBLI,9.29,0,0
3401,JP,JP,FOOD5,SUGA1,9.28,0,0
3629,JP,JP,GASDI,IRONO,9.27,0,0
41,JP,JP,93197,FABRI,9.24,0,0
2912,JP,JP,ELEC8,PRIVA,9.21,0,0
6260,JP,JP,REALE,BLAST,9.21,0,0
4762,JP,JP,MEDIC,TRAN2,9.21,0,0
3035,JP,JP,FABRI,BRICK,9.19,0,0
6028,JP,JP,PRIVA,IRONO,9.18,0,0
2551,JP,JP,ELEC4,PRIVA,9.18,0,0
4291,JP,JP,LANDT,ELE12,9.18,0,0
6722,JP,JP,RETA1,MEATC,9.17,0,0
579,JP,JP,BITU1,CERAM,9.14,0,0
6515,JP,JP,REFIN,LIQUE,9.13,0,0
2436,JP,JP,ELEC3,PRINT,9.13,0,0
661,JP,JP,BLAST,ELECT,9.12,0,0
1278,JP,JP,COMPU,FISHF,9.1,0,0
7802,JP,JP,WOODW,NONF1,9.1,0,0
5460,JP,JP,PADDY,ANIMA,9.1,0,0
4868,JP,JP,MEMBE,RAWMI,9.09,0,0
3099,JP,JP,FABRI,NATU1,9.09,0,0
7639,JP,JP,WEARI,NONF1,9.07,0,0
789,JP,JP,BUSIN,LIQUE,9.05,0,0
719,JP,JP,BRICK,CERAM,9.05,0,0
6321,JP,JP,REALE,NONF1,9.02,0,0
3201,JP,JP,FINAN,GASDI,8.99,0,0
1231,JP,JP,COKEO,TRANS,8.98,0,0
2118,JP,JP,ELEC1,BRICK,8.97,0,0
3172,JP,JP,FINAN,COKE1,8.96,0,0
4192,JP,JP,KERO1,PAPER,8.96,0,0
3473,JP,JP,FURNI,ALUM1,8.95,0,0
5007,JP,JP,NAPHT,NAPHT,8.95,0,0
7024,JP,JP,SEACO,SUPPO,8.93,0,0
3882,JP,JP,HEAVY,PUBLI,8.9,0,0
7007,JP,JP,SEACO,PRINT,8.89,0,0
4144,JP,JP,KERO1,ELEC2,8.89,0,0
2717,JP,JP,ELEC6,DIST1,8.87,0,0
4782,JP,JP,MEMBE,CEMEN,8.86,0,0
6294,JP,JP,REALE,FORES,8.85,0,0
4260,JP,JP,LANDT,ANIMA,8.83,0,0
4669,JP,JP,LUBRI,VEGET,8.83,0,0
1023,JP,JP,CHEM1,NATUR,8.81,0,0
4152,JP,JP,KERO1,FINAN,8.78,0,0
1008,JP,JP,CHEM1,LEAD1,8.76,0,0
5913,JP,JP,PRINT,BITUM,8.76,0,0
1531,JP,JP,CRUDE,KERO1,8.75,0,0
4796,JP,JP,MEMBE,DISTR,8.75,0,0
5672,JP,JP,PFERT,SANDC,8.74,0,0
1474,JP,JP,CONST,TOBAC,8.73,0,0
2894,JP,JP,ELEC8,NONFE,8.73,0,0
2666,JP,JP,ELEC5,RAILW,8.73,0,0
2839,JP,JP,ELEC8,BUSIN,8.71,0,0
2534,JP,JP,ELEC4,NONFE,8.7,0,0
709,JP,JP,BLAST,TEXTI,8.69,0,0
1689,JP,JP,DISTR,CATTL,8.68,0,0
7517,JP,JP,VEGE1,NONME,8.68,0,0
2481,JP,JP,ELEC4,BUSIN,8.68,0,0
5650,JP,JP,PFERT,MEMBE,8.67,0,0
1190,JP,JP,COKEO,93197,8.66,0,0
2464,JP,JP,ELEC3,TRANS,8.64,0,0
7580,JP,JP,WEARI,CEMEN,8.64,0,0
3799,JP,JP,HEALT,WHOLE,8.62,0,0
4632,JP,JP,LUBRI,HEALT,8.61,0,0
3496,JP,JP,FURNI,DIST1,8.59,0,0
2758,JP,JP,ELEC6,NONME,8.56,0,0
7377,JP,JP,TRAN1,BRICK,8.56,0,0
7693,JP,JP,WHITE,BRICK,8.52,0,0
2291,JP,JP,ELEC2,MEATC,8.52,0,0
4463,JP,JP,LEATH,HEALT,8.52,0,0
1162,JP,JP,COKE1,OFFIC,8.48,0,0
702,JP,JP,BLAST,RESEA,8.48,0,0
922,JP,JP,CERAM,MEMBE,8.46,0,0
7458,JP,JP,TRAN2,HEAVY,8.46,0,0
809,JP,JP,BUSIN,OXYGE,8.45,0,0
4164,JP,JP,KERO1,INSUR,8.42,0,0
7114,JP,JP,STONE,CERAM,8.42,0,0
2860,JP,JP,ELEC8,FINAN,8.41,0,0
2967,JP,JP,ELECT,ELE11,8.39,0,0
2500,JP,JP,ELEC4,FINAN,8.39,0,0
1731,JP,JP,DISTR,MEATC,8.38,0,0
5505,JP,JP,PAPER,AUXIL,8.36,0,0
1188,JP,JP,COKE1,WHOLE,8.35,0,0
4393,JP,JP,LEAD1,CERAM,8.35,0,0
5034,JP,JP,NATU1,KEROS,8.35,0,0
1973,JP,JP,ELE11,RETA1,8.34,0,0
5339,JP,JP,NONSP,GLASS,8.34,0,0
4834,JP,JP,MEMBE,MEATC,8.33,0,0
337,JP,JP,AUXIL,CROPS,8.31,0,0
1390,JP,JP,CONST,CROPS,8.27,0,0
4674,JP,JP,MEAT1,93197,8.27,0,0
2071,JP,JP,ELE12,PRECI,8.26,0,0
355,JP,JP,AUXIL,FISHF,8.26,0,0
5136,JP,JP,NFERT,NFERT,8.26,0,0
2392,JP,JP,ELEC3,GASDI,8.23,0,0
3628,JP,JP,GASDI,INSUR,8.23,0,0
2953,JP,JP,ELECT,CATTL,8.22,0,0
44,JP,JP,93197,FISHF,8.22,0,0
5691,JP,JP,PIGS9,RESEA,8.19,0,0
1536,JP,JP,CRUDE,NAPHT,8.17,0,0
4317,JP,JP,LANDT,KEROS,8.16,0,0
4020,JP,JP,INSUR,MEDIC,8.16,0,0
350,JP,JP,AUXIL,ELEC8,8.15,0,0
2770,JP,JP,ELEC6,POSTT,8.15,0,0
921,JP,JP,CERAM,MEDIC,8.14,0,0
7064,JP,JP,STEAM,FABRI,8.12,0,0
6974,JP,JP,SEACO,HEALT,8.09,0,0
1414,JP,JP,CONST,HEAVY,8.09,0,0
1597,JP,JP,DIST1,ELEC1,8.08,0,0
1407,JP,JP,CONST,FISHF,8.06,0,0
6170,JP,JP,RAILW,GASDI,8.04,0,0
4414,JP,JP,LEAD1,PRINT,8.04,0,0
4622,JP,JP,LUBRI,COKEO,8.04,0,0
4279,JP,JP,LANDT,COKE1,8.04,0,0
4066,JP,JP,INSUR,SUGAR,8.03,0,0
4261,JP,JP,LANDT,AUXIL,8.03,0,0
3461,JP,JP,FOUND,PUBLI,7.99,0,0
2201,JP,JP,ELEC1,RAWMI,7.99,0,0
7389,JP,JP,TRAN1,CRUDE,7.99,0,0
3479,JP,JP,FURNI,BITUM,7.97,0,0
2416,JP,JP,ELEC3,NATUR,7.97,0,0
5344,JP,JP,NONSP,LIQUE,7.97,0,0
6119,JP,JP,RADIO,RAILW,7.97,0,0
6965,JP,JP,SEACO,FABRI,7.97,0,0
4856,JP,JP,MEMBE,PIGS9,7.97,0,0
899,JP,JP,CERAM,BASIC,7.96,0,0
1577,JP,JP,DIST1,BLAST,7.94,0,0
5003,JP,JP,NAPHT,LIQUE,7.92,0,0
7775,JP,JP,WOODW,DAIRY,7.9,0,0
25,JP,JP,93197,COPP1,7.89,0,0
3140,JP,JP,FABRI,TEXTI,7.87,0,0
1298,JP,JP,COMPU,MEAT1,7.87,0,0
6609,JP,JP,RESEA,NATU1,7.85,0,0
2077,JP,JP,ELE12,RADIO,7.84,0,0
5790,JP,JP,POSTT,ELEC4,7.84,0,0
4925,JP,JP,MOTOR,FINAN,7.84,0,0
868,JP,JP,CEMEN,CEMEN,7.83,0,0
5603,JP,JP,PARAF,MOTOR,7.82,0,0
7584,JP,JP,WEARI,CHEMI,7.82,0,0
5574,JP,JP,PAPER,RETAI,7.81,0,0
5208,JP,JP,NONF1,RESEA,7.81,0,0
2972,JP,JP,ELECT,ELEC5,7.81,0,0
1409,JP,JP,CONST,FORES,7.8,0,0
6675,JP,JP,RETA1,CHEMI,7.79,0,0
2624,JP,JP,ELEC5,HOTEL,7.78,0,0
3653,JP,JP,GASDI,OFFIC,7.77,0,0
2374,JP,JP,ELEC3,COMPU,7.76,0,0
2794,JP,JP,ELEC6,STONE,7.76,0,0
2187,JP,JP,ELEC1,PIGS9,7.71,0,0
6038,JP,JP,PROCE,MEMBE,7.7,0,0
2809,JP,JP,ELEC6,WOODW,7.7,0,0
6019,JP,JP,PRINT,TRAN1,7.67,0,0
2160,JP,JP,ELEC1,LIQUE,7.66,0,0
869,JP,JP,CEMEN,CERAM,7.66,0,0
7430,JP,JP,TRAN1,RAWMI,7.63,0,0
2640,JP,JP,ELEC5,MOTO1,7.62,0,0
2782,JP,JP,ELEC6,REALE,7.6,0,0
3566,JP,JP,FURNI,RETAI,7.59,0,0
7441,JP,JP,TRAN1,TRAN2,7.58,0,0
5046,JP,JP,NATUR,ALUM1,7.58,0,0
5928,JP,JP,PRINT,COPP1,7.57,0,0
623,JP,JP,BITU1,PREC1,7.56,0,0
325,JP,JP,AUXIL,CEMEN,7.54,0,0
2004,JP,JP,ELE12,CEMEN,7.54,0,0
7432,JP,JP,TRAN1,RETAI,7.53,0,0
7805,JP,JP,WOODW,OFFIC,7.51,0,0
2401,JP,JP,ELEC3,LANDT,7.51,0,0
2221,JP,JP,ELEC1,TRAN2,7.5,0,0
5738,JP,JP,PLAST,NONME,7.5,0,0
5223,JP,JP,NONFE,PLAST,7.5,0,0
3161,JP,JP,FINAN,BLAST,7.49,0,0
5166,JP,JP,NONF1,COKEO,7.48,0,0
5938,JP,JP,PRINT,ELEC3,7.48,0,0
6478,JP,JP,REFI1,BITU1,7.48,0,0
3601,JP,JP,GASDI,CEREA,7.46,0,0
7030,JP,JP,SEACO,WEARI,7.46,0,0
1992,JP,JP,ELE12,93197,7.46,0,0
2402,JP,JP,ELEC3,LEAD1,7.46,0,0
6641,JP,JP,RESEA,SANDC,7.44,0,0
3890,JP,JP,HEAVY,REFIN,7.43,0,0
2774,JP,JP,ELEC6,PRINT,7.43,0,0
4638,JP,JP,LUBRI,KEROS,7.41,0,0
7494,JP,JP,VEGE1,CERAM,7.4,0,0
1167,JP,JP,COKE1,POSTT,7.4,0,0
7182,JP,JP,SUPPO,DAIRY,7.39,0,0
3141,JP,JP,FABRI,TOBAC,7.38,0,0
7425,JP,JP,TRAN1,PIGS9,7.36,0,0
6002,JP,JP,PRINT,REALE,7.36,0,0
3631,JP,JP,GASDI,KEROS,7.35,0,0
1489,JP,JP,COPP1,MEMBE,7.32,0,0
4838,JP,JP,MEMBE,MOTOR,7.31,0,0
1826,JP,JP,EDUCA,GLASS,7.3,0,0
4027,JP,JP,INSUR,NONF1,7.3,0,0
5427,JP,JP,OXYGE,MOTO1,7.29,0,0
4602,JP,JP,LIQUE,SANDC,7.29,0,0
5580,JP,JP,PAPER,SUGAR,7.28,0,0
1056,JP,JP,CHEM1,SEACO,7.28,0,0
4923,JP,JP,MOTOR,ELECT,7.26,0,0
7629,JP,JP,WEARI,MEATC,7.26,0,0
2675,JP,JP,ELEC5,RUBBE,7.26,0,0
2359,JP,JP,ELEC3,ALUM1,7.25,0,0
2848,JP,JP,ELEC8,COKEO,7.25,0,0
2386,JP,JP,ELEC3,FISH5,7.25,0,0
1564,JP,JP,DAIRY,PIGS9,7.25,0,0
5100,JP,JP,NATUR,STEAM,7.25,0,0
950,JP,JP,CHEM1,AIRTR,7.25,0,0
4011,JP,JP,INSUR,LEAD1,7.24,0,0
2489,JP,JP,ELEC4,COKEO,7.23,0,0
1559,JP,JP,DAIRY,MEAT1,7.23,0,0
5095,JP,JP,NATUR,RADIO,7.22,0,0
1147,JP,JP,COKE1,GLASS,7.21,0,0
166,JP,JP,AIRTR,FOOD5,7.21,0,0
7370,JP,JP,TRAN1,AIRTR,7.19,0,0
3689,JP,JP,GASDI,TOBAC,7.19,0,0
4491,JP,JP,LEATH,RADIO,7.17,0,0
7459,JP,JP,TRAN2,KERO1,7.17,0,0
6732,JP,JP,RETA1,NONF1,7.15,0,0
1596,JP,JP,DIST1,ELE12,7.13,0,0
2109,JP,JP,ELEC1,AIRTR,7.12,0,0
1323,JP,JP,COMPU,PIGS9,7.12,0,0
5789,JP,JP,POSTT,ELEC3,7.1,0,0
5284,JP,JP,NONME,NONF1,7.09,0,0
4748,JP,JP,MEDIC,NONFE,7.08,0,0
5001,JP,JP,NAPHT,KEROS,7.08,0,0
5216,JP,JP,NONFE,CERAM,7.08,0,0
7816,JP,JP,WOODW,RADIO,7.07,0,0
4410,JP,JP,LEAD1,NONME,7.07,0,0
3842,JP,JP,HEAVY,INLAN,7.05,0,0
5900,JP,JP,PRECI,CERAM,7.05,0,0
5205,JP,JP,NONF1,PRINT,7.04,0,0
4715,JP,JP,MEDIC,ALUM1,7.04,0,0
2802,JP,JP,ELEC6,TRANS,7.03,0,0
5008,JP,JP,NAPHT,NFERT,7.02,0,0
2376,JP,JP,ELEC3,COPP1,7.02,0,0
285,JP,JP,ALUM1,WOODW,7.01,0,0
452,JP,JP,BASIC,CERAM,7.01,0,0
4802,JP,JP,MEMBE,ELEC3,7.01,0,0
389,JP,JP,AUXIL,NONFE,6.99,0,0
435,JP,JP,AUXIL,VEGE1,6.97,0,0
2059,JP,JP,ELE12,OFFIC,6.97,0,0
5827,JP,JP,POSTT,NATU1,6.97,0,0
6684,JP,JP,RETA1,DAIRY,6.95,0,0
2349,JP,JP,ELEC2,VEGE1,6.93,0,0
2382,JP,JP,ELEC3,ELEC3,6.93,0,0
4408,JP,JP,LEAD1,MOTO1,6.92,0,0
4931,JP,JP,MOTOR,GLASS,6.92,0,0
6130,JP,JP,RADIO,TRAN2,6.91,0,0
170,JP,JP,AIRTR,GASDI,6.91,0,0
6370,JP,JP,RECRE,BASIC,6.9,0,0
433,JP,JP,AUXIL,TRAN2,6.89,0,0
4924,JP,JP,MOTOR,FABRI,6.89,0,0
3977,JP,JP,INSUR,CROPS,6.89,0,0
1317,JP,JP,COMPU,OXYGE,6.88,0,0
4843,JP,JP,MEMBE,NONF1,6.87,0,0
1419,JP,JP,CONST,KERO1,6.86,0,0
68,JP,JP,93197,MEDIC,6.85,0,0
5655,JP,JP,PFERT,NONME,6.85,0,0
4170,JP,JP,KERO1,LIQUE,6.85,0,0
2076,JP,JP,ELE12,PULP5,6.84,0,0
3049,JP,JP,FABRI,COPP1,6.82,0,0
1779,JP,JP,DISTR,VEGE1,6.82,0,0
6837,JP,JP,RUBBE,MOTOR,6.82,0,0
2445,JP,JP,ELEC3,RECRE,6.82,0,0
2622,JP,JP,ELEC5,HEALT,6.81,0,0
1141,JP,JP,COKE1,ELECT,6.76,0,0
6566,JP,JP,RESEA,EDUCA,6.75,0,0
4950,JP,JP,MOTOR,NONFE,6.75,0,0
2106,JP,JP,ELE12,WHOLE,6.73,0,0
938,JP,JP,CERAM,WOODW,6.73,0,0
5542,JP,JP,PAPER,MEAT1,6.72,0,0
4268,JP,JP,LANDT,BLAST,6.71,0,0
2619,JP,JP,ELEC5,FURNI,6.71,0,0
2730,JP,JP,ELEC6,GASDI,6.7,0,0
7464,JP,JP,TRAN2,NAPHT,6.7,0,0
5972,JP,JP,PRINT,MEMBE,6.69,0,0
4430,JP,JP,LEATH,BUSIN,6.67,0,0
6864,JP,JP,RUBBE,RAILW,6.66,0,0
5803,JP,JP,POSTT,GASDI,6.64,0,0
7492,JP,JP,VEGE1,93197,6.63,0,0
6990,JP,JP,SEACO,MEMBE,6.6,0,0
933,JP,JP,CERAM,RUBBE,6.57,0,0
1841,JP,JP,EDUCA,MEDIC,6.56,0,0
6669,JP,JP,RETA1,BRICK,6.56,0,0
1659,JP,JP,DIST1,RETAI,6.55,0,0
3760,JP,JP,GLASS,WHOLE,6.54,0,0
3506,JP,JP,FURNI,ELEC8,6.54,0,0
5869,JP,JP,POSTT,TOBAC,6.51,0,0
383,JP,JP,AUXIL,MOTOR,6.5,0,0
2754,JP,JP,ELEC6,NATUR,6.49,0,0
144,JP,JP,AIRTR,COKEO,6.48,0,0
6442,JP,JP,RECRE,PLAST,6.48,0,0
1532,JP,JP,CRUDE,KEROS,6.47,0,0
2676,JP,JP,ELEC5,SALEM,6.47,0,0
5765,JP,JP,POSTT,BRICK,6.46,0,0
3469,JP,JP,FOUND,WHOLE,6.46,0,0
5442,JP,JP,OXYGE,PUBLI,6.45,0,0
6318,JP,JP,REALE,NATU1,6.45,0,0
5414,JP,JP,OXYGE,FURNI,6.45,0,0
5820,JP,JP,POSTT,MEATC,6.44,0,0
6582,JP,JP,RESEA,FORES,6.42,0,0
7776,JP,JP,WOODW,EDUCA,6.41,0,0
2610,JP,JP,ELEC5,EDUCA,6.41,0,0
1435,JP,JP,CONST,NAPHT,6.41,0,0
1271,JP,JP,COMPU,ELEC6,6.4,0,0
1206,JP,JP,COKEO,ELEC2,6.39,0,0
4889,JP,JP,MEMBE,VEGE1,6.39,0,0
4557,JP,JP,LIQUE,HOTEL,6.39,0,0
711,JP,JP,BLAST,TRAN2,6.38,0,0
2680,JP,JP,ELEC5,SUPPO,6.38,0,0
7719,JP,JP,WHITE,RADIO,6.38,0,0
4206,JP,JP,KERO1,PULP5,6.38,0,0
6426,JP,JP,RECRE,MOTO1,6.35,0,0
6406,JP,JP,RECRE,FURNI,6.32,0,0
2711,JP,JP,ELEC6,COMPU,6.32,0,0
6927,JP,JP,SANDC,FURNI,6.31,0,0
2438,JP,JP,ELEC3,PROCE,6.3,0,0
1175,JP,JP,COKE1,RESEA,6.28,0,0
1883,JP,JP,EDUCA,WOODW,6.28,0,0
6913,JP,JP,SALEM,TRAN2,6.28,0,0
3844,JP,JP,HEAVY,IRONO,6.27,0,0
4165,JP,JP,KERO1,IRONO,6.24,0,0
5780,JP,JP,POSTT,CROPS,6.22,0,0
1336,JP,JP,COMPU,RAWMI,6.2,0,0
1508,JP,JP,CROPS,NONME,6.2,0,0
147,JP,JP,AIRTR,COPP1,6.19,0,0
2418,JP,JP,ELEC3,NONF1,6.19,0,0
4865,JP,JP,MEMBE,PULP5,6.19,0,0
1426,JP,JP,CONST,MEAT1,6.19,0,0
5565,JP,JP,PAPER,PROCE,6.18,0,0
155,JP,JP,AIRTR,ELEC2,6.17,0,0
386,JP,JP,AUXIL,NATUR,6.17,0,0
7201,JP,JP,SUPPO,FOUND,6.17,0,0
5800,JP,JP,POSTT,FORES,6.16,0,0
3981,JP,JP,INSUR,DISTR,6.16,0,0
1477,JP,JP,CONST,VEGE1,6.15,0,0
7467,JP,JP,TRAN2,NONFE,6.14,0,0
3494,JP,JP,FURNI,CRUDE,6.13,0,0
2120,JP,JP,ELEC1,CATTL,6.12,0,0
571,JP,JP,BITU1,ALUM1,6.12,0,0
2739,JP,JP,ELEC6,LANDT,6.11,0,0
5874,JP,JP,POSTT,VEGET,6.1,0,0
2994,JP,JP,ELECT,NATU1,6.1,0,0
1630,JP,JP,DIST1,MEDIC,6.09,0,0
4993,JP,JP,NAPHT,COKE1,6.09,0,0
6020,JP,JP,PRINT,TRAN2,6.08,0,0
3160,JP,JP,FINAN,BITUM,6.08,0,0
4481,JP,JP,LEATH,PAPER,6.07,0,0
2740,JP,JP,ELEC6,LEAD1,6.07,0,0
3183,JP,JP,FINAN,ELE11,6.06,0,0
2872,JP,JP,ELEC8,INSUR,6.04,0,0
5412,JP,JP,OXYGE,FOOD5,6.03,0,0
2512,JP,JP,ELEC4,INSUR,6.02,0,0
2379,JP,JP,ELEC3,DAIRY,6.02,0,0
6236,JP,JP,RAILW,TOBAC,6.02,0,0
471,JP,JP,BASIC,NONF1,6.01,0,0
4120,JP,JP,KERO1,BRICK,5.99,0,0
6733,JP,JP,RETA1,NONFE,5.96,0,0
2390,JP,JP,ELEC3,FOUND,5.94,0,0
5245,JP,JP,NONME,COPP1,5.93,0,0
4981,JP,JP,MOTOR,WEARI,5.92,0,0
4032,JP,JP,INSUR,OILSE,5.91,0,0
2165,JP,JP,ELEC1,MEATC,5.91,0,0
2693,JP,JP,ELEC6,ALUM1,5.9,0,0
2724,JP,JP,ELEC6,FISH5,5.9,0,0
6112,JP,JP,RADIO,PAPER,5.89,0,0
5629,JP,JP,PFERT,DIST1,5.88,0,0
2270,JP,JP,ELEC2,FORES,5.88,0,0
4202,JP,JP,KERO1,PRINT,5.87,0,0
7758,JP,JP,WOODW,AUXIL,5.86,0,0
7220,JP,JP,SUPPO,MEATC,5.85,0,0
347,JP,JP,AUXIL,ELEC4,5.85,0,0
7379,JP,JP,TRAN1,CATTL,5.85,0,0
2050,JP,JP,ELE12,MOTOR,5.84,0,0
7323,JP,JP,TEXTI,LANDT,5.83,0,0
6750,JP,JP,RETA1,PULP5,5.83,0,0
4073,JP,JP,INSUR,VEGE1,5.82,0,0
1160,JP,JP,COKE1,NONF1,5.8,0,0
7069,JP,JP,STEAM,GLASS,5.79,0,0
4492,JP,JP,LEATH,RAILW,5.79,0,0
1713,JP,JP,DISTR,FORES,5.78,0,0
4143,JP,JP,KERO1,ELEC1,5.78,0,0
952,JP,JP,CHEM1,ANIMA,5.78,0,0
4209,JP,JP,KERO1,RAWMI,5.78,0,0
3408,JP,JP,FORES,BITUM,5.76,0,0
1977,JP,JP,ELE11,SANDC,5.76,0,0
6165,JP,JP,RAILW,FISHF,5.75,0,0
3063,JP,JP,FABRI,ELEC6,5.74,0,0
39,JP,JP,93197,ELEC8,5.73,0,0
126,JP,JP,AIRTR,ALUM1,5.73,0,0
2713,JP,JP,ELEC6,COPP1,5.71,0,0
6285,JP,JP,REALE,ELEC5,5.71,0,0
6181,JP,JP,RAILW,LEAD1,5.7,0,0
3439,JP,JP,FORES,VEGET,5.7,0,0
5551,JP,JP,PAPER,NONF1,5.7,0,0
6177,JP,JP,RAILW,IRONO,5.69,0,0
934,JP,JP,CERAM,SEACO,5.69,0,0
4494,JP,JP,LEATH,RECRE,5.69,0,0
1301,JP,JP,COMPU,MEATP,5.67,0,0
810,JP,JP,BUSIN,PADDY,5.66,0,0
6573,JP,JP,RESEA,ELEC6,5.66,0,0
5998,JP,JP,PRINT,PULP5,5.65,0,0
2174,JP,JP,ELEC1,NFERT,5.65,0,0
4267,JP,JP,LANDT,BITUM,5.65,0,0
7411,JP,JP,TRAN1,MEATC,5.64,0,0
5055,JP,JP,NATUR,COKE1,5.64,0,0
1650,JP,JP,DIST1,PROCE,5.64,0,0
3780,JP,JP,HEALT,INSUR,5.63,0,0
404,JP,JP,AUXIL,POULT,5.63,0,0
5732,JP,JP,PLAST,GLASS,5.62,0,0
2103,JP,JP,ELE12,WEARI,5.62,0,0
7242,JP,JP,SUPPO,POULT,5.62,0,0
7828,JP,JP,WOODW,STONE,5.58,0,0
890,JP,JP,CEMEN,PRECI,5.57,0,0
1331,JP,JP,COMPU,PROCE,5.56,0,0
7770,JP,JP,WOODW,COMPU,5.55,0,0
5401,JP,JP,OXYGE,CHEM1,5.55,0,0
2783,JP,JP,ELEC6,RECRE,5.55,0,0
4771,JP,JP,MEMBE,AUXIL,5.52,0,0
538,JP,JP,BIOG1,MOTO1,5.51,0,0
2280,JP,JP,ELEC2,IRONO,5.51,0,0
2612,JP,JP,ELEC5,FABRI,5.5,0,0
7782,JP,JP,WOODW,FISHF,5.5,0,0
1818,JP,JP,EDUCA,ELEC8,5.5,0,0
3173,JP,JP,FINAN,COKEO,5.5,0,0
7198,JP,JP,SUPPO,FISHF,5.49,0,0
6748,JP,JP,RETA1,PROCE,5.47,0,0
6457,JP,JP,RECRE,RESEA,5.46,0,0
4425,JP,JP,LEATH,BASIC,5.46,0,0
7124,JP,JP,STONE,NFERT,5.45,0,0
6167,JP,JP,RAILW,FORES,5.44,0,0
6892,JP,JP,SALEM,BUSIN,5.43,0,0
480,JP,JP,BASIC,RETA1,5.42,0,0
4605,JP,JP,LIQUE,TEXTI,5.42,0,0
1721,JP,JP,DISTR,IRONO,5.42,0,0
2383,JP,JP,ELEC3,ELECT,5.41,0,0
4251,JP,JP,KEROS,PETRO,5.4,0,0
4955,JP,JP,MOTOR,PAPER,5.39,0,0
1807,JP,JP,EDUCA,DAIRY,5.39,0,0
5404,JP,JP,OXYGE,CONST,5.39,0,0
3797,JP,JP,HEALT,SEACO,5.39,0,0
4694,JP,JP,MEAT4,VEGE1,5.38,0,0
5634,JP,JP,PFERT,ELEC2,5.37,0,0
2870,JP,JP,ELEC8,HEAVY,5.36,0,0
2987,JP,JP,ELECT,MEAT1,5.36,0,0
3864,JP,JP,HEAVY,NONFE,5.35,0,0
2510,JP,JP,ELEC4,HEAVY,5.34,0,0
6591,JP,JP,RESEA,IRONO,5.34,0,0
3424,JP,JP,FORES,LEATH,5.34,0,0
1104,JP,JP,COALT,FOUND,5.33,0,0
5408,JP,JP,OXYGE,EDUCA,5.32,0,0
4186,JP,JP,KERO1,NONFE,5.32,0,0
737,JP,JP,BUSIN,BITUM,5.32,0,0
5169,JP,JP,NONF1,DISTR,5.31,0,0
3131,JP,JP,FABRI,RETAI,5.3,0,0
7460,JP,JP,TRAN2,KEROS,5.3,0,0
783,JP,JP,BUSIN,IRONO,5.3,0,0
4439,JP,JP,LEATH,CONST,5.3,0,0
6933,JP,JP,SANDC,NFERT,5.3,0,0
4321,JP,JP,LANDT,LIQUE,5.29,0,0
892,JP,JP,CEMEN,REALE,5.29,0,0
1373,JP,JP,CONST,BITUM,5.28,0,0
1111,JP,JP,COALT,PFERT,5.27,0,0
7794,JP,JP,WOODW,MEATC,5.27,0,0
7080,JP,JP,STEAM,MEATC,5.26,0,0
3067,JP,JP,FABRI,FINAN,5.23,0,0
504,JP,JP,BEVER,PRIVA,5.23,0,0
7763,JP,JP,WOODW,BUSIN,5.21,0,0
1562,JP,JP,DAIRY,MEATP,5.21,0,0
4554,JP,JP,LIQUE,GLASS,5.21,0,0
5035,JP,JP,NATU1,LIQUE,5.2,0,0
6502,JP,JP,REFIN,ELE11,5.2,0,0
993,JP,JP,CHEM1,FINAN,5.2,0,0
2599,JP,JP,ELEC5,CHEM1,5.2,0,0
1286,JP,JP,COMPU,HEAVY,5.19,0,0
7060,JP,JP,STEAM,ELEC2,5.18,0,0
4951,JP,JP,MOTOR,NONME,5.18,0,0
6489,JP,JP,REFI1,NONSP,5.18,0,0
4684,JP,JP,MEAT4,FISH5,5.15,0,0
2298,JP,JP,ELEC2,NATU1,5.13,0,0
2776,JP,JP,ELEC6,PROCE,5.12,0,0
1953,JP,JP,ELE11,PAPER,5.11,0,0
3789,JP,JP,HEALT,PUBLI,5.11,0,0
4195,JP,JP,KERO1,PFERT,5.1,0,0
3926,JP,JP,INLAN,LANDT,5.09,0,0
4989,JP,JP,NAPHT,BLAST,5.09,0,0
1420,JP,JP,CONST,KEROS,5.07,0,0
1998,JP,JP,ELE12,BEVER,5.07,0,0
2681,JP,JP,ELEC5,TEXTI,5.07,0,0
2984,JP,JP,ELECT,IRONO,5.07,0,0
1872,JP,JP,EDUCA,SEACO,5.07,0,0
6580,JP,JP,RESEA,FISHF,5.06,0,0
6740,JP,JP,RETA1,PFERT,5.06,0,0
5695,JP,JP,PLANT,TEXTI,5.06,0,0
5234,JP,JP,NONME,CATTL,5.05,0,0
1084,JP,JP,CHEMI,NFERT,5.05,0,0
1737,JP,JP,DISTR,NATU1,5.04,0,0
2756,JP,JP,ELEC6,NONF1,5.04,0,0
7102,JP,JP,STEAM,SEACO,5.04,0,0
4231,JP,JP,KERO1,WEARI,5.04,0,0
4250,JP,JP,KEROS,PARAF,5.03,0,0
6920,JP,JP,SANDC,CHEM1,5.03,0,0
1631,JP,JP,DIST1,MEMBE,5.03,0,0
5282,JP,JP,NONME,NATUR,5.03,0,0
4794,JP,JP,MEMBE,DAIRY,5.02,0,0
3633,JP,JP,GASDI,LEAD1,5.02,0,0
7161,JP,JP,SUPPO,AUXIL,5.02,0,0
6681,JP,JP,RETA1,COPP1,5.02,0,0
6702,JP,JP,RETA1,FORES,5.01,0,0
971,JP,JP,CHEM1,CHEMI,5.01,0,0
6871,JP,JP,RUBBE,RETAI,5.01,0,0
2604,JP,JP,ELEC5,CONST,5.01,0,0
5585,JP,JP,PAPER,TRANS,4.99,0,0
1260,JP,JP,COMPU,CRUDE,4.97,0,0
1128,JP,JP,COKE1,CERAM,4.96,0,0
5627,JP,JP,PFERT,COPP1,4.95,0,0
263,JP,JP,ALUM1,MEATC,4.95,0,0
753,JP,JP,BUSIN,CROPS,4.95,0,0
6306,JP,JP,REALE,LEAD1,4.94,0,0
6103,JP,JP,RADIO,MEMBE,4.94,0,0
6416,JP,JP,RECRE,LANDT,4.94,0,0
1191,JP,JP,COKEO,ALUM1,4.93,0,0
7836,JP,JP,WOODW,VEGET,4.93,0,0
7652,JP,JP,WEARI,POULT,4.93,0,0
7011,JP,JP,SEACO,RADIO,4.92,0,0
5963,JP,JP,PRINT,LEAD1,4.92,0,0
4929,JP,JP,MOTOR,FURNI,4.92,0,0
4806,JP,JP,MEMBE,ELEC8,4.91,0,0
5202,JP,JP,NONF1,PAPER,4.91,0,0
3635,JP,JP,GASDI,LIQUE,4.91,0,0
2369,JP,JP,ELEC3,CERAM,4.9,0,0
2716,JP,JP,ELEC6,DAIRY,4.9,0,0
4589,JP,JP,LIQUE,PRINT,4.89,0,0
6480,JP,JP,REFI1,COALT,4.89,0,0
2338,JP,JP,ELEC2,SEACO,4.89,0,0
3440,JP,JP,FORES,WEARI,4.88,0,0
1623,JP,JP,DIST1,LEATH,4.86,0,0
4433,JP,JP,LEATH,CERAM,4.86,0,0
487,JP,JP,BASIC,VEGET,4.85,0,0
5546,JP,JP,PAPER,MEATP,4.84,0,0
7820,JP,JP,WOODW,RECRE,4.84,0,0
2728,JP,JP,ELEC6,FOUND,4.83,0,0
4411,JP,JP,LEAD1,OFFIC,4.82,0,0
5597,JP,JP,PARAF,GASDI,4.82,0,0
5930,JP,JP,PRINT,CRUDE,4.81,0,0
3536,JP,JP,FURNI,MEMBE,4.81,0,0
2223,JP,JP,ELEC1,VEGE1,4.81,0,0
187,JP,JP,AIRTR,MEATC,4.8,0,0
7147,JP,JP,SUGA1,SUGA1,4.8,0,0
5094,JP,JP,NATUR,PROCE,4.79,0,0
893,JP,JP,CEMEN,RESEA,4.78,0,0
266,JP,JP,ALUM1,MEMBE,4.78,0,0
6312,JP,JP,REALE,MEATC,4.78,0,0
3037,JP,JP,FABRI,CATTL,4.77,0,0
4716,JP,JP,MEDIC,BITUM,4.75,0,0
2371,JP,JP,ELEC3,CHEMI,4.74,0,0
322,JP,JP,AUXIL,BRICK,4.74,0,0
4745,JP,JP,MEDIC,NATUR,4.74,0,0
939,JP,JP,CEREA,ANIMA,4.74,0,0
1184,JP,JP,COKE1,TRAN2,4.73,0,0
5837,JP,JP,POSTT,PADDY,4.72,0,0
3206,JP,JP,FINAN,INLAN,4.72,0,0
3503,JP,JP,FURNI,ELEC4,4.72,0,0
5051,JP,JP,NATUR,BLAST,4.71,0,0
7318,JP,JP,TEXTI,FOUND,4.71,0,0
5870,JP,JP,POSTT,TRAN1,4.71,0,0
5291,JP,JP,NONME,PFERT,4.7,0,0
4662,JP,JP,LUBRI,RESEA,4.68,0,0
76,JP,JP,93197,NONF1,4.68,0,0
5086,JP,JP,NATUR,NONF1,4.68,0,0
3463,JP,JP,FOUND,RESEA,4.68,0,0
6969,JP,JP,SEACO,FOOD5,4.67,0,0
2900,JP,JP,ELEC8,PADDY,4.66,0,0
5328,JP,JP,NONSP,CERAM,4.66,0,0
408,JP,JP,AUXIL,PROCE,4.65,0,0
2539,JP,JP,ELEC4,PADDY,4.64,0,0
3407,JP,JP,FORES,93197,4.64,0,0
137,JP,JP,AIRTR,CEMEN,4.64,0,0
5316,JP,JP,NONME,VEGE1,4.63,0,0
4640,JP,JP,LUBRI,LIQUE,4.62,0,0
759,JP,JP,BUSIN,ELE11,4.6,0,0
649,JP,JP,BLAST,BUSIN,4.6,0,0
2057,JP,JP,ELE12,NONME,4.6,0,0
5449,JP,JP,OXYGE,RUBBE,4.59,0,0
7443,JP,JP,TRAN1,VEGE1,4.59,0,0
5292,JP,JP,NONME,PIGS9,4.57,0,0
7065,JP,JP,STEAM,FISH5,4.56,0,0
1119,JP,JP,COKE1,ALUM1,4.56,0,0
375,JP,JP,AUXIL,MEAT1,4.56,0,0
5111,JP,JP,NFERT,CEREA,4.56,0,0
7019,JP,JP,SEACO,RUBBE,4.55,0,0
2991,JP,JP,ELECT,MEATP,4.55,0,0
2393,JP,JP,ELEC3,GLASS,4.55,0,0
6890,JP,JP,SALEM,93197,4.55,0,0
35,JP,JP,93197,ELEC3,4.55,0,0
2874,JP,JP,ELEC8,KERO1,4.55,0,0
2996,JP,JP,ELECT,NFERT,4.55,0,0
189,JP,JP,AIRTR,MEDIC,4.54,0,0
4904,JP,JP,MOTOR,BASIC,4.54,0,0
4507,JP,JP,LEATH,TRANS,4.53,0,0
3126,JP,JP,FABRI,RECRE,4.53,0,0
7228,JP,JP,SUPPO,NONF1,4.53,0,0
2514,JP,JP,ELEC4,KERO1,4.53,0,0
7801,JP,JP,WOODW,NFERT,4.52,0,0
627,JP,JP,BITU1,REFI1,4.51,0,0
1754,JP,JP,DISTR,POULT,4.51,0,0
7484,JP,JP,TRANS,INLAN,4.5,0,0
2904,JP,JP,ELEC8,PFERT,4.5,0,0
4816,JP,JP,MEMBE,GASDI,4.5,0,0
2437,JP,JP,ELEC3,PRIVA,4.5,0,0
1706,JP,JP,DISTR,ELEC3,4.49,0,0
3400,JP,JP,FOOD5,SANDC,4.49,0,0
2543,JP,JP,ELEC4,PFERT,4.49,0,0
3740,JP,JP,GLASS,PLAST,4.47,0,0
5936,JP,JP,PRINT,ELE12,4.47,0,0
878,JP,JP,CEMEN,FABRI,4.46,0,0
1430,JP,JP,CONST,MEATP,4.46,0,0
1185,JP,JP,COKE1,TRANS,4.46,0,0
5444,JP,JP,OXYGE,RADIO,4.45,0,0
7590,JP,JP,WEARI,CROPS,4.44,0,0
6775,JP,JP,RETA1,VEGET,4.42,0,0
4274,JP,JP,LANDT,CEREA,4.42,0,0
1566,JP,JP,DAIRY,RAWMI,4.42,0,0
4437,JP,JP,LEATH,COKEO,4.41,0,0
7112,JP,JP,STONE,BRICK,4.41,0,0
2721,JP,JP,ELEC6,ELECT,4.4,0,0
1814,JP,JP,EDUCA,ELEC3,4.4,0,0
1291,JP,JP,COMPU,KERO1,4.4,0,0
7811,JP,JP,WOODW,POSTT,4.4,0,0
609,JP,JP,BITU1,LUBRI,4.4,0,0
2659,JP,JP,ELEC5,PRECI,4.4,0,0
5571,JP,JP,PAPER,RECRE,4.38,0,0
2068,JP,JP,ELE12,POSTT,4.38,0,0
6538,JP,JP,RESEA,AUXIL,4.37,0,0
7093,JP,JP,STEAM,PFERT,4.37,0,0
7089,JP,JP,STEAM,NONF1,4.37,0,0
7025,JP,JP,SEACO,TEXTI,4.35,0,0
197,JP,JP,AIRTR,NONF1,4.33,0,0
6185,JP,JP,RAILW,MEAT1,4.3,0,0
577,JP,JP,BITU1,BRICK,4.29,0,0
488,JP,JP,BASIC,WEARI,4.28,0,0
7209,JP,JP,SUPPO,INSUR,4.28,0,0
2419,JP,JP,ELEC3,NONFE,4.26,0,0
4766,JP,JP,MEDIC,WOODW,4.26,0,0
2366,JP,JP,ELEC3,BUSIN,4.25,0,0
2889,JP,JP,ELEC8,NAPHT,4.25,0,0
7716,JP,JP,WHITE,PLAST,4.24,0,0
2529,JP,JP,ELEC4,NAPHT,4.23,0,0
6700,JP,JP,RETA1,FISHF,4.23,0,0
1049,JP,JP,CHEM1,REALE,4.21,0,0
632,JP,JP,BITU1,TOBAC,4.21,0,0
5065,JP,JP,NATUR,FISH5,4.21,0,0
6815,JP,JP,RUBBE,GASDI,4.2,0,0
2999,JP,JP,ELECT,OILSE,4.2,0,0
5221,JP,JP,NONFE,NONME,4.18,0,0
6567,JP,JP,RESEA,ELE11,4.17,0,0
2665,JP,JP,ELEC5,RADIO,4.17,0,0
5849,JP,JP,POSTT,PULP5,4.17,0,0
277,JP,JP,ALUM1,RESEA,4.17,0,0
2092,JP,JP,ELE12,STONE,4.17,0,0
7222,JP,JP,SUPPO,MEDIC,4.17,0,0
525,JP,JP,BIOG1,FABRI,4.16,0,0
5901,JP,JP,PRECI,NONME,4.16,0,0
6124,JP,JP,RADIO,SEACO,4.16,0,0
4477,JP,JP,LEATH,NONME,4.16,0,0
6451,JP,JP,RECRE,RAILW,4.14,0,0
2107,JP,JP,ELE12,WOODW,4.13,0,0
36,JP,JP,93197,ELEC4,4.13,0,0
7034,JP,JP,SECO9,CERAM,4.13,0,0
7767,JP,JP,WOODW,CHEM1,4.12,0,0
1306,JP,JP,COMPU,NAPHT,4.11,0,0
3061,JP,JP,FABRI,ELEC4,4.11,0,0
5978,JP,JP,PRINT,NFERT,4.11,0,0
2385,JP,JP,ELEC3,FINAN,4.11,0,0
1134,JP,JP,COKE1,COPP1,4.11,0,0
7827,JP,JP,WOODW,SEACO,4.1,0,0
6039,JP,JP,PROCE,PRIVA,4.1,0,0
5092,JP,JP,NATUR,PLAST,4.09,0,0
2080,JP,JP,ELE12,REALE,4.08,0,0
2144,JP,JP,ELEC1,FORES,4.08,0,0
5642,JP,JP,PFERT,FURNI,4.07,0,0
4256,JP,JP,KEROS,WHITE,4.07,0,0
5775,JP,JP,POSTT,COKE1,4.06,0,0
485,JP,JP,BASIC,TEXTI,4.06,0,0
4498,JP,JP,LEATH,RUBBE,4.05,0,0
3663,JP,JP,GASDI,PREC1,4.04,0,0
1533,JP,JP,CRUDE,LIQUE,4.03,0,0
886,JP,JP,CEMEN,NATUR,4.03,0,0
5211,JP,JP,NONF1,TEXTI,4.03,0,0
6510,JP,JP,REFIN,ELEC8,4.02,0,0
7119,JP,JP,STONE,FORES,4.02,0,0
4960,JP,JP,MOTOR,PRINT,4.01,0,0
2597,JP,JP,ELEC5,CEMEN,4.01,0,0
7355,JP,JP,TEXTI,SANDC,4.01,0,0
478,JP,JP,BASIC,PREC1,4.0,0,0
360,JP,JP,AUXIL,GASDI,4.0,0,0
6774,JP,JP,RETA1,VEGE1,4.0,0,0
7108,JP,JP,STEAM,TRANS,4.0,0,0
6953,JP,JP,SEACO,CHEM1,4.0,0,0
3800,JP,JP,HEAVY,93197,4.0,0,0
6507,JP,JP,REFIN,ELEC4,3.99,0,0
2072,JP,JP,ELE12,PRINT,3.99,0,0
2705,JP,JP,ELEC6,CERAM,3.99,0,0
503,JP,JP,BEVER,MEMBE,3.99,0,0
182,JP,JP,AIRTR,LEATH,3.98,0,0
1815,JP,JP,EDUCA,ELEC4,3.97,0,0
1168,JP,JP,COKE1,PREC1,3.97,0,0
2586,JP,JP,ELEC5,93197,3.97,0,0
6802,JP,JP,RUBBE,COPP1,3.94,0,0
7593,JP,JP,WEARI,DIST1,3.94,0,0
2257,JP,JP,ELEC2,CROPS,3.94,0,0
1917,JP,JP,ELE11,FOOD5,3.93,0,0
71,JP,JP,93197,MOTOR,3.92,0,0
2346,JP,JP,ELEC2,TRAN1,3.91,0,0
1259,JP,JP,COMPU,CROPS,3.9,0,0
5116,JP,JP,NFERT,CROPS,3.89,0,0
5947,JP,JP,PRINT,FISHF,3.89,0,0
7399,JP,JP,TRAN1,FORES,3.89,0,0
6127,JP,JP,RADIO,TEXTI,3.88,0,0
346,JP,JP,AUXIL,ELEC3,3.88,0,0
379,JP,JP,AUXIL,MEATP,3.87,0,0
695,JP,JP,BLAST,PRINT,3.86,0,0
2707,JP,JP,ELEC6,CHEMI,3.86,0,0
7255,JP,JP,SUPPO,RETAI,3.85,0,0
825,JP,JP,BUSIN,RAWMI,3.83,0,0
493,JP,JP,BEVER,CATTL,3.83,0,0
1701,JP,JP,DISTR,CROPS,3.82,0,0
2956,JP,JP,ELECT,CEREA,3.82,0,0
6508,JP,JP,REFIN,ELEC5,3.81,0,0
3577,JP,JP,FURNI,TOBAC,3.8,0,0
5464,JP,JP,PADDY,EDUCA,3.8,0,0
6672,JP,JP,RETA1,CEMEN,3.8,0,0
2100,JP,JP,ELE12,TRANS,3.78,0,0
66,JP,JP,93197,MEATC,3.78,0,0
7813,JP,JP,WOODW,PRINT,3.77,0,0
5060,JP,JP,NATUR,DAIRY,3.74,0,0
6436,JP,JP,RECRE,OFFIC,3.73,0,0
802,JP,JP,BUSIN,NFERT,3.72,0,0
7233,JP,JP,SUPPO,PADDY,3.72,0,0
946,JP,JP,CEREA,POULT,3.72,0,0
6216,JP,JP,RAILW,PULP5,3.71,0,0
3978,JP,JP,INSUR,CRUDE,3.71,0,0
2650,JP,JP,ELEC5,OFFIC,3.71,0,0
2731,JP,JP,ELEC6,GLASS,3.7,0,0
6939,JP,JP,SANDC,RUBBE,3.7,0,0
3362,JP,JP,FOOD5,BUSIN,3.69,0,0
4015,JP,JP,INSUR,MEAT1,3.69,0,0
7106,JP,JP,STEAM,TOBAC,3.68,0,0
450,JP,JP,BASIC,BRICK,3.68,0,0
6678,JP,JP,RETA1,COKEO,3.67,0,0
7074,JP,JP,STEAM,LANDT,3.67,0,0
3721,JP,JP,GLASS,FORES,3.66,0,0
2775,JP,JP,ELEC6,PRIVA,3.66,0,0
3776,JP,JP,HEALT,FINAN,3.66,0,0
1887,JP,JP,ELE11,ANIMA,3.65,0,0
7797,JP,JP,WOODW,MEMBE,3.65,0,0
7404,JP,JP,TRAN1,IRONO,3.65,0,0
2664,JP,JP,ELEC5,PULP5,3.64,0,0
150,JP,JP,AIRTR,DIST1,3.63,0,0
1106,JP,JP,COALT,LEAD1,3.63,0,0
7711,JP,JP,WHITE,NONME,3.62,0,0
3481,JP,JP,FURNI,BRICK,3.61,0,0
5246,JP,JP,NONME,CROPS,3.61,0,0
5294,JP,JP,NONME,POULT,3.61,0,0
6302,JP,JP,REALE,IRONO,3.6,0,0
5299,JP,JP,NONME,PULP5,3.6,0,0
2029,JP,JP,ELE12,GASDI,3.6,0,0
4199,JP,JP,KERO1,POULT,3.59,0,0
475,JP,JP,BASIC,PFERT,3.59,0,0
1964,JP,JP,ELE11,PUBLI,3.58,0,0
2689,JP,JP,ELEC5,WHOLE,3.58,0,0
1956,JP,JP,ELE11,PLAST,3.58,0,0
4770,JP,JP,MEMBE,ANIMA,3.56,0,0
2172,JP,JP,ELEC1,NATU1,3.56,0,0
2181,JP,JP,ELEC1,OILSE,3.55,0,0
6360,JP,JP,REALE,VEGE1,3.55,0,0
5063,JP,JP,NATUR,ELECT,3.55,0,0
2373,JP,JP,ELEC3,COKEO,3.54,0,0
12,JP,JP,93197,BRICK,3.54,0,0
6945,JP,JP,SEACO,BASIC,3.54,0,0
432,JP,JP,AUXIL,TRAN1,3.53,0,0
864,JP,JP,CEMEN,BASIC,3.52,0,0
4803,JP,JP,MEMBE,ELEC4,3.52,0,0
2319,JP,JP,ELEC2,PREC1,3.52,0,0
2952,JP,JP,ELECT,BRICK,3.52,0,0
1568,JP,JP,DAIRY,SUPPO,3.5,0,0
3228,JP,JP,FINAN,NFERT,3.5,0,0
2053,JP,JP,ELE12,NATUR,3.49,0,0
741,JP,JP,BUSIN,CATTL,3.48,0,0
7167,JP,JP,SUPPO,BRICK,3.48,0,0
4295,JP,JP,LANDT,ELEC5,3.48,0,0
7004,JP,JP,SEACO,PLAST,3.48,0,0
1424,JP,JP,CONST,LIQUE,3.47,0,0
206,JP,JP,AIRTR,PFERT,3.47,0,0
2288,JP,JP,ELEC2,MEAT1,3.47,0,0
2757,JP,JP,ELEC6,NONFE,3.47,0,0
1755,JP,JP,DISTR,PREC1,3.47,0,0
2878,JP,JP,ELEC8,LEATH,3.46,0,0
2702,JP,JP,ELEC6,BUSIN,3.46,0,0
3990,JP,JP,INSUR,ELEC8,3.45,0,0
6058,JP,JP,RADIO,BEVER,3.45,0,0
712,JP,JP,BLAST,TRANS,3.45,0,0
2518,JP,JP,ELEC4,LEATH,3.45,0,0
6804,JP,JP,RUBBE,CRUDE,3.44,0,0
5529,JP,JP,PAPER,FISHF,3.44,0,0
4636,JP,JP,LUBRI,INSUR,3.44,0,0
3767,JP,JP,HEALT,BUSIN,3.44,0,0
7434,JP,JP,TRAN1,SEACO,3.43,0,0
4718,JP,JP,MEDIC,BRICK,3.43,0,0
4597,JP,JP,LIQUE,REFI1,3.42,0,0
4686,JP,JP,MEAT4,FURNI,3.42,0,0
883,JP,JP,CEMEN,MEMBE,3.41,0,0
5435,JP,JP,OXYGE,PAPER,3.41,0,0
2948,JP,JP,ELECT,ANIMA,3.41,0,0
1728,JP,JP,DISTR,MEAT1,3.41,0,0
77,JP,JP,93197,NONFE,3.41,0,0
1126,JP,JP,COKE1,BUSIN,3.41,0,0
3058,JP,JP,FABRI,ELEC1,3.41,0,0
7455,JP,JP,TRAN2,DIST1,3.41,0,0
5764,JP,JP,POSTT,BLAST,3.4,0,0
7415,JP,JP,TRAN1,NATU1,3.39,0,0
2212,JP,JP,ELEC1,SEACO,3.39,0,0
2011,JP,JP,ELE12,COMPU,3.39,0,0
7103,JP,JP,STEAM,STEAM,3.37,0,0
7840,JP,JP,WOOLS,POULT,3.37,0,0
7041,JP,JP,STEAM,AIRTR,3.37,0,0
1327,JP,JP,COMPU,POULT,3.36,0,0
2875,JP,JP,ELEC8,KEROS,3.36,0,0
2345,JP,JP,ELEC2,TOBAC,3.36,0,0
7090,JP,JP,STEAM,NONME,3.35,0,0
2515,JP,JP,ELEC4,KEROS,3.35,0,0
3081,JP,JP,FABRI,IRONO,3.34,0,0
304,JP,JP,ANIMA,RAWMI,3.34,0,0
2723,JP,JP,ELEC6,FINAN,3.34,0,0
3542,JP,JP,FURNI,NONF1,3.34,0,0
4565,JP,JP,LIQUE,LUBRI,3.33,0,0
3153,JP,JP,FINAN,ANIMA,3.33,0,0
1626,JP,JP,DIST1,MEAT1,3.32,0,0
7177,JP,JP,SUPPO,COKEO,3.32,0,0
7109,JP,JP,STEAM,VEGE1,3.32,0,0
1047,JP,JP,CHEM1,RAILW,3.32,0,0
1787,JP,JP,EDUCA,AIRTR,3.32,0,0
6134,JP,JP,RADIO,WEARI,3.31,0,0
4069,JP,JP,INSUR,TOBAC,3.31,0,0
3442,JP,JP,FOUND,BASIC,3.31,0,0
7461,JP,JP,TRAN2,LIQUE,3.3,0,0
7179,JP,JP,SUPPO,CONST,3.3,0,0
1775,JP,JP,DISTR,TOBAC,3.3,0,0
7362,JP,JP,TEXTI,TRAN2,3.3,0,0
4168,JP,JP,KERO1,LEAD1,3.3,0,0
3986,JP,JP,INSUR,ELEC3,3.3,0,0
4460,JP,JP,LEATH,FOUND,3.29,0,0
781,JP,JP,BUSIN,INLAN,3.28,0,0
2038,JP,JP,ELE12,LANDT,3.28,0,0
4185,JP,JP,KERO1,NONF1,3.27,0,0
5413,JP,JP,OXYGE,FOUND,3.27,0,0
1788,JP,JP,EDUCA,AUXIL,3.26,0,0
2039,JP,JP,ELE12,LEAD1,3.26,0,0
4580,JP,JP,LIQUE,OXYGE,3.26,0,0
1445,JP,JP,CONST,OXYGE,3.26,0,0
630,JP,JP,BITU1,STONE,3.25,0,0
1292,JP,JP,COMPU,KEROS,3.25,0,0
5616,JP,JP,PFERT,BEVER,3.25,0,0
4593,JP,JP,LIQUE,RADIO,3.24,0,0
5810,JP,JP,POSTT,IRONO,3.24,0,0
5018,JP,JP,NAPHT,SANDC,3.24,0,0
7236,JP,JP,SUPPO,PETRO,3.24,0,0
4599,JP,JP,LIQUE,RESEA,3.23,0,0
494,JP,JP,BEVER,CHEM1,3.23,0,0
2233,JP,JP,ELEC2,ANIMA,3.23,0,0
5445,JP,JP,OXYGE,REALE,3.23,0,0
3706,JP,JP,GLASS,BUSIN,3.23,0,0
442,JP,JP,AVIAT,AIRTR,3.23,0,0
3879,JP,JP,HEAVY,PREC1,3.23,0,0
6361,JP,JP,REALE,VEGET,3.23,0,0
2294,JP,JP,ELEC2,MEMBE,3.22,0,0
3582,JP,JP,FURNI,VEGET,3.22,0,0
3533,JP,JP,FURNI,MEATC,3.21,0,0
4628,JP,JP,LUBRI,FINAN,3.2,0,0
6212,JP,JP,RAILW,PREC1,3.19,0,0
3308,JP,JP,FISHF,PUBLI,3.18,0,0
2191,JP,JP,ELEC1,POULT,3.18,0,0
1994,JP,JP,ELE12,ALUM1,3.17,0,0
2023,JP,JP,ELE12,FISH5,3.17,0,0
46,JP,JP,93197,FORES,3.17,0,0
5103,JP,JP,NATUR,TOBAC,3.15,0,0
5085,JP,JP,NATUR,NFERT,3.13,0,0
4690,JP,JP,MEAT4,PFERT,3.13,0,0
973,JP,JP,CHEM1,COKE1,3.13,0,0
3077,JP,JP,FABRI,HEAVY,3.12,0,0
3381,JP,JP,FOOD5,MEAT4,3.11,0,0
2641,JP,JP,ELEC5,MOTOR,3.11,0,0
966,JP,JP,CHEM1,CEMEN,3.1,0,0
7393,JP,JP,TRAN1,ELEC3,3.1,0,0
6188,JP,JP,RAILW,MEATP,3.1,0,0
7132,JP,JP,SUGA1,93197,3.09,0,0
5949,JP,JP,PRINT,FORES,3.09,0,0
2856,JP,JP,ELEC8,DISTR,3.08,0,0
7577,JP,JP,WEARI,BRICK,3.08,0,0
6730,JP,JP,RETA1,NATUR,3.08,0,0
2496,JP,JP,ELEC4,DISTR,3.07,0,0
4920,JP,JP,MOTOR,CROPS,3.07,0,0
1486,JP,JP,COPP1,LEAD1,3.07,0,0
1868,JP,JP,EDUCA,RETAI,3.07,0,0
2013,JP,JP,ELE12,COPP1,3.07,0,0
2941,JP,JP,ELEC8,VEGET,3.06,0,0
557,JP,JP,BIOG1,RETA1,3.06,0,0
2252,JP,JP,ELEC2,COKE1,3.06,0,0
2580,JP,JP,ELEC4,VEGET,3.05,0,0
7426,JP,JP,TRAN1,POULT,3.04,0,0
2330,JP,JP,ELEC2,REFI1,3.03,0,0
563,JP,JP,BIOG1,TEXTI,3.03,0,0
3762,JP,JP,HEALT,93197,3.03,0,0
3839,JP,JP,HEAVY,HEALT,3.03,0,0
6493,JP,JP,REFI1,REFIN,3.02,0,0
7235,JP,JP,SUPPO,PARAF,3.02,0,0
3118,JP,JP,FABRI,PREC1,3.02,0,0
4681,JP,JP,MEAT1,PUBLI,3.01,0,0
1265,JP,JP,COMPU,ELE11,3.01,0,0
5469,JP,JP,PADDY,NFERT,3.01,0,0
5102,JP,JP,NATUR,TEXTI,3.01,0,0
3550,JP,JP,FURNI,PFERT,3.01,0,0
4874,JP,JP,MEMBE,RETAI,2.99,0,0
7683,JP,JP,WHEAT,CATTL,2.99,0,0
7594,JP,JP,WEARI,DISTR,2.99,0,0
2688,JP,JP,ELEC5,WEARI,2.99,0,0
1764,JP,JP,DISTR,REFI1,2.98,0,0
4435,JP,JP,LEATH,CHEM1,2.98,0,0
6403,JP,JP,RECRE,FOOD5,2.98,0,0
2081,JP,JP,ELE12,RECRE,2.98,0,0
5178,JP,JP,NONF1,ELEC8,2.98,0,0
6619,JP,JP,RESEA,OXYGE,2.98,0,0
3903,JP,JP,HEAVY,TOBAC,2.97,0,0
2885,JP,JP,ELEC8,MEDIC,2.97,0,0
1366,JP,JP,CONST,ANIMA,2.96,0,0
2525,JP,JP,ELEC4,MEDIC,2.96,0,0
6686,JP,JP,RETA1,DISTR,2.96,0,0
2287,JP,JP,ELEC2,LUBRI,2.96,0,0
4003,JP,JP,INSUR,HEAVY,2.96,0,0
3368,JP,JP,FOOD5,CROPS,2.96,0,0
5159,JP,JP,NFERT,WHEAT,2.95,0,0
2397,JP,JP,ELEC3,INSUR,2.95,0,0
7140,JP,JP,SUGA1,MEATC,2.94,0,0
858,JP,JP,CATTL,NFERT,2.94,0,0
4764,JP,JP,MEDIC,VEGET,2.93,0,0
7196,JP,JP,SUPPO,FINAN,2.93,0,0
7059,JP,JP,STEAM,ELEC1,2.92,0,0
5846,JP,JP,POSTT,PREC1,2.92,0,0
936,JP,JP,CERAM,TRANS,2.91,0,0
453,JP,JP,BASIC,CHEM1,2.91,0,0
6460,JP,JP,RECRE,RUBBE,2.91,0,0
3382,JP,JP,FOOD5,MEATA,2.91,0,0
7575,JP,JP,WEARI,BITUM,2.91,0,0
4652,JP,JP,LUBRI,POSTT,2.91,0,0
1727,JP,JP,DISTR,LUBRI,2.91,0,0
1438,JP,JP,CONST,NFERT,2.9,0,0
1664,JP,JP,DIST1,STONE,2.9,0,0
1967,JP,JP,ELE11,RAILW,2.9,0,0
7269,JP,JP,SUPPO,VEGE1,2.9,0,0
3772,JP,JP,HEALT,COMPU,2.89,0,0
4983,JP,JP,MOTOR,WHOLE,2.88,0,0
1586,JP,JP,DIST1,COMPU,2.88,0,0
3293,JP,JP,FISH5,NFERT,2.88,0,0
6720,JP,JP,RETA1,MEAT1,2.88,0,0
2710,JP,JP,ELEC6,COKEO,2.88,0,0
6439,JP,JP,RECRE,PAPER,2.87,0,0
5105,JP,JP,NATUR,WEARI,2.87,0,0
3300,JP,JP,FISHF,CHEM1,2.87,0,0
3788,JP,JP,HEALT,PRIVA,2.86,0,0
1169,JP,JP,COKE1,PRINT,2.86,0,0
3204,JP,JP,FINAN,HEAVY,2.86,0,0
7095,JP,JP,STEAM,PRINT,2.85,0,0
7014,JP,JP,SEACO,RECRE,2.85,0,0
4076,JP,JP,INSUR,WHEAT,2.84,0,0
4915,JP,JP,MOTOR,CHEMI,2.84,0,0
3024,JP,JP,FABRI,AIRTR,2.84,0,0
1200,JP,JP,COKEO,CONST,2.83,0,0
3578,JP,JP,FURNI,TRAN1,2.83,0,0
905,JP,JP,CERAM,CHEM1,2.83,0,0
6316,JP,JP,REALE,MOTOR,2.83,0,0
1205,JP,JP,COKEO,ELEC1,2.8,0,0
6123,JP,JP,RADIO,RUBBE,2.8,0,0
7048,JP,JP,STEAM,CEMEN,2.77,0,0
3590,JP,JP,GASDI,AUXIL,2.76,0,0
5595,JP,JP,PARAF,COKEO,2.76,0,0
2074,JP,JP,ELE12,PROCE,2.75,0,0
3906,JP,JP,HEAVY,VEGE1,2.74,0,0
5787,JP,JP,POSTT,ELE12,2.74,0,0
5750,JP,JP,PLAST,TRANS,2.74,0,0
7440,JP,JP,TRAN1,TRAN1,2.74,0,0
6995,JP,JP,SEACO,NATUR,2.73,0,0
4714,JP,JP,MEATP,SUPPO,2.73,0,0
2132,JP,JP,ELEC1,CROPS,2.73,0,0
6399,JP,JP,RECRE,FABRI,2.73,0,0
7335,JP,JP,TEXTI,PADDY,2.72,0,0
27,JP,JP,93197,CRUDE,2.72,0,0
1079,JP,JP,CHEMI,FABRI,2.72,0,0
5416,JP,JP,OXYGE,GLASS,2.71,0,0
2220,JP,JP,ELEC1,TRAN1,2.71,0,0
2055,JP,JP,ELE12,NONF1,2.71,0,0
666,JP,JP,BLAST,FURNI,2.71,0,0
1601,JP,JP,DIST1,ELEC5,2.7,0,0
2592,JP,JP,ELEC5,BEVER,2.7,0,0
1844,JP,JP,EDUCA,MOTOR,2.69,0,0
7796,JP,JP,WOODW,MEDIC,2.69,0,0
6109,JP,JP,RADIO,NONME,2.69,0,0
3376,JP,JP,FOOD5,GLASS,2.68,0,0
3849,JP,JP,HEAVY,LEATH,2.68,0,0
3763,JP,JP,HEALT,ANIMA,2.67,0,0
1842,JP,JP,EDUCA,MEMBE,2.67,0,0
4552,JP,JP,LIQUE,FURNI,2.67,0,0
5929,JP,JP,PRINT,CROPS,2.67,0,0
6634,JP,JP,RESEA,REFI1,2.67,0,0
6925,JP,JP,SANDC,FABRI,2.66,0,0
7579,JP,JP,WEARI,CATTL,2.66,0,0
6153,JP,JP,RAILW,COKEO,2.66,0,0
6841,JP,JP,RUBBE,NFERT,2.66,0,0
4019,JP,JP,INSUR,MEATP,2.66,0,0
1280,JP,JP,COMPU,FORES,2.65,0,0
6963,JP,JP,SEACO,ELEC2,2.65,0,0
3082,JP,JP,FABRI,KERO1,2.65,0,0
640,JP,JP,BITUM,OFFIC,2.64,0,0
468,JP,JP,BASIC,NATU1,2.64,0,0
1416,JP,JP,CONST,INLAN,2.63,0,0
2016,JP,JP,ELE12,DAIRY,2.63,0,0
6026,JP,JP,PRIVA,BITUM,2.63,0,0
2268,JP,JP,ELEC2,FISHF,2.62,0,0
3826,JP,JP,HEAVY,EDUCA,2.62,0,0
2395,JP,JP,ELEC3,HEAVY,2.62,0,0
1163,JP,JP,COKE1,OXYGE,2.61,0,0
962,JP,JP,CHEM1,BLAST,2.61,0,0
3727,JP,JP,GLASS,LANDT,2.61,0,0
4123,JP,JP,KERO1,CEMEN,2.61,0,0
2352,JP,JP,ELEC2,WHEAT,2.61,0,0
3648,JP,JP,GASDI,NATUR,2.61,0,0
7698,JP,JP,WHITE,ELECT,2.61,0,0
5633,JP,JP,PFERT,ELEC1,2.6,0,0
4335,JP,JP,LANDT,NFERT,2.6,0,0
7591,JP,JP,WEARI,CRUDE,2.6,0,0
6598,JP,JP,RESEA,LUBRI,2.6,0,0
2027,JP,JP,ELE12,FOUND,2.6,0,0
3758,JP,JP,GLASS,VEGE1,2.59,0,0
6463,JP,JP,RECRE,SEACO,2.59,0,0
6792,JP,JP,RUBBE,CATTL,2.59,0,0
1648,JP,JP,DIST1,PRINT,2.59,0,0
1925,JP,JP,ELE11,HOTEL,2.59,0,0
1629,JP,JP,DIST1,MEATP,2.58,0,0
7388,JP,JP,TRAN1,CROPS,2.57,0,0
1154,JP,JP,COKE1,MEDIC,2.57,0,0
5332,JP,JP,NONSP,COPP1,2.56,0,0
631,JP,JP,BITU1,TEXTI,2.56,0,0
1222,JP,JP,COKEO,NONF1,2.56,0,0
6173,JP,JP,RAILW,HEAVY,2.56,0,0
2241,JP,JP,ELEC2,BLAST,2.55,0,0
10,JP,JP,93197,BITUM,2.55,0,0
6327,JP,JP,REALE,OXYGE,2.55,0,0
1831,JP,JP,EDUCA,IRONO,2.54,0,0
6523,JP,JP,REFIN,REFI1,2.54,0,0
1940,JP,JP,ELE11,MOTO1,2.53,0,0
7023,JP,JP,SEACO,STONE,2.52,0,0
5453,JP,JP,OXYGE,TEXTI,2.52,0,0
7049,JP,JP,STEAM,CERAM,2.51,0,0
4008,JP,JP,INSUR,KERO1,2.5,0,0
979,JP,JP,CHEM1,CRUDE,2.5,0,0
2292,JP,JP,ELEC2,MEATP,2.5,0,0
4484,JP,JP,LEATH,PLAST,2.5,0,0
6926,JP,JP,SANDC,FORES,2.5,0,0
853,JP,JP,CATTL,FOOD5,2.5,0,0
3987,JP,JP,INSUR,ELEC4,2.49,0,0
6826,JP,JP,RUBBE,LEAD1,2.49,0,0
299,JP,JP,ANIMA,NFERT,2.49,0,0
6398,JP,JP,RECRE,ELECT,2.48,0,0
116,JP,JP,93197,TRAN1,2.48,0,0
2838,JP,JP,ELEC8,BRICK,2.48,0,0
3466,JP,JP,FOUND,SALEM,2.48,0,0
4555,JP,JP,LIQUE,HEALT,2.48,0,0
3098,JP,JP,FABRI,NAPHT,2.47,0,0
2480,JP,JP,ELEC4,BRICK,2.47,0,0
6516,JP,JP,REFIN,LUBRI,2.47,0,0
3142,JP,JP,FABRI,TRAN1,2.47,0,0
6831,JP,JP,RUBBE,MEAT4,2.46,0,0
1732,JP,JP,DISTR,MEATP,2.46,0,0
4961,JP,JP,MOTOR,PRIVA,2.45,0,0
680,JP,JP,BLAST,MEMBE,2.45,0,0
6369,JP,JP,RECRE,AUXIL,2.45,0,0
2648,JP,JP,ELEC5,NONME,2.45,0,0
2192,JP,JP,ELEC1,PREC1,2.44,0,0
7002,JP,JP,SEACO,PAPER,2.44,0,0
4005,JP,JP,INSUR,INLAN,2.44,0,0
7273,JP,JP,SUPPO,WHITE,2.44,0,0
7684,JP,JP,WHEAT,CEREA,2.44,0,0
4419,JP,JP,LEAD1,TEXTI,2.43,0,0
5532,JP,JP,PAPER,FOUND,2.43,0,0
7610,JP,JP,WEARI,FORES,2.43,0,0
4472,JP,JP,LEATH,MEMBE,2.42,0,0
3209,JP,JP,FINAN,KERO1,2.42,0,0
4044,JP,JP,INSUR,PREC1,2.42,0,0
1225,JP,JP,COKEO,PFERT,2.42,0,0
1296,JP,JP,COMPU,LIQUE,2.41,0,0
49,JP,JP,93197,GASDI,2.41,0,0
1975,JP,JP,ELE11,RUBBE,2.41,0,0
148,JP,JP,AIRTR,CRUDE,2.41,0,0
3268,JP,JP,FINAN,SUGAR,2.41,0,0
2162,JP,JP,ELEC1,MEAT1,2.41,0,0
4688,JP,JP,MEAT4,MEAT4,2.4,0,0
2735,JP,JP,ELEC6,INSUR,2.4,0,0
4504,JP,JP,LEATH,SUPPO,2.4,0,0
3872,JP,JP,HEAVY,PETRO,2.39,0,0
6088,JP,JP,RADIO,FOUND,2.39,0,0
7134,JP,JP,SUGA1,CATTL,2.39,0,0
7299,JP,JP,TEXTI,AIRTR,2.39,0,0
7713,JP,JP,WHITE,OFFIC,2.39,0,0
4648,JP,JP,LUBRI,PADDY,2.38,0,0
1877,JP,JP,EDUCA,TRAN1,2.38,0,0
333,JP,JP,AUXIL,COKEO,2.38,0,0
4296,JP,JP,LANDT,ELEC6,2.37,0,0
1004,JP,JP,CHEM1,IRONO,2.37,0,0
2020,JP,JP,ELE12,ELECT,2.36,0,0
6194,JP,JP,RAILW,NATU1,2.35,0,0
4023,JP,JP,INSUR,NAPHT,2.34,0,0
7427,JP,JP,TRAN1,PREC1,2.33,0,0
3398,JP,JP,FOOD5,RETAI,2.33,0,0
2219,JP,JP,ELEC1,TOBAC,2.33,0,0
2656,JP,JP,ELEC5,POSTT,2.33,0,0
6971,JP,JP,SEACO,FOUND,2.32,0,0
4910,JP,JP,MOTOR,CATTL,2.32,0,0
1507,JP,JP,CROPS,NFERT,2.32,0,0
2853,JP,JP,ELEC8,CRUDE,2.31,0,0
4607,JP,JP,LIQUE,TRANS,2.31,0,0
575,JP,JP,BITU1,BITU1,2.31,0,0
4861,JP,JP,MEMBE,PRECI,2.31,0,0
2494,JP,JP,ELEC4,CRUDE,2.31,0,0
5271,JP,JP,NONME,LEAD1,2.3,0,0
7053,JP,JP,STEAM,COMPU,2.3,0,0
7408,JP,JP,TRAN1,MEAT1,2.3,0,0
6054,JP,JP,RADIO,AIRTR,2.29,0,0
5436,JP,JP,OXYGE,PFERT,2.29,0,0
7626,JP,JP,WEARI,MEAT1,2.28,0,0
281,JP,JP,ALUM1,SUPPO,2.28,0,0
1824,JP,JP,EDUCA,FURNI,2.28,0,0
216,JP,JP,AIRTR,RAILW,2.28,0,0
2425,JP,JP,ELEC3,PADDY,2.27,0,0
3090,JP,JP,FABRI,MEAT4,2.27,0,0
734,JP,JP,BUSIN,BIOG1,2.26,0,0
6992,JP,JP,SEACO,MOTOR,2.26,0,0
3225,JP,JP,FINAN,NAPHT,2.26,0,0
1923,JP,JP,ELE11,HEALT,2.26,0,0
7414,JP,JP,TRAN1,MEMBE,2.26,0,0
5504,JP,JP,PAPER,ANIMA,2.25,0,0
7480,JP,JP,TRANS,BUSIN,2.25,0,0
6286,JP,JP,REALE,ELEC6,2.25,0,0
7083,JP,JP,STEAM,MEMBE,2.24,0,0
3391,JP,JP,FOOD5,PLAST,2.24,0,0
2168,JP,JP,ELEC1,MEMBE,2.24,0,0
833,JP,JP,BUSIN,SANDC,2.24,0,0
7208,JP,JP,SUPPO,INLAN,2.23,0,0
3871,JP,JP,HEAVY,PARAF,2.23,0,0
5640,JP,JP,PFERT,FISH5,2.23,0,0
1920,JP,JP,ELE11,FURNI,2.23,0,0
7439,JP,JP,TRAN1,TOBAC,2.22,0,0
2399,JP,JP,ELEC3,KERO1,2.22,0,0
2679,JP,JP,ELEC5,STONE,2.22,0,0
5360,JP,JP,NONSP,REFI1,2.21,0,0
324,JP,JP,AUXIL,CATTL,2.21,0,0
2918,JP,JP,ELEC8,RAWMI,2.21,0,0
2557,JP,JP,ELEC4,RAWMI,2.2,0,0
2690,JP,JP,ELEC5,WOODW,2.2,0,0
1641,JP,JP,DIST1,OXYGE,2.2,0,0
2429,JP,JP,ELEC3,PFERT,2.2,0,0
173,JP,JP,AIRTR,HEAVY,2.19,0,0
7042,JP,JP,STEAM,ALUM1,2.19,0,0
4831,JP,JP,MEMBE,MEAT1,2.19,0,0
6240,JP,JP,RAILW,VEGET,2.18,0,0
5253,JP,JP,NONME,ELEC2,2.18,0,0
5957,JP,JP,PRINT,INLAN,2.18,0,0
4917,JP,JP,MOTOR,COMPU,2.18,0,0
1637,JP,JP,DIST1,NFERT,2.18,0,0
5327,JP,JP,NONSP,CEMEN,2.17,0,0
2668,JP,JP,ELEC5,REALE,2.17,0,0
6178,JP,JP,RAILW,KERO1,2.17,0,0
5725,JP,JP,PLAST,BASIC,2.16,0,0
1290,JP,JP,COMPU,IRONO,2.16,0,0
7067,JP,JP,STEAM,FOUND,2.16,0,0
5345,JP,JP,NONSP,LUBRI,2.16,0,0
7465,JP,JP,TRAN2,NATU1,2.15,0,0
1976,JP,JP,ELE11,SALEM,2.15,0,0
5175,JP,JP,NONF1,ELEC4,2.15,0,0
129,JP,JP,AIRTR,BEVER,2.15,0,0
5576,JP,JP,PAPER,SALEM,2.14,0,0
1220,JP,JP,COKEO,MOTO1,2.14,0,0
2005,JP,JP,ELE12,CERAM,2.14,0,0
4201,JP,JP,KERO1,PRECI,2.14,0,0
4758,JP,JP,MEDIC,RETAI,2.14,0,0
7657,JP,JP,WEARI,PULP5,2.14,0,0
4905,JP,JP,MOTOR,BEVER,2.13,0,0
2905,JP,JP,ELEC8,PIGS9,2.13,0,0
1910,JP,JP,ELE11,EDUCA,2.13,0,0
2733,JP,JP,ELEC6,HEAVY,2.13,0,0
4886,JP,JP,MEMBE,TRAN1,2.13,0,0
3892,JP,JP,HEAVY,RETA1,2.13,0,0
2544,JP,JP,ELEC4,PIGS9,2.12,0,0
2660,JP,JP,ELEC5,PRINT,2.12,0,0
7598,JP,JP,WEARI,ELEC2,2.12,0,0
1307,JP,JP,COMPU,NATU1,2.12,0,0
7640,JP,JP,WEARI,NONFE,2.12,0,0
1981,JP,JP,ELE11,SUPPO,2.12,0,0
1471,JP,JP,CONST,SUGAR,2.12,0,0
2879,JP,JP,ELEC8,LIQUE,2.12,0,0
7340,JP,JP,TEXTI,POSTT,2.12,0,0
4882,JP,JP,MEMBE,SUGAR,2.12,0,0
2519,JP,JP,ELEC4,LIQUE,2.11,0,0
7691,JP,JP,WHITE,BASIC,2.11,0,0
5806,JP,JP,POSTT,HEAVY,2.11,0,0
6542,JP,JP,RESEA,BIODI,2.11,0,0
2204,JP,JP,ELEC1,REFI1,2.1,0,0
7364,JP,JP,TEXTI,VEGET,2.1,0,0
4026,JP,JP,INSUR,NFERT,2.1,0,0
3436,JP,JP,FORES,STONE,2.1,0,0
1165,JP,JP,COKE1,PFERT,2.1,0,0
851,JP,JP,CATTL,ANIMA,2.09,0,0
6677,JP,JP,RETA1,COKE1,2.09,0,0
1636,JP,JP,DIST1,NATUR,2.09,0,0
1116,JP,JP,COALT,TRANS,2.08,0,0
5974,JP,JP,PRINT,MOTOR,2.08,0,0
3291,JP,JP,FISH5,MEATC,2.08,0,0
4948,JP,JP,MOTOR,NATUR,2.08,0,0
4914,JP,JP,MOTOR,CHEM1,2.08,0,0
6723,JP,JP,RETA1,MEATP,2.08,0,0
2938,JP,JP,ELEC8,TRAN2,2.08,0,0
655,JP,JP,BLAST,COPP1,2.07,0,0
2007,JP,JP,ELE12,CHEMI,2.07,0,0
3236,JP,JP,FINAN,OXYGE,2.07,0,0
2414,JP,JP,ELEC3,NAPHT,2.07,0,0
585,JP,JP,BITU1,COPP1,2.07,0,0
2577,JP,JP,ELEC4,TRAN2,2.07,0,0
1051,JP,JP,CHEM1,REFI1,2.07,0,0
2925,JP,JP,ELEC8,RETAI,2.06,0,0
344,JP,JP,AUXIL,ELE12,2.06,0,0
3060,JP,JP,FABRI,ELEC3,2.05,0,0
3953,JP,JP,INSUR,ANIMA,2.05,0,0
2161,JP,JP,ELEC1,LUBRI,2.05,0,0
3020,JP,JP,ELECT,WHEAT,2.05,0,0
792,JP,JP,BUSIN,MEAT4,2.04,0,0
5358,JP,JP,NONSP,PRINT,2.04,0,0
3782,JP,JP,HEALT,MEMBE,2.03,0,0
4747,JP,JP,MEDIC,NONF1,2.03,0,0
5437,JP,JP,OXYGE,PLAST,2.03,0,0
7648,JP,JP,WEARI,PIGS9,2.02,0,0
6193,JP,JP,RAILW,NAPHT,2.02,0,0
5818,JP,JP,POSTT,MEAT1,2.02,0,0
7123,JP,JP,STONE,MEMBE,2.02,0,0
1070,JP,JP,CHEM1,WHOLE,2.02,0,0
6853,JP,JP,RUBBE,PIGS9,2.02,0,0
6506,JP,JP,REFIN,ELEC3,2.01,0,0
1011,JP,JP,CHEM1,LUBRI,2.01,0,0
2685,JP,JP,ELEC5,TRANS,2.01,0,0
3208,JP,JP,FINAN,IRONO,2.01,0,0
413,JP,JP,AUXIL,RAWMI,2.0,0,0
6638,JP,JP,RESEA,RETAI,1.99,0,0
2030,JP,JP,ELE12,GLASS,1.99,0,0
1678,JP,JP,DISTR,ANIMA,1.99,0,0
4970,JP,JP,MOTOR,RUBBE,1.97,0,0
2829,JP,JP,ELEC8,AIRTR,1.97,0,0
7313,JP,JP,TEXTI,FINAN,1.97,0,0
3014,JP,JP,ELECT,SUGAR,1.97,0,0
2073,JP,JP,ELE12,PRIVA,1.96,0,0
2473,JP,JP,ELEC4,AIRTR,1.96,0,0
6998,JP,JP,SEACO,NONFE,1.96,0,0
552,JP,JP,BIOG1,PUBLI,1.96,0,0
3083,JP,JP,FABRI,KEROS,1.96,0,0
4591,JP,JP,LIQUE,PUBLI,1.96,0,0
3834,JP,JP,HEAVY,FORES,1.95,0,0
7523,JP,JP,VEGE1,SUPPO,1.95,0,0
5434,JP,JP,OXYGE,OFFIC,1.94,0,0
4514,JP,JP,LIQUE,93197,1.94,0,0
705,JP,JP,BLAST,RUBBE,1.93,0,0
7105,JP,JP,STEAM,SUPPO,1.93,0,0
6292,JP,JP,REALE,FISHF,1.92,0,0
4466,JP,JP,LEATH,LANDT,1.92,0,0
1309,JP,JP,COMPU,NFERT,1.92,0,0
2620,JP,JP,ELEC5,GASDI,1.91,0,0
5459,JP,JP,OXYGE,WHOLE,1.91,0,0
5897,JP,JP,POULT,SUPPO,1.91,0,0
3732,JP,JP,GLASS,MEATC,1.91,0,0
3079,JP,JP,FABRI,INLAN,1.91,0,0
4561,JP,JP,LIQUE,LANDT,1.9,0,0
578,JP,JP,BITU1,CEMEN,1.9,0,0
4212,JP,JP,KERO1,REFI1,1.88,0,0
5400,JP,JP,OXYGE,CERAM,1.86,0,0
4958,JP,JP,MOTOR,POULT,1.86,0,0
6903,JP,JP,SALEM,PADDY,1.86,0,0
2056,JP,JP,ELE12,NONFE,1.86,0,0
178,JP,JP,AIRTR,KERO1,1.86,0,0
4343,JP,JP,LANDT,OXYGE,1.86,0,0
2002,JP,JP,ELE12,BUSIN,1.86,0,0
4682,JP,JP,MEAT4,93197,1.86,0,0
3433,JP,JP,FORES,PUBLI,1.86,0,0
4835,JP,JP,MEMBE,MEATP,1.85,0,0
2644,JP,JP,ELEC5,NATUR,1.85,0,0
4009,JP,JP,INSUR,KEROS,1.85,0,0
2763,JP,JP,ELEC6,PADDY,1.85,0,0
3967,JP,JP,INSUR,CEREA,1.85,0,0
234,JP,JP,AIRTR,TRAN2,1.85,0,0
4658,JP,JP,LUBRI,REALE,1.84,0,0
3841,JP,JP,HEAVY,HOTEL,1.84,0,0
1240,JP,JP,COMPU,BIOG1,1.84,0,0
7217,JP,JP,SUPPO,MEAT1,1.84,0,0
4171,JP,JP,KERO1,LUBRI,1.84,0,0
7397,JP,JP,TRAN1,FISHF,1.84,0,0
527,JP,JP,BIOG1,FOOD5,1.83,0,0
1913,JP,JP,ELE11,FABRI,1.83,0,0
6474,JP,JP,RECRE,WEARI,1.83,0,0
5322,JP,JP,NONSP,ALUM1,1.83,0,0
7618,JP,JP,WEARI,INLAN,1.82,0,0
5550,JP,JP,PAPER,NFERT,1.82,0,0
7121,JP,JP,STONE,LEAD1,1.82,0,0
2142,JP,JP,ELEC1,FISHF,1.82,0,0
1155,JP,JP,COKE1,MEMBE,1.82,0,0
4226,JP,JP,KERO1,TOBAC,1.82,0,0
7329,JP,JP,TEXTI,MEDIC,1.81,0,0
2737,JP,JP,ELEC6,KERO1,1.8,0,0
3909,JP,JP,HEAVY,WHITE,1.8,0,0
2603,JP,JP,ELEC5,COMPU,1.8,0,0
6725,JP,JP,RETA1,MEMBE,1.8,0,0
2022,JP,JP,ELE12,FINAN,1.79,0,0
5081,JP,JP,NATUR,MOTOR,1.79,0,0
7200,JP,JP,SUPPO,FORES,1.79,0,0
3210,JP,JP,FINAN,KEROS,1.79,0,0
2767,JP,JP,ELEC6,PFERT,1.79,0,0
5811,JP,JP,POSTT,KERO1,1.79,0,0
1418,JP,JP,CONST,IRONO,1.79,0,0
6371,JP,JP,RECRE,BEVER,1.78,0,0
3791,JP,JP,HEALT,RAILW,1.78,0,0
5078,JP,JP,NATUR,MEATC,1.77,0,0
3523,JP,JP,FURNI,IRONO,1.76,0,0
642,JP,JP,BITUM,RADIO,1.76,0,0
713,JP,JP,BLAST,VEGE1,1.76,0,0
622,JP,JP,BITU1,PLAST,1.76,0,0
1215,JP,JP,COKEO,HEALT,1.75,0,0
3897,JP,JP,HEAVY,STEAM,1.75,0,0
4521,JP,JP,LIQUE,BITU1,1.75,0,0
902,JP,JP,CERAM,BUSIN,1.75,0,0
4007,JP,JP,INSUR,IRONO,1.75,0,0
6668,JP,JP,RETA1,BLAST,1.75,0,0
2629,JP,JP,ELEC5,LANDT,1.75,0,0
3856,JP,JP,HEAVY,MEDIC,1.74,0,0
6296,JP,JP,REALE,GASDI,1.74,0,0
193,JP,JP,AIRTR,NAPHT,1.74,0,0
1201,JP,JP,COKEO,COPP1,1.74,0,0
2630,JP,JP,ELEC5,LEAD1,1.73,0,0
2166,JP,JP,ELEC1,MEATP,1.73,0,0
4229,JP,JP,KERO1,VEGE1,1.73,0,0
7653,JP,JP,WEARI,PREC1,1.73,0,0
4623,JP,JP,LUBRI,COMPU,1.73,0,0
1897,JP,JP,ELE11,CHEM1,1.73,0,0
6682,JP,JP,RETA1,CROPS,1.72,0,0
6865,JP,JP,RUBBE,RAWMI,1.72,0,0
7063,JP,JP,STEAM,ELECT,1.72,0,0
7052,JP,JP,STEAM,COKEO,1.71,0,0
4928,JP,JP,MOTOR,FOUND,1.7,0,0
827,JP,JP,BUSIN,REFI1,1.7,0,0
925,JP,JP,CERAM,OFFIC,1.7,0,0
4725,JP,JP,MEDIC,COKEO,1.7,0,0
5438,JP,JP,OXYGE,POSTT,1.69,0,0
5057,JP,JP,NATUR,CONST,1.69,0,0
5940,JP,JP,PRINT,ELEC5,1.69,0,0
6999,JP,JP,SEACO,NONME,1.69,0,0
2840,JP,JP,ELEC8,CATTL,1.69,0,0
6077,JP,JP,RADIO,ELEC2,1.69,0,0
1509,JP,JP,CROPS,OILSE,1.69,0,0
2482,JP,JP,ELEC4,CATTL,1.69,0,0
2403,JP,JP,ELEC3,LEATH,1.69,0,0
2588,JP,JP,ELEC5,ALUM1,1.69,0,0
2752,JP,JP,ELEC6,NAPHT,1.69,0,0
2614,JP,JP,ELEC5,FISH5,1.69,0,0
518,JP,JP,BIOG1,CHEM1,1.69,0,0
1982,JP,JP,ELE11,TEXTI,1.68,0,0
5150,JP,JP,NFERT,RECRE,1.68,0,0
7603,JP,JP,WEARI,ELEC8,1.68,0,0
5826,JP,JP,POSTT,NAPHT,1.67,0,0
1903,JP,JP,ELE11,CONST,1.66,0,0
3107,JP,JP,FABRI,OILSE,1.66,0,0
5153,JP,JP,NFERT,SUGAR,1.66,0,0
945,JP,JP,CEREA,PIGS9,1.66,0,0
1825,JP,JP,EDUCA,GASDI,1.66,0,0
6695,JP,JP,RETA1,ELEC8,1.66,0,0
7702,JP,JP,WHITE,GLASS,1.66,0,0
7791,JP,JP,WOODW,MEAT1,1.66,0,0
7412,JP,JP,TRAN1,MEATP,1.65,0,0
790,JP,JP,BUSIN,LUBRI,1.65,0,0
6459,JP,JP,RECRE,RETAI,1.65,0,0
2959,JP,JP,ELECT,COKE1,1.65,0,0
7078,JP,JP,STEAM,MEAT1,1.65,0,0
930,JP,JP,CERAM,RESEA,1.65,0,0
3500,JP,JP,FURNI,ELE12,1.65,0,0
7630,JP,JP,WEARI,MEATP,1.64,0,0
2400,JP,JP,ELEC3,KEROS,1.64,0,0
3769,JP,JP,HEALT,CHEM1,1.64,0,0
520,JP,JP,BIOG1,CONST,1.64,0,0
2883,JP,JP,ELEC8,MEATC,1.63,0,0
7526,JP,JP,VEGET,ANIMA,1.63,0,0
2605,JP,JP,ELEC5,COPP1,1.63,0,0
4515,JP,JP,LIQUE,ALUM1,1.63,0,0
2523,JP,JP,ELEC4,MEATC,1.63,0,0
5352,JP,JP,NONSP,PAPER,1.63,0,0
3087,JP,JP,FABRI,LIQUE,1.63,0,0
646,JP,JP,BLAST,BEVER,1.62,0,0
523,JP,JP,BIOG1,EDUCA,1.62,0,0
1085,JP,JP,CHEMI,NONF1,1.61,0,0
4122,JP,JP,KERO1,CATTL,1.61,0,0
6909,JP,JP,SALEM,RECRE,1.61,0,0
4255,JP,JP,KEROS,SUPPO,1.6,0,0
6179,JP,JP,RAILW,KEROS,1.6,0,0
617,JP,JP,BITU1,NONSP,1.6,0,0
3467,JP,JP,FOUND,SEACO,1.59,0,0
3705,JP,JP,GLASS,BRICK,1.59,0,0
7761,JP,JP,WOODW,BITUM,1.59,0,0
4533,JP,JP,LIQUE,COPP1,1.59,0,0
582,JP,JP,BITU1,COALT,1.59,0,0
3502,JP,JP,FURNI,ELEC3,1.58,0,0
2669,JP,JP,ELEC5,RECRE,1.58,0,0
6467,JP,JP,RECRE,TEXTI,1.58,0,0
1839,JP,JP,EDUCA,MEATC,1.58,0,0
3678,JP,JP,GASDI,RETAI,1.58,0,0
7354,JP,JP,TEXTI,SALEM,1.57,0,0
5644,JP,JP,PFERT,GLASS,1.57,0,0
149,JP,JP,AIRTR,DAIRY,1.57,0,0
7671,JP,JP,WEARI,SUGAR,1.57,0,0
5686,JP,JP,PIGS9,NFERT,1.57,0,0
4624,JP,JP,LUBRI,CROPS,1.56,0,0
6954,JP,JP,SEACO,CHEMI,1.56,0,0
7696,JP,JP,WHITE,CHEM1,1.56,0,0
3311,JP,JP,FISHF,SUPPO,1.56,0,0
5296,JP,JP,NONME,PRINT,1.55,0,0
261,JP,JP,ALUM1,MEAT1,1.55,0,0
2240,JP,JP,ELEC2,BITU1,1.55,0,0
4730,JP,JP,MEDIC,DIST1,1.55,0,0
1109,JP,JP,COALT,NFERT,1.55,0,0
5409,JP,JP,OXYGE,ELECT,1.55,0,0
60,JP,JP,93197,LEAD1,1.55,0,0
3634,JP,JP,GASDI,LEATH,1.55,0,0
2010,JP,JP,ELE12,COKEO,1.55,0,0
3854,JP,JP,HEAVY,MEATC,1.55,0,0
5968,JP,JP,PRINT,MEAT4,1.54,0,0
6820,JP,JP,RUBBE,INLAN,1.54,0,0
4455,JP,JP,LEATH,FINAN,1.54,0,0
5598,JP,JP,PARAF,HEAVY,1.53,0,0
4407,JP,JP,LEAD1,MEMBE,1.53,0,0
7184,JP,JP,SUPPO,DISTR,1.53,0,0
1685,JP,JP,DISTR,BITU1,1.53,0,0
3753,JP,JP,GLASS,SEACO,1.53,0,0
3624,JP,JP,GASDI,GLASS,1.52,0,0
185,JP,JP,AIRTR,MEAT1,1.51,0,0
4196,JP,JP,KERO1,PIGS9,1.51,0,0
2380,JP,JP,ELEC3,DISTR,1.5,0,0
6310,JP,JP,REALE,MEAT1,1.5,0,0
6427,JP,JP,RECRE,MOTOR,1.5,0,0
4070,JP,JP,INSUR,TRAN1,1.5,0,0
298,JP,JP,ANIMA,MEATA,1.49,0,0
2466,JP,JP,ELEC3,VEGET,1.49,0,0
6207,JP,JP,RAILW,PFERT,1.49,0,0
3147,JP,JP,FABRI,WHEAT,1.49,0,0
529,JP,JP,BIOG1,FURNI,1.49,0,0
151,JP,JP,AIRTR,DISTR,1.48,0,0
7339,JP,JP,TEXTI,PLANT,1.48,0,0
1013,JP,JP,CHEM1,MEAT4,1.47,0,0
7143,JP,JP,SUGA1,PFERT,1.47,0,0
5368,JP,JP,OFFIC,RADIO,1.47,0,0
5873,JP,JP,POSTT,VEGE1,1.47,0,0
4548,JP,JP,LIQUE,FISH5,1.47,0,0
7181,JP,JP,SUPPO,CROPS,1.47,0,0
6877,JP,JP,RUBBE,SUGAR,1.47,0,0
29,JP,JP,93197,DIST1,1.46,0,0
2662,JP,JP,ELEC5,PROCE,1.46,0,0
6380,JP,JP,RECRE,CHEM1,1.46,0,0
223,JP,JP,AIRTR,RETAI,1.46,0,0
7149,JP,JP,SUGA1,TOBAC,1.46,0,0
1960,JP,JP,ELE11,PRECI,1.46,0,0
7148,JP,JP,SUGA1,SUPPO,1.46,0,0
5821,JP,JP,POSTT,MEATP,1.46,0,0
3414,JP,JP,FORES,CRUDE,1.46,0,0
5477,JP,JP,PADDY,RECRE,1.46,0,0
5994,JP,JP,PRINT,PREC1,1.46,0,0
697,JP,JP,BLAST,PROCE,1.45,0,0
957,JP,JP,CHEM1,BIODI,1.45,0,0
4227,JP,JP,KERO1,TRAN1,1.45,0,0
5671,JP,JP,PFERT,RUBBE,1.45,0,0
2410,JP,JP,ELEC3,MEDIC,1.45,0,0
5767,JP,JP,POSTT,CATTL,1.45,0,0
33,JP,JP,93197,ELE12,1.45,0,0
5283,JP,JP,NONME,NFERT,1.45,0,0
5043,JP,JP,NATU1,REFI1,1.45,0,0
873,JP,JP,CEMEN,COKEO,1.44,0,0
4518,JP,JP,LIQUE,BEVER,1.44,0,0
5337,JP,JP,NONSP,FOUND,1.44,0,0
5446,JP,JP,OXYGE,RESEA,1.44,0,0
2646,JP,JP,ELEC5,NONF1,1.44,0,0
3057,JP,JP,FABRI,ELE12,1.44,0,0
1129,JP,JP,COKE1,CHEM1,1.43,0,0
6275,JP,JP,REALE,CROPS,1.43,0,0
4819,JP,JP,MEMBE,HEAVY,1.43,0,0
5569,JP,JP,PAPER,RAWMI,1.43,0,0
1242,JP,JP,COMPU,BITUM,1.43,0,0
6280,JP,JP,REALE,ELE11,1.42,0,0
4365,JP,JP,LANDT,REFI1,1.41,0,0
7709,JP,JP,WHITE,MOTOR,1.41,0,0
4139,JP,JP,KERO1,DISTR,1.41,0,0
5036,JP,JP,NATU1,LUBRI,1.41,0,0
5010,JP,JP,NAPHT,OXYGE,1.41,0,0
3050,JP,JP,FABRI,CROPS,1.41,0,0
4860,JP,JP,MEMBE,PREC1,1.4,0,0
2111,JP,JP,ELEC1,ANIMA,1.4,0,0
2608,JP,JP,ELEC5,DAIRY,1.4,0,0
6972,JP,JP,SEACO,GASDI,1.39,0,0
1812,JP,JP,EDUCA,ELE12,1.39,0,0
4203,JP,JP,KERO1,PRIVA,1.39,0,0
505,JP,JP,BEVER,PUBLI,1.39,0,0
7008,JP,JP,SEACO,PRIVA,1.39,0,0
1966,JP,JP,ELE11,RADIO,1.39,0,0
2951,JP,JP,ELECT,BLAST,1.38,0,0
2618,JP,JP,ELEC5,FOUND,1.38,0,0
7810,JP,JP,WOODW,PLAST,1.38,0,0
6847,JP,JP,RUBBE,OILSE,1.38,0,0
4322,JP,JP,LANDT,LUBRI,1.38,0,0
5133,JP,JP,NFERT,MEMBE,1.38,0,0
179,JP,JP,AIRTR,KEROS,1.38,0,0
2741,JP,JP,ELEC6,LEATH,1.37,0,0
6545,JP,JP,RESEA,BITU1,1.37,0,0
4695,JP,JP,MEATA,FORES,1.36,0,0
5639,JP,JP,PFERT,ELECT,1.36,0,0
6450,JP,JP,RECRE,RADIO,1.36,0,0
3718,JP,JP,GLASS,FINAN,1.35,0,0
554,JP,JP,BIOG1,RADIO,1.35,0,0
4984,JP,JP,MOTOR,WOODW,1.35,0,0
4046,JP,JP,INSUR,PROCE,1.35,0,0
4478,JP,JP,LEATH,OFFIC,1.35,0,0
5959,JP,JP,PRINT,IRONO,1.34,0,0
7352,JP,JP,TEXTI,RETAI,1.34,0,0
6090,JP,JP,RADIO,GLASS,1.34,0,0
5924,JP,JP,PRINT,COKE1,1.34,0,0
704,JP,JP,BLAST,RETAI,1.34,0,0
6716,JP,JP,RETA1,LEAD1,1.34,0,0
7372,JP,JP,TRAN1,ANIMA,1.34,0,0
284,JP,JP,ALUM1,VEGE1,1.34,0,0
724,JP,JP,BRICK,MEMBE,1.34,0,0
5349,JP,JP,NONSP,NONF1,1.33,0,0
2738,JP,JP,ELEC6,KEROS,1.33,0,0
6818,JP,JP,RUBBE,HEAVY,1.33,0,0
4447,JP,JP,LEATH,ELEC2,1.33,0,0
1895,JP,JP,ELE11,CEMEN,1.33,0,0
6033,JP,JP,PROCE,CROPS,1.33,0,0
5792,JP,JP,POSTT,ELEC6,1.33,0,0
2940,JP,JP,ELEC8,VEGE1,1.33,0,0
6065,JP,JP,RADIO,CHEMI,1.33,0,0
5432,JP,JP,OXYGE,NONF1,1.33,0,0
2579,JP,JP,ELEC4,VEGE1,1.33,0,0
7221,JP,JP,SUPPO,MEATP,1.32,0,0
3214,JP,JP,FINAN,LIQUE,1.32,0,0
5812,JP,JP,POSTT,KEROS,1.32,0,0
3489,JP,JP,FURNI,COKEO,1.32,0,0
1622,JP,JP,DIST1,LEAD1,1.32,0,0
1884,JP,JP,ELE11,93197,1.32,0,0
7227,JP,JP,SUPPO,NFERT,1.32,0,0
5677,JP,JP,PFERT,WEARI,1.31,0,0
4952,JP,JP,MOTOR,OFFIC,1.31,0,0
6239,JP,JP,RAILW,VEGE1,1.31,0,0
1186,JP,JP,COKE1,VEGE1,1.31,0,0
6692,JP,JP,RETA1,ELEC4,1.31,0,0
6434,JP,JP,RECRE,NONME,1.31,0,0
5089,JP,JP,NATUR,OXYGE,1.3,0,0
561,JP,JP,BIOG1,STEAM,1.3,0,0
6497,JP,JP,REFIN,BITU1,1.3,0,0
5599,JP,JP,PARAF,KERO1,1.3,0,0
165,JP,JP,AIRTR,FISHF,1.29,0,0
4705,JP,JP,MEATC,SUPPO,1.29,0,0
6783,JP,JP,RUBBE,ANIMA,1.29,0,0
5212,JP,JP,NONF1,TRAN1,1.29,0,0
2034,JP,JP,ELE12,INSUR,1.29,0,0
7638,JP,JP,WEARI,NFERT,1.28,0,0
4660,JP,JP,LUBRI,REFI1,1.28,0,0
5952,JP,JP,PRINT,GASDI,1.28,0,0
5941,JP,JP,PRINT,ELEC6,1.27,0,0
3674,JP,JP,GASDI,REFI1,1.27,0,0
6671,JP,JP,RETA1,CATTL,1.27,0,0
6828,JP,JP,RUBBE,LIQUE,1.27,0,0
363,JP,JP,AUXIL,HEAVY,1.27,0,0
4956,JP,JP,MOTOR,PIGS9,1.27,0,0
3924,JP,JP,INLAN,INSUR,1.26,0,0
2611,JP,JP,ELEC5,ELECT,1.26,0,0
888,JP,JP,CEMEN,NONFE,1.26,0,0
6073,JP,JP,RADIO,DIST1,1.25,0,0
6650,JP,JP,RESEA,TRAN2,1.25,0,0
566,JP,JP,BIOG1,TRANS,1.25,0,0
4641,JP,JP,LUBRI,LUBRI,1.25,0,0
1652,JP,JP,DIST1,PULP5,1.25,0,0
670,JP,JP,BLAST,HOTEL,1.24,0,0
4799,JP,JP,MEMBE,ELE12,1.24,0,0
3636,JP,JP,GASDI,LUBRI,1.24,0,0
613,JP,JP,BITU1,NFERT,1.24,0,0
3027,JP,JP,FABRI,AUXIL,1.24,0,0
6528,JP,JP,RENTI,ELE11,1.23,0,0
3513,JP,JP,FURNI,FORES,1.23,0,0
1679,JP,JP,DISTR,AUXIL,1.23,0,0
3026,JP,JP,FABRI,ANIMA,1.23,0,0
4013,JP,JP,INSUR,LIQUE,1.23,0,0
1950,JP,JP,ELE11,OFFIC,1.23,0,0
5016,JP,JP,NAPHT,REFI1,1.23,0,0
332,JP,JP,AUXIL,COKE1,1.23,0,0
7674,JP,JP,WEARI,TOBAC,1.23,0,0
2718,JP,JP,ELEC6,DISTR,1.22,0,0
6858,JP,JP,RUBBE,PREC1,1.22,0,0
4734,JP,JP,MEDIC,FORES,1.22,0,0
729,JP,JP,BUSIN,ANIMA,1.22,0,0
2804,JP,JP,ELEC6,VEGET,1.22,0,0
3764,JP,JP,HEALT,AUXIL,1.21,0,0
4578,JP,JP,LIQUE,NONSP,1.21,0,0
5604,JP,JP,PARAF,NAPHT,1.21,0,0
4824,JP,JP,MEMBE,KERO1,1.21,0,0
610,JP,JP,BITU1,MOTO1,1.21,0,0
7600,JP,JP,WEARI,ELEC4,1.21,0,0
2365,JP,JP,ELEC3,BRICK,1.21,0,0
1965,JP,JP,ELE11,PULP5,1.21,0,0
6122,JP,JP,RADIO,RETAI,1.21,0,0
1121,JP,JP,COKE1,BEVER,1.2,0,0
7043,JP,JP,STEAM,BASIC,1.2,0,0
2251,JP,JP,ELEC2,COALT,1.2,0,0
6473,JP,JP,RECRE,VEGET,1.2,0,0
5004,JP,JP,NAPHT,LUBRI,1.19,0,0
7795,JP,JP,WOODW,MEATP,1.19,0,0
3642,JP,JP,GASDI,MEDIC,1.19,0,0
1990,JP,JP,ELE11,WHOLE,1.19,0,0
7081,JP,JP,STEAM,MEATP,1.19,0,0
7717,JP,JP,WHITE,PRINT,1.19,0,0
64,JP,JP,93197,MEAT1,1.19,0,0
3297,JP,JP,FISH5,SUPPO,1.18,0,0
3307,JP,JP,FISHF,PFERT,1.18,0,0
2748,JP,JP,ELEC6,MEDIC,1.18,0,0
4630,JP,JP,LUBRI,FORES,1.18,0,0
1665,JP,JP,DIST1,SUGA1,1.17,0,0
6973,JP,JP,SEACO,GLASS,1.17,0,0
7092,JP,JP,STEAM,OFFIC,1.16,0,0
4024,JP,JP,INSUR,NATU1,1.16,0,0
5209,JP,JP,NONF1,RETA1,1.16,0,0
73,JP,JP,93197,NATU1,1.16,0,0
5816,JP,JP,POSTT,LIQUE,1.16,0,0
7812,JP,JP,WOODW,PREC1,1.15,0,0
6552,JP,JP,RESEA,CHARC,1.15,0,0
4528,JP,JP,LIQUE,COALT,1.15,0,0
5884,JP,JP,POULT,FOOD5,1.15,0,0
6334,JP,JP,REALE,PREC1,1.14,0,0
2032,JP,JP,ELE12,HEAVY,1.14,0,0
2598,JP,JP,ELEC5,CERAM,1.14,0,0
3863,JP,JP,HEAVY,NFERT,1.14,0,0
5058,JP,JP,NATUR,COPP1,1.14,0,0
6753,JP,JP,RETA1,RAWMI,1.14,0,0
1871,JP,JP,EDUCA,SANDC,1.14,0,0
5324,JP,JP,NONSP,BITU1,1.13,0,0
4839,JP,JP,MEMBE,NAPHT,1.13,0,0
6823,JP,JP,RUBBE,KERO1,1.13,0,0
6930,JP,JP,SANDC,LEATH,1.13,0,0
2378,JP,JP,ELEC3,CRUDE,1.13,0,0
4432,JP,JP,LEATH,CEMEN,1.13,0,0
5326,JP,JP,NONSP,BRICK,1.13,0,0
2864,JP,JP,ELEC8,FORES,1.13,0,0
528,JP,JP,BIOG1,FOUND,1.13,0,0
7788,JP,JP,WOODW,HEALT,1.13,0,0
3045,JP,JP,FABRI,COKE1,1.12,0,0
5666,JP,JP,PFERT,PUBLI,1.12,0,0
400,JP,JP,AUXIL,PIGS9,1.12,0,0
2504,JP,JP,ELEC4,FORES,1.12,0,0
3640,JP,JP,GASDI,MEATC,1.12,0,0
1540,JP,JP,CRUDE,REFI1,1.12,0,0
264,JP,JP,ALUM1,MEATP,1.12,0,0
5914,JP,JP,PRINT,BLAST,1.12,0,0
1198,JP,JP,COKEO,COKEO,1.12,0,0
5845,JP,JP,POSTT,POULT,1.11,0,0
7249,JP,JP,SUPPO,RAWMI,1.11,0,0
5808,JP,JP,POSTT,INLAN,1.11,0,0
5068,JP,JP,NATUR,GASDI,1.1,0,0
4545,JP,JP,LIQUE,ELECT,1.1,0,0
2600,JP,JP,ELEC5,CHEMI,1.1,0,0
7057,JP,JP,STEAM,DISTR,1.1,0,0
3364,JP,JP,FOOD5,CERAM,1.1,0,0
6991,JP,JP,SEACO,MOTO1,1.1,0,0
5403,JP,JP,OXYGE,COKEO,1.09,0,0
6943,JP,JP,SEACO,AIRTR,1.09,0,0
2339,JP,JP,ELEC2,STEAM,1.09,0,0
1534,JP,JP,CRUDE,LUBRI,1.09,0,0
909,JP,JP,CERAM,DIST1,1.09,0,0
188,JP,JP,AIRTR,MEATP,1.09,0,0
5138,JP,JP,NFERT,NONME,1.09,0,0
4965,JP,JP,MOTOR,RECRE,1.08,0,0
6183,JP,JP,RAILW,LIQUE,1.08,0,0
7094,JP,JP,STEAM,PREC1,1.08,0,0
1585,JP,JP,DIST1,COKEO,1.08,0,0
4457,JP,JP,LEATH,FISHF,1.08,0,0
5455,JP,JP,OXYGE,TRAN2,1.08,0,0
6313,JP,JP,REALE,MEATP,1.08,0,0
7823,JP,JP,WOODW,RETAI,1.08,0,0
3821,JP,JP,HEAVY,CONST,1.08,0,0
7082,JP,JP,STEAM,MEDIC,1.08,0,0
6555,JP,JP,RESEA,COALT,1.08,0,0
2443,JP,JP,ELEC3,RAWMI,1.08,0,0
368,JP,JP,AUXIL,KERO1,1.08,0,0
2117,JP,JP,ELEC1,BITU1,1.08,0,0
1170,JP,JP,COKE1,PROCE,1.08,0,0
2304,JP,JP,ELEC2,NONSP,1.08,0,0
3423,JP,JP,FORES,IRONO,1.07,0,0
1769,JP,JP,DISTR,STEAM,1.07,0,0
7185,JP,JP,SUPPO,EDUCA,1.07,0,0
6104,JP,JP,RADIO,MOTOR,1.07,0,0
167,JP,JP,AIRTR,FORES,1.07,0,0
3011,JP,JP,ELECT,STEAM,1.07,0,0
214,JP,JP,AIRTR,PULP5,1.06,0,0
4708,JP,JP,MEATP,FISH5,1.06,0,0
3741,JP,JP,GLASS,PRINT,1.06,0,0
2621,JP,JP,ELEC5,GLASS,1.06,0,0
1743,JP,JP,DISTR,NONSP,1.06,0,0
2300,JP,JP,ELEC2,NFERT,1.06,0,0
960,JP,JP,CHEM1,BITU1,1.06,0,0
4111,JP,JP,KERO1,AIRTR,1.06,0,0
2873,JP,JP,ELEC8,IRONO,1.06,0,0
6838,JP,JP,RUBBE,NAPHT,1.06,0,0
2513,JP,JP,ELEC4,IRONO,1.05,0,0
4313,JP,JP,LANDT,INLAN,1.05,0,0
4436,JP,JP,LEATH,COKE1,1.05,0,0
6691,JP,JP,RETA1,ELEC3,1.05,0,0
4169,JP,JP,KERO1,LEATH,1.05,0,0
2661,JP,JP,ELEC5,PRIVA,1.05,0,0
5394,JP,JP,OXYGE,ALUM1,1.05,0,0
6367,JP,JP,RECRE,ALUM1,1.04,0,0
2430,JP,JP,ELEC3,PIGS9,1.04,0,0
5791,JP,JP,POSTT,ELEC5,1.04,0,0
1739,JP,JP,DISTR,NFERT,1.04,0,0
545,JP,JP,BIOG1,PAPER,1.04,0,0
7636,JP,JP,WEARI,NATU1,1.04,0,0
2404,JP,JP,ELEC3,LIQUE,1.03,0,0
3910,JP,JP,HEAVY,WHOLE,1.03,0,0
1941,JP,JP,ELE11,MOTOR,1.03,0,0
1696,JP,JP,DISTR,COALT,1.03,0,0
4654,JP,JP,LUBRI,PRIVA,1.03,0,0
1617,JP,JP,DIST1,INLAN,1.03,0,0
194,JP,JP,AIRTR,NATU1,1.03,0,0
7084,JP,JP,STEAM,MOTOR,1.03,0,0
321,JP,JP,AUXIL,BLAST,1.02,0,0
5894,JP,JP,POULT,PUBLI,1.02,0,0
5079,JP,JP,NATUR,MEATP,1.02,0,0
4901,JP,JP,MOTOR,ALUM1,1.02,0,0
6070,JP,JP,RADIO,COPP1,1.02,0,0
2463,JP,JP,ELEC3,TRAN2,1.01,0,0
4902,JP,JP,MOTOR,ANIMA,1.01,0,0
3531,JP,JP,FURNI,MEAT1,1.01,0,0
320,JP,JP,AUXIL,BITUM,1.01,0,0
384,JP,JP,AUXIL,NAPHT,1.01,0,0
2450,JP,JP,ELEC3,RETAI,1.01,0,0
5456,JP,JP,OXYGE,TRANS,1.0,0,0
4903,JP,JP,MOTOR,AUXIL,1.0,0,0
6956,JP,JP,SEACO,COKEO,1.0,0,0
2061,JP,JP,ELE12,PADDY,0.99,0,0
1989,JP,JP,ELE11,WEARI,0.99,0,0
6906,JP,JP,SALEM,POULT,0.99,0,0
1177,JP,JP,COKE1,RETAI,0.99,0,0
2647,JP,JP,ELEC5,NONFE,0.99,0,0
6351,JP,JP,REALE,STEAM,0.99,0,0
2595,JP,JP,ELEC5,BUSIN,0.99,0,0
891,JP,JP,CEMEN,PUBLI,0.99,0,0
1859,JP,JP,EDUCA,PULP5,0.99,0,0
6964,JP,JP,SEACO,ELECT,0.99,0,0
2701,JP,JP,ELEC6,BRICK,0.98,0,0
3539,JP,JP,FURNI,NATU1,0.98,0,0
2890,JP,JP,ELEC8,NATU1,0.98,0,0
5214,JP,JP,NONF1,WOODW,0.98,0,0
555,JP,JP,BIOG1,REALE,0.98,0,0
2530,JP,JP,ELEC4,NATU1,0.98,0,0
5263,JP,JP,NONME,FORES,0.98,0,0
3683,JP,JP,GASDI,STEAM,0.98,0,0
6491,JP,JP,REFI1,PETRO,0.97,0,0
2036,JP,JP,ELE12,KERO1,0.97,0,0
7032,JP,JP,SEACO,WOODW,0.97,0,0
6738,JP,JP,RETA1,PADDY,0.97,0,0
7028,JP,JP,SEACO,TRANS,0.97,0,0
4118,JP,JP,KERO1,BITU1,0.97,0,0
5247,JP,JP,NONME,CRUDE,0.96,0,0
5752,JP,JP,PLAST,WOODW,0.96,0,0
2358,JP,JP,ELEC3,AIRTR,0.96,0,0
835,JP,JP,BUSIN,STEAM,0.96,0,0
2065,JP,JP,ELE12,PFERT,0.96,0,0
5600,JP,JP,PARAF,KEROS,0.96,0,0
1058,JP,JP,CHEM1,SUGA1,0.96,0,0
6600,JP,JP,RESEA,MEAT4,0.96,0,0
5056,JP,JP,NATUR,COKEO,0.96,0,0
1197,JP,JP,COKEO,COALT,0.95,0,0
2613,JP,JP,ELEC5,FINAN,0.95,0,0
7714,JP,JP,WHITE,PAPER,0.95,0,0
181,JP,JP,AIRTR,LEAD1,0.95,0,0
6615,JP,JP,RESEA,NONSP,0.95,0,0
913,JP,JP,CERAM,FINAN,0.94,0,0
5126,JP,JP,NFERT,FORES,0.94,0,0
3460,JP,JP,FOUND,PRIVA,0.94,0,0
1697,JP,JP,DISTR,COKE1,0.94,0,0
4761,JP,JP,MEDIC,TOBAC,0.94,0,0
854,JP,JP,CATTL,FORES,0.94,0,0
5405,JP,JP,OXYGE,COPP1,0.94,0,0
3034,JP,JP,FABRI,BLAST,0.94,0,0
4223,JP,JP,KERO1,SUGAR,0.94,0,0
5836,JP,JP,POSTT,OXYGE,0.94,0,0
4175,JP,JP,KERO1,MEATC,0.94,0,0
2929,JP,JP,ELEC8,SEACO,0.94,0,0
972,JP,JP,CHEM1,COALT,0.94,0,0
2568,JP,JP,ELEC4,SEACO,0.94,0,0
3611,JP,JP,GASDI,CRUDE,0.93,0,0
628,JP,JP,BITU1,REFIN,0.93,0,0
4911,JP,JP,MOTOR,CEMEN,0.93,0,0
592,JP,JP,BITU1,ELEC4,0.93,0,0
5117,JP,JP,NFERT,DIST1,0.93,0,0
338,JP,JP,AUXIL,CRUDE,0.93,0,0
3700,JP,JP,GLASS,AIRTR,0.93,0,0
7695,JP,JP,WHITE,CERAM,0.92,0,0
3265,JP,JP,FINAN,STEAM,0.92,0,0
6407,JP,JP,RECRE,GASDI,0.92,0,0
1148,JP,JP,COKE1,HOTEL,0.92,0,0
2715,JP,JP,ELEC6,CRUDE,0.92,0,0
7138,JP,JP,SUGA1,MEAT1,0.92,0,0
7018,JP,JP,SEACO,RETA1,0.92,0,0
7473,JP,JP,TRAN2,REFI1,0.92,0,0
7655,JP,JP,WEARI,PROCE,0.92,0,0
1092,JP,JP,CHEMI,SANDC,0.91,0,0
4420,JP,JP,LEAD1,TRANS,0.91,0,0
183,JP,JP,AIRTR,LIQUE,0.91,0,0
3217,JP,JP,FINAN,MEAT4,0.91,0,0
6946,JP,JP,SEACO,BEVER,0.91,0,0
5439,JP,JP,OXYGE,PREC1,0.91,0,0
506,JP,JP,BEVER,RAWMI,0.91,0,0
6746,JP,JP,RETA1,PREC1,0.91,0,0
6490,JP,JP,REFI1,PARAF,0.91,0,0
2051,JP,JP,ELE12,NAPHT,0.91,0,0
1878,JP,JP,EDUCA,TRAN2,0.9,0,0
3138,JP,JP,FABRI,SUGAR,0.9,0,0
6519,JP,JP,REFIN,NONSP,0.9,0,0
1506,JP,JP,CROPS,MEATA,0.9,0,0
4825,JP,JP,MEMBE,KEROS,0.9,0,0
1889,JP,JP,ELE11,BEVER,0.9,0,0
7462,JP,JP,TRAN2,LUBRI,0.89,0,0
6471,JP,JP,RECRE,TRANS,0.89,0,0
5425,JP,JP,OXYGE,MEDIC,0.89,0,0
1161,JP,JP,COKE1,NONME,0.89,0,0
7814,JP,JP,WOODW,PUBLI,0.89,0,0
4429,JP,JP,LEATH,BRICK,0.88,0,0
4964,JP,JP,MOTOR,RAWMI,0.88,0,0
748,JP,JP,BUSIN,COALT,0.88,0,0
7142,JP,JP,SUGA1,NFERT,0.88,0,0
3832,JP,JP,HEAVY,FISHF,0.88,0,0
2908,JP,JP,ELEC8,POULT,0.88,0,0
1462,JP,JP,CONST,REFI1,0.88,0,0
2781,JP,JP,ELEC6,RAWMI,0.88,0,0
3428,JP,JP,FORES,NFERT,0.88,0,0
2547,JP,JP,ELEC4,POULT,0.88,0,0
4428,JP,JP,LEATH,BLAST,0.88,0,0
5518,JP,JP,PAPER,COKEO,0.87,0,0
3984,JP,JP,INSUR,ELE12,0.87,0,0
1202,JP,JP,COKEO,EDUCA,0.87,0,0
4520,JP,JP,LIQUE,BIOG1,0.87,0,0
1371,JP,JP,CONST,BIOG1,0.87,0,0
736,JP,JP,BUSIN,BITU1,0.87,0,0
7701,JP,JP,WHITE,GASDI,0.87,0,0
5272,JP,JP,NONME,LEATH,0.87,0,0
6745,JP,JP,RETA1,POULT,0.87,0,0
637,JP,JP,BITUM,ELECT,0.87,0,0
4426,JP,JP,LEATH,BEVER,0.87,0,0
5554,JP,JP,PAPER,OILSE,0.86,0,0
595,JP,JP,BITU1,ELEC8,0.86,0,0
4324,JP,JP,LANDT,MEAT4,0.86,0,0
621,JP,JP,BITU1,PFERT,0.86,0,0
6226,JP,JP,RAILW,RETAI,0.86,0,0
6503,JP,JP,REFIN,ELE12,0.86,0,0
7193,JP,JP,SUPPO,ELEC8,0.86,0,0
1425,JP,JP,CONST,LUBRI,0.86,0,0
67,JP,JP,93197,MEATP,0.85,0,0
1862,JP,JP,EDUCA,REALE,0.85,0,0
559,JP,JP,BIOG1,RUBBE,0.85,0,0
5120,JP,JP,NFERT,ELEC2,0.85,0,0
6499,JP,JP,REFIN,COALT,0.85,0,0
2768,JP,JP,ELEC6,PIGS9,0.85,0,0
6601,JP,JP,RESEA,MEATA,0.85,0,0
7831,JP,JP,WOODW,TEXTI,0.84,0,0
6667,JP,JP,RETA1,BITUM,0.84,0,0
2742,JP,JP,ELEC6,LIQUE,0.84,0,0
5348,JP,JP,NONSP,NFERT,0.84,0,0
5890,JP,JP,POULT,NFERT,0.84,0,0
3894,JP,JP,HEAVY,SALEM,0.84,0,0
6824,JP,JP,RUBBE,KEROS,0.84,0,0
6366,JP,JP,RECRE,AIRTR,0.83,0,0
2127,JP,JP,ELEC1,COALT,0.83,0,0
5976,JP,JP,PRINT,NATU1,0.83,0,0
6476,JP,JP,RECRE,WOODW,0.83,0,0
2367,JP,JP,ELEC3,CATTL,0.83,0,0
6537,JP,JP,RESEA,ANIMA,0.83,0,0
2801,JP,JP,ELEC6,TRAN2,0.82,0,0
2602,JP,JP,ELEC5,COKEO,0.82,0,0
5641,JP,JP,PFERT,FORES,0.82,0,0
393,JP,JP,AUXIL,OILSE,0.82,0,0
2788,JP,JP,ELEC6,RETAI,0.82,0,0
6938,JP,JP,SANDC,RECRE,0.82,0,0
1078,JP,JP,CHEMI,COKEO,0.81,0,0
3765,JP,JP,HEALT,BASIC,0.81,0,0
1948,JP,JP,ELE11,NONME,0.81,0,0
1801,JP,JP,EDUCA,COKE1,0.81,0,0
177,JP,JP,AIRTR,IRONO,0.81,0,0
5237,JP,JP,NONME,CEREA,0.8,0,0
1855,JP,JP,EDUCA,PFERT,0.8,0,0
6096,JP,JP,RADIO,LEATH,0.8,0,0
687,JP,JP,BLAST,NONF1,0.8,0,0
3811,JP,JP,HEAVY,BUSIN,0.8,0,0
309,JP,JP,ANIMA,WOOLS,0.8,0,0
4177,JP,JP,KERO1,MEDIC,0.8,0,0
2408,JP,JP,ELEC3,MEATC,0.8,0,0
4841,JP,JP,MEMBE,NATUR,0.8,0,0
369,JP,JP,AUXIL,KEROS,0.8,0,0
6543,JP,JP,RESEA,BIOG1,0.8,0,0
3056,JP,JP,FABRI,ELE11,0.8,0,0
969,JP,JP,CHEM1,CHARC,0.8,0,0
373,JP,JP,AUXIL,LIQUE,0.79,0,0
4577,JP,JP,LIQUE,NONME,0.79,0,0
5330,JP,JP,NONSP,COALT,0.79,0,0
1908,JP,JP,ELE11,DIST1,0.79,0,0
815,JP,JP,BUSIN,PIGS9,0.79,0,0
1686,JP,JP,DISTR,BLAST,0.79,0,0
708,JP,JP,BLAST,STONE,0.79,0,0
5115,JP,JP,NFERT,COPP1,0.79,0,0
5351,JP,JP,NONSP,NONSP,0.78,0,0
2692,JP,JP,ELEC6,AIRTR,0.78,0,0
5398,JP,JP,OXYGE,BUSIN,0.78,0,0
7449,JP,JP,TRAN2,BITUM,0.78,0,0
6464,JP,JP,RECRE,STONE,0.78,0,0
5965,JP,JP,PRINT,LIQUE,0.78,0,0
2855,JP,JP,ELEC8,DIST1,0.78,0,0
7100,JP,JP,STEAM,SALEM,0.78,0,0
348,JP,JP,AUXIL,ELEC5,0.78,0,0
1957,JP,JP,ELE11,POSTT,0.77,0,0
875,JP,JP,CEMEN,CRUDE,0.77,0,0
460,JP,JP,BASIC,FISHF,0.77,0,0
900,JP,JP,CERAM,BEVER,0.77,0,0
52,JP,JP,93197,HEAVY,0.77,0,0
160,JP,JP,AIRTR,ELEC8,0.76,0,0
6822,JP,JP,RUBBE,IRONO,0.76,0,0
7520,JP,JP,VEGE1,PUBLI,0.76,0,0
2213,JP,JP,ELEC1,STEAM,0.76,0,0
3263,JP,JP,FINAN,SANDC,0.76,0,0
2852,JP,JP,ELEC8,CROPS,0.75,0,0
1211,JP,JP,COKEO,ELEC8,0.75,0,0
6534,JP,JP,RESEA,93197,0.75,0,0
4446,JP,JP,LEATH,ELEC1,0.75,0,0
2493,JP,JP,ELEC4,CROPS,0.75,0,0
5171,JP,JP,NONF1,ELE12,0.75,0,0
2937,JP,JP,ELEC8,TRAN1,0.75,0,0
1208,JP,JP,COKEO,ELEC4,0.75,0,0
6741,JP,JP,RETA1,PIGS9,0.75,0,0
2576,JP,JP,ELEC4,TRAN1,0.75,0,0
2178,JP,JP,ELEC1,NONSP,0.75,0,0
3862,JP,JP,HEAVY,NATUR,0.74,0,0
4499,JP,JP,LEATH,SALEM,0.74,0,0
4985,JP,JP,NAPHT,BIODI,0.74,0,0
5024,JP,JP,NATU1,BITU1,0.74,0,0
3267,JP,JP,FINAN,SUGA1,0.74,0,0
2040,JP,JP,ELE12,LEATH,0.74,0,0
1980,JP,JP,ELE11,STONE,0.74,0,0
4108,JP,JP,IRONO,NONME,0.74,0,0
1580,JP,JP,DIST1,CEMEN,0.73,0,0
6494,JP,JP,REFI1,WHITE,0.73,0,0
1028,JP,JP,CHEM1,NONSP,0.73,0,0
4154,JP,JP,KERO1,FISHF,0.73,0,0
1991,JP,JP,ELE11,WOODW,0.73,0,0
5083,JP,JP,NATUR,NATU1,0.73,0,0
7675,JP,JP,WEARI,TRAN1,0.73,0,0
3534,JP,JP,FURNI,MEATP,0.73,0,0
7361,JP,JP,TEXTI,TOBAC,0.73,0,0
4844,JP,JP,MEMBE,NONFE,0.73,0,0
4266,JP,JP,LANDT,BITU1,0.72,0,0
7435,JP,JP,TRAN1,STEAM,0.72,0,0
1032,JP,JP,CHEM1,OXYGE,0.72,0,0
1969,JP,JP,ELE11,REALE,0.72,0,0
6771,JP,JP,RETA1,TRAN1,0.72,0,0
5842,JP,JP,POSTT,PIGS9,0.72,0,0
633,JP,JP,BITU1,TRANS,0.72,0,0
3101,JP,JP,FABRI,NFERT,0.72,0,0
4200,JP,JP,KERO1,PREC1,0.72,0,0
5076,JP,JP,NATUR,MEAT1,0.72,0,0
2037,JP,JP,ELE12,KEROS,0.72,0,0
5249,JP,JP,NONME,DISTR,0.72,0,0
4849,JP,JP,MEMBE,OILSE,0.72,0,0
4113,JP,JP,KERO1,ANIMA,0.72,0,0
4598,JP,JP,LIQUE,REFIN,0.71,0,0
313,JP,JP,AUXIL,ANIMA,0.71,0,0
4441,JP,JP,LEATH,DAIRY,0.71,0,0
2308,JP,JP,ELEC2,OXYGE,0.71,0,0
1961,JP,JP,ELE11,PRINT,0.71,0,0
1122,JP,JP,COKE1,BIOG1,0.7,0,0
7417,JP,JP,TRAN1,NFERT,0.7,0,0
7528,JP,JP,VEGET,CATTL,0.7,0,0
546,JP,JP,BIOG1,PFERT,0.7,0,0
4290,JP,JP,LANDT,ELE11,0.69,0,0
2625,JP,JP,ELEC5,INSUR,0.69,0,0
6257,JP,JP,REALE,BIOG1,0.68,0,0
3888,JP,JP,HEAVY,RECRE,0.68,0,0
4424,JP,JP,LEATH,AUXIL,0.68,0,0
944,JP,JP,CEREA,MEATA,0.68,0,0
1794,JP,JP,EDUCA,BLAST,0.68,0,0
6164,JP,JP,RAILW,FISH5,0.68,0,0
4190,JP,JP,KERO1,OILSE,0.68,0,0
2909,JP,JP,ELEC8,PREC1,0.68,0,0
2548,JP,JP,ELEC4,PREC1,0.67,0,0
2703,JP,JP,ELEC6,CATTL,0.67,0,0
4600,JP,JP,LIQUE,RUBBE,0.67,0,0
4278,JP,JP,LANDT,COALT,0.67,0,0
6532,JP,JP,RENTI,STEAM,0.67,0,0
1125,JP,JP,COKE1,BRICK,0.67,0,0
7485,JP,JP,TRANS,RECRE,0.67,0,0
4939,JP,JP,MOTOR,LEATH,0.67,0,0
4188,JP,JP,KERO1,NONSP,0.67,0,0
1986,JP,JP,ELE11,TRANS,0.67,0,0
4728,JP,JP,MEDIC,CRUDE,0.67,0,0
895,JP,JP,CEMEN,STONE,0.67,0,0
2881,JP,JP,ELEC8,MEAT1,0.67,0,0
3235,JP,JP,FINAN,OILSE,0.66,0,0
7537,JP,JP,VEGET,RAWMI,0.66,0,0
2521,JP,JP,ELEC4,MEAT1,0.66,0,0
4842,JP,JP,MEMBE,NFERT,0.66,0,0
4908,JP,JP,MOTOR,BRICK,0.66,0,0
1226,JP,JP,COKEO,PREC1,0.66,0,0
953,JP,JP,CHEM1,AUXIL,0.66,0,0
7141,JP,JP,SUGA1,MEATP,0.66,0,0
6089,JP,JP,RADIO,GASDI,0.66,0,0
2018,JP,JP,ELE12,DISTR,0.66,0,0
4616,JP,JP,LUBRI,BITU1,0.66,0,0
5440,JP,JP,OXYGE,PRINT,0.66,0,0
3960,JP,JP,INSUR,BITUM,0.65,0,0
3289,JP,JP,FISH5,MEAT1,0.65,0,0
7512,JP,JP,VEGE1,MEAT4,0.65,0,0
2102,JP,JP,ELE12,VEGET,0.65,0,0
1103,JP,JP,COALT,FABRI,0.65,0,0
3594,JP,JP,GASDI,BITU1,0.65,0,0
4129,JP,JP,KERO1,COALT,0.65,0,0
7384,JP,JP,TRAN1,COKE1,0.65,0,0
57,JP,JP,93197,KERO1,0.65,0,0
2746,JP,JP,ELEC6,MEATC,0.65,0,0
2465,JP,JP,ELEC3,VEGE1,0.65,0,0
6386,JP,JP,RECRE,COPP1,0.65,0,0
5127,JP,JP,NFERT,FURNI,0.65,0,0
6914,JP,JP,SALEM,VEGET,0.64,0,0
2936,JP,JP,ELEC8,TOBAC,0.64,0,0
303,JP,JP,ANIMA,POULT,0.64,0,0
5227,JP,JP,NONME,ANIMA,0.64,0,0
7800,JP,JP,WOODW,NATUR,0.64,0,0
2575,JP,JP,ELEC4,TOBAC,0.64,0,0
7045,JP,JP,STEAM,BITUM,0.64,0,0
1595,JP,JP,DIST1,ELE11,0.64,0,0
7660,JP,JP,WEARI,RAWMI,0.64,0,0
1921,JP,JP,ELE11,GASDI,0.64,0,0
7128,JP,JP,STONE,PULP5,0.63,0,0
2047,JP,JP,ELE12,MEDIC,0.63,0,0
4017,JP,JP,INSUR,MEATA,0.63,0,0
7068,JP,JP,STEAM,GASDI,0.63,0,0
4453,JP,JP,LEATH,ELECT,0.63,0,0
3449,JP,JP,FOUND,FISHF,0.63,0,0
5462,JP,JP,PADDY,CONST,0.63,0,0
4988,JP,JP,NAPHT,BITU1,0.63,0,0
2331,JP,JP,ELEC2,REFIN,0.63,0,0
1384,JP,JP,CONST,COALT,0.63,0,0
3504,JP,JP,FURNI,ELEC5,0.63,0,0
6063,JP,JP,RADIO,CERAM,0.62,0,0
464,JP,JP,BASIC,GLASS,0.62,0,0
574,JP,JP,BITU1,BEVER,0.62,0,0
7150,JP,JP,SUGA1,VEGE1,0.62,0,0
3426,JP,JP,FORES,NATU1,0.62,0,0
733,JP,JP,BUSIN,BIODI,0.62,0,0
2886,JP,JP,ELEC8,MEMBE,0.62,0,0
232,JP,JP,AIRTR,TOBAC,0.62,0,0
7190,JP,JP,SUPPO,ELEC4,0.62,0,0
1765,JP,JP,DISTR,REFIN,0.62,0,0
2526,JP,JP,ELEC4,MEMBE,0.62,0,0
4482,JP,JP,LEATH,PFERT,0.62,0,0
547,JP,JP,BIOG1,PLAST,0.62,0,0
1944,JP,JP,ELE11,NATUR,0.62,0,0
7129,JP,JP,STONE,RUBBE,0.61,0,0
3901,JP,JP,HEAVY,SUPPO,0.61,0,0
1661,JP,JP,DIST1,SANDC,0.61,0,0
4723,JP,JP,MEDIC,CHEMI,0.61,0,0
4978,JP,JP,MOTOR,TRAN2,0.61,0,0
4534,JP,JP,LIQUE,DAIRY,0.61,0,0
2623,JP,JP,ELEC5,HEAVY,0.61,0,0
5248,JP,JP,NONME,DIST1,0.61,0,0
72,JP,JP,93197,NAPHT,0.61,0,0
806,JP,JP,BUSIN,NONSP,0.6,0,0
6135,JP,JP,RADIO,WOODW,0.6,0,0
4540,JP,JP,LIQUE,ELEC2,0.6,0,0
870,JP,JP,CEMEN,CHEM1,0.6,0,0
1902,JP,JP,ELE11,COMPU,0.6,0,0
5139,JP,JP,NFERT,OILSE,0.6,0,0
3730,JP,JP,GLASS,MEAT1,0.6,0,0
5601,JP,JP,PARAF,LIQUE,0.6,0,0
4788,JP,JP,MEMBE,COKE1,0.6,0,0
4829,JP,JP,MEMBE,LIQUE,0.6,0,0
4668,JP,JP,LUBRI,SUPPO,0.59,0,0
3881,JP,JP,HEAVY,PROCE,0.59,0,0
91,JP,JP,93197,PREC1,0.59,0,0
6839,JP,JP,RUBBE,NATU1,0.59,0,0
3557,JP,JP,FURNI,PULP5,0.59,0,0
544,JP,JP,BIOG1,OFFIC,0.59,0,0
1576,JP,JP,DIST1,BIOG1,0.59,0,0
6408,JP,JP,RECRE,GLASS,0.59,0,0
7700,JP,JP,WHITE,FOUND,0.58,0,0
106,JP,JP,93197,RETAI,0.58,0,0
1181,JP,JP,COKE1,STONE,0.58,0,0
4232,JP,JP,KERO1,WHEAT,0.58,0,0
2921,JP,JP,ELEC8,REFI1,0.58,0,0
569,JP,JP,BIOG1,WHOLE,0.58,0,0
3527,JP,JP,FURNI,LEAD1,0.58,0,0
4575,JP,JP,LIQUE,NFERT,0.58,0,0
5073,JP,JP,NATUR,LEATH,0.58,0,0
2560,JP,JP,ELEC4,REFI1,0.58,0,0
1930,JP,JP,ELE11,LANDT,0.58,0,0
1931,JP,JP,ELE11,LEAD1,0.58,0,0
7243,JP,JP,SUPPO,PREC1,0.58,0,0
1187,JP,JP,COKE1,WEARI,0.57,0,0
4372,JP,JP,LANDT,SANDC,0.57,0,0
7087,JP,JP,STEAM,NATUR,0.57,0,0
1527,JP,JP,CRUDE,BITU1,0.57,0,0
3939,JP,JP,INLAN,RESEA,0.57,0,0
6125,JP,JP,RADIO,STONE,0.57,0,0
4934,JP,JP,MOTOR,INSUR,0.57,0,0
6381,JP,JP,RECRE,CHEMI,0.57,0,0
2880,JP,JP,ELEC8,LUBRI,0.57,0,0
2520,JP,JP,ELEC4,LUBRI,0.57,0,0
4974,JP,JP,MOTOR,SUGAR,0.56,0,0
1166,JP,JP,COKE1,PLAST,0.56,0,0
1339,JP,JP,COMPU,REFI1,0.56,0,0
6389,JP,JP,RECRE,DAIRY,0.56,0,0
5693,JP,JP,PLANT,CHEM1,0.56,0,0
5577,JP,JP,PAPER,SANDC,0.56,0,0
5829,JP,JP,POSTT,NFERT,0.56,0,0
1886,JP,JP,ELE11,ALUM1,0.56,0,0
1915,JP,JP,ELE11,FISH5,0.56,0,0
3218,JP,JP,FINAN,MEATA,0.56,0,0
3158,JP,JP,FINAN,BIOG1,0.55,0,0
6299,JP,JP,REALE,HEAVY,0.55,0,0
6430,JP,JP,RECRE,NATUR,0.55,0,0
6635,JP,JP,RESEA,REFIN,0.55,0,0
157,JP,JP,AIRTR,ELEC4,0.55,0,0
2389,JP,JP,ELEC3,FORES,0.55,0,0
7680,JP,JP,WEARI,WHEAT,0.55,0,0
210,JP,JP,AIRTR,PREC1,0.55,0,0
1297,JP,JP,COMPU,LUBRI,0.55,0,0
37,JP,JP,93197,ELEC5,0.55,0,0
3062,JP,JP,FABRI,ELEC5,0.54,0,0
7376,JP,JP,TRAN1,BLAST,0.54,0,0
2017,JP,JP,ELE12,DIST1,0.54,0,0
1904,JP,JP,ELE11,COPP1,0.54,0,0
606,JP,JP,BITU1,LEAD1,0.54,0,0
4183,JP,JP,KERO1,NATUR,0.54,0,0
291,JP,JP,ANIMA,EDUCA,0.54,0,0
3605,JP,JP,GASDI,COALT,0.54,0,0
5751,JP,JP,PLAST,WEARI,0.54,0,0
6405,JP,JP,RECRE,FOUND,0.54,0,0
6727,JP,JP,RETA1,MOTOR,0.54,0,0
644,JP,JP,BLAST,ALUM1,0.54,0,0
6438,JP,JP,RECRE,PADDY,0.53,0,0
3581,JP,JP,FURNI,VEGE1,0.53,0,0
3793,JP,JP,HEALT,REALE,0.53,0,0
6383,JP,JP,RECRE,COKEO,0.53,0,0
1022,JP,JP,CHEM1,NATU1,0.53,0,0
5543,JP,JP,PAPER,MEAT4,0.53,0,0
4912,JP,JP,MOTOR,CERAM,0.53,0,0
2001,JP,JP,ELE12,BRICK,0.53,0,0
2651,JP,JP,ELEC5,PADDY,0.53,0,0
5099,JP,JP,NATUR,SANDC,0.53,0,0
3284,JP,JP,FISH5,EDUCA,0.53,0,0
2803,JP,JP,ELEC6,VEGE1,0.53,0,0
119,JP,JP,93197,VEGET,0.53,0,0
1828,JP,JP,EDUCA,HEAVY,0.53,0,0
444,JP,JP,AVIAT,PUBLI,0.53,0,0
1970,JP,JP,ELE11,RECRE,0.53,0,0
1816,JP,JP,EDUCA,ELEC5,0.53,0,0
3521,JP,JP,FURNI,INLAN,0.53,0,0
614,JP,JP,BITU1,NONF1,0.53,0,0
6524,JP,JP,REFIN,REFIN,0.52,0,0
6960,JP,JP,SEACO,CRUDE,0.52,0,0
4995,JP,JP,NAPHT,ELEC1,0.52,0,0
4562,JP,JP,LIQUE,LEAD1,0.52,0,0
5106,JP,JP,NATUR,WOODW,0.52,0,0
5059,JP,JP,NATUR,CRUDE,0.52,0,0
4945,JP,JP,MOTOR,MOTOR,0.52,0,0
4996,JP,JP,NAPHT,ELEC6,0.52,0,0
1547,JP,JP,DAIRY,CATTL,0.52,0,0
2398,JP,JP,ELEC3,IRONO,0.52,0,0
2627,JP,JP,ELEC5,KERO1,0.52,0,0
548,JP,JP,BIOG1,POSTT,0.51,0,0
5852,JP,JP,POSTT,RAWMI,0.51,0,0
863,JP,JP,CATTL,SANDC,0.51,0,0
5478,JP,JP,PADDY,SANDC,0.51,0,0
5039,JP,JP,NATU1,NONSP,0.51,0,0
997,JP,JP,CHEM1,FORES,0.51,0,0
2653,JP,JP,ELEC5,PFERT,0.51,0,0
7111,JP,JP,STEAM,WOODW,0.51,0,0
83,JP,JP,93197,PADDY,0.51,0,0
3296,JP,JP,FISH5,SANDC,0.5,0,0
2862,JP,JP,ELEC8,FISHF,0.5,0,0
2502,JP,JP,ELEC4,FISHF,0.5,0,0
1480,JP,JP,CONST,WHEAT,0.5,0,0
4339,JP,JP,LANDT,NONSP,0.5,0,0
4778,JP,JP,MEMBE,BLAST,0.5,0,0
4265,JP,JP,LANDT,BIOG1,0.5,0,0
1108,JP,JP,COALT,MOTO1,0.5,0,0
1351,JP,JP,COMPU,SUGAR,0.5,0,0
1837,JP,JP,EDUCA,MEAT1,0.5,0,0
4738,JP,JP,MEDIC,IRONO,0.49,0,0
2015,JP,JP,ELE12,CRUDE,0.49,0,0
4949,JP,JP,MOTOR,NONF1,0.49,0,0
6989,JP,JP,SEACO,MEDIC,0.49,0,0
1795,JP,JP,EDUCA,BRICK,0.49,0,0
634,JP,JP,BITU1,WEARI,0.49,0,0
6320,JP,JP,REALE,NFERT,0.49,0,0
367,JP,JP,AUXIL,IRONO,0.49,0,0
6062,JP,JP,RADIO,CEMEN,0.49,0,0
1963,JP,JP,ELE11,PROCE,0.49,0,0
5027,JP,JP,NATU1,COALT,0.48,0,0
871,JP,JP,CEMEN,CHEMI,0.48,0,0
7451,JP,JP,TRAN2,CHEM1,0.48,0,0
6737,JP,JP,RETA1,OXYGE,0.48,0,0
2642,JP,JP,ELEC5,NAPHT,0.48,0,0
5222,JP,JP,NONFE,PFERT,0.48,0,0
58,JP,JP,93197,KEROS,0.48,0,0
5119,JP,JP,NFERT,ELEC1,0.48,0,0
7322,JP,JP,TEXTI,INLAN,0.48,0,0
3745,JP,JP,GLASS,RAILW,0.48,0,0
2289,JP,JP,ELEC2,MEAT4,0.48,0,0
2415,JP,JP,ELEC3,NATU1,0.48,0,0
6055,JP,JP,RADIO,ALUM1,0.48,0,0
2884,JP,JP,ELEC8,MEATP,0.48,0,0
1946,JP,JP,ELE11,NONF1,0.48,0,0
2524,JP,JP,ELEC4,MEATP,0.48,0,0
6929,JP,JP,SANDC,LEAD1,0.48,0,0
3787,JP,JP,HEALT,PRINT,0.47,0,0
3574,JP,JP,FURNI,SUGAR,0.47,0,0
5935,JP,JP,PRINT,ELE11,0.47,0,0
6052,JP,JP,PULP5,WOODW,0.47,0,0
2079,JP,JP,ELE12,RAWMI,0.47,0,0
3292,JP,JP,FISH5,MEATP,0.47,0,0
1466,JP,JP,CONST,SANDC,0.47,0,0
524,JP,JP,BIOG1,ELECT,0.47,0,0
7448,JP,JP,TRAN2,BITU1,0.47,0,0
5343,JP,JP,NONSP,LEAD1,0.47,0,0
6303,JP,JP,REALE,KERO1,0.47,0,0
4804,JP,JP,MEMBE,ELEC5,0.47,0,0
6401,JP,JP,RECRE,FISH5,0.47,0,0
2983,JP,JP,ELECT,INLAN,0.47,0,0
1907,JP,JP,ELE11,DAIRY,0.46,0,0
6683,JP,JP,RETA1,CRUDE,0.46,0,0
4581,JP,JP,LIQUE,PAPER,0.46,0,0
677,JP,JP,BLAST,MEATC,0.46,0,0
6932,JP,JP,SANDC,MEMBE,0.46,0,0
1919,JP,JP,ELE11,FOUND,0.46,0,0
5361,JP,JP,NONSP,REFIN,0.46,0,0
3965,JP,JP,INSUR,CEMEN,0.46,0,0
2454,JP,JP,ELEC3,SEACO,0.46,0,0
4805,JP,JP,MEMBE,ELEC6,0.46,0,0
4740,JP,JP,MEDIC,LEATH,0.46,0,0
6940,JP,JP,SANDC,SANDC,0.46,0,0
4646,JP,JP,LUBRI,NONSP,0.46,0,0
1348,JP,JP,COMPU,STEAM,0.45,0,0
2066,JP,JP,ELE12,PIGS9,0.45,0,0
5659,JP,JP,PFERT,PAPER,0.45,0,0
4537,JP,JP,LIQUE,EDUCA,0.45,0,0
2041,JP,JP,ELE12,LIQUE,0.45,0,0
3652,JP,JP,GASDI,NONSP,0.45,0,0
1372,JP,JP,CONST,BITU1,0.45,0,0
5614,JP,JP,PFERT,ANIMA,0.45,0,0
2727,JP,JP,ELEC6,FORES,0.45,0,0
1832,JP,JP,EDUCA,KERO1,0.45,0,0
1870,JP,JP,EDUCA,SALEM,0.45,0,0
982,JP,JP,CHEM1,DISTR,0.45,0,0
714,JP,JP,BLAST,WEARI,0.44,0,0
1873,JP,JP,EDUCA,STONE,0.44,0,0
3972,JP,JP,INSUR,COKE1,0.44,0,0
6975,JP,JP,SEACO,HEAVY,0.44,0,0
2099,JP,JP,ELE12,TRAN2,0.44,0,0
7757,JP,JP,WOODW,ANIMA,0.44,0,0
286,JP,JP,ANIMA,93197,0.44,0,0
6418,JP,JP,RECRE,LEATH,0.44,0,0
2086,JP,JP,ELE12,RETAI,0.44,0,0
6317,JP,JP,REALE,NAPHT,0.44,0,0
556,JP,JP,BIOG1,RESEA,0.44,0,0
6949,JP,JP,SEACO,BRICK,0.44,0,0
4921,JP,JP,MOTOR,CRUDE,0.44,0,0
2205,JP,JP,ELEC1,REFIN,0.44,0,0
4683,JP,JP,MEAT4,EDUCA,0.44,0,0
1880,JP,JP,EDUCA,VEGE1,0.44,0,0
5108,JP,JP,NFERT,BEVER,0.44,0,0
4621,JP,JP,LUBRI,COALT,0.43,0,0
5009,JP,JP,NAPHT,NONSP,0.43,0,0
3962,JP,JP,INSUR,BRICK,0.43,0,0
349,JP,JP,AUXIL,ELEC6,0.43,0,0
7694,JP,JP,WHITE,CEMEN,0.43,0,0
3733,JP,JP,GLASS,MEATP,0.43,0,0
1589,JP,JP,DIST1,CROPS,0.43,0,0
6445,JP,JP,RECRE,PREC1,0.43,0,0
2433,JP,JP,ELEC3,POULT,0.43,0,0
6108,JP,JP,RADIO,NONFE,0.43,0,0
4751,JP,JP,MEDIC,PADDY,0.43,0,0
1052,JP,JP,CHEM1,REFIN,0.43,0,0
4579,JP,JP,LIQUE,OFFIC,0.43,0,0
4146,JP,JP,KERO1,ELEC4,0.43,0,0
38,JP,JP,93197,ELEC6,0.43,0,0
5541,JP,JP,PAPER,LIQUE,0.42,0,0
306,JP,JP,ANIMA,SANDC,0.42,0,0
4558,JP,JP,LIQUE,INSUR,0.42,0,0
4456,JP,JP,LEATH,FISH5,0.42,0,0
7013,JP,JP,SEACO,REALE,0.42,0,0
7597,JP,JP,WEARI,ELE12,0.42,0,0
443,JP,JP,AVIAT,MEMBE,0.42,0,0
7302,JP,JP,TEXTI,BASIC,0.42,0,0
4509,JP,JP,LEATH,VEGET,0.42,0,0
1993,JP,JP,ELE12,AIRTR,0.42,0,0
2736,JP,JP,ELEC6,IRONO,0.42,0,0
4459,JP,JP,LEATH,FORES,0.42,0,0
1487,JP,JP,COPP1,LEATH,0.42,0,0
6689,JP,JP,RETA1,ELE12,0.42,0,0
3783,JP,JP,HEALT,PAPER,0.42,0,0
1063,JP,JP,CHEM1,TRAN2,0.42,0,0
1912,JP,JP,ELE11,ELECT,0.42,0,0
668,JP,JP,BLAST,GLASS,0.42,0,0
1845,JP,JP,EDUCA,NAPHT,0.42,0,0
984,JP,JP,CHEM1,ELE11,0.42,0,0
6712,JP,JP,RETA1,IRONO,0.42,0,0
5426,JP,JP,OXYGE,MEMBE,0.42,0,0
6500,JP,JP,REFIN,COKE1,0.41,0,0
691,JP,JP,BLAST,PFERT,0.41,0,0
4992,JP,JP,NAPHT,COALT,0.41,0,0
7189,JP,JP,SUPPO,ELEC3,0.41,0,0
4704,JP,JP,MEATC,PUBLI,0.41,0,0
6967,JP,JP,SEACO,FISH5,0.41,0,0
5955,JP,JP,PRINT,HEAVY,0.41,0,0
694,JP,JP,BLAST,PREC1,0.41,0,0
4990,JP,JP,NAPHT,CHARC,0.41,0,0
7160,JP,JP,SUPPO,ANIMA,0.4,0,0
3309,JP,JP,FISHF,RECRE,0.4,0,0
1522,JP,JP,CROPS,SANDC,0.4,0,0
542,JP,JP,BIOG1,NONF1,0.4,0,0
3010,JP,JP,ELECT,SANDC,0.4,0,0
1550,JP,JP,DAIRY,CROPS,0.4,0,0
5257,JP,JP,NONME,ELEC8,0.4,0,0
3877,JP,JP,HEAVY,POSTT,0.4,0,0
4881,JP,JP,MEMBE,SUGA1,0.4,0,0
1537,JP,JP,CRUDE,NONSP,0.4,0,0
1590,JP,JP,DIST1,CRUDE,0.4,0,0
387,JP,JP,AUXIL,NFERT,0.4,0,0
7301,JP,JP,TEXTI,AUXIL,0.39,0,0
5301,JP,JP,NONME,RAWMI,0.39,0,0
2631,JP,JP,ELEC5,LEATH,0.39,0,0
2753,JP,JP,ELEC6,NATU1,0.39,0,0
4213,JP,JP,KERO1,REFIN,0.39,0,0
4784,JP,JP,MEMBE,CEREA,0.39,0,0
4968,JP,JP,MOTOR,RETA1,0.39,0,0
1675,JP,JP,DIST1,WOODW,0.39,0,0
3505,JP,JP,FURNI,ELEC6,0.39,0,0
2831,JP,JP,ELEC8,ANIMA,0.39,0,0
7819,JP,JP,WOODW,REALE,0.39,0,0
62,JP,JP,93197,LIQUE,0.39,0,0
2475,JP,JP,ELEC4,ANIMA,0.39,0,0
3553,JP,JP,FURNI,PREC1,0.38,0,0
1316,JP,JP,COMPU,OILSE,0.38,0,0
3000,JP,JP,ELECT,OXYGE,0.38,0,0
2628,JP,JP,ELEC5,KEROS,0.38,0,0
4610,JP,JP,LIQUE,WEARI,0.38,0,0
1896,JP,JP,ELE11,CERAM,0.38,0,0
657,JP,JP,BLAST,DAIRY,0.38,0,0
3637,JP,JP,GASDI,MEAT1,0.38,0,0
3949,JP,JP,INLAN,WHOLE,0.38,0,0
4596,JP,JP,LIQUE,RECRE,0.38,0,0
4986,JP,JP,NAPHT,BIOG1,0.38,0,0
3537,JP,JP,FURNI,MOTOR,0.38,0,0
1528,JP,JP,CRUDE,COALT,0.38,0,0
6979,JP,JP,SEACO,KERO1,0.38,0,0
5537,JP,JP,PAPER,INLAN,0.38,0,0
1207,JP,JP,COKEO,ELEC3,0.37,0,0
7056,JP,JP,STEAM,DIST1,0.37,0,0
679,JP,JP,BLAST,MEDIC,0.37,0,0
6527,JP,JP,RENTI,CEREA,0.37,0,0
6959,JP,JP,SEACO,COPP1,0.37,0,0
7047,JP,JP,STEAM,BRICK,0.37,0,0
1444,JP,JP,CONST,OILSE,0.37,0,0
2792,JP,JP,ELEC6,SEACO,0.37,0,0
7266,JP,JP,SUPPO,TRAN1,0.37,0,0
5663,JP,JP,PFERT,PREC1,0.37,0,0
385,JP,JP,AUXIL,NATU1,0.37,0,0
3961,JP,JP,INSUR,BLAST,0.37,0,0
6978,JP,JP,SEACO,IRONO,0.37,0,0
2377,JP,JP,ELEC3,CROPS,0.37,0,0
3113,JP,JP,FABRI,PFERT,0.37,0,0
1898,JP,JP,ELE11,CHEMI,0.37,0,0
7599,JP,JP,WEARI,ELEC3,0.37,0,0
6433,JP,JP,RECRE,NONFE,0.37,0,0
7332,JP,JP,TEXTI,NFERT,0.36,0,0
7569,JP,JP,WEARI,ANIMA,0.36,0,0
2003,JP,JP,ELE12,CATTL,0.36,0,0
4204,JP,JP,KERO1,PROCE,0.36,0,0
3829,JP,JP,HEAVY,FABRI,0.36,0,0
7456,JP,JP,TRAN2,ELEC2,0.36,0,0
3492,JP,JP,FURNI,COPP1,0.36,0,0
6085,JP,JP,RADIO,FISH5,0.36,0,0
1840,JP,JP,EDUCA,MEATP,0.36,0,0
6531,JP,JP,RENTI,NFERT,0.36,0,0
3773,JP,JP,HEALT,CONST,0.36,0,0
4657,JP,JP,LUBRI,RAWMI,0.36,0,0
5786,JP,JP,POSTT,ELE11,0.36,0,0
1817,JP,JP,EDUCA,ELEC6,0.36,0,0
4220,JP,JP,KERO1,STEAM,0.36,0,0
3878,JP,JP,HEAVY,POULT,0.35,0,0
5125,JP,JP,NFERT,FISH5,0.35,0,0
7769,JP,JP,WOODW,COKEO,0.35,0,0
3085,JP,JP,FABRI,LEAD1,0.35,0,0
4476,JP,JP,LEATH,NONF1,0.35,0,0
2709,JP,JP,ELEC6,COKE1,0.35,0,0
1922,JP,JP,ELE11,GLASS,0.35,0,0
828,JP,JP,BUSIN,REFIN,0.35,0,0
5070,JP,JP,NATUR,HEAVY,0.35,0,0
6993,JP,JP,SEACO,NAPHT,0.35,0,0
2609,JP,JP,ELEC5,DISTR,0.35,0,0
2771,JP,JP,ELEC6,POULT,0.35,0,0
5049,JP,JP,NATUR,BIOG1,0.35,0,0
1514,JP,JP,CROPS,PUBLI,0.35,0,0
2045,JP,JP,ELE12,MEATC,0.35,0,0
2687,JP,JP,ELEC5,VEGET,0.35,0,0
1962,JP,JP,ELE11,PRIVA,0.35,0,0
4916,JP,JP,MOTOR,COKEO,0.35,0,0
5240,JP,JP,NONME,COALT,0.35,0,0
7170,JP,JP,SUPPO,CEMEN,0.35,0,0
6304,JP,JP,REALE,KEROS,0.35,0,0
5579,JP,JP,PAPER,SUGA1,0.35,0,0
4398,JP,JP,LEAD1,ELEC3,0.35,0,0
5960,JP,JP,PRINT,KERO1,0.35,0,0
6498,JP,JP,REFIN,BLAST,0.34,0,0
517,JP,JP,BIOG1,CERAM,0.34,0,0
5279,JP,JP,NONME,MOTOR,0.34,0,0
1152,JP,JP,COKE1,MEATC,0.34,0,0
3852,JP,JP,HEAVY,MEAT1,0.34,0,0
3488,JP,JP,FURNI,COKE1,0.34,0,0
6074,JP,JP,RADIO,DISTR,0.34,0,0
1627,JP,JP,DIST1,MEAT4,0.34,0,0
745,JP,JP,BUSIN,CHARC,0.34,0,0
4539,JP,JP,LIQUE,ELEC1,0.34,0,0
3127,JP,JP,FABRI,REFI1,0.34,0,0
6987,JP,JP,SEACO,MEATC,0.34,0,0
4634,JP,JP,LUBRI,HOTEL,0.34,0,0
4374,JP,JP,LANDT,STEAM,0.34,0,0
2638,JP,JP,ELEC5,MEDIC,0.34,0,0
1093,JP,JP,CHEMI,TEXTI,0.34,0,0
1668,JP,JP,DIST1,TOBAC,0.33,0,0
5433,JP,JP,OXYGE,NONME,0.33,0,0
6308,JP,JP,REALE,LIQUE,0.33,0,0
5243,JP,JP,NONME,COMPU,0.33,0,0
6509,JP,JP,REFIN,ELEC6,0.33,0,0
3387,JP,JP,FOOD5,PADDY,0.33,0,0
6710,JP,JP,RETA1,INLAN,0.33,0,0
989,JP,JP,CHEM1,ELEC6,0.33,0,0
5883,JP,JP,POULT,CHEM1,0.33,0,0
1299,JP,JP,COMPU,MEAT4,0.33,0,0
3855,JP,JP,HEAVY,MEATP,0.33,0,0
233,JP,JP,AIRTR,TRAN1,0.33,0,0
4892,JP,JP,MEMBE,WHEAT,0.33,0,0
4942,JP,JP,MOTOR,MEDIC,0.33,0,0
4061,JP,JP,INSUR,SANDC,0.33,0,0
4532,JP,JP,LIQUE,CONST,0.33,0,0
3988,JP,JP,INSUR,ELEC5,0.33,0,0
6705,JP,JP,RETA1,GASDI,0.33,0,0
1833,JP,JP,EDUCA,KEROS,0.33,0,0
1857,JP,JP,EDUCA,PRINT,0.33,0,0
3167,JP,JP,FINAN,CEREA,0.33,0,0
3548,JP,JP,FURNI,PADDY,0.33,0,0
3088,JP,JP,FABRI,LUBRI,0.33,0,0
2434,JP,JP,ELEC3,PREC1,0.33,0,0
1947,JP,JP,ELE11,NONFE,0.33,0,0
565,JP,JP,BIOG1,TRAN2,0.33,0,0
164,JP,JP,AIRTR,FISH5,0.33,0,0
6214,JP,JP,RAILW,PROCE,0.33,0,0
1893,JP,JP,ELE11,BUSIN,0.33,0,0
3171,JP,JP,FINAN,COALT,0.33,0,0
599,JP,JP,BITU1,FOOD5,0.33,0,0
7468,JP,JP,TRAN2,NONSP,0.33,0,0
156,JP,JP,AIRTR,ELEC3,0.32,0,0
2406,JP,JP,ELEC3,MEAT1,0.32,0,0
3887,JP,JP,HEAVY,REALE,0.32,0,0
4543,JP,JP,LIQUE,ELEC6,0.32,0,0
5975,JP,JP,PRINT,NAPHT,0.32,0,0
4635,JP,JP,LUBRI,INLAN,0.32,0,0
4054,JP,JP,INSUR,REFI1,0.32,0,0
4930,JP,JP,MOTOR,GASDI,0.32,0,0
7530,JP,JP,VEGET,CROPS,0.32,0,0
1633,JP,JP,DIST1,MOTOR,0.32,0,0
511,JP,JP,BIOG1,ALUM1,0.32,0,0
1914,JP,JP,ELE11,FINAN,0.32,0,0
1729,JP,JP,DISTR,MEAT4,0.32,0,0
6378,JP,JP,RECRE,CERAM,0.32,0,0
1253,JP,JP,COMPU,COALT,0.31,0,0
2461,JP,JP,ELEC3,TOBAC,0.31,0,0
710,JP,JP,BLAST,TOBAC,0.31,0,0
1089,JP,JP,CHEMI,PREC1,0.31,0,0
4014,JP,JP,INSUR,LUBRI,0.31,0,0
2060,JP,JP,ELE12,OILSE,0.31,0,0
2234,JP,JP,ELEC2,AUXIL,0.31,0,0
3774,JP,JP,HEALT,DIST1,0.31,0,0
1442,JP,JP,CONST,NONSP,0.31,0,0
3256,JP,JP,FINAN,REFI1,0.31,0,0
5985,JP,JP,PRINT,OXYGE,0.31,0,0
1428,JP,JP,CONST,MEATA,0.31,0,0
7145,JP,JP,SUGA1,PUBLI,0.31,0,0
7452,JP,JP,TRAN2,COALT,0.31,0,0
663,JP,JP,BLAST,FISH5,0.31,0,0
5319,JP,JP,NONME,WHEAT,0.3,0,0
6468,JP,JP,RECRE,TOBAC,0.3,0,0
7116,JP,JP,STONE,COALT,0.3,0,0
3415,JP,JP,FORES,FISH5,0.3,0,0
5281,JP,JP,NONME,NATU1,0.3,0,0
7687,JP,JP,WHEAT,PIGS9,0.3,0,0
3215,JP,JP,FINAN,LUBRI,0.3,0,0
2411,JP,JP,ELEC3,MEMBE,0.3,0,0
620,JP,JP,BITU1,PETRO,0.3,0,0
7515,JP,JP,VEGE1,MOTOR,0.3,0,0
961,JP,JP,CHEM1,BITUM,0.3,0,0
5989,JP,JP,PRINT,PIGS9,0.3,0,0
2714,JP,JP,ELEC6,CROPS,0.3,0,0
428,JP,JP,AUXIL,SUGAR,0.3,0,0
3243,JP,JP,FINAN,PLANT,0.3,0,0
5457,JP,JP,OXYGE,VEGE1,0.3,0,0
5044,JP,JP,NATU1,REFIN,0.3,0,0
7144,JP,JP,SUGA1,PIGS9,0.3,0,0
2836,JP,JP,ELEC8,BITU1,0.3,0,0
5071,JP,JP,NATUR,KERO1,0.3,0,0
2479,JP,JP,ELEC4,BITU1,0.3,0,0
275,JP,JP,ALUM1,PUBLI,0.3,0,0
6944,JP,JP,SEACO,ALUM1,0.3,0,0
2700,JP,JP,ELEC6,BLAST,0.3,0,0
6410,JP,JP,RECRE,HEAVY,0.29,0,0
6922,JP,JP,SANDC,COALT,0.29,0,0
4366,JP,JP,LANDT,REFIN,0.29,0,0
6244,JP,JP,RAWMI,ANIMA,0.29,0,0
3919,JP,JP,INLAN,FINAN,0.29,0,0
118,JP,JP,93197,VEGE1,0.29,0,0
4935,JP,JP,MOTOR,IRONO,0.29,0,0
5254,JP,JP,NONME,ELEC4,0.29,0,0
1241,JP,JP,COMPU,BITU1,0.29,0,0
860,JP,JP,CATTL,PIGS9,0.29,0,0
4919,JP,JP,MOTOR,COPP1,0.29,0,0
4107,JP,JP,IRONO,COALT,0.29,0,0
650,JP,JP,BLAST,CERAM,0.29,0,0
5391,JP,JP,OILSE,HOTEL,0.29,0,0
1199,JP,JP,COKEO,COMPU,0.29,0,0
1014,JP,JP,CHEM1,MEATA,0.29,0,0
3480,JP,JP,FURNI,BLAST,0.29,0,0
521,JP,JP,BIOG1,COPP1,0.29,0,0
6983,JP,JP,SEACO,LEATH,0.29,0,0
4095,JP,JP,INTER,MEATP,0.29,0,0
4744,JP,JP,MEDIC,NATU1,0.29,0,0
5176,JP,JP,NONF1,ELEC5,0.28,0,0
4114,JP,JP,KERO1,AUXIL,0.28,0,0
2446,JP,JP,ELEC3,REFI1,0.28,0,0
2101,JP,JP,ELE12,VEGE1,0.28,0,0
394,JP,JP,AUXIL,OXYGE,0.28,0,0
2594,JP,JP,ELEC5,BRICK,0.28,0,0
3702,JP,JP,GLASS,AUXIL,0.28,0,0
3779,JP,JP,HEALT,INLAN,0.28,0,0
5649,JP,JP,PFERT,MEATA,0.28,0,0
1136,JP,JP,COKE1,DAIRY,0.28,0,0
619,JP,JP,BITU1,PARAF,0.28,0,0
4612,JP,JP,LIQUE,WOODW,0.28,0,0
3312,JP,JP,FISHF,TEXTI,0.28,0,0
5082,JP,JP,NATUR,NAPHT,0.28,0,0
6980,JP,JP,SEACO,KEROS,0.28,0,0
6222,JP,JP,RAILW,REFI1,0.28,0,0
2405,JP,JP,ELEC3,LUBRI,0.28,0,0
6128,JP,JP,RADIO,TOBAC,0.28,0,0
7703,JP,JP,WHITE,HEAVY,0.28,0,0
3692,JP,JP,GASDI,VEGE1,0.28,0,0
549,JP,JP,BIOG1,PREC1,0.28,0,0
5396,JP,JP,OXYGE,BEVER,0.28,0,0
1149,JP,JP,COKE1,LEAD1,0.28,0,0
6114,JP,JP,RADIO,PREC1,0.27,0,0
651,JP,JP,BLAST,CHEM1,0.27,0,0
5692,JP,JP,PIGS9,SANDC,0.27,0,0
3282,JP,JP,FISH5,CHEM1,0.27,0,0
1901,JP,JP,ELE11,COKEO,0.27,0,0
6248,JP,JP,RAWMI,POULT,0.27,0,0
685,JP,JP,BLAST,NATUR,0.27,0,0
6184,JP,JP,RAILW,LUBRI,0.27,0,0
2988,JP,JP,ELECT,MEAT4,0.27,0,0
3134,JP,JP,FABRI,SANDC,0.27,0,0
2772,JP,JP,ELEC6,PREC1,0.27,0,0
5895,JP,JP,POULT,RAWMI,0.27,0,0
7107,JP,JP,STEAM,TRAN1,0.27,0,0
5679,JP,JP,PFERT,WOODW,0.27,0,0
5885,JP,JP,POULT,FORES,0.27,0,0
1105,JP,JP,COALT,FURNI,0.27,0,0
90,JP,JP,93197,POULT,0.27,0,0
4524,JP,JP,LIQUE,BUSIN,0.27,0,0
5325,JP,JP,NONSP,BITUM,0.27,0,0
4661,JP,JP,LUBRI,REFIN,0.27,0,0
1468,JP,JP,CONST,STEAM,0.27,0,0
897,JP,JP,CEMEN,WOODW,0.26,0,0
2744,JP,JP,ELEC6,MEAT1,0.26,0,0
3009,JP,JP,ELECT,RETAI,0.26,0,0
5260,JP,JP,NONME,FINAN,0.26,0,0
3675,JP,JP,GASDI,REFIN,0.26,0,0
576,JP,JP,BITU1,BITUM,0.26,0,0
2607,JP,JP,ELEC5,CRUDE,0.26,0,0
4415,JP,JP,LEAD1,PUBLI,0.26,0,0
588,JP,JP,BITU1,ELE12,0.26,0,0
4184,JP,JP,KERO1,NFERT,0.26,0,0
1510,JP,JP,CROPS,PAPER,0.26,0,0
7773,JP,JP,WOODW,CROPS,0.26,0,0
2341,JP,JP,ELEC2,SUGA1,0.26,0,0
7012,JP,JP,SEACO,RAILW,0.26,0,0
6968,JP,JP,SEACO,FISHF,0.26,0,0
3108,JP,JP,FABRI,OXYGE,0.26,0,0
5654,JP,JP,PFERT,NONF1,0.26,0,0
7096,JP,JP,STEAM,PULP5,0.26,0,0
4755,JP,JP,MEDIC,PREC1,0.26,0,0
5664,JP,JP,PFERT,PRINT,0.26,0,0
4798,JP,JP,MEMBE,ELE11,0.26,0,0
2799,JP,JP,ELEC6,TOBAC,0.26,0,0
531,JP,JP,BIOG1,GLASS,0.26,0,0
1427,JP,JP,CONST,MEAT4,0.26,0,0
5961,JP,JP,PRINT,KEROS,0.26,0,0
6694,JP,JP,RETA1,ELEC6,0.25,0,0
5017,JP,JP,NAPHT,REFIN,0.25,0,0
5357,JP,JP,NONSP,PREC1,0.25,0,0
6440,JP,JP,RECRE,PFERT,0.25,0,0
4325,JP,JP,LANDT,MEATA,0.25,0,0
5761,JP,JP,POSTT,BIOG1,0.25,0,0
5397,JP,JP,OXYGE,BRICK,0.25,0,0
3885,JP,JP,HEAVY,RAILW,0.25,0,0
2667,JP,JP,ELEC5,RAWMI,0.25,0,0
7258,JP,JP,SUPPO,SANDC,0.25,0,0
519,JP,JP,BIOG1,COKEO,0.25,0,0
5129,JP,JP,NFERT,GLASS,0.25,0,0
4938,JP,JP,MOTOR,LEAD1,0.25,0,0
5993,JP,JP,PRINT,POULT,0.25,0,0
876,JP,JP,CEMEN,DIST1,0.25,0,0
6414,JP,JP,RECRE,KERO1,0.25,0,0
6001,JP,JP,PRINT,RAWMI,0.25,0,0
1517,JP,JP,CROPS,REALE,0.25,0,0
5441,JP,JP,OXYGE,PROCE,0.25,0,0
5667,JP,JP,PFERT,PULP5,0.25,0,0
133,JP,JP,AIRTR,BITUM,0.25,0,0
2749,JP,JP,ELEC6,MEMBE,0.25,0,0
2387,JP,JP,ELEC3,FISHF,0.25,0,0
4376,JP,JP,LANDT,SUGA1,0.24,0,0
3358,JP,JP,FOOD5,BASIC,0.24,0,0
6530,JP,JP,RENTI,MEAT4,0.24,0,0
5511,JP,JP,PAPER,CATTL,0.24,0,0
343,JP,JP,AUXIL,ELE11,0.24,0,0
7643,JP,JP,WEARI,OILSE,0.24,0,0
885,JP,JP,CEMEN,NATU1,0.24,0,0
1811,JP,JP,EDUCA,ELE11,0.24,0,0
4479,JP,JP,LEATH,OXYGE,0.24,0,0
2654,JP,JP,ELEC5,PIGS9,0.24,0,0
6186,JP,JP,RAILW,MEAT4,0.24,0,0
2026,JP,JP,ELE12,FORES,0.24,0,0
2632,JP,JP,ELEC5,LIQUE,0.24,0,0
3137,JP,JP,FABRI,SUGA1,0.24,0,0
4982,JP,JP,MOTOR,WHEAT,0.24,0,0
4752,JP,JP,MEDIC,PFERT,0.24,0,0
987,JP,JP,CHEM1,ELEC4,0.24,0,0
6068,JP,JP,RADIO,COKEO,0.24,0,0
219,JP,JP,AIRTR,REFI1,0.24,0,0
56,JP,JP,93197,IRONO,0.24,0,0
515,JP,JP,BIOG1,BUSIN,0.24,0,0
3820,JP,JP,HEAVY,COMPU,0.24,0,0
837,JP,JP,BUSIN,SUGA1,0.24,0,0
4953,JP,JP,MOTOR,OILSE,0.24,0,0
2684,JP,JP,ELEC5,TRAN2,0.24,0,0
3040,JP,JP,FABRI,CEREA,0.24,0,0
4105,JP,JP,INTER,VEGET,0.23,0,0
7003,JP,JP,SEACO,PFERT,0.23,0,0
7704,JP,JP,WHITE,KERO1,0.23,0,0
5917,JP,JP,PRINT,CATTL,0.23,0,0
5625,JP,JP,PFERT,COKE1,0.23,0,0
2409,JP,JP,ELEC3,MEATP,0.23,0,0
2674,JP,JP,ELEC5,RETAI,0.23,0,0
7055,JP,JP,STEAM,CRUDE,0.23,0,0
1183,JP,JP,COKE1,TOBAC,0.23,0,0
6428,JP,JP,RECRE,NAPHT,0.23,0,0
184,JP,JP,AIRTR,LUBRI,0.23,0,0
1541,JP,JP,CRUDE,REFIN,0.23,0,0
3516,JP,JP,FURNI,GASDI,0.23,0,0
5104,JP,JP,NATUR,VEGE1,0.23,0,0
2784,JP,JP,ELEC6,REFI1,0.23,0,0
4100,JP,JP,INTER,RAWMI,0.23,0,0
7582,JP,JP,WEARI,CEREA,0.23,0,0
3013,JP,JP,ELECT,SUGA1,0.23,0,0
1150,JP,JP,COKE1,LEATH,0.23,0,0
473,JP,JP,BASIC,NUCLE,0.23,0,0
1802,JP,JP,EDUCA,COKEO,0.23,0,0
5564,JP,JP,PAPER,PRIVA,0.23,0,0
5151,JP,JP,NFERT,RUBBE,0.23,0,0
2846,JP,JP,ELEC8,COALT,0.23,0,0
6349,JP,JP,REALE,SANDC,0.23,0,0
2488,JP,JP,ELEC4,COALT,0.23,0,0
5855,JP,JP,POSTT,REFI1,0.23,0,0
4583,JP,JP,LIQUE,PETRO,0.23,0,0
3278,JP,JP,FINAN,WHEAT,0.23,0,0
1926,JP,JP,ELE11,INSUR,0.23,0,0
1143,JP,JP,COKE1,FISH5,0.23,0,0
5448,JP,JP,OXYGE,RETAI,0.23,0,0
935,JP,JP,CERAM,SUPPO,0.23,0,0
635,JP,JP,BITU1,WHITE,0.23,0,0
1835,JP,JP,EDUCA,LIQUE,0.23,0,0
2035,JP,JP,ELE12,IRONO,0.23,0,0
2743,JP,JP,ELEC6,LUBRI,0.23,0,0
6424,JP,JP,RECRE,MEDIC,0.22,0,0
2720,JP,JP,ELEC6,ELEC6,0.22,0,0
2587,JP,JP,ELEC5,AIRTR,0.22,0,0
5817,JP,JP,POSTT,LUBRI,0.22,0,0
2163,JP,JP,ELEC1,MEAT4,0.22,0,0
1560,JP,JP,DAIRY,MEAT4,0.22,0,0
4653,JP,JP,LUBRI,POULT,0.22,0,0
7368,JP,JP,TOBAC,MEMBE,0.22,0,0
1599,JP,JP,DIST1,ELEC3,0.22,0,0
3857,JP,JP,HEAVY,MEMBE,0.22,0,0
6432,JP,JP,RECRE,NONF1,0.22,0,0
5072,JP,JP,NATUR,KEROS,0.22,0,0
4462,JP,JP,LEATH,GLASS,0.22,0,0
699,JP,JP,BLAST,PULP5,0.22,0,0
4563,JP,JP,LIQUE,LEATH,0.22,0,0
3869,JP,JP,HEAVY,OILSE,0.22,0,0
7710,JP,JP,WHITE,NAPHT,0.22,0,0
7373,JP,JP,TRAN1,AUXIL,0.22,0,0
1747,JP,JP,DISTR,OXYGE,0.22,0,0
3917,JP,JP,INLAN,EDUCA,0.22,0,0
1771,JP,JP,DISTR,SUGA1,0.22,0,0
2112,JP,JP,ELEC1,AUXIL,0.22,0,0
7187,JP,JP,SUPPO,ELE12,0.22,0,0
6951,JP,JP,SEACO,CEMEN,0.22,0,0
5124,JP,JP,NFERT,ELECT,0.22,0,0
5648,JP,JP,PFERT,LIQUE,0.22,0,0
636,JP,JP,BITU1,WOODW,0.22,0,0
3915,JP,JP,INLAN,COMPU,0.22,0,0
5463,JP,JP,PADDY,CROPS,0.22,0,0
1194,JP,JP,COKEO,CEMEN,0.21,0,0
4823,JP,JP,MEMBE,IRONO,0.21,0,0
7409,JP,JP,TRAN1,MEAT4,0.21,0,0
4582,JP,JP,LIQUE,PARAF,0.21,0,0
1224,JP,JP,COKEO,PAPER,0.21,0,0
5651,JP,JP,PFERT,MOTOR,0.21,0,0
5266,JP,JP,NONME,GASDI,0.21,0,0
5418,JP,JP,OXYGE,HOTEL,0.21,0,0
2052,JP,JP,ELE12,NATU1,0.21,0,0
7620,JP,JP,WEARI,IRONO,0.21,0,0
2930,JP,JP,ELEC8,STEAM,0.21,0,0
3038,JP,JP,FABRI,CEMEN,0.21,0,0
848,JP,JP,BUSIN,WHEAT,0.21,0,0
6091,JP,JP,RADIO,HEAVY,0.21,0,0
2569,JP,JP,ELEC4,STEAM,0.21,0,0
5158,JP,JP,NFERT,WEARI,0.21,0,0
4172,JP,JP,KERO1,MEAT1,0.21,0,0
3904,JP,JP,HEAVY,TRAN2,0.21,0,0
2896,JP,JP,ELEC8,NONSP,0.21,0,0
2536,JP,JP,ELEC4,NONSP,0.21,0,0
4523,JP,JP,LIQUE,BRICK,0.21,0,0
6937,JP,JP,SANDC,PUBLI,0.21,0,0
2892,JP,JP,ELEC8,NFERT,0.2,0,0
2532,JP,JP,ELEC4,NFERT,0.2,0,0
2312,JP,JP,ELEC2,PETRO,0.2,0,0
1924,JP,JP,ELE11,HEAVY,0.2,0,0
4691,JP,JP,MEAT4,PUBLI,0.2,0,0
3006,JP,JP,ELECT,PRIVA,0.2,0,0
7061,JP,JP,STEAM,ELEC3,0.2,0,0
6961,JP,JP,SEACO,DAIRY,0.2,0,0
1158,JP,JP,COKE1,NATUR,0.2,0,0
7689,JP,JP,WHEAT,RAWMI,0.2,0,0
4176,JP,JP,KERO1,MEATP,0.2,0,0
7070,JP,JP,STEAM,HEAVY,0.2,0,0
543,JP,JP,BIOG1,NONME,0.2,0,0
2090,JP,JP,ELE12,SEACO,0.2,0,0
5287,JP,JP,NONME,OILSE,0.2,0,0
5690,JP,JP,PIGS9,RAWMI,0.2,0,0
1313,JP,JP,COMPU,NONSP,0.2,0,0
682,JP,JP,BLAST,MOTOR,0.2,0,0
4237,JP,JP,KEROS,AVIAT,0.2,0,0
550,JP,JP,BIOG1,PRINT,0.2,0,0
1750,JP,JP,DISTR,PETRO,0.2,0,0
3739,JP,JP,GLASS,PFERT,0.2,0,0
4547,JP,JP,LIQUE,FINAN,0.2,0,0
861,JP,JP,CATTL,POULT,0.2,0,0
4879,JP,JP,MEMBE,STEAM,0.2,0,0
7768,JP,JP,WOODW,CHEMI,0.2,0,0
3044,JP,JP,FABRI,COALT,0.2,0,0
4697,JP,JP,MEATA,RAWMI,0.2,0,0
7130,JP,JP,STONE,SANDC,0.2,0,0
5674,JP,JP,PFERT,TEXTI,0.2,0,0
1612,JP,JP,DIST1,GASDI,0.2,0,0
3499,JP,JP,FURNI,ELE11,0.2,0,0
3114,JP,JP,FABRI,PIGS9,0.2,0,0
1350,JP,JP,COMPU,SUGA1,0.2,0,0
5619,JP,JP,PFERT,BLAST,0.2,0,0
3729,JP,JP,GLASS,LIQUE,0.19,0,0
958,JP,JP,CHEM1,BIOG1,0.19,0,0
6087,JP,JP,RADIO,FORES,0.19,0,0
5233,JP,JP,NONME,BUSIN,0.19,0,0
154,JP,JP,AIRTR,ELE12,0.19,0,0
2342,JP,JP,ELEC2,SUGAR,0.19,0,0
2596,JP,JP,ELEC5,CATTL,0.19,0,0
686,JP,JP,BLAST,NFERT,0.19,0,0
6082,JP,JP,RADIO,ELEC8,0.19,0,0
6394,JP,JP,RECRE,ELEC2,0.19,0,0
2747,JP,JP,ELEC6,MEATP,0.19,0,0
7474,JP,JP,TRAN2,REFIN,0.19,0,0
6057,JP,JP,RADIO,BASIC,0.19,0,0
1767,JP,JP,DISTR,SANDC,0.19,0,0
1772,JP,JP,DISTR,SUGAR,0.19,0,0
2239,JP,JP,ELEC2,BIOG1,0.19,0,0
2360,JP,JP,ELEC3,ANIMA,0.19,0,0
5093,JP,JP,NATUR,PREC1,0.19,0,0
2311,JP,JP,ELEC2,PARAF,0.19,0,0
6113,JP,JP,RADIO,PFERT,0.19,0,0
6376,JP,JP,RECRE,CATTL,0.19,0,0
4501,JP,JP,LEATH,SEACO,0.19,0,0
3824,JP,JP,HEAVY,CRUDE,0.19,0,0
2069,JP,JP,ELE12,POULT,0.19,0,0
1853,JP,JP,EDUCA,OXYGE,0.19,0,0
4104,JP,JP,INTER,VEGE1,0.19,0,0
7503,JP,JP,VEGE1,GLASS,0.19,0,0
7513,JP,JP,VEGE1,MEATC,0.19,0,0
1501,JP,JP,CROPS,ELECT,0.19,0,0
5195,JP,JP,NONF1,MOTOR,0.19,0,0
2636,JP,JP,ELEC5,MEATC,0.19,0,0
3283,JP,JP,FISH5,CROPS,0.19,0,0
1749,JP,JP,DISTR,PARAF,0.19,0,0
6729,JP,JP,RETA1,NATU1,0.19,0,0
7006,JP,JP,SEACO,PREC1,0.19,0,0
7502,JP,JP,VEGE1,GASDI,0.18,0,0
94,JP,JP,93197,PROCE,0.18,0,0
5373,JP,JP,OILHA,CRUDE,0.18,0,0
32,JP,JP,93197,ELE11,0.18,0,0
5376,JP,JP,OILHA,ELEC6,0.18,0,0
6415,JP,JP,RECRE,KEROS,0.18,0,0
2989,JP,JP,ELECT,MEATA,0.18,0,0
4138,JP,JP,KERO1,DIST1,0.18,0,0
5589,JP,JP,PAPER,WHEAT,0.18,0,0
1463,JP,JP,CONST,REFIN,0.18,0,0
3701,JP,JP,GLASS,ALUM1,0.18,0,0
6645,JP,JP,RESEA,SUGA1,0.18,0,0
7232,JP,JP,SUPPO,OILSE,0.18,0,0
7306,JP,JP,TEXTI,COKEO,0.18,0,0
4727,JP,JP,MEDIC,CROPS,0.18,0,0
5147,JP,JP,NFERT,PUBLI,0.18,0,0
6731,JP,JP,RETA1,NFERT,0.18,0,0
674,JP,JP,BLAST,LEATH,0.18,0,0
6622,JP,JP,RESEA,PETRO,0.18,0,0
1847,JP,JP,EDUCA,NATUR,0.18,0,0
6072,JP,JP,RADIO,DAIRY,0.18,0,0
6093,JP,JP,RADIO,KERO1,0.18,0,0
4833,JP,JP,MEMBE,MEATA,0.18,0,0
6901,JP,JP,SALEM,NONME,0.18,0,0
4125,JP,JP,KERO1,CEREA,0.18,0,0
3465,JP,JP,FOUND,RUBBE,0.18,0,0
6449,JP,JP,RECRE,PULP5,0.18,0,0
1952,JP,JP,ELE11,PADDY,0.18,0,0
7347,JP,JP,TEXTI,RAWMI,0.18,0,0
6984,JP,JP,SEACO,LIQUE,0.18,0,0
920,JP,JP,CERAM,LANDT,0.17,0,0
5177,JP,JP,NONF1,ELEC6,0.17,0,0
5314,JP,JP,NONME,TRAN1,0.17,0,0
1496,JP,JP,CROPS,BUSIN,0.17,0,0
4480,JP,JP,LEATH,PADDY,0.17,0,0
3971,JP,JP,INSUR,COALT,0.17,0,0
7557,JP,JP,WASTE,NONFE,0.17,0,0
3032,JP,JP,FABRI,BITU1,0.17,0,0
7705,JP,JP,WHITE,KEROS,0.17,0,0
1583,JP,JP,DIST1,COALT,0.17,0,0
5381,JP,JP,OILHA,NFERT,0.17,0,0
4530,JP,JP,LIQUE,COKEO,0.17,0,0
4611,JP,JP,LIQUE,WHITE,0.17,0,0
1928,JP,JP,ELE11,KERO1,0.17,0,0
7072,JP,JP,STEAM,KERO1,0.17,0,0
7561,JP,JP,WASTE,PREC1,0.17,0,0
1954,JP,JP,ELE11,PFERT,0.17,0,0
6522,JP,JP,REFIN,PETRO,0.17,0,0
1782,JP,JP,DISTR,WHEAT,0.17,0,0
7715,JP,JP,WHITE,PFERT,0.17,0,0
2307,JP,JP,ELEC2,OILSE,0.17,0,0
3936,JP,JP,INLAN,PUBLI,0.17,0,0
5735,JP,JP,PLAST,LIQUE,0.17,0,0
5609,JP,JP,PARAF,REFI1,0.17,0,0
6621,JP,JP,RESEA,PARAF,0.17,0,0
6105,JP,JP,RADIO,NAPHT,0.17,0,0
3983,JP,JP,INSUR,ELE11,0.16,0,0
4016,JP,JP,INSUR,MEAT4,0.16,0,0
6994,JP,JP,SEACO,NATU1,0.16,0,0
1746,JP,JP,DISTR,OILSE,0.16,0,0
3959,JP,JP,INSUR,BITU1,0.16,0,0
1172,JP,JP,COKE1,PULP5,0.16,0,0
376,JP,JP,AUXIL,MEAT4,0.16,0,0
1235,JP,JP,COMPU,ANIMA,0.16,0,0
3830,JP,JP,HEAVY,FINAN,0.16,0,0
5602,JP,JP,PARAF,LUBRI,0.16,0,0
1204,JP,JP,COKEO,ELE12,0.16,0,0
7601,JP,JP,WEARI,ELEC5,0.16,0,0
196,JP,JP,AIRTR,NFERT,0.16,0,0
99,JP,JP,93197,RAWMI,0.16,0,0
1159,JP,JP,COKE1,NFERT,0.16,0,0
1942,JP,JP,ELE11,NAPHT,0.16,0,0
536,JP,JP,BIOG1,MEDIC,0.16,0,0
3639,JP,JP,GASDI,MEATA,0.16,0,0
2098,JP,JP,ELE12,TRAN1,0.16,0,0
6618,JP,JP,RESEA,OILSE,0.16,0,0
7085,JP,JP,STEAM,NAPHT,0.16,0,0
3413,JP,JP,FORES,CROPS,0.16,0,0
3159,JP,JP,FINAN,BITU1,0.16,0,0
6693,JP,JP,RETA1,ELEC5,0.16,0,0
6787,JP,JP,RUBBE,BIODI,0.16,0,0
3435,JP,JP,FORES,SANDC,0.16,0,0
3641,JP,JP,GASDI,MEATP,0.16,0,0
6521,JP,JP,REFIN,PARAF,0.16,0,0
568,JP,JP,BIOG1,WEARI,0.16,0,0
4601,JP,JP,LIQUE,SALEM,0.16,0,0
3647,JP,JP,GASDI,NATU1,0.16,0,0
7497,JP,JP,VEGE1,CROPS,0.16,0,0
7586,JP,JP,WEARI,COKE1,0.16,0,0
7729,JP,JP,WOOD1,ELEC5,0.16,0,0
5029,JP,JP,NATU1,DIST1,0.16,0,0
6041,JP,JP,PROCE,TEXTI,0.16,0,0
1361,JP,JP,COMPU,WHEAT,0.16,0,0
6157,JP,JP,RAILW,CROPS,0.16,0,0
5311,JP,JP,NONME,SUGAR,0.16,0,0
3843,JP,JP,HEAVY,INSUR,0.16,0,0
4871,JP,JP,MEMBE,REFI1,0.16,0,0
4097,JP,JP,INTER,PADDY,0.15,0,0
2694,JP,JP,ELEC6,ANIMA,0.15,0,0
5669,JP,JP,PFERT,REALE,0.15,0,0
6422,JP,JP,RECRE,MEATC,0.15,0,0
5630,JP,JP,PFERT,DISTR,0.15,0,0
2215,JP,JP,ELEC1,SUGA1,0.15,0,0
5835,JP,JP,POSTT,OILSE,0.15,0,0
5359,JP,JP,NONSP,PULP5,0.15,0,0
4793,JP,JP,MEMBE,CRUDE,0.15,0,0
2353,JP,JP,ELEC2,WHITE,0.15,0,0
5689,JP,JP,PIGS9,POULT,0.15,0,0
5261,JP,JP,NONME,FISHF,0.15,0,0
5375,JP,JP,OILHA,ELEC5,0.15,0,0
4830,JP,JP,MEMBE,LUBRI,0.15,0,0
290,JP,JP,ANIMA,DAIRY,0.15,0,0
3124,JP,JP,FABRI,RAWMI,0.15,0,0
2686,JP,JP,ELEC5,VEGE1,0.15,0,0
1062,JP,JP,CHEM1,TRAN1,0.15,0,0
7422,JP,JP,TRAN1,OXYGE,0.15,0,0
4093,JP,JP,INTER,LEAD1,0.15,0,0
6377,JP,JP,RECRE,CEMEN,0.15,0,0
1783,JP,JP,DISTR,WHITE,0.15,0,0
5309,JP,JP,NONME,SEACO,0.15,0,0
75,JP,JP,93197,NFERT,0.15,0,0
5673,JP,JP,PFERT,SUPPO,0.15,0,0
3416,JP,JP,FORES,FISHF,0.15,0,0
5354,JP,JP,NONSP,PETRO,0.15,0,0
5170,JP,JP,NONF1,ELE11,0.15,0,0
4443,JP,JP,LEATH,DISTR,0.15,0,0
5896,JP,JP,POULT,SANDC,0.15,0,0
5310,JP,JP,NONME,SUGA1,0.15,0,0
7075,JP,JP,STEAM,LEAD1,0.15,0,0
7555,JP,JP,WASTE,MEATP,0.15,0,0
7437,JP,JP,TRAN1,SUGA1,0.15,0,0
2364,JP,JP,ELEC3,BITU1,0.15,0,0
5881,JP,JP,POULT,ANIMA,0.15,0,0
4239,JP,JP,KEROS,CHEMI,0.14,0,0
5074,JP,JP,NATUR,LIQUE,0.14,0,0
6868,JP,JP,RUBBE,REFI1,0.14,0,0
143,JP,JP,AIRTR,COKE1,0.14,0,0
3638,JP,JP,GASDI,MEAT4,0.14,0,0
7088,JP,JP,STEAM,NFERT,0.14,0,0
2070,JP,JP,ELE12,PREC1,0.14,0,0
6095,JP,JP,RADIO,LEAD1,0.14,0,0
5986,JP,JP,PRINT,PADDY,0.14,0,0
6893,JP,JP,SALEM,CATTL,0.14,0,0
7357,JP,JP,TEXTI,STONE,0.14,0,0
6143,JP,JP,RAILW,BITU1,0.14,0,0
2043,JP,JP,ELE12,MEAT1,0.14,0,0
808,JP,JP,BUSIN,OILSE,0.14,0,0
6829,JP,JP,RUBBE,LUBRI,0.14,0,0
990,JP,JP,CHEM1,ELEC8,0.14,0,0
6107,JP,JP,RADIO,NONF1,0.14,0,0
2185,JP,JP,ELEC1,PETRO,0.14,0,0
1602,JP,JP,DIST1,ELEC6,0.14,0,0
54,JP,JP,93197,INLAN,0.14,0,0
4664,JP,JP,LUBRI,RETAI,0.14,0,0
6079,JP,JP,RADIO,ELEC4,0.14,0,0
4850,JP,JP,MEMBE,OXYGE,0.14,0,0
3493,JP,JP,FURNI,CROPS,0.14,0,0
416,JP,JP,AUXIL,REFI1,0.14,0,0
865,JP,JP,CEMEN,BITUM,0.14,0,0
1036,JP,JP,CHEM1,PETRO,0.14,0,0
5353,JP,JP,NONSP,PARAF,0.14,0,0
2097,JP,JP,ELE12,TOBAC,0.14,0,0
4469,JP,JP,LEATH,MEATC,0.14,0,0
3925,JP,JP,INLAN,IRONO,0.14,0,0
4754,JP,JP,MEDIC,POULT,0.14,0,0
4136,JP,JP,KERO1,CRUDE,0.14,0,0
3884,JP,JP,HEAVY,RADIO,0.14,0,0
7453,JP,JP,TRAN2,COKE1,0.14,0,0
6997,JP,JP,SEACO,NONF1,0.13,0,0
3437,JP,JP,FORES,TEXTI,0.13,0,0
374,JP,JP,AUXIL,LUBRI,0.13,0,0
2958,JP,JP,ELECT,COALT,0.13,0,0
7309,JP,JP,TEXTI,CROPS,0.13,0,0
4698,JP,JP,MEATC,CROPS,0.13,0,0
6203,JP,JP,RAILW,PADDY,0.13,0,0
6654,JP,JP,RESEA,WHITE,0.13,0,0
5452,JP,JP,OXYGE,STONE,0.13,0,0
7543,JP,JP,WASTE,CEMEN,0.13,0,0
2216,JP,JP,ELEC1,SUGAR,0.13,0,0
3899,JP,JP,HEAVY,SUGA1,0.13,0,0
5275,JP,JP,NONME,MEAT4,0.13,0,0
2048,JP,JP,ELE12,MEMBE,0.13,0,0
6404,JP,JP,RECRE,FORES,0.13,0,0
5910,JP,JP,PRINT,BIODI,0.13,0,0
7576,JP,JP,WEARI,BLAST,0.13,0,0
6094,JP,JP,RADIO,KEROS,0.13,0,0
3298,JP,JP,FISH5,TEXTI,0.13,0,0
2184,JP,JP,ELEC1,PARAF,0.13,0,0
6970,JP,JP,SEACO,FORES,0.13,0,0
6688,JP,JP,RETA1,ELE11,0.13,0,0
4099,JP,JP,INTER,POULT,0.13,0,0
5643,JP,JP,PFERT,GASDI,0.13,0,0
1932,JP,JP,ELE11,LEATH,0.13,0,0
6116,JP,JP,RADIO,PROCE,0.13,0,0
6665,JP,JP,RETA1,BIOG1,0.13,0,0
5458,JP,JP,OXYGE,WEARI,0.13,0,0
1526,JP,JP,CROPS,WOOLS,0.13,0,0
1035,JP,JP,CHEM1,PARAF,0.13,0,0
2617,JP,JP,ELEC5,FORES,0.13,0,0
236,JP,JP,AIRTR,VEGE1,0.13,0,0
6526,JP,JP,REFIN,WHITE,0.13,0,0
7438,JP,JP,TRAN1,SUGAR,0.13,0,0
774,JP,JP,BUSIN,FORES,0.13,0,0
4707,JP,JP,MEATP,CROPS,0.13,0,0
1929,JP,JP,ELE11,KEROS,0.13,0,0
537,JP,JP,BIOG1,MEMBE,0.13,0,0
6721,JP,JP,RETA1,MEAT4,0.13,0,0
7554,JP,JP,WASTE,MEAT1,0.13,0,0
7073,JP,JP,STEAM,KEROS,0.13,0,0
4959,JP,JP,MOTOR,PREC1,0.13,0,0
1635,JP,JP,DIST1,NATU1,0.13,0,0
4194,JP,JP,KERO1,PETRO,0.13,0,0
7564,JP,JP,WASTE,TRAN1,0.13,0,0
4947,JP,JP,MOTOR,NATU1,0.13,0,0
4488,JP,JP,LEATH,PROCE,0.12,0,0
2082,JP,JP,ELE12,REFI1,0.12,0,0
6417,JP,JP,RECRE,LEAD1,0.12,0,0
838,JP,JP,BUSIN,SUGAR,0.12,0,0
667,JP,JP,BLAST,GASDI,0.12,0,0
1525,JP,JP,CROPS,WOODW,0.12,0,0
7358,JP,JP,TEXTI,SUGAR,0.12,0,0
5866,JP,JP,POSTT,SUGAR,0.12,0,0
132,JP,JP,AIRTR,BITU1,0.12,0,0
5276,JP,JP,NONME,MEATA,0.12,0,0
7348,JP,JP,TEXTI,REALE,0.12,0,0
2042,JP,JP,ELE12,LUBRI,0.12,0,0
134,JP,JP,AIRTR,BLAST,0.12,0,0
4216,JP,JP,KERO1,RETAI,0.12,0,0
2922,JP,JP,ELEC8,REFIN,0.12,0,0
3105,JP,JP,FABRI,NONSP,0.12,0,0
6086,JP,JP,RADIO,FISHF,0.12,0,0
2561,JP,JP,ELEC4,REFIN,0.12,0,0
2626,JP,JP,ELEC5,IRONO,0.12,0,0
6661,JP,JP,RETA1,ANIMA,0.12,0,0
4142,JP,JP,KERO1,ELE12,0.12,0,0
7162,JP,JP,SUPPO,AVIAT,0.12,0,0
7623,JP,JP,WEARI,LEAD1,0.12,0,0
2699,JP,JP,ELEC6,BITU1,0.12,0,0
5230,JP,JP,NONME,BITUM,0.12,0,0
2226,JP,JP,ELEC1,WHEAT,0.12,0,0
5762,JP,JP,POSTT,BITU1,0.12,0,0
4193,JP,JP,KERO1,PARAF,0.12,0,0
1340,JP,JP,COMPU,REFIN,0.12,0,0
7558,JP,JP,WASTE,PADDY,0.12,0,0
1909,JP,JP,ELE11,DISTR,0.12,0,0
6152,JP,JP,RAILW,COALT,0.12,0,0
1988,JP,JP,ELE11,VEGET,0.12,0,0
6419,JP,JP,RECRE,LIQUE,0.12,0,0
3752,JP,JP,GLASS,SANDC,0.12,0,0
3403,JP,JP,FOOD5,VEGET,0.12,0,0
7218,JP,JP,SUPPO,MEAT4,0.11,0,0
5183,JP,JP,NONF1,GASDI,0.11,0,0
293,JP,JP,ANIMA,FORES,0.11,0,0
7079,JP,JP,STEAM,MEAT4,0.11,0,0
7682,JP,JP,WHEAT,ANIMA,0.11,0,0
3853,JP,JP,HEAVY,MEAT4,0.11,0,0
5984,JP,JP,PRINT,OILSE,0.11,0,0
7304,JP,JP,TEXTI,CATTL,0.11,0,0
4977,JP,JP,MOTOR,TOBAC,0.11,0,0
4030,JP,JP,INSUR,NONSP,0.11,0,0
1193,JP,JP,COKEO,BUSIN,0.11,0,0
7450,JP,JP,TRAN2,BLAST,0.11,0,0
305,JP,JP,ANIMA,RECRE,0.11,0,0
1029,JP,JP,CHEM1,NUCLE,0.11,0,0
813,JP,JP,BUSIN,PETRO,0.11,0,0
907,JP,JP,CERAM,COKEO,0.11,0,0
3947,JP,JP,INLAN,TRAN2,0.11,0,0
7445,JP,JP,TRAN1,WHEAT,0.11,0,0
2372,JP,JP,ELEC3,COALT,0.11,0,0
438,JP,JP,AUXIL,WHEAT,0.11,0,0
593,JP,JP,BITU1,ELEC5,0.11,0,0
1938,JP,JP,ELE11,MEDIC,0.11,0,0
4083,JP,JP,INTER,CATTL,0.11,0,0
5774,JP,JP,POSTT,COALT,0.11,0,0
2643,JP,JP,ELEC5,NATU1,0.11,0,0
6390,JP,JP,RECRE,DIST1,0.11,0,0
6032,JP,JP,PROCE,CHEM1,0.11,0,0
7272,JP,JP,SUPPO,WHEAT,0.11,0,0
3809,JP,JP,HEAVY,BITUM,0.11,0,0
4103,JP,JP,INTER,TRAN2,0.11,0,0
5362,JP,JP,NONSP,WHITE,0.11,0,0
6770,JP,JP,RETA1,TOBAC,0.11,0,0
7421,JP,JP,TRAN1,OILSE,0.11,0,0
3232,JP,JP,FINAN,NONSP,0.11,0,0
4406,JP,JP,LEAD1,MEDIC,0.11,0,0
7706,JP,JP,WHITE,LIQUE,0.11,0,0
365,JP,JP,AUXIL,INLAN,0.11,0,0
3796,JP,JP,HEALT,RUBBE,0.11,0,0
692,JP,JP,BLAST,PLAST,0.11,0,0
6470,JP,JP,RECRE,TRAN2,0.11,0,0
2024,JP,JP,ELE12,FISHF,0.11,0,0
1228,JP,JP,COKEO,RETA1,0.11,0,0
2678,JP,JP,ELEC5,SEACO,0.11,0,0
6986,JP,JP,SEACO,MEAT1,0.11,0,0
3350,JP,JP,FOOD4,PADDY,0.11,0,0
2227,JP,JP,ELEC1,WHITE,0.11,0,0
812,JP,JP,BUSIN,PARAF,0.11,0,0
7213,JP,JP,SUPPO,LEAD1,0.11,0,0
6708,JP,JP,RETA1,HEAVY,0.11,0,0
3355,JP,JP,FOOD4,VEGE1,0.1,0,0
7817,JP,JP,WOODW,RAILW,0.1,0,0
1069,JP,JP,CHEM1,WHITE,0.1,0,0
5308,JP,JP,NONME,SANDC,0.1,0,0
4085,JP,JP,INTER,CRUDE,0.1,0,0
7192,JP,JP,SUPPO,ELEC6,0.1,0,0
5819,JP,JP,POSTT,MEAT4,0.1,0,0
4089,JP,JP,INTER,ELEC6,0.1,0,0
4033,JP,JP,INSUR,OXYGE,0.1,0,0
2949,JP,JP,ELECT,BIOG1,0.1,0,0
2046,JP,JP,ELE12,MEATP,0.1,0,0
2455,JP,JP,ELEC3,STEAM,0.1,0,0
3781,JP,JP,HEALT,MEATA,0.1,0,0
3886,JP,JP,HEAVY,RAWMI,0.1,0,0
465,JP,JP,BASIC,LEATH,0.1,0,0
4933,JP,JP,MOTOR,HEAVY,0.1,0,0
607,JP,JP,BITU1,LEATH,0.1,0,0
5252,JP,JP,NONME,ELE12,0.1,0,0
7627,JP,JP,WEARI,MEAT4,0.1,0,0
500,JP,JP,BEVER,GLASS,0.1,0,0
4832,JP,JP,MEMBE,MEAT4,0.1,0,0
2421,JP,JP,ELEC3,NONSP,0.1,0,0
7562,JP,JP,WASTE,RAWMI,0.1,0,0
2657,JP,JP,ELEC5,POULT,0.1,0,0
5704,JP,JP,PLAS1,PIGS9,0.1,0,0
4619,JP,JP,LUBRI,CATTL,0.1,0,0
2417,JP,JP,ELEC3,NFERT,0.1,0,0
6245,JP,JP,RAWMI,CATTL,0.1,0,0
1099,JP,JP,COALT,COALT,0.1,0,0
6014,JP,JP,PRINT,SUGA1,0.1,0,0
6200,JP,JP,RAILW,NONSP,0.1,0,0
4913,JP,JP,MOTOR,CEREA,0.1,0,0
7133,JP,JP,SUGA1,BASIC,0.1,0,0
427,JP,JP,AUXIL,SUGA1,0.1,0,0
5041,JP,JP,NATU1,PETRO,0.1,0,0
5748,JP,JP,PLAST,SANDC,0.1,0,0
7735,JP,JP,WOOD1,RETAI,0.1,0,0
4096,JP,JP,INTER,NFERT,0.1,0,0
5273,JP,JP,NONME,LIQUE,0.1,0,0
1083,JP,JP,CHEMI,MEMBE,0.1,0,0
6520,JP,JP,REFIN,OXYGE,0.1,0,0
3541,JP,JP,FURNI,NFERT,0.09,0,0
5383,JP,JP,OILHA,RETAI,0.09,0,0
4233,JP,JP,KERO1,WHITE,0.09,0,0
6387,JP,JP,RECRE,CROPS,0.09,0,0
4347,JP,JP,LANDT,PETRO,0.09,0,0
6529,JP,JP,RENTI,INLAN,0.09,0,0
7010,JP,JP,SEACO,PULP5,0.09,0,0
1892,JP,JP,ELE11,BRICK,0.09,0,0
6175,JP,JP,RAILW,INLAN,0.09,0,0
3989,JP,JP,INSUR,ELEC6,0.09,0,0
4651,JP,JP,LUBRI,PIGS9,0.09,0,0
142,JP,JP,AIRTR,COALT,0.09,0,0
3347,JP,JP,FOOD4,LEAD1,0.09,0,0
4689,JP,JP,MEAT4,NFERT,0.09,0,0
2708,JP,JP,ELEC6,COALT,0.09,0,0
567,JP,JP,BIOG1,VEGE1,0.09,0,0
7774,JP,JP,WOODW,CRUDE,0.09,0,0
4576,JP,JP,LIQUE,NONF1,0.09,0,0
4614,JP,JP,LUBRI,AIRTR,0.09,0,0
5040,JP,JP,NATU1,PARAF,0.09,0,0
5508,JP,JP,PAPER,BIODI,0.09,0,0
5333,JP,JP,NONSP,DIST1,0.09,0,0
4356,JP,JP,LANDT,PRIVA,0.09,0,0
6952,JP,JP,SEACO,CERAM,0.09,0,0
1380,JP,JP,CONST,CEREA,0.09,0,0
4693,JP,JP,MEAT4,SUPPO,0.09,0,0
3091,JP,JP,FABRI,MEATA,0.09,0,0
6713,JP,JP,RETA1,KERO1,0.09,0,0
7718,JP,JP,WHITE,PULP5,0.09,0,0
331,JP,JP,AUXIL,COALT,0.09,0,0
6624,JP,JP,RESEA,PLANT,0.09,0,0
6097,JP,JP,RADIO,LIQUE,0.09,0,0
3804,JP,JP,HEAVY,AVIAT,0.09,0,0
4877,JP,JP,MEMBE,SANDC,0.09,0,0
6061,JP,JP,RADIO,BRICK,0.09,0,0
4346,JP,JP,LANDT,PARAF,0.09,0,0
7793,JP,JP,WOODW,MEATA,0.09,0,0
4544,JP,JP,LIQUE,ELEC8,0.09,0,0
5200,JP,JP,NONF1,NUCLE,0.09,0,0
1249,JP,JP,COMPU,CEREA,0.09,0,0
4569,JP,JP,LIQUE,MEDIC,0.09,0,0
1906,JP,JP,ELE11,CRUDE,0.09,0,0
7175,JP,JP,SUPPO,CHEMI,0.09,0,0
4222,JP,JP,KERO1,SUGA1,0.09,0,0
5682,JP,JP,PIGS9,CATTL,0.09,0,0
3807,JP,JP,HEAVY,BIODI,0.09,0,0
6796,JP,JP,RUBBE,CHARC,0.09,0,0
1096,JP,JP,COALT,CEMEN,0.09,0,0
4936,JP,JP,MOTOR,KERO1,0.09,0,0
87,JP,JP,93197,PFERT,0.09,0,0
5638,JP,JP,PFERT,ELEC8,0.09,0,0
2606,JP,JP,ELEC5,CROPS,0.09,0,0
3030,JP,JP,FABRI,BIODI,0.09,0,0
4650,JP,JP,LUBRI,PETRO,0.09,0,0
1209,JP,JP,COKEO,ELEC5,0.09,0,0
1195,JP,JP,COKEO,CERAM,0.09,0,0
849,JP,JP,BUSIN,WHITE,0.09,0,0
7553,JP,JP,WASTE,LEAD1,0.09,0,0
5592,JP,JP,PARAF,BITU1,0.09,0,0
2683,JP,JP,ELEC5,TRAN1,0.09,0,0
3916,JP,JP,INLAN,CONST,0.08,0,0
6931,JP,JP,SANDC,MEDIC,0.08,0,0
3658,JP,JP,GASDI,PETRO,0.08,0,0
4088,JP,JP,INTER,ELEC5,0.08,0,0
816,JP,JP,BUSIN,PLANT,0.08,0,0
200,JP,JP,AIRTR,NONSP,0.08,0,0
7205,JP,JP,SUPPO,HEALT,0.08,0,0
6247,JP,JP,RAWMI,PIGS9,0.08,0,0
513,JP,JP,BIOG1,BEVER,0.08,0,0
495,JP,JP,BEVER,COKEO,0.08,0,0
4733,JP,JP,MEDIC,FISHF,0.08,0,0
6388,JP,JP,RECRE,CRUDE,0.08,0,0
1968,JP,JP,ELE11,RAWMI,0.08,0,0
301,JP,JP,ANIMA,PIGS9,0.08,0,0
102,JP,JP,93197,REFI1,0.08,0,0
6728,JP,JP,RETA1,NAPHT,0.08,0,0
2793,JP,JP,ELEC6,STEAM,0.08,0,0
4109,JP,JP,IRONO,PFERT,0.08,0,0
6129,JP,JP,RADIO,TRAN1,0.08,0,0
3379,JP,JP,FOOD5,LIQUE,0.08,0,0
5911,JP,JP,PRINT,BIOG1,0.08,0,0
7835,JP,JP,WOODW,VEGE1,0.08,0,0
4452,JP,JP,LEATH,ELEC8,0.08,0,0
1995,JP,JP,ELE12,ANIMA,0.08,0,0
6657,JP,JP,RESEA,WOOLS,0.08,0,0
7191,JP,JP,SUPPO,ELEC5,0.08,0,0
2759,JP,JP,ELEC6,NONSP,0.08,0,0
3352,JP,JP,FOOD4,POULT,0.08,0,0
5012,JP,JP,NAPHT,PETRO,0.08,0,0
2762,JP,JP,ELEC6,OXYGE,0.08,0,0
1239,JP,JP,COMPU,BIODI,0.08,0,0
4423,JP,JP,LEATH,AIRTR,0.08,0,0
7542,JP,JP,WASTE,CATTL,0.08,0,0
5833,JP,JP,POSTT,NONSP,0.08,0,0
919,JP,JP,CERAM,INLAN,0.08,0,0
63,JP,JP,93197,LUBRI,0.08,0,0
26,JP,JP,93197,CROPS,0.08,0,0
2755,JP,JP,ELEC6,NFERT,0.08,0,0
5558,JP,JP,PAPER,PIGS9,0.08,0,0
4675,JP,JP,MEAT1,CROPS,0.08,0,0
3430,JP,JP,FORES,PAPER,0.08,0,0
1955,JP,JP,ELE11,PIGS9,0.08,0,0
4946,JP,JP,MOTOR,NAPHT,0.08,0,0
6374,JP,JP,RECRE,BRICK,0.08,0,0
259,JP,JP,ALUM1,LEATH,0.08,0,0
6799,JP,JP,RUBBE,COALT,0.08,0,0
1933,JP,JP,ELE11,LIQUE,0.08,0,0
5705,JP,JP,PLAS1,RETAI,0.08,0,0
4649,JP,JP,LUBRI,PARAF,0.08,0,0
4776,JP,JP,MEMBE,BITU1,0.08,0,0
4756,JP,JP,MEDIC,PULP5,0.08,0,0
4645,JP,JP,LUBRI,NFERT,0.08,0,0
3657,JP,JP,GASDI,PARAF,0.08,0,0
3547,JP,JP,FURNI,OXYGE,0.08,0,0
877,JP,JP,CEMEN,ELECT,0.08,0,0
7566,JP,JP,WASTE,VEGE1,0.08,0,0
1221,JP,JP,COKEO,NFERT,0.08,0,0
586,JP,JP,BITU1,DIST1,0.08,0,0
5423,JP,JP,OXYGE,MEATC,0.08,0,0
1082,JP,JP,CHEMI,LIQUE,0.08,0,0
7076,JP,JP,STEAM,LIQUE,0.08,0,0
6886,JP,JP,RUBBE,WHEAT,0.08,0,0
7560,JP,JP,WASTE,POULT,0.08,0,0
1288,JP,JP,COMPU,INLAN,0.08,0,0
1985,JP,JP,ELE11,TRAN2,0.08,0,0
4417,JP,JP,LEAD1,RETA1,0.08,0,0
3874,JP,JP,HEAVY,PIGS9,0.08,0,0
1974,JP,JP,ELE11,RETAI,0.08,0,0
7433,JP,JP,TRAN1,SANDC,0.08,0,0
5741,JP,JP,PLAST,PFERT,0.08,0,0
7535,JP,JP,VEGET,POULT,0.08,0,0
2658,JP,JP,ELEC5,PREC1,0.08,0,0
6988,JP,JP,SEACO,MEATP,0.08,0,0
4787,JP,JP,MEMBE,COALT,0.08,0,0
5011,JP,JP,NAPHT,PARAF,0.08,0,0
318,JP,JP,AUXIL,BIOG1,0.08,0,0
793,JP,JP,BUSIN,MEATA,0.08,0,0
6078,JP,JP,RADIO,ELEC3,0.08,0,0
3338,JP,JP,FOOD4,CATTL,0.08,0,0
2634,JP,JP,ELEC5,MEAT1,0.08,0,0
4087,JP,JP,INTER,ELE12,0.08,0,0
7509,JP,JP,VEGE1,LIQUE,0.08,0,0
1219,JP,JP,COKEO,MEMBE,0.08,0,0
5501,JP,JP,PAPE4,VEGET,0.08,0,0
551,JP,JP,BIOG1,PROCE,0.07,0,0
175,JP,JP,AIRTR,INLAN,0.07,0,0
1539,JP,JP,CRUDE,PETRO,0.07,0,0
5197,JP,JP,NONF1,NFERT,0.07,0,0
5492,JP,JP,PAPE4,MEATP,0.07,0,0
1885,JP,JP,ELE11,AIRTR,0.07,0,0
6788,JP,JP,RUBBE,BITU1,0.07,0,0
5481,JP,JP,PAPE4,CEMEN,0.07,0,0
3519,JP,JP,FURNI,HEAVY,0.07,0,0
158,JP,JP,AIRTR,ELEC5,0.07,0,0
2682,JP,JP,ELEC5,TOBAC,0.07,0,0
7726,JP,JP,WOOD1,BITUM,0.07,0,0
5045,JP,JP,NATU1,WHITE,0.07,0,0
5491,JP,JP,PAPE4,MEAT1,0.07,0,0
5142,JP,JP,NFERT,PAPER,0.07,0,0
5920,JP,JP,PRINT,CHARC,0.07,0,0
4145,JP,JP,KERO1,ELEC3,0.07,0,0
3571,JP,JP,FURNI,STEAM,0.07,0,0
5745,JP,JP,PLAST,PRIVA,0.07,0,0
4388,JP,JP,LANDT,WHITE,0.07,0,0
4969,JP,JP,MOTOR,RETAI,0.07,0,0
319,JP,JP,AUXIL,BITU1,0.07,0,0
5318,JP,JP,NONME,WEARI,0.07,0,0
5371,JP,JP,OILHA,BITUM,0.07,0,0
2639,JP,JP,ELEC5,MEMBE,0.07,0,0
4098,JP,JP,INTER,PIGS9,0.07,0,0
3128,JP,JP,FABRI,REFIN,0.07,0,0
5760,JP,JP,POSTT,BIODI,0.07,0,0
7728,JP,JP,WOOD1,ELE11,0.07,0,0
573,JP,JP,BITU1,BASIC,0.07,0,0
1538,JP,JP,CRUDE,PARAF,0.07,0,0
3031,JP,JP,FABRI,BIOG1,0.07,0,0
5876,JP,JP,POSTT,WHEAT,0.07,0,0
4726,JP,JP,MEDIC,COPP1,0.07,0,0
6196,JP,JP,RAILW,NFERT,0.07,0,0
4173,JP,JP,KERO1,MEAT4,0.07,0,0
985,JP,JP,CHEM1,ELE12,0.07,0,0
558,JP,JP,BIOG1,RETAI,0.07,0,0
186,JP,JP,AIRTR,MEAT4,0.07,0,0
1876,JP,JP,EDUCA,TEXTI,0.07,0,0
5681,JP,JP,PIGS9,ANIMA,0.07,0,0
4487,JP,JP,LEATH,PREC1,0.07,0,0
5014,JP,JP,NAPHT,PLANT,0.07,0,0
3593,JP,JP,GASDI,BIODI,0.07,0,0
93,JP,JP,93197,PRIVA,0.07,0,0
5374,JP,JP,OILHA,ELE11,0.07,0,0
7327,JP,JP,TEXTI,MEATC,0.07,0,0
4208,JP,JP,KERO1,RAILW,0.07,0,0
5267,JP,JP,NONME,HEAVY,0.07,0,0
6311,JP,JP,REALE,MEAT4,0.07,0,0
4821,JP,JP,MEMBE,INLAN,0.07,0,0
1212,JP,JP,COKEO,FABRI,0.07,0,0
4055,JP,JP,INSUR,REFIN,0.07,0,0
1624,JP,JP,DIST1,LIQUE,0.07,0,0
250,JP,JP,ALUM1,CROPS,0.07,0,0
7730,JP,JP,WOOD1,FISHF,0.07,0,0
2670,JP,JP,ELEC5,REFI1,0.07,0,0
948,JP,JP,CEREA,WOOLS,0.07,0,0
6714,JP,JP,RETA1,KEROS,0.07,0,0
212,JP,JP,AIRTR,PRIVA,0.07,0,0
1370,JP,JP,CONST,BIODI,0.07,0,0
1516,JP,JP,CROPS,RADIO,0.07,0,0
5377,JP,JP,OILHA,FISHF,0.07,0,0
327,JP,JP,AUXIL,CEREA,0.07,0,0
7565,JP,JP,WASTE,TRAN2,0.07,0,0
4427,JP,JP,LEATH,BIOG1,0.06,0,0
6353,JP,JP,REALE,SUGA1,0.06,0,0
4671,JP,JP,LUBRI,WHITE,0.06,0,0
2633,JP,JP,ELEC5,LUBRI,0.06,0,0
5407,JP,JP,OXYGE,DAIRY,0.06,0,0
3257,JP,JP,FINAN,REFIN,0.06,0,0
532,JP,JP,BIOG1,HOTEL,0.06,0,0
5662,JP,JP,PFERT,POULT,0.06,0,0
5042,JP,JP,NATU1,PFERT,0.06,0,0
678,JP,JP,BLAST,MEATP,0.06,0,0
3696,JP,JP,GASDI,WHITE,0.06,0,0
3315,JP,JP,FOOD3,CEMEN,0.06,0,0
1894,JP,JP,ELE11,CATTL,0.06,0,0
7261,JP,JP,SUPPO,SUGA1,0.06,0,0
3529,JP,JP,FURNI,LIQUE,0.06,0,0
7803,JP,JP,WOODW,NONFE,0.06,0,0
470,JP,JP,BASIC,NFERT,0.06,0,0
4937,JP,JP,MOTOR,KEROS,0.06,0,0
1999,JP,JP,ELE12,BITU1,0.06,0,0
4541,JP,JP,LIQUE,ELEC4,0.06,0,0
317,JP,JP,AUXIL,BIODI,0.06,0,0
1210,JP,JP,COKEO,ELEC6,0.06,0,0
3524,JP,JP,FURNI,KERO1,0.06,0,0
1615,JP,JP,DIST1,HEAVY,0.06,0,0
6908,JP,JP,SALEM,RAWMI,0.06,0,0
1544,JP,JP,DAIRY,ANIMA,0.06,0,0
6854,JP,JP,RUBBE,PLANT,0.06,0,0
5635,JP,JP,PFERT,ELEC4,0.06,0,0
4724,JP,JP,MEDIC,COKE1,0.06,0,0
2882,JP,JP,ELEC8,MEAT4,0.06,0,0
1936,JP,JP,ELE11,MEATC,0.06,0,0
4475,JP,JP,LEATH,NFERT,0.06,0,0
5022,JP,JP,NAPHT,WHITE,0.06,0,0
4080,JP,JP,INSUR,WOOLS,0.06,0,0
2522,JP,JP,ELEC4,MEAT4,0.06,0,0
6718,JP,JP,RETA1,LIQUE,0.06,0,0
7238,JP,JP,SUPPO,PIGS9,0.06,0,0
7471,JP,JP,TRAN2,PETRO,0.06,0,0
3595,JP,JP,GASDI,BITUM,0.06,0,0
7040,JP,JP,SECO9,WHEAT,0.06,0,0
3943,JP,JP,INLAN,SANDC,0.06,0,0
3325,JP,JP,FOOD3,MEAT1,0.06,0,0
4732,JP,JP,MEDIC,FISH5,0.06,0,0
4531,JP,JP,LIQUE,COMPU,0.06,0,0
5697,JP,JP,PLAS1,BITUM,0.06,0,0
6343,JP,JP,REALE,REFI1,0.06,0,0
159,JP,JP,AIRTR,ELEC6,0.06,0,0
5468,JP,JP,PADDY,MEATA,0.06,0,0
2832,JP,JP,ELEC8,AUXIL,0.06,0,0
4350,JP,JP,LANDT,PLANT,0.06,0,0
3333,JP,JP,FOOD3,TRAN1,0.06,0,0
2476,JP,JP,ELEC4,AUXIL,0.06,0,0
4449,JP,JP,LEATH,ELEC4,0.06,0,0
4595,JP,JP,LIQUE,REALE,0.06,0,0
20,JP,JP,93197,COALT,0.06,0,0
5559,JP,JP,PAPER,PLANT,0.06,0,0
5606,JP,JP,PARAF,NONSP,0.06,0,0
5145,JP,JP,NFERT,PREC1,0.06,0,0
7505,JP,JP,VEGE1,HEAVY,0.06,0,0
2447,JP,JP,ELEC3,REFIN,0.06,0,0
4604,JP,JP,LIQUE,SUPPO,0.06,0,0
6012,JP,JP,PRINT,STEAM,0.06,0,0
6736,JP,JP,RETA1,OILSE,0.06,0,0
1449,JP,JP,CONST,PETRO,0.06,0,0
6309,JP,JP,REALE,LUBRI,0.06,0,0
1684,JP,JP,DISTR,BIOG1,0.06,0,0
21,JP,JP,93197,COKE1,0.06,0,0
3538,JP,JP,FURNI,NAPHT,0.06,0,0
7511,JP,JP,VEGE1,MEAT1,0.06,0,0
587,JP,JP,BITU1,ELE11,0.06,0,0
4667,JP,JP,LUBRI,SUGAR,0.06,0,0
5699,JP,JP,PLAS1,ELE11,0.06,0,0
6223,JP,JP,RAILW,REFIN,0.06,0,0
5594,JP,JP,PARAF,COALT,0.06,0,0
6133,JP,JP,RADIO,VEGET,0.06,0,0
1864,JP,JP,EDUCA,REFI1,0.06,0,0
896,JP,JP,CEMEN,TRANS,0.06,0,0
4847,JP,JP,MEMBE,NUCLE,0.06,0,0
2615,JP,JP,ELEC5,FISHF,0.06,0,0
5269,JP,JP,NONME,KERO1,0.06,0,0
7470,JP,JP,TRAN2,PARAF,0.06,0,0
4101,JP,JP,INTER,RETAI,0.06,0,0
7279,JP,JP,TEXT1,FISHF,0.06,0,0
6643,JP,JP,RESEA,STEAM,0.06,0,0
5497,JP,JP,PAPE4,RAWMI,0.06,0,0
1542,JP,JP,CRUDE,WHITE,0.06,0,0
6100,JP,JP,RADIO,MEATC,0.06,0,0
660,JP,JP,BLAST,ELEC2,0.06,0,0
3328,JP,JP,FOOD3,PADDY,0.06,0,0
1112,JP,JP,COALT,RUBBE,0.06,0,0
1836,JP,JP,EDUCA,LUBRI,0.06,0,0
3828,JP,JP,HEAVY,ELECT,0.06,0,0
4846,JP,JP,MEMBE,NONSP,0.06,0,0
4536,JP,JP,LIQUE,DISTR,0.05,0,0
3354,JP,JP,FOOD4,TRAN2,0.05,0,0
5700,JP,JP,PLAS1,FISHF,0.05,0,0
4685,JP,JP,MEAT4,FISHF,0.05,0,0
1448,JP,JP,CONST,PARAF,0.05,0,0
3340,JP,JP,FOOD4,CRUDE,0.05,0,0
6589,JP,JP,RESEA,INLAN,0.05,0,0
2637,JP,JP,ELEC5,MEATP,0.05,0,0
7029,JP,JP,SEACO,VEGE1,0.05,0,0
3281,JP,JP,FINAN,WOOLS,0.05,0,0
5657,JP,JP,PFERT,OXYGE,0.05,0,0
7038,JP,JP,SECO9,SUGAR,0.05,0,0
4617,JP,JP,LUBRI,BITUM,0.05,0,0
932,JP,JP,CERAM,RETAI,0.05,0,0
3933,JP,JP,INLAN,PRECI,0.05,0,0
3343,JP,JP,FOOD4,ELEC6,0.05,0,0
5923,JP,JP,PRINT,COALT,0.05,0,0
1558,JP,JP,DAIRY,LIQUE,0.05,0,0
5280,JP,JP,NONME,NAPHT,0.05,0,0
5454,JP,JP,OXYGE,TOBAC,0.05,0,0
656,JP,JP,BLAST,CRUDE,0.05,0,0
723,JP,JP,BRICK,MEDIC,0.05,0,0
5612,JP,JP,PETRO,TOBAC,0.05,0,0
1719,JP,JP,DISTR,INLAN,0.05,0,0
6832,JP,JP,RUBBE,MEATA,0.05,0,0
1619,JP,JP,DIST1,KERO1,0.05,0,0
446,JP,JP,AVIAT,SUPPO,0.05,0,0
3438,JP,JP,FORES,TRANS,0.05,0,0
5637,JP,JP,PFERT,ELEC6,0.05,0,0
5411,JP,JP,OXYGE,FISH5,0.05,0,0
5421,JP,JP,OXYGE,LEATH,0.05,0,0
4717,JP,JP,MEDIC,BLAST,0.05,0,0
5898,JP,JP,PREC1,NUCLE,0.05,0,0
260,JP,JP,ALUM1,LIQUE,0.05,0,0
3573,JP,JP,FURNI,SUGA1,0.05,0,0
688,JP,JP,BLAST,NONME,0.05,0,0
6845,JP,JP,RUBBE,NONSP,0.05,0,0
4147,JP,JP,KERO1,ELEC5,0.05,0,0
5382,JP,JP,OILHA,PIGS9,0.05,0,0
6452,JP,JP,RECRE,RAWMI,0.05,0,0
3868,JP,JP,HEAVY,OFFIC,0.05,0,0
7792,JP,JP,WOODW,MEAT4,0.05,0,0
6412,JP,JP,RECRE,INLAN,0.05,0,0
1470,JP,JP,CONST,SUGA1,0.05,0,0
7062,JP,JP,STEAM,ELEC6,0.05,0,0
1987,JP,JP,ELE11,VEGE1,0.05,0,0
1791,JP,JP,EDUCA,BIOG1,0.05,0,0
3349,JP,JP,FOOD4,NFERT,0.05,0,0
6067,JP,JP,RADIO,COKE1,0.05,0,0
7507,JP,JP,VEGE1,KERO1,0.05,0,0
2247,JP,JP,ELEC2,CEREA,0.05,0,0
1634,JP,JP,DIST1,NAPHT,0.05,0,0
220,JP,JP,AIRTR,REFIN,0.05,0,0
5515,JP,JP,PAPER,CHARC,0.05,0,0
2008,JP,JP,ELE12,COALT,0.05,0,0
7688,JP,JP,WHEAT,POULT,0.05,0,0
391,JP,JP,AUXIL,NONSP,0.05,0,0
598,JP,JP,BITU1,FISH5,0.05,0,0
6357,JP,JP,REALE,TOBAC,0.05,0,0
11,JP,JP,93197,BLAST,0.05,0,0
1692,JP,JP,DISTR,CEREA,0.05,0,0
7585,JP,JP,WEARI,COALT,0.05,0,0
4765,JP,JP,MEDIC,WHEAT,0.05,0,0
6076,JP,JP,RADIO,ELE12,0.05,0,0
7731,JP,JP,WOOD1,FORES,0.05,0,0
5494,JP,JP,PAPE4,PADDY,0.05,0,0
7559,JP,JP,WASTE,PIGS9,0.05,0,0
4586,JP,JP,LIQUE,POSTT,0.05,0,0
6421,JP,JP,RECRE,MEAT1,0.05,0,0
3911,JP,JP,INLAN,93197,0.05,0,0
7015,JP,JP,SEACO,REFI1,0.05,0,0
4840,JP,JP,MEMBE,NATU1,0.05,0,0
213,JP,JP,AIRTR,PROCE,0.05,0,0
262,JP,JP,ALUM1,MEAT4,0.05,0,0
3331,JP,JP,FOOD3,RAWMI,0.05,0,0
2785,JP,JP,ELEC6,REFIN,0.05,0,0
7755,JP,JP,WOODW,AIRTR,0.05,0,0
6764,JP,JP,RETA1,STEAM,0.05,0,0
5378,JP,JP,OILHA,FORES,0.05,0,0
3815,JP,JP,HEAVY,CHARC,0.05,0,0
1153,JP,JP,COKE1,MEATP,0.05,0,0
5856,JP,JP,POSTT,REFIN,0.05,0,0
5313,JP,JP,NONME,TOBAC,0.05,0,0
6904,JP,JP,SALEM,PIGS9,0.05,0,0
3041,JP,JP,FABRI,CHARC,0.05,0,0
6985,JP,JP,SEACO,LUBRI,0.05,0,0
916,JP,JP,CERAM,GLASS,0.05,0,0
7516,JP,JP,VEGE1,NAPHT,0.05,0,0
3351,JP,JP,FOOD4,PIGS9,0.05,0,0
3367,JP,JP,FOOD5,COMPU,0.05,0,0
5430,JP,JP,OXYGE,NATUR,0.05,0,0
3525,JP,JP,FURNI,KEROS,0.05,0,0
65,JP,JP,93197,MEAT4,0.05,0,0
7477,JP,JP,TRAN2,WHITE,0.05,0,0
1097,JP,JP,COALT,CERAM,0.05,0,0
4405,JP,JP,LEAD1,LIQUE,0.05,0,0
6982,JP,JP,SEACO,LEAD1,0.05,0,0
4739,JP,JP,MEDIC,LEAD1,0.05,0,0
4570,JP,JP,LIQUE,MEMBE,0.05,0,0
7262,JP,JP,SUPPO,SUGAR,0.05,0,0
5882,JP,JP,POULT,CATTL,0.05,0,0
5500,JP,JP,PAPE4,VEGE1,0.05,0,0
3861,JP,JP,HEAVY,NATU1,0.04,0,0
7734,JP,JP,WOOD1,PIGS9,0.04,0,0
1250,JP,JP,COMPU,CHARC,0.04,0,0
5756,JP,JP,POSTT,ANIMA,0.04,0,0
2091,JP,JP,ELE12,STEAM,0.04,0,0
3342,JP,JP,FOOD4,ELEC5,0.04,0,0
673,JP,JP,BLAST,LEAD1,0.04,0,0
6004,JP,JP,PRINT,REFI1,0.04,0,0
6326,JP,JP,REALE,OILSE,0.04,0,0
1481,JP,JP,CONST,WHITE,0.04,0,0
2058,JP,JP,ELE12,NONSP,0.04,0,0
4615,JP,JP,LUBRI,ANIMA,0.04,0,0
2589,JP,JP,ELEC5,ANIMA,0.04,0,0
3157,JP,JP,FINAN,BIODI,0.04,0,0
4390,JP,JP,LANDT,WOOLS,0.04,0,0
5680,JP,JP,PFERT,WOOLS,0.04,0,0
5485,JP,JP,PAPE4,ELE12,0.04,0,0
906,JP,JP,CERAM,COKE1,0.04,0,0
2054,JP,JP,ELE12,NFERT,0.04,0,0
1866,JP,JP,EDUCA,RESEA,0.04,0,0
4567,JP,JP,LIQUE,MEATC,0.04,0,0
6117,JP,JP,RADIO,PULP5,0.04,0,0
5966,JP,JP,PRINT,LUBRI,0.04,0,0
4468,JP,JP,LEATH,MEAT1,0.04,0,0
4264,JP,JP,LANDT,BIODI,0.04,0,0
9,JP,JP,93197,BITU1,0.04,0,0
7563,JP,JP,WASTE,RETAI,0.04,0,0
7099,JP,JP,STEAM,RETAI,0.04,0,0
1918,JP,JP,ELE11,FORES,0.04,0,0
5160,JP,JP,NFERT,WOODW,0.04,0,0
744,JP,JP,BUSIN,CEREA,0.04,0,0
2932,JP,JP,ELEC8,SUGA1,0.04,0,0
5270,JP,JP,NONME,KEROS,0.04,0,0
2571,JP,JP,ELEC4,SUGA1,0.04,0,0
5617,JP,JP,PFERT,BIODI,0.04,0,0
447,JP,JP,AVIAT,TRANS,0.04,0,0
1483,JP,JP,CONST,WOOLS,0.04,0,0
5892,JP,JP,POULT,PIGS9,0.04,0,0
6060,JP,JP,RADIO,BLAST,0.04,0,0
4647,JP,JP,LUBRI,OILSE,0.04,0,0
7514,JP,JP,VEGE1,MEATP,0.04,0,0
5645,JP,JP,PFERT,HEAVY,0.04,0,0
7280,JP,JP,TEXT1,FORES,0.04,0,0
5137,JP,JP,NFERT,NONF1,0.04,0,0
7501,JP,JP,VEGE1,FURNI,0.04,0,0
7596,JP,JP,WEARI,ELE11,0.04,0,0
5490,JP,JP,PAPE4,LEAD1,0.04,0,0
3704,JP,JP,GLASS,BIODI,0.04,0,0
7628,JP,JP,WEARI,MEATA,0.04,0,0
5146,JP,JP,NFERT,PRINT,0.04,0,0
3324,JP,JP,FOOD3,LEAD1,0.04,0,0
4940,JP,JP,MOTOR,LIQUE,0.04,0,0
5152,JP,JP,NFERT,SANDC,0.04,0,0
562,JP,JP,BIOG1,STONE,0.04,0,0
652,JP,JP,BLAST,COALT,0.04,0,0
5863,JP,JP,POSTT,STEAM,0.04,0,0
7375,JP,JP,TRAN1,BIOG1,0.04,0,0
5701,JP,JP,PLAS1,FORES,0.04,0,0
7670,JP,JP,WEARI,SUGA1,0.04,0,0
1927,JP,JP,ELE11,IRONO,0.04,0,0
1881,JP,JP,EDUCA,WEARI,0.04,0,0
4090,JP,JP,INTER,FISHF,0.04,0,0
5668,JP,JP,PFERT,RAWMI,0.04,0,0
4082,JP,JP,INTER,BITUM,0.04,0,0
1135,JP,JP,COKE1,CRUDE,0.04,0,0
1401,JP,JP,CONST,ELEC7,0.04,0,0
3711,JP,JP,GLASS,COMPU,0.04,0,0
5148,JP,JP,NFERT,PULP5,0.04,0,0
669,JP,JP,BLAST,HEAVY,0.04,0,0
1620,JP,JP,DIST1,KEROS,0.04,0,0
3314,JP,JP,FOOD3,CATTL,0.04,0,0
3353,JP,JP,FOOD4,RETAI,0.04,0,0
7547,JP,JP,WASTE,ELE12,0.04,0,0
2903,JP,JP,ELEC8,PETRO,0.04,0,0
7799,JP,JP,WOODW,NATU1,0.04,0,0
648,JP,JP,BLAST,BRICK,0.04,0,0
2542,JP,JP,ELEC4,PETRO,0.04,0,0
5255,JP,JP,NONME,ELEC5,0.04,0,0
5771,JP,JP,POSTT,CHARC,0.04,0,0
6616,JP,JP,RESEA,NUCLE,0.04,0,0
5096,JP,JP,NATUR,REFI1,0.04,0,0
7169,JP,JP,SUPPO,CATTL,0.04,0,0
4086,JP,JP,INTER,ELE11,0.04,0,0
6391,JP,JP,RECRE,DISTR,0.04,0,0
5054,JP,JP,NATUR,COALT,0.04,0,0
3335,JP,JP,FOOD3,VEGE1,0.04,0,0
2974,JP,JP,ELECT,ELEC7,0.04,0,0
3330,JP,JP,FOOD3,POULT,0.04,0,0
1321,JP,JP,COMPU,PETRO,0.04,0,0
3602,JP,JP,GASDI,CHARC,0.04,0,0
4065,JP,JP,INSUR,SUGA1,0.04,0,0
3290,JP,JP,FISH5,MEAT4,0.04,0,0
7157,JP,JP,SUPPO,93197,0.04,0,0
7649,JP,JP,WEARI,PLANT,0.04,0,0
5443,JP,JP,OXYGE,PULP5,0.04,0,0
5675,JP,JP,PFERT,TRAN1,0.04,0,0
5113,JP,JP,NFERT,COKE1,0.04,0,0
5075,JP,JP,NATUR,LUBRI,0.04,0,0
1943,JP,JP,ELE11,NATU1,0.04,0,0
4775,JP,JP,MEMBE,BIOG1,0.04,0,0
570,JP,JP,BIOG1,WOODW,0.04,0,0
6447,JP,JP,RECRE,PRIVA,0.04,0,0
2933,JP,JP,ELEC8,SUGAR,0.04,0,0
7508,JP,JP,VEGE1,KEROS,0.04,0,0
2572,JP,JP,ELEC4,SUGAR,0.04,0,0
4421,JP,JP,LEAD1,WOODW,0.04,0,0
7833,JP,JP,WOODW,TRAN2,0.04,0,0
5496,JP,JP,PAPE4,POULT,0.04,0,0
6915,JP,JP,SALEM,WHEAT,0.04,0,0
5186,JP,JP,NONF1,HEAVY,0.04,0,0
7644,JP,JP,WEARI,OXYGE,0.04,0,0
901,JP,JP,CERAM,BLAST,0.04,0,0
2902,JP,JP,ELEC8,PARAF,0.04,0,0
6379,JP,JP,RECRE,CEREA,0.04,0,0
2541,JP,JP,ELEC4,PARAF,0.04,0,0
6905,JP,JP,SALEM,POSTT,0.04,0,0
1381,JP,JP,CONST,CHARC,0.04,0,0
6477,JP,JP,REFI1,AVIAT,0.04,0,0
4670,JP,JP,LUBRI,WHEAT,0.04,0,0
4506,JP,JP,LEATH,TRAN1,0.04,0,0
7545,JP,JP,WASTE,CRUDE,0.04,0,0
1978,JP,JP,ELE11,SEACO,0.04,0,0
6544,JP,JP,RESEA,BIOGA,0.04,0,0
5906,JP,JP,PRINT,ANIMA,0.04,0,0
5646,JP,JP,PFERT,KERO1,0.04,0,0
5726,JP,JP,PLAST,BIODI,0.04,0,0
377,JP,JP,AUXIL,MEATA,0.04,0,0
1113,JP,JP,COALT,SANDC,0.04,0,0
1320,JP,JP,COMPU,PARAF,0.03,0,0
5165,JP,JP,NONF1,COALT,0.03,0,0
6423,JP,JP,RECRE,MEATP,0.03,0,0
3319,JP,JP,FOOD3,ELE12,0.03,0,0
7086,JP,JP,STEAM,NATU1,0.03,0,0
476,JP,JP,BASIC,PIGS9,0.03,0,0
3306,JP,JP,FISHF,NFERT,0.03,0,0
328,JP,JP,AUXIL,CHARC,0.03,0,0
5610,JP,JP,PARAF,REFIN,0.03,0,0
5480,JP,JP,PAPE4,CATTL,0.03,0,0
5724,JP,JP,PLAS2,VEGE1,0.03,0,0
5719,JP,JP,PLAS2,PADDY,0.03,0,0
2123,JP,JP,ELEC1,CEREA,0.03,0,0
5132,JP,JP,NFERT,LIQUE,0.03,0,0
7732,JP,JP,WOOD1,INLAN,0.03,0,0
1130,JP,JP,COKE1,COALT,0.03,0,0
7549,JP,JP,WASTE,ELEC6,0.03,0,0
5428,JP,JP,OXYGE,MOTOR,0.03,0,0
2593,JP,JP,ELEC5,BITU1,0.03,0,0
7172,JP,JP,SUPPO,CEREA,0.03,0,0
5134,JP,JP,NFERT,MOTOR,0.03,0,0
202,JP,JP,AIRTR,OXYGE,0.03,0,0
3406,JP,JP,FOOD5,WOOLS,0.03,0,0
1608,JP,JP,DIST1,FISHF,0.03,0,0
6429,JP,JP,RECRE,NATU1,0.03,0,0
280,JP,JP,ALUM1,SANDC,0.03,0,0
1958,JP,JP,ELE11,POULT,0.03,0,0
1800,JP,JP,EDUCA,COALT,0.03,0,0
5379,JP,JP,OILHA,INLAN,0.03,0,0
671,JP,JP,BLAST,KERO1,0.03,0,0
7634,JP,JP,WEARI,MOTOR,0.03,0,0
3726,JP,JP,GLASS,INLAN,0.03,0,0
1330,JP,JP,COMPU,PRIVA,0.03,0,0
5652,JP,JP,PFERT,NAPHT,0.03,0,0
7381,JP,JP,TRAN1,CEREA,0.03,0,0
5544,JP,JP,PAPER,MEATA,0.03,0,0
2943,JP,JP,ELEC8,WHEAT,0.03,0,0
4182,JP,JP,KERO1,NATU1,0.03,0,0
2582,JP,JP,ELEC4,WHEAT,0.03,0,0
597,JP,JP,BITU1,FABRI,0.03,0,0
6035,JP,JP,PROCE,GLASS,0.03,0,0
2179,JP,JP,ELEC1,NUCLE,0.03,0,0
4872,JP,JP,MEMBE,REFIN,0.03,0,0
2898,JP,JP,ELEC8,OILSE,0.03,0,0
4440,JP,JP,LEATH,CROPS,0.03,0,0
3923,JP,JP,INLAN,HOTEL,0.03,0,0
2538,JP,JP,ELEC4,OILSE,0.03,0,0
6233,JP,JP,RAILW,SUGA1,0.03,0,0
6455,JP,JP,RECRE,REFI1,0.03,0,0
5431,JP,JP,OXYGE,NFERT,0.03,0,0
659,JP,JP,BLAST,ELEC1,0.03,0,0
7550,JP,JP,WASTE,FISHF,0.03,0,0
1900,JP,JP,ELE11,COKE1,0.03,0,0
7556,JP,JP,WASTE,NFERT,0.03,0,0
7469,JP,JP,TRAN2,OXYGE,0.03,0,0
3334,JP,JP,FOOD3,TRAN2,0.03,0,0
3532,JP,JP,FURNI,MEAT4,0.03,0,0
2847,JP,JP,ELEC8,COKE1,0.03,0,0
4470,JP,JP,LEATH,MEATP,0.03,0,0
5110,JP,JP,NFERT,BLAST,0.03,0,0
6420,JP,JP,RECRE,LUBRI,0.03,0,0
884,JP,JP,CEMEN,MOTOR,0.03,0,0
5187,JP,JP,NONF1,KERO1,0.03,0,0
683,JP,JP,BLAST,NAPHT,0.03,0,0
5499,JP,JP,PAPE4,TRAN2,0.03,0,0
4737,JP,JP,MEDIC,INLAN,0.03,0,0
1567,JP,JP,DAIRY,SANDC,0.03,0,0
6258,JP,JP,REALE,BITU1,0.03,0,0
6766,JP,JP,RETA1,SUGA1,0.03,0,0
3713,JP,JP,GLASS,CROPS,0.03,0,0
2305,JP,JP,ELEC2,NUCLE,0.03,0,0
7522,JP,JP,VEGE1,SANDC,0.03,0,0
534,JP,JP,BIOG1,LEATH,0.03,0,0
272,JP,JP,ALUM1,PFERT,0.03,0,0
5717,JP,JP,PLAS2,LEAD1,0.03,0,0
2407,JP,JP,ELEC3,MEAT4,0.03,0,0
3022,JP,JP,ELECT,WOOLS,0.03,0,0
7720,JP,JP,WHITE,REFI1,0.03,0,0
6869,JP,JP,RUBBE,REFIN,0.03,0,0
6533,JP,JP,RENTI,SUGA1,0.03,0,0
1493,JP,JP,CROPS,93197,0.03,0,0
79,JP,JP,93197,NONSP,0.03,0,0
7281,JP,JP,TEXT1,INLAN,0.03,0,0
1792,JP,JP,EDUCA,BITU1,0.03,0,0
1072,JP,JP,CHEM1,WOOLS,0.03,0,0
2944,JP,JP,ELEC8,WHITE,0.03,0,0
7707,JP,JP,WHITE,LUBRI,0.03,0,0
2361,JP,JP,ELEC3,AUXIL,0.03,0,0
4448,JP,JP,LEATH,ELEC3,0.03,0,0
2583,JP,JP,ELEC4,WHITE,0.03,0,0
5865,JP,JP,POSTT,SUGA1,0.03,0,0
5514,JP,JP,PAPER,CEREA,0.03,0,0
3303,JP,JP,FISHF,GLASS,0.03,0,0
7625,JP,JP,WEARI,LIQUE,0.03,0,0
4091,JP,JP,INTER,FORES,0.03,0,0
5196,JP,JP,NONF1,NAPHT,0.03,0,0
7139,JP,JP,SUGA1,MEAT4,0.03,0,0
7548,JP,JP,WASTE,ELEC5,0.03,0,0
929,JP,JP,CERAM,RECRE,0.03,0,0
5665,JP,JP,PFERT,PRIVA,0.03,0,0
1203,JP,JP,COKEO,ELE11,0.03,0,0
417,JP,JP,AUXIL,REFIN,0.03,0,0
6465,JP,JP,RECRE,SUGAR,0.03,0,0
4895,JP,JP,MEMBE,WOOLS,0.03,0,0
1905,JP,JP,ELE11,CROPS,0.03,0,0
6269,JP,JP,REALE,COALT,0.03,0,0
1362,JP,JP,COMPU,WHITE,0.03,0,0
1984,JP,JP,ELE11,TRAN1,0.03,0,0
7727,JP,JP,WOOD1,CROPS,0.03,0,0
4590,JP,JP,LIQUE,PRIVA,0.03,0,0
7104,JP,JP,STEAM,SUGA1,0.03,0,0
5372,JP,JP,OILHA,CROPS,0.03,0,0
3344,JP,JP,FOOD4,FISHF,0.03,0,0
3958,JP,JP,INSUR,BIOG1,0.03,0,0
5605,JP,JP,PARAF,NFERT,0.03,0,0
3326,JP,JP,FOOD3,MEATP,0.03,0,0
1324,JP,JP,COMPU,PLANT,0.03,0,0
5191,JP,JP,NONF1,LIQUE,0.03,0,0
2821,JP,JP,ELEC7,RESEA,0.03,0,0
4418,JP,JP,LEAD1,SANDC,0.03,0,0
4412,JP,JP,LEAD1,PFERT,0.03,0,0
5721,JP,JP,PLAS2,POULT,0.03,0,0
456,JP,JP,BASIC,CROPS,0.03,0,0
4141,JP,JP,KERO1,ELE11,0.03,0,0
1891,JP,JP,ELE11,BLAST,0.03,0,0
6472,JP,JP,RECRE,VEGE1,0.03,0,0
2238,JP,JP,ELEC2,BIODI,0.03,0,0
6479,JP,JP,REFI1,CHEMI,0.03,0,0
2601,JP,JP,ELEC5,COALT,0.03,0,0
3932,JP,JP,INLAN,POSTT,0.03,0,0
4340,JP,JP,LANDT,NUCLE,0.03,0,0
7035,JP,JP,SECO9,CEREA,0.03,0,0
5647,JP,JP,PFERT,KEROS,0.03,0,0
7806,JP,JP,WOODW,OILSE,0.03,0,0
2837,JP,JP,ELEC8,BLAST,0.03,0,0
3755,JP,JP,GLASS,SUPPO,0.03,0,0
1644,JP,JP,DIST1,PLANT,0.03,0,0
1683,JP,JP,DISTR,BIODI,0.03,0,0
2083,JP,JP,ELE12,REFIN,0.03,0,0
4749,JP,JP,MEDIC,OILSE,0.03,0,0
1959,JP,JP,ELE11,PREC1,0.03,0,0
6496,JP,JP,REFIN,BIOG1,0.03,0,0
5218,JP,JP,NONFE,LIQUE,0.03,0,0
2315,JP,JP,ELEC2,PLANT,0.03,0,0
1935,JP,JP,ELE11,MEAT1,0.03,0,0
1806,JP,JP,EDUCA,CRUDE,0.03,0,0
2810,JP,JP,ELEC7,BASIC,0.02,0,0
6256,JP,JP,REALE,BIODI,0.02,0,0
1753,JP,JP,DISTR,PLANT,0.02,0,0
5770,JP,JP,POSTT,CEREA,0.02,0,0
3930,JP,JP,INLAN,OFFIC,0.02,0,0
1793,JP,JP,EDUCA,BITUM,0.02,0,0
4043,JP,JP,INSUR,POULT,0.02,0,0
7054,JP,JP,STEAM,COPP1,0.02,0,0
6947,JP,JP,SEACO,BITU1,0.02,0,0
5620,JP,JP,PFERT,CATTL,0.02,0,0
5709,JP,JP,PLAS2,CATTL,0.02,0,0
2745,JP,JP,ELEC6,MEAT4,0.02,0,0
672,JP,JP,BLAST,KEROS,0.02,0,0
1563,JP,JP,DAIRY,PFERT,0.02,0,0
5149,JP,JP,NFERT,REALE,0.02,0,0
959,JP,JP,CHEM1,BIOGA,0.02,0,0
1983,JP,JP,ELE11,TOBAC,0.02,0,0
5118,JP,JP,NFERT,DISTR,0.02,0,0
4777,JP,JP,MEMBE,BITUM,0.02,0,0
5241,JP,JP,NONME,COKE1,0.02,0,0
7277,JP,JP,TEXT1,CROPS,0.02,0,0
7685,JP,JP,WHEAT,CROPS,0.02,0,0
6795,JP,JP,RUBBE,CEREA,0.02,0,0
7518,JP,JP,VEGE1,PFERT,0.02,0,0
7037,JP,JP,SECO9,OILSE,0.02,0,0
535,JP,JP,BIOG1,MEATC,0.02,0,0
1848,JP,JP,EDUCA,NFERT,0.02,0,0
3168,JP,JP,FINAN,CHARC,0.02,0,0
4746,JP,JP,MEDIC,NFERT,0.02,0,0
3190,JP,JP,FINAN,ELEC7,0.02,0,0
2695,JP,JP,ELEC6,AUXIL,0.02,0,0
6231,JP,JP,RAILW,STEAM,0.02,0,0
6340,JP,JP,REALE,RAWMI,0.02,0,0
5154,JP,JP,NFERT,SUPPO,0.02,0,0
6211,JP,JP,RAILW,POULT,0.02,0,0
3802,JP,JP,HEAVY,ANIMA,0.02,0,0
4040,JP,JP,INSUR,PLANT,0.02,0,0
4275,JP,JP,LANDT,CHARC,0.02,0,0
4757,JP,JP,MEDIC,RAWMI,0.02,0,0
5698,JP,JP,PLAS1,CROPS,0.02,0,0
2649,JP,JP,ELEC5,NONSP,0.02,0,0
6071,JP,JP,RADIO,CROPS,0.02,0,0
7036,JP,JP,SECO9,FISHF,0.02,0,0
3948,JP,JP,INLAN,WEARI,0.02,0,0
1939,JP,JP,ELE11,MEMBE,0.02,0,0
7026,JP,JP,SEACO,TOBAC,0.02,0,0
5483,JP,JP,PAPE4,CRUDE,0.02,0,0
3329,JP,JP,FOOD3,PIGS9,0.02,0,0
5622,JP,JP,PFERT,CHARC,0.02,0,0
7058,JP,JP,STEAM,ELE11,0.02,0,0
7551,JP,JP,WASTE,FORES,0.02,0,0
624,JP,JP,BITU1,PRECI,0.02,0,0
2645,JP,JP,ELEC5,NFERT,0.02,0,0
7750,JP,JP,WOOD2,RAWMI,0.02,0,0
248,JP,JP,ALUM1,COALT,0.02,0,0
5188,JP,JP,NONF1,KEROS,0.02,0,0
2979,JP,JP,ELECT,FOOD5,0.02,0,0
5487,JP,JP,PAPE4,ELEC6,0.02,0,0
6121,JP,JP,RADIO,REFI1,0.02,0,0
5912,JP,JP,PRINT,BITU1,0.02,0,0
3112,JP,JP,FABRI,PETRO,0.02,0,0
5723,JP,JP,PLAS2,TRAN2,0.02,0,0
3946,JP,JP,INLAN,TEXTI,0.02,0,0
445,JP,JP,AVIAT,RESEA,0.02,0,0
2290,JP,JP,ELEC2,MEATA,0.02,0,0
3708,JP,JP,GLASS,CHARC,0.02,0,0
2822,JP,JP,ELEC7,RETA1,0.02,0,0
4431,JP,JP,LEATH,CATTL,0.02,0,0
4538,JP,JP,LIQUE,ELE12,0.02,0,0
6098,JP,JP,RADIO,LUBRI,0.02,0,0
1971,JP,JP,ELE11,REFI1,0.02,0,0
7101,JP,JP,STEAM,SANDC,0.02,0,0
1730,JP,JP,DISTR,MEATA,0.02,0,0
2698,JP,JP,ELEC6,BIOG1,0.02,0,0
7098,JP,JP,STEAM,REFI1,0.02,0,0
3922,JP,JP,INLAN,HEALT,0.02,0,0
4907,JP,JP,MOTOR,BITUM,0.02,0,0
4742,JP,JP,MEDIC,MEATC,0.02,0,0
7383,JP,JP,TRAN1,COALT,0.02,0,0
1123,JP,JP,COKE1,BITUM,0.02,0,0
5632,JP,JP,PFERT,ELE12,0.02,0,0
766,JP,JP,BUSIN,ELEC7,0.02,0,0
2009,JP,JP,ELE12,COKE1,0.02,0,0
7777,JP,JP,WOODW,ELEC7,0.02,0,0
4037,JP,JP,INSUR,PETRO,0.02,0,0
1934,JP,JP,ELE11,LUBRI,0.02,0,0
4483,JP,JP,LEATH,PIGS9,0.02,0,0
1649,JP,JP,DIST1,PRIVA,0.02,0,0
6324,JP,JP,REALE,NONSP,0.02,0,0
7077,JP,JP,STEAM,LUBRI,0.02,0,0
5493,JP,JP,PAPE4,NFERT,0.02,0,0
1452,JP,JP,CONST,PLANT,0.02,0,0
4608,JP,JP,LIQUE,VEGE1,0.02,0,0
5256,JP,JP,NONME,ELEC6,0.02,0,0
3478,JP,JP,FURNI,BIOG1,0.02,0,0
1115,JP,JP,COALT,TEXTI,0.02,0,0
6397,JP,JP,RECRE,ELEC8,0.02,0,0
3337,JP,JP,FOOD4,BITUM,0.02,0,0
3111,JP,JP,FABRI,PARAF,0.02,0,0
1094,JP,JP,CHEMI,WOODW,0.02,0,0
1229,JP,JP,COKEO,SANDC,0.02,0,0
3710,JP,JP,GLASS,COKEO,0.02,0,0
5495,JP,JP,PAPE4,PIGS9,0.02,0,0
3812,JP,JP,HEAVY,CATTL,0.02,0,0
4445,JP,JP,LEATH,ELE12,0.02,0,0
5415,JP,JP,OXYGE,GASDI,0.02,0,0
7733,JP,JP,WOOD1,MEAT4,0.02,0,0
5128,JP,JP,NFERT,GASDI,0.02,0,0
3240,JP,JP,FINAN,PETRO,0.02,0,0
2457,JP,JP,ELEC3,SUGA1,0.02,0,0
7602,JP,JP,WEARI,ELEC6,0.02,0,0
289,JP,JP,ANIMA,CERAM,0.02,0,0
6891,JP,JP,SALEM,ANIMA,0.02,0,0
3332,JP,JP,FOOD3,RETAI,0.02,0,0
7613,JP,JP,WEARI,GASDI,0.02,0,0
425,JP,JP,AUXIL,STEAM,0.02,0,0
3345,JP,JP,FOOD4,FORES,0.02,0,0
1851,JP,JP,EDUCA,NONSP,0.02,0,0
5336,JP,JP,NONSP,ELEC6,0.02,0,0
5231,JP,JP,NONME,BLAST,0.02,0,0
5380,JP,JP,OILHA,MEAT4,0.02,0,0
1838,JP,JP,EDUCA,MEAT4,0.02,0,0
1314,JP,JP,COMPU,NUCLE,0.02,0,0
1127,JP,JP,COKE1,CEMEN,0.02,0,0
3912,JP,JP,INLAN,BUSIN,0.02,0,0
4036,JP,JP,INSUR,PARAF,0.02,0,0
5886,JP,JP,POULT,GLASS,0.02,0,0
3341,JP,JP,FOOD4,ELE11,0.02,0,0
4396,JP,JP,LEAD1,COALT,0.02,0,0
522,JP,JP,BIOG1,DAIRY,0.02,0,0
5050,JP,JP,NATUR,BITU1,0.02,0,0
3560,JP,JP,FURNI,RAWMI,0.02,0,0
6525,JP,JP,REFIN,STEAM,0.02,0,0
6202,JP,JP,RAILW,OILSE,0.02,0,0
3239,JP,JP,FINAN,PARAF,0.02,0,0
5727,JP,JP,PLAST,CHARC,0.02,0,0
533,JP,JP,BIOG1,LEAD1,0.02,0,0
880,JP,JP,CEMEN,GASDI,0.02,0,0
1916,JP,JP,ELE11,FISHF,0.02,0,0
5486,JP,JP,PAPE4,ELEC5,0.02,0,0
2428,JP,JP,ELEC3,PETRO,0.02,0,0
5155,JP,JP,NFERT,TEXTI,0.02,0,0
5390,JP,JP,OILSE,HEALT,0.02,0,0
1003,JP,JP,CHEM1,INLAN,0.02,0,0
153,JP,JP,AIRTR,ELE11,0.02,0,0
7747,JP,JP,WOOD2,PADDY,0.02,0,0
5593,JP,JP,PARAF,BITUM,0.02,0,0
5251,JP,JP,NONME,ELE11,0.02,0,0
4673,JP,JP,MACHI,COKEO,0.02,0,0
6206,JP,JP,RAILW,PETRO,0.02,0,0
3731,JP,JP,GLASS,MEAT4,0.02,0,0
4092,JP,JP,INTER,INLAN,0.02,0,0
4625,JP,JP,LUBRI,DIST1,0.02,0,0
7753,JP,JP,WOOD2,VEGE1,0.02,0,0
1189,JP,JP,COKE1,WOODW,0.02,0,0
4497,JP,JP,LEATH,RETAI,0.02,0,0
5990,JP,JP,PRINT,PLANT,0.02,0,0
5694,JP,JP,PLANT,FURNI,0.02,0,0
4696,JP,JP,MEATA,POULT,0.02,0,0
6080,JP,JP,RADIO,ELEC5,0.02,0,0
8,JP,JP,93197,BIODI,0.02,0,0
3584,JP,JP,FURNI,WHEAT,0.02,0,0
2116,JP,JP,ELEC1,BIODI,0.02,0,0
4493,JP,JP,LEATH,REALE,0.02,0,0
7326,JP,JP,TEXTI,MEAT1,0.02,0,0
6142,JP,JP,RAILW,BIODI,0.02,0,0
2000,JP,JP,ELE12,BLAST,0.02,0,0
1937,JP,JP,ELE11,MEATP,0.02,0,0
6444,JP,JP,RECRE,POULT,0.02,0,0
5710,JP,JP,PLAS2,CRUDE,0.02,0,0
596,JP,JP,BITU1,ELECT,0.02,0,0
2458,JP,JP,ELEC3,SUGAR,0.02,0,0
6777,JP,JP,RETA1,WHEAT,0.02,0,0
4063,JP,JP,INSUR,STEAM,0.02,0,0
7282,JP,JP,TEXT1,MEAT4,0.02,0,0
7334,JP,JP,TEXTI,OILSE,0.02,0,0
707,JP,JP,BLAST,STEAM,0.02,0,0
5714,JP,JP,PLAS2,ELEC6,0.02,0,0
5498,JP,JP,PAPE4,RETAI,0.02,0,0
1140,JP,JP,COKE1,ELEC2,0.02,0,0
6099,JP,JP,RADIO,MEAT1,0.02,0,0
2427,JP,JP,ELEC3,PARAF,0.02,0,0
2188,JP,JP,ELEC1,PLANT,0.02,0,0
5356,JP,JP,NONSP,PLAST,0.02,0,0
3360,JP,JP,FOOD5,BIODI,0.02,0,0
6205,JP,JP,RAILW,PARAF,0.02,0,0
103,JP,JP,93197,REFIN,0.02,0,0
16,JP,JP,93197,CEREA,0.02,0,0
643,JP,JP,BLAST,93197,0.02,0,0
5703,JP,JP,PLAS1,MEAT4,0.02,0,0
5224,JP,JP,NONFE,SANDC,0.02,0,0
6955,JP,JP,SEACO,COALT,0.02,0,0
3771,JP,JP,HEALT,COKEO,0.02,0,0
7186,JP,JP,SUPPO,ELE11,0.02,0,0
3317,JP,JP,FOOD3,CRUDE,0.02,0,0
7000,JP,JP,SEACO,NONSP,0.02,0,0
3148,JP,JP,FABRI,WHITE,0.02,0,0
3927,JP,JP,INLAN,NATUR,0.02,0,0
6911,JP,JP,SALEM,SUGAR,0.02,0,0
4084,JP,JP,INTER,CROPS,0.02,0,0
2795,JP,JP,ELEC6,SUGA1,0.02,0,0
3790,JP,JP,HEALT,PULP5,0.02,0,0
4174,JP,JP,KERO1,MEATA,0.02,0,0
1073,JP,JP,CHEMI,BIODI,0.02,0,0
4609,JP,JP,LIQUE,VEGET,0.02,0,0
5718,JP,JP,PLAS2,NFERT,0.02,0,0
4729,JP,JP,MEDIC,DAIRY,0.02,0,0
6081,JP,JP,RADIO,ELEC6,0.02,0,0
7278,JP,JP,TEXT1,ELE11,0.02,0,0
7745,JP,JP,WOOD2,LEAD1,0.02,0,0
684,JP,JP,BLAST,NATU1,0.02,0,0
3957,JP,JP,INSUR,BIODI,0.02,0,0
6372,JP,JP,RECRE,BITU1,0.02,0,0
6676,JP,JP,RETA1,COALT,0.02,0,0
564,JP,JP,BIOG1,TOBAC,0.02,0,0
5475,JP,JP,PADDY,PULP5,0.02,0,0
6996,JP,JP,SEACO,NFERT,0.02,0,0
3321,JP,JP,FOOD3,ELEC6,0.02,0,0
4077,JP,JP,INSUR,WHITE,0.02,0,0
5392,JP,JP,OILSE,OILSE,0.02,0,0
1712,JP,JP,DISTR,FOOD5,0.02,0,0
4511,JP,JP,LEATH,WHEAT,0.02,0,0
2468,JP,JP,ELEC3,WHEAT,0.02,0,0
205,JP,JP,AIRTR,PETRO,0.02,0,0
5305,JP,JP,NONME,RETAI,0.02,0,0
526,JP,JP,BIOG1,FISH5,0.02,0,0
5982,JP,JP,PRINT,NONSP,0.02,0,0
7341,JP,JP,TEXTI,POULT,0.02,0,0
2424,JP,JP,ELEC3,OILSE,0.02,0,0
1505,JP,JP,CROPS,LIQUE,0.02,0,0
4692,JP,JP,MEAT4,SANDC,0.02,0,0
3279,JP,JP,FINAN,WHITE,0.02,0,0
5335,JP,JP,NONSP,ELEC2,0.02,0,0
228,JP,JP,AIRTR,STEAM,0.02,0,0
6132,JP,JP,RADIO,VEGE1,0.02,0,0
2164,JP,JP,ELEC1,MEATA,0.02,0,0
2825,JP,JP,ELEC7,SANDC,0.02,0,0
2766,JP,JP,ELEC6,PETRO,0.02,0,0
675,JP,JP,BLAST,LIQUE,0.02,0,0
7219,JP,JP,SUPPO,MEATA,0.02,0,0
7292,JP,JP,TEXT2,PADDY,0.02,0,0
7692,JP,JP,WHITE,BITU1,0.02,0,0
5203,JP,JP,NONF1,PFERT,0.02,0,0
6396,JP,JP,RECRE,ELEC4,0.02,0,0
5840,JP,JP,POSTT,PETRO,0.02,0,0
7297,JP,JP,TEXT2,VEGE1,0.02,0,0
3754,JP,JP,GLASS,SUGA1,0.02,0,0
3322,JP,JP,FOOD3,FISHF,0.02,0,0
6441,JP,JP,RECRE,PIGS9,0.02,0,0
5720,JP,JP,PLAS2,PIGS9,0.02,0,0
3487,JP,JP,FURNI,COALT,0.02,0,0
3931,JP,JP,INLAN,PLAST,0.02,0,0
3942,JP,JP,INLAN,SALEM,0.01,0,0
3327,JP,JP,FOOD3,NFERT,0.01,0,0
7051,JP,JP,STEAM,COKE1,0.01,0,0
3707,JP,JP,GLASS,CERAM,0.01,0,0
1773,JP,JP,DISTR,SUPPO,0.01,0,0
204,JP,JP,AIRTR,PARAF,0.01,0,0
5713,JP,JP,PLAS2,ELEC5,0.01,0,0
7410,JP,JP,TRAN1,MEATA,0.01,0,0
5229,JP,JP,NONME,BIODI,0.01,0,0
2796,JP,JP,ELEC6,SUGAR,0.01,0,0
1107,JP,JP,COALT,LIQUE,0.01,0,0
5143,JP,JP,NFERT,PFERT,0.01,0,0
3738,JP,JP,GLASS,PAPER,0.01,0,0
2422,JP,JP,ELEC3,NUCLE,0.01,0,0
7749,JP,JP,WOOD2,POULT,0.01,0,0
5618,JP,JP,PFERT,BIOG1,0.01,0,0
887,JP,JP,CEMEN,NFERT,0.01,0,0
2765,JP,JP,ELEC6,PARAF,0.01,0,0
2248,JP,JP,ELEC2,CHARC,0.01,0,0
7541,JP,JP,WASTE,BITUM,0.01,0,0
4750,JP,JP,MEDIC,OXYGE,0.01,0,0
2469,JP,JP,ELEC3,WHITE,0.01,0,0
716,JP,JP,BLAST,WOODW,0.01,0,0
5839,JP,JP,POSTT,PARAF,0.01,0,0
1693,JP,JP,DISTR,CHARC,0.01,0,0
5684,JP,JP,PIGS9,FORES,0.01,0,0
540,JP,JP,BIOG1,NATUR,0.01,0,0
5219,JP,JP,NONFE,NFERT,0.01,0,0
6242,JP,JP,RAILW,WHITE,0.01,0,0
1472,JP,JP,CONST,SUPPO,0.01,0,0
5843,JP,JP,POSTT,PLANT,0.01,0,0
5712,JP,JP,PLAS2,ELE12,0.01,0,0
942,JP,JP,CEREA,CROPS,0.01,0,0
1214,JP,JP,COKEO,GLASS,0.01,0,0
7765,JP,JP,WOODW,CEMEN,0.01,0,0
6332,JP,JP,REALE,PLANT,0.01,0,0
7265,JP,JP,SUPPO,TOBAC,0.01,0,0
1272,JP,JP,COMPU,ELEC7,0.01,0,0
401,JP,JP,AUXIL,PLANT,0.01,0,0
2817,JP,JP,ELEC7,PAPER,0.01,0,0
3320,JP,JP,FOOD3,ELEC5,0.01,0,0
2671,JP,JP,ELEC5,REFIN,0.01,0,0
3938,JP,JP,INLAN,RECRE,0.01,0,0
6266,JP,JP,REALE,CHARC,0.01,0,0
4587,JP,JP,LIQUE,PREC1,0.01,0,0
5123,JP,JP,NFERT,ELEC8,0.01,0,0
4566,JP,JP,LIQUE,MEAT1,0.01,0,0
5087,JP,JP,NATUR,NONSP,0.01,0,0
461,JP,JP,BASIC,FORES,0.01,0,0
82,JP,JP,93197,OXYGE,0.01,0,0
7290,JP,JP,TEXT2,LEAD1,0.01,0,0
7740,JP,JP,WOOD2,CATTL,0.01,0,0
7183,JP,JP,SUPPO,DIST1,0.01,0,0
5355,JP,JP,NONSP,PFERT,0.01,0,0
676,JP,JP,BLAST,MEAT4,0.01,0,0
2278,JP,JP,ELEC2,INLAN,0.01,0,0
7544,JP,JP,WASTE,CROPS,0.01,0,0
3867,JP,JP,HEAVY,NUCLE,0.01,0,0
6402,JP,JP,RECRE,FISHF,0.01,0,0
4606,JP,JP,LIQUE,TRAN1,0.01,0,0
7725,JP,JP,WOOD1,ANIMA,0.01,0,0
1874,JP,JP,EDUCA,SUGA1,0.01,0,0
5631,JP,JP,PFERT,ELE11,0.01,0,0
3900,JP,JP,HEAVY,SUGAR,0.01,0,0
6208,JP,JP,RAILW,PLANT,0.01,0,0
2044,JP,JP,ELE12,MEAT4,0.01,0,0
5370,JP,JP,OILHA,ANIMA,0.01,0,0
3444,JP,JP,FOUND,COKEO,0.01,0,0
5451,JP,JP,OXYGE,SANDC,0.01,0,0
4451,JP,JP,LEATH,ELEC6,0.01,0,0
2806,JP,JP,ELEC6,WHEAT,0.01,0,0
3913,JP,JP,INLAN,CHEM1,0.01,0,0
6437,JP,JP,RECRE,OILSE,0.01,0,0
1996,JP,JP,ELE12,AUXIL,0.01,0,0
491,JP,JP,BEVER,ANIMA,0.01,0,0
1118,JP,JP,COKE1,93197,0.01,0,0
5488,JP,JP,PAPE4,FISHF,0.01,0,0
2761,JP,JP,ELEC6,OILSE,0.01,0,0
6101,JP,JP,RADIO,MEATP,0.01,0,0
6948,JP,JP,SEACO,BITUM,0.01,0,0
4117,JP,JP,KERO1,BIODI,0.01,0,0
5722,JP,JP,PLAS2,RETAI,0.01,0,0
6395,JP,JP,RECRE,ELEC3,0.01,0,0
7546,JP,JP,WASTE,ELE11,0.01,0,0
7146,JP,JP,SUGA1,SANDC,0.01,0,0
4700,JP,JP,MEATC,GLASS,0.01,0,0
3945,JP,JP,INLAN,SUPPO,0.01,0,0
7046,JP,JP,STEAM,BLAST,0.01,0,0
6344,JP,JP,REALE,REFIN,0.01,0,0
3770,JP,JP,HEALT,COKE1,0.01,0,0
4987,JP,JP,NAPHT,BIOGA,0.01,0,0
6368,JP,JP,RECRE,ANIMA,0.01,0,0
7752,JP,JP,WOOD2,TRAN2,0.01,0,0
6574,JP,JP,RESEA,ELEC7,0.01,0,0
3928,JP,JP,INLAN,NONFE,0.01,0,0
1157,JP,JP,COKE1,NATU1,0.01,0,0
4,JP,JP,93197,ANIMA,0.01,0,0
3937,JP,JP,INLAN,RADIO,0.01,0,0
3934,JP,JP,INLAN,PRINT,0.01,0,0
625,JP,JP,BITU1,PROCE,0.01,0,0
238,JP,JP,AIRTR,WHITE,0.01,0,0
4997,JP,JP,NAPHT,FOOD5,0.01,0,0
7294,JP,JP,TEXT2,POULT,0.01,0,0
3944,JP,JP,INLAN,STONE,0.01,0,0
1865,JP,JP,EDUCA,REFIN,0.01,0,0
6431,JP,JP,RECRE,NFERT,0.01,0,0
3339,JP,JP,FOOD4,CROPS,0.01,0,0
6382,JP,JP,RECRE,COALT,0.01,0,0
6059,JP,JP,RADIO,BITU1,0.01,0,0
4508,JP,JP,LEATH,VEGE1,0.01,0,0
2807,JP,JP,ELEC6,WHITE,0.01,0,0
7742,JP,JP,WOOD2,ELE12,0.01,0,0
3935,JP,JP,INLAN,PRIVA,0.01,0,0
6111,JP,JP,RADIO,OXYGE,0.01,0,0
130,JP,JP,AIRTR,BIODI,0.01,0,0
5877,JP,JP,POSTT,WHITE,0.01,0,0
7276,JP,JP,TEXT1,ANIMA,0.01,0,0
7478,JP,JP,TRANS,93197,0.01,0,0
6756,JP,JP,RETA1,REFI1,0.01,0,0
7328,JP,JP,TEXTI,MEATP,0.01,0,0
3546,JP,JP,FURNI,OILSE,0.01,0,0
5624,JP,JP,PFERT,COALT,0.01,0,0
6373,JP,JP,RECRE,BITUM,0.01,0,0
4094,JP,JP,INTER,MEAT4,0.01,0,0
553,JP,JP,BIOG1,PULP5,0.01,0,0
5077,JP,JP,NATUR,MEAT4,0.01,0,0
6435,JP,JP,RECRE,NONSP,0.01,0,0
1546,JP,JP,DAIRY,BIODI,0.01,0,0
1890,JP,JP,ELE11,BITU1,0.01,0,0
516,JP,JP,BIOG1,CEMEN,0.01,0,0
7044,JP,JP,STEAM,BITU1,0.01,0,0
7736,JP,JP,WOOD1,STEAM,0.01,0,0
302,JP,JP,ANIMA,PLANT,0.01,0,0
3555,JP,JP,FURNI,PRIVA,0.01,0,0
7287,JP,JP,TEXT2,ELE12,0.01,0,0
572,JP,JP,BITU1,AVIAT,0.01,0,0
6719,JP,JP,RETA1,LUBRI,0.01,0,0
3323,JP,JP,FOOD3,FORES,0.01,0,0
5696,JP,JP,PLAS1,ANIMA,0.01,0,0
5608,JP,JP,PARAF,PETRO,0.01,0,0
7493,JP,JP,VEGE1,BIODI,0.01,0,0
4966,JP,JP,MOTOR,REFI1,0.01,0,0
3661,JP,JP,GASDI,PLANT,0.01,0,0
4081,JP,JP,INTER,ANIMA,0.01,0,0
7285,JP,JP,TEXT2,CATTL,0.01,0,0
4812,JP,JP,MEMBE,FOOD5,0.01,0,0
244,JP,JP,ALUM1,BIODI,0.01,0,0
4620,JP,JP,LUBRI,CEREA,0.01,0,0
5424,JP,JP,OXYGE,MEATP,0.01,0,0
7165,JP,JP,SUPPO,BIODI,0.01,0,0
6876,JP,JP,RUBBE,SUGA1,0.01,0,0
1180,JP,JP,COKE1,SANDC,0.01,0,0
4236,JP,JP,KERO1,WOOLS,0.01,0,0
5384,JP,JP,OILHA,STEAM,0.01,0,0
4941,JP,JP,MOTOR,LUBRI,0.01,0,0
1846,JP,JP,EDUCA,NATU1,0.01,0,0
7033,JP,JP,SECO9,ANIMA,0.01,0,0
3454,JP,JP,FOUND,INLAN,0.01,0,0
7712,JP,JP,WHITE,NONSP,0.01,0,0
5210,JP,JP,NONF1,SANDC,0.01,0,0
1555,JP,JP,DAIRY,GLASS,0.01,0,0
2812,JP,JP,ELEC7,FOOD5,0.01,0,0
867,JP,JP,CEMEN,BRICK,0.01,0,0
477,JP,JP,BASIC,POULT,0.01,0,0
735,JP,JP,BUSIN,BIOGA,0.01,0,0
3766,JP,JP,HEALT,BLAST,0.01,0,0
4854,JP,JP,MEMBE,PETRO,0.01,0,0
5607,JP,JP,PARAF,PARAF,0.01,0,0
7697,JP,JP,WHITE,COALT,0.01,0,0
539,JP,JP,BIOG1,MOTOR,0.01,0,0
6015,JP,JP,PRINT,SUGAR,0.01,0,0
4603,JP,JP,LIQUE,STONE,0.01,0,0
5702,JP,JP,PLAS1,INLAN,0.01,0,0
2826,JP,JP,ELEC7,SUGA1,0.01,0,0
5334,JP,JP,NONSP,ELEC1,0.01,0,0
7296,JP,JP,TEXT2,TRAN2,0.01,0,0
6895,JP,JP,SALEM,COKEO,0.01,0,0
5742,JP,JP,PLAST,PLANT,0.01,0,0
292,JP,JP,ANIMA,FOOD5,0.01,0,0
3941,JP,JP,INLAN,RUBBE,0.01,0,0
7153,JP,JP,SUGAR,PIGS9,0.01,0,0
926,JP,JP,CERAM,OXYGE,0.01,0,0
17,JP,JP,93197,CHARC,0.01,0,0
1139,JP,JP,COKE1,ELEC1,0.01,0,0
6767,JP,JP,RETA1,SUGAR,0.01,0,0
1151,JP,JP,COKE1,MEAT4,0.01,0,0
7016,JP,JP,SEACO,REFIN,0.01,0,0
2124,JP,JP,ELEC1,CHARC,0.01,0,0
6149,JP,JP,RAILW,CHARC,0.01,0,0
4549,JP,JP,LIQUE,FISHF,0.01,0,0
872,JP,JP,CEMEN,COKE1,0.01,0,0
5121,JP,JP,NFERT,ELEC4,0.01,0,0
6331,JP,JP,REALE,PIGS9,0.01,0,0
4568,JP,JP,LIQUE,MEATP,0.01,0,0
3346,JP,JP,FOOD4,INLAN,0.01,0,0
4392,JP,JP,LEAD1,BIODI,0.01,0,0
7574,JP,JP,WEARI,BIOG1,0.01,0,0
6851,JP,JP,RUBBE,PETRO,0.01,0,0
4853,JP,JP,MEMBE,PARAF,0.01,0,0
121,JP,JP,93197,WHEAT,0.01,0,0
7741,JP,JP,WOOD2,CRUDE,0.01,0,0
2819,JP,JP,ELEC7,PUBLI,0.01,0,0
2818,JP,JP,ELEC7,PLAST,0.01,0,0
3365,JP,JP,FOOD5,CHARC,0.01,0,0
7283,JP,JP,TEXT1,STEAM,0.01,0,0
514,JP,JP,BIOG1,BRICK,0.01,0,0
2843,JP,JP,ELEC8,CEREA,0.01,0,0
7744,JP,JP,WOOD2,ELEC6,0.01,0,0
2485,JP,JP,ELEC4,CEREA,0.01,0,0
1744,JP,JP,DISTR,NUCLE,0.01,0,0
7402,JP,JP,TRAN1,INLAN,0.01,0,0
7071,JP,JP,STEAM,INLAN,0.01,0,0
7314,JP,JP,TEXTI,FISH5,0.01,0,0
2152,JP,JP,ELEC1,INLAN,0.01,0,0
5489,JP,JP,PAPE4,FORES,0.01,0,0
988,JP,JP,CHEM1,ELEC5,0.01,0,0
4677,JP,JP,MEAT1,GLASS,0.01,0,0
398,JP,JP,AUXIL,PETRO,0.01,0,0
5706,JP,JP,PLAS1,STEAM,0.01,0,0
6469,JP,JP,RECRE,TRAN1,0.01,0,0
6005,JP,JP,PRINT,REFIN,0.01,0,0
5365,JP,JP,OFFIC,COKEO,0.01,0,0
1076,JP,JP,CHEMI,CHARC,0.01,0,0
5026,JP,JP,NATU1,CHEM1,0.01,0,0
5479,JP,JP,PAPE4,BITUM,0.01,0,0
5406,JP,JP,OXYGE,CRUDE,0.01,0,0
2093,JP,JP,ELE12,SUGA1,0.01,0,0
6850,JP,JP,RUBBE,PARAF,0.01,0,0
6045,JP,JP,PULP5,LIQUE,0.01,0,0
5715,JP,JP,PLAS2,FISHF,0.01,0,0
131,JP,JP,AIRTR,BIOG1,0.01,0,0
4588,JP,JP,LIQUE,PRECI,0.01,0,0
3918,JP,JP,INLAN,FABRI,0.01,0,0
600,JP,JP,BITU1,FOUND,0.01,0,0
3968,JP,JP,INSUR,CHARC,0.01,0,0
4753,JP,JP,MEDIC,PIGS9,0.01,0,0
6219,JP,JP,RAILW,RAWMI,0.01,0,0
1230,JP,JP,COKEO,STONE,0.01,0,0
1575,JP,JP,DIST1,BIODI,0.01,0,0
5312,JP,JP,NONME,SUPPO,0.01,0,0
3425,JP,JP,FORES,LIQUE,0.01,0,0
7154,JP,JP,SUGAR,RAWMI,0.01,0,0
7746,JP,JP,WOOD2,NFERT,0.01,0,0
1521,JP,JP,CROPS,SALEM,0.01,0,0
541,JP,JP,BIOG1,NFERT,0.01,0,0
1899,JP,JP,ELE11,COALT,0.01,0,0
4592,JP,JP,LIQUE,PULP5,0.01,0,0
5140,JP,JP,NFERT,OXYGE,0.01,0,0
397,JP,JP,AUXIL,PARAF,0.01,0,0
3233,JP,JP,FINAN,NUCLE,0.01,0,0
7050,JP,JP,STEAM,COALT,0.01,0,0
4516,JP,JP,LIQUE,AVIAT,0.01,0,0
5484,JP,JP,PAPE4,ELE11,0.01,0,0
7447,JP,JP,TRAN2,BIOG1,0.01,0,0
4542,JP,JP,LIQUE,ELEC5,0.01,0,0
496,JP,JP,BEVER,CROPS,0.01,0,0
5611,JP,JP,PARAF,WHITE,0.01,0,0
2064,JP,JP,ELE12,PETRO,0.01,0,0
5122,JP,JP,NFERT,ELEC6,0.01,0,0
866,JP,JP,CEMEN,BLAST,0.01,0,0
7748,JP,JP,WOOD2,PIGS9,0.01,0,0
5636,JP,JP,PFERT,ELEC5,0.01,0,0
4857,JP,JP,MEMBE,PLANT,0.01,0,0
7738,JP,JP,WOOD1,SUGAR,0.01,0,0
7151,JP,JP,SUGAR,CATTL,0.01,0,0
581,JP,JP,BITU1,CHEMI,0.01,0,0
4474,JP,JP,LEATH,MOTOR,0.01,0,0
4503,JP,JP,LEATH,SUGAR,0.01,0,0
5238,JP,JP,NONME,CHARC,0.01,0,0
6110,JP,JP,RADIO,NONSP,0.01,0,0
5386,JP,JP,OILHA,SUGAR,0.01,0,0
7286,JP,JP,TEXT2,CRUDE,0.01,0,0
3563,JP,JP,FURNI,REFI1,0.01,0,0
7325,JP,JP,TEXTI,LIQUE,0.01,0,0
4450,JP,JP,LEATH,ELEC5,0.01,0,0
1979,JP,JP,ELE11,STEAM,0.01,0,0
5097,JP,JP,NATUR,REFIN,0.01,0,0
2094,JP,JP,ELE12,SUGAR,0.01,0,0
7289,JP,JP,TEXT2,ELEC6,0.01,0,0
7743,JP,JP,WOOD2,ELEC5,0.01,0,0
7398,JP,JP,TRAN1,FOOD5,0.01,0,0
6106,JP,JP,RADIO,NFERT,0.01,0,0
4893,JP,JP,MEMBE,WHITE,0.01,0,0
3530,JP,JP,FURNI,LUBRI,0.01,0,0
1949,JP,JP,ELE11,NONSP,0.01,0,0
2820,JP,JP,ELEC7,RAILW,0.01,0,0
6066,JP,JP,RADIO,COALT,0.01,0,0
7091,JP,JP,STEAM,NONSP,0.01,0,0
626,JP,JP,BITU1,RADIO,0.01,0,0
3921,JP,JP,INLAN,FURNI,0.01,0,0
2063,JP,JP,ELE12,PARAF,0.01,0,0
4490,JP,JP,LEATH,PULP5,0.01,0,0
4774,JP,JP,MEMBE,BIODI,0.01,0,0
1945,JP,JP,ELE11,NFERT,0.01,0,0
641,JP,JP,BITUM,PRINT,0.01,0,0
4722,JP,JP,MEDIC,CEREA,0.01,0,0
5399,JP,JP,OXYGE,CEMEN,0.01,0,0
207,JP,JP,AIRTR,PLANT,0.01,0,0
2235,JP,JP,ELEC2,AVIAT,0.01,0,0
3477,JP,JP,FURNI,BIODI,0.01,0,0
1680,JP,JP,DISTR,AVIAT,0.01,0,0
7291,JP,JP,TEXT2,NFERT,0.01,0,0
4574,JP,JP,LIQUE,NATUR,0.01,0,0
5303,JP,JP,NONME,REFI1,0.01,0,0
1227,JP,JP,COKEO,RADIO,0.01,0,0
4130,JP,JP,KERO1,COKE1,0.01,0,0
1951,JP,JP,ELE11,OXYGE,0.01,0,0
6354,JP,JP,REALE,SUGAR,0.01,0,0
6887,JP,JP,RUBBE,WHITE,0.01,0,0
7300,JP,JP,TEXTI,ANIMA,0.01,0,0
3875,JP,JP,HEAVY,PLANT,0.01,0,0
2356,JP,JP,ELEC2,WOOLS,0.01,0,0
2899,JP,JP,ELEC8,OXYGE,0.01,0,0
5274,JP,JP,NONME,LUBRI,0.01,0,0
1785,JP,JP,DISTR,WOOLS,0.01,0,0
6075,JP,JP,RADIO,ELE11,0.01,0,0
2635,JP,JP,ELEC5,MEAT4,0.01,0,0
5708,JP,JP,PLAS2,BITUM,0.01,0,0
6742,JP,JP,RETA1,PLANT,0.01,0,0
1805,JP,JP,EDUCA,CROPS,0.01,0,0
2104,JP,JP,ELE12,WHEAT,0.01,0,0
3685,JP,JP,GASDI,SUGA1,0.01,0,0
7284,JP,JP,TEXT1,SUGAR,0.01,0,0
4126,JP,JP,KERO1,CHARC,0.01,0,0
439,JP,JP,AUXIL,WHITE,0.01,0,0
2815,JP,JP,ELEC7,HOTEL,0.01,0,0
7751,JP,JP,WOOD2,RETAI,0.01,0,0
6897,JP,JP,SALEM,CROPS,0.01,0,0
4741,JP,JP,MEDIC,MEAT1,0.01,0,0
3313,JP,JP,FOOD3,BITUM,0.01,0,0
2590,JP,JP,ELEC5,AUXIL,0.01,0,0
2816,JP,JP,ELEC7,MOTO1,0.01,0,0
3929,JP,JP,INLAN,NONME,0.01,0,0
1657,JP,JP,DIST1,REFI1,0.01,0,0
5707,JP,JP,PLAS1,SUGAR,0.01,0,0
3310,JP,JP,FISHF,SANDC,0.01,0,0
7293,JP,JP,TEXT2,PIGS9,0.01,0,0
6047,JP,JP,PULP5,PLANT,0.01,0,0
5109,JP,JP,NFERT,BIODI,0.01,0,0
5417,JP,JP,OXYGE,HEAVY,0.01,0,0
4760,JP,JP,MEDIC,SUGAR,0.01,0,0
1625,JP,JP,DIST1,LUBRI,0.01,0,0
6456,JP,JP,RECRE,REFIN,0.01,0,0
5130,JP,JP,NFERT,HEAVY,0.01,0,0
112,JP,JP,93197,SUGA1,0.01,0,0
6539,JP,JP,RESEA,AVIAT,0.01,0,0
1117,JP,JP,COALT,WOODW,0.01,0,0
5716,JP,JP,PLAS2,FORES,0.01,0,0
7152,JP,JP,SUGAR,FOOD5,0.01,0,0
5711,JP,JP,PLAS2,ELE11,0.01,0,0
5402,JP,JP,OXYGE,COALT,0.01,0,0
7288,JP,JP,TEXT2,ELEC5,0.01,0,0
3404,JP,JP,FOOD5,WHEAT,0.01,0,0
7420,JP,JP,TRAN1,NUCLE,0.01,0,0
7540,JP,JP,WASTE,ANIMA,0.01,0,0
7616,JP,JP,WEARI,HEAVY,0.01,0,0
2823,JP,JP,ELEC7,RUBBE,0.01,0,0
3316,JP,JP,FOOD3,CROPS,0.01,0,0
5329,JP,JP,NONSP,CHEM1,0.01,0,0
5596,JP,JP,PARAF,DIST1,0.01,0,0
7829,JP,JP,WOODW,SUGAR,0.01,0,0
7521,JP,JP,VEGE1,REFI1,0.01,0,0
1911,JP,JP,ELE11,ELE11,0.01,0,0
7239,JP,JP,SUPPO,PLANT,0.01,0,0
3420,JP,JP,FORES,GLASS,0.01,0,0
530,JP,JP,BIOG1,GASDI,0.01,0,0
5393,JP,JP,OILSE,RAWMI,0.01,0,0
139,JP,JP,AIRTR,CHARC,0.01,0,0
3920,JP,JP,INLAN,FOOD5,0.01,0,0
7552,JP,JP,WASTE,INLAN,0.01,0,0
6495,JP,JP,REFIN,AVIAT,0.01,0,0
2105,JP,JP,ELE12,WHITE,0.01,0,0
5028,JP,JP,NATU1,COKE1,0.01,0,0
7510,JP,JP,VEGE1,LUBRI,0.01,0,0
7721,JP,JP,WHITE,REFIN,0.01,0,0
1548,JP,JP,DAIRY,CHARC,0.01,0,0
7369,JP,JP,TOBAC,PRIVA,0.01,0,0
7338,JP,JP,TEXTI,PIGS9,0.01,0,0
7039,JP,JP,SECO9,VEGET,0.01,0,0
4527,JP,JP,LIQUE,CHEMI,0.01,0,0
5517,JP,JP,PAPER,COALT,0.01,0,0
6263,JP,JP,REALE,CATTL,0.01,0,0
4119,JP,JP,KERO1,BLAST,0.01,0,0
3348,JP,JP,FOOD4,MEAT4,0.01,0,0
881,JP,JP,CEMEN,HEAVY,0.01,0,0
4594,JP,JP,LIQUE,RAWMI,0.01,0,0
2814,JP,JP,ELEC7,HEALT,0.01,0,0
4102,JP,JP,INTER,STEAM,0.01,0,0
7495,JP,JP,VEGE1,CHARC,0.01,0,0
7832,JP,JP,WOODW,TOBAC,0.01,0,0
507,JP,JP,BEVER,RECRE,0.01,0,0
7066,JP,JP,STEAM,FOOD5,0.01,0,0
3318,JP,JP,FOOD3,ELE11,0.01,0,0
2813,JP,JP,ELEC7,FURNI,0.01,0,0
5101,JP,JP,NATUR,SUGA1,0.01,0,0
6328,JP,JP,REALE,PADDY,0.01,0,0
246,JP,JP,ALUM1,CHARC,0.01,0,0
7173,JP,JP,SUPPO,CHARC,0.01,0,0
7122,JP,JP,STONE,LIQUE,0.01,0,0
7136,JP,JP,SUGA1,FOOD5,0.01,0,0
5156,JP,JP,NFERT,TRAN1,0.01,0,0
3749,JP,JP,GLASS,RETAI,0.01,0,0
6894,JP,JP,SALEM,CEREA,0.01,0,0
6666,JP,JP,RETA1,BITU1,0.01,0,0
2824,JP,JP,ELEC7,SALEM,0.01,0,0
2811,JP,JP,ELEC7,EDUCA,0.01,0,0
647,JP,JP,BLAST,BITUM,0.01,0,0
2827,JP,JP,ELEC7,SUPPO,0.01,0,0
7739,JP,JP,WOOD1,WHEAT,0.01,0,0
7295,JP,JP,TEXT2,RETAI,0.01,0,0
4906,JP,JP,MOTOR,BITU1,0.01,0,0
856,JP,JP,CATTL,MEATA,0.01,0,0
5419,JP,JP,OXYGE,KERO1,0.01,0,0
5288,JP,JP,NONME,OXYGE,0.01,0,0
5387,JP,JP,OILHA,WHEAT,0.01,0,0
5131,JP,JP,NFERT,KERO1,0.01,0,0
7573,JP,JP,WEARI,BIODI,0.01,0,0
86,JP,JP,93197,PETRO,0.01,0,0
4763,JP,JP,MEDIC,VEGE1,0.01,0,0
4486,JP,JP,LEATH,POULT,0.01,0,0
4719,JP,JP,MEDIC,CATTL,0.01,0,0
1114,JP,JP,COALT,STONE,0.01,0,0
7621,JP,JP,WEARI,KERO1,0.01,0,0
5422,JP,JP,OXYGE,LIQUE,0.01,0,0
4519,JP,JP,LIQUE,BIODI,0.01,0,0
5323,JP,JP,NONSP,AVIAT,0.01,0,0
5482,JP,JP,PAPE4,CROPS,0.01,0,0
5215,JP,JP,NONFE,BIODI,0.01,0,0
6393,JP,JP,RECRE,ELE12,0.01,0,0
4394,JP,JP,LEAD1,CHARC,0.01,0,0
618,JP,JP,BITU1,OFFIC,0.01,0,0
7533,JP,JP,VEGET,LIQUE,0.01,0,0
7737,JP,JP,WOOD1,SUGA1,0.01,0,0
696,JP,JP,BLAST,PRIVA,0.01,0,0
1218,JP,JP,COKEO,LIQUE,0.01,0,0
81,JP,JP,93197,OILSE,0.01,0,0
615,JP,JP,BITU1,NONFE,0.01,0,0
3803,JP,JP,HEAVY,AUXIL,0.01,0,0
5429,JP,JP,OXYGE,NAPHT,0.01,0,0
6902,JP,JP,SALEM,OILSE,0.01,0,0
5135,JP,JP,NFERT,NAPHT,0.01,0,0
5025,JP,JP,NATU1,BLAST,0.01,0,0
6049,JP,JP,PULP5,SANDC,0.01,0,0
2113,JP,JP,ELEC1,AVIAT,0.01,0,0
85,JP,JP,93197,PARAF,0.01,0,0
3409,JP,JP,FORES,CERAM,0.01,0,0
4434,JP,JP,LEATH,CEREA,0.01,0,0
882,JP,JP,CEMEN,KERO1,0.01,0,0
5385,JP,JP,OILHA,SUGA1,0.01,0,0
7635,JP,JP,WEARI,NAPHT,0.01,0,0
3940,JP,JP,INLAN,RETA1,0.01,0,0
954,JP,JP,CHEM1,AVIAT,0.01,0,0
4297,JP,JP,LANDT,ELEC7,0.01,0,0
7137,JP,JP,SUGA1,LIQUE,0.01,0,0
2835,JP,JP,ELEC8,BIODI,0.01,0,0
3336,JP,JP,FOOD4,ANIMA,0.01,0,0
