trade_id,region1,region2,industry1,industry2,amount,total_employment_value,employment_count,unique_employment_factors,economic/employment,employment_intensity
3846,CA,CA,HEALT,PUBLI,39081.01,830.0,1.0,1.0,830.0,0.021238
6999,CA,CA,RETA1,EDUCA,15832.13,323.0,1.0,1.0,323.0,0.020402
7269,CA,CA,SALEM,CONST,15520.46,318.0,1.0,1.0,318.0,0.020489
1694,CA,CA,CRUDE,CRUDE,43823.41,273.0,1.0,1.0,273.0,0.00623
7022,CA,CA,RETA1,HEALT,13064.71,267.0,1.0,1.0,267.0,0.020437
259,CA,CA,AUXIL,AUXIL,23366.96,260.0,1.0,1.0,260.0,0.011127
7698,CA,CA,SUPPO,EDUCA,13285.46,225.0,1.0,1.0,225.0,0.016936
7065,CA,CA,RETA1,PUBLI,10280.92,210.0,1.0,1.0,210.0,0.020426
6500,CA,CA,RAWMI,DAIRY,8082.24,159.0,1.0,1.0,159.0,0.019673
3433,CA,CA,FORES,WOODW,9728.39,151.0,1.0,1.0,151.0,0.015522
5391,CA,CA,NONME,CONST,10797.05,147.0,1.0,1.0,147.0,0.013615
3830,CA,CA,HEALT,HEALT,6896.4,146.0,1.0,1.0,146.0,0.02117
8261,CA,CA,WOODW,CONST,7393.17,113.0,1.0,1.0,113.0,0.015284
7276,CA,CA,SALEM,EDUCA,5301.73,109.0,1.0,1.0,109.0,0.020559
4319,CA,CA,LANDT,LANDT,10933.53,101.0,1.0,1.0,101.0,0.009238
6932,CA,CA,RESEA,PUBLI,4964.26,98.0,1.0,1.0,98.0,0.019741
5017,CA,CA,MOTO1,MOTO1,7597.25,98.0,1.0,1.0,98.0,0.012899
835,CA,CA,CATTL,MEATC,4704.37,96.0,1.0,1.0,96.0,0.020407
417,CA,CA,BASIC,BASIC,6713.27,94.0,1.0,1.0,94.0,0.014002
709,CA,CA,BUSIN,CRUDE,4930.87,94.0,1.0,1.0,94.0,0.019064
281,CA,CA,AUXIL,CONST,8242.53,92.0,1.0,1.0,92.0,0.011162
3316,CA,CA,FOOD5,FOOD5,6418.12,90.0,1.0,1.0,90.0,0.014023
695,CA,CA,BUSIN,BUSIN,4501.21,86.0,1.0,1.0,86.0,0.019106
332,CA,CA,AUXIL,MOTO1,6966.91,78.0,1.0,1.0,78.0,0.011196
5856,CA,CA,PIGS9,MEATP,3829.09,77.0,1.0,1.0,77.0,0.020109
4373,CA,CA,LANDT,SUPPO,7687.07,71.0,1.0,1.0,71.0,0.009236
7299,CA,CA,SALEM,HEALT,3444.09,71.0,1.0,1.0,71.0,0.020615
784,CA,CA,BUSIN,REALE,3693.9,70.0,1.0,1.0,70.0,0.01895
3116,CA,CA,FINAN,CONST,9087.6,69.0,1.0,1.0,69.0,0.007593
684,CA,CA,BUSIN,AUXIL,3473.84,66.0,1.0,1.0,66.0,0.018999
1751,CA,CA,DAIRY,DAIRY,3534.68,64.0,1.0,1.0,64.0,0.018106
7243,CA,CA,SALEM,93197,3015.77,62.0,1.0,1.0,62.0,0.020559
7376,CA,CA,SALEM,WOODW,3033.88,62.0,1.0,1.0,62.0,0.020436
7342,CA,CA,SALEM,PUBLI,3036.74,62.0,1.0,1.0,62.0,0.020417
7757,CA,CA,SUPPO,RECRE,3578.75,61.0,1.0,1.0,61.0,0.017045
7293,CA,CA,SALEM,FORES,2923.58,60.0,1.0,1.0,60.0,0.020523
502,CA,CA,BEVER,BEVER,3940.74,57.0,1.0,1.0,57.0,0.014464
284,CA,CA,AUXIL,CRUDE,4980.02,56.0,1.0,1.0,56.0,0.011245
1715,CA,CA,CRUDE,MOTOR,9003.86,56.0,1.0,1.0,56.0,0.00622
8224,CA,CA,WHOLE,RADIO,2382.52,55.0,1.0,1.0,55.0,0.023085
7720,CA,CA,SUPPO,LANDT,3167.27,54.0,1.0,1.0,54.0,0.017049
6678,CA,CA,RECRE,COMPU,3809.14,53.0,1.0,1.0,53.0,0.013914
6060,CA,CA,POULT,MEAT1,2254.3,53.0,1.0,1.0,53.0,0.023511
4089,CA,CA,INSUR,INSUR,8654.83,51.0,1.0,1.0,51.0,0.005893
7518,CA,CA,SEACO,SEACO,2542.93,51.0,1.0,1.0,51.0,0.020056
3623,CA,CA,GASDI,CONST,5223.67,49.0,1.0,1.0,49.0,0.00938
3237,CA,CA,FISH5,FISH5,974.42,48.0,1.0,1.0,48.0,0.04926
736,CA,CA,BUSIN,HEALT,2519.25,48.0,1.0,1.0,48.0,0.019053
7479,CA,CA,SEACO,HOTEL,2411.15,48.0,1.0,1.0,48.0,0.019908
817,CA,CA,CATTL,CATTL,2298.05,47.0,1.0,1.0,47.0,0.020452
8219,CA,CA,WHOLE,PAPER,2029.68,47.0,1.0,1.0,47.0,0.023156
3936,CA,CA,HYDRO,MOTOR,5480.92,45.0,1.0,1.0,45.0,0.00821
1701,CA,CA,CRUDE,GASDI,7013.41,44.0,1.0,1.0,44.0,0.006274
6142,CA,CA,PRINT,EDUCA,3338.43,43.0,1.0,1.0,43.0,0.01288
1324,CA,CA,COMPU,COMPU,2146.62,43.0,1.0,1.0,43.0,0.020031
1526,CA,CA,CONST,PUBLI,3126.25,43.0,1.0,1.0,43.0,0.013754
6747,CA,CA,RECRE,PUBLI,3098.73,43.0,1.0,1.0,43.0,0.013877
301,CA,CA,AUXIL,FINAN,3834.68,43.0,1.0,1.0,43.0,0.011213
7864,CA,CA,TEXTI,WEARI,2845.69,42.0,1.0,1.0,42.0,0.014759
7144,CA,CA,RUBBE,CONST,3029.8,41.0,1.0,1.0,41.0,0.013532
7859,CA,CA,TEXTI,TEXTI,2669.23,39.0,1.0,1.0,39.0,0.014611
148,CA,CA,ALUM1,ALUM1,2893.72,38.0,1.0,1.0,38.0,0.013132
7301,CA,CA,SALEM,HOTEL,1835.82,38.0,1.0,1.0,38.0,0.020699
6972,CA,CA,RETA1,BASIC,1847.82,38.0,1.0,1.0,38.0,0.020565
1691,CA,CA,CRUDE,CHEM1,6141.46,38.0,1.0,1.0,38.0,0.006187
65,CA,CA,AIRTR,AIRTR,2224.62,37.0,1.0,1.0,37.0,0.016632
7796,CA,CA,TEXTI,CONST,2539.66,37.0,1.0,1.0,37.0,0.014569
7307,CA,CA,SALEM,LANDT,1758.52,36.0,1.0,1.0,36.0,0.020472
3922,CA,CA,HYDRO,GASDI,4269.27,35.0,1.0,1.0,35.0,0.008198
6484,CA,CA,RAILW,SUPPO,3038.36,35.0,1.0,1.0,35.0,0.011519
7258,CA,CA,SALEM,BUSIN,1660.56,34.0,1.0,1.0,34.0,0.020475
459,CA,CA,BASIC,MOTO1,2378.59,33.0,1.0,1.0,33.0,0.013874
6019,CA,CA,POSTT,REALE,2909.03,33.0,1.0,1.0,33.0,0.011344
3194,CA,CA,FINAN,REALE,4286.67,33.0,1.0,1.0,33.0,0.007698
3465,CA,CA,FOUND,MOTO1,2180.0,33.0,1.0,1.0,33.0,0.015138
680,CA,CA,BUSIN,93197,1653.58,32.0,1.0,1.0,32.0,0.019352
6753,CA,CA,RECRE,RECRE,2232.53,31.0,1.0,1.0,31.0,0.013886
6547,CA,CA,REALE,CONST,9898.17,31.0,1.0,1.0,31.0,0.003132
705,CA,CA,BUSIN,COMPU,1538.47,29.0,1.0,1.0,29.0,0.01885
7751,CA,CA,SUPPO,PUBLI,1707.17,29.0,1.0,1.0,29.0,0.016987
738,CA,CA,BUSIN,HOTEL,1530.3,29.0,1.0,1.0,29.0,0.018951
7780,CA,CA,TEXTI,93197,1957.51,29.0,1.0,1.0,29.0,0.014815
5834,CA,CA,PFERT,WHEAT,3278.17,28.0,1.0,1.0,28.0,0.008541
6285,CA,CA,PUBLI,PUBLI,2658.33,28.0,1.0,1.0,28.0,0.010533
314,CA,CA,AUXIL,HYDRO,2492.1,28.0,1.0,1.0,28.0,0.011236
4630,CA,CA,MEAT1,MEAT1,1400.87,28.0,1.0,1.0,28.0,0.019988
1577,CA,CA,COPP1,COPP1,1559.48,27.0,1.0,1.0,27.0,0.017313
3268,CA,CA,FISHF,FISH5,1916.62,27.0,1.0,1.0,27.0,0.014087
3012,CA,CA,FABRI,FABRI,1919.82,27.0,1.0,1.0,27.0,0.014064
3518,CA,CA,FURNI,CONST,1677.58,27.0,1.0,1.0,27.0,0.016095
1492,CA,CA,CONST,LEAD1,1859.64,26.0,1.0,1.0,26.0,0.013981
1060,CA,CA,CHEM1,CONST,1921.25,26.0,1.0,1.0,26.0,0.013533
1055,CA,CA,CHEM1,CHEM1,1902.62,25.0,1.0,1.0,25.0,0.01314
1758,CA,CA,DAIRY,HOTEL,1401.82,25.0,1.0,1.0,25.0,0.017834
7320,CA,CA,SALEM,MOTO1,1242.98,25.0,1.0,1.0,25.0,0.020113
1456,CA,CA,CONST,COPP1,1786.58,25.0,1.0,1.0,25.0,0.013993
8341,CA,CA,WOODW,WOODW,1539.18,24.0,1.0,1.0,24.0,0.015593
6941,CA,CA,RESEA,RESEA,1212.89,24.0,1.0,1.0,24.0,0.019787
5671,CA,CA,PAPER,PAPER,1530.44,24.0,1.0,1.0,24.0,0.015682
3626,CA,CA,GASDI,CRUDE,2575.53,24.0,1.0,1.0,24.0,0.009318
7024,CA,CA,RETA1,HOTEL,1182.05,24.0,1.0,1.0,24.0,0.020304
7355,CA,CA,SALEM,SALEM,1169.27,24.0,1.0,1.0,24.0,0.020526
894,CA,CA,CEMEN,NONME,2406.08,24.0,1.0,1.0,24.0,0.009975
6067,CA,CA,POULT,POULT,1005.43,24.0,1.0,1.0,24.0,0.02387
7030,CA,CA,RETA1,LANDT,1185.3,24.0,1.0,1.0,24.0,0.020248
792,CA,CA,BUSIN,SALEM,1209.77,23.0,1.0,1.0,23.0,0.019012
726,CA,CA,BUSIN,FINAN,1216.91,23.0,1.0,1.0,23.0,0.0189
8143,CA,CA,WHEAT,FOOD5,2480.11,23.0,1.0,1.0,23.0,0.009274
4054,CA,CA,INSUR,CONST,3850.53,23.0,1.0,1.0,23.0,0.005973
3389,CA,CA,FORES,FORES,1458.28,23.0,1.0,1.0,23.0,0.015772
6624,CA,CA,REALE,REALE,7142.78,23.0,1.0,1.0,23.0,0.00322
1484,CA,CA,CONST,HEALT,1566.96,22.0,1.0,1.0,22.0,0.01404
741,CA,CA,BUSIN,INSUR,1133.88,22.0,1.0,1.0,22.0,0.019402
1458,CA,CA,CONST,CRUDE,1575.7,22.0,1.0,1.0,22.0,0.013962
7292,CA,CA,SALEM,FOOD5,1046.68,21.0,1.0,1.0,21.0,0.020063
7354,CA,CA,SALEM,RUBBE,1039.14,21.0,1.0,1.0,21.0,0.020209
7064,CA,CA,RETA1,PRINT,1046.79,21.0,1.0,1.0,21.0,0.020061
7363,CA,CA,SALEM,SUPPO,1012.46,21.0,1.0,1.0,21.0,0.020742
985,CA,CA,CEREA,FOOD5,3527.34,21.0,1.0,1.0,21.0,0.005953
3299,CA,CA,FOOD5,CATTL,1471.0,21.0,1.0,1.0,21.0,0.014276
6010,CA,CA,POSTT,POSTT,1855.35,21.0,1.0,1.0,21.0,0.011319
262,CA,CA,AUXIL,BEVER,1901.68,21.0,1.0,1.0,21.0,0.011043
5814,CA,CA,PFERT,OILSE,2444.11,21.0,1.0,1.0,21.0,0.008592
280,CA,CA,AUXIL,COMPU,1783.89,20.0,1.0,1.0,20.0,0.011211
4132,CA,CA,INSUR,REALE,3223.37,19.0,1.0,1.0,19.0,0.005894
757,CA,CA,BUSIN,MOTO1,980.16,19.0,1.0,1.0,19.0,0.019385
7347,CA,CA,SALEM,REALE,942.58,19.0,1.0,1.0,19.0,0.020157
6619,CA,CA,REALE,PUBLI,5950.64,19.0,1.0,1.0,19.0,0.003193
3346,CA,CA,FOOD5,PIGS9,1334.7,19.0,1.0,1.0,19.0,0.014235
8030,CA,CA,TRANS,TRANS,1347.47,19.0,1.0,1.0,19.0,0.0141
3293,CA,CA,FOOD5,BEVER,1359.53,19.0,1.0,1.0,19.0,0.013975
7291,CA,CA,SALEM,FISHF,890.39,18.0,1.0,1.0,18.0,0.020216
6357,CA,CA,RADIO,CONST,963.12,18.0,1.0,1.0,18.0,0.018689
3768,CA,CA,GLASS,GLASS,1404.93,18.0,1.0,1.0,18.0,0.012812
359,CA,CA,AUXIL,REALE,1567.59,17.0,1.0,1.0,17.0,0.010845
7341,CA,CA,SALEM,PRINT,838.38,17.0,1.0,1.0,17.0,0.020277
7070,CA,CA,RETA1,REALE,840.5,17.0,1.0,1.0,17.0,0.020226
7504,CA,CA,SEACO,PUBLI,831.59,17.0,1.0,1.0,17.0,0.020443
7075,CA,CA,RETA1,RETA1,845.17,17.0,1.0,1.0,17.0,0.020114
7768,CA,CA,SUPPO,SUPPO,973.37,16.0,1.0,1.0,16.0,0.016438
7015,CA,CA,RETA1,FOOD5,782.49,16.0,1.0,1.0,16.0,0.020448
6659,CA,CA,RECRE,AUXIL,1149.15,16.0,1.0,1.0,16.0,0.013923
5832,CA,CA,PFERT,VEGET,1831.28,16.0,1.0,1.0,16.0,0.008737
744,CA,CA,BUSIN,LANDT,823.04,16.0,1.0,1.0,16.0,0.01944
6390,CA,CA,RADIO,RADIO,844.81,16.0,1.0,1.0,16.0,0.018939
3533,CA,CA,FURNI,FURNI,1016.53,16.0,1.0,1.0,16.0,0.01574
7247,CA,CA,SALEM,AUXIL,803.12,16.0,1.0,1.0,16.0,0.019922
7272,CA,CA,SALEM,CRUDE,739.7,15.0,1.0,1.0,15.0,0.020278
7051,CA,CA,RETA1,NONME,732.58,15.0,1.0,1.0,15.0,0.020476
6992,CA,CA,RETA1,CONST,758.83,15.0,1.0,1.0,15.0,0.019767
7364,CA,CA,SALEM,TEXTI,755.17,15.0,1.0,1.0,15.0,0.019863
5067,CA,CA,MOTOR,CONST,1543.19,15.0,1.0,1.0,15.0,0.00972
6752,CA,CA,RECRE,REALE,1042.28,15.0,1.0,1.0,15.0,0.014392
4919,CA,CA,MEMBE,HEALT,418.99,15.0,1.0,1.0,15.0,0.0358
729,CA,CA,BUSIN,FOOD5,750.46,14.0,1.0,1.0,14.0,0.018655
3353,CA,CA,FOOD5,RAWMI,1004.84,14.0,1.0,1.0,14.0,0.013933
7268,CA,CA,SALEM,COMPU,706.65,14.0,1.0,1.0,14.0,0.019812
2988,CA,CA,FABRI,BEVER,984.11,14.0,1.0,1.0,14.0,0.014226
1345,CA,CA,COMPU,FINAN,704.07,14.0,1.0,1.0,14.0,0.019884
3119,CA,CA,FINAN,CRUDE,1779.06,14.0,1.0,1.0,14.0,0.007869
687,CA,CA,BUSIN,BEVER,736.37,14.0,1.0,1.0,14.0,0.019012
7332,CA,CA,SALEM,PAPER,676.58,14.0,1.0,1.0,14.0,0.020692
7331,CA,CA,SALEM,OILSE,645.27,13.0,1.0,1.0,13.0,0.020147
3916,CA,CA,HYDRO,CONST,1547.57,13.0,1.0,1.0,13.0,0.0084
116,CA,CA,AIRTR,POSTT,799.53,13.0,1.0,1.0,13.0,0.01626
8315,CA,CA,WOODW,PULP5,856.06,13.0,1.0,1.0,13.0,0.015186
316,CA,CA,AUXIL,INSUR,1194.23,13.0,1.0,1.0,13.0,0.010886
771,CA,CA,BUSIN,PFERT,676.74,13.0,1.0,1.0,13.0,0.01921
3973,CA,CA,INLAN,CONST,831.96,13.0,1.0,1.0,13.0,0.015626
6973,CA,CA,RETA1,BEVER,661.31,13.0,1.0,1.0,13.0,0.019658
6380,CA,CA,RADIO,MOTO1,659.62,12.0,1.0,1.0,12.0,0.018192
3409,CA,CA,FORES,PUBLI,803.89,12.0,1.0,1.0,12.0,0.014927
7087,CA,CA,RETA1,TEXTI,572.62,12.0,1.0,1.0,12.0,0.020956
6970,CA,CA,RETA1,AUXIL,608.76,12.0,1.0,1.0,12.0,0.019712
8072,CA,CA,VEGET,VEGET,784.49,12.0,1.0,1.0,12.0,0.015297
7250,CA,CA,SALEM,BEVER,595.46,12.0,1.0,1.0,12.0,0.020152
7522,CA,CA,SEACO,SUPPO,594.37,12.0,1.0,1.0,12.0,0.020189
353,CA,CA,AUXIL,PRINT,1111.74,12.0,1.0,1.0,12.0,0.010794
6981,CA,CA,RETA1,BUSIN,592.27,12.0,1.0,1.0,12.0,0.020261
7328,CA,CA,SALEM,NONME,590.65,12.0,1.0,1.0,12.0,0.020317
7043,CA,CA,RETA1,MOTO1,584.93,12.0,1.0,1.0,12.0,0.020515
6966,CA,CA,RETA1,93197,580.77,12.0,1.0,1.0,12.0,0.020662
1360,CA,CA,COMPU,INSUR,578.45,12.0,1.0,1.0,12.0,0.020745
3404,CA,CA,FORES,PAPER,729.78,11.0,1.0,1.0,11.0,0.015073
4890,CA,CA,MEMBE,CONST,306.68,11.0,1.0,1.0,11.0,0.035868
4897,CA,CA,MEMBE,EDUCA,314.27,11.0,1.0,1.0,11.0,0.035002
739,CA,CA,BUSIN,HYDRO,570.8,11.0,1.0,1.0,11.0,0.019271
4958,CA,CA,MEMBE,PUBLI,321.68,11.0,1.0,1.0,11.0,0.034195
3496,CA,CA,FURNI,93197,692.42,11.0,1.0,1.0,11.0,0.015886
6330,CA,CA,PULP5,PAPER,691.67,11.0,1.0,1.0,11.0,0.015904
7071,CA,CA,RETA1,RECRE,520.35,11.0,1.0,1.0,11.0,0.02114
7077,CA,CA,RETA1,RUBBE,527.31,11.0,1.0,1.0,11.0,0.020861
7761,CA,CA,SUPPO,RETA1,649.01,11.0,1.0,1.0,11.0,0.016949
7288,CA,CA,SALEM,FABRI,529.99,11.0,1.0,1.0,11.0,0.020755
7777,CA,CA,SUPPO,WHOLE,631.1,11.0,1.0,1.0,11.0,0.01743
7061,CA,CA,RETA1,POSTT,551.46,11.0,1.0,1.0,11.0,0.019947
1328,CA,CA,COMPU,CRUDE,556.26,11.0,1.0,1.0,11.0,0.019775
3878,CA,CA,HOTEL,HEALT,557.03,11.0,1.0,1.0,11.0,0.019748
1303,CA,CA,COMPU,AUXIL,563.51,11.0,1.0,1.0,11.0,0.019521
7295,CA,CA,SALEM,FURNI,520.49,11.0,1.0,1.0,11.0,0.021134
730,CA,CA,BUSIN,FORES,565.3,11.0,1.0,1.0,11.0,0.019459
5973,CA,CA,POSTT,HEALT,1003.13,11.0,1.0,1.0,11.0,0.010966
270,CA,CA,AUXIL,BUSIN,1024.75,11.0,1.0,1.0,11.0,0.010734
304,CA,CA,AUXIL,FOOD5,975.03,11.0,1.0,1.0,11.0,0.011282
5921,CA,CA,POSTT,AUXIL,954.67,11.0,1.0,1.0,11.0,0.011522
3755,CA,CA,GLASS,CONST,886.22,11.0,1.0,1.0,11.0,0.012412
6521,CA,CA,REALE,93197,3344.41,11.0,1.0,1.0,11.0,0.003289
1467,CA,CA,CONST,ELEC4,699.35,10.0,1.0,1.0,10.0,0.014299
7352,CA,CA,SALEM,RETA1,487.63,10.0,1.0,1.0,10.0,0.020507
7078,CA,CA,RETA1,SALEM,498.95,10.0,1.0,1.0,10.0,0.020042
4349,CA,CA,LANDT,POSTT,1091.59,10.0,1.0,1.0,10.0,0.009161
4282,CA,CA,LANDT,CONST,1077.76,10.0,1.0,1.0,10.0,0.009279
6797,CA,CA,REFI1,MOTOR,1075.5,10.0,1.0,1.0,10.0,0.009298
1773,CA,CA,DAIRY,RETA1,568.93,10.0,1.0,1.0,10.0,0.017577
5607,CA,CA,PAPER,BEVER,650.96,10.0,1.0,1.0,10.0,0.015362
6014,CA,CA,POSTT,PUBLI,869.98,10.0,1.0,1.0,10.0,0.011495
8307,CA,CA,WOODW,PAPER,668.01,10.0,1.0,1.0,10.0,0.01497
7222,CA,CA,RUBBE,RUBBE,748.05,10.0,1.0,1.0,10.0,0.013368
7163,CA,CA,RUBBE,FOOD5,777.91,10.0,1.0,1.0,10.0,0.012855
3005,CA,CA,FABRI,CRUDE,716.18,10.0,1.0,1.0,10.0,0.013963
1461,CA,CA,CONST,DISTR,727.35,10.0,1.0,1.0,10.0,0.013749
7114,CA,CA,RETAI,RECRE,790.82,10.0,1.0,1.0,10.0,0.012645
7129,CA,CA,RUBBE,BEVER,708.14,10.0,1.0,1.0,10.0,0.014122
5583,CA,CA,OILSE,OILSE,912.8,9.0,1.0,1.0,9.0,0.00986
3679,CA,CA,GASDI,OILSE,946.91,9.0,1.0,1.0,9.0,0.009505
1277,CA,CA,COKIN,BASIC,993.62,9.0,1.0,1.0,9.0,0.009058
3410,CA,CA,FORES,PULP5,575.78,9.0,1.0,1.0,9.0,0.015631
4963,CA,CA,MEMBE,REALE,259.86,9.0,1.0,1.0,9.0,0.034634
1920,CA,CA,DISTR,HEALT,747.88,9.0,1.0,1.0,9.0,0.012034
7188,CA,CA,RUBBE,MOTO1,698.83,9.0,1.0,1.0,9.0,0.012879
4924,CA,CA,MEMBE,INSUR,249.24,9.0,1.0,1.0,9.0,0.03611
3189,CA,CA,FINAN,PUBLI,1172.21,9.0,1.0,1.0,9.0,0.007678
7055,CA,CA,RETA1,PAPER,427.69,9.0,1.0,1.0,9.0,0.021043
3860,CA,CA,HOTEL,AIRTR,489.83,9.0,1.0,1.0,9.0,0.018374
781,CA,CA,BUSIN,RADIO,487.74,9.0,1.0,1.0,9.0,0.018452
7348,CA,CA,SALEM,RECRE,429.22,9.0,1.0,1.0,9.0,0.020968
7338,CA,CA,SALEM,POSTT,434.71,9.0,1.0,1.0,9.0,0.020703
767,CA,CA,BUSIN,OFFIC,471.36,9.0,1.0,1.0,9.0,0.019094
6986,CA,CA,RETA1,CHEM1,455.6,9.0,1.0,1.0,9.0,0.019754
5326,CA,CA,NONF1,NONF1,914.32,9.0,1.0,1.0,9.0,0.009843
7373,CA,CA,SALEM,WHEAT,445.56,9.0,1.0,1.0,9.0,0.020199
3323,CA,CA,FOOD5,HOTEL,666.64,9.0,1.0,1.0,9.0,0.013501
6686,CA,CA,RECRE,EDUCA,635.13,9.0,1.0,1.0,9.0,0.01417
3042,CA,CA,FABRI,MOTO1,663.41,9.0,1.0,1.0,9.0,0.013566
5943,CA,CA,POSTT,CONST,836.99,9.0,1.0,1.0,9.0,0.010753
1491,CA,CA,CONST,LANDT,658.12,9.0,1.0,1.0,9.0,0.013675
6707,CA,CA,RECRE,HEALT,673.58,9.0,1.0,1.0,9.0,0.013361
3693,CA,CA,GASDI,RAILW,878.39,8.0,1.0,1.0,8.0,0.009108
7099,CA,CA,RETA1,WOODW,396.01,8.0,1.0,1.0,8.0,0.020202
869,CA,CA,CEMEN,CONST,762.15,8.0,1.0,1.0,8.0,0.010497
785,CA,CA,BUSIN,RECRE,406.32,8.0,1.0,1.0,8.0,0.019689
3018,CA,CA,FABRI,FURNI,562.8,8.0,1.0,1.0,8.0,0.014215
1975,CA,CA,DISTR,SALEM,713.61,8.0,1.0,1.0,8.0,0.011211
7011,CA,CA,RETA1,FABRI,384.45,8.0,1.0,1.0,8.0,0.020809
4754,CA,CA,MEATC,HOTEL,416.08,8.0,1.0,1.0,8.0,0.019227
7066,CA,CA,RETA1,PULP5,370.41,8.0,1.0,1.0,8.0,0.021598
8172,CA,CA,WHEAT,WHEAT,837.87,8.0,1.0,1.0,8.0,0.009548
627,CA,CA,BIOGA,EDUCA,727.05,8.0,1.0,1.0,8.0,0.011003
6788,CA,CA,REFI1,GASDI,837.74,8.0,1.0,1.0,8.0,0.00955
1755,CA,CA,DAIRY,FOOD5,431.03,8.0,1.0,1.0,8.0,0.01856
7688,CA,CA,SUPPO,CHEM1,443.96,8.0,1.0,1.0,8.0,0.01802
29,CA,CA,93197,HEALT,239.55,7.0,1.0,1.0,7.0,0.029221
3154,CA,CA,FINAN,LANDT,897.68,7.0,1.0,1.0,7.0,0.007798
797,CA,CA,BUSIN,SUPPO,388.85,7.0,1.0,1.0,7.0,0.018002
3927,CA,CA,HYDRO,HYDRO,830.37,7.0,1.0,1.0,7.0,0.00843
517,CA,CA,BEVER,HOTEL,462.29,7.0,1.0,1.0,7.0,0.015142
971,CA,CA,CEREA,CATTL,1230.13,7.0,1.0,1.0,7.0,0.00569
4909,CA,CA,MEMBE,FINAN,198.12,7.0,1.0,1.0,7.0,0.035332
5377,CA,CA,NONME,ALUM1,499.54,7.0,1.0,1.0,7.0,0.014013
4119,CA,CA,INSUR,PFERT,1179.68,7.0,1.0,1.0,7.0,0.005934
8121,CA,CA,WEARI,WEARI,410.06,7.0,1.0,1.0,7.0,0.017071
1085,CA,CA,CHEM1,FURNI,501.78,7.0,1.0,1.0,7.0,0.01395
6698,CA,CA,RECRE,FINAN,522.49,7.0,1.0,1.0,7.0,0.013397
1332,CA,CA,COMPU,EDUCA,361.19,7.0,1.0,1.0,7.0,0.01938
1314,CA,CA,COMPU,BUSIN,368.68,7.0,1.0,1.0,7.0,0.018987
681,CA,CA,BUSIN,AIRTR,350.12,7.0,1.0,1.0,7.0,0.019993
376,CA,CA,AUXIL,TEXTI,626.61,7.0,1.0,1.0,7.0,0.011171
366,CA,CA,AUXIL,RUBBE,636.83,7.0,1.0,1.0,7.0,0.010992
354,CA,CA,AUXIL,PUBLI,639.95,7.0,1.0,1.0,7.0,0.010938
7262,CA,CA,SALEM,CEREA,341.08,7.0,1.0,1.0,7.0,0.020523
275,CA,CA,AUXIL,CHEM1,648.68,7.0,1.0,1.0,7.0,0.010791
6991,CA,CA,RETA1,COMPU,366.06,7.0,1.0,1.0,7.0,0.019123
3892,CA,CA,HOTEL,RECRE,346.08,7.0,1.0,1.0,7.0,0.020227
2015,CA,CA,EDUCA,EDUCA,349.61,7.0,1.0,1.0,7.0,0.020022
712,CA,CA,BUSIN,DISTR,343.15,7.0,1.0,1.0,7.0,0.020399
1082,CA,CA,CHEM1,FOOD5,551.11,7.0,1.0,1.0,7.0,0.012702
7018,CA,CA,RETA1,FURNI,361.37,7.0,1.0,1.0,7.0,0.019371
3307,CA,CA,FOOD5,DAIRY,413.45,6.0,1.0,1.0,6.0,0.014512
6536,CA,CA,REALE,BUSIN,1794.42,6.0,1.0,1.0,6.0,0.003344
778,CA,CA,BUSIN,PRINT,340.24,6.0,1.0,1.0,6.0,0.017635
1035,CA,CA,CHEM1,93197,443.75,6.0,1.0,1.0,6.0,0.013521
696,CA,CA,BUSIN,CATTL,326.65,6.0,1.0,1.0,6.0,0.018368
432,CA,CA,BASIC,CONST,443.44,6.0,1.0,1.0,6.0,0.013531
3847,CA,CA,HEALT,RAWMI,302.06,6.0,1.0,1.0,6.0,0.019864
3347,CA,CA,FOOD5,POULT,439.26,6.0,1.0,1.0,6.0,0.013659
7260,CA,CA,SALEM,CEMEN,292.4,6.0,1.0,1.0,6.0,0.02052
529,CA,CA,BEVER,RECRE,433.71,6.0,1.0,1.0,6.0,0.013834
718,CA,CA,BUSIN,ELEC4,329.58,6.0,1.0,1.0,6.0,0.018205
4628,CA,CA,MEAT1,HOTEL,324.52,6.0,1.0,1.0,6.0,0.018489
4870,CA,CA,MEMBE,93197,163.18,6.0,1.0,1.0,6.0,0.036769
7372,CA,CA,SALEM,WEARI,271.38,6.0,1.0,1.0,6.0,0.022109
783,CA,CA,BUSIN,RAWMI,299.29,6.0,1.0,1.0,6.0,0.020047
799,CA,CA,BUSIN,TOBAC,299.25,6.0,1.0,1.0,6.0,0.02005
443,CA,CA,BASIC,FURNI,420.65,6.0,1.0,1.0,6.0,0.014264
7263,CA,CA,SALEM,CHEM1,304.57,6.0,1.0,1.0,6.0,0.0197
1054,CA,CA,CHEM1,CEREA,447.27,6.0,1.0,1.0,6.0,0.013415
7086,CA,CA,RETA1,SUPPO,276.89,6.0,1.0,1.0,6.0,0.021669
5013,CA,CA,MOTO1,LANDT,449.2,6.0,1.0,1.0,6.0,0.013357
1874,CA,CA,DISTR,93197,505.47,6.0,1.0,1.0,6.0,0.01187
1121,CA,CA,CHEM1,PAPER,484.43,6.0,1.0,1.0,6.0,0.012386
364,CA,CA,AUXIL,RETA1,578.54,6.0,1.0,1.0,6.0,0.010371
255,CA,CA,AUXIL,93197,499.64,6.0,1.0,1.0,6.0,0.012009
4092,CA,CA,INSUR,LANDT,1008.98,6.0,1.0,1.0,6.0,0.005947
3779,CA,CA,GLASS,MOTO1,462.04,6.0,1.0,1.0,6.0,0.012986
1707,CA,CA,CRUDE,KEROS,905.17,6.0,1.0,1.0,6.0,0.006629
5776,CA,CA,PFERT,CEREA,690.64,6.0,1.0,1.0,6.0,0.008688
340,CA,CA,AUXIL,NONME,493.83,6.0,1.0,1.0,6.0,0.01215
1888,CA,CA,DISTR,BUSIN,527.43,6.0,1.0,1.0,6.0,0.011376
4359,CA,CA,LANDT,RECRE,566.59,5.0,1.0,1.0,5.0,0.008825
1486,CA,CA,CONST,HOTEL,350.34,5.0,1.0,1.0,5.0,0.014272
1407,CA,CA,COMPU,RETA1,266.14,5.0,1.0,1.0,5.0,0.018787
5978,CA,CA,POSTT,INSUR,449.0,5.0,1.0,1.0,5.0,0.011136
4841,CA,CA,MEDIC,MEDIC,352.6,5.0,1.0,1.0,5.0,0.01418
2926,CA,CA,ELECT,CRUDE,359.41,5.0,1.0,1.0,5.0,0.013912
3641,CA,CA,GASDI,FORES,556.9,5.0,1.0,1.0,5.0,0.008978
356,CA,CA,AUXIL,RADIO,448.07,5.0,1.0,1.0,5.0,0.011159
3745,CA,CA,GLASS,BEVER,364.98,5.0,1.0,1.0,5.0,0.013699
7343,CA,CA,SALEM,PULP5,256.96,5.0,1.0,1.0,5.0,0.019458
1325,CA,CA,COMPU,CONST,227.74,5.0,1.0,1.0,5.0,0.021955
1129,CA,CA,CHEM1,PRINT,367.97,5.0,1.0,1.0,5.0,0.013588
4927,CA,CA,MEMBE,LANDT,141.43,5.0,1.0,1.0,5.0,0.035353
3015,CA,CA,FABRI,FOOD5,342.44,5.0,1.0,1.0,5.0,0.014601
5152,CA,CA,MOTOR,SALEM,577.43,5.0,1.0,1.0,5.0,0.008659
791,CA,CA,BUSIN,RUBBE,255.37,5.0,1.0,1.0,5.0,0.019579
776,CA,CA,BUSIN,POULT,270.52,5.0,1.0,1.0,5.0,0.018483
1536,CA,CA,CONST,RETA1,337.25,5.0,1.0,1.0,5.0,0.014826
493,CA,CA,BASIC,TRANS,337.11,5.0,1.0,1.0,5.0,0.014832
3199,CA,CA,FINAN,RETA1,634.81,5.0,1.0,1.0,5.0,0.007876
6378,CA,CA,RADIO,MEDIC,279.21,5.0,1.0,1.0,5.0,0.017908
4967,CA,CA,MEMBE,RESEA,149.45,5.0,1.0,1.0,5.0,0.033456
1726,CA,CA,CRUDE,REFI1,877.9,5.0,1.0,1.0,5.0,0.005695
5704,CA,CA,PAPER,VEGET,319.64,5.0,1.0,1.0,5.0,0.015643
119,CA,CA,AIRTR,PUBLI,315.83,5.0,1.0,1.0,5.0,0.015831
6525,CA,CA,REALE,AUXIL,1454.29,5.0,1.0,1.0,5.0,0.003438
2465,CA,CA,ELEC3,RESEA,312.79,5.0,1.0,1.0,5.0,0.015985
3181,CA,CA,FINAN,PFERT,722.19,5.0,1.0,1.0,5.0,0.006923
6755,CA,CA,RECRE,RESEA,370.06,5.0,1.0,1.0,5.0,0.013511
7135,CA,CA,RUBBE,BUSIN,363.95,5.0,1.0,1.0,5.0,0.013738
847,CA,CA,CATTL,RAWMI,235.75,5.0,1.0,1.0,5.0,0.021209
6469,CA,CA,RAILW,RAILW,431.29,5.0,1.0,1.0,5.0,0.011593
1079,CA,CA,CHEM1,FABRI,404.12,5.0,1.0,1.0,5.0,0.012373
349,CA,CA,AUXIL,POSTT,413.52,5.0,1.0,1.0,5.0,0.012091
311,CA,CA,AUXIL,HEALT,417.79,5.0,1.0,1.0,5.0,0.011968
1529,CA,CA,CONST,RAILW,378.46,5.0,1.0,1.0,5.0,0.013211
7057,CA,CA,RETA1,PFERT,239.71,5.0,1.0,1.0,5.0,0.020859
3816,CA,CA,HEALT,CATTL,238.01,5.0,1.0,1.0,5.0,0.021008
6862,CA,CA,RESEA,CONST,238.06,5.0,1.0,1.0,5.0,0.021003
7166,CA,CA,RUBBE,FURNI,392.97,5.0,1.0,1.0,5.0,0.012724
2576,CA,CA,ELEC4,PUBLI,434.08,5.0,1.0,1.0,5.0,0.011519
2581,CA,CA,ELEC4,REALE,463.7,5.0,1.0,1.0,5.0,0.010783
1922,CA,CA,DISTR,HOTEL,463.57,5.0,1.0,1.0,5.0,0.010786
798,CA,CA,BUSIN,TEXTI,238.81,5.0,1.0,1.0,5.0,0.020937
307,CA,CA,AUXIL,FURNI,451.54,5.0,1.0,1.0,5.0,0.011073
139,CA,CA,AIRTR,TRANS,303.01,5.0,1.0,1.0,5.0,0.016501
4289,CA,CA,LANDT,EDUCA,529.39,5.0,1.0,1.0,5.0,0.009445
3591,CA,CA,FURNI,TEXTI,303.86,5.0,1.0,1.0,5.0,0.016455
4799,CA,CA,MEATP,RETA1,250.78,5.0,1.0,1.0,5.0,0.019938
2032,CA,CA,EDUCA,HEALT,234.28,5.0,1.0,1.0,5.0,0.021342
2066,CA,CA,EDUCA,RESEA,252.61,5.0,1.0,1.0,5.0,0.019793
2009,CA,CA,EDUCA,CONST,232.99,5.0,1.0,1.0,5.0,0.02146
178,CA,CA,ALUM1,MOTO1,283.19,4.0,1.0,1.0,4.0,0.014125
6995,CA,CA,RETA1,CRUDE,205.33,4.0,1.0,1.0,4.0,0.019481
7714,CA,CA,SUPPO,HOTEL,251.98,4.0,1.0,1.0,4.0,0.015874
1539,CA,CA,CONST,SALEM,283.67,4.0,1.0,1.0,4.0,0.014101
7321,CA,CA,SALEM,MOTOR,205.46,4.0,1.0,1.0,4.0,0.019469
7027,CA,CA,RETA1,INSUR,218.61,4.0,1.0,1.0,4.0,0.018297
1355,CA,CA,COMPU,HEALT,202.76,4.0,1.0,1.0,4.0,0.019728
3358,CA,CA,FOOD5,RETA1,296.09,4.0,1.0,1.0,4.0,0.013509
1910,CA,CA,DISTR,FINAN,297.62,4.0,1.0,1.0,4.0,0.01344
732,CA,CA,BUSIN,FURNI,200.82,4.0,1.0,1.0,4.0,0.019918
7705,CA,CA,SUPPO,FOOD5,239.03,4.0,1.0,1.0,4.0,0.016734
436,CA,CA,BASIC,ELECT,297.82,4.0,1.0,1.0,4.0,0.013431
3888,CA,CA,HOTEL,PUBLI,201.49,4.0,1.0,1.0,4.0,0.019852
6352,CA,CA,RADIO,BUSIN,206.45,4.0,1.0,1.0,4.0,0.019375
710,CA,CA,BUSIN,DAIRY,208.94,4.0,1.0,1.0,4.0,0.019144
1952,CA,CA,DISTR,PAPER,300.16,4.0,1.0,1.0,4.0,0.013326
7357,CA,CA,SALEM,SEACO,177.67,4.0,1.0,1.0,4.0,0.022514
7273,CA,CA,SALEM,DAIRY,210.13,4.0,1.0,1.0,4.0,0.019036
700,CA,CA,BUSIN,CHEM1,213.34,4.0,1.0,1.0,4.0,0.018749
7053,CA,CA,RETA1,OFFIC,212.76,4.0,1.0,1.0,4.0,0.018801
756,CA,CA,BUSIN,MEMBE,190.58,4.0,1.0,1.0,4.0,0.020989
7319,CA,CA,SALEM,MEMBE,175.64,4.0,1.0,1.0,4.0,0.022774
761,CA,CA,BUSIN,NATUR,224.2,4.0,1.0,1.0,4.0,0.017841
6712,CA,CA,RECRE,INSUR,257.2,4.0,1.0,1.0,4.0,0.015552
1160,CA,CA,CHEM1,WHEAT,263.06,4.0,1.0,1.0,4.0,0.015206
4795,CA,CA,MEATP,MEATP,248.93,4.0,1.0,1.0,4.0,0.016069
7672,CA,CA,SUPPO,AIRTR,248.6,4.0,1.0,1.0,4.0,0.01609
932,CA,CA,CERAM,CONST,265.44,4.0,1.0,1.0,4.0,0.015069
802,CA,CA,BUSIN,TRANS,227.53,4.0,1.0,1.0,4.0,0.01758
227,CA,CA,ANIMA,HOTEL,173.5,4.0,1.0,1.0,4.0,0.023055
7764,CA,CA,SUPPO,SALEM,245.55,4.0,1.0,1.0,4.0,0.01629
7012,CA,CA,RETA1,FINAN,184.72,4.0,1.0,1.0,4.0,0.021654
7368,CA,CA,SALEM,TRANS,202.79,4.0,1.0,1.0,4.0,0.019725
7098,CA,CA,RETA1,WHOLE,173.5,4.0,1.0,1.0,4.0,0.023055
3450,CA,CA,FOUND,CRUDE,235.67,4.0,1.0,1.0,4.0,0.016973
6983,CA,CA,RETA1,CEMEN,175.72,4.0,1.0,1.0,4.0,0.022763
7095,CA,CA,RETA1,WEARI,220.48,4.0,1.0,1.0,4.0,0.018142
7044,CA,CA,RETA1,MOTOR,220.19,4.0,1.0,1.0,4.0,0.018166
5394,CA,CA,NONME,CRUDE,274.48,4.0,1.0,1.0,4.0,0.014573
7091,CA,CA,RETA1,TRANS,196.53,4.0,1.0,1.0,4.0,0.020353
7326,CA,CA,SALEM,NONF1,178.81,4.0,1.0,1.0,4.0,0.02237
7298,CA,CA,SALEM,GLASS,176.39,4.0,1.0,1.0,4.0,0.022677
3595,CA,CA,FURNI,WEARI,275.39,4.0,1.0,1.0,4.0,0.014525
442,CA,CA,BASIC,FOUND,254.6,4.0,1.0,1.0,4.0,0.015711
1580,CA,CA,COPP1,ELECT,211.73,4.0,1.0,1.0,4.0,0.018892
344,CA,CA,AUXIL,PAPER,385.75,4.0,1.0,1.0,4.0,0.010369
5139,CA,CA,MOTOR,PUBLI,372.33,4.0,1.0,1.0,4.0,0.010743
1902,CA,CA,DISTR,CRUDE,351.43,4.0,1.0,1.0,4.0,0.011382
3949,CA,CA,HYDRO,REFI1,534.4,4.0,1.0,1.0,4.0,0.007485
6579,CA,CA,REALE,HOTEL,1158.75,4.0,1.0,1.0,4.0,0.003452
6632,CA,CA,REALE,SALEM,1159.35,4.0,1.0,1.0,4.0,0.00345
300,CA,CA,AUXIL,FABRI,364.47,4.0,1.0,1.0,4.0,0.010975
3210,CA,CA,FINAN,TEXTI,499.58,4.0,1.0,1.0,4.0,0.008007
3146,CA,CA,FINAN,HEALT,496.98,4.0,1.0,1.0,4.0,0.008049
2517,CA,CA,ELEC4,CRUDE,365.33,4.0,1.0,1.0,4.0,0.010949
346,CA,CA,AUXIL,PFERT,365.96,4.0,1.0,1.0,4.0,0.01093
3091,CA,CA,FINAN,AIRTR,485.16,4.0,1.0,1.0,4.0,0.008245
3930,CA,CA,HYDRO,KEROS,551.01,4.0,1.0,1.0,4.0,0.007259
3167,CA,CA,FINAN,MOTO1,478.76,4.0,1.0,1.0,4.0,0.008355
3202,CA,CA,FINAN,SALEM,477.52,4.0,1.0,1.0,4.0,0.008377
4285,CA,CA,LANDT,CRUDE,463.09,4.0,1.0,1.0,4.0,0.008638
5596,CA,CA,OILSE,VEGE1,459.88,4.0,1.0,1.0,4.0,0.008698
375,CA,CA,AUXIL,SUPPO,386.74,4.0,1.0,1.0,4.0,0.010343
4341,CA,CA,LANDT,OFFIC,388.83,4.0,1.0,1.0,4.0,0.010287
6229,CA,CA,PUBLI,CONST,395.14,4.0,1.0,1.0,4.0,0.010123
5963,CA,CA,POSTT,FINAN,395.79,4.0,1.0,1.0,4.0,0.010106
384,CA,CA,AUXIL,WEARI,399.36,4.0,1.0,1.0,4.0,0.010016
3148,CA,CA,FINAN,HOTEL,535.77,4.0,1.0,1.0,4.0,0.007466
5092,CA,CA,MOTOR,FURNI,401.49,4.0,1.0,1.0,4.0,0.009963
972,CA,CA,CEREA,CEREA,589.27,4.0,1.0,1.0,4.0,0.006788
1109,CA,CA,CHEM1,MOTO1,335.04,4.0,1.0,1.0,4.0,0.011939
4057,CA,CA,INSUR,CRUDE,696.64,4.0,1.0,1.0,4.0,0.005742
4874,CA,CA,MEMBE,AUXIL,109.75,4.0,1.0,1.0,4.0,0.036446
1704,CA,CA,CRUDE,HEAVY,587.68,4.0,1.0,1.0,4.0,0.006806
360,CA,CA,AUXIL,RECRE,340.55,4.0,1.0,1.0,4.0,0.011746
7148,CA,CA,RUBBE,DAIRY,309.92,4.0,1.0,1.0,4.0,0.012907
673,CA,CA,BRICK,CONST,336.55,4.0,1.0,1.0,4.0,0.011885
336,CA,CA,AUXIL,NATUR,335.97,4.0,1.0,1.0,4.0,0.011906
2566,CA,CA,ELEC4,PAPER,313.85,4.0,1.0,1.0,4.0,0.012745
380,CA,CA,AUXIL,TRANS,314.43,4.0,1.0,1.0,4.0,0.012721
6546,CA,CA,REALE,COMPU,1251.39,4.0,1.0,1.0,4.0,0.003196
1710,CA,CA,CRUDE,LIQUE,661.14,4.0,1.0,1.0,4.0,0.00605
4881,CA,CA,MEMBE,BUSIN,74.57,3.0,1.0,1.0,3.0,0.040231
4889,CA,CA,MEMBE,COMPU,75.26,3.0,1.0,1.0,3.0,0.039862
1337,CA,CA,COMPU,ELEC4,124.32,3.0,1.0,1.0,3.0,0.024131
6709,CA,CA,RECRE,HOTEL,203.13,3.0,1.0,1.0,3.0,0.014769
7244,CA,CA,SALEM,AIRTR,124.4,3.0,1.0,1.0,3.0,0.024116
4893,CA,CA,MEMBE,CRUDE,96.83,3.0,1.0,1.0,3.0,0.030982
4411,CA,CA,LEAD1,LEAD1,207.83,3.0,1.0,1.0,3.0,0.014435
3527,CA,CA,FURNI,FABRI,190.0,3.0,1.0,1.0,3.0,0.015789
7750,CA,CA,SUPPO,PRINT,189.73,3.0,1.0,1.0,3.0,0.015812
3239,CA,CA,FISH5,FOOD5,54.04,3.0,1.0,1.0,3.0,0.055514
3452,CA,CA,FOUND,FABRI,208.69,3.0,1.0,1.0,3.0,0.014375
1158,CA,CA,CHEM1,VEGET,194.39,3.0,1.0,1.0,3.0,0.015433
5623,CA,CA,PAPER,DAIRY,206.93,3.0,1.0,1.0,3.0,0.014498
2935,CA,CA,ELECT,ELECT,192.06,3.0,1.0,1.0,3.0,0.01562
441,CA,CA,BASIC,FORES,203.02,3.0,1.0,1.0,3.0,0.014777
3080,CA,CA,FABRI,TRANS,205.74,3.0,1.0,1.0,3.0,0.014582
3241,CA,CA,FISH5,HOTEL,55.56,3.0,1.0,1.0,3.0,0.053996
7346,CA,CA,SALEM,RAWMI,122.24,3.0,1.0,1.0,3.0,0.024542
1,CA,CA,93197,93197,118.82,3.0,1.0,1.0,3.0,0.025248
1455,CA,CA,CONST,CONST,198.95,3.0,1.0,1.0,3.0,0.015079
8185,CA,CA,WHOLE,CHEM1,114.9,3.0,1.0,1.0,3.0,0.02611
3051,CA,CA,FABRI,OFFIC,189.09,3.0,1.0,1.0,3.0,0.015865
55,CA,CA,93197,SALEM,113.17,3.0,1.0,1.0,3.0,0.026509
4978,CA,CA,MEMBE,TEXTI,71.96,3.0,1.0,1.0,3.0,0.04169
2962,CA,CA,ELECT,POSTT,210.62,3.0,1.0,1.0,3.0,0.014244
1581,CA,CA,COPP1,FABRI,202.13,3.0,1.0,1.0,3.0,0.014842
3871,CA,CA,HOTEL,EDUCA,160.02,3.0,1.0,1.0,3.0,0.018748
1555,CA,CA,CONST,VEGET,187.06,3.0,1.0,1.0,3.0,0.016038
2954,CA,CA,ELECT,MOTO1,182.93,3.0,1.0,1.0,3.0,0.0164
4752,CA,CA,MEATC,FOOD5,142.76,3.0,1.0,1.0,3.0,0.021014
7080,CA,CA,RETA1,SEACO,171.29,3.0,1.0,1.0,3.0,0.017514
782,CA,CA,BUSIN,RAILW,147.6,3.0,1.0,1.0,3.0,0.020325
7016,CA,CA,RETA1,FORES,149.0,3.0,1.0,1.0,3.0,0.020134
8336,CA,CA,WOODW,VEGET,170.44,3.0,1.0,1.0,3.0,0.017602
6996,CA,CA,RETA1,DAIRY,170.42,3.0,1.0,1.0,3.0,0.017604
686,CA,CA,BUSIN,BASIC,169.71,3.0,1.0,1.0,3.0,0.017677
5697,CA,CA,PAPER,TEXTI,169.22,3.0,1.0,1.0,3.0,0.017728
7019,CA,CA,RETA1,GASDI,169.18,3.0,1.0,1.0,3.0,0.017733
725,CA,CA,BUSIN,FABRI,149.79,3.0,1.0,1.0,3.0,0.020028
6362,CA,CA,RADIO,ELECT,151.11,3.0,1.0,1.0,3.0,0.019853
4626,CA,CA,MEAT1,FOOD5,168.51,3.0,1.0,1.0,3.0,0.017803
7330,CA,CA,SALEM,OFFIC,168.39,3.0,1.0,1.0,3.0,0.017816
7691,CA,CA,SUPPO,COMPU,165.9,3.0,1.0,1.0,3.0,0.018083
4759,CA,CA,MEATC,MEATC,163.71,3.0,1.0,1.0,3.0,0.018325
7684,CA,CA,SUPPO,BUSIN,151.66,3.0,1.0,1.0,3.0,0.019781
3842,CA,CA,HEALT,PIGS9,163.62,3.0,1.0,1.0,3.0,0.018335
1402,CA,CA,COMPU,REALE,155.71,3.0,1.0,1.0,3.0,0.019267
772,CA,CA,BUSIN,PIGS9,158.2,3.0,1.0,1.0,3.0,0.018963
2008,CA,CA,EDUCA,COMPU,141.75,3.0,1.0,1.0,3.0,0.021164
8119,CA,CA,WEARI,TEXTI,173.56,3.0,1.0,1.0,3.0,0.017285
769,CA,CA,BUSIN,PAPER,141.52,3.0,1.0,1.0,3.0,0.021198
4855,CA,CA,MEDIC,RECRE,177.1,3.0,1.0,1.0,3.0,0.01694
3583,CA,CA,FURNI,RUBBE,181.68,3.0,1.0,1.0,3.0,0.016513
7296,CA,CA,SALEM,GASDI,159.1,3.0,1.0,1.0,3.0,0.018856
1410,CA,CA,COMPU,SALEM,129.32,3.0,1.0,1.0,3.0,0.023198
768,CA,CA,BUSIN,OILSE,178.62,3.0,1.0,1.0,3.0,0.016795
1331,CA,CA,COMPU,DISTR,129.38,3.0,1.0,1.0,3.0,0.023188
8052,CA,CA,VEGET,HOTEL,178.4,3.0,1.0,1.0,3.0,0.016816
765,CA,CA,BUSIN,NONME,132.74,3.0,1.0,1.0,3.0,0.022601
728,CA,CA,BUSIN,FISHF,132.95,3.0,1.0,1.0,3.0,0.022565
7708,CA,CA,SUPPO,FURNI,176.98,3.0,1.0,1.0,3.0,0.016951
4405,CA,CA,LEAD1,FOUND,174.06,3.0,1.0,1.0,3.0,0.017235
807,CA,CA,BUSIN,WHEAT,176.84,3.0,1.0,1.0,3.0,0.016964
7259,CA,CA,SALEM,CATTL,135.21,3.0,1.0,1.0,3.0,0.022188
7375,CA,CA,SALEM,WHOLE,139.78,3.0,1.0,1.0,3.0,0.021462
7290,CA,CA,SALEM,FISH5,140.71,3.0,1.0,1.0,3.0,0.02132
6396,CA,CA,RADIO,RETA1,175.53,3.0,1.0,1.0,3.0,0.017091
5689,CA,CA,PAPER,RUBBE,174.73,3.0,1.0,1.0,3.0,0.017169
7850,CA,CA,TEXTI,RETA1,174.57,3.0,1.0,1.0,3.0,0.017185
8238,CA,CA,WHOLE,WHOLE,141.2,3.0,1.0,1.0,3.0,0.021246
806,CA,CA,BUSIN,WEARI,138.62,3.0,1.0,1.0,3.0,0.021642
5430,CA,CA,NONME,NONME,201.71,3.0,1.0,1.0,3.0,0.014873
8038,CA,CA,VEGET,BEVER,213.47,3.0,1.0,1.0,3.0,0.014053
5308,CA,CA,NONF1,FURNI,284.74,3.0,1.0,1.0,3.0,0.010536
5148,CA,CA,MOTOR,RESEA,281.74,3.0,1.0,1.0,3.0,0.010648
2520,CA,CA,ELEC4,EDUCA,278.61,3.0,1.0,1.0,3.0,0.010768
377,CA,CA,AUXIL,TOBAC,273.98,3.0,1.0,1.0,3.0,0.01095
388,CA,CA,AUXIL,WOODW,272.96,3.0,1.0,1.0,3.0,0.010991
4137,CA,CA,INSUR,RETA1,529.98,3.0,1.0,1.0,3.0,0.005661
5484,CA,CA,NONSP,GASDI,269.77,3.0,1.0,1.0,3.0,0.011121
6585,CA,CA,REALE,LANDT,834.33,3.0,1.0,1.0,3.0,0.003596
5573,CA,CA,OILSE,FOOD5,265.38,3.0,1.0,1.0,3.0,0.011305
4116,CA,CA,INSUR,OILSE,531.35,3.0,1.0,1.0,3.0,0.005646
6554,CA,CA,REALE,EDUCA,810.35,3.0,1.0,1.0,3.0,0.003702
6445,CA,CA,RAILW,LANDT,261.64,3.0,1.0,1.0,3.0,0.011466
1018,CA,CA,CEREA,RAWMI,561.82,3.0,1.0,1.0,3.0,0.00534
2586,CA,CA,ELEC4,RETA1,258.22,3.0,1.0,1.0,3.0,0.011618
1070,CA,CA,CHEM1,ELEC2,256.41,3.0,1.0,1.0,3.0,0.0117
1131,CA,CA,CHEM1,PULP5,247.94,3.0,1.0,1.0,3.0,0.0121
319,CA,CA,AUXIL,LANDT,284.11,3.0,1.0,1.0,3.0,0.010559
555,CA,CA,BIODI,ELEC4,290.05,3.0,1.0,1.0,3.0,0.010343
7223,CA,CA,RUBBE,SALEM,244.41,3.0,1.0,1.0,3.0,0.012274
3139,CA,CA,FINAN,FOOD5,442.59,3.0,1.0,1.0,3.0,0.006778
5192,CA,CA,NATU1,MOTOR,330.79,3.0,1.0,1.0,3.0,0.009069
4240,CA,CA,KEROS,LANDT,342.39,3.0,1.0,1.0,3.0,0.008762
3617,CA,CA,GASDI,CEREA,324.27,3.0,1.0,1.0,3.0,0.009252
5500,CA,CA,NONSP,MOTOR,346.45,3.0,1.0,1.0,3.0,0.008659
3934,CA,CA,HYDRO,LIQUE,351.35,3.0,1.0,1.0,3.0,0.008538
3105,CA,CA,FINAN,BUSIN,351.38,3.0,1.0,1.0,3.0,0.008538
3718,CA,CA,GASDI,WHEAT,354.49,3.0,1.0,1.0,3.0,0.008463
3218,CA,CA,FINAN,WEARI,354.91,3.0,1.0,1.0,3.0,0.008453
3925,CA,CA,HYDRO,HEAVY,357.74,3.0,1.0,1.0,3.0,0.008386
3135,CA,CA,FINAN,FABRI,365.24,3.0,1.0,1.0,3.0,0.008214
5128,CA,CA,MOTOR,OILSE,306.68,3.0,1.0,1.0,3.0,0.009782
3097,CA,CA,FINAN,BEVER,381.26,3.0,1.0,1.0,3.0,0.007869
6567,CA,CA,REALE,FINAN,1071.01,3.0,1.0,1.0,3.0,0.002801
261,CA,CA,AUXIL,BASIC,291.66,3.0,1.0,1.0,3.0,0.010286
4140,CA,CA,INSUR,SALEM,429.16,3.0,1.0,1.0,3.0,0.00699
167,CA,CA,ALUM1,FOUND,244.8,3.0,1.0,1.0,3.0,0.012255
3177,CA,CA,FINAN,OFFIC,341.61,3.0,1.0,1.0,3.0,0.008782
256,CA,CA,AUXIL,AIRTR,236.36,3.0,1.0,1.0,3.0,0.012693
7177,CA,CA,RUBBE,LANDT,221.66,3.0,1.0,1.0,3.0,0.013534
7988,CA,CA,TRANS,AIRTR,220.17,3.0,1.0,1.0,3.0,0.013626
162,CA,CA,ALUM1,ELECT,237.75,3.0,1.0,1.0,3.0,0.012618
1110,CA,CA,CHEM1,MOTOR,227.6,3.0,1.0,1.0,3.0,0.013181
2987,CA,CA,FABRI,BASIC,217.59,3.0,1.0,1.0,3.0,0.013787
257,CA,CA,AUXIL,ALUM1,227.78,3.0,1.0,1.0,3.0,0.013171
465,CA,CA,BASIC,NONME,229.45,3.0,1.0,1.0,3.0,0.013075
1063,CA,CA,CHEM1,CRUDE,232.28,3.0,1.0,1.0,3.0,0.012915
1163,CA,CA,CHEM1,WOODW,214.86,3.0,1.0,1.0,3.0,0.013963
2349,CA,CA,ELEC2,RESEA,230.77,3.0,1.0,1.0,3.0,0.013
1550,CA,CA,CONST,TRAN1,214.68,3.0,1.0,1.0,3.0,0.013974
1532,CA,CA,CONST,RECRE,238.61,3.0,1.0,1.0,3.0,0.012573
4402,CA,CA,LEAD1,FABRI,129.91,2.0,1.0,1.0,2.0,0.015395
1720,CA,CA,CRUDE,NONSP,379.99,2.0,1.0,1.0,2.0,0.005263
1677,CA,CA,CROPS,TOBAC,127.15,2.0,1.0,1.0,2.0,0.015729
4977,CA,CA,MEMBE,SUPPO,58.38,2.0,1.0,1.0,2.0,0.034258
4968,CA,CA,MEMBE,RETA1,46.41,2.0,1.0,1.0,2.0,0.043094
1974,CA,CA,DISTR,RUBBE,129.29,2.0,1.0,1.0,2.0,0.015469
8324,CA,CA,WOODW,RUBBE,128.21,2.0,1.0,1.0,2.0,0.015599
4674,CA,CA,MEAT4,HOTEL,128.02,2.0,1.0,1.0,2.0,0.015623
1466,CA,CA,CONST,ELEC3,127.58,2.0,1.0,1.0,2.0,0.015676
6690,CA,CA,RECRE,ELEC3,125.29,2.0,1.0,1.0,2.0,0.015963
7302,CA,CA,SALEM,HYDRO,85.36,2.0,1.0,1.0,2.0,0.02343
1924,CA,CA,DISTR,INSUR,126.62,2.0,1.0,1.0,2.0,0.015795
6131,CA,CA,PRINT,BUSIN,125.7,2.0,1.0,1.0,2.0,0.015911
7814,CA,CA,TEXTI,FURNI,131.57,2.0,1.0,1.0,2.0,0.015201
5385,CA,CA,NONME,CEMEN,125.21,2.0,1.0,1.0,2.0,0.015973
1117,CA,CA,CHEM1,NONME,125.11,2.0,1.0,1.0,2.0,0.015986
4479,CA,CA,LEATH,RUBBE,124.05,2.0,1.0,1.0,2.0,0.016123
4954,CA,CA,MEMBE,POSTT,49.49,2.0,1.0,1.0,2.0,0.040412
1595,CA,CA,COPP1,MOTO1,123.01,2.0,1.0,1.0,2.0,0.016259
4866,CA,CA,MEDIC,TRANS,122.75,2.0,1.0,1.0,2.0,0.016293
5032,CA,CA,MOTO1,RUBBE,131.07,2.0,1.0,1.0,2.0,0.015259
503,CA,CA,BEVER,BUSIN,103.29,2.0,1.0,1.0,2.0,0.019363
8230,CA,CA,WHOLE,RUBBE,70.68,2.0,1.0,1.0,2.0,0.028297
716,CA,CA,BUSIN,ELEC2,90.1,2.0,1.0,1.0,2.0,0.022198
4438,CA,CA,LEAD1,TRANS,148.25,2.0,1.0,1.0,2.0,0.013491
3832,CA,CA,HEALT,INSUR,88.85,2.0,1.0,1.0,2.0,0.02251
7219,CA,CA,RUBBE,RESEA,144.53,2.0,1.0,1.0,2.0,0.013838
1504,CA,CA,CONST,MOTO1,143.95,2.0,1.0,1.0,2.0,0.013894
1535,CA,CA,CONST,RESEA,143.68,2.0,1.0,1.0,2.0,0.01392
7671,CA,CA,SUPPO,93197,143.41,2.0,1.0,1.0,2.0,0.013946
6125,CA,CA,PRINT,AUXIL,143.28,2.0,1.0,1.0,2.0,0.013959
5862,CA,CA,PIGS9,PIGS9,88.35,2.0,1.0,1.0,2.0,0.022637
3844,CA,CA,HEALT,POULT,89.2,2.0,1.0,1.0,2.0,0.022422
1898,CA,CA,DISTR,COMPU,141.51,2.0,1.0,1.0,2.0,0.014133
1688,CA,CA,CRUDE,BIOGA,354.11,2.0,1.0,1.0,2.0,0.005648
7304,CA,CA,SALEM,INSUR,90.83,2.0,1.0,1.0,2.0,0.022019
3783,CA,CA,GLASS,NONME,133.2,2.0,1.0,1.0,2.0,0.015015
5975,CA,CA,POSTT,HOTEL,140.37,2.0,1.0,1.0,2.0,0.014248
2588,CA,CA,ELEC4,RUBBE,139.15,2.0,1.0,1.0,2.0,0.014373
3388,CA,CA,FORES,FABRI,138.76,2.0,1.0,1.0,2.0,0.014413
6188,CA,CA,PRINT,PRINT,135.84,2.0,1.0,1.0,2.0,0.014723
3417,CA,CA,FORES,RUBBE,135.75,2.0,1.0,1.0,2.0,0.014733
1523,CA,CA,CONST,POULT,135.43,2.0,1.0,1.0,2.0,0.014768
7465,CA,CA,SEACO,CONST,86.15,2.0,1.0,1.0,2.0,0.023215
305,CA,CA,AUXIL,FORES,135.18,2.0,1.0,1.0,2.0,0.014795
3762,CA,CA,GLASS,FABRI,134.27,2.0,1.0,1.0,2.0,0.014895
5981,CA,CA,POSTT,LANDT,133.81,2.0,1.0,1.0,2.0,0.014947
6501,CA,CA,RAWMI,FOOD5,121.44,2.0,1.0,1.0,2.0,0.016469
6618,CA,CA,REALE,PRINT,509.93,2.0,1.0,1.0,2.0,0.003922
7344,CA,CA,SALEM,RADIO,93.7,2.0,1.0,1.0,2.0,0.021345
7313,CA,CA,SALEM,MEAT1,83.98,2.0,1.0,1.0,2.0,0.023815
711,CA,CA,BUSIN,DIST1,78.8,2.0,1.0,1.0,2.0,0.025381
1363,CA,CA,COMPU,LANDT,112.23,2.0,1.0,1.0,2.0,0.017821
7351,CA,CA,SALEM,RESEA,75.14,2.0,1.0,1.0,2.0,0.026617
810,CA,CA,BUSIN,WOODW,111.26,2.0,1.0,1.0,2.0,0.017976
4767,CA,CA,MEATC,RETA1,102.12,2.0,1.0,1.0,2.0,0.019585
6640,CA,CA,REALE,SUPPO,781.59,2.0,1.0,1.0,2.0,0.002559
6967,CA,CA,RETA1,AIRTR,110.81,2.0,1.0,1.0,2.0,0.018049
5180,CA,CA,NATU1,DIST1,214.07,2.0,1.0,1.0,2.0,0.009343
6582,CA,CA,REALE,INSUR,692.73,2.0,1.0,1.0,2.0,0.002887
2456,CA,CA,ELEC3,PUBLI,108.6,2.0,1.0,1.0,2.0,0.018416
5616,CA,CA,PAPER,CHEM1,108.17,2.0,1.0,1.0,2.0,0.018489
6628,CA,CA,REALE,RESEA,747.71,2.0,1.0,1.0,2.0,0.002675
8218,CA,CA,WHOLE,OFFIC,107.61,2.0,1.0,1.0,2.0,0.018586
699,CA,CA,BUSIN,CEREA,107.25,2.0,1.0,1.0,2.0,0.018648
717,CA,CA,BUSIN,ELEC3,106.7,2.0,1.0,1.0,2.0,0.018744
3898,CA,CA,HOTEL,SUPPO,102.36,2.0,1.0,1.0,2.0,0.019539
7289,CA,CA,SALEM,FINAN,106.44,2.0,1.0,1.0,2.0,0.01879
1386,CA,CA,COMPU,OFFIC,106.27,2.0,1.0,1.0,2.0,0.01882
7335,CA,CA,SALEM,PIGS9,76.91,2.0,1.0,1.0,2.0,0.026004
3562,CA,CA,FURNI,NONME,105.89,2.0,1.0,1.0,2.0,0.018888
805,CA,CA,BUSIN,VEGET,105.22,2.0,1.0,1.0,2.0,0.019008
76,CA,CA,AIRTR,CONST,104.52,2.0,1.0,1.0,2.0,0.019135
6086,CA,CA,PREC1,FURNI,78.57,2.0,1.0,1.0,2.0,0.025455
7286,CA,CA,SALEM,ELECT,78.8,2.0,1.0,1.0,2.0,0.025381
8273,CA,CA,WOODW,FABRI,102.95,2.0,1.0,1.0,2.0,0.019427
3390,CA,CA,FORES,FURNI,103.42,2.0,1.0,1.0,2.0,0.019339
1584,CA,CA,COPP1,FOUND,112.24,2.0,1.0,1.0,2.0,0.017819
3269,CA,CA,FISHF,FISHF,112.32,2.0,1.0,1.0,2.0,0.017806
7294,CA,CA,SALEM,FOUND,113.22,2.0,1.0,1.0,2.0,0.017665
3047,CA,CA,FABRI,NONF1,116.26,2.0,1.0,1.0,2.0,0.017203
789,CA,CA,BUSIN,RETA1,121.03,2.0,1.0,1.0,2.0,0.016525
3301,CA,CA,FOOD5,CHEM1,120.99,2.0,1.0,1.0,2.0,0.01653
7042,CA,CA,RETA1,MEMBE,119.82,2.0,1.0,1.0,2.0,0.016692
7067,CA,CA,RETA1,RADIO,119.32,2.0,1.0,1.0,2.0,0.016762
790,CA,CA,BUSIN,RETAI,119.1,2.0,1.0,1.0,2.0,0.016793
2026,CA,CA,EDUCA,FINAN,82.69,2.0,1.0,1.0,2.0,0.024187
758,CA,CA,BUSIN,MOTOR,82.65,2.0,1.0,1.0,2.0,0.024198
4478,CA,CA,LEATH,RETA1,96.24,2.0,1.0,1.0,2.0,0.020781
1142,CA,CA,CHEM1,RUBBE,118.21,2.0,1.0,1.0,2.0,0.016919
6615,CA,CA,REALE,POSTT,745.93,2.0,1.0,1.0,2.0,0.002681
2461,CA,CA,ELEC3,REALE,116.35,2.0,1.0,1.0,2.0,0.01719
3088,CA,CA,FABRI,WOODW,115.74,2.0,1.0,1.0,2.0,0.01728
7246,CA,CA,SALEM,ANIMA,74.73,2.0,1.0,1.0,2.0,0.026763
3598,CA,CA,FURNI,WOODW,115.72,2.0,1.0,1.0,2.0,0.017283
7021,CA,CA,RETA1,GLASS,115.12,2.0,1.0,1.0,2.0,0.017373
8114,CA,CA,WEARI,RETA1,97.51,2.0,1.0,1.0,2.0,0.020511
7140,CA,CA,RUBBE,CHEM1,114.99,2.0,1.0,1.0,2.0,0.017393
271,CA,CA,AUXIL,CATTL,149.03,2.0,1.0,1.0,2.0,0.01342
7526,CA,CA,SEACO,WHOLE,97.63,2.0,1.0,1.0,2.0,0.020486
3554,CA,CA,FURNI,MOTO1,100.76,2.0,1.0,1.0,2.0,0.019849
5613,CA,CA,PAPER,CEMEN,114.76,2.0,1.0,1.0,2.0,0.017428
7041,CA,CA,RETA1,MEDIC,80.49,2.0,1.0,1.0,2.0,0.024848
2057,CA,CA,EDUCA,POSTT,74.66,2.0,1.0,1.0,2.0,0.026788
800,CA,CA,BUSIN,TRAN1,101.51,2.0,1.0,1.0,2.0,0.019702
6968,CA,CA,RETA1,ALUM1,114.97,2.0,1.0,1.0,2.0,0.017396
6405,CA,CA,RADIO,TRANS,132.4,2.0,1.0,1.0,2.0,0.015106
5946,CA,CA,POSTT,CRUDE,149.12,2.0,1.0,1.0,2.0,0.013412
2492,CA,CA,ELEC4,ALUM1,181.47,2.0,1.0,1.0,2.0,0.011021
3765,CA,CA,GLASS,FOOD5,181.3,2.0,1.0,1.0,2.0,0.011031
168,CA,CA,ALUM1,FURNI,178.72,2.0,1.0,1.0,2.0,0.011191
3209,CA,CA,FINAN,SUPPO,252.07,2.0,1.0,1.0,2.0,0.007934
3201,CA,CA,FINAN,RUBBE,254.1,2.0,1.0,1.0,2.0,0.007871
1687,CA,CA,CRUDE,BIODI,255.79,2.0,1.0,1.0,2.0,0.007819
5183,CA,CA,NATU1,GASDI,257.66,2.0,1.0,1.0,2.0,0.007762
1086,CA,CA,CHEM1,GASDI,176.65,2.0,1.0,1.0,2.0,0.011322
3188,CA,CA,FINAN,PRINT,258.66,2.0,1.0,1.0,2.0,0.007732
3096,CA,CA,FINAN,BASIC,259.65,2.0,1.0,1.0,2.0,0.007703
5144,CA,CA,MOTOR,REALE,261.08,2.0,1.0,1.0,2.0,0.00766
4342,CA,CA,LANDT,OILSE,175.3,2.0,1.0,1.0,2.0,0.011409
313,CA,CA,AUXIL,HOTEL,174.66,2.0,1.0,1.0,2.0,0.011451
5149,CA,CA,MOTOR,RETA1,261.84,2.0,1.0,1.0,2.0,0.007638
285,CA,CA,AUXIL,DAIRY,174.02,2.0,1.0,1.0,2.0,0.011493
1876,CA,CA,DISTR,ALUM1,173.67,2.0,1.0,1.0,2.0,0.011516
4084,CA,CA,INSUR,HEALT,269.4,2.0,1.0,1.0,2.0,0.007424
4305,CA,CA,LANDT,FORES,173.0,2.0,1.0,1.0,2.0,0.011561
3703,CA,CA,GASDI,SALEM,171.68,2.0,1.0,1.0,2.0,0.01165
5166,CA,CA,MOTOR,WHEAT,171.4,2.0,1.0,1.0,2.0,0.011669
358,CA,CA,AUXIL,RAWMI,170.65,2.0,1.0,1.0,2.0,0.01172
3071,CA,CA,FABRI,RUBBE,170.47,2.0,1.0,1.0,2.0,0.011732
5039,CA,CA,MOTO1,TRANS,169.95,2.0,1.0,1.0,2.0,0.011768
4345,CA,CA,LANDT,PFERT,169.78,2.0,1.0,1.0,2.0,0.01178
3142,CA,CA,FINAN,FURNI,277.09,2.0,1.0,1.0,2.0,0.007218
2597,CA,CA,ELEC4,TEXTI,169.42,2.0,1.0,1.0,2.0,0.011805
6685,CA,CA,RECRE,DISTR,168.35,2.0,1.0,1.0,2.0,0.01188
3315,CA,CA,FOOD5,FISHF,168.35,2.0,1.0,1.0,2.0,0.01188
2527,CA,CA,ELEC4,FOOD5,167.22,2.0,1.0,1.0,2.0,0.01196
310,CA,CA,AUXIL,GLASS,167.1,2.0,1.0,1.0,2.0,0.011969
7160,CA,CA,RUBBE,FABRI,181.41,2.0,1.0,1.0,2.0,0.011025
4385,CA,CA,LANDT,WHOLE,247.95,2.0,1.0,1.0,2.0,0.008066
3695,CA,CA,GASDI,REALE,163.7,2.0,1.0,1.0,2.0,0.012217
6454,CA,CA,RAILW,MOTO1,182.14,2.0,1.0,1.0,2.0,0.010981
3694,CA,CA,GASDI,RAWMI,207.99,2.0,1.0,1.0,2.0,0.009616
6213,CA,CA,PUBLI,AUXIL,215.8,2.0,1.0,1.0,2.0,0.009268
3149,CA,CA,FINAN,HYDRO,205.88,2.0,1.0,1.0,2.0,0.009714
3185,CA,CA,FINAN,POSTT,219.51,2.0,1.0,1.0,2.0,0.009111
298,CA,CA,AUXIL,ELECT,220.04,2.0,1.0,1.0,2.0,0.009089
1958,CA,CA,DISTR,POSTT,203.62,2.0,1.0,1.0,2.0,0.009822
3690,CA,CA,GASDI,PUBLI,224.11,2.0,1.0,1.0,2.0,0.008924
357,CA,CA,AUXIL,RAILW,203.01,2.0,1.0,1.0,2.0,0.009852
3110,CA,CA,FINAN,CHEM1,202.0,2.0,1.0,1.0,2.0,0.009901
4951,CA,CA,MEMBE,PFERT,66.22,2.0,1.0,1.0,2.0,0.030202
5090,CA,CA,MOTOR,FORES,199.67,2.0,1.0,1.0,2.0,0.010017
5145,CA,CA,MOTOR,RECRE,232.33,2.0,1.0,1.0,2.0,0.008608
3140,CA,CA,FINAN,FORES,198.61,2.0,1.0,1.0,2.0,0.01007
2589,CA,CA,ELEC4,SALEM,198.45,2.0,1.0,1.0,2.0,0.010078
872,CA,CA,CEMEN,CRUDE,234.79,2.0,1.0,1.0,2.0,0.008518
3912,CA,CA,HYDRO,CHEM1,196.25,2.0,1.0,1.0,2.0,0.010191
302,CA,CA,AUXIL,FISH5,196.0,2.0,1.0,1.0,2.0,0.010204
2534,CA,CA,ELEC4,HEALT,195.03,2.0,1.0,1.0,2.0,0.010255
3909,CA,CA,HYDRO,BITU1,191.47,2.0,1.0,1.0,2.0,0.010446
4363,CA,CA,LANDT,RETA1,190.98,2.0,1.0,1.0,2.0,0.010472
6189,CA,CA,PRINT,PUBLI,190.93,2.0,1.0,1.0,2.0,0.010475
3178,CA,CA,FINAN,OILSE,239.95,2.0,1.0,1.0,2.0,0.008335
5096,CA,CA,MOTOR,HEALT,243.66,2.0,1.0,1.0,2.0,0.008208
5104,CA,CA,MOTOR,LANDT,186.11,2.0,1.0,1.0,2.0,0.010746
5043,CA,CA,MOTOR,93197,185.86,2.0,1.0,1.0,2.0,0.010761
5070,CA,CA,MOTOR,CRUDE,245.37,2.0,1.0,1.0,2.0,0.008151
1968,CA,CA,DISTR,RECRE,184.16,2.0,1.0,1.0,2.0,0.01086
4278,CA,CA,LANDT,CHEM1,183.89,2.0,1.0,1.0,2.0,0.010876
1879,CA,CA,DISTR,BASIC,183.05,2.0,1.0,1.0,2.0,0.010926
7231,CA,CA,RUBBE,TEXTI,164.24,2.0,1.0,1.0,2.0,0.012177
350,CA,CA,AUXIL,POULT,177.1,2.0,1.0,1.0,2.0,0.011293
293,CA,CA,AUXIL,ELEC4,156.82,2.0,1.0,1.0,2.0,0.012753
1983,CA,CA,DISTR,TEXTI,162.44,2.0,1.0,1.0,2.0,0.012312
4086,CA,CA,INSUR,HOTEL,307.4,2.0,1.0,1.0,2.0,0.006506
1515,CA,CA,CONST,OILSE,159.6,2.0,1.0,1.0,2.0,0.012531
4971,CA,CA,MEMBE,SALEM,62.07,2.0,1.0,1.0,2.0,0.032222
3077,CA,CA,FABRI,SUPPO,160.08,2.0,1.0,1.0,2.0,0.012494
3151,CA,CA,FINAN,INSUR,307.7,2.0,1.0,1.0,2.0,0.0065
6655,CA,CA,RECRE,93197,160.9,2.0,1.0,1.0,2.0,0.01243
7122,CA,CA,RUBBE,93197,157.92,2.0,1.0,1.0,2.0,0.012665
203,CA,CA,ALUM1,TRANS,161.17,2.0,1.0,1.0,2.0,0.012409
6691,CA,CA,RECRE,ELEC4,161.46,2.0,1.0,1.0,2.0,0.012387
3090,CA,CA,FINAN,93197,315.14,2.0,1.0,1.0,2.0,0.006346
1913,CA,CA,DISTR,FOOD5,157.5,2.0,1.0,1.0,2.0,0.012698
5641,CA,CA,PAPER,FURNI,155.81,2.0,1.0,1.0,2.0,0.012836
8132,CA,CA,WHEAT,CATTL,161.87,2.0,1.0,1.0,2.0,0.012356
355,CA,CA,AUXIL,PULP5,162.09,2.0,1.0,1.0,2.0,0.012339
2504,CA,CA,ELEC4,BUSIN,157.75,2.0,1.0,1.0,2.0,0.012678
3115,CA,CA,FINAN,COMPU,294.58,2.0,1.0,1.0,2.0,0.006789
2496,CA,CA,ELEC4,BASIC,162.61,2.0,1.0,1.0,2.0,0.012299
4032,CA,CA,INSUR,AUXIL,327.59,2.0,1.0,1.0,2.0,0.006105
333,CA,CA,AUXIL,MOTOR,157.19,2.0,1.0,1.0,2.0,0.012723
287,CA,CA,AUXIL,DISTR,163.59,2.0,1.0,1.0,2.0,0.012226
3136,CA,CA,FINAN,FINAN,304.32,2.0,1.0,1.0,2.0,0.006572
4243,CA,CA,KEROS,MOTOR,163.12,2.0,1.0,1.0,2.0,0.012261
3360,CA,CA,FOOD5,RUBBE,159.0,2.0,1.0,1.0,2.0,0.012579
1689,CA,CA,CRUDE,BITU1,323.37,2.0,1.0,1.0,2.0,0.006185
1096,CA,CA,CHEM1,LANDT,156.73,2.0,1.0,1.0,2.0,0.012761
8298,CA,CA,WOODW,MOTO1,52.07,1.0,1.0,1.0,1.0,0.019205
3944,CA,CA,HYDRO,PETRO,65.13,1.0,1.0,1.0,1.0,0.015354
1786,CA,CA,DIST1,ALUM1,50.64,1.0,1.0,1.0,1.0,0.019747
1863,CA,CA,DIST1,SUPPO,62.42,1.0,1.0,1.0,1.0,0.016021
6913,CA,CA,RESEA,MOTO1,50.78,1.0,1.0,1.0,1.0,0.019693
7830,CA,CA,TEXTI,MOTO1,50.9,1.0,1.0,1.0,1.0,0.019646
8023,CA,CA,TRANS,SEACO,62.71,1.0,1.0,1.0,1.0,0.015946
446,CA,CA,BASIC,HEALT,63.09,1.0,1.0,1.0,1.0,0.01585
3539,CA,CA,FURNI,HOTEL,50.91,1.0,1.0,1.0,1.0,0.019643
7209,CA,CA,RUBBE,PRINT,51.02,1.0,1.0,1.0,1.0,0.0196
723,CA,CA,BUSIN,ELECT,62.76,1.0,1.0,1.0,1.0,0.015934
4026,CA,CA,INLAN,WHOLE,52.49,1.0,1.0,1.0,1.0,0.019051
7903,CA,CA,TRAN1,FABRI,61.18,1.0,1.0,1.0,1.0,0.016345
3477,CA,CA,FOUND,RADIO,51.17,1.0,1.0,1.0,1.0,0.019543
2067,CA,CA,EDUCA,RETA1,51.5,1.0,1.0,1.0,1.0,0.019417
3017,CA,CA,FABRI,FOUND,52.19,1.0,1.0,1.0,1.0,0.019161
1785,CA,CA,DIST1,AIRTR,51.77,1.0,1.0,1.0,1.0,0.019316
1357,CA,CA,COMPU,HOTEL,52.19,1.0,1.0,1.0,1.0,0.019161
7942,CA,CA,TRAN1,NONME,52.46,1.0,1.0,1.0,1.0,0.019062
385,CA,CA,AUXIL,WHEAT,52.15,1.0,1.0,1.0,1.0,0.019175
8301,CA,CA,WOODW,NONF1,51.9,1.0,1.0,1.0,1.0,0.019268
3803,CA,CA,GLASS,TEXTI,51.9,1.0,1.0,1.0,1.0,0.019268
6464,CA,CA,RAILW,POSTT,52.03,1.0,1.0,1.0,1.0,0.01922
7318,CA,CA,SALEM,MEDIC,61.07,1.0,1.0,1.0,1.0,0.016375
7876,CA,CA,TRAN1,BEVER,52.25,1.0,1.0,1.0,1.0,0.019139
4999,CA,CA,MOTO1,COKIN,52.06,1.0,1.0,1.0,1.0,0.019209
7819,CA,CA,TEXTI,HOTEL,50.63,1.0,1.0,1.0,1.0,0.019751
3448,CA,CA,FOUND,CONST,51.82,1.0,1.0,1.0,1.0,0.019298
7904,CA,CA,TRAN1,FINAN,57.64,1.0,1.0,1.0,1.0,0.017349
3809,CA,CA,GLASS,WOODW,50.6,1.0,1.0,1.0,1.0,0.019763
1464,CA,CA,CONST,ELEC1,48.97,1.0,1.0,1.0,1.0,0.020421
1268,CA,CA,COKEO,CRUDE,49.45,1.0,1.0,1.0,1.0,0.020222
1552,CA,CA,CONST,TRANS,49.25,1.0,1.0,1.0,1.0,0.020305
279,CA,CA,AUXIL,COKIN,49.04,1.0,1.0,1.0,1.0,0.020392
7389,CA,CA,SANDC,CERAM,61.71,1.0,1.0,1.0,1.0,0.016205
1963,CA,CA,DISTR,PULP5,61.65,1.0,1.0,1.0,1.0,0.016221
7463,CA,CA,SEACO,CHEM1,61.56,1.0,1.0,1.0,1.0,0.016244
7702,CA,CA,SUPPO,FABRI,48.99,1.0,1.0,1.0,1.0,0.020412
713,CA,CA,BUSIN,EDUCA,48.96,1.0,1.0,1.0,1.0,0.020425
1893,CA,CA,DISTR,CHEM1,49.48,1.0,1.0,1.0,1.0,0.02021
1510,CA,CA,CONST,NONF1,48.94,1.0,1.0,1.0,1.0,0.020433
1836,CA,CA,DIST1,OILSE,48.91,1.0,1.0,1.0,1.0,0.020446
2350,CA,CA,ELEC2,RETA1,48.77,1.0,1.0,1.0,1.0,0.020504
3565,CA,CA,FURNI,PAPER,48.72,1.0,1.0,1.0,1.0,0.020525
1916,CA,CA,DISTR,FURNI,61.26,1.0,1.0,1.0,1.0,0.016324
378,CA,CA,AUXIL,TRAN1,48.43,1.0,1.0,1.0,1.0,0.020648
1802,CA,CA,DIST1,COKIN,61.48,1.0,1.0,1.0,1.0,0.016265
1946,CA,CA,DISTR,NONF1,61.84,1.0,1.0,1.0,1.0,0.016171
7200,CA,CA,RUBBE,PAPER,61.86,1.0,1.0,1.0,1.0,0.016166
859,CA,CA,CEMEN,BASIC,62.19,1.0,1.0,1.0,1.0,0.01608
1107,CA,CA,CHEM1,MEDIC,49.96,1.0,1.0,1.0,1.0,0.020016
3797,CA,CA,GLASS,RUBBE,62.16,1.0,1.0,1.0,1.0,0.016088
6042,CA,CA,POSTT,VEGET,50.5,1.0,1.0,1.0,1.0,0.019802
2155,CA,CA,ELEC1,BRICK,50.46,1.0,1.0,1.0,1.0,0.019818
755,CA,CA,BUSIN,MEDIC,50.36,1.0,1.0,1.0,1.0,0.019857
1098,CA,CA,CHEM1,LEATH,50.35,1.0,1.0,1.0,1.0,0.019861
793,CA,CA,BUSIN,SEACO,52.55,1.0,1.0,1.0,1.0,0.019029
5644,CA,CA,PAPER,GLASS,50.1,1.0,1.0,1.0,1.0,0.01996
7948,CA,CA,TRAN1,PFERT,65.36,1.0,1.0,1.0,1.0,0.0153
8237,CA,CA,WHOLE,WEARI,49.51,1.0,1.0,1.0,1.0,0.020198
6769,CA,CA,RECRE,TRAN1,49.91,1.0,1.0,1.0,1.0,0.020036
7569,CA,CA,STONE,MOTOR,49.85,1.0,1.0,1.0,1.0,0.02006
1670,CA,CA,CROPS,RETA1,49.75,1.0,1.0,1.0,1.0,0.020101
286,CA,CA,AUXIL,DIST1,49.73,1.0,1.0,1.0,1.0,0.020109
2469,CA,CA,ELEC3,SALEM,49.66,1.0,1.0,1.0,1.0,0.020137
1103,CA,CA,CHEM1,MEAT4,49.62,1.0,1.0,1.0,1.0,0.020153
3068,CA,CA,FABRI,RESEA,49.58,1.0,1.0,1.0,1.0,0.020169
3510,CA,CA,FURNI,CEMEN,50.35,1.0,1.0,1.0,1.0,0.019861
7674,CA,CA,SUPPO,ANIMA,53.47,1.0,1.0,1.0,1.0,0.018702
1821,CA,CA,DIST1,INSUR,60.86,1.0,1.0,1.0,1.0,0.016431
5932,CA,CA,POSTT,BUSIN,56.1,1.0,1.0,1.0,1.0,0.017825
5310,CA,CA,NONF1,GLASS,58.21,1.0,1.0,1.0,1.0,0.017179
3672,CA,CA,GASDI,NATUR,63.77,1.0,1.0,1.0,1.0,0.015681
1585,CA,CA,COPP1,FURNI,55.71,1.0,1.0,1.0,1.0,0.01795
6221,CA,CA,PUBLI,BUSIN,64.19,1.0,1.0,1.0,1.0,0.015579
4358,CA,CA,LANDT,REALE,64.28,1.0,1.0,1.0,1.0,0.015557
683,CA,CA,BUSIN,ANIMA,58.32,1.0,1.0,1.0,1.0,0.017147
733,CA,CA,BUSIN,GASDI,64.38,1.0,1.0,1.0,1.0,0.015533
2466,CA,CA,ELEC3,RETA1,64.71,1.0,1.0,1.0,1.0,0.015454
3298,CA,CA,FOOD5,BUSIN,63.68,1.0,1.0,1.0,1.0,0.015704
7014,CA,CA,RETA1,FISHF,58.52,1.0,1.0,1.0,1.0,0.017088
1788,CA,CA,DIST1,AUXIL,55.55,1.0,1.0,1.0,1.0,0.018002
2513,CA,CA,ELEC4,COMPU,55.53,1.0,1.0,1.0,1.0,0.018008
7987,CA,CA,TRAN1,WOODW,59.07,1.0,1.0,1.0,1.0,0.016929
4300,CA,CA,LANDT,FABRI,55.4,1.0,1.0,1.0,1.0,0.018051
2560,CA,CA,ELEC4,NONF1,64.73,1.0,1.0,1.0,1.0,0.015449
6426,CA,CA,RAILW,CRUDE,55.81,1.0,1.0,1.0,1.0,0.017918
7863,CA,CA,TEXTI,VEGET,56.17,1.0,1.0,1.0,1.0,0.017803
5099,CA,CA,MOTOR,HYDRO,65.02,1.0,1.0,1.0,1.0,0.01538
1420,CA,CA,COMPU,TRAN2,56.43,1.0,1.0,1.0,1.0,0.017721
5612,CA,CA,PAPER,BUSIN,64.03,1.0,1.0,1.0,1.0,0.015618
5132,CA,CA,MOTOR,PIGS9,57.5,1.0,1.0,1.0,1.0,0.017391
2577,CA,CA,ELEC4,PULP5,64.09,1.0,1.0,1.0,1.0,0.015603
135,CA,CA,AIRTR,SUPPO,57.48,1.0,1.0,1.0,1.0,0.017397
3716,CA,CA,GASDI,VEGET,57.4,1.0,1.0,1.0,1.0,0.017422
1155,CA,CA,CHEM1,TRANS,57.31,1.0,1.0,1.0,1.0,0.017449
3343,CA,CA,FOOD5,PAPER,57.79,1.0,1.0,1.0,1.0,0.017304
7959,CA,CA,TRAN1,RAWMI,64.13,1.0,1.0,1.0,1.0,0.015593
3661,CA,CA,GASDI,MEAT1,57.25,1.0,1.0,1.0,1.0,0.017467
5686,CA,CA,PAPER,RESEA,57.91,1.0,1.0,1.0,1.0,0.017268
5645,CA,CA,PAPER,HEALT,57.2,1.0,1.0,1.0,1.0,0.017483
4303,CA,CA,LANDT,FISHF,58.04,1.0,1.0,1.0,1.0,0.017229
863,CA,CA,CEMEN,CEMEN,57.18,1.0,1.0,1.0,1.0,0.017489
7474,CA,CA,SEACO,FORES,56.86,1.0,1.0,1.0,1.0,0.017587
1541,CA,CA,CONST,SEACO,56.65,1.0,1.0,1.0,1.0,0.017652
7234,CA,CA,RUBBE,TRANS,59.22,1.0,1.0,1.0,1.0,0.016886
8198,CA,CA,WHOLE,FURNI,55.38,1.0,1.0,1.0,1.0,0.018057
2331,CA,CA,ELEC2,PAPER,59.47,1.0,1.0,1.0,1.0,0.016815
2034,CA,CA,EDUCA,HOTEL,61.28,1.0,1.0,1.0,1.0,0.016319
5004,CA,CA,MOTO1,FABRI,53.75,1.0,1.0,1.0,1.0,0.018605
4997,CA,CA,MOTO1,BUSIN,59.94,1.0,1.0,1.0,1.0,0.016683
1508,CA,CA,CONST,NATUR,59.98,1.0,1.0,1.0,1.0,0.016672
6756,CA,CA,RECRE,RETA1,63.38,1.0,1.0,1.0,1.0,0.015778
303,CA,CA,AUXIL,FISHF,53.74,1.0,1.0,1.0,1.0,0.018608
2572,CA,CA,ELEC4,POSTT,53.67,1.0,1.0,1.0,1.0,0.018632
1436,CA,CA,CONST,BEVER,53.53,1.0,1.0,1.0,1.0,0.018681
7386,CA,CA,SANDC,BRICK,64.77,1.0,1.0,1.0,1.0,0.015439
7179,CA,CA,RUBBE,LEATH,53.5,1.0,1.0,1.0,1.0,0.018692
6421,CA,CA,RAILW,CHEM1,64.93,1.0,1.0,1.0,1.0,0.015401
7717,CA,CA,SUPPO,INSUR,53.45,1.0,1.0,1.0,1.0,0.018709
1448,CA,CA,CONST,CEREA,53.41,1.0,1.0,1.0,1.0,0.018723
2286,CA,CA,ELEC2,EDUCA,53.3,1.0,1.0,1.0,1.0,0.018762
1846,CA,CA,DIST1,PRINT,60.68,1.0,1.0,1.0,1.0,0.01648
2415,CA,CA,ELEC3,HEALT,52.91,1.0,1.0,1.0,1.0,0.0189
6063,CA,CA,POULT,MEATC,53.97,1.0,1.0,1.0,1.0,0.018529
3767,CA,CA,GLASS,FURNI,59.7,1.0,1.0,1.0,1.0,0.01675
6004,CA,CA,POSTT,OILSE,53.99,1.0,1.0,1.0,1.0,0.018522
5098,CA,CA,MOTOR,HOTEL,54.69,1.0,1.0,1.0,1.0,0.018285
6410,CA,CA,RAILW,AIRTR,55.36,1.0,1.0,1.0,1.0,0.018064
7869,CA,CA,TOBAC,TOBAC,48.14,1.0,1.0,1.0,1.0,0.020773
7741,CA,CA,SUPPO,PAPER,55.14,1.0,1.0,1.0,1.0,0.018136
2575,CA,CA,ELEC4,PRINT,59.58,1.0,1.0,1.0,1.0,0.016784
335,CA,CA,AUXIL,NATU1,54.93,1.0,1.0,1.0,1.0,0.018205
7009,CA,CA,RETA1,ELECT,54.72,1.0,1.0,1.0,1.0,0.018275
7858,CA,CA,TEXTI,SUPPO,54.64,1.0,1.0,1.0,1.0,0.018302
1796,CA,CA,DIST1,CATTL,54.33,1.0,1.0,1.0,1.0,0.018406
6292,CA,CA,PUBLI,RESEA,63.64,1.0,1.0,1.0,1.0,0.015713
1514,CA,CA,CONST,OFFIC,54.61,1.0,1.0,1.0,1.0,0.018312
1961,CA,CA,DISTR,PRINT,54.49,1.0,1.0,1.0,1.0,0.018352
4638,CA,CA,MEAT1,RETA1,64.75,1.0,1.0,1.0,1.0,0.015444
1092,CA,CA,CHEM1,HYDRO,54.44,1.0,1.0,1.0,1.0,0.018369
5942,CA,CA,POSTT,COMPU,59.7,1.0,1.0,1.0,1.0,0.01675
5708,CA,CA,PAPER,WHOLE,48.37,1.0,1.0,1.0,1.0,0.020674
7334,CA,CA,SALEM,PFERT,37.14,1.0,1.0,1.0,1.0,0.026925
274,CA,CA,AUXIL,CEREA,47.95,1.0,1.0,1.0,1.0,0.020855
1336,CA,CA,COMPU,ELEC3,34.39,1.0,1.0,1.0,1.0,0.029078
1576,CA,CA,COPP1,CONST,34.36,1.0,1.0,1.0,1.0,0.029104
5656,CA,CA,PAPER,MEAT1,34.29,1.0,1.0,1.0,1.0,0.029163
3383,CA,CA,FORES,CONST,33.92,1.0,1.0,1.0,1.0,0.029481
7324,CA,CA,SALEM,NATUR,33.68,1.0,1.0,1.0,1.0,0.029691
3451,CA,CA,FOUND,ELECT,33.63,1.0,1.0,1.0,1.0,0.029735
6375,CA,CA,RADIO,LANDT,33.59,1.0,1.0,1.0,1.0,0.029771
3971,CA,CA,INLAN,CHEM1,33.5,1.0,1.0,1.0,1.0,0.029851
1335,CA,CA,COMPU,ELEC2,33.48,1.0,1.0,1.0,1.0,0.029869
4886,CA,CA,MEMBE,CHEM1,33.45,1.0,1.0,1.0,1.0,0.029895
6515,CA,CA,RAWMI,RAWMI,33.39,1.0,1.0,1.0,1.0,0.029949
1776,CA,CA,DAIRY,SALEM,33.12,1.0,1.0,1.0,1.0,0.030193
1380,CA,CA,COMPU,NATUR,32.96,1.0,1.0,1.0,1.0,0.03034
3854,CA,CA,HEALT,SUPPO,32.94,1.0,1.0,1.0,1.0,0.030358
3887,CA,CA,HOTEL,PRINT,32.56,1.0,1.0,1.0,1.0,0.030713
6520,CA,CA,RAWMI,WHOLE,32.52,1.0,1.0,1.0,1.0,0.03075
3253,CA,CA,FISH5,RETA1,14.02,1.0,1.0,1.0,1.0,0.071327
4938,CA,CA,MEMBE,MOTO1,14.39,1.0,1.0,1.0,1.0,0.069493
2293,CA,CA,ELEC2,FOOD5,34.39,1.0,1.0,1.0,1.0,0.029078
6922,CA,CA,RESEA,OFFIC,34.48,1.0,1.0,1.0,1.0,0.029002
4734,CA,CA,MEATA,RETA1,32.4,1.0,1.0,1.0,1.0,0.030864
753,CA,CA,BUSIN,MEATC,34.5,1.0,1.0,1.0,1.0,0.028986
7365,CA,CA,SALEM,TOBAC,36.89,1.0,1.0,1.0,1.0,0.027108
518,CA,CA,BEVER,LANDT,36.82,1.0,1.0,1.0,1.0,0.027159
4864,CA,CA,MEDIC,TEXTI,36.76,1.0,1.0,1.0,1.0,0.027203
760,CA,CA,BUSIN,NATU1,36.65,1.0,1.0,1.0,1.0,0.027285
1174,CA,CA,CHEMI,BRICK,36.3,1.0,1.0,1.0,1.0,0.027548
8246,CA,CA,WOODW,BEVER,36.26,1.0,1.0,1.0,1.0,0.027579
4964,CA,CA,MEMBE,RECRE,35.89,1.0,1.0,1.0,1.0,0.027863
4921,CA,CA,MEMBE,HOTEL,35.86,1.0,1.0,1.0,1.0,0.027886
93,CA,CA,AIRTR,FORES,35.82,1.0,1.0,1.0,1.0,0.027917
6495,CA,CA,RAWMI,CATTL,35.67,1.0,1.0,1.0,1.0,0.028035
7772,CA,CA,SUPPO,TRANS,35.49,1.0,1.0,1.0,1.0,0.028177
7317,CA,CA,SALEM,MEATP,35.18,1.0,1.0,1.0,1.0,0.028425
2361,CA,CA,ELEC2,TEXTI,34.97,1.0,1.0,1.0,1.0,0.028596
7090,CA,CA,RETA1,TRAN2,34.96,1.0,1.0,1.0,1.0,0.028604
2468,CA,CA,ELEC3,RUBBE,34.89,1.0,1.0,1.0,1.0,0.028662
8277,CA,CA,WOODW,FORES,34.89,1.0,1.0,1.0,1.0,0.028662
21,CA,CA,93197,EDUCA,34.72,1.0,1.0,1.0,1.0,0.028802
6371,CA,CA,RADIO,HEALT,32.48,1.0,1.0,1.0,1.0,0.030788
7732,CA,CA,SUPPO,MOTOR,32.32,1.0,1.0,1.0,1.0,0.030941
7695,CA,CA,SUPPO,CRUDE,36.94,1.0,1.0,1.0,1.0,0.027071
1299,CA,CA,COMPU,93197,26.77,1.0,1.0,1.0,1.0,0.037355
3815,CA,CA,HEALT,BUSIN,26.17,1.0,1.0,1.0,1.0,0.038212
7303,CA,CA,SALEM,INLAN,25.88,1.0,1.0,1.0,1.0,0.03864
48,CA,CA,93197,PUBLI,25.34,1.0,1.0,1.0,1.0,0.039463
7356,CA,CA,SALEM,SANDC,25.29,1.0,1.0,1.0,1.0,0.039541
7464,CA,CA,SEACO,COMPU,25.21,1.0,1.0,1.0,1.0,0.039667
4912,CA,CA,MEMBE,FOOD5,16.07,1.0,1.0,1.0,1.0,0.062228
4871,CA,CA,MEMBE,AIRTR,16.89,1.0,1.0,1.0,1.0,0.059207
1376,CA,CA,COMPU,MOTO1,25.1,1.0,1.0,1.0,1.0,0.039841
3238,CA,CA,FISH5,FISHF,24.95,1.0,1.0,1.0,1.0,0.04008
4986,CA,CA,MEMBE,WHOLE,19.2,1.0,1.0,1.0,1.0,0.052083
4949,CA,CA,MEMBE,PAPER,20.51,1.0,1.0,1.0,1.0,0.048757
8179,CA,CA,WHOLE,BASIC,24.79,1.0,1.0,1.0,1.0,0.040339
7088,CA,CA,RETA1,TOBAC,24.53,1.0,1.0,1.0,1.0,0.040766
4970,CA,CA,MEMBE,RUBBE,23.41,1.0,1.0,1.0,1.0,0.042717
4877,CA,CA,MEMBE,BEVER,21.72,1.0,1.0,1.0,1.0,0.046041
30,CA,CA,93197,HOTEL,22.07,1.0,1.0,1.0,1.0,0.04531
8002,CA,CA,TRANS,HOTEL,65.89,1.0,1.0,1.0,1.0,0.015177
6892,CA,CA,RESEA,HEALT,26.55,1.0,1.0,1.0,1.0,0.037665
763,CA,CA,BUSIN,NONF1,26.78,1.0,1.0,1.0,1.0,0.037341
8213,CA,CA,WHOLE,MOTO1,32.03,1.0,1.0,1.0,1.0,0.031221
8234,CA,CA,WHOLE,TEXTI,27.87,1.0,1.0,1.0,1.0,0.035881
8117,CA,CA,WEARI,SALEM,31.35,1.0,1.0,1.0,1.0,0.031898
6368,CA,CA,RADIO,FURNI,31.14,1.0,1.0,1.0,1.0,0.032113
4922,CA,CA,MEMBE,HYDRO,14.71,1.0,1.0,1.0,1.0,0.067981
6865,CA,CA,RESEA,CRUDE,31.09,1.0,1.0,1.0,1.0,0.032165
4788,CA,CA,MEATP,FOOD5,30.83,1.0,1.0,1.0,1.0,0.032436
6969,CA,CA,RETA1,ANIMA,30.66,1.0,1.0,1.0,1.0,0.032616
7054,CA,CA,RETA1,OILSE,30.55,1.0,1.0,1.0,1.0,0.032733
809,CA,CA,BUSIN,WHOLE,30.53,1.0,1.0,1.0,1.0,0.032755
1780,CA,CA,DAIRY,VEGE1,30.39,1.0,1.0,1.0,1.0,0.032906
8236,CA,CA,WHOLE,TRANS,30.11,1.0,1.0,1.0,1.0,0.033212
780,CA,CA,BUSIN,PULP5,30.0,1.0,1.0,1.0,1.0,0.033333
826,CA,CA,CATTL,FOOD5,29.93,1.0,1.0,1.0,1.0,0.033411
727,CA,CA,BUSIN,FISH5,29.67,1.0,1.0,1.0,1.0,0.033704
7264,CA,CA,SALEM,CHEMI,29.23,1.0,1.0,1.0,1.0,0.034211
7032,CA,CA,RETA1,LEATH,28.88,1.0,1.0,1.0,1.0,0.034626
8109,CA,CA,WEARI,PUBLI,28.72,1.0,1.0,1.0,1.0,0.034819
8229,CA,CA,WHOLE,RETA1,28.26,1.0,1.0,1.0,1.0,0.035386
704,CA,CA,BUSIN,COKIN,36.92,1.0,1.0,1.0,1.0,0.027086
3531,CA,CA,FURNI,FOOD5,37.26,1.0,1.0,1.0,1.0,0.026838
2604,CA,CA,ELEC4,WEARI,47.75,1.0,1.0,1.0,1.0,0.020942
2376,CA,CA,ELEC3,ALUM1,45.15,1.0,1.0,1.0,1.0,0.022148
6926,CA,CA,RESEA,PFERT,45.08,1.0,1.0,1.0,1.0,0.022183
1990,CA,CA,DISTR,WEARI,45.03,1.0,1.0,1.0,1.0,0.022207
5422,CA,CA,NONME,MEDIC,44.85,1.0,1.0,1.0,1.0,0.022297
3571,CA,CA,FURNI,PRINT,44.6,1.0,1.0,1.0,1.0,0.022422
7316,CA,CA,SALEM,MEATC,44.46,1.0,1.0,1.0,1.0,0.022492
1445,CA,CA,CONST,CATTL,44.46,1.0,1.0,1.0,1.0,0.022492
6679,CA,CA,RECRE,CONST,44.31,1.0,1.0,1.0,1.0,0.022568
7747,CA,CA,SUPPO,POSTT,44.3,1.0,1.0,1.0,1.0,0.022573
1431,CA,CA,CONST,ALUM1,43.73,1.0,1.0,1.0,1.0,0.022868
2477,CA,CA,ELEC3,TEXTI,43.68,1.0,1.0,1.0,1.0,0.022894
2229,CA,CA,ELEC1,REALE,43.66,1.0,1.0,1.0,1.0,0.022904
512,CA,CA,BEVER,FISHF,43.42,1.0,1.0,1.0,1.0,0.023031
3395,CA,CA,FORES,LANDT,43.26,1.0,1.0,1.0,1.0,0.023116
8065,CA,CA,VEGET,RETA1,43.25,1.0,1.0,1.0,1.0,0.023121
2409,CA,CA,ELEC3,FOOD5,43.11,1.0,1.0,1.0,1.0,0.023196
7725,CA,CA,SUPPO,MEAT1,43.02,1.0,1.0,1.0,1.0,0.023245
1197,CA,CA,CHEMI,GLASS,42.92,1.0,1.0,1.0,1.0,0.023299
1516,CA,CA,CONST,PAPER,45.14,1.0,1.0,1.0,1.0,0.022153
3069,CA,CA,FABRI,RETA1,45.29,1.0,1.0,1.0,1.0,0.02208
8187,CA,CA,WHOLE,COMPU,42.58,1.0,1.0,1.0,1.0,0.023485
321,CA,CA,AUXIL,LEATH,45.31,1.0,1.0,1.0,1.0,0.02207
2582,CA,CA,ELEC4,RECRE,47.73,1.0,1.0,1.0,1.0,0.020951
6869,CA,CA,RESEA,EDUCA,47.38,1.0,1.0,1.0,1.0,0.021106
5969,CA,CA,POSTT,FURNI,46.87,1.0,1.0,1.0,1.0,0.021336
6757,CA,CA,RECRE,RETAI,46.86,1.0,1.0,1.0,1.0,0.02134
7026,CA,CA,RETA1,INLAN,46.81,1.0,1.0,1.0,1.0,0.021363
715,CA,CA,BUSIN,ELEC1,46.75,1.0,1.0,1.0,1.0,0.02139
7309,CA,CA,SALEM,LEATH,46.69,1.0,1.0,1.0,1.0,0.021418
7039,CA,CA,RETA1,MEATC,46.62,1.0,1.0,1.0,1.0,0.02145
5544,CA,CA,OFFIC,ELEC1,46.47,1.0,1.0,1.0,1.0,0.021519
1875,CA,CA,DISTR,AIRTR,46.35,1.0,1.0,1.0,1.0,0.021575
5636,CA,CA,PAPER,FISH5,46.14,1.0,1.0,1.0,1.0,0.021673
1833,CA,CA,DIST1,NONME,46.12,1.0,1.0,1.0,1.0,0.021683
3376,CA,CA,FORES,BUSIN,46.11,1.0,1.0,1.0,1.0,0.021687
6046,CA,CA,POSTT,WHOLE,46.11,1.0,1.0,1.0,1.0,0.021687
7172,CA,CA,RUBBE,HOTEL,46.08,1.0,1.0,1.0,1.0,0.021701
292,CA,CA,AUXIL,ELEC3,45.95,1.0,1.0,1.0,1.0,0.021763
6689,CA,CA,RECRE,ELEC2,45.45,1.0,1.0,1.0,1.0,0.022002
3581,CA,CA,FURNI,RETA1,42.76,1.0,1.0,1.0,1.0,0.023386
7040,CA,CA,RETA1,MEATP,42.51,1.0,1.0,1.0,1.0,0.023524
1512,CA,CA,CONST,NONME,37.35,1.0,1.0,1.0,1.0,0.026774
1416,CA,CA,COMPU,SUPPO,39.48,1.0,1.0,1.0,1.0,0.025329
1396,CA,CA,COMPU,PRINT,39.31,1.0,1.0,1.0,1.0,0.025439
531,CA,CA,BEVER,RETA1,39.14,1.0,1.0,1.0,1.0,0.025549
52,CA,CA,93197,RETA1,39.09,1.0,1.0,1.0,1.0,0.025582
1330,CA,CA,COMPU,DIST1,39.07,1.0,1.0,1.0,1.0,0.025595
832,CA,CA,CATTL,LEATH,38.83,1.0,1.0,1.0,1.0,0.025753
7554,CA,CA,STONE,GASDI,38.82,1.0,1.0,1.0,1.0,0.02576
719,CA,CA,BUSIN,ELEC5,38.81,1.0,1.0,1.0,1.0,0.025767
7036,CA,CA,RETA1,MEAT1,38.46,1.0,1.0,1.0,1.0,0.026001
8183,CA,CA,WHOLE,BUSIN,38.43,1.0,1.0,1.0,1.0,0.026021
1419,CA,CA,COMPU,TRAN1,38.24,1.0,1.0,1.0,1.0,0.026151
161,CA,CA,ALUM1,CONST,38.0,1.0,1.0,1.0,1.0,0.026316
7238,CA,CA,RUBBE,WEARI,37.95,1.0,1.0,1.0,1.0,0.02635
8282,CA,CA,WOODW,GLASS,37.91,1.0,1.0,1.0,1.0,0.026378
1037,CA,CA,CHEM1,ALUM1,37.77,1.0,1.0,1.0,1.0,0.026476
7187,CA,CA,RUBBE,MEDIC,37.75,1.0,1.0,1.0,1.0,0.02649
5447,CA,CA,NONME,SALEM,37.55,1.0,1.0,1.0,1.0,0.026631
2353,CA,CA,ELEC2,SALEM,37.42,1.0,1.0,1.0,1.0,0.026724
5635,CA,CA,PAPER,FABRI,39.42,1.0,1.0,1.0,1.0,0.025368
3049,CA,CA,FABRI,NONME,39.51,1.0,1.0,1.0,1.0,0.02531
2004,CA,CA,EDUCA,BUSIN,42.25,1.0,1.0,1.0,1.0,0.023669
6984,CA,CA,RETA1,CERAM,39.56,1.0,1.0,1.0,1.0,0.025278
7783,CA,CA,TEXTI,ANIMA,42.12,1.0,1.0,1.0,1.0,0.023742
5709,CA,CA,PAPER,WOODW,41.79,1.0,1.0,1.0,1.0,0.023929
7771,CA,CA,SUPPO,TRAN2,41.68,1.0,1.0,1.0,1.0,0.023992
3361,CA,CA,FOOD5,SALEM,41.54,1.0,1.0,1.0,1.0,0.024073
1100,CA,CA,CHEM1,LIQUE,41.13,1.0,1.0,1.0,1.0,0.024313
3822,CA,CA,HEALT,EDUCA,41.02,1.0,1.0,1.0,1.0,0.024378
2993,CA,CA,FABRI,BUSIN,40.72,1.0,1.0,1.0,1.0,0.024558
2379,CA,CA,ELEC3,BASIC,40.66,1.0,1.0,1.0,1.0,0.024594
6393,CA,CA,RADIO,RECRE,40.58,1.0,1.0,1.0,1.0,0.024643
2224,CA,CA,ELEC1,PUBLI,40.35,1.0,1.0,1.0,1.0,0.024783
2299,CA,CA,ELEC2,HEALT,40.0,1.0,1.0,1.0,1.0,0.025
3366,CA,CA,FOOD5,VEGE1,39.93,1.0,1.0,1.0,1.0,0.025044
8303,CA,CA,WOODW,NONME,39.91,1.0,1.0,1.0,1.0,0.025056
6127,CA,CA,PRINT,BEVER,39.85,1.0,1.0,1.0,1.0,0.025094
8340,CA,CA,WOODW,WHOLE,39.64,1.0,1.0,1.0,1.0,0.025227
7194,CA,CA,RUBBE,NONF1,39.63,1.0,1.0,1.0,1.0,0.025233
2386,CA,CA,ELEC3,BUSIN,39.57,1.0,1.0,1.0,1.0,0.025272
1549,CA,CA,CONST,TOBAC,65.41,1.0,1.0,1.0,1.0,0.015288
549,CA,CA,BIODI,DISTR,60.97,1.0,1.0,1.0,1.0,0.016402
7765,CA,CA,SUPPO,SEACO,66.02,1.0,1.0,1.0,1.0,0.015147
5423,CA,CA,NONME,MOTO1,103.37,1.0,1.0,1.0,1.0,0.009674
4350,CA,CA,LANDT,POULT,103.22,1.0,1.0,1.0,1.0,0.009688
1890,CA,CA,DISTR,CEMEN,102.97,1.0,1.0,1.0,1.0,0.009712
3647,CA,CA,GASDI,HEALT,102.86,1.0,1.0,1.0,1.0,0.009722
4346,CA,CA,LANDT,PIGS9,102.81,1.0,1.0,1.0,1.0,0.009727
630,CA,CA,BIOGA,ELEC2,101.86,1.0,1.0,1.0,1.0,0.009817
6240,CA,CA,PUBLI,ELEC4,101.44,1.0,1.0,1.0,1.0,0.009858
4277,CA,CA,LANDT,CEREA,101.03,1.0,1.0,1.0,1.0,0.009898
2585,CA,CA,ELEC4,RESEA,100.94,1.0,1.0,1.0,1.0,0.009907
2338,CA,CA,ELEC2,PREC1,100.59,1.0,1.0,1.0,1.0,0.009941
1478,CA,CA,CONST,FORES,100.47,1.0,1.0,1.0,1.0,0.009953
1178,CA,CA,CHEMI,CHEM1,99.7,1.0,1.0,1.0,1.0,0.01003
7619,CA,CA,SUGA1,HOTEL,99.02,1.0,1.0,1.0,1.0,0.010099
2541,CA,CA,ELEC4,LANDT,98.75,1.0,1.0,1.0,1.0,0.010127
6275,CA,CA,PUBLI,OFFIC,98.74,1.0,1.0,1.0,1.0,0.010128
4053,CA,CA,INSUR,COMPU,98.37,1.0,1.0,1.0,1.0,0.010166
7794,CA,CA,TEXTI,CHEMI,97.53,1.0,1.0,1.0,1.0,0.010253
7870,CA,CA,TRAN1,93197,97.38,1.0,1.0,1.0,1.0,0.010269
7541,CA,CA,STONE,CEMEN,103.22,1.0,1.0,1.0,1.0,0.009688
3935,CA,CA,HYDRO,LUBRI,103.5,1.0,1.0,1.0,1.0,0.009662
3143,CA,CA,FINAN,GASDI,96.63,1.0,1.0,1.0,1.0,0.010349
6013,CA,CA,POSTT,PRINT,103.75,1.0,1.0,1.0,1.0,0.009639
3599,CA,CA,GASDI,93197,108.63,1.0,1.0,1.0,1.0,0.009206
6186,CA,CA,PRINT,POSTT,108.35,1.0,1.0,1.0,1.0,0.009229
6793,CA,CA,REFI1,KEROS,108.12,1.0,1.0,1.0,1.0,0.009249
2232,CA,CA,ELEC1,RESEA,107.95,1.0,1.0,1.0,1.0,0.009264
6488,CA,CA,RAILW,WHOLE,107.94,1.0,1.0,1.0,1.0,0.009264
2506,CA,CA,ELEC4,CEMEN,107.04,1.0,1.0,1.0,1.0,0.009342
1476,CA,CA,CONST,FISHF,106.7,1.0,1.0,1.0,1.0,0.009372
6234,CA,CA,PUBLI,DISTR,106.23,1.0,1.0,1.0,1.0,0.009414
4077,CA,CA,INSUR,FOOD5,105.77,1.0,1.0,1.0,1.0,0.009454
4138,CA,CA,INSUR,RETAI,105.51,1.0,1.0,1.0,1.0,0.009478
4383,CA,CA,LANDT,WHEAT,105.51,1.0,1.0,1.0,1.0,0.009478
6804,CA,CA,REFI1,REFI1,104.86,1.0,1.0,1.0,1.0,0.009537
1850,CA,CA,DIST1,RAWMI,104.6,1.0,1.0,1.0,1.0,0.00956
5918,CA,CA,POSTT,AIRTR,104.41,1.0,1.0,1.0,1.0,0.009578
5101,CA,CA,MOTOR,INSUR,104.07,1.0,1.0,1.0,1.0,0.009609
1192,CA,CA,CHEMI,FOOD5,103.98,1.0,1.0,1.0,1.0,0.009617
7884,CA,CA,TRAN1,BUSIN,103.83,1.0,1.0,1.0,1.0,0.009631
2554,CA,CA,ELEC4,MOTO1,96.95,1.0,1.0,1.0,1.0,0.010315
328,CA,CA,AUXIL,MEATC,96.61,1.0,1.0,1.0,1.0,0.010351
2345,CA,CA,ELEC2,REALE,88.18,1.0,1.0,1.0,1.0,0.01134
2568,CA,CA,ELEC4,PFERT,92.37,1.0,1.0,1.0,1.0,0.010826
5307,CA,CA,NONF1,FOUND,91.95,1.0,1.0,1.0,1.0,0.010875
3937,CA,CA,HYDRO,NAPHT,91.91,1.0,1.0,1.0,1.0,0.01088
2399,CA,CA,ELEC3,CRUDE,91.37,1.0,1.0,1.0,1.0,0.010945
513,CA,CA,BEVER,FOOD5,91.07,1.0,1.0,1.0,1.0,0.010981
4136,CA,CA,INSUR,RESEA,90.92,1.0,1.0,1.0,1.0,0.010999
2964,CA,CA,ELECT,RADIO,90.91,1.0,1.0,1.0,1.0,0.011
3290,CA,CA,FOOD5,ANIMA,90.83,1.0,1.0,1.0,1.0,0.01101
6034,CA,CA,POSTT,SUPPO,90.63,1.0,1.0,1.0,1.0,0.011034
2580,CA,CA,ELEC4,RAWMI,90.58,1.0,1.0,1.0,1.0,0.01104
4061,CA,CA,INSUR,EDUCA,90.53,1.0,1.0,1.0,1.0,0.011046
5088,CA,CA,MOTOR,FISHF,90.34,1.0,1.0,1.0,1.0,0.011069
7967,CA,CA,TRAN1,RUBBE,89.24,1.0,1.0,1.0,1.0,0.011206
4066,CA,CA,INSUR,ELEC4,89.2,1.0,1.0,1.0,1.0,0.011211
1954,CA,CA,DISTR,PFERT,88.85,1.0,1.0,1.0,1.0,0.011255
4080,CA,CA,INSUR,FURNI,88.7,1.0,1.0,1.0,1.0,0.011274
387,CA,CA,AUXIL,WHOLE,88.5,1.0,1.0,1.0,1.0,0.011299
7611,CA,CA,SUGA1,DAIRY,88.33,1.0,1.0,1.0,1.0,0.011321
3649,CA,CA,GASDI,HOTEL,92.3,1.0,1.0,1.0,1.0,0.010834
347,CA,CA,AUXIL,PIGS9,92.45,1.0,1.0,1.0,1.0,0.010817
3700,CA,CA,GASDI,RETA1,96.23,1.0,1.0,1.0,1.0,0.010392
5143,CA,CA,MOTOR,RAWMI,92.51,1.0,1.0,1.0,1.0,0.01081
4486,CA,CA,LEATH,WEARI,96.0,1.0,1.0,1.0,1.0,0.010417
2509,CA,CA,ELEC4,CHEM1,95.92,1.0,1.0,1.0,1.0,0.010425
4307,CA,CA,LANDT,FURNI,95.21,1.0,1.0,1.0,1.0,0.010503
3062,CA,CA,FABRI,RADIO,94.92,1.0,1.0,1.0,1.0,0.010535
5950,CA,CA,POSTT,EDUCA,94.8,1.0,1.0,1.0,1.0,0.010549
4158,CA,CA,INSUR,WHEAT,94.75,1.0,1.0,1.0,1.0,0.010554
7664,CA,CA,SUGAR,PUBLI,94.56,1.0,1.0,1.0,1.0,0.010575
6471,CA,CA,RAILW,RECRE,94.42,1.0,1.0,1.0,1.0,0.010591
3509,CA,CA,FURNI,BUSIN,94.18,1.0,1.0,1.0,1.0,0.010618
1072,CA,CA,CHEM1,ELEC4,94.08,1.0,1.0,1.0,1.0,0.010629
4381,CA,CA,LANDT,VEGET,93.74,1.0,1.0,1.0,1.0,0.010668
1465,CA,CA,CONST,ELEC2,93.38,1.0,1.0,1.0,1.0,0.010709
1940,CA,CA,DISTR,MOTO1,93.21,1.0,1.0,1.0,1.0,0.010728
4701,CA,CA,MEAT4,RETA1,92.88,1.0,1.0,1.0,1.0,0.010767
5547,CA,CA,OFFIC,ELEC4,92.88,1.0,1.0,1.0,1.0,0.010767
4060,CA,CA,INSUR,DISTR,92.87,1.0,1.0,1.0,1.0,0.010768
1077,CA,CA,CHEM1,ELECT,92.56,1.0,1.0,1.0,1.0,0.010804
3191,CA,CA,FINAN,RADIO,109.62,1.0,1.0,1.0,1.0,0.009122
1721,CA,CA,CRUDE,PETRO,109.8,1.0,1.0,1.0,1.0,0.009107
5168,CA,CA,MOTOR,WHOLE,110.18,1.0,1.0,1.0,1.0,0.009076
5777,CA,CA,PFERT,CHEM1,158.87,1.0,1.0,1.0,1.0,0.006294
3211,CA,CA,FINAN,TOBAC,156.27,1.0,1.0,1.0,1.0,0.006399
3175,CA,CA,FINAN,NONME,154.86,1.0,1.0,1.0,1.0,0.006457
3193,CA,CA,FINAN,RAWMI,154.37,1.0,1.0,1.0,1.0,0.006478
1712,CA,CA,CRUDE,MEAT4,153.81,1.0,1.0,1.0,1.0,0.006502
4260,CA,CA,LANDT,93197,153.45,1.0,1.0,1.0,1.0,0.006517
4127,CA,CA,INSUR,PUBLI,153.14,1.0,1.0,1.0,1.0,0.00653
5151,CA,CA,MOTOR,RUBBE,152.48,1.0,1.0,1.0,1.0,0.006558
5061,CA,CA,MOTOR,CEREA,152.32,1.0,1.0,1.0,1.0,0.006565
1716,CA,CA,CRUDE,NAPHT,152.15,1.0,1.0,1.0,1.0,0.006572
4034,CA,CA,INSUR,BASIC,152.14,1.0,1.0,1.0,1.0,0.006573
3198,CA,CA,FINAN,RESEA,149.85,1.0,1.0,1.0,1.0,0.006673
4366,CA,CA,LANDT,SALEM,149.34,1.0,1.0,1.0,1.0,0.006696
7914,CA,CA,TRAN1,HEALT,144.83,1.0,1.0,1.0,1.0,0.006905
3122,CA,CA,FINAN,DISTR,138.57,1.0,1.0,1.0,1.0,0.007217
4261,CA,CA,LANDT,AIRTR,135.74,1.0,1.0,1.0,1.0,0.007367
4304,CA,CA,LANDT,FOOD5,134.88,1.0,1.0,1.0,1.0,0.007414
7875,CA,CA,TRAN1,BASIC,134.67,1.0,1.0,1.0,1.0,0.007426
3179,CA,CA,FINAN,PAPER,157.72,1.0,1.0,1.0,1.0,0.00634
3214,CA,CA,FINAN,TRANS,159.82,1.0,1.0,1.0,1.0,0.006257
343,CA,CA,AUXIL,OILSE,110.38,1.0,1.0,1.0,1.0,0.00906
4148,CA,CA,INSUR,SUPPO,161.11,1.0,1.0,1.0,1.0,0.006207
6573,CA,CA,REALE,FURNI,377.98,1.0,1.0,1.0,1.0,0.002646
6641,CA,CA,REALE,TEXTI,375.41,1.0,1.0,1.0,1.0,0.002664
6649,CA,CA,REALE,WEARI,361.96,1.0,1.0,1.0,1.0,0.002763
6550,CA,CA,REALE,CRUDE,294.32,1.0,1.0,1.0,1.0,0.003398
6625,CA,CA,REALE,RECRE,266.97,1.0,1.0,1.0,1.0,0.003746
6631,CA,CA,REALE,RUBBE,266.87,1.0,1.0,1.0,1.0,0.003747
6597,CA,CA,REALE,MEMBE,259.29,1.0,1.0,1.0,1.0,0.003857
6528,CA,CA,REALE,BEVER,249.41,1.0,1.0,1.0,1.0,0.004009
6566,CA,CA,REALE,FABRI,235.9,1.0,1.0,1.0,1.0,0.004239
4047,CA,CA,INSUR,CEREA,201.09,1.0,1.0,1.0,1.0,0.004973
3094,CA,CA,FINAN,AUXIL,188.72,1.0,1.0,1.0,1.0,0.005299
3222,CA,CA,FINAN,WOODW,185.23,1.0,1.0,1.0,1.0,0.005399
3106,CA,CA,FINAN,CATTL,184.84,1.0,1.0,1.0,1.0,0.00541
1711,CA,CA,CRUDE,LUBRI,174.3,1.0,1.0,1.0,1.0,0.005737
3943,CA,CA,HYDRO,NONSP,174.26,1.0,1.0,1.0,1.0,0.005739
1734,CA,CA,CRUDE,WHOLE,169.45,1.0,1.0,1.0,1.0,0.005901
6570,CA,CA,REALE,FOOD5,165.88,1.0,1.0,1.0,1.0,0.006028
338,CA,CA,AUXIL,NONF1,133.96,1.0,1.0,1.0,1.0,0.007465
3128,CA,CA,FINAN,ELEC4,133.32,1.0,1.0,1.0,1.0,0.007501
4028,CA,CA,INSUR,93197,132.14,1.0,1.0,1.0,1.0,0.007568
2490,CA,CA,ELEC4,93197,131.98,1.0,1.0,1.0,1.0,0.007577
1281,CA,CA,COKIN,COKEO,117.49,1.0,1.0,1.0,1.0,0.008511
369,CA,CA,AUXIL,SEACO,116.83,1.0,1.0,1.0,1.0,0.008559
4035,CA,CA,INSUR,BEVER,116.37,1.0,1.0,1.0,1.0,0.008593
5917,CA,CA,POSTT,93197,115.42,1.0,1.0,1.0,1.0,0.008664
5001,CA,CA,MOTO1,CONST,115.04,1.0,1.0,1.0,1.0,0.008693
4105,CA,CA,INSUR,MOTO1,114.26,1.0,1.0,1.0,1.0,0.008752
4043,CA,CA,INSUR,BUSIN,114.23,1.0,1.0,1.0,1.0,0.008754
5058,CA,CA,MOTOR,CATTL,114.14,1.0,1.0,1.0,1.0,0.008761
4029,CA,CA,INSUR,AIRTR,113.89,1.0,1.0,1.0,1.0,0.00878
1045,CA,CA,CHEM1,BIOGA,112.35,1.0,1.0,1.0,1.0,0.008901
6020,CA,CA,POSTT,RECRE,112.07,1.0,1.0,1.0,1.0,0.008923
4074,CA,CA,INSUR,FINAN,111.82,1.0,1.0,1.0,1.0,0.008943
5135,CA,CA,MOTOR,POSTT,111.23,1.0,1.0,1.0,1.0,0.00899
3651,CA,CA,GASDI,INLAN,111.07,1.0,1.0,1.0,1.0,0.009003
5328,CA,CA,NONF1,NONME,110.96,1.0,1.0,1.0,1.0,0.009012
3192,CA,CA,FINAN,RAILW,110.78,1.0,1.0,1.0,1.0,0.009027
3120,CA,CA,FINAN,DAIRY,110.68,1.0,1.0,1.0,1.0,0.009035
288,CA,CA,AUXIL,EDUCA,117.54,1.0,1.0,1.0,1.0,0.008508
383,CA,CA,AUXIL,VEGET,117.73,1.0,1.0,1.0,1.0,0.008494
2698,CA,CA,ELEC5,RESEA,118.08,1.0,1.0,1.0,1.0,0.008469
3614,CA,CA,GASDI,CATTL,126.9,1.0,1.0,1.0,1.0,0.00788
7976,CA,CA,TRAN1,TEXTI,131.45,1.0,1.0,1.0,1.0,0.007607
5074,CA,CA,MOTOR,EDUCA,130.94,1.0,1.0,1.0,1.0,0.007637
4274,CA,CA,LANDT,CATTL,130.27,1.0,1.0,1.0,1.0,0.007676
1789,CA,CA,DIST1,BASIC,129.6,1.0,1.0,1.0,1.0,0.007716
7907,CA,CA,TRAN1,FOOD5,128.08,1.0,1.0,1.0,1.0,0.007808
5316,CA,CA,NONF1,LEAD1,127.58,1.0,1.0,1.0,1.0,0.007838
4233,CA,CA,KEROS,GASDI,127.06,1.0,1.0,1.0,1.0,0.00787
1842,CA,CA,DIST1,POSTT,126.82,1.0,1.0,1.0,1.0,0.007885
4130,CA,CA,INSUR,RAILW,118.89,1.0,1.0,1.0,1.0,0.008411
4331,CA,CA,LANDT,MOTO1,124.61,1.0,1.0,1.0,1.0,0.008025
3168,CA,CA,FINAN,MOTOR,124.05,1.0,1.0,1.0,1.0,0.008061
308,CA,CA,AUXIL,GASDI,122.44,1.0,1.0,1.0,1.0,0.008167
2536,CA,CA,ELEC4,HOTEL,121.94,1.0,1.0,1.0,1.0,0.008201
1852,CA,CA,DIST1,RECRE,121.52,1.0,1.0,1.0,1.0,0.008229
5047,CA,CA,MOTOR,AUXIL,120.38,1.0,1.0,1.0,1.0,0.008307
3667,CA,CA,GASDI,MEMBE,119.51,1.0,1.0,1.0,1.0,0.008368
7916,CA,CA,TRAN1,HOTEL,88.29,1.0,1.0,1.0,1.0,0.011326
3109,CA,CA,FINAN,CEREA,164.9,1.0,1.0,1.0,1.0,0.006064
7242,CA,CA,RUBBE,WOODW,77.18,1.0,1.0,1.0,1.0,0.012957
4396,CA,CA,LEAD1,CHEM1,76.19,1.0,1.0,1.0,1.0,0.013125
1518,CA,CA,CONST,PFERT,68.23,1.0,1.0,1.0,1.0,0.014656
5647,CA,CA,PAPER,HOTEL,76.13,1.0,1.0,1.0,1.0,0.013135
1548,CA,CA,CONST,TEXTI,76.05,1.0,1.0,1.0,1.0,0.013149
7852,CA,CA,TEXTI,RUBBE,69.91,1.0,1.0,1.0,1.0,0.014304
1815,CA,CA,DIST1,FOUND,75.92,1.0,1.0,1.0,1.0,0.013172
1042,CA,CA,CHEM1,BEVER,70.04,1.0,1.0,1.0,1.0,0.014278
7823,CA,CA,TEXTI,LEATH,75.89,1.0,1.0,1.0,1.0,0.013177
2608,CA,CA,ELEC4,WOODW,75.76,1.0,1.0,1.0,1.0,0.0132
7886,CA,CA,TRAN1,CEMEN,75.75,1.0,1.0,1.0,1.0,0.013201
5705,CA,CA,PAPER,WEARI,75.7,1.0,1.0,1.0,1.0,0.01321
550,CA,CA,BIODI,EDUCA,75.65,1.0,1.0,1.0,1.0,0.013219
3182,CA,CA,FINAN,PIGS9,75.59,1.0,1.0,1.0,1.0,0.013229
6286,CA,CA,PUBLI,RADIO,75.2,1.0,1.0,1.0,1.0,0.013298
462,CA,CA,BASIC,NATUR,75.06,1.0,1.0,1.0,1.0,0.013323
7049,CA,CA,RETA1,NONF1,66.22,1.0,1.0,1.0,1.0,0.015101
272,CA,CA,AUXIL,CEMEN,68.17,1.0,1.0,1.0,1.0,0.014669
7483,CA,CA,SEACO,LANDT,74.95,1.0,1.0,1.0,1.0,0.013342
3900,CA,CA,HOTEL,TRANS,66.71,1.0,1.0,1.0,1.0,0.01499
7678,CA,CA,SUPPO,BEVER,76.61,1.0,1.0,1.0,1.0,0.013053
448,CA,CA,BASIC,HYDRO,74.51,1.0,1.0,1.0,1.0,0.013421
7013,CA,CA,RETA1,FISH5,69.85,1.0,1.0,1.0,1.0,0.014316
682,CA,CA,BUSIN,ALUM1,68.39,1.0,1.0,1.0,1.0,0.014622
1840,CA,CA,DIST1,PIGS9,69.07,1.0,1.0,1.0,1.0,0.014478
2283,CA,CA,ELEC2,CRUDE,69.13,1.0,1.0,1.0,1.0,0.014465
1816,CA,CA,DIST1,FURNI,78.85,1.0,1.0,1.0,1.0,0.012682
5722,CA,CA,PETRO,CRUDE,69.49,1.0,1.0,1.0,1.0,0.014391
1300,CA,CA,COMPU,AIRTR,66.74,1.0,1.0,1.0,1.0,0.014984
3040,CA,CA,FABRI,MEDIC,69.82,1.0,1.0,1.0,1.0,0.014323
5029,CA,CA,MOTO1,RECRE,66.56,1.0,1.0,1.0,1.0,0.015024
7763,CA,CA,SUPPO,RUBBE,78.66,1.0,1.0,1.0,1.0,0.012713
2447,CA,CA,ELEC3,PAPER,78.49,1.0,1.0,1.0,1.0,0.01274
4523,CA,CA,LUBRI,CONST,78.12,1.0,1.0,1.0,1.0,0.012801
1909,CA,CA,DISTR,FABRI,77.31,1.0,1.0,1.0,1.0,0.012935
3650,CA,CA,GASDI,HYDRO,77.3,1.0,1.0,1.0,1.0,0.012937
3567,CA,CA,FURNI,PFERT,77.3,1.0,1.0,1.0,1.0,0.012937
1530,CA,CA,CONST,RAWMI,76.97,1.0,1.0,1.0,1.0,0.012992
2524,CA,CA,ELEC4,FINAN,76.92,1.0,1.0,1.0,1.0,0.013001
7934,CA,CA,TRAN1,MOTO1,76.65,1.0,1.0,1.0,1.0,0.013046
1557,CA,CA,CONST,WHEAT,74.81,1.0,1.0,1.0,1.0,0.013367
7196,CA,CA,RUBBE,NONME,74.36,1.0,1.0,1.0,1.0,0.013448
1050,CA,CA,CHEM1,BUSIN,79.14,1.0,1.0,1.0,1.0,0.012636
1994,CA,CA,DISTR,WOODW,72.24,1.0,1.0,1.0,1.0,0.013843
2997,CA,CA,FABRI,CHEM1,67.89,1.0,1.0,1.0,1.0,0.01473
1741,CA,CA,DAIRY,BEVER,72.0,1.0,1.0,1.0,1.0,0.013889
3513,CA,CA,FURNI,CHEM1,71.94,1.0,1.0,1.0,1.0,0.0139
4468,CA,CA,LEATH,LEATH,71.9,1.0,1.0,1.0,1.0,0.013908
1477,CA,CA,CONST,FOOD5,66.03,1.0,1.0,1.0,1.0,0.015145
6424,CA,CA,RAILW,CONST,71.77,1.0,1.0,1.0,1.0,0.013933
6296,CA,CA,PUBLI,SALEM,71.76,1.0,1.0,1.0,1.0,0.013935
7339,CA,CA,SALEM,POULT,71.65,1.0,1.0,1.0,1.0,0.013957
7241,CA,CA,RUBBE,WHOLE,71.6,1.0,1.0,1.0,1.0,0.013966
697,CA,CA,BUSIN,CEMEN,70.36,1.0,1.0,1.0,1.0,0.014213
5136,CA,CA,MOTOR,POULT,67.89,1.0,1.0,1.0,1.0,0.01473
2402,CA,CA,ELEC3,EDUCA,70.36,1.0,1.0,1.0,1.0,0.014213
6682,CA,CA,RECRE,CRUDE,70.6,1.0,1.0,1.0,1.0,0.014164
8133,CA,CA,WHEAT,CEREA,70.92,1.0,1.0,1.0,1.0,0.0141
5445,CA,CA,NONME,RETA1,71.18,1.0,1.0,1.0,1.0,0.014049
1848,CA,CA,DIST1,PULP5,71.5,1.0,1.0,1.0,1.0,0.013986
8014,CA,CA,TRANS,RAILW,67.62,1.0,1.0,1.0,1.0,0.014789
2953,CA,CA,ELECT,MEDIC,70.36,1.0,1.0,1.0,1.0,0.014213
3643,CA,CA,GASDI,FURNI,72.48,1.0,1.0,1.0,1.0,0.013797
2562,CA,CA,ELEC4,NONME,74.21,1.0,1.0,1.0,1.0,0.013475
1185,CA,CA,CHEMI,CRUDE,72.51,1.0,1.0,1.0,1.0,0.013791
7921,CA,CA,TRAN1,LANDT,73.68,1.0,1.0,1.0,1.0,0.013572
497,CA,CA,BASIC,WOODW,73.67,1.0,1.0,1.0,1.0,0.013574
5577,CA,CA,OILSE,HOTEL,73.67,1.0,1.0,1.0,1.0,0.013574
1803,CA,CA,DIST1,COMPU,70.14,1.0,1.0,1.0,1.0,0.014257
6791,CA,CA,REFI1,HEAVY,70.2,1.0,1.0,1.0,1.0,0.014245
484,CA,CA,BASIC,RUBBE,67.21,1.0,1.0,1.0,1.0,0.014879
1982,CA,CA,DISTR,SUPPO,73.45,1.0,1.0,1.0,1.0,0.013615
1444,CA,CA,CONST,BUSIN,70.3,1.0,1.0,1.0,1.0,0.014225
5698,CA,CA,PAPER,TOBAC,73.17,1.0,1.0,1.0,1.0,0.013667
6247,CA,CA,PUBLI,FINAN,70.36,1.0,1.0,1.0,1.0,0.014213
626,CA,CA,BIOGA,DISTR,72.56,1.0,1.0,1.0,1.0,0.013782
4281,CA,CA,LANDT,COMPU,68.04,1.0,1.0,1.0,1.0,0.014697
5057,CA,CA,MOTOR,BUSIN,68.01,1.0,1.0,1.0,1.0,0.014704
5783,CA,CA,PFERT,DIST1,72.55,1.0,1.0,1.0,1.0,0.013784
2497,CA,CA,ELEC4,BEVER,66.14,1.0,1.0,1.0,1.0,0.015119
5002,CA,CA,MOTO1,CRUDE,67.92,1.0,1.0,1.0,1.0,0.014723
7017,CA,CA,RETA1,FOUND,72.55,1.0,1.0,1.0,1.0,0.013784
3060,CA,CA,FABRI,PUBLI,79.08,1.0,1.0,1.0,1.0,0.012645
1948,CA,CA,DISTR,NONME,71.38,1.0,1.0,1.0,1.0,0.01401
3432,CA,CA,FORES,WHOLE,85.68,1.0,1.0,1.0,1.0,0.011671
1880,CA,CA,DISTR,BEVER,80.93,1.0,1.0,1.0,1.0,0.012356
1878,CA,CA,DISTR,AUXIL,68.81,1.0,1.0,1.0,1.0,0.014533
3217,CA,CA,FINAN,VEGET,83.44,1.0,1.0,1.0,1.0,0.011985
6795,CA,CA,REFI1,LIQUE,68.94,1.0,1.0,1.0,1.0,0.014505
4301,CA,CA,LANDT,FINAN,66.69,1.0,1.0,1.0,1.0,0.014995
1043,CA,CA,CHEM1,BIODI,81.15,1.0,1.0,1.0,1.0,0.012323
2607,CA,CA,ELEC4,WHOLE,81.39,1.0,1.0,1.0,1.0,0.012287
329,CA,CA,AUXIL,MEATP,85.85,1.0,1.0,1.0,1.0,0.011648
6289,CA,CA,PUBLI,REALE,84.23,1.0,1.0,1.0,1.0,0.011872
1596,CA,CA,COPP1,NONF1,68.55,1.0,1.0,1.0,1.0,0.014588
5311,CA,CA,NONF1,HEALT,84.47,1.0,1.0,1.0,1.0,0.011839
1162,CA,CA,CHEM1,WHOLE,81.65,1.0,1.0,1.0,1.0,0.012247
4273,CA,CA,LANDT,BUSIN,84.89,1.0,1.0,1.0,1.0,0.01178
6409,CA,CA,RAILW,93197,81.75,1.0,1.0,1.0,1.0,0.012232
2340,CA,CA,ELEC2,PUBLI,81.93,1.0,1.0,1.0,1.0,0.012206
1115,CA,CA,CHEM1,NONF1,85.29,1.0,1.0,1.0,1.0,0.011725
1547,CA,CA,CONST,SUPPO,84.89,1.0,1.0,1.0,1.0,0.01178
3204,CA,CA,FINAN,SEACO,85.28,1.0,1.0,1.0,1.0,0.011726
1435,CA,CA,CONST,BASIC,84.99,1.0,1.0,1.0,1.0,0.011766
7866,CA,CA,TEXTI,WHOLE,81.96,1.0,1.0,1.0,1.0,0.012201
1088,CA,CA,CHEM1,GLASS,85.14,1.0,1.0,1.0,1.0,0.011745
2523,CA,CA,ELEC4,FABRI,82.28,1.0,1.0,1.0,1.0,0.012154
3010,CA,CA,FABRI,ELECT,83.2,1.0,1.0,1.0,1.0,0.012019
1468,CA,CA,CONST,ELEC5,82.41,1.0,1.0,1.0,1.0,0.012134
1698,CA,CA,CRUDE,FISH5,80.95,1.0,1.0,1.0,1.0,0.012353
1797,CA,CA,DIST1,CEMEN,66.98,1.0,1.0,1.0,1.0,0.01493
3171,CA,CA,FINAN,NATUR,80.91,1.0,1.0,1.0,1.0,0.012359
1966,CA,CA,DISTR,RAWMI,87.17,1.0,1.0,1.0,1.0,0.011472
1041,CA,CA,CHEM1,BASIC,67.18,1.0,1.0,1.0,1.0,0.014885
7433,CA,CA,SANDC,PUBLI,83.54,1.0,1.0,1.0,1.0,0.01197
1631,CA,CA,CROPS,BEVER,88.06,1.0,1.0,1.0,1.0,0.011356
4847,CA,CA,MEDIC,OFFIC,79.26,1.0,1.0,1.0,1.0,0.012617
3721,CA,CA,GASDI,WOODW,79.32,1.0,1.0,1.0,1.0,0.012607
2530,CA,CA,ELEC4,FURNI,79.96,1.0,1.0,1.0,1.0,0.012506
5062,CA,CA,MOTOR,CHEM1,80.53,1.0,1.0,1.0,1.0,0.012418
973,CA,CA,CEREA,CHEM1,87.72,1.0,1.0,1.0,1.0,0.0114
6232,CA,CA,PUBLI,CRUDE,83.75,1.0,1.0,1.0,1.0,0.01194
3751,CA,CA,GLASS,CHEM1,68.55,1.0,1.0,1.0,1.0,0.014588
330,CA,CA,AUXIL,MEDIC,68.42,1.0,1.0,1.0,1.0,0.014616
3138,CA,CA,FINAN,FISHF,80.57,1.0,1.0,1.0,1.0,0.012412
3219,CA,CA,FINAN,WHEAT,80.81,1.0,1.0,1.0,1.0,0.012375
3092,CA,CA,FINAN,ALUM1,68.98,1.0,1.0,1.0,1.0,0.014497
4357,CA,CA,LANDT,RAWMI,85.86,1.0,1.0,1.0,1.0,0.011647
6018,CA,CA,POSTT,RAWMI,84.1,1.0,1.0,1.0,1.0,0.011891
3821,CA,CA,HEALT,CROPS,69.06,1.0,1.0,1.0,1.0,0.01448
363,CA,CA,AUXIL,RESEA,86.7,1.0,1.0,1.0,1.0,0.011534
2911,CA,CA,ELEC8,RESEA,85.04,1.0,1.0,1.0,1.0,0.011759
3829,CA,CA,HEALT,GASDI,0.14,0.0,0.0,0.0,0.0,0.0
5815,CA,CA,PFERT,PAPER,0.14,0.0,0.0,0.0,0.0,0.0
247,CA,CA,ANIMA,RUBBE,0.15,0.0,0.0,0.0,0.0,0.0
47,CA,CA,93197,PRINT,0.14,0.0,0.0,0.0,0.0,0.0
846,CA,CA,CATTL,RAILW,0.14,0.0,0.0,0.0,0.0,0.0
5910,CA,CA,PLAST,ELEC5,0.14,0.0,0.0,0.0,0.0,0.0
3258,CA,CA,FISH5,TRAN2,0.15,0.0,0.0,0.0,0.0,0.0
6128,CA,CA,PRINT,BIODI,0.14,0.0,0.0,0.0,0.0,0.0
2873,CA,CA,ELEC7,NONME,0.15,0.0,0.0,0.0,0.0,0.0
839,CA,CA,CATTL,OILSE,0.15,0.0,0.0,0.0,0.0,0.0
6114,CA,CA,PRECI,ELEC6,0.14,0.0,0.0,0.0,0.0,0.0
3869,CA,CA,HOTEL,COPP1,0.15,0.0,0.0,0.0,0.0,0.0
7915,CA,CA,TRAN1,HEAVY,0.14,0.0,0.0,0.0,0.0,0.0
3223,CA,CA,FINAN,WOOLS,0.15,0.0,0.0,0.0,0.0,0.0
4069,CA,CA,INSUR,ELEC7,0.14,0.0,0.0,0.0,0.0,0.0
5835,CA,CA,PFERT,WHITE,0.15,0.0,0.0,0.0,0.0,0.0
5559,CA,CA,OILSE,AIRTR,0.14,0.0,0.0,0.0,0.0,0.0
5523,CA,CA,NONSP,RETAI,0.14,0.0,0.0,0.0,0.0,0.0
827,CA,CA,CATTL,FURNI,0.15,0.0,0.0,0.0,0.0,0.0
1473,CA,CA,CONST,ETHAN,0.15,0.0,0.0,0.0,0.0,0.0
7980,CA,CA,TRAN1,URANI,0.15,0.0,0.0,0.0,0.0,0.0
621,CA,CA,BIOGA,COMPU,0.15,0.0,0.0,0.0,0.0,0.0
5156,CA,CA,MOTOR,SUBBI,0.14,0.0,0.0,0.0,0.0,0.0
1015,CA,CA,CEREA,PRINT,0.14,0.0,0.0,0.0,0.0,0.0
3271,CA,CA,FISHF,FURNI,0.14,0.0,0.0,0.0,0.0,0.0
2720,CA,CA,ELEC6,AIRTR,0.14,0.0,0.0,0.0,0.0,0.0
2,CA,CA,93197,AIRTR,0.14,0.0,0.0,0.0,0.0,0.0
4810,CA,CA,MEDIC,AIRTR,0.15,0.0,0.0,0.0,0.0,0.0
5436,CA,CA,NONME,PREC1,0.14,0.0,0.0,0.0,0.0,0.0
2847,CA,CA,ELEC7,FABRI,0.14,0.0,0.0,0.0,0.0,0.0
132,CA,CA,AIRTR,STONE,0.15,0.0,0.0,0.0,0.0,0.0
221,CA,CA,ANIMA,FABRI,0.14,0.0,0.0,0.0,0.0,0.0
6565,CA,CA,REALE,ETHAN,0.15,0.0,0.0,0.0,0.0,0.0
4389,CA,CA,LEAD1,AIRTR,0.14,0.0,0.0,0.0,0.0,0.0
8209,CA,CA,WHOLE,MEAT4,0.15,0.0,0.0,0.0,0.0,0.0
7593,CA,CA,STONE,URANI,0.14,0.0,0.0,0.0,0.0,0.0
7658,CA,CA,SUGAR,FORES,0.14,0.0,0.0,0.0,0.0,0.0
3124,CA,CA,FINAN,ELE12,0.14,0.0,0.0,0.0,0.0,0.0
6672,CA,CA,RECRE,CERAM,0.15,0.0,0.0,0.0,0.0,0.0
1932,CA,CA,DISTR,LUBRI,0.15,0.0,0.0,0.0,0.0,0.0
5800,CA,CA,PFERT,HOTEL,0.15,0.0,0.0,0.0,0.0,0.0
7947,CA,CA,TRAN1,PETRO,0.15,0.0,0.0,0.0,0.0,0.0
2546,CA,CA,ELEC4,LUBRI,0.15,0.0,0.0,0.0,0.0,0.0
6202,CA,CA,PRINT,TEXTI,0.14,0.0,0.0,0.0,0.0,0.0
7697,CA,CA,SUPPO,DIST1,0.15,0.0,0.0,0.0,0.0,0.0
6336,CA,CA,PULP5,RESEA,0.15,0.0,0.0,0.0,0.0,0.0
5122,CA,CA,MOTOR,NFERT,0.15,0.0,0.0,0.0,0.0,0.0
3611,CA,CA,GASDI,BLAST,0.15,0.0,0.0,0.0,0.0,0.0
6274,CA,CA,PUBLI,NONSP,0.15,0.0,0.0,0.0,0.0,0.0
8064,CA,CA,VEGET,RESEA,0.15,0.0,0.0,0.0,0.0,0.0
126,CA,CA,AIRTR,RESEA,0.15,0.0,0.0,0.0,0.0,0.0
3837,CA,CA,HEALT,NATU1,0.15,0.0,0.0,0.0,0.0,0.0
7713,CA,CA,SUPPO,HEAVY,0.15,0.0,0.0,0.0,0.0,0.0
2700,CA,CA,ELEC5,RETAI,0.15,0.0,0.0,0.0,0.0,0.0
7395,CA,CA,SANDC,CROPS,0.15,0.0,0.0,0.0,0.0,0.0
2171,CA,CA,ELEC1,DIST1,0.15,0.0,0.0,0.0,0.0,0.0
8225,CA,CA,WHOLE,RAILW,0.14,0.0,0.0,0.0,0.0,0.0
3724,CA,CA,GASOL,BEVER,0.14,0.0,0.0,0.0,0.0,0.0
5831,CA,CA,PFERT,TRAN1,0.14,0.0,0.0,0.0,0.0,0.0
63,CA,CA,93197,WHOLE,0.15,0.0,0.0,0.0,0.0,0.0
901,CA,CA,CEMEN,RAILW,0.14,0.0,0.0,0.0,0.0,0.0
6493,CA,CA,RAWMI,BITUM,0.14,0.0,0.0,0.0,0.0,0.0
2347,CA,CA,ELEC2,REFI1,0.14,0.0,0.0,0.0,0.0,0.0
96,CA,CA,AIRTR,GLASS,0.14,0.0,0.0,0.0,0.0,0.0
4041,CA,CA,INSUR,BLAST,0.15,0.0,0.0,0.0,0.0,0.0
6664,CA,CA,RECRE,BIOGA,0.15,0.0,0.0,0.0,0.0,0.0
3787,CA,CA,GLASS,PFERT,0.14,0.0,0.0,0.0,0.0,0.0
1378,CA,CA,COMPU,NAPHT,0.14,0.0,0.0,0.0,0.0,0.0
6475,CA,CA,RAILW,RETAI,0.15,0.0,0.0,0.0,0.0,0.0
6742,CA,CA,RECRE,PIGS9,0.15,0.0,0.0,0.0,0.0,0.0
6806,CA,CA,REFI1,RESEA,0.14,0.0,0.0,0.0,0.0,0.0
4960,CA,CA,MEMBE,RADIO,0.14,0.0,0.0,0.0,0.0,0.0
2999,CA,CA,FABRI,COKEO,0.15,0.0,0.0,0.0,0.0,0.0
5322,CA,CA,NONF1,MOTO1,0.15,0.0,0.0,0.0,0.0,0.0
8025,CA,CA,TRANS,SUBBI,0.14,0.0,0.0,0.0,0.0,0.0
8283,CA,CA,WOODW,HEAVY,0.14,0.0,0.0,0.0,0.0,0.0
3396,CA,CA,FORES,LIGNI,0.15,0.0,0.0,0.0,0.0,0.0
5794,CA,CA,PFERT,FABRI,0.15,0.0,0.0,0.0,0.0,0.0
2091,CA,CA,ELE12,BUSIN,0.14,0.0,0.0,0.0,0.0,0.0
7801,CA,CA,TEXTI,DISTR,0.15,0.0,0.0,0.0,0.0,0.0
2442,CA,CA,ELEC3,NONFE,0.14,0.0,0.0,0.0,0.0,0.0
6012,CA,CA,POSTT,PREC1,0.14,0.0,0.0,0.0,0.0,0.0
2088,CA,CA,ELE12,BASIC,0.15,0.0,0.0,0.0,0.0,0.0
7412,CA,CA,SANDC,KERO1,0.07,0.0,0.0,0.0,0.0,0.0
7955,CA,CA,TRAN1,PUBLI,0.14,0.0,0.0,0.0,0.0,0.0
2168,CA,CA,ELEC1,CROPS,0.14,0.0,0.0,0.0,0.0,0.0
1009,CA,CA,CEREA,OILSE,0.13,0.0,0.0,0.0,0.0,0.0
2595,CA,CA,ELEC4,SUGAR,0.13,0.0,0.0,0.0,0.0,0.0
4976,CA,CA,MEMBE,SUGAR,0.13,0.0,0.0,0.0,0.0,0.0
6149,CA,CA,PRINT,ELEC6,0.13,0.0,0.0,0.0,0.0,0.0
941,CA,CA,CERAM,LEAD1,0.13,0.0,0.0,0.0,0.0,0.0
7008,CA,CA,RETA1,ELEC8,0.13,0.0,0.0,0.0,0.0,0.0
2655,CA,CA,ELEC5,KEROS,0.13,0.0,0.0,0.0,0.0,0.0
509,CA,CA,BEVER,EDUCA,0.13,0.0,0.0,0.0,0.0,0.0
2736,CA,CA,ELEC6,CEREA,0.13,0.0,0.0,0.0,0.0,0.0
1048,CA,CA,CHEM1,BLAST,0.13,0.0,0.0,0.0,0.0,0.0
3512,CA,CA,FURNI,CEREA,0.13,0.0,0.0,0.0,0.0,0.0
7461,CA,CA,SEACO,CERAM,0.13,0.0,0.0,0.0,0.0,0.0
648,CA,CA,BIOGA,PRINT,0.13,0.0,0.0,0.0,0.0,0.0
5845,CA,CA,PIGS9,COMPU,0.13,0.0,0.0,0.0,0.0,0.0
3032,CA,CA,FABRI,LIGNI,0.13,0.0,0.0,0.0,0.0,0.0
2903,CA,CA,ELEC7,WOODW,0.13,0.0,0.0,0.0,0.0,0.0
7555,CA,CA,STONE,GASOL,0.13,0.0,0.0,0.0,0.0,0.0
5905,CA,CA,PLAST,EDUCA,0.13,0.0,0.0,0.0,0.0,0.0
4050,CA,CA,INSUR,COKE1,0.13,0.0,0.0,0.0,0.0,0.0
8031,CA,CA,TRANS,WHOLE,0.13,0.0,0.0,0.0,0.0,0.0
6854,CA,CA,RESEA,CERAM,0.13,0.0,0.0,0.0,0.0,0.0
6215,CA,CA,PUBLI,BEVER,0.13,0.0,0.0,0.0,0.0,0.0
4497,CA,CA,LIGNI,PIGS9,0.13,0.0,0.0,0.0,0.0,0.0
1227,CA,CA,CHEMI,PFERT,0.13,0.0,0.0,0.0,0.0,0.0
4397,CA,CA,LEAD1,COKEO,0.13,0.0,0.0,0.0,0.0,0.0
3095,CA,CA,FINAN,AVIAT,0.13,0.0,0.0,0.0,0.0,0.0
407,CA,CA,AVIAT,REFI1,0.13,0.0,0.0,0.0,0.0,0.0
412,CA,CA,BASIC,93197,0.13,0.0,0.0,0.0,0.0,0.0
4445,CA,CA,LEATH,93197,0.13,0.0,0.0,0.0,0.0,0.0
4597,CA,CA,LUBRI,SANDC,0.13,0.0,0.0,0.0,0.0,0.0
2938,CA,CA,ELECT,FISHF,0.13,0.0,0.0,0.0,0.0,0.0
2440,CA,CA,ELEC3,NFERT,0.13,0.0,0.0,0.0,0.0,0.0
7457,CA,CA,SEACO,BEVER,0.07,0.0,0.0,0.0,0.0,0.0
2891,CA,CA,ELEC7,RETAI,0.12,0.0,0.0,0.0,0.0,0.0
3443,CA,CA,FOUND,CERAM,0.12,0.0,0.0,0.0,0.0,0.0
239,CA,CA,ANIMA,PRINT,0.12,0.0,0.0,0.0,0.0,0.0
3660,CA,CA,GASDI,LUBRI,0.12,0.0,0.0,0.0,0.0,0.0
6124,CA,CA,PRINT,ANIMA,0.12,0.0,0.0,0.0,0.0,0.0
5903,CA,CA,PLAST,DIST1,0.12,0.0,0.0,0.0,0.0,0.0
3397,CA,CA,FORES,MEATA,0.12,0.0,0.0,0.0,0.0,0.0
7403,CA,CA,SANDC,FURNI,0.12,0.0,0.0,0.0,0.0,0.0
3873,CA,CA,HOTEL,FABRI,0.12,0.0,0.0,0.0,0.0,0.0
2474,CA,CA,ELEC3,SUGA1,0.13,0.0,0.0,0.0,0.0,0.0
7788,CA,CA,TEXTI,BIOGA,0.13,0.0,0.0,0.0,0.0,0.0
3564,CA,CA,FURNI,OILSE,0.13,0.0,0.0,0.0,0.0,0.0
5237,CA,CA,NFERT,FURNI,0.13,0.0,0.0,0.0,0.0,0.0
494,CA,CA,BASIC,URANI,0.13,0.0,0.0,0.0,0.0,0.0
4615,CA,CA,MEAT1,AUXIL,0.13,0.0,0.0,0.0,0.0,0.0
4317,CA,CA,LANDT,KERO1,0.13,0.0,0.0,0.0,0.0,0.0
7609,CA,CA,SUGA1,COMPU,0.13,0.0,0.0,0.0,0.0,0.0
4323,CA,CA,LANDT,LUBRI,0.13,0.0,0.0,0.0,0.0,0.0
2703,CA,CA,ELEC5,SEACO,0.13,0.0,0.0,0.0,0.0,0.0
2038,CA,CA,EDUCA,KEROS,0.13,0.0,0.0,0.0,0.0,0.0
961,CA,CA,CEREA,AIRTR,0.13,0.0,0.0,0.0,0.0,0.0
4709,CA,CA,MEAT4,WEARI,0.13,0.0,0.0,0.0,0.0,0.0
4828,CA,CA,MEDIC,FORES,0.13,0.0,0.0,0.0,0.0,0.0
2511,CA,CA,ELEC4,COKEO,0.13,0.0,0.0,0.0,0.0,0.0
5930,CA,CA,POSTT,BLAST,0.13,0.0,0.0,0.0,0.0,0.0
4344,CA,CA,LANDT,PETRO,0.13,0.0,0.0,0.0,0.0,0.0
1834,CA,CA,DIST1,NONSP,0.13,0.0,0.0,0.0,0.0,0.0
2738,CA,CA,ELEC6,CHEMI,0.14,0.0,0.0,0.0,0.0,0.0
6849,CA,CA,RESEA,BITUM,0.13,0.0,0.0,0.0,0.0,0.0
4747,CA,CA,MEATC,COMPU,0.14,0.0,0.0,0.0,0.0,0.0
5247,CA,CA,NFERT,NONF1,0.14,0.0,0.0,0.0,0.0,0.0
3023,CA,CA,FABRI,HEAVY,0.14,0.0,0.0,0.0,0.0,0.0
3074,CA,CA,FABRI,SUBBI,0.14,0.0,0.0,0.0,0.0,0.0
5958,CA,CA,POSTT,ELEC7,0.14,0.0,0.0,0.0,0.0,0.0
7587,CA,CA,STONE,RETA1,0.14,0.0,0.0,0.0,0.0,0.0
2060,CA,CA,EDUCA,PUBLI,0.14,0.0,0.0,0.0,0.0,0.0
1333,CA,CA,COMPU,ELE12,0.14,0.0,0.0,0.0,0.0,0.0
5634,CA,CA,PAPER,ETHAN,0.14,0.0,0.0,0.0,0.0,0.0
4225,CA,CA,KEROS,AUXIL,0.14,0.0,0.0,0.0,0.0,0.0
211,CA,CA,ANIMA,AUXIL,0.14,0.0,0.0,0.0,0.0,0.0
6420,CA,CA,RAILW,CERAM,0.14,0.0,0.0,0.0,0.0,0.0
4222,CA,CA,KERO1,WHEAT,0.14,0.0,0.0,0.0,0.0,0.0
6123,CA,CA,PRINT,ALUM1,0.14,0.0,0.0,0.0,0.0,0.0
3034,CA,CA,FABRI,LUBRI,0.14,0.0,0.0,0.0,0.0,0.0
8006,CA,CA,TRANS,LIGNI,0.14,0.0,0.0,0.0,0.0,0.0
7588,CA,CA,STONE,RUBBE,0.14,0.0,0.0,0.0,0.0,0.0
2634,CA,CA,ELEC5,CROPS,0.14,0.0,0.0,0.0,0.0,0.0
2882,CA,CA,ELEC7,PRINT,0.14,0.0,0.0,0.0,0.0,0.0
7159,CA,CA,RUBBE,ETHAN,0.14,0.0,0.0,0.0,0.0,0.0
4782,CA,CA,MEATP,CHEM1,0.14,0.0,0.0,0.0,0.0,0.0
1313,CA,CA,COMPU,BRICK,0.14,0.0,0.0,0.0,0.0,0.0
7485,CA,CA,SEACO,MEAT4,0.14,0.0,0.0,0.0,0.0,0.0
6345,CA,CA,RADIO,AIRTR,0.14,0.0,0.0,0.0,0.0,0.0
1287,CA,CA,COKIN,LUBRI,0.14,0.0,0.0,0.0,0.0,0.0
1149,CA,CA,CHEM1,SUGA1,0.14,0.0,0.0,0.0,0.0,0.0
7191,CA,CA,RUBBE,NATU1,0.14,0.0,0.0,0.0,0.0,0.0
1750,CA,CA,DAIRY,CROPS,0.15,0.0,0.0,0.0,0.0,0.0
6263,CA,CA,PUBLI,LIQUE,0.13,0.0,0.0,0.0,0.0,0.0
3858,CA,CA,HEAVY,CATTL,0.13,0.0,0.0,0.0,0.0,0.0
2772,CA,CA,ELEC6,MEATP,0.13,0.0,0.0,0.0,0.0,0.0
8127,CA,CA,WHEAT,AUXIL,0.13,0.0,0.0,0.0,0.0,0.0
3041,CA,CA,FABRI,MEMBE,0.13,0.0,0.0,0.0,0.0,0.0
2663,CA,CA,ELEC5,MEAT4,0.13,0.0,0.0,0.0,0.0,0.0
1935,CA,CA,DISTR,MEATA,0.13,0.0,0.0,0.0,0.0,0.0
6153,CA,CA,PRINT,FABRI,0.13,0.0,0.0,0.0,0.0,0.0
4956,CA,CA,MEMBE,PREC1,0.13,0.0,0.0,0.0,0.0,0.0
590,CA,CA,BIOG1,LANDT,0.13,0.0,0.0,0.0,0.0,0.0
2884,CA,CA,ELEC7,PULP5,0.13,0.0,0.0,0.0,0.0,0.0
3851,CA,CA,HEALT,RETA1,0.13,0.0,0.0,0.0,0.0,0.0
5588,CA,CA,OILSE,REALE,0.13,0.0,0.0,0.0,0.0,0.0
2024,CA,CA,EDUCA,ELECT,0.13,0.0,0.0,0.0,0.0,0.0
2872,CA,CA,ELEC7,NONF1,0.13,0.0,0.0,0.0,0.0,0.0
5928,CA,CA,POSTT,BITU1,0.13,0.0,0.0,0.0,0.0,0.0
6887,CA,CA,RESEA,FOUND,0.13,0.0,0.0,0.0,0.0,0.0
5107,CA,CA,MOTOR,LIGNI,0.13,0.0,0.0,0.0,0.0,0.0
4751,CA,CA,MEATC,FABRI,0.13,0.0,0.0,0.0,0.0,0.0
6840,CA,CA,RESEA,ALUM1,0.13,0.0,0.0,0.0,0.0,0.0
8169,CA,CA,WHEAT,SUPPO,0.13,0.0,0.0,0.0,0.0,0.0
2942,CA,CA,ELECT,GASDI,0.13,0.0,0.0,0.0,0.0,0.0
7154,CA,CA,RUBBE,ELEC3,0.13,0.0,0.0,0.0,0.0,0.0
8268,CA,CA,WOODW,ELEC4,0.13,0.0,0.0,0.0,0.0,0.0
2709,CA,CA,ELEC5,TOBAC,0.13,0.0,0.0,0.0,0.0,0.0
6223,CA,CA,PUBLI,CERAM,0.13,0.0,0.0,0.0,0.0,0.0
5855,CA,CA,PIGS9,MEATC,0.13,0.0,0.0,0.0,0.0,0.0
1896,CA,CA,DISTR,COKEO,0.13,0.0,0.0,0.0,0.0,0.0
399,CA,CA,AVIAT,KEROS,0.13,0.0,0.0,0.0,0.0,0.0
2463,CA,CA,ELEC3,REFI1,0.15,0.0,0.0,0.0,0.0,0.0
147,CA,CA,ALUM1,AIRTR,0.16,0.0,0.0,0.0,0.0,0.0
4072,CA,CA,INSUR,ETHAN,0.15,0.0,0.0,0.0,0.0,0.0
5631,CA,CA,PAPER,ELEC5,0.15,0.0,0.0,0.0,0.0,0.0
3782,CA,CA,GLASS,NONF1,0.18,0.0,0.0,0.0,0.0,0.0
1661,CA,CA,CROPS,PFERT,0.18,0.0,0.0,0.0,0.0,0.0
983,CA,CA,CEREA,FABRI,0.18,0.0,0.0,0.0,0.0,0.0
3485,CA,CA,FOUND,SALEM,0.18,0.0,0.0,0.0,0.0,0.0
2818,CA,CA,ELEC6,WHEAT,0.18,0.0,0.0,0.0,0.0,0.0
84,CA,CA,AIRTR,ELEC5,0.18,0.0,0.0,0.0,0.0,0.0
1783,CA,CA,DAIRY,WOODW,0.18,0.0,0.0,0.0,0.0,0.0
5382,CA,CA,NONME,BITU1,0.18,0.0,0.0,0.0,0.0,0.0
7521,CA,CA,SEACO,SUGAR,0.18,0.0,0.0,0.0,0.0,0.0
2135,CA,CA,ELE12,SALEM,0.18,0.0,0.0,0.0,0.0,0.0
6816,CA,CA,REFIN,CHEM1,0.18,0.0,0.0,0.0,0.0,0.0
7628,CA,CA,SUGA1,NONSP,0.18,0.0,0.0,0.0,0.0,0.0
5887,CA,CA,PLANT,MEDIC,0.18,0.0,0.0,0.0,0.0,0.0
175,CA,CA,ALUM1,LUBRI,0.18,0.0,0.0,0.0,0.0,0.0
2940,CA,CA,ELECT,FORES,0.18,0.0,0.0,0.0,0.0,0.0
1683,CA,CA,CROPS,WOOLS,0.19,0.0,0.0,0.0,0.0,0.0
1742,CA,CA,DAIRY,BIODI,0.19,0.0,0.0,0.0,0.0,0.0
1676,CA,CA,CROPS,TEXTI,0.19,0.0,0.0,0.0,0.0,0.0
7142,CA,CA,RUBBE,COKEO,0.19,0.0,0.0,0.0,0.0,0.0
4722,CA,CA,MEATA,FURNI,0.19,0.0,0.0,0.0,0.0,0.0
5778,CA,CA,PFERT,COKEO,0.19,0.0,0.0,0.0,0.0,0.0
4258,CA,CA,KEROS,WHITE,0.19,0.0,0.0,0.0,0.0,0.0
2357,CA,CA,ELEC2,SUBBI,0.19,0.0,0.0,0.0,0.0,0.0
2886,CA,CA,ELEC7,RAWMI,0.19,0.0,0.0,0.0,0.0,0.0
61,CA,CA,93197,TRANS,0.19,0.0,0.0,0.0,0.0,0.0
2766,CA,CA,ELEC6,LEATH,0.18,0.0,0.0,0.0,0.0,0.0
981,CA,CA,CEREA,ELECT,0.18,0.0,0.0,0.0,0.0,0.0
1166,CA,CA,CHEMI,ANIMA,0.18,0.0,0.0,0.0,0.0,0.0
6687,CA,CA,RECRE,ELE12,0.18,0.0,0.0,0.0,0.0,0.0
1104,CA,CA,CHEM1,MEATA,0.18,0.0,0.0,0.0,0.0,0.0
3619,CA,CA,GASDI,CHEMI,0.18,0.0,0.0,0.0,0.0,0.0
6230,CA,CA,PUBLI,COPP1,0.18,0.0,0.0,0.0,0.0,0.0
1611,CA,CA,COPP1,RESEA,0.18,0.0,0.0,0.0,0.0,0.0
7654,CA,CA,SUGAR,COKIN,0.18,0.0,0.0,0.0,0.0,0.0
4410,CA,CA,LEAD1,LANDT,0.18,0.0,0.0,0.0,0.0,0.0
2309,CA,CA,ELEC2,LIGNI,0.18,0.0,0.0,0.0,0.0,0.0
4652,CA,CA,MEAT4,AUXIL,0.18,0.0,0.0,0.0,0.0,0.0
5224,CA,CA,NFERT,DISTR,0.18,0.0,0.0,0.0,0.0,0.0
1494,CA,CA,CONST,LIGNI,0.18,0.0,0.0,0.0,0.0,0.0
3737,CA,CA,GASOL,SUPPO,0.18,0.0,0.0,0.0,0.0,0.0
2049,CA,CA,EDUCA,NATU1,0.18,0.0,0.0,0.0,0.0,0.0
3896,CA,CA,HOTEL,RUBBE,0.18,0.0,0.0,0.0,0.0,0.0
6921,CA,CA,RESEA,NONSP,0.18,0.0,0.0,0.0,0.0,0.0
1044,CA,CA,CHEM1,BIOG1,0.18,0.0,0.0,0.0,0.0,0.0
6814,CA,CA,REFIN,BITU1,0.18,0.0,0.0,0.0,0.0,0.0
7118,CA,CA,RETAI,SALEM,0.18,0.0,0.0,0.0,0.0,0.0
5786,CA,CA,PFERT,ELEC1,0.18,0.0,0.0,0.0,0.0,0.0
5343,CA,CA,NONF1,RESEA,0.18,0.0,0.0,0.0,0.0,0.0
803,CA,CA,BUSIN,URANI,0.18,0.0,0.0,0.0,0.0,0.0
7434,CA,CA,SANDC,RAILW,0.18,0.0,0.0,0.0,0.0,0.0
1369,CA,CA,COMPU,MEAT1,0.18,0.0,0.0,0.0,0.0,0.0
1680,CA,CA,CROPS,WHEAT,0.18,0.0,0.0,0.0,0.0,0.0
7221,CA,CA,RUBBE,RETAI,0.18,0.0,0.0,0.0,0.0,0.0
1544,CA,CA,CONST,SUBBI,0.19,0.0,0.0,0.0,0.0,0.0
2617,CA,CA,ELEC5,BIODI,0.19,0.0,0.0,0.0,0.0,0.0
3575,CA,CA,FURNI,RAILW,0.19,0.0,0.0,0.0,0.0,0.0
5369,CA,CA,NONFE,ELEC8,0.2,0.0,0.0,0.0,0.0,0.0
6635,CA,CA,REALE,STEAM,0.19,0.0,0.0,0.0,0.0,0.0
542,CA,CA,BIODI,93197,0.19,0.0,0.0,0.0,0.0,0.0
3874,CA,CA,HOTEL,FISHF,0.19,0.0,0.0,0.0,0.0,0.0
5398,CA,CA,NONME,ELEC4,0.19,0.0,0.0,0.0,0.0,0.0
6129,CA,CA,PRINT,BIOGA,0.19,0.0,0.0,0.0,0.0,0.0
2227,CA,CA,ELEC1,RAILW,0.19,0.0,0.0,0.0,0.0,0.0
1769,CA,CA,DAIRY,RAILW,0.19,0.0,0.0,0.0,0.0,0.0
188,CA,CA,ALUM1,PREC1,0.19,0.0,0.0,0.0,0.0,0.0
2535,CA,CA,ELEC4,HEAVY,0.2,0.0,0.0,0.0,0.0,0.0
4177,CA,CA,KERO1,CONST,0.2,0.0,0.0,0.0,0.0,0.0
2276,CA,CA,ELEC2,COKE1,0.2,0.0,0.0,0.0,0.0,0.0
2108,CA,CA,ELE12,HEALT,0.2,0.0,0.0,0.0,0.0,0.0
4783,CA,CA,MEATP,COMPU,0.19,0.0,0.0,0.0,0.0,0.0
7235,CA,CA,RUBBE,URANI,0.2,0.0,0.0,0.0,0.0,0.0
4452,CA,CA,LEATH,COMPU,0.2,0.0,0.0,0.0,0.0,0.0
6774,CA,CA,RECRE,VEGET,0.2,0.0,0.0,0.0,0.0,0.0
2791,CA,CA,ELEC6,POULT,0.2,0.0,0.0,0.0,0.0,0.0
2836,CA,CA,ELEC7,CHEM1,0.2,0.0,0.0,0.0,0.0,0.0
3675,CA,CA,GASDI,NONFE,0.2,0.0,0.0,0.0,0.0,0.0
3939,CA,CA,HYDRO,NATUR,0.2,0.0,0.0,0.0,0.0,0.0
1854,CA,CA,DIST1,RESEA,0.2,0.0,0.0,0.0,0.0,0.0
537,CA,CA,BEVER,TRANS,0.2,0.0,0.0,0.0,0.0,0.0
5293,CA,CA,NONF1,CHEMI,0.2,0.0,0.0,0.0,0.0,0.0
7423,CA,CA,SANDC,NATU1,0.2,0.0,0.0,0.0,0.0,0.0
618,CA,CA,BIOGA,BUSIN,0.19,0.0,0.0,0.0,0.0,0.0
8347,CA,CA,WOOLS,FURNI,0.19,0.0,0.0,0.0,0.0,0.0
3828,CA,CA,HEALT,FURNI,0.19,0.0,0.0,0.0,0.0,0.0
6878,CA,CA,RESEA,ELEC8,0.19,0.0,0.0,0.0,0.0,0.0
210,CA,CA,ANIMA,ANIMA,0.19,0.0,0.0,0.0,0.0,0.0
1000,CA,CA,CEREA,MEDIC,0.19,0.0,0.0,0.0,0.0,0.0
5034,CA,CA,MOTO1,SANDC,0.19,0.0,0.0,0.0,0.0,0.0
1921,CA,CA,DISTR,HEAVY,0.19,0.0,0.0,0.0,0.0,0.0
1370,CA,CA,COMPU,MEAT4,0.19,0.0,0.0,0.0,0.0,0.0
6544,CA,CA,REALE,COKEO,0.19,0.0,0.0,0.0,0.0,0.0
4184,CA,CA,KERO1,FABRI,0.19,0.0,0.0,0.0,0.0,0.0
1638,CA,CA,CROPS,COMPU,0.19,0.0,0.0,0.0,0.0,0.0
99,CA,CA,AIRTR,INLAN,0.19,0.0,0.0,0.0,0.0,0.0
7683,CA,CA,SUPPO,BLAST,0.19,0.0,0.0,0.0,0.0,0.0
5462,CA,CA,NONSP,BEVER,0.19,0.0,0.0,0.0,0.0,0.0
7880,CA,CA,TRAN1,BITU1,0.19,0.0,0.0,0.0,0.0,0.0
1164,CA,CA,CHEMI,93197,0.19,0.0,0.0,0.0,0.0,0.0
4989,CA,CA,MOTO1,AIRTR,0.19,0.0,0.0,0.0,0.0,0.0
6151,CA,CA,PRINT,ELEC8,0.19,0.0,0.0,0.0,0.0,0.0
1026,CA,CA,CEREA,SUPPO,0.19,0.0,0.0,0.0,0.0,0.0
2549,CA,CA,ELEC4,MEATA,0.19,0.0,0.0,0.0,0.0,0.0
2877,CA,CA,ELEC7,PFERT,0.19,0.0,0.0,0.0,0.0,0.0
1307,CA,CA,COMPU,BIODI,0.19,0.0,0.0,0.0,0.0,0.0
8257,CA,CA,WOODW,CHEMI,0.19,0.0,0.0,0.0,0.0,0.0
1226,CA,CA,CHEMI,PETRO,0.19,0.0,0.0,0.0,0.0,0.0
6902,CA,CA,RESEA,LEATH,0.19,0.0,0.0,0.0,0.0,0.0
6675,CA,CA,RECRE,CHEMI,0.19,0.0,0.0,0.0,0.0,0.0
5305,CA,CA,NONF1,FOOD5,0.19,0.0,0.0,0.0,0.0,0.0
5006,CA,CA,MOTO1,FORES,0.18,0.0,0.0,0.0,0.0,0.0
5431,CA,CA,NONME,NONSP,0.18,0.0,0.0,0.0,0.0,0.0
7547,CA,CA,STONE,ELECT,0.18,0.0,0.0,0.0,0.0,0.0
5974,CA,CA,POSTT,HEAVY,0.16,0.0,0.0,0.0,0.0,0.0
7614,CA,CA,SUGA1,FISH5,0.16,0.0,0.0,0.0,0.0,0.0
562,CA,CA,BIODI,POSTT,0.16,0.0,0.0,0.0,0.0,0.0
4429,CA,CA,LEAD1,REFI1,0.16,0.0,0.0,0.0,0.0,0.0
5866,CA,CA,PIGS9,RAILW,0.16,0.0,0.0,0.0,0.0,0.0
5888,CA,CA,PLANT,MOTO1,0.16,0.0,0.0,0.0,0.0,0.0
3251,CA,CA,FISH5,RECRE,0.16,0.0,0.0,0.0,0.0,0.0
7668,CA,CA,SUGAR,VEGET,0.16,0.0,0.0,0.0,0.0,0.0
7486,CA,CA,SEACO,MEATA,0.16,0.0,0.0,0.0,0.0,0.0
1832,CA,CA,DIST1,NONFE,0.16,0.0,0.0,0.0,0.0,0.0
4000,CA,CA,INLAN,OFFIC,0.16,0.0,0.0,0.0,0.0,0.0
610,CA,CA,BIOG1,WHOLE,0.16,0.0,0.0,0.0,0.0,0.0
4723,CA,CA,MEATA,HOTEL,0.16,0.0,0.0,0.0,0.0,0.0
2848,CA,CA,ELEC7,FINAN,0.16,0.0,0.0,0.0,0.0,0.0
6721,CA,CA,RECRE,MEAT1,0.16,0.0,0.0,0.0,0.0,0.0
4880,CA,CA,MEMBE,BITU1,0.16,0.0,0.0,0.0,0.0,0.0
8074,CA,CA,VEGET,WHOLE,0.16,0.0,0.0,0.0,0.0,0.0
426,CA,CA,BASIC,CEREA,0.16,0.0,0.0,0.0,0.0,0.0
4743,CA,CA,MEATC,AUXIL,0.16,0.0,0.0,0.0,0.0,0.0
6349,CA,CA,RADIO,BASIC,0.12,0.0,0.0,0.0,0.0,0.0
1654,CA,CA,CROPS,MEDIC,0.16,0.0,0.0,0.0,0.0,0.0
1841,CA,CA,DIST1,PLANT,0.16,0.0,0.0,0.0,0.0,0.0
4394,CA,CA,LEAD1,BITU1,0.16,0.0,0.0,0.0,0.0,0.0
4186,CA,CA,KERO1,FOOD5,0.16,0.0,0.0,0.0,0.0,0.0
893,CA,CA,CEMEN,NONFE,0.16,0.0,0.0,0.0,0.0,0.0
4511,CA,CA,LUBRI,BIOGA,0.16,0.0,0.0,0.0,0.0,0.0
6058,CA,CA,POULT,FOOD5,0.16,0.0,0.0,0.0,0.0,0.0
6832,CA,CA,REFIN,NONSP,0.16,0.0,0.0,0.0,0.0,0.0
5053,CA,CA,MOTOR,BIOGA,0.16,0.0,0.0,0.0,0.0,0.0
7383,CA,CA,SANDC,BIODI,0.16,0.0,0.0,0.0,0.0,0.0
2310,CA,CA,ELEC2,LIQUE,0.16,0.0,0.0,0.0,0.0,0.0
7198,CA,CA,RUBBE,OFFIC,0.16,0.0,0.0,0.0,0.0,0.0
7493,CA,CA,SEACO,NONF1,0.16,0.0,0.0,0.0,0.0,0.0
930,CA,CA,CERAM,CHEM1,0.16,0.0,0.0,0.0,0.0,0.0
3748,CA,CA,GLASS,BITU1,0.16,0.0,0.0,0.0,0.0,0.0
2755,CA,CA,ELEC6,FORES,0.16,0.0,0.0,0.0,0.0,0.0
6009,CA,CA,POSTT,PLANT,0.16,0.0,0.0,0.0,0.0,0.0
5216,CA,CA,NFERT,BUSIN,0.16,0.0,0.0,0.0,0.0,0.0
4758,CA,CA,MEATC,MEAT4,0.16,0.0,0.0,0.0,0.0,0.0
4663,CA,CA,MEAT4,COMPU,0.16,0.0,0.0,0.0,0.0,0.0
6179,CA,CA,PRINT,MOTOR,0.16,0.0,0.0,0.0,0.0,0.0
5733,CA,CA,PETRO,FABRI,0.16,0.0,0.0,0.0,0.0,0.0
3233,CA,CA,FISH5,COPP1,0.16,0.0,0.0,0.0,0.0,0.0
3422,CA,CA,FORES,SUBBI,0.16,0.0,0.0,0.0,0.0,0.0
6283,CA,CA,PUBLI,PREC1,0.16,0.0,0.0,0.0,0.0,0.0
3532,CA,CA,FURNI,FORES,0.16,0.0,0.0,0.0,0.0,0.0
4688,CA,CA,MEAT4,PAPER,0.16,0.0,0.0,0.0,0.0,0.0
6369,CA,CA,RADIO,GASDI,0.16,0.0,0.0,0.0,0.0,0.0
468,CA,CA,BASIC,OILSE,0.16,0.0,0.0,0.0,0.0,0.0
6666,CA,CA,RECRE,BITUM,0.16,0.0,0.0,0.0,0.0,0.0
1019,CA,CA,CEREA,REALE,0.16,0.0,0.0,0.0,0.0,0.0
3008,CA,CA,FABRI,EDUCA,0.16,0.0,0.0,0.0,0.0,0.0
2637,CA,CA,ELEC5,DIST1,0.16,0.0,0.0,0.0,0.0,0.0
2868,CA,CA,ELEC7,MOTO1,0.16,0.0,0.0,0.0,0.0,0.0
1368,CA,CA,COMPU,LUBRI,0.16,0.0,0.0,0.0,0.0,0.0
3789,CA,CA,GLASS,PRINT,0.17,0.0,0.0,0.0,0.0,0.0
7862,CA,CA,TEXTI,TRANS,0.17,0.0,0.0,0.0,0.0,0.0
6738,CA,CA,RECRE,OILSE,0.17,0.0,0.0,0.0,0.0,0.0
1075,CA,CA,CHEM1,ELEC7,0.17,0.0,0.0,0.0,0.0,0.0
4226,CA,CA,KEROS,AVIAT,0.17,0.0,0.0,0.0,0.0,0.0
4520,CA,CA,LUBRI,CHEMI,0.17,0.0,0.0,0.0,0.0,0.0
2788,CA,CA,ELEC6,PIGS9,0.17,0.0,0.0,0.0,0.0,0.0
3075,CA,CA,FABRI,SUGA1,0.17,0.0,0.0,0.0,0.0,0.0
8078,CA,CA,WEARI,BEVER,0.17,0.0,0.0,0.0,0.0,0.0
1291,CA,CA,COKIN,PETRO,0.17,0.0,0.0,0.0,0.0,0.0
6883,CA,CA,RESEA,FISH5,0.17,0.0,0.0,0.0,0.0,0.0
6907,CA,CA,RESEA,MEAT4,0.17,0.0,0.0,0.0,0.0,0.0
6387,CA,CA,RADIO,POSTT,0.17,0.0,0.0,0.0,0.0,0.0
1853,CA,CA,DIST1,REFI1,0.17,0.0,0.0,0.0,0.0,0.0
7779,CA,CA,SUPPO,WOOLS,0.17,0.0,0.0,0.0,0.0,0.0
6219,CA,CA,PUBLI,BITUM,0.17,0.0,0.0,0.0,0.0,0.0
2756,CA,CA,ELEC6,FOUND,0.17,0.0,0.0,0.0,0.0,0.0
289,CA,CA,AUXIL,ELE12,0.17,0.0,0.0,0.0,0.0,0.0
5543,CA,CA,OFFIC,ELE12,0.17,0.0,0.0,0.0,0.0,0.0
5840,CA,CA,PIGS9,BITUM,0.17,0.0,0.0,0.0,0.0,0.0
8,CA,CA,93197,BIOG1,0.17,0.0,0.0,0.0,0.0,0.0
6802,CA,CA,REFI1,RAILW,0.17,0.0,0.0,0.0,0.0,0.0
4496,CA,CA,LIGNI,OILSE,0.17,0.0,0.0,0.0,0.0,0.0
7634,CA,CA,SUGA1,REALE,0.17,0.0,0.0,0.0,0.0,0.0
6182,CA,CA,PRINT,NONME,0.17,0.0,0.0,0.0,0.0,0.0
2151,CA,CA,ELEC1,BIODI,0.17,0.0,0.0,0.0,0.0,0.0
5418,CA,CA,NONME,LEATH,0.17,0.0,0.0,0.0,0.0,0.0
8215,CA,CA,WHOLE,NONF1,0.17,0.0,0.0,0.0,0.0,0.0
6893,CA,CA,RESEA,HEAVY,0.16,0.0,0.0,0.0,0.0,0.0
2902,CA,CA,ELEC7,WHOLE,0.17,0.0,0.0,0.0,0.0,0.0
7917,CA,CA,TRAN1,INLAN,0.16,0.0,0.0,0.0,0.0,0.0
6458,CA,CA,RAILW,NONF1,0.16,0.0,0.0,0.0,0.0,0.0
2854,CA,CA,ELEC7,FURNI,0.16,0.0,0.0,0.0,0.0,0.0
7622,CA,CA,SUGA1,LIQUE,0.16,0.0,0.0,0.0,0.0,0.0
5713,CA,CA,PETRO,BITUM,0.16,0.0,0.0,0.0,0.0,0.0
260,CA,CA,AUXIL,AVIAT,0.16,0.0,0.0,0.0,0.0,0.0
6107,CA,CA,PREC1,TEXTI,0.17,0.0,0.0,0.0,0.0,0.0
6906,CA,CA,RESEA,MEAT1,0.17,0.0,0.0,0.0,0.0,0.0
3744,CA,CA,GLASS,BASIC,0.17,0.0,0.0,0.0,0.0,0.0
4237,CA,CA,KEROS,HOTEL,0.17,0.0,0.0,0.0,0.0,0.0
6809,CA,CA,REFI1,SUPPO,0.17,0.0,0.0,0.0,0.0,0.0
3070,CA,CA,FABRI,RETAI,0.17,0.0,0.0,0.0,0.0,0.0
5893,CA,CA,PLANT,RUBBE,0.17,0.0,0.0,0.0,0.0,0.0
2085,CA,CA,ELE12,ALUM1,0.17,0.0,0.0,0.0,0.0,0.0
7655,CA,CA,SUGAR,CROPS,0.17,0.0,0.0,0.0,0.0,0.0
1772,CA,CA,DAIRY,RESEA,0.17,0.0,0.0,0.0,0.0,0.0
3296,CA,CA,FOOD5,BITU1,0.17,0.0,0.0,0.0,0.0,0.0
54,CA,CA,93197,RUBBE,0.17,0.0,0.0,0.0,0.0,0.0
7545,CA,CA,STONE,COMPU,0.17,0.0,0.0,0.0,0.0,0.0
5035,CA,CA,MOTO1,STONE,0.17,0.0,0.0,0.0,0.0,0.0
7467,CA,CA,SEACO,DAIRY,0.17,0.0,0.0,0.0,0.0,0.0
131,CA,CA,AIRTR,SANDC,0.17,0.0,0.0,0.0,0.0,0.0
6561,CA,CA,REALE,ELEC6,0.17,0.0,0.0,0.0,0.0,0.0
8189,CA,CA,WHOLE,DAIRY,0.17,0.0,0.0,0.0,0.0,0.0
6450,CA,CA,RAILW,MEATC,0.12,0.0,0.0,0.0,0.0,0.0
5222,CA,CA,NFERT,CROPS,0.12,0.0,0.0,0.0,0.0,0.0
2773,CA,CA,ELEC6,MEDIC,0.12,0.0,0.0,0.0,0.0,0.0
8094,CA,CA,WEARI,FOOD5,0.2,0.0,0.0,0.0,0.0,0.0
397,CA,CA,AVIAT,HEAVY,0.09,0.0,0.0,0.0,0.0,0.0
3670,CA,CA,GASDI,NAPHT,0.09,0.0,0.0,0.0,0.0,0.0
5420,CA,CA,NONME,LUBRI,0.09,0.0,0.0,0.0,0.0,0.0
2095,CA,CA,ELE12,CHEM1,0.09,0.0,0.0,0.0,0.0,0.0
1236,CA,CA,CHEMI,REFIN,0.07,0.0,0.0,0.0,0.0,0.0
1568,CA,CA,COPP1,BIOGA,0.07,0.0,0.0,0.0,0.0,0.0
8217,CA,CA,WHOLE,NONSP,0.09,0.0,0.0,0.0,0.0,0.0
7929,CA,CA,TRAN1,MEATA,0.09,0.0,0.0,0.0,0.0,0.0
3827,CA,CA,HEALT,FORES,0.09,0.0,0.0,0.0,0.0,0.0
974,CA,CA,CEREA,COKEO,0.09,0.0,0.0,0.0,0.0,0.0
5673,CA,CA,PAPER,PFERT,0.09,0.0,0.0,0.0,0.0,0.0
5747,CA,CA,PETRO,MEDIC,0.09,0.0,0.0,0.0,0.0,0.0
5627,CA,CA,PAPER,ELEC1,0.09,0.0,0.0,0.0,0.0,0.0
7585,CA,CA,STONE,REFIN,0.09,0.0,0.0,0.0,0.0,0.0
4944,CA,CA,MEMBE,NONF1,0.09,0.0,0.0,0.0,0.0,0.0
913,CA,CA,CEMEN,TRAN2,0.09,0.0,0.0,0.0,0.0,0.0
8016,CA,CA,TRANS,RECRE,0.09,0.0,0.0,0.0,0.0,0.0
641,CA,CA,BIOGA,HOTEL,0.09,0.0,0.0,0.0,0.0,0.0
7184,CA,CA,RUBBE,MEATA,0.09,0.0,0.0,0.0,0.0,0.0
6583,CA,CA,REALE,KERO1,0.09,0.0,0.0,0.0,0.0,0.0
628,CA,CA,BIOGA,ELE12,0.07,0.0,0.0,0.0,0.0,0.0
2856,CA,CA,ELEC7,GLASS,0.09,0.0,0.0,0.0,0.0,0.0
8327,CA,CA,WOODW,STEAM,0.09,0.0,0.0,0.0,0.0,0.0
4450,CA,CA,LEATH,CERAM,0.09,0.0,0.0,0.0,0.0,0.0
4774,CA,CA,MEATC,WEARI,0.09,0.0,0.0,0.0,0.0,0.0
3945,CA,CA,HYDRO,PREC1,0.09,0.0,0.0,0.0,0.0,0.0
5482,CA,CA,NONSP,FORES,0.09,0.0,0.0,0.0,0.0,0.0
685,CA,CA,BUSIN,AVIAT,0.09,0.0,0.0,0.0,0.0,0.0
3486,CA,CA,FOUND,SANDC,0.08,0.0,0.0,0.0,0.0,0.0
4779,CA,CA,MEATP,AUXIL,0.08,0.0,0.0,0.0,0.0,0.0
6961,CA,CA,RESEA,WHEAT,0.08,0.0,0.0,0.0,0.0,0.0
8111,CA,CA,WEARI,REALE,0.08,0.0,0.0,0.0,0.0,0.0
6031,CA,CA,POSTT,SUBBI,0.08,0.0,0.0,0.0,0.0,0.0
7829,CA,CA,TEXTI,MEMBE,0.08,0.0,0.0,0.0,0.0,0.0
2812,CA,CA,ELEC6,TOBAC,0.08,0.0,0.0,0.0,0.0,0.0
3998,CA,CA,INLAN,NONF1,0.09,0.0,0.0,0.0,0.0,0.0
4021,CA,CA,INLAN,SUGAR,0.09,0.0,0.0,0.0,0.0,0.0
4684,CA,CA,MEAT4,MEDIC,0.09,0.0,0.0,0.0,0.0,0.0
2122,CA,CA,ELE12,PFERT,0.09,0.0,0.0,0.0,0.0,0.0
5822,CA,CA,PFERT,REFIN,0.09,0.0,0.0,0.0,0.0,0.0
401,CA,CA,AVIAT,LIQUE,0.09,0.0,0.0,0.0,0.0,0.0
5417,CA,CA,NONME,LEAD1,0.09,0.0,0.0,0.0,0.0,0.0
3244,CA,CA,FISH5,MEAT1,0.09,0.0,0.0,0.0,0.0,0.0
5707,CA,CA,PAPER,WHITE,0.09,0.0,0.0,0.0,0.0,0.0
8310,CA,CA,WOODW,PLANT,0.09,0.0,0.0,0.0,0.0,0.0
4716,CA,CA,MEATA,BUSIN,0.09,0.0,0.0,0.0,0.0,0.0
6829,CA,CA,REFIN,NAPHT,0.09,0.0,0.0,0.0,0.0,0.0
1228,CA,CA,CHEMI,PREC1,0.09,0.0,0.0,0.0,0.0,0.0
604,CA,CA,BIOG1,RUBBE,0.09,0.0,0.0,0.0,0.0,0.0
5982,CA,CA,POSTT,LEAD1,0.07,0.0,0.0,0.0,0.0,0.0
5279,CA,CA,NONF1,93197,0.09,0.0,0.0,0.0,0.0,0.0
2193,CA,CA,ELEC1,LIGNI,0.09,0.0,0.0,0.0,0.0,0.0
1412,CA,CA,COMPU,STEAM,0.09,0.0,0.0,0.0,0.0,0.0
418,CA,CA,BASIC,BEVER,0.08,0.0,0.0,0.0,0.0,0.0
6866,CA,CA,RESEA,DAIRY,0.09,0.0,0.0,0.0,0.0,0.0
5231,CA,CA,NFERT,ELECT,0.09,0.0,0.0,0.0,0.0,0.0
7974,CA,CA,TRAN1,SUGAR,0.09,0.0,0.0,0.0,0.0,0.0
850,CA,CA,CATTL,RETA1,0.09,0.0,0.0,0.0,0.0,0.0
774,CA,CA,BUSIN,PLAST,0.07,0.0,0.0,0.0,0.0,0.0
6857,CA,CA,RESEA,CHEMI,0.09,0.0,0.0,0.0,0.0,0.0
2075,CA,CA,EDUCA,TEXTI,0.09,0.0,0.0,0.0,0.0,0.0
6562,CA,CA,REALE,ELEC7,0.07,0.0,0.0,0.0,0.0,0.0
5253,CA,CA,NFERT,PLANT,0.09,0.0,0.0,0.0,0.0,0.0
7511,CA,CA,SEACO,REFI1,0.09,0.0,0.0,0.0,0.0,0.0
3975,CA,CA,INLAN,DAIRY,0.09,0.0,0.0,0.0,0.0,0.0
4706,CA,CA,MEAT4,TEXTI,0.09,0.0,0.0,0.0,0.0,0.0
2240,CA,CA,ELEC1,SUBBI,0.09,0.0,0.0,0.0,0.0,0.0
4475,CA,CA,LEATH,REALE,0.09,0.0,0.0,0.0,0.0,0.0
2102,CA,CA,ELE12,FINAN,0.07,0.0,0.0,0.0,0.0,0.0
5618,CA,CA,PAPER,COKEO,0.09,0.0,0.0,0.0,0.0,0.0
4562,CA,CA,LUBRI,MEATC,0.09,0.0,0.0,0.0,0.0,0.0
38,CA,CA,93197,MOTO1,0.09,0.0,0.0,0.0,0.0,0.0
2774,CA,CA,ELEC6,MEMBE,0.09,0.0,0.0,0.0,0.0,0.0
2212,CA,CA,ELEC1,NONSP,0.09,0.0,0.0,0.0,0.0,0.0
7857,CA,CA,TEXTI,SUGAR,0.09,0.0,0.0,0.0,0.0,0.0
3400,CA,CA,FORES,NATU1,0.09,0.0,0.0,0.0,0.0,0.0
1489,CA,CA,CONST,KERO1,0.09,0.0,0.0,0.0,0.0,0.0
250,CA,CA,ANIMA,WEARI,0.09,0.0,0.0,0.0,0.0,0.0
7418,CA,CA,SANDC,MEAT4,0.09,0.0,0.0,0.0,0.0,0.0
4933,CA,CA,MEMBE,MEATA,0.09,0.0,0.0,0.0,0.0,0.0
2111,CA,CA,ELE12,LANDT,0.09,0.0,0.0,0.0,0.0,0.0
3289,CA,CA,FOOD5,ALUM1,0.09,0.0,0.0,0.0,0.0,0.0
7892,CA,CA,TRAN1,COKEO,0.09,0.0,0.0,0.0,0.0,0.0
1232,CA,CA,CHEMI,RAILW,0.09,0.0,0.0,0.0,0.0,0.0
6722,CA,CA,RECRE,MEAT4,0.09,0.0,0.0,0.0,0.0,0.0
4090,CA,CA,INSUR,KERO1,0.09,0.0,0.0,0.0,0.0,0.0
151,CA,CA,ALUM1,BASIC,0.09,0.0,0.0,0.0,0.0,0.0
5891,CA,CA,PLANT,PLANT,0.09,0.0,0.0,0.0,0.0,0.0
3861,CA,CA,HOTEL,ANIMA,0.09,0.0,0.0,0.0,0.0,0.0
4413,CA,CA,LEAD1,LUBRI,0.09,0.0,0.0,0.0,0.0,0.0
3430,CA,CA,FORES,WEARI,0.09,0.0,0.0,0.0,0.0,0.0
5395,CA,CA,NONME,EDUCA,0.07,0.0,0.0,0.0,0.0,0.0
4421,CA,CA,LEAD1,PAPER,0.09,0.0,0.0,0.0,0.0,0.0
6048,CA,CA,POSTT,WOOLS,0.09,0.0,0.0,0.0,0.0,0.0
3901,CA,CA,HOTEL,WEARI,0.09,0.0,0.0,0.0,0.0,0.0
7240,CA,CA,RUBBE,WHITE,0.09,0.0,0.0,0.0,0.0,0.0
5913,CA,CA,PLAST,FOOD5,0.09,0.0,0.0,0.0,0.0,0.0
6384,CA,CA,RADIO,OFFIC,0.09,0.0,0.0,0.0,0.0,0.0
935,CA,CA,CERAM,FABRI,0.09,0.0,0.0,0.0,0.0,0.0
6391,CA,CA,RADIO,RAILW,0.09,0.0,0.0,0.0,0.0,0.0
7787,CA,CA,TEXTI,BIODI,0.09,0.0,0.0,0.0,0.0,0.0
5262,CA,CA,NFERT,SUGAR,0.09,0.0,0.0,0.0,0.0,0.0
5839,CA,CA,PIGS9,AUXIL,0.09,0.0,0.0,0.0,0.0,0.0
5535,CA,CA,OFFIC,BIOG1,0.09,0.0,0.0,0.0,0.0,0.0
5715,CA,CA,PETRO,BUSIN,0.09,0.0,0.0,0.0,0.0,0.0
946,CA,CA,CERAM,PREC1,0.09,0.0,0.0,0.0,0.0,0.0
866,CA,CA,CEMEN,CHEM1,0.08,0.0,0.0,0.0,0.0,0.0
7411,CA,CA,SANDC,INLAN,0.08,0.0,0.0,0.0,0.0,0.0
7581,CA,CA,STONE,RAILW,0.12,0.0,0.0,0.0,0.0,0.0
564,CA,CA,BIODI,REALE,0.08,0.0,0.0,0.0,0.0,0.0
1564,CA,CA,COPP1,AUXIL,0.08,0.0,0.0,0.0,0.0,0.0
4990,CA,CA,MOTO1,ALUM1,0.08,0.0,0.0,0.0,0.0,0.0
3535,CA,CA,FURNI,GASOL,0.08,0.0,0.0,0.0,0.0,0.0
6098,CA,CA,PREC1,PRINT,0.07,0.0,0.0,0.0,0.0,0.0
2194,CA,CA,ELEC1,LIQUE,0.08,0.0,0.0,0.0,0.0,0.0
4576,CA,CA,LUBRI,PFERT,0.08,0.0,0.0,0.0,0.0,0.0
6150,CA,CA,PRINT,ELEC7,0.08,0.0,0.0,0.0,0.0,0.0
8158,CA,CA,WHEAT,PFERT,0.08,0.0,0.0,0.0,0.0,0.0
6876,CA,CA,RESEA,ELEC6,0.08,0.0,0.0,0.0,0.0,0.0
895,CA,CA,CEMEN,NONSP,0.08,0.0,0.0,0.0,0.0,0.0
7435,CA,CA,SANDC,REALE,0.07,0.0,0.0,0.0,0.0,0.0
3520,CA,CA,FURNI,CROPS,0.07,0.0,0.0,0.0,0.0,0.0
193,CA,CA,ALUM1,RECRE,0.08,0.0,0.0,0.0,0.0,0.0
6855,CA,CA,RESEA,CEREA,0.08,0.0,0.0,0.0,0.0,0.0
4739,CA,CA,MEATA,WHOLE,0.08,0.0,0.0,0.0,0.0,0.0
1181,CA,CA,CHEMI,COMPU,0.08,0.0,0.0,0.0,0.0,0.0
2713,CA,CA,ELEC5,VEGE1,0.08,0.0,0.0,0.0,0.0,0.0
7989,CA,CA,TRANS,AUXIL,0.08,0.0,0.0,0.0,0.0,0.0
8041,CA,CA,VEGET,CHEM1,0.08,0.0,0.0,0.0,0.0,0.0
3240,CA,CA,FISH5,FURNI,0.08,0.0,0.0,0.0,0.0,0.0
2743,CA,CA,ELEC6,COPP1,0.08,0.0,0.0,0.0,0.0,0.0
4715,CA,CA,MEATA,BITUM,0.08,0.0,0.0,0.0,0.0,0.0
6174,CA,CA,PRINT,MEATC,0.08,0.0,0.0,0.0,0.0,0.0
3557,CA,CA,FURNI,NATU1,0.07,0.0,0.0,0.0,0.0,0.0
3076,CA,CA,FABRI,SUGAR,0.08,0.0,0.0,0.0,0.0,0.0
3487,CA,CA,FOUND,STONE,0.08,0.0,0.0,0.0,0.0,0.0
3226,CA,CA,FISH5,AUXIL,0.07,0.0,0.0,0.0,0.0,0.0
6543,CA,CA,REALE,COKE1,0.08,0.0,0.0,0.0,0.0,0.0
8138,CA,CA,WHEAT,CRUDE,0.07,0.0,0.0,0.0,0.0,0.0
1154,CA,CA,CHEM1,TRAN2,0.07,0.0,0.0,0.0,0.0,0.0
3365,CA,CA,FOOD5,TRANS,0.07,0.0,0.0,0.0,0.0,0.0
2142,CA,CA,ELE12,WHOLE,0.07,0.0,0.0,0.0,0.0,0.0
6760,CA,CA,RECRE,SANDC,0.07,0.0,0.0,0.0,0.0,0.0
7789,CA,CA,TEXTI,BITU1,0.07,0.0,0.0,0.0,0.0,0.0
4200,CA,CA,KERO1,MOTOR,0.07,0.0,0.0,0.0,0.0,0.0
4426,CA,CA,LEAD1,PRINT,0.07,0.0,0.0,0.0,0.0,0.0
6850,CA,CA,RESEA,BRICK,0.07,0.0,0.0,0.0,0.0,0.0
2046,CA,CA,EDUCA,MOTO1,0.08,0.0,0.0,0.0,0.0,0.0
111,CA,CA,AIRTR,OFFIC,0.08,0.0,0.0,0.0,0.0,0.0
4441,CA,CA,LEAD1,WHITE,0.08,0.0,0.0,0.0,0.0,0.0
1648,CA,CA,CROPS,HYDRO,0.07,0.0,0.0,0.0,0.0,0.0
5332,CA,CA,NONF1,PFERT,0.08,0.0,0.0,0.0,0.0,0.0
6700,CA,CA,RECRE,FISHF,0.08,0.0,0.0,0.0,0.0,0.0
4159,CA,CA,INSUR,WHITE,0.07,0.0,0.0,0.0,0.0,0.0
5130,CA,CA,MOTOR,PETRO,0.08,0.0,0.0,0.0,0.0,0.0
5756,CA,CA,PETRO,PETRO,0.07,0.0,0.0,0.0,0.0,0.0
1031,CA,CA,CEREA,WHITE,0.07,0.0,0.0,0.0,0.0,0.0
2932,CA,CA,ELECT,ELEC3,0.08,0.0,0.0,0.0,0.0,0.0
2776,CA,CA,ELEC6,MOTOR,0.07,0.0,0.0,0.0,0.0,0.0
8106,CA,CA,WEARI,POSTT,0.08,0.0,0.0,0.0,0.0,0.0
6785,CA,CA,REFI1,COMPU,0.07,0.0,0.0,0.0,0.0,0.0
7724,CA,CA,SUPPO,LUBRI,0.07,0.0,0.0,0.0,0.0,0.0
5215,CA,CA,NFERT,BITU1,0.07,0.0,0.0,0.0,0.0,0.0
6152,CA,CA,PRINT,ELECT,0.07,0.0,0.0,0.0,0.0,0.0
4930,CA,CA,MEMBE,LUBRI,0.08,0.0,0.0,0.0,0.0,0.0
3265,CA,CA,FISHF,CEREA,0.08,0.0,0.0,0.0,0.0,0.0
2660,CA,CA,ELEC5,LIQUE,0.08,0.0,0.0,0.0,0.0,0.0
7844,CA,CA,TEXTI,RADIO,0.08,0.0,0.0,0.0,0.0,0.0
3270,CA,CA,FISHF,FORES,0.08,0.0,0.0,0.0,0.0,0.0
53,CA,CA,93197,RETAI,0.08,0.0,0.0,0.0,0.0,0.0
5873,CA,CA,PIGS9,TRAN2,0.08,0.0,0.0,0.0,0.0,0.0
7528,CA,CA,SEACO,WOOLS,0.08,0.0,0.0,0.0,0.0,0.0
3310,CA,CA,FOOD5,ELEC6,0.07,0.0,0.0,0.0,0.0,0.0
4797,CA,CA,MEATP,REALE,0.07,0.0,0.0,0.0,0.0,0.0
3479,CA,CA,FOUND,REALE,0.08,0.0,0.0,0.0,0.0,0.0
7676,CA,CA,SUPPO,AVIAT,0.08,0.0,0.0,0.0,0.0,0.0
4720,CA,CA,MEATA,FABRI,0.08,0.0,0.0,0.0,0.0,0.0
6958,CA,CA,RESEA,VEGE1,0.07,0.0,0.0,0.0,0.0,0.0
5102,CA,CA,MOTOR,KERO1,0.07,0.0,0.0,0.0,0.0,0.0
3544,CA,CA,FURNI,LEAD1,0.08,0.0,0.0,0.0,0.0,0.0
7673,CA,CA,SUPPO,ALUM1,0.08,0.0,0.0,0.0,0.0,0.0
1029,CA,CA,CEREA,WEARI,0.08,0.0,0.0,0.0,0.0,0.0
1034,CA,CA,CEREA,WOOLS,0.08,0.0,0.0,0.0,0.0,0.0
877,CA,CA,CEMEN,FURNI,0.08,0.0,0.0,0.0,0.0,0.0
2129,CA,CA,ELE12,RAWMI,0.08,0.0,0.0,0.0,0.0,0.0
5649,CA,CA,PAPER,KERO1,0.08,0.0,0.0,0.0,0.0,0.0
1237,CA,CA,CHEMI,RESEA,0.08,0.0,0.0,0.0,0.0,0.0
7804,CA,CA,TEXTI,ELEC2,0.08,0.0,0.0,0.0,0.0,0.0
4197,CA,CA,KERO1,MEDIC,0.08,0.0,0.0,0.0,0.0,0.0
4808,CA,CA,MEATP,WOODW,0.08,0.0,0.0,0.0,0.0,0.0
4551,CA,CA,LUBRI,KERO1,0.07,0.0,0.0,0.0,0.0,0.0
1791,CA,CA,DIST1,BITU1,0.08,0.0,0.0,0.0,0.0,0.0
5837,CA,CA,PFERT,WOODW,0.08,0.0,0.0,0.0,0.0,0.0
3434,CA,CA,FORES,WOOLS,0.08,0.0,0.0,0.0,0.0,0.0
3734,CA,CA,GASOL,RESEA,0.07,0.0,0.0,0.0,0.0,0.0
4406,CA,CA,LEAD1,FURNI,0.08,0.0,0.0,0.0,0.0,0.0
1643,CA,CA,CROPS,FABRI,0.08,0.0,0.0,0.0,0.0,0.0
4508,CA,CA,LUBRI,BASIC,0.07,0.0,0.0,0.0,0.0,0.0
3753,CA,CA,GLASS,COKEO,0.08,0.0,0.0,0.0,0.0,0.0
3276,CA,CA,FISHF,OILSE,0.08,0.0,0.0,0.0,0.0,0.0
811,CA,CA,BUSIN,WOOLS,0.08,0.0,0.0,0.0,0.0,0.0
5816,CA,CA,PFERT,PETRO,0.07,0.0,0.0,0.0,0.0,0.0
4333,CA,CA,LANDT,NAPHT,0.08,0.0,0.0,0.0,0.0,0.0
2977,CA,CA,ELECT,TRAN1,0.08,0.0,0.0,0.0,0.0,0.0
5566,CA,CA,OILSE,COKIN,0.08,0.0,0.0,0.0,0.0,0.0
7595,CA,CA,STONE,WHITE,0.08,0.0,0.0,0.0,0.0,0.0
1184,CA,CA,CHEMI,CROPS,0.08,0.0,0.0,0.0,0.0,0.0
5984,CA,CA,POSTT,LIGNI,0.08,0.0,0.0,0.0,0.0,0.0
2900,CA,CA,ELEC7,WEARI,0.08,0.0,0.0,0.0,0.0,0.0
6064,CA,CA,POULT,OILSE,0.08,0.0,0.0,0.0,0.0,0.0
1130,CA,CA,CHEM1,PUBLI,0.08,0.0,0.0,0.0,0.0,0.0
3596,CA,CA,FURNI,WHITE,0.08,0.0,0.0,0.0,0.0,0.0
7767,CA,CA,SUPPO,SUGAR,0.08,0.0,0.0,0.0,0.0,0.0
3974,CA,CA,INLAN,CROPS,0.07,0.0,0.0,0.0,0.0,0.0
3764,CA,CA,GLASS,FISHF,0.08,0.0,0.0,0.0,0.0,0.0
4457,CA,CA,LEATH,ELEC1,0.08,0.0,0.0,0.0,0.0,0.0
4569,CA,CA,LUBRI,NONF1,0.09,0.0,0.0,0.0,0.0,0.0
4725,CA,CA,MEATA,LEATH,0.09,0.0,0.0,0.0,0.0,0.0
5435,CA,CA,NONME,POSTT,0.09,0.0,0.0,0.0,0.0,0.0
4599,CA,CA,LUBRI,STONE,0.11,0.0,0.0,0.0,0.0,0.0
4601,CA,CA,LUBRI,SUGA1,0.11,0.0,0.0,0.0,0.0,0.0
7229,CA,CA,RUBBE,SUGAR,0.11,0.0,0.0,0.0,0.0,0.0
2827,CA,CA,ELEC7,BEVER,0.11,0.0,0.0,0.0,0.0,0.0
2109,CA,CA,ELE12,HOTEL,0.11,0.0,0.0,0.0,0.0,0.0
4533,CA,CA,LUBRI,ETHAN,0.11,0.0,0.0,0.0,0.0,0.0
4208,CA,CA,KERO1,PRINT,0.11,0.0,0.0,0.0,0.0,0.0
8259,CA,CA,WOODW,COKIN,0.11,0.0,0.0,0.0,0.0,0.0
7426,CA,CA,SANDC,NONFE,0.11,0.0,0.0,0.0,0.0,0.0
1359,CA,CA,COMPU,INLAN,0.11,0.0,0.0,0.0,0.0,0.0
1250,CA,CA,CHEMI,WHITE,0.11,0.0,0.0,0.0,0.0,0.0
5051,CA,CA,MOTOR,BIODI,0.11,0.0,0.0,0.0,0.0,0.0
3631,CA,CA,GASDI,ELEC4,0.11,0.0,0.0,0.0,0.0,0.0
8145,CA,CA,WHEAT,FURNI,0.12,0.0,0.0,0.0,0.0,0.0
3681,CA,CA,GASDI,PETRO,0.11,0.0,0.0,0.0,0.0,0.0
4510,CA,CA,LUBRI,BIODI,0.11,0.0,0.0,0.0,0.0,0.0
1282,CA,CA,COKIN,COMPU,0.11,0.0,0.0,0.0,0.0,0.0
7766,CA,CA,SUPPO,SUGA1,0.11,0.0,0.0,0.0,0.0,0.0
4619,CA,CA,MEAT1,COMPU,0.11,0.0,0.0,0.0,0.0,0.0
2839,CA,CA,ELEC7,COMPU,0.11,0.0,0.0,0.0,0.0,0.0
823,CA,CA,CATTL,ELEC6,0.12,0.0,0.0,0.0,0.0,0.0
5324,CA,CA,NONF1,NATU1,0.07,0.0,0.0,0.0,0.0,0.0
3300,CA,CA,FOOD5,CEREA,0.12,0.0,0.0,0.0,0.0,0.0
640,CA,CA,BIOGA,HEALT,0.12,0.0,0.0,0.0,0.0,0.0
2238,CA,CA,ELEC1,SEACO,0.12,0.0,0.0,0.0,0.0,0.0
5244,CA,CA,NFERT,MEDIC,0.11,0.0,0.0,0.0,0.0,0.0
3956,CA,CA,HYDRO,SUBBI,0.11,0.0,0.0,0.0,0.0,0.0
4462,CA,CA,LEATH,FABRI,0.11,0.0,0.0,0.0,0.0,0.0
1056,CA,CA,CHEM1,COKE1,0.11,0.0,0.0,0.0,0.0,0.0
3582,CA,CA,FURNI,RETAI,0.11,0.0,0.0,0.0,0.0,0.0
13,CA,CA,93197,COKE1,0.11,0.0,0.0,0.0,0.0,0.0
5109,CA,CA,MOTOR,LUBRI,0.11,0.0,0.0,0.0,0.0,0.0
4051,CA,CA,INSUR,COKEO,0.11,0.0,0.0,0.0,0.0,0.0
5220,CA,CA,NFERT,COMPU,0.11,0.0,0.0,0.0,0.0,0.0
968,CA,CA,CEREA,BITU1,0.11,0.0,0.0,0.0,0.0,0.0
4013,CA,CA,INLAN,RESEA,0.11,0.0,0.0,0.0,0.0,0.0
5789,CA,CA,PFERT,ELEC5,0.11,0.0,0.0,0.0,0.0,0.0
233,CA,CA,ANIMA,MOTOR,0.11,0.0,0.0,0.0,0.0,0.0
5568,CA,CA,OILSE,CROPS,0.11,0.0,0.0,0.0,0.0,0.0
1574,CA,CA,COPP1,COKEO,0.11,0.0,0.0,0.0,0.0,0.0
6662,CA,CA,RECRE,BIODI,0.11,0.0,0.0,0.0,0.0,0.0
7115,CA,CA,RETAI,RESEA,0.11,0.0,0.0,0.0,0.0,0.0
7549,CA,CA,STONE,FABRI,0.11,0.0,0.0,0.0,0.0,0.0
1188,CA,CA,CHEMI,ETHAN,0.11,0.0,0.0,0.0,0.0,0.0
7285,CA,CA,SALEM,ELEC8,0.11,0.0,0.0,0.0,0.0,0.0
6637,CA,CA,REALE,SUBBI,0.11,0.0,0.0,0.0,0.0,0.0
918,CA,CA,CEMEN,WOODW,0.11,0.0,0.0,0.0,0.0,0.0
5674,CA,CA,PAPER,PLANT,0.11,0.0,0.0,0.0,0.0,0.0
4498,CA,CA,LIGNI,POULT,0.11,0.0,0.0,0.0,0.0,0.0
7519,CA,CA,SEACO,STONE,0.11,0.0,0.0,0.0,0.0,0.0
2879,CA,CA,ELEC7,POSTT,0.11,0.0,0.0,0.0,0.0,0.0
5804,CA,CA,PFERT,LUBRI,0.11,0.0,0.0,0.0,0.0,0.0
3372,CA,CA,FOOD5,WOOLS,0.12,0.0,0.0,0.0,0.0,0.0
2897,CA,CA,ELEC7,TRAN2,0.12,0.0,0.0,0.0,0.0,0.0
8202,CA,CA,WHOLE,HOTEL,0.09,0.0,0.0,0.0,0.0,0.0
379,CA,CA,AUXIL,TRAN2,0.12,0.0,0.0,0.0,0.0,0.0
8249,CA,CA,WOODW,BITU1,0.12,0.0,0.0,0.0,0.0,0.0
6534,CA,CA,REALE,BLAST,0.12,0.0,0.0,0.0,0.0,0.0
566,CA,CA,BIODI,RETA1,0.12,0.0,0.0,0.0,0.0,0.0
1205,CA,CA,CHEMI,LEAD1,0.12,0.0,0.0,0.0,0.0,0.0
6374,CA,CA,RADIO,KEROS,0.12,0.0,0.0,0.0,0.0,0.0
903,CA,CA,CEMEN,REFI1,0.12,0.0,0.0,0.0,0.0,0.0
1180,CA,CA,CHEMI,COKEO,0.12,0.0,0.0,0.0,0.0,0.0
5507,CA,CA,NONSP,PAPER,0.12,0.0,0.0,0.0,0.0,0.0
3541,CA,CA,FURNI,KERO1,0.12,0.0,0.0,0.0,0.0,0.0
5567,CA,CA,OILSE,COMPU,0.12,0.0,0.0,0.0,0.0,0.0
3657,CA,CA,GASDI,LEATH,0.12,0.0,0.0,0.0,0.0,0.0
2083,CA,CA,ELE12,93197,0.12,0.0,0.0,0.0,0.0,0.0
8135,CA,CA,WHEAT,COKIN,0.12,0.0,0.0,0.0,0.0,0.0
5212,CA,CA,NFERT,BASIC,0.12,0.0,0.0,0.0,0.0,0.0
6353,CA,CA,RADIO,CERAM,0.12,0.0,0.0,0.0,0.0,0.0
6530,CA,CA,REALE,BIOG1,0.12,0.0,0.0,0.0,0.0,0.0
7810,CA,CA,TEXTI,FISH5,0.12,0.0,0.0,0.0,0.0,0.0
6638,CA,CA,REALE,SUGA1,0.12,0.0,0.0,0.0,0.0,0.0
7517,CA,CA,SEACO,SANDC,0.12,0.0,0.0,0.0,0.0,0.0
6079,CA,CA,PREC1,BUSIN,0.12,0.0,0.0,0.0,0.0,0.0
4143,CA,CA,INSUR,STEAM,0.12,0.0,0.0,0.0,0.0,0.0
6294,CA,CA,PUBLI,RETAI,0.12,0.0,0.0,0.0,0.0,0.0
1779,CA,CA,DAIRY,TEXTI,0.12,0.0,0.0,0.0,0.0,0.0
5321,CA,CA,NONF1,MEDIC,0.12,0.0,0.0,0.0,0.0,0.0
6604,CA,CA,REALE,NONFE,0.12,0.0,0.0,0.0,0.0,0.0
4004,CA,CA,INLAN,POSTT,0.12,0.0,0.0,0.0,0.0,0.0
582,CA,CA,BIOG1,FABRI,0.12,0.0,0.0,0.0,0.0,0.0
4472,CA,CA,LEATH,PAPER,0.12,0.0,0.0,0.0,0.0,0.0
7826,CA,CA,TEXTI,MEAT4,0.12,0.0,0.0,0.0,0.0,0.0
1106,CA,CA,CHEM1,MEATP,0.12,0.0,0.0,0.0,0.0,0.0
1278,CA,CA,COKIN,BITU1,0.12,0.0,0.0,0.0,0.0,0.0
5479,CA,CA,NONSP,FISH5,0.12,0.0,0.0,0.0,0.0,0.0
3303,CA,CA,FOOD5,COKEO,0.12,0.0,0.0,0.0,0.0,0.0
3502,CA,CA,FURNI,BASIC,0.12,0.0,0.0,0.0,0.0,0.0
1569,CA,CA,COPP1,BITU1,0.12,0.0,0.0,0.0,0.0,0.0
6236,CA,CA,PUBLI,ELE12,0.12,0.0,0.0,0.0,0.0,0.0
7487,CA,CA,SEACO,MEATC,0.12,0.0,0.0,0.0,0.0,0.0
6280,CA,CA,PUBLI,PLANT,0.12,0.0,0.0,0.0,0.0,0.0
4524,CA,CA,LUBRI,COPP1,0.12,0.0,0.0,0.0,0.0,0.0
7398,CA,CA,SANDC,ETHAN,0.12,0.0,0.0,0.0,0.0,0.0
8081,CA,CA,WEARI,CHEM1,0.12,0.0,0.0,0.0,0.0,0.0
5746,CA,CA,PETRO,LUBRI,0.12,0.0,0.0,0.0,0.0,0.0
5203,CA,CA,NATU1,RUBBE,0.12,0.0,0.0,0.0,0.0,0.0
8210,CA,CA,WHOLE,MEATC,0.12,0.0,0.0,0.0,0.0,0.0
6159,CA,CA,PRINT,GASDI,0.12,0.0,0.0,0.0,0.0,0.0
7232,CA,CA,RUBBE,TRAN1,0.12,0.0,0.0,0.0,0.0,0.0
5056,CA,CA,MOTOR,BLAST,0.12,0.0,0.0,0.0,0.0,0.0
2771,CA,CA,ELEC6,MEATC,0.12,0.0,0.0,0.0,0.0,0.0
1002,CA,CA,CEREA,MOTOR,0.12,0.0,0.0,0.0,0.0,0.0
2134,CA,CA,ELE12,RUBBE,0.12,0.0,0.0,0.0,0.0,0.0
2189,CA,CA,ELEC1,KEROS,0.12,0.0,0.0,0.0,0.0,0.0
4425,CA,CA,LEAD1,PREC1,0.11,0.0,0.0,0.0,0.0,0.0
2966,CA,CA,ELECT,REALE,0.11,0.0,0.0,0.0,0.0,0.0
8227,CA,CA,WHOLE,REFI1,0.11,0.0,0.0,0.0,0.0,0.0
4062,CA,CA,INSUR,ELE12,0.1,0.0,0.0,0.0,0.0,0.0
7175,CA,CA,RUBBE,KERO1,0.1,0.0,0.0,0.0,0.0,0.0
8211,CA,CA,WHOLE,MEATP,0.1,0.0,0.0,0.0,0.0,0.0
166,CA,CA,ALUM1,FORES,0.1,0.0,0.0,0.0,0.0,0.0
5475,CA,CA,NONSP,ELECT,0.1,0.0,0.0,0.0,0.0,0.0
3715,CA,CA,GASDI,URANI,0.1,0.0,0.0,0.0,0.0,0.0
4560,CA,CA,LUBRI,MEAT4,0.1,0.0,0.0,0.0,0.0,0.0
1295,CA,CA,COKIN,RESEA,0.1,0.0,0.0,0.0,0.0,0.0
389,CA,CA,AUXIL,WOOLS,0.1,0.0,0.0,0.0,0.0,0.0
7442,CA,CA,SANDC,SALEM,0.1,0.0,0.0,0.0,0.0,0.0
1017,CA,CA,CEREA,RAILW,0.1,0.0,0.0,0.0,0.0,0.0
8164,CA,CA,WHEAT,REALE,0.1,0.0,0.0,0.0,0.0,0.0
5470,CA,CA,NONSP,COPP1,0.1,0.0,0.0,0.0,0.0,0.0
4525,CA,CA,LUBRI,CROPS,0.11,0.0,0.0,0.0,0.0,0.0
2888,CA,CA,ELEC7,RECRE,0.1,0.0,0.0,0.0,0.0,0.0
3961,CA,CA,INLAN,AIRTR,0.1,0.0,0.0,0.0,0.0,0.0
2704,CA,CA,ELEC5,SUBBI,0.1,0.0,0.0,0.0,0.0,0.0
4467,CA,CA,LEATH,LANDT,0.1,0.0,0.0,0.0,0.0,0.0
4245,CA,CA,KEROS,NONME,0.1,0.0,0.0,0.0,0.0,0.0
579,CA,CA,BIOG1,COMPU,0.1,0.0,0.0,0.0,0.0,0.0
2093,CA,CA,ELE12,CEMEN,0.1,0.0,0.0,0.0,0.0,0.0
4221,CA,CA,KERO1,WEARI,0.1,0.0,0.0,0.0,0.0,0.0
2678,CA,CA,ELEC5,NONSP,0.1,0.0,0.0,0.0,0.0,0.0
7500,CA,CA,SEACO,PLANT,0.1,0.0,0.0,0.0,0.0,0.0
8166,CA,CA,WHEAT,RETA1,0.1,0.0,0.0,0.0,0.0,0.0
914,CA,CA,CEMEN,URANI,0.1,0.0,0.0,0.0,0.0,0.0
1956,CA,CA,DISTR,PLANT,0.1,0.0,0.0,0.0,0.0,0.0
6827,CA,CA,REFIN,LUBRI,0.1,0.0,0.0,0.0,0.0,0.0
3369,CA,CA,FOOD5,WHITE,0.1,0.0,0.0,0.0,0.0,0.0
1777,CA,CA,DAIRY,SUGA1,0.09,0.0,0.0,0.0,0.0,0.0
42,CA,CA,93197,PAPER,0.09,0.0,0.0,0.0,0.0,0.0
2106,CA,CA,ELE12,FURNI,0.07,0.0,0.0,0.0,0.0,0.0
5367,CA,CA,NONFE,ELEC6,0.09,0.0,0.0,0.0,0.0,0.0
2659,CA,CA,ELEC5,LIGNI,0.09,0.0,0.0,0.0,0.0,0.0
5119,CA,CA,MOTOR,NAPHT,0.09,0.0,0.0,0.0,0.0,0.0
3843,CA,CA,HEALT,POSTT,0.09,0.0,0.0,0.0,0.0,0.0
583,CA,CA,BIOG1,FINAN,0.09,0.0,0.0,0.0,0.0,0.0
2358,CA,CA,ELEC2,SUGA1,0.09,0.0,0.0,0.0,0.0,0.0
3250,CA,CA,FISH5,REALE,0.09,0.0,0.0,0.0,0.0,0.0
1252,CA,CA,CHEMI,WOODW,0.09,0.0,0.0,0.0,0.0,0.0
115,CA,CA,AIRTR,PLANT,0.09,0.0,0.0,0.0,0.0,0.0
3225,CA,CA,FISH5,ANIMA,0.1,0.0,0.0,0.0,0.0,0.0
5042,CA,CA,MOTO1,WOODW,0.1,0.0,0.0,0.0,0.0,0.0
578,CA,CA,BIOG1,CHEM1,0.1,0.0,0.0,0.0,0.0,0.0
5033,CA,CA,MOTO1,SALEM,0.1,0.0,0.0,0.0,0.0,0.0
5259,CA,CA,NFERT,RUBBE,0.1,0.0,0.0,0.0,0.0,0.0
18,CA,CA,93197,CRUDE,0.1,0.0,0.0,0.0,0.0,0.0
906,CA,CA,CEMEN,RUBBE,0.1,0.0,0.0,0.0,0.0,0.0
4732,CA,CA,MEATA,RAWMI,0.1,0.0,0.0,0.0,0.0,0.0
6094,CA,CA,PREC1,NONME,0.1,0.0,0.0,0.0,0.0,0.0
1774,CA,CA,DAIRY,RETAI,0.1,0.0,0.0,0.0,0.0,0.0
7488,CA,CA,SEACO,MEATP,0.1,0.0,0.0,0.0,0.0,0.0
4423,CA,CA,LEAD1,PFERT,0.1,0.0,0.0,0.0,0.0,0.0
33,CA,CA,93197,MEAT1,0.1,0.0,0.0,0.0,0.0,0.0
7926,CA,CA,TRAN1,LUBRI,0.1,0.0,0.0,0.0,0.0,0.0
6096,CA,CA,PREC1,POSTT,0.1,0.0,0.0,0.0,0.0,0.0
1839,CA,CA,DIST1,PFERT,0.1,0.0,0.0,0.0,0.0,0.0
6451,CA,CA,RAILW,MEATP,0.1,0.0,0.0,0.0,0.0,0.0
3057,CA,CA,FABRI,POSTT,0.1,0.0,0.0,0.0,0.0,0.0
7653,CA,CA,SUGAR,CHEM1,0.1,0.0,0.0,0.0,0.0,0.0
551,CA,CA,BIODI,ELE12,0.1,0.0,0.0,0.0,0.0,0.0
5750,CA,CA,PETRO,NAPHT,0.11,0.0,0.0,0.0,0.0,0.0
128,CA,CA,AIRTR,RETAI,0.11,0.0,0.0,0.0,0.0,0.0
6588,CA,CA,REALE,LIGNI,0.11,0.0,0.0,0.0,0.0,0.0
2326,CA,CA,ELEC2,NONFE,0.11,0.0,0.0,0.0,0.0,0.0
6810,CA,CA,REFI1,TRAN2,0.11,0.0,0.0,0.0,0.0,0.0
5317,CA,CA,NONF1,LEATH,0.11,0.0,0.0,0.0,0.0,0.0
3254,CA,CA,FISH5,RUBBE,0.11,0.0,0.0,0.0,0.0,0.0
4463,CA,CA,LEATH,FOOD5,0.11,0.0,0.0,0.0,0.0,0.0
1389,CA,CA,COMPU,PETRO,0.11,0.0,0.0,0.0,0.0,0.0
7659,CA,CA,SUGAR,FURNI,0.11,0.0,0.0,0.0,0.0,0.0
3678,CA,CA,GASDI,OFFIC,0.11,0.0,0.0,0.0,0.0,0.0
7821,CA,CA,TEXTI,KEROS,0.11,0.0,0.0,0.0,0.0,0.0
103,CA,CA,AIRTR,MEAT4,0.11,0.0,0.0,0.0,0.0,0.0
7529,CA,CA,STEAM,STEAM,0.11,0.0,0.0,0.0,0.0,0.0
975,CA,CA,CEREA,COKIN,0.11,0.0,0.0,0.0,0.0,0.0
3933,CA,CA,HYDRO,LIGNI,0.11,0.0,0.0,0.0,0.0,0.0
3612,CA,CA,GASDI,BRICK,0.11,0.0,0.0,0.0,0.0,0.0
4602,CA,CA,LUBRI,SUGAR,0.11,0.0,0.0,0.0,0.0,0.0
4666,CA,CA,MEAT4,ELECT,0.1,0.0,0.0,0.0,0.0,0.0
4991,CA,CA,MOTO1,ANIMA,0.07,0.0,0.0,0.0,0.0,0.0
8077,CA,CA,WEARI,AUXIL,0.1,0.0,0.0,0.0,0.0,0.0
3474,CA,CA,FOUND,POSTT,0.1,0.0,0.0,0.0,0.0,0.0
23,CA,CA,93197,FISH5,0.1,0.0,0.0,0.0,0.0,0.0
6745,CA,CA,RECRE,PREC1,0.1,0.0,0.0,0.0,0.0,0.0
1592,CA,CA,COPP1,LUBRI,0.1,0.0,0.0,0.0,0.0,0.0
8344,CA,CA,WOOLS,COKIN,0.1,0.0,0.0,0.0,0.0,0.0
2722,CA,CA,ELEC6,ANIMA,0.1,0.0,0.0,0.0,0.0,0.0
7156,CA,CA,RUBBE,ELEC5,0.1,0.0,0.0,0.0,0.0,0.0
1364,CA,CA,COMPU,LEAD1,0.1,0.0,0.0,0.0,0.0,0.0
2729,CA,CA,ELEC6,BITUM,0.1,0.0,0.0,0.0,0.0,0.0
7193,CA,CA,RUBBE,NFERT,0.1,0.0,0.0,0.0,0.0,0.0
59,CA,CA,93197,TEXTI,0.1,0.0,0.0,0.0,0.0,0.0
6848,CA,CA,RESEA,BITU1,0.1,0.0,0.0,0.0,0.0,0.0
2948,CA,CA,ELECT,KEROS,0.1,0.0,0.0,0.0,0.0,0.0
3875,CA,CA,HOTEL,FOOD5,0.1,0.0,0.0,0.0,0.0,0.0
4198,CA,CA,KERO1,MEMBE,0.1,0.0,0.0,0.0,0.0,0.0
543,CA,CA,BIODI,BIOG1,0.1,0.0,0.0,0.0,0.0,0.0
5221,CA,CA,NFERT,COPP1,0.1,0.0,0.0,0.0,0.0,0.0
6472,CA,CA,RAILW,REFI1,0.1,0.0,0.0,0.0,0.0,0.0
6790,CA,CA,REFI1,GLASS,0.1,0.0,0.0,0.0,0.0,0.0
1119,CA,CA,CHEM1,OFFIC,0.1,0.0,0.0,0.0,0.0,0.0
5105,CA,CA,MOTOR,LEAD1,0.1,0.0,0.0,0.0,0.0,0.0
2918,CA,CA,ELECT,BASIC,0.1,0.0,0.0,0.0,0.0,0.0
6439,CA,CA,RAILW,HEALT,0.1,0.0,0.0,0.0,0.0,0.0
5843,CA,CA,PIGS9,CHEM1,0.1,0.0,0.0,0.0,0.0,0.0
4817,CA,CA,MEDIC,CEMEN,0.2,0.0,0.0,0.0,0.0,0.0
8123,CA,CA,WEARI,WOODW,0.43,0.0,0.0,0.0,0.0,0.0
120,CA,CA,AIRTR,RADIO,0.2,0.0,0.0,0.0,0.0,0.0
1406,CA,CA,COMPU,RESEA,0.39,0.0,0.0,0.0,0.0,0.0
6946,CA,CA,RESEA,SANDC,0.39,0.0,0.0,0.0,0.0,0.0
2343,CA,CA,ELEC2,RAILW,0.39,0.0,0.0,0.0,0.0,0.0
7367,CA,CA,SALEM,TRAN2,0.39,0.0,0.0,0.0,0.0,0.0
955,CA,CA,CERAM,STONE,0.39,0.0,0.0,0.0,0.0,0.0
1214,CA,CA,CHEMI,MOTO1,0.39,0.0,0.0,0.0,0.0,0.0
1194,CA,CA,CHEMI,FURNI,0.39,0.0,0.0,0.0,0.0,0.0
7211,CA,CA,RUBBE,PULP5,0.39,0.0,0.0,0.0,0.0,0.0
6497,CA,CA,RAWMI,COMPU,0.39,0.0,0.0,0.0,0.0,0.0
5579,CA,CA,OILSE,MEAT1,0.39,0.0,0.0,0.0,0.0,0.0
12,CA,CA,93197,CHEM1,0.39,0.0,0.0,0.0,0.0,0.0
121,CA,CA,AIRTR,RAILW,0.39,0.0,0.0,0.0,0.0,0.0
5531,CA,CA,NONSP,WHITE,0.4,0.0,0.0,0.0,0.0,0.0
6663,CA,CA,RECRE,BIOG1,0.38,0.0,0.0,0.0,0.0,0.0
5694,CA,CA,PAPER,SUGA1,0.4,0.0,0.0,0.0,0.0,0.0
5209,CA,CA,NFERT,AIRTR,0.4,0.0,0.0,0.0,0.0,0.0
5695,CA,CA,PAPER,SUGAR,0.4,0.0,0.0,0.0,0.0,0.0
5959,CA,CA,POSTT,ELEC8,0.4,0.0,0.0,0.0,0.0,0.0
428,CA,CA,BASIC,CHEMI,0.4,0.0,0.0,0.0,0.0,0.0
2401,CA,CA,ELEC3,DIST1,0.4,0.0,0.0,0.0,0.0,0.0
6216,CA,CA,PUBLI,BIODI,0.4,0.0,0.0,0.0,0.0,0.0
195,CA,CA,ALUM1,RESEA,0.4,0.0,0.0,0.0,0.0,0.0
8001,CA,CA,TRANS,FORES,0.4,0.0,0.0,0.0,0.0,0.0
1289,CA,CA,COKIN,NONSP,0.4,0.0,0.0,0.0,0.0,0.0
4007,CA,CA,INLAN,PULP5,0.4,0.0,0.0,0.0,0.0,0.0
2177,CA,CA,ELEC1,FISHF,0.39,0.0,0.0,0.0,0.0,0.0
6496,CA,CA,RAWMI,COKIN,0.39,0.0,0.0,0.0,0.0,0.0
7228,CA,CA,RUBBE,SUGA1,0.39,0.0,0.0,0.0,0.0,0.0
3918,CA,CA,HYDRO,CRUDE,0.39,0.0,0.0,0.0,0.0,0.0
634,CA,CA,BIOGA,ELEC7,0.38,0.0,0.0,0.0,0.0,0.0
4843,CA,CA,MEDIC,MOTO1,0.38,0.0,0.0,0.0,0.0,0.0
62,CA,CA,93197,WEARI,0.38,0.0,0.0,0.0,0.0,0.0
8325,CA,CA,WOODW,SALEM,0.38,0.0,0.0,0.0,0.0,0.0
5206,CA,CA,NATU1,WHITE,0.38,0.0,0.0,0.0,0.0,0.0
4830,CA,CA,MEDIC,GASDI,0.38,0.0,0.0,0.0,0.0,0.0
1320,CA,CA,COMPU,CHEMI,0.38,0.0,0.0,0.0,0.0,0.0
6703,CA,CA,RECRE,FOUND,0.38,0.0,0.0,0.0,0.0,0.0
5771,CA,CA,PFERT,BASIC,0.38,0.0,0.0,0.0,0.0,0.0
2071,CA,CA,EDUCA,SANDC,0.38,0.0,0.0,0.0,0.0,0.0
916,CA,CA,CEMEN,WHEAT,0.38,0.0,0.0,0.0,0.0,0.0
4755,CA,CA,MEATC,LANDT,0.38,0.0,0.0,0.0,0.0,0.0
5054,CA,CA,MOTOR,BITU1,0.38,0.0,0.0,0.0,0.0,0.0
1509,CA,CA,CONST,NFERT,0.38,0.0,0.0,0.0,0.0,0.0
1561,CA,CA,CONST,WOOLS,0.38,0.0,0.0,0.0,0.0,0.0
5319,CA,CA,NONF1,LUBRI,0.38,0.0,0.0,0.0,0.0,0.0
1506,CA,CA,CONST,NAPHT,0.38,0.0,0.0,0.0,0.0,0.0
6808,CA,CA,REFI1,RUBBE,0.38,0.0,0.0,0.0,0.0,0.0
5655,CA,CA,PAPER,LUBRI,0.39,0.0,0.0,0.0,0.0,0.0
2917,CA,CA,ELECT,AUXIL,0.39,0.0,0.0,0.0,0.0,0.0
4994,CA,CA,MOTO1,BEVER,0.39,0.0,0.0,0.0,0.0,0.0
480,CA,CA,BASIC,RECRE,0.39,0.0,0.0,0.0,0.0,0.0
4898,CA,CA,MEMBE,ELEC1,0.39,0.0,0.0,0.0,0.0,0.0
3692,CA,CA,GASDI,RADIO,0.4,0.0,0.0,0.0,0.0,0.0
2127,CA,CA,ELE12,PUBLI,0.4,0.0,0.0,0.0,0.0,0.0
7181,CA,CA,RUBBE,LUBRI,0.4,0.0,0.0,0.0,0.0,0.0
16,CA,CA,93197,COPP1,0.42,0.0,0.0,0.0,0.0,0.0
2991,CA,CA,FABRI,BITU1,0.42,0.0,0.0,0.0,0.0,0.0
7851,CA,CA,TEXTI,RETAI,0.42,0.0,0.0,0.0,0.0,0.0
5040,CA,CA,MOTO1,WEARI,0.42,0.0,0.0,0.0,0.0,0.0
6095,CA,CA,PREC1,PAPER,0.42,0.0,0.0,0.0,0.0,0.0
4027,CA,CA,INLAN,WOODW,0.42,0.0,0.0,0.0,0.0,0.0
676,CA,CA,BRICK,REALE,0.42,0.0,0.0,0.0,0.0,0.0
5294,CA,CA,NONF1,COKEO,0.42,0.0,0.0,0.0,0.0,0.0
2030,CA,CA,EDUCA,GASDI,0.42,0.0,0.0,0.0,0.0,0.0
5410,CA,CA,NONME,HEALT,0.42,0.0,0.0,0.0,0.0,0.0
5811,CA,CA,PFERT,NONF1,0.42,0.0,0.0,0.0,0.0,0.0
6514,CA,CA,RAWMI,RAILW,0.42,0.0,0.0,0.0,0.0,0.0
4923,CA,CA,MEMBE,INLAN,0.42,0.0,0.0,0.0,0.0,0.0
5676,CA,CA,PAPER,PREC1,0.42,0.0,0.0,0.0,0.0,0.0
7540,CA,CA,STONE,BUSIN,0.42,0.0,0.0,0.0,0.0,0.0
6210,CA,CA,PUBLI,93197,0.42,0.0,0.0,0.0,0.0,0.0
4234,CA,CA,KEROS,GASOL,0.42,0.0,0.0,0.0,0.0,0.0
4008,CA,CA,INLAN,RADIO,0.42,0.0,0.0,0.0,0.0,0.0
2061,CA,CA,EDUCA,RADIO,0.42,0.0,0.0,0.0,0.0,0.0
3131,CA,CA,FINAN,ELEC7,0.43,0.0,0.0,0.0,0.0,0.0
7414,CA,CA,SANDC,LANDT,0.43,0.0,0.0,0.0,0.0,0.0
4658,CA,CA,MEAT4,BLAST,0.43,0.0,0.0,0.0,0.0,0.0
6978,CA,CA,RETA1,BITUM,0.43,0.0,0.0,0.0,0.0,0.0
656,CA,CA,BIOGA,SUPPO,0.43,0.0,0.0,0.0,0.0,0.0
5751,CA,CA,PETRO,NATU1,0.42,0.0,0.0,0.0,0.0,0.0
6381,CA,CA,RADIO,MOTOR,0.42,0.0,0.0,0.0,0.0,0.0
5176,CA,CA,NATU1,BUSIN,0.4,0.0,0.0,0.0,0.0,0.0
5727,CA,CA,PETRO,ELEC5,0.41,0.0,0.0,0.0,0.0,0.0
3033,CA,CA,FABRI,LIQUE,0.4,0.0,0.0,0.0,0.0,0.0
5108,CA,CA,MOTOR,LIQUE,0.4,0.0,0.0,0.0,0.0,0.0
5745,CA,CA,PETRO,LIQUE,0.4,0.0,0.0,0.0,0.0,0.0
1301,CA,CA,COMPU,ALUM1,0.4,0.0,0.0,0.0,0.0,0.0
1864,CA,CA,DIST1,TEXTI,0.4,0.0,0.0,0.0,0.0,0.0
506,CA,CA,BEVER,COPP1,0.41,0.0,0.0,0.0,0.0,0.0
7941,CA,CA,TRAN1,NONFE,0.41,0.0,0.0,0.0,0.0,0.0
4807,CA,CA,MEATP,WHOLE,0.41,0.0,0.0,0.0,0.0,0.0
7153,CA,CA,RUBBE,ELEC2,0.41,0.0,0.0,0.0,0.0,0.0
452,CA,CA,BASIC,LEATH,0.41,0.0,0.0,0.0,0.0,0.0
534,CA,CA,BEVER,SUGAR,0.41,0.0,0.0,0.0,0.0,0.0
309,CA,CA,AUXIL,GASOL,0.41,0.0,0.0,0.0,0.0,0.0
5739,CA,CA,PETRO,HEAVY,0.41,0.0,0.0,0.0,0.0,0.0
2893,CA,CA,ELEC7,SALEM,0.41,0.0,0.0,0.0,0.0,0.0
4676,CA,CA,MEAT4,LEATH,0.41,0.0,0.0,0.0,0.0,0.0
4180,CA,CA,KERO1,CRUDE,0.41,0.0,0.0,0.0,0.0,0.0
3249,CA,CA,FISH5,RAILW,0.41,0.0,0.0,0.0,0.0,0.0
8045,CA,CA,VEGET,CRUDE,0.41,0.0,0.0,0.0,0.0,0.0
1725,CA,CA,CRUDE,REALE,0.41,0.0,0.0,0.0,0.0,0.0
5443,CA,CA,NONME,REFI1,0.41,0.0,0.0,0.0,0.0,0.0
1858,CA,CA,DIST1,SALEM,0.41,0.0,0.0,0.0,0.0,0.0
3028,CA,CA,FABRI,KEROS,0.41,0.0,0.0,0.0,0.0,0.0
878,CA,CA,CEMEN,GASDI,0.41,0.0,0.0,0.0,0.0,0.0
108,CA,CA,AIRTR,MEMBE,0.38,0.0,0.0,0.0,0.0,0.0
4698,CA,CA,MEAT4,RECRE,0.37,0.0,0.0,0.0,0.0,0.0
8286,CA,CA,WOODW,KEROS,0.43,0.0,0.0,0.0,0.0,0.0
5106,CA,CA,MOTOR,LEATH,0.35,0.0,0.0,0.0,0.0,0.0
2784,CA,CA,ELEC6,OFFIC,0.34,0.0,0.0,0.0,0.0,0.0
581,CA,CA,BIOG1,EDUCA,0.35,0.0,0.0,0.0,0.0,0.0
101,CA,CA,AIRTR,KEROS,0.35,0.0,0.0,0.0,0.0,0.0
5477,CA,CA,NONSP,FABRI,0.35,0.0,0.0,0.0,0.0,0.0
1862,CA,CA,DIST1,SUGAR,0.35,0.0,0.0,0.0,0.0,0.0
6290,CA,CA,PUBLI,RECRE,0.35,0.0,0.0,0.0,0.0,0.0
5172,CA,CA,NATU1,AVIAT,0.35,0.0,0.0,0.0,0.0,0.0
3885,CA,CA,HOTEL,POSTT,0.35,0.0,0.0,0.0,0.0,0.0
5807,CA,CA,PFERT,MEDIC,0.35,0.0,0.0,0.0,0.0,0.0
6949,CA,CA,RESEA,STONE,0.35,0.0,0.0,0.0,0.0,0.0
68,CA,CA,AIRTR,BASIC,0.35,0.0,0.0,0.0,0.0,0.0
2955,CA,CA,ELECT,MOTOR,0.35,0.0,0.0,0.0,0.0,0.0
4719,CA,CA,MEATA,COPP1,0.37,0.0,0.0,0.0,0.0,0.0
7417,CA,CA,SANDC,LUBRI,0.35,0.0,0.0,0.0,0.0,0.0
7973,CA,CA,TRAN1,SUGA1,0.35,0.0,0.0,0.0,0.0,0.0
7195,CA,CA,RUBBE,NONFE,0.35,0.0,0.0,0.0,0.0,0.0
6563,CA,CA,REALE,ELEC8,0.35,0.0,0.0,0.0,0.0,0.0
4607,CA,CA,LUBRI,VEGET,0.35,0.0,0.0,0.0,0.0,0.0
4449,CA,CA,LEATH,BUSIN,0.35,0.0,0.0,0.0,0.0,0.0
999,CA,CA,CEREA,MEATP,0.35,0.0,0.0,0.0,0.0,0.0
2262,CA,CA,ELEC2,BIODI,0.35,0.0,0.0,0.0,0.0,0.0
5985,CA,CA,POSTT,LIQUE,0.35,0.0,0.0,0.0,0.0,0.0
7939,CA,CA,TRAN1,NFERT,0.36,0.0,0.0,0.0,0.0,0.0
615,CA,CA,BIOGA,BIOG1,0.36,0.0,0.0,0.0,0.0,0.0
4961,CA,CA,MEMBE,RAILW,0.34,0.0,0.0,0.0,0.0,0.0
4777,CA,CA,MEATP,93197,0.34,0.0,0.0,0.0,0.0,0.0
7624,CA,CA,SUGA1,MEAT4,0.34,0.0,0.0,0.0,0.0,0.0
7397,CA,CA,SANDC,ELECT,0.34,0.0,0.0,0.0,0.0,0.0
5626,CA,CA,PAPER,EDUCA,0.33,0.0,0.0,0.0,0.0,0.0
2471,CA,CA,ELEC3,SEACO,0.33,0.0,0.0,0.0,0.0,0.0
3907,CA,CA,HYDRO,AUXIL,0.33,0.0,0.0,0.0,0.0,0.0
6822,CA,CA,REFIN,HEAVY,0.34,0.0,0.0,0.0,0.0,0.0
2826,CA,CA,ELEC7,BASIC,0.34,0.0,0.0,0.0,0.0,0.0
6853,CA,CA,RESEA,CEMEN,0.34,0.0,0.0,0.0,0.0,0.0
2182,CA,CA,ELEC1,GASDI,0.34,0.0,0.0,0.0,0.0,0.0
2099,CA,CA,ELE12,CRUDE,0.34,0.0,0.0,0.0,0.0,0.0
1778,CA,CA,DAIRY,SUPPO,0.34,0.0,0.0,0.0,0.0,0.0
438,CA,CA,BASIC,FISH5,0.34,0.0,0.0,0.0,0.0,0.0
6108,CA,CA,PREC1,URANI,0.34,0.0,0.0,0.0,0.0,0.0
5916,CA,CA,PLAST,TRAN1,0.34,0.0,0.0,0.0,0.0,0.0
854,CA,CA,CATTL,WEARI,0.34,0.0,0.0,0.0,0.0,0.0
2206,CA,CA,ELEC1,NATU1,0.34,0.0,0.0,0.0,0.0,0.0
7360,CA,CA,SALEM,SUBBI,0.34,0.0,0.0,0.0,0.0,0.0
3519,CA,CA,FURNI,COPP1,0.34,0.0,0.0,0.0,0.0,0.0
742,CA,CA,BUSIN,KERO1,0.34,0.0,0.0,0.0,0.0,0.0
7562,CA,CA,STONE,LANDT,0.34,0.0,0.0,0.0,0.0,0.0
6138,CA,CA,PRINT,CROPS,0.34,0.0,0.0,0.0,0.0,0.0
2073,CA,CA,EDUCA,STONE,0.34,0.0,0.0,0.0,0.0,0.0
5269,CA,CA,NICKE,BASIC,0.34,0.0,0.0,0.0,0.0,0.0
6041,CA,CA,POSTT,VEGE1,0.34,0.0,0.0,0.0,0.0,0.0
1385,CA,CA,COMPU,NONSP,0.34,0.0,0.0,0.0,0.0,0.0
2643,CA,CA,ELEC5,FISHF,0.36,0.0,0.0,0.0,0.0,0.0
2398,CA,CA,ELEC3,CROPS,0.36,0.0,0.0,0.0,0.0,0.0
3870,CA,CA,HOTEL,CROPS,0.36,0.0,0.0,0.0,0.0,0.0
4347,CA,CA,LANDT,PLANT,0.37,0.0,0.0,0.0,0.0,0.0
2979,CA,CA,ELECT,WEARI,0.37,0.0,0.0,0.0,0.0,0.0
4016,CA,CA,INLAN,SALEM,0.37,0.0,0.0,0.0,0.0,0.0
6171,CA,CA,PRINT,MEAT1,0.37,0.0,0.0,0.0,0.0,0.0
4675,CA,CA,MEAT4,LANDT,0.37,0.0,0.0,0.0,0.0,0.0
1575,CA,CA,COPP1,COMPU,0.37,0.0,0.0,0.0,0.0,0.0
7113,CA,CA,RETAI,REALE,0.37,0.0,0.0,0.0,0.0,0.0
4943,CA,CA,MEMBE,NFERT,0.37,0.0,0.0,0.0,0.0,0.0
4902,CA,CA,MEMBE,ELEC5,0.37,0.0,0.0,0.0,0.0,0.0
4775,CA,CA,MEATC,WHOLE,0.37,0.0,0.0,0.0,0.0,0.0
2762,CA,CA,ELEC6,INSUR,0.37,0.0,0.0,0.0,0.0,0.0
1411,CA,CA,COMPU,SANDC,0.37,0.0,0.0,0.0,0.0,0.0
4107,CA,CA,INSUR,NAPHT,0.37,0.0,0.0,0.0,0.0,0.0
2467,CA,CA,ELEC3,RETAI,0.37,0.0,0.0,0.0,0.0,0.0
4791,CA,CA,MEATP,LANDT,0.37,0.0,0.0,0.0,0.0,0.0
5798,CA,CA,PFERT,FURNI,0.37,0.0,0.0,0.0,0.0,0.0
588,CA,CA,BIOG1,HOTEL,0.37,0.0,0.0,0.0,0.0,0.0
5236,CA,CA,NFERT,FORES,0.37,0.0,0.0,0.0,0.0,0.0
7962,CA,CA,TRAN1,REFI1,0.37,0.0,0.0,0.0,0.0,0.0
2823,CA,CA,ELEC7,ALUM1,0.37,0.0,0.0,0.0,0.0,0.0
4625,CA,CA,MEAT1,FISHF,0.37,0.0,0.0,0.0,0.0,0.0
4969,CA,CA,MEMBE,RETAI,0.37,0.0,0.0,0.0,0.0,0.0
1217,CA,CA,CHEMI,NATU1,0.37,0.0,0.0,0.0,0.0,0.0
3566,CA,CA,FURNI,PETRO,0.37,0.0,0.0,0.0,0.0,0.0
6847,CA,CA,RESEA,BIOGA,0.37,0.0,0.0,0.0,0.0,0.0
6600,CA,CA,REALE,NAPHT,0.37,0.0,0.0,0.0,0.0,0.0
1589,CA,CA,COPP1,LANDT,0.36,0.0,0.0,0.0,0.0,0.0
5097,CA,CA,MOTOR,HEAVY,0.36,0.0,0.0,0.0,0.0,0.0
4854,CA,CA,MEDIC,REALE,0.36,0.0,0.0,0.0,0.0,0.0
5944,CA,CA,POSTT,COPP1,0.36,0.0,0.0,0.0,0.0,0.0
1632,CA,CA,CROPS,BITUM,0.36,0.0,0.0,0.0,0.0,0.0
4627,CA,CA,MEAT1,FURNI,0.36,0.0,0.0,0.0,0.0,0.0
5868,CA,CA,PIGS9,RESEA,0.36,0.0,0.0,0.0,0.0,0.0
6309,CA,CA,PUBLI,WEARI,0.36,0.0,0.0,0.0,0.0,0.0
6860,CA,CA,RESEA,COKIN,0.36,0.0,0.0,0.0,0.0,0.0
3739,CA,CA,GLASS,93197,0.36,0.0,0.0,0.0,0.0,0.0
3082,CA,CA,FABRI,VEGE1,0.36,0.0,0.0,0.0,0.0,0.0
4851,CA,CA,MEDIC,PUBLI,0.36,0.0,0.0,0.0,0.0,0.0
714,CA,CA,BUSIN,ELE12,0.36,0.0,0.0,0.0,0.0,0.0
2648,CA,CA,ELEC5,GASDI,0.36,0.0,0.0,0.0,0.0,0.0
2688,CA,CA,ELEC5,PREC1,0.36,0.0,0.0,0.0,0.0,0.0
1395,CA,CA,COMPU,PREC1,0.36,0.0,0.0,0.0,0.0,0.0
5114,CA,CA,MOTOR,MEATP,0.36,0.0,0.0,0.0,0.0,0.0
5024,CA,CA,MOTO1,PRINT,0.36,0.0,0.0,0.0,0.0,0.0
7155,CA,CA,RUBBE,ELEC4,0.36,0.0,0.0,0.0,0.0,0.0
4965,CA,CA,MEMBE,REFI1,0.36,0.0,0.0,0.0,0.0,0.0
2672,CA,CA,ELEC5,NATU1,0.36,0.0,0.0,0.0,0.0,0.0
5460,CA,CA,NONSP,AVIAT,0.36,0.0,0.0,0.0,0.0,0.0
6250,CA,CA,PUBLI,FOOD5,0.36,0.0,0.0,0.0,0.0,0.0
91,CA,CA,AIRTR,FISHF,0.36,0.0,0.0,0.0,0.0,0.0
1620,CA,CA,COPP1,URANI,0.36,0.0,0.0,0.0,0.0,0.0
2429,CA,CA,ELEC3,MEAT4,0.43,0.0,0.0,0.0,0.0,0.0
5931,CA,CA,POSTT,BRICK,0.43,0.0,0.0,0.0,0.0,0.0
5754,CA,CA,PETRO,NONSP,0.2,0.0,0.0,0.0,0.0,0.0
4857,CA,CA,MEDIC,RESEA,0.5,0.0,0.0,0.0,0.0,0.0
3352,CA,CA,FOOD5,RAILW,0.5,0.0,0.0,0.0,0.0,0.0
4972,CA,CA,MEMBE,SANDC,0.5,0.0,0.0,0.0,0.0,0.0
2594,CA,CA,ELEC4,SUGA1,0.5,0.0,0.0,0.0,0.0,0.0
6834,CA,CA,REFIN,REFI1,0.5,0.0,0.0,0.0,0.0,0.0
1451,CA,CA,CONST,COKE1,0.5,0.0,0.0,0.0,0.0,0.0
1373,CA,CA,COMPU,MEATP,0.5,0.0,0.0,0.0,0.0,0.0
7603,CA,CA,SUGA1,BIODI,0.5,0.0,0.0,0.0,0.0,0.0
1133,CA,CA,CHEM1,RAILW,0.5,0.0,0.0,0.0,0.0,0.0
2559,CA,CA,ELEC4,NFERT,0.5,0.0,0.0,0.0,0.0,0.0
183,CA,CA,ALUM1,NONSP,0.5,0.0,0.0,0.0,0.0,0.0
2759,CA,CA,ELEC6,GLASS,0.5,0.0,0.0,0.0,0.0,0.0
88,CA,CA,AIRTR,ELECT,0.5,0.0,0.0,0.0,0.0,0.0
6235,CA,CA,PUBLI,EDUCA,0.48,0.0,0.0,0.0,0.0,0.0
5988,CA,CA,POSTT,MEAT4,0.5,0.0,0.0,0.0,0.0,0.0
3556,CA,CA,FURNI,NAPHT,0.5,0.0,0.0,0.0,0.0,0.0
4272,CA,CA,LANDT,BLAST,0.51,0.0,0.0,0.0,0.0,0.0
6059,CA,CA,POULT,LANDT,0.51,0.0,0.0,0.0,0.0,0.0
6052,CA,CA,POULT,BUSIN,0.51,0.0,0.0,0.0,0.0,0.0
1022,CA,CA,CEREA,RETA1,0.51,0.0,0.0,0.0,0.0,0.0
2910,CA,CA,ELEC8,PRINT,0.51,0.0,0.0,0.0,0.0,0.0
2657,CA,CA,ELEC5,LEAD1,0.51,0.0,0.0,0.0,0.0,0.0
638,CA,CA,BIOGA,FOOD5,0.51,0.0,0.0,0.0,0.0,0.0
7073,CA,CA,RETA1,REFIN,0.51,0.0,0.0,0.0,0.0,0.0
6325,CA,CA,PULP5,LANDT,0.51,0.0,0.0,0.0,0.0,0.0
6965,CA,CA,RESEA,WOOLS,0.5,0.0,0.0,0.0,0.0,0.0
6033,CA,CA,POSTT,SUGAR,0.5,0.0,0.0,0.0,0.0,0.0
6282,CA,CA,PUBLI,POULT,0.49,0.0,0.0,0.0,0.0,0.0
1425,CA,CA,COMPU,WHEAT,0.49,0.0,0.0,0.0,0.0,0.0
1021,CA,CA,CEREA,RESEA,0.48,0.0,0.0,0.0,0.0,0.0
5189,CA,CA,NATU1,LANDT,0.48,0.0,0.0,0.0,0.0,0.0
6025,CA,CA,POSTT,RETAI,0.48,0.0,0.0,0.0,0.0,0.0
1447,CA,CA,CONST,CERAM,0.48,0.0,0.0,0.0,0.0,0.0
6328,CA,CA,PULP5,MOTO1,0.48,0.0,0.0,0.0,0.0,0.0
8021,CA,CA,TRANS,SALEM,0.49,0.0,0.0,0.0,0.0,0.0
8044,CA,CA,VEGET,COPP1,0.49,0.0,0.0,0.0,0.0,0.0
4176,CA,CA,KERO1,COMPU,0.49,0.0,0.0,0.0,0.0,0.0
5628,CA,CA,PAPER,ELEC2,0.49,0.0,0.0,0.0,0.0,0.0
82,CA,CA,AIRTR,ELEC3,0.49,0.0,0.0,0.0,0.0,0.0
4292,CA,CA,LANDT,ELEC3,0.49,0.0,0.0,0.0,0.0,0.0
5560,CA,CA,OILSE,ANIMA,0.49,0.0,0.0,0.0,0.0,0.0
2366,CA,CA,ELEC2,VEGE1,0.49,0.0,0.0,0.0,0.0,0.0
3862,CA,CA,HOTEL,AUXIL,0.49,0.0,0.0,0.0,0.0,0.0
8173,CA,CA,WHEAT,WHOLE,0.49,0.0,0.0,0.0,0.0,0.0
2264,CA,CA,ELEC2,BIOGA,0.49,0.0,0.0,0.0,0.0,0.0
6979,CA,CA,RETA1,BLAST,0.49,0.0,0.0,0.0,0.0,0.0
7722,CA,CA,SUPPO,LEATH,0.49,0.0,0.0,0.0,0.0,0.0
860,CA,CA,CEMEN,BITU1,0.49,0.0,0.0,0.0,0.0,0.0
6512,CA,CA,RAWMI,POULT,0.49,0.0,0.0,0.0,0.0,0.0
5200,CA,CA,NATU1,REFIN,0.49,0.0,0.0,0.0,0.0,0.0
679,CA,CA,BRICK,STONE,0.49,0.0,0.0,0.0,0.0,0.0
6073,CA,CA,POULT,WHEAT,0.49,0.0,0.0,0.0,0.0,0.0
244,CA,CA,ANIMA,RECRE,0.51,0.0,0.0,0.0,0.0,0.0
5260,CA,CA,NFERT,SALEM,0.51,0.0,0.0,0.0,0.0,0.0
3152,CA,CA,FINAN,KERO1,0.51,0.0,0.0,0.0,0.0,0.0
6447,CA,CA,RAILW,LIGNI,0.52,0.0,0.0,0.0,0.0,0.0
4447,CA,CA,LEATH,AUXIL,0.53,0.0,0.0,0.0,0.0,0.0
3996,CA,CA,INLAN,MEDIC,0.53,0.0,0.0,0.0,0.0,0.0
7121,CA,CA,RETAI,WHOLE,0.53,0.0,0.0,0.0,0.0,0.0
7297,CA,CA,SALEM,GASOL,0.53,0.0,0.0,0.0,0.0,0.0
5315,CA,CA,NONF1,LANDT,0.53,0.0,0.0,0.0,0.0,0.0
3026,CA,CA,FABRI,INLAN,0.53,0.0,0.0,0.0,0.0,0.0
6912,CA,CA,RESEA,MEMBE,0.53,0.0,0.0,0.0,0.0,0.0
2020,CA,CA,EDUCA,ELEC5,0.53,0.0,0.0,0.0,0.0,0.0
4218,CA,CA,KERO1,SUPPO,0.53,0.0,0.0,0.0,0.0,0.0
5907,CA,CA,PLAST,ELEC2,0.53,0.0,0.0,0.0,0.0,0.0
4937,CA,CA,MEMBE,MEMBE,0.53,0.0,0.0,0.0,0.0,0.0
834,CA,CA,CATTL,MEATA,0.53,0.0,0.0,0.0,0.0,0.0
888,CA,CA,CEMEN,MOTOR,0.53,0.0,0.0,0.0,0.0,0.0
2890,CA,CA,ELEC7,RETA1,0.53,0.0,0.0,0.0,0.0,0.0
596,CA,CA,BIOG1,PUBLI,0.53,0.0,0.0,0.0,0.0,0.0
5592,CA,CA,OILSE,RUBBE,0.53,0.0,0.0,0.0,0.0,0.0
7150,CA,CA,RUBBE,DISTR,0.53,0.0,0.0,0.0,0.0,0.0
4187,CA,CA,KERO1,FORES,0.53,0.0,0.0,0.0,0.0,0.0
8093,CA,CA,WEARI,FABRI,0.53,0.0,0.0,0.0,0.0,0.0
3311,CA,CA,FOOD5,ELECT,0.53,0.0,0.0,0.0,0.0,0.0
2998,CA,CA,FABRI,CHEMI,0.54,0.0,0.0,0.0,0.0,0.0
4929,CA,CA,MEMBE,LIQUE,0.54,0.0,0.0,0.0,0.0,0.0
896,CA,CA,CEMEN,OILSE,0.54,0.0,0.0,0.0,0.0,0.0
3924,CA,CA,HYDRO,GLASS,0.53,0.0,0.0,0.0,0.0,0.0
2939,CA,CA,ELECT,FOOD5,0.52,0.0,0.0,0.0,0.0,0.0
597,CA,CA,BIOG1,PULP5,0.51,0.0,0.0,0.0,0.0,0.0
5551,CA,CA,OFFIC,ELEC8,0.52,0.0,0.0,0.0,0.0,0.0
5349,CA,CA,NONF1,SUPPO,0.51,0.0,0.0,0.0,0.0,0.0
230,CA,CA,ANIMA,MEATA,0.51,0.0,0.0,0.0,0.0,0.0
7689,CA,CA,SUPPO,CHEMI,0.51,0.0,0.0,0.0,0.0,0.0
3838,CA,CA,HEALT,NATUR,0.51,0.0,0.0,0.0,0.0,0.0
1209,CA,CA,CHEMI,MEAT1,0.51,0.0,0.0,0.0,0.0,0.0
6671,CA,CA,RECRE,CEMEN,0.51,0.0,0.0,0.0,0.0,0.0
1678,CA,CA,CROPS,VEGET,0.51,0.0,0.0,0.0,0.0,0.0
4451,CA,CA,LEATH,CHEM1,0.51,0.0,0.0,0.0,0.0,0.0
1605,CA,CA,COPP1,PRINT,0.51,0.0,0.0,0.0,0.0,0.0
5761,CA,CA,PETRO,RUBBE,0.51,0.0,0.0,0.0,0.0,0.0
8136,CA,CA,WHEAT,COMPU,0.51,0.0,0.0,0.0,0.0,0.0
2459,CA,CA,ELEC3,RAILW,0.52,0.0,0.0,0.0,0.0,0.0
5520,CA,CA,NONSP,REFIN,0.52,0.0,0.0,0.0,0.0,0.0
6824,CA,CA,REFIN,KEROS,0.52,0.0,0.0,0.0,0.0,0.0
2035,CA,CA,EDUCA,HYDRO,0.52,0.0,0.0,0.0,0.0,0.0
7791,CA,CA,TEXTI,CERAM,0.52,0.0,0.0,0.0,0.0,0.0
5075,CA,CA,MOTOR,ELEC1,0.52,0.0,0.0,0.0,0.0,0.0
471,CA,CA,BASIC,PFERT,0.52,0.0,0.0,0.0,0.0,0.0
1120,CA,CA,CHEM1,OILSE,0.52,0.0,0.0,0.0,0.0,0.0
6919,CA,CA,RESEA,NONF1,0.52,0.0,0.0,0.0,0.0,0.0
3054,CA,CA,FABRI,PETRO,0.52,0.0,0.0,0.0,0.0,0.0
8063,CA,CA,VEGET,RECRE,0.52,0.0,0.0,0.0,0.0,0.0
4290,CA,CA,LANDT,ELEC1,0.52,0.0,0.0,0.0,0.0,0.0
1945,CA,CA,DISTR,NFERT,0.48,0.0,0.0,0.0,0.0,0.0
137,CA,CA,AIRTR,TRAN1,0.48,0.0,0.0,0.0,0.0,0.0
1269,CA,CA,COKEO,FOUND,0.43,0.0,0.0,0.0,0.0,0.0
4623,CA,CA,MEAT1,FABRI,0.45,0.0,0.0,0.0,0.0,0.0
4861,CA,CA,MEDIC,SALEM,0.44,0.0,0.0,0.0,0.0,0.0
5784,CA,CA,PFERT,DISTR,0.44,0.0,0.0,0.0,0.0,0.0
5725,CA,CA,PETRO,ELEC3,0.44,0.0,0.0,0.0,0.0,0.0
6952,CA,CA,RESEA,SUPPO,0.44,0.0,0.0,0.0,0.0,0.0
8329,CA,CA,WOODW,SUGA1,0.44,0.0,0.0,0.0,0.0,0.0
7847,CA,CA,TEXTI,RECRE,0.44,0.0,0.0,0.0,0.0,0.0
6590,CA,CA,REALE,LUBRI,0.44,0.0,0.0,0.0,0.0,0.0
6065,CA,CA,POULT,PFERT,0.44,0.0,0.0,0.0,0.0,0.0
8317,CA,CA,WOODW,RAILW,0.44,0.0,0.0,0.0,0.0,0.0
5524,CA,CA,NONSP,RUBBE,0.44,0.0,0.0,0.0,0.0,0.0
5527,CA,CA,NONSP,SUPPO,0.44,0.0,0.0,0.0,0.0,0.0
6181,CA,CA,PRINT,NONF1,0.45,0.0,0.0,0.0,0.0,0.0
7806,CA,CA,TEXTI,ELEC4,0.48,0.0,0.0,0.0,0.0,0.0
1517,CA,CA,CONST,PETRO,0.45,0.0,0.0,0.0,0.0,0.0
595,CA,CA,BIOG1,PRINT,0.45,0.0,0.0,0.0,0.0,0.0
6502,CA,CA,RAWMI,HOTEL,0.45,0.0,0.0,0.0,0.0,0.0
348,CA,CA,AUXIL,PLANT,0.45,0.0,0.0,0.0,0.0,0.0
4974,CA,CA,MEMBE,STONE,0.45,0.0,0.0,0.0,0.0,0.0
8118,CA,CA,WEARI,SUPPO,0.45,0.0,0.0,0.0,0.0,0.0
4906,CA,CA,MEMBE,ELECT,0.45,0.0,0.0,0.0,0.0,0.0
5723,CA,CA,PETRO,ELEC1,0.45,0.0,0.0,0.0,0.0,0.0
2814,CA,CA,ELEC6,TRANS,0.45,0.0,0.0,0.0,0.0,0.0
6089,CA,CA,PREC1,HOTEL,0.45,0.0,0.0,0.0,0.0,0.0
1667,CA,CA,CROPS,REALE,0.45,0.0,0.0,0.0,0.0,0.0
3866,CA,CA,HOTEL,CHEM1,0.44,0.0,0.0,0.0,0.0,0.0
6266,CA,CA,PUBLI,MEATA,0.44,0.0,0.0,0.0,0.0,0.0
2249,CA,CA,ELEC1,VEGE1,0.44,0.0,0.0,0.0,0.0,0.0
5989,CA,CA,POSTT,MEATA,0.44,0.0,0.0,0.0,0.0,0.0
1350,CA,CA,COMPU,FOUND,0.43,0.0,0.0,0.0,0.0,0.0
2130,CA,CA,ELE12,REALE,0.43,0.0,0.0,0.0,0.0,0.0
7815,CA,CA,TEXTI,GASDI,0.43,0.0,0.0,0.0,0.0,0.0
3559,CA,CA,FURNI,NFERT,0.43,0.0,0.0,0.0,0.0,0.0
4891,CA,CA,MEMBE,COPP1,0.43,0.0,0.0,0.0,0.0,0.0
6897,CA,CA,RESEA,INSUR,0.43,0.0,0.0,0.0,0.0,0.0
7350,CA,CA,SALEM,REFIN,0.43,0.0,0.0,0.0,0.0,0.0
3099,CA,CA,FINAN,BIOG1,0.43,0.0,0.0,0.0,0.0,0.0
5711,CA,CA,PETRO,BASIC,0.07,0.0,0.0,0.0,0.0,0.0
654,CA,CA,BIOGA,SALEM,0.43,0.0,0.0,0.0,0.0,0.0
5554,CA,CA,OFFIC,PRINT,0.43,0.0,0.0,0.0,0.0,0.0
2054,CA,CA,EDUCA,OFFIC,0.43,0.0,0.0,0.0,0.0,0.0
3462,CA,CA,FOUND,LEAD1,0.43,0.0,0.0,0.0,0.0,0.0
954,CA,CA,CERAM,SANDC,0.43,0.0,0.0,0.0,0.0,0.0
3174,CA,CA,FINAN,NONFE,0.43,0.0,0.0,0.0,0.0,0.0
4555,CA,CA,LUBRI,LEATH,0.43,0.0,0.0,0.0,0.0,0.0
880,CA,CA,CEMEN,HOTEL,0.43,0.0,0.0,0.0,0.0,0.0
6677,CA,CA,RECRE,COKIN,0.43,0.0,0.0,0.0,0.0,0.0
540,CA,CA,BEVER,WHOLE,0.44,0.0,0.0,0.0,0.0,0.0
6302,CA,CA,PUBLI,SUGA1,0.44,0.0,0.0,0.0,0.0,0.0
2857,CA,CA,ELEC7,HEALT,0.44,0.0,0.0,0.0,0.0,0.0
1511,CA,CA,CONST,NONFE,0.44,0.0,0.0,0.0,0.0,0.0
5481,CA,CA,NONSP,FOOD5,0.44,0.0,0.0,0.0,0.0,0.0
5719,CA,CA,PETRO,COKIN,0.45,0.0,0.0,0.0,0.0,0.0
95,CA,CA,AIRTR,GASDI,0.45,0.0,0.0,0.0,0.0,0.0
1809,CA,CA,DIST1,ELECT,0.45,0.0,0.0,0.0,0.0,0.0
2381,CA,CA,ELEC3,BIODI,0.47,0.0,0.0,0.0,0.0,0.0
4097,CA,CA,INSUR,LUBRI,0.47,0.0,0.0,0.0,0.0,0.0
1781,CA,CA,DAIRY,WEARI,0.47,0.0,0.0,0.0,0.0,0.0
4476,CA,CA,LEATH,RECRE,0.47,0.0,0.0,0.0,0.0,0.0
3065,CA,CA,FABRI,RECRE,0.47,0.0,0.0,0.0,0.0,0.0
7897,CA,CA,TRAN1,CROPS,0.47,0.0,0.0,0.0,0.0,0.0
5775,CA,CA,PFERT,BUSIN,0.47,0.0,0.0,0.0,0.0,0.0
3235,CA,CA,FISH5,DAIRY,0.47,0.0,0.0,0.0,0.0,0.0
1599,CA,CA,COPP1,NONSP,0.47,0.0,0.0,0.0,0.0,0.0
825,CA,CA,CATTL,FABRI,0.47,0.0,0.0,0.0,0.0,0.0
4584,CA,CA,LUBRI,PULP5,0.47,0.0,0.0,0.0,0.0,0.0
1980,CA,CA,DISTR,SUGA1,0.47,0.0,0.0,0.0,0.0,0.0
5640,CA,CA,PAPER,FOUND,0.47,0.0,0.0,0.0,0.0,0.0
6227,CA,CA,PUBLI,COKIN,0.47,0.0,0.0,0.0,0.0,0.0
81,CA,CA,AIRTR,ELEC2,0.48,0.0,0.0,0.0,0.0,0.0
7553,CA,CA,STONE,FURNI,0.48,0.0,0.0,0.0,0.0,0.0
5844,CA,CA,PIGS9,COKIN,0.48,0.0,0.0,0.0,0.0,0.0
296,CA,CA,AUXIL,ELEC7,0.48,0.0,0.0,0.0,0.0,0.0
1452,CA,CA,CONST,COKEO,0.48,0.0,0.0,0.0,0.0,0.0
6927,CA,CA,RESEA,PIGS9,0.48,0.0,0.0,0.0,0.0,0.0
144,CA,CA,AIRTR,WOODW,0.48,0.0,0.0,0.0,0.0,0.0
8170,CA,CA,WHEAT,VEGET,0.48,0.0,0.0,0.0,0.0,0.0
6723,CA,CA,RECRE,MEATA,0.48,0.0,0.0,0.0,0.0,0.0
4466,CA,CA,LEATH,HOTEL,0.48,0.0,0.0,0.0,0.0,0.0
268,CA,CA,AUXIL,BLAST,0.47,0.0,0.0,0.0,0.0,0.0
5549,CA,CA,OFFIC,ELEC6,0.47,0.0,0.0,0.0,0.0,0.0
4023,CA,CA,INLAN,TEXTI,0.45,0.0,0.0,0.0,0.0,0.0
7393,CA,CA,SANDC,CONST,0.47,0.0,0.0,0.0,0.0,0.0
6104,CA,CA,PREC1,RUBBE,0.45,0.0,0.0,0.0,0.0,0.0
1340,CA,CA,COMPU,ELEC7,0.45,0.0,0.0,0.0,0.0,0.0
3558,CA,CA,FURNI,NATUR,0.46,0.0,0.0,0.0,0.0,0.0
4276,CA,CA,LANDT,CERAM,0.46,0.0,0.0,0.0,0.0,0.0
1318,CA,CA,COMPU,CEREA,0.46,0.0,0.0,0.0,0.0,0.0
2016,CA,CA,EDUCA,ELEC1,0.46,0.0,0.0,0.0,0.0,0.0
5325,CA,CA,NONF1,NATUR,0.46,0.0,0.0,0.0,0.0,0.0
4869,CA,CA,MEDIC,WOODW,0.46,0.0,0.0,0.0,0.0,0.0
5320,CA,CA,NONF1,MEAT4,0.46,0.0,0.0,0.0,0.0,0.0
3845,CA,CA,HEALT,PRINT,0.46,0.0,0.0,0.0,0.0,0.0
4946,CA,CA,MEMBE,NONSP,0.46,0.0,0.0,0.0,0.0,0.0
7749,CA,CA,SUPPO,PREC1,0.46,0.0,0.0,0.0,0.0,0.0
3705,CA,CA,GASDI,SEACO,0.46,0.0,0.0,0.0,0.0,0.0
2055,CA,CA,EDUCA,PAPER,0.46,0.0,0.0,0.0,0.0,0.0
8302,CA,CA,WOODW,NONFE,0.46,0.0,0.0,0.0,0.0,0.0
5287,CA,CA,NONF1,BITU1,0.46,0.0,0.0,0.0,0.0,0.0
1645,CA,CA,CROPS,FORES,0.46,0.0,0.0,0.0,0.0,0.0
7374,CA,CA,SALEM,WHITE,0.46,0.0,0.0,0.0,0.0,0.0
3215,CA,CA,FINAN,URANI,0.46,0.0,0.0,0.0,0.0,0.0
2191,CA,CA,ELEC1,LEAD1,0.46,0.0,0.0,0.0,0.0,0.0
1610,CA,CA,COPP1,REFI1,0.46,0.0,0.0,0.0,0.0,0.0
7378,CA,CA,SANDC,AIRTR,0.46,0.0,0.0,0.0,0.0,0.0
1213,CA,CA,CHEMI,MEDIC,0.47,0.0,0.0,0.0,0.0,0.0
5780,CA,CA,PFERT,COPP1,0.33,0.0,0.0,0.0,0.0,0.0
5939,CA,CA,POSTT,COKE1,0.33,0.0,0.0,0.0,0.0,0.0
948,CA,CA,CERAM,REALE,0.33,0.0,0.0,0.0,0.0,0.0
819,CA,CA,CATTL,CHEM1,0.24,0.0,0.0,0.0,0.0,0.0
2133,CA,CA,ELE12,RETA1,0.24,0.0,0.0,0.0,0.0,0.0
2723,CA,CA,ELEC6,AUXIL,0.24,0.0,0.0,0.0,0.0,0.0
1621,CA,CA,COPP1,WEARI,0.24,0.0,0.0,0.0,0.0,0.0
8153,CA,CA,WHEAT,MEATC,0.24,0.0,0.0,0.0,0.0,0.0
3321,CA,CA,FOOD5,GLASS,0.24,0.0,0.0,0.0,0.0,0.0
6350,CA,CA,RADIO,BEVER,0.24,0.0,0.0,0.0,0.0,0.0
1240,CA,CA,CHEMI,SALEM,0.24,0.0,0.0,0.0,0.0,0.0
200,CA,CA,ALUM1,SUPPO,0.24,0.0,0.0,0.0,0.0,0.0
6910,CA,CA,RESEA,MEATP,0.24,0.0,0.0,0.0,0.0,0.0
3756,CA,CA,GLASS,COPP1,0.24,0.0,0.0,0.0,0.0,0.0
8330,CA,CA,WOODW,SUGAR,0.24,0.0,0.0,0.0,0.0,0.0
6971,CA,CA,RETA1,AVIAT,0.24,0.0,0.0,0.0,0.0,0.0
4920,CA,CA,MEMBE,HEAVY,0.23,0.0,0.0,0.0,0.0,0.0
80,CA,CA,AIRTR,ELEC1,0.24,0.0,0.0,0.0,0.0,0.0
6265,CA,CA,PUBLI,MEAT4,0.24,0.0,0.0,0.0,0.0,0.0
4228,CA,CA,KEROS,BUSIN,0.24,0.0,0.0,0.0,0.0,0.0
858,CA,CA,CEMEN,AUXIL,0.24,0.0,0.0,0.0,0.0,0.0
6516,CA,CA,RAWMI,RESEA,0.24,0.0,0.0,0.0,0.0,0.0
3493,CA,CA,FOUND,WEARI,0.24,0.0,0.0,0.0,0.0,0.0
1040,CA,CA,CHEM1,AVIAT,0.24,0.0,0.0,0.0,0.0,0.0
852,CA,CA,CATTL,SUPPO,0.24,0.0,0.0,0.0,0.0,0.0
5304,CA,CA,NONF1,FISH5,0.24,0.0,0.0,0.0,0.0,0.0
568,CA,CA,BIODI,STEAM,0.24,0.0,0.0,0.0,0.0,0.0
2152,CA,CA,ELEC1,BIOGA,0.24,0.0,0.0,0.0,0.0,0.0
8270,CA,CA,WOODW,ELEC7,0.24,0.0,0.0,0.0,0.0,0.0
1651,CA,CA,CROPS,MEAT4,0.24,0.0,0.0,0.0,0.0,0.0
3673,CA,CA,GASDI,NFERT,0.24,0.0,0.0,0.0,0.0,0.0
5530,CA,CA,NONSP,WEARI,0.24,0.0,0.0,0.0,0.0,0.0
6456,CA,CA,RAILW,NATU1,0.23,0.0,0.0,0.0,0.0,0.0
7616,CA,CA,SUGA1,FURNI,0.23,0.0,0.0,0.0,0.0,0.0
8009,CA,CA,TRANS,NATUR,0.23,0.0,0.0,0.0,0.0,0.0
953,CA,CA,CERAM,SALEM,0.23,0.0,0.0,0.0,0.0,0.0
4721,CA,CA,MEATA,FOOD5,0.23,0.0,0.0,0.0,0.0,0.0
7661,CA,CA,SUGAR,LANDT,0.23,0.0,0.0,0.0,0.0,0.0
6725,CA,CA,RECRE,MEATP,0.23,0.0,0.0,0.0,0.0,0.0
5774,CA,CA,PFERT,BITU1,0.23,0.0,0.0,0.0,0.0,0.0
4556,CA,CA,LUBRI,LIGNI,0.23,0.0,0.0,0.0,0.0,0.0
2789,CA,CA,ELEC6,PLANT,0.23,0.0,0.0,0.0,0.0,0.0
787,CA,CA,BUSIN,REFIN,0.23,0.0,0.0,0.0,0.0,0.0
6954,CA,CA,RESEA,TOBAC,0.23,0.0,0.0,0.0,0.0,0.0
5847,CA,CA,PIGS9,FABRI,0.23,0.0,0.0,0.0,0.0,0.0
3833,CA,CA,HEALT,LANDT,0.23,0.0,0.0,0.0,0.0,0.0
6676,CA,CA,RECRE,COKE1,0.23,0.0,0.0,0.0,0.0,0.0
764,CA,CA,BUSIN,NONFE,0.23,0.0,0.0,0.0,0.0,0.0
3262,CA,CA,FISHF,AUXIL,0.23,0.0,0.0,0.0,0.0,0.0
2969,CA,CA,ELECT,RESEA,0.23,0.0,0.0,0.0,0.0,0.0
2425,CA,CA,ELEC3,LIGNI,0.24,0.0,0.0,0.0,0.0,0.0
4379,CA,CA,LANDT,URANI,0.24,0.0,0.0,0.0,0.0,0.0
1093,CA,CA,CHEM1,INLAN,0.24,0.0,0.0,0.0,0.0,0.0
5718,CA,CA,PETRO,CHEM1,0.24,0.0,0.0,0.0,0.0,0.0
3349,CA,CA,FOOD5,PRINT,0.24,0.0,0.0,0.0,0.0,0.0
3302,CA,CA,FOOD5,CHEMI,0.24,0.0,0.0,0.0,0.0,0.0
107,CA,CA,AIRTR,MEDIC,0.24,0.0,0.0,0.0,0.0,0.0
4600,CA,CA,LUBRI,SUBBI,0.24,0.0,0.0,0.0,0.0,0.0
6939,CA,CA,RESEA,REFI1,0.25,0.0,0.0,0.0,0.0,0.0
1553,CA,CA,CONST,URANI,0.25,0.0,0.0,0.0,0.0,0.0
5318,CA,CA,NONF1,LIQUE,0.25,0.0,0.0,0.0,0.0,0.0
7201,CA,CA,RUBBE,PETRO,0.25,0.0,0.0,0.0,0.0,0.0
6918,CA,CA,RESEA,NFERT,0.25,0.0,0.0,0.0,0.0,0.0
8335,CA,CA,WOODW,URANI,0.25,0.0,0.0,0.0,0.0,0.0
3039,CA,CA,FABRI,MEATP,0.25,0.0,0.0,0.0,0.0,0.0
2858,CA,CA,ELEC7,HOTEL,0.25,0.0,0.0,0.0,0.0,0.0
6320,CA,CA,PULP5,COMPU,0.25,0.0,0.0,0.0,0.0,0.0
155,CA,CA,ALUM1,BITU1,0.25,0.0,0.0,0.0,0.0,0.0
3463,CA,CA,FOUND,LIGNI,0.25,0.0,0.0,0.0,0.0,0.0
2778,CA,CA,ELEC6,NATUR,0.25,0.0,0.0,0.0,0.0,0.0
8304,CA,CA,WOODW,NONSP,0.25,0.0,0.0,0.0,0.0,0.0
3775,CA,CA,GLASS,MEAT1,0.25,0.0,0.0,0.0,0.0,0.0
7387,CA,CA,SANDC,BUSIN,0.26,0.0,0.0,0.0,0.0,0.0
6365,CA,CA,RADIO,FISHF,0.26,0.0,0.0,0.0,0.0,0.0
1743,CA,CA,DAIRY,BIOGA,0.26,0.0,0.0,0.0,0.0,0.0
6909,CA,CA,RESEA,MEATC,0.26,0.0,0.0,0.0,0.0,0.0
3609,CA,CA,GASDI,BITU1,0.26,0.0,0.0,0.0,0.0,0.0
4786,CA,CA,MEATP,DAIRY,0.26,0.0,0.0,0.0,0.0,0.0
5442,CA,CA,NONME,RECRE,0.26,0.0,0.0,0.0,0.0,0.0
2933,CA,CA,ELECT,ELEC4,0.26,0.0,0.0,0.0,0.0,0.0
2618,CA,CA,ELEC5,BIOGA,0.26,0.0,0.0,0.0,0.0,0.0
587,CA,CA,BIOG1,HEALT,0.26,0.0,0.0,0.0,0.0,0.0
2444,CA,CA,ELEC3,NONSP,0.25,0.0,0.0,0.0,0.0,0.0
1366,CA,CA,COMPU,LIGNI,0.25,0.0,0.0,0.0,0.0,0.0
6295,CA,CA,PUBLI,RUBBE,0.24,0.0,0.0,0.0,0.0,0.0
4947,CA,CA,MEMBE,OFFIC,0.25,0.0,0.0,0.0,0.0,0.0
7573,CA,CA,STONE,NONFE,0.24,0.0,0.0,0.0,0.0,0.0
3665,CA,CA,GASDI,MEATP,0.24,0.0,0.0,0.0,0.0,0.0
8154,CA,CA,WHEAT,MEATP,0.24,0.0,0.0,0.0,0.0,0.0
4251,CA,CA,KEROS,REFIN,0.24,0.0,0.0,0.0,0.0,0.0
2305,CA,CA,ELEC2,KEROS,0.24,0.0,0.0,0.0,0.0,0.0
6724,CA,CA,RECRE,MEATC,0.24,0.0,0.0,0.0,0.0,0.0
605,CA,CA,BIOG1,SALEM,0.24,0.0,0.0,0.0,0.0,0.0
4353,CA,CA,LANDT,PUBLI,0.24,0.0,0.0,0.0,0.0,0.0
3926,CA,CA,HYDRO,HOTEL,0.24,0.0,0.0,0.0,0.0,0.0
98,CA,CA,AIRTR,HOTEL,0.25,0.0,0.0,0.0,0.0,0.0
2665,CA,CA,ELEC5,MEATC,0.25,0.0,0.0,0.0,0.0,0.0
6178,CA,CA,PRINT,MOTO1,0.25,0.0,0.0,0.0,0.0,0.0
6830,CA,CA,REFIN,NATU1,0.25,0.0,0.0,0.0,0.0,0.0
1169,CA,CA,CHEMI,BASIC,0.25,0.0,0.0,0.0,0.0,0.0
8104,CA,CA,WEARI,PAPER,0.25,0.0,0.0,0.0,0.0,0.0
2810,CA,CA,ELEC6,SUPPO,0.25,0.0,0.0,0.0,0.0,0.0
2473,CA,CA,ELEC3,SUBBI,0.25,0.0,0.0,0.0,0.0,0.0
2355,CA,CA,ELEC2,SEACO,0.25,0.0,0.0,0.0,0.0,0.0
3292,CA,CA,FOOD5,BASIC,0.25,0.0,0.0,0.0,0.0,0.0
46,CA,CA,93197,PREC1,0.25,0.0,0.0,0.0,0.0,0.0
7430,CA,CA,SANDC,PETRO,0.25,0.0,0.0,0.0,0.0,0.0
5672,CA,CA,PAPER,PETRO,0.25,0.0,0.0,0.0,0.0,0.0
6904,CA,CA,RESEA,LIQUE,0.25,0.0,0.0,0.0,0.0,0.0
7501,CA,CA,SEACO,POSTT,0.23,0.0,0.0,0.0,0.0,0.0
3750,CA,CA,GLASS,CERAM,0.23,0.0,0.0,0.0,0.0,0.0
5513,CA,CA,NONSP,PRINT,0.33,0.0,0.0,0.0,0.0,0.0
4037,CA,CA,INSUR,BIOG1,0.21,0.0,0.0,0.0,0.0,0.0
4418,CA,CA,LEAD1,NONF1,0.21,0.0,0.0,0.0,0.0,0.0
671,CA,CA,BRICK,BUSIN,0.21,0.0,0.0,0.0,0.0,0.0
938,CA,CA,CERAM,FURNI,0.21,0.0,0.0,0.0,0.0,0.0
159,CA,CA,ALUM1,COKEO,0.21,0.0,0.0,0.0,0.0,0.0
6891,CA,CA,RESEA,GLASS,0.21,0.0,0.0,0.0,0.0,0.0
1953,CA,CA,DISTR,PETRO,0.21,0.0,0.0,0.0,0.0,0.0
5028,CA,CA,MOTO1,REALE,0.21,0.0,0.0,0.0,0.0,0.0
5699,CA,CA,PAPER,TRAN1,0.21,0.0,0.0,0.0,0.0,0.0
6172,CA,CA,PRINT,MEAT4,0.21,0.0,0.0,0.0,0.0,0.0
222,CA,CA,ANIMA,FOOD5,0.21,0.0,0.0,0.0,0.0,0.0
3508,CA,CA,FURNI,BRICK,0.21,0.0,0.0,0.0,0.0,0.0
2769,CA,CA,ELEC6,MEAT1,0.21,0.0,0.0,0.0,0.0,0.0
8247,CA,CA,WOODW,BIODI,0.23,0.0,0.0,0.0,0.0,0.0
163,CA,CA,ALUM1,FABRI,0.21,0.0,0.0,0.0,0.0,0.0
136,CA,CA,AIRTR,TEXTI,0.21,0.0,0.0,0.0,0.0,0.0
813,CA,CA,CATTL,AUXIL,0.21,0.0,0.0,0.0,0.0,0.0
5353,CA,CA,NONF1,URANI,0.21,0.0,0.0,0.0,0.0,0.0
5411,CA,CA,NONME,HEAVY,0.21,0.0,0.0,0.0,0.0,0.0
8180,CA,CA,WHOLE,BIODI,0.21,0.0,0.0,0.0,0.0,0.0
6305,CA,CA,PUBLI,TEXTI,0.21,0.0,0.0,0.0,0.0,0.0
1987,CA,CA,DISTR,URANI,0.21,0.0,0.0,0.0,0.0,0.0
2197,CA,CA,ELEC1,MEAT4,0.21,0.0,0.0,0.0,0.0,0.0
4629,CA,CA,MEAT1,LANDT,0.21,0.0,0.0,0.0,0.0,0.0
4757,CA,CA,MEATC,MEAT1,0.21,0.0,0.0,0.0,0.0,0.0
5872,CA,CA,PIGS9,SUPPO,0.21,0.0,0.0,0.0,0.0,0.0
3526,CA,CA,FURNI,ETHAN,0.21,0.0,0.0,0.0,0.0,0.0
2426,CA,CA,ELEC3,LIQUE,0.21,0.0,0.0,0.0,0.0,0.0
7560,CA,CA,STONE,KERO1,0.21,0.0,0.0,0.0,0.0,0.0
5817,CA,CA,PFERT,PFERT,0.2,0.0,0.0,0.0,0.0,0.0
8115,CA,CA,WEARI,RETAI,0.2,0.0,0.0,0.0,0.0,0.0
2693,CA,CA,ELEC5,RAILW,0.2,0.0,0.0,0.0,0.0,0.0
5194,CA,CA,NATU1,NONME,0.2,0.0,0.0,0.0,0.0,0.0
3906,CA,CA,HYDRO,ALUMI,0.2,0.0,0.0,0.0,0.0,0.0
1981,CA,CA,DISTR,SUGAR,0.2,0.0,0.0,0.0,0.0,0.0
5403,CA,CA,NONME,FOOD5,0.2,0.0,0.0,0.0,0.0,0.0
3247,CA,CA,FISH5,MEATP,0.2,0.0,0.0,0.0,0.0,0.0
1005,CA,CA,CEREA,NONF1,0.2,0.0,0.0,0.0,0.0,0.0
8096,CA,CA,WEARI,GLASS,0.2,0.0,0.0,0.0,0.0,0.0
1165,CA,CA,CHEMI,AIRTR,0.2,0.0,0.0,0.0,0.0,0.0
140,CA,CA,AIRTR,VEGET,0.2,0.0,0.0,0.0,0.0,0.0
4095,CA,CA,INSUR,LIGNI,0.2,0.0,0.0,0.0,0.0,0.0
3246,CA,CA,FISH5,MEATC,0.2,0.0,0.0,0.0,0.0,0.0
2860,CA,CA,ELEC7,LANDT,0.2,0.0,0.0,0.0,0.0,0.0
7325,CA,CA,SALEM,NFERT,0.2,0.0,0.0,0.0,0.0,0.0
7610,CA,CA,SUGA1,COPP1,0.2,0.0,0.0,0.0,0.0,0.0
4499,CA,CA,LIGNI,RAWMI,0.2,0.0,0.0,0.0,0.0,0.0
4166,CA,CA,KERO1,ANIMA,0.2,0.0,0.0,0.0,0.0,0.0
1835,CA,CA,DIST1,OFFIC,0.2,0.0,0.0,0.0,0.0,0.0
6734,CA,CA,RECRE,NONF1,0.2,0.0,0.0,0.0,0.0,0.0
6083,CA,CA,PREC1,COPP1,0.2,0.0,0.0,0.0,0.0,0.0
2904,CA,CA,ELEC8,EDUCA,0.21,0.0,0.0,0.0,0.0,0.0
4806,CA,CA,MEATP,WEARI,0.21,0.0,0.0,0.0,0.0,0.0
5503,CA,CA,NONSP,NONME,0.21,0.0,0.0,0.0,0.0,0.0
464,CA,CA,BASIC,NONFE,0.21,0.0,0.0,0.0,0.0,0.0
2628,CA,CA,ELEC5,CHEMI,0.22,0.0,0.0,0.0,0.0,0.0
3326,CA,CA,FOOD5,LEATH,0.22,0.0,0.0,0.0,0.0,0.0
2537,CA,CA,ELEC4,INLAN,0.22,0.0,0.0,0.0,0.0,0.0
7248,CA,CA,SALEM,AVIAT,0.22,0.0,0.0,0.0,0.0,0.0
5111,CA,CA,MOTOR,MEAT4,0.22,0.0,0.0,0.0,0.0,0.0
6748,CA,CA,RECRE,PULP5,0.22,0.0,0.0,0.0,0.0,0.0
1653,CA,CA,CROPS,MEATC,0.22,0.0,0.0,0.0,0.0,0.0
523,CA,CA,BEVER,PLANT,0.22,0.0,0.0,0.0,0.0,0.0
2833,CA,CA,ELEC7,CEMEN,0.22,0.0,0.0,0.0,0.0,0.0
1365,CA,CA,COMPU,LEATH,0.22,0.0,0.0,0.0,0.0,0.0
7551,CA,CA,STONE,FOOD5,0.22,0.0,0.0,0.0,0.0,0.0
1572,CA,CA,COPP1,CERAM,0.22,0.0,0.0,0.0,0.0,0.0
620,CA,CA,BIOGA,COKE1,0.22,0.0,0.0,0.0,0.0,0.0
1216,CA,CA,CHEMI,NAPHT,0.22,0.0,0.0,0.0,0.0,0.0
3952,CA,CA,HYDRO,RETA1,0.22,0.0,0.0,0.0,0.0,0.0
5629,CA,CA,PAPER,ELEC3,0.22,0.0,0.0,0.0,0.0,0.0
571,CA,CA,BIOG1,93197,0.22,0.0,0.0,0.0,0.0,0.0
5712,CA,CA,PETRO,BITU1,0.22,0.0,0.0,0.0,0.0,0.0
5126,CA,CA,MOTOR,NONSP,0.22,0.0,0.0,0.0,0.0,0.0
8184,CA,CA,WHOLE,CERAM,0.22,0.0,0.0,0.0,0.0,0.0
7682,CA,CA,SUPPO,BITU1,0.22,0.0,0.0,0.0,0.0,0.0
150,CA,CA,ALUM1,AUXIL,0.23,0.0,0.0,0.0,0.0,0.0
4490,CA,CA,LIGNI,CATTL,0.23,0.0,0.0,0.0,0.0,0.0
1682,CA,CA,CROPS,WOODW,0.23,0.0,0.0,0.0,0.0,0.0
2601,CA,CA,ELEC4,URANI,0.22,0.0,0.0,0.0,0.0,0.0
4717,CA,CA,MEATA,COKIN,0.22,0.0,0.0,0.0,0.0,0.0
5765,CA,CA,PETRO,WHOLE,0.21,0.0,0.0,0.0,0.0,0.0
5419,CA,CA,NONME,LIQUE,0.22,0.0,0.0,0.0,0.0,0.0
5906,CA,CA,PLAST,ELEC1,0.21,0.0,0.0,0.0,0.0,0.0
4145,CA,CA,INSUR,SUBBI,0.21,0.0,0.0,0.0,0.0,0.0
7920,CA,CA,TRAN1,KEROS,0.21,0.0,0.0,0.0,0.0,0.0
964,CA,CA,CEREA,BASIC,0.21,0.0,0.0,0.0,0.0,0.0
8039,CA,CA,VEGET,BITUM,0.21,0.0,0.0,0.0,0.0,0.0
218,CA,CA,ANIMA,COPP1,0.21,0.0,0.0,0.0,0.0,0.0
2567,CA,CA,ELEC4,PETRO,0.21,0.0,0.0,0.0,0.0,0.0
3424,CA,CA,FORES,SUGAR,0.21,0.0,0.0,0.0,0.0,0.0
6750,CA,CA,RECRE,RAILW,0.21,0.0,0.0,0.0,0.0,0.0
3322,CA,CA,FOOD5,HEALT,0.21,0.0,0.0,0.0,0.0,0.0
2666,CA,CA,ELEC5,MEATP,0.21,0.0,0.0,0.0,0.0,0.0
7882,CA,CA,TRAN1,BLAST,0.21,0.0,0.0,0.0,0.0,0.0
8290,CA,CA,WOODW,LIQUE,0.21,0.0,0.0,0.0,0.0,0.0
8333,CA,CA,WOODW,TRAN2,0.21,0.0,0.0,0.0,0.0,0.0
7384,CA,CA,SANDC,BIOGA,0.21,0.0,0.0,0.0,0.0,0.0
1709,CA,CA,CRUDE,LEATH,0.21,0.0,0.0,0.0,0.0,0.0
734,CA,CA,BUSIN,GASOL,0.21,0.0,0.0,0.0,0.0,0.0
2328,CA,CA,ELEC2,NONSP,0.22,0.0,0.0,0.0,0.0,0.0
5589,CA,CA,OILSE,RECRE,0.22,0.0,0.0,0.0,0.0,0.0
4981,CA,CA,MEMBE,VEGE1,0.22,0.0,0.0,0.0,0.0,0.0
6337,CA,CA,PULP5,RETA1,0.22,0.0,0.0,0.0,0.0,0.0
8012,CA,CA,TRANS,PRINT,0.22,0.0,0.0,0.0,0.0,0.0
4575,CA,CA,LUBRI,PETRO,0.22,0.0,0.0,0.0,0.0,0.0
4742,CA,CA,MEATC,ANIMA,0.26,0.0,0.0,0.0,0.0,0.0
6947,CA,CA,RESEA,SEACO,0.26,0.0,0.0,0.0,0.0,0.0
6841,CA,CA,RESEA,ANIMA,0.26,0.0,0.0,0.0,0.0,0.0
4001,CA,CA,INLAN,OILSE,0.31,0.0,0.0,0.0,0.0,0.0
7092,CA,CA,RETA1,URANI,0.31,0.0,0.0,0.0,0.0,0.0
6779,CA,CA,RECRE,WOOLS,0.31,0.0,0.0,0.0,0.0,0.0
3475,CA,CA,FOUND,PREC1,0.31,0.0,0.0,0.0,0.0,0.0
6714,CA,CA,RECRE,KEROS,0.31,0.0,0.0,0.0,0.0,0.0
6329,CA,CA,PULP5,NONME,0.31,0.0,0.0,0.0,0.0,0.0
6460,CA,CA,RAILW,OFFIC,0.31,0.0,0.0,0.0,0.0,0.0
3359,CA,CA,FOOD5,RETAI,0.31,0.0,0.0,0.0,0.0,0.0
5664,CA,CA,PAPER,NAPHT,0.31,0.0,0.0,0.0,0.0,0.0
1146,CA,CA,CHEM1,STEAM,0.31,0.0,0.0,0.0,0.0,0.0
8293,CA,CA,WOODW,MEAT4,0.31,0.0,0.0,0.0,0.0,0.0
6717,CA,CA,RECRE,LEATH,0.31,0.0,0.0,0.0,0.0,0.0
243,CA,CA,ANIMA,REALE,0.31,0.0,0.0,0.0,0.0,0.0
2100,CA,CA,ELE12,EDUCA,0.26,0.0,0.0,0.0,0.0,0.0
6080,CA,CA,PREC1,CERAM,0.31,0.0,0.0,0.0,0.0,0.0
7190,CA,CA,RUBBE,NAPHT,0.31,0.0,0.0,0.0,0.0,0.0
5499,CA,CA,NONSP,MEMBE,0.31,0.0,0.0,0.0,0.0,0.0
1310,CA,CA,COMPU,BITU1,0.31,0.0,0.0,0.0,0.0,0.0
2263,CA,CA,ELEC2,BIOG1,0.31,0.0,0.0,0.0,0.0,0.0
8248,CA,CA,WOODW,BIOGA,0.31,0.0,0.0,0.0,0.0,0.0
5714,CA,CA,PETRO,BRICK,0.31,0.0,0.0,0.0,0.0,0.0
3472,CA,CA,FOUND,PAPER,0.31,0.0,0.0,0.0,0.0,0.0
1869,CA,CA,DIST1,WEARI,0.31,0.0,0.0,0.0,0.0,0.0
1614,CA,CA,COPP1,SALEM,0.31,0.0,0.0,0.0,0.0,0.0
6867,CA,CA,RESEA,DIST1,0.31,0.0,0.0,0.0,0.0,0.0
4565,CA,CA,LUBRI,MEMBE,0.31,0.0,0.0,0.0,0.0,0.0
650,CA,CA,BIOGA,RECRE,0.31,0.0,0.0,0.0,0.0,0.0
6246,CA,CA,PUBLI,FABRI,0.31,0.0,0.0,0.0,0.0,0.0
8076,CA,CA,WEARI,93197,0.31,0.0,0.0,0.0,0.0,0.0
6699,CA,CA,RECRE,FISH5,0.3,0.0,0.0,0.0,0.0,0.0
1208,CA,CA,CHEMI,LUBRI,0.3,0.0,0.0,0.0,0.0,0.0
6303,CA,CA,PUBLI,SUGAR,0.3,0.0,0.0,0.0,0.0,0.0
6916,CA,CA,RESEA,NATU1,0.3,0.0,0.0,0.0,0.0,0.0
134,CA,CA,AIRTR,SUGAR,0.3,0.0,0.0,0.0,0.0,0.0
5580,CA,CA,OILSE,MEAT4,0.3,0.0,0.0,0.0,0.0,0.0
7256,CA,CA,SALEM,BLAST,0.3,0.0,0.0,0.0,0.0,0.0
3855,CA,CA,HEALT,WHEAT,0.3,0.0,0.0,0.0,0.0,0.0
5681,CA,CA,PAPER,RAILW,0.3,0.0,0.0,0.0,0.0,0.0
3985,CA,CA,INLAN,GLASS,0.3,0.0,0.0,0.0,0.0,0.0
6109,CA,CA,PREC1,WEARI,0.3,0.0,0.0,0.0,0.0,0.0
6610,CA,CA,REALE,PETRO,0.3,0.0,0.0,0.0,0.0,0.0
7718,CA,CA,SUPPO,KERO1,0.3,0.0,0.0,0.0,0.0,0.0
1204,CA,CA,CHEMI,LANDT,0.3,0.0,0.0,0.0,0.0,0.0
4294,CA,CA,LANDT,ELEC5,0.3,0.0,0.0,0.0,0.0,0.0
7687,CA,CA,SUPPO,CEREA,0.3,0.0,0.0,0.0,0.0,0.0
5240,CA,CA,NFERT,LANDT,0.3,0.0,0.0,0.0,0.0,0.0
1723,CA,CA,CRUDE,PRINT,0.3,0.0,0.0,0.0,0.0,0.0
7422,CA,CA,SANDC,NAPHT,0.31,0.0,0.0,0.0,0.0,0.0
1681,CA,CA,CROPS,WHOLE,0.31,0.0,0.0,0.0,0.0,0.0
4728,CA,CA,MEATA,MEAT4,0.31,0.0,0.0,0.0,0.0,0.0
2752,CA,CA,ELEC6,FISH5,0.31,0.0,0.0,0.0,0.0,0.0
3038,CA,CA,FABRI,MEATC,0.31,0.0,0.0,0.0,0.0,0.0
7377,CA,CA,SALEM,WOOLS,0.31,0.0,0.0,0.0,0.0,0.0
6315,CA,CA,PULP5,AUXIL,0.31,0.0,0.0,0.0,0.0,0.0
602,CA,CA,BIOG1,RETA1,0.31,0.0,0.0,0.0,0.0,0.0
3220,CA,CA,FINAN,WHITE,0.33,0.0,0.0,0.0,0.0,0.0
1656,CA,CA,CROPS,NATU1,0.33,0.0,0.0,0.0,0.0,0.0
4640,CA,CA,MEAT1,RUBBE,0.33,0.0,0.0,0.0,0.0,0.0
5127,CA,CA,MOTOR,OFFIC,0.33,0.0,0.0,0.0,0.0,0.0
624,CA,CA,BIOGA,DAIRY,0.33,0.0,0.0,0.0,0.0,0.0
7550,CA,CA,STONE,FISH5,0.33,0.0,0.0,0.0,0.0,0.0
6923,CA,CA,RESEA,OILSE,0.33,0.0,0.0,0.0,0.0,0.0
2662,CA,CA,ELEC5,MEAT1,0.33,0.0,0.0,0.0,0.0,0.0
5717,CA,CA,PETRO,CERAM,0.33,0.0,0.0,0.0,0.0,0.0
4068,CA,CA,INSUR,ELEC6,0.33,0.0,0.0,0.0,0.0,0.0
8320,CA,CA,WOODW,REFI1,0.33,0.0,0.0,0.0,0.0,0.0
7548,CA,CA,STONE,ETHAN,0.33,0.0,0.0,0.0,0.0,0.0
3880,CA,CA,HOTEL,INLAN,0.33,0.0,0.0,0.0,0.0,0.0
3449,CA,CA,FOUND,COPP1,0.33,0.0,0.0,0.0,0.0,0.0
2313,CA,CA,ELEC2,MEAT4,0.33,0.0,0.0,0.0,0.0,0.0
4408,CA,CA,LEAD1,HEALT,0.33,0.0,0.0,0.0,0.0,0.0
6826,CA,CA,REFIN,LIQUE,0.33,0.0,0.0,0.0,0.0,0.0
7734,CA,CA,SUPPO,NATU1,0.33,0.0,0.0,0.0,0.0,0.0
5648,CA,CA,PAPER,INLAN,0.33,0.0,0.0,0.0,0.0,0.0
2222,CA,CA,ELEC1,PREC1,0.33,0.0,0.0,0.0,0.0,0.0
4558,CA,CA,LUBRI,LUBRI,0.33,0.0,0.0,0.0,0.0,0.0
2796,CA,CA,ELEC6,RADIO,0.33,0.0,0.0,0.0,0.0,0.0
1413,CA,CA,COMPU,STONE,0.33,0.0,0.0,0.0,0.0,0.0
1630,CA,CA,CROPS,AUXIL,0.33,0.0,0.0,0.0,0.0,0.0
6929,CA,CA,RESEA,POULT,0.33,0.0,0.0,0.0,0.0,0.0
2831,CA,CA,ELEC7,BUSIN,0.32,0.0,0.0,0.0,0.0,0.0
3742,CA,CA,GLASS,ANIMA,0.31,0.0,0.0,0.0,0.0,0.0
8060,CA,CA,VEGET,PUBLI,0.32,0.0,0.0,0.0,0.0,0.0
4846,CA,CA,MEDIC,NONME,0.32,0.0,0.0,0.0,0.0,0.0
3970,CA,CA,INLAN,CEREA,0.32,0.0,0.0,0.0,0.0,0.0
5897,CA,CA,PLANT,WHOLE,0.32,0.0,0.0,0.0,0.0,0.0
1346,CA,CA,COMPU,FISH5,0.32,0.0,0.0,0.0,0.0,0.0
7606,CA,CA,SUGA1,BUSIN,0.32,0.0,0.0,0.0,0.0,0.0
5228,CA,CA,NFERT,ELEC4,0.32,0.0,0.0,0.0,0.0,0.0
5957,CA,CA,POSTT,ELEC6,0.32,0.0,0.0,0.0,0.0,0.0
3522,CA,CA,FURNI,DAIRY,0.32,0.0,0.0,0.0,0.0,0.0
4687,CA,CA,MEAT4,NONSP,0.32,0.0,0.0,0.0,0.0,0.0
5415,CA,CA,NONME,KEROS,0.32,0.0,0.0,0.0,0.0,0.0
57,CA,CA,93197,STEAM,0.32,0.0,0.0,0.0,0.0,0.0
5335,CA,CA,NONF1,PRINT,0.32,0.0,0.0,0.0,0.0,0.0
7964,CA,CA,TRAN1,RESEA,0.32,0.0,0.0,0.0,0.0,0.0
3648,CA,CA,GASDI,HEAVY,0.32,0.0,0.0,0.0,0.0,0.0
5388,CA,CA,NONME,CHEMI,0.32,0.0,0.0,0.0,0.0,0.0
2621,CA,CA,ELEC5,BRICK,0.32,0.0,0.0,0.0,0.0,0.0
3144,CA,CA,FINAN,GASOL,0.32,0.0,0.0,0.0,0.0,0.0
2421,CA,CA,ELEC3,KEROS,0.32,0.0,0.0,0.0,0.0,0.0
1540,CA,CA,CONST,SANDC,0.32,0.0,0.0,0.0,0.0,0.0
8165,CA,CA,WHEAT,RESEA,0.32,0.0,0.0,0.0,0.0,0.0
6233,CA,CA,PUBLI,DIST1,0.32,0.0,0.0,0.0,0.0,0.0
4118,CA,CA,INSUR,PETRO,0.32,0.0,0.0,0.0,0.0,0.0
7310,CA,CA,SALEM,LIGNI,0.32,0.0,0.0,0.0,0.0,0.0
3285,CA,CA,FISHF,TRAN2,0.3,0.0,0.0,0.0,0.0,0.0
577,CA,CA,BIOG1,BUSIN,0.3,0.0,0.0,0.0,0.0,0.0
43,CA,CA,93197,PFERT,0.3,0.0,0.0,0.0,0.0,0.0
2159,CA,CA,ELEC1,CERAM,0.27,0.0,0.0,0.0,0.0,0.0
2928,CA,CA,ELECT,DISTR,0.27,0.0,0.0,0.0,0.0,0.0
41,CA,CA,93197,OFFIC,0.27,0.0,0.0,0.0,0.0,0.0
7059,CA,CA,RETA1,PLANT,0.27,0.0,0.0,0.0,0.0,0.0
2821,CA,CA,ELEC7,93197,0.27,0.0,0.0,0.0,0.0,0.0
1312,CA,CA,COMPU,BLAST,0.27,0.0,0.0,0.0,0.0,0.0
5902,CA,CA,PLAST,CHEM1,0.27,0.0,0.0,0.0,0.0,0.0
1826,CA,CA,DIST1,MEATA,0.27,0.0,0.0,0.0,0.0,0.0
3841,CA,CA,HEALT,PFERT,0.27,0.0,0.0,0.0,0.0,0.0
173,CA,CA,ALUM1,LEAD1,0.27,0.0,0.0,0.0,0.0,0.0
6344,CA,CA,RADIO,93197,0.27,0.0,0.0,0.0,0.0,0.0
8190,CA,CA,WHOLE,EDUCA,0.28,0.0,0.0,0.0,0.0,0.0
821,CA,CA,CATTL,COMPU,0.28,0.0,0.0,0.0,0.0,0.0
8206,CA,CA,WHOLE,LEATH,0.28,0.0,0.0,0.0,0.0,0.0
3476,CA,CA,FOUND,PRINT,0.28,0.0,0.0,0.0,0.0,0.0
19,CA,CA,93197,DAIRY,0.28,0.0,0.0,0.0,0.0,0.0
2740,CA,CA,ELEC6,COKIN,0.28,0.0,0.0,0.0,0.0,0.0
5599,CA,CA,OILSE,WHOLE,0.28,0.0,0.0,0.0,0.0,0.0
1442,CA,CA,CONST,BLAST,0.28,0.0,0.0,0.0,0.0,0.0
7727,CA,CA,SUPPO,MEATA,0.28,0.0,0.0,0.0,0.0,0.0
507,CA,CA,BEVER,CROPS,0.28,0.0,0.0,0.0,0.0,0.0
2351,CA,CA,ELEC2,RETAI,0.28,0.0,0.0,0.0,0.0,0.0
4121,CA,CA,INSUR,PLANT,0.28,0.0,0.0,0.0,0.0,0.0
3232,CA,CA,FISH5,COMPU,0.28,0.0,0.0,0.0,0.0,0.0
8051,CA,CA,VEGET,FURNI,0.27,0.0,0.0,0.0,0.0,0.0
2282,CA,CA,ELEC2,CROPS,0.27,0.0,0.0,0.0,0.0,0.0
2500,CA,CA,ELEC4,BITU1,0.28,0.0,0.0,0.0,0.0,0.0
865,CA,CA,CEMEN,CEREA,0.27,0.0,0.0,0.0,0.0,0.0
4460,CA,CA,LEATH,ELEC4,0.26,0.0,0.0,0.0,0.0,0.0
1414,CA,CA,COMPU,SUBBI,0.26,0.0,0.0,0.0,0.0,0.0
1886,CA,CA,DISTR,BLAST,0.26,0.0,0.0,0.0,0.0,0.0
6670,CA,CA,RECRE,CATTL,0.26,0.0,0.0,0.0,0.0,0.0
2785,CA,CA,ELEC6,OILSE,0.26,0.0,0.0,0.0,0.0,0.0
5375,CA,CA,NONME,93197,0.26,0.0,0.0,0.0,0.0,0.0
3507,CA,CA,FURNI,BITUM,0.26,0.0,0.0,0.0,0.0,0.0
963,CA,CA,CEREA,AUXIL,0.26,0.0,0.0,0.0,0.0,0.0
927,CA,CA,CERAM,BUSIN,0.26,0.0,0.0,0.0,0.0,0.0
1309,CA,CA,COMPU,BIOGA,0.26,0.0,0.0,0.0,0.0,0.0
56,CA,CA,93197,SEACO,0.26,0.0,0.0,0.0,0.0,0.0
3488,CA,CA,FOUND,SUBBI,0.26,0.0,0.0,0.0,0.0,0.0
6845,CA,CA,RESEA,BIODI,0.26,0.0,0.0,0.0,0.0,0.0
1884,CA,CA,DISTR,BITU1,0.26,0.0,0.0,0.0,0.0,0.0
6314,CA,CA,PUBLI,WOOLS,0.27,0.0,0.0,0.0,0.0,0.0
3515,CA,CA,FURNI,COKEO,0.27,0.0,0.0,0.0,0.0,0.0
3339,CA,CA,FOOD5,NONF1,0.27,0.0,0.0,0.0,0.0,0.0
947,CA,CA,CERAM,RADIO,0.27,0.0,0.0,0.0,0.0,0.0
1105,CA,CA,CHEM1,MEATC,0.27,0.0,0.0,0.0,0.0,0.0
4271,CA,CA,LANDT,BITU1,0.27,0.0,0.0,0.0,0.0,0.0
4220,CA,CA,KERO1,VEGET,0.27,0.0,0.0,0.0,0.0,0.0
6751,CA,CA,RECRE,RAWMI,0.27,0.0,0.0,0.0,0.0,0.0
3112,CA,CA,FINAN,COKE1,0.27,0.0,0.0,0.0,0.0,0.0
3402,CA,CA,FORES,NONME,0.28,0.0,0.0,0.0,0.0,0.0
2851,CA,CA,ELEC7,FOOD5,0.28,0.0,0.0,0.0,0.0,0.0
1076,CA,CA,CHEM1,ELEC8,0.3,0.0,0.0,0.0,0.0,0.0
2121,CA,CA,ELE12,PAPER,0.29,0.0,0.0,0.0,0.0,0.0
1543,CA,CA,CONST,STONE,0.29,0.0,0.0,0.0,0.0,0.0
6021,CA,CA,POSTT,REFI1,0.29,0.0,0.0,0.0,0.0,0.0
808,CA,CA,BUSIN,WHITE,0.29,0.0,0.0,0.0,0.0,0.0
6243,CA,CA,PUBLI,ELEC7,0.29,0.0,0.0,0.0,0.0,0.0
7635,CA,CA,SUGA1,RECRE,0.29,0.0,0.0,0.0,0.0,0.0
6899,CA,CA,RESEA,KEROS,0.29,0.0,0.0,0.0,0.0,0.0
5611,CA,CA,PAPER,BRICK,0.29,0.0,0.0,0.0,0.0,0.0
4338,CA,CA,LANDT,NONFE,0.29,0.0,0.0,0.0,0.0,0.0
2733,CA,CA,ELEC6,CATTL,0.29,0.0,0.0,0.0,0.0,0.0
4568,CA,CA,LUBRI,NAPHT,0.29,0.0,0.0,0.0,0.0,0.0
4814,CA,CA,MEDIC,BASIC,0.29,0.0,0.0,0.0,0.0,0.0
5825,CA,CA,PFERT,RUBBE,0.29,0.0,0.0,0.0,0.0,0.0
7495,CA,CA,SEACO,OFFIC,0.29,0.0,0.0,0.0,0.0,0.0
5688,CA,CA,PAPER,RETAI,0.29,0.0,0.0,0.0,0.0,0.0
4787,CA,CA,MEATP,FABRI,0.3,0.0,0.0,0.0,0.0,0.0
7149,CA,CA,RUBBE,DIST1,0.3,0.0,0.0,0.0,0.0,0.0
1270,CA,CA,COKEO,NATU1,0.3,0.0,0.0,0.0,0.0,0.0
4614,CA,CA,MEAT1,ANIMA,0.3,0.0,0.0,0.0,0.0,0.0
2816,CA,CA,ELEC6,VEGET,0.3,0.0,0.0,0.0,0.0,0.0
7531,CA,CA,STONE,AIRTR,0.3,0.0,0.0,0.0,0.0,0.0
6002,CA,CA,POSTT,NONSP,0.3,0.0,0.0,0.0,0.0,0.0
7546,CA,CA,STONE,CONST,0.3,0.0,0.0,0.0,0.0,0.0
7740,CA,CA,SUPPO,OILSE,0.3,0.0,0.0,0.0,0.0,0.0
3103,CA,CA,FINAN,BLAST,0.29,0.0,0.0,0.0,0.0,0.0
4836,CA,CA,MEDIC,KEROS,0.29,0.0,0.0,0.0,0.0,0.0
4918,CA,CA,MEMBE,GLASS,0.28,0.0,0.0,0.0,0.0,0.0
6116,CA,CA,PRECI,ELEC8,0.29,0.0,0.0,0.0,0.0,0.0
5792,CA,CA,PFERT,ELECT,0.28,0.0,0.0,0.0,0.0,0.0
2892,CA,CA,ELEC7,RUBBE,0.28,0.0,0.0,0.0,0.0,0.0
4769,CA,CA,MEATC,RUBBE,0.28,0.0,0.0,0.0,0.0,0.0
5312,CA,CA,NONF1,HOTEL,0.28,0.0,0.0,0.0,0.0,0.0
3423,CA,CA,FORES,SUGA1,0.28,0.0,0.0,0.0,0.0,0.0
2080,CA,CA,EDUCA,WEARI,0.28,0.0,0.0,0.0,0.0,0.0
2895,CA,CA,ELEC7,TEXTI,0.28,0.0,0.0,0.0,0.0,0.0
2749,CA,CA,ELEC6,ELECT,0.29,0.0,0.0,0.0,0.0,0.0
4431,CA,CA,LEAD1,RESEA,0.29,0.0,0.0,0.0,0.0,0.0
3735,CA,CA,GASOL,RETA1,0.29,0.0,0.0,0.0,0.0,0.0
3342,CA,CA,FOOD5,OILSE,0.29,0.0,0.0,0.0,0.0,0.0
189,CA,CA,ALUM1,PRINT,0.29,0.0,0.0,0.0,0.0,0.0
3197,CA,CA,FINAN,REFIN,0.29,0.0,0.0,0.0,0.0,0.0
1317,CA,CA,COMPU,CERAM,0.29,0.0,0.0,0.0,0.0,0.0
4677,CA,CA,MEAT4,LIQUE,0.29,0.0,0.0,0.0,0.0,0.0
8083,CA,CA,WEARI,COMPU,0.29,0.0,0.0,0.0,0.0,0.0
4312,CA,CA,LANDT,HEAVY,0.29,0.0,0.0,0.0,0.0,0.0
2625,CA,CA,ELEC5,CERAM,0.29,0.0,0.0,0.0,0.0,0.0
1397,CA,CA,COMPU,PUBLI,0.29,0.0,0.0,0.0,0.0,0.0
6277,CA,CA,PUBLI,PAPER,0.29,0.0,0.0,0.0,0.0,0.0
8181,CA,CA,WHOLE,BIOGA,0.29,0.0,0.0,0.0,0.0,0.0
1926,CA,CA,DISTR,KEROS,0.29,0.0,0.0,0.0,0.0,0.0
2658,CA,CA,ELEC5,LEATH,0.29,0.0,0.0,0.0,0.0,0.0
6175,CA,CA,PRINT,MEATP,0.07,0.0,0.0,0.0,0.0,0.0
5376,CA,CA,NONME,AIRTR,0.03,0.0,0.0,0.0,0.0,0.0
4253,CA,CA,KEROS,RETA1,0.07,0.0,0.0,0.0,0.0,0.0
6821,CA,CA,REFIN,GASOL,0.01,0.0,0.0,0.0,0.0,0.0
6414,CA,CA,RAILW,AVIAT,0.01,0.0,0.0,0.0,0.0,0.0
3067,CA,CA,FABRI,REFIN,0.01,0.0,0.0,0.0,0.0,0.0
3781,CA,CA,GLASS,NAPHT,0.01,0.0,0.0,0.0,0.0,0.0
5414,CA,CA,NONME,KERO1,0.01,0.0,0.0,0.0,0.0,0.0
2869,CA,CA,ELEC7,MOTOR,0.01,0.0,0.0,0.0,0.0,0.0
460,CA,CA,BASIC,MOTOR,0.01,0.0,0.0,0.0,0.0,0.0
1383,CA,CA,COMPU,NONFE,0.01,0.0,0.0,0.0,0.0,0.0
7746,CA,CA,SUPPO,PLAST,0.01,0.0,0.0,0.0,0.0,0.0
898,CA,CA,CEMEN,PETRO,0.01,0.0,0.0,0.0,0.0,0.0
3256,CA,CA,FISH5,SUGA1,0.01,0.0,0.0,0.0,0.0,0.0
6411,CA,CA,RAILW,ALUM1,0.01,0.0,0.0,0.0,0.0,0.0
1263,CA,CA,COKE1,RUBBE,0.01,0.0,0.0,0.0,0.0,0.0
5915,CA,CA,PLAST,STEAM,0.01,0.0,0.0,0.0,0.0,0.0
7868,CA,CA,TOBAC,BUSIN,0.01,0.0,0.0,0.0,0.0,0.0
8092,CA,CA,WEARI,ELEC5,0.01,0.0,0.0,0.0,0.0,0.0
5582,CA,CA,OILSE,MOTOR,0.01,0.0,0.0,0.0,0.0,0.0
7997,CA,CA,TRANS,CROPS,0.01,0.0,0.0,0.0,0.0,0.0
563,CA,CA,BIODI,PRINT,0.01,0.0,0.0,0.0,0.0,0.0
7836,CA,CA,TEXTI,OFFIC,0.01,0.0,0.0,0.0,0.0,0.0
1764,CA,CA,DAIRY,MEDIC,0.01,0.0,0.0,0.0,0.0,0.0
642,CA,CA,BIOGA,LANDT,0.01,0.0,0.0,0.0,0.0,0.0
5012,CA,CA,MOTO1,KEROS,0.01,0.0,0.0,0.0,0.0,0.0
4296,CA,CA,LANDT,ELEC7,0.01,0.0,0.0,0.0,0.0,0.0
2195,CA,CA,ELEC1,LUBRI,0.01,0.0,0.0,0.0,0.0,0.0
3073,CA,CA,FABRI,SEACO,0.01,0.0,0.0,0.0,0.0,0.0
5014,CA,CA,MOTO1,LEATH,0.01,0.0,0.0,0.0,0.0,0.0
226,CA,CA,ANIMA,GLASS,0.01,0.0,0.0,0.0,0.0,0.0
3592,CA,CA,FURNI,TRAN2,0.01,0.0,0.0,0.0,0.0,0.0
2052,CA,CA,EDUCA,NONME,0.01,0.0,0.0,0.0,0.0,0.0
669,CA,CA,BLAST,RUBBE,0.01,0.0,0.0,0.0,0.0,0.0
7558,CA,CA,STONE,HOTEL,0.01,0.0,0.0,0.0,0.0,0.0
5881,CA,CA,PLANT,CRUDE,0.01,0.0,0.0,0.0,0.0,0.0
5691,CA,CA,PAPER,SANDC,0.01,0.0,0.0,0.0,0.0,0.0
7455,CA,CA,SEACO,AVIAT,0.01,0.0,0.0,0.0,0.0,0.0
204,CA,CA,ALUM1,URANI,0.01,0.0,0.0,0.0,0.0,0.0
645,CA,CA,BIOGA,NONSP,0.01,0.0,0.0,0.0,0.0,0.0
2629,CA,CA,ELEC5,COKEO,0.01,0.0,0.0,0.0,0.0,0.0
8157,CA,CA,WHEAT,PAPER,0.01,0.0,0.0,0.0,0.0,0.0
8178,CA,CA,WHOLE,AVIAT,0.01,0.0,0.0,0.0,0.0,0.0
8120,CA,CA,WEARI,TRAN1,0.01,0.0,0.0,0.0,0.0,0.0
6351,CA,CA,RADIO,BITU1,0.01,0.0,0.0,0.0,0.0,0.0
1168,CA,CA,CHEMI,AVIAT,0.01,0.0,0.0,0.0,0.0,0.0
4210,CA,CA,KERO1,RADIO,0.01,0.0,0.0,0.0,0.0,0.0
3407,CA,CA,FORES,POULT,0.01,0.0,0.0,0.0,0.0,0.0
2927,CA,CA,ELECT,DAIRY,0.01,0.0,0.0,0.0,0.0,0.0
1006,CA,CA,CEREA,NONME,0.01,0.0,0.0,0.0,0.0,0.0
2502,CA,CA,ELEC4,BLAST,0.01,0.0,0.0,0.0,0.0,0.0
3645,CA,CA,GASDI,GASOL,0.01,0.0,0.0,0.0,0.0,0.0
7833,CA,CA,TEXTI,NONF1,0.01,0.0,0.0,0.0,0.0,0.0
7419,CA,CA,SANDC,MEATA,0.01,0.0,0.0,0.0,0.0,0.0
6051,CA,CA,POULT,BITUM,0.01,0.0,0.0,0.0,0.0,0.0
229,CA,CA,ANIMA,LANDT,0.01,0.0,0.0,0.0,0.0,0.0
2137,CA,CA,ELE12,TEXTI,0.01,0.0,0.0,0.0,0.0,0.0
3471,CA,CA,FOUND,NONSP,0.01,0.0,0.0,0.0,0.0,0.0
5819,CA,CA,PFERT,PRINT,0.01,0.0,0.0,0.0,0.0,0.0
1003,CA,CA,CEREA,NAPHT,0.01,0.0,0.0,0.0,0.0,0.0
2451,CA,CA,ELEC3,PLANT,0.01,0.0,0.0,0.0,0.0,0.0
5238,CA,CA,NFERT,GLASS,0.01,0.0,0.0,0.0,0.0,0.0
2862,CA,CA,ELEC7,LEATH,0.01,0.0,0.0,0.0,0.0,0.0
8075,CA,CA,VEGET,WOODW,0.01,0.0,0.0,0.0,0.0,0.0
5211,CA,CA,NFERT,AUXIL,0.01,0.0,0.0,0.0,0.0,0.0
668,CA,CA,BLAST,REFI1,0.01,0.0,0.0,0.0,0.0,0.0
8053,CA,CA,VEGET,HYDRO,0.01,0.0,0.0,0.0,0.0,0.0
85,CA,CA,AIRTR,ELEC6,0.01,0.0,0.0,0.0,0.0,0.0
5094,CA,CA,MOTOR,GASOL,0.01,0.0,0.0,0.0,0.0,0.0
6950,CA,CA,RESEA,SUBBI,0.01,0.0,0.0,0.0,0.0,0.0
2841,CA,CA,ELEC7,COPP1,0.01,0.0,0.0,0.0,0.0,0.0
3731,CA,CA,GASOL,POSTT,0.01,0.0,0.0,0.0,0.0,0.0
4678,CA,CA,MEAT4,LUBRI,0.01,0.0,0.0,0.0,0.0,0.0
5572,CA,CA,OILSE,FABRI,0.01,0.0,0.0,0.0,0.0,0.0
945,CA,CA,CERAM,PAPER,0.01,0.0,0.0,0.0,0.0,0.0
26,CA,CA,93197,FOUND,0.01,0.0,0.0,0.0,0.0,0.0
2763,CA,CA,ELEC6,KEROS,0.01,0.0,0.0,0.0,0.0,0.0
572,CA,CA,BIOG1,AIRTR,0.01,0.0,0.0,0.0,0.0,0.0
2437,CA,CA,ELEC3,NAPHT,0.01,0.0,0.0,0.0,0.0,0.0
2661,CA,CA,ELEC5,LUBRI,0.01,0.0,0.0,0.0,0.0,0.0
7663,CA,CA,SUGAR,MEATA,0.01,0.0,0.0,0.0,0.0,0.0
7597,CA,CA,STONE,WOODW,0.01,0.0,0.0,0.0,0.0,0.0
5595,CA,CA,OILSE,SUPPO,0.01,0.0,0.0,0.0,0.0,0.0
3338,CA,CA,FOOD5,NFERT,0.01,0.0,0.0,0.0,0.0,0.0
246,CA,CA,ANIMA,RETAI,0.01,0.0,0.0,0.0,0.0,0.0
4428,CA,CA,LEAD1,REALE,0.01,0.0,0.0,0.0,0.0,0.0
8156,CA,CA,WHEAT,OILSE,0.01,0.0,0.0,0.0,0.0,0.0
873,CA,CA,CEMEN,ELEC4,0.01,0.0,0.0,0.0,0.0,0.0
4644,CA,CA,MEAT1,TEXTI,0.01,0.0,0.0,0.0,0.0,0.0
664,CA,CA,BLAST,NONME,0.01,0.0,0.0,0.0,0.0,0.0
4993,CA,CA,MOTO1,BASIC,0.01,0.0,0.0,0.0,0.0,0.0
6425,CA,CA,RAILW,CROPS,0.01,0.0,0.0,0.0,0.0,0.0
6340,CA,CA,PULP5,TRAN2,0.01,0.0,0.0,0.0,0.0,0.0
5371,CA,CA,NONFE,PFERT,0.01,0.0,0.0,0.0,0.0,0.0
7117,CA,CA,RETAI,RETAI,0.01,0.0,0.0,0.0,0.0,0.0
8352,CA,CA,WOOLS,RAWMI,0.01,0.0,0.0,0.0,0.0,0.0
4707,CA,CA,MEAT4,TRANS,0.01,0.0,0.0,0.0,0.0,0.0
6903,CA,CA,RESEA,LIGNI,0.01,0.0,0.0,0.0,0.0,0.0
5553,CA,CA,OFFIC,PAPER,0.01,0.0,0.0,0.0,0.0,0.0
1602,CA,CA,COPP1,PFERT,0.01,0.0,0.0,0.0,0.0,0.0
223,CA,CA,ANIMA,FORES,0.01,0.0,0.0,0.0,0.0,0.0
4760,CA,CA,MEATC,MEATP,0.01,0.0,0.0,0.0,0.0,0.0
7608,CA,CA,SUGA1,COKEO,0.01,0.0,0.0,0.0,0.0,0.0
6417,CA,CA,RAILW,BITU1,0.01,0.0,0.0,0.0,0.0,0.0
6382,CA,CA,RADIO,NONF1,0.01,0.0,0.0,0.0,0.0,0.0
2123,CA,CA,ELE12,PIGS9,0.01,0.0,0.0,0.0,0.0,0.0
2105,CA,CA,ELE12,FOUND,0.01,0.0,0.0,0.0,0.0,0.0
567,CA,CA,BIODI,SALEM,0.01,0.0,0.0,0.0,0.0,0.0
1426,CA,CA,COMPU,WHITE,0.01,0.0,0.0,0.0,0.0,0.0
2495,CA,CA,ELEC4,AVIAT,0.01,0.0,0.0,0.0,0.0,0.0
411,CA,CA,AVIAT,WHOLE,0.01,0.0,0.0,0.0,0.0,0.0
5632,CA,CA,PAPER,ELEC8,0.01,0.0,0.0,0.0,0.0,0.0
6226,CA,CA,PUBLI,COKEO,0.01,0.0,0.0,0.0,0.0,0.0
2837,CA,CA,ELEC7,CHEMI,0.01,0.0,0.0,0.0,0.0,0.0
2143,CA,CA,ELE12,WOODW,0.01,0.0,0.0,0.0,0.0,0.0
524,CA,CA,BEVER,POULT,0.01,0.0,0.0,0.0,0.0,0.0
5821,CA,CA,PFERT,REALE,0.01,0.0,0.0,0.0,0.0,0.0
1752,CA,CA,DAIRY,ELECT,0.01,0.0,0.0,0.0,0.0,0.0
8269,CA,CA,WOODW,ELEC5,0.01,0.0,0.0,0.0,0.0,0.0
2861,CA,CA,ELEC7,LEAD1,0.01,0.0,0.0,0.0,0.0,0.0
1671,CA,CA,CROPS,RETAI,0.01,0.0,0.0,0.0,0.0,0.0
4440,CA,CA,LEAD1,WEARI,0.01,0.0,0.0,0.0,0.0,0.0
2321,CA,CA,ELEC2,NAPHT,0.01,0.0,0.0,0.0,0.0,0.0
6022,CA,CA,POSTT,REFIN,0.01,0.0,0.0,0.0,0.0,0.0
6846,CA,CA,RESEA,BIOG1,0.01,0.0,0.0,0.0,0.0,0.0
6462,CA,CA,RAILW,PETRO,0.01,0.0,0.0,0.0,0.0,0.0
5452,CA,CA,NONME,TRAN2,0.01,0.0,0.0,0.0,0.0,0.0
5693,CA,CA,PAPER,STONE,0.01,0.0,0.0,0.0,0.0,0.0
5277,CA,CA,NICKE,NONSP,0.01,0.0,0.0,0.0,0.0,0.0
5538,CA,CA,OFFIC,CHEM1,0.01,0.0,0.0,0.0,0.0,0.0
643,CA,CA,BIOGA,LIQUE,0.01,0.0,0.0,0.0,0.0,0.0
660,CA,CA,BLAST,BUSIN,0.01,0.0,0.0,0.0,0.0,0.0
4699,CA,CA,MEAT4,REFIN,0.01,0.0,0.0,0.0,0.0,0.0
4796,CA,CA,MEATP,RAILW,0.01,0.0,0.0,0.0,0.0,0.0
2808,CA,CA,ELEC6,SUBBI,0.01,0.0,0.0,0.0,0.0,0.0
2084,CA,CA,ELE12,AIRTR,0.01,0.0,0.0,0.0,0.0,0.0
5830,CA,CA,PFERT,TEXTI,0.01,0.0,0.0,0.0,0.0,0.0
7492,CA,CA,SEACO,NATUR,0.01,0.0,0.0,0.0,0.0,0.0
5870,CA,CA,PIGS9,RUBBE,0.01,0.0,0.0,0.0,0.0,0.0
5225,CA,CA,NFERT,EDUCA,0.01,0.0,0.0,0.0,0.0,0.0
2472,CA,CA,ELEC3,STONE,0.01,0.0,0.0,0.0,0.0,0.0
2094,CA,CA,ELE12,CEREA,0.01,0.0,0.0,0.0,0.0,0.0
1293,CA,CA,COKIN,REALE,0.01,0.0,0.0,0.0,0.0,0.0
910,CA,CA,CEMEN,SUGAR,0.01,0.0,0.0,0.0,0.0,0.0
8232,CA,CA,WHOLE,SUGA1,0.01,0.0,0.0,0.0,0.0,0.0
7649,CA,CA,SUGA1,WOODW,0.01,0.0,0.0,0.0,0.0,0.0
3243,CA,CA,FISH5,LIQUE,0.01,0.0,0.0,0.0,0.0,0.0
6376,CA,CA,RADIO,MEATC,0.01,0.0,0.0,0.0,0.0,0.0
4740,CA,CA,MEATA,WOODW,0.01,0.0,0.0,0.0,0.0,0.0
909,CA,CA,CEMEN,SUGA1,0.01,0.0,0.0,0.0,0.0,0.0
6733,CA,CA,RECRE,NFERT,0.01,0.0,0.0,0.0,0.0,0.0
5755,CA,CA,PETRO,PAPER,0.01,0.0,0.0,0.0,0.0,0.0
6713,CA,CA,RECRE,KERO1,0.01,0.0,0.0,0.0,0.0,0.0
2865,CA,CA,ELEC7,MEATP,0.01,0.0,0.0,0.0,0.0,0.0
28,CA,CA,93197,GASDI,0.01,0.0,0.0,0.0,0.0,0.0
4554,CA,CA,LUBRI,LEAD1,0.01,0.0,0.0,0.0,0.0,0.0
15,CA,CA,93197,CONST,0.01,0.0,0.0,0.0,0.0,0.0
2767,CA,CA,ELEC6,LIGNI,0.01,0.0,0.0,0.0,0.0,0.0
2335,CA,CA,ELEC2,PLANT,0.01,0.0,0.0,0.0,0.0,0.0
4465,CA,CA,LEATH,GLASS,0.01,0.0,0.0,0.0,0.0,0.0
637,CA,CA,BIOGA,FISH5,0.01,0.0,0.0,0.0,0.0,0.0
1658,CA,CA,CROPS,NONME,0.01,0.0,0.0,0.0,0.0,0.0
2012,CA,CA,EDUCA,DAIRY,0.01,0.0,0.0,0.0,0.0,0.0
936,CA,CA,CERAM,FOOD5,0.01,0.0,0.0,0.0,0.0,0.0
1259,CA,CA,COKE1,NONSP,0.01,0.0,0.0,0.0,0.0,0.0
2420,CA,CA,ELEC3,KERO1,0.01,0.0,0.0,0.0,0.0,0.0
3259,CA,CA,FISH5,WEARI,0.01,0.0,0.0,0.0,0.0,0.0
4904,CA,CA,MEMBE,ELEC7,0.01,0.0,0.0,0.0,0.0,0.0
815,CA,CA,CATTL,BITUM,0.01,0.0,0.0,0.0,0.0,0.0
2242,CA,CA,ELEC1,SUGAR,0.01,0.0,0.0,0.0,0.0,0.0
1765,CA,CA,DAIRY,NONF1,0.01,0.0,0.0,0.0,0.0,0.0
1925,CA,CA,DISTR,KERO1,0.01,0.0,0.0,0.0,0.0,0.0
2022,CA,CA,EDUCA,ELEC7,0.01,0.0,0.0,0.0,0.0,0.0
7721,CA,CA,SUPPO,LEAD1,0.01,0.0,0.0,0.0,0.0,0.0
149,CA,CA,ALUM1,ANIMA,0.01,0.0,0.0,0.0,0.0,0.0
3728,CA,CA,GASOL,FORES,0.01,0.0,0.0,0.0,0.0,0.0
3824,CA,CA,HEALT,ELEC6,0.01,0.0,0.0,0.0,0.0,0.0
3277,CA,CA,FISHF,PLANT,0.01,0.0,0.0,0.0,0.0,0.0
2958,CA,CA,ELECT,NONF1,0.01,0.0,0.0,0.0,0.0,0.0
5899,CA,CA,PLAST,BIODI,0.01,0.0,0.0,0.0,0.0,0.0
5208,CA,CA,NFERT,93197,0.01,0.0,0.0,0.0,0.0,0.0
560,CA,CA,BIODI,HEALT,0.01,0.0,0.0,0.0,0.0,0.0
6430,CA,CA,RAILW,ELEC4,0.01,0.0,0.0,0.0,0.0,0.0
1635,CA,CA,CROPS,CEREA,0.01,0.0,0.0,0.0,0.0,0.0
2470,CA,CA,ELEC3,SANDC,0.01,0.0,0.0,0.0,0.0,0.0
1626,CA,CA,COPPE,STEAM,0.01,0.0,0.0,0.0,0.0,0.0
251,CA,CA,ANIMA,WHEAT,0.01,0.0,0.0,0.0,0.0,0.0
8186,CA,CA,WHOLE,COKEO,0.01,0.0,0.0,0.0,0.0,0.0
7429,CA,CA,SANDC,PAPER,0.01,0.0,0.0,0.0,0.0,0.0
1254,CA,CA,COKE1,BUSIN,0.01,0.0,0.0,0.0,0.0,0.0
4785,CA,CA,MEATP,CROPS,0.01,0.0,0.0,0.0,0.0,0.0
2101,CA,CA,ELE12,FABRI,0.01,0.0,0.0,0.0,0.0,0.0
3248,CA,CA,FISH5,NONSP,0.01,0.0,0.0,0.0,0.0,0.0
2783,CA,CA,ELEC6,NONSP,0.01,0.0,0.0,0.0,0.0,0.0
236,CA,CA,ANIMA,PFERT,0.01,0.0,0.0,0.0,0.0,0.0
7120,CA,CA,RETAI,SUPPO,0.01,0.0,0.0,0.0,0.0,0.0
6130,CA,CA,PRINT,BITU1,0.01,0.0,0.0,0.0,0.0,0.0
541,CA,CA,BEVER,WOODW,0.01,0.0,0.0,0.0,0.0,0.0
4309,CA,CA,LANDT,GASOL,0.01,0.0,0.0,0.0,0.0,0.0
5351,CA,CA,NONF1,TRAN2,0.01,0.0,0.0,0.0,0.0,0.0
5314,CA,CA,NONF1,KEROS,0.01,0.0,0.0,0.0,0.0,0.0
3351,CA,CA,FOOD5,RADIO,0.01,0.0,0.0,0.0,0.0,0.0
4165,CA,CA,KERO1,AIRTR,0.01,0.0,0.0,0.0,0.0,0.0
5380,CA,CA,NONME,BIODI,0.01,0.0,0.0,0.0,0.0,0.0
100,CA,CA,AIRTR,KERO1,0.01,0.0,0.0,0.0,0.0,0.0
2571,CA,CA,ELEC4,PLAST,0.01,0.0,0.0,0.0,0.0,0.0
7647,CA,CA,SUGA1,WHITE,0.01,0.0,0.0,0.0,0.0,0.0
5284,CA,CA,NONF1,BEVER,0.01,0.0,0.0,0.0,0.0,0.0
2163,CA,CA,ELEC1,COKEO,0.01,0.0,0.0,0.0,0.0,0.0
6898,CA,CA,RESEA,KERO1,0.01,0.0,0.0,0.0,0.0,0.0
6126,CA,CA,PRINT,BASIC,0.01,0.0,0.0,0.0,0.0,0.0
71,CA,CA,AIRTR,CATTL,0.01,0.0,0.0,0.0,0.0,0.0
2907,CA,CA,ELEC8,INLAN,0.01,0.0,0.0,0.0,0.0,0.0
2486,CA,CA,ELEC3,WHITE,0.01,0.0,0.0,0.0,0.0,0.0
8058,CA,CA,VEGET,NATUR,0.01,0.0,0.0,0.0,0.0,0.0
2489,CA,CA,ELEC3,WOOLS,0.01,0.0,0.0,0.0,0.0,0.0
1818,CA,CA,DIST1,HEALT,0.01,0.0,0.0,0.0,0.0,0.0
6254,CA,CA,PUBLI,GASDI,0.01,0.0,0.0,0.0,0.0,0.0
4872,CA,CA,MEMBE,ALUM1,0.01,0.0,0.0,0.0,0.0,0.0
5505,CA,CA,NONSP,OFFIC,0.01,0.0,0.0,0.0,0.0,0.0
3419,CA,CA,FORES,SEACO,0.01,0.0,0.0,0.0,0.0,0.0
6361,CA,CA,RADIO,ELEC4,0.02,0.0,0.0,0.0,0.0,0.0
6262,CA,CA,PUBLI,LIGNI,0.02,0.0,0.0,0.0,0.0,0.0
2829,CA,CA,ELEC7,BITUM,0.02,0.0,0.0,0.0,0.0,0.0
5853,CA,CA,PIGS9,LIGNI,0.02,0.0,0.0,0.0,0.0,0.0
4181,CA,CA,KERO1,DIST1,0.02,0.0,0.0,0.0,0.0,0.0
7626,CA,CA,SUGA1,MOTOR,0.02,0.0,0.0,0.0,0.0,0.0
3725,CA,CA,GASOL,COMPU,0.02,0.0,0.0,0.0,0.0,0.0
937,CA,CA,CERAM,FORES,0.02,0.0,0.0,0.0,0.0,0.0
241,CA,CA,ANIMA,RADIO,0.02,0.0,0.0,0.0,0.0,0.0
6077,CA,CA,PREC1,BEVER,0.02,0.0,0.0,0.0,0.0,0.0
4369,CA,CA,LANDT,STEAM,0.02,0.0,0.0,0.0,0.0,0.0
3568,CA,CA,FURNI,PLANT,0.02,0.0,0.0,0.0,0.0,0.0
2248,CA,CA,ELEC1,URANI,0.02,0.0,0.0,0.0,0.0,0.0
5257,CA,CA,NFERT,RESEA,0.02,0.0,0.0,0.0,0.0,0.0
4639,CA,CA,MEAT1,RETAI,0.02,0.0,0.0,0.0,0.0,0.0
8348,CA,CA,WOOLS,HYDRO,0.02,0.0,0.0,0.0,0.0,0.0
4935,CA,CA,MEMBE,MEATP,0.02,0.0,0.0,0.0,0.0,0.0
7499,CA,CA,SEACO,PIGS9,0.02,0.0,0.0,0.0,0.0,0.0
4507,CA,CA,LUBRI,AVIAT,0.02,0.0,0.0,0.0,0.0,0.0
2664,CA,CA,ELEC5,MEATA,0.02,0.0,0.0,0.0,0.0,0.0
2187,CA,CA,ELEC1,INLAN,0.02,0.0,0.0,0.0,0.0,0.0
8089,CA,CA,WEARI,ELEC2,0.02,0.0,0.0,0.0,0.0,0.0
7157,CA,CA,RUBBE,ELEC8,0.02,0.0,0.0,0.0,0.0,0.0
6209,CA,CA,PRINT,WOOLS,0.02,0.0,0.0,0.0,0.0,0.0
7380,CA,CA,SANDC,AVIAT,0.02,0.0,0.0,0.0,0.0,0.0
6446,CA,CA,RAILW,LEATH,0.02,0.0,0.0,0.0,0.0,0.0
7427,CA,CA,SANDC,NONME,0.02,0.0,0.0,0.0,0.0,0.0
5762,CA,CA,PETRO,SUBBI,0.02,0.0,0.0,0.0,0.0,0.0
2185,CA,CA,ELEC1,HEAVY,0.02,0.0,0.0,0.0,0.0,0.0
6428,CA,CA,RAILW,EDUCA,0.02,0.0,0.0,0.0,0.0,0.0
6764,CA,CA,RECRE,SUBBI,0.02,0.0,0.0,0.0,0.0,0.0
1224,CA,CA,CHEMI,OILSE,0.02,0.0,0.0,0.0,0.0,0.0
5355,CA,CA,NONF1,WHITE,0.02,0.0,0.0,0.0,0.0,0.0
2198,CA,CA,ELEC1,MEATA,0.02,0.0,0.0,0.0,0.0,0.0
658,CA,CA,BIOGA,WHOLE,0.02,0.0,0.0,0.0,0.0,0.0
5008,CA,CA,MOTO1,GASDI,0.02,0.0,0.0,0.0,0.0,0.0
1583,CA,CA,COPP1,FOOD5,0.02,0.0,0.0,0.0,0.0,0.0
2824,CA,CA,ELEC7,ANIMA,0.02,0.0,0.0,0.0,0.0,0.0
667,CA,CA,BLAST,PETRO,0.02,0.0,0.0,0.0,0.0,0.0
7468,CA,CA,SEACO,ELEC4,0.02,0.0,0.0,0.0,0.0,0.0
6859,CA,CA,RESEA,COKEO,0.02,0.0,0.0,0.0,0.0,0.0
1177,CA,CA,CHEMI,CEREA,0.02,0.0,0.0,0.0,0.0,0.0
6364,CA,CA,RADIO,FISH5,0.02,0.0,0.0,0.0,0.0,0.0
7861,CA,CA,TEXTI,TRAN2,0.02,0.0,0.0,0.0,0.0,0.0
5276,CA,CA,NICKE,MEAT4,0.02,0.0,0.0,0.0,0.0,0.0
1193,CA,CA,CHEMI,FORES,0.02,0.0,0.0,0.0,0.0,0.0
4024,CA,CA,INLAN,TRANS,0.02,0.0,0.0,0.0,0.0,0.0
6880,CA,CA,RESEA,ETHAN,0.02,0.0,0.0,0.0,0.0,0.0
7502,CA,CA,SEACO,POULT,0.02,0.0,0.0,0.0,0.0,0.0
837,CA,CA,CATTL,MOTOR,0.02,0.0,0.0,0.0,0.0,0.0
3480,CA,CA,FOUND,RECRE,0.02,0.0,0.0,0.0,0.0,0.0
6165,CA,CA,PRINT,KEROS,0.02,0.0,0.0,0.0,0.0,0.0
2087,CA,CA,ELE12,AUXIL,0.02,0.0,0.0,0.0,0.0,0.0
3337,CA,CA,FOOD5,NAPHT,0.02,0.0,0.0,0.0,0.0,0.0
3011,CA,CA,FABRI,ETHAN,0.02,0.0,0.0,0.0,0.0,0.0
2216,CA,CA,ELEC1,PETRO,0.02,0.0,0.0,0.0,0.0,0.0
1016,CA,CA,CEREA,RADIO,0.02,0.0,0.0,0.0,0.0,0.0
959,CA,CA,CERAM,WOODW,0.02,0.0,0.0,0.0,0.0,0.0
3817,CA,CA,HEALT,CEREA,0.02,0.0,0.0,0.0,0.0,0.0
4179,CA,CA,KERO1,CROPS,0.02,0.0,0.0,0.0,0.0,0.0
7963,CA,CA,TRAN1,REFIN,0.02,0.0,0.0,0.0,0.0,0.0
3904,CA,CA,HOTEL,WOOLS,0.02,0.0,0.0,0.0,0.0,0.0
5229,CA,CA,NFERT,ELEC5,0.02,0.0,0.0,0.0,0.0,0.0
2866,CA,CA,ELEC7,MEDIC,0.02,0.0,0.0,0.0,0.0,0.0
5961,CA,CA,POSTT,ETHAN,0.02,0.0,0.0,0.0,0.0,0.0
4710,CA,CA,MEAT4,WHITE,0.02,0.0,0.0,0.0,0.0,0.0
6498,CA,CA,RAWMI,CROPS,0.02,0.0,0.0,0.0,0.0,0.0
2136,CA,CA,ELE12,SUPPO,0.02,0.0,0.0,0.0,0.0,0.0
6267,CA,CA,PUBLI,MEATC,0.02,0.0,0.0,0.0,0.0,0.0
253,CA,CA,ANIMA,WOODW,0.02,0.0,0.0,0.0,0.0,0.0
1666,CA,CA,CROPS,RAILW,0.02,0.0,0.0,0.0,0.0,0.0
4772,CA,CA,MEATC,SUPPO,0.02,0.0,0.0,0.0,0.0,0.0
4648,CA,CA,MEAT1,WOODW,0.02,0.0,0.0,0.0,0.0,0.0
3086,CA,CA,FABRI,WHITE,0.02,0.0,0.0,0.0,0.0,0.0
2712,CA,CA,ELEC5,URANI,0.02,0.0,0.0,0.0,0.0,0.0
2116,CA,CA,ELE12,NATUR,0.02,0.0,0.0,0.0,0.0,0.0
4931,CA,CA,MEMBE,MEAT1,0.02,0.0,0.0,0.0,0.0,0.0
2053,CA,CA,EDUCA,NONSP,0.02,0.0,0.0,0.0,0.0,0.0
8090,CA,CA,WEARI,ELEC3,0.02,0.0,0.0,0.0,0.0,0.0
4903,CA,CA,MEMBE,ELEC6,0.02,0.0,0.0,0.0,0.0,0.0
6085,CA,CA,PREC1,FOOD5,0.02,0.0,0.0,0.0,0.0,0.0
2036,CA,CA,EDUCA,INLAN,0.02,0.0,0.0,0.0,0.0,0.0
4650,CA,CA,MEAT4,ALUM1,0.02,0.0,0.0,0.0,0.0,0.0
6301,CA,CA,PUBLI,SUBBI,0.02,0.0,0.0,0.0,0.0,0.0
4162,CA,CA,INSUR,WOOLS,0.02,0.0,0.0,0.0,0.0,0.0
6483,CA,CA,RAILW,SUGA1,0.02,0.0,0.0,0.0,0.0,0.0
6245,CA,CA,PUBLI,ELECT,0.02,0.0,0.0,0.0,0.0,0.0
5871,CA,CA,PIGS9,SUBBI,0.02,0.0,0.0,0.0,0.0,0.0
1261,CA,CA,COKE1,PETRO,0.02,0.0,0.0,0.0,0.0,0.0
2139,CA,CA,ELE12,VEGET,0.02,0.0,0.0,0.0,0.0,0.0
7594,CA,CA,STONE,WEARI,0.02,0.0,0.0,0.0,0.0,0.0
1609,CA,CA,COPP1,RECRE,0.02,0.0,0.0,0.0,0.0,0.0
2651,CA,CA,ELEC5,HEAVY,0.02,0.0,0.0,0.0,0.0,0.0
6665,CA,CA,RECRE,BITU1,0.02,0.0,0.0,0.0,0.0,0.0
4995,CA,CA,MOTO1,BITU1,0.02,0.0,0.0,0.0,0.0,0.0
1415,CA,CA,COMPU,SUGA1,0.02,0.0,0.0,0.0,0.0,0.0
5171,CA,CA,NATU1,AUXIL,0.02,0.0,0.0,0.0,0.0,0.0
5048,CA,CA,MOTOR,AVIAT,0.02,0.0,0.0,0.0,0.0,0.0
4561,CA,CA,LUBRI,MEATA,0.02,0.0,0.0,0.0,0.0,0.0
6708,CA,CA,RECRE,HEAVY,0.02,0.0,0.0,0.0,0.0,0.0
3730,CA,CA,GASOL,NATUR,0.02,0.0,0.0,0.0,0.0,0.0
3698,CA,CA,GASDI,REFIN,0.02,0.0,0.0,0.0,0.0,0.0
4856,CA,CA,MEDIC,REFI1,0.02,0.0,0.0,0.0,0.0,0.0
611,CA,CA,BIOG1,WOODW,0.02,0.0,0.0,0.0,0.0,0.0
3492,CA,CA,FOUND,URANI,0.02,0.0,0.0,0.0,0.0,0.0
2739,CA,CA,ELEC6,COKE1,0.02,0.0,0.0,0.0,0.0,0.0
544,CA,CA,BIODI,BLAST,0.02,0.0,0.0,0.0,0.0,0.0
940,CA,CA,CERAM,LANDT,0.02,0.0,0.0,0.0,0.0,0.0
6870,CA,CA,RESEA,ELE12,0.01,0.0,0.0,0.0,0.0,0.0
6517,CA,CA,RAWMI,SUBBI,0.02,0.0,0.0,0.0,0.0,0.0
3027,CA,CA,FABRI,KERO1,0.02,0.0,0.0,0.0,0.0,0.0
2950,CA,CA,ELECT,LIQUE,0.02,0.0,0.0,0.0,0.0,0.0
6050,CA,CA,POULT,AUXIL,0.02,0.0,0.0,0.0,0.0,0.0
5536,CA,CA,OFFIC,BLAST,0.02,0.0,0.0,0.0,0.0,0.0
6180,CA,CA,PRINT,NFERT,0.02,0.0,0.0,0.0,0.0,0.0
1273,CA,CA,COKEO,PAPER,0.02,0.0,0.0,0.0,0.0,0.0
1740,CA,CA,DAIRY,BASIC,0.02,0.0,0.0,0.0,0.0,0.0
3976,CA,CA,INLAN,ELEC4,0.02,0.0,0.0,0.0,0.0,0.0
3440,CA,CA,FOUND,BITU1,0.02,0.0,0.0,0.0,0.0,0.0
7494,CA,CA,SEACO,NONME,0.02,0.0,0.0,0.0,0.0,0.0
4235,CA,CA,KEROS,GLASS,0.02,0.0,0.0,0.0,0.0,0.0
3405,CA,CA,FORES,PIGS9,0.02,0.0,0.0,0.0,0.0,0.0
5744,CA,CA,PETRO,LIGNI,0.02,0.0,0.0,0.0,0.0,0.0
1262,CA,CA,COKE1,REFI1,0.02,0.0,0.0,0.0,0.0,0.0
5340,CA,CA,NONF1,RECRE,0.02,0.0,0.0,0.0,0.0,0.0
8272,CA,CA,WOODW,ETHAN,0.02,0.0,0.0,0.0,0.0,0.0
4529,CA,CA,LUBRI,ELEC4,0.02,0.0,0.0,0.0,0.0,0.0
2908,CA,CA,ELEC8,LANDT,0.02,0.0,0.0,0.0,0.0,0.0
5232,CA,CA,NFERT,ETHAN,0.02,0.0,0.0,0.0,0.0,0.0
5729,CA,CA,PETRO,ELEC7,0.02,0.0,0.0,0.0,0.0,0.0
406,CA,CA,AVIAT,PETRO,0.02,0.0,0.0,0.0,0.0,0.0
3993,CA,CA,INLAN,MEATA,0.02,0.0,0.0,0.0,0.0,0.0
1551,CA,CA,CONST,TRAN2,0.02,0.0,0.0,0.0,0.0,0.0
3481,CA,CA,FOUND,REFI1,0.02,0.0,0.0,0.0,0.0,0.0
5358,CA,CA,NONFE,BUSIN,0.02,0.0,0.0,0.0,0.0,0.0
5526,CA,CA,NONSP,SUGAR,0.02,0.0,0.0,0.0,0.0,0.0
4695,CA,CA,MEAT4,RAILW,0.02,0.0,0.0,0.0,0.0,0.0
2103,CA,CA,ELE12,FOOD5,0.02,0.0,0.0,0.0,0.0,0.0
7556,CA,CA,STONE,GLASS,0.01,0.0,0.0,0.0,0.0,0.0
3852,CA,CA,HEALT,SALEM,0.01,0.0,0.0,0.0,0.0,0.0
5081,CA,CA,MOTOR,ELEC7,0.01,0.0,0.0,0.0,0.0,0.0
4435,CA,CA,LEAD1,STONE,0.01,0.0,0.0,0.0,0.0,0.0
4417,CA,CA,LEAD1,NAPHT,0.01,0.0,0.0,0.0,0.0,0.0
1258,CA,CA,COKE1,NONME,0.01,0.0,0.0,0.0,0.0,0.0
7205,CA,CA,RUBBE,PLAST,0.01,0.0,0.0,0.0,0.0,0.0
2807,CA,CA,ELEC6,SEACO,0.01,0.0,0.0,0.0,0.0,0.0
2141,CA,CA,ELE12,WHEAT,0.01,0.0,0.0,0.0,0.0,0.0
4377,CA,CA,LANDT,TRAN2,0.01,0.0,0.0,0.0,0.0,0.0
6504,CA,CA,RAWMI,LIGNI,0.01,0.0,0.0,0.0,0.0,0.0
1371,CA,CA,COMPU,MEATA,0.01,0.0,0.0,0.0,0.0,0.0
1405,CA,CA,COMPU,REFIN,0.02,0.0,0.0,0.0,0.0,0.0
547,CA,CA,BIODI,COMPU,0.02,0.0,0.0,0.0,0.0,0.0
5769,CA,CA,PFERT,ANIMA,0.02,0.0,0.0,0.0,0.0,0.0
5309,CA,CA,NONF1,GASDI,0.02,0.0,0.0,0.0,0.0,0.0
7631,CA,CA,SUGA1,PFERT,0.02,0.0,0.0,0.0,0.0,0.0
3267,CA,CA,FISHF,CROPS,0.02,0.0,0.0,0.0,0.0,0.0
6102,CA,CA,PREC1,RESEA,0.02,0.0,0.0,0.0,0.0,0.0
6359,CA,CA,RADIO,DAIRY,0.02,0.0,0.0,0.0,0.0,0.0
4201,CA,CA,KERO1,NATUR,0.02,0.0,0.0,0.0,0.0,0.0
6195,CA,CA,PRINT,REFI1,0.02,0.0,0.0,0.0,0.0,0.0
5585,CA,CA,OILSE,PRINT,0.02,0.0,0.0,0.0,0.0,0.0
5381,CA,CA,NONME,BIOGA,0.02,0.0,0.0,0.0,0.0,0.0
6143,CA,CA,PRINT,ELE12,0.02,0.0,0.0,0.0,0.0,0.0
8285,CA,CA,WOODW,KERO1,0.02,0.0,0.0,0.0,0.0,0.0
919,CA,CA,CERAM,93197,0.02,0.0,0.0,0.0,0.0,0.0
7484,CA,CA,SEACO,LEATH,0.02,0.0,0.0,0.0,0.0,0.0
934,CA,CA,CERAM,ELECT,0.02,0.0,0.0,0.0,0.0,0.0
2744,CA,CA,ELEC6,CROPS,0.02,0.0,0.0,0.0,0.0,0.0
6718,CA,CA,RECRE,LIGNI,0.02,0.0,0.0,0.0,0.0,0.0
3814,CA,CA,HEALT,BLAST,0.02,0.0,0.0,0.0,0.0,0.0
1582,CA,CA,COPP1,FISH5,0.02,0.0,0.0,0.0,0.0,0.0
2804,CA,CA,ELEC6,RETAI,0.02,0.0,0.0,0.0,0.0,0.0
2867,CA,CA,ELEC7,MEMBE,0.02,0.0,0.0,0.0,0.0,0.0
7233,CA,CA,RUBBE,TRAN2,0.02,0.0,0.0,0.0,0.0,0.0
3733,CA,CA,GASOL,REALE,0.02,0.0,0.0,0.0,0.0,0.0
3777,CA,CA,GLASS,MEATP,0.02,0.0,0.0,0.0,0.0,0.0
7379,CA,CA,SANDC,AUXIL,0.02,0.0,0.0,0.0,0.0,0.0
165,CA,CA,ALUM1,FOOD5,0.02,0.0,0.0,0.0,0.0,0.0
8267,CA,CA,WOODW,ELEC2,0.02,0.0,0.0,0.0,0.0,0.0
6948,CA,CA,RESEA,STEAM,0.02,0.0,0.0,0.0,0.0,0.0
8346,CA,CA,WOOLS,CRUDE,0.02,0.0,0.0,0.0,0.0,0.0
3941,CA,CA,HYDRO,NONFE,0.02,0.0,0.0,0.0,0.0,0.0
4966,CA,CA,MEMBE,REFIN,0.02,0.0,0.0,0.0,0.0,0.0
5245,CA,CA,NFERT,MOTO1,0.02,0.0,0.0,0.0,0.0,0.0
3849,CA,CA,HEALT,RECRE,0.02,0.0,0.0,0.0,0.0,0.0
7605,CA,CA,SUGA1,BITU1,0.02,0.0,0.0,0.0,0.0,0.0
1591,CA,CA,COPP1,LIQUE,0.02,0.0,0.0,0.0,0.0,0.0
176,CA,CA,ALUM1,MEAT4,0.02,0.0,0.0,0.0,0.0,0.0
2003,CA,CA,EDUCA,BITU1,0.02,0.0,0.0,0.0,0.0,0.0
4207,CA,CA,KERO1,PREC1,0.02,0.0,0.0,0.0,0.0,0.0
2852,CA,CA,ELEC7,FORES,0.02,0.0,0.0,0.0,0.0,0.0
8171,CA,CA,WHEAT,WEARI,0.02,0.0,0.0,0.0,0.0,0.0
3759,CA,CA,GLASS,ELEC4,0.02,0.0,0.0,0.0,0.0,0.0
4257,CA,CA,KEROS,TRAN2,0.02,0.0,0.0,0.0,0.0,0.0
2125,CA,CA,ELE12,POULT,0.02,0.0,0.0,0.0,0.0,0.0
39,CA,CA,93197,MOTOR,0.02,0.0,0.0,0.0,0.0,0.0
3236,CA,CA,FISH5,FABRI,0.02,0.0,0.0,0.0,0.0,0.0
1024,CA,CA,CEREA,SALEM,0.02,0.0,0.0,0.0,0.0,0.0
5361,CA,CA,NONFE,ELE12,0.02,0.0,0.0,0.0,0.0,0.0
6045,CA,CA,POSTT,WHITE,0.02,0.0,0.0,0.0,0.0,0.0
5737,CA,CA,PETRO,GASOL,0.02,0.0,0.0,0.0,0.0,0.0
5748,CA,CA,PETRO,MOTO1,0.02,0.0,0.0,0.0,0.0,0.0
5854,CA,CA,PIGS9,MEATA,0.02,0.0,0.0,0.0,0.0,0.0
3037,CA,CA,FABRI,MEATA,0.02,0.0,0.0,0.0,0.0,0.0
8221,CA,CA,WHOLE,PFERT,0.02,0.0,0.0,0.0,0.0,0.0
4633,CA,CA,MEAT1,MEATP,0.02,0.0,0.0,0.0,0.0,0.0
6480,CA,CA,RAILW,STEAM,0.02,0.0,0.0,0.0,0.0,0.0
4477,CA,CA,LEATH,RESEA,0.02,0.0,0.0,0.0,0.0,0.0
4434,CA,CA,LEAD1,SANDC,0.02,0.0,0.0,0.0,0.0,0.0
2863,CA,CA,ELEC7,MEAT1,0.02,0.0,0.0,0.0,0.0,0.0
1521,CA,CA,CONST,PLAST,0.02,0.0,0.0,0.0,0.0,0.0
527,CA,CA,BEVER,RAWMI,0.02,0.0,0.0,0.0,0.0,0.0
545,CA,CA,BIODI,BUSIN,0.02,0.0,0.0,0.0,0.0,0.0
5901,CA,CA,PLAST,BIOGA,0.02,0.0,0.0,0.0,0.0,0.0
4427,CA,CA,LEAD1,RAILW,0.02,0.0,0.0,0.0,0.0,0.0
4191,CA,CA,KERO1,GLASS,0.01,0.0,0.0,0.0,0.0,0.0
665,CA,CA,BLAST,NONSP,0.01,0.0,0.0,0.0,0.0,0.0
5401,CA,CA,NONME,ETHAN,0.02,0.0,0.0,0.0,0.0,0.0
500,CA,CA,BEVER,ANIMA,0.01,0.0,0.0,0.0,0.0,0.0
848,CA,CA,CATTL,REALE,0.01,0.0,0.0,0.0,0.0,0.0
1744,CA,CA,DAIRY,BITU1,0.01,0.0,0.0,0.0,0.0,0.0
561,CA,CA,BIODI,HOTEL,0.01,0.0,0.0,0.0,0.0,0.0
5429,CA,CA,NONME,NONFE,0.01,0.0,0.0,0.0,0.0,0.0
5971,CA,CA,POSTT,GASOL,0.01,0.0,0.0,0.0,0.0,0.0
7636,CA,CA,SUGA1,REFIN,0.01,0.0,0.0,0.0,0.0,0.0
3999,CA,CA,INLAN,NONME,0.01,0.0,0.0,0.0,0.0,0.0
4667,CA,CA,MEAT4,ETHAN,0.01,0.0,0.0,0.0,0.0,0.0
5860,CA,CA,PIGS9,OILSE,0.01,0.0,0.0,0.0,0.0,0.0
6119,CA,CA,PRECI,REFI1,0.01,0.0,0.0,0.0,0.0,0.0
1272,CA,CA,COKEO,NONME,0.01,0.0,0.0,0.0,0.0,0.0
7660,CA,CA,SUGAR,HEALT,0.01,0.0,0.0,0.0,0.0,0.0
4188,CA,CA,KERO1,FOUND,0.01,0.0,0.0,0.0,0.0,0.0
921,CA,CA,CERAM,ANIMA,0.01,0.0,0.0,0.0,0.0,0.0
6765,CA,CA,RECRE,SUGA1,0.01,0.0,0.0,0.0,0.0,0.0
6890,CA,CA,RESEA,GASOL,0.01,0.0,0.0,0.0,0.0,0.0
395,CA,CA,AVIAT,FURNI,0.01,0.0,0.0,0.0,0.0,0.0
2098,CA,CA,ELE12,COPP1,0.01,0.0,0.0,0.0,0.0,0.0
2920,CA,CA,ELECT,BITU1,0.01,0.0,0.0,0.0,0.0,0.0
3890,CA,CA,HOTEL,RAWMI,0.01,0.0,0.0,0.0,0.0,0.0
4865,CA,CA,MEDIC,TRAN2,0.01,0.0,0.0,0.0,0.0,0.0
5791,CA,CA,PFERT,ELEC8,0.01,0.0,0.0,0.0,0.0,0.0
3453,CA,CA,FOUND,FOOD5,0.01,0.0,0.0,0.0,0.0,0.0
5710,CA,CA,PETRO,AVIAT,0.01,0.0,0.0,0.0,0.0,0.0
5466,CA,CA,NONSP,CERAM,0.01,0.0,0.0,0.0,0.0,0.0
2104,CA,CA,ELE12,FORES,0.01,0.0,0.0,0.0,0.0,0.0
2781,CA,CA,ELEC6,NONFE,0.01,0.0,0.0,0.0,0.0,0.0
2685,CA,CA,ELEC5,PLANT,0.01,0.0,0.0,0.0,0.0,0.0
4269,CA,CA,LANDT,BIOG1,0.01,0.0,0.0,0.0,0.0,0.0
7680,CA,CA,SUPPO,BIOG1,0.01,0.0,0.0,0.0,0.0,0.0
2809,CA,CA,ELEC6,SUGA1,0.01,0.0,0.0,0.0,0.0,0.0
1242,CA,CA,CHEMI,STEAM,0.01,0.0,0.0,0.0,0.0,0.0
3009,CA,CA,FABRI,ELEC2,0.01,0.0,0.0,0.0,0.0,0.0
8321,CA,CA,WOODW,REFIN,0.01,0.0,0.0,0.0,0.0,0.0
114,CA,CA,AIRTR,PIGS9,0.01,0.0,0.0,0.0,0.0,0.0
86,CA,CA,AIRTR,ELEC7,0.01,0.0,0.0,0.0,0.0,0.0
40,CA,CA,93197,NATUR,0.01,0.0,0.0,0.0,0.0,0.0
6192,CA,CA,PRINT,RAWMI,0.01,0.0,0.0,0.0,0.0,0.0
662,CA,CA,BLAST,COKEO,0.01,0.0,0.0,0.0,0.0,0.0
6100,CA,CA,PREC1,REALE,0.01,0.0,0.0,0.0,0.0,0.0
2043,CA,CA,EDUCA,MEATP,0.01,0.0,0.0,0.0,0.0,0.0
4761,CA,CA,MEATC,MOTOR,0.01,0.0,0.0,0.0,0.0,0.0
7652,CA,CA,SUGAR,BUSIN,0.01,0.0,0.0,0.0,0.0,0.0
2288,CA,CA,ELEC2,ETHAN,0.01,0.0,0.0,0.0,0.0,0.0
6815,CA,CA,REFIN,BUSIN,0.01,0.0,0.0,0.0,0.0,0.0
4482,CA,CA,LEATH,STONE,0.01,0.0,0.0,0.0,0.0,0.0
4202,CA,CA,KERO1,NFERT,0.01,0.0,0.0,0.0,0.0,0.0
5496,CA,CA,NONSP,MEATA,0.01,0.0,0.0,0.0,0.0,0.0
6772,CA,CA,RECRE,URANI,0.01,0.0,0.0,0.0,0.0,0.0
636,CA,CA,BIOGA,FABRI,0.01,0.0,0.0,0.0,0.0,0.0
7839,CA,CA,TEXTI,PETRO,0.01,0.0,0.0,0.0,0.0,0.0
1347,CA,CA,COMPU,FISHF,0.01,0.0,0.0,0.0,0.0,0.0
2048,CA,CA,EDUCA,NAPHT,0.01,0.0,0.0,0.0,0.0,0.0
352,CA,CA,AUXIL,PRECI,0.01,0.0,0.0,0.0,0.0,0.0
202,CA,CA,ALUM1,TRAN2,0.01,0.0,0.0,0.0,0.0,0.0
4348,CA,CA,LANDT,PLAST,0.01,0.0,0.0,0.0,0.0,0.0
5372,CA,CA,NONFE,RETA1,0.01,0.0,0.0,0.0,0.0,0.0
3633,CA,CA,GASDI,ELEC6,0.01,0.0,0.0,0.0,0.0,0.0
828,CA,CA,CATTL,GASDI,0.01,0.0,0.0,0.0,0.0,0.0
234,CA,CA,ANIMA,OFFIC,0.01,0.0,0.0,0.0,0.0,0.0
5421,CA,CA,NONME,MEAT4,0.01,0.0,0.0,0.0,0.0,0.0
6858,CA,CA,RESEA,COKE1,0.01,0.0,0.0,0.0,0.0,0.0
2968,CA,CA,ELECT,REFI1,0.01,0.0,0.0,0.0,0.0,0.0
3883,CA,CA,HOTEL,MEDIC,0.01,0.0,0.0,0.0,0.0,0.0
5198,CA,CA,NATU1,REALE,0.01,0.0,0.0,0.0,0.0,0.0
5210,CA,CA,NFERT,ANIMA,0.01,0.0,0.0,0.0,0.0,0.0
8128,CA,CA,WHEAT,BASIC,0.01,0.0,0.0,0.0,0.0,0.0
8080,CA,CA,WEARI,CERAM,0.01,0.0,0.0,0.0,0.0,0.0
5858,CA,CA,PIGS9,NATU1,0.01,0.0,0.0,0.0,0.0,0.0
3780,CA,CA,GLASS,MOTOR,0.01,0.0,0.0,0.0,0.0,0.0
6951,CA,CA,RESEA,SUGA1,0.01,0.0,0.0,0.0,0.0,0.0
4481,CA,CA,LEATH,SANDC,0.01,0.0,0.0,0.0,0.0,0.0
2801,CA,CA,ELEC6,REFI1,0.01,0.0,0.0,0.0,0.0,0.0
5254,CA,CA,NFERT,PRINT,0.01,0.0,0.0,0.0,0.0,0.0
1422,CA,CA,COMPU,URANI,0.01,0.0,0.0,0.0,0.0,0.0
6132,CA,CA,PRINT,CATTL,0.01,0.0,0.0,0.0,0.0,0.0
7617,CA,CA,SUGA1,GASDI,0.01,0.0,0.0,0.0,0.0,0.0
4762,CA,CA,MEATC,PRINT,0.01,0.0,0.0,0.0,0.0,0.0
4439,CA,CA,LEAD1,URANI,0.01,0.0,0.0,0.0,0.0,0.0
8148,CA,CA,WHEAT,KEROS,0.01,0.0,0.0,0.0,0.0,0.0
2830,CA,CA,ELEC7,BRICK,0.01,0.0,0.0,0.0,0.0,0.0
5337,CA,CA,NONF1,RADIO,0.01,0.0,0.0,0.0,0.0,0.0
5759,CA,CA,PETRO,RESEA,0.01,0.0,0.0,0.0,0.0,0.0
6117,CA,CA,PRECI,NONSP,0.01,0.0,0.0,0.0,0.0,0.0
6076,CA,CA,PREC1,AUXIL,0.01,0.0,0.0,0.0,0.0,0.0
6264,CA,CA,PUBLI,LUBRI,0.01,0.0,0.0,0.0,0.0,0.0
949,CA,CA,CERAM,REFI1,0.01,0.0,0.0,0.0,0.0,0.0
3561,CA,CA,FURNI,NONFE,0.01,0.0,0.0,0.0,0.0,0.0
1256,CA,CA,COKE1,COKEO,0.01,0.0,0.0,0.0,0.0,0.0
957,CA,CA,CERAM,WEARI,0.01,0.0,0.0,0.0,0.0,0.0
7131,CA,CA,RUBBE,BIOG1,0.01,0.0,0.0,0.0,0.0,0.0
2896,CA,CA,ELEC7,TOBAC,0.01,0.0,0.0,0.0,0.0,0.0
1274,CA,CA,COKEO,REFI1,0.01,0.0,0.0,0.0,0.0,0.0
8059,CA,CA,VEGET,PRINT,0.01,0.0,0.0,0.0,0.0,0.0
2007,CA,CA,EDUCA,COKEO,0.01,0.0,0.0,0.0,0.0,0.0
6346,CA,CA,RADIO,ALUM1,0.01,0.0,0.0,0.0,0.0,0.0
3964,CA,CA,INLAN,AVIAT,0.01,0.0,0.0,0.0,0.0,0.0
8188,CA,CA,WHOLE,COPP1,0.01,0.0,0.0,0.0,0.0,0.0
838,CA,CA,CATTL,NFERT,0.01,0.0,0.0,0.0,0.0,0.0
2913,CA,CA,ELEC8,SUGAR,0.01,0.0,0.0,0.0,0.0,0.0
44,CA,CA,93197,PLAST,0.01,0.0,0.0,0.0,0.0,0.0
944,CA,CA,CERAM,NONSP,0.01,0.0,0.0,0.0,0.0,0.0
7662,CA,CA,SUGAR,LIGNI,0.01,0.0,0.0,0.0,0.0,0.0
1004,CA,CA,CEREA,NFERT,0.01,0.0,0.0,0.0,0.0,0.0
7119,CA,CA,RETAI,STEAM,0.01,0.0,0.0,0.0,0.0,0.0
674,CA,CA,BRICK,ELEC4,0.01,0.0,0.0,0.0,0.0,0.0
2001,CA,CA,EDUCA,BIODI,0.01,0.0,0.0,0.0,0.0,0.0
3823,CA,CA,HEALT,ELEC4,0.01,0.0,0.0,0.0,0.0,0.0
7620,CA,CA,SUGA1,KEROS,0.01,0.0,0.0,0.0,0.0,0.0
2219,CA,CA,ELEC1,PLANT,0.01,0.0,0.0,0.0,0.0,0.0
830,CA,CA,CATTL,KEROS,0.01,0.0,0.0,0.0,0.0,0.0
670,CA,CA,BLAST,WHOLE,0.01,0.0,0.0,0.0,0.0,0.0
5805,CA,CA,PFERT,MEAT1,0.01,0.0,0.0,0.0,0.0,0.0
4731,CA,CA,MEATA,PUBLI,0.01,0.0,0.0,0.0,0.0,0.0
2828,CA,CA,ELEC7,BIOGA,0.01,0.0,0.0,0.0,0.0,0.0
814,CA,CA,CATTL,BASIC,0.01,0.0,0.0,0.0,0.0,0.0
6093,CA,CA,PREC1,NONFE,0.01,0.0,0.0,0.0,0.0,0.0
7802,CA,CA,TEXTI,EDUCA,0.01,0.0,0.0,0.0,0.0,0.0
7827,CA,CA,TEXTI,MEATC,0.01,0.0,0.0,0.0,0.0,0.0
538,CA,CA,BEVER,VEGET,0.01,0.0,0.0,0.0,0.0,0.0
2348,CA,CA,ELEC2,REFIN,0.01,0.0,0.0,0.0,0.0,0.0
449,CA,CA,BASIC,INLAN,0.01,0.0,0.0,0.0,0.0,0.0
3020,CA,CA,FABRI,GASOL,0.01,0.0,0.0,0.0,0.0,0.0
6813,CA,CA,REFIN,AVIAT,0.01,0.0,0.0,0.0,0.0,0.0
4805,CA,CA,MEATP,TRAN2,0.01,0.0,0.0,0.0,0.0,0.0
4485,CA,CA,LEATH,TRAN1,0.01,0.0,0.0,0.0,0.0,0.0
6508,CA,CA,RAWMI,NATU1,0.01,0.0,0.0,0.0,0.0,0.0
7514,CA,CA,SEACO,RETAI,0.01,0.0,0.0,0.0,0.0,0.0
7618,CA,CA,SUGA1,GLASS,0.01,0.0,0.0,0.0,0.0,0.0
8266,CA,CA,WOODW,ELEC1,0.01,0.0,0.0,0.0,0.0,0.0
5874,CA,CA,PIGS9,WEARI,0.01,0.0,0.0,0.0,0.0,0.0
2205,CA,CA,ELEC1,NAPHT,0.01,0.0,0.0,0.0,0.0,0.0
7382,CA,CA,SANDC,BEVER,0.01,0.0,0.0,0.0,0.0,0.0
6040,CA,CA,POSTT,URANI,0.01,0.0,0.0,0.0,0.0,0.0
1243,CA,CA,CHEMI,STONE,0.01,0.0,0.0,0.0,0.0,0.0
6170,CA,CA,PRINT,LUBRI,0.01,0.0,0.0,0.0,0.0,0.0
5463,CA,CA,NONSP,BIOGA,0.01,0.0,0.0,0.0,0.0,0.0
444,CA,CA,BASIC,GASDI,0.01,0.0,0.0,0.0,0.0,0.0
3903,CA,CA,HOTEL,WOODW,0.01,0.0,0.0,0.0,0.0,0.0
5396,CA,CA,NONME,ELEC1,0.01,0.0,0.0,0.0,0.0,0.0
5306,CA,CA,NONF1,FORES,0.01,0.0,0.0,0.0,0.0,0.0
871,CA,CA,CEMEN,CROPS,0.01,0.0,0.0,0.0,0.0,0.0
822,CA,CA,CATTL,CROPS,0.01,0.0,0.0,0.0,0.0,0.0
4495,CA,CA,LIGNI,FORES,0.01,0.0,0.0,0.0,0.0,0.0
3445,CA,CA,FOUND,COKEO,0.01,0.0,0.0,0.0,0.0,0.0
5576,CA,CA,OILSE,GASDI,0.01,0.0,0.0,0.0,0.0,0.0
5900,CA,CA,PLAST,BIOG1,0.01,0.0,0.0,0.0,0.0,0.0
3877,CA,CA,HOTEL,GLASS,0.01,0.0,0.0,0.0,0.0,0.0
6291,CA,CA,PUBLI,REFIN,0.01,0.0,0.0,0.0,0.0,0.0
3726,CA,CA,GASOL,CROPS,0.01,0.0,0.0,0.0,0.0,0.0
3839,CA,CA,HEALT,NONF1,0.01,0.0,0.0,0.0,0.0,0.0
1747,CA,CA,DAIRY,COKEO,0.01,0.0,0.0,0.0,0.0,0.0
7490,CA,CA,SEACO,MOTO1,0.01,0.0,0.0,0.0,0.0,0.0
4470,CA,CA,LEATH,MOTOR,0.01,0.0,0.0,0.0,0.0,0.0
915,CA,CA,CEMEN,VEGET,0.01,0.0,0.0,0.0,0.0,0.0
4811,CA,CA,MEDIC,ALUM1,0.01,0.0,0.0,0.0,0.0,0.0
1266,CA,CA,COKEO,BUSIN,0.01,0.0,0.0,0.0,0.0,0.0
5274,CA,CA,NICKE,FOOD5,0.01,0.0,0.0,0.0,0.0,0.0
8110,CA,CA,WEARI,RAILW,0.01,0.0,0.0,0.0,0.0,0.0
5405,CA,CA,NONME,FOUND,0.01,0.0,0.0,0.0,0.0,0.0
7630,CA,CA,SUGA1,PETRO,0.01,0.0,0.0,0.0,0.0,0.0
398,CA,CA,AVIAT,KERO1,0.01,0.0,0.0,0.0,0.0,0.0
7912,CA,CA,TRAN1,GASOL,0.01,0.0,0.0,0.0,0.0,0.0
5571,CA,CA,OILSE,ELECT,0.01,0.0,0.0,0.0,0.0,0.0
6269,CA,CA,PUBLI,MOTOR,0.01,0.0,0.0,0.0,0.0,0.0
1264,CA,CA,COKE1,WHOLE,0.01,0.0,0.0,0.0,0.0,0.0
6135,CA,CA,PRINT,COKEO,0.01,0.0,0.0,0.0,0.0,0.0
3632,CA,CA,GASDI,ELEC5,0.01,0.0,0.0,0.0,0.0,0.0
2140,CA,CA,ELE12,WEARI,0.01,0.0,0.0,0.0,0.0,0.0
4673,CA,CA,MEAT4,GLASS,0.01,0.0,0.0,0.0,0.0,0.0
5497,CA,CA,NONSP,MEATC,0.01,0.0,0.0,0.0,0.0,0.0
522,CA,CA,BEVER,PIGS9,0.01,0.0,0.0,0.0,0.0,0.0
956,CA,CA,CERAM,URANI,0.01,0.0,0.0,0.0,0.0,0.0
4832,CA,CA,MEDIC,HEALT,0.01,0.0,0.0,0.0,0.0,0.0
876,CA,CA,CEMEN,FORES,0.01,0.0,0.0,0.0,0.0,0.0
7710,CA,CA,SUPPO,GASOL,0.01,0.0,0.0,0.0,0.0,0.0
5346,CA,CA,NONF1,SALEM,0.01,0.0,0.0,0.0,0.0,0.0
2906,CA,CA,ELEC8,HOTEL,0.01,0.0,0.0,0.0,0.0,0.0
3706,CA,CA,GASDI,STEAM,0.01,0.0,0.0,0.0,0.0,0.0
2671,CA,CA,ELEC5,NAPHT,0.01,0.0,0.0,0.0,0.0,0.0
1241,CA,CA,CHEMI,SANDC,0.01,0.0,0.0,0.0,0.0,0.0
6836,CA,CA,REFIN,WHITE,0.01,0.0,0.0,0.0,0.0,0.0
4459,CA,CA,LEATH,ELEC3,0.01,0.0,0.0,0.0,0.0,0.0
4875,CA,CA,MEMBE,AVIAT,0.01,0.0,0.0,0.0,0.0,0.0
2115,CA,CA,ELE12,MOTOR,0.01,0.0,0.0,0.0,0.0,0.0
8057,CA,CA,VEGET,MOTOR,0.01,0.0,0.0,0.0,0.0,0.0
2834,CA,CA,ELEC7,CERAM,0.01,0.0,0.0,0.0,0.0,0.0
7407,CA,CA,SANDC,HEALT,0.01,0.0,0.0,0.0,0.0,0.0
8281,CA,CA,WOODW,GASOL,0.01,0.0,0.0,0.0,0.0,0.0
1248,CA,CA,CHEMI,URANI,0.01,0.0,0.0,0.0,0.0,0.0
4170,CA,CA,KERO1,BIODI,0.01,0.0,0.0,0.0,0.0,0.0
925,CA,CA,CERAM,BIOGA,0.01,0.0,0.0,0.0,0.0,0.0
5809,CA,CA,PFERT,MOTOR,0.01,0.0,0.0,0.0,0.0,0.0
6730,CA,CA,RECRE,NAPHT,0.01,0.0,0.0,0.0,0.0,0.0
3460,CA,CA,FOUND,INLAN,0.01,0.0,0.0,0.0,0.0,0.0
5124,CA,CA,MOTOR,NONFE,0.01,0.0,0.0,0.0,0.0,0.0
7,CA,CA,93197,BIODI,0.01,0.0,0.0,0.0,0.0,0.0
2730,CA,CA,ELEC6,BLAST,0.01,0.0,0.0,0.0,0.0,0.0
1767,CA,CA,DAIRY,PFERT,0.01,0.0,0.0,0.0,0.0,0.0
1906,CA,CA,DISTR,ELEC4,0.01,0.0,0.0,0.0,0.0,0.0
8349,CA,CA,WOOLS,LANDT,0.01,0.0,0.0,0.0,0.0,0.0
2974,CA,CA,ELECT,STEAM,0.01,0.0,0.0,0.0,0.0,0.0
5802,CA,CA,PFERT,LEATH,0.01,0.0,0.0,0.0,0.0,0.0
5911,CA,CA,PLAST,ELEC6,0.01,0.0,0.0,0.0,0.0,0.0
5302,CA,CA,NONF1,ETHAN,0.01,0.0,0.0,0.0,0.0,0.0
1275,CA,CA,COKEO,RUBBE,0.01,0.0,0.0,0.0,0.0,0.0
2056,CA,CA,EDUCA,PETRO,0.01,0.0,0.0,0.0,0.0,0.0
5397,CA,CA,NONME,ELEC2,0.01,0.0,0.0,0.0,0.0,0.0
3967,CA,CA,INLAN,BITU1,0.01,0.0,0.0,0.0,0.0,0.0
5399,CA,CA,NONME,ELEC5,0.01,0.0,0.0,0.0,0.0,0.0
4461,CA,CA,LEATH,ELEC5,0.01,0.0,0.0,0.0,0.0,0.0
4474,CA,CA,LEATH,RAILW,0.01,0.0,0.0,0.0,0.0,0.0
4020,CA,CA,INLAN,SUGA1,0.01,0.0,0.0,0.0,0.0,0.0
3872,CA,CA,HOTEL,ELEC4,0.01,0.0,0.0,0.0,0.0,0.0
3309,CA,CA,FOOD5,ELEC4,0.01,0.0,0.0,0.0,0.0,0.0
4737,CA,CA,MEATA,TEXTI,0.01,0.0,0.0,0.0,0.0,0.0
2051,CA,CA,EDUCA,NONF1,0.01,0.0,0.0,0.0,0.0,0.0
8345,CA,CA,WOOLS,COMPU,0.01,0.0,0.0,0.0,0.0,0.0
3905,CA,CA,HYDRO,93197,0.01,0.0,0.0,0.0,0.0,0.0
3991,CA,CA,INLAN,LEATH,0.01,0.0,0.0,0.0,0.0,0.0
4733,CA,CA,MEATA,REALE,0.01,0.0,0.0,0.0,0.0,0.0
164,CA,CA,ALUM1,FISH5,0.01,0.0,0.0,0.0,0.0,0.0
4173,CA,CA,KERO1,CERAM,0.01,0.0,0.0,0.0,0.0,0.0
661,CA,CA,BLAST,CHEM1,0.01,0.0,0.0,0.0,0.0,0.0
1221,CA,CA,CHEMI,NONFE,0.01,0.0,0.0,0.0,0.0,0.0
6311,CA,CA,PUBLI,WHITE,0.01,0.0,0.0,0.0,0.0,0.0
6252,CA,CA,PUBLI,FOUND,0.01,0.0,0.0,0.0,0.0,0.0
4694,CA,CA,MEAT4,PRINT,0.01,0.0,0.0,0.0,0.0,0.0
4489,CA,CA,LIGNI,AIRTR,0.01,0.0,0.0,0.0,0.0,0.0
5758,CA,CA,PETRO,REFIN,0.01,0.0,0.0,0.0,0.0,0.0
5359,CA,CA,NONFE,CHEM1,0.01,0.0,0.0,0.0,0.0,0.0
8036,CA,CA,VEGET,ANIMA,0.01,0.0,0.0,0.0,0.0,0.0
2768,CA,CA,ELEC6,LIQUE,0.01,0.0,0.0,0.0,0.0,0.0
5598,CA,CA,OILSE,WEARI,0.01,0.0,0.0,0.0,0.0,0.0
7670,CA,CA,SUGAR,WOOLS,0.01,0.0,0.0,0.0,0.0,0.0
2354,CA,CA,ELEC2,SANDC,0.01,0.0,0.0,0.0,0.0,0.0
598,CA,CA,BIOG1,RAWMI,0.01,0.0,0.0,0.0,0.0,0.0
6162,CA,CA,PRINT,HEAVY,0.01,0.0,0.0,0.0,0.0,0.0
174,CA,CA,ALUM1,LIQUE,0.01,0.0,0.0,0.0,0.0,0.0
7650,CA,CA,SUGAR,AIRTR,0.01,0.0,0.0,0.0,0.0,0.0
7443,CA,CA,SANDC,STEAM,0.01,0.0,0.0,0.0,0.0,0.0
3378,CA,CA,FORES,CERAM,0.01,0.0,0.0,0.0,0.0,0.0
7774,CA,CA,SUPPO,VEGET,0.01,0.0,0.0,0.0,0.0,0.0
3588,CA,CA,FURNI,SUGA1,0.01,0.0,0.0,0.0,0.0,0.0
2089,CA,CA,ELE12,BEVER,0.01,0.0,0.0,0.0,0.0,0.0
7277,CA,CA,SALEM,ELE12,0.01,0.0,0.0,0.0,0.0,0.0
5230,CA,CA,NFERT,ELEC6,0.01,0.0,0.0,0.0,0.0,0.0
7919,CA,CA,TRAN1,KERO1,0.01,0.0,0.0,0.0,0.0,0.0
6385,CA,CA,RADIO,OILSE,0.01,0.0,0.0,0.0,0.0,0.0
4763,CA,CA,MEATC,RAILW,0.01,0.0,0.0,0.0,0.0,0.0
7381,CA,CA,SANDC,BASIC,0.01,0.0,0.0,0.0,0.0,0.0
4736,CA,CA,MEATA,SUBBI,0.01,0.0,0.0,0.0,0.0,0.0
2373,CA,CA,ELEC2,WOOLS,0.01,0.0,0.0,0.0,0.0,0.0
2370,CA,CA,ELEC2,WHITE,0.01,0.0,0.0,0.0,0.0,0.0
1304,CA,CA,COMPU,AVIAT,0.01,0.0,0.0,0.0,0.0,0.0
1624,CA,CA,COPPE,LANDT,0.01,0.0,0.0,0.0,0.0,0.0
7642,CA,CA,SUGA1,SUPPO,0.01,0.0,0.0,0.0,0.0,0.0
2951,CA,CA,ELECT,MEATC,0.01,0.0,0.0,0.0,0.0,0.0
5864,CA,CA,PIGS9,PRINT,0.01,0.0,0.0,0.0,0.0,0.0
3630,CA,CA,GASDI,ELEC2,0.01,0.0,0.0,0.0,0.0,0.0
889,CA,CA,CEMEN,NAPHT,0.01,0.0,0.0,0.0,0.0,0.0
2114,CA,CA,ELE12,MOTO1,0.01,0.0,0.0,0.0,0.0,0.0
6354,CA,CA,RADIO,CEREA,0.01,0.0,0.0,0.0,0.0,0.0
5202,CA,CA,NATU1,RETA1,0.01,0.0,0.0,0.0,0.0,0.0
6962,CA,CA,RESEA,WHITE,0.01,0.0,0.0,0.0,0.0,0.0
8146,CA,CA,WHEAT,GASDI,0.01,0.0,0.0,0.0,0.0,0.0
5167,CA,CA,MOTOR,WHITE,0.01,0.0,0.0,0.0,0.0,0.0
3551,CA,CA,FURNI,MEATA,0.01,0.0,0.0,0.0,0.0,0.0
4917,CA,CA,MEMBE,GASOL,0.01,0.0,0.0,0.0,0.0,0.0
5273,CA,CA,NICKE,FISH5,0.01,0.0,0.0,0.0,0.0,0.0
922,CA,CA,CERAM,AUXIL,0.01,0.0,0.0,0.0,0.0,0.0
8033,CA,CA,VEGE1,FOOD5,0.01,0.0,0.0,0.0,0.0,0.0
8112,CA,CA,WEARI,RECRE,0.01,0.0,0.0,0.0,0.0,0.0
592,CA,CA,BIOG1,MEMBE,0.01,0.0,0.0,0.0,0.0,0.0
7106,CA,CA,RETAI,CROPS,0.01,0.0,0.0,0.0,0.0,0.0
8141,CA,CA,WHEAT,ELECT,0.01,0.0,0.0,0.0,0.0,0.0
5434,CA,CA,NONME,PFERT,0.01,0.0,0.0,0.0,0.0,0.0
7391,CA,CA,SANDC,COKEO,0.01,0.0,0.0,0.0,0.0,0.0
1845,CA,CA,DIST1,PRECI,0.01,0.0,0.0,0.0,0.0,0.0
5265,CA,CA,NFERT,WEARI,0.01,0.0,0.0,0.0,0.0,0.0
653,CA,CA,BIOGA,RETAI,0.01,0.0,0.0,0.0,0.0,0.0
3685,CA,CA,GASDI,PLAST,0.01,0.0,0.0,0.0,0.0,0.0
4436,CA,CA,LEAD1,SUPPO,0.01,0.0,0.0,0.0,0.0,0.0
6133,CA,CA,PRINT,CERAM,0.01,0.0,0.0,0.0,0.0,0.0
6943,CA,CA,RESEA,RETAI,0.01,0.0,0.0,0.0,0.0,0.0
122,CA,CA,AIRTR,RAWMI,0.01,0.0,0.0,0.0,0.0,0.0
2072,CA,CA,EDUCA,STEAM,0.01,0.0,0.0,0.0,0.0,0.0
8071,CA,CA,VEGET,TEXTI,0.01,0.0,0.0,0.0,0.0,0.0
2864,CA,CA,ELEC7,MEATC,0.01,0.0,0.0,0.0,0.0,0.0
4387,CA,CA,LANDT,WOOLS,0.01,0.0,0.0,0.0,0.0,0.0
5278,CA,CA,NICKE,WHOLE,0.01,0.0,0.0,0.0,0.0,0.0
4714,CA,CA,MEATA,AUXIL,0.01,0.0,0.0,0.0,0.0,0.0
8066,CA,CA,VEGET,RETAI,0.01,0.0,0.0,0.0,0.0,0.0
7000,CA,CA,RETA1,ELE12,0.01,0.0,0.0,0.0,0.0,0.0
7458,CA,CA,SEACO,BITU1,0.01,0.0,0.0,0.0,0.0,0.0
7520,CA,CA,SEACO,SUGA1,0.01,0.0,0.0,0.0,0.0,0.0
7825,CA,CA,TEXTI,LUBRI,0.01,0.0,0.0,0.0,0.0,0.0
7666,CA,CA,SUGAR,SUGA1,0.01,0.0,0.0,0.0,0.0,0.0
2041,CA,CA,EDUCA,LUBRI,0.01,0.0,0.0,0.0,0.0,0.0
7643,CA,CA,SUGA1,TEXTI,0.01,0.0,0.0,0.0,0.0,0.0
4689,CA,CA,MEAT4,PETRO,0.01,0.0,0.0,0.0,0.0,0.0
3604,CA,CA,GASDI,AVIAT,0.01,0.0,0.0,0.0,0.0,0.0
1579,CA,CA,COPP1,ELEC2,0.01,0.0,0.0,0.0,0.0,0.0
840,CA,CA,CATTL,PAPER,0.01,0.0,0.0,0.0,0.0,0.0
5889,CA,CA,PLANT,NONME,0.01,0.0,0.0,0.0,0.0,0.0
6463,CA,CA,RAILW,PFERT,0.01,0.0,0.0,0.0,0.0,0.0
34,CA,CA,93197,MEAT4,0.01,0.0,0.0,0.0,0.0,0.0
4835,CA,CA,MEDIC,KERO1,0.01,0.0,0.0,0.0,0.0,0.0
3320,CA,CA,FOOD5,GASDI,0.01,0.0,0.0,0.0,0.0,0.0
2937,CA,CA,ELECT,FISH5,0.01,0.0,0.0,0.0,0.0,0.0
5246,CA,CA,NFERT,NAPHT,0.01,0.0,0.0,0.0,0.0,0.0
943,CA,CA,CERAM,NONFE,0.01,0.0,0.0,0.0,0.0,0.0
7629,CA,CA,SUGA1,PAPER,0.01,0.0,0.0,0.0,0.0,0.0
5534,CA,CA,OFFIC,93197,0.01,0.0,0.0,0.0,0.0,0.0
5342,CA,CA,NONF1,REFIN,0.01,0.0,0.0,0.0,0.0,0.0
5147,CA,CA,MOTOR,REFIN,0.01,0.0,0.0,0.0,0.0,0.0
8201,CA,CA,WHOLE,HEALT,0.01,0.0,0.0,0.0,0.0,0.0
7226,CA,CA,RUBBE,STEAM,0.01,0.0,0.0,0.0,0.0,0.0
5275,CA,CA,NICKE,LIQUE,0.01,0.0,0.0,0.0,0.0,0.0
6072,CA,CA,POULT,TRAN2,0.01,0.0,0.0,0.0,0.0,0.0
573,CA,CA,BIOG1,ANIMA,0.01,0.0,0.0,0.0,0.0,0.0
1255,CA,CA,COKE1,CHEM1,0.01,0.0,0.0,0.0,0.0,0.0
6000,CA,CA,POSTT,NONFE,0.01,0.0,0.0,0.0,0.0,0.0
5734,CA,CA,PETRO,FOUND,0.01,0.0,0.0,0.0,0.0,0.0
6377,CA,CA,RADIO,MEATP,0.01,0.0,0.0,0.0,0.0,0.0
5584,CA,CA,OILSE,PAPER,0.01,0.0,0.0,0.0,0.0,0.0
9,CA,CA,93197,BIOGA,0.01,0.0,0.0,0.0,0.0,0.0
7637,CA,CA,SUGA1,RESEA,0.01,0.0,0.0,0.0,0.0,0.0
2113,CA,CA,ELE12,MEMBE,0.01,0.0,0.0,0.0,0.0,0.0
2042,CA,CA,EDUCA,MEATC,0.01,0.0,0.0,0.0,0.0,0.0
6397,CA,CA,RADIO,RETAI,0.01,0.0,0.0,0.0,0.0,0.0
1008,CA,CA,CEREA,OFFIC,0.01,0.0,0.0,0.0,0.0,0.0
6099,CA,CA,PREC1,RAILW,0.01,0.0,0.0,0.0,0.0,0.0
1737,CA,CA,DAIRY,ALUM1,0.01,0.0,0.0,0.0,0.0,0.0
3394,CA,CA,FORES,HYDRO,0.01,0.0,0.0,0.0,0.0,0.0
6835,CA,CA,REFIN,REFIN,0.01,0.0,0.0,0.0,0.0,0.0
5720,CA,CA,PETRO,COMPU,0.01,0.0,0.0,0.0,0.0,0.0
6404,CA,CA,RADIO,TRAN2,0.01,0.0,0.0,0.0,0.0,0.0
536,CA,CA,BEVER,TEXTI,0.01,0.0,0.0,0.0,0.0,0.0
7498,CA,CA,SEACO,PFERT,0.01,0.0,0.0,0.0,0.0,0.0
824,CA,CA,CATTL,ELECT,0.01,0.0,0.0,0.0,0.0,0.0
8339,CA,CA,WOODW,WHITE,0.01,0.0,0.0,0.0,0.0,0.0
2850,CA,CA,ELEC7,FISHF,0.01,0.0,0.0,0.0,0.0,0.0
2532,CA,CA,ELEC4,GASOL,0.01,0.0,0.0,0.0,0.0,0.0
7591,CA,CA,STONE,TRAN2,0.01,0.0,0.0,0.0,0.0,0.0
2086,CA,CA,ELE12,ANIMA,0.01,0.0,0.0,0.0,0.0,0.0
5857,CA,CA,PIGS9,MOTOR,0.01,0.0,0.0,0.0,0.0,0.0
5026,CA,CA,MOTO1,RADIO,0.01,0.0,0.0,0.0,0.0,0.0
7632,CA,CA,SUGA1,PREC1,0.01,0.0,0.0,0.0,0.0,0.0
6720,CA,CA,RECRE,LUBRI,0.01,0.0,0.0,0.0,0.0,0.0
2881,CA,CA,ELEC7,PREC1,0.01,0.0,0.0,0.0,0.0,0.0
179,CA,CA,ALUM1,MOTOR,0.01,0.0,0.0,0.0,0.0,0.0
6825,CA,CA,REFIN,LANDT,0.01,0.0,0.0,0.0,0.0,0.0
2870,CA,CA,ELEC7,NATU1,0.01,0.0,0.0,0.0,0.0,0.0
1918,CA,CA,DISTR,GASOL,0.01,0.0,0.0,0.0,0.0,0.0
2464,CA,CA,ELEC3,REFIN,0.01,0.0,0.0,0.0,0.0,0.0
5261,CA,CA,NFERT,STEAM,0.01,0.0,0.0,0.0,0.0,0.0
6940,CA,CA,RESEA,REFIN,0.01,0.0,0.0,0.0,0.0,0.0
1634,CA,CA,CROPS,CERAM,0.01,0.0,0.0,0.0,0.0,0.0
5764,CA,CA,PETRO,WHITE,0.01,0.0,0.0,0.0,0.0,0.0
8208,CA,CA,WHOLE,LUBRI,0.01,0.0,0.0,0.0,0.0,0.0
1296,CA,CA,COKIN,RETA1,0.01,0.0,0.0,0.0,0.0,0.0
7665,CA,CA,SUGAR,SUBBI,0.01,0.0,0.0,0.0,0.0,0.0
2239,CA,CA,ELEC1,STONE,0.01,0.0,0.0,0.0,0.0,0.0
1873,CA,CA,DIST1,WOOLS,0.01,0.0,0.0,0.0,0.0,0.0
3318,CA,CA,FOOD5,FOUND,0.01,0.0,0.0,0.0,0.0,0.0
1392,CA,CA,COMPU,PLAST,0.01,0.0,0.0,0.0,0.0,0.0
8353,CA,CA,WOOLS,REALE,0.01,0.0,0.0,0.0,0.0,0.0
2952,CA,CA,ELECT,MEATP,0.01,0.0,0.0,0.0,0.0,0.0
5914,CA,CA,PLAST,MEAT4,0.01,0.0,0.0,0.0,0.0,0.0
4802,CA,CA,MEATP,SUGA1,0.01,0.0,0.0,0.0,0.0,0.0
5587,CA,CA,OILSE,RAILW,0.01,0.0,0.0,0.0,0.0,0.0
576,CA,CA,BIOG1,BEVER,0.01,0.0,0.0,0.0,0.0,0.0
457,CA,CA,BASIC,MEATA,0.01,0.0,0.0,0.0,0.0,0.0
3865,CA,CA,HOTEL,CATTL,0.01,0.0,0.0,0.0,0.0,0.0
3324,CA,CA,FOOD5,KEROS,0.01,0.0,0.0,0.0,0.0,0.0
3834,CA,CA,HEALT,MEAT1,0.01,0.0,0.0,0.0,0.0,0.0
2855,CA,CA,ELEC7,GASDI,0.01,0.0,0.0,0.0,0.0,0.0
836,CA,CA,CATTL,MEATP,0.01,0.0,0.0,0.0,0.0,0.0
4171,CA,CA,KERO1,BIOGA,0.01,0.0,0.0,0.0,0.0,0.0
1756,CA,CA,DAIRY,FOUND,0.01,0.0,0.0,0.0,0.0,0.0
2005,CA,CA,EDUCA,CERAM,0.01,0.0,0.0,0.0,0.0,0.0
7450,CA,CA,SANDC,WOOLS,0.01,0.0,0.0,0.0,0.0,0.0
5472,CA,CA,NONSP,DAIRY,0.01,0.0,0.0,0.0,0.0,0.0
7568,CA,CA,STONE,MOTO1,0.01,0.0,0.0,0.0,0.0,0.0
1655,CA,CA,CROPS,MOTO1,0.01,0.0,0.0,0.0,0.0,0.0
7623,CA,CA,SUGA1,LUBRI,0.01,0.0,0.0,0.0,0.0,0.0
4726,CA,CA,MEATA,LIGNI,0.01,0.0,0.0,0.0,0.0,0.0
8351,CA,CA,WOOLS,PUBLI,0.01,0.0,0.0,0.0,0.0,0.0
4388,CA,CA,LEAD1,93197,0.01,0.0,0.0,0.0,0.0,0.0
5912,CA,CA,PLAST,ELEC8,0.01,0.0,0.0,0.0,0.0,0.0
1813,CA,CA,DIST1,FOOD5,0.01,0.0,0.0,0.0,0.0,0.0
4645,CA,CA,MEAT1,TRAN2,0.01,0.0,0.0,0.0,0.0,0.0
7452,CA,CA,SEACO,ALUM1,0.01,0.0,0.0,0.0,0.0,0.0
2356,CA,CA,ELEC2,STONE,0.01,0.0,0.0,0.0,0.0,0.0
8294,CA,CA,WOODW,MEATA,0.01,0.0,0.0,0.0,0.0,0.0
4448,CA,CA,LEATH,BITU1,0.01,0.0,0.0,0.0,0.0,0.0
1865,CA,CA,DIST1,TRAN2,0.01,0.0,0.0,0.0,0.0,0.0
8175,CA,CA,WHOLE,ALUM1,0.01,0.0,0.0,0.0,0.0,0.0
2304,CA,CA,ELEC2,KERO1,0.01,0.0,0.0,0.0,0.0,0.0
6506,CA,CA,RAWMI,MEATA,0.01,0.0,0.0,0.0,0.0,0.0
1578,CA,CA,COPP1,ELEC1,0.01,0.0,0.0,0.0,0.0,0.0
394,CA,CA,AVIAT,ETHAN,0.01,0.0,0.0,0.0,0.0,0.0
8026,CA,CA,TRANS,SUGAR,0.01,0.0,0.0,0.0,0.0,0.0
4483,CA,CA,LEATH,SUPPO,0.01,0.0,0.0,0.0,0.0,0.0
5509,CA,CA,NONSP,PLANT,0.01,0.0,0.0,0.0,0.0,0.0
5408,CA,CA,NONME,GASOL,0.01,0.0,0.0,0.0,0.0,0.0
1768,CA,CA,DAIRY,RADIO,0.01,0.0,0.0,0.0,0.0,0.0
2002,CA,CA,EDUCA,BIOGA,0.01,0.0,0.0,0.0,0.0,0.0
580,CA,CA,BIOG1,COPP1,0.01,0.0,0.0,0.0,0.0,0.0
3089,CA,CA,FABRI,WOOLS,0.01,0.0,0.0,0.0,0.0,0.0
4724,CA,CA,MEATA,LANDT,0.01,0.0,0.0,0.0,0.0,0.0
7832,CA,CA,TEXTI,NAPHT,0.01,0.0,0.0,0.0,0.0,0.0
5502,CA,CA,NONSP,NONF1,0.01,0.0,0.0,0.0,0.0,0.0
887,CA,CA,CEMEN,MEDIC,0.01,0.0,0.0,0.0,0.0,0.0
4859,CA,CA,MEDIC,RETAI,0.01,0.0,0.0,0.0,0.0,0.0
435,CA,CA,BASIC,ELEC4,0.01,0.0,0.0,0.0,0.0,0.0
409,CA,CA,AVIAT,SALEM,0.01,0.0,0.0,0.0,0.0,0.0
2237,CA,CA,ELEC1,SANDC,0.01,0.0,0.0,0.0,0.0,0.0
8086,CA,CA,WEARI,DIST1,0.01,0.0,0.0,0.0,0.0,0.0
5880,CA,CA,PLANT,COMPU,0.01,0.0,0.0,0.0,0.0,0.0
7420,CA,CA,SANDC,MEDIC,0.01,0.0,0.0,0.0,0.0,0.0
4530,CA,CA,LUBRI,ELEC6,0.01,0.0,0.0,0.0,0.0,0.0
8140,CA,CA,WHEAT,ELEC6,0.01,0.0,0.0,0.0,0.0,0.0
4446,CA,CA,LEATH,ANIMA,0.01,0.0,0.0,0.0,0.0,0.0
5922,CA,CA,POSTT,AVIAT,0.01,0.0,0.0,0.0,0.0,0.0
6740,CA,CA,RECRE,PETRO,0.01,0.0,0.0,0.0,0.0,0.0
2090,CA,CA,ELE12,BITUM,0.01,0.0,0.0,0.0,0.0,0.0
6394,CA,CA,RADIO,REFI1,0.01,0.0,0.0,0.0,0.0,0.0
2112,CA,CA,ELE12,MEDIC,0.01,0.0,0.0,0.0,0.0,0.0
2404,CA,CA,ELEC3,ETHAN,0.01,0.0,0.0,0.0,0.0,0.0
8067,CA,CA,VEGET,RUBBE,0.01,0.0,0.0,0.0,0.0,0.0
844,CA,CA,CATTL,PRINT,0.02,0.0,0.0,0.0,0.0,0.0
2653,CA,CA,ELEC5,INLAN,0.02,0.0,0.0,0.0,0.0,0.0
3757,CA,CA,GLASS,CROPS,0.07,0.0,0.0,0.0,0.0,0.0
2416,CA,CA,ELEC3,HEAVY,0.05,0.0,0.0,0.0,0.0,0.0
5052,CA,CA,MOTOR,BIOG1,0.05,0.0,0.0,0.0,0.0,0.0
7848,CA,CA,TEXTI,REFI1,0.05,0.0,0.0,0.0,0.0,0.0
3774,CA,CA,GLASS,LUBRI,0.05,0.0,0.0,0.0,0.0,0.0
7872,CA,CA,TRAN1,ALUM1,0.05,0.0,0.0,0.0,0.0,0.0
8194,CA,CA,WHOLE,FISHF,0.05,0.0,0.0,0.0,0.0,0.0
926,CA,CA,CERAM,BRICK,0.05,0.0,0.0,0.0,0.0,0.0
2840,CA,CA,ELEC7,CONST,0.05,0.0,0.0,0.0,0.0,0.0
2965,CA,CA,ELECT,RAILW,0.05,0.0,0.0,0.0,0.0,0.0
6975,CA,CA,RETA1,BIOG1,0.05,0.0,0.0,0.0,0.0,0.0
5785,CA,CA,PFERT,EDUCA,0.05,0.0,0.0,0.0,0.0,0.0
801,CA,CA,BUSIN,TRAN2,0.05,0.0,0.0,0.0,0.0,0.0
8087,CA,CA,WEARI,DISTR,0.05,0.0,0.0,0.0,0.0,0.0
2606,CA,CA,ELEC4,WHITE,0.05,0.0,0.0,0.0,0.0,0.0
1608,CA,CA,COPP1,REALE,0.05,0.0,0.0,0.0,0.0,0.0
5666,CA,CA,PAPER,NONFE,0.05,0.0,0.0,0.0,0.0,0.0
104,CA,CA,AIRTR,MEATA,0.05,0.0,0.0,0.0,0.0,0.0
7400,CA,CA,SANDC,FISH5,0.05,0.0,0.0,0.0,0.0,0.0
5512,CA,CA,NONSP,PREC1,0.05,0.0,0.0,0.0,0.0,0.0
5793,CA,CA,PFERT,ETHAN,0.05,0.0,0.0,0.0,0.0,0.0
4643,CA,CA,MEAT1,SUPPO,0.05,0.0,0.0,0.0,0.0,0.0
5266,CA,CA,NFERT,WHITE,0.05,0.0,0.0,0.0,0.0,0.0
2210,CA,CA,ELEC1,NONFE,0.05,0.0,0.0,0.0,0.0,0.0
8047,CA,CA,VEGET,ELEC2,0.05,0.0,0.0,0.0,0.0,0.0
8235,CA,CA,WHOLE,TRAN2,0.05,0.0,0.0,0.0,0.0,0.0
3439,CA,CA,FOUND,BEVER,0.05,0.0,0.0,0.0,0.0,0.0
7152,CA,CA,RUBBE,ELEC1,0.05,0.0,0.0,0.0,0.0,0.0
393,CA,CA,AVIAT,CHEM1,0.05,0.0,0.0,0.0,0.0,0.0
6935,CA,CA,RESEA,RAILW,0.05,0.0,0.0,0.0,0.0,0.0
7776,CA,CA,SUPPO,WHITE,0.05,0.0,0.0,0.0,0.0,0.0
2609,CA,CA,ELEC4,WOOLS,0.05,0.0,0.0,0.0,0.0,0.0
2590,CA,CA,ELEC4,SANDC,0.05,0.0,0.0,0.0,0.0,0.0
4443,CA,CA,LEAD1,WOODW,0.05,0.0,0.0,0.0,0.0,0.0
6837,CA,CA,REFIN,WHOLE,0.05,0.0,0.0,0.0,0.0,0.0
2705,CA,CA,ELEC5,SUGA1,0.05,0.0,0.0,0.0,0.0,0.0
2753,CA,CA,ELEC6,FISHF,0.05,0.0,0.0,0.0,0.0,0.0
2208,CA,CA,ELEC1,NFERT,0.05,0.0,0.0,0.0,0.0,0.0
5700,CA,CA,PAPER,TRAN2,0.05,0.0,0.0,0.0,0.0,0.0
7405,CA,CA,SANDC,GASOL,0.05,0.0,0.0,0.0,0.0,0.0
5890,CA,CA,PLANT,PAPER,0.05,0.0,0.0,0.0,0.0,0.0
616,CA,CA,BIOGA,BIOGA,0.05,0.0,0.0,0.0,0.0,0.0
7083,CA,CA,RETA1,SUBBI,0.05,0.0,0.0,0.0,0.0,0.0
6773,CA,CA,RECRE,VEGE1,0.05,0.0,0.0,0.0,0.0,0.0
7835,CA,CA,TEXTI,NONSP,0.05,0.0,0.0,0.0,0.0,0.0
1534,CA,CA,CONST,REFIN,0.05,0.0,0.0,0.0,0.0,0.0
5498,CA,CA,NONSP,MEDIC,0.05,0.0,0.0,0.0,0.0,0.0
675,CA,CA,BRICK,HOTEL,0.05,0.0,0.0,0.0,0.0,0.0
7439,CA,CA,SANDC,RESEA,0.05,0.0,0.0,0.0,0.0,0.0
2875,CA,CA,ELEC7,OILSE,0.05,0.0,0.0,0.0,0.0,0.0
6443,CA,CA,RAILW,KERO1,0.05,0.0,0.0,0.0,0.0,0.0
2430,CA,CA,ELEC3,MEATA,0.05,0.0,0.0,0.0,0.0,0.0
7742,CA,CA,SUPPO,PETRO,0.05,0.0,0.0,0.0,0.0,0.0
6448,CA,CA,RAILW,MEAT1,0.05,0.0,0.0,0.0,0.0,0.0
1202,CA,CA,CHEMI,KERO1,0.05,0.0,0.0,0.0,0.0,0.0
6762,CA,CA,RECRE,STEAM,0.05,0.0,0.0,0.0,0.0,0.0
2097,CA,CA,ELE12,COMPU,0.05,0.0,0.0,0.0,0.0,0.0
7582,CA,CA,STONE,REALE,0.05,0.0,0.0,0.0,0.0,0.0
3886,CA,CA,HOTEL,PREC1,0.05,0.0,0.0,0.0,0.0,0.0
2138,CA,CA,ELE12,TRAN2,0.05,0.0,0.0,0.0,0.0,0.0
4646,CA,CA,MEAT1,WEARI,0.05,0.0,0.0,0.0,0.0,0.0
7669,CA,CA,SUGAR,WHOLE,0.05,0.0,0.0,0.0,0.0,0.0
7534,CA,CA,STONE,AVIAT,0.05,0.0,0.0,0.0,0.0,0.0
994,CA,CA,CEREA,LUBRI,0.05,0.0,0.0,0.0,0.0,0.0
2065,CA,CA,EDUCA,REFI1,0.05,0.0,0.0,0.0,0.0,0.0
6905,CA,CA,RESEA,LUBRI,0.05,0.0,0.0,0.0,0.0,0.0
5471,CA,CA,NONSP,CROPS,0.05,0.0,0.0,0.0,0.0,0.0
3995,CA,CA,INLAN,MEATP,0.05,0.0,0.0,0.0,0.0,0.0
4168,CA,CA,KERO1,BASIC,0.05,0.0,0.0,0.0,0.0,0.0
3804,CA,CA,GLASS,TRAN2,0.05,0.0,0.0,0.0,0.0,0.0
7600,CA,CA,SUGA1,AUXIL,0.05,0.0,0.0,0.0,0.0,0.0
1679,CA,CA,CROPS,WEARI,0.05,0.0,0.0,0.0,0.0,0.0
1567,CA,CA,COPP1,BIODI,0.05,0.0,0.0,0.0,0.0,0.0
2832,CA,CA,ELEC7,CATTL,0.05,0.0,0.0,0.0,0.0,0.0
8049,CA,CA,VEGET,FABRI,0.05,0.0,0.0,0.0,0.0,0.0
6140,CA,CA,PRINT,DIST1,0.05,0.0,0.0,0.0,0.0,0.0
882,CA,CA,CEMEN,KEROS,0.05,0.0,0.0,0.0,0.0,0.0
2448,CA,CA,ELEC3,PETRO,0.05,0.0,0.0,0.0,0.0,0.0
420,CA,CA,BASIC,BIOGA,0.05,0.0,0.0,0.0,0.0,0.0
5197,CA,CA,NATU1,RAILW,0.05,0.0,0.0,0.0,0.0,0.0
4563,CA,CA,LUBRI,MEATP,0.05,0.0,0.0,0.0,0.0,0.0
1784,CA,CA,DIST1,93197,0.05,0.0,0.0,0.0,0.0,0.0
3421,CA,CA,FORES,STONE,0.05,0.0,0.0,0.0,0.0,0.0
5204,CA,CA,NATU1,SUPPO,0.05,0.0,0.0,0.0,0.0,0.0
2124,CA,CA,ELE12,POSTT,0.05,0.0,0.0,0.0,0.0,0.0
3569,CA,CA,FURNI,POSTT,0.05,0.0,0.0,0.0,0.0,0.0
2815,CA,CA,ELEC6,VEGE1,0.05,0.0,0.0,0.0,0.0,0.0
6449,CA,CA,RAILW,MEAT4,0.05,0.0,0.0,0.0,0.0,0.0
6754,CA,CA,RECRE,REFI1,0.05,0.0,0.0,0.0,0.0,0.0
5433,CA,CA,NONME,PETRO,0.05,0.0,0.0,0.0,0.0,0.0
2241,CA,CA,ELEC1,SUGA1,0.05,0.0,0.0,0.0,0.0,0.0
8028,CA,CA,TRANS,TEXTI,0.05,0.0,0.0,0.0,0.0,0.0
585,CA,CA,BIOG1,FOUND,0.05,0.0,0.0,0.0,0.0,0.0
4012,CA,CA,INLAN,REFI1,0.05,0.0,0.0,0.0,0.0,0.0
6668,CA,CA,RECRE,BRICK,0.05,0.0,0.0,0.0,0.0,0.0
3740,CA,CA,GLASS,AIRTR,0.05,0.0,0.0,0.0,0.0,0.0
5233,CA,CA,NFERT,FABRI,0.05,0.0,0.0,0.0,0.0,0.0
8103,CA,CA,WEARI,NONME,0.05,0.0,0.0,0.0,0.0,0.0
1616,CA,CA,COPP1,STONE,0.05,0.0,0.0,0.0,0.0,0.0
2838,CA,CA,ELEC7,COKIN,0.05,0.0,0.0,0.0,0.0,0.0
8308,CA,CA,WOODW,PETRO,0.05,0.0,0.0,0.0,0.0,0.0
1558,CA,CA,CONST,WHITE,0.05,0.0,0.0,0.0,0.0,0.0
5282,CA,CA,NONF1,AUXIL,0.05,0.0,0.0,0.0,0.0,0.0
952,CA,CA,CERAM,RUBBE,0.05,0.0,0.0,0.0,0.0,0.0
8085,CA,CA,WEARI,CROPS,0.05,0.0,0.0,0.0,0.0,0.0
4203,CA,CA,KERO1,OILSE,0.05,0.0,0.0,0.0,0.0,0.0
6736,CA,CA,RECRE,NONSP,0.05,0.0,0.0,0.0,0.0,0.0
392,CA,CA,AVIAT,BITU1,0.05,0.0,0.0,0.0,0.0,0.0
5347,CA,CA,NONF1,SANDC,0.05,0.0,0.0,0.0,0.0,0.0
6627,CA,CA,REALE,REFIN,0.05,0.0,0.0,0.0,0.0,0.0
6273,CA,CA,PUBLI,NONME,0.04,0.0,0.0,0.0,0.0,0.0
8088,CA,CA,WEARI,ELEC1,0.04,0.0,0.0,0.0,0.0,0.0
4154,CA,CA,INSUR,URANI,0.04,0.0,0.0,0.0,0.0,0.0
1423,CA,CA,COMPU,VEGE1,0.04,0.0,0.0,0.0,0.0,0.0
5561,CA,CA,OILSE,AUXIL,0.04,0.0,0.0,0.0,0.0,0.0
7586,CA,CA,STONE,RESEA,0.04,0.0,0.0,0.0,0.0,0.0
405,CA,CA,AVIAT,NONSP,0.04,0.0,0.0,0.0,0.0,0.0
2792,CA,CA,ELEC6,PREC1,0.04,0.0,0.0,0.0,0.0,0.0
6333,CA,CA,PULP5,RADIO,0.04,0.0,0.0,0.0,0.0,0.0
3801,CA,CA,GLASS,SUGA1,0.04,0.0,0.0,0.0,0.0,0.0
7204,CA,CA,RUBBE,PLANT,0.04,0.0,0.0,0.0,0.0,0.0
7639,CA,CA,SUGA1,RETAI,0.04,0.0,0.0,0.0,0.0,0.0
7592,CA,CA,STONE,TRANS,0.04,0.0,0.0,0.0,0.0,0.0
5018,CA,CA,MOTO1,MOTOR,0.05,0.0,0.0,0.0,0.0,0.0
5859,CA,CA,PIGS9,NATUR,0.04,0.0,0.0,0.0,0.0,0.0
2332,CA,CA,ELEC2,PETRO,0.04,0.0,0.0,0.0,0.0,0.0
7101,CA,CA,RETAI,AIRTR,0.04,0.0,0.0,0.0,0.0,0.0
2825,CA,CA,ELEC7,AUXIL,0.04,0.0,0.0,0.0,0.0,0.0
2899,CA,CA,ELEC7,VEGET,0.04,0.0,0.0,0.0,0.0,0.0
7574,CA,CA,STONE,NONME,0.04,0.0,0.0,0.0,0.0,0.0
4713,CA,CA,MEATA,93197,0.04,0.0,0.0,0.0,0.0,0.0
78,CA,CA,AIRTR,DAIRY,0.04,0.0,0.0,0.0,0.0,0.0
2843,CA,CA,ELEC7,DAIRY,0.04,0.0,0.0,0.0,0.0,0.0
489,CA,CA,BASIC,SUGAR,0.04,0.0,0.0,0.0,0.0,0.0
6915,CA,CA,RESEA,NAPHT,0.04,0.0,0.0,0.0,0.0,0.0
8130,CA,CA,WHEAT,BITUM,0.04,0.0,0.0,0.0,0.0,0.0
8011,CA,CA,TRANS,PAPER,0.04,0.0,0.0,0.0,0.0,0.0
2592,CA,CA,ELEC4,STONE,0.04,0.0,0.0,0.0,0.0,0.0
609,CA,CA,BIOG1,WEARI,0.04,0.0,0.0,0.0,0.0,0.0
2302,CA,CA,ELEC2,INLAN,0.04,0.0,0.0,0.0,0.0,0.0
5732,CA,CA,PETRO,ETHAN,0.04,0.0,0.0,0.0,0.0,0.0
6776,CA,CA,RECRE,WHEAT,0.04,0.0,0.0,0.0,0.0,0.0
5440,CA,CA,NONME,RAILW,0.04,0.0,0.0,0.0,0.0,0.0
1978,CA,CA,DISTR,STONE,0.04,0.0,0.0,0.0,0.0,0.0
6110,CA,CA,PREC1,WHOLE,0.04,0.0,0.0,0.0,0.0,0.0
5770,CA,CA,PFERT,AUXIL,0.04,0.0,0.0,0.0,0.0,0.0
5760,CA,CA,PETRO,RETA1,0.04,0.0,0.0,0.0,0.0,0.0
5898,CA,CA,PLANT,WOODW,0.04,0.0,0.0,0.0,0.0,0.0
7950,CA,CA,TRAN1,PLANT,0.04,0.0,0.0,0.0,0.0,0.0
6070,CA,CA,POULT,RESEA,0.04,0.0,0.0,0.0,0.0,0.0
2758,CA,CA,ELEC6,GASDI,0.04,0.0,0.0,0.0,0.0,0.0
7544,CA,CA,STONE,COKEO,0.04,0.0,0.0,0.0,0.0,0.0
8250,CA,CA,WOODW,BITUM,0.04,0.0,0.0,0.0,0.0,0.0
2777,CA,CA,ELEC6,NATU1,0.04,0.0,0.0,0.0,0.0,0.0
225,CA,CA,ANIMA,GASDI,0.04,0.0,0.0,0.0,0.0,0.0
7936,CA,CA,TRAN1,NAPHT,0.04,0.0,0.0,0.0,0.0,0.0
4642,CA,CA,MEAT1,SUGA1,0.04,0.0,0.0,0.0,0.0,0.0
5271,CA,CA,NICKE,BIOGA,0.04,0.0,0.0,0.0,0.0,0.0
4905,CA,CA,MEMBE,ELEC8,0.04,0.0,0.0,0.0,0.0,0.0
885,CA,CA,CEMEN,LIQUE,0.04,0.0,0.0,0.0,0.0,0.0
4430,CA,CA,LEAD1,REFIN,0.04,0.0,0.0,0.0,0.0,0.0
5348,CA,CA,NONF1,STONE,0.04,0.0,0.0,0.0,0.0,0.0
6323,CA,CA,PULP5,GLASS,0.04,0.0,0.0,0.0,0.0,0.0
5,CA,CA,93197,BASIC,0.04,0.0,0.0,0.0,0.0,0.0
3473,CA,CA,FOUND,PETRO,0.04,0.0,0.0,0.0,0.0,0.0
1976,CA,CA,DISTR,SANDC,0.05,0.0,0.0,0.0,0.0,0.0
6071,CA,CA,POULT,SUPPO,0.05,0.0,0.0,0.0,0.0,0.0
7481,CA,CA,SEACO,KERO1,0.05,0.0,0.0,0.0,0.0,0.0
7033,CA,CA,RETA1,LIGNI,0.05,0.0,0.0,0.0,0.0,0.0
4543,CA,CA,LUBRI,GASOL,0.05,0.0,0.0,0.0,0.0,0.0
988,CA,CA,CEREA,GASDI,0.05,0.0,0.0,0.0,0.0,0.0
2539,CA,CA,ELEC4,KERO1,0.05,0.0,0.0,0.0,0.0,0.0
1222,CA,CA,CHEMI,NONME,0.05,0.0,0.0,0.0,0.0,0.0
8203,CA,CA,WHOLE,KERO1,0.05,0.0,0.0,0.0,0.0,0.0
7837,CA,CA,TEXTI,OILSE,0.05,0.0,0.0,0.0,0.0,0.0
2871,CA,CA,ELEC7,NATUR,0.05,0.0,0.0,0.0,0.0,0.0
17,CA,CA,93197,CROPS,0.05,0.0,0.0,0.0,0.0,0.0
3344,CA,CA,FOOD5,PETRO,0.05,0.0,0.0,0.0,0.0,0.0
586,CA,CA,BIOG1,FURNI,0.05,0.0,0.0,0.0,0.0,0.0
3620,CA,CA,GASDI,COKEO,0.05,0.0,0.0,0.0,0.0,0.0
5250,CA,CA,NFERT,PAPER,0.05,0.0,0.0,0.0,0.0,0.0
5643,CA,CA,PAPER,GASOL,0.05,0.0,0.0,0.0,0.0,0.0
4491,CA,CA,LIGNI,CEREA,0.05,0.0,0.0,0.0,0.0,0.0
4003,CA,CA,INLAN,PLANT,0.05,0.0,0.0,0.0,0.0,0.0
7168,CA,CA,RUBBE,GASOL,0.05,0.0,0.0,0.0,0.0,0.0
4766,CA,CA,MEATC,RESEA,0.05,0.0,0.0,0.0,0.0,0.0
220,CA,CA,ANIMA,ELECT,0.05,0.0,0.0,0.0,0.0,0.0
7640,CA,CA,SUGA1,RUBBE,0.05,0.0,0.0,0.0,0.0,0.0
7733,CA,CA,SUPPO,NAPHT,0.05,0.0,0.0,0.0,0.0,0.0
2894,CA,CA,ELEC7,SUPPO,0.05,0.0,0.0,0.0,0.0,0.0
1801,CA,CA,DIST1,COKEO,0.04,0.0,0.0,0.0,0.0,0.0
152,CA,CA,ALUM1,BEVER,0.04,0.0,0.0,0.0,0.0,0.0
7583,CA,CA,STONE,RECRE,0.04,0.0,0.0,0.0,0.0,0.0
7532,CA,CA,STONE,ANIMA,0.04,0.0,0.0,0.0,0.0,0.0
1957,CA,CA,DISTR,PLAST,0.04,0.0,0.0,0.0,0.0,0.0
5201,CA,CA,NATU1,RESEA,0.04,0.0,0.0,0.0,0.0,0.0
4793,CA,CA,MEATP,MEAT1,0.04,0.0,0.0,0.0,0.0,0.0
651,CA,CA,BIOGA,RESEA,0.04,0.0,0.0,0.0,0.0,0.0
5799,CA,CA,PFERT,GLASS,0.04,0.0,0.0,0.0,0.0,0.0
5226,CA,CA,NFERT,ELEC1,0.04,0.0,0.0,0.0,0.0,0.0
5996,CA,CA,POSTT,NAPHT,0.04,0.0,0.0,0.0,0.0,0.0
7745,CA,CA,SUPPO,PLANT,0.04,0.0,0.0,0.0,0.0,0.0
8354,CA,CA,WOOLS,RETA1,0.04,0.0,0.0,0.0,0.0,0.0
2131,CA,CA,ELE12,RECRE,0.04,0.0,0.0,0.0,0.0,0.0
5892,CA,CA,PLANT,RETA1,0.04,0.0,0.0,0.0,0.0,0.0
3229,CA,CA,FISH5,BIOGA,0.04,0.0,0.0,0.0,0.0,0.0
569,CA,CA,BIODI,SUPPO,0.04,0.0,0.0,0.0,0.0,0.0
8061,CA,CA,VEGET,RAILW,0.04,0.0,0.0,0.0,0.0,0.0
6155,CA,CA,PRINT,FISH5,0.04,0.0,0.0,0.0,0.0,0.0
853,CA,CA,CATTL,TRAN2,0.04,0.0,0.0,0.0,0.0,0.0
6930,CA,CA,RESEA,PREC1,0.04,0.0,0.0,0.0,0.0,0.0
5170,CA,CA,MOTOR,WOOLS,0.04,0.0,0.0,0.0,0.0,0.0
933,CA,CA,CERAM,COPP1,0.04,0.0,0.0,0.0,0.0,0.0
5239,CA,CA,NFERT,HOTEL,0.04,0.0,0.0,0.0,0.0,0.0
3055,CA,CA,FABRI,PFERT,0.04,0.0,0.0,0.0,0.0,0.0
1992,CA,CA,DISTR,WHITE,0.04,0.0,0.0,0.0,0.0,0.0
5425,CA,CA,NONME,NAPHT,0.05,0.0,0.0,0.0,0.0,0.0
3356,CA,CA,FOOD5,REFIN,0.05,0.0,0.0,0.0,0.0,0.0
6167,CA,CA,PRINT,LEAD1,0.04,0.0,0.0,0.0,0.0,0.0
2844,CA,CA,ELEC7,DIST1,0.06,0.0,0.0,0.0,0.0,0.0
6651,CA,CA,REALE,WHITE,0.06,0.0,0.0,0.0,0.0,0.0
6780,CA,CA,REFI1,AUXIL,0.06,0.0,0.0,0.0,0.0,0.0
5838,CA,CA,PIGS9,ANIMA,0.06,0.0,0.0,0.0,0.0,0.0
546,CA,CA,BIODI,COKE1,0.06,0.0,0.0,0.0,0.0,0.0
5252,CA,CA,NFERT,PFERT,0.06,0.0,0.0,0.0,0.0,0.0
191,CA,CA,ALUM1,RAILW,0.06,0.0,0.0,0.0,0.0,0.0
3994,CA,CA,INLAN,MEATC,0.06,0.0,0.0,0.0,0.0,0.0
4204,CA,CA,KERO1,PAPER,0.06,0.0,0.0,0.0,0.0,0.0
3570,CA,CA,FURNI,PREC1,0.06,0.0,0.0,0.0,0.0,0.0
4112,CA,CA,INSUR,NONFE,0.06,0.0,0.0,0.0,0.0,0.0
6763,CA,CA,RECRE,STONE,0.06,0.0,0.0,0.0,0.0,0.0
7651,CA,CA,SUGAR,BITUM,0.06,0.0,0.0,0.0,0.0,0.0
978,CA,CA,CEREA,CRUDE,0.06,0.0,0.0,0.0,0.0,0.0
5882,CA,CA,PLANT,FABRI,0.06,0.0,0.0,0.0,0.0,0.0
7218,CA,CA,RUBBE,REFIN,0.06,0.0,0.0,0.0,0.0,0.0
7999,CA,CA,TRANS,FISH5,0.07,0.0,0.0,0.0,0.0,0.0
6667,CA,CA,RECRE,BLAST,0.07,0.0,0.0,0.0,0.0,0.0
5575,CA,CA,OILSE,FURNI,0.07,0.0,0.0,0.0,0.0,0.0
594,CA,CA,BIOG1,POSTT,0.07,0.0,0.0,0.0,0.0,0.0
6205,CA,CA,PRINT,VEGE1,0.07,0.0,0.0,0.0,0.0,0.0
7690,CA,CA,SUPPO,COKEO,0.07,0.0,0.0,0.0,0.0,0.0
6441,CA,CA,RAILW,HYDRO,0.07,0.0,0.0,0.0,0.0,0.0
6744,CA,CA,RECRE,POULT,0.07,0.0,0.0,0.0,0.0,0.0
7589,CA,CA,STONE,SALEM,0.07,0.0,0.0,0.0,0.0,0.0
1642,CA,CA,CROPS,ELECT,0.06,0.0,0.0,0.0,0.0,0.0
1717,CA,CA,CRUDE,NFERT,0.06,0.0,0.0,0.0,0.0,0.0
6090,CA,CA,PREC1,LANDT,0.06,0.0,0.0,0.0,0.0,0.0
4950,CA,CA,MEMBE,PETRO,0.06,0.0,0.0,0.0,0.0,0.0
2931,CA,CA,ELECT,ELEC2,0.06,0.0,0.0,0.0,0.0,0.0
5338,CA,CA,NONF1,RAILW,0.06,0.0,0.0,0.0,0.0,0.0
3420,CA,CA,FORES,STEAM,0.06,0.0,0.0,0.0,0.0,0.0
7283,CA,CA,SALEM,ELEC6,0.06,0.0,0.0,0.0,0.0,0.0
2126,CA,CA,ELE12,PRINT,0.06,0.0,0.0,0.0,0.0,0.0
4409,CA,CA,LEAD1,HOTEL,0.06,0.0,0.0,0.0,0.0,0.0
2972,CA,CA,ELECT,SALEM,0.06,0.0,0.0,0.0,0.0,0.0
980,CA,CA,CEREA,ELEC6,0.06,0.0,0.0,0.0,0.0,0.0
6646,CA,CA,REALE,URANI,0.06,0.0,0.0,0.0,0.0,0.0
6639,CA,CA,REALE,SUGAR,0.06,0.0,0.0,0.0,0.0,0.0
7613,CA,CA,SUGA1,FABRI,0.06,0.0,0.0,0.0,0.0,0.0
198,CA,CA,ALUM1,SANDC,0.06,0.0,0.0,0.0,0.0,0.0
5528,CA,CA,NONSP,TEXTI,0.06,0.0,0.0,0.0,0.0,0.0
6367,CA,CA,RADIO,FORES,0.06,0.0,0.0,0.0,0.0,0.0
5516,CA,CA,NONSP,RAILW,0.06,0.0,0.0,0.0,0.0,0.0
5281,CA,CA,NONF1,ANIMA,0.06,0.0,0.0,0.0,0.0,0.0
2023,CA,CA,EDUCA,ELEC8,0.06,0.0,0.0,0.0,0.0,0.0
3853,CA,CA,HEALT,SEACO,0.06,0.0,0.0,0.0,0.0,0.0
4940,CA,CA,MEMBE,NAPHT,0.06,0.0,0.0,0.0,0.0,0.0
5685,CA,CA,PAPER,REFIN,0.06,0.0,0.0,0.0,0.0,0.0
1010,CA,CA,CEREA,PAPER,0.06,0.0,0.0,0.0,0.0,0.0
7447,CA,CA,SANDC,URANI,0.06,0.0,0.0,0.0,0.0,0.0
7685,CA,CA,SUPPO,CATTL,0.06,0.0,0.0,0.0,0.0,0.0
7446,CA,CA,SANDC,TRANS,0.07,0.0,0.0,0.0,0.0,0.0
874,CA,CA,CEMEN,ELECT,0.07,0.0,0.0,0.0,0.0,0.0
3807,CA,CA,GLASS,WHITE,0.07,0.0,0.0,0.0,0.0,0.0
35,CA,CA,93197,MEATC,0.07,0.0,0.0,0.0,0.0,0.0
1669,CA,CA,CROPS,RESEA,0.07,0.0,0.0,0.0,0.0,0.0
3317,CA,CA,FOOD5,FORES,0.07,0.0,0.0,0.0,0.0,0.0
4953,CA,CA,MEMBE,PLANT,0.07,0.0,0.0,0.0,0.0,0.0
25,CA,CA,93197,FORES,0.07,0.0,0.0,0.0,0.0,0.0
520,CA,CA,BEVER,MEATA,0.07,0.0,0.0,0.0,0.0,0.0
4280,CA,CA,LANDT,COKEO,0.07,0.0,0.0,0.0,0.0,0.0
5005,CA,CA,MOTO1,FOOD5,0.07,0.0,0.0,0.0,0.0,0.0
488,CA,CA,BASIC,SUBBI,0.07,0.0,0.0,0.0,0.0,0.0
7337,CA,CA,SALEM,PLAST,0.07,0.0,0.0,0.0,0.0,0.0
8070,CA,CA,VEGET,SUPPO,0.07,0.0,0.0,0.0,0.0,0.0
5569,CA,CA,OILSE,CRUDE,0.07,0.0,0.0,0.0,0.0,0.0
8342,CA,CA,WOOLS,AUXIL,0.07,0.0,0.0,0.0,0.0,0.0
3328,CA,CA,FOOD5,LUBRI,0.07,0.0,0.0,0.0,0.0,0.0
6614,CA,CA,REALE,PLAST,0.07,0.0,0.0,0.0,0.0,0.0
2383,CA,CA,ELEC3,BITU1,0.07,0.0,0.0,0.0,0.0,0.0
3579,CA,CA,FURNI,REFIN,0.07,0.0,0.0,0.0,0.0,0.0
3969,CA,CA,INLAN,CERAM,0.07,0.0,0.0,0.0,0.0,0.0
6091,CA,CA,PREC1,LEAD1,0.07,0.0,0.0,0.0,0.0,0.0
5602,CA,CA,PAPER,ALUM1,0.07,0.0,0.0,0.0,0.0,0.0
1562,CA,CA,COPP1,93197,0.07,0.0,0.0,0.0,0.0,0.0
2915,CA,CA,ELECT,AIRTR,0.07,0.0,0.0,0.0,0.0,0.0
146,CA,CA,ALUM1,93197,0.07,0.0,0.0,0.0,0.0,0.0
408,CA,CA,AVIAT,RETA1,0.07,0.0,0.0,0.0,0.0,0.0
4621,CA,CA,MEAT1,CROPS,0.07,0.0,0.0,0.0,0.0,0.0
608,CA,CA,BIOG1,TRAN2,0.07,0.0,0.0,0.0,0.0,0.0
7535,CA,CA,STONE,BASIC,0.07,0.0,0.0,0.0,0.0,0.0
4517,CA,CA,LUBRI,CERAM,0.07,0.0,0.0,0.0,0.0,0.0
4174,CA,CA,KERO1,CEREA,0.07,0.0,0.0,0.0,0.0,0.0
36,CA,CA,93197,MEATP,0.07,0.0,0.0,0.0,0.0,0.0
453,CA,CA,BASIC,LIGNI,0.07,0.0,0.0,0.0,0.0,0.0
454,CA,CA,BASIC,LIQUE,0.07,0.0,0.0,0.0,0.0,0.0
7445,CA,CA,SANDC,TEXTI,0.07,0.0,0.0,0.0,0.0,0.0
8291,CA,CA,WOODW,LUBRI,0.07,0.0,0.0,0.0,0.0,0.0
2044,CA,CA,EDUCA,MEDIC,0.07,0.0,0.0,0.0,0.0,0.0
2914,CA,CA,ELECT,93197,0.07,0.0,0.0,0.0,0.0,0.0
5766,CA,CA,PETRO,WOODW,0.07,0.0,0.0,0.0,0.0,0.0
7006,CA,CA,RETA1,ELEC6,0.07,0.0,0.0,0.0,0.0,0.0
2859,CA,CA,ELEC7,INSUR,0.07,0.0,0.0,0.0,0.0,0.0
6287,CA,CA,PUBLI,RAILW,0.07,0.0,0.0,0.0,0.0,0.0
3406,CA,CA,FORES,PLANT,0.07,0.0,0.0,0.0,0.0,0.0
2922,CA,CA,ELECT,CERAM,0.07,0.0,0.0,0.0,0.0,0.0
1766,CA,CA,DAIRY,NONSP,0.07,0.0,0.0,0.0,0.0,0.0
5461,CA,CA,NONSP,BASIC,0.07,0.0,0.0,0.0,0.0,0.0
5556,CA,CA,OFFIC,SUPPO,0.07,0.0,0.0,0.0,0.0,0.0
2119,CA,CA,ELE12,NONME,0.07,0.0,0.0,0.0,0.0,0.0
5333,CA,CA,NONF1,POSTT,0.07,0.0,0.0,0.0,0.0,0.0
8207,CA,CA,WHOLE,LIQUE,0.07,0.0,0.0,0.0,0.0,0.0
7785,CA,CA,TEXTI,BASIC,0.07,0.0,0.0,0.0,0.0,0.0
8162,CA,CA,WHEAT,RAILW,0.07,0.0,0.0,0.0,0.0,0.0
1141,CA,CA,CHEM1,RETAI,0.07,0.0,0.0,0.0,0.0,0.0
1234,CA,CA,CHEMI,RECRE,0.06,0.0,0.0,0.0,0.0,0.0
2031,CA,CA,EDUCA,GLASS,0.06,0.0,0.0,0.0,0.0,0.0
584,CA,CA,BIOG1,FOOD5,0.05,0.0,0.0,0.0,0.0,0.0
4082,CA,CA,INSUR,GASOL,0.06,0.0,0.0,0.0,0.0,0.0
4804,CA,CA,MEATP,TEXTI,0.06,0.0,0.0,0.0,0.0,0.0
3418,CA,CA,FORES,SANDC,0.06,0.0,0.0,0.0,0.0,0.0
6901,CA,CA,RESEA,LEAD1,0.06,0.0,0.0,0.0,0.0,0.0
7440,CA,CA,SANDC,RETA1,0.06,0.0,0.0,0.0,0.0,0.0
6169,CA,CA,PRINT,LIQUE,0.06,0.0,0.0,0.0,0.0,0.0
6575,CA,CA,REALE,GASOL,0.06,0.0,0.0,0.0,0.0,0.0
199,CA,CA,ALUM1,STONE,0.06,0.0,0.0,0.0,0.0,0.0
1343,CA,CA,COMPU,ETHAN,0.06,0.0,0.0,0.0,0.0,0.0
3793,CA,CA,GLASS,RECRE,0.06,0.0,0.0,0.0,0.0,0.0
3840,CA,CA,HEALT,OILSE,0.06,0.0,0.0,0.0,0.0,0.0
2267,CA,CA,ELEC2,BLAST,0.06,0.0,0.0,0.0,0.0,0.0
1615,CA,CA,COPP1,SANDC,0.06,0.0,0.0,0.0,0.0,0.0
4637,CA,CA,MEAT1,RESEA,0.06,0.0,0.0,0.0,0.0,0.0
5506,CA,CA,NONSP,OILSE,0.06,0.0,0.0,0.0,0.0,0.0
4712,CA,CA,MEAT4,WOODW,0.06,0.0,0.0,0.0,0.0,0.0
186,CA,CA,ALUM1,PFERT,0.06,0.0,0.0,0.0,0.0,0.0
1942,CA,CA,DISTR,NAPHT,0.06,0.0,0.0,0.0,0.0,0.0
5550,CA,CA,OFFIC,ELEC7,0.06,0.0,0.0,0.0,0.0,0.0
5539,CA,CA,OFFIC,COKE1,0.06,0.0,0.0,0.0,0.0,0.0
2231,CA,CA,ELEC1,REFI1,0.06,0.0,0.0,0.0,0.0,0.0
5593,CA,CA,OILSE,SALEM,0.06,0.0,0.0,0.0,0.0,0.0
6183,CA,CA,PRINT,NONSP,0.06,0.0,0.0,0.0,0.0,0.0
7478,CA,CA,SEACO,HEALT,0.06,0.0,0.0,0.0,0.0,0.0
2570,CA,CA,ELEC4,PLANT,0.06,0.0,0.0,0.0,0.0,0.0
4686,CA,CA,MEAT4,NONF1,0.06,0.0,0.0,0.0,0.0,0.0
7656,CA,CA,SUGAR,CRUDE,0.06,0.0,0.0,0.0,0.0,0.0
3392,CA,CA,FORES,HEALT,0.06,0.0,0.0,0.0,0.0,0.0
192,CA,CA,ALUM1,REALE,0.06,0.0,0.0,0.0,0.0,0.0
7559,CA,CA,STONE,INLAN,0.05,0.0,0.0,0.0,0.0,0.0
5263,CA,CA,NFERT,TRAN1,0.05,0.0,0.0,0.0,0.0,0.0
5808,CA,CA,PFERT,MOTO1,0.05,0.0,0.0,0.0,0.0,0.0
1603,CA,CA,COPP1,POSTT,0.05,0.0,0.0,0.0,0.0,0.0
4653,CA,CA,MEAT4,BASIC,0.05,0.0,0.0,0.0,0.0,0.0
6863,CA,CA,RESEA,COPP1,0.05,0.0,0.0,0.0,0.0,0.0
64,CA,CA,93197,WOODW,0.05,0.0,0.0,0.0,0.0,0.0
2676,CA,CA,ELEC5,NONFE,0.05,0.0,0.0,0.0,0.0,0.0
2481,CA,CA,ELEC3,URANI,0.05,0.0,0.0,0.0,0.0,0.0
3549,CA,CA,FURNI,MEAT1,0.05,0.0,0.0,0.0,0.0,0.0
4255,CA,CA,KEROS,SALEM,0.05,0.0,0.0,0.0,0.0,0.0
7409,CA,CA,SANDC,HOTEL,0.05,0.0,0.0,0.0,0.0,0.0
5339,CA,CA,NONF1,REALE,0.05,0.0,0.0,0.0,0.0,0.0
6507,CA,CA,RAWMI,MEATC,0.05,0.0,0.0,0.0,0.0,0.0
3348,CA,CA,FOOD5,PREC1,0.05,0.0,0.0,0.0,0.0,0.0
4934,CA,CA,MEMBE,MEATC,0.05,0.0,0.0,0.0,0.0,0.0
2418,CA,CA,ELEC3,INLAN,0.05,0.0,0.0,0.0,0.0,0.0
5823,CA,CA,PFERT,RESEA,0.05,0.0,0.0,0.0,0.0,0.0
231,CA,CA,ANIMA,MEATC,0.05,0.0,0.0,0.0,0.0,0.0
5537,CA,CA,OFFIC,BUSIN,0.05,0.0,0.0,0.0,0.0,0.0
4581,CA,CA,LUBRI,PREC1,0.05,0.0,0.0,0.0,0.0,0.0
4778,CA,CA,MEATP,ANIMA,0.06,0.0,0.0,0.0,0.0,0.0
6082,CA,CA,PREC1,COMPU,0.06,0.0,0.0,0.0,0.0,0.0
6062,CA,CA,POULT,MEATA,0.06,0.0,0.0,0.0,0.0,0.0
5467,CA,CA,NONSP,CEREA,0.06,0.0,0.0,0.0,0.0,0.0
2265,CA,CA,ELEC2,BITU1,0.06,0.0,0.0,0.0,0.0,0.0
2128,CA,CA,ELE12,PULP5,0.06,0.0,0.0,0.0,0.0,0.0
6115,CA,CA,PRECI,ELEC7,0.06,0.0,0.0,0.0,0.0,0.0
1233,CA,CA,CHEMI,REALE,0.06,0.0,0.0,0.0,0.0,0.0
5219,CA,CA,NFERT,COKEO,0.06,0.0,0.0,0.0,0.0,0.0
2118,CA,CA,ELE12,NONF1,0.06,0.0,0.0,0.0,0.0,0.0
2706,CA,CA,ELEC5,SUGAR,0.06,0.0,0.0,0.0,0.0,0.0
818,CA,CA,CATTL,CEREA,0.06,0.0,0.0,0.0,0.0,0.0
623,CA,CA,BIOGA,COPP1,0.06,0.0,0.0,0.0,0.0,0.0
2765,CA,CA,ELEC6,LEAD1,0.06,0.0,0.0,0.0,0.0,0.0
4800,CA,CA,MEATP,RUBBE,0.06,0.0,0.0,0.0,0.0,0.0
4135,CA,CA,INSUR,REFIN,0.06,0.0,0.0,0.0,0.0,0.0
6056,CA,CA,POULT,COMPU,0.06,0.0,0.0,0.0,0.0,0.0
60,CA,CA,93197,TRAN2,0.06,0.0,0.0,0.0,0.0,0.0
5486,CA,CA,NONSP,GLASS,0.06,0.0,0.0,0.0,0.0,0.0
8319,CA,CA,WOODW,RECRE,0.06,0.0,0.0,0.0,0.0,0.0
5731,CA,CA,PETRO,ELECT,0.06,0.0,0.0,0.0,0.0,0.0
1760,CA,CA,DAIRY,LIQUE,0.06,0.0,0.0,0.0,0.0,0.0
617,CA,CA,BIOGA,BLAST,0.06,0.0,0.0,0.0,0.0,0.0
3213,CA,CA,FINAN,TRAN2,0.06,0.0,0.0,0.0,0.0,0.0
4169,CA,CA,KERO1,BEVER,0.06,0.0,0.0,0.0,0.0,0.0
1867,CA,CA,DIST1,URANI,0.06,0.0,0.0,0.0,0.0,0.0
2697,CA,CA,ELEC5,REFI1,0.06,0.0,0.0,0.0,0.0,0.0
6833,CA,CA,REFIN,PETRO,0.06,0.0,0.0,0.0,0.0,0.0
4700,CA,CA,MEAT4,RESEA,0.06,0.0,0.0,0.0,0.0,0.0
7567,CA,CA,STONE,MEDIC,0.06,0.0,0.0,0.0,0.0,0.0
5082,CA,CA,MOTOR,ELEC8,0.06,0.0,0.0,0.0,0.0,0.0
8107,CA,CA,WEARI,PREC1,0.06,0.0,0.0,0.0,0.0,0.0
6006,CA,CA,POSTT,PETRO,0.06,0.0,0.0,0.0,0.0,0.0
235,CA,CA,ANIMA,PAPER,0.06,0.0,0.0,0.0,0.0,0.0
2674,CA,CA,ELEC5,NFERT,0.06,0.0,0.0,0.0,0.0,0.0
6719,CA,CA,RECRE,LIQUE,0.06,0.0,0.0,0.0,0.0,0.0
4749,CA,CA,MEATC,CROPS,0.06,0.0,0.0,0.0,0.0,0.0
5404,CA,CA,NONME,FORES,0.06,0.0,0.0,0.0,0.0,0.0
1068,CA,CA,CHEM1,ELE12,0.06,0.0,0.0,0.0,0.0,0.0
7252,CA,CA,SALEM,BIOG1,0.06,0.0,0.0,0.0,0.0,0.0
6198,CA,CA,PRINT,RETAI,0.06,0.0,0.0,0.0,0.0,0.0
5986,CA,CA,POSTT,LUBRI,0.06,0.0,0.0,0.0,0.0,0.0
4254,CA,CA,KEROS,RUBBE,0.06,0.0,0.0,0.0,0.0,0.0
4501,CA,CA,LIGNI,WHEAT,0.06,0.0,0.0,0.0,0.0,0.0
8113,CA,CA,WEARI,RESEA,0.06,0.0,0.0,0.0,0.0,0.0
7824,CA,CA,TEXTI,LIQUE,0.06,0.0,0.0,0.0,0.0,0.0
1754,CA,CA,DAIRY,FISH5,0.06,0.0,0.0,0.0,0.0,0.0
600,CA,CA,BIOG1,RECRE,0.06,0.0,0.0,0.0,0.0,0.0
931,CA,CA,CERAM,COMPU,0.06,0.0,0.0,0.0,0.0,0.0
2556,CA,CA,ELEC4,NAPHT,0.06,0.0,0.0,0.0,0.0,0.0
1292,CA,CA,COKIN,PFERT,0.06,0.0,0.0,0.0,0.0,0.0
7621,CA,CA,SUGA1,LANDT,0.06,0.0,0.0,0.0,0.0,0.0
7755,CA,CA,SUPPO,RAWMI,0.06,0.0,0.0,0.0,0.0,0.0
1482,CA,CA,CONST,GASOL,0.06,0.0,0.0,0.0,0.0,0.0
1663,CA,CA,CROPS,PRINT,0.06,0.0,0.0,0.0,0.0,0.0
1322,CA,CA,COMPU,COKEO,0.06,0.0,0.0,0.0,0.0,0.0
1825,CA,CA,DIST1,LUBRI,0.04,0.0,0.0,0.0,0.0,0.0
5884,CA,CA,PLANT,GLASS,0.04,0.0,0.0,0.0,0.0,0.0
4840,CA,CA,MEDIC,MEATP,0.02,0.0,0.0,0.0,0.0,0.0
5256,CA,CA,NFERT,REFIN,0.03,0.0,0.0,0.0,0.0,0.0
5555,CA,CA,OFFIC,STEAM,0.03,0.0,0.0,0.0,0.0,0.0
1793,CA,CA,DIST1,BLAST,0.03,0.0,0.0,0.0,0.0,0.0
2599,CA,CA,ELEC4,TRAN2,0.03,0.0,0.0,0.0,0.0,0.0
4738,CA,CA,MEATA,WEARI,0.03,0.0,0.0,0.0,0.0,0.0
7401,CA,CA,SANDC,FOOD5,0.03,0.0,0.0,0.0,0.0,0.0
7358,CA,CA,SALEM,STEAM,0.03,0.0,0.0,0.0,0.0,0.0
1183,CA,CA,CHEMI,COPP1,0.03,0.0,0.0,0.0,0.0,0.0
2885,CA,CA,ELEC7,RADIO,0.03,0.0,0.0,0.0,0.0,0.0
4473,CA,CA,LEATH,PRINT,0.03,0.0,0.0,0.0,0.0,0.0
1970,CA,CA,DISTR,REFIN,0.03,0.0,0.0,0.0,0.0,0.0
867,CA,CA,CEMEN,COKEO,0.03,0.0,0.0,0.0,0.0,0.0
7807,CA,CA,TEXTI,ELEC5,0.03,0.0,0.0,0.0,0.0,0.0
3336,CA,CA,FOOD5,MOTOR,0.03,0.0,0.0,0.0,0.0,0.0
4591,CA,CA,LUBRI,REFIN,0.03,0.0,0.0,0.0,0.0,0.0
187,CA,CA,ALUM1,POSTT,0.03,0.0,0.0,0.0,0.0,0.0
4849,CA,CA,MEDIC,POSTT,0.03,0.0,0.0,0.0,0.0,0.0
911,CA,CA,CEMEN,SUPPO,0.03,0.0,0.0,0.0,0.0,0.0
3184,CA,CA,FINAN,PLAST,0.03,0.0,0.0,0.0,0.0,0.0
6324,CA,CA,PULP5,HOTEL,0.03,0.0,0.0,0.0,0.0,0.0
7759,CA,CA,SUPPO,REFIN,0.03,0.0,0.0,0.0,0.0,0.0
3919,CA,CA,HYDRO,ELEC4,0.03,0.0,0.0,0.0,0.0,0.0
3546,CA,CA,FURNI,LIGNI,0.03,0.0,0.0,0.0,0.0,0.0
2021,CA,CA,EDUCA,ELEC6,0.03,0.0,0.0,0.0,0.0,0.0
6555,CA,CA,REALE,ELE12,0.03,0.0,0.0,0.0,0.0,0.0
8161,CA,CA,WHEAT,PRINT,0.03,0.0,0.0,0.0,0.0,0.0
6389,CA,CA,RADIO,PUBLI,0.03,0.0,0.0,0.0,0.0,0.0
440,CA,CA,BASIC,FOOD5,0.03,0.0,0.0,0.0,0.0,0.0
6218,CA,CA,PUBLI,BITU1,0.03,0.0,0.0,0.0,0.0,0.0
2846,CA,CA,ELEC7,ELECT,0.03,0.0,0.0,0.0,0.0,0.0
6101,CA,CA,PREC1,RECRE,0.03,0.0,0.0,0.0,0.0,0.0
4361,CA,CA,LANDT,REFIN,0.03,0.0,0.0,0.0,0.0,0.0
4985,CA,CA,MEMBE,WHITE,0.03,0.0,0.0,0.0,0.0,0.0
8142,CA,CA,WHEAT,FABRI,0.03,0.0,0.0,0.0,0.0,0.0
2033,CA,CA,EDUCA,HEAVY,0.03,0.0,0.0,0.0,0.0,0.0
6272,CA,CA,PUBLI,NONF1,0.03,0.0,0.0,0.0,0.0,0.0
5741,CA,CA,PETRO,KERO1,0.03,0.0,0.0,0.0,0.0,0.0
1985,CA,CA,DISTR,TRAN2,0.03,0.0,0.0,0.0,0.0,0.0
4803,CA,CA,MEATP,SUPPO,0.03,0.0,0.0,0.0,0.0,0.0
3413,CA,CA,FORES,RAWMI,0.03,0.0,0.0,0.0,0.0,0.0
5702,CA,CA,PAPER,URANI,0.03,0.0,0.0,0.0,0.0,0.0
5581,CA,CA,OILSE,MEATP,0.03,0.0,0.0,0.0,0.0,0.0
886,CA,CA,CEMEN,LUBRI,0.03,0.0,0.0,0.0,0.0,0.0
1381,CA,CA,COMPU,NFERT,0.03,0.0,0.0,0.0,0.0,0.0
2153,CA,CA,ELEC1,BITU1,0.03,0.0,0.0,0.0,0.0,0.0
3992,CA,CA,INLAN,MEAT4,0.03,0.0,0.0,0.0,0.0,0.0
5268,CA,CA,NFERT,WOODW,0.03,0.0,0.0,0.0,0.0,0.0
4249,CA,CA,KEROS,RAILW,0.03,0.0,0.0,0.0,0.0,0.0
1566,CA,CA,COPP1,BEVER,0.03,0.0,0.0,0.0,0.0,0.0
4634,CA,CA,MEAT1,RAILW,0.03,0.0,0.0,0.0,0.0,0.0
6160,CA,CA,PRINT,GLASS,0.03,0.0,0.0,0.0,0.0,0.0
6478,CA,CA,RAILW,SANDC,0.03,0.0,0.0,0.0,0.0,0.0
3719,CA,CA,GASDI,WHITE,0.03,0.0,0.0,0.0,0.0,0.0
2619,CA,CA,ELEC5,BITU1,0.03,0.0,0.0,0.0,0.0,0.0
7392,CA,CA,SANDC,COMPU,0.03,0.0,0.0,0.0,0.0,0.0
7438,CA,CA,SANDC,REFIN,0.03,0.0,0.0,0.0,0.0,0.0
6807,CA,CA,REFI1,RETA1,0.03,0.0,0.0,0.0,0.0,0.0
3587,CA,CA,FURNI,SUBBI,0.03,0.0,0.0,0.0,0.0,0.0
4219,CA,CA,KERO1,TEXTI,0.03,0.0,0.0,0.0,0.0,0.0
539,CA,CA,BEVER,WEARI,0.03,0.0,0.0,0.0,0.0,0.0
7803,CA,CA,TEXTI,ELEC1,0.03,0.0,0.0,0.0,0.0,0.0
7748,CA,CA,SUPPO,POULT,0.03,0.0,0.0,0.0,0.0,0.0
4458,CA,CA,LEATH,ELEC2,0.03,0.0,0.0,0.0,0.0,0.0
4705,CA,CA,MEAT4,SUPPO,0.03,0.0,0.0,0.0,0.0,0.0
7818,CA,CA,TEXTI,HEAVY,0.03,0.0,0.0,0.0,0.0,0.0
4907,CA,CA,MEMBE,ETHAN,0.03,0.0,0.0,0.0,0.0,0.0
5563,CA,CA,OILSE,BITUM,0.03,0.0,0.0,0.0,0.0,0.0
2728,CA,CA,ELEC6,BIOGA,0.03,0.0,0.0,0.0,0.0,0.0
1285,CA,CA,COKIN,GLASS,0.03,0.0,0.0,0.0,0.0,0.0
6173,CA,CA,PRINT,MEATA,0.03,0.0,0.0,0.0,0.0,0.0
3377,CA,CA,FORES,CATTL,0.03,0.0,0.0,0.0,0.0,0.0
8220,CA,CA,WHOLE,PETRO,0.03,0.0,0.0,0.0,0.0,0.0
1229,CA,CA,CHEMI,PRINT,0.03,0.0,0.0,0.0,0.0,0.0
8174,CA,CA,WHOLE,AIRTR,0.03,0.0,0.0,0.0,0.0,0.0
10,CA,CA,93197,BLAST,0.03,0.0,0.0,0.0,0.0,0.0
434,CA,CA,BASIC,CROPS,0.03,0.0,0.0,0.0,0.0,0.0
2277,CA,CA,ELEC2,COKEO,0.03,0.0,0.0,0.0,0.0,0.0
6716,CA,CA,RECRE,LEAD1,0.03,0.0,0.0,0.0,0.0,0.0
1659,CA,CA,CROPS,OILSE,0.03,0.0,0.0,0.0,0.0,0.0
3722,CA,CA,GASDI,WOOLS,0.03,0.0,0.0,0.0,0.0,0.0
7599,CA,CA,SUGA1,ANIMA,0.03,0.0,0.0,0.0,0.0,0.0
5833,CA,CA,PFERT,WEARI,0.03,0.0,0.0,0.0,0.0,0.0
7612,CA,CA,SUGA1,ELECT,0.03,0.0,0.0,0.0,0.0,0.0
2040,CA,CA,EDUCA,LIQUE,0.03,0.0,0.0,0.0,0.0,0.0
7007,CA,CA,RETA1,ELEC7,0.03,0.0,0.0,0.0,0.0,0.0
4230,CA,CA,KEROS,COMPU,0.03,0.0,0.0,0.0,0.0,0.0
2874,CA,CA,ELEC7,OFFIC,0.03,0.0,0.0,0.0,0.0,0.0
8019,CA,CA,TRANS,RETAI,0.03,0.0,0.0,0.0,0.0,0.0
2584,CA,CA,ELEC4,REFIN,0.03,0.0,0.0,0.0,0.0,0.0
8125,CA,CA,WHEAT,AIRTR,0.03,0.0,0.0,0.0,0.0,0.0
4471,CA,CA,LEATH,NONME,0.03,0.0,0.0,0.0,0.0,0.0
7060,CA,CA,RETA1,PLAST,0.03,0.0,0.0,0.0,0.0,0.0
6122,CA,CA,PRINT,AIRTR,0.03,0.0,0.0,0.0,0.0,0.0
6466,CA,CA,RAILW,PUBLI,0.03,0.0,0.0,0.0,0.0,0.0
5790,CA,CA,PFERT,ELEC6,0.03,0.0,0.0,0.0,0.0,0.0
4190,CA,CA,KERO1,GASDI,0.03,0.0,0.0,0.0,0.0,0.0
5926,CA,CA,POSTT,BIOG1,0.54,0.0,0.0,0.0,0.0,0.0
7701,CA,CA,SUPPO,ETHAN,0.03,0.0,0.0,0.0,0.0,0.0
950,CA,CA,CERAM,RESEA,0.03,0.0,0.0,0.0,0.0,0.0
4690,CA,CA,MEAT4,PFERT,0.03,0.0,0.0,0.0,0.0,0.0
606,CA,CA,BIOG1,SUPPO,0.03,0.0,0.0,0.0,0.0,0.0
8029,CA,CA,TRANS,TRAN2,0.03,0.0,0.0,0.0,0.0,0.0
4884,CA,CA,MEMBE,CERAM,0.03,0.0,0.0,0.0,0.0,0.0
6673,CA,CA,RECRE,CEREA,0.03,0.0,0.0,0.0,0.0,0.0
6956,CA,CA,RESEA,TRAN2,0.03,0.0,0.0,0.0,0.0,0.0
153,CA,CA,ALUM1,BIODI,0.03,0.0,0.0,0.0,0.0,0.0
1327,CA,CA,COMPU,CROPS,0.03,0.0,0.0,0.0,0.0,0.0
1244,CA,CA,CHEMI,SUGA1,0.03,0.0,0.0,0.0,0.0,0.0
5064,CA,CA,MOTOR,COKE1,0.03,0.0,0.0,0.0,0.0,0.0
2096,CA,CA,ELE12,COKIN,0.02,0.0,0.0,0.0,0.0,0.0
833,CA,CA,CATTL,MEAT1,0.02,0.0,0.0,0.0,0.0,0.0
5827,CA,CA,PFERT,STEAM,0.02,0.0,0.0,0.0,0.0,0.0
5179,CA,CA,NATU1,COMPU,0.02,0.0,0.0,0.0,0.0,0.0
232,CA,CA,ANIMA,MEDIC,0.02,0.0,0.0,0.0,0.0,0.0
404,CA,CA,AVIAT,NAPHT,0.02,0.0,0.0,0.0,0.0,0.0
6526,CA,CA,REALE,AVIAT,0.02,0.0,0.0,0.0,0.0,0.0
4925,CA,CA,MEMBE,KERO1,0.02,0.0,0.0,0.0,0.0,0.0
1267,CA,CA,COKEO,CONST,0.02,0.0,0.0,0.0,0.0,0.0
8055,CA,CA,VEGET,LIGNI,0.02,0.0,0.0,0.0,0.0,0.0
4033,CA,CA,INSUR,AVIAT,0.02,0.0,0.0,0.0,0.0,0.0
4610,CA,CA,LUBRI,WHITE,0.02,0.0,0.0,0.0,0.0,0.0
6803,CA,CA,REFI1,REALE,0.02,0.0,0.0,0.0,0.0,0.0
6491,CA,CA,RAWMI,AUXIL,0.03,0.0,0.0,0.0,0.0,0.0
254,CA,CA,ANIMA,WOOLS,0.02,0.0,0.0,0.0,0.0,0.0
5374,CA,CA,NONFE,WHOLE,0.02,0.0,0.0,0.0,0.0,0.0
7284,CA,CA,SALEM,ELEC7,0.02,0.0,0.0,0.0,0.0,0.0
2058,CA,CA,EDUCA,PREC1,0.02,0.0,0.0,0.0,0.0,0.0
6317,CA,CA,PULP5,CERAM,0.02,0.0,0.0,0.0,0.0,0.0
4773,CA,CA,MEATC,TEXTI,0.02,0.0,0.0,0.0,0.0,0.0
6680,CA,CA,RECRE,COPP1,0.02,0.0,0.0,0.0,0.0,0.0
4681,CA,CA,MEAT4,MEATA,0.02,0.0,0.0,0.0,0.0,0.0
4693,CA,CA,MEAT4,PREC1,0.02,0.0,0.0,0.0,0.0,0.0
6510,CA,CA,RAWMI,PFERT,0.02,0.0,0.0,0.0,0.0,0.0
982,CA,CA,CEREA,ETHAN,0.02,0.0,0.0,0.0,0.0,0.0
3079,CA,CA,FABRI,TRAN2,0.02,0.0,0.0,0.0,0.0,0.0
3234,CA,CA,FISH5,CROPS,0.02,0.0,0.0,0.0,0.0,0.0
3283,CA,CA,FISHF,SUGAR,0.02,0.0,0.0,0.0,0.0,0.0
3899,CA,CA,HOTEL,TEXTI,0.02,0.0,0.0,0.0,0.0,0.0
4199,CA,CA,KERO1,MOTO1,0.02,0.0,0.0,0.0,0.0,0.0
6644,CA,CA,REALE,TRAN2,0.02,0.0,0.0,0.0,0.0,0.0
181,CA,CA,ALUM1,NONFE,0.02,0.0,0.0,0.0,0.0,0.0
5883,CA,CA,PLANT,FORES,0.02,0.0,0.0,0.0,0.0,0.0
1027,CA,CA,CEREA,TEXTI,0.02,0.0,0.0,0.0,0.0,0.0
6084,CA,CA,PREC1,FABRI,0.02,0.0,0.0,0.0,0.0,0.0
6823,CA,CA,REFIN,KERO1,0.02,0.0,0.0,0.0,0.0,0.0
4424,CA,CA,LEAD1,POSTT,0.02,0.0,0.0,0.0,0.0,0.0
4559,CA,CA,LUBRI,MEAT1,0.02,0.0,0.0,0.0,0.0,0.0
3761,CA,CA,GLASS,ETHAN,0.02,0.0,0.0,0.0,0.0,0.0
2726,CA,CA,ELEC6,BIODI,0.02,0.0,0.0,0.0,0.0,0.0
2682,CA,CA,ELEC5,PETRO,0.02,0.0,0.0,0.0,0.0,0.0
2120,CA,CA,ELE12,OILSE,0.02,0.0,0.0,0.0,0.0,0.0
415,CA,CA,BASIC,ANIMA,0.02,0.0,0.0,0.0,0.0,0.0
4252,CA,CA,KEROS,RESEA,0.02,0.0,0.0,0.0,0.0,0.0
7633,CA,CA,SUGA1,PRINT,0.02,0.0,0.0,0.0,0.0,0.0
5605,CA,CA,PAPER,AVIAT,0.02,0.0,0.0,0.0,0.0,0.0
3729,CA,CA,GASOL,HYDRO,0.02,0.0,0.0,0.0,0.0,0.0
97,CA,CA,AIRTR,HEALT,0.02,0.0,0.0,0.0,0.0,0.0
4492,CA,CA,LIGNI,CROPS,0.02,0.0,0.0,0.0,0.0,0.0
87,CA,CA,AIRTR,ELEC8,0.02,0.0,0.0,0.0,0.0,0.0
4195,CA,CA,KERO1,KEROS,0.02,0.0,0.0,0.0,0.0,0.0
1353,CA,CA,COMPU,GASOL,0.02,0.0,0.0,0.0,0.0,0.0
5895,CA,CA,PLANT,VEGET,0.02,0.0,0.0,0.0,0.0,0.0
6268,CA,CA,PUBLI,MEDIC,0.02,0.0,0.0,0.0,0.0,0.0
4718,CA,CA,MEATA,COMPU,0.02,0.0,0.0,0.0,0.0,0.0
2797,CA,CA,ELEC6,RAILW,0.02,0.0,0.0,0.0,0.0,0.0
4662,CA,CA,MEAT4,COKEO,0.02,0.0,0.0,0.0,0.0,0.0
7448,CA,CA,SANDC,WHITE,0.02,0.0,0.0,0.0,0.0,0.0
6214,CA,CA,PUBLI,BASIC,0.02,0.0,0.0,0.0,0.0,0.0
4822,CA,CA,MEDIC,CONST,0.02,0.0,0.0,0.0,0.0,0.0
2770,CA,CA,ELEC6,MEAT4,0.02,0.0,0.0,0.0,0.0,0.0
3988,CA,CA,INLAN,KERO1,0.02,0.0,0.0,0.0,0.0,0.0
106,CA,CA,AIRTR,MEATP,0.02,0.0,0.0,0.0,0.0,0.0
7782,CA,CA,TEXTI,ALUM1,0.02,0.0,0.0,0.0,0.0,0.0
6613,CA,CA,REALE,PLANT,0.02,0.0,0.0,0.0,0.0,0.0
1662,CA,CA,CROPS,POSTT,0.02,0.0,0.0,0.0,0.0,0.0
6278,CA,CA,PUBLI,PFERT,0.03,0.0,0.0,0.0,0.0,0.0
2822,CA,CA,ELEC7,AIRTR,0.03,0.0,0.0,0.0,0.0,0.0
4122,CA,CA,INSUR,PLAST,0.03,0.0,0.0,0.0,0.0,0.0
6819,CA,CA,REFIN,FURNI,0.03,0.0,0.0,0.0,0.0,0.0
7109,CA,CA,RETAI,PAPER,0.03,0.0,0.0,0.0,0.0,0.0
4839,CA,CA,MEDIC,MEATC,0.03,0.0,0.0,0.0,0.0,0.0
402,CA,CA,AVIAT,LUBRI,0.03,0.0,0.0,0.0,0.0,0.0
2849,CA,CA,ELEC7,FISH5,0.03,0.0,0.0,0.0,0.0,0.0
7127,CA,CA,RUBBE,AVIAT,0.03,0.0,0.0,0.0,0.0,0.0
6068,CA,CA,POULT,RAILW,0.03,0.0,0.0,0.0,0.0,0.0
1001,CA,CA,CEREA,MOTO1,0.03,0.0,0.0,0.0,0.0,0.0
8233,CA,CA,WHOLE,SUPPO,0.03,0.0,0.0,0.0,0.0,0.0
6519,CA,CA,RAWMI,WHEAT,0.03,0.0,0.0,0.0,0.0,0.0
7699,CA,CA,SUPPO,ELEC4,0.02,0.0,0.0,0.0,0.0,0.0
5878,CA,CA,PLANT,CHEM1,0.02,0.0,0.0,0.0,0.0,0.0
6106,CA,CA,PREC1,SUPPO,0.02,0.0,0.0,0.0,0.0,0.0
4401,CA,CA,LEAD1,ETHAN,0.02,0.0,0.0,0.0,0.0,0.0
456,CA,CA,BASIC,MEAT4,0.02,0.0,0.0,0.0,0.0,0.0
5763,CA,CA,PETRO,TEXTI,0.02,0.0,0.0,0.0,0.0,0.0
2835,CA,CA,ELEC7,CEREA,0.02,0.0,0.0,0.0,0.0,0.0
8108,CA,CA,WEARI,PRINT,0.02,0.0,0.0,0.0,0.0,0.0
7902,CA,CA,TRAN1,ETHAN,0.02,0.0,0.0,0.0,0.0,0.0
5251,CA,CA,NFERT,PETRO,0.02,0.0,0.0,0.0,0.0,0.0
472,CA,CA,BASIC,PLANT,0.02,0.0,0.0,0.0,0.0,0.0
249,CA,CA,ANIMA,TEXTI,0.02,0.0,0.0,0.0,0.0,0.0
5743,CA,CA,PETRO,LANDT,0.02,0.0,0.0,0.0,0.0,0.0
125,CA,CA,AIRTR,REFI1,0.02,0.0,0.0,0.0,0.0,0.0
644,CA,CA,BIOGA,MEAT4,0.02,0.0,0.0,0.0,0.0,0.0
8155,CA,CA,WHEAT,MOTOR,0.02,0.0,0.0,0.0,0.0,0.0
8069,CA,CA,VEGET,SUBBI,0.02,0.0,0.0,0.0,0.0,0.0
1434,CA,CA,CONST,AVIAT,0.02,0.0,0.0,0.0,0.0,0.0
591,CA,CA,BIOG1,MEDIC,0.02,0.0,0.0,0.0,0.0,0.0
5473,CA,CA,NONSP,DIST1,0.02,0.0,0.0,0.0,0.0,0.0
2912,CA,CA,ELEC8,RETA1,0.02,0.0,0.0,0.0,0.0,0.0
2092,CA,CA,ELE12,CATTL,0.02,0.0,0.0,0.0,0.0,0.0
6481,CA,CA,RAILW,STONE,0.02,0.0,0.0,0.0,0.0,0.0
6112,CA,CA,PRECI,ELE12,0.02,0.0,0.0,0.0,0.0,0.0
492,CA,CA,BASIC,TRAN2,0.02,0.0,0.0,0.0,0.0,0.0
2359,CA,CA,ELEC2,SUGAR,0.02,0.0,0.0,0.0,0.0,0.0
4768,CA,CA,MEATC,RETAI,0.02,0.0,0.0,0.0,0.0,0.0
2930,CA,CA,ELECT,ELEC1,0.03,0.0,0.0,0.0,0.0,0.0
7625,CA,CA,SUGA1,MEDIC,0.03,0.0,0.0,0.0,0.0,0.0
1167,CA,CA,CHEMI,AUXIL,0.04,0.0,0.0,0.0,0.0,0.0
4818,CA,CA,MEDIC,CERAM,0.04,0.0,0.0,0.0,0.0,0.0
5389,CA,CA,NONME,COKEO,0.04,0.0,0.0,0.0,0.0,0.0
7860,CA,CA,TEXTI,TRAN1,0.04,0.0,0.0,0.0,0.0,0.0
5299,CA,CA,NONF1,ELEC1,0.04,0.0,0.0,0.0,0.0,0.0
5280,CA,CA,NONF1,AIRTR,0.04,0.0,0.0,0.0,0.0,0.0
2314,CA,CA,ELEC2,MEATA,0.04,0.0,0.0,0.0,0.0,0.0
5885,CA,CA,PLANT,LANDT,0.04,0.0,0.0,0.0,0.0,0.0
7265,CA,CA,SALEM,COKE1,0.04,0.0,0.0,0.0,0.0,0.0
3540,CA,CA,FURNI,HYDRO,0.04,0.0,0.0,0.0,0.0,0.0
4823,CA,CA,MEDIC,DAIRY,0.04,0.0,0.0,0.0,0.0,0.0
3653,CA,CA,GASDI,KERO1,0.04,0.0,0.0,0.0,0.0,0.0
8022,CA,CA,TRANS,SANDC,0.04,0.0,0.0,0.0,0.0,0.0
3741,CA,CA,GLASS,ALUM1,0.04,0.0,0.0,0.0,0.0,0.0
6220,CA,CA,PUBLI,BLAST,0.03,0.0,0.0,0.0,0.0,0.0
6137,CA,CA,PRINT,COPP1,0.04,0.0,0.0,0.0,0.0,0.0
3308,CA,CA,FOOD5,EDUCA,0.04,0.0,0.0,0.0,0.0,0.0
1201,CA,CA,CHEMI,INLAN,0.04,0.0,0.0,0.0,0.0,0.0
6334,CA,CA,PULP5,RAILW,0.04,0.0,0.0,0.0,0.0,0.0
8343,CA,CA,WOOLS,BITUM,0.04,0.0,0.0,0.0,0.0,0.0
2731,CA,CA,ELEC6,BRICK,0.04,0.0,0.0,0.0,0.0,0.0
1763,CA,CA,DAIRY,MEATP,0.04,0.0,0.0,0.0,0.0,0.0
3435,CA,CA,FOUND,93197,0.04,0.0,0.0,0.0,0.0,0.0
5084,CA,CA,MOTOR,ETHAN,0.04,0.0,0.0,0.0,0.0,0.0
2300,CA,CA,ELEC2,HEAVY,0.04,0.0,0.0,0.0,0.0,0.0
3794,CA,CA,GLASS,REFIN,0.04,0.0,0.0,0.0,0.0,0.0
2880,CA,CA,ELEC7,POULT,0.04,0.0,0.0,0.0,0.0,0.0
7533,CA,CA,STONE,AUXIL,0.04,0.0,0.0,0.0,0.0,0.0
1260,CA,CA,COKE1,PAPER,0.04,0.0,0.0,0.0,0.0,0.0
5242,CA,CA,NFERT,LUBRI,0.04,0.0,0.0,0.0,0.0,0.0
7508,CA,CA,SEACO,RAWMI,0.03,0.0,0.0,0.0,0.0,0.0
6896,CA,CA,RESEA,INLAN,0.03,0.0,0.0,0.0,0.0,0.0
7744,CA,CA,SUPPO,PIGS9,0.03,0.0,0.0,0.0,0.0,0.0
6255,CA,CA,PUBLI,GLASS,0.03,0.0,0.0,0.0,0.0,0.0
989,CA,CA,CEREA,GLASS,0.03,0.0,0.0,0.0,0.0,0.0
879,CA,CA,CEMEN,HEAVY,0.03,0.0,0.0,0.0,0.0,0.0
1361,CA,CA,COMPU,KERO1,0.03,0.0,0.0,0.0,0.0,0.0
991,CA,CA,CEREA,KEROS,0.03,0.0,0.0,0.0,0.0,0.0
5134,CA,CA,MOTOR,PLAST,0.03,0.0,0.0,0.0,0.0,0.0
607,CA,CA,BIOG1,TEXTI,0.03,0.0,0.0,0.0,0.0,0.0
4771,CA,CA,MEATC,SUGA1,0.03,0.0,0.0,0.0,0.0,0.0
1607,CA,CA,COPP1,RAILW,0.04,0.0,0.0,0.0,0.0,0.0
1286,CA,CA,COKIN,LANDT,0.04,0.0,0.0,0.0,0.0,0.0
5080,CA,CA,MOTOR,ELEC6,0.04,0.0,0.0,0.0,0.0,0.0
5590,CA,CA,OILSE,RESEA,0.04,0.0,0.0,0.0,0.0,0.0
5861,CA,CA,PIGS9,PFERT,0.04,0.0,0.0,0.0,0.0,0.0
875,CA,CA,CEMEN,FABRI,0.04,0.0,0.0,0.0,0.0,0.0
4527,CA,CA,LUBRI,DIST1,0.04,0.0,0.0,0.0,0.0,0.0
6055,CA,CA,POULT,COKIN,0.04,0.0,0.0,0.0,0.0,0.0
4297,CA,CA,LANDT,ELEC8,0.04,0.0,0.0,0.0,0.0,0.0
5529,CA,CA,NONSP,TRAN2,0.04,0.0,0.0,0.0,0.0,0.0
391,CA,CA,AVIAT,BEVER,0.04,0.0,0.0,0.0,0.0,0.0
8102,CA,CA,WEARI,NFERT,0.04,0.0,0.0,0.0,0.0,0.0
2427,CA,CA,ELEC3,LUBRI,0.04,0.0,0.0,0.0,0.0,0.0
31,CA,CA,93197,INLAN,0.04,0.0,0.0,0.0,0.0,0.0
7969,CA,CA,TRAN1,SANDC,0.04,0.0,0.0,0.0,0.0,0.0
4009,CA,CA,INLAN,RAILW,0.04,0.0,0.0,0.0,0.0,0.0
5877,CA,CA,PLANT,BUSIN,0.04,0.0,0.0,0.0,0.0,0.0
5875,CA,CA,PIGS9,WHEAT,0.04,0.0,0.0,0.0,0.0,0.0
5586,CA,CA,OILSE,PUBLI,0.04,0.0,0.0,0.0,0.0,0.0
4384,CA,CA,LANDT,WHITE,0.04,0.0,0.0,0.0,0.0,0.0
4299,CA,CA,LANDT,ETHAN,0.04,0.0,0.0,0.0,0.0,0.0
4780,CA,CA,MEATP,BEVER,0.04,0.0,0.0,0.0,0.0,0.0
5323,CA,CA,NONF1,MOTOR,0.04,0.0,0.0,0.0,0.0,0.0
4853,CA,CA,MEDIC,RAILW,0.04,0.0,0.0,0.0,0.0,0.0
924,CA,CA,CERAM,BEVER,0.04,0.0,0.0,0.0,0.0,0.0
1674,CA,CA,CROPS,SUBBI,0.04,0.0,0.0,0.0,0.0,0.0
370,CA,CA,AUXIL,STEAM,0.04,0.0,0.0,0.0,0.0,0.0
110,CA,CA,AIRTR,NONF1,0.04,0.0,0.0,0.0,0.0,0.0
5767,CA,CA,PFERT,93197,0.04,0.0,0.0,0.0,0.0,0.0
574,CA,CA,BIOG1,AUXIL,0.04,0.0,0.0,0.0,0.0,0.0
5300,CA,CA,NONF1,ELEC2,0.04,0.0,0.0,0.0,0.0,0.0
154,CA,CA,ALUM1,BIOGA,0.04,0.0,0.0,0.0,0.0,0.0
5368,CA,CA,NONFE,ELEC7,0.04,0.0,0.0,0.0,0.0,0.0
3411,CA,CA,FORES,RADIO,0.04,0.0,0.0,0.0,0.0,0.0
3788,CA,CA,GLASS,POSTT,0.04,0.0,0.0,0.0,0.0,0.0
589,CA,CA,BIOG1,INSUR,0.04,0.0,0.0,0.0,0.0,0.0
1020,CA,CA,CEREA,REFIN,0.04,0.0,0.0,0.0,0.0,0.0
5540,CA,CA,OFFIC,COMPU,0.04,0.0,0.0,0.0,0.0,0.0
7576,CA,CA,STONE,PAPER,0.04,0.0,0.0,0.0,0.0,0.0
8073,CA,CA,VEGET,WEARI,0.04,0.0,0.0,0.0,0.0,0.0
969,CA,CA,CEREA,BITUM,0.04,0.0,0.0,0.0,0.0,0.0
8008,CA,CA,TRANS,NATU1,0.04,0.0,0.0,0.0,0.0,0.0
510,CA,CA,BEVER,FABRI,0.04,0.0,0.0,0.0,0.0,0.0
5940,CA,CA,POSTT,COKEO,0.04,0.0,0.0,0.0,0.0,0.0
4493,CA,CA,LIGNI,DIST1,0.04,0.0,0.0,0.0,0.0,0.0
8300,CA,CA,WOODW,NAPHT,0.04,0.0,0.0,0.0,0.0,0.0
5730,CA,CA,PETRO,ELEC8,0.04,0.0,0.0,0.0,0.0,0.0
2898,CA,CA,ELEC7,TRANS,0.04,0.0,0.0,0.0,0.0,0.0
7441,CA,CA,SANDC,RUBBE,0.04,0.0,0.0,0.0,0.0,0.0
1650,CA,CA,CROPS,LIGNI,0.04,0.0,0.0,0.0,0.0,0.0
2925,CA,CA,ELECT,CONST,0.04,0.0,0.0,0.0,0.0,0.0
4585,CA,CA,LUBRI,RADIO,0.04,0.0,0.0,0.0,0.0,0.0
5849,CA,CA,PIGS9,FURNI,0.04,0.0,0.0,0.0,0.0,0.0
5721,CA,CA,PETRO,CONST,0.04,0.0,0.0,0.0,0.0,0.0
3044,CA,CA,FABRI,NAPHT,0.04,0.0,0.0,0.0,0.0,0.0
2919,CA,CA,ELECT,BEVER,0.04,0.0,0.0,0.0,0.0,0.0
1276,CA,CA,COKIN,AUXIL,0.04,0.0,0.0,0.0,0.0,0.0
2107,CA,CA,ELE12,GLASS,0.04,0.0,0.0,0.0,0.0,0.0
7646,CA,CA,SUGA1,WEARI,0.04,0.0,0.0,0.0,0.0,0.0
419,CA,CA,BASIC,BIODI,0.04,0.0,0.0,0.0,0.0,0.0
5515,CA,CA,NONSP,RADIO,0.04,0.0,0.0,0.0,0.0,0.0
3436,CA,CA,FOUND,AIRTR,0.04,0.0,0.0,0.0,0.0,0.0
4178,CA,CA,KERO1,COPP1,0.04,0.0,0.0,0.0,0.0,0.0
4295,CA,CA,LANDT,ELEC6,0.04,0.0,0.0,0.0,0.0,0.0
4578,CA,CA,LUBRI,PLANT,0.04,0.0,0.0,0.0,0.0,0.0
3635,CA,CA,GASDI,ETHAN,0.04,0.0,0.0,0.0,0.0,0.0
1563,CA,CA,COPP1,AIRTR,0.03,0.0,0.0,0.0,0.0,0.0
4657,CA,CA,MEAT4,BITU1,0.03,0.0,0.0,0.0,0.0,0.0
105,CA,CA,AIRTR,MEATC,0.03,0.0,0.0,0.0,0.0,0.0
2393,CA,CA,ELEC3,COKEO,0.03,0.0,0.0,0.0,0.0,0.0
677,CA,CA,BRICK,RESEA,0.03,0.0,0.0,0.0,0.0,0.0
6075,CA,CA,PREC1,93197,0.03,0.0,0.0,0.0,0.0,0.0
3469,CA,CA,FOUND,NONFE,0.03,0.0,0.0,0.0,0.0,0.0
5782,CA,CA,PFERT,DAIRY,0.03,0.0,0.0,0.0,0.0,0.0
3966,CA,CA,INLAN,BEVER,0.03,0.0,0.0,0.0,0.0,0.0
145,CA,CA,AIRTR,WOOLS,0.03,0.0,0.0,0.0,0.0,0.0
400,CA,CA,AVIAT,LANDT,0.03,0.0,0.0,0.0,0.0,0.0
3786,CA,CA,GLASS,PETRO,0.03,0.0,0.0,0.0,0.0,0.0
8010,CA,CA,TRANS,OILSE,0.03,0.0,0.0,0.0,0.0,0.0
5185,CA,CA,NATU1,GLASS,0.03,0.0,0.0,0.0,0.0,0.0
228,CA,CA,ANIMA,KEROS,0.03,0.0,0.0,0.0,0.0,0.0
2727,CA,CA,ELEC6,BIOG1,0.03,0.0,0.0,0.0,0.0,0.0
7707,CA,CA,SUPPO,FOUND,0.03,0.0,0.0,0.0,0.0,0.0
1908,CA,CA,DISTR,ETHAN,0.03,0.0,0.0,0.0,0.0,0.0
5951,CA,CA,POSTT,ELE12,0.03,0.0,0.0,0.0,0.0,0.0
3281,CA,CA,FISHF,RETA1,0.03,0.0,0.0,0.0,0.0,0.0
565,CA,CA,BIODI,RECRE,0.03,0.0,0.0,0.0,0.0,0.0
1593,CA,CA,COPP1,MEAT4,0.03,0.0,0.0,0.0,0.0,0.0
7460,CA,CA,SEACO,CATTL,0.03,0.0,0.0,0.0,0.0,0.0
2475,CA,CA,ELEC3,SUGAR,0.03,0.0,0.0,0.0,0.0,0.0
7805,CA,CA,TEXTI,ELEC3,0.03,0.0,0.0,0.0,0.0,0.0
3228,CA,CA,FISH5,BIODI,0.03,0.0,0.0,0.0,0.0,0.0
7840,CA,CA,TEXTI,PLANT,0.03,0.0,0.0,0.0,0.0,0.0
1247,CA,CA,CHEMI,TRANS,0.03,0.0,0.0,0.0,0.0,0.0
1196,CA,CA,CHEMI,GASOL,0.03,0.0,0.0,0.0,0.0,0.0
3882,CA,CA,HOTEL,MEATA,0.03,0.0,0.0,0.0,0.0,0.0
2853,CA,CA,ELEC7,FOUND,0.03,0.0,0.0,0.0,0.0,0.0
2878,CA,CA,ELEC7,PIGS9,0.03,0.0,0.0,0.0,0.0,0.0
4798,CA,CA,MEATP,RESEA,0.03,0.0,0.0,0.0,0.0,0.0
5270,CA,CA,NICKE,BIODI,0.03,0.0,0.0,0.0,0.0,0.0
8182,CA,CA,WHOLE,BITU1,0.03,0.0,0.0,0.0,0.0,0.0
1033,CA,CA,CEREA,WOODW,0.03,0.0,0.0,0.0,0.0,0.0
6988,CA,CA,RETA1,COKE1,0.03,0.0,0.0,0.0,0.0,0.0
2110,CA,CA,ELE12,INSUR,0.03,0.0,0.0,0.0,0.0,0.0
5979,CA,CA,POSTT,KERO1,0.03,0.0,0.0,0.0,0.0,0.0
2934,CA,CA,ELECT,ELEC5,0.03,0.0,0.0,0.0,0.0,0.0
5810,CA,CA,PFERT,NAPHT,0.03,0.0,0.0,0.0,0.0,0.0
3850,CA,CA,HEALT,RESEA,0.03,0.0,0.0,0.0,0.0,0.0
639,CA,CA,BIOGA,FURNI,0.03,0.0,0.0,0.0,0.0,0.0
1628,CA,CA,CROPS,AIRTR,0.03,0.0,0.0,0.0,0.0,0.0
6078,CA,CA,PREC1,BITU1,0.03,0.0,0.0,0.0,0.0,0.0
8240,CA,CA,WOODW,93197,0.03,0.0,0.0,0.0,0.0,0.0
4888,CA,CA,MEMBE,COKEO,0.03,0.0,0.0,0.0,0.0,0.0
3524,CA,CA,FURNI,ELEC4,0.03,0.0,0.0,0.0,0.0,0.0
3312,CA,CA,FOOD5,ETHAN,0.03,0.0,0.0,0.0,0.0,0.0
4605,CA,CA,LUBRI,TRAN2,0.03,0.0,0.0,0.0,0.0,0.0
3501,CA,CA,FURNI,AVIAT,0.03,0.0,0.0,0.0,0.0,0.0
2013,CA,CA,EDUCA,DIST1,0.03,0.0,0.0,0.0,0.0,0.0
7165,CA,CA,RUBBE,FOUND,0.03,0.0,0.0,0.0,0.0,0.0
4455,CA,CA,LEATH,DIST1,0.03,0.0,0.0,0.0,0.0,0.0
5393,CA,CA,NONME,CROPS,0.03,0.0,0.0,0.0,0.0,0.0
6191,CA,CA,PRINT,RAILW,0.03,0.0,0.0,0.0,0.0,0.0
212,CA,CA,ANIMA,BASIC,0.03,0.0,0.0,0.0,0.0,0.0
4988,CA,CA,MEMBE,WOOLS,0.03,0.0,0.0,0.0,0.0,0.0
2901,CA,CA,ELEC7,WHEAT,0.03,0.0,0.0,0.0,0.0,0.0
5869,CA,CA,PIGS9,RETA1,0.03,0.0,0.0,0.0,0.0,0.0
6087,CA,CA,PREC1,GLASS,0.03,0.0,0.0,0.0,0.0,0.0
6490,CA,CA,RAWMI,ANIMA,0.03,0.0,0.0,0.0,0.0,0.0
4183,CA,CA,KERO1,ELECT,0.03,0.0,0.0,0.0,0.0,0.0
2311,CA,CA,ELEC2,LUBRI,0.03,0.0,0.0,0.0,0.0,0.0
4975,CA,CA,MEMBE,SUGA1,0.03,0.0,0.0,0.0,0.0,0.0
7971,CA,CA,TRAN1,STONE,0.03,0.0,0.0,0.0,0.0,0.0
7799,CA,CA,TEXTI,DAIRY,0.03,0.0,0.0,0.0,0.0,0.0
4456,CA,CA,LEATH,DISTR,0.03,0.0,0.0,0.0,0.0,0.0
4845,CA,CA,MEDIC,NONF1,0.03,0.0,0.0,0.0,0.0,0.0
6335,CA,CA,PULP5,REALE,0.03,0.0,0.0,0.0,0.0,0.0
7081,CA,CA,RETA1,STEAM,0.03,0.0,0.0,0.0,0.0,0.0
646,CA,CA,BIOGA,PAPER,0.03,0.0,0.0,0.0,0.0,0.0
4196,CA,CA,KERO1,LANDT,0.03,0.0,0.0,0.0,0.0,0.0
672,CA,CA,BRICK,COMPU,0.03,0.0,0.0,0.0,0.0,0.0
7601,CA,CA,SUGA1,BASIC,0.03,0.0,0.0,0.0,0.0,0.0
614,CA,CA,BIOGA,BIODI,0.03,0.0,0.0,0.0,0.0,0.0
532,CA,CA,BEVER,RETAI,0.03,0.0,0.0,0.0,0.0,0.0
6925,CA,CA,RESEA,PETRO,0.03,0.0,0.0,0.0,0.0,0.0
1011,CA,CA,CEREA,PETRO,0.03,0.0,0.0,0.0,0.0,0.0
3589,CA,CA,FURNI,SUGAR,0.03,0.0,0.0,0.0,0.0,0.0
4265,CA,CA,LANDT,AVIAT,0.03,0.0,0.0,0.0,0.0,0.0
8258,CA,CA,WOODW,COKEO,0.03,0.0,0.0,0.0,0.0,0.0
6187,CA,CA,PRINT,PREC1,0.03,0.0,0.0,0.0,0.0,0.0
4776,CA,CA,MEATC,WOODW,0.03,0.0,0.0,0.0,0.0,0.0
3938,CA,CA,HYDRO,NATU1,0.03,0.0,0.0,0.0,0.0,0.0
6818,CA,CA,REFIN,ETHAN,0.03,0.0,0.0,0.0,0.0,0.0
7627,CA,CA,SUGA1,NONF1,0.03,0.0,0.0,0.0,0.0,0.0
7993,CA,CA,TRANS,CEREA,0.03,0.0,0.0,0.0,0.0,0.0
3895,CA,CA,HOTEL,RETAI,0.03,0.0,0.0,0.0,0.0,0.0
485,CA,CA,BASIC,SALEM,0.03,0.0,0.0,0.0,0.0,0.0
820,CA,CA,CATTL,COKIN,0.03,0.0,0.0,0.0,0.0,0.0
7578,CA,CA,STONE,PFERT,0.03,0.0,0.0,0.0,0.0,0.0
8048,CA,CA,VEGET,ELEC5,0.03,0.0,0.0,0.0,0.0,0.0
5205,CA,CA,NATU1,TRAN2,0.03,0.0,0.0,0.0,0.0,0.0
8024,CA,CA,TRANS,STONE,0.03,0.0,0.0,0.0,0.0,0.0
4390,CA,CA,LEAD1,AUXIL,0.03,0.0,0.0,0.0,0.0,0.0
6877,CA,CA,RESEA,ELEC7,0.03,0.0,0.0,0.0,0.0,0.0
7580,CA,CA,STONE,PRINT,0.03,0.0,0.0,0.0,0.0,0.0
6054,CA,CA,POULT,CEREA,0.03,0.0,0.0,0.0,0.0,0.0
3056,CA,CA,FABRI,PLANT,0.03,0.0,0.0,0.0,0.0,0.0
2735,CA,CA,ELEC6,CERAM,0.03,0.0,0.0,0.0,0.0,0.0
4794,CA,CA,MEATP,MEAT4,0.03,0.0,0.0,0.0,0.0,0.0
5533,CA,CA,NONSP,WOODW,0.03,0.0,0.0,0.0,0.0,0.0
7985,CA,CA,TRAN1,WHITE,0.03,0.0,0.0,0.0,0.0,0.0
6509,CA,CA,RAWMI,NATUR,0.03,0.0,0.0,0.0,0.0,0.0
3736,CA,CA,GASOL,SALEM,0.03,0.0,0.0,0.0,0.0,0.0
72,CA,CA,AIRTR,CERAM,0.03,0.0,0.0,0.0,0.0,0.0
666,CA,CA,BLAST,PAPER,0.03,0.0,0.0,0.0,0.0,0.0
2522,CA,CA,ELEC4,ETHAN,0.03,0.0,0.0,0.0,0.0,0.0
2027,CA,CA,EDUCA,FOOD5,0.54,0.0,0.0,0.0,0.0,0.0
6030,CA,CA,POSTT,STONE,1.22,0.0,0.0,0.0,0.0,0.0
4100,CA,CA,INSUR,MEATA,0.54,0.0,0.0,0.0,0.0,0.0
3187,CA,CA,FINAN,PREC1,8.24,0.0,0.0,0.0,0.0,0.0
4006,CA,CA,INLAN,PUBLI,8.18,0.0,0.0,0.0,0.0,0.0
751,CA,CA,BUSIN,MEAT4,8.18,0.0,0.0,0.0,0.0,0.0
4910,CA,CA,MEMBE,FISH5,8.19,0.0,0.0,0.0,0.0,0.0
2419,CA,CA,ELEC3,INSUR,8.19,0.0,0.0,0.0,0.0,0.0
4469,CA,CA,LEATH,MOTO1,8.19,0.0,0.0,0.0,0.0,0.0
7336,CA,CA,SALEM,PLANT,8.2,0.0,0.0,0.0,0.0,0.0
4860,CA,CA,MEDIC,RUBBE,8.22,0.0,0.0,0.0,0.0,0.0
786,CA,CA,BUSIN,REFI1,8.23,0.0,0.0,0.0,0.0,0.0
3264,CA,CA,FISHF,BUSIN,8.23,0.0,0.0,0.0,0.0,0.0
450,CA,CA,BASIC,LANDT,8.23,0.0,0.0,0.0,0.0,0.0
3118,CA,CA,FINAN,CROPS,8.24,0.0,0.0,0.0,0.0,0.0
748,CA,CA,BUSIN,LIQUE,8.25,0.0,0.0,0.0,0.0,0.0
2285,CA,CA,ELEC2,DIST1,7.93,0.0,0.0,0.0,0.0,0.0
7770,CA,CA,SUPPO,TOBAC,8.27,0.0,0.0,0.0,0.0,0.0
269,CA,CA,AUXIL,BRICK,8.28,0.0,0.0,0.0,0.0,0.0
4055,CA,CA,INSUR,COPP1,8.29,0.0,0.0,0.0,0.0,0.0
6342,CA,CA,PULP5,WHOLE,8.29,0.0,0.0,0.0,0.0,0.0
8131,CA,CA,WHEAT,BUSIN,8.3,0.0,0.0,0.0,0.0,0.0
4592,CA,CA,LUBRI,RESEA,8.3,0.0,0.0,0.0,0.0,0.0
743,CA,CA,BUSIN,KEROS,8.31,0.0,0.0,0.0,0.0,0.0
4103,CA,CA,INSUR,MEDIC,8.31,0.0,0.0,0.0,0.0,0.0
6185,CA,CA,PRINT,PAPER,8.32,0.0,0.0,0.0,0.0,0.0
1929,CA,CA,DISTR,LEATH,8.32,0.0,0.0,0.0,0.0,0.0
5842,CA,CA,PIGS9,CATTL,8.32,0.0,0.0,0.0,0.0,0.0
1594,CA,CA,COPP1,MEDIC,8.17,0.0,0.0,0.0,0.0,0.0
1967,CA,CA,DISTR,REALE,8.17,0.0,0.0,0.0,0.0,0.0
3950,CA,CA,HYDRO,REFIN,8.17,0.0,0.0,0.0,0.0,0.0
7275,CA,CA,SALEM,DISTR,8.17,0.0,0.0,0.0,0.0,0.0
4829,CA,CA,MEDIC,FURNI,7.93,0.0,0.0,0.0,0.0,0.0
7753,CA,CA,SUPPO,RADIO,7.94,0.0,0.0,0.0,0.0,0.0
6486,CA,CA,RAILW,TRANS,7.94,0.0,0.0,0.0,0.0,0.0
7254,CA,CA,SALEM,BITU1,7.95,0.0,0.0,0.0,0.0,0.0
6465,CA,CA,RAILW,PRINT,7.96,0.0,0.0,0.0,0.0,0.0
2528,CA,CA,ELEC4,FORES,7.97,0.0,0.0,0.0,0.0,0.0
3864,CA,CA,HOTEL,BUSIN,8.0,0.0,0.0,0.0,0.0,0.0
7888,CA,CA,TRAN1,CEREA,8.01,0.0,0.0,0.0,0.0,0.0
3931,CA,CA,HYDRO,LANDT,8.02,0.0,0.0,0.0,0.0,0.0
1590,CA,CA,COPP1,LEAD1,8.03,0.0,0.0,0.0,0.0,0.0
7552,CA,CA,STONE,FOUND,8.03,0.0,0.0,0.0,0.0,0.0
1061,CA,CA,CHEM1,COPP1,8.08,0.0,0.0,0.0,0.0,0.0
3147,CA,CA,FINAN,HEAVY,8.1,0.0,0.0,0.0,0.0,0.0
1587,CA,CA,COPP1,HEALT,8.1,0.0,0.0,0.0,0.0,0.0
7281,CA,CA,SALEM,ELEC4,8.1,0.0,0.0,0.0,0.0,0.0
3536,CA,CA,FURNI,GLASS,8.12,0.0,0.0,0.0,0.0,0.0
3503,CA,CA,FURNI,BEVER,8.14,0.0,0.0,0.0,0.0,0.0
6479,CA,CA,RAILW,SEACO,8.14,0.0,0.0,0.0,0.0,0.0
2298,CA,CA,ELEC2,GLASS,8.15,0.0,0.0,0.0,0.0,0.0
6856,CA,CA,RESEA,CHEM1,8.15,0.0,0.0,0.0,0.0,0.0
5327,CA,CA,NONF1,NONFE,8.16,0.0,0.0,0.0,0.0,0.0
554,CA,CA,BIODI,ELEC3,8.16,0.0,0.0,0.0,0.0,0.0
2553,CA,CA,ELEC4,MEMBE,8.16,0.0,0.0,0.0,0.0,0.0
4987,CA,CA,MEMBE,WOODW,8.34,0.0,0.0,0.0,0.0,0.0
5087,CA,CA,MOTOR,FISH5,8.36,0.0,0.0,0.0,0.0,0.0
7773,CA,CA,SUPPO,VEGE1,8.36,0.0,0.0,0.0,0.0,0.0
3416,CA,CA,FORES,RETA1,8.69,0.0,0.0,0.0,0.0,0.0
5078,CA,CA,MOTOR,ELEC4,8.76,0.0,0.0,0.0,0.0,0.0
213,CA,CA,ANIMA,BEVER,8.77,0.0,0.0,0.0,0.0,0.0
3058,CA,CA,FABRI,PREC1,8.77,0.0,0.0,0.0,0.0,0.0
1625,CA,CA,COPPE,PFERT,8.77,0.0,0.0,0.0,0.0,0.0
6111,CA,CA,PREC1,WOODW,8.79,0.0,0.0,0.0,0.0,0.0
5173,CA,CA,NATU1,BIOG1,8.79,0.0,0.0,0.0,0.0,0.0
6864,CA,CA,RESEA,CROPS,8.8,0.0,0.0,0.0,0.0,0.0
1069,CA,CA,CHEM1,ELEC1,8.82,0.0,0.0,0.0,0.0,0.0
5998,CA,CA,POSTT,NATUR,8.82,0.0,0.0,0.0,0.0,0.0
6037,CA,CA,POSTT,TRAN1,8.83,0.0,0.0,0.0,0.0,0.0
6322,CA,CA,PULP5,FURNI,8.84,0.0,0.0,0.0,0.0,0.0
2501,CA,CA,ELEC4,BITUM,8.9,0.0,0.0,0.0,0.0,0.0
6622,CA,CA,REALE,RAILW,8.91,0.0,0.0,0.0,0.0,0.0
5258,CA,CA,NFERT,RETA1,8.92,0.0,0.0,0.0,0.0,0.0
1457,CA,CA,CONST,CROPS,8.93,0.0,0.0,0.0,0.0,0.0
1454,CA,CA,CONST,COMPU,8.93,0.0,0.0,0.0,0.0,0.0
1938,CA,CA,DISTR,MEDIC,8.95,0.0,0.0,0.0,0.0,0.0
5451,CA,CA,NONME,TEXTI,8.98,0.0,0.0,0.0,0.0,0.0
6537,CA,CA,REALE,CATTL,8.98,0.0,0.0,0.0,0.0,0.0
2694,CA,CA,ELEC5,RAWMI,8.98,0.0,0.0,0.0,0.0,0.0
2346,CA,CA,ELEC2,RECRE,8.98,0.0,0.0,0.0,0.0,0.0
7677,CA,CA,SUPPO,BASIC,8.99,0.0,0.0,0.0,0.0,0.0
7719,CA,CA,SUPPO,KEROS,9.0,0.0,0.0,0.0,0.0,0.0
3615,CA,CA,GASDI,CEMEN,8.71,0.0,0.0,0.0,0.0,0.0
2543,CA,CA,ELEC4,LEATH,8.68,0.0,0.0,0.0,0.0,0.0
2228,CA,CA,ELEC1,RAWMI,8.39,0.0,0.0,0.0,0.0,0.0
2493,CA,CA,ELEC4,ANIMA,8.66,0.0,0.0,0.0,0.0,0.0
7267,CA,CA,SALEM,COKIN,8.41,0.0,0.0,0.0,0.0,0.0
8191,CA,CA,WHOLE,ELECT,8.43,0.0,0.0,0.0,0.0,0.0
11,CA,CA,93197,BUSIN,8.43,0.0,0.0,0.0,0.0,0.0
1377,CA,CA,COMPU,MOTOR,8.43,0.0,0.0,0.0,0.0,0.0
4531,CA,CA,LUBRI,ELEC8,8.46,0.0,0.0,0.0,0.0,0.0
1849,CA,CA,DIST1,RAILW,8.46,0.0,0.0,0.0,0.0,0.0
5521,CA,CA,NONSP,RESEA,8.46,0.0,0.0,0.0,0.0,0.0
688,CA,CA,BUSIN,BIODI,8.49,0.0,0.0,0.0,0.0,0.0
7125,CA,CA,RUBBE,ANIMA,8.51,0.0,0.0,0.0,0.0,0.0
7371,CA,CA,SALEM,VEGET,8.51,0.0,0.0,0.0,0.0,0.0
3704,CA,CA,GASDI,SANDC,8.52,0.0,0.0,0.0,0.0,0.0
7793,CA,CA,TEXTI,CHEM1,8.52,0.0,0.0,0.0,0.0,0.0
2251,CA,CA,ELEC1,WEARI,8.54,0.0,0.0,0.0,0.0,0.0
50,CA,CA,93197,RECRE,8.54,0.0,0.0,0.0,0.0,0.0
1885,CA,CA,DISTR,BITUM,8.56,0.0,0.0,0.0,0.0,0.0
5044,CA,CA,MOTOR,AIRTR,8.57,0.0,0.0,0.0,0.0,0.0
6977,CA,CA,RETA1,BITU1,8.59,0.0,0.0,0.0,0.0,0.0
7728,CA,CA,SUPPO,MEATC,8.6,0.0,0.0,0.0,0.0,0.0
1113,CA,CA,CHEM1,NATUR,8.62,0.0,0.0,0.0,0.0,0.0
5619,CA,CA,PAPER,COMPU,8.62,0.0,0.0,0.0,0.0,0.0
2217,CA,CA,ELEC1,PFERT,8.64,0.0,0.0,0.0,0.0,0.0
625,CA,CA,BIOGA,DIST1,8.66,0.0,0.0,0.0,0.0,0.0
6398,CA,CA,RADIO,RUBBE,8.66,0.0,0.0,0.0,0.0,0.0
3098,CA,CA,FINAN,BIODI,7.93,0.0,0.0,0.0,0.0,0.0
4651,CA,CA,MEAT4,ANIMA,7.92,0.0,0.0,0.0,0.0,0.0
1091,CA,CA,CHEM1,HOTEL,9.0,0.0,0.0,0.0,0.0,0.0
7530,CA,CA,STEAM,STONE,7.12,0.0,0.0,0.0,0.0,0.0
8338,CA,CA,WOODW,WHEAT,7.03,0.0,0.0,0.0,0.0,0.0
3364,CA,CA,FOOD5,TEXTI,7.03,0.0,0.0,0.0,0.0,0.0
8195,CA,CA,WHOLE,FOOD5,7.03,0.0,0.0,0.0,0.0,0.0
6348,CA,CA,RADIO,AUXIL,7.03,0.0,0.0,0.0,0.0,0.0
6569,CA,CA,REALE,FISHF,7.04,0.0,0.0,0.0,0.0,0.0
2175,CA,CA,ELEC1,FINAN,7.05,0.0,0.0,0.0,0.0,0.0
2515,CA,CA,ELEC4,COPP1,7.07,0.0,0.0,0.0,0.0,0.0
3176,CA,CA,FINAN,NONSP,7.07,0.0,0.0,0.0,0.0,0.0
4324,CA,CA,LANDT,MEAT1,7.08,0.0,0.0,0.0,0.0,0.0
5896,CA,CA,PLANT,WEARI,7.1,0.0,0.0,0.0,0.0,0.0
8245,CA,CA,WOODW,BASIC,7.11,0.0,0.0,0.0,0.0,0.0
1023,CA,CA,CEREA,RUBBE,7.12,0.0,0.0,0.0,0.0,0.0
2647,CA,CA,ELEC5,FURNI,7.92,0.0,0.0,0.0,0.0,0.0
1692,CA,CA,CRUDE,COKEO,7.12,0.0,0.0,0.0,0.0,0.0
6310,CA,CA,PUBLI,WHEAT,7.14,0.0,0.0,0.0,0.0,0.0
5716,CA,CA,PETRO,CEMEN,7.15,0.0,0.0,0.0,0.0,0.0
4209,CA,CA,KERO1,PUBLI,7.16,0.0,0.0,0.0,0.0,0.0
6431,CA,CA,RAILW,ELECT,7.19,0.0,0.0,0.0,0.0,0.0
3245,CA,CA,FISH5,MEAT4,7.21,0.0,0.0,0.0,0.0,0.0
3738,CA,CA,GASOL,TRANS,7.22,0.0,0.0,0.0,0.0,0.0
5291,CA,CA,NONF1,CERAM,7.23,0.0,0.0,0.0,0.0,0.0
7453,CA,CA,SEACO,ANIMA,7.3,0.0,0.0,0.0,0.0,0.0
5992,CA,CA,POSTT,MEDIC,7.31,0.0,0.0,0.0,0.0,0.0
1239,CA,CA,CHEMI,RUBBE,7.32,0.0,0.0,0.0,0.0,0.0
8271,CA,CA,WOODW,ELECT,7.02,0.0,0.0,0.0,0.0,0.0
1866,CA,CA,DIST1,TRANS,7.0,0.0,0.0,0.0,0.0,0.0
6580,CA,CA,REALE,HYDRO,6.99,0.0,0.0,0.0,0.0,0.0
7473,CA,CA,SEACO,FOOD5,6.94,0.0,0.0,0.0,0.0,0.0
3428,CA,CA,FORES,TRANS,6.74,0.0,0.0,0.0,0.0,0.0
7730,CA,CA,SUPPO,MEDIC,6.74,0.0,0.0,0.0,0.0,0.0
5162,CA,CA,MOTOR,TRAN2,6.74,0.0,0.0,0.0,0.0,0.0
5456,CA,CA,NONME,WOODW,6.76,0.0,0.0,0.0,0.0,0.0
2037,CA,CA,EDUCA,INSUR,6.77,0.0,0.0,0.0,0.0,0.0
4572,CA,CA,LUBRI,OFFIC,6.78,0.0,0.0,0.0,0.0,0.0
5345,CA,CA,NONF1,RUBBE,6.78,0.0,0.0,0.0,0.0,0.0
8265,CA,CA,WOODW,DIST1,6.78,0.0,0.0,0.0,0.0,0.0
7515,CA,CA,SEACO,RUBBE,6.82,0.0,0.0,0.0,0.0,0.0
4519,CA,CA,LUBRI,CHEM1,6.82,0.0,0.0,0.0,0.0,0.0
4821,CA,CA,MEDIC,COMPU,6.84,0.0,0.0,0.0,0.0,0.0
990,CA,CA,CEREA,HOTEL,6.84,0.0,0.0,0.0,0.0,0.0
266,CA,CA,AUXIL,BITU1,6.86,0.0,0.0,0.0,0.0,0.0
7507,CA,CA,SEACO,RAILW,6.87,0.0,0.0,0.0,0.0,0.0
1429,CA,CA,CONST,93197,6.87,0.0,0.0,0.0,0.0,0.0
3511,CA,CA,FURNI,CERAM,6.87,0.0,0.0,0.0,0.0,0.0
1189,CA,CA,CHEMI,FABRI,6.88,0.0,0.0,0.0,0.0,0.0
7923,CA,CA,TRAN1,LEATH,6.88,0.0,0.0,0.0,0.0,0.0
1501,CA,CA,CONST,MEATP,6.88,0.0,0.0,0.0,0.0,0.0
3161,CA,CA,FINAN,MEAT4,6.89,0.0,0.0,0.0,0.0,0.0
4310,CA,CA,LANDT,GLASS,6.9,0.0,0.0,0.0,0.0,0.0
8316,CA,CA,WOODW,RADIO,6.93,0.0,0.0,0.0,0.0,0.0
6786,CA,CA,REFI1,ETHAN,6.93,0.0,0.0,0.0,0.0,0.0
8176,CA,CA,WHOLE,ANIMA,7.35,0.0,0.0,0.0,0.0,0.0
3102,CA,CA,FINAN,BITUM,7.37,0.0,0.0,0.0,0.0,0.0
4111,CA,CA,INSUR,NONF1,7.37,0.0,0.0,0.0,0.0,0.0
5620,CA,CA,PAPER,CONST,7.65,0.0,0.0,0.0,0.0,0.0
4816,CA,CA,MEDIC,BUSIN,7.65,0.0,0.0,0.0,0.0,0.0
3707,CA,CA,GASDI,STONE,7.66,0.0,0.0,0.0,0.0,0.0
4308,CA,CA,LANDT,GASDI,7.66,0.0,0.0,0.0,0.0,0.0
1722,CA,CA,CRUDE,PFERT,7.66,0.0,0.0,0.0,0.0,0.0
8297,CA,CA,WOODW,MEDIC,7.7,0.0,0.0,0.0,0.0,0.0
857,CA,CA,CEMEN,ALUM1,7.7,0.0,0.0,0.0,0.0,0.0
3431,CA,CA,FORES,WHEAT,7.71,0.0,0.0,0.0,0.0,0.0
2074,CA,CA,EDUCA,SUPPO,7.71,0.0,0.0,0.0,0.0,0.0
73,CA,CA,AIRTR,CEREA,7.72,0.0,0.0,0.0,0.0,0.0
5867,CA,CA,PIGS9,RAWMI,7.72,0.0,0.0,0.0,0.0,0.0
3415,CA,CA,FORES,RESEA,7.73,0.0,0.0,0.0,0.0,0.0
1745,CA,CA,DAIRY,BUSIN,7.74,0.0,0.0,0.0,0.0,0.0
4682,CA,CA,MEAT4,MEATC,7.77,0.0,0.0,0.0,0.0,0.0
6643,CA,CA,REALE,TRAN1,7.79,0.0,0.0,0.0,0.0,0.0
4160,CA,CA,INSUR,WHOLE,7.81,0.0,0.0,0.0,0.0,0.0
3602,CA,CA,GASDI,ANIMA,7.81,0.0,0.0,0.0,0.0,0.0
2717,CA,CA,ELEC5,WHOLE,7.84,0.0,0.0,0.0,0.0,0.0
4083,CA,CA,INSUR,GLASS,7.86,0.0,0.0,0.0,0.0,0.0
7927,CA,CA,TRAN1,MEAT1,7.89,0.0,0.0,0.0,0.0,0.0
8223,CA,CA,WHOLE,PULP5,7.9,0.0,0.0,0.0,0.0,0.0
7729,CA,CA,SUPPO,MEATP,7.9,0.0,0.0,0.0,0.0,0.0
2253,CA,CA,ELEC1,WHOLE,7.91,0.0,0.0,0.0,0.0,0.0
5532,CA,CA,NONSP,WHOLE,7.91,0.0,0.0,0.0,0.0,0.0
2211,CA,CA,ELEC1,NONME,7.65,0.0,0.0,0.0,0.0,0.0
1965,CA,CA,DISTR,RAILW,7.65,0.0,0.0,0.0,0.0,0.0
1047,CA,CA,CHEM1,BITUM,7.39,0.0,0.0,0.0,0.0,0.0
7998,CA,CA,TRANS,CRUDE,7.64,0.0,0.0,0.0,0.0,0.0
2677,CA,CA,ELEC5,NONME,7.39,0.0,0.0,0.0,0.0,0.0
3769,CA,CA,GLASS,HEALT,7.4,0.0,0.0,0.0,0.0,0.0
4217,CA,CA,KERO1,SALEM,7.43,0.0,0.0,0.0,0.0,0.0
3274,CA,CA,FISHF,LEATH,7.44,0.0,0.0,0.0,0.0,0.0
962,CA,CA,CEREA,ANIMA,7.45,0.0,0.0,0.0,0.0,0.0
1200,CA,CA,CHEMI,HYDRO,7.45,0.0,0.0,0.0,0.0,0.0
2396,CA,CA,ELEC3,CONST,7.48,0.0,0.0,0.0,0.0,0.0
1225,CA,CA,CHEMI,PAPER,7.49,0.0,0.0,0.0,0.0,0.0
3025,CA,CA,FABRI,HYDRO,7.52,0.0,0.0,0.0,0.0,0.0
2181,CA,CA,ELEC1,FURNI,7.52,0.0,0.0,0.0,0.0,0.0
5453,CA,CA,NONME,TRANS,7.53,0.0,0.0,0.0,0.0,0.0
8323,CA,CA,WOODW,RETA1,7.54,0.0,0.0,0.0,0.0,0.0
4487,CA,CA,LEATH,WHOLE,7.54,0.0,0.0,0.0,0.0,0.0
1914,CA,CA,DISTR,FORES,7.54,0.0,0.0,0.0,0.0,0.0
2641,CA,CA,ELEC5,FINAN,7.56,0.0,0.0,0.0,0.0,0.0
75,CA,CA,AIRTR,COMPU,7.57,0.0,0.0,0.0,0.0,0.0
5687,CA,CA,PAPER,RETA1,7.6,0.0,0.0,0.0,0.0,0.0
8035,CA,CA,VEGET,AIRTR,7.61,0.0,0.0,0.0,0.0,0.0
3911,CA,CA,HYDRO,BUSIN,7.62,0.0,0.0,0.0,0.0,0.0
7978,CA,CA,TRAN1,TRAN2,7.62,0.0,0.0,0.0,0.0,0.0
4416,CA,CA,LEAD1,MOTO1,7.63,0.0,0.0,0.0,0.0,0.0
3061,CA,CA,FABRI,PULP5,7.63,0.0,0.0,0.0,0.0,0.0
5923,CA,CA,POSTT,BASIC,7.64,0.0,0.0,0.0,0.0,0.0
701,CA,CA,BUSIN,CHEMI,9.0,0.0,0.0,0.0,0.0,0.0
1128,CA,CA,CHEM1,PREC1,9.05,0.0,0.0,0.0,0.0,0.0
5518,CA,CA,NONSP,RECRE,6.69,0.0,0.0,0.0,0.0,0.0
8276,CA,CA,WOODW,FOOD5,11.0,0.0,0.0,0.0,0.0,0.0
8328,CA,CA,WOODW,STONE,10.84,0.0,0.0,0.0,0.0,0.0
6684,CA,CA,RECRE,DIST1,10.86,0.0,0.0,0.0,0.0,0.0
501,CA,CA,BEVER,AUXIL,10.88,0.0,0.0,0.0,0.0,0.0
553,CA,CA,BIODI,ELEC2,10.89,0.0,0.0,0.0,0.0,0.0
4120,CA,CA,INSUR,PIGS9,10.92,0.0,0.0,0.0,0.0,0.0
1046,CA,CA,CHEM1,BITU1,10.95,0.0,0.0,0.0,0.0,0.0
4876,CA,CA,MEMBE,BASIC,10.96,0.0,0.0,0.0,0.0,0.0
6442,CA,CA,RAILW,INLAN,10.97,0.0,0.0,0.0,0.0,0.0
3100,CA,CA,FINAN,BIOGA,10.98,0.0,0.0,0.0,0.0,0.0
6053,CA,CA,POULT,CATTL,10.98,0.0,0.0,0.0,0.0,0.0
3001,CA,CA,FABRI,COMPU,10.99,0.0,0.0,0.0,0.0,0.0
5504,CA,CA,NONSP,NONSP,11.01,0.0,0.0,0.0,0.0,0.0
4858,CA,CA,MEDIC,RETA1,10.53,0.0,0.0,0.0,0.0,0.0
4330,CA,CA,LANDT,MEMBE,11.05,0.0,0.0,0.0,0.0,0.0
1664,CA,CA,CROPS,PUBLI,11.08,0.0,0.0,0.0,0.0,0.0
1245,CA,CA,CHEMI,SUPPO,11.08,0.0,0.0,0.0,0.0,0.0
6047,CA,CA,POSTT,WOODW,11.1,0.0,0.0,0.0,0.0,0.0
7822,CA,CA,TEXTI,LANDT,11.11,0.0,0.0,0.0,0.0,0.0
3514,CA,CA,FURNI,CHEMI,11.13,0.0,0.0,0.0,0.0,0.0
1877,CA,CA,DISTR,ANIMA,11.14,0.0,0.0,0.0,0.0,0.0
4150,CA,CA,INSUR,TOBAC,11.15,0.0,0.0,0.0,0.0,0.0
1892,CA,CA,DISTR,CEREA,11.18,0.0,0.0,0.0,0.0,0.0
6727,CA,CA,RECRE,MEMBE,11.19,0.0,0.0,0.0,0.0,0.0
708,CA,CA,BUSIN,CROPS,11.23,0.0,0.0,0.0,0.0,0.0
4064,CA,CA,INSUR,ELEC2,10.83,0.0,0.0,0.0,0.0,0.0
7451,CA,CA,SEACO,AIRTR,10.83,0.0,0.0,0.0,0.0,0.0
142,CA,CA,AIRTR,WHEAT,10.8,0.0,0.0,0.0,0.0,0.0
6944,CA,CA,RESEA,RUBBE,10.76,0.0,0.0,0.0,0.0,0.0
2363,CA,CA,ELEC2,TRAN2,10.56,0.0,0.0,0.0,0.0,0.0
5701,CA,CA,PAPER,TRANS,10.59,0.0,0.0,0.0,0.0,0.0
1993,CA,CA,DISTR,WHOLE,10.6,0.0,0.0,0.0,0.0,0.0
3158,CA,CA,FINAN,LIQUE,10.61,0.0,0.0,0.0,0.0,0.0
4236,CA,CA,KEROS,HEAVY,10.65,0.0,0.0,0.0,0.0,0.0
1358,CA,CA,COMPU,HYDRO,10.66,0.0,0.0,0.0,0.0,0.0
5615,CA,CA,PAPER,CEREA,10.66,0.0,0.0,0.0,0.0,0.0
891,CA,CA,CEMEN,NATUR,10.68,0.0,0.0,0.0,0.0,0.0
7123,CA,CA,RUBBE,AIRTR,10.68,0.0,0.0,0.0,0.0,0.0
7949,CA,CA,TRAN1,PIGS9,10.69,0.0,0.0,0.0,0.0,0.0
1199,CA,CA,CHEMI,HOTEL,10.69,0.0,0.0,0.0,0.0,0.0
1819,CA,CA,DIST1,HOTEL,10.7,0.0,0.0,0.0,0.0,0.0
4014,CA,CA,INLAN,RETA1,10.7,0.0,0.0,0.0,0.0,0.0
7909,CA,CA,TRAN1,FOUND,10.71,0.0,0.0,0.0,0.0,0.0
2624,CA,CA,ELEC5,CEMEN,10.71,0.0,0.0,0.0,0.0,0.0
5118,CA,CA,MOTOR,MOTOR,10.71,0.0,0.0,0.0,0.0,0.0
3494,CA,CA,FOUND,WHOLE,10.72,0.0,0.0,0.0,0.0,0.0
1695,CA,CA,CRUDE,ELECT,10.72,0.0,0.0,0.0,0.0,0.0
4534,CA,CA,LUBRI,FABRI,10.73,0.0,0.0,0.0,0.0,0.0
6251,CA,CA,PUBLI,FORES,10.74,0.0,0.0,0.0,0.0,0.0
5121,CA,CA,MOTOR,NATUR,10.74,0.0,0.0,0.0,0.0,0.0
3380,CA,CA,FORES,CHEM1,10.74,0.0,0.0,0.0,0.0,0.0
2414,CA,CA,ELEC3,GLASS,10.74,0.0,0.0,0.0,0.0,0.0
3354,CA,CA,FOOD5,REALE,11.25,0.0,0.0,0.0,0.0,0.0
3808,CA,CA,GLASS,WHOLE,11.27,0.0,0.0,0.0,0.0,0.0
3030,CA,CA,FABRI,LEAD1,11.27,0.0,0.0,0.0,0.0,0.0
862,CA,CA,CEMEN,BUSIN,11.69,0.0,0.0,0.0,0.0,0.0
6156,CA,CA,PRINT,FOOD5,11.7,0.0,0.0,0.0,0.0,0.0
690,CA,CA,BUSIN,BIOGA,11.76,0.0,0.0,0.0,0.0,0.0
3917,CA,CA,HYDRO,COPPE,11.79,0.0,0.0,0.0,0.0,0.0
6549,CA,CA,REALE,CROPS,11.81,0.0,0.0,0.0,0.0,0.0
7905,CA,CA,TRAN1,FISH5,11.82,0.0,0.0,0.0,0.0,0.0
552,CA,CA,BIODI,ELEC1,11.83,0.0,0.0,0.0,0.0,0.0
5487,CA,CA,NONSP,HEALT,11.84,0.0,0.0,0.0,0.0,0.0
5177,CA,CA,NATU1,CHEM1,11.84,0.0,0.0,0.0,0.0,0.0
2325,CA,CA,ELEC2,NONF1,11.88,0.0,0.0,0.0,0.0,0.0
4632,CA,CA,MEAT1,MEATC,11.91,0.0,0.0,0.0,0.0,0.0
6241,CA,CA,PUBLI,ELEC5,11.92,0.0,0.0,0.0,0.0,0.0
2462,CA,CA,ELEC3,RECRE,11.94,0.0,0.0,0.0,0.0,0.0
1500,CA,CA,CONST,MEATC,11.96,0.0,0.0,0.0,0.0,0.0
170,CA,CA,ALUM1,HEALT,11.98,0.0,0.0,0.0,0.0,0.0
1912,CA,CA,DISTR,FISHF,11.99,0.0,0.0,0.0,0.0,0.0
1065,CA,CA,CHEM1,DIST1,12.0,0.0,0.0,0.0,0.0,0.0
8332,CA,CA,WOODW,TEXTI,12.03,0.0,0.0,0.0,0.0,0.0
491,CA,CA,BASIC,TEXTI,12.05,0.0,0.0,0.0,0.0,0.0
1215,CA,CA,CHEMI,MOTOR,12.06,0.0,0.0,0.0,0.0,0.0
8326,CA,CA,WOODW,SANDC,12.06,0.0,0.0,0.0,0.0,0.0
371,CA,CA,AUXIL,STONE,12.07,0.0,0.0,0.0,0.0,0.0
1059,CA,CA,CHEM1,COMPU,12.08,0.0,0.0,0.0,0.0,0.0
3022,CA,CA,FABRI,HEALT,12.08,0.0,0.0,0.0,0.0,0.0
6237,CA,CA,PUBLI,ELEC1,11.69,0.0,0.0,0.0,0.0,0.0
2936,CA,CA,ELECT,FABRI,11.68,0.0,0.0,0.0,0.0,0.0
2508,CA,CA,ELEC4,CEREA,11.31,0.0,0.0,0.0,0.0,0.0
184,CA,CA,ALUM1,PAPER,11.68,0.0,0.0,0.0,0.0,0.0
6318,CA,CA,PULP5,CHEM1,11.34,0.0,0.0,0.0,0.0,0.0
6513,CA,CA,RAWMI,PUBLI,11.38,0.0,0.0,0.0,0.0,0.0
7984,CA,CA,TRAN1,WHEAT,11.4,0.0,0.0,0.0,0.0,0.0
2186,CA,CA,ELEC1,HOTEL,11.42,0.0,0.0,0.0,0.0,0.0
3686,CA,CA,GASDI,POSTT,11.43,0.0,0.0,0.0,0.0,0.0
3438,CA,CA,FOUND,BASIC,11.46,0.0,0.0,0.0,0.0,0.0
3483,CA,CA,FOUND,RETA1,11.49,0.0,0.0,0.0,0.0,0.0
7093,CA,CA,RETA1,VEGE1,11.5,0.0,0.0,0.0,0.0,0.0
3610,CA,CA,GASDI,BITUM,11.51,0.0,0.0,0.0,0.0,0.0
7261,CA,CA,SALEM,CERAM,11.51,0.0,0.0,0.0,0.0,0.0
3968,CA,CA,INLAN,BUSIN,11.52,0.0,0.0,0.0,0.0,0.0
3093,CA,CA,FINAN,ANIMA,11.53,0.0,0.0,0.0,0.0,0.0
7047,CA,CA,RETA1,NATUR,11.55,0.0,0.0,0.0,0.0,0.0
5174,CA,CA,NATU1,BITU1,11.56,0.0,0.0,0.0,0.0,0.0
6494,CA,CA,RAWMI,BUSIN,11.59,0.0,0.0,0.0,0.0,0.0
4593,CA,CA,LUBRI,RETA1,11.59,0.0,0.0,0.0,0.0,0.0
4545,CA,CA,LUBRI,HEALT,11.6,0.0,0.0,0.0,0.0,0.0
8334,CA,CA,WOODW,TRANS,11.62,0.0,0.0,0.0,0.0,0.0
1265,CA,CA,COKEO,BASIC,11.62,0.0,0.0,0.0,0.0,0.0
7370,CA,CA,SALEM,VEGE1,11.62,0.0,0.0,0.0,0.0,0.0
2150,CA,CA,ELEC1,BEVER,11.65,0.0,0.0,0.0,0.0,0.0
7607,CA,CA,SUGA1,CHEM1,11.66,0.0,0.0,0.0,0.0,0.0
6355,CA,CA,RADIO,CHEM1,11.66,0.0,0.0,0.0,0.0,0.0
519,CA,CA,BEVER,MEAT4,10.56,0.0,0.0,0.0,0.0,0.0
1612,CA,CA,COPP1,RETA1,10.53,0.0,0.0,0.0,0.0,0.0
2161,CA,CA,ELEC1,CHEM1,9.1,0.0,0.0,0.0,0.0,0.0
6998,CA,CA,RETA1,DISTR,9.56,0.0,0.0,0.0,0.0,0.0
5651,CA,CA,PAPER,LANDT,9.45,0.0,0.0,0.0,0.0,0.0
6412,CA,CA,RAILW,ANIMA,9.48,0.0,0.0,0.0,0.0,0.0
6523,CA,CA,REALE,ALUM1,9.5,0.0,0.0,0.0,0.0,0.0
6163,CA,CA,PRINT,HOTEL,9.51,0.0,0.0,0.0,0.0,0.0
8242,CA,CA,WOODW,ALUM1,9.51,0.0,0.0,0.0,0.0,0.0
4283,CA,CA,LANDT,COPP1,9.51,0.0,0.0,0.0,0.0,0.0
4957,CA,CA,MEMBE,PRINT,9.52,0.0,0.0,0.0,0.0,0.0
1933,CA,CA,DISTR,MEAT1,9.54,0.0,0.0,0.0,0.0,0.0
5164,CA,CA,MOTOR,VEGET,9.55,0.0,0.0,0.0,0.0,0.0
4833,CA,CA,MEDIC,HOTEL,9.55,0.0,0.0,0.0,0.0,0.0
6399,CA,CA,RADIO,SALEM,9.55,0.0,0.0,0.0,0.0,0.0
8264,CA,CA,WOODW,DAIRY,9.57,0.0,0.0,0.0,0.0,0.0
5195,CA,CA,NATU1,NONSP,10.52,0.0,0.0,0.0,0.0,0.0
1053,CA,CA,CHEM1,CERAM,9.57,0.0,0.0,0.0,0.0,0.0
2981,CA,CA,ELECT,WOODW,9.62,0.0,0.0,0.0,0.0,0.0
2059,CA,CA,EDUCA,PRINT,9.62,0.0,0.0,0.0,0.0,0.0
7754,CA,CA,SUPPO,RAILW,9.65,0.0,0.0,0.0,0.0,0.0
6612,CA,CA,REALE,PIGS9,9.68,0.0,0.0,0.0,0.0,0.0
1051,CA,CA,CHEM1,CATTL,9.7,0.0,0.0,0.0,0.0,0.0
1471,CA,CA,CONST,ELEC8,9.71,0.0,0.0,0.0,0.0,0.0
1479,CA,CA,CONST,FOUND,9.71,0.0,0.0,0.0,0.0,0.0
2656,CA,CA,ELEC5,LANDT,9.72,0.0,0.0,0.0,0.0,0.0
3003,CA,CA,FABRI,COPP1,9.72,0.0,0.0,0.0,0.0,0.0
8122,CA,CA,WEARI,WHOLE,9.72,0.0,0.0,0.0,0.0,0.0
3155,CA,CA,FINAN,LEAD1,9.44,0.0,0.0,0.0,0.0,0.0
1685,CA,CA,CRUDE,AVIAT,9.44,0.0,0.0,0.0,0.0,0.0
2627,CA,CA,ELEC5,CHEM1,9.44,0.0,0.0,0.0,0.0,0.0
7257,CA,CA,SALEM,BRICK,9.41,0.0,0.0,0.0,0.0,0.0
7871,CA,CA,TRAN1,AIRTR,9.1,0.0,0.0,0.0,0.0,0.0
6538,CA,CA,REALE,CEMEN,9.12,0.0,0.0,0.0,0.0,0.0
5095,CA,CA,MOTOR,GLASS,9.13,0.0,0.0,0.0,0.0,0.0
3758,CA,CA,GLASS,DAIRY,9.14,0.0,0.0,0.0,0.0,0.0
4327,CA,CA,LANDT,MEATC,9.16,0.0,0.0,0.0,0.0,0.0
3713,CA,CA,GASDI,TRAN2,9.17,0.0,0.0,0.0,0.0,0.0
3980,CA,CA,INLAN,FISHF,9.18,0.0,0.0,0.0,0.0,0.0
7004,CA,CA,RETA1,ELEC4,9.18,0.0,0.0,0.0,0.0,0.0
2190,CA,CA,ELEC1,LANDT,9.21,0.0,0.0,0.0,0.0,0.0
3625,CA,CA,GASDI,CROPS,9.21,0.0,0.0,0.0,0.0,0.0
5301,CA,CA,NONF1,ELECT,9.21,0.0,0.0,0.0,0.0,0.0
5653,CA,CA,PAPER,LEATH,9.22,0.0,0.0,0.0,0.0,0.0
5773,CA,CA,PFERT,BIOGA,9.23,0.0,0.0,0.0,0.0,0.0
2683,CA,CA,ELEC5,PFERT,9.24,0.0,0.0,0.0,0.0,0.0
4484,CA,CA,LEATH,TEXTI,9.28,0.0,0.0,0.0,0.0,0.0
4848,CA,CA,MEDIC,PAPER,9.29,0.0,0.0,0.0,0.0,0.0
4825,CA,CA,MEDIC,ELECT,9.3,0.0,0.0,0.0,0.0,0.0
1527,CA,CA,CONST,PULP5,9.33,0.0,0.0,0.0,0.0,0.0
1872,CA,CA,DIST1,WOODW,9.35,0.0,0.0,0.0,0.0,0.0
7809,CA,CA,TEXTI,FABRI,9.35,0.0,0.0,0.0,0.0,0.0
6937,CA,CA,RESEA,REALE,9.36,0.0,0.0,0.0,0.0,0.0
1499,CA,CA,CONST,MEATA,9.39,0.0,0.0,0.0,0.0,0.0
1195,CA,CA,CHEMI,GASDI,9.39,0.0,0.0,0.0,0.0,0.0
5954,CA,CA,POSTT,ELEC3,9.74,0.0,0.0,0.0,0.0,0.0
3955,CA,CA,HYDRO,STONE,9.74,0.0,0.0,0.0,0.0,0.0
3398,CA,CA,FORES,MEDIC,9.75,0.0,0.0,0.0,0.0,0.0
8311,CA,CA,WOODW,POSTT,10.12,0.0,0.0,0.0,0.0,0.0
7706,CA,CA,SUPPO,FORES,10.15,0.0,0.0,0.0,0.0,0.0
1640,CA,CA,CROPS,CROPS,10.15,0.0,0.0,0.0,0.0,0.0
4256,CA,CA,KEROS,SUPPO,10.18,0.0,0.0,0.0,0.0,0.0
8239,CA,CA,WHOLE,WOODW,10.21,0.0,0.0,0.0,0.0,0.0
5953,CA,CA,POSTT,ELEC2,10.25,0.0,0.0,0.0,0.0,0.0
312,CA,CA,AUXIL,HEAVY,10.26,0.0,0.0,0.0,0.0,0.0
8222,CA,CA,WHOLE,PRINT,10.28,0.0,0.0,0.0,0.0,0.0
8350,CA,CA,WOOLS,LEATH,10.3,0.0,0.0,0.0,0.0,0.0
6931,CA,CA,RESEA,PRINT,10.31,0.0,0.0,0.0,0.0,0.0
7762,CA,CA,SUPPO,RETAI,10.32,0.0,0.0,0.0,0.0,0.0
7215,CA,CA,RUBBE,REALE,10.32,0.0,0.0,0.0,0.0,0.0
997,CA,CA,CEREA,MEATA,10.35,0.0,0.0,0.0,0.0,0.0
2279,CA,CA,ELEC2,COMPU,10.38,0.0,0.0,0.0,0.0,0.0
6225,CA,CA,PUBLI,CHEM1,10.41,0.0,0.0,0.0,0.0,0.0
3671,CA,CA,GASDI,NATU1,10.43,0.0,0.0,0.0,0.0,0.0
4241,CA,CA,KEROS,LIQUE,10.46,0.0,0.0,0.0,0.0,0.0
4146,CA,CA,INSUR,SUGA1,10.48,0.0,0.0,0.0,0.0,0.0
3682,CA,CA,GASDI,PFERT,10.48,0.0,0.0,0.0,0.0,0.0
6415,CA,CA,RAILW,BASIC,10.49,0.0,0.0,0.0,0.0,0.0
4067,CA,CA,INSUR,ELEC5,10.5,0.0,0.0,0.0,0.0,0.0
1134,CA,CA,CHEM1,RAWMI,10.5,0.0,0.0,0.0,0.0,0.0
7901,CA,CA,TRAN1,ELECT,10.5,0.0,0.0,0.0,0.0,0.0
7329,CA,CA,SALEM,NONSP,10.51,0.0,0.0,0.0,0.0,0.0
4399,CA,CA,LEAD1,CONST,10.12,0.0,0.0,0.0,0.0,0.0
242,CA,CA,ANIMA,RAWMI,10.1,0.0,0.0,0.0,0.0,0.0
3053,CA,CA,FABRI,PAPER,9.77,0.0,0.0,0.0,0.0,0.0
5298,CA,CA,NONF1,CRUDE,10.1,0.0,0.0,0.0,0.0,0.0
6812,CA,CA,REFI1,WHOLE,9.78,0.0,0.0,0.0,0.0,0.0
1507,CA,CA,CONST,NATU1,9.81,0.0,0.0,0.0,0.0,0.0
2368,CA,CA,ELEC2,WEARI,9.81,0.0,0.0,0.0,0.0,0.0
3982,CA,CA,INLAN,FORES,9.84,0.0,0.0,0.0,0.0,0.0
8318,CA,CA,WOODW,REALE,9.84,0.0,0.0,0.0,0.0,0.0
4582,CA,CA,LUBRI,PRINT,9.86,0.0,0.0,0.0,0.0,0.0
1417,CA,CA,COMPU,TEXTI,9.87,0.0,0.0,0.0,0.0,0.0
831,CA,CA,CATTL,LANDT,9.9,0.0,0.0,0.0,0.0,0.0
1344,CA,CA,COMPU,FABRI,9.91,0.0,0.0,0.0,0.0,0.0
1409,CA,CA,COMPU,RUBBE,9.93,0.0,0.0,0.0,0.0,0.0
2547,CA,CA,ELEC4,MEAT1,9.93,0.0,0.0,0.0,0.0,0.0
7199,CA,CA,RUBBE,OILSE,9.93,0.0,0.0,0.0,0.0,0.0
273,CA,CA,AUXIL,CERAM,9.93,0.0,0.0,0.0,0.0,0.0
5522,CA,CA,NONSP,RETA1,9.93,0.0,0.0,0.0,0.0,0.0
7314,CA,CA,SALEM,MEAT4,10.01,0.0,0.0,0.0,0.0,0.0
2158,CA,CA,ELEC1,CEMEN,10.02,0.0,0.0,0.0,0.0,0.0
752,CA,CA,BUSIN,MEATA,10.02,0.0,0.0,0.0,0.0,0.0
2552,CA,CA,ELEC4,MEDIC,10.02,0.0,0.0,0.0,0.0,0.0
7251,CA,CA,SALEM,BIODI,10.02,0.0,0.0,0.0,0.0,0.0
8134,CA,CA,WHEAT,CHEM1,10.03,0.0,0.0,0.0,0.0,0.0
4316,CA,CA,LANDT,INSUR,10.03,0.0,0.0,0.0,0.0,0.0
3689,CA,CA,GASDI,PRINT,10.03,0.0,0.0,0.0,0.0,0.0
2336,CA,CA,ELEC2,POSTT,10.06,0.0,0.0,0.0,0.0,0.0
6656,CA,CA,RECRE,AIRTR,6.7,0.0,0.0,0.0,0.0,0.0
5690,CA,CA,PAPER,SALEM,6.68,0.0,0.0,0.0,0.0,0.0
4612,CA,CA,LUBRI,WOODW,4.03,0.0,0.0,0.0,0.0,0.0
2076,CA,CA,EDUCA,TOBAC,4.75,0.0,0.0,0.0,0.0,0.0
3717,CA,CA,GASDI,WEARI,4.66,0.0,0.0,0.0,0.0,0.0
6259,CA,CA,PUBLI,INLAN,4.66,0.0,0.0,0.0,0.0,0.0
8214,CA,CA,WHOLE,MOTOR,4.67,0.0,0.0,0.0,0.0,0.0
7932,CA,CA,TRAN1,MEDIC,4.67,0.0,0.0,0.0,0.0,0.0
2014,CA,CA,EDUCA,DISTR,4.67,0.0,0.0,0.0,0.0,0.0
1390,CA,CA,COMPU,PFERT,4.69,0.0,0.0,0.0,0.0,0.0
965,CA,CA,CEREA,BEVER,4.7,0.0,0.0,0.0,0.0,0.0
6413,CA,CA,RAILW,AUXIL,4.7,0.0,0.0,0.0,0.0,0.0
2696,CA,CA,ELEC5,RECRE,4.72,0.0,0.0,0.0,0.0,0.0
3052,CA,CA,FABRI,OILSE,4.73,0.0,0.0,0.0,0.0,0.0
5851,CA,CA,PIGS9,LANDT,4.75,0.0,0.0,0.0,0.0,0.0
2170,CA,CA,ELEC1,DAIRY,4.77,0.0,0.0,0.0,0.0,0.0
4393,CA,CA,LEAD1,BIOGA,4.52,0.0,0.0,0.0,0.0,0.0
4211,CA,CA,KERO1,REALE,4.77,0.0,0.0,0.0,0.0,0.0
2973,CA,CA,ELECT,SEACO,4.77,0.0,0.0,0.0,0.0,0.0
6697,CA,CA,RECRE,FABRI,4.78,0.0,0.0,0.0,0.0,0.0
5796,CA,CA,PFERT,FOOD5,4.78,0.0,0.0,0.0,0.0,0.0
8050,CA,CA,VEGET,FOOD5,4.78,0.0,0.0,0.0,0.0,0.0
3207,CA,CA,FINAN,SUGA1,4.78,0.0,0.0,0.0,0.0,0.0
4873,CA,CA,MEMBE,ANIMA,4.8,0.0,0.0,0.0,0.0,0.0
3810,CA,CA,HEALT,93197,4.81,0.0,0.0,0.0,0.0,0.0
8147,CA,CA,WHEAT,HOTEL,4.81,0.0,0.0,0.0,0.0,0.0
8177,CA,CA,WHOLE,AUXIL,4.81,0.0,0.0,0.0,0.0,0.0
3454,CA,CA,FOUND,FOUND,4.82,0.0,0.0,0.0,0.0,0.0
7930,CA,CA,TRAN1,MEATC,4.64,0.0,0.0,0.0,0.0,0.0
51,CA,CA,93197,RESEA,4.64,0.0,0.0,0.0,0.0,0.0
1388,CA,CA,COMPU,PAPER,4.64,0.0,0.0,0.0,0.0,0.0
4837,CA,CA,MEDIC,LANDT,4.63,0.0,0.0,0.0,0.0,0.0
986,CA,CA,CEREA,FORES,4.53,0.0,0.0,0.0,0.0,0.0
3642,CA,CA,GASDI,FOUND,4.53,0.0,0.0,0.0,0.0,0.0
6199,CA,CA,PRINT,RUBBE,4.53,0.0,0.0,0.0,0.0,0.0
5995,CA,CA,POSTT,MOTOR,4.54,0.0,0.0,0.0,0.0,0.0
342,CA,CA,AUXIL,OFFIC,4.55,0.0,0.0,0.0,0.0,0.0
1305,CA,CA,COMPU,BASIC,4.55,0.0,0.0,0.0,0.0,0.0
2364,CA,CA,ELEC2,TRANS,4.56,0.0,0.0,0.0,0.0,0.0
3287,CA,CA,FISHF,WHOLE,4.56,0.0,0.0,0.0,0.0,0.0
3500,CA,CA,FURNI,AUXIL,4.57,0.0,0.0,0.0,0.0,0.0
722,CA,CA,BUSIN,ELEC8,4.58,0.0,0.0,0.0,0.0,0.0
5474,CA,CA,NONSP,EDUCA,4.58,0.0,0.0,0.0,0.0,0.0
7035,CA,CA,RETA1,LUBRI,4.59,0.0,0.0,0.0,0.0,0.0
7103,CA,CA,RETAI,BEVER,4.59,0.0,0.0,0.0,0.0,0.0
7641,CA,CA,SUGA1,SALEM,4.59,0.0,0.0,0.0,0.0,0.0
4604,CA,CA,LUBRI,TEXTI,4.6,0.0,0.0,0.0,0.0,0.0
124,CA,CA,AIRTR,RECRE,4.61,0.0,0.0,0.0,0.0,0.0
439,CA,CA,BASIC,FISHF,4.62,0.0,0.0,0.0,0.0,0.0
7995,CA,CA,TRANS,COMPU,4.62,0.0,0.0,0.0,0.0,0.0
5150,CA,CA,MOTOR,RETAI,4.62,0.0,0.0,0.0,0.0,0.0
6066,CA,CA,POULT,PIGS9,4.62,0.0,0.0,0.0,0.0,0.0
2278,CA,CA,ELEC2,COKIN,4.62,0.0,0.0,0.0,0.0,0.0
1453,CA,CA,CONST,COKIN,4.63,0.0,0.0,0.0,0.0,0.0
7491,CA,CA,SEACO,MOTOR,4.63,0.0,0.0,0.0,0.0,0.0
1598,CA,CA,COPP1,NONME,4.82,0.0,0.0,0.0,0.0,0.0
5542,CA,CA,OFFIC,DISTR,4.83,0.0,0.0,0.0,0.0,0.0
8275,CA,CA,WOODW,FISHF,4.83,0.0,0.0,0.0,0.0,0.0
1531,CA,CA,CONST,REALE,4.98,0.0,0.0,0.0,0.0,0.0
4058,CA,CA,INSUR,DAIRY,4.99,0.0,0.0,0.0,0.0,0.0
2165,CA,CA,ELEC1,COMPU,4.99,0.0,0.0,0.0,0.0,0.0
7931,CA,CA,TRAN1,MEATP,5.0,0.0,0.0,0.0,0.0,0.0
6775,CA,CA,RECRE,WEARI,5.0,0.0,0.0,0.0,0.0,0.0
5049,CA,CA,MOTOR,BASIC,5.0,0.0,0.0,0.0,0.0,0.0
7561,CA,CA,STONE,KEROS,5.02,0.0,0.0,0.0,0.0,0.0
7236,CA,CA,RUBBE,VEGE1,5.02,0.0,0.0,0.0,0.0,0.0
7602,CA,CA,SUGA1,BEVER,5.02,0.0,0.0,0.0,0.0,0.0
905,CA,CA,CEMEN,RETA1,5.02,0.0,0.0,0.0,0.0,0.0
1905,CA,CA,DISTR,EDUCA,5.04,0.0,0.0,0.0,0.0,0.0
7470,CA,CA,SEACO,FABRI,5.06,0.0,0.0,0.0,0.0,0.0
4031,CA,CA,INSUR,ANIMA,5.06,0.0,0.0,0.0,0.0,0.0
5116,CA,CA,MOTOR,MEMBE,5.07,0.0,0.0,0.0,0.0,0.0
6271,CA,CA,PUBLI,NATUR,5.08,0.0,0.0,0.0,0.0,0.0
49,CA,CA,93197,REALE,5.11,0.0,0.0,0.0,0.0,0.0
8255,CA,CA,WOODW,CEREA,5.11,0.0,0.0,0.0,0.0,0.0
1502,CA,CA,CONST,MEDIC,5.13,0.0,0.0,0.0,0.0,0.0
6828,CA,CA,REFIN,MOTOR,5.13,0.0,0.0,0.0,0.0,0.0
6758,CA,CA,RECRE,RUBBE,5.13,0.0,0.0,0.0,0.0,0.0
1136,CA,CA,CHEM1,RECRE,5.14,0.0,0.0,0.0,0.0,0.0
1977,CA,CA,DISTR,SEACO,5.17,0.0,0.0,0.0,0.0,0.0
4108,CA,CA,INSUR,NATU1,5.18,0.0,0.0,0.0,0.0,0.0
4611,CA,CA,LUBRI,WHOLE,5.19,0.0,0.0,0.0,0.0,0.0
6061,CA,CA,POULT,MEAT4,4.98,0.0,0.0,0.0,0.0,0.0
856,CA,CA,CATTL,WHOLE,4.95,0.0,0.0,0.0,0.0,0.0
3101,CA,CA,FINAN,BITU1,4.83,0.0,0.0,0.0,0.0,0.0
6418,CA,CA,RAILW,BITUM,4.95,0.0,0.0,0.0,0.0,0.0
8167,CA,CA,WHEAT,RUBBE,4.83,0.0,0.0,0.0,0.0,0.0
6308,CA,CA,PUBLI,VEGET,4.84,0.0,0.0,0.0,0.0,0.0
7505,CA,CA,SEACO,PULP5,4.85,0.0,0.0,0.0,0.0,0.0
698,CA,CA,BUSIN,CERAM,4.85,0.0,0.0,0.0,0.0,0.0
1960,CA,CA,DISTR,PREC1,4.85,0.0,0.0,0.0,0.0,0.0
4613,CA,CA,MEAT1,93197,4.87,0.0,0.0,0.0,0.0,0.0
7239,CA,CA,RUBBE,WHEAT,4.87,0.0,0.0,0.0,0.0,0.0
6455,CA,CA,RAILW,MOTOR,4.88,0.0,0.0,0.0,0.0,0.0
58,CA,CA,93197,SUPPO,4.88,0.0,0.0,0.0,0.0,0.0
5736,CA,CA,PETRO,GASDI,4.88,0.0,0.0,0.0,0.0,0.0
6658,CA,CA,RECRE,ANIMA,4.89,0.0,0.0,0.0,0.0,0.0
3162,CA,CA,FINAN,MEATA,4.89,0.0,0.0,0.0,0.0,0.0
1298,CA,CA,COKIN,WHOLE,4.9,0.0,0.0,0.0,0.0,0.0
1127,CA,CA,CHEM1,POULT,4.9,0.0,0.0,0.0,0.0,0.0
5606,CA,CA,PAPER,BASIC,4.91,0.0,0.0,0.0,0.0,0.0
7584,CA,CA,STONE,REFI1,4.91,0.0,0.0,0.0,0.0,0.0
2220,CA,CA,ELEC1,POSTT,4.91,0.0,0.0,0.0,0.0,0.0
6029,CA,CA,POSTT,SEACO,4.92,0.0,0.0,0.0,0.0,0.0
477,CA,CA,BASIC,RADIO,4.92,0.0,0.0,0.0,0.0,0.0
2794,CA,CA,ELEC6,PUBLI,4.93,0.0,0.0,0.0,0.0,0.0
2166,CA,CA,ELEC1,CONST,4.94,0.0,0.0,0.0,0.0,0.0
7224,CA,CA,RUBBE,SANDC,4.94,0.0,0.0,0.0,0.0,0.0
1559,CA,CA,CONST,WHOLE,4.95,0.0,0.0,0.0,0.0,0.0
8126,CA,CA,WHEAT,ANIMA,4.52,0.0,0.0,0.0,0.0,0.0
5511,CA,CA,NONSP,POSTT,4.51,0.0,0.0,0.0,0.0,0.0
2246,CA,CA,ELEC1,TRAN2,5.19,0.0,0.0,0.0,0.0,0.0
3294,CA,CA,FOOD5,BIODI,4.19,0.0,0.0,0.0,0.0,0.0
2745,CA,CA,ELEC6,CRUDE,4.16,0.0,0.0,0.0,0.0,0.0
6204,CA,CA,PRINT,TRAN1,4.16,0.0,0.0,0.0,0.0,0.0
4110,CA,CA,INSUR,NFERT,4.17,0.0,0.0,0.0,0.0,0.0
7031,CA,CA,RETA1,LEAD1,4.17,0.0,0.0,0.0,0.0,0.0
4380,CA,CA,LANDT,VEGE1,4.18,0.0,0.0,0.0,0.0,0.0
6955,CA,CA,RESEA,TRAN1,4.18,0.0,0.0,0.0,0.0,0.0
4594,CA,CA,LUBRI,RETAI,4.19,0.0,0.0,0.0,0.0,0.0
5163,CA,CA,MOTOR,TRANS,4.19,0.0,0.0,0.0,0.0,0.0
3371,CA,CA,FOOD5,WOODW,4.19,0.0,0.0,0.0,0.0,0.0
5657,CA,CA,PAPER,MEAT4,4.19,0.0,0.0,0.0,0.0,0.0
2458,CA,CA,ELEC3,RADIO,4.19,0.0,0.0,0.0,0.0,0.0
5290,CA,CA,NONF1,CEMEN,4.2,0.0,0.0,0.0,0.0,0.0
1524,CA,CA,CONST,PREC1,4.51,0.0,0.0,0.0,0.0,0.0
2649,CA,CA,ELEC5,GLASS,4.2,0.0,0.0,0.0,0.0,0.0
2323,CA,CA,ELEC2,NATUR,4.2,0.0,0.0,0.0,0.0,0.0
4506,CA,CA,LUBRI,AUXIL,4.21,0.0,0.0,0.0,0.0,0.0
4432,CA,CA,LEAD1,RETA1,4.21,0.0,0.0,0.0,0.0,0.0
779,CA,CA,BUSIN,PUBLI,4.21,0.0,0.0,0.0,0.0,0.0
6222,CA,CA,PUBLI,CATTL,4.21,0.0,0.0,0.0,0.0,0.0
7390,CA,CA,SANDC,CHEM1,4.22,0.0,0.0,0.0,0.0,0.0
6861,CA,CA,RESEA,COMPU,4.22,0.0,0.0,0.0,0.0,0.0
8040,CA,CA,VEGET,BUSIN,4.22,0.0,0.0,0.0,0.0,0.0
467,CA,CA,BASIC,OFFIC,4.23,0.0,0.0,0.0,0.0,0.0
1900,CA,CA,DISTR,COPP1,4.23,0.0,0.0,0.0,0.0,0.0
1111,CA,CA,CHEM1,NAPHT,4.16,0.0,0.0,0.0,0.0,0.0
7270,CA,CA,SALEM,COPP1,4.16,0.0,0.0,0.0,0.0,0.0
7132,CA,CA,RUBBE,BIOGA,4.15,0.0,0.0,0.0,0.0,0.0
2970,CA,CA,ELECT,RETA1,4.15,0.0,0.0,0.0,0.0,0.0
5846,CA,CA,PIGS9,CRUDE,4.04,0.0,0.0,0.0,0.0,0.0
6616,CA,CA,REALE,POULT,4.04,0.0,0.0,0.0,0.0,0.0
7817,CA,CA,TEXTI,HEALT,4.05,0.0,0.0,0.0,0.0,0.0
2598,CA,CA,ELEC4,TOBAC,4.05,0.0,0.0,0.0,0.0,0.0
5071,CA,CA,MOTOR,DAIRY,4.05,0.0,0.0,0.0,0.0,0.0
5562,CA,CA,OILSE,BEVER,4.05,0.0,0.0,0.0,0.0,0.0
6473,CA,CA,RAILW,RESEA,4.06,0.0,0.0,0.0,0.0,0.0
3024,CA,CA,FABRI,HOTEL,4.07,0.0,0.0,0.0,0.0,0.0
5726,CA,CA,PETRO,ELEC4,4.07,0.0,0.0,0.0,0.0,0.0
2360,CA,CA,ELEC2,SUPPO,4.07,0.0,0.0,0.0,0.0,0.0
7312,CA,CA,SALEM,LUBRI,4.09,0.0,0.0,0.0,0.0,0.0
4098,CA,CA,INSUR,MEAT1,4.09,0.0,0.0,0.0,0.0,0.0
4164,CA,CA,KERO1,93197,4.1,0.0,0.0,0.0,0.0,0.0
775,CA,CA,BUSIN,POSTT,4.1,0.0,0.0,0.0,0.0,0.0
7178,CA,CA,RUBBE,LEAD1,4.11,0.0,0.0,0.0,0.0,0.0
1771,CA,CA,DAIRY,RECRE,4.11,0.0,0.0,0.0,0.0,0.0
5508,CA,CA,NONSP,PETRO,4.11,0.0,0.0,0.0,0.0,0.0
5364,CA,CA,NONFE,ELEC3,4.12,0.0,0.0,0.0,0.0,0.0
5545,CA,CA,OFFIC,ELEC2,4.13,0.0,0.0,0.0,0.0,0.0
2183,CA,CA,ELEC1,GLASS,4.14,0.0,0.0,0.0,0.0,0.0
7854,CA,CA,TEXTI,SANDC,4.14,0.0,0.0,0.0,0.0,0.0
3297,CA,CA,FOOD5,BLAST,4.14,0.0,0.0,0.0,0.0,0.0
7058,CA,CA,RETA1,PIGS9,4.14,0.0,0.0,0.0,0.0,0.0
6386,CA,CA,RADIO,PAPER,4.23,0.0,0.0,0.0,0.0,0.0
20,CA,CA,93197,DIST1,4.24,0.0,0.0,0.0,0.0,0.0
8013,CA,CA,TRANS,PUBLI,4.24,0.0,0.0,0.0,0.0,0.0
7074,CA,CA,RETA1,RESEA,4.37,0.0,0.0,0.0,0.0,0.0
5011,CA,CA,MOTO1,HYDRO,4.38,0.0,0.0,0.0,0.0,0.0
4942,CA,CA,MEMBE,NATUR,4.39,0.0,0.0,0.0,0.0,0.0
1837,CA,CA,DIST1,PAPER,4.4,0.0,0.0,0.0,0.0,0.0
3291,CA,CA,FOOD5,AUXIL,4.4,0.0,0.0,0.0,0.0,0.0
327,CA,CA,AUXIL,MEATA,4.4,0.0,0.0,0.0,0.0,0.0
992,CA,CA,CEREA,LANDT,4.41,0.0,0.0,0.0,0.0,0.0
2230,CA,CA,ELEC1,RECRE,4.41,0.0,0.0,0.0,0.0,0.0
6403,CA,CA,RADIO,TEXTI,4.41,0.0,0.0,0.0,0.0,0.0
215,CA,CA,ANIMA,CATTL,4.41,0.0,0.0,0.0,0.0,0.0
481,CA,CA,BASIC,REFI1,4.42,0.0,0.0,0.0,0.0,0.0
6792,CA,CA,REFI1,KERO1,4.43,0.0,0.0,0.0,0.0,0.0
3084,CA,CA,FABRI,WEARI,4.44,0.0,0.0,0.0,0.0,0.0
7227,CA,CA,RUBBE,STONE,4.44,0.0,0.0,0.0,0.0,0.0
6503,CA,CA,RAWMI,LANDT,4.44,0.0,0.0,0.0,0.0,0.0
6036,CA,CA,POSTT,TOBAC,4.45,0.0,0.0,0.0,0.0,0.0
3644,CA,CA,GASDI,GASDI,4.47,0.0,0.0,0.0,0.0,0.0
7731,CA,CA,SUPPO,MOTO1,4.49,0.0,0.0,0.0,0.0,0.0
6982,CA,CA,RETA1,CATTL,4.49,0.0,0.0,0.0,0.0,0.0
8007,CA,CA,TRANS,MEDIC,4.49,0.0,0.0,0.0,0.0,0.0
2019,CA,CA,EDUCA,ELEC4,4.49,0.0,0.0,0.0,0.0,0.0
1290,CA,CA,COKIN,PAPER,4.49,0.0,0.0,0.0,0.0,0.0
6146,CA,CA,PRINT,ELEC3,4.5,0.0,0.0,0.0,0.0,0.0
4579,CA,CA,LUBRI,POSTT,4.5,0.0,0.0,0.0,0.0,0.0
5373,CA,CA,NONFE,TRAN1,4.38,0.0,0.0,0.0,0.0,0.0
2445,CA,CA,ELEC3,OFFIC,4.37,0.0,0.0,0.0,0.0,0.0
2921,CA,CA,ELECT,BUSIN,4.25,0.0,0.0,0.0,0.0,0.0
3584,CA,CA,FURNI,SALEM,4.37,0.0,0.0,0.0,0.0,0.0
6594,CA,CA,REALE,MEATC,4.25,0.0,0.0,0.0,0.0,0.0
4566,CA,CA,LUBRI,MOTO1,4.26,0.0,0.0,0.0,0.0,0.0
5459,CA,CA,NONSP,AUXIL,4.27,0.0,0.0,0.0,0.0,0.0
4453,CA,CA,LEATH,CONST,4.29,0.0,0.0,0.0,0.0,0.0
1668,CA,CA,CROPS,RECRE,4.3,0.0,0.0,0.0,0.0,0.0
7025,CA,CA,RETA1,HYDRO,4.31,0.0,0.0,0.0,0.0,0.0
4708,CA,CA,MEAT4,VEGE1,4.31,0.0,0.0,0.0,0.0,0.0
2006,CA,CA,EDUCA,CHEM1,4.31,0.0,0.0,0.0,0.0,0.0
1697,CA,CA,CRUDE,FABRI,4.32,0.0,0.0,0.0,0.0,0.0
4939,CA,CA,MEMBE,MOTOR,4.32,0.0,0.0,0.0,0.0,0.0
331,CA,CA,AUXIL,MEMBE,4.32,0.0,0.0,0.0,0.0,0.0
5604,CA,CA,PAPER,AUXIL,4.33,0.0,0.0,0.0,0.0,0.0
1171,CA,CA,CHEMI,BIODI,4.34,0.0,0.0,0.0,0.0,0.0
8097,CA,CA,WEARI,HOTEL,4.34,0.0,0.0,0.0,0.0,0.0
1231,CA,CA,CHEMI,PULP5,4.34,0.0,0.0,0.0,0.0,0.0
3986,CA,CA,INLAN,HOTEL,4.34,0.0,0.0,0.0,0.0,0.0
2453,CA,CA,ELEC3,POULT,4.34,0.0,0.0,0.0,0.0,0.0
967,CA,CA,CEREA,BIOGA,4.34,0.0,0.0,0.0,0.0,0.0
2330,CA,CA,ELEC2,OILSE,4.35,0.0,0.0,0.0,0.0,0.0
7076,CA,CA,RETA1,RETAI,4.35,0.0,0.0,0.0,0.0,0.0
6228,CA,CA,PUBLI,COMPU,4.35,0.0,0.0,0.0,0.0,0.0
3467,CA,CA,FOUND,NATUR,4.36,0.0,0.0,0.0,0.0,0.0
6608,CA,CA,REALE,OILSE,4.37,0.0,0.0,0.0,0.0,0.0
4246,CA,CA,KEROS,NONSP,5.19,0.0,0.0,0.0,0.0,0.0
1928,CA,CA,DISTR,LEAD1,5.19,0.0,0.0,0.0,0.0,0.0
2400,CA,CA,ELEC3,DAIRY,6.68,0.0,0.0,0.0,0.0,0.0
843,CA,CA,CATTL,POULT,6.15,0.0,0.0,0.0,0.0,0.0
1996,CA,CA,EDUCA,AIRTR,6.08,0.0,0.0,0.0,0.0,0.0
4329,CA,CA,LANDT,MEDIC,6.08,0.0,0.0,0.0,0.0,0.0
2675,CA,CA,ELEC5,NONF1,6.08,0.0,0.0,0.0,0.0,0.0
3646,CA,CA,GASDI,GLASS,6.08,0.0,0.0,0.0,0.0,0.0
2394,CA,CA,ELEC3,COKIN,6.11,0.0,0.0,0.0,0.0,0.0
7933,CA,CA,TRAN1,MEMBE,6.11,0.0,0.0,0.0,0.0,0.0
2045,CA,CA,EDUCA,MEMBE,6.13,0.0,0.0,0.0,0.0,0.0
2303,CA,CA,ELEC2,INSUR,6.14,0.0,0.0,0.0,0.0,0.0
2967,CA,CA,ELECT,RECRE,6.14,0.0,0.0,0.0,0.0,0.0
505,CA,CA,BEVER,COMPU,6.14,0.0,0.0,0.0,0.0,0.0
7137,CA,CA,RUBBE,CEMEN,6.15,0.0,0.0,0.0,0.0,0.0
3638,CA,CA,GASDI,FISH5,6.16,0.0,0.0,0.0,0.0,0.0
766,CA,CA,BUSIN,NONSP,5.87,0.0,0.0,0.0,0.0,0.0
2223,CA,CA,ELEC1,PRINT,6.16,0.0,0.0,0.0,0.0,0.0
6957,CA,CA,RESEA,TRANS,6.2,0.0,0.0,0.0,0.0,0.0
5510,CA,CA,NONSP,PLAST,6.23,0.0,0.0,0.0,0.0,0.0
3370,CA,CA,FOOD5,WHOLE,6.24,0.0,0.0,0.0,0.0,0.0
3319,CA,CA,FOOD5,FURNI,6.24,0.0,0.0,0.0,0.0,0.0
4306,CA,CA,LANDT,FOUND,6.24,0.0,0.0,0.0,0.0,0.0
4741,CA,CA,MEATC,93197,6.24,0.0,0.0,0.0,0.0,0.0
1856,CA,CA,DIST1,RETAI,6.25,0.0,0.0,0.0,0.0,0.0
5191,CA,CA,NATU1,LUBRI,6.25,0.0,0.0,0.0,0.0,0.0
2064,CA,CA,EDUCA,RECRE,6.25,0.0,0.0,0.0,0.0,0.0
5749,CA,CA,PETRO,MOTOR,6.27,0.0,0.0,0.0,0.0,0.0
7206,CA,CA,RUBBE,POSTT,6.06,0.0,0.0,0.0,0.0,0.0
851,CA,CA,CATTL,RUBBE,6.06,0.0,0.0,0.0,0.0,0.0
6888,CA,CA,RESEA,FURNI,6.04,0.0,0.0,0.0,0.0,0.0
1937,CA,CA,DISTR,MEATP,6.04,0.0,0.0,0.0,0.0,0.0
5350,CA,CA,NONF1,TEXTI,5.88,0.0,0.0,0.0,0.0,0.0
4275,CA,CA,LANDT,CEMEN,5.89,0.0,0.0,0.0,0.0,0.0
4101,CA,CA,INSUR,MEATC,5.9,0.0,0.0,0.0,0.0,0.0
2708,CA,CA,ELEC5,TEXTI,5.9,0.0,0.0,0.0,0.0,0.0
5677,CA,CA,PAPER,PRINT,5.91,0.0,0.0,0.0,0.0,0.0
4908,CA,CA,MEMBE,FABRI,5.92,0.0,0.0,0.0,0.0,0.0
1472,CA,CA,CONST,ELECT,5.93,0.0,0.0,0.0,0.0,0.0
3893,CA,CA,HOTEL,RESEA,5.93,0.0,0.0,0.0,0.0,0.0
2644,CA,CA,ELEC5,FOOD5,5.93,0.0,0.0,0.0,0.0,0.0
8099,CA,CA,WEARI,LEATH,5.95,0.0,0.0,0.0,0.0,0.0
5129,CA,CA,MOTOR,PAPER,5.95,0.0,0.0,0.0,0.0,0.0
6759,CA,CA,RECRE,SALEM,5.95,0.0,0.0,0.0,0.0,0.0
5617,CA,CA,PAPER,CHEMI,5.98,0.0,0.0,0.0,0.0,0.0
5157,CA,CA,MOTOR,SUGA1,6.0,0.0,0.0,0.0,0.0,0.0
5680,CA,CA,PAPER,RADIO,6.0,0.0,0.0,0.0,0.0,0.0
4521,CA,CA,LUBRI,COKIN,6.0,0.0,0.0,0.0,0.0,0.0
2550,CA,CA,ELEC4,MEATC,6.0,0.0,0.0,0.0,0.0,0.0
2225,CA,CA,ELEC1,PULP5,6.0,0.0,0.0,0.0,0.0,0.0
4770,CA,CA,MEATC,SALEM,6.0,0.0,0.0,0.0,0.0,0.0
1172,CA,CA,CHEMI,BIOGA,6.01,0.0,0.0,0.0,0.0,0.0
5131,CA,CA,MOTOR,PFERT,6.02,0.0,0.0,0.0,0.0,0.0
6771,CA,CA,RECRE,TRANS,6.04,0.0,0.0,0.0,0.0,0.0
69,CA,CA,AIRTR,BEVER,6.04,0.0,0.0,0.0,0.0,0.0
3959,CA,CA,HYDRO,WHITE,6.27,0.0,0.0,0.0,0.0,0.0
4141,CA,CA,INSUR,SANDC,6.28,0.0,0.0,0.0,0.0,0.0
1623,CA,CA,COPP1,WOODW,6.28,0.0,0.0,0.0,0.0,0.0
5330,CA,CA,NONF1,PAPER,6.47,0.0,0.0,0.0,0.0,0.0
2779,CA,CA,ELEC6,NFERT,6.5,0.0,0.0,0.0,0.0,0.0
6461,CA,CA,RAILW,PAPER,6.51,0.0,0.0,0.0,0.0,0.0
3108,CA,CA,FINAN,CERAM,6.51,0.0,0.0,0.0,0.0,0.0
1649,CA,CA,CROPS,LANDT,6.53,0.0,0.0,0.0,0.0,0.0
5495,CA,CA,NONSP,LUBRI,6.54,0.0,0.0,0.0,0.0,0.0
3446,CA,CA,FOUND,COKIN,6.55,0.0,0.0,0.0,0.0,0.0
4589,CA,CA,LUBRI,RECRE,6.56,0.0,0.0,0.0,0.0,0.0
2510,CA,CA,ELEC4,CHEMI,6.56,0.0,0.0,0.0,0.0,0.0
283,CA,CA,AUXIL,CROPS,6.57,0.0,0.0,0.0,0.0,0.0
1352,CA,CA,COMPU,GASDI,6.57,0.0,0.0,0.0,0.0,0.0
498,CA,CA,BEVER,93197,6.57,0.0,0.0,0.0,0.0,0.0
6327,CA,CA,PULP5,MEDIC,6.57,0.0,0.0,0.0,0.0,0.0
3669,CA,CA,GASDI,MOTOR,6.57,0.0,0.0,0.0,0.0,0.0
6928,CA,CA,RESEA,POSTT,6.58,0.0,0.0,0.0,0.0,0.0
923,CA,CA,CERAM,BASIC,6.59,0.0,0.0,0.0,0.0,0.0
2689,CA,CA,ELEC5,PRINT,6.6,0.0,0.0,0.0,0.0,0.0
1049,CA,CA,CHEM1,BRICK,6.61,0.0,0.0,0.0,0.0,0.0
7225,CA,CA,RUBBE,SEACO,6.61,0.0,0.0,0.0,0.0,0.0
3835,CA,CA,HEALT,MEATA,6.63,0.0,0.0,0.0,0.0,0.0
4982,CA,CA,MEMBE,VEGET,6.64,0.0,0.0,0.0,0.0,0.0
5772,CA,CA,PFERT,BIODI,6.67,0.0,0.0,0.0,0.0,0.0
4915,CA,CA,MEMBE,FURNI,6.68,0.0,0.0,0.0,0.0,0.0
6279,CA,CA,PUBLI,PIGS9,6.68,0.0,0.0,0.0,0.0,0.0
1719,CA,CA,CRUDE,NONME,6.47,0.0,0.0,0.0,0.0,0.0
4547,CA,CA,LUBRI,HOTEL,6.47,0.0,0.0,0.0,0.0,0.0
7881,CA,CA,TRAN1,BITUM,6.3,0.0,0.0,0.0,0.0,0.0
1749,CA,CA,DAIRY,COPP1,6.46,0.0,0.0,0.0,0.0,0.0
4509,CA,CA,LUBRI,BEVER,6.3,0.0,0.0,0.0,0.0,0.0
1894,CA,CA,DISTR,CHEMI,6.3,0.0,0.0,0.0,0.0,0.0
5093,CA,CA,MOTOR,GASDI,6.31,0.0,0.0,0.0,0.0,0.0
3059,CA,CA,FABRI,PRINT,6.31,0.0,0.0,0.0,0.0,0.0
2081,CA,CA,EDUCA,WHOLE,6.33,0.0,0.0,0.0,0.0,0.0
652,CA,CA,BIOGA,RETA1,6.34,0.0,0.0,0.0,0.0,0.0
2551,CA,CA,ELEC4,MEATP,6.36,0.0,0.0,0.0,0.0,0.0
3426,CA,CA,FORES,TEXTI,6.37,0.0,0.0,0.0,0.0,0.0
2555,CA,CA,ELEC4,MOTOR,6.38,0.0,0.0,0.0,0.0,0.0
5947,CA,CA,POSTT,DAIRY,6.39,0.0,0.0,0.0,0.0,0.0
5288,CA,CA,NONF1,BRICK,6.39,0.0,0.0,0.0,0.0,0.0
7141,CA,CA,RUBBE,CHEMI,6.39,0.0,0.0,0.0,0.0,0.0
8260,CA,CA,WOODW,COMPU,6.4,0.0,0.0,0.0,0.0,0.0
8105,CA,CA,WEARI,PFERT,6.41,0.0,0.0,0.0,0.0,0.0
1830,CA,CA,DIST1,NFERT,6.41,0.0,0.0,0.0,0.0,0.0
4983,CA,CA,MEMBE,WEARI,6.41,0.0,0.0,0.0,0.0,0.0
2691,CA,CA,ELEC5,PULP5,6.42,0.0,0.0,0.0,0.0,0.0
2365,CA,CA,ELEC2,URANI,6.42,0.0,0.0,0.0,0.0,0.0
5920,CA,CA,POSTT,ANIMA,6.42,0.0,0.0,0.0,0.0,0.0
3031,CA,CA,FABRI,LEATH,6.43,0.0,0.0,0.0,0.0,0.0
6197,CA,CA,PRINT,RETA1,6.44,0.0,0.0,0.0,0.0,0.0
2387,CA,CA,ELEC3,CATTL,6.45,0.0,0.0,0.0,0.0,0.0
1323,CA,CA,COMPU,COKIN,6.45,0.0,0.0,0.0,0.0,0.0
6558,CA,CA,REALE,ELEC3,5.88,0.0,0.0,0.0,0.0,0.0
2923,CA,CA,ELECT,CHEM1,5.86,0.0,0.0,0.0,0.0,0.0
3601,CA,CA,GASDI,ALUM1,5.2,0.0,0.0,0.0,0.0,0.0
7908,CA,CA,TRAN1,FORES,5.44,0.0,0.0,0.0,0.0,0.0
156,CA,CA,ALUM1,BUSIN,5.35,0.0,0.0,0.0,0.0,0.0
6767,CA,CA,RECRE,TEXTI,5.37,0.0,0.0,0.0,0.0,0.0
4574,CA,CA,LUBRI,PAPER,5.37,0.0,0.0,0.0,0.0,0.0
694,CA,CA,BUSIN,BRICK,5.39,0.0,0.0,0.0,0.0,0.0
8082,CA,CA,WEARI,CHEMI,5.39,0.0,0.0,0.0,0.0,0.0
1379,CA,CA,COMPU,NATU1,5.39,0.0,0.0,0.0,0.0,0.0
737,CA,CA,BUSIN,HEAVY,5.39,0.0,0.0,0.0,0.0,0.0
2542,CA,CA,ELEC4,LEAD1,5.4,0.0,0.0,0.0,0.0,0.0
6224,CA,CA,PUBLI,CEREA,5.42,0.0,0.0,0.0,0.0,0.0
6557,CA,CA,REALE,ELEC2,5.42,0.0,0.0,0.0,0.0,0.0
1190,CA,CA,CHEMI,FISH5,5.44,0.0,0.0,0.0,0.0,0.0
4063,CA,CA,INSUR,ELEC1,5.44,0.0,0.0,0.0,0.0,0.0
2280,CA,CA,ELEC2,CONST,5.85,0.0,0.0,0.0,0.0,0.0
1428,CA,CA,COMPU,WOODW,5.45,0.0,0.0,0.0,0.0,0.0
7808,CA,CA,TEXTI,ELECT,5.45,0.0,0.0,0.0,0.0,0.0
4538,CA,CA,LUBRI,FOOD5,5.45,0.0,0.0,0.0,0.0,0.0
3379,CA,CA,FORES,CEREA,5.46,0.0,0.0,0.0,0.0,0.0
2686,CA,CA,ELEC5,POSTT,5.46,0.0,0.0,0.0,0.0,0.0
7986,CA,CA,TRAN1,WHOLE,5.48,0.0,0.0,0.0,0.0,0.0
2476,CA,CA,ELEC3,SUPPO,5.48,0.0,0.0,0.0,0.0,0.0
5178,CA,CA,NATU1,COKE1,5.48,0.0,0.0,0.0,0.0,0.0
6681,CA,CA,RECRE,CROPS,5.48,0.0,0.0,0.0,0.0,0.0
777,CA,CA,BUSIN,PREC1,5.49,0.0,0.0,0.0,0.0,0.0
1319,CA,CA,COMPU,CHEM1,5.51,0.0,0.0,0.0,0.0,0.0
7503,CA,CA,SEACO,PRINT,5.35,0.0,0.0,0.0,0.0,0.0
6231,CA,CA,PUBLI,CROPS,5.34,0.0,0.0,0.0,0.0,0.0
2284,CA,CA,ELEC2,DAIRY,5.34,0.0,0.0,0.0,0.0,0.0
5972,CA,CA,POSTT,GLASS,5.34,0.0,0.0,0.0,0.0,0.0
158,CA,CA,ALUM1,CHEM1,5.21,0.0,0.0,0.0,0.0,0.0
7183,CA,CA,RUBBE,MEAT4,5.21,0.0,0.0,0.0,0.0,0.0
7890,CA,CA,TRAN1,CHEMI,5.21,0.0,0.0,0.0,0.0,0.0
2378,CA,CA,ELEC3,AUXIL,5.21,0.0,0.0,0.0,0.0,0.0
2483,CA,CA,ELEC3,VEGET,5.22,0.0,0.0,0.0,0.0,0.0
182,CA,CA,ALUM1,NONME,5.22,0.0,0.0,0.0,0.0,0.0
207,CA,CA,ALUM1,WHOLE,5.22,0.0,0.0,0.0,0.0,0.0
4011,CA,CA,INLAN,RECRE,5.22,0.0,0.0,0.0,0.0,0.0
4328,CA,CA,LANDT,MEATP,5.23,0.0,0.0,0.0,0.0,0.0
995,CA,CA,CEREA,MEAT1,5.24,0.0,0.0,0.0,0.0,0.0
5919,CA,CA,POSTT,ALUM1,5.24,0.0,0.0,0.0,0.0,0.0
4528,CA,CA,LUBRI,EDUCA,5.25,0.0,0.0,0.0,0.0,0.0
2945,CA,CA,ELECT,HOTEL,5.25,0.0,0.0,0.0,0.0,0.0
5952,CA,CA,POSTT,ELEC1,5.25,0.0,0.0,0.0,0.0,0.0
4052,CA,CA,INSUR,COKIN,5.26,0.0,0.0,0.0,0.0,0.0
4094,CA,CA,INSUR,LEATH,5.26,0.0,0.0,0.0,0.0,0.0
6787,CA,CA,REFI1,FURNI,5.26,0.0,0.0,0.0,0.0,0.0
1039,CA,CA,CHEM1,AUXIL,5.27,0.0,0.0,0.0,0.0,0.0
1497,CA,CA,CONST,MEAT1,5.3,0.0,0.0,0.0,0.0,0.0
6097,CA,CA,PREC1,PREC1,5.3,0.0,0.0,0.0,0.0,0.0
3818,CA,CA,HEALT,CHEM1,5.31,0.0,0.0,0.0,0.0,0.0
2799,CA,CA,ELEC6,REALE,5.31,0.0,0.0,0.0,0.0,0.0
2631,CA,CA,ELEC5,COMPU,5.33,0.0,0.0,0.0,0.0,0.0
7855,CA,CA,TEXTI,SEACO,5.51,0.0,0.0,0.0,0.0,0.0
7323,CA,CA,SALEM,NATU1,5.51,0.0,0.0,0.0,0.0,0.0
3712,CA,CA,GASDI,TEXTI,5.51,0.0,0.0,0.0,0.0,0.0
5812,CA,CA,PFERT,NONME,5.69,0.0,0.0,0.0,0.0,0.0
5665,CA,CA,PAPER,NONF1,5.7,0.0,0.0,0.0,0.0,0.0
4227,CA,CA,KEROS,BITU1,5.7,0.0,0.0,0.0,0.0,0.0
1995,CA,CA,EDUCA,93197,5.7,0.0,0.0,0.0,0.0,0.0
6701,CA,CA,RECRE,FOOD5,5.7,0.0,0.0,0.0,0.0,0.0
1973,CA,CA,DISTR,RETAI,5.7,0.0,0.0,0.0,0.0,0.0
1604,CA,CA,COPP1,PREC1,5.71,0.0,0.0,0.0,0.0,0.0
5820,CA,CA,PFERT,PULP5,5.71,0.0,0.0,0.0,0.0,0.0
3064,CA,CA,FABRI,REALE,5.74,0.0,0.0,0.0,0.0,0.0
5142,CA,CA,MOTOR,RAILW,5.74,0.0,0.0,0.0,0.0,0.0
3273,CA,CA,FISHF,LANDT,5.75,0.0,0.0,0.0,0.0,0.0
1384,CA,CA,COMPU,NONME,5.75,0.0,0.0,0.0,0.0,0.0
3908,CA,CA,HYDRO,AVIAT,5.75,0.0,0.0,0.0,0.0,0.0
3525,CA,CA,FURNI,ELECT,5.75,0.0,0.0,0.0,0.0,0.0
2480,CA,CA,ELEC3,TRANS,5.75,0.0,0.0,0.0,0.0,0.0
5960,CA,CA,POSTT,ELECT,5.76,0.0,0.0,0.0,0.0,0.0
2446,CA,CA,ELEC3,OILSE,5.77,0.0,0.0,0.0,0.0,0.0
1859,CA,CA,DIST1,SEACO,5.78,0.0,0.0,0.0,0.0,0.0
996,CA,CA,CEREA,MEAT4,5.8,0.0,0.0,0.0,0.0,0.0
94,CA,CA,AIRTR,FURNI,5.8,0.0,0.0,0.0,0.0,0.0
5501,CA,CA,NONSP,NAPHT,5.81,0.0,0.0,0.0,0.0,0.0
3295,CA,CA,FOOD5,BIOGA,5.81,0.0,0.0,0.0,0.0,0.0
7063,CA,CA,RETA1,PREC1,5.81,0.0,0.0,0.0,0.0,0.0
4229,CA,CA,KEROS,CHEM1,5.84,0.0,0.0,0.0,0.0,0.0
1746,CA,CA,DAIRY,CHEM1,5.69,0.0,0.0,0.0,0.0,0.0
1936,CA,CA,DISTR,MEATC,5.68,0.0,0.0,0.0,0.0,0.0
4480,CA,CA,LEATH,SALEM,5.51,0.0,0.0,0.0,0.0,0.0
7112,CA,CA,RETAI,PUBLI,5.68,0.0,0.0,0.0,0.0,0.0
4683,CA,CA,MEAT4,MEATP,5.53,0.0,0.0,0.0,0.0,0.0
425,CA,CA,BASIC,CERAM,5.53,0.0,0.0,0.0,0.0,0.0
4022,CA,CA,INLAN,SUPPO,5.54,0.0,0.0,0.0,0.0,0.0
3696,CA,CA,GASDI,RECRE,5.54,0.0,0.0,0.0,0.0,0.0
5193,CA,CA,NATU1,NAPHT,5.55,0.0,0.0,0.0,0.0,0.0
8314,CA,CA,WOODW,PUBLI,5.55,0.0,0.0,0.0,0.0,0.0
3216,CA,CA,FINAN,VEGE1,5.55,0.0,0.0,0.0,0.0,0.0
2710,CA,CA,ELEC5,TRAN2,5.55,0.0,0.0,0.0,0.0,0.0
2439,CA,CA,ELEC3,NATUR,5.56,0.0,0.0,0.0,0.0,0.0
2209,CA,CA,ELEC1,NONF1,5.56,0.0,0.0,0.0,0.0,0.0
138,CA,CA,AIRTR,TRAN2,5.58,0.0,0.0,0.0,0.0,0.0
70,CA,CA,AIRTR,BUSIN,5.6,0.0,0.0,0.0,0.0,0.0
7693,CA,CA,SUPPO,COPP1,5.61,0.0,0.0,0.0,0.0,0.0
3932,CA,CA,HYDRO,LEADZ,5.63,0.0,0.0,0.0,0.0,0.0
4102,CA,CA,INSUR,MEATP,5.63,0.0,0.0,0.0,0.0,0.0
4144,CA,CA,INSUR,STONE,5.64,0.0,0.0,0.0,0.0,0.0
8253,CA,CA,WOODW,CEMEN,5.65,0.0,0.0,0.0,0.0,0.0
7965,CA,CA,TRAN1,RETA1,5.66,0.0,0.0,0.0,0.0,0.0
7784,CA,CA,TEXTI,AUXIL,5.67,0.0,0.0,0.0,0.0,0.0
4573,CA,CA,LUBRI,OILSE,5.67,0.0,0.0,0.0,0.0,0.0
1101,CA,CA,CHEM1,LUBRI,5.67,0.0,0.0,0.0,0.0,0.0
706,CA,CA,BUSIN,CONST,5.67,0.0,0.0,0.0,0.0,0.0
1573,CA,CA,COPP1,CHEM1,5.67,0.0,0.0,0.0,0.0,0.0
5464,CA,CA,NONSP,BITU1,12.1,0.0,0.0,0.0,0.0,0.0
6260,CA,CA,PUBLI,INSUR,12.1,0.0,0.0,0.0,0.0,0.0
6249,CA,CA,PUBLI,FISHF,12.13,0.0,0.0,0.0,0.0,0.0
3399,CA,CA,FORES,MOTO1,25.97,0.0,0.0,0.0,0.0,0.0
8279,CA,CA,WOODW,FURNI,25.5,0.0,0.0,0.0,0.0,0.0
1253,CA,CA,COKE1,BASIC,25.52,0.0,0.0,0.0,0.0,0.0
6008,CA,CA,POSTT,PIGS9,25.6,0.0,0.0,0.0,0.0,0.0
208,CA,CA,ALUM1,WOODW,25.61,0.0,0.0,0.0,0.0,0.0
7828,CA,CA,TEXTI,MEDIC,25.67,0.0,0.0,0.0,0.0,0.0
7543,CA,CA,STONE,CHEM1,25.7,0.0,0.0,0.0,0.0,0.0
2944,CA,CA,ELECT,HEALT,25.7,0.0,0.0,0.0,0.0,0.0
1817,CA,CA,DIST1,GLASS,25.74,0.0,0.0,0.0,0.0,0.0
2505,CA,CA,ELEC4,CATTL,25.78,0.0,0.0,0.0,0.0,0.0
5962,CA,CA,POSTT,FABRI,25.84,0.0,0.0,0.0,0.0,0.0
2518,CA,CA,ELEC4,DAIRY,25.9,0.0,0.0,0.0,0.0,0.0
6356,CA,CA,RADIO,COMPU,26.0,0.0,0.0,0.0,0.0,0.0
4266,CA,CA,LANDT,BASIC,24.26,0.0,0.0,0.0,0.0,0.0
5933,CA,CA,POSTT,CATTL,26.02,0.0,0.0,0.0,0.0,0.0
7220,CA,CA,RUBBE,RETA1,26.09,0.0,0.0,0.0,0.0,0.0
6373,CA,CA,RADIO,INSUR,26.09,0.0,0.0,0.0,0.0,0.0
365,CA,CA,AUXIL,RETAI,26.11,0.0,0.0,0.0,0.0,0.0
1986,CA,CA,DISTR,TRANS,26.16,0.0,0.0,0.0,0.0,0.0
3573,CA,CA,FURNI,PULP5,26.16,0.0,0.0,0.0,0.0,0.0
7161,CA,CA,RUBBE,FISH5,26.21,0.0,0.0,0.0,0.0,0.0
6553,CA,CA,REALE,DISTR,26.28,0.0,0.0,0.0,0.0,0.0
1157,CA,CA,CHEM1,VEGE1,26.3,0.0,0.0,0.0,0.0,0.0
2172,CA,CA,ELEC1,EDUCA,26.36,0.0,0.0,0.0,0.0,0.0
6423,CA,CA,RAILW,COMPU,26.4,0.0,0.0,0.0,0.0,0.0
2699,CA,CA,ELEC5,RETA1,25.5,0.0,0.0,0.0,0.0,0.0
1176,CA,CA,CHEMI,CERAM,25.45,0.0,0.0,0.0,0.0,0.0
6559,CA,CA,REALE,ELEC4,25.43,0.0,0.0,0.0,0.0,0.0
6118,CA,CA,PRECI,PREC1,25.42,0.0,0.0,0.0,0.0,0.0
3087,CA,CA,FABRI,WHOLE,24.29,0.0,0.0,0.0,0.0,0.0
6017,CA,CA,POSTT,RAILW,24.34,0.0,0.0,0.0,0.0,0.0
2512,CA,CA,ELEC4,COKIN,24.43,0.0,0.0,0.0,0.0,0.0
6436,CA,CA,RAILW,FURNI,24.43,0.0,0.0,0.0,0.0,0.0
7918,CA,CA,TRAN1,INSUR,24.52,0.0,0.0,0.0,0.0,0.0
326,CA,CA,AUXIL,MEAT4,24.59,0.0,0.0,0.0,0.0,0.0
1219,CA,CA,CHEMI,NFERT,24.59,0.0,0.0,0.0,0.0,0.0
3335,CA,CA,FOOD5,MOTO1,24.67,0.0,0.0,0.0,0.0,0.0
2422,CA,CA,ELEC3,LANDT,24.72,0.0,0.0,0.0,0.0,0.0
4315,CA,CA,LANDT,INLAN,24.74,0.0,0.0,0.0,0.0,0.0
1903,CA,CA,DISTR,DAIRY,24.75,0.0,0.0,0.0,0.0,0.0
3897,CA,CA,HOTEL,SALEM,24.79,0.0,0.0,0.0,0.0,0.0
1889,CA,CA,DISTR,CATTL,24.8,0.0,0.0,0.0,0.0,0.0
3166,CA,CA,FINAN,MEMBE,24.82,0.0,0.0,0.0,0.0,0.0
2255,CA,CA,ELEC2,93197,24.84,0.0,0.0,0.0,0.0,0.0
143,CA,CA,AIRTR,WHOLE,24.88,0.0,0.0,0.0,0.0,0.0
3593,CA,CA,FURNI,TRANS,24.91,0.0,0.0,0.0,0.0,0.0
2435,CA,CA,ELEC3,MOTO1,25.02,0.0,0.0,0.0,0.0,0.0
6407,CA,CA,RADIO,WHOLE,25.04,0.0,0.0,0.0,0.0,0.0
3150,CA,CA,FINAN,INLAN,25.17,0.0,0.0,0.0,0.0,0.0
5292,CA,CA,NONF1,CHEM1,25.23,0.0,0.0,0.0,0.0,0.0
1140,CA,CA,CHEM1,RETA1,25.4,0.0,0.0,0.0,0.0,0.0
7444,CA,CA,SANDC,SUPPO,25.41,0.0,0.0,0.0,0.0,0.0
8256,CA,CA,WOODW,CHEM1,26.41,0.0,0.0,0.0,0.0,0.0
7644,CA,CA,SUGA1,TOBAC,26.47,0.0,0.0,0.0,0.0,0.0
3164,CA,CA,FINAN,MEATP,26.48,0.0,0.0,0.0,0.0,0.0
424,CA,CA,BASIC,BUSIN,27.93,0.0,0.0,0.0,0.0,0.0
1114,CA,CA,CHEM1,NFERT,28.06,0.0,0.0,0.0,0.0,0.0
3603,CA,CA,GASDI,AUXIL,28.07,0.0,0.0,0.0,0.0,0.0
2638,CA,CA,ELEC5,EDUCA,28.18,0.0,0.0,0.0,0.0,0.0
7158,CA,CA,RUBBE,ELECT,28.19,0.0,0.0,0.0,0.0,0.0
4548,CA,CA,LUBRI,HYDRO,28.23,0.0,0.0,0.0,0.0,0.0
6551,CA,CA,REALE,DAIRY,28.39,0.0,0.0,0.0,0.0,0.0
4133,CA,CA,INSUR,RECRE,28.39,0.0,0.0,0.0,0.0,0.0
3186,CA,CA,FINAN,POULT,28.41,0.0,0.0,0.0,0.0,0.0
6026,CA,CA,POSTT,RUBBE,28.41,0.0,0.0,0.0,0.0,0.0
5955,CA,CA,POSTT,ELEC4,28.51,0.0,0.0,0.0,0.0,0.0
1474,CA,CA,CONST,FABRI,28.55,0.0,0.0,0.0,0.0,0.0
5296,CA,CA,NONF1,CONST,28.56,0.0,0.0,0.0,0.0,0.0
1899,CA,CA,DISTR,CONST,28.61,0.0,0.0,0.0,0.0,0.0
1132,CA,CA,CHEM1,RADIO,28.65,0.0,0.0,0.0,0.0,0.0
7968,CA,CA,TRAN1,SALEM,28.66,0.0,0.0,0.0,0.0,0.0
3163,CA,CA,FINAN,MEATC,28.77,0.0,0.0,0.0,0.0,0.0
7675,CA,CA,SUPPO,AUXIL,28.83,0.0,0.0,0.0,0.0,0.0
2514,CA,CA,ELEC4,CONST,28.94,0.0,0.0,0.0,0.0,0.0
5089,CA,CA,MOTOR,FOOD5,28.95,0.0,0.0,0.0,0.0,0.0
5824,CA,CA,PFERT,RETA1,29.02,0.0,0.0,0.0,0.0,0.0
4311,CA,CA,LANDT,HEALT,29.05,0.0,0.0,0.0,0.0,0.0
508,CA,CA,BEVER,DAIRY,29.17,0.0,0.0,0.0,0.0,0.0
6011,CA,CA,POSTT,POULT,29.43,0.0,0.0,0.0,0.0,0.0
7182,CA,CA,RUBBE,MEAT1,27.96,0.0,0.0,0.0,0.0,0.0
6288,CA,CA,PUBLI,RAWMI,27.87,0.0,0.0,0.0,0.0,0.0
8004,CA,CA,TRANS,INLAN,26.53,0.0,0.0,0.0,0.0,0.0
4703,CA,CA,MEAT4,RUBBE,27.85,0.0,0.0,0.0,0.0,0.0
2352,CA,CA,ELEC2,RUBBE,26.54,0.0,0.0,0.0,0.0,0.0
3127,CA,CA,FINAN,ELEC3,26.61,0.0,0.0,0.0,0.0,0.0
7147,CA,CA,RUBBE,CRUDE,26.64,0.0,0.0,0.0,0.0,0.0
6564,CA,CA,REALE,ELECT,26.72,0.0,0.0,0.0,0.0,0.0
2388,CA,CA,ELEC3,CEMEN,26.77,0.0,0.0,0.0,0.0,0.0
2978,CA,CA,ELECT,TRANS,26.78,0.0,0.0,0.0,0.0,0.0
3921,CA,CA,HYDRO,FURNI,26.8,0.0,0.0,0.0,0.0,0.0
4868,CA,CA,MEDIC,WHOLE,26.9,0.0,0.0,0.0,0.0,0.0
5894,CA,CA,PLANT,TEXTI,26.97,0.0,0.0,0.0,0.0,0.0
1460,CA,CA,CONST,DIST1,26.98,0.0,0.0,0.0,0.0,0.0
4343,CA,CA,LANDT,PAPER,27.03,0.0,0.0,0.0,0.0,0.0
263,CA,CA,AUXIL,BIODI,27.07,0.0,0.0,0.0,0.0,0.0
881,CA,CA,CEMEN,HYDRO,27.09,0.0,0.0,0.0,0.0,0.0
7572,CA,CA,STONE,NONF1,27.25,0.0,0.0,0.0,0.0,0.0
112,CA,CA,AIRTR,OILSE,27.26,0.0,0.0,0.0,0.0,0.0
7756,CA,CA,SUPPO,REALE,27.4,0.0,0.0,0.0,0.0,0.0
7539,CA,CA,STONE,BRICK,27.42,0.0,0.0,0.0,0.0,0.0
7210,CA,CA,RUBBE,PUBLI,27.42,0.0,0.0,0.0,0.0,0.0
2949,CA,CA,ELECT,LANDT,27.49,0.0,0.0,0.0,0.0,0.0
4151,CA,CA,INSUR,TRAN1,27.51,0.0,0.0,0.0,0.0,0.0
7894,CA,CA,TRAN1,COMPU,27.58,0.0,0.0,0.0,0.0,0.0
7108,CA,CA,RETAI,HOTEL,27.62,0.0,0.0,0.0,0.0,0.0
3261,CA,CA,FISHF,ANIMA,27.85,0.0,0.0,0.0,0.0,0.0
3574,CA,CA,FURNI,RADIO,24.28,0.0,0.0,0.0,0.0,0.0
7096,CA,CA,RETA1,WHEAT,24.19,0.0,0.0,0.0,0.0,0.0
1080,CA,CA,CHEM1,FISH5,29.49,0.0,0.0,0.0,0.0,0.0
7072,CA,CA,RETA1,REFI1,22.21,0.0,0.0,0.0,0.0,0.0
2960,CA,CA,ELECT,OFFIC,21.65,0.0,0.0,0.0,0.0,0.0
3545,CA,CA,FURNI,LEATH,21.73,0.0,0.0,0.0,0.0,0.0
4075,CA,CA,INSUR,FISH5,21.84,0.0,0.0,0.0,0.0,0.0
2596,CA,CA,ELEC4,SUPPO,21.87,0.0,0.0,0.0,0.0,0.0
6777,CA,CA,RECRE,WHOLE,21.87,0.0,0.0,0.0,0.0,0.0
6039,CA,CA,POSTT,TRANS,21.99,0.0,0.0,0.0,0.0,0.0
6338,CA,CA,PULP5,RUBBE,22.0,0.0,0.0,0.0,0.0,0.0
5283,CA,CA,NONF1,BASIC,22.03,0.0,0.0,0.0,0.0,0.0
6987,CA,CA,RETA1,CHEMI,22.13,0.0,0.0,0.0,0.0,0.0
5494,CA,CA,NONSP,LIQUE,22.2,0.0,0.0,0.0,0.0,0.0
3674,CA,CA,GASDI,NONF1,22.21,0.0,0.0,0.0,0.0,0.0
2558,CA,CA,ELEC4,NATUR,22.22,0.0,0.0,0.0,0.0,0.0
2233,CA,CA,ELEC1,RETA1,24.16,0.0,0.0,0.0,0.0,0.0
4596,CA,CA,LUBRI,SALEM,22.26,0.0,0.0,0.0,0.0,0.0
1137,CA,CA,CHEM1,REFI1,22.28,0.0,0.0,0.0,0.0,0.0
740,CA,CA,BUSIN,INLAN,22.33,0.0,0.0,0.0,0.0,0.0
7388,CA,CA,SANDC,CEMEN,22.33,0.0,0.0,0.0,0.0,0.0
2600,CA,CA,ELEC4,TRANS,22.33,0.0,0.0,0.0,0.0,0.0
6177,CA,CA,PRINT,MEMBE,22.37,0.0,0.0,0.0,0.0,0.0
1792,CA,CA,DIST1,BITUM,22.39,0.0,0.0,0.0,0.0,0.0
8306,CA,CA,WOODW,OILSE,22.39,0.0,0.0,0.0,0.0,0.0
1459,CA,CA,CONST,DAIRY,22.45,0.0,0.0,0.0,0.0,0.0
1951,CA,CA,DISTR,OILSE,22.48,0.0,0.0,0.0,0.0,0.0
6276,CA,CA,PUBLI,OILSE,22.51,0.0,0.0,0.0,0.0,0.0
8252,CA,CA,WOODW,BUSIN,21.62,0.0,0.0,0.0,0.0,0.0
8139,CA,CA,WHEAT,DAIRY,21.62,0.0,0.0,0.0,0.0,0.0
7169,CA,CA,RUBBE,GLASS,21.6,0.0,0.0,0.0,0.0,0.0
5186,CA,CA,NATU1,HEAVY,21.59,0.0,0.0,0.0,0.0,0.0
6568,CA,CA,REALE,FISH5,20.85,0.0,0.0,0.0,0.0,0.0
5638,CA,CA,PAPER,FOOD5,20.9,0.0,0.0,0.0,0.0,0.0
7308,CA,CA,SALEM,LEAD1,20.91,0.0,0.0,0.0,0.0,0.0
5303,CA,CA,NONF1,FABRI,20.97,0.0,0.0,0.0,0.0,0.0
6737,CA,CA,RECRE,OFFIC,20.99,0.0,0.0,0.0,0.0,0.0
4335,CA,CA,LANDT,NATUR,21.05,0.0,0.0,0.0,0.0,0.0
2650,CA,CA,ELEC5,HEALT,21.09,0.0,0.0,0.0,0.0,0.0
1306,CA,CA,COMPU,BEVER,21.11,0.0,0.0,0.0,0.0,0.0
7306,CA,CA,SALEM,KEROS,21.11,0.0,0.0,0.0,0.0,0.0
2405,CA,CA,ELEC3,FABRI,21.17,0.0,0.0,0.0,0.0,0.0
4744,CA,CA,MEATC,BEVER,21.18,0.0,0.0,0.0,0.0,0.0
3063,CA,CA,FABRI,RAILW,21.2,0.0,0.0,0.0,0.0,0.0
1619,CA,CA,COPP1,TRANS,21.2,0.0,0.0,0.0,0.0,0.0
5190,CA,CA,NATU1,LIQUE,21.2,0.0,0.0,0.0,0.0,0.0
7230,CA,CA,RUBBE,SUPPO,21.25,0.0,0.0,0.0,0.0,0.0
1736,CA,CA,DAIRY,93197,21.28,0.0,0.0,0.0,0.0,0.0
735,CA,CA,BUSIN,GLASS,21.3,0.0,0.0,0.0,0.0,0.0
7406,CA,CA,SANDC,GLASS,21.33,0.0,0.0,0.0,0.0,0.0
6599,CA,CA,REALE,MOTOR,21.36,0.0,0.0,0.0,0.0,0.0
1944,CA,CA,DISTR,NATUR,21.37,0.0,0.0,0.0,0.0,0.0
1503,CA,CA,CONST,MEMBE,21.45,0.0,0.0,0.0,0.0,0.0
5660,CA,CA,PAPER,MEDIC,21.52,0.0,0.0,0.0,0.0,0.0
4106,CA,CA,INSUR,MOTOR,21.53,0.0,0.0,0.0,0.0,0.0
8305,CA,CA,WOODW,OFFIC,22.54,0.0,0.0,0.0,0.0,0.0
3929,CA,CA,HYDRO,KERO1,22.55,0.0,0.0,0.0,0.0,0.0
1143,CA,CA,CHEM1,SALEM,22.57,0.0,0.0,0.0,0.0,0.0
7029,CA,CA,RETA1,KEROS,23.28,0.0,0.0,0.0,0.0,0.0
6688,CA,CA,RECRE,ELEC1,23.31,0.0,0.0,0.0,0.0,0.0
7786,CA,CA,TEXTI,BEVER,23.32,0.0,0.0,0.0,0.0,0.0
4583,CA,CA,LUBRI,PUBLI,23.33,0.0,0.0,0.0,0.0,0.0
1702,CA,CA,CRUDE,GASOL,23.39,0.0,0.0,0.0,0.0,0.0
1690,CA,CA,CRUDE,BUSIN,23.42,0.0,0.0,0.0,0.0,0.0
1897,CA,CA,DISTR,COKIN,23.5,0.0,0.0,0.0,0.0,0.0
3990,CA,CA,INLAN,LANDT,23.52,0.0,0.0,0.0,0.0,0.0
276,CA,CA,AUXIL,CHEMI,23.53,0.0,0.0,0.0,0.0,0.0
659,CA,CA,BLAST,BASIC,23.56,0.0,0.0,0.0,0.0,0.0
463,CA,CA,BASIC,NONF1,23.6,0.0,0.0,0.0,0.0,0.0
8163,CA,CA,WHEAT,RAWMI,23.61,0.0,0.0,0.0,0.0,0.0
1351,CA,CA,COMPU,FURNI,23.62,0.0,0.0,0.0,0.0,0.0
1246,CA,CA,CHEMI,TEXTI,23.71,0.0,0.0,0.0,0.0,0.0
5514,CA,CA,NONSP,PUBLI,23.82,0.0,0.0,0.0,0.0,0.0
754,CA,CA,BUSIN,MEATP,23.9,0.0,0.0,0.0,0.0,0.0
5658,CA,CA,PAPER,MEATC,23.93,0.0,0.0,0.0,0.0,0.0
1403,CA,CA,COMPU,RECRE,24.0,0.0,0.0,0.0,0.0,0.0
4464,CA,CA,LEATH,FURNI,24.0,0.0,0.0,0.0,0.0,0.0
2391,CA,CA,ELEC3,CHEM1,24.01,0.0,0.0,0.0,0.0,0.0
6238,CA,CA,PUBLI,ELEC2,24.05,0.0,0.0,0.0,0.0,0.0
3796,CA,CA,GLASS,RETA1,24.08,0.0,0.0,0.0,0.0,0.0
7062,CA,CA,RETA1,POULT,24.11,0.0,0.0,0.0,0.0,0.0
1799,CA,CA,DIST1,CEREA,24.13,0.0,0.0,0.0,0.0,0.0
5085,CA,CA,MOTOR,FABRI,23.29,0.0,0.0,0.0,0.0,0.0
7775,CA,CA,SUPPO,WEARI,23.26,0.0,0.0,0.0,0.0,0.0
5384,CA,CA,NONME,BUSIN,22.58,0.0,0.0,0.0,0.0,0.0
6661,CA,CA,RECRE,BEVER,23.24,0.0,0.0,0.0,0.0,0.0
5488,CA,CA,NONSP,HEAVY,22.6,0.0,0.0,0.0,0.0,0.0
1505,CA,CA,CONST,MOTOR,22.61,0.0,0.0,0.0,0.0,0.0
5525,CA,CA,NONSP,SALEM,22.62,0.0,0.0,0.0,0.0,0.0
3606,CA,CA,GASDI,BEVER,22.63,0.0,0.0,0.0,0.0,0.0
2460,CA,CA,ELEC3,RAWMI,22.67,0.0,0.0,0.0,0.0,0.0
5115,CA,CA,MOTOR,MEDIC,22.67,0.0,0.0,0.0,0.0,0.0
7359,CA,CA,SALEM,STONE,22.73,0.0,0.0,0.0,0.0,0.0
7475,CA,CA,SEACO,FURNI,22.8,0.0,0.0,0.0,0.0,0.0
6669,CA,CA,RECRE,BUSIN,22.8,0.0,0.0,0.0,0.0,0.0
5659,CA,CA,PAPER,MEATP,22.81,0.0,0.0,0.0,0.0,0.0
7996,CA,CA,TRANS,CONST,22.85,0.0,0.0,0.0,0.0,0.0
8313,CA,CA,WOODW,PRINT,22.89,0.0,0.0,0.0,0.0,0.0
7459,CA,CA,SEACO,BUSIN,22.92,0.0,0.0,0.0,0.0,0.0
3534,CA,CA,FURNI,GASDI,23.01,0.0,0.0,0.0,0.0,0.0
7895,CA,CA,TRAN1,CONST,23.02,0.0,0.0,0.0,0.0,0.0
2565,CA,CA,ELEC4,OILSE,23.06,0.0,0.0,0.0,0.0,0.0
3156,CA,CA,FINAN,LEATH,23.06,0.0,0.0,0.0,0.0,0.0
2301,CA,CA,ELEC2,HOTEL,23.07,0.0,0.0,0.0,0.0,0.0
4298,CA,CA,LANDT,ELECT,23.1,0.0,0.0,0.0,0.0,0.0
2449,CA,CA,ELEC3,PFERT,23.1,0.0,0.0,0.0,0.0,0.0
6652,CA,CA,REALE,WHOLE,23.17,0.0,0.0,0.0,0.0,0.0
1095,CA,CA,CHEM1,KEROS,23.19,0.0,0.0,0.0,0.0,0.0
4386,CA,CA,LANDT,WOODW,23.23,0.0,0.0,0.0,0.0,0.0
2215,CA,CA,ELEC1,PAPER,29.46,0.0,0.0,0.0,0.0,0.0
2269,CA,CA,ELEC2,BUSIN,29.49,0.0,0.0,0.0,0.0,0.0
2341,CA,CA,ELEC2,PULP5,12.14,0.0,0.0,0.0,0.0,0.0
6043,CA,CA,POSTT,WEARI,41.47,0.0,0.0,0.0,0.0,0.0
4161,CA,CA,INSUR,WOODW,39.99,0.0,0.0,0.0,0.0,0.0
306,CA,CA,AUXIL,FOUND,40.56,0.0,0.0,0.0,0.0,0.0
6024,CA,CA,POSTT,RETA1,40.81,0.0,0.0,0.0,0.0,0.0
3639,CA,CA,GASDI,FISHF,40.85,0.0,0.0,0.0,0.0,0.0
6433,CA,CA,RAILW,FOOD5,40.86,0.0,0.0,0.0,0.0,0.0
1919,CA,CA,DISTR,GLASS,40.88,0.0,0.0,0.0,0.0,0.0
4374,CA,CA,LANDT,TEXTI,40.92,0.0,0.0,0.0,0.0,0.0
3212,CA,CA,FINAN,TRAN1,40.95,0.0,0.0,0.0,0.0,0.0
4365,CA,CA,LANDT,RUBBE,41.05,0.0,0.0,0.0,0.0,0.0
6527,CA,CA,REALE,BASIC,41.15,0.0,0.0,0.0,0.0,0.0
4115,CA,CA,INSUR,OFFIC,41.4,0.0,0.0,0.0,0.0,0.0
5086,CA,CA,MOTOR,FINAN,42.29,0.0,0.0,0.0,0.0,0.0
1904,CA,CA,DISTR,DIST1,36.21,0.0,0.0,0.0,0.0,0.0
7910,CA,CA,TRAN1,FURNI,42.81,0.0,0.0,0.0,0.0,0.0
3190,CA,CA,FINAN,PULP5,42.84,0.0,0.0,0.0,0.0,0.0
2533,CA,CA,ELEC4,GLASS,42.91,0.0,0.0,0.0,0.0,0.0
4378,CA,CA,LANDT,TRANS,43.11,0.0,0.0,0.0,0.0,0.0
2690,CA,CA,ELEC5,PUBLI,43.18,0.0,0.0,0.0,0.0,0.0
5937,CA,CA,POSTT,CHEM1,43.18,0.0,0.0,0.0,0.0,0.0
5217,CA,CA,NFERT,CEREA,43.32,0.0,0.0,0.0,0.0,0.0
1013,CA,CA,CEREA,PIGS9,43.42,0.0,0.0,0.0,0.0,0.0
325,CA,CA,AUXIL,MEAT1,43.67,0.0,0.0,0.0,0.0,0.0
3683,CA,CA,GASDI,PIGS9,43.87,0.0,0.0,0.0,0.0,0.0
1868,CA,CA,DIST1,VEGET,43.96,0.0,0.0,0.0,0.0,0.0
5264,CA,CA,NFERT,VEGET,39.84,0.0,0.0,0.0,0.0,0.0
7951,CA,CA,TRAN1,POSTT,39.78,0.0,0.0,0.0,0.0,0.0
4088,CA,CA,INSUR,INLAN,39.04,0.0,0.0,0.0,0.0,0.0
4313,CA,CA,LANDT,HOTEL,39.0,0.0,0.0,0.0,0.0,0.0
5041,CA,CA,MOTO1,WHOLE,36.36,0.0,0.0,0.0,0.0,0.0
2635,CA,CA,ELEC5,CRUDE,36.51,0.0,0.0,0.0,0.0,0.0
3676,CA,CA,GASDI,NONME,36.54,0.0,0.0,0.0,0.0,0.0
1843,CA,CA,DIST1,POULT,36.57,0.0,0.0,0.0,0.0,0.0
5297,CA,CA,NONF1,COPP1,36.62,0.0,0.0,0.0,0.0,0.0
6642,CA,CA,REALE,TOBAC,36.62,0.0,0.0,0.0,0.0,0.0
6630,CA,CA,REALE,RETAI,36.79,0.0,0.0,0.0,0.0,0.0
1706,CA,CA,CRUDE,KERO1,37.05,0.0,0.0,0.0,0.0,0.0
1118,CA,CA,CHEM1,NONSP,37.12,0.0,0.0,0.0,0.0,0.0
5924,CA,CA,POSTT,BEVER,37.28,0.0,0.0,0.0,0.0,0.0
6193,CA,CA,PRINT,REALE,37.3,0.0,0.0,0.0,0.0,0.0
265,CA,CA,AUXIL,BIOGA,37.47,0.0,0.0,0.0,0.0,0.0
6782,CA,CA,REFI1,BITU1,37.57,0.0,0.0,0.0,0.0,0.0
6257,CA,CA,PUBLI,HOTEL,37.77,0.0,0.0,0.0,0.0,0.0
6035,CA,CA,POSTT,TEXTI,37.92,0.0,0.0,0.0,0.0,0.0
6474,CA,CA,RAILW,RETA1,38.07,0.0,0.0,0.0,0.0,0.0
3687,CA,CA,GASDI,POULT,38.45,0.0,0.0,0.0,0.0,0.0
7954,CA,CA,TRAN1,PRINT,38.46,0.0,0.0,0.0,0.0,0.0
3720,CA,CA,GASDI,WHOLE,38.47,0.0,0.0,0.0,0.0,0.0
6784,CA,CA,REFI1,CHEM1,38.51,0.0,0.0,0.0,0.0,0.0
3702,CA,CA,GASDI,RUBBE,38.57,0.0,0.0,0.0,0.0,0.0
3165,CA,CA,FINAN,MEDIC,38.66,0.0,0.0,0.0,0.0,0.0
291,CA,CA,AUXIL,ELEC2,38.86,0.0,0.0,0.0,0.0,0.0
1699,CA,CA,CRUDE,FOOD5,44.54,0.0,0.0,0.0,0.0,0.0
6587,CA,CA,REALE,LEATH,45.01,0.0,0.0,0.0,0.0,0.0
3913,CA,CA,HYDRO,CHEMI,45.05,0.0,0.0,0.0,0.0,0.0
6605,CA,CA,REALE,NONME,60.21,0.0,0.0,0.0,0.0,0.0
6621,CA,CA,REALE,RADIO,61.22,0.0,0.0,0.0,0.0,0.0
4073,CA,CA,INSUR,FABRI,61.98,0.0,0.0,0.0,0.0,0.0
4157,CA,CA,INSUR,WEARI,62.17,0.0,0.0,0.0,0.0,0.0
6577,CA,CA,REALE,HEALT,65.8,0.0,0.0,0.0,0.0,0.0
4139,CA,CA,INSUR,RUBBE,66.83,0.0,0.0,0.0,0.0,0.0
4126,CA,CA,INSUR,PRINT,72.2,0.0,0.0,0.0,0.0,0.0
6524,CA,CA,REALE,ANIMA,72.98,0.0,0.0,0.0,0.0,0.0
6609,CA,CA,REALE,PAPER,74.99,0.0,0.0,0.0,0.0,0.0
4149,CA,CA,INSUR,TEXTI,75.96,0.0,0.0,0.0,0.0,0.0
4123,CA,CA,INSUR,POSTT,80.56,0.0,0.0,0.0,0.0,0.0
4087,CA,CA,INSUR,HYDRO,80.97,0.0,0.0,0.0,0.0,0.0
4113,CA,CA,INSUR,NONME,82.05,0.0,0.0,0.0,0.0,0.0
4153,CA,CA,INSUR,TRANS,83.12,0.0,0.0,0.0,0.0,0.0
4156,CA,CA,INSUR,VEGET,83.22,0.0,0.0,0.0,0.0,0.0
4142,CA,CA,INSUR,SEACO,83.27,0.0,0.0,0.0,0.0,0.0
6653,CA,CA,REALE,WOODW,88.27,0.0,0.0,0.0,0.0,0.0
6611,CA,CA,REALE,PFERT,89.02,0.0,0.0,0.0,0.0,0.0
6571,CA,CA,REALE,FORES,89.14,0.0,0.0,0.0,0.0,0.0
6522,CA,CA,REALE,AIRTR,89.56,0.0,0.0,0.0,0.0,0.0
6629,CA,CA,REALE,RETA1,114.01,0.0,0.0,0.0,0.0,0.0
6607,CA,CA,REALE,OFFIC,138.97,0.0,0.0,0.0,0.0,0.0
6648,CA,CA,REALE,VEGET,152.76,0.0,0.0,0.0,0.0,0.0
6598,CA,CA,REALE,MOTO1,153.01,0.0,0.0,0.0,0.0,0.0
4131,CA,CA,INSUR,RAWMI,60.41,0.0,0.0,0.0,0.0,0.0
1696,CA,CA,CRUDE,ETHAN,59.93,0.0,0.0,0.0,0.0,0.0
3123,CA,CA,FINAN,EDUCA,45.24,0.0,0.0,0.0,0.0,0.0
4117,CA,CA,INSUR,PAPER,56.54,0.0,0.0,0.0,0.0,0.0
7956,CA,CA,TRAN1,PULP5,45.35,0.0,0.0,0.0,0.0,0.0
7940,CA,CA,TRAN1,NONF1,45.5,0.0,0.0,0.0,0.0,0.0
3145,CA,CA,FINAN,GLASS,46.38,0.0,0.0,0.0,0.0,0.0
2695,CA,CA,ELEC5,REALE,46.61,0.0,0.0,0.0,0.0,0.0
3195,CA,CA,FINAN,RECRE,46.68,0.0,0.0,0.0,0.0,0.0
1014,CA,CA,CEREA,POULT,47.22,0.0,0.0,0.0,0.0,0.0
5828,CA,CA,PFERT,SUGA1,48.13,0.0,0.0,0.0,0.0,0.0
4044,CA,CA,INSUR,CATTL,48.65,0.0,0.0,0.0,0.0,0.0
3618,CA,CA,GASDI,CHEM1,48.86,0.0,0.0,0.0,0.0,0.0
5218,CA,CA,NFERT,CHEM1,48.87,0.0,0.0,0.0,0.0,0.0
3173,CA,CA,FINAN,NONF1,49.04,0.0,0.0,0.0,0.0,0.0
3133,CA,CA,FINAN,ELECT,49.2,0.0,0.0,0.0,0.0,0.0
3960,CA,CA,HYDRO,WHOLE,49.87,0.0,0.0,0.0,0.0,0.0
6645,CA,CA,REALE,TRANS,50.14,0.0,0.0,0.0,0.0,0.0
1700,CA,CA,CRUDE,FURNI,50.31,0.0,0.0,0.0,0.0,0.0
6541,CA,CA,REALE,CHEM1,52.37,0.0,0.0,0.0,0.0,0.0
3137,CA,CA,FINAN,FISH5,52.57,0.0,0.0,0.0,0.0,0.0
4264,CA,CA,LANDT,AUXIL,52.57,0.0,0.0,0.0,0.0,0.0
5169,CA,CA,MOTOR,WOODW,52.62,0.0,0.0,0.0,0.0,0.0
4356,CA,CA,LANDT,RAILW,52.67,0.0,0.0,0.0,0.0,0.0
3723,CA,CA,GASOL,AIRTR,53.03,0.0,0.0,0.0,0.0,0.0
4314,CA,CA,LANDT,HYDRO,53.81,0.0,0.0,0.0,0.0,0.0
4048,CA,CA,INSUR,CHEM1,55.82,0.0,0.0,0.0,0.0,0.0
1480,CA,CA,CONST,FURNI,36.31,0.0,0.0,0.0,0.0,0.0
6298,CA,CA,PUBLI,SEACO,35.96,0.0,0.0,0.0,0.0,0.0
6194,CA,CA,PRINT,RECRE,29.52,0.0,0.0,0.0,0.0,0.0
3126,CA,CA,FINAN,ELEC2,31.38,0.0,0.0,0.0,0.0,0.0
1522,CA,CA,CONST,POSTT,30.75,0.0,0.0,0.0,0.0,0.0
929,CA,CA,CERAM,CERAM,30.77,0.0,0.0,0.0,0.0,0.0
2260,CA,CA,ELEC2,BASIC,30.82,0.0,0.0,0.0,0.0,0.0
5402,CA,CA,NONME,FABRI,30.85,0.0,0.0,0.0,0.0,0.0
1064,CA,CA,CHEM1,DAIRY,30.94,0.0,0.0,0.0,0.0,0.0
2244,CA,CA,ELEC1,TEXTI,31.03,0.0,0.0,0.0,0.0,0.0
458,CA,CA,BASIC,MEDIC,31.09,0.0,0.0,0.0,0.0,0.0
3455,CA,CA,FOUND,FURNI,31.13,0.0,0.0,0.0,0.0,0.0
5967,CA,CA,POSTT,FORES,31.23,0.0,0.0,0.0,0.0,0.0
8046,CA,CA,VEGET,DIST1,31.25,0.0,0.0,0.0,0.0,0.0
2681,CA,CA,ELEC5,PAPER,31.37,0.0,0.0,0.0,0.0,0.0
1939,CA,CA,DISTR,MEMBE,31.57,0.0,0.0,0.0,0.0,0.0
1641,CA,CA,CROPS,CRUDE,35.95,0.0,0.0,0.0,0.0,0.0
3621,CA,CA,GASDI,COKIN,31.6,0.0,0.0,0.0,0.0,0.0
4109,CA,CA,INSUR,NATUR,31.66,0.0,0.0,0.0,0.0,0.0
6306,CA,CA,PUBLI,TRAN1,31.73,0.0,0.0,0.0,0.0,0.0
5662,CA,CA,PAPER,MOTO1,31.77,0.0,0.0,0.0,0.0,0.0
5413,CA,CA,NONME,HYDRO,31.8,0.0,0.0,0.0,0.0,0.0
3605,CA,CA,GASDI,BASIC,31.82,0.0,0.0,0.0,0.0,0.0
5357,CA,CA,NONF1,WOODW,31.85,0.0,0.0,0.0,0.0,0.0
1519,CA,CA,CONST,PIGS9,31.86,0.0,0.0,0.0,0.0,0.0
3288,CA,CA,FOOD5,93197,32.06,0.0,0.0,0.0,0.0,0.0
4065,CA,CA,INSUR,ELEC3,32.07,0.0,0.0,0.0,0.0,0.0
8027,CA,CA,TRANS,SUPPO,32.12,0.0,0.0,0.0,0.0,0.0
979,CA,CA,CEREA,DAIRY,30.74,0.0,0.0,0.0,0.0,0.0
1151,CA,CA,CHEM1,SUPPO,30.74,0.0,0.0,0.0,0.0,0.0
4078,CA,CA,INSUR,FORES,30.7,0.0,0.0,0.0,0.0,0.0
2417,CA,CA,ELEC3,HOTEL,30.51,0.0,0.0,0.0,0.0,0.0
3555,CA,CA,FURNI,MOTOR,29.53,0.0,0.0,0.0,0.0,0.0
1927,CA,CA,DISTR,LANDT,29.57,0.0,0.0,0.0,0.0,0.0
3021,CA,CA,FABRI,GLASS,29.59,0.0,0.0,0.0,0.0,0.0
3946,CA,CA,HYDRO,PRECI,29.61,0.0,0.0,0.0,0.0,0.0
5949,CA,CA,POSTT,DISTR,29.73,0.0,0.0,0.0,0.0,0.0
3637,CA,CA,GASDI,FINAN,29.81,0.0,0.0,0.0,0.0,0.0
6239,CA,CA,PUBLI,ELEC3,29.84,0.0,0.0,0.0,0.0,0.0
7899,CA,CA,TRAN1,DIST1,29.87,0.0,0.0,0.0,0.0,0.0
1972,CA,CA,DISTR,RETA1,29.9,0.0,0.0,0.0,0.0,0.0
3221,CA,CA,FINAN,WHOLE,29.9,0.0,0.0,0.0,0.0,0.0
1449,CA,CA,CONST,CHEM1,29.93,0.0,0.0,0.0,0.0,0.0
6027,CA,CA,POSTT,SALEM,29.96,0.0,0.0,0.0,0.0,0.0
3160,CA,CA,FINAN,MEAT1,30.08,0.0,0.0,0.0,0.0,0.0
3006,CA,CA,FABRI,DAIRY,30.08,0.0,0.0,0.0,0.0,0.0
5406,CA,CA,NONME,FURNI,30.14,0.0,0.0,0.0,0.0,0.0
6576,CA,CA,REALE,GLASS,30.15,0.0,0.0,0.0,0.0,0.0
7913,CA,CA,TRAN1,GLASS,30.2,0.0,0.0,0.0,0.0,0.0
3013,CA,CA,FABRI,FISH5,30.2,0.0,0.0,0.0,0.0,0.0
7396,CA,CA,SANDC,CRUDE,30.26,0.0,0.0,0.0,0.0,0.0
2178,CA,CA,ELEC1,FOOD5,30.26,0.0,0.0,0.0,0.0,0.0
4382,CA,CA,LANDT,WEARI,30.34,0.0,0.0,0.0,0.0,0.0
4263,CA,CA,LANDT,ANIMA,30.46,0.0,0.0,0.0,0.0,0.0
1083,CA,CA,CHEM1,FORES,30.47,0.0,0.0,0.0,0.0,0.0
6339,CA,CA,PULP5,TEXTI,32.16,0.0,0.0,0.0,0.0,0.0
5199,CA,CA,NATU1,REFI1,32.25,0.0,0.0,0.0,0.0,0.0
4400,CA,CA,LEAD1,ELECT,32.26,0.0,0.0,0.0,0.0,0.0
3078,CA,CA,FABRI,TEXTI,34.05,0.0,0.0,0.0,0.0,0.0
2169,CA,CA,ELEC1,CRUDE,34.15,0.0,0.0,0.0,0.0,0.0
6211,CA,CA,PUBLI,AIRTR,34.18,0.0,0.0,0.0,0.0,0.0
6800,CA,CA,REFI1,NONSP,34.19,0.0,0.0,0.0,0.0,0.0
603,CA,CA,BIOG1,RETAI,34.26,0.0,0.0,0.0,0.0,0.0
6261,CA,CA,PUBLI,LANDT,34.27,0.0,0.0,0.0,0.0,0.0
1159,CA,CA,CHEM1,WEARI,34.45,0.0,0.0,0.0,0.0,0.0
4494,CA,CA,LIGNI,ELEC1,34.48,0.0,0.0,0.0,0.0,0.0
6419,CA,CA,RAILW,BUSIN,34.66,0.0,0.0,0.0,0.0,0.0
367,CA,CA,AUXIL,SALEM,34.75,0.0,0.0,0.0,0.0,0.0
5050,CA,CA,MOTOR,BEVER,34.75,0.0,0.0,0.0,0.0,0.0
4852,CA,CA,MEDIC,RADIO,34.86,0.0,0.0,0.0,0.0,0.0
5492,CA,CA,NONSP,KEROS,34.87,0.0,0.0,0.0,0.0,0.0
4267,CA,CA,LANDT,BEVER,34.92,0.0,0.0,0.0,0.0,0.0
1066,CA,CA,CHEM1,DISTR,35.09,0.0,0.0,0.0,0.0,0.0
1829,CA,CA,DIST1,MEMBE,35.26,0.0,0.0,0.0,0.0,0.0
3920,CA,CA,HYDRO,ETHAN,35.33,0.0,0.0,0.0,0.0,0.0
7983,CA,CA,TRAN1,WEARI,35.44,0.0,0.0,0.0,0.0,0.0
6154,CA,CA,PRINT,FINAN,35.61,0.0,0.0,0.0,0.0,0.0
6634,CA,CA,REALE,SEACO,35.63,0.0,0.0,0.0,0.0,0.0
7961,CA,CA,TRAN1,RECRE,35.66,0.0,0.0,0.0,0.0,0.0
3141,CA,CA,FINAN,FOUND,35.69,0.0,0.0,0.0,0.0,0.0
3629,CA,CA,GASDI,EDUCA,35.76,0.0,0.0,0.0,0.0,0.0
3107,CA,CA,FINAN,CEMEN,35.87,0.0,0.0,0.0,0.0,0.0
1560,CA,CA,CONST,WOODW,34.06,0.0,0.0,0.0,0.0,0.0
1870,CA,CA,DIST1,WHEAT,33.93,0.0,0.0,0.0,0.0,0.0
4152,CA,CA,INSUR,TRAN2,32.36,0.0,0.0,0.0,0.0,0.0
6596,CA,CA,REALE,MEDIC,33.88,0.0,0.0,0.0,0.0,0.0
6003,CA,CA,POSTT,OFFIC,32.37,0.0,0.0,0.0,0.0,0.0
7889,CA,CA,TRAN1,CHEM1,32.71,0.0,0.0,0.0,0.0,0.0
2538,CA,CA,ELEC4,INSUR,32.72,0.0,0.0,0.0,0.0,0.0
5125,CA,CA,MOTOR,NONME,32.73,0.0,0.0,0.0,0.0,0.0
4826,CA,CA,MEDIC,FABRI,32.77,0.0,0.0,0.0,0.0,0.0
6817,CA,CA,REFIN,CRUDE,32.91,0.0,0.0,0.0,0.0,0.0
2374,CA,CA,ELEC3,93197,33.03,0.0,0.0,0.0,0.0,0.0
5966,CA,CA,POSTT,FOOD5,33.05,0.0,0.0,0.0,0.0,0.0
1084,CA,CA,CHEM1,FOUND,33.05,0.0,0.0,0.0,0.0,0.0
4337,CA,CA,LANDT,NONF1,33.15,0.0,0.0,0.0,0.0,0.0
3805,CA,CA,GLASS,TRANS,33.17,0.0,0.0,0.0,0.0,0.0
7542,CA,CA,STONE,CERAM,33.21,0.0,0.0,0.0,0.0,0.0
5188,CA,CA,NATU1,KEROS,33.25,0.0,0.0,0.0,0.0,0.0
2257,CA,CA,ELEC2,ALUM1,33.31,0.0,0.0,0.0,0.0,0.0
1525,CA,CA,CONST,PRINT,33.36,0.0,0.0,0.0,0.0,0.0
4352,CA,CA,LANDT,PRINT,33.5,0.0,0.0,0.0,0.0,0.0
5066,CA,CA,MOTOR,COMPU,33.57,0.0,0.0,0.0,0.0,0.0
4654,CA,CA,MEAT4,BEVER,33.65,0.0,0.0,0.0,0.0,0.0
1627,CA,CA,CROPS,93197,33.68,0.0,0.0,0.0,0.0,0.0
3329,CA,CA,FOOD5,MEAT1,33.7,0.0,0.0,0.0,0.0,0.0
5519,CA,CA,NONSP,REFI1,33.76,0.0,0.0,0.0,0.0,0.0
6623,CA,CA,REALE,RAWMI,33.79,0.0,0.0,0.0,0.0,0.0
6253,CA,CA,PUBLI,FURNI,33.8,0.0,0.0,0.0,0.0,0.0
2603,CA,CA,ELEC4,VEGET,20.85,0.0,0.0,0.0,0.0,0.0
2494,CA,CA,ELEC4,AUXIL,20.8,0.0,0.0,0.0,0.0,0.0
3121,CA,CA,FINAN,DIST1,20.79,0.0,0.0,0.0,0.0,0.0
3029,CA,CA,FABRI,LANDT,14.5,0.0,0.0,0.0,0.0,0.0
3403,CA,CA,FORES,OILSE,14.36,0.0,0.0,0.0,0.0,0.0
4801,CA,CA,MEATP,SALEM,14.37,0.0,0.0,0.0,0.0,0.0
1999,CA,CA,EDUCA,BASIC,14.38,0.0,0.0,0.0,0.0,0.0
2290,CA,CA,ELEC2,FINAN,14.43,0.0,0.0,0.0,0.0,0.0
6476,CA,CA,RAILW,RUBBE,14.44,0.0,0.0,0.0,0.0,0.0
6161,CA,CA,PRINT,HEALT,14.44,0.0,0.0,0.0,0.0,0.0
4588,CA,CA,LUBRI,REALE,14.46,0.0,0.0,0.0,0.0,0.0
6715,CA,CA,RECRE,LANDT,14.47,0.0,0.0,0.0,0.0,0.0
2174,CA,CA,ELEC1,FABRI,14.48,0.0,0.0,0.0,0.0,0.0
6636,CA,CA,REALE,STONE,14.49,0.0,0.0,0.0,0.0,0.0
1686,CA,CA,CRUDE,BASIC,14.49,0.0,0.0,0.0,0.0,0.0
4362,CA,CA,LANDT,RESEA,14.51,0.0,0.0,0.0,0.0,0.0
1483,CA,CA,CONST,GLASS,13.99,0.0,0.0,0.0,0.0,0.0
1708,CA,CA,CRUDE,LANDT,14.52,0.0,0.0,0.0,0.0,0.0
1955,CA,CA,DISTR,PIGS9,14.53,0.0,0.0,0.0,0.0,0.0
3954,CA,CA,HYDRO,SANDC,14.54,0.0,0.0,0.0,0.0,0.0
5517,CA,CA,NONSP,REALE,14.56,0.0,0.0,0.0,0.0,0.0
4624,CA,CA,MEAT1,FISH5,14.57,0.0,0.0,0.0,0.0,0.0
6388,CA,CA,RADIO,PRINT,14.61,0.0,0.0,0.0,0.0,0.0
2156,CA,CA,ELEC1,BUSIN,14.62,0.0,0.0,0.0,0.0,0.0
7126,CA,CA,RUBBE,AUXIL,14.64,0.0,0.0,0.0,0.0,0.0
1915,CA,CA,DISTR,FOUND,14.64,0.0,0.0,0.0,0.0,0.0
1338,CA,CA,COMPU,ELEC5,14.64,0.0,0.0,0.0,0.0,0.0
5360,CA,CA,NONFE,DISTR,14.66,0.0,0.0,0.0,0.0,0.0
570,CA,CA,BIODI,TRAN1,14.33,0.0,0.0,0.0,0.0,0.0
5552,CA,CA,OFFIC,HEALT,14.31,0.0,0.0,0.0,0.0,0.0
2946,CA,CA,ELECT,HYDRO,14.3,0.0,0.0,0.0,0.0,0.0
4819,CA,CA,MEDIC,CHEM1,14.27,0.0,0.0,0.0,0.0,0.0
5352,CA,CA,NONF1,TRANS,14.01,0.0,0.0,0.0,0.0,0.0
7700,CA,CA,SUPPO,ELECT,14.01,0.0,0.0,0.0,0.0,0.0
2235,CA,CA,ELEC1,RUBBE,14.03,0.0,0.0,0.0,0.0,0.0
3275,CA,CA,FISHF,MEAT4,14.04,0.0,0.0,0.0,0.0,0.0
2479,CA,CA,ELEC3,TRAN2,14.05,0.0,0.0,0.0,0.0,0.0
2327,CA,CA,ELEC2,NONME,14.06,0.0,0.0,0.0,0.0,0.0
5154,CA,CA,MOTOR,SEACO,14.08,0.0,0.0,0.0,0.0,0.0
3879,CA,CA,HOTEL,HOTEL,14.09,0.0,0.0,0.0,0.0,0.0
6005,CA,CA,POSTT,PAPER,14.12,0.0,0.0,0.0,0.0,0.0
5138,CA,CA,MOTOR,PRINT,14.13,0.0,0.0,0.0,0.0,0.0
8287,CA,CA,WOODW,LANDT,14.14,0.0,0.0,0.0,0.0,0.0
7404,CA,CA,SANDC,GASDI,14.15,0.0,0.0,0.0,0.0,0.0
4104,CA,CA,INSUR,MEMBE,14.16,0.0,0.0,0.0,0.0,0.0
6868,CA,CA,RESEA,DISTR,14.18,0.0,0.0,0.0,0.0,0.0
5936,CA,CA,POSTT,CEREA,14.2,0.0,0.0,0.0,0.0,0.0
3749,CA,CA,GLASS,BUSIN,14.22,0.0,0.0,0.0,0.0,0.0
5046,CA,CA,MOTOR,ANIMA,14.23,0.0,0.0,0.0,0.0,0.0
90,CA,CA,AIRTR,FISH5,14.24,0.0,0.0,0.0,0.0,0.0
3923,CA,CA,HYDRO,GASOL,14.24,0.0,0.0,0.0,0.0,0.0
3331,CA,CA,FOOD5,MEATA,14.24,0.0,0.0,0.0,0.0,0.0
4355,CA,CA,LANDT,RADIO,14.25,0.0,0.0,0.0,0.0,0.0
5642,CA,CA,PAPER,GASDI,14.26,0.0,0.0,0.0,0.0,0.0
4030,CA,CA,INSUR,ALUM1,14.26,0.0,0.0,0.0,0.0,0.0
8098,CA,CA,WEARI,LANDT,14.72,0.0,0.0,0.0,0.0,0.0
6141,CA,CA,PRINT,DISTR,14.72,0.0,0.0,0.0,0.0,0.0
5801,CA,CA,PFERT,LANDT,14.73,0.0,0.0,0.0,0.0,0.0
2529,CA,CA,ELEC4,FOUND,15.15,0.0,0.0,0.0,0.0,0.0
6147,CA,CA,PRINT,ELEC4,15.22,0.0,0.0,0.0,0.0,0.0
2149,CA,CA,ELEC1,BASIC,15.26,0.0,0.0,0.0,0.0,0.0
1348,CA,CA,COMPU,FOOD5,15.28,0.0,0.0,0.0,0.0,0.0
341,CA,CA,AUXIL,NONSP,15.33,0.0,0.0,0.0,0.0,0.0
7094,CA,CA,RETA1,VEGET,15.37,0.0,0.0,0.0,0.0,0.0
3825,CA,CA,HEALT,FINAN,15.4,0.0,0.0,0.0,0.0,0.0
4704,CA,CA,MEAT4,SALEM,15.4,0.0,0.0,0.0,0.0,0.0
2371,CA,CA,ELEC2,WHOLE,15.42,0.0,0.0,0.0,0.0,0.0
3325,CA,CA,FOOD5,LANDT,15.46,0.0,0.0,0.0,0.0,0.0
2984,CA,CA,FABRI,ALUM1,15.47,0.0,0.0,0.0,0.0,0.0
4332,CA,CA,LANDT,MOTOR,15.48,0.0,0.0,0.0,0.0,0.0
1991,CA,CA,DISTR,WHEAT,15.5,0.0,0.0,0.0,0.0,0.0
1812,CA,CA,DIST1,FISHF,15.51,0.0,0.0,0.0,0.0,0.0
5468,CA,CA,NONSP,CHEM1,15.53,0.0,0.0,0.0,0.0,0.0
2372,CA,CA,ELEC2,WOODW,15.53,0.0,0.0,0.0,0.0,0.0
1652,CA,CA,CROPS,MEATA,15.57,0.0,0.0,0.0,0.0,0.0
2146,CA,CA,ELEC1,ALUM1,15.58,0.0,0.0,0.0,0.0,0.0
4553,CA,CA,LUBRI,LANDT,15.6,0.0,0.0,0.0,0.0,0.0
631,CA,CA,BIOGA,ELEC3,15.63,0.0,0.0,0.0,0.0,0.0
1052,CA,CA,CHEM1,CEMEN,15.64,0.0,0.0,0.0,0.0,0.0
3129,CA,CA,FINAN,ELEC5,15.69,0.0,0.0,0.0,0.0,0.0
7938,CA,CA,TRAN1,NATUR,15.72,0.0,0.0,0.0,0.0,0.0
3313,CA,CA,FOOD5,FABRI,15.72,0.0,0.0,0.0,0.0,0.0
1475,CA,CA,CONST,FISH5,15.21,0.0,0.0,0.0,0.0,0.0
2296,CA,CA,ELEC2,FURNI,15.12,0.0,0.0,0.0,0.0,0.0
8159,CA,CA,WHEAT,PIGS9,14.75,0.0,0.0,0.0,0.0,0.0
2569,CA,CA,ELEC4,PIGS9,15.1,0.0,0.0,0.0,0.0,0.0
1090,CA,CA,CHEM1,HEAVY,14.75,0.0,0.0,0.0,0.0,0.0
1038,CA,CA,CHEM1,ANIMA,14.76,0.0,0.0,0.0,0.0,0.0
7982,CA,CA,TRAN1,VEGET,14.76,0.0,0.0,0.0,0.0,0.0
2521,CA,CA,ELEC4,ELECT,14.78,0.0,0.0,0.0,0.0,0.0
197,CA,CA,ALUM1,RUBBE,14.78,0.0,0.0,0.0,0.0,0.0
6974,CA,CA,RETA1,BIODI,14.78,0.0,0.0,0.0,0.0,0.0
7167,CA,CA,RUBBE,GASDI,14.8,0.0,0.0,0.0,0.0,0.0
3203,CA,CA,FINAN,SANDC,14.82,0.0,0.0,0.0,0.0,0.0
5848,CA,CA,PIGS9,FOOD5,14.84,0.0,0.0,0.0,0.0,0.0
3499,CA,CA,FURNI,ANIMA,14.84,0.0,0.0,0.0,0.0,0.0
2909,CA,CA,ELEC8,NFERT,14.85,0.0,0.0,0.0,0.0,0.0
7790,CA,CA,TEXTI,BUSIN,14.85,0.0,0.0,0.0,0.0,0.0
1153,CA,CA,CHEM1,TRAN1,14.86,0.0,0.0,0.0,0.0,0.0
1782,CA,CA,DAIRY,WHOLE,14.86,0.0,0.0,0.0,0.0,0.0
1349,CA,CA,COMPU,FORES,14.95,0.0,0.0,0.0,0.0,0.0
1911,CA,CA,DISTR,FISH5,14.96,0.0,0.0,0.0,0.0,0.0
2525,CA,CA,ELEC4,FISH5,14.96,0.0,0.0,0.0,0.0,0.0
3083,CA,CA,FABRI,VEGET,14.99,0.0,0.0,0.0,0.0,0.0
8289,CA,CA,WOODW,LEATH,15.0,0.0,0.0,0.0,0.0,0.0
5037,CA,CA,MOTO1,SUPPO,15.05,0.0,0.0,0.0,0.0,0.0
1964,CA,CA,DISTR,RADIO,15.06,0.0,0.0,0.0,0.0,0.0
900,CA,CA,CEMEN,PULP5,15.08,0.0,0.0,0.0,0.0,0.0
2622,CA,CA,ELEC5,BUSIN,15.1,0.0,0.0,0.0,0.0,0.0
5365,CA,CA,NONFE,ELEC4,14.0,0.0,0.0,0.0,0.0,0.0
7023,CA,CA,RETA1,HEAVY,13.98,0.0,0.0,0.0,0.0,0.0
6552,CA,CA,REALE,DIST1,20.78,0.0,0.0,0.0,0.0,0.0
6069,CA,CA,POULT,RAWMI,12.75,0.0,0.0,0.0,0.0,0.0
5427,CA,CA,NONME,NATUR,12.48,0.0,0.0,0.0,0.0,0.0
6934,CA,CA,RESEA,RADIO,12.49,0.0,0.0,0.0,0.0,0.0
4045,CA,CA,INSUR,CEMEN,12.51,0.0,0.0,0.0,0.0,0.0
2339,CA,CA,ELEC2,PRINT,12.54,0.0,0.0,0.0,0.0,0.0
7037,CA,CA,RETA1,MEAT4,12.54,0.0,0.0,0.0,0.0,0.0
7212,CA,CA,RUBBE,RADIO,12.57,0.0,0.0,0.0,0.0,0.0
2980,CA,CA,ELECT,WHOLE,12.57,0.0,0.0,0.0,0.0,0.0
427,CA,CA,BASIC,CHEM1,12.63,0.0,0.0,0.0,0.0,0.0
928,CA,CA,CERAM,CEMEN,12.66,0.0,0.0,0.0,0.0,0.0
6121,CA,CA,PRINT,93197,12.72,0.0,0.0,0.0,0.0,0.0
7425,CA,CA,SANDC,NONF1,12.75,0.0,0.0,0.0,0.0,0.0
7853,CA,CA,TEXTI,SALEM,12.77,0.0,0.0,0.0,0.0,0.0
2395,CA,CA,ELEC3,COMPU,13.95,0.0,0.0,0.0,0.0,0.0
6801,CA,CA,REFI1,PETRO,12.78,0.0,0.0,0.0,0.0,0.0
1907,CA,CA,DISTR,ELECT,12.81,0.0,0.0,0.0,0.0,0.0
351,CA,CA,AUXIL,PREC1,12.81,0.0,0.0,0.0,0.0,0.0
1283,CA,CA,COKIN,FOUND,12.81,0.0,0.0,0.0,0.0,0.0
5624,CA,CA,PAPER,DIST1,12.82,0.0,0.0,0.0,0.0,0.0
5023,CA,CA,MOTO1,POSTT,12.83,0.0,0.0,0.0,0.0,0.0
7737,CA,CA,SUPPO,NONME,12.86,0.0,0.0,0.0,0.0,0.0
3282,CA,CA,FISHF,RUBBE,12.9,0.0,0.0,0.0,0.0,0.0
7838,CA,CA,TEXTI,PAPER,13.01,0.0,0.0,0.0,0.0,0.0
7069,CA,CA,RETA1,RAWMI,13.04,0.0,0.0,0.0,0.0,0.0
3771,CA,CA,GLASS,LANDT,13.05,0.0,0.0,0.0,0.0,0.0
3153,CA,CA,FINAN,KEROS,12.47,0.0,0.0,0.0,0.0,0.0
1280,CA,CA,COKIN,CHEM1,12.46,0.0,0.0,0.0,0.0,0.0
7957,CA,CA,TRAN1,RADIO,12.44,0.0,0.0,0.0,0.0,0.0
5457,CA,CA,NONSP,93197,12.44,0.0,0.0,0.0,0.0,0.0
2491,CA,CA,ELEC4,AIRTR,12.14,0.0,0.0,0.0,0.0,0.0
483,CA,CA,BASIC,RETA1,12.14,0.0,0.0,0.0,0.0,0.0
2652,CA,CA,ELEC5,HOTEL,12.14,0.0,0.0,0.0,0.0,0.0
3622,CA,CA,GASDI,COMPU,12.19,0.0,0.0,0.0,0.0,0.0
2144,CA,CA,ELEC1,93197,12.2,0.0,0.0,0.0,0.0,0.0
6993,CA,CA,RETA1,COPP1,12.2,0.0,0.0,0.0,0.0,0.0
4502,CA,CA,LUBRI,93197,12.21,0.0,0.0,0.0,0.0,0.0
6432,CA,CA,RAILW,FABRI,12.21,0.0,0.0,0.0,0.0,0.0
7431,CA,CA,SANDC,PFERT,12.23,0.0,0.0,0.0,0.0,0.0
5165,CA,CA,MOTOR,WEARI,12.25,0.0,0.0,0.0,0.0,0.0
5797,CA,CA,PFERT,FORES,12.26,0.0,0.0,0.0,0.0,0.0
461,CA,CA,BASIC,NATU1,12.27,0.0,0.0,0.0,0.0,0.0
4262,CA,CA,LANDT,ALUM1,12.28,0.0,0.0,0.0,0.0,0.0
7952,CA,CA,TRAN1,POULT,12.28,0.0,0.0,0.0,0.0,0.0
2484,CA,CA,ELEC3,WEARI,12.29,0.0,0.0,0.0,0.0,0.0
7170,CA,CA,RUBBE,HEALT,12.31,0.0,0.0,0.0,0.0,0.0
970,CA,CA,CEREA,BUSIN,12.33,0.0,0.0,0.0,0.0,0.0
6470,CA,CA,RAILW,REALE,12.33,0.0,0.0,0.0,0.0,0.0
3196,CA,CA,FINAN,REFI1,12.37,0.0,0.0,0.0,0.0,0.0
2994,CA,CA,FABRI,CEMEN,12.37,0.0,0.0,0.0,0.0,0.0
7361,CA,CA,SALEM,SUGA1,12.37,0.0,0.0,0.0,0.0,0.0
3983,CA,CA,INLAN,FURNI,12.4,0.0,0.0,0.0,0.0,0.0
1446,CA,CA,CONST,CEMEN,12.4,0.0,0.0,0.0,0.0,0.0
2610,CA,CA,ELEC5,93197,13.06,0.0,0.0,0.0,0.0,0.0
1375,CA,CA,COMPU,MEMBE,13.07,0.0,0.0,0.0,0.0,0.0
3393,CA,CA,FORES,HOTEL,13.08,0.0,0.0,0.0,0.0,0.0
692,CA,CA,BUSIN,BITUM,13.45,0.0,0.0,0.0,0.0,0.0
5117,CA,CA,MOTOR,MOTO1,13.46,0.0,0.0,0.0,0.0,0.0
3972,CA,CA,INLAN,COMPU,13.52,0.0,0.0,0.0,0.0,0.0
2261,CA,CA,ELEC2,BEVER,13.54,0.0,0.0,0.0,0.0,0.0
4215,CA,CA,KERO1,RETAI,13.59,0.0,0.0,0.0,0.0,0.0
6422,CA,CA,RAILW,COKIN,13.6,0.0,0.0,0.0,0.0,0.0
6603,CA,CA,REALE,NONF1,13.6,0.0,0.0,0.0,0.0,0.0
5441,CA,CA,NONME,REALE,13.62,0.0,0.0,0.0,0.0,0.0
6886,CA,CA,RESEA,FORES,13.62,0.0,0.0,0.0,0.0,0.0
6874,CA,CA,RESEA,ELEC4,13.64,0.0,0.0,0.0,0.0,0.0
1528,CA,CA,CONST,RADIO,13.65,0.0,0.0,0.0,0.0,0.0
4542,CA,CA,LUBRI,GASDI,13.67,0.0,0.0,0.0,0.0,0.0
6542,CA,CA,REALE,CHEMI,13.7,0.0,0.0,0.0,0.0,0.0
1730,CA,CA,CRUDE,RUBBE,13.73,0.0,0.0,0.0,0.0,0.0
1814,CA,CA,DIST1,FORES,13.74,0.0,0.0,0.0,0.0,0.0
3330,CA,CA,FOOD5,MEAT4,13.77,0.0,0.0,0.0,0.0,0.0
7992,CA,CA,TRANS,BUSIN,13.82,0.0,0.0,0.0,0.0,0.0
1124,CA,CA,CHEM1,PIGS9,13.83,0.0,0.0,0.0,0.0,0.0
3597,CA,CA,FURNI,WHOLE,13.86,0.0,0.0,0.0,0.0,0.0
4911,CA,CA,MEMBE,FISHF,13.86,0.0,0.0,0.0,0.0,0.0
7510,CA,CA,SEACO,RECRE,13.86,0.0,0.0,0.0,0.0,0.0
7253,CA,CA,SALEM,BIOGA,13.87,0.0,0.0,0.0,0.0,0.0
6477,CA,CA,RAILW,SALEM,13.91,0.0,0.0,0.0,0.0,0.0
2802,CA,CA,ELEC6,RESEA,13.92,0.0,0.0,0.0,0.0,0.0
4913,CA,CA,MEMBE,FORES,13.46,0.0,0.0,0.0,0.0,0.0
2452,CA,CA,ELEC3,POSTT,13.44,0.0,0.0,0.0,0.0,0.0
7052,CA,CA,RETA1,NONSP,13.14,0.0,0.0,0.0,0.0,0.0
368,CA,CA,AUXIL,SANDC,13.43,0.0,0.0,0.0,0.0,0.0
3314,CA,CA,FOOD5,FISH5,13.14,0.0,0.0,0.0,0.0,0.0
2701,CA,CA,ELEC5,RUBBE,13.15,0.0,0.0,0.0,0.0,0.0
390,CA,CA,AVIAT,AIRTR,13.15,0.0,0.0,0.0,0.0,0.0
1828,CA,CA,DIST1,MEDIC,13.15,0.0,0.0,0.0,0.0,0.0
1152,CA,CA,CHEM1,TEXTI,13.16,0.0,0.0,0.0,0.0,0.0
3636,CA,CA,GASDI,FABRI,13.16,0.0,0.0,0.0,0.0,0.0
4391,CA,CA,LEAD1,BASIC,13.2,0.0,0.0,0.0,0.0,0.0
4702,CA,CA,MEAT4,RETAI,13.21,0.0,0.0,0.0,0.0,0.0
7709,CA,CA,SUPPO,GASDI,13.22,0.0,0.0,0.0,0.0,0.0
6980,CA,CA,RETA1,BRICK,13.23,0.0,0.0,0.0,0.0,0.0
3170,CA,CA,FINAN,NATU1,13.23,0.0,0.0,0.0,0.0,0.0
2070,CA,CA,EDUCA,SALEM,13.25,0.0,0.0,0.0,0.0,0.0
7300,CA,CA,SALEM,HEAVY,13.25,0.0,0.0,0.0,0.0,0.0
6016,CA,CA,POSTT,RADIO,13.26,0.0,0.0,0.0,0.0,0.0
7944,CA,CA,TRAN1,OFFIC,13.28,0.0,0.0,0.0,0.0,0.0
6851,CA,CA,RESEA,BUSIN,13.31,0.0,0.0,0.0,0.0,0.0
4059,CA,CA,INSUR,DIST1,13.31,0.0,0.0,0.0,0.0,0.0
3205,CA,CA,FINAN,STONE,13.31,0.0,0.0,0.0,0.0,0.0
1713,CA,CA,CRUDE,MEDIC,13.32,0.0,0.0,0.0,0.0,0.0
2254,CA,CA,ELEC1,WOODW,13.35,0.0,0.0,0.0,0.0,0.0
7497,CA,CA,SEACO,PAPER,13.35,0.0,0.0,0.0,0.0,0.0
7874,CA,CA,TRAN1,AUXIL,13.37,0.0,0.0,0.0,0.0,0.0
5993,CA,CA,POSTT,MEMBE,13.37,0.0,0.0,0.0,0.0,0.0
258,CA,CA,AUXIL,ANIMA,15.75,0.0,0.0,0.0,0.0,0.0
4339,CA,CA,LANDT,NONME,15.78,0.0,0.0,0.0,0.0,0.0
318,CA,CA,AUXIL,KEROS,15.8,0.0,0.0,0.0,0.0,0.0
3111,CA,CA,FINAN,CHEMI,18.74,0.0,0.0,0.0,0.0,0.0
6164,CA,CA,PRINT,INSUR,18.56,0.0,0.0,0.0,0.0,0.0
7034,CA,CA,RETA1,LIQUE,18.59,0.0,0.0,0.0,0.0,0.0
3590,CA,CA,FURNI,SUPPO,18.59,0.0,0.0,0.0,0.0,0.0
4850,CA,CA,MEDIC,PRINT,18.62,0.0,0.0,0.0,0.0,0.0
2306,CA,CA,ELEC2,LANDT,18.63,0.0,0.0,0.0,0.0,0.0
3709,CA,CA,GASDI,SUGA1,18.63,0.0,0.0,0.0,0.0,0.0
7471,CA,CA,SEACO,FISH5,18.67,0.0,0.0,0.0,0.0,0.0
290,CA,CA,AUXIL,ELEC1,18.68,0.0,0.0,0.0,0.0,0.0
2270,CA,CA,ELEC2,CATTL,18.7,0.0,0.0,0.0,0.0,0.0
7769,CA,CA,SUPPO,TEXTI,18.73,0.0,0.0,0.0,0.0,0.0
804,CA,CA,BUSIN,VEGE1,18.73,0.0,0.0,0.0,0.0,0.0
3770,CA,CA,GLASS,HOTEL,18.79,0.0,0.0,0.0,0.0,0.0
361,CA,CA,AUXIL,REFI1,15.8,0.0,0.0,0.0,0.0,0.0
5667,CA,CA,PAPER,NONME,18.83,0.0,0.0,0.0,0.0,0.0
2011,CA,CA,EDUCA,CRUDE,18.84,0.0,0.0,0.0,0.0,0.0
3523,CA,CA,FURNI,EDUCA,18.86,0.0,0.0,0.0,0.0,0.0
5663,CA,CA,PAPER,MOTOR,18.87,0.0,0.0,0.0,0.0,0.0
7867,CA,CA,TEXTI,WOODW,18.96,0.0,0.0,0.0,0.0,0.0
4996,CA,CA,MOTO1,BITUM,18.96,0.0,0.0,0.0,0.0,0.0
320,CA,CA,AUXIL,LEAD1,18.97,0.0,0.0,0.0,0.0,0.0
3652,CA,CA,GASDI,INSUR,18.97,0.0,0.0,0.0,0.0,0.0
6692,CA,CA,RECRE,ELEC5,19.0,0.0,0.0,0.0,0.0,0.0
8018,CA,CA,TRANS,RETA1,19.06,0.0,0.0,0.0,0.0,0.0
3046,CA,CA,FABRI,NATUR,19.09,0.0,0.0,0.0,0.0,0.0
2443,CA,CA,ELEC3,NONME,18.56,0.0,0.0,0.0,0.0,0.0
3552,CA,CA,FURNI,MEDIC,18.56,0.0,0.0,0.0,0.0,0.0
6023,CA,CA,POSTT,RESEA,18.54,0.0,0.0,0.0,0.0,0.0
6704,CA,CA,RECRE,FURNI,18.54,0.0,0.0,0.0,0.0,0.0
5594,CA,CA,OILSE,SUGA1,18.04,0.0,0.0,0.0,0.0,0.0
7202,CA,CA,RUBBE,PFERT,18.13,0.0,0.0,0.0,0.0,0.0
7421,CA,CA,SANDC,MOTOR,18.16,0.0,0.0,0.0,0.0,0.0
2274,CA,CA,ELEC2,CHEM1,18.17,0.0,0.0,0.0,0.0,0.0
7185,CA,CA,RUBBE,MEATC,18.19,0.0,0.0,0.0,0.0,0.0
2039,CA,CA,EDUCA,LANDT,18.2,0.0,0.0,0.0,0.0,0.0
3613,CA,CA,GASDI,BUSIN,18.22,0.0,0.0,0.0,0.0,0.0
7885,CA,CA,TRAN1,CATTL,18.24,0.0,0.0,0.0,0.0,0.0
892,CA,CA,CEMEN,NONF1,18.26,0.0,0.0,0.0,0.0,0.0
5768,CA,CA,PFERT,AIRTR,18.27,0.0,0.0,0.0,0.0,0.0
4320,CA,CA,LANDT,LEAD1,18.27,0.0,0.0,0.0,0.0,0.0
632,CA,CA,BIOGA,ELEC5,18.3,0.0,0.0,0.0,0.0,0.0
1998,CA,CA,EDUCA,AUXIL,18.33,0.0,0.0,0.0,0.0,0.0
3429,CA,CA,FORES,VEGET,18.36,0.0,0.0,0.0,0.0,0.0
5416,CA,CA,NONME,LANDT,18.39,0.0,0.0,0.0,0.0,0.0
7638,CA,CA,SUGA1,RETA1,18.4,0.0,0.0,0.0,0.0,0.0
2236,CA,CA,ELEC1,SALEM,18.4,0.0,0.0,0.0,0.0,0.0
3072,CA,CA,FABRI,SALEM,18.43,0.0,0.0,0.0,0.0,0.0
294,CA,CA,AUXIL,ELEC5,18.44,0.0,0.0,0.0,0.0,0.0
7716,CA,CA,SUPPO,INLAN,18.45,0.0,0.0,0.0,0.0,0.0
3521,CA,CA,FURNI,CRUDE,18.46,0.0,0.0,0.0,0.0,0.0
5031,CA,CA,MOTO1,RETA1,18.49,0.0,0.0,0.0,0.0,0.0
3332,CA,CA,FOOD5,MEATC,18.52,0.0,0.0,0.0,0.0,0.0
1081,CA,CA,CHEM1,FISHF,19.11,0.0,0.0,0.0,0.0,0.0
323,CA,CA,AUXIL,LIQUE,19.2,0.0,0.0,0.0,0.0,0.0
2406,CA,CA,ELEC3,FINAN,19.26,0.0,0.0,0.0,0.0,0.0
1989,CA,CA,DISTR,VEGET,20.07,0.0,0.0,0.0,0.0,0.0
245,CA,CA,ANIMA,RETA1,20.09,0.0,0.0,0.0,0.0,0.0
7513,CA,CA,SEACO,RETA1,20.2,0.0,0.0,0.0,0.0,0.0
3114,CA,CA,FINAN,COKIN,20.23,0.0,0.0,0.0,0.0,0.0
7349,CA,CA,SALEM,REFI1,20.24,0.0,0.0,0.0,0.0,0.0
4128,CA,CA,INSUR,PULP5,20.24,0.0,0.0,0.0,0.0,0.0
7189,CA,CA,RUBBE,MOTOR,20.25,0.0,0.0,0.0,0.0,0.0
2271,CA,CA,ELEC2,CEMEN,20.26,0.0,0.0,0.0,0.0,0.0
496,CA,CA,BASIC,WHOLE,20.27,0.0,0.0,0.0,0.0,0.0
1058,CA,CA,CHEM1,COKIN,20.28,0.0,0.0,0.0,0.0,0.0
2957,CA,CA,ELECT,NATUR,20.29,0.0,0.0,0.0,0.0,0.0
3819,CA,CA,HEALT,COMPU,20.29,0.0,0.0,0.0,0.0,0.0
528,CA,CA,BEVER,REALE,20.3,0.0,0.0,0.0,0.0,0.0
6796,CA,CA,REFI1,LUBRI,20.31,0.0,0.0,0.0,0.0,0.0
3572,CA,CA,FURNI,PUBLI,20.31,0.0,0.0,0.0,0.0,0.0
2487,CA,CA,ELEC3,WHOLE,20.39,0.0,0.0,0.0,0.0,0.0
6976,CA,CA,RETA1,BIOGA,20.47,0.0,0.0,0.0,0.0,0.0
7898,CA,CA,TRAN1,DAIRY,20.47,0.0,0.0,0.0,0.0,0.0
1556,CA,CA,CONST,WEARI,20.48,0.0,0.0,0.0,0.0,0.0
3655,CA,CA,GASDI,LANDT,20.51,0.0,0.0,0.0,0.0,0.0
4076,CA,CA,INSUR,FISHF,20.53,0.0,0.0,0.0,0.0,0.0
3760,CA,CA,GLASS,ELECT,20.74,0.0,0.0,0.0,0.0,0.0
7743,CA,CA,SUPPO,PFERT,20.75,0.0,0.0,0.0,0.0,0.0
3117,CA,CA,FINAN,COPP1,20.76,0.0,0.0,0.0,0.0,0.0
7472,CA,CA,SEACO,FISHF,20.08,0.0,0.0,0.0,0.0,0.0
2063,CA,CA,EDUCA,REALE,20.05,0.0,0.0,0.0,0.0,0.0
6038,CA,CA,POSTT,TRAN2,19.31,0.0,0.0,0.0,0.0,0.0
7362,CA,CA,SALEM,SUGAR,20.04,0.0,0.0,0.0,0.0,0.0
282,CA,CA,AUXIL,COPP1,19.41,0.0,0.0,0.0,0.0,0.0
4606,CA,CA,LUBRI,TRANS,19.44,0.0,0.0,0.0,0.0,0.0
3498,CA,CA,FURNI,ALUM1,19.48,0.0,0.0,0.0,0.0,0.0
2488,CA,CA,ELEC3,WOODW,19.49,0.0,0.0,0.0,0.0,0.0
6994,CA,CA,RETA1,CROPS,19.56,0.0,0.0,0.0,0.0,0.0
6044,CA,CA,POSTT,WHEAT,19.58,0.0,0.0,0.0,0.0,0.0
5669,CA,CA,PAPER,OFFIC,19.6,0.0,0.0,0.0,0.0,0.0
657,CA,CA,BIOGA,TRAN1,19.61,0.0,0.0,0.0,0.0,0.0
8212,CA,CA,WHOLE,MEDIC,19.69,0.0,0.0,0.0,0.0,0.0
4665,CA,CA,MEAT4,DAIRY,19.69,0.0,0.0,0.0,0.0,0.0
2702,CA,CA,ELEC5,SALEM,19.69,0.0,0.0,0.0,0.0,0.0
2184,CA,CA,ELEC1,HEALT,19.7,0.0,0.0,0.0,0.0,0.0
5633,CA,CA,PAPER,ELECT,19.73,0.0,0.0,0.0,0.0,0.0
2319,CA,CA,ELEC2,MOTO1,19.74,0.0,0.0,0.0,0.0,0.0
5948,CA,CA,POSTT,DIST1,19.85,0.0,0.0,0.0,0.0,0.0
4661,CA,CA,MEAT4,CHEM1,19.9,0.0,0.0,0.0,0.0,0.0
5400,CA,CA,NONME,ELECT,19.91,0.0,0.0,0.0,0.0,0.0
1097,CA,CA,CHEM1,LEAD1,19.92,0.0,0.0,0.0,0.0,0.0
7345,CA,CA,SALEM,RAILW,19.95,0.0,0.0,0.0,0.0,0.0
5670,CA,CA,PAPER,OILSE,19.95,0.0,0.0,0.0,0.0,0.0
5159,CA,CA,MOTOR,SUPPO,19.97,0.0,0.0,0.0,0.0,0.0
1230,CA,CA,CHEMI,PUBLI,19.98,0.0,0.0,0.0,0.0,0.0
2412,CA,CA,ELEC3,FURNI,20.01,0.0,0.0,0.0,0.0,0.0
6798,CA,CA,REFI1,NAPHT,18.03,0.0,0.0,0.0,0.0,0.0
1831,CA,CA,DIST1,NONF1,18.01,0.0,0.0,0.0,0.0,0.0
5069,CA,CA,MOTOR,CROPS,18.01,0.0,0.0,0.0,0.0,0.0
4842,CA,CA,MEDIC,MEMBE,16.32,0.0,0.0,0.0,0.0,0.0
7945,CA,CA,TRAN1,OILSE,16.33,0.0,0.0,0.0,0.0,0.0
3125,CA,CA,FINAN,ELEC1,16.35,0.0,0.0,0.0,0.0,0.0
1950,CA,CA,DISTR,OFFIC,16.35,0.0,0.0,0.0,0.0,0.0
2941,CA,CA,ELECT,FURNI,16.36,0.0,0.0,0.0,0.0,0.0
4239,CA,CA,KEROS,KEROS,16.4,0.0,0.0,0.0,0.0,0.0
731,CA,CA,BUSIN,FOUND,16.44,0.0,0.0,0.0,0.0,0.0
629,CA,CA,BIOGA,ELEC1,16.47,0.0,0.0,0.0,0.0,0.0
6307,CA,CA,PUBLI,TRANS,16.51,0.0,0.0,0.0,0.0,0.0
6332,CA,CA,PULP5,PULP5,16.52,0.0,0.0,0.0,0.0,0.0
917,CA,CA,CEMEN,WHOLE,16.54,0.0,0.0,0.0,0.0,0.0
5160,CA,CA,MOTOR,TEXTI,16.56,0.0,0.0,0.0,0.0,0.0
4616,CA,CA,MEAT1,BEVER,16.59,0.0,0.0,0.0,0.0,0.0
2455,CA,CA,ELEC3,PRINT,16.62,0.0,0.0,0.0,0.0,0.0
5679,CA,CA,PAPER,PULP5,16.65,0.0,0.0,0.0,0.0,0.0
6574,CA,CA,REALE,GASDI,16.66,0.0,0.0,0.0,0.0,0.0
7704,CA,CA,SUPPO,FISHF,16.68,0.0,0.0,0.0,0.0,0.0
1959,CA,CA,DISTR,POULT,16.69,0.0,0.0,0.0,0.0,0.0
1727,CA,CA,CRUDE,REFIN,16.7,0.0,0.0,0.0,0.0,0.0
4081,CA,CA,INSUR,GASDI,16.77,0.0,0.0,0.0,0.0,0.0
556,CA,CA,BIODI,ELEC5,16.8,0.0,0.0,0.0,0.0,0.0
2289,CA,CA,ELEC2,FABRI,16.85,0.0,0.0,0.0,0.0,0.0
2564,CA,CA,ELEC4,OFFIC,16.9,0.0,0.0,0.0,0.0,0.0
315,CA,CA,AUXIL,INLAN,16.91,0.0,0.0,0.0,0.0,0.0
7311,CA,CA,SALEM,LIQUE,16.33,0.0,0.0,0.0,0.0,0.0
2615,CA,CA,ELEC5,BASIC,16.31,0.0,0.0,0.0,0.0,0.0
5706,CA,CA,PAPER,WHEAT,16.94,0.0,0.0,0.0,0.0,0.0
3640,CA,CA,GASDI,FOOD5,16.29,0.0,0.0,0.0,0.0,0.0
102,CA,CA,AIRTR,LANDT,15.81,0.0,0.0,0.0,0.0,0.0
5449,CA,CA,NONME,STONE,15.83,0.0,0.0,0.0,0.0,0.0
74,CA,CA,AIRTR,CHEM1,15.84,0.0,0.0,0.0,0.0,0.0
7813,CA,CA,TEXTI,FORES,15.86,0.0,0.0,0.0,0.0,0.0
6440,CA,CA,RAILW,HOTEL,15.86,0.0,0.0,0.0,0.0,0.0
4809,CA,CA,MEDIC,93197,15.88,0.0,0.0,0.0,0.0,0.0
4250,CA,CA,KEROS,REFI1,15.9,0.0,0.0,0.0,0.0,0.0
6674,CA,CA,RECRE,CHEM1,15.92,0.0,0.0,0.0,0.0,0.0
7692,CA,CA,SUPPO,CONST,15.93,0.0,0.0,0.0,0.0,0.0
842,CA,CA,CATTL,PIGS9,15.94,0.0,0.0,0.0,0.0,0.0
2457,CA,CA,ELEC3,PULP5,16.03,0.0,0.0,0.0,0.0,0.0
2605,CA,CA,ELEC4,WHEAT,16.1,0.0,0.0,0.0,0.0,0.0
7703,CA,CA,SUPPO,FISH5,16.1,0.0,0.0,0.0,0.0,0.0
2441,CA,CA,ELEC3,NONF1,16.11,0.0,0.0,0.0,0.0,0.0
5753,CA,CA,PETRO,NONME,16.11,0.0,0.0,0.0,0.0,0.0
6633,CA,CA,REALE,SANDC,16.13,0.0,0.0,0.0,0.0,0.0
1718,CA,CA,CRUDE,NONF1,16.14,0.0,0.0,0.0,0.0,0.0
8192,CA,CA,WHOLE,FABRI,16.18,0.0,0.0,0.0,0.0,0.0
1733,CA,CA,CRUDE,WHITE,16.21,0.0,0.0,0.0,0.0,0.0
2578,CA,CA,ELEC4,RADIO,16.24,0.0,0.0,0.0,0.0,0.0
7975,CA,CA,TRAN1,SUPPO,16.25,0.0,0.0,0.0,0.0,0.0
746,CA,CA,BUSIN,LEATH,16.26,0.0,0.0,0.0,0.0,0.0
7590,CA,CA,STONE,SUPPO,16.28,0.0,0.0,0.0,0.0,0.0
6985,CA,CA,RETA1,CEREA,16.93,0.0,0.0,0.0,0.0,0.0
1430,CA,CA,CONST,AIRTR,16.96,0.0,0.0,0.0,0.0,0.0
6103,CA,CA,PREC1,RETA1,17.94,0.0,0.0,0.0,0.0,0.0
7778,CA,CA,SUPPO,WOODW,17.39,0.0,0.0,0.0,0.0,0.0
1334,CA,CA,COMPU,ELEC1,17.46,0.0,0.0,0.0,0.0,0.0
1660,CA,CA,CROPS,PAPER,17.47,0.0,0.0,0.0,0.0,0.0
4071,CA,CA,INSUR,ELECT,17.48,0.0,0.0,0.0,0.0,0.0
1421,CA,CA,COMPU,TRANS,17.48,0.0,0.0,0.0,0.0,0.0
2333,CA,CA,ELEC2,PFERT,17.49,0.0,0.0,0.0,0.0,0.0
1488,CA,CA,CONST,INLAN,17.51,0.0,0.0,0.0,0.0,0.0
5852,CA,CA,PIGS9,LEATH,17.53,0.0,0.0,0.0,0.0,0.0
6293,CA,CA,PUBLI,RETA1,17.6,0.0,0.0,0.0,0.0,0.0
5438,CA,CA,NONME,PUBLI,17.61,0.0,0.0,0.0,0.0,0.0
5448,CA,CA,NONME,SANDC,17.61,0.0,0.0,0.0,0.0,0.0
1481,CA,CA,CONST,GASDI,17.62,0.0,0.0,0.0,0.0,0.0
7979,CA,CA,TRAN1,TRANS,17.66,0.0,0.0,0.0,0.0,0.0
4567,CA,CA,LUBRI,MOTOR,17.66,0.0,0.0,0.0,0.0,0.0
4670,CA,CA,MEAT4,FISHF,17.77,0.0,0.0,0.0,0.0,0.0
7143,CA,CA,RUBBE,COMPU,17.78,0.0,0.0,0.0,0.0,0.0
3699,CA,CA,GASDI,RESEA,17.84,0.0,0.0,0.0,0.0,0.0
5994,CA,CA,POSTT,MOTO1,17.84,0.0,0.0,0.0,0.0,0.0
267,CA,CA,AUXIL,BITUM,17.86,0.0,0.0,0.0,0.0,0.0
8355,CA,CA,WOOLS,RUBBE,17.88,0.0,0.0,0.0,0.0,0.0
1067,CA,CA,CHEM1,EDUCA,17.88,0.0,0.0,0.0,0.0,0.0
469,CA,CA,BASIC,PAPER,17.89,0.0,0.0,0.0,0.0,0.0
6766,CA,CA,RECRE,SUPPO,17.89,0.0,0.0,0.0,0.0,0.0
4669,CA,CA,MEAT4,FISH5,17.92,0.0,0.0,0.0,0.0,0.0
382,CA,CA,AUXIL,VEGE1,17.4,0.0,0.0,0.0,0.0,0.0
3711,CA,CA,GASDI,SUPPO,17.39,0.0,0.0,0.0,0.0,0.0
7696,CA,CA,SUPPO,DAIRY,17.0,0.0,0.0,0.0,0.0,0.0
4302,CA,CA,LANDT,FISH5,17.37,0.0,0.0,0.0,0.0,0.0
2380,CA,CA,ELEC3,BEVER,17.02,0.0,0.0,0.0,0.0,0.0
6001,CA,CA,POSTT,NONME,17.03,0.0,0.0,0.0,0.0,0.0
127,CA,CA,AIRTR,RETA1,17.04,0.0,0.0,0.0,0.0,0.0
3680,CA,CA,GASDI,PAPER,17.05,0.0,0.0,0.0,0.0,0.0
2612,CA,CA,ELEC5,ALUM1,17.05,0.0,0.0,0.0,0.0,0.0
2344,CA,CA,ELEC2,RAWMI,17.07,0.0,0.0,0.0,0.0,0.0
750,CA,CA,BUSIN,MEAT1,17.12,0.0,0.0,0.0,0.0,0.0
2203,CA,CA,ELEC1,MOTO1,17.15,0.0,0.0,0.0,0.0,0.0
4541,CA,CA,LUBRI,FURNI,17.15,0.0,0.0,0.0,0.0,0.0
3442,CA,CA,FOUND,BUSIN,17.16,0.0,0.0,0.0,0.0,0.0
7271,CA,CA,SALEM,CROPS,17.17,0.0,0.0,0.0,0.0,0.0
3894,CA,CA,HOTEL,RETA1,17.22,0.0,0.0,0.0,0.0,0.0
7186,CA,CA,RUBBE,MEATP,17.24,0.0,0.0,0.0,0.0,0.0
7893,CA,CA,TRAN1,COKIN,17.29,0.0,0.0,0.0,0.0,0.0
5678,CA,CA,PAPER,PUBLI,17.3,0.0,0.0,0.0,0.0,0.0
6746,CA,CA,RECRE,PRINT,17.31,0.0,0.0,0.0,0.0,0.0
6602,CA,CA,REALE,NATUR,17.33,0.0,0.0,0.0,0.0,0.0
4129,CA,CA,INSUR,RADIO,17.34,0.0,0.0,0.0,0.0,0.0
4286,CA,CA,LANDT,DAIRY,17.34,0.0,0.0,0.0,0.0,0.0
3016,CA,CA,FABRI,FORES,17.35,0.0,0.0,0.0,0.0,0.0
2573,CA,CA,ELEC4,POULT,17.35,0.0,0.0,0.0,0.0,0.0
7340,CA,CA,SALEM,PREC1,17.36,0.0,0.0,0.0,0.0,0.0
3457,CA,CA,FOUND,HEALT,17.37,0.0,0.0,0.0,0.0,0.0
3491,CA,CA,FOUND,TRANS,4.04,0.0,0.0,0.0,0.0,0.0
2485,CA,CA,ELEC3,WHEAT,4.03,0.0,0.0,0.0,0.0,0.0
214,CA,CA,ANIMA,BUSIN,0.54,0.0,0.0,0.0,0.0,0.0
455,CA,CA,BASIC,LUBRI,1.09,0.0,0.0,0.0,0.0,0.0
14,CA,CA,93197,COMPU,1.07,0.0,0.0,0.0,0.0,0.0
6032,CA,CA,POSTT,SUGA1,1.07,0.0,0.0,0.0,0.0,0.0
3977,CA,CA,INLAN,ELECT,1.08,0.0,0.0,0.0,0.0,0.0
5879,CA,CA,PLANT,CHEMI,1.08,0.0,0.0,0.0,0.0,0.0
7005,CA,CA,RETA1,ELEC5,1.08,0.0,0.0,0.0,0.0,0.0
5614,CA,CA,PAPER,CERAM,1.08,0.0,0.0,0.0,0.0,0.0
8152,CA,CA,WHEAT,MEATA,1.08,0.0,0.0,0.0,0.0,0.0
2990,CA,CA,FABRI,BIOGA,1.08,0.0,0.0,0.0,0.0,0.0
6683,CA,CA,RECRE,DAIRY,1.08,0.0,0.0,0.0,0.0,0.0
4617,CA,CA,MEAT1,BUSIN,1.09,0.0,0.0,0.0,0.0,0.0
277,CA,CA,AUXIL,COKE1,1.09,0.0,0.0,0.0,0.0,0.0
942,CA,CA,CERAM,NONF1,1.09,0.0,0.0,0.0,0.0,0.0
396,CA,CA,AVIAT,GASDI,1.04,0.0,0.0,0.0,0.0,0.0
5625,CA,CA,PAPER,DISTR,1.09,0.0,0.0,0.0,0.0,0.0
2050,CA,CA,EDUCA,NATUR,1.1,0.0,0.0,0.0,0.0,0.0
958,CA,CA,CERAM,WHOLE,1.1,0.0,0.0,0.0,0.0,0.0
4692,CA,CA,MEAT4,POULT,1.1,0.0,0.0,0.0,0.0,0.0
3414,CA,CA,FORES,REALE,1.1,0.0,0.0,0.0,0.0,0.0
6535,CA,CA,REALE,BRICK,1.1,0.0,0.0,0.0,0.0,0.0
7966,CA,CA,TRAN1,RETAI,1.1,0.0,0.0,0.0,0.0,0.0
4454,CA,CA,LEATH,COPP1,1.11,0.0,0.0,0.0,0.0,0.0
2961,CA,CA,ELECT,PAPER,1.11,0.0,0.0,0.0,0.0,0.0
7082,CA,CA,RETA1,STONE,1.11,0.0,0.0,0.0,0.0,0.0
7001,CA,CA,RETA1,ELEC1,1.11,0.0,0.0,0.0,0.0,0.0
1437,CA,CA,CONST,BIODI,1.07,0.0,0.0,0.0,0.0,0.0
1339,CA,CA,COMPU,ELEC6,1.07,0.0,0.0,0.0,0.0,0.0
4412,CA,CA,LEAD1,LIQUE,1.07,0.0,0.0,0.0,0.0,0.0
5336,CA,CA,NONF1,PULP5,1.07,0.0,0.0,0.0,0.0,0.0
5076,CA,CA,MOTOR,ELEC2,1.04,0.0,0.0,0.0,0.0,0.0
6452,CA,CA,RAILW,MEDIC,1.04,0.0,0.0,0.0,0.0,0.0
2478,CA,CA,ELEC3,TOBAC,1.04,0.0,0.0,0.0,0.0,0.0
3616,CA,CA,GASDI,CERAM,1.05,0.0,0.0,0.0,0.0,0.0
7489,CA,CA,SEACO,MEDIC,1.05,0.0,0.0,0.0,0.0,0.0
2160,CA,CA,ELEC1,CEREA,1.05,0.0,0.0,0.0,0.0,0.0
4231,CA,CA,KEROS,ETHAN,1.05,0.0,0.0,0.0,0.0,0.0
4711,CA,CA,MEAT4,WHOLE,1.05,0.0,0.0,0.0,0.0,0.0
2787,CA,CA,ELEC6,PFERT,1.05,0.0,0.0,0.0,0.0,0.0
2145,CA,CA,ELEC1,AIRTR,1.05,0.0,0.0,0.0,0.0,0.0
703,CA,CA,BUSIN,COKEO,1.06,0.0,0.0,0.0,0.0,0.0
3784,CA,CA,GLASS,NONSP,1.06,0.0,0.0,0.0,0.0,0.0
5286,CA,CA,NONF1,BIOGA,1.06,0.0,0.0,0.0,0.0,0.0
7667,CA,CA,SUGAR,SUGAR,1.06,0.0,0.0,0.0,0.0,0.0
5161,CA,CA,MOTOR,TRAN1,1.06,0.0,0.0,0.0,0.0,0.0
1675,CA,CA,CROPS,SUPPO,1.06,0.0,0.0,0.0,0.0,0.0
4664,CA,CA,MEAT4,COPP1,1.06,0.0,0.0,0.0,0.0,0.0
8216,CA,CA,WHOLE,NONME,1.06,0.0,0.0,0.0,0.0,0.0
7173,CA,CA,RUBBE,HYDRO,1.07,0.0,0.0,0.0,0.0,0.0
2068,CA,CA,EDUCA,RETAI,1.07,0.0,0.0,0.0,0.0,0.0
7394,CA,CA,SANDC,COPP1,1.07,0.0,0.0,0.0,0.0,0.0
6540,CA,CA,REALE,CEREA,1.07,0.0,0.0,0.0,0.0,0.0
1705,CA,CA,CRUDE,HOTEL,1.07,0.0,0.0,0.0,0.0,0.0
908,CA,CA,CEMEN,STONE,1.12,0.0,0.0,0.0,0.0,0.0
8084,CA,CA,WEARI,COPP1,1.12,0.0,0.0,0.0,0.0,0.0
3915,CA,CA,HYDRO,COMPU,1.12,0.0,0.0,0.0,0.0,0.0
7752,CA,CA,SUPPO,PULP5,1.15,0.0,0.0,0.0,0.0,0.0
5444,CA,CA,NONME,RESEA,1.15,0.0,0.0,0.0,0.0,0.0
7527,CA,CA,SEACO,WOODW,1.15,0.0,0.0,0.0,0.0,0.0
4557,CA,CA,LUBRI,LIQUE,1.16,0.0,0.0,0.0,0.0,0.0
8292,CA,CA,WOODW,MEAT1,1.16,0.0,0.0,0.0,0.0,0.0
6370,CA,CA,RADIO,GLASS,1.16,0.0,0.0,0.0,0.0,0.0
421,CA,CA,BASIC,BITU1,1.16,0.0,0.0,0.0,0.0,0.0
5637,CA,CA,PAPER,FISHF,1.16,0.0,0.0,0.0,0.0,0.0
374,CA,CA,AUXIL,SUGAR,1.16,0.0,0.0,0.0,0.0,0.0
5646,CA,CA,PAPER,HEAVY,1.16,0.0,0.0,0.0,0.0,0.0
5558,CA,CA,OILSE,93197,1.16,0.0,0.0,0.0,0.0,0.0
4175,CA,CA,KERO1,CHEM1,1.16,0.0,0.0,0.0,0.0,0.0
7171,CA,CA,RUBBE,HEAVY,1.16,0.0,0.0,0.0,0.0,0.0
4952,CA,CA,MEMBE,PIGS9,1.16,0.0,0.0,0.0,0.0,0.0
2200,CA,CA,ELEC1,MEATP,1.17,0.0,0.0,0.0,0.0,0.0
2132,CA,CA,ELE12,RESEA,1.17,0.0,0.0,0.0,0.0,0.0
77,CA,CA,AIRTR,CROPS,1.17,0.0,0.0,0.0,0.0,0.0
6990,CA,CA,RETA1,COKIN,1.17,0.0,0.0,0.0,0.0,0.0
3743,CA,CA,GLASS,AUXIL,1.18,0.0,0.0,0.0,0.0,0.0
1520,CA,CA,CONST,PLANT,1.18,0.0,0.0,0.0,0.0,0.0
1235,CA,CA,CHEMI,REFI1,1.18,0.0,0.0,0.0,0.0,0.0
339,CA,CA,AUXIL,NONFE,1.18,0.0,0.0,0.0,0.0,0.0
109,CA,CA,AIRTR,MOTOR,1.18,0.0,0.0,0.0,0.0,0.0
1735,CA,CA,CRUDE,WOODW,1.18,0.0,0.0,0.0,0.0,0.0
4526,CA,CA,LUBRI,DAIRY,1.15,0.0,0.0,0.0,0.0,0.0
5133,CA,CA,MOTOR,PLANT,1.15,0.0,0.0,0.0,0.0,0.0
2626,CA,CA,ELEC5,CEREA,1.12,0.0,0.0,0.0,0.0,0.0
7834,CA,CA,TEXTI,NONME,1.15,0.0,0.0,0.0,0.0,0.0
7842,CA,CA,TEXTI,PRINT,1.12,0.0,0.0,0.0,0.0,0.0
6207,CA,CA,PRINT,WHOLE,1.13,0.0,0.0,0.0,0.0,0.0
7203,CA,CA,RUBBE,PIGS9,1.13,0.0,0.0,0.0,0.0,0.0
6781,CA,CA,REFI1,AVIAT,1.13,0.0,0.0,0.0,0.0,0.0
8244,CA,CA,WOODW,AUXIL,1.13,0.0,0.0,0.0,0.0,0.0
7736,CA,CA,SUPPO,NONF1,1.13,0.0,0.0,0.0,0.0,0.0
4147,CA,CA,INSUR,SUGAR,1.13,0.0,0.0,0.0,0.0,0.0
4205,CA,CA,KERO1,PFERT,1.14,0.0,0.0,0.0,0.0,0.0
5110,CA,CA,MOTOR,MEAT1,1.14,0.0,0.0,0.0,0.0,0.0
2976,CA,CA,ELECT,TEXTI,1.14,0.0,0.0,0.0,0.0,0.0
4546,CA,CA,LUBRI,HEAVY,1.14,0.0,0.0,0.0,0.0,0.0
8243,CA,CA,WOODW,ANIMA,1.14,0.0,0.0,0.0,0.0,0.0
4792,CA,CA,MEATP,LEATH,1.14,0.0,0.0,0.0,0.0,0.0
1804,CA,CA,DIST1,CONST,1.14,0.0,0.0,0.0,0.0,0.0
238,CA,CA,ANIMA,POULT,1.14,0.0,0.0,0.0,0.0,0.0
7128,CA,CA,RUBBE,BASIC,1.14,0.0,0.0,0.0,0.0,0.0
1279,CA,CA,COKIN,BUSIN,1.14,0.0,0.0,0.0,0.0,0.0
4748,CA,CA,MEATC,COPP1,1.15,0.0,0.0,0.0,0.0,0.0
4194,CA,CA,KERO1,INSUR,1.15,0.0,0.0,0.0,0.0,0.0
2737,CA,CA,ELEC6,CHEM1,1.15,0.0,0.0,0.0,0.0,0.0
295,CA,CA,AUXIL,ELEC6,1.15,0.0,0.0,0.0,0.0,0.0
1007,CA,CA,CEREA,NONSP,1.15,0.0,0.0,0.0,0.0,0.0
2611,CA,CA,ELEC5,AIRTR,1.15,0.0,0.0,0.0,0.0,0.0
2199,CA,CA,ELEC1,MEATC,1.04,0.0,0.0,0.0,0.0,0.0
6321,CA,CA,PULP5,FABRI,1.04,0.0,0.0,0.0,0.0,0.0
7408,CA,CA,SANDC,HEAVY,1.19,0.0,0.0,0.0,0.0,0.0
1179,CA,CA,CHEMI,CHEMI,0.96,0.0,0.0,0.0,0.0,0.0
4336,CA,CA,LANDT,NFERT,0.95,0.0,0.0,0.0,0.0,0.0
5564,CA,CA,OILSE,BUSIN,0.95,0.0,0.0,0.0,0.0,0.0
1979,CA,CA,DISTR,SUBBI,0.95,0.0,0.0,0.0,0.0,0.0
4500,CA,CA,LIGNI,VEGET,0.95,0.0,0.0,0.0,0.0,0.0
1498,CA,CA,CONST,MEAT4,0.95,0.0,0.0,0.0,0.0,0.0
2454,CA,CA,ELEC3,PREC1,0.95,0.0,0.0,0.0,0.0,0.0
4636,CA,CA,MEAT1,RECRE,0.95,0.0,0.0,0.0,0.0,0.0
5091,CA,CA,MOTOR,FOUND,0.95,0.0,0.0,0.0,0.0,0.0
1861,CA,CA,DIST1,SUGA1,0.95,0.0,0.0,0.0,0.0,0.0
1844,CA,CA,DIST1,PREC1,0.95,0.0,0.0,0.0,0.0,0.0
902,CA,CA,CEMEN,REALE,0.95,0.0,0.0,0.0,0.0,0.0
3447,CA,CA,FOUND,COMPU,0.96,0.0,0.0,0.0,0.0,0.0
6485,CA,CA,RAILW,TEXTI,1.04,0.0,0.0,0.0,0.0,0.0
1629,CA,CA,CROPS,ANIMA,0.96,0.0,0.0,0.0,0.0,0.0
2887,CA,CA,ELEC7,REALE,0.96,0.0,0.0,0.0,0.0,0.0
2819,CA,CA,ELEC6,WHOLE,0.96,0.0,0.0,0.0,0.0,0.0
2408,CA,CA,ELEC3,FISHF,0.96,0.0,0.0,0.0,0.0,0.0
5331,CA,CA,NONF1,PETRO,0.96,0.0,0.0,0.0,0.0,0.0
3984,CA,CA,INLAN,GASDI,0.96,0.0,0.0,0.0,0.0,0.0
3607,CA,CA,GASDI,BIODI,0.97,0.0,0.0,0.0,0.0,0.0
8356,CA,CA,WOOLS,WEARI,0.97,0.0,0.0,0.0,0.0,0.0
1391,CA,CA,COMPU,PIGS9,0.97,0.0,0.0,0.0,0.0,0.0
7565,CA,CA,STONE,LUBRI,0.97,0.0,0.0,0.0,0.0,0.0
2817,CA,CA,ELEC6,WEARI,0.97,0.0,0.0,0.0,0.0,0.0
7369,CA,CA,SALEM,URANI,0.95,0.0,0.0,0.0,0.0,0.0
437,CA,CA,BASIC,FABRI,0.95,0.0,0.0,0.0,0.0,0.0
3773,CA,CA,GLASS,LIQUE,0.95,0.0,0.0,0.0,0.0,0.0
1094,CA,CA,CHEM1,KERO1,0.95,0.0,0.0,0.0,0.0,0.0
2757,CA,CA,ELEC6,FURNI,0.92,0.0,0.0,0.0,0.0,0.0
3763,CA,CA,GLASS,FISH5,0.92,0.0,0.0,0.0,0.0,0.0
7523,CA,CA,SEACO,TEXTI,0.92,0.0,0.0,0.0,0.0,0.0
6015,CA,CA,POSTT,PULP5,0.92,0.0,0.0,0.0,0.0,0.0
8000,CA,CA,TRANS,FISHF,0.92,0.0,0.0,0.0,0.0,0.0
32,CA,CA,93197,LANDT,0.92,0.0,0.0,0.0,0.0,0.0
2632,CA,CA,ELEC5,CONST,0.92,0.0,0.0,0.0,0.0,0.0
1288,CA,CA,COKIN,NONME,0.93,0.0,0.0,0.0,0.0,0.0
7282,CA,CA,SALEM,ELEC5,0.93,0.0,0.0,0.0,0.0,0.0
4936,CA,CA,MEMBE,MEDIC,0.93,0.0,0.0,0.0,0.0,0.0
5454,CA,CA,NONME,WEARI,0.93,0.0,0.0,0.0,0.0,0.0
3231,CA,CA,FISH5,CHEM1,0.93,0.0,0.0,0.0,0.0,0.0
4419,CA,CA,LEAD1,NONME,0.94,0.0,0.0,0.0,0.0,0.0
7648,CA,CA,SUGA1,WHOLE,0.94,0.0,0.0,0.0,0.0,0.0
3859,CA,CA,HOTEL,93197,0.94,0.0,0.0,0.0,0.0,0.0
7028,CA,CA,RETA1,KERO1,0.94,0.0,0.0,0.0,0.0,0.0
5493,CA,CA,NONSP,LANDT,0.94,0.0,0.0,0.0,0.0,0.0
4878,CA,CA,MEMBE,BIODI,0.94,0.0,0.0,0.0,0.0,0.0
1400,CA,CA,COMPU,RAILW,0.94,0.0,0.0,0.0,0.0,0.0
160,CA,CA,ALUM1,COMPU,0.94,0.0,0.0,0.0,0.0,0.0
5788,CA,CA,PFERT,ELEC4,0.94,0.0,0.0,0.0,0.0,0.0
2544,CA,CA,ELEC4,LIGNI,0.94,0.0,0.0,0.0,0.0,0.0
1820,CA,CA,DIST1,INLAN,0.94,0.0,0.0,0.0,0.0,0.0
1949,CA,CA,DISTR,NONSP,0.97,0.0,0.0,0.0,0.0,0.0
3654,CA,CA,GASDI,KEROS,0.97,0.0,0.0,0.0,0.0,0.0
7900,CA,CA,TRAN1,EDUCA,0.98,0.0,0.0,0.0,0.0,0.0
1857,CA,CA,DIST1,RUBBE,1.01,0.0,0.0,0.0,0.0,0.0
4291,CA,CA,LANDT,ELEC2,1.01,0.0,0.0,0.0,0.0,0.0
3130,CA,CA,FINAN,ELEC6,1.01,0.0,0.0,0.0,0.0,0.0
8100,CA,CA,WEARI,MEDIC,1.01,0.0,0.0,0.0,0.0,0.0
7436,CA,CA,SANDC,RECRE,1.02,0.0,0.0,0.0,0.0,0.0
1601,CA,CA,COPP1,PETRO,1.02,0.0,0.0,0.0,0.0,0.0
6105,CA,CA,PREC1,SALEM,1.02,0.0,0.0,0.0,0.0,0.0
4372,CA,CA,LANDT,SUGAR,1.02,0.0,0.0,0.0,0.0,0.0
8137,CA,CA,WHEAT,CROPS,1.02,0.0,0.0,0.0,0.0,0.0
1811,CA,CA,DIST1,FISH5,1.02,0.0,0.0,0.0,0.0,0.0
3884,CA,CA,HOTEL,PAPER,1.02,0.0,0.0,0.0,0.0,0.0
4900,CA,CA,MEMBE,ELEC3,1.02,0.0,0.0,0.0,0.0,0.0
4540,CA,CA,LUBRI,FOUND,1.03,0.0,0.0,0.0,0.0,0.0
3772,CA,CA,GLASS,LEATH,1.03,0.0,0.0,0.0,0.0,0.0
2798,CA,CA,ELEC6,RAWMI,1.03,0.0,0.0,0.0,0.0,0.0
993,CA,CA,CEREA,LIQUE,1.03,0.0,0.0,0.0,0.0,0.0
7100,CA,CA,RETA1,WOOLS,1.03,0.0,0.0,0.0,0.0,0.0
5386,CA,CA,NONME,CERAM,1.03,0.0,0.0,0.0,0.0,0.0
4815,CA,CA,MEDIC,BEVER,1.03,0.0,0.0,0.0,0.0,0.0
4403,CA,CA,LEAD1,FISH5,1.03,0.0,0.0,0.0,0.0,0.0
7536,CA,CA,STONE,BIODI,1.03,0.0,0.0,0.0,0.0,0.0
6319,CA,CA,PULP5,CHEMI,1.04,0.0,0.0,0.0,0.0,0.0
3048,CA,CA,FABRI,NONFE,1.04,0.0,0.0,0.0,0.0,0.0
3437,CA,CA,FOUND,AUXIL,1.04,0.0,0.0,0.0,0.0,0.0
3910,CA,CA,HYDRO,BITUM,1.01,0.0,0.0,0.0,0.0,0.0
5621,CA,CA,PAPER,COPP1,1.01,0.0,0.0,0.0,0.0,0.0
6258,CA,CA,PUBLI,HYDRO,0.98,0.0,0.0,0.0,0.0,0.0
3553,CA,CA,FURNI,MEMBE,1.01,0.0,0.0,0.0,0.0,0.0
3427,CA,CA,FORES,TRAN2,0.98,0.0,0.0,0.0,0.0,0.0
4813,CA,CA,MEDIC,AUXIL,0.98,0.0,0.0,0.0,0.0,0.0
6593,CA,CA,REALE,MEATA,0.98,0.0,0.0,0.0,0.0,0.0
1637,CA,CA,CROPS,COKIN,0.98,0.0,0.0,0.0,0.0,0.0
1398,CA,CA,COMPU,PULP5,0.99,0.0,0.0,0.0,0.0,0.0
6312,CA,CA,PUBLI,WHOLE,0.99,0.0,0.0,0.0,0.0,0.0
2593,CA,CA,ELEC4,SUBBI,0.99,0.0,0.0,0.0,0.0,0.0
7432,CA,CA,SANDC,PREC1,0.99,0.0,0.0,0.0,0.0,0.0
3458,CA,CA,FOUND,HOTEL,0.99,0.0,0.0,0.0,0.0,0.0
2307,CA,CA,ELEC2,LEAD1,0.99,0.0,0.0,0.0,0.0,0.0
984,CA,CA,CEREA,FISH5,0.99,0.0,0.0,0.0,0.0,0.0
4844,CA,CA,MEDIC,MOTOR,0.99,0.0,0.0,0.0,0.0,0.0
6533,CA,CA,REALE,BITUM,0.99,0.0,0.0,0.0,0.0,0.0
1321,CA,CA,COMPU,COKE1,0.99,0.0,0.0,0.0,0.0,0.0
3334,CA,CA,FOOD5,MEDIC,1.0,0.0,0.0,0.0,0.0,0.0
6532,CA,CA,REALE,BITU1,1.0,0.0,0.0,0.0,0.0,0.0
7133,CA,CA,RUBBE,BITU1,1.0,0.0,0.0,0.0,0.0,0.0
1440,CA,CA,CONST,BITU1,1.0,0.0,0.0,0.0,0.0,0.0
4321,CA,CA,LANDT,LEATH,1.0,0.0,0.0,0.0,0.0,0.0
7970,CA,CA,TRAN1,SEACO,1.0,0.0,0.0,0.0,0.0,0.0
2563,CA,CA,ELEC4,NONSP,1.0,0.0,0.0,0.0,0.0,0.0
6343,CA,CA,PULP5,WOODW,1.0,0.0,0.0,0.0,0.0,0.0
2201,CA,CA,ELEC1,MEDIC,1.0,0.0,0.0,0.0,0.0,0.0
3940,CA,CA,HYDRO,NICKE,1.19,0.0,0.0,0.0,0.0,0.0
3634,CA,CA,GASDI,ELECT,1.19,0.0,0.0,0.0,0.0,0.0
67,CA,CA,AIRTR,AUXIL,0.92,0.0,0.0,0.0,0.0,0.0
4085,CA,CA,INSUR,HEAVY,1.41,0.0,0.0,0.0,0.0,0.0
1138,CA,CA,CHEM1,REFIN,1.38,0.0,0.0,0.0,0.0,0.0
2077,CA,CA,EDUCA,TRAN1,1.38,0.0,0.0,0.0,0.0,0.0
4370,CA,CA,LANDT,STONE,1.38,0.0,0.0,0.0,0.0,0.0
7287,CA,CA,SALEM,ETHAN,1.38,0.0,0.0,0.0,0.0,0.0
123,CA,CA,AIRTR,REALE,1.39,0.0,0.0,0.0,0.0,0.0
2761,CA,CA,ELEC6,HOTEL,1.39,0.0,0.0,0.0,0.0,0.0
429,CA,CA,BASIC,COKEO,1.39,0.0,0.0,0.0,0.0,0.0
6578,CA,CA,REALE,HEAVY,1.39,0.0,0.0,0.0,0.0,0.0
4167,CA,CA,KERO1,AUXIL,1.4,0.0,0.0,0.0,0.0,0.0
2218,CA,CA,ELEC1,PIGS9,1.4,0.0,0.0,0.0,0.0,0.0
6457,CA,CA,RAILW,NATUR,1.4,0.0,0.0,0.0,0.0,0.0
478,CA,CA,BASIC,RAILW,1.41,0.0,0.0,0.0,0.0,0.0
7811,CA,CA,TEXTI,FISHF,1.33,0.0,0.0,0.0,0.0,0.0
883,CA,CA,CEMEN,LANDT,1.41,0.0,0.0,0.0,0.0,0.0
1112,CA,CA,CHEM1,NATU1,1.41,0.0,0.0,0.0,0.0,0.0
6401,CA,CA,RADIO,STONE,1.41,0.0,0.0,0.0,0.0,0.0
4433,CA,CA,LEAD1,RUBBE,1.41,0.0,0.0,0.0,0.0,0.0
6244,CA,CA,PUBLI,ELEC8,1.41,0.0,0.0,0.0,0.0,0.0
6650,CA,CA,REALE,WHEAT,1.41,0.0,0.0,0.0,0.0,0.0
6693,CA,CA,RECRE,ELEC6,1.42,0.0,0.0,0.0,0.0,0.0
4516,CA,CA,LUBRI,CEMEN,1.42,0.0,0.0,0.0,0.0,0.0
2516,CA,CA,ELEC4,CROPS,1.42,0.0,0.0,0.0,0.0,0.0
5141,CA,CA,MOTOR,RADIO,1.42,0.0,0.0,0.0,0.0,0.0
2180,CA,CA,ELEC1,FOUND,1.42,0.0,0.0,0.0,0.0,0.0
3327,CA,CA,FOOD5,LIQUE,1.38,0.0,0.0,0.0,0.0,0.0
3813,CA,CA,HEALT,AUXIL,1.37,0.0,0.0,0.0,0.0,0.0
4998,CA,CA,MOTO1,CHEM1,1.37,0.0,0.0,0.0,0.0,0.0
7456,CA,CA,SEACO,BASIC,1.37,0.0,0.0,0.0,0.0,0.0
4326,CA,CA,LANDT,MEATA,1.33,0.0,0.0,0.0,0.0,0.0
7820,CA,CA,TEXTI,INLAN,1.33,0.0,0.0,0.0,0.0,0.0
403,CA,CA,AVIAT,MOTOR,1.33,0.0,0.0,0.0,0.0,0.0
2591,CA,CA,ELEC4,SEACO,1.34,0.0,0.0,0.0,0.0,0.0
3608,CA,CA,GASDI,BIOGA,1.34,0.0,0.0,0.0,0.0,0.0
7048,CA,CA,RETA1,NFERT,1.34,0.0,0.0,0.0,0.0,0.0
6838,CA,CA,RESEA,93197,1.34,0.0,0.0,0.0,0.0,0.0
2423,CA,CA,ELEC3,LEAD1,1.34,0.0,0.0,0.0,0.0,0.0
6882,CA,CA,RESEA,FINAN,1.35,0.0,0.0,0.0,0.0,0.0
6606,CA,CA,REALE,NONSP,1.35,0.0,0.0,0.0,0.0,0.0
7482,CA,CA,SEACO,KEROS,1.35,0.0,0.0,0.0,0.0,0.0
5938,CA,CA,POSTT,CHEMI,1.35,0.0,0.0,0.0,0.0,0.0
118,CA,CA,AIRTR,PRINT,1.35,0.0,0.0,0.0,0.0,0.0
3802,CA,CA,GLASS,SUPPO,1.35,0.0,0.0,0.0,0.0,0.0
4017,CA,CA,INLAN,SANDC,1.36,0.0,0.0,0.0,0.0,0.0
2275,CA,CA,ELEC2,CHEMI,1.36,0.0,0.0,0.0,0.0,0.0
4206,CA,CA,KERO1,POSTT,1.36,0.0,0.0,0.0,0.0,0.0
8204,CA,CA,WHOLE,KEROS,1.36,0.0,0.0,0.0,0.0,0.0
5187,CA,CA,NATU1,KERO1,1.36,0.0,0.0,0.0,0.0,0.0
4587,CA,CA,LUBRI,RAWMI,1.36,0.0,0.0,0.0,0.0,0.0
6028,CA,CA,POSTT,SANDC,1.36,0.0,0.0,0.0,0.0,0.0
3577,CA,CA,FURNI,RECRE,1.36,0.0,0.0,0.0,0.0,0.0
3363,CA,CA,FOOD5,SUPPO,1.37,0.0,0.0,0.0,0.0,0.0
6444,CA,CA,RAILW,KEROS,1.42,0.0,0.0,0.0,0.0,0.0
3375,CA,CA,FORES,BITUM,1.42,0.0,0.0,0.0,0.0,0.0
1571,CA,CA,COPP1,CEMEN,1.42,0.0,0.0,0.0,0.0,0.0
2587,CA,CA,ELEC4,RETAI,1.48,0.0,0.0,0.0,0.0,0.0
5025,CA,CA,MOTO1,PUBLI,1.48,0.0,0.0,0.0,0.0,0.0
7598,CA,CA,SUGA1,93197,1.48,0.0,0.0,0.0,0.0,0.0
1439,CA,CA,CONST,BIOGA,1.48,0.0,0.0,0.0,0.0,0.0
4259,CA,CA,KEROS,WHOLE,1.48,0.0,0.0,0.0,0.0,0.0
521,CA,CA,BEVER,OILSE,1.49,0.0,0.0,0.0,0.0,0.0
4268,CA,CA,LANDT,BIODI,1.49,0.0,0.0,0.0,0.0,0.0
4827,CA,CA,MEDIC,FOOD5,1.49,0.0,0.0,0.0,0.0,0.0
7010,CA,CA,RETA1,ETHAN,1.49,0.0,0.0,0.0,0.0,0.0
1724,CA,CA,CRUDE,RAILW,1.49,0.0,0.0,0.0,0.0,0.0
794,CA,CA,BUSIN,SUBBI,1.49,0.0,0.0,0.0,0.0,0.0
2252,CA,CA,ELEC1,WHEAT,1.49,0.0,0.0,0.0,0.0,0.0
5469,CA,CA,NONSP,COMPU,1.49,0.0,0.0,0.0,0.0,0.0
1382,CA,CA,COMPU,NONF1,1.49,0.0,0.0,0.0,0.0,0.0
5021,CA,CA,MOTO1,NONME,1.5,0.0,0.0,0.0,0.0,0.0
2719,CA,CA,ELEC6,93197,1.5,0.0,0.0,0.0,0.0,0.0
2684,CA,CA,ELEC5,PIGS9,1.5,0.0,0.0,0.0,0.0,0.0
3263,CA,CA,FISHF,BLAST,1.5,0.0,0.0,0.0,0.0,0.0
6831,CA,CA,REFIN,NATUR,1.5,0.0,0.0,0.0,0.0,0.0
5175,CA,CA,NATU1,BLAST,1.5,0.0,0.0,0.0,0.0,0.0
5016,CA,CA,MOTO1,MEDIC,1.5,0.0,0.0,0.0,0.0,0.0
3470,CA,CA,FOUND,NONME,1.5,0.0,0.0,0.0,0.0,0.0
1315,CA,CA,COMPU,CATTL,1.51,0.0,0.0,0.0,0.0,0.0
1823,CA,CA,DIST1,LEAD1,1.51,0.0,0.0,0.0,0.0,0.0
7715,CA,CA,SUPPO,HYDRO,1.48,0.0,0.0,0.0,0.0,0.0
1485,CA,CA,CONST,HEAVY,1.48,0.0,0.0,0.0,0.0,0.0
759,CA,CA,BUSIN,NAPHT,1.42,0.0,0.0,0.0,0.0,0.0
499,CA,CA,BEVER,AIRTR,1.47,0.0,0.0,0.0,0.0,0.0
747,CA,CA,BUSIN,LIGNI,1.43,0.0,0.0,0.0,0.0,0.0
5491,CA,CA,NONSP,KERO1,1.43,0.0,0.0,0.0,0.0,0.0
7537,CA,CA,STONE,BIOGA,1.43,0.0,0.0,0.0,0.0,0.0
5077,CA,CA,MOTOR,ELEC3,1.44,0.0,0.0,0.0,0.0,0.0
6660,CA,CA,RECRE,BASIC,1.44,0.0,0.0,0.0,0.0,0.0
5557,CA,CA,OFFIC,TRAN1,1.44,0.0,0.0,0.0,0.0,0.0
216,CA,CA,ANIMA,CHEM1,1.44,0.0,0.0,0.0,0.0,0.0
5997,CA,CA,POSTT,NATU1,1.44,0.0,0.0,0.0,0.0,0.0
4789,CA,CA,MEATP,FURNI,1.44,0.0,0.0,0.0,0.0,0.0
3799,CA,CA,GLASS,SANDC,1.45,0.0,0.0,0.0,0.0,0.0
4368,CA,CA,LANDT,SEACO,1.45,0.0,0.0,0.0,0.0,0.0
5354,CA,CA,NONF1,WEARI,1.45,0.0,0.0,0.0,0.0,0.0
977,CA,CA,CEREA,CROPS,1.45,0.0,0.0,0.0,0.0,0.0
1731,CA,CA,CRUDE,SUPPO,1.45,0.0,0.0,0.0,0.0,0.0
2947,CA,CA,ELECT,INLAN,1.45,0.0,0.0,0.0,0.0,0.0
1882,CA,CA,DISTR,BIOG1,1.45,0.0,0.0,0.0,0.0,0.0
8296,CA,CA,WOODW,MEATP,1.46,0.0,0.0,0.0,0.0,0.0
8278,CA,CA,WOODW,FOUND,1.46,0.0,0.0,0.0,0.0,0.0
5390,CA,CA,NONME,COMPU,1.46,0.0,0.0,0.0,0.0,0.0
4622,CA,CA,MEAT1,DAIRY,1.47,0.0,0.0,0.0,0.0,0.0
4647,CA,CA,MEAT1,WHOLE,1.47,0.0,0.0,0.0,0.0,0.0
4279,CA,CA,LANDT,CHEMI,1.47,0.0,0.0,0.0,0.0,0.0
6964,CA,CA,RESEA,WOODW,1.47,0.0,0.0,0.0,0.0,0.0
525,CA,CA,BEVER,PRINT,1.33,0.0,0.0,0.0,0.0,0.0
2725,CA,CA,ELEC6,BEVER,1.33,0.0,0.0,0.0,0.0,0.0
6402,CA,CA,RADIO,SUPPO,1.19,0.0,0.0,0.0,0.0,0.0
829,CA,CA,CATTL,HOTEL,1.23,0.0,0.0,0.0,0.0,0.0
1805,CA,CA,DIST1,COPP1,1.22,0.0,0.0,0.0,0.0,0.0
4019,CA,CA,INLAN,STONE,1.22,0.0,0.0,0.0,0.0,0.0
1145,CA,CA,CHEM1,SEACO,1.22,0.0,0.0,0.0,0.0,0.0
3658,CA,CA,GASDI,LIGNI,1.22,0.0,0.0,0.0,0.0,0.0
2734,CA,CA,ELEC6,CEMEN,1.22,0.0,0.0,0.0,0.0,0.0
2764,CA,CA,ELEC6,LANDT,1.22,0.0,0.0,0.0,0.0,0.0
4765,CA,CA,MEATC,RECRE,1.22,0.0,0.0,0.0,0.0,0.0
773,CA,CA,BUSIN,PLANT,1.22,0.0,0.0,0.0,0.0,0.0
5999,CA,CA,POSTT,NONF1,1.22,0.0,0.0,0.0,0.0,0.0
2905,CA,CA,ELEC8,HEALT,1.23,0.0,0.0,0.0,0.0,0.0
1427,CA,CA,COMPU,WHOLE,1.23,0.0,0.0,0.0,0.0,0.0
6811,CA,CA,REFI1,WHITE,1.23,0.0,0.0,0.0,0.0,0.0
6435,CA,CA,RAILW,FOUND,1.33,0.0,0.0,0.0,0.0,0.0
4756,CA,CA,MEATC,LEATH,1.23,0.0,0.0,0.0,0.0,0.0
3754,CA,CA,GLASS,COMPU,1.23,0.0,0.0,0.0,0.0,0.0
7079,CA,CA,RETA1,SANDC,1.23,0.0,0.0,0.0,0.0,0.0
770,CA,CA,BUSIN,PETRO,1.23,0.0,0.0,0.0,0.0,0.0
4750,CA,CA,MEATC,DAIRY,1.23,0.0,0.0,0.0,0.0,0.0
4691,CA,CA,MEAT4,PIGS9,1.24,0.0,0.0,0.0,0.0,0.0
960,CA,CA,CEREA,93197,1.24,0.0,0.0,0.0,0.0,0.0
4070,CA,CA,INSUR,ELEC8,1.24,0.0,0.0,0.0,0.0,0.0
7928,CA,CA,TRAN1,MEAT4,1.24,0.0,0.0,0.0,0.0,0.0
633,CA,CA,BIOGA,ELEC6,1.24,0.0,0.0,0.0,0.0,0.0
2315,CA,CA,ELEC2,MEATC,1.24,0.0,0.0,0.0,0.0,0.0
5987,CA,CA,POSTT,MEAT1,1.22,0.0,0.0,0.0,0.0,0.0
416,CA,CA,BASIC,AUXIL,1.22,0.0,0.0,0.0,0.0,0.0
2992,CA,CA,FABRI,BITUM,1.22,0.0,0.0,0.0,0.0,0.0
2162,CA,CA,ELEC1,CHEMI,1.22,0.0,0.0,0.0,0.0,0.0
2943,CA,CA,ELECT,GLASS,1.19,0.0,0.0,0.0,0.0,0.0
1808,CA,CA,DIST1,EDUCA,1.19,0.0,0.0,0.0,0.0,0.0
2062,CA,CA,EDUCA,RAILW,1.2,0.0,0.0,0.0,0.0,0.0
8226,CA,CA,WHOLE,REALE,1.2,0.0,0.0,0.0,0.0,0.0
655,CA,CA,BIOGA,STEAM,1.2,0.0,0.0,0.0,0.0,0.0
1810,CA,CA,DIST1,FABRI,1.2,0.0,0.0,0.0,0.0,0.0
4672,CA,CA,MEAT4,FURNI,1.2,0.0,0.0,0.0,0.0,0.0
976,CA,CA,CEREA,COMPU,1.2,0.0,0.0,0.0,0.0,0.0
7878,CA,CA,TRAN1,BIOG1,1.2,0.0,0.0,0.0,0.0,0.0
2320,CA,CA,ELEC2,MOTOR,1.2,0.0,0.0,0.0,0.0,0.0
5977,CA,CA,POSTT,INLAN,1.21,0.0,0.0,0.0,0.0,0.0
3279,CA,CA,FISHF,REALE,1.21,0.0,0.0,0.0,0.0,0.0
812,CA,CA,CATTL,ANIMA,1.21,0.0,0.0,0.0,0.0,0.0
4656,CA,CA,MEAT4,BIOGA,1.21,0.0,0.0,0.0,0.0,0.0
7424,CA,CA,SANDC,NATUR,1.21,0.0,0.0,0.0,0.0,0.0
1125,CA,CA,CHEM1,PLANT,1.21,0.0,0.0,0.0,0.0,0.0
1203,CA,CA,CHEMI,KEROS,1.21,0.0,0.0,0.0,0.0,0.0
5313,CA,CA,NONF1,HYDRO,1.21,0.0,0.0,0.0,0.0,0.0
721,CA,CA,BUSIN,ELEC7,1.21,0.0,0.0,0.0,0.0,0.0
299,CA,CA,AUXIL,ETHAN,1.21,0.0,0.0,0.0,0.0,0.0
7416,CA,CA,SANDC,LIQUE,1.22,0.0,0.0,0.0,0.0,0.0
6379,CA,CA,RADIO,MEMBE,1.22,0.0,0.0,0.0,0.0,0.0
45,CA,CA,93197,POSTT,1.22,0.0,0.0,0.0,0.0,0.0
4437,CA,CA,LEAD1,TEXTI,1.24,0.0,0.0,0.0,0.0,0.0
7571,CA,CA,STONE,NFERT,1.24,0.0,0.0,0.0,0.0,0.0
3284,CA,CA,FISHF,SUPPO,1.24,0.0,0.0,0.0,0.0,0.0
6453,CA,CA,RAILW,MEMBE,1.29,0.0,0.0,0.0,0.0,0.0
1806,CA,CA,DIST1,CROPS,1.29,0.0,0.0,0.0,0.0,0.0
3800,CA,CA,GLASS,STONE,1.3,0.0,0.0,0.0,0.0,0.0
2028,CA,CA,EDUCA,FORES,1.3,0.0,0.0,0.0,0.0,0.0
4879,CA,CA,MEMBE,BIOGA,1.3,0.0,0.0,0.0,0.0,0.0
6761,CA,CA,RECRE,SEACO,1.3,0.0,0.0,0.0,0.0,0.0
4193,CA,CA,KERO1,HOTEL,1.31,0.0,0.0,0.0,0.0,0.0
8062,CA,CA,VEGET,REALE,1.31,0.0,0.0,0.0,0.0,0.0
1220,CA,CA,CHEMI,NONF1,1.31,0.0,0.0,0.0,0.0,0.0
6783,CA,CA,REFI1,BUSIN,1.31,0.0,0.0,0.0,0.0,0.0
7415,CA,CA,SANDC,LEAD1,1.31,0.0,0.0,0.0,0.0,0.0
4790,CA,CA,MEATP,HOTEL,1.31,0.0,0.0,0.0,0.0,0.0
2316,CA,CA,ELEC2,MEATP,1.31,0.0,0.0,0.0,0.0,0.0
2281,CA,CA,ELEC2,COPP1,1.31,0.0,0.0,0.0,0.0,0.0
4325,CA,CA,LANDT,MEAT4,1.31,0.0,0.0,0.0,0.0,0.0
4820,CA,CA,MEDIC,CHEMI,1.31,0.0,0.0,0.0,0.0,0.0
8149,CA,CA,WHEAT,LANDT,1.31,0.0,0.0,0.0,0.0,0.0
535,CA,CA,BEVER,SUPPO,1.31,0.0,0.0,0.0,0.0,0.0
4420,CA,CA,LEAD1,NONSP,1.32,0.0,0.0,0.0,0.0,0.0
5137,CA,CA,MOTOR,PREC1,1.32,0.0,0.0,0.0,0.0,0.0
3528,CA,CA,FURNI,FINAN,1.32,0.0,0.0,0.0,0.0,0.0
4124,CA,CA,INSUR,POULT,1.32,0.0,0.0,0.0,0.0,0.0
7877,CA,CA,TRAN1,BIODI,1.32,0.0,0.0,0.0,0.0,0.0
1827,CA,CA,DIST1,MEATC,1.33,0.0,0.0,0.0,0.0,0.0
1418,CA,CA,COMPU,TOBAC,1.29,0.0,0.0,0.0,0.0,0.0
4885,CA,CA,MEMBE,CEREA,1.29,0.0,0.0,0.0,0.0,0.0
907,CA,CA,CEMEN,SANDC,1.24,0.0,0.0,0.0,0.0,0.0
3550,CA,CA,FURNI,MEAT4,1.29,0.0,0.0,0.0,0.0,0.0
169,CA,CA,ALUM1,GLASS,1.25,0.0,0.0,0.0,0.0,0.0
6200,CA,CA,PRINT,SALEM,1.25,0.0,0.0,0.0,0.0,0.0
1393,CA,CA,COMPU,POSTT,1.25,0.0,0.0,0.0,0.0,0.0
6871,CA,CA,RESEA,ELEC1,1.25,0.0,0.0,0.0,0.0,0.0
5055,CA,CA,MOTOR,BITUM,1.25,0.0,0.0,0.0,0.0,0.0
5112,CA,CA,MOTOR,MEATA,1.25,0.0,0.0,0.0,0.0,0.0
3785,CA,CA,GLASS,PAPER,1.26,0.0,0.0,0.0,0.0,0.0
6729,CA,CA,RECRE,MOTOR,1.26,0.0,0.0,0.0,0.0,0.0
8200,CA,CA,WHOLE,GLASS,1.26,0.0,0.0,0.0,0.0,0.0
4515,CA,CA,LUBRI,CATTL,1.27,0.0,0.0,0.0,0.0,0.0
6743,CA,CA,RECRE,POSTT,1.27,0.0,0.0,0.0,0.0,0.0
4730,CA,CA,MEATA,MEATP,1.27,0.0,0.0,0.0,0.0,0.0
7249,CA,CA,SALEM,BASIC,1.28,0.0,0.0,0.0,0.0,0.0
4444,CA,CA,LEADZ,PFERT,1.28,0.0,0.0,0.0,0.0,0.0
3708,CA,CA,GASDI,SUBBI,1.28,0.0,0.0,0.0,0.0,0.0
1470,CA,CA,CONST,ELEC7,1.28,0.0,0.0,0.0,0.0,0.0
5548,CA,CA,OFFIC,ELEC5,1.28,0.0,0.0,0.0,0.0,0.0
4914,CA,CA,MEMBE,FOUND,1.28,0.0,0.0,0.0,0.0,0.0
5243,CA,CA,NFERT,MEAT4,1.29,0.0,0.0,0.0,0.0,0.0
7991,CA,CA,TRANS,BITUM,1.29,0.0,0.0,0.0,0.0,0.0
6900,CA,CA,RESEA,LANDT,1.29,0.0,0.0,0.0,0.0,0.0
2540,CA,CA,ELEC4,KEROS,1.29,0.0,0.0,0.0,0.0,0.0
89,CA,CA,AIRTR,FABRI,1.29,0.0,0.0,0.0,0.0,0.0
3113,CA,CA,FINAN,COKEO,0.92,0.0,0.0,0.0,0.0,0.0
7278,CA,CA,SALEM,ELEC1,0.92,0.0,0.0,0.0,0.0,0.0
3172,CA,CA,FINAN,NFERT,4.03,0.0,0.0,0.0,0.0,0.0
3928,CA,CA,HYDRO,IRONO,0.64,0.0,0.0,0.0,0.0,0.0
3820,CA,CA,HEALT,CONST,0.63,0.0,0.0,0.0,0.0,0.0
3257,CA,CA,FISH5,SUPPO,0.63,0.0,0.0,0.0,0.0,0.0
2670,CA,CA,ELEC5,MOTOR,0.64,0.0,0.0,0.0,0.0,0.0
1787,CA,CA,DIST1,ANIMA,0.64,0.0,0.0,0.0,0.0,0.0
2813,CA,CA,ELEC6,TRAN2,0.64,0.0,0.0,0.0,0.0,0.0
1496,CA,CA,CONST,LUBRI,0.64,0.0,0.0,0.0,0.0,0.0
4618,CA,CA,MEAT1,CHEM1,0.64,0.0,0.0,0.0,0.0,0.0
4163,CA,CA,IRONO,BASIC,0.64,0.0,0.0,0.0,0.0,0.0
224,CA,CA,ANIMA,FURNI,0.64,0.0,0.0,0.0,0.0,0.0
172,CA,CA,ALUM1,LANDT,0.64,0.0,0.0,0.0,0.0,0.0
6731,CA,CA,RECRE,NATU1,0.64,0.0,0.0,0.0,0.0,0.0
5735,CA,CA,PETRO,FURNI,0.64,0.0,0.0,0.0,0.0,0.0
6299,CA,CA,PUBLI,STEAM,0.61,0.0,0.0,0.0,0.0,0.0
6297,CA,CA,PUBLI,SANDC,0.64,0.0,0.0,0.0,0.0,0.0
7385,CA,CA,SANDC,BITU1,0.64,0.0,0.0,0.0,0.0,0.0
1462,CA,CA,CONST,EDUCA,0.65,0.0,0.0,0.0,0.0,0.0
2876,CA,CA,ELEC7,PAPER,0.65,0.0,0.0,0.0,0.0,0.0
7162,CA,CA,RUBBE,FISHF,0.65,0.0,0.0,0.0,0.0,0.0
317,CA,CA,AUXIL,KERO1,0.65,0.0,0.0,0.0,0.0,0.0
2382,CA,CA,ELEC3,BIOGA,0.65,0.0,0.0,0.0,0.0,0.0
5909,CA,CA,PLAST,ELEC4,0.65,0.0,0.0,0.0,0.0,0.0
6049,CA,CA,POULT,ANIMA,0.65,0.0,0.0,0.0,0.0,0.0
1212,CA,CA,CHEMI,MEATP,0.65,0.0,0.0,0.0,0.0,0.0
487,CA,CA,BASIC,STONE,0.65,0.0,0.0,0.0,0.0,0.0
4216,CA,CA,KERO1,RUBBE,0.63,0.0,0.0,0.0,0.0,0.0
2741,CA,CA,ELEC6,COMPU,0.63,0.0,0.0,0.0,0.0,0.0
8309,CA,CA,WOODW,PFERT,0.63,0.0,0.0,0.0,0.0,0.0
5742,CA,CA,PETRO,KEROS,0.63,0.0,0.0,0.0,0.0,0.0
7781,CA,CA,TEXTI,AIRTR,0.61,0.0,0.0,0.0,0.0,0.0
5757,CA,CA,PETRO,REFI1,0.61,0.0,0.0,0.0,0.0,0.0
1597,CA,CA,COPP1,NONFE,0.61,0.0,0.0,0.0,0.0,0.0
8168,CA,CA,WHEAT,SUGA1,0.61,0.0,0.0,0.0,0.0,0.0
2482,CA,CA,ELEC3,VEGE1,0.61,0.0,0.0,0.0,0.0,0.0
5935,CA,CA,POSTT,CERAM,0.62,0.0,0.0,0.0,0.0,0.0
1191,CA,CA,CHEMI,FISHF,0.62,0.0,0.0,0.0,0.0,0.0
1600,CA,CA,COPP1,PAPER,0.62,0.0,0.0,0.0,0.0,0.0
4746,CA,CA,MEATC,CHEM1,0.62,0.0,0.0,0.0,0.0,0.0
2583,CA,CA,ELEC4,REFI1,0.62,0.0,0.0,0.0,0.0,0.0
4512,CA,CA,LUBRI,BITU1,0.62,0.0,0.0,0.0,0.0,0.0
4505,CA,CA,LUBRI,ANIMA,0.62,0.0,0.0,0.0,0.0,0.0
7566,CA,CA,STONE,MEAT4,0.62,0.0,0.0,0.0,0.0,0.0
6284,CA,CA,PUBLI,PRINT,0.62,0.0,0.0,0.0,0.0,0.0
5458,CA,CA,NONSP,ANIMA,0.62,0.0,0.0,0.0,0.0,0.0
2167,CA,CA,ELEC1,COPP1,0.63,0.0,0.0,0.0,0.0,0.0
1367,CA,CA,COMPU,LIQUE,0.63,0.0,0.0,0.0,0.0,0.0
7105,CA,CA,RETAI,COMPU,0.63,0.0,0.0,0.0,0.0,0.0
6416,CA,CA,RAILW,BEVER,0.63,0.0,0.0,0.0,0.0,0.0
113,CA,CA,AIRTR,PAPER,0.63,0.0,0.0,0.0,0.0,0.0
4,CA,CA,93197,AUXIL,0.63,0.0,0.0,0.0,0.0,0.0
1753,CA,CA,DAIRY,FABRI,0.63,0.0,0.0,0.0,0.0,0.0
422,CA,CA,BASIC,BITUM,0.63,0.0,0.0,0.0,0.0,0.0
5146,CA,CA,MOTOR,REFI1,0.65,0.0,0.0,0.0,0.0,0.0
6799,CA,CA,REFI1,NONME,0.65,0.0,0.0,0.0,0.0,0.0
2639,CA,CA,ELEC5,ELECT,0.65,0.0,0.0,0.0,0.0,0.0
3889,CA,CA,HOTEL,RAILW,0.68,0.0,0.0,0.0,0.0,0.0
3050,CA,CA,FABRI,NONSP,0.68,0.0,0.0,0.0,0.0,0.0
4895,CA,CA,MEMBE,DIST1,0.68,0.0,0.0,0.0,0.0,0.0
6242,CA,CA,PUBLI,ELEC6,0.68,0.0,0.0,0.0,0.0,0.0
1901,CA,CA,DISTR,CROPS,0.68,0.0,0.0,0.0,0.0,0.0
5272,CA,CA,NICKE,CHEM1,0.68,0.0,0.0,0.0,0.0,0.0
2297,CA,CA,ELEC2,GASDI,0.68,0.0,0.0,0.0,0.0,0.0
3727,CA,CA,GASOL,CRUDE,0.69,0.0,0.0,0.0,0.0,0.0
2322,CA,CA,ELEC2,NATU1,0.69,0.0,0.0,0.0,0.0,0.0
7462,CA,CA,SEACO,CEREA,0.69,0.0,0.0,0.0,0.0,0.0
8231,CA,CA,WHOLE,SALEM,0.69,0.0,0.0,0.0,0.0,0.0
4932,CA,CA,MEMBE,MEAT4,0.69,0.0,0.0,0.0,0.0,0.0
2047,CA,CA,EDUCA,MOTOR,0.69,0.0,0.0,0.0,0.0,0.0
7604,CA,CA,SUGA1,BIOGA,0.69,0.0,0.0,0.0,0.0,0.0
7943,CA,CA,TRAN1,NONSP,0.7,0.0,0.0,0.0,0.0,0.0
1962,CA,CA,DISTR,PUBLI,0.7,0.0,0.0,0.0,0.0,0.0
3286,CA,CA,FISHF,WEARI,0.7,0.0,0.0,0.0,0.0,0.0
6166,CA,CA,PRINT,LANDT,0.7,0.0,0.0,0.0,0.0,0.0
7972,CA,CA,TRAN1,SUBBI,0.7,0.0,0.0,0.0,0.0,0.0
7798,CA,CA,TEXTI,CROPS,0.7,0.0,0.0,0.0,0.0,0.0
4838,CA,CA,MEDIC,LEATH,0.7,0.0,0.0,0.0,0.0,0.0
1636,CA,CA,CROPS,CHEM1,0.7,0.0,0.0,0.0,0.0,0.0
5439,CA,CA,NONME,PULP5,0.7,0.0,0.0,0.0,0.0,0.0
6895,CA,CA,RESEA,HYDRO,0.7,0.0,0.0,0.0,0.0,0.0
237,CA,CA,ANIMA,PIGS9,0.68,0.0,0.0,0.0,0.0,0.0
3826,CA,CA,HEALT,FISHF,0.68,0.0,0.0,0.0,0.0,0.0
6347,CA,CA,RADIO,ANIMA,0.65,0.0,0.0,0.0,0.0,0.0
3659,CA,CA,GASDI,LIQUE,0.68,0.0,0.0,0.0,0.0,0.0
1748,CA,CA,DAIRY,COMPU,0.66,0.0,0.0,0.0,0.0,0.0
6960,CA,CA,RESEA,WEARI,0.66,0.0,0.0,0.0,0.0,0.0
6706,CA,CA,RECRE,GLASS,0.66,0.0,0.0,0.0,0.0,0.0
7428,CA,CA,SANDC,NONSP,0.66,0.0,0.0,0.0,0.0,0.0
987,CA,CA,CEREA,FURNI,0.66,0.0,0.0,0.0,0.0,0.0
7831,CA,CA,TEXTI,MOTOR,0.66,0.0,0.0,0.0,0.0,0.0
240,CA,CA,ANIMA,PUBLI,0.66,0.0,0.0,0.0,0.0,0.0
6208,CA,CA,PRINT,WOODW,0.66,0.0,0.0,0.0,0.0,0.0
1170,CA,CA,CHEMI,BEVER,0.67,0.0,0.0,0.0,0.0,0.0
7924,CA,CA,TRAN1,LIGNI,0.67,0.0,0.0,0.0,0.0,0.0
6212,CA,CA,PUBLI,ANIMA,0.67,0.0,0.0,0.0,0.0,0.0
1738,CA,CA,DAIRY,ANIMA,0.67,0.0,0.0,0.0,0.0,0.0
4238,CA,CA,KEROS,KERO1,0.67,0.0,0.0,0.0,0.0,0.0
6518,CA,CA,RAWMI,SUPPO,0.67,0.0,0.0,0.0,0.0,0.0
7496,CA,CA,SEACO,OILSE,0.67,0.0,0.0,0.0,0.0,0.0
206,CA,CA,ALUM1,WEARI,0.67,0.0,0.0,0.0,0.0,0.0
4668,CA,CA,MEAT4,FABRI,0.68,0.0,0.0,0.0,0.0,0.0
1838,CA,CA,DIST1,PETRO,0.68,0.0,0.0,0.0,0.0,0.0
5234,CA,CA,NFERT,FISH5,0.68,0.0,0.0,0.0,0.0,0.0
8015,CA,CA,TRANS,REALE,0.68,0.0,0.0,0.0,0.0,0.0
7577,CA,CA,STONE,PETRO,0.68,0.0,0.0,0.0,0.0,0.0
6489,CA,CA,RAILW,WOODW,0.68,0.0,0.0,0.0,0.0,0.0
2633,CA,CA,ELEC5,COPP1,0.68,0.0,0.0,0.0,0.0,0.0
6705,CA,CA,RECRE,GASDI,0.61,0.0,0.0,0.0,0.0,0.0
201,CA,CA,ALUM1,TEXTI,0.61,0.0,0.0,0.0,0.0,0.0
8196,CA,CA,WHOLE,FORES,0.7,0.0,0.0,0.0,0.0,0.0
6933,CA,CA,RESEA,PULP5,0.56,0.0,0.0,0.0,0.0,0.0
6217,CA,CA,PUBLI,BIOGA,0.55,0.0,0.0,0.0,0.0,0.0
7477,CA,CA,SEACO,GLASS,0.55,0.0,0.0,0.0,0.0,0.0
1294,CA,CA,COKIN,REFI1,0.55,0.0,0.0,0.0,0.0,0.0
22,CA,CA,93197,FABRI,0.56,0.0,0.0,0.0,0.0,0.0
7020,CA,CA,RETA1,GASOL,0.56,0.0,0.0,0.0,0.0,0.0
3266,CA,CA,FISHF,COMPU,0.56,0.0,0.0,0.0,0.0,0.0
1206,CA,CA,CHEMI,LEATH,0.56,0.0,0.0,0.0,0.0,0.0
3081,CA,CA,FABRI,URANI,0.56,0.0,0.0,0.0,0.0,0.0
1761,CA,CA,DAIRY,MEAT1,0.56,0.0,0.0,0.0,0.0,0.0
7245,CA,CA,SALEM,ALUM1,0.56,0.0,0.0,0.0,0.0,0.0
3401,CA,CA,FORES,NATUR,0.56,0.0,0.0,0.0,0.0,0.0
3497,CA,CA,FURNI,AIRTR,0.56,0.0,0.0,0.0,0.0,0.0
2268,CA,CA,ELEC2,BRICK,0.61,0.0,0.0,0.0,0.0,0.0
1672,CA,CA,CROPS,RUBBE,0.56,0.0,0.0,0.0,0.0,0.0
2692,CA,CA,ELEC5,RADIO,0.56,0.0,0.0,0.0,0.0,0.0
6711,CA,CA,RECRE,INLAN,0.57,0.0,0.0,0.0,0.0,0.0
5019,CA,CA,MOTO1,NATU1,0.57,0.0,0.0,0.0,0.0,0.0
1639,CA,CA,CROPS,COPP1,0.57,0.0,0.0,0.0,0.0,0.0
8032,CA,CA,URANI,ELEC3,0.57,0.0,0.0,0.0,0.0,0.0
4404,CA,CA,LEAD1,FOOD5,0.57,0.0,0.0,0.0,0.0,0.0
3902,CA,CA,HOTEL,WHOLE,0.57,0.0,0.0,0.0,0.0,0.0
1588,CA,CA,COPP1,HOTEL,0.57,0.0,0.0,0.0,0.0,0.0
3677,CA,CA,GASDI,NONSP,0.57,0.0,0.0,0.0,0.0,0.0
6884,CA,CA,RESEA,FISHF,0.57,0.0,0.0,0.0,0.0,0.0
4635,CA,CA,MEAT1,REALE,0.55,0.0,0.0,0.0,0.0,0.0
5079,CA,CA,MOTOR,ELEC5,0.55,0.0,0.0,0.0,0.0,0.0
2679,CA,CA,ELEC5,OFFIC,0.55,0.0,0.0,0.0,0.0,0.0
2916,CA,CA,ELECT,ANIMA,0.55,0.0,0.0,0.0,0.0,0.0
5063,CA,CA,MOTOR,CHEMI,0.54,0.0,0.0,0.0,0.0,0.0
3958,CA,CA,HYDRO,TRAN2,0.54,0.0,0.0,0.0,0.0,0.0
1969,CA,CA,DISTR,REFI1,0.54,0.0,0.0,0.0,0.0,0.0
133,CA,CA,AIRTR,SUGA1,0.54,0.0,0.0,0.0,0.0,0.0
2010,CA,CA,EDUCA,COPP1,0.54,0.0,0.0,0.0,0.0,0.0
2800,CA,CA,ELEC6,RECRE,0.54,0.0,0.0,0.0,0.0,0.0
2746,CA,CA,ELEC6,DAIRY,0.54,0.0,0.0,0.0,0.0,0.0
5591,CA,CA,OILSE,RETA1,0.54,0.0,0.0,0.0,0.0,0.0
4899,CA,CA,MEMBE,ELEC2,0.54,0.0,0.0,0.0,0.0,0.0
1302,CA,CA,COMPU,ANIMA,0.55,0.0,0.0,0.0,0.0,0.0
2272,CA,CA,ELEC2,CERAM,0.55,0.0,0.0,0.0,0.0,0.0
5378,CA,CA,NONME,AUXIL,0.55,0.0,0.0,0.0,0.0,0.0
4549,CA,CA,LUBRI,INLAN,0.55,0.0,0.0,0.0,0.0,0.0
2642,CA,CA,ELEC5,FISH5,0.55,0.0,0.0,0.0,0.0,0.0
1997,CA,CA,EDUCA,ANIMA,0.55,0.0,0.0,0.0,0.0,0.0
6326,CA,CA,PULP5,LEATH,0.55,0.0,0.0,0.0,0.0,0.0
4364,CA,CA,LANDT,RETAI,0.55,0.0,0.0,0.0,0.0,0.0
678,CA,CA,BRICK,SANDC,0.55,0.0,0.0,0.0,0.0,0.0
6482,CA,CA,RAILW,SUBBI,0.55,0.0,0.0,0.0,0.0,0.0
1356,CA,CA,COMPU,HEAVY,0.55,0.0,0.0,0.0,0.0,0.0
8056,CA,CA,VEGET,MEAT4,0.55,0.0,0.0,0.0,0.0,0.0
27,CA,CA,93197,FURNI,0.55,0.0,0.0,0.0,0.0,0.0
1947,CA,CA,DISTR,NONFE,0.55,0.0,0.0,0.0,0.0,0.0
6190,CA,CA,PRINT,RADIO,0.57,0.0,0.0,0.0,0.0,0.0
8037,CA,CA,VEGET,AUXIL,0.57,0.0,0.0,0.0,0.0,0.0
868,CA,CA,CEMEN,COMPU,0.57,0.0,0.0,0.0,0.0,0.0
6768,CA,CA,RECRE,TOBAC,0.59,0.0,0.0,0.0,0.0,0.0
413,CA,CA,BASIC,AIRTR,0.59,0.0,0.0,0.0,0.0,0.0
2742,CA,CA,ELEC6,CONST,0.59,0.0,0.0,0.0,0.0,0.0
479,CA,CA,BASIC,REALE,0.59,0.0,0.0,0.0,0.0,0.0
3548,CA,CA,FURNI,LUBRI,0.59,0.0,0.0,0.0,0.0,0.0
6654,CA,CA,REALE,WOOLS,0.59,0.0,0.0,0.0,0.0,0.0
2204,CA,CA,ELEC1,MOTOR,0.59,0.0,0.0,0.0,0.0,0.0
4926,CA,CA,MEMBE,KEROS,0.59,0.0,0.0,0.0,0.0,0.0
3007,CA,CA,FABRI,DIST1,0.6,0.0,0.0,0.0,0.0,0.0
724,CA,CA,BUSIN,ETHAN,0.6,0.0,0.0,0.0,0.0,0.0
4571,CA,CA,LUBRI,NONSP,0.6,0.0,0.0,0.0,0.0,0.0
3004,CA,CA,FABRI,CROPS,0.6,0.0,0.0,0.0,0.0,0.0
4753,CA,CA,MEATC,FURNI,0.6,0.0,0.0,0.0,0.0,0.0
5886,CA,CA,PLANT,LEATH,0.6,0.0,0.0,0.0,0.0,0.0
6092,CA,CA,PREC1,NONF1,0.6,0.0,0.0,0.0,0.0,0.0
6694,CA,CA,RECRE,ELEC7,0.6,0.0,0.0,0.0,0.0,0.0
1372,CA,CA,COMPU,MEATC,0.6,0.0,0.0,0.0,0.0,0.0
7990,CA,CA,TRANS,BEVER,0.6,0.0,0.0,0.0,0.0,0.0
6203,CA,CA,PRINT,TOBAC,0.6,0.0,0.0,0.0,0.0,0.0
6057,CA,CA,POULT,FABRI,0.6,0.0,0.0,0.0,0.0,0.0
5652,CA,CA,PAPER,LEAD1,0.61,0.0,0.0,0.0,0.0,0.0
2790,CA,CA,ELEC6,POSTT,0.61,0.0,0.0,0.0,0.0,0.0
7085,CA,CA,RETA1,SUGAR,0.61,0.0,0.0,0.0,0.0,0.0
5850,CA,CA,PIGS9,HOTEL,0.61,0.0,0.0,0.0,0.0,0.0
217,CA,CA,ANIMA,COMPU,0.59,0.0,0.0,0.0,0.0,0.0
1739,CA,CA,DAIRY,AUXIL,0.59,0.0,0.0,0.0,0.0,0.0
1173,CA,CA,CHEMI,BITU1,0.57,0.0,0.0,0.0,0.0,0.0
1087,CA,CA,CHEM1,GASOL,0.59,0.0,0.0,0.0,0.0,0.0
1156,CA,CA,CHEM1,URANI,0.58,0.0,0.0,0.0,0.0,0.0
2561,CA,CA,ELEC4,NONFE,0.58,0.0,0.0,0.0,0.0,0.0
1971,CA,CA,DISTR,RESEA,0.58,0.0,0.0,0.0,0.0,0.0
3697,CA,CA,GASDI,REFI1,0.58,0.0,0.0,0.0,0.0,0.0
5865,CA,CA,PIGS9,PUBLI,0.58,0.0,0.0,0.0,0.0,0.0
6300,CA,CA,PUBLI,STONE,0.58,0.0,0.0,0.0,0.0,0.0
5925,CA,CA,POSTT,BIODI,0.58,0.0,0.0,0.0,0.0,0.0
2845,CA,CA,ELEC7,EDUCA,0.58,0.0,0.0,0.0,0.0,0.0
7050,CA,CA,RETA1,NONFE,0.58,0.0,0.0,0.0,0.0,0.0
7925,CA,CA,TRAN1,LIQUE,0.58,0.0,0.0,0.0,0.0,0.0
362,CA,CA,AUXIL,REFIN,0.58,0.0,0.0,0.0,0.0,0.0
5409,CA,CA,NONME,GLASS,0.58,0.0,0.0,0.0,0.0,0.0
3778,CA,CA,GLASS,MEDIC,0.58,0.0,0.0,0.0,0.0,0.0
599,CA,CA,BIOG1,REALE,0.58,0.0,0.0,0.0,0.0,0.0
5908,CA,CA,PLAST,ELEC3,0.58,0.0,0.0,0.0,0.0,0.0
575,CA,CA,BIOG1,BASIC,0.58,0.0,0.0,0.0,0.0,0.0
3374,CA,CA,FORES,AUXIL,0.58,0.0,0.0,0.0,0.0,0.0
8042,CA,CA,VEGET,COKIN,0.58,0.0,0.0,0.0,0.0,0.0
1297,CA,CA,COKIN,RUBBE,0.59,0.0,0.0,0.0,0.0,0.0
3066,CA,CA,FABRI,REFI1,0.59,0.0,0.0,0.0,0.0,0.0
7097,CA,CA,RETA1,WHITE,0.59,0.0,0.0,0.0,0.0,0.0
3035,CA,CA,FABRI,MEAT1,0.59,0.0,0.0,0.0,0.0,0.0
4398,CA,CA,LEAD1,COMPU,0.59,0.0,0.0,0.0,0.0,0.0
5241,CA,CA,NFERT,LIQUE,0.7,0.0,0.0,0.0,0.0,0.0
7102,CA,CA,RETAI,AUXIL,0.71,0.0,0.0,0.0,0.0,0.0
4955,CA,CA,MEMBE,POULT,0.91,0.0,0.0,0.0,0.0,0.0
1923,CA,CA,DISTR,INLAN,0.85,0.0,0.0,0.0,0.0,0.0
6270,CA,CA,PUBLI,NATU1,0.84,0.0,0.0,0.0,0.0,0.0
904,CA,CA,CEMEN,RESEA,0.84,0.0,0.0,0.0,0.0,0.0
2711,CA,CA,ELEC5,TRANS,0.84,0.0,0.0,0.0,0.0,0.0
1790,CA,CA,DIST1,BEVER,0.84,0.0,0.0,0.0,0.0,0.0
5235,CA,CA,NFERT,FOOD5,0.84,0.0,0.0,0.0,0.0,0.0
5267,CA,CA,NFERT,WHOLE,0.84,0.0,0.0,0.0,0.0,0.0
7570,CA,CA,STONE,NAPHT,0.84,0.0,0.0,0.0,0.0,0.0
2613,CA,CA,ELEC5,ANIMA,0.84,0.0,0.0,0.0,0.0,0.0
7192,CA,CA,RUBBE,NATUR,0.84,0.0,0.0,0.0,0.0,0.0
939,CA,CA,CERAM,HOTEL,0.84,0.0,0.0,0.0,0.0,0.0
3183,CA,CA,FINAN,PLANT,0.84,0.0,0.0,0.0,0.0,0.0
2179,CA,CA,ELEC1,FORES,0.85,0.0,0.0,0.0,0.0,0.0
1102,CA,CA,CHEM1,MEAT1,0.81,0.0,0.0,0.0,0.0,0.0
3957,CA,CA,HYDRO,SUPPO,0.85,0.0,0.0,0.0,0.0,0.0
1362,CA,CA,COMPU,KEROS,0.85,0.0,0.0,0.0,0.0,0.0
4984,CA,CA,MEMBE,WHEAT,0.85,0.0,0.0,0.0,0.0,0.0
2782,CA,CA,ELEC6,NONME,0.85,0.0,0.0,0.0,0.0,0.0
5980,CA,CA,POSTT,KEROS,0.85,0.0,0.0,0.0,0.0,0.0
7110,CA,CA,RETAI,POSTT,0.85,0.0,0.0,0.0,0.0,0.0
526,CA,CA,BEVER,RAILW,0.85,0.0,0.0,0.0,0.0,0.0
5227,CA,CA,NFERT,ELEC2,0.86,0.0,0.0,0.0,0.0,0.0
3134,CA,CA,FINAN,ETHAN,0.86,0.0,0.0,0.0,0.0,0.0
5392,CA,CA,NONME,COPP1,0.86,0.0,0.0,0.0,0.0,0.0
7305,CA,CA,SALEM,KERO1,0.86,0.0,0.0,0.0,0.0,0.0
2362,CA,CA,ELEC2,TOBAC,0.84,0.0,0.0,0.0,0.0,0.0
3367,CA,CA,FOOD5,WEARI,0.83,0.0,0.0,0.0,0.0,0.0
141,CA,CA,AIRTR,WEARI,0.83,0.0,0.0,0.0,0.0,0.0
3224,CA,CA,FISH5,93197,0.83,0.0,0.0,0.0,0.0,0.0
1126,CA,CA,CHEM1,POSTT,0.81,0.0,0.0,0.0,0.0,0.0
4536,CA,CA,LUBRI,FISH5,0.81,0.0,0.0,0.0,0.0,0.0
4172,CA,CA,KERO1,BUSIN,0.81,0.0,0.0,0.0,0.0,0.0
1554,CA,CA,CONST,VEGE1,0.81,0.0,0.0,0.0,0.0,0.0
3662,CA,CA,GASDI,MEAT4,0.81,0.0,0.0,0.0,0.0,0.0
6908,CA,CA,RESEA,MEATA,0.81,0.0,0.0,0.0,0.0,0.0
1387,CA,CA,COMPU,OILSE,0.82,0.0,0.0,0.0,0.0,0.0
7758,CA,CA,SUPPO,REFI1,0.82,0.0,0.0,0.0,0.0,0.0
3206,CA,CA,FINAN,SUBBI,0.82,0.0,0.0,0.0,0.0,0.0
381,CA,CA,AUXIL,URANI,0.82,0.0,0.0,0.0,0.0,0.0
1148,CA,CA,CHEM1,SUBBI,0.82,0.0,0.0,0.0,0.0,0.0
6468,CA,CA,RAILW,RADIO,0.82,0.0,0.0,0.0,0.0,0.0
841,CA,CA,CATTL,PFERT,0.82,0.0,0.0,0.0,0.0,0.0
2545,CA,CA,ELEC4,LIQUE,0.82,0.0,0.0,0.0,0.0,0.0
1187,CA,CA,CHEMI,ELECT,0.82,0.0,0.0,0.0,0.0,0.0
6429,CA,CA,RAILW,ELEC1,0.82,0.0,0.0,0.0,0.0,0.0
3255,CA,CA,FISH5,SALEM,0.82,0.0,0.0,0.0,0.0,0.0
1012,CA,CA,CEREA,PFERT,0.83,0.0,0.0,0.0,0.0,0.0
1404,CA,CA,COMPU,REFI1,0.83,0.0,0.0,0.0,0.0,0.0
2147,CA,CA,ELEC1,ANIMA,0.83,0.0,0.0,0.0,0.0,0.0
2154,CA,CA,ELEC1,BITUM,0.83,0.0,0.0,0.0,0.0,0.0
7512,CA,CA,SEACO,RESEA,0.83,0.0,0.0,0.0,0.0,0.0
6852,CA,CA,RESEA,CATTL,0.83,0.0,0.0,0.0,0.0,0.0
5184,CA,CA,NATU1,GASOL,0.86,0.0,0.0,0.0,0.0,0.0
2636,CA,CA,ELEC5,DAIRY,0.86,0.0,0.0,0.0,0.0,0.0
5639,CA,CA,PAPER,FORES,0.86,0.0,0.0,0.0,0.0,0.0
4745,CA,CA,MEATC,BUSIN,0.89,0.0,0.0,0.0,0.0,0.0
1211,CA,CA,CHEMI,MEATC,0.89,0.0,0.0,0.0,0.0,0.0
1732,CA,CA,CRUDE,TRAN2,0.89,0.0,0.0,0.0,0.0,0.0
2667,CA,CA,ELEC5,MEDIC,0.89,0.0,0.0,0.0,0.0,0.0
2883,CA,CA,ELEC7,PUBLI,0.9,0.0,0.0,0.0,0.0,0.0
6168,CA,CA,PRINT,LEATH,0.9,0.0,0.0,0.0,0.0,0.0
855,CA,CA,CATTL,WHEAT,0.9,0.0,0.0,0.0,0.0,0.0
1186,CA,CA,CHEMI,DAIRY,0.9,0.0,0.0,0.0,0.0,0.0
4685,CA,CA,MEAT4,MOTO1,0.9,0.0,0.0,0.0,0.0,0.0
5485,CA,CA,NONSP,GASOL,0.9,0.0,0.0,0.0,0.0,0.0
5630,CA,CA,PAPER,ELEC4,0.9,0.0,0.0,0.0,0.0,0.0
7849,CA,CA,TEXTI,RESEA,0.9,0.0,0.0,0.0,0.0,0.0
4834,CA,CA,MEDIC,INLAN,0.9,0.0,0.0,0.0,0.0,0.0
5991,CA,CA,POSTT,MEATP,0.9,0.0,0.0,0.0,0.0,0.0
4039,CA,CA,INSUR,BITU1,0.9,0.0,0.0,0.0,0.0,0.0
2413,CA,CA,ELEC3,GASDI,0.91,0.0,0.0,0.0,0.0,0.0
1895,CA,CA,DISTR,COKE1,0.91,0.0,0.0,0.0,0.0,0.0
4042,CA,CA,INSUR,BRICK,0.91,0.0,0.0,0.0,0.0,0.0
1930,CA,CA,DISTR,LIGNI,0.91,0.0,0.0,0.0,0.0,0.0
6395,CA,CA,RADIO,RESEA,0.91,0.0,0.0,0.0,0.0,0.0
2438,CA,CA,ELEC3,NATU1,0.91,0.0,0.0,0.0,0.0,0.0
4979,CA,CA,MEMBE,TRAN1,0.91,0.0,0.0,0.0,0.0,0.0
3529,CA,CA,FURNI,FISH5,0.91,0.0,0.0,0.0,0.0,0.0
4603,CA,CA,LUBRI,SUPPO,0.91,0.0,0.0,0.0,0.0,0.0
613,CA,CA,BIOGA,BEVER,0.89,0.0,0.0,0.0,0.0,0.0
5683,CA,CA,PAPER,RECRE,0.89,0.0,0.0,0.0,0.0,0.0
171,CA,CA,ALUM1,HOTEL,0.86,0.0,0.0,0.0,0.0,0.0
2620,CA,CA,ELEC5,BITUM,0.89,0.0,0.0,0.0,0.0,0.0
5140,CA,CA,MOTOR,PULP5,0.86,0.0,0.0,0.0,0.0,0.0
4532,CA,CA,LUBRI,ELECT,0.87,0.0,0.0,0.0,0.0,0.0
3795,CA,CA,GLASS,RESEA,0.87,0.0,0.0,0.0,0.0,0.0
3951,CA,CA,HYDRO,RESEA,0.87,0.0,0.0,0.0,0.0,0.0
3594,CA,CA,FURNI,VEGE1,0.87,0.0,0.0,0.0,0.0,0.0
2751,CA,CA,ELEC6,FINAN,0.87,0.0,0.0,0.0,0.0,0.0
5818,CA,CA,PFERT,PLANT,0.87,0.0,0.0,0.0,0.0,0.0
8124,CA,CA,WHEAT,93197,0.87,0.0,0.0,0.0,0.0,0.0
1025,CA,CA,CEREA,SUGA1,0.87,0.0,0.0,0.0,0.0,0.0
845,CA,CA,CATTL,PUBLI,0.87,0.0,0.0,0.0,0.0,0.0
4655,CA,CA,MEAT4,BIODI,0.87,0.0,0.0,0.0,0.0,0.0
8331,CA,CA,WOODW,SUPPO,0.87,0.0,0.0,0.0,0.0,0.0
4580,CA,CA,LUBRI,POULT,0.87,0.0,0.0,0.0,0.0,0.0
7686,CA,CA,SUPPO,CERAM,0.88,0.0,0.0,0.0,0.0,0.0
3891,CA,CA,HOTEL,REALE,0.88,0.0,0.0,0.0,0.0,0.0
3791,CA,CA,GLASS,RAILW,0.88,0.0,0.0,0.0,0.0,0.0
3560,CA,CA,FURNI,NONF1,0.88,0.0,0.0,0.0,0.0,0.0
2017,CA,CA,EDUCA,ELEC2,0.88,0.0,0.0,0.0,0.0,0.0
6248,CA,CA,PUBLI,FISH5,0.88,0.0,0.0,0.0,0.0,0.0
3947,CA,CA,HYDRO,RAILW,0.89,0.0,0.0,0.0,0.0,0.0
7216,CA,CA,RUBBE,RECRE,0.89,0.0,0.0,0.0,0.0,0.0
2078,CA,CA,EDUCA,TRANS,0.89,0.0,0.0,0.0,0.0,0.0
6657,CA,CA,RECRE,ALUM1,0.89,0.0,0.0,0.0,0.0,0.0
2668,CA,CA,ELEC5,MEMBE,0.81,0.0,0.0,0.0,0.0,0.0
2385,CA,CA,ELEC3,BRICK,0.81,0.0,0.0,0.0,0.0,0.0
157,CA,CA,ALUM1,CERAM,0.71,0.0,0.0,0.0,0.0,0.0
5692,CA,CA,PAPER,SEACO,0.74,0.0,0.0,0.0,0.0,0.0
4415,CA,CA,LEAD1,MEDIC,0.73,0.0,0.0,0.0,0.0,0.0
2292,CA,CA,ELEC2,FISHF,0.73,0.0,0.0,0.0,0.0,0.0
6157,CA,CA,PRINT,FORES,0.73,0.0,0.0,0.0,0.0,0.0
6206,CA,CA,PRINT,WEARI,0.73,0.0,0.0,0.0,0.0,0.0
2795,CA,CA,ELEC6,PULP5,0.73,0.0,0.0,0.0,0.0,0.0
6959,CA,CA,RESEA,VEGET,0.73,0.0,0.0,0.0,0.0,0.0
5446,CA,CA,NONME,RUBBE,0.73,0.0,0.0,0.0,0.0,0.0
4360,CA,CA,LANDT,REFI1,0.73,0.0,0.0,0.0,0.0,0.0
4155,CA,CA,INSUR,VEGE1,0.74,0.0,0.0,0.0,0.0,0.0
4892,CA,CA,MEMBE,CROPS,0.74,0.0,0.0,0.0,0.0,0.0
3989,CA,CA,INLAN,KEROS,0.74,0.0,0.0,0.0,0.0,0.0
1775,CA,CA,DAIRY,RUBBE,0.74,0.0,0.0,0.0,0.0,0.0
386,CA,CA,AUXIL,WHITE,0.8,0.0,0.0,0.0,0.0,0.0
3965,CA,CA,INLAN,BASIC,0.75,0.0,0.0,0.0,0.0,0.0
2245,CA,CA,ELEC1,TOBAC,0.75,0.0,0.0,0.0,0.0,0.0
5027,CA,CA,MOTO1,RAILW,0.75,0.0,0.0,0.0,0.0,0.0
8144,CA,CA,WHEAT,FORES,0.75,0.0,0.0,0.0,0.0,0.0
5432,CA,CA,NONME,PAPER,0.75,0.0,0.0,0.0,0.0,0.0
7891,CA,CA,TRAN1,COKE1,0.75,0.0,0.0,0.0,0.0,0.0
6586,CA,CA,REALE,LEAD1,0.75,0.0,0.0,0.0,0.0,0.0
649,CA,CA,BIOGA,REALE,0.75,0.0,0.0,0.0,0.0,0.0
516,CA,CA,BEVER,HEALT,0.75,0.0,0.0,0.0,0.0,0.0
1665,CA,CA,CROPS,PULP5,0.75,0.0,0.0,0.0,0.0,0.0
2842,CA,CA,ELEC7,CRUDE,0.75,0.0,0.0,0.0,0.0,0.0
4697,CA,CA,MEAT4,REALE,0.73,0.0,0.0,0.0,0.0,0.0
3386,CA,CA,FORES,DIST1,0.73,0.0,0.0,0.0,0.0,0.0
4504,CA,CA,LUBRI,ALUM1,0.73,0.0,0.0,0.0,0.0,0.0
2117,CA,CA,ELE12,NFERT,0.73,0.0,0.0,0.0,0.0,0.0
3478,CA,CA,FOUND,RAILW,0.71,0.0,0.0,0.0,0.0,0.0
6511,CA,CA,RAWMI,PIGS9,0.71,0.0,0.0,0.0,0.0,0.0
3812,CA,CA,HEALT,ANIMA,0.71,0.0,0.0,0.0,0.0,0.0
558,CA,CA,BIODI,ELEC7,0.71,0.0,0.0,0.0,0.0,0.0
1617,CA,CA,COPP1,SUPPO,0.71,0.0,0.0,0.0,0.0,0.0
4764,CA,CA,MEATC,REALE,0.71,0.0,0.0,0.0,0.0,0.0
5295,CA,CA,NONF1,COMPU,0.71,0.0,0.0,0.0,0.0,0.0
3466,CA,CA,FOUND,NATU1,0.71,0.0,0.0,0.0,0.0,0.0
1116,CA,CA,CHEM1,NONFE,0.72,0.0,0.0,0.0,0.0,0.0
2780,CA,CA,ELEC6,NONF1,0.72,0.0,0.0,0.0,0.0,0.0
4727,CA,CA,MEATA,MEAT1,0.72,0.0,0.0,0.0,0.0,0.0
4941,CA,CA,MEMBE,NATU1,0.72,0.0,0.0,0.0,0.0,0.0
5428,CA,CA,NONME,NONF1,0.72,0.0,0.0,0.0,0.0,0.0
2645,CA,CA,ELEC5,FORES,0.72,0.0,0.0,0.0,0.0,0.0
2389,CA,CA,ELEC3,CERAM,0.72,0.0,0.0,0.0,0.0,0.0
3516,CA,CA,FURNI,COKIN,0.72,0.0,0.0,0.0,0.0,0.0
4564,CA,CA,LUBRI,MEDIC,0.72,0.0,0.0,0.0,0.0,0.0
4620,CA,CA,MEAT1,COPP1,0.72,0.0,0.0,0.0,0.0,0.0
486,CA,CA,BASIC,SANDC,0.72,0.0,0.0,0.0,0.0,0.0
6438,CA,CA,RAILW,GLASS,0.72,0.0,0.0,0.0,0.0,0.0
849,CA,CA,CATTL,RESEA,0.72,0.0,0.0,0.0,0.0,0.0
6548,CA,CA,REALE,COPP1,0.72,0.0,0.0,0.0,0.0,0.0
194,CA,CA,ALUM1,REFI1,0.72,0.0,0.0,0.0,0.0,0.0
2202,CA,CA,ELEC1,MEMBE,0.75,0.0,0.0,0.0,0.0,0.0
2793,CA,CA,ELEC6,PRINT,0.76,0.0,0.0,0.0,0.0,0.0
1463,CA,CA,CONST,ELE12,0.76,0.0,0.0,0.0,0.0,0.0
4781,CA,CA,MEATP,BUSIN,0.78,0.0,0.0,0.0,0.0,0.0
1099,CA,CA,CHEM1,LIGNI,0.78,0.0,0.0,0.0,0.0,0.0
5249,CA,CA,NFERT,NONSP,0.78,0.0,0.0,0.0,0.0,0.0
8251,CA,CA,WOODW,BRICK,0.78,0.0,0.0,0.0,0.0,0.0
3252,CA,CA,FISH5,RESEA,0.79,0.0,0.0,0.0,0.0,0.0
4322,CA,CA,LANDT,LIQUE,0.79,0.0,0.0,0.0,0.0,0.0
1198,CA,CA,CHEMI,HEAVY,0.79,0.0,0.0,0.0,0.0,0.0
1931,CA,CA,DISTR,LIQUE,0.79,0.0,0.0,0.0,0.0,0.0
6366,CA,CA,RADIO,FOOD5,0.79,0.0,0.0,0.0,0.0,0.0
4544,CA,CA,LUBRI,GLASS,0.79,0.0,0.0,0.0,0.0,0.0
3482,CA,CA,FOUND,RESEA,0.79,0.0,0.0,0.0,0.0,0.0
1175,CA,CA,CHEMI,BUSIN,0.79,0.0,0.0,0.0,0.0,0.0
2747,CA,CA,ELEC6,DIST1,0.79,0.0,0.0,0.0,0.0,0.0
6406,CA,CA,RADIO,WEARI,0.79,0.0,0.0,0.0,0.0,0.0
1030,CA,CA,CEREA,WHEAT,0.79,0.0,0.0,0.0,0.0,0.0
4232,CA,CA,KEROS,FURNI,0.8,0.0,0.0,0.0,0.0,0.0
5610,CA,CA,PAPER,BITU1,0.8,0.0,0.0,0.0,0.0,0.0
6936,CA,CA,RESEA,RAWMI,0.8,0.0,0.0,0.0,0.0,0.0
8101,CA,CA,WEARI,MOTO1,0.8,0.0,0.0,0.0,0.0,0.0
5123,CA,CA,MOTOR,NONF1,0.8,0.0,0.0,0.0,0.0,0.0
5927,CA,CA,POSTT,BIOGA,0.8,0.0,0.0,0.0,0.0,0.0
3701,CA,CA,GASDI,RETAI,0.8,0.0,0.0,0.0,0.0,0.0
1438,CA,CA,CONST,BIOG1,0.8,0.0,0.0,0.0,0.0,0.0
3278,CA,CA,FISHF,RAILW,0.8,0.0,0.0,0.0,0.0,0.0
3856,CA,CA,HEALT,WHOLE,0.78,0.0,0.0,0.0,0.0,0.0
2989,CA,CA,FABRI,BIODI,0.78,0.0,0.0,0.0,0.0,0.0
3766,CA,CA,GLASS,FORES,0.76,0.0,0.0,0.0,0.0,0.0
4376,CA,CA,LANDT,TRAN1,0.78,0.0,0.0,0.0,0.0,0.0
5022,CA,CA,MOTO1,PAPER,0.76,0.0,0.0,0.0,0.0,0.0
5285,CA,CA,NONF1,BIODI,0.76,0.0,0.0,0.0,0.0,0.0
5929,CA,CA,POSTT,BITUM,0.76,0.0,0.0,0.0,0.0,0.0
8091,CA,CA,WEARI,ELEC4,0.76,0.0,0.0,0.0,0.0,0.0
7146,CA,CA,RUBBE,CROPS,0.76,0.0,0.0,0.0,0.0,0.0
4340,CA,CA,LANDT,NONSP,0.76,0.0,0.0,0.0,0.0,0.0
1542,CA,CA,CONST,STEAM,0.77,0.0,0.0,0.0,0.0,0.0
4577,CA,CA,LUBRI,PIGS9,0.77,0.0,0.0,0.0,0.0,0.0
6938,CA,CA,RESEA,RECRE,0.77,0.0,0.0,0.0,0.0,0.0
8003,CA,CA,TRANS,HYDRO,0.77,0.0,0.0,0.0,0.0,0.0
8079,CA,CA,WEARI,BUSIN,0.77,0.0,0.0,0.0,0.0,0.0
7738,CA,CA,SUPPO,NONSP,0.77,0.0,0.0,0.0,0.0,0.0
7723,CA,CA,SUPPO,LIQUE,0.77,0.0,0.0,0.0,0.0,0.0
5724,CA,CA,PETRO,ELEC2,0.77,0.0,0.0,0.0,0.0,0.0
7084,CA,CA,RETA1,SUGA1,0.78,0.0,0.0,0.0,0.0,0.0
4185,CA,CA,KERO1,FINAN,0.78,0.0,0.0,0.0,0.0,0.0
619,CA,CA,BIOGA,CHEM1,0.78,0.0,0.0,0.0,0.0,0.0
1847,CA,CA,DIST1,PUBLI,0.78,0.0,0.0,0.0,0.0,0.0
7506,CA,CA,SEACO,RADIO,0.78,0.0,0.0,0.0,0.0,0.0
3684,CA,CA,GASDI,PLANT,0.78,0.0,0.0,0.0,0.0,0.0
3987,CA,CA,INLAN,INLAN,0.78,0.0,0.0,0.0,0.0,0.0
3157,CA,CA,FINAN,LIGNI,0.78,0.0,0.0,0.0,0.0,0.0
8357,CA,CA,WOOLS,WHOLE,0.78,0.0,0.0,0.0,0.0,0.0
5009,CA,CA,MOTO1,GLASS,1.52,0.0,0.0,0.0,0.0,0.0
3663,CA,CA,GASDI,MEATA,1.52,0.0,0.0,0.0,0.0,0.0
2820,CA,CA,ELEC6,WOODW,1.52,0.0,0.0,0.0,0.0,0.0
2507,CA,CA,ELEC4,CERAM,2.88,0.0,0.0,0.0,0.0,0.0
8254,CA,CA,WOODW,CERAM,2.86,0.0,0.0,0.0,0.0,0.0
6894,CA,CA,RESEA,HOTEL,2.86,0.0,0.0,0.0,0.0,0.0
3732,CA,CA,GASOL,PUBLI,2.87,0.0,0.0,0.0,0.0,0.0
4056,CA,CA,INSUR,CROPS,2.87,0.0,0.0,0.0,0.0,0.0
3490,CA,CA,FOUND,TEXTI,2.87,0.0,0.0,0.0,0.0,0.0
5964,CA,CA,POSTT,FISH5,2.87,0.0,0.0,0.0,0.0,0.0
2295,CA,CA,ELEC2,FOUND,2.87,0.0,0.0,0.0,0.0,0.0
5565,CA,CA,OILSE,CHEM1,2.87,0.0,0.0,0.0,0.0,0.0
1941,CA,CA,DISTR,MOTOR,2.87,0.0,0.0,0.0,0.0,0.0
2226,CA,CA,ELEC1,RADIO,2.88,0.0,0.0,0.0,0.0,0.0
720,CA,CA,BUSIN,ELEC6,2.88,0.0,0.0,0.0,0.0,0.0
3746,CA,CA,GLASS,BIODI,2.88,0.0,0.0,0.0,0.0,0.0
6789,CA,CA,REFI1,GASOL,2.79,0.0,0.0,0.0,0.0,0.0
3578,CA,CA,FURNI,REFI1,2.88,0.0,0.0,0.0,0.0,0.0
4284,CA,CA,LANDT,CROPS,2.89,0.0,0.0,0.0,0.0,0.0
4005,CA,CA,INLAN,PRINT,2.89,0.0,0.0,0.0,0.0,0.0
6770,CA,CA,RECRE,TRAN2,2.89,0.0,0.0,0.0,0.0,0.0
4784,CA,CA,MEATP,COPP1,2.9,0.0,0.0,0.0,0.0,0.0
8299,CA,CA,WOODW,MOTOR,2.9,0.0,0.0,0.0,0.0,0.0
1316,CA,CA,COMPU,CEMEN,2.9,0.0,0.0,0.0,0.0,0.0
7516,CA,CA,SEACO,SALEM,2.9,0.0,0.0,0.0,0.0,0.0
1210,CA,CA,CHEMI,MEAT4,2.91,0.0,0.0,0.0,0.0,0.0
2213,CA,CA,ELEC1,OFFIC,2.91,0.0,0.0,0.0,0.0,0.0
3776,CA,CA,GLASS,MEAT4,2.91,0.0,0.0,0.0,0.0,0.0
7906,CA,CA,TRAN1,FISHF,2.86,0.0,0.0,0.0,0.0,0.0
5661,CA,CA,PAPER,MEMBE,2.86,0.0,0.0,0.0,0.0,0.0
530,CA,CA,BEVER,RESEA,2.85,0.0,0.0,0.0,0.0,0.0
205,CA,CA,ALUM1,VEGE1,2.85,0.0,0.0,0.0,0.0,0.0
5383,CA,CA,NONME,BRICK,2.81,0.0,0.0,0.0,0.0,0.0
7266,CA,CA,SALEM,COKEO,2.81,0.0,0.0,0.0,0.0,0.0
796,CA,CA,BUSIN,SUGAR,2.81,0.0,0.0,0.0,0.0,0.0
1147,CA,CA,CHEM1,STONE,2.82,0.0,0.0,0.0,0.0,0.0
3580,CA,CA,FURNI,RESEA,2.82,0.0,0.0,0.0,0.0,0.0
689,CA,CA,BUSIN,BIOG1,2.82,0.0,0.0,0.0,0.0,0.0
8020,CA,CA,TRANS,RUBBE,2.82,0.0,0.0,0.0,0.0,0.0
5465,CA,CA,NONSP,BUSIN,2.82,0.0,0.0,0.0,0.0,0.0
3227,CA,CA,FISH5,BEVER,2.83,0.0,0.0,0.0,0.0,0.0
6844,CA,CA,RESEA,BEVER,2.83,0.0,0.0,0.0,0.0,0.0
3576,CA,CA,FURNI,REALE,2.83,0.0,0.0,0.0,0.0,0.0
1433,CA,CA,CONST,AUXIL,2.83,0.0,0.0,0.0,0.0,0.0
2390,CA,CA,ELEC3,CEREA,2.83,0.0,0.0,0.0,0.0,0.0
6942,CA,CA,RESEA,RETA1,2.83,0.0,0.0,0.0,0.0,0.0
5608,CA,CA,PAPER,BIODI,2.83,0.0,0.0,0.0,0.0,0.0
4570,CA,CA,LUBRI,NONME,2.84,0.0,0.0,0.0,0.0,0.0
7760,CA,CA,SUPPO,RESEA,2.84,0.0,0.0,0.0,0.0,0.0
4586,CA,CA,LUBRI,RAILW,2.84,0.0,0.0,0.0,0.0,0.0
1342,CA,CA,COMPU,ELECT,2.84,0.0,0.0,0.0,0.0,0.0
7089,CA,CA,RETA1,TRAN1,2.84,0.0,0.0,0.0,0.0,0.0
3505,CA,CA,FURNI,BIOGA,2.84,0.0,0.0,0.0,0.0,0.0
6601,CA,CA,REALE,NATU1,2.84,0.0,0.0,0.0,0.0,0.0
2334,CA,CA,ELEC2,PIGS9,2.85,0.0,0.0,0.0,0.0,0.0
4887,CA,CA,MEMBE,CHEMI,2.91,0.0,0.0,0.0,0.0,0.0
3002,CA,CA,FABRI,CONST,2.92,0.0,0.0,0.0,0.0,0.0
5983,CA,CA,POSTT,LEATH,2.92,0.0,0.0,0.0,0.0,0.0
7207,CA,CA,RUBBE,POULT,3.02,0.0,0.0,0.0,0.0,0.0
6256,CA,CA,PUBLI,HEALT,3.03,0.0,0.0,0.0,0.0,0.0
1432,CA,CA,CONST,ANIMA,3.03,0.0,0.0,0.0,0.0,0.0
4916,CA,CA,MEMBE,GASDI,3.03,0.0,0.0,0.0,0.0,0.0
2369,CA,CA,ELEC2,WHEAT,3.04,0.0,0.0,0.0,0.0,0.0
3537,CA,CA,FURNI,HEALT,3.04,0.0,0.0,0.0,0.0,0.0
2975,CA,CA,ELECT,SUPPO,3.04,0.0,0.0,0.0,0.0,0.0
2375,CA,CA,ELEC3,AIRTR,3.04,0.0,0.0,0.0,0.0,0.0
6572,CA,CA,REALE,FOUND,3.06,0.0,0.0,0.0,0.0,0.0
7255,CA,CA,SALEM,BITUM,3.06,0.0,0.0,0.0,0.0,0.0
7480,CA,CA,SEACO,INLAN,3.06,0.0,0.0,0.0,0.0,0.0
511,CA,CA,BEVER,FISH5,3.07,0.0,0.0,0.0,0.0,0.0
2291,CA,CA,ELEC2,FISH5,3.07,0.0,0.0,0.0,0.0,0.0
998,CA,CA,CEREA,MEATC,3.07,0.0,0.0,0.0,0.0,0.0
7896,CA,CA,TRAN1,COPP1,3.07,0.0,0.0,0.0,0.0,0.0
5976,CA,CA,POSTT,HYDRO,3.08,0.0,0.0,0.0,0.0,0.0
4242,CA,CA,KEROS,LUBRI,3.08,0.0,0.0,0.0,0.0,0.0
1533,CA,CA,CONST,REFI1,3.09,0.0,0.0,0.0,0.0,0.0
5113,CA,CA,MOTOR,MEATC,3.09,0.0,0.0,0.0,0.0,0.0
1545,CA,CA,CONST,SUGA1,3.09,0.0,0.0,0.0,0.0,0.0
7111,CA,CA,RETAI,PRINT,3.09,0.0,0.0,0.0,0.0,0.0
1887,CA,CA,DISTR,BRICK,3.1,0.0,0.0,0.0,0.0,0.0
2000,CA,CA,EDUCA,BEVER,3.1,0.0,0.0,0.0,0.0,0.0
6360,CA,CA,RADIO,EDUCA,3.11,0.0,0.0,0.0,0.0,0.0
4514,CA,CA,LUBRI,BUSIN,3.03,0.0,0.0,0.0,0.0,0.0
1469,CA,CA,CONST,ELEC6,3.02,0.0,0.0,0.0,0.0,0.0
5483,CA,CA,NONSP,FURNI,2.93,0.0,0.0,0.0,0.0,0.0
3668,CA,CA,GASDI,MOTO1,3.01,0.0,0.0,0.0,0.0,0.0
5356,CA,CA,NONF1,WHOLE,2.93,0.0,0.0,0.0,0.0,0.0
4539,CA,CA,LUBRI,FORES,2.93,0.0,0.0,0.0,0.0,0.0
3242,CA,CA,FISH5,LANDT,2.94,0.0,0.0,0.0,0.0,0.0
4093,CA,CA,INSUR,LEAD1,2.95,0.0,0.0,0.0,0.0,0.0
3792,CA,CA,GLASS,REALE,2.95,0.0,0.0,0.0,0.0,0.0
2803,CA,CA,ELEC6,RETA1,2.96,0.0,0.0,0.0,0.0,0.0
6879,CA,CA,RESEA,ELECT,2.96,0.0,0.0,0.0,0.0,0.0
5214,CA,CA,NFERT,BIOGA,2.96,0.0,0.0,0.0,0.0,0.0
8197,CA,CA,WHOLE,FOUND,2.96,0.0,0.0,0.0,0.0,0.0
3710,CA,CA,GASDI,SUGAR,2.97,0.0,0.0,0.0,0.0,0.0
3542,CA,CA,FURNI,KEROS,2.97,0.0,0.0,0.0,0.0,0.0
7865,CA,CA,TEXTI,WHEAT,2.97,0.0,0.0,0.0,0.0,0.0
6560,CA,CA,REALE,ELEC5,2.98,0.0,0.0,0.0,0.0,0.0
7274,CA,CA,SALEM,DIST1,2.99,0.0,0.0,0.0,0.0,0.0
1450,CA,CA,CONST,CHEMI,2.99,0.0,0.0,0.0,0.0,0.0
4038,CA,CA,INSUR,BIOGA,2.99,0.0,0.0,0.0,0.0,0.0
2287,CA,CA,ELEC2,ELECT,3.0,0.0,0.0,0.0,0.0,0.0
7130,CA,CA,RUBBE,BIODI,3.0,0.0,0.0,0.0,0.0,0.0
2188,CA,CA,ELEC1,INSUR,3.0,0.0,0.0,0.0,0.0,0.0
2718,CA,CA,ELEC5,WOODW,3.01,0.0,0.0,0.0,0.0,0.0
5207,CA,CA,NATU1,WHOLE,3.01,0.0,0.0,0.0,0.0,0.0
1251,CA,CA,CHEMI,WHOLE,3.01,0.0,0.0,0.0,0.0,0.0
3627,CA,CA,GASDI,DAIRY,3.01,0.0,0.0,0.0,0.0,0.0
6885,CA,CA,RESEA,FOOD5,2.8,0.0,0.0,0.0,0.0,0.0
4049,CA,CA,INSUR,CHEMI,2.78,0.0,0.0,0.0,0.0,0.0
6997,CA,CA,RETA1,DIST1,3.11,0.0,0.0,0.0,0.0,0.0
8068,CA,CA,VEGET,SALEM,2.54,0.0,0.0,0.0,0.0,0.0
7176,CA,CA,RUBBE,KEROS,2.5,0.0,0.0,0.0,0.0,0.0
4488,CA,CA,LEATH,WOODW,2.5,0.0,0.0,0.0,0.0,0.0
2433,CA,CA,ELEC3,MEDIC,2.51,0.0,0.0,0.0,0.0,0.0
5153,CA,CA,MOTOR,SANDC,2.52,0.0,0.0,0.0,0.0,0.0
1703,CA,CA,CRUDE,GLASS,2.52,0.0,0.0,0.0,0.0,0.0
3997,CA,CA,INLAN,MOTOR,2.53,0.0,0.0,0.0,0.0,0.0
3,CA,CA,93197,ANIMA,2.53,0.0,0.0,0.0,0.0,0.0
5412,CA,CA,NONME,HOTEL,2.53,0.0,0.0,0.0,0.0,0.0
5696,CA,CA,PAPER,SUPPO,2.53,0.0,0.0,0.0,0.0,0.0
6749,CA,CA,RECRE,RADIO,2.54,0.0,0.0,0.0,0.0,0.0
3159,CA,CA,FINAN,LUBRI,2.54,0.0,0.0,0.0,0.0,0.0
3484,CA,CA,FOUND,RUBBE,2.55,0.0,0.0,0.0,0.0,0.0
1071,CA,CA,CHEM1,ELEC3,2.78,0.0,0.0,0.0,0.0,0.0
5752,CA,CA,PETRO,NATUR,2.55,0.0,0.0,0.0,0.0,0.0
6372,CA,CA,RADIO,HOTEL,2.55,0.0,0.0,0.0,0.0,0.0
2623,CA,CA,ELEC5,CATTL,2.56,0.0,0.0,0.0,0.0,0.0
209,CA,CA,ANIMA,93197,2.56,0.0,0.0,0.0,0.0,0.0
2929,CA,CA,ELECT,EDUCA,2.56,0.0,0.0,0.0,0.0,0.0
557,CA,CA,BIODI,ELEC6,2.56,0.0,0.0,0.0,0.0,0.0
5010,CA,CA,MOTO1,HOTEL,2.56,0.0,0.0,0.0,0.0,0.0
3461,CA,CA,FOUND,LANDT,2.56,0.0,0.0,0.0,0.0,0.0
2428,CA,CA,ELEC3,MEAT1,2.56,0.0,0.0,0.0,0.0,0.0
345,CA,CA,AUXIL,PETRO,2.56,0.0,0.0,0.0,0.0,0.0
1238,CA,CA,CHEMI,RETA1,2.56,0.0,0.0,0.0,0.0,0.0
548,CA,CA,BIODI,DIST1,2.5,0.0,0.0,0.0,0.0,0.0
6144,CA,CA,PRINT,ELEC1,2.5,0.0,0.0,0.0,0.0,0.0
7873,CA,CA,TRAN1,ANIMA,2.49,0.0,0.0,0.0,0.0,0.0
1883,CA,CA,DISTR,BIOGA,2.49,0.0,0.0,0.0,0.0,0.0
7366,CA,CA,SALEM,TRAN1,2.44,0.0,0.0,0.0,0.0,0.0
3350,CA,CA,FOOD5,PULP5,2.44,0.0,0.0,0.0,0.0,0.0
2630,CA,CA,ELEC5,COKIN,2.44,0.0,0.0,0.0,0.0,0.0
5813,CA,CA,PFERT,NONSP,2.44,0.0,0.0,0.0,0.0,0.0
6304,CA,CA,PUBLI,SUPPO,2.45,0.0,0.0,0.0,0.0,0.0
533,CA,CA,BEVER,SALEM,2.45,0.0,0.0,0.0,0.0,0.0
1770,CA,CA,DAIRY,REALE,2.45,0.0,0.0,0.0,0.0,0.0
861,CA,CA,CEMEN,BRICK,2.46,0.0,0.0,0.0,0.0,0.0
6176,CA,CA,PRINT,MEDIC,2.46,0.0,0.0,0.0,0.0,0.0
5934,CA,CA,POSTT,CEMEN,2.46,0.0,0.0,0.0,0.0,0.0
1123,CA,CA,CHEM1,PFERT,2.46,0.0,0.0,0.0,0.0,0.0
6581,CA,CA,REALE,INLAN,2.46,0.0,0.0,0.0,0.0,0.0
3586,CA,CA,FURNI,STONE,2.46,0.0,0.0,0.0,0.0,0.0
6839,CA,CA,RESEA,AIRTR,2.46,0.0,0.0,0.0,0.0,0.0
7953,CA,CA,TRAN1,PREC1,2.47,0.0,0.0,0.0,0.0,0.0
495,CA,CA,BASIC,WEARI,2.47,0.0,0.0,0.0,0.0,0.0
6989,CA,CA,RETA1,COKEO,2.47,0.0,0.0,0.0,0.0,0.0
593,CA,CA,BIOG1,PAPER,2.48,0.0,0.0,0.0,0.0,0.0
5836,CA,CA,PFERT,WHOLE,2.48,0.0,0.0,0.0,0.0,0.0
2173,CA,CA,ELEC1,ELECT,2.48,0.0,0.0,0.0,0.0,0.0
1860,CA,CA,DIST1,SUBBI,2.48,0.0,0.0,0.0,0.0,0.0
8322,CA,CA,WOODW,RESEA,2.48,0.0,0.0,0.0,0.0,0.0
5407,CA,CA,NONME,GASDI,2.49,0.0,0.0,0.0,0.0,0.0
3547,CA,CA,FURNI,LIQUE,2.57,0.0,0.0,0.0,0.0,0.0
7937,CA,CA,TRAN1,NATU1,2.57,0.0,0.0,0.0,0.0,0.0
6591,CA,CA,REALE,MEAT1,2.57,0.0,0.0,0.0,0.0,0.0
470,CA,CA,BASIC,PETRO,2.69,0.0,0.0,0.0,0.0,0.0
1546,CA,CA,CONST,SUGAR,2.69,0.0,0.0,0.0,0.0,0.0
5030,CA,CA,MOTO1,RESEA,2.7,0.0,0.0,0.0,0.0,0.0
5068,CA,CA,MOTOR,COPP1,2.7,0.0,0.0,0.0,0.0,0.0
7213,CA,CA,RUBBE,RAILW,2.71,0.0,0.0,0.0,0.0,0.0
5970,CA,CA,POSTT,GASDI,2.71,0.0,0.0,0.0,0.0,0.0
6545,CA,CA,REALE,COKIN,2.73,0.0,0.0,0.0,0.0,0.0
2982,CA,CA,FABRI,93197,2.73,0.0,0.0,0.0,0.0,0.0
6539,CA,CA,REALE,CERAM,2.73,0.0,0.0,0.0,0.0,0.0
4244,CA,CA,KEROS,NAPHT,2.74,0.0,0.0,0.0,0.0,0.0
3585,CA,CA,FURNI,SANDC,2.74,0.0,0.0,0.0,0.0,0.0
3656,CA,CA,GASDI,LEAD1,2.75,0.0,0.0,0.0,0.0,0.0
920,CA,CA,CERAM,ALUM1,2.75,0.0,0.0,0.0,0.0,0.0
8151,CA,CA,WHEAT,MEAT4,2.75,0.0,0.0,0.0,0.0,0.0
3978,CA,CA,INLAN,FABRI,2.75,0.0,0.0,0.0,0.0,0.0
334,CA,CA,AUXIL,NAPHT,2.76,0.0,0.0,0.0,0.0,0.0
1326,CA,CA,COMPU,COPP1,2.76,0.0,0.0,0.0,0.0,0.0
6427,CA,CA,RAILW,DAIRY,2.76,0.0,0.0,0.0,0.0,0.0
3459,CA,CA,FOUND,HYDRO,2.76,0.0,0.0,0.0,0.0,0.0
451,CA,CA,BASIC,LEAD1,2.77,0.0,0.0,0.0,0.0,0.0
3043,CA,CA,FABRI,MOTOR,2.77,0.0,0.0,0.0,0.0,0.0
37,CA,CA,93197,MEMBE,2.78,0.0,0.0,0.0,0.0,0.0
6556,CA,CA,REALE,ELEC1,2.78,0.0,0.0,0.0,0.0,0.0
3914,CA,CA,HYDRO,COKIN,2.78,0.0,0.0,0.0,0.0,0.0
447,CA,CA,BASIC,HOTEL,2.69,0.0,0.0,0.0,0.0,0.0
2176,CA,CA,ELEC1,FISH5,2.69,0.0,0.0,0.0,0.0,0.0
5787,CA,CA,PFERT,ELEC2,2.57,0.0,0.0,0.0,0.0,0.0
1891,CA,CA,DISTR,CERAM,2.68,0.0,0.0,0.0,0.0,0.0
2889,CA,CA,ELEC7,RESEA,2.58,0.0,0.0,0.0,0.0,0.0
707,CA,CA,BUSIN,COPP1,2.58,0.0,0.0,0.0,0.0,0.0
2616,CA,CA,ELEC5,BEVER,2.58,0.0,0.0,0.0,0.0,0.0
6920,CA,CA,RESEA,NONME,2.58,0.0,0.0,0.0,0.0,0.0
4293,CA,CA,LANDT,ELEC4,2.58,0.0,0.0,0.0,0.0,0.0
2499,CA,CA,ELEC4,BIOGA,2.59,0.0,0.0,0.0,0.0,0.0
6735,CA,CA,RECRE,NONME,2.6,0.0,0.0,0.0,0.0,0.0
5003,CA,CA,MOTO1,ELECT,2.61,0.0,0.0,0.0,0.0,0.0
5968,CA,CA,POSTT,FOUND,2.62,0.0,0.0,0.0,0.0,0.0
3306,CA,CA,FOOD5,CROPS,2.62,0.0,0.0,0.0,0.0,0.0
2924,CA,CA,ELECT,COMPU,2.63,0.0,0.0,0.0,0.0,0.0
4824,CA,CA,MEDIC,EDUCA,2.63,0.0,0.0,0.0,0.0,0.0
7138,CA,CA,RUBBE,CERAM,2.64,0.0,0.0,0.0,0.0,0.0
4288,CA,CA,LANDT,DISTR,2.64,0.0,0.0,0.0,0.0,0.0
6914,CA,CA,RESEA,MOTOR,2.64,0.0,0.0,0.0,0.0,0.0
7681,CA,CA,SUPPO,BIOGA,2.64,0.0,0.0,0.0,0.0,0.0
1150,CA,CA,CHEM1,SUGAR,2.65,0.0,0.0,0.0,0.0,0.0
8034,CA,CA,VEGET,93197,2.66,0.0,0.0,0.0,0.0,0.0
4213,CA,CA,KERO1,RESEA,2.66,0.0,0.0,0.0,0.0,0.0
4598,CA,CA,LUBRI,SEACO,2.66,0.0,0.0,0.0,0.0,0.0
2069,CA,CA,EDUCA,RUBBE,2.67,0.0,0.0,0.0,0.0,0.0
3624,CA,CA,GASDI,COPP1,2.67,0.0,0.0,0.0,0.0,0.0
7596,CA,CA,STONE,WHOLE,2.68,0.0,0.0,0.0,0.0,0.0
1728,CA,CA,CRUDE,RESEA,3.11,0.0,0.0,0.0,0.0,0.0
3230,CA,CA,FISH5,BUSIN,3.12,0.0,0.0,0.0,0.0,0.0
2646,CA,CA,ELEC5,FOUND,1.52,0.0,0.0,0.0,0.0,0.0
1538,CA,CA,CONST,RUBBE,3.68,0.0,0.0,0.0,0.0,0.0
3881,CA,CA,HOTEL,LANDT,3.65,0.0,0.0,0.0,0.0,0.0
3391,CA,CA,FORES,GLASS,3.65,0.0,0.0,0.0,0.0,0.0
7045,CA,CA,RETA1,NAPHT,3.66,0.0,0.0,0.0,0.0,0.0
6873,CA,CA,RESEA,ELEC3,3.66,0.0,0.0,0.0,0.0,0.0
3464,CA,CA,FOUND,MEDIC,3.67,0.0,0.0,0.0,0.0,0.0
4214,CA,CA,KERO1,RETA1,3.67,0.0,0.0,0.0,0.0,0.0
3530,CA,CA,FURNI,FISHF,3.67,0.0,0.0,0.0,0.0,0.0
8150,CA,CA,WHEAT,MEAT1,3.67,0.0,0.0,0.0,0.0,0.0
4318,CA,CA,LANDT,KEROS,3.67,0.0,0.0,0.0,0.0,0.0
4595,CA,CA,LUBRI,RUBBE,3.68,0.0,0.0,0.0,0.0,0.0
1108,CA,CA,CHEM1,MEMBE,3.68,0.0,0.0,0.0,0.0,0.0
5000,CA,CA,MOTO1,COMPU,3.69,0.0,0.0,0.0,0.0,0.0
3468,CA,CA,FOUND,NONF1,3.52,0.0,0.0,0.0,0.0,0.0
1487,CA,CA,CONST,HYDRO,3.71,0.0,0.0,0.0,0.0,0.0
6007,CA,CA,POSTT,PFERT,3.71,0.0,0.0,0.0,0.0,0.0
6595,CA,CA,REALE,MEATP,3.71,0.0,0.0,0.0,0.0,0.0
7856,CA,CA,TEXTI,STONE,3.72,0.0,0.0,0.0,0.0,0.0
5489,CA,CA,NONSP,HOTEL,3.73,0.0,0.0,0.0,0.0,0.0
1135,CA,CA,CHEM1,REALE,3.74,0.0,0.0,0.0,0.0,0.0
3036,CA,CA,FABRI,MEAT4,3.75,0.0,0.0,0.0,0.0,0.0
762,CA,CA,BUSIN,NFERT,3.77,0.0,0.0,0.0,0.0,0.0
2450,CA,CA,ELEC3,PIGS9,3.78,0.0,0.0,0.0,0.0,0.0
6881,CA,CA,RESEA,FABRI,3.78,0.0,0.0,0.0,0.0,0.0
816,CA,CA,CATTL,BUSIN,3.78,0.0,0.0,0.0,0.0,0.0
6963,CA,CA,RESEA,WHOLE,3.64,0.0,0.0,0.0,0.0,0.0
795,CA,CA,BUSIN,SUGA1,3.64,0.0,0.0,0.0,0.0,0.0
7795,CA,CA,TEXTI,COMPU,3.63,0.0,0.0,0.0,0.0,0.0
2557,CA,CA,ELEC4,NATU1,3.63,0.0,0.0,0.0,0.0,0.0
4867,CA,CA,MEDIC,WEARI,3.53,0.0,0.0,0.0,0.0,0.0
6617,CA,CA,REALE,PREC1,3.53,0.0,0.0,0.0,0.0,0.0
324,CA,CA,AUXIL,LUBRI,3.53,0.0,0.0,0.0,0.0,0.0
3495,CA,CA,FOUND,WOODW,3.53,0.0,0.0,0.0,0.0,0.0
7564,CA,CA,STONE,LIQUE,3.53,0.0,0.0,0.0,0.0,0.0
7994,CA,CA,TRANS,COKIN,3.53,0.0,0.0,0.0,0.0,0.0
1032,CA,CA,CEREA,WHOLE,3.54,0.0,0.0,0.0,0.0,0.0
7333,CA,CA,SALEM,PETRO,3.54,0.0,0.0,0.0,0.0,0.0
1693,CA,CA,CRUDE,COMPU,3.56,0.0,0.0,0.0,0.0,0.0
4015,CA,CA,INLAN,RUBBE,3.56,0.0,0.0,0.0,0.0,0.0
3691,CA,CA,GASDI,PULP5,3.56,0.0,0.0,0.0,0.0,0.0
1673,CA,CA,CROPS,SALEM,3.58,0.0,0.0,0.0,0.0,0.0
3848,CA,CA,HEALT,REALE,3.58,0.0,0.0,0.0,0.0,0.0
6134,CA,CA,PRINT,CHEM1,3.58,0.0,0.0,0.0,0.0,0.0
2786,CA,CA,ELEC6,PAPER,3.58,0.0,0.0,0.0,0.0,0.0
5863,CA,CA,PIGS9,POULT,3.59,0.0,0.0,0.0,0.0,0.0
2986,CA,CA,FABRI,AUXIL,3.61,0.0,0.0,0.0,0.0,0.0
7208,CA,CA,RUBBE,PREC1,3.61,0.0,0.0,0.0,0.0,0.0
1613,CA,CA,COPP1,RUBBE,3.61,0.0,0.0,0.0,0.0,0.0
2531,CA,CA,ELEC4,GASDI,3.62,0.0,0.0,0.0,0.0,0.0
7846,CA,CA,TEXTI,REALE,3.62,0.0,0.0,0.0,0.0,0.0
6843,CA,CA,RESEA,BASIC,3.63,0.0,0.0,0.0,0.0,0.0
7454,CA,CA,SEACO,AUXIL,3.63,0.0,0.0,0.0,0.0,0.0
3981,CA,CA,INLAN,FOOD5,3.79,0.0,0.0,0.0,0.0,0.0
2411,CA,CA,ELEC3,FOUND,3.79,0.0,0.0,0.0,0.0,0.0
2403,CA,CA,ELEC3,ELECT,3.8,0.0,0.0,0.0,0.0,0.0
8288,CA,CA,WOODW,LEAD1,3.91,0.0,0.0,0.0,0.0,0.0
2367,CA,CA,ELEC2,VEGET,3.93,0.0,0.0,0.0,0.0,0.0
2247,CA,CA,ELEC1,TRANS,3.93,0.0,0.0,0.0,0.0,0.0
5196,CA,CA,NATU1,PETRO,3.93,0.0,0.0,0.0,0.0,0.0
3200,CA,CA,FINAN,RETAI,3.94,0.0,0.0,0.0,0.0,0.0
7812,CA,CA,TEXTI,FOOD5,3.94,0.0,0.0,0.0,0.0,0.0
8312,CA,CA,WOODW,PREC1,3.94,0.0,0.0,0.0,0.0,0.0
4351,CA,CA,LANDT,PREC1,3.94,0.0,0.0,0.0,0.0,0.0
3104,CA,CA,FINAN,BRICK,3.95,0.0,0.0,0.0,0.0,0.0
2324,CA,CA,ELEC2,NFERT,3.95,0.0,0.0,0.0,0.0,0.0
1586,CA,CA,COPP1,GLASS,3.95,0.0,0.0,0.0,0.0,0.0
4079,CA,CA,INSUR,FOUND,3.96,0.0,0.0,0.0,0.0,0.0
745,CA,CA,BUSIN,LEAD1,3.96,0.0,0.0,0.0,0.0,0.0
3806,CA,CA,GLASS,WEARI,3.96,0.0,0.0,0.0,0.0,0.0
4375,CA,CA,LANDT,TOBAC,3.96,0.0,0.0,0.0,0.0,0.0
2959,CA,CA,ELECT,NONME,3.97,0.0,0.0,0.0,0.0,0.0
3962,CA,CA,INLAN,ANIMA,3.98,0.0,0.0,0.0,0.0,0.0
3747,CA,CA,GLASS,BIOGA,3.99,0.0,0.0,0.0,0.0,0.0
4018,CA,CA,INLAN,SEACO,3.99,0.0,0.0,0.0,0.0,0.0
8284,CA,CA,WOODW,HOTEL,3.99,0.0,0.0,0.0,0.0,0.0
6820,CA,CA,REFIN,GASDI,4.0,0.0,0.0,0.0,0.0,0.0
5806,CA,CA,PFERT,MEAT4,4.02,0.0,0.0,0.0,0.0,0.0
4609,CA,CA,LUBRI,WHEAT,4.02,0.0,0.0,0.0,0.0,0.0
3444,CA,CA,FOUND,CHEM1,4.02,0.0,0.0,0.0,0.0,0.0
5609,CA,CA,PAPER,BIOGA,3.92,0.0,0.0,0.0,0.0,0.0
3381,CA,CA,FORES,COKIN,3.91,0.0,0.0,0.0,0.0,0.0
7922,CA,CA,TRAN1,LEAD1,3.8,0.0,0.0,0.0,0.0,0.0
3857,CA,CA,HEALT,WOOLS,3.9,0.0,0.0,0.0,0.0,0.0
1182,CA,CA,CHEMI,CONST,3.8,0.0,0.0,0.0,0.0,0.0
7816,CA,CA,TEXTI,GLASS,3.8,0.0,0.0,0.0,0.0,0.0
4992,CA,CA,MOTO1,AUXIL,3.8,0.0,0.0,0.0,0.0,0.0
2963,CA,CA,ELECT,PRINT,3.81,0.0,0.0,0.0,0.0,0.0
2574,CA,CA,ELEC4,PREC1,3.82,0.0,0.0,0.0,0.0,0.0
7946,CA,CA,TRAN1,PAPER,3.83,0.0,0.0,0.0,0.0,0.0
4641,CA,CA,MEAT1,SALEM,3.83,0.0,0.0,0.0,0.0,0.0
2526,CA,CA,ELEC4,FISHF,3.83,0.0,0.0,0.0,0.0,0.0
1622,CA,CA,COPP1,WHOLE,3.84,0.0,0.0,0.0,0.0,0.0
6313,CA,CA,PUBLI,WOODW,3.85,0.0,0.0,0.0,0.0,0.0
2407,CA,CA,ELEC3,FISH5,3.86,0.0,0.0,0.0,0.0,0.0
6505,CA,CA,RAWMI,MEAT4,3.86,0.0,0.0,0.0,0.0,0.0
7711,CA,CA,SUPPO,GLASS,3.87,0.0,0.0,0.0,0.0,0.0
4192,CA,CA,KERO1,HEALT,3.87,0.0,0.0,0.0,0.0,0.0
1122,CA,CA,CHEM1,PETRO,3.88,0.0,0.0,0.0,0.0,0.0
1984,CA,CA,DISTR,TOBAC,3.89,0.0,0.0,0.0,0.0,0.0
4287,CA,CA,LANDT,DIST1,3.89,0.0,0.0,0.0,0.0,0.0
6732,CA,CA,RECRE,NATUR,3.89,0.0,0.0,0.0,0.0,0.0
951,CA,CA,CERAM,RETA1,3.9,0.0,0.0,0.0,0.0,0.0
196,CA,CA,ALUM1,RETA1,3.9,0.0,0.0,0.0,0.0,0.0
4046,CA,CA,INSUR,CERAM,3.9,0.0,0.0,0.0,0.0,0.0
5682,CA,CA,PAPER,REALE,3.9,0.0,0.0,0.0,0.0,0.0
2259,CA,CA,ELEC2,AUXIL,3.9,0.0,0.0,0.0,0.0,0.0
6088,CA,CA,PREC1,HEALT,3.52,0.0,0.0,0.0,0.0,0.0
2811,CA,CA,ELEC6,TEXTI,3.52,0.0,0.0,0.0,0.0,0.0
4679,CA,CA,MEAT4,MEAT1,3.12,0.0,0.0,0.0,0.0,0.0
7525,CA,CA,SEACO,WEARI,3.26,0.0,0.0,0.0,0.0,0.0
6459,CA,CA,RAILW,NONME,3.23,0.0,0.0,0.0,0.0,0.0
5675,CA,CA,PAPER,POSTT,3.23,0.0,0.0,0.0,0.0,0.0
1757,CA,CA,DAIRY,FURNI,3.23,0.0,0.0,0.0,0.0,0.0
7107,CA,CA,RETAI,FURNI,3.23,0.0,0.0,0.0,0.0,0.0
6158,CA,CA,PRINT,FURNI,3.24,0.0,0.0,0.0,0.0,0.0
5600,CA,CA,PAPER,93197,3.24,0.0,0.0,0.0,0.0,0.0
6145,CA,CA,PRINT,ELEC2,3.24,0.0,0.0,0.0,0.0,0.0
6408,CA,CA,RADIO,WOODW,3.25,0.0,0.0,0.0,0.0,0.0
7557,CA,CA,STONE,HEAVY,3.25,0.0,0.0,0.0,0.0,0.0
2640,CA,CA,ELEC5,FABRI,3.25,0.0,0.0,0.0,0.0,0.0
3382,CA,CA,FORES,COMPU,3.25,0.0,0.0,0.0,0.0,0.0
6383,CA,CA,RADIO,NONME,3.26,0.0,0.0,0.0,0.0,0.0
3425,CA,CA,FORES,SUPPO,3.51,0.0,0.0,0.0,0.0,0.0
788,CA,CA,BUSIN,RESEA,3.26,0.0,0.0,0.0,0.0,0.0
5334,CA,CA,NONF1,PREC1,3.26,0.0,0.0,0.0,0.0,0.0
4392,CA,CA,LEAD1,BIODI,3.26,0.0,0.0,0.0,0.0,0.0
2337,CA,CA,ELEC2,POULT,3.27,0.0,0.0,0.0,0.0,0.0
4959,CA,CA,MEMBE,PULP5,3.27,0.0,0.0,0.0,0.0,0.0
2983,CA,CA,FABRI,AIRTR,3.28,0.0,0.0,0.0,0.0,0.0
7315,CA,CA,SALEM,MEATA,3.29,0.0,0.0,0.0,0.0,0.0
1606,CA,CA,COPP1,RADIO,3.3,0.0,0.0,0.0,0.0,0.0
6702,CA,CA,RECRE,FORES,3.3,0.0,0.0,0.0,0.0,0.0
8129,CA,CA,WHEAT,BEVER,3.31,0.0,0.0,0.0,0.0,0.0
2342,CA,CA,ELEC2,RADIO,3.31,0.0,0.0,0.0,0.0,0.0
7174,CA,CA,RUBBE,INLAN,3.23,0.0,0.0,0.0,0.0,0.0
2503,CA,CA,ELEC4,BRICK,3.22,0.0,0.0,0.0,0.0,0.0
466,CA,CA,BASIC,NONSP,3.22,0.0,0.0,0.0,0.0,0.0
5455,CA,CA,NONME,WHOLE,3.22,0.0,0.0,0.0,0.0,0.0
3045,CA,CA,FABRI,NATU1,3.12,0.0,0.0,0.0,0.0,0.0
1144,CA,CA,CHEM1,SANDC,3.13,0.0,0.0,0.0,0.0,0.0
966,CA,CA,CEREA,BIODI,3.13,0.0,0.0,0.0,0.0,0.0
6392,CA,CA,RADIO,REALE,3.15,0.0,0.0,0.0,0.0,0.0
7694,CA,CA,SUPPO,CROPS,3.15,0.0,0.0,0.0,0.0,0.0
8262,CA,CA,WOODW,COPP1,3.16,0.0,0.0,0.0,0.0,0.0
4862,CA,CA,MEDIC,SEACO,3.17,0.0,0.0,0.0,0.0,0.0
5601,CA,CA,PAPER,AIRTR,3.17,0.0,0.0,0.0,0.0,0.0
7402,CA,CA,SANDC,FOUND,3.18,0.0,0.0,0.0,0.0,0.0
1057,CA,CA,CHEM1,COKEO,3.18,0.0,0.0,0.0,0.0,0.0
5158,CA,CA,MOTOR,SUGAR,3.18,0.0,0.0,0.0,0.0,0.0
1036,CA,CA,CHEM1,AIRTR,3.18,0.0,0.0,0.0,0.0,0.0
7563,CA,CA,STONE,LEAD1,3.18,0.0,0.0,0.0,0.0,0.0
7509,CA,CA,SEACO,REALE,3.19,0.0,0.0,0.0,0.0,0.0
1399,CA,CA,COMPU,RADIO,3.19,0.0,0.0,0.0,0.0,0.0
5424,CA,CA,NONME,MOTOR,3.19,0.0,0.0,0.0,0.0,0.0
6363,CA,CA,RADIO,FABRI,3.2,0.0,0.0,0.0,0.0,0.0
2748,CA,CA,ELEC6,EDUCA,3.21,0.0,0.0,0.0,0.0,0.0
1074,CA,CA,CHEM1,ELEC6,3.21,0.0,0.0,0.0,0.0,0.0
7977,CA,CA,TRAN1,TOBAC,3.21,0.0,0.0,0.0,0.0,0.0
4896,CA,CA,MEMBE,DISTR,3.22,0.0,0.0,0.0,0.0,0.0
2654,CA,CA,ELEC5,INSUR,3.22,0.0,0.0,0.0,0.0,0.0
3304,CA,CA,FOOD5,COMPU,3.22,0.0,0.0,0.0,0.0,0.0
2956,CA,CA,ELECT,NATU1,3.32,0.0,0.0,0.0,0.0,0.0
1354,CA,CA,COMPU,GLASS,3.32,0.0,0.0,0.0,0.0,0.0
4354,CA,CA,LANDT,PULP5,3.32,0.0,0.0,0.0,0.0,0.0
5578,CA,CA,OILSE,LANDT,3.42,0.0,0.0,0.0,0.0,0.0
431,CA,CA,BASIC,COMPU,3.43,0.0,0.0,0.0,0.0,0.0
3979,CA,CA,INLAN,FISH5,3.43,0.0,0.0,0.0,0.0,0.0
7237,CA,CA,RUBBE,VEGET,3.43,0.0,0.0,0.0,0.0,0.0
24,CA,CA,93197,FOOD5,3.44,0.0,0.0,0.0,0.0,0.0
5546,CA,CA,OFFIC,ELEC3,3.44,0.0,0.0,0.0,0.0,0.0
6487,CA,CA,RAILW,WEARI,3.44,0.0,0.0,0.0,0.0,0.0
5065,CA,CA,MOTOR,COKIN,3.44,0.0,0.0,0.0,0.0,0.0
4334,CA,CA,LANDT,NATU1,3.44,0.0,0.0,0.0,0.0,0.0
4550,CA,CA,LUBRI,INSUR,3.44,0.0,0.0,0.0,0.0,0.0
2754,CA,CA,ELEC6,FOOD5,3.44,0.0,0.0,0.0,0.0,0.0
7322,CA,CA,SALEM,NAPHT,3.45,0.0,0.0,0.0,0.0,0.0
7056,CA,CA,RETA1,PETRO,3.47,0.0,0.0,0.0,0.0,0.0
7410,CA,CA,SANDC,HYDRO,3.47,0.0,0.0,0.0,0.0,0.0
6136,CA,CA,PRINT,COMPU,3.47,0.0,0.0,0.0,0.0,0.0
5020,CA,CA,MOTO1,NATUR,3.47,0.0,0.0,0.0,0.0,0.0
5738,CA,CA,PETRO,GLASS,3.48,0.0,0.0,0.0,0.0,0.0
1424,CA,CA,COMPU,WEARI,3.48,0.0,0.0,0.0,0.0,0.0
4371,CA,CA,LANDT,SUGA1,3.48,0.0,0.0,0.0,0.0,0.0
7139,CA,CA,RUBBE,CEREA,3.48,0.0,0.0,0.0,0.0,0.0
1943,CA,CA,DISTR,NATU1,3.49,0.0,0.0,0.0,0.0,0.0
5073,CA,CA,MOTOR,DISTR,3.5,0.0,0.0,0.0,0.0,0.0
5490,CA,CA,NONSP,INSUR,3.51,0.0,0.0,0.0,0.0,0.0
476,CA,CA,BASIC,PULP5,3.51,0.0,0.0,0.0,0.0,0.0
4518,CA,CA,LUBRI,CEREA,3.42,0.0,0.0,0.0,0.0,0.0
2329,CA,CA,ELEC2,OFFIC,3.41,0.0,0.0,0.0,0.0,0.0
7145,CA,CA,RUBBE,COPP1,3.32,0.0,0.0,0.0,0.0,0.0
3863,CA,CA,HOTEL,BEVER,3.39,0.0,0.0,0.0,0.0,0.0
5363,CA,CA,NONFE,ELEC2,3.32,0.0,0.0,0.0,0.0,0.0
3942,CA,CA,HYDRO,NONME,3.32,0.0,0.0,0.0,0.0,0.0
3666,CA,CA,GASDI,MEDIC,3.32,0.0,0.0,0.0,0.0,0.0
4901,CA,CA,MEMBE,ELEC4,3.32,0.0,0.0,0.0,0.0,0.0
3836,CA,CA,HEALT,MEATC,3.32,0.0,0.0,0.0,0.0,0.0
5779,CA,CA,PFERT,COMPU,3.32,0.0,0.0,0.0,0.0,0.0
3014,CA,CA,FABRI,FISHF,3.32,0.0,0.0,0.0,0.0,0.0
5370,CA,CA,NONFE,NONME,3.33,0.0,0.0,0.0,0.0,0.0
5083,CA,CA,MOTOR,ELECT,3.33,0.0,0.0,0.0,0.0,0.0
635,CA,CA,BIOGA,ELEC8,3.33,0.0,0.0,0.0,0.0,0.0
5038,CA,CA,MOTO1,TEXTI,3.33,0.0,0.0,0.0,0.0,0.0
5945,CA,CA,POSTT,CROPS,3.34,0.0,0.0,0.0,0.0,0.0
6316,CA,CA,PULP5,BUSIN,3.34,0.0,0.0,0.0,0.0,0.0
3000,CA,CA,FABRI,COKIN,3.35,0.0,0.0,0.0,0.0,0.0
5007,CA,CA,MOTO1,FURNI,3.35,0.0,0.0,0.0,0.0,0.0
691,CA,CA,BUSIN,BITU1,3.35,0.0,0.0,0.0,0.0,0.0
5956,CA,CA,POSTT,ELEC5,3.35,0.0,0.0,0.0,0.0,0.0
3305,CA,CA,FOOD5,COPP1,3.36,0.0,0.0,0.0,0.0,0.0
7657,CA,CA,SUGAR,FOOD5,3.37,0.0,0.0,0.0,0.0,0.0
1729,CA,CA,CRUDE,RETA1,3.38,0.0,0.0,0.0,0.0,0.0
2669,CA,CA,ELEC5,MOTO1,3.39,0.0,0.0,0.0,0.0,0.0
4631,CA,CA,MEAT1,MEAT4,3.39,0.0,0.0,0.0,0.0,0.0
3456,CA,CA,FOUND,GLASS,3.39,0.0,0.0,0.0,0.0,0.0
6953,CA,CA,RESEA,TEXTI,2.44,0.0,0.0,0.0,0.0,0.0
6113,CA,CA,PRECI,ELEC5,2.44,0.0,0.0,0.0,0.0,0.0
3085,CA,CA,FABRI,WHEAT,2.43,0.0,0.0,0.0,0.0,0.0
4025,CA,CA,INLAN,WEARI,1.78,0.0,0.0,0.0,0.0,0.0
702,CA,CA,BUSIN,COKE1,1.76,0.0,0.0,0.0,0.0,0.0
1493,CA,CA,CONST,LEATH,1.76,0.0,0.0,0.0,0.0,0.0
864,CA,CA,CEMEN,CERAM,1.76,0.0,0.0,0.0,0.0,0.0
559,CA,CA,BIODI,ELEC8,1.76,0.0,0.0,0.0,0.0,0.0
3272,CA,CA,FISHF,HOTEL,1.76,0.0,0.0,0.0,0.0,0.0
2397,CA,CA,ELEC3,COPP1,1.76,0.0,0.0,0.0,0.0,0.0
5684,CA,CA,PAPER,REFI1,1.77,0.0,0.0,0.0,0.0,0.0
4442,CA,CA,LEAD1,WHOLE,1.77,0.0,0.0,0.0,0.0,0.0
7476,CA,CA,SEACO,GASDI,1.77,0.0,0.0,0.0,0.0,0.0
4248,CA,CA,KEROS,POSTT,1.77,0.0,0.0,0.0,0.0,0.0
92,CA,CA,AIRTR,FOOD5,1.78,0.0,0.0,0.0,0.0,0.0
4729,CA,CA,MEATA,MEATC,1.78,0.0,0.0,0.0,0.0,0.0
3563,CA,CA,FURNI,NONSP,1.7,0.0,0.0,0.0,0.0,0.0
8199,CA,CA,WHOLE,GASDI,1.78,0.0,0.0,0.0,0.0,0.0
4882,CA,CA,MEMBE,CATTL,1.78,0.0,0.0,0.0,0.0,0.0
1374,CA,CA,COMPU,MEDIC,1.79,0.0,0.0,0.0,0.0,0.0
7538,CA,CA,STONE,BITU1,1.79,0.0,0.0,0.0,0.0,0.0
4883,CA,CA,MEMBE,CEMEN,1.79,0.0,0.0,0.0,0.0,0.0
6917,CA,CA,RESEA,NATUR,1.79,0.0,0.0,0.0,0.0,0.0
5603,CA,CA,PAPER,ANIMA,1.79,0.0,0.0,0.0,0.0,0.0
410,CA,CA,AVIAT,TRANS,1.79,0.0,0.0,0.0,0.0,0.0
5904,CA,CA,PLAST,DISTR,1.79,0.0,0.0,0.0,0.0,0.0
2308,CA,CA,ELEC2,LEATH,1.8,0.0,0.0,0.0,0.0,0.0
7437,CA,CA,SANDC,REFI1,1.8,0.0,0.0,0.0,0.0,0.0
5120,CA,CA,MOTOR,NATU1,1.76,0.0,0.0,0.0,0.0,0.0
264,CA,CA,AUXIL,BIOG1,1.75,0.0,0.0,0.0,0.0,0.0
4182,CA,CA,KERO1,EDUCA,1.75,0.0,0.0,0.0,0.0,0.0
3412,CA,CA,FORES,RAILW,1.75,0.0,0.0,0.0,0.0,0.0
8043,CA,CA,VEGET,COMPU,1.7,0.0,0.0,0.0,0.0,0.0
6529,CA,CA,REALE,BIODI,1.7,0.0,0.0,0.0,0.0,0.0
4590,CA,CA,LUBRI,REFI1,1.71,0.0,0.0,0.0,0.0,0.0
482,CA,CA,BASIC,RESEA,1.71,0.0,0.0,0.0,0.0,0.0
7136,CA,CA,RUBBE,CATTL,1.71,0.0,0.0,0.0,0.0,0.0
6620,CA,CA,REALE,PULP5,1.71,0.0,0.0,0.0,0.0,0.0
4973,CA,CA,MEMBE,SEACO,1.71,0.0,0.0,0.0,0.0,0.0
3345,CA,CA,FOOD5,PFERT,1.71,0.0,0.0,0.0,0.0,0.0
3831,CA,CA,HEALT,HOTEL,1.72,0.0,0.0,0.0,0.0,0.0
2985,CA,CA,FABRI,ANIMA,1.72,0.0,0.0,0.0,0.0,0.0
3208,CA,CA,FINAN,SUGAR,1.72,0.0,0.0,0.0,0.0,0.0
2687,CA,CA,ELEC5,POULT,1.72,0.0,0.0,0.0,0.0,0.0
5341,CA,CA,NONF1,REFI1,1.72,0.0,0.0,0.0,0.0,0.0
5450,CA,CA,NONME,SUPPO,1.73,0.0,0.0,0.0,0.0,0.0
1341,CA,CA,COMPU,ELEC8,1.73,0.0,0.0,0.0,0.0,0.0
430,CA,CA,BASIC,COKIN,1.73,0.0,0.0,0.0,0.0,0.0
130,CA,CA,AIRTR,SALEM,1.74,0.0,0.0,0.0,0.0,0.0
3368,CA,CA,FOOD5,WHEAT,1.74,0.0,0.0,0.0,0.0,0.0
1807,CA,CA,DIST1,DIST1,1.74,0.0,0.0,0.0,0.0,0.0
7197,CA,CA,RUBBE,NONSP,1.74,0.0,0.0,0.0,0.0,0.0
5965,CA,CA,POSTT,FISHF,1.74,0.0,0.0,0.0,0.0,0.0
749,CA,CA,BUSIN,LUBRI,1.74,0.0,0.0,0.0,0.0,0.0
890,CA,CA,CEMEN,NATU1,1.75,0.0,0.0,0.0,0.0,0.0
1881,CA,CA,DISTR,BIODI,1.8,0.0,0.0,0.0,0.0,0.0
5622,CA,CA,PAPER,CROPS,1.8,0.0,0.0,0.0,0.0,0.0
3714,CA,CA,GASDI,TRANS,1.8,0.0,0.0,0.0,0.0,0.0
5072,CA,CA,MOTOR,DIST1,1.86,0.0,0.0,0.0,0.0,0.0
5248,CA,CA,NFERT,NONME,1.86,0.0,0.0,0.0,0.0,0.0
897,CA,CA,CEMEN,PAPER,1.86,0.0,0.0,0.0,0.0,0.0
8017,CA,CA,TRANS,RESEA,1.86,0.0,0.0,0.0,0.0,0.0
66,CA,CA,AIRTR,ANIMA,1.87,0.0,0.0,0.0,0.0,0.0
612,CA,CA,BIOGA,93197,1.87,0.0,0.0,0.0,0.0,0.0
2498,CA,CA,ELEC4,BIODI,1.87,0.0,0.0,0.0,0.0,0.0
8005,CA,CA,TRANS,LANDT,1.87,0.0,0.0,0.0,0.0,0.0
7279,CA,CA,SALEM,ELEC2,1.87,0.0,0.0,0.0,0.0,0.0
2029,CA,CA,EDUCA,FURNI,1.87,0.0,0.0,0.0,0.0,0.0
5841,CA,CA,PIGS9,BUSIN,1.87,0.0,0.0,0.0,0.0,0.0
663,CA,CA,BLAST,FOUND,1.87,0.0,0.0,0.0,0.0,0.0
3357,CA,CA,FOOD5,RESEA,1.87,0.0,0.0,0.0,0.0,0.0
445,CA,CA,BASIC,GLASS,1.87,0.0,0.0,0.0,0.0,0.0
7104,CA,CA,RETAI,BUSIN,1.88,0.0,0.0,0.0,0.0,0.0
3019,CA,CA,FABRI,GASDI,1.88,0.0,0.0,0.0,0.0,0.0
7981,CA,CA,TRAN1,VEGE1,1.88,0.0,0.0,0.0,0.0,0.0
2317,CA,CA,ELEC2,MEDIC,1.89,0.0,0.0,0.0,0.0,0.0
6492,CA,CA,RAWMI,BEVER,1.89,0.0,0.0,0.0,0.0,0.0
322,CA,CA,AUXIL,LIGNI,1.89,0.0,0.0,0.0,0.0,0.0
6358,CA,CA,RADIO,COPP1,1.89,0.0,0.0,0.0,0.0,0.0
4948,CA,CA,MEMBE,OILSE,1.89,0.0,0.0,0.0,0.0,0.0
3688,CA,CA,GASDI,PREC1,1.9,0.0,0.0,0.0,0.0,0.0
6741,CA,CA,RECRE,PFERT,1.9,0.0,0.0,0.0,0.0,0.0
6437,CA,CA,RAILW,GASDI,1.86,0.0,0.0,0.0,0.0,0.0
7217,CA,CA,RUBBE,REFI1,1.86,0.0,0.0,0.0,0.0,0.0
2715,CA,CA,ELEC5,WEARI,1.81,0.0,0.0,0.0,0.0,0.0
4735,CA,CA,MEATA,SALEM,1.86,0.0,0.0,0.0,0.0,0.0
2732,CA,CA,ELEC6,BUSIN,1.81,0.0,0.0,0.0,0.0,0.0
1271,CA,CA,COKEO,NATUR,1.81,0.0,0.0,0.0,0.0,0.0
3790,CA,CA,GLASS,RADIO,1.82,0.0,0.0,0.0,0.0,0.0
4552,CA,CA,LUBRI,KEROS,1.82,0.0,0.0,0.0,0.0,0.0
4659,CA,CA,MEAT4,BUSIN,1.82,0.0,0.0,0.0,0.0,0.0
3868,CA,CA,HOTEL,CONST,1.82,0.0,0.0,0.0,0.0,0.0
3517,CA,CA,FURNI,COMPU,1.83,0.0,0.0,0.0,0.0,0.0
7413,CA,CA,SANDC,KEROS,1.83,0.0,0.0,0.0,0.0,0.0
1062,CA,CA,CHEM1,CROPS,1.83,0.0,0.0,0.0,0.0,0.0
6945,CA,CA,RESEA,SALEM,1.83,0.0,0.0,0.0,0.0,0.0
7879,CA,CA,TRAN1,BIOGA,1.83,0.0,0.0,0.0,0.0,0.0
2196,CA,CA,ELEC1,MEAT1,1.83,0.0,0.0,0.0,0.0,0.0
3387,CA,CA,FORES,ELEC7,1.84,0.0,0.0,0.0,0.0,0.0
5255,CA,CA,NFERT,PULP5,1.84,0.0,0.0,0.0,0.0,0.0
1284,CA,CA,COKIN,FURNI,1.84,0.0,0.0,0.0,0.0,0.0
3384,CA,CA,FORES,CROPS,1.84,0.0,0.0,0.0,0.0,0.0
1249,CA,CA,CHEMI,WEARI,1.84,0.0,0.0,0.0,0.0,0.0
1139,CA,CA,CHEM1,RESEA,1.84,0.0,0.0,0.0,0.0,0.0
1495,CA,CA,CONST,LIQUE,1.84,0.0,0.0,0.0,0.0,0.0
3132,CA,CA,FINAN,ELEC8,1.85,0.0,0.0,0.0,0.0,0.0
1073,CA,CA,CHEM1,ELEC5,1.85,0.0,0.0,0.0,0.0,0.0
7726,CA,CA,SUPPO,MEAT4,1.85,0.0,0.0,0.0,0.0,0.0
2724,CA,CA,ELEC6,BASIC,1.85,0.0,0.0,0.0,0.0,0.0
3811,CA,CA,HEALT,AIRTR,1.7,0.0,0.0,0.0,0.0,0.0
6331,CA,CA,PULP5,PRINT,1.7,0.0,0.0,0.0,0.0,0.0
6728,CA,CA,RECRE,MOTO1,2.42,0.0,0.0,0.0,0.0,0.0
248,CA,CA,ANIMA,SALEM,1.58,0.0,0.0,0.0,0.0,0.0
4422,CA,CA,LEAD1,PETRO,1.56,0.0,0.0,0.0,0.0,0.0
8295,CA,CA,WOODW,MEATC,1.56,0.0,0.0,0.0,0.0,0.0
278,CA,CA,AUXIL,COKEO,1.57,0.0,0.0,0.0,0.0,0.0
5045,CA,CA,MOTOR,ALUM1,1.57,0.0,0.0,0.0,0.0,0.0
6400,CA,CA,RADIO,SANDC,1.57,0.0,0.0,0.0,0.0,0.0
6794,CA,CA,REFI1,LANDT,1.57,0.0,0.0,0.0,0.0,0.0
3373,CA,CA,FORES,AIRTR,1.57,0.0,0.0,0.0,0.0,0.0
4894,CA,CA,MEMBE,DAIRY,1.58,0.0,0.0,0.0,0.0,0.0
3362,CA,CA,FOOD5,SUGA1,1.58,0.0,0.0,0.0,0.0,0.0
83,CA,CA,AIRTR,ELEC4,1.58,0.0,0.0,0.0,0.0,0.0
5223,CA,CA,NFERT,DIST1,1.58,0.0,0.0,0.0,0.0,0.0
2519,CA,CA,ELEC4,DIST1,1.59,0.0,0.0,0.0,0.0,0.0
5829,CA,CA,PFERT,SUGAR,1.7,0.0,0.0,0.0,0.0,0.0
6778,CA,CA,RECRE,WOODW,1.59,0.0,0.0,0.0,0.0,0.0
7327,CA,CA,SALEM,NONFE,1.59,0.0,0.0,0.0,0.0,0.0
7353,CA,CA,SALEM,RETAI,1.59,0.0,0.0,0.0,0.0,0.0
1308,CA,CA,COMPU,BIOG1,1.59,0.0,0.0,0.0,0.0,0.0
2436,CA,CA,ELEC3,MOTOR,1.6,0.0,0.0,0.0,0.0,0.0
7466,CA,CA,SEACO,CROPS,1.6,0.0,0.0,0.0,0.0,0.0
2716,CA,CA,ELEC5,WHEAT,1.6,0.0,0.0,0.0,0.0,0.0
7797,CA,CA,TEXTI,COPP1,1.6,0.0,0.0,0.0,0.0,0.0
6081,CA,CA,PREC1,CHEM1,1.6,0.0,0.0,0.0,0.0,0.0
4010,CA,CA,INLAN,REALE,1.6,0.0,0.0,0.0,0.0,0.0
4223,CA,CA,KERO1,WHOLE,1.6,0.0,0.0,0.0,0.0,0.0
4114,CA,CA,INSUR,NONSP,1.56,0.0,0.0,0.0,0.0,0.0
2018,CA,CA,EDUCA,ELEC3,1.56,0.0,0.0,0.0,0.0,0.0
414,CA,CA,BASIC,ALUM1,1.55,0.0,0.0,0.0,0.0,0.0
4125,CA,CA,INSUR,PREC1,1.55,0.0,0.0,0.0,0.0,0.0
899,CA,CA,CEMEN,PREC1,1.52,0.0,0.0,0.0,0.0,0.0
504,CA,CA,BEVER,CEREA,1.52,0.0,0.0,0.0,0.0,0.0
8228,CA,CA,WHOLE,RESEA,1.52,0.0,0.0,0.0,0.0,0.0
6,CA,CA,93197,BEVER,1.52,0.0,0.0,0.0,0.0,0.0
2294,CA,CA,ELEC2,FORES,1.52,0.0,0.0,0.0,0.0,0.0
514,CA,CA,BEVER,FORES,1.52,0.0,0.0,0.0,0.0,0.0
647,CA,CA,BIOGA,POSTT,1.53,0.0,0.0,0.0,0.0,0.0
3280,CA,CA,FISHF,RESEA,1.53,0.0,0.0,0.0,0.0,0.0
8160,CA,CA,WHEAT,POULT,1.53,0.0,0.0,0.0,0.0,0.0
7958,CA,CA,TRAN1,RAILW,1.53,0.0,0.0,0.0,0.0,0.0
601,CA,CA,BIOG1,RESEA,1.53,0.0,0.0,0.0,0.0,0.0
6911,CA,CA,RESEA,MEDIC,1.54,0.0,0.0,0.0,0.0,0.0
2318,CA,CA,ELEC2,MEMBE,1.54,0.0,0.0,0.0,0.0,0.0
3341,CA,CA,FOOD5,NONSP,1.54,0.0,0.0,0.0,0.0,0.0
3506,CA,CA,FURNI,BITU1,1.54,0.0,0.0,0.0,0.0,0.0
870,CA,CA,CEMEN,COPP1,1.54,0.0,0.0,0.0,0.0,0.0
5387,CA,CA,NONME,CHEM1,1.54,0.0,0.0,0.0,0.0,0.0
4367,CA,CA,LANDT,SANDC,1.54,0.0,0.0,0.0,0.0,0.0
2431,CA,CA,ELEC3,MEATC,1.54,0.0,0.0,0.0,0.0,0.0
7134,CA,CA,RUBBE,BRICK,1.55,0.0,0.0,0.0,0.0,0.0
4928,CA,CA,MEMBE,LEATH,1.55,0.0,0.0,0.0,0.0,0.0
1565,CA,CA,COPP1,BASIC,1.55,0.0,0.0,0.0,0.0,0.0
7524,CA,CA,SEACO,TRANS,1.55,0.0,0.0,0.0,0.0,0.0
6805,CA,CA,REFI1,REFIN,1.6,0.0,0.0,0.0,0.0,0.0
4962,CA,CA,MEMBE,RAWMI,1.6,0.0,0.0,0.0,0.0,0.0
219,CA,CA,ANIMA,DAIRY,1.6,0.0,0.0,0.0,0.0,0.0
7845,CA,CA,TEXTI,RAILW,1.64,0.0,0.0,0.0,0.0,0.0
7911,CA,CA,TRAN1,GASDI,1.65,0.0,0.0,0.0,0.0,0.0
2750,CA,CA,ELEC6,FABRI,1.65,0.0,0.0,0.0,0.0,0.0
3798,CA,CA,GLASS,SALEM,1.65,0.0,0.0,0.0,0.0,0.0
4522,CA,CA,LUBRI,COMPU,1.65,0.0,0.0,0.0,0.0,0.0
693,CA,CA,BUSIN,BLAST,1.65,0.0,0.0,0.0,0.0,0.0
3876,CA,CA,HOTEL,FURNI,1.65,0.0,0.0,0.0,0.0,0.0
129,CA,CA,AIRTR,RUBBE,1.66,0.0,0.0,0.0,0.0,0.0
3340,CA,CA,FOOD5,NONME,1.66,0.0,0.0,0.0,0.0,0.0
1851,CA,CA,DIST1,REALE,1.66,0.0,0.0,0.0,0.0,0.0
7124,CA,CA,RUBBE,ALUM1,1.66,0.0,0.0,0.0,0.0,0.0
5826,CA,CA,PFERT,SALEM,1.66,0.0,0.0,0.0,0.0,0.0
7116,CA,CA,RETAI,RETA1,1.67,0.0,0.0,0.0,0.0,0.0
5289,CA,CA,NONF1,BUSIN,1.68,0.0,0.0,0.0,0.0,0.0
2266,CA,CA,ELEC2,BITUM,1.68,0.0,0.0,0.0,0.0,0.0
1441,CA,CA,CONST,BITUM,1.69,0.0,0.0,0.0,0.0,0.0
8241,CA,CA,WOODW,AIRTR,1.69,0.0,0.0,0.0,0.0,0.0
2234,CA,CA,ELEC1,RETAI,1.69,0.0,0.0,0.0,0.0,0.0
1871,CA,CA,DIST1,WHOLE,1.69,0.0,0.0,0.0,0.0,0.0
912,CA,CA,CEMEN,TEXTI,1.69,0.0,0.0,0.0,0.0,0.0
2548,CA,CA,ELEC4,MEAT4,1.69,0.0,0.0,0.0,0.0,0.0
2805,CA,CA,ELEC6,RUBBE,1.69,0.0,0.0,0.0,0.0,0.0
2392,CA,CA,ELEC3,CHEMI,1.69,0.0,0.0,0.0,0.0,0.0
6148,CA,CA,PRINT,ELEC5,1.69,0.0,0.0,0.0,0.0,0.0
1795,CA,CA,DIST1,BUSIN,1.65,0.0,0.0,0.0,0.0,0.0
5366,CA,CA,NONFE,ELEC5,1.64,0.0,0.0,0.0,0.0,0.0
6875,CA,CA,RESEA,ELEC5,1.61,0.0,0.0,0.0,0.0,0.0
2258,CA,CA,ELEC2,ANIMA,1.64,0.0,0.0,0.0,0.0,0.0
3408,CA,CA,FORES,PRINT,1.61,0.0,0.0,0.0,0.0,0.0
2221,CA,CA,ELEC1,POULT,1.61,0.0,0.0,0.0,0.0,0.0
2192,CA,CA,ELEC1,LEATH,1.61,0.0,0.0,0.0,0.0,0.0
5344,CA,CA,NONF1,RETA1,1.61,0.0,0.0,0.0,0.0,0.0
5362,CA,CA,NONFE,ELEC1,1.61,0.0,0.0,0.0,0.0,0.0
5060,CA,CA,MOTOR,CERAM,1.61,0.0,0.0,0.0,0.0,0.0
3333,CA,CA,FOOD5,MEATP,1.61,0.0,0.0,0.0,0.0,0.0
5668,CA,CA,PAPER,NONSP,1.61,0.0,0.0,0.0,0.0,0.0
6726,CA,CA,RECRE,MEDIC,1.62,0.0,0.0,0.0,0.0,0.0
5182,CA,CA,NATU1,FURNI,1.62,0.0,0.0,0.0,0.0,0.0
4537,CA,CA,LUBRI,FISHF,1.62,0.0,0.0,0.0,0.0,0.0
1934,CA,CA,DISTR,MEAT4,1.62,0.0,0.0,0.0,0.0,0.0
6696,CA,CA,RECRE,ELECT,1.62,0.0,0.0,0.0,0.0,0.0
3600,CA,CA,GASDI,AIRTR,1.62,0.0,0.0,0.0,0.0,0.0
79,CA,CA,AIRTR,DISTR,1.62,0.0,0.0,0.0,0.0,0.0
6120,CA,CA,PRECI,URANI,1.62,0.0,0.0,0.0,0.0,0.0
7841,CA,CA,TEXTI,POSTT,1.62,0.0,0.0,0.0,0.0,0.0
1089,CA,CA,CHEM1,HEALT,1.63,0.0,0.0,0.0,0.0,0.0
7164,CA,CA,RUBBE,FORES,1.63,0.0,0.0,0.0,0.0,0.0
5480,CA,CA,NONSP,FISHF,1.64,0.0,0.0,0.0,0.0,0.0
2432,CA,CA,ELEC3,MEATP,1.64,0.0,0.0,0.0,0.0,0.0
2996,CA,CA,FABRI,CEREA,1.64,0.0,0.0,0.0,0.0,0.0
423,CA,CA,BASIC,BRICK,1.64,0.0,0.0,0.0,0.0,0.0
3180,CA,CA,FINAN,PETRO,1.9,0.0,0.0,0.0,0.0,0.0
4812,CA,CA,MEDIC,ANIMA,1.9,0.0,0.0,0.0,0.0,0.0
7960,CA,CA,TRAN1,REALE,1.91,0.0,0.0,0.0,0.0,0.0
6434,CA,CA,RAILW,FORES,2.21,0.0,0.0,0.0,0.0,0.0
4513,CA,CA,LUBRI,BITUM,2.18,0.0,0.0,0.0,0.0,0.0
6184,CA,CA,PRINT,OFFIC,2.19,0.0,0.0,0.0,0.0,0.0
297,CA,CA,AUXIL,ELEC8,2.19,0.0,0.0,0.0,0.0,0.0
1647,CA,CA,CROPS,HOTEL,2.19,0.0,0.0,0.0,0.0,0.0
5803,CA,CA,PFERT,LIQUE,2.19,0.0,0.0,0.0,0.0,0.0
1207,CA,CA,CHEMI,LIQUE,2.2,0.0,0.0,0.0,0.0,0.0
185,CA,CA,ALUM1,PETRO,2.2,0.0,0.0,0.0,0.0,0.0
4134,CA,CA,INSUR,REFI1,2.2,0.0,0.0,0.0,0.0,0.0
7843,CA,CA,TEXTI,PULP5,2.21,0.0,0.0,0.0,0.0,0.0
2079,CA,CA,EDUCA,VEGE1,2.21,0.0,0.0,0.0,0.0,0.0
5541,CA,CA,OFFIC,DIST1,2.21,0.0,0.0,0.0,0.0,0.0
7002,CA,CA,RETA1,ELEC2,2.22,0.0,0.0,0.0,0.0,0.0
4099,CA,CA,INSUR,MEAT4,1.91,0.0,0.0,0.0,0.0,0.0
1762,CA,CA,DAIRY,MEAT4,2.22,0.0,0.0,0.0,0.0,0.0
8274,CA,CA,WOODW,FISH5,2.22,0.0,0.0,0.0,0.0,0.0
2673,CA,CA,ELEC5,NATUR,2.22,0.0,0.0,0.0,0.0,0.0
6074,CA,CA,POULT,WHOLE,2.22,0.0,0.0,0.0,0.0,0.0
2384,CA,CA,ELEC3,BITUM,2.23,0.0,0.0,0.0,0.0,0.0
4189,CA,CA,KERO1,FURNI,2.23,0.0,0.0,0.0,0.0,0.0
6710,CA,CA,RECRE,HYDRO,2.23,0.0,0.0,0.0,0.0,0.0
2995,CA,CA,FABRI,CERAM,2.23,0.0,0.0,0.0,0.0,0.0
5476,CA,CA,NONSP,ETHAN,2.23,0.0,0.0,0.0,0.0,0.0
5437,CA,CA,NONME,PRINT,2.23,0.0,0.0,0.0,0.0,0.0
5703,CA,CA,PAPER,VEGE1,2.23,0.0,0.0,0.0,0.0,0.0
3867,CA,CA,HOTEL,COMPU,2.18,0.0,0.0,0.0,0.0,0.0
4660,CA,CA,MEAT4,CATTL,2.17,0.0,0.0,0.0,0.0,0.0
6201,CA,CA,PRINT,SUPPO,2.17,0.0,0.0,0.0,0.0,0.0
1618,CA,CA,COPP1,TEXTI,2.17,0.0,0.0,0.0,0.0,0.0
7180,CA,CA,RUBBE,LIQUE,2.13,0.0,0.0,0.0,0.0,0.0
5740,CA,CA,PETRO,HYDRO,2.13,0.0,0.0,0.0,0.0,0.0
2273,CA,CA,ELEC2,CEREA,2.13,0.0,0.0,0.0,0.0,0.0
5181,CA,CA,NATU1,ETHAN,2.13,0.0,0.0,0.0,0.0,0.0
1161,CA,CA,CHEM1,WHITE,2.13,0.0,0.0,0.0,0.0,0.0
6626,CA,CA,REALE,REFI1,2.13,0.0,0.0,0.0,0.0,0.0
2214,CA,CA,ELEC1,OILSE,2.14,0.0,0.0,0.0,0.0,0.0
884,CA,CA,CEMEN,LEAD1,2.14,0.0,0.0,0.0,0.0,0.0
5213,CA,CA,NFERT,BIODI,2.14,0.0,0.0,0.0,0.0,0.0
4671,CA,CA,MEAT4,FOOD5,2.14,0.0,0.0,0.0,0.0,0.0
1028,CA,CA,CEREA,VEGET,2.14,0.0,0.0,0.0,0.0,0.0
190,CA,CA,ALUM1,RADIO,2.15,0.0,0.0,0.0,0.0,0.0
6647,CA,CA,REALE,VEGE1,2.15,0.0,0.0,0.0,0.0,0.0
6584,CA,CA,REALE,KEROS,2.15,0.0,0.0,0.0,0.0,0.0
3543,CA,CA,FURNI,LANDT,2.15,0.0,0.0,0.0,0.0,0.0
1759,CA,CA,DAIRY,LANDT,2.15,0.0,0.0,0.0,0.0,0.0
1408,CA,CA,COMPU,RETAI,2.15,0.0,0.0,0.0,0.0,0.0
1855,CA,CA,DIST1,RETA1,2.16,0.0,0.0,0.0,0.0,0.0
4036,CA,CA,INSUR,BIODI,2.16,0.0,0.0,0.0,0.0,0.0
4091,CA,CA,INSUR,KEROS,2.16,0.0,0.0,0.0,0.0,0.0
6196,CA,CA,PRINT,RESEA,2.17,0.0,0.0,0.0,0.0,0.0
2377,CA,CA,ELEC3,ANIMA,2.17,0.0,0.0,0.0,0.0,0.0
1646,CA,CA,CROPS,FURNI,2.17,0.0,0.0,0.0,0.0,0.0
6467,CA,CA,RAILW,PULP5,2.23,0.0,0.0,0.0,0.0,0.0
1917,CA,CA,DISTR,GASDI,2.24,0.0,0.0,0.0,0.0,0.0
2424,CA,CA,ELEC3,LEATH,2.24,0.0,0.0,0.0,0.0,0.0
5728,CA,CA,PETRO,ELEC6,2.31,0.0,0.0,0.0,0.0,0.0
7003,CA,CA,RETA1,ELEC3,2.32,0.0,0.0,0.0,0.0,0.0
4535,CA,CA,LUBRI,FINAN,2.33,0.0,0.0,0.0,0.0,0.0
5597,CA,CA,OILSE,VEGET,2.34,0.0,0.0,0.0,0.0,0.0
180,CA,CA,ALUM1,NONF1,2.34,0.0,0.0,0.0,0.0,0.0
7399,CA,CA,SANDC,FABRI,2.35,0.0,0.0,0.0,0.0,0.0
3628,CA,CA,GASDI,DIST1,2.35,0.0,0.0,0.0,0.0,0.0
4002,CA,CA,INLAN,PAPER,2.35,0.0,0.0,0.0,0.0,0.0
1311,CA,CA,COMPU,BITUM,2.35,0.0,0.0,0.0,0.0,0.0
6531,CA,CA,REALE,BIOGA,2.35,0.0,0.0,0.0,0.0,0.0
8337,CA,CA,WOODW,WEARI,2.36,0.0,0.0,0.0,0.0,0.0
5478,CA,CA,NONSP,FINAN,2.37,0.0,0.0,0.0,0.0,0.0
8095,CA,CA,WEARI,FURNI,2.37,0.0,0.0,0.0,0.0,0.0
373,CA,CA,AUXIL,SUGA1,2.37,0.0,0.0,0.0,0.0,0.0
2602,CA,CA,ELEC4,VEGE1,2.37,0.0,0.0,0.0,0.0,0.0
1824,CA,CA,DIST1,LIGNI,2.37,0.0,0.0,0.0,0.0,0.0
490,CA,CA,BASIC,SUPPO,2.38,0.0,0.0,0.0,0.0,0.0
3441,CA,CA,FOUND,BITUM,2.39,0.0,0.0,0.0,0.0,0.0
6872,CA,CA,RESEA,ELEC2,2.39,0.0,0.0,0.0,0.0,0.0
1443,CA,CA,CONST,BRICK,2.39,0.0,0.0,0.0,0.0,0.0
2157,CA,CA,ELEC1,CATTL,2.39,0.0,0.0,0.0,0.0,0.0
7449,CA,CA,SANDC,WHOLE,2.39,0.0,0.0,0.0,0.0,0.0
7214,CA,CA,RUBBE,RAWMI,2.4,0.0,0.0,0.0,0.0,0.0
2760,CA,CA,ELEC6,HEALT,2.41,0.0,0.0,0.0,0.0,0.0
5100,CA,CA,MOTOR,INLAN,2.32,0.0,0.0,0.0,0.0,0.0
5570,CA,CA,OILSE,DAIRY,2.31,0.0,0.0,0.0,0.0,0.0
6695,CA,CA,RECRE,ELEC8,2.24,0.0,0.0,0.0,0.0,0.0
2971,CA,CA,ELECT,RUBBE,2.31,0.0,0.0,0.0,0.0,0.0
7800,CA,CA,TEXTI,DIST1,2.25,0.0,0.0,0.0,0.0,0.0
2256,CA,CA,ELEC2,AIRTR,2.25,0.0,0.0,0.0,0.0,0.0
7712,CA,CA,SUPPO,HEALT,2.25,0.0,0.0,0.0,0.0,0.0
2806,CA,CA,ELEC6,SALEM,2.25,0.0,0.0,0.0,0.0,0.0
3355,CA,CA,FOOD5,RECRE,2.25,0.0,0.0,0.0,0.0,0.0
5155,CA,CA,MOTOR,STONE,2.26,0.0,0.0,0.0,0.0,0.0
7579,CA,CA,STONE,PREC1,2.26,0.0,0.0,0.0,0.0,0.0
6739,CA,CA,RECRE,PAPER,2.27,0.0,0.0,0.0,0.0,0.0
6842,CA,CA,RESEA,AUXIL,2.27,0.0,0.0,0.0,0.0,0.0
1490,CA,CA,CONST,KEROS,2.27,0.0,0.0,0.0,0.0,0.0
1988,CA,CA,DISTR,VEGE1,2.28,0.0,0.0,0.0,0.0,0.0
7883,CA,CA,TRAN1,BRICK,2.28,0.0,0.0,0.0,0.0,0.0
252,CA,CA,ANIMA,WHOLE,2.28,0.0,0.0,0.0,0.0,0.0
2164,CA,CA,ELEC1,COKIN,2.28,0.0,0.0,0.0,0.0,0.0
4831,CA,CA,MEDIC,GLASS,2.28,0.0,0.0,0.0,0.0,0.0
1218,CA,CA,CHEMI,NATUR,2.29,0.0,0.0,0.0,0.0,0.0
2680,CA,CA,ELEC5,OILSE,2.29,0.0,0.0,0.0,0.0,0.0
7280,CA,CA,SALEM,ELEC3,2.29,0.0,0.0,0.0,0.0,0.0
3664,CA,CA,GASDI,MEATC,2.3,0.0,0.0,0.0,0.0,0.0
8116,CA,CA,WEARI,RUBBE,2.3,0.0,0.0,0.0,0.0,0.0
4980,CA,CA,MEMBE,TRANS,2.3,0.0,0.0,0.0,0.0,0.0
1394,CA,CA,COMPU,POULT,2.3,0.0,0.0,0.0,0.0,0.0
5876,CA,CA,PIGS9,WHOLE,2.3,0.0,0.0,0.0,0.0,0.0
2082,CA,CA,EDUCA,WOODW,2.12,0.0,0.0,0.0,0.0,0.0
5574,CA,CA,OILSE,FORES,2.12,0.0,0.0,0.0,0.0,0.0
3169,CA,CA,FINAN,NAPHT,2.12,0.0,0.0,0.0,0.0,0.0
473,CA,CA,BASIC,POSTT,1.96,0.0,0.0,0.0,0.0,0.0
4696,CA,CA,MEAT4,RAWMI,1.96,0.0,0.0,0.0,0.0,0.0
4414,CA,CA,LEAD1,MEAT4,1.96,0.0,0.0,0.0,0.0,0.0
515,CA,CA,BEVER,FURNI,1.97,0.0,0.0,0.0,0.0,0.0
7469,CA,CA,SEACO,ELECT,1.97,0.0,0.0,0.0,0.0,0.0
474,CA,CA,BASIC,PREC1,1.97,0.0,0.0,0.0,0.0,0.0
7887,CA,CA,TRAN1,CERAM,1.97,0.0,0.0,0.0,0.0,0.0
1223,CA,CA,CHEMI,NONSP,1.97,0.0,0.0,0.0,0.0,0.0
8280,CA,CA,WOODW,GASDI,1.98,0.0,0.0,0.0,0.0,0.0
2775,CA,CA,ELEC6,MOTO1,1.98,0.0,0.0,0.0,0.0,0.0
372,CA,CA,AUXIL,SUBBI,1.98,0.0,0.0,0.0,0.0,0.0
1537,CA,CA,CONST,RETAI,1.98,0.0,0.0,0.0,0.0,0.0
6281,CA,CA,PUBLI,POSTT,1.99,0.0,0.0,0.0,0.0,0.0
3489,CA,CA,FOUND,SUPPO,1.99,0.0,0.0,0.0,0.0,0.0
6592,CA,CA,REALE,MEAT4,1.99,0.0,0.0,0.0,0.0,0.0
1401,CA,CA,COMPU,RAWMI,1.99,0.0,0.0,0.0,0.0,0.0
433,CA,CA,BASIC,COPP1,1.99,0.0,0.0,0.0,0.0,0.0
1657,CA,CA,CROPS,NATUR,1.99,0.0,0.0,0.0,0.0,0.0
4608,CA,CA,LUBRI,WEARI,2.0,0.0,0.0,0.0,0.0,0.0
8263,CA,CA,WOODW,CROPS,2.0,0.0,0.0,0.0,0.0,0.0
622,CA,CA,BIOGA,CONST,2.0,0.0,0.0,0.0,0.0,0.0
1513,CA,CA,CONST,NONSP,2.0,0.0,0.0,0.0,0.0,0.0
7735,CA,CA,SUPPO,NATUR,2.0,0.0,0.0,0.0,0.0,0.0
2410,CA,CA,ELEC3,FORES,2.0,0.0,0.0,0.0,0.0,0.0
3953,CA,CA,HYDRO,RUBBE,1.96,0.0,0.0,0.0,0.0,0.0
2243,CA,CA,ELEC1,SUPPO,1.96,0.0,0.0,0.0,0.0,0.0
2721,CA,CA,ELEC6,ALUM1,2.01,0.0,0.0,0.0,0.0,0.0
8193,CA,CA,WHOLE,FISH5,1.95,0.0,0.0,0.0,0.0,0.0
7046,CA,CA,RETA1,NATU1,1.91,0.0,0.0,0.0,0.0,0.0
4503,CA,CA,LUBRI,AIRTR,1.91,0.0,0.0,0.0,0.0,0.0
475,CA,CA,BASIC,PRINT,1.91,0.0,0.0,0.0,0.0,0.0
7679,CA,CA,SUPPO,BIODI,1.91,0.0,0.0,0.0,0.0,0.0
7739,CA,CA,SUPPO,OFFIC,1.91,0.0,0.0,0.0,0.0,0.0
1798,CA,CA,DIST1,CERAM,1.91,0.0,0.0,0.0,0.0,0.0
4040,CA,CA,INSUR,BITUM,1.91,0.0,0.0,0.0,0.0,0.0
4863,CA,CA,MEDIC,SUPPO,1.91,0.0,0.0,0.0,0.0,0.0
177,CA,CA,ALUM1,MEDIC,1.92,0.0,0.0,0.0,0.0,0.0
6499,CA,CA,RAWMI,CRUDE,1.92,0.0,0.0,0.0,0.0,0.0
3963,CA,CA,INLAN,AUXIL,1.92,0.0,0.0,0.0,0.0,0.0
1570,CA,CA,COPP1,BUSIN,1.92,0.0,0.0,0.0,0.0,0.0
6924,CA,CA,RESEA,PAPER,1.92,0.0,0.0,0.0,0.0,0.0
3752,CA,CA,GLASS,CHEMI,1.92,0.0,0.0,0.0,0.0,0.0
1684,CA,CA,CRUDE,AUXIL,1.93,0.0,0.0,0.0,0.0,0.0
3538,CA,CA,FURNI,HEAVY,1.93,0.0,0.0,0.0,0.0,0.0
2148,CA,CA,ELEC1,AUXIL,1.93,0.0,0.0,0.0,0.0,0.0
8054,CA,CA,VEGET,LANDT,1.93,0.0,0.0,0.0,0.0,0.0
2250,CA,CA,ELEC1,VEGET,1.93,0.0,0.0,0.0,0.0,0.0
1800,CA,CA,DIST1,CHEM1,1.94,0.0,0.0,0.0,0.0,0.0
4247,CA,CA,KEROS,PETRO,1.94,0.0,0.0,0.0,0.0,0.0
6589,CA,CA,REALE,LIQUE,1.94,0.0,0.0,0.0,0.0,0.0
5781,CA,CA,PFERT,CROPS,1.94,0.0,0.0,0.0,0.0,0.0
4945,CA,CA,MEMBE,NONME,2.01,0.0,0.0,0.0,0.0,0.0
5015,CA,CA,MOTO1,LIGNI,2.01,0.0,0.0,0.0,0.0,0.0
7792,CA,CA,TEXTI,CEREA,2.12,0.0,0.0,0.0,0.0,0.0
7645,CA,CA,SUGA1,VEGE1,2.06,0.0,0.0,0.0,0.0,0.0
5654,CA,CA,PAPER,LIQUE,2.07,0.0,0.0,0.0,0.0,0.0
5059,CA,CA,MOTOR,CEMEN,2.07,0.0,0.0,0.0,0.0,0.0
7038,CA,CA,RETA1,MEATA,2.07,0.0,0.0,0.0,0.0,0.0
2714,CA,CA,ELEC5,VEGET,2.07,0.0,0.0,0.0,0.0,0.0
4680,CA,CA,MEAT4,MEAT4,2.08,0.0,0.0,0.0,0.0,0.0
2207,CA,CA,ELEC1,NATUR,2.08,0.0,0.0,0.0,0.0,0.0
7615,CA,CA,SUGA1,FOOD5,2.08,0.0,0.0,0.0,0.0,0.0
7151,CA,CA,RUBBE,EDUCA,2.08,0.0,0.0,0.0,0.0,0.0
8205,CA,CA,WHOLE,LANDT,2.08,0.0,0.0,0.0,0.0,0.0
5379,CA,CA,NONME,BASIC,2.09,0.0,0.0,0.0,0.0,0.0
1644,CA,CA,CROPS,FOOD5,2.09,0.0,0.0,0.0,0.0,0.0
6341,CA,CA,PULP5,WEARI,2.1,0.0,0.0,0.0,0.0,0.0
5941,CA,CA,POSTT,COKIN,2.1,0.0,0.0,0.0,0.0,0.0
2707,CA,CA,ELEC5,SUPPO,2.1,0.0,0.0,0.0,0.0,0.0
2025,CA,CA,EDUCA,FABRI,2.1,0.0,0.0,0.0,0.0,0.0
5036,CA,CA,MOTO1,SUBBI,2.1,0.0,0.0,0.0,0.0,0.0
1329,CA,CA,COMPU,DAIRY,2.1,0.0,0.0,0.0,0.0,0.0
6139,CA,CA,PRINT,DAIRY,2.11,0.0,0.0,0.0,0.0,0.0
5650,CA,CA,PAPER,KEROS,2.11,0.0,0.0,0.0,0.0,0.0
1633,CA,CA,CROPS,BUSIN,2.11,0.0,0.0,0.0,0.0,0.0
5795,CA,CA,PFERT,FISH5,2.11,0.0,0.0,0.0,0.0,0.0
4096,CA,CA,INSUR,LIQUE,2.11,0.0,0.0,0.0,0.0,0.0
7935,CA,CA,TRAN1,MOTOR,2.12,0.0,0.0,0.0,0.0,0.0
1714,CA,CA,CRUDE,MOTO1,2.07,0.0,0.0,0.0,0.0,0.0
4270,CA,CA,LANDT,BIOGA,2.06,0.0,0.0,0.0,0.0,0.0
1822,CA,CA,DIST1,LANDT,2.01,0.0,0.0,0.0,0.0,0.0
2579,CA,CA,ELEC4,RAILW,2.06,0.0,0.0,0.0,0.0,0.0
4212,CA,CA,KERO1,RECRE,2.01,0.0,0.0,0.0,0.0,0.0
1794,CA,CA,DIST1,BRICK,2.02,0.0,0.0,0.0,0.0,0.0
7575,CA,CA,STONE,NONSP,2.02,0.0,0.0,0.0,0.0,0.0
7068,CA,CA,RETA1,RAILW,2.02,0.0,0.0,0.0,0.0,0.0
6889,CA,CA,RESEA,GASDI,2.02,0.0,0.0,0.0,0.0,0.0
2614,CA,CA,ELEC5,AUXIL,2.02,0.0,0.0,0.0,0.0,0.0
5329,CA,CA,NONF1,NONSP,2.03,0.0,0.0,0.0,0.0,0.0
1257,CA,CA,COKE1,FOUND,2.03,0.0,0.0,0.0,0.0,0.0
5990,CA,CA,POSTT,MEATC,2.04,0.0,0.0,0.0,0.0,0.0
4407,CA,CA,LEAD1,GLASS,2.04,0.0,0.0,0.0,0.0,0.0
5426,CA,CA,NONME,NATU1,2.04,0.0,0.0,0.0,0.0,0.0
2434,CA,CA,ELEC3,MEMBE,2.04,0.0,0.0,0.0,0.0,0.0
337,CA,CA,AUXIL,NFERT,2.04,0.0,0.0,0.0,0.0,0.0
3385,CA,CA,FORES,CRUDE,2.04,0.0,0.0,0.0,0.0,0.0
4395,CA,CA,LEAD1,BUSIN,2.04,0.0,0.0,0.0,0.0,0.0
2312,CA,CA,ELEC2,MEAT1,2.05,0.0,0.0,0.0,0.0,0.0
3948,CA,CA,HYDRO,REALE,2.05,0.0,0.0,0.0,0.0,0.0
4649,CA,CA,MEAT4,93197,2.05,0.0,0.0,0.0,0.0,0.0
3504,CA,CA,FURNI,BIODI,2.05,0.0,0.0,0.0,0.0,0.0
1078,CA,CA,CHEM1,ETHAN,2.06,0.0,0.0,0.0,0.0,0.0
5103,CA,CA,MOTOR,KEROS,2.06,0.0,0.0,0.0,0.0,0.0
3260,CA,CA,FISH5,WHOLE,2.06,0.0,0.0,0.0,0.0,0.0
4224,CA,CA,KERO1,WOODW,2.06,0.0,0.0,0.0,0.0,0.0
117,CA,CA,AIRTR,POULT,0.01,0.0,0.0,0.0,0.0,0.0
