trade_id,region1,region2,industry1,industry2,amount
3479094,CN,CN,PADDY,PADDY,20165.20
3479095,CN,CN,PADDY,CATTL,141.51
3479096,CN,CN,PADDY,PIGS9,59.35
3479097,CN,CN,PADDY,POULT,26.16
3479098,CN,CN,PADDY,MEATA,1.22
3479099,CN,CN,PADDY,ANIMA,8.40
3479100,CN,CN,PADDY,RAWMI,1.36
3479101,CN,CN,PADDY,WOOLS,0.35
3479102,CN,CN,PADDY,FORES,0.42
3479103,CN,CN,PADDY,FISHF,5.06
3479104,CN,CN,PADDY,PROCE,45972.20
3479105,CN,CN,PADDY,FOOD5,22.86
3479106,CN,CN,PADDY,TOBAC,601.94
3479107,CN,CN,PADDY,TEXTI,1037.18
3479108,CN,CN,PADDY,WEARI,567.27
3479109,CN,CN,PADDY,LEATH,937.36
3479110,CN,CN,PADDY,PULP5,505.27
3479111,CN,CN,PADDY,PAPER,1670.31
3479112,CN,CN,PADDY,PRINT,49.27
3479113,CN,CN,PADDY,PLAST,49.49
3479114,CN,CN,PADDY,NFERT,27.57
3479115,CN,CN,PADDY,PFERT,7587.86
3479116,CN,CN,PADDY,CHEM1,12.76
3479117,CN,CN,PADDY,BIOGA,0.06
3479118,CN,CN,PADDY,BIODI,0.03
3479119,CN,CN,PADDY,RUBBE,180.64
3479120,CN,CN,PADDY,NONME,101.85
3479121,CN,CN,PADDY,FURNI,86.59
3479122,CN,CN,PADDY,ELEC7,0.06
3479123,CN,CN,PADDY,RETAI,0.10
3479124,CN,CN,PADDY,RETA1,8.48
3479125,CN,CN,PADDY,HOTEL,45.51
3479126,CN,CN,PADDY,HEALT,0.18
3479127,CN,CN,PADDY,RECRE,4.42
3479128,CN,CN,PADDY,93197,45.00
3479129,CN,CN,PADDY,PRIVA,1.95
3479130,CN,CN,WHEAT,WHEAT,7537.18
3479131,CN,CN,WHEAT,CEREA,705.49
3479132,CN,CN,WHEAT,CATTL,4891.26
3479133,CN,CN,WHEAT,PIGS9,11.93
3479134,CN,CN,WHEAT,POULT,12.31
3479135,CN,CN,WHEAT,MEATA,13.96
3479136,CN,CN,WHEAT,ANIMA,20.23
3479137,CN,CN,WHEAT,RAWMI,14.45
3479138,CN,CN,WHEAT,WOOLS,3.09
3479139,CN,CN,WHEAT,COKIN,11.04
3479140,CN,CN,WHEAT,BITUM,96.76
3479141,CN,CN,WHEAT,PATEN,0.17
3479142,CN,CN,WHEAT,HYDRO,3.61
3479143,CN,CN,WHEAT,FOOD5,19272.96
3479144,CN,CN,WHEAT,TOBAC,1.00
3479145,CN,CN,WHEAT,TEXTI,12876.03
3479146,CN,CN,WHEAT,WEARI,25.68
3479147,CN,CN,WHEAT,LEATH,10.55
3479148,CN,CN,WHEAT,PAPER,8.76
3479149,CN,CN,WHEAT,PLAST,166.56
3479150,CN,CN,WHEAT,PFERT,196.79
3479151,CN,CN,WHEAT,CHEM1,397.83
3479152,CN,CN,WHEAT,BIOGA,1.94
3479153,CN,CN,WHEAT,BIODI,1.03
3479154,CN,CN,WHEAT,ELEC7,0.03
3479155,CN,CN,WHEAT,RETAI,10.04
3479156,CN,CN,WHEAT,WHOLE,15.32
3479157,CN,CN,WHEAT,RETA1,455.40
3479158,CN,CN,WHEAT,PRIVA,25.10
3479159,CN,CN,CEREA,CEREA,5852.12
3479160,CN,CN,CEREA,PIGS9,2.69
3479161,CN,CN,CEREA,POULT,5716.69
3479162,CN,CN,CEREA,MEATA,20.74
3479163,CN,CN,CEREA,ANIMA,8.71
3479164,CN,CN,CEREA,RAWMI,5.95
3479165,CN,CN,CEREA,WOOLS,3.74
3479166,CN,CN,CEREA,FISHF,162.92
3479167,CN,CN,CEREA,COKIN,8.60
3479168,CN,CN,CEREA,BITUM,75.39
3479169,CN,CN,CEREA,PATEN,0.13
3479170,CN,CN,CEREA,HYDRO,3.94
3479171,CN,CN,CEREA,FOOD5,116002.35
3479172,CN,CN,CEREA,TOBAC,273.51
3479173,CN,CN,CEREA,PAPER,13.70
3479174,CN,CN,CEREA,CHEM1,5.49
3479175,CN,CN,CEREA,BIOGA,0.03
3479176,CN,CN,CEREA,BIODI,0.01
3479177,CN,CN,CEREA,ELEC7,0.02
3479178,CN,CN,CEREA,HOTEL,720.84
3479179,CN,CN,CEREA,RECRE,8.60
3479180,CN,CN,CEREA,PRIVA,0.60
3479181,CN,CN,VEGET,VEGET,40350.73
3479182,CN,CN,VEGET,CATTL,19.48
3479183,CN,CN,VEGET,PIGS9,51.80
3479184,CN,CN,VEGET,POULT,67.80
3479185,CN,CN,VEGET,MEATA,43.59
3479186,CN,CN,VEGET,ANIMA,8.79
3479187,CN,CN,VEGET,RAWMI,4.41
3479188,CN,CN,VEGET,WOOLS,3.52
3479189,CN,CN,VEGET,FORES,16.07
3479190,CN,CN,VEGET,FISHF,15.76
3479191,CN,CN,VEGET,COKIN,302.20
3479192,CN,CN,VEGET,BITUM,2648.96
3479193,CN,CN,VEGET,PATEN,4.64
3479194,CN,CN,VEGET,CRUDE,0.01
3479195,CN,CN,VEGET,HYDRO,135.79
3479196,CN,CN,VEGET,DAIRY,4356.00
3479197,CN,CN,VEGET,FOOD5,308814.81
3479198,CN,CN,VEGET,BEVER,19231.41
3479199,CN,CN,VEGET,TOBAC,48.95
3479200,CN,CN,VEGET,TEXTI,41779.35
3479201,CN,CN,VEGET,WEARI,10628.86
3479202,CN,CN,VEGET,LEATH,18124.68
3479203,CN,CN,VEGET,WOODW,540.90
3479204,CN,CN,VEGET,PULP5,3.61
3479205,CN,CN,VEGET,PAPER,295.51
3479206,CN,CN,VEGET,PRINT,58.14
3479207,CN,CN,VEGET,COALT,0.07
3479208,CN,CN,VEGET,MOTOR,2.42
3479209,CN,CN,VEGET,KEROS,0.84
3479210,CN,CN,VEGET,KERO1,0.07
3479211,CN,CN,VEGET,GASDI,1.69
3479212,CN,CN,VEGET,HEAVY,0.37
3479213,CN,CN,VEGET,REFIN,0.01
3479214,CN,CN,VEGET,LIQUE,0.64
3479215,CN,CN,VEGET,REFI1,0.02
3479216,CN,CN,VEGET,NAPHT,0.57
3479217,CN,CN,VEGET,WHITE,0.01
3479218,CN,CN,VEGET,LUBRI,0.02
3479219,CN,CN,VEGET,BITU1,0.11
3479220,CN,CN,VEGET,PARAF,0.03
3479221,CN,CN,VEGET,PETRO,0.03
3479222,CN,CN,VEGET,NONSP,0.20
3479223,CN,CN,VEGET,PLAST,9390.39
3479224,CN,CN,VEGET,PFERT,131.17
3479225,CN,CN,VEGET,RUBBE,24974.07
3479226,CN,CN,VEGET,GLASS,22.13
3479227,CN,CN,VEGET,BASIC,5.81
3479228,CN,CN,VEGET,PREC1,0.54
3479229,CN,CN,VEGET,ALUM1,0.67
3479230,CN,CN,VEGET,LEAD1,0.16
3479231,CN,CN,VEGET,COPP1,0.38
3479232,CN,CN,VEGET,NONF1,0.25
3479233,CN,CN,VEGET,FOUND,0.40
3479234,CN,CN,VEGET,FABRI,8.41
3479235,CN,CN,VEGET,OFFIC,0.65
3479236,CN,CN,VEGET,ELECT,0.63
3479237,CN,CN,VEGET,MEDIC,0.01
3479238,CN,CN,VEGET,MOTO1,1.80
3479239,CN,CN,VEGET,TRANS,1.13
3479240,CN,CN,VEGET,FURNI,4681.34
3479241,CN,CN,VEGET,ELEC7,0.28
3479242,CN,CN,VEGET,RETAI,1.36
3479243,CN,CN,VEGET,WHOLE,243.94
3479244,CN,CN,VEGET,RETA1,200.70
3479245,CN,CN,VEGET,HOTEL,48801.79
3479246,CN,CN,VEGET,RAILW,1367.78
3479247,CN,CN,VEGET,AIRTR,2.27
3479248,CN,CN,VEGET,SUPPO,32.98
3479249,CN,CN,VEGET,REALE,20.59
3479250,CN,CN,VEGET,RESEA,491.02
3479251,CN,CN,VEGET,BUSIN,1038.23
3479252,CN,CN,VEGET,EDUCA,1791.66
3479253,CN,CN,VEGET,HEALT,13854.69
3479254,CN,CN,VEGET,RECRE,199.55
3479255,CN,CN,VEGET,93197,2631.39
3479256,CN,CN,VEGET,PRIVA,419.94
3479257,CN,CN,OILSE,OILSE,4199.55
3479258,CN,CN,OILSE,CATTL,20.68
3479259,CN,CN,OILSE,PIGS9,21.75
3479260,CN,CN,OILSE,POULT,23.01
3479261,CN,CN,OILSE,MEATA,31.93
3479262,CN,CN,OILSE,ANIMA,26.86
3479263,CN,CN,OILSE,RAWMI,104.61
3479264,CN,CN,OILSE,WOOLS,1.74
3479265,CN,CN,OILSE,FORES,14.01
3479266,CN,CN,OILSE,FISHF,155.61
3479267,CN,CN,OILSE,COKIN,188.15
3479268,CN,CN,OILSE,BITUM,1649.31
3479269,CN,CN,OILSE,PATEN,2.89
3479270,CN,CN,OILSE,HYDRO,21.42
3479271,CN,CN,OILSE,VEGE1,820.02
3479272,CN,CN,OILSE,FOOD5,1790.96
3479273,CN,CN,OILSE,TOBAC,14.05
3479274,CN,CN,OILSE,TEXTI,7843.53
3479275,CN,CN,OILSE,WEARI,2363.46
3479276,CN,CN,OILSE,LEATH,3056.61
3479277,CN,CN,OILSE,WOODW,76.55
3479278,CN,CN,OILSE,PULP5,1.65
3479279,CN,CN,OILSE,PAPER,90.22
3479280,CN,CN,OILSE,PRINT,26.79
3479281,CN,CN,OILSE,COALT,0.02
3479282,CN,CN,OILSE,MOTOR,0.53
3479283,CN,CN,OILSE,KEROS,0.19
3479284,CN,CN,OILSE,KERO1,0.02
3479285,CN,CN,OILSE,GASDI,0.37
3479286,CN,CN,OILSE,HEAVY,0.08
3479287,CN,CN,OILSE,LIQUE,0.14
3479288,CN,CN,OILSE,NAPHT,0.12
3479289,CN,CN,OILSE,BITU1,0.03
3479290,CN,CN,OILSE,PARAF,0.01
3479291,CN,CN,OILSE,PETRO,0.01
3479292,CN,CN,OILSE,NONSP,0.04
3479293,CN,CN,OILSE,PLAST,80532.26
3479294,CN,CN,OILSE,RUBBE,3014.01
3479295,CN,CN,OILSE,GLASS,14.19
3479296,CN,CN,OILSE,BASIC,4.12
3479297,CN,CN,OILSE,PREC1,0.20
3479298,CN,CN,OILSE,ALUM1,0.19
3479299,CN,CN,OILSE,LEAD1,0.06
3479300,CN,CN,OILSE,COPP1,0.09
3479301,CN,CN,OILSE,NONF1,0.09
3479302,CN,CN,OILSE,FOUND,0.15
3479303,CN,CN,OILSE,FABRI,4.19
3479304,CN,CN,OILSE,OFFIC,0.16
3479305,CN,CN,OILSE,ELECT,0.18
3479306,CN,CN,OILSE,MOTO1,0.61
3479307,CN,CN,OILSE,TRANS,0.39
3479308,CN,CN,OILSE,FURNI,1626.96
3479309,CN,CN,OILSE,ELEC7,1.03
3479310,CN,CN,OILSE,CONST,566.22
3479311,CN,CN,OILSE,WHOLE,161.85
3479312,CN,CN,OILSE,RETA1,77.74
3479313,CN,CN,OILSE,HOTEL,6523.73
3479314,CN,CN,OILSE,AIRTR,90.38
3479315,CN,CN,OILSE,SUPPO,494.80
3479316,CN,CN,OILSE,REALE,13.69
3479317,CN,CN,OILSE,RESEA,50.72
3479318,CN,CN,OILSE,BUSIN,470.30
3479319,CN,CN,OILSE,EDUCA,1261.26
3479320,CN,CN,OILSE,HEALT,449.47
3479321,CN,CN,OILSE,RECRE,119.42
3479322,CN,CN,OILSE,93197,2.60
3479323,CN,CN,OILSE,PRIVA,0.01
3479324,CN,CN,SUGAR,SUGAR,6355.85
3479325,CN,CN,SUGAR,CATTL,19.42
3479326,CN,CN,SUGAR,PIGS9,33.92
3479327,CN,CN,SUGAR,POULT,0.02
3479328,CN,CN,SUGAR,MEATA,32.00
3479329,CN,CN,SUGAR,ANIMA,1.80
3479330,CN,CN,SUGAR,RAWMI,1.02
3479331,CN,CN,SUGAR,FORES,2.48
3479332,CN,CN,SUGAR,FISHF,23.24
3479333,CN,CN,SUGAR,COKIN,22.87
3479334,CN,CN,SUGAR,BITUM,200.46
3479335,CN,CN,SUGAR,PATEN,0.35
3479336,CN,CN,SUGAR,HYDRO,14.17
3479337,CN,CN,SUGAR,SUGA1,2209.73
3479338,CN,CN,SUGAR,FOOD5,61.89
3479339,CN,CN,SUGAR,BEVER,71.56
3479340,CN,CN,SUGAR,TOBAC,13.46
3479341,CN,CN,SUGAR,TEXTI,12547.59
3479342,CN,CN,SUGAR,WEARI,1365.62
3479343,CN,CN,SUGAR,LEATH,5792.83
3479344,CN,CN,SUGAR,WOODW,39.27
3479345,CN,CN,SUGAR,PULP5,1.46
3479346,CN,CN,SUGAR,PAPER,129.84
3479347,CN,CN,SUGAR,PRINT,23.44
3479348,CN,CN,SUGAR,COALT,0.03
3479349,CN,CN,SUGAR,MOTOR,1.11
3479350,CN,CN,SUGAR,KEROS,0.39
3479351,CN,CN,SUGAR,KERO1,0.03
3479352,CN,CN,SUGAR,GASDI,0.78
3479353,CN,CN,SUGAR,HEAVY,0.17
3479354,CN,CN,SUGAR,LIQUE,0.29
3479355,CN,CN,SUGAR,REFI1,0.01
3479356,CN,CN,SUGAR,NAPHT,0.26
3479357,CN,CN,SUGAR,LUBRI,0.01
3479358,CN,CN,SUGAR,BITU1,0.05
3479359,CN,CN,SUGAR,PARAF,0.01
3479360,CN,CN,SUGAR,PETRO,0.01
3479361,CN,CN,SUGAR,NONSP,0.09
3479362,CN,CN,SUGAR,RUBBE,8253.54
3479363,CN,CN,SUGAR,GLASS,7.99
3479364,CN,CN,SUGAR,BASIC,2.01
3479365,CN,CN,SUGAR,PREC1,0.23
3479366,CN,CN,SUGAR,ALUM1,0.30
3479367,CN,CN,SUGAR,LEAD1,0.07
3479368,CN,CN,SUGAR,COPP1,0.18
3479369,CN,CN,SUGAR,NONF1,0.11
3479370,CN,CN,SUGAR,FOUND,0.17
3479371,CN,CN,SUGAR,FABRI,3.32
3479372,CN,CN,SUGAR,OFFIC,0.30
3479373,CN,CN,SUGAR,ELECT,0.28
3479374,CN,CN,SUGAR,MOTO1,0.78
3479375,CN,CN,SUGAR,TRANS,0.49
3479376,CN,CN,SUGAR,FURNI,928.61
3479377,CN,CN,SUGAR,ELEC7,0.40
3479378,CN,CN,SUGAR,CONST,333.86
3479379,CN,CN,SUGAR,WHOLE,34.25
3479380,CN,CN,SUGAR,RETA1,28.90
3479381,CN,CN,SUGAR,HOTEL,438.14
3479382,CN,CN,SUGAR,RAILW,239.70
3479383,CN,CN,SUGAR,SUPPO,110.51
3479384,CN,CN,SUGAR,REALE,1.50
3479385,CN,CN,SUGAR,RESEA,5099.73
3479386,CN,CN,SUGAR,BUSIN,89.17
3479387,CN,CN,SUGAR,EDUCA,338.51
3479388,CN,CN,SUGAR,HEALT,541.52
3479389,CN,CN,SUGAR,RECRE,75.56
3479390,CN,CN,SUGAR,PRIVA,0.01
3479391,CN,CN,PLANT,PLANT,7309.43
3479392,CN,CN,PLANT,CATTL,0.01
3479393,CN,CN,PLANT,POULT,0.01
3479394,CN,CN,PLANT,FISHF,0.66
3479395,CN,CN,PLANT,CRUDE,0.01
3479396,CN,CN,PLANT,FOOD5,0.44
3479397,CN,CN,PLANT,WOODW,35925.34
3479398,CN,CN,PLANT,PULP5,3665.89
3479399,CN,CN,PLANT,PAPER,6900.36
3479400,CN,CN,PLANT,PRINT,3317.22
3479401,CN,CN,PLANT,MOTOR,0.03
3479402,CN,CN,PLANT,KEROS,0.01
3479403,CN,CN,PLANT,GASDI,0.02
3479404,CN,CN,PLANT,LIQUE,0.01
3479405,CN,CN,PLANT,NAPHT,0.01
3479406,CN,CN,PLANT,PLAST,282.11
3479407,CN,CN,PLANT,CHEM1,213.42
3479408,CN,CN,PLANT,BIOGA,1.04
3479409,CN,CN,PLANT,BIODI,0.55
3479410,CN,CN,PLANT,GLASS,0.20
3479411,CN,CN,PLANT,NONME,6.44
3479412,CN,CN,PLANT,BASIC,0.05
3479413,CN,CN,PLANT,PREC1,0.01
3479414,CN,CN,PLANT,ALUM1,0.01
3479415,CN,CN,PLANT,LEAD1,0.01
3479416,CN,CN,PLANT,COPP1,0.01
3479417,CN,CN,PLANT,NONF1,0.01
3479418,CN,CN,PLANT,FOUND,0.01
3479419,CN,CN,PLANT,FABRI,0.08
3479420,CN,CN,PLANT,OFFIC,0.02
3479421,CN,CN,PLANT,ELECT,0.01
3479422,CN,CN,PLANT,MOTO1,0.02
3479423,CN,CN,PLANT,TRANS,0.01
3479424,CN,CN,PLANT,FURNI,23.31
3479425,CN,CN,PLANT,ELEC7,1.02
3479426,CN,CN,PLANT,CONST,5248.06
3479427,CN,CN,PLANT,SEACO,127.77
3479428,CN,CN,PLANT,INLAN,5.47
3479429,CN,CN,PLANT,AIRTR,1.55
3479430,CN,CN,PLANT,HEALT,0.11
3479431,CN,CN,PLANT,PRIVA,0.01
3479432,CN,CN,CROPS,CROPS,1913.58
3479433,CN,CN,CROPS,CATTL,629.90
3479434,CN,CN,CROPS,PIGS9,33.11
3479435,CN,CN,CROPS,MEATA,23.03
3479436,CN,CN,CROPS,ANIMA,16.23
3479437,CN,CN,CROPS,RAWMI,13.08
3479438,CN,CN,CROPS,WOOLS,6.06
3479439,CN,CN,CROPS,FORES,178.93
3479440,CN,CN,CROPS,FISHF,335.03
3479441,CN,CN,CROPS,COKIN,98.62
3479442,CN,CN,CROPS,BITUM,864.45
3479443,CN,CN,CROPS,PATEN,1.51
3479444,CN,CN,CROPS,HYDRO,61.06
3479445,CN,CN,CROPS,TOBAC,24562.23
3479446,CN,CN,CROPS,WEARI,3.83
3479447,CN,CN,CROPS,LEATH,5.94
3479448,CN,CN,CROPS,PULP5,2648.10
3479449,CN,CN,CROPS,COALT,0.14
3479450,CN,CN,CROPS,MOTOR,4.80
3479451,CN,CN,CROPS,AVIAT,0.01
3479452,CN,CN,CROPS,KEROS,1.68
3479453,CN,CN,CROPS,KERO1,0.14
3479454,CN,CN,CROPS,GASDI,3.36
3479455,CN,CN,CROPS,HEAVY,0.73
3479456,CN,CN,CROPS,REFIN,0.02
3479457,CN,CN,CROPS,LIQUE,1.27
3479458,CN,CN,CROPS,REFI1,0.03
3479459,CN,CN,CROPS,NAPHT,1.13
3479460,CN,CN,CROPS,WHITE,0.01
3479461,CN,CN,CROPS,LUBRI,0.03
3479462,CN,CN,CROPS,BITU1,0.23
3479463,CN,CN,CROPS,PARAF,0.06
3479464,CN,CN,CROPS,PETRO,0.05
3479465,CN,CN,CROPS,NONSP,0.39
3479466,CN,CN,CROPS,NFERT,2.85
3479467,CN,CN,CROPS,PFERT,0.65
3479468,CN,CN,CROPS,GLASS,54.39
3479469,CN,CN,CROPS,CERAM,67.91
3479470,CN,CN,CROPS,BRICK,62.45
3479471,CN,CN,CROPS,NONME,17.25
3479472,CN,CN,CROPS,BASIC,36.28
3479473,CN,CN,CROPS,PREC1,12.74
3479474,CN,CN,CROPS,ALUM1,20.79
3479475,CN,CN,CROPS,LEAD1,18.81
3479476,CN,CN,CROPS,COPP1,20.46
3479477,CN,CN,CROPS,NONF1,13.60
3479478,CN,CN,CROPS,FOUND,19.25
3479479,CN,CN,CROPS,FABRI,32.97
3479480,CN,CN,CROPS,OFFIC,20.25
3479481,CN,CN,CROPS,ELECT,4.39
3479482,CN,CN,CROPS,MEDIC,0.44
3479483,CN,CN,CROPS,MOTO1,4.02
3479484,CN,CN,CROPS,TRANS,1.17
3479485,CN,CN,CROPS,FURNI,970.98
3479486,CN,CN,CROPS,ELEC7,0.23
3479487,CN,CN,CROPS,WHOLE,0.51
3479488,CN,CN,CROPS,RETA1,0.46
3479489,CN,CN,CROPS,HOTEL,477.98
3479490,CN,CN,CROPS,RAILW,376.83
3479491,CN,CN,CROPS,LANDT,195.65
3479492,CN,CN,CROPS,SUPPO,462.27
3479493,CN,CN,CROPS,REALE,6.61
3479494,CN,CN,CROPS,BUSIN,359.07
3479495,CN,CN,CROPS,EDUCA,200.91
3479496,CN,CN,CROPS,HEALT,102.69
3479497,CN,CN,CROPS,RECRE,142.50
3479498,CN,CN,CROPS,PRIVA,276.02
3479499,CN,CN,CATTL,CATTL,287.61
3479500,CN,CN,CATTL,PIGS9,0.02
3479501,CN,CN,CATTL,POULT,11.62
3479502,CN,CN,CATTL,MEATA,0.05
3479503,CN,CN,CATTL,ANIMA,0.76
3479504,CN,CN,CATTL,RAWMI,0.17
3479505,CN,CN,CATTL,WOOLS,5.63
3479506,CN,CN,CATTL,FORES,1.76
3479507,CN,CN,CATTL,COKIN,3.84
3479508,CN,CN,CATTL,BITUM,33.64
3479509,CN,CN,CATTL,PATEN,0.06
3479510,CN,CN,CATTL,HYDRO,2.38
3479511,CN,CN,CATTL,MEATC,47178.77
3479512,CN,CN,CATTL,LEATH,900.66
3479513,CN,CN,CATTL,PAPER,0.06
3479514,CN,CN,CATTL,ELEC7,0.09
3479515,CN,CN,CATTL,LANDT,126.66
3479516,CN,CN,CATTL,TRAN2,2.98
3479517,CN,CN,CATTL,SEACO,57.75
3479518,CN,CN,CATTL,INLAN,2.47
3479519,CN,CN,CATTL,RESEA,518.43
3479520,CN,CN,PIGS9,CATTL,26.96
3479521,CN,CN,PIGS9,PIGS9,102.68
3479522,CN,CN,PIGS9,POULT,75.03
3479523,CN,CN,PIGS9,MEATA,5.85
3479524,CN,CN,PIGS9,ANIMA,4.44
3479525,CN,CN,PIGS9,RAWMI,0.17
3479526,CN,CN,PIGS9,FORES,6.65
3479527,CN,CN,PIGS9,FISHF,1299.07
3479528,CN,CN,PIGS9,COKIN,1.38
3479529,CN,CN,PIGS9,BITUM,12.09
3479530,CN,CN,PIGS9,PATEN,0.02
3479531,CN,CN,PIGS9,HYDRO,0.85
3479532,CN,CN,PIGS9,MEATP,160337.95
3479533,CN,CN,PIGS9,TOBAC,36.12
3479534,CN,CN,PIGS9,TEXTI,13953.83
3479535,CN,CN,PIGS9,WEARI,906.72
3479536,CN,CN,PIGS9,LEATH,1479.04
3479537,CN,CN,PIGS9,WOODW,1262.13
3479538,CN,CN,PIGS9,PULP5,81.47
3479539,CN,CN,PIGS9,PAPER,5033.48
3479540,CN,CN,PIGS9,PRINT,1310.29
3479541,CN,CN,PIGS9,RUBBE,8546.86
3479542,CN,CN,PIGS9,GLASS,446.75
3479543,CN,CN,PIGS9,BASIC,112.34
3479544,CN,CN,PIGS9,PREC1,12.80
3479545,CN,CN,PIGS9,ALUM1,16.64
3479546,CN,CN,PIGS9,LEAD1,3.81
3479547,CN,CN,PIGS9,COPP1,9.84
3479548,CN,CN,PIGS9,NONF1,6.10
3479549,CN,CN,PIGS9,FOUND,9.37
3479550,CN,CN,PIGS9,FABRI,185.32
3479551,CN,CN,PIGS9,OFFIC,16.53
3479552,CN,CN,PIGS9,ELECT,15.48
3479553,CN,CN,PIGS9,MEDIC,0.26
3479554,CN,CN,PIGS9,MOTO1,43.36
3479555,CN,CN,PIGS9,TRANS,27.30
3479556,CN,CN,PIGS9,FURNI,43516.91
3479557,CN,CN,PIGS9,ELEC7,0.91
3479558,CN,CN,PIGS9,CONST,18073.48
3479559,CN,CN,PIGS9,RETAI,132.41
3479560,CN,CN,PIGS9,WHOLE,91.94
3479561,CN,CN,PIGS9,RETA1,77.58
3479562,CN,CN,PIGS9,HOTEL,1304.53
3479563,CN,CN,PIGS9,RAILW,643.45
3479564,CN,CN,PIGS9,LANDT,5874.49
3479565,CN,CN,PIGS9,TRAN2,438.43
3479566,CN,CN,PIGS9,INLAN,363.48
3479567,CN,CN,PIGS9,AIRTR,0.92
3479568,CN,CN,PIGS9,SUPPO,0.22
3479569,CN,CN,PIGS9,REALE,2.88
3479570,CN,CN,PIGS9,RESEA,7.36
3479571,CN,CN,PIGS9,BUSIN,29.76
3479572,CN,CN,PIGS9,EDUCA,908.67
3479573,CN,CN,PIGS9,HEALT,189.91
3479574,CN,CN,PIGS9,RECRE,2.29
3479575,CN,CN,PIGS9,93197,33.09
3479576,CN,CN,POULT,CATTL,4.50
3479577,CN,CN,POULT,PIGS9,0.14
3479578,CN,CN,POULT,POULT,969.64
3479579,CN,CN,POULT,MEATA,0.03
3479580,CN,CN,POULT,ANIMA,3.14
3479581,CN,CN,POULT,RAWMI,0.05
3479582,CN,CN,POULT,FORES,2.99
3479583,CN,CN,POULT,FISHF,15.91
3479584,CN,CN,POULT,HYDRO,0.34
3479585,CN,CN,POULT,MEAT1,129850.42
3479586,CN,CN,POULT,ELEC7,0.57
3479587,CN,CN,POULT,INLAN,52.31
3479588,CN,CN,MEATA,PIGS9,0.04
3479589,CN,CN,MEATA,POULT,1.99
3479590,CN,CN,MEATA,RAWMI,11.58
3479591,CN,CN,MEATA,COKIN,50.28
3479592,CN,CN,MEATA,BITUM,440.71
3479593,CN,CN,MEATA,PATEN,0.77
3479594,CN,CN,MEATA,HYDRO,2.73
3479595,CN,CN,MEATA,MEAT4,17765.64
3479596,CN,CN,MEATA,ELEC7,19.18
3479597,CN,CN,MEATA,LANDT,5164.07
3479598,CN,CN,MEATA,TRAN2,321.95
3479599,CN,CN,MEATA,INLAN,266.92
3479600,CN,CN,MEATA,PRIVA,1136.54
3479601,CN,CN,ANIMA,CATTL,0.12
3479602,CN,CN,ANIMA,POULT,3.84
3479603,CN,CN,ANIMA,MEATA,0.03
3479604,CN,CN,ANIMA,ANIMA,0.01
3479605,CN,CN,ANIMA,WOOLS,0.02
3479606,CN,CN,ANIMA,COKIN,0.14
3479607,CN,CN,ANIMA,BITUM,1.22
3479608,CN,CN,ANIMA,HYDRO,0.10
3479609,CN,CN,ANIMA,DAIRY,0.01
3479610,CN,CN,ANIMA,TEXTI,190.96
3479611,CN,CN,ANIMA,WEARI,154.05
3479612,CN,CN,ANIMA,NFERT,3.70
3479613,CN,CN,ANIMA,PFERT,838.73
3479614,CN,CN,ANIMA,CHEM1,29.45
3479615,CN,CN,ANIMA,BIOGA,0.14
3479616,CN,CN,ANIMA,BIODI,0.08
3479617,CN,CN,ANIMA,RUBBE,766.82
3479618,CN,CN,ANIMA,CERAM,0.24
3479619,CN,CN,ANIMA,FURNI,16.19
3479620,CN,CN,ANIMA,ELEC7,0.01
3479621,CN,CN,ANIMA,HOTEL,131.44
3479622,CN,CN,ANIMA,LANDT,27.27
3479623,CN,CN,ANIMA,TRAN2,0.64
3479624,CN,CN,ANIMA,SEACO,12.43
3479625,CN,CN,ANIMA,INLAN,0.53
3479626,CN,CN,ANIMA,SUPPO,0.03
3479627,CN,CN,ANIMA,RESEA,2257.16
3479628,CN,CN,ANIMA,EDUCA,1.85
3479629,CN,CN,ANIMA,HEALT,16.85
3479630,CN,CN,ANIMA,93197,0.14
3479631,CN,CN,ANIMA,PRIVA,0.10
3479632,CN,CN,RAWMI,CATTL,25.06
3479633,CN,CN,RAWMI,PIGS9,0.44
3479634,CN,CN,RAWMI,POULT,1.13
3479635,CN,CN,RAWMI,MEATA,0.03
3479636,CN,CN,RAWMI,ANIMA,0.48
3479637,CN,CN,RAWMI,RAWMI,12.60
3479638,CN,CN,RAWMI,FORES,5.38
3479639,CN,CN,RAWMI,FISHF,69.81
3479640,CN,CN,RAWMI,COKIN,149.87
3479641,CN,CN,RAWMI,BITUM,1313.70
3479642,CN,CN,RAWMI,PATEN,2.30
3479643,CN,CN,RAWMI,HYDRO,92.81
3479644,CN,CN,RAWMI,DAIRY,18312.76
3479645,CN,CN,RAWMI,FOOD5,21.29
3479646,CN,CN,RAWMI,TOBAC,29.23
3479647,CN,CN,RAWMI,WEARI,1050.77
3479648,CN,CN,RAWMI,LEATH,1714.02
3479649,CN,CN,RAWMI,WOODW,117.96
3479650,CN,CN,RAWMI,PULP5,4.38
3479651,CN,CN,RAWMI,PAPER,138.68
3479652,CN,CN,RAWMI,PRINT,70.42
3479653,CN,CN,RAWMI,GLASS,24.01
3479654,CN,CN,RAWMI,BASIC,6.04
3479655,CN,CN,RAWMI,PREC1,0.69
3479656,CN,CN,RAWMI,ALUM1,0.89
3479657,CN,CN,RAWMI,LEAD1,0.20
3479658,CN,CN,RAWMI,COPP1,0.53
3479659,CN,CN,RAWMI,NONF1,0.33
3479660,CN,CN,RAWMI,FOUND,0.50
3479661,CN,CN,RAWMI,FABRI,9.96
3479662,CN,CN,RAWMI,OFFIC,0.89
3479663,CN,CN,RAWMI,ELECT,0.83
3479664,CN,CN,RAWMI,MEDIC,0.01
3479665,CN,CN,RAWMI,MOTO1,2.33
3479666,CN,CN,RAWMI,TRANS,1.47
3479667,CN,CN,RAWMI,FURNI,693.34
3479668,CN,CN,RAWMI,ELEC7,0.03
3479669,CN,CN,RAWMI,CONST,1002.92
3479670,CN,CN,RAWMI,WHOLE,74.40
3479671,CN,CN,RAWMI,RETA1,62.78
3479672,CN,CN,RAWMI,LANDT,1006.45
3479673,CN,CN,RAWMI,TRAN2,23.70
3479674,CN,CN,RAWMI,SEACO,458.86
3479675,CN,CN,RAWMI,INLAN,19.65
3479676,CN,CN,RAWMI,AIRTR,181.66
3479677,CN,CN,RAWMI,SUPPO,27.61
3479678,CN,CN,RAWMI,REALE,16.90
3479679,CN,CN,RAWMI,BUSIN,153.31
3479680,CN,CN,RAWMI,EDUCA,735.36
3479681,CN,CN,RAWMI,HEALT,220.08
3479682,CN,CN,RAWMI,RECRE,2.66
3479683,CN,CN,RAWMI,93197,38.35
3479684,CN,CN,WOOLS,POULT,0.25
3479685,CN,CN,WOOLS,RAWMI,1.44
3479686,CN,CN,WOOLS,COKIN,52.49
3479687,CN,CN,WOOLS,BITUM,460.09
3479688,CN,CN,WOOLS,PATEN,0.81
3479689,CN,CN,WOOLS,HYDRO,1.82
3479690,CN,CN,WOOLS,TEXTI,5908.73
3479691,CN,CN,WOOLS,ELEC7,12.84
3479692,CN,CN,FORES,VEGET,825.76
3479693,CN,CN,FORES,OILSE,13.00
3479694,CN,CN,FORES,SUGAR,16.64
3479695,CN,CN,FORES,PLANT,1.35
3479696,CN,CN,FORES,CROPS,24.32
3479697,CN,CN,FORES,CATTL,0.36
3479698,CN,CN,FORES,PIGS9,1.65
3479699,CN,CN,FORES,RAWMI,0.87
3479700,CN,CN,FORES,FORES,393.64
3479701,CN,CN,FORES,FISHF,8.81
3479702,CN,CN,FORES,VEGE1,0.07
3479703,CN,CN,FORES,DAIRY,10.85
3479704,CN,CN,FORES,PROCE,7.91
3479705,CN,CN,FORES,BEVER,127.35
3479706,CN,CN,FORES,FISH5,395.31
3479707,CN,CN,FORES,TOBAC,1.81
3479708,CN,CN,FORES,WEARI,456.84
3479709,CN,CN,FORES,LEATH,314.61
3479710,CN,CN,FORES,PULP5,444.44
3479711,CN,CN,FORES,PRINT,320.27
3479712,CN,CN,FORES,COKEO,0.25
3479713,CN,CN,FORES,COALT,0.11
3479714,CN,CN,FORES,MOTOR,3.81
3479715,CN,CN,FORES,AVIAT,0.01
3479716,CN,CN,FORES,KEROS,1.33
3479717,CN,CN,FORES,KERO1,0.11
3479718,CN,CN,FORES,GASDI,2.66
3479719,CN,CN,FORES,HEAVY,0.58
3479720,CN,CN,FORES,REFIN,0.02
3479721,CN,CN,FORES,LIQUE,1.01
3479722,CN,CN,FORES,REFI1,0.02
3479723,CN,CN,FORES,NAPHT,0.89
3479724,CN,CN,FORES,WHITE,0.01
3479725,CN,CN,FORES,LUBRI,0.02
3479726,CN,CN,FORES,BITU1,0.18
3479727,CN,CN,FORES,PARAF,0.04
3479728,CN,CN,FORES,PETRO,0.04
3479729,CN,CN,FORES,NONSP,0.31
3479730,CN,CN,FORES,PLAST,1252.26
3479731,CN,CN,FORES,CERAM,0.46
3479732,CN,CN,FORES,BASIC,18.56
3479733,CN,CN,FORES,PREC1,4.52
3479734,CN,CN,FORES,ALUM1,2.45
3479735,CN,CN,FORES,LEAD1,0.76
3479736,CN,CN,FORES,COPP1,1.33
3479737,CN,CN,FORES,NONF1,1.34
3479738,CN,CN,FORES,FOUND,1.42
3479739,CN,CN,FORES,FABRI,3.24
3479740,CN,CN,FORES,OFFIC,0.31
3479741,CN,CN,FORES,ELECT,0.05
3479742,CN,CN,FORES,MEDIC,0.01
3479743,CN,CN,FORES,MOTO1,0.19
3479744,CN,CN,FORES,TRANS,0.11
3479745,CN,CN,FORES,FURNI,3264.33
3479746,CN,CN,FORES,ELEC7,0.01
3479747,CN,CN,FORES,CONST,513.08
3479748,CN,CN,FORES,WHOLE,20.08
3479749,CN,CN,FORES,RETA1,13.90
3479750,CN,CN,FORES,HOTEL,661.74
3479751,CN,CN,FORES,AIRTR,12.60
3479752,CN,CN,FORES,SUPPO,1313.20
3479753,CN,CN,FORES,REALE,1.84
3479754,CN,CN,FORES,BUSIN,48.29
3479755,CN,CN,FORES,EDUCA,3.15
3479756,CN,CN,FORES,HEALT,73.63
3479757,CN,CN,FORES,RECRE,9.08
3479758,CN,CN,FORES,93197,2.51
3479759,CN,CN,FISHF,VEGET,176.13
3479760,CN,CN,FISHF,OILSE,4.83
3479761,CN,CN,FISHF,SUGAR,4.42
3479762,CN,CN,FISHF,PLANT,0.22
3479763,CN,CN,FISHF,CROPS,7.19
3479764,CN,CN,FISHF,CATTL,1.45
3479765,CN,CN,FISHF,PIGS9,2.04
3479766,CN,CN,FISHF,RAWMI,0.35
3479767,CN,CN,FISHF,FORES,0.05
3479768,CN,CN,FISHF,FISHF,566.22
3479769,CN,CN,FISHF,COKIN,0.44
3479770,CN,CN,FISHF,BITUM,3.83
3479771,CN,CN,FISHF,PATEN,0.01
3479772,CN,CN,FISHF,FISH5,347277.09
3479773,CN,CN,FISHF,TOBAC,0.03
3479774,CN,CN,FISHF,TEXTI,114.45
3479775,CN,CN,FISHF,WEARI,28.48
3479776,CN,CN,FISHF,LEATH,133.18
3479777,CN,CN,FISHF,WOODW,0.86
3479778,CN,CN,FISHF,PULP5,0.04
3479779,CN,CN,FISHF,PAPER,11.83
3479780,CN,CN,FISHF,PRINT,1.44
3479781,CN,CN,FISHF,COKEO,0.03
3479782,CN,CN,FISHF,COALT,0.02
3479783,CN,CN,FISHF,MOTOR,0.62
3479784,CN,CN,FISHF,KEROS,0.21
3479785,CN,CN,FISHF,KERO1,0.02
3479786,CN,CN,FISHF,GASDI,0.43
3479787,CN,CN,FISHF,HEAVY,0.09
3479788,CN,CN,FISHF,LIQUE,0.16
3479789,CN,CN,FISHF,NAPHT,0.14
3479790,CN,CN,FISHF,BITU1,0.03
3479791,CN,CN,FISHF,PARAF,0.01
3479792,CN,CN,FISHF,PETRO,0.01
3479793,CN,CN,FISHF,NONSP,0.05
3479794,CN,CN,FISHF,PLAST,478.49
3479795,CN,CN,FISHF,NFERT,1.86
3479796,CN,CN,FISHF,PFERT,436.09
3479797,CN,CN,FISHF,CHEM1,761.24
3479798,CN,CN,FISHF,BIOGA,3.71
3479799,CN,CN,FISHF,BIODI,1.98
3479800,CN,CN,FISHF,RUBBE,35.73
3479801,CN,CN,FISHF,GLASS,0.39
3479802,CN,CN,FISHF,BASIC,0.26
3479803,CN,CN,FISHF,PREC1,0.07
3479804,CN,CN,FISHF,ALUM1,0.04
3479805,CN,CN,FISHF,LEAD1,0.01
3479806,CN,CN,FISHF,COPP1,0.02
3479807,CN,CN,FISHF,NONF1,0.02
3479808,CN,CN,FISHF,FOUND,0.02
3479809,CN,CN,FISHF,FABRI,0.02
3479810,CN,CN,FISHF,OFFIC,0.07
3479811,CN,CN,FISHF,MOTO1,0.01
3479812,CN,CN,FISHF,FURNI,756.08
3479813,CN,CN,FISHF,CONST,5.13
3479814,CN,CN,FISHF,RETAI,0.12
3479815,CN,CN,FISHF,WHOLE,6.23
3479816,CN,CN,FISHF,RETA1,8.47
3479817,CN,CN,FISHF,RAILW,139.67
3479818,CN,CN,FISHF,AIRTR,18.05
3479819,CN,CN,FISHF,SUPPO,323.09
3479820,CN,CN,FISHF,REALE,0.43
3479821,CN,CN,FISHF,RESEA,1121.38
3479822,CN,CN,FISHF,BUSIN,8.65
3479823,CN,CN,FISHF,EDUCA,3.16
3479824,CN,CN,FISHF,HEALT,439.41
3479825,CN,CN,FISHF,RECRE,17.77
3479826,CN,CN,FISHF,93197,0.81
3479827,CN,CN,COKIN,COKEO,76675.06
3479828,CN,CN,COKIN,COALT,15.52
3479829,CN,CN,BITUM,PADDY,250.95
3479830,CN,CN,BITUM,WHEAT,51.89
3479831,CN,CN,BITUM,CEREA,205.58
3479832,CN,CN,BITUM,VEGET,2163.42
3479833,CN,CN,BITUM,OILSE,91.78
3479834,CN,CN,BITUM,SUGAR,209.05
3479835,CN,CN,BITUM,PLANT,31.08
3479836,CN,CN,BITUM,CROPS,70.90
3479837,CN,CN,BITUM,CATTL,120.28
3479838,CN,CN,BITUM,PIGS9,184.96
3479839,CN,CN,BITUM,POULT,188.87
3479840,CN,CN,BITUM,MEATA,60.17
3479841,CN,CN,BITUM,ANIMA,5.00
3479842,CN,CN,BITUM,RAWMI,24.32
3479843,CN,CN,BITUM,WOOLS,8.13
3479844,CN,CN,BITUM,COKIN,3584.51
3479845,CN,CN,BITUM,BITUM,31420.76
3479846,CN,CN,BITUM,PATEN,55.06
3479847,CN,CN,BITUM,CRUDE,1549.04
3479848,CN,CN,BITUM,NATUR,340.09
3479849,CN,CN,BITUM,NATU1,0.84
3479850,CN,CN,BITUM,HYDRO,3718.93
3479851,CN,CN,BITUM,PRECI,0.01
3479852,CN,CN,BITUM,PROCE,2931.45
3479853,CN,CN,BITUM,TOBAC,222.00
3479854,CN,CN,BITUM,TEXTI,624.00
3479855,CN,CN,BITUM,WEARI,421.95
3479856,CN,CN,BITUM,LEATH,331.15
3479857,CN,CN,BITUM,WOODW,88.14
3479858,CN,CN,BITUM,PULP5,103.70
3479859,CN,CN,BITUM,PAPER,2283.73
3479860,CN,CN,BITUM,COKEO,27824.60
3479861,CN,CN,BITUM,COALT,5.63
3479862,CN,CN,BITUM,PLAST,7862.37
3479863,CN,CN,BITUM,NFERT,60.29
3479864,CN,CN,BITUM,PFERT,16586.41
3479865,CN,CN,BITUM,CHEM1,1531.36
3479866,CN,CN,BITUM,BIOGA,7.47
3479867,CN,CN,BITUM,BIODI,3.97
3479868,CN,CN,BITUM,RUBBE,11577.57
3479869,CN,CN,BITUM,CERAM,320.35
3479870,CN,CN,BITUM,BRICK,845.10
3479871,CN,CN,BITUM,CEMEN,89298.51
3479872,CN,CN,BITUM,NONME,54586.77
3479873,CN,CN,BITUM,BASIC,50026.64
3479874,CN,CN,BITUM,PREC1,124.13
3479875,CN,CN,BITUM,LEAD1,14.40
3479876,CN,CN,BITUM,COPP1,14466.32
3479877,CN,CN,BITUM,NONF1,125.52
3479878,CN,CN,BITUM,FABRI,1118.68
3479879,CN,CN,BITUM,OFFIC,206.82
3479880,CN,CN,BITUM,ELECT,36.59
3479881,CN,CN,BITUM,RADIO,8.19
3479882,CN,CN,BITUM,MEDIC,120.92
3479883,CN,CN,BITUM,MOTO1,137.14
3479884,CN,CN,BITUM,TRANS,31.18
3479885,CN,CN,BITUM,FURNI,8835.37
3479886,CN,CN,BITUM,ELEC1,255335.54
3479887,CN,CN,BITUM,COKE1,984.95
3479888,CN,CN,BITUM,BLAST,4125.35
3479889,CN,CN,BITUM,OXYGE,394.90
3479890,CN,CN,BITUM,GASWO,114.57
3479891,CN,CN,BITUM,BIOG1,1603.35
3479892,CN,CN,BITUM,DIST1,4444.36
3479893,CN,CN,BITUM,STEAM,144.68
3479894,CN,CN,BITUM,CONST,1163.39
3479895,CN,CN,BITUM,RETAI,34.06
3479896,CN,CN,BITUM,RAILW,0.03
3479897,CN,CN,BITUM,LANDT,0.12
3479898,CN,CN,BITUM,SEACO,0.02
3479899,CN,CN,BITUM,AIRTR,0.02
3479900,CN,CN,BITUM,SUPPO,193.77
3479901,CN,CN,BITUM,POSTT,91.53
3479902,CN,CN,BITUM,REALE,132.09
3479903,CN,CN,BITUM,RESEA,7.30
3479904,CN,CN,BITUM,BUSIN,113.69
3479905,CN,CN,BITUM,PUBLI,539.36
3479906,CN,CN,BITUM,EDUCA,130.55
3479907,CN,CN,BITUM,HEALT,945.31
3479908,CN,CN,BITUM,MEMBE,69.23
3479909,CN,CN,BITUM,RECRE,30.67
3479910,CN,CN,BITUM,93197,14.42
3479911,CN,CN,BITUM,PRIVA,8.53
3479912,CN,CN,PATEN,COKIN,0.99
3479913,CN,CN,PATEN,BITUM,8.68
3479914,CN,CN,PATEN,PATEN,0.02
3479915,CN,CN,PATEN,CRUDE,9.23
3479916,CN,CN,PATEN,NATUR,1.80
3479917,CN,CN,PATEN,MEATC,0.44
3479918,CN,CN,PATEN,MEATP,2.82
3479919,CN,CN,PATEN,MEAT1,0.82
3479920,CN,CN,PATEN,MEAT4,0.50
3479921,CN,CN,PATEN,DAIRY,0.16
3479922,CN,CN,PATEN,PROCE,0.22
3479923,CN,CN,PATEN,SUGA1,66.51
3479924,CN,CN,PATEN,FOOD5,6.12
3479925,CN,CN,PATEN,BEVER,0.52
3479926,CN,CN,PATEN,FISH5,4.04
3479927,CN,CN,PATEN,TOBAC,0.17
3479928,CN,CN,PATEN,TEXTI,13.06
3479929,CN,CN,PATEN,WEARI,6.59
3479930,CN,CN,PATEN,LEATH,3.15
3479931,CN,CN,PATEN,WOODW,0.38
3479932,CN,CN,PATEN,PULP5,0.16
3479933,CN,CN,PATEN,PAPER,10.47
3479934,CN,CN,PATEN,PRINT,2.82
3479935,CN,CN,PATEN,COKEO,49.04
3479936,CN,CN,PATEN,COALT,0.01
3479937,CN,CN,PATEN,PLAST,122.71
3479938,CN,CN,PATEN,NFERT,0.92
3479939,CN,CN,PATEN,PFERT,215.27
3479940,CN,CN,PATEN,CHEM1,23.77
3479941,CN,CN,PATEN,BIOGA,0.12
3479942,CN,CN,PATEN,BIODI,0.06
3479943,CN,CN,PATEN,RUBBE,11.70
3479944,CN,CN,PATEN,GLASS,24.49
3479945,CN,CN,PATEN,CERAM,27.71
3479946,CN,CN,PATEN,BRICK,0.66
3479947,CN,CN,PATEN,CEMEN,13.61
3479948,CN,CN,PATEN,NONME,19.30
3479949,CN,CN,PATEN,BASIC,207.47
3479950,CN,CN,PATEN,FOUND,28.61
3479951,CN,CN,PATEN,FABRI,0.62
3479952,CN,CN,PATEN,OFFIC,1.37
3479953,CN,CN,PATEN,ELECT,0.54
3479954,CN,CN,PATEN,RADIO,0.16
3479955,CN,CN,PATEN,MEDIC,0.15
3479956,CN,CN,PATEN,MOTO1,0.73
3479957,CN,CN,PATEN,TRANS,0.17
3479958,CN,CN,PATEN,FURNI,7.26
3479959,CN,CN,PATEN,ELEC1,1.40
3479960,CN,CN,PATEN,PRIVA,3.00
3479961,CN,CN,CRUDE,CRUDE,3237.14
3479962,CN,CN,CRUDE,NATUR,812.99
3479963,CN,CN,CRUDE,NATU1,2.01
3479964,CN,CN,CRUDE,COALT,3123.37
3479965,CN,CN,CRUDE,MOTOR,104736.34
3479966,CN,CN,CRUDE,AVIAT,154.69
3479967,CN,CN,CRUDE,KEROS,36522.45
3479968,CN,CN,CRUDE,KERO1,3136.35
3479969,CN,CN,CRUDE,GASDI,73179.83
3479970,CN,CN,CRUDE,HEAVY,15843.81
3479971,CN,CN,CRUDE,REFIN,429.28
3479972,CN,CN,CRUDE,LIQUE,27768.88
3479973,CN,CN,CRUDE,REFI1,676.99
3479974,CN,CN,CRUDE,NAPHT,24565.96
3479975,CN,CN,CRUDE,WHITE,246.84
3479976,CN,CN,CRUDE,LUBRI,680.14
3479977,CN,CN,CRUDE,BITU1,4941.55
3479978,CN,CN,CRUDE,PARAF,1216.17
3479979,CN,CN,CRUDE,PETRO,1099.41
3479980,CN,CN,CRUDE,NONSP,8478.39
3479981,CN,CN,CRUDE,PLAST,0.01
3479982,CN,CN,CRUDE,PFERT,0.01
3479983,CN,CN,CRUDE,RUBBE,236.17
3479984,CN,CN,CRUDE,MEDIC,0.16
3479985,CN,CN,CRUDE,FURNI,4.09
3479986,CN,CN,NATUR,VEGET,11.22
3479987,CN,CN,NATUR,OILSE,0.47
3479988,CN,CN,NATUR,SUGAR,1.04
3479989,CN,CN,NATUR,CROPS,1.07
3479990,CN,CN,NATUR,CATTL,0.06
3479991,CN,CN,NATUR,RAWMI,0.14
3479992,CN,CN,NATUR,FISHF,0.08
3479993,CN,CN,NATUR,COKIN,0.03
3479994,CN,CN,NATUR,BITUM,0.27
3479995,CN,CN,NATUR,CRUDE,1601.24
3479996,CN,CN,NATUR,NATUR,1179.45
3479997,CN,CN,NATUR,NATU1,2.92
3479998,CN,CN,NATUR,VEGE1,0.59
3479999,CN,CN,NATUR,DAIRY,61.35
3480000,CN,CN,NATUR,PROCE,245.37
3480001,CN,CN,NATUR,BEVER,277.02
3480002,CN,CN,NATUR,FISH5,523.67
3480003,CN,CN,NATUR,TOBAC,13.28
3480004,CN,CN,NATUR,TEXTI,436.64
3480005,CN,CN,NATUR,WEARI,202.37
3480006,CN,CN,NATUR,LEATH,118.54
3480007,CN,CN,NATUR,WOODW,66.49
3480008,CN,CN,NATUR,PULP5,12.43
3480009,CN,CN,NATUR,PAPER,554.21
3480010,CN,CN,NATUR,PRINT,16.64
3480011,CN,CN,NATUR,COALT,36.17
3480012,CN,CN,NATUR,MOTOR,1212.80
3480013,CN,CN,NATUR,AVIAT,1.79
3480014,CN,CN,NATUR,KEROS,422.91
3480015,CN,CN,NATUR,KERO1,36.32
3480016,CN,CN,NATUR,GASDI,847.39
3480017,CN,CN,NATUR,HEAVY,183.46
3480018,CN,CN,NATUR,REFIN,4.97
3480019,CN,CN,NATUR,LIQUE,321.55
3480020,CN,CN,NATUR,REFI1,7.84
3480021,CN,CN,NATUR,NAPHT,284.46
3480022,CN,CN,NATUR,WHITE,2.86
3480023,CN,CN,NATUR,LUBRI,7.88
3480024,CN,CN,NATUR,BITU1,57.22
3480025,CN,CN,NATUR,PARAF,14.08
3480026,CN,CN,NATUR,PETRO,12.73
3480027,CN,CN,NATUR,NONSP,98.18
3480028,CN,CN,NATUR,PLAST,2518.19
3480029,CN,CN,NATUR,NFERT,12.09
3480030,CN,CN,NATUR,PFERT,2664.76
3480031,CN,CN,NATUR,CHEM1,402.38
3480032,CN,CN,NATUR,BIOGA,1.96
3480033,CN,CN,NATUR,BIODI,1.04
3480034,CN,CN,NATUR,RUBBE,4385.83
3480035,CN,CN,NATUR,GLASS,1266.51
3480036,CN,CN,NATUR,CERAM,1887.24
3480037,CN,CN,NATUR,BASIC,1472.48
3480038,CN,CN,NATUR,PREC1,5.23
3480039,CN,CN,NATUR,ALUM1,328.23
3480040,CN,CN,NATUR,LEAD1,80.91
3480041,CN,CN,NATUR,COPP1,41.68
3480042,CN,CN,NATUR,NONF1,66.57
3480043,CN,CN,NATUR,FOUND,145.04
3480044,CN,CN,NATUR,FABRI,1266.17
3480045,CN,CN,NATUR,OFFIC,9.98
3480046,CN,CN,NATUR,ELECT,293.42
3480047,CN,CN,NATUR,RADIO,2.09
3480048,CN,CN,NATUR,MEDIC,84.22
3480049,CN,CN,NATUR,MOTO1,869.62
3480050,CN,CN,NATUR,TRANS,317.91
3480051,CN,CN,NATUR,FURNI,294.09
3480052,CN,CN,NATUR,ELEC2,10345.77
3480053,CN,CN,NATUR,COKE1,18.57
3480054,CN,CN,NATUR,BLAST,77.76
3480055,CN,CN,NATUR,OXYGE,7.44
3480056,CN,CN,NATUR,GASWO,2.16
3480057,CN,CN,NATUR,BIOG1,30.22
3480058,CN,CN,NATUR,DIST1,83.77
3480059,CN,CN,NATUR,STEAM,398.40
3480060,CN,CN,NATUR,CONST,166.85
3480061,CN,CN,NATUR,HOTEL,444.00
3480062,CN,CN,NATUR,RAILW,1.38
3480063,CN,CN,NATUR,LANDT,9.14
3480064,CN,CN,NATUR,TRAN2,42.59
3480065,CN,CN,NATUR,SEACO,0.29
3480066,CN,CN,NATUR,INLAN,0.03
3480067,CN,CN,NATUR,AIRTR,0.60
3480068,CN,CN,NATUR,SUPPO,147.56
3480069,CN,CN,NATUR,RESEA,27.22
3480070,CN,CN,NATUR,BUSIN,13.80
3480071,CN,CN,NATUR,PUBLI,120.26
3480072,CN,CN,NATUR,HEALT,25.90
3480073,CN,CN,NATUR,MEMBE,1.44
3480074,CN,CN,NATUR,RECRE,14.23
3480075,CN,CN,NATUR,93197,30.53
3480076,CN,CN,NATUR,PRIVA,0.02
3480077,CN,CN,NATU1,BITUM,0.02
3480078,CN,CN,NATU1,CRUDE,0.02
3480079,CN,CN,NATU1,NATUR,0.02
3480080,CN,CN,NATU1,IRONO,0.02
3480081,CN,CN,NATU1,COPPE,0.01
3480082,CN,CN,NATU1,PRECI,0.02
3480083,CN,CN,NATU1,COALT,1.57
3480084,CN,CN,NATU1,MOTOR,52.81
3480085,CN,CN,NATU1,AVIAT,0.08
3480086,CN,CN,NATU1,KEROS,18.41
3480087,CN,CN,NATU1,KERO1,1.58
3480088,CN,CN,NATU1,GASDI,36.90
3480089,CN,CN,NATU1,HEAVY,7.99
3480090,CN,CN,NATU1,REFIN,0.22
3480091,CN,CN,NATU1,LIQUE,14.00
3480092,CN,CN,NATU1,REFI1,0.34
3480093,CN,CN,NATU1,NAPHT,12.39
3480094,CN,CN,NATU1,WHITE,0.12
3480095,CN,CN,NATU1,LUBRI,0.34
3480096,CN,CN,NATU1,BITU1,2.49
3480097,CN,CN,NATU1,PARAF,0.61
3480098,CN,CN,NATU1,PETRO,0.55
3480099,CN,CN,NATU1,NONSP,4.27
3480100,CN,CN,NATU1,PLAST,1.11
3480101,CN,CN,NATU1,PFERT,0.02
3480102,CN,CN,NATU1,CHEM1,0.12
3480103,CN,CN,NATU1,COKE1,0.03
3480104,CN,CN,NATU1,BLAST,0.12
3480105,CN,CN,NATU1,OXYGE,0.01
3480106,CN,CN,NATU1,BIOG1,0.04
3480107,CN,CN,NATU1,DIST1,0.12
3480108,CN,CN,HYDRO,COALT,58.60
3480109,CN,CN,HYDRO,MOTOR,1965.00
3480110,CN,CN,HYDRO,AVIAT,2.90
3480111,CN,CN,HYDRO,KEROS,685.21
3480112,CN,CN,HYDRO,KERO1,58.84
3480113,CN,CN,HYDRO,GASDI,1372.96
3480114,CN,CN,HYDRO,HEAVY,297.25
3480115,CN,CN,HYDRO,REFIN,8.05
3480116,CN,CN,HYDRO,LIQUE,520.98
3480117,CN,CN,HYDRO,REFI1,12.70
3480118,CN,CN,HYDRO,NAPHT,460.89
3480119,CN,CN,HYDRO,WHITE,4.63
3480120,CN,CN,HYDRO,LUBRI,12.76
3480121,CN,CN,HYDRO,BITU1,92.71
3480122,CN,CN,HYDRO,PARAF,22.82
3480123,CN,CN,HYDRO,PETRO,20.63
3480124,CN,CN,HYDRO,NONSP,159.07
3480125,CN,CN,IRONO,COPPE,0.05
3480126,CN,CN,IRONO,PRECI,0.18
3480127,CN,CN,IRONO,RUBBE,17.54
3480128,CN,CN,IRONO,NONME,16.46
3480129,CN,CN,IRONO,OFFIC,0.88
3480130,CN,CN,IRONO,RADIO,0.02
3480131,CN,CN,IRONO,MEDIC,0.12
3480132,CN,CN,IRONO,MOTO1,9.03
3480133,CN,CN,IRONO,TRANS,4.00
3480134,CN,CN,IRONO,FURNI,22.76
3480135,CN,CN,IRONO,ELEC1,0.01
3480136,CN,CN,IRONO,ELEC2,0.02
3480137,CN,CN,IRONO,ELEC3,0.01
3480138,CN,CN,IRONO,ELEC4,0.02
3480139,CN,CN,IRONO,ELEC5,0.08
3480140,CN,CN,IRONO,RESEA,240.44
3480141,CN,CN,IRONO,BUSIN,1.68
3480142,CN,CN,COPPE,COPPE,0.15
3480143,CN,CN,COPPE,NICKE,0.01
3480144,CN,CN,COPPE,PRECI,0.53
3480145,CN,CN,COPPE,LEADZ,0.01
3480146,CN,CN,COPPE,NFERT,39.63
3480147,CN,CN,COPPE,RUBBE,47.41
3480148,CN,CN,COPPE,CERAM,412.19
3480149,CN,CN,COPPE,CEMEN,25.38
3480150,CN,CN,COPPE,OFFIC,2.20
3480151,CN,CN,COPPE,RADIO,0.06
3480152,CN,CN,COPPE,MEDIC,0.30
3480153,CN,CN,COPPE,MOTO1,24.21
3480154,CN,CN,COPPE,TRANS,10.73
3480155,CN,CN,COPPE,FURNI,76.81
3480156,CN,CN,COPPE,ELEC1,0.10
3480157,CN,CN,COPPE,ELEC2,0.02
3480158,CN,CN,COPPE,ELEC3,0.05
3480159,CN,CN,COPPE,ELEC4,0.16
3480160,CN,CN,COPPE,ELEC5,0.11
3480161,CN,CN,COPPE,TRAN1,0.05
3480162,CN,CN,COPPE,DISTR,0.05
3480163,CN,CN,COPPE,BUSIN,5.24
3480164,CN,CN,NICKE,COPPE,0.02
3480165,CN,CN,NICKE,PRECI,0.06
3480166,CN,CN,NICKE,RUBBE,5.72
3480167,CN,CN,NICKE,CERAM,33.89
3480168,CN,CN,NICKE,OFFIC,0.28
3480169,CN,CN,NICKE,RADIO,0.01
3480170,CN,CN,NICKE,MEDIC,0.04
3480171,CN,CN,NICKE,MOTO1,2.91
3480172,CN,CN,NICKE,TRANS,1.29
3480173,CN,CN,NICKE,FURNI,7.44
3480174,CN,CN,NICKE,ELEC1,0.02
3480175,CN,CN,NICKE,ELEC2,0.03
3480176,CN,CN,NICKE,ELEC3,0.01
3480177,CN,CN,NICKE,ELEC4,0.03
3480178,CN,CN,NICKE,ELEC5,0.02
3480179,CN,CN,NICKE,BUSIN,0.55
3480180,CN,CN,ALUMI,NFERT,0.24
3480181,CN,CN,ALUMI,RUBBE,0.38
3480182,CN,CN,ALUMI,CERAM,6.66
3480183,CN,CN,ALUMI,CEMEN,0.35
3480184,CN,CN,ALUMI,NONME,12.15
3480185,CN,CN,ALUMI,MACHI,0.01
3480186,CN,CN,ALUMI,OFFIC,0.02
3480187,CN,CN,ALUMI,MOTO1,0.19
3480188,CN,CN,ALUMI,TRANS,0.09
3480189,CN,CN,ALUMI,FURNI,0.50
3480190,CN,CN,ALUMI,ELEC3,0.01
3480191,CN,CN,ALUMI,RESEA,5.81
3480192,CN,CN,ALUMI,BUSIN,0.04
3480193,CN,CN,PRECI,COPPE,0.10
3480194,CN,CN,PRECI,PRECI,0.37
3480195,CN,CN,PRECI,LEADZ,0.01
3480196,CN,CN,PRECI,PREC1,250.73
3480197,CN,CN,PRECI,MEDIC,0.23
3480198,CN,CN,PRECI,ELEC2,0.03
3480199,CN,CN,PRECI,ELEC3,0.06
3480200,CN,CN,PRECI,ELEC4,0.19
3480201,CN,CN,PRECI,ELEC5,0.30
3480202,CN,CN,PRECI,ELE10,0.03
3480203,CN,CN,PRECI,TRAN1,0.08
3480204,CN,CN,LEADZ,COPPE,0.03
3480205,CN,CN,LEADZ,PRECI,0.11
3480206,CN,CN,LEADZ,NFERT,22.92
3480207,CN,CN,LEADZ,RUBBE,11.03
3480208,CN,CN,LEADZ,OFFIC,0.53
3480209,CN,CN,LEADZ,RADIO,0.01
3480210,CN,CN,LEADZ,MEDIC,0.07
3480211,CN,CN,LEADZ,MOTO1,5.43
3480212,CN,CN,LEADZ,TRANS,2.41
3480213,CN,CN,LEADZ,FURNI,4.35
3480214,CN,CN,LEADZ,ELEC1,0.03
3480215,CN,CN,LEADZ,ELEC2,0.03
3480216,CN,CN,LEADZ,ELEC3,0.01
3480217,CN,CN,LEADZ,ELEC4,0.04
3480218,CN,CN,LEADZ,ELEC5,0.08
3480219,CN,CN,LEADZ,BUSIN,1.06
3480220,CN,CN,NONFE,COPPE,0.10
3480221,CN,CN,NONFE,PRECI,0.38
3480222,CN,CN,NONFE,LEADZ,0.01
3480223,CN,CN,NONFE,NFERT,8.02
3480224,CN,CN,NONFE,RUBBE,36.81
3480225,CN,CN,NONFE,CERAM,138.86
3480226,CN,CN,NONFE,BRICK,10.07
3480227,CN,CN,NONFE,NONME,117.10
3480228,CN,CN,NONFE,OFFIC,1.80
3480229,CN,CN,NONFE,RADIO,0.05
3480230,CN,CN,NONFE,MEDIC,0.25
3480231,CN,CN,NONFE,MOTO1,18.49
3480232,CN,CN,NONFE,TRANS,8.19
3480233,CN,CN,NONFE,FURNI,47.03
3480234,CN,CN,NONFE,ELEC1,0.03
3480235,CN,CN,NONFE,ELEC2,0.01
3480236,CN,CN,NONFE,ELEC3,0.01
3480237,CN,CN,NONFE,ELEC4,0.04
3480238,CN,CN,NONFE,ELEC5,0.01
3480239,CN,CN,NONFE,BUSIN,3.46
3480240,CN,CN,STONE,OILSE,0.08
3480241,CN,CN,STONE,SUGAR,0.22
3480242,CN,CN,STONE,PLANT,0.14
3480243,CN,CN,STONE,CROPS,0.28
3480244,CN,CN,STONE,CATTL,0.04
3480245,CN,CN,STONE,PIGS9,0.04
3480246,CN,CN,STONE,RAWMI,0.01
3480247,CN,CN,STONE,RADIO,1.25
3480248,CN,CN,STONE,ELEC2,2.05
3480249,CN,CN,STONE,ELEC3,4.06
3480250,CN,CN,STONE,ELEC6,0.01
3480251,CN,CN,STONE,ELEC7,0.04
3480252,CN,CN,STONE,TRAN1,0.43
3480253,CN,CN,STONE,DISTR,1.12
3480254,CN,CN,STONE,COKE1,0.02
3480255,CN,CN,STONE,BLAST,0.08
3480256,CN,CN,STONE,OXYGE,0.01
3480257,CN,CN,STONE,BIOG1,0.03
3480258,CN,CN,STONE,DIST1,0.08
3480259,CN,CN,STONE,STEAM,0.87
3480260,CN,CN,STONE,AIRTR,0.01
3480261,CN,CN,STONE,SUPPO,0.39
3480262,CN,CN,STONE,BUSIN,0.18
3480263,CN,CN,STONE,MEMBE,1.83
3480264,CN,CN,STONE,93197,0.98
3480265,CN,CN,SANDC,PRECI,0.01
3480266,CN,CN,SANDC,STONE,0.22
3480267,CN,CN,SANDC,CHEMI,0.01
3480268,CN,CN,SANDC,PREC1,1.95
3480269,CN,CN,SANDC,LEAD1,1.95
3480270,CN,CN,SANDC,COPP1,8.07
3480271,CN,CN,SANDC,RADIO,5.05
3480272,CN,CN,SANDC,ELEC2,3.39
3480273,CN,CN,SANDC,ELEC3,5.59
3480274,CN,CN,SANDC,ELEC5,6.59
3480275,CN,CN,SANDC,ELEC6,0.01
3480276,CN,CN,SANDC,ELEC7,0.07
3480277,CN,CN,SANDC,TRAN1,0.07
3480278,CN,CN,SANDC,DISTR,0.19
3480279,CN,CN,SANDC,COKE1,0.16
3480280,CN,CN,SANDC,BLAST,0.68
3480281,CN,CN,SANDC,OXYGE,0.07
3480282,CN,CN,SANDC,GASWO,0.02
3480283,CN,CN,SANDC,BIOG1,0.26
3480284,CN,CN,SANDC,DIST1,0.73
3480285,CN,CN,SANDC,STEAM,1.78
3480286,CN,CN,SANDC,RAILW,9.26
3480287,CN,CN,SANDC,AIRTR,0.03
3480288,CN,CN,SANDC,SUPPO,1.03
3480289,CN,CN,SANDC,BUSIN,0.62
3480290,CN,CN,SANDC,MEMBE,1.52
3480291,CN,CN,SANDC,93197,3.74
3480292,CN,CN,CHEMI,OILSE,0.27
3480293,CN,CN,CHEMI,SUGAR,0.42
3480294,CN,CN,CHEMI,MEATA,0.01
3480295,CN,CN,CHEMI,FISHF,0.17
3480296,CN,CN,CHEMI,MEATC,0.03
3480297,CN,CN,CHEMI,MEATP,0.19
3480298,CN,CN,CHEMI,MEAT1,0.10
3480299,CN,CN,CHEMI,MEAT4,0.31
3480300,CN,CN,CHEMI,RADIO,0.03
3480301,CN,CN,CHEMI,ELEC1,0.17
3480302,CN,CN,CHEMI,ELEC2,0.04
3480303,CN,CN,CHEMI,ELEC3,0.08
3480304,CN,CN,CHEMI,ELEC4,0.26
3480305,CN,CN,CHEMI,ELEC5,0.10
3480306,CN,CN,CHEMI,TRAN1,0.02
3480307,CN,CN,CHEMI,DISTR,0.06
3480308,CN,CN,CHEMI,BLAST,0.01
3480309,CN,CN,CHEMI,DIST1,0.01
3480310,CN,CN,CHEMI,STEAM,0.03
3480311,CN,CN,CHEMI,SUPPO,0.01
3480312,CN,CN,CHEMI,PUBLI,0.12
3480313,CN,CN,CHEMI,MEMBE,0.05
3480314,CN,CN,CHEMI,93197,0.03
3480315,CN,CN,MEATC,BITUM,0.04
3480316,CN,CN,MEATC,CRUDE,0.02
3480317,CN,CN,MEATC,NATUR,0.01
3480318,CN,CN,MEATC,MEATC,16617.73
3480319,CN,CN,MEATC,PROCE,10.65
3480320,CN,CN,MEATC,FOOD5,8764.23
3480321,CN,CN,MEATC,RUBBE,738.87
3480322,CN,CN,MEATC,ELEC1,19.62
3480323,CN,CN,MEATC,ELEC2,2.45
3480324,CN,CN,MEATC,ELEC3,11.63
3480325,CN,CN,MEATC,ELEC4,34.68
3480326,CN,CN,MEATC,ELEC5,13.03
3480327,CN,CN,MEATC,ELEC6,0.01
3480328,CN,CN,MEATC,ELEC7,0.06
3480329,CN,CN,MEATC,ELEC8,14.63
3480330,CN,CN,MEATC,ELE11,0.01
3480331,CN,CN,MEATC,TRAN1,4.42
3480332,CN,CN,MEATC,DISTR,11.49
3480333,CN,CN,MEATC,RETAI,20.92
3480334,CN,CN,MEATC,HOTEL,21967.61
3480335,CN,CN,MEATC,TRAN2,18.63
3480336,CN,CN,MEATC,SUPPO,106.40
3480337,CN,CN,MEATC,PUBLI,11.03
3480338,CN,CN,MEATC,MEMBE,78.71
3480339,CN,CN,MEATC,93197,339.55
3480340,CN,CN,MEATP,BITUM,0.02
3480341,CN,CN,MEATP,CRUDE,0.02
3480342,CN,CN,MEATP,MEATP,47930.30
3480343,CN,CN,MEATP,PROCE,0.92
3480344,CN,CN,MEATP,FOOD5,26598.98
3480345,CN,CN,MEATP,FISH5,28.91
3480346,CN,CN,MEATP,RUBBE,8753.93
3480347,CN,CN,MEATP,ELEC1,19.10
3480348,CN,CN,MEATP,ELEC2,4.98
3480349,CN,CN,MEATP,ELEC3,9.41
3480350,CN,CN,MEATP,ELEC4,29.50
3480351,CN,CN,MEATP,ELEC5,10.98
3480352,CN,CN,MEATP,ELEC6,0.02
3480353,CN,CN,MEATP,ELEC7,0.10
3480354,CN,CN,MEATP,ELEC8,4.91
3480355,CN,CN,MEATP,TRAN1,0.80
3480356,CN,CN,MEATP,DISTR,2.08
3480357,CN,CN,MEATP,RETAI,3.68
3480358,CN,CN,MEATP,HOTEL,50774.85
3480359,CN,CN,MEATP,TRAN2,6.88
3480360,CN,CN,MEATP,SUPPO,174.60
3480361,CN,CN,MEATP,PUBLI,110.30
3480362,CN,CN,MEATP,HEALT,281.34
3480363,CN,CN,MEATP,MEMBE,12.98
3480364,CN,CN,MEATP,93197,356.02
3480365,CN,CN,MEAT1,BITUM,0.03
3480366,CN,CN,MEAT1,CRUDE,0.05
3480367,CN,CN,MEAT1,NATUR,0.01
3480368,CN,CN,MEAT1,MEAT1,15405.51
3480369,CN,CN,MEAT1,FOOD5,18094.94
3480370,CN,CN,MEAT1,RUBBE,7316.88
3480371,CN,CN,MEAT1,ELEC1,37.27
3480372,CN,CN,MEAT1,ELEC2,10.20
3480373,CN,CN,MEAT1,ELEC3,17.99
3480374,CN,CN,MEAT1,ELEC4,56.74
3480375,CN,CN,MEAT1,ELEC5,21.10
3480376,CN,CN,MEAT1,ELEC6,0.04
3480377,CN,CN,MEAT1,ELEC7,0.20
3480378,CN,CN,MEAT1,ELEC8,9.77
3480379,CN,CN,MEAT1,ELE11,0.01
3480380,CN,CN,MEAT1,TRAN1,0.89
3480381,CN,CN,MEAT1,DISTR,2.31
3480382,CN,CN,MEAT1,RETAI,0.01
3480383,CN,CN,MEAT1,HOTEL,48094.47
3480384,CN,CN,MEAT1,SUPPO,193.39
3480385,CN,CN,MEAT1,PUBLI,60.39
3480386,CN,CN,MEAT1,HEALT,429.71
3480387,CN,CN,MEAT1,MEMBE,18.50
3480388,CN,CN,MEAT1,93197,439.41
3480389,CN,CN,MEAT4,BITUM,0.04
3480390,CN,CN,MEAT4,CRUDE,0.05
3480391,CN,CN,MEAT4,NATUR,0.01
3480392,CN,CN,MEAT4,MEAT4,34756.18
3480393,CN,CN,MEAT4,PROCE,6.35
3480394,CN,CN,MEAT4,FOOD5,3368.39
3480395,CN,CN,MEAT4,FISH5,1394.08
3480396,CN,CN,MEAT4,WEARI,46398.67
3480397,CN,CN,MEAT4,NFERT,0.16
3480398,CN,CN,MEAT4,PFERT,37.84
3480399,CN,CN,MEAT4,CHEM1,194.80
3480400,CN,CN,MEAT4,BIOGA,0.95
3480401,CN,CN,MEAT4,BIODI,0.51
3480402,CN,CN,MEAT4,RUBBE,1534.00
3480403,CN,CN,MEAT4,FURNI,241.04
3480404,CN,CN,MEAT4,ELEC1,40.24
3480405,CN,CN,MEAT4,ELEC2,11.03
3480406,CN,CN,MEAT4,ELEC3,19.41
3480407,CN,CN,MEAT4,ELEC4,61.23
3480408,CN,CN,MEAT4,ELEC5,22.77
3480409,CN,CN,MEAT4,ELEC6,0.04
3480410,CN,CN,MEAT4,ELEC7,0.22
3480411,CN,CN,MEAT4,ELEC8,10.55
3480412,CN,CN,MEAT4,ELE11,0.01
3480413,CN,CN,MEAT4,TRAN1,0.94
3480414,CN,CN,MEAT4,DISTR,2.44
3480415,CN,CN,MEAT4,RETAI,24.59
3480416,CN,CN,MEAT4,TRAN2,47.49
3480417,CN,CN,MEAT4,SUPPO,64.90
3480418,CN,CN,MEAT4,PUBLI,15.02
3480419,CN,CN,MEAT4,EDUCA,63.58
3480420,CN,CN,MEAT4,HEALT,280.88
3480421,CN,CN,MEAT4,MEMBE,88.26
3480422,CN,CN,MEAT4,93197,311.75
3480423,CN,CN,VEGE1,FORES,1.20
3480424,CN,CN,VEGE1,COKIN,14.76
3480425,CN,CN,VEGE1,BITUM,129.37
3480426,CN,CN,VEGE1,PATEN,0.23
3480427,CN,CN,VEGE1,CRUDE,20.45
3480428,CN,CN,VEGE1,NATUR,2.34
3480429,CN,CN,VEGE1,NATU1,0.01
3480430,CN,CN,VEGE1,MEATC,1.73
3480431,CN,CN,VEGE1,MEATP,13.67
3480432,CN,CN,VEGE1,MEAT1,4.68
3480433,CN,CN,VEGE1,VEGE1,0.38
3480434,CN,CN,VEGE1,WOODW,14.52
3480435,CN,CN,VEGE1,PRINT,34.35
3480436,CN,CN,VEGE1,RADIO,79.09
3480437,CN,CN,VEGE1,MEDIC,34.35
3480438,CN,CN,VEGE1,TRANS,83.02
3480439,CN,CN,VEGE1,ELEC1,11.59
3480440,CN,CN,VEGE1,ELEC2,2.06
3480441,CN,CN,VEGE1,ELEC3,6.41
3480442,CN,CN,VEGE1,ELEC4,19.47
3480443,CN,CN,VEGE1,ELEC5,7.29
3480444,CN,CN,VEGE1,ELEC6,0.01
3480445,CN,CN,VEGE1,ELEC7,0.04
3480446,CN,CN,VEGE1,ELEC8,2.63
3480447,CN,CN,VEGE1,TRAN1,1.78
3480448,CN,CN,VEGE1,DISTR,4.62
3480449,CN,CN,VEGE1,COKE1,0.50
3480450,CN,CN,VEGE1,BLAST,2.09
3480451,CN,CN,VEGE1,OXYGE,0.20
3480452,CN,CN,VEGE1,GASWO,0.06
3480453,CN,CN,VEGE1,BIOG1,0.81
3480454,CN,CN,VEGE1,DIST1,2.25
3480455,CN,CN,VEGE1,STEAM,10.01
3480456,CN,CN,VEGE1,RETAI,0.27
3480457,CN,CN,VEGE1,WHOLE,100.61
3480458,CN,CN,VEGE1,RAILW,132.49
3480459,CN,CN,VEGE1,POSTT,119.10
3480460,CN,CN,VEGE1,INSUR,35.80
3480461,CN,CN,VEGE1,AUXIL,168.93
3480462,CN,CN,VEGE1,COMPU,90.57
3480463,CN,CN,DAIRY,PADDY,292.73
3480464,CN,CN,DAIRY,WHEAT,28.34
3480465,CN,CN,DAIRY,CEREA,508.68
3480466,CN,CN,DAIRY,CATTL,28.24
3480467,CN,CN,DAIRY,PIGS9,64.66
3480468,CN,CN,DAIRY,ANIMA,0.05
3480469,CN,CN,DAIRY,RAWMI,4.92
3480470,CN,CN,DAIRY,WOOLS,1.29
3480471,CN,CN,DAIRY,FORES,0.81
3480472,CN,CN,DAIRY,FISHF,326.14
3480473,CN,CN,DAIRY,COKIN,10.02
3480474,CN,CN,DAIRY,BITUM,87.82
3480475,CN,CN,DAIRY,PATEN,0.15
3480476,CN,CN,DAIRY,CRUDE,13.91
3480477,CN,CN,DAIRY,NATUR,1.59
3480478,CN,CN,DAIRY,MEATC,117.86
3480479,CN,CN,DAIRY,MEATP,929.62
3480480,CN,CN,DAIRY,MEAT1,319.82
3480481,CN,CN,DAIRY,MEAT4,586.74
3480482,CN,CN,DAIRY,VEGE1,0.13
3480483,CN,CN,DAIRY,DAIRY,82.04
3480484,CN,CN,DAIRY,PROCE,93.40
3480485,CN,CN,DAIRY,FOOD5,3814.91
3480486,CN,CN,DAIRY,FISH5,5864.28
3480487,CN,CN,DAIRY,WEARI,196.58
3480488,CN,CN,DAIRY,WOODW,9.86
3480489,CN,CN,DAIRY,PRINT,23.38
3480490,CN,CN,DAIRY,PLAST,62.92
3480491,CN,CN,DAIRY,CHEM1,88.86
3480492,CN,CN,DAIRY,BIOGA,0.43
3480493,CN,CN,DAIRY,BIODI,0.23
3480494,CN,CN,DAIRY,MEDIC,23.43
3480495,CN,CN,DAIRY,FURNI,384.18
3480496,CN,CN,DAIRY,RETAI,0.01
3480497,CN,CN,DAIRY,WHOLE,68.08
3480498,CN,CN,DAIRY,HOTEL,1759.52
3480499,CN,CN,DAIRY,RAILW,89.68
3480500,CN,CN,DAIRY,POSTT,80.92
3480501,CN,CN,DAIRY,FINAN,254.73
3480502,CN,CN,DAIRY,INSUR,126.49
3480503,CN,CN,DAIRY,AUXIL,114.80
3480504,CN,CN,DAIRY,REALE,617.15
3480505,CN,CN,DAIRY,RESEA,1816.42
3480506,CN,CN,DAIRY,EDUCA,917.46
3480507,CN,CN,DAIRY,HEALT,299.73
3480508,CN,CN,DAIRY,MEMBE,6.17
3480509,CN,CN,DAIRY,RECRE,533.13
3480510,CN,CN,DAIRY,93197,1566.96
3480511,CN,CN,PROCE,CATTL,131.30
3480512,CN,CN,PROCE,PIGS9,274.66
3480513,CN,CN,PROCE,RAWMI,15.58
3480514,CN,CN,PROCE,FORES,0.42
3480515,CN,CN,PROCE,FISHF,153.29
3480516,CN,CN,PROCE,COKIN,6.69
3480517,CN,CN,PROCE,BITUM,58.69
3480518,CN,CN,PROCE,PATEN,0.10
3480519,CN,CN,PROCE,CRUDE,10.54
3480520,CN,CN,PROCE,NATUR,1.17
3480521,CN,CN,PROCE,VEGE1,0.22
3480522,CN,CN,PROCE,DAIRY,99.87
3480523,CN,CN,PROCE,PROCE,128.53
3480524,CN,CN,PROCE,FOOD5,7637.31
3480525,CN,CN,PROCE,BEVER,316.93
3480526,CN,CN,PROCE,FISH5,13859.14
3480527,CN,CN,PROCE,TOBAC,23.41
3480528,CN,CN,PROCE,WEARI,142.49
3480529,CN,CN,PROCE,WOODW,6.78
3480530,CN,CN,PROCE,PRINT,17.91
3480531,CN,CN,PROCE,COALT,8.20
3480532,CN,CN,PROCE,MOTOR,275.05
3480533,CN,CN,PROCE,AVIAT,0.41
3480534,CN,CN,PROCE,KEROS,95.91
3480535,CN,CN,PROCE,KERO1,8.24
3480536,CN,CN,PROCE,GASDI,192.18
3480537,CN,CN,PROCE,HEAVY,41.61
3480538,CN,CN,PROCE,REFIN,1.13
3480539,CN,CN,PROCE,LIQUE,72.92
3480540,CN,CN,PROCE,REFI1,1.78
3480541,CN,CN,PROCE,NAPHT,64.51
3480542,CN,CN,PROCE,WHITE,0.65
3480543,CN,CN,PROCE,LUBRI,1.79
3480544,CN,CN,PROCE,BITU1,12.98
3480545,CN,CN,PROCE,PARAF,3.19
3480546,CN,CN,PROCE,PETRO,2.89
3480547,CN,CN,PROCE,NONSP,22.26
3480548,CN,CN,PROCE,CHEM1,2575.70
3480549,CN,CN,PROCE,BIOGA,12.57
3480550,CN,CN,PROCE,BIODI,6.68
3480551,CN,CN,PROCE,FABRI,241.37
3480552,CN,CN,PROCE,OFFIC,531.54
3480553,CN,CN,PROCE,ELECT,259.03
3480554,CN,CN,PROCE,RADIO,111.91
3480555,CN,CN,PROCE,MEDIC,19.78
3480556,CN,CN,PROCE,MOTO1,224.21
3480557,CN,CN,PROCE,TRANS,97.25
3480558,CN,CN,PROCE,FURNI,270.63
3480559,CN,CN,PROCE,ELEC1,10.07
3480560,CN,CN,PROCE,ELEC2,2.64
3480561,CN,CN,PROCE,ELEC3,4.94
3480562,CN,CN,PROCE,ELEC4,15.51
3480563,CN,CN,PROCE,ELEC5,5.78
3480564,CN,CN,PROCE,ELEC6,0.01
3480565,CN,CN,PROCE,ELEC7,0.05
3480566,CN,CN,PROCE,ELEC8,1.83
3480567,CN,CN,PROCE,TRAN1,0.40
3480568,CN,CN,PROCE,DISTR,1.03
3480569,CN,CN,PROCE,COKE1,0.54
3480570,CN,CN,PROCE,BLAST,2.27
3480571,CN,CN,PROCE,OXYGE,0.22
3480572,CN,CN,PROCE,GASWO,0.06
3480573,CN,CN,PROCE,BIOG1,0.88
3480574,CN,CN,PROCE,DIST1,2.45
3480575,CN,CN,PROCE,STEAM,3.30
3480576,CN,CN,PROCE,RETAI,0.02
3480577,CN,CN,PROCE,WHOLE,37.60
3480578,CN,CN,PROCE,HOTEL,1085.52
3480579,CN,CN,PROCE,RAILW,50.71
3480580,CN,CN,PROCE,SUPPO,227.09
3480581,CN,CN,PROCE,POSTT,56.68
3480582,CN,CN,PROCE,FINAN,153.31
3480583,CN,CN,PROCE,INSUR,80.70
3480584,CN,CN,PROCE,AUXIL,81.76
3480585,CN,CN,PROCE,REALE,401.56
3480586,CN,CN,PROCE,COMPU,73.09
3480587,CN,CN,PROCE,RESEA,1444.34
3480588,CN,CN,PROCE,PUBLI,18.50
3480589,CN,CN,PROCE,EDUCA,32.18
3480590,CN,CN,PROCE,HEALT,30.50
3480591,CN,CN,SUGA1,CATTL,21.71
3480592,CN,CN,SUGA1,PIGS9,6.91
3480593,CN,CN,SUGA1,MEATA,2.55
3480594,CN,CN,SUGA1,ANIMA,0.01
3480595,CN,CN,SUGA1,RAWMI,204.65
3480596,CN,CN,SUGA1,WOOLS,0.35
3480597,CN,CN,SUGA1,COKIN,0.01
3480598,CN,CN,SUGA1,BITUM,0.12
3480599,CN,CN,SUGA1,CRUDE,0.14
3480600,CN,CN,SUGA1,NATUR,0.03
3480601,CN,CN,SUGA1,MEATC,1.30
3480602,CN,CN,SUGA1,MEATP,9.76
3480603,CN,CN,SUGA1,MEAT1,4.53
3480604,CN,CN,SUGA1,MEAT4,13.06
3480605,CN,CN,SUGA1,DAIRY,50.50
3480606,CN,CN,SUGA1,PROCE,6.86
3480607,CN,CN,SUGA1,SUGA1,29.93
3480608,CN,CN,SUGA1,BEVER,689.56
3480609,CN,CN,SUGA1,FISH5,635.57
3480610,CN,CN,SUGA1,TOBAC,1.32
3480611,CN,CN,SUGA1,CHEM1,13.14
3480612,CN,CN,SUGA1,BIOGA,0.06
3480613,CN,CN,SUGA1,BIODI,0.03
3480614,CN,CN,SUGA1,RUBBE,337.73
3480615,CN,CN,SUGA1,BASIC,237.69
3480616,CN,CN,SUGA1,ELEC1,8.10
3480617,CN,CN,SUGA1,ELEC2,1.95
3480618,CN,CN,SUGA1,ELEC3,4.10
3480619,CN,CN,SUGA1,ELEC4,12.76
3480620,CN,CN,SUGA1,ELEC5,4.76
3480621,CN,CN,SUGA1,ELEC6,0.01
3480622,CN,CN,SUGA1,ELEC7,0.04
3480623,CN,CN,SUGA1,ELEC8,2.02
3480624,CN,CN,SUGA1,TRAN1,0.55
3480625,CN,CN,SUGA1,DISTR,1.43
3480626,CN,CN,SUGA1,RETAI,0.01
3480627,CN,CN,SUGA1,SUPPO,23.15
3480628,CN,CN,SUGA1,PUBLI,1.16
3480629,CN,CN,SUGA1,HEALT,37.57
3480630,CN,CN,SUGA1,93197,29.90
3480631,CN,CN,SUGA1,PRIVA,5.84
3480632,CN,CN,FOOD5,PADDY,407.84
3480633,CN,CN,FOOD5,WHEAT,161.56
3480634,CN,CN,FOOD5,CEREA,242.06
3480635,CN,CN,FOOD5,VEGET,705.14
3480636,CN,CN,FOOD5,OILSE,96.35
3480637,CN,CN,FOOD5,SUGAR,62.71
3480638,CN,CN,FOOD5,CROPS,2.84
3480639,CN,CN,FOOD5,PIGS9,103495.93
3480640,CN,CN,FOOD5,POULT,85304.42
3480641,CN,CN,FOOD5,MEATA,14378.89
3480642,CN,CN,FOOD5,ANIMA,2633.56
3480643,CN,CN,FOOD5,RAWMI,13146.95
3480644,CN,CN,FOOD5,WOOLS,1958.45
3480645,CN,CN,FOOD5,FORES,226.10
3480646,CN,CN,FOOD5,FISHF,2899.91
3480647,CN,CN,FOOD5,COKIN,105.15
3480648,CN,CN,FOOD5,BITUM,921.74
3480649,CN,CN,FOOD5,PATEN,1.62
3480650,CN,CN,FOOD5,CRUDE,829.96
3480651,CN,CN,FOOD5,NATUR,179.30
3480652,CN,CN,FOOD5,NATU1,0.44
3480653,CN,CN,FOOD5,COPPE,0.01
3480654,CN,CN,FOOD5,PRECI,0.02
3480655,CN,CN,FOOD5,MEATC,132.72
3480656,CN,CN,FOOD5,MEATP,643.88
3480657,CN,CN,FOOD5,MEAT4,12654.29
3480658,CN,CN,FOOD5,VEGE1,6.50
3480659,CN,CN,FOOD5,DAIRY,214.96
3480660,CN,CN,FOOD5,PROCE,104.89
3480661,CN,CN,FOOD5,SUGA1,63.74
3480662,CN,CN,FOOD5,FOOD5,411344.09
3480663,CN,CN,FOOD5,BEVER,12685.05
3480664,CN,CN,FOOD5,FISH5,27292.00
3480665,CN,CN,FOOD5,TEXTI,17424.53
3480666,CN,CN,FOOD5,WEARI,691.66
3480667,CN,CN,FOOD5,WOODW,149.45
3480668,CN,CN,FOOD5,PAPER,7914.23
3480669,CN,CN,FOOD5,PLAST,22.72
3480670,CN,CN,FOOD5,NFERT,3.65
3480671,CN,CN,FOOD5,PFERT,855.49
3480672,CN,CN,FOOD5,CHEM1,1972.66
3480673,CN,CN,FOOD5,BIOGA,9.62
3480674,CN,CN,FOOD5,BIODI,5.12
3480675,CN,CN,FOOD5,RUBBE,19569.89
3480676,CN,CN,FOOD5,GLASS,437.97
3480677,CN,CN,FOOD5,CERAM,830.53
3480678,CN,CN,FOOD5,BRICK,505.60
3480679,CN,CN,FOOD5,NONME,8192.16
3480680,CN,CN,FOOD5,BASIC,4915.27
3480681,CN,CN,FOOD5,FURNI,128.22
3480682,CN,CN,FOOD5,ELEC1,63.79
3480683,CN,CN,FOOD5,ELEC2,18.27
3480684,CN,CN,FOOD5,ELEC3,30.20
3480685,CN,CN,FOOD5,ELEC4,95.80
3480686,CN,CN,FOOD5,ELEC5,35.59
3480687,CN,CN,FOOD5,ELEC6,0.07
3480688,CN,CN,FOOD5,ELEC7,0.35
3480689,CN,CN,FOOD5,ELEC8,17.01
3480690,CN,CN,FOOD5,ELE10,0.02
3480691,CN,CN,FOOD5,ELE11,0.01
3480692,CN,CN,FOOD5,TRAN1,2.21
3480693,CN,CN,FOOD5,DISTR,1.13
3480694,CN,CN,FOOD5,RETAI,0.70
3480695,CN,CN,FOOD5,RETA1,30.67
3480696,CN,CN,FOOD5,HOTEL,105582.59
3480697,CN,CN,FOOD5,AUXIL,851.12
3480698,CN,CN,FOOD5,RESEA,53505.10
3480699,CN,CN,FOOD5,PUBLI,1018.29
3480700,CN,CN,FOOD5,EDUCA,456.15
3480701,CN,CN,FOOD5,HEALT,9379.22
3480702,CN,CN,FOOD5,MEMBE,461.57
3480703,CN,CN,FOOD5,RECRE,5043.02
3480704,CN,CN,FOOD5,93197,5121.81
3480705,CN,CN,BEVER,VEGET,65.49
3480706,CN,CN,BEVER,OILSE,0.43
3480707,CN,CN,BEVER,SUGAR,1.61
3480708,CN,CN,BEVER,PLANT,0.75
3480709,CN,CN,BEVER,CROPS,1.64
3480710,CN,CN,BEVER,CATTL,0.21
3480711,CN,CN,BEVER,PIGS9,0.25
3480712,CN,CN,BEVER,RAWMI,0.05
3480713,CN,CN,BEVER,FORES,1.10
3480714,CN,CN,BEVER,FISHF,424.12
3480715,CN,CN,BEVER,COKIN,15.65
3480716,CN,CN,BEVER,BITUM,137.20
3480717,CN,CN,BEVER,PATEN,0.24
3480718,CN,CN,BEVER,CRUDE,23.38
3480719,CN,CN,BEVER,NATUR,2.63
3480720,CN,CN,BEVER,NATU1,0.01
3480721,CN,CN,BEVER,VEGE1,0.03
3480722,CN,CN,BEVER,FOOD5,739.39
3480723,CN,CN,BEVER,BEVER,3127.61
3480724,CN,CN,BEVER,WEARI,321.81
3480725,CN,CN,BEVER,WOODW,15.66
3480726,CN,CN,BEVER,PRINT,39.55
3480727,CN,CN,BEVER,COALT,12.87
3480728,CN,CN,BEVER,MOTOR,431.42
3480729,CN,CN,BEVER,AVIAT,0.64
3480730,CN,CN,BEVER,KEROS,150.44
3480731,CN,CN,BEVER,KERO1,12.92
3480732,CN,CN,BEVER,GASDI,301.43
3480733,CN,CN,BEVER,HEAVY,65.26
3480734,CN,CN,BEVER,REFIN,1.77
3480735,CN,CN,BEVER,LIQUE,114.38
3480736,CN,CN,BEVER,REFI1,2.79
3480737,CN,CN,BEVER,NAPHT,101.19
3480738,CN,CN,BEVER,WHITE,1.02
3480739,CN,CN,BEVER,LUBRI,2.80
3480740,CN,CN,BEVER,BITU1,20.35
3480741,CN,CN,BEVER,PARAF,5.01
3480742,CN,CN,BEVER,PETRO,4.53
3480743,CN,CN,BEVER,NONSP,34.92
3480744,CN,CN,BEVER,PLAST,207.46
3480745,CN,CN,BEVER,CHEM1,329.30
3480746,CN,CN,BEVER,BIOGA,1.61
3480747,CN,CN,BEVER,BIODI,0.85
3480748,CN,CN,BEVER,FABRI,429.71
3480749,CN,CN,BEVER,OFFIC,842.57
3480750,CN,CN,BEVER,ELECT,419.32
3480751,CN,CN,BEVER,RADIO,176.76
3480752,CN,CN,BEVER,MEDIC,42.04
3480753,CN,CN,BEVER,MOTO1,371.37
3480754,CN,CN,BEVER,TRANS,161.13
3480755,CN,CN,BEVER,FURNI,618.56
3480756,CN,CN,BEVER,ELEC1,6.20
3480757,CN,CN,BEVER,ELEC2,1.43
3480758,CN,CN,BEVER,ELEC3,3.19
3480759,CN,CN,BEVER,ELEC4,9.88
3480760,CN,CN,BEVER,ELEC5,3.69
3480761,CN,CN,BEVER,ELEC6,0.01
3480762,CN,CN,BEVER,ELEC7,0.03
3480763,CN,CN,BEVER,ELEC8,3.11
3480764,CN,CN,BEVER,ELE10,0.01
3480765,CN,CN,BEVER,TRAN1,0.51
3480766,CN,CN,BEVER,DISTR,1.33
3480767,CN,CN,BEVER,COKE1,0.92
3480768,CN,CN,BEVER,BLAST,3.85
3480769,CN,CN,BEVER,OXYGE,0.37
3480770,CN,CN,BEVER,GASWO,0.11
3480771,CN,CN,BEVER,BIOG1,1.50
3480772,CN,CN,BEVER,DIST1,4.14
3480773,CN,CN,BEVER,STEAM,9.26
3480774,CN,CN,BEVER,CONST,28264.48
3480775,CN,CN,BEVER,RETAI,0.06
3480776,CN,CN,BEVER,WHOLE,95.93
3480777,CN,CN,BEVER,RETA1,1503.15
3480778,CN,CN,BEVER,RAILW,127.93
3480779,CN,CN,BEVER,SUPPO,442.03
3480780,CN,CN,BEVER,POSTT,129.86
3480781,CN,CN,BEVER,FINAN,375.62
3480782,CN,CN,BEVER,INSUR,192.56
3480783,CN,CN,BEVER,AUXIL,186.01
3480784,CN,CN,BEVER,REALE,949.83
3480785,CN,CN,BEVER,COMPU,135.93
3480786,CN,CN,BEVER,RESEA,3142.23
3480787,CN,CN,BEVER,PUBLI,238.16
3480788,CN,CN,BEVER,EDUCA,705.52
3480789,CN,CN,BEVER,HEALT,128.19
3480790,CN,CN,BEVER,RECRE,439.18
3480791,CN,CN,FISH5,CATTL,1779.62
3480792,CN,CN,FISH5,PIGS9,3706.74
3480793,CN,CN,FISH5,RAWMI,206.66
3480794,CN,CN,FISH5,FORES,6.17
3480795,CN,CN,FISH5,FISHF,2237.99
3480796,CN,CN,FISH5,COKIN,99.32
3480797,CN,CN,FISH5,BITUM,870.57
3480798,CN,CN,FISH5,PATEN,1.53
3480799,CN,CN,FISH5,CRUDE,157.06
3480800,CN,CN,FISH5,NATUR,17.48
3480801,CN,CN,FISH5,NATU1,0.04
3480802,CN,CN,FISH5,PRECI,0.01
3480803,CN,CN,FISH5,MEATC,49.41
3480804,CN,CN,FISH5,MEATP,350.07
3480805,CN,CN,FISH5,MEAT1,219.01
3480806,CN,CN,FISH5,MEAT4,1019.13
3480807,CN,CN,FISH5,VEGE1,0.42
3480808,CN,CN,FISH5,DAIRY,189.97
3480809,CN,CN,FISH5,PROCE,246.08
3480810,CN,CN,FISH5,FOOD5,57931.98
3480811,CN,CN,FISH5,FISH5,23425.60
3480812,CN,CN,FISH5,WEARI,2120.04
3480813,CN,CN,FISH5,WOODW,100.67
3480814,CN,CN,FISH5,PRINT,266.98
3480815,CN,CN,FISH5,COALT,76.12
3480816,CN,CN,FISH5,MOTOR,2552.67
3480817,CN,CN,FISH5,AVIAT,3.77
3480818,CN,CN,FISH5,KEROS,890.14
3480819,CN,CN,FISH5,KERO1,76.44
3480820,CN,CN,FISH5,GASDI,1783.57
3480821,CN,CN,FISH5,HEAVY,386.15
3480822,CN,CN,FISH5,REFIN,10.46
3480823,CN,CN,FISH5,LIQUE,676.79
3480824,CN,CN,FISH5,REFI1,16.50
3480825,CN,CN,FISH5,NAPHT,598.73
3480826,CN,CN,FISH5,WHITE,6.02
3480827,CN,CN,FISH5,LUBRI,16.58
3480828,CN,CN,FISH5,BITU1,120.44
3480829,CN,CN,FISH5,PARAF,29.64
3480830,CN,CN,FISH5,PETRO,26.80
3480831,CN,CN,FISH5,NONSP,206.64
3480832,CN,CN,FISH5,FABRI,3968.91
3480833,CN,CN,FISH5,MACHI,0.02
3480834,CN,CN,FISH5,ELECT,4467.79
3480835,CN,CN,FISH5,RADIO,1952.15
3480836,CN,CN,FISH5,MEDIC,295.66
3480837,CN,CN,FISH5,MOTO1,3825.30
3480838,CN,CN,FISH5,TRANS,1658.93
3480839,CN,CN,FISH5,FURNI,4022.38
3480840,CN,CN,FISH5,ELEC1,142.57
3480841,CN,CN,FISH5,ELEC2,40.22
3480842,CN,CN,FISH5,ELEC3,67.94
3480843,CN,CN,FISH5,ELEC4,215.12
3480844,CN,CN,FISH5,ELEC5,79.95
3480845,CN,CN,FISH5,ELEC6,0.16
3480846,CN,CN,FISH5,ELEC7,0.78
3480847,CN,CN,FISH5,ELEC8,37.79
3480848,CN,CN,FISH5,ELE10,0.01
3480849,CN,CN,FISH5,ELE11,0.03
3480850,CN,CN,FISH5,TRAN1,1.80
3480851,CN,CN,FISH5,DISTR,4.67
3480852,CN,CN,FISH5,COKE1,9.17
3480853,CN,CN,FISH5,BLAST,38.41
3480854,CN,CN,FISH5,OXYGE,3.68
3480855,CN,CN,FISH5,GASWO,1.07
3480856,CN,CN,FISH5,BIOG1,14.93
3480857,CN,CN,FISH5,DIST1,41.38
3480858,CN,CN,FISH5,STEAM,37.41
3480859,CN,CN,FISH5,RETAI,0.03
3480860,CN,CN,FISH5,WHOLE,553.37
3480861,CN,CN,FISH5,RAILW,747.11
3480862,CN,CN,FISH5,POSTT,842.32
3480863,CN,CN,FISH5,FINAN,1300.29
3480864,CN,CN,FISH5,INSUR,1195.00
3480865,CN,CN,FISH5,AUXIL,1215.66
3480866,CN,CN,FISH5,REALE,4063.76
3480867,CN,CN,FISH5,COMPU,1172.78
3480868,CN,CN,FISH5,RESEA,16221.83
3480869,CN,CN,FISH5,PUBLI,3345.54
3480870,CN,CN,FISH5,EDUCA,3599.76
3480871,CN,CN,FISH5,HEALT,5043.27
3480872,CN,CN,TOBAC,VEGET,54.61
3480873,CN,CN,TOBAC,OILSE,1.51
3480874,CN,CN,TOBAC,SUGAR,1.15
3480875,CN,CN,TOBAC,PLANT,0.07
3480876,CN,CN,TOBAC,CROPS,2.15
3480877,CN,CN,TOBAC,CATTL,0.44
3480878,CN,CN,TOBAC,PIGS9,0.61
3480879,CN,CN,TOBAC,RAWMI,0.10
3480880,CN,CN,TOBAC,FISHF,0.06
3480881,CN,CN,TOBAC,COKIN,0.02
3480882,CN,CN,TOBAC,BITUM,0.16
3480883,CN,CN,TOBAC,CRUDE,3.33
3480884,CN,CN,TOBAC,NATUR,0.92
3480885,CN,CN,TOBAC,DAIRY,0.04
3480886,CN,CN,TOBAC,PROCE,0.03
3480887,CN,CN,TOBAC,BEVER,0.69
3480888,CN,CN,TOBAC,FISH5,2.28
3480889,CN,CN,TOBAC,TOBAC,683.26
3480890,CN,CN,TOBAC,TEXTI,18.08
3480891,CN,CN,TOBAC,WEARI,11.33
3480892,CN,CN,TOBAC,LEATH,52.10
3480893,CN,CN,TOBAC,WOODW,0.19
3480894,CN,CN,TOBAC,PULP5,0.28
3480895,CN,CN,TOBAC,PAPER,80.86
3480896,CN,CN,TOBAC,PRINT,3.57
3480897,CN,CN,TOBAC,COKEO,0.35
3480898,CN,CN,TOBAC,COALT,0.19
3480899,CN,CN,TOBAC,MOTOR,6.44
3480900,CN,CN,TOBAC,AVIAT,0.01
3480901,CN,CN,TOBAC,KEROS,2.25
3480902,CN,CN,TOBAC,KERO1,0.19
3480903,CN,CN,TOBAC,GASDI,4.50
3480904,CN,CN,TOBAC,HEAVY,0.97
3480905,CN,CN,TOBAC,REFIN,0.03
3480906,CN,CN,TOBAC,LIQUE,1.71
3480907,CN,CN,TOBAC,REFI1,0.04
3480908,CN,CN,TOBAC,NAPHT,1.51
3480909,CN,CN,TOBAC,WHITE,0.02
3480910,CN,CN,TOBAC,LUBRI,0.04
3480911,CN,CN,TOBAC,BITU1,0.30
3480912,CN,CN,TOBAC,PARAF,0.07
3480913,CN,CN,TOBAC,PETRO,0.07
3480914,CN,CN,TOBAC,NONSP,0.52
3480915,CN,CN,TOBAC,PLAST,2.59
3480916,CN,CN,TOBAC,CHEM1,4.12
3480917,CN,CN,TOBAC,BIOGA,0.02
3480918,CN,CN,TOBAC,BIODI,0.01
3480919,CN,CN,TOBAC,RUBBE,1.48
3480920,CN,CN,TOBAC,GLASS,1.10
3480921,CN,CN,TOBAC,BASIC,4455.51
3480922,CN,CN,TOBAC,PREC1,1223.67
3480923,CN,CN,TOBAC,ALUM1,708.72
3480924,CN,CN,TOBAC,LEAD1,207.27
3480925,CN,CN,TOBAC,COPP1,407.72
3480926,CN,CN,TOBAC,NONF1,367.13
3480927,CN,CN,TOBAC,FOUND,376.81
3480928,CN,CN,TOBAC,FABRI,49.84
3480929,CN,CN,TOBAC,OFFIC,43.39
3480930,CN,CN,TOBAC,ELECT,33.40
3480931,CN,CN,TOBAC,RADIO,2.12
3480932,CN,CN,TOBAC,MEDIC,1.75
3480933,CN,CN,TOBAC,MOTO1,10.96
3480934,CN,CN,TOBAC,TRANS,35.29
3480935,CN,CN,TOBAC,FURNI,12.80
3480936,CN,CN,TOBAC,ELEC1,5.43
3480937,CN,CN,TOBAC,ELEC2,1.50
3480938,CN,CN,TOBAC,ELEC3,2.61
3480939,CN,CN,TOBAC,ELEC4,8.25
3480940,CN,CN,TOBAC,ELEC5,3.07
3480941,CN,CN,TOBAC,ELEC6,0.01
3480942,CN,CN,TOBAC,ELEC7,0.03
3480943,CN,CN,TOBAC,ELEC8,1.13
3480944,CN,CN,TOBAC,TRAN1,0.12
3480945,CN,CN,TOBAC,DISTR,0.30
3480946,CN,CN,TOBAC,COKE1,4.17
3480947,CN,CN,TOBAC,BLAST,17.47
3480948,CN,CN,TOBAC,OXYGE,1.67
3480949,CN,CN,TOBAC,GASWO,0.49
3480950,CN,CN,TOBAC,BIOG1,6.79
3480951,CN,CN,TOBAC,DIST1,18.82
3480952,CN,CN,TOBAC,STEAM,0.05
3480953,CN,CN,TOBAC,CONST,336.17
3480954,CN,CN,TOBAC,WHOLE,10.11
3480955,CN,CN,TOBAC,RETA1,10.53
3480956,CN,CN,TOBAC,HOTEL,67.26
3480957,CN,CN,TOBAC,RAILW,43.47
3480958,CN,CN,TOBAC,AIRTR,9.20
3480959,CN,CN,TOBAC,SUPPO,11.53
3480960,CN,CN,TOBAC,POSTT,2.02
3480961,CN,CN,TOBAC,FINAN,3.54
3480962,CN,CN,TOBAC,INSUR,0.59
3480963,CN,CN,TOBAC,AUXIL,0.23
3480964,CN,CN,TOBAC,REALE,41.78
3480965,CN,CN,TOBAC,COMPU,6.81
3480966,CN,CN,TOBAC,RESEA,33.93
3480967,CN,CN,TOBAC,BUSIN,625.42
3480968,CN,CN,TOBAC,PUBLI,15.64
3480969,CN,CN,TOBAC,EDUCA,3.07
3480970,CN,CN,TOBAC,HEALT,0.96
3480971,CN,CN,TOBAC,MEMBE,0.32
3480972,CN,CN,TOBAC,RECRE,20.47
3480973,CN,CN,TOBAC,93197,220.72
3480974,CN,CN,TOBAC,PRIVA,0.03
3480975,CN,CN,TEXTI,PADDY,0.22
3480976,CN,CN,TEXTI,WHEAT,0.01
3480977,CN,CN,TEXTI,CEREA,0.02
3480978,CN,CN,TEXTI,VEGET,31.24
3480979,CN,CN,TEXTI,OILSE,0.52
3480980,CN,CN,TEXTI,SUGAR,0.30
3480981,CN,CN,TEXTI,PLANT,0.05
3480982,CN,CN,TEXTI,CROPS,0.75
3480983,CN,CN,TEXTI,CATTL,0.01
3480984,CN,CN,TEXTI,PIGS9,0.05
3480985,CN,CN,TEXTI,POULT,0.03
3480986,CN,CN,TEXTI,RAWMI,0.02
3480987,CN,CN,TEXTI,FORES,0.01
3480988,CN,CN,TEXTI,FISHF,12.92
3480989,CN,CN,TEXTI,COKIN,2.07
3480990,CN,CN,TEXTI,BITUM,18.15
3480991,CN,CN,TEXTI,PATEN,0.03
3480992,CN,CN,TEXTI,CRUDE,27.56
3480993,CN,CN,TEXTI,NATUR,7.58
3480994,CN,CN,TEXTI,NATU1,0.02
3480995,CN,CN,TEXTI,DAIRY,2.03
3480996,CN,CN,TEXTI,FOOD5,6.49
3480997,CN,CN,TEXTI,BEVER,149.61
3480998,CN,CN,TEXTI,TOBAC,127.34
3480999,CN,CN,TEXTI,TEXTI,586512.52
3481000,CN,CN,TEXTI,WEARI,345531.23
3481001,CN,CN,TEXTI,LEATH,34508.18
3481002,CN,CN,TEXTI,WOODW,46.53
3481003,CN,CN,TEXTI,PAPER,26331.96
3481004,CN,CN,TEXTI,PRINT,1159.05
3481005,CN,CN,TEXTI,COKEO,0.52
3481006,CN,CN,TEXTI,COALT,0.24
3481007,CN,CN,TEXTI,MOTOR,8.08
3481008,CN,CN,TEXTI,AVIAT,0.01
3481009,CN,CN,TEXTI,KEROS,2.82
3481010,CN,CN,TEXTI,KERO1,0.24
3481011,CN,CN,TEXTI,GASDI,5.64
3481012,CN,CN,TEXTI,HEAVY,1.22
3481013,CN,CN,TEXTI,REFIN,0.03
3481014,CN,CN,TEXTI,LIQUE,2.14
3481015,CN,CN,TEXTI,REFI1,0.05
3481016,CN,CN,TEXTI,NAPHT,1.89
3481017,CN,CN,TEXTI,WHITE,0.02
3481018,CN,CN,TEXTI,LUBRI,0.05
3481019,CN,CN,TEXTI,BITU1,0.38
3481020,CN,CN,TEXTI,PARAF,0.09
3481021,CN,CN,TEXTI,PETRO,0.08
3481022,CN,CN,TEXTI,NONSP,0.65
3481023,CN,CN,TEXTI,NFERT,5.63
3481024,CN,CN,TEXTI,PFERT,1317.62
3481025,CN,CN,TEXTI,CHEM1,6033.54
3481026,CN,CN,TEXTI,BIOGA,29.44
3481027,CN,CN,TEXTI,BIODI,15.66
3481028,CN,CN,TEXTI,RUBBE,18941.69
3481029,CN,CN,TEXTI,GLASS,131.97
3481030,CN,CN,TEXTI,CEMEN,0.10
3481031,CN,CN,TEXTI,NONME,37.26
3481032,CN,CN,TEXTI,BASIC,27.80
3481033,CN,CN,TEXTI,PREC1,2.39
3481034,CN,CN,TEXTI,ALUM1,11.12
3481035,CN,CN,TEXTI,LEAD1,1.14
3481036,CN,CN,TEXTI,COPP1,4.05
3481037,CN,CN,TEXTI,NONF1,11.06
3481038,CN,CN,TEXTI,FOUND,6.26
3481039,CN,CN,TEXTI,FABRI,689.32
3481040,CN,CN,TEXTI,ELECT,3523.38
3481041,CN,CN,TEXTI,RADIO,79.45
3481042,CN,CN,TEXTI,MEDIC,43.94
3481043,CN,CN,TEXTI,MOTO1,3973.93
3481044,CN,CN,TEXTI,TRANS,364.48
3481045,CN,CN,TEXTI,FURNI,20312.82
3481046,CN,CN,TEXTI,ELEC1,0.58
3481047,CN,CN,TEXTI,ELEC2,0.16
3481048,CN,CN,TEXTI,ELEC3,0.28
3481049,CN,CN,TEXTI,ELEC4,0.88
3481050,CN,CN,TEXTI,ELEC5,0.33
3481051,CN,CN,TEXTI,TRAN1,0.01
3481052,CN,CN,TEXTI,DISTR,0.02
3481053,CN,CN,TEXTI,COKE1,0.30
3481054,CN,CN,TEXTI,BLAST,1.26
3481055,CN,CN,TEXTI,OXYGE,0.12
3481056,CN,CN,TEXTI,GASWO,0.04
3481057,CN,CN,TEXTI,BIOG1,0.49
3481058,CN,CN,TEXTI,DIST1,1.36
3481059,CN,CN,TEXTI,STEAM,0.26
3481060,CN,CN,TEXTI,SALEM,16.16
3481061,CN,CN,TEXTI,RETAI,25.37
3481062,CN,CN,TEXTI,HOTEL,4341.28
3481063,CN,CN,TEXTI,LANDT,99.27
3481064,CN,CN,TEXTI,TRAN2,140.69
3481065,CN,CN,TEXTI,SEACO,459.59
3481066,CN,CN,TEXTI,INLAN,137.61
3481067,CN,CN,TEXTI,AIRTR,129.90
3481068,CN,CN,TEXTI,SUPPO,144.45
3481069,CN,CN,TEXTI,POSTT,72.94
3481070,CN,CN,TEXTI,FINAN,60.76
3481071,CN,CN,TEXTI,INSUR,51.25
3481072,CN,CN,TEXTI,AUXIL,18.56
3481073,CN,CN,TEXTI,REALE,4333.32
3481074,CN,CN,TEXTI,COMPU,62.51
3481075,CN,CN,TEXTI,BUSIN,8806.49
3481076,CN,CN,TEXTI,PUBLI,5432.67
3481077,CN,CN,TEXTI,EDUCA,271.89
3481078,CN,CN,TEXTI,HEALT,10989.39
3481079,CN,CN,TEXTI,MEMBE,115.81
3481080,CN,CN,TEXTI,RECRE,28.19
3481081,CN,CN,TEXTI,93197,150.78
3481082,CN,CN,WEARI,PADDY,179.06
3481083,CN,CN,WEARI,WHEAT,78.16
3481084,CN,CN,WEARI,CEREA,86.20
3481085,CN,CN,WEARI,VEGET,369.87
3481086,CN,CN,WEARI,OILSE,6.17
3481087,CN,CN,WEARI,SUGAR,3.90
3481088,CN,CN,WEARI,PLANT,0.62
3481089,CN,CN,WEARI,CROPS,9.07
3481090,CN,CN,WEARI,CATTL,0.14
3481091,CN,CN,WEARI,PIGS9,0.61
3481092,CN,CN,WEARI,POULT,65.11
3481093,CN,CN,WEARI,MEATA,61.38
3481094,CN,CN,WEARI,ANIMA,0.95
3481095,CN,CN,WEARI,RAWMI,0.25
3481096,CN,CN,WEARI,WOOLS,3.56
3481097,CN,CN,WEARI,FORES,1.83
3481098,CN,CN,WEARI,FISHF,33.11
3481099,CN,CN,WEARI,COKIN,196.78
3481100,CN,CN,WEARI,BITUM,1724.94
3481101,CN,CN,WEARI,PATEN,3.02
3481102,CN,CN,WEARI,CRUDE,812.90
3481103,CN,CN,WEARI,NATUR,224.12
3481104,CN,CN,WEARI,NATU1,0.56
3481105,CN,CN,WEARI,COPPE,0.01
3481106,CN,CN,WEARI,PRECI,0.03
3481107,CN,CN,WEARI,MEATC,11.42
3481108,CN,CN,WEARI,MEATP,76.82
3481109,CN,CN,WEARI,MEAT1,59.32
3481110,CN,CN,WEARI,MEAT4,331.98
3481111,CN,CN,WEARI,DAIRY,1.71
3481112,CN,CN,WEARI,PROCE,6.89
3481113,CN,CN,WEARI,SUGA1,0.48
3481114,CN,CN,WEARI,FOOD5,4450.51
3481115,CN,CN,WEARI,BEVER,81.49
3481116,CN,CN,WEARI,TOBAC,9.70
3481117,CN,CN,WEARI,TEXTI,29065.62
3481118,CN,CN,WEARI,WEARI,64219.29
3481119,CN,CN,WEARI,LEATH,3344.23
3481120,CN,CN,WEARI,WOODW,70.13
3481121,CN,CN,WEARI,PULP5,14.81
3481122,CN,CN,WEARI,PAPER,4199.68
3481123,CN,CN,WEARI,PRINT,801.97
3481124,CN,CN,WEARI,COKEO,1.60
3481125,CN,CN,WEARI,COALT,0.90
3481126,CN,CN,WEARI,MOTOR,30.07
3481127,CN,CN,WEARI,AVIAT,0.04
3481128,CN,CN,WEARI,KEROS,10.48
3481129,CN,CN,WEARI,KERO1,0.90
3481130,CN,CN,WEARI,GASDI,21.01
3481131,CN,CN,WEARI,HEAVY,4.55
3481132,CN,CN,WEARI,REFIN,0.12
3481133,CN,CN,WEARI,LIQUE,7.97
3481134,CN,CN,WEARI,REFI1,0.19
3481135,CN,CN,WEARI,NAPHT,7.05
3481136,CN,CN,WEARI,WHITE,0.07
3481137,CN,CN,WEARI,LUBRI,0.20
3481138,CN,CN,WEARI,BITU1,1.42
3481139,CN,CN,WEARI,PARAF,0.35
3481140,CN,CN,WEARI,PETRO,0.32
3481141,CN,CN,WEARI,NONSP,2.43
3481142,CN,CN,WEARI,PLAST,229.49
3481143,CN,CN,WEARI,NFERT,16.26
3481144,CN,CN,WEARI,PFERT,3804.58
3481145,CN,CN,WEARI,CHEM1,867.53
3481146,CN,CN,WEARI,BIOGA,4.23
3481147,CN,CN,WEARI,BIODI,2.25
3481148,CN,CN,WEARI,RUBBE,444.36
3481149,CN,CN,WEARI,GLASS,96.21
3481150,CN,CN,WEARI,CERAM,2221.29
3481151,CN,CN,WEARI,BRICK,15.67
3481152,CN,CN,WEARI,CEMEN,239.11
3481153,CN,CN,WEARI,NONME,1021.52
3481154,CN,CN,WEARI,BASIC,5196.53
3481155,CN,CN,WEARI,FOUND,384.40
3481156,CN,CN,WEARI,FABRI,2289.24
3481157,CN,CN,WEARI,MACHI,0.01
3481158,CN,CN,WEARI,OFFIC,3546.64
3481159,CN,CN,WEARI,ELECT,1563.74
3481160,CN,CN,WEARI,RADIO,778.91
3481161,CN,CN,WEARI,MEDIC,95.02
3481162,CN,CN,WEARI,MOTO1,6847.43
3481163,CN,CN,WEARI,TRANS,4522.57
3481164,CN,CN,WEARI,FURNI,2924.23
3481165,CN,CN,WEARI,ELEC1,131.88
3481166,CN,CN,WEARI,ELEC2,33.88
3481167,CN,CN,WEARI,ELEC3,162.03
3481168,CN,CN,WEARI,ELEC4,689.05
3481169,CN,CN,WEARI,ELEC5,257.02
3481170,CN,CN,WEARI,ELEC6,0.16
3481171,CN,CN,WEARI,ELEC7,0.76
3481172,CN,CN,WEARI,ELEC8,119.39
3481173,CN,CN,WEARI,ELE11,0.10
3481174,CN,CN,WEARI,TRAN1,7.66
3481175,CN,CN,WEARI,DISTR,20.17
3481176,CN,CN,WEARI,COKE1,9.91
3481177,CN,CN,WEARI,BLAST,41.52
3481178,CN,CN,WEARI,OXYGE,3.97
3481179,CN,CN,WEARI,GASWO,1.15
3481180,CN,CN,WEARI,BIOG1,16.14
3481181,CN,CN,WEARI,DIST1,44.74
3481182,CN,CN,WEARI,STEAM,13.63
3481183,CN,CN,WEARI,CONST,17367.53
3481184,CN,CN,WEARI,RETAI,66.33
3481185,CN,CN,WEARI,WHOLE,789.28
3481186,CN,CN,WEARI,HOTEL,2168.76
3481187,CN,CN,WEARI,INLAN,919.80
3481188,CN,CN,WEARI,AIRTR,1037.14
3481189,CN,CN,WEARI,SUPPO,876.69
3481190,CN,CN,WEARI,POSTT,299.49
3481191,CN,CN,WEARI,FINAN,1466.08
3481192,CN,CN,WEARI,INSUR,765.84
3481193,CN,CN,WEARI,AUXIL,459.20
3481194,CN,CN,WEARI,REALE,8084.07
3481195,CN,CN,WEARI,COMPU,870.80
3481196,CN,CN,WEARI,RESEA,16312.01
3481197,CN,CN,WEARI,BUSIN,6617.19
3481198,CN,CN,WEARI,PUBLI,21709.12
3481199,CN,CN,WEARI,EDUCA,1448.99
3481200,CN,CN,WEARI,HEALT,27717.84
3481201,CN,CN,WEARI,MEMBE,313.13
3481202,CN,CN,WEARI,RECRE,3425.50
3481203,CN,CN,WEARI,93197,3733.52
3481204,CN,CN,LEATH,PADDY,0.79
3481205,CN,CN,LEATH,WHEAT,0.78
3481206,CN,CN,LEATH,CEREA,2.30
3481207,CN,CN,LEATH,VEGET,500.52
3481208,CN,CN,LEATH,OILSE,8.05
3481209,CN,CN,LEATH,SUGAR,8.32
3481210,CN,CN,LEATH,PLANT,0.82
3481211,CN,CN,LEATH,CROPS,13.84
3481212,CN,CN,LEATH,CATTL,0.21
3481213,CN,CN,LEATH,PIGS9,0.94
3481214,CN,CN,LEATH,POULT,0.19
3481215,CN,CN,LEATH,RAWMI,0.46
3481216,CN,CN,LEATH,FORES,0.53
3481217,CN,CN,LEATH,FISHF,34.18
3481218,CN,CN,LEATH,COKIN,120.96
3481219,CN,CN,LEATH,BITUM,1060.31
3481220,CN,CN,LEATH,PATEN,1.86
3481221,CN,CN,LEATH,CRUDE,191.38
3481222,CN,CN,LEATH,NATUR,56.98
3481223,CN,CN,LEATH,NATU1,0.14
3481224,CN,CN,LEATH,MEATC,0.40
3481225,CN,CN,LEATH,MEATP,3.05
3481226,CN,CN,LEATH,MEAT1,1.38
3481227,CN,CN,LEATH,MEAT4,5.57
3481228,CN,CN,LEATH,VEGE1,0.02
3481229,CN,CN,LEATH,DAIRY,3.04
3481230,CN,CN,LEATH,PROCE,2.30
3481231,CN,CN,LEATH,SUGA1,0.03
3481232,CN,CN,LEATH,FOOD5,138.64
3481233,CN,CN,LEATH,BEVER,41.03
3481234,CN,CN,LEATH,FISH5,130.07
3481235,CN,CN,LEATH,TOBAC,4.05
3481236,CN,CN,LEATH,TEXTI,7637.71
3481237,CN,CN,LEATH,WEARI,7783.16
3481238,CN,CN,LEATH,LEATH,104923.92
3481239,CN,CN,LEATH,WOODW,174.43
3481240,CN,CN,LEATH,PULP5,5.20
3481241,CN,CN,LEATH,PAPER,1434.57
3481242,CN,CN,LEATH,PRINT,942.06
3481243,CN,CN,LEATH,COKEO,0.46
3481244,CN,CN,LEATH,COALT,0.19
3481245,CN,CN,LEATH,MOTOR,6.32
3481246,CN,CN,LEATH,AVIAT,0.01
3481247,CN,CN,LEATH,KEROS,2.20
3481248,CN,CN,LEATH,KERO1,0.19
3481249,CN,CN,LEATH,GASDI,4.42
3481250,CN,CN,LEATH,HEAVY,0.96
3481251,CN,CN,LEATH,REFIN,0.03
3481252,CN,CN,LEATH,LIQUE,1.68
3481253,CN,CN,LEATH,REFI1,0.04
3481254,CN,CN,LEATH,NAPHT,1.48
3481255,CN,CN,LEATH,WHITE,0.01
3481256,CN,CN,LEATH,LUBRI,0.04
3481257,CN,CN,LEATH,BITU1,0.30
3481258,CN,CN,LEATH,PARAF,0.07
3481259,CN,CN,LEATH,PETRO,0.07
3481260,CN,CN,LEATH,NONSP,0.51
3481261,CN,CN,LEATH,PLAST,199.69
3481262,CN,CN,LEATH,NFERT,0.41
3481263,CN,CN,LEATH,PFERT,95.93
3481264,CN,CN,LEATH,CHEM1,318.50
3481265,CN,CN,LEATH,BIOGA,1.55
3481266,CN,CN,LEATH,BIODI,0.83
3481267,CN,CN,LEATH,RUBBE,1159.45
3481268,CN,CN,LEATH,CERAM,319.97
3481269,CN,CN,LEATH,BRICK,2.05
3481270,CN,CN,LEATH,CEMEN,16.35
3481271,CN,CN,LEATH,NONME,32.53
3481272,CN,CN,LEATH,BASIC,2179.74
3481273,CN,CN,LEATH,FOUND,804.83
3481274,CN,CN,LEATH,FABRI,2184.71
3481275,CN,CN,LEATH,OFFIC,1670.23
3481276,CN,CN,LEATH,ELECT,1212.90
3481277,CN,CN,LEATH,RADIO,159.14
3481278,CN,CN,LEATH,MEDIC,246.23
3481279,CN,CN,LEATH,MOTO1,17381.76
3481280,CN,CN,LEATH,TRANS,2865.61
3481281,CN,CN,LEATH,FURNI,7505.51
3481282,CN,CN,LEATH,ELEC1,94.32
3481283,CN,CN,LEATH,ELEC2,23.29
3481284,CN,CN,LEATH,ELEC3,8.76
3481285,CN,CN,LEATH,ELEC4,83.99
3481286,CN,CN,LEATH,ELEC5,31.35
3481287,CN,CN,LEATH,ELEC6,0.11
3481288,CN,CN,LEATH,ELEC7,0.52
3481289,CN,CN,LEATH,ELEC8,14.17
3481290,CN,CN,LEATH,ELE11,0.01
3481291,CN,CN,LEATH,TRAN1,1.71
3481292,CN,CN,LEATH,DISTR,4.51
3481293,CN,CN,LEATH,COKE1,18.12
3481294,CN,CN,LEATH,BLAST,75.89
3481295,CN,CN,LEATH,OXYGE,7.26
3481296,CN,CN,LEATH,GASWO,2.11
3481297,CN,CN,LEATH,BIOG1,29.50
3481298,CN,CN,LEATH,DIST1,81.76
3481299,CN,CN,LEATH,STEAM,10.49
3481300,CN,CN,LEATH,CONST,10911.69
3481301,CN,CN,LEATH,SALEM,45.57
3481302,CN,CN,LEATH,RETAI,3.23
3481303,CN,CN,LEATH,HOTEL,686.36
3481304,CN,CN,LEATH,RAILW,899.46
3481305,CN,CN,LEATH,LANDT,106.50
3481306,CN,CN,LEATH,SEACO,13.36
3481307,CN,CN,LEATH,INLAN,1.42
3481308,CN,CN,LEATH,AIRTR,183.43
3481309,CN,CN,LEATH,SUPPO,272.92
3481310,CN,CN,LEATH,POSTT,92.84
3481311,CN,CN,LEATH,FINAN,425.73
3481312,CN,CN,LEATH,INSUR,226.90
3481313,CN,CN,LEATH,AUXIL,267.80
3481314,CN,CN,LEATH,REALE,3790.05
3481315,CN,CN,LEATH,COMPU,464.65
3481316,CN,CN,LEATH,RESEA,8678.35
3481317,CN,CN,LEATH,BUSIN,1762.72
3481318,CN,CN,LEATH,PUBLI,7162.73
3481319,CN,CN,LEATH,EDUCA,352.32
3481320,CN,CN,LEATH,HEALT,3216.61
3481321,CN,CN,LEATH,MEMBE,72.82
3481322,CN,CN,LEATH,RECRE,793.66
3481323,CN,CN,LEATH,93197,1400.63
3481324,CN,CN,WOODW,PADDY,0.04
3481325,CN,CN,WOODW,WHEAT,0.01
3481326,CN,CN,WOODW,CEREA,0.01
3481327,CN,CN,WOODW,VEGET,84.67
3481328,CN,CN,WOODW,OILSE,1.17
3481329,CN,CN,WOODW,SUGAR,3.36
3481330,CN,CN,WOODW,PLANT,0.13
3481331,CN,CN,WOODW,CROPS,3.34
3481332,CN,CN,WOODW,CATTL,0.05
3481333,CN,CN,WOODW,PIGS9,0.23
3481334,CN,CN,WOODW,POULT,0.11
3481335,CN,CN,WOODW,MEATA,0.80
3481336,CN,CN,WOODW,RAWMI,0.16
3481337,CN,CN,WOODW,WOOLS,0.11
3481338,CN,CN,WOODW,FORES,0.34
3481339,CN,CN,WOODW,FISHF,4.62
3481340,CN,CN,WOODW,COKIN,401.17
3481341,CN,CN,WOODW,BITUM,3516.51
3481342,CN,CN,WOODW,PATEN,6.16
3481343,CN,CN,WOODW,CRUDE,100.68
3481344,CN,CN,WOODW,NATUR,31.90
3481345,CN,CN,WOODW,NATU1,0.08
3481346,CN,CN,WOODW,MEATC,3.69
3481347,CN,CN,WOODW,MEATP,29.74
3481348,CN,CN,WOODW,MEAT1,8.70
3481349,CN,CN,WOODW,MEAT4,9.75
3481350,CN,CN,WOODW,VEGE1,0.01
3481351,CN,CN,WOODW,DAIRY,3.83
3481352,CN,CN,WOODW,PROCE,3.35
3481353,CN,CN,WOODW,FOOD5,45.27
3481354,CN,CN,WOODW,BEVER,189.38
3481355,CN,CN,WOODW,FISH5,141.66
3481356,CN,CN,WOODW,TOBAC,10.31
3481357,CN,CN,WOODW,TEXTI,36.61
3481358,CN,CN,WOODW,WEARI,16.35
3481359,CN,CN,WOODW,LEATH,42.40
3481360,CN,CN,WOODW,WOODW,10440.56
3481361,CN,CN,WOODW,PULP5,184.05
3481362,CN,CN,WOODW,PAPER,64008.06
3481363,CN,CN,WOODW,PRINT,839.87
3481364,CN,CN,WOODW,COKEO,2.81
3481365,CN,CN,WOODW,COALT,0.69
3481366,CN,CN,WOODW,MOTOR,22.98
3481367,CN,CN,WOODW,AVIAT,0.03
3481368,CN,CN,WOODW,KEROS,8.01
3481369,CN,CN,WOODW,KERO1,0.69
3481370,CN,CN,WOODW,GASDI,16.05
3481371,CN,CN,WOODW,HEAVY,3.48
3481372,CN,CN,WOODW,REFIN,0.09
3481373,CN,CN,WOODW,LIQUE,6.09
3481374,CN,CN,WOODW,REFI1,0.15
3481375,CN,CN,WOODW,NAPHT,5.39
3481376,CN,CN,WOODW,WHITE,0.05
3481377,CN,CN,WOODW,LUBRI,0.15
3481378,CN,CN,WOODW,BITU1,1.08
3481379,CN,CN,WOODW,PARAF,0.27
3481380,CN,CN,WOODW,PETRO,0.24
3481381,CN,CN,WOODW,NONSP,1.86
3481382,CN,CN,WOODW,PLAST,229.28
3481383,CN,CN,WOODW,NFERT,0.08
3481384,CN,CN,WOODW,PFERT,6.66
3481385,CN,CN,WOODW,CHEM1,89.79
3481386,CN,CN,WOODW,BIOGA,0.44
3481387,CN,CN,WOODW,BIODI,0.23
3481388,CN,CN,WOODW,RUBBE,421.93
3481389,CN,CN,WOODW,GLASS,558.39
3481390,CN,CN,WOODW,CERAM,9536.03
3481391,CN,CN,WOODW,BRICK,12.28
3481392,CN,CN,WOODW,CEMEN,7.87
3481393,CN,CN,WOODW,NONME,139.81
3481394,CN,CN,WOODW,BASIC,6807.56
3481395,CN,CN,WOODW,PREC1,28.78
3481396,CN,CN,WOODW,ALUM1,101.61
3481397,CN,CN,WOODW,LEAD1,13.39
3481398,CN,CN,WOODW,COPP1,27.71
3481399,CN,CN,WOODW,NONF1,126.89
3481400,CN,CN,WOODW,FOUND,121.74
3481401,CN,CN,WOODW,FABRI,22427.47
3481402,CN,CN,WOODW,OFFIC,203.58
3481403,CN,CN,WOODW,ELECT,300.96
3481404,CN,CN,WOODW,RADIO,37.26
3481405,CN,CN,WOODW,MEDIC,13.33
3481406,CN,CN,WOODW,MOTO1,589.97
3481407,CN,CN,WOODW,TRANS,435.20
3481408,CN,CN,WOODW,FURNI,26931.24
3481409,CN,CN,WOODW,ELEC7,0.03
3481410,CN,CN,WOODW,STEAM,1.56
3481411,CN,CN,WOODW,CONST,33050.86
3481412,CN,CN,WOODW,SALEM,0.07
3481413,CN,CN,WOODW,RETAI,0.01
3481414,CN,CN,WOODW,WHOLE,1.10
3481415,CN,CN,WOODW,RETA1,0.93
3481416,CN,CN,WOODW,HOTEL,8.26
3481417,CN,CN,WOODW,RAILW,13.62
3481418,CN,CN,WOODW,LANDT,0.02
3481419,CN,CN,WOODW,TRAN2,0.48
3481420,CN,CN,WOODW,SEACO,1.06
3481421,CN,CN,WOODW,AIRTR,0.94
3481422,CN,CN,WOODW,SUPPO,10.90
3481423,CN,CN,WOODW,POSTT,62.11
3481424,CN,CN,WOODW,FINAN,6.84
3481425,CN,CN,WOODW,INSUR,5.58
3481426,CN,CN,WOODW,AUXIL,3.81
3481427,CN,CN,WOODW,REALE,345.25
3481428,CN,CN,WOODW,COMPU,9.81
3481429,CN,CN,WOODW,RESEA,64.11
3481430,CN,CN,WOODW,BUSIN,48.57
3481431,CN,CN,WOODW,PUBLI,957.41
3481432,CN,CN,WOODW,EDUCA,508.96
3481433,CN,CN,WOODW,HEALT,127.51
3481434,CN,CN,WOODW,MEMBE,17.67
3481435,CN,CN,WOODW,RECRE,56.19
3481436,CN,CN,WOODW,93197,171.28
3481437,CN,CN,PULP5,COKIN,1.57
3481438,CN,CN,PULP5,BITUM,13.72
3481439,CN,CN,PULP5,PATEN,0.02
3481440,CN,CN,PULP5,CRUDE,51.27
3481441,CN,CN,PULP5,NATUR,13.17
3481442,CN,CN,PULP5,NATU1,0.03
3481443,CN,CN,PULP5,PROCE,90.73
3481444,CN,CN,PULP5,TOBAC,1.36
3481445,CN,CN,PULP5,TEXTI,216.37
3481446,CN,CN,PULP5,WOODW,0.05
3481447,CN,CN,PULP5,PAPER,8420.01
3481448,CN,CN,PULP5,PLAST,221.68
3481449,CN,CN,PULP5,CHEM1,9.98
3481450,CN,CN,PULP5,BIOGA,0.05
3481451,CN,CN,PULP5,BIODI,0.03
3481452,CN,CN,PULP5,FURNI,13.70
3481453,CN,CN,PULP5,RETAI,1.46
3481454,CN,CN,PULP5,AUXIL,46.13
3481455,CN,CN,PULP5,MEMBE,31.37
3481456,CN,CN,PAPER,PADDY,3.30
3481457,CN,CN,PAPER,WHEAT,0.79
3481458,CN,CN,PAPER,CEREA,1.16
3481459,CN,CN,PAPER,VEGET,241.12
3481460,CN,CN,PAPER,OILSE,0.40
3481461,CN,CN,PAPER,SUGAR,28.82
3481462,CN,CN,PAPER,PLANT,0.29
3481463,CN,CN,PAPER,CROPS,2.78
3481464,CN,CN,PAPER,CATTL,0.15
3481465,CN,CN,PAPER,PIGS9,0.14
3481466,CN,CN,PAPER,POULT,3.09
3481467,CN,CN,PAPER,MEATA,1.06
3481468,CN,CN,PAPER,ANIMA,0.33
3481469,CN,CN,PAPER,RAWMI,0.05
3481470,CN,CN,PAPER,WOOLS,0.15
3481471,CN,CN,PAPER,FORES,0.22
3481472,CN,CN,PAPER,FISHF,1.01
3481473,CN,CN,PAPER,COKIN,5.11
3481474,CN,CN,PAPER,BITUM,44.80
3481475,CN,CN,PAPER,PATEN,0.08
3481476,CN,CN,PAPER,CRUDE,319.38
3481477,CN,CN,PAPER,NATUR,70.07
3481478,CN,CN,PAPER,NATU1,0.17
3481479,CN,CN,PAPER,MEATC,30.29
3481480,CN,CN,PAPER,MEATP,228.61
3481481,CN,CN,PAPER,MEAT1,104.20
3481482,CN,CN,PAPER,MEAT4,415.31
3481483,CN,CN,PAPER,VEGE1,0.76
3481484,CN,CN,PAPER,DAIRY,248.99
3481485,CN,CN,PAPER,PROCE,113.33
3481486,CN,CN,PAPER,SUGA1,4.49
3481487,CN,CN,PAPER,FOOD5,32354.26
3481488,CN,CN,PAPER,BEVER,3915.11
3481489,CN,CN,PAPER,FISH5,16217.42
3481490,CN,CN,PAPER,TOBAC,225.29
3481491,CN,CN,PAPER,TEXTI,20113.81
3481492,CN,CN,PAPER,WEARI,6927.66
3481493,CN,CN,PAPER,LEATH,12371.84
3481494,CN,CN,PAPER,WOODW,414.66
3481495,CN,CN,PAPER,PAPER,214147.80
3481496,CN,CN,PAPER,PRINT,57820.79
3481497,CN,CN,PAPER,PLAST,5828.75
3481498,CN,CN,PAPER,NFERT,35.21
3481499,CN,CN,PAPER,PFERT,10334.18
3481500,CN,CN,PAPER,CHEM1,12411.17
3481501,CN,CN,PAPER,BIOGA,60.55
3481502,CN,CN,PAPER,BIODI,32.21
3481503,CN,CN,PAPER,RUBBE,7709.99
3481504,CN,CN,PAPER,GLASS,10828.74
3481505,CN,CN,PAPER,CERAM,43139.52
3481506,CN,CN,PAPER,BRICK,230.64
3481507,CN,CN,PAPER,CEMEN,420.09
3481508,CN,CN,PAPER,NONME,1443.44
3481509,CN,CN,PAPER,BASIC,225.63
3481510,CN,CN,PAPER,LEAD1,0.81
3481511,CN,CN,PAPER,COPP1,50.98
3481512,CN,CN,PAPER,NONF1,5.14
3481513,CN,CN,PAPER,FOUND,5.33
3481514,CN,CN,PAPER,FABRI,4883.07
3481515,CN,CN,PAPER,OFFIC,4799.30
3481516,CN,CN,PAPER,ELECT,1234.72
3481517,CN,CN,PAPER,RADIO,1914.90
3481518,CN,CN,PAPER,MEDIC,557.67
3481519,CN,CN,PAPER,MOTO1,939.50
3481520,CN,CN,PAPER,TRANS,20.11
3481521,CN,CN,PAPER,FURNI,1283.01
3481522,CN,CN,PAPER,ELEC9,0.08
3481523,CN,CN,PAPER,CONST,15389.84
3481524,CN,CN,PAPER,SALEM,1.40
3481525,CN,CN,PAPER,RETAI,3.94
3481526,CN,CN,PAPER,RETA1,1167.24
3481527,CN,CN,PAPER,HOTEL,1455.62
3481528,CN,CN,PAPER,RAILW,29.23
3481529,CN,CN,PAPER,LANDT,323.51
3481530,CN,CN,PAPER,TRAN2,48.60
3481531,CN,CN,PAPER,SEACO,57.48
3481532,CN,CN,PAPER,INLAN,10.99
3481533,CN,CN,PAPER,AIRTR,35.07
3481534,CN,CN,PAPER,SUPPO,1286.28
3481535,CN,CN,PAPER,POSTT,53.96
3481536,CN,CN,PAPER,FINAN,4142.15
3481537,CN,CN,PAPER,INSUR,2388.51
3481538,CN,CN,PAPER,AUXIL,153.89
3481539,CN,CN,PAPER,REALE,1389.96
3481540,CN,CN,PAPER,COMPU,10729.34
3481541,CN,CN,PAPER,RESEA,1445.44
3481542,CN,CN,PAPER,BUSIN,14232.07
3481543,CN,CN,PAPER,PUBLI,1046.17
3481544,CN,CN,PAPER,EDUCA,5772.68
3481545,CN,CN,PAPER,HEALT,24849.94
3481546,CN,CN,PAPER,MEMBE,77.81
3481547,CN,CN,PAPER,RECRE,1180.96
3481548,CN,CN,PAPER,93197,5217.85
3481549,CN,CN,PAPER,PRIVA,0.06
3481550,CN,CN,PRINT,PADDY,0.08
3481551,CN,CN,PRINT,WHEAT,0.03
3481552,CN,CN,PRINT,CEREA,0.05
3481553,CN,CN,PRINT,VEGET,28.71
3481554,CN,CN,PRINT,OILSE,0.29
3481555,CN,CN,PRINT,SUGAR,0.10
3481556,CN,CN,PRINT,PLANT,0.69
3481557,CN,CN,PRINT,CROPS,0.76
3481558,CN,CN,PRINT,CATTL,0.01
3481559,CN,CN,PRINT,PIGS9,0.02
3481560,CN,CN,PRINT,POULT,0.08
3481561,CN,CN,PRINT,RAWMI,0.01
3481562,CN,CN,PRINT,FORES,0.06
3481563,CN,CN,PRINT,FISHF,0.51
3481564,CN,CN,PRINT,COKIN,71.58
3481565,CN,CN,PRINT,BITUM,627.41
3481566,CN,CN,PRINT,PATEN,1.10
3481567,CN,CN,PRINT,CRUDE,328.35
3481568,CN,CN,PRINT,NATUR,38.86
3481569,CN,CN,PRINT,NATU1,0.10
3481570,CN,CN,PRINT,PRECI,0.01
3481571,CN,CN,PRINT,MEATC,25.85
3481572,CN,CN,PRINT,MEATP,135.47
3481573,CN,CN,PRINT,MEAT1,216.66
3481574,CN,CN,PRINT,MEAT4,1095.78
3481575,CN,CN,PRINT,VEGE1,0.06
3481576,CN,CN,PRINT,DAIRY,7.76
3481577,CN,CN,PRINT,PROCE,13.51
3481578,CN,CN,PRINT,SUGA1,0.22
3481579,CN,CN,PRINT,FOOD5,11925.39
3481580,CN,CN,PRINT,BEVER,581.23
3481581,CN,CN,PRINT,FISH5,1772.20
3481582,CN,CN,PRINT,TOBAC,132.58
3481583,CN,CN,PRINT,TEXTI,3057.10
3481584,CN,CN,PRINT,WEARI,2270.17
3481585,CN,CN,PRINT,LEATH,1315.95
3481586,CN,CN,PRINT,WOODW,43.63
3481587,CN,CN,PRINT,PULP5,4.74
3481588,CN,CN,PRINT,PAPER,9123.85
3481589,CN,CN,PRINT,PRINT,47421.48
3481590,CN,CN,PRINT,COKEO,31.79
3481591,CN,CN,PRINT,COALT,1.53
3481592,CN,CN,PRINT,MOTOR,50.93
3481593,CN,CN,PRINT,AVIAT,0.08
3481594,CN,CN,PRINT,KEROS,17.76
3481595,CN,CN,PRINT,KERO1,1.53
3481596,CN,CN,PRINT,GASDI,35.59
3481597,CN,CN,PRINT,HEAVY,7.71
3481598,CN,CN,PRINT,REFIN,0.21
3481599,CN,CN,PRINT,LIQUE,13.50
3481600,CN,CN,PRINT,REFI1,0.33
3481601,CN,CN,PRINT,NAPHT,11.95
3481602,CN,CN,PRINT,WHITE,0.12
3481603,CN,CN,PRINT,LUBRI,0.33
3481604,CN,CN,PRINT,BITU1,2.40
3481605,CN,CN,PRINT,PARAF,0.59
3481606,CN,CN,PRINT,PETRO,0.53
3481607,CN,CN,PRINT,NONSP,4.12
3481608,CN,CN,PRINT,PLAST,2668.70
3481609,CN,CN,PRINT,NFERT,46.24
3481610,CN,CN,PRINT,PFERT,8935.96
3481611,CN,CN,PRINT,CHEM1,12197.60
3481612,CN,CN,PRINT,BIOGA,59.51
3481613,CN,CN,PRINT,BIODI,31.66
3481614,CN,CN,PRINT,RUBBE,5006.21
3481615,CN,CN,PRINT,GLASS,427.95
3481616,CN,CN,PRINT,CERAM,1972.43
3481617,CN,CN,PRINT,BRICK,27.72
3481618,CN,CN,PRINT,CEMEN,256.23
3481619,CN,CN,PRINT,NONME,626.18
3481620,CN,CN,PRINT,BASIC,1520.47
3481621,CN,CN,PRINT,PREC1,20.61
3481622,CN,CN,PRINT,ALUM1,261.33
3481623,CN,CN,PRINT,LEAD1,20.59
3481624,CN,CN,PRINT,COPP1,84.86
3481625,CN,CN,PRINT,NONF1,105.17
3481626,CN,CN,PRINT,FOUND,135.04
3481627,CN,CN,PRINT,FABRI,13322.32
3481628,CN,CN,PRINT,MACHI,0.01
3481629,CN,CN,PRINT,ELECT,628.88
3481630,CN,CN,PRINT,RADIO,1398.49
3481631,CN,CN,PRINT,MEDIC,308.09
3481632,CN,CN,PRINT,MOTO1,5571.48
3481633,CN,CN,PRINT,TRANS,1576.31
3481634,CN,CN,PRINT,FURNI,1529.87
3481635,CN,CN,PRINT,ELEC1,114.67
3481636,CN,CN,PRINT,ELEC2,30.03
3481637,CN,CN,PRINT,ELEC3,32.89
3481638,CN,CN,PRINT,ELEC4,111.22
3481639,CN,CN,PRINT,ELEC5,41.47
3481640,CN,CN,PRINT,ELEC6,0.14
3481641,CN,CN,PRINT,ELEC7,0.67
3481642,CN,CN,PRINT,ELEC8,19.53
3481643,CN,CN,PRINT,ELEC9,0.02
3481644,CN,CN,PRINT,ELE11,0.02
3481645,CN,CN,PRINT,TRAN1,0.72
3481646,CN,CN,PRINT,DISTR,1.89
3481647,CN,CN,PRINT,COKE1,6.70
3481648,CN,CN,PRINT,BLAST,28.07
3481649,CN,CN,PRINT,OXYGE,2.69
3481650,CN,CN,PRINT,GASWO,0.78
3481651,CN,CN,PRINT,BIOG1,10.91
3481652,CN,CN,PRINT,DIST1,30.24
3481653,CN,CN,PRINT,STEAM,18.34
3481654,CN,CN,PRINT,CONST,5392.27
3481655,CN,CN,PRINT,SALEM,453.52
3481656,CN,CN,PRINT,RETAI,10.79
3481657,CN,CN,PRINT,HOTEL,1525.01
3481658,CN,CN,PRINT,RAILW,55.15
3481659,CN,CN,PRINT,LANDT,762.91
3481660,CN,CN,PRINT,TRAN2,8.60
3481661,CN,CN,PRINT,SEACO,179.15
3481662,CN,CN,PRINT,INLAN,37.22
3481663,CN,CN,PRINT,AIRTR,102.89
3481664,CN,CN,PRINT,SUPPO,358.05
3481665,CN,CN,PRINT,POSTT,797.81
3481666,CN,CN,PRINT,FINAN,9099.59
3481667,CN,CN,PRINT,INSUR,6361.23
3481668,CN,CN,PRINT,AUXIL,4174.83
3481669,CN,CN,PRINT,COMPU,7736.83
3481670,CN,CN,PRINT,RESEA,3572.61
3481671,CN,CN,PRINT,HEALT,15394.87
3481672,CN,CN,PRINT,MEMBE,632.82
3481673,CN,CN,PRINT,RECRE,10198.60
3481674,CN,CN,PRINT,93197,750.43
3481675,CN,CN,PRINT,PRIVA,0.06
3481676,CN,CN,COKEO,PADDY,0.08
3481677,CN,CN,COKEO,WHEAT,0.05
3481678,CN,CN,COKEO,CEREA,0.18
3481679,CN,CN,COKEO,VEGET,1.56
3481680,CN,CN,COKEO,OILSE,0.13
3481681,CN,CN,COKEO,SUGAR,0.16
3481682,CN,CN,COKEO,CROPS,0.09
3481683,CN,CN,COKEO,CATTL,0.03
3481684,CN,CN,COKEO,PIGS9,0.02
3481685,CN,CN,COKEO,POULT,0.03
3481686,CN,CN,COKEO,MEATA,0.01
3481687,CN,CN,COKEO,ANIMA,0.01
3481688,CN,CN,COKEO,RAWMI,0.01
3481689,CN,CN,COKEO,FORES,0.01
3481690,CN,CN,COKEO,COKIN,2.31
3481691,CN,CN,COKEO,BITUM,20.24
3481692,CN,CN,COKEO,PATEN,0.04
3481693,CN,CN,COKEO,CRUDE,520.03
3481694,CN,CN,COKEO,NATUR,88.31
3481695,CN,CN,COKEO,NATU1,0.22
3481696,CN,CN,COKEO,COPPE,0.01
3481697,CN,CN,COKEO,PRECI,0.01
3481698,CN,CN,COKEO,MEATC,0.01
3481699,CN,CN,COKEO,MEATP,0.02
3481700,CN,CN,COKEO,MEAT1,0.05
3481701,CN,CN,COKEO,MEAT4,0.60
3481702,CN,CN,COKEO,DAIRY,0.08
3481703,CN,CN,COKEO,PROCE,0.49
3481704,CN,CN,COKEO,FOOD5,21.87
3481705,CN,CN,COKEO,BEVER,2.49
3481706,CN,CN,COKEO,FISH5,7.64
3481707,CN,CN,COKEO,TOBAC,0.25
3481708,CN,CN,COKEO,TEXTI,3.07
3481709,CN,CN,COKEO,WEARI,5.88
3481710,CN,CN,COKEO,LEATH,5.30
3481711,CN,CN,COKEO,WOODW,0.03
3481712,CN,CN,COKEO,PULP5,0.02
3481713,CN,CN,COKEO,PAPER,3.43
3481714,CN,CN,COKEO,PRINT,1.15
3481715,CN,CN,COKEO,COKEO,142.14
3481716,CN,CN,COKEO,COALT,1.11
3481717,CN,CN,COKEO,MOTOR,36.15
3481718,CN,CN,COKEO,AVIAT,0.05
3481719,CN,CN,COKEO,KEROS,12.61
3481720,CN,CN,COKEO,KERO1,1.08
3481721,CN,CN,COKEO,GASDI,25.26
3481722,CN,CN,COKEO,HEAVY,5.47
3481723,CN,CN,COKEO,REFIN,0.15
3481724,CN,CN,COKEO,LIQUE,9.59
3481725,CN,CN,COKEO,REFI1,0.23
3481726,CN,CN,COKEO,NAPHT,8.48
3481727,CN,CN,COKEO,WHITE,0.09
3481728,CN,CN,COKEO,LUBRI,0.23
3481729,CN,CN,COKEO,BITU1,1.71
3481730,CN,CN,COKEO,PARAF,0.42
3481731,CN,CN,COKEO,PETRO,0.38
3481732,CN,CN,COKEO,NONSP,2.93
3481733,CN,CN,COKEO,PLAST,1842.10
3481734,CN,CN,COKEO,NFERT,4.45
3481735,CN,CN,COKEO,PFERT,887.32
3481736,CN,CN,COKEO,CHEM1,349.67
3481737,CN,CN,COKEO,BIOGA,1.71
3481738,CN,CN,COKEO,BIODI,0.91
3481739,CN,CN,COKEO,RUBBE,176.12
3481740,CN,CN,COKEO,GLASS,379.66
3481741,CN,CN,COKEO,CERAM,1945.54
3481742,CN,CN,COKEO,BRICK,12.26
3481743,CN,CN,COKEO,CEMEN,115.08
3481744,CN,CN,COKEO,NONME,297.99
3481745,CN,CN,COKEO,BASIC,117075.07
3481746,CN,CN,COKEO,PREC1,7.80
3481747,CN,CN,COKEO,ALUM1,419.25
3481748,CN,CN,COKEO,LEAD1,1822.34
3481749,CN,CN,COKEO,COPP1,90.41
3481750,CN,CN,COKEO,NONF1,33.51
3481751,CN,CN,COKEO,FOUND,334.84
3481752,CN,CN,COKEO,FABRI,940.96
3481753,CN,CN,COKEO,OFFIC,628.61
3481754,CN,CN,COKEO,ELECT,253.39
3481755,CN,CN,COKEO,RADIO,108.51
3481756,CN,CN,COKEO,MEDIC,1.04
3481757,CN,CN,COKEO,MOTO1,37.55
3481758,CN,CN,COKEO,TRANS,11.88
3481759,CN,CN,COKEO,FURNI,10.97
3481760,CN,CN,COKEO,ELEC1,68.08
3481761,CN,CN,COKEO,COKE1,3.40
3481762,CN,CN,COKEO,BLAST,14.25
3481763,CN,CN,COKEO,OXYGE,1.36
3481764,CN,CN,COKEO,GASWO,0.40
3481765,CN,CN,COKEO,BIOG1,5.54
3481766,CN,CN,COKEO,DIST1,15.35
3481767,CN,CN,COKEO,CONST,4.70
3481768,CN,CN,COKEO,SUPPO,0.01
3481769,CN,CN,COKEO,POSTT,0.02
3481770,CN,CN,COKEO,FINAN,0.01
3481771,CN,CN,COKEO,REALE,0.05
3481772,CN,CN,COKEO,BUSIN,0.03
3481773,CN,CN,COKEO,PUBLI,0.03
3481774,CN,CN,COKEO,EDUCA,0.01
3481775,CN,CN,COKEO,HEALT,0.01
3481776,CN,CN,COKEO,93197,0.01
3481777,CN,CN,COALT,COKIN,0.12
3481778,CN,CN,COALT,BITUM,1.03
3481779,CN,CN,COALT,CRUDE,1.89
3481780,CN,CN,COALT,NATUR,0.37
3481781,CN,CN,COALT,MEATC,62.27
3481782,CN,CN,COALT,MEATP,0.01
3481783,CN,CN,COALT,FOOD5,0.02
3481784,CN,CN,COALT,FISH5,0.02
3481785,CN,CN,COALT,COALT,69.56
3481786,CN,CN,COALT,MOTOR,2332.68
3481787,CN,CN,COALT,AVIAT,3.45
3481788,CN,CN,COALT,KEROS,813.43
3481789,CN,CN,COALT,KERO1,69.85
3481790,CN,CN,COALT,GASDI,1629.86
3481791,CN,CN,COALT,HEAVY,352.87
3481792,CN,CN,COALT,REFIN,9.56
3481793,CN,CN,COALT,LIQUE,618.47
3481794,CN,CN,COALT,REFI1,15.08
3481795,CN,CN,COALT,NAPHT,547.13
3481796,CN,CN,COALT,WHITE,5.50
3481797,CN,CN,COALT,LUBRI,15.15
3481798,CN,CN,COALT,BITU1,110.06
3481799,CN,CN,COALT,PARAF,27.09
3481800,CN,CN,COALT,PETRO,24.49
3481801,CN,CN,COALT,NONSP,188.83
3481802,CN,CN,COALT,PLAST,2111.24
3481803,CN,CN,COALT,NFERT,5.10
3481804,CN,CN,COALT,PFERT,1017.17
3481805,CN,CN,COALT,CHEM1,400.78
3481806,CN,CN,COALT,BIOGA,1.96
3481807,CN,CN,COALT,BIODI,1.04
3481808,CN,CN,COALT,RUBBE,22.79
3481809,CN,CN,COALT,GLASS,133.50
3481810,CN,CN,COALT,CERAM,683.67
3481811,CN,CN,COALT,BRICK,4.31
3481812,CN,CN,COALT,CEMEN,40.48
3481813,CN,CN,COALT,NONME,104.70
3481814,CN,CN,COALT,BASIC,611.02
3481815,CN,CN,COALT,PREC1,0.34
3481816,CN,CN,COALT,LEAD1,1.51
3481817,CN,CN,COALT,COPP1,3.97
3481818,CN,CN,COALT,NONF1,1.48
3481819,CN,CN,COALT,FOUND,127.74
3481820,CN,CN,COALT,FABRI,10.36
3481821,CN,CN,COALT,OFFIC,6.96
3481822,CN,CN,COALT,ELECT,2.80
3481823,CN,CN,COALT,RADIO,1.20
3481824,CN,CN,COALT,MEDIC,0.13
3481825,CN,CN,COALT,FURNI,1.41
3481826,CN,CN,COALT,ELEC1,0.25
3481827,CN,CN,COALT,COKE1,50.72
3481828,CN,CN,COALT,BLAST,212.44
3481829,CN,CN,COALT,OXYGE,20.34
3481830,CN,CN,COALT,GASWO,5.90
3481831,CN,CN,COALT,BIOG1,82.57
3481832,CN,CN,COALT,DIST1,228.87
3481833,CN,CN,MOTOR,PADDY,1006.88
3481834,CN,CN,MOTOR,WHEAT,425.22
3481835,CN,CN,MOTOR,CEREA,1581.99
3481836,CN,CN,MOTOR,VEGET,5510.95
3481837,CN,CN,MOTOR,OILSE,849.06
3481838,CN,CN,MOTOR,SUGAR,936.48
3481839,CN,CN,MOTOR,PLANT,25.38
3481840,CN,CN,MOTOR,CROPS,2286.20
3481841,CN,CN,MOTOR,CATTL,345.21
3481842,CN,CN,MOTOR,PIGS9,280.48
3481843,CN,CN,MOTOR,POULT,677.72
3481844,CN,CN,MOTOR,MEATA,86.22
3481845,CN,CN,MOTOR,ANIMA,219.93
3481846,CN,CN,MOTOR,RAWMI,39.58
3481847,CN,CN,MOTOR,WOOLS,4.54
3481848,CN,CN,MOTOR,FORES,187.57
3481849,CN,CN,MOTOR,FISHF,1405.29
3481850,CN,CN,MOTOR,COKIN,59.38
3481851,CN,CN,MOTOR,BITUM,520.46
3481852,CN,CN,MOTOR,PATEN,0.91
3481853,CN,CN,MOTOR,CRUDE,2688.04
3481854,CN,CN,MOTOR,NATUR,532.09
3481855,CN,CN,MOTOR,NATU1,1.32
3481856,CN,CN,MOTOR,COPPE,0.01
3481857,CN,CN,MOTOR,PRECI,0.01
3481858,CN,CN,MOTOR,MEATC,0.54
3481859,CN,CN,MOTOR,MEATP,1.50
3481860,CN,CN,MOTOR,MEAT1,2.14
3481861,CN,CN,MOTOR,MEAT4,10.06
3481862,CN,CN,MOTOR,DAIRY,0.55
3481863,CN,CN,MOTOR,PROCE,86.69
3481864,CN,CN,MOTOR,SUGA1,0.03
3481865,CN,CN,MOTOR,FOOD5,166.49
3481866,CN,CN,MOTOR,BEVER,105.01
3481867,CN,CN,MOTOR,FISH5,138.50
3481868,CN,CN,MOTOR,TOBAC,11.20
3481869,CN,CN,MOTOR,TEXTI,202.75
3481870,CN,CN,MOTOR,WEARI,607.74
3481871,CN,CN,MOTOR,LEATH,394.46
3481872,CN,CN,MOTOR,WOODW,11.79
3481873,CN,CN,MOTOR,PULP5,0.73
3481874,CN,CN,MOTOR,PAPER,1430.67
3481875,CN,CN,MOTOR,PRINT,116.76
3481876,CN,CN,MOTOR,COKEO,5.54
3481877,CN,CN,MOTOR,COALT,1323.85
3481878,CN,CN,MOTOR,MOTOR,44392.72
3481879,CN,CN,MOTOR,AVIAT,65.57
3481880,CN,CN,MOTOR,KEROS,15480.12
3481881,CN,CN,MOTOR,KERO1,1329.35
3481882,CN,CN,MOTOR,GASDI,31017.43
3481883,CN,CN,MOTOR,HEAVY,6715.43
3481884,CN,CN,MOTOR,REFIN,181.95
3481885,CN,CN,MOTOR,LIQUE,11769.90
3481886,CN,CN,MOTOR,REFI1,286.94
3481887,CN,CN,MOTOR,NAPHT,10412.33
3481888,CN,CN,MOTOR,WHITE,104.63
3481889,CN,CN,MOTOR,LUBRI,288.28
3481890,CN,CN,MOTOR,BITU1,2094.49
3481891,CN,CN,MOTOR,PARAF,515.48
3481892,CN,CN,MOTOR,PETRO,465.99
3481893,CN,CN,MOTOR,NONSP,3593.58
3481894,CN,CN,MOTOR,PLAST,4.71
3481895,CN,CN,MOTOR,NFERT,124.96
3481896,CN,CN,MOTOR,PFERT,9295.19
3481897,CN,CN,MOTOR,CHEM1,9734.93
3481898,CN,CN,MOTOR,BIOGA,47.49
3481899,CN,CN,MOTOR,BIODI,25.27
3481900,CN,CN,MOTOR,RUBBE,2522.69
3481901,CN,CN,MOTOR,GLASS,960.17
3481902,CN,CN,MOTOR,CERAM,26.00
3481903,CN,CN,MOTOR,BRICK,2.99
3481904,CN,CN,MOTOR,CEMEN,49.60
3481905,CN,CN,MOTOR,NONME,3234.37
3481906,CN,CN,MOTOR,BASIC,589.89
3481907,CN,CN,MOTOR,PREC1,147.56
3481908,CN,CN,MOTOR,ALUM1,7597.42
3481909,CN,CN,MOTOR,LEAD1,145.18
3481910,CN,CN,MOTOR,COPP1,328.56
3481911,CN,CN,MOTOR,NONF1,340.05
3481912,CN,CN,MOTOR,FOUND,830.34
3481913,CN,CN,MOTOR,FABRI,1529.66
3481914,CN,CN,MOTOR,MACHI,0.01
3481915,CN,CN,MOTOR,OFFIC,109.64
3481916,CN,CN,MOTOR,ELECT,493.21
3481917,CN,CN,MOTOR,RADIO,452.32
3481918,CN,CN,MOTOR,MEDIC,54.06
3481919,CN,CN,MOTOR,MOTO1,4949.65
3481920,CN,CN,MOTOR,TRANS,285.69
3481921,CN,CN,MOTOR,FURNI,1438.84
3481922,CN,CN,MOTOR,ELEC1,4.46
3481923,CN,CN,MOTOR,ELEC2,0.88
3481924,CN,CN,MOTOR,ELEC5,3.96
3481925,CN,CN,MOTOR,ELEC7,0.07
3481926,CN,CN,MOTOR,ELEC9,0.01
3481927,CN,CN,MOTOR,TRAN1,0.14
3481928,CN,CN,MOTOR,DISTR,0.33
3481929,CN,CN,MOTOR,COKE1,0.27
3481930,CN,CN,MOTOR,BLAST,1.14
3481931,CN,CN,MOTOR,OXYGE,0.11
3481932,CN,CN,MOTOR,GASWO,0.03
3481933,CN,CN,MOTOR,BIOG1,0.44
3481934,CN,CN,MOTOR,DIST1,1.23
3481935,CN,CN,MOTOR,STEAM,0.15
3481936,CN,CN,MOTOR,CONST,1752.25
3481937,CN,CN,MOTOR,SALEM,169.50
3481938,CN,CN,MOTOR,RETAI,3.36
3481939,CN,CN,MOTOR,WHOLE,132.13
3481940,CN,CN,MOTOR,RETA1,39.58
3481941,CN,CN,MOTOR,HOTEL,102.82
3481942,CN,CN,MOTOR,LANDT,104817.34
3481943,CN,CN,MOTOR,TRAN2,21.22
3481944,CN,CN,MOTOR,AIRTR,15.09
3481945,CN,CN,MOTOR,SUPPO,1972.07
3481946,CN,CN,MOTOR,FINAN,2078.54
3481947,CN,CN,MOTOR,INSUR,984.60
3481948,CN,CN,MOTOR,AUXIL,406.29
3481949,CN,CN,MOTOR,REALE,8999.98
3481950,CN,CN,MOTOR,COMPU,56.11
3481951,CN,CN,MOTOR,RESEA,528.68
3481952,CN,CN,MOTOR,BUSIN,3153.35
3481953,CN,CN,MOTOR,PUBLI,11123.60
3481954,CN,CN,MOTOR,EDUCA,2797.69
3481955,CN,CN,MOTOR,HEALT,957.31
3481956,CN,CN,MOTOR,MEMBE,225.39
3481957,CN,CN,MOTOR,RECRE,351.01
3481958,CN,CN,MOTOR,93197,3058.90
3481959,CN,CN,MOTOR,PRIVA,7.74
3481960,CN,CN,AVIAT,PADDY,0.05
3481961,CN,CN,AVIAT,WHEAT,0.06
3481962,CN,CN,AVIAT,CEREA,0.10
3481963,CN,CN,AVIAT,VEGET,0.75
3481964,CN,CN,AVIAT,OILSE,0.02
3481965,CN,CN,AVIAT,SUGAR,0.06
3481966,CN,CN,AVIAT,CROPS,0.08
3481967,CN,CN,AVIAT,CATTL,0.01
3481968,CN,CN,AVIAT,PIGS9,0.02
3481969,CN,CN,AVIAT,POULT,0.05
3481970,CN,CN,AVIAT,MEATA,0.01
3481971,CN,CN,AVIAT,FORES,0.02
3481972,CN,CN,AVIAT,FISHF,0.24
3481973,CN,CN,AVIAT,COKIN,3.72
3481974,CN,CN,AVIAT,BITUM,32.62
3481975,CN,CN,AVIAT,PATEN,0.06
3481976,CN,CN,AVIAT,CRUDE,44.48
3481977,CN,CN,AVIAT,NATUR,6.05
3481978,CN,CN,AVIAT,NATU1,0.02
3481979,CN,CN,AVIAT,PROCE,0.15
3481980,CN,CN,AVIAT,FOOD5,0.03
3481981,CN,CN,AVIAT,TEXTI,0.02
3481982,CN,CN,AVIAT,WEARI,0.05
3481983,CN,CN,AVIAT,PAPER,0.17
3481984,CN,CN,AVIAT,MOTOR,0.02
3481985,CN,CN,AVIAT,KEROS,0.01
3481986,CN,CN,AVIAT,GASDI,0.01
3481987,CN,CN,AVIAT,CHEM1,0.17
3481988,CN,CN,AVIAT,RUBBE,0.08
3481989,CN,CN,AVIAT,GLASS,0.11
3481990,CN,CN,AVIAT,CERAM,0.54
3481991,CN,CN,AVIAT,NONME,0.30
3481992,CN,CN,AVIAT,BASIC,3.43
3481993,CN,CN,AVIAT,PREC1,0.31
3481994,CN,CN,AVIAT,ALUM1,0.54
3481995,CN,CN,AVIAT,LEAD1,0.07
3481996,CN,CN,AVIAT,COPP1,0.41
3481997,CN,CN,AVIAT,NONF1,0.09
3481998,CN,CN,AVIAT,FOUND,0.05
3481999,CN,CN,AVIAT,FABRI,1.17
3482000,CN,CN,AVIAT,ELECT,0.08
3482001,CN,CN,AVIAT,RADIO,0.02
3482002,CN,CN,AVIAT,MEDIC,0.01
3482003,CN,CN,AVIAT,MOTO1,0.10
3482004,CN,CN,AVIAT,TRANS,14.38
3482005,CN,CN,AVIAT,FURNI,0.01
3482006,CN,CN,AVIAT,ELEC5,0.24
3482007,CN,CN,AVIAT,STEAM,0.03
3482008,CN,CN,AVIAT,CONST,0.51
3482009,CN,CN,AVIAT,SALEM,0.04
3482010,CN,CN,AVIAT,RAILW,0.09
3482011,CN,CN,AVIAT,AIRTR,122.45
3482012,CN,CN,AVIAT,SUPPO,63.20
3482013,CN,CN,AVIAT,POSTT,5.54
3482014,CN,CN,AVIAT,FINAN,1.33
3482015,CN,CN,AVIAT,INSUR,0.10
3482016,CN,CN,AVIAT,AUXIL,0.01
3482017,CN,CN,AVIAT,REALE,1.04
3482018,CN,CN,AVIAT,RESEA,1.37
3482019,CN,CN,AVIAT,BUSIN,0.04
3482020,CN,CN,AVIAT,PUBLI,294.74
3482021,CN,CN,AVIAT,EDUCA,0.76
3482022,CN,CN,AVIAT,HEALT,0.04
3482023,CN,CN,AVIAT,MEMBE,5.56
3482024,CN,CN,AVIAT,RECRE,0.02
3482025,CN,CN,AVIAT,93197,0.09
3482026,CN,CN,AVIAT,PRIVA,0.30
3482027,CN,CN,KEROS,PADDY,7.31
3482028,CN,CN,KEROS,WHEAT,16.17
3482029,CN,CN,KEROS,CEREA,19.12
3482030,CN,CN,KEROS,VEGET,114.28
3482031,CN,CN,KEROS,OILSE,4.59
3482032,CN,CN,KEROS,SUGAR,9.55
3482033,CN,CN,KEROS,PLANT,0.12
3482034,CN,CN,KEROS,CROPS,79.31
3482035,CN,CN,KEROS,CATTL,1.19
3482036,CN,CN,KEROS,PIGS9,5.58
3482037,CN,CN,KEROS,POULT,4.43
3482038,CN,CN,KEROS,MEATA,2.13
3482039,CN,CN,KEROS,RAWMI,3.86
3482040,CN,CN,KEROS,WOOLS,0.11
3482041,CN,CN,KEROS,FORES,46.16
3482042,CN,CN,KEROS,FISHF,96.75
3482043,CN,CN,KEROS,COKIN,319.16
3482044,CN,CN,KEROS,BITUM,2797.64
3482045,CN,CN,KEROS,PATEN,4.90
3482046,CN,CN,KEROS,CRUDE,6403.88
3482047,CN,CN,KEROS,NATUR,1066.31
3482048,CN,CN,KEROS,NATU1,2.64
3482049,CN,CN,KEROS,URANI,0.02
3482050,CN,CN,KEROS,IRONO,326.34
3482051,CN,CN,KEROS,COPPE,761.06
3482052,CN,CN,KEROS,NICKE,62.64
3482053,CN,CN,KEROS,ALUMI,30.06
3482054,CN,CN,KEROS,PRECI,234.49
3482055,CN,CN,KEROS,LEADZ,46.52
3482056,CN,CN,KEROS,NONFE,403.72
3482057,CN,CN,KEROS,STONE,9.04
3482058,CN,CN,KEROS,SANDC,56.47
3482059,CN,CN,KEROS,CHEMI,1.19
3482060,CN,CN,KEROS,MEAT4,0.17
3482061,CN,CN,KEROS,VEGE1,0.71
3482062,CN,CN,KEROS,PROCE,72.14
3482063,CN,CN,KEROS,FOOD5,2.69
3482064,CN,CN,KEROS,BEVER,1.17
3482065,CN,CN,KEROS,FISH5,0.61
3482066,CN,CN,KEROS,TOBAC,0.48
3482067,CN,CN,KEROS,TEXTI,5.04
3482068,CN,CN,KEROS,WEARI,3.93
3482069,CN,CN,KEROS,LEATH,1.89
3482070,CN,CN,KEROS,WOODW,0.11
3482071,CN,CN,KEROS,PAPER,11.38
3482072,CN,CN,KEROS,PRINT,0.84
3482073,CN,CN,KEROS,COKEO,0.07
3482074,CN,CN,KEROS,COALT,0.02
3482075,CN,CN,KEROS,MOTOR,0.61
3482076,CN,CN,KEROS,KEROS,0.21
3482077,CN,CN,KEROS,KERO1,0.02
3482078,CN,CN,KEROS,GASDI,0.43
3482079,CN,CN,KEROS,HEAVY,0.09
3482080,CN,CN,KEROS,LIQUE,0.16
3482081,CN,CN,KEROS,NAPHT,0.14
3482082,CN,CN,KEROS,BITU1,0.03
3482083,CN,CN,KEROS,PARAF,0.01
3482084,CN,CN,KEROS,PETRO,0.01
3482085,CN,CN,KEROS,NONSP,0.05
3482086,CN,CN,KEROS,PLAST,0.14
3482087,CN,CN,KEROS,PFERT,0.29
3482088,CN,CN,KEROS,CHEM1,32.85
3482089,CN,CN,KEROS,BIOGA,0.16
3482090,CN,CN,KEROS,BIODI,0.09
3482091,CN,CN,KEROS,RUBBE,10.02
3482092,CN,CN,KEROS,GLASS,7.21
3482093,CN,CN,KEROS,CERAM,28.45
3482094,CN,CN,KEROS,BRICK,1.20
3482095,CN,CN,KEROS,CEMEN,0.84
3482096,CN,CN,KEROS,NONME,15.38
3482097,CN,CN,KEROS,BASIC,375.29
3482098,CN,CN,KEROS,PREC1,55.87
3482099,CN,CN,KEROS,ALUM1,57.50
3482100,CN,CN,KEROS,LEAD1,9.17
3482101,CN,CN,KEROS,COPP1,42.34
3482102,CN,CN,KEROS,NONF1,15.98
3482103,CN,CN,KEROS,FOUND,6.04
3482104,CN,CN,KEROS,FABRI,91.46
3482105,CN,CN,KEROS,MACHI,1.06
3482106,CN,CN,KEROS,OFFIC,0.23
3482107,CN,CN,KEROS,ELECT,17.80
3482108,CN,CN,KEROS,RADIO,5.58
3482109,CN,CN,KEROS,MEDIC,2.38
3482110,CN,CN,KEROS,MOTO1,6.45
3482111,CN,CN,KEROS,TRANS,5788.06
3482112,CN,CN,KEROS,FURNI,1.40
3482113,CN,CN,KEROS,ELEC1,2.68
3482114,CN,CN,KEROS,ELEC2,0.08
3482115,CN,CN,KEROS,ELEC3,0.29
3482116,CN,CN,KEROS,ELEC4,2.76
3482117,CN,CN,KEROS,ELEC5,4.96
3482118,CN,CN,KEROS,TRAN1,0.02
3482119,CN,CN,KEROS,DISTR,0.02
3482120,CN,CN,KEROS,COKE1,0.02
3482121,CN,CN,KEROS,BLAST,0.08
3482122,CN,CN,KEROS,OXYGE,0.01
3482123,CN,CN,KEROS,BIOG1,0.03
3482124,CN,CN,KEROS,DIST1,0.09
3482125,CN,CN,KEROS,STEAM,20.69
3482126,CN,CN,KEROS,COLLE,153.18
3482127,CN,CN,KEROS,CONST,229.33
3482128,CN,CN,KEROS,SALEM,14.98
3482129,CN,CN,KEROS,RETAI,1.24
3482130,CN,CN,KEROS,WHOLE,1.16
3482131,CN,CN,KEROS,RETA1,1.44
3482132,CN,CN,KEROS,HOTEL,0.15
3482133,CN,CN,KEROS,RAILW,4.73
3482134,CN,CN,KEROS,LANDT,15.53
3482135,CN,CN,KEROS,SEACO,0.10
3482136,CN,CN,KEROS,AIRTR,85001.42
3482137,CN,CN,KEROS,SUPPO,16798.24
3482138,CN,CN,KEROS,POSTT,66.96
3482139,CN,CN,KEROS,FINAN,68.41
3482140,CN,CN,KEROS,INSUR,5.73
3482141,CN,CN,KEROS,AUXIL,0.77
3482142,CN,CN,KEROS,REALE,22.28
3482143,CN,CN,KEROS,RENTI,2.14
3482144,CN,CN,KEROS,COMPU,0.23
3482145,CN,CN,KEROS,RESEA,48.75
3482146,CN,CN,KEROS,BUSIN,2.96
3482147,CN,CN,KEROS,EDUCA,76.46
3482148,CN,CN,KEROS,HEALT,2.39
3482149,CN,CN,KEROS,FOODW,0.05
3482150,CN,CN,KEROS,PAPE1,0.06
3482151,CN,CN,KEROS,FOOD3,1.52
3482152,CN,CN,KEROS,WASTE,2.61
3482153,CN,CN,KEROS,FOOD4,21.48
3482154,CN,CN,KEROS,PAPE4,4.82
3482155,CN,CN,KEROS,PLAS2,3.44
3482156,CN,CN,KEROS,INERT,3.30
3482157,CN,CN,KEROS,TEXT2,0.76
3482158,CN,CN,KEROS,WOOD2,1.06
3482159,CN,CN,KEROS,MEMBE,6598.34
3482160,CN,CN,KEROS,RECRE,4.86
3482161,CN,CN,KEROS,93197,9.91
3482162,CN,CN,KEROS,PRIVA,117.33
3482163,CN,CN,KERO1,PADDY,12.56
3482164,CN,CN,KERO1,WHEAT,8.32
3482165,CN,CN,KERO1,CEREA,27.74
3482166,CN,CN,KERO1,VEGET,238.58
3482167,CN,CN,KERO1,OILSE,19.89
3482168,CN,CN,KERO1,SUGAR,24.45
3482169,CN,CN,KERO1,PLANT,0.47
3482170,CN,CN,KERO1,CROPS,13.86
3482171,CN,CN,KERO1,CATTL,4.59
3482172,CN,CN,KERO1,PIGS9,2.47
3482173,CN,CN,KERO1,POULT,4.09
3482174,CN,CN,KERO1,MEATA,1.85
3482175,CN,CN,KERO1,ANIMA,1.36
3482176,CN,CN,KERO1,RAWMI,1.55
3482177,CN,CN,KERO1,WOOLS,0.15
3482178,CN,CN,KERO1,FORES,2.21
3482179,CN,CN,KERO1,COKIN,1.68
3482180,CN,CN,KERO1,BITUM,14.73
3482181,CN,CN,KERO1,PATEN,0.03
3482182,CN,CN,KERO1,CRUDE,45.49
3482183,CN,CN,KERO1,NATUR,7.73
3482184,CN,CN,KERO1,NATU1,0.02
3482185,CN,CN,KERO1,MEAT4,0.02
3482186,CN,CN,KERO1,PROCE,0.01
3482187,CN,CN,KERO1,FOOD5,0.59
3482188,CN,CN,KERO1,BEVER,0.07
3482189,CN,CN,KERO1,FISH5,0.21
3482190,CN,CN,KERO1,TOBAC,0.01
3482191,CN,CN,KERO1,TEXTI,0.52
3482192,CN,CN,KERO1,WEARI,0.99
3482193,CN,CN,KERO1,LEATH,0.90
3482194,CN,CN,KERO1,PAPER,0.01
3482195,CN,CN,KERO1,MOTOR,0.07
3482196,CN,CN,KERO1,KEROS,0.02
3482197,CN,CN,KERO1,GASDI,0.05
3482198,CN,CN,KERO1,HEAVY,0.01
3482199,CN,CN,KERO1,LIQUE,0.02
3482200,CN,CN,KERO1,NAPHT,0.02
3482201,CN,CN,KERO1,NONSP,0.01
3482202,CN,CN,KERO1,PLAST,21.85
3482203,CN,CN,KERO1,NFERT,0.05
3482204,CN,CN,KERO1,PFERT,10.53
3482205,CN,CN,KERO1,CHEM1,4.15
3482206,CN,CN,KERO1,BIOGA,0.02
3482207,CN,CN,KERO1,BIODI,0.01
3482208,CN,CN,KERO1,RUBBE,8.36
3482209,CN,CN,KERO1,GLASS,3.19
3482210,CN,CN,KERO1,CERAM,16.35
3482211,CN,CN,KERO1,BRICK,0.10
3482212,CN,CN,KERO1,CEMEN,0.97
3482213,CN,CN,KERO1,NONME,2.50
3482214,CN,CN,KERO1,BASIC,1.06
3482215,CN,CN,KERO1,PREC1,0.96
3482216,CN,CN,KERO1,ALUM1,51.55
3482217,CN,CN,KERO1,LEAD1,4.20
3482218,CN,CN,KERO1,COPP1,11.12
3482219,CN,CN,KERO1,NONF1,4.12
3482220,CN,CN,KERO1,FOUND,0.63
3482221,CN,CN,KERO1,FABRI,96.99
3482222,CN,CN,KERO1,OFFIC,64.76
3482223,CN,CN,KERO1,ELECT,26.11
3482224,CN,CN,KERO1,RADIO,11.18
3482225,CN,CN,KERO1,MEDIC,0.05
3482226,CN,CN,KERO1,MOTO1,48.38
3482227,CN,CN,KERO1,TRANS,15.31
3482228,CN,CN,KERO1,FURNI,0.52
3482229,CN,CN,KERO1,CONST,3282.39
3482230,CN,CN,KERO1,SALEM,45.10
3482231,CN,CN,KERO1,RETAI,0.47
3482232,CN,CN,KERO1,WHOLE,36.56
3482233,CN,CN,KERO1,RETA1,23.18
3482234,CN,CN,KERO1,HOTEL,231.45
3482235,CN,CN,KERO1,SUPPO,577.17
3482236,CN,CN,KERO1,FINAN,498.25
3482237,CN,CN,KERO1,INSUR,226.18
3482238,CN,CN,KERO1,AUXIL,104.92
3482239,CN,CN,KERO1,REALE,1341.52
3482240,CN,CN,KERO1,COMPU,84.46
3482241,CN,CN,KERO1,RESEA,113.36
3482242,CN,CN,KERO1,BUSIN,1491.92
3482243,CN,CN,KERO1,PUBLI,1788.88
3482244,CN,CN,KERO1,EDUCA,627.86
3482245,CN,CN,KERO1,HEALT,330.38
3482246,CN,CN,KERO1,MEMBE,36.70
3482247,CN,CN,KERO1,RECRE,37.89
3482248,CN,CN,KERO1,93197,609.41
3482249,CN,CN,KERO1,PRIVA,0.29
3482250,CN,CN,GASDI,PADDY,6925.69
3482251,CN,CN,GASDI,WHEAT,1895.06
3482252,CN,CN,GASDI,CEREA,8774.44
3482253,CN,CN,GASDI,VEGET,11885.04
3482254,CN,CN,GASDI,OILSE,8432.79
3482255,CN,CN,GASDI,SUGAR,9128.71
3482256,CN,CN,GASDI,PLANT,56.17
3482257,CN,CN,GASDI,CROPS,1326.82
3482258,CN,CN,GASDI,CATTL,1149.42
3482259,CN,CN,GASDI,PIGS9,515.93
3482260,CN,CN,GASDI,POULT,554.11
3482261,CN,CN,GASDI,MEATA,531.73
3482262,CN,CN,GASDI,ANIMA,322.28
3482263,CN,CN,GASDI,RAWMI,485.75
3482264,CN,CN,GASDI,WOOLS,25.05
3482265,CN,CN,GASDI,FORES,491.40
3482266,CN,CN,GASDI,FISHF,312.76
3482267,CN,CN,GASDI,COKIN,885.63
3482268,CN,CN,GASDI,BITUM,7763.16
3482269,CN,CN,GASDI,PATEN,13.60
3482270,CN,CN,GASDI,CRUDE,15995.30
3482271,CN,CN,GASDI,NATUR,1189.08
3482272,CN,CN,GASDI,NATU1,2.95
3482273,CN,CN,GASDI,IRONO,0.01
3482274,CN,CN,GASDI,COPPE,0.24
3482275,CN,CN,GASDI,NICKE,0.01
3482276,CN,CN,GASDI,PRECI,0.09
3482277,CN,CN,GASDI,STONE,0.04
3482278,CN,CN,GASDI,MEATC,0.28
3482279,CN,CN,GASDI,MEATP,1.14
3482280,CN,CN,GASDI,MEAT1,1.65
3482281,CN,CN,GASDI,MEAT4,15.82
3482282,CN,CN,GASDI,DAIRY,4.66
3482283,CN,CN,GASDI,PROCE,7.74
3482284,CN,CN,GASDI,SUGA1,0.02
3482285,CN,CN,GASDI,FOOD5,1014.43
3482286,CN,CN,GASDI,BEVER,122.84
3482287,CN,CN,GASDI,FISH5,212.05
3482288,CN,CN,GASDI,TOBAC,10.70
3482289,CN,CN,GASDI,TEXTI,166.54
3482290,CN,CN,GASDI,WEARI,486.99
3482291,CN,CN,GASDI,LEATH,436.91
3482292,CN,CN,GASDI,WOODW,429.98
3482293,CN,CN,GASDI,PULP5,1.57
3482294,CN,CN,GASDI,PAPER,371.10
3482295,CN,CN,GASDI,PRINT,469.74
3482296,CN,CN,GASDI,COKEO,1.14
3482297,CN,CN,GASDI,COALT,11.04
3482298,CN,CN,GASDI,MOTOR,370.07
3482299,CN,CN,GASDI,AVIAT,0.55
3482300,CN,CN,GASDI,KEROS,129.05
3482301,CN,CN,GASDI,KERO1,11.08
3482302,CN,CN,GASDI,GASDI,258.57
3482303,CN,CN,GASDI,HEAVY,55.98
3482304,CN,CN,GASDI,REFIN,1.52
3482305,CN,CN,GASDI,LIQUE,98.12
3482306,CN,CN,GASDI,REFI1,2.39
3482307,CN,CN,GASDI,NAPHT,86.80
3482308,CN,CN,GASDI,WHITE,0.87
3482309,CN,CN,GASDI,LUBRI,2.40
3482310,CN,CN,GASDI,BITU1,17.46
3482311,CN,CN,GASDI,PARAF,4.30
3482312,CN,CN,GASDI,PETRO,3.88
3482313,CN,CN,GASDI,NONSP,29.96
3482314,CN,CN,GASDI,PLAST,53.26
3482315,CN,CN,GASDI,NFERT,13.72
3482316,CN,CN,GASDI,PFERT,726.20
3482317,CN,CN,GASDI,CHEM1,5794.90
3482318,CN,CN,GASDI,BIOGA,28.27
3482319,CN,CN,GASDI,BIODI,15.04
3482320,CN,CN,GASDI,RUBBE,2345.15
3482321,CN,CN,GASDI,GLASS,617.45
3482322,CN,CN,GASDI,CERAM,29766.48
3482323,CN,CN,GASDI,BRICK,20.12
3482324,CN,CN,GASDI,CEMEN,1365.06
3482325,CN,CN,GASDI,NONME,4373.34
3482326,CN,CN,GASDI,BASIC,1137.22
3482327,CN,CN,GASDI,PREC1,74.44
3482328,CN,CN,GASDI,ALUM1,5668.85
3482329,CN,CN,GASDI,COPP1,552.03
3482330,CN,CN,GASDI,NONF1,555.83
3482331,CN,CN,GASDI,FOUND,858.74
3482332,CN,CN,GASDI,FABRI,1285.86
3482333,CN,CN,GASDI,MACHI,0.01
3482334,CN,CN,GASDI,OFFIC,3025.86
3482335,CN,CN,GASDI,ELECT,337.22
3482336,CN,CN,GASDI,RADIO,207.40
3482337,CN,CN,GASDI,MEDIC,37.30
3482338,CN,CN,GASDI,MOTO1,1005.49
3482339,CN,CN,GASDI,TRANS,575.33
3482340,CN,CN,GASDI,FURNI,218.96
3482341,CN,CN,GASDI,ELEC6,239.47
3482342,CN,CN,GASDI,COKE1,2.13
3482343,CN,CN,GASDI,BLAST,8.94
3482344,CN,CN,GASDI,OXYGE,0.86
3482345,CN,CN,GASDI,GASWO,0.25
3482346,CN,CN,GASDI,BIOG1,3.47
3482347,CN,CN,GASDI,DIST1,9.63
3482348,CN,CN,GASDI,STEAM,0.28
3482349,CN,CN,GASDI,CONST,33627.22
3482350,CN,CN,GASDI,SALEM,253.66
3482351,CN,CN,GASDI,RETAI,1.81
3482352,CN,CN,GASDI,WHOLE,163.16
3482353,CN,CN,GASDI,RETA1,79.56
3482354,CN,CN,GASDI,HOTEL,1266.40
3482355,CN,CN,GASDI,LANDT,34222.33
3482356,CN,CN,GASDI,TRAN2,37.68
3482357,CN,CN,GASDI,SEACO,17452.52
3482358,CN,CN,GASDI,INLAN,2262.50
3482359,CN,CN,GASDI,SUPPO,1515.33
3482360,CN,CN,GASDI,POSTT,584.74
3482361,CN,CN,GASDI,FINAN,2517.25
3482362,CN,CN,GASDI,INSUR,780.97
3482363,CN,CN,GASDI,AUXIL,597.27
3482364,CN,CN,GASDI,REALE,18785.47
3482365,CN,CN,GASDI,COMPU,565.87
3482366,CN,CN,GASDI,RESEA,548.30
3482367,CN,CN,GASDI,BUSIN,11722.64
3482368,CN,CN,GASDI,PUBLI,3260.71
3482369,CN,CN,GASDI,EDUCA,2643.48
3482370,CN,CN,GASDI,HEALT,1268.87
3482371,CN,CN,GASDI,MEMBE,77.46
3482372,CN,CN,GASDI,RECRE,49.78
3482373,CN,CN,GASDI,93197,2265.98
3482374,CN,CN,GASDI,PRIVA,0.85
3482375,CN,CN,HEAVY,PADDY,0.08
3482376,CN,CN,HEAVY,WHEAT,0.03
3482377,CN,CN,HEAVY,CEREA,0.10
3482378,CN,CN,HEAVY,VEGET,1.12
3482379,CN,CN,HEAVY,OILSE,0.08
3482380,CN,CN,HEAVY,CROPS,0.10
3482381,CN,CN,HEAVY,CATTL,0.03
3482382,CN,CN,HEAVY,PIGS9,0.02
3482383,CN,CN,HEAVY,POULT,0.08
3482384,CN,CN,HEAVY,MEATA,0.02
3482385,CN,CN,HEAVY,ANIMA,0.02
3482386,CN,CN,HEAVY,RAWMI,0.02
3482387,CN,CN,HEAVY,FORES,0.02
3482388,CN,CN,HEAVY,COKIN,0.42
3482389,CN,CN,HEAVY,BITUM,3.69
3482390,CN,CN,HEAVY,PATEN,0.01
3482391,CN,CN,HEAVY,CRUDE,23.70
3482392,CN,CN,HEAVY,NATUR,4.25
3482393,CN,CN,HEAVY,NATU1,0.01
3482394,CN,CN,HEAVY,MEATC,0.18
3482395,CN,CN,HEAVY,MEATP,1.12
3482396,CN,CN,HEAVY,MEAT1,0.36
3482397,CN,CN,HEAVY,MEAT4,1.25
3482398,CN,CN,HEAVY,DAIRY,0.40
3482399,CN,CN,HEAVY,PROCE,1.96
3482400,CN,CN,HEAVY,SUGA1,0.05
3482401,CN,CN,HEAVY,FOOD5,49.12
3482402,CN,CN,HEAVY,BEVER,4.91
3482403,CN,CN,HEAVY,FISH5,12.87
3482404,CN,CN,HEAVY,TOBAC,0.41
3482405,CN,CN,HEAVY,TEXTI,33.92
3482406,CN,CN,HEAVY,WEARI,68.64
3482407,CN,CN,HEAVY,LEATH,52.88
3482408,CN,CN,HEAVY,WOODW,3.33
3482409,CN,CN,HEAVY,PULP5,0.65
3482410,CN,CN,HEAVY,PAPER,121.76
3482411,CN,CN,HEAVY,PRINT,47.17
3482412,CN,CN,HEAVY,COALT,89.50
3482413,CN,CN,HEAVY,MOTOR,3001.16
3482414,CN,CN,HEAVY,AVIAT,4.43
3482415,CN,CN,HEAVY,KEROS,1046.53
3482416,CN,CN,HEAVY,KERO1,89.87
3482417,CN,CN,HEAVY,GASDI,2096.92
3482418,CN,CN,HEAVY,HEAVY,454.00
3482419,CN,CN,HEAVY,REFIN,12.30
3482420,CN,CN,HEAVY,LIQUE,795.70
3482421,CN,CN,HEAVY,REFI1,19.40
3482422,CN,CN,HEAVY,NAPHT,703.92
3482423,CN,CN,HEAVY,WHITE,7.07
3482424,CN,CN,HEAVY,LUBRI,19.49
3482425,CN,CN,HEAVY,BITU1,141.60
3482426,CN,CN,HEAVY,PARAF,34.85
3482427,CN,CN,HEAVY,PETRO,31.50
3482428,CN,CN,HEAVY,NONSP,242.94
3482429,CN,CN,HEAVY,PLAST,482.16
3482430,CN,CN,HEAVY,NFERT,1.24
3482431,CN,CN,HEAVY,PFERT,244.47
3482432,CN,CN,HEAVY,CHEM1,92.89
3482433,CN,CN,HEAVY,BIOGA,0.45
3482434,CN,CN,HEAVY,BIODI,0.24
3482435,CN,CN,HEAVY,RUBBE,226.84
3482436,CN,CN,HEAVY,GLASS,374.55
3482437,CN,CN,HEAVY,CERAM,1694.51
3482438,CN,CN,HEAVY,BRICK,311.66
3482439,CN,CN,HEAVY,CEMEN,122.19
3482440,CN,CN,HEAVY,NONME,250.31
3482441,CN,CN,HEAVY,BASIC,56.91
3482442,CN,CN,HEAVY,FOUND,4.80
3482443,CN,CN,HEAVY,FABRI,105.59
3482444,CN,CN,HEAVY,OFFIC,55.30
3482445,CN,CN,HEAVY,ELECT,23.29
3482446,CN,CN,HEAVY,RADIO,9.47
3482447,CN,CN,HEAVY,MEDIC,1.21
3482448,CN,CN,HEAVY,MOTO1,120.62
3482449,CN,CN,HEAVY,TRANS,38.20
3482450,CN,CN,HEAVY,FURNI,18.65
3482451,CN,CN,HEAVY,ELEC6,373.79
3482452,CN,CN,HEAVY,CONST,204.49
3482453,CN,CN,HEAVY,SALEM,3.14
3482454,CN,CN,HEAVY,RETAI,0.03
3482455,CN,CN,HEAVY,WHOLE,3.92
3482456,CN,CN,HEAVY,RETA1,1.79
3482457,CN,CN,HEAVY,HOTEL,13.88
3482458,CN,CN,HEAVY,POSTT,54.10
3482459,CN,CN,HEAVY,FINAN,45.24
3482460,CN,CN,HEAVY,INSUR,18.33
3482461,CN,CN,HEAVY,AUXIL,6.84
3482462,CN,CN,HEAVY,REALE,191.42
3482463,CN,CN,HEAVY,RESEA,5.90
3482464,CN,CN,HEAVY,BUSIN,90.46
3482465,CN,CN,HEAVY,PUBLI,141.67
3482466,CN,CN,HEAVY,EDUCA,58.21
3482467,CN,CN,HEAVY,HEALT,16.26
3482468,CN,CN,HEAVY,MEMBE,2.77
3482469,CN,CN,HEAVY,RECRE,2.30
3482470,CN,CN,HEAVY,93197,31.87
3482471,CN,CN,REFIN,COALT,17.09
3482472,CN,CN,REFIN,MOTOR,573.24
3482473,CN,CN,REFIN,AVIAT,0.85
3482474,CN,CN,REFIN,KEROS,199.89
3482475,CN,CN,REFIN,KERO1,17.17
3482476,CN,CN,REFIN,GASDI,400.52
3482477,CN,CN,REFIN,HEAVY,86.72
3482478,CN,CN,REFIN,REFIN,2.35
3482479,CN,CN,REFIN,LIQUE,151.98
3482480,CN,CN,REFIN,REFI1,3.71
3482481,CN,CN,REFIN,NAPHT,134.45
3482482,CN,CN,REFIN,WHITE,1.35
3482483,CN,CN,REFIN,LUBRI,3.72
3482484,CN,CN,REFIN,BITU1,27.05
3482485,CN,CN,REFIN,PARAF,6.66
3482486,CN,CN,REFIN,PETRO,6.02
3482487,CN,CN,REFIN,NONSP,46.40
3482488,CN,CN,REFIN,PLAST,34.53
3482489,CN,CN,REFIN,NFERT,0.08
3482490,CN,CN,REFIN,PFERT,16.64
3482491,CN,CN,REFIN,CHEM1,6.56
3482492,CN,CN,REFIN,BIOGA,0.03
3482493,CN,CN,REFIN,BIODI,0.02
3482494,CN,CN,REFIN,RUBBE,14.16
3482495,CN,CN,REFIN,MEDIC,0.08
3482496,CN,CN,REFIN,FURNI,0.88
3482497,CN,CN,LIQUE,PADDY,1.05
3482498,CN,CN,LIQUE,WHEAT,0.25
3482499,CN,CN,LIQUE,CEREA,0.35
3482500,CN,CN,LIQUE,VEGET,45.97
3482501,CN,CN,LIQUE,OILSE,0.16
3482502,CN,CN,LIQUE,SUGAR,0.56
3482503,CN,CN,LIQUE,PLANT,2.76
3482504,CN,CN,LIQUE,CROPS,3.73
3482505,CN,CN,LIQUE,CATTL,0.08
3482506,CN,CN,LIQUE,PIGS9,4.31
3482507,CN,CN,LIQUE,POULT,13.61
3482508,CN,CN,LIQUE,MEATA,6.48
3482509,CN,CN,LIQUE,ANIMA,0.56
3482510,CN,CN,LIQUE,RAWMI,4.56
3482511,CN,CN,LIQUE,WOOLS,0.91
3482512,CN,CN,LIQUE,FORES,0.24
3482513,CN,CN,LIQUE,FISHF,0.02
3482514,CN,CN,LIQUE,COKIN,107.13
3482515,CN,CN,LIQUE,BITUM,939.07
3482516,CN,CN,LIQUE,PATEN,1.65
3482517,CN,CN,LIQUE,CRUDE,86.79
3482518,CN,CN,LIQUE,NATUR,19.86
3482519,CN,CN,LIQUE,NATU1,0.05
3482520,CN,CN,LIQUE,NICKE,0.02
3482521,CN,CN,LIQUE,LEADZ,0.03
3482522,CN,CN,LIQUE,NONFE,0.01
3482523,CN,CN,LIQUE,MEATC,0.29
3482524,CN,CN,LIQUE,MEATP,2.32
3482525,CN,CN,LIQUE,MEAT1,0.71
3482526,CN,CN,LIQUE,MEAT4,1.41
3482527,CN,CN,LIQUE,DAIRY,0.48
3482528,CN,CN,LIQUE,SUGA1,0.05
3482529,CN,CN,LIQUE,FOOD5,129.63
3482530,CN,CN,LIQUE,BEVER,4.91
3482531,CN,CN,LIQUE,FISH5,36.28
3482532,CN,CN,LIQUE,TEXTI,73.36
3482533,CN,CN,LIQUE,WEARI,18.79
3482534,CN,CN,LIQUE,LEATH,33.82
3482535,CN,CN,LIQUE,WOODW,8.23
3482536,CN,CN,LIQUE,PULP5,0.03
3482537,CN,CN,LIQUE,PAPER,27.11
3482538,CN,CN,LIQUE,PRINT,50.78
3482539,CN,CN,LIQUE,COALT,131.05
3482540,CN,CN,LIQUE,MOTOR,4394.35
3482541,CN,CN,LIQUE,AVIAT,6.49
3482542,CN,CN,LIQUE,KEROS,1532.35
3482543,CN,CN,LIQUE,KERO1,131.59
3482544,CN,CN,LIQUE,GASDI,3070.36
3482545,CN,CN,LIQUE,HEAVY,664.75
3482546,CN,CN,LIQUE,REFIN,18.01
3482547,CN,CN,LIQUE,LIQUE,1165.08
3482548,CN,CN,LIQUE,REFI1,28.40
3482549,CN,CN,LIQUE,NAPHT,1030.70
3482550,CN,CN,LIQUE,WHITE,10.36
3482551,CN,CN,LIQUE,LUBRI,28.54
3482552,CN,CN,LIQUE,BITU1,207.33
3482553,CN,CN,LIQUE,PARAF,51.03
3482554,CN,CN,LIQUE,PETRO,46.13
3482555,CN,CN,LIQUE,NONSP,355.72
3482556,CN,CN,LIQUE,PLAST,1385.95
3482557,CN,CN,LIQUE,NFERT,140.01
3482558,CN,CN,LIQUE,PFERT,38255.57
3482559,CN,CN,LIQUE,RUBBE,404.30
3482560,CN,CN,LIQUE,GLASS,424.46
3482561,CN,CN,LIQUE,CERAM,2013.16
3482562,CN,CN,LIQUE,BRICK,2.87
3482563,CN,CN,LIQUE,CEMEN,12.53
3482564,CN,CN,LIQUE,NONME,43.13
3482565,CN,CN,LIQUE,BASIC,1094.27
3482566,CN,CN,LIQUE,PREC1,0.38
3482567,CN,CN,LIQUE,ALUM1,40.59
3482568,CN,CN,LIQUE,LEAD1,51.48
3482569,CN,CN,LIQUE,COPP1,104.15
3482570,CN,CN,LIQUE,NONF1,1.48
3482571,CN,CN,LIQUE,FOUND,180.76
3482572,CN,CN,LIQUE,FABRI,216.06
3482573,CN,CN,LIQUE,OFFIC,23.75
3482574,CN,CN,LIQUE,ELECT,100.71
3482575,CN,CN,LIQUE,RADIO,19.08
3482576,CN,CN,LIQUE,MEDIC,1.19
3482577,CN,CN,LIQUE,MOTO1,100.34
3482578,CN,CN,LIQUE,TRANS,12.13
3482579,CN,CN,LIQUE,FURNI,0.62
3482580,CN,CN,LIQUE,ELEC1,2.48
3482581,CN,CN,LIQUE,ELEC2,0.49
3482582,CN,CN,LIQUE,ELEC4,4.90
3482583,CN,CN,LIQUE,ELEC5,8.11
3482584,CN,CN,LIQUE,ELEC6,0.11
3482585,CN,CN,LIQUE,ELEC7,0.02
3482586,CN,CN,LIQUE,ELEC8,0.72
3482587,CN,CN,LIQUE,ELEC9,0.01
3482588,CN,CN,LIQUE,TRAN1,0.31
3482589,CN,CN,LIQUE,DISTR,0.82
3482590,CN,CN,LIQUE,COKE1,2.08
3482591,CN,CN,LIQUE,BLAST,8.70
3482592,CN,CN,LIQUE,OXYGE,0.83
3482593,CN,CN,LIQUE,GASWO,0.24
3482594,CN,CN,LIQUE,BIOG1,3.38
3482595,CN,CN,LIQUE,DIST1,9.37
3482596,CN,CN,LIQUE,STEAM,0.03
3482597,CN,CN,LIQUE,CONST,233.74
3482598,CN,CN,LIQUE,SALEM,5.19
3482599,CN,CN,LIQUE,WHOLE,0.03
3482600,CN,CN,LIQUE,HOTEL,117.40
3482601,CN,CN,LIQUE,RAILW,0.02
3482602,CN,CN,LIQUE,LANDT,0.44
3482603,CN,CN,LIQUE,SUPPO,4.75
3482604,CN,CN,LIQUE,POSTT,42.88
3482605,CN,CN,LIQUE,FINAN,139.55
3482606,CN,CN,LIQUE,INSUR,283.10
3482607,CN,CN,LIQUE,REALE,173.35
3482608,CN,CN,LIQUE,COMPU,5.32
3482609,CN,CN,LIQUE,RESEA,13.82
3482610,CN,CN,LIQUE,BUSIN,232.26
3482611,CN,CN,LIQUE,PUBLI,611.29
3482612,CN,CN,LIQUE,EDUCA,117.54
3482613,CN,CN,LIQUE,HEALT,234.82
3482614,CN,CN,LIQUE,RECRE,10.19
3482615,CN,CN,LIQUE,93197,145.00
3482616,CN,CN,REFI1,COALT,27.67
3482617,CN,CN,REFI1,MOTOR,927.79
3482618,CN,CN,REFI1,AVIAT,1.37
3482619,CN,CN,REFI1,KEROS,323.53
3482620,CN,CN,REFI1,KERO1,27.78
3482621,CN,CN,REFI1,GASDI,648.25
3482622,CN,CN,REFI1,HEAVY,140.35
3482623,CN,CN,REFI1,REFIN,3.80
3482624,CN,CN,REFI1,LIQUE,245.99
3482625,CN,CN,REFI1,REFI1,6.00
3482626,CN,CN,REFI1,NAPHT,217.61
3482627,CN,CN,REFI1,WHITE,2.19
3482628,CN,CN,REFI1,LUBRI,6.02
3482629,CN,CN,REFI1,BITU1,43.77
3482630,CN,CN,REFI1,PARAF,10.77
3482631,CN,CN,REFI1,PETRO,9.74
3482632,CN,CN,REFI1,NONSP,75.10
3482633,CN,CN,NAPHT,PLAST,52792.57
3482634,CN,CN,NAPHT,NFERT,120.86
3482635,CN,CN,NAPHT,PFERT,27942.91
3482636,CN,CN,NAPHT,CHEM1,18354.48
3482637,CN,CN,NAPHT,BIOGA,89.54
3482638,CN,CN,NAPHT,BIODI,47.64
3482639,CN,CN,WHITE,PLAST,559.39
3482640,CN,CN,WHITE,NFERT,1.61
3482641,CN,CN,WHITE,PFERT,318.40
3482642,CN,CN,WHITE,CHEM1,120.91
3482643,CN,CN,WHITE,BIOGA,0.59
3482644,CN,CN,WHITE,BIODI,0.31
3482645,CN,CN,LUBRI,RAILW,835.29
3482646,CN,CN,LUBRI,LANDT,1802.85
3482647,CN,CN,LUBRI,SEACO,124.99
3482648,CN,CN,LUBRI,INLAN,7.51
3482649,CN,CN,BITU1,SALEM,95.33
3482650,CN,CN,BITU1,RETAI,1.00
3482651,CN,CN,BITU1,WHOLE,87.29
3482652,CN,CN,BITU1,RETA1,50.29
3482653,CN,CN,BITU1,HOTEL,472.91
3482654,CN,CN,BITU1,FINAN,565.34
3482655,CN,CN,BITU1,INSUR,496.84
3482656,CN,CN,BITU1,AUXIL,218.38
3482657,CN,CN,BITU1,REALE,7031.92
3482658,CN,CN,BITU1,COMPU,171.02
3482659,CN,CN,BITU1,RESEA,225.10
3482660,CN,CN,BITU1,BUSIN,3055.47
3482661,CN,CN,BITU1,PUBLI,3905.37
3482662,CN,CN,BITU1,EDUCA,1432.51
3482663,CN,CN,BITU1,HEALT,649.15
3482664,CN,CN,BITU1,MEMBE,79.10
3482665,CN,CN,BITU1,RECRE,77.61
3482666,CN,CN,BITU1,93197,1211.06
3482667,CN,CN,BITU1,PRIVA,0.01
3482668,CN,CN,PARAF,COKIN,1.84
3482669,CN,CN,PARAF,BITUM,16.09
3482670,CN,CN,PARAF,PATEN,0.03
3482671,CN,CN,PARAF,COKEO,6.34
3482672,CN,CN,PARAF,COALT,36.76
3482673,CN,CN,PARAF,MOTOR,1232.56
3482674,CN,CN,PARAF,AVIAT,1.82
3482675,CN,CN,PARAF,KEROS,429.80
3482676,CN,CN,PARAF,KERO1,36.91
3482677,CN,CN,PARAF,GASDI,861.20
3482678,CN,CN,PARAF,HEAVY,186.45
3482679,CN,CN,PARAF,REFIN,5.05
3482680,CN,CN,PARAF,LIQUE,326.79
3482681,CN,CN,PARAF,REFI1,7.97
3482682,CN,CN,PARAF,NAPHT,289.10
3482683,CN,CN,PARAF,WHITE,2.90
3482684,CN,CN,PARAF,LUBRI,8.00
3482685,CN,CN,PARAF,BITU1,58.15
3482686,CN,CN,PARAF,PARAF,14.31
3482687,CN,CN,PARAF,PETRO,12.94
3482688,CN,CN,PARAF,NONSP,99.78
3482689,CN,CN,PARAF,ELEC1,8.69
3482690,CN,CN,PARAF,ELEC2,0.62
3482691,CN,CN,PARAF,ELEC3,0.16
3482692,CN,CN,PARAF,ELEC4,6.98
3482693,CN,CN,PARAF,ELEC5,1.80
3482694,CN,CN,PARAF,ELEC6,0.09
3482695,CN,CN,PARAF,ELEC7,0.03
3482696,CN,CN,PARAF,ELEC8,0.42
3482697,CN,CN,PARAF,STEAM,0.01
3482698,CN,CN,PETRO,COKIN,6.49
3482699,CN,CN,PETRO,BITUM,56.90
3482700,CN,CN,PETRO,PATEN,0.10
3482701,CN,CN,PETRO,COKEO,28.57
3482702,CN,CN,PETRO,COALT,27.48
3482703,CN,CN,PETRO,MOTOR,921.13
3482704,CN,CN,PETRO,AVIAT,1.36
3482705,CN,CN,PETRO,KEROS,321.21
3482706,CN,CN,PETRO,KERO1,27.58
3482707,CN,CN,PETRO,GASDI,643.60
3482708,CN,CN,PETRO,HEAVY,139.34
3482709,CN,CN,PETRO,REFIN,3.78
3482710,CN,CN,PETRO,LIQUE,244.22
3482711,CN,CN,PETRO,REFI1,5.95
3482712,CN,CN,PETRO,NAPHT,216.05
3482713,CN,CN,PETRO,WHITE,2.17
3482714,CN,CN,PETRO,LUBRI,5.98
3482715,CN,CN,PETRO,BITU1,43.46
3482716,CN,CN,PETRO,PARAF,10.70
3482717,CN,CN,PETRO,PETRO,9.67
3482718,CN,CN,PETRO,NONSP,74.57
3482719,CN,CN,PETRO,SECO9,0.45
3482720,CN,CN,PETRO,ELEC1,22.16
3482721,CN,CN,PETRO,ELEC3,0.51
3482722,CN,CN,PETRO,ELEC4,20.44
3482723,CN,CN,PETRO,ELEC5,5.31
3482724,CN,CN,PETRO,ELEC6,0.07
3482725,CN,CN,PETRO,ELEC7,8.35
3482726,CN,CN,PETRO,ELEC8,0.17
3482727,CN,CN,PETRO,STEAM,0.03
3482728,CN,CN,NONSP,COKIN,0.10
3482729,CN,CN,NONSP,BITUM,0.87
3482730,CN,CN,NONSP,CRUDE,45.96
3482731,CN,CN,NONSP,NATUR,8.96
3482732,CN,CN,NONSP,NATU1,0.02
3482733,CN,CN,NONSP,MEATC,0.10
3482734,CN,CN,NONSP,MEATP,0.67
3482735,CN,CN,NONSP,MEAT1,0.19
3482736,CN,CN,NONSP,MEAT4,0.12
3482737,CN,CN,NONSP,VEGE1,1.15
3482738,CN,CN,NONSP,DAIRY,0.04
3482739,CN,CN,NONSP,PROCE,0.05
3482740,CN,CN,NONSP,FOOD5,1.45
3482741,CN,CN,NONSP,BEVER,0.12
3482742,CN,CN,NONSP,FISH5,0.96
3482743,CN,CN,NONSP,TOBAC,0.04
3482744,CN,CN,NONSP,TEXTI,0.85
3482745,CN,CN,NONSP,WEARI,0.43
3482746,CN,CN,NONSP,LEATH,0.21
3482747,CN,CN,NONSP,PULP5,0.04
3482748,CN,CN,NONSP,PAPER,2.46
3482749,CN,CN,NONSP,PRINT,0.66
3482750,CN,CN,NONSP,COKEO,0.07
3482751,CN,CN,NONSP,COALT,108.39
3482752,CN,CN,NONSP,MOTOR,3634.74
3482753,CN,CN,NONSP,AVIAT,5.37
3482754,CN,CN,NONSP,KEROS,1267.46
3482755,CN,CN,NONSP,KERO1,108.84
3482756,CN,CN,NONSP,GASDI,2539.61
3482757,CN,CN,NONSP,HEAVY,549.84
3482758,CN,CN,NONSP,REFIN,14.90
3482759,CN,CN,NONSP,LIQUE,963.68
3482760,CN,CN,NONSP,REFI1,23.49
3482761,CN,CN,NONSP,NAPHT,852.53
3482762,CN,CN,NONSP,WHITE,8.57
3482763,CN,CN,NONSP,LUBRI,23.60
3482764,CN,CN,NONSP,BITU1,171.49
3482765,CN,CN,NONSP,PARAF,42.21
3482766,CN,CN,NONSP,PETRO,38.15
3482767,CN,CN,NONSP,NONSP,294.23
3482768,CN,CN,NONSP,PLAST,1531.12
3482769,CN,CN,NONSP,NFERT,4.76
3482770,CN,CN,NONSP,PFERT,1070.42
3482771,CN,CN,NONSP,CHEM1,656.42
3482772,CN,CN,NONSP,BIOGA,3.20
3482773,CN,CN,NONSP,BIODI,1.70
3482774,CN,CN,NONSP,RUBBE,18587.14
3482775,CN,CN,NONSP,GLASS,27.10
3482776,CN,CN,NONSP,CERAM,30.66
3482777,CN,CN,NONSP,BRICK,0.73
3482778,CN,CN,NONSP,CEMEN,15.06
3482779,CN,CN,NONSP,NONME,21.36
3482780,CN,CN,NONSP,BASIC,0.20
3482781,CN,CN,NONSP,FOUND,2.33
3482782,CN,CN,NONSP,FABRI,3.11
3482783,CN,CN,NONSP,OFFIC,5.28
3482784,CN,CN,NONSP,ELECT,2.70
3482785,CN,CN,NONSP,RADIO,0.78
3482786,CN,CN,NONSP,MEDIC,87.75
3482787,CN,CN,NONSP,MOTO1,2.63
3482788,CN,CN,NONSP,TRANS,0.62
3482789,CN,CN,NONSP,FURNI,918.46
3482790,CN,CN,NONSP,ELEC1,0.01
3482791,CN,CN,NONSP,ELEC4,0.01
3482792,CN,CN,NONSP,ELEC5,10.99
3482793,CN,CN,NONSP,ELEC6,0.21
3482794,CN,CN,NONSP,ELEC9,0.05
3482795,CN,CN,NONSP,ELE11,0.15
3482796,CN,CN,NONSP,CONST,126.47
3482797,CN,CN,PLAST,COKIN,90.79
3482798,CN,CN,PLAST,BITUM,795.82
3482799,CN,CN,PLAST,PATEN,1.39
3482800,CN,CN,PLAST,CRUDE,8319.97
3482801,CN,CN,PLAST,NATUR,743.51
3482802,CN,CN,PLAST,NATU1,1.84
3482803,CN,CN,PLAST,COPPE,0.03
3482804,CN,CN,PLAST,PRECI,0.04
3482805,CN,CN,PLAST,PROCE,0.07
3482806,CN,CN,PLAST,TEXTI,8916.04
3482807,CN,CN,PLAST,WEARI,8.87
3482808,CN,CN,PLAST,LEATH,17077.60
3482809,CN,CN,PLAST,PAPER,16649.27
3482810,CN,CN,PLAST,PRINT,693.61
3482811,CN,CN,PLAST,PLAST,11161.12
3482812,CN,CN,PLAST,CHEM1,9366.88
3482813,CN,CN,PLAST,BIOGA,45.70
3482814,CN,CN,PLAST,BIODI,24.31
3482815,CN,CN,PLAST,RUBBE,323891.13
3482816,CN,CN,PLAST,GLASS,321.33
3482817,CN,CN,PLAST,NONME,317.54
3482818,CN,CN,PLAST,BASIC,0.72
3482819,CN,CN,PLAST,FABRI,83.27
3482820,CN,CN,PLAST,OFFIC,11321.45
3482821,CN,CN,PLAST,ELECT,22424.22
3482822,CN,CN,PLAST,RADIO,6142.44
3482823,CN,CN,PLAST,MEDIC,533.53
3482824,CN,CN,PLAST,MOTO1,13426.83
3482825,CN,CN,PLAST,TRANS,10.41
3482826,CN,CN,PLAST,FURNI,358.38
3482827,CN,CN,PLAST,RETAI,0.17
3482828,CN,CN,PLAST,TRAN2,16.69
3482829,CN,CN,PLAST,HEALT,799.16
3482830,CN,CN,PLAST,MEMBE,13.07
3482831,CN,CN,PLAST,93197,1042.47
3482832,CN,CN,PLAST,PRIVA,0.47
3482833,CN,CN,NFERT,WHEAT,230.90
3482834,CN,CN,NFERT,OILSE,1692.56
3482835,CN,CN,NFERT,SUGAR,6.38
3482836,CN,CN,NFERT,PLANT,443.40
3482837,CN,CN,NFERT,CROPS,3.23
3482838,CN,CN,NFERT,CATTL,0.05
3482839,CN,CN,NFERT,PIGS9,0.04
3482840,CN,CN,NFERT,POULT,0.36
3482841,CN,CN,NFERT,MEATA,0.34
3482842,CN,CN,NFERT,RAWMI,0.02
3482843,CN,CN,NFERT,WOOLS,0.01
3482844,CN,CN,NFERT,FORES,11.23
3482845,CN,CN,NFERT,FISHF,0.37
3482846,CN,CN,NFERT,COKIN,6.08
3482847,CN,CN,NFERT,BITUM,53.33
3482848,CN,CN,NFERT,PATEN,0.09
3482849,CN,CN,NFERT,CRUDE,329.45
3482850,CN,CN,NFERT,NATUR,73.08
3482851,CN,CN,NFERT,NATU1,0.18
3482852,CN,CN,NFERT,PRECI,0.01
3482853,CN,CN,NFERT,BEVER,0.21
3482854,CN,CN,NFERT,FISH5,1.84
3482855,CN,CN,NFERT,TEXTI,0.24
3482856,CN,CN,NFERT,WEARI,0.76
3482857,CN,CN,NFERT,WOODW,0.02
3482858,CN,CN,NFERT,PULP5,0.03
3482859,CN,CN,NFERT,PAPER,0.51
3482860,CN,CN,NFERT,PRINT,0.08
3482861,CN,CN,NFERT,MOTOR,0.15
3482862,CN,CN,NFERT,KEROS,0.05
3482863,CN,CN,NFERT,GASDI,0.11
3482864,CN,CN,NFERT,HEAVY,0.02
3482865,CN,CN,NFERT,LIQUE,0.04
3482866,CN,CN,NFERT,NAPHT,0.04
3482867,CN,CN,NFERT,BITU1,0.01
3482868,CN,CN,NFERT,NONSP,0.01
3482869,CN,CN,NFERT,PLAST,637.10
3482870,CN,CN,NFERT,CHEM1,60.13
3482871,CN,CN,NFERT,BIOGA,0.29
3482872,CN,CN,NFERT,BIODI,0.16
3482873,CN,CN,NFERT,RUBBE,0.80
3482874,CN,CN,NFERT,GLASS,2.87
3482875,CN,CN,NFERT,NONME,14.00
3482876,CN,CN,NFERT,PREC1,0.04
3482877,CN,CN,NFERT,COPP1,1.14
3482878,CN,CN,NFERT,NONF1,0.01
3482879,CN,CN,NFERT,ELECT,5.19
3482880,CN,CN,NFERT,FURNI,0.14
3482881,CN,CN,NFERT,ELEC1,0.01
3482882,CN,CN,NFERT,CONST,12.51
3482883,CN,CN,NFERT,RETAI,0.01
3482884,CN,CN,NFERT,TRAN2,2.39
3482885,CN,CN,NFERT,SUPPO,0.06
3482886,CN,CN,NFERT,REALE,0.93
3482887,CN,CN,NFERT,PUBLI,0.26
3482888,CN,CN,NFERT,MEMBE,0.85
3482889,CN,CN,NFERT,RECRE,14.67
3482890,CN,CN,NFERT,93197,53.55
3482891,CN,CN,NFERT,PRIVA,0.02
3482892,CN,CN,PFERT,PADDY,19244.79
3482893,CN,CN,PFERT,WHEAT,16439.85
3482894,CN,CN,PFERT,CEREA,46167.20
3482895,CN,CN,PFERT,VEGET,105686.54
3482896,CN,CN,PFERT,OILSE,26001.24
3482897,CN,CN,PFERT,SUGAR,384.10
3482898,CN,CN,PFERT,PLANT,14476.96
3482899,CN,CN,PFERT,CROPS,70.06
3482900,CN,CN,PFERT,CATTL,10.57
3482901,CN,CN,PFERT,PIGS9,3.15
3482902,CN,CN,PFERT,POULT,58.53
3482903,CN,CN,PFERT,MEATA,39.57
3482904,CN,CN,PFERT,ANIMA,0.27
3482905,CN,CN,PFERT,RAWMI,2.38
3482906,CN,CN,PFERT,WOOLS,8.60
3482907,CN,CN,PFERT,FORES,7.69
3482908,CN,CN,PFERT,FISHF,170.17
3482909,CN,CN,PFERT,COKIN,27.45
3482910,CN,CN,PFERT,BITUM,240.62
3482911,CN,CN,PFERT,PATEN,0.42
3482912,CN,CN,PFERT,CRUDE,4430.22
3482913,CN,CN,PFERT,NATUR,320.47
3482914,CN,CN,PFERT,NATU1,0.79
3482915,CN,CN,PFERT,COPPE,0.01
3482916,CN,CN,PFERT,PRECI,0.02
3482917,CN,CN,PFERT,PROCE,0.01
3482918,CN,CN,PFERT,BEVER,0.93
3482919,CN,CN,PFERT,FISH5,7.94
3482920,CN,CN,PFERT,TEXTI,1.04
3482921,CN,CN,PFERT,WEARI,3.35
3482922,CN,CN,PFERT,WOODW,0.09
3482923,CN,CN,PFERT,PULP5,0.14
3482924,CN,CN,PFERT,PAPER,2.19
3482925,CN,CN,PFERT,PRINT,0.35
3482926,CN,CN,PFERT,COALT,0.02
3482927,CN,CN,PFERT,MOTOR,0.65
3482928,CN,CN,PFERT,KEROS,0.23
3482929,CN,CN,PFERT,KERO1,0.02
3482930,CN,CN,PFERT,GASDI,0.45
3482931,CN,CN,PFERT,HEAVY,0.10
3482932,CN,CN,PFERT,LIQUE,0.17
3482933,CN,CN,PFERT,NAPHT,0.15
3482934,CN,CN,PFERT,BITU1,0.03
3482935,CN,CN,PFERT,PARAF,0.01
3482936,CN,CN,PFERT,PETRO,0.01
3482937,CN,CN,PFERT,NONSP,0.05
3482938,CN,CN,PFERT,PLAST,6988.44
3482939,CN,CN,PFERT,CHEM1,257.27
3482940,CN,CN,PFERT,BIOGA,1.26
3482941,CN,CN,PFERT,BIODI,0.67
3482942,CN,CN,PFERT,RUBBE,3.43
3482943,CN,CN,PFERT,GLASS,12.76
3482944,CN,CN,PFERT,NONME,60.89
3482945,CN,CN,PFERT,PREC1,0.16
3482946,CN,CN,PFERT,COPP1,4.90
3482947,CN,CN,PFERT,NONF1,0.07
3482948,CN,CN,PFERT,ELECT,22.11
3482949,CN,CN,PFERT,FURNI,0.63
3482950,CN,CN,PFERT,ELEC1,0.03
3482951,CN,CN,PFERT,ELEC2,0.01
3482952,CN,CN,PFERT,ELEC4,0.02
3482953,CN,CN,PFERT,ELEC5,0.01
3482954,CN,CN,PFERT,RETAI,0.05
3482955,CN,CN,PFERT,TRAN2,10.26
3482956,CN,CN,PFERT,SUPPO,0.26
3482957,CN,CN,PFERT,REALE,4.24
3482958,CN,CN,PFERT,PUBLI,1.21
3482959,CN,CN,PFERT,MEMBE,3.84
3482960,CN,CN,PFERT,RECRE,64.33
3482961,CN,CN,PFERT,93197,230.47
3482962,CN,CN,PFERT,PRIVA,0.10
3482963,CN,CN,CHEM1,PADDY,2601.39
3482964,CN,CN,CHEM1,WHEAT,219.31
3482965,CN,CN,CHEM1,CEREA,1736.85
3482966,CN,CN,CHEM1,VEGET,2694.39
3482967,CN,CN,CHEM1,OILSE,1454.24
3482968,CN,CN,CHEM1,SUGAR,89.02
3482969,CN,CN,CHEM1,PLANT,627.81
3482970,CN,CN,CHEM1,CROPS,8.62
3482971,CN,CN,CHEM1,CATTL,1094.59
3482972,CN,CN,CHEM1,PIGS9,2932.00
3482973,CN,CN,CHEM1,POULT,1573.80
3482974,CN,CN,CHEM1,MEATA,1004.92
3482975,CN,CN,CHEM1,ANIMA,89.26
3482976,CN,CN,CHEM1,RAWMI,362.01
3482977,CN,CN,CHEM1,WOOLS,121.24
3482978,CN,CN,CHEM1,FORES,196.17
3482979,CN,CN,CHEM1,FISHF,1606.13
3482980,CN,CN,CHEM1,COKIN,74.74
3482981,CN,CN,CHEM1,BITUM,655.19
3482982,CN,CN,CHEM1,PATEN,1.15
3482983,CN,CN,CHEM1,CRUDE,5818.23
3482984,CN,CN,CHEM1,NATUR,1453.56
3482985,CN,CN,CHEM1,NATU1,3.60
3482986,CN,CN,CHEM1,COPPE,0.03
3482987,CN,CN,CHEM1,PRECI,0.07
3482988,CN,CN,CHEM1,STONE,0.06
3482989,CN,CN,CHEM1,MEATC,51.64
3482990,CN,CN,CHEM1,MEATP,385.29
3482991,CN,CN,CHEM1,MEAT1,145.75
3482992,CN,CN,CHEM1,MEAT4,492.96
3482993,CN,CN,CHEM1,VEGE1,0.60
3482994,CN,CN,CHEM1,DAIRY,45.73
3482995,CN,CN,CHEM1,PROCE,2.91
3482996,CN,CN,CHEM1,SUGA1,7.12
3482997,CN,CN,CHEM1,BEVER,1877.84
3482998,CN,CN,CHEM1,FISH5,2536.49
3482999,CN,CN,CHEM1,TOBAC,781.47
3483000,CN,CN,CHEM1,WEARI,12647.52
3483001,CN,CN,CHEM1,LEATH,1932.29
3483002,CN,CN,CHEM1,PULP5,742.29
3483003,CN,CN,CHEM1,PRINT,8847.35
3483004,CN,CN,CHEM1,COKEO,308.26
3483005,CN,CN,CHEM1,COALT,0.06
3483006,CN,CN,CHEM1,NFERT,549.07
3483007,CN,CN,CHEM1,CHEM1,223876.98
3483008,CN,CN,CHEM1,BIOGA,1092.21
3483009,CN,CN,CHEM1,BIODI,581.03
3483010,CN,CN,CHEM1,GLASS,27990.90
3483011,CN,CN,CHEM1,CERAM,23106.63
3483012,CN,CN,CHEM1,BRICK,417.88
3483013,CN,CN,CHEM1,CEMEN,3699.76
3483014,CN,CN,CHEM1,NONME,42548.58
3483015,CN,CN,CHEM1,BASIC,1534.05
3483016,CN,CN,CHEM1,PREC1,99.81
3483017,CN,CN,CHEM1,ALUM1,14418.94
3483018,CN,CN,CHEM1,LEAD1,307.72
3483019,CN,CN,CHEM1,COPP1,210.94
3483020,CN,CN,CHEM1,NONF1,152.22
3483021,CN,CN,CHEM1,FOUND,224.77
3483022,CN,CN,CHEM1,MACHI,0.01
3483023,CN,CN,CHEM1,RADIO,5376.52
3483024,CN,CN,CHEM1,MEDIC,467.98
3483025,CN,CN,CHEM1,TRANS,1645.41
3483026,CN,CN,CHEM1,FURNI,4742.92
3483027,CN,CN,CHEM1,ELEC1,1.91
3483028,CN,CN,CHEM1,ELEC2,1.15
3483029,CN,CN,CHEM1,ELEC3,0.10
3483030,CN,CN,CHEM1,ELEC4,2.79
3483031,CN,CN,CHEM1,ELEC5,0.31
3483032,CN,CN,CHEM1,ELEC6,0.01
3483033,CN,CN,CHEM1,ELEC7,0.01
3483034,CN,CN,CHEM1,ELEC8,0.19
3483035,CN,CN,CHEM1,TRAN1,0.10
3483036,CN,CN,CHEM1,DISTR,0.19
3483037,CN,CN,CHEM1,COKE1,8.60
3483038,CN,CN,CHEM1,BLAST,36.01
3483039,CN,CN,CHEM1,OXYGE,3.45
3483040,CN,CN,CHEM1,GASWO,1.00
3483041,CN,CN,CHEM1,BIOG1,13.99
3483042,CN,CN,CHEM1,DIST1,38.79
3483043,CN,CN,CHEM1,STEAM,2.16
3483044,CN,CN,CHEM1,SALEM,557.56
3483045,CN,CN,CHEM1,RETAI,0.10
3483046,CN,CN,CHEM1,RAILW,557.49
3483047,CN,CN,CHEM1,TRAN2,11.19
3483048,CN,CN,CHEM1,INLAN,91.56
3483049,CN,CN,CHEM1,AIRTR,626.18
3483050,CN,CN,CHEM1,POSTT,22.05
3483051,CN,CN,CHEM1,INSUR,169.68
3483052,CN,CN,CHEM1,AUXIL,137.03
3483053,CN,CN,CHEM1,COMPU,1159.42
3483054,CN,CN,CHEM1,MEMBE,29.13
3483055,CN,CN,CHEM1,RECRE,2779.52
3483056,CN,CN,CHEM1,93197,22552.20
3483057,CN,CN,CHEM1,PRIVA,181.13
3483058,CN,CN,BIOGA,PADDY,1.12
3483059,CN,CN,BIOGA,WHEAT,0.49
3483060,CN,CN,BIOGA,CEREA,1.85
3483061,CN,CN,BIOGA,VEGET,6.28
3483062,CN,CN,BIOGA,OILSE,0.98
3483063,CN,CN,BIOGA,SUGAR,0.81
3483064,CN,CN,BIOGA,PLANT,0.03
3483065,CN,CN,BIOGA,CROPS,27.65
3483066,CN,CN,BIOGA,CATTL,0.38
3483067,CN,CN,BIOGA,PIGS9,0.30
3483068,CN,CN,BIOGA,POULT,0.60
3483069,CN,CN,BIOGA,MEATA,0.09
3483070,CN,CN,BIOGA,ANIMA,0.21
3483071,CN,CN,BIOGA,RAWMI,0.04
3483072,CN,CN,BIOGA,FORES,0.20
3483073,CN,CN,BIOGA,FISHF,6.15
3483074,CN,CN,BIOGA,COKIN,0.15
3483075,CN,CN,BIOGA,BITUM,1.35
3483076,CN,CN,BIOGA,CRUDE,53.33
3483077,CN,CN,BIOGA,NATUR,10.82
3483078,CN,CN,BIOGA,NATU1,0.03
3483079,CN,CN,BIOGA,PRECI,1.05
3483080,CN,CN,BIOGA,MEAT1,0.01
3483081,CN,CN,BIOGA,MEAT4,0.03
3483082,CN,CN,BIOGA,PROCE,0.24
3483083,CN,CN,BIOGA,FOOD5,0.48
3483084,CN,CN,BIOGA,BEVER,0.31
3483085,CN,CN,BIOGA,FISH5,0.41
3483086,CN,CN,BIOGA,TOBAC,0.03
3483087,CN,CN,BIOGA,TEXTI,1.97
3483088,CN,CN,BIOGA,WEARI,0.91
3483089,CN,CN,BIOGA,LEATH,0.60
3483090,CN,CN,BIOGA,WOODW,0.17
3483091,CN,CN,BIOGA,PULP5,0.01
3483092,CN,CN,BIOGA,PAPER,18.74
3483093,CN,CN,BIOGA,PRINT,1.52
3483094,CN,CN,BIOGA,COKEO,0.02
3483095,CN,CN,BIOGA,COALT,5.00
3483096,CN,CN,BIOGA,MOTOR,167.59
3483097,CN,CN,BIOGA,AVIAT,0.25
3483098,CN,CN,BIOGA,KEROS,58.44
3483099,CN,CN,BIOGA,KERO1,5.02
3483100,CN,CN,BIOGA,GASDI,117.10
3483101,CN,CN,BIOGA,HEAVY,25.35
3483102,CN,CN,BIOGA,REFIN,0.69
3483103,CN,CN,BIOGA,LIQUE,44.43
3483104,CN,CN,BIOGA,REFI1,1.08
3483105,CN,CN,BIOGA,NAPHT,39.31
3483106,CN,CN,BIOGA,WHITE,0.39
3483107,CN,CN,BIOGA,LUBRI,1.09
3483108,CN,CN,BIOGA,BITU1,7.91
3483109,CN,CN,BIOGA,PARAF,1.95
3483110,CN,CN,BIOGA,PETRO,1.76
3483111,CN,CN,BIOGA,NONSP,13.57
3483112,CN,CN,BIOGA,NFERT,0.11
3483113,CN,CN,BIOGA,PFERT,5.71
3483114,CN,CN,BIOGA,CHEM1,3.56
3483115,CN,CN,BIOGA,BIOGA,0.02
3483116,CN,CN,BIOGA,BIODI,0.01
3483117,CN,CN,BIOGA,RUBBE,2.18
3483118,CN,CN,BIOGA,GLASS,3.60
3483119,CN,CN,BIOGA,CERAM,0.10
3483120,CN,CN,BIOGA,CEMEN,0.19
3483121,CN,CN,BIOGA,NONME,4.62
3483122,CN,CN,BIOGA,BASIC,0.11
3483123,CN,CN,BIOGA,PREC1,0.03
3483124,CN,CN,BIOGA,ALUM1,0.61
3483125,CN,CN,BIOGA,LEAD1,0.03
3483126,CN,CN,BIOGA,COPP1,0.06
3483127,CN,CN,BIOGA,NONF1,0.06
3483128,CN,CN,BIOGA,FOUND,0.15
3483129,CN,CN,BIOGA,FABRI,2.37
3483130,CN,CN,BIOGA,OFFIC,0.75
3483131,CN,CN,BIOGA,ELECT,1.85
3483132,CN,CN,BIOGA,RADIO,2.92
3483133,CN,CN,BIOGA,MEDIC,0.37
3483134,CN,CN,BIOGA,MOTO1,5.07
3483135,CN,CN,BIOGA,TRANS,0.66
3483136,CN,CN,BIOGA,FURNI,18.60
3483137,CN,CN,BIOGA,BLAST,0.01
3483138,CN,CN,BIOGA,DIST1,0.01
3483139,CN,CN,BIOGA,CONST,37.34
3483140,CN,CN,BIOGA,SALEM,1.21
3483141,CN,CN,BIOGA,RETAI,0.02
3483142,CN,CN,BIOGA,WHOLE,0.91
3483143,CN,CN,BIOGA,RETA1,0.28
3483144,CN,CN,BIOGA,HOTEL,0.70
3483145,CN,CN,BIOGA,RAILW,9.38
3483146,CN,CN,BIOGA,TRAN2,5.83
3483147,CN,CN,BIOGA,SEACO,1.48
3483148,CN,CN,BIOGA,INLAN,0.04
3483149,CN,CN,BIOGA,AIRTR,1.95
3483150,CN,CN,BIOGA,SUPPO,21.09
3483151,CN,CN,BIOGA,POSTT,0.22
3483152,CN,CN,BIOGA,FINAN,9.56
3483153,CN,CN,BIOGA,INSUR,4.56
3483154,CN,CN,BIOGA,AUXIL,1.91
3483155,CN,CN,BIOGA,REALE,55.61
3483156,CN,CN,BIOGA,COMPU,0.53
3483157,CN,CN,BIOGA,RESEA,602.14
3483158,CN,CN,BIOGA,BUSIN,14.24
3483159,CN,CN,BIOGA,PUBLI,27.52
3483160,CN,CN,BIOGA,EDUCA,17.56
3483161,CN,CN,BIOGA,HEALT,31.10
3483162,CN,CN,BIOGA,MEMBE,0.78
3483163,CN,CN,BIOGA,RECRE,44.29
3483164,CN,CN,BIOGA,93197,54.59
3483165,CN,CN,BIOGA,PRIVA,0.14
3483166,CN,CN,BIODI,PADDY,1.25
3483167,CN,CN,BIODI,WHEAT,0.80
3483168,CN,CN,BIODI,CEREA,2.78
3483169,CN,CN,BIODI,VEGET,4.98
3483170,CN,CN,BIODI,OILSE,2.25
3483171,CN,CN,BIODI,SUGAR,3.87
3483172,CN,CN,BIODI,PLANT,0.02
3483173,CN,CN,BIODI,CROPS,0.56
3483174,CN,CN,BIODI,CATTL,0.48
3483175,CN,CN,BIODI,PIGS9,0.21
3483176,CN,CN,BIODI,POULT,0.23
3483177,CN,CN,BIODI,MEATA,0.22
3483178,CN,CN,BIODI,ANIMA,0.14
3483179,CN,CN,BIODI,RAWMI,0.20
3483180,CN,CN,BIODI,WOOLS,0.01
3483181,CN,CN,BIODI,FORES,0.21
3483182,CN,CN,BIODI,FISHF,1.86
3483183,CN,CN,BIODI,COKIN,0.14
3483184,CN,CN,BIODI,BITUM,1.23
3483185,CN,CN,BIODI,CRUDE,31.87
3483186,CN,CN,BIODI,NATUR,3.80
3483187,CN,CN,BIODI,NATU1,0.01
3483188,CN,CN,BIODI,MEATP,0.12
3483189,CN,CN,BIODI,MEAT1,0.02
3483190,CN,CN,BIODI,MEAT4,0.02
3483191,CN,CN,BIODI,DAIRY,0.01
3483192,CN,CN,BIODI,PROCE,0.01
3483193,CN,CN,BIODI,FOOD5,1.55
3483194,CN,CN,BIODI,BEVER,0.19
3483195,CN,CN,BIODI,FISH5,0.32
3483196,CN,CN,BIODI,TOBAC,0.02
3483197,CN,CN,BIODI,TEXTI,1.15
3483198,CN,CN,BIODI,WEARI,0.52
3483199,CN,CN,BIODI,LEATH,0.46
3483200,CN,CN,BIODI,WOODW,0.47
3483201,CN,CN,BIODI,PAPER,0.88
3483202,CN,CN,BIODI,PRINT,1.12
3483203,CN,CN,BIODI,COKEO,0.01
3483204,CN,CN,BIODI,COALT,0.01
3483205,CN,CN,BIODI,MOTOR,0.35
3483206,CN,CN,BIODI,KEROS,0.12
3483207,CN,CN,BIODI,KERO1,0.01
3483208,CN,CN,BIODI,GASDI,0.24
3483209,CN,CN,BIODI,HEAVY,0.05
3483210,CN,CN,BIODI,LIQUE,0.09
3483211,CN,CN,BIODI,NAPHT,0.08
3483212,CN,CN,BIODI,BITU1,0.02
3483213,CN,CN,BIODI,NONSP,0.03
3483214,CN,CN,BIODI,PLAST,0.03
3483215,CN,CN,BIODI,NFERT,114.70
3483216,CN,CN,BIODI,PFERT,0.28
3483217,CN,CN,BIODI,CHEM1,0.96
3483218,CN,CN,BIODI,RUBBE,1.11
3483219,CN,CN,BIODI,GLASS,0.96
3483220,CN,CN,BIODI,CERAM,18.91
3483221,CN,CN,BIODI,BRICK,0.03
3483222,CN,CN,BIODI,CEMEN,2.12
3483223,CN,CN,BIODI,NONME,2.75
3483224,CN,CN,BIODI,BASIC,0.26
3483225,CN,CN,BIODI,PREC1,0.01
3483226,CN,CN,BIODI,ALUM1,0.41
3483227,CN,CN,BIODI,LEAD1,0.04
3483228,CN,CN,BIODI,COPP1,0.09
3483229,CN,CN,BIODI,NONF1,0.09
3483230,CN,CN,BIODI,FOUND,0.04
3483231,CN,CN,BIODI,FABRI,1.11
3483232,CN,CN,BIODI,OFFIC,11.50
3483233,CN,CN,BIODI,ELECT,0.70
3483234,CN,CN,BIODI,RADIO,0.74
3483235,CN,CN,BIODI,MEDIC,0.14
3483236,CN,CN,BIODI,MOTO1,1.16
3483237,CN,CN,BIODI,TRANS,0.67
3483238,CN,CN,BIODI,FURNI,1.58
3483239,CN,CN,BIODI,CONST,72.37
3483240,CN,CN,BIODI,SALEM,0.87
3483241,CN,CN,BIODI,RETAI,0.01
3483242,CN,CN,BIODI,WHOLE,0.56
3483243,CN,CN,BIODI,RETA1,0.27
3483244,CN,CN,BIODI,HOTEL,4.08
3483245,CN,CN,BIODI,RAILW,19.77
3483246,CN,CN,BIODI,LANDT,673.01
3483247,CN,CN,BIODI,TRAN2,12.11
3483248,CN,CN,BIODI,SEACO,10.90
3483249,CN,CN,BIODI,INLAN,1.45
3483250,CN,CN,BIODI,AIRTR,0.03
3483251,CN,CN,BIODI,SUPPO,12.60
3483252,CN,CN,BIODI,POSTT,0.01
3483253,CN,CN,BIODI,FINAN,5.70
3483254,CN,CN,BIODI,INSUR,1.76
3483255,CN,CN,BIODI,AUXIL,1.35
3483256,CN,CN,BIODI,REALE,56.72
3483257,CN,CN,BIODI,COMPU,2.54
3483258,CN,CN,BIODI,RESEA,294.63
3483259,CN,CN,BIODI,BUSIN,17.46
3483260,CN,CN,BIODI,PUBLI,5.09
3483261,CN,CN,BIODI,EDUCA,8.18
3483262,CN,CN,BIODI,HEALT,19.39
3483263,CN,CN,BIODI,MEMBE,0.13
3483264,CN,CN,BIODI,RECRE,2.99
3483265,CN,CN,BIODI,93197,19.08
3483266,CN,CN,BIODI,PRIVA,0.01
3483267,CN,CN,RUBBE,PADDY,342.32
3483268,CN,CN,RUBBE,WHEAT,49.84
3483269,CN,CN,RUBBE,CEREA,136.06
3483270,CN,CN,RUBBE,VEGET,18597.60
3483271,CN,CN,RUBBE,OILSE,247.89
3483272,CN,CN,RUBBE,SUGAR,159.43
3483273,CN,CN,RUBBE,PLANT,598.59
3483274,CN,CN,RUBBE,CROPS,761.72
3483275,CN,CN,RUBBE,CATTL,6.51
3483276,CN,CN,RUBBE,PIGS9,19.79
3483277,CN,CN,RUBBE,POULT,268.96
3483278,CN,CN,RUBBE,MEATA,99.05
3483279,CN,CN,RUBBE,ANIMA,10.67
3483280,CN,CN,RUBBE,RAWMI,7.93
3483281,CN,CN,RUBBE,WOOLS,13.60
3483282,CN,CN,RUBBE,FORES,14.11
3483283,CN,CN,RUBBE,FISHF,757.78
3483284,CN,CN,RUBBE,COKIN,1620.74
3483285,CN,CN,RUBBE,BITUM,14206.91
3483286,CN,CN,RUBBE,PATEN,24.90
3483287,CN,CN,RUBBE,CRUDE,5350.45
3483288,CN,CN,RUBBE,NATUR,658.09
3483289,CN,CN,RUBBE,NATU1,1.63
3483290,CN,CN,RUBBE,COPPE,0.09
3483291,CN,CN,RUBBE,PRECI,0.31
3483292,CN,CN,RUBBE,LEADZ,0.01
3483293,CN,CN,RUBBE,STONE,0.03
3483294,CN,CN,RUBBE,MEATC,52.28
3483295,CN,CN,RUBBE,MEATP,383.46
3483296,CN,CN,RUBBE,MEAT1,203.66
3483297,CN,CN,RUBBE,MEAT4,1101.75
3483298,CN,CN,RUBBE,VEGE1,0.42
3483299,CN,CN,RUBBE,DAIRY,88.66
3483300,CN,CN,RUBBE,PROCE,43.11
3483301,CN,CN,RUBBE,SUGA1,0.07
3483302,CN,CN,RUBBE,FOOD5,20758.46
3483303,CN,CN,RUBBE,BEVER,3476.61
3483304,CN,CN,RUBBE,FISH5,28249.84
3483305,CN,CN,RUBBE,TOBAC,128.70
3483306,CN,CN,RUBBE,TEXTI,12006.24
3483307,CN,CN,RUBBE,WEARI,5791.43
3483308,CN,CN,RUBBE,LEATH,23822.62
3483309,CN,CN,RUBBE,WOODW,572.97
3483310,CN,CN,RUBBE,PULP5,42.44
3483311,CN,CN,RUBBE,PAPER,52445.09
3483312,CN,CN,RUBBE,PRINT,11372.03
3483313,CN,CN,RUBBE,COKEO,29.58
3483314,CN,CN,RUBBE,COALT,1.25
3483315,CN,CN,RUBBE,MOTOR,41.75
3483316,CN,CN,RUBBE,AVIAT,0.06
3483317,CN,CN,RUBBE,KEROS,14.56
3483318,CN,CN,RUBBE,KERO1,1.25
3483319,CN,CN,RUBBE,GASDI,29.17
3483320,CN,CN,RUBBE,HEAVY,6.32
3483321,CN,CN,RUBBE,REFIN,0.17
3483322,CN,CN,RUBBE,LIQUE,11.07
3483323,CN,CN,RUBBE,REFI1,0.27
3483324,CN,CN,RUBBE,NAPHT,9.79
3483325,CN,CN,RUBBE,WHITE,0.10
3483326,CN,CN,RUBBE,LUBRI,0.27
3483327,CN,CN,RUBBE,BITU1,1.97
3483328,CN,CN,RUBBE,PARAF,0.48
3483329,CN,CN,RUBBE,PETRO,0.44
3483330,CN,CN,RUBBE,NONSP,3.38
3483331,CN,CN,RUBBE,PLAST,11539.19
3483332,CN,CN,RUBBE,NFERT,83.30
3483333,CN,CN,RUBBE,CHEM1,76125.27
3483334,CN,CN,RUBBE,BIOGA,371.39
3483335,CN,CN,RUBBE,BIODI,197.57
3483336,CN,CN,RUBBE,RUBBE,179598.68
3483337,CN,CN,RUBBE,GLASS,20789.29
3483338,CN,CN,RUBBE,CERAM,2821.88
3483339,CN,CN,RUBBE,BRICK,85.89
3483340,CN,CN,RUBBE,CEMEN,1003.70
3483341,CN,CN,RUBBE,NONME,6234.38
3483342,CN,CN,RUBBE,BASIC,12001.81
3483343,CN,CN,RUBBE,PREC1,63.66
3483344,CN,CN,RUBBE,ALUM1,778.55
3483345,CN,CN,RUBBE,LEAD1,63.39
3483346,CN,CN,RUBBE,COPP1,245.71
3483347,CN,CN,RUBBE,NONF1,322.65
3483348,CN,CN,RUBBE,FOUND,978.75
3483349,CN,CN,RUBBE,FABRI,54208.43
3483350,CN,CN,RUBBE,MACHI,0.09
3483351,CN,CN,RUBBE,ELECT,55018.84
3483352,CN,CN,RUBBE,RADIO,22523.64
3483353,CN,CN,RUBBE,MEDIC,5552.48
3483354,CN,CN,RUBBE,TRANS,10610.91
3483355,CN,CN,RUBBE,FURNI,43040.77
3483356,CN,CN,RUBBE,COKE1,0.28
3483357,CN,CN,RUBBE,BLAST,1.15
3483358,CN,CN,RUBBE,OXYGE,0.11
3483359,CN,CN,RUBBE,GASWO,0.03
3483360,CN,CN,RUBBE,BIOG1,0.45
3483361,CN,CN,RUBBE,DIST1,1.24
3483362,CN,CN,RUBBE,STEAM,1.55
3483363,CN,CN,RUBBE,RETAI,5.74
3483364,CN,CN,RUBBE,WHOLE,575.31
3483365,CN,CN,RUBBE,RETA1,564.58
3483366,CN,CN,RUBBE,HOTEL,1834.32
3483367,CN,CN,RUBBE,RAILW,257.68
3483368,CN,CN,RUBBE,SEACO,496.45
3483369,CN,CN,RUBBE,INLAN,247.22
3483370,CN,CN,RUBBE,AIRTR,648.84
3483371,CN,CN,RUBBE,SUPPO,1010.71
3483372,CN,CN,RUBBE,POSTT,112.77
3483373,CN,CN,RUBBE,FINAN,1464.09
3483374,CN,CN,RUBBE,INSUR,991.58
3483375,CN,CN,RUBBE,AUXIL,754.97
3483376,CN,CN,RUBBE,REALE,27408.88
3483377,CN,CN,RUBBE,COMPU,1598.07
3483378,CN,CN,RUBBE,BUSIN,12740.40
3483379,CN,CN,RUBBE,PUBLI,2566.63
3483380,CN,CN,RUBBE,EDUCA,1251.42
3483381,CN,CN,RUBBE,HEALT,21425.77
3483382,CN,CN,RUBBE,MEMBE,46.31
3483383,CN,CN,RUBBE,RECRE,1808.20
3483384,CN,CN,RUBBE,93197,9469.03
3483385,CN,CN,GLASS,VEGET,68.55
3483386,CN,CN,GLASS,OILSE,0.69
3483387,CN,CN,GLASS,SUGAR,0.25
3483388,CN,CN,GLASS,PLANT,1.64
3483389,CN,CN,GLASS,CROPS,1.82
3483390,CN,CN,GLASS,CATTL,0.02
3483391,CN,CN,GLASS,PIGS9,0.05
3483392,CN,CN,GLASS,RAWMI,0.02
3483393,CN,CN,GLASS,FISHF,0.11
3483394,CN,CN,GLASS,COKIN,556.88
3483395,CN,CN,GLASS,BITUM,4881.45
3483396,CN,CN,GLASS,PATEN,8.55
3483397,CN,CN,GLASS,CRUDE,1534.55
3483398,CN,CN,GLASS,NATUR,333.00
3483399,CN,CN,GLASS,NATU1,0.83
3483400,CN,CN,GLASS,COPPE,0.03
3483401,CN,CN,GLASS,PRECI,0.12
3483402,CN,CN,GLASS,STONE,0.07
3483403,CN,CN,GLASS,MEATC,2.04
3483404,CN,CN,GLASS,MEATP,10.94
3483405,CN,CN,GLASS,MEAT1,16.49
3483406,CN,CN,GLASS,MEAT4,81.73
3483407,CN,CN,GLASS,VEGE1,1.35
3483408,CN,CN,GLASS,DAIRY,91.22
3483409,CN,CN,GLASS,SUGA1,0.23
3483410,CN,CN,GLASS,FOOD5,4516.52
3483411,CN,CN,GLASS,BEVER,7727.28
3483412,CN,CN,GLASS,TOBAC,5.16
3483413,CN,CN,GLASS,TEXTI,1200.82
3483414,CN,CN,GLASS,WEARI,470.84
3483415,CN,CN,GLASS,PULP5,25.66
3483416,CN,CN,GLASS,PAPER,1812.10
3483417,CN,CN,GLASS,PRINT,77.06
3483418,CN,CN,GLASS,PLAST,1404.21
3483419,CN,CN,GLASS,NFERT,0.12
3483420,CN,CN,GLASS,PFERT,27.38
3483421,CN,CN,GLASS,CHEM1,9152.88
3483422,CN,CN,GLASS,BIOGA,44.65
3483423,CN,CN,GLASS,BIODI,23.75
3483424,CN,CN,GLASS,RUBBE,4742.99
3483425,CN,CN,GLASS,GLASS,228357.94
3483426,CN,CN,GLASS,BRICK,15.46
3483427,CN,CN,GLASS,CEMEN,213.78
3483428,CN,CN,GLASS,NONME,5801.07
3483429,CN,CN,GLASS,BASIC,1440.13
3483430,CN,CN,GLASS,PREC1,2.50
3483431,CN,CN,GLASS,ALUM1,31.74
3483432,CN,CN,GLASS,LEAD1,2.50
3483433,CN,CN,GLASS,COPP1,10.31
3483434,CN,CN,GLASS,NONF1,12.77
3483435,CN,CN,GLASS,FABRI,11773.00
3483436,CN,CN,GLASS,MACHI,0.03
3483437,CN,CN,GLASS,OFFIC,5874.03
3483438,CN,CN,GLASS,ELECT,14417.47
3483439,CN,CN,GLASS,RADIO,2395.73
3483440,CN,CN,GLASS,MEDIC,1928.18
3483441,CN,CN,GLASS,MOTO1,14247.62
3483442,CN,CN,GLASS,TRANS,1538.38
3483443,CN,CN,GLASS,FURNI,4990.09
3483444,CN,CN,GLASS,STEAM,1.93
3483445,CN,CN,GLASS,CONST,196517.70
3483446,CN,CN,GLASS,RETAI,0.05
3483447,CN,CN,GLASS,RETA1,95.55
3483448,CN,CN,GLASS,HOTEL,545.17
3483449,CN,CN,GLASS,LANDT,784.58
3483450,CN,CN,GLASS,SEACO,336.59
3483451,CN,CN,GLASS,INLAN,80.23
3483452,CN,CN,GLASS,AIRTR,851.00
3483453,CN,CN,GLASS,POSTT,235.30
3483454,CN,CN,GLASS,FINAN,26.95
3483455,CN,CN,GLASS,INSUR,1.82
3483456,CN,CN,GLASS,AUXIL,8.64
3483457,CN,CN,GLASS,REALE,625.90
3483458,CN,CN,GLASS,COMPU,161.62
3483459,CN,CN,GLASS,RESEA,10828.01
3483460,CN,CN,GLASS,BUSIN,32.76
3483461,CN,CN,GLASS,EDUCA,1630.38
3483462,CN,CN,GLASS,HEALT,4517.32
3483463,CN,CN,GLASS,RECRE,843.87
3483464,CN,CN,GLASS,PRIVA,0.02
3483465,CN,CN,CERAM,COKIN,1.88
3483466,CN,CN,CERAM,BITUM,16.45
3483467,CN,CN,CERAM,PATEN,0.03
3483468,CN,CN,CERAM,BEVER,19.98
3483469,CN,CN,CERAM,TOBAC,0.07
3483470,CN,CN,CERAM,TEXTI,1785.26
3483471,CN,CN,CERAM,WOODW,23.37
3483472,CN,CN,CERAM,PRINT,8.79
3483473,CN,CN,CERAM,CHEM1,30.43
3483474,CN,CN,CERAM,BIOGA,0.15
3483475,CN,CN,CERAM,BIODI,0.08
3483476,CN,CN,CERAM,RUBBE,73.13
3483477,CN,CN,CERAM,GLASS,5.69
3483478,CN,CN,CERAM,CERAM,64416.76
3483479,CN,CN,CERAM,BRICK,0.29
3483480,CN,CN,CERAM,CEMEN,284.83
3483481,CN,CN,CERAM,BASIC,3.19
3483482,CN,CN,CERAM,FABRI,93.47
3483483,CN,CN,CERAM,OFFIC,153.39
3483484,CN,CN,CERAM,ELECT,4377.45
3483485,CN,CN,CERAM,RADIO,4744.12
3483486,CN,CN,CERAM,MEDIC,111.31
3483487,CN,CN,CERAM,MOTO1,587.15
3483488,CN,CN,CERAM,TRANS,15.31
3483489,CN,CN,CERAM,FURNI,907.44
3483490,CN,CN,CERAM,CONST,473994.43
3483491,CN,CN,CERAM,RETAI,0.01
3483492,CN,CN,CERAM,WHOLE,12.14
3483493,CN,CN,CERAM,RETA1,51.30
3483494,CN,CN,CERAM,HOTEL,854.66
3483495,CN,CN,CERAM,INLAN,319.52
3483496,CN,CN,CERAM,AIRTR,3.38
3483497,CN,CN,CERAM,SUPPO,76.54
3483498,CN,CN,CERAM,FINAN,16.75
3483499,CN,CN,CERAM,BUSIN,0.42
3483500,CN,CN,CERAM,EDUCA,265.64
3483501,CN,CN,CERAM,HEALT,5225.29
3483502,CN,CN,CERAM,MEMBE,28.67
3483503,CN,CN,CERAM,RECRE,1.31
3483504,CN,CN,CERAM,93197,16.04
3483505,CN,CN,BRICK,COKIN,0.09
3483506,CN,CN,BRICK,BITUM,0.75
3483507,CN,CN,BRICK,TEXTI,82.11
3483508,CN,CN,BRICK,WOODW,0.32
3483509,CN,CN,BRICK,CERAM,822.66
3483510,CN,CN,BRICK,BRICK,204.73
3483511,CN,CN,BRICK,CEMEN,158.89
3483512,CN,CN,BRICK,NONME,190.18
3483513,CN,CN,BRICK,BASIC,9.88
3483514,CN,CN,BRICK,COPP1,1.52
3483515,CN,CN,BRICK,FABRI,3.89
3483516,CN,CN,BRICK,ELECT,33.76
3483517,CN,CN,BRICK,MEDIC,8.25
3483518,CN,CN,BRICK,COKE1,1.20
3483519,CN,CN,BRICK,BLAST,5.01
3483520,CN,CN,BRICK,OXYGE,0.48
3483521,CN,CN,BRICK,GASWO,0.14
3483522,CN,CN,BRICK,BIOG1,1.95
3483523,CN,CN,BRICK,DIST1,5.40
3483524,CN,CN,BRICK,CONST,14302.79
3483525,CN,CN,BRICK,RETAI,0.01
3483526,CN,CN,BRICK,RESEA,5.48
3483527,CN,CN,BRICK,PUBLI,0.85
3483528,CN,CN,BRICK,HEALT,12.77
3483529,CN,CN,BRICK,MEMBE,5.88
3483530,CN,CN,BRICK,93197,0.32
3483531,CN,CN,CEMEN,COKIN,1.19
3483532,CN,CN,CEMEN,BITUM,10.42
3483533,CN,CN,CEMEN,PATEN,0.02
3483534,CN,CN,CEMEN,CRUDE,120.76
3483535,CN,CN,CEMEN,NATUR,26.10
3483536,CN,CN,CEMEN,NATU1,0.06
3483537,CN,CN,CEMEN,TEXTI,84.35
3483538,CN,CN,CEMEN,WOODW,0.04
3483539,CN,CN,CEMEN,COALT,0.74
3483540,CN,CN,CEMEN,MOTOR,24.88
3483541,CN,CN,CEMEN,AVIAT,0.04
3483542,CN,CN,CEMEN,KEROS,8.68
3483543,CN,CN,CEMEN,KERO1,0.75
3483544,CN,CN,CEMEN,GASDI,17.38
3483545,CN,CN,CEMEN,HEAVY,3.76
3483546,CN,CN,CEMEN,REFIN,0.10
3483547,CN,CN,CEMEN,LIQUE,6.60
3483548,CN,CN,CEMEN,REFI1,0.16
3483549,CN,CN,CEMEN,NAPHT,5.84
3483550,CN,CN,CEMEN,WHITE,0.06
3483551,CN,CN,CEMEN,LUBRI,0.16
3483552,CN,CN,CEMEN,BITU1,1.17
3483553,CN,CN,CEMEN,PARAF,0.29
3483554,CN,CN,CEMEN,PETRO,0.26
3483555,CN,CN,CEMEN,NONSP,2.01
3483556,CN,CN,CEMEN,CHEM1,0.24
3483557,CN,CN,CEMEN,BRICK,8.73
3483558,CN,CN,CEMEN,CEMEN,7964.30
3483559,CN,CN,CEMEN,NONME,145.08
3483560,CN,CN,CEMEN,BASIC,2.19
3483561,CN,CN,CEMEN,FABRI,1.52
3483562,CN,CN,CEMEN,ELECT,0.72
3483563,CN,CN,CEMEN,TRANS,0.01
3483564,CN,CN,CEMEN,FURNI,9.46
3483565,CN,CN,CEMEN,ELEC9,0.13
3483566,CN,CN,CEMEN,COKE1,0.24
3483567,CN,CN,CEMEN,BLAST,0.99
3483568,CN,CN,CEMEN,OXYGE,0.09
3483569,CN,CN,CEMEN,GASWO,0.03
3483570,CN,CN,CEMEN,BIOG1,0.38
3483571,CN,CN,CEMEN,DIST1,1.06
3483572,CN,CN,CEMEN,CONST,237011.02
3483573,CN,CN,CEMEN,RETAI,0.04
3483574,CN,CN,CEMEN,TRAN2,90.96
3483575,CN,CN,CEMEN,REALE,3.33
3483576,CN,CN,CEMEN,RESEA,13.71
3483577,CN,CN,CEMEN,PUBLI,22.27
3483578,CN,CN,CEMEN,MEMBE,50.56
3483579,CN,CN,CEMEN,93197,0.50
3483580,CN,CN,NONME,PADDY,1.99
3483581,CN,CN,NONME,WHEAT,0.29
3483582,CN,CN,NONME,CEREA,2.96
3483583,CN,CN,NONME,VEGET,3.68
3483584,CN,CN,NONME,OILSE,0.15
3483585,CN,CN,NONME,SUGAR,0.13
3483586,CN,CN,NONME,PLANT,0.03
3483587,CN,CN,NONME,CROPS,0.18
3483588,CN,CN,NONME,CATTL,0.24
3483589,CN,CN,NONME,PIGS9,0.50
3483590,CN,CN,NONME,POULT,0.44
3483591,CN,CN,NONME,MEATA,0.42
3483592,CN,CN,NONME,ANIMA,0.01
3483593,CN,CN,NONME,WOOLS,0.06
3483594,CN,CN,NONME,FISHF,0.02
3483595,CN,CN,NONME,COKIN,20.78
3483596,CN,CN,NONME,BITUM,182.18
3483597,CN,CN,NONME,PATEN,0.32
3483598,CN,CN,NONME,CRUDE,1538.67
3483599,CN,CN,NONME,NATUR,661.59
3483600,CN,CN,NONME,NATU1,1.64
3483601,CN,CN,NONME,MEATC,0.02
3483602,CN,CN,NONME,MEATP,0.18
3483603,CN,CN,NONME,MEAT1,0.09
3483604,CN,CN,NONME,MEAT4,69.67
3483605,CN,CN,NONME,VEGE1,0.14
3483606,CN,CN,NONME,SUGA1,1.65
3483607,CN,CN,NONME,FOOD5,1637.37
3483608,CN,CN,NONME,BEVER,2.58
3483609,CN,CN,NONME,TOBAC,0.32
3483610,CN,CN,NONME,TEXTI,804.30
3483611,CN,CN,NONME,WEARI,4.12
3483612,CN,CN,NONME,LEATH,25.05
3483613,CN,CN,NONME,WOODW,61.98
3483614,CN,CN,NONME,PULP5,3.76
3483615,CN,CN,NONME,PAPER,1121.72
3483616,CN,CN,NONME,PRINT,5.27
3483617,CN,CN,NONME,COKEO,827.18
3483618,CN,CN,NONME,COALT,0.17
3483619,CN,CN,NONME,PLAST,675.84
3483620,CN,CN,NONME,NFERT,3.01
3483621,CN,CN,NONME,PFERT,705.15
3483622,CN,CN,NONME,CHEM1,608.88
3483623,CN,CN,NONME,BIOGA,2.97
3483624,CN,CN,NONME,BIODI,1.58
3483625,CN,CN,NONME,RUBBE,274.75
3483626,CN,CN,NONME,GLASS,17245.86
3483627,CN,CN,NONME,CERAM,49987.23
3483628,CN,CN,NONME,BRICK,5648.28
3483629,CN,CN,NONME,CEMEN,11965.73
3483630,CN,CN,NONME,NONME,37085.24
3483631,CN,CN,NONME,BASIC,12233.73
3483632,CN,CN,NONME,PREC1,25.23
3483633,CN,CN,NONME,ALUM1,46687.92
3483634,CN,CN,NONME,LEAD1,2.67
3483635,CN,CN,NONME,COPP1,34.97
3483636,CN,CN,NONME,NONF1,10.39
3483637,CN,CN,NONME,FOUND,758.95
3483638,CN,CN,NONME,FABRI,990.67
3483639,CN,CN,NONME,MACHI,0.01
3483640,CN,CN,NONME,ELECT,5796.30
3483641,CN,CN,NONME,RADIO,784.33
3483642,CN,CN,NONME,MEDIC,543.59
3483643,CN,CN,NONME,MOTO1,2904.91
3483644,CN,CN,NONME,TRANS,145.79
3483645,CN,CN,NONME,FURNI,454.46
3483646,CN,CN,NONME,ELEC1,137.55
3483647,CN,CN,NONME,ELEC2,35.71
3483648,CN,CN,NONME,ELEC3,1.28
3483649,CN,CN,NONME,ELEC4,316.64
3483650,CN,CN,NONME,ELEC5,118.08
3483651,CN,CN,NONME,ELEC6,0.16
3483652,CN,CN,NONME,ELEC7,0.79
3483653,CN,CN,NONME,ELEC8,55.26
3483654,CN,CN,NONME,ELE11,0.05
3483655,CN,CN,NONME,TRAN1,2.72
3483656,CN,CN,NONME,DISTR,7.16
3483657,CN,CN,NONME,COKE1,6.72
3483658,CN,CN,NONME,BLAST,28.17
3483659,CN,CN,NONME,OXYGE,2.70
3483660,CN,CN,NONME,GASWO,0.78
3483661,CN,CN,NONME,BIOG1,10.95
3483662,CN,CN,NONME,DIST1,30.34
3483663,CN,CN,NONME,CONST,198897.05
3483664,CN,CN,NONME,SALEM,9.29
3483665,CN,CN,NONME,RETAI,0.01
3483666,CN,CN,NONME,WHOLE,2.52
3483667,CN,CN,NONME,RETA1,1.99
3483668,CN,CN,NONME,HOTEL,11.53
3483669,CN,CN,NONME,SEACO,29.12
3483670,CN,CN,NONME,INLAN,1.27
3483671,CN,CN,NONME,SUPPO,1.90
3483672,CN,CN,NONME,FINAN,2.50
3483673,CN,CN,NONME,COMPU,11.42
3483674,CN,CN,NONME,BUSIN,0.02
3483675,CN,CN,NONME,PUBLI,1229.73
3483676,CN,CN,NONME,EDUCA,1486.98
3483677,CN,CN,NONME,RECRE,490.79
3483678,CN,CN,NONME,93197,13.72
3483679,CN,CN,NONME,PRIVA,0.01
3483680,CN,CN,BASIC,VEGET,165.87
3483681,CN,CN,BASIC,OILSE,1.63
3483682,CN,CN,BASIC,SUGAR,0.96
3483683,CN,CN,BASIC,PLANT,3.93
3483684,CN,CN,BASIC,CROPS,4.89
3483685,CN,CN,BASIC,CATTL,0.04
3483686,CN,CN,BASIC,PIGS9,0.13
3483687,CN,CN,BASIC,POULT,0.14
3483688,CN,CN,BASIC,RAWMI,0.05
3483689,CN,CN,BASIC,FORES,0.79
3483690,CN,CN,BASIC,FISHF,7.25
3483691,CN,CN,BASIC,COKIN,2854.93
3483692,CN,CN,BASIC,BITUM,25025.50
3483693,CN,CN,BASIC,PATEN,43.86
3483694,CN,CN,BASIC,CRUDE,23815.64
3483695,CN,CN,BASIC,NATUR,3003.22
3483696,CN,CN,BASIC,NATU1,7.44
3483697,CN,CN,BASIC,COPPE,0.01
3483698,CN,CN,BASIC,PRECI,0.04
3483699,CN,CN,BASIC,STONE,0.01
3483700,CN,CN,BASIC,BEVER,13.36
3483701,CN,CN,BASIC,FISH5,1021.65
3483702,CN,CN,BASIC,TEXTI,344.53
3483703,CN,CN,BASIC,LEATH,276.62
3483704,CN,CN,BASIC,WOODW,81.46
3483705,CN,CN,BASIC,PAPER,5620.84
3483706,CN,CN,BASIC,COKEO,142.77
3483707,CN,CN,BASIC,COALT,6.15
3483708,CN,CN,BASIC,MOTOR,205.30
3483709,CN,CN,BASIC,AVIAT,0.30
3483710,CN,CN,BASIC,KEROS,71.59
3483711,CN,CN,BASIC,KERO1,6.15
3483712,CN,CN,BASIC,GASDI,143.45
3483713,CN,CN,BASIC,HEAVY,31.06
3483714,CN,CN,BASIC,REFIN,0.84
3483715,CN,CN,BASIC,LIQUE,54.43
3483716,CN,CN,BASIC,REFI1,1.33
3483717,CN,CN,BASIC,NAPHT,48.15
3483718,CN,CN,BASIC,WHITE,0.48
3483719,CN,CN,BASIC,LUBRI,1.33
3483720,CN,CN,BASIC,BITU1,9.69
3483721,CN,CN,BASIC,PARAF,2.38
3483722,CN,CN,BASIC,PETRO,2.16
3483723,CN,CN,BASIC,NONSP,16.62
3483724,CN,CN,BASIC,PLAST,494.93
3483725,CN,CN,BASIC,CHEM1,1504.31
3483726,CN,CN,BASIC,BIOGA,7.34
3483727,CN,CN,BASIC,BIODI,3.90
3483728,CN,CN,BASIC,RUBBE,7741.47
3483729,CN,CN,BASIC,CERAM,9256.10
3483730,CN,CN,BASIC,BRICK,30.87
3483731,CN,CN,BASIC,CEMEN,17040.27
3483732,CN,CN,BASIC,NONME,9954.90
3483733,CN,CN,BASIC,BASIC,351292.09
3483734,CN,CN,BASIC,PREC1,15.16
3483735,CN,CN,BASIC,ALUM1,34.24
3483736,CN,CN,BASIC,LEAD1,7.82
3483737,CN,CN,BASIC,COPP1,17.65
3483738,CN,CN,BASIC,NONF1,13.37
3483739,CN,CN,BASIC,FOUND,30406.80
3483740,CN,CN,BASIC,MACHI,0.73
3483741,CN,CN,BASIC,OFFIC,29673.11
3483742,CN,CN,BASIC,ELECT,233697.29
3483743,CN,CN,BASIC,RADIO,8655.77
3483744,CN,CN,BASIC,MEDIC,613.35
3483745,CN,CN,BASIC,MOTO1,170951.77
3483746,CN,CN,BASIC,TRANS,41947.51
3483747,CN,CN,BASIC,FURNI,8074.82
3483748,CN,CN,BASIC,COKE1,6.22
3483749,CN,CN,BASIC,BLAST,26.05
3483750,CN,CN,BASIC,OXYGE,2.49
3483751,CN,CN,BASIC,GASWO,0.72
3483752,CN,CN,BASIC,BIOG1,10.12
3483753,CN,CN,BASIC,DIST1,28.06
3483754,CN,CN,BASIC,STEAM,0.40
3483755,CN,CN,BASIC,CONST,503304.39
3483756,CN,CN,BASIC,SALEM,93.70
3483757,CN,CN,BASIC,RETAI,0.08
3483758,CN,CN,BASIC,WHOLE,950.40
3483759,CN,CN,BASIC,RETA1,524.20
3483760,CN,CN,BASIC,HOTEL,1.29
3483761,CN,CN,BASIC,RAILW,807.87
3483762,CN,CN,BASIC,SEACO,4.06
3483763,CN,CN,BASIC,INLAN,1.05
3483764,CN,CN,BASIC,AIRTR,429.44
3483765,CN,CN,BASIC,SUPPO,570.09
3483766,CN,CN,BASIC,COMPU,3.56
3483767,CN,CN,BASIC,RESEA,941.57
3483768,CN,CN,BASIC,BUSIN,3188.34
3483769,CN,CN,BASIC,EDUCA,133.86
3483770,CN,CN,BASIC,HEALT,4.51
3483771,CN,CN,BASIC,RECRE,13.18
3483772,CN,CN,BASIC,93197,724.21
3483773,CN,CN,PREC1,FISHF,0.70
3483774,CN,CN,PREC1,COKIN,16.99
3483775,CN,CN,PREC1,BITUM,148.94
3483776,CN,CN,PREC1,PATEN,0.26
3483777,CN,CN,PREC1,TEXTI,23.99
3483778,CN,CN,PREC1,LEATH,18.34
3483779,CN,CN,PREC1,PULP5,0.07
3483780,CN,CN,PREC1,PAPER,27.93
3483781,CN,CN,PREC1,PRINT,22.04
3483782,CN,CN,PREC1,PLAST,1073.32
3483783,CN,CN,PREC1,CHEM1,2956.67
3483784,CN,CN,PREC1,BIOGA,14.42
3483785,CN,CN,PREC1,BIODI,7.67
3483786,CN,CN,PREC1,RUBBE,5.85
3483787,CN,CN,PREC1,CERAM,4004.91
3483788,CN,CN,PREC1,BRICK,58.85
3483789,CN,CN,PREC1,NONME,705.20
3483790,CN,CN,PREC1,PREC1,39762.89
3483791,CN,CN,PREC1,FABRI,1086.11
3483792,CN,CN,PREC1,MACHI,0.01
3483793,CN,CN,PREC1,RADIO,399.63
3483794,CN,CN,PREC1,MEDIC,736.50
3483795,CN,CN,PREC1,STEAM,0.01
3483796,CN,CN,PREC1,RETAI,0.02
3483797,CN,CN,PREC1,HOTEL,0.09
3483798,CN,CN,PREC1,AIRTR,38.12
3483799,CN,CN,PREC1,REALE,21.55
3483800,CN,CN,PREC1,COMPU,0.26
3483801,CN,CN,PREC1,RESEA,57.23
3483802,CN,CN,PREC1,EDUCA,8.51
3483803,CN,CN,PREC1,HEALT,0.27
3483804,CN,CN,PREC1,RECRE,0.93
3483805,CN,CN,PREC1,93197,47.24
3483806,CN,CN,ALUM1,VEGET,21.81
3483807,CN,CN,ALUM1,OILSE,0.21
3483808,CN,CN,ALUM1,SUGAR,0.14
3483809,CN,CN,ALUM1,PLANT,0.51
3483810,CN,CN,ALUM1,CROPS,0.66
3483811,CN,CN,ALUM1,CATTL,0.01
3483812,CN,CN,ALUM1,PIGS9,0.02
3483813,CN,CN,ALUM1,RAWMI,0.01
3483814,CN,CN,ALUM1,FISHF,1.68
3483815,CN,CN,ALUM1,COKIN,373.15
3483816,CN,CN,ALUM1,BITUM,3270.95
3483817,CN,CN,ALUM1,PATEN,5.73
3483818,CN,CN,ALUM1,CRUDE,645.92
3483819,CN,CN,ALUM1,NATUR,77.50
3483820,CN,CN,ALUM1,NATU1,0.19
3483821,CN,CN,ALUM1,PRECI,0.01
3483822,CN,CN,ALUM1,MEATC,0.39
3483823,CN,CN,ALUM1,MEATP,2.86
3483824,CN,CN,ALUM1,MEAT1,1.54
3483825,CN,CN,ALUM1,MEAT4,5.04
3483826,CN,CN,ALUM1,FOOD5,316.56
3483827,CN,CN,ALUM1,BEVER,3.44
3483828,CN,CN,ALUM1,FISH5,34.35
3483829,CN,CN,ALUM1,TEXTI,74.55
3483830,CN,CN,ALUM1,WEARI,286.90
3483831,CN,CN,ALUM1,LEATH,59.07
3483832,CN,CN,ALUM1,PAPER,3950.29
3483833,CN,CN,ALUM1,PRINT,1937.34
3483834,CN,CN,ALUM1,PLAST,1130.80
3483835,CN,CN,ALUM1,CHEM1,3357.71
3483836,CN,CN,ALUM1,BIOGA,16.38
3483837,CN,CN,ALUM1,BIODI,8.71
3483838,CN,CN,ALUM1,RUBBE,1950.55
3483839,CN,CN,ALUM1,GLASS,5615.86
3483840,CN,CN,ALUM1,CERAM,3818.23
3483841,CN,CN,ALUM1,BRICK,207.39
3483842,CN,CN,ALUM1,NONME,1820.97
3483843,CN,CN,ALUM1,BASIC,12427.01
3483844,CN,CN,ALUM1,ALUM1,57305.68
3483845,CN,CN,ALUM1,FOUND,9704.16
3483846,CN,CN,ALUM1,FABRI,54498.17
3483847,CN,CN,ALUM1,MACHI,0.25
3483848,CN,CN,ALUM1,ELECT,41740.66
3483849,CN,CN,ALUM1,RADIO,2805.90
3483850,CN,CN,ALUM1,MEDIC,1597.31
3483851,CN,CN,ALUM1,MOTO1,15771.69
3483852,CN,CN,ALUM1,TRANS,4725.86
3483853,CN,CN,ALUM1,FURNI,8125.60
3483854,CN,CN,ALUM1,CONST,22205.66
3483855,CN,CN,ALUM1,SALEM,14.08
3483856,CN,CN,ALUM1,RETAI,0.01
3483857,CN,CN,ALUM1,RETA1,6.47
3483858,CN,CN,ALUM1,HOTEL,0.28
3483859,CN,CN,ALUM1,AIRTR,100.07
3483860,CN,CN,ALUM1,RESEA,186.55
3483861,CN,CN,ALUM1,BUSIN,33.17
3483862,CN,CN,ALUM1,HEALT,0.92
3483863,CN,CN,ALUM1,RECRE,2.86
3483864,CN,CN,ALUM1,93197,153.65
3483865,CN,CN,LEAD1,COKIN,40.64
3483866,CN,CN,LEAD1,BITUM,356.26
3483867,CN,CN,LEAD1,PATEN,0.62
3483868,CN,CN,LEAD1,TEXTI,3.63
3483869,CN,CN,LEAD1,LEATH,2.92
3483870,CN,CN,LEAD1,PULP5,0.19
3483871,CN,CN,LEAD1,PAPER,82.41
3483872,CN,CN,LEAD1,PRINT,59.79
3483873,CN,CN,LEAD1,PLAST,197.89
3483874,CN,CN,LEAD1,CHEM1,539.37
3483875,CN,CN,LEAD1,BIOGA,2.63
3483876,CN,CN,LEAD1,BIODI,1.40
3483877,CN,CN,LEAD1,RUBBE,16.53
3483878,CN,CN,LEAD1,CERAM,939.08
3483879,CN,CN,LEAD1,NONME,217.17
3483880,CN,CN,LEAD1,BASIC,2962.00
3483881,CN,CN,LEAD1,LEAD1,41272.68
3483882,CN,CN,LEAD1,FOUND,186.40
3483883,CN,CN,LEAD1,FABRI,209.98
3483884,CN,CN,LEAD1,ELECT,633.74
3483885,CN,CN,LEAD1,RADIO,88.26
3483886,CN,CN,LEAD1,MOTO1,133.84
3483887,CN,CN,LEAD1,ELEC3,0.29
3483888,CN,CN,LEAD1,STEAM,0.01
3483889,CN,CN,LEAD1,CONST,24332.93
3483890,CN,CN,LEAD1,RETAI,0.01
3483891,CN,CN,LEAD1,HOTEL,0.01
3483892,CN,CN,LEAD1,AIRTR,4.50
3483893,CN,CN,LEAD1,REALE,51.15
3483894,CN,CN,LEAD1,COMPU,0.04
3483895,CN,CN,LEAD1,RESEA,9.94
3483896,CN,CN,LEAD1,EDUCA,19.05
3483897,CN,CN,LEAD1,HEALT,0.05
3483898,CN,CN,LEAD1,RECRE,0.14
3483899,CN,CN,LEAD1,93197,7.65
3483900,CN,CN,COPP1,FISHF,1.99
3483901,CN,CN,COPP1,COKIN,130.15
3483902,CN,CN,COPP1,BITUM,1140.88
3483903,CN,CN,COPP1,PATEN,2.00
3483904,CN,CN,COPP1,PRECI,0.01
3483905,CN,CN,COPP1,TEXTI,49.16
3483906,CN,CN,COPP1,LEATH,36.11
3483907,CN,CN,COPP1,PULP5,0.47
3483908,CN,CN,COPP1,PAPER,178.25
3483909,CN,CN,COPP1,PRINT,150.58
3483910,CN,CN,COPP1,PLAST,444.40
3483911,CN,CN,COPP1,CHEM1,1235.12
3483912,CN,CN,COPP1,BIOGA,6.03
3483913,CN,CN,COPP1,BIODI,3.21
3483914,CN,CN,COPP1,RUBBE,39.11
3483915,CN,CN,COPP1,NONME,83.39
3483916,CN,CN,COPP1,BASIC,5171.61
3483917,CN,CN,COPP1,COPP1,35561.10
3483918,CN,CN,COPP1,FOUND,354.71
3483919,CN,CN,COPP1,FABRI,13151.31
3483920,CN,CN,COPP1,MACHI,0.05
3483921,CN,CN,COPP1,ELECT,25800.77
3483922,CN,CN,COPP1,RADIO,1114.50
3483923,CN,CN,COPP1,MEDIC,576.53
3483924,CN,CN,COPP1,MOTO1,289.06
3483925,CN,CN,COPP1,TRANS,659.60
3483926,CN,CN,COPP1,FURNI,129.48
3483927,CN,CN,COPP1,STEAM,0.07
3483928,CN,CN,COPP1,CONST,64852.02
3483929,CN,CN,COPP1,SALEM,53.20
3483930,CN,CN,COPP1,RETAI,0.01
3483931,CN,CN,COPP1,HOTEL,0.19
3483932,CN,CN,COPP1,AIRTR,88.51
3483933,CN,CN,COPP1,REALE,172.24
3483934,CN,CN,COPP1,COMPU,0.48
3483935,CN,CN,COPP1,RESEA,99.51
3483936,CN,CN,COPP1,EDUCA,72.35
3483937,CN,CN,COPP1,HEALT,0.49
3483938,CN,CN,COPP1,RECRE,1.91
3483939,CN,CN,COPP1,93197,91.61
3483940,CN,CN,NONF1,FISHF,0.44
3483941,CN,CN,NONF1,COKIN,26.28
3483942,CN,CN,NONF1,BITUM,230.34
3483943,CN,CN,NONF1,PATEN,0.40
3483944,CN,CN,NONF1,CRUDE,104.77
3483945,CN,CN,NONF1,NATUR,23.14
3483946,CN,CN,NONF1,NATU1,0.06
3483947,CN,CN,NONF1,TEXTI,16.97
3483948,CN,CN,NONF1,LEATH,13.23
3483949,CN,CN,NONF1,PULP5,0.11
3483950,CN,CN,NONF1,PAPER,44.79
3483951,CN,CN,NONF1,PRINT,34.25
3483952,CN,CN,NONF1,PLAST,72.88
3483953,CN,CN,NONF1,CHEM1,200.17
3483954,CN,CN,NONF1,BIOGA,0.98
3483955,CN,CN,NONF1,BIODI,0.52
3483956,CN,CN,NONF1,RUBBE,9.46
3483957,CN,CN,NONF1,GLASS,283.99
3483958,CN,CN,NONF1,CERAM,4344.66
3483959,CN,CN,NONF1,BRICK,92.85
3483960,CN,CN,NONF1,CEMEN,41.66
3483961,CN,CN,NONF1,NONME,2031.89
3483962,CN,CN,NONF1,BASIC,9459.77
3483963,CN,CN,NONF1,PREC1,28.95
3483964,CN,CN,NONF1,COPP1,11083.47
3483965,CN,CN,NONF1,NONF1,39873.16
3483966,CN,CN,NONF1,FOUND,2507.15
3483967,CN,CN,NONF1,MACHI,0.02
3483968,CN,CN,NONF1,RADIO,674.69
3483969,CN,CN,NONF1,MEDIC,283.58
3483970,CN,CN,NONF1,MOTO1,1893.78
3483971,CN,CN,NONF1,TRANS,1309.90
3483972,CN,CN,NONF1,FURNI,3158.65
3483973,CN,CN,NONF1,ELEC1,2.43
3483974,CN,CN,NONF1,ELEC2,0.57
3483975,CN,CN,NONF1,ELEC3,7.92
3483976,CN,CN,NONF1,ELEC4,5.54
3483977,CN,CN,NONF1,ELEC5,2.07
3483978,CN,CN,NONF1,ELEC7,0.01
3483979,CN,CN,NONF1,ELEC8,0.90
3483980,CN,CN,NONF1,TRAN1,0.18
3483981,CN,CN,NONF1,STEAM,0.01
3483982,CN,CN,NONF1,RETAI,0.01
3483983,CN,CN,NONF1,HOTEL,0.07
3483984,CN,CN,NONF1,SEACO,107.37
3483985,CN,CN,NONF1,INLAN,13.98
3483986,CN,CN,NONF1,AIRTR,24.90
3483987,CN,CN,NONF1,REALE,33.04
3483988,CN,CN,NONF1,COMPU,0.18
3483989,CN,CN,NONF1,RESEA,38.55
3483990,CN,CN,NONF1,EDUCA,12.67
3483991,CN,CN,NONF1,HEALT,0.19
3483992,CN,CN,NONF1,RECRE,0.65
3483993,CN,CN,NONF1,93197,34.15
3483994,CN,CN,FOUND,WHEAT,0.01
3483995,CN,CN,FOUND,CEREA,0.01
3483996,CN,CN,FOUND,VEGET,3.06
3483997,CN,CN,FOUND,OILSE,0.02
3483998,CN,CN,FOUND,SUGAR,0.01
3483999,CN,CN,FOUND,PLANT,0.03
3484000,CN,CN,FOUND,CROPS,0.02
3484001,CN,CN,FOUND,ANIMA,0.01
3484002,CN,CN,FOUND,FISHF,0.48
3484003,CN,CN,FOUND,COKIN,199.73
3484004,CN,CN,FOUND,BITUM,1750.82
3484005,CN,CN,FOUND,PATEN,3.07
3484006,CN,CN,FOUND,CRUDE,4092.58
3484007,CN,CN,FOUND,NATUR,479.48
3484008,CN,CN,FOUND,NATU1,1.19
3484009,CN,CN,FOUND,MEAT4,0.01
3484010,CN,CN,FOUND,FOOD5,0.18
3484011,CN,CN,FOUND,BEVER,0.30
3484012,CN,CN,FOUND,FISH5,24.62
3484013,CN,CN,FOUND,TOBAC,0.21
3484014,CN,CN,FOUND,TEXTI,4.20
3484015,CN,CN,FOUND,WEARI,1.78
3484016,CN,CN,FOUND,LEATH,23.77
3484017,CN,CN,FOUND,WOODW,1.38
3484018,CN,CN,FOUND,PULP5,0.16
3484019,CN,CN,FOUND,PAPER,285.81
3484020,CN,CN,FOUND,PRINT,5.49
3484021,CN,CN,FOUND,COKEO,40.50
3484022,CN,CN,FOUND,COALT,1.68
3484023,CN,CN,FOUND,MOTOR,55.93
3484024,CN,CN,FOUND,AVIAT,0.08
3484025,CN,CN,FOUND,KEROS,19.50
3484026,CN,CN,FOUND,KERO1,1.67
3484027,CN,CN,FOUND,GASDI,39.08
3484028,CN,CN,FOUND,HEAVY,8.46
3484029,CN,CN,FOUND,REFIN,0.23
3484030,CN,CN,FOUND,LIQUE,14.83
3484031,CN,CN,FOUND,REFI1,0.36
3484032,CN,CN,FOUND,NAPHT,13.12
3484033,CN,CN,FOUND,WHITE,0.13
3484034,CN,CN,FOUND,LUBRI,0.36
3484035,CN,CN,FOUND,BITU1,2.64
3484036,CN,CN,FOUND,PARAF,0.65
3484037,CN,CN,FOUND,PETRO,0.59
3484038,CN,CN,FOUND,NONSP,4.53
3484039,CN,CN,FOUND,PLAST,25.15
3484040,CN,CN,FOUND,NFERT,0.10
3484041,CN,CN,FOUND,PFERT,8.43
3484042,CN,CN,FOUND,CHEM1,19.95
3484043,CN,CN,FOUND,BIOGA,0.10
3484044,CN,CN,FOUND,BIODI,0.05
3484045,CN,CN,FOUND,RUBBE,111.77
3484046,CN,CN,FOUND,GLASS,32.16
3484047,CN,CN,FOUND,CERAM,344.21
3484048,CN,CN,FOUND,BRICK,1.88
3484049,CN,CN,FOUND,CEMEN,355.71
3484050,CN,CN,FOUND,NONME,346.11
3484051,CN,CN,FOUND,BASIC,14431.07
3484052,CN,CN,FOUND,PREC1,12.06
3484053,CN,CN,FOUND,ALUM1,35.60
3484054,CN,CN,FOUND,LEAD1,15.06
3484055,CN,CN,FOUND,COPP1,15.88
3484056,CN,CN,FOUND,NONF1,21.80
3484057,CN,CN,FOUND,FOUND,1015.82
3484058,CN,CN,FOUND,FABRI,8273.37
3484059,CN,CN,FOUND,MACHI,0.05
3484060,CN,CN,FOUND,ELECT,23800.41
3484061,CN,CN,FOUND,RADIO,722.65
3484062,CN,CN,FOUND,MEDIC,275.46
3484063,CN,CN,FOUND,MOTO1,12011.94
3484064,CN,CN,FOUND,TRANS,1663.67
3484065,CN,CN,FOUND,FURNI,156.88
3484066,CN,CN,FOUND,ELEC1,0.06
3484067,CN,CN,FOUND,ELEC2,0.09
3484068,CN,CN,FOUND,ELEC3,0.07
3484069,CN,CN,FOUND,ELEC4,1.03
3484070,CN,CN,FOUND,ELEC5,0.08
3484071,CN,CN,FOUND,ELEC8,0.25
3484072,CN,CN,FOUND,COKE1,1.21
3484073,CN,CN,FOUND,BLAST,5.08
3484074,CN,CN,FOUND,OXYGE,0.49
3484075,CN,CN,FOUND,GASWO,0.14
3484076,CN,CN,FOUND,BIOG1,1.98
3484077,CN,CN,FOUND,DIST1,5.47
3484078,CN,CN,FOUND,STEAM,0.04
3484079,CN,CN,FOUND,CONST,40246.04
3484080,CN,CN,FOUND,SALEM,3.07
3484081,CN,CN,FOUND,WHOLE,5.28
3484082,CN,CN,FOUND,RETA1,3.19
3484083,CN,CN,FOUND,HOTEL,0.05
3484084,CN,CN,FOUND,LANDT,36.15
3484085,CN,CN,FOUND,TRAN2,0.18
3484086,CN,CN,FOUND,SEACO,6.12
3484087,CN,CN,FOUND,INLAN,0.84
3484088,CN,CN,FOUND,AIRTR,28.49
3484089,CN,CN,FOUND,SUPPO,174.94
3484090,CN,CN,FOUND,COMPU,0.01
3484091,CN,CN,FOUND,RESEA,13.47
3484092,CN,CN,FOUND,BUSIN,18.55
3484093,CN,CN,FOUND,EDUCA,6.83
3484094,CN,CN,FOUND,HEALT,0.38
3484095,CN,CN,FOUND,RECRE,0.32
3484096,CN,CN,FOUND,93197,11.36
3484097,CN,CN,FOUND,PRIVA,0.06
3484098,CN,CN,FABRI,PADDY,59.53
3484099,CN,CN,FABRI,WHEAT,18.92
3484100,CN,CN,FABRI,CEREA,27.68
3484101,CN,CN,FABRI,VEGET,4616.90
3484102,CN,CN,FABRI,OILSE,65.19
3484103,CN,CN,FABRI,SUGAR,40.05
3484104,CN,CN,FABRI,PLANT,157.23
3484105,CN,CN,FABRI,CROPS,197.67
3484106,CN,CN,FABRI,CATTL,1.70
3484107,CN,CN,FABRI,PIGS9,5.15
3484108,CN,CN,FABRI,POULT,111.38
3484109,CN,CN,FABRI,MEATA,29.06
3484110,CN,CN,FABRI,ANIMA,1.78
3484111,CN,CN,FABRI,RAWMI,2.04
3484112,CN,CN,FABRI,WOOLS,3.99
3484113,CN,CN,FABRI,FORES,4.78
3484114,CN,CN,FABRI,FISHF,187.53
3484115,CN,CN,FABRI,COKIN,1985.45
3484116,CN,CN,FABRI,BITUM,17403.85
3484117,CN,CN,FABRI,PATEN,30.50
3484118,CN,CN,FABRI,CRUDE,3473.24
3484119,CN,CN,FABRI,NATUR,414.99
3484120,CN,CN,FABRI,NATU1,1.03
3484121,CN,CN,FABRI,COPPE,0.07
3484122,CN,CN,FABRI,PRECI,0.24
3484123,CN,CN,FABRI,LEADZ,0.01
3484124,CN,CN,FABRI,STONE,0.04
3484125,CN,CN,FABRI,MEATC,7.77
3484126,CN,CN,FABRI,MEATP,56.67
3484127,CN,CN,FABRI,MEAT1,30.99
3484128,CN,CN,FABRI,MEAT4,177.26
3484129,CN,CN,FABRI,VEGE1,0.03
3484130,CN,CN,FABRI,DAIRY,2.07
3484131,CN,CN,FABRI,PROCE,6.30
3484132,CN,CN,FABRI,SUGA1,0.28
3484133,CN,CN,FABRI,FOOD5,928.45
3484134,CN,CN,FABRI,BEVER,419.46
3484135,CN,CN,FABRI,FISH5,7628.73
3484136,CN,CN,FABRI,TOBAC,14.53
3484137,CN,CN,FABRI,TEXTI,2320.43
3484138,CN,CN,FABRI,WEARI,2008.48
3484139,CN,CN,FABRI,LEATH,3180.87
3484140,CN,CN,FABRI,WOODW,824.08
3484141,CN,CN,FABRI,PULP5,50.19
3484142,CN,CN,FABRI,PAPER,14462.72
3484143,CN,CN,FABRI,PRINT,2904.84
3484144,CN,CN,FABRI,COKEO,991.31
3484145,CN,CN,FABRI,COALT,27.99
3484146,CN,CN,FABRI,MOTOR,931.97
3484147,CN,CN,FABRI,AVIAT,1.38
3484148,CN,CN,FABRI,KEROS,324.98
3484149,CN,CN,FABRI,KERO1,27.91
3484150,CN,CN,FABRI,GASDI,651.17
3484151,CN,CN,FABRI,HEAVY,140.98
3484152,CN,CN,FABRI,REFIN,3.82
3484153,CN,CN,FABRI,LIQUE,247.09
3484154,CN,CN,FABRI,REFI1,6.02
3484155,CN,CN,FABRI,NAPHT,218.59
3484156,CN,CN,FABRI,WHITE,2.20
3484157,CN,CN,FABRI,LUBRI,6.05
3484158,CN,CN,FABRI,BITU1,43.97
3484159,CN,CN,FABRI,PARAF,10.82
3484160,CN,CN,FABRI,PETRO,9.78
3484161,CN,CN,FABRI,NONSP,75.44
3484162,CN,CN,FABRI,PLAST,2700.80
3484163,CN,CN,FABRI,NFERT,0.05
3484164,CN,CN,FABRI,PFERT,9.36
3484165,CN,CN,FABRI,CHEM1,12828.85
3484166,CN,CN,FABRI,BIOGA,62.59
3484167,CN,CN,FABRI,BIODI,33.29
3484168,CN,CN,FABRI,RUBBE,11157.72
3484169,CN,CN,FABRI,GLASS,13246.85
3484170,CN,CN,FABRI,CERAM,44591.21
3484171,CN,CN,FABRI,BRICK,57.46
3484172,CN,CN,FABRI,CEMEN,7769.09
3484173,CN,CN,FABRI,NONME,17158.95
3484174,CN,CN,FABRI,BASIC,32288.67
3484175,CN,CN,FABRI,PREC1,154.02
3484176,CN,CN,FABRI,ALUM1,1937.44
3484177,CN,CN,FABRI,LEAD1,153.79
3484178,CN,CN,FABRI,COPP1,625.19
3484179,CN,CN,FABRI,NONF1,784.70
3484180,CN,CN,FABRI,FOUND,4154.61
3484181,CN,CN,FABRI,FABRI,257186.53
3484182,CN,CN,FABRI,MACHI,0.23
3484183,CN,CN,FABRI,OFFIC,30530.04
3484184,CN,CN,FABRI,ELECT,74415.37
3484185,CN,CN,FABRI,RADIO,13847.16
3484186,CN,CN,FABRI,MEDIC,5081.47
3484187,CN,CN,FABRI,MOTO1,34931.83
3484188,CN,CN,FABRI,TRANS,8180.12
3484189,CN,CN,FABRI,FURNI,18479.23
3484190,CN,CN,FABRI,ELEC1,465.47
3484191,CN,CN,FABRI,ELEC2,116.00
3484192,CN,CN,FABRI,ELEC3,224.92
3484193,CN,CN,FABRI,ELEC4,898.39
3484194,CN,CN,FABRI,ELEC5,335.32
3484195,CN,CN,FABRI,ELEC6,0.53
3484196,CN,CN,FABRI,ELEC7,2.60
3484197,CN,CN,FABRI,ELEC8,152.48
3484198,CN,CN,FABRI,ELEC9,0.47
3484199,CN,CN,FABRI,ELE10,0.04
3484200,CN,CN,FABRI,ELE11,0.13
3484201,CN,CN,FABRI,TRAN1,16.42
3484202,CN,CN,FABRI,DISTR,43.21
3484203,CN,CN,FABRI,COKE1,41.90
3484204,CN,CN,FABRI,BLAST,175.49
3484205,CN,CN,FABRI,OXYGE,16.80
3484206,CN,CN,FABRI,GASWO,4.87
3484207,CN,CN,FABRI,BIOG1,68.21
3484208,CN,CN,FABRI,DIST1,189.06
3484209,CN,CN,FABRI,STEAM,402.85
3484210,CN,CN,FABRI,CONST,115758.57
3484211,CN,CN,FABRI,SALEM,20.03
3484212,CN,CN,FABRI,RETAI,0.38
3484213,CN,CN,FABRI,WHOLE,71.15
3484214,CN,CN,FABRI,RETA1,68.20
3484215,CN,CN,FABRI,HOTEL,407.65
3484216,CN,CN,FABRI,RAILW,210.09
3484217,CN,CN,FABRI,LANDT,949.64
3484218,CN,CN,FABRI,INLAN,211.69
3484219,CN,CN,FABRI,AIRTR,489.12
3484220,CN,CN,FABRI,POSTT,229.67
3484221,CN,CN,FABRI,FINAN,175.01
3484222,CN,CN,FABRI,INSUR,93.12
3484223,CN,CN,FABRI,AUXIL,59.51
3484224,CN,CN,FABRI,REALE,17395.99
3484225,CN,CN,FABRI,COMPU,589.87
3484226,CN,CN,FABRI,RESEA,17294.85
3484227,CN,CN,FABRI,BUSIN,15873.25
3484228,CN,CN,FABRI,PUBLI,798.75
3484229,CN,CN,FABRI,EDUCA,1715.07
3484230,CN,CN,FABRI,HEALT,2792.83
3484231,CN,CN,FABRI,MEMBE,8.63
3484232,CN,CN,FABRI,RECRE,928.47
3484233,CN,CN,FABRI,93197,3911.11
3484234,CN,CN,MACHI,CHEMI,0.01
3484235,CN,CN,MACHI,MACHI,0.94
3484236,CN,CN,MACHI,ELE11,0.01
3484237,CN,CN,OFFIC,PADDY,1.01
3484238,CN,CN,OFFIC,WHEAT,0.17
3484239,CN,CN,OFFIC,CEREA,0.70
3484240,CN,CN,OFFIC,VEGET,53.97
3484241,CN,CN,OFFIC,SUGAR,1.43
3484242,CN,CN,OFFIC,PLANT,0.09
3484243,CN,CN,OFFIC,CROPS,1.76
3484244,CN,CN,OFFIC,PIGS9,0.12
3484245,CN,CN,OFFIC,MEATA,0.11
3484246,CN,CN,OFFIC,ANIMA,0.01
3484247,CN,CN,OFFIC,RAWMI,0.07
3484248,CN,CN,OFFIC,WOOLS,7.71
3484249,CN,CN,OFFIC,FORES,0.82
3484250,CN,CN,OFFIC,COKIN,164.45
3484251,CN,CN,OFFIC,BITUM,1441.55
3484252,CN,CN,OFFIC,PATEN,2.53
3484253,CN,CN,OFFIC,CRUDE,942.46
3484254,CN,CN,OFFIC,NATUR,232.13
3484255,CN,CN,OFFIC,NATU1,0.58
3484256,CN,CN,OFFIC,PRECI,0.01
3484257,CN,CN,OFFIC,MEATC,15.59
3484258,CN,CN,OFFIC,MEAT1,39.91
3484259,CN,CN,OFFIC,MEAT4,155.14
3484260,CN,CN,OFFIC,VEGE1,0.03
3484261,CN,CN,OFFIC,SUGA1,0.33
3484262,CN,CN,OFFIC,FOOD5,221.06
3484263,CN,CN,OFFIC,BEVER,133.54
3484264,CN,CN,OFFIC,FISH5,783.29
3484265,CN,CN,OFFIC,TOBAC,10.27
3484266,CN,CN,OFFIC,TEXTI,121.23
3484267,CN,CN,OFFIC,LEATH,6.06
3484268,CN,CN,OFFIC,PULP5,9.85
3484269,CN,CN,OFFIC,PAPER,7377.79
3484270,CN,CN,OFFIC,PRINT,6575.50
3484271,CN,CN,OFFIC,COALT,0.05
3484272,CN,CN,OFFIC,MOTOR,1.68
3484273,CN,CN,OFFIC,KEROS,0.59
3484274,CN,CN,OFFIC,KERO1,0.05
3484275,CN,CN,OFFIC,GASDI,1.17
3484276,CN,CN,OFFIC,HEAVY,0.25
3484277,CN,CN,OFFIC,REFIN,0.01
3484278,CN,CN,OFFIC,LIQUE,0.45
3484279,CN,CN,OFFIC,REFI1,0.01
3484280,CN,CN,OFFIC,NAPHT,0.39
3484281,CN,CN,OFFIC,LUBRI,0.01
3484282,CN,CN,OFFIC,BITU1,0.08
3484283,CN,CN,OFFIC,PARAF,0.02
3484284,CN,CN,OFFIC,PETRO,0.02
3484285,CN,CN,OFFIC,NONSP,0.14
3484286,CN,CN,OFFIC,PFERT,0.99
3484287,CN,CN,OFFIC,CHEM1,855.28
3484288,CN,CN,OFFIC,BIOGA,4.17
3484289,CN,CN,OFFIC,BIODI,2.22
3484290,CN,CN,OFFIC,RUBBE,370.87
3484291,CN,CN,OFFIC,GLASS,39.28
3484292,CN,CN,OFFIC,CERAM,16.01
3484293,CN,CN,OFFIC,BRICK,0.27
3484294,CN,CN,OFFIC,NONME,15.03
3484295,CN,CN,OFFIC,BASIC,551.59
3484296,CN,CN,OFFIC,ALUM1,96.51
3484297,CN,CN,OFFIC,NONF1,102.85
3484298,CN,CN,OFFIC,FOUND,65.65
3484299,CN,CN,OFFIC,FABRI,318.79
3484300,CN,CN,OFFIC,MACHI,0.01
3484301,CN,CN,OFFIC,OFFIC,1079050.50
3484302,CN,CN,OFFIC,ELECT,29408.79
3484303,CN,CN,OFFIC,RADIO,15301.06
3484304,CN,CN,OFFIC,MEDIC,2675.30
3484305,CN,CN,OFFIC,MOTO1,464.63
3484306,CN,CN,OFFIC,TRANS,7843.50
3484307,CN,CN,OFFIC,FURNI,39.43
3484308,CN,CN,OFFIC,ELEC1,526.57
3484309,CN,CN,OFFIC,ELEC3,118.22
3484310,CN,CN,OFFIC,ELEC4,316.62
3484311,CN,CN,OFFIC,ELEC5,77.95
3484312,CN,CN,OFFIC,ELEC6,1.14
3484313,CN,CN,OFFIC,ELEC7,6.15
3484314,CN,CN,OFFIC,ELEC8,268.36
3484315,CN,CN,OFFIC,ELEC9,0.04
3484316,CN,CN,OFFIC,ELE11,0.22
3484317,CN,CN,OFFIC,COKE1,1.72
3484318,CN,CN,OFFIC,BLAST,7.19
3484319,CN,CN,OFFIC,OXYGE,0.69
3484320,CN,CN,OFFIC,GASWO,0.20
3484321,CN,CN,OFFIC,BIOG1,2.79
3484322,CN,CN,OFFIC,DIST1,7.74
3484323,CN,CN,OFFIC,CONST,36.58
3484324,CN,CN,OFFIC,SALEM,10.24
3484325,CN,CN,OFFIC,RETAI,0.37
3484326,CN,CN,OFFIC,WHOLE,677.87
3484327,CN,CN,OFFIC,RETA1,54.20
3484328,CN,CN,OFFIC,HOTEL,50.14
3484329,CN,CN,OFFIC,RAILW,307.37
3484330,CN,CN,OFFIC,LANDT,910.77
3484331,CN,CN,OFFIC,TRAN2,21.20
3484332,CN,CN,OFFIC,AIRTR,51.78
3484333,CN,CN,OFFIC,SUPPO,237.35
3484334,CN,CN,OFFIC,POSTT,257.08
3484335,CN,CN,OFFIC,FINAN,657.95
3484336,CN,CN,OFFIC,INSUR,288.34
3484337,CN,CN,OFFIC,AUXIL,174.68
3484338,CN,CN,OFFIC,REALE,20596.49
3484339,CN,CN,OFFIC,COMPU,12017.78
3484340,CN,CN,OFFIC,RESEA,4503.84
3484341,CN,CN,OFFIC,BUSIN,4513.76
3484342,CN,CN,OFFIC,PUBLI,21108.66
3484343,CN,CN,OFFIC,EDUCA,16327.62
3484344,CN,CN,OFFIC,HEALT,9.27
3484345,CN,CN,OFFIC,MEMBE,47.29
3484346,CN,CN,OFFIC,RECRE,258.26
3484347,CN,CN,OFFIC,93197,10001.68
3484348,CN,CN,ELECT,VEGET,78.67
3484349,CN,CN,ELECT,OILSE,1.30
3484350,CN,CN,ELECT,SUGAR,0.96
3484351,CN,CN,ELECT,PLANT,0.13
3484352,CN,CN,ELECT,CROPS,1.99
3484353,CN,CN,ELECT,CATTL,0.03
3484354,CN,CN,ELECT,PIGS9,0.13
3484355,CN,CN,ELECT,POULT,2.04
3484356,CN,CN,ELECT,MEATA,0.34
3484357,CN,CN,ELECT,ANIMA,0.02
3484358,CN,CN,ELECT,RAWMI,0.06
3484359,CN,CN,ELECT,WOOLS,0.05
3484360,CN,CN,ELECT,FORES,0.07
3484361,CN,CN,ELECT,FISHF,3.24
3484362,CN,CN,ELECT,COKIN,664.62
3484363,CN,CN,ELECT,BITUM,5825.88
3484364,CN,CN,ELECT,PATEN,10.21
3484365,CN,CN,ELECT,CRUDE,1197.26
3484366,CN,CN,ELECT,NATUR,353.95
3484367,CN,CN,ELECT,NATU1,0.88
3484368,CN,CN,ELECT,COPPE,0.04
3484369,CN,CN,ELECT,PRECI,0.13
3484370,CN,CN,ELECT,STONE,0.01
3484371,CN,CN,ELECT,DAIRY,169.48
3484372,CN,CN,ELECT,BEVER,3665.03
3484373,CN,CN,ELECT,TOBAC,558.75
3484374,CN,CN,ELECT,TEXTI,1618.23
3484375,CN,CN,ELECT,WEARI,887.44
3484376,CN,CN,ELECT,LEATH,930.55
3484377,CN,CN,ELECT,WOODW,36.85
3484378,CN,CN,ELECT,PULP5,22.96
3484379,CN,CN,ELECT,PAPER,4100.22
3484380,CN,CN,ELECT,PRINT,1329.78
3484381,CN,CN,ELECT,COKEO,24.67
3484382,CN,CN,ELECT,COALT,10.65
3484383,CN,CN,ELECT,MOTOR,356.90
3484384,CN,CN,ELECT,AVIAT,0.53
3484385,CN,CN,ELECT,KEROS,124.46
3484386,CN,CN,ELECT,KERO1,10.69
3484387,CN,CN,ELECT,GASDI,249.37
3484388,CN,CN,ELECT,HEAVY,53.99
3484389,CN,CN,ELECT,REFIN,1.46
3484390,CN,CN,ELECT,LIQUE,94.63
3484391,CN,CN,ELECT,REFI1,2.31
3484392,CN,CN,ELECT,NAPHT,83.71
3484393,CN,CN,ELECT,WHITE,0.84
3484394,CN,CN,ELECT,LUBRI,2.32
3484395,CN,CN,ELECT,BITU1,16.84
3484396,CN,CN,ELECT,PARAF,4.14
3484397,CN,CN,ELECT,PETRO,3.75
3484398,CN,CN,ELECT,NONSP,28.89
3484399,CN,CN,ELECT,PLAST,473.01
3484400,CN,CN,ELECT,CHEM1,1432.98
3484401,CN,CN,ELECT,BIOGA,6.99
3484402,CN,CN,ELECT,BIODI,3.72
3484403,CN,CN,ELECT,RUBBE,1894.08
3484404,CN,CN,ELECT,GLASS,3010.11
3484405,CN,CN,ELECT,CEMEN,8.65
3484406,CN,CN,ELECT,NONME,4.28
3484407,CN,CN,ELECT,BASIC,3048.88
3484408,CN,CN,ELECT,PREC1,57.56
3484409,CN,CN,ELECT,ALUM1,267.26
3484410,CN,CN,ELECT,LEAD1,27.43
3484411,CN,CN,ELECT,COPP1,96.98
3484412,CN,CN,ELECT,NONF1,266.64
3484413,CN,CN,ELECT,FOUND,201.37
3484414,CN,CN,ELECT,FABRI,11797.54
3484415,CN,CN,ELECT,MACHI,0.25
3484416,CN,CN,ELECT,ELECT,173046.59
3484417,CN,CN,ELECT,RADIO,2369.89
3484418,CN,CN,ELECT,MEDIC,464.39
3484419,CN,CN,ELECT,MOTO1,89278.98
3484420,CN,CN,ELECT,TRANS,14641.05
3484421,CN,CN,ELECT,FURNI,1906.58
3484422,CN,CN,ELECT,ELEC1,2878.42
3484423,CN,CN,ELECT,ELEC2,1154.86
3484424,CN,CN,ELECT,ELEC3,1053.07
3484425,CN,CN,ELECT,ELEC4,5654.78
3484426,CN,CN,ELECT,ELEC5,2109.52
3484427,CN,CN,ELECT,ELEC6,5.30
3484428,CN,CN,ELECT,ELEC8,975.89
3484429,CN,CN,ELECT,ELEC9,0.30
3484430,CN,CN,ELECT,ELE10,0.02
3484431,CN,CN,ELECT,ELE11,0.81
3484432,CN,CN,ELECT,TRAN1,70.76
3484433,CN,CN,ELECT,DISTR,186.23
3484434,CN,CN,ELECT,COKE1,2.72
3484435,CN,CN,ELECT,BLAST,11.41
3484436,CN,CN,ELECT,OXYGE,1.09
3484437,CN,CN,ELECT,GASWO,0.32
3484438,CN,CN,ELECT,BIOG1,4.43
3484439,CN,CN,ELECT,DIST1,12.29
3484440,CN,CN,ELECT,STEAM,46.60
3484441,CN,CN,ELECT,CONST,195475.86
3484442,CN,CN,ELECT,RETAI,0.74
3484443,CN,CN,ELECT,WHOLE,372.50
3484444,CN,CN,ELECT,RETA1,271.67
3484445,CN,CN,ELECT,HOTEL,3516.19
3484446,CN,CN,ELECT,RAILW,677.88
3484447,CN,CN,ELECT,LANDT,133.02
3484448,CN,CN,ELECT,TRAN2,34.65
3484449,CN,CN,ELECT,SEACO,21.66
3484450,CN,CN,ELECT,INLAN,3.92
3484451,CN,CN,ELECT,AIRTR,146.21
3484452,CN,CN,ELECT,SUPPO,411.59
3484453,CN,CN,ELECT,POSTT,57.48
3484454,CN,CN,ELECT,FINAN,1100.39
3484455,CN,CN,ELECT,INSUR,898.37
3484456,CN,CN,ELECT,AUXIL,351.09
3484457,CN,CN,ELECT,REALE,15242.26
3484458,CN,CN,ELECT,COMPU,25095.71
3484459,CN,CN,ELECT,RESEA,10096.32
3484460,CN,CN,ELECT,BUSIN,14057.93
3484461,CN,CN,ELECT,PUBLI,2796.60
3484462,CN,CN,ELECT,EDUCA,1165.05
3484463,CN,CN,ELECT,HEALT,3942.12
3484464,CN,CN,ELECT,MEMBE,50.01
3484465,CN,CN,ELECT,RECRE,780.75
3484466,CN,CN,ELECT,93197,8918.05
3484467,CN,CN,ELECT,PRIVA,4.14
3484468,CN,CN,RADIO,OILSE,0.20
3484469,CN,CN,RADIO,SUGAR,0.92
3484470,CN,CN,RADIO,PLANT,0.01
3484471,CN,CN,RADIO,CROPS,0.60
3484472,CN,CN,RADIO,CATTL,0.10
3484473,CN,CN,RADIO,PIGS9,0.17
3484474,CN,CN,RADIO,POULT,0.01
3484475,CN,CN,RADIO,RAWMI,0.05
3484476,CN,CN,RADIO,FORES,0.05
3484477,CN,CN,RADIO,FISHF,4.04
3484478,CN,CN,RADIO,CRUDE,37.16
3484479,CN,CN,RADIO,NATUR,11.09
3484480,CN,CN,RADIO,NATU1,0.03
3484481,CN,CN,RADIO,MEATC,0.20
3484482,CN,CN,RADIO,MEAT1,0.15
3484483,CN,CN,RADIO,MEAT4,0.24
3484484,CN,CN,RADIO,VEGE1,0.01
3484485,CN,CN,RADIO,DAIRY,1.43
3484486,CN,CN,RADIO,PROCE,0.92
3484487,CN,CN,RADIO,BEVER,8.49
3484488,CN,CN,RADIO,TOBAC,0.32
3484489,CN,CN,RADIO,LEATH,0.78
3484490,CN,CN,RADIO,WOODW,0.04
3484491,CN,CN,RADIO,PULP5,1.06
3484492,CN,CN,RADIO,PRINT,823.92
3484493,CN,CN,RADIO,COKEO,0.06
3484494,CN,CN,RADIO,COALT,0.01
3484495,CN,CN,RADIO,MOTOR,0.43
3484496,CN,CN,RADIO,KEROS,0.15
3484497,CN,CN,RADIO,KERO1,0.01
3484498,CN,CN,RADIO,GASDI,0.30
3484499,CN,CN,RADIO,HEAVY,0.06
3484500,CN,CN,RADIO,LIQUE,0.11
3484501,CN,CN,RADIO,NAPHT,0.10
3484502,CN,CN,RADIO,BITU1,0.02
3484503,CN,CN,RADIO,NONSP,0.03
3484504,CN,CN,RADIO,BRICK,0.01
3484505,CN,CN,RADIO,CEMEN,0.20
3484506,CN,CN,RADIO,NONME,0.25
3484507,CN,CN,RADIO,BASIC,1.88
3484508,CN,CN,RADIO,PREC1,10.64
3484509,CN,CN,RADIO,ALUM1,5.09
3484510,CN,CN,RADIO,LEAD1,1.77
3484511,CN,CN,RADIO,COPP1,2.44
3484512,CN,CN,RADIO,NONF1,3.08
3484513,CN,CN,RADIO,FOUND,2.68
3484514,CN,CN,RADIO,MACHI,0.03
3484515,CN,CN,RADIO,RADIO,59499.17
3484516,CN,CN,RADIO,MEDIC,4018.20
3484517,CN,CN,RADIO,TRANS,1321.45
3484518,CN,CN,RADIO,ELEC1,3.90
3484519,CN,CN,RADIO,ELEC2,0.68
3484520,CN,CN,RADIO,ELEC3,1.12
3484521,CN,CN,RADIO,ELEC4,4.84
3484522,CN,CN,RADIO,ELEC5,1.82
3484523,CN,CN,RADIO,ELEC7,0.02
3484524,CN,CN,RADIO,ELEC9,0.03
3484525,CN,CN,RADIO,ELE10,0.02
3484526,CN,CN,RADIO,TRAN1,0.40
3484527,CN,CN,RADIO,DISTR,1.05
3484528,CN,CN,RADIO,STEAM,1.04
3484529,CN,CN,RADIO,SALEM,15.37
3484530,CN,CN,RADIO,RETAI,0.62
3484531,CN,CN,RADIO,RAILW,116.10
3484532,CN,CN,RADIO,TRAN2,7.12
3484533,CN,CN,RADIO,SEACO,3.75
3484534,CN,CN,RADIO,INLAN,0.13
3484535,CN,CN,RADIO,AIRTR,74.50
3484536,CN,CN,RADIO,SUPPO,63.07
3484537,CN,CN,RADIO,AUXIL,16.44
3484538,CN,CN,RADIO,COMPU,2116.82
3484539,CN,CN,RADIO,MEMBE,18.88
3484540,CN,CN,RADIO,RECRE,258.25
3484541,CN,CN,MEDIC,WHEAT,0.11
3484542,CN,CN,MEDIC,OILSE,0.12
3484543,CN,CN,MEDIC,SUGAR,0.33
3484544,CN,CN,MEDIC,PLANT,0.01
3484545,CN,CN,MEDIC,CROPS,0.33
3484546,CN,CN,MEDIC,RAWMI,0.02
3484547,CN,CN,MEDIC,FORES,0.04
3484548,CN,CN,MEDIC,NATUR,55.46
3484549,CN,CN,MEDIC,NATU1,0.14
3484550,CN,CN,MEDIC,MEATC,0.01
3484551,CN,CN,MEDIC,MEAT4,0.13
3484552,CN,CN,MEDIC,DAIRY,1.17
3484553,CN,CN,MEDIC,BEVER,13.31
3484554,CN,CN,MEDIC,TOBAC,0.89
3484555,CN,CN,MEDIC,PULP5,0.53
3484556,CN,CN,MEDIC,COKEO,0.18
3484557,CN,CN,MEDIC,BRICK,0.54
3484558,CN,CN,MEDIC,PREC1,10.78
3484559,CN,CN,MEDIC,LEAD1,5.11
3484560,CN,CN,MEDIC,FOUND,33.11
3484561,CN,CN,MEDIC,MACHI,0.01
3484562,CN,CN,MEDIC,MEDIC,1423.52
3484563,CN,CN,MEDIC,ELEC9,0.03
3484564,CN,CN,MEDIC,COKE1,2.44
3484565,CN,CN,MEDIC,BLAST,10.21
3484566,CN,CN,MEDIC,OXYGE,0.98
3484567,CN,CN,MEDIC,GASWO,0.28
3484568,CN,CN,MEDIC,BIOG1,3.97
3484569,CN,CN,MEDIC,DIST1,11.00
3484570,CN,CN,MEDIC,STEAM,6.97
3484571,CN,CN,MEDIC,RETAI,0.09
3484572,CN,CN,MEDIC,TRAN2,8.81
3484573,CN,CN,MEDIC,INLAN,1.40
3484574,CN,CN,MEDIC,MEMBE,2.52
3484575,CN,CN,MOTO1,PADDY,80.81
3484576,CN,CN,MOTO1,WHEAT,13.39
3484577,CN,CN,MOTO1,CEREA,52.35
3484578,CN,CN,MOTO1,VEGET,1126.99
3484579,CN,CN,MOTO1,OILSE,34.42
3484580,CN,CN,MOTO1,SUGAR,54.04
3484581,CN,CN,MOTO1,PLANT,3.63
3484582,CN,CN,MOTO1,CROPS,70.55
3484583,CN,CN,MOTO1,CATTL,1.03
3484584,CN,CN,MOTO1,PIGS9,4.80
3484585,CN,CN,MOTO1,POULT,38.66
3484586,CN,CN,MOTO1,MEATA,142.68
3484587,CN,CN,MOTO1,ANIMA,13.50
3484588,CN,CN,MOTO1,RAWMI,2.72
3484589,CN,CN,MOTO1,WOOLS,6.03
3484590,CN,CN,MOTO1,FORES,5.27
3484591,CN,CN,MOTO1,FISHF,16.02
3484592,CN,CN,MOTO1,COKIN,271.01
3484593,CN,CN,MOTO1,BITUM,2375.64
3484594,CN,CN,MOTO1,PATEN,4.16
3484595,CN,CN,MOTO1,CRUDE,664.26
3484596,CN,CN,MOTO1,NATUR,188.16
3484597,CN,CN,MOTO1,NATU1,0.47
3484598,CN,CN,MOTO1,COPPE,0.01
3484599,CN,CN,MOTO1,PRECI,0.02
3484600,CN,CN,MOTO1,STONE,0.02
3484601,CN,CN,MOTO1,MEATC,1.42
3484602,CN,CN,MOTO1,MEATP,20.40
3484603,CN,CN,MOTO1,MEAT1,57.50
3484604,CN,CN,MOTO1,MEAT4,16.26
3484605,CN,CN,MOTO1,DAIRY,0.68
3484606,CN,CN,MOTO1,FOOD5,424.24
3484607,CN,CN,MOTO1,BEVER,41.82
3484608,CN,CN,MOTO1,TOBAC,1.03
3484609,CN,CN,MOTO1,TEXTI,591.53
3484610,CN,CN,MOTO1,WEARI,130.77
3484611,CN,CN,MOTO1,LEATH,57.69
3484612,CN,CN,MOTO1,WOODW,59.34
3484613,CN,CN,MOTO1,PULP5,18.07
3484614,CN,CN,MOTO1,PAPER,1548.72
3484615,CN,CN,MOTO1,PRINT,610.76
3484616,CN,CN,MOTO1,COKEO,81.66
3484617,CN,CN,MOTO1,COALT,11.45
3484618,CN,CN,MOTO1,MOTOR,383.33
3484619,CN,CN,MOTO1,AVIAT,0.57
3484620,CN,CN,MOTO1,KEROS,133.67
3484621,CN,CN,MOTO1,KERO1,11.48
3484622,CN,CN,MOTO1,GASDI,267.83
3484623,CN,CN,MOTO1,HEAVY,57.99
3484624,CN,CN,MOTO1,REFIN,1.57
3484625,CN,CN,MOTO1,LIQUE,101.63
3484626,CN,CN,MOTO1,REFI1,2.48
3484627,CN,CN,MOTO1,NAPHT,89.91
3484628,CN,CN,MOTO1,WHITE,0.90
3484629,CN,CN,MOTO1,LUBRI,2.49
3484630,CN,CN,MOTO1,BITU1,18.09
3484631,CN,CN,MOTO1,PARAF,4.45
3484632,CN,CN,MOTO1,PETRO,4.02
3484633,CN,CN,MOTO1,NONSP,31.03
3484634,CN,CN,MOTO1,PLAST,315.37
3484635,CN,CN,MOTO1,NFERT,1.65
3484636,CN,CN,MOTO1,PFERT,383.18
3484637,CN,CN,MOTO1,CHEM1,1026.49
3484638,CN,CN,MOTO1,BIOGA,5.01
3484639,CN,CN,MOTO1,BIODI,2.66
3484640,CN,CN,MOTO1,RUBBE,2470.46
3484641,CN,CN,MOTO1,GLASS,5980.41
3484642,CN,CN,MOTO1,BRICK,60.81
3484643,CN,CN,MOTO1,CEMEN,5002.88
3484644,CN,CN,MOTO1,NONME,2312.49
3484645,CN,CN,MOTO1,BASIC,5818.85
3484646,CN,CN,MOTO1,PREC1,92.24
3484647,CN,CN,MOTO1,ALUM1,391.88
3484648,CN,CN,MOTO1,LEAD1,43.58
3484649,CN,CN,MOTO1,COPP1,131.79
3484650,CN,CN,MOTO1,NONF1,419.97
3484651,CN,CN,MOTO1,FABRI,9219.32
3484652,CN,CN,MOTO1,MACHI,0.04
3484653,CN,CN,MOTO1,OFFIC,873.64
3484654,CN,CN,MOTO1,ELECT,702.44
3484655,CN,CN,MOTO1,RADIO,248.56
3484656,CN,CN,MOTO1,MEDIC,197.24
3484657,CN,CN,MOTO1,MOTO1,489048.08
3484658,CN,CN,MOTO1,TRANS,5813.89
3484659,CN,CN,MOTO1,FURNI,2760.80
3484660,CN,CN,MOTO1,ELEC1,1055.92
3484661,CN,CN,MOTO1,ELEC2,153.77
3484662,CN,CN,MOTO1,ELEC3,234.85
3484663,CN,CN,MOTO1,ELEC4,630.65
3484664,CN,CN,MOTO1,ELEC5,155.19
3484665,CN,CN,MOTO1,ELEC6,2.39
3484666,CN,CN,MOTO1,ELEC7,12.60
3484667,CN,CN,MOTO1,ELEC8,543.25
3484668,CN,CN,MOTO1,ELEC9,0.13
3484669,CN,CN,MOTO1,ELE11,0.45
3484670,CN,CN,MOTO1,TRAN1,39.02
3484671,CN,CN,MOTO1,DISTR,100.24
3484672,CN,CN,MOTO1,COKE1,73.13
3484673,CN,CN,MOTO1,BLAST,306.30
3484674,CN,CN,MOTO1,OXYGE,29.32
3484675,CN,CN,MOTO1,GASWO,8.51
3484676,CN,CN,MOTO1,BIOG1,119.05
3484677,CN,CN,MOTO1,DIST1,329.98
3484678,CN,CN,MOTO1,STEAM,63.88
3484679,CN,CN,MOTO1,CONST,12976.31
3484680,CN,CN,MOTO1,RETAI,15.53
3484681,CN,CN,MOTO1,WHOLE,562.88
3484682,CN,CN,MOTO1,RETA1,337.46
3484683,CN,CN,MOTO1,HOTEL,1109.81
3484684,CN,CN,MOTO1,TRAN2,3.25
3484685,CN,CN,MOTO1,AIRTR,151.34
3484686,CN,CN,MOTO1,SUPPO,758.04
3484687,CN,CN,MOTO1,FINAN,71.03
3484688,CN,CN,MOTO1,INSUR,90.74
3484689,CN,CN,MOTO1,AUXIL,39.45
3484690,CN,CN,MOTO1,REALE,163.60
3484691,CN,CN,MOTO1,COMPU,259.33
3484692,CN,CN,MOTO1,RESEA,1046.84
3484693,CN,CN,MOTO1,BUSIN,3715.87
3484694,CN,CN,MOTO1,PUBLI,793.67
3484695,CN,CN,MOTO1,HEALT,445.36
3484696,CN,CN,MOTO1,MEMBE,9.27
3484697,CN,CN,MOTO1,RECRE,26.40
3484698,CN,CN,MOTO1,93197,1601.05
3484699,CN,CN,MOTO1,PRIVA,1139.30
3484700,CN,CN,TRANS,VEGET,272.62
3484701,CN,CN,TRANS,OILSE,4.38
3484702,CN,CN,TRANS,PLANT,5.00
3484703,CN,CN,TRANS,CROPS,12.95
3484704,CN,CN,TRANS,CATTL,1.68
3484705,CN,CN,TRANS,PIGS9,1.80
3484706,CN,CN,TRANS,FORES,5.69
3484707,CN,CN,TRANS,FISHF,3458.44
3484708,CN,CN,TRANS,COKIN,410.32
3484709,CN,CN,TRANS,BITUM,3596.75
3484710,CN,CN,TRANS,PATEN,6.30
3484711,CN,CN,TRANS,CRUDE,1431.38
3484712,CN,CN,TRANS,NATUR,162.00
3484713,CN,CN,TRANS,NATU1,0.40
3484714,CN,CN,TRANS,COPPE,0.01
3484715,CN,CN,TRANS,PRECI,0.03
3484716,CN,CN,TRANS,STONE,0.01
3484717,CN,CN,TRANS,VEGE1,0.01
3484718,CN,CN,TRANS,DAIRY,1.03
3484719,CN,CN,TRANS,PROCE,0.93
3484720,CN,CN,TRANS,BEVER,12.24
3484721,CN,CN,TRANS,FISH5,66.75
3484722,CN,CN,TRANS,TOBAC,21.46
3484723,CN,CN,TRANS,TEXTI,2050.86
3484724,CN,CN,TRANS,WEARI,1376.94
3484725,CN,CN,TRANS,LEATH,233.66
3484726,CN,CN,TRANS,WOODW,40.13
3484727,CN,CN,TRANS,PULP5,15.68
3484728,CN,CN,TRANS,PAPER,4575.95
3484729,CN,CN,TRANS,PRINT,1750.92
3484730,CN,CN,TRANS,COKEO,124.72
3484731,CN,CN,TRANS,COALT,5.61
3484732,CN,CN,TRANS,MOTOR,187.21
3484733,CN,CN,TRANS,AVIAT,0.28
3484734,CN,CN,TRANS,KEROS,65.28
3484735,CN,CN,TRANS,KERO1,5.61
3484736,CN,CN,TRANS,GASDI,130.80
3484737,CN,CN,TRANS,HEAVY,28.32
3484738,CN,CN,TRANS,REFIN,0.77
3484739,CN,CN,TRANS,LIQUE,49.64
3484740,CN,CN,TRANS,REFI1,1.21
3484741,CN,CN,TRANS,NAPHT,43.91
3484742,CN,CN,TRANS,WHITE,0.44
3484743,CN,CN,TRANS,LUBRI,1.22
3484744,CN,CN,TRANS,BITU1,8.83
3484745,CN,CN,TRANS,PARAF,2.17
3484746,CN,CN,TRANS,PETRO,1.97
3484747,CN,CN,TRANS,NONSP,15.15
3484748,CN,CN,TRANS,PLAST,1419.17
3484749,CN,CN,TRANS,CHEM1,2286.28
3484750,CN,CN,TRANS,BIOGA,11.15
3484751,CN,CN,TRANS,BIODI,5.93
3484752,CN,CN,TRANS,RUBBE,853.46
3484753,CN,CN,TRANS,GLASS,938.48
3484754,CN,CN,TRANS,BASIC,9829.84
3484755,CN,CN,TRANS,FABRI,9525.41
3484756,CN,CN,TRANS,MACHI,0.04
3484757,CN,CN,TRANS,ELECT,382.76
3484758,CN,CN,TRANS,RADIO,1245.70
3484759,CN,CN,TRANS,MEDIC,329.67
3484760,CN,CN,TRANS,MOTO1,3483.46
3484761,CN,CN,TRANS,TRANS,154035.23
3484762,CN,CN,TRANS,FURNI,2083.03
3484763,CN,CN,TRANS,COKE1,0.05
3484764,CN,CN,TRANS,BLAST,0.22
3484765,CN,CN,TRANS,OXYGE,0.02
3484766,CN,CN,TRANS,GASWO,0.01
3484767,CN,CN,TRANS,BIOG1,0.08
3484768,CN,CN,TRANS,DIST1,0.23
3484769,CN,CN,TRANS,STEAM,68.77
3484770,CN,CN,TRANS,RETAI,0.08
3484771,CN,CN,TRANS,WHOLE,365.82
3484772,CN,CN,TRANS,RETA1,160.60
3484773,CN,CN,TRANS,HOTEL,2477.47
3484774,CN,CN,TRANS,SEACO,2100.22
3484775,CN,CN,TRANS,INLAN,676.03
3484776,CN,CN,TRANS,AIRTR,14122.69
3484777,CN,CN,TRANS,SUPPO,505.11
3484778,CN,CN,TRANS,FINAN,23.13
3484779,CN,CN,TRANS,INSUR,21.39
3484780,CN,CN,TRANS,AUXIL,77.49
3484781,CN,CN,TRANS,REALE,172.80
3484782,CN,CN,TRANS,COMPU,208.85
3484783,CN,CN,TRANS,RESEA,2215.34
3484784,CN,CN,TRANS,BUSIN,7545.02
3484785,CN,CN,TRANS,PUBLI,15510.98
3484786,CN,CN,TRANS,EDUCA,3291.32
3484787,CN,CN,TRANS,HEALT,826.41
3484788,CN,CN,TRANS,MEMBE,3.17
3484789,CN,CN,TRANS,RECRE,27.92
3484790,CN,CN,TRANS,93197,2839.67
3484791,CN,CN,TRANS,PRIVA,9517.16
3484792,CN,CN,FURNI,PADDY,2.91
3484793,CN,CN,FURNI,WHEAT,1.85
3484794,CN,CN,FURNI,CEREA,3.22
3484795,CN,CN,FURNI,VEGET,1056.17
3484796,CN,CN,FURNI,OILSE,10.70
3484797,CN,CN,FURNI,SUGAR,3.77
3484798,CN,CN,FURNI,PLANT,25.27
3484799,CN,CN,FURNI,CATTL,0.25
3484800,CN,CN,FURNI,PIGS9,0.73
3484801,CN,CN,FURNI,POULT,0.87
3484802,CN,CN,FURNI,ANIMA,0.01
3484803,CN,CN,FURNI,RAWMI,0.23
3484804,CN,CN,FURNI,FORES,1.78
3484805,CN,CN,FURNI,FISHF,83.22
3484806,CN,CN,FURNI,COKIN,798.59
3484807,CN,CN,FURNI,BITUM,7000.21
3484808,CN,CN,FURNI,PATEN,12.27
3484809,CN,CN,FURNI,CRUDE,3533.91
3484810,CN,CN,FURNI,NATUR,391.95
3484811,CN,CN,FURNI,NATU1,0.97
3484812,CN,CN,FURNI,COPPE,0.02
3484813,CN,CN,FURNI,PRECI,0.09
3484814,CN,CN,FURNI,STONE,0.04
3484815,CN,CN,FURNI,MEATC,17.11
3484816,CN,CN,FURNI,MEATP,107.58
3484817,CN,CN,FURNI,MEAT1,105.11
3484818,CN,CN,FURNI,MEAT4,468.27
3484819,CN,CN,FURNI,DAIRY,52.83
3484820,CN,CN,FURNI,SUGA1,2.42
3484821,CN,CN,FURNI,BEVER,2709.80
3484822,CN,CN,FURNI,TOBAC,93.27
3484823,CN,CN,FURNI,WEARI,5911.91
3484824,CN,CN,FURNI,LEATH,1351.80
3484825,CN,CN,FURNI,WOODW,582.92
3484826,CN,CN,FURNI,PULP5,130.85
3484827,CN,CN,FURNI,PRINT,27273.86
3484828,CN,CN,FURNI,COKEO,141.61
3484829,CN,CN,FURNI,COALT,6.58
3484830,CN,CN,FURNI,MOTOR,219.62
3484831,CN,CN,FURNI,AVIAT,0.32
3484832,CN,CN,FURNI,KEROS,76.58
3484833,CN,CN,FURNI,KERO1,6.58
3484834,CN,CN,FURNI,GASDI,153.45
3484835,CN,CN,FURNI,HEAVY,33.22
3484836,CN,CN,FURNI,REFIN,0.90
3484837,CN,CN,FURNI,LIQUE,58.23
3484838,CN,CN,FURNI,REFI1,1.42
3484839,CN,CN,FURNI,NAPHT,51.51
3484840,CN,CN,FURNI,WHITE,0.52
3484841,CN,CN,FURNI,LUBRI,1.43
3484842,CN,CN,FURNI,BITU1,10.36
3484843,CN,CN,FURNI,PARAF,2.55
3484844,CN,CN,FURNI,PETRO,2.31
3484845,CN,CN,FURNI,NONSP,17.78
3484846,CN,CN,FURNI,NFERT,9.57
3484847,CN,CN,FURNI,PFERT,2239.18
3484848,CN,CN,FURNI,CHEM1,17199.55
3484849,CN,CN,FURNI,BIOGA,83.91
3484850,CN,CN,FURNI,BIODI,44.64
3484851,CN,CN,FURNI,RUBBE,8650.67
3484852,CN,CN,FURNI,GLASS,7626.13
3484853,CN,CN,FURNI,CERAM,65837.97
3484854,CN,CN,FURNI,BRICK,52.68
3484855,CN,CN,FURNI,CEMEN,1012.40
3484856,CN,CN,FURNI,NONME,13177.16
3484857,CN,CN,FURNI,BASIC,5531.34
3484858,CN,CN,FURNI,PREC1,462.98
3484859,CN,CN,FURNI,ALUM1,7600.99
3484860,CN,CN,FURNI,LEAD1,462.53
3484861,CN,CN,FURNI,COPP1,1896.26
3484862,CN,CN,FURNI,NONF1,6770.30
3484863,CN,CN,FURNI,FOUND,33644.71
3484864,CN,CN,FURNI,MACHI,0.16
3484865,CN,CN,FURNI,RADIO,2595.21
3484866,CN,CN,FURNI,MEDIC,1880.25
3484867,CN,CN,FURNI,TRANS,2377.99
3484868,CN,CN,FURNI,FURNI,139766.97
3484869,CN,CN,FURNI,ELEC1,106.50
3484870,CN,CN,FURNI,ELEC2,27.13
3484871,CN,CN,FURNI,ELEC3,21.99
3484872,CN,CN,FURNI,ELEC4,141.21
3484873,CN,CN,FURNI,ELEC5,52.68
3484874,CN,CN,FURNI,ELEC6,0.12
3484875,CN,CN,FURNI,ELEC7,0.61
3484876,CN,CN,FURNI,ELEC8,24.32
3484877,CN,CN,FURNI,ELE11,0.02
3484878,CN,CN,FURNI,TRAN1,1.86
3484879,CN,CN,FURNI,DISTR,4.90
3484880,CN,CN,FURNI,COKE1,0.12
3484881,CN,CN,FURNI,BLAST,0.51
3484882,CN,CN,FURNI,OXYGE,0.05
3484883,CN,CN,FURNI,GASWO,0.01
3484884,CN,CN,FURNI,BIOG1,0.20
3484885,CN,CN,FURNI,DIST1,0.55
3484886,CN,CN,FURNI,STEAM,38.23
3484887,CN,CN,FURNI,SALEM,9.00
3484888,CN,CN,FURNI,RETAI,0.11
3484889,CN,CN,FURNI,HOTEL,320.65
3484890,CN,CN,FURNI,RAILW,183.72
3484891,CN,CN,FURNI,TRAN2,64.02
3484892,CN,CN,FURNI,SEACO,295.58
3484893,CN,CN,FURNI,INLAN,53.93
3484894,CN,CN,FURNI,AIRTR,298.92
3484895,CN,CN,FURNI,SUPPO,798.92
3484896,CN,CN,FURNI,INSUR,464.62
3484897,CN,CN,FURNI,AUXIL,361.65
3484898,CN,CN,FURNI,COMPU,999.89
3484899,CN,CN,FURNI,BUSIN,5411.16
3484900,CN,CN,FURNI,HEALT,18052.66
3484901,CN,CN,FURNI,MEMBE,741.64
3484902,CN,CN,FURNI,RECRE,2403.49
3484903,CN,CN,FURNI,93197,2890.78
3484904,CN,CN,FURNI,PRIVA,0.77
3484905,CN,CN,SECO9,PRECI,0.43
3484906,CN,CN,SECO9,STONE,0.01
3484907,CN,CN,SECO9,BRICK,0.01
3484908,CN,CN,ELEC1,PADDY,1057.67
3484909,CN,CN,ELEC1,WHEAT,79.97
3484910,CN,CN,ELEC1,CEREA,203.34
3484911,CN,CN,ELEC1,VEGET,1470.61
3484912,CN,CN,ELEC1,OILSE,108.17
3484913,CN,CN,ELEC1,SUGAR,79.77
3484914,CN,CN,ELEC1,PLANT,115.59
3484915,CN,CN,ELEC1,CROPS,52.33
3484916,CN,CN,ELEC1,CATTL,171.42
3484917,CN,CN,ELEC1,PIGS9,215.08
3484918,CN,CN,ELEC1,POULT,240.99
3484919,CN,CN,ELEC1,ANIMA,6.66
3484920,CN,CN,ELEC1,RAWMI,106.83
3484921,CN,CN,ELEC1,WOOLS,13.38
3484922,CN,CN,ELEC1,FORES,5.53
3484923,CN,CN,ELEC1,COKIN,190.33
3484924,CN,CN,ELEC1,BITUM,1668.40
3484925,CN,CN,ELEC1,PATEN,2.92
3484926,CN,CN,ELEC1,CRUDE,6330.97
3484927,CN,CN,ELEC1,NATUR,1847.15
3484928,CN,CN,ELEC1,NATU1,4.58
3484929,CN,CN,ELEC1,COPPE,0.18
3484930,CN,CN,ELEC1,NICKE,0.01
3484931,CN,CN,ELEC1,PRECI,0.34
3484932,CN,CN,ELEC1,LEADZ,0.01
3484933,CN,CN,ELEC1,STONE,0.03
3484934,CN,CN,ELEC1,MEATC,1.17
3484935,CN,CN,ELEC1,MEATP,1.72
3484936,CN,CN,ELEC1,MEAT1,25.98
3484937,CN,CN,ELEC1,MEAT4,236.28
3484938,CN,CN,ELEC1,VEGE1,0.09
3484939,CN,CN,ELEC1,DAIRY,13.46
3484940,CN,CN,ELEC1,PROCE,82.78
3484941,CN,CN,ELEC1,SUGA1,0.14
3484942,CN,CN,ELEC1,FOOD5,2564.68
3484943,CN,CN,ELEC1,BEVER,778.89
3484944,CN,CN,ELEC1,FISH5,1729.90
3484945,CN,CN,ELEC1,TOBAC,105.00
3484946,CN,CN,ELEC1,TEXTI,4893.10
3484947,CN,CN,ELEC1,WEARI,672.08
3484948,CN,CN,ELEC1,LEATH,803.14
3484949,CN,CN,ELEC1,WOODW,1084.31
3484950,CN,CN,ELEC1,PULP5,98.53
3484951,CN,CN,ELEC1,PAPER,6055.72
3484952,CN,CN,ELEC1,PRINT,1248.82
3484953,CN,CN,ELEC1,COALT,58.72
3484954,CN,CN,ELEC1,MOTOR,1968.91
3484955,CN,CN,ELEC1,AVIAT,2.91
3484956,CN,CN,ELEC1,KEROS,686.58
3484957,CN,CN,ELEC1,KERO1,58.96
3484958,CN,CN,ELEC1,GASDI,1375.69
3484959,CN,CN,ELEC1,HEAVY,297.84
3484960,CN,CN,ELEC1,REFIN,8.07
3484961,CN,CN,ELEC1,LIQUE,522.02
3484962,CN,CN,ELEC1,REFI1,12.73
3484963,CN,CN,ELEC1,NAPHT,461.81
3484964,CN,CN,ELEC1,WHITE,4.64
3484965,CN,CN,ELEC1,LUBRI,12.79
3484966,CN,CN,ELEC1,BITU1,92.89
3484967,CN,CN,ELEC1,PARAF,22.86
3484968,CN,CN,ELEC1,PETRO,20.67
3484969,CN,CN,ELEC1,NONSP,159.38
3484970,CN,CN,ELEC1,PLAST,2320.58
3484971,CN,CN,ELEC1,NFERT,17.25
3484972,CN,CN,ELEC1,PFERT,4038.65
3484973,CN,CN,ELEC1,CHEM1,12373.07
3484974,CN,CN,ELEC1,BIOGA,60.36
3484975,CN,CN,ELEC1,BIODI,32.11
3484976,CN,CN,ELEC1,RUBBE,10316.25
3484977,CN,CN,ELEC1,GLASS,5926.46
3484978,CN,CN,ELEC1,CERAM,8755.57
3484979,CN,CN,ELEC1,BRICK,131.94
3484980,CN,CN,ELEC1,CEMEN,7719.61
3484981,CN,CN,ELEC1,NONME,16283.59
3484982,CN,CN,ELEC1,BASIC,15851.20
3484983,CN,CN,ELEC1,PREC1,85.38
3484984,CN,CN,ELEC1,ALUM1,19397.57
3484985,CN,CN,ELEC1,LEAD1,160.14
3484986,CN,CN,ELEC1,COPP1,503.88
3484987,CN,CN,ELEC1,NONF1,944.04
3484988,CN,CN,ELEC1,FOUND,90.85
3484989,CN,CN,ELEC1,FABRI,33509.52
3484990,CN,CN,ELEC1,MACHI,0.05
3484991,CN,CN,ELEC1,OFFIC,5822.86
3484992,CN,CN,ELEC1,ELECT,2235.89
3484993,CN,CN,ELEC1,RADIO,937.52
3484994,CN,CN,ELEC1,MEDIC,303.29
3484995,CN,CN,ELEC1,MOTO1,6530.26
3484996,CN,CN,ELEC1,TRANS,675.84
3484997,CN,CN,ELEC1,FURNI,2434.60
3484998,CN,CN,ELEC1,TRAN1,17315.01
3484999,CN,CN,ELEC1,DISTR,49736.99
3485000,CN,CN,ELEC1,CONST,3397.34
3485001,CN,CN,ELEC1,SALEM,520.96
3485002,CN,CN,ELEC1,RETAI,14.42
3485003,CN,CN,ELEC1,WHOLE,306.32
3485004,CN,CN,ELEC1,RETA1,1247.90
3485005,CN,CN,ELEC1,HOTEL,2547.94
3485006,CN,CN,ELEC1,RAILW,279.80
3485007,CN,CN,ELEC1,LANDT,877.19
3485008,CN,CN,ELEC1,TRAN2,59.64
3485009,CN,CN,ELEC1,SEACO,261.60
3485010,CN,CN,ELEC1,INLAN,11.53
3485011,CN,CN,ELEC1,AIRTR,236.76
3485012,CN,CN,ELEC1,SUPPO,361.41
3485013,CN,CN,ELEC1,POSTT,383.32
3485014,CN,CN,ELEC1,FINAN,1136.09
3485015,CN,CN,ELEC1,INSUR,1125.28
3485016,CN,CN,ELEC1,REALE,1604.03
3485017,CN,CN,ELEC1,COMPU,1990.89
3485018,CN,CN,ELEC1,RESEA,4168.89
3485019,CN,CN,ELEC1,BUSIN,789.79
3485020,CN,CN,ELEC1,PUBLI,3737.02
3485021,CN,CN,ELEC1,EDUCA,926.41
3485022,CN,CN,ELEC1,HEALT,1622.80
3485023,CN,CN,ELEC1,MEMBE,32.49
3485024,CN,CN,ELEC1,RECRE,198.63
3485025,CN,CN,ELEC1,93197,242.77
3485026,CN,CN,ELEC1,PRIVA,162.13
3485027,CN,CN,ELEC2,PADDY,61.96
3485028,CN,CN,ELEC2,WHEAT,6.30
3485029,CN,CN,ELEC2,CEREA,16.01
3485030,CN,CN,ELEC2,VEGET,115.95
3485031,CN,CN,ELEC2,OILSE,8.52
3485032,CN,CN,ELEC2,SUGAR,6.44
3485033,CN,CN,ELEC2,PLANT,9.11
3485034,CN,CN,ELEC2,CROPS,4.14
3485035,CN,CN,ELEC2,CATTL,13.55
3485036,CN,CN,ELEC2,PIGS9,17.02
3485037,CN,CN,ELEC2,POULT,19.40
3485038,CN,CN,ELEC2,MEATA,1.69
3485039,CN,CN,ELEC2,ANIMA,0.53
3485040,CN,CN,ELEC2,RAWMI,8.53
3485041,CN,CN,ELEC2,FORES,0.44
3485042,CN,CN,ELEC2,COKIN,15.00
3485043,CN,CN,ELEC2,BITUM,131.50
3485044,CN,CN,ELEC2,PATEN,0.23
3485045,CN,CN,ELEC2,CRUDE,498.36
3485046,CN,CN,ELEC2,NATUR,145.44
3485047,CN,CN,ELEC2,NATU1,0.36
3485048,CN,CN,ELEC2,COPPE,0.01
3485049,CN,CN,ELEC2,PRECI,0.03
3485050,CN,CN,ELEC2,MEATC,0.10
3485051,CN,CN,ELEC2,MEATP,0.27
3485052,CN,CN,ELEC2,MEAT1,2.08
3485053,CN,CN,ELEC2,MEAT4,18.61
3485054,CN,CN,ELEC2,VEGE1,0.01
3485055,CN,CN,ELEC2,DAIRY,1.07
3485056,CN,CN,ELEC2,PROCE,6.55
3485057,CN,CN,ELEC2,SUGA1,0.01
3485058,CN,CN,ELEC2,FOOD5,202.09
3485059,CN,CN,ELEC2,BEVER,61.33
3485060,CN,CN,ELEC2,FISH5,136.13
3485061,CN,CN,ELEC2,TOBAC,8.26
3485062,CN,CN,ELEC2,TEXTI,385.23
3485063,CN,CN,ELEC2,WEARI,52.93
3485064,CN,CN,ELEC2,LEATH,63.20
3485065,CN,CN,ELEC2,WOODW,85.44
3485066,CN,CN,ELEC2,PULP5,7.75
3485067,CN,CN,ELEC2,PAPER,476.36
3485068,CN,CN,ELEC2,PRINT,98.29
3485069,CN,CN,ELEC2,COALT,6.43
3485070,CN,CN,ELEC2,MOTOR,215.64
3485071,CN,CN,ELEC2,AVIAT,0.32
3485072,CN,CN,ELEC2,KEROS,75.20
3485073,CN,CN,ELEC2,KERO1,6.46
3485074,CN,CN,ELEC2,GASDI,150.67
3485075,CN,CN,ELEC2,HEAVY,32.62
3485076,CN,CN,ELEC2,REFIN,0.88
3485077,CN,CN,ELEC2,LIQUE,57.17
3485078,CN,CN,ELEC2,REFI1,1.39
3485079,CN,CN,ELEC2,NAPHT,50.58
3485080,CN,CN,ELEC2,WHITE,0.51
3485081,CN,CN,ELEC2,LUBRI,1.40
3485082,CN,CN,ELEC2,BITU1,10.17
3485083,CN,CN,ELEC2,PARAF,2.50
3485084,CN,CN,ELEC2,PETRO,2.26
3485085,CN,CN,ELEC2,NONSP,17.46
3485086,CN,CN,ELEC2,PLAST,182.55
3485087,CN,CN,ELEC2,NFERT,1.36
3485088,CN,CN,ELEC2,PFERT,317.76
3485089,CN,CN,ELEC2,CHEM1,612.36
3485090,CN,CN,ELEC2,BIOGA,2.99
3485091,CN,CN,ELEC2,BIODI,1.59
3485092,CN,CN,ELEC2,RUBBE,811.63
3485093,CN,CN,ELEC2,GLASS,256.24
3485094,CN,CN,ELEC2,CERAM,417.15
3485095,CN,CN,ELEC2,BRICK,10.39
3485096,CN,CN,ELEC2,CEMEN,377.01
3485097,CN,CN,ELEC2,NONME,759.80
3485098,CN,CN,ELEC2,BASIC,923.62
3485099,CN,CN,ELEC2,PREC1,6.37
3485100,CN,CN,ELEC2,ALUM1,947.19
3485101,CN,CN,ELEC2,LEAD1,11.94
3485102,CN,CN,ELEC2,COPP1,37.48
3485103,CN,CN,ELEC2,NONF1,70.38
3485104,CN,CN,ELEC2,FOUND,7.15
3485105,CN,CN,ELEC2,FABRI,1848.83
3485106,CN,CN,ELEC2,OFFIC,878.51
3485107,CN,CN,ELEC2,ELECT,175.87
3485108,CN,CN,ELEC2,RADIO,73.73
3485109,CN,CN,ELEC2,MEDIC,23.85
3485110,CN,CN,ELEC2,MOTO1,336.42
3485111,CN,CN,ELEC2,TRANS,53.17
3485112,CN,CN,ELEC2,FURNI,191.78
3485113,CN,CN,ELEC2,TRAN1,1133.46
3485114,CN,CN,ELEC2,DISTR,5398.06
3485115,CN,CN,ELEC2,COKE1,0.29
3485116,CN,CN,ELEC2,BLAST,1.20
3485117,CN,CN,ELEC2,OXYGE,0.11
3485118,CN,CN,ELEC2,GASWO,0.03
3485119,CN,CN,ELEC2,BIOG1,0.47
3485120,CN,CN,ELEC2,DIST1,1.29
3485121,CN,CN,ELEC2,CONST,267.60
3485122,CN,CN,ELEC2,SALEM,41.05
3485123,CN,CN,ELEC2,RETAI,1.14
3485124,CN,CN,ELEC2,WHOLE,24.21
3485125,CN,CN,ELEC2,RETA1,285.97
3485126,CN,CN,ELEC2,HOTEL,200.60
3485127,CN,CN,ELEC2,RAILW,22.10
3485128,CN,CN,ELEC2,LANDT,69.50
3485129,CN,CN,ELEC2,TRAN2,4.69
3485130,CN,CN,ELEC2,SEACO,19.48
3485131,CN,CN,ELEC2,INLAN,0.86
3485132,CN,CN,ELEC2,AIRTR,17.74
3485133,CN,CN,ELEC2,SUPPO,27.02
3485134,CN,CN,ELEC2,POSTT,30.20
3485135,CN,CN,ELEC2,FINAN,89.66
3485136,CN,CN,ELEC2,INSUR,88.74
3485137,CN,CN,ELEC2,AUXIL,1.04
3485138,CN,CN,ELEC2,REALE,126.46
3485139,CN,CN,ELEC2,COMPU,148.63
3485140,CN,CN,ELEC2,RESEA,328.03
3485141,CN,CN,ELEC2,BUSIN,62.18
3485142,CN,CN,ELEC2,PUBLI,294.66
3485143,CN,CN,ELEC2,EDUCA,73.12
3485144,CN,CN,ELEC2,HEALT,127.66
3485145,CN,CN,ELEC2,MEMBE,2.56
3485146,CN,CN,ELEC2,RECRE,15.64
3485147,CN,CN,ELEC2,93197,19.10
3485148,CN,CN,ELEC2,PRIVA,12.17
3485149,CN,CN,ELEC3,PADDY,59.90
3485150,CN,CN,ELEC3,WHEAT,6.10
3485151,CN,CN,ELEC3,CEREA,15.51
3485152,CN,CN,ELEC3,VEGET,112.24
3485153,CN,CN,ELEC3,OILSE,8.25
3485154,CN,CN,ELEC3,SUGAR,6.12
3485155,CN,CN,ELEC3,PLANT,8.82
3485156,CN,CN,ELEC3,CROPS,4.00
3485157,CN,CN,ELEC3,CATTL,13.09
3485158,CN,CN,ELEC3,PIGS9,16.43
3485159,CN,CN,ELEC3,POULT,18.48
3485160,CN,CN,ELEC3,MEATA,1.63
3485161,CN,CN,ELEC3,RAWMI,8.18
3485162,CN,CN,ELEC3,WOOLS,1.02
3485163,CN,CN,ELEC3,COKIN,14.53
3485164,CN,CN,ELEC3,BITUM,127.32
3485165,CN,CN,ELEC3,PATEN,0.22
3485166,CN,CN,ELEC3,CRUDE,483.01
3485167,CN,CN,ELEC3,NATUR,140.93
3485168,CN,CN,ELEC3,NATU1,0.35
3485169,CN,CN,ELEC3,COPPE,0.01
3485170,CN,CN,ELEC3,PRECI,0.03
3485171,CN,CN,ELEC3,MEATC,0.09
3485172,CN,CN,ELEC3,MEATP,0.16
3485173,CN,CN,ELEC3,MEAT1,1.99
3485174,CN,CN,ELEC3,MEAT4,18.03
3485175,CN,CN,ELEC3,VEGE1,0.01
3485176,CN,CN,ELEC3,DAIRY,1.03
3485177,CN,CN,ELEC3,PROCE,6.32
3485178,CN,CN,ELEC3,SUGA1,0.01
3485179,CN,CN,ELEC3,FOOD5,195.71
3485180,CN,CN,ELEC3,BEVER,59.43
3485181,CN,CN,ELEC3,FISH5,131.97
3485182,CN,CN,ELEC3,TOBAC,8.01
3485183,CN,CN,ELEC3,TEXTI,373.32
3485184,CN,CN,ELEC3,WEARI,51.28
3485185,CN,CN,ELEC3,LEATH,61.27
3485186,CN,CN,ELEC3,WOODW,82.74
3485187,CN,CN,ELEC3,PAPER,461.94
3485188,CN,CN,ELEC3,PRINT,95.27
3485189,CN,CN,ELEC3,COALT,6.24
3485190,CN,CN,ELEC3,MOTOR,209.16
3485191,CN,CN,ELEC3,AVIAT,0.31
3485192,CN,CN,ELEC3,KEROS,72.94
3485193,CN,CN,ELEC3,KERO1,6.26
3485194,CN,CN,ELEC3,GASDI,146.14
3485195,CN,CN,ELEC3,HEAVY,31.64
3485196,CN,CN,ELEC3,REFIN,0.86
3485197,CN,CN,ELEC3,LIQUE,55.46
3485198,CN,CN,ELEC3,REFI1,1.35
3485199,CN,CN,ELEC3,NAPHT,49.06
3485200,CN,CN,ELEC3,WHITE,0.49
3485201,CN,CN,ELEC3,LUBRI,1.36
3485202,CN,CN,ELEC3,BITU1,9.87
3485203,CN,CN,ELEC3,PARAF,2.43
3485204,CN,CN,ELEC3,PETRO,2.20
3485205,CN,CN,ELEC3,NONSP,16.93
3485206,CN,CN,ELEC3,PLAST,177.02
3485207,CN,CN,ELEC3,NFERT,95.74
3485208,CN,CN,ELEC3,PFERT,308.09
3485209,CN,CN,ELEC3,CHEM1,593.78
3485210,CN,CN,ELEC3,BIOGA,2.90
3485211,CN,CN,ELEC3,BIODI,1.54
3485212,CN,CN,ELEC3,RUBBE,786.96
3485213,CN,CN,ELEC3,GLASS,248.20
3485214,CN,CN,ELEC3,CERAM,404.26
3485215,CN,CN,ELEC3,BRICK,10.07
3485216,CN,CN,ELEC3,CEMEN,365.08
3485217,CN,CN,ELEC3,NONME,736.41
3485218,CN,CN,ELEC3,BASIC,894.38
3485219,CN,CN,ELEC3,PREC1,6.51
3485220,CN,CN,ELEC3,ALUM1,970.50
3485221,CN,CN,ELEC3,LEAD1,12.22
3485222,CN,CN,ELEC3,COPP1,38.44
3485223,CN,CN,ELEC3,NONF1,72.03
3485224,CN,CN,ELEC3,FOUND,6.93
3485225,CN,CN,ELEC3,FABRI,1791.81
3485226,CN,CN,ELEC3,OFFIC,852.05
3485227,CN,CN,ELEC3,ELECT,170.55
3485228,CN,CN,ELEC3,RADIO,71.51
3485229,CN,CN,ELEC3,MEDIC,23.13
3485230,CN,CN,ELEC3,MOTO1,326.21
3485231,CN,CN,ELEC3,TRANS,51.56
3485232,CN,CN,ELEC3,FURNI,185.77
3485233,CN,CN,ELEC3,TRAN1,1018.28
3485234,CN,CN,ELEC3,DISTR,2677.44
3485235,CN,CN,ELEC3,CONST,164.81
3485236,CN,CN,ELEC3,SALEM,39.75
3485237,CN,CN,ELEC3,RETAI,1.10
3485238,CN,CN,ELEC3,WHOLE,23.39
3485239,CN,CN,ELEC3,RETA1,276.83
3485240,CN,CN,ELEC3,HOTEL,194.40
3485241,CN,CN,ELEC3,RAILW,21.36
3485242,CN,CN,ELEC3,LANDT,67.02
3485243,CN,CN,ELEC3,TRAN2,4.55
3485244,CN,CN,ELEC3,SEACO,19.96
3485245,CN,CN,ELEC3,INLAN,0.88
3485246,CN,CN,ELEC3,AIRTR,18.07
3485247,CN,CN,ELEC3,SUPPO,27.58
3485248,CN,CN,ELEC3,POSTT,29.25
3485249,CN,CN,ELEC3,FINAN,86.73
3485250,CN,CN,ELEC3,INSUR,85.88
3485251,CN,CN,ELEC3,AUXIL,1.01
3485252,CN,CN,ELEC3,REALE,122.42
3485253,CN,CN,ELEC3,COMPU,151.92
3485254,CN,CN,ELEC3,RESEA,318.03
3485255,CN,CN,ELEC3,BUSIN,60.26
3485256,CN,CN,ELEC3,PUBLI,285.21
3485257,CN,CN,ELEC3,EDUCA,70.72
3485258,CN,CN,ELEC3,HEALT,123.79
3485259,CN,CN,ELEC3,MEMBE,2.48
3485260,CN,CN,ELEC3,RECRE,15.15
3485261,CN,CN,ELEC3,93197,18.52
3485262,CN,CN,ELEC3,PRIVA,12.38
3485263,CN,CN,ELEC4,PADDY,216.61
3485264,CN,CN,ELEC4,WHEAT,22.07
3485265,CN,CN,ELEC4,CEREA,56.12
3485266,CN,CN,ELEC4,VEGET,405.97
3485267,CN,CN,ELEC4,OILSE,29.86
3485268,CN,CN,ELEC4,SUGAR,22.08
3485269,CN,CN,ELEC4,PLANT,31.91
3485270,CN,CN,ELEC4,CATTL,47.33
3485271,CN,CN,ELEC4,PIGS9,59.40
3485272,CN,CN,ELEC4,POULT,66.67
3485273,CN,CN,ELEC4,MEATA,5.88
3485274,CN,CN,ELEC4,ANIMA,1.84
3485275,CN,CN,ELEC4,RAWMI,29.53
3485276,CN,CN,ELEC4,WOOLS,3.70
3485277,CN,CN,ELEC4,FORES,1.53
3485278,CN,CN,ELEC4,COKIN,52.54
3485279,CN,CN,ELEC4,BITUM,460.56
3485280,CN,CN,ELEC4,PATEN,0.81
3485281,CN,CN,ELEC4,CRUDE,1747.43
3485282,CN,CN,ELEC4,NATUR,509.85
3485283,CN,CN,ELEC4,NATU1,1.26
3485284,CN,CN,ELEC4,COPPE,0.05
3485285,CN,CN,ELEC4,PRECI,0.09
3485286,CN,CN,ELEC4,STONE,0.01
3485287,CN,CN,ELEC4,MEATC,0.33
3485288,CN,CN,ELEC4,MEATP,0.52
3485289,CN,CN,ELEC4,MEAT1,7.18
3485290,CN,CN,ELEC4,MEAT4,65.22
3485291,CN,CN,ELEC4,VEGE1,0.03
3485292,CN,CN,ELEC4,DAIRY,3.72
3485293,CN,CN,ELEC4,PROCE,22.86
3485294,CN,CN,ELEC4,SUGA1,0.04
3485295,CN,CN,ELEC4,FOOD5,707.96
3485296,CN,CN,ELEC4,BEVER,214.99
3485297,CN,CN,ELEC4,FISH5,477.46
3485298,CN,CN,ELEC4,TOBAC,28.98
3485299,CN,CN,ELEC4,TEXTI,1350.58
3485300,CN,CN,ELEC4,WEARI,185.51
3485301,CN,CN,ELEC4,LEATH,221.67
3485302,CN,CN,ELEC4,WOODW,299.31
3485303,CN,CN,ELEC4,PULP5,27.19
3485304,CN,CN,ELEC4,PAPER,1671.34
3485305,CN,CN,ELEC4,PRINT,344.69
3485306,CN,CN,ELEC4,COALT,15.44
3485307,CN,CN,ELEC4,MOTOR,517.59
3485308,CN,CN,ELEC4,AVIAT,0.76
3485309,CN,CN,ELEC4,KEROS,180.49
3485310,CN,CN,ELEC4,KERO1,15.50
3485311,CN,CN,ELEC4,GASDI,361.65
3485312,CN,CN,ELEC4,HEAVY,78.30
3485313,CN,CN,ELEC4,REFIN,2.12
3485314,CN,CN,ELEC4,LIQUE,137.23
3485315,CN,CN,ELEC4,REFI1,3.35
3485316,CN,CN,ELEC4,NAPHT,121.40
3485317,CN,CN,ELEC4,WHITE,1.22
3485318,CN,CN,ELEC4,LUBRI,3.36
3485319,CN,CN,ELEC4,BITU1,24.42
3485320,CN,CN,ELEC4,PARAF,6.01
3485321,CN,CN,ELEC4,PETRO,5.43
3485322,CN,CN,ELEC4,NONSP,41.90
3485323,CN,CN,ELEC4,PLAST,640.46
3485324,CN,CN,ELEC4,NFERT,4.76
3485325,CN,CN,ELEC4,PFERT,1114.66
3485326,CN,CN,ELEC4,CHEM1,2148.33
3485327,CN,CN,ELEC4,BIOGA,10.48
3485328,CN,CN,ELEC4,BIODI,5.58
3485329,CN,CN,ELEC4,RUBBE,2847.26
3485330,CN,CN,ELEC4,GLASS,897.87
3485331,CN,CN,ELEC4,CERAM,1462.50
3485332,CN,CN,ELEC4,CEMEN,1320.60
3485333,CN,CN,ELEC4,NONME,2664.21
3485334,CN,CN,ELEC4,BASIC,3235.24
3485335,CN,CN,ELEC4,PREC1,23.51
3485336,CN,CN,ELEC4,ALUM1,3501.37
3485337,CN,CN,ELEC4,LEAD1,44.08
3485338,CN,CN,ELEC4,COPP1,138.69
3485339,CN,CN,ELEC4,NONF1,259.88
3485340,CN,CN,ELEC4,FOUND,25.08
3485341,CN,CN,ELEC4,FABRI,8503.52
3485342,CN,CN,ELEC4,MACHI,0.01
3485343,CN,CN,ELEC4,OFFIC,1492.62
3485344,CN,CN,ELEC4,ELECT,617.09
3485345,CN,CN,ELEC4,RADIO,258.74
3485346,CN,CN,ELEC4,MEDIC,83.70
3485347,CN,CN,ELEC4,MOTO1,1180.23
3485348,CN,CN,ELEC4,TRANS,186.53
3485349,CN,CN,ELEC4,FURNI,672.03
3485350,CN,CN,ELEC4,TRAN1,3639.71
3485351,CN,CN,ELEC4,DISTR,12743.47
3485352,CN,CN,ELEC4,CONST,937.77
3485353,CN,CN,ELEC4,SALEM,143.80
3485354,CN,CN,ELEC4,RETAI,3.98
3485355,CN,CN,ELEC4,WHOLE,84.58
3485356,CN,CN,ELEC4,RETA1,1001.33
3485357,CN,CN,ELEC4,HOTEL,703.28
3485358,CN,CN,ELEC4,RAILW,77.26
3485359,CN,CN,ELEC4,LANDT,242.27
3485360,CN,CN,ELEC4,TRAN2,16.46
3485361,CN,CN,ELEC4,SEACO,72.01
3485362,CN,CN,ELEC4,INLAN,3.17
3485363,CN,CN,ELEC4,AIRTR,65.20
3485364,CN,CN,ELEC4,SUPPO,99.51
3485365,CN,CN,ELEC4,POSTT,105.81
3485366,CN,CN,ELEC4,FINAN,313.66
3485367,CN,CN,ELEC4,INSUR,310.65
3485368,CN,CN,ELEC4,AUXIL,3.66
3485369,CN,CN,ELEC4,REALE,442.80
3485370,CN,CN,ELEC4,COMPU,548.12
3485371,CN,CN,ELEC4,RESEA,1150.62
3485372,CN,CN,ELEC4,BUSIN,218.00
3485373,CN,CN,ELEC4,PUBLI,1031.64
3485374,CN,CN,ELEC4,EDUCA,255.77
3485375,CN,CN,ELEC4,HEALT,447.89
3485376,CN,CN,ELEC4,MEMBE,8.97
3485377,CN,CN,ELEC4,RECRE,54.83
3485378,CN,CN,ELEC4,93197,67.01
3485379,CN,CN,ELEC4,PRIVA,44.66
3485380,CN,CN,ELEC5,PADDY,76.60
3485381,CN,CN,ELEC5,WHEAT,7.81
3485382,CN,CN,ELEC5,CEREA,19.86
3485383,CN,CN,ELEC5,VEGET,143.60
3485384,CN,CN,ELEC5,OILSE,10.56
3485385,CN,CN,ELEC5,SUGAR,7.78
3485386,CN,CN,ELEC5,PLANT,11.29
3485387,CN,CN,ELEC5,CROPS,5.11
3485388,CN,CN,ELEC5,CATTL,16.74
3485389,CN,CN,ELEC5,PIGS9,21.00
3485390,CN,CN,ELEC5,POULT,23.51
3485391,CN,CN,ELEC5,MEATA,2.08
3485392,CN,CN,ELEC5,ANIMA,0.65
3485393,CN,CN,ELEC5,RAWMI,10.43
3485394,CN,CN,ELEC5,WOOLS,1.31
3485395,CN,CN,ELEC5,FORES,0.54
3485396,CN,CN,ELEC5,COKIN,18.59
3485397,CN,CN,ELEC5,BITUM,162.92
3485398,CN,CN,ELEC5,PATEN,0.29
3485399,CN,CN,ELEC5,CRUDE,618.25
3485400,CN,CN,ELEC5,NATUR,180.38
3485401,CN,CN,ELEC5,NATU1,0.45
3485402,CN,CN,ELEC5,COPPE,0.02
3485403,CN,CN,ELEC5,PRECI,0.03
3485404,CN,CN,ELEC5,MEATC,0.11
3485405,CN,CN,ELEC5,MEATP,0.16
3485406,CN,CN,ELEC5,MEAT1,2.54
3485407,CN,CN,ELEC5,MEAT4,23.07
3485408,CN,CN,ELEC5,VEGE1,0.01
3485409,CN,CN,ELEC5,DAIRY,1.31
3485410,CN,CN,ELEC5,PROCE,8.08
3485411,CN,CN,ELEC5,SUGA1,0.01
3485412,CN,CN,ELEC5,FOOD5,250.44
3485413,CN,CN,ELEC5,BEVER,76.06
3485414,CN,CN,ELEC5,FISH5,168.94
3485415,CN,CN,ELEC5,TOBAC,10.25
3485416,CN,CN,ELEC5,TEXTI,477.83
3485417,CN,CN,ELEC5,WEARI,65.63
3485418,CN,CN,ELEC5,LEATH,78.43
3485419,CN,CN,ELEC5,WOODW,105.88
3485420,CN,CN,ELEC5,PULP5,9.62
3485421,CN,CN,ELEC5,PAPER,591.39
3485422,CN,CN,ELEC5,PRINT,121.95
3485423,CN,CN,ELEC5,COALT,7.99
3485424,CN,CN,ELEC5,MOTOR,267.79
3485425,CN,CN,ELEC5,AVIAT,0.40
3485426,CN,CN,ELEC5,KEROS,93.38
3485427,CN,CN,ELEC5,KERO1,8.02
3485428,CN,CN,ELEC5,GASDI,187.11
3485429,CN,CN,ELEC5,HEAVY,40.51
3485430,CN,CN,ELEC5,REFIN,1.10
3485431,CN,CN,ELEC5,LIQUE,71.00
3485432,CN,CN,ELEC5,REFI1,1.73
3485433,CN,CN,ELEC5,NAPHT,62.81
3485434,CN,CN,ELEC5,WHITE,0.63
3485435,CN,CN,ELEC5,LUBRI,1.74
3485436,CN,CN,ELEC5,BITU1,12.63
3485437,CN,CN,ELEC5,PARAF,3.11
3485438,CN,CN,ELEC5,PETRO,2.81
3485439,CN,CN,ELEC5,NONSP,21.68
3485440,CN,CN,ELEC5,PLAST,226.62
3485441,CN,CN,ELEC5,NFERT,1.68
3485442,CN,CN,ELEC5,PFERT,394.40
3485443,CN,CN,ELEC5,CHEM1,760.16
3485444,CN,CN,ELEC5,BIOGA,3.71
3485445,CN,CN,ELEC5,BIODI,1.97
3485446,CN,CN,ELEC5,RUBBE,1007.46
3485447,CN,CN,ELEC5,GLASS,317.64
3485448,CN,CN,ELEC5,CERAM,517.44
3485449,CN,CN,ELEC5,BRICK,12.88
3485450,CN,CN,ELEC5,CEMEN,467.17
3485451,CN,CN,ELEC5,NONME,942.62
3485452,CN,CN,ELEC5,BASIC,1144.47
3485453,CN,CN,ELEC5,PREC1,8.34
3485454,CN,CN,ELEC5,ALUM1,1242.16
3485455,CN,CN,ELEC5,LEAD1,15.64
3485456,CN,CN,ELEC5,COPP1,49.21
3485457,CN,CN,ELEC5,NONF1,92.19
3485458,CN,CN,ELEC5,FOUND,8.87
3485459,CN,CN,ELEC5,FABRI,2293.48
3485460,CN,CN,ELEC5,OFFIC,1090.88
3485461,CN,CN,ELEC5,ELECT,218.35
3485462,CN,CN,ELEC5,RADIO,91.56
3485463,CN,CN,ELEC5,MEDIC,29.62
3485464,CN,CN,ELEC5,MOTO1,417.61
3485465,CN,CN,ELEC5,TRANS,66.00
3485466,CN,CN,ELEC5,FURNI,237.75
3485467,CN,CN,ELEC5,TRAN1,1269.37
3485468,CN,CN,ELEC5,DISTR,3337.58
3485469,CN,CN,ELEC5,CONST,331.76
3485470,CN,CN,ELEC5,SALEM,50.87
3485471,CN,CN,ELEC5,RETAI,1.41
3485472,CN,CN,ELEC5,WHOLE,29.91
3485473,CN,CN,ELEC5,RETA1,354.20
3485474,CN,CN,ELEC5,HOTEL,248.82
3485475,CN,CN,ELEC5,RAILW,27.32
3485476,CN,CN,ELEC5,LANDT,85.64
3485477,CN,CN,ELEC5,TRAN2,5.82
3485478,CN,CN,ELEC5,SEACO,25.55
3485479,CN,CN,ELEC5,INLAN,1.13
3485480,CN,CN,ELEC5,AIRTR,23.12
3485481,CN,CN,ELEC5,SUPPO,35.29
3485482,CN,CN,ELEC5,POSTT,37.43
3485483,CN,CN,ELEC5,FINAN,110.93
3485484,CN,CN,ELEC5,INSUR,109.88
3485485,CN,CN,ELEC5,AUXIL,1.29
3485486,CN,CN,ELEC5,REALE,156.63
3485487,CN,CN,ELEC5,COMPU,194.41
3485488,CN,CN,ELEC5,RESEA,407.12
3485489,CN,CN,ELEC5,BUSIN,77.13
3485490,CN,CN,ELEC5,PUBLI,364.92
3485491,CN,CN,ELEC5,EDUCA,90.46
3485492,CN,CN,ELEC5,HEALT,158.48
3485493,CN,CN,ELEC5,MEMBE,3.17
3485494,CN,CN,ELEC5,RECRE,19.40
3485495,CN,CN,ELEC5,93197,23.71
3485496,CN,CN,ELEC5,PRIVA,15.83
3485497,CN,CN,ELEC6,PADDY,1.84
3485498,CN,CN,ELEC6,WHEAT,0.19
3485499,CN,CN,ELEC6,CEREA,0.47
3485500,CN,CN,ELEC6,VEGET,3.43
3485501,CN,CN,ELEC6,OILSE,0.25
3485502,CN,CN,ELEC6,SUGAR,0.19
3485503,CN,CN,ELEC6,PLANT,0.27
3485504,CN,CN,ELEC6,CROPS,0.12
3485505,CN,CN,ELEC6,CATTL,0.40
3485506,CN,CN,ELEC6,PIGS9,0.51
3485507,CN,CN,ELEC6,POULT,0.58
3485508,CN,CN,ELEC6,MEATA,0.05
3485509,CN,CN,ELEC6,ANIMA,0.02
3485510,CN,CN,ELEC6,RAWMI,0.25
3485511,CN,CN,ELEC6,WOOLS,0.03
3485512,CN,CN,ELEC6,FORES,0.01
3485513,CN,CN,ELEC6,COKIN,0.44
3485514,CN,CN,ELEC6,BITUM,3.89
3485515,CN,CN,ELEC6,PATEN,0.01
3485516,CN,CN,ELEC6,CRUDE,14.74
3485517,CN,CN,ELEC6,NATUR,4.30
3485518,CN,CN,ELEC6,NATU1,0.01
3485519,CN,CN,ELEC6,MEATP,0.01
3485520,CN,CN,ELEC6,MEAT1,0.06
3485521,CN,CN,ELEC6,MEAT4,0.55
3485522,CN,CN,ELEC6,DAIRY,0.03
3485523,CN,CN,ELEC6,PROCE,0.19
3485524,CN,CN,ELEC6,SUGA1,46.11
3485525,CN,CN,ELEC6,FOOD5,5.98
3485526,CN,CN,ELEC6,BEVER,1.81
3485527,CN,CN,ELEC6,FISH5,4.03
3485528,CN,CN,ELEC6,TOBAC,0.24
3485529,CN,CN,ELEC6,TEXTI,11.40
3485530,CN,CN,ELEC6,WEARI,1.57
3485531,CN,CN,ELEC6,LEATH,1.87
3485532,CN,CN,ELEC6,WOODW,2.53
3485533,CN,CN,ELEC6,PULP5,0.23
3485534,CN,CN,ELEC6,PAPER,14.09
3485535,CN,CN,ELEC6,PRINT,2.91
3485536,CN,CN,ELEC6,COALT,0.19
3485537,CN,CN,ELEC6,MOTOR,6.38
3485538,CN,CN,ELEC6,AVIAT,0.01
3485539,CN,CN,ELEC6,KEROS,2.22
3485540,CN,CN,ELEC6,KERO1,0.19
3485541,CN,CN,ELEC6,GASDI,4.46
3485542,CN,CN,ELEC6,HEAVY,0.96
3485543,CN,CN,ELEC6,REFIN,0.03
3485544,CN,CN,ELEC6,LIQUE,1.69
3485545,CN,CN,ELEC6,REFI1,0.04
3485546,CN,CN,ELEC6,NAPHT,1.50
3485547,CN,CN,ELEC6,WHITE,0.02
3485548,CN,CN,ELEC6,LUBRI,0.04
3485549,CN,CN,ELEC6,BITU1,0.30
3485550,CN,CN,ELEC6,PARAF,0.07
3485551,CN,CN,ELEC6,PETRO,0.07
3485552,CN,CN,ELEC6,NONSP,0.52
3485553,CN,CN,ELEC6,PLAST,5.40
3485554,CN,CN,ELEC6,NFERT,0.04
3485555,CN,CN,ELEC6,PFERT,9.40
3485556,CN,CN,ELEC6,CHEM1,18.11
3485557,CN,CN,ELEC6,BIOGA,0.09
3485558,CN,CN,ELEC6,BIODI,0.05
3485559,CN,CN,ELEC6,RUBBE,24.00
3485560,CN,CN,ELEC6,GLASS,7.58
3485561,CN,CN,ELEC6,CERAM,12.34
3485562,CN,CN,ELEC6,BRICK,0.31
3485563,CN,CN,ELEC6,CEMEN,11.16
3485564,CN,CN,ELEC6,NONME,22.48
3485565,CN,CN,ELEC6,BASIC,27.34
3485566,CN,CN,ELEC6,PREC1,0.20
3485567,CN,CN,ELEC6,ALUM1,29.45
3485568,CN,CN,ELEC6,LEAD1,0.37
3485569,CN,CN,ELEC6,COPP1,1.17
3485570,CN,CN,ELEC6,NONF1,2.19
3485571,CN,CN,ELEC6,FOUND,0.21
3485572,CN,CN,ELEC6,FABRI,54.70
3485573,CN,CN,ELEC6,OFFIC,25.98
3485574,CN,CN,ELEC6,ELECT,5.20
3485575,CN,CN,ELEC6,RADIO,2.18
3485576,CN,CN,ELEC6,MEDIC,0.71
3485577,CN,CN,ELEC6,MOTO1,9.95
3485578,CN,CN,ELEC6,TRANS,1.57
3485579,CN,CN,ELEC6,FURNI,5.68
3485580,CN,CN,ELEC6,TRAN1,35.34
3485581,CN,CN,ELEC6,DISTR,92.94
3485582,CN,CN,ELEC6,COKE1,0.01
3485583,CN,CN,ELEC6,BLAST,0.04
3485584,CN,CN,ELEC6,BIOG1,0.01
3485585,CN,CN,ELEC6,DIST1,0.04
3485586,CN,CN,ELEC6,CONST,7.92
3485587,CN,CN,ELEC6,SALEM,1.21
3485588,CN,CN,ELEC6,RETAI,0.03
3485589,CN,CN,ELEC6,WHOLE,0.72
3485590,CN,CN,ELEC6,RETA1,8.47
3485591,CN,CN,ELEC6,HOTEL,5.94
3485592,CN,CN,ELEC6,RAILW,0.66
3485593,CN,CN,ELEC6,LANDT,2.06
3485594,CN,CN,ELEC6,TRAN2,0.14
3485595,CN,CN,ELEC6,SEACO,0.61
3485596,CN,CN,ELEC6,INLAN,0.03
3485597,CN,CN,ELEC6,AIRTR,0.55
3485598,CN,CN,ELEC6,SUPPO,0.84
3485599,CN,CN,ELEC6,POSTT,0.89
3485600,CN,CN,ELEC6,FINAN,2.66
3485601,CN,CN,ELEC6,INSUR,2.63
3485602,CN,CN,ELEC6,AUXIL,0.03
3485603,CN,CN,ELEC6,REALE,3.74
3485604,CN,CN,ELEC6,COMPU,4.62
3485605,CN,CN,ELEC6,RESEA,9.70
3485606,CN,CN,ELEC6,BUSIN,1.84
3485607,CN,CN,ELEC6,PUBLI,8.73
3485608,CN,CN,ELEC6,EDUCA,2.17
3485609,CN,CN,ELEC6,HEALT,3.78
3485610,CN,CN,ELEC6,MEMBE,0.08
3485611,CN,CN,ELEC6,RECRE,0.46
3485612,CN,CN,ELEC6,93197,0.57
3485613,CN,CN,ELEC6,PRIVA,0.38
3485614,CN,CN,ELEC7,PADDY,0.68
3485615,CN,CN,ELEC7,WHEAT,0.07
3485616,CN,CN,ELEC7,CEREA,0.18
3485617,CN,CN,ELEC7,VEGET,1.28
3485618,CN,CN,ELEC7,OILSE,0.09
3485619,CN,CN,ELEC7,SUGAR,0.07
3485620,CN,CN,ELEC7,PLANT,0.10
3485621,CN,CN,ELEC7,CROPS,0.05
3485622,CN,CN,ELEC7,CATTL,0.15
3485623,CN,CN,ELEC7,PIGS9,0.19
3485624,CN,CN,ELEC7,POULT,0.21
3485625,CN,CN,ELEC7,MEATA,0.02
3485626,CN,CN,ELEC7,ANIMA,0.01
3485627,CN,CN,ELEC7,RAWMI,0.09
3485628,CN,CN,ELEC7,WOOLS,0.01
3485629,CN,CN,ELEC7,COKIN,0.17
3485630,CN,CN,ELEC7,BITUM,1.45
3485631,CN,CN,ELEC7,CRUDE,5.49
3485632,CN,CN,ELEC7,NATUR,1.60
3485633,CN,CN,ELEC7,MEAT1,0.02
3485634,CN,CN,ELEC7,MEAT4,0.20
3485635,CN,CN,ELEC7,DAIRY,0.01
3485636,CN,CN,ELEC7,PROCE,0.07
3485637,CN,CN,ELEC7,FOOD5,2.22
3485638,CN,CN,ELEC7,BEVER,0.68
3485639,CN,CN,ELEC7,FISH5,1.50
3485640,CN,CN,ELEC7,TOBAC,0.09
3485641,CN,CN,ELEC7,TEXTI,4.24
3485642,CN,CN,ELEC7,WEARI,0.58
3485643,CN,CN,ELEC7,LEATH,0.70
3485644,CN,CN,ELEC7,WOODW,0.94
3485645,CN,CN,ELEC7,PULP5,0.09
3485646,CN,CN,ELEC7,PAPER,5.25
3485647,CN,CN,ELEC7,PRINT,1.08
3485648,CN,CN,ELEC7,COALT,0.07
3485649,CN,CN,ELEC7,MOTOR,2.38
3485650,CN,CN,ELEC7,KEROS,0.83
3485651,CN,CN,ELEC7,KERO1,0.07
3485652,CN,CN,ELEC7,GASDI,1.66
3485653,CN,CN,ELEC7,HEAVY,0.36
3485654,CN,CN,ELEC7,REFIN,0.01
3485655,CN,CN,ELEC7,LIQUE,0.63
3485656,CN,CN,ELEC7,REFI1,0.02
3485657,CN,CN,ELEC7,NAPHT,0.56
3485658,CN,CN,ELEC7,WHITE,0.01
3485659,CN,CN,ELEC7,LUBRI,0.02
3485660,CN,CN,ELEC7,BITU1,0.11
3485661,CN,CN,ELEC7,PARAF,0.03
3485662,CN,CN,ELEC7,PETRO,0.02
3485663,CN,CN,ELEC7,NONSP,0.19
3485664,CN,CN,ELEC7,PLAST,2.01
3485665,CN,CN,ELEC7,NFERT,0.01
3485666,CN,CN,ELEC7,PFERT,3.50
3485667,CN,CN,ELEC7,CHEM1,6.75
3485668,CN,CN,ELEC7,BIOGA,0.03
3485669,CN,CN,ELEC7,BIODI,0.02
3485670,CN,CN,ELEC7,RUBBE,8.95
3485671,CN,CN,ELEC7,GLASS,2.82
3485672,CN,CN,ELEC7,CERAM,4.60
3485673,CN,CN,ELEC7,BRICK,0.11
3485674,CN,CN,ELEC7,CEMEN,4.15
3485675,CN,CN,ELEC7,NONME,8.37
3485676,CN,CN,ELEC7,BASIC,10.17
3485677,CN,CN,ELEC7,PREC1,0.07
3485678,CN,CN,ELEC7,ALUM1,10.92
3485679,CN,CN,ELEC7,LEAD1,0.14
3485680,CN,CN,ELEC7,COPP1,0.43
3485681,CN,CN,ELEC7,NONF1,0.81
3485682,CN,CN,ELEC7,FOUND,0.08
3485683,CN,CN,ELEC7,FABRI,20.37
3485684,CN,CN,ELEC7,OFFIC,9.69
3485685,CN,CN,ELEC7,ELECT,1.94
3485686,CN,CN,ELEC7,RADIO,0.81
3485687,CN,CN,ELEC7,MEDIC,0.26
3485688,CN,CN,ELEC7,MOTO1,3.71
3485689,CN,CN,ELEC7,TRANS,0.59
3485690,CN,CN,ELEC7,FURNI,2.11
3485691,CN,CN,ELEC7,TRAN1,11.57
3485692,CN,CN,ELEC7,DISTR,30.42
3485693,CN,CN,ELEC7,BLAST,0.01
3485694,CN,CN,ELEC7,BIOG1,0.01
3485695,CN,CN,ELEC7,DIST1,0.01
3485696,CN,CN,ELEC7,CONST,2.95
3485697,CN,CN,ELEC7,SALEM,0.45
3485698,CN,CN,ELEC7,RETAI,0.01
3485699,CN,CN,ELEC7,WHOLE,0.27
3485700,CN,CN,ELEC7,RETA1,3.15
3485701,CN,CN,ELEC7,HOTEL,2.21
3485702,CN,CN,ELEC7,RAILW,0.24
3485703,CN,CN,ELEC7,LANDT,0.76
3485704,CN,CN,ELEC7,TRAN2,0.05
3485705,CN,CN,ELEC7,SEACO,0.22
3485706,CN,CN,ELEC7,INLAN,0.01
3485707,CN,CN,ELEC7,AIRTR,0.20
3485708,CN,CN,ELEC7,SUPPO,0.31
3485709,CN,CN,ELEC7,POSTT,0.33
3485710,CN,CN,ELEC7,FINAN,0.99
3485711,CN,CN,ELEC7,INSUR,0.98
3485712,CN,CN,ELEC7,AUXIL,0.01
3485713,CN,CN,ELEC7,REALE,1.39
3485714,CN,CN,ELEC7,COMPU,1.71
3485715,CN,CN,ELEC7,RESEA,3.62
3485716,CN,CN,ELEC7,BUSIN,0.69
3485717,CN,CN,ELEC7,PUBLI,3.24
3485718,CN,CN,ELEC7,EDUCA,0.80
3485719,CN,CN,ELEC7,HEALT,1.41
3485720,CN,CN,ELEC7,MEMBE,0.03
3485721,CN,CN,ELEC7,RECRE,0.17
3485722,CN,CN,ELEC7,93197,0.21
3485723,CN,CN,ELEC7,PRIVA,0.14
3485724,CN,CN,ELEC8,PADDY,42.77
3485725,CN,CN,ELEC8,WHEAT,4.36
3485726,CN,CN,ELEC8,CEREA,11.08
3485727,CN,CN,ELEC8,VEGET,80.17
3485728,CN,CN,ELEC8,OILSE,5.90
3485729,CN,CN,ELEC8,SUGAR,4.35
3485730,CN,CN,ELEC8,PLANT,6.30
3485731,CN,CN,ELEC8,CROPS,31.06
3485732,CN,CN,ELEC8,CATTL,9.34
3485733,CN,CN,ELEC8,PIGS9,11.72
3485734,CN,CN,ELEC8,POULT,13.13
3485735,CN,CN,ELEC8,MEATA,1.16
3485736,CN,CN,ELEC8,ANIMA,0.36
3485737,CN,CN,ELEC8,RAWMI,5.82
3485738,CN,CN,ELEC8,WOOLS,0.73
3485739,CN,CN,ELEC8,FORES,0.30
3485740,CN,CN,ELEC8,COKIN,10.38
3485741,CN,CN,ELEC8,BITUM,90.95
3485742,CN,CN,ELEC8,PATEN,0.16
3485743,CN,CN,ELEC8,CRUDE,345.12
3485744,CN,CN,ELEC8,NATUR,100.69
3485745,CN,CN,ELEC8,NATU1,0.25
3485746,CN,CN,ELEC8,COPPE,0.01
3485747,CN,CN,ELEC8,PRECI,0.02
3485748,CN,CN,ELEC8,MEATC,0.06
3485749,CN,CN,ELEC8,MEATP,0.09
3485750,CN,CN,ELEC8,MEAT1,1.42
3485751,CN,CN,ELEC8,MEAT4,12.88
3485752,CN,CN,ELEC8,VEGE1,0.01
3485753,CN,CN,ELEC8,DAIRY,0.73
3485754,CN,CN,ELEC8,PROCE,4.51
3485755,CN,CN,ELEC8,SUGA1,0.01
3485756,CN,CN,ELEC8,FOOD5,139.81
3485757,CN,CN,ELEC8,BEVER,42.46
3485758,CN,CN,ELEC8,FISH5,94.30
3485759,CN,CN,ELEC8,TOBAC,5.72
3485760,CN,CN,ELEC8,TEXTI,266.74
3485761,CN,CN,ELEC8,WEARI,36.64
3485762,CN,CN,ELEC8,LEATH,43.78
3485763,CN,CN,ELEC8,WOODW,59.11
3485764,CN,CN,ELEC8,PULP5,5.37
3485765,CN,CN,ELEC8,PAPER,330.12
3485766,CN,CN,ELEC8,PRINT,68.08
3485767,CN,CN,ELEC8,COALT,4.46
3485768,CN,CN,ELEC8,MOTOR,149.49
3485769,CN,CN,ELEC8,AVIAT,0.22
3485770,CN,CN,ELEC8,KEROS,52.13
3485771,CN,CN,ELEC8,KERO1,4.48
3485772,CN,CN,ELEC8,GASDI,104.45
3485773,CN,CN,ELEC8,HEAVY,22.61
3485774,CN,CN,ELEC8,REFIN,0.61
3485775,CN,CN,ELEC8,LIQUE,39.63
3485776,CN,CN,ELEC8,REFI1,0.97
3485777,CN,CN,ELEC8,NAPHT,35.06
3485778,CN,CN,ELEC8,WHITE,0.35
3485779,CN,CN,ELEC8,LUBRI,0.97
3485780,CN,CN,ELEC8,BITU1,7.05
3485781,CN,CN,ELEC8,PARAF,1.74
3485782,CN,CN,ELEC8,PETRO,1.57
3485783,CN,CN,ELEC8,NONSP,12.10
3485784,CN,CN,ELEC8,PLAST,126.50
3485785,CN,CN,ELEC8,NFERT,0.94
3485786,CN,CN,ELEC8,PFERT,220.16
3485787,CN,CN,ELEC8,CHEM1,424.33
3485788,CN,CN,ELEC8,BIOGA,2.07
3485789,CN,CN,ELEC8,BIODI,1.10
3485790,CN,CN,ELEC8,RUBBE,562.38
3485791,CN,CN,ELEC8,GLASS,177.32
3485792,CN,CN,ELEC8,CERAM,288.85
3485793,CN,CN,ELEC8,BRICK,7.22
3485794,CN,CN,ELEC8,CEMEN,260.79
3485795,CN,CN,ELEC8,NONME,526.19
3485796,CN,CN,ELEC8,BASIC,638.89
3485797,CN,CN,ELEC8,PREC1,4.65
3485798,CN,CN,ELEC8,ALUM1,692.14
3485799,CN,CN,ELEC8,LEAD1,8.71
3485800,CN,CN,ELEC8,COPP1,27.42
3485801,CN,CN,ELEC8,NONF1,51.37
3485802,CN,CN,ELEC8,FOUND,4.95
3485803,CN,CN,ELEC8,FABRI,1280.29
3485804,CN,CN,ELEC8,OFFIC,608.94
3485805,CN,CN,ELEC8,ELECT,121.89
3485806,CN,CN,ELEC8,RADIO,51.11
3485807,CN,CN,ELEC8,MEDIC,16.53
3485808,CN,CN,ELEC8,MOTO1,233.12
3485809,CN,CN,ELEC8,TRANS,36.84
3485810,CN,CN,ELEC8,FURNI,132.72
3485811,CN,CN,ELEC8,TRAN1,710.33
3485812,CN,CN,ELEC8,DISTR,1867.68
3485813,CN,CN,ELEC8,COKE1,0.20
3485814,CN,CN,ELEC8,BLAST,0.83
3485815,CN,CN,ELEC8,OXYGE,0.08
3485816,CN,CN,ELEC8,GASWO,0.02
3485817,CN,CN,ELEC8,BIOG1,0.32
3485818,CN,CN,ELEC8,DIST1,0.89
3485819,CN,CN,ELEC8,CONST,185.20
3485820,CN,CN,ELEC8,SALEM,28.40
3485821,CN,CN,ELEC8,RETAI,0.79
3485822,CN,CN,ELEC8,WHOLE,16.70
3485823,CN,CN,ELEC8,RETA1,197.73
3485824,CN,CN,ELEC8,HOTEL,138.90
3485825,CN,CN,ELEC8,RAILW,15.25
3485826,CN,CN,ELEC8,LANDT,47.81
3485827,CN,CN,ELEC8,TRAN2,3.26
3485828,CN,CN,ELEC8,SEACO,14.23
3485829,CN,CN,ELEC8,INLAN,0.63
3485830,CN,CN,ELEC8,AIRTR,12.88
3485831,CN,CN,ELEC8,SUPPO,19.67
3485832,CN,CN,ELEC8,POSTT,20.90
3485833,CN,CN,ELEC8,FINAN,61.93
3485834,CN,CN,ELEC8,INSUR,61.34
3485835,CN,CN,ELEC8,AUXIL,0.72
3485836,CN,CN,ELEC8,REALE,87.44
3485837,CN,CN,ELEC8,COMPU,108.33
3485838,CN,CN,ELEC8,RESEA,227.26
3485839,CN,CN,ELEC8,BUSIN,43.05
3485840,CN,CN,ELEC8,PUBLI,203.71
3485841,CN,CN,ELEC8,EDUCA,50.50
3485842,CN,CN,ELEC8,HEALT,88.47
3485843,CN,CN,ELEC8,MEMBE,1.77
3485844,CN,CN,ELEC8,RECRE,10.83
3485845,CN,CN,ELEC8,93197,13.23
3485846,CN,CN,ELEC8,PRIVA,8.82
3485847,CN,CN,ELEC9,SUGA1,100.74
3485848,CN,CN,ELEC9,CHEM1,0.01
3485849,CN,CN,ELEC9,RUBBE,0.01
3485850,CN,CN,ELEC9,NONME,0.01
3485851,CN,CN,ELEC9,BASIC,0.01
3485852,CN,CN,ELEC9,ALUM1,0.01
3485853,CN,CN,ELEC9,FABRI,0.02
3485854,CN,CN,ELEC9,OFFIC,0.01
3485855,CN,CN,ELEC9,TRAN1,0.01
3485856,CN,CN,ELEC9,DISTR,0.03
3485857,CN,CN,ELE10,BITUM,0.01
3485858,CN,CN,ELE10,CRUDE,0.02
3485859,CN,CN,ELE10,NATUR,0.01
3485860,CN,CN,ELE10,FOOD5,0.01
3485861,CN,CN,ELE10,FISH5,0.01
3485862,CN,CN,ELE10,TEXTI,0.02
3485863,CN,CN,ELE10,PAPER,0.02
3485864,CN,CN,ELE10,MOTOR,0.01
3485865,CN,CN,ELE10,GASDI,0.01
3485866,CN,CN,ELE10,PLAST,0.01
3485867,CN,CN,ELE10,PFERT,0.01
3485868,CN,CN,ELE10,CHEM1,0.03
3485869,CN,CN,ELE10,RUBBE,0.03
3485870,CN,CN,ELE10,GLASS,0.01
3485871,CN,CN,ELE10,CERAM,0.02
3485872,CN,CN,ELE10,CEMEN,0.02
3485873,CN,CN,ELE10,NONME,0.03
3485874,CN,CN,ELE10,BASIC,0.04
3485875,CN,CN,ELE10,ALUM1,0.04
3485876,CN,CN,ELE10,FABRI,0.08
3485877,CN,CN,ELE10,OFFIC,0.04
3485878,CN,CN,ELE10,ELECT,0.01
3485879,CN,CN,ELE10,MOTO1,0.01
3485880,CN,CN,ELE10,FURNI,0.01
3485881,CN,CN,ELE10,TRAN1,0.04
3485882,CN,CN,ELE10,DISTR,0.11
3485883,CN,CN,ELE10,CONST,0.01
3485884,CN,CN,ELE10,RETA1,0.01
3485885,CN,CN,ELE10,HOTEL,0.01
3485886,CN,CN,ELE10,REALE,0.01
3485887,CN,CN,ELE10,COMPU,0.01
3485888,CN,CN,ELE10,RESEA,0.01
3485889,CN,CN,ELE10,PUBLI,0.01
3485890,CN,CN,ELE10,HEALT,0.01
3485891,CN,CN,ELE11,PADDY,0.02
3485892,CN,CN,ELE11,CEREA,0.01
3485893,CN,CN,ELE11,VEGET,0.04
3485894,CN,CN,ELE11,CATTL,0.01
3485895,CN,CN,ELE11,PIGS9,0.01
3485896,CN,CN,ELE11,POULT,0.01
3485897,CN,CN,ELE11,COKIN,0.01
3485898,CN,CN,ELE11,BITUM,0.05
3485899,CN,CN,ELE11,CRUDE,0.17
3485900,CN,CN,ELE11,NATUR,0.05
3485901,CN,CN,ELE11,MEAT4,0.01
3485902,CN,CN,ELE11,FOOD5,0.07
3485903,CN,CN,ELE11,BEVER,0.02
3485904,CN,CN,ELE11,FISH5,0.05
3485905,CN,CN,ELE11,TEXTI,0.13
3485906,CN,CN,ELE11,WEARI,0.02
3485907,CN,CN,ELE11,LEATH,0.02
3485908,CN,CN,ELE11,WOODW,0.03
3485909,CN,CN,ELE11,PAPER,0.16
3485910,CN,CN,ELE11,PRINT,0.03
3485911,CN,CN,ELE11,MOTOR,0.07
3485912,CN,CN,ELE11,KEROS,0.02
3485913,CN,CN,ELE11,GASDI,0.05
3485914,CN,CN,ELE11,HEAVY,0.01
3485915,CN,CN,ELE11,LIQUE,0.02
3485916,CN,CN,ELE11,NAPHT,0.02
3485917,CN,CN,ELE11,NONSP,0.01
3485918,CN,CN,ELE11,PLAST,0.06
3485919,CN,CN,ELE11,PFERT,0.11
3485920,CN,CN,ELE11,CHEM1,0.20
3485921,CN,CN,ELE11,RUBBE,0.27
3485922,CN,CN,ELE11,GLASS,0.09
3485923,CN,CN,ELE11,CERAM,0.14
3485924,CN,CN,ELE11,BRICK,0.01
3485925,CN,CN,ELE11,CEMEN,0.13
3485926,CN,CN,ELE11,NONME,0.26
3485927,CN,CN,ELE11,BASIC,0.32
3485928,CN,CN,ELE11,FABRI,0.63
3485929,CN,CN,ELE11,MACHI,0.03
3485930,CN,CN,ELE11,OFFIC,0.29
3485931,CN,CN,ELE11,ELECT,0.06
3485932,CN,CN,ELE11,RADIO,0.02
3485933,CN,CN,ELE11,MEDIC,0.01
3485934,CN,CN,ELE11,MOTO1,0.11
3485935,CN,CN,ELE11,TRANS,0.02
3485936,CN,CN,ELE11,FURNI,0.07
3485937,CN,CN,ELE11,TRAN1,1.47
3485938,CN,CN,ELE11,DISTR,3.88
3485939,CN,CN,ELE11,CONST,0.09
3485940,CN,CN,ELE11,SALEM,0.01
3485941,CN,CN,ELE11,WHOLE,0.01
3485942,CN,CN,ELE11,RETA1,0.10
3485943,CN,CN,ELE11,HOTEL,0.07
3485944,CN,CN,ELE11,RAILW,0.01
3485945,CN,CN,ELE11,LANDT,0.03
3485946,CN,CN,ELE11,POSTT,0.01
3485947,CN,CN,ELE11,FINAN,0.03
3485948,CN,CN,ELE11,INSUR,0.03
3485949,CN,CN,ELE11,REALE,0.04
3485950,CN,CN,ELE11,RESEA,0.11
3485951,CN,CN,ELE11,BUSIN,0.02
3485952,CN,CN,ELE11,PUBLI,0.10
3485953,CN,CN,ELE11,EDUCA,0.03
3485954,CN,CN,ELE11,HEALT,0.04
3485955,CN,CN,ELE11,RECRE,0.01
3485956,CN,CN,ELE11,93197,0.01
3485957,CN,CN,TRAN1,PADDY,482.35
3485958,CN,CN,TRAN1,WHEAT,38.90
3485959,CN,CN,TRAN1,CEREA,98.91
3485960,CN,CN,TRAN1,VEGET,715.28
3485961,CN,CN,TRAN1,OILSE,52.62
3485962,CN,CN,TRAN1,SUGAR,38.75
3485963,CN,CN,TRAN1,PLANT,56.22
3485964,CN,CN,TRAN1,CROPS,96.55
3485965,CN,CN,TRAN1,CATTL,83.37
3485966,CN,CN,TRAN1,PIGS9,104.59
3485967,CN,CN,TRAN1,POULT,117.09
3485968,CN,CN,TRAN1,MEATA,10.34
3485969,CN,CN,TRAN1,ANIMA,3.24
3485970,CN,CN,TRAN1,RAWMI,51.93
3485971,CN,CN,TRAN1,WOOLS,6.51
3485972,CN,CN,TRAN1,COKIN,92.58
3485973,CN,CN,TRAN1,BITUM,811.50
3485974,CN,CN,TRAN1,PATEN,1.42
3485975,CN,CN,TRAN1,CRUDE,3079.54
3485976,CN,CN,TRAN1,NATUR,898.49
3485977,CN,CN,TRAN1,NATU1,2.23
3485978,CN,CN,TRAN1,COPPE,0.09
3485979,CN,CN,TRAN1,PRECI,0.16
3485980,CN,CN,TRAN1,LEADZ,0.01
3485981,CN,CN,TRAN1,STONE,0.02
3485982,CN,CN,TRAN1,MEATC,0.56
3485983,CN,CN,TRAN1,MEATP,0.80
3485984,CN,CN,TRAN1,MEAT1,12.63
3485985,CN,CN,TRAN1,MEAT4,114.93
3485986,CN,CN,TRAN1,VEGE1,0.05
3485987,CN,CN,TRAN1,DAIRY,6.54
3485988,CN,CN,TRAN1,PROCE,40.26
3485989,CN,CN,TRAN1,SUGA1,0.07
3485990,CN,CN,TRAN1,FOOD5,1247.46
3485991,CN,CN,TRAN1,BEVER,378.86
3485992,CN,CN,TRAN1,FISH5,841.48
3485993,CN,CN,TRAN1,TOBAC,51.08
3485994,CN,CN,TRAN1,TEXTI,2380.11
3485995,CN,CN,TRAN1,WEARI,326.91
3485996,CN,CN,TRAN1,LEATH,390.67
3485997,CN,CN,TRAN1,WOODW,527.41
3485998,CN,CN,TRAN1,PULP5,47.93
3485999,CN,CN,TRAN1,PAPER,2945.76
3486000,CN,CN,TRAN1,PRINT,607.46
3486001,CN,CN,TRAN1,COALT,22.77
3486002,CN,CN,TRAN1,MOTOR,763.42
3486003,CN,CN,TRAN1,AVIAT,1.13
3486004,CN,CN,TRAN1,KEROS,266.21
3486005,CN,CN,TRAN1,KERO1,22.86
3486006,CN,CN,TRAN1,GASDI,533.41
3486007,CN,CN,TRAN1,HEAVY,115.49
3486008,CN,CN,TRAN1,REFIN,3.13
3486009,CN,CN,TRAN1,LIQUE,202.41
3486010,CN,CN,TRAN1,REFI1,4.93
3486011,CN,CN,TRAN1,NAPHT,179.06
3486012,CN,CN,TRAN1,WHITE,1.80
3486013,CN,CN,TRAN1,LUBRI,4.96
3486014,CN,CN,TRAN1,BITU1,36.02
3486015,CN,CN,TRAN1,PARAF,8.86
3486016,CN,CN,TRAN1,PETRO,8.01
3486017,CN,CN,TRAN1,NONSP,61.80
3486018,CN,CN,TRAN1,PLAST,1128.82
3486019,CN,CN,TRAN1,NFERT,8.39
3486020,CN,CN,TRAN1,PFERT,1964.54
3486021,CN,CN,TRAN1,CHEM1,3786.41
3486022,CN,CN,TRAN1,BIOGA,18.47
3486023,CN,CN,TRAN1,BIODI,9.83
3486024,CN,CN,TRAN1,RUBBE,3851.42
3486025,CN,CN,TRAN1,GLASS,1582.18
3486026,CN,CN,TRAN1,CERAM,2577.37
3486027,CN,CN,TRAN1,BRICK,64.18
3486028,CN,CN,TRAN1,CEMEN,2326.95
3486029,CN,CN,TRAN1,NONME,6248.11
3486030,CN,CN,TRAN1,BASIC,271.73
3486031,CN,CN,TRAN1,PREC1,41.52
3486032,CN,CN,TRAN1,LEAD1,77.87
3486033,CN,CN,TRAN1,COPP1,245.01
3486034,CN,CN,TRAN1,NONF1,459.03
3486035,CN,CN,TRAN1,FOUND,44.19
3486036,CN,CN,TRAN1,MACHI,0.01
3486037,CN,CN,TRAN1,ELECT,1087.63
3486038,CN,CN,TRAN1,RADIO,456.05
3486039,CN,CN,TRAN1,MEDIC,147.54
3486040,CN,CN,TRAN1,MOTO1,2080.13
3486041,CN,CN,TRAN1,TRANS,328.76
3486042,CN,CN,TRAN1,FURNI,1184.21
3486043,CN,CN,TRAN1,ELEC9,0.01
3486044,CN,CN,TRAN1,TRAN1,6680.57
3486045,CN,CN,TRAN1,COKE1,1.77
3486046,CN,CN,TRAN1,BLAST,7.40
3486047,CN,CN,TRAN1,OXYGE,0.71
3486048,CN,CN,TRAN1,GASWO,0.21
3486049,CN,CN,TRAN1,BIOG1,2.87
3486050,CN,CN,TRAN1,DIST1,7.97
3486051,CN,CN,TRAN1,CONST,1652.50
3486052,CN,CN,TRAN1,SALEM,268.02
3486053,CN,CN,TRAN1,RETAI,7.42
3486054,CN,CN,TRAN1,WHOLE,157.57
3486055,CN,CN,TRAN1,HOTEL,1310.92
3486056,CN,CN,TRAN1,RAILW,143.94
3486057,CN,CN,TRAN1,LANDT,451.18
3486058,CN,CN,TRAN1,TRAN2,30.68
3486059,CN,CN,TRAN1,SEACO,134.55
3486060,CN,CN,TRAN1,INLAN,5.93
3486061,CN,CN,TRAN1,AIRTR,121.76
3486062,CN,CN,TRAN1,SUPPO,185.87
3486063,CN,CN,TRAN1,POSTT,197.21
3486064,CN,CN,TRAN1,FINAN,584.46
3486065,CN,CN,TRAN1,INSUR,578.91
3486066,CN,CN,TRAN1,AUXIL,6.82
3486067,CN,CN,TRAN1,REALE,825.22
3486068,CN,CN,TRAN1,COMPU,1023.92
3486069,CN,CN,TRAN1,RESEA,2144.97
3486070,CN,CN,TRAN1,BUSIN,406.35
3486071,CN,CN,TRAN1,PUBLI,1922.57
3486072,CN,CN,TRAN1,EDUCA,476.58
3486073,CN,CN,TRAN1,HEALT,834.97
3486074,CN,CN,TRAN1,MEMBE,16.72
3486075,CN,CN,TRAN1,RECRE,102.19
3486076,CN,CN,TRAN1,93197,124.91
3486077,CN,CN,TRAN1,PRIVA,83.38
3486078,CN,CN,DISTR,PADDY,564.36
3486079,CN,CN,DISTR,WHEAT,57.54
3486080,CN,CN,DISTR,CEREA,146.30
3486081,CN,CN,DISTR,VEGET,1057.99
3486082,CN,CN,DISTR,OILSE,77.82
3486083,CN,CN,DISTR,SUGAR,57.32
3486084,CN,CN,DISTR,PLANT,83.16
3486085,CN,CN,DISTR,CROPS,37.64
3486086,CN,CN,DISTR,CATTL,123.31
3486087,CN,CN,DISTR,PIGS9,154.71
3486088,CN,CN,DISTR,POULT,173.20
3486089,CN,CN,DISTR,MEATA,15.30
3486090,CN,CN,DISTR,ANIMA,4.79
3486091,CN,CN,DISTR,RAWMI,76.81
3486092,CN,CN,DISTR,WOOLS,9.62
3486093,CN,CN,DISTR,FORES,3.97
3486094,CN,CN,DISTR,COKIN,136.93
3486095,CN,CN,DISTR,BITUM,1200.31
3486096,CN,CN,DISTR,PATEN,2.10
3486097,CN,CN,DISTR,CRUDE,3511.09
3486098,CN,CN,DISTR,NATUR,1328.98
3486099,CN,CN,DISTR,NATU1,3.29
3486100,CN,CN,DISTR,COPPE,0.13
3486101,CN,CN,DISTR,NICKE,0.01
3486102,CN,CN,DISTR,PRECI,0.24
3486103,CN,CN,DISTR,LEADZ,0.01
3486104,CN,CN,DISTR,STONE,0.02
3486105,CN,CN,DISTR,MEATC,0.83
3486106,CN,CN,DISTR,MEATP,1.18
3486107,CN,CN,DISTR,MEAT1,18.67
3486108,CN,CN,DISTR,MEAT4,170.00
3486109,CN,CN,DISTR,VEGE1,0.07
3486110,CN,CN,DISTR,DAIRY,9.68
3486111,CN,CN,DISTR,PROCE,59.55
3486112,CN,CN,DISTR,SUGA1,0.10
3486113,CN,CN,DISTR,FOOD5,1845.15
3486114,CN,CN,DISTR,BEVER,560.39
3486115,CN,CN,DISTR,FISH5,1244.66
3486116,CN,CN,DISTR,TOBAC,75.55
3486117,CN,CN,DISTR,WEARI,483.54
3486118,CN,CN,DISTR,LEATH,577.85
3486119,CN,CN,DISTR,WOODW,780.11
3486120,CN,CN,DISTR,PULP5,70.89
3486121,CN,CN,DISTR,PRINT,898.51
3486122,CN,CN,DISTR,COALT,20.51
3486123,CN,CN,DISTR,MOTOR,687.76
3486124,CN,CN,DISTR,AVIAT,1.02
3486125,CN,CN,DISTR,KEROS,239.83
3486126,CN,CN,DISTR,KERO1,20.60
3486127,CN,CN,DISTR,GASDI,480.54
3486128,CN,CN,DISTR,HEAVY,104.04
3486129,CN,CN,DISTR,REFIN,2.82
3486130,CN,CN,DISTR,LIQUE,182.35
3486131,CN,CN,DISTR,REFI1,4.45
3486132,CN,CN,DISTR,NAPHT,161.31
3486133,CN,CN,DISTR,WHITE,1.62
3486134,CN,CN,DISTR,LUBRI,4.47
3486135,CN,CN,DISTR,BITU1,32.45
3486136,CN,CN,DISTR,PARAF,7.99
3486137,CN,CN,DISTR,PETRO,7.22
3486138,CN,CN,DISTR,NONSP,55.67
3486139,CN,CN,DISTR,PLAST,1669.67
3486140,CN,CN,DISTR,NFERT,12.41
3486141,CN,CN,DISTR,PFERT,1960.78
3486142,CN,CN,DISTR,GLASS,2340.24
3486143,CN,CN,DISTR,BRICK,94.93
3486144,CN,CN,DISTR,CEMEN,3441.85
3486145,CN,CN,DISTR,BASIC,401.93
3486146,CN,CN,DISTR,PREC1,61.41
3486147,CN,CN,DISTR,LEAD1,115.17
3486148,CN,CN,DISTR,COPP1,362.40
3486149,CN,CN,DISTR,NONF1,678.96
3486150,CN,CN,DISTR,FOUND,65.37
3486151,CN,CN,DISTR,MACHI,0.02
3486152,CN,CN,DISTR,ELECT,1608.75
3486153,CN,CN,DISTR,RADIO,674.56
3486154,CN,CN,DISTR,MEDIC,218.22
3486155,CN,CN,DISTR,TRANS,486.27
3486156,CN,CN,DISTR,FURNI,1751.60
3486157,CN,CN,DISTR,ELEC9,0.01
3486158,CN,CN,DISTR,TRAN1,35867.88
3486159,CN,CN,DISTR,DISTR,103073.75
3486160,CN,CN,DISTR,COKE1,2.61
3486161,CN,CN,DISTR,BLAST,10.94
3486162,CN,CN,DISTR,OXYGE,1.05
3486163,CN,CN,DISTR,GASWO,0.30
3486164,CN,CN,DISTR,BIOG1,4.25
3486165,CN,CN,DISTR,DIST1,11.79
3486166,CN,CN,DISTR,CONST,210.42
3486167,CN,CN,DISTR,RETAI,41.69
3486168,CN,CN,DISTR,WHOLE,885.42
3486169,CN,CN,DISTR,RAILW,808.78
3486170,CN,CN,DISTR,TRAN2,172.42
3486171,CN,CN,DISTR,SEACO,756.03
3486172,CN,CN,DISTR,INLAN,33.32
3486173,CN,CN,DISTR,AIRTR,684.20
3486174,CN,CN,DISTR,INSUR,1790.02
3486175,CN,CN,DISTR,AUXIL,38.30
3486176,CN,CN,DISTR,BUSIN,2283.30
3486177,CN,CN,DISTR,EDUCA,1591.22
3486178,CN,CN,DISTR,MEMBE,93.93
3486179,CN,CN,DISTR,RECRE,574.24
3486180,CN,CN,DISTR,93197,701.89
3486181,CN,CN,DISTR,PRIVA,468.53
3486182,CN,CN,COKE1,PADDY,0.34
3486183,CN,CN,COKE1,CROPS,0.04
3486184,CN,CN,COKE1,FISHF,0.01
3486185,CN,CN,COKE1,COKIN,65.11
3486186,CN,CN,COKE1,BITUM,570.72
3486187,CN,CN,COKE1,PATEN,1.00
3486188,CN,CN,COKE1,CRUDE,46.38
3486189,CN,CN,COKE1,NATUR,10.12
3486190,CN,CN,COKE1,NATU1,0.03
3486191,CN,CN,COKE1,PRECI,0.01
3486192,CN,CN,COKE1,MEAT1,0.01
3486193,CN,CN,COKE1,MEAT4,0.10
3486194,CN,CN,COKE1,PROCE,0.20
3486195,CN,CN,COKE1,FOOD5,1.72
3486196,CN,CN,COKE1,BEVER,0.19
3486197,CN,CN,COKE1,FISH5,0.23
3486198,CN,CN,COKE1,TOBAC,0.03
3486199,CN,CN,COKE1,TEXTI,23.14
3486200,CN,CN,COKE1,WEARI,9.77
3486201,CN,CN,COKE1,LEATH,3.83
3486202,CN,CN,COKE1,PAPER,0.14
3486203,CN,CN,COKE1,PRINT,0.01
3486204,CN,CN,COKE1,COKEO,682.18
3486205,CN,CN,COKE1,COALT,0.19
3486206,CN,CN,COKE1,MOTOR,1.76
3486207,CN,CN,COKE1,KEROS,0.61
3486208,CN,CN,COKE1,KERO1,0.05
3486209,CN,CN,COKE1,GASDI,1.23
3486210,CN,CN,COKE1,HEAVY,0.27
3486211,CN,CN,COKE1,REFIN,0.01
3486212,CN,CN,COKE1,LIQUE,0.47
3486213,CN,CN,COKE1,REFI1,0.01
3486214,CN,CN,COKE1,NAPHT,0.41
3486215,CN,CN,COKE1,LUBRI,0.01
3486216,CN,CN,COKE1,BITU1,0.08
3486217,CN,CN,COKE1,PARAF,0.02
3486218,CN,CN,COKE1,PETRO,0.02
3486219,CN,CN,COKE1,NONSP,0.14
3486220,CN,CN,COKE1,PLAST,17.97
3486221,CN,CN,COKE1,NFERT,0.13
3486222,CN,CN,COKE1,PFERT,51.43
3486223,CN,CN,COKE1,CHEM1,9.13
3486224,CN,CN,COKE1,BIOGA,0.04
3486225,CN,CN,COKE1,BIODI,0.02
3486226,CN,CN,COKE1,RUBBE,33.86
3486227,CN,CN,COKE1,GLASS,7.32
3486228,CN,CN,COKE1,CERAM,19.90
3486229,CN,CN,COKE1,BRICK,0.12
3486230,CN,CN,COKE1,CEMEN,5.31
3486231,CN,CN,COKE1,NONME,0.95
3486232,CN,CN,COKE1,BASIC,745.72
3486233,CN,CN,COKE1,PREC1,0.17
3486234,CN,CN,COKE1,ALUM1,0.93
3486235,CN,CN,COKE1,LEAD1,0.12
3486236,CN,CN,COKE1,COPP1,0.61
3486237,CN,CN,COKE1,NONF1,0.18
3486238,CN,CN,COKE1,FOUND,10.88
3486239,CN,CN,COKE1,FABRI,13.84
3486240,CN,CN,COKE1,OFFIC,12.68
3486241,CN,CN,COKE1,ELECT,3.76
3486242,CN,CN,COKE1,RADIO,2.20
3486243,CN,CN,COKE1,MEDIC,0.90
3486244,CN,CN,COKE1,MOTO1,1.45
3486245,CN,CN,COKE1,TRANS,0.22
3486246,CN,CN,COKE1,FURNI,2.33
3486247,CN,CN,COKE1,COKE1,5.56
3486248,CN,CN,COKE1,BLAST,23.29
3486249,CN,CN,COKE1,OXYGE,2.23
3486250,CN,CN,COKE1,GASWO,0.65
3486251,CN,CN,COKE1,BIOG1,9.05
3486252,CN,CN,COKE1,DIST1,25.09
3486253,CN,CN,COKE1,STEAM,6.85
3486254,CN,CN,COKE1,SALEM,0.03
3486255,CN,CN,COKE1,WHOLE,0.01
3486256,CN,CN,COKE1,RETA1,0.08
3486257,CN,CN,COKE1,HOTEL,2.82
3486258,CN,CN,COKE1,RAILW,0.12
3486259,CN,CN,COKE1,LANDT,0.37
3486260,CN,CN,COKE1,TRAN2,0.03
3486261,CN,CN,COKE1,SEACO,0.11
3486262,CN,CN,COKE1,AIRTR,0.10
3486263,CN,CN,COKE1,SUPPO,0.15
3486264,CN,CN,COKE1,POSTT,0.19
3486265,CN,CN,COKE1,INSUR,0.01
3486266,CN,CN,COKE1,REALE,0.05
3486267,CN,CN,COKE1,COMPU,0.27
3486268,CN,CN,COKE1,RESEA,0.22
3486269,CN,CN,COKE1,BUSIN,0.48
3486270,CN,CN,COKE1,PUBLI,0.23
3486271,CN,CN,COKE1,EDUCA,0.32
3486272,CN,CN,COKE1,HEALT,0.45
3486273,CN,CN,COKE1,MEMBE,0.02
3486274,CN,CN,COKE1,RECRE,0.02
3486275,CN,CN,COKE1,93197,0.04
3486276,CN,CN,BLAST,RUBBE,5000.55
3486277,CN,CN,BLAST,BASIC,5395.30
3486278,CN,CN,BLAST,FOUND,41.32
3486279,CN,CN,BLAST,FURNI,257.72
3486280,CN,CN,BLAST,STEAM,2.83
3486281,CN,CN,OXYGE,BASIC,952.78
3486282,CN,CN,OXYGE,FOUND,42.23
3486283,CN,CN,GASWO,PLANT,0.01
3486284,CN,CN,GASWO,CRUDE,7.45
3486285,CN,CN,GASWO,NATUR,1.63
3486286,CN,CN,GASWO,MEATC,0.08
3486287,CN,CN,GASWO,MEATP,0.16
3486288,CN,CN,GASWO,MEAT1,0.03
3486289,CN,CN,GASWO,MEAT4,0.42
3486290,CN,CN,GASWO,DAIRY,0.01
3486291,CN,CN,GASWO,PROCE,3.10
3486292,CN,CN,GASWO,SUGA1,0.02
3486293,CN,CN,GASWO,FOOD5,4.55
3486294,CN,CN,GASWO,BEVER,0.53
3486295,CN,CN,GASWO,FISH5,0.85
3486296,CN,CN,GASWO,TOBAC,0.09
3486297,CN,CN,GASWO,TEXTI,0.08
3486298,CN,CN,GASWO,WEARI,0.03
3486299,CN,CN,GASWO,LEATH,0.01
3486300,CN,CN,GASWO,WOODW,0.38
3486301,CN,CN,GASWO,PAPER,1.48
3486302,CN,CN,GASWO,PRINT,0.08
3486303,CN,CN,GASWO,PLAST,6.49
3486304,CN,CN,GASWO,NFERT,0.05
3486305,CN,CN,GASWO,PFERT,18.58
3486306,CN,CN,GASWO,CHEM1,3.30
3486307,CN,CN,GASWO,BIOGA,0.02
3486308,CN,CN,GASWO,BIODI,0.01
3486309,CN,CN,GASWO,RUBBE,0.22
3486310,CN,CN,GASWO,GLASS,2.29
3486311,CN,CN,GASWO,CERAM,6.22
3486312,CN,CN,GASWO,BRICK,0.04
3486313,CN,CN,GASWO,CEMEN,1.66
3486314,CN,CN,GASWO,NONME,0.30
3486315,CN,CN,GASWO,PREC1,0.20
3486316,CN,CN,GASWO,ALUM1,1.10
3486317,CN,CN,GASWO,LEAD1,0.14
3486318,CN,CN,GASWO,COPP1,0.72
3486319,CN,CN,GASWO,NONF1,0.21
3486320,CN,CN,GASWO,FABRI,0.64
3486321,CN,CN,GASWO,OFFIC,0.58
3486322,CN,CN,GASWO,ELECT,0.17
3486323,CN,CN,GASWO,RADIO,0.10
3486324,CN,CN,GASWO,MEDIC,0.01
3486325,CN,CN,GASWO,MOTO1,7.83
3486326,CN,CN,GASWO,TRANS,1.17
3486327,CN,CN,GASWO,FURNI,0.02
3486328,CN,CN,GASWO,COKE1,4.18
3486329,CN,CN,GASWO,BLAST,17.49
3486330,CN,CN,GASWO,OXYGE,1.67
3486331,CN,CN,GASWO,GASWO,0.49
3486332,CN,CN,GASWO,BIOG1,6.80
3486333,CN,CN,GASWO,DIST1,18.84
3486334,CN,CN,GASWO,SALEM,0.03
3486335,CN,CN,GASWO,WHOLE,0.01
3486336,CN,CN,GASWO,RETA1,0.08
3486337,CN,CN,GASWO,HOTEL,2.72
3486338,CN,CN,GASWO,RAILW,0.12
3486339,CN,CN,GASWO,LANDT,0.36
3486340,CN,CN,GASWO,TRAN2,0.02
3486341,CN,CN,GASWO,SEACO,0.11
3486342,CN,CN,GASWO,AIRTR,0.10
3486343,CN,CN,GASWO,SUPPO,0.15
3486344,CN,CN,GASWO,POSTT,0.18
3486345,CN,CN,GASWO,INSUR,0.01
3486346,CN,CN,GASWO,REALE,0.05
3486347,CN,CN,GASWO,COMPU,0.26
3486348,CN,CN,GASWO,RESEA,0.21
3486349,CN,CN,GASWO,BUSIN,0.46
3486350,CN,CN,GASWO,PUBLI,0.22
3486351,CN,CN,GASWO,EDUCA,0.31
3486352,CN,CN,GASWO,HEALT,0.43
3486353,CN,CN,GASWO,MEMBE,0.02
3486354,CN,CN,GASWO,RECRE,0.02
3486355,CN,CN,GASWO,93197,0.04
3486356,CN,CN,BIOG1,PADDY,26.31
3486357,CN,CN,BIOG1,PLANT,10.32
3486358,CN,CN,BIOG1,CROPS,3.47
3486359,CN,CN,BIOG1,FISHF,0.75
3486360,CN,CN,DIST1,PADDY,41.37
3486361,CN,CN,DIST1,PLANT,11.42
3486362,CN,CN,DIST1,CROPS,5.93
3486363,CN,CN,DIST1,FISHF,0.80
3486364,CN,CN,DIST1,CRUDE,453.24
3486365,CN,CN,DIST1,NATUR,98.90
3486366,CN,CN,DIST1,NATU1,0.25
3486367,CN,CN,DIST1,COPPE,0.01
3486368,CN,CN,DIST1,PRECI,0.10
3486369,CN,CN,DIST1,STONE,0.01
3486370,CN,CN,DIST1,MEATC,0.36
3486371,CN,CN,DIST1,MEATP,0.38
3486372,CN,CN,DIST1,MEAT1,5.21
3486373,CN,CN,DIST1,MEAT4,53.62
3486374,CN,CN,DIST1,VEGE1,0.14
3486375,CN,CN,DIST1,DAIRY,0.47
3486376,CN,CN,DIST1,PROCE,112.12
3486377,CN,CN,DIST1,SUGA1,0.46
3486378,CN,CN,DIST1,BEVER,104.96
3486379,CN,CN,DIST1,FISH5,127.59
3486380,CN,CN,DIST1,TOBAC,14.47
3486381,CN,CN,DIST1,WEARI,392.59
3486382,CN,CN,DIST1,LEATH,153.79
3486383,CN,CN,DIST1,WOODW,51.67
3486384,CN,CN,DIST1,PULP5,0.17
3486385,CN,CN,DIST1,PAPER,518.56
3486386,CN,CN,DIST1,PRINT,27.29
3486387,CN,CN,DIST1,NFERT,32.77
3486388,CN,CN,DIST1,GLASS,375.11
3486389,CN,CN,DIST1,BRICK,6.18
3486390,CN,CN,DIST1,CEMEN,272.11
3486391,CN,CN,DIST1,NONME,48.70
3486392,CN,CN,DIST1,BASIC,52.02
3486393,CN,CN,DIST1,PREC1,5.70
3486394,CN,CN,DIST1,ALUM1,31.97
3486395,CN,CN,DIST1,LEAD1,4.03
3486396,CN,CN,DIST1,COPP1,21.05
3486397,CN,CN,DIST1,NONF1,6.11
3486398,CN,CN,DIST1,FOUND,20.19
3486399,CN,CN,DIST1,MACHI,0.01
3486400,CN,CN,DIST1,ELECT,553.05
3486401,CN,CN,DIST1,RADIO,323.98
3486402,CN,CN,DIST1,MEDIC,45.17
3486403,CN,CN,DIST1,TRANS,234.82
3486404,CN,CN,DIST1,FURNI,116.60
3486405,CN,CN,DIST1,ELEC1,46.36
3486406,CN,CN,DIST1,ELEC2,12.30
3486407,CN,CN,DIST1,ELEC3,2.14
3486408,CN,CN,DIST1,ELEC4,551.47
3486409,CN,CN,DIST1,ELEC5,205.55
3486410,CN,CN,DIST1,ELEC6,0.06
3486411,CN,CN,DIST1,ELEC7,0.27
3486412,CN,CN,DIST1,ELEC8,97.72
3486413,CN,CN,DIST1,ELEC9,0.04
3486414,CN,CN,DIST1,ELE10,0.08
3486415,CN,CN,DIST1,ELE11,0.08
3486416,CN,CN,DIST1,TRAN1,1.75
3486417,CN,CN,DIST1,DISTR,4.59
3486418,CN,CN,DIST1,COKE1,205.50
3486419,CN,CN,DIST1,BLAST,860.70
3486420,CN,CN,DIST1,OXYGE,82.39
3486421,CN,CN,DIST1,GASWO,23.90
3486422,CN,CN,DIST1,BIOG1,334.52
3486423,CN,CN,DIST1,DIST1,927.26
3486424,CN,CN,DIST1,STEAM,68.26
3486425,CN,CN,DIST1,CONST,19.62
3486426,CN,CN,DIST1,SALEM,36.13
3486427,CN,CN,DIST1,RETAI,0.13
3486428,CN,CN,DIST1,WHOLE,7.48
3486429,CN,CN,DIST1,RETA1,93.29
3486430,CN,CN,DIST1,RAILW,139.75
3486431,CN,CN,DIST1,LANDT,438.06
3486432,CN,CN,DIST1,TRAN2,29.79
3486433,CN,CN,DIST1,SEACO,130.63
3486434,CN,CN,DIST1,INLAN,5.76
3486435,CN,CN,DIST1,AIRTR,118.22
3486436,CN,CN,DIST1,SUPPO,180.47
3486437,CN,CN,DIST1,POSTT,218.83
3486438,CN,CN,DIST1,FINAN,2.52
3486439,CN,CN,DIST1,INSUR,6.22
3486440,CN,CN,DIST1,REALE,61.51
3486441,CN,CN,DIST1,COMPU,314.67
3486442,CN,CN,DIST1,RESEA,260.26
3486443,CN,CN,DIST1,BUSIN,561.29
3486444,CN,CN,DIST1,PUBLI,270.58
3486445,CN,CN,DIST1,EDUCA,371.28
3486446,CN,CN,DIST1,HEALT,526.19
3486447,CN,CN,DIST1,MEMBE,18.32
3486448,CN,CN,DIST1,RECRE,26.64
3486449,CN,CN,DIST1,93197,47.15
3486450,CN,CN,DIST1,PRIVA,0.01
3486451,CN,CN,STEAM,VEGET,82.38
3486452,CN,CN,STEAM,OILSE,4.34
3486453,CN,CN,STEAM,SUGAR,2.32
3486454,CN,CN,STEAM,CROPS,4.57
3486455,CN,CN,STEAM,CATTL,0.66
3486456,CN,CN,STEAM,PIGS9,1.06
3486457,CN,CN,STEAM,RAWMI,0.09
3486458,CN,CN,STEAM,FORES,0.04
3486459,CN,CN,STEAM,COKIN,13.20
3486460,CN,CN,STEAM,BITUM,115.67
3486461,CN,CN,STEAM,PATEN,0.20
3486462,CN,CN,STEAM,CRUDE,542.14
3486463,CN,CN,STEAM,NATUR,55.10
3486464,CN,CN,STEAM,NATU1,0.14
3486465,CN,CN,STEAM,PRECI,0.01
3486466,CN,CN,STEAM,MEATC,0.11
3486467,CN,CN,STEAM,MEATP,0.12
3486468,CN,CN,STEAM,MEAT1,1.83
3486469,CN,CN,STEAM,MEAT4,14.19
3486470,CN,CN,STEAM,VEGE1,0.02
3486471,CN,CN,STEAM,DAIRY,1.25
3486472,CN,CN,STEAM,PROCE,5.23
3486473,CN,CN,STEAM,SUGA1,0.01
3486474,CN,CN,STEAM,FOOD5,69.97
3486475,CN,CN,STEAM,BEVER,45.70
3486476,CN,CN,STEAM,FISH5,91.63
3486477,CN,CN,STEAM,TOBAC,4.24
3486478,CN,CN,STEAM,TEXTI,550.90
3486479,CN,CN,STEAM,WEARI,171.07
3486480,CN,CN,STEAM,LEATH,151.55
3486481,CN,CN,STEAM,WOODW,6.91
3486482,CN,CN,STEAM,PULP5,10.56
3486483,CN,CN,STEAM,COALT,2.72
3486484,CN,CN,STEAM,MOTOR,91.34
3486485,CN,CN,STEAM,AVIAT,0.13
3486486,CN,CN,STEAM,KEROS,31.85
3486487,CN,CN,STEAM,KERO1,2.74
3486488,CN,CN,STEAM,GASDI,63.82
3486489,CN,CN,STEAM,HEAVY,13.82
3486490,CN,CN,STEAM,REFIN,0.37
3486491,CN,CN,STEAM,LIQUE,24.22
3486492,CN,CN,STEAM,REFI1,0.59
3486493,CN,CN,STEAM,NAPHT,21.42
3486494,CN,CN,STEAM,WHITE,0.22
3486495,CN,CN,STEAM,LUBRI,0.59
3486496,CN,CN,STEAM,BITU1,4.31
3486497,CN,CN,STEAM,PARAF,1.06
3486498,CN,CN,STEAM,PETRO,0.96
3486499,CN,CN,STEAM,NONSP,7.39
3486500,CN,CN,STEAM,PLAST,807.16
3486501,CN,CN,STEAM,NFERT,0.32
3486502,CN,CN,STEAM,PFERT,73.90
3486503,CN,CN,STEAM,CHEM1,882.13
3486504,CN,CN,STEAM,BIOGA,4.30
3486505,CN,CN,STEAM,BIODI,2.29
3486506,CN,CN,STEAM,RUBBE,927.93
3486507,CN,CN,STEAM,GLASS,216.77
3486508,CN,CN,STEAM,CERAM,56.51
3486509,CN,CN,STEAM,BRICK,0.96
3486510,CN,CN,STEAM,CEMEN,8.81
3486511,CN,CN,STEAM,NONME,15.81
3486512,CN,CN,STEAM,BASIC,1002.11
3486513,CN,CN,STEAM,PREC1,3.73
3486514,CN,CN,STEAM,ALUM1,133.92
3486515,CN,CN,STEAM,LEAD1,2.34
3486516,CN,CN,STEAM,COPP1,4.03
3486517,CN,CN,STEAM,NONF1,8.85
3486518,CN,CN,STEAM,FOUND,58.48
3486519,CN,CN,STEAM,FABRI,878.78
3486520,CN,CN,STEAM,OFFIC,753.26
3486521,CN,CN,STEAM,ELECT,208.46
3486522,CN,CN,STEAM,RADIO,110.48
3486523,CN,CN,STEAM,MEDIC,32.44
3486524,CN,CN,STEAM,MOTO1,397.19
3486525,CN,CN,STEAM,TRANS,143.04
3486526,CN,CN,STEAM,FURNI,364.64
3486527,CN,CN,STEAM,TRAN1,0.09
3486528,CN,CN,STEAM,DISTR,0.23
3486529,CN,CN,STEAM,COKE1,0.55
3486530,CN,CN,STEAM,BLAST,2.30
3486531,CN,CN,STEAM,OXYGE,0.22
3486532,CN,CN,STEAM,GASWO,0.06
3486533,CN,CN,STEAM,BIOG1,0.89
3486534,CN,CN,STEAM,DIST1,2.48
3486535,CN,CN,STEAM,CONST,119.64
3486536,CN,CN,STEAM,SALEM,0.50
3486537,CN,CN,STEAM,RETAI,0.04
3486538,CN,CN,STEAM,WHOLE,220.06
3486539,CN,CN,STEAM,RETA1,627.83
3486540,CN,CN,STEAM,HOTEL,578.60
3486541,CN,CN,STEAM,LANDT,13.03
3486542,CN,CN,STEAM,TRAN2,27.07
3486543,CN,CN,STEAM,SEACO,19.73
3486544,CN,CN,STEAM,INLAN,0.37
3486545,CN,CN,STEAM,SUPPO,101.88
3486546,CN,CN,STEAM,POSTT,280.36
3486547,CN,CN,STEAM,FINAN,429.22
3486548,CN,CN,STEAM,INSUR,205.30
3486549,CN,CN,STEAM,AUXIL,212.88
3486550,CN,CN,STEAM,REALE,179.15
3486551,CN,CN,STEAM,COMPU,824.83
3486552,CN,CN,STEAM,BUSIN,420.36
3486553,CN,CN,STEAM,PUBLI,802.99
3486554,CN,CN,STEAM,EDUCA,374.76
3486555,CN,CN,STEAM,HEALT,546.65
3486556,CN,CN,STEAM,MEMBE,14.01
3486557,CN,CN,STEAM,RECRE,89.19
3486558,CN,CN,STEAM,93197,641.77
3486559,CN,CN,COLLE,PADDY,0.01
3486560,CN,CN,COLLE,CEREA,0.01
3486561,CN,CN,COLLE,OILSE,0.34
3486562,CN,CN,COLLE,SUGAR,0.13
3486563,CN,CN,COLLE,PLANT,0.03
3486564,CN,CN,COLLE,CROPS,0.44
3486565,CN,CN,COLLE,CATTL,0.01
3486566,CN,CN,COLLE,PIGS9,0.03
3486567,CN,CN,COLLE,POULT,0.25
3486568,CN,CN,COLLE,MEATA,0.14
3486569,CN,CN,COLLE,RAWMI,0.01
3486570,CN,CN,COLLE,WOOLS,0.02
3486571,CN,CN,COLLE,FISHF,0.18
3486572,CN,CN,COLLE,NATUR,11.93
3486573,CN,CN,COLLE,NATU1,0.03
3486574,CN,CN,COLLE,MEATC,0.04
3486575,CN,CN,COLLE,MEATP,0.04
3486576,CN,CN,COLLE,MEAT1,0.67
3486577,CN,CN,COLLE,MEAT4,5.50
3486578,CN,CN,COLLE,DAIRY,0.49
3486579,CN,CN,COLLE,PROCE,0.38
3486580,CN,CN,COLLE,SUGA1,0.02
3486581,CN,CN,COLLE,TOBAC,0.69
3486582,CN,CN,COLLE,WOODW,1.25
3486583,CN,CN,COLLE,PULP5,8.07
3486584,CN,CN,COLLE,NFERT,0.95
3486585,CN,CN,COLLE,BRICK,4.83
3486586,CN,CN,COLLE,BASIC,2.00
3486587,CN,CN,COLLE,PREC1,1.35
3486588,CN,CN,COLLE,ALUM1,6.33
3486589,CN,CN,COLLE,LEAD1,0.64
3486590,CN,CN,COLLE,COPP1,2.31
3486591,CN,CN,COLLE,NONF1,6.27
3486592,CN,CN,COLLE,FOUND,6.51
3486593,CN,CN,COLLE,MEDIC,11.86
3486594,CN,CN,COLLE,ELEC2,6.32
3486595,CN,CN,COLLE,ELEC3,8.40
3486596,CN,CN,COLLE,ELEC6,0.03
3486597,CN,CN,COLLE,ELEC7,0.14
3486598,CN,CN,COLLE,ELEC8,8.73
3486599,CN,CN,COLLE,ELEC9,0.01
3486600,CN,CN,COLLE,ELE11,0.01
3486601,CN,CN,COLLE,TRAN1,0.15
3486602,CN,CN,COLLE,DISTR,0.39
3486603,CN,CN,COLLE,COKE1,0.01
3486604,CN,CN,COLLE,BLAST,0.04
3486605,CN,CN,COLLE,BIOG1,0.02
3486606,CN,CN,COLLE,DIST1,0.04
3486607,CN,CN,COLLE,STEAM,1.79
3486608,CN,CN,COLLE,RETAI,0.12
3486609,CN,CN,COLLE,WHOLE,3.46
3486610,CN,CN,COLLE,RAILW,4.27
3486611,CN,CN,COLLE,LANDT,12.96
3486612,CN,CN,COLLE,SEACO,3.33
3486613,CN,CN,COLLE,INLAN,0.16
3486614,CN,CN,COLLE,AIRTR,3.62
3486615,CN,CN,COLLE,SUPPO,2.09
3486616,CN,CN,COLLE,POSTT,6.75
3486617,CN,CN,COLLE,FINAN,1.47
3486618,CN,CN,COLLE,INSUR,0.76
3486619,CN,CN,COLLE,AUXIL,0.65
3486620,CN,CN,COLLE,HEALT,6.18
3486621,CN,CN,COLLE,MEMBE,2.53
3486622,CN,CN,COLLE,RECRE,4.98
3486623,CN,CN,CONST,OILSE,0.82
3486624,CN,CN,CONST,SUGAR,0.26
3486625,CN,CN,CONST,PLANT,1.93
3486626,CN,CN,CONST,CROPS,2.11
3486627,CN,CN,CONST,CATTL,0.02
3486628,CN,CN,CONST,MEATA,0.65
3486629,CN,CN,CONST,ANIMA,0.02
3486630,CN,CN,CONST,RAWMI,0.02
3486631,CN,CN,CONST,WOOLS,0.09
3486632,CN,CN,CONST,FORES,0.12
3486633,CN,CN,CONST,FISHF,11.51
3486634,CN,CN,CONST,COKIN,65.34
3486635,CN,CN,CONST,BITUM,572.75
3486636,CN,CN,CONST,PATEN,1.00
3486637,CN,CN,CONST,NATUR,60.55
3486638,CN,CN,CONST,NATU1,0.15
3486639,CN,CN,CONST,VEGE1,0.02
3486640,CN,CN,CONST,DAIRY,1.63
3486641,CN,CN,CONST,PROCE,2.83
3486642,CN,CN,CONST,SUGA1,0.01
3486643,CN,CN,CONST,TOBAC,8.53
3486644,CN,CN,CONST,WOODW,2.96
3486645,CN,CN,CONST,PULP5,0.21
3486646,CN,CN,CONST,COKEO,161.07
3486647,CN,CN,CONST,COALT,7.86
3486648,CN,CN,CONST,MOTOR,262.50
3486649,CN,CN,CONST,AVIAT,0.39
3486650,CN,CN,CONST,KEROS,91.53
3486651,CN,CN,CONST,KERO1,7.86
3486652,CN,CN,CONST,GASDI,183.41
3486653,CN,CN,CONST,HEAVY,39.71
3486654,CN,CN,CONST,REFIN,1.08
3486655,CN,CN,CONST,LIQUE,69.60
3486656,CN,CN,CONST,REFI1,1.70
3486657,CN,CN,CONST,NAPHT,61.57
3486658,CN,CN,CONST,WHITE,0.62
3486659,CN,CN,CONST,LUBRI,1.70
3486660,CN,CN,CONST,BITU1,12.38
3486661,CN,CN,CONST,PARAF,3.05
3486662,CN,CN,CONST,PETRO,2.76
3486663,CN,CN,CONST,NONSP,21.25
3486664,CN,CN,CONST,NFERT,0.91
3486665,CN,CN,CONST,GLASS,25.80
3486666,CN,CN,CONST,BRICK,2.63
3486667,CN,CN,CONST,CEMEN,29.74
3486668,CN,CN,CONST,BASIC,25.61
3486669,CN,CN,CONST,PREC1,1.22
3486670,CN,CN,CONST,LEAD1,1.21
3486671,CN,CN,CONST,COPP1,21.22
3486672,CN,CN,CONST,NONF1,55.53
3486673,CN,CN,CONST,MEDIC,15.59
3486674,CN,CN,CONST,ELEC1,2.32
3486675,CN,CN,CONST,ELEC2,0.58
3486676,CN,CN,CONST,ELEC3,1.07
3486677,CN,CN,CONST,ELEC5,2.08
3486678,CN,CN,CONST,ELEC7,0.01
3486679,CN,CN,CONST,ELEC8,0.98
3486680,CN,CN,CONST,ELEC9,1.60
3486681,CN,CN,CONST,TRAN1,0.03
3486682,CN,CN,CONST,DISTR,0.15
3486683,CN,CN,CONST,COKE1,2.98
3486684,CN,CN,CONST,BLAST,12.47
3486685,CN,CN,CONST,OXYGE,1.19
3486686,CN,CN,CONST,GASWO,0.35
3486687,CN,CN,CONST,BIOG1,4.85
3486688,CN,CN,CONST,DIST1,13.44
3486689,CN,CN,CONST,STEAM,0.65
3486690,CN,CN,CONST,CONST,94243.00
3486691,CN,CN,CONST,RETAI,1.00
3486692,CN,CN,CONST,TRAN2,64.37
3486693,CN,CN,CONST,INLAN,5.88
3486694,CN,CN,CONST,SUPPO,85.19
3486695,CN,CN,CONST,POSTT,1842.81
3486696,CN,CN,CONST,FINAN,568.22
3486697,CN,CN,CONST,AUXIL,253.99
3486698,CN,CN,CONST,REALE,2191.27
3486699,CN,CN,CONST,BUSIN,59.43
3486700,CN,CN,CONST,PUBLI,13859.66
3486701,CN,CN,CONST,EDUCA,3206.97
3486702,CN,CN,CONST,HEALT,26310.69
3486703,CN,CN,CONST,MEMBE,153.87
3486704,CN,CN,SALEM,CRUDE,393.03
3486705,CN,CN,SALEM,ELEC9,0.02
3486706,CN,CN,SALEM,SALEM,363.69
3486707,CN,CN,SALEM,RETAI,2.07
3486708,CN,CN,SALEM,LANDT,27764.61
3486709,CN,CN,SALEM,SUPPO,82.85
3486710,CN,CN,SALEM,POSTT,131.09
3486711,CN,CN,SALEM,AUXIL,1929.92
3486712,CN,CN,SALEM,BUSIN,25.63
3486713,CN,CN,SALEM,PUBLI,726.11
3486714,CN,CN,SALEM,EDUCA,125.73
3486715,CN,CN,SALEM,MEMBE,14.37
3486716,CN,CN,RETAI,CRUDE,7.91
3486717,CN,CN,RETAI,NATUR,1.06
3486718,CN,CN,RETAI,BASIC,0.15
3486719,CN,CN,RETAI,PREC1,0.01
3486720,CN,CN,RETAI,ALUM1,0.27
3486721,CN,CN,RETAI,LEAD1,0.02
3486722,CN,CN,RETAI,COPP1,0.05
3486723,CN,CN,RETAI,NONF1,0.05
3486724,CN,CN,RETAI,FOUND,0.03
3486725,CN,CN,RETAI,OFFIC,37.42
3486726,CN,CN,RETAI,ELECT,0.79
3486727,CN,CN,RETAI,RADIO,4.56
3486728,CN,CN,RETAI,MEDIC,0.64
3486729,CN,CN,RETAI,MOTO1,1.40
3486730,CN,CN,RETAI,TRANS,0.54
3486731,CN,CN,RETAI,STEAM,0.03
3486732,CN,CN,RETAI,CONST,324.54
3486733,CN,CN,RETAI,RETAI,0.08
3486734,CN,CN,RETAI,WHOLE,5.74
3486735,CN,CN,RETAI,RETA1,2.55
3486736,CN,CN,RETAI,RAILW,10.52
3486737,CN,CN,RETAI,LANDT,488.49
3486738,CN,CN,RETAI,TRAN2,6.39
3486739,CN,CN,RETAI,SEACO,5.50
3486740,CN,CN,RETAI,INLAN,0.74
3486741,CN,CN,RETAI,AIRTR,0.18
3486742,CN,CN,RETAI,SUPPO,8.15
3486743,CN,CN,RETAI,POSTT,147.90
3486744,CN,CN,RETAI,FINAN,23.19
3486745,CN,CN,RETAI,INSUR,8.03
3486746,CN,CN,RETAI,AUXIL,5.26
3486747,CN,CN,RETAI,COMPU,91.45
3486748,CN,CN,RETAI,RESEA,719.14
3486749,CN,CN,RETAI,BUSIN,43.84
3486750,CN,CN,RETAI,PUBLI,40.63
3486751,CN,CN,RETAI,EDUCA,21.80
3486752,CN,CN,RETAI,MEMBE,1.01
3486753,CN,CN,RETAI,RECRE,6.83
3486754,CN,CN,WHOLE,CRUDE,84.85
3486755,CN,CN,WHOLE,NATUR,25.21
3486756,CN,CN,WHOLE,NATU1,0.06
3486757,CN,CN,WHOLE,BASIC,7424.57
3486758,CN,CN,WHOLE,PREC1,20.75
3486759,CN,CN,WHOLE,ALUM1,94.04
3486760,CN,CN,WHOLE,LEAD1,9.86
3486761,CN,CN,WHOLE,COPP1,33.43
3486762,CN,CN,WHOLE,NONF1,95.61
3486763,CN,CN,WHOLE,FOUND,76.70
3486764,CN,CN,WHOLE,MACHI,0.05
3486765,CN,CN,WHOLE,OFFIC,183062.09
3486766,CN,CN,WHOLE,ELECT,7697.04
3486767,CN,CN,WHOLE,RADIO,26133.75
3486768,CN,CN,WHOLE,MEDIC,4359.44
3486769,CN,CN,WHOLE,MOTO1,9888.64
3486770,CN,CN,WHOLE,TRANS,430.25
3486771,CN,CN,WHOLE,STEAM,15.72
3486772,CN,CN,WHOLE,SALEM,789.85
3486773,CN,CN,WHOLE,RETAI,1.86
3486774,CN,CN,WHOLE,WHOLE,734.10
3486775,CN,CN,WHOLE,RETA1,357.11
3486776,CN,CN,WHOLE,RAILW,45.02
3486777,CN,CN,WHOLE,LANDT,1442.95
3486778,CN,CN,WHOLE,SEACO,139.59
3486779,CN,CN,WHOLE,INLAN,14.39
3486780,CN,CN,WHOLE,AIRTR,75.88
3486781,CN,CN,WHOLE,SUPPO,54.51
3486782,CN,CN,WHOLE,POSTT,23378.12
3486783,CN,CN,WHOLE,FINAN,684.90
3486784,CN,CN,WHOLE,INSUR,430.33
3486785,CN,CN,WHOLE,AUXIL,281.14
3486786,CN,CN,WHOLE,COMPU,66226.73
3486787,CN,CN,WHOLE,RESEA,56957.95
3486788,CN,CN,WHOLE,BUSIN,16801.36
3486789,CN,CN,WHOLE,PUBLI,8151.81
3486790,CN,CN,WHOLE,EDUCA,465.93
3486791,CN,CN,WHOLE,MEMBE,23.90
3486792,CN,CN,WHOLE,RECRE,171.72
3486793,CN,CN,RETA1,CRUDE,35.69
3486794,CN,CN,RETA1,NATUR,9.89
3486795,CN,CN,RETA1,NATU1,0.02
3486796,CN,CN,RETA1,BASIC,171.88
3486797,CN,CN,RETA1,PREC1,4.25
3486798,CN,CN,RETA1,ALUM1,19.39
3486799,CN,CN,RETA1,LEAD1,2.02
3486800,CN,CN,RETA1,COPP1,6.92
3486801,CN,CN,RETA1,NONF1,19.63
3486802,CN,CN,RETA1,FOUND,23.18
3486803,CN,CN,RETA1,MACHI,0.01
3486804,CN,CN,RETA1,OFFIC,27273.60
3486805,CN,CN,RETA1,ELECT,212.55
3486806,CN,CN,RETA1,RADIO,5834.71
3486807,CN,CN,RETA1,MEDIC,242.01
3486808,CN,CN,RETA1,MOTO1,360.46
3486809,CN,CN,RETA1,TRANS,748.65
3486810,CN,CN,RETA1,STEAM,2.17
3486811,CN,CN,RETA1,SALEM,36.18
3486812,CN,CN,RETA1,RETAI,0.98
3486813,CN,CN,RETA1,WHOLE,82.37
3486814,CN,CN,RETA1,RETA1,258.44
3486815,CN,CN,RETA1,RAILW,17.64
3486816,CN,CN,RETA1,LANDT,480.50
3486817,CN,CN,RETA1,TRAN2,27.04
3486818,CN,CN,RETA1,SEACO,9.19
3486819,CN,CN,RETA1,INLAN,1.31
3486820,CN,CN,RETA1,AIRTR,15.84
3486821,CN,CN,RETA1,SUPPO,20.90
3486822,CN,CN,RETA1,POSTT,8559.34
3486823,CN,CN,RETA1,FINAN,316.85
3486824,CN,CN,RETA1,INSUR,212.36
3486825,CN,CN,RETA1,AUXIL,118.79
3486826,CN,CN,RETA1,COMPU,4773.36
3486827,CN,CN,RETA1,RESEA,14684.98
3486828,CN,CN,RETA1,BUSIN,810.15
3486829,CN,CN,RETA1,PUBLI,977.76
3486830,CN,CN,RETA1,EDUCA,281.58
3486831,CN,CN,RETA1,MEMBE,14.95
3486832,CN,CN,RETA1,RECRE,96.08
3486833,CN,CN,HOTEL,PADDY,769.82
3486834,CN,CN,HOTEL,WHEAT,164.12
3486835,CN,CN,HOTEL,CEREA,655.96
3486836,CN,CN,HOTEL,VEGET,4110.41
3486837,CN,CN,HOTEL,OILSE,68.50
3486838,CN,CN,HOTEL,SUGAR,44.26
3486839,CN,CN,HOTEL,PLANT,6.84
3486840,CN,CN,HOTEL,CROPS,101.27
3486841,CN,CN,HOTEL,CATTL,1.61
3486842,CN,CN,HOTEL,PIGS9,6.81
3486843,CN,CN,HOTEL,POULT,52.50
3486844,CN,CN,HOTEL,MEATA,20.52
3486845,CN,CN,HOTEL,ANIMA,1.67
3486846,CN,CN,HOTEL,RAWMI,2.76
3486847,CN,CN,HOTEL,WOOLS,53.02
3486848,CN,CN,HOTEL,FORES,7.59
3486849,CN,CN,HOTEL,FISHF,194.34
3486850,CN,CN,HOTEL,COKIN,1148.70
3486851,CN,CN,HOTEL,BITUM,10069.17
3486852,CN,CN,HOTEL,PATEN,17.65
3486853,CN,CN,HOTEL,CRUDE,3899.13
3486854,CN,CN,HOTEL,NATUR,1151.76
3486855,CN,CN,HOTEL,NATU1,2.85
3486856,CN,CN,HOTEL,COPPE,0.04
3486857,CN,CN,HOTEL,PRECI,0.13
3486858,CN,CN,HOTEL,STONE,0.01
3486859,CN,CN,HOTEL,MEATC,17.87
3486860,CN,CN,HOTEL,MEATP,216.39
3486861,CN,CN,HOTEL,MEAT1,680.58
3486862,CN,CN,HOTEL,MEAT4,761.63
3486863,CN,CN,HOTEL,VEGE1,0.38
3486864,CN,CN,HOTEL,DAIRY,17.63
3486865,CN,CN,HOTEL,PROCE,44.21
3486866,CN,CN,HOTEL,SUGA1,3.02
3486867,CN,CN,HOTEL,FOOD5,17146.62
3486868,CN,CN,HOTEL,BEVER,1098.48
3486869,CN,CN,HOTEL,FISH5,7397.90
3486870,CN,CN,HOTEL,TOBAC,171.88
3486871,CN,CN,HOTEL,TEXTI,742.80
3486872,CN,CN,HOTEL,WEARI,3402.67
3486873,CN,CN,HOTEL,LEATH,2298.57
3486874,CN,CN,HOTEL,WOODW,66.85
3486875,CN,CN,HOTEL,PULP5,2.88
3486876,CN,CN,HOTEL,PAPER,854.32
3486877,CN,CN,HOTEL,PRINT,507.54
3486878,CN,CN,HOTEL,COKEO,95.58
3486879,CN,CN,HOTEL,COALT,32.20
3486880,CN,CN,HOTEL,MOTOR,1079.22
3486881,CN,CN,HOTEL,AVIAT,1.59
3486882,CN,CN,HOTEL,KEROS,376.33
3486883,CN,CN,HOTEL,KERO1,32.32
3486884,CN,CN,HOTEL,GASDI,754.06
3486885,CN,CN,HOTEL,HEAVY,163.26
3486886,CN,CN,HOTEL,REFIN,4.42
3486887,CN,CN,HOTEL,LIQUE,286.14
3486888,CN,CN,HOTEL,REFI1,6.98
3486889,CN,CN,HOTEL,NAPHT,253.13
3486890,CN,CN,HOTEL,WHITE,2.54
3486891,CN,CN,HOTEL,LUBRI,7.01
3486892,CN,CN,HOTEL,BITU1,50.92
3486893,CN,CN,HOTEL,PARAF,12.53
3486894,CN,CN,HOTEL,PETRO,11.33
3486895,CN,CN,HOTEL,NONSP,87.36
3486896,CN,CN,HOTEL,PLAST,2568.63
3486897,CN,CN,HOTEL,NFERT,6.05
3486898,CN,CN,HOTEL,PFERT,1415.57
3486899,CN,CN,HOTEL,CHEM1,13568.30
3486900,CN,CN,HOTEL,BIOGA,66.19
3486901,CN,CN,HOTEL,BIODI,35.21
3486902,CN,CN,HOTEL,RUBBE,3114.64
3486903,CN,CN,HOTEL,GLASS,4239.61
3486904,CN,CN,HOTEL,CERAM,6997.02
3486905,CN,CN,HOTEL,BRICK,58.21
3486906,CN,CN,HOTEL,CEMEN,1433.94
3486907,CN,CN,HOTEL,NONME,5786.20
3486908,CN,CN,HOTEL,BASIC,11338.64
3486909,CN,CN,HOTEL,PREC1,498.72
3486910,CN,CN,HOTEL,ALUM1,3820.17
3486911,CN,CN,HOTEL,LEAD1,237.68
3486912,CN,CN,HOTEL,COPP1,840.43
3486913,CN,CN,HOTEL,NONF1,8345.87
3486914,CN,CN,HOTEL,FOUND,880.06
3486915,CN,CN,HOTEL,FABRI,26912.16
3486916,CN,CN,HOTEL,MACHI,0.03
3486917,CN,CN,HOTEL,OFFIC,8196.77
3486918,CN,CN,HOTEL,ELECT,6577.95
3486919,CN,CN,HOTEL,RADIO,1428.52
3486920,CN,CN,HOTEL,MEDIC,470.21
3486921,CN,CN,HOTEL,MOTO1,10329.44
3486922,CN,CN,HOTEL,TRANS,2132.62
3486923,CN,CN,HOTEL,FURNI,2839.29
3486924,CN,CN,HOTEL,ELEC1,235.77
3486925,CN,CN,HOTEL,ELEC2,39.27
3486926,CN,CN,HOTEL,ELEC3,49.77
3486927,CN,CN,HOTEL,ELEC4,135.69
3486928,CN,CN,HOTEL,ELEC5,33.30
3486929,CN,CN,HOTEL,ELEC6,0.64
3486930,CN,CN,HOTEL,ELEC7,3.13
3486931,CN,CN,HOTEL,ELEC8,127.45
3486932,CN,CN,HOTEL,ELEC9,3.88
3486933,CN,CN,HOTEL,ELE11,0.11
3486934,CN,CN,HOTEL,TRAN1,6.90
3486935,CN,CN,HOTEL,DISTR,17.73
3486936,CN,CN,HOTEL,COKE1,0.73
3486937,CN,CN,HOTEL,BLAST,3.07
3486938,CN,CN,HOTEL,OXYGE,0.29
3486939,CN,CN,HOTEL,GASWO,0.09
3486940,CN,CN,HOTEL,BIOG1,1.19
3486941,CN,CN,HOTEL,DIST1,3.30
3486942,CN,CN,HOTEL,STEAM,39.93
3486943,CN,CN,HOTEL,CONST,89136.06
3486944,CN,CN,HOTEL,RETAI,85.86
3486945,CN,CN,HOTEL,WHOLE,4316.48
3486946,CN,CN,HOTEL,RETA1,7538.69
3486947,CN,CN,HOTEL,HOTEL,3192.43
3486948,CN,CN,HOTEL,RAILW,41.48
3486949,CN,CN,HOTEL,LANDT,1410.72
3486950,CN,CN,HOTEL,TRAN2,48.77
3486951,CN,CN,HOTEL,SEACO,655.01
3486952,CN,CN,HOTEL,INLAN,32.77
3486953,CN,CN,HOTEL,AIRTR,1850.82
3486954,CN,CN,HOTEL,FINAN,27601.88
3486955,CN,CN,HOTEL,INSUR,19513.43
3486956,CN,CN,HOTEL,AUXIL,14706.51
3486957,CN,CN,HOTEL,REALE,33752.66
3486958,CN,CN,HOTEL,COMPU,16690.56
3486959,CN,CN,HOTEL,RESEA,23830.61
3486960,CN,CN,HOTEL,BUSIN,63403.79
3486961,CN,CN,HOTEL,PUBLI,87528.82
3486962,CN,CN,HOTEL,EDUCA,23657.51
3486963,CN,CN,HOTEL,HEALT,18516.84
3486964,CN,CN,HOTEL,MEMBE,3852.21
3486965,CN,CN,HOTEL,RECRE,5076.84
3486966,CN,CN,HOTEL,93197,10867.33
3486967,CN,CN,HOTEL,PRIVA,0.03
3486968,CN,CN,RAILW,CRUDE,56.54
3486969,CN,CN,RAILW,NATUR,6.72
3486970,CN,CN,RAILW,NATU1,0.02
3486971,CN,CN,RAILW,PRECI,0.02
3486972,CN,CN,RAILW,BASIC,13255.88
3486973,CN,CN,RAILW,PREC1,1.88
3486974,CN,CN,RAILW,ALUM1,23.81
3486975,CN,CN,RAILW,LEAD1,1.88
3486976,CN,CN,RAILW,COPP1,7.71
3486977,CN,CN,RAILW,NONF1,9.61
3486978,CN,CN,RAILW,OFFIC,1466.12
3486979,CN,CN,RAILW,ELECT,57.28
3486980,CN,CN,RAILW,RADIO,89.70
3486981,CN,CN,RAILW,MEDIC,13.51
3486982,CN,CN,RAILW,MOTO1,252.20
3486983,CN,CN,RAILW,TRANS,1.34
3486984,CN,CN,RAILW,STEAM,0.98
3486985,CN,CN,RAILW,CONST,14289.59
3486986,CN,CN,RAILW,SALEM,1375.45
3486987,CN,CN,RAILW,RETAI,3.62
3486988,CN,CN,RAILW,WHOLE,12025.73
3486989,CN,CN,RAILW,RETA1,6650.40
3486990,CN,CN,RAILW,RAILW,2050.39
3486991,CN,CN,RAILW,LANDT,71.84
3486992,CN,CN,RAILW,TRAN2,2.29
3486993,CN,CN,RAILW,SEACO,41.43
3486994,CN,CN,RAILW,INLAN,1.70
3486995,CN,CN,RAILW,SUPPO,53.33
3486996,CN,CN,RAILW,POSTT,9774.10
3486997,CN,CN,RAILW,FINAN,5701.75
3486998,CN,CN,RAILW,INSUR,7666.90
3486999,CN,CN,RAILW,AUXIL,929.68
3487000,CN,CN,RAILW,COMPU,15513.18
3487001,CN,CN,RAILW,RESEA,19070.27
3487002,CN,CN,RAILW,BUSIN,23475.51
3487003,CN,CN,RAILW,PUBLI,35238.27
3487004,CN,CN,RAILW,EDUCA,17358.11
3487005,CN,CN,RAILW,MEMBE,100.20
3487006,CN,CN,RAILW,RECRE,92.91
3487007,CN,CN,LANDT,CRUDE,11.72
3487008,CN,CN,LANDT,NATUR,2.54
3487009,CN,CN,LANDT,NATU1,0.01
3487010,CN,CN,LANDT,BASIC,932.20
3487011,CN,CN,LANDT,PREC1,6.18
3487012,CN,CN,LANDT,ALUM1,169.81
3487013,CN,CN,LANDT,LEAD1,57.91
3487014,CN,CN,LANDT,COPP1,72.97
3487015,CN,CN,LANDT,NONF1,8.74
3487016,CN,CN,LANDT,FOUND,39.27
3487017,CN,CN,LANDT,MACHI,0.02
3487018,CN,CN,LANDT,OFFIC,10949.21
3487019,CN,CN,LANDT,ELECT,530.35
3487020,CN,CN,LANDT,RADIO,874.29
3487021,CN,CN,LANDT,MEDIC,264.12
3487022,CN,CN,LANDT,MOTO1,280.43
3487023,CN,CN,LANDT,TRANS,17.62
3487024,CN,CN,LANDT,STEAM,0.34
3487025,CN,CN,LANDT,CONST,632933.49
3487026,CN,CN,LANDT,SALEM,11890.06
3487027,CN,CN,LANDT,RETAI,116.78
3487028,CN,CN,LANDT,WHOLE,29023.78
3487029,CN,CN,LANDT,RETA1,46349.17
3487030,CN,CN,LANDT,RAILW,32.89
3487031,CN,CN,LANDT,LANDT,210.01
3487032,CN,CN,LANDT,TRAN2,12.85
3487033,CN,CN,LANDT,SEACO,51.76
3487034,CN,CN,LANDT,INLAN,5.33
3487035,CN,CN,LANDT,AIRTR,27.23
3487036,CN,CN,LANDT,SUPPO,58.89
3487037,CN,CN,LANDT,POSTT,4556.33
3487038,CN,CN,LANDT,FINAN,8302.48
3487039,CN,CN,LANDT,INSUR,8205.04
3487040,CN,CN,LANDT,AUXIL,41.04
3487041,CN,CN,LANDT,COMPU,15441.50
3487042,CN,CN,LANDT,RESEA,12523.50
3487043,CN,CN,LANDT,BUSIN,22070.88
3487044,CN,CN,LANDT,PUBLI,36229.63
3487045,CN,CN,LANDT,EDUCA,8332.96
3487046,CN,CN,LANDT,MEMBE,138.05
3487047,CN,CN,LANDT,RECRE,503.92
3487048,CN,CN,TRAN2,CRUDE,19880.93
3487049,CN,CN,TRAN2,NATUR,196.43
3487050,CN,CN,TRAN2,NATU1,0.49
3487051,CN,CN,TRAN2,COPPE,0.01
3487052,CN,CN,TRAN2,PRECI,0.02
3487053,CN,CN,TRAN2,TRAN2,1555.11
3487054,CN,CN,TRAN2,MEMBE,7.72
3487055,CN,CN,SEACO,CRUDE,53.38
3487056,CN,CN,SEACO,NATUR,11.87
3487057,CN,CN,SEACO,NATU1,0.03
3487058,CN,CN,SEACO,BASIC,7411.93
3487059,CN,CN,SEACO,PREC1,80.50
3487060,CN,CN,SEACO,ALUM1,130.67
3487061,CN,CN,SEACO,LEAD1,24.92
3487062,CN,CN,SEACO,COPP1,403.60
3487063,CN,CN,SEACO,NONF1,33.46
3487064,CN,CN,SEACO,FOUND,6.72
3487065,CN,CN,SEACO,MACHI,0.01
3487066,CN,CN,SEACO,OFFIC,768.71
3487067,CN,CN,SEACO,ELECT,132.49
3487068,CN,CN,SEACO,RADIO,126.77
3487069,CN,CN,SEACO,MEDIC,43.11
3487070,CN,CN,SEACO,MOTO1,310.48
3487071,CN,CN,SEACO,TRANS,14.57
3487072,CN,CN,SEACO,STEAM,0.64
3487073,CN,CN,SEACO,CONST,146132.55
3487074,CN,CN,SEACO,SALEM,15132.74
3487075,CN,CN,SEACO,RETAI,1.22
3487076,CN,CN,SEACO,WHOLE,790.99
3487077,CN,CN,SEACO,RETA1,1201.65
3487078,CN,CN,SEACO,RAILW,4.40
3487079,CN,CN,SEACO,LANDT,293.66
3487080,CN,CN,SEACO,TRAN2,14.46
3487081,CN,CN,SEACO,SEACO,17516.63
3487082,CN,CN,SEACO,INLAN,4.51
3487083,CN,CN,SEACO,AIRTR,28.90
3487084,CN,CN,SEACO,SUPPO,7.78
3487085,CN,CN,SEACO,POSTT,959.77
3487086,CN,CN,SEACO,FINAN,85.44
3487087,CN,CN,SEACO,INSUR,117.58
3487088,CN,CN,SEACO,COMPU,146.43
3487089,CN,CN,SEACO,RESEA,400.36
3487090,CN,CN,SEACO,BUSIN,449.74
3487091,CN,CN,SEACO,PUBLI,725.34
3487092,CN,CN,SEACO,EDUCA,286.69
3487093,CN,CN,SEACO,MEMBE,1.04
3487094,CN,CN,SEACO,RECRE,19.84
3487095,CN,CN,INLAN,NATUR,3.78
3487096,CN,CN,INLAN,NATU1,0.01
3487097,CN,CN,INLAN,BASIC,93.59
3487098,CN,CN,INLAN,PREC1,0.27
3487099,CN,CN,INLAN,ALUM1,8.56
3487100,CN,CN,INLAN,LEAD1,0.74
3487101,CN,CN,INLAN,COPP1,2.51
3487102,CN,CN,INLAN,NONF1,0.17
3487103,CN,CN,INLAN,FOUND,1.14
3487104,CN,CN,INLAN,OFFIC,206.30
3487105,CN,CN,INLAN,ELECT,17.86
3487106,CN,CN,INLAN,RADIO,32.16
3487107,CN,CN,INLAN,MEDIC,7.76
3487108,CN,CN,INLAN,MOTO1,15.25
3487109,CN,CN,INLAN,TRANS,0.98
3487110,CN,CN,INLAN,STEAM,0.08
3487111,CN,CN,INLAN,CONST,12337.37
3487112,CN,CN,INLAN,SALEM,763.83
3487113,CN,CN,INLAN,RETAI,0.15
3487114,CN,CN,INLAN,WHOLE,345.64
3487115,CN,CN,INLAN,RETA1,314.96
3487116,CN,CN,INLAN,RAILW,0.55
3487117,CN,CN,INLAN,LANDT,56.20
3487118,CN,CN,INLAN,TRAN2,1.96
3487119,CN,CN,INLAN,SEACO,22.87
3487120,CN,CN,INLAN,INLAN,1.55
3487121,CN,CN,INLAN,AIRTR,7.39
3487122,CN,CN,INLAN,SUPPO,1.60
3487123,CN,CN,INLAN,POSTT,147.85
3487124,CN,CN,INLAN,FINAN,88.78
3487125,CN,CN,INLAN,INSUR,225.01
3487126,CN,CN,INLAN,COMPU,138.79
3487127,CN,CN,INLAN,RESEA,235.05
3487128,CN,CN,INLAN,BUSIN,106.81
3487129,CN,CN,INLAN,PUBLI,237.57
3487130,CN,CN,INLAN,EDUCA,108.07
3487131,CN,CN,INLAN,MEMBE,0.13
3487132,CN,CN,INLAN,RECRE,5.58
3487133,CN,CN,AIRTR,CRUDE,24.24
3487134,CN,CN,AIRTR,NATUR,7.21
3487135,CN,CN,AIRTR,NATU1,0.02
3487136,CN,CN,AIRTR,BASIC,14.50
3487137,CN,CN,AIRTR,PREC1,5.36
3487138,CN,CN,AIRTR,ALUM1,24.67
3487139,CN,CN,AIRTR,LEAD1,2.55
3487140,CN,CN,AIRTR,COPP1,8.89
3487141,CN,CN,AIRTR,NONF1,24.78
3487142,CN,CN,AIRTR,FOUND,36.87
3487143,CN,CN,AIRTR,MACHI,0.02
3487144,CN,CN,AIRTR,OFFIC,8353.04
3487145,CN,CN,AIRTR,ELECT,272.33
3487146,CN,CN,AIRTR,RADIO,645.67
3487147,CN,CN,AIRTR,MEDIC,220.88
3487148,CN,CN,AIRTR,MOTO1,132.57
3487149,CN,CN,AIRTR,TRANS,29.34
3487150,CN,CN,AIRTR,STEAM,0.03
3487151,CN,CN,AIRTR,CONST,70705.26
3487152,CN,CN,AIRTR,SALEM,1817.05
3487153,CN,CN,AIRTR,RETAI,20.75
3487154,CN,CN,AIRTR,WHOLE,6051.02
3487155,CN,CN,AIRTR,RETA1,4517.12
3487156,CN,CN,AIRTR,RAILW,10.07
3487157,CN,CN,AIRTR,LANDT,24.96
3487158,CN,CN,AIRTR,TRAN2,1.31
3487159,CN,CN,AIRTR,SEACO,11.83
3487160,CN,CN,AIRTR,INLAN,1.17
3487161,CN,CN,AIRTR,AIRTR,680.46
3487162,CN,CN,AIRTR,SUPPO,564.75
3487163,CN,CN,AIRTR,POSTT,6249.04
3487164,CN,CN,AIRTR,FINAN,12200.74
3487165,CN,CN,AIRTR,INSUR,6931.69
3487166,CN,CN,AIRTR,AUXIL,3649.44
3487167,CN,CN,AIRTR,COMPU,7190.42
3487168,CN,CN,AIRTR,RESEA,9057.12
3487169,CN,CN,AIRTR,BUSIN,21660.94
3487170,CN,CN,AIRTR,PUBLI,11961.40
3487171,CN,CN,AIRTR,EDUCA,1191.20
3487172,CN,CN,AIRTR,MEMBE,221.08
3487173,CN,CN,AIRTR,RECRE,243.62
3487174,CN,CN,SUPPO,CRUDE,6.94
3487175,CN,CN,SUPPO,NATUR,1.90
3487176,CN,CN,SUPPO,COPPE,0.01
3487177,CN,CN,SUPPO,PRECI,0.04
3487178,CN,CN,SUPPO,BASIC,6667.95
3487179,CN,CN,SUPPO,PREC1,25.70
3487180,CN,CN,SUPPO,ALUM1,119.97
3487181,CN,CN,SUPPO,LEAD1,12.25
3487182,CN,CN,SUPPO,COPP1,43.72
3487183,CN,CN,SUPPO,NONF1,119.16
3487184,CN,CN,SUPPO,FOUND,143.91
3487185,CN,CN,SUPPO,MACHI,0.04
3487186,CN,CN,SUPPO,OFFIC,14995.69
3487187,CN,CN,SUPPO,ELECT,576.76
3487188,CN,CN,SUPPO,RADIO,3985.25
3487189,CN,CN,SUPPO,MEDIC,308.69
3487190,CN,CN,SUPPO,MOTO1,585.31
3487191,CN,CN,SUPPO,TRANS,266.07
3487192,CN,CN,SUPPO,STEAM,0.17
3487193,CN,CN,SUPPO,SALEM,2308.26
3487194,CN,CN,SUPPO,RETAI,579.23
3487195,CN,CN,SUPPO,WHOLE,76912.39
3487196,CN,CN,SUPPO,RETA1,33289.31
3487197,CN,CN,SUPPO,RAILW,3483.25
3487198,CN,CN,SUPPO,LANDT,7950.61
3487199,CN,CN,SUPPO,TRAN2,43.87
3487200,CN,CN,SUPPO,SEACO,1145.93
3487201,CN,CN,SUPPO,INLAN,94.88
3487202,CN,CN,SUPPO,AIRTR,2548.81
3487203,CN,CN,SUPPO,SUPPO,3019.94
3487204,CN,CN,SUPPO,POSTT,12169.36
3487205,CN,CN,SUPPO,FINAN,8265.99
3487206,CN,CN,SUPPO,INSUR,7930.02
3487207,CN,CN,SUPPO,AUXIL,4332.76
3487208,CN,CN,SUPPO,COMPU,11911.50
3487209,CN,CN,SUPPO,RESEA,8440.09
3487210,CN,CN,SUPPO,BUSIN,32534.93
3487211,CN,CN,SUPPO,PUBLI,7144.67
3487212,CN,CN,SUPPO,EDUCA,1597.15
3487213,CN,CN,SUPPO,MEMBE,88.52
3487214,CN,CN,SUPPO,RECRE,314.20
3487215,CN,CN,POSTT,PADDY,6.34
3487216,CN,CN,POSTT,WHEAT,1.49
3487217,CN,CN,POSTT,CEREA,4.90
3487218,CN,CN,POSTT,VEGET,7725.57
3487219,CN,CN,POSTT,OILSE,21.53
3487220,CN,CN,POSTT,SUGAR,15.46
3487221,CN,CN,POSTT,PLANT,2.16
3487222,CN,CN,POSTT,CROPS,32.78
3487223,CN,CN,POSTT,CATTL,0.52
3487224,CN,CN,POSTT,PIGS9,2.21
3487225,CN,CN,POSTT,POULT,4.21
3487226,CN,CN,POSTT,MEATA,0.30
3487227,CN,CN,POSTT,ANIMA,0.09
3487228,CN,CN,POSTT,RAWMI,0.93
3487229,CN,CN,POSTT,WOOLS,0.04
3487230,CN,CN,POSTT,FORES,2.46
3487231,CN,CN,POSTT,FISHF,81.89
3487232,CN,CN,POSTT,COKIN,3.77
3487233,CN,CN,POSTT,BITUM,33.04
3487234,CN,CN,POSTT,PATEN,0.06
3487235,CN,CN,POSTT,CRUDE,27.46
3487236,CN,CN,POSTT,NATUR,8.13
3487237,CN,CN,POSTT,NATU1,0.02
3487238,CN,CN,POSTT,MEATC,0.14
3487239,CN,CN,POSTT,MEATP,1.02
3487240,CN,CN,POSTT,MEAT1,0.63
3487241,CN,CN,POSTT,MEAT4,2.66
3487242,CN,CN,POSTT,VEGE1,0.01
3487243,CN,CN,POSTT,DAIRY,0.67
3487244,CN,CN,POSTT,PROCE,0.97
3487245,CN,CN,POSTT,SUGA1,0.01
3487246,CN,CN,POSTT,FOOD5,42.68
3487247,CN,CN,POSTT,BEVER,27.11
3487248,CN,CN,POSTT,FISH5,144.82
3487249,CN,CN,POSTT,TOBAC,3.31
3487250,CN,CN,POSTT,TEXTI,7828.87
3487251,CN,CN,POSTT,WEARI,13326.78
3487252,CN,CN,POSTT,LEATH,6302.59
3487253,CN,CN,POSTT,WOODW,6.97
3487254,CN,CN,POSTT,PULP5,0.22
3487255,CN,CN,POSTT,PAPER,105.75
3487256,CN,CN,POSTT,PRINT,107.35
3487257,CN,CN,POSTT,COKEO,0.29
3487258,CN,CN,POSTT,COALT,0.13
3487259,CN,CN,POSTT,MOTOR,4.23
3487260,CN,CN,POSTT,AVIAT,0.01
3487261,CN,CN,POSTT,KEROS,1.47
3487262,CN,CN,POSTT,KERO1,0.13
3487263,CN,CN,POSTT,GASDI,2.96
3487264,CN,CN,POSTT,HEAVY,0.64
3487265,CN,CN,POSTT,REFIN,0.02
3487266,CN,CN,POSTT,LIQUE,1.12
3487267,CN,CN,POSTT,REFI1,0.03
3487268,CN,CN,POSTT,NAPHT,0.99
3487269,CN,CN,POSTT,WHITE,0.01
3487270,CN,CN,POSTT,LUBRI,0.03
3487271,CN,CN,POSTT,BITU1,0.20
3487272,CN,CN,POSTT,PARAF,0.05
3487273,CN,CN,POSTT,PETRO,0.04
3487274,CN,CN,POSTT,NONSP,0.34
3487275,CN,CN,POSTT,PLAST,236.57
3487276,CN,CN,POSTT,NFERT,0.34
3487277,CN,CN,POSTT,PFERT,79.45
3487278,CN,CN,POSTT,CHEM1,10651.10
3487279,CN,CN,POSTT,BIOGA,51.96
3487280,CN,CN,POSTT,BIODI,27.64
3487281,CN,CN,POSTT,RUBBE,366.38
3487282,CN,CN,POSTT,GLASS,88.54
3487283,CN,CN,POSTT,CERAM,68.38
3487284,CN,CN,POSTT,BRICK,1.45
3487285,CN,CN,POSTT,CEMEN,18.83
3487286,CN,CN,POSTT,NONME,35.34
3487287,CN,CN,POSTT,BASIC,7263.08
3487288,CN,CN,POSTT,PREC1,24.93
3487289,CN,CN,POSTT,ALUM1,112.59
3487290,CN,CN,POSTT,LEAD1,11.85
3487291,CN,CN,POSTT,COPP1,39.95
3487292,CN,CN,POSTT,NONF1,114.86
3487293,CN,CN,POSTT,FOUND,110.35
3487294,CN,CN,POSTT,FABRI,22.03
3487295,CN,CN,POSTT,OFFIC,6787.73
3487296,CN,CN,POSTT,ELECT,7997.11
3487297,CN,CN,POSTT,RADIO,129.85
3487298,CN,CN,POSTT,MEDIC,41.00
3487299,CN,CN,POSTT,MOTO1,13.03
3487300,CN,CN,POSTT,TRANS,4.77
3487301,CN,CN,POSTT,FURNI,176.63
3487302,CN,CN,POSTT,ELEC1,5.05
3487303,CN,CN,POSTT,ELEC2,1.27
3487304,CN,CN,POSTT,ELEC3,1.48
3487305,CN,CN,POSTT,ELEC4,3.56
3487306,CN,CN,POSTT,ELEC5,1.33
3487307,CN,CN,POSTT,ELEC6,0.01
3487308,CN,CN,POSTT,ELEC7,0.03
3487309,CN,CN,POSTT,ELEC9,0.01
3487310,CN,CN,POSTT,TRAN1,0.06
3487311,CN,CN,POSTT,DISTR,0.15
3487312,CN,CN,POSTT,COKE1,0.04
3487313,CN,CN,POSTT,BLAST,0.18
3487314,CN,CN,POSTT,OXYGE,0.02
3487315,CN,CN,POSTT,BIOG1,0.07
3487316,CN,CN,POSTT,DIST1,0.19
3487317,CN,CN,POSTT,STEAM,1.00
3487318,CN,CN,POSTT,CONST,15524.53
3487319,CN,CN,POSTT,SALEM,530.41
3487320,CN,CN,POSTT,RETAI,20.27
3487321,CN,CN,POSTT,WHOLE,1182.24
3487322,CN,CN,POSTT,RETA1,4348.97
3487323,CN,CN,POSTT,HOTEL,4155.25
3487324,CN,CN,POSTT,RAILW,3.07
3487325,CN,CN,POSTT,LANDT,25.64
3487326,CN,CN,POSTT,TRAN2,6.25
3487327,CN,CN,POSTT,SEACO,12.46
3487328,CN,CN,POSTT,INLAN,0.95
3487329,CN,CN,POSTT,AIRTR,8.37
3487330,CN,CN,POSTT,SUPPO,16.58
3487331,CN,CN,POSTT,POSTT,37701.38
3487332,CN,CN,POSTT,FINAN,20592.14
3487333,CN,CN,POSTT,INSUR,12336.27
3487334,CN,CN,POSTT,AUXIL,13208.31
3487335,CN,CN,POSTT,REALE,15799.59
3487336,CN,CN,POSTT,COMPU,7267.22
3487337,CN,CN,POSTT,RESEA,13046.17
3487338,CN,CN,POSTT,BUSIN,29632.95
3487339,CN,CN,POSTT,PUBLI,127764.39
3487340,CN,CN,POSTT,EDUCA,10173.74
3487341,CN,CN,POSTT,HEALT,311.03
3487342,CN,CN,POSTT,MEMBE,345.30
3487343,CN,CN,POSTT,RECRE,61.84
3487344,CN,CN,POSTT,93197,7282.65
3487345,CN,CN,FINAN,PADDY,63.97
3487346,CN,CN,FINAN,WHEAT,7.89
3487347,CN,CN,FINAN,CEREA,78.23
3487348,CN,CN,FINAN,VEGET,279.72
3487349,CN,CN,FINAN,OILSE,28.25
3487350,CN,CN,FINAN,SUGAR,63.23
3487351,CN,CN,FINAN,CROPS,17.60
3487352,CN,CN,FINAN,CATTL,62.18
3487353,CN,CN,FINAN,PIGS9,53.73
3487354,CN,CN,FINAN,POULT,19.70
3487355,CN,CN,FINAN,MEATA,59.47
3487356,CN,CN,FINAN,ANIMA,1.26
3487357,CN,CN,FINAN,WOOLS,8.08
3487358,CN,CN,FINAN,FORES,5.07
3487359,CN,CN,FINAN,FISHF,126.80
3487360,CN,CN,FINAN,COKIN,1824.98
3487361,CN,CN,FINAN,BITUM,15997.22
3487362,CN,CN,FINAN,PATEN,28.03
3487363,CN,CN,FINAN,CRUDE,317.56
3487364,CN,CN,FINAN,NATUR,68.69
3487365,CN,CN,FINAN,NATU1,0.17
3487366,CN,CN,FINAN,COPPE,0.03
3487367,CN,CN,FINAN,PRECI,0.06
3487368,CN,CN,FINAN,STONE,0.02
3487369,CN,CN,FINAN,MEATC,31.17
3487370,CN,CN,FINAN,MEATP,177.61
3487371,CN,CN,FINAN,MEAT1,230.76
3487372,CN,CN,FINAN,MEAT4,2289.96
3487373,CN,CN,FINAN,VEGE1,0.57
3487374,CN,CN,FINAN,DAIRY,59.57
3487375,CN,CN,FINAN,PROCE,72.43
3487376,CN,CN,FINAN,SUGA1,3.49
3487377,CN,CN,FINAN,FOOD5,24597.11
3487378,CN,CN,FINAN,BEVER,2046.96
3487379,CN,CN,FINAN,FISH5,12234.04
3487380,CN,CN,FINAN,TOBAC,310.75
3487381,CN,CN,FINAN,TEXTI,40618.74
3487382,CN,CN,FINAN,WEARI,14885.62
3487383,CN,CN,FINAN,LEATH,1833.47
3487384,CN,CN,FINAN,WOODW,1088.85
3487385,CN,CN,FINAN,PULP5,104.49
3487386,CN,CN,FINAN,PAPER,13433.83
3487387,CN,CN,FINAN,PRINT,5615.53
3487388,CN,CN,FINAN,COKEO,56.54
3487389,CN,CN,FINAN,COALT,26.12
3487390,CN,CN,FINAN,MOTOR,875.64
3487391,CN,CN,FINAN,AVIAT,1.29
3487392,CN,CN,FINAN,KEROS,305.34
3487393,CN,CN,FINAN,KERO1,26.22
3487394,CN,CN,FINAN,GASDI,611.81
3487395,CN,CN,FINAN,HEAVY,132.46
3487396,CN,CN,FINAN,REFIN,3.59
3487397,CN,CN,FINAN,LIQUE,232.16
3487398,CN,CN,FINAN,REFI1,5.66
3487399,CN,CN,FINAN,NAPHT,205.38
3487400,CN,CN,FINAN,WHITE,2.06
3487401,CN,CN,FINAN,LUBRI,5.69
3487402,CN,CN,FINAN,BITU1,41.31
3487403,CN,CN,FINAN,PARAF,10.17
3487404,CN,CN,FINAN,PETRO,9.19
3487405,CN,CN,FINAN,NONSP,70.88
3487406,CN,CN,FINAN,PLAST,37017.00
3487407,CN,CN,FINAN,NFERT,100.49
3487408,CN,CN,FINAN,CHEM1,17208.05
3487409,CN,CN,FINAN,BIOGA,83.95
3487410,CN,CN,FINAN,BIODI,44.66
3487411,CN,CN,FINAN,RUBBE,12862.42
3487412,CN,CN,FINAN,GLASS,16044.33
3487413,CN,CN,FINAN,CERAM,39387.10
3487414,CN,CN,FINAN,BRICK,206.44
3487415,CN,CN,FINAN,CEMEN,12057.96
3487416,CN,CN,FINAN,NONME,12503.12
3487417,CN,CN,FINAN,BASIC,49754.54
3487418,CN,CN,FINAN,PREC1,528.74
3487419,CN,CN,FINAN,ALUM1,36832.17
3487420,CN,CN,FINAN,LEAD1,608.67
3487421,CN,CN,FINAN,COPP1,18809.79
3487422,CN,CN,FINAN,FOUND,533.15
3487423,CN,CN,FINAN,FABRI,16841.06
3487424,CN,CN,FINAN,MACHI,0.03
3487425,CN,CN,FINAN,ELECT,21829.94
3487426,CN,CN,FINAN,RADIO,21012.79
3487427,CN,CN,FINAN,MEDIC,5604.37
3487428,CN,CN,FINAN,MOTO1,20838.04
3487429,CN,CN,FINAN,TRANS,1891.29
3487430,CN,CN,FINAN,FURNI,12217.94
3487431,CN,CN,FINAN,ELEC1,3585.31
3487432,CN,CN,FINAN,ELEC2,584.55
3487433,CN,CN,FINAN,ELEC3,1025.56
3487434,CN,CN,FINAN,ELEC4,8637.06
3487435,CN,CN,FINAN,ELEC5,3044.92
3487436,CN,CN,FINAN,ELEC6,4.32
3487437,CN,CN,FINAN,ELEC7,20.78
3487438,CN,CN,FINAN,ELEC8,895.08
3487439,CN,CN,FINAN,ELEC9,1.08
3487440,CN,CN,FINAN,ELE11,0.75
3487441,CN,CN,FINAN,TRAN1,38.22
3487442,CN,CN,FINAN,DISTR,100.58
3487443,CN,CN,FINAN,COKE1,155.04
3487444,CN,CN,FINAN,BLAST,649.35
3487445,CN,CN,FINAN,OXYGE,62.16
3487446,CN,CN,FINAN,GASWO,18.03
3487447,CN,CN,FINAN,BIOG1,252.38
3487448,CN,CN,FINAN,DIST1,699.56
3487449,CN,CN,FINAN,STEAM,6016.25
3487450,CN,CN,FINAN,CONST,73361.10
3487451,CN,CN,FINAN,RETAI,103.05
3487452,CN,CN,FINAN,WHOLE,7392.45
3487453,CN,CN,FINAN,HOTEL,11823.88
3487454,CN,CN,FINAN,LANDT,4492.12
3487455,CN,CN,FINAN,TRAN2,784.30
3487456,CN,CN,FINAN,SEACO,6605.93
3487457,CN,CN,FINAN,INLAN,733.20
3487458,CN,CN,FINAN,AIRTR,2854.89
3487459,CN,CN,FINAN,SUPPO,2524.37
3487460,CN,CN,FINAN,POSTT,293.34
3487461,CN,CN,FINAN,FINAN,55651.80
3487462,CN,CN,FINAN,INSUR,6380.23
3487463,CN,CN,FINAN,AUXIL,2278.81
3487464,CN,CN,FINAN,REALE,32981.22
3487465,CN,CN,FINAN,COMPU,15622.34
3487466,CN,CN,FINAN,RESEA,405.33
3487467,CN,CN,FINAN,BUSIN,36791.63
3487468,CN,CN,FINAN,PUBLI,889.18
3487469,CN,CN,FINAN,EDUCA,36121.19
3487470,CN,CN,FINAN,HEALT,18496.16
3487471,CN,CN,FINAN,MEMBE,906.38
3487472,CN,CN,FINAN,RECRE,2284.56
3487473,CN,CN,FINAN,93197,18686.50
3487474,CN,CN,INSUR,PADDY,164.54
3487475,CN,CN,INSUR,WHEAT,160.37
3487476,CN,CN,INSUR,CEREA,231.38
3487477,CN,CN,INSUR,VEGET,536.14
3487478,CN,CN,INSUR,OILSE,162.32
3487479,CN,CN,INSUR,SUGAR,170.52
3487480,CN,CN,INSUR,PLANT,1.20
3487481,CN,CN,INSUR,CROPS,15.16
3487482,CN,CN,INSUR,CATTL,135.36
3487483,CN,CN,INSUR,PIGS9,61.47
3487484,CN,CN,INSUR,POULT,2.17
3487485,CN,CN,INSUR,MEATA,48.66
3487486,CN,CN,INSUR,ANIMA,0.20
3487487,CN,CN,INSUR,RAWMI,29.73
3487488,CN,CN,INSUR,WOOLS,6.60
3487489,CN,CN,INSUR,FORES,3.58
3487490,CN,CN,INSUR,FISHF,72.00
3487491,CN,CN,INSUR,COKIN,815.26
3487492,CN,CN,INSUR,BITUM,7146.30
3487493,CN,CN,INSUR,PATEN,12.52
3487494,CN,CN,INSUR,CRUDE,60.65
3487495,CN,CN,INSUR,NATUR,13.11
3487496,CN,CN,INSUR,NATU1,0.03
3487497,CN,CN,INSUR,COPPE,0.01
3487498,CN,CN,INSUR,PRECI,0.01
3487499,CN,CN,INSUR,MEATC,5.58
3487500,CN,CN,INSUR,MEATP,28.23
3487501,CN,CN,INSUR,MEAT1,48.98
3487502,CN,CN,INSUR,MEAT4,279.32
3487503,CN,CN,INSUR,VEGE1,0.14
3487504,CN,CN,INSUR,DAIRY,4.12
3487505,CN,CN,INSUR,PROCE,3.59
3487506,CN,CN,INSUR,SUGA1,0.25
3487507,CN,CN,INSUR,FOOD5,3167.75
3487508,CN,CN,INSUR,BEVER,379.50
3487509,CN,CN,INSUR,FISH5,1374.92
3487510,CN,CN,INSUR,TOBAC,14.98
3487511,CN,CN,INSUR,TEXTI,5018.16
3487512,CN,CN,INSUR,WEARI,1170.70
3487513,CN,CN,INSUR,LEATH,374.71
3487514,CN,CN,INSUR,WOODW,271.97
3487515,CN,CN,INSUR,PULP5,15.24
3487516,CN,CN,INSUR,PAPER,1166.40
3487517,CN,CN,INSUR,PRINT,218.29
3487518,CN,CN,INSUR,COKEO,20.99
3487519,CN,CN,INSUR,COALT,63.74
3487520,CN,CN,INSUR,MOTOR,2137.14
3487521,CN,CN,INSUR,AVIAT,3.16
3487522,CN,CN,INSUR,KEROS,745.24
3487523,CN,CN,INSUR,KERO1,64.00
3487524,CN,CN,INSUR,GASDI,1493.23
3487525,CN,CN,INSUR,HEAVY,323.29
3487526,CN,CN,INSUR,REFIN,8.76
3487527,CN,CN,INSUR,LIQUE,566.62
3487528,CN,CN,INSUR,REFI1,13.81
3487529,CN,CN,INSUR,NAPHT,501.27
3487530,CN,CN,INSUR,WHITE,5.04
3487531,CN,CN,INSUR,LUBRI,13.88
3487532,CN,CN,INSUR,BITU1,100.83
3487533,CN,CN,INSUR,PARAF,24.82
3487534,CN,CN,INSUR,PETRO,22.43
3487535,CN,CN,INSUR,NONSP,173.00
3487536,CN,CN,INSUR,PLAST,17642.77
3487537,CN,CN,INSUR,NFERT,92.52
3487538,CN,CN,INSUR,CHEM1,1701.72
3487539,CN,CN,INSUR,BIOGA,8.30
3487540,CN,CN,INSUR,BIODI,4.42
3487541,CN,CN,INSUR,RUBBE,1135.86
3487542,CN,CN,INSUR,GLASS,421.41
3487543,CN,CN,INSUR,CERAM,2017.81
3487544,CN,CN,INSUR,BRICK,7.53
3487545,CN,CN,INSUR,CEMEN,178.72
3487546,CN,CN,INSUR,NONME,994.17
3487547,CN,CN,INSUR,BASIC,8524.90
3487548,CN,CN,INSUR,PREC1,15.68
3487549,CN,CN,INSUR,ALUM1,1804.35
3487550,CN,CN,INSUR,LEAD1,285.00
3487551,CN,CN,INSUR,COPP1,772.19
3487552,CN,CN,INSUR,NONF1,27.84
3487553,CN,CN,INSUR,FOUND,219.37
3487554,CN,CN,INSUR,FABRI,422.97
3487555,CN,CN,INSUR,OFFIC,8204.76
3487556,CN,CN,INSUR,ELECT,1878.13
3487557,CN,CN,INSUR,RADIO,1384.16
3487558,CN,CN,INSUR,MEDIC,414.04
3487559,CN,CN,INSUR,MOTO1,1952.28
3487560,CN,CN,INSUR,TRANS,281.21
3487561,CN,CN,INSUR,FURNI,417.81
3487562,CN,CN,INSUR,ELEC1,33.86
3487563,CN,CN,INSUR,ELEC2,8.88
3487564,CN,CN,INSUR,ELEC3,64.91
3487565,CN,CN,INSUR,ELEC4,157.18
3487566,CN,CN,INSUR,ELEC5,58.60
3487567,CN,CN,INSUR,ELEC6,0.04
3487568,CN,CN,INSUR,ELEC7,0.20
3487569,CN,CN,INSUR,ELEC8,27.62
3487570,CN,CN,INSUR,ELEC9,0.11
3487571,CN,CN,INSUR,ELE11,0.02
3487572,CN,CN,INSUR,TRAN1,0.97
3487573,CN,CN,INSUR,DISTR,2.54
3487574,CN,CN,INSUR,COKE1,8.37
3487575,CN,CN,INSUR,BLAST,35.07
3487576,CN,CN,INSUR,OXYGE,3.36
3487577,CN,CN,INSUR,GASWO,0.97
3487578,CN,CN,INSUR,BIOG1,13.63
3487579,CN,CN,INSUR,DIST1,37.78
3487580,CN,CN,INSUR,STEAM,24.70
3487581,CN,CN,INSUR,CONST,8532.39
3487582,CN,CN,INSUR,SALEM,366.45
3487583,CN,CN,INSUR,RETAI,88.94
3487584,CN,CN,INSUR,WHOLE,787.49
3487585,CN,CN,INSUR,RETA1,252.99
3487586,CN,CN,INSUR,HOTEL,492.96
3487587,CN,CN,INSUR,RAILW,100.88
3487588,CN,CN,INSUR,SEACO,1535.41
3487589,CN,CN,INSUR,INLAN,426.13
3487590,CN,CN,INSUR,AIRTR,2272.02
3487591,CN,CN,INSUR,SUPPO,1482.83
3487592,CN,CN,INSUR,POSTT,56.91
3487593,CN,CN,INSUR,FINAN,380.43
3487594,CN,CN,INSUR,INSUR,1157.15
3487595,CN,CN,INSUR,AUXIL,181.63
3487596,CN,CN,INSUR,COMPU,1436.69
3487597,CN,CN,INSUR,RESEA,138.51
3487598,CN,CN,INSUR,BUSIN,2106.27
3487599,CN,CN,INSUR,PUBLI,21.74
3487600,CN,CN,INSUR,EDUCA,10544.18
3487601,CN,CN,INSUR,HEALT,608.71
3487602,CN,CN,INSUR,MEMBE,119.17
3487603,CN,CN,INSUR,RECRE,353.70
3487604,CN,CN,INSUR,93197,145.88
3487605,CN,CN,AUXIL,PADDY,13.92
3487606,CN,CN,AUXIL,WHEAT,3.11
3487607,CN,CN,AUXIL,CEREA,12.41
3487608,CN,CN,AUXIL,VEGET,297.88
3487609,CN,CN,AUXIL,OILSE,8.30
3487610,CN,CN,AUXIL,SUGAR,5.51
3487611,CN,CN,AUXIL,CROPS,11.49
3487612,CN,CN,AUXIL,CATTL,2.37
3487613,CN,CN,AUXIL,PIGS9,3.25
3487614,CN,CN,AUXIL,POULT,7.44
3487615,CN,CN,AUXIL,MEATA,2.81
3487616,CN,CN,AUXIL,ANIMA,0.21
3487617,CN,CN,AUXIL,RAWMI,0.49
3487618,CN,CN,AUXIL,WOOLS,0.38
3487619,CN,CN,AUXIL,FORES,0.77
3487620,CN,CN,AUXIL,FISHF,16.16
3487621,CN,CN,AUXIL,COKIN,168.10
3487622,CN,CN,AUXIL,BITUM,1473.56
3487623,CN,CN,AUXIL,PATEN,2.58
3487624,CN,CN,AUXIL,CRUDE,2.86
3487625,CN,CN,AUXIL,NATUR,0.78
3487626,CN,CN,AUXIL,IRONO,0.07
3487627,CN,CN,AUXIL,COPPE,0.49
3487628,CN,CN,AUXIL,PRECI,0.01
3487629,CN,CN,AUXIL,STONE,0.18
3487630,CN,CN,AUXIL,MEATC,4.44
3487631,CN,CN,AUXIL,MEATP,19.74
3487632,CN,CN,AUXIL,MEAT1,36.84
3487633,CN,CN,AUXIL,MEAT4,175.63
3487634,CN,CN,AUXIL,VEGE1,0.08
3487635,CN,CN,AUXIL,DAIRY,9.04
3487636,CN,CN,AUXIL,PROCE,7.71
3487637,CN,CN,AUXIL,SUGA1,0.24
3487638,CN,CN,AUXIL,FOOD5,2147.70
3487639,CN,CN,AUXIL,BEVER,179.81
3487640,CN,CN,AUXIL,FISH5,596.04
3487641,CN,CN,AUXIL,TOBAC,79.22
3487642,CN,CN,AUXIL,TEXTI,773.81
3487643,CN,CN,AUXIL,WEARI,398.82
3487644,CN,CN,AUXIL,LEATH,208.27
3487645,CN,CN,AUXIL,WOODW,90.97
3487646,CN,CN,AUXIL,PULP5,6.32
3487647,CN,CN,AUXIL,PAPER,1813.76
3487648,CN,CN,AUXIL,PRINT,556.01
3487649,CN,CN,AUXIL,COKEO,15.78
3487650,CN,CN,AUXIL,COALT,9.39
3487651,CN,CN,AUXIL,MOTOR,314.65
3487652,CN,CN,AUXIL,AVIAT,0.46
3487653,CN,CN,AUXIL,KEROS,109.72
3487654,CN,CN,AUXIL,KERO1,9.42
3487655,CN,CN,AUXIL,GASDI,219.85
3487656,CN,CN,AUXIL,HEAVY,47.60
3487657,CN,CN,AUXIL,REFIN,1.29
3487658,CN,CN,AUXIL,LIQUE,83.42
3487659,CN,CN,AUXIL,REFI1,2.03
3487660,CN,CN,AUXIL,NAPHT,73.80
3487661,CN,CN,AUXIL,WHITE,0.74
3487662,CN,CN,AUXIL,LUBRI,2.04
3487663,CN,CN,AUXIL,BITU1,14.85
3487664,CN,CN,AUXIL,PARAF,3.65
3487665,CN,CN,AUXIL,PETRO,3.30
3487666,CN,CN,AUXIL,NONSP,25.47
3487667,CN,CN,AUXIL,PLAST,2887.40
3487668,CN,CN,AUXIL,NFERT,8.82
3487669,CN,CN,AUXIL,PFERT,2064.06
3487670,CN,CN,AUXIL,CHEM1,15417.79
3487671,CN,CN,AUXIL,BIOGA,75.22
3487672,CN,CN,AUXIL,BIODI,40.01
3487673,CN,CN,AUXIL,RUBBE,1593.30
3487674,CN,CN,AUXIL,GLASS,306.77
3487675,CN,CN,AUXIL,CERAM,726.90
3487676,CN,CN,AUXIL,BRICK,14.59
3487677,CN,CN,AUXIL,CEMEN,228.21
3487678,CN,CN,AUXIL,NONME,293.64
3487679,CN,CN,AUXIL,BASIC,5268.31
3487680,CN,CN,AUXIL,PREC1,91.07
3487681,CN,CN,AUXIL,ALUM1,573.24
3487682,CN,CN,AUXIL,LEAD1,133.02
3487683,CN,CN,AUXIL,COPP1,313.31
3487684,CN,CN,AUXIL,NONF1,262.39
3487685,CN,CN,AUXIL,FOUND,303.03
3487686,CN,CN,AUXIL,FABRI,6679.74
3487687,CN,CN,AUXIL,OFFIC,13533.01
3487688,CN,CN,AUXIL,ELECT,1988.33
3487689,CN,CN,AUXIL,RADIO,1534.65
3487690,CN,CN,AUXIL,MEDIC,209.70
3487691,CN,CN,AUXIL,MOTO1,7466.27
3487692,CN,CN,AUXIL,TRANS,650.68
3487693,CN,CN,AUXIL,FURNI,506.32
3487694,CN,CN,AUXIL,ELEC1,111.30
3487695,CN,CN,AUXIL,ELEC2,32.12
3487696,CN,CN,AUXIL,ELEC3,50.63
3487697,CN,CN,AUXIL,ELEC4,162.28
3487698,CN,CN,AUXIL,ELEC5,60.47
3487699,CN,CN,AUXIL,ELEC6,0.14
3487700,CN,CN,AUXIL,ELEC7,0.64
3487701,CN,CN,AUXIL,ELEC8,28.76
3487702,CN,CN,AUXIL,ELEC9,4.89
3487703,CN,CN,AUXIL,ELE11,0.02
3487704,CN,CN,AUXIL,TRAN1,0.88
3487705,CN,CN,AUXIL,DISTR,2.30
3487706,CN,CN,AUXIL,COKE1,17.07
3487707,CN,CN,AUXIL,BLAST,71.49
3487708,CN,CN,AUXIL,OXYGE,6.84
3487709,CN,CN,AUXIL,GASWO,1.99
3487710,CN,CN,AUXIL,BIOG1,27.78
3487711,CN,CN,AUXIL,DIST1,77.02
3487712,CN,CN,AUXIL,STEAM,17.80
3487713,CN,CN,AUXIL,CONST,14417.13
3487714,CN,CN,AUXIL,SALEM,453.26
3487715,CN,CN,AUXIL,RETAI,7.69
3487716,CN,CN,AUXIL,WHOLE,670.86
3487717,CN,CN,AUXIL,RETA1,963.46
3487718,CN,CN,AUXIL,HOTEL,954.84
3487719,CN,CN,AUXIL,RAILW,308.20
3487720,CN,CN,AUXIL,LANDT,1753.65
3487721,CN,CN,AUXIL,TRAN2,310.26
3487722,CN,CN,AUXIL,SEACO,469.01
3487723,CN,CN,AUXIL,INLAN,21.93
3487724,CN,CN,AUXIL,AIRTR,452.14
3487725,CN,CN,AUXIL,SUPPO,337.23
3487726,CN,CN,AUXIL,POSTT,63.00
3487727,CN,CN,AUXIL,FINAN,25965.26
3487728,CN,CN,AUXIL,INSUR,42736.25
3487729,CN,CN,AUXIL,AUXIL,20683.59
3487730,CN,CN,AUXIL,REALE,1937.74
3487731,CN,CN,AUXIL,COMPU,4085.16
3487732,CN,CN,AUXIL,RESEA,48.45
3487733,CN,CN,AUXIL,BUSIN,2674.41
3487734,CN,CN,AUXIL,PUBLI,677.52
3487735,CN,CN,AUXIL,EDUCA,6075.62
3487736,CN,CN,AUXIL,HEALT,353.01
3487737,CN,CN,AUXIL,MEMBE,3.89
3487738,CN,CN,AUXIL,RECRE,198.67
3487739,CN,CN,AUXIL,93197,338.84
3487740,CN,CN,AUXIL,PRIVA,8.43
3487741,CN,CN,REALE,PADDY,0.09
3487742,CN,CN,REALE,WHEAT,0.04
3487743,CN,CN,REALE,CEREA,0.05
3487744,CN,CN,REALE,VEGET,246.62
3487745,CN,CN,REALE,OILSE,4.17
3487746,CN,CN,REALE,SUGAR,2.03
3487747,CN,CN,REALE,PLANT,0.41
3487748,CN,CN,REALE,CROPS,5.76
3487749,CN,CN,REALE,CATTL,0.09
3487750,CN,CN,REALE,PIGS9,0.39
3487751,CN,CN,REALE,POULT,0.08
3487752,CN,CN,REALE,RAWMI,0.14
3487753,CN,CN,REALE,FORES,0.24
3487754,CN,CN,REALE,FISHF,3.33
3487755,CN,CN,REALE,COKIN,147.20
3487756,CN,CN,REALE,BITUM,1290.28
3487757,CN,CN,REALE,PATEN,2.26
3487758,CN,CN,REALE,CRUDE,189.75
3487759,CN,CN,REALE,NATUR,55.81
3487760,CN,CN,REALE,NATU1,0.14
3487761,CN,CN,REALE,PRECI,0.01
3487762,CN,CN,REALE,MEATC,1.79
3487763,CN,CN,REALE,MEATP,9.92
3487764,CN,CN,REALE,MEAT1,13.89
3487765,CN,CN,REALE,MEAT4,76.26
3487766,CN,CN,REALE,VEGE1,0.20
3487767,CN,CN,REALE,DAIRY,20.85
3487768,CN,CN,REALE,PROCE,44.28
3487769,CN,CN,REALE,SUGA1,0.22
3487770,CN,CN,REALE,FOOD5,2402.63
3487771,CN,CN,REALE,BEVER,1763.69
3487772,CN,CN,REALE,FISH5,1199.36
3487773,CN,CN,REALE,TOBAC,225.44
3487774,CN,CN,REALE,TEXTI,6412.53
3487775,CN,CN,REALE,WEARI,10580.30
3487776,CN,CN,REALE,LEATH,5270.31
3487777,CN,CN,REALE,WOODW,169.73
3487778,CN,CN,REALE,PULP5,5.50
3487779,CN,CN,REALE,PAPER,2750.16
3487780,CN,CN,REALE,PRINT,1725.95
3487781,CN,CN,REALE,COKEO,1.10
3487782,CN,CN,REALE,COALT,0.51
3487783,CN,CN,REALE,MOTOR,17.23
3487784,CN,CN,REALE,AVIAT,0.03
3487785,CN,CN,REALE,KEROS,6.01
3487786,CN,CN,REALE,KERO1,0.52
3487787,CN,CN,REALE,GASDI,12.04
3487788,CN,CN,REALE,HEAVY,2.61
3487789,CN,CN,REALE,REFIN,0.07
3487790,CN,CN,REALE,LIQUE,4.57
3487791,CN,CN,REALE,REFI1,0.11
3487792,CN,CN,REALE,NAPHT,4.04
3487793,CN,CN,REALE,WHITE,0.04
3487794,CN,CN,REALE,LUBRI,0.11
3487795,CN,CN,REALE,BITU1,0.81
3487796,CN,CN,REALE,PARAF,0.20
3487797,CN,CN,REALE,PETRO,0.18
3487798,CN,CN,REALE,NONSP,1.39
3487799,CN,CN,REALE,PLAST,768.72
3487800,CN,CN,REALE,NFERT,1.14
3487801,CN,CN,REALE,PFERT,266.23
3487802,CN,CN,REALE,CHEM1,4651.13
3487803,CN,CN,REALE,BIOGA,22.69
3487804,CN,CN,REALE,BIODI,12.07
3487805,CN,CN,REALE,RUBBE,1871.29
3487806,CN,CN,REALE,GLASS,1696.09
3487807,CN,CN,REALE,CERAM,3885.73
3487808,CN,CN,REALE,BRICK,32.20
3487809,CN,CN,REALE,CEMEN,741.18
3487810,CN,CN,REALE,NONME,786.64
3487811,CN,CN,REALE,BASIC,289.45
3487812,CN,CN,REALE,PREC1,24.57
3487813,CN,CN,REALE,ALUM1,114.25
3487814,CN,CN,REALE,LEAD1,11.71
3487815,CN,CN,REALE,COPP1,41.50
3487816,CN,CN,REALE,NONF1,113.87
3487817,CN,CN,REALE,FOUND,49.99
3487818,CN,CN,REALE,FABRI,10603.91
3487819,CN,CN,REALE,MACHI,0.02
3487820,CN,CN,REALE,OFFIC,5196.14
3487821,CN,CN,REALE,ELECT,3813.33
3487822,CN,CN,REALE,RADIO,818.27
3487823,CN,CN,REALE,MEDIC,232.65
3487824,CN,CN,REALE,MOTO1,3885.69
3487825,CN,CN,REALE,TRANS,664.44
3487826,CN,CN,REALE,FURNI,3390.85
3487827,CN,CN,REALE,ELEC1,41.25
3487828,CN,CN,REALE,ELEC2,10.78
3487829,CN,CN,REALE,ELEC3,14.91
3487830,CN,CN,REALE,ELEC4,67.86
3487831,CN,CN,REALE,ELEC5,25.30
3487832,CN,CN,REALE,ELEC6,0.05
3487833,CN,CN,REALE,ELEC7,0.24
3487834,CN,CN,REALE,ELEC8,11.89
3487835,CN,CN,REALE,ELEC9,1.89
3487836,CN,CN,REALE,ELE11,0.01
3487837,CN,CN,REALE,TRAN1,0.48
3487838,CN,CN,REALE,DISTR,1.26
3487839,CN,CN,REALE,COKE1,3.35
3487840,CN,CN,REALE,BLAST,14.03
3487841,CN,CN,REALE,OXYGE,1.34
3487842,CN,CN,REALE,GASWO,0.39
3487843,CN,CN,REALE,BIOG1,5.45
3487844,CN,CN,REALE,DIST1,15.12
3487845,CN,CN,REALE,STEAM,3.12
3487846,CN,CN,REALE,CONST,6438.30
3487847,CN,CN,REALE,RETAI,513.24
3487848,CN,CN,REALE,WHOLE,6565.33
3487849,CN,CN,REALE,HOTEL,9226.04
3487850,CN,CN,REALE,RAILW,407.44
3487851,CN,CN,REALE,LANDT,1150.05
3487852,CN,CN,REALE,TRAN2,313.91
3487853,CN,CN,REALE,INLAN,7.25
3487854,CN,CN,REALE,AIRTR,535.68
3487855,CN,CN,REALE,SUPPO,1127.24
3487856,CN,CN,REALE,FINAN,14662.21
3487857,CN,CN,REALE,INSUR,14466.54
3487858,CN,CN,REALE,AUXIL,5783.31
3487859,CN,CN,REALE,REALE,30912.75
3487860,CN,CN,REALE,COMPU,22614.19
3487861,CN,CN,REALE,RESEA,1885.16
3487862,CN,CN,REALE,BUSIN,15212.51
3487863,CN,CN,REALE,PUBLI,8228.90
3487864,CN,CN,REALE,EDUCA,8109.04
3487865,CN,CN,REALE,HEALT,1255.56
3487866,CN,CN,REALE,MEMBE,189.64
3487867,CN,CN,REALE,RECRE,1935.13
3487868,CN,CN,REALE,93197,18463.76
3487869,CN,CN,RENTI,ANIMA,0.05
3487870,CN,CN,RENTI,COPPE,0.01
3487871,CN,CN,RENTI,PRECI,0.03
3487872,CN,CN,RENTI,VEGE1,0.11
3487873,CN,CN,RENTI,SUGA1,0.09
3487874,CN,CN,RENTI,MACHI,0.02
3487875,CN,CN,RENTI,ELEC6,0.23
3487876,CN,CN,RENTI,ELEC7,0.11
3487877,CN,CN,RENTI,ELEC9,0.33
3487878,CN,CN,RENTI,ELE11,0.04
3487879,CN,CN,RENTI,TRAN2,0.96
3487880,CN,CN,RENTI,PRIVA,0.14
3487881,CN,CN,COMPU,PADDY,322.62
3487882,CN,CN,COMPU,WHEAT,59.92
3487883,CN,CN,COMPU,CEREA,275.57
3487884,CN,CN,COMPU,VEGET,4119.50
3487885,CN,CN,COMPU,OILSE,116.69
3487886,CN,CN,COMPU,SUGAR,66.77
3487887,CN,CN,COMPU,PLANT,11.60
3487888,CN,CN,COMPU,CROPS,167.18
3487889,CN,CN,COMPU,CATTL,2.68
3487890,CN,CN,COMPU,PIGS9,11.22
3487891,CN,CN,COMPU,POULT,138.46
3487892,CN,CN,COMPU,ANIMA,3.03
3487893,CN,CN,COMPU,RAWMI,4.34
3487894,CN,CN,COMPU,FORES,16.55
3487895,CN,CN,COMPU,FISHF,303.05
3487896,CN,CN,COMPU,COKIN,53.22
3487897,CN,CN,COMPU,BITUM,466.50
3487898,CN,CN,COMPU,PATEN,0.82
3487899,CN,CN,COMPU,CRUDE,112.88
3487900,CN,CN,COMPU,NATUR,33.31
3487901,CN,CN,COMPU,NATU1,0.08
3487902,CN,CN,COMPU,MEATC,0.28
3487903,CN,CN,COMPU,MEATP,1.68
3487904,CN,CN,COMPU,MEAT1,2.00
3487905,CN,CN,COMPU,MEAT4,10.38
3487906,CN,CN,COMPU,DAIRY,0.78
3487907,CN,CN,COMPU,PROCE,0.27
3487908,CN,CN,COMPU,SUGA1,0.02
3487909,CN,CN,COMPU,FOOD5,147.83
3487910,CN,CN,COMPU,BEVER,45.78
3487911,CN,CN,COMPU,FISH5,48.28
3487912,CN,CN,COMPU,TOBAC,5.03
3487913,CN,CN,COMPU,TEXTI,62.21
3487914,CN,CN,COMPU,WEARI,197.92
3487915,CN,CN,COMPU,LEATH,95.89
3487916,CN,CN,COMPU,WOODW,8.93
3487917,CN,CN,COMPU,PULP5,0.79
3487918,CN,CN,COMPU,PAPER,375.76
3487919,CN,CN,COMPU,PRINT,337.58
3487920,CN,CN,COMPU,COKEO,123.82
3487921,CN,CN,COMPU,COALT,30.44
3487922,CN,CN,COMPU,MOTOR,1019.85
3487923,CN,CN,COMPU,AVIAT,1.51
3487924,CN,CN,COMPU,KEROS,355.63
3487925,CN,CN,COMPU,KERO1,30.54
3487926,CN,CN,COMPU,GASDI,712.57
3487927,CN,CN,COMPU,HEAVY,154.28
3487928,CN,CN,COMPU,REFIN,4.18
3487929,CN,CN,COMPU,LIQUE,270.39
3487930,CN,CN,COMPU,REFI1,6.59
3487931,CN,CN,COMPU,NAPHT,239.21
3487932,CN,CN,COMPU,WHITE,2.40
3487933,CN,CN,COMPU,LUBRI,6.62
3487934,CN,CN,COMPU,BITU1,48.12
3487935,CN,CN,COMPU,PARAF,11.84
3487936,CN,CN,COMPU,PETRO,10.71
3487937,CN,CN,COMPU,NONSP,82.56
3487938,CN,CN,COMPU,PLAST,1.64
3487939,CN,CN,COMPU,NFERT,0.01
3487940,CN,CN,COMPU,PFERT,3.30
3487941,CN,CN,COMPU,CHEM1,6.61
3487942,CN,CN,COMPU,BIOGA,0.03
3487943,CN,CN,COMPU,BIODI,0.02
3487944,CN,CN,COMPU,RUBBE,2.50
3487945,CN,CN,COMPU,GLASS,21.13
3487946,CN,CN,COMPU,CERAM,70.94
3487947,CN,CN,COMPU,BRICK,0.87
3487948,CN,CN,COMPU,CEMEN,9.56
3487949,CN,CN,COMPU,NONME,31.30
3487950,CN,CN,COMPU,BASIC,19815.79
3487951,CN,CN,COMPU,PREC1,542.13
3487952,CN,CN,COMPU,ALUM1,2521.36
3487953,CN,CN,COMPU,LEAD1,258.41
3487954,CN,CN,COMPU,COPP1,916.10
3487955,CN,CN,COMPU,NONF1,6645.87
3487956,CN,CN,COMPU,FOUND,2146.34
3487957,CN,CN,COMPU,FABRI,80.69
3487958,CN,CN,COMPU,OFFIC,14264.09
3487959,CN,CN,COMPU,ELECT,1128.25
3487960,CN,CN,COMPU,RADIO,2728.76
3487961,CN,CN,COMPU,MEDIC,397.09
3487962,CN,CN,COMPU,MOTO1,788.08
3487963,CN,CN,COMPU,TRANS,374.29
3487964,CN,CN,COMPU,FURNI,341.39
3487965,CN,CN,COMPU,ELEC1,498.53
3487966,CN,CN,COMPU,ELEC2,128.07
3487967,CN,CN,COMPU,ELEC3,179.81
3487968,CN,CN,COMPU,ELEC4,614.15
3487969,CN,CN,COMPU,ELEC5,229.08
3487970,CN,CN,COMPU,ELEC6,0.59
3487971,CN,CN,COMPU,ELEC7,2.85
3487972,CN,CN,COMPU,ELEC8,106.41
3487973,CN,CN,COMPU,ELEC9,1.14
3487974,CN,CN,COMPU,ELE11,0.09
3487975,CN,CN,COMPU,TRAN1,6.84
3487976,CN,CN,COMPU,DISTR,18.01
3487977,CN,CN,COMPU,COKE1,4.68
3487978,CN,CN,COMPU,BLAST,19.61
3487979,CN,CN,COMPU,OXYGE,1.88
3487980,CN,CN,COMPU,GASWO,0.54
3487981,CN,CN,COMPU,BIOG1,7.62
3487982,CN,CN,COMPU,DIST1,21.13
3487983,CN,CN,COMPU,STEAM,12.37
3487984,CN,CN,COMPU,CONST,4908.38
3487985,CN,CN,COMPU,SALEM,112.89
3487986,CN,CN,COMPU,RETAI,5.78
3487987,CN,CN,COMPU,HOTEL,339.76
3487988,CN,CN,COMPU,RAILW,367.50
3487989,CN,CN,COMPU,LANDT,574.18
3487990,CN,CN,COMPU,TRAN2,61.90
3487991,CN,CN,COMPU,SEACO,517.75
3487992,CN,CN,COMPU,INLAN,11.77
3487993,CN,CN,COMPU,AIRTR,1389.33
3487994,CN,CN,COMPU,FINAN,9539.74
3487995,CN,CN,COMPU,INSUR,3611.79
3487996,CN,CN,COMPU,AUXIL,3682.35
3487997,CN,CN,COMPU,REALE,3206.86
3487998,CN,CN,COMPU,COMPU,25070.64
3487999,CN,CN,COMPU,RESEA,650.21
3488000,CN,CN,COMPU,BUSIN,842.37
3488001,CN,CN,COMPU,PUBLI,7854.70
3488002,CN,CN,COMPU,EDUCA,2963.18
3488003,CN,CN,COMPU,HEALT,11951.89
3488004,CN,CN,COMPU,MEMBE,162.04
3488005,CN,CN,COMPU,RECRE,31.55
3488006,CN,CN,COMPU,93197,306.02
3488007,CN,CN,COMPU,PRIVA,0.02
3488008,CN,CN,RESEA,VEGET,1074.44
3488009,CN,CN,RESEA,OILSE,29.57
3488010,CN,CN,RESEA,SUGAR,25.35
3488011,CN,CN,RESEA,PLANT,1.35
3488012,CN,CN,RESEA,CROPS,43.33
3488013,CN,CN,RESEA,CATTL,8.79
3488014,CN,CN,RESEA,PIGS9,12.28
3488015,CN,CN,RESEA,MEATA,80.70
3488016,CN,CN,RESEA,ANIMA,0.32
3488017,CN,CN,RESEA,RAWMI,2.05
3488018,CN,CN,RESEA,WOOLS,11.00
3488019,CN,CN,RESEA,FORES,2.73
3488020,CN,CN,RESEA,FISHF,27.07
3488021,CN,CN,RESEA,COKIN,47.67
3488022,CN,CN,RESEA,BITUM,417.89
3488023,CN,CN,RESEA,PATEN,0.73
3488024,CN,CN,RESEA,CRUDE,197.09
3488025,CN,CN,RESEA,NATUR,54.25
3488026,CN,CN,RESEA,NATU1,0.13
3488027,CN,CN,RESEA,MEATC,3.94
3488028,CN,CN,RESEA,MEATP,24.93
3488029,CN,CN,RESEA,MEAT1,23.79
3488030,CN,CN,RESEA,MEAT4,115.57
3488031,CN,CN,RESEA,SUGA1,0.11
3488032,CN,CN,RESEA,FOOD5,3113.02
3488033,CN,CN,RESEA,BEVER,183.04
3488034,CN,CN,RESEA,TOBAC,11.58
3488035,CN,CN,RESEA,TEXTI,335.31
3488036,CN,CN,RESEA,WEARI,52.36
3488037,CN,CN,RESEA,LEATH,143.07
3488038,CN,CN,RESEA,WOODW,10.55
3488039,CN,CN,RESEA,PULP5,0.67
3488040,CN,CN,RESEA,PAPER,92.16
3488041,CN,CN,RESEA,PRINT,43.58
3488042,CN,CN,RESEA,COKEO,1.24
3488043,CN,CN,RESEA,COALT,0.71
3488044,CN,CN,RESEA,MOTOR,23.63
3488045,CN,CN,RESEA,AVIAT,0.03
3488046,CN,CN,RESEA,KEROS,8.24
3488047,CN,CN,RESEA,KERO1,0.71
3488048,CN,CN,RESEA,GASDI,16.51
3488049,CN,CN,RESEA,HEAVY,3.58
3488050,CN,CN,RESEA,REFIN,0.10
3488051,CN,CN,RESEA,LIQUE,6.27
3488052,CN,CN,RESEA,REFI1,0.15
3488053,CN,CN,RESEA,NAPHT,5.54
3488054,CN,CN,RESEA,WHITE,0.06
3488055,CN,CN,RESEA,LUBRI,0.15
3488056,CN,CN,RESEA,BITU1,1.12
3488057,CN,CN,RESEA,PARAF,0.27
3488058,CN,CN,RESEA,PETRO,0.25
3488059,CN,CN,RESEA,NONSP,1.91
3488060,CN,CN,RESEA,PLAST,286.08
3488061,CN,CN,RESEA,NFERT,13.86
3488062,CN,CN,RESEA,PFERT,7740.81
3488063,CN,CN,RESEA,CHEM1,9033.77
3488064,CN,CN,RESEA,BIOGA,44.07
3488065,CN,CN,RESEA,BIODI,23.45
3488066,CN,CN,RESEA,RUBBE,800.36
3488067,CN,CN,RESEA,GLASS,7.04
3488068,CN,CN,RESEA,CERAM,273.58
3488069,CN,CN,RESEA,BRICK,3.60
3488070,CN,CN,RESEA,CEMEN,38.70
3488071,CN,CN,RESEA,NONME,125.03
3488072,CN,CN,RESEA,BASIC,16975.28
3488073,CN,CN,RESEA,PREC1,11.15
3488074,CN,CN,RESEA,ALUM1,50.47
3488075,CN,CN,RESEA,LEAD1,5.30
3488076,CN,CN,RESEA,COPP1,17.95
3488077,CN,CN,RESEA,NONF1,51.37
3488078,CN,CN,RESEA,FABRI,187.34
3488079,CN,CN,RESEA,MACHI,0.02
3488080,CN,CN,RESEA,OFFIC,48715.52
3488081,CN,CN,RESEA,ELECT,21824.71
3488082,CN,CN,RESEA,RADIO,38856.23
3488083,CN,CN,RESEA,MEDIC,3200.80
3488084,CN,CN,RESEA,MOTO1,133890.33
3488085,CN,CN,RESEA,TRANS,11697.29
3488086,CN,CN,RESEA,FURNI,305.67
3488087,CN,CN,RESEA,ELEC1,12.34
3488088,CN,CN,RESEA,ELEC2,3.19
3488089,CN,CN,RESEA,ELEC3,6.82
3488090,CN,CN,RESEA,ELEC4,23.82
3488091,CN,CN,RESEA,ELEC5,8.88
3488092,CN,CN,RESEA,ELEC6,0.01
3488093,CN,CN,RESEA,ELEC7,0.07
3488094,CN,CN,RESEA,ELEC8,4.14
3488095,CN,CN,RESEA,ELEC9,0.06
3488096,CN,CN,RESEA,TRAN1,0.23
3488097,CN,CN,RESEA,DISTR,0.61
3488098,CN,CN,RESEA,COKE1,0.24
3488099,CN,CN,RESEA,BLAST,1.02
3488100,CN,CN,RESEA,OXYGE,0.10
3488101,CN,CN,RESEA,GASWO,0.03
3488102,CN,CN,RESEA,BIOG1,0.39
3488103,CN,CN,RESEA,DIST1,1.09
3488104,CN,CN,RESEA,STEAM,0.65
3488105,CN,CN,RESEA,SALEM,828.13
3488106,CN,CN,RESEA,RETAI,4.29
3488107,CN,CN,RESEA,WHOLE,2796.51
3488108,CN,CN,RESEA,RETA1,1552.19
3488109,CN,CN,RESEA,HOTEL,1.58
3488110,CN,CN,RESEA,RAILW,24.97
3488111,CN,CN,RESEA,LANDT,55.29
3488112,CN,CN,RESEA,TRAN2,0.44
3488113,CN,CN,RESEA,SEACO,22.27
3488114,CN,CN,RESEA,INLAN,1.12
3488115,CN,CN,RESEA,AIRTR,26.11
3488116,CN,CN,RESEA,SUPPO,27.05
3488117,CN,CN,RESEA,POSTT,109.48
3488118,CN,CN,RESEA,FINAN,9903.32
3488119,CN,CN,RESEA,INSUR,1953.08
3488120,CN,CN,RESEA,AUXIL,1211.74
3488121,CN,CN,RESEA,REALE,115.72
3488122,CN,CN,RESEA,COMPU,202.42
3488123,CN,CN,RESEA,RESEA,20768.91
3488124,CN,CN,RESEA,BUSIN,689.60
3488125,CN,CN,RESEA,PUBLI,0.24
3488126,CN,CN,RESEA,EDUCA,847.02
3488127,CN,CN,RESEA,HEALT,255.19
3488128,CN,CN,RESEA,RECRE,433.21
3488129,CN,CN,RESEA,93197,3.00
3488130,CN,CN,BUSIN,PADDY,975.83
3488131,CN,CN,BUSIN,WHEAT,511.53
3488132,CN,CN,BUSIN,CEREA,955.03
3488133,CN,CN,BUSIN,VEGET,4662.14
3488134,CN,CN,BUSIN,OILSE,345.03
3488135,CN,CN,BUSIN,SUGAR,284.38
3488136,CN,CN,BUSIN,PLANT,1049.30
3488137,CN,CN,BUSIN,CROPS,901.04
3488138,CN,CN,BUSIN,CATTL,415.78
3488139,CN,CN,BUSIN,PIGS9,254.28
3488140,CN,CN,BUSIN,POULT,1501.99
3488141,CN,CN,BUSIN,MEATA,1128.08
3488142,CN,CN,BUSIN,ANIMA,67.33
3488143,CN,CN,BUSIN,RAWMI,67.48
3488144,CN,CN,BUSIN,WOOLS,152.89
3488145,CN,CN,BUSIN,FORES,3.37
3488146,CN,CN,BUSIN,FISHF,12666.42
3488147,CN,CN,BUSIN,COKIN,1301.93
3488148,CN,CN,BUSIN,BITUM,11412.32
3488149,CN,CN,BUSIN,PATEN,20.00
3488150,CN,CN,BUSIN,CRUDE,10486.04
3488151,CN,CN,BUSIN,NATUR,2267.21
3488152,CN,CN,BUSIN,NATU1,5.62
3488153,CN,CN,BUSIN,COPPE,0.27
3488154,CN,CN,BUSIN,NICKE,0.01
3488155,CN,CN,BUSIN,PRECI,0.51
3488156,CN,CN,BUSIN,LEADZ,0.01
3488157,CN,CN,BUSIN,STONE,0.04
3488158,CN,CN,BUSIN,MEATC,63.34
3488159,CN,CN,BUSIN,MEATP,408.73
3488160,CN,CN,BUSIN,MEAT1,366.51
3488161,CN,CN,BUSIN,MEAT4,1660.30
3488162,CN,CN,BUSIN,VEGE1,0.68
3488163,CN,CN,BUSIN,DAIRY,81.89
3488164,CN,CN,BUSIN,PROCE,817.34
3488165,CN,CN,BUSIN,SUGA1,1.18
3488166,CN,CN,BUSIN,FOOD5,30112.53
3488167,CN,CN,BUSIN,BEVER,3430.38
3488168,CN,CN,BUSIN,FISH5,7520.54
3488169,CN,CN,BUSIN,TOBAC,691.70
3488170,CN,CN,BUSIN,TEXTI,3106.17
3488171,CN,CN,BUSIN,WEARI,11249.17
3488172,CN,CN,BUSIN,LEATH,5789.94
3488173,CN,CN,BUSIN,WOODW,235.23
3488174,CN,CN,BUSIN,PULP5,14.61
3488175,CN,CN,BUSIN,PAPER,4323.68
3488176,CN,CN,BUSIN,PRINT,3344.62
3488177,CN,CN,BUSIN,COKEO,356.65
3488178,CN,CN,BUSIN,COALT,72.30
3488179,CN,CN,BUSIN,MOTOR,2421.96
3488180,CN,CN,BUSIN,AVIAT,3.58
3488181,CN,CN,BUSIN,KEROS,844.56
3488182,CN,CN,BUSIN,KERO1,72.53
3488183,CN,CN,BUSIN,GASDI,1692.24
3488184,CN,CN,BUSIN,HEAVY,366.38
3488185,CN,CN,BUSIN,REFIN,9.93
3488186,CN,CN,BUSIN,LIQUE,642.14
3488187,CN,CN,BUSIN,REFI1,15.66
3488188,CN,CN,BUSIN,NAPHT,568.07
3488189,CN,CN,BUSIN,WHITE,5.71
3488190,CN,CN,BUSIN,LUBRI,15.73
3488191,CN,CN,BUSIN,BITU1,114.27
3488192,CN,CN,BUSIN,PARAF,28.12
3488193,CN,CN,BUSIN,PETRO,25.42
3488194,CN,CN,BUSIN,NONSP,196.06
3488195,CN,CN,BUSIN,PLAST,12775.29
3488196,CN,CN,BUSIN,NFERT,64.88
3488197,CN,CN,BUSIN,PFERT,13859.27
3488198,CN,CN,BUSIN,CHEM1,19759.55
3488199,CN,CN,BUSIN,BIOGA,96.40
3488200,CN,CN,BUSIN,BIODI,51.28
3488201,CN,CN,BUSIN,RUBBE,16672.95
3488202,CN,CN,BUSIN,GLASS,6269.02
3488203,CN,CN,BUSIN,CERAM,4404.40
3488204,CN,CN,BUSIN,BRICK,83.48
3488205,CN,CN,BUSIN,CEMEN,2074.37
3488206,CN,CN,BUSIN,NONME,4185.30
3488207,CN,CN,BUSIN,BASIC,21873.55
3488208,CN,CN,BUSIN,PREC1,328.80
3488209,CN,CN,BUSIN,ALUM1,8017.98
3488210,CN,CN,BUSIN,LEAD1,417.80
3488211,CN,CN,BUSIN,COPP1,604.09
3488212,CN,CN,BUSIN,NONF1,380.95
3488213,CN,CN,BUSIN,FOUND,1223.71
3488214,CN,CN,BUSIN,FABRI,10175.51
3488215,CN,CN,BUSIN,MACHI,0.08
3488216,CN,CN,BUSIN,ELECT,41148.13
3488217,CN,CN,BUSIN,RADIO,5160.78
3488218,CN,CN,BUSIN,MEDIC,1577.27
3488219,CN,CN,BUSIN,MOTO1,68347.26
3488220,CN,CN,BUSIN,TRANS,2286.53
3488221,CN,CN,BUSIN,FURNI,1813.72
3488222,CN,CN,BUSIN,ELEC1,1935.01
3488223,CN,CN,BUSIN,ELEC2,508.79
3488224,CN,CN,BUSIN,ELEC3,808.77
3488225,CN,CN,BUSIN,ELEC4,2297.38
3488226,CN,CN,BUSIN,ELEC5,856.49
3488227,CN,CN,BUSIN,ELEC6,2.36
3488228,CN,CN,BUSIN,ELEC7,11.29
3488229,CN,CN,BUSIN,ELEC8,404.52
3488230,CN,CN,BUSIN,ELEC9,8.67
3488231,CN,CN,BUSIN,ELE10,0.01
3488232,CN,CN,BUSIN,ELE11,0.34
3488233,CN,CN,BUSIN,TRAN1,12.52
3488234,CN,CN,BUSIN,DISTR,32.94
3488235,CN,CN,BUSIN,COKE1,19.43
3488236,CN,CN,BUSIN,BLAST,81.39
3488237,CN,CN,BUSIN,OXYGE,7.79
3488238,CN,CN,BUSIN,GASWO,2.26
3488239,CN,CN,BUSIN,BIOG1,31.63
3488240,CN,CN,BUSIN,DIST1,87.68
3488241,CN,CN,BUSIN,STEAM,103.03
3488242,CN,CN,BUSIN,RETAI,741.72
3488243,CN,CN,BUSIN,HOTEL,4068.93
3488244,CN,CN,BUSIN,RAILW,163.76
3488245,CN,CN,BUSIN,LANDT,470.34
3488246,CN,CN,BUSIN,TRAN2,98.79
3488247,CN,CN,BUSIN,SEACO,51.44
3488248,CN,CN,BUSIN,INLAN,9.26
3488249,CN,CN,BUSIN,AIRTR,141.52
3488250,CN,CN,BUSIN,SUPPO,729.56
3488251,CN,CN,BUSIN,FINAN,39744.02
3488252,CN,CN,BUSIN,INSUR,27545.23
3488253,CN,CN,BUSIN,AUXIL,25964.37
3488254,CN,CN,BUSIN,REALE,44168.78
3488255,CN,CN,BUSIN,COMPU,36361.63
3488256,CN,CN,BUSIN,RESEA,16121.27
3488257,CN,CN,BUSIN,BUSIN,41304.22
3488258,CN,CN,BUSIN,PUBLI,8689.14
3488259,CN,CN,BUSIN,EDUCA,17126.41
3488260,CN,CN,BUSIN,HEALT,14671.18
3488261,CN,CN,BUSIN,MEMBE,643.91
3488262,CN,CN,BUSIN,RECRE,2512.47
3488263,CN,CN,BUSIN,93197,7805.56
3488264,CN,CN,PUBLI,VEGET,922.75
3488265,CN,CN,PUBLI,OILSE,15.69
3488266,CN,CN,PUBLI,SUGAR,6.73
3488267,CN,CN,PUBLI,PLANT,1.55
3488268,CN,CN,PUBLI,CROPS,21.09
3488269,CN,CN,PUBLI,CATTL,0.35
3488270,CN,CN,PUBLI,PIGS9,1.41
3488271,CN,CN,PUBLI,RAWMI,0.49
3488272,CN,CN,PUBLI,FORES,3.66
3488273,CN,CN,PUBLI,FISHF,14.00
3488274,CN,CN,PUBLI,COKIN,35.03
3488275,CN,CN,PUBLI,BITUM,307.04
3488276,CN,CN,PUBLI,PATEN,0.54
3488277,CN,CN,PUBLI,CRUDE,157.00
3488278,CN,CN,PUBLI,NATUR,46.11
3488279,CN,CN,PUBLI,NATU1,0.11
3488280,CN,CN,PUBLI,VEGE1,0.03
3488281,CN,CN,PUBLI,DAIRY,1.90
3488282,CN,CN,PUBLI,PROCE,1.43
3488283,CN,CN,PUBLI,BEVER,125.05
3488284,CN,CN,PUBLI,FISH5,325.67
3488285,CN,CN,PUBLI,TOBAC,39.29
3488286,CN,CN,PUBLI,TEXTI,222.32
3488287,CN,CN,PUBLI,WEARI,116.96
3488288,CN,CN,PUBLI,LEATH,92.80
3488289,CN,CN,PUBLI,WOODW,6.78
3488290,CN,CN,PUBLI,PULP5,0.68
3488291,CN,CN,PUBLI,PAPER,192.73
3488292,CN,CN,PUBLI,PRINT,46.46
3488293,CN,CN,PUBLI,COKEO,2.64
3488294,CN,CN,PUBLI,COALT,1.26
3488295,CN,CN,PUBLI,MOTOR,42.19
3488296,CN,CN,PUBLI,AVIAT,0.06
3488297,CN,CN,PUBLI,KEROS,14.71
3488298,CN,CN,PUBLI,KERO1,1.26
3488299,CN,CN,PUBLI,GASDI,29.48
3488300,CN,CN,PUBLI,HEAVY,6.38
3488301,CN,CN,PUBLI,REFIN,0.17
3488302,CN,CN,PUBLI,LIQUE,11.19
3488303,CN,CN,PUBLI,REFI1,0.27
3488304,CN,CN,PUBLI,NAPHT,9.90
3488305,CN,CN,PUBLI,WHITE,0.10
3488306,CN,CN,PUBLI,LUBRI,0.27
3488307,CN,CN,PUBLI,BITU1,1.99
3488308,CN,CN,PUBLI,PARAF,0.49
3488309,CN,CN,PUBLI,PETRO,0.44
3488310,CN,CN,PUBLI,NONSP,3.42
3488311,CN,CN,PUBLI,PLAST,75.92
3488312,CN,CN,PUBLI,CHEM1,262.21
3488313,CN,CN,PUBLI,BIOGA,1.28
3488314,CN,CN,PUBLI,BIODI,0.68
3488315,CN,CN,PUBLI,RUBBE,97.76
3488316,CN,CN,PUBLI,GLASS,293.90
3488317,CN,CN,PUBLI,BASIC,345.49
3488318,CN,CN,PUBLI,PREC1,7.06
3488319,CN,CN,PUBLI,ALUM1,32.92
3488320,CN,CN,PUBLI,LEAD1,3.36
3488321,CN,CN,PUBLI,COPP1,11.99
3488322,CN,CN,PUBLI,NONF1,32.72
3488323,CN,CN,PUBLI,FOUND,36.52
3488324,CN,CN,PUBLI,FABRI,249.06
3488325,CN,CN,PUBLI,OFFIC,616.79
3488326,CN,CN,PUBLI,ELECT,208.85
3488327,CN,CN,PUBLI,RADIO,66.65
3488328,CN,CN,PUBLI,MEDIC,18.30
3488329,CN,CN,PUBLI,MOTO1,262.86
3488330,CN,CN,PUBLI,TRANS,97.83
3488331,CN,CN,PUBLI,FURNI,117.12
3488332,CN,CN,PUBLI,COKE1,0.51
3488333,CN,CN,PUBLI,BLAST,2.16
3488334,CN,CN,PUBLI,OXYGE,0.21
3488335,CN,CN,PUBLI,GASWO,0.06
3488336,CN,CN,PUBLI,BIOG1,0.84
3488337,CN,CN,PUBLI,DIST1,2.32
3488338,CN,CN,PUBLI,STEAM,3.71
3488339,CN,CN,PUBLI,CONST,1074.92
3488340,CN,CN,PUBLI,RETAI,3.64
3488341,CN,CN,PUBLI,WHOLE,575.38
3488342,CN,CN,PUBLI,RETA1,895.74
3488343,CN,CN,PUBLI,HOTEL,201.89
3488344,CN,CN,PUBLI,RAILW,45.89
3488345,CN,CN,PUBLI,AIRTR,98.03
3488346,CN,CN,PUBLI,SUPPO,121.53
3488347,CN,CN,PUBLI,POSTT,173.67
3488348,CN,CN,PUBLI,FINAN,698.19
3488349,CN,CN,PUBLI,INSUR,711.15
3488350,CN,CN,PUBLI,AUXIL,179.55
3488351,CN,CN,PUBLI,REALE,2248.65
3488352,CN,CN,PUBLI,COMPU,327.88
3488353,CN,CN,PUBLI,BUSIN,324.71
3488354,CN,CN,PUBLI,PUBLI,791.79
3488355,CN,CN,PUBLI,EDUCA,332.97
3488356,CN,CN,PUBLI,HEALT,272.43
3488357,CN,CN,PUBLI,MEMBE,8.94
3488358,CN,CN,PUBLI,RECRE,47.07
3488359,CN,CN,PUBLI,93197,239.78
3488360,CN,CN,EDUCA,VEGET,202.52
3488361,CN,CN,EDUCA,OILSE,3.44
3488362,CN,CN,EDUCA,SUGAR,1.51
3488363,CN,CN,EDUCA,PLANT,0.34
3488364,CN,CN,EDUCA,CROPS,4.65
3488365,CN,CN,EDUCA,CATTL,0.08
3488366,CN,CN,EDUCA,PIGS9,0.31
3488367,CN,CN,EDUCA,RAWMI,0.11
3488368,CN,CN,EDUCA,FORES,0.38
3488369,CN,CN,EDUCA,FISHF,4.07
3488370,CN,CN,EDUCA,COKIN,15.17
3488371,CN,CN,EDUCA,BITUM,132.94
3488372,CN,CN,EDUCA,PATEN,0.23
3488373,CN,CN,EDUCA,CRUDE,21.04
3488374,CN,CN,EDUCA,NATUR,6.18
3488375,CN,CN,EDUCA,NATU1,0.02
3488376,CN,CN,EDUCA,MEATP,0.01
3488377,CN,CN,EDUCA,MEAT1,0.03
3488378,CN,CN,EDUCA,MEAT4,0.15
3488379,CN,CN,EDUCA,FOOD5,3.10
3488380,CN,CN,EDUCA,BEVER,1.67
3488381,CN,CN,EDUCA,TOBAC,0.50
3488382,CN,CN,EDUCA,WEARI,14.68
3488383,CN,CN,EDUCA,LEATH,9.35
3488384,CN,CN,EDUCA,WOODW,0.13
3488385,CN,CN,EDUCA,PULP5,0.26
3488386,CN,CN,EDUCA,PAPER,79.84
3488387,CN,CN,EDUCA,PRINT,29.65
3488388,CN,CN,EDUCA,COKEO,2.07
3488389,CN,CN,EDUCA,COALT,0.99
3488390,CN,CN,EDUCA,MOTOR,33.04
3488391,CN,CN,EDUCA,AVIAT,0.05
3488392,CN,CN,EDUCA,KEROS,11.52
3488393,CN,CN,EDUCA,KERO1,0.99
3488394,CN,CN,EDUCA,GASDI,23.08
3488395,CN,CN,EDUCA,HEAVY,5.00
3488396,CN,CN,EDUCA,REFIN,0.14
3488397,CN,CN,EDUCA,LIQUE,8.76
3488398,CN,CN,EDUCA,REFI1,0.21
3488399,CN,CN,EDUCA,NAPHT,7.75
3488400,CN,CN,EDUCA,WHITE,0.08
3488401,CN,CN,EDUCA,LUBRI,0.21
3488402,CN,CN,EDUCA,BITU1,1.56
3488403,CN,CN,EDUCA,PARAF,0.38
3488404,CN,CN,EDUCA,PETRO,0.35
3488405,CN,CN,EDUCA,NONSP,2.67
3488406,CN,CN,EDUCA,PLAST,15.08
3488407,CN,CN,EDUCA,PFERT,0.82
3488408,CN,CN,EDUCA,CHEM1,49.21
3488409,CN,CN,EDUCA,BIOGA,0.24
3488410,CN,CN,EDUCA,BIODI,0.13
3488411,CN,CN,EDUCA,RUBBE,23.29
3488412,CN,CN,EDUCA,GLASS,52.60
3488413,CN,CN,EDUCA,CERAM,146.80
3488414,CN,CN,EDUCA,BRICK,1.32
3488415,CN,CN,EDUCA,CEMEN,11.72
3488416,CN,CN,EDUCA,NONME,8.01
3488417,CN,CN,EDUCA,BASIC,17.69
3488418,CN,CN,EDUCA,PREC1,0.47
3488419,CN,CN,EDUCA,ALUM1,2.16
3488420,CN,CN,EDUCA,LEAD1,0.22
3488421,CN,CN,EDUCA,COPP1,0.78
3488422,CN,CN,EDUCA,NONF1,2.16
3488423,CN,CN,EDUCA,FOUND,1.14
3488424,CN,CN,EDUCA,FABRI,140.28
3488425,CN,CN,EDUCA,OFFIC,42.91
3488426,CN,CN,EDUCA,ELECT,71.24
3488427,CN,CN,EDUCA,RADIO,5.12
3488428,CN,CN,EDUCA,MEDIC,1.10
3488429,CN,CN,EDUCA,MOTO1,109.14
3488430,CN,CN,EDUCA,TRANS,10.60
3488431,CN,CN,EDUCA,FURNI,3.61
3488432,CN,CN,EDUCA,ELEC1,3.72
3488433,CN,CN,EDUCA,ELEC2,0.98
3488434,CN,CN,EDUCA,ELEC3,2.51
3488435,CN,CN,EDUCA,ELEC4,6.61
3488436,CN,CN,EDUCA,ELEC5,2.46
3488437,CN,CN,EDUCA,ELEC7,0.02
3488438,CN,CN,EDUCA,ELEC8,1.16
3488439,CN,CN,EDUCA,TRAN1,0.04
3488440,CN,CN,EDUCA,DISTR,0.10
3488441,CN,CN,EDUCA,COKE1,0.24
3488442,CN,CN,EDUCA,BLAST,1.00
3488443,CN,CN,EDUCA,OXYGE,0.10
3488444,CN,CN,EDUCA,GASWO,0.03
3488445,CN,CN,EDUCA,BIOG1,0.39
3488446,CN,CN,EDUCA,DIST1,1.08
3488447,CN,CN,EDUCA,STEAM,1.56
3488448,CN,CN,EDUCA,CONST,140.63
3488449,CN,CN,EDUCA,SALEM,0.18
3488450,CN,CN,EDUCA,RETAI,1.57
3488451,CN,CN,EDUCA,WHOLE,87.97
3488452,CN,CN,EDUCA,RETA1,118.05
3488453,CN,CN,EDUCA,HOTEL,36.00
3488454,CN,CN,EDUCA,RAILW,0.30
3488455,CN,CN,EDUCA,LANDT,0.25
3488456,CN,CN,EDUCA,TRAN2,0.04
3488457,CN,CN,EDUCA,SEACO,0.06
3488458,CN,CN,EDUCA,AIRTR,2.11
3488459,CN,CN,EDUCA,SUPPO,0.97
3488460,CN,CN,EDUCA,POSTT,323.35
3488461,CN,CN,EDUCA,FINAN,326.50
3488462,CN,CN,EDUCA,INSUR,184.33
3488463,CN,CN,EDUCA,AUXIL,62.66
3488464,CN,CN,EDUCA,REALE,36.20
3488465,CN,CN,EDUCA,COMPU,791.28
3488466,CN,CN,EDUCA,RESEA,6220.44
3488467,CN,CN,EDUCA,BUSIN,22.93
3488468,CN,CN,EDUCA,PUBLI,19382.06
3488469,CN,CN,EDUCA,EDUCA,7168.58
3488470,CN,CN,EDUCA,HEALT,77.63
3488471,CN,CN,EDUCA,MEMBE,153.56
3488472,CN,CN,EDUCA,RECRE,21.39
3488473,CN,CN,EDUCA,93197,39.96
3488474,CN,CN,HEALT,CATTL,422.96
3488475,CN,CN,HEALT,PIGS9,657.99
3488476,CN,CN,HEALT,POULT,383.83
3488477,CN,CN,HEALT,MEATA,39.10
3488478,CN,CN,HEALT,ANIMA,2.86
3488479,CN,CN,HEALT,RAWMI,103.68
3488480,CN,CN,HEALT,WOOLS,5.31
3488481,CN,CN,HEALT,FORES,1.13
3488482,CN,CN,HEALT,FISHF,53.69
3488483,CN,CN,HEALT,COKIN,122.95
3488484,CN,CN,HEALT,BITUM,1077.72
3488485,CN,CN,HEALT,PATEN,1.89
3488486,CN,CN,HEALT,CRUDE,137.54
3488487,CN,CN,HEALT,NATUR,37.79
3488488,CN,CN,HEALT,NATU1,0.09
3488489,CN,CN,HEALT,DAIRY,0.05
3488490,CN,CN,HEALT,BEVER,2.23
3488491,CN,CN,HEALT,TOBAC,0.18
3488492,CN,CN,HEALT,TEXTI,348.95
3488493,CN,CN,HEALT,WEARI,81.50
3488494,CN,CN,HEALT,LEATH,43.86
3488495,CN,CN,HEALT,WOODW,26.88
3488496,CN,CN,HEALT,PULP5,2.13
3488497,CN,CN,HEALT,PAPER,610.08
3488498,CN,CN,HEALT,PRINT,397.91
3488499,CN,CN,HEALT,COKEO,1.86
3488500,CN,CN,HEALT,COALT,1.08
3488501,CN,CN,HEALT,MOTOR,36.32
3488502,CN,CN,HEALT,AVIAT,0.05
3488503,CN,CN,HEALT,KEROS,12.67
3488504,CN,CN,HEALT,KERO1,1.09
3488505,CN,CN,HEALT,GASDI,25.38
3488506,CN,CN,HEALT,HEAVY,5.49
3488507,CN,CN,HEALT,REFIN,0.15
3488508,CN,CN,HEALT,LIQUE,9.63
3488509,CN,CN,HEALT,REFI1,0.23
3488510,CN,CN,HEALT,NAPHT,8.52
3488511,CN,CN,HEALT,WHITE,0.09
3488512,CN,CN,HEALT,LUBRI,0.24
3488513,CN,CN,HEALT,BITU1,1.71
3488514,CN,CN,HEALT,PARAF,0.42
3488515,CN,CN,HEALT,PETRO,0.38
3488516,CN,CN,HEALT,NONSP,2.94
3488517,CN,CN,HEALT,PLAST,268.05
3488518,CN,CN,HEALT,CHEM1,799.25
3488519,CN,CN,HEALT,BIOGA,3.90
3488520,CN,CN,HEALT,BIODI,2.07
3488521,CN,CN,HEALT,RUBBE,189.62
3488522,CN,CN,HEALT,GLASS,3458.62
3488523,CN,CN,HEALT,BASIC,871.02
3488524,CN,CN,HEALT,PREC1,250.74
3488525,CN,CN,HEALT,ALUM1,144.89
3488526,CN,CN,HEALT,LEAD1,42.46
3488527,CN,CN,HEALT,COPP1,83.20
3488528,CN,CN,HEALT,NONF1,75.19
3488529,CN,CN,HEALT,FOUND,76.08
3488530,CN,CN,HEALT,FABRI,3918.29
3488531,CN,CN,HEALT,MACHI,0.02
3488532,CN,CN,HEALT,ELECT,3548.70
3488533,CN,CN,HEALT,RADIO,340.31
3488534,CN,CN,HEALT,MEDIC,94.65
3488535,CN,CN,HEALT,MOTO1,2170.13
3488536,CN,CN,HEALT,TRANS,1116.93
3488537,CN,CN,HEALT,FURNI,322.60
3488538,CN,CN,HEALT,ELEC1,77.57
3488539,CN,CN,HEALT,ELEC2,21.95
3488540,CN,CN,HEALT,ELEC3,36.91
3488541,CN,CN,HEALT,ELEC4,116.92
3488542,CN,CN,HEALT,ELEC5,43.45
3488543,CN,CN,HEALT,ELEC6,0.09
3488544,CN,CN,HEALT,ELEC7,0.43
3488545,CN,CN,HEALT,ELEC8,20.59
3488546,CN,CN,HEALT,ELE11,0.02
3488547,CN,CN,HEALT,TRAN1,0.88
3488548,CN,CN,HEALT,DISTR,2.30
3488549,CN,CN,HEALT,COKE1,11.89
3488550,CN,CN,HEALT,BLAST,49.80
3488551,CN,CN,HEALT,OXYGE,4.77
3488552,CN,CN,HEALT,GASWO,1.38
3488553,CN,CN,HEALT,BIOG1,19.36
3488554,CN,CN,HEALT,DIST1,53.65
3488555,CN,CN,HEALT,STEAM,0.88
3488556,CN,CN,HEALT,CONST,1190.30
3488557,CN,CN,HEALT,WHOLE,297.38
3488558,CN,CN,HEALT,RETA1,343.19
3488559,CN,CN,HEALT,HOTEL,87.72
3488560,CN,CN,HEALT,RAILW,0.75
3488561,CN,CN,HEALT,SEACO,0.08
3488562,CN,CN,HEALT,INLAN,0.04
3488563,CN,CN,HEALT,AIRTR,0.83
3488564,CN,CN,HEALT,SUPPO,0.76
3488565,CN,CN,HEALT,POSTT,91.88
3488566,CN,CN,HEALT,FINAN,51.52
3488567,CN,CN,HEALT,INSUR,95.90
3488568,CN,CN,HEALT,AUXIL,26.28
3488569,CN,CN,HEALT,REALE,1135.37
3488570,CN,CN,HEALT,COMPU,217.55
3488571,CN,CN,HEALT,RESEA,1121.85
3488572,CN,CN,HEALT,BUSIN,6.27
3488573,CN,CN,HEALT,PUBLI,4134.98
3488574,CN,CN,HEALT,EDUCA,109.57
3488575,CN,CN,HEALT,HEALT,2661.29
3488576,CN,CN,HEALT,MEMBE,39.67
3488577,CN,CN,HEALT,RECRE,26.06
3488578,CN,CN,HEALT,93197,53.87
3488579,CN,CN,HEALT,PRIVA,1.81
3488580,CN,CN,FOODW,IRONO,0.01
3488581,CN,CN,FOODW,NONFE,0.01
3488582,CN,CN,FOODW,STONE,0.01
3488583,CN,CN,FOODW,MACHI,0.01
3488584,CN,CN,PAPE1,IRONO,0.01
3488585,CN,CN,PAPE1,NONFE,0.01
3488586,CN,CN,PAPE1,STONE,0.01
3488587,CN,CN,PAPE1,MACHI,0.01
3488588,CN,CN,FOOD3,NICKE,0.02
3488589,CN,CN,FOOD3,LEADZ,0.01
3488590,CN,CN,FOOD3,NONFE,0.02
3488591,CN,CN,FOOD3,STONE,0.03
3488592,CN,CN,FOOD3,SANDC,0.01
3488593,CN,CN,FOOD3,CHEMI,0.01
3488594,CN,CN,FOOD3,ELEC9,1.43
3488595,CN,CN,WASTE,URANI,0.01
3488596,CN,CN,WASTE,IRONO,0.08
3488597,CN,CN,WASTE,COPPE,0.22
3488598,CN,CN,WASTE,NICKE,0.03
3488599,CN,CN,WASTE,PRECI,0.13
3488600,CN,CN,WASTE,LEADZ,0.02
3488601,CN,CN,WASTE,NONFE,0.03
3488602,CN,CN,WASTE,STONE,0.04
3488603,CN,CN,WASTE,SANDC,0.01
3488604,CN,CN,WASTE,CHEMI,0.01
3488605,CN,CN,WASTE,VEGE1,0.95
3488606,CN,CN,WASTE,MACHI,0.07
3488607,CN,CN,WASTE,ELEC6,0.57
3488608,CN,CN,WASTE,ELEC9,0.16
3488609,CN,CN,WASTE,ELE11,0.26
3488610,CN,CN,FOOD4,FORES,5.29
3488611,CN,CN,FOOD4,HYDRO,1.47
3488612,CN,CN,FOOD4,IRONO,0.04
3488613,CN,CN,FOOD4,COPPE,0.11
3488614,CN,CN,FOOD4,NICKE,0.01
3488615,CN,CN,FOOD4,PRECI,0.06
3488616,CN,CN,FOOD4,LEADZ,0.01
3488617,CN,CN,FOOD4,NONFE,0.02
3488618,CN,CN,FOOD4,STONE,0.02
3488619,CN,CN,FOOD4,CHEMI,0.01
3488620,CN,CN,FOOD4,VEGE1,0.46
3488621,CN,CN,FOOD4,SUGA1,2.31
3488622,CN,CN,FOOD4,NFERT,5.20
3488623,CN,CN,FOOD4,MACHI,0.04
3488624,CN,CN,FOOD4,ELEC6,1.14
3488625,CN,CN,FOOD4,ELEC7,5.09
3488626,CN,CN,FOOD4,ELEC9,0.08
3488627,CN,CN,FOOD4,ELE11,0.13
3488628,CN,CN,PAPE4,HYDRO,0.69
3488629,CN,CN,PAPE4,IRONO,0.02
3488630,CN,CN,PAPE4,COPPE,0.04
3488631,CN,CN,PAPE4,NICKE,0.01
3488632,CN,CN,PAPE4,PRECI,0.03
3488633,CN,CN,PAPE4,NONFE,0.01
3488634,CN,CN,PAPE4,STONE,0.01
3488635,CN,CN,PAPE4,VEGE1,0.19
3488636,CN,CN,PAPE4,SUGA1,0.95
3488637,CN,CN,PAPE4,NFERT,0.19
3488638,CN,CN,PAPE4,MACHI,0.01
3488639,CN,CN,PAPE4,ELEC6,0.48
3488640,CN,CN,PAPE4,ELEC7,2.15
3488641,CN,CN,PAPE4,ELEC9,0.03
3488642,CN,CN,PLAS2,HYDRO,0.47
3488643,CN,CN,PLAS2,IRONO,0.01
3488644,CN,CN,PLAS2,COPPE,0.03
3488645,CN,CN,PLAS2,PRECI,0.02
3488646,CN,CN,PLAS2,NONFE,0.01
3488647,CN,CN,PLAS2,STONE,0.01
3488648,CN,CN,PLAS2,VEGE1,0.15
3488649,CN,CN,PLAS2,SUGA1,0.76
3488650,CN,CN,PLAS2,MACHI,0.01
3488651,CN,CN,PLAS2,ELEC6,0.19
3488652,CN,CN,PLAS2,ELEC7,1.73
3488653,CN,CN,PLAS2,ELEC9,0.03
3488654,CN,CN,INERT,HYDRO,0.77
3488655,CN,CN,INERT,IRONO,0.01
3488656,CN,CN,INERT,COPPE,0.04
3488657,CN,CN,INERT,PRECI,0.02
3488658,CN,CN,INERT,NONFE,0.01
3488659,CN,CN,INERT,STONE,0.01
3488660,CN,CN,INERT,VEGE1,0.16
3488661,CN,CN,INERT,SUGA1,0.04
3488662,CN,CN,INERT,MACHI,0.01
3488663,CN,CN,INERT,ELEC6,0.40
3488664,CN,CN,INERT,ELEC7,1.78
3488665,CN,CN,INERT,ELEC9,0.03
3488666,CN,CN,INERT,ELE10,0.01
3488667,CN,CN,TEXT2,HYDRO,0.21
3488668,CN,CN,TEXT2,IRONO,0.01
3488669,CN,CN,TEXT2,COPPE,0.01
3488670,CN,CN,TEXT2,PRECI,0.01
3488671,CN,CN,TEXT2,VEGE1,0.06
3488672,CN,CN,TEXT2,SUGA1,0.33
3488673,CN,CN,TEXT2,ELEC6,0.10
3488674,CN,CN,TEXT2,ELEC9,0.01
3488675,CN,CN,WOOD2,HYDRO,0.27
3488676,CN,CN,WOOD2,IRONO,0.01
3488677,CN,CN,WOOD2,COPPE,0.02
3488678,CN,CN,WOOD2,PRECI,0.01
3488679,CN,CN,WOOD2,VEGE1,0.08
3488680,CN,CN,WOOD2,SUGA1,0.40
3488681,CN,CN,WOOD2,MACHI,0.01
3488682,CN,CN,WOOD2,ELEC6,0.20
3488683,CN,CN,WOOD2,ELEC7,0.05
3488684,CN,CN,WOOD2,ELEC9,0.01
3488685,CN,CN,MEMBE,PADDY,2.40
3488686,CN,CN,MEMBE,WHEAT,0.51
3488687,CN,CN,MEMBE,CEREA,2.04
3488688,CN,CN,MEMBE,VEGET,21.06
3488689,CN,CN,MEMBE,OILSE,0.90
3488690,CN,CN,MEMBE,SUGAR,1.70
3488691,CN,CN,MEMBE,PLANT,0.30
3488692,CN,CN,MEMBE,CROPS,0.66
3488693,CN,CN,MEMBE,CATTL,1.14
3488694,CN,CN,MEMBE,PIGS9,1.73
3488695,CN,CN,MEMBE,POULT,1.56
3488696,CN,CN,MEMBE,MEATA,0.53
3488697,CN,CN,MEMBE,ANIMA,0.04
3488698,CN,CN,MEMBE,RAWMI,0.21
3488699,CN,CN,MEMBE,WOOLS,0.07
3488700,CN,CN,MEMBE,FORES,0.11
3488701,CN,CN,MEMBE,FISHF,1.99
3488702,CN,CN,MEMBE,COKIN,0.17
3488703,CN,CN,MEMBE,BITUM,1.51
3488704,CN,CN,MEMBE,CRUDE,21.32
3488705,CN,CN,MEMBE,NATUR,4.62
3488706,CN,CN,MEMBE,NATU1,0.01
3488707,CN,CN,MEMBE,MEATC,0.21
3488708,CN,CN,MEMBE,MEATP,1.29
3488709,CN,CN,MEMBE,MEAT1,1.03
3488710,CN,CN,MEMBE,MEAT4,4.09
3488711,CN,CN,MEMBE,DAIRY,0.21
3488712,CN,CN,MEMBE,PROCE,0.24
3488713,CN,CN,MEMBE,SUGA1,0.01
3488714,CN,CN,MEMBE,FOOD5,50.34
3488715,CN,CN,MEMBE,BEVER,6.87
3488716,CN,CN,MEMBE,FISH5,27.10
3488717,CN,CN,MEMBE,TOBAC,1.66
3488718,CN,CN,MEMBE,TEXTI,20.58
3488719,CN,CN,MEMBE,WEARI,14.89
3488720,CN,CN,MEMBE,LEATH,11.56
3488721,CN,CN,MEMBE,WOODW,0.37
3488722,CN,CN,MEMBE,PULP5,0.02
3488723,CN,CN,MEMBE,PAPER,5.36
3488724,CN,CN,MEMBE,PRINT,2.23
3488725,CN,CN,MEMBE,COKEO,0.69
3488726,CN,CN,MEMBE,COALT,0.80
3488727,CN,CN,MEMBE,MOTOR,26.81
3488728,CN,CN,MEMBE,AVIAT,0.04
3488729,CN,CN,MEMBE,KEROS,9.35
3488730,CN,CN,MEMBE,KERO1,0.80
3488731,CN,CN,MEMBE,GASDI,18.73
3488732,CN,CN,MEMBE,HEAVY,4.06
3488733,CN,CN,MEMBE,REFIN,0.11
3488734,CN,CN,MEMBE,LIQUE,7.11
3488735,CN,CN,MEMBE,REFI1,0.17
3488736,CN,CN,MEMBE,NAPHT,6.29
3488737,CN,CN,MEMBE,WHITE,0.06
3488738,CN,CN,MEMBE,LUBRI,0.17
3488739,CN,CN,MEMBE,BITU1,1.26
3488740,CN,CN,MEMBE,PARAF,0.31
3488741,CN,CN,MEMBE,PETRO,0.28
3488742,CN,CN,MEMBE,NONSP,2.17
3488743,CN,CN,MEMBE,PLAST,5.33
3488744,CN,CN,MEMBE,NFERT,0.08
3488745,CN,CN,MEMBE,PFERT,3.24
3488746,CN,CN,MEMBE,CHEM1,3.38
3488747,CN,CN,MEMBE,BIOGA,0.02
3488748,CN,CN,MEMBE,BIODI,0.01
3488749,CN,CN,MEMBE,RUBBE,3.64
3488750,CN,CN,MEMBE,GLASS,21.89
3488751,CN,CN,MEMBE,CERAM,41.34
3488752,CN,CN,MEMBE,BRICK,0.83
3488753,CN,CN,MEMBE,CEMEN,13.16
3488754,CN,CN,MEMBE,NONME,20.47
3488755,CN,CN,MEMBE,BASIC,13.75
3488756,CN,CN,MEMBE,PREC1,0.39
3488757,CN,CN,MEMBE,ALUM1,2.43
3488758,CN,CN,MEMBE,LEAD1,0.57
3488759,CN,CN,MEMBE,COPP1,1.32
3488760,CN,CN,MEMBE,NONF1,1.12
3488761,CN,CN,MEMBE,FOUND,1.07
3488762,CN,CN,MEMBE,FABRI,7.66
3488763,CN,CN,MEMBE,OFFIC,33.88
3488764,CN,CN,MEMBE,ELECT,8.81
3488765,CN,CN,MEMBE,RADIO,3.84
3488766,CN,CN,MEMBE,MEDIC,0.95
3488767,CN,CN,MEMBE,MOTO1,13.94
3488768,CN,CN,MEMBE,TRANS,3.12
3488769,CN,CN,MEMBE,FURNI,3.05
3488770,CN,CN,MEMBE,ELEC1,17.04
3488771,CN,CN,MEMBE,ELEC2,4.83
3488772,CN,CN,MEMBE,ELEC3,7.81
3488773,CN,CN,MEMBE,ELEC4,24.98
3488774,CN,CN,MEMBE,ELEC5,9.31
3488775,CN,CN,MEMBE,ELEC6,0.02
3488776,CN,CN,MEMBE,ELEC7,0.10
3488777,CN,CN,MEMBE,ELEC9,0.02
3488778,CN,CN,MEMBE,TRAN1,0.25
3488779,CN,CN,MEMBE,DISTR,0.65
3488780,CN,CN,MEMBE,COKE1,0.01
3488781,CN,CN,MEMBE,BLAST,0.03
3488782,CN,CN,MEMBE,BIOG1,0.01
3488783,CN,CN,MEMBE,DIST1,0.04
3488784,CN,CN,MEMBE,STEAM,0.09
3488785,CN,CN,MEMBE,CONST,41.61
3488786,CN,CN,MEMBE,SALEM,42.02
3488787,CN,CN,MEMBE,RETAI,0.66
3488788,CN,CN,MEMBE,WHOLE,59.19
3488789,CN,CN,MEMBE,RETA1,78.16
3488790,CN,CN,MEMBE,HOTEL,15.58
3488791,CN,CN,MEMBE,RAILW,10.19
3488792,CN,CN,MEMBE,LANDT,34.72
3488793,CN,CN,MEMBE,TRAN2,1.17
3488794,CN,CN,MEMBE,SEACO,8.74
3488795,CN,CN,MEMBE,INLAN,0.42
3488796,CN,CN,MEMBE,AIRTR,4.49
3488797,CN,CN,MEMBE,SUPPO,7.16
3488798,CN,CN,MEMBE,POSTT,13.95
3488799,CN,CN,MEMBE,FINAN,79.04
3488800,CN,CN,MEMBE,INSUR,49.71
3488801,CN,CN,MEMBE,AUXIL,22.20
3488802,CN,CN,MEMBE,REALE,60.95
3488803,CN,CN,MEMBE,COMPU,24.94
3488804,CN,CN,MEMBE,RESEA,5.76
3488805,CN,CN,MEMBE,BUSIN,9.46
3488806,CN,CN,MEMBE,PUBLI,9.42
3488807,CN,CN,MEMBE,EDUCA,5.20
3488808,CN,CN,MEMBE,HEALT,7.84
3488809,CN,CN,MEMBE,MEMBE,0.13
3488810,CN,CN,MEMBE,RECRE,2.39
3488811,CN,CN,MEMBE,93197,17.73
3488812,CN,CN,MEMBE,PRIVA,0.79
3488813,CN,CN,RECRE,VEGET,385.63
3488814,CN,CN,RECRE,OILSE,10.71
3488815,CN,CN,RECRE,SUGAR,7.54
3488816,CN,CN,RECRE,PLANT,0.49
3488817,CN,CN,RECRE,CROPS,15.01
3488818,CN,CN,RECRE,CATTL,3.09
3488819,CN,CN,RECRE,PIGS9,4.25
3488820,CN,CN,RECRE,RAWMI,0.66
3488821,CN,CN,RECRE,FORES,0.56
3488822,CN,CN,RECRE,FISHF,1.91
3488823,CN,CN,RECRE,COKIN,112.82
3488824,CN,CN,RECRE,BITUM,988.98
3488825,CN,CN,RECRE,PATEN,1.73
3488826,CN,CN,RECRE,CRUDE,243.06
3488827,CN,CN,RECRE,NATUR,66.79
3488828,CN,CN,RECRE,NATU1,0.17
3488829,CN,CN,RECRE,PRECI,0.02
3488830,CN,CN,RECRE,MEATC,2.69
3488831,CN,CN,RECRE,MEATP,15.52
3488832,CN,CN,RECRE,MEAT1,19.49
3488833,CN,CN,RECRE,MEAT4,93.02
3488834,CN,CN,RECRE,DAIRY,0.34
3488835,CN,CN,RECRE,SUGA1,0.01
3488836,CN,CN,RECRE,FOOD5,1674.34
3488837,CN,CN,RECRE,BEVER,322.39
3488838,CN,CN,RECRE,TOBAC,43.82
3488839,CN,CN,RECRE,TEXTI,804.60
3488840,CN,CN,RECRE,WEARI,648.99
3488841,CN,CN,RECRE,LEATH,368.10
3488842,CN,CN,RECRE,WOODW,1.72
3488843,CN,CN,RECRE,PULP5,0.14
3488844,CN,CN,RECRE,PAPER,40.54
3488845,CN,CN,RECRE,PRINT,189.72
3488846,CN,CN,RECRE,COKEO,0.10
3488847,CN,CN,RECRE,COALT,0.06
3488848,CN,CN,RECRE,MOTOR,1.88
3488849,CN,CN,RECRE,KEROS,0.66
3488850,CN,CN,RECRE,KERO1,0.06
3488851,CN,CN,RECRE,GASDI,1.31
3488852,CN,CN,RECRE,HEAVY,0.28
3488853,CN,CN,RECRE,REFIN,0.01
3488854,CN,CN,RECRE,LIQUE,0.50
3488855,CN,CN,RECRE,REFI1,0.01
3488856,CN,CN,RECRE,NAPHT,0.44
3488857,CN,CN,RECRE,LUBRI,0.01
3488858,CN,CN,RECRE,BITU1,0.09
3488859,CN,CN,RECRE,PARAF,0.02
3488860,CN,CN,RECRE,PETRO,0.02
3488861,CN,CN,RECRE,NONSP,0.15
3488862,CN,CN,RECRE,PLAST,171.07
3488863,CN,CN,RECRE,NFERT,0.90
3488864,CN,CN,RECRE,PFERT,210.44
3488865,CN,CN,RECRE,CHEM1,639.05
3488866,CN,CN,RECRE,BIOGA,3.12
3488867,CN,CN,RECRE,BIODI,1.66
3488868,CN,CN,RECRE,RUBBE,305.59
3488869,CN,CN,RECRE,GLASS,1.23
3488870,CN,CN,RECRE,CERAM,3.66
3488871,CN,CN,RECRE,BRICK,0.02
3488872,CN,CN,RECRE,CEMEN,0.22
3488873,CN,CN,RECRE,NONME,0.38
3488874,CN,CN,RECRE,BASIC,606.92
3488875,CN,CN,RECRE,PREC1,180.26
3488876,CN,CN,RECRE,ALUM1,105.76
3488877,CN,CN,RECRE,LEAD1,30.57
3488878,CN,CN,RECRE,COPP1,61.47
3488879,CN,CN,RECRE,NONF1,54.22
3488880,CN,CN,RECRE,FOUND,52.88
3488881,CN,CN,RECRE,FABRI,664.07
3488882,CN,CN,RECRE,OFFIC,1411.43
3488883,CN,CN,RECRE,ELECT,597.86
3488884,CN,CN,RECRE,RADIO,218.01
3488885,CN,CN,RECRE,MEDIC,45.25
3488886,CN,CN,RECRE,MOTO1,1016.03
3488887,CN,CN,RECRE,TRANS,275.35
3488888,CN,CN,RECRE,FURNI,38.21
3488889,CN,CN,RECRE,ELEC1,163.71
3488890,CN,CN,RECRE,ELEC2,42.62
3488891,CN,CN,RECRE,ELEC3,202.67
3488892,CN,CN,RECRE,ELEC4,178.39
3488893,CN,CN,RECRE,ELEC5,66.52
3488894,CN,CN,RECRE,ELEC6,0.20
3488895,CN,CN,RECRE,ELEC7,0.95
3488896,CN,CN,RECRE,ELEC8,31.19
3488897,CN,CN,RECRE,ELEC9,0.12
3488898,CN,CN,RECRE,ELE11,0.03
3488899,CN,CN,RECRE,TRAN1,1.42
3488900,CN,CN,RECRE,DISTR,3.73
3488901,CN,CN,RECRE,COKE1,2.08
3488902,CN,CN,RECRE,BLAST,8.71
3488903,CN,CN,RECRE,OXYGE,0.83
3488904,CN,CN,RECRE,GASWO,0.24
3488905,CN,CN,RECRE,BIOG1,3.39
3488906,CN,CN,RECRE,DIST1,9.39
3488907,CN,CN,RECRE,STEAM,7.84
3488908,CN,CN,RECRE,CONST,14067.04
3488909,CN,CN,RECRE,RETAI,77.61
3488910,CN,CN,RECRE,HOTEL,2388.07
3488911,CN,CN,RECRE,RAILW,216.46
3488912,CN,CN,RECRE,LANDT,659.96
3488913,CN,CN,RECRE,TRAN2,17.09
3488914,CN,CN,RECRE,SEACO,64.61
3488915,CN,CN,RECRE,INLAN,22.66
3488916,CN,CN,RECRE,AIRTR,322.44
3488917,CN,CN,RECRE,SUPPO,698.29
3488918,CN,CN,RECRE,POSTT,185.86
3488919,CN,CN,RECRE,FINAN,6728.63
3488920,CN,CN,RECRE,INSUR,3462.59
3488921,CN,CN,RECRE,AUXIL,1267.43
3488922,CN,CN,RECRE,REALE,14393.22
3488923,CN,CN,RECRE,COMPU,2004.82
3488924,CN,CN,RECRE,RESEA,13828.33
3488925,CN,CN,RECRE,BUSIN,466.86
3488926,CN,CN,RECRE,PUBLI,19365.74
3488927,CN,CN,RECRE,EDUCA,2654.62
3488928,CN,CN,RECRE,HEALT,201.29
3488929,CN,CN,RECRE,MEMBE,1105.24
3488930,CN,CN,RECRE,RECRE,2861.24
3488931,CN,CN,RECRE,93197,2367.11
3488932,CN,CN,RECRE,PRIVA,0.45
3488933,CN,CN,93197,PADDY,346.54
3488934,CN,CN,93197,WHEAT,135.14
3488935,CN,CN,93197,CEREA,2261.93
3488936,CN,CN,93197,VEGET,1817.43
3488937,CN,CN,93197,OILSE,30.94
3488938,CN,CN,93197,SUGAR,12.85
3488939,CN,CN,93197,PLANT,3.05
3488940,CN,CN,93197,CROPS,41.33
3488941,CN,CN,93197,CATTL,0.68
3488942,CN,CN,93197,PIGS9,2.77
3488943,CN,CN,93197,POULT,279.04
3488944,CN,CN,93197,MEATA,305.26
3488945,CN,CN,93197,ANIMA,3.37
3488946,CN,CN,93197,RAWMI,0.95
3488947,CN,CN,93197,WOOLS,41.32
3488948,CN,CN,93197,FORES,5.27
3488949,CN,CN,93197,FISHF,205.28
3488950,CN,CN,93197,COKIN,715.07
3488951,CN,CN,93197,BITUM,6268.13
3488952,CN,CN,93197,PATEN,10.98
3488953,CN,CN,93197,CRUDE,369.22
3488954,CN,CN,93197,NATUR,108.45
3488955,CN,CN,93197,NATU1,0.27
3488956,CN,CN,93197,MEATC,0.26
3488957,CN,CN,93197,MEATP,1.15
3488958,CN,CN,93197,MEAT1,2.66
3488959,CN,CN,93197,MEAT4,15.76
3488960,CN,CN,93197,DAIRY,0.22
3488961,CN,CN,93197,PROCE,0.34
3488962,CN,CN,93197,SUGA1,0.09
3488963,CN,CN,93197,FOOD5,397.57
3488964,CN,CN,93197,BEVER,7.31
3488965,CN,CN,93197,FISH5,64.98
3488966,CN,CN,93197,TOBAC,1.95
3488967,CN,CN,93197,TEXTI,27.46
3488968,CN,CN,93197,WEARI,144.06
3488969,CN,CN,93197,LEATH,67.11
3488970,CN,CN,93197,WOODW,5.71
3488971,CN,CN,93197,PULP5,0.05
3488972,CN,CN,93197,PAPER,24.82
3488973,CN,CN,93197,PRINT,22.18
3488974,CN,CN,93197,COKEO,8.41
3488975,CN,CN,93197,COALT,3.99
3488976,CN,CN,93197,MOTOR,133.74
3488977,CN,CN,93197,AVIAT,0.20
3488978,CN,CN,93197,KEROS,46.64
3488979,CN,CN,93197,KERO1,4.00
3488980,CN,CN,93197,GASDI,93.45
3488981,CN,CN,93197,HEAVY,20.23
3488982,CN,CN,93197,REFIN,0.55
3488983,CN,CN,93197,LIQUE,35.46
3488984,CN,CN,93197,REFI1,0.86
3488985,CN,CN,93197,NAPHT,31.37
3488986,CN,CN,93197,WHITE,0.32
3488987,CN,CN,93197,LUBRI,0.87
3488988,CN,CN,93197,BITU1,6.31
3488989,CN,CN,93197,PARAF,1.55
3488990,CN,CN,93197,PETRO,1.40
3488991,CN,CN,93197,NONSP,10.83
3488992,CN,CN,93197,PLAST,10.57
3488993,CN,CN,93197,NFERT,0.06
3488994,CN,CN,93197,PFERT,13.78
3488995,CN,CN,93197,CHEM1,38.24
3488996,CN,CN,93197,BIOGA,0.19
3488997,CN,CN,93197,BIODI,0.10
3488998,CN,CN,93197,RUBBE,14.40
3488999,CN,CN,93197,GLASS,13.59
3489000,CN,CN,93197,CERAM,1436.13
3489001,CN,CN,93197,BRICK,31.62
3489002,CN,CN,93197,CEMEN,441.64
3489003,CN,CN,93197,NONME,460.01
3489004,CN,CN,93197,BASIC,747.63
3489005,CN,CN,93197,PREC1,10.59
3489006,CN,CN,93197,ALUM1,49.47
3489007,CN,CN,93197,LEAD1,5.05
3489008,CN,CN,93197,COPP1,18.04
3489009,CN,CN,93197,NONF1,49.10
3489010,CN,CN,93197,FOUND,36.24
3489011,CN,CN,93197,FABRI,136.69
3489012,CN,CN,93197,OFFIC,160.48
3489013,CN,CN,93197,ELECT,0.42
3489014,CN,CN,93197,RADIO,30.81
3489015,CN,CN,93197,MEDIC,7.43
3489016,CN,CN,93197,MOTO1,121.70
3489017,CN,CN,93197,TRANS,64.87
3489018,CN,CN,93197,FURNI,90.47
3489019,CN,CN,93197,ELEC1,396.47
3489020,CN,CN,93197,ELEC2,104.21
3489021,CN,CN,93197,ELEC3,249.22
3489022,CN,CN,93197,ELEC4,447.69
3489023,CN,CN,93197,ELEC5,166.91
3489024,CN,CN,93197,ELEC6,0.48
3489025,CN,CN,93197,ELEC7,2.31
3489026,CN,CN,93197,ELEC8,78.81
3489027,CN,CN,93197,ELEC9,0.11
3489028,CN,CN,93197,ELE11,0.07
3489029,CN,CN,93197,TRAN1,2.48
3489030,CN,CN,93197,DISTR,6.52
3489031,CN,CN,93197,COKE1,2.87
3489032,CN,CN,93197,BLAST,12.02
3489033,CN,CN,93197,OXYGE,1.15
3489034,CN,CN,93197,GASWO,0.33
3489035,CN,CN,93197,BIOG1,4.67
3489036,CN,CN,93197,DIST1,12.94
3489037,CN,CN,93197,STEAM,44.38
3489038,CN,CN,93197,CONST,14079.63
3489039,CN,CN,93197,RETAI,1.96
3489040,CN,CN,93197,RETA1,560.19
3489041,CN,CN,93197,HOTEL,11603.81
3489042,CN,CN,93197,LANDT,16034.75
3489043,CN,CN,93197,INLAN,594.37
3489044,CN,CN,93197,AIRTR,3482.64
3489045,CN,CN,93197,POSTT,53.31
3489046,CN,CN,93197,FINAN,4833.81
3489047,CN,CN,93197,INSUR,2449.27
3489048,CN,CN,93197,AUXIL,853.40
3489049,CN,CN,93197,REALE,27532.28
3489050,CN,CN,93197,COMPU,3136.43
3489051,CN,CN,93197,RESEA,148.22
3489052,CN,CN,93197,BUSIN,12153.38
3489053,CN,CN,93197,PUBLI,23978.64
3489054,CN,CN,93197,EDUCA,5416.86
3489055,CN,CN,93197,HEALT,17102.48
3489056,CN,CN,93197,MEMBE,1167.00
3489057,CN,CN,93197,RECRE,1619.22
3489058,CN,CN,93197,93197,26115.76
3489059,CN,CN,93197,PRIVA,0.32
3489060,CN,CN,PRIVA,COKIN,78.39
3489061,CN,CN,PRIVA,BITUM,687.11
3489062,CN,CN,PRIVA,PATEN,1.20
3489063,CN,CN,PRIVA,CRUDE,238.49
3489064,CN,CN,PRIVA,NATUR,56.35
3489065,CN,CN,PRIVA,NATU1,0.14
3489066,CN,CN,PRIVA,PRIVA,3.87
