trade_id,region1,region2,industry1,industry2,amount
9967,JP,JP,MOTO1,MOTO1,132199.27
7297,JP,JP,HEALT,HEALT,75753.63
692,JP,JP,BASIC,BASIC,54313.13
5332,JP,JP,FABRI,CONST,36055.83
714,JP,JP,BASIC,CONST,28773.19
17713,JP,JP,WHOLE,WHOLE,27997.68
17595,JP,JP,WHOLE,CONST,27180.91
12575,JP,JP,PLAST,RUBBE,27006.22
12705,JP,JP,POSTT,POSTT,25609.02
5582,JP,JP,FINAN,REALE,25470.73
7260,JP,JP,HEALT,CHEM1,23114.14
9118,JP,JP,MACHI,MACHI,21286.74
2902,JP,JP,CONST,REALE,21276.84
14656,JP,JP,RETA1,HOTEL,20809.46
14646,JP,JP,RETA1,FOOD5,20680.84
17620,JP,JP,WHOLE,FOOD5,19673.97
17624,JP,JP,WHOLE,FURNI,18645.88
10711,JP,JP,NONME,CONST,18372.05
7361,JP,JP,HEALT,RESEA,18160.25
4244,JP,JP,ELEC2,ELEC2,17994.60
7351,JP,JP,HEALT,PUBLI,16874.73
733,JP,JP,BASIC,FABRI,16204.43
13098,JP,JP,PRINT,PRINT,15394.00
14033,JP,JP,REALE,RETA1,15201.02
17690,JP,JP,WHOLE,RETA1,15110.61
1419,JP,JP,BUSIN,CONST,14138.41
6280,JP,JP,FOOD5,FOOD5,14040.24
760,JP,JP,BASIC,MACHI,13659.68
17642,JP,JP,WHOLE,MACHI,13612.42
7362,JP,JP,HEALT,RETA1,13036.69
1406,JP,JP,BUSIN,BUSIN,12856.18
7302,JP,JP,HEALT,INSUR,12735.01
11379,JP,JP,PADDY,PROCE,12527.11
6290,JP,JP,FOOD5,HOTEL,12442.48
1518,JP,JP,BUSIN,RETA1,11770.82
17574,JP,JP,WHOLE,BASIC,11638.15
881,JP,JP,BEVER,HOTEL,11271.66
17630,JP,JP,WHOLE,HOTEL,10787.01
14620,JP,JP,RETA1,CONST,10502.87
17991,JP,JP,WOODW,CONST,10155.46
7387,JP,JP,HEALT,WHOLE,9887.90
18111,JP,JP,WOODW,WOODW,9727.11
17650,JP,JP,WHOLE,MOTO1,9601.00
14909,JP,JP,RUBBE,CONST,9432.63
11770,JP,JP,PAPER,PAPER,9292.02
14027,JP,JP,REALE,REALE,9137.66
14310,JP,JP,RENTI,CONST,8714.74
13587,JP,JP,RADIO,OFFIC,8645.26
7254,JP,JP,HEALT,BUSIN,8639.59
1544,JP,JP,BUSIN,WHOLE,8477.03
768,JP,JP,BASIC,MOTO1,8183.64
2653,JP,JP,COMPU,COMPU,8033.85
591,JP,JP,AUXIL,INSUR,8033.23
7267,JP,JP,HEALT,CONST,7746.66
11782,JP,JP,PAPER,PRINT,7705.87
17628,JP,JP,WHOLE,HEALT,7673.54
9087,JP,JP,MACHI,ELECT,7443.69
14654,JP,JP,RETA1,HEALT,7411.60
13608,JP,JP,RADIO,RADIO,7247.97
6325,JP,JP,FOOD5,PFERT,7195.47
7271,JP,JP,HEALT,DIST1,7173.03
6728,JP,JP,FOUND,MOTO1,7126.13
3378,JP,JP,DIST1,DIST1,6921.58
4091,JP,JP,ELEC1,ELEC1,6917.32
17613,JP,JP,WHOLE,FABRI,6903.38
9126,JP,JP,MACHI,MOTO1,6901.44
6809,JP,JP,FURNI,CONST,6848.64
15120,JP,JP,SALEM,MOTO1,6731.15
17677,JP,JP,WHOLE,PRINT,6714.15
18017,JP,JP,WOODW,FURNI,6686.90
5508,JP,JP,FINAN,FINAN,6684.48
7357,JP,JP,HEALT,RECRE,6535.12
1507,JP,JP,BUSIN,PUBLI,6450.89
7266,JP,JP,HEALT,COMPU,6407.77
10014,JP,JP,MOTO1,SALEM,6400.09
14720,JP,JP,RETA1,RETA1,6076.95
1517,JP,JP,BUSIN,RESEA,5994.56
14173,JP,JP,RECRE,RECRE,5910.19
14965,JP,JP,RUBBE,MOTO1,5900.25
1512,JP,JP,BUSIN,REALE,5820.22
5388,JP,JP,FABRI,MOTO1,5753.55
743,JP,JP,BASIC,FURNI,5753.50
17588,JP,JP,WHOLE,CHEM1,5696.01
8451,JP,JP,LANDT,CONST,5673.24
6961,JP,JP,GASDI,CONST,5668.39
13814,JP,JP,RAWMI,DAIRY,5531.15
572,JP,JP,AUXIL,FINAN,5374.21
12999,JP,JP,PRINT,BUSIN,5363.15
5778,JP,JP,FISHF,FISH5,5349.49
9959,JP,JP,MOTO1,MACHI,5247.29
1418,JP,JP,BUSIN,COMPU,5245.19
1452,JP,JP,BUSIN,HEALT,5223.08
6721,JP,JP,FOUND,MACHI,5142.01
17582,JP,JP,WHOLE,BUSIN,5068.88
3379,JP,JP,DIST1,DISTR,5064.47
17611,JP,JP,WHOLE,ELEC8,5013.09
14707,JP,JP,RETA1,PRINT,4995.92
14650,JP,JP,RETA1,FURNI,4995.90
14709,JP,JP,RETA1,PUBLI,4950.50
14058,JP,JP,REALE,WHOLE,4892.52
10950,JP,JP,OFFIC,OFFIC,4845.44
1600,JP,JP,CATTL,MEATC,4828.10
13969,JP,JP,REALE,HOTEL,4816.45
5350,JP,JP,FABRI,FABRI,4781.66
17674,JP,JP,WHOLE,POSTT,4779.84
17594,JP,JP,WHOLE,COMPU,4713.29
17692,JP,JP,WHOLE,RUBBE,4615.49
6237,JP,JP,FOOD5,BEVER,4582.74
16911,JP,JP,TRANS,TRANS,4570.58
340,JP,JP,ALUM1,FABRI,4548.93
8840,JP,JP,LIQUE,DIST1,4428.24
15010,JP,JP,RUBBE,RUBBE,4390.63
14563,JP,JP,RESEA,RESEA,4367.92
17655,JP,JP,WHOLE,NONF1,4254.95
5380,JP,JP,FABRI,MACHI,4230.67
14409,JP,JP,RENTI,RETA1,4226.61
14938,JP,JP,RUBBE,FURNI,4224.11
17666,JP,JP,WHOLE,PAPER,4219.73
13111,JP,JP,PRINT,RETA1,4180.52
5489,JP,JP,FINAN,CONST,4161.55
14711,JP,JP,RETA1,RADIO,4136.69
9070,JP,JP,MACHI,CONST,4091.12
1438,JP,JP,BUSIN,FINAN,4081.50
2897,JP,JP,CONST,PUBLI,4060.19
4239,JP,JP,ELEC2,DIST1,4045.19
1513,JP,JP,BUSIN,RECRE,3957.02
1501,JP,JP,BUSIN,POSTT,3955.57
5588,JP,JP,FINAN,RETA1,3939.59
14746,JP,JP,RETA1,WHOLE,3932.20
822,JP,JP,BASIC,TRANS,3923.90
7345,JP,JP,HEALT,POSTT,3851.31
13967,JP,JP,REALE,HEALT,3835.08
1967,JP,JP,CHEM1,BASIC,3790.00
12711,JP,JP,POSTT,PUBLI,3779.52
1981,JP,JP,CHEM1,CHEM1,3764.68
12094,JP,JP,PIGS9,MEATP,3708.17
9954,JP,JP,MOTO1,LANDT,3643.58
14957,JP,JP,RUBBE,MACHI,3629.62
1467,JP,JP,BUSIN,MACHI,3593.57
1486,JP,JP,BUSIN,OFFIC,3559.11
5176,JP,JP,ELECT,CONST,3549.06
17679,JP,JP,WHOLE,PUBLI,3536.56
14677,JP,JP,RETA1,MOTO1,3514.14
7283,JP,JP,HEALT,FINAN,3500.04
13178,JP,JP,PROCE,FOOD5,3490.29
7330,JP,JP,HEALT,OFFIC,3469.06
10195,JP,JP,NAPHT,CHEM1,3464.10
17678,JP,JP,WHOLE,PROCE,3435.42
1454,JP,JP,BUSIN,HOTEL,3426.84
533,JP,JP,AUXIL,AUXIL,3421.49
3528,JP,JP,DISTR,DISTR,3392.17
14688,JP,JP,RETA1,OFFIC,3339.72
12722,JP,JP,POSTT,RETA1,3300.33
5311,JP,JP,FABRI,BASIC,3264.75
13110,JP,JP,PRINT,RESEA,3247.16
14695,JP,JP,RETA1,PAPER,3225.06
7245,JP,JP,HEALT,BASIC,3221.92
12622,JP,JP,POSTT,COMPU,3218.20
302,JP,JP,ALUM1,ALUM1,3210.87
13461,JP,JP,PULP5,PAPER,3158.37
14599,JP,JP,RETA1,BEVER,3145.41
5224,JP,JP,ELECT,MACHI,3113.22
2673,JP,JP,COMPU,FINAN,3103.62
14613,JP,JP,RETA1,CHEM1,3099.46
6347,JP,JP,FOOD5,RETA1,3088.40
17685,JP,JP,WHOLE,RECRE,3085.23
2300,JP,JP,COKE1,DIST1,3076.45
13100,JP,JP,PRINT,PUBLI,3047.33
2087,JP,JP,CHEM1,RESEA,3047.27
7240,JP,JP,HEALT,AIRTR,3010.68
7312,JP,JP,HEALT,MACHI,2976.19
7598,JP,JP,HOTEL,HEALT,2955.93
17705,JP,JP,WHOLE,TRANS,2948.78
4240,JP,JP,ELEC2,DISTR,2907.55
5361,JP,JP,FABRI,FURNI,2897.34
17108,JP,JP,VEGET,HOTEL,2893.99
16104,JP,JP,SUPPO,SUPPO,2892.36
7349,JP,JP,HEALT,PRINT,2834.23
12656,JP,JP,POSTT,HEALT,2813.48
9940,JP,JP,MOTO1,FURNI,2812.43
1475,JP,JP,BUSIN,MOTO1,2811.40
13011,JP,JP,PRINT,COMPU,2779.61
17689,JP,JP,WHOLE,RESEA,2772.95
5577,JP,JP,FINAN,PUBLI,2762.51
14722,JP,JP,RETA1,RUBBE,2756.76
10100,JP,JP,MOTOR,LANDT,2754.07
6288,JP,JP,FOOD5,HEALT,2740.69
14407,JP,JP,RENTI,RENTI,2740.38
14976,JP,JP,RUBBE,OFFIC,2736.58
8363,JP,JP,KEROS,AIRTR,2728.14
2908,JP,JP,CONST,RETA1,2723.04
13019,JP,JP,PRINT,EDUCA,2692.54
13579,JP,JP,RADIO,MOTO1,2687.68
1448,JP,JP,BUSIN,FURNI,2618.75
14016,JP,JP,REALE,POSTT,2607.51
13136,JP,JP,PRINT,WHOLE,2605.25
1412,JP,JP,BUSIN,CHEM1,2597.24
1988,JP,JP,CHEM1,CONST,2590.47
14741,JP,JP,RETA1,VEGET,2585.92
1505,JP,JP,BUSIN,PRINT,2563.22
2842,JP,JP,CONST,HEALT,2562.53
5613,JP,JP,FINAN,WHOLE,2546.72
12717,JP,JP,POSTT,RECRE,2544.96
7293,JP,JP,HEALT,FURNI,2529.43
17688,JP,JP,WHOLE,RENTI,2484.47
14715,JP,JP,RETA1,RECRE,2481.77
5232,JP,JP,ELECT,MOTO1,2477.38
2962,JP,JP,COPP1,COPP1,2468.75
15210,JP,JP,SANDC,CONST,2463.49
1516,JP,JP,BUSIN,RENTI,2450.89
11725,JP,JP,PAPER,FURNI,2447.39
13921,JP,JP,REALE,BUSIN,2432.87
2736,JP,JP,COMPU,POSTT,2429.17
17098,JP,JP,VEGET,FOOD5,2425.08
12747,JP,JP,POSTT,WHOLE,2424.98
14032,JP,JP,REALE,RESEA,2421.17
3406,JP,JP,DIST1,HEALT,2399.98
732,JP,JP,BASIC,ELECT,2392.67
7239,JP,JP,HEALT,93197,2374.56
8576,JP,JP,LANDT,WHOLE,2358.86
11333,JP,JP,PADDY,FOOD5,2356.51
13187,JP,JP,PROCE,HOTEL,2346.23
14719,JP,JP,RETA1,RESEA,2341.22
1509,JP,JP,BUSIN,RADIO,2335.55
13106,JP,JP,PRINT,RECRE,2309.12
7001,JP,JP,GASDI,LANDT,2302.24
3263,JP,JP,DAIRY,FOOD5,2300.83
5518,JP,JP,FINAN,FURNI,2293.53
7243,JP,JP,HEALT,AUXIL,2289.92
11823,JP,JP,PAPER,WOODW,2219.25
1426,JP,JP,BUSIN,EDUCA,2218.86
16118,JP,JP,SUPPO,WHOLE,2210.37
1430,JP,JP,BUSIN,ELEC2,2193.17
7373,JP,JP,HEALT,SUPPO,2188.91
12610,JP,JP,POSTT,BUSIN,2184.55
5522,JP,JP,FINAN,HEALT,2180.26
8550,JP,JP,LANDT,RETA1,2176.34
5668,JP,JP,FISH5,HOTEL,2173.06
9186,JP,JP,MACHI,TRANS,2153.71
3244,JP,JP,DAIRY,DAIRY,2146.59
350,JP,JP,ALUM1,FOUND,2145.53
1784,JP,JP,CERAM,CONST,2142.67
14073,JP,JP,RECRE,BUSIN,2136.30
2816,JP,JP,CONST,EDUCA,2129.64
2045,JP,JP,CHEM1,MOTO1,2092.96
7299,JP,JP,HEALT,HOTEL,2091.34
6331,JP,JP,FOOD5,POULT,2090.57
1529,JP,JP,BUSIN,SUPPO,2055.34
2742,JP,JP,COMPU,PUBLI,2051.39
14598,JP,JP,RETA1,BASIC,2050.49
12642,JP,JP,POSTT,FINAN,2040.06
2752,JP,JP,COMPU,RESEA,2036.96
9470,JP,JP,MEATC,HOTEL,2029.69
367,JP,JP,ALUM1,MACHI,2012.00
8480,JP,JP,LANDT,FURNI,2010.02
1715,JP,JP,CEMEN,NONME,1996.24
14631,JP,JP,RETA1,ELEC2,1993.80
9911,JP,JP,MOTO1,CONST,1980.36
12807,JP,JP,POULT,MEAT1,1975.21
13933,JP,JP,REALE,COMPU,1973.42
7320,JP,JP,HEALT,MOTO1,1965.50
6838,JP,JP,FURNI,FURNI,1956.36
949,JP,JP,BEVER,WHOLE,1953.96
2090,JP,JP,CHEM1,RUBBE,1947.44
10544,JP,JP,NONF1,FURNI,1944.46
13045,JP,JP,PRINT,HEALT,1941.13
12721,JP,JP,POSTT,RESEA,1935.20
2117,JP,JP,CHEM1,WOODW,1933.36
14607,JP,JP,RETA1,BUSIN,1932.80
13571,JP,JP,RADIO,MACHI,1924.12
15107,JP,JP,SALEM,LANDT,1923.64
13094,JP,JP,PRINT,POSTT,1916.24
17637,JP,JP,WHOLE,LANDT,1912.71
2037,JP,JP,CHEM1,MACHI,1899.12
7354,JP,JP,HEALT,RAILW,1896.96
5155,JP,JP,ELECT,BASIC,1889.00
3353,JP,JP,DIST1,BASIC,1888.64
9049,JP,JP,MACHI,BASIC,1877.98
14391,JP,JP,RENTI,PLAST,1852.68
7654,JP,JP,HOTEL,PUBLI,1846.00
13526,JP,JP,RADIO,CONST,1827.88
14435,JP,JP,RENTI,WHOLE,1800.11
2820,JP,JP,CONST,ELEC2,1784.96
14902,JP,JP,RUBBE,CHEM1,1784.13
17651,JP,JP,WHOLE,MOTOR,1772.88
4214,JP,JP,ELEC2,BASIC,1772.66
2082,JP,JP,CHEM1,REALE,1746.94
15423,JP,JP,SEACO,SEACO,1738.96
15008,JP,JP,RUBBE,RETA1,1734.34
14309,JP,JP,RENTI,COMPU,1730.79
15160,JP,JP,SALEM,RENTI,1720.83
8476,JP,JP,LANDT,FOOD5,1719.12
8507,JP,JP,LANDT,MOTO1,1718.64
17693,JP,JP,WHOLE,SALEM,1714.30
16098,JP,JP,SUPPO,SEACO,1712.86
1557,JP,JP,CATTL,CATTL,1709.97
11729,JP,JP,PAPER,HEALT,1699.44
7246,JP,JP,HEALT,BEVER,1693.65
14627,JP,JP,RETA1,EDUCA,1687.97
2592,JP,JP,COLLE,REALE,1666.97
10009,JP,JP,MOTO1,RENTI,1666.39
14028,JP,JP,REALE,RECRE,1654.43
7365,JP,JP,HEALT,SALEM,1647.04
7081,JP,JP,GASDI,WHOLE,1605.14
5449,JP,JP,FABRI,TRANS,1603.10
8499,JP,JP,LANDT,MACHI,1602.34
6244,JP,JP,FOOD5,CATTL,1601.42
6902,JP,JP,FURNI,REALE,1596.71
8532,JP,JP,LANDT,PLAST,1582.71
6891,JP,JP,FURNI,POSTT,1580.29
14990,JP,JP,RUBBE,PLAST,1577.99
5537,JP,JP,FINAN,MACHI,1569.32
12623,JP,JP,POSTT,CONST,1564.36
1437,JP,JP,BUSIN,FABRI,1558.60
14625,JP,JP,RETA1,DIST1,1556.68
778,JP,JP,BASIC,OFFIC,1551.31
2497,JP,JP,COLLE,COLLE,1550.27
7552,JP,JP,HOTEL,BUSIN,1549.08
14743,JP,JP,RETA1,WEARI,1548.28
2641,JP,JP,COMPU,BUSIN,1548.23
16885,JP,JP,TRANS,PUBLI,1543.35
16041,JP,JP,SUPPO,LANDT,1542.99
14404,JP,JP,RENTI,RECRE,1536.97
14343,JP,JP,RENTI,HEALT,1536.43
8408,JP,JP,KEROS,PUBLI,1525.73
10595,JP,JP,NONF1,RADIO,1522.67
5570,JP,JP,FINAN,PLAST,1518.22
13953,JP,JP,REALE,FINAN,1517.08
10000,JP,JP,MOTO1,PUBLI,1514.53
5399,JP,JP,FABRI,OFFIC,1512.98
2891,JP,JP,CONST,POSTT,1510.61
1457,JP,JP,BUSIN,INSUR,1510.18
11777,JP,JP,PAPER,PLAST,1496.30
2007,JP,JP,CHEM1,FABRI,1493.30
16416,JP,JP,TEXTI,FURNI,1484.54
2687,JP,JP,COMPU,HEALT,1477.51
5527,JP,JP,FINAN,INSUR,1473.01
8431,JP,JP,LANDT,BASIC,1472.46
9137,JP,JP,MACHI,OFFIC,1467.44
1397,JP,JP,BUSIN,BASIC,1465.87
383,JP,JP,ALUM1,OFFIC,1456.17
7664,JP,JP,HOTEL,RESEA,1450.53
11820,JP,JP,PAPER,WHOLE,1444.25
1333,JP,JP,BRICK,CONST,1440.44
8486,JP,JP,LANDT,HOTEL,1438.94
5476,JP,JP,FINAN,BUSIN,1433.32
5500,JP,JP,FINAN,ELEC2,1432.56
2046,JP,JP,CHEM1,MOTOR,1424.63
13934,JP,JP,REALE,CONST,1404.09
3466,JP,JP,DIST1,RETA1,1400.24
5587,JP,JP,FINAN,RESEA,1396.55
2056,JP,JP,CHEM1,OFFIC,1391.46
3408,JP,JP,DIST1,HOTEL,1385.31
10063,JP,JP,MOTOR,CONST,1379.88
5274,JP,JP,ELECT,RESEA,1367.72
17684,JP,JP,WHOLE,REALE,1367.64
6336,JP,JP,FOOD5,PUBLI,1366.72
2753,JP,JP,COMPU,RETA1,1363.15
6326,JP,JP,FOOD5,PIGS9,1362.59
11367,JP,JP,PADDY,PADDY,1348.45
6342,JP,JP,FOOD5,RECRE,1348.41
1444,JP,JP,BUSIN,FOOD5,1344.76
5793,JP,JP,FISHF,HOTEL,1338.06
17625,JP,JP,WHOLE,GASDI,1334.22
7665,JP,JP,HOTEL,RETA1,1332.08
14297,JP,JP,RENTI,BUSIN,1330.67
7282,JP,JP,HEALT,FABRI,1327.98
14641,JP,JP,RETA1,FISH5,1320.89
7310,JP,JP,HEALT,LIQUE,1317.47
2721,JP,JP,COMPU,OFFIC,1308.40
2934,JP,JP,CONST,WHOLE,1305.87
7565,JP,JP,HOTEL,CONST,1305.30
14377,JP,JP,RENTI,OFFIC,1305.13
3000,JP,JP,COPP1,MACHI,1302.23
17701,JP,JP,WHOLE,TEXTI,1300.23
15064,JP,JP,SALEM,CONST,1295.47
6907,JP,JP,FURNI,RESEA,1291.97
7360,JP,JP,HEALT,RENTI,1283.11
13952,JP,JP,REALE,FABRI,1270.51
14639,JP,JP,RETA1,FABRI,1263.76
16094,JP,JP,SUPPO,RETA1,1263.71
5360,JP,JP,FABRI,FOUND,1262.57
10011,JP,JP,MOTO1,RETA1,1261.24
742,JP,JP,BASIC,FOUND,1259.46
4314,JP,JP,ELEC2,PLAST,1253.38
1429,JP,JP,BUSIN,ELEC1,1252.70
16499,JP,JP,TEXTI,WEARI,1242.91
9158,JP,JP,MACHI,PUBLI,1241.21
17657,JP,JP,WHOLE,NONME,1235.31
2975,JP,JP,COPP1,ELECT,1232.06
14339,JP,JP,RENTI,FURNI,1231.16
10029,JP,JP,MOTO1,TRANS,1231.10
9098,JP,JP,MACHI,FOUND,1228.77
14044,JP,JP,REALE,SUPPO,1225.02
7319,JP,JP,HEALT,MEMBE,1224.79
14392,JP,JP,RENTI,POSTT,1224.71
3273,JP,JP,DAIRY,HOTEL,1223.81
7690,JP,JP,HOTEL,WHOLE,1223.74
17710,JP,JP,WHOLE,WEARI,1223.06
11731,JP,JP,PAPER,HOTEL,1217.19
15976,JP,JP,SUPPO,AIRTR,1214.46
7044,JP,JP,GASDI,PUBLI,1205.92
14703,JP,JP,RETA1,POSTT,1202.77
7353,JP,JP,HEALT,RADIO,1198.14
7356,JP,JP,HEALT,REALE,1195.32
13031,JP,JP,PRINT,FINAN,1189.37
2075,JP,JP,CHEM1,PRINT,1187.21
11688,JP,JP,PAPER,CHEM1,1180.98
11784,JP,JP,PAPER,PUBLI,1178.40
8561,JP,JP,LANDT,SUPPO,1172.84
15033,JP,JP,RUBBE,WHOLE,1162.00
6991,JP,JP,GASDI,HEALT,1157.88
2778,JP,JP,COMPU,WHOLE,1148.55
57,JP,JP,93197,HEALT,1144.81
11744,JP,JP,PAPER,MACHI,1144.52
14999,JP,JP,RUBBE,RADIO,1143.81
17173,JP,JP,VEGET,VEGET,1143.02
14738,JP,JP,RETA1,TRANS,1140.80
14630,JP,JP,RETA1,ELEC1,1140.13
5488,JP,JP,FINAN,COMPU,1139.19
2919,JP,JP,CONST,SUPPO,1138.02
6808,JP,JP,FURNI,COMPU,1137.77
8484,JP,JP,LANDT,HEALT,1135.63
5175,JP,JP,ELECT,COMPU,1134.42
12709,JP,JP,POSTT,PRINT,1133.29
2796,JP,JP,CONST,BUSIN,1132.08
8579,JP,JP,LANDT,WOODW,1127.83
5571,JP,JP,FINAN,POSTT,1123.87
14927,JP,JP,RUBBE,FABRI,1119.76
17362,JP,JP,WEARI,FURNI,1115.02
16419,JP,JP,TEXTI,HEALT,1114.85
17601,JP,JP,WHOLE,EDUCA,1112.19
351,JP,JP,ALUM1,FURNI,1109.55
799,JP,JP,BASIC,RADIO,1109.13
2532,JP,JP,COLLE,HEALT,1106.75
7281,JP,JP,HEALT,ELECT,1104.95
14664,JP,JP,RETA1,LANDT,1104.73
5266,JP,JP,ELECT,RADIO,1104.07
5657,JP,JP,FISH5,FISH5,1098.31
5545,JP,JP,FINAN,MOTO1,1095.44
9124,JP,JP,MACHI,MEDIC,1089.98
18073,JP,JP,WOODW,PULP5,1082.14
7430,JP,JP,HEAVY,ELEC6,1077.72
11794,JP,JP,PAPER,RESEA,1074.29
3384,JP,JP,DIST1,ELEC2,1071.10
2019,JP,JP,CHEM1,GASDI,1071.00
3171,JP,JP,CROPS,RETA1,1068.93
14303,JP,JP,RENTI,CHEM1,1068.29
13990,JP,JP,REALE,MOTO1,1068.23
6262,JP,JP,FOOD5,EDUCA,1065.87
5193,JP,JP,ELECT,ELECT,1065.80
2053,JP,JP,CHEM1,NONME,1063.96
11721,JP,JP,PAPER,FOOD5,1062.84
14734,JP,JP,RETA1,TEXTI,1061.81
14031,JP,JP,REALE,RENTI,1061.34
7410,JP,JP,HEAVY,CHEM1,1057.85
6697,JP,JP,FOUND,FABRI,1055.13
5660,JP,JP,FISH5,FOOD5,1051.24
7564,JP,JP,HOTEL,COMPU,1049.87
9063,JP,JP,MACHI,CHEM1,1049.52
5312,JP,JP,FABRI,BEVER,1049.11
7060,JP,JP,GASDI,SEACO,1049.01
2907,JP,JP,CONST,RESEA,1044.59
14353,JP,JP,RENTI,LANDT,1041.77
928,JP,JP,BEVER,RETA1,1036.20
5422,JP,JP,FABRI,RADIO,1030.67
11682,JP,JP,PAPER,BUSIN,1029.28
18077,JP,JP,WOODW,REALE,1027.45
7055,JP,JP,GASDI,RETA1,1025.44
2240,JP,JP,COALT,ELEC1,1021.05
2819,JP,JP,CONST,ELEC1,1019.26
5460,JP,JP,FABRI,WOODW,1016.92
1536,JP,JP,BUSIN,TRANS,1016.85
14358,JP,JP,RENTI,MACHI,1015.85
17612,JP,JP,WHOLE,ELECT,1013.38
8333,JP,JP,KERO1,RETA1,1013.18
4062,JP,JP,ELEC1,BASIC,1012.76
6696,JP,JP,FOUND,ELECT,1010.32
10037,JP,JP,MOTO1,WHOLE,1008.91
14408,JP,JP,RENTI,RESEA,1007.94
6340,JP,JP,FOOD5,RAWMI,1004.81
9555,JP,JP,MEATP,HOTEL,1000.76
7572,JP,JP,HOTEL,EDUCA,992.35
6842,JP,JP,FURNI,HEALT,991.58
5586,JP,JP,FINAN,RENTI,988.44
12652,JP,JP,POSTT,FURNI,984.89
2079,JP,JP,CHEM1,RADIO,984.32
1521,JP,JP,BUSIN,SALEM,983.25
1520,JP,JP,BUSIN,RUBBE,982.34
1961,JP,JP,CHEM1,93197,981.92
3482,JP,JP,DIST1,TRAN1,979.79
12671,JP,JP,POSTT,MACHI,977.80
2807,JP,JP,CONST,COLLE,977.54
1395,JP,JP,BUSIN,AUXIL,975.13
766,JP,JP,BASIC,MEDIC,971.23
12661,JP,JP,POSTT,INSUR,970.03
2748,JP,JP,COMPU,RECRE,966.41
1493,JP,JP,BUSIN,PAPER,962.69
13606,JP,JP,RADIO,PUBLI,960.77
17597,JP,JP,WHOLE,CROPS,959.30
6857,JP,JP,FURNI,MACHI,959.14
13542,JP,JP,RADIO,ELECT,951.08
14942,JP,JP,RUBBE,HEALT,948.71
10525,JP,JP,NONF1,ELEC2,948.38
7676,JP,JP,HOTEL,SUPPO,943.05
2077,JP,JP,CHEM1,PUBLI,940.18
14888,JP,JP,RUBBE,BEVER,939.70
12716,JP,JP,POSTT,REALE,937.66
10494,JP,JP,NONF1,ALUM1,936.25
644,JP,JP,AUXIL,REALE,935.47
2063,JP,JP,CHEM1,PAPER,933.29
5420,JP,JP,FABRI,PUBLI,930.16
17633,JP,JP,WHOLE,INSUR,928.73
9230,JP,JP,MEAT1,HOTEL,927.80
14669,JP,JP,RETA1,MACHI,926.83
7364,JP,JP,HEALT,RUBBE,925.43
3380,JP,JP,DIST1,EDUCA,915.87
10142,JP,JP,MOTOR,PUBLI,913.55
2809,JP,JP,CONST,CONST,910.86
11675,JP,JP,PAPER,BEVER,909.73
16736,JP,JP,TRAN2,DIST1,907.56
15162,JP,JP,SALEM,RETA1,905.55
3386,JP,JP,DIST1,ELEC4,905.21
1398,JP,JP,BUSIN,BEVER,901.92
14015,JP,JP,REALE,PLAST,900.97
1436,JP,JP,BUSIN,ELECT,899.99
7337,JP,JP,HEALT,PAPER,899.50
2654,JP,JP,COMPU,CONST,898.61
14345,JP,JP,RENTI,HOTEL,894.54
13913,JP,JP,REALE,BASIC,893.60
14619,JP,JP,RETA1,COMPU,892.70
5293,JP,JP,ELECT,TRANS,892.63
5466,JP,JP,FINAN,AUXIL,890.92
3225,JP,JP,DAIRY,BEVER,890.75
3555,JP,JP,DISTR,HOTEL,887.34
10533,JP,JP,NONF1,FABRI,886.16
14161,JP,JP,RECRE,POSTT,884.84
6734,JP,JP,FOUND,OFFIC,877.61
17366,JP,JP,WEARI,HEALT,870.15
2961,JP,JP,COPP1,CONST,866.33
16491,JP,JP,TEXTI,TEXTI,864.73
13012,JP,JP,PRINT,CONST,859.91
13005,JP,JP,PRINT,CHEM1,857.86
8432,JP,JP,LANDT,BEVER,857.57
3602,JP,JP,DISTR,POSTT,854.05
13554,JP,JP,RADIO,FURNI,853.70
3520,JP,JP,DISTR,COLLE,853.17
2587,JP,JP,COLLE,PUBLI,852.57
12601,JP,JP,POSTT,AUXIL,852.43
8494,JP,JP,LANDT,LANDT,851.97
6249,JP,JP,FOOD5,CHEM1,851.91
14622,JP,JP,RETA1,CROPS,845.08
5308,JP,JP,FABRI,ALUM1,844.91
5325,JP,JP,FABRI,CHEM1,844.57
10575,JP,JP,NONF1,OFFIC,844.09
2899,JP,JP,CONST,RADIO,844.09
14020,JP,JP,REALE,PRINT,843.91
14036,JP,JP,REALE,SALEM,842.16
6908,JP,JP,FURNI,RETA1,841.39
283,JP,JP,AIRTR,SUPPO,840.50
2976,JP,JP,COPP1,FABRI,839.51
11695,JP,JP,PAPER,CONST,838.65
5779,JP,JP,FISHF,FISHF,837.46
11797,JP,JP,PAPER,RUBBE,837.12
14714,JP,JP,RETA1,REALE,835.33
12630,JP,JP,POSTT,EDUCA,831.89
5413,JP,JP,FABRI,PLAST,831.24
2106,JP,JP,CHEM1,TRANS,830.78
14718,JP,JP,RETA1,RENTI,829.41
7600,JP,JP,HOTEL,HOTEL,827.76
13050,JP,JP,PRINT,INSUR,826.91
2114,JP,JP,CHEM1,WHOLE,826.02
8525,JP,JP,LANDT,PAPER,825.13
7178,JP,JP,GLASS,MOTO1,824.79
2740,JP,JP,COMPU,PRINT,819.82
5499,JP,JP,FINAN,ELEC1,818.67
5616,JP,JP,FINAN,WOODW,817.96
16001,JP,JP,SUPPO,CONST,815.92
14887,JP,JP,RUBBE,BASIC,815.62
12658,JP,JP,POSTT,HOTEL,814.46
1462,JP,JP,BUSIN,LANDT,812.39
1963,JP,JP,CHEM1,ALUM1,810.28
2838,JP,JP,CONST,FURNI,810.09
10690,JP,JP,NONME,BASIC,809.37
3373,JP,JP,DIST1,CONST,807.39
15165,JP,JP,SALEM,SALEM,801.46
14396,JP,JP,RENTI,PRINT,801.28
13577,JP,JP,RADIO,MEDIC,799.50
14983,JP,JP,RUBBE,PAPER,798.32
7265,JP,JP,HEALT,COLLE,798.30
9929,JP,JP,MOTO1,FABRI,797.43
8539,JP,JP,LANDT,PUBLI,795.43
13908,JP,JP,REALE,93197,793.53
5524,JP,JP,FINAN,HOTEL,792.40
401,JP,JP,ALUM1,RADIO,791.35
14592,JP,JP,RETA1,93197,791.34
17569,JP,JP,WHOLE,AIRTR,791.31
10570,JP,JP,NONF1,NONF1,787.91
6707,JP,JP,FOUND,FURNI,787.52
9928,JP,JP,MOTO1,ELECT,785.81
9099,JP,JP,MACHI,FURNI,785.67
5583,JP,JP,FINAN,RECRE,783.79
1993,JP,JP,CHEM1,DIST1,782.69
2814,JP,JP,CONST,DIST1,782.62
16901,JP,JP,TRANS,SEACO,780.55
1853,JP,JP,CERAM,RADIO,779.67
4266,JP,JP,ELEC2,HEALT,778.48
9741,JP,JP,MEDIC,WHOLE,776.85
9671,JP,JP,MEDIC,MACHI,774.41
5152,JP,JP,ELECT,ALUM1,772.62
5433,JP,JP,FABRI,RUBBE,771.85
11702,JP,JP,PAPER,EDUCA,769.88
5507,JP,JP,FINAN,FABRI,768.89
7066,JP,JP,GASDI,SUPPO,768.82
3101,JP,JP,CROPS,FOOD5,768.52
2088,JP,JP,CHEM1,RETA1,766.09
14608,JP,JP,RETA1,CATTL,765.98
12733,JP,JP,POSTT,SUPPO,765.29
7273,JP,JP,HEALT,EDUCA,764.81
2857,JP,JP,CONST,MACHI,763.66
17430,JP,JP,WEARI,RETA1,763.52
9081,JP,JP,MACHI,ELEC2,756.47
1424,JP,JP,BUSIN,DIST1,755.09
14934,JP,JP,RUBBE,FOOD5,754.63
13467,JP,JP,PULP5,PLAST,752.67
6628,JP,JP,FORES,PULP5,752.31
12634,JP,JP,POSTT,ELEC2,746.35
16440,JP,JP,TEXTI,MOTO1,745.35
2890,JP,JP,CONST,PLAST,743.20
8462,JP,JP,LANDT,ELEC2,742.97
12690,JP,JP,POSTT,OFFIC,741.55
14285,JP,JP,RENTI,AIRTR,741.23
15712,JP,JP,STONE,CONST,740.89
10559,JP,JP,NONF1,MACHI,740.24
14414,JP,JP,RENTI,SEACO,739.12
16077,JP,JP,SUPPO,PLAST,738.27
14642,JP,JP,RETA1,FISHF,735.63
7054,JP,JP,GASDI,RESEA,734.89
3645,JP,JP,DISTR,WHOLE,732.45
14466,JP,JP,RESEA,CONST,730.67
4128,JP,JP,ELEC1,MACHI,730.66
5496,JP,JP,FINAN,EDUCA,729.02
5349,JP,JP,FABRI,ELECT,728.82
2844,JP,JP,CONST,HOTEL,727.91
3619,JP,JP,DISTR,RETA1,725.93
7515,JP,JP,HEAVY,SEACO,725.79
15026,JP,JP,RUBBE,TRANS,725.16
14673,JP,JP,RETA1,MEATC,722.94
14398,JP,JP,RENTI,PUBLI,722.16
9088,JP,JP,MACHI,FABRI,721.74
9169,JP,JP,MACHI,RETA1,720.97
13041,JP,JP,PRINT,FURNI,716.60
11694,JP,JP,PAPER,COMPU,716.25
4160,JP,JP,ELEC1,PLAST,713.72
17419,JP,JP,WEARI,PUBLI,709.35
809,JP,JP,BASIC,RUBBE,707.18
14926,JP,JP,RUBBE,ELECT,704.45
18034,JP,JP,WOODW,MACHI,704.37
3568,JP,JP,DISTR,MACHI,704.19
5304,JP,JP,ELECT,WOODW,703.31
3946,JP,JP,ELE12,ELECT,702.94
3455,JP,JP,DIST1,PUBLI,702.39
8469,JP,JP,LANDT,FABRI,702.05
7584,JP,JP,HOTEL,FINAN,700.55
1391,JP,JP,BUSIN,93197,700.35
5457,JP,JP,FABRI,WHOLE,698.38
7470,JP,JP,HEAVY,MOTOR,698.02
14638,JP,JP,RETA1,ELECT,695.69
2827,JP,JP,CONST,FABRI,695.55
13972,JP,JP,REALE,INSUR,692.98
8444,JP,JP,LANDT,CHEM1,692.96
12720,JP,JP,POSTT,RENTI,691.67
1417,JP,JP,BUSIN,COLLE,689.89
15151,JP,JP,SALEM,PUBLI,689.81
14952,JP,JP,RUBBE,LANDT,689.10
3527,JP,JP,DISTR,DIST1,688.60
880,JP,JP,BEVER,HEALT,688.14
14001,JP,JP,REALE,OFFIC,684.36
7053,JP,JP,GASDI,RENTI,682.99
5599,JP,JP,FINAN,SUPPO,681.33
17568,JP,JP,WHOLE,93197,680.56
13186,JP,JP,PROCE,HEALT,679.68
7131,JP,JP,GLASS,CONST,677.25
5430,JP,JP,FABRI,RESEA,675.74
12799,JP,JP,POULT,HOTEL,674.57
11752,JP,JP,PAPER,MOTO1,673.42
15442,JP,JP,SEACO,WHOLE,669.09
1975,JP,JP,CHEM1,BUSIN,666.99
5431,JP,JP,FABRI,RETA1,666.89
3630,JP,JP,DISTR,SUPPO,664.36
2903,JP,JP,CONST,RECRE,664.18
15186,JP,JP,SALEM,WHOLE,663.69
13525,JP,JP,RADIO,COMPU,663.49
7660,JP,JP,HOTEL,RECRE,663.23
7205,JP,JP,GLASS,RADIO,661.45
9193,JP,JP,MACHI,WHOLE,660.11
17614,JP,JP,WHOLE,FINAN,659.17
5667,JP,JP,FISH5,HEALT,655.03
709,JP,JP,BASIC,COALT,653.52
3428,JP,JP,DIST1,MOTO1,651.99
9978,JP,JP,MOTO1,OFFIC,651.02
13963,JP,JP,REALE,FURNI,645.90
9167,JP,JP,MACHI,RENTI,644.20
17412,JP,JP,WEARI,PLAST,643.05
15002,JP,JP,RUBBE,REALE,640.82
1999,JP,JP,CHEM1,ELEC2,640.75
10516,JP,JP,NONF1,COPP1,638.72
2692,JP,JP,COMPU,INSUR,635.02
13105,JP,JP,PRINT,REALE,632.27
13086,JP,JP,PRINT,PAPER,626.51
9168,JP,JP,MACHI,RESEA,625.91
14624,JP,JP,RETA1,DAIRY,625.61
2066,JP,JP,CHEM1,PFERT,624.42
17716,JP,JP,WHOLE,WOODW,624.29
4332,JP,JP,ELEC2,RETA1,622.84
7289,JP,JP,HEALT,FOOD5,621.38
840,JP,JP,BEVER,BEVER,620.84
14666,JP,JP,RETA1,LEATH,619.83
13945,JP,JP,REALE,ELEC2,617.33
8537,JP,JP,LANDT,PRINT,614.29
4227,JP,JP,ELEC2,CHEM1,613.46
3383,JP,JP,DIST1,ELEC1,611.32
14640,JP,JP,RETA1,FINAN,611.18
775,JP,JP,BASIC,NONME,611.17
2788,JP,JP,CONST,BASIC,610.72
8518,JP,JP,LANDT,OFFIC,610.52
14713,JP,JP,RETA1,RAWMI,609.92
10022,JP,JP,MOTO1,SUPPO,609.23
1523,JP,JP,BUSIN,SEACO,609.01
14731,JP,JP,RETA1,SUPPO,607.91
1483,JP,JP,BUSIN,NONME,607.54
14593,JP,JP,RETA1,AIRTR,606.37
18007,JP,JP,WOODW,FABRI,598.75
9171,JP,JP,MACHI,RUBBE,597.84
9898,JP,JP,MOTO1,BUSIN,597.60
4348,JP,JP,ELEC2,TRAN1,596.98
7659,JP,JP,HOTEL,REALE,596.45
10010,JP,JP,MOTO1,RESEA,593.73
375,JP,JP,ALUM1,MOTO1,592.32
3165,JP,JP,CROPS,RAWMI,592.11
14698,JP,JP,RETA1,PFERT,590.20
15097,JP,JP,SALEM,HEALT,589.43
7296,JP,JP,HEALT,GLASS,587.72
14420,JP,JP,RENTI,SUPPO,585.25
2632,JP,JP,COMPU,AUXIL,585.06
17648,JP,JP,WHOLE,MEDIC,583.43
13790,JP,JP,RAILW,WHOLE,582.27
5580,JP,JP,FINAN,RAILW,581.53
650,JP,JP,AUXIL,RETA1,581.13
8515,JP,JP,LANDT,NONME,580.50
13060,JP,JP,PRINT,MACHI,580.45
14725,JP,JP,RETA1,SEACO,580.23
2534,JP,JP,COLLE,HOTEL,578.70
3613,JP,JP,DISTR,REALE,577.58
7367,JP,JP,HEALT,SEACO,575.90
14692,JP,JP,RETA1,PADDY,574.39
9464,JP,JP,MEATC,FOOD5,573.40
13047,JP,JP,PRINT,HOTEL,572.58
2021,JP,JP,CHEM1,GLASS,571.80
5273,JP,JP,ELECT,RENTI,570.39
3553,JP,JP,DISTR,HEALT,569.43
17455,JP,JP,WEARI,WHOLE,569.02
14723,JP,JP,RETA1,SALEM,567.11
7376,JP,JP,HEALT,TEXTI,567.06
5209,JP,JP,ELECT,HEALT,565.85
8397,JP,JP,KEROS,MOTOR,564.11
9080,JP,JP,MACHI,ELEC1,563.91
4397,JP,JP,ELEC3,ELEC3,559.99
12616,JP,JP,POSTT,CHEM1,558.22
14685,JP,JP,RETA1,NONME,555.97
2702,JP,JP,COMPU,MACHI,548.22
2828,JP,JP,CONST,FINAN,547.02
5482,JP,JP,FINAN,CHEM1,545.88
9562,JP,JP,MEATP,MEATP,545.32
17629,JP,JP,WHOLE,HEAVY,545.15
13912,JP,JP,REALE,AUXIL,542.92
9549,JP,JP,MEATP,FOOD5,542.65
534,JP,JP,AUXIL,BASIC,542.65
2876,JP,JP,CONST,OFFIC,541.34
10524,JP,JP,NONF1,ELEC1,541.26
2102,JP,JP,CHEM1,TEXTI,541.20
15429,JP,JP,SEACO,SUPPO,539.34
14532,JP,JP,RESEA,OFFIC,537.32
10002,JP,JP,MOTO1,RADIO,536.48
15981,JP,JP,SUPPO,BASIC,534.66
5194,JP,JP,ELECT,FABRI,531.93
5003,JP,JP,ELEC8,BASIC,531.57
9144,JP,JP,MACHI,PAPER,531.49
5406,JP,JP,FABRI,PAPER,529.92
3235,JP,JP,DAIRY,CHEM1,529.50
10200,JP,JP,NAPHT,DIST1,529.01
4326,JP,JP,ELEC2,REALE,527.64
1663,JP,JP,CEMEN,CONST,527.54
7613,JP,JP,HOTEL,MACHI,526.21
2735,JP,JP,COMPU,PLAST,524.85
7444,JP,JP,HEAVY,GASDI,523.94
7171,JP,JP,GLASS,MACHI,523.61
15112,JP,JP,SALEM,MACHI,523.36
7969,JP,JP,INSUR,INSUR,522.89
1995,JP,JP,CHEM1,EDUCA,522.11
11714,JP,JP,PAPER,FABRI,521.90
14678,JP,JP,RETA1,MOTOR,521.55
14749,JP,JP,RETA1,WOODW,521.28
851,JP,JP,BEVER,CONST,520.48
6975,JP,JP,GASDI,ELEC6,520.36
2014,JP,JP,CHEM1,FOOD5,519.31
17064,JP,JP,VEGET,BEVER,518.74
9944,JP,JP,MOTO1,HEALT,518.52
11923,JP,JP,PFERT,BASIC,518.09
13079,JP,JP,PRINT,OFFIC,517.77
6933,JP,JP,FURNI,WHOLE,517.25
7126,JP,JP,GLASS,CHEM1,513.49
15036,JP,JP,RUBBE,WOODW,513.08
7656,JP,JP,HOTEL,RADIO,512.94
14944,JP,JP,RUBBE,HOTEL,511.41
3389,JP,JP,DIST1,ELEC8,509.67
16054,JP,JP,SUPPO,MOTO1,509.12
1425,JP,JP,BUSIN,DISTR,507.64
2815,JP,JP,CONST,DISTR,507.48
5575,JP,JP,FINAN,PRINT,504.69
10771,JP,JP,NONME,NONME,503.63
12679,JP,JP,POSTT,MOTO1,502.76
2598,JP,JP,COLLE,RETA1,502.62
14712,JP,JP,RETA1,RAILW,501.14
4307,JP,JP,ELEC2,PAPER,500.32
16046,JP,JP,SUPPO,MACHI,499.77
13109,JP,JP,PRINT,RENTI,499.72
13122,JP,JP,PRINT,SUPPO,499.14
15945,JP,JP,SUGAR,NONF1,497.50
13215,JP,JP,PROCE,PUBLI,494.71
6752,JP,JP,FOUND,RADIO,493.65
7092,JP,JP,GASWO,DIST1,493.43
3271,JP,JP,DAIRY,HEALT,492.16
5270,JP,JP,ELECT,RECRE,491.58
2506,JP,JP,COLLE,EDUCA,490.99
3509,JP,JP,DISTR,BUSIN,489.98
6726,JP,JP,FOUND,MEDIC,489.84
10013,JP,JP,MOTO1,RUBBE,489.09
7263,JP,JP,HEALT,COKE1,488.88
339,JP,JP,ALUM1,ELECT,488.62
13927,JP,JP,REALE,CHEM1,487.93
1533,JP,JP,BUSIN,TOBAC,487.77
14995,JP,JP,RUBBE,PRINT,487.41
5590,JP,JP,FINAN,RUBBE,487.38
2109,JP,JP,CHEM1,VEGET,485.59
13500,JP,JP,PULP5,WOODW,484.93
13616,JP,JP,RADIO,RESEA,484.49
15514,JP,JP,SECO9,NONF1,483.91
3608,JP,JP,DISTR,PUBLI,483.87
554,JP,JP,AUXIL,CONST,482.52
11715,JP,JP,PAPER,FINAN,481.10
13776,JP,JP,RAILW,SUPPO,480.77
5563,JP,JP,FINAN,PAPER,479.68
13711,JP,JP,RAILW,LANDT,479.68
3465,JP,JP,DIST1,RESEA,479.43
11790,JP,JP,PAPER,RECRE,477.81
13635,JP,JP,RADIO,TRANS,477.50
12533,JP,JP,PLAST,MACHI,476.13
7540,JP,JP,HOTEL,AIRTR,475.94
16029,JP,JP,SUPPO,FURNI,475.05
7027,JP,JP,GASDI,PADDY,473.42
14366,JP,JP,RENTI,MOTO1,472.48
5490,JP,JP,FINAN,COPP1,471.70
3369,JP,JP,DIST1,COKE1,471.36
17147,JP,JP,VEGET,PUBLI,470.97
3491,JP,JP,DIST1,WHOLE,469.50
1547,JP,JP,BUSIN,WOODW,468.70
17593,JP,JP,WHOLE,COLLE,468.48
12990,JP,JP,PRINT,AUXIL,468.02
17669,JP,JP,WHOLE,PFERT,467.53
8642,JP,JP,LEAD1,NONF1,466.42
2580,JP,JP,COLLE,PLAST,466.00
16480,JP,JP,TEXTI,RUBBE,465.91
2900,JP,JP,CONST,RAILW,465.65
5464,JP,JP,FINAN,ALUM1,465.33
7156,JP,JP,GLASS,FURNI,465.23
4321,JP,JP,ELEC2,PUBLI,464.97
2661,JP,JP,COMPU,EDUCA,464.71
5264,JP,JP,ELECT,PUBLI,463.35
8907,JP,JP,LIQUE,PLAST,462.05
14400,JP,JP,RENTI,RADIO,461.72
14704,JP,JP,RETA1,POULT,461.52
7115,JP,JP,GLASS,BEVER,460.90
3521,JP,JP,DISTR,COMPU,460.47
4088,JP,JP,ELEC1,DISTR,459.54
13093,JP,JP,PRINT,PLAST,457.78
15446,JP,JP,SECO9,ALUM1,457.67
15007,JP,JP,RUBBE,RESEA,455.88
7594,JP,JP,HOTEL,FURNI,454.37
8552,JP,JP,LANDT,RUBBE,453.26
10136,JP,JP,MOTOR,POSTT,453.11
3515,JP,JP,DISTR,CHEM1,453.06
17616,JP,JP,WHOLE,FISHF,451.06
7158,JP,JP,GLASS,GLASS,449.81
14594,JP,JP,RETA1,ALUM1,449.39
12704,JP,JP,POSTT,PLAST,449.33
3460,JP,JP,DIST1,REALE,448.55
1473,JP,JP,BUSIN,MEDIC,448.05
10967,JP,JP,OFFIC,RETA1,447.40
17638,JP,JP,WHOLE,LEAD1,445.97
5343,JP,JP,FABRI,ELEC2,445.00
6993,JP,JP,GASDI,HOTEL,443.76
2024,JP,JP,CHEM1,HOTEL,442.22
14328,JP,JP,RENTI,FABRI,442.17
16064,JP,JP,SUPPO,OFFIC,438.39
18085,JP,JP,WOODW,RUBBE,438.15
2023,JP,JP,CHEM1,HEAVY,437.92
14553,JP,JP,RESEA,PUBLI,437.11
2665,JP,JP,COMPU,ELEC2,437.08
14555,JP,JP,RESEA,RADIO,435.11
2083,JP,JP,CHEM1,RECRE,433.56
13703,JP,JP,RAILW,HOTEL,433.19
3611,JP,JP,DISTR,RAILW,432.40
3026,JP,JP,COPP1,RADIO,431.39
4113,JP,JP,ELEC1,HEALT,430.76
10756,JP,JP,NONME,MACHI,430.50
12633,JP,JP,POSTT,ELEC1,426.33
7049,JP,JP,GASDI,REALE,425.93
6796,JP,JP,FURNI,BUSIN,425.56
8461,JP,JP,LANDT,ELEC1,425.44
13037,JP,JP,PRINT,FOOD5,425.36
3185,JP,JP,CROPS,TOBAC,424.84
2751,JP,JP,COMPU,RENTI,424.60
8386,JP,JP,KEROS,GASDI,423.25
14035,JP,JP,REALE,RUBBE,422.97
8021,JP,JP,INSUR,REALE,421.31
6243,JP,JP,FOOD5,BUSIN,419.38
6346,JP,JP,FOOD5,RESEA,418.60
6485,JP,JP,FOODW,REALE,417.68
11518,JP,JP,PAPE1,REALE,417.60
13977,JP,JP,REALE,LANDT,417.06
2499,JP,JP,COLLE,CONST,416.85
12541,JP,JP,PLAST,MOTO1,416.78
9103,JP,JP,MACHI,HEALT,416.64
512,JP,JP,ANIMA,RESEA,415.75
4513,JP,JP,ELEC4,BASIC,415.14
6897,JP,JP,FURNI,PUBLI,414.71
12666,JP,JP,POSTT,LANDT,414.52
16390,JP,JP,TEXTI,CONST,414.04
13604,JP,JP,RADIO,PRINT,413.95
8553,JP,JP,LANDT,SALEM,413.91
2051,JP,JP,CHEM1,NONF1,413.33
6948,JP,JP,GASDI,BUSIN,412.37
17984,JP,JP,WOODW,CHEM1,411.20
1614,JP,JP,CATTL,PFERT,410.89
11370,JP,JP,PADDY,PFERT,410.70
1986,JP,JP,CHEM1,COLLE,409.74
1968,JP,JP,CHEM1,BEVER,409.35
10532,JP,JP,NONF1,ELECT,408.48
6844,JP,JP,FURNI,HOTEL,408.41
15465,JP,JP,SECO9,COPP1,406.53
4281,JP,JP,ELEC2,MACHI,406.29
2873,JP,JP,CONST,NONME,405.66
16944,JP,JP,VEGE1,CHEM1,405.54
14321,JP,JP,RENTI,ELEC2,404.90
17627,JP,JP,WHOLE,GLASS,403.82
17333,JP,JP,WEARI,CONST,403.81
3078,JP,JP,CROPS,CONST,402.97
5658,JP,JP,FISH5,FISHF,401.94
5177,JP,JP,ELECT,COPP1,401.48
13147,JP,JP,PROCE,BEVER,401.44
17680,JP,JP,WHOLE,PULP5,398.63
675,JP,JP,AUXIL,WHOLE,398.55
12641,JP,JP,POSTT,FABRI,398.26
13724,JP,JP,RAILW,MOTO1,397.90
2597,JP,JP,COLLE,RESEA,396.92
2060,JP,JP,CHEM1,PADDY,396.24
13611,JP,JP,RADIO,REALE,394.69
14651,JP,JP,RETA1,GASDI,393.81
14699,JP,JP,RETA1,PIGS9,393.65
1392,JP,JP,BUSIN,AIRTR,393.44
5286,JP,JP,ELECT,SUPPO,392.75
2017,JP,JP,CHEM1,FOUND,392.27
10566,JP,JP,NONF1,MOTO1,391.70
11786,JP,JP,PAPER,RADIO,391.35
6570,JP,JP,FORES,FORES,390.67
14708,JP,JP,RETA1,PROCE,390.31
261,JP,JP,AIRTR,PUBLI,389.92
7647,JP,JP,HOTEL,PLAST,389.42
14229,JP,JP,REFI1,MOTOR,388.90
6323,JP,JP,FOOD5,PAPER,388.79
14522,JP,JP,RESEA,MOTO1,388.77
6968,JP,JP,GASDI,EDUCA,387.64
3587,JP,JP,DISTR,OFFIC,386.55
5694,JP,JP,FISH5,PFERT,386.22
2710,JP,JP,COMPU,MOTO1,385.35
2865,JP,JP,CONST,MOTO1,384.60
5163,JP,JP,ELECT,BUSIN,384.38
13023,JP,JP,PRINT,ELEC2,383.52
2808,JP,JP,CONST,COMPU,382.81
14997,JP,JP,RUBBE,PUBLI,382.64
16971,JP,JP,VEGE1,FOOD5,382.51
13734,JP,JP,RAILW,OFFIC,381.66
16083,JP,JP,SUPPO,PUBLI,381.65
14329,JP,JP,RENTI,FINAN,381.61
14024,JP,JP,REALE,RADIO,380.58
5367,JP,JP,FABRI,HOTEL,378.32
5591,JP,JP,FINAN,SALEM,378.10
13068,JP,JP,PRINT,MOTO1,377.69
707,JP,JP,BASIC,CHEM1,376.96
5102,JP,JP,ELEC8,PLAST,376.14
1,JP,JP,93197,93197,376.11
14317,JP,JP,RENTI,EDUCA,375.71
12004,JP,JP,PFERT,PLAST,373.92
16034,JP,JP,SUPPO,HOTEL,373.84
3522,JP,JP,DISTR,CONST,370.62
6960,JP,JP,GASDI,COMPU,370.25
15011,JP,JP,RUBBE,SALEM,370.25
3610,JP,JP,DISTR,RADIO,369.77
3067,JP,JP,CROPS,CATTL,369.24
2747,JP,JP,COMPU,REALE,369.22
2683,JP,JP,COMPU,FURNI,368.81
9994,JP,JP,MOTO1,POSTT,368.42
8438,JP,JP,LANDT,BUSIN,367.49
17585,JP,JP,WHOLE,CERAM,366.82
17326,JP,JP,WEARI,CHEM1,366.63
2006,JP,JP,CHEM1,ELECT,366.06
14991,JP,JP,RUBBE,POSTT,364.91
4300,JP,JP,ELEC2,OFFIC,364.46
13747,JP,JP,RAILW,PLAST,362.75
2764,JP,JP,COMPU,SUPPO,361.83
7318,JP,JP,HEALT,MEDIC,360.09
14546,JP,JP,RESEA,PLAST,358.15
15378,JP,JP,SEACO,MOTO1,356.44
9921,JP,JP,MOTO1,ELEC1,356.25
5269,JP,JP,ELECT,REALE,355.67
4177,JP,JP,ELEC1,RETA1,354.61
1510,JP,JP,BUSIN,RAILW,353.57
4323,JP,JP,ELEC2,RADIO,353.49
4262,JP,JP,ELEC2,FURNI,353.46
4234,JP,JP,ELEC2,CONST,353.35
8571,JP,JP,LANDT,VEGET,352.36
8458,JP,JP,LANDT,EDUCA,352.16
5386,JP,JP,FABRI,MEDIC,350.70
8549,JP,JP,LANDT,RESEA,349.68
4075,JP,JP,ELEC1,CHEM1,349.39
15172,JP,JP,SALEM,SUPPO,349.08
8583,JP,JP,LEAD1,BASIC,348.24
17106,JP,JP,VEGET,HEALT,348.20
14896,JP,JP,RUBBE,BUSIN,347.77
6259,JP,JP,FOOD5,DAIRY,347.23
16792,JP,JP,TRAN2,TRAN2,346.87
14335,JP,JP,RENTI,FOOD5,345.20
5319,JP,JP,FABRI,BUSIN,345.17
9160,JP,JP,MACHI,RADIO,344.87
9224,JP,JP,MEAT1,FOOD5,343.87
25,JP,JP,93197,CONST,342.96
150,JP,JP,AIRTR,AIRTR,341.58
14659,JP,JP,RETA1,INSUR,341.41
13959,JP,JP,REALE,FOOD5,340.93
11999,JP,JP,PFERT,PADDY,340.26
499,JP,JP,ANIMA,PFERT,340.04
5365,JP,JP,FABRI,HEALT,339.89
9904,JP,JP,MOTO1,CHEM1,339.35
2822,JP,JP,CONST,ELEC4,339.05
1432,JP,JP,BUSIN,ELEC4,338.76
16478,JP,JP,TEXTI,RETA1,336.26
541,JP,JP,AUXIL,BUSIN,336.09
5396,JP,JP,FABRI,NONME,334.96
9993,JP,JP,MOTO1,PLAST,334.38
9183,JP,JP,MACHI,TOBAC,333.87
12002,JP,JP,PFERT,PFERT,333.03
16981,JP,JP,VEGE1,HOTEL,332.58
9172,JP,JP,MACHI,SALEM,332.53
6954,JP,JP,GASDI,CHEM1,332.13
7663,JP,JP,HOTEL,RENTI,331.77
17993,JP,JP,WOODW,CROPS,331.22
9057,JP,JP,MACHI,BUSIN,329.59
1476,JP,JP,BUSIN,MOTOR,329.23
3576,JP,JP,DISTR,MOTO1,328.73
3457,JP,JP,DIST1,RADIO,328.73
9890,JP,JP,MOTO1,BASIC,327.86
15006,JP,JP,RUBBE,RENTI,326.77
5495,JP,JP,FINAN,DISTR,326.64
12725,JP,JP,POSTT,SALEM,325.85
639,JP,JP,AUXIL,PUBLI,325.51
17572,JP,JP,WHOLE,AUXIL,325.09
5238,JP,JP,ELECT,NONF1,324.49
8533,JP,JP,LANDT,POSTT,324.30
2847,JP,JP,CONST,INSUR,324.22
3173,JP,JP,CROPS,RUBBE,323.31
13114,JP,JP,PRINT,SALEM,322.93
10151,JP,JP,MOTOR,RENTI,322.92
11795,JP,JP,PAPER,RETA1,322.35
8545,JP,JP,LANDT,RECRE,322.14
11789,JP,JP,PAPER,REALE,321.27
5606,JP,JP,FINAN,TRANS,321.11
6903,JP,JP,FURNI,RECRE,320.45
13617,JP,JP,RADIO,RETA1,320.04
8548,JP,JP,LANDT,RENTI,319.68
15982,JP,JP,SUPPO,BEVER,319.55
3398,JP,JP,DIST1,FOOD5,319.28
2689,JP,JP,COMPU,HOTEL,319.26
9032,JP,JP,LUBRI,SEACO,318.35
13543,JP,JP,RADIO,FABRI,317.74
7377,JP,JP,HEALT,TOBAC,317.70
3150,JP,JP,CROPS,PFERT,316.91
582,JP,JP,AUXIL,FURNI,316.46
7443,JP,JP,HEAVY,FURNI,316.02
4241,JP,JP,ELEC2,EDUCA,314.76
9965,JP,JP,MOTO1,MEDIC,314.61
16432,JP,JP,TEXTI,MACHI,313.66
4289,JP,JP,ELEC2,MOTO1,313.58
7608,JP,JP,HOTEL,LANDT,313.53
120,JP,JP,93197,RETA1,313.02
11763,JP,JP,PAPER,OFFIC,312.56
15093,JP,JP,SALEM,FURNI,311.10
14327,JP,JP,RENTI,ELECT,311.01
4334,JP,JP,ELEC2,RUBBE,310.89
13701,JP,JP,RAILW,HEALT,310.73
14178,JP,JP,RECRE,RETA1,310.11
2647,JP,JP,COMPU,CHEM1,309.49
588,JP,JP,AUXIL,HOTEL,309.45
15325,JP,JP,SEACO,CONST,309.34
13754,JP,JP,RAILW,PUBLI,309.17
2510,JP,JP,COLLE,ELEC2,308.65
17635,JP,JP,WHOLE,KERO1,308.04
1208,JP,JP,BLAST,BASIC,308.02
601,JP,JP,AUXIL,MACHI,307.85
3621,JP,JP,DISTR,RUBBE,307.53
6816,JP,JP,FURNI,EDUCA,307.15
13932,JP,JP,REALE,COLLE,307.04
5462,JP,JP,FINAN,93197,306.60
6371,JP,JP,FOOD5,WHOLE,306.48
5705,JP,JP,FISH5,PUBLI,306.08
9174,JP,JP,MACHI,SECO9,306.03
3529,JP,JP,DISTR,EDUCA,305.96
13671,JP,JP,RAILW,CONST,305.68
7290,JP,JP,HEALT,FOODW,304.62
14022,JP,JP,REALE,PUBLI,304.04
17421,JP,JP,WEARI,RADIO,303.60
4819,JP,JP,ELEC6,DIST1,303.59
14941,JP,JP,RUBBE,GLASS,303.37
5151,JP,JP,ELECT,AIRTR,303.20
16093,JP,JP,SUPPO,RESEA,303.11
17368,JP,JP,WEARI,HOTEL,302.31
8832,JP,JP,LIQUE,COKE1,301.54
4172,JP,JP,ELEC1,REALE,300.58
14653,JP,JP,RETA1,GLASS,300.54
5514,JP,JP,FINAN,FOOD5,300.15
15051,JP,JP,SALEM,BUSIN,300.06
17640,JP,JP,WHOLE,LIQUE,299.89
5691,JP,JP,FISH5,PAPE1,299.67
14167,JP,JP,RECRE,PUBLI,299.29
9046,JP,JP,MACHI,ALUM1,298.98
3618,JP,JP,DISTR,RESEA,297.75
11699,JP,JP,PAPER,DAIRY,296.86
5250,JP,JP,ELECT,PAPER,296.58
2280,JP,JP,COKE1,BASIC,296.25
1393,JP,JP,BUSIN,ALUM1,295.23
9576,JP,JP,MEATP,PUBLI,295.04
4331,JP,JP,ELEC2,RESEA,294.79
13944,JP,JP,REALE,ELEC1,294.04
5429,JP,JP,FABRI,RENTI,293.99
14610,JP,JP,RETA1,CERAM,293.58
13102,JP,JP,PRINT,RADIO,293.07
4608,JP,JP,ELEC4,PLAST,292.99
18058,JP,JP,WOODW,PAPER,292.72
15365,JP,JP,SEACO,LANDT,292.71
14403,JP,JP,RENTI,REALE,292.08
2906,JP,JP,CONST,RENTI,291.96
14221,JP,JP,REFI1,GASDI,291.79
3405,JP,JP,DIST1,GLASS,291.54
7648,JP,JP,HOTEL,POSTT,291.24
14499,JP,JP,RESEA,HEALT,291.14
13767,JP,JP,RAILW,RUBBE,290.27
10784,JP,JP,NONME,PLAST,289.96
296,JP,JP,AIRTR,WHOLE,289.51
17636,JP,JP,WHOLE,KEROS,289.25
14740,JP,JP,RETA1,VEGE1,288.91
7632,JP,JP,HOTEL,OFFIC,288.76
1447,JP,JP,BUSIN,FOUND,288.73
1500,JP,JP,BUSIN,PLAST,288.44
3617,JP,JP,DISTR,RENTI,287.27
15305,JP,JP,SEACO,BASIC,286.39
16032,JP,JP,SUPPO,HEALT,286.26
8455,JP,JP,LANDT,DAIRY,285.53
4153,JP,JP,ELEC1,PAPER,284.95
3539,JP,JP,DISTR,FINAN,284.49
5487,JP,JP,FINAN,COLLE,284.02
7652,JP,JP,HOTEL,PRINT,283.76
14411,JP,JP,RENTI,RUBBE,282.74
16081,JP,JP,SUPPO,PRINT,282.56
14963,JP,JP,RUBBE,MEDIC,282.34
2744,JP,JP,COMPU,RADIO,281.80
16078,JP,JP,SUPPO,POSTT,281.37
16025,JP,JP,SUPPO,FOOD5,281.00
2826,JP,JP,CONST,ELECT,280.44
14038,JP,JP,REALE,SEACO,278.84
9152,JP,JP,MACHI,POSTT,278.49
14289,JP,JP,RENTI,BASIC,278.19
7485,JP,JP,HEAVY,PAPER,278.08
6984,JP,JP,GASDI,FOOD5,277.82
8829,JP,JP,LIQUE,CHEM1,277.79
12870,JP,JP,PREC1,CHEM1,277.01
716,JP,JP,BASIC,CROPS,276.97
7621,JP,JP,HOTEL,MOTO1,276.57
5262,JP,JP,ELECT,PRINT,275.46
4230,JP,JP,ELEC2,COKE1,275.36
7050,JP,JP,GASDI,RECRE,275.08
9629,JP,JP,MEDIC,CONST,274.30
9678,JP,JP,MEDIC,MOTO1,274.25
3348,JP,JP,DIST1,93197,274.17
14675,JP,JP,RETA1,MEDIC,274.02
5556,JP,JP,FINAN,OFFIC,273.79
12713,JP,JP,POSTT,RADIO,273.68
6480,JP,JP,FOODW,PUBLI,273.54
14465,JP,JP,RESEA,COMPU,273.51
11513,JP,JP,PAPE1,PUBLI,273.39
5394,JP,JP,FABRI,NONF1,272.02
15418,JP,JP,SEACO,RETA1,271.75
13647,JP,JP,RAILW,AIRTR,270.09
10606,JP,JP,NONF1,RUBBE,269.62
6683,JP,JP,FOUND,CONST,269.57
14384,JP,JP,RENTI,PAPER,269.52
12519,JP,JP,PLAST,FURNI,269.19
5204,JP,JP,ELECT,FOUND,269.05
7575,JP,JP,HOTEL,ELEC1,268.78
14649,JP,JP,RETA1,FOUND,268.21
15526,JP,JP,SECO9,PAPER,267.90
17399,JP,JP,WEARI,OFFIC,267.84
397,JP,JP,ALUM1,PRINT,267.66
14165,JP,JP,RECRE,PRINT,267.01
6773,JP,JP,FOUND,TRANS,265.72
3391,JP,JP,DIST1,FABRI,265.55
856,JP,JP,BEVER,DISTR,265.30
6275,JP,JP,FOOD5,FISH5,265.27
271,JP,JP,AIRTR,RESEA,264.95
4251,JP,JP,ELEC2,FABRI,264.83
4167,JP,JP,ELEC1,PUBLI,264.74
7212,JP,JP,GLASS,RESEA,264.07
12934,JP,JP,PREC1,RADIO,263.98
12827,JP,JP,POULT,POULT,263.50
13764,JP,JP,RAILW,RESEA,262.46
10005,JP,JP,MOTO1,REALE,262.33
5553,JP,JP,FINAN,NONME,262.12
16070,JP,JP,SUPPO,PAPER,261.72
14618,JP,JP,RETA1,COLLE,261.14
5211,JP,JP,ELECT,HOTEL,261.10
12856,JP,JP,POULT,WHOLE,260.82
8522,JP,JP,LANDT,PADDY,260.65
9179,JP,JP,MACHI,SUPPO,260.42
5337,JP,JP,FABRI,DIST1,259.48
633,JP,JP,AUXIL,POSTT,258.70
5301,JP,JP,ELECT,WHOLE,258.11
9985,JP,JP,MOTO1,PAPER,257.81
5278,JP,JP,ELECT,SALEM,256.50
7558,JP,JP,HOTEL,CHEM1,256.41
2937,JP,JP,CONST,WOODW,256.39
2802,JP,JP,CONST,CHEM1,256.27
6980,JP,JP,GASDI,FISHF,255.82
5342,JP,JP,FABRI,ELEC1,254.89
2771,JP,JP,COMPU,TRANS,254.52
12554,JP,JP,PLAST,PAPER,253.93
3538,JP,JP,DISTR,FABRI,253.65
8427,JP,JP,LANDT,ALUM1,253.22
3867,JP,JP,ELE11,POULT,252.76
12597,JP,JP,POSTT,93197,252.59
11674,JP,JP,PAPER,BASIC,252.53
14937,JP,JP,RUBBE,FOUND,252.43
6430,JP,JP,FOODW,HEALT,252.39
11460,JP,JP,PAPE1,HEALT,252.32
1474,JP,JP,BUSIN,MEMBE,252.02
11793,JP,JP,PAPER,RENTI,251.83
7022,JP,JP,GASDI,NONME,251.78
11778,JP,JP,PAPER,POSTT,251.74
9069,JP,JP,MACHI,COMPU,251.38
11734,JP,JP,PAPER,INSUR,250.95
3312,JP,JP,DAIRY,PUBLI,250.53
15145,JP,JP,SALEM,POSTT,250.31
8450,JP,JP,LANDT,COMPU,249.97
2664,JP,JP,COMPU,ELEC1,249.86
16592,JP,JP,TRAN1,CONST,249.43
2035,JP,JP,CHEM1,LIQUE,249.34
318,JP,JP,ALUM1,CHEM1,249.17
2547,JP,JP,COLLE,MACHI,248.93
7512,JP,JP,HEAVY,RUBBE,248.56
2030,JP,JP,CHEM1,KERO1,248.31
7215,JP,JP,GLASS,RUBBE,248.16
1449,JP,JP,BUSIN,GASDI,247.92
2697,JP,JP,COMPU,LANDT,247.75
16456,JP,JP,TEXTI,PAPER,247.39
17652,JP,JP,WHOLE,NAPHT,247.18
9068,JP,JP,MACHI,COLLE,246.90
16858,JP,JP,TRANS,MACHI,246.89
13716,JP,JP,RAILW,MACHI,246.39
6663,JP,JP,FORES,WOODW,245.76
12567,JP,JP,PLAST,RADIO,245.54
59,JP,JP,93197,HOTEL,245.02
14412,JP,JP,RENTI,SALEM,244.93
7570,JP,JP,HOTEL,DIST1,244.58
9156,JP,JP,MACHI,PRINT,243.81
17015,JP,JP,VEGE1,PLAST,243.43
14008,JP,JP,REALE,PAPER,242.81
8733,JP,JP,LEATH,FURNI,242.78
5029,JP,JP,ELEC8,DISTR,242.31
8456,JP,JP,LANDT,DIST1,242.00
2091,JP,JP,CHEM1,SALEM,241.90
8468,JP,JP,LANDT,ELECT,241.71
649,JP,JP,AUXIL,RESEA,241.65
17584,JP,JP,WHOLE,CEMEN,240.91
7544,JP,JP,HOTEL,BASIC,240.63
8542,JP,JP,LANDT,RAILW,240.44
17660,JP,JP,WHOLE,OFFIC,240.31
5418,JP,JP,FABRI,PRINT,240.20
3450,JP,JP,DIST1,POSTT,239.66
7285,JP,JP,HEALT,FISHF,239.33
1451,JP,JP,BUSIN,GLASS,239.31
14315,JP,JP,RENTI,DIST1,239.12
785,JP,JP,BASIC,PAPER,239.07
7583,JP,JP,HOTEL,FABRI,238.98
14670,JP,JP,RETA1,MEAT1,238.83
7237,JP,JP,GLASS,WOODW,238.62
13030,JP,JP,PRINT,FABRI,238.59
10740,JP,JP,NONME,FURNI,238.53
14427,JP,JP,RENTI,TRANS,237.97
15994,JP,JP,SUPPO,CHEM1,237.68
14914,JP,JP,RUBBE,DIST1,237.59
5469,JP,JP,FINAN,BEVER,236.83
145,JP,JP,93197,WHOLE,236.77
9910,JP,JP,MOTO1,COMPU,236.70
10006,JP,JP,MOTO1,RECRE,236.43
11685,JP,JP,PAPER,CERAM,236.15
325,JP,JP,ALUM1,CONST,236.02
5277,JP,JP,ELECT,RUBBE,234.57
10688,JP,JP,NONME,ALUM1,234.25
5442,JP,JP,FABRI,SUPPO,233.94
4268,JP,JP,ELEC2,HOTEL,233.73
586,JP,JP,AUXIL,HEALT,233.59
10704,JP,JP,NONME,CHEM1,233.51
9946,JP,JP,MOTO1,HOTEL,233.06
5201,JP,JP,ELECT,FOOD5,232.86
2031,JP,JP,CHEM1,KEROS,232.61
11728,JP,JP,PAPER,GLASS,232.56
14320,JP,JP,RENTI,ELEC1,232.53
12724,JP,JP,POSTT,RUBBE,231.67
2593,JP,JP,COLLE,RECRE,231.09
14374,JP,JP,RENTI,NONME,230.66
2883,JP,JP,CONST,PAPER,230.13
13343,JP,JP,PUBLI,PUBLI,229.94
16799,JP,JP,TRANS,AIRTR,228.76
16018,JP,JP,SUPPO,FABRI,228.72
14911,JP,JP,RUBBE,CROPS,228.54
8357,JP,JP,KERO1,WHOLE,228.12
14084,JP,JP,RECRE,COMPU,227.34
16092,JP,JP,SUPPO,RENTI,227.25
2623,JP,JP,COLLE,WHOLE,227.12
12895,JP,JP,PREC1,FOUND,226.94
11806,JP,JP,PAPER,SUPPO,226.65
3005,JP,JP,COPP1,MOTO1,226.64
5195,JP,JP,ELECT,FINAN,226.11
1860,JP,JP,CERAM,RETA1,225.21
1880,JP,JP,CERAM,WHOLE,225.20
15388,JP,JP,SEACO,OFFIC,224.62
8989,JP,JP,LUBRI,LANDT,224.53
668,JP,JP,AUXIL,TRANS,224.21
3010,JP,JP,COPP1,OFFIC,224.17
14051,JP,JP,REALE,TRANS,223.67
12602,JP,JP,POSTT,BASIC,223.60
7076,JP,JP,GASDI,VEGET,223.28
2633,JP,JP,COMPU,BASIC,222.77
5188,JP,JP,ELECT,ELEC3,222.27
10792,JP,JP,NONME,RADIO,221.65
16645,JP,JP,TRAN1,MOTO1,221.32
17425,JP,JP,WEARI,RECRE,221.07
5357,JP,JP,FABRI,FOOD5,220.96
12910,JP,JP,PREC1,MACHI,220.85
7576,JP,JP,HOTEL,ELEC2,220.80
272,JP,JP,AIRTR,RETA1,220.51
16686,JP,JP,TRAN1,RESEA,219.94
7476,JP,JP,HEAVY,NONME,219.78
12109,JP,JP,PIGS9,PFERT,219.57
13113,JP,JP,PRINT,RUBBE,219.43
5230,JP,JP,ELECT,MEDIC,219.06
7380,JP,JP,HEALT,TRANS,218.92
13022,JP,JP,PRINT,ELEC1,218.89
5593,JP,JP,FINAN,SEACO,218.83
14438,JP,JP,RENTI,WOODW,218.10
4147,JP,JP,ELEC1,OFFIC,217.68
10941,JP,JP,OFFIC,MACHI,217.59
5502,JP,JP,FINAN,ELEC4,217.55
8541,JP,JP,LANDT,RADIO,217.20
10526,JP,JP,NONF1,ELEC3,217.09
1628,JP,JP,CATTL,RESEA,216.90
12628,JP,JP,POSTT,DIST1,216.87
8471,JP,JP,LANDT,FISH5,216.80
7335,JP,JP,HEALT,PAPE1,216.43
6301,JP,JP,FOOD5,MACHI,215.98
17307,JP,JP,WEARI,93197,215.83
2528,JP,JP,COLLE,FURNI,215.33
8612,JP,JP,LEAD1,ELECT,215.15
15019,JP,JP,RUBBE,SUPPO,215.12
6936,JP,JP,FURNI,WOODW,215.05
5267,JP,JP,ELECT,RAILW,215.01
1491,JP,JP,BUSIN,PAPE1,214.65
10144,JP,JP,MOTOR,RADIO,214.60
17622,JP,JP,WHOLE,FORES,214.29
7447,JP,JP,HEAVY,HEAVY,214.14
16011,JP,JP,SUPPO,ELEC2,213.54
6572,JP,JP,FORES,FURNI,213.37
2895,JP,JP,CONST,PRINT,213.30
3614,JP,JP,DISTR,RECRE,213.24
2910,JP,JP,CONST,RUBBE,213.01
16599,JP,JP,TRAN1,EDUCA,211.96
5463,JP,JP,FINAN,AIRTR,211.88
13067,JP,JP,PRINT,MEMBE,211.87
15400,JP,JP,SEACO,PLAST,211.75
10515,JP,JP,NONF1,CONST,211.71
17621,JP,JP,WHOLE,FOODW,211.61
10250,JP,JP,NAPHT,PLAST,210.78
8508,JP,JP,LANDT,MOTOR,210.74
3601,JP,JP,DISTR,PLAST,210.58
7058,JP,JP,GASDI,SALEM,210.53
5546,JP,JP,FINAN,MOTOR,210.43
9075,JP,JP,MACHI,DIST1,210.43
10163,JP,JP,MOTOR,SUPPO,210.12
18042,JP,JP,WOODW,MOTO1,210.10
2292,JP,JP,COKE1,COKE1,209.52
9688,JP,JP,MEDIC,OFFIC,209.38
4358,JP,JP,ELEC2,WHOLE,209.28
11673,JP,JP,PAPER,AUXIL,208.14
1811,JP,JP,CERAM,HEALT,208.14
12697,JP,JP,POSTT,PAPER,207.69
12621,JP,JP,POSTT,COLLE,207.12
7084,JP,JP,GASDI,WOODW,207.07
5183,JP,JP,ELECT,EDUCA,207.01
9554,JP,JP,MEATP,HEALT,206.76
14702,JP,JP,RETA1,PLAST,206.32
3066,JP,JP,CROPS,BUSIN,205.97
7445,JP,JP,HEAVY,GLASS,205.65
4110,JP,JP,ELEC1,FURNI,205.45
5434,JP,JP,FABRI,SALEM,204.69
10729,JP,JP,NONME,FABRI,204.65
17673,JP,JP,WHOLE,PLAST,204.56
7603,JP,JP,HOTEL,INSUR,204.28
2911,JP,JP,CONST,SALEM,204.01
15370,JP,JP,SEACO,MACHI,203.86
9706,JP,JP,MEDIC,PUBLI,203.84
4315,JP,JP,ELEC2,POSTT,203.57
9469,JP,JP,MEATC,HEALT,203.49
7355,JP,JP,HEALT,RAWMI,202.67
12640,JP,JP,POSTT,ELECT,202.00
10249,JP,JP,NAPHT,PFERT,201.94
4082,JP,JP,ELEC1,CONST,201.68
2047,JP,JP,CHEM1,NAPHT,201.51
9113,JP,JP,MACHI,LANDT,201.47
4169,JP,JP,ELEC1,RADIO,201.46
5182,JP,JP,ELECT,DISTR,201.34
2111,JP,JP,CHEM1,WEARI,201.34
10520,JP,JP,NONF1,DISTR,201.23
8322,JP,JP,KERO1,PUBLI,200.98
7186,JP,JP,GLASS,OFFIC,200.88
16096,JP,JP,SUPPO,RUBBE,200.88
17388,JP,JP,WEARI,MOTO1,200.73
1431,JP,JP,BUSIN,ELEC3,200.37
17380,JP,JP,WEARI,MACHI,199.86
13,JP,JP,93197,BUSIN,199.75
14857,JP,JP,RETAI,RETA1,199.62
632,JP,JP,AUXIL,PLAST,199.45
4361,JP,JP,ELEC2,WOODW,199.38
305,JP,JP,ALUM1,BASIC,199.01
13664,JP,JP,RAILW,CHEM1,198.81
10925,JP,JP,OFFIC,ELECT,198.77
6828,JP,JP,FURNI,FINAN,198.25
5280,JP,JP,ELECT,SEACO,197.95
5174,JP,JP,ELECT,COLLE,197.66
14201,JP,JP,RECRE,WHOLE,197.54
15161,JP,JP,SALEM,RESEA,197.02
17664,JP,JP,WHOLE,PAPE1,196.77
10227,JP,JP,NAPHT,LIQUE,196.47
6276,JP,JP,FOOD5,FISHF,196.43
15977,JP,JP,SUPPO,ALUM1,196.37
10070,JP,JP,MOTOR,EDUCA,196.34
7321,JP,JP,HEALT,MOTOR,196.08
8746,JP,JP,LEATH,LEATH,195.37
2672,JP,JP,COMPU,FABRI,194.60
2781,JP,JP,COMPU,WOODW,194.50
2825,JP,JP,CONST,ELEC8,194.39
15318,JP,JP,SEACO,CHEM1,194.26
9628,JP,JP,MEDIC,COMPU,194.12
1435,JP,JP,BUSIN,ELEC8,193.98
14284,JP,JP,RENTI,93197,193.64
17320,JP,JP,WEARI,BUSIN,193.54
1445,JP,JP,BUSIN,FOODW,193.49
2659,JP,JP,COMPU,DIST1,193.39
871,JP,JP,BEVER,FISHF,192.61
3363,JP,JP,DIST1,CERAM,192.57
5205,JP,JP,ELECT,FURNI,192.56
8564,JP,JP,LANDT,TEXTI,192.31
3194,JP,JP,CROPS,WHOLE,192.12
648,JP,JP,AUXIL,RENTI,191.84
629,JP,JP,AUXIL,PIGS9,191.83
547,JP,JP,AUXIL,CHEM1,191.77
15063,JP,JP,SALEM,COMPU,190.70
1481,JP,JP,BUSIN,NONF1,190.66
14674,JP,JP,RETA1,MEATP,190.42
4577,JP,JP,ELEC4,MACHI,189.46
9735,JP,JP,MEDIC,TRANS,188.96
4539,JP,JP,ELEC4,DISTR,188.60
10763,JP,JP,NONME,MOTO1,188.50
10112,JP,JP,MOTOR,MOTO1,188.48
6349,JP,JP,FOOD5,RUBBE,188.36
787,JP,JP,BASIC,PFERT,187.88
13139,JP,JP,PRINT,WOODW,187.49
13651,JP,JP,RAILW,BASIC,187.33
3577,JP,JP,DISTR,MOTOR,187.26
4368,JP,JP,ELEC3,BASIC,187.09
5120,JP,JP,ELEC8,RETA1,186.95
13905,JP,JP,RAWMI,WHOLE,186.69
16637,JP,JP,TRAN1,MACHI,186.23
8452,JP,JP,LANDT,COPP1,186.15
11713,JP,JP,PAPER,ELECT,185.96
13756,JP,JP,RAILW,RADIO,185.86
14683,JP,JP,RETA1,NONF1,185.80
13752,JP,JP,RAILW,PRINT,185.26
3496,JP,JP,DISTR,93197,185.25
1807,JP,JP,CERAM,FURNI,184.66
14459,JP,JP,RESEA,CHEM1,184.55
5016,JP,JP,ELEC8,CHEM1,184.14
3545,JP,JP,DISTR,FOOD5,183.69
9120,JP,JP,MACHI,MEAT4,183.41
14877,JP,JP,RETAI,WHOLE,183.24
4327,JP,JP,ELEC2,RECRE,183.24
16687,JP,JP,TRAN1,RETA1,183.05
5240,JP,JP,ELECT,NONME,182.98
3511,JP,JP,DISTR,CEMEN,182.66
13951,JP,JP,REALE,ELECT,182.30
12598,JP,JP,POSTT,AIRTR,182.16
16590,JP,JP,TRAN1,COLLE,182.13
4319,JP,JP,ELEC2,PRINT,181.57
5054,JP,JP,ELEC8,HEALT,181.09
14648,JP,JP,RETA1,FORES,180.76
4223,JP,JP,ELEC2,CEMEN,180.67
9998,JP,JP,MOTO1,PRINT,180.64
8238,JP,JP,KERO1,CONST,180.45
5330,JP,JP,FABRI,COLLE,180.15
8544,JP,JP,LANDT,REALE,179.91
2555,JP,JP,COLLE,MOTO1,179.65
12740,JP,JP,POSTT,TRANS,179.52
4080,JP,JP,ELEC1,COLLE,179.33
2032,JP,JP,CHEM1,LANDT,179.22
11337,JP,JP,PADDY,FURNI,178.91
8479,JP,JP,LANDT,FOUND,178.88
4136,JP,JP,ELEC1,MOTO1,178.77
13680,JP,JP,RAILW,ELEC1,178.74
14348,JP,JP,RENTI,INSUR,178.70
4290,JP,JP,ELEC2,MOTOR,178.67
553,JP,JP,AUXIL,COMPU,178.48
5331,JP,JP,FABRI,COMPU,178.03
13740,JP,JP,RAILW,PAPER,178.02
4179,JP,JP,ELEC1,RUBBE,177.99
4258,JP,JP,ELEC2,FOOD5,177.16
8568,JP,JP,LANDT,TRANS,177.02
2509,JP,JP,COLLE,ELEC1,176.87
12561,JP,JP,PLAST,PLAST,176.77
3034,JP,JP,COPP1,SALEM,176.67
16384,JP,JP,TEXTI,CHEM1,176.67
5579,JP,JP,FINAN,RADIO,176.64
11689,JP,JP,PAPER,CHEMI,176.62
17602,JP,JP,WHOLE,ELE11,176.45
13619,JP,JP,RADIO,RUBBE,176.10
614,JP,JP,AUXIL,NONF1,175.95
119,JP,JP,93197,RESEA,175.72
8555,JP,JP,LANDT,SEACO,175.59
5468,JP,JP,FINAN,BASIC,175.23
7327,JP,JP,HEALT,NONME,174.78
14290,JP,JP,RENTI,BEVER,174.61
2504,JP,JP,COLLE,DIST1,174.56
10508,JP,JP,NONF1,CHEM1,173.21
8389,JP,JP,KEROS,HEAVY,172.97
10496,JP,JP,NONF1,BASIC,172.62
2479,JP,JP,COLLE,BASIC,172.29
3502,JP,JP,DISTR,BASIC,172.20
1813,JP,JP,CERAM,HOTEL,172.05
7059,JP,JP,GASDI,SANDC,171.70
14091,JP,JP,RECRE,EDUCA,171.47
5338,JP,JP,FABRI,DISTR,171.28
12986,JP,JP,PRINT,93197,170.92
4089,JP,JP,ELEC1,EDUCA,170.85
6827,JP,JP,FURNI,FABRI,170.61
2524,JP,JP,COLLE,FOOD5,170.33
6876,JP,JP,FURNI,OFFIC,170.24
222,JP,JP,AIRTR,MACHI,170.20
14973,JP,JP,RUBBE,NONME,169.96
4796,JP,JP,ELEC6,BASIC,169.59
3606,JP,JP,DISTR,PRINT,169.33
6938,JP,JP,GASDI,93197,168.93
174,JP,JP,AIRTR,CONST,168.77
10663,JP,JP,NONFE,NONF1,168.45
5425,JP,JP,FABRI,REALE,168.44
6284,JP,JP,FOOD5,FURNI,168.20
6398,JP,JP,FOODW,CONST,168.15
7006,JP,JP,GASDI,MACHI,168.07
11428,JP,JP,PAPE1,CONST,168.06
14621,JP,JP,RETA1,COPP1,167.98
18061,JP,JP,WOODW,PFERT,167.85
14596,JP,JP,RETA1,AUXIL,167.78
14308,JP,JP,RENTI,COLLE,167.39
3445,JP,JP,DIST1,PFERT,167.33
16608,JP,JP,TRAN1,FABRI,167.27
14710,JP,JP,RETA1,PULP5,167.20
388,JP,JP,ALUM1,PAPER,167.08
2492,JP,JP,COLLE,CHEM1,166.87
15351,JP,JP,SEACO,FOUND,166.87
16894,JP,JP,TRANS,RENTI,166.57
14626,JP,JP,RETA1,DISTR,166.23
16585,JP,JP,TRAN1,CHEM1,165.74
18070,JP,JP,WOODW,PRINT,165.50
6706,JP,JP,FOUND,FOUND,165.49
7683,JP,JP,HOTEL,TRANS,165.36
12930,JP,JP,PREC1,PREC1,165.32
5506,JP,JP,FINAN,ELECT,165.29
3366,JP,JP,DIST1,CHEM1,165.15
13982,JP,JP,REALE,MACHI,164.84
3459,JP,JP,DIST1,RAWMI,164.76
7228,JP,JP,GLASS,TRANS,164.36
13600,JP,JP,RADIO,POSTT,164.24
7492,JP,JP,HEAVY,PLAST,164.23
16469,JP,JP,TEXTI,RADIO,164.19
2821,JP,JP,CONST,ELEC3,164.19
16000,JP,JP,SUPPO,COMPU,163.98
14667,JP,JP,RETA1,LIQUE,163.93
12549,JP,JP,PLAST,OFFIC,163.85
13909,JP,JP,REALE,AIRTR,163.82
5755,JP,JP,FISHF,CHEM1,163.81
7255,JP,JP,HEALT,CATTL,163.49
14116,JP,JP,RECRE,HEALT,163.48
5219,JP,JP,ELECT,LANDT,163.10
7543,JP,JP,HOTEL,AUXIL,163.02
17351,JP,JP,WEARI,FABRI,163.02
13940,JP,JP,REALE,DISTR,162.75
3084,JP,JP,CROPS,EDUCA,162.49
13939,JP,JP,REALE,DIST1,162.12
14655,JP,JP,RETA1,HEAVY,161.17
9886,JP,JP,MOTO1,AIRTR,160.78
7539,JP,JP,HOTEL,93197,160.68
13055,JP,JP,PRINT,LANDT,160.24
2086,JP,JP,CHEM1,RENTI,160.12
2589,JP,JP,COLLE,RADIO,160.04
13513,JP,JP,RADIO,BUSIN,159.64
3071,JP,JP,CROPS,CHEM1,159.03
24,JP,JP,93197,COMPU,159.01
6988,JP,JP,GASDI,FURNI,158.66
8481,JP,JP,LANDT,GASDI,158.48
2078,JP,JP,CHEM1,PULP5,158.40
5114,JP,JP,ELEC8,REALE,158.39
5519,JP,JP,FINAN,GASDI,158.29
12714,JP,JP,POSTT,RAILW,158.20
9884,JP,JP,MEMBE,WOODW,158.14
12209,JP,JP,PLANT,TEXTI,158.10
4343,JP,JP,ELEC2,SUPPO,157.93
17429,JP,JP,WEARI,RESEA,157.76
4099,JP,JP,ELEC1,FABRI,157.74
16817,JP,JP,TRANS,CONST,157.55
16624,JP,JP,TRAN1,HOTEL,157.50
8593,JP,JP,LEAD1,CHEM1,157.42
13765,JP,JP,RAILW,RETA1,157.33
17570,JP,JP,WHOLE,ALUM1,157.13
1423,JP,JP,BUSIN,DAIRY,157.00
6802,JP,JP,FURNI,CHEM1,156.81
411,JP,JP,ALUM1,RUBBE,156.73
4297,JP,JP,ELEC2,NONME,156.63
1421,JP,JP,BUSIN,CROPS,155.70
10779,JP,JP,NONME,PAPER,155.43
109,JP,JP,93197,PUBLI,155.20
2073,JP,JP,CHEM1,PREC1,155.01
8270,JP,JP,KERO1,HEALT,154.92
2783,JP,JP,CONST,93197,154.74
6491,JP,JP,FOODW,RETA1,154.63
11524,JP,JP,PAPE1,RETA1,154.54
3584,JP,JP,DISTR,NONME,154.37
3267,JP,JP,DAIRY,FURNI,153.99
18083,JP,JP,WOODW,RETA1,153.87
207,JP,JP,AIRTR,HEALT,153.69
6234,JP,JP,FOOD5,ANIMA,153.58
5334,JP,JP,FABRI,CROPS,153.38
16031,JP,JP,SUPPO,GLASS,153.22
2474,JP,JP,COLLE,93197,152.99
424,JP,JP,ALUM1,TRANS,152.66
13914,JP,JP,REALE,BEVER,152.53
11935,JP,JP,PFERT,CHEM1,152.44
14908,JP,JP,RUBBE,COMPU,152.28
16089,JP,JP,SUPPO,RECRE,152.11
3469,JP,JP,DIST1,SALEM,151.60
173,JP,JP,AIRTR,COMPU,151.30
11700,JP,JP,PAPER,DIST1,151.17
6788,JP,JP,FURNI,BASIC,151.15
15022,JP,JP,RUBBE,TEXTI,151.13
13519,JP,JP,RADIO,CHEM1,151.02
15003,JP,JP,RUBBE,RECRE,150.73
12143,JP,JP,PIGS9,WHOLE,150.36
13941,JP,JP,REALE,EDUCA,150.16
5095,JP,JP,ELEC8,PAPER,150.15
10722,JP,JP,NONME,ELEC2,149.99
564,JP,JP,AUXIL,ELEC2,149.72
9930,JP,JP,MOTO1,FINAN,149.47
13394,JP,JP,PULP5,CHEM1,149.43
3648,JP,JP,DISTR,WOODW,149.18
14288,JP,JP,RENTI,AUXIL,148.78
6976,JP,JP,GASDI,ELECT,148.70
10960,JP,JP,OFFIC,PRINT,148.63
16681,JP,JP,TRAN1,REALE,148.59
15407,JP,JP,SEACO,PUBLI,148.58
2756,JP,JP,COMPU,SALEM,148.52
16495,JP,JP,TEXTI,TRANS,148.43
609,JP,JP,AUXIL,MOTO1,148.32
15348,JP,JP,SEACO,FOOD5,148.25
7294,JP,JP,HEALT,GASDI,147.97
810,JP,JP,BASIC,SALEM,147.88
7291,JP,JP,HEALT,FORES,147.75
13678,JP,JP,RAILW,EDUCA,147.30
7407,JP,JP,HEAVY,CERAM,147.06
9975,JP,JP,MOTO1,NONME,146.80
7497,JP,JP,HEAVY,PRINT,146.77
2609,JP,JP,COLLE,SUPPO,146.57
6543,JP,JP,FORES,CONST,146.48
7667,JP,JP,HOTEL,RUBBE,146.29
10701,JP,JP,NONME,CERAM,146.13
1519,JP,JP,BUSIN,RETAI,146.02
16703,JP,JP,TRAN1,TRAN1,145.75
15157,JP,JP,SALEM,RECRE,145.53
4626,JP,JP,ELEC4,RETA1,145.53
14177,JP,JP,RECRE,RESEA,145.01
16763,JP,JP,TRAN2,MOTOR,144.81
16055,JP,JP,SUPPO,MOTOR,143.81
1998,JP,JP,CHEM1,ELEC1,143.62
1465,JP,JP,BUSIN,LIQUE,143.44
4526,JP,JP,ELEC4,CHEM1,143.43
13612,JP,JP,RADIO,RECRE,143.40
9918,JP,JP,MOTO1,EDUCA,143.26
12542,JP,JP,PLAST,MOTOR,143.11
8457,JP,JP,LANDT,DISTR,143.07
240,JP,JP,AIRTR,OFFIC,142.90
2787,JP,JP,CONST,AUXIL,142.65
2480,JP,JP,COLLE,BEVER,142.53
9177,JP,JP,MACHI,SUGA1,142.50
7159,JP,JP,GLASS,HEALT,142.44
16622,JP,JP,TRAN1,HEALT,142.09
14881,JP,JP,RUBBE,93197,142.06
795,JP,JP,BASIC,PRINT,141.99
4563,JP,JP,ELEC4,HEALT,141.90
14118,JP,JP,RECRE,HOTEL,141.88
16678,JP,JP,TRAN1,RADIO,141.54
3461,JP,JP,DIST1,RECRE,141.48
9071,JP,JP,MACHI,COPP1,140.93
3550,JP,JP,DISTR,GASDI,140.83
161,JP,JP,AIRTR,BUSIN,140.72
6986,JP,JP,GASDI,FORES,140.72
6910,JP,JP,FURNI,RUBBE,140.59
7964,JP,JP,INSUR,HEALT,140.29
6231,JP,JP,FOOD5,93197,140.15
3162,JP,JP,CROPS,PULP5,139.88
5414,JP,JP,FABRI,POSTT,139.71
5109,JP,JP,ELEC8,PUBLI,139.56
9229,JP,JP,MEAT1,HEALT,139.54
3354,JP,JP,DIST1,BEVER,139.52
6942,JP,JP,GASDI,BASIC,139.27
11952,JP,JP,PFERT,ELEC2,138.66
9164,JP,JP,MACHI,RECRE,138.58
373,JP,JP,ALUM1,MEDIC,138.42
1957,JP,JP,CEREA,WHOLE,138.41
11809,JP,JP,PAPER,TEXTI,138.30
6783,JP,JP,FURNI,93197,138.11
12975,JP,JP,PRECI,PLAS1,138.10
12520,JP,JP,PLAST,GASDI,138.06
3537,JP,JP,DISTR,ELECT,138.01
1641,JP,JP,CATTL,WHOLE,137.94
6919,JP,JP,FURNI,SUPPO,137.38
3558,JP,JP,DISTR,INSUR,137.30
9913,JP,JP,MOTO1,CROPS,137.18
1989,JP,JP,CHEM1,COPP1,136.61
115,JP,JP,93197,RECRE,136.46
3087,JP,JP,CROPS,ELEC2,136.44
16682,JP,JP,TRAN1,RECRE,136.43
8425,JP,JP,LANDT,93197,136.23
3451,JP,JP,DIST1,POULT,135.77
16097,JP,JP,SUPPO,SALEM,135.69
16405,JP,JP,TEXTI,FABRI,135.38
11716,JP,JP,PAPER,FISH5,135.37
5169,JP,JP,ELECT,CHEM1,135.19
13698,JP,JP,RAILW,FURNI,135.09
16017,JP,JP,SUPPO,ELECT,135.02
9640,JP,JP,MEDIC,ELECT,134.99
13427,JP,JP,PULP5,FURNI,134.81
2671,JP,JP,COMPU,ELECT,134.72
1532,JP,JP,BUSIN,TEXTI,134.66
10527,JP,JP,NONF1,ELEC4,134.48
5189,JP,JP,ELECT,ELEC4,134.41
6978,JP,JP,GASDI,FINAN,134.40
16713,JP,JP,TRAN1,WHOLE,134.39
4263,JP,JP,ELEC2,GASDI,134.37
11773,JP,JP,PAPER,PFERT,134.14
10619,JP,JP,NONF1,TRANS,133.86
2929,JP,JP,CONST,VEGET,133.79
1629,JP,JP,CATTL,RETA1,133.75
7668,JP,JP,HOTEL,SALEM,133.74
7269,JP,JP,HEALT,CROPS,133.74
2629,JP,JP,COMPU,AIRTR,133.55
9028,JP,JP,LUBRI,RETA1,133.50
17526,JP,JP,WHEAT,WHOLE,133.40
2652,JP,JP,COMPU,COLLE,133.24
14916,JP,JP,RUBBE,EDUCA,133.20
2103,JP,JP,CHEM1,TOBAC,133.20
618,JP,JP,AUXIL,OFFIC,133.17
14676,JP,JP,RETA1,MEMBE,132.89
2099,JP,JP,CHEM1,SUPPO,132.88
4461,JP,JP,ELEC3,PLAST,132.37
13687,JP,JP,RAILW,FABRI,132.32
2728,JP,JP,COMPU,PAPER,132.20
10739,JP,JP,NONME,FOUND,131.62
6959,JP,JP,GASDI,COLLE,131.27
11697,JP,JP,PAPER,CROPS,130.75
1535,JP,JP,BUSIN,TRAN2,130.34
7393,JP,JP,HEAVY,ALUM1,129.91
8554,JP,JP,LANDT,SANDC,129.85
7530,JP,JP,HEAVY,VEGET,129.72
15071,JP,JP,SALEM,EDUCA,129.68
11942,JP,JP,PFERT,CONST,129.33
4115,JP,JP,ELEC1,HOTEL,129.22
13783,JP,JP,RAILW,TRANS,129.09
7270,JP,JP,HEALT,DAIRY,128.73
3913,JP,JP,ELE12,BASIC,128.46
8426,JP,JP,LANDT,AIRTR,128.41
3622,JP,JP,DISTR,SALEM,128.02
6847,JP,JP,FURNI,INSUR,128.01
6883,JP,JP,FURNI,PAPER,127.73
7397,JP,JP,HEAVY,BASIC,127.38
3377,JP,JP,DIST1,DAIRY,127.32
16111,JP,JP,SUPPO,TRANS,127.29
5491,JP,JP,FINAN,CROPS,127.23
9916,JP,JP,MOTO1,DIST1,127.13
7346,JP,JP,HEALT,POULT,127.07
8573,JP,JP,LANDT,WEARI,127.06
3401,JP,JP,DIST1,FOUND,126.66
6987,JP,JP,GASDI,FOUND,126.33
15153,JP,JP,SALEM,RADIO,126.22
3360,JP,JP,DIST1,BUSIN,126.18
17176,JP,JP,VEGET,WHOLE,126.11
2043,JP,JP,CHEM1,MEDIC,126.07
6381,JP,JP,FOODW,BASIC,126.02
11410,JP,JP,PAPE1,BASIC,126.00
5156,JP,JP,ELECT,BEVER,125.98
16676,JP,JP,TRAN1,PUBLI,125.96
9105,JP,JP,MACHI,HOTEL,125.81
10235,JP,JP,NAPHT,MOTO1,125.56
7177,JP,JP,GLASS,MEDIC,125.38
15179,JP,JP,SALEM,TRANS,125.30
8054,JP,JP,INSUR,WOODW,125.22
10152,JP,JP,MOTOR,RESEA,125.03
2984,JP,JP,COPP1,FOUND,124.93
16476,JP,JP,TEXTI,RENTI,124.93
9421,JP,JP,MEATA,PFERT,124.92
5505,JP,JP,FINAN,ELEC8,124.58
9717,JP,JP,MEDIC,RETA1,124.41
14647,JP,JP,RETA1,FOODW,124.30
17432,JP,JP,WEARI,RUBBE,124.03
15028,JP,JP,RUBBE,VEGET,124.00
3399,JP,JP,DIST1,FOODW,123.88
15128,JP,JP,SALEM,NONME,123.66
11810,JP,JP,PAPER,TOBAC,123.59
14176,JP,JP,RECRE,RENTI,123.48
3523,JP,JP,DISTR,COPP1,123.34
4620,JP,JP,ELEC4,REALE,123.31
14693,JP,JP,RETA1,PAPE1,123.21
5247,JP,JP,ELECT,PADDY,123.16
1534,JP,JP,BUSIN,TRAN1,123.07
9708,JP,JP,MEDIC,RADIO,123.01
5842,JP,JP,FISHF,RECRE,123.00
2924,JP,JP,CONST,TRAN1,122.94
9943,JP,JP,MOTO1,GLASS,122.89
4235,JP,JP,ELEC2,COPP1,122.75
16010,JP,JP,SUPPO,ELEC1,122.55
1823,JP,JP,CERAM,MACHI,122.47
8870,JP,JP,LIQUE,HOTEL,122.46
7454,JP,JP,HEAVY,KERO1,122.18
16581,JP,JP,TRAN1,CEMEN,122.05
16085,JP,JP,SUPPO,RADIO,121.92
13599,JP,JP,RADIO,PLAST,121.87
2517,JP,JP,COLLE,FABRI,121.41
9148,JP,JP,MACHI,PLANT,121.20
16615,JP,JP,TRAN1,FOOD5,121.11
8538,JP,JP,LANDT,PROCE,121.04
5551,JP,JP,FINAN,NONF1,121.02
3594,JP,JP,DISTR,PAPER,120.91
11335,JP,JP,PADDY,FORES,120.87
7620,JP,JP,HOTEL,MEMBE,120.81
14381,JP,JP,RENTI,PADDY,120.70
12651,JP,JP,POSTT,FOUND,120.24
12488,JP,JP,PLAST,CHEM1,120.17
8453,JP,JP,LANDT,CROPS,120.12
14883,JP,JP,RUBBE,ALUM1,120.09
4891,JP,JP,ELEC6,PLAST,119.99
1978,JP,JP,CHEM1,CERAM,119.80
2755,JP,JP,COMPU,RUBBE,119.78
1522,JP,JP,BUSIN,SANDC,119.76
1539,JP,JP,BUSIN,VEGET,119.74
9983,JP,JP,MOTO1,PAPE1,119.58
14907,JP,JP,RUBBE,COLLE,119.53
5543,JP,JP,FINAN,MEDIC,119.43
10743,JP,JP,NONME,GLASS,119.37
4203,JP,JP,ELEC1,WHOLE,119.37
17649,JP,JP,WHOLE,MEMBE,119.30
14223,JP,JP,REFI1,HEAVY,119.25
11815,JP,JP,PAPER,VEGET,119.12
5477,JP,JP,FINAN,CATTL,118.99
15753,JP,JP,STONE,NONME,118.71
7639,JP,JP,HOTEL,PAPER,118.64
9719,JP,JP,MEDIC,RUBBE,118.58
16421,JP,JP,TEXTI,HOTEL,118.37
16698,JP,JP,TRAN1,SUPPO,117.77
5560,JP,JP,FINAN,PADDY,117.60
16662,JP,JP,TRAN1,PAPER,117.57
6350,JP,JP,FOOD5,SALEM,117.56
12822,JP,JP,POULT,PFERT,117.54
16830,JP,JP,TRANS,ELECT,117.44
4221,JP,JP,ELEC2,BUSIN,117.11
12678,JP,JP,POSTT,MEMBE,117.10
4601,JP,JP,ELEC4,PAPER,117.04
131,JP,JP,93197,SUPPO,116.79
7107,JP,JP,GASWO,PUBLI,116.73
10564,JP,JP,NONF1,MEDIC,116.28
9134,JP,JP,MACHI,NONME,116.16
4161,JP,JP,ELEC1,POSTT,116.04
5608,JP,JP,FINAN,VEGET,116.03
15505,JP,JP,SECO9,MACHI,115.88
7341,JP,JP,HEALT,PIGS9,115.81
2628,JP,JP,COMPU,93197,115.77
18108,JP,JP,WOODW,WHOLE,115.18
1420,JP,JP,BUSIN,COPP1,115.15
3754,JP,JP,EDUCA,RESEA,115.11
12508,JP,JP,PLAST,ELECT,115.06
9083,JP,JP,MACHI,ELEC4,115.02
193,JP,JP,AIRTR,FINAN,114.96
13592,JP,JP,RADIO,PAPER,114.92
9151,JP,JP,MACHI,PLAST,114.49
571,JP,JP,AUXIL,FABRI,114.41
6852,JP,JP,FURNI,LANDT,114.28
1496,JP,JP,BUSIN,PFERT,114.26
17623,JP,JP,WHOLE,FOUND,114.21
7455,JP,JP,HEAVY,KEROS,114.03
12687,JP,JP,POSTT,NONME,114.01
7033,JP,JP,GASDI,PFERT,113.96
17971,JP,JP,WOODW,BASIC,113.82
5333,JP,JP,FABRI,COPP1,113.80
5345,JP,JP,FABRI,ELEC4,113.72
4206,JP,JP,ELEC1,WOODW,113.52
1541,JP,JP,BUSIN,WEARI,113.51
3563,JP,JP,DISTR,LANDT,113.50
14485,JP,JP,RESEA,FINAN,113.39
9042,JP,JP,LUBRI,WHOLE,113.36
5494,JP,JP,FINAN,DIST1,113.29
255,JP,JP,AIRTR,POSTT,113.05
32,JP,JP,93197,EDUCA,112.90
6996,JP,JP,GASDI,INSUR,112.86
8470,JP,JP,LANDT,FINAN,112.85
15082,JP,JP,SALEM,FABRI,112.48
3498,JP,JP,DISTR,ALUM1,112.05
14495,JP,JP,RESEA,FURNI,112.03
10016,JP,JP,MOTO1,SEACO,111.87
5426,JP,JP,FABRI,RECRE,111.87
645,JP,JP,AUXIL,RECRE,111.78
14256,JP,JP,REFIN,ELEC2,111.58
11760,JP,JP,PAPER,NONME,111.42
4193,JP,JP,ELEC1,TRAN1,111.38
1439,JP,JP,BUSIN,FISH5,111.12
5845,JP,JP,FISHF,RETA1,111.11
17826,JP,JP,WOOD1,REALE,111.06
4210,JP,JP,ELEC2,ALUM1,110.94
15600,JP,JP,STEAM,FINAN,110.74
6779,JP,JP,FOUND,WHOLE,110.59
14364,JP,JP,RENTI,MEDIC,110.55
16573,JP,JP,TRAN1,BASIC,110.51
7390,JP,JP,HEALT,WOODW,110.51
7145,JP,JP,GLASS,ELECT,110.38
4250,JP,JP,ELEC2,ELECT,110.34
16473,JP,JP,TEXTI,RECRE,110.15
14085,JP,JP,RECRE,CONST,110.03
14856,JP,JP,RETAI,RESEA,109.93
15357,JP,JP,SEACO,HOTEL,109.84
16086,JP,JP,SUPPO,RAILW,109.76
8505,JP,JP,LANDT,MEDIC,109.66
17352,JP,JP,WEARI,FINAN,109.40
12991,JP,JP,PRINT,BASIC,109.39
15379,JP,JP,SEACO,MOTOR,109.38
689,JP,JP,BASIC,ALUM1,109.34
4233,JP,JP,ELEC2,COMPU,109.32
8231,JP,JP,KERO1,CHEM1,109.22
11092,JP,JP,OILHA,REALE,109.20
14633,JP,JP,RETA1,ELEC4,109.15
379,JP,JP,ALUM1,NONF1,108.87
10463,JP,JP,NFERT,PADDY,108.87
17406,JP,JP,WEARI,PAPER,108.82
17581,JP,JP,WHOLE,BRICK,108.76
15099,JP,JP,SALEM,HOTEL,108.73
4615,JP,JP,ELEC4,PUBLI,108.66
16750,JP,JP,TRAN2,GASDI,108.65
10581,JP,JP,NONF1,PAPER,108.38
5364,JP,JP,FABRI,GLASS,108.34
13947,JP,JP,REALE,ELEC4,108.28
12583,JP,JP,PLAST,TEXTI,108.18
16030,JP,JP,SUPPO,GASDI,108.08
16674,JP,JP,TRAN1,PRINT,108.08
5088,JP,JP,ELEC8,OFFIC,108.04
7146,JP,JP,GLASS,FABRI,107.58
13989,JP,JP,REALE,MEMBE,107.34
1293,JP,JP,BLAST,REALE,107.30
2913,JP,JP,CONST,SEACO,107.07
6314,JP,JP,FOOD5,NONME,106.80
7284,JP,JP,HEALT,FISH5,106.63
5602,JP,JP,FINAN,TEXTI,106.43
7252,JP,JP,HEALT,BLAST,106.40
230,JP,JP,AIRTR,MOTO1,106.39
7047,JP,JP,GASDI,RAILW,106.39
16716,JP,JP,TRAN1,WOODW,106.16
9937,JP,JP,MOTO1,FOODW,106.15
5111,JP,JP,ELEC8,RADIO,106.09
6473,JP,JP,FOODW,PLAST,106.08
5023,JP,JP,ELEC8,CONST,106.03
11506,JP,JP,PAPE1,PLAST,106.03
14616,JP,JP,RETA1,COKE1,105.93
2679,JP,JP,COMPU,FOOD5,105.87
15542,JP,JP,SECO9,RUBBE,105.75
15166,JP,JP,SALEM,SEACO,105.75
347,JP,JP,ALUM1,FOOD5,105.64
7152,JP,JP,GLASS,FOOD5,105.61
5050,JP,JP,ELEC8,FURNI,105.56
13998,JP,JP,REALE,NONME,105.50
8513,JP,JP,LANDT,NONF1,105.44
2818,JP,JP,CONST,ELE12,105.22
11669,JP,JP,PAPER,93197,105.12
4531,JP,JP,ELEC4,COLLE,105.07
1428,JP,JP,BUSIN,ELE12,105.05
4173,JP,JP,ELEC1,RECRE,105.00
3484,JP,JP,DIST1,TRANS,104.97
816,JP,JP,BASIC,SUPPO,104.76
9609,JP,JP,MEDIC,BASIC,104.70
13089,JP,JP,PRINT,PFERT,104.66
14053,JP,JP,REALE,VEGET,104.54
7582,JP,JP,HOTEL,ELECT,104.39
4165,JP,JP,ELEC1,PRINT,104.20
9173,JP,JP,MACHI,SEACO,103.86
7571,JP,JP,HOTEL,DISTR,103.69
7670,JP,JP,HOTEL,SEACO,103.59
3637,JP,JP,DISTR,TRANS,103.58
17596,JP,JP,WHOLE,COPP1,103.44
15673,JP,JP,STEAM,RUBBE,103.43
14473,JP,JP,RESEA,EDUCA,103.39
15409,JP,JP,SEACO,RADIO,103.14
14724,JP,JP,RETA1,SANDC,103.06
7932,JP,JP,INSUR,CONST,102.89
1503,JP,JP,BUSIN,PREC1,102.87
4071,JP,JP,ELEC1,CEMEN,102.80
2573,JP,JP,COLLE,PAPER,102.73
4324,JP,JP,ELEC2,RAILW,102.71
13296,JP,JP,PUBLI,HEALT,102.60
2758,JP,JP,COMPU,SEACO,102.49
263,JP,JP,AIRTR,RADIO,102.44
203,JP,JP,AIRTR,FURNI,102.40
2835,JP,JP,CONST,FOODW,102.40
4137,JP,JP,ELEC1,MOTOR,102.22
15335,JP,JP,SEACO,ELEC2,102.13
16653,JP,JP,TRAN1,NONME,102.11
15156,JP,JP,SALEM,REALE,102.00
15666,JP,JP,STEAM,RECRE,101.86
3374,JP,JP,DIST1,COPP1,101.75
15614,JP,JP,STEAM,HEALT,101.47
1453,JP,JP,BUSIN,HEAVY,101.31
15083,JP,JP,SALEM,FINAN,101.27
16905,JP,JP,TRANS,SUPPO,101.24
1987,JP,JP,CHEM1,COMPU,101.19
4106,JP,JP,ELEC1,FOOD5,100.99
11706,JP,JP,PAPER,ELEC2,100.99
17408,JP,JP,WEARI,PFERT,100.85
5403,JP,JP,FABRI,PADDY,100.70
5532,JP,JP,FINAN,LANDT,100.46
3358,JP,JP,DIST1,BLAST,100.28
4232,JP,JP,ELEC2,COLLE,100.27
17458,JP,JP,WEARI,WOODW,100.02
661,JP,JP,AUXIL,SUPPO,99.78
8027,JP,JP,INSUR,RETA1,99.51
6895,JP,JP,FURNI,PRINT,99.48
2881,JP,JP,CONST,PAPE1,99.34
2926,JP,JP,CONST,TRANS,98.97
8392,JP,JP,KEROS,KERO1,98.86
15692,JP,JP,STEAM,WHOLE,98.86
18101,JP,JP,WOODW,TRANS,98.78
18082,JP,JP,WOODW,RESEA,98.58
6913,JP,JP,FURNI,SEACO,98.28
715,JP,JP,BASIC,COPP1,98.21
7461,JP,JP,HEAVY,MACHI,98.20
10547,JP,JP,NONF1,HEALT,98.15
3003,JP,JP,COPP1,MEDIC,98.15
6951,JP,JP,GASDI,CERAM,98.06
3582,JP,JP,DISTR,NONF1,97.90
15144,JP,JP,SALEM,PLAST,97.86
7500,JP,JP,HEAVY,PULP5,97.67
9044,JP,JP,MACHI,93197,97.55
17583,JP,JP,WHOLE,CATTL,97.35
6811,JP,JP,FURNI,CROPS,97.21
3166,JP,JP,CROPS,REALE,97.21
6890,JP,JP,FURNI,PLAST,97.03
3449,JP,JP,DIST1,PLAST,97.01
3167,JP,JP,CROPS,RECRE,96.94
18045,JP,JP,WOODW,NATUR,96.94
6926,JP,JP,FURNI,TRANS,96.83
5867,JP,JP,FISHF,WHOLE,96.43
7471,JP,JP,HEAVY,NAPHT,96.35
5253,JP,JP,ELECT,PFERT,96.22
15392,JP,JP,SEACO,PAPER,96.20
17452,JP,JP,WEARI,WEARI,96.11
4350,JP,JP,ELEC2,TRANS,96.10
16113,JP,JP,SUPPO,VEGET,95.77
7363,JP,JP,HEALT,RETAI,95.72
9909,JP,JP,MOTO1,COLLE,95.59
10517,JP,JP,NONF1,CROPS,95.35
14316,JP,JP,RENTI,DISTR,95.15
14966,JP,JP,RUBBE,MOTOR,95.08
2487,JP,JP,COLLE,BUSIN,94.97
16231,JP,JP,TEXT1,REALE,94.75
13641,JP,JP,RADIO,WHOLE,94.75
10718,JP,JP,NONME,EDUCA,94.73
8464,JP,JP,LANDT,ELEC4,94.54
10773,JP,JP,NONME,OFFIC,94.48
2015,JP,JP,CHEM1,FOODW,94.28
4295,JP,JP,ELEC2,NONF1,94.23
5077,JP,JP,ELEC8,MOTO1,94.10
103,JP,JP,93197,POSTT,94.07
15341,JP,JP,SEACO,FABRI,94.06
9089,JP,JP,MACHI,FINAN,93.29
8472,JP,JP,LANDT,FISHF,93.26
637,JP,JP,AUXIL,PRINT,93.22
5122,JP,JP,ELEC8,RUBBE,93.09
1076,JP,JP,BITU1,ELEC6,93.04
11750,JP,JP,PAPER,MEDIC,93.04
2233,JP,JP,COALT,CONST,92.80
12325,JP,JP,PLAS1,REALE,92.34
14160,JP,JP,RECRE,PLAST,92.26
8565,JP,JP,LANDT,TOBAC,92.26
267,JP,JP,AIRTR,RECRE,92.23
6366,JP,JP,FOOD5,VEGE1,92.22
8393,JP,JP,KEROS,KEROS,92.17
812,JP,JP,BASIC,SECO9,92.06
9097,JP,JP,MACHI,FORES,92.01
8272,JP,JP,KERO1,HOTEL,92.00
5436,JP,JP,FABRI,SEACO,91.95
11196,JP,JP,OILSE,WHOLE,91.89
13010,JP,JP,PRINT,COLLE,91.79
2092,JP,JP,CHEM1,SANDC,91.70
10052,JP,JP,MOTOR,BUSIN,91.66
9102,JP,JP,MACHI,GLASS,91.62
5791,JP,JP,FISHF,HEALT,91.61
16865,JP,JP,TRANS,MOTO1,91.50
2880,JP,JP,CONST,PADDY,91.23
3549,JP,JP,DISTR,FURNI,91.18
832,JP,JP,BASIC,WOODW,91.03
11739,JP,JP,PAPER,LANDT,91.00
181,JP,JP,AIRTR,EDUCA,91.00
5544,JP,JP,FINAN,MEMBE,90.84
5448,JP,JP,FABRI,TRAN2,90.82
5573,JP,JP,FINAN,PREC1,90.78
15417,JP,JP,SEACO,RESEA,90.63
15448,JP,JP,SECO9,BASIC,90.51
4188,JP,JP,ELEC1,SUPPO,90.49
1985,JP,JP,CHEM1,COKEO,90.43
5521,JP,JP,FINAN,GLASS,90.28
6305,JP,JP,FOOD5,MEATC,90.25
2852,JP,JP,CONST,LANDT,90.14
6837,JP,JP,FURNI,FOUND,90.02
13268,JP,JP,PUBLI,DIST1,90.01
3456,JP,JP,DIST1,PULP5,89.97
14423,JP,JP,RENTI,TEXTI,89.92
4144,JP,JP,ELEC1,NONME,89.84
14034,JP,JP,REALE,RETAI,89.75
14662,JP,JP,RETA1,KERO1,89.71
16502,JP,JP,TEXTI,WHOLE,89.60
12992,JP,JP,PRINT,BEVER,89.59
9196,JP,JP,MACHI,WOODW,89.55
2634,JP,JP,COMPU,BEVER,89.52
12739,JP,JP,POSTT,TRAN2,89.33
6523,JP,JP,FORES,BASIC,89.31
15401,JP,JP,SEACO,POSTT,89.25
6667,JP,JP,FOUND,BASIC,89.10
5296,JP,JP,ELECT,VEGET,88.61
11305,JP,JP,PADDY,CATTL,88.59
581,JP,JP,AUXIL,FOUND,88.52
5119,JP,JP,ELEC8,RESEA,88.42
15436,JP,JP,SEACO,TRANS,88.36
678,JP,JP,AUXIL,WOODW,88.24
5306,JP,JP,FABRI,93197,88.21
18097,JP,JP,WOODW,TEXTI,88.11
15043,JP,JP,SALEM,BASIC,88.10
1776,JP,JP,CERAM,CERAM,87.80
7538,JP,JP,HEAVY,WOODW,87.65
8252,JP,JP,KERO1,ELEC6,87.59
6911,JP,JP,FURNI,SALEM,87.58
12750,JP,JP,POSTT,WOODW,87.56
5214,JP,JP,ELECT,INSUR,87.55
811,JP,JP,BASIC,SANDC,87.41
16579,JP,JP,TRAN1,BUSIN,87.40
10263,JP,JP,NAPHT,TEXTI,87.32
7545,JP,JP,HOTEL,BEVER,87.29
14430,JP,JP,RENTI,VEGET,87.23
10278,JP,JP,NATUR,BASIC,87.17
4595,JP,JP,ELEC4,OFFIC,87.08
14413,JP,JP,RENTI,SANDC,87.04
749,JP,JP,BASIC,HOTEL,87.01
17340,JP,JP,WEARI,EDUCA,86.97
11681,JP,JP,PAPER,BRICK,86.93
12886,JP,JP,PREC1,ELECT,86.82
10798,JP,JP,NONME,RETA1,86.68
7439,JP,JP,HEAVY,FOOD5,86.66
5208,JP,JP,ELECT,GLASS,86.09
16007,JP,JP,SUPPO,EDUCA,86.05
3471,JP,JP,DIST1,SEACO,86.05
254,JP,JP,AIRTR,PLAST,86.01
10721,JP,JP,NONME,ELEC1,85.93
13770,JP,JP,RAILW,SEACO,85.93
15164,JP,JP,SALEM,RUBBE,85.71
12677,JP,JP,POSTT,MEDIC,85.58
5030,JP,JP,ELEC8,EDUCA,85.54
15474,JP,JP,SECO9,ELEC2,85.50
578,JP,JP,AUXIL,FOOD5,85.48
4008,JP,JP,ELE12,PLAST,85.40
14954,JP,JP,RUBBE,LEATH,85.36
3548,JP,JP,DISTR,FOUND,85.32
12727,JP,JP,POSTT,SEACO,85.22
10728,JP,JP,NONME,ELECT,85.18
4392,JP,JP,ELEC3,DISTR,85.06
14050,JP,JP,REALE,TRAN2,85.04
14663,JP,JP,RETA1,KEROS,85.01
3464,JP,JP,DIST1,RENTI,85.00
7590,JP,JP,HOTEL,FOOD5,84.97
14477,JP,JP,RESEA,ELEC2,84.94
4261,JP,JP,ELEC2,FOUND,84.79
9313,JP,JP,MEAT4,FOOD5,84.61
15038,JP,JP,SALEM,93197,84.58
6977,JP,JP,GASDI,FABRI,84.11
10077,JP,JP,MOTOR,FINAN,84.11
15044,JP,JP,SALEM,BEVER,84.05
16619,JP,JP,TRAN1,FURNI,84.00
2863,JP,JP,CONST,MEDIC,83.86
6941,JP,JP,GASDI,AUXIL,83.84
2912,JP,JP,CONST,SANDC,83.67
3033,JP,JP,COPP1,RUBBE,83.61
5517,JP,JP,FINAN,FOUND,83.60
9161,JP,JP,MACHI,RAILW,83.45
9076,JP,JP,MACHI,DISTR,83.41
4560,JP,JP,ELEC4,FURNI,83.40
15134,JP,JP,SALEM,PADDY,83.32
6348,JP,JP,FOOD5,RETAI,83.30
15355,JP,JP,SEACO,HEALT,83.23
14632,JP,JP,RETA1,ELEC3,83.23
791,JP,JP,BASIC,PLAST,83.02
14929,JP,JP,RUBBE,FISH5,82.85
14920,JP,JP,RUBBE,ELEC2,82.69
4533,JP,JP,ELEC4,CONST,82.65
4617,JP,JP,ELEC4,RADIO,82.60
15030,JP,JP,RUBBE,WEARI,82.30
806,JP,JP,BASIC,RENTI,82.28
555,JP,JP,AUXIL,COPP1,82.23
2061,JP,JP,CHEM1,PAPE1,82.18
9800,JP,JP,MEMBE,HEALT,82.14
11796,JP,JP,PAPER,RETAI,82.13
15353,JP,JP,SEACO,GASDI,82.13
10555,JP,JP,NONF1,LEAD1,82.13
16019,JP,JP,SUPPO,FINAN,81.93
16593,JP,JP,TRAN1,COPP1,81.92
3701,JP,JP,EDUCA,HEALT,81.87
818,JP,JP,BASIC,TEXTI,81.78
7014,JP,JP,GASDI,MOTO1,81.77
15149,JP,JP,SALEM,PRINT,81.74
15253,JP,JP,SANDC,NONME,81.53
16591,JP,JP,TRAN1,COMPU,81.53
13731,JP,JP,RAILW,NONME,81.35
167,JP,JP,AIRTR,CHEM1,81.26
9248,JP,JP,MEAT1,PUBLI,81.17
16020,JP,JP,SUPPO,FISH5,81.10
15130,JP,JP,SALEM,OFFIC,81.05
16477,JP,JP,TEXTI,RESEA,80.97
3392,JP,JP,DIST1,FINAN,80.92
10266,JP,JP,NAPHT,TRANS,80.87
13354,JP,JP,PUBLI,RETA1,80.84
5836,JP,JP,FISHF,PUBLI,80.84
9375,JP,JP,MEAT4,WEARI,80.77
8868,JP,JP,LIQUE,HEALT,80.77
5501,JP,JP,FINAN,ELEC3,80.68
14103,JP,JP,RECRE,FINAN,80.65
14566,JP,JP,RESEA,RUBBE,80.58
2518,JP,JP,COLLE,FINAN,80.55
14025,JP,JP,REALE,RAILW,80.54
834,JP,JP,BEVER,93197,80.46
1992,JP,JP,CHEM1,DAIRY,80.20
6329,JP,JP,FOOD5,PLAST,79.81
17350,JP,JP,WEARI,ELECT,79.80
1702,JP,JP,CEMEN,MACHI,79.70
2133,JP,JP,CHEMI,CHEM1,79.66
15039,JP,JP,SALEM,AIRTR,79.55
2367,JP,JP,COKE1,REALE,79.51
12492,JP,JP,PLAST,COKEO,79.46
5647,JP,JP,FISH5,ELEC1,79.45
11951,JP,JP,PFERT,ELEC1,79.37
6361,JP,JP,FOOD5,TEXTI,79.33
2864,JP,JP,CONST,MEMBE,79.28
5604,JP,JP,FINAN,TRAN1,79.17
6236,JP,JP,FOOD5,BASIC,79.16
12680,JP,JP,POSTT,MOTOR,79.13
16603,JP,JP,TRAN1,ELEC3,78.98
11718,JP,JP,PAPER,FOOD2,78.96
13470,JP,JP,PULP5,PRINT,78.89
6515,JP,JP,FOODW,WHOLE,78.86
11548,JP,JP,PAPE1,WHOLE,78.82
16107,JP,JP,SUPPO,TEXTI,78.65
6760,JP,JP,FOUND,RUBBE,78.63
16656,JP,JP,TRAN1,OFFIC,78.51
6258,JP,JP,FOOD5,CROPS,78.51
4215,JP,JP,ELEC2,BEVER,78.42
3473,JP,JP,DIST1,STEAM,78.42
14483,JP,JP,RESEA,ELECT,78.37
6490,JP,JP,FOODW,RESEA,78.36
11523,JP,JP,PAPE1,RESEA,78.32
5039,JP,JP,ELEC8,FABRI,78.22
16467,JP,JP,TEXTI,PUBLI,78.20
4430,JP,JP,ELEC3,MACHI,78.15
563,JP,JP,AUXIL,ELEC1,78.11
8398,JP,JP,KEROS,NAPHT,77.92
3371,JP,JP,DIST1,COLLE,77.87
12564,JP,JP,PLAST,PRINT,77.87
6820,JP,JP,FURNI,ELEC2,77.80
8622,JP,JP,LEAD1,FOUND,77.58
9961,JP,JP,MOTO1,MEAT4,77.55
4820,JP,JP,ELEC6,DISTR,77.32
7629,JP,JP,HOTEL,NONME,77.28
17312,JP,JP,WEARI,BASIC,77.27
2008,JP,JP,CHEM1,FINAN,77.25
10531,JP,JP,NONF1,ELEC8,77.02
5192,JP,JP,ELECT,ELEC8,76.96
10820,JP,JP,NONME,WHOLE,76.92
2498,JP,JP,COLLE,COMPU,76.92
4111,JP,JP,ELEC1,GASDI,76.89
13029,JP,JP,PRINT,ELECT,76.84
10075,JP,JP,MOTOR,ELECT,76.84
8226,JP,JP,KERO1,BUSIN,76.68
10870,JP,JP,NONSP,MOTOR,76.67
16679,JP,JP,TRAN1,RAILW,76.59
1359,JP,JP,BRICK,MACHI,76.43
3411,JP,JP,DIST1,INSUR,76.26
8051,JP,JP,INSUR,WHOLE,76.24
7295,JP,JP,HEALT,GASWO,76.16
8749,JP,JP,LEATH,MACHI,76.16
12629,JP,JP,POSTT,DISTR,76.13
12987,JP,JP,PRINT,AIRTR,76.11
14939,JP,JP,RUBBE,GASDI,76.06
9938,JP,JP,MOTO1,FORES,76.04
3390,JP,JP,DIST1,ELECT,76.01
14955,JP,JP,RUBBE,LIQUE,75.95
3301,JP,JP,DAIRY,PAPER,75.89
13076,JP,JP,PRINT,NONME,75.83
15137,JP,JP,SALEM,PAPER,75.59
11813,JP,JP,PAPER,TRANS,75.56
1236,JP,JP,BLAST,FABRI,75.49
13506,JP,JP,RADIO,BASIC,75.48
15089,JP,JP,SALEM,FOOD5,75.41
7459,JP,JP,HEAVY,LIQUE,75.22
4416,JP,JP,ELEC3,HEALT,75.21
9182,JP,JP,MACHI,TEXTI,75.17
3438,JP,JP,DIST1,OFFIC,75.17
2600,JP,JP,COLLE,RUBBE,75.08
2834,JP,JP,CONST,FOOD5,74.93
5322,JP,JP,FABRI,CERAM,74.92
13069,JP,JP,PRINT,MOTOR,74.91
270,JP,JP,AIRTR,RENTI,74.87
7344,JP,JP,HEALT,PLAST,74.81
118,JP,JP,93197,RENTI,74.75
17639,JP,JP,WHOLE,LEATH,74.74
16793,JP,JP,TRAN2,TRANS,74.67
11696,JP,JP,PAPER,COPP1,74.65
6415,JP,JP,FOODW,FABRI,74.64
11445,JP,JP,PAPE1,FABRI,74.62
2093,JP,JP,CHEM1,SEACO,74.57
14898,JP,JP,RUBBE,CEMEN,74.56
11684,JP,JP,PAPER,CEMEN,74.43
12475,JP,JP,PLAST,BASIC,74.34
625,JP,JP,AUXIL,PAPER,74.30
3008,JP,JP,COPP1,NONF1,74.26
11768,JP,JP,PAPER,PAPE1,74.06
7627,JP,JP,HOTEL,NONF1,74.00
7120,JP,JP,GLASS,BUSIN,73.89
16570,JP,JP,TRAN1,ALUM1,73.82
3564,JP,JP,DISTR,LEAD1,73.77
792,JP,JP,BASIC,POSTT,73.68
6311,JP,JP,FOOD5,NFERT,73.59
259,JP,JP,AIRTR,PRINT,73.58
3404,JP,JP,DIST1,GASWO,73.57
4585,JP,JP,ELEC4,MOTO1,73.31
4346,JP,JP,ELEC2,TEXTI,73.29
14986,JP,JP,RUBBE,PFERT,73.15
8709,JP,JP,LEATH,DIST1,73.11
3156,JP,JP,CROPS,POULT,73.03
4628,JP,JP,ELEC4,RUBBE,73.02
16392,JP,JP,TEXTI,CROPS,72.95
16121,JP,JP,SUPPO,WOODW,72.91
154,JP,JP,AIRTR,BASIC,72.90
16505,JP,JP,TEXTI,WOODW,72.72
14387,JP,JP,RENTI,PFERT,72.71
12603,JP,JP,POSTT,BEVER,72.53
6334,JP,JP,FOOD5,PRINT,72.45
1869,JP,JP,CERAM,SUPPO,72.39
315,JP,JP,ALUM1,CERAM,72.37
5445,JP,JP,FABRI,TEXTI,72.30
14679,JP,JP,RETA1,NAPHT,72.30
3387,JP,JP,DIST1,ELEC5,72.15
2841,JP,JP,CONST,GLASS,72.06
13353,JP,JP,PUBLI,RESEA,72.06
3503,JP,JP,DISTR,BEVER,71.96
6826,JP,JP,FURNI,ELECT,71.87
13129,JP,JP,PRINT,TRANS,71.86
17821,JP,JP,WOOD1,PUBLI,71.83
17433,JP,JP,WEARI,SALEM,71.82
12625,JP,JP,POSTT,CROPS,71.61
8449,JP,JP,LANDT,COLLE,71.48
16689,JP,JP,TRAN1,RUBBE,71.41
11798,JP,JP,PAPER,SALEM,71.30
7161,JP,JP,GLASS,HOTEL,71.26
655,JP,JP,AUXIL,SEACO,71.20
9858,JP,JP,MEMBE,RESEA,71.14
9859,JP,JP,MEMBE,RETA1,71.08
2505,JP,JP,COLLE,DISTR,71.06
4277,JP,JP,ELEC2,LEAD1,70.88
15616,JP,JP,STEAM,HOTEL,70.82
15081,JP,JP,SALEM,ELECT,70.68
5203,JP,JP,ELECT,FORES,70.33
8255,JP,JP,KERO1,FABRI,70.30
17448,JP,JP,WEARI,TRANS,70.21
6865,JP,JP,FURNI,MOTO1,70.14
10591,JP,JP,NONF1,PRINT,70.02
4083,JP,JP,ELEC1,COPP1,69.97
7622,JP,JP,HOTEL,MOTOR,69.92
6601,JP,JP,FORES,NATUR,69.85
4322,JP,JP,ELEC2,PULP5,69.76
15496,JP,JP,SECO9,HOTEL,69.61
16607,JP,JP,TRAN1,ELECT,69.47
11087,JP,JP,OILHA,PUBLI,69.28
13793,JP,JP,RAILW,WOODW,69.27
8478,JP,JP,LANDT,FORES,69.27
14562,JP,JP,RESEA,RENTI,69.22
89,JP,JP,93197,OFFIC,69.04
4625,JP,JP,ELEC4,RESEA,68.86
5610,JP,JP,FINAN,WEARI,68.84
18105,JP,JP,WOODW,WEARI,68.83
3609,JP,JP,DISTR,PULP5,68.82
9045,JP,JP,MACHI,AIRTR,68.79
5435,JP,JP,FABRI,SANDC,68.77
18019,JP,JP,WOODW,GLASS,68.75
15405,JP,JP,SEACO,PRINT,68.52
1446,JP,JP,BUSIN,FORES,68.48
9154,JP,JP,MACHI,PREC1,68.21
14225,JP,JP,REFI1,KERO1,68.15
4069,JP,JP,ELEC1,BUSIN,68.14
5516,JP,JP,FINAN,FORES,68.13
14800,JP,JP,RETAI,FURNI,68.00
381,JP,JP,ALUM1,NONME,67.94
16705,JP,JP,TRAN1,TRANS,67.86
13018,JP,JP,PRINT,DISTR,67.70
15057,JP,JP,SALEM,CHEM1,67.64
4252,JP,JP,ELEC2,FINAN,67.61
7216,JP,JP,GLASS,SALEM,67.59
8192,JP,JP,IRONO,BASIC,67.58
14928,JP,JP,RUBBE,FINAN,67.56
5498,JP,JP,FINAN,ELE12,67.51
2191,JP,JP,CHEMI,PFERT,67.47
2785,JP,JP,CONST,ALUM1,67.42
10015,JP,JP,MOTO1,SANDC,67.19
17686,JP,JP,WHOLE,REFI1,67.15
1409,JP,JP,BUSIN,CERAM,67.06
6678,JP,JP,FOUND,CHEM1,66.96
8483,JP,JP,LANDT,GLASS,66.96
10271,JP,JP,NAPHT,WOODW,66.88
4540,JP,JP,ELEC4,EDUCA,66.82
15075,JP,JP,SALEM,ELEC2,66.73
701,JP,JP,BASIC,BUSIN,66.71
14047,JP,JP,REALE,TEXTI,66.63
13875,JP,JP,RAWMI,PLAST,66.63
10572,JP,JP,NONF1,NONME,66.62
14484,JP,JP,RESEA,FABRI,66.61
5452,JP,JP,FABRI,VEGET,66.53
15501,JP,JP,SECO9,LEAD1,66.51
17575,JP,JP,WHOLE,BEVER,66.39
17772,JP,JP,WOOD1,HEALT,66.38
3045,JP,JP,COPP1,TRANS,66.16
9091,JP,JP,MACHI,FISHF,66.09
6255,JP,JP,FOOD5,COMPU,66.06
3111,JP,JP,CROPS,HOTEL,66.00
652,JP,JP,AUXIL,RUBBE,65.98
10467,JP,JP,NFERT,PLAST,65.98
1502,JP,JP,BUSIN,POULT,65.89
2660,JP,JP,COMPU,DISTR,65.79
4479,JP,JP,ELEC3,RETA1,65.79
17966,JP,JP,WOODW,93197,65.74
2018,JP,JP,CHEM1,FURNI,65.63
8159,JP,JP,INTER,REALE,65.60
4176,JP,JP,ELEC1,RENTI,65.58
2944,JP,JP,COPP1,BASIC,65.54
16651,JP,JP,TRAN1,NONF1,65.47
2010,JP,JP,CHEM1,FISHF,65.33
14595,JP,JP,RETA1,ANIMA,65.31
1440,JP,JP,BUSIN,FISHF,65.28
17589,JP,JP,WHOLE,CHEMI,65.18
9885,JP,JP,MOTO1,93197,65.17
14312,JP,JP,RENTI,CROPS,65.13
3420,JP,JP,DIST1,MACHI,65.03
5348,JP,JP,FABRI,ELEC8,65.02
2789,JP,JP,CONST,BEVER,64.97
2836,JP,JP,CONST,FORES,64.90
4379,JP,JP,ELEC3,CHEM1,64.79
5713,JP,JP,FISH5,RENTI,64.78
6787,JP,JP,FURNI,AUXIL,64.74
8485,JP,JP,LANDT,HEAVY,64.74
8352,JP,JP,KERO1,VEGET,64.74
596,JP,JP,AUXIL,LANDT,64.71
5523,JP,JP,FINAN,HEAVY,64.67
13688,JP,JP,RAILW,FINAN,64.63
6386,JP,JP,FOODW,BUSIN,64.50
11416,JP,JP,PAPE1,BUSIN,64.48
11038,JP,JP,OILHA,HEALT,64.48
11722,JP,JP,PAPER,FOODW,64.47
9212,JP,JP,MEAT1,ELE12,64.44
7331,JP,JP,HEALT,OILHA,64.34
4058,JP,JP,ELEC1,ALUM1,64.28
13441,JP,JP,PULP5,MACHI,64.22
8822,JP,JP,LIQUE,BLAST,64.13
14617,JP,JP,RETA1,COKEO,64.06
10079,JP,JP,MOTOR,FISHF,64.00
15656,JP,JP,STEAM,POSTT,63.99
1498,JP,JP,BUSIN,PLAS1,63.91
12014,JP,JP,PFERT,REALE,63.77
12624,JP,JP,POSTT,COPP1,63.76
8528,JP,JP,LANDT,PFERT,63.62
2581,JP,JP,COLLE,POSTT,63.59
9616,JP,JP,MEDIC,BUSIN,63.58
4549,JP,JP,ELEC4,FABRI,63.56
14226,JP,JP,REFI1,KEROS,63.54
10823,JP,JP,NONME,WOODW,63.49
8903,JP,JP,LIQUE,PFERT,63.48
3029,JP,JP,COPP1,REALE,63.46
15420,JP,JP,SEACO,RUBBE,63.07
2160,JP,JP,CHEMI,FURNI,63.04
17358,JP,JP,WEARI,FOOD5,62.97
4081,JP,JP,ELEC1,COMPU,62.94
11200,JP,JP,OXYGE,BASIC,62.77
3541,JP,JP,DISTR,FISHF,62.75
1545,JP,JP,BUSIN,WOOD1,62.74
5145,JP,JP,ELEC8,WHOLE,62.73
14323,JP,JP,RENTI,ELEC4,62.57
3591,JP,JP,DISTR,PADDY,62.48
5056,JP,JP,ELEC8,HOTEL,62.28
15416,JP,JP,SEACO,RENTI,62.25
14587,JP,JP,RESEA,WHOLE,62.04
13950,JP,JP,REALE,ELEC8,62.00
5592,JP,JP,FINAN,SANDC,61.95
15312,JP,JP,SEACO,BUSIN,61.92
7679,JP,JP,HOTEL,TEXTI,61.89
16730,JP,JP,TRAN2,COKE1,61.81
17075,JP,JP,VEGET,CHEM1,61.69
16226,JP,JP,TEXT1,PUBLI,61.65
14637,JP,JP,RETA1,ELEC8,61.64
2601,JP,JP,COLLE,SALEM,61.63
9367,JP,JP,MEAT4,TEXTI,61.62
17417,JP,JP,WEARI,PRINT,61.53
1962,JP,JP,CHEM1,AIRTR,61.47
2556,JP,JP,COLLE,MOTOR,61.44
2718,JP,JP,COMPU,NONME,61.38
10709,JP,JP,NONME,COLLE,61.35
13016,JP,JP,PRINT,DAIRY,61.29
16088,JP,JP,SUPPO,REALE,61.24
13988,JP,JP,REALE,MEDIC,61.22
9476,JP,JP,MEATC,MEATC,61.05
5154,JP,JP,ELECT,AUXIL,61.02
5103,JP,JP,ELEC8,POSTT,61.00
4845,JP,JP,ELEC6,HEALT,60.98
8025,JP,JP,INSUR,RENTI,60.91
6374,JP,JP,FOOD5,WOODW,60.78
14172,JP,JP,RECRE,REALE,60.76
12523,JP,JP,PLAST,HEAVY,60.70
7973,JP,JP,INSUR,LANDT,60.64
14286,JP,JP,RENTI,ALUM1,60.52
14382,JP,JP,RENTI,PAPE1,60.48
7298,JP,JP,HEALT,HEAVY,60.48
10105,JP,JP,MOTOR,MACHI,60.43
2563,JP,JP,COLLE,NONME,60.39
15578,JP,JP,STEAM,CHEM1,60.38
11817,JP,JP,PAPER,WEARI,60.37
8477,JP,JP,LANDT,FOODW,60.29
18049,JP,JP,WOODW,NONME,60.27
5510,JP,JP,FINAN,FISHF,60.24
5233,JP,JP,ELECT,MOTOR,60.23
10020,JP,JP,MOTO1,SUGA1,60.20
1775,JP,JP,CERAM,CEMEN,60.01
5581,JP,JP,FINAN,RAWMI,59.87
8503,JP,JP,LANDT,MEATC,59.86
4098,JP,JP,ELEC1,ELECT,59.86
5148,JP,JP,ELEC8,WOODW,59.85
2537,JP,JP,COLLE,INSUR,59.84
3402,JP,JP,DIST1,FURNI,59.82
14338,JP,JP,RENTI,FOUND,59.78
7950,JP,JP,INSUR,FINAN,59.77
4909,JP,JP,ELEC6,RETA1,59.73
11946,JP,JP,PFERT,DIST1,59.67
12653,JP,JP,POSTT,GASDI,59.57
3035,JP,JP,COPP1,SECO9,59.56
4304,JP,JP,ELEC2,PADDY,59.55
15872,JP,JP,SUGA1,RAWMI,59.55
16998,JP,JP,VEGE1,MOTOR,59.47
9082,JP,JP,MACHI,ELEC3,59.38
7403,JP,JP,HEAVY,BRICK,59.37
13615,JP,JP,RADIO,RENTI,59.36
12320,JP,JP,PLAS1,PUBLI,59.32
1487,JP,JP,BUSIN,OILHA,59.32
13395,JP,JP,PULP5,CHEMI,59.31
2071,JP,JP,CHEM1,POSTT,59.17
15069,JP,JP,SALEM,DIST1,59.16
6899,JP,JP,FURNI,RADIO,59.07
8887,JP,JP,LIQUE,MOTO1,58.95
15590,JP,JP,STEAM,DISTR,58.92
4807,JP,JP,ELEC6,CHEM1,58.78
2433,JP,JP,COKEO,HOTEL,58.74
4219,JP,JP,ELEC2,BLAST,58.72
5136,JP,JP,ELEC8,TRAN1,58.71
15573,JP,JP,STEAM,BUSIN,58.69
13757,JP,JP,RAILW,RAILW,58.68
14913,JP,JP,RUBBE,DAIRY,58.66
4170,JP,JP,ELEC1,RAILW,58.64
15334,JP,JP,SEACO,ELEC1,58.53
8788,JP,JP,LEATH,RESEA,58.51
10466,JP,JP,NFERT,PFERT,58.48
16465,JP,JP,TEXTI,PRINT,58.47
10543,JP,JP,NONF1,FOUND,58.47
2309,JP,JP,COKE1,FABRI,58.44
7384,JP,JP,HEALT,WEARI,58.42
4265,JP,JP,ELEC2,GLASS,58.41
14843,JP,JP,RETAI,PLAST,58.37
14614,JP,JP,RETA1,CHEMI,58.28
3624,JP,JP,DISTR,SEACO,58.20
9235,JP,JP,MEAT1,MEAT1,58.18
2585,JP,JP,COLLE,PRINT,58.15
14514,JP,JP,RESEA,MACHI,58.10
5202,JP,JP,ELECT,FOODW,58.07
209,JP,JP,AIRTR,HOTEL,57.94
827,JP,JP,BASIC,WEARI,57.91
4224,JP,JP,ELEC2,CERAM,57.88
14367,JP,JP,RENTI,MOTOR,57.83
14037,JP,JP,REALE,SANDC,57.81
10025,JP,JP,MOTO1,TEXTI,57.79
7241,JP,JP,HEALT,ALUM1,57.73
2708,JP,JP,COMPU,MEDIC,57.72
18022,JP,JP,WOODW,HOTEL,57.58
3554,JP,JP,DISTR,HEAVY,57.57
10856,JP,JP,NONSP,GASDI,57.53
8496,JP,JP,LANDT,LEATH,57.51
5243,JP,JP,ELECT,OFFIC,57.48
7073,JP,JP,GASDI,TRANS,57.47
9086,JP,JP,MACHI,ELEC8,57.46
5603,JP,JP,FINAN,TOBAC,57.39
3574,JP,JP,DISTR,MEDIC,57.37
8220,JP,JP,KERO1,BASIC,57.37
15352,JP,JP,SEACO,FURNI,57.27
8324,JP,JP,KERO1,RADIO,57.24
1460,JP,JP,BUSIN,KERO1,57.12
1632,JP,JP,CATTL,SALEM,57.03
15150,JP,JP,SALEM,PROCE,57.02
5454,JP,JP,FABRI,WEARI,56.97
16021,JP,JP,SUPPO,FISHF,56.97
16177,JP,JP,TEXT1,HEALT,56.90
5479,JP,JP,FINAN,CERAM,56.79
712,JP,JP,BASIC,COLLE,56.79
17444,JP,JP,WEARI,TEXTI,56.71
14314,JP,JP,RENTI,DAIRY,56.71
14590,JP,JP,RESEA,WOODW,56.63
17980,JP,JP,WOODW,CATTL,56.62
14606,JP,JP,RETA1,BRICK,56.56
13042,JP,JP,PRINT,GASDI,56.39
11705,JP,JP,PAPER,ELEC1,56.33
17335,JP,JP,WEARI,CROPS,56.29
14146,JP,JP,RECRE,OFFIC,56.13
12913,JP,JP,PREC1,MEDIC,56.04
9116,JP,JP,MACHI,LIQUE,56.03
3512,JP,JP,DISTR,CERAM,55.97
13910,JP,JP,REALE,ALUM1,55.95
10170,JP,JP,MOTOR,TRANS,55.87
14061,JP,JP,REALE,WOODW,55.86
16618,JP,JP,TRAN1,FOUND,55.77
4473,JP,JP,ELEC3,REALE,55.76
3552,JP,JP,DISTR,GLASS,55.70
14816,JP,JP,RETAI,MACHI,55.69
10090,JP,JP,MOTOR,HEALT,55.68
7057,JP,JP,GASDI,RUBBE,55.59
8523,JP,JP,LANDT,PAPE1,55.52
3080,JP,JP,CROPS,CROPS,55.50
5515,JP,JP,FINAN,FOODW,55.43
12515,JP,JP,PLAST,FOOD5,55.39
6906,JP,JP,FURNI,RENTI,55.38
9854,JP,JP,MEMBE,RECRE,55.29
4195,JP,JP,ELEC1,TRANS,55.27
10229,JP,JP,NAPHT,MACHI,55.11
12271,JP,JP,PLAS1,HEALT,55.11
5561,JP,JP,FINAN,PAPE1,54.95
15650,JP,JP,STEAM,PAPER,54.95
4267,JP,JP,ELEC2,HEAVY,54.92
6256,JP,JP,FOOD5,CONST,54.92
2784,JP,JP,CONST,AIRTR,54.88
11693,JP,JP,PAPER,COLLE,54.86
653,JP,JP,AUXIL,SALEM,54.85
9159,JP,JP,MACHI,PULP5,54.84
16807,JP,JP,TRANS,BUSIN,54.76
5115,JP,JP,ELEC8,RECRE,54.68
5351,JP,JP,FABRI,FINAN,54.68
13253,JP,JP,PUBLI,BUSIN,54.63
13141,JP,JP,PROCE,93197,54.61
14882,JP,JP,RUBBE,AIRTR,54.59
12798,JP,JP,POULT,HEALT,54.56
1103,JP,JP,BITU1,MOTOR,54.46
3546,JP,JP,DISTR,FOODW,54.45
14737,JP,JP,RETA1,TRAN2,54.40
217,JP,JP,AIRTR,LANDT,54.36
5107,JP,JP,ELEC8,PRINT,54.35
2009,JP,JP,CHEM1,FISH5,54.33
5012,JP,JP,ELEC8,CEMEN,54.24
6265,JP,JP,FOOD5,ELEC1,54.23
17441,JP,JP,WEARI,SUPPO,54.19
8016,JP,JP,INSUR,PUBLI,54.15
11401,JP,JP,PADDY,WHOLE,54.02
15531,JP,JP,SECO9,PREC1,53.98
8467,JP,JP,LANDT,ELEC8,53.95
14935,JP,JP,RUBBE,FOODW,53.88
12075,JP,JP,PIGS9,FISHF,53.83
14910,JP,JP,RUBBE,COPP1,53.75
4142,JP,JP,ELEC1,NONF1,53.73
14230,JP,JP,REFI1,NAPHT,53.72
1461,JP,JP,BUSIN,KEROS,53.70
7292,JP,JP,HEALT,FOUND,53.70
14609,JP,JP,RETA1,CEMEN,53.65
5649,JP,JP,FISH5,ELEC3,53.61
16646,JP,JP,TRAN1,MOTOR,53.61
14336,JP,JP,RENTI,FOODW,53.55
5078,JP,JP,ELEC8,MOTOR,53.55
2711,JP,JP,COMPU,MOTOR,53.54
14273,JP,JP,REFIN,MOTOR,53.46
5279,JP,JP,ELECT,SANDC,53.46
1984,JP,JP,CHEM1,COKE1,53.30
2805,JP,JP,CONST,COKE1,53.22
13936,JP,JP,REALE,CROPS,53.20
327,JP,JP,ALUM1,CROPS,53.18
5046,JP,JP,ELEC8,FOOD5,53.14
1471,JP,JP,BUSIN,MEATC,53.10
8294,JP,JP,KERO1,MOTOR,53.01
17982,JP,JP,WOODW,CERAM,52.96
4454,JP,JP,ELEC3,PAPER,52.90
15618,JP,JP,STEAM,INSUR,52.80
13889,JP,JP,RAWMI,RETA1,52.79
5248,JP,JP,ELECT,PAPE1,52.78
14189,JP,JP,RECRE,SUPPO,52.77
212,JP,JP,AIRTR,INSUR,52.72
443,JP,JP,ANIMA,CATTL,52.63
7595,JP,JP,HOTEL,GASDI,52.59
13658,JP,JP,RAILW,BUSIN,52.54
14055,JP,JP,REALE,WEARI,52.35
14063,JP,JP,RECRE,93197,52.24
4134,JP,JP,ELEC1,MEDIC,52.17
7619,JP,JP,HOTEL,MEDIC,52.15
5675,JP,JP,FISH5,MACHI,52.05
14453,JP,JP,RESEA,BUSIN,52.01
12025,JP,JP,PFERT,SUGAR,52.00
5493,JP,JP,FINAN,DAIRY,51.95
1223,JP,JP,BLAST,CONST,51.93
13044,JP,JP,PRINT,GLASS,51.83
8954,JP,JP,LUBRI,BUSIN,51.80
3623,JP,JP,DISTR,SANDC,51.68
15062,JP,JP,SALEM,COLLE,51.66
13103,JP,JP,PRINT,RAILW,51.66
3592,JP,JP,DISTR,PAPE1,51.56
1291,JP,JP,BLAST,RADIO,51.54
2596,JP,JP,COLLE,RENTI,51.53
13760,JP,JP,RAILW,RECRE,51.50
266,JP,JP,AIRTR,REALE,51.48
6863,JP,JP,FURNI,MEDIC,51.46
1415,JP,JP,BUSIN,COKE1,51.38
8328,JP,JP,KERO1,RECRE,51.38
7368,JP,JP,HEALT,SECO9,51.33
8613,JP,JP,LEAD1,FABRI,51.29
746,JP,JP,BASIC,GLASS,51.23
12736,JP,JP,POSTT,TEXTI,51.23
4565,JP,JP,ELEC4,HOTEL,51.21
9142,JP,JP,MACHI,PAPE1,51.19
9990,JP,JP,MOTO1,PLANT,51.14
107,JP,JP,93197,PRINT,51.08
14981,JP,JP,RUBBE,PAPE1,51.03
14551,JP,JP,RESEA,PRINT,51.01
14006,JP,JP,REALE,PAPE1,50.95
13503,JP,JP,RADIO,ALUM1,50.94
4330,JP,JP,ELEC2,RENTI,50.84
13891,JP,JP,RAWMI,RUBBE,50.70
4287,JP,JP,ELEC2,MEDIC,50.69
3575,JP,JP,DISTR,MEMBE,50.65
4903,JP,JP,ELEC6,REALE,50.57
12636,JP,JP,POSTT,ELEC4,50.55
3633,JP,JP,DISTR,TEXTI,50.51
7307,JP,JP,HEALT,LANDT,50.44
16609,JP,JP,TRAN1,FINAN,50.43
5824,JP,JP,FISHF,PFERT,50.41
5404,JP,JP,FABRI,PAPE1,50.37
13706,JP,JP,RAILW,INSUR,50.28
5191,JP,JP,ELECT,ELEC6,50.25
3937,JP,JP,ELE12,DISTR,50.24
9060,JP,JP,MACHI,CERAM,50.16
7442,JP,JP,HEAVY,FOUND,50.12
7418,JP,JP,HEAVY,COPP1,50.04
15306,JP,JP,SEACO,BEVER,49.91
14255,JP,JP,REFIN,ELEC1,49.86
6939,JP,JP,GASDI,ALUM1,49.85
192,JP,JP,AIRTR,FABRI,49.81
10076,JP,JP,MOTOR,FABRI,49.79
3344,JP,JP,DAIRY,WHOLE,49.69
5344,JP,JP,FABRI,ELEC3,49.64
14112,JP,JP,RECRE,FURNI,49.44
16633,JP,JP,TRAN1,LEAD1,49.43
17278,JP,JP,WASTE,REALE,49.42
5260,JP,JP,ELECT,PREC1,49.41
18078,JP,JP,WOODW,RECRE,49.39
14130,JP,JP,RECRE,MACHI,49.37
7524,JP,JP,HEAVY,TEXTI,49.36
15012,JP,JP,RUBBE,SANDC,49.28
412,JP,JP,ALUM1,SALEM,49.24
10762,JP,JP,NONME,MEDIC,49.21
4336,JP,JP,ELEC2,SANDC,49.21
16685,JP,JP,TRAN1,RENTI,49.19
4468,JP,JP,ELEC3,PUBLI,49.13
9627,JP,JP,MEDIC,COLLE,49.10
15473,JP,JP,SECO9,ELEC1,48.99
4109,JP,JP,ELEC1,FOUND,48.99
13697,JP,JP,RAILW,FOUND,48.98
6830,JP,JP,FURNI,FISHF,48.98
13962,JP,JP,REALE,FOUND,48.92
4651,JP,JP,ELEC4,WHOLE,48.91
2798,JP,JP,CONST,CEMEN,48.90
5069,JP,JP,ELEC8,MACHI,48.87
10156,JP,JP,MOTOR,SALEM,48.84
5291,JP,JP,ELECT,TRAN1,48.80
2837,JP,JP,CONST,FOUND,48.79
14476,JP,JP,RESEA,ELEC1,48.77
10617,JP,JP,NONF1,TRAN1,48.77
8860,JP,JP,LIQUE,FOOD5,48.77
10286,JP,JP,NATUR,CHEM1,48.72
5729,JP,JP,FISH5,TRAN1,48.71
11371,JP,JP,PADDY,PIGS9,48.67
1477,JP,JP,BUSIN,NAPHT,48.64
7566,JP,JP,HOTEL,COPP1,48.64
15386,JP,JP,SEACO,NONME,48.64
16429,JP,JP,TEXTI,LEATH,48.62
2830,JP,JP,CONST,FISHF,48.60
17676,JP,JP,WHOLE,PREC1,48.55
11751,JP,JP,PAPER,MEMBE,48.50
14342,JP,JP,RENTI,GLASS,48.47
10593,JP,JP,NONF1,PUBLI,48.39
14851,JP,JP,RETAI,REALE,48.38
13650,JP,JP,RAILW,AUXIL,48.38
13566,JP,JP,RADIO,LANDT,48.37
9132,JP,JP,MACHI,NONF1,48.34
9949,JP,JP,MOTO1,INSUR,48.32
3436,JP,JP,DIST1,NONME,48.28
9936,JP,JP,MOTO1,FOOD5,48.26
13195,JP,JP,PROCE,MEMBE,48.24
5509,JP,JP,FINAN,FISH5,48.21
8535,JP,JP,LANDT,PREC1,48.20
1072,JP,JP,BITU1,ELEC2,48.16
4884,JP,JP,ELEC6,PAPER,47.95
13125,JP,JP,PRINT,TEXTI,47.93
3468,JP,JP,DIST1,RUBBE,47.87
6408,JP,JP,FOODW,ELEC2,47.81
11438,JP,JP,PAPE1,ELEC2,47.79
5566,JP,JP,FINAN,PFERT,47.68
9968,JP,JP,MOTO1,MOTOR,47.68
3323,JP,JP,DAIRY,RUBBE,47.66
5375,JP,JP,FABRI,LANDT,47.66
6404,JP,JP,FOODW,EDUCA,47.59
7374,JP,JP,HEALT,TEXT1,47.59
4609,JP,JP,ELEC4,POSTT,47.58
11434,JP,JP,PAPE1,EDUCA,47.58
15806,JP,JP,SUGA1,CHEM1,47.56
10777,JP,JP,NONME,PADDY,47.56
3444,JP,JP,DIST1,PAPER,47.56
6245,JP,JP,FOOD5,CEMEN,47.55
2512,JP,JP,COLLE,ELEC4,47.53
11456,JP,JP,PAPE1,FURNI,47.50
6426,JP,JP,FOODW,FURNI,47.45
5829,JP,JP,FISHF,PLAST,47.38
9768,JP,JP,MEMBE,CONST,47.29
9887,JP,JP,MOTO1,ALUM1,47.26
5131,JP,JP,ELEC8,SUPPO,47.24
17714,JP,JP,WHOLE,WOOD1,47.20
6965,JP,JP,GASDI,DAIRY,47.19
2810,JP,JP,CONST,COPP1,47.13
6748,JP,JP,FOUND,PRINT,47.12
8866,JP,JP,LIQUE,GASWO,47.07
13116,JP,JP,PRINT,SEACO,46.97
3151,JP,JP,CROPS,PIGS9,46.94
9096,JP,JP,MACHI,FOODW,46.90
5085,JP,JP,ELEC8,NONME,46.90
8439,JP,JP,LANDT,CATTL,46.87
3518,JP,JP,DISTR,COKE1,46.86
6985,JP,JP,GASDI,FOODW,46.81
17968,JP,JP,WOODW,ALUM1,46.79
3197,JP,JP,CROPS,WOODW,46.76
14971,JP,JP,RUBBE,NONF1,46.70
4654,JP,JP,ELEC4,WOODW,46.61
17641,JP,JP,WHOLE,LUBRI,46.55
3022,JP,JP,COPP1,PRINT,46.47
8660,JP,JP,LEAD1,RADIO,46.36
1530,JP,JP,BUSIN,TEXT1,46.29
641,JP,JP,AUXIL,RADIO,46.25
2591,JP,JP,COLLE,RAWMI,46.19
2529,JP,JP,COLLE,GASDI,46.17
11934,JP,JP,PFERT,CEREA,46.11
17332,JP,JP,WEARI,COMPU,46.10
15827,JP,JP,SUGA1,FISH5,46.00
8275,JP,JP,KERO1,INSUR,45.99
16677,JP,JP,TRAN1,PULP5,45.91
7166,JP,JP,GLASS,LANDT,45.88
16574,JP,JP,TRAN1,BEVER,45.86
2488,JP,JP,COLLE,CATTL,45.78
15102,JP,JP,SALEM,INSUR,45.72
4642,JP,JP,ELEC4,TRAN1,45.70
15233,JP,JP,SANDC,GLASS,45.70
4661,JP,JP,ELEC5,BASIC,45.63
5358,JP,JP,FABRI,FOODW,45.57
14137,JP,JP,RECRE,MEMBE,45.54
13960,JP,JP,REALE,FOODW,45.52
71,JP,JP,93197,MACHI,45.49
5206,JP,JP,ELECT,GASDI,45.46
13032,JP,JP,PRINT,FISH5,45.45
8248,JP,JP,KERO1,ELEC2,45.41
185,JP,JP,AIRTR,ELEC2,45.41
13623,JP,JP,RADIO,SECO9,45.39
5680,JP,JP,FISH5,MEATP,45.26
14930,JP,JP,RUBBE,FISHF,45.24
5416,JP,JP,FABRI,PREC1,45.23
16670,JP,JP,TRAN1,POSTT,45.21
8540,JP,JP,LANDT,PULP5,45.18
17375,JP,JP,WEARI,LANDT,45.09
6200,JP,JP,FOOD4,REALE,44.98
3060,JP,JP,CROPS,BEVER,44.87
15421,JP,JP,SEACO,SALEM,44.81
9991,JP,JP,MOTO1,PLAS1,44.77
6299,JP,JP,FOOD5,LIQUE,44.76
18072,JP,JP,WOODW,PUBLI,44.75
4063,JP,JP,ELEC1,BEVER,44.74
2566,JP,JP,COLLE,OFFIC,44.73
18065,JP,JP,WOODW,PLAST,44.70
6739,JP,JP,FOUND,PAPER,44.68
16976,JP,JP,VEGE1,GASDI,44.62
4898,JP,JP,ELEC6,PUBLI,44.57
5281,JP,JP,ELECT,SECO9,44.54
1904,JP,JP,CEREA,FOOD5,44.54
2283,JP,JP,COKE1,BLAST,44.54
12509,JP,JP,PLAST,FABRI,44.48
8711,JP,JP,LEATH,EDUCA,44.42
9317,JP,JP,MEAT4,FURNI,44.42
3052,JP,JP,COPP1,WOODW,44.42
3947,JP,JP,ELE12,FABRI,44.41
16754,JP,JP,TRAN2,HEAVY,44.40
8463,JP,JP,LANDT,ELEC3,44.36
11742,JP,JP,PAPER,LIQUE,44.35
9891,JP,JP,MOTO1,BEVER,44.35
8373,JP,JP,KEROS,COLLE,44.34
12126,JP,JP,PIGS9,RETA1,44.33
10800,JP,JP,NONME,RUBBE,44.33
5353,JP,JP,FABRI,FISHF,44.33
13025,JP,JP,PRINT,ELEC4,44.30
6819,JP,JP,FURNI,ELEC1,44.29
5850,JP,JP,FISHF,SEACO,44.27
17740,JP,JP,WOOD1,CONST,44.22
13058,JP,JP,PRINT,LIQUE,44.19
16033,JP,JP,SUPPO,HEAVY,44.17
1408,JP,JP,BUSIN,CEMEN,44.15
2036,JP,JP,CHEM1,LUBRI,44.15
4208,JP,JP,ELEC2,93197,44.13
16834,JP,JP,TRANS,FISHF,44.06
616,JP,JP,AUXIL,NONME,44.05
1617,JP,JP,CATTL,PLAST,44.03
7563,JP,JP,HOTEL,COLLE,43.97
7440,JP,JP,HEAVY,FOODW,43.95
2070,JP,JP,CHEM1,PLAST,43.94
10567,JP,JP,NONF1,MOTOR,43.93
9939,JP,JP,MOTO1,FOUND,43.90
2067,JP,JP,CHEM1,PIGS9,43.83
5150,JP,JP,ELECT,93197,43.77
14690,JP,JP,RETA1,OILSE,43.72
2667,JP,JP,COMPU,ELEC4,43.67
14340,JP,JP,RENTI,GASDI,43.62
7030,JP,JP,GASDI,PAPER,43.57
13376,JP,JP,PUBLI,WHOLE,43.54
16408,JP,JP,TEXTI,FISHF,43.54
17396,JP,JP,WEARI,NONME,43.51
16899,JP,JP,TRANS,SALEM,43.51
9912,JP,JP,MOTO1,COPP1,43.50
8623,JP,JP,LEAD1,FURNI,43.44
6266,JP,JP,FOOD5,ELEC2,43.40
2811,JP,JP,CONST,CROPS,43.36
12742,JP,JP,POSTT,VEGET,43.36
79,JP,JP,93197,MOTO1,43.34
1738,JP,JP,CEMEN,REALE,43.34
6834,JP,JP,FURNI,FOOD5,43.34
8915,JP,JP,LIQUE,RADIO,43.30
1464,JP,JP,BUSIN,LEATH,43.18
535,JP,JP,AUXIL,BEVER,43.16
1746,JP,JP,CEMEN,SANDC,43.11
1490,JP,JP,BUSIN,PADDY,43.07
4264,JP,JP,ELEC2,GASWO,42.97
15524,JP,JP,SECO9,PAPE1,42.93
7352,JP,JP,HEALT,PULP5,42.93
4621,JP,JP,ELEC4,RECRE,42.89
8871,JP,JP,LIQUE,INSUR,42.88
13017,JP,JP,PRINT,DIST1,42.86
1983,JP,JP,CHEM1,COALT,42.81
2154,JP,JP,CHEMI,FISHF,42.81
7028,JP,JP,GASDI,PAPE1,42.81
794,JP,JP,BASIC,PREC1,42.80
11006,JP,JP,OILHA,CONST,42.75
10125,JP,JP,MOTOR,PADDY,42.75
7183,JP,JP,GLASS,NONME,42.74
6287,JP,JP,FOOD5,GLASS,42.72
7960,JP,JP,INSUR,FURNI,42.71
4613,JP,JP,ELEC4,PRINT,42.57
5220,JP,JP,ELECT,LEAD1,42.55
2682,JP,JP,COMPU,FOUND,42.52
13725,JP,JP,RAILW,MOTOR,42.51
10046,JP,JP,MOTOR,AUXIL,42.42
5352,JP,JP,FABRI,FISH5,42.37
17699,JP,JP,WHOLE,TEXT1,42.37
407,JP,JP,ALUM1,RENTI,42.35
17428,JP,JP,WEARI,RENTI,42.34
1063,JP,JP,BITU1,CONST,42.30
13066,JP,JP,PRINT,MEDIC,42.29
13338,JP,JP,PUBLI,POSTT,42.29
7303,JP,JP,HEALT,INTER,42.27
17590,JP,JP,WHOLE,COALT,42.24
4522,JP,JP,ELEC4,CEMEN,42.22
10697,JP,JP,NONME,BRICK,42.12
4191,JP,JP,ELEC1,TEXTI,42.11
10369,JP,JP,NATUR,REALE,42.11
16659,JP,JP,TRAN1,PADDY,42.07
8775,JP,JP,LEATH,POSTT,42.05
17661,JP,JP,WHOLE,OILHA,42.02
13528,JP,JP,RADIO,CROPS,41.97
5578,JP,JP,FINAN,PULP5,41.88
4586,JP,JP,ELEC4,MOTOR,41.86
15344,JP,JP,SEACO,FISHF,41.80
15493,JP,JP,SECO9,GLASS,41.72
9677,JP,JP,MEDIC,MEDIC,41.71
10523,JP,JP,NONF1,ELE12,41.69
531,JP,JP,AUXIL,ALUM1,41.69
5185,JP,JP,ELECT,ELE12,41.68
560,JP,JP,AUXIL,EDUCA,41.66
570,JP,JP,AUXIL,ELECT,41.61
9319,JP,JP,MEAT4,HEALT,41.54
5447,JP,JP,FABRI,TRAN1,41.54
802,JP,JP,BASIC,REALE,41.46
5710,JP,JP,FISH5,REALE,41.42
4556,JP,JP,ELEC4,FOOD5,41.41
2033,JP,JP,CHEM1,LEAD1,41.41
14356,JP,JP,RENTI,LIQUE,41.35
4335,JP,JP,ELEC2,SALEM,41.24
13014,JP,JP,PRINT,CROPS,41.23
15560,JP,JP,SECO9,WOODW,41.23
5910,JP,JP,FOOD2,FOODW,41.23
7592,JP,JP,HOTEL,FORES,41.23
15042,JP,JP,SALEM,AUXIL,41.17
7388,JP,JP,HEALT,WOOD1,41.17
17598,JP,JP,WHOLE,DAIRY,41.13
5359,JP,JP,FABRI,FORES,41.11
4310,JP,JP,ELEC2,PFERT,41.04
3480,JP,JP,DIST1,TEXTI,41.01
2516,JP,JP,COLLE,ELECT,40.95
1085,JP,JP,BITU1,GASDI,40.86
13779,JP,JP,RAILW,TEXTI,40.82
873,JP,JP,BEVER,FOOD5,40.80
2709,JP,JP,COMPU,MEMBE,40.79
3924,JP,JP,ELE12,CHEM1,40.78
2022,JP,JP,CHEM1,HEALT,40.78
2626,JP,JP,COLLE,WOODW,40.78
14726,JP,JP,RETA1,SECO9,40.75
552,JP,JP,AUXIL,COLLE,40.71
15836,JP,JP,SUGA1,HEALT,40.69
11499,JP,JP,PAPE1,PAPER,40.67
3640,JP,JP,DISTR,VEGET,40.65
6466,JP,JP,FOODW,PAPER,40.65
17832,JP,JP,WOOD1,RETA1,40.62
15118,JP,JP,SALEM,MEDIC,40.61
6306,JP,JP,FOOD5,MEATP,40.60
12695,JP,JP,POSTT,PAPE1,40.60
14547,JP,JP,RESEA,POSTT,40.59
16979,JP,JP,VEGE1,HEALT,40.57
5943,JP,JP,FOOD2,PAPE1,40.56
14705,JP,JP,RETA1,PREC1,40.54
2616,JP,JP,COLLE,TRANS,40.51
14736,JP,JP,RETA1,TRAN1,40.51
4124,JP,JP,ELEC1,LEAD1,40.50
5847,JP,JP,FISHF,RUBBE,40.47
10087,JP,JP,MOTOR,FURNI,40.47
15489,JP,JP,SECO9,FOUND,40.45
13694,JP,JP,RAILW,FOOD5,40.43
9711,JP,JP,MEDIC,REALE,40.32
16620,JP,JP,TRAN1,GASDI,40.29
5051,JP,JP,ELEC8,GASDI,40.27
2684,JP,JP,COMPU,GASDI,40.27
12655,JP,JP,POSTT,GLASS,40.23
6930,JP,JP,FURNI,WEARI,40.23
12643,JP,JP,POSTT,FISH5,40.19
7978,JP,JP,INSUR,MACHI,40.19
2525,JP,JP,COLLE,FOODW,40.15
14262,JP,JP,REFIN,GASDI,40.11
111,JP,JP,93197,RADIO,40.06
825,JP,JP,BASIC,VEGET,40.05
306,JP,JP,ALUM1,BEVER,40.04
2922,JP,JP,CONST,TEXTI,40.01
10505,JP,JP,NONF1,CERAM,39.85
1888,JP,JP,CEREA,CATTL,39.85
11943,JP,JP,PFERT,COPP1,39.80
12635,JP,JP,POSTT,ELEC3,39.79
8267,JP,JP,KERO1,GASDI,39.79
7541,JP,JP,HOTEL,ALUM1,39.78
13568,JP,JP,RADIO,LEATH,39.77
6625,JP,JP,FORES,PRINT,39.75
2925,JP,JP,CONST,TRAN2,39.75
4168,JP,JP,ELEC1,PULP5,39.73
13131,JP,JP,PRINT,VEGET,39.66
15146,JP,JP,SALEM,POULT,39.65
17656,JP,JP,WHOLE,NONFE,39.62
13946,JP,JP,REALE,ELEC3,39.60
8440,JP,JP,LANDT,CEMEN,39.60
1407,JP,JP,BUSIN,CATTL,39.59
13038,JP,JP,PRINT,FOODW,39.56
2630,JP,JP,COMPU,ALUM1,39.56
3659,JP,JP,EDUCA,BUSIN,39.54
13084,JP,JP,PRINT,PAPE1,39.49
14716,JP,JP,RETA1,REFI1,39.47
14049,JP,JP,REALE,TRAN1,39.45
1773,JP,JP,CERAM,BUSIN,39.38
8780,JP,JP,LEATH,PUBLI,39.36
13553,JP,JP,RADIO,FOUND,39.34
11098,JP,JP,OILHA,RETA1,39.23
2655,JP,JP,COMPU,COPP1,39.22
5275,JP,JP,ELECT,RETA1,39.21
4448,JP,JP,ELEC3,OFFIC,39.18
9641,JP,JP,MEDIC,FABRI,39.12
6397,JP,JP,FOODW,COMPU,39.05
14947,JP,JP,RUBBE,INSUR,39.04
11427,JP,JP,PAPE1,COMPU,39.03
3497,JP,JP,DISTR,AIRTR,39.02
4353,JP,JP,ELEC2,VEGET,38.88
4026,JP,JP,ELE12,RETA1,38.69
6640,JP,JP,FORES,RUBBE,38.66
4100,JP,JP,ELEC1,FINAN,38.65
15991,JP,JP,SUPPO,CERAM,38.62
16888,JP,JP,TRANS,RAILW,38.58
9756,JP,JP,MEMBE,BUSIN,38.57
13723,JP,JP,RAILW,MEMBE,38.52
8154,JP,JP,INTER,PUBLI,38.51
2296,JP,JP,COKE1,CONST,38.49
8215,JP,JP,KERO1,93197,38.38
125,JP,JP,93197,SEACO,38.37
13349,JP,JP,PUBLI,RECRE,38.33
2571,JP,JP,COLLE,PAPE1,38.30
2364,JP,JP,COKE1,RADIO,38.29
17049,JP,JP,VEGE1,VEGE1,38.27
2503,JP,JP,COLLE,DAIRY,38.22
14539,JP,JP,RESEA,PAPER,38.21
14831,JP,JP,RETAI,OFFIC,38.15
4032,JP,JP,ELE12,SECO9,38.12
17665,JP,JP,WHOLE,PAPE4,38.05
14899,JP,JP,RUBBE,CERAM,38.04
2542,JP,JP,COLLE,LANDT,38.04
1289,JP,JP,BLAST,PUBLI,38.01
7581,JP,JP,HOTEL,ELEC8,38.00
5787,JP,JP,FISHF,FURNI,37.98
14337,JP,JP,RENTI,FORES,37.95
11800,JP,JP,PAPER,SEACO,37.94
16145,JP,JP,TEXT1,CONST,37.93
15464,JP,JP,SECO9,CONST,37.91
5377,JP,JP,FABRI,LEATH,37.90
15135,JP,JP,SALEM,PAPE1,37.89
12649,JP,JP,POSTT,FOODW,37.81
12744,JP,JP,POSTT,WEARI,37.77
16457,JP,JP,TEXTI,PFERT,37.68
4413,JP,JP,ELEC3,FURNI,37.68
1524,JP,JP,BUSIN,SECO9,37.67
3962,JP,JP,ELE12,HEALT,37.66
7268,JP,JP,HEALT,COPP1,37.64
7415,JP,JP,HEAVY,COLLE,37.56
14330,JP,JP,RENTI,FISH5,37.54
12539,JP,JP,PLAST,MEDIC,37.53
15091,JP,JP,SALEM,FORES,37.51
17308,JP,JP,WEARI,AIRTR,37.48
3597,JP,JP,DISTR,PFERT,37.46
4470,JP,JP,ELEC3,RADIO,37.43
6685,JP,JP,FOUND,CROPS,37.41
919,JP,JP,BEVER,PUBLI,37.41
4386,JP,JP,ELEC3,CONST,37.36
14694,JP,JP,RETA1,PAPE4,37.31
6873,JP,JP,FURNI,NONME,37.27
924,JP,JP,BEVER,REALE,37.26
558,JP,JP,AUXIL,DIST1,37.26
2027,JP,JP,CHEM1,INSUR,37.22
11670,JP,JP,PAPER,AIRTR,37.17
14772,JP,JP,RETAI,COMPU,37.16
16582,JP,JP,TRAN1,CERAM,37.15
12129,JP,JP,PIGS9,SALEM,37.15
6536,JP,JP,FORES,CHEM1,37.05
13686,JP,JP,RAILW,ELECT,37.01
4637,JP,JP,ELEC4,SUPPO,36.99
274,JP,JP,AIRTR,RUBBE,36.93
9712,JP,JP,MEDIC,RECRE,36.91
15014,JP,JP,RUBBE,SECO9,36.91
7914,JP,JP,INSUR,AUXIL,36.89
4593,JP,JP,ELEC4,NONME,36.83
7325,JP,JP,HEALT,NONF1,36.83
15324,JP,JP,SEACO,COMPU,36.76
3109,JP,JP,CROPS,HEALT,36.76
2955,JP,JP,COPP1,CHEM1,36.74
5024,JP,JP,ELEC8,COPP1,36.73
8492,JP,JP,LANDT,KERO1,36.70
15975,JP,JP,SUPPO,93197,36.68
12648,JP,JP,POSTT,FOOD5,36.67
5530,JP,JP,FINAN,KERO1,36.61
6753,JP,JP,FOUND,RAILW,36.60
3306,JP,JP,DAIRY,PLAST,36.55
12239,JP,JP,PLAS1,CONST,36.54
16621,JP,JP,TRAN1,GLASS,36.53
10034,JP,JP,MOTO1,WEARI,36.49
14771,JP,JP,RETAI,COLLE,36.47
17691,JP,JP,WHOLE,RETAI,36.47
5478,JP,JP,FINAN,CEMEN,36.46
8109,JP,JP,INTER,HEALT,36.45
2990,JP,JP,COPP1,HOTEL,36.41
17354,JP,JP,WEARI,FISHF,36.41
9652,JP,JP,MEDIC,FURNI,36.34
14998,JP,JP,RUBBE,PULP5,36.33
8262,JP,JP,KERO1,FOOD5,36.32
2603,JP,JP,COLLE,SEACO,36.31
15565,JP,JP,STEAM,BASIC,36.31
7483,JP,JP,HEAVY,PAPE1,36.28
15121,JP,JP,SALEM,MOTOR,36.24
9031,JP,JP,LUBRI,SALEM,36.23
9941,JP,JP,MOTO1,GASDI,36.21
7593,JP,JP,HOTEL,FOUND,36.17
3434,JP,JP,DIST1,NONF1,36.12
10813,JP,JP,NONME,TRANS,36.11
10196,JP,JP,NAPHT,COKE1,36.06
15326,JP,JP,SEACO,COPP1,36.05
704,JP,JP,BASIC,CERAM,36.05
14365,JP,JP,RENTI,MEMBE,36.00
3668,JP,JP,EDUCA,COMPU,35.94
3494,JP,JP,DIST1,WOODW,35.87
10957,JP,JP,OFFIC,PLAST,35.76
14326,JP,JP,RENTI,ELEC8,35.73
635,JP,JP,AUXIL,PREC1,35.71
6554,JP,JP,FORES,ELEC2,35.65
14322,JP,JP,RENTI,ELEC3,35.64
10717,JP,JP,NONME,DISTR,35.63
14861,JP,JP,RETAI,SANDC,35.63
530,JP,JP,AUXIL,AIRTR,35.61
4393,JP,JP,ELEC3,EDUCA,35.58
17450,JP,JP,WEARI,VEGET,35.51
2866,JP,JP,CONST,MOTOR,35.50
11462,JP,JP,PAPE1,HOTEL,35.49
529,JP,JP,AUXIL,93197,35.49
16052,JP,JP,SUPPO,MEDIC,35.48
931,JP,JP,BEVER,SALEM,35.47
2590,JP,JP,COLLE,RAILW,35.44
798,JP,JP,BASIC,PULP5,35.42
7488,JP,JP,HEAVY,PFERT,35.41
36,JP,JP,93197,ELEC2,35.40
1058,JP,JP,BITU1,CHEM1,35.39
11701,JP,JP,PAPER,DISTR,35.36
6979,JP,JP,GASDI,FISH5,35.31
5639,JP,JP,FISH5,CONST,35.30
5341,JP,JP,FABRI,ELE12,35.28
5197,JP,JP,ELECT,FISHF,35.27
9924,JP,JP,MOTO1,ELEC4,35.25
15627,JP,JP,STEAM,MACHI,35.21
3105,JP,JP,CROPS,FURNI,35.21
12644,JP,JP,POSTT,FISHF,35.19
4253,JP,JP,ELEC2,FISH5,35.18
4001,JP,JP,ELE12,PAPER,35.13
6962,JP,JP,GASDI,COPP1,35.06
4028,JP,JP,ELE12,RUBBE,35.06
11497,JP,JP,PAPE1,PAPE1,34.99
8489,JP,JP,LANDT,INSUR,34.98
7768,JP,JP,INERT,PAPE1,34.96
6432,JP,JP,FOODW,HOTEL,34.94
16968,JP,JP,VEGE1,FISH5,34.90
4384,JP,JP,ELEC3,COLLE,34.89
11717,JP,JP,PAPER,FISHF,34.87
13996,JP,JP,REALE,NONF1,34.87
13787,JP,JP,RAILW,WEARI,34.87
16237,JP,JP,TEXT1,RETA1,34.86
1508,JP,JP,BUSIN,PULP5,34.84
16691,JP,JP,TRAN1,SANDC,34.79
4877,JP,JP,ELEC6,OFFIC,34.74
10177,JP,JP,MOTOR,WHOLE,34.71
8566,JP,JP,LANDT,TRAN1,34.71
15487,JP,JP,SECO9,FOODW,34.68
246,JP,JP,AIRTR,PAPER,34.66
14095,JP,JP,RECRE,ELEC2,34.62
12595,JP,JP,PLAST,WOODW,34.60
15090,JP,JP,SALEM,FOODW,34.58
10966,JP,JP,OFFIC,RENTI,34.57
5010,JP,JP,ELEC8,BUSIN,34.56
13337,JP,JP,PUBLI,PLAST,34.51
17645,JP,JP,WHOLE,MEATA,34.49
8493,JP,JP,LANDT,KEROS,34.39
11453,JP,JP,PAPE1,FOODW,34.35
5531,JP,JP,FINAN,KEROS,34.34
6789,JP,JP,FURNI,BEVER,34.28
16455,JP,JP,TEXTI,PAPE4,34.25
12546,JP,JP,PLAST,NONME,34.24
5028,JP,JP,ELEC8,DIST1,34.23
3321,JP,JP,DAIRY,RETA1,34.21
6637,JP,JP,FORES,RESEA,34.20
4150,JP,JP,ELEC1,PADDY,34.20
13241,JP,JP,PROCE,WHOLE,34.17
7578,JP,JP,HOTEL,ELEC4,34.13
17997,JP,JP,WOODW,EDUCA,34.13
5421,JP,JP,FABRI,PULP5,34.13
7510,JP,JP,HEAVY,RETA1,34.03
8756,JP,JP,LEATH,MOTO1,34.02
10040,JP,JP,MOTO1,WOODW,33.99
14855,JP,JP,RETAI,RENTI,33.95
3054,JP,JP,CROPS,93197,33.93
4900,JP,JP,ELEC6,RADIO,33.93
153,JP,JP,AIRTR,AUXIL,33.92
1297,JP,JP,BLAST,RETA1,33.92
4814,JP,JP,ELEC6,CONST,33.88
4841,JP,JP,ELEC6,FURNI,33.86
7305,JP,JP,HEALT,KERO1,33.81
17525,JP,JP,WHEAT,WHEAT,33.79
2612,JP,JP,COLLE,TEXTI,33.78
3540,JP,JP,DISTR,FISH5,33.77
18,JP,JP,93197,CHEM1,33.77
14504,JP,JP,RESEA,INSUR,33.75
2084,JP,JP,CHEM1,REFI1,33.70
8140,JP,JP,INTER,PAPE1,33.69
15332,JP,JP,SEACO,EDUCA,33.69
14574,JP,JP,RESEA,SUPPO,33.62
13943,JP,JP,REALE,ELE12,33.61
3755,JP,JP,EDUCA,RETA1,33.61
14629,JP,JP,RETA1,ELE12,33.61
7089,JP,JP,GASWO,COKE1,33.61
290,JP,JP,AIRTR,TRANS,33.60
703,JP,JP,BASIC,CEMEN,33.59
4548,JP,JP,ELEC4,ELECT,33.59
15356,JP,JP,SEACO,HEAVY,33.57
12331,JP,JP,PLAS1,RETA1,33.56
8244,JP,JP,KERO1,EDUCA,33.56
6617,JP,JP,FORES,PFERT,33.52
2799,JP,JP,CONST,CERAM,33.50
1458,JP,JP,BUSIN,INTER,33.48
17709,JP,JP,WHOLE,WASTE,33.45
1976,JP,JP,CHEM1,CATTL,33.44
14021,JP,JP,REALE,PROCE,33.36
6486,JP,JP,FOODW,RECRE,33.34
11519,JP,JP,PAPE1,RECRE,33.32
4112,JP,JP,ELEC1,GLASS,33.30
13938,JP,JP,REALE,DAIRY,33.27
12694,JP,JP,POSTT,PADDY,33.27
17723,JP,JP,WOOD1,BASIC,33.23
4438,JP,JP,ELEC3,MOTO1,33.22
7735,JP,JP,INERT,FOODW,33.21
14789,JP,JP,RETAI,FABRI,33.20
17424,JP,JP,WEARI,REALE,33.19
7309,JP,JP,HEALT,LEATH,33.18
12599,JP,JP,POSTT,ALUM1,33.14
10545,JP,JP,NONF1,GASDI,33.11
5000,JP,JP,ELEC8,ALUM1,33.10
4072,JP,JP,ELEC1,CERAM,33.02
7256,JP,JP,HEALT,CEMEN,33.02
8026,JP,JP,INSUR,RESEA,32.98
15585,JP,JP,STEAM,CONST,32.96
14138,JP,JP,RECRE,MOTO1,32.95
15025,JP,JP,RUBBE,TRAN2,32.94
7234,JP,JP,GLASS,WHOLE,32.94
15999,JP,JP,SUPPO,COLLE,32.94
16568,JP,JP,TRAN1,93197,32.90
66,JP,JP,93197,LANDT,32.90
10434,JP,JP,NFERT,FORES,32.90
16073,JP,JP,SUPPO,PFERT,32.87
16404,JP,JP,TEXTI,ELECT,32.86
7137,JP,JP,GLASS,EDUCA,32.86
4481,JP,JP,ELEC3,RUBBE,32.84
7048,JP,JP,GASDI,RAWMI,32.83
44,JP,JP,93197,FINAN,32.80
9889,JP,JP,MOTO1,AUXIL,32.79
4020,JP,JP,ELE12,REALE,32.78
2321,JP,JP,COKE1,GASWO,32.70
17365,JP,JP,WEARI,GLASS,32.70
4271,JP,JP,ELEC2,INSUR,32.64
5022,JP,JP,ELEC8,COMPU,32.62
8567,JP,JP,LANDT,TRAN2,32.62
3561,JP,JP,DISTR,KERO1,32.60
5181,JP,JP,ELECT,DIST1,32.54
2519,JP,JP,COLLE,FISH5,32.49
148,JP,JP,93197,WOODW,32.48
16100,JP,JP,SUPPO,STEAM,32.45
14742,JP,JP,RETA1,WASTE,32.42
11421,JP,JP,PAPE1,CHEM1,32.35
123,JP,JP,93197,SALEM,32.34
8010,JP,JP,INSUR,POSTT,32.34
8534,JP,JP,LANDT,POULT,32.29
14520,JP,JP,RESEA,MEDIC,32.28
14747,JP,JP,RETA1,WOOD1,32.27
10989,JP,JP,OILHA,BASIC,32.27
14472,JP,JP,RESEA,DISTR,32.22
13699,JP,JP,RAILW,GASDI,32.21
4746,JP,JP,ELEC5,PLAST,32.21
2561,JP,JP,COLLE,NONF1,32.19
9900,JP,JP,MOTO1,CEMEN,32.17
6841,JP,JP,FURNI,GLASS,32.14
559,JP,JP,AUXIL,DISTR,32.13
15077,JP,JP,SALEM,ELEC4,32.11
6763,JP,JP,FOUND,SECO9,31.98
8102,JP,JP,INTER,FOODW,31.98
8880,JP,JP,LIQUE,MACHI,31.97
7306,JP,JP,HEALT,KEROS,31.96
1229,JP,JP,BLAST,EDUCA,31.94
7920,JP,JP,INSUR,BUSIN,31.92
14300,JP,JP,RENTI,CERAM,31.91
9072,JP,JP,MACHI,CROPS,31.84
15340,JP,JP,SEACO,ELECT,31.82
199,JP,JP,AIRTR,FOOD5,31.78
7046,JP,JP,GASDI,RADIO,31.72
2795,JP,JP,CONST,BRICK,31.72
1071,JP,JP,BITU1,ELEC1,31.68
1434,JP,JP,BUSIN,ELEC6,31.67
13040,JP,JP,PRINT,FOUND,31.66
14943,JP,JP,RUBBE,HEAVY,31.58
12831,JP,JP,POULT,PUBLI,31.56
6273,JP,JP,FOOD5,FABRI,31.52
5336,JP,JP,FABRI,DAIRY,31.50
4561,JP,JP,ELEC4,GASDI,31.48
4114,JP,JP,ELEC1,HEAVY,31.42
4478,JP,JP,ELEC3,RESEA,31.39
10172,JP,JP,MOTOR,VEGET,31.38
8009,JP,JP,INSUR,PLAST,31.38
5567,JP,JP,FINAN,PIGS9,31.37
14689,JP,JP,RETA1,OILHA,31.28
4238,JP,JP,ELEC2,DAIRY,31.24
9881,JP,JP,MEMBE,WHOLE,31.22
8414,JP,JP,KEROS,RUBBE,31.21
14078,JP,JP,RECRE,CHEM1,31.18
6423,JP,JP,FOODW,FOODW,31.12
11759,JP,JP,PAPER,NONFE,31.12
7966,JP,JP,INSUR,HOTEL,31.11
4274,JP,JP,ELEC2,KERO1,31.10
2582,JP,JP,COLLE,POULT,31.09
17615,JP,JP,WHOLE,FISH5,31.01
13729,JP,JP,RAILW,NONF1,30.97
14311,JP,JP,RENTI,COPP1,30.94
8570,JP,JP,LANDT,VEGE1,30.91
2341,JP,JP,COKE1,MOTO1,30.89
8327,JP,JP,KERO1,REALE,30.89
5378,JP,JP,FABRI,LIQUE,30.85
14564,JP,JP,RESEA,RETA1,30.83
6900,JP,JP,FURNI,RAILW,30.83
6298,JP,JP,FOOD5,LEATH,30.83
6689,JP,JP,FOUND,EDUCA,30.82
6464,JP,JP,FOODW,PAPE1,30.80
5112,JP,JP,ELEC8,RAILW,30.80
859,JP,JP,BEVER,ELE12,30.77
10084,JP,JP,MOTOR,FOODW,30.71
2680,JP,JP,COMPU,FOODW,30.70
17698,JP,JP,WHOLE,SUPPO,30.70
3562,JP,JP,DISTR,KEROS,30.57
11310,JP,JP,PADDY,CHEM1,30.56
6590,JP,JP,FORES,MACHI,30.47
15591,JP,JP,STEAM,EDUCA,30.47
2726,JP,JP,COMPU,PAPE1,30.42
9190,JP,JP,MACHI,WEARI,30.37
3415,JP,JP,DIST1,LANDT,30.29
15413,JP,JP,SEACO,RECRE,30.28
8817,JP,JP,LIQUE,BASIC,30.16
6799,JP,JP,FURNI,CERAM,30.09
4867,JP,JP,ELEC6,MOTO1,30.09
10489,JP,JP,NFERT,VEGET,30.08
14397,JP,JP,RENTI,PROCE,30.07
7398,JP,JP,HEAVY,BEVER,30.06
2767,JP,JP,COMPU,TEXTI,30.04
8075,JP,JP,INTER,COLLE,30.03
2323,JP,JP,COKE1,HEALT,30.02
3317,JP,JP,DAIRY,REALE,30.00
16003,JP,JP,SUPPO,CROPS,29.97
17617,JP,JP,WHOLE,FOOD2,29.92
8247,JP,JP,KERO1,ELEC1,29.90
10587,JP,JP,NONF1,PLAST,29.89
8698,JP,JP,LEATH,CHEM1,29.87
16101,JP,JP,SUPPO,STONE,29.86
8441,JP,JP,LANDT,CERAM,29.85
10795,JP,JP,NONME,RECRE,29.81
5415,JP,JP,FABRI,POULT,29.80
15516,JP,JP,SECO9,NONME,29.76
11944,JP,JP,PFERT,CROPS,29.74
5180,JP,JP,ELECT,DAIRY,29.69
17386,JP,JP,WEARI,MEDIC,29.69
9700,JP,JP,MEDIC,POSTT,29.68
6302,JP,JP,FOOD5,MEAT1,29.67
8509,JP,JP,LANDT,NAPHT,29.66
15013,JP,JP,RUBBE,SEACO,29.64
4911,JP,JP,ELEC6,RUBBE,29.64
17619,JP,JP,WHOLE,FOOD4,29.63
17992,JP,JP,WOODW,COPP1,29.59
14444,JP,JP,RESEA,AUXIL,29.53
1729,JP,JP,CEMEN,POSTT,29.45
5231,JP,JP,ELECT,MEMBE,29.44
8336,JP,JP,KERO1,SALEM,29.41
5737,JP,JP,FISH5,WHOLE,29.38
10736,JP,JP,NONME,FOOD5,29.36
12015,JP,JP,PFERT,RECRE,29.35
8460,JP,JP,LANDT,ELE12,29.33
18031,JP,JP,WOODW,LEATH,29.31
11741,JP,JP,PAPER,LEATH,29.31
4828,JP,JP,ELEC6,ELEC6,29.26
702,JP,JP,BASIC,CATTL,29.24
606,JP,JP,AUXIL,MEATP,29.21
5547,JP,JP,FINAN,NAPHT,29.18
2666,JP,JP,COMPU,ELEC3,29.17
4275,JP,JP,ELEC2,KEROS,29.17
11350,JP,JP,PADDY,MACHI,29.14
3123,JP,JP,CROPS,MACHI,29.12
10815,JP,JP,NONME,VEGET,29.11
8827,JP,JP,LIQUE,CERAM,29.03
1788,JP,JP,CERAM,DIST1,29.01
10710,JP,JP,NONME,COMPU,29.01
13748,JP,JP,RAILW,POSTT,28.98
13039,JP,JP,PRINT,FORES,28.95
14635,JP,JP,RETA1,ELEC6,28.92
2618,JP,JP,COLLE,VEGET,28.92
17668,JP,JP,WHOLE,PETRO,28.92
11775,JP,JP,PAPER,PLAS1,28.90
12639,JP,JP,POSTT,ELEC8,28.90
6657,JP,JP,FORES,VEGET,28.89
3526,JP,JP,DISTR,DAIRY,28.89
11388,JP,JP,PADDY,RUBBE,28.89
4015,JP,JP,ELE12,PUBLI,28.88
3477,JP,JP,DIST1,SUPPO,28.85
4534,JP,JP,ELEC4,COPP1,28.85
13002,JP,JP,PRINT,CERAM,28.82
16498,JP,JP,TEXTI,WASTE,28.81
3279,JP,JP,DAIRY,LIQUE,28.78
10155,JP,JP,MOTOR,RUBBE,28.77
1741,JP,JP,CEMEN,RENTI,28.76
6922,JP,JP,FURNI,TEXTI,28.76
396,JP,JP,ALUM1,PREC1,28.76
5138,JP,JP,ELEC8,TRANS,28.75
7432,JP,JP,HEAVY,FABRI,28.73
2871,JP,JP,CONST,NONF1,28.72
8599,JP,JP,LEAD1,CONST,28.70
15181,JP,JP,SALEM,VEGET,28.67
4181,JP,JP,ELEC1,SANDC,28.67
14806,JP,JP,RETAI,HOTEL,28.66
7366,JP,JP,HEALT,SANDC,28.65
14645,JP,JP,RETA1,FOOD4,28.64
8266,JP,JP,KERO1,FURNI,28.63
8998,JP,JP,LUBRI,MOTOR,28.63
14121,JP,JP,RECRE,INSUR,28.60
8791,JP,JP,LEATH,RUBBE,28.57
10615,JP,JP,NONF1,TEXTI,28.56
2745,JP,JP,COMPU,RAILW,28.55
8634,JP,JP,LEAD1,MACHI,28.54
7201,JP,JP,GLASS,PRINT,28.54
1511,JP,JP,BUSIN,RAWMI,28.54
16701,JP,JP,TRAN1,TEXTI,28.53
14181,JP,JP,RECRE,SALEM,28.52
16037,JP,JP,SUPPO,INSUR,28.51
5166,JP,JP,ELECT,CERAM,28.48
2044,JP,JP,CHEM1,MEMBE,28.47
740,JP,JP,BASIC,FOODW,28.47
14299,JP,JP,RENTI,CEMEN,28.46
757,JP,JP,BASIC,LEATH,28.46
393,JP,JP,ALUM1,PLAST,28.45
16128,JP,JP,TEXT1,BASIC,28.42
7931,JP,JP,INSUR,COMPU,28.39
1364,JP,JP,BRICK,NONME,28.37
4908,JP,JP,ELEC6,RESEA,28.35
9848,JP,JP,MEMBE,PUBLI,28.33
4402,JP,JP,ELEC3,FABRI,28.32
7322,JP,JP,HEALT,NAPHT,28.30
3578,JP,JP,DISTR,NAPHT,28.29
7637,JP,JP,HOTEL,PAPE1,28.24
5083,JP,JP,ELEC8,NONF1,28.24
5437,JP,JP,FABRI,SECO9,28.22
3566,JP,JP,DISTR,LIQUE,28.18
2362,JP,JP,COKE1,PUBLI,28.16
15074,JP,JP,SALEM,ELEC1,28.16
2476,JP,JP,COLLE,ALUM1,28.10
7406,JP,JP,HEAVY,CEMEN,28.04
13892,JP,JP,RAWMI,SALEM,28.03
3281,JP,JP,DAIRY,MACHI,28.03
11724,JP,JP,PAPER,FOUND,27.96
14936,JP,JP,RUBBE,FORES,27.96
14919,JP,JP,RUBBE,ELEC1,27.94
353,JP,JP,ALUM1,GLASS,27.93
665,JP,JP,AUXIL,TOBAC,27.92
12613,JP,JP,POSTT,CERAM,27.91
8037,JP,JP,INSUR,SUPPO,27.91
10023,JP,JP,MOTO1,TEXT1,27.89
17814,JP,JP,WOOD1,PLAST,27.86
6474,JP,JP,FOODW,POSTT,27.83
13352,JP,JP,PUBLI,RENTI,27.83
11507,JP,JP,PAPE1,POSTT,27.82
14445,JP,JP,RESEA,BASIC,27.74
275,JP,JP,AIRTR,SALEM,27.73
11964,JP,JP,PFERT,FORES,27.73
4821,JP,JP,ELEC6,EDUCA,27.68
9767,JP,JP,MEMBE,COMPU,27.68
2553,JP,JP,COLLE,MEDIC,27.67
17671,JP,JP,WHOLE,PLAS1,27.64
7020,JP,JP,GASDI,NONF1,27.63
7069,JP,JP,GASDI,TEXTI,27.58
6744,JP,JP,FOUND,PLAST,27.57
10969,JP,JP,OFFIC,RUBBE,27.55
12627,JP,JP,POSTT,DAIRY,27.54
2877,JP,JP,CONST,OILHA,27.52
7350,JP,JP,HEALT,PROCE,27.52
4520,JP,JP,ELEC4,BUSIN,27.51
12222,JP,JP,PLAS1,BASIC,27.48
4259,JP,JP,ELEC2,FOODW,27.48
13263,JP,JP,PUBLI,COMPU,27.46
11808,JP,JP,PAPER,TEXT2,27.45
6407,JP,JP,FOODW,ELEC1,27.43
11437,JP,JP,PAPE1,ELEC1,27.42
13955,JP,JP,REALE,FISHF,27.41
7316,JP,JP,HEALT,MEATC,27.41
12521,JP,JP,PLAST,GLASS,27.38
10126,JP,JP,MOTOR,PAPE1,27.37
8316,JP,JP,KERO1,POSTT,27.33
18020,JP,JP,WOODW,HEALT,27.31
16708,JP,JP,TRAN1,VEGET,27.28
15094,JP,JP,SALEM,GASDI,27.27
4859,JP,JP,ELEC6,MACHI,27.27
14101,JP,JP,RECRE,ELECT,27.26
9829,JP,JP,MEMBE,OFFIC,27.25
15354,JP,JP,SEACO,GLASS,27.23
13648,JP,JP,RAILW,ALUM1,27.21
9966,JP,JP,MOTO1,MEMBE,27.20
7169,JP,JP,GLASS,LIQUE,27.18
13420,JP,JP,PULP5,FOOD2,27.18
2515,JP,JP,COLLE,ELEC8,27.16
11071,JP,JP,OILHA,PAPE1,27.16
783,JP,JP,BASIC,PAPE1,27.15
12726,JP,JP,POSTT,SANDC,27.15
191,JP,JP,AIRTR,ELECT,27.13
5038,JP,JP,ELEC8,ELECT,27.09
1798,JP,JP,CERAM,FABRI,27.07
15610,JP,JP,STEAM,FURNI,27.02
4276,JP,JP,ELEC2,LANDT,27.00
4291,JP,JP,ELEC2,NAPHT,26.99
7133,JP,JP,GLASS,CROPS,26.97
13966,JP,JP,REALE,GLASS,26.93
10038,JP,JP,MOTO1,WOOD1,26.93
3209,JP,JP,CRUDE,MOTOR,26.92
11080,JP,JP,OILHA,PLAST,26.90
4279,JP,JP,ELEC2,LIQUE,26.88
8256,JP,JP,KERO1,FINAN,26.87
4717,JP,JP,ELEC5,MACHI,26.86
10780,JP,JP,NONME,PFERT,26.85
610,JP,JP,AUXIL,MOTOR,26.85
14782,JP,JP,RETAI,ELEC2,26.82
11758,JP,JP,PAPER,NONF1,26.82
2839,JP,JP,CONST,GASDI,26.82
2302,JP,JP,COKE1,EDUCA,26.73
12838,JP,JP,POULT,RETA1,26.71
3612,JP,JP,DISTR,RAWMI,26.65
14432,JP,JP,RENTI,WEARI,26.64
299,JP,JP,AIRTR,WOODW,26.59
11031,JP,JP,OILHA,FOODW,26.55
2686,JP,JP,COMPU,GLASS,26.48
16373,JP,JP,TEXTI,BASIC,26.45
11785,JP,JP,PAPER,PULP5,26.40
8343,JP,JP,KERO1,SUPPO,26.38
12112,JP,JP,PIGS9,PLAST,26.38
5268,JP,JP,ELECT,RAWMI,26.37
11671,JP,JP,PAPER,ALUM1,26.36
2041,JP,JP,CHEM1,MEATC,26.34
11382,JP,JP,PADDY,RAWMI,26.29
12669,JP,JP,POSTT,LIQUE,26.28
4510,JP,JP,ELEC4,ALUM1,26.24
17313,JP,JP,WEARI,BEVER,26.23
1405,JP,JP,BUSIN,BRICK,26.23
2554,JP,JP,COLLE,MEMBE,26.23
3174,JP,JP,CROPS,SALEM,26.22
13527,JP,JP,RADIO,COPP1,26.22
11708,JP,JP,PAPER,ELEC4,26.20
3350,JP,JP,DIST1,ALUM1,26.16
13935,JP,JP,REALE,COPP1,26.14
7192,JP,JP,GLASS,PAPER,26.14
15606,JP,JP,STEAM,FOOD5,26.04
14735,JP,JP,RETA1,TOBAC,26.01
14331,JP,JP,RENTI,FISHF,26.00
5257,JP,JP,ELECT,PLAST,26.00
184,JP,JP,AIRTR,ELEC1,26.00
3747,JP,JP,EDUCA,RADIO,25.98
4418,JP,JP,ELEC3,HOTEL,25.97
13064,JP,JP,PRINT,MEATC,25.90
13489,JP,JP,PULP5,TEXTI,25.90
17653,JP,JP,WHOLE,NATUR,25.90
10111,JP,JP,MOTOR,MEMBE,25.88
7419,JP,JP,HEAVY,CROPS,25.86
2931,JP,JP,CONST,WEARI,25.86
14665,JP,JP,RETA1,LEAD1,25.85
5767,JP,JP,FISHF,EDUCA,25.83
277,JP,JP,AIRTR,SEACO,25.83
1277,JP,JP,BLAST,OFFIC,25.80
8722,JP,JP,LEATH,FABRI,25.80
7257,JP,JP,HEALT,CERAM,25.77
17571,JP,JP,WHOLE,ANIMA,25.75
2824,JP,JP,CONST,ELEC6,25.74
13544,JP,JP,RADIO,FINAN,25.72
3324,JP,JP,DAIRY,SALEM,25.70
10410,JP,JP,NFERT,CHEM1,25.67
6638,JP,JP,FORES,RETA1,25.67
18094,JP,JP,WOODW,SUPPO,25.64
15301,JP,JP,SEACO,ALUM1,25.62
14643,JP,JP,RETA1,FOOD2,25.60
7333,JP,JP,HEALT,OXYGE,25.60
4532,JP,JP,ELEC4,COMPU,25.59
2500,JP,JP,COLLE,COPP1,25.57
10788,JP,JP,NONME,PRINT,25.57
14732,JP,JP,RETA1,TEXT1,25.55
3804,JP,JP,ELE11,DIST1,25.55
10638,JP,JP,NONFE,CHEM1,25.54
17422,JP,JP,WEARI,RAILW,25.50
17331,JP,JP,WEARI,COLLE,25.45
4056,JP,JP,ELEC1,93197,25.44
4325,JP,JP,ELEC2,RAWMI,25.43
433,JP,JP,ALUM1,WOODW,25.42
13768,JP,JP,RAILW,SALEM,25.38
16757,JP,JP,TRAN2,KERO1,25.38
18081,JP,JP,WOODW,RENTI,25.33
14415,JP,JP,RENTI,SECO9,25.33
4305,JP,JP,ELEC2,PAPE1,25.28
7224,JP,JP,GLASS,TEXTI,25.28
16061,JP,JP,SUPPO,NONME,25.25
9922,JP,JP,MOTO1,ELEC2,25.25
6451,JP,JP,FOODW,MOTO1,25.25
11483,JP,JP,PAPE1,MOTO1,25.24
2577,JP,JP,COLLE,PIGS9,25.23
3598,JP,JP,DISTR,PIGS9,25.22
6665,JP,JP,FOUND,ALUM1,25.22
16665,JP,JP,TRAN1,PFERT,25.19
5049,JP,JP,ELEC8,FOUND,25.17
1707,JP,JP,CEMEN,MEMBE,25.16
2372,JP,JP,COKE1,RETA1,25.13
16039,JP,JP,SUPPO,KERO1,25.08
9786,JP,JP,MEMBE,FINAN,25.08
13028,JP,JP,PRINT,ELEC8,24.99
12304,JP,JP,PLAS1,PAPE1,24.98
2670,JP,JP,COMPU,ELEC8,24.98
895,JP,JP,BEVER,MEMBE,24.98
670,JP,JP,AUXIL,VEGET,24.94
12685,JP,JP,POSTT,NONF1,24.94
4830,JP,JP,ELEC6,FABRI,24.91
6785,JP,JP,FURNI,ALUM1,24.90
16396,JP,JP,TEXTI,EDUCA,24.87
7597,JP,JP,HOTEL,GLASS,24.83
16447,JP,JP,TEXTI,NONME,24.79
14752,JP,JP,RETAI,AIRTR,24.77
8302,JP,JP,KERO1,OFFIC,24.77
17371,JP,JP,WEARI,INSUR,24.77
13954,JP,JP,REALE,FISH5,24.76
3687,JP,JP,EDUCA,FINAN,24.73
3441,JP,JP,DIST1,OXYGE,24.73
14372,JP,JP,RENTI,NONF1,24.69
13133,JP,JP,PRINT,WEARI,24.65
3021,JP,JP,COPP1,PREC1,24.58
9973,JP,JP,MOTO1,NONF1,24.57
10546,JP,JP,NONF1,GLASS,24.49
2050,JP,JP,CHEM1,NFERT,24.49
8754,JP,JP,LEATH,MEDIC,24.49
8360,JP,JP,KERO1,WOODW,24.48
6733,JP,JP,FOUND,NONME,24.40
4107,JP,JP,ELEC1,FOODW,24.39
7209,JP,JP,GLASS,RECRE,24.38
3957,JP,JP,ELE12,FOUND,24.36
16627,JP,JP,TRAN1,INSUR,24.35
42,JP,JP,93197,ELECT,24.33
6684,JP,JP,FOUND,COPP1,24.33
12657,JP,JP,POSTT,HEAVY,24.33
5370,JP,JP,FABRI,INSUR,24.30
14402,JP,JP,RENTI,RAWMI,24.28
18015,JP,JP,WOODW,FORES,24.23
16690,JP,JP,TRAN1,SALEM,24.22
774,JP,JP,BASIC,NONF1,24.22
17197,JP,JP,WASTE,COLLE,24.19
7986,JP,JP,INSUR,MOTO1,24.16
15670,JP,JP,STEAM,RESEA,24.15
16079,JP,JP,SUPPO,POULT,24.13
4311,JP,JP,ELEC2,PIGS9,24.10
11376,JP,JP,PADDY,POULT,24.08
14682,JP,JP,RETA1,NFERT,24.03
7197,JP,JP,GLASS,PLAST,24.03
4618,JP,JP,ELEC4,RAILW,24.01
8077,JP,JP,INTER,CONST,23.99
957,JP,JP,BIOG1,BASIC,23.99
15979,JP,JP,SUPPO,AUXIL,23.97
16483,JP,JP,TEXTI,SEACO,23.95
6660,JP,JP,FORES,WHOLE,23.90
1269,JP,JP,BLAST,MOTO1,23.90
16219,JP,JP,TEXT1,PLAST,23.89
5533,JP,JP,FINAN,LEAD1,23.87
16643,JP,JP,TRAN1,MEDIC,23.84
8437,JP,JP,LANDT,BRICK,23.81
2935,JP,JP,CONST,WOOD1,23.79
4180,JP,JP,ELEC1,SALEM,23.76
5307,JP,JP,FABRI,AIRTR,23.75
6075,JP,JP,FOOD3,REALE,23.74
356,JP,JP,ALUM1,HOTEL,23.70
14700,JP,JP,RETA1,PLAS1,23.69
16084,JP,JP,SUPPO,PULP5,23.69
10157,JP,JP,MOTOR,SANDC,23.68
16758,JP,JP,TRAN2,KEROS,23.66
15678,JP,JP,STEAM,STEAM,23.60
10724,JP,JP,NONME,ELEC4,23.54
9601,JP,JP,MEATP,WHOLE,23.54
14605,JP,JP,RETA1,BLAST,23.52
5004,JP,JP,ELEC8,BEVER,23.51
10860,JP,JP,NONSP,HEAVY,23.51
16040,JP,JP,SUPPO,KEROS,23.48
9728,JP,JP,MEDIC,SUPPO,23.47
9048,JP,JP,MACHI,AUXIL,23.44
16004,JP,JP,SUPPO,DAIRY,23.41
9979,JP,JP,MOTO1,OILHA,23.41
10214,JP,JP,NAPHT,FOOD5,23.39
4156,JP,JP,ELEC1,PFERT,23.38
7213,JP,JP,GLASS,RETA1,23.38
1990,JP,JP,CHEM1,CROPS,23.37
7591,JP,JP,HOTEL,FOODW,23.35
6181,JP,JP,FOOD4,PAPE1,23.33
14790,JP,JP,RETAI,FINAN,23.32
17634,JP,JP,WHOLE,INTER,23.26
6556,JP,JP,FORES,ELEC4,23.21
1862,JP,JP,CERAM,RUBBE,23.17
7657,JP,JP,HOTEL,RAILW,23.17
7567,JP,JP,HOTEL,CROPS,23.13
870,JP,JP,BEVER,FISH5,23.11
8497,JP,JP,LANDT,LIQUE,23.10
14425,JP,JP,RENTI,TRAN1,23.08
13101,JP,JP,PRINT,PULP5,23.08
6943,JP,JP,GASDI,BEVER,23.04
13046,JP,JP,PRINT,HEAVY,23.03
17259,JP,JP,WASTE,PAPE1,23.03
12313,JP,JP,PLAS1,PLAST,23.00
660,JP,JP,AUXIL,SUGAR,22.99
14721,JP,JP,RETA1,RETAI,22.98
16006,JP,JP,SUPPO,DISTR,22.95
4222,JP,JP,ELEC2,CATTL,22.95
3359,JP,JP,DIST1,BRICK,22.93
5572,JP,JP,FINAN,POULT,22.92
12650,JP,JP,POSTT,FORES,22.92
8032,JP,JP,INSUR,SEACO,22.89
3936,JP,JP,ELE12,DIST1,22.88
2985,JP,JP,COPP1,FURNI,22.85
1300,JP,JP,BLAST,SALEM,22.85
14897,JP,JP,RUBBE,CATTL,22.84
8335,JP,JP,KERO1,RUBBE,22.83
6681,JP,JP,FOUND,COLLE,22.80
8293,JP,JP,KERO1,MOTO1,22.79
13024,JP,JP,PRINT,ELEC3,22.77
16115,JP,JP,SUPPO,WEARI,22.73
2478,JP,JP,COLLE,AUXIL,22.72
3740,JP,JP,EDUCA,POSTT,22.72
17222,JP,JP,WASTE,FOODW,22.72
238,JP,JP,AIRTR,NONME,22.72
3510,JP,JP,DISTR,CATTL,22.69
226,JP,JP,AIRTR,MEATC,22.68
10423,JP,JP,NFERT,ELEC2,22.67
11920,JP,JP,PFERT,93197,22.62
2716,JP,JP,COMPU,NONF1,22.59
15967,JP,JP,SUGAR,SUGAR,22.56
4151,JP,JP,ELEC1,PAPE1,22.56
4355,JP,JP,ELEC2,WEARI,22.54
4644,JP,JP,ELEC4,TRANS,22.54
5804,JP,JP,FISHF,MACHI,22.51
8864,JP,JP,LIQUE,FURNI,22.51
14885,JP,JP,RUBBE,AUXIL,22.51
1538,JP,JP,BUSIN,VEGE1,22.49
4236,JP,JP,ELEC2,CROPS,22.48
835,JP,JP,BEVER,AIRTR,22.47
5844,JP,JP,FISHF,RESEA,22.46
520,JP,JP,ANIMA,TEXTI,22.46
3994,JP,JP,ELE12,OFFIC,22.46
3607,JP,JP,DISTR,PROCE,22.46
7340,JP,JP,HEALT,PFERT,22.45
15766,JP,JP,STONE,PUBLI,22.41
16989,JP,JP,VEGE1,LIQUE,22.39
939,JP,JP,BEVER,SUPPO,22.39
2319,JP,JP,COKE1,FURNI,22.34
4504,JP,JP,ELEC3,WHOLE,22.26
7711,JP,JP,INERT,COLLE,22.26
11980,JP,JP,PFERT,MACHI,22.25
4198,JP,JP,ELEC1,VEGET,22.24
7938,JP,JP,INSUR,EDUCA,22.23
15070,JP,JP,SALEM,DISTR,22.20
10001,JP,JP,MOTO1,PULP5,22.19
10875,JP,JP,NONSP,NONME,22.18
3775,JP,JP,EDUCA,WHOLE,22.17
15449,JP,JP,SECO9,BEVER,22.17
17646,JP,JP,WHOLE,MEATC,22.16
5339,JP,JP,FABRI,EDUCA,22.15
7019,JP,JP,GASDI,NFERT,22.14
10017,JP,JP,MOTO1,SECO9,22.11
95,JP,JP,93197,PAPER,22.10
18016,JP,JP,WOODW,FOUND,22.10
4591,JP,JP,ELEC4,NONF1,22.09
6260,JP,JP,FOOD5,DIST1,22.07
7469,JP,JP,HEAVY,MOTO1,22.06
9813,JP,JP,MEMBE,MACHI,22.01
8332,JP,JP,KERO1,RESEA,21.99
9059,JP,JP,MACHI,CEMEN,21.97
13364,JP,JP,PUBLI,SUPPO,21.97
2920,JP,JP,CONST,TEXT1,21.97
4017,JP,JP,ELE12,RADIO,21.96
5134,JP,JP,ELEC8,TEXTI,21.95
3931,JP,JP,ELE12,CONST,21.95
326,JP,JP,ALUM1,COPP1,21.95
13504,JP,JP,RADIO,ANIMA,21.93
3958,JP,JP,ELE12,FURNI,21.89
8165,JP,JP,INTER,RETA1,21.89
16095,JP,JP,SUPPO,RETAI,21.85
16610,JP,JP,TRAN1,FISH5,21.80
10333,JP,JP,NATUR,MACHI,21.79
9387,JP,JP,MEATA,COKEO,21.76
1463,JP,JP,BUSIN,LEAD1,21.76
11764,JP,JP,PAPER,OILHA,21.73
13346,JP,JP,PUBLI,RAILW,21.72
16461,JP,JP,TEXTI,PLAST,21.71
15080,JP,JP,SALEM,ELEC8,21.68
4462,JP,JP,ELEC3,POSTT,21.68
3340,JP,JP,DAIRY,VEGE1,21.63
17435,JP,JP,WEARI,SEACO,21.60
9932,JP,JP,MOTO1,FISHF,21.55
1324,JP,JP,BRICK,BRICK,21.54
16915,JP,JP,TRANS,WHOLE,21.54
7072,JP,JP,GASDI,TRAN2,21.54
10122,JP,JP,MOTOR,OFFIC,21.53
14240,JP,JP,REFI1,RUBBE,21.52
9023,JP,JP,LUBRI,RECRE,21.50
7599,JP,JP,HOTEL,HEAVY,21.49
8979,JP,JP,LUBRI,GASDI,21.48
2520,JP,JP,COLLE,FISHF,21.47
7942,JP,JP,INSUR,ELEC2,21.46
13722,JP,JP,RAILW,MEDIC,21.45
4320,JP,JP,ELEC2,PROCE,21.41
8506,JP,JP,LANDT,MEMBE,21.39
420,JP,JP,ALUM1,TEXTI,21.38
14479,JP,JP,RESEA,ELEC4,21.35
6246,JP,JP,FOOD5,CERAM,21.33
16418,JP,JP,TEXTI,GLASS,21.33
7198,JP,JP,GLASS,POSTT,21.31
12528,JP,JP,PLAST,KEROS,21.31
6562,JP,JP,FORES,FABRI,21.30
12988,JP,JP,PRINT,ALUM1,21.30
12264,JP,JP,PLAS1,FOODW,21.27
5292,JP,JP,ELECT,TRAN2,21.27
13763,JP,JP,RAILW,RENTI,21.27
6425,JP,JP,FOODW,FOUND,21.27
11455,JP,JP,PAPE1,FOUND,21.26
566,JP,JP,AUXIL,ELEC4,21.26
5065,JP,JP,ELEC8,LEAD1,21.25
17579,JP,JP,WHOLE,BITU1,21.25
4847,JP,JP,ELEC6,HOTEL,21.23
14530,JP,JP,RESEA,NONME,21.22
17592,JP,JP,WHOLE,COKEO,21.18
5165,JP,JP,ELECT,CEMEN,21.17
10981,JP,JP,OFFIC,WHOLE,21.15
10413,JP,JP,NFERT,CONST,21.13
6144,JP,JP,FOOD4,FOODW,21.11
13652,JP,JP,RAILW,BEVER,21.11
2511,JP,JP,COLLE,ELEC3,21.10
13585,JP,JP,RADIO,NONME,21.07
4507,JP,JP,ELEC3,WOODW,21.06
17361,JP,JP,WEARI,FOUND,21.05
6502,JP,JP,FOODW,SUPPO,21.05
6242,JP,JP,FOOD5,BRICK,21.04
11534,JP,JP,PAPE1,SUPPO,21.04
2531,JP,JP,COLLE,GLASS,21.00
15300,JP,JP,SEACO,AIRTR,20.98
7995,JP,JP,INSUR,OFFIC,20.95
14993,JP,JP,RUBBE,PREC1,20.92
5110,JP,JP,ELEC8,PULP5,20.92
5196,JP,JP,ELECT,FISH5,20.86
7114,JP,JP,GLASS,BASIC,20.86
10216,JP,JP,NAPHT,FURNI,20.85
5389,JP,JP,FABRI,MOTOR,20.83
9108,JP,JP,MACHI,INSUR,20.82
9802,JP,JP,MEMBE,HOTEL,20.81
800,JP,JP,BASIC,RAILW,20.79
5605,JP,JP,FINAN,TRAN2,20.77
9299,JP,JP,MEAT4,ELEC1,20.76
17855,JP,JP,WOOD1,WHOLE,20.75
7615,JP,JP,HOTEL,MEAT4,20.74
8529,JP,JP,LANDT,PIGS9,20.74
11004,JP,JP,OILHA,COLLE,20.74
5504,JP,JP,FINAN,ELEC6,20.72
4683,JP,JP,ELEC5,DISTR,20.71
2887,JP,JP,CONST,PIGS9,20.70
4810,JP,JP,ELEC6,COKE1,20.66
3349,JP,JP,DIST1,AIRTR,20.64
8655,JP,JP,LEAD1,PREC1,20.61
4495,JP,JP,ELEC3,TRAN1,20.61
13282,JP,JP,PUBLI,FINAN,20.60
17831,JP,JP,WOOD1,RESEA,20.59
1797,JP,JP,CERAM,ELECT,20.54
14399,JP,JP,RENTI,PULP5,20.54
9114,JP,JP,MACHI,LEAD1,20.53
11644,JP,JP,PAPE4,REALE,20.51
3642,JP,JP,DISTR,WEARI,20.51
7681,JP,JP,HOTEL,TRAN1,20.51
3243,JP,JP,DAIRY,CROPS,20.47
17021,JP,JP,VEGE1,PUBLI,20.46
8495,JP,JP,LANDT,LEAD1,20.44
13631,JP,JP,RADIO,TEXTI,20.39
12700,JP,JP,POSTT,PFERT,20.35
6341,JP,JP,FOOD5,REALE,20.35
1245,JP,JP,BLAST,FOUND,20.33
14195,JP,JP,RECRE,TRANS,20.24
5040,JP,JP,ELEC8,FINAN,20.23
35,JP,JP,93197,ELEC1,20.23
6949,JP,JP,GASDI,CATTL,20.23
10085,JP,JP,MOTOR,FORES,20.23
11799,JP,JP,PAPER,SANDC,20.21
3202,JP,JP,CRUDE,GASDI,20.20
583,JP,JP,AUXIL,GASDI,20.20
12612,JP,JP,POSTT,CEMEN,20.20
4559,JP,JP,ELEC4,FOUND,20.18
13479,JP,JP,PULP5,RUBBE,20.15
323,JP,JP,ALUM1,COLLE,20.14
1285,JP,JP,BLAST,POSTT,20.11
11121,JP,JP,OILHA,WHOLE,20.09
4934,JP,JP,ELEC6,WHOLE,20.09
5650,JP,JP,FISH5,ELEC4,20.09
4101,JP,JP,ELEC1,FISH5,20.07
7460,JP,JP,HEAVY,LUBRI,20.07
9778,JP,JP,MEMBE,ELEC2,20.07
16027,JP,JP,SUPPO,FORES,20.04
16764,JP,JP,TRAN2,NAPHT,20.01
2081,JP,JP,CHEM1,RAWMI,19.99
15635,JP,JP,STEAM,MOTO1,19.99
13672,JP,JP,RAILW,COPP1,19.96
4474,JP,JP,ELEC3,RECRE,19.95
6195,JP,JP,FOOD4,PUBLI,19.94
9213,JP,JP,MEAT1,ELEC1,19.94
18009,JP,JP,WOODW,FISH5,19.94
3427,JP,JP,DIST1,MEMBE,19.94
43,JP,JP,93197,FABRI,19.92
6358,JP,JP,FOOD5,SUPPO,19.91
16488,JP,JP,TEXTI,SUPPO,19.91
607,JP,JP,AUXIL,MEDIC,19.90
11097,JP,JP,OILHA,RESEA,19.89
18013,JP,JP,WOODW,FOOD5,19.87
9843,JP,JP,MEMBE,POSTT,19.85
3932,JP,JP,ELE12,COPP1,19.83
2318,JP,JP,COKE1,FOUND,19.82
14094,JP,JP,RECRE,ELEC1,19.82
2886,JP,JP,CONST,PFERT,19.82
16632,JP,JP,TRAN1,LANDT,19.79
6391,JP,JP,FOODW,CHEM1,19.79
16056,JP,JP,SUPPO,NAPHT,19.78
17654,JP,JP,WHOLE,NFERT,19.74
3750,JP,JP,EDUCA,RECRE,19.74
10623,JP,JP,NONF1,WEARI,19.73
15705,JP,JP,STONE,CEMEN,19.72
1590,JP,JP,CATTL,INTER,19.71
13226,JP,JP,PROCE,RUBBE,19.68
17757,JP,JP,WOOD1,FABRI,19.68
7381,JP,JP,HEALT,VEGE1,19.67
17715,JP,JP,WHOLE,WOOD2,19.66
6482,JP,JP,FOODW,RADIO,19.66
11515,JP,JP,PAPE1,RADIO,19.65
7585,JP,JP,HOTEL,FISH5,19.62
10298,JP,JP,NATUR,DIST1,19.61
14568,JP,JP,RESEA,SEACO,19.59
10361,JP,JP,NATUR,PLAST,19.59
8500,JP,JP,LANDT,MEAT1,19.56
7669,JP,JP,HOTEL,SANDC,19.56
13808,JP,JP,RAWMI,CHEM1,19.55
4892,JP,JP,ELEC6,POSTT,19.55
12887,JP,JP,PREC1,FABRI,19.51
10953,JP,JP,OFFIC,PAPER,19.50
11492,JP,JP,PAPE1,OFFIC,19.50
12091,JP,JP,PIGS9,MACHI,19.49
17708,JP,JP,WHOLE,VEGET,19.48
3984,JP,JP,ELE12,MOTO1,19.48
6459,JP,JP,FOODW,OFFIC,19.47
10608,JP,JP,NONF1,SECO9,19.47
4466,JP,JP,ELEC3,PRINT,19.46
14319,JP,JP,RENTI,ELE12,19.46
14523,JP,JP,RESEA,MOTOR,19.39
8237,JP,JP,KERO1,COMPU,19.38
15662,JP,JP,STEAM,RADIO,19.37
17990,JP,JP,WOODW,COMPU,19.36
54,JP,JP,93197,FURNI,19.36
14748,JP,JP,RETA1,WOOD2,19.35
11692,JP,JP,PAPER,COKEO,19.34
6150,JP,JP,FOOD4,HEALT,19.33
927,JP,JP,BEVER,RENTI,19.26
9651,JP,JP,MEDIC,FOUND,19.26
11801,JP,JP,PAPER,SECO9,19.26
15376,JP,JP,SEACO,MEDIC,19.25
2644,JP,JP,COMPU,CERAM,19.22
14102,JP,JP,RECRE,FABRI,19.20
2348,JP,JP,COKE1,OFFIC,19.20
2429,JP,JP,COKEO,FOUND,19.17
15363,JP,JP,SEACO,KERO1,19.13
7288,JP,JP,HEALT,FOOD4,19.13
11626,JP,JP,PAPE4,PAPE1,19.13
17413,JP,JP,WEARI,POSTT,19.12
4937,JP,JP,ELEC6,WOODW,19.11
15566,JP,JP,STEAM,BEVER,19.11
11023,JP,JP,OILHA,FABRI,19.11
8787,JP,JP,LEATH,RENTI,19.10
11821,JP,JP,PAPER,WOOD1,19.09
2656,JP,JP,COMPU,CROPS,19.07
4376,JP,JP,ELEC3,CEMEN,19.03
18006,JP,JP,WOODW,ELECT,19.03
12737,JP,JP,POSTT,TOBAC,19.02
14660,JP,JP,RETA1,INTER,19.02
4439,JP,JP,ELEC3,MOTOR,19.01
15205,JP,JP,SANDC,CHEMI,19.01
1661,JP,JP,CEMEN,COLLE,19.01
6807,JP,JP,FURNI,COLLE,19.00
14471,JP,JP,RESEA,DIST1,18.98
7785,JP,JP,INERT,REALE,18.95
6627,JP,JP,FORES,PUBLI,18.90
16953,JP,JP,VEGE1,DAIRY,18.87
2533,JP,JP,COLLE,HEAVY,18.87
12530,JP,JP,PLAST,LEATH,18.83
114,JP,JP,93197,REALE,18.82
13318,JP,JP,PUBLI,MOTO1,18.82
1889,JP,JP,CEREA,CEREA,18.81
6518,JP,JP,FOODW,WOODW,18.80
11551,JP,JP,PAPE1,WOODW,18.79
6416,JP,JP,FOODW,FINAN,18.77
8609,JP,JP,LEAD1,ELEC3,18.76
7232,JP,JP,GLASS,WEARI,18.76
11446,JP,JP,PAPE1,FINAN,18.76
14436,JP,JP,RENTI,WOOD1,18.75
4409,JP,JP,ELEC3,FOOD5,18.74
4925,JP,JP,ELEC6,TRAN1,18.73
4118,JP,JP,ELEC1,INSUR,18.73
2230,JP,JP,COALT,CHEM1,18.72
8789,JP,JP,LEATH,RETA1,18.69
6343,JP,JP,FOOD5,REFI1,18.65
16002,JP,JP,SUPPO,COPP1,18.65
8911,JP,JP,LIQUE,PRINT,18.64
7004,JP,JP,GASDI,LIQUE,18.64
10043,JP,JP,MOTOR,AIRTR,18.64
11426,JP,JP,PAPE1,COLLE,18.62
3452,JP,JP,DIST1,PREC1,18.61
7555,JP,JP,HOTEL,CERAM,18.60
1394,JP,JP,BUSIN,ANIMA,18.55
9437,JP,JP,MEATC,93197,18.53
5210,JP,JP,ELECT,HEAVY,18.53
11822,JP,JP,PAPER,WOOD2,18.52
10234,JP,JP,NAPHT,MEDIC,18.51
1778,JP,JP,CERAM,CHEM1,18.50
6712,JP,JP,FOUND,HOTEL,18.47
12738,JP,JP,POSTT,TRAN1,18.47
14389,JP,JP,RENTI,PLAS1,18.46
7317,JP,JP,HEALT,MEATP,18.46
8739,JP,JP,LEATH,HOTEL,18.43
8060,JP,JP,INTER,BASIC,18.42
17165,JP,JP,VEGET,SUPPO,18.42
7467,JP,JP,HEAVY,MEDIC,18.42
13560,JP,JP,RADIO,HOTEL,18.41
11511,JP,JP,PAPE1,PRINT,18.39
6478,JP,JP,FOODW,PRINT,18.36
4514,JP,JP,ELEC4,BEVER,18.35
580,JP,JP,AUXIL,FORES,18.33
3018,JP,JP,COPP1,PLAST,18.31
527,JP,JP,ANIMA,WHOLE,18.31
3381,JP,JP,DIST1,ELE11,18.31
4025,JP,JP,ELE12,RESEA,18.30
17551,JP,JP,WHITE,MOTO1,18.27
12034,JP,JP,PFERT,WHEAT,18.27
1472,JP,JP,BUSIN,MEATP,18.25
16980,JP,JP,VEGE1,HEAVY,18.24
14577,JP,JP,RESEA,TEXTI,18.22
11272,JP,JP,OXYGE,REALE,18.21
16596,JP,JP,TRAN1,DAIRY,18.21
526,JP,JP,ANIMA,WEARI,18.16
15119,JP,JP,SALEM,MEMBE,18.16
7203,JP,JP,GLASS,PUBLI,18.14
16468,JP,JP,TEXTI,PULP5,18.13
12152,JP,JP,PLANT,CHEM1,18.10
5886,JP,JP,FOOD2,COLLE,18.09
17981,JP,JP,WOODW,CEMEN,18.08
7949,JP,JP,INSUR,FABRI,18.08
3086,JP,JP,CROPS,ELEC1,18.05
14556,JP,JP,RESEA,RAILW,18.05
17403,JP,JP,WEARI,PADDY,18.03
13558,JP,JP,RADIO,HEALT,18.02
8254,JP,JP,KERO1,ELECT,18.01
2095,JP,JP,CHEM1,STEAM,18.01
14849,JP,JP,RETAI,RADIO,17.96
10319,JP,JP,NATUR,GLASS,17.95
3992,JP,JP,ELE12,NONME,17.95
9720,JP,JP,MEDIC,SALEM,17.95
15372,JP,JP,SEACO,MEAT4,17.94
16067,JP,JP,SUPPO,PADDY,17.91
6568,JP,JP,FORES,FOOD5,17.90
10810,JP,JP,NONME,TEXTI,17.89
8022,JP,JP,INSUR,RECRE,17.88
14498,JP,JP,RESEA,GLASS,17.87
11814,JP,JP,PAPER,VEGE1,17.87
5092,JP,JP,ELEC8,PADDY,17.87
15364,JP,JP,SEACO,KEROS,17.87
8556,JP,JP,LANDT,SECO9,17.86
8305,JP,JP,KERO1,PADDY,17.86
16680,JP,JP,TRAN1,RAWMI,17.85
7134,JP,JP,GLASS,DAIRY,17.85
3259,JP,JP,DAIRY,FISH5,17.84
9842,JP,JP,MEMBE,PLAST,17.84
8504,JP,JP,LANDT,MEATP,17.84
6362,JP,JP,FOOD5,TOBAC,17.84
2062,JP,JP,CHEM1,PAPE4,17.83
4086,JP,JP,ELEC1,DAIRY,17.82
14344,JP,JP,RENTI,HEAVY,17.82
4121,JP,JP,ELEC1,KERO1,17.79
16260,JP,JP,TEXT1,WHOLE,17.79
2108,JP,JP,CHEM1,VEGE1,17.75
11475,JP,JP,PAPE1,MACHI,17.74
2731,JP,JP,COMPU,PFERT,17.74
3938,JP,JP,ELE12,EDUCA,17.73
5458,JP,JP,FABRI,WOOD1,17.72
5289,JP,JP,ELECT,TEXTI,17.71
15558,JP,JP,SECO9,WOOD1,17.69
756,JP,JP,BASIC,LEAD1,17.69
14169,JP,JP,RECRE,RADIO,17.68
5400,JP,JP,FABRI,OILHA,17.68
12577,JP,JP,PLAST,SECO9,17.68
3009,JP,JP,COPP1,NONME,17.68
16236,JP,JP,TEXT1,RESEA,17.67
4904,JP,JP,ELEC6,RECRE,17.65
13980,JP,JP,REALE,LIQUE,17.64
13961,JP,JP,REALE,FORES,17.64
14298,JP,JP,RENTI,CATTL,17.63
6119,JP,JP,FOOD4,COLLE,17.61
6376,JP,JP,FOODW,93197,17.61
11405,JP,JP,PAPE1,93197,17.60
556,JP,JP,AUXIL,CROPS,17.59
13298,JP,JP,PUBLI,HOTEL,17.59
5290,JP,JP,ELECT,TOBAC,17.56
2016,JP,JP,CHEM1,FORES,17.56
12976,JP,JP,PRECI,PREC1,17.56
5328,JP,JP,FABRI,COKE1,17.54
797,JP,JP,BASIC,PUBLI,17.52
7109,JP,JP,GLASS,93197,17.52
5053,JP,JP,ELEC8,GLASS,17.51
62,JP,JP,93197,INSUR,17.51
6963,JP,JP,GASDI,CROPS,17.51
2914,JP,JP,CONST,SECO9,17.51
13224,JP,JP,PROCE,RETA1,17.49
690,JP,JP,BASIC,ANIMA,17.49
10240,JP,JP,NAPHT,NONME,17.49
8217,JP,JP,KERO1,ALUM1,17.49
14002,JP,JP,REALE,OILHA,17.47
6758,JP,JP,FOUND,RETA1,17.47
4896,JP,JP,ELEC6,PRINT,17.45
6396,JP,JP,FOODW,COLLE,17.44
9018,JP,JP,LUBRI,PUBLI,17.42
11807,JP,JP,PAPER,TEXT1,17.42
17618,JP,JP,WHOLE,FOOD3,17.39
1982,JP,JP,CHEM1,CHEMI,17.38
773,JP,JP,BASIC,NFERT,17.38
3485,JP,JP,DIST1,VEGE1,17.38
5013,JP,JP,ELEC8,CERAM,17.37
1468,JP,JP,BUSIN,MEAT1,17.36
9796,JP,JP,MEMBE,FURNI,17.33
4804,JP,JP,ELEC6,CEMEN,17.30
3385,JP,JP,DIST1,ELEC3,17.29
2334,JP,JP,COKE1,MACHI,17.28
14378,JP,JP,RENTI,OILHA,17.25
16991,JP,JP,VEGE1,MACHI,17.25
7577,JP,JP,HOTEL,ELEC3,17.24
10716,JP,JP,NONME,DIST1,17.24
10042,JP,JP,MOTOR,93197,17.24
2614,JP,JP,COLLE,TRAN1,17.22
1413,JP,JP,BUSIN,CHEMI,17.22
14668,JP,JP,RETA1,LUBRI,17.21
4640,JP,JP,ELEC4,TEXTI,17.19
13700,JP,JP,RAILW,GLASS,17.17
12354,JP,JP,PLAS1,WHOLE,17.16
5321,JP,JP,FABRI,CEMEN,17.15
3453,JP,JP,DIST1,PRINT,17.15
4868,JP,JP,ELEC6,MOTOR,17.14
6152,JP,JP,FOOD4,HOTEL,17.14
15343,JP,JP,SEACO,FISH5,17.12
13829,JP,JP,RAWMI,FISHF,17.10
7347,JP,JP,HEALT,PREC1,17.10
3739,JP,JP,EDUCA,PLAST,17.08
10549,JP,JP,NONF1,HOTEL,17.07
17728,JP,JP,WOOD1,BUSIN,17.07
664,JP,JP,AUXIL,TEXTI,17.06
413,JP,JP,ALUM1,SECO9,17.03
15454,JP,JP,SECO9,CEMEN,17.02
12330,JP,JP,PLAS1,RESEA,17.01
4490,JP,JP,ELEC3,SUPPO,17.00
4837,JP,JP,ELEC6,FOOD5,16.99
14895,JP,JP,RUBBE,BRICK,16.99
16666,JP,JP,TRAN1,PIGS9,16.96
6443,JP,JP,FOODW,MACHI,16.96
2375,JP,JP,COKE1,SALEM,16.93
8315,JP,JP,KERO1,PLAST,16.92
6261,JP,JP,FOOD5,DISTR,16.92
10504,JP,JP,NONF1,CEMEN,16.89
2098,JP,JP,CHEM1,SUGAR,16.86
2501,JP,JP,COLLE,CROPS,16.85
12590,JP,JP,PLAST,WEARI,16.84
14644,JP,JP,RETA1,FOOD3,16.84
149,JP,JP,AIRTR,93197,16.83
6854,JP,JP,FURNI,LEATH,16.82
2888,JP,JP,CONST,PLAS1,16.81
16162,JP,JP,TEXT1,FABRI,16.79
5178,JP,JP,ELECT,CROPS,16.78
11735,JP,JP,PAPER,INTER,16.75
11593,JP,JP,PAPE4,FOODW,16.75
16481,JP,JP,TEXTI,SALEM,16.73
13383,JP,JP,PULP5,BASIC,16.72
6750,JP,JP,FOUND,PUBLI,16.72
1089,JP,JP,BITU1,HEAVY,16.70
2797,JP,JP,CONST,CATTL,16.70
10994,JP,JP,OILHA,BUSIN,16.69
15520,JP,JP,SECO9,OILHA,16.69
4122,JP,JP,ELEC1,KEROS,16.69
13924,JP,JP,REALE,CERAM,16.63
9819,JP,JP,MEMBE,MEMBE,16.63
112,JP,JP,93197,RAILW,16.62
7042,JP,JP,GASDI,PRINT,16.62
7561,JP,JP,HOTEL,COKE1,16.61
4573,JP,JP,ELEC4,LEAD1,16.60
10940,JP,JP,OFFIC,LEATH,16.56
13127,JP,JP,PRINT,TRAN1,16.54
6352,JP,JP,FOOD5,SEACO,16.54
1971,JP,JP,CHEM1,BITU1,16.53
9115,JP,JP,MACHI,LEATH,16.53
4446,JP,JP,ELEC3,NONME,16.53
17344,JP,JP,WEARI,ELEC2,16.52
741,JP,JP,BASIC,FORES,16.49
14652,JP,JP,RETA1,GASWO,16.47
5055,JP,JP,ELEC8,HEAVY,16.46
16623,JP,JP,TRAN1,HEAVY,16.46
2688,JP,JP,COMPU,HEAVY,16.45
6232,JP,JP,FOOD5,AIRTR,16.44
14915,JP,JP,RUBBE,DISTR,16.42
8774,JP,JP,LEATH,PLAST,16.41
14961,JP,JP,RUBBE,MEATC,16.41
2901,JP,JP,CONST,RAWMI,16.40
847,JP,JP,BEVER,CHEM1,16.40
14067,JP,JP,RECRE,AUXIL,16.40
14266,JP,JP,REFIN,HEAVY,16.39
14766,JP,JP,RETAI,CHEM1,16.39
6815,JP,JP,FURNI,DISTR,16.38
7506,JP,JP,HEAVY,REFI1,16.36
8936,JP,JP,LIQUE,TEXTI,16.35
4616,JP,JP,ELEC4,PULP5,16.34
5362,JP,JP,FABRI,GASDI,16.34
155,JP,JP,AIRTR,BEVER,16.32
14059,JP,JP,REALE,WOOD1,16.32
8447,JP,JP,LANDT,COKE1,16.31
13851,JP,JP,RAWMI,MACHI,16.30
15480,JP,JP,SECO9,ELECT,16.29
8271,JP,JP,KERO1,HEAVY,16.26
4583,JP,JP,ELEC4,MEDIC,16.26
12256,JP,JP,PLAS1,FABRI,16.25
16026,JP,JP,SUPPO,FOODW,16.22
15066,JP,JP,SALEM,CROPS,16.22
7915,JP,JP,INSUR,BASIC,16.22
14788,JP,JP,RETAI,ELECT,16.21
13646,JP,JP,RAILW,93197,16.21
7311,JP,JP,HEALT,LUBRI,16.19
1687,JP,JP,CEMEN,FURNI,16.17
8625,JP,JP,LEAD1,GLASS,16.16
2096,JP,JP,CHEM1,STONE,16.15
14013,JP,JP,REALE,PLAS1,16.15
17339,JP,JP,WEARI,DISTR,16.13
12476,JP,JP,PLAST,BEVER,16.13
5941,JP,JP,FOOD2,OILHA,16.11
9751,JP,JP,MEMBE,BASIC,16.11
12518,JP,JP,PLAST,FOUND,16.11
14306,JP,JP,RENTI,COKE1,16.10
8985,JP,JP,LUBRI,INSUR,16.10
7687,JP,JP,HOTEL,WEARI,16.10
7693,JP,JP,HOTEL,WOODW,16.10
7674,JP,JP,HOTEL,SUGA1,16.09
6494,JP,JP,FOODW,SALEM,16.09
11527,JP,JP,PAPE1,SALEM,16.09
2100,JP,JP,CHEM1,TEXT1,16.08
202,JP,JP,AIRTR,FOUND,16.06
15380,JP,JP,SEACO,NAPHT,16.06
2813,JP,JP,CONST,DAIRY,16.06
14039,JP,JP,REALE,SECO9,16.05
2094,JP,JP,CHEM1,SECO9,16.05
16414,JP,JP,TEXTI,FORES,16.04
14464,JP,JP,RESEA,COLLE,16.03
17605,JP,JP,WHOLE,ELEC2,16.01
14905,JP,JP,RUBBE,COKE1,15.99
4764,JP,JP,ELEC5,RETA1,15.98
6553,JP,JP,FORES,ELEC1,15.95
2769,JP,JP,COMPU,TRAN1,15.95
14925,JP,JP,RUBBE,ELEC8,15.95
4254,JP,JP,ELEC2,FISHF,15.93
8138,JP,JP,INTER,OILHA,15.92
10291,JP,JP,NATUR,COLLE,15.91
2072,JP,JP,CHEM1,POULT,15.89
13759,JP,JP,RAILW,REALE,15.89
15259,JP,JP,SANDC,PFERT,15.86
17158,JP,JP,VEGET,RUBBE,15.86
4550,JP,JP,ELEC4,FINAN,15.84
8897,JP,JP,LIQUE,OXYGE,15.82
8543,JP,JP,LANDT,RAWMI,15.81
15469,JP,JP,SECO9,DISTR,15.81
17687,JP,JP,WHOLE,REFIN,15.81
7888,JP,JP,INLAN,RENTI,15.79
9287,JP,JP,MEAT4,CHEMI,15.78
4671,JP,JP,ELEC5,CHEM1,15.74
13546,JP,JP,RADIO,FISHF,15.73
15798,JP,JP,SUGA1,BASIC,15.73
15445,JP,JP,SEACO,WOODW,15.72
16068,JP,JP,SUPPO,PAPE1,15.72
13301,JP,JP,PUBLI,INSUR,15.71
1455,JP,JP,BUSIN,INERT,15.70
1831,JP,JP,CERAM,MOTO1,15.69
9435,JP,JP,MEATA,WHOLE,15.68
12632,JP,JP,POSTT,ELE12,15.68
5310,JP,JP,FABRI,AUXIL,15.67
9149,JP,JP,MACHI,PLAS1,15.66
15403,JP,JP,SEACO,PREC1,15.65
17240,JP,JP,WASTE,MACHI,15.65
6496,JP,JP,FOODW,SEACO,15.64
12908,JP,JP,PREC1,LIQUE,15.63
11528,JP,JP,PAPE1,SEACO,15.63
10062,JP,JP,MOTOR,COMPU,15.62
15027,JP,JP,RUBBE,VEGE1,15.61
6550,JP,JP,FORES,EDUCA,15.60
14258,JP,JP,REFIN,ELEC4,15.60
12472,JP,JP,PLAST,ALUM1,15.60
1974,JP,JP,CHEM1,BRICK,15.57
16831,JP,JP,TRANS,FABRI,15.54
6369,JP,JP,FOOD5,WEARI,15.54
1965,JP,JP,CHEM1,AUXIL,15.53
10285,JP,JP,NATUR,CERAM,15.53
14784,JP,JP,RETAI,ELEC4,15.52
9996,JP,JP,MOTO1,PREC1,15.52
5409,JP,JP,FABRI,PFERT,15.51
4123,JP,JP,ELEC1,LANDT,15.48
3704,JP,JP,EDUCA,INSUR,15.48
4704,JP,JP,ELEC5,HEALT,15.48
3388,JP,JP,DIST1,ELEC6,15.47
15595,JP,JP,STEAM,ELEC3,15.47
13670,JP,JP,RAILW,COMPU,15.47
10926,JP,JP,OFFIC,FABRI,15.46
10687,JP,JP,NONME,93197,15.45
8737,JP,JP,LEATH,HEALT,15.45
7420,JP,JP,HEAVY,DAIRY,15.45
4138,JP,JP,ELEC1,NAPHT,15.44
7211,JP,JP,GLASS,RENTI,15.43
13524,JP,JP,RADIO,COLLE,15.42
17707,JP,JP,WHOLE,VEGE1,15.42
17377,JP,JP,WEARI,LEATH,15.42
16580,JP,JP,TRAN1,CATTL,15.37
1977,JP,JP,CHEM1,CEMEN,15.37
15203,JP,JP,SANDC,CERAM,15.37
3184,JP,JP,CROPS,TEXTI,15.34
4126,JP,JP,ELEC1,LIQUE,15.33
15342,JP,JP,SEACO,FINAN,15.33
6835,JP,JP,FURNI,FOODW,15.30
9184,JP,JP,MACHI,TRAN1,15.29
15350,JP,JP,SEACO,FORES,15.29
10354,JP,JP,NATUR,PAPER,15.29
1851,JP,JP,CERAM,PUBLI,15.28
3784,JP,JP,ELE11,BASIC,15.22
4920,JP,JP,ELEC6,SUPPO,15.21
14951,JP,JP,RUBBE,KEROS,15.19
363,JP,JP,ALUM1,LEAD1,15.18
7043,JP,JP,GASDI,PROCE,15.17
15068,JP,JP,SALEM,DAIRY,15.17
6435,JP,JP,FOODW,INSUR,15.17
2110,JP,JP,CHEM1,WASTE,15.17
11465,JP,JP,PAPE1,INSUR,15.16
17647,JP,JP,WHOLE,MEATP,15.14
14068,JP,JP,RECRE,BASIC,15.14
14180,JP,JP,RECRE,RUBBE,15.14
6983,JP,JP,GASDI,FOOD4,15.12
12611,JP,JP,POSTT,CATTL,15.11
5320,JP,JP,FABRI,CATTL,15.08
3257,JP,JP,DAIRY,FABRI,15.07
9079,JP,JP,MACHI,ELE12,15.07
9398,JP,JP,MEATA,FORES,15.07
869,JP,JP,BEVER,FINAN,15.05
8348,JP,JP,KERO1,TRAN1,15.04
8913,JP,JP,LIQUE,PUBLI,15.03
13695,JP,JP,RAILW,FOODW,15.02
16410,JP,JP,TEXTI,FOOD3,15.01
3976,JP,JP,ELE12,MACHI,15.00
8147,JP,JP,INTER,PLAST,14.98
16958,JP,JP,VEGE1,ELEC1,14.97
16675,JP,JP,TRAN1,PROCE,14.94
4875,JP,JP,ELEC6,NONME,14.93
2444,JP,JP,COKEO,NONME,14.92
1261,JP,JP,BLAST,MACHI,14.92
6307,JP,JP,FOOD5,MEDIC,14.92
13607,JP,JP,RADIO,PULP5,14.91
2358,JP,JP,COKE1,POSTT,14.90
6675,JP,JP,FOUND,CERAM,14.90
5541,JP,JP,FINAN,MEATC,14.89
2115,JP,JP,CHEM1,WOOD1,14.88
2085,JP,JP,CHEM1,REFIN,14.88
2941,JP,JP,COPP1,ALUM1,14.87
17404,JP,JP,WEARI,PAPE1,14.87
14906,JP,JP,RUBBE,COKEO,14.85
14023,JP,JP,REALE,PULP5,14.85
16013,JP,JP,SUPPO,ELEC4,14.83
15676,JP,JP,STEAM,SEACO,14.83
15432,JP,JP,SEACO,TEXTI,14.83
5535,JP,JP,FINAN,LIQUE,14.83
6162,JP,JP,FOOD4,MACHI,14.81
12448,JP,JP,PLAS2,REALE,14.80
7015,JP,JP,GASDI,MOTOR,14.79
1281,JP,JP,BLAST,PAPER,14.79
5714,JP,JP,FISH5,RETA1,14.78
7766,JP,JP,INERT,OILHA,14.77
10911,JP,JP,OFFIC,CHEM1,14.76
2508,JP,JP,COLLE,ELE12,14.74
78,JP,JP,93197,MEMBE,14.73
5124,JP,JP,ELEC8,SANDC,14.72
5618,JP,JP,FISH5,93197,14.72
7680,JP,JP,HOTEL,TOBAC,14.72
8243,JP,JP,KERO1,DISTR,14.71
8350,JP,JP,KERO1,TRANS,14.71
12619,JP,JP,POSTT,COKE1,14.71
8846,JP,JP,LIQUE,ELEC2,14.70
9056,JP,JP,MACHI,BRICK,14.69
9945,JP,JP,MOTO1,HEAVY,14.68
16368,JP,JP,TEXTI,93197,14.67
2775,JP,JP,COMPU,WEARI,14.66
9956,JP,JP,MOTO1,LEATH,14.66
8782,JP,JP,LEATH,RADIO,14.66
15669,JP,JP,STEAM,RENTI,14.65
15468,JP,JP,SECO9,DIST1,14.65
9715,JP,JP,MEDIC,RENTI,14.64
12868,JP,JP,PREC1,CERAM,14.63
14496,JP,JP,RESEA,GASDI,14.62
7065,JP,JP,GASDI,SUGAR,14.60
17359,JP,JP,WEARI,FOODW,14.60
12484,JP,JP,PLAST,CEMEN,14.60
16133,JP,JP,TEXT1,BUSIN,14.60
5557,JP,JP,FINAN,OILHA,14.59
15085,JP,JP,SALEM,FISHF,14.59
6279,JP,JP,FOOD5,FOOD4,14.59
14251,JP,JP,REFIN,DIST1,14.57
17683,JP,JP,WHOLE,RAWMI,14.56
14859,JP,JP,RETAI,RUBBE,14.56
17323,JP,JP,WEARI,CERAM,14.56
17658,JP,JP,WHOLE,NONSP,14.55
2034,JP,JP,CHEM1,LEATH,14.54
8002,JP,JP,INSUR,PAPER,14.53
8445,JP,JP,LANDT,CHEMI,14.51
4171,JP,JP,ELEC1,RAWMI,14.51
2527,JP,JP,COLLE,FOUND,14.49
5411,JP,JP,FABRI,PLAS1,14.48
12531,JP,JP,PLAST,LIQUE,14.47
4303,JP,JP,ELEC2,OXYGE,14.45
9899,JP,JP,MOTO1,CATTL,14.43
2049,JP,JP,CHEM1,NATUR,14.43
10246,JP,JP,NAPHT,PAPER,14.43
7039,JP,JP,GASDI,POULT,14.42
14559,JP,JP,RESEA,RECRE,14.41
557,JP,JP,AUXIL,DAIRY,14.41
16028,JP,JP,SUPPO,FOUND,14.38
642,JP,JP,AUXIL,RAILW,14.37
2898,JP,JP,CONST,PULP5,14.37
15092,JP,JP,SALEM,FOUND,14.34
9066,JP,JP,MACHI,COKE1,14.34
4414,JP,JP,ELEC3,GASDI,14.30
122,JP,JP,93197,RUBBE,14.28
15685,JP,JP,STEAM,TRAN1,14.28
11329,JP,JP,PADDY,FABRI,14.28
14108,JP,JP,RECRE,FOOD5,14.23
7528,JP,JP,HEAVY,TRANS,14.23
6881,JP,JP,FURNI,PAPE1,14.21
15040,JP,JP,SALEM,ALUM1,14.20
229,JP,JP,AIRTR,MEMBE,14.18
12227,JP,JP,PLAS1,BUSIN,14.18
8285,JP,JP,KERO1,MACHI,14.17
4337,JP,JP,ELEC2,SEACO,14.16
2848,JP,JP,CONST,INTER,14.10
18068,JP,JP,WOODW,PREC1,14.08
3094,JP,JP,CROPS,FABRI,14.06
3547,JP,JP,DISTR,FORES,14.06
11812,JP,JP,PAPER,TRAN2,14.06
17156,JP,JP,VEGET,RETA1,14.03
3393,JP,JP,DIST1,FISH5,14.02
8395,JP,JP,KEROS,LIQUE,14.01
12901,JP,JP,PREC1,HOTEL,14.01
17608,JP,JP,WHOLE,ELEC5,14.01
13227,JP,JP,PROCE,SALEM,13.98
4598,JP,JP,ELEC4,PADDY,13.97
13155,JP,JP,PROCE,CHEM1,13.97
14125,JP,JP,RECRE,LANDT,13.95
16050,JP,JP,SUPPO,MEATC,13.95
585,JP,JP,AUXIL,GLASS,13.94
6268,JP,JP,FOOD5,ELEC4,13.93
16710,JP,JP,TRAN1,WEARI,13.93
15528,JP,JP,SECO9,PLAS1,13.93
10713,JP,JP,NONME,CROPS,13.91
5656,JP,JP,FISH5,FINAN,13.90
15427,JP,JP,SEACO,SUGA1,13.90
12723,JP,JP,POSTT,RETAI,13.88
14069,JP,JP,RECRE,BEVER,13.85
10907,JP,JP,OFFIC,BUSIN,13.85
6001,JP,JP,FOOD3,COLLE,13.85
6829,JP,JP,FURNI,FISH5,13.82
9095,JP,JP,MACHI,FOOD5,13.82
10153,JP,JP,MOTOR,RETA1,13.81
5614,JP,JP,FINAN,WOOD1,13.78
11316,JP,JP,PADDY,CROPS,13.77
11374,JP,JP,PADDY,PLAST,13.75
6483,JP,JP,FOODW,RAILW,13.75
17681,JP,JP,WHOLE,RADIO,13.75
3112,JP,JP,CROPS,INERT,13.75
7242,JP,JP,HEALT,ANIMA,13.75
11516,JP,JP,PAPE1,RAILW,13.74
12664,JP,JP,POSTT,KERO1,13.74
13620,JP,JP,RADIO,SALEM,13.74
4157,JP,JP,ELEC1,PIGS9,13.74
7569,JP,JP,HOTEL,DAIRY,13.73
13738,JP,JP,RAILW,PAPE1,13.72
14757,JP,JP,RETAI,BEVER,13.72
10061,JP,JP,MOTOR,COLLE,13.72
5731,JP,JP,FISH5,TRANS,13.71
10529,JP,JP,NONF1,ELEC6,13.70
2374,JP,JP,COKE1,RUBBE,13.70
4260,JP,JP,ELEC2,FORES,13.69
4562,JP,JP,ELEC4,GLASS,13.69
13602,JP,JP,RADIO,PREC1,13.68
6761,JP,JP,FOUND,SALEM,13.68
9869,JP,JP,MEMBE,SUPPO,13.67
13021,JP,JP,PRINT,ELE12,13.65
7474,JP,JP,HEAVY,NONF1,13.65
7644,JP,JP,HOTEL,PLANT,13.65
16043,JP,JP,SUPPO,LEATH,13.64
2823,JP,JP,CONST,ELEC5,13.62
1480,JP,JP,BUSIN,NFERT,13.61
1315,JP,JP,BLAST,WHOLE,13.60
1433,JP,JP,BUSIN,ELEC5,13.59
13991,JP,JP,REALE,MOTOR,13.58
4338,JP,JP,ELEC2,SECO9,13.57
11223,JP,JP,OXYGE,FABRI,13.56
2663,JP,JP,COMPU,ELE12,13.56
2225,JP,JP,COALT,BASIC,13.55
14950,JP,JP,RUBBE,KERO1,13.55
4523,JP,JP,ELEC4,CERAM,13.55
4758,JP,JP,ELEC5,REALE,13.54
7147,JP,JP,GLASS,FINAN,13.51
10548,JP,JP,NONF1,HEAVY,13.51
9685,JP,JP,MEDIC,NONME,13.51
14756,JP,JP,RETAI,BASIC,13.49
13348,JP,JP,PUBLI,REALE,13.49
8852,JP,JP,LIQUE,ELECT,13.47
17026,JP,JP,VEGE1,REALE,13.46
10727,JP,JP,NONME,ELEC8,13.44
2658,JP,JP,COMPU,DAIRY,13.44
10862,JP,JP,NONSP,KERO1,13.44
4220,JP,JP,ELEC2,BRICK,13.42
15758,JP,JP,STONE,PFERT,13.41
11723,JP,JP,PAPER,FORES,13.38
14440,JP,JP,RESEA,93197,13.38
5265,JP,JP,ELECT,PULP5,13.38
13750,JP,JP,RAILW,PREC1,13.35
16896,JP,JP,TRANS,RETA1,13.35
7856,JP,JP,INLAN,MACHI,13.34
8221,JP,JP,KERO1,BEVER,13.29
14183,JP,JP,RECRE,SEACO,13.27
6330,JP,JP,FOOD5,POSTT,13.26
9820,JP,JP,MEMBE,MOTO1,13.25
6233,JP,JP,FOOD5,ALUM1,13.25
8512,JP,JP,LANDT,NFERT,13.24
13341,JP,JP,PUBLI,PRINT,13.23
14355,JP,JP,RENTI,LEATH,13.21
14011,JP,JP,REALE,PFERT,13.21
13702,JP,JP,RAILW,HEAVY,13.20
1597,JP,JP,CATTL,MACHI,13.19
2057,JP,JP,CHEM1,OILHA,13.17
10914,JP,JP,OFFIC,COLLE,13.17
8888,JP,JP,LIQUE,MOTOR,13.17
5173,JP,JP,ELECT,COKEO,13.17
8562,JP,JP,LANDT,TEXT1,13.16
8411,JP,JP,KEROS,REFI1,13.15
10184,JP,JP,NAPHT,BASIC,13.15
7062,JP,JP,GASDI,STEAM,13.14
16724,JP,JP,TRAN2,BLAST,13.14
6781,JP,JP,FOUND,WOODW,13.12
4998,JP,JP,ELEC8,93197,13.12
2650,JP,JP,COMPU,COKE1,13.11
10556,JP,JP,NONF1,LEATH,13.09
4070,JP,JP,ELEC1,CATTL,13.09
3335,JP,JP,DAIRY,TEXTI,13.08
5594,JP,JP,FINAN,SECO9,13.08
7261,JP,JP,HEALT,CHEMI,13.08
12825,JP,JP,POULT,PLAST,13.07
4374,JP,JP,ELEC3,BUSIN,13.06
8417,JP,JP,KEROS,SUPPO,13.06
3964,JP,JP,ELE12,HOTEL,13.04
13657,JP,JP,RAILW,BRICK,13.03
231,JP,JP,AIRTR,MOTOR,13.01
755,JP,JP,BASIC,LANDT,13.01
14509,JP,JP,RESEA,LANDT,13.01
17044,JP,JP,VEGE1,TEXTI,13.00
11857,JP,JP,PETRO,CHEM1,12.99
6272,JP,JP,FOOD5,ELECT,12.99
13053,JP,JP,PRINT,KERO1,12.99
4051,JP,JP,ELE12,WHOLE,12.99
15395,JP,JP,SEACO,PFERT,12.98
10422,JP,JP,NFERT,ELEC1,12.98
2074,JP,JP,CHEM1,PRECI,12.97
9194,JP,JP,MACHI,WOOD1,12.97
3134,JP,JP,CROPS,NATUR,12.97
3258,JP,JP,DAIRY,FINAN,12.96
6121,JP,JP,FOOD4,CONST,12.94
2490,JP,JP,COLLE,CERAM,12.94
12665,JP,JP,POSTT,KEROS,12.91
4200,JP,JP,ELEC1,WEARI,12.90
4842,JP,JP,ELEC6,GASDI,12.89
4410,JP,JP,ELEC3,FOODW,12.88
3714,JP,JP,EDUCA,MACHI,12.88
4564,JP,JP,ELEC4,HEAVY,12.87
13628,JP,JP,RADIO,SUPPO,12.87
4084,JP,JP,ELEC1,CROPS,12.86
4387,JP,JP,ELEC3,COPP1,12.86
14083,JP,JP,RECRE,COLLE,12.86
4229,JP,JP,ELEC2,COALT,12.85
4740,JP,JP,ELEC5,PAPER,12.84
7446,JP,JP,HEAVY,HEALT,12.81
2675,JP,JP,COMPU,FISHF,12.81
14808,JP,JP,RETAI,INSUR,12.80
2700,JP,JP,COMPU,LIQUE,12.79
15131,JP,JP,SALEM,OILHA,12.78
15527,JP,JP,SECO9,PFERT,12.78
14421,JP,JP,RENTI,TEXT1,12.77
15299,JP,JP,SEACO,93197,12.76
17228,JP,JP,WASTE,HEALT,12.76
17002,JP,JP,VEGE1,NONME,12.76
8396,JP,JP,KEROS,LUBRI,12.75
10594,JP,JP,NONF1,PULP5,12.74
7645,JP,JP,HOTEL,PLAS1,12.72
15175,JP,JP,SALEM,TEXTI,12.72
2003,JP,JP,CHEM1,ELEC6,12.70
11683,JP,JP,PAPER,CATTL,12.70
1580,JP,JP,CATTL,FOOD5,12.65
5698,JP,JP,FISH5,PLAST,12.64
4009,JP,JP,ELE12,POSTT,12.63
11069,JP,JP,OILHA,OILHA,12.63
2249,JP,JP,COALT,HEALT,12.62
5655,JP,JP,FISH5,FABRI,12.62
17599,JP,JP,WHOLE,DIST1,12.61
6058,JP,JP,FOOD3,PAPE1,12.60
1646,JP,JP,CEMEN,BASIC,12.60
8236,JP,JP,KERO1,COLLE,12.57
9920,JP,JP,MOTO1,ELE12,12.57
16516,JP,JP,TOBAC,CONST,12.57
17750,JP,JP,WOOD1,ELEC2,12.56
23,JP,JP,93197,COLLE,12.56
13669,JP,JP,RAILW,COLLE,12.55
5287,JP,JP,ELECT,TEXT1,12.54
13782,JP,JP,RAILW,TRAN2,12.53
10863,JP,JP,NONSP,KEROS,12.53
3921,JP,JP,ELE12,CEMEN,12.52
17746,JP,JP,WOOD1,EDUCA,12.52
5716,JP,JP,FISH5,RUBBE,12.51
17768,JP,JP,WOOD1,FURNI,12.51
8113,JP,JP,INTER,INTER,12.51
17338,JP,JP,WEARI,DIST1,12.50
10252,JP,JP,NAPHT,PRINT,12.50
10057,JP,JP,MOTOR,CHEM1,12.50
736,JP,JP,BASIC,FISHF,12.48
7907,JP,JP,INLAN,WHOLE,12.48
10092,JP,JP,MOTOR,HOTEL,12.48
6576,JP,JP,FORES,HEALT,12.47
16053,JP,JP,SUPPO,MEMBE,12.46
18037,JP,JP,WOODW,MEATA,12.44
3508,JP,JP,DISTR,BRICK,12.42
13884,JP,JP,RAWMI,RAWMI,12.42
861,JP,JP,BEVER,ELEC2,12.42
12495,JP,JP,PLAST,COPP1,12.41
17282,JP,JP,WASTE,RENTI,12.40
4054,JP,JP,ELE12,WOODW,12.39
5298,JP,JP,ELECT,WEARI,12.38
5682,JP,JP,FISH5,MOTO1,12.37
5451,JP,JP,FABRI,VEGE1,12.37
3426,JP,JP,DIST1,MEDIC,12.37
12032,JP,JP,PFERT,VEGET,12.37
15988,JP,JP,SUPPO,BUSIN,12.37
12054,JP,JP,PIGS9,CHEM1,12.37
13780,JP,JP,RAILW,TOBAC,12.36
8644,JP,JP,LEAD1,OFFIC,12.36
8030,JP,JP,INSUR,SALEM,12.35
8029,JP,JP,INSUR,RUBBE,12.35
884,JP,JP,BEVER,INTER,12.33
2,JP,JP,93197,AIRTR,12.32
5098,JP,JP,ELEC8,PFERT,12.31
17273,JP,JP,WASTE,PUBLI,12.31
2602,JP,JP,COLLE,SANDC,12.29
13557,JP,JP,RADIO,GLASS,12.29
4166,JP,JP,ELEC1,PROCE,12.28
7941,JP,JP,INSUR,ELEC1,12.27
5123,JP,JP,ELEC8,SALEM,12.27
15374,JP,JP,SEACO,MEATC,12.27
565,JP,JP,AUXIL,ELEC3,12.26
8630,JP,JP,LEAD1,LEAD1,12.25
12940,JP,JP,PREC1,RUBBE,12.25
5534,JP,JP,FINAN,LEATH,12.24
3138,JP,JP,CROPS,NONME,12.23
569,JP,JP,AUXIL,ELEC8,12.23
13720,JP,JP,RAILW,MEATC,12.23
14482,JP,JP,RESEA,ELEC8,12.22
9950,JP,JP,MOTO1,INTER,12.22
654,JP,JP,AUXIL,SANDC,12.22
13054,JP,JP,PRINT,KEROS,12.22
888,JP,JP,BEVER,MACHI,12.21
7262,JP,JP,HEALT,COALT,12.19
9901,JP,JP,MOTO1,CERAM,12.18
4042,JP,JP,ELE12,TRAN1,12.18
9656,JP,JP,MEDIC,HEALT,12.18
11389,JP,JP,PADDY,SALEM,12.18
7606,JP,JP,HOTEL,KERO1,12.17
13305,JP,JP,PUBLI,LANDT,12.17
3631,JP,JP,DISTR,TEXT1,12.16
11012,JP,JP,OILHA,EDUCA,12.16
5327,JP,JP,FABRI,COALT,12.15
13979,JP,JP,REALE,LEATH,12.14
6898,JP,JP,FURNI,PULP5,12.14
13057,JP,JP,PRINT,LEATH,12.14
1973,JP,JP,CHEM1,BLAST,12.13
11016,JP,JP,OILHA,ELEC2,12.12
11034,JP,JP,OILHA,FURNI,12.12
16863,JP,JP,TRANS,MEDIC,12.12
9722,JP,JP,MEDIC,SEACO,12.11
6043,JP,JP,FOOD3,MACHI,12.11
6025,JP,JP,FOOD3,FOODW,12.11
4288,JP,JP,ELEC2,MEMBE,12.09
7063,JP,JP,GASDI,STONE,12.09
1466,JP,JP,BUSIN,LUBRI,12.07
3910,JP,JP,ELE12,ALUM1,12.06
18075,JP,JP,WOODW,RAILW,12.06
5600,JP,JP,FINAN,TEXT1,12.05
17805,JP,JP,WOOD1,PAPE1,12.03
7911,JP,JP,INSUR,AIRTR,12.03
719,JP,JP,BASIC,DIST1,12.03
11712,JP,JP,PAPER,ELEC8,12.02
15384,JP,JP,SEACO,NONF1,12.01
8878,JP,JP,LIQUE,LIQUE,11.99
8663,JP,JP,LEAD1,REALE,11.99
228,JP,JP,AIRTR,MEDIC,11.99
4013,JP,JP,ELE12,PRINT,11.98
1212,JP,JP,BLAST,BUSIN,11.98
9342,JP,JP,MEAT4,PFERT,11.98
8813,JP,JP,LEATH,WOODW,11.97
5960,JP,JP,FOOD2,REALE,11.97
8683,JP,JP,LEATH,93197,11.96
4624,JP,JP,ELEC4,RENTI,11.96
7574,JP,JP,HOTEL,ELE12,11.94
7024,JP,JP,GASDI,OFFIC,11.94
4753,JP,JP,ELEC5,PUBLI,11.93
8769,JP,JP,LEATH,PAPER,11.93
15481,JP,JP,SECO9,FABRI,11.93
8707,JP,JP,LEATH,CROPS,11.92
476,JP,JP,ANIMA,HOTEL,11.92
11040,JP,JP,OILHA,HOTEL,11.91
5648,JP,JP,FISH5,ELEC2,11.91
14681,JP,JP,RETA1,NATUR,11.91
2353,JP,JP,COKE1,PAPER,11.91
12702,JP,JP,POSTT,PLAS1,11.90
885,JP,JP,BEVER,LANDT,11.88
10026,JP,JP,MOTO1,TOBAC,11.85
15020,JP,JP,RUBBE,TEXT1,11.85
2495,JP,JP,COLLE,COKE1,11.84
1242,JP,JP,BLAST,FOOD5,11.83
14492,JP,JP,RESEA,FOODW,11.83
10700,JP,JP,NONME,CEMEN,11.81
17230,JP,JP,WASTE,HOTEL,11.81
5075,JP,JP,ELEC8,MEDIC,11.80
5643,JP,JP,FISH5,DIST1,11.80
15397,JP,JP,SEACO,PLANT,11.79
6664,JP,JP,FOUND,93197,11.79
15023,JP,JP,RUBBE,TOBAC,11.78
2054,JP,JP,CHEM1,NONSP,11.78
14468,JP,JP,RESEA,CROPS,11.78
4365,JP,JP,ELEC3,ALUM1,11.77
17567,JP,JP,WHITE,TRANS,11.77
8018,JP,JP,INSUR,RADIO,11.74
15189,JP,JP,SALEM,WOODW,11.74
4452,JP,JP,ELEC3,PAPE1,11.73
16379,JP,JP,TEXTI,BUSIN,11.72
4385,JP,JP,ELEC3,COMPU,11.71
5589,JP,JP,FINAN,RETAI,11.70
14903,JP,JP,RUBBE,CHEMI,11.69
12667,JP,JP,POSTT,LEAD1,11.69
9853,JP,JP,MEMBE,REALE,11.69
7434,JP,JP,HEAVY,FISH5,11.66
15368,JP,JP,SEACO,LIQUE,11.65
15142,JP,JP,SALEM,PLAS1,11.64
5140,JP,JP,ELEC8,VEGET,11.64
6769,JP,JP,FOUND,TEXTI,11.63
7342,JP,JP,HEALT,PLAS1,11.63
12028,JP,JP,PFERT,TEXTI,11.63
18066,JP,JP,WOODW,POSTT,11.62
4630,JP,JP,ELEC4,SANDC,11.61
13986,JP,JP,REALE,MEATC,11.61
4815,JP,JP,ELEC6,COPP1,11.61
9180,JP,JP,MACHI,TEXT1,11.60
5254,JP,JP,ELECT,PIGS9,11.59
2207,JP,JP,CHEMI,RUBBE,11.57
16611,JP,JP,TRAN1,FISHF,11.56
8668,JP,JP,LEAD1,SECO9,11.55
1767,JP,JP,CERAM,BASIC,11.54
12668,JP,JP,POSTT,LEATH,11.52
6206,JP,JP,FOOD4,RETA1,11.52
14744,JP,JP,RETA1,WHEAT,11.51
11569,JP,JP,PAPE4,COLLE,11.50
597,JP,JP,AUXIL,LEAD1,11.50
12237,JP,JP,PLAS1,COLLE,11.50
6925,JP,JP,FURNI,TRAN2,11.48
9606,JP,JP,MEDIC,ALUM1,11.47
1790,JP,JP,CERAM,EDUCA,11.47
13417,JP,JP,PULP5,FABRI,11.47
12681,JP,JP,POSTT,NAPHT,11.46
3626,JP,JP,DISTR,STEAM,11.46
2773,JP,JP,COMPU,VEGET,11.45
11493,JP,JP,PAPE1,OILHA,11.43
6710,JP,JP,FOUND,HEALT,11.43
17765,JP,JP,WOOD1,FOODW,11.43
2794,JP,JP,CONST,BLAST,11.42
7607,JP,JP,HOTEL,KEROS,11.41
13161,JP,JP,PROCE,CROPS,11.41
1404,JP,JP,BUSIN,BLAST,11.40
13622,JP,JP,RADIO,SEACO,11.39
13609,JP,JP,RADIO,RAILW,11.36
4021,JP,JP,ELE12,RECRE,11.34
8188,JP,JP,INTER,WHOLE,11.34
93,JP,JP,93197,PAPE1,11.34
7148,JP,JP,GLASS,FISH5,11.33
14953,JP,JP,RUBBE,LEAD1,11.31
13973,JP,JP,REALE,INTER,11.31
17604,JP,JP,WHOLE,ELEC1,11.29
4802,JP,JP,ELEC6,BUSIN,11.26
1994,JP,JP,CHEM1,DISTR,11.26
17378,JP,JP,WEARI,LIQUE,11.26
9138,JP,JP,MACHI,OILHA,11.24
51,JP,JP,93197,FOODW,11.24
8854,JP,JP,LIQUE,FINAN,11.23
11452,JP,JP,PAPE1,FOOD5,11.22
8656,JP,JP,LEAD1,PRINT,11.20
1582,JP,JP,CATTL,FORES,11.19
2308,JP,JP,COKE1,ELECT,11.19
14964,JP,JP,RUBBE,MEMBE,11.18
16439,JP,JP,TEXTI,MEMBE,11.18
5423,JP,JP,FABRI,RAILW,11.18
10598,JP,JP,NONF1,REALE,11.16
15269,JP,JP,SANDC,PUBLI,11.16
1416,JP,JP,BUSIN,COKEO,11.16
11207,JP,JP,OXYGE,CHEM1,11.16
11993,JP,JP,PFERT,NONME,11.15
6422,JP,JP,FOODW,FOOD5,11.15
6989,JP,JP,GASDI,GASDI,11.15
14967,JP,JP,RUBBE,NAPHT,11.14
8850,JP,JP,LIQUE,ELEC6,11.14
15098,JP,JP,SALEM,HEAVY,11.14
17309,JP,JP,WEARI,ALUM1,11.13
7611,JP,JP,HOTEL,LIQUE,11.12
4339,JP,JP,ELEC2,STEAM,11.12
8164,JP,JP,INTER,RESEA,11.10
17537,JP,JP,WHITE,FABRI,11.10
3985,JP,JP,ELE12,MOTOR,11.09
15933,JP,JP,SUGAR,LANDT,11.08
3721,JP,JP,EDUCA,MOTO1,11.06
5848,JP,JP,FISHF,SALEM,11.06
4477,JP,JP,ELEC3,RENTI,11.05
7013,JP,JP,GASDI,MEMBE,11.05
483,JP,JP,ANIMA,MACHI,11.05
428,JP,JP,ALUM1,WEARI,11.05
5719,JP,JP,FISH5,SEACO,11.05
6747,JP,JP,FOUND,PREC1,11.05
1979,JP,JP,CHEM1,CEREA,11.04
5384,JP,JP,FABRI,MEATC,11.02
7925,JP,JP,INSUR,CHEM1,11.02
2325,JP,JP,COKE1,HOTEL,11.02
9491,JP,JP,MEATC,PUBLI,11.02
5703,JP,JP,FISH5,PRINT,11.01
3954,JP,JP,ELE12,FOOD5,11.01
2350,JP,JP,COKE1,OXYGE,10.99
1834,JP,JP,CERAM,NONME,10.99
4471,JP,JP,ELEC3,RAILW,10.97
15589,JP,JP,STEAM,DIST1,10.97
6312,JP,JP,FOOD5,NONF1,10.96
2843,JP,JP,CONST,HEAVY,10.95
1751,JP,JP,CEMEN,TEXTI,10.95
13930,JP,JP,REALE,COKE1,10.94
16099,JP,JP,SUPPO,SECO9,10.94
7586,JP,JP,HOTEL,FISHF,10.92
10095,JP,JP,MOTOR,INSUR,10.92
9846,JP,JP,MEMBE,PRINT,10.90
8577,JP,JP,LANDT,WOOD1,10.90
8094,JP,JP,INTER,FABRI,10.90
13923,JP,JP,REALE,CEMEN,10.90
14776,JP,JP,RETAI,DIST1,10.89
3588,JP,JP,DISTR,OILHA,10.89
6545,JP,JP,FORES,CROPS,10.88
15187,JP,JP,SALEM,WOOD1,10.87
11386,JP,JP,PADDY,RETA1,10.87
4228,JP,JP,ELEC2,CHEMI,10.87
6798,JP,JP,FURNI,CEMEN,10.85
6822,JP,JP,FURNI,ELEC4,10.84
13409,JP,JP,PULP5,ELEC2,10.82
1352,JP,JP,BRICK,HEALT,10.82
10737,JP,JP,NONME,FOODW,10.82
933,JP,JP,BEVER,SEACO,10.82
9106,JP,JP,MACHI,INERT,10.82
12712,JP,JP,POSTT,PULP5,10.81
15412,JP,JP,SEACO,REALE,10.81
5475,JP,JP,FINAN,BRICK,10.80
3728,JP,JP,EDUCA,OFFIC,10.80
3646,JP,JP,DISTR,WOOD1,10.80
13033,JP,JP,PRINT,FISHF,10.80
10322,JP,JP,NATUR,HOTEL,10.80
8466,JP,JP,LANDT,ELEC6,10.80
17159,JP,JP,VEGET,SALEM,10.79
6614,JP,JP,FORES,PAPER,10.79
12638,JP,JP,POSTT,ELEC6,10.78
10778,JP,JP,NONME,PAPE1,10.78
16155,JP,JP,TEXT1,ELEC2,10.78
12691,JP,JP,POSTT,OILHA,10.77
3161,JP,JP,CROPS,PUBLI,10.76
3865,JP,JP,ELE11,PLAST,10.76
14684,JP,JP,RETA1,NONFE,10.74
16151,JP,JP,TEXT1,EDUCA,10.73
2540,JP,JP,COLLE,KERO1,10.73
16173,JP,JP,TEXT1,FURNI,10.72
6179,JP,JP,FOOD4,OILHA,10.72
13453,JP,JP,PULP5,NONFE,10.72
17807,JP,JP,WOOD1,PAPER,10.70
6105,JP,JP,FOOD4,BASIC,10.69
15034,JP,JP,RUBBE,WOOD1,10.68
5387,JP,JP,FABRI,MEMBE,10.68
11707,JP,JP,PAPER,ELEC3,10.67
12485,JP,JP,PLAST,CERAM,10.66
16802,JP,JP,TRANS,BASIC,10.66
15422,JP,JP,SEACO,SANDC,10.66
11526,JP,JP,PAPE1,RUBBE,10.66
3603,JP,JP,DISTR,POULT,10.65
14980,JP,JP,RUBBE,PADDY,10.64
18052,JP,JP,WOODW,OFFIC,10.64
860,JP,JP,BEVER,ELEC1,10.63
7743,JP,JP,INERT,HOTEL,10.62
15974,JP,JP,SUGAR,WHOLE,10.62
13964,JP,JP,REALE,GASDI,10.61
179,JP,JP,AIRTR,DIST1,10.60
10871,JP,JP,NONSP,NAPHT,10.59
12806,JP,JP,POULT,MACHI,10.58
14478,JP,JP,RESEA,ELEC3,10.57
14045,JP,JP,REALE,TEXT1,10.57
2489,JP,JP,COLLE,CEMEN,10.57
15490,JP,JP,SECO9,FURNI,10.56
5041,JP,JP,ELEC8,FISH5,10.56
5371,JP,JP,FABRI,INTER,10.56
4793,JP,JP,ELEC6,ALUM1,10.55
11839,JP,JP,PARAF,MOTOR,10.54
5859,JP,JP,FISHF,TEXTI,10.52
10746,JP,JP,NONME,HOTEL,10.51
3347,JP,JP,DAIRY,WOODW,10.49
2080,JP,JP,CHEM1,RAILW,10.49
13080,JP,JP,PRINT,OILHA,10.48
8145,JP,JP,INTER,PLAS1,10.48
5568,JP,JP,FINAN,PLAS1,10.48
4813,JP,JP,ELEC6,COMPU,10.47
15476,JP,JP,SECO9,ELEC4,10.47
9777,JP,JP,MEMBE,ELEC1,10.46
15435,JP,JP,SEACO,TRAN2,10.46
12675,JP,JP,POSTT,MEATC,10.44
5217,JP,JP,ELECT,KERO1,10.43
5607,JP,JP,FINAN,VEGE1,10.42
8805,JP,JP,LEATH,TRANS,10.42
16984,JP,JP,VEGE1,KERO1,10.42
10475,JP,JP,NFERT,REALE,10.42
18010,JP,JP,WOODW,FISHF,10.42
15599,JP,JP,STEAM,FABRI,10.42
5309,JP,JP,FABRI,ANIMA,10.42
13070,JP,JP,PRINT,NAPHT,10.41
12110,JP,JP,PIGS9,PIGS9,10.41
17702,JP,JP,WHOLE,TOBAC,10.41
17700,JP,JP,WHOLE,TEXT2,10.41
8818,JP,JP,LIQUE,BEVER,10.40
763,JP,JP,BASIC,MEATA,10.40
12245,JP,JP,PLAS1,EDUCA,10.39
3147,JP,JP,CROPS,PAPER,10.38
1763,JP,JP,CERAM,93197,10.38
16692,JP,JP,TRAN1,SEACO,10.37
12249,JP,JP,PLAS1,ELEC2,10.37
4497,JP,JP,ELEC3,TRANS,10.37
17346,JP,JP,WEARI,ELEC4,10.37
12311,JP,JP,PLAS1,PLAS1,10.36
12267,JP,JP,PLAS1,FURNI,10.36
14521,JP,JP,RESEA,MEMBE,10.34
11073,JP,JP,OILHA,PAPER,10.34
9693,JP,JP,MEDIC,PAPER,10.34
10205,JP,JP,NAPHT,ELEC2,10.34
5717,JP,JP,FISH5,SALEM,10.33
4508,JP,JP,ELEC4,93197,10.32
10395,JP,JP,NATUR,WHOLE,10.32
16616,JP,JP,TRAN1,FOODW,10.31
12728,JP,JP,POSTT,SECO9,10.30
16635,JP,JP,TRAN1,LIQUE,10.30
17739,JP,JP,WOOD1,COMPU,10.29
2588,JP,JP,COLLE,PULP5,10.29
13211,JP,JP,PROCE,PLAST,10.27
13112,JP,JP,PRINT,RETAI,10.27
8265,JP,JP,KERO1,FOUND,10.27
13006,JP,JP,PRINT,CHEMI,10.24
16370,JP,JP,TEXTI,ALUM1,10.24
6797,JP,JP,FURNI,CATTL,10.24
17058,JP,JP,VEGET,93197,10.24
13257,JP,JP,PUBLI,CHEM1,10.23
7070,JP,JP,GASDI,TOBAC,10.23
3159,JP,JP,CROPS,PRINT,10.23
1624,JP,JP,CATTL,RAWMI,10.21
16789,JP,JP,TRAN2,SUPPO,10.21
3636,JP,JP,DISTR,TRAN2,10.20
9804,JP,JP,MEMBE,INSUR,10.19
9583,JP,JP,MEATP,RETA1,10.19
14349,JP,JP,RENTI,INTER,10.19
6493,JP,JP,FOODW,RUBBE,10.18
11691,JP,JP,PAPER,COKE1,10.18
6548,JP,JP,FORES,DIST1,10.17
13115,JP,JP,PRINT,SANDC,10.17
12748,JP,JP,POSTT,WOOD1,10.17
1731,JP,JP,CEMEN,PRECI,10.16
9536,JP,JP,MEATP,ELEC1,10.16
7300,JP,JP,HEALT,INERT,10.15
7772,JP,JP,INERT,PLAS1,10.15
3524,JP,JP,DISTR,CROPS,10.15
12273,JP,JP,PLAS1,HOTEL,10.15
5302,JP,JP,ELECT,WOOD1,10.14
13126,JP,JP,PRINT,TOBAC,10.13
4316,JP,JP,ELEC2,POULT,10.11
17643,JP,JP,WHOLE,MEAT1,10.10
1744,JP,JP,CEMEN,RUBBE,10.10
9734,JP,JP,MEDIC,TRAN2,10.10
5619,JP,JP,FISH5,AIRTR,10.09
11787,JP,JP,PAPER,RAILW,10.08
573,JP,JP,AUXIL,FISH5,10.08
2392,JP,JP,COKE1,WHOLE,10.08
13446,JP,JP,PULP5,MEDIC,10.07
3507,JP,JP,DISTR,BLAST,10.07
12522,JP,JP,PLAST,HEALT,10.06
10503,JP,JP,NONF1,CATTL,10.05
6460,JP,JP,FOODW,OILHA,10.04
2541,JP,JP,COLLE,KEROS,10.03
6762,JP,JP,FOUND,SEACO,10.02
1840,JP,JP,CERAM,PAPER,10.02
17081,JP,JP,VEGET,CROPS,10.01
700,JP,JP,BASIC,BRICK,10.01
16895,JP,JP,TRANS,RESEA,10.01
7930,JP,JP,INSUR,COLLE,10.01
6632,JP,JP,FORES,REALE,10.00
11005,JP,JP,OILHA,COMPU,10.00
5465,JP,JP,FINAN,ANIMA,9.99
14351,JP,JP,RENTI,KERO1,9.98
5761,JP,JP,FISHF,CONST,9.97
1525,JP,JP,BUSIN,STEAM,9.96
12496,JP,JP,PLAST,CROPS,9.94
364,JP,JP,ALUM1,LEATH,9.92
7937,JP,JP,INSUR,DISTR,9.92
4444,JP,JP,ELEC3,NONF1,9.92
6950,JP,JP,GASDI,CEMEN,9.91
5918,JP,JP,FOOD2,HOTEL,9.91
10307,JP,JP,NATUR,FABRI,9.90
365,JP,JP,ALUM1,LIQUE,9.90
8560,JP,JP,LANDT,SUGAR,9.90
4901,JP,JP,ELEC6,RAILW,9.90
2892,JP,JP,CONST,POULT,9.89
10971,JP,JP,OFFIC,SECO9,9.89
8786,JP,JP,LEATH,RECRE,9.89
8865,JP,JP,LIQUE,GASDI,9.89
3013,JP,JP,COPP1,PAPER,9.88
6373,JP,JP,FOOD5,WOOD2,9.88
2833,JP,JP,CONST,FOOD4,9.85
17343,JP,JP,WEARI,ELEC1,9.84
11490,JP,JP,PAPE1,NONME,9.84
7448,JP,JP,HEAVY,HOTEL,9.83
3990,JP,JP,ELE12,NONF1,9.82
5218,JP,JP,ELECT,KEROS,9.81
13137,JP,JP,PRINT,WOOD1,9.81
15329,JP,JP,SEACO,DAIRY,9.81
8111,JP,JP,INTER,HOTEL,9.81
8065,JP,JP,INTER,BUSIN,9.80
204,JP,JP,AIRTR,GASDI,9.80
1864,JP,JP,CERAM,SEACO,9.80
608,JP,JP,AUXIL,MEMBE,9.79
18086,JP,JP,WOODW,SALEM,9.79
4037,JP,JP,ELE12,SUPPO,9.79
17632,JP,JP,WHOLE,INLAN,9.79
6458,JP,JP,FOODW,NONME,9.78
13696,JP,JP,RAILW,FORES,9.77
3285,JP,JP,DAIRY,MEATC,9.77
7936,JP,JP,INSUR,DIST1,9.77
2435,JP,JP,COKEO,LEAD1,9.76
11429,JP,JP,PAPE1,COPP1,9.76
6399,JP,JP,FOODW,COPP1,9.76
3679,JP,JP,EDUCA,ELEC2,9.76
10754,JP,JP,NONME,LIQUE,9.76
6810,JP,JP,FURNI,COPP1,9.76
10417,JP,JP,NFERT,DIST1,9.76
5059,JP,JP,ELEC8,INSUR,9.75
7275,JP,JP,HEALT,ELEC1,9.75
7623,JP,JP,HOTEL,NAPHT,9.74
16660,JP,JP,TRAN1,PAPE1,9.73
4812,JP,JP,ELEC6,COLLE,9.73
8919,JP,JP,LIQUE,RECRE,9.72
8715,JP,JP,LEATH,ELEC2,9.72
16985,JP,JP,VEGE1,KEROS,9.72
13505,JP,JP,RADIO,AUXIL,9.70
9935,JP,JP,MOTO1,FOOD4,9.70
8926,JP,JP,LIQUE,RUBBE,9.70
17694,JP,JP,WHOLE,SECO9,9.69
3669,JP,JP,EDUCA,CONST,9.68
14371,JP,JP,RENTI,NFERT,9.68
12840,JP,JP,POULT,RUBBE,9.67
17774,JP,JP,WOOD1,HOTEL,9.66
14227,JP,JP,REFI1,LIQUE,9.66
4734,JP,JP,ELEC5,OFFIC,9.66
17257,JP,JP,WASTE,OILHA,9.66
5920,JP,JP,FOOD2,INTER,9.66
13262,JP,JP,PUBLI,COLLE,9.66
1268,JP,JP,BLAST,MEMBE,9.65
4629,JP,JP,ELEC4,SALEM,9.65
16751,JP,JP,TRAN2,GASWO,9.65
3031,JP,JP,COPP1,RENTI,9.64
8981,JP,JP,LUBRI,HEALT,9.63
5443,JP,JP,FABRI,TEXT1,9.63
5982,JP,JP,FOOD2,WOOD1,9.61
4604,JP,JP,ELEC4,PFERT,9.59
14394,JP,JP,RENTI,PREC1,9.59
404,JP,JP,ALUM1,REALE,9.59
15065,JP,JP,SALEM,COPP1,9.58
7012,JP,JP,GASDI,MEDIC,9.58
1506,JP,JP,BUSIN,PROCE,9.58
17311,JP,JP,WEARI,AUXIL,9.57
18047,JP,JP,WOODW,NONF1,9.55
1092,JP,JP,BITU1,KERO1,9.54
13639,JP,JP,RADIO,WEARI,9.53
7170,JP,JP,GLASS,LUBRI,9.52
3057,JP,JP,CROPS,ANIMA,9.52
16617,JP,JP,TRAN1,FORES,9.50
13013,JP,JP,PRINT,COPP1,9.50
14672,JP,JP,RETA1,MEATA,9.49
5947,JP,JP,FOOD2,PLAS1,9.49
9774,JP,JP,MEMBE,EDUCA,9.49
11601,JP,JP,PAPE4,HOTEL,9.48
1942,JP,JP,CEREA,RAWMI,9.47
13583,JP,JP,RADIO,NONF1,9.46
7113,JP,JP,GLASS,AUXIL,9.46
13488,JP,JP,PULP5,TEXT2,9.45
6257,JP,JP,FOOD5,COPP1,9.44
1799,JP,JP,CERAM,FINAN,9.44
14352,JP,JP,RENTI,KEROS,9.42
738,JP,JP,BASIC,FOOD4,9.42
12734,JP,JP,POSTT,TEXT1,9.41
17563,JP,JP,WHITE,RADIO,9.38
13264,JP,JP,PUBLI,CONST,9.37
4209,JP,JP,ELEC2,AIRTR,9.37
14307,JP,JP,RENTI,COKEO,9.37
5027,JP,JP,ELEC8,DAIRY,9.37
14268,JP,JP,REFIN,KERO1,9.37
9515,JP,JP,MEATC,WHOLE,9.37
2674,JP,JP,COMPU,FISH5,9.36
16630,JP,JP,TRAN1,KERO1,9.35
5259,JP,JP,ELECT,POULT,9.33
14537,JP,JP,RESEA,PAPE1,9.33
1514,JP,JP,BUSIN,REFI1,9.32
5062,JP,JP,ELEC8,KERO1,9.32
7025,JP,JP,GASDI,OILHA,9.32
2695,JP,JP,COMPU,KERO1,9.32
14401,JP,JP,RENTI,RAILW,9.31
9963,JP,JP,MOTO1,MEATC,9.31
14996,JP,JP,RUBBE,PROCE,9.31
8667,JP,JP,LEAD1,RUBBE,9.31
16389,JP,JP,TEXTI,COMPU,9.30
8278,JP,JP,KERO1,KERO1,9.28
14296,JP,JP,RENTI,BRICK,9.27
4927,JP,JP,ELEC6,TRANS,9.25
917,JP,JP,BEVER,PRINT,9.25
16669,JP,JP,TRAN1,PLAST,9.24
7655,JP,JP,HOTEL,PULP5,9.23
14884,JP,JP,RUBBE,ANIMA,9.22
5376,JP,JP,FABRI,LEAD1,9.20
1786,JP,JP,CERAM,CROPS,9.20
9927,JP,JP,MOTO1,ELEC8,9.18
15126,JP,JP,SALEM,NONF1,9.18
4701,JP,JP,ELEC5,FURNI,9.18
8189,JP,JP,INTER,WOOD1,9.18
1341,JP,JP,BRICK,FABRI,9.18
16438,JP,JP,TEXTI,MEDIC,9.18
10901,JP,JP,OFFIC,BASIC,9.18
14567,JP,JP,RESEA,SALEM,9.17
16212,JP,JP,TEXT1,PAPER,9.17
14836,JP,JP,RETAI,PAPER,9.15
12510,JP,JP,PLAST,FISH5,9.14
9077,JP,JP,MACHI,EDUCA,9.14
10375,JP,JP,NATUR,RETA1,9.13
17600,JP,JP,WHOLE,DISTR,9.13
7554,JP,JP,HOTEL,CEMEN,9.13
178,JP,JP,AIRTR,DAIRY,9.11
16647,JP,JP,TRAN1,NAPHT,9.11
3500,JP,JP,DISTR,AUXIL,9.11
2610,JP,JP,COLLE,TEXT1,9.11
10148,JP,JP,MOTOR,RECRE,9.10
4646,JP,JP,ELEC4,VEGET,9.10
1036,JP,JP,BIOG1,STEAM,9.09
10590,JP,JP,NONF1,PREC1,9.09
15817,JP,JP,SUGA1,ELEC1,9.08
6709,JP,JP,FOUND,GLASS,9.07
4677,JP,JP,ELEC5,CONST,9.07
4755,JP,JP,ELEC5,RADIO,9.07
14238,JP,JP,REFI1,REFI1,9.07
3121,JP,JP,CROPS,LIQUE,9.06
2557,JP,JP,COLLE,NAPHT,9.06
2173,JP,JP,CHEMI,MACHI,9.04
17322,JP,JP,WEARI,CEMEN,9.03
4102,JP,JP,ELEC1,FISHF,9.03
6274,JP,JP,FOOD5,FINAN,9.03
9785,JP,JP,MEMBE,FABRI,9.02
14419,JP,JP,RENTI,SUGAR,9.01
13515,JP,JP,RADIO,CEMEN,9.00
16644,JP,JP,TRAN1,MEMBE,8.99
17199,JP,JP,WASTE,CONST,8.99
4873,JP,JP,ELEC6,NONF1,8.98
17420,JP,JP,WEARI,PULP5,8.98
17969,JP,JP,WOODW,ANIMA,8.97
13001,JP,JP,PRINT,CEMEN,8.95
9761,JP,JP,MEMBE,CHEM1,8.94
11748,JP,JP,PAPER,MEATC,8.94
1594,JP,JP,CATTL,LEATH,8.94
5802,JP,JP,FISHF,LIQUE,8.93
15084,JP,JP,SALEM,FISH5,8.93
16761,JP,JP,TRAN2,MACHI,8.92
7222,JP,JP,GLASS,SUPPO,8.91
14733,JP,JP,RETA1,TEXT2,8.90
9619,JP,JP,MEDIC,CERAM,8.90
2770,JP,JP,COMPU,TRAN2,8.90
18076,JP,JP,WOODW,RAWMI,8.90
1093,JP,JP,BITU1,KEROS,8.90
7521,JP,JP,HEAVY,SUPPO,8.89
2285,JP,JP,COKE1,BUSIN,8.88
15440,JP,JP,SEACO,WEARI,8.88
11362,JP,JP,PADDY,NFERT,8.87
15634,JP,JP,STEAM,MEMBE,8.87
6282,JP,JP,FOOD5,FORES,8.87
4412,JP,JP,ELEC3,FOUND,8.86
12124,JP,JP,PIGS9,RENTI,8.85
5234,JP,JP,ELECT,NAPHT,8.84
2315,JP,JP,COKE1,FOOD5,8.84
12923,JP,JP,PREC1,PAPER,8.84
12306,JP,JP,PLAS1,PAPER,8.83
2186,JP,JP,CHEMI,NONME,8.82
1829,JP,JP,CERAM,MEDIC,8.82
7472,JP,JP,HEAVY,NATUR,8.82
16144,JP,JP,TEXT1,COMPU,8.82
11213,JP,JP,OXYGE,CONST,8.82
15695,JP,JP,STEAM,WOODW,8.81
14441,JP,JP,RESEA,AIRTR,8.81
8632,JP,JP,LEAD1,LIQUE,8.81
14228,JP,JP,REFI1,LUBRI,8.79
5503,JP,JP,FINAN,ELEC5,8.78
8982,JP,JP,LUBRI,HEAVY,8.78
5973,JP,JP,FOOD2,TEXT1,8.78
7253,JP,JP,HEALT,BRICK,8.77
16753,JP,JP,TRAN2,HEALT,8.77
13123,JP,JP,PRINT,TEXT1,8.77
11271,JP,JP,OXYGE,RADIO,8.77
8863,JP,JP,LIQUE,FOUND,8.77
2759,JP,JP,COMPU,SECO9,8.76
17827,JP,JP,WOOD1,RECRE,8.76
14064,JP,JP,RECRE,AIRTR,8.76
2829,JP,JP,CONST,FISH5,8.75
10185,JP,JP,NAPHT,BEVER,8.75
16631,JP,JP,TRAN1,KEROS,8.75
2699,JP,JP,COMPU,LEATH,8.75
2475,JP,JP,COLLE,AIRTR,8.75
5528,JP,JP,FINAN,INTER,8.75
8845,JP,JP,LIQUE,ELEC1,8.75
7078,JP,JP,GASDI,WEARI,8.74
5063,JP,JP,ELEC8,KEROS,8.74
7111,JP,JP,GLASS,ALUM1,8.74
2696,JP,JP,COMPU,KEROS,8.74
14269,JP,JP,REFIN,KEROS,8.73
599,JP,JP,AUXIL,LIQUE,8.73
2112,JP,JP,CHEM1,WHEAT,8.73
13490,JP,JP,PULP5,TOBAC,8.73
16044,JP,JP,SUPPO,LIQUE,8.72
8824,JP,JP,LIQUE,BUSIN,8.72
10790,JP,JP,NONME,PUBLI,8.71
17184,JP,JP,WASTE,BASIC,8.71
17334,JP,JP,WEARI,COPP1,8.70
11484,JP,JP,PAPE1,MOTOR,8.70
16844,JP,JP,TRANS,HEALT,8.69
1526,JP,JP,BUSIN,STONE,8.68
15663,JP,JP,STEAM,RAILW,8.68
2620,JP,JP,COLLE,WEARI,8.68
11504,JP,JP,PAPE1,PLAS1,8.68
16012,JP,JP,SUPPO,ELEC3,8.67
1607,JP,JP,CATTL,NFERT,8.67
9064,JP,JP,MACHI,CHEMI,8.66
8279,JP,JP,KERO1,KEROS,8.66
14494,JP,JP,RESEA,FOUND,8.65
8044,JP,JP,INSUR,TRANS,8.65
2345,JP,JP,COKE1,NONF1,8.65
15303,JP,JP,SEACO,AUXIL,8.65
10812,JP,JP,NONME,TRAN1,8.63
13714,JP,JP,RAILW,LIQUE,8.63
9034,JP,JP,LUBRI,SUPPO,8.63
9907,JP,JP,MOTO1,COKE1,8.61
11444,JP,JP,PAPE1,ELECT,8.60
913,JP,JP,BEVER,POSTT,8.60
6578,JP,JP,FORES,HOTEL,8.58
6142,JP,JP,FOOD4,FOOD4,8.58
286,JP,JP,AIRTR,TEXTI,8.58
15776,JP,JP,STONE,STEAM,8.58
17353,JP,JP,WEARI,FISH5,8.57
14922,JP,JP,RUBBE,ELEC4,8.56
11369,JP,JP,PADDY,PAPER,8.56
4182,JP,JP,ELEC1,SEACO,8.55
6414,JP,JP,FOODW,ELECT,8.54
10797,JP,JP,NONME,RENTI,8.53
12238,JP,JP,PLAS1,COMPU,8.53
10349,JP,JP,NATUR,OFFIC,8.52
1845,JP,JP,CERAM,PLAST,8.51
6940,JP,JP,GASDI,ANIMA,8.51
17733,JP,JP,WOOD1,CHEM1,8.51
12493,JP,JP,PLAST,COLLE,8.50
2407,JP,JP,COKEO,CONST,8.50
2754,JP,JP,COMPU,RETAI,8.50
15311,JP,JP,SEACO,BRICK,8.49
11549,JP,JP,PAPE1,WOOD1,8.49
15497,JP,JP,SECO9,INTER,8.49
9857,JP,JP,MEMBE,RENTI,8.48
11093,JP,JP,OILHA,RECRE,8.47
3442,JP,JP,DIST1,PAPE1,8.46
2643,JP,JP,COMPU,CEMEN,8.46
2893,JP,JP,CONST,PREC1,8.46
11639,JP,JP,PAPE4,PUBLI,8.45
13661,JP,JP,RAILW,CERAM,8.45
855,JP,JP,BEVER,DIST1,8.45
14368,JP,JP,RENTI,NAPHT,8.45
16967,JP,JP,VEGE1,FINAN,8.41
11599,JP,JP,PAPE4,HEALT,8.41
16016,JP,JP,SUPPO,ELEC8,8.40
13987,JP,JP,REALE,MEATP,8.40
13065,JP,JP,PRINT,MEATP,8.39
6784,JP,JP,FURNI,AIRTR,8.39
8972,JP,JP,LUBRI,FINAN,8.39
8413,JP,JP,KEROS,RENTI,8.39
13061,JP,JP,PRINT,MEAT1,8.38
14977,JP,JP,RUBBE,OILHA,8.36
10712,JP,JP,NONME,COPP1,8.36
4369,JP,JP,ELEC3,BEVER,8.35
15207,JP,JP,SANDC,COKEO,8.34
3959,JP,JP,ELE12,GASDI,8.34
14170,JP,JP,RECRE,RAILW,8.33
9704,JP,JP,MEDIC,PRINT,8.32
15000,JP,JP,RUBBE,RAILW,8.32
18040,JP,JP,WOODW,MEDIC,8.32
15868,JP,JP,SUGA1,PUBLI,8.31
2743,JP,JP,COMPU,PULP5,8.31
12302,JP,JP,PLAS1,OILHA,8.30
87,JP,JP,93197,NONME,8.30
10858,JP,JP,NONSP,GLASS,8.30
2840,JP,JP,CONST,GASWO,8.30
7535,JP,JP,HEAVY,WHOLE,8.30
10340,JP,JP,NATUR,MOTOR,8.29
3326,JP,JP,DAIRY,SEACO,8.29
3432,JP,JP,DIST1,NATUR,8.29
5684,JP,JP,FISH5,NFERT,8.28
5750,JP,JP,FISHF,BUSIN,8.28
11411,JP,JP,PAPE1,BEVER,8.28
2020,JP,JP,CHEM1,GASWO,8.27
6382,JP,JP,FOODW,BEVER,8.26
3204,JP,JP,CRUDE,HEAVY,8.26
587,JP,JP,AUXIL,HEAVY,8.25
13634,JP,JP,RADIO,TRAN2,8.24
4551,JP,JP,ELEC4,FISH5,8.23
17436,JP,JP,WEARI,SECO9,8.23
6186,JP,JP,FOOD4,PLAS1,8.22
16999,JP,JP,VEGE1,NAPHT,8.22
10999,JP,JP,OILHA,CHEM1,8.21
6666,JP,JP,FOUND,ANIMA,8.20
574,JP,JP,AUXIL,FISHF,8.20
9586,JP,JP,MEATP,SALEM,8.20
3544,JP,JP,DISTR,FOOD4,8.20
15683,JP,JP,STEAM,TEXTI,8.19
10315,JP,JP,NATUR,FOUND,8.18
2322,JP,JP,COKE1,GLASS,8.15
16578,JP,JP,TRAN1,BRICK,8.14
3418,JP,JP,DIST1,LIQUE,8.14
400,JP,JP,ALUM1,PULP5,8.13
7799,JP,JP,INERT,TEXT1,8.13
8519,JP,JP,LANDT,OILHA,8.13
1601,JP,JP,CATTL,MEATP,8.12
879,JP,JP,BEVER,GLASS,8.12
9952,JP,JP,MOTO1,KERO1,8.12
11780,JP,JP,PAPER,PREC1,8.11
264,JP,JP,AIRTR,RAILW,8.11
7457,JP,JP,HEAVY,LEAD1,8.11
7401,JP,JP,HEAVY,BITU1,8.10
5079,JP,JP,ELEC8,NAPHT,8.09
2001,JP,JP,CHEM1,ELEC4,8.09
9750,JP,JP,MEMBE,AUXIL,8.09
2870,JP,JP,CONST,NFERT,8.08
14089,JP,JP,RECRE,DIST1,8.07
5067,JP,JP,ELEC8,LIQUE,8.07
6777,JP,JP,FOUND,WEARI,8.06
4724,JP,JP,ELEC5,MOTO1,8.05
5064,JP,JP,ELEC8,LANDT,8.05
16594,JP,JP,TRAN1,CROPS,8.05
175,JP,JP,AIRTR,COPP1,8.04
17141,JP,JP,VEGET,PLAST,8.04
7808,JP,JP,INERT,WOOD1,8.04
16787,JP,JP,TRAN2,RUBBE,8.03
14429,JP,JP,RENTI,VEGE1,8.03
10189,JP,JP,NAPHT,BLAST,8.03
903,JP,JP,BEVER,OILHA,8.03
4766,JP,JP,ELEC5,RUBBE,8.02
12431,JP,JP,PLAS2,PAPE1,8.02
17943,JP,JP,WOOD2,REALE,8.01
11624,JP,JP,PAPE4,OILHA,8.01
15731,JP,JP,STONE,FORES,7.99
1450,JP,JP,BUSIN,GASWO,7.99
4108,JP,JP,ELEC1,FORES,7.98
14615,JP,JP,RETA1,COALT,7.98
9988,JP,JP,MOTO1,PFERT,7.98
1443,JP,JP,BUSIN,FOOD4,7.96
8264,JP,JP,KERO1,FORES,7.96
8867,JP,JP,LIQUE,GLASS,7.95
15076,JP,JP,SALEM,ELEC3,7.95
10128,JP,JP,MOTOR,PAPER,7.94
15777,JP,JP,STONE,STONE,7.93
16179,JP,JP,TEXT1,HOTEL,7.93
5222,JP,JP,ELECT,LIQUE,7.93
5661,JP,JP,FISH5,FOODW,7.92
2068,JP,JP,CHEM1,PLAS1,7.91
11833,JP,JP,PARAF,GASDI,7.91
14144,JP,JP,RECRE,NONME,7.90
2012,JP,JP,CHEM1,FOOD3,7.90
10946,JP,JP,OFFIC,MEDIC,7.90
6549,JP,JP,FORES,DISTR,7.89
314,JP,JP,ALUM1,CEMEN,7.89
14956,JP,JP,RUBBE,LUBRI,7.89
13274,JP,JP,PUBLI,ELEC2,7.88
6718,JP,JP,FOUND,LEATH,7.88
15052,JP,JP,SALEM,CATTL,7.88
4840,JP,JP,ELEC6,FOUND,7.88
3310,JP,JP,DAIRY,PRINT,7.87
544,JP,JP,AUXIL,CERAM,7.87
7079,JP,JP,GASDI,WHEAT,7.87
6188,JP,JP,FOOD4,PLAST,7.85
13357,JP,JP,PUBLI,SALEM,7.84
9915,JP,JP,MOTO1,DAIRY,7.84
9957,JP,JP,MOTO1,LIQUE,7.84
8895,JP,JP,LIQUE,OFFIC,7.83
15509,JP,JP,SECO9,MOTO1,7.83
14579,JP,JP,RESEA,TRAN1,7.81
17972,JP,JP,WOODW,BEVER,7.80
3743,JP,JP,EDUCA,PRINT,7.79
1678,JP,JP,CEMEN,ELECT,7.79
3764,JP,JP,EDUCA,SUPPO,7.79
666,JP,JP,AUXIL,TRAN1,7.79
4317,JP,JP,ELEC2,PREC1,7.79
4493,JP,JP,ELEC3,TEXTI,7.79
14960,JP,JP,RUBBE,MEATA,7.78
14846,JP,JP,RETAI,PRINT,7.78
8643,JP,JP,LEAD1,NONME,7.77
11535,JP,JP,PAPE1,TEXT1,7.77
2011,JP,JP,CHEM1,FOOD2,7.77
2624,JP,JP,COLLE,WOOD1,7.75
2038,JP,JP,CHEM1,MEAT1,7.75
13117,JP,JP,PRINT,SECO9,7.75
16380,JP,JP,TEXTI,CATTL,7.75
9953,JP,JP,MOTO1,KEROS,7.73
13248,JP,JP,PUBLI,AUXIL,7.73
1728,JP,JP,CEMEN,PLAST,7.72
11231,JP,JP,OXYGE,FURNI,7.72
6732,JP,JP,FOUND,NONF1,7.71
7082,JP,JP,GASDI,WOOD1,7.70
16694,JP,JP,TRAN1,STEAM,7.69
2576,JP,JP,COLLE,PFERT,7.69
15173,JP,JP,SALEM,TEXT1,7.69
2712,JP,JP,COMPU,NAPHT,7.68
14797,JP,JP,RETAI,FOODW,7.67
9518,JP,JP,MEATP,93197,7.66
5326,JP,JP,FABRI,CHEMI,7.66
9862,JP,JP,MEMBE,SALEM,7.65
294,JP,JP,AIRTR,WEARI,7.65
8240,JP,JP,KERO1,CROPS,7.65
3220,JP,JP,DAIRY,AIRTR,7.64
7993,JP,JP,INSUR,NONME,7.64
13384,JP,JP,PULP5,BEVER,7.63
5113,JP,JP,ELEC8,RAWMI,7.63
9326,JP,JP,MEAT4,MACHI,7.62
9163,JP,JP,MACHI,REALE,7.62
10732,JP,JP,NONME,FISHF,7.61
12066,JP,JP,PIGS9,ELEC2,7.61
7677,JP,JP,HOTEL,TEXT1,7.61
7943,JP,JP,INSUR,ELEC3,7.59
15152,JP,JP,SALEM,PULP5,7.59
10552,JP,JP,NONF1,KERO1,7.59
15455,JP,JP,SECO9,CERAM,7.58
2854,JP,JP,CONST,LEATH,7.58
4068,JP,JP,ELEC1,BRICK,7.58
2681,JP,JP,COMPU,FORES,7.56
3132,JP,JP,CROPS,MOTOR,7.56
4763,JP,JP,ELEC5,RESEA,7.56
5542,JP,JP,FINAN,MEATP,7.55
7514,JP,JP,HEAVY,SANDC,7.55
11488,JP,JP,PAPE1,NONF1,7.55
2042,JP,JP,CHEM1,MEATP,7.54
3778,JP,JP,EDUCA,WOODW,7.54
1104,JP,JP,BITU1,NAPHT,7.54
5485,JP,JP,FINAN,COKE1,7.54
6456,JP,JP,FOODW,NONF1,7.53
1631,JP,JP,CATTL,RUBBE,7.52
4797,JP,JP,ELEC6,BEVER,7.52
16232,JP,JP,TEXT1,RECRE,7.52
13857,JP,JP,RAWMI,MOTO1,7.51
223,JP,JP,AIRTR,MEAT1,7.51
16784,JP,JP,TRAN2,RENTI,7.51
1882,JP,JP,CERAM,WOODW,7.50
10082,JP,JP,MOTOR,FOOD4,7.50
172,JP,JP,AIRTR,COLLE,7.50
13091,JP,JP,PRINT,PLAS1,7.50
6296,JP,JP,FOOD5,LANDT,7.49
7067,JP,JP,GASDI,TEXT1,7.48
17337,JP,JP,WEARI,DAIRY,7.48
3082,JP,JP,CROPS,DIST1,7.48
7276,JP,JP,HEALT,ELEC2,7.47
4426,JP,JP,ELEC3,LEAD1,7.47
11630,JP,JP,PAPE4,PLAS1,7.46
17284,JP,JP,WASTE,RETA1,7.46
1830,JP,JP,CERAM,MEMBE,7.46
13009,JP,JP,PRINT,COKEO,7.45
10180,JP,JP,MOTOR,WOODW,7.44
13292,JP,JP,PUBLI,FURNI,7.44
5237,JP,JP,ELECT,NFERT,7.43
11924,JP,JP,PFERT,BEVER,7.43
4469,JP,JP,ELEC3,PULP5,7.42
6955,JP,JP,GASDI,CHEMI,7.41
8239,JP,JP,KERO1,COPP1,7.41
15103,JP,JP,SALEM,INTER,7.40
3368,JP,JP,DIST1,COALT,7.40
5669,JP,JP,FISH5,INSUR,7.40
12662,JP,JP,POSTT,INTER,7.40
18103,JP,JP,WOODW,VEGET,7.39
14274,JP,JP,REFIN,NAPHT,7.38
14834,JP,JP,RETAI,PAPE1,7.38
14456,JP,JP,RESEA,CERAM,7.38
11611,JP,JP,PAPE4,MACHI,7.37
2468,JP,JP,COKEO,TRANS,7.37
883,JP,JP,BEVER,INSUR,7.36
15547,JP,JP,SECO9,TEXT1,7.35
493,JP,JP,ANIMA,NFERT,7.35
7431,JP,JP,HEAVY,ELECT,7.35
7061,JP,JP,GASDI,SECO9,7.34
7206,JP,JP,GLASS,RAILW,7.34
5483,JP,JP,FINAN,CHEMI,7.34
8295,JP,JP,KERO1,NAPHT,7.34
16210,JP,JP,TEXT1,PAPE1,7.34
2779,JP,JP,COMPU,WOOD1,7.33
14727,JP,JP,RETA1,STEAM,7.33
5438,JP,JP,FABRI,STEAM,7.32
6281,JP,JP,FOOD5,FOODW,7.32
16941,JP,JP,VEGE1,CERAM,7.32
4077,JP,JP,ELEC1,COALT,7.32
17815,JP,JP,WOOD1,POSTT,7.31
4684,JP,JP,ELEC5,EDUCA,7.31
3551,JP,JP,DISTR,GASWO,7.31
13675,JP,JP,RAILW,DAIRY,7.31
10720,JP,JP,NONME,ELE12,7.31
4537,JP,JP,ELEC4,DAIRY,7.31
7522,JP,JP,HEAVY,TEXT1,7.30
8283,JP,JP,KERO1,LIQUE,7.29
16138,JP,JP,TEXT1,CHEM1,7.29
4570,JP,JP,ELEC4,KERO1,7.29
180,JP,JP,AIRTR,DISTR,7.28
3599,JP,JP,DISTR,PLAS1,7.27
5171,JP,JP,ELECT,COALT,7.27
8811,JP,JP,LEATH,WHOLE,7.27
7741,JP,JP,INERT,HEALT,7.27
16170,JP,JP,TEXT1,FOODW,7.26
11966,JP,JP,PFERT,FURNI,7.26
14512,JP,JP,RESEA,LIQUE,7.24
12326,JP,JP,PLAS1,RECRE,7.24
4403,JP,JP,ELEC3,FINAN,7.24
13709,JP,JP,RAILW,KERO1,7.24
7691,JP,JP,HOTEL,WOOD1,7.24
5099,JP,JP,ELEC8,PIGS9,7.23
6516,JP,JP,FOODW,WOOD1,7.23
14777,JP,JP,RETAI,DISTR,7.22
9125,JP,JP,MACHI,MEMBE,7.22
13166,JP,JP,PROCE,ELEC1,7.22
151,JP,JP,AIRTR,ALUM1,7.21
7753,JP,JP,INERT,MACHI,7.21
14442,JP,JP,RESEA,ALUM1,7.21
17749,JP,JP,WOOD1,ELEC1,7.20
4011,JP,JP,ELE12,PREC1,7.20
3919,JP,JP,ELE12,BUSIN,7.18
13356,JP,JP,PUBLI,RUBBE,7.18
15258,JP,JP,SANDC,PARAF,7.17
7745,JP,JP,INERT,INTER,7.16
10553,JP,JP,NONF1,KEROS,7.16
2340,JP,JP,COKE1,MEMBE,7.15
8546,JP,JP,LANDT,REFI1,7.15
3458,JP,JP,DIST1,RAILW,7.15
8176,JP,JP,INTER,TEXT1,7.15
13949,JP,JP,REALE,ELEC6,7.14
853,JP,JP,BEVER,CROPS,7.14
7650,JP,JP,HOTEL,PREC1,7.14
7088,JP,JP,GASWO,BLAST,7.14
3753,JP,JP,EDUCA,RENTI,7.14
6316,JP,JP,FOOD5,OFFIC,7.14
5856,JP,JP,FISHF,SUPPO,7.13
13454,JP,JP,PULP5,NONME,7.12
9085,JP,JP,MACHI,ELEC6,7.12
16671,JP,JP,TRAN1,POULT,7.12
5,JP,JP,93197,AUXIL,7.12
12707,JP,JP,POSTT,PREC1,7.10
2567,JP,JP,COLLE,OILHA,7.10
5645,JP,JP,FISH5,EDUCA,7.09
1287,JP,JP,BLAST,PRINT,7.08
12706,JP,JP,POSTT,POULT,7.08
13051,JP,JP,PRINT,INTER,7.07
11320,JP,JP,PADDY,EDUCA,7.07
4690,JP,JP,ELEC5,FABRI,7.07
102,JP,JP,93197,PLAST,7.07
11991,JP,JP,PFERT,NFERT,7.07
1668,JP,JP,CEMEN,DIST1,7.07
1166,JP,JP,BITUM,MACHI,7.07
11081,JP,JP,OILHA,POSTT,7.06
4923,JP,JP,ELEC6,TEXTI,7.05
6700,JP,JP,FOUND,FISHF,7.05
3135,JP,JP,CROPS,NFERT,7.04
7532,JP,JP,HEAVY,WEARI,7.04
17321,JP,JP,WEARI,CATTL,7.03
16112,JP,JP,SUPPO,VEGE1,7.02
12232,JP,JP,PLAS1,CHEM1,7.02
14257,JP,JP,REFIN,ELEC3,7.02
4436,JP,JP,ELEC3,MEDIC,7.01
14362,JP,JP,RENTI,MEATC,7.00
1441,JP,JP,BUSIN,FOOD2,6.99
2297,JP,JP,COKE1,COPP1,6.98
4135,JP,JP,ELEC1,MEMBE,6.98
14730,JP,JP,RETA1,SUGAR,6.98
6033,JP,JP,FOOD3,HOTEL,6.96
3604,JP,JP,DISTR,PREC1,6.96
3085,JP,JP,CROPS,ELE12,6.95
11015,JP,JP,OILHA,ELEC1,6.95
16569,JP,JP,TRAN1,AIRTR,6.95
4675,JP,JP,ELEC5,COLLE,6.95
11720,JP,JP,PAPER,FOOD4,6.94
11122,JP,JP,OILHA,WOOD1,6.94
8688,JP,JP,LEATH,BASIC,6.94
18043,JP,JP,WOODW,MOTOR,6.94
287,JP,JP,AIRTR,TOBAC,6.94
8885,JP,JP,LIQUE,MEDIC,6.93
11250,JP,JP,OXYGE,MOTO1,6.93
9642,JP,JP,MEDIC,FINAN,6.93
3805,JP,JP,ELE11,DISTR,6.93
17978,JP,JP,WOODW,BRICK,6.93
2765,JP,JP,COMPU,TEXT1,6.93
11962,JP,JP,PFERT,FOOD5,6.92
13710,JP,JP,RAILW,KEROS,6.92
6308,JP,JP,FOOD5,MOTO1,6.91
17926,JP,JP,WOOD2,PAPE1,6.90
14988,JP,JP,RUBBE,PLAS1,6.90
6503,JP,JP,FOODW,TEXT1,6.89
7948,JP,JP,INSUR,ELECT,6.88
5011,JP,JP,ELEC8,CATTL,6.88
6814,JP,JP,FURNI,DIST1,6.87
8083,JP,JP,INTER,EDUCA,6.87
11078,JP,JP,OILHA,PLAS1,6.87
10603,JP,JP,NONF1,RESEA,6.87
7034,JP,JP,GASDI,PIGS9,6.86
6204,JP,JP,FOOD4,RENTI,6.86
8105,JP,JP,INTER,FURNI,6.86
725,JP,JP,BASIC,ELEC2,6.85
10313,JP,JP,NATUR,FOOD5,6.85
5393,JP,JP,FABRI,NFERT,6.85
7780,JP,JP,INERT,PUBLI,6.84
3580,JP,JP,DISTR,NATUR,6.84
4571,JP,JP,ELEC4,KEROS,6.83
16415,JP,JP,TEXTI,FOUND,6.83
8939,JP,JP,LIQUE,TRANS,6.82
7343,JP,JP,HEALT,PLAS2,6.82
17434,JP,JP,WEARI,SANDC,6.81
12587,JP,JP,PLAST,VEGE1,6.81
8241,JP,JP,KERO1,DAIRY,6.81
9969,JP,JP,MOTO1,NAPHT,6.80
2278,JP,JP,COKE1,ALUM1,6.80
12398,JP,JP,PLAS2,FOODW,6.79
9146,JP,JP,MACHI,PFERT,6.79
15176,JP,JP,SALEM,TOBAC,6.79
13371,JP,JP,PUBLI,TRANS,6.79
1803,JP,JP,CERAM,FOOD5,6.79
14962,JP,JP,RUBBE,MEATP,6.78
10209,JP,JP,NAPHT,ELEC6,6.78
2526,JP,JP,COLLE,FORES,6.78
4855,JP,JP,ELEC6,LEAD1,6.77
3930,JP,JP,ELE12,COMPU,6.76
12841,JP,JP,POULT,SALEM,6.76
3605,JP,JP,DISTR,PRECI,6.75
9878,JP,JP,MEMBE,VEGET,6.75
8087,JP,JP,INTER,ELEC2,6.75
5142,JP,JP,ELEC8,WEARI,6.75
5025,JP,JP,ELEC8,CROPS,6.74
3097,JP,JP,CROPS,FISHF,6.74
922,JP,JP,BEVER,RAILW,6.73
12443,JP,JP,PLAS2,PUBLI,6.72
15613,JP,JP,STEAM,GLASS,6.72
17989,JP,JP,WOODW,COLLE,6.72
8346,JP,JP,KERO1,TEXTI,6.71
12355,JP,JP,PLAS1,WOOD1,6.70
13673,JP,JP,RAILW,CROPS,6.70
14671,JP,JP,RETA1,MEAT4,6.70
18074,JP,JP,WOODW,RADIO,6.69
4899,JP,JP,ELEC6,PULP5,6.69
14052,JP,JP,REALE,VEGE1,6.69
10236,JP,JP,NAPHT,MOTOR,6.67
17793,JP,JP,WOOD1,MOTO1,6.67
5550,JP,JP,FINAN,NFERT,6.66
16470,JP,JP,TEXTI,RAILW,6.66
7499,JP,JP,HEAVY,PUBLI,6.65
623,JP,JP,AUXIL,PAPE1,6.65
6471,JP,JP,FOODW,PLAS1,6.64
8428,JP,JP,LANDT,ANIMA,6.64
14475,JP,JP,RESEA,ELE12,6.64
80,JP,JP,93197,MOTOR,6.63
562,JP,JP,AUXIL,ELE12,6.63
9836,JP,JP,MEMBE,PAPER,6.63
5366,JP,JP,FABRI,HEAVY,6.62
6250,JP,JP,FOOD5,CHEMI,6.62
7944,JP,JP,INSUR,ELEC4,6.62
5164,JP,JP,ELECT,CATTL,6.60
13331,JP,JP,PUBLI,PAPER,6.59
15640,JP,JP,STEAM,NONF1,6.58
713,JP,JP,BASIC,COMPU,6.58
13074,JP,JP,PRINT,NONF1,6.58
8300,JP,JP,KERO1,NONME,6.56
10840,JP,JP,NONSP,COPP1,6.56
6871,JP,JP,FURNI,NONF1,6.55
15532,JP,JP,SECO9,PRINT,6.54
224,JP,JP,AIRTR,MEAT4,6.54
485,JP,JP,ANIMA,MEAT4,6.54
9721,JP,JP,MEDIC,SANDC,6.54
896,JP,JP,BEVER,MOTO1,6.54
11457,JP,JP,PAPE1,GASDI,6.53
14569,JP,JP,RESEA,SECO9,6.53
7956,JP,JP,INSUR,FOOD5,6.53
10414,JP,JP,NFERT,COPP1,6.53
16347,JP,JP,TEXT2,REALE,6.53
5633,JP,JP,FISH5,CHEM1,6.53
15508,JP,JP,SECO9,MEDIC,6.52
4293,JP,JP,ELEC2,NATUR,6.52
11043,JP,JP,OILHA,INTER,6.52
5439,JP,JP,FABRI,STONE,6.52
7037,JP,JP,GASDI,PLAST,6.51
14261,JP,JP,REFIN,ELEC8,6.51
5347,JP,JP,FABRI,ELEC6,6.50
2817,JP,JP,CONST,ELE11,6.50
15314,JP,JP,SEACO,CEMEN,6.50
4831,JP,JP,ELEC6,FINAN,6.50
15659,JP,JP,STEAM,PRINT,6.49
16059,JP,JP,SUPPO,NONF1,6.49
11059,JP,JP,OILHA,MOTO1,6.49
10204,JP,JP,NAPHT,ELEC1,6.48
12404,JP,JP,PLAS2,HEALT,6.48
8842,JP,JP,LIQUE,EDUCA,6.45
11269,JP,JP,OXYGE,PUBLI,6.45
8366,JP,JP,KEROS,BITU1,6.45
4318,JP,JP,ELEC2,PRECI,6.44
7155,JP,JP,GLASS,FOUND,6.44
5244,JP,JP,ELECT,OILHA,6.43
5108,JP,JP,ELEC8,PROCE,6.42
312,JP,JP,ALUM1,BUSIN,6.42
803,JP,JP,BASIC,RECRE,6.41
12194,JP,JP,PLANT,PAPE4,6.41
5598,JP,JP,FINAN,SUGAR,6.41
12948,JP,JP,PREC1,TEXTI,6.41
6621,JP,JP,FORES,PLAST,6.40
3559,JP,JP,DISTR,INTER,6.39
16391,JP,JP,TEXTI,COPP1,6.39
10936,JP,JP,OFFIC,HEALT,6.39
195,JP,JP,AIRTR,FISHF,6.38
16045,JP,JP,SUPPO,LUBRI,6.38
4401,JP,JP,ELEC3,ELECT,6.38
6137,JP,JP,FOOD4,FABRI,6.38
4018,JP,JP,ELE12,RAILW,6.38
4278,JP,JP,ELEC2,LEATH,6.37
14603,JP,JP,RETA1,BITU1,6.36
10932,JP,JP,OFFIC,FOUND,6.36
8639,JP,JP,LEAD1,MOTO1,6.36
8814,JP,JP,LIQUE,93197,6.36
6439,JP,JP,FOODW,LANDT,6.36
15651,JP,JP,STEAM,PFERT,6.35
11470,JP,JP,PAPE1,LANDT,6.35
7671,JP,JP,HOTEL,SECO9,6.35
4184,JP,JP,ELEC1,STEAM,6.35
8809,JP,JP,LEATH,WEARI,6.34
17394,JP,JP,WEARI,NONF1,6.34
8473,JP,JP,LANDT,FOOD2,6.34
4572,JP,JP,ELEC4,LANDT,6.33
17670,JP,JP,WHOLE,PIGS9,6.33
12502,JP,JP,PLAST,ELEC1,6.33
14796,JP,JP,RETAI,FOOD5,6.33
4587,JP,JP,ELEC4,NAPHT,6.32
543,JP,JP,AUXIL,CEMEN,6.32
2669,JP,JP,COMPU,ELEC6,6.32
2416,JP,JP,COKEO,ELEC2,6.31
14822,JP,JP,RETAI,MEDIC,6.31
15105,JP,JP,SALEM,KERO1,6.30
12918,JP,JP,PREC1,NONME,6.30
5536,JP,JP,FINAN,LUBRI,6.30
4451,JP,JP,ELEC3,PADDY,6.30
1497,JP,JP,BUSIN,PIGS9,6.29
4575,JP,JP,ELEC4,LIQUE,6.29
5916,JP,JP,FOOD2,HEALT,6.29
2698,JP,JP,COMPU,LEAD1,6.28
13401,JP,JP,PULP5,CROPS,6.28
7536,JP,JP,HEAVY,WOOD1,6.28
3249,JP,JP,DAIRY,ELEC1,6.28
2853,JP,JP,CONST,LEAD1,6.28
16220,JP,JP,TEXT1,POSTT,6.28
12183,JP,JP,PLANT,MACHI,6.27
1340,JP,JP,BRICK,ELECT,6.27
3472,JP,JP,DIST1,SECO9,6.27
7507,JP,JP,HEAVY,REFIN,6.27
9784,JP,JP,MEMBE,ELECT,6.26
15990,JP,JP,SUPPO,CEMEN,6.26
930,JP,JP,BEVER,RUBBE,6.26
3961,JP,JP,ELE12,GLASS,6.25
739,JP,JP,BASIC,FOOD5,6.25
779,JP,JP,BASIC,OILHA,6.25
11811,JP,JP,PAPER,TRAN1,6.25
6227,JP,JP,FOOD4,WHOLE,6.25
421,JP,JP,ALUM1,TOBAC,6.23
13233,JP,JP,PROCE,SUPPO,6.23
9972,JP,JP,MOTO1,NFERT,6.23
5184,JP,JP,ELECT,ELE11,6.22
5811,JP,JP,FISHF,MEMBE,6.22
10317,JP,JP,NATUR,GASDI,6.22
10699,JP,JP,NONME,CATTL,6.22
7508,JP,JP,HEAVY,RENTI,6.22
13516,JP,JP,RADIO,CERAM,6.21
9955,JP,JP,MOTO1,LEAD1,6.21
9269,JP,JP,MEAT1,WHOLE,6.20
6110,JP,JP,FOOD4,BUSIN,6.20
8046,JP,JP,INSUR,VEGET,6.20
7910,JP,JP,INSUR,93197,6.20
4076,JP,JP,ELEC1,CHEMI,6.19
8893,JP,JP,LIQUE,NONME,6.19
11052,JP,JP,OILHA,MACHI,6.19
12285,JP,JP,PLAS1,MACHI,6.18
16154,JP,JP,TEXT1,ELEC1,6.18
10242,JP,JP,NAPHT,OFFIC,6.18
2909,JP,JP,CONST,RETAI,6.18
579,JP,JP,AUXIL,FOODW,6.18
9661,JP,JP,MEDIC,INSUR,6.17
6825,JP,JP,FURNI,ELEC8,6.17
10513,JP,JP,NONF1,COLLE,6.17
3419,JP,JP,DIST1,LUBRI,6.17
4415,JP,JP,ELEC3,GLASS,6.15
850,JP,JP,BEVER,COMPU,6.15
5170,JP,JP,ELECT,CHEMI,6.15
17896,JP,JP,WOOD2,FOODW,6.15
15323,JP,JP,SEACO,COLLE,6.15
3303,JP,JP,DAIRY,PIGS9,6.15
14970,JP,JP,RUBBE,NFERT,6.15
13499,JP,JP,PULP5,WOOD2,6.14
437,JP,JP,ANIMA,ANIMA,6.13
6031,JP,JP,FOOD3,HEALT,6.13
13260,JP,JP,PUBLI,COKE1,6.13
10787,JP,JP,NONME,PREC1,6.12
13279,JP,JP,PUBLI,ELEC8,6.11
15707,JP,JP,STONE,CHEM1,6.11
3625,JP,JP,DISTR,SECO9,6.11
13244,JP,JP,PUBLI,93197,6.11
2850,JP,JP,CONST,KERO1,6.10
4377,JP,JP,ELEC3,CERAM,6.10
8530,JP,JP,LANDT,PLAS1,6.09
2152,JP,JP,CHEMI,FABRI,6.07
6531,JP,JP,FORES,BUSIN,6.07
3223,JP,JP,DAIRY,AUXIL,6.06
6079,JP,JP,FOOD3,RENTI,6.06
15183,JP,JP,SALEM,WEARI,6.06
12998,JP,JP,PRINT,BRICK,6.06
8778,JP,JP,LEATH,PRINT,6.06
13660,JP,JP,RAILW,CEMEN,6.05
9050,JP,JP,MACHI,BEVER,6.04
1863,JP,JP,CERAM,SALEM,6.04
12314,JP,JP,PLAS1,POSTT,6.04
3106,JP,JP,CROPS,GASDI,6.04
2545,JP,JP,COLLE,LIQUE,6.04
10047,JP,JP,MOTOR,BASIC,6.04
14354,JP,JP,RENTI,LEAD1,6.04
17030,JP,JP,VEGE1,RENTI,6.04
2722,JP,JP,COMPU,OILHA,6.03
17188,JP,JP,WASTE,BUSIN,6.02
14585,JP,JP,RESEA,WEARI,6.02
9861,JP,JP,MEMBE,RUBBE,6.01
46,JP,JP,93197,FISHF,6.01
9065,JP,JP,MACHI,COALT,6.01
4344,JP,JP,ELEC2,TEXT1,6.00
12936,JP,JP,PREC1,REALE,6.00
15360,JP,JP,SEACO,INSUR,6.00
7308,JP,JP,HEALT,LEAD1,6.00
10568,JP,JP,NONF1,NAPHT,5.99
9341,JP,JP,MEAT4,PARAF,5.98
14500,JP,JP,RESEA,HEAVY,5.98
6655,JP,JP,FORES,TRANS,5.98
14542,JP,JP,RESEA,PFERT,5.98
8269,JP,JP,KERO1,GLASS,5.98
18087,JP,JP,WOODW,SANDC,5.97
15088,JP,JP,SALEM,FOOD4,5.97
5806,JP,JP,FISHF,MEAT4,5.96
4044,JP,JP,ELE12,TRANS,5.96
4619,JP,JP,ELEC4,RAWMI,5.96
14753,JP,JP,RETAI,ALUM1,5.96
2757,JP,JP,COMPU,SANDC,5.96
9808,JP,JP,MEMBE,LANDT,5.95
12248,JP,JP,PLAS1,ELEC1,5.95
13192,JP,JP,PROCE,MACHI,5.95
14804,JP,JP,RETAI,HEALT,5.94
11537,JP,JP,PAPE1,TEXTI,5.94
31,JP,JP,93197,DISTR,5.94
14433,JP,JP,RENTI,WHEAT,5.94
6380,JP,JP,FOODW,AUXIL,5.93
11409,JP,JP,PAPE1,AUXIL,5.93
17738,JP,JP,WOOD1,COLLE,5.93
7110,JP,JP,GLASS,AIRTR,5.92
15479,JP,JP,SECO9,ELEC8,5.92
15106,JP,JP,SALEM,KEROS,5.91
5955,JP,JP,FOOD2,PUBLI,5.91
7286,JP,JP,HEALT,FOOD2,5.91
14325,JP,JP,RENTI,ELEC6,5.91
8121,JP,JP,INTER,MACHI,5.91
831,JP,JP,BASIC,WOOD1,5.90
6332,JP,JP,FOOD5,PREC1,5.89
9744,JP,JP,MEDIC,WOODW,5.89
9851,JP,JP,MEMBE,RAILW,5.88
7218,JP,JP,GLASS,SECO9,5.88
17349,JP,JP,WEARI,ELEC8,5.87
6205,JP,JP,FOOD4,RESEA,5.86
6070,JP,JP,FOOD3,PUBLI,5.85
9888,JP,JP,MOTO1,ANIMA,5.85
4417,JP,JP,ELEC3,HEAVY,5.84
8855,JP,JP,LIQUE,FISH5,5.84
2359,JP,JP,COKE1,PREC1,5.83
8949,JP,JP,LUBRI,93197,5.83
13726,JP,JP,RAILW,NAPHT,5.82
5576,JP,JP,FINAN,PROCE,5.82
8498,JP,JP,LANDT,LUBRI,5.82
14388,JP,JP,RENTI,PIGS9,5.80
227,JP,JP,AIRTR,MEATP,5.80
8142,JP,JP,INTER,PAPER,5.80
3372,JP,JP,DIST1,COMPU,5.80
11466,JP,JP,PAPE1,INTER,5.79
817,JP,JP,BASIC,TEXT1,5.79
11298,JP,JP,PADDY,ANIMA,5.78
2851,JP,JP,CONST,KEROS,5.78
16932,JP,JP,VEGE1,BASIC,5.78
10668,JP,JP,NONFE,PLAST,5.77
6321,JP,JP,FOOD5,PAPE1,5.77
14410,JP,JP,RENTI,RETAI,5.77
10276,JP,JP,NATUR,ALUM1,5.76
2855,JP,JP,CONST,LIQUE,5.76
2360,JP,JP,COKE1,PRINT,5.76
3654,JP,JP,EDUCA,AUXIL,5.76
4162,JP,JP,ELEC1,POULT,5.76
11275,JP,JP,OXYGE,RETA1,5.76
6912,JP,JP,FURNI,SANDC,5.75
3219,JP,JP,DAIRY,93197,5.75
7477,JP,JP,HEAVY,NONSP,5.75
868,JP,JP,BEVER,FABRI,5.74
15282,JP,JP,SANDC,STEAM,5.74
14823,JP,JP,RETAI,MOTOR,5.74
2052,JP,JP,CHEM1,NONFE,5.73
8551,JP,JP,LANDT,RETAI,5.73
4881,JP,JP,ELEC6,PADDY,5.73
9931,JP,JP,MOTO1,FISH5,5.72
11109,JP,JP,OILHA,TEXT1,5.72
9699,JP,JP,MEDIC,PLAST,5.72
9289,JP,JP,MEAT4,COKEO,5.71
724,JP,JP,BASIC,ELEC1,5.71
8076,JP,JP,INTER,COMPU,5.71
16198,JP,JP,TEXT1,MOTO1,5.71
1657,JP,JP,CEMEN,CHEM1,5.70
1167,JP,JP,BITUM,MEAT4,5.69
2354,JP,JP,COKE1,PFERT,5.68
6751,JP,JP,FOUND,PULP5,5.67
18056,JP,JP,WOODW,PAPE1,5.67
11407,JP,JP,PAPE1,ALUM1,5.67
6505,JP,JP,FOODW,TEXTI,5.67
10123,JP,JP,MOTOR,OILHA,5.66
2578,JP,JP,COLLE,PLAS1,5.66
7604,JP,JP,HOTEL,INTER,5.66
6378,JP,JP,FOODW,ALUM1,5.66
12896,JP,JP,PREC1,FURNI,5.66
10110,JP,JP,MOTOR,MEDIC,5.65
7999,JP,JP,INSUR,PADDY,5.65
14773,JP,JP,RETAI,COPP1,5.65
4057,JP,JP,ELEC1,AIRTR,5.65
6813,JP,JP,FURNI,DAIRY,5.65
4605,JP,JP,ELEC4,PIGS9,5.64
17033,JP,JP,VEGE1,RUBBE,5.63
1679,JP,JP,CEMEN,FABRI,5.63
13690,JP,JP,RAILW,FISHF,5.62
10744,JP,JP,NONME,HEALT,5.61
11264,JP,JP,OXYGE,PLAST,5.61
3748,JP,JP,EDUCA,RAILW,5.61
10218,JP,JP,NAPHT,GASWO,5.61
1765,JP,JP,CERAM,ALUM1,5.60
10210,JP,JP,NAPHT,ELECT,5.60
17767,JP,JP,WOOD1,FOUND,5.60
13995,JP,JP,REALE,NFERT,5.59
7610,JP,JP,HOTEL,LEATH,5.59
14921,JP,JP,RUBBE,ELEC3,5.59
13027,JP,JP,PRINT,ELEC6,5.59
3678,JP,JP,EDUCA,ELEC1,5.58
16109,JP,JP,SUPPO,TRAN1,5.58
3972,JP,JP,ELE12,LEAD1,5.58
4844,JP,JP,ELEC6,GLASS,5.57
15597,JP,JP,STEAM,ELEC6,5.57
8900,JP,JP,LIQUE,PAPER,5.57
9109,JP,JP,MACHI,INTER,5.57
9897,JP,JP,MOTO1,BRICK,5.56
12406,JP,JP,PLAS2,HOTEL,5.56
10344,JP,JP,NATUR,NFERT,5.56
11571,JP,JP,PAPE4,CONST,5.55
14018,JP,JP,REALE,PREC1,5.55
313,JP,JP,ALUM1,CATTL,5.55
13099,JP,JP,PRINT,PROCE,5.54
4706,JP,JP,ELEC5,HOTEL,5.54
14728,JP,JP,RETA1,STONE,5.54
328,JP,JP,ALUM1,DAIRY,5.54
14691,JP,JP,RETA1,OXYGE,5.54
4805,JP,JP,ELEC6,CERAM,5.54
9498,JP,JP,MEATC,RETA1,5.54
1026,JP,JP,BIOG1,REALE,5.53
12566,JP,JP,PLAST,PULP5,5.53
3424,JP,JP,DIST1,MEATC,5.53
17842,JP,JP,WOOD1,SUPPO,5.53
12292,JP,JP,PLAS1,MOTO1,5.52
17264,JP,JP,WASTE,PLAS1,5.52
4294,JP,JP,ELEC2,NFERT,5.51
8714,JP,JP,LEATH,ELEC1,5.51
471,JP,JP,ANIMA,FURNI,5.51
3581,JP,JP,DISTR,NFERT,5.51
16931,JP,JP,VEGE1,AUXIL,5.50
12609,JP,JP,POSTT,BRICK,5.49
6154,JP,JP,FOOD4,INTER,5.48
864,JP,JP,BEVER,ELEC5,5.47
1414,JP,JP,BUSIN,COALT,5.47
17330,JP,JP,WEARI,COKEO,5.47
12128,JP,JP,PIGS9,RUBBE,5.45
3825,JP,JP,ELE11,HEALT,5.45
124,JP,JP,93197,SANDC,5.45
9350,JP,JP,MEAT4,PUBLI,5.45
13482,JP,JP,PULP5,SECO9,5.45
9494,JP,JP,MEATC,REALE,5.44
6056,JP,JP,FOOD3,OILHA,5.44
12342,JP,JP,PLAS1,TEXT1,5.44
11978,JP,JP,PFERT,LIQUE,5.44
13755,JP,JP,RAILW,PULP5,5.44
17305,JP,JP,WASTE,WOOD1,5.43
18014,JP,JP,WOODW,FOODW,5.43
13433,JP,JP,PULP5,HOTEL,5.43
2288,JP,JP,COKE1,CERAM,5.42
11219,JP,JP,OXYGE,EDUCA,5.42
11033,JP,JP,OILHA,FOUND,5.41
9391,JP,JP,MEATA,DIST1,5.40
5190,JP,JP,ELECT,ELEC5,5.39
10528,JP,JP,NONF1,ELEC5,5.39
4189,JP,JP,ELEC1,TEXT1,5.39
10803,JP,JP,NONME,SECO9,5.38
4787,JP,JP,ELEC5,WHOLE,5.38
7411,JP,JP,HEAVY,CHEMI,5.38
7035,JP,JP,GASDI,PLAS1,5.38
10698,JP,JP,NONME,BUSIN,5.38
4183,JP,JP,ELEC1,SECO9,5.37
2190,JP,JP,CHEMI,PAPER,5.37
4521,JP,JP,ELEC4,CATTL,5.37
3565,JP,JP,DISTR,LEATH,5.37
16518,JP,JP,TOBAC,DIST1,5.36
11997,JP,JP,PFERT,OILSE,5.36
7788,JP,JP,INERT,RENTI,5.36
2733,JP,JP,COMPU,PLAS1,5.36
15588,JP,JP,STEAM,DAIRY,5.36
12498,JP,JP,PLAST,DIST1,5.36
15202,JP,JP,SANDC,CEMEN,5.35
3883,JP,JP,ELE11,RETA1,5.35
5383,JP,JP,FABRI,MEATA,5.35
14781,JP,JP,RETAI,ELEC1,5.35
3567,JP,JP,DISTR,LUBRI,5.34
11108,JP,JP,OILHA,SUPPO,5.34
7162,JP,JP,GLASS,INSUR,5.34
18018,JP,JP,WOODW,GASDI,5.33
5228,JP,JP,ELECT,MEATC,5.32
14304,JP,JP,RENTI,CHEMI,5.32
10882,JP,JP,NONSP,PFERT,5.31
6228,JP,JP,FOOD4,WOOD1,5.31
2768,JP,JP,COMPU,TOBAC,5.31
15283,JP,JP,SANDC,STONE,5.30
12790,JP,JP,POULT,FOOD5,5.30
12213,JP,JP,PLANT,WASTE,5.30
4648,JP,JP,ELEC4,WEARI,5.29
12586,JP,JP,PLAST,TRANS,5.29
3685,JP,JP,EDUCA,ELECT,5.28
2861,JP,JP,CONST,MEATC,5.28
1115,JP,JP,BITU1,PLAST,5.28
15257,JP,JP,SANDC,PAPER,5.28
4483,JP,JP,ELEC3,SANDC,5.27
14455,JP,JP,RESEA,CEMEN,5.27
4846,JP,JP,ELEC6,HEAVY,5.27
11364,JP,JP,PADDY,NONME,5.27
622,JP,JP,AUXIL,PADDY,5.27
4535,JP,JP,ELEC4,CROPS,5.27
3793,JP,JP,ELE11,CHEM1,5.27
16412,JP,JP,TEXTI,FOOD5,5.26
2987,JP,JP,COPP1,GLASS,5.26
10065,JP,JP,MOTOR,CROPS,5.26
1006,JP,JP,BIOG1,MOTO1,5.25
7580,JP,JP,HOTEL,ELEC6,5.25
6555,JP,JP,FORES,ELEC3,5.25
7098,JP,JP,GASWO,GASWO,5.25
12540,JP,JP,PLAST,MEMBE,5.24
5584,JP,JP,FINAN,REFI1,5.24
13359,JP,JP,PUBLI,SEACO,5.24
16902,JP,JP,TRANS,SECO9,5.24
11757,JP,JP,PAPER,NFERT,5.23
4747,JP,JP,ELEC5,POSTT,5.23
12767,JP,JP,POULT,CHEM1,5.22
9302,JP,JP,MEAT4,ELEC4,5.22
14931,JP,JP,RUBBE,FOOD2,5.22
9572,JP,JP,MEATP,PLAST,5.21
10269,JP,JP,NAPHT,WEARI,5.21
12276,JP,JP,PLAS1,INTER,5.21
15122,JP,JP,SALEM,NAPHT,5.21
14717,JP,JP,RETA1,REFIN,5.21
10220,JP,JP,NAPHT,HEALT,5.21
2867,JP,JP,CONST,NAPHT,5.20
14363,JP,JP,RENTI,MEATP,5.19
13562,JP,JP,RADIO,INSUR,5.19
1849,JP,JP,CERAM,PRINT,5.18
17823,JP,JP,WOOD1,RADIO,5.18
9658,JP,JP,MEDIC,HOTEL,5.17
6217,JP,JP,FOOD4,TEXT1,5.17
17802,JP,JP,WOOD1,OFFIC,5.17
17786,JP,JP,WOOD1,MACHI,5.17
176,JP,JP,AIRTR,CROPS,5.17
17387,JP,JP,WEARI,MEMBE,5.16
6403,JP,JP,FOODW,DISTR,5.15
11433,JP,JP,PAPE1,DISTR,5.15
10495,JP,JP,NONF1,ANIMA,5.15
2387,JP,JP,COKE1,TRANS,5.15
16110,JP,JP,SUPPO,TRAN2,5.14
5699,JP,JP,FISH5,POSTT,5.14
9962,JP,JP,MOTO1,MEATA,5.14
15598,JP,JP,STEAM,ELECT,5.14
16087,JP,JP,SUPPO,RAWMI,5.14
5841,JP,JP,FISHF,REALE,5.13
10970,JP,JP,OFFIC,SALEM,5.13
17232,JP,JP,WASTE,INTER,5.12
15642,JP,JP,STEAM,NONME,5.12
77,JP,JP,93197,MEDIC,5.12
16051,JP,JP,SUPPO,MEATP,5.12
12861,JP,JP,PREC1,BASIC,5.12
4790,JP,JP,ELEC5,WOODW,5.12
2738,JP,JP,COMPU,PREC1,5.11
14446,JP,JP,RESEA,BEVER,5.11
14136,JP,JP,RECRE,MEDIC,5.11
12479,JP,JP,PLAST,BITU1,5.11
4280,JP,JP,ELEC2,LUBRI,5.11
9876,JP,JP,MEMBE,TRANS,5.10
7666,JP,JP,HOTEL,RETAI,5.10
17215,JP,JP,WASTE,FABRI,5.10
8257,JP,JP,KERO1,FISH5,5.09
2583,JP,JP,COLLE,PREC1,5.09
8557,JP,JP,LANDT,STEAM,5.09
7358,JP,JP,HEALT,REFI1,5.08
3375,JP,JP,DIST1,CROPS,5.08
10192,JP,JP,NAPHT,CEMEN,5.08
2013,JP,JP,CHEM1,FOOD4,5.08
628,JP,JP,AUXIL,PFERT,5.08
12416,JP,JP,PLAS2,MACHI,5.07
11068,JP,JP,OILHA,OFFIC,5.07
8412,JP,JP,KEROS,REFIN,5.06
3651,JP,JP,EDUCA,AIRTR,5.05
7633,JP,JP,HOTEL,OILHA,5.04
17118,JP,JP,VEGET,MACHI,5.04
8308,JP,JP,KERO1,PAPER,5.04
13416,JP,JP,PULP5,ELECT,5.04
605,JP,JP,AUXIL,MEATC,5.03
15458,JP,JP,SECO9,CHEMI,5.03
11089,JP,JP,OILHA,RADIO,5.03
4614,JP,JP,ELEC4,PROCE,5.02
5318,JP,JP,FABRI,BRICK,5.02
4778,JP,JP,ELEC5,TRAN1,5.02
8987,JP,JP,LUBRI,KERO1,5.02
15242,JP,JP,SANDC,MACHI,5.01
7272,JP,JP,HEALT,DISTR,5.01
14918,JP,JP,RUBBE,ELE12,5.01
10217,JP,JP,NAPHT,GASDI,5.00
6893,JP,JP,FURNI,PREC1,5.00
6534,JP,JP,FORES,CERAM,5.00
8337,JP,JP,KERO1,SANDC,4.99
6283,JP,JP,FOOD5,FOUND,4.99
55,JP,JP,93197,GASDI,4.99
9215,JP,JP,MEAT1,ELEC4,4.99
5671,JP,JP,FISH5,LANDT,4.99
14090,JP,JP,RECRE,DISTR,4.99
6363,JP,JP,FOOD5,TRAN1,4.98
8524,JP,JP,LANDT,PAPE4,4.98
3307,JP,JP,DAIRY,POSTT,4.98
13920,JP,JP,REALE,BRICK,4.98
9286,JP,JP,MEAT4,CHEM1,4.98
8701,JP,JP,LEATH,COKE1,4.97
17266,JP,JP,WASTE,PLAST,4.97
8802,JP,JP,LEATH,TEXTI,4.97
15229,JP,JP,SANDC,FORES,4.97
18000,JP,JP,WOODW,ELEC2,4.96
4359,JP,JP,ELEC2,WOOD1,4.96
10178,JP,JP,MOTOR,WOOD1,4.96
12481,JP,JP,PLAST,BRICK,4.95
17858,JP,JP,WOOD1,WOODW,4.95
281,JP,JP,AIRTR,SUGA1,4.95
17758,JP,JP,WOOD1,FINAN,4.94
6436,JP,JP,FOODW,INTER,4.93
10164,JP,JP,MOTOR,TEXT1,4.93
160,JP,JP,AIRTR,BRICK,4.92
12008,JP,JP,PFERT,PRINT,4.92
11649,JP,JP,PAPE4,RETA1,4.91
15561,JP,JP,STEAM,93197,4.91
9297,JP,JP,MEAT4,EDUCA,4.90
17295,JP,JP,WASTE,TEXT1,4.90
10140,JP,JP,MOTOR,PRINT,4.89
6267,JP,JP,FOOD5,ELEC3,4.88
12543,JP,JP,PLAST,NAPHT,4.88
11986,JP,JP,PFERT,MEDIC,4.88
3914,JP,JP,ELE12,BEVER,4.87
5295,JP,JP,ELECT,VEGE1,4.87
4040,JP,JP,ELE12,TEXTI,4.87
8721,JP,JP,LEATH,ELECT,4.86
10283,JP,JP,NATUR,BUSIN,4.86
10521,JP,JP,NONF1,EDUCA,4.86
7132,JP,JP,GLASS,COPP1,4.85
1470,JP,JP,BUSIN,MEATA,4.85
17819,JP,JP,WOOD1,PRINT,4.84
7101,JP,JP,GASWO,MACHI,4.84
12215,JP,JP,PLANT,WHOLE,4.84
4363,JP,JP,ELEC3,93197,4.83
12125,JP,JP,PIGS9,RESEA,4.83
12527,JP,JP,PLAST,KERO1,4.82
10769,JP,JP,NONME,NONF1,4.82
16542,JP,JP,TOBAC,MACHI,4.81
187,JP,JP,AIRTR,ELEC4,4.81
18008,JP,JP,WOODW,FINAN,4.80
16047,JP,JP,SUPPO,MEAT1,4.80
5255,JP,JP,ELECT,PLAS1,4.80
12701,JP,JP,POSTT,PIGS9,4.80
13567,JP,JP,RADIO,LEAD1,4.80
11124,JP,JP,OILHA,WOODW,4.80
10476,JP,JP,NFERT,RECRE,4.79
6409,JP,JP,FOODW,ELEC3,4.79
9360,JP,JP,MEAT4,RUBBE,4.79
11439,JP,JP,PAPE1,ELEC3,4.79
13713,JP,JP,RAILW,LEATH,4.78
11024,JP,JP,OILHA,FINAN,4.78
10791,JP,JP,NONME,PULP5,4.77
16172,JP,JP,TEXT1,FOUND,4.75
10053,JP,JP,MOTOR,CATTL,4.75
16247,JP,JP,TEXT1,SUPPO,4.74
8160,JP,JP,INTER,RECRE,4.74
9746,JP,JP,MEMBE,93197,4.74
11378,JP,JP,PADDY,PRINT,4.74
10629,JP,JP,NONF1,WOODW,4.74
14467,JP,JP,RESEA,COPP1,4.74
4913,JP,JP,ELEC6,SANDC,4.74
9766,JP,JP,MEMBE,COLLE,4.74
14139,JP,JP,RECRE,MOTOR,4.73
4759,JP,JP,ELEC5,RECRE,4.73
16454,JP,JP,TEXTI,PAPE1,4.73
4211,JP,JP,ELEC2,ANIMA,4.72
7653,JP,JP,HOTEL,PROCE,4.72
2065,JP,JP,CHEM1,PETRO,4.72
3205,JP,JP,CRUDE,KERO1,4.72
7099,JP,JP,GASWO,HEALT,4.72
11299,JP,JP,PADDY,BASIC,4.71
17519,JP,JP,WHEAT,SEACO,4.71
12117,JP,JP,PIGS9,PRINT,4.71
236,JP,JP,AIRTR,NONF1,4.70
3662,JP,JP,EDUCA,CHEM1,4.70
6338,JP,JP,FOOD5,RADIO,4.70
11085,JP,JP,OILHA,PRINT,4.69
13245,JP,JP,PUBLI,AIRTR,4.69
12099,JP,JP,PIGS9,NFERT,4.69
4751,JP,JP,ELEC5,PRINT,4.68
11557,JP,JP,PAPE4,BASIC,4.68
8988,JP,JP,LUBRI,KEROS,4.68
594,JP,JP,AUXIL,KERO1,4.67
13222,JP,JP,PROCE,REFI1,4.67
12710,JP,JP,POSTT,PROCE,4.67
14501,JP,JP,RESEA,HOTEL,4.67
5042,JP,JP,ELEC8,FISHF,4.66
3922,JP,JP,ELE12,CERAM,4.66
945,JP,JP,BEVER,TRANS,4.66
2289,JP,JP,COKE1,CHEM1,4.65
10212,JP,JP,NAPHT,FISH5,4.65
11395,JP,JP,PADDY,TEXTI,4.65
11383,JP,JP,PADDY,RECRE,4.65
720,JP,JP,BASIC,DISTR,4.65
14958,JP,JP,RUBBE,MEAT1,4.65
2076,JP,JP,CHEM1,PROCE,4.65
8400,JP,JP,KEROS,NONSP,4.64
5854,JP,JP,FISHF,SUGA1,4.64
1114,JP,JP,BITU1,PFERT,4.64
4668,JP,JP,ELEC5,CEMEN,4.64
3096,JP,JP,CROPS,FISH5,4.64
17019,JP,JP,VEGE1,PRINT,4.63
12939,JP,JP,PREC1,RESEA,4.63
15457,JP,JP,SECO9,CHEM1,4.63
17718,JP,JP,WOOD1,93197,4.62
11743,JP,JP,PAPER,LUBRI,4.62
16413,JP,JP,TEXTI,FOODW,4.62
10785,JP,JP,NONME,POSTT,4.62
10891,JP,JP,NONSP,RUBBE,4.61
16522,JP,JP,TOBAC,ELEC1,4.61
789,JP,JP,BASIC,PLAS1,4.61
16009,JP,JP,SUPPO,ELE12,4.61
16649,JP,JP,TRAN1,NATUR,4.60
9622,JP,JP,MEDIC,CHEM1,4.60
7480,JP,JP,HEAVY,OILHA,4.60
7713,JP,JP,INERT,CONST,4.60
5346,JP,JP,FABRI,ELEC5,4.60
5513,JP,JP,FINAN,FOOD4,4.60
3499,JP,JP,DISTR,ANIMA,4.60
13000,JP,JP,PRINT,CATTL,4.60
12266,JP,JP,PLAS1,FOUND,4.59
17304,JP,JP,WASTE,WHOLE,4.59
16873,JP,JP,TRANS,OFFIC,4.59
8070,JP,JP,INTER,CHEM1,4.59
15177,JP,JP,SALEM,TRAN1,4.59
10374,JP,JP,NATUR,RESEA,4.59
4725,JP,JP,ELEC5,MOTOR,4.58
11277,JP,JP,OXYGE,RUBBE,4.58
7154,JP,JP,GLASS,FORES,4.58
8574,JP,JP,LANDT,WHEAT,4.58
3615,JP,JP,DISTR,REFI1,4.58
6651,JP,JP,FORES,TEXTI,4.57
4016,JP,JP,ELE12,PULP5,4.57
12341,JP,JP,PLAS1,SUPPO,4.57
5538,JP,JP,FINAN,MEAT1,4.57
15744,JP,JP,STONE,MEAT4,4.57
10239,JP,JP,NAPHT,NONF1,4.56
4204,JP,JP,ELEC1,WOOD1,4.56
10367,JP,JP,NATUR,RADIO,4.56
11647,JP,JP,PAPE4,RENTI,4.56
6992,JP,JP,GASDI,HEAVY,4.55
16673,JP,JP,TRAN1,PRECI,4.55
10320,JP,JP,NATUR,HEALT,4.55
4697,JP,JP,ELEC5,FOOD5,4.55
2339,JP,JP,COKE1,MEDIC,4.54
6674,JP,JP,FOUND,CEMEN,4.54
6476,JP,JP,FOODW,PREC1,4.53
11509,JP,JP,PAPE1,PREC1,4.53
16898,JP,JP,TRANS,RUBBE,4.53
8591,JP,JP,LEAD1,CERAM,4.53
3877,JP,JP,ELE11,REALE,4.53
3339,JP,JP,DAIRY,TRANS,4.53
11188,JP,JP,OILSE,SEACO,4.53
13273,JP,JP,PUBLI,ELEC1,4.52
206,JP,JP,AIRTR,GLASS,4.52
16816,JP,JP,TRANS,COMPU,4.52
13130,JP,JP,PRINT,VEGE1,4.52
13034,JP,JP,PRINT,FOOD2,4.51
13391,JP,JP,PULP5,CEMEN,4.51
10708,JP,JP,NONME,COKEO,4.51
4482,JP,JP,ELEC3,SALEM,4.50
16959,JP,JP,VEGE1,ELEC2,4.50
11747,JP,JP,PAPER,MEATA,4.49
474,JP,JP,ANIMA,HEALT,4.49
164,JP,JP,AIRTR,CERAM,4.49
13223,JP,JP,PROCE,RENTI,4.49
2514,JP,JP,COLLE,ELEC6,4.49
9666,JP,JP,MEDIC,LANDT,4.48
3176,JP,JP,CROPS,SEACO,4.48
15687,JP,JP,STEAM,TRANS,4.48
7315,JP,JP,HEALT,MEATA,4.47
13250,JP,JP,PUBLI,BEVER,4.47
10984,JP,JP,OILHA,93197,4.47
12676,JP,JP,POSTT,MEATP,4.46
10833,JP,JP,NONSP,CERAM,4.46
4285,JP,JP,ELEC2,MEATC,4.46
13249,JP,JP,PUBLI,BASIC,4.46
3128,JP,JP,CROPS,MEATP,4.46
1561,JP,JP,CATTL,CHEM1,4.45
18062,JP,JP,WOODW,PIGS9,4.45
15995,JP,JP,SUPPO,CHEMI,4.45
14207,JP,JP,REFI1,BITU1,4.45
10219,JP,JP,NAPHT,GLASS,4.45
5708,JP,JP,FISH5,RAILW,4.44
16672,JP,JP,TRAN1,PREC1,4.44
13514,JP,JP,RADIO,CATTL,4.44
16228,JP,JP,TEXT1,RADIO,4.44
13712,JP,JP,RAILW,LEAD1,4.44
8263,JP,JP,KERO1,FOODW,4.44
11672,JP,JP,PAPER,ANIMA,4.43
2604,JP,JP,COLLE,SECO9,4.43
14611,JP,JP,RETA1,CEREA,4.43
5746,JP,JP,FISHF,BEVER,4.43
1871,JP,JP,CERAM,TEXTI,4.43
8672,JP,JP,LEAD1,TEXTI,4.43
7642,JP,JP,HOTEL,PFERT,4.42
1198,JP,JP,BITUM,SUGA1,4.42
12374,JP,JP,PLAS2,COLLE,4.42
9130,JP,JP,MACHI,NATUR,4.42
17415,JP,JP,WEARI,PREC1,4.41
14634,JP,JP,RETA1,ELEC5,4.41
16207,JP,JP,TEXT1,OFFIC,4.41
13827,JP,JP,RAWMI,FINAN,4.41
843,JP,JP,BEVER,CATTL,4.41
11667,JP,JP,PAPE4,WOOD1,4.41
11257,JP,JP,OXYGE,OFFIC,4.41
4800,JP,JP,ELEC6,BLAST,4.41
3206,JP,JP,CRUDE,KEROS,4.40
13578,JP,JP,RADIO,MEMBE,4.40
3686,JP,JP,EDUCA,FABRI,4.39
1655,JP,JP,CEMEN,CEMEN,4.39
8163,JP,JP,INTER,RENTI,4.39
6292,JP,JP,FOOD5,INSUR,4.38
13968,JP,JP,REALE,HEAVY,4.38
595,JP,JP,AUXIL,KEROS,4.38
11658,JP,JP,PAPE4,TEXT1,4.38
10279,JP,JP,NATUR,BEVER,4.38
10243,JP,JP,NAPHT,OILHA,4.38
14701,JP,JP,RETA1,PLAS2,4.38
13948,JP,JP,REALE,ELEC5,4.38
11932,JP,JP,PFERT,CEMEN,4.38
7264,JP,JP,HEALT,COKEO,4.37
9604,JP,JP,MEDIC,93197,4.37
10300,JP,JP,NATUR,EDUCA,4.37
4328,JP,JP,ELEC2,REFI1,4.37
16996,JP,JP,VEGE1,MEDIC,4.36
11432,JP,JP,PAPE1,DIST1,4.36
8311,JP,JP,KERO1,PFERT,4.35
9827,JP,JP,MEMBE,NONME,4.35
14686,JP,JP,RETA1,NONSP,4.35
6402,JP,JP,FOODW,DIST1,4.35
1818,JP,JP,CERAM,LANDT,4.35
4457,JP,JP,ELEC3,PFERT,4.35
2171,JP,JP,CHEMI,LIQUE,4.34
12376,JP,JP,PLAS2,CONST,4.34
16982,JP,JP,VEGE1,INSUR,4.34
6717,JP,JP,FOUND,LEAD1,4.34
17873,JP,JP,WOOD2,COLLE,4.34
11940,JP,JP,PFERT,COLLE,4.33
12301,JP,JP,PLAS1,OFFIC,4.32
2025,JP,JP,CHEM1,INERT,4.32
17155,JP,JP,VEGET,RENTI,4.32
6450,JP,JP,FOODW,MEMBE,4.32
4865,JP,JP,ELEC6,MEDIC,4.32
11482,JP,JP,PAPE1,MEMBE,4.32
14801,JP,JP,RETAI,GASDI,4.31
7313,JP,JP,HEALT,MEAT1,4.30
14528,JP,JP,RESEA,NONF1,4.30
2403,JP,JP,COKEO,CHEM1,4.30
16381,JP,JP,TEXTI,CEMEN,4.30
3859,JP,JP,ELE11,PAPER,4.30
11603,JP,JP,PAPE4,INTER,4.29
8572,JP,JP,LANDT,WASTE,4.29
10238,JP,JP,NAPHT,NFERT,4.29
12322,JP,JP,PLAS1,RADIO,4.29
4163,JP,JP,ELEC1,PREC1,4.29
10182,JP,JP,NAPHT,ALUM1,4.28
6003,JP,JP,FOOD3,CONST,4.28
13536,JP,JP,RADIO,ELEC2,4.27
11591,JP,JP,PAPE4,FOOD4,4.27
15535,JP,JP,SECO9,RADIO,4.27
10120,JP,JP,MOTOR,NONME,4.27
4791,JP,JP,ELEC6,93197,4.27
5540,JP,JP,FINAN,MEATA,4.26
3483,JP,JP,DIST1,TRAN2,4.26
276,JP,JP,AIRTR,SANDC,4.26
6947,JP,JP,GASDI,BRICK,4.25
1231,JP,JP,BLAST,ELEC2,4.25
6,JP,JP,93197,BASIC,4.25
10691,JP,JP,NONME,BEVER,4.24
16263,JP,JP,TEXT1,WOODW,4.24
16840,JP,JP,TRANS,FOUND,4.24
8558,JP,JP,LANDT,STONE,4.24
9084,JP,JP,MACHI,ELEC5,4.24
9198,JP,JP,MEAT1,93197,4.24
16163,JP,JP,TEXT1,FINAN,4.23
6928,JP,JP,FURNI,VEGET,4.23
17835,JP,JP,WOOD1,SALEM,4.23
12205,JP,JP,PLANT,RUBBE,4.23
11230,JP,JP,OXYGE,FOUND,4.23
1372,JP,JP,BRICK,POSTT,4.23
7921,JP,JP,INSUR,CATTL,4.22
1282,JP,JP,BLAST,PFERT,4.21
12538,JP,JP,PLAST,MEATP,4.21
5989,JP,JP,FOOD3,BASIC,4.20
3620,JP,JP,DISTR,RETAI,4.19
3948,JP,JP,ELE12,FINAN,4.19
251,JP,JP,AIRTR,PLANT,4.19
807,JP,JP,BASIC,RETA1,4.19
4689,JP,JP,ELEC5,ELECT,4.19
3572,JP,JP,DISTR,MEATC,4.19
9850,JP,JP,MEMBE,RADIO,4.18
8793,JP,JP,LEATH,SANDC,4.18
15743,JP,JP,STONE,MACHI,4.17
10284,JP,JP,NATUR,CEMEN,4.16
1609,JP,JP,CATTL,NONME,4.16
13978,JP,JP,REALE,LEAD1,4.16
18046,JP,JP,WOODW,NFERT,4.15
9792,JP,JP,MEMBE,FOOD5,4.15
2486,JP,JP,COLLE,BRICK,4.15
16224,JP,JP,TEXT1,PRINT,4.15
17048,JP,JP,VEGE1,TRANS,4.15
10781,JP,JP,NONME,PIGS9,4.15
10343,JP,JP,NATUR,NATUR,4.15
982,JP,JP,BIOG1,FABRI,4.14
17803,JP,JP,WOOD1,OILHA,4.14
4499,JP,JP,ELEC3,VEGET,4.14
11749,JP,JP,PAPER,MEATP,4.13
14491,JP,JP,RESEA,FOOD5,4.13
6345,JP,JP,FOOD5,RENTI,4.13
11146,JP,JP,OILSE,FOOD5,4.13
7056,JP,JP,GASDI,RETAI,4.12
1311,JP,JP,BLAST,TRANS,4.12
17837,JP,JP,WOOD1,SEACO,4.12
15371,JP,JP,SEACO,MEAT1,4.12
3316,JP,JP,DAIRY,RAWMI,4.12
2263,JP,JP,COALT,PFERT,4.11
5221,JP,JP,ELECT,LEATH,4.11
12920,JP,JP,PREC1,OFFIC,4.11
11704,JP,JP,PAPER,ELE12,4.11
12952,JP,JP,PREC1,VEGE1,4.10
11732,JP,JP,PAPER,INERT,4.10
12489,JP,JP,PLAST,CHEMI,4.10
4255,JP,JP,ELEC2,FOOD2,4.10
7040,JP,JP,GASDI,PREC1,4.10
5963,JP,JP,FOOD2,RENTI,4.10
12357,JP,JP,PLAS1,WOODW,4.09
1996,JP,JP,CHEM1,ELE11,4.09
11334,JP,JP,PADDY,FOODW,4.09
16961,JP,JP,VEGE1,ELEC4,4.09
11101,JP,JP,OILHA,SALEM,4.09
13403,JP,JP,PULP5,DIST1,4.08
12257,JP,JP,PLAS1,FINAN,4.08
16065,JP,JP,SUPPO,OILHA,4.08
4352,JP,JP,ELEC2,VEGE1,4.08
13717,JP,JP,RAILW,MEAT1,4.07
12792,JP,JP,POULT,FORES,4.07
5126,JP,JP,ELEC8,SECO9,4.07
1700,JP,JP,CEMEN,LEATH,4.07
3516,JP,JP,DISTR,CHEMI,4.07
8446,JP,JP,LANDT,COALT,4.06
16841,JP,JP,TRANS,FURNI,4.06
4773,JP,JP,ELEC5,SUPPO,4.06
8770,JP,JP,LEATH,PFERT,4.06
7168,JP,JP,GLASS,LEATH,4.06
5048,JP,JP,ELEC8,FORES,4.05
12715,JP,JP,POSTT,RAWMI,4.05
9618,JP,JP,MEDIC,CEMEN,4.05
5153,JP,JP,ELECT,ANIMA,4.05
8600,JP,JP,LEAD1,COPP1,4.04
8869,JP,JP,LIQUE,HEAVY,4.04
4732,JP,JP,ELEC5,NONME,4.04
3143,JP,JP,CROPS,OILSE,4.04
6997,JP,JP,GASDI,INTER,4.03
17556,JP,JP,WHITE,OFFIC,4.03
5125,JP,JP,ELEC8,SEACO,4.02
5009,JP,JP,ELEC8,BRICK,4.02
10825,JP,JP,NONSP,ALUM1,4.02
4257,JP,JP,ELEC2,FOOD4,4.02
7700,JP,JP,INERT,BASIC,4.02
5776,JP,JP,FISHF,FABRI,4.02
15278,JP,JP,SANDC,RUBBE,4.02
15060,JP,JP,SALEM,COKE1,4.02
14992,JP,JP,RUBBE,POULT,4.02
8229,JP,JP,KERO1,CERAM,4.01
7790,JP,JP,INERT,RETA1,4.01
12318,JP,JP,PLAS1,PRINT,4.01
7987,JP,JP,INSUR,MOTOR,4.00
208,JP,JP,AIRTR,HEAVY,4.00
9655,JP,JP,MEDIC,GLASS,4.00
8740,JP,JP,LEATH,INSUR,4.00
935,JP,JP,BEVER,STEAM,4.00
11938,JP,JP,PFERT,COKE1,4.00
801,JP,JP,BASIC,RAWMI,4.00
11103,JP,JP,OILHA,SEACO,3.99
3872,JP,JP,ELE11,PUBLI,3.99
9917,JP,JP,MOTO1,DISTR,3.99
17776,JP,JP,WOOD1,INSUR,3.99
1709,JP,JP,CEMEN,NAPHT,3.99
2786,JP,JP,CONST,ANIMA,3.99
4912,JP,JP,ELEC6,SALEM,3.98
6924,JP,JP,FURNI,TRAN1,3.98
5385,JP,JP,FABRI,MEATP,3.98
9723,JP,JP,MEDIC,SECO9,3.98
5686,JP,JP,FISH5,NONME,3.98
9092,JP,JP,MACHI,FOOD2,3.98
7733,JP,JP,INERT,FOOD4,3.98
2706,JP,JP,COMPU,MEATC,3.97
15671,JP,JP,STEAM,RETA1,3.97
16123,JP,JP,TEXT1,93197,3.97
734,JP,JP,BASIC,FINAN,3.97
6952,JP,JP,GASDI,CEREA,3.97
16331,JP,JP,TEXT2,PAPE1,3.97
8837,JP,JP,LIQUE,COPP1,3.96
1402,JP,JP,BUSIN,BITU1,3.96
38,JP,JP,93197,ELEC4,3.96
14153,JP,JP,RECRE,PAPER,3.96
5317,JP,JP,FABRI,BLAST,3.96
8999,JP,JP,LUBRI,NAPHT,3.95
6673,JP,JP,FOUND,CATTL,3.95
12563,JP,JP,PLAST,PREC1,3.95
6864,JP,JP,FURNI,MEMBE,3.95
8148,JP,JP,INTER,POSTT,3.94
14191,JP,JP,RECRE,TEXTI,3.94
4887,JP,JP,ELEC6,PFERT,3.94
15987,JP,JP,SUPPO,BRICK,3.93
10158,JP,JP,MOTOR,SECO9,3.93
3077,JP,JP,CROPS,COMPU,3.93
5826,JP,JP,FISHF,PLANT,3.93
17446,JP,JP,WEARI,TRAN1,3.93
11244,JP,JP,OXYGE,MACHI,3.92
1721,JP,JP,CEMEN,PAPER,3.92
16191,JP,JP,TEXT1,MACHI,3.92
13858,JP,JP,RAWMI,MOTOR,3.92
2803,JP,JP,CONST,CHEMI,3.92
16143,JP,JP,TEXT1,COLLE,3.92
6836,JP,JP,FURNI,FORES,3.91
9039,JP,JP,LUBRI,VEGET,3.91
10931,JP,JP,OFFIC,FOODW,3.91
11969,JP,JP,PFERT,GLASS,3.91
13928,JP,JP,REALE,CHEMI,3.91
12928,JP,JP,PREC1,POSTT,3.91
16075,JP,JP,SUPPO,PLAS1,3.90
16382,JP,JP,TEXTI,CERAM,3.90
3837,JP,JP,ELE11,MACHI,3.90
10199,JP,JP,NAPHT,DAIRY,3.90
13400,JP,JP,PULP5,COPP1,3.89
6745,JP,JP,FOUND,POSTT,3.89
8703,JP,JP,LEATH,COLLE,3.89
5654,JP,JP,FISH5,ELECT,3.89
17400,JP,JP,WEARI,OILHA,3.89
1712,JP,JP,CEMEN,NFERT,3.89
3276,JP,JP,DAIRY,LANDT,3.88
11278,JP,JP,OXYGE,SALEM,3.88
12453,JP,JP,PLAS2,RETA1,3.88
8086,JP,JP,INTER,ELEC1,3.87
18038,JP,JP,WOODW,MEATC,3.87
13430,JP,JP,PULP5,GLASS,3.87
8448,JP,JP,LANDT,COKEO,3.87
10003,JP,JP,MOTO1,RAILW,3.86
3650,JP,JP,EDUCA,93197,3.86
1327,JP,JP,BRICK,CEMEN,3.86
9526,JP,JP,MEATP,CHEM1,3.86
8465,JP,JP,LANDT,ELEC5,3.86
5018,JP,JP,ELEC8,COALT,3.86
611,JP,JP,AUXIL,NAPHT,3.85
8839,JP,JP,LIQUE,DAIRY,3.85
8693,JP,JP,LEATH,BUSIN,3.85
6147,JP,JP,FOOD4,FURNI,3.85
7456,JP,JP,HEAVY,LANDT,3.85
7952,JP,JP,INSUR,FISHF,3.85
11042,JP,JP,OILHA,INSUR,3.85
2923,JP,JP,CONST,TOBAC,3.85
13922,JP,JP,REALE,CATTL,3.85
5432,JP,JP,FABRI,RETAI,3.85
15551,JP,JP,SECO9,TRAN1,3.84
17283,JP,JP,WASTE,RESEA,3.84
2996,JP,JP,COPP1,LEAD1,3.84
7,JP,JP,93197,BEVER,3.83
2028,JP,JP,CHEM1,INTER,3.83
11165,JP,JP,OILSE,MOTOR,3.83
16119,JP,JP,SUPPO,WOOD1,3.82
12217,JP,JP,PLAS1,93197,3.82
14628,JP,JP,RETA1,ELE11,3.82
14799,JP,JP,RETAI,FOUND,3.82
7130,JP,JP,GLASS,COMPU,3.82
14511,JP,JP,RESEA,LEATH,3.82
8490,JP,JP,LANDT,INTER,3.82
10089,JP,JP,MOTOR,GLASS,3.81
16975,JP,JP,VEGE1,FURNI,3.81
11753,JP,JP,PAPER,MOTOR,3.81
14088,JP,JP,RECRE,DAIRY,3.81
220,JP,JP,AIRTR,LIQUE,3.81
4301,JP,JP,ELEC2,OILHA,3.80
13317,JP,JP,PUBLI,MEMBE,3.80
10383,JP,JP,NATUR,SUPPO,3.80
16388,JP,JP,TEXTI,COLLE,3.80
10952,JP,JP,OFFIC,PAPE1,3.80
1246,JP,JP,BLAST,FURNI,3.79
7947,JP,JP,INSUR,ELEC8,3.79
15195,JP,JP,SANDC,BASIC,3.78
37,JP,JP,93197,ELEC3,3.78
12499,JP,JP,PLAST,DISTR,3.78
3224,JP,JP,DAIRY,BASIC,3.77
12931,JP,JP,PREC1,PRINT,3.77
5888,JP,JP,FOOD2,CONST,3.77
1179,JP,JP,BITUM,PLANT,3.76
640,JP,JP,AUXIL,PULP5,3.76
12867,JP,JP,PREC1,CEMEN,3.76
11947,JP,JP,PFERT,DISTR,3.76
9635,JP,JP,MEDIC,EDUCA,3.76
10962,JP,JP,OFFIC,PULP5,3.76
4552,JP,JP,ELEC4,FISHF,3.75
5843,JP,JP,FISHF,RENTI,3.75
17410,JP,JP,WEARI,PLAS1,3.75
10345,JP,JP,NATUR,NONF1,3.75
16105,JP,JP,SUPPO,TEXT1,3.75
13408,JP,JP,PULP5,ELEC1,3.75
8128,JP,JP,INTER,MOTO1,3.74
3059,JP,JP,CROPS,BASIC,3.74
4762,JP,JP,ELEC5,RENTI,3.74
1427,JP,JP,BUSIN,ELE11,3.73
4929,JP,JP,ELEC6,VEGET,3.73
10449,JP,JP,NFERT,MACHI,3.73
8436,JP,JP,LANDT,BLAST,3.73
14894,JP,JP,RUBBE,BLAST,3.73
15584,JP,JP,STEAM,COMPU,3.72
15622,JP,JP,STEAM,LANDT,3.72
3210,JP,JP,CRUDE,NAPHT,3.72
4404,JP,JP,ELEC3,FISH5,3.72
866,JP,JP,BEVER,ELEC8,3.72
4140,JP,JP,ELEC1,NATUR,3.71
8763,JP,JP,LEATH,OFFIC,3.71
6235,JP,JP,FOOD5,AUXIL,3.71
1660,JP,JP,CEMEN,COKEO,3.71
16650,JP,JP,TRAN1,NFERT,3.71
8502,JP,JP,LANDT,MEATA,3.71
9905,JP,JP,MOTO1,CHEMI,3.71
7525,JP,JP,HEAVY,TOBAC,3.70
11368,JP,JP,PADDY,PAPE1,3.70
3733,JP,JP,EDUCA,PAPER,3.70
16090,JP,JP,SUPPO,REFI1,3.70
9692,JP,JP,MEDIC,PAPE1,3.70
3998,JP,JP,ELE12,PADDY,3.70
10253,JP,JP,NAPHT,PROCE,3.70
10399,JP,JP,NFERT,93197,3.70
7916,JP,JP,INSUR,BEVER,3.69
11958,JP,JP,PFERT,ELECT,3.69
6958,JP,JP,GASDI,COKEO,3.69
4164,JP,JP,ELEC1,PRECI,3.69
1964,JP,JP,CHEM1,ANIMA,3.68
8930,JP,JP,LIQUE,SECO9,3.68
16950,JP,JP,VEGE1,CONST,3.68
11726,JP,JP,PAPER,GASDI,3.67
1947,JP,JP,CEREA,RETA1,3.67
16880,JP,JP,TRANS,PLAST,3.67
2477,JP,JP,COLLE,ANIMA,3.67
936,JP,JP,BEVER,STONE,3.67
408,JP,JP,ALUM1,RESEA,3.66
7618,JP,JP,HOTEL,MEATP,3.66
12942,JP,JP,PREC1,SECO9,3.66
7495,JP,JP,HEAVY,PREC1,3.66
8020,JP,JP,INSUR,RAWMI,3.65
11959,JP,JP,PFERT,FABRI,3.65
12072,JP,JP,PIGS9,FABRI,3.65
13771,JP,JP,RAILW,SECO9,3.64
6127,JP,JP,FOOD4,EDUCA,3.64
3118,JP,JP,CROPS,LANDT,3.64
7912,JP,JP,INSUR,ALUM1,3.64
6860,JP,JP,FURNI,MEATA,3.64
16240,JP,JP,TEXT1,SALEM,3.63
2104,JP,JP,CHEM1,TRAN1,3.63
10293,JP,JP,NATUR,CONST,3.63
9307,JP,JP,MEAT4,FABRI,3.63
4125,JP,JP,ELEC1,LEATH,3.63
16759,JP,JP,TRAN2,LIQUE,3.62
838,JP,JP,BEVER,AUXIL,3.62
5622,JP,JP,FISH5,AUXIL,3.61
17824,JP,JP,WOOD1,RAILW,3.61
14295,JP,JP,RENTI,BLAST,3.61
9047,JP,JP,MACHI,ANIMA,3.61
15116,JP,JP,SALEM,MEATC,3.61
9055,JP,JP,MACHI,BLAST,3.60
12001,JP,JP,PFERT,PAPER,3.60
6755,JP,JP,FOUND,REALE,3.60
13721,JP,JP,RAILW,MEATP,3.59
7550,JP,JP,HOTEL,BLAST,3.59
923,JP,JP,BEVER,RAWMI,3.59
1328,JP,JP,BRICK,CERAM,3.59
14416,JP,JP,RENTI,STEAM,3.59
10536,JP,JP,NONF1,FISHF,3.59
9992,JP,JP,MOTO1,PLAS2,3.58
10561,JP,JP,NONF1,MEATA,3.58
5076,JP,JP,ELEC8,MEMBE,3.58
1578,JP,JP,CATTL,FISH5,3.58
13132,JP,JP,PRINT,WASTE,3.58
12842,JP,JP,POULT,SEACO,3.57
10048,JP,JP,MOTOR,BEVER,3.57
7609,JP,JP,HOTEL,LEAD1,3.57
1951,JP,JP,CEREA,SEACO,3.57
12363,JP,JP,PLAS2,BASIC,3.57
17996,JP,JP,WOODW,DISTR,3.57
14192,JP,JP,RECRE,TOBAC,3.57
18100,JP,JP,WOODW,TRAN2,3.57
14113,JP,JP,RECRE,GASDI,3.57
15757,JP,JP,STONE,PAPER,3.56
8306,JP,JP,KERO1,PAPE1,3.56
14151,JP,JP,RECRE,PAPE1,3.56
14706,JP,JP,RETA1,PRECI,3.56
10557,JP,JP,NONF1,LIQUE,3.56
8648,JP,JP,LEAD1,PAPER,3.56
7324,JP,JP,HEALT,NFERT,3.55
6081,JP,JP,FOOD3,RETA1,3.55
11960,JP,JP,PFERT,FISH5,3.55
15778,JP,JP,STONE,SUGA1,3.55
14109,JP,JP,RECRE,FOODW,3.55
1360,JP,JP,BRICK,MEDIC,3.54
10916,JP,JP,OFFIC,COPP1,3.54
15375,JP,JP,SEACO,MEATP,3.54
14860,JP,JP,RETAI,SALEM,3.54
14554,JP,JP,RESEA,PULP5,3.54
14948,JP,JP,RUBBE,INTER,3.54
12938,JP,JP,PREC1,RENTI,3.53
9683,JP,JP,MEDIC,NONF1,3.53
10306,JP,JP,NATUR,ELECT,3.53
15117,JP,JP,SALEM,MEATP,3.53
11522,JP,JP,PAPE1,RENTI,3.53
16242,JP,JP,TEXT1,SEACO,3.53
15410,JP,JP,SEACO,RAILW,3.53
15873,JP,JP,SUGA1,REALE,3.53
3154,JP,JP,CROPS,PLAST,3.53
1224,JP,JP,BLAST,COPP1,3.53
7112,JP,JP,GLASS,ANIMA,3.53
8320,JP,JP,KERO1,PRINT,3.52
3467,JP,JP,DIST1,RETAI,3.52
3627,JP,JP,DISTR,STONE,3.52
13532,JP,JP,RADIO,EDUCA,3.52
6130,JP,JP,FOOD4,ELEC2,3.52
4420,JP,JP,ELEC3,INSUR,3.52
16385,JP,JP,TEXTI,CHEMI,3.52
17938,JP,JP,WOOD2,PUBLI,3.51
16430,JP,JP,TEXTI,LIQUE,3.51
17999,JP,JP,WOODW,ELEC1,3.51
13177,JP,JP,PROCE,FOOD4,3.51
17220,JP,JP,WASTE,FOOD4,3.51
16966,JP,JP,VEGE1,FABRI,3.51
5329,JP,JP,FABRI,COKEO,3.50
5834,JP,JP,FISHF,PRINT,3.50
12334,JP,JP,PLAS1,SALEM,3.50
15563,JP,JP,STEAM,ALUM1,3.49
9501,JP,JP,MEATC,SALEM,3.49
14239,JP,JP,REFI1,REFIN,3.49
2648,JP,JP,COMPU,CHEMI,3.49
11090,JP,JP,OILHA,RAILW,3.48
11262,JP,JP,OXYGE,PFERT,3.48
15001,JP,JP,RUBBE,RAWMI,3.48
12741,JP,JP,POSTT,VEGE1,3.48
17904,JP,JP,WOOD2,HOTEL,3.48
4631,JP,JP,ELEC4,SEACO,3.48
495,JP,JP,ANIMA,NONME,3.48
10086,JP,JP,MOTOR,FOUND,3.47
17994,JP,JP,WOODW,DAIRY,3.47
6062,JP,JP,FOOD3,PLAS1,3.47
8815,JP,JP,LIQUE,ALUM1,3.47
7204,JP,JP,GLASS,PULP5,3.47
16080,JP,JP,SUPPO,PREC1,3.46
3655,JP,JP,EDUCA,BASIC,3.46
17902,JP,JP,WOOD2,HEALT,3.46
14048,JP,JP,REALE,TOBAC,3.46
17515,JP,JP,WHEAT,RETA1,3.46
6410,JP,JP,FOODW,ELEC4,3.46
1515,JP,JP,BUSIN,REFIN,3.46
11440,JP,JP,PAPE1,ELEC4,3.46
14774,JP,JP,RETAI,CROPS,3.46
5354,JP,JP,FABRI,FOOD2,3.45
6509,JP,JP,FOODW,TRANS,3.45
11541,JP,JP,PAPE1,TRANS,3.45
4702,JP,JP,ELEC5,GASDI,3.45
5455,JP,JP,FABRI,WHEAT,3.45
1130,JP,JP,BITU1,TOBAC,3.44
16586,JP,JP,TRAN1,CHEMI,3.44
8219,JP,JP,KERO1,AUXIL,3.44
16464,JP,JP,TEXTI,PREC1,3.43
6365,JP,JP,FOOD5,TRANS,3.43
3488,JP,JP,DIST1,WEARI,3.43
3362,JP,JP,DIST1,CEMEN,3.43
16997,JP,JP,VEGE1,MOTO1,3.43
17055,JP,JP,VEGE1,WHOLE,3.42
2806,JP,JP,CONST,COKEO,3.42
16181,JP,JP,TEXT1,INSUR,3.42
16928,JP,JP,VEGE1,93197,3.42
2896,JP,JP,CONST,PROCE,3.42
14869,JP,JP,RETAI,TEXTI,3.42
2605,JP,JP,COLLE,STEAM,3.42
11265,JP,JP,OXYGE,POSTT,3.41
11987,JP,JP,PFERT,MEMBE,3.41
3963,JP,JP,ELE12,HEAVY,3.41
9416,JP,JP,MEATA,NFERT,3.41
17096,JP,JP,VEGET,FISHF,3.41
12336,JP,JP,PLAS1,SEACO,3.41
13073,JP,JP,PRINT,NFERT,3.41
3639,JP,JP,DISTR,VEGE1,3.40
16890,JP,JP,TRANS,REALE,3.40
50,JP,JP,93197,FOOD5,3.40
15625,JP,JP,STEAM,LIQUE,3.40
16301,JP,JP,TEXT2,FOODW,3.39
7933,JP,JP,INSUR,COPP1,3.39
5965,JP,JP,FOOD2,RETA1,3.39
9058,JP,JP,MACHI,CATTL,3.39
4838,JP,JP,ELEC6,FOODW,3.39
11680,JP,JP,PAPER,BLAST,3.38
12435,JP,JP,PLAS2,PLAS1,3.38
16782,JP,JP,TRAN2,REFI1,3.38
2952,JP,JP,COPP1,CEMEN,3.38
4832,JP,JP,ELEC6,FISH5,3.37
10267,JP,JP,NAPHT,VEGE1,3.36
348,JP,JP,ALUM1,FOODW,3.36
964,JP,JP,BIOG1,CHEM1,3.36
3693,JP,JP,EDUCA,FOOD5,3.36
15820,JP,JP,SUGA1,ELEC4,3.36
4340,JP,JP,ELEC2,STONE,3.36
9958,JP,JP,MOTO1,LUBRI,3.36
12672,JP,JP,POSTT,MEAT1,3.36
3634,JP,JP,DISTR,TOBAC,3.35
6818,JP,JP,FURNI,ELE12,3.35
15633,JP,JP,STEAM,MEDIC,3.35
14507,JP,JP,RESEA,KERO1,3.35
15113,JP,JP,SALEM,MEAT1,3.35
15349,JP,JP,SEACO,FOODW,3.34
9094,JP,JP,MACHI,FOOD4,3.34
13580,JP,JP,RADIO,MOTOR,3.34
14533,JP,JP,RESEA,OILHA,3.34
11632,JP,JP,PAPE4,PLAST,3.34
5127,JP,JP,ELEC8,STEAM,3.34
5374,JP,JP,FABRI,KEROS,3.33
1096,JP,JP,BITU1,LIQUE,3.33
3667,JP,JP,EDUCA,COLLE,3.33
10137,JP,JP,MOTOR,POULT,3.33
342,JP,JP,ALUM1,FISH5,3.33
387,JP,JP,ALUM1,PAPE1,3.32
3757,JP,JP,EDUCA,RUBBE,3.32
3288,JP,JP,DAIRY,MOTO1,3.32
2979,JP,JP,COPP1,FISHF,3.32
752,JP,JP,BASIC,INTER,3.32
15327,JP,JP,SEACO,CROPS,3.32
6920,JP,JP,FURNI,TEXT1,3.32
201,JP,JP,AIRTR,FORES,3.32
12497,JP,JP,PLAST,DAIRY,3.31
4390,JP,JP,ELEC3,DAIRY,3.31
16755,JP,JP,TRAN2,HOTEL,3.31
4423,JP,JP,ELEC3,KERO1,3.31
17812,JP,JP,WOOD1,PLAS1,3.31
1001,JP,JP,BIOG1,MACHI,3.30
993,JP,JP,BIOG1,HEALT,3.30
11779,JP,JP,PAPER,POULT,3.30
15645,JP,JP,STEAM,OFFIC,3.30
17360,JP,JP,WEARI,FORES,3.29
5511,JP,JP,FINAN,FOOD2,3.29
12275,JP,JP,PLAS1,INSUR,3.29
5928,JP,JP,FOOD2,MACHI,3.29
17153,JP,JP,VEGET,REFI1,3.29
4558,JP,JP,ELEC4,FORES,3.29
13426,JP,JP,PULP5,FOUND,3.29
14524,JP,JP,RESEA,NAPHT,3.29
5760,JP,JP,FISHF,COMPU,3.29
13345,JP,JP,PUBLI,RADIO,3.29
672,JP,JP,AUXIL,WEARI,3.29
5644,JP,JP,FISH5,DISTR,3.28
6120,JP,JP,FOOD4,COMPU,3.28
1499,JP,JP,BUSIN,PLAS2,3.28
6293,JP,JP,FOOD5,INTER,3.28
9454,JP,JP,MEATC,ELEC1,3.28
5381,JP,JP,FABRI,MEAT1,3.28
14097,JP,JP,RECRE,ELEC4,3.28
16760,JP,JP,TRAN2,LUBRI,3.27
9014,JP,JP,LUBRI,POSTT,3.26
2862,JP,JP,CONST,MEATP,3.26
10786,JP,JP,NONME,POULT,3.26
5017,JP,JP,ELEC8,CHEMI,3.26
9585,JP,JP,MEATP,RUBBE,3.26
3517,JP,JP,DISTR,COALT,3.26
15684,JP,JP,STEAM,TOBAC,3.26
13381,JP,JP,PULP5,ALUM1,3.25
6489,JP,JP,FOODW,RENTI,3.25
13777,JP,JP,RAILW,TEXT1,3.25
15486,JP,JP,SECO9,FOOD5,3.25
12617,JP,JP,POSTT,CHEMI,3.25
10409,JP,JP,NFERT,CEREA,3.25
10398,JP,JP,NATUR,WOODW,3.25
10339,JP,JP,NATUR,MOTO1,3.25
16771,JP,JP,TRAN2,OXYGE,3.24
17856,JP,JP,WOOD1,WOOD1,3.24
5666,JP,JP,FISH5,GLASS,3.24
8974,JP,JP,LUBRI,FISHF,3.24
5783,JP,JP,FISHF,FOOD5,3.24
2642,JP,JP,COMPU,CATTL,3.24
18088,JP,JP,WOODW,SEACO,3.24
9579,JP,JP,MEATP,REALE,3.24
11834,JP,JP,PARAF,HEAVY,3.23
14826,JP,JP,RETAI,NFERT,3.23
12608,JP,JP,POSTT,BLAST,3.23
17342,JP,JP,WEARI,ELE12,3.23
16038,JP,JP,SUPPO,INTER,3.23
15562,JP,JP,STEAM,AIRTR,3.23
4843,JP,JP,ELEC6,GASWO,3.22
5167,JP,JP,ELECT,CEREA,3.22
14115,JP,JP,RECRE,GLASS,3.22
15472,JP,JP,SECO9,ELE12,3.22
3076,JP,JP,CROPS,COLLE,3.22
5373,JP,JP,FABRI,KERO1,3.22
4148,JP,JP,ELEC1,OILHA,3.21
17079,JP,JP,VEGET,COMPU,3.21
6821,JP,JP,FURNI,ELEC3,3.21
8475,JP,JP,LANDT,FOOD4,3.21
14287,JP,JP,RENTI,ANIMA,3.21
7479,JP,JP,HEAVY,OFFIC,3.21
15024,JP,JP,RUBBE,TRAN1,3.21
8826,JP,JP,LIQUE,CEMEN,3.20
2889,JP,JP,CONST,PLAS2,3.20
4347,JP,JP,ELEC2,TOBAC,3.20
14232,JP,JP,REFI1,NONSP,3.20
5486,JP,JP,FINAN,COKEO,3.20
4141,JP,JP,ELEC1,NFERT,3.20
2543,JP,JP,COLLE,LEAD1,3.19
13665,JP,JP,RAILW,CHEMI,3.18
3798,JP,JP,ELE11,COLLE,3.18
4678,JP,JP,ELEC5,COPP1,3.18
16693,JP,JP,TRAN1,SECO9,3.18
14792,JP,JP,RETAI,FISHF,3.18
2551,JP,JP,COLLE,MEATC,3.17
4632,JP,JP,ELEC4,SECO9,3.17
15408,JP,JP,SEACO,PULP5,3.17
1504,JP,JP,BUSIN,PRECI,3.17
6702,JP,JP,FOUND,FOOD4,3.17
13856,JP,JP,RAWMI,MEMBE,3.17
14508,JP,JP,RESEA,KEROS,3.16
790,JP,JP,BASIC,PLAS2,3.16
1567,JP,JP,CATTL,DAIRY,3.16
18030,JP,JP,WOODW,LEAD1,3.16
4286,JP,JP,ELEC2,MEATP,3.16
17442,JP,JP,WEARI,TEXT1,3.15
3282,JP,JP,DAIRY,MEAT1,3.15
10310,JP,JP,NATUR,FISHF,3.15
11384,JP,JP,PADDY,REFI1,3.15
13096,JP,JP,PRINT,PREC1,3.15
13220,JP,JP,PROCE,REALE,3.15
11481,JP,JP,PAPE1,MEDIC,3.15
468,JP,JP,ANIMA,FOOD5,3.15
11306,JP,JP,PADDY,CEMEN,3.14
4849,JP,JP,ELEC6,INSUR,3.14
4519,JP,JP,ELEC4,BRICK,3.14
10874,JP,JP,NONSP,NONF1,3.14
3853,JP,JP,ELE11,OFFIC,3.14
7617,JP,JP,HOTEL,MEATC,3.13
17456,JP,JP,WEARI,WOOD1,3.13
10817,JP,JP,NONME,WEARI,3.13
17672,JP,JP,WHOLE,PLAS2,3.13
9254,JP,JP,MEAT1,RETA1,3.13
16571,JP,JP,TRAN1,ANIMA,3.12
9100,JP,JP,MACHI,GASDI,3.12
13820,JP,JP,RAWMI,ELEC2,3.12
1124,JP,JP,BITU1,RUBBE,3.12
3320,JP,JP,DAIRY,RENTI,3.11
16015,JP,JP,SUPPO,ELEC6,3.11
16933,JP,JP,VEGE1,BEVER,3.11
6183,JP,JP,FOOD4,PAPER,3.11
14104,JP,JP,RECRE,FISH5,3.11
7129,JP,JP,GLASS,COLLE,3.10
4424,JP,JP,ELEC3,KEROS,3.10
13402,JP,JP,PULP5,DAIRY,3.10
16229,JP,JP,TEXT1,RAILW,3.10
7984,JP,JP,INSUR,MEDIC,3.09
1484,JP,JP,BUSIN,NONSP,3.09
5021,JP,JP,ELEC8,COLLE,3.09
13310,JP,JP,PUBLI,MACHI,3.09
12007,JP,JP,PFERT,PREC1,3.09
11988,JP,JP,PFERT,MOTOR,3.09
5223,JP,JP,ELECT,LUBRI,3.09
4882,JP,JP,ELEC6,PAPE1,3.08
11233,JP,JP,OXYGE,GLASS,3.08
4666,JP,JP,ELEC5,BUSIN,3.08
1299,JP,JP,BLAST,RUBBE,3.08
2140,JP,JP,CHEMI,CROPS,3.08
10801,JP,JP,NONME,SALEM,3.08
3319,JP,JP,DAIRY,REFI1,3.07
1656,JP,JP,CEMEN,CERAM,3.07
13326,JP,JP,PUBLI,OFFIC,3.06
6449,JP,JP,FOODW,MEDIC,3.06
15609,JP,JP,STEAM,FOUND,3.06
8652,JP,JP,LEAD1,PLAST,3.06
4030,JP,JP,ELE12,SANDC,3.05
1482,JP,JP,BUSIN,NONFE,3.05
13404,JP,JP,PULP5,DISTR,3.05
244,JP,JP,AIRTR,PAPE1,3.05
6377,JP,JP,FOODW,AIRTR,3.05
8104,JP,JP,INTER,FOUND,3.05
11406,JP,JP,PAPE1,AIRTR,3.05
17116,JP,JP,VEGET,LIQUE,3.05
1170,JP,JP,BITUM,MOTOR,3.04
6328,JP,JP,FOOD5,PLAS2,3.04
7458,JP,JP,HEAVY,LEATH,3.04
3821,JP,JP,ELE11,FURNI,3.04
6277,JP,JP,FOOD5,FOOD2,3.03
12620,JP,JP,POSTT,COKEO,3.03
13834,JP,JP,RAWMI,FORES,3.03
3874,JP,JP,ELE11,RADIO,3.03
7958,JP,JP,INSUR,FORES,3.03
3800,JP,JP,ELE11,CONST,3.03
15315,JP,JP,SEACO,CERAM,3.03
146,JP,JP,93197,WOOD1,3.03
5875,JP,JP,FOOD2,BASIC,3.03
9630,JP,JP,MEDIC,COPP1,3.02
11502,JP,JP,PAPE1,PFERT,3.02
6469,JP,JP,FOODW,PFERT,3.02
5104,JP,JP,ELEC8,POULT,3.02
16891,JP,JP,TRANS,RECRE,3.02
15759,JP,JP,STONE,PLANT,3.02
17607,JP,JP,WHOLE,ELEC4,3.02
15510,JP,JP,SECO9,MOTOR,3.02
15369,JP,JP,SEACO,LUBRI,3.02
7961,JP,JP,INSUR,GASDI,3.02
9074,JP,JP,MACHI,DAIRY,3.01
2725,JP,JP,COMPU,PADDY,3.01
3293,JP,JP,DAIRY,NONME,3.01
16371,JP,JP,TEXTI,ANIMA,3.01
9127,JP,JP,MACHI,MOTOR,3.01
10390,JP,JP,NATUR,TRANS,3.01
4528,JP,JP,ELEC4,COALT,3.00
5162,JP,JP,ELECT,BRICK,3.00
1107,JP,JP,BITU1,NONME,3.00
10522,JP,JP,NONF1,ELE11,3.00
9090,JP,JP,MACHI,FISH5,3.00
135,JP,JP,93197,TOBAC,3.00
8137,JP,JP,INTER,OFFIC,3.00
6098,JP,JP,FOOD3,WOOD1,3.00
2493,JP,JP,COLLE,CHEMI,3.00
6786,JP,JP,FURNI,ANIMA,2.99
4818,JP,JP,ELEC6,DAIRY,2.99
6035,JP,JP,FOOD3,INTER,2.99
11816,JP,JP,PAPER,WASTE,2.99
13512,JP,JP,RADIO,BRICK,2.99
17586,JP,JP,WHOLE,CEREA,2.99
4852,JP,JP,ELEC6,KERO1,2.98
14254,JP,JP,REFIN,ELE12,2.98
854,JP,JP,BEVER,DAIRY,2.98
12323,JP,JP,PLAS1,RAILW,2.98
8762,JP,JP,LEATH,NONME,2.98
8175,JP,JP,INTER,SUPPO,2.98
12684,JP,JP,POSTT,NFERT,2.97
5390,JP,JP,FABRI,NAPHT,2.97
8487,JP,JP,LANDT,INERT,2.97
1835,JP,JP,CERAM,OFFIC,2.97
8627,JP,JP,LEAD1,HOTEL,2.97
1902,JP,JP,CEREA,FISHF,2.97
5595,JP,JP,FINAN,STEAM,2.97
17393,JP,JP,WEARI,NFERT,2.97
3245,JP,JP,DAIRY,DIST1,2.96
14282,JP,JP,REFIN,RUBBE,2.96
17764,JP,JP,WOOD1,FOOD5,2.95
3817,JP,JP,ELE11,FOOD5,2.95
15390,JP,JP,SEACO,PAPE1,2.94
1644,JP,JP,CEMEN,ALUM1,2.94
10753,JP,JP,NONME,LEATH,2.94
13837,JP,JP,RAWMI,GASDI,2.94
4425,JP,JP,ELEC3,LANDT,2.94
2215,JP,JP,CHEMI,TEXTI,2.94
2640,JP,JP,COMPU,BRICK,2.94
2693,JP,JP,COMPU,INTER,2.93
16342,JP,JP,TEXT2,PUBLI,2.93
15015,JP,JP,RUBBE,STEAM,2.93
1883,JP,JP,CEREA,ANIMA,2.92
5497,JP,JP,FINAN,ELE11,2.92
4127,JP,JP,ELEC1,LUBRI,2.92
3133,JP,JP,CROPS,NAPHT,2.92
14417,JP,JP,RENTI,STONE,2.92
3720,JP,JP,EDUCA,MEMBE,2.92
9864,JP,JP,MEMBE,SEACO,2.92
12532,JP,JP,PLAST,LUBRI,2.91
15575,JP,JP,STEAM,CEMEN,2.91
747,JP,JP,BASIC,HEALT,2.90
11261,JP,JP,OXYGE,PAPER,2.90
16954,JP,JP,VEGE1,DIST1,2.90
863,JP,JP,BEVER,ELEC4,2.90
7682,JP,JP,HOTEL,TRAN2,2.90
912,JP,JP,BEVER,PLAST,2.90
142,JP,JP,93197,WEARI,2.90
16634,JP,JP,TRAN1,LEATH,2.90
13392,JP,JP,PULP5,CERAM,2.89
6877,JP,JP,FURNI,OILHA,2.89
5446,JP,JP,FABRI,TOBAC,2.89
10854,JP,JP,NONSP,FOUND,2.89
5993,JP,JP,FOOD3,BUSIN,2.89
4658,JP,JP,ELEC5,ALUM1,2.89
17345,JP,JP,WEARI,ELEC3,2.88
4584,JP,JP,ELEC4,MEMBE,2.88
8853,JP,JP,LIQUE,FABRI,2.88
15009,JP,JP,RUBBE,RETAI,2.88
669,JP,JP,AUXIL,VEGE1,2.87
17225,JP,JP,WASTE,FURNI,2.87
9608,JP,JP,MEDIC,AUXIL,2.87
11148,JP,JP,OILSE,GASDI,2.87
4440,JP,JP,ELEC3,NAPHT,2.87
17536,JP,JP,WHITE,ELECT,2.86
11740,JP,JP,PAPER,LEAD1,2.86
8156,JP,JP,INTER,RADIO,2.86
3519,JP,JP,DISTR,COKEO,2.86
14870,JP,JP,RETAI,TOBAC,2.86
5830,JP,JP,FISHF,POSTT,2.86
6990,JP,JP,GASDI,GLASS,2.86
11030,JP,JP,OILHA,FOOD5,2.86
7899,JP,JP,INLAN,SUPPO,2.86
6187,JP,JP,FOOD4,PLAS2,2.86
9649,JP,JP,MEDIC,FOODW,2.86
2639,JP,JP,COMPU,BLAST,2.85
2538,JP,JP,COLLE,INTER,2.85
9923,JP,JP,MOTO1,ELEC3,2.85
4428,JP,JP,ELEC3,LIQUE,2.84
3703,JP,JP,EDUCA,HOTEL,2.84
16307,JP,JP,TEXT2,HEALT,2.84
9022,JP,JP,LUBRI,REALE,2.84
3417,JP,JP,DIST1,LEATH,2.83
4676,JP,JP,ELEC5,COMPU,2.83
15771,JP,JP,STONE,REALE,2.83
17913,JP,JP,WOOD2,MACHI,2.83
2415,JP,JP,COKEO,ELEC1,2.83
10807,JP,JP,NONME,SUPPO,2.83
56,JP,JP,93197,GLASS,2.81
3506,JP,JP,DISTR,BITU1,2.81
17834,JP,JP,WOOD1,RUBBE,2.81
15576,JP,JP,STEAM,CERAM,2.81
1087,JP,JP,BITU1,GLASS,2.81
10331,JP,JP,NATUR,LIQUE,2.81
10193,JP,JP,NAPHT,CERAM,2.81
15004,JP,JP,RUBBE,REFI1,2.80
4491,JP,JP,ELEC3,TEXT1,2.80
6023,JP,JP,FOOD3,FOOD4,2.80
12503,JP,JP,PLAST,ELEC2,2.80
4853,JP,JP,ELEC6,KEROS,2.80
9779,JP,JP,MEMBE,ELEC3,2.80
11561,JP,JP,PAPE4,BUSIN,2.80
2058,JP,JP,CHEM1,OILSE,2.80
12544,JP,JP,PLAST,NONF1,2.80
12396,JP,JP,PLAS2,FOOD4,2.79
7045,JP,JP,GASDI,PULP5,2.79
15494,JP,JP,SECO9,HEALT,2.79
17924,JP,JP,WOOD2,OILHA,2.79
12044,JP,JP,PIGS9,BASIC,2.79
11586,JP,JP,PAPE4,FABRI,2.79
2879,JP,JP,CONST,OXYGE,2.79
12927,JP,JP,PREC1,PLAST,2.79
3616,JP,JP,DISTR,REFIN,2.79
3696,JP,JP,EDUCA,FOUND,2.79
5424,JP,JP,FABRI,RAWMI,2.78
303,JP,JP,ALUM1,ANIMA,2.78
2059,JP,JP,CHEM1,OXYGE,2.78
6633,JP,JP,FORES,RECRE,2.78
5764,JP,JP,FISHF,DAIRY,2.77
15922,JP,JP,SUGAR,FOOD5,2.77
15366,JP,JP,SEACO,LEAD1,2.77
12168,JP,JP,PLANT,FOOD3,2.76
13929,JP,JP,REALE,COALT,2.76
12022,JP,JP,PFERT,SECO9,2.76
11783,JP,JP,PAPER,PROCE,2.76
6934,JP,JP,FURNI,WOOD1,2.76
711,JP,JP,BASIC,COKEO,2.76
11767,JP,JP,PAPER,PADDY,2.75
14875,JP,JP,RETAI,WEARI,2.75
7016,JP,JP,GASDI,NAPHT,2.75
16435,JP,JP,TEXTI,MEATA,2.75
11339,JP,JP,PADDY,GLASS,2.75
11745,JP,JP,PAPER,MEAT1,2.75
16881,JP,JP,TRANS,POSTT,2.75
15110,JP,JP,SALEM,LIQUE,2.74
190,JP,JP,AIRTR,ELEC8,2.74
98,JP,JP,93197,PFERT,2.74
4231,JP,JP,ELEC2,COKEO,2.74
15414,JP,JP,SEACO,REFI1,2.74
6597,JP,JP,FORES,MOTO1,2.74
3091,JP,JP,CROPS,ELEC6,2.74
1074,JP,JP,BITU1,ELEC4,2.73
14588,JP,JP,RESEA,WOOD1,2.73
17449,JP,JP,WEARI,VEGE1,2.73
7851,JP,JP,INLAN,LANDT,2.73
11100,JP,JP,OILHA,RUBBE,2.73
200,JP,JP,AIRTR,FOODW,2.73
4999,JP,JP,ELEC8,AIRTR,2.72
8705,JP,JP,LEATH,CONST,2.72
5363,JP,JP,FABRI,GASWO,2.72
3908,JP,JP,ELE12,93197,2.72
1938,JP,JP,CEREA,POULT,2.72
15843,JP,JP,SUGA1,LIQUE,2.72
6317,JP,JP,FOOD5,OILHA,2.72
8191,JP,JP,INTER,WOODW,2.71
7774,JP,JP,INERT,PLAST,2.71
16450,JP,JP,TEXTI,OFFIC,2.71
5258,JP,JP,ELECT,POSTT,2.71
8442,JP,JP,LANDT,CEREA,2.71
15155,JP,JP,SALEM,RAWMI,2.71
2101,JP,JP,CHEM1,TEXT2,2.71
4243,JP,JP,ELEC2,ELEC1,2.71
1558,JP,JP,CATTL,CEMEN,2.70
11992,JP,JP,PFERT,NONF1,2.70
7382,JP,JP,HEALT,VEGET,2.70
11666,JP,JP,PAPE4,WHOLE,2.70
6956,JP,JP,GASDI,COALT,2.70
929,JP,JP,BEVER,RETAI,2.70
4472,JP,JP,ELEC3,RAWMI,2.69
3844,JP,JP,ELE11,MOTO1,2.69
14065,JP,JP,RECRE,ALUM1,2.69
4059,JP,JP,ELEC1,ANIMA,2.69
3241,JP,JP,DAIRY,CONST,2.69
9500,JP,JP,MEATC,RUBBE,2.69
8095,JP,JP,INTER,FINAN,2.69
5624,JP,JP,FISH5,BEVER,2.69
1489,JP,JP,BUSIN,OXYGE,2.69
970,JP,JP,BIOG1,CONST,2.69
3332,JP,JP,DAIRY,SUPPO,2.68
4218,JP,JP,ELEC2,BITU1,2.68
11776,JP,JP,PAPER,PLAS2,2.68
13791,JP,JP,RAILW,WOOD1,2.68
7404,JP,JP,HEAVY,BUSIN,2.68
13983,JP,JP,REALE,MEAT1,2.68
7890,JP,JP,INLAN,RETA1,2.68
15462,JP,JP,SECO9,COLLE,2.68
13276,JP,JP,PUBLI,ELEC4,2.68
10044,JP,JP,MOTOR,ALUM1,2.68
13008,JP,JP,PRINT,COKE1,2.67
3982,JP,JP,ELE12,MEDIC,2.67
3885,JP,JP,ELE11,RUBBE,2.67
11461,JP,JP,PAPE1,HEAVY,2.67
1025,JP,JP,BIOG1,RADIO,2.67
10705,JP,JP,NONME,CHEMI,2.66
4329,JP,JP,ELEC2,REFIN,2.66
13535,JP,JP,RADIO,ELEC1,2.66
8152,JP,JP,INTER,PRINT,2.66
11332,JP,JP,PADDY,FOOD4,2.66
17198,JP,JP,WASTE,COMPU,2.66
6089,JP,JP,FOOD3,TEXT1,2.66
10900,JP,JP,OFFIC,ALUM1,2.65
12600,JP,JP,POSTT,ANIMA,2.65
17703,JP,JP,WHOLE,TRAN1,2.65
13059,JP,JP,PRINT,LUBRI,2.65
16818,JP,JP,TRANS,COPP1,2.65
10032,JP,JP,MOTO1,VEGET,2.64
14904,JP,JP,RUBBE,COALT,2.64
8031,JP,JP,INSUR,SANDC,2.64
12437,JP,JP,PLAS2,PLAST,2.64
13290,JP,JP,PUBLI,FORES,2.64
3929,JP,JP,ELE12,COLLE,2.64
10730,JP,JP,NONME,FINAN,2.64
16986,JP,JP,VEGE1,LANDT,2.64
3950,JP,JP,ELE12,FISHF,2.64
12061,JP,JP,PIGS9,DIST1,2.64
4756,JP,JP,ELEC5,RAILW,2.64
10949,JP,JP,OFFIC,NONME,2.63
15140,JP,JP,SALEM,PFERT,2.63
15989,JP,JP,SUPPO,CATTL,2.63
14087,JP,JP,RECRE,CROPS,2.63
7217,JP,JP,GLASS,SEACO,2.63
5823,JP,JP,FISHF,PAPER,2.63
9026,JP,JP,LUBRI,RENTI,2.63
8511,JP,JP,LANDT,NATUR,2.62
14798,JP,JP,RETAI,FORES,2.62
7573,JP,JP,HOTEL,ELE11,2.62
405,JP,JP,ALUM1,RECRE,2.61
11400,JP,JP,PADDY,WEARI,2.61
4854,JP,JP,ELEC6,LANDT,2.60
13288,JP,JP,PUBLI,FOOD5,2.60
4633,JP,JP,ELEC4,STEAM,2.60
13472,JP,JP,PULP5,PULP5,2.60
1732,JP,JP,CEMEN,PRINT,2.60
17843,JP,JP,WOOD1,TEXT1,2.60
12010,JP,JP,PFERT,PUBLI,2.60
10501,JP,JP,NONF1,BRICK,2.59
6254,JP,JP,FOOD5,COLLE,2.59
3600,JP,JP,DISTR,PLAS2,2.59
4869,JP,JP,ELEC6,NAPHT,2.59
7031,JP,JP,GASDI,PARAF,2.59
7596,JP,JP,HOTEL,GASWO,2.59
10135,JP,JP,MOTOR,PLAST,2.59
17800,JP,JP,WOOD1,NONME,2.59
2397,JP,JP,COKEO,ALUM1,2.59
8250,JP,JP,KERO1,ELEC4,2.59
13289,JP,JP,PUBLI,FOODW,2.58
15437,JP,JP,SEACO,VEGE1,2.58
4004,JP,JP,ELE12,PFERT,2.58
14324,JP,JP,RENTI,ELEC5,2.58
17741,JP,JP,WOOD1,COPP1,2.58
17606,JP,JP,WHOLE,ELEC3,2.58
17995,JP,JP,WOODW,DIST1,2.58
4857,JP,JP,ELEC6,LIQUE,2.58
15073,JP,JP,SALEM,ELE12,2.58
11096,JP,JP,OILHA,RENTI,2.57
8514,JP,JP,LANDT,NONFE,2.57
10588,JP,JP,NONF1,POSTT,2.57
1686,JP,JP,CEMEN,FOUND,2.57
17682,JP,JP,WHOLE,RAILW,2.56
16309,JP,JP,TEXT2,HOTEL,2.56
2485,JP,JP,COLLE,BLAST,2.56
6999,JP,JP,GASDI,KERO1,2.56
13894,JP,JP,RAWMI,SEACO,2.56
5641,JP,JP,FISH5,CROPS,2.56
15096,JP,JP,SALEM,GLASS,2.56
8841,JP,JP,LIQUE,DISTR,2.56
8967,JP,JP,LUBRI,EDUCA,2.56
5630,JP,JP,FISH5,CEMEN,2.56
8578,JP,JP,LANDT,WOOD2,2.55
249,JP,JP,AIRTR,PFERT,2.55
17667,JP,JP,WHOLE,PARAF,2.55
4312,JP,JP,ELEC2,PLAS1,2.55
15272,JP,JP,SANDC,RAILW,2.55
5623,JP,JP,FISH5,BASIC,2.55
4458,JP,JP,ELEC3,PIGS9,2.55
17930,JP,JP,WOOD2,PLAS1,2.55
4029,JP,JP,ELE12,SALEM,2.55
4132,JP,JP,ELEC1,MEATC,2.54
14505,JP,JP,RESEA,INTER,2.54
7417,JP,JP,HEAVY,CONST,2.54
15404,JP,JP,SEACO,PRECI,2.54
4527,JP,JP,ELEC4,CHEMI,2.54
11459,JP,JP,PAPE1,GLASS,2.54
10321,JP,JP,NATUR,HEAVY,2.54
3262,JP,JP,DAIRY,FOOD4,2.54
7551,JP,JP,HOTEL,BRICK,2.54
12127,JP,JP,PIGS9,RETAI,2.54
13555,JP,JP,RADIO,GASDI,2.54
11222,JP,JP,OXYGE,ELECT,2.54
90,JP,JP,93197,OILHA,2.54
8435,JP,JP,LANDT,BITU1,2.54
15377,JP,JP,SEACO,MEMBE,2.53
16169,JP,JP,TEXT1,FOOD5,2.53
1706,JP,JP,CEMEN,MEDIC,2.53
6429,JP,JP,FOODW,GLASS,2.53
3882,JP,JP,ELE11,RESEA,2.53
10706,JP,JP,NONME,COALT,2.53
8482,JP,JP,LANDT,GASWO,2.53
9539,JP,JP,MEATP,ELEC4,2.52
12859,JP,JP,PREC1,ALUM1,2.52
6201,JP,JP,FOOD4,RECRE,2.52
3081,JP,JP,CROPS,DAIRY,2.52
5472,JP,JP,FINAN,BITU1,2.52
11007,JP,JP,OILHA,COPP1,2.52
976,JP,JP,BIOG1,EDUCA,2.52
3433,JP,JP,DIST1,NFERT,2.52
7703,JP,JP,INERT,BUSIN,2.52
3110,JP,JP,CROPS,HEAVY,2.52
656,JP,JP,AUXIL,SECO9,2.51
18154,JP,JP,WOOLS,WHOLE,2.51
2928,JP,JP,CONST,VEGE1,2.51
550,JP,JP,AUXIL,COKE1,2.51
6018,JP,JP,FOOD3,FABRI,2.51
10133,JP,JP,MOTOR,PLAS1,2.51
11802,JP,JP,PAPER,STEAM,2.51
8040,JP,JP,INSUR,TEXTI,2.51
17319,JP,JP,WEARI,BRICK,2.50
11648,JP,JP,PAPE4,RESEA,2.50
3287,JP,JP,DAIRY,MEDIC,2.50
11066,JP,JP,OILHA,NONME,2.50
14341,JP,JP,RENTI,GASWO,2.50
4174,JP,JP,ELEC1,REFI1,2.50
15852,JP,JP,SUGA1,NFERT,2.50
5740,JP,JP,FISHF,93197,2.50
8055,JP,JP,INTER,93197,2.50
2953,JP,JP,COPP1,CERAM,2.50
311,JP,JP,ALUM1,BRICK,2.49
10755,JP,JP,NONME,LUBRI,2.49
6658,JP,JP,FORES,WEARI,2.49
17160,JP,JP,VEGET,SEACO,2.49
15837,JP,JP,SUGA1,HOTEL,2.49
7036,JP,JP,GASDI,PLAS2,2.48
542,JP,JP,AUXIL,CATTL,2.48
9339,JP,JP,MEAT4,PAPE4,2.48
952,JP,JP,BIODI,COLLE,2.48
1331,JP,JP,BRICK,COLLE,2.48
12815,JP,JP,POULT,NFERT,2.48
3806,JP,JP,ELE11,EDUCA,2.48
12670,JP,JP,POSTT,LUBRI,2.48
3083,JP,JP,CROPS,DISTR,2.48
186,JP,JP,AIRTR,ELEC3,2.48
6400,JP,JP,FOODW,CROPS,2.47
598,JP,JP,AUXIL,LEATH,2.47
10774,JP,JP,NONME,OILHA,2.47
777,JP,JP,BASIC,NUCLE,2.47
11430,JP,JP,PAPE1,CROPS,2.47
4780,JP,JP,ELEC5,TRANS,2.47
14940,JP,JP,RUBBE,GASWO,2.47
7505,JP,JP,HEAVY,RECRE,2.47
6367,JP,JP,FOOD5,VEGET,2.47
11970,JP,JP,PFERT,HEALT,2.47
1846,JP,JP,CERAM,POSTT,2.47
3068,JP,JP,CROPS,CEMEN,2.46
7326,JP,JP,HEALT,NONFE,2.46
9818,JP,JP,MEMBE,MEDIC,2.46
163,JP,JP,AIRTR,CEMEN,2.46
5681,JP,JP,FISH5,MEDIC,2.46
3590,JP,JP,DISTR,OXYGE,2.46
7589,JP,JP,HOTEL,FOOD4,2.45
9773,JP,JP,MEMBE,DISTR,2.45
8000,JP,JP,INSUR,PAPE1,2.45
132,JP,JP,93197,TEXT1,2.45
12097,JP,JP,PIGS9,MOTO1,2.45
12077,JP,JP,PIGS9,FOOD5,2.45
13919,JP,JP,REALE,BLAST,2.44
12263,JP,JP,PLAS1,FOOD5,2.44
15424,JP,JP,SEACO,SECO9,2.44
509,JP,JP,ANIMA,RAWMI,2.44
12529,JP,JP,PLAST,LEAD1,2.44
7441,JP,JP,HEAVY,FORES,2.44
13743,JP,JP,RAILW,PFERT,2.44
4902,JP,JP,ELEC6,RAWMI,2.44
6648,JP,JP,FORES,SUPPO,2.44
1230,JP,JP,BLAST,ELEC1,2.44
12584,JP,JP,PLAST,TOBAC,2.44
4375,JP,JP,ELEC3,CATTL,2.43
3286,JP,JP,DAIRY,MEATP,2.43
1531,JP,JP,BUSIN,TEXT2,2.43
4730,JP,JP,ELEC5,NONF1,2.43
52,JP,JP,93197,FORES,2.43
1546,JP,JP,BUSIN,WOOD2,2.43
6114,JP,JP,FOOD4,CHEM1,2.42
9309,JP,JP,MEAT4,FISH5,2.42
4349,JP,JP,ELEC2,TRAN2,2.42
9067,JP,JP,MACHI,COKEO,2.42
4046,JP,JP,ELE12,VEGET,2.42
4158,JP,JP,ELEC1,PLAS1,2.42
1390,JP,JP,BRICK,WOODW,2.42
17205,JP,JP,WASTE,EDUCA,2.42
8638,JP,JP,LEAD1,MEDIC,2.42
8326,JP,JP,KERO1,RAWMI,2.41
7000,JP,JP,GASDI,KEROS,2.41
10782,JP,JP,NONME,PLAS1,2.41
17384,JP,JP,WEARI,MEATC,2.41
8042,JP,JP,INSUR,TRAN1,2.40
8704,JP,JP,LEATH,COMPU,2.40
17097,JP,JP,VEGET,FOOD4,2.40
5198,JP,JP,ELECT,FOOD2,2.40
17465,JP,JP,WHEAT,CATTL,2.40
7553,JP,JP,HOTEL,CATTL,2.40
7121,JP,JP,GLASS,CATTL,2.40
18119,JP,JP,WOOLS,DIST1,2.40
6612,JP,JP,FORES,PAPE1,2.40
7200,JP,JP,GLASS,PREC1,2.40
12043,JP,JP,PIGS9,AUXIL,2.39
11347,JP,JP,PADDY,LEATH,2.39
7728,JP,JP,INERT,FABRI,2.39
16641,JP,JP,TRAN1,MEATC,2.39
4501,JP,JP,ELEC3,WEARI,2.39
11183,JP,JP,OILSE,RETA1,2.39
9438,JP,JP,MEATC,AIRTR,2.39
16278,JP,JP,TEXT2,COLLE,2.39
4388,JP,JP,ELEC3,CROPS,2.38
1636,JP,JP,CATTL,TEXTI,2.38
15491,JP,JP,SECO9,GASDI,2.38
343,JP,JP,ALUM1,FISHF,2.38
15812,JP,JP,SUGA1,DAIRY,2.38
15978,JP,JP,SUPPO,ANIMA,2.37
11933,JP,JP,PFERT,CERAM,2.37
6064,JP,JP,FOOD3,PLAST,2.37
3397,JP,JP,DIST1,FOOD4,2.37
9908,JP,JP,MOTO1,COKEO,2.37
10808,JP,JP,NONME,TEXT1,2.37
16239,JP,JP,TEXT1,RUBBE,2.37
16695,JP,JP,TRAN1,STONE,2.37
16497,JP,JP,TEXTI,VEGET,2.37
5727,JP,JP,FISH5,TEXTI,2.37
8962,JP,JP,LUBRI,COMPU,2.37
2949,JP,JP,COPP1,BRICK,2.37
5200,JP,JP,ELECT,FOOD4,2.37
7614,JP,JP,HOTEL,MEAT1,2.36
6909,JP,JP,FURNI,RETAI,2.36
18025,JP,JP,WOODW,INSUR,2.36
7963,JP,JP,INSUR,GLASS,2.36
2950,JP,JP,COPP1,BUSIN,2.36
5549,JP,JP,FINAN,NATUR,2.36
14096,JP,JP,RECRE,ELEC3,2.36
4610,JP,JP,ELEC4,POULT,2.36
6923,JP,JP,FURNI,TOBAC,2.36
13418,JP,JP,PULP5,FISH5,2.36
7250,JP,JP,HEALT,BITU1,2.36
14086,JP,JP,RECRE,COPP1,2.35
3131,JP,JP,CROPS,MOTO1,2.35
7010,JP,JP,GASDI,MEATC,2.35
9293,JP,JP,MEAT4,CROPS,2.35
7423,JP,JP,HEAVY,EDUCA,2.34
134,JP,JP,93197,TEXTI,2.34
3425,JP,JP,DIST1,MEATP,2.34
13312,JP,JP,PUBLI,MEAT4,2.34
5664,JP,JP,FISH5,FURNI,2.34
4197,JP,JP,ELEC1,VEGE1,2.34
4103,JP,JP,ELEC1,FOOD2,2.34
5441,JP,JP,FABRI,SUGAR,2.34
7529,JP,JP,HEAVY,VEGE1,2.34
5596,JP,JP,FINAN,STONE,2.33
3315,JP,JP,DAIRY,RAILW,2.33
11022,JP,JP,OILHA,ELECT,2.33
17466,JP,JP,WHEAT,CEREA,2.33
6511,JP,JP,FOODW,VEGET,2.33
11543,JP,JP,PAPE1,VEGET,2.33
2915,JP,JP,CONST,STEAM,2.33
17008,JP,JP,VEGE1,PAPER,2.33
12429,JP,JP,PLAS2,OILHA,2.33
194,JP,JP,AIRTR,FISH5,2.32
15892,JP,JP,SUGA1,WHOLE,2.32
11967,JP,JP,PFERT,GASDI,2.32
5379,JP,JP,FABRI,LUBRI,2.32
17794,JP,JP,WOOD1,MOTOR,2.32
14487,JP,JP,RESEA,FISHF,2.31
5949,JP,JP,FOOD2,PLAST,2.31
9772,JP,JP,MEMBE,DIST1,2.31
9926,JP,JP,MOTO1,ELEC6,2.31
4888,JP,JP,ELEC6,PIGS9,2.31
6569,JP,JP,FORES,FOODW,2.31
8005,JP,JP,INSUR,PFERT,2.31
11293,JP,JP,OXYGE,WHOLE,2.31
15484,JP,JP,SECO9,FOOD2,2.31
17756,JP,JP,WOOD1,ELECT,2.31
8581,JP,JP,LEAD1,ALUM1,2.31
14832,JP,JP,RETAI,OILHA,2.30
13911,JP,JP,REALE,ANIMA,2.30
8873,JP,JP,LIQUE,KERO1,2.30
13243,JP,JP,PROCE,WOOD2,2.30
2544,JP,JP,COLLE,LEATH,2.30
5105,JP,JP,ELEC8,PREC1,2.30
16699,JP,JP,TRAN1,TEXT1,2.30
12333,JP,JP,PLAS1,RUBBE,2.29
8168,JP,JP,INTER,SALEM,2.29
15167,JP,JP,SALEM,SECO9,2.29
2131,JP,JP,CHEMI,CERAM,2.29
5019,JP,JP,ELEC8,COKE1,2.29
2357,JP,JP,COKE1,PLAST,2.29
12654,JP,JP,POSTT,GASWO,2.29
7959,JP,JP,INSUR,FOUND,2.29
3756,JP,JP,EDUCA,RETAI,2.29
769,JP,JP,BASIC,MOTOR,2.29
4509,JP,JP,ELEC4,AIRTR,2.29
4212,JP,JP,ELEC2,AUXIL,2.29
17875,JP,JP,WOOD2,CONST,2.28
1156,JP,JP,BITUM,GASDI,2.28
16731,JP,JP,TRAN2,COLLE,2.28
7075,JP,JP,GASDI,VEGE1,2.28
10885,JP,JP,NONSP,PRINT,2.28
7934,JP,JP,INSUR,CROPS,2.28
17126,JP,JP,VEGET,MOTOR,2.28
11060,JP,JP,OILHA,MOTOR,2.28
10821,JP,JP,NONME,WOOD1,2.28
3811,JP,JP,ELE11,FABRI,2.28
13036,JP,JP,PRINT,FOOD4,2.28
16208,JP,JP,TEXT1,OILHA,2.27
9821,JP,JP,MEMBE,MOTOR,2.27
13107,JP,JP,PRINT,REFI1,2.27
14361,JP,JP,RENTI,MEATA,2.27
7923,JP,JP,INSUR,CERAM,2.27
4467,JP,JP,ELEC3,PROCE,2.27
8170,JP,JP,INTER,SEACO,2.27
18109,JP,JP,WOODW,WOOD1,2.27
6484,JP,JP,FOODW,RAWMI,2.26
7807,JP,JP,INERT,WHOLE,2.26
10626,JP,JP,NONF1,WHOLE,2.26
11517,JP,JP,PAPE1,RAWMI,2.26
41,JP,JP,93197,ELEC8,2.26
215,JP,JP,AIRTR,KERO1,2.26
693,JP,JP,BASIC,BEVER,2.26
1318,JP,JP,BLAST,WOODW,2.26
10215,JP,JP,NAPHT,FOUND,2.26
15319,JP,JP,SEACO,CHEMI,2.25
744,JP,JP,BASIC,GASDI,2.25
7436,JP,JP,HEAVY,FOOD2,2.25
15231,JP,JP,SANDC,FURNI,2.25
16318,JP,JP,TEXT2,MACHI,2.25
10132,JP,JP,MOTOR,PIGS9,2.25
444,JP,JP,ANIMA,CEMEN,2.25
15154,JP,JP,SALEM,RAILW,2.24
3573,JP,JP,DISTR,MEATP,2.24
2613,JP,JP,COLLE,TOBAC,2.24
12102,JP,JP,PIGS9,NONME,2.24
4700,JP,JP,ELEC5,FOUND,2.24
8590,JP,JP,LEAD1,CEMEN,2.24
10767,JP,JP,NONME,NATUR,2.24
8474,JP,JP,LANDT,FOOD3,2.23
2064,JP,JP,CHEM1,PARAF,2.23
6169,JP,JP,FOOD4,MOTO1,2.23
14558,JP,JP,RESEA,REALE,2.23
17431,JP,JP,WEARI,RETAI,2.23
4505,JP,JP,ELEC3,WOOD1,2.23
3189,JP,JP,CROPS,VEGE1,2.23
4296,JP,JP,ELEC2,NONFE,2.22
2804,JP,JP,CONST,COALT,2.22
15109,JP,JP,SALEM,LEATH,2.22
17208,JP,JP,WASTE,ELEC2,2.22
17777,JP,JP,WOOD1,INTER,2.22
1639,JP,JP,CATTL,VEGE1,2.21
9445,JP,JP,MEATC,CHEM1,2.21
15803,JP,JP,SUGA1,CATTL,2.21
6672,JP,JP,FOUND,BUSIN,2.21
12040,JP,JP,PIGS9,AIRTR,2.21
14026,JP,JP,REALE,RAWMI,2.21
10012,JP,JP,MOTO1,RETAI,2.21
15519,JP,JP,SECO9,OFFIC,2.21
8563,JP,JP,LANDT,TEXT2,2.21
13550,JP,JP,RADIO,FOOD5,2.20
11905,JP,JP,PETRO,PLAST,2.20
2772,JP,JP,COMPU,VEGE1,2.20
4803,JP,JP,ELEC6,CATTL,2.20
9101,JP,JP,MACHI,GASWO,2.20
16205,JP,JP,TEXT1,NONME,2.20
18053,JP,JP,WOODW,OILHA,2.20
3949,JP,JP,ELE12,FISH5,2.19
4829,JP,JP,ELEC6,ELECT,2.19
6097,JP,JP,FOOD3,WHOLE,2.19
8732,JP,JP,LEATH,FOUND,2.19
7002,JP,JP,GASDI,LEAD1,2.19
289,JP,JP,AIRTR,TRAN2,2.19
15147,JP,JP,SALEM,PREC1,2.19
7122,JP,JP,GLASS,CEMEN,2.19
13976,JP,JP,REALE,KEROS,2.19
6354,JP,JP,FOOD5,STEAM,2.19
5172,JP,JP,ELECT,COKE1,2.18
10726,JP,JP,NONME,ELEC6,2.18
17310,JP,JP,WEARI,ANIMA,2.18
16146,JP,JP,TEXT1,COPP1,2.18
13329,JP,JP,PUBLI,PAPE1,2.18
17724,JP,JP,WOOD1,BEVER,2.18
14972,JP,JP,RUBBE,NONFE,2.18
10018,JP,JP,MOTO1,STEAM,2.17
872,JP,JP,BEVER,FOOD4,2.17
1584,JP,JP,CATTL,FURNI,2.17
4931,JP,JP,ELEC6,WEARI,2.17
3918,JP,JP,ELE12,BRICK,2.17
16069,JP,JP,SUPPO,PAPE4,2.17
2856,JP,JP,CONST,LUBRI,2.16
4816,JP,JP,ELEC6,CROPS,2.16
12451,JP,JP,PLAS2,RENTI,2.16
7501,JP,JP,HEAVY,RADIO,2.16
11945,JP,JP,PFERT,DAIRY,2.16
12031,JP,JP,PFERT,VEGE1,2.15
16587,JP,JP,TRAN1,COALT,2.15
8977,JP,JP,LUBRI,FOODW,2.15
8874,JP,JP,LIQUE,KEROS,2.15
8112,JP,JP,INTER,INSUR,2.15
14111,JP,JP,RECRE,FOUND,2.15
319,JP,JP,ALUM1,CHEMI,2.15
9006,JP,JP,LUBRI,PAPE1,2.15
1620,JP,JP,CATTL,PRINT,2.15
13735,JP,JP,RAILW,OILHA,2.14
13931,JP,JP,REALE,COKEO,2.14
3673,JP,JP,EDUCA,DIST1,2.14
1125,JP,JP,BITU1,SANDC,2.14
18041,JP,JP,WOODW,MEMBE,2.14
15433,JP,JP,SEACO,TOBAC,2.14
4087,JP,JP,ELEC1,DIST1,2.14
5790,JP,JP,FISHF,GLASS,2.13
13423,JP,JP,PULP5,FOOD5,2.13
3270,JP,JP,DAIRY,GLASS,2.13
12391,JP,JP,PLAS2,FABRI,2.13
10117,JP,JP,MOTOR,NFERT,2.13
13269,JP,JP,PUBLI,DISTR,2.13
17261,JP,JP,WASTE,PAPER,2.13
17105,JP,JP,VEGET,GLASS,2.13
11873,JP,JP,PETRO,ELEC6,2.13
4557,JP,JP,ELEC4,FOODW,2.13
5215,JP,JP,ELECT,INTER,2.12
16702,JP,JP,TRAN1,TOBAC,2.12
216,JP,JP,AIRTR,KEROS,2.12
17414,JP,JP,WEARI,POULT,2.12
12299,JP,JP,PLAS1,NONME,2.12
849,JP,JP,BEVER,COLLE,2.12
7011,JP,JP,GASDI,MEATP,2.12
11228,JP,JP,OXYGE,FOOD5,2.12
12240,JP,JP,PLAS1,COPP1,2.12
6339,JP,JP,FOOD5,RAILW,2.12
10990,JP,JP,OILHA,BEVER,2.11
16876,JP,JP,TRANS,PAPER,2.11
630,JP,JP,AUXIL,PLAS1,2.10
9709,JP,JP,MEDIC,RAILW,2.10
549,JP,JP,AUXIL,COALT,2.10
3478,JP,JP,DIST1,TEXT1,2.10
5282,JP,JP,ELECT,STEAM,2.10
17036,JP,JP,VEGE1,SEACO,2.10
16005,JP,JP,SUPPO,DIST1,2.10
16714,JP,JP,TRAN1,WOOD1,2.10
13975,JP,JP,REALE,KERO1,2.10
12469,JP,JP,PLAS2,WHOLE,2.09
667,JP,JP,AUXIL,TRAN2,2.09
3250,JP,JP,DAIRY,ELEC2,2.09
9737,JP,JP,MEDIC,VEGET,2.09
15016,JP,JP,RUBBE,STONE,2.09
3175,JP,JP,CROPS,SANDC,2.08
6189,JP,JP,FOOD4,POSTT,2.08
12847,JP,JP,POULT,SUPPO,2.08
2116,JP,JP,CHEM1,WOOD2,2.08
16614,JP,JP,TRAN1,FOOD4,2.08
9374,JP,JP,MEAT4,WASTE,2.08
2707,JP,JP,COMPU,MEATP,2.08
5765,JP,JP,FISHF,DIST1,2.08
11954,JP,JP,PFERT,ELEC4,2.08
6178,JP,JP,FOOD4,OFFIC,2.08
1630,JP,JP,CATTL,RETAI,2.08
735,JP,JP,BASIC,FISH5,2.07
3093,JP,JP,CROPS,ELECT,2.07
3745,JP,JP,EDUCA,PUBLI,2.07
7490,JP,JP,HEAVY,PLAS1,2.07
17712,JP,JP,WHOLE,WHITE,2.07
13056,JP,JP,PRINT,LEAD1,2.07
4405,JP,JP,ELEC3,FISHF,2.07
10959,JP,JP,OFFIC,PREC1,2.07
4722,JP,JP,ELEC5,MEDIC,2.07
13958,JP,JP,REALE,FOOD4,2.07
17383,JP,JP,WEARI,MEATA,2.07
10198,JP,JP,NAPHT,COPP1,2.07
13398,JP,JP,PULP5,COLLE,2.06
7003,JP,JP,GASDI,LEATH,2.06
4897,JP,JP,ELEC6,PROCE,2.06
9372,JP,JP,MEAT4,VEGE1,2.06
11398,JP,JP,PADDY,VEGE1,2.06
788,JP,JP,BASIC,PIGS9,2.06
8048,JP,JP,INSUR,WEARI,2.06
15996,JP,JP,SUPPO,COALT,2.06
2997,JP,JP,COPP1,LEATH,2.06
6264,JP,JP,FOOD5,ELE12,2.06
7375,JP,JP,HEALT,TEXT2,2.06
7940,JP,JP,INSUR,ELE12,2.05
12366,JP,JP,PLAS2,BUSIN,2.05
18021,JP,JP,WOODW,HEAVY,2.05
12461,JP,JP,PLAS2,TEXT1,2.05
14933,JP,JP,RUBBE,FOOD4,2.05
7789,JP,JP,INERT,RESEA,2.05
12637,JP,JP,POSTT,ELEC5,2.05
10221,JP,JP,NAPHT,HEAVY,2.05
1551,JP,JP,CATTL,BASIC,2.04
5908,JP,JP,FOOD2,FOOD4,2.04
13455,JP,JP,PULP5,OFFIC,2.04
11206,JP,JP,OXYGE,CERAM,2.04
16022,JP,JP,SUPPO,FOOD2,2.04
2685,JP,JP,COMPU,GASWO,2.04
58,JP,JP,93197,HEAVY,2.04
9752,JP,JP,MEMBE,BEVER,2.04
947,JP,JP,BEVER,VEGET,2.04
14987,JP,JP,RUBBE,PIGS9,2.03
110,JP,JP,93197,PULP5,2.03
11203,JP,JP,OXYGE,BUSIN,2.03
7516,JP,JP,HEAVY,SECO9,2.03
17947,JP,JP,WOOD2,RETA1,2.03
3264,JP,JP,DAIRY,FOODW,2.03
7247,JP,JP,HEALT,BIODI,2.03
3019,JP,JP,COPP1,POSTT,2.03
8923,JP,JP,LIQUE,RESEA,2.03
11133,JP,JP,OILSE,COMPU,2.03
15601,JP,JP,STEAM,FISH5,2.02
3966,JP,JP,ELE12,INSUR,2.02
10485,JP,JP,NFERT,TEXTI,2.02
4599,JP,JP,ELEC4,PAPE1,2.02
2617,JP,JP,COLLE,VEGE1,2.02
6129,JP,JP,FOOD4,ELEC1,2.02
6297,JP,JP,FOOD5,LEAD1,2.02
2383,JP,JP,COKE1,TEXTI,2.02
4662,JP,JP,ELEC5,BEVER,2.02
5732,JP,JP,FISH5,VEGE1,2.02
13507,JP,JP,RADIO,BEVER,2.02
1175,JP,JP,BITUM,OFFIC,2.02
16657,JP,JP,TRAN1,OILHA,2.02
14357,JP,JP,RENTI,LUBRI,2.01
16823,JP,JP,TRANS,EDUCA,2.01
14156,JP,JP,RECRE,PFERT,2.01
9716,JP,JP,MEDIC,RESEA,2.01
8547,JP,JP,LANDT,REFIN,2.01
1997,JP,JP,CHEM1,ELE12,2.01
13890,JP,JP,RAWMI,RETAI,2.01
11956,JP,JP,PFERT,ELEC6,2.01
15674,JP,JP,STEAM,SALEM,2.01
540,JP,JP,AUXIL,BRICK,2.01
3492,JP,JP,DIST1,WOOD1,2.01
7612,JP,JP,HOTEL,LUBRI,2.01
17256,JP,JP,WASTE,OFFIC,2.00
3127,JP,JP,CROPS,MEATC,2.00
11254,JP,JP,OXYGE,NONF1,2.00
3108,JP,JP,CROPS,GLASS,2.00
9128,JP,JP,MACHI,NAPHT,2.00
10542,JP,JP,NONF1,FORES,2.00
7182,JP,JP,GLASS,NONF1,2.00
16441,JP,JP,TEXTI,MOTOR,2.00
7957,JP,JP,INSUR,FOODW,2.00
9592,JP,JP,MEATP,SUPPO,2.00
634,JP,JP,AUXIL,POULT,1.99
15631,JP,JP,STEAM,MEATC,1.99
3170,JP,JP,CROPS,RENTI,1.99
17798,JP,JP,WOOD1,NONF1,1.99
3252,JP,JP,DAIRY,ELEC4,1.99
9257,JP,JP,MEAT1,SALEM,1.99
10386,JP,JP,NATUR,TEXTI,1.99
5763,JP,JP,FISHF,CROPS,1.99
8601,JP,JP,LEAD1,CROPS,1.99
568,JP,JP,AUXIL,ELEC6,1.99
2916,JP,JP,CONST,STONE,1.98
10064,JP,JP,MOTOR,COPP1,1.98
764,JP,JP,BASIC,MEATC,1.98
1782,JP,JP,CERAM,COLLE,1.98
12329,JP,JP,PLAS1,RENTI,1.98
370,JP,JP,ALUM1,MEATA,1.98
16199,JP,JP,TEXT1,MOTOR,1.97
10976,JP,JP,OFFIC,TEXTI,1.97
12452,JP,JP,PLAS2,RESEA,1.97
10735,JP,JP,NONME,FOOD4,1.97
10832,JP,JP,NONSP,CEMEN,1.97
11788,JP,JP,PAPER,RAWMI,1.97
1780,JP,JP,CERAM,COKE1,1.97
15966,JP,JP,SUGAR,SUGA1,1.97
6671,JP,JP,FOUND,BRICK,1.97
14761,JP,JP,RETAI,BUSIN,1.97
9487,JP,JP,MEATC,PLAST,1.97
15141,JP,JP,SALEM,PIGS9,1.96
16636,JP,JP,TRAN1,LUBRI,1.96
9340,JP,JP,MEAT4,PAPER,1.96
14470,JP,JP,RESEA,DAIRY,1.96
1023,JP,JP,BIOG1,PUBLI,1.96
17247,JP,JP,WASTE,MOTO1,1.96
6495,JP,JP,FOODW,SANDC,1.96
5081,JP,JP,ELEC8,NATUR,1.96
6605,JP,JP,FORES,NONME,1.95
13812,JP,JP,RAWMI,COMPU,1.95
5484,JP,JP,FINAN,COALT,1.95
11514,JP,JP,PAPE1,PULP5,1.95
9314,JP,JP,MEAT4,FOODW,1.95
15636,JP,JP,STEAM,MOTOR,1.95
6481,JP,JP,FOODW,PULP5,1.95
100,JP,JP,93197,PLAS1,1.95
6861,JP,JP,FURNI,MEATC,1.95
1613,JP,JP,CATTL,PAPER,1.94
8918,JP,JP,LIQUE,REALE,1.94
3935,JP,JP,ELE12,DAIRY,1.94
69,JP,JP,93197,LIQUE,1.94
6795,JP,JP,FURNI,BRICK,1.94
15143,JP,JP,SALEM,PLAS2,1.94
9503,JP,JP,MEATC,SEACO,1.94
3129,JP,JP,CROPS,MEDIC,1.94
7301,JP,JP,HEALT,INLAN,1.94
8157,JP,JP,INTER,RAILW,1.94
6413,JP,JP,FOODW,ELEC8,1.94
11443,JP,JP,PAPE1,ELEC8,1.94
11064,JP,JP,OILHA,NONF1,1.94
15936,JP,JP,SUGAR,MACHI,1.93
7371,JP,JP,HEALT,SUGA1,1.93
5106,JP,JP,ELEC8,PRECI,1.93
14184,JP,JP,RECRE,SECO9,1.93
10348,JP,JP,NATUR,NONSP,1.93
9020,JP,JP,LUBRI,RAILW,1.93
7559,JP,JP,HOTEL,CHEMI,1.93
8014,JP,JP,INSUR,PRINT,1.93
3969,JP,JP,ELE12,KERO1,1.93
990,JP,JP,BIOG1,FURNI,1.93
4185,JP,JP,ELEC1,STONE,1.93
16557,JP,JP,TOBAC,RAILW,1.93
3041,JP,JP,COPP1,TEXTI,1.93
5769,JP,JP,FISHF,ELEC1,1.93
6653,JP,JP,FORES,TRAN1,1.93
13784,JP,JP,RAILW,VEGE1,1.93
12293,JP,JP,PLAS1,MOTOR,1.93
417,JP,JP,ALUM1,SUPPO,1.93
232,JP,JP,AIRTR,NAPHT,1.93
16707,JP,JP,TRAN1,VEGE1,1.92
15199,JP,JP,SANDC,BRICK,1.92
1057,JP,JP,BITU1,CERAM,1.92
1296,JP,JP,BLAST,RESEA,1.92
9896,JP,JP,MOTO1,BLAST,1.91
2513,JP,JP,COLLE,ELEC5,1.91
15459,JP,JP,SECO9,COALT,1.91
1479,JP,JP,BUSIN,NATUR,1.91
10867,JP,JP,NONSP,LUBRI,1.91
11323,JP,JP,PADDY,ELEC2,1.91
3827,JP,JP,ELE11,HOTEL,1.91
10814,JP,JP,NONME,VEGE1,1.91
5066,JP,JP,ELEC8,LEATH,1.91
10866,JP,JP,NONSP,LIQUE,1.91
9697,JP,JP,MEDIC,PLAS1,1.90
16417,JP,JP,TEXTI,GASDI,1.90
12198,JP,JP,PLANT,PLAST,1.90
6303,JP,JP,FOOD5,MEAT4,1.90
16280,JP,JP,TEXT2,CONST,1.90
8997,JP,JP,LUBRI,MEMBE,1.90
17863,JP,JP,WOOD2,BASIC,1.89
9225,JP,JP,MEAT1,FOODW,1.89
2552,JP,JP,COLLE,MEATP,1.89
5585,JP,JP,FINAN,REFIN,1.89
1878,JP,JP,CERAM,WEARI,1.89
17028,JP,JP,VEGE1,REFI1,1.89
5646,JP,JP,FISH5,ELE12,1.89
10113,JP,JP,MOTOR,MOTOR,1.89
3674,JP,JP,EDUCA,DISTR,1.89
10459,JP,JP,NFERT,NONME,1.89
8298,JP,JP,KERO1,NONF1,1.89
505,JP,JP,ANIMA,PRINT,1.88
10244,JP,JP,NAPHT,OXYGE,1.88
4776,JP,JP,ELEC5,TEXTI,1.88
3322,JP,JP,DAIRY,RETAI,1.88
1806,JP,JP,CERAM,FOUND,1.88
12512,JP,JP,PLAST,FOOD2,1.88
3758,JP,JP,EDUCA,SALEM,1.88
10222,JP,JP,NAPHT,HOTEL,1.88
4611,JP,JP,ELEC4,PREC1,1.87
9187,JP,JP,MACHI,VEGE1,1.87
14105,JP,JP,RECRE,FISHF,1.87
6853,JP,JP,FURNI,LEAD1,1.87
15607,JP,JP,STEAM,FOODW,1.87
9175,JP,JP,MACHI,STEAM,1.87
10019,JP,JP,MOTO1,STONE,1.87
10387,JP,JP,NATUR,TOBAC,1.87
7626,JP,JP,HOTEL,NFERT,1.87
14100,JP,JP,RECRE,ELEC8,1.87
16129,JP,JP,TEXT1,BEVER,1.87
14424,JP,JP,RENTI,TOBAC,1.87
13992,JP,JP,REALE,NAPHT,1.86
16114,JP,JP,SUPPO,WASTE,1.86
7149,JP,JP,GLASS,FISHF,1.86
11921,JP,JP,PFERT,ALUM1,1.86
7881,JP,JP,INLAN,PUBLI,1.86
9906,JP,JP,MOTO1,COALT,1.86
8291,JP,JP,KERO1,MEDIC,1.86
12718,JP,JP,POSTT,REFI1,1.85
16846,JP,JP,TRANS,HOTEL,1.85
9650,JP,JP,MEDIC,FORES,1.85
1785,JP,JP,CERAM,COPP1,1.85
12470,JP,JP,PLAS2,WOOD1,1.85
15163,JP,JP,SALEM,RETAI,1.85
13169,JP,JP,PROCE,ELEC4,1.85
12692,JP,JP,POSTT,OILSE,1.85
11835,JP,JP,PARAF,KERO1,1.85
2606,JP,JP,COLLE,STONE,1.84
2530,JP,JP,COLLE,GASWO,1.84
9256,JP,JP,MEAT1,RUBBE,1.84
12548,JP,JP,PLAST,NUCLE,1.84
15078,JP,JP,SALEM,ELEC5,1.84
10491,JP,JP,NFERT,WHEAT,1.84
13075,JP,JP,PRINT,NONFE,1.84
9873,JP,JP,MEMBE,TOBAC,1.84
11330,JP,JP,PADDY,FISH5,1.84
6716,JP,JP,FOUND,LANDT,1.84
10540,JP,JP,NONF1,FOOD5,1.84
4192,JP,JP,ELEC1,TOBAC,1.83
10226,JP,JP,NAPHT,LEATH,1.83
14549,JP,JP,RESEA,PREC1,1.83
15053,JP,JP,SALEM,CEMEN,1.83
9605,JP,JP,MEDIC,AIRTR,1.83
6080,JP,JP,FOOD3,RESEA,1.83
4713,JP,JP,ELEC5,LEAD1,1.83
5525,JP,JP,FINAN,INERT,1.82
3585,JP,JP,DISTR,NONSP,1.82
11769,JP,JP,PAPER,PAPE4,1.82
3260,JP,JP,DAIRY,FISHF,1.82
13363,JP,JP,PUBLI,SUGA1,1.82
12674,JP,JP,POSTT,MEATA,1.82
8889,JP,JP,LIQUE,NAPHT,1.82
4411,JP,JP,ELEC3,FORES,1.82
4133,JP,JP,ELEC1,MEATP,1.81
15021,JP,JP,RUBBE,TEXT2,1.81
3970,JP,JP,ELE12,KEROS,1.81
8848,JP,JP,LIQUE,ELEC4,1.81
15648,JP,JP,STEAM,PAPE1,1.81
10004,JP,JP,MOTO1,RAWMI,1.81
5981,JP,JP,FOOD2,WHOLE,1.81
13026,JP,JP,PRINT,ELEC5,1.81
10621,JP,JP,NONF1,VEGET,1.81
1909,JP,JP,CEREA,HEALT,1.81
7123,JP,JP,GLASS,CERAM,1.80
5903,JP,JP,FOOD2,FABRI,1.80
13530,JP,JP,RADIO,DIST1,1.80
16558,JP,JP,TOBAC,REALE,1.80
12876,JP,JP,PREC1,COPP1,1.80
14892,JP,JP,RUBBE,BITU1,1.80
12223,JP,JP,PLAS1,BEVER,1.80
16704,JP,JP,TRAN1,TRAN2,1.80
5554,JP,JP,FINAN,NONSP,1.80
6136,JP,JP,FOOD4,ELECT,1.80
3904,JP,JP,ELE11,WHOLE,1.80
5809,JP,JP,FISHF,MEATP,1.80
4048,JP,JP,ELE12,WEARI,1.80
5745,JP,JP,FISHF,BASIC,1.79
4754,JP,JP,ELEC5,PULP5,1.79
14575,JP,JP,RESEA,TEXT1,1.79
15275,JP,JP,SANDC,RECRE,1.79
2651,JP,JP,COMPU,COKEO,1.79
10889,JP,JP,NONSP,REFI1,1.79
15549,JP,JP,SECO9,TEXTI,1.79
10604,JP,JP,NONF1,RETA1,1.79
7359,JP,JP,HEALT,REFIN,1.79
3024,JP,JP,COPP1,PUBLI,1.79
9838,JP,JP,MEMBE,PFERT,1.78
8696,JP,JP,LEATH,CERAM,1.78
6337,JP,JP,FOOD5,PULP5,1.78
6418,JP,JP,FOODW,FISHF,1.78
11448,JP,JP,PAPE1,FISHF,1.78
329,JP,JP,ALUM1,DIST1,1.78
16217,JP,JP,TEXT1,PLAS1,1.78
7038,JP,JP,GASDI,POSTT,1.77
17083,JP,JP,VEGET,DIST1,1.77
1572,JP,JP,CATTL,ELEC2,1.77
10232,JP,JP,NAPHT,MEATC,1.77
2668,JP,JP,COMPU,ELEC5,1.77
12898,JP,JP,PREC1,GLASS,1.77
5642,JP,JP,FISH5,DAIRY,1.77
1586,JP,JP,CATTL,GLASS,1.77
288,JP,JP,AIRTR,TRAN1,1.77
1542,JP,JP,BUSIN,WHEAT,1.77
15691,JP,JP,STEAM,WEARI,1.76
7105,JP,JP,GASWO,OXYGE,1.76
1875,JP,JP,CERAM,TRANS,1.76
14805,JP,JP,RETAI,HEAVY,1.76
8028,JP,JP,INSUR,RETAI,1.76
2005,JP,JP,CHEM1,ELEC8,1.76
2546,JP,JP,COLLE,LUBRI,1.76
14405,JP,JP,RENTI,REFI1,1.76
7638,JP,JP,HOTEL,PAPE4,1.76
1379,JP,JP,BRICK,RENTI,1.76
857,JP,JP,BEVER,EDUCA,1.76
5474,JP,JP,FINAN,BLAST,1.76
7041,JP,JP,GASDI,PRECI,1.75
16427,JP,JP,TEXTI,LANDT,1.75
9588,JP,JP,MEATP,SEACO,1.75
13843,JP,JP,RAWMI,INSUR,1.75
1030,JP,JP,BIOG1,RETA1,1.75
438,JP,JP,ANIMA,BASIC,1.75
5878,JP,JP,FOOD2,BUSIN,1.75
13839,JP,JP,RAWMI,HEALT,1.75
13956,JP,JP,REALE,FOOD2,1.75
3866,JP,JP,ELE11,POSTT,1.75
12893,JP,JP,PREC1,FOOD5,1.75
1664,JP,JP,CEMEN,COPP1,1.75
2988,JP,JP,COPP1,HEALT,1.75
14510,JP,JP,RESEA,LEAD1,1.75
5693,JP,JP,FISH5,PAPER,1.74
17480,JP,JP,WHEAT,HEALT,1.74
2918,JP,JP,CONST,SUGAR,1.74
8516,JP,JP,LANDT,NONSP,1.74
9338,JP,JP,MEAT4,PAPE1,1.74
2983,JP,JP,COPP1,FOODW,1.74
17769,JP,JP,WOOD1,GASDI,1.74
3796,JP,JP,ELE11,COKE1,1.74
4484,JP,JP,ELEC3,SEACO,1.74
4298,JP,JP,ELEC2,NONSP,1.74
4691,JP,JP,ELEC5,FINAN,1.74
3416,JP,JP,DIST1,LEAD1,1.73
14332,JP,JP,RENTI,FOOD2,1.73
9122,JP,JP,MACHI,MEATC,1.73
5229,JP,JP,ELECT,MEATP,1.73
14076,JP,JP,RECRE,CERAM,1.73
7560,JP,JP,HOTEL,COALT,1.73
17214,JP,JP,WASTE,ELECT,1.73
13367,JP,JP,PUBLI,TEXTI,1.73
14199,JP,JP,RECRE,WEARI,1.73
2441,JP,JP,COKEO,MOTO1,1.73
16261,JP,JP,TEXT1,WOOD1,1.73
13035,JP,JP,PRINT,FOOD3,1.73
11965,JP,JP,PFERT,FOUND,1.73
14197,JP,JP,RECRE,VEGET,1.73
3265,JP,JP,DAIRY,FORES,1.73
14878,JP,JP,RETAI,WOOD1,1.72
29,JP,JP,93197,DAIRY,1.72
7661,JP,JP,HOTEL,REFI1,1.72
5964,JP,JP,FOOD2,RESEA,1.72
7985,JP,JP,INSUR,MEMBE,1.72
3719,JP,JP,EDUCA,MEDIC,1.72
11836,JP,JP,PARAF,KEROS,1.72
2599,JP,JP,COLLE,RETAI,1.72
662,JP,JP,AUXIL,TEXT1,1.72
15367,JP,JP,SEACO,LEATH,1.72
11035,JP,JP,OILHA,GASDI,1.71
5785,JP,JP,FISHF,FORES,1.71
17103,JP,JP,VEGET,GASDI,1.71
6542,JP,JP,FORES,COMPU,1.71
3907,JP,JP,ELE11,WOODW,1.71
262,JP,JP,AIRTR,PULP5,1.71
9797,JP,JP,MEMBE,GASDI,1.71
498,JP,JP,ANIMA,PAPER,1.71
14493,JP,JP,RESEA,FORES,1.71
2113,JP,JP,CHEM1,WHITE,1.71
1018,JP,JP,BIOG1,PLAST,1.71
16965,JP,JP,VEGE1,ELECT,1.70
14696,JP,JP,RETA1,PARAF,1.70
7026,JP,JP,GASDI,OILSE,1.70
10045,JP,JP,MOTOR,ANIMA,1.70
13965,JP,JP,REALE,GASWO,1.70
16203,JP,JP,TEXT1,NONF1,1.70
6757,JP,JP,FOUND,RENTI,1.70
695,JP,JP,BASIC,BIOG1,1.70
13185,JP,JP,PROCE,GLASS,1.70
16057,JP,JP,SUPPO,NATUR,1.70
1730,JP,JP,CEMEN,PREC1,1.70
11297,JP,JP,PADDY,ALUM1,1.70
14359,JP,JP,RENTI,MEAT1,1.69
8835,JP,JP,LIQUE,COMPU,1.69
16978,JP,JP,VEGE1,GLASS,1.69
5271,JP,JP,ELECT,REFI1,1.69
9133,JP,JP,MACHI,NONFE,1.69
16351,JP,JP,TEXT2,RETA1,1.69
1720,JP,JP,CEMEN,PAPE1,1.69
45,JP,JP,93197,FISH5,1.69
13128,JP,JP,PRINT,TRAN2,1.69
8685,JP,JP,LEATH,ALUM1,1.69
3120,JP,JP,CROPS,LEATH,1.69
2395,JP,JP,COKE1,WOODW,1.68
6146,JP,JP,FOOD4,FOUND,1.68
6356,JP,JP,FOOD5,SUGA1,1.68
12020,JP,JP,PFERT,RUBBE,1.68
1540,JP,JP,BUSIN,WASTE,1.68
7438,JP,JP,HEAVY,FOOD4,1.68
1740,JP,JP,CEMEN,REFIN,1.68
15184,JP,JP,SALEM,WHEAT,1.68
2959,JP,JP,COPP1,COLLE,1.68
3897,JP,JP,ELE11,TRAN1,1.68
12065,JP,JP,PIGS9,ELEC1,1.68
9078,JP,JP,MACHI,ELE11,1.68
15829,JP,JP,SUGA1,FOOD4,1.68
3986,JP,JP,ELE12,NAPHT,1.68
11904,JP,JP,PETRO,PFERT,1.68
16248,JP,JP,TEXT1,TEXT1,1.67
8729,JP,JP,LEATH,FOOD5,1.67
17781,JP,JP,WOOD1,LANDT,1.67
17279,JP,JP,WASTE,RECRE,1.67
3971,JP,JP,ELE12,LANDT,1.67
2701,JP,JP,COMPU,LUBRI,1.67
11596,JP,JP,PAPE4,FURNI,1.67
3974,JP,JP,ELE12,LIQUE,1.67
3342,JP,JP,DAIRY,WEARI,1.67
7100,JP,JP,GASWO,HOTEL,1.67
15658,JP,JP,STEAM,PREC1,1.67
10402,JP,JP,NFERT,BEVER,1.67
9376,JP,JP,MEAT4,WHOLE,1.67
9240,JP,JP,MEAT1,PAPE1,1.67
15985,JP,JP,SUPPO,BITU1,1.67
9189,JP,JP,MACHI,WASTE,1.67
10752,JP,JP,NONME,LEAD1,1.66
8347,JP,JP,KERO1,TOBAC,1.66
16723,JP,JP,TRAN2,BITU1,1.66
10342,JP,JP,NATUR,NATU1,1.66
3760,JP,JP,EDUCA,SEACO,1.66
15035,JP,JP,RUBBE,WOOD2,1.66
16853,JP,JP,TRANS,LANDT,1.66
10211,JP,JP,NAPHT,FABRI,1.65
9648,JP,JP,MEDIC,FOOD5,1.65
5082,JP,JP,ELEC8,NFERT,1.65
3346,JP,JP,DAIRY,WOOD2,1.65
4907,JP,JP,ELEC6,RENTI,1.65
13501,JP,JP,RADIO,93197,1.65
2594,JP,JP,COLLE,REFI1,1.65
10908,JP,JP,OFFIC,CEMEN,1.65
11771,JP,JP,PAPER,PARAF,1.65
16335,JP,JP,TEXT2,PLAS1,1.64
5283,JP,JP,ELECT,STONE,1.64
6886,JP,JP,FURNI,PFERT,1.64
12297,JP,JP,PLAS1,NONF1,1.64
4119,JP,JP,ELEC1,INTER,1.64
14265,JP,JP,REFIN,HEALT,1.64
3447,JP,JP,DIST1,PLAS1,1.64
3569,JP,JP,DISTR,MEAT1,1.64
2998,JP,JP,COPP1,LIQUE,1.64
11249,JP,JP,OXYGE,MEMBE,1.64
11214,JP,JP,OXYGE,COPP1,1.64
13689,JP,JP,RAILW,FISH5,1.64
6636,JP,JP,FORES,RENTI,1.64
2347,JP,JP,COKE1,NONME,1.64
5673,JP,JP,FISH5,LEATH,1.64
6197,JP,JP,FOOD4,RADIO,1.64
1049,JP,JP,BITU1,ALUM1,1.63
14260,JP,JP,REFIN,ELEC6,1.63
13591,JP,JP,RADIO,PAPE1,1.63
5770,JP,JP,FISHF,ELEC2,1.63
9355,JP,JP,MEAT4,REALE,1.63
1321,JP,JP,BRICK,BASIC,1.63
10689,JP,JP,NONME,ANIMA,1.63
13551,JP,JP,RADIO,FOODW,1.63
10401,JP,JP,NFERT,BASIC,1.63
7389,JP,JP,HEALT,WOOD2,1.62
9780,JP,JP,MEMBE,ELEC4,1.62
1711,JP,JP,CEMEN,NATUR,1.62
17894,JP,JP,WOOD2,FOOD4,1.62
10146,JP,JP,MOTOR,RAWMI,1.62
16409,JP,JP,TEXTI,FOOD2,1.62
8225,JP,JP,KERO1,BRICK,1.62
11047,JP,JP,OILHA,LANDT,1.62
2831,JP,JP,CONST,FOOD2,1.62
14003,JP,JP,REALE,OILSE,1.62
16572,JP,JP,TRAN1,AUXIL,1.62
16445,JP,JP,TEXTI,NONF1,1.62
14443,JP,JP,RESEA,ANIMA,1.62
8101,JP,JP,INTER,FOOD5,1.61
17037,JP,JP,VEGE1,SECO9,1.61
7405,JP,JP,HEAVY,CATTL,1.61
5726,JP,JP,FISH5,TEXT1,1.61
16940,JP,JP,VEGE1,CEMEN,1.61
1758,JP,JP,CEMEN,WEARI,1.61
9143,JP,JP,MACHI,PAPE4,1.61
9631,JP,JP,MEDIC,CROPS,1.61
18002,JP,JP,WOODW,ELEC4,1.61
7328,JP,JP,HEALT,NONSP,1.61
6888,JP,JP,FURNI,PLAS1,1.61
523,JP,JP,ANIMA,VEGE1,1.61
4333,JP,JP,ELEC2,RETAI,1.61
9964,JP,JP,MOTO1,MEATP,1.60
14550,JP,JP,RESEA,PRECI,1.60
11198,JP,JP,OXYGE,ALUM1,1.60
15530,JP,JP,SECO9,PLAST,1.60
17178,JP,JP,VEGET,WOOD2,1.60
9793,JP,JP,MEMBE,FOODW,1.60
15058,JP,JP,SALEM,CHEMI,1.60
4019,JP,JP,ELE12,RAWMI,1.59
5659,JP,JP,FISH5,FOOD4,1.59
15709,JP,JP,STONE,COKEO,1.59
3439,JP,JP,DIST1,OILHA,1.59
16507,JP,JP,TOBAC,AIRTR,1.59
17192,JP,JP,WASTE,CHEM1,1.59
4079,JP,JP,ELEC1,COKEO,1.59
8736,JP,JP,LEATH,GLASS,1.59
17955,JP,JP,WOOD2,TEXT1,1.59
16871,JP,JP,TRANS,NONME,1.59
17675,JP,JP,WHOLE,POULT,1.59
17385,JP,JP,WEARI,MEATP,1.58
2198,JP,JP,CHEMI,PRINT,1.58
6552,JP,JP,FORES,ELE12,1.58
11577,JP,JP,PAPE4,EDUCA,1.58
9030,JP,JP,LUBRI,RUBBE,1.58
5562,JP,JP,FINAN,PAPE4,1.58
17031,JP,JP,VEGE1,RETA1,1.58
4833,JP,JP,ELEC6,FISHF,1.58
15793,JP,JP,SUGA1,93197,1.58
8945,JP,JP,LIQUE,WHOLE,1.58
13574,JP,JP,RADIO,MEATA,1.58
12914,JP,JP,PREC1,MOTO1,1.58
17722,JP,JP,WOOD1,AUXIL,1.58
8948,JP,JP,LIQUE,WOODW,1.58
15611,JP,JP,STEAM,GASDI,1.58
12647,JP,JP,POSTT,FOOD4,1.58
15041,JP,JP,SALEM,ANIMA,1.58
3878,JP,JP,ELE11,RECRE,1.58
13496,JP,JP,PULP5,WEARI,1.58
11307,JP,JP,PADDY,CERAM,1.57
15523,JP,JP,SECO9,PADDY,1.57
15774,JP,JP,STONE,RUBBE,1.57
7435,JP,JP,HEAVY,FISHF,1.57
17964,JP,JP,WOOD2,WOOD1,1.57
17124,JP,JP,VEGET,MEMBE,1.57
3012,JP,JP,COPP1,PAPE1,1.57
362,JP,JP,ALUM1,LANDT,1.57
6335,JP,JP,FOOD5,PROCE,1.57
13124,JP,JP,PRINT,TEXT2,1.57
6216,JP,JP,FOOD4,SUPPO,1.57
16268,JP,JP,TEXT2,BASIC,1.56
9702,JP,JP,MEDIC,PREC1,1.56
7369,JP,JP,HEALT,STEAM,1.56
17845,JP,JP,WOOD1,TEXTI,1.56
11248,JP,JP,OXYGE,MEDIC,1.56
3870,JP,JP,ELE11,PRINT,1.56
7452,JP,JP,HEAVY,INTER,1.56
14334,JP,JP,RENTI,FOOD4,1.56
8167,JP,JP,INTER,RUBBE,1.56
548,JP,JP,AUXIL,CHEMI,1.56
10988,JP,JP,OILHA,AUXIL,1.56
3927,JP,JP,ELE12,COKE1,1.55
17580,JP,JP,WHOLE,BLAST,1.55
15830,JP,JP,SUGA1,FOOD5,1.55
3791,JP,JP,ELE11,CEMEN,1.55
11403,JP,JP,PADDY,WOOD2,1.55
9834,JP,JP,MEMBE,PAPE1,1.55
15680,JP,JP,STEAM,SUPPO,1.55
5817,JP,JP,FISHF,NONME,1.55
16800,JP,JP,TRANS,ALUM1,1.55
2123,JP,JP,CHEMI,BASIC,1.54
8799,JP,JP,LEATH,SUPPO,1.54
13334,JP,JP,PUBLI,PLANT,1.54
8781,JP,JP,LEATH,PULP5,1.54
15108,JP,JP,SALEM,LEAD1,1.54
11977,JP,JP,PFERT,LEATH,1.54
6463,JP,JP,FOODW,PADDY,1.54
11496,JP,JP,PAPE1,PADDY,1.54
8323,JP,JP,KERO1,PULP5,1.54
5395,JP,JP,FABRI,NONFE,1.54
17945,JP,JP,WOOD2,RENTI,1.54
5285,JP,JP,ELECT,SUGAR,1.54
121,JP,JP,93197,RETAI,1.53
4066,JP,JP,ELEC1,BITU1,1.53
699,JP,JP,BASIC,BLAST,1.53
3845,JP,JP,ELE11,MOTOR,1.53
16369,JP,JP,TEXTI,AIRTR,1.53
10254,JP,JP,NAPHT,PULP5,1.53
16589,JP,JP,TRAN1,COKEO,1.53
5068,JP,JP,ELEC8,LUBRI,1.53
14775,JP,JP,RETAI,DAIRY,1.53
4737,JP,JP,ELEC5,PADDY,1.53
7876,JP,JP,INLAN,PLAST,1.53
4589,JP,JP,ELEC4,NATUR,1.53
3421,JP,JP,DIST1,MEAT1,1.53
9251,JP,JP,MEAT1,REALE,1.53
9123,JP,JP,MACHI,MEATP,1.52
7451,JP,JP,HEAVY,INSUR,1.52
7686,JP,JP,HOTEL,WASTE,1.52
4272,JP,JP,ELEC2,INTER,1.52
4175,JP,JP,ELEC1,REFIN,1.52
2396,JP,JP,COKEO,93197,1.52
7421,JP,JP,HEAVY,DIST1,1.52
8093,JP,JP,INTER,ELECT,1.52
11468,JP,JP,PAPE1,KERO1,1.52
16329,JP,JP,TEXT2,OILHA,1.52
9449,JP,JP,MEATC,CROPS,1.52
12408,JP,JP,PLAS2,INTER,1.52
15587,JP,JP,STEAM,CROPS,1.52
6230,JP,JP,FOOD4,WOODW,1.52
8927,JP,JP,LIQUE,SALEM,1.51
874,JP,JP,BEVER,FOODW,1.51
16484,JP,JP,TEXTI,SECO9,1.51
10879,JP,JP,NONSP,PAPER,1.51
5392,JP,JP,FABRI,NATUR,1.51
11727,JP,JP,PAPER,GASWO,1.51
16883,JP,JP,TRANS,PRINT,1.51
4612,JP,JP,ELEC4,PRECI,1.51
8767,JP,JP,LEATH,PAPE1,1.51
11111,JP,JP,OILHA,TEXTI,1.51
4005,JP,JP,ELE12,PIGS9,1.51
5299,JP,JP,ELECT,WHEAT,1.51
2584,JP,JP,COLLE,PRECI,1.50
17720,JP,JP,WOOD1,ALUM1,1.50
9795,JP,JP,MEMBE,FOUND,1.50
14486,JP,JP,RESEA,FISH5,1.50
4703,JP,JP,ELEC5,GLASS,1.50
6575,JP,JP,FORES,GLASS,1.50
13644,JP,JP,RADIO,WOODW,1.50
18136,JP,JP,WOOLS,MEMBE,1.50
2860,JP,JP,CONST,MEATA,1.50
4574,JP,JP,ELEC4,LEATH,1.50
2858,JP,JP,CONST,MEAT1,1.50
11580,JP,JP,PAPE4,ELEC2,1.50
473,JP,JP,ANIMA,GLASS,1.50
8520,JP,JP,LANDT,OILSE,1.49
7379,JP,JP,HEALT,TRAN2,1.49
183,JP,JP,AIRTR,ELE12,1.49
11719,JP,JP,PAPER,FOOD3,1.49
140,JP,JP,93197,VEGET,1.49
6193,JP,JP,FOOD4,PRINT,1.49
11730,JP,JP,PAPER,HEAVY,1.49
13280,JP,JP,PUBLI,ELECT,1.49
9117,JP,JP,MACHI,LUBRI,1.49
17979,JP,JP,WOODW,BUSIN,1.49
8317,JP,JP,KERO1,POULT,1.49
3217,JP,JP,CRUDE,RUBBE,1.49
7378,JP,JP,HEALT,TRAN1,1.49
4669,JP,JP,ELEC5,CERAM,1.49
7414,JP,JP,HEAVY,COKEO,1.49
9519,JP,JP,MEATP,AIRTR,1.48
16174,JP,JP,TEXT1,GASDI,1.48
2069,JP,JP,CHEM1,PLAS2,1.48
4105,JP,JP,ELEC1,FOOD4,1.48
482,JP,JP,ANIMA,LEATH,1.48
16,JP,JP,93197,CERAM,1.48
2432,JP,JP,COKEO,HEALT,1.48
10715,JP,JP,NONME,DAIRY,1.48
9799,JP,JP,MEMBE,GLASS,1.48
5718,JP,JP,FISH5,SANDC,1.48
3299,JP,JP,DAIRY,PAPE1,1.48
17042,JP,JP,VEGE1,SUPPO,1.47
7498,JP,JP,HEAVY,PROCE,1.47
10986,JP,JP,OILHA,ALUM1,1.47
10868,JP,JP,NONSP,MACHI,1.47
5569,JP,JP,FINAN,PLAS2,1.47
16866,JP,JP,TRANS,MOTOR,1.47
6138,JP,JP,FOOD4,FINAN,1.47
9960,JP,JP,MOTO1,MEAT1,1.47
458,JP,JP,ANIMA,ELEC2,1.47
12173,JP,JP,PLANT,FURNI,1.47
5741,JP,JP,FISHF,AIRTR,1.46
4449,JP,JP,ELEC3,OILHA,1.46
8078,JP,JP,INTER,COPP1,1.46
9468,JP,JP,MEATC,GLASS,1.46
7465,JP,JP,HEAVY,MEATC,1.46
17695,JP,JP,WHOLE,STEAM,1.46
1852,JP,JP,CERAM,PULP5,1.46
2183,JP,JP,CHEMI,NFERT,1.46
1310,JP,JP,BLAST,TRAN2,1.46
11267,JP,JP,OXYGE,PRINT,1.46
15222,JP,JP,SANDC,FABRI,1.46
14117,JP,JP,RECRE,HEAVY,1.46
11840,JP,JP,PARAF,NAPHT,1.46
1488,JP,JP,BUSIN,OILSE,1.45
11937,JP,JP,PFERT,COALT,1.45
8890,JP,JP,LIQUE,NFERT,1.45
989,JP,JP,BIOG1,FOUND,1.45
7323,JP,JP,HEALT,NATUR,1.45
17906,JP,JP,WOOD2,INTER,1.45
10326,JP,JP,NATUR,KERO1,1.45
16479,JP,JP,TEXTI,RETAI,1.45
12051,JP,JP,PIGS9,CEMEN,1.45
2523,JP,JP,COLLE,FOOD4,1.45
5609,JP,JP,FINAN,WASTE,1.45
13104,JP,JP,PRINT,RAWMI,1.45
7473,JP,JP,HEAVY,NFERT,1.45
4282,JP,JP,ELEC2,MEAT1,1.45
13691,JP,JP,RAILW,FOOD2,1.45
11431,JP,JP,PAPE1,DAIRY,1.45
12268,JP,JP,PLAS1,GASDI,1.45
11570,JP,JP,PAPE4,COMPU,1.45
11631,JP,JP,PAPE4,PLAS2,1.44
14697,JP,JP,RETA1,PETRO,1.44
10088,JP,JP,MOTOR,GASDI,1.44
13477,JP,JP,PULP5,RENTI,1.44
15554,JP,JP,SECO9,VEGET,1.44
6901,JP,JP,FURNI,RAWMI,1.44
5225,JP,JP,ELECT,MEAT1,1.44
68,JP,JP,93197,LEATH,1.44
136,JP,JP,93197,TRAN1,1.44
15887,JP,JP,SUGA1,TOBAC,1.44
6401,JP,JP,FOODW,DAIRY,1.44
15699,JP,JP,STONE,BASIC,1.44
676,JP,JP,AUXIL,WOOD1,1.43
9157,JP,JP,MACHI,PROCE,1.43
16186,JP,JP,TEXT1,LANDT,1.43
6848,JP,JP,FURNI,INTER,1.43
10948,JP,JP,OFFIC,NONF1,1.43
341,JP,JP,ALUM1,FINAN,1.43
4345,JP,JP,ELEC2,TEXT2,1.43
3920,JP,JP,ELE12,CATTL,1.43
11791,JP,JP,PAPER,REFI1,1.43
4555,JP,JP,ELEC4,FOOD4,1.43
14729,JP,JP,RETA1,SUGA1,1.42
2371,JP,JP,COKE1,RESEA,1.42
11469,JP,JP,PAPE1,KEROS,1.42
16024,JP,JP,SUPPO,FOOD4,1.42
5001,JP,JP,ELEC8,ANIMA,1.42
6855,JP,JP,FURNI,LIQUE,1.42
4092,JP,JP,ELEC1,ELEC2,1.42
324,JP,JP,ALUM1,COMPU,1.42
1820,JP,JP,CERAM,LEATH,1.42
7517,JP,JP,HEAVY,STEAM,1.41
1684,JP,JP,CEMEN,FOODW,1.41
16628,JP,JP,TRAN1,INTER,1.41
10338,JP,JP,NATUR,MEDIC,1.41
1365,JP,JP,BRICK,OFFIC,1.41
13411,JP,JP,PULP5,ELEC4,1.41
7542,JP,JP,HOTEL,ANIMA,1.41
17016,JP,JP,VEGE1,POSTT,1.41
6630,JP,JP,FORES,RAILW,1.41
12537,JP,JP,PLAST,MEATC,1.41
10166,JP,JP,MOTOR,TEXTI,1.41
10658,JP,JP,NONFE,LIQUE,1.41
6565,JP,JP,FORES,FISHF,1.41
4705,JP,JP,ELEC5,HEAVY,1.41
7738,JP,JP,INERT,FURNI,1.41
14110,JP,JP,RECRE,FORES,1.41
16786,JP,JP,TRAN2,RETAI,1.41
6723,JP,JP,FOUND,MEATA,1.41
7277,JP,JP,HEALT,ELEC3,1.41
5410,JP,JP,FABRI,PIGS9,1.41
4373,JP,JP,ELEC3,BRICK,1.40
10738,JP,JP,NONME,FORES,1.40
10260,JP,JP,NAPHT,SECO9,1.40
16683,JP,JP,TRAN1,REFI1,1.40
1235,JP,JP,BLAST,ELECT,1.40
5712,JP,JP,FISH5,REFI1,1.40
8730,JP,JP,LEATH,FOODW,1.40
4914,JP,JP,ELEC6,SEACO,1.40
15415,JP,JP,SEACO,REFIN,1.40
6028,JP,JP,FOOD3,FURNI,1.40
9206,JP,JP,MEAT1,CHEM1,1.40
8135,JP,JP,INTER,NONME,1.40
3933,JP,JP,ELE12,CROPS,1.40
16929,JP,JP,VEGE1,AIRTR,1.40
602,JP,JP,AUXIL,MEAT1,1.39
13502,JP,JP,RADIO,AIRTR,1.39
10394,JP,JP,NATUR,WHITE,1.39
6703,JP,JP,FOUND,FOOD5,1.39
7425,JP,JP,HEAVY,ELEC1,1.39
12989,JP,JP,PRINT,ANIMA,1.39
9550,JP,JP,MEATP,FOODW,1.39
1041,JP,JP,BIOG1,TRANS,1.39
2304,JP,JP,COKE1,ELEC2,1.39
92,JP,JP,93197,PADDY,1.39
2443,JP,JP,COKEO,NONF1,1.39
18063,JP,JP,WOODW,PLAS1,1.38
16544,JP,JP,TOBAC,MEMBE,1.38
17932,JP,JP,WOOD2,PLAST,1.38
8914,JP,JP,LIQUE,PULP5,1.38
9181,JP,JP,MACHI,TEXT2,1.38
4194,JP,JP,ELEC1,TRAN2,1.38
12280,JP,JP,PLAS1,LANDT,1.38
7773,JP,JP,INERT,PLAS2,1.38
278,JP,JP,AIRTR,SECO9,1.38
13358,JP,JP,PUBLI,SANDC,1.38
18001,JP,JP,WOODW,ELEC3,1.38
1011,JP,JP,BIOG1,OFFIC,1.38
8129,JP,JP,INTER,MOTOR,1.38
8834,JP,JP,LIQUE,COLLE,1.38
13459,JP,JP,PULP5,PAPE1,1.38
14395,JP,JP,RENTI,PRECI,1.38
14791,JP,JP,RETAI,FISH5,1.38
6596,JP,JP,FORES,MEMBE,1.37
1747,JP,JP,CEMEN,STEAM,1.37
10841,JP,JP,NONSP,DIST1,1.37
15553,JP,JP,SECO9,VEGE1,1.37
638,JP,JP,AUXIL,PROCE,1.37
4437,JP,JP,ELEC3,MEMBE,1.37
5261,JP,JP,ELECT,PRECI,1.37
2749,JP,JP,COMPU,REFI1,1.37
10145,JP,JP,MOTOR,RAILW,1.37
16453,JP,JP,TEXTI,PADDY,1.37
3221,JP,JP,DAIRY,ALUM1,1.37
7719,JP,JP,INERT,EDUCA,1.37
6866,JP,JP,FURNI,MOTOR,1.37
1927,JP,JP,CEREA,MOTOR,1.37
16399,JP,JP,TEXTI,ELEC2,1.37
6588,JP,JP,FORES,LIQUE,1.37
9747,JP,JP,MEMBE,AIRTR,1.36
17267,JP,JP,WASTE,POSTT,1.36
6520,JP,JP,FORES,ALUM1,1.36
15924,JP,JP,SUGAR,FURNI,1.36
3275,JP,JP,DAIRY,INTER,1.36
14581,JP,JP,RESEA,TRANS,1.36
4381,JP,JP,ELEC3,COALT,1.36
3230,JP,JP,DAIRY,CATTL,1.36
3892,JP,JP,ELE11,SUPPO,1.36
7383,JP,JP,HEALT,WASTE,1.36
17745,JP,JP,WOOD1,DISTR,1.35
10327,JP,JP,NATUR,KEROS,1.35
9346,JP,JP,MEAT4,PLAST,1.35
7513,JP,JP,HEAVY,SALEM,1.35
12645,JP,JP,POSTT,FOOD2,1.35
5846,JP,JP,FISHF,RETAI,1.35
11380,JP,JP,PADDY,PULP5,1.35
11266,JP,JP,OXYGE,PREC1,1.35
16990,JP,JP,VEGE1,LUBRI,1.35
10328,JP,JP,NATUR,LANDT,1.35
16127,JP,JP,TEXT1,AUXIL,1.35
3851,JP,JP,ELE11,NONME,1.34
8594,JP,JP,LEAD1,COALT,1.34
6387,JP,JP,FOODW,CATTL,1.34
11417,JP,JP,PAPE1,CATTL,1.34
14168,JP,JP,RECRE,PULP5,1.34
2631,JP,JP,COMPU,ANIMA,1.34
16250,JP,JP,TEXT1,TEXTI,1.34
4839,JP,JP,ELEC6,FORES,1.34
9942,JP,JP,MOTO1,GASWO,1.34
5073,JP,JP,ELEC8,MEATC,1.34
1713,JP,JP,CEMEN,NONF1,1.34
11901,JP,JP,PETRO,NONME,1.34
515,JP,JP,ANIMA,RUBBE,1.34
11627,JP,JP,PAPE4,PAPER,1.33
15918,JP,JP,SUGAR,FABRI,1.33
10289,JP,JP,NATUR,COKE1,1.33
6803,JP,JP,FURNI,CHEMI,1.33
10510,JP,JP,NONF1,COALT,1.33
12708,JP,JP,POSTT,PRECI,1.33
12071,JP,JP,PIGS9,ELECT,1.33
4014,JP,JP,ELE12,PROCE,1.33
14270,JP,JP,REFIN,LIQUE,1.33
5795,JP,JP,FISHF,INSUR,1.33
7426,JP,JP,HEAVY,ELEC2,1.33
12068,JP,JP,PIGS9,ELEC4,1.32
16667,JP,JP,TRAN1,PLAS1,1.32
11709,JP,JP,PAPER,ELEC5,1.32
16897,JP,JP,TRANS,RETAI,1.32
5356,JP,JP,FABRI,FOOD4,1.32
11805,JP,JP,PAPER,SUGAR,1.32
10309,JP,JP,NATUR,FISH5,1.32
651,JP,JP,AUXIL,RETAI,1.32
9610,JP,JP,MEDIC,BEVER,1.32
10731,JP,JP,NONME,FISH5,1.32
15322,JP,JP,SEACO,COKEO,1.32
8284,JP,JP,KERO1,LUBRI,1.31
7278,JP,JP,HEALT,ELEC4,1.31
12221,JP,JP,PLAS1,AUXIL,1.31
3532,JP,JP,DISTR,ELEC2,1.31
6100,JP,JP,FOOD4,93197,1.31
10031,JP,JP,MOTO1,VEGE1,1.31
10928,JP,JP,OFFIC,FISHF,1.31
13063,JP,JP,PRINT,MEATA,1.31
16560,JP,JP,TOBAC,RENTI,1.31
5116,JP,JP,ELEC8,REFI1,1.31
17275,JP,JP,WASTE,RADIO,1.31
9531,JP,JP,MEATP,CROPS,1.31
2977,JP,JP,COPP1,FINAN,1.31
7128,JP,JP,GLASS,COKEO,1.31
11011,JP,JP,OILHA,DISTR,1.31
15847,JP,JP,SUGA1,MEATC,1.31
10379,JP,JP,NATUR,SEACO,1.30
13251,JP,JP,PUBLI,BLAST,1.30
5552,JP,JP,FINAN,NONFE,1.30
2560,JP,JP,COLLE,NFERT,1.30
465,JP,JP,ANIMA,FISH5,1.30
1492,JP,JP,BUSIN,PAPE4,1.30
16783,JP,JP,TRAN2,REFIN,1.30
10558,JP,JP,NONF1,LUBRI,1.30
14379,JP,JP,RENTI,OILSE,1.30
17357,JP,JP,WEARI,FOOD4,1.30
9448,JP,JP,MEATC,CONST,1.30
13745,JP,JP,RAILW,PLAS1,1.30
9176,JP,JP,MACHI,STONE,1.30
4590,JP,JP,ELEC4,NFERT,1.30
914,JP,JP,BEVER,POULT,1.30
6359,JP,JP,FOOD5,TEXT1,1.30
7392,JP,JP,HEAVY,93197,1.30
15383,JP,JP,SEACO,NFERT,1.29
5628,JP,JP,FISH5,BUSIN,1.29
219,JP,JP,AIRTR,LEATH,1.29
7684,JP,JP,HOTEL,VEGE1,1.29
12401,JP,JP,PLAS2,FURNI,1.29
9731,JP,JP,MEDIC,TEXTI,1.29
16810,JP,JP,TRANS,CHEM1,1.29
4060,JP,JP,ELEC1,AUXIL,1.29
12344,JP,JP,PLAS1,TEXTI,1.29
1097,JP,JP,BITU1,LUBRI,1.29
3236,JP,JP,DAIRY,CHEMI,1.29
13138,JP,JP,PRINT,WOOD2,1.29
17970,JP,JP,WOODW,AUXIL,1.29
16091,JP,JP,SUPPO,REFIN,1.29
11419,JP,JP,PAPE1,CERAM,1.29
6587,JP,JP,FORES,LEATH,1.28
12137,JP,JP,PIGS9,TEXTI,1.28
3412,JP,JP,DIST1,INTER,1.28
10937,JP,JP,OFFIC,HOTEL,1.28
14075,JP,JP,RECRE,CEMEN,1.28
8429,JP,JP,LANDT,AUXIL,1.28
6211,JP,JP,FOOD4,SEACO,1.28
1088,JP,JP,BITU1,HEALT,1.28
6389,JP,JP,FOODW,CERAM,1.28
18026,JP,JP,WOODW,INTER,1.28
5738,JP,JP,FISH5,WOOD1,1.28
8329,JP,JP,KERO1,REFI1,1.28
12775,JP,JP,POULT,DIST1,1.28
5480,JP,JP,FINAN,CEREA,1.28
10377,JP,JP,NATUR,RUBBE,1.28
17207,JP,JP,WASTE,ELEC1,1.28
16299,JP,JP,TEXT2,FOOD4,1.28
12860,JP,JP,PREC1,ANIMA,1.28
4143,JP,JP,ELEC1,NONFE,1.28
16554,JP,JP,TOBAC,POSTT,1.28
8924,JP,JP,LIQUE,RETA1,1.27
13090,JP,JP,PRINT,PIGS9,1.27
4313,JP,JP,ELEC2,PLAS2,1.27
15309,JP,JP,SEACO,BITU1,1.27
469,JP,JP,ANIMA,FORES,1.27
16125,JP,JP,TEXT1,ALUM1,1.27
6002,JP,JP,FOOD3,COMPU,1.27
4768,JP,JP,ELEC5,SANDC,1.27
4801,JP,JP,ELEC6,BRICK,1.27
1121,JP,JP,BITU1,REFI1,1.27
11485,JP,JP,PAPE1,NAPHT,1.27
15054,JP,JP,SALEM,CERAM,1.27
8694,JP,JP,LEATH,CATTL,1.27
13424,JP,JP,PULP5,FOODW,1.27
613,JP,JP,AUXIL,NFERT,1.26
1598,JP,JP,CATTL,MEAT1,1.26
10297,JP,JP,NATUR,DAIRY,1.26
9633,JP,JP,MEDIC,DIST1,1.26
17467,JP,JP,WHEAT,COMPU,1.26
13715,JP,JP,RAILW,LUBRI,1.26
10415,JP,JP,NFERT,CROPS,1.26
14301,JP,JP,RENTI,CEREA,1.26
14462,JP,JP,RESEA,COKE1,1.26
9150,JP,JP,MACHI,PLAS2,1.26
17751,JP,JP,WOOD1,ELEC3,1.26
10134,JP,JP,MOTOR,PLAS2,1.26
893,JP,JP,BEVER,MEATP,1.26
1221,JP,JP,BLAST,COLLE,1.26
5679,JP,JP,FISH5,MEATC,1.26
1810,JP,JP,CERAM,GLASS,1.26
15539,JP,JP,SECO9,RENTI,1.25
5849,JP,JP,FISHF,SANDC,1.25
3681,JP,JP,EDUCA,ELEC4,1.25
1748,JP,JP,CEMEN,STONE,1.25
11539,JP,JP,PAPE1,TRAN1,1.25
6507,JP,JP,FOODW,TRAN1,1.25
1839,JP,JP,CERAM,PAPE1,1.25
15810,JP,JP,SUGA1,CONST,1.25
1804,JP,JP,CERAM,FOODW,1.25
1307,JP,JP,BLAST,TEXTI,1.25
2703,JP,JP,COMPU,MEAT1,1.25
15688,JP,JP,STEAM,VEGE1,1.25
14280,JP,JP,REFIN,REFI1,1.25
7712,JP,JP,INERT,COMPU,1.25
3443,JP,JP,DIST1,PAPE4,1.25
1550,JP,JP,CATTL,ANIMA,1.24
14007,JP,JP,REALE,PAPE4,1.24
9788,JP,JP,MEMBE,FISHF,1.24
10432,JP,JP,NFERT,FOOD5,1.24
15478,JP,JP,SECO9,ELEC6,1.24
12219,JP,JP,PLAS1,ALUM1,1.24
8783,JP,JP,LEATH,RAILW,1.24
6519,JP,JP,FORES,93197,1.24
5236,JP,JP,ELECT,NATUR,1.24
14481,JP,JP,RESEA,ELEC6,1.24
15782,JP,JP,STONE,TEXTI,1.23
830,JP,JP,BASIC,WHOLE,1.23
14863,JP,JP,RETAI,STEAM,1.23
10457,JP,JP,NFERT,NFERT,1.23
7965,JP,JP,INSUR,HEAVY,1.23
14867,JP,JP,RETAI,TEXT1,1.23
12729,JP,JP,POSTT,STEAM,1.23
4809,JP,JP,ELEC6,COALT,1.23
16972,JP,JP,VEGE1,FOODW,1.23
16684,JP,JP,TRAN1,REFIN,1.23
5043,JP,JP,ELEC8,FOOD2,1.23
9244,JP,JP,MEAT1,PLAST,1.23
9933,JP,JP,MOTO1,FOOD2,1.23
17372,JP,JP,WEARI,INTER,1.23
2496,JP,JP,COLLE,COKEO,1.23
34,JP,JP,93197,ELE12,1.23
10162,JP,JP,MOTOR,SUGAR,1.23
6541,JP,JP,FORES,COLLE,1.23
1494,JP,JP,BUSIN,PARAF,1.23
1891,JP,JP,CEREA,COMPU,1.22
13985,JP,JP,REALE,MEATA,1.22
13379,JP,JP,PUBLI,WOODW,1.22
6209,JP,JP,FOOD4,SALEM,1.22
12382,JP,JP,PLAS2,EDUCA,1.22
5139,JP,JP,ELEC8,VEGE1,1.22
2162,JP,JP,CHEMI,GLASS,1.22
10733,JP,JP,NONME,FOOD2,1.22
15605,JP,JP,STEAM,FOOD4,1.22
371,JP,JP,ALUM1,MEATC,1.22
11342,JP,JP,PADDY,HOTEL,1.22
14054,JP,JP,REALE,WASTE,1.22
10341,JP,JP,NATUR,NAPHT,1.22
3295,JP,JP,DAIRY,OILHA,1.21
7722,JP,JP,INERT,ELEC2,1.21
16951,JP,JP,VEGE1,COPP1,1.21
13284,JP,JP,PUBLI,FISHF,1.21
1218,JP,JP,BLAST,COALT,1.21
11017,JP,JP,OILHA,ELEC3,1.21
13237,JP,JP,PROCE,TRANS,1.21
11447,JP,JP,PAPE1,FISH5,1.21
7868,JP,JP,INLAN,OFFIC,1.21
6475,JP,JP,FOODW,POULT,1.21
11508,JP,JP,PAPE1,POULT,1.21
14193,JP,JP,RECRE,TRAN1,1.21
12771,JP,JP,POULT,COMPU,1.21
10597,JP,JP,NONF1,RAWMI,1.21
1528,JP,JP,BUSIN,SUGAR,1.21
3095,JP,JP,CROPS,FINAN,1.21
8836,JP,JP,LIQUE,CONST,1.21
3117,JP,JP,CROPS,KEROS,1.21
6017,JP,JP,FOOD3,ELECT,1.21
14271,JP,JP,REFIN,LUBRI,1.21
5340,JP,JP,FABRI,ELE11,1.21
11149,JP,JP,OILSE,HEALT,1.21
13225,JP,JP,PROCE,RETAI,1.21
3680,JP,JP,EDUCA,ELEC3,1.21
3593,JP,JP,DISTR,PAPE4,1.21
5239,JP,JP,ELECT,NONFE,1.21
5815,JP,JP,FISHF,NFERT,1.20
12817,JP,JP,POULT,NONME,1.20
3531,JP,JP,DISTR,ELEC1,1.20
1274,JP,JP,BLAST,NONF1,1.20
5444,JP,JP,FABRI,TEXT2,1.20
334,JP,JP,ALUM1,ELEC2,1.20
12081,JP,JP,PIGS9,FURNI,1.20
16882,JP,JP,TRANS,PREC1,1.20
12585,JP,JP,PLAST,TRAN1,1.20
6417,JP,JP,FOODW,FISH5,1.20
13840,JP,JP,RAWMI,HEAVY,1.20
13281,JP,JP,PUBLI,FABRI,1.20
16860,JP,JP,TRANS,MEAT4,1.20
16042,JP,JP,SUPPO,LEAD1,1.20
9121,JP,JP,MACHI,MEATA,1.20
6372,JP,JP,FOOD5,WOOD1,1.20
17409,JP,JP,WEARI,PIGS9,1.20
13552,JP,JP,RADIO,FORES,1.20
4576,JP,JP,ELEC4,LUBRI,1.20
1934,JP,JP,CEREA,PIGS9,1.20
16387,JP,JP,TEXTI,COKEO,1.19
17151,JP,JP,VEGET,RAWMI,1.19
16768,JP,JP,TRAN2,NONSP,1.19
6313,JP,JP,FOOD5,NONFE,1.19
17817,JP,JP,WOOD1,PREC1,1.19
10294,JP,JP,NATUR,COPP1,1.19
126,JP,JP,93197,SECO9,1.19
11710,JP,JP,PAPER,ELEC6,1.19
14924,JP,JP,RUBBE,ELEC6,1.19
2239,JP,JP,COALT,EDUCA,1.19
463,JP,JP,ANIMA,FABRI,1.19
9461,JP,JP,MEATC,FINAN,1.19
14780,JP,JP,RETAI,ELE12,1.19
6641,JP,JP,FORES,SALEM,1.19
13785,JP,JP,RAILW,VEGET,1.19
7486,JP,JP,HEAVY,PARAF,1.19
12385,JP,JP,PLAS2,ELEC2,1.19
8061,JP,JP,INTER,BEVER,1.18
12866,JP,JP,PREC1,BUSIN,1.18
11318,JP,JP,PADDY,DIST1,1.18
5894,JP,JP,FOOD2,EDUCA,1.18
1033,JP,JP,BIOG1,SALEM,1.18
5558,JP,JP,FINAN,OILSE,1.18
16062,JP,JP,SUPPO,NONSP,1.18
17663,JP,JP,WHOLE,PADDY,1.18
17224,JP,JP,WASTE,FOUND,1.18
4486,JP,JP,ELEC3,STEAM,1.18
1361,JP,JP,BRICK,MEMBE,1.18
8242,JP,JP,KERO1,DIST1,1.18
16740,JP,JP,TRAN2,ELEC2,1.18
16525,JP,JP,TOBAC,ELEC4,1.18
10274,JP,JP,NATUR,93197,1.18
17327,JP,JP,WEARI,CHEMI,1.17
8725,JP,JP,LEATH,FISHF,1.17
11150,JP,JP,OILSE,HEAVY,1.17
7229,JP,JP,GLASS,VEGE1,1.17
16489,JP,JP,TEXTI,TEXT1,1.17
18102,JP,JP,WOODW,VEGE1,1.17
3050,JP,JP,COPP1,WHOLE,1.17
16843,JP,JP,TRANS,GLASS,1.17
53,JP,JP,93197,FOUND,1.17
10223,JP,JP,NAPHT,KERO1,1.17
7119,JP,JP,GLASS,BRICK,1.17
2586,JP,JP,COLLE,PROCE,1.17
17167,JP,JP,VEGET,TEXTI,1.17
14827,JP,JP,RETAI,NONF1,1.17
3069,JP,JP,CROPS,CERAM,1.17
2260,JP,JP,COALT,NONME,1.17
14163,JP,JP,RECRE,PREC1,1.17
7179,JP,JP,GLASS,MOTOR,1.17
4866,JP,JP,ELEC6,MEMBE,1.17
820,JP,JP,BASIC,TRAN1,1.17
7646,JP,JP,HOTEL,PLAS2,1.16
5520,JP,JP,FINAN,GASWO,1.16
8908,JP,JP,LIQUE,POSTT,1.16
2291,JP,JP,COKE1,COALT,1.16
3771,JP,JP,EDUCA,TRANS,1.16
1206,JP,JP,BLAST,ALUM1,1.16
138,JP,JP,93197,TRANS,1.16
16150,JP,JP,TEXT1,DISTR,1.16
6009,JP,JP,FOOD3,EDUCA,1.16
430,JP,JP,ALUM1,WHOLE,1.16
9748,JP,JP,MEMBE,ALUM1,1.16
4306,JP,JP,ELEC2,PAPE4,1.16
16459,JP,JP,TEXTI,PLAS1,1.16
9170,JP,JP,MACHI,RETAI,1.16
13942,JP,JP,REALE,ELE11,1.16
16930,JP,JP,VEGE1,ALUM1,1.16
10602,JP,JP,NONF1,RENTI,1.16
16182,JP,JP,TEXT1,INTER,1.16
11288,JP,JP,OXYGE,TRANS,1.16
3168,JP,JP,CROPS,REFI1,1.16
6824,JP,JP,FURNI,ELEC6,1.16
6497,JP,JP,FOODW,SECO9,1.16
11083,JP,JP,OILHA,PREC1,1.16
11529,JP,JP,PAPE1,SECO9,1.15
9880,JP,JP,MEMBE,WEARI,1.15
64,JP,JP,93197,KERO1,1.15
15320,JP,JP,SEACO,COALT,1.15
1267,JP,JP,BLAST,MEDIC,1.15
12579,JP,JP,PLAST,SUGA1,1.15
1559,JP,JP,CATTL,CERAM,1.15
3822,JP,JP,ELE11,GASDI,1.15
16337,JP,JP,TEXT2,PLAST,1.15
16424,JP,JP,TEXTI,INTER,1.15
10357,JP,JP,NATUR,PFERT,1.15
4380,JP,JP,ELEC3,CHEMI,1.15
17306,JP,JP,WASTE,WOODW,1.15
17376,JP,JP,WEARI,LEAD1,1.15
8649,JP,JP,LEAD1,PFERT,1.15
8228,JP,JP,KERO1,CEMEN,1.15
3429,JP,JP,DIST1,MOTOR,1.15
968,JP,JP,BIOG1,COLLE,1.15
17744,JP,JP,WOOD1,DIST1,1.15
17549,JP,JP,WHITE,MACHI,1.15
5601,JP,JP,FINAN,TEXT2,1.15
16374,JP,JP,TEXTI,BEVER,1.15
8017,JP,JP,INSUR,PULP5,1.15
4656,JP,JP,ELEC5,93197,1.14
3192,JP,JP,CROPS,WEARI,1.14
5777,JP,JP,FISHF,FINAN,1.14
18098,JP,JP,WOODW,TOBAC,1.14
619,JP,JP,AUXIL,OILHA,1.14
10707,JP,JP,NONME,COKE1,1.14
17271,JP,JP,WASTE,PRINT,1.14
14848,JP,JP,RETAI,PULP5,1.14
8292,JP,JP,KERO1,MEMBE,1.14
6153,JP,JP,FOOD4,INSUR,1.14
6626,JP,JP,FORES,PROCE,1.14
13668,JP,JP,RAILW,COKEO,1.14
15288,JP,JP,SANDC,TEXTI,1.14
5186,JP,JP,ELECT,ELEC1,1.14
17792,JP,JP,WOOD1,MEMBE,1.13
11315,JP,JP,PADDY,COPP1,1.13
7487,JP,JP,HEAVY,PETRO,1.13
7830,JP,JP,INLAN,ELECT,1.13
442,JP,JP,ANIMA,BUSIN,1.13
17890,JP,JP,WOOD2,FABRI,1.13
18090,JP,JP,WOODW,STEAM,1.13
11418,JP,JP,PAPE1,CEMEN,1.13
15880,JP,JP,SUGA1,SEACO,1.13
14864,JP,JP,RETAI,STONE,1.13
63,JP,JP,93197,INTER,1.13
3056,JP,JP,CROPS,ALUM1,1.13
10436,JP,JP,NFERT,FURNI,1.13
1216,JP,JP,BLAST,CHEM1,1.13
5637,JP,JP,FISH5,COLLE,1.13
349,JP,JP,ALUM1,FORES,1.13
5276,JP,JP,ELECT,RETAI,1.12
17495,JP,JP,WHEAT,MOTO1,1.12
17004,JP,JP,VEGE1,OFFIC,1.12
9566,JP,JP,MEATP,PAPE1,1.12
16503,JP,JP,TEXTI,WOOD1,1.12
5725,JP,JP,FISH5,SUPPO,1.12
7157,JP,JP,GLASS,GASDI,1.12
27,JP,JP,93197,CROPS,1.12
8281,JP,JP,KERO1,LEAD1,1.12
16974,JP,JP,VEGE1,FOUND,1.12
6388,JP,JP,FOODW,CEMEN,1.12
10007,JP,JP,MOTO1,REFI1,1.12
10584,JP,JP,NONF1,PFERT,1.12
12244,JP,JP,PLAS1,DISTR,1.12
1169,JP,JP,BITUM,MOTO1,1.12
3351,JP,JP,DIST1,ANIMA,1.12
11869,JP,JP,PETRO,ELEC2,1.11
9291,JP,JP,MEAT4,CONST,1.11
906,JP,JP,BEVER,PAPE1,1.11
11010,JP,JP,OILHA,DIST1,1.11
12011,JP,JP,PFERT,PULP5,1.11
16842,JP,JP,TRANS,GASDI,1.11
10365,JP,JP,NATUR,PROCE,1.11
8133,JP,JP,INTER,NONF1,1.11
14829,JP,JP,RETAI,NONME,1.11
6532,JP,JP,FORES,CATTL,1.11
11396,JP,JP,PADDY,TOBAC,1.11
18099,JP,JP,WOODW,TRAN1,1.11
17866,JP,JP,WOOD2,BUSIN,1.11
18027,JP,JP,WOODW,KERO1,1.11
5913,JP,JP,FOOD2,FURNI,1.11
11995,JP,JP,PFERT,OFFIC,1.11
1186,JP,JP,BITUM,RADIO,1.10
4511,JP,JP,ELEC4,ANIMA,1.10
17963,JP,JP,WOOD2,WHOLE,1.10
17024,JP,JP,VEGE1,RAILW,1.10
2156,JP,JP,CHEMI,FOOD5,1.10
7769,JP,JP,INERT,PAPER,1.10
13388,JP,JP,PULP5,BRICK,1.10
2105,JP,JP,CHEM1,TRAN2,1.10
17697,JP,JP,WHOLE,SUGAR,1.10
14880,JP,JP,RETAI,WOODW,1.10
3075,JP,JP,CROPS,COKEO,1.10
3394,JP,JP,DIST1,FISHF,1.10
1469,JP,JP,BUSIN,MEAT4,1.10
16394,JP,JP,TEXTI,DIST1,1.10
10483,JP,JP,NFERT,SUGAR,1.10
12375,JP,JP,PLAS2,COMPU,1.10
11322,JP,JP,PADDY,ELEC1,1.10
11058,JP,JP,OILHA,MEMBE,1.10
13118,JP,JP,PRINT,STEAM,1.10
5631,JP,JP,FISH5,CERAM,1.10
15886,JP,JP,SUGA1,TEXTI,1.09
7819,JP,JP,INLAN,CHEM1,1.09
13739,JP,JP,RAILW,PAPE4,1.09
15761,JP,JP,STONE,PLAST,1.09
11963,JP,JP,PFERT,FOODW,1.09
1568,JP,JP,CATTL,DIST1,1.09
7858,JP,JP,INLAN,MEAT4,1.09
2298,JP,JP,COKE1,CROPS,1.09
10224,JP,JP,NAPHT,KEROS,1.09
5687,JP,JP,FISH5,OFFIC,1.09
6914,JP,JP,FURNI,SECO9,1.09
6661,JP,JP,FORES,WOOD1,1.09
17248,JP,JP,WASTE,MOTOR,1.09
4364,JP,JP,ELEC3,AIRTR,1.09
3116,JP,JP,CROPS,KERO1,1.09
5187,JP,JP,ELECT,ELEC2,1.09
11645,JP,JP,PAPE4,RECRE,1.08
6704,JP,JP,FOUND,FOODW,1.08
9311,JP,JP,MEAT4,FOOD3,1.08
4880,JP,JP,ELEC6,OXYGE,1.08
18095,JP,JP,WOODW,TEXT1,1.08
16349,JP,JP,TEXT2,RENTI,1.08
65,JP,JP,93197,KEROS,1.08
14204,JP,JP,RECRE,WOODW,1.08
257,JP,JP,AIRTR,PREC1,1.08
5715,JP,JP,FISH5,RETAI,1.08
18028,JP,JP,WOODW,KEROS,1.08
2386,JP,JP,COKE1,TRAN2,1.08
9005,JP,JP,LUBRI,PADDY,1.08
16156,JP,JP,TEXT1,ELEC3,1.08
8838,JP,JP,LIQUE,CROPS,1.08
6608,JP,JP,FORES,OILHA,1.08
3089,JP,JP,CROPS,ELEC4,1.08
8338,JP,JP,KERO1,SECO9,1.08
7175,JP,JP,GLASS,MEATC,1.08
6524,JP,JP,FORES,BEVER,1.08
10659,JP,JP,NONFE,MACHI,1.08
4463,JP,JP,ELEC3,POULT,1.08
6839,JP,JP,FURNI,GASDI,1.07
8354,JP,JP,KERO1,WEARI,1.07
6833,JP,JP,FURNI,FOOD4,1.07
6241,JP,JP,FOOD5,BLAST,1.07
2401,JP,JP,COKEO,CEMEN,1.07
11957,JP,JP,PFERT,ELEC8,1.07
15884,JP,JP,SUGA1,SUPPO,1.07
2253,JP,JP,COALT,LIQUE,1.07
6598,JP,JP,FORES,MOTOR,1.07
3155,JP,JP,CROPS,POSTT,1.07
17265,JP,JP,WASTE,PLAS2,1.07
4767,JP,JP,ELEC5,SALEM,1.07
13707,JP,JP,RAILW,INTER,1.07
4916,JP,JP,ELEC6,STEAM,1.07
8706,JP,JP,LEATH,COPP1,1.07
2408,JP,JP,COKEO,COPP1,1.07
14370,JP,JP,RENTI,NATUR,1.06
2760,JP,JP,COMPU,STEAM,1.06
1016,JP,JP,BIOG1,PFERT,1.06
8691,JP,JP,LEATH,BLAST,1.06
5412,JP,JP,FABRI,PLAS2,1.06
9872,JP,JP,MEMBE,TEXTI,1.06
17830,JP,JP,WOOD1,RENTI,1.06
10935,JP,JP,OFFIC,GLASS,1.06
12436,JP,JP,PLAS2,PLAS2,1.06
6360,JP,JP,FOOD5,TEXT2,1.06
1658,JP,JP,CEMEN,CHEMI,1.06
12141,JP,JP,PIGS9,VEGE1,1.05
6012,JP,JP,FOOD3,ELEC2,1.05
17216,JP,JP,WASTE,FINAN,1.05
7422,JP,JP,HEAVY,DISTR,1.05
14179,JP,JP,RECRE,RETAI,1.05
3801,JP,JP,ELE11,COPP1,1.05
5323,JP,JP,FABRI,CEREA,1.05
9729,JP,JP,MEDIC,TEXT1,1.05
4743,JP,JP,ELEC5,PFERT,1.05
16378,JP,JP,TEXTI,BRICK,1.05
16642,JP,JP,TRAN1,MEATP,1.05
7951,JP,JP,INSUR,FISH5,1.05
333,JP,JP,ALUM1,ELEC1,1.05
9794,JP,JP,MEMBE,FORES,1.05
11355,JP,JP,PADDY,MEATP,1.05
6406,JP,JP,FOODW,ELE12,1.05
16576,JP,JP,TRAN1,BITU1,1.05
11436,JP,JP,PAPE1,ELE12,1.05
3641,JP,JP,DISTR,WASTE,1.05
12483,JP,JP,PLAST,CATTL,1.05
1552,JP,JP,CATTL,BEVER,1.05
6738,JP,JP,FOUND,PAPE1,1.05
1077,JP,JP,BITU1,ELEC8,1.05
10201,JP,JP,NAPHT,DISTR,1.05
13375,JP,JP,PUBLI,WEARI,1.05
14267,JP,JP,REFIN,HOTEL,1.05
6055,JP,JP,FOOD3,OFFIC,1.05
12432,JP,JP,PLAS2,PAPER,1.04
14862,JP,JP,RETAI,SECO9,1.04
4581,JP,JP,ELEC4,MEATC,1.04
9668,JP,JP,MEDIC,LEATH,1.04
4808,JP,JP,ELEC6,CHEMI,1.04
3313,JP,JP,DAIRY,PULP5,1.04
17007,JP,JP,VEGE1,PAPE1,1.04
11471,JP,JP,PAPE1,LEAD1,1.04
6440,JP,JP,FOODW,LEAD1,1.04
394,JP,JP,ALUM1,POSTT,1.04
4360,JP,JP,ELEC2,WOOD2,1.04
13344,JP,JP,PUBLI,PULP5,1.04
1019,JP,JP,BIOG1,POSTT,1.04
5897,JP,JP,FOOD2,ELEC2,1.04
14841,JP,JP,RETAI,PLAS1,1.04
10412,JP,JP,NFERT,COLLE,1.04
12250,JP,JP,PLAS1,ELEC3,1.04
17423,JP,JP,WEARI,RAWMI,1.04
3595,JP,JP,DISTR,PARAF,1.04
384,JP,JP,ALUM1,OILHA,1.04
3481,JP,JP,DIST1,TOBAC,1.04
14452,JP,JP,RESEA,BRICK,1.04
9197,JP,JP,MACHI,WOOLS,1.04
8106,JP,JP,INTER,GASDI,1.04
17946,JP,JP,WOOD2,RESEA,1.03
9349,JP,JP,MEAT4,PRINT,1.03
2942,JP,JP,COPP1,ANIMA,1.03
11972,JP,JP,PFERT,HOTEL,1.03
11565,JP,JP,PAPE4,CHEM1,1.03
9218,JP,JP,MEAT1,ELEC8,1.03
10364,JP,JP,NATUR,PRINT,1.03
17034,JP,JP,VEGE1,SALEM,1.03
18033,JP,JP,WOODW,LUBRI,1.03
10714,JP,JP,NONME,CRUDE,1.03
892,JP,JP,BEVER,MEATC,1.03
8531,JP,JP,LANDT,PLAS2,1.03
10933,JP,JP,OFFIC,FURNI,1.03
8007,JP,JP,INSUR,PLAS1,1.03
7504,JP,JP,HEAVY,REALE,1.03
17496,JP,JP,WHEAT,MOTOR,1.03
5245,JP,JP,ELECT,OILSE,1.03
6998,JP,JP,GASDI,IRONO,1.03
1908,JP,JP,CEREA,GASDI,1.03
13888,JP,JP,RAWMI,RENTI,1.03
17644,JP,JP,WHOLE,MEAT4,1.03
1577,JP,JP,CATTL,FABRI,1.03
16471,JP,JP,TEXTI,RAWMI,1.02
12029,JP,JP,PFERT,TOBAC,1.02
4622,JP,JP,ELEC4,REFI1,1.02
13175,JP,JP,PROCE,FINAN,1.02
4459,JP,JP,ELEC3,PLAS1,1.02
14093,JP,JP,RECRE,ELE12,1.02
3487,JP,JP,DIST1,WASTE,1.02
6059,JP,JP,FOOD3,PAPER,1.02
13761,JP,JP,RAILW,REFI1,1.02
2089,JP,JP,CHEM1,RETAI,1.01
3789,JP,JP,ELE11,BUSIN,1.01
10096,JP,JP,MOTOR,INTER,1.01
1637,JP,JP,CATTL,TOBAC,1.01
14134,JP,JP,RECRE,MEATC,1.01
10930,JP,JP,OFFIC,FOOD5,1.01
7823,JP,JP,INLAN,CONST,1.01
1571,JP,JP,CATTL,ELEC1,1.01
17294,JP,JP,WASTE,SUPPO,1.01
14158,JP,JP,RECRE,PLAS1,1.01
3583,JP,JP,DISTR,NONFE,1.01
10600,JP,JP,NONF1,REFI1,1.01
15263,JP,JP,SANDC,PLAST,1.01
14989,JP,JP,RUBBE,PLAS2,1.01
16222,JP,JP,TEXT1,PREC1,1.01
6198,JP,JP,FOOD4,RAILW,1.01
867,JP,JP,BEVER,ELECT,1.01
12730,JP,JP,POSTT,STONE,1.01
5128,JP,JP,ELEC8,STONE,1.01
15579,JP,JP,STEAM,CHEMI,1.01
10159,JP,JP,MOTOR,STEAM,1.01
9262,JP,JP,MEAT1,SUPPO,1.01
11882,JP,JP,PETRO,GLASS,1.00
18138,JP,JP,WOOLS,MOTOR,1.00
10027,JP,JP,MOTO1,TRAN1,1.00
455,JP,JP,ANIMA,EDUCA,1.00
12107,JP,JP,PIGS9,PAPER,1.00
252,JP,JP,AIRTR,PLAS1,1.00
14978,JP,JP,RUBBE,OILSE,1.00
16462,JP,JP,TEXTI,POSTT,1.00
6424,JP,JP,FOODW,FORES,1.00
11454,JP,JP,PAPE1,FORES,1.00
3656,JP,JP,EDUCA,BEVER,1.00
10502,JP,JP,NONF1,BUSIN,1.00
16839,JP,JP,TRANS,FORES,1.00
4782,JP,JP,ELEC5,VEGET,1.00
426,JP,JP,ALUM1,VEGET,1.00
17289,JP,JP,WASTE,SEACO,1.00
8851,JP,JP,LIQUE,ELEC8,1.00
14810,JP,JP,RETAI,KERO1,1.00
4354,JP,JP,ELEC2,WASTE,1.00
4485,JP,JP,ELEC3,SECO9,1.00
12797,JP,JP,POULT,GLASS,1.00
13676,JP,JP,RAILW,DIST1,1.00
9770,JP,JP,MEMBE,CROPS,1.00
2995,JP,JP,COPP1,LANDT,0.99
2294,JP,JP,COKE1,COLLE,0.99
4145,JP,JP,ELEC1,NONSP,0.99
15646,JP,JP,STEAM,OILHA,0.99
10748,JP,JP,NONME,INTER,0.99
12732,JP,JP,POSTT,SUGAR,0.99
13559,JP,JP,RADIO,HEAVY,0.99
8755,JP,JP,LEATH,MEMBE,0.99
15619,JP,JP,STEAM,INTER,0.99
14250,JP,JP,REFIN,COKE1,0.99
8619,JP,JP,LEAD1,FOOD5,0.99
1858,JP,JP,CERAM,RENTI,0.99
5812,JP,JP,FISHF,MOTO1,0.99
4308,JP,JP,ELEC2,PARAF,0.99
10702,JP,JP,NONME,CEREA,0.99
2746,JP,JP,COMPU,RAWMI,0.99
13769,JP,JP,RAILW,SANDC,0.99
8253,JP,JP,KERO1,ELEC8,0.99
11617,JP,JP,PAPE4,MOTO1,0.99
344,JP,JP,ALUM1,FOOD2,0.99
445,JP,JP,ANIMA,CERAM,0.98
15460,JP,JP,SECO9,COKE1,0.98
15495,JP,JP,SECO9,HEAVY,0.98
15921,JP,JP,SUGAR,FISHF,0.98
16798,JP,JP,TRANS,93197,0.98
12090,JP,JP,PIGS9,LEATH,0.98
12000,JP,JP,PFERT,PAPE1,0.98
1129,JP,JP,BITU1,TEXTI,0.98
16149,JP,JP,TEXT1,DIST1,0.98
1774,JP,JP,CERAM,CATTL,0.98
3810,JP,JP,ELE11,ELECT,0.98
17405,JP,JP,WEARI,PAPE4,0.98
15387,JP,JP,SEACO,NONSP,0.98
16407,JP,JP,TEXTI,FISH5,0.98
8695,JP,JP,LEATH,CEMEN,0.98
12606,JP,JP,POSTT,BITU1,0.97
16197,JP,JP,TEXT1,MEMBE,0.97
16638,JP,JP,TRAN1,MEAT1,0.97
10838,JP,JP,NONSP,COKEO,0.97
9473,JP,JP,MEATC,LANDT,0.97
1149,JP,JP,BITUM,ELECT,0.97
12316,JP,JP,PLAS1,PREC1,0.97
17696,JP,JP,WHOLE,SUGA1,0.97
2200,JP,JP,CHEMI,PULP5,0.97
15241,JP,JP,SANDC,LUBRI,0.97
1926,JP,JP,CEREA,MOTO1,0.97
16023,JP,JP,SUPPO,FOOD3,0.97
643,JP,JP,AUXIL,RAWMI,0.97
10138,JP,JP,MOTOR,PREC1,0.97
17094,JP,JP,VEGET,FINAN,0.97
9507,JP,JP,MEATC,SUPPO,0.97
11300,JP,JP,PADDY,BEVER,0.97
4893,JP,JP,ELEC6,POULT,0.97
2715,JP,JP,COMPU,NFERT,0.97
6915,JP,JP,FURNI,STEAM,0.97
10831,JP,JP,NONSP,BRICK,0.97
6170,JP,JP,FOOD4,MOTOR,0.96
13766,JP,JP,RAILW,RETAI,0.96
2507,JP,JP,COLLE,ELE11,0.96
7822,JP,JP,INLAN,COMPU,0.96
12073,JP,JP,PIGS9,FINAN,0.96
1714,JP,JP,CEMEN,NONFE,0.96
5419,JP,JP,FABRI,PROCE,0.96
9545,JP,JP,MEATP,FINAN,0.96
10725,JP,JP,NONME,ELEC5,0.96
2678,JP,JP,COMPU,FOOD4,0.96
17967,JP,JP,WOODW,AIRTR,0.96
1693,JP,JP,CEMEN,HOTEL,0.96
4553,JP,JP,ELEC4,FOOD2,0.96
5887,JP,JP,FOOD2,COMPU,0.96
12030,JP,JP,PFERT,TRAN1,0.96
5135,JP,JP,ELEC8,TOBAC,0.96
13836,JP,JP,RAWMI,FURNI,0.96
4645,JP,JP,ELEC4,VEGE1,0.96
727,JP,JP,BASIC,ELEC4,0.96
13294,JP,JP,PUBLI,GASWO,0.96
3973,JP,JP,ELE12,LEATH,0.96
12916,JP,JP,PREC1,NONF1,0.96
13786,JP,JP,RAILW,WASTE,0.96
16612,JP,JP,TRAN1,FOOD2,0.96
15794,JP,JP,SUGA1,AIRTR,0.95
981,JP,JP,BIOG1,ELECT,0.95
13267,JP,JP,PUBLI,DAIRY,0.95
3781,JP,JP,ELE11,ALUM1,0.95
15655,JP,JP,STEAM,PLAST,0.95
9272,JP,JP,MEAT4,93197,0.95
6533,JP,JP,FORES,CEMEN,0.95
2250,JP,JP,COALT,HOTEL,0.95
12083,JP,JP,PIGS9,GLASS,0.95
12243,JP,JP,PLAS1,DIST1,0.95
15504,JP,JP,SECO9,LUBRI,0.95
11971,JP,JP,PFERT,HEAVY,0.95
3661,JP,JP,EDUCA,CERAM,0.95
81,JP,JP,93197,NAPHT,0.95
2460,JP,JP,COKEO,RETA1,0.95
7475,JP,JP,HEAVY,NONFE,0.94
13095,JP,JP,PRINT,POULT,0.94
5074,JP,JP,ELEC8,MEATP,0.94
1209,JP,JP,BLAST,BEVER,0.94
5728,JP,JP,FISH5,TOBAC,0.94
7153,JP,JP,GLASS,FOODW,0.94
14373,JP,JP,RENTI,NONFE,0.94
446,JP,JP,ANIMA,CHEM1,0.94
14809,JP,JP,RETAI,INTER,0.94
17983,JP,JP,WOODW,CEREA,0.94
10574,JP,JP,NONF1,NUCLE,0.94
3542,JP,JP,DISTR,FOOD2,0.94
3799,JP,JP,ELE11,COMPU,0.94
8686,JP,JP,LEATH,ANIMA,0.94
11623,JP,JP,PAPE4,OFFIC,0.94
8059,JP,JP,INTER,AUXIL,0.94
2548,JP,JP,COLLE,MEAT1,0.94
6049,JP,JP,FOOD3,MOTO1,0.94
5417,JP,JP,FABRI,PRECI,0.94
2741,JP,JP,COMPU,PROCE,0.94
1768,JP,JP,CERAM,BEVER,0.94
11473,JP,JP,PAPE1,LIQUE,0.94
12291,JP,JP,PLAS1,MEMBE,0.94
7579,JP,JP,HOTEL,ELEC5,0.94
16908,JP,JP,TRANS,TOBAC,0.94
14811,JP,JP,RETAI,KEROS,0.94
16358,JP,JP,TEXT2,TEXT1,0.94
7007,JP,JP,GASDI,MEAT1,0.94
1251,JP,JP,BLAST,HOTEL,0.93
9783,JP,JP,MEMBE,ELEC8,0.93
16472,JP,JP,TEXTI,REALE,0.93
13439,JP,JP,PULP5,LIQUE,0.93
1158,JP,JP,BITUM,HEAVY,0.93
16295,JP,JP,TEXT2,FABRI,0.93
15158,JP,JP,SALEM,REFI1,0.93
16904,JP,JP,TRANS,SUGA1,0.93
14544,JP,JP,RESEA,PLAS1,0.93
13410,JP,JP,PULP5,ELEC3,0.93
12578,JP,JP,PLAST,STEAM,0.93
5615,JP,JP,FINAN,WOOD2,0.93
9769,JP,JP,MEMBE,COPP1,0.93
5810,JP,JP,FISHF,MEDIC,0.93
7889,JP,JP,INLAN,RESEA,0.93
10160,JP,JP,MOTOR,STONE,0.93
12719,JP,JP,POSTT,REFIN,0.93
3294,JP,JP,DAIRY,OFFIC,0.92
592,JP,JP,AUXIL,INTER,0.92
4178,JP,JP,ELEC1,RETAI,0.92
11545,JP,JP,PAPE1,WEARI,0.92
12752,JP,JP,POULT,93197,0.92
10237,JP,JP,NAPHT,NAPHT,0.92
6513,JP,JP,FOODW,WEARI,0.92
12165,JP,JP,PLANT,FABRI,0.92
3032,JP,JP,COPP1,RETA1,0.92
8875,JP,JP,LIQUE,LANDT,0.92
1950,JP,JP,CEREA,SALEM,0.92
5459,JP,JP,FABRI,WOOD2,0.92
1742,JP,JP,CEMEN,RESEA,0.92
9093,JP,JP,MACHI,FOOD3,0.92
2965,JP,JP,COPP1,DIST1,0.92
16366,JP,JP,TEXT2,WOOD1,0.92
5402,JP,JP,FABRI,OXYGE,0.92
15291,JP,JP,SANDC,TRANS,0.92
9997,JP,JP,MOTO1,PRECI,0.92
12095,JP,JP,PIGS9,MEDIC,0.92
10772,JP,JP,NONME,NONSP,0.91
16365,JP,JP,TEXT2,WHOLE,0.91
16738,JP,JP,TRAN2,EDUCA,0.91
1098,JP,JP,BITU1,MACHI,0.91
8116,JP,JP,INTER,LANDT,0.91
1249,JP,JP,BLAST,HEALT,0.91
16036,JP,JP,SUPPO,INLAN,0.91
15,JP,JP,93197,CEMEN,0.91
9863,JP,JP,MEMBE,SANDC,0.91
11928,JP,JP,PFERT,BLAST,0.91
6208,JP,JP,FOOD4,RUBBE,0.91
6122,JP,JP,FOOD4,COPP1,0.91
15844,JP,JP,SUGA1,MACHI,0.91
10083,JP,JP,MOTOR,FOOD5,0.91
7190,JP,JP,GLASS,PAPE1,0.91
15515,JP,JP,SECO9,NONFE,0.91
1284,JP,JP,BLAST,PLAST,0.91
12547,JP,JP,PLAST,NONSP,0.91
17752,JP,JP,WOOD1,ELEC4,0.91
16451,JP,JP,TEXTI,OILHA,0.91
5944,JP,JP,FOOD2,PAPER,0.91
17849,JP,JP,WOOD1,TRANS,0.91
15274,JP,JP,SANDC,REALE,0.91
13196,JP,JP,PROCE,MOTO1,0.91
4792,JP,JP,ELEC6,AIRTR,0.91
13445,JP,JP,PULP5,MEATP,0.91
7493,JP,JP,HEAVY,POSTT,0.91
2676,JP,JP,COMPU,FOOD2,0.91
1102,JP,JP,BITU1,MOTO1,0.91
18035,JP,JP,WOODW,MEAT1,0.91
1723,JP,JP,CEMEN,PETRO,0.91
10519,JP,JP,NONF1,DIST1,0.91
887,JP,JP,BEVER,LIQUE,0.90
2000,JP,JP,CHEM1,ELEC3,0.90
16271,JP,JP,TEXT2,BUSIN,0.90
3403,JP,JP,DIST1,GASDI,0.90
4692,JP,JP,ELEC5,FISH5,0.90
4915,JP,JP,ELEC6,SECO9,0.90
17445,JP,JP,WEARI,TOBAC,0.90
7336,JP,JP,HEALT,PAPE4,0.90
16869,JP,JP,TRANS,NONF1,0.90
9195,JP,JP,MACHI,WOOD2,0.90
8100,JP,JP,INTER,FOOD4,0.90
589,JP,JP,AUXIL,INERT,0.90
8940,JP,JP,LIQUE,VEGE1,0.90
7786,JP,JP,INERT,RECRE,0.90
2904,JP,JP,CONST,REFI1,0.90
1717,JP,JP,CEMEN,OFFIC,0.90
13174,JP,JP,PROCE,FABRI,0.89
1148,JP,JP,BITUM,EDUCA,0.89
16108,JP,JP,SUPPO,TOBAC,0.89
7412,JP,JP,HEAVY,COALT,0.89
3709,JP,JP,EDUCA,LANDT,0.89
13798,JP,JP,RAWMI,BASIC,0.89
9695,JP,JP,MEDIC,PFERT,0.89
16398,JP,JP,TEXTI,ELEC1,0.89
13275,JP,JP,PUBLI,ELEC3,0.89
12787,JP,JP,POULT,FISH5,0.89
14795,JP,JP,RETAI,FOOD4,0.89
12570,JP,JP,PLAST,REFI1,0.89
3596,JP,JP,DISTR,PETRO,0.89
13637,JP,JP,RADIO,VEGET,0.89
7433,JP,JP,HEAVY,FINAN,0.89
1695,JP,JP,CEMEN,INTER,0.89
2732,JP,JP,COMPU,PIGS9,0.89
4538,JP,JP,ELEC4,DIST1,0.89
14128,JP,JP,RECRE,LIQUE,0.89
6143,JP,JP,FOOD4,FOOD5,0.89
10447,JP,JP,NFERT,LIQUE,0.89
12995,JP,JP,PRINT,BITU1,0.89
11633,JP,JP,PAPE4,POSTT,0.89
9037,JP,JP,LUBRI,TRANS,0.89
330,JP,JP,ALUM1,DISTR,0.89
8823,JP,JP,LIQUE,BRICK,0.89
3727,JP,JP,EDUCA,NONME,0.89
425,JP,JP,ALUM1,VEGE1,0.89
14923,JP,JP,RUBBE,ELEC5,0.89
16952,JP,JP,VEGE1,CROPS,0.88
2418,JP,JP,COKEO,ELEC4,0.88
2894,JP,JP,CONST,PRECI,0.88
10828,JP,JP,NONSP,BITU1,0.88
12062,JP,JP,PIGS9,DISTR,0.88
11394,JP,JP,PADDY,TEXT1,0.88
11057,JP,JP,OILHA,MEDIC,0.88
10607,JP,JP,NONF1,SALEM,0.88
3875,JP,JP,ELE11,RAILW,0.88
16428,JP,JP,TEXTI,LEAD1,0.88
6167,JP,JP,FOOD4,MEDIC,0.88
15049,JP,JP,SALEM,BLAST,0.88
7314,JP,JP,HEALT,MEAT4,0.88
15425,JP,JP,SEACO,STEAM,0.88
18044,JP,JP,WOODW,NAPHT,0.88
6063,JP,JP,FOOD3,PLAS2,0.88
17245,JP,JP,WASTE,MEDIC,0.88
9742,JP,JP,MEDIC,WOOD1,0.88
13984,JP,JP,REALE,MEAT4,0.88
8933,JP,JP,LIQUE,SUPPO,0.88
11115,JP,JP,OILHA,TRANS,0.88
8227,JP,JP,KERO1,CATTL,0.88
11018,JP,JP,OILHA,ELEC4,0.88
6252,JP,JP,FOOD5,COKE1,0.88
9632,JP,JP,MEDIC,DAIRY,0.88
8351,JP,JP,KERO1,VEGE1,0.88
17157,JP,JP,VEGET,RETAI,0.88
5688,JP,JP,FISH5,OILHA,0.88
1410,JP,JP,BUSIN,CEREA,0.88
11319,JP,JP,PADDY,DISTR,0.87
9989,JP,JP,MOTO1,PIGS9,0.87
10316,JP,JP,NATUR,FURNI,0.87
3102,JP,JP,CROPS,FOODW,0.87
8057,JP,JP,INTER,ALUM1,0.87
680,JP,JP,AVIAT,AIRTR,0.87
12009,JP,JP,PFERT,PROCE,0.87
10899,JP,JP,OFFIC,93197,0.87
8928,JP,JP,LIQUE,SANDC,0.87
11985,JP,JP,PFERT,MEATP,0.87
13531,JP,JP,RADIO,DISTR,0.87
12504,JP,JP,PLAST,ELEC3,0.87
7635,JP,JP,HOTEL,OXYGE,0.87
14480,JP,JP,RESEA,ELEC5,0.87
8289,JP,JP,KERO1,MEATC,0.87
9208,JP,JP,MEAT1,CROPS,0.87
16049,JP,JP,SUPPO,MEATA,0.87
10118,JP,JP,MOTOR,NONF1,0.87
6573,JP,JP,FORES,GASDI,0.87
8405,JP,JP,KEROS,PETRO,0.87
3141,JP,JP,CROPS,OFFIC,0.87
8891,JP,JP,LIQUE,NONF1,0.87
12186,JP,JP,PLANT,MOTO1,0.87
12743,JP,JP,POSTT,WASTE,0.87
10982,JP,JP,OFFIC,WOOD1,0.87
10470,JP,JP,NFERT,PRINT,0.86
6561,JP,JP,FORES,ELECT,0.86
1015,JP,JP,BIOG1,PAPER,0.86
1442,JP,JP,BUSIN,FOOD3,0.86
7759,JP,JP,INERT,MOTO1,0.86
567,JP,JP,AUXIL,ELEC5,0.86
16350,JP,JP,TEXT2,RESEA,0.86
11317,JP,JP,PADDY,DAIRY,0.86
6544,JP,JP,FORES,COPP1,0.86
11579,JP,JP,PAPE4,ELEC1,0.86
9488,JP,JP,MEATC,POSTT,0.86
17440,JP,JP,WEARI,SUGAR,0.86
11585,JP,JP,PAPE4,ELECT,0.86
13316,JP,JP,PUBLI,MEDIC,0.86
15180,JP,JP,SALEM,VEGE1,0.86
15005,JP,JP,RUBBE,REFIN,0.86
12033,JP,JP,PFERT,WEARI,0.86
2761,JP,JP,COMPU,STONE,0.85
9679,JP,JP,MEDIC,MOTOR,0.85
17791,JP,JP,WOOD1,MEDIC,0.85
7174,JP,JP,GLASS,MEATA,0.85
14147,JP,JP,RECRE,OILHA,0.85
9558,JP,JP,MEATP,LANDT,0.85
10975,JP,JP,OFFIC,TEXT1,0.85
13468,JP,JP,PULP5,PREC1,0.85
8521,JP,JP,LANDT,OXYGE,0.85
5862,JP,JP,FISHF,VEGE1,0.85
3256,JP,JP,DAIRY,ELECT,0.85
17451,JP,JP,WEARI,WASTE,0.85
10391,JP,JP,NATUR,VEGE1,0.85
17518,JP,JP,WHEAT,SALEM,0.85
7765,JP,JP,INERT,OFFIC,0.85
4309,JP,JP,ELEC2,PETRO,0.85
3956,JP,JP,ELE12,FORES,0.85
3767,JP,JP,EDUCA,TEXTI,0.85
6916,JP,JP,FURNI,STONE,0.85
12449,JP,JP,PLAS2,RECRE,0.85
7898,JP,JP,INLAN,SUGA1,0.85
4031,JP,JP,ELE12,SEACO,0.85
600,JP,JP,AUXIL,LUBRI,0.85
7707,JP,JP,INERT,CHEM1,0.85
17988,JP,JP,WOODW,COKEO,0.85
9718,JP,JP,MEDIC,RETAI,0.85
5808,JP,JP,FISHF,MEATC,0.85
17179,JP,JP,WASTE,93197,0.84
7167,JP,JP,GLASS,LEAD1,0.84
16311,JP,JP,TEXT2,INTER,0.84
8178,JP,JP,INTER,TEXTI,0.84
14380,JP,JP,RENTI,OXYGE,0.84
3,JP,JP,93197,ALUM1,0.84
13291,JP,JP,PUBLI,FOUND,0.84
11479,JP,JP,PAPE1,MEATC,0.84
6862,JP,JP,FURNI,MEATP,0.84
14190,JP,JP,RECRE,TEXT1,0.84
7616,JP,JP,HOTEL,MEATA,0.84
10453,JP,JP,NFERT,MEDIC,0.84
15171,JP,JP,SALEM,SUGAR,0.84
4707,JP,JP,ELEC5,INSUR,0.84
521,JP,JP,ANIMA,TOBAC,0.84
6447,JP,JP,FOODW,MEATC,0.84
14305,JP,JP,RENTI,COALT,0.84
13229,JP,JP,PROCE,SEACO,0.84
5288,JP,JP,ELECT,TEXT2,0.84
15018,JP,JP,RUBBE,SUGAR,0.83
1865,JP,JP,CERAM,SECO9,0.83
1456,JP,JP,BUSIN,INLAN,0.83
17200,JP,JP,WASTE,COPP1,0.83
14979,JP,JP,RUBBE,OXYGE,0.83
7548,JP,JP,HOTEL,BITU1,0.83
16877,JP,JP,TRANS,PFERT,0.83
497,JP,JP,ANIMA,PAPE4,0.83
3160,JP,JP,CROPS,PROCE,0.83
218,JP,JP,AIRTR,LEAD1,0.83
15111,JP,JP,SALEM,LUBRI,0.83
16826,JP,JP,TRANS,ELEC2,0.83
1666,JP,JP,CEMEN,CRUDE,0.83
4129,JP,JP,ELEC1,MEAT1,0.83
16688,JP,JP,TRAN1,RETAI,0.83
11284,JP,JP,OXYGE,TEXTI,0.82
3899,JP,JP,ELE11,TRANS,0.82
12956,JP,JP,PREC1,WOODW,0.82
17287,JP,JP,WASTE,SALEM,0.82
5256,JP,JP,ELECT,PLAS2,0.82
1640,JP,JP,CATTL,WEARI,0.82
9104,JP,JP,MACHI,HEAVY,0.82
2405,JP,JP,COKEO,COLLE,0.82
1569,JP,JP,CATTL,DISTR,0.82
8710,JP,JP,LEATH,DISTR,0.82
15710,JP,JP,STONE,COLLE,0.82
13491,JP,JP,PULP5,TRAN1,0.82
11803,JP,JP,PAPER,STONE,0.82
431,JP,JP,ALUM1,WOOD1,0.82
14123,JP,JP,RECRE,KERO1,0.82
1801,JP,JP,CERAM,FISHF,0.82
16444,JP,JP,TEXTI,NFERT,0.82
6971,JP,JP,GASDI,ELEC2,0.82
5020,JP,JP,ELEC8,COKEO,0.82
17226,JP,JP,WASTE,GASDI,0.82
3088,JP,JP,CROPS,ELEC3,0.82
3079,JP,JP,CROPS,COPP1,0.82
7481,JP,JP,HEAVY,OILSE,0.82
7587,JP,JP,HOTEL,FOOD2,0.82
12370,JP,JP,PLAS2,CHEM1,0.82
9457,JP,JP,MEATC,ELEC4,0.81
3100,JP,JP,CROPS,FOOD4,0.81
4190,JP,JP,ELEC1,TEXT2,0.81
11774,JP,JP,PAPER,PIGS9,0.81
824,JP,JP,BASIC,VEGE1,0.81
16661,JP,JP,TRAN1,PAPE4,0.81
2303,JP,JP,COKE1,ELEC1,0.81
10794,JP,JP,NONME,RAWMI,0.81
9560,JP,JP,MEATP,MACHI,0.81
8404,JP,JP,KEROS,PARAF,0.81
8339,JP,JP,KERO1,STEAM,0.81
705,JP,JP,BASIC,CEREA,0.81
3849,JP,JP,ELE11,NONF1,0.81
5032,JP,JP,ELEC8,ELEC1,0.81
13327,JP,JP,PUBLI,OILHA,0.81
10766,JP,JP,NONME,NATU1,0.81
11538,JP,JP,PAPE1,TOBAC,0.81
14040,JP,JP,REALE,STEAM,0.81
6506,JP,JP,FOODW,TOBAC,0.81
16924,JP,JP,URANI,RESEA,0.81
18039,JP,JP,WOODW,MEATP,0.81
16652,JP,JP,TRAN1,NONFE,0.81
7727,JP,JP,INERT,ELECT,0.81
8459,JP,JP,LANDT,ELE11,0.81
14318,JP,JP,RENTI,ELE11,0.81
7534,JP,JP,HEAVY,WHITE,0.81
5007,JP,JP,ELEC8,BITU1,0.80
16420,JP,JP,TEXTI,HEAVY,0.80
2872,JP,JP,CONST,NONFE,0.80
17719,JP,JP,WOOD1,AIRTR,0.80
15875,JP,JP,SUGA1,RETA1,0.80
4681,JP,JP,ELEC5,DAIRY,0.80
2649,JP,JP,COMPU,COALT,0.80
16060,JP,JP,SUPPO,NONFE,0.80
15548,JP,JP,SECO9,TEXT2,0.80
5766,JP,JP,FISHF,DISTR,0.80
2559,JP,JP,COLLE,NATUR,0.80
698,JP,JP,BASIC,BITUM,0.80
6322,JP,JP,FOOD5,PAPE4,0.80
14824,JP,JP,RETAI,NAPHT,0.80
10233,JP,JP,NAPHT,MEATP,0.80
8653,JP,JP,LEAD1,POSTT,0.80
2595,JP,JP,COLLE,REFIN,0.80
4710,JP,JP,ELEC5,KERO1,0.80
3926,JP,JP,ELE12,COALT,0.80
1055,JP,JP,BITU1,BRICK,0.80
5117,JP,JP,ELEC8,REFIN,0.80
726,JP,JP,BASIC,ELEC3,0.80
16235,JP,JP,TEXT1,RENTI,0.80
12688,JP,JP,POSTT,NONSP,0.80
6076,JP,JP,FOOD3,RECRE,0.80
12849,JP,JP,POULT,TEXTI,0.80
2739,JP,JP,COMPU,PRECI,0.80
17810,JP,JP,WOOD1,PFERT,0.80
457,JP,JP,ANIMA,ELEC1,0.79
17576,JP,JP,WHOLE,BIODI,0.79
12290,JP,JP,PLAS1,MEDIC,0.79
3025,JP,JP,COPP1,PULP5,0.79
7588,JP,JP,HOTEL,FOOD3,0.79
8216,JP,JP,KERO1,AIRTR,0.79
10190,JP,JP,NAPHT,BRICK,0.79
13815,JP,JP,RAWMI,DIST1,0.79
1495,JP,JP,BUSIN,PETRO,0.79
12074,JP,JP,PIGS9,FISH5,0.79
13162,JP,JP,PROCE,DIST1,0.79
16878,JP,JP,TRANS,PLANT,0.79
14431,JP,JP,RENTI,WASTE,0.79
12997,JP,JP,PRINT,BLAST,0.79
4634,JP,JP,ELEC4,STONE,0.79
1185,JP,JP,BITUM,PRINT,0.79
1726,JP,JP,CEMEN,PLAS1,0.79
8675,JP,JP,LEAD1,TRANS,0.79
2521,JP,JP,COLLE,FOOD2,0.79
14787,JP,JP,RETAI,ELEC8,0.79
7523,JP,JP,HEAVY,TEXT2,0.79
13368,JP,JP,PUBLI,TOBAC,0.79
12686,JP,JP,POSTT,NONFE,0.78
15345,JP,JP,SEACO,FOOD2,0.78
6705,JP,JP,FOUND,FORES,0.78
3231,JP,JP,DAIRY,CEMEN,0.78
9653,JP,JP,MEDIC,GASDI,0.78
15962,JP,JP,SUGAR,RUBBE,0.78
10985,JP,JP,OILHA,AIRTR,0.78
4698,JP,JP,ELEC5,FOODW,0.78
359,JP,JP,ALUM1,INTER,0.78
17329,JP,JP,WEARI,COKE1,0.78
8536,JP,JP,LANDT,PRECI,0.78
13997,JP,JP,REALE,NONFE,0.78
1848,JP,JP,CERAM,PREC1,0.78
291,JP,JP,AIRTR,VEGE1,0.78
16157,JP,JP,TEXT1,ELEC4,0.78
12763,JP,JP,POULT,CEMEN,0.78
3145,JP,JP,CROPS,PAPE1,0.78
16602,JP,JP,TRAN1,ELEC2,0.78
16254,JP,JP,TEXT1,TRANS,0.78
16443,JP,JP,TEXTI,NATUR,0.78
11754,JP,JP,PAPER,NAPHT,0.78
391,JP,JP,ALUM1,PLAS1,0.78
8735,JP,JP,LEATH,GASWO,0.78
15168,JP,JP,SALEM,STEAM,0.78
15831,JP,JP,SUGA1,FOODW,0.78
2220,JP,JP,CHEMI,WEARI,0.77
2243,JP,JP,COALT,FABRI,0.77
3367,JP,JP,DIST1,CHEMI,0.77
12565,JP,JP,PLAST,PROCE,0.77
297,JP,JP,AIRTR,WOOD1,0.77
17070,JP,JP,VEGET,CATTL,0.77
8331,JP,JP,KERO1,RENTI,0.77
10848,JP,JP,NONSP,ELEC6,0.77
7509,JP,JP,HEAVY,RESEA,0.77
17985,JP,JP,WOODW,CHEMI,0.77
14202,JP,JP,RECRE,WOOD1,0.77
14124,JP,JP,RECRE,KEROS,0.77
1382,JP,JP,BRICK,RUBBE,0.77
7845,JP,JP,INLAN,HOTEL,0.77
17479,JP,JP,WHEAT,GASDI,0.77
2572,JP,JP,COLLE,PAPE4,0.77
12693,JP,JP,POSTT,OXYGE,0.77
6392,JP,JP,FOODW,CHEMI,0.77
9277,JP,JP,MEAT4,BASIC,0.77
11422,JP,JP,PAPE1,CHEMI,0.77
11076,JP,JP,OILHA,PFERT,0.77
9615,JP,JP,MEDIC,BRICK,0.77
5735,JP,JP,FISH5,WEARI,0.77
453,JP,JP,ANIMA,DIST1,0.77
9496,JP,JP,MEATC,REFI1,0.77
10768,JP,JP,NONME,NFERT,0.77
10407,JP,JP,NFERT,CEMEN,0.77
3448,JP,JP,DIST1,PLAS2,0.77
2662,JP,JP,COMPU,ELE11,0.77
14513,JP,JP,RESEA,LUBRI,0.77
11182,JP,JP,OILSE,RENTI,0.77
14974,JP,JP,RUBBE,NONSP,0.76
1371,JP,JP,BRICK,PLAST,0.76
5635,JP,JP,FISH5,COKE1,0.76
12045,JP,JP,PIGS9,BEVER,0.76
13377,JP,JP,PUBLI,WOOD1,0.76
8922,JP,JP,LIQUE,RENTI,0.76
4464,JP,JP,ELEC3,PREC1,0.76
12618,JP,JP,POSTT,COALT,0.76
5272,JP,JP,ELECT,REFIN,0.76
5620,JP,JP,FISH5,ALUM1,0.76
15426,JP,JP,SEACO,STONE,0.76
16058,JP,JP,SUPPO,NFERT,0.76
5159,JP,JP,ELECT,BITU1,0.76
5961,JP,JP,FOOD2,RECRE,0.76
13176,JP,JP,PROCE,FISHF,0.76
14127,JP,JP,RECRE,LEATH,0.76
5997,JP,JP,FOOD3,CHEM1,0.76
14657,JP,JP,RETA1,INERT,0.76
15298,JP,JP,SANDC,WOODW,0.76
10951,JP,JP,OFFIC,OILHA,0.76
12969,JP,JP,PRECI,MACHI,0.75
5512,JP,JP,FINAN,FOOD3,0.75
168,JP,JP,AIRTR,CHEMI,0.75
1196,JP,JP,BITUM,SEACO,0.75
284,JP,JP,AIRTR,TEXT1,0.75
10054,JP,JP,MOTOR,CEMEN,0.75
18125,JP,JP,WOOLS,GASDI,0.75
3813,JP,JP,ELE11,FISH5,0.75
4641,JP,JP,ELEC4,TOBAC,0.75
12182,JP,JP,PLANT,LIQUE,0.75
12251,JP,JP,PLAS1,ELEC4,0.75
9188,JP,JP,MACHI,VEGET,0.75
17231,JP,JP,WASTE,INSUR,0.75
12348,JP,JP,PLAS1,TRANS,0.75
6176,JP,JP,FOOD4,NONME,0.75
4738,JP,JP,ELEC5,PAPE1,0.75
532,JP,JP,AUXIL,ANIMA,0.75
14150,JP,JP,RECRE,PADDY,0.75
4711,JP,JP,ELEC5,KEROS,0.75
15581,JP,JP,STEAM,COKE1,0.75
439,JP,JP,ANIMA,BEVER,0.75
9724,JP,JP,MEDIC,STEAM,0.75
3983,JP,JP,ELE12,MEMBE,0.74
10362,JP,JP,NATUR,POSTT,0.74
14383,JP,JP,RENTI,PAPE4,0.74
26,JP,JP,93197,COPP1,0.74
12631,JP,JP,POSTT,ELE11,0.74
10174,JP,JP,MOTOR,WEARI,0.74
12422,JP,JP,PLAS2,MOTO1,0.74
13797,JP,JP,RAWMI,AUXIL,0.74
4582,JP,JP,ELEC4,MEATP,0.74
9140,JP,JP,MACHI,OXYGE,0.74
14406,JP,JP,RENTI,REFIN,0.74
12545,JP,JP,PLAST,NONFE,0.74
9358,JP,JP,MEAT4,RETA1,0.74
8898,JP,JP,LIQUE,PAPE1,0.74
13438,JP,JP,PULP5,LEATH,0.74
5772,JP,JP,FISHF,ELEC4,0.74
14890,JP,JP,RUBBE,BIOG1,0.74
17183,JP,JP,WASTE,AUXIL,0.74
14293,JP,JP,RENTI,BITU1,0.74
11868,JP,JP,PETRO,ELEC1,0.74
2438,JP,JP,COKEO,MACHI,0.74
14769,JP,JP,RETAI,COKE1,0.74
2483,JP,JP,COLLE,BITU1,0.74
15419,JP,JP,SEACO,RETAI,0.74
16743,JP,JP,TRAN2,ELECT,0.73
2869,JP,JP,CONST,NATUR,0.73
1146,JP,JP,BITUM,COLLE,0.73
4921,JP,JP,ELEC6,TEXT1,0.73
12890,JP,JP,PREC1,FISHF,0.73
1716,JP,JP,CEMEN,NONSP,0.73
12696,JP,JP,POSTT,PAPE4,0.73
13452,JP,JP,PULP5,NONF1,0.73
11889,JP,JP,PETRO,LIQUE,0.73
646,JP,JP,AUXIL,REFI1,0.73
14813,JP,JP,RETAI,LEATH,0.73
8052,JP,JP,INSUR,WOOD1,0.73
3820,JP,JP,ELE11,FOUND,0.73
3136,JP,JP,CROPS,NONF1,0.73
5033,JP,JP,ELEC8,ELEC2,0.73
8082,JP,JP,INTER,DISTR,0.73
2281,JP,JP,COKE1,BEVER,0.73
7775,JP,JP,INERT,POSTT,0.73
17286,JP,JP,WASTE,RUBBE,0.73
10264,JP,JP,NAPHT,TOBAC,0.73
5137,JP,JP,ELEC8,TRAN2,0.73
3291,JP,JP,DAIRY,NONF1,0.73
14803,JP,JP,RETAI,GLASS,0.73
9581,JP,JP,MEATP,REFI1,0.73
11595,JP,JP,PAPE4,FOUND,0.73
6148,JP,JP,FOOD4,GASDI,0.72
16406,JP,JP,TEXTI,FINAN,0.72
7394,JP,JP,HEAVY,ANIMA,0.72
6775,JP,JP,FOUND,VEGET,0.72
2175,JP,JP,CHEMI,MEAT4,0.72
12794,JP,JP,POULT,FURNI,0.72
15998,JP,JP,SUPPO,COKEO,0.72
9553,JP,JP,MEATP,GLASS,0.72
13108,JP,JP,PRINT,REFIN,0.72
718,JP,JP,BASIC,DAIRY,0.72
7873,JP,JP,INLAN,PLANT,0.72
14982,JP,JP,RUBBE,PAPE4,0.72
11856,JP,JP,PETRO,CERAM,0.72
8006,JP,JP,INSUR,PIGS9,0.72
273,JP,JP,AIRTR,RETAI,0.72
15208,JP,JP,SANDC,COLLE,0.72
3684,JP,JP,EDUCA,ELEC8,0.72
5839,JP,JP,FISHF,RAILW,0.72
8861,JP,JP,LIQUE,FOODW,0.72
6602,JP,JP,FORES,NFERT,0.72
7416,JP,JP,HEAVY,COMPU,0.72
5118,JP,JP,ELEC8,RENTI,0.72
13545,JP,JP,RADIO,FISH5,0.72
14014,JP,JP,REALE,PLAS2,0.72
15029,JP,JP,RUBBE,WASTE,0.71
6270,JP,JP,FOOD5,ELEC6,0.71
15883,JP,JP,SUGA1,SUGA1,0.71
11029,JP,JP,OILHA,FOOD4,0.71
11641,JP,JP,PAPE4,RADIO,0.71
13994,JP,JP,REALE,NATUR,0.71
9497,JP,JP,MEATC,RENTI,0.71
170,JP,JP,AIRTR,COKE1,0.71
5882,JP,JP,FOOD2,CHEM1,0.71
4033,JP,JP,ELE12,STEAM,0.71
6995,JP,JP,GASDI,INLAN,0.71
8990,JP,JP,LUBRI,LIQUE,0.71
17773,JP,JP,WOOD1,HEAVY,0.71
11363,JP,JP,PADDY,NONF1,0.71
17022,JP,JP,VEGE1,PULP5,0.71
14871,JP,JP,RETAI,TRAN1,0.71
16106,JP,JP,SUPPO,TEXT2,0.71
17609,JP,JP,WHOLE,ELEC6,0.71
13493,JP,JP,PULP5,VEGE1,0.71
12473,JP,JP,PLAST,ANIMA,0.71
3785,JP,JP,ELE11,BEVER,0.71
16196,JP,JP,TEXT1,MEDIC,0.71
13659,JP,JP,RAILW,CATTL,0.71
5427,JP,JP,FABRI,REFI1,0.71
14578,JP,JP,RESEA,TOBAC,0.70
409,JP,JP,ALUM1,RETA1,0.70
1045,JP,JP,BIOG1,WHOLE,0.70
13666,JP,JP,RAILW,COALT,0.70
452,JP,JP,ANIMA,DAIRY,0.70
16900,JP,JP,TRANS,SANDC,0.70
3881,JP,JP,ELE11,RENTI,0.70
9732,JP,JP,MEDIC,TOBAC,0.70
6970,JP,JP,GASDI,ELEC1,0.70
12438,JP,JP,PLAS2,POSTT,0.70
2127,JP,JP,CHEMI,BRICK,0.70
11039,JP,JP,OILHA,HEAVY,0.70
354,JP,JP,ALUM1,HEALT,0.70
6652,JP,JP,FORES,TOBAC,0.70
3049,JP,JP,COPP1,WEARI,0.70
10512,JP,JP,NONF1,COKEO,0.70
9801,JP,JP,MEMBE,HEAVY,0.70
17107,JP,JP,VEGET,HEAVY,0.70
10864,JP,JP,NONSP,LEAD1,0.70
7051,JP,JP,GASDI,REFI1,0.70
7721,JP,JP,INERT,ELEC1,0.70
8344,JP,JP,KERO1,TEXT1,0.70
13119,JP,JP,PRINT,STONE,0.70
9759,JP,JP,MEMBE,CERAM,0.70
862,JP,JP,BEVER,ELEC3,0.70
6412,JP,JP,FOODW,ELEC6,0.70
16709,JP,JP,TRAN1,WASTE,0.70
11442,JP,JP,PAPE1,ELEC6,0.70
11328,JP,JP,PADDY,ELECT,0.70
4712,JP,JP,ELEC5,LANDT,0.70
7971,JP,JP,INSUR,KERO1,0.69
4442,JP,JP,ELEC3,NATUR,0.69
525,JP,JP,ANIMA,WASTE,0.69
5303,JP,JP,ELECT,WOOD2,0.69
13498,JP,JP,PULP5,WOOD1,0.69
2969,JP,JP,COPP1,ELEC1,0.69
3239,JP,JP,DAIRY,COLLE,0.69
4726,JP,JP,ELEC5,NAPHT,0.69
2377,JP,JP,COKE1,SECO9,0.69
17477,JP,JP,WHEAT,FOOD5,0.69
11402,JP,JP,PADDY,WOOD1,0.69
5739,JP,JP,FISH5,WOOD2,0.69
12428,JP,JP,PLAS2,OFFIC,0.69
2449,JP,JP,COKEO,PFERT,0.69
1349,JP,JP,BRICK,FURNI,0.69
4715,JP,JP,ELEC5,LIQUE,0.69
9810,JP,JP,MEMBE,LEATH,0.69
14143,JP,JP,RECRE,NONF1,0.69
16124,JP,JP,TEXT1,AIRTR,0.69
5948,JP,JP,FOOD2,PLAS2,0.69
7287,JP,JP,HEALT,FOOD3,0.69
10890,JP,JP,NONSP,REFIN,0.69
889,JP,JP,BEVER,MEAT1,0.69
2724,JP,JP,COMPU,OXYGE,0.69
15330,JP,JP,SEACO,DIST1,0.69
14012,JP,JP,REALE,PIGS9,0.69
10197,JP,JP,NAPHT,COLLE,0.69
11690,JP,JP,PAPER,COALT,0.69
14375,JP,JP,RENTI,NONSP,0.68
13845,JP,JP,RAWMI,KERO1,0.68
11356,JP,JP,PADDY,MEDIC,0.68
5819,JP,JP,FISHF,OILHA,0.68
104,JP,JP,93197,POULT,0.68
3124,JP,JP,CROPS,MEAT1,0.68
17899,JP,JP,WOOD2,FURNI,0.68
12096,JP,JP,PIGS9,MEMBE,0.68
16215,JP,JP,TEXT1,PFERT,0.68
12829,JP,JP,POULT,PRINT,0.68
16436,JP,JP,TEXTI,MEATC,0.68
14460,JP,JP,RESEA,CHEMI,0.68
14745,JP,JP,RETA1,WHITE,0.68
1070,JP,JP,BITU1,ELE12,0.68
12064,JP,JP,PIGS9,ELE12,0.68
12384,JP,JP,PLAS2,ELEC1,0.68
16935,JP,JP,VEGE1,BITU1,0.68
9725,JP,JP,MEDIC,STONE,0.68
4465,JP,JP,ELEC3,PRECI,0.68
12195,JP,JP,PLANT,PAPER,0.68
528,JP,JP,ANIMA,WOOLS,0.68
1549,JP,JP,CATTL,ALUM1,0.68
11377,JP,JP,PADDY,PREC1,0.68
14029,JP,JP,REALE,REFI1,0.68
1576,JP,JP,CATTL,ELECT,0.68
3011,JP,JP,COPP1,OILHA,0.68
3242,JP,JP,DAIRY,COPP1,0.68
10819,JP,JP,NONME,WHITE,0.68
4152,JP,JP,ELEC1,PAPE4,0.68
8088,JP,JP,INTER,ELEC3,0.67
3925,JP,JP,ELE12,CHEMI,0.67
1718,JP,JP,CEMEN,OILHA,0.67
1543,JP,JP,BUSIN,WHITE,0.67
10439,JP,JP,NFERT,GLASS,0.67
2705,JP,JP,COMPU,MEATA,0.67
10939,JP,JP,OFFIC,LEAD1,0.67
6668,JP,JP,FOUND,BEVER,0.67
15169,JP,JP,SALEM,STONE,0.67
2284,JP,JP,COKE1,BRICK,0.67
15430,JP,JP,SEACO,TEXT1,0.67
403,JP,JP,ALUM1,RAWMI,0.67
9974,JP,JP,MOTO1,NONFE,0.67
6966,JP,JP,GASDI,DIST1,0.67
15628,JP,JP,STEAM,MEAT1,0.67
4427,JP,JP,ELEC3,LEATH,0.67
1602,JP,JP,CATTL,MEDIC,0.67
11153,JP,JP,OILSE,KERO1,0.67
14140,JP,JP,RECRE,NAPHT,0.67
10147,JP,JP,MOTOR,REALE,0.67
3207,JP,JP,CRUDE,LIQUE,0.67
4894,JP,JP,ELEC6,PREC1,0.67
17771,JP,JP,WOOD1,GLASS,0.67
15277,JP,JP,SANDC,RETA1,0.67
9228,JP,JP,MEAT1,GLASS,0.67
11657,JP,JP,PAPE4,SUPPO,0.67
9024,JP,JP,LUBRI,REFI1,0.67
5084,JP,JP,ELEC8,NONFE,0.67
12218,JP,JP,PLAS1,AIRTR,0.67
11451,JP,JP,PAPE1,FOOD4,0.67
9894,JP,JP,MOTO1,BITU1,0.67
14385,JP,JP,RENTI,PARAF,0.67
5638,JP,JP,FISH5,COMPU,0.66
9155,JP,JP,MACHI,PRECI,0.66
11256,JP,JP,OXYGE,NONME,0.66
11336,JP,JP,PADDY,FOUND,0.66
8877,JP,JP,LIQUE,LEATH,0.66
15592,JP,JP,STEAM,ELE11,0.66
13390,JP,JP,PULP5,CATTL,0.66
8747,JP,JP,LEATH,LIQUE,0.66
7928,JP,JP,INSUR,COKE1,0.66
15857,JP,JP,SUGA1,PAPE1,0.66
1064,JP,JP,BITU1,COPP1,0.66
12262,JP,JP,PLAS1,FOOD4,0.66
2130,JP,JP,CHEMI,CEMEN,0.66
10681,JP,JP,NONFE,TEXTI,0.66
15615,JP,JP,STEAM,HEAVY,0.66
17529,JP,JP,WHITE,BASIC,0.66
189,JP,JP,AIRTR,ELEC6,0.66
7861,JP,JP,INLAN,MEDIC,0.66
14390,JP,JP,RENTI,PLAS2,0.66
4010,JP,JP,ELE12,POULT,0.66
12309,JP,JP,PLAS1,PFERT,0.66
15726,JP,JP,STONE,FISHF,0.66
11668,JP,JP,PAPE4,WOODW,0.66
1931,JP,JP,CEREA,OILSE,0.66
14847,JP,JP,RETAI,PROCE,0.66
14570,JP,JP,RESEA,STEAM,0.66
6104,JP,JP,FOOD4,AUXIL,0.66
11929,JP,JP,PFERT,BRICK,0.66
15124,JP,JP,SALEM,NATUR,0.65
2619,JP,JP,COLLE,WASTE,0.65
14017,JP,JP,REALE,POULT,0.65
12894,JP,JP,PREC1,FOODW,0.65
16725,JP,JP,TRAN2,BUSIN,0.65
16668,JP,JP,TRAN1,PLAS2,0.65
12582,JP,JP,PLAST,TEXT2,0.65
7662,JP,JP,HOTEL,REFIN,0.65
6644,JP,JP,FORES,STEAM,0.65
7972,JP,JP,INSUR,KEROS,0.65
10411,JP,JP,NFERT,COKE1,0.65
454,JP,JP,ANIMA,DISTR,0.65
6174,JP,JP,FOOD4,NONF1,0.65
4757,JP,JP,ELEC5,RAWMI,0.65
15917,JP,JP,SUGAR,ELECT,0.65
17881,JP,JP,WOOD2,EDUCA,0.65
13302,JP,JP,PUBLI,INTER,0.65
10783,JP,JP,NONME,PLAS2,0.65
16076,JP,JP,SUPPO,PLAS2,0.65
3278,JP,JP,DAIRY,LEATH,0.65
17742,JP,JP,WOOD1,CROPS,0.65
8150,JP,JP,INTER,PREC1,0.65
2494,JP,JP,COLLE,COALT,0.65
12839,JP,JP,POULT,RETAI,0.65
17221,JP,JP,WASTE,FOOD5,0.65
2729,JP,JP,COMPU,PARAF,0.65
9320,JP,JP,MEAT4,HOTEL,0.65
12852,JP,JP,POULT,VEGE1,0.65
6368,JP,JP,FOOD5,WASTE,0.65
10255,JP,JP,NAPHT,RADIO,0.65
6065,JP,JP,FOOD3,POSTT,0.65
8422,JP,JP,KEROS,WHITE,0.65
1710,JP,JP,CEMEN,NATU1,0.65
1286,JP,JP,BLAST,PREC1,0.65
683,JP,JP,AVIAT,PUBLI,0.65
13283,JP,JP,PUBLI,FISH5,0.65
9999,JP,JP,MOTO1,PROCE,0.65
6887,JP,JP,FURNI,PIGS9,0.65
6594,JP,JP,FORES,MEATP,0.65
10381,JP,JP,NATUR,STEAM,0.65
8991,JP,JP,LUBRI,LUBRI,0.65
11637,JP,JP,PAPE4,PRINT,0.65
11037,JP,JP,OILHA,GLASS,0.65
8943,JP,JP,LIQUE,WEARI,0.65
12084,JP,JP,PIGS9,HEALT,0.65
3186,JP,JP,CROPS,TRAN1,0.65
10764,JP,JP,NONME,MOTOR,0.65
6106,JP,JP,FOOD4,BEVER,0.65
12804,JP,JP,POULT,LEATH,0.65
4530,JP,JP,ELEC4,COKEO,0.65
9584,JP,JP,MEATP,RETAI,0.64
8318,JP,JP,KERO1,PREC1,0.64
8246,JP,JP,KERO1,ELE12,0.64
418,JP,JP,ALUM1,TEXT1,0.64
6470,JP,JP,FOODW,PIGS9,0.64
11503,JP,JP,PAPE1,PIGS9,0.64
11950,JP,JP,PFERT,ELE12,0.64
10154,JP,JP,MOTOR,RETAI,0.64
7562,JP,JP,HOTEL,COKEO,0.64
987,JP,JP,BIOG1,FOOD5,0.64
16120,JP,JP,SUPPO,WOOD2,0.64
13179,JP,JP,PROCE,FOODW,0.64
7029,JP,JP,GASDI,PAPE4,0.64
17001,JP,JP,VEGE1,NONF1,0.64
15965,JP,JP,SUGAR,SEACO,0.64
7832,JP,JP,INLAN,FINAN,0.64
13846,JP,JP,RAWMI,KEROS,0.64
3104,JP,JP,CROPS,FOUND,0.64
10902,JP,JP,OFFIC,BEVER,0.64
17711,JP,JP,WHOLE,WHEAT,0.64
8884,JP,JP,LIQUE,MEATP,0.64
6047,JP,JP,FOOD3,MEDIC,0.64
12756,JP,JP,POULT,BASIC,0.64
17591,JP,JP,WHOLE,COKE1,0.64
14182,JP,JP,RECRE,SANDC,0.64
14994,JP,JP,RUBBE,PRECI,0.63
16446,JP,JP,TEXTI,NONFE,0.63
2637,JP,JP,COMPU,BITU1,0.63
12571,JP,JP,PLAST,REFIN,0.63
6539,JP,JP,FORES,COKE1,0.63
2982,JP,JP,COPP1,FOOD5,0.63
4542,JP,JP,ELEC4,ELEC1,0.63
11587,JP,JP,PAPE4,FINAN,0.63
13456,JP,JP,PULP5,OILHA,0.63
13681,JP,JP,RAILW,ELEC2,0.63
11415,JP,JP,PAPE1,BRICK,0.63
10876,JP,JP,NONSP,NONSP,0.63
11008,JP,JP,OILHA,CROPS,0.63
16654,JP,JP,TRAN1,NONSP,0.63
3895,JP,JP,ELE11,TEXTI,0.63
8938,JP,JP,LIQUE,TRAN1,0.63
11860,JP,JP,PETRO,CONST,0.63
8081,JP,JP,INTER,DIST1,0.63
6385,JP,JP,FOODW,BRICK,0.63
960,JP,JP,BIOG1,BUSIN,0.63
946,JP,JP,BEVER,VEGE1,0.63
4517,JP,JP,ELEC4,BITU1,0.63
5611,JP,JP,FINAN,WHEAT,0.63
3215,JP,JP,CRUDE,REFI1,0.63
17276,JP,JP,WASTE,RAILW,0.63
13981,JP,JP,REALE,LUBRI,0.63
13957,JP,JP,REALE,FOOD3,0.63
12788,JP,JP,POULT,FISHF,0.63
9548,JP,JP,MEATP,FOOD4,0.63
4284,JP,JP,ELEC2,MEATA,0.63
16014,JP,JP,SUPPO,ELEC5,0.63
17437,JP,JP,WEARI,STEAM,0.63
4871,JP,JP,ELEC6,NATUR,0.63
6072,JP,JP,FOOD3,RADIO,0.63
8312,JP,JP,KERO1,PIGS9,0.63
10465,JP,JP,NFERT,PAPER,0.63
9162,JP,JP,MACHI,RAWMI,0.63
11154,JP,JP,OILSE,KEROS,0.63
15095,JP,JP,SALEM,GASWO,0.63
708,JP,JP,BASIC,CHEMI,0.62
5934,JP,JP,FOOD2,MOTO1,0.62
13077,JP,JP,PRINT,NONSP,0.62
1053,JP,JP,BITU1,BITU1,0.62
5653,JP,JP,FISH5,ELEC8,0.62
10955,JP,JP,OFFIC,PLAS1,0.62
4623,JP,JP,ELEC4,REFIN,0.62
75,JP,JP,93197,MEATC,0.62
5401,JP,JP,FABRI,OILSE,0.62
10418,JP,JP,NFERT,DISTR,0.62
9300,JP,JP,MEAT4,ELEC2,0.62
10654,JP,JP,NONFE,FURNI,0.62
14900,JP,JP,RUBBE,CEREA,0.62
7466,JP,JP,HEAVY,MEATP,0.62
2569,JP,JP,COLLE,OXYGE,0.62
17884,JP,JP,WOOD2,ELEC2,0.62
17851,JP,JP,WOOD1,VEGET,0.62
9463,JP,JP,MEATC,FOOD4,0.62
17381,JP,JP,WEARI,MEAT1,0.62
8744,JP,JP,LEATH,LANDT,0.62
4744,JP,JP,ELEC5,PIGS9,0.62
12052,JP,JP,PIGS9,CERAM,0.62
11968,JP,JP,PFERT,GASWO,0.62
9682,JP,JP,MEDIC,NFERT,0.62
399,JP,JP,ALUM1,PUBLI,0.62
4895,JP,JP,ELEC6,PRECI,0.62
16747,JP,JP,TRAN2,FOODW,0.62
5161,JP,JP,ELECT,BLAST,0.62
8731,JP,JP,LEATH,FORES,0.62
16601,JP,JP,TRAN1,ELEC1,0.62
5744,JP,JP,FISHF,AUXIL,0.61
7370,JP,JP,HEALT,STONE,0.61
5784,JP,JP,FISHF,FOODW,0.61
5002,JP,JP,ELEC8,AUXIL,0.61
7672,JP,JP,HOTEL,STEAM,0.61
15826,JP,JP,SUGA1,FINAN,0.61
8126,JP,JP,INTER,MEDIC,0.61
5950,JP,JP,FOOD2,POSTT,0.61
15890,JP,JP,SUGA1,VEGE1,0.61
12390,JP,JP,PLAS2,ELECT,0.61
1162,JP,JP,BITUM,LANDT,0.61
14246,JP,JP,REFIN,BITU1,0.61
8223,JP,JP,KERO1,BITU1,0.61
11117,JP,JP,OILHA,VEGET,0.61
8127,JP,JP,INTER,MEMBE,0.61
1312,JP,JP,BLAST,VEGE1,0.61
7782,JP,JP,INERT,RADIO,0.61
2750,JP,JP,COMPU,REFIN,0.61
1009,JP,JP,BIOG1,NONF1,0.61
3833,JP,JP,ELE11,LEAD1,0.61
17138,JP,JP,VEGET,PIGS9,0.61
3208,JP,JP,CRUDE,LUBRI,0.61
4856,JP,JP,ELEC6,LEATH,0.61
12888,JP,JP,PREC1,FINAN,0.61
14046,JP,JP,REALE,TEXT2,0.61
3694,JP,JP,EDUCA,FOODW,0.61
10259,JP,JP,NAPHT,RUBBE,0.61
894,JP,JP,BEVER,MEDIC,0.61
6011,JP,JP,FOOD3,ELEC1,0.61
3305,JP,JP,DAIRY,PLAS2,0.61
9667,JP,JP,MEDIC,LEAD1,0.61
15178,JP,JP,SALEM,TRAN2,0.61
10562,JP,JP,NONF1,MEATC,0.61
16178,JP,JP,TEXT1,HEAVY,0.61
279,JP,JP,AIRTR,STEAM,0.61
15061,JP,JP,SALEM,COKEO,0.60
842,JP,JP,BEVER,BUSIN,0.60
7737,JP,JP,INERT,FOUND,0.60
14437,JP,JP,RENTI,WOOD2,0.60
5752,JP,JP,FISHF,CEMEN,0.60
5539,JP,JP,FINAN,MEAT4,0.60
14422,JP,JP,RENTI,TEXT2,0.60
9199,JP,JP,MEAT1,AIRTR,0.60
16803,JP,JP,TRANS,BEVER,0.60
10585,JP,JP,NONF1,PIGS9,0.60
13083,JP,JP,PRINT,PADDY,0.60
12922,JP,JP,PREC1,PAPE1,0.60
9474,JP,JP,MEATC,MACHI,0.60
13610,JP,JP,RADIO,RAWMI,0.60
18089,JP,JP,WOODW,SECO9,0.60
14237,JP,JP,REFI1,PETRO,0.60
3873,JP,JP,ELE11,PULP5,0.60
3261,JP,JP,DAIRY,FOOD2,0.60
3232,JP,JP,DAIRY,CERAM,0.60
5896,JP,JP,FOOD2,ELEC1,0.60
8501,JP,JP,LANDT,MEAT4,0.60
513,JP,JP,ANIMA,RETA1,0.60
17825,JP,JP,WOOD1,RAWMI,0.60
7484,JP,JP,HEAVY,PAPE4,0.60
9874,JP,JP,MEMBE,TRAN1,0.60
8777,JP,JP,LEATH,PREC1,0.59
9787,JP,JP,MEMBE,FISH5,0.59
16663,JP,JP,TRAN1,PARAF,0.59
12703,JP,JP,POSTT,PLAS2,0.59
8910,JP,JP,LIQUE,PREC1,0.59
16395,JP,JP,TEXTI,DISTR,0.59
16494,JP,JP,TEXTI,TRAN2,0.59
7935,JP,JP,INSUR,DAIRY,0.59
10535,JP,JP,NONF1,FISH5,0.59
4205,JP,JP,ELEC1,WOOD2,0.59
10884,JP,JP,NONSP,PREC1,0.59
9465,JP,JP,MEATC,FOODW,0.59
17181,JP,JP,WASTE,ALUM1,0.59
1061,JP,JP,BITU1,COKEO,0.59
13730,JP,JP,RAILW,NONFE,0.59
2562,JP,JP,COLLE,NONFE,0.59
10091,JP,JP,MOTOR,HEAVY,0.59
12511,JP,JP,PLAST,FISHF,0.59
11186,JP,JP,OILSE,SALEM,0.59
12272,JP,JP,PLAS1,HEAVY,0.59
2388,JP,JP,COKE1,VEGE1,0.59
6571,JP,JP,FORES,FOUND,0.59
14060,JP,JP,REALE,WOOD2,0.59
4667,JP,JP,ELEC5,CATTL,0.59
4443,JP,JP,ELEC3,NFERT,0.59
6102,JP,JP,FOOD4,ALUM1,0.59
8876,JP,JP,LIQUE,LEAD1,0.59
12780,JP,JP,POULT,ELEC2,0.59
710,JP,JP,BASIC,COKE1,0.59
14783,JP,JP,RETAI,ELEC3,0.59
1556,JP,JP,CATTL,BUSIN,0.59
15878,JP,JP,SUGA1,SALEM,0.59
4199,JP,JP,ELEC1,WASTE,0.59
13219,JP,JP,PROCE,RAWMI,0.59
4935,JP,JP,ELEC6,WOOD1,0.59
13204,JP,JP,PROCE,PAPE1,0.59
10909,JP,JP,OFFIC,CERAM,0.59
13272,JP,JP,PUBLI,ELE12,0.59
1925,JP,JP,CEREA,MEMBE,0.59
1833,JP,JP,CERAM,NONF1,0.58
17874,JP,JP,WOOD2,COMPU,0.58
436,JP,JP,ANIMA,ALUM1,0.58
14763,JP,JP,RETAI,CEMEN,0.58
2223,JP,JP,CHEMI,WOODW,0.58
15276,JP,JP,SANDC,RESEA,0.58
11849,JP,JP,PARAF,RUBBE,0.58
1132,JP,JP,BITU1,TRANS,0.58
7685,JP,JP,HOTEL,VEGET,0.58
9043,JP,JP,LUBRI,WOOD1,0.58
12659,JP,JP,POSTT,INERT,0.58
7630,JP,JP,HOTEL,NONSP,0.58
5775,JP,JP,FISHF,ELECT,0.58
16772,JP,JP,TRAN2,PAPE1,0.58
6027,JP,JP,FOOD3,FOUND,0.58
2792,JP,JP,CONST,BITU1,0.58
3812,JP,JP,ELE11,FINAN,0.58
11703,JP,JP,PAPER,ELE11,0.58
4784,JP,JP,ELEC5,WEARI,0.58
5314,JP,JP,FABRI,BIOG1,0.58
604,JP,JP,AUXIL,MEATA,0.58
6927,JP,JP,FURNI,VEGE1,0.58
8038,JP,JP,INSUR,TEXT1,0.58
2274,JP,JP,COALT,TRANS,0.58
16597,JP,JP,TRAN1,DIST1,0.58
5640,JP,JP,FISH5,COPP1,0.58
8679,JP,JP,LEAD1,WEARI,0.58
5241,JP,JP,ELECT,NONSP,0.58
11091,JP,JP,OILHA,RAWMI,0.58
13564,JP,JP,RADIO,KERO1,0.58
1159,JP,JP,BITUM,HOTEL,0.58
4679,JP,JP,ELEC5,CROPS,0.58
13214,JP,JP,PROCE,PRINT,0.58
17494,JP,JP,WHEAT,MEMBE,0.58
15940,JP,JP,SUGAR,MEDIC,0.58
2212,JP,JP,CHEMI,SUPPO,0.58
8844,JP,JP,LIQUE,ELE12,0.58
539,JP,JP,AUXIL,BLAST,0.58
15959,JP,JP,SUGAR,RENTI,0.58
7813,JP,JP,INLAN,BASIC,0.58
13092,JP,JP,PRINT,PLAS2,0.57
2574,JP,JP,COLLE,PARAF,0.57
909,JP,JP,BEVER,PIGS9,0.57
14454,JP,JP,RESEA,CATTL,0.57
9327,JP,JP,MEAT4,MEAT4,0.57
848,JP,JP,BEVER,COKE1,0.57
4543,JP,JP,ELEC4,ELEC2,0.57
14004,JP,JP,REALE,OXYGE,0.57
5711,JP,JP,FISH5,RECRE,0.57
15115,JP,JP,SALEM,MEATA,0.57
3731,JP,JP,EDUCA,PAPE1,0.57
3909,JP,JP,ELE12,AIRTR,0.57
1608,JP,JP,CATTL,NONF1,0.57
1066,JP,JP,BITU1,DIST1,0.57
12821,JP,JP,POULT,PAPER,0.57
10378,JP,JP,NATUR,SALEM,0.57
3266,JP,JP,DAIRY,FOUND,0.57
10008,JP,JP,MOTO1,REFIN,0.57
3370,JP,JP,DIST1,COKEO,0.57
4643,JP,JP,ELEC4,TRAN2,0.57
11852,JP,JP,PETRO,BASIC,0.57
2211,JP,JP,CHEMI,SUGA1,0.57
15862,JP,JP,SUGA1,PLAS2,0.57
16176,JP,JP,TEXT1,GLASS,0.57
8290,JP,JP,KERO1,MEATP,0.57
5212,JP,JP,ELECT,INERT,0.57
7996,JP,JP,INSUR,OILHA,0.57
5685,JP,JP,FISH5,NONF1,0.57
16116,JP,JP,SUPPO,WHEAT,0.57
1653,JP,JP,CEMEN,BUSIN,0.57
748,JP,JP,BASIC,HEAVY,0.57
7537,JP,JP,HEAVY,WOOD2,0.57
8723,JP,JP,LEATH,FINAN,0.57
8526,JP,JP,LANDT,PARAF,0.57
84,JP,JP,93197,NFERT,0.57
15059,JP,JP,SALEM,COALT,0.57
7464,JP,JP,HEAVY,MEATA,0.57
16533,JP,JP,TOBAC,FOODW,0.57
4154,JP,JP,ELEC1,PARAF,0.57
12400,JP,JP,PLAS2,FOUND,0.57
6870,JP,JP,FURNI,NFERT,0.57
2121,JP,JP,CHEMI,ALUM1,0.57
911,JP,JP,BEVER,PLAS2,0.56
10332,JP,JP,NATUR,LUBRI,0.56
16304,JP,JP,TEXT2,FURNI,0.56
13188,JP,JP,PROCE,INSUR,0.56
11331,JP,JP,PADDY,FISHF,0.56
15818,JP,JP,SUGA1,ELEC2,0.56
2921,JP,JP,CONST,TEXT2,0.56
11552,JP,JP,PAPE4,93197,0.56
7531,JP,JP,HEAVY,WASTE,0.56
1032,JP,JP,BIOG1,RUBBE,0.56
16490,JP,JP,TEXTI,TEXT2,0.56
13595,JP,JP,RADIO,PFERT,0.56
22,JP,JP,93197,COKEO,0.56
5796,JP,JP,FISHF,INTER,0.56
13145,JP,JP,PROCE,AUXIL,0.56
17931,JP,JP,WOOD2,PLAS2,0.56
13180,JP,JP,PROCE,FORES,0.56
16147,JP,JP,TEXT1,CROPS,0.56
14236,JP,JP,REFI1,PARAF,0.56
10454,JP,JP,NFERT,MEMBE,0.56
15733,JP,JP,STONE,FURNI,0.56
5940,JP,JP,FOOD2,OFFIC,0.56
10103,JP,JP,MOTOR,LIQUE,0.56
11242,JP,JP,OXYGE,LIQUE,0.56
8616,JP,JP,LEAD1,FISHF,0.56
11654,JP,JP,PAPE4,SEACO,0.56
489,JP,JP,ANIMA,MEDIC,0.56
12757,JP,JP,POULT,BEVER,0.56
7988,JP,JP,INSUR,NAPHT,0.56
7491,JP,JP,HEAVY,PLAS2,0.55
16955,JP,JP,VEGE1,DISTR,0.55
7809,JP,JP,INERT,WOODW,0.55
8280,JP,JP,KERO1,LANDT,0.55
9003,JP,JP,LUBRI,OILHA,0.55
3629,JP,JP,DISTR,SUGAR,0.55
1734,JP,JP,CEMEN,PULP5,0.55
13369,JP,JP,PUBLI,TRAN1,0.55
15443,JP,JP,SEACO,WOOD1,0.55
3130,JP,JP,CROPS,MEMBE,0.55
510,JP,JP,ANIMA,RECRE,0.55
10202,JP,JP,NAPHT,EDUCA,0.55
6619,JP,JP,FORES,PLAS1,0.55
8297,JP,JP,KERO1,NFERT,0.55
462,JP,JP,ANIMA,ELECT,0.55
4752,JP,JP,ELEC5,PROCE,0.55
15385,JP,JP,SEACO,NONFE,0.55
17927,JP,JP,WOOD2,PAPER,0.55
12201,JP,JP,PLANT,PRINT,0.55
6099,JP,JP,FOOD3,WOODW,0.55
3113,JP,JP,CROPS,INSUR,0.55
8658,JP,JP,LEAD1,PUBLI,0.55
14571,JP,JP,RESEA,STONE,0.55
12919,JP,JP,PREC1,NUCLE,0.55
6421,JP,JP,FOODW,FOOD4,0.55
6624,JP,JP,FORES,PRECI,0.55
7778,JP,JP,INERT,PRINT,0.55
12270,JP,JP,PLAS1,GLASS,0.55
9361,JP,JP,MEAT4,SALEM,0.55
5821,JP,JP,FISHF,PAPE1,0.55
15285,JP,JP,SANDC,SUPPO,0.55
3543,JP,JP,DISTR,FOOD3,0.55
2170,JP,JP,CHEMI,LEATH,0.55
3311,JP,JP,DAIRY,PROCE,0.55
12445,JP,JP,PLAS2,RADIO,0.55
5008,JP,JP,ELEC8,BLAST,0.55
17252,JP,JP,WASTE,NONF1,0.55
7798,JP,JP,INERT,SUPPO,0.55
6068,JP,JP,FOOD3,PRINT,0.55
6595,JP,JP,FORES,MEDIC,0.55
12138,JP,JP,PIGS9,TOBAC,0.55
2564,JP,JP,COLLE,NONSP,0.54
10431,JP,JP,NFERT,FISH5,0.54
8676,JP,JP,LEAD1,VEGE1,0.54
16832,JP,JP,TRANS,FINAN,0.54
5709,JP,JP,FISH5,RAWMI,0.54
8358,JP,JP,KERO1,WOOD1,0.54
943,JP,JP,BEVER,TRAN1,0.54
6581,JP,JP,FORES,INTER,0.54
18084,JP,JP,WOODW,RETAI,0.54
7202,JP,JP,GLASS,PROCE,0.54
4429,JP,JP,ELEC3,LUBRI,0.54
7140,JP,JP,GLASS,ELEC2,0.54
15389,JP,JP,SEACO,OILHA,0.54
17095,JP,JP,VEGET,FISH5,0.54
1759,JP,JP,CEMEN,WHITE,0.54
10963,JP,JP,OFFIC,RADIO,0.54
12130,JP,JP,PIGS9,SANDC,0.54
1665,JP,JP,CEMEN,CROPS,0.54
1248,JP,JP,BLAST,GLASS,0.54
11974,JP,JP,PFERT,KERO1,0.54
13859,JP,JP,RAWMI,NAPHT,0.54
551,JP,JP,AUXIL,COKEO,0.54
12745,JP,JP,POSTT,WHEAT,0.54
15148,JP,JP,SALEM,PRECI,0.54
12241,JP,JP,PLAS1,CROPS,0.54
12012,JP,JP,PFERT,RADIO,0.54
14519,JP,JP,RESEA,MEATP,0.54
11738,JP,JP,PAPER,KEROS,0.54
10429,JP,JP,NFERT,ELECT,0.54
15841,JP,JP,SUGA1,LANDT,0.54
14259,JP,JP,REFIN,ELEC5,0.54
7077,JP,JP,GASDI,WASTE,0.54
4512,JP,JP,ELEC4,AUXIL,0.54
14081,JP,JP,RECRE,COKE1,0.54
13565,JP,JP,RADIO,KEROS,0.54
13265,JP,JP,PUBLI,COPP1,0.54
16286,JP,JP,TEXT2,EDUCA,0.54
17379,JP,JP,WEARI,LUBRI,0.54
9234,JP,JP,MEAT1,MACHI,0.54
15347,JP,JP,SEACO,FOOD4,0.54
13677,JP,JP,RAILW,DISTR,0.54
13483,JP,JP,PULP5,STEAM,0.54
14852,JP,JP,RETAI,RECRE,0.54
10055,JP,JP,MOTOR,CERAM,0.53
17029,JP,JP,VEGE1,REFIN,0.53
1160,JP,JP,BITUM,KERO1,0.53
15267,JP,JP,SANDC,PRINT,0.53
15086,JP,JP,SALEM,FOOD2,0.53
13655,JP,JP,RAILW,BITU1,0.53
4342,JP,JP,ELEC2,SUGAR,0.53
12060,JP,JP,PIGS9,DAIRY,0.53
8983,JP,JP,LUBRI,HOTEL,0.53
10499,JP,JP,NONF1,BITU1,0.53
15732,JP,JP,STONE,FOUND,0.53
4872,JP,JP,ELEC6,NFERT,0.53
772,JP,JP,BASIC,NATUR,0.53
3396,JP,JP,DIST1,FOOD3,0.53
17090,JP,JP,VEGET,ELEC4,0.53
13355,JP,JP,PUBLI,RETAI,0.53
280,JP,JP,AIRTR,STONE,0.53
16256,JP,JP,TEXT1,VEGET,0.53
6856,JP,JP,FURNI,LUBRI,0.53
11166,JP,JP,OILSE,NAPHT,0.53
5047,JP,JP,ELEC8,FOODW,0.53
30,JP,JP,93197,DIST1,0.53
162,JP,JP,AIRTR,CATTL,0.53
7729,JP,JP,INERT,FINAN,0.53
10347,JP,JP,NATUR,NONME,0.53
15632,JP,JP,STEAM,MEATP,0.53
15942,JP,JP,SUGAR,MOTO1,0.53
13020,JP,JP,PRINT,ELE11,0.53
17389,JP,JP,WEARI,MOTOR,0.53
12460,JP,JP,PLAS2,SUPPO,0.53
3030,JP,JP,COPP1,RECRE,0.53
11652,JP,JP,PAPE4,SALEM,0.53
12524,JP,JP,PLAST,HOTEL,0.53
765,JP,JP,BASIC,MEATP,0.53
6743,JP,JP,FOUND,PLAS2,0.53
8717,JP,JP,LEATH,ELEC4,0.52
7991,JP,JP,INSUR,NONF1,0.52
10741,JP,JP,NONME,GASDI,0.52
8202,JP,JP,IRONO,MACHI,0.52
16788,JP,JP,TRAN2,SALEM,0.52
6050,JP,JP,FOOD3,MOTOR,0.52
15559,JP,JP,SECO9,WOOD2,0.52
1038,JP,JP,BIOG1,TEXTI,0.52
18032,JP,JP,WOODW,LIQUE,0.52
14074,JP,JP,RECRE,CATTL,0.52
11984,JP,JP,PFERT,MEATC,0.52
3196,JP,JP,CROPS,WOOD2,0.52
7135,JP,JP,GLASS,DIST1,0.52
8792,JP,JP,LEATH,SALEM,0.52
942,JP,JP,BEVER,TOBAC,0.52
4592,JP,JP,ELEC4,NONFE,0.52
17355,JP,JP,WEARI,FOOD2,0.52
18012,JP,JP,WOODW,FOOD4,0.52
5086,JP,JP,ELEC8,NONSP,0.52
15889,JP,JP,SUGA1,TRANS,0.52
682,JP,JP,AVIAT,MEMBE,0.52
7843,JP,JP,INLAN,HEALT,0.52
18029,JP,JP,WOODW,LANDT,0.52
9223,JP,JP,MEAT1,FOOD4,0.52
1385,JP,JP,BRICK,TEXTI,0.52
9259,JP,JP,MEAT1,SEACO,0.52
4245,JP,JP,ELEC2,ELEC3,0.52
17150,JP,JP,VEGET,RAILW,0.52
15204,JP,JP,SANDC,CHEM1,0.52
4256,JP,JP,ELEC2,FOOD3,0.52
14582,JP,JP,RESEA,VEGE1,0.52
575,JP,JP,AUXIL,FOOD2,0.52
12862,JP,JP,PREC1,BEVER,0.52
16289,JP,JP,TEXT2,ELEC2,0.52
12350,JP,JP,PLAS1,VEGET,0.52
15863,JP,JP,SUGA1,PLAST,0.52
10102,JP,JP,MOTOR,LEATH,0.52
17836,JP,JP,WOOD1,SANDC,0.52
17822,JP,JP,WOOD1,PULP5,0.51
2179,JP,JP,CHEMI,MEDIC,0.51
5093,JP,JP,ELEC8,PAPE1,0.51
9384,JP,JP,MEATA,BRICK,0.51
241,JP,JP,AIRTR,OILHA,0.51
13444,JP,JP,PULP5,MEATC,0.51
15079,JP,JP,SALEM,ELEC6,0.51
1566,JP,JP,CATTL,COPP1,0.51
10469,JP,JP,NFERT,PREC1,0.51
12255,JP,JP,PLAS1,ELECT,0.51
40,JP,JP,93197,ELEC6,0.51
16230,JP,JP,TEXT1,RAWMI,0.51
11766,JP,JP,PAPER,OXYGE,0.51
3856,JP,JP,ELE11,PADDY,0.51
13816,JP,JP,RAWMI,DISTR,0.51
1348,JP,JP,BRICK,FOUND,0.51
14122,JP,JP,RECRE,INTER,0.51
3172,JP,JP,CROPS,RETAI,0.51
16492,JP,JP,TEXTI,TOBAC,0.51
17755,JP,JP,WOOD1,ELEC8,0.51
9493,JP,JP,MEATC,RAWMI,0.51
875,JP,JP,BEVER,FORES,0.51
2717,JP,JP,COMPU,NONFE,0.51
12471,JP,JP,PLAS2,WOODW,0.51
9776,JP,JP,MEMBE,ELE12,0.51
14490,JP,JP,RESEA,FOOD4,0.51
1733,JP,JP,CEMEN,PUBLI,0.51
8883,JP,JP,LIQUE,MEATC,0.51
6858,JP,JP,FURNI,MEAT1,0.51
8049,JP,JP,INSUR,WHEAT,0.51
7658,JP,JP,HOTEL,RAWMI,0.51
17559,JP,JP,WHITE,PLAST,0.51
8764,JP,JP,LEATH,OILHA,0.51
3325,JP,JP,DAIRY,SANDC,0.51
13693,JP,JP,RAILW,FOOD4,0.51
16598,JP,JP,TRAN1,DISTR,0.51
11423,JP,JP,PAPE1,COALT,0.51
12854,JP,JP,POULT,WEARI,0.50
10455,JP,JP,NFERT,MOTOR,0.50
11975,JP,JP,PFERT,KEROS,0.50
6304,JP,JP,FOOD5,MEATA,0.50
9471,JP,JP,MEATC,INSUR,0.50
16393,JP,JP,TEXTI,DAIRY,0.50
13778,JP,JP,RAILW,TEXT2,0.50
13819,JP,JP,RAWMI,ELEC1,0.50
6019,JP,JP,FOOD3,FINAN,0.50
6157,JP,JP,FOOD4,LANDT,0.50
14099,JP,JP,RECRE,ELEC6,0.50
16566,JP,JP,TOBAC,TRANS,0.50
17418,JP,JP,WEARI,PROCE,0.50
10761,JP,JP,NONME,MEATP,0.50
3824,JP,JP,ELE11,GLASS,0.50
5696,JP,JP,FISH5,PLAS1,0.50
13481,JP,JP,PULP5,SANDC,0.50
6393,JP,JP,FOODW,COALT,0.50
12505,JP,JP,PLAST,ELEC4,0.50
11354,JP,JP,PADDY,MEATC,0.50
389,JP,JP,ALUM1,PFERT,0.50
1005,JP,JP,BIOG1,MEMBE,0.50
11102,JP,JP,OILHA,SANDC,0.50
7816,JP,JP,INLAN,BUSIN,0.50
971,JP,JP,BIOG1,COPP1,0.50
12683,JP,JP,POSTT,NATUR,0.50
4366,JP,JP,ELEC3,ANIMA,0.50
12441,JP,JP,PLAS2,PRINT,0.50
8399,JP,JP,KEROS,NONME,0.50
8304,JP,JP,KERO1,OILSE,0.50
11088,JP,JP,OILHA,PULP5,0.50
8587,JP,JP,LEAD1,BRICK,0.50
1161,JP,JP,BITUM,KEROS,0.50
1659,JP,JP,CEMEN,COKE1,0.50
3792,JP,JP,ELE11,CERAM,0.50
13692,JP,JP,RAILW,FOOD3,0.50
8772,JP,JP,LEATH,PLAS1,0.50
11164,JP,JP,OILSE,MOTO1,0.50
2966,JP,JP,COPP1,DISTR,0.50
17254,JP,JP,WASTE,NONME,0.50
10251,JP,JP,NAPHT,PREC1,0.50
9707,JP,JP,MEDIC,PULP5,0.50
2247,JP,JP,COALT,FURNI,0.49
14534,JP,JP,RESEA,OILSE,0.49
16821,JP,JP,TRANS,DIST1,0.49
7093,JP,JP,GASWO,EDUCA,0.49
6754,JP,JP,FOUND,RAWMI,0.49
7139,JP,JP,GLASS,ELEC1,0.49
12324,JP,JP,PLAS1,RAWMI,0.49
8976,JP,JP,LUBRI,FOOD5,0.49
717,JP,JP,BASIC,CRUDE,0.49
8182,JP,JP,INTER,TRANS,0.49
15848,JP,JP,SUGA1,MEATP,0.49
4155,JP,JP,ELEC1,PETRO,0.49
12392,JP,JP,PLAS2,FINAN,0.49
11021,JP,JP,OILHA,ELEC8,0.49
12837,JP,JP,POULT,RENTI,0.49
5865,JP,JP,FISHF,WEARI,0.49
10719,JP,JP,NONME,ELE11,0.49
10175,JP,JP,MOTOR,WHEAT,0.49
12079,JP,JP,PIGS9,FORES,0.49
9546,JP,JP,MEATP,FISH5,0.49
6806,JP,JP,FURNI,COKEO,0.49
16970,JP,JP,VEGE1,FOOD4,0.49
8089,JP,JP,INTER,ELEC4,0.49
3695,JP,JP,EDUCA,FORES,0.49
4858,JP,JP,ELEC6,LUBRI,0.49
17003,JP,JP,VEGE1,NONSP,0.49
16664,JP,JP,TRAN1,PETRO,0.49
1122,JP,JP,BITU1,REFIN,0.49
10554,JP,JP,NONF1,LANDT,0.49
955,JP,JP,BIOG1,ALUM1,0.49
2124,JP,JP,CHEMI,BEVER,0.49
10336,JP,JP,NATUR,MEATC,0.49
5912,JP,JP,FOOD2,FOUND,0.49
5742,JP,JP,FISHF,ALUM1,0.49
11602,JP,JP,PAPE4,INSUR,0.49
14019,JP,JP,REALE,PRECI,0.49
13753,JP,JP,RAILW,PROCE,0.49
15693,JP,JP,STEAM,WOOD1,0.49
2206,JP,JP,CHEMI,RETA1,0.49
6967,JP,JP,GASDI,DISTR,0.48
15499,JP,JP,SECO9,KEROS,0.48
9739,JP,JP,MEDIC,WEARI,0.48
1138,JP,JP,BITU1,WOODW,0.48
14845,JP,JP,RETAI,PREC1,0.48
1288,JP,JP,BLAST,PROCE,0.48
8330,JP,JP,KERO1,REFIN,0.48
14072,JP,JP,RECRE,BRICK,0.48
16279,JP,JP,TEXT2,COMPU,0.48
6088,JP,JP,FOOD3,SUPPO,0.48
10770,JP,JP,NONME,NONFE,0.48
488,JP,JP,ANIMA,MEATP,0.48
2719,JP,JP,COMPU,NONSP,0.48
3716,JP,JP,EDUCA,MEAT4,0.48
2579,JP,JP,COLLE,PLAS2,0.48
19,JP,JP,93197,CHEMI,0.48
14281,JP,JP,REFIN,REFIN,0.48
8978,JP,JP,LUBRI,FORES,0.48
9626,JP,JP,MEDIC,COKEO,0.48
1854,JP,JP,CERAM,RAILW,0.48
5121,JP,JP,ELEC8,RETAI,0.48
15850,JP,JP,SUGA1,MOTO1,0.48
6247,JP,JP,FOOD5,CEREA,0.48
6894,JP,JP,FURNI,PRECI,0.48
6086,JP,JP,FOOD3,SEACO,0.48
6918,JP,JP,FURNI,SUGAR,0.48
8759,JP,JP,LEATH,NFERT,0.48
2193,JP,JP,CHEMI,PLANT,0.48
15461,JP,JP,SECO9,COKEO,0.48
15792,JP,JP,STONE,WOODW,0.48
494,JP,JP,ANIMA,NONF1,0.48
3697,JP,JP,EDUCA,FURNI,0.48
4638,JP,JP,ELEC4,TEXT1,0.47
4434,JP,JP,ELEC3,MEATC,0.47
17760,JP,JP,WOOD1,FISHF,0.47
7795,JP,JP,INERT,SEACO,0.47
9644,JP,JP,MEDIC,FISHF,0.47
3660,JP,JP,EDUCA,CEMEN,0.47
7821,JP,JP,INLAN,COLLE,0.47
1220,JP,JP,BLAST,COKEO,0.47
12967,JP,JP,PRECI,HEALT,0.47
12142,JP,JP,PIGS9,WEARI,0.47
8342,JP,JP,KERO1,SUGAR,0.47
2774,JP,JP,COMPU,WASTE,0.47
503,JP,JP,ANIMA,POULT,0.47
113,JP,JP,93197,RAWMI,0.47
5263,JP,JP,ELECT,PROCE,0.47
3074,JP,JP,CROPS,COKE1,0.47
12041,JP,JP,PIGS9,ALUM1,0.47
3826,JP,JP,ELE11,HEAVY,0.47
15193,JP,JP,SANDC,ALUM1,0.47
12735,JP,JP,POSTT,TEXT2,0.47
3643,JP,JP,DISTR,WHEAT,0.47
16082,JP,JP,SUPPO,PROCE,0.47
11880,JP,JP,PETRO,FURNI,0.47
8282,JP,JP,KERO1,LEATH,0.47
6649,JP,JP,FORES,TEXT1,0.47
1320,JP,JP,BRICK,ALUM1,0.47
7160,JP,JP,GLASS,HEAVY,0.47
1673,JP,JP,CEMEN,ELEC2,0.47
1527,JP,JP,BUSIN,SUGA1,0.47
9573,JP,JP,MEATP,POSTT,0.47
1157,JP,JP,BITUM,HEALT,0.47
11026,JP,JP,OILHA,FISHF,0.47
7827,JP,JP,INLAN,EDUCA,0.47
5957,JP,JP,FOOD2,RADIO,0.47
16458,JP,JP,TEXTI,PIGS9,0.46
13437,JP,JP,PULP5,LEAD1,0.46
11472,JP,JP,PAPE1,LEATH,0.46
11143,JP,JP,OILSE,FINAN,0.46
4475,JP,JP,ELEC3,REFI1,0.46
6623,JP,JP,FORES,PREC1,0.46
13822,JP,JP,RAWMI,ELEC4,0.46
7601,JP,JP,HOTEL,INERT,0.46
2970,JP,JP,COPP1,ELEC2,0.46
7259,JP,JP,HEALT,CHARC,0.46
5972,JP,JP,FOOD2,SUPPO,0.46
15224,JP,JP,SANDC,FISHF,0.46
6441,JP,JP,FOODW,LEATH,0.46
7695,JP,JP,INERT,93197,0.46
11387,JP,JP,PADDY,RETAI,0.46
4159,JP,JP,ELEC1,PLAS2,0.46
2097,JP,JP,CHEM1,SUGA1,0.46
501,JP,JP,ANIMA,PLAST,0.46
6699,JP,JP,FOUND,FISH5,0.46
8388,JP,JP,KEROS,HEALT,0.46
6692,JP,JP,FOUND,ELEC2,0.46
213,JP,JP,AIRTR,INTER,0.46
15603,JP,JP,STEAM,FOOD2,0.46
14426,JP,JP,RENTI,TRAN2,0.46
2905,JP,JP,CONST,REFIN,0.46
6767,JP,JP,FOUND,SUPPO,0.46
9252,JP,JP,MEAT1,REFI1,0.46
7625,JP,JP,HOTEL,NATUR,0.46
9273,JP,JP,MEAT4,AIRTR,0.46
17363,JP,JP,WEARI,GASDI,0.46
8631,JP,JP,LEAD1,LEATH,0.46
16550,JP,JP,TOBAC,PAPE1,0.46
6327,JP,JP,FOOD5,PLAS1,0.46
14135,JP,JP,RECRE,MEATP,0.46
16496,JP,JP,TEXTI,VEGE1,0.46
17185,JP,JP,WASTE,BEVER,0.46
2423,JP,JP,COKEO,FABRI,0.46
9986,JP,JP,MOTO1,PARAF,0.46
3769,JP,JP,EDUCA,TRAN1,0.46
17438,JP,JP,WEARI,STONE,0.46
932,JP,JP,BEVER,SANDC,0.46
16332,JP,JP,TEXT2,PAPER,0.46
13435,JP,JP,PULP5,INTER,0.46
4421,JP,JP,ELEC3,INTER,0.46
13581,JP,JP,RADIO,NAPHT,0.45
3842,JP,JP,ELE11,MEDIC,0.45
15498,JP,JP,SECO9,KERO1,0.45
402,JP,JP,ALUM1,RAILW,0.45
4607,JP,JP,ELEC4,PLAS2,0.45
18011,JP,JP,WOODW,FOOD2,0.45
4794,JP,JP,ELEC6,ANIMA,0.45
3589,JP,JP,DISTR,OILSE,0.45
7230,JP,JP,GLASS,VEGET,0.45
10458,JP,JP,NFERT,NONF1,0.45
6831,JP,JP,FURNI,FOOD2,0.45
16523,JP,JP,TOBAC,ELEC2,0.45
17100,JP,JP,VEGET,FORES,0.45
8056,JP,JP,INTER,AIRTR,0.45
10759,JP,JP,NONME,MEATA,0.45
9981,JP,JP,MOTO1,OXYGE,0.45
10051,JP,JP,MOTOR,BRICK,0.45
16833,JP,JP,TRANS,FISH5,0.45
235,JP,JP,AIRTR,NFERT,0.45
13325,JP,JP,PUBLI,NONME,0.45
12774,JP,JP,POULT,DAIRY,0.45
8760,JP,JP,LEATH,NONF1,0.45
14560,JP,JP,RESEA,REFI1,0.45
1108,JP,JP,BITU1,NONSP,0.45
10480,JP,JP,NFERT,SECO9,0.45
16845,JP,JP,TRANS,HEAVY,0.45
6805,JP,JP,FURNI,COKE1,0.45
8751,JP,JP,LEATH,MEATA,0.45
13575,JP,JP,RADIO,MEATC,0.45
4024,JP,JP,ELE12,RENTI,0.45
17944,JP,JP,WOOD2,RECRE,0.45
14244,JP,JP,REFI1,WHITE,0.45
12791,JP,JP,POULT,FOODW,0.45
4652,JP,JP,ELEC4,WOOD1,0.45
13879,JP,JP,RAWMI,PRINT,0.45
6656,JP,JP,FORES,VEGE1,0.45
320,JP,JP,ALUM1,COALT,0.44
6219,JP,JP,FOOD4,TEXTI,0.44
10534,JP,JP,NONF1,FINAN,0.44
16957,JP,JP,VEGE1,ELE12,0.44
12646,JP,JP,POSTT,FOOD3,0.44
16411,JP,JP,TEXTI,FOOD4,0.44
11145,JP,JP,OILSE,FISHF,0.44
1192,JP,JP,BITUM,RESEA,0.44
16336,JP,JP,TEXT2,PLAS2,0.44
10509,JP,JP,NONF1,CHEMI,0.44
11618,JP,JP,PAPE4,MOTOR,0.44
17356,JP,JP,WEARI,FOOD3,0.44
16241,JP,JP,TEXT1,SANDC,0.44
9482,JP,JP,MEATC,PAPE1,0.44
10649,JP,JP,NONFE,FABRI,0.44
12358,JP,JP,PLAS2,93197,0.44
2246,JP,JP,COALT,FOUND,0.44
1422,JP,JP,BUSIN,CRUDE,0.44
577,JP,JP,AUXIL,FOOD4,0.44
14600,JP,JP,RETA1,BIODI,0.44
11480,JP,JP,PAPE1,MEATP,0.44
16227,JP,JP,TEXT1,PULP5,0.44
14276,JP,JP,REFIN,NONSP,0.44
3955,JP,JP,ELE12,FOODW,0.44
17347,JP,JP,WEARI,ELEC5,0.44
1215,JP,JP,BLAST,CERAM,0.44
7673,JP,JP,HOTEL,STONE,0.44
3246,JP,JP,DAIRY,DISTR,0.44
3462,JP,JP,DIST1,REFI1,0.44
6448,JP,JP,FOODW,MEATP,0.44
4356,JP,JP,ELEC2,WHEAT,0.44
450,JP,JP,ANIMA,COPP1,0.44
6804,JP,JP,FURNI,COALT,0.44
7846,JP,JP,INLAN,INSUR,0.44
14561,JP,JP,RESEA,REFIN,0.44
8301,JP,JP,KERO1,NONSP,0.44
5902,JP,JP,FOOD2,ELECT,0.44
6823,JP,JP,FURNI,ELEC5,0.44
15221,JP,JP,SANDC,ELECT,0.44
16160,JP,JP,TEXT1,ELEC8,0.44
2272,JP,JP,COALT,TEXTI,0.44
4408,JP,JP,ELEC3,FOOD4,0.44
1056,JP,JP,BITU1,CEMEN,0.44
5983,JP,JP,FOOD2,WOODW,0.44
7793,JP,JP,INERT,SALEM,0.44
813,JP,JP,BASIC,STEAM,0.43
5663,JP,JP,FISH5,FOUND,0.43
1051,JP,JP,BITU1,BEVER,0.43
4406,JP,JP,ELEC3,FOOD2,0.43
1750,JP,JP,CEMEN,TEXT1,0.43
4596,JP,JP,ELEC4,OILHA,0.43
5070,JP,JP,ELEC8,MEAT1,0.43
14601,JP,JP,RETA1,BIOG1,0.43
14518,JP,JP,RESEA,MEATC,0.43
8033,JP,JP,INSUR,SECO9,0.43
5251,JP,JP,ELECT,PARAF,0.43
4498,JP,JP,ELEC3,VEGE1,0.43
4302,JP,JP,ELEC2,OILSE,0.43
1021,JP,JP,BIOG1,PRINT,0.43
7339,JP,JP,HEALT,PETRO,0.43
16837,JP,JP,TRANS,FOOD5,0.43
7021,JP,JP,GASDI,NONFE,0.43
8143,JP,JP,INTER,PFERT,0.43
1579,JP,JP,CATTL,FISHF,0.43
13387,JP,JP,PULP5,BLAST,0.43
14565,JP,JP,RESEA,RETAI,0.43
11854,JP,JP,PETRO,BRICK,0.43
5133,JP,JP,ELEC8,TEXT2,0.43
11175,JP,JP,OILSE,POSTT,0.43
15845,JP,JP,SUGA1,MEAT1,0.43
6735,JP,JP,FOUND,OILHA,0.43
12458,JP,JP,PLAS2,SEACO,0.43
18055,JP,JP,WOODW,PADDY,0.43
3644,JP,JP,DISTR,WHITE,0.43
17870,JP,JP,WOOD2,CHEM1,0.43
5953,JP,JP,FOOD2,PRINT,0.43
11642,JP,JP,PAPE4,RAILW,0.43
10024,JP,JP,MOTO1,TEXT2,0.43
4863,JP,JP,ELEC6,MEATC,0.43
13246,JP,JP,PUBLI,ALUM1,0.43
10033,JP,JP,MOTO1,WASTE,0.43
13081,JP,JP,PRINT,OILSE,0.43
4391,JP,JP,ELEC3,DIST1,0.43
9214,JP,JP,MEAT1,ELEC2,0.43
11615,JP,JP,PAPE4,MEDIC,0.43
9582,JP,JP,MEATP,RENTI,0.43
12335,JP,JP,PLAS1,SANDC,0.43
11989,JP,JP,PFERT,NAPHT,0.43
1771,JP,JP,CERAM,BLAST,0.43
5904,JP,JP,FOOD2,FINAN,0.43
1861,JP,JP,CERAM,RETAI,0.43
13538,JP,JP,RADIO,ELEC4,0.43
16074,JP,JP,SUPPO,PIGS9,0.43
12321,JP,JP,PLAS1,PULP5,0.42
10809,JP,JP,NONME,TEXT2,0.42
10472,JP,JP,NFERT,PUBLI,0.42
12594,JP,JP,PLAST,WOOD2,0.42
15050,JP,JP,SALEM,BRICK,0.42
8952,JP,JP,LUBRI,BEVER,0.42
17603,JP,JP,WHOLE,ELE12,0.42
9335,JP,JP,MEAT4,NONME,0.42
13238,JP,JP,PROCE,VEGET,0.42
10845,JP,JP,NONSP,ELEC2,0.42
8110,JP,JP,INTER,HEAVY,0.42
7970,JP,JP,INSUR,INTER,0.42
15047,JP,JP,SALEM,BITU1,0.42
3887,JP,JP,ELE11,SANDC,0.42
6309,JP,JP,FOOD5,MOTOR,0.42
7052,JP,JP,GASDI,REFIN,0.42
925,JP,JP,BEVER,RECRE,0.42
15477,JP,JP,SECO9,ELEC5,0.42
8807,JP,JP,LEATH,VEGET,0.42
8334,JP,JP,KERO1,RETAI,0.42
7975,JP,JP,INSUR,LEATH,0.42
15764,JP,JP,STONE,PRINT,0.42
1171,JP,JP,BITUM,NAPHT,0.42
12254,JP,JP,PLAS1,ELEC8,0.42
7214,JP,JP,GLASS,RETAI,0.42
9472,JP,JP,MEATC,INTER,0.42
2550,JP,JP,COLLE,MEATA,0.42
1766,JP,JP,CERAM,ANIMA,0.42
16887,JP,JP,TRANS,RADIO,0.42
1910,JP,JP,CEREA,HEAVY,0.42
4905,JP,JP,ELEC6,REFI1,0.42
13649,JP,JP,RAILW,ANIMA,0.42
11891,JP,JP,PETRO,MACHI,0.42
6375,JP,JP,FOOD5,WOOLS,0.42
9971,JP,JP,MOTO1,NATUR,0.42
5818,JP,JP,FISHF,OFFIC,0.42
13629,JP,JP,RADIO,TEXT1,0.42
12984,JP,JP,PRECI,VEGE1,0.42
16562,JP,JP,TOBAC,SEACO,0.42
16762,JP,JP,TRAN2,MEDIC,0.42
758,JP,JP,BASIC,LIQUE,0.42
6607,JP,JP,FORES,OFFIC,0.42
9662,JP,JP,MEDIC,INTER,0.42
846,JP,JP,BEVER,CEREA,0.42
14969,JP,JP,RUBBE,NATUR,0.42
6687,JP,JP,FOUND,DIST1,0.42
4693,JP,JP,ELEC5,FISHF,0.42
7883,JP,JP,INLAN,RADIO,0.42
7494,JP,JP,HEAVY,POULT,0.42
12591,JP,JP,PLAST,WHITE,0.42
366,JP,JP,ALUM1,LUBRI,0.41
13529,JP,JP,RADIO,DAIRY,0.41
10760,JP,JP,NONME,MEATC,0.41
7258,JP,JP,HEALT,CEREA,0.41
1004,JP,JP,BIOG1,MEDIC,0.41
10906,JP,JP,OFFIC,BRICK,0.41
8879,JP,JP,LIQUE,LUBRI,0.41
2737,JP,JP,COMPU,POULT,0.41
8689,JP,JP,LEATH,BEVER,0.41
9643,JP,JP,MEDIC,FISH5,0.41
15159,JP,JP,SALEM,REFIN,0.41
17659,JP,JP,WHOLE,NUCLE,0.41
8702,JP,JP,LEATH,COKEO,0.41
7760,JP,JP,INERT,MOTOR,0.41
12456,JP,JP,PLAS2,SALEM,0.41
1605,JP,JP,CATTL,MOTOR,0.41
3178,JP,JP,CROPS,STEAM,0.41
16728,JP,JP,TRAN2,CHEM1,0.41
2932,JP,JP,CONST,WHEAT,0.41
6560,JP,JP,FORES,ELEC8,0.41
3092,JP,JP,CROPS,ELEC8,0.41
1020,JP,JP,BIOG1,PREC1,0.41
17804,JP,JP,WOOD1,PADDY,0.41
3999,JP,JP,ELE12,PAPE1,0.41
15681,JP,JP,STEAM,TEXT1,0.41
4357,JP,JP,ELEC2,WHITE,0.41
14764,JP,JP,RETAI,CERAM,0.41
1761,JP,JP,CEMEN,WOOD1,0.41
9366,JP,JP,MEAT4,TEXT1,0.41
6004,JP,JP,FOOD3,COPP1,0.41
14333,JP,JP,RENTI,FOOD3,0.41
2936,JP,JP,CONST,WOOD2,0.41
4594,JP,JP,ELEC4,NONSP,0.41
14812,JP,JP,RETAI,LEAD1,0.41
7757,JP,JP,INERT,MEDIC,0.41
9976,JP,JP,MOTO1,NONSP,0.41
9427,JP,JP,MEATA,RETA1,0.41
13323,JP,JP,PUBLI,NONF1,0.41
12059,JP,JP,PIGS9,COPP1,0.41
13825,JP,JP,RAWMI,ELECT,0.41
12086,JP,JP,PIGS9,INSUR,0.41
11572,JP,JP,PAPE4,COPP1,0.41
10440,JP,JP,NFERT,HEALT,0.41
3988,JP,JP,ELE12,NATUR,0.41
17779,JP,JP,WOOD1,KERO1,0.40
12103,JP,JP,PIGS9,OFFIC,0.40
8321,JP,JP,KERO1,PROCE,0.40
7839,JP,JP,INLAN,FOUND,0.40
13597,JP,JP,RADIO,PLAS1,0.40
11070,JP,JP,OILHA,PADDY,0.40
5984,JP,JP,FOOD3,93197,0.40
1073,JP,JP,BITU1,ELEC3,0.40
11366,JP,JP,PADDY,OILHA,0.40
13043,JP,JP,PRINT,GASWO,0.40
5297,JP,JP,ELECT,WASTE,0.40
4246,JP,JP,ELEC2,ELEC4,0.40
8626,JP,JP,LEAD1,HEALT,0.40
1722,JP,JP,CEMEN,PARAF,0.40
12779,JP,JP,POULT,ELEC1,0.40
4012,JP,JP,ELE12,PRECI,0.40
17020,JP,JP,VEGE1,PROCE,0.40
16165,JP,JP,TEXT1,FISHF,0.40
16994,JP,JP,VEGE1,MEATC,0.40
7094,JP,JP,GASWO,ELECT,0.40
6285,JP,JP,FOOD5,GASDI,0.40
3157,JP,JP,CROPS,PREC1,0.40
5676,JP,JP,FISH5,MEAT1,0.40
15748,JP,JP,STONE,MEMBE,0.40
2254,JP,JP,COALT,MACHI,0.40
2406,JP,JP,COKEO,COMPU,0.40
17111,JP,JP,VEGET,KERO1,0.40
11651,JP,JP,PAPE4,RUBBE,0.40
12937,JP,JP,PREC1,RECRE,0.40
11045,JP,JP,OILHA,KERO1,0.40
7744,JP,JP,INERT,INSUR,0.40
9308,JP,JP,MEAT4,FINAN,0.40
13266,JP,JP,PUBLI,CROPS,0.40
14529,JP,JP,RESEA,NONFE,0.40
2568,JP,JP,COLLE,OILSE,0.40
9431,JP,JP,MEATA,SEACO,0.40
13704,JP,JP,RAILW,INERT,0.40
6353,JP,JP,FOOD5,SECO9,0.40
9035,JP,JP,LUBRI,TEXT1,0.40
16529,JP,JP,TOBAC,ELECT,0.40
376,JP,JP,ALUM1,MOTOR,0.40
14526,JP,JP,RESEA,NATUR,0.40
11314,JP,JP,PADDY,CONST,0.40
17102,JP,JP,VEGET,FURNI,0.40
15572,JP,JP,STEAM,BRICK,0.40
5871,JP,JP,FOOD2,93197,0.40
17918,JP,JP,WOOD2,MOTO1,0.40
8527,JP,JP,LANDT,PETRO,0.40
2218,JP,JP,CHEMI,VEGE1,0.40
15394,JP,JP,SEACO,PETRO,0.40
10408,JP,JP,NFERT,CERAM,0.39
9806,JP,JP,MEMBE,KERO1,0.39
6592,JP,JP,FORES,MEATA,0.39
7831,JP,JP,INLAN,FABRI,0.39
9902,JP,JP,MOTO1,CEREA,0.39
13762,JP,JP,RAILW,REFIN,0.39
4834,JP,JP,ELEC6,FOOD2,0.39
1819,JP,JP,CERAM,LEAD1,0.39
5559,JP,JP,FINAN,OXYGE,0.39
5158,JP,JP,ELECT,BIOG1,0.39
6029,JP,JP,FOOD3,GASDI,0.39
8659,JP,JP,LEAD1,PULP5,0.39
6084,JP,JP,FOOD3,SALEM,0.39
17704,JP,JP,WHOLE,TRAN2,0.39
9221,JP,JP,MEAT1,FINAN,0.39
9263,JP,JP,MEAT1,TEXT1,0.39
7628,JP,JP,HOTEL,NONFE,0.39
16066,JP,JP,SUPPO,OILSE,0.39
12100,JP,JP,PIGS9,NONF1,0.39
18152,JP,JP,WOOLS,SANDC,0.39
5733,JP,JP,FISH5,VEGET,0.39
8249,JP,JP,KERO1,ELEC3,0.39
3361,JP,JP,DIST1,CATTL,0.39
6843,JP,JP,FURNI,HEAVY,0.39
4928,JP,JP,ELEC6,VEGE1,0.39
322,JP,JP,ALUM1,COKEO,0.39
15654,JP,JP,STEAM,PLAS2,0.39
12259,JP,JP,PLAS1,FISHF,0.39
10601,JP,JP,NONF1,REFIN,0.39
5801,JP,JP,FISHF,LEATH,0.39
2153,JP,JP,CHEMI,FISH5,0.39
584,JP,JP,AUXIL,GASWO,0.39
3677,JP,JP,EDUCA,ELE12,0.39
2734,JP,JP,COMPU,PLAS2,0.39
17113,JP,JP,VEGET,LANDT,0.39
3940,JP,JP,ELE12,ELEC1,0.39
5662,JP,JP,FISH5,FORES,0.39
11846,JP,JP,PARAF,PFERT,0.39
380,JP,JP,ALUM1,NONFE,0.39
3046,JP,JP,COPP1,VEGE1,0.39
3917,JP,JP,ELE12,BLAST,0.39
15877,JP,JP,SUGA1,RUBBE,0.39
17084,JP,JP,VEGET,DISTR,0.39
963,JP,JP,BIOG1,CERAM,0.39
11296,JP,JP,OXYGE,WOODW,0.39
9984,JP,JP,MOTO1,PAPE4,0.39
16848,JP,JP,TRANS,INLAN,0.39
11542,JP,JP,PAPE1,VEGE1,0.38
352,JP,JP,ALUM1,GASDI,0.38
11592,JP,JP,PAPE4,FOOD5,0.38
13365,JP,JP,PUBLI,TEXT1,0.38
2417,JP,JP,COKEO,ELEC3,0.38
3051,JP,JP,COPP1,WOOD1,0.38
9556,JP,JP,MEATP,INSUR,0.38
12407,JP,JP,PLAS2,INSUR,0.38
10488,JP,JP,NFERT,VEGE1,0.38
10416,JP,JP,NFERT,DAIRY,0.38
2960,JP,JP,COPP1,COMPU,0.38
6126,JP,JP,FOOD4,DISTR,0.38
17743,JP,JP,WOOD1,DAIRY,0.38
3779,JP,JP,ELE11,93197,0.38
10368,JP,JP,NATUR,RAILW,0.38
11686,JP,JP,PAPER,CEREA,0.38
15250,JP,JP,SANDC,NFERT,0.38
15544,JP,JP,SECO9,SECO9,0.38
7982,JP,JP,INSUR,MEATC,0.38
2221,JP,JP,CHEMI,WHOLE,0.38
8232,JP,JP,KERO1,CHEMI,0.38
12907,JP,JP,PREC1,LEATH,0.38
3672,JP,JP,EDUCA,DAIRY,0.38
7922,JP,JP,INSUR,CEMEN,0.38
3400,JP,JP,DIST1,FORES,0.38
10915,JP,JP,OFFIC,COMPU,0.38
10437,JP,JP,NFERT,GASDI,0.38
15017,JP,JP,RUBBE,SUGA1,0.38
17780,JP,JP,WOOD1,KEROS,0.38
16530,JP,JP,TOBAC,FABRI,0.38
9517,JP,JP,MEATC,WOOD2,0.38
2992,JP,JP,COPP1,INTER,0.38
9112,JP,JP,MACHI,KEROS,0.38
9755,JP,JP,MEMBE,BRICK,0.38
9865,JP,JP,MEMBE,SECO9,0.38
6686,JP,JP,FOUND,DAIRY,0.38
13569,JP,JP,RADIO,LIQUE,0.38
14932,JP,JP,RUBBE,FOOD3,0.38
13062,JP,JP,PRINT,MEAT4,0.38
6510,JP,JP,FOODW,VEGE1,0.38
2195,JP,JP,CHEMI,PLAST,0.38
4627,JP,JP,ELEC4,RETAI,0.38
11215,JP,JP,OXYGE,CROPS,0.37
10723,JP,JP,NONME,ELEC3,0.37
17143,JP,JP,VEGET,POULT,0.37
15230,JP,JP,SANDC,FOUND,0.37
2293,JP,JP,COKE1,COKEO,0.37
12536,JP,JP,PLAST,MEATA,0.37
3700,JP,JP,EDUCA,GLASS,0.37
1090,JP,JP,BITU1,HOTEL,0.37
6271,JP,JP,FOOD5,ELEC8,0.37
6492,JP,JP,FOODW,RETAI,0.37
11525,JP,JP,PAPE1,RETAI,0.37
9624,JP,JP,MEDIC,COALT,0.37
15534,JP,JP,SECO9,PULP5,0.37
3763,JP,JP,EDUCA,SUGA1,0.37
17923,JP,JP,WOOD2,OFFIC,0.37
11046,JP,JP,OILHA,KEROS,0.37
17112,JP,JP,VEGET,KEROS,0.37
16937,JP,JP,VEGE1,BRICK,0.37
1648,JP,JP,CEMEN,BIOG1,0.37
12037,JP,JP,PFERT,WOODW,0.37
15129,JP,JP,SALEM,NONSP,0.37
346,JP,JP,ALUM1,FOOD4,0.37
3787,JP,JP,ELE11,BLAST,0.37
14041,JP,JP,REALE,STONE,0.37
6889,JP,JP,FURNI,PLAS2,0.37
9807,JP,JP,MEMBE,KEROS,0.37
16348,JP,JP,TEXT2,RECRE,0.37
12614,JP,JP,POSTT,CEREA,0.37
13465,JP,JP,PULP5,PLAS1,0.37
8964,JP,JP,LUBRI,CROPS,0.37
11009,JP,JP,OILHA,DAIRY,0.37
221,JP,JP,AIRTR,LUBRI,0.37
8184,JP,JP,INTER,VEGET,0.37
17235,JP,JP,WASTE,LANDT,0.37
7518,JP,JP,HEAVY,STONE,0.37
9947,JP,JP,MOTO1,INERT,0.37
2421,JP,JP,COKEO,ELEC8,0.37
8920,JP,JP,LIQUE,REFI1,0.37
12865,JP,JP,PREC1,BRICK,0.37
8692,JP,JP,LEATH,BRICK,0.37
17933,JP,JP,WOOD2,POSTT,0.37
9386,JP,JP,MEATA,COKE1,0.37
16697,JP,JP,TRAN1,SUGAR,0.37
3146,JP,JP,CROPS,PAPE4,0.37
13007,JP,JP,PRINT,COALT,0.37
10389,JP,JP,NATUR,TRAN2,0.37
11914,JP,JP,PETRO,TEXTI,0.37
15470,JP,JP,SECO9,EDUCA,0.37
10143,JP,JP,MOTOR,PULP5,0.37
9512,JP,JP,MEATC,VEGET,0.37
5970,JP,JP,FOOD2,SEACO,0.37
6567,JP,JP,FORES,FOOD4,0.37
17035,JP,JP,VEGE1,SANDC,0.37
4878,JP,JP,ELEC6,OILHA,0.37
3407,JP,JP,DIST1,HEAVY,0.37
16504,JP,JP,TEXTI,WOOD2,0.37
1199,JP,JP,BITUM,SUPPO,0.37
10662,JP,JP,NONFE,MEDIC,0.37
16513,JP,JP,TOBAC,COKE1,0.37
16854,JP,JP,TRANS,LEAD1,0.37
9882,JP,JP,MEMBE,WOOD1,0.36
5968,JP,JP,FOOD2,SALEM,0.36
5564,JP,JP,FINAN,PARAF,0.36
12835,JP,JP,POULT,RAWMI,0.36
15698,JP,JP,STONE,ALUM1,0.36
3395,JP,JP,DIST1,FOOD2,0.36
17145,JP,JP,VEGET,PRINT,0.36
15393,JP,JP,SEACO,PARAF,0.36
6642,JP,JP,FORES,SEACO,0.36
8108,JP,JP,INTER,GLASS,0.36
11365,JP,JP,PADDY,OFFIC,0.36
10288,JP,JP,NATUR,COALT,0.36
1672,JP,JP,CEMEN,ELEC1,0.36
16613,JP,JP,TRAN1,FOOD3,0.36
5249,JP,JP,ELECT,PAPE4,0.36
467,JP,JP,ANIMA,FOOD3,0.36
15511,JP,JP,SECO9,NAPHT,0.36
6191,JP,JP,FOOD4,PREC1,0.36
4487,JP,JP,ELEC3,STONE,0.36
3341,JP,JP,DAIRY,VEGET,0.36
6867,JP,JP,FURNI,NAPHT,0.36
3689,JP,JP,EDUCA,FISHF,0.36
9298,JP,JP,MEAT4,ELE12,0.36
17123,JP,JP,VEGET,MEDIC,0.36
2575,JP,JP,COLLE,PETRO,0.36
2361,JP,JP,COKE1,PROCE,0.36
7886,JP,JP,INLAN,RECRE,0.36
8036,JP,JP,INSUR,SUGAR,0.36
839,JP,JP,BEVER,BASIC,0.36
15582,JP,JP,STEAM,COKEO,0.36
12699,JP,JP,POSTT,PETRO,0.36
4769,JP,JP,ELEC5,SEACO,0.36
16995,JP,JP,VEGE1,MEATP,0.36
6880,JP,JP,FURNI,PADDY,0.36
10573,JP,JP,NONF1,NONSP,0.36
15382,JP,JP,SEACO,NATUR,0.36
14463,JP,JP,RESEA,COKEO,0.36
7836,JP,JP,INLAN,FOOD5,0.36
4131,JP,JP,ELEC1,MEATA,0.36
16948,JP,JP,VEGE1,COLLE,0.36
6083,JP,JP,FOOD3,RUBBE,0.36
13295,JP,JP,PUBLI,GLASS,0.36
7714,JP,JP,INERT,COPP1,0.36
15331,JP,JP,SEACO,DISTR,0.36
9603,JP,JP,MEATP,WOOD2,0.36
5840,JP,JP,FISHF,RAWMI,0.36
6034,JP,JP,FOOD3,INSUR,0.36
8079,JP,JP,INTER,CROPS,0.36
941,JP,JP,BEVER,TEXTI,0.36
17729,JP,JP,WOOD1,CATTL,0.36
17883,JP,JP,WOOD2,ELEC1,0.36
9870,JP,JP,MEMBE,TEXT1,0.36
782,JP,JP,BASIC,PADDY,0.36
7338,JP,JP,HEALT,PARAF,0.36
3886,JP,JP,ELE11,SALEM,0.36
16275,JP,JP,TEXT2,CHEM1,0.36
3345,JP,JP,DAIRY,WOOD1,0.35
2454,JP,JP,COKEO,PREC1,0.35
2727,JP,JP,COMPU,PAPE4,0.35
2029,JP,JP,CHEM1,IRONO,0.35
5988,JP,JP,FOOD3,AUXIL,0.35
10938,JP,JP,OFFIC,INTER,0.35
15055,JP,JP,SALEM,CEREA,0.35
6125,JP,JP,FOOD4,DIST1,0.35
2714,JP,JP,COMPU,NATUR,0.35
5052,JP,JP,ELEC8,GASWO,0.35
14762,JP,JP,RETAI,CATTL,0.35
4699,JP,JP,ELEC5,FORES,0.35
3862,JP,JP,ELE11,PFERT,0.35
13792,JP,JP,RAILW,WOOD2,0.35
15960,JP,JP,SUGAR,RETA1,0.35
15864,JP,JP,SUGA1,POSTT,0.35
687,JP,JP,BASIC,93197,0.35
16431,JP,JP,TEXTI,LUBRI,0.35
6131,JP,JP,FOOD4,ELEC3,0.35
13732,JP,JP,RAILW,NONSP,0.35
10995,JP,JP,OILHA,CATTL,0.35
14945,JP,JP,RUBBE,INERT,0.35
16209,JP,JP,TEXT1,PADDY,0.35
3761,JP,JP,EDUCA,SECO9,0.35
12960,JP,JP,PRECI,CEMEN,0.35
10225,JP,JP,NAPHT,LEAD1,0.35
4770,JP,JP,ELEC5,SECO9,0.35
7005,JP,JP,GASDI,LUBRI,0.35
9239,JP,JP,MEAT1,OILHA,0.35
3163,JP,JP,CROPS,RADIO,0.35
7783,JP,JP,INERT,RAILW,0.35
2874,JP,JP,CONST,NONSP,0.35
5094,JP,JP,ELEC8,PAPE4,0.35
1478,JP,JP,BUSIN,NATU1,0.35
17411,JP,JP,WEARI,PLAS2,0.35
6691,JP,JP,FOUND,ELEC1,0.35
1969,JP,JP,CHEM1,BIODI,0.35
1826,JP,JP,CERAM,MEATA,0.35
4665,JP,JP,ELEC5,BRICK,0.35
10101,JP,JP,MOTOR,LEAD1,0.35
3486,JP,JP,DIST1,VEGET,0.35
16184,JP,JP,TEXT1,KERO1,0.34
15723,JP,JP,STONE,ELECT,0.34
7834,JP,JP,INLAN,FISHF,0.34
14959,JP,JP,RUBBE,MEAT4,0.34
9833,JP,JP,MEMBE,PADDY,0.34
10664,JP,JP,NONFE,NONME,0.34
6599,JP,JP,FORES,NAPHT,0.34
7193,JP,JP,GLASS,PFERT,0.34
10337,JP,JP,NATUR,MEATP,0.34
11678,JP,JP,PAPER,BITU1,0.34
14231,JP,JP,REFI1,NONME,0.34
14893,JP,JP,RUBBE,BITUM,0.34
3989,JP,JP,ELE12,NFERT,0.34
10078,JP,JP,MOTOR,FISH5,0.34
1662,JP,JP,CEMEN,COMPU,0.34
18093,JP,JP,WOODW,SUGAR,0.34
13826,JP,JP,RAWMI,FABRI,0.34
419,JP,JP,ALUM1,TEXT2,0.34
13642,JP,JP,RADIO,WOOD1,0.34
8303,JP,JP,KERO1,OILHA,0.34
4494,JP,JP,ELEC3,TOBAC,0.34
12820,JP,JP,POULT,PAPE1,0.34
17125,JP,JP,VEGET,MOTO1,0.34
7792,JP,JP,INERT,RUBBE,0.34
3560,JP,JP,DISTR,IRONO,0.34
10425,JP,JP,NFERT,ELEC4,0.34
2522,JP,JP,COLLE,FOOD3,0.34
171,JP,JP,AIRTR,COKEO,0.34
268,JP,JP,AIRTR,REFI1,0.34
6577,JP,JP,FORES,HEAVY,0.34
9811,JP,JP,MEMBE,LIQUE,0.34
12303,JP,JP,PLAS1,PADDY,0.34
5701,JP,JP,FISH5,PREC1,0.34
1081,JP,JP,BITU1,FOOD5,0.34
12446,JP,JP,PLAS2,RAILW,0.34
6708,JP,JP,FOUND,GASDI,0.34
6538,JP,JP,FORES,COALT,0.34
9010,JP,JP,LUBRI,PFERT,0.34
6278,JP,JP,FOOD5,FOOD3,0.34
10696,JP,JP,NONME,BLAST,0.34
17731,JP,JP,WOOD1,CERAM,0.34
4578,JP,JP,ELEC4,MEAT1,0.34
13218,JP,JP,PROCE,RAILW,0.34
2391,JP,JP,COKE1,WEARI,0.34
17795,JP,JP,WOOD1,NAPHT,0.34
5252,JP,JP,ELECT,PETRO,0.34
517,JP,JP,ANIMA,SEACO,0.34
4435,JP,JP,ELEC3,MEATP,0.34
2139,JP,JP,CHEMI,COPP1,0.34
1610,JP,JP,CATTL,OFFIC,0.34
12278,JP,JP,PLAS1,KERO1,0.34
8812,JP,JP,LEATH,WOOD1,0.34
9462,JP,JP,MEATC,FISHF,0.34
3742,JP,JP,EDUCA,PRECI,0.34
17889,JP,JP,WOOD2,ELECT,0.34
15750,JP,JP,STONE,NFERT,0.34
14386,JP,JP,RENTI,PETRO,0.34
7274,JP,JP,HEALT,ELE12,0.33
15943,JP,JP,SUGAR,MOTOR,0.33
5919,JP,JP,FOOD2,INSUR,0.33
3975,JP,JP,ELE12,LUBRI,0.33
3901,JP,JP,ELE11,VEGET,0.33
6622,JP,JP,FORES,POSTT,0.33
4639,JP,JP,ELEC4,TEXT2,0.33
7867,JP,JP,INLAN,NONME,0.33
1010,JP,JP,BIOG1,NONME,0.33
16700,JP,JP,TRAN1,TEXT2,0.33
17229,JP,JP,WASTE,HEAVY,0.33
1699,JP,JP,CEMEN,LEAD1,0.33
12764,JP,JP,POULT,CERAM,0.33
390,JP,JP,ALUM1,PIGS9,0.33
5565,JP,JP,FINAN,PETRO,0.33
12850,JP,JP,POULT,TOBAC,0.33
3647,JP,JP,DISTR,WOOD2,0.33
10028,JP,JP,MOTO1,TRAN2,0.33
1787,JP,JP,CERAM,DAIRY,0.33
7196,JP,JP,GLASS,PLAS2,0.33
11061,JP,JP,OILHA,NAPHT,0.33
11597,JP,JP,PAPE4,GASDI,0.33
15661,JP,JP,STEAM,PULP5,0.33
15586,JP,JP,STEAM,COPP1,0.33
14658,JP,JP,RETA1,INLAN,0.33
5207,JP,JP,ELECT,GASWO,0.33
14292,JP,JP,RENTI,BIOG1,0.33
10308,JP,JP,NATUR,FINAN,0.33
1619,JP,JP,CATTL,PREC1,0.33
11896,JP,JP,PETRO,MOTOR,0.33
10818,JP,JP,NONME,WHEAT,0.33
11911,JP,JP,PETRO,RUBBE,0.33
16437,JP,JP,TEXTI,MEATP,0.33
3632,JP,JP,DISTR,TEXT2,0.33
16960,JP,JP,VEGE1,ELEC3,0.33
7427,JP,JP,HEAVY,ELEC3,0.33
4673,JP,JP,ELEC5,COALT,0.33
11353,JP,JP,PADDY,MEATA,0.33
6419,JP,JP,FOODW,FOOD2,0.33
15228,JP,JP,SANDC,FOODW,0.33
11449,JP,JP,PAPE1,FOOD2,0.33
1623,JP,JP,CATTL,RADIO,0.33
9377,JP,JP,MEAT4,WOOD1,0.33
17847,JP,JP,WOOD1,TRAN1,0.33
10427,JP,JP,NFERT,ELEC6,0.33
15742,JP,JP,STONE,LIQUE,0.33
8158,JP,JP,INTER,RAWMI,0.33
13518,JP,JP,RADIO,CHARC,0.33
8953,JP,JP,LUBRI,BITU1,0.33
5753,JP,JP,FISHF,CERAM,0.33
14196,JP,JP,RECRE,VEGE1,0.33
5816,JP,JP,FISHF,NONF1,0.33
10997,JP,JP,OILHA,CERAM,0.33
2147,JP,JP,CHEMI,ELEC2,0.33
10693,JP,JP,NONME,BIOG1,0.33
16148,JP,JP,TEXT1,DAIRY,0.33
10400,JP,JP,NFERT,ALUM1,0.33
6558,JP,JP,FORES,ELEC6,0.33
1168,JP,JP,BITUM,MEDIC,0.33
11274,JP,JP,OXYGE,RESEA,0.33
13097,JP,JP,PRINT,PRECI,0.33
16323,JP,JP,TEXT2,MOTO1,0.33
5428,JP,JP,FABRI,REFIN,0.33
3309,JP,JP,DAIRY,PREC1,0.33
4273,JP,JP,ELEC2,IRONO,0.33
16161,JP,JP,TEXT1,ELECT,0.33
9351,JP,JP,MEAT4,PULP5,0.33
14786,JP,JP,RETAI,ELEC6,0.33
2129,JP,JP,CHEMI,CATTL,0.32
15653,JP,JP,STEAM,PLAS1,0.32
14043,JP,JP,REALE,SUGAR,0.32
8633,JP,JP,LEAD1,LUBRI,0.32
7974,JP,JP,INSUR,LEAD1,0.32
10927,JP,JP,OFFIC,FISH5,0.32
9547,JP,JP,MEATP,FISHF,0.32
6724,JP,JP,FOUND,MEATC,0.32
2330,JP,JP,COKE1,LEAD1,0.32
4917,JP,JP,ELEC6,STONE,0.32
10651,JP,JP,NONFE,FISHF,0.32
6320,JP,JP,FOOD5,PADDY,0.32
16185,JP,JP,TEXT1,KEROS,0.32
13434,JP,JP,PULP5,INERT,0.32
538,JP,JP,AUXIL,BITU1,0.32
819,JP,JP,BASIC,TOBAC,0.32
1187,JP,JP,BITUM,RAILW,0.32
7734,JP,JP,INERT,FOOD5,0.32
3016,JP,JP,COPP1,PLAS1,0.32
13328,JP,JP,PUBLI,OXYGE,0.32
10380,JP,JP,NATUR,SECO9,0.32
1399,JP,JP,BUSIN,BIODI,0.32
7453,JP,JP,HEAVY,IRONO,0.32
11622,JP,JP,PAPE4,NONME,0.32
17816,JP,JP,WOOD1,POULT,0.32
8199,JP,JP,IRONO,FISHF,0.32
729,JP,JP,BASIC,ELEC6,0.32
2287,JP,JP,COKE1,CEMEN,0.32
9822,JP,JP,MEMBE,NAPHT,0.32
6168,JP,JP,FOOD4,MEMBE,0.32
17759,JP,JP,WOOD1,FISH5,0.32
2482,JP,JP,COLLE,BIOG1,0.32
9657,JP,JP,MEDIC,HEAVY,0.32
7032,JP,JP,GASDI,PETRO,0.32
3803,JP,JP,ELE11,DAIRY,0.32
12749,JP,JP,POSTT,WOOD2,0.32
16917,JP,JP,TRANS,WOODW,0.32
18137,JP,JP,WOOLS,MOTO1,0.32
10883,JP,JP,NONSP,PLAST,0.32
7207,JP,JP,GLASS,RAWMI,0.32
3333,JP,JP,DAIRY,TEXT1,0.32
11113,JP,JP,OILHA,TRAN1,0.32
16801,JP,JP,TRANS,AUXIL,0.32
12423,JP,JP,PLAS2,MOTOR,0.32
11948,JP,JP,PFERT,EDUCA,0.32
1859,JP,JP,CERAM,RESEA,0.32
13866,JP,JP,RAWMI,PAPE1,0.32
14131,JP,JP,RECRE,MEAT1,0.32
815,JP,JP,BASIC,SUGAR,0.32
14541,JP,JP,RESEA,PETRO,0.32
14042,JP,JP,REALE,SUGA1,0.32
3736,JP,JP,EDUCA,PLANT,0.32
11855,JP,JP,PETRO,CEMEN,0.32
12242,JP,JP,PLAS1,DAIRY,0.32
8012,JP,JP,INSUR,PREC1,0.32
15295,JP,JP,SANDC,WHOLE,0.32
17127,JP,JP,VEGET,NAPHT,0.32
5315,JP,JP,FABRI,BITU1,0.32
17481,JP,JP,WHEAT,HEAVY,0.31
2766,JP,JP,COMPU,TEXT2,0.31
12279,JP,JP,PLAS1,KEROS,0.31
260,JP,JP,AIRTR,PROCE,0.31
5837,JP,JP,FISHF,PULP5,0.31
7862,JP,JP,INLAN,MOTO1,0.31
8390,JP,JP,KEROS,HOTEL,0.31
2151,JP,JP,CHEMI,ELECT,0.31
10098,JP,JP,MOTOR,KERO1,0.31
11082,JP,JP,OILHA,POULT,0.31
4367,JP,JP,ELEC3,AUXIL,0.31
17140,JP,JP,VEGET,PLAS2,0.31
7136,JP,JP,GLASS,DISTR,0.31
2426,JP,JP,COKEO,FOOD4,0.31
2882,JP,JP,CONST,PAPE4,0.31
15874,JP,JP,SUGA1,RENTI,0.31
5147,JP,JP,ELEC8,WOOD2,0.31
12812,JP,JP,POULT,MEMBE,0.31
14785,JP,JP,RETAI,ELEC5,0.31
9233,JP,JP,MEAT1,LANDT,0.31
1105,JP,JP,BITU1,NFERT,0.31
15361,JP,JP,SEACO,INTER,0.31
4723,JP,JP,ELEC5,MEMBE,0.31
6024,JP,JP,FOOD3,FOOD5,0.31
105,JP,JP,93197,PREC1,0.31
12785,JP,JP,POULT,FABRI,0.31
16864,JP,JP,TRANS,MEMBE,0.31
7946,JP,JP,INSUR,ELEC6,0.31
15834,JP,JP,SUGA1,FURNI,0.31
17078,JP,JP,VEGET,COLLE,0.31
992,JP,JP,BIOG1,GLASS,0.31
11025,JP,JP,OILHA,FISH5,0.31
10265,JP,JP,NAPHT,TRAN1,0.31
15621,JP,JP,STEAM,KEROS,0.31
1388,JP,JP,BRICK,WHOLE,0.31
9270,JP,JP,MEAT1,WOOD1,0.31
17142,JP,JP,VEGET,POSTT,0.31
1924,JP,JP,CEREA,MEATP,0.31
10114,JP,JP,MOTOR,NAPHT,0.31
2930,JP,JP,CONST,WASTE,0.31
4568,JP,JP,ELEC4,INTER,0.31
9318,JP,JP,MEAT4,GLASS,0.31
1585,JP,JP,CATTL,GASDI,0.31
7739,JP,JP,INERT,GASDI,0.31
16733,JP,JP,TRAN2,CONST,0.31
12121,JP,JP,PIGS9,RAILW,0.31
10393,JP,JP,NATUR,WEARI,0.31
3199,JP,JP,CRUDE,BITU1,0.31
18128,JP,JP,WOOLS,HEAVY,0.31
6729,JP,JP,FOUND,MOTOR,0.31
10296,JP,JP,NATUR,CRUDE,0.31
14252,JP,JP,REFIN,EDUCA,0.31
4924,JP,JP,ELEC6,TOBAC,0.31
14814,JP,JP,RETAI,LIQUE,0.31
3454,JP,JP,DIST1,PROCE,0.31
9337,JP,JP,MEAT4,OILHA,0.31
16711,JP,JP,TRAN1,WHEAT,0.31
1809,JP,JP,CERAM,GASWO,0.31
7503,JP,JP,HEAVY,RAWMI,0.31
4104,JP,JP,ELEC1,FOOD3,0.31
907,JP,JP,BEVER,PAPER,0.31
10965,JP,JP,OFFIC,RECRE,0.31
10099,JP,JP,MOTOR,KEROS,0.31
6537,JP,JP,FORES,CHEMI,0.31
9691,JP,JP,MEDIC,PADDY,0.31
11211,JP,JP,OXYGE,COLLE,0.31
5227,JP,JP,ELECT,MEATA,0.31
10124,JP,JP,MOTOR,OILSE,0.31
13360,JP,JP,PUBLI,SECO9,0.31
12786,JP,JP,POULT,FINAN,0.31
15503,JP,JP,SECO9,LIQUE,0.31
9131,JP,JP,MACHI,NFERT,0.31
16338,JP,JP,TEXT2,POSTT,0.31
7428,JP,JP,HEAVY,ELEC4,0.31
13085,JP,JP,PRINT,PAPE4,0.30
793,JP,JP,BASIC,POULT,0.30
9492,JP,JP,MEATC,RAILW,0.30
8198,JP,JP,IRONO,FABRI,0.30
12455,JP,JP,PLAS2,RUBBE,0.30
16134,JP,JP,TEXT1,CATTL,0.30
1762,JP,JP,CEMEN,WOODW,0.30
11512,JP,JP,PAPE1,PROCE,0.30
16328,JP,JP,TEXT2,OFFIC,0.30
8372,JP,JP,KEROS,COALT,0.30
4187,JP,JP,ELEC1,SUGAR,0.30
17838,JP,JP,WOOD1,SECO9,0.30
8218,JP,JP,KERO1,ANIMA,0.30
3027,JP,JP,COPP1,RAILW,0.30
10435,JP,JP,NFERT,FOUND,0.30
6994,JP,JP,GASDI,INERT,0.30
16658,JP,JP,TRAN1,OILSE,0.30
12377,JP,JP,PLAS2,COPP1,0.30
9362,JP,JP,MEAT4,SEACO,0.30
4864,JP,JP,ELEC6,MEATP,0.30
15240,JP,JP,SANDC,LEATH,0.30
10929,JP,JP,OFFIC,FOOD4,0.30
2986,JP,JP,COPP1,GASDI,0.30
14451,JP,JP,RESEA,BLAST,0.30
1188,JP,JP,BITUM,REALE,0.30
10826,JP,JP,NONSP,BASIC,0.30
9499,JP,JP,MEATC,RETAI,0.30
12420,JP,JP,PLAS2,MEDIC,0.30
11556,JP,JP,PAPE4,AUXIL,0.30
10039,JP,JP,MOTO1,WOOD2,0.30
9232,JP,JP,MEAT1,INTER,0.30
6680,JP,JP,FOUND,COKEO,0.30
7176,JP,JP,GLASS,MEATP,0.30
3006,JP,JP,COPP1,MOTOR,0.30
6564,JP,JP,FORES,FISH5,0.30
8258,JP,JP,KERO1,FISHF,0.30
5612,JP,JP,FINAN,WHITE,0.30
6073,JP,JP,FOOD3,RAILW,0.30
12556,JP,JP,PLAST,PETRO,0.30
7009,JP,JP,GASDI,MEATA,0.30
5958,JP,JP,FOOD2,RAILW,0.30
17898,JP,JP,WOOD2,FOUND,0.30
12397,JP,JP,PLAS2,FOOD5,0.30
1836,JP,JP,CERAM,OILHA,0.30
1151,JP,JP,BITUM,FISHF,0.30
2039,JP,JP,CHEM1,MEAT4,0.30
17730,JP,JP,WOOD1,CEMEN,0.30
13916,JP,JP,REALE,BIOG1,0.30
11976,JP,JP,PFERT,LEAD1,0.30
5096,JP,JP,ELEC8,PARAF,0.30
6585,JP,JP,FORES,LANDT,0.30
16288,JP,JP,TEXT2,ELEC1,0.30
5141,JP,JP,ELEC8,WASTE,0.30
14821,JP,JP,RETAI,MEATP,0.30
16715,JP,JP,TRAN1,WOOD2,0.30
12968,JP,JP,PRECI,HOTEL,0.30
6800,JP,JP,FURNI,CEREA,0.30
14107,JP,JP,RECRE,FOOD4,0.30
7990,JP,JP,INSUR,NFERT,0.30
12228,JP,JP,PLAS1,CATTL,0.30
6151,JP,JP,FOOD4,HEAVY,0.30
4093,JP,JP,ELEC1,ELEC3,0.30
12906,JP,JP,PREC1,LEAD1,0.30
12776,JP,JP,POULT,DISTR,0.30
5986,JP,JP,FOOD3,ALUM1,0.30
15302,JP,JP,SEACO,ANIMA,0.30
6253,JP,JP,FOOD5,COKEO,0.30
6981,JP,JP,GASDI,FOOD2,0.30
10281,JP,JP,NATUR,BLAST,0.30
85,JP,JP,93197,NONF1,0.29
1050,JP,JP,BITU1,BASIC,0.29
13727,JP,JP,RAILW,NATUR,0.29
1691,JP,JP,CEMEN,HEALT,0.29
13618,JP,JP,RADIO,RETAI,0.29
17453,JP,JP,WEARI,WHEAT,0.29
12932,JP,JP,PREC1,PROCE,0.29
7976,JP,JP,INSUR,LIQUE,0.29
8488,JP,JP,LANDT,INLAN,0.29
5397,JP,JP,FABRI,NONSP,0.29
11104,JP,JP,OILHA,SECO9,0.29
4383,JP,JP,ELEC3,COKEO,0.29
368,JP,JP,ALUM1,MEAT1,0.29
3911,JP,JP,ELE12,ANIMA,0.29
10822,JP,JP,NONME,WOOD2,0.29
9119,JP,JP,MACHI,MEAT1,0.29
1334,JP,JP,BRICK,COPP1,0.29
14360,JP,JP,RENTI,MEAT4,0.29
13632,JP,JP,RADIO,TOBAC,0.29
17324,JP,JP,WEARI,CEREA,0.29
9758,JP,JP,MEMBE,CEMEN,0.29
3493,JP,JP,DIST1,WOOD2,0.29
877,JP,JP,BEVER,FURNI,0.29
15839,JP,JP,SUGA1,INSUR,0.29
2231,JP,JP,COALT,COALT,0.29
2141,JP,JP,CHEMI,DAIRY,0.29
6370,JP,JP,FOOD5,WHEAT,0.29
6479,JP,JP,FOODW,PROCE,0.29
17297,JP,JP,WASTE,TEXTI,0.29
432,JP,JP,ALUM1,WOOD2,0.29
3284,JP,JP,DAIRY,MEATA,0.29
5771,JP,JP,FISHF,ELEC3,0.29
16426,JP,JP,TEXTI,KEROS,0.29
7526,JP,JP,HEAVY,TRAN1,0.29
15211,JP,JP,SANDC,COPP1,0.29
4395,JP,JP,ELEC3,ELEC1,0.29
12826,JP,JP,POULT,POSTT,0.29
8209,JP,JP,IRONO,RESEA,0.29
5751,JP,JP,FISHF,CATTL,0.29
7437,JP,JP,HEAVY,FOOD3,0.29
12115,JP,JP,PIGS9,PREC1,0.29
17940,JP,JP,WOOD2,RADIO,0.29
1843,JP,JP,CERAM,PLAS1,0.29
11372,JP,JP,PADDY,PLAS1,0.29
8720,JP,JP,LEATH,ELEC8,0.29
9147,JP,JP,MACHI,PIGS9,0.29
15513,JP,JP,SECO9,NFERT,0.29
1682,JP,JP,CEMEN,FOOD4,0.29
16200,JP,JP,TEXT1,NAPHT,0.29
1270,JP,JP,BLAST,MOTOR,0.29
10996,JP,JP,OILHA,CEMEN,0.29
8019,JP,JP,INSUR,RAILW,0.29
16136,JP,JP,TEXT1,CERAM,0.29
10186,JP,JP,NAPHT,BIODI,0.29
2625,JP,JP,COLLE,WOOD2,0.29
9153,JP,JP,MACHI,POULT,0.29
4606,JP,JP,ELEC4,PLAS1,0.29
17302,JP,JP,WASTE,VEGET,0.29
1739,JP,JP,CEMEN,RECRE,0.29
14975,JP,JP,RUBBE,NUCLE,0.29
561,JP,JP,AUXIL,ELE11,0.29
11621,JP,JP,PAPE4,NONF1,0.29
8800,JP,JP,LEATH,TEXT1,0.29
76,JP,JP,93197,MEATP,0.29
12889,JP,JP,PREC1,FISH5,0.29
9676,JP,JP,MEDIC,MEATP,0.29
13048,JP,JP,PRINT,INERT,0.29
16828,JP,JP,TRANS,ELEC4,0.29
12592,JP,JP,PLAST,WHOLE,0.29
11424,JP,JP,PAPE1,COKE1,0.29
4371,JP,JP,ELEC3,BITU1,0.29
6394,JP,JP,FOODW,COKE1,0.28
13596,JP,JP,RADIO,PIGS9,0.28
2878,JP,JP,CONST,OILSE,0.28
10765,JP,JP,NONME,NAPHT,0.28
10844,JP,JP,NONSP,ELEC1,0.28
833,JP,JP,BASIC,WOOLS,0.28
7678,JP,JP,HOTEL,TEXT2,0.28
8235,JP,JP,KERO1,COKEO,0.28
1308,JP,JP,BLAST,TOBAC,0.28
13833,JP,JP,RAWMI,FOODW,0.28
1724,JP,JP,CEMEN,PFERT,0.28
372,JP,JP,ALUM1,MEATP,0.28
8584,JP,JP,LEAD1,BEVER,0.28
504,JP,JP,ANIMA,PREC1,0.28
9274,JP,JP,MEAT4,ALUM1,0.28
15406,JP,JP,SEACO,PROCE,0.28
1900,JP,JP,CEREA,FINAN,0.28
4476,JP,JP,ELEC3,REFIN,0.28
14126,JP,JP,RECRE,LEAD1,0.28
16252,JP,JP,TEXT1,TRAN1,0.28
8169,JP,JP,INTER,SANDC,0.28
13319,JP,JP,PUBLI,MOTOR,0.28
8097,JP,JP,INTER,FISHF,0.28
6521,JP,JP,FORES,ANIMA,0.28
13621,JP,JP,RADIO,SANDC,0.28
8155,JP,JP,INTER,PULP5,0.28
12058,JP,JP,PIGS9,COMPU,0.28
3191,JP,JP,CROPS,WASTE,0.28
14531,JP,JP,RESEA,NONSP,0.28
7187,JP,JP,GLASS,OILHA,0.28
258,JP,JP,AIRTR,PRECI,0.28
10599,JP,JP,NONF1,RECRE,0.28
12294,JP,JP,PLAS1,NAPHT,0.28
10275,JP,JP,NATUR,AIRTR,0.28
15313,JP,JP,SEACO,CATTL,0.28
6982,JP,JP,GASDI,FOOD3,0.28
17005,JP,JP,VEGE1,OILHA,0.28
2430,JP,JP,COKEO,FURNI,0.28
3828,JP,JP,ELE11,INSUR,0.28
10287,JP,JP,NATUR,CHEMI,0.28
5652,JP,JP,FISH5,ELEC6,0.28
7348,JP,JP,HEALT,PRECI,0.28
12555,JP,JP,PLAST,PARAF,0.28
6540,JP,JP,FORES,COKEO,0.28
754,JP,JP,BASIC,KEROS,0.28
2184,JP,JP,CHEMI,NONF1,0.28
4396,JP,JP,ELEC3,ELEC2,0.28
6563,JP,JP,FORES,FINAN,0.28
7699,JP,JP,INERT,AUXIL,0.28
4672,JP,JP,ELEC5,CHEMI,0.28
3818,JP,JP,ELE11,FOODW,0.28
12810,JP,JP,POULT,MEATP,0.28
8355,JP,JP,KERO1,WHEAT,0.28
11558,JP,JP,PAPE4,BEVER,0.28
7929,JP,JP,INSUR,COKEO,0.28
6780,JP,JP,FOUND,WOOD1,0.28
3980,JP,JP,ELE12,MEATC,0.28
2846,JP,JP,CONST,INLAN,0.28
12230,JP,JP,PLAS1,CERAM,0.28
15730,JP,JP,STONE,FOODW,0.28
9111,JP,JP,MACHI,KERO1,0.28
496,JP,JP,ANIMA,OFFIC,0.28
3774,JP,JP,EDUCA,WEARI,0.28
5707,JP,JP,FISH5,RADIO,0.28
17954,JP,JP,WOOD2,SUPPO,0.28
12312,JP,JP,PLAS1,PLAS2,0.28
1800,JP,JP,CERAM,FISH5,0.28
8665,JP,JP,LEAD1,RENTI,0.28
12,JP,JP,93197,BRICK,0.28
13270,JP,JP,PUBLI,EDUCA,0.28
17348,JP,JP,WEARI,ELEC6,0.28
17748,JP,JP,WOOD1,ELE12,0.28
17782,JP,JP,WOOD1,LEAD1,0.28
5863,JP,JP,FISHF,VEGET,0.28
1949,JP,JP,CEREA,RUBBE,0.28
13871,JP,JP,RAWMI,PFERT,0.28
7926,JP,JP,INSUR,CHEMI,0.28
1140,JP,JP,BITUM,AIRTR,0.28
5670,JP,JP,FISH5,INTER,0.27
16221,JP,JP,TEXT1,POULT,0.27
15706,JP,JP,STONE,CERAM,0.27
16164,JP,JP,TEXT1,FISH5,0.27
8092,JP,JP,INTER,ELEC8,0.27
2611,JP,JP,COLLE,TEXT2,0.27
15741,JP,JP,STONE,LEATH,0.27
4600,JP,JP,ELEC4,PAPE4,0.27
1084,JP,JP,BITU1,FURNI,0.27
3195,JP,JP,CROPS,WOOD1,0.27
11381,JP,JP,PADDY,RADIO,0.27
11303,JP,JP,PADDY,BRICK,0.27
15431,JP,JP,SEACO,TEXT2,0.27
16983,JP,JP,VEGE1,INTER,0.27
15444,JP,JP,SEACO,WOOD2,0.27
3142,JP,JP,CROPS,OILHA,0.27
10067,JP,JP,MOTOR,DAIRY,0.27
18071,JP,JP,WOODW,PROCE,0.27
15466,JP,JP,SECO9,CROPS,0.27
14820,JP,JP,RETAI,MEATC,0.27
902,JP,JP,BEVER,OFFIC,0.27
18091,JP,JP,WOODW,STONE,0.27
14985,JP,JP,RUBBE,PETRO,0.27
13173,JP,JP,PROCE,ELECT,0.27
10245,JP,JP,NAPHT,PAPE4,0.27
12346,JP,JP,PLAS1,TRAN1,0.27
3823,JP,JP,ELE11,GASWO,0.27
13425,JP,JP,PULP5,FORES,0.27
10446,JP,JP,NFERT,LEATH,0.27
4022,JP,JP,ELE12,REFI1,0.27
15796,JP,JP,SUGA1,ANIMA,0.27
5316,JP,JP,FABRI,BITUM,0.27
5762,JP,JP,FISHF,COPP1,0.27
169,JP,JP,AIRTR,COALT,0.27
1217,JP,JP,BLAST,CHEMI,0.27
9675,JP,JP,MEDIC,MEATC,0.27
13213,JP,JP,PROCE,POULT,0.27
17203,JP,JP,WASTE,DIST1,0.27
49,JP,JP,93197,FOOD4,0.27
16294,JP,JP,TEXT2,ELECT,0.27
13210,JP,JP,PROCE,PLAS2,0.27
9012,JP,JP,LUBRI,PLAS1,0.27
10506,JP,JP,NONF1,CEREA,0.27
2780,JP,JP,COMPU,WOOD2,0.27
15256,JP,JP,SANDC,PAPE1,0.27
16825,JP,JP,TRANS,ELEC1,0.27
5335,JP,JP,FABRI,CRUDE,0.27
1870,JP,JP,CERAM,TEXT1,0.27
10893,JP,JP,NONSP,TEXTI,0.27
11048,JP,JP,OILHA,LEAD1,0.27
13537,JP,JP,RADIO,ELEC3,0.27
5822,JP,JP,FISHF,PAPE4,0.27
9830,JP,JP,MEMBE,OILHA,0.27
15871,JP,JP,SUGA1,RAILW,0.27
6872,JP,JP,FURNI,NONFE,0.27
17965,JP,JP,WOOD2,WOODW,0.27
15992,JP,JP,SUPPO,CEREA,0.27
5382,JP,JP,FABRI,MEAT4,0.27
10648,JP,JP,NONFE,ELECT,0.27
6101,JP,JP,FOOD4,AIRTR,0.27
11397,JP,JP,PADDY,TRAN1,0.27
17093,JP,JP,VEGET,FABRI,0.27
17092,JP,JP,VEGET,ELECT,0.27
13925,JP,JP,REALE,CEREA,0.27
9347,JP,JP,MEAT4,POSTT,0.27
3830,JP,JP,ELE11,KERO1,0.27
11554,JP,JP,PAPE4,ALUM1,0.27
12673,JP,JP,POSTT,MEAT4,0.27
3302,JP,JP,DAIRY,PFERT,0.27
13855,JP,JP,RAWMI,MEDIC,0.27
1669,JP,JP,CEMEN,DISTR,0.27
7945,JP,JP,INSUR,ELEC5,0.27
16103,JP,JP,SUPPO,SUGAR,0.27
17766,JP,JP,WOOD1,FORES,0.27
11014,JP,JP,OILHA,ELE12,0.27
12315,JP,JP,PLAS1,POULT,0.27
6222,JP,JP,FOOD4,TRANS,0.27
15620,JP,JP,STEAM,KERO1,0.27
13971,JP,JP,REALE,INLAN,0.27
13460,JP,JP,PULP5,PAPE4,0.27
10637,JP,JP,NONFE,CERAM,0.27
9782,JP,JP,MEMBE,ELEC6,0.27
12258,JP,JP,PLAS1,FISH5,0.26
14984,JP,JP,RUBBE,PARAF,0.26
14194,JP,JP,RECRE,TRAN2,0.26
15769,JP,JP,STONE,RAILW,0.26
5759,JP,JP,FISHF,COLLE,0.26
6053,JP,JP,FOOD3,NONF1,0.26
10206,JP,JP,NAPHT,ELEC3,0.26
10262,JP,JP,NAPHT,SUGA1,0.26
7764,JP,JP,INERT,NONME,0.26
17936,JP,JP,WOOD2,PRINT,0.26
9312,JP,JP,MEAT4,FOOD4,0.26
8597,JP,JP,LEAD1,COLLE,0.26
1881,JP,JP,CERAM,WOOD1,0.26
17474,JP,JP,WHEAT,FINAN,0.26
4811,JP,JP,ELEC6,COKEO,0.26
11476,JP,JP,PAPE1,MEAT1,0.26
6444,JP,JP,FOODW,MEAT1,0.26
5835,JP,JP,FISHF,PROCE,0.26
940,JP,JP,BEVER,TEXT1,0.26
13335,JP,JP,PUBLI,PLAS1,0.26
11032,JP,JP,OILHA,FORES,0.26
9689,JP,JP,MEDIC,OILHA,0.26
11837,JP,JP,PARAF,LIQUE,0.26
12921,JP,JP,PREC1,OILHA,0.26
17269,JP,JP,WASTE,PREC1,0.26
8765,JP,JP,LEATH,OXYGE,0.26
7280,JP,JP,HEALT,ELEC6,0.26
11359,JP,JP,PADDY,MOTOR,0.26
3533,JP,JP,DISTR,ELEC3,0.26
4748,JP,JP,ELEC5,POULT,0.26
16539,JP,JP,TOBAC,INSUR,0.26
10324,JP,JP,NATUR,INSUR,0.26
8588,JP,JP,LEAD1,BUSIN,0.26
13473,JP,JP,PULP5,RADIO,0.26
4045,JP,JP,ELE12,VEGE1,0.26
15849,JP,JP,SUGA1,MEDIC,0.26
4823,JP,JP,ELEC6,ELEC1,0.26
17891,JP,JP,WOOD2,FINAN,0.26
9333,JP,JP,MEAT4,NFERT,0.26
13883,JP,JP,RAWMI,RAILW,0.26
8831,JP,JP,LIQUE,COALT,0.26
6132,JP,JP,FOOD4,ELEC4,0.26
9593,JP,JP,MEATP,TEXT1,0.26
1937,JP,JP,CEREA,POSTT,0.26
4496,JP,JP,ELEC3,TRAN2,0.26
5967,JP,JP,FOOD2,RUBBE,0.26
12516,JP,JP,PLAST,FOODW,0.26
16851,JP,JP,TRANS,KERO1,0.26
10802,JP,JP,NONME,SEACO,0.26
3857,JP,JP,ELE11,PAPE1,0.26
4799,JP,JP,ELEC6,BITU1,0.26
13087,JP,JP,PRINT,PARAF,0.26
15451,JP,JP,SECO9,BLAST,0.26
9672,JP,JP,MEDIC,MEAT1,0.26
5909,JP,JP,FOOD2,FOOD5,0.26
9025,JP,JP,LUBRI,REFIN,0.26
9401,JP,JP,MEATA,HEALT,0.26
6224,JP,JP,FOOD4,VEGET,0.26
4889,JP,JP,ELEC6,PLAS1,0.26
1638,JP,JP,CATTL,TRAN1,0.26
948,JP,JP,BEVER,WHEAT,0.26
647,JP,JP,AUXIL,REFIN,0.26
759,JP,JP,BASIC,LUBRI,0.26
10109,JP,JP,MOTOR,MEATP,0.26
13308,JP,JP,PUBLI,LIQUE,0.26
8043,JP,JP,INSUR,TRAN2,0.26
4906,JP,JP,ELEC6,REFIN,0.26
3534,JP,JP,DISTR,ELEC4,0.26
2457,JP,JP,COKEO,RADIO,0.26
8603,JP,JP,LEAD1,DIST1,0.25
5097,JP,JP,ELEC8,PETRO,0.25
5935,JP,JP,FOOD2,MOTOR,0.25
3951,JP,JP,ELE12,FOOD2,0.25
2331,JP,JP,COKE1,LEATH,0.25
1583,JP,JP,CATTL,FOUND,0.25
950,JP,JP,BEVER,WOOD1,0.25
7840,JP,JP,INLAN,FURNI,0.25
13832,JP,JP,RAWMI,FOOD5,0.25
127,JP,JP,93197,STEAM,0.25
11202,JP,JP,OXYGE,BRICK,0.25
13396,JP,JP,PULP5,COKE1,0.25
9052,JP,JP,MACHI,BIOG1,0.25
17063,JP,JP,VEGET,BASIC,0.25
6455,JP,JP,FOODW,NFERT,0.25
6603,JP,JP,FORES,NONF1,0.25
2163,JP,JP,CHEMI,HEALT,0.25
8575,JP,JP,LANDT,WHITE,0.25
9245,JP,JP,MEAT1,POSTT,0.25
16808,JP,JP,TRANS,CEMEN,0.25
4201,JP,JP,ELEC1,WHEAT,0.25
8146,JP,JP,INTER,PLAS2,0.25
12427,JP,JP,PLAS2,NONME,0.25
16135,JP,JP,TEXT1,CEMEN,0.25
9987,JP,JP,MOTO1,PETRO,0.25
12905,JP,JP,PREC1,LANDT,0.25
5889,JP,JP,FOOD2,COPP1,0.25
12811,JP,JP,POULT,MEDIC,0.25
3579,JP,JP,DISTR,NATU1,0.25
11953,JP,JP,PFERT,ELEC3,0.25
10461,JP,JP,NFERT,OILSE,0.25
15925,JP,JP,SUGAR,GASDI,0.25
15854,JP,JP,SUGA1,NONME,0.25
9578,JP,JP,MEATP,RAWMI,0.25
3652,JP,JP,EDUCA,ALUM1,0.25
17505,JP,JP,WHEAT,POSTT,0.25
1802,JP,JP,CERAM,FOOD4,0.25
3831,JP,JP,ELE11,KEROS,0.25
1276,JP,JP,BLAST,NONME,0.25
10292,JP,JP,NATUR,COMPU,0.25
5700,JP,JP,FISH5,POULT,0.25
1193,JP,JP,BITUM,RETA1,0.25
196,JP,JP,AIRTR,FOOD2,0.25
10917,JP,JP,OFFIC,DAIRY,0.25
17057,JP,JP,VEGE1,WOOD2,0.25
15860,JP,JP,SUGA1,PIGS9,0.25
11881,JP,JP,PETRO,GASDI,0.25
776,JP,JP,BASIC,NONSP,0.25
7763,JP,JP,INERT,NONF1,0.25
11287,JP,JP,OXYGE,TRAN2,0.25
10789,JP,JP,NONME,PROCE,0.25
17784,JP,JP,WOOD1,LIQUE,0.25
9537,JP,JP,MEATP,ELEC2,0.25
12139,JP,JP,PIGS9,TRAN1,0.25
16303,JP,JP,TEXT2,FOUND,0.25
17508,JP,JP,WHEAT,PROCE,0.25
7151,JP,JP,GLASS,FOOD4,0.25
3635,JP,JP,DISTR,TRAN1,0.25
4149,JP,JP,ELEC1,OILSE,0.25
11325,JP,JP,PADDY,ELEC4,0.25
17172,JP,JP,VEGET,VEGE1,0.25
152,JP,JP,AIRTR,ANIMA,0.25
3040,JP,JP,COPP1,TEXT1,0.25
8340,JP,JP,KERO1,STONE,0.25
11847,JP,JP,PARAF,REFI1,0.25
11209,JP,JP,OXYGE,COALT,0.25
5805,JP,JP,FISHF,MEAT1,0.25
10167,JP,JP,MOTOR,TOBAC,0.25
14538,JP,JP,RESEA,PAPE4,0.25
12132,JP,JP,PIGS9,STEAM,0.24
9757,JP,JP,MEMBE,CATTL,0.24
8559,JP,JP,LANDT,SUGA1,0.24
2437,JP,JP,COKEO,LIQUE,0.24
7892,JP,JP,INLAN,RUBBE,0.24
9565,JP,JP,MEATP,OILHA,0.24
13719,JP,JP,RAILW,MEATA,0.24
6741,JP,JP,FOUND,PIGS9,0.24
4653,JP,JP,ELEC4,WOOD2,0.24
12229,JP,JP,PLAS1,CEMEN,0.24
15502,JP,JP,SECO9,LEATH,0.24
17853,JP,JP,WOOD1,WEARI,0.24
17204,JP,JP,WASTE,DISTR,0.24
9809,JP,JP,MEMBE,LEAD1,0.24
15649,JP,JP,STEAM,PAPE4,0.24
2363,JP,JP,COKE1,PULP5,0.24
17043,JP,JP,VEGE1,TEXT1,0.24
10898,JP,JP,NONSP,WOODW,0.24
3688,JP,JP,EDUCA,FISH5,0.24
7083,JP,JP,GASDI,WOOD2,0.24
4824,JP,JP,ELEC6,ELEC2,0.24
7697,JP,JP,INERT,ALUM1,0.24
8139,JP,JP,INTER,PADDY,0.24
511,JP,JP,ANIMA,RENTI,0.24
10497,JP,JP,NONF1,BEVER,0.24
10855,JP,JP,NONSP,FURNI,0.24
3216,JP,JP,CRUDE,REFIN,0.24
10430,JP,JP,NFERT,FABRI,0.24
8114,JP,JP,INTER,KERO1,0.24
6054,JP,JP,FOOD3,NONME,0.24
12963,JP,JP,PRECI,ELECT,0.24
2677,JP,JP,COMPU,FOOD3,0.24
9849,JP,JP,MEMBE,PULP5,0.24
11201,JP,JP,OXYGE,BEVER,0.24
11050,JP,JP,OILHA,LIQUE,0.24
1914,JP,JP,CEREA,KERO1,0.24
786,JP,JP,BASIC,PARAF,0.24
4292,JP,JP,ELEC2,NATU1,0.24
16852,JP,JP,TRANS,KEROS,0.24
18004,JP,JP,WOODW,ELEC6,0.24
11324,JP,JP,PADDY,ELEC3,0.24
16344,JP,JP,TEXT2,RADIO,0.24
13487,JP,JP,PULP5,TEXT1,0.24
422,JP,JP,ALUM1,TRAN1,0.24
4657,JP,JP,ELEC5,AIRTR,0.24
16969,JP,JP,VEGE1,FISHF,0.24
6774,JP,JP,FOUND,VEGE1,0.24
3960,JP,JP,ELE12,GASWO,0.24
9840,JP,JP,MEMBE,PLAS1,0.24
2159,JP,JP,CHEMI,FOUND,0.24
12874,JP,JP,PREC1,COLLE,0.24
13255,JP,JP,PUBLI,CEMEN,0.24
15840,JP,JP,SUGA1,INTER,0.24
10678,JP,JP,NONFE,RUBBE,0.24
14488,JP,JP,RESEA,FOOD2,0.24
12402,JP,JP,PLAS2,GASDI,0.24
11838,JP,JP,PARAF,LUBRI,0.24
14449,JP,JP,RESEA,BITU1,0.24
13633,JP,JP,RADIO,TRAN1,0.24
1279,JP,JP,BLAST,PAPE1,0.24
7172,JP,JP,GLASS,MEAT1,0.24
3125,JP,JP,CROPS,MEAT4,0.24
16048,JP,JP,SUPPO,MEAT4,0.24
761,JP,JP,BASIC,MEAT1,0.24
15398,JP,JP,SEACO,PLAS1,0.24
13342,JP,JP,PUBLI,PROCE,0.24
9530,JP,JP,MEATP,CONST,0.24
5721,JP,JP,FISH5,STEAM,0.24
3525,JP,JP,DISTR,CRUDE,0.24
4647,JP,JP,ELEC4,WASTE,0.24
16153,JP,JP,TEXT1,ELE12,0.24
10056,JP,JP,MOTOR,CEREA,0.24
12552,JP,JP,PLAST,PAPE1,0.24
13818,JP,JP,RAWMI,ELE12,0.24
13443,JP,JP,PULP5,MEATA,0.24
9919,JP,JP,MOTO1,ELE11,0.24
11119,JP,JP,OILHA,WEARI,0.24
7692,JP,JP,HOTEL,WOOD2,0.24
9002,JP,JP,LUBRI,NONSP,0.24
7386,JP,JP,HEALT,WHITE,0.24
4445,JP,JP,ELEC3,NONFE,0.24
9934,JP,JP,MOTO1,FOOD3,0.24
12080,JP,JP,PIGS9,FOUND,0.23
11474,JP,JP,PAPE1,LUBRI,0.23
1793,JP,JP,CERAM,ELEC2,0.23
10058,JP,JP,MOTOR,CHEMI,0.23
11151,JP,JP,OILSE,HOTEL,0.23
15624,JP,JP,STEAM,LEATH,0.23
12878,JP,JP,PREC1,DIST1,0.23
9489,JP,JP,MEATC,POULT,0.23
17662,JP,JP,WHOLE,OILSE,0.23
8912,JP,JP,LIQUE,PROCE,0.23
14889,JP,JP,RUBBE,BIODI,0.23
12605,JP,JP,POSTT,BIOG1,0.23
12027,JP,JP,PFERT,TEXT1,0.23
11903,JP,JP,PETRO,PAPER,0.23
4202,JP,JP,ELEC1,WHITE,0.23
11505,JP,JP,PAPE1,PLAS2,0.23
2232,JP,JP,COALT,COKEO,0.23
8394,JP,JP,KEROS,LANDT,0.23
3292,JP,JP,DAIRY,NONFE,0.23
17180,JP,JP,WASTE,AIRTR,0.23
14474,JP,JP,RESEA,ELE11,0.23
16187,JP,JP,TEXT1,LEAD1,0.23
6547,JP,JP,FORES,DAIRY,0.23
17859,JP,JP,WOOD2,93197,0.23
1877,JP,JP,CERAM,VEGET,0.23
4926,JP,JP,ELEC6,TRAN2,0.23
9250,JP,JP,MEAT1,RAWMI,0.23
9211,JP,JP,MEAT1,EDUCA,0.23
3832,JP,JP,ELE11,LANDT,0.23
17318,JP,JP,WEARI,BLAST,0.23
8716,JP,JP,LEATH,ELEC3,0.23
4602,JP,JP,ELEC4,PARAF,0.23
14545,JP,JP,RESEA,PLAS2,0.23
3846,JP,JP,ELE11,NAPHT,0.23
14917,JP,JP,RUBBE,ELE11,0.23
13588,JP,JP,RADIO,OILHA,0.23
7701,JP,JP,INERT,BEVER,0.23
2165,JP,JP,CHEMI,HOTEL,0.23
13422,JP,JP,PULP5,FOOD4,0.23
3835,JP,JP,ELE11,LIQUE,0.23
13876,JP,JP,RAWMI,POSTT,0.23
11185,JP,JP,OILSE,RUBBE,0.23
1901,JP,JP,CEREA,FISH5,0.23
6184,JP,JP,FOOD4,PFERT,0.23
14517,JP,JP,RESEA,MEATA,0.23
2205,JP,JP,CHEMI,RESEA,0.23
3001,JP,JP,COPP1,MEATC,0.23
15637,JP,JP,STEAM,NAPHT,0.23
16357,JP,JP,TEXT2,SUPPO,0.23
3941,JP,JP,ELE12,ELEC2,0.23
17475,JP,JP,WHEAT,FISH5,0.23
1893,JP,JP,CEREA,DAIRY,0.23
16629,JP,JP,TRAN1,IRONO,0.23
1573,JP,JP,CATTL,ELEC3,0.23
4094,JP,JP,ELEC1,ELEC4,0.23
16838,JP,JP,TRANS,FOODW,0.23
12877,JP,JP,PREC1,DAIRY,0.23
10207,JP,JP,NAPHT,ELEC4,0.23
15773,JP,JP,STONE,RETA1,0.23
15677,JP,JP,STEAM,SECO9,0.23
3222,JP,JP,DAIRY,ANIMA,0.23
9282,JP,JP,MEAT4,CATTL,0.23
2859,JP,JP,CONST,MEAT4,0.23
12698,JP,JP,POSTT,PARAF,0.23
918,JP,JP,BEVER,PROCE,0.23
15856,JP,JP,SUGA1,OILHA,0.23
6593,JP,JP,FORES,MEATC,0.23
12247,JP,JP,PLAS1,ELE12,0.23
128,JP,JP,93197,STONE,0.23
16171,JP,JP,TEXT1,FORES,0.23
12933,JP,JP,PREC1,PULP5,0.23
2549,JP,JP,COLLE,MEAT4,0.23
10268,JP,JP,NAPHT,WASTE,0.23
9271,JP,JP,MEAT1,WOOD2,0.23
17952,JP,JP,WOOD2,SEACO,0.23
12281,JP,JP,PLAS1,LEAD1,0.23
15779,JP,JP,STONE,SUPPO,0.23
17129,JP,JP,VEGET,NONME,0.23
3065,JP,JP,CROPS,BRICK,0.23
14612,JP,JP,RETA1,CHARC,0.23
1946,JP,JP,CEREA,RENTI,0.23
9925,JP,JP,MOTO1,ELEC5,0.23
4237,JP,JP,ELEC2,CRUDE,0.23
7102,JP,JP,GASWO,MEDIC,0.23
1574,JP,JP,CATTL,ELEC4,0.23
12572,JP,JP,PLAST,RENTI,0.23
2412,JP,JP,COKEO,EDUCA,0.23
8383,JP,JP,KEROS,FOOD4,0.23
4735,JP,JP,ELEC5,OILHA,0.23
13277,JP,JP,PUBLI,ELEC5,0.23
8115,JP,JP,INTER,KEROS,0.23
7893,JP,JP,INLAN,SALEM,0.23
13799,JP,JP,RAWMI,BEVER,0.22
8796,JP,JP,LEATH,STEAM,0.22
9332,JP,JP,MEAT4,MOTO1,0.22
16774,JP,JP,TRAN2,PETRO,0.22
14434,JP,JP,RENTI,WHITE,0.22
2730,JP,JP,COMPU,PETRO,0.22
16543,JP,JP,TOBAC,MEDIC,0.22
617,JP,JP,AUXIL,NONSP,0.22
12966,JP,JP,PRECI,FURNI,0.22
9357,JP,JP,MEAT4,RENTI,0.22
13307,JP,JP,PUBLI,LEATH,0.22
1651,JP,JP,CEMEN,BLAST,0.22
1915,JP,JP,CEREA,KEROS,0.22
9765,JP,JP,MEMBE,COKEO,0.22
1101,JP,JP,BITU1,MEDIC,0.22
6688,JP,JP,FOUND,DISTR,0.22
615,JP,JP,AUXIL,NONFE,0.22
12784,JP,JP,POULT,ELECT,0.22
210,JP,JP,AIRTR,INERT,0.22
16072,JP,JP,SUPPO,PETRO,0.22
12961,JP,JP,PRECI,CERAM,0.22
16367,JP,JP,TEXT2,WOODW,0.22
1139,JP,JP,BITUM,93197,0.22
3212,JP,JP,CRUDE,NONSP,0.22
17789,JP,JP,WOOD1,MEATC,0.22
12265,JP,JP,PLAS1,FORES,0.22
14393,JP,JP,RENTI,POULT,0.22
15772,JP,JP,STONE,RESEA,0.22
15127,JP,JP,SALEM,NONFE,0.22
17218,JP,JP,WASTE,FISHF,0.22
17018,JP,JP,VEGE1,PREC1,0.22
1028,JP,JP,BIOG1,RENTI,0.22
508,JP,JP,ANIMA,RADIO,0.22
17539,JP,JP,WHITE,FOUND,0.22
15391,JP,JP,SEACO,PAPE4,0.22
7462,JP,JP,HEAVY,MEAT1,0.22
17136,JP,JP,VEGET,PAPER,0.22
1770,JP,JP,CERAM,BITU1,0.22
9736,JP,JP,MEDIC,VEGE1,0.22
5939,JP,JP,FOOD2,NONME,0.22
12490,JP,JP,PLAST,COALT,0.22
2251,JP,JP,COALT,LEAD1,0.22
15756,JP,JP,STONE,PAPE1,0.22
10363,JP,JP,NATUR,PREC1,0.22
1144,JP,JP,BITUM,BUSIN,0.22
5990,JP,JP,FOOD3,BEVER,0.22
13293,JP,JP,PUBLI,GASDI,0.22
470,JP,JP,ANIMA,FOUND,0.22
5597,JP,JP,FINAN,SUGA1,0.22
1247,JP,JP,BLAST,GASDI,0.22
5786,JP,JP,FISHF,FOUND,0.22
15910,JP,JP,SUGAR,DIST1,0.22
3876,JP,JP,ELE11,RAWMI,0.22
16341,JP,JP,TEXT2,PRINT,0.22
17503,JP,JP,WHEAT,PIGS9,0.22
624,JP,JP,AUXIL,PAPE4,0.22
12517,JP,JP,PLAST,FORES,0.22
2384,JP,JP,COKE1,TOBAC,0.22
12426,JP,JP,PLAS2,NONF1,0.22
15138,JP,JP,SALEM,PARAF,0.22
398,JP,JP,ALUM1,PROCE,0.22
16809,JP,JP,TRANS,CERAM,0.22
15954,JP,JP,SUGAR,RADIO,0.22
14418,JP,JP,RENTI,SUGA1,0.22
17085,JP,JP,VEGET,EDUCA,0.22
2400,JP,JP,COKEO,BUSIN,0.22
17209,JP,JP,WASTE,ELEC3,0.22
9301,JP,JP,MEAT4,ELEC3,0.22
11606,JP,JP,PAPE4,LANDT,0.22
9322,JP,JP,MEAT4,INTER,0.22
17950,JP,JP,WOOD2,SALEM,0.22
4795,JP,JP,ELEC6,AUXIL,0.22
12364,JP,JP,PLAS2,BEVER,0.22
15713,JP,JP,STONE,COPP1,0.22
11520,JP,JP,PAPE1,REFI1,0.22
16806,JP,JP,TRANS,BRICK,0.22
198,JP,JP,AIRTR,FOOD4,0.22
12362,JP,JP,PLAS2,AUXIL,0.22
9602,JP,JP,MEATP,WOOD1,0.22
10169,JP,JP,MOTOR,TRAN2,0.22
16296,JP,JP,TEXT2,FINAN,0.22
13917,JP,JP,REALE,BITU1,0.22
9607,JP,JP,MEDIC,ANIMA,0.22
2461,JP,JP,COKEO,RUBBE,0.21
8207,JP,JP,IRONO,PFERT,0.21
2800,JP,JP,CONST,CEREA,0.21
7602,JP,JP,HOTEL,INLAN,0.21
11055,JP,JP,OILHA,MEATC,0.21
8041,JP,JP,INSUR,TOBAC,0.21
17763,JP,JP,WOOD1,FOOD4,0.21
3248,JP,JP,DAIRY,ELE12,0.21
17846,JP,JP,WOOD1,TOBAC,0.21
1587,JP,JP,CATTL,HEALT,0.21
9825,JP,JP,MEMBE,NONF1,0.21
13636,JP,JP,RADIO,VEGE1,0.21
1194,JP,JP,BITUM,RUBBE,0.21
5199,JP,JP,ELECT,FOOD3,0.21
1265,JP,JP,BLAST,MEATC,0.21
2945,JP,JP,COPP1,BEVER,0.21
8708,JP,JP,LEATH,DAIRY,0.21
4874,JP,JP,ELEC6,NONFE,0.21
9325,JP,JP,MEAT4,LEATH,0.21
3729,JP,JP,EDUCA,OILHA,0.21
7814,JP,JP,INLAN,BEVER,0.21
16401,JP,JP,TEXTI,ELEC4,0.21
2885,JP,JP,CONST,PETRO,0.21
8607,JP,JP,LEAD1,ELEC1,0.21
5864,JP,JP,FISHF,WASTE,0.21
8277,JP,JP,KERO1,IRONO,0.21
6522,JP,JP,FORES,AUXIL,0.21
15100,JP,JP,SALEM,INERT,0.21
16189,JP,JP,TEXT1,LIQUE,0.21
17109,JP,JP,VEGET,INSUR,0.21
14584,JP,JP,RESEA,WASTE,0.21
466,JP,JP,ANIMA,FISHF,0.21
771,JP,JP,BASIC,NATU1,0.21
14247,JP,JP,REFIN,BLAST,0.21
796,JP,JP,BASIC,PROCE,0.21
15858,JP,JP,SUGA1,PAPER,0.21
8724,JP,JP,LEATH,FISH5,0.21
16377,JP,JP,TEXTI,BLAST,0.21
15133,JP,JP,SALEM,OXYGE,0.21
14778,JP,JP,RETAI,EDUCA,0.21
14552,JP,JP,RESEA,PROCE,0.21
8589,JP,JP,LEAD1,CATTL,0.21
15136,JP,JP,SALEM,PAPE4,0.21
16383,JP,JP,TEXTI,CEREA,0.21
14211,JP,JP,REFI1,COALT,0.21
2447,JP,JP,COKEO,PAPE1,0.21
8080,JP,JP,INTER,DAIRY,0.21
6725,JP,JP,FOUND,MEATP,0.21
6713,JP,JP,FOUND,INTER,0.21
8325,JP,JP,KERO1,RAILW,0.21
13576,JP,JP,RADIO,MEATP,0.21
11112,JP,JP,OILHA,TOBAC,0.21
1821,JP,JP,CERAM,LIQUE,0.21
6945,JP,JP,GASDI,BITU1,0.21
4749,JP,JP,ELEC5,PREC1,0.21
18057,JP,JP,WOODW,PAPE4,0.21
17395,JP,JP,WEARI,NONFE,0.21
11998,JP,JP,PFERT,OXYGE,0.21
11804,JP,JP,PAPER,SUGA1,0.21
4034,JP,JP,ELE12,STONE,0.21
6851,JP,JP,FURNI,KEROS,0.21
3334,JP,JP,DAIRY,TEXT2,0.21
11158,JP,JP,OILSE,MACHI,0.21
5932,JP,JP,FOOD2,MEDIC,0.21
5626,JP,JP,FISH5,BLAST,0.21
16773,JP,JP,TRAN2,PARAF,0.21
1615,JP,JP,CATTL,PIGS9,0.21
12569,JP,JP,PLAST,RECRE,0.21
17534,JP,JP,WHITE,CHEM1,0.21
15439,JP,JP,SEACO,WASTE,0.21
72,JP,JP,93197,MEAT1,0.21
10318,JP,JP,NATUR,GASWO,0.21
16258,JP,JP,TEXT1,WEARI,0.21
522,JP,JP,ANIMA,TRAN1,0.21
14661,JP,JP,RETA1,IRONO,0.21
449,JP,JP,ANIMA,COMPU,0.21
16538,JP,JP,TOBAC,HOTEL,0.21
13212,JP,JP,PROCE,POSTT,0.21
3863,JP,JP,ELE11,PIGS9,0.21
16071,JP,JP,SUPPO,PARAF,0.21
8066,JP,JP,INTER,CATTL,0.21
1805,JP,JP,CERAM,FORES,0.21
9323,JP,JP,MEAT4,LANDT,0.21
16867,JP,JP,TRANS,NAPHT,0.21
770,JP,JP,BASIC,NAPHT,0.21
12875,JP,JP,PREC1,COMPU,0.21
14005,JP,JP,REALE,PADDY,0.21
6768,JP,JP,FOUND,TEXT1,0.21
6557,JP,JP,FORES,ELEC5,0.21
12283,JP,JP,PLAS1,LIQUE,0.20
17246,JP,JP,WASTE,MEMBE,0.20
9577,JP,JP,MEATP,RAILW,0.20
16531,JP,JP,TOBAC,FINAN,0.20
2972,JP,JP,COPP1,ELEC4,0.20
10806,JP,JP,NONME,SUGAR,0.20
723,JP,JP,BASIC,ELE12,0.20
11922,JP,JP,PFERT,ANIMA,0.20
11829,JP,JP,PARAF,DIST1,0.20
15672,JP,JP,STEAM,RETAI,0.20
4041,JP,JP,ELE12,TOBAC,0.20
3807,JP,JP,ELE11,ELE11,0.20
16712,JP,JP,TRAN1,WHITE,0.20
657,JP,JP,AUXIL,STEAM,0.20
7235,JP,JP,GLASS,WOOD1,0.20
8804,JP,JP,LEATH,TRAN1,0.20
17514,JP,JP,WHEAT,RENTI,0.20
10302,JP,JP,NATUR,ELEC1,0.20
10537,JP,JP,NONF1,FOOD2,0.20
12746,JP,JP,POSTT,WHITE,0.20
671,JP,JP,AUXIL,WASTE,0.20
15294,JP,JP,SANDC,WEARI,0.20
12964,JP,JP,PRECI,FABRI,0.20
17734,JP,JP,WOOD1,CHEMI,0.20
6850,JP,JP,FURNI,KERO1,0.20
3237,JP,JP,DAIRY,COKE1,0.20
15555,JP,JP,SECO9,WEARI,0.20
10775,JP,JP,NONME,OILSE,0.20
15690,JP,JP,STEAM,WASTE,0.20
10371,JP,JP,NATUR,REFI1,0.20
2187,JP,JP,CHEMI,OFFIC,0.20
9480,JP,JP,MEATC,OILHA,0.20
357,JP,JP,ALUM1,INERT,0.20
7983,JP,JP,INSUR,MEATP,0.20
3053,JP,JP,COPP1,WOOLS,0.20
5408,JP,JP,FABRI,PETRO,0.20
70,JP,JP,93197,LUBRI,0.20
10541,JP,JP,NONF1,FOODW,0.20
8797,JP,JP,LEATH,STONE,0.20
17905,JP,JP,WOOD2,INSUR,0.20
626,JP,JP,AUXIL,PARAF,0.20
2290,JP,JP,COKE1,CHEMI,0.20
15182,JP,JP,SALEM,WASTE,0.20
13904,JP,JP,RAWMI,WEARI,0.20
12352,JP,JP,PLAS1,WEARI,0.20
4603,JP,JP,ELEC4,PETRO,0.20
8130,JP,JP,INTER,NAPHT,0.20
5526,JP,JP,FINAN,INLAN,0.20
1621,JP,JP,CATTL,PROCE,0.20
15362,JP,JP,SEACO,IRONO,0.20
7402,JP,JP,HEAVY,BLAST,0.20
2055,JP,JP,CHEM1,NUCLE,0.20
2884,JP,JP,CONST,PARAF,0.20
15452,JP,JP,SECO9,BRICK,0.20
6123,JP,JP,FOOD4,CROPS,0.20
826,JP,JP,BASIC,WASTE,0.20
13877,JP,JP,RAWMI,POULT,0.20
16820,JP,JP,TRANS,DAIRY,0.20
8309,JP,JP,KERO1,PARAF,0.20
12753,JP,JP,POULT,ALUM1,0.20
15825,JP,JP,SUGA1,FABRI,0.20
6357,JP,JP,FOOD5,SUGAR,0.20
3670,JP,JP,EDUCA,COPP1,0.20
516,JP,JP,ANIMA,SALEM,0.20
10745,JP,JP,NONME,HEAVY,0.20
3981,JP,JP,ELE12,MEATP,0.20
13413,JP,JP,PULP5,ELEC6,0.20
13758,JP,JP,RAILW,RAWMI,0.20
8045,JP,JP,INSUR,VEGE1,0.20
3790,JP,JP,ELE11,CATTL,0.20
6149,JP,JP,FOOD4,GLASS,0.20
13541,JP,JP,RADIO,ELEC8,0.20
2197,JP,JP,CHEMI,PREC1,0.20
4225,JP,JP,ELEC2,CEREA,0.20
8741,JP,JP,LEATH,INTER,0.20
1772,JP,JP,CERAM,BRICK,0.20
188,JP,JP,AIRTR,ELEC5,0.20
9255,JP,JP,MEAT1,RETAI,0.20
7195,JP,JP,GLASS,PLAS1,0.20
17099,JP,JP,VEGET,FOODW,0.20
1827,JP,JP,CERAM,MEATC,0.20
6140,JP,JP,FOOD4,FISHF,0.20
11338,JP,JP,PADDY,GASDI,0.20
18096,JP,JP,WOODW,TEXT2,0.20
17717,JP,JP,WHOLE,WOOLS,0.20
1106,JP,JP,BITU1,NONF1,0.20
11000,JP,JP,OILHA,CHEMI,0.20
3475,JP,JP,DIST1,SUGA1,0.20
13164,JP,JP,PROCE,EDUCA,0.20
12360,JP,JP,PLAS2,ALUM1,0.20
15828,JP,JP,SUGA1,FISHF,0.20
11279,JP,JP,OXYGE,SECO9,0.20
1855,JP,JP,CERAM,RAWMI,0.19
9283,JP,JP,MEAT4,CEMEN,0.19
17056,JP,JP,VEGE1,WOOD1,0.19
10473,JP,JP,NFERT,PULP5,0.19
3903,JP,JP,ELE11,WEARI,0.19
16556,JP,JP,TOBAC,PRINT,0.19
1225,JP,JP,BLAST,CROPS,0.19
14253,JP,JP,REFIN,ELE11,0.19
14497,JP,JP,RESEA,GASWO,0.19
3802,JP,JP,ELE11,CROPS,0.19
10334,JP,JP,NATUR,MEAT1,0.19
83,JP,JP,93197,NATUR,0.19
8937,JP,JP,LIQUE,TOBAC,0.19
5861,JP,JP,FISHF,TRAN1,0.19
8195,JP,JP,IRONO,COALT,0.19
16264,JP,JP,TEXT2,93197,0.19
14030,JP,JP,REALE,REFIN,0.19
13772,JP,JP,RAILW,STEAM,0.19
10850,JP,JP,NONSP,ELECT,0.19
3513,JP,JP,DISTR,CEREA,0.19
2958,JP,JP,COPP1,COKEO,0.19
2428,JP,JP,COKEO,FOODW,0.19
12049,JP,JP,PIGS9,BUSIN,0.19
10667,JP,JP,NONFE,PFERT,0.19
1226,JP,JP,BLAST,DAIRY,0.19
5914,JP,JP,FOOD2,GASDI,0.19
10460,JP,JP,NFERT,OFFIC,0.19
5697,JP,JP,FISH5,PLAS2,0.19
2146,JP,JP,CHEMI,ELEC1,0.19
14516,JP,JP,RESEA,MEAT4,0.19
8896,JP,JP,LIQUE,OILHA,0.19
14754,JP,JP,RETAI,ANIMA,0.19
17233,JP,JP,WASTE,KERO1,0.19
13811,JP,JP,RAWMI,COLLE,0.19
16194,JP,JP,TEXT1,MEATC,0.19
15543,JP,JP,SECO9,SALEM,0.19
14687,JP,JP,RETA1,NUCLE,0.19
11659,JP,JP,PAPE4,TEXTI,0.19
6896,JP,JP,FURNI,PROCE,0.19
15623,JP,JP,STEAM,LEAD1,0.19
16466,JP,JP,TEXTI,PROCE,0.19
211,JP,JP,AIRTR,INLAN,0.19
1928,JP,JP,CEREA,NAPHT,0.19
631,JP,JP,AUXIL,PLAS2,0.19
1885,JP,JP,CEREA,BEVER,0.19
3871,JP,JP,ELE11,PROCE,0.19
753,JP,JP,BASIC,KERO1,0.19
8965,JP,JP,LUBRI,DAIRY,0.19
12588,JP,JP,PLAST,VEGET,0.19
460,JP,JP,ANIMA,ELEC4,0.19
16540,JP,JP,TOBAC,INTER,0.19
5868,JP,JP,FISHF,WOOD1,0.19
8905,JP,JP,LIQUE,PLAS1,0.19
459,JP,JP,ANIMA,ELEC3,0.19
8233,JP,JP,KERO1,COALT,0.19
5072,JP,JP,ELEC8,MEATA,0.19
1068,JP,JP,BITU1,EDUCA,0.19
16355,JP,JP,TEXT2,SEACO,0.19
5876,JP,JP,FOOD2,BEVER,0.19
335,JP,JP,ALUM1,ELEC3,0.19
14369,JP,JP,RENTI,NATU1,0.19
225,JP,JP,AIRTR,MEATA,0.19
12057,JP,JP,PIGS9,COLLE,0.19
11530,JP,JP,PAPE1,STEAM,0.19
9371,JP,JP,MEAT4,TRANS,0.19
1856,JP,JP,CERAM,RECRE,0.19
3841,JP,JP,ELE11,MEATP,0.19
6498,JP,JP,FOODW,STEAM,0.19
15919,JP,JP,SUGAR,FINAN,0.19
9860,JP,JP,MEMBE,RETAI,0.19
4120,JP,JP,ELEC1,IRONO,0.19
9292,JP,JP,MEAT4,COPP1,0.19
11346,JP,JP,PADDY,LEAD1,0.19
1411,JP,JP,BUSIN,CHARC,0.19
15174,JP,JP,SALEM,TEXT2,0.19
15950,JP,JP,SUGAR,PLAST,0.19
17069,JP,JP,VEGET,BUSIN,0.19
15441,JP,JP,SEACO,WHITE,0.18
17300,JP,JP,WASTE,TRANS,0.18
7643,JP,JP,HOTEL,PIGS9,0.18
4447,JP,JP,ELEC3,NONSP,0.18
6756,JP,JP,FOUND,RECRE,0.18
12146,JP,JP,PLANT,ANIMA,0.18
3164,JP,JP,CROPS,RAILW,0.18
15866,JP,JP,SUGA1,PRINT,0.18
10944,JP,JP,OFFIC,MEATC,0.18
6199,JP,JP,FOOD4,RAWMI,0.18
12036,JP,JP,PFERT,WOOD1,0.18
16493,JP,JP,TEXTI,TRAN1,0.18
5938,JP,JP,FOOD2,NONF1,0.18
8068,JP,JP,INTER,CERAM,0.18
8966,JP,JP,LUBRI,DIST1,0.18
7391,JP,JP,HEALT,WOOLS,0.18
10261,JP,JP,NAPHT,STEAM,0.18
12660,JP,JP,POSTT,INLAN,0.18
12288,JP,JP,PLAS1,MEATC,0.18
8149,JP,JP,INTER,POULT,0.18
12881,JP,JP,PREC1,ELEC1,0.18
16251,JP,JP,TEXT1,TOBAC,0.18
3414,JP,JP,DIST1,KEROS,0.18
7489,JP,JP,HEAVY,PIGS9,0.18
17328,JP,JP,WEARI,COALT,0.18
8608,JP,JP,LEAD1,ELEC2,0.18
17754,JP,JP,WOOD1,ELEC6,0.18
8986,JP,JP,LUBRI,INTER,0.18
17258,JP,JP,WASTE,PADDY,0.18
16926,JP,JP,URANI,WHOLE,0.18
9478,JP,JP,MEATC,MOTO1,0.18
10373,JP,JP,NATUR,RENTI,0.18
2142,JP,JP,CHEMI,DIST1,0.18
7748,JP,JP,INERT,LANDT,0.18
6351,JP,JP,FOOD5,SANDC,0.18
15641,JP,JP,STEAM,NONFE,0.18
829,JP,JP,BASIC,WHITE,0.18
5160,JP,JP,ELECT,BITUM,0.18
10479,JP,JP,NFERT,RUBBE,0.18
2467,JP,JP,COKEO,TEXTI,0.18
17443,JP,JP,WEARI,TEXT2,0.18
7223,JP,JP,GLASS,TEXT1,0.18
12067,JP,JP,PIGS9,ELEC3,0.18
7842,JP,JP,INLAN,GLASS,0.18
9598,JP,JP,MEATP,VEGET,0.18
17587,JP,JP,WHOLE,CHARC,0.18
6379,JP,JP,FOODW,ANIMA,0.18
11408,JP,JP,PAPE1,ANIMA,0.18
7880,JP,JP,INLAN,PRINT,0.18
6472,JP,JP,FOODW,PLAS2,0.18
1650,JP,JP,CEMEN,BITUM,0.18
15281,JP,JP,SANDC,SECO9,0.18
7829,JP,JP,INLAN,ELEC2,0.18
17485,JP,JP,WHEAT,KERO1,0.18
6477,JP,JP,FOODW,PRECI,0.18
1078,JP,JP,BITU1,ELECT,0.18
663,JP,JP,AUXIL,TEXT2,0.18
13864,JP,JP,RAWMI,OFFIC,0.18
16946,JP,JP,VEGE1,COKE1,0.18
11510,JP,JP,PAPE1,PRECI,0.18
16353,JP,JP,TEXT2,SALEM,0.18
15914,JP,JP,SUGAR,ELEC2,0.18
16460,JP,JP,TEXTI,PLAS2,0.18
9771,JP,JP,MEMBE,DAIRY,0.18
451,JP,JP,ANIMA,CROPS,0.18
13868,JP,JP,RAWMI,PAPER,0.18
8605,JP,JP,LEAD1,EDUCA,0.18
9051,JP,JP,MACHI,BIODI,0.18
15626,JP,JP,STEAM,LUBRI,0.18
17234,JP,JP,WASTE,KEROS,0.18
3470,JP,JP,DIST1,SANDC,0.18
17941,JP,JP,WOOD2,RAILW,0.18
12345,JP,JP,PLAS1,TOBAC,0.18
3181,JP,JP,CROPS,SUPPO,0.18
8096,JP,JP,INTER,FISH5,0.18
10910,JP,JP,OFFIC,CHARC,0.18
487,JP,JP,ANIMA,MEATC,0.18
8180,JP,JP,INTER,TRAN1,0.18
2351,JP,JP,COKE1,PAPE1,0.18
9982,JP,JP,MOTO1,PADDY,0.18
15212,JP,JP,SANDC,CROPS,0.18
11020,JP,JP,OILHA,ELEC6,0.18
10486,JP,JP,NFERT,TOBAC,0.18
17564,JP,JP,WHITE,RUBBE,0.18
7651,JP,JP,HOTEL,PRECI,0.18
3413,JP,JP,DIST1,KERO1,0.18
47,JP,JP,93197,FOOD2,0.18
18130,JP,JP,WOOLS,KERO1,0.18
6038,JP,JP,FOOD3,LANDT,0.18
7837,JP,JP,INLAN,FOODW,0.18
9535,JP,JP,MEATP,ELE12,0.18
336,JP,JP,ALUM1,ELEC4,0.18
6529,JP,JP,FORES,BLAST,0.18
17555,JP,JP,WHITE,NONME,0.18
15963,JP,JP,SUGAR,SALEM,0.18
1911,JP,JP,CEREA,HOTEL,0.18
7641,JP,JP,HOTEL,PETRO,0.18
14750,JP,JP,RETA1,WOOLS,0.18
14313,JP,JP,RENTI,CRUDE,0.18
10290,JP,JP,NATUR,COKEO,0.18
17367,JP,JP,WEARI,HEAVY,0.18
10428,JP,JP,NFERT,ELEC8,0.18
13151,JP,JP,PROCE,CATTL,0.17
13159,JP,JP,PROCE,CONST,0.17
1202,JP,JP,BITUM,TRANS,0.17
16243,JP,JP,TEXT1,SECO9,0.17
10632,JP,JP,NONFE,BASIC,0.17
15571,JP,JP,STEAM,BLAST,0.17
9875,JP,JP,MEMBE,TRAN2,0.17
17561,JP,JP,WHITE,PRINT,0.17
13088,JP,JP,PRINT,PETRO,0.17
721,JP,JP,BASIC,EDUCA,0.17
4774,JP,JP,ELEC5,TEXT1,0.17
16139,JP,JP,TEXT1,CHEMI,0.17
14755,JP,JP,RETAI,AUXIL,0.17
16769,JP,JP,TRAN2,OFFIC,0.17
1258,JP,JP,BLAST,LEATH,0.17
5874,JP,JP,FOOD2,AUXIL,0.17
13382,JP,JP,PULP5,ANIMA,0.17
2216,JP,JP,CHEMI,TOBAC,0.17
1111,JP,JP,BITU1,PAPER,0.17
18110,JP,JP,WOODW,WOOD2,0.17
1305,JP,JP,BLAST,TEXT1,0.17
9310,JP,JP,MEAT4,FISHF,0.17
6530,JP,JP,FORES,BRICK,0.17
17462,JP,JP,WHEAT,BEVER,0.17
694,JP,JP,BASIC,BIODI,0.17
4480,JP,JP,ELEC3,RETAI,0.17
10108,JP,JP,MOTOR,MEATC,0.17
17919,JP,JP,WOOD2,MOTOR,0.17
10742,JP,JP,NONME,GASWO,0.17
9647,JP,JP,MEDIC,FOOD4,0.17
938,JP,JP,BEVER,SUGAR,0.17
12491,JP,JP,PLAST,COKE1,0.17
14448,JP,JP,RESEA,BIOG1,0.17
16875,JP,JP,TRANS,PAPE1,0.17
13495,JP,JP,PULP5,WASTE,0.17
12480,JP,JP,PLAST,BLAST,0.17
17811,JP,JP,WOOD1,PIGS9,0.17
10652,JP,JP,NONFE,FOOD5,0.17
8369,JP,JP,KEROS,BUSIN,0.17
6269,JP,JP,FOOD5,ELEC5,0.17
7018,JP,JP,GASDI,NATUR,0.17
677,JP,JP,AUXIL,WOOD2,0.17
2333,JP,JP,COKE1,LUBRI,0.17
5305,JP,JP,ELECT,WOOLS,0.17
620,JP,JP,AUXIL,OILSE,0.17
9222,JP,JP,MEAT1,FISHF,0.17
12972,JP,JP,PRECI,NONME,0.17
1117,JP,JP,BITU1,PRINT,0.17
9253,JP,JP,MEAT1,RENTI,0.17
3928,JP,JP,ELE12,COKEO,0.17
7871,JP,JP,INLAN,PAPER,0.17
7165,JP,JP,GLASS,KEROS,0.17
8946,JP,JP,LIQUE,WOOD1,0.17
15483,JP,JP,SECO9,FISHF,0.17
14858,JP,JP,RETAI,RETAI,0.17
10471,JP,JP,NFERT,PROCE,0.17
1374,JP,JP,BRICK,PRINT,0.17
9029,JP,JP,LUBRI,RETAI,0.17
16648,JP,JP,TRAN1,NATU1,0.17
17210,JP,JP,WASTE,ELEC4,0.17
2414,JP,JP,COKEO,ELE12,0.17
999,JP,JP,BIOG1,LIQUE,0.17
15968,JP,JP,SUGAR,SUPPO,0.17
6155,JP,JP,FOOD4,KERO1,0.17
2422,JP,JP,COKEO,ELECT,0.17
8934,JP,JP,LIQUE,TEXT1,0.17
9231,JP,JP,MEAT1,INSUR,0.17
12411,JP,JP,PLAS2,LANDT,0.17
16795,JP,JP,TRAN2,WHITE,0.17
10579,JP,JP,NONF1,PAPE1,0.17
159,JP,JP,AIRTR,BLAST,0.17
12337,JP,JP,PLAS1,SECO9,0.17
10452,JP,JP,NFERT,MEATP,0.17
17486,JP,JP,WHEAT,KEROS,0.17
8615,JP,JP,LEAD1,FISH5,0.17
9466,JP,JP,MEATC,FORES,0.17
5617,JP,JP,FINAN,WOOLS,0.17
4728,JP,JP,ELEC5,NATUR,0.17
13563,JP,JP,RADIO,INTER,0.17
10620,JP,JP,NONF1,VEGE1,0.17
9266,JP,JP,MEAT1,VEGET,0.17
9617,JP,JP,MEDIC,CATTL,0.17
12233,JP,JP,PLAS1,CHEMI,0.17
11077,JP,JP,OILHA,PIGS9,0.17
3122,JP,JP,CROPS,LUBRI,0.17
16310,JP,JP,TEXT2,INSUR,0.17
1227,JP,JP,BLAST,DIST1,0.17
8657,JP,JP,LEAD1,PROCE,0.17
15188,JP,JP,SALEM,WOOD2,0.17
15032,JP,JP,RUBBE,WHITE,0.17
11152,JP,JP,OILSE,INSUR,0.17
16117,JP,JP,SUPPO,WHITE,0.17
3916,JP,JP,ELE12,BITU1,0.17
2337,JP,JP,COKE1,MEATC,0.17
4876,JP,JP,ELEC6,NONSP,0.17
17088,JP,JP,VEGET,ELEC2,0.17
13508,JP,JP,RADIO,BIODI,0.17
17998,JP,JP,WOODW,ELE12,0.17
6583,JP,JP,FORES,KERO1,0.17
16548,JP,JP,TOBAC,OILHA,0.17
12816,JP,JP,POULT,NONF1,0.17
17727,JP,JP,WOOD1,BRICK,0.17
15816,JP,JP,SUGA1,ELE12,0.17
17082,JP,JP,VEGET,DAIRY,0.17
6180,JP,JP,FOOD4,PADDY,0.17
17916,JP,JP,WOOD2,MEDIC,0.17
1890,JP,JP,CEREA,CHEM1,0.17
1555,JP,JP,CATTL,BRICK,0.17
18064,JP,JP,WOODW,PLAS2,0.17
4023,JP,JP,ELE12,REFIN,0.17
4750,JP,JP,ELEC5,PRECI,0.17
3103,JP,JP,CROPS,FORES,0.17
4788,JP,JP,ELEC5,WOOD1,0.17
8620,JP,JP,LEAD1,FOODW,0.16
13194,JP,JP,PROCE,MEDIC,0.16
8171,JP,JP,INTER,SECO9,0.16
18079,JP,JP,WOODW,REFI1,0.16
13728,JP,JP,RAILW,NFERT,0.16
6740,JP,JP,FOUND,PFERT,0.16
5799,JP,JP,FISHF,LANDT,0.16
10945,JP,JP,OFFIC,MEATP,0.16
18131,JP,JP,WOOLS,KEROS,0.16
10851,JP,JP,NONSP,FABRI,0.16
11399,JP,JP,PADDY,VEGET,0.16
300,JP,JP,ALUM1,93197,0.16
8286,JP,JP,KERO1,MEAT1,0.16
13120,JP,JP,PRINT,SUGA1,0.16
4714,JP,JP,ELEC5,LEATH,0.16
16907,JP,JP,TRANS,TEXTI,0.16
18116,JP,JP,WOOLS,COKE1,0.16
11221,JP,JP,OXYGE,ELEC2,0.16
15471,JP,JP,SECO9,ELE11,0.16
16604,JP,JP,TRAN1,ELEC4,0.16
3182,JP,JP,CROPS,TEXT1,0.16
12203,JP,JP,PLANT,PULP5,0.16
6584,JP,JP,FORES,KEROS,0.16
6742,JP,JP,FOUND,PLAS1,0.16
269,JP,JP,AIRTR,REFIN,0.16
13645,JP,JP,RADIO,WOOLS,0.16
14604,JP,JP,RETA1,BITUM,0.16
8067,JP,JP,INTER,CEMEN,0.16
11576,JP,JP,PAPE4,DISTR,0.16
9185,JP,JP,MACHI,TRAN2,0.16
9396,JP,JP,MEATA,FOOD5,0.16
5629,JP,JP,FISH5,CATTL,0.16
17876,JP,JP,WOOD2,COPP1,0.16
17949,JP,JP,WOOD2,RUBBE,0.16
12507,JP,JP,PLAST,ELEC6,0.16
7163,JP,JP,GLASS,INTER,0.16
3251,JP,JP,DAIRY,ELEC3,0.16
6289,JP,JP,FOOD5,HEAVY,0.16
17135,JP,JP,VEGET,PAPE1,0.16
14767,JP,JP,RETAI,CHEMI,0.16
2832,JP,JP,CONST,FOOD3,0.16
5860,JP,JP,FISHF,TOBAC,0.16
3064,JP,JP,CROPS,BLAST,0.16
3177,JP,JP,CROPS,SECO9,0.16
14759,JP,JP,RETAI,BLAST,0.16
6032,JP,JP,FOOD3,HEAVY,0.16
10993,JP,JP,OILHA,BRICK,0.16
15682,JP,JP,STEAM,TEXT2,0.16
7372,JP,JP,HEALT,SUGAR,0.16
3119,JP,JP,CROPS,LEAD1,0.16
9551,JP,JP,MEATP,FORES,0.16
16400,JP,JP,TEXTI,ELEC3,0.16
8713,JP,JP,LEATH,ELE12,0.16
7870,JP,JP,INLAN,PAPE1,0.16
12899,JP,JP,PREC1,HEALT,0.16
1237,JP,JP,BLAST,FISH5,0.16
7640,JP,JP,HOTEL,PARAF,0.16
15724,JP,JP,STONE,FABRI,0.16
13415,JP,JP,PULP5,ELEC8,0.16
865,JP,JP,BEVER,ELEC6,0.16
11079,JP,JP,OILHA,PLAS2,0.16
16595,JP,JP,TRAN1,CRUDE,0.16
5130,JP,JP,ELEC8,SUGAR,0.16
10487,JP,JP,NFERT,TRAN1,0.16
11163,JP,JP,OILSE,MEMBE,0.16
39,JP,JP,93197,ELEC5,0.16
1302,JP,JP,BLAST,STEAM,0.16
5873,JP,JP,FOOD2,ALUM1,0.16
14129,JP,JP,RECRE,LUBRI,0.16
5627,JP,JP,FISH5,BRICK,0.16
8103,JP,JP,INTER,FORES,0.16
158,JP,JP,AIRTR,BITU1,0.16
2690,JP,JP,COMPU,INERT,0.16
16993,JP,JP,VEGE1,MEAT4,0.16
6156,JP,JP,FOOD4,KEROS,0.16
3228,JP,JP,DAIRY,BRICK,0.16
16988,JP,JP,VEGE1,LEATH,0.16
1047,JP,JP,BIOG1,WOODW,0.16
17895,JP,JP,WOOD2,FOOD5,0.16
12800,JP,JP,POULT,INSUR,0.16
12023,JP,JP,PFERT,STEAM,0.16
16159,JP,JP,TEXT1,ELEC6,0.16
6921,JP,JP,FURNI,TEXT2,0.16
8117,JP,JP,INTER,LEAD1,0.16
1290,JP,JP,BLAST,PULP5,0.16
15789,JP,JP,STONE,WHOLE,0.16
116,JP,JP,93197,REFI1,0.16
2204,JP,JP,CHEMI,REALE,0.16
17262,JP,JP,WASTE,PFERT,0.16
15399,JP,JP,SEACO,PLAS2,0.16
6210,JP,JP,FOOD4,SANDC,0.16
9452,JP,JP,MEATC,EDUCA,0.16
11635,JP,JP,PAPE4,PREC1,0.16
6196,JP,JP,FOOD4,PULP5,0.16
8795,JP,JP,LEATH,SECO9,0.16
13746,JP,JP,RAILW,PLAS2,0.16
9764,JP,JP,MEMBE,COKE1,0.16
10256,JP,JP,NAPHT,REFI1,0.16
6251,JP,JP,FOOD5,COALT,0.16
1329,JP,JP,BRICK,CHEM1,0.16
8784,JP,JP,LEATH,RAWMI,0.16
15729,JP,JP,STONE,FOOD5,0.16
10596,JP,JP,NONF1,RAILW,0.16
7800,JP,JP,INERT,TEXTI,0.16
3571,JP,JP,DISTR,MEATA,0.15
3422,JP,JP,DIST1,MEAT4,0.15
13315,JP,JP,PUBLI,MEATP,0.15
14263,JP,JP,REFIN,GASWO,0.15
10441,JP,JP,NFERT,HEAVY,0.15
491,JP,JP,ANIMA,MOTOR,0.15
9557,JP,JP,MEATP,INTER,0.15
3557,JP,JP,DISTR,INLAN,0.15
2144,JP,JP,CHEMI,EDUCA,0.15
17457,JP,JP,WEARI,WOOD2,0.15
5831,JP,JP,FISHF,POULT,0.15
13407,JP,JP,PULP5,ELE12,0.15
5034,JP,JP,ELEC8,ELEC3,0.15
11737,JP,JP,PAPER,KERO1,0.15
16814,JP,JP,TRANS,COKEO,0.15
4431,JP,JP,ELEC3,MEAT1,0.15
15885,JP,JP,SUGA1,TEXT1,0.15
4910,JP,JP,ELEC6,RETAI,0.15
245,JP,JP,AIRTR,PAPE4,0.15
10695,JP,JP,NONME,BITUM,0.15
5044,JP,JP,ELEC8,FOOD3,0.15
2299,JP,JP,COKE1,DAIRY,0.15
3410,JP,JP,DIST1,INLAN,0.15
17249,JP,JP,WASTE,NAPHT,0.15
8745,JP,JP,LEATH,LEAD1,0.15
11351,JP,JP,PADDY,MEAT1,0.15
11575,JP,JP,PAPE4,DIST1,0.15
16987,JP,JP,VEGE1,LEAD1,0.15
12501,JP,JP,PLAST,ELE12,0.15
15703,JP,JP,STONE,BRICK,0.15
13431,JP,JP,PULP5,HEALT,0.15
13999,JP,JP,REALE,NONSP,0.15
13256,JP,JP,PUBLI,CERAM,0.15
17492,JP,JP,WHEAT,MEATC,0.15
12026,JP,JP,PFERT,SUPPO,0.15
139,JP,JP,93197,VEGE1,0.15
821,JP,JP,BASIC,TRAN2,0.15
17565,JP,JP,WHITE,SECO9,0.15
8375,JP,JP,KEROS,DIST1,0.15
7334,JP,JP,HEALT,PADDY,0.15
11289,JP,JP,OXYGE,VEGE1,0.15
2270,JP,JP,COALT,RUBBE,0.15
14760,JP,JP,RETAI,BRICK,0.15
12882,JP,JP,PREC1,ELEC2,0.15
8821,JP,JP,LIQUE,BITU1,0.15
237,JP,JP,AIRTR,NONFE,0.15
9443,JP,JP,MEATC,CATTL,0.15
12214,JP,JP,PLANT,WEARI,0.15
4492,JP,JP,ELEC3,TEXT2,0.15
934,JP,JP,BEVER,SECO9,0.15
12813,JP,JP,POULT,MOTO1,0.15
2484,JP,JP,COLLE,BITUM,0.15
12253,JP,JP,PLAS1,ELEC6,0.15
10228,JP,JP,NAPHT,LUBRI,0.15
17201,JP,JP,WASTE,CROPS,0.15
15492,JP,JP,SECO9,GASWO,0.15
4043,JP,JP,ELE12,TRAN2,0.15
1459,JP,JP,BUSIN,IRONO,0.15
10490,JP,JP,NFERT,WEARI,0.15
10314,JP,JP,NATUR,FOODW,0.15
1970,JP,JP,CHEM1,BIOG1,0.15
12056,JP,JP,PIGS9,COKE1,0.15
11676,JP,JP,PAPER,BIODI,0.15
12462,JP,JP,PLAS2,TEXTI,0.15
12772,JP,JP,POULT,COPP1,0.15
6499,JP,JP,FOODW,STONE,0.15
2143,JP,JP,CHEMI,DISTR,0.15
11531,JP,JP,PAPE1,STONE,0.15
15704,JP,JP,STONE,BUSIN,0.15
12078,JP,JP,PIGS9,FOODW,0.15
316,JP,JP,ALUM1,CEREA,0.15
7194,JP,JP,GLASS,PIGS9,0.15
16640,JP,JP,TRAN1,MEATA,0.15
11581,JP,JP,PAPE4,ELEC3,0.15
10330,JP,JP,NATUR,LEATH,0.15
10404,JP,JP,NFERT,BLAST,0.15
6613,JP,JP,FORES,PAPE4,0.15
3072,JP,JP,CROPS,CHEMI,0.15
8085,JP,JP,INTER,ELE12,0.15
2332,JP,JP,COKE1,LIQUE,0.15
16345,JP,JP,TEXT2,RAILW,0.15
11234,JP,JP,OXYGE,HEALT,0.15
1400,JP,JP,BUSIN,BIOG1,0.15
14839,JP,JP,RETAI,PFERT,0.15
13190,JP,JP,PROCE,LANDT,0.15
15814,JP,JP,SUGA1,DISTR,0.15
293,JP,JP,AIRTR,WASTE,0.15
6457,JP,JP,FOODW,NONFE,0.15
12954,JP,JP,PREC1,WOOD1,0.15
12903,JP,JP,PREC1,INTER,0.15
4580,JP,JP,ELEC4,MEATA,0.15
11489,JP,JP,PAPE1,NONFE,0.15
17510,JP,JP,WHEAT,RAWMI,0.15
9321,JP,JP,MEAT4,INSUR,0.15
18067,JP,JP,WOODW,POULT,0.15
3099,JP,JP,CROPS,FOOD3,0.15
15557,JP,JP,SECO9,WHOLE,0.15
10811,JP,JP,NONME,TOBAC,0.15
1380,JP,JP,BRICK,RETA1,0.15
12005,JP,JP,PFERT,POSTT,0.15
13235,JP,JP,PROCE,TEXTI,0.15
6817,JP,JP,FURNI,ELE11,0.15
13523,JP,JP,RADIO,COKEO,0.15
18106,JP,JP,WOODW,WHEAT,0.15
2002,JP,JP,CHEM1,ELEC5,0.15
1581,JP,JP,CATTL,FOODW,0.15
16744,JP,JP,TRAN2,FABRI,0.15
7810,JP,JP,INLAN,93197,0.15
15246,JP,JP,SANDC,MEDIC,0.15
16216,JP,JP,TEXT1,PIGS9,0.15
12122,JP,JP,PIGS9,RAWMI,0.15
15907,JP,JP,SUGAR,COMPU,0.15
9207,JP,JP,MEAT1,CONST,0.15
5651,JP,JP,FISH5,ELEC5,0.15
12085,JP,JP,PIGS9,HOTEL,0.15
12120,JP,JP,PIGS9,RADIO,0.15
5923,JP,JP,FOOD2,LANDT,0.15
13049,JP,JP,PRINT,INLAN,0.15
9062,JP,JP,MACHI,CHARC,0.14
10873,JP,JP,NONSP,NFERT,0.14
1618,JP,JP,CATTL,POULT,0.14
15639,JP,JP,STEAM,NFERT,0.14
3430,JP,JP,DIST1,NAPHT,0.14
7918,JP,JP,INSUR,BLAST,0.14
14872,JP,JP,RETAI,VEGE1,0.14
8719,JP,JP,LEATH,ELEC6,0.14
1368,JP,JP,BRICK,PAPER,0.14
13258,JP,JP,PUBLI,CHEMI,0.14
3665,JP,JP,EDUCA,COKE1,0.14
3723,JP,JP,EDUCA,NAPHT,0.14
17131,JP,JP,VEGET,OFFIC,0.14
11236,JP,JP,OXYGE,HOTEL,0.14
6135,JP,JP,FOOD4,ELEC8,0.14
9425,JP,JP,MEATA,RAWMI,0.14
9021,JP,JP,LUBRI,RAWMI,0.14
3308,JP,JP,DAIRY,POULT,0.14
11907,JP,JP,PETRO,PRINT,0.14
9389,JP,JP,MEATA,COMPU,0.14
14066,JP,JP,RECRE,ANIMA,0.14
12802,JP,JP,POULT,LANDT,0.14
7210,JP,JP,GLASS,REFI1,0.14
7904,JP,JP,INLAN,TRANS,0.14
2791,JP,JP,CONST,BIOG1,0.14
9284,JP,JP,MEAT4,CERAM,0.14
14294,JP,JP,RENTI,BITUM,0.14
7939,JP,JP,INSUR,ELE11,0.14
9623,JP,JP,MEDIC,CHEMI,0.14
6526,JP,JP,FORES,BIOG1,0.14
4729,JP,JP,ELEC5,NFERT,0.14
10021,JP,JP,MOTO1,SUGAR,0.14
8614,JP,JP,LEAD1,FINAN,0.14
9305,JP,JP,MEAT4,ELEC8,0.14
17497,JP,JP,WHEAT,NAPHT,0.14
8307,JP,JP,KERO1,PAPE4,0.14
6411,JP,JP,FOODW,ELEC5,0.14
11441,JP,JP,PAPE1,ELEC5,0.14
9845,JP,JP,MEMBE,PREC1,0.14
17277,JP,JP,WASTE,RAWMI,0.14
5213,JP,JP,ELECT,INLAN,0.14
1548,JP,JP,BUSIN,WOOLS,0.14
12310,JP,JP,PLAS1,PIGS9,0.14
13182,JP,JP,PROCE,FURNI,0.14
17046,JP,JP,VEGE1,TRAN1,0.14
1301,JP,JP,BLAST,SECO9,0.14
8973,JP,JP,LUBRI,FISH5,0.14
11874,JP,JP,PETRO,ELEC8,0.14
7071,JP,JP,GASDI,TRAN1,0.14
17478,JP,JP,WHEAT,FOODW,0.14
15574,JP,JP,STEAM,CATTL,0.14
1627,JP,JP,CATTL,RENTI,0.14
3683,JP,JP,EDUCA,ELEC6,0.14
3776,JP,JP,EDUCA,WOOD1,0.14
7248,JP,JP,HEALT,BIOG1,0.14
3435,JP,JP,DIST1,NONFE,0.14
12731,JP,JP,POSTT,SUGA1,0.14
3090,JP,JP,CROPS,ELEC5,0.14
13781,JP,JP,RAILW,TRAN1,0.14
406,JP,JP,ALUM1,REFI1,0.14
7008,JP,JP,GASDI,MEAT4,0.14
16545,JP,JP,TOBAC,MOTO1,0.14
2310,JP,JP,COKE1,FISH5,0.14
14853,JP,JP,RETAI,REFI1,0.14
16324,JP,JP,TEXT2,MOTOR,0.14
12158,JP,JP,PLANT,DISTR,0.14
16168,JP,JP,TEXT1,FOOD4,0.14
16767,JP,JP,TRAN2,NONME,0.14
8604,JP,JP,LEAD1,DISTR,0.14
3746,JP,JP,EDUCA,PULP5,0.14
1150,JP,JP,BITUM,FABRI,0.14
15580,JP,JP,STEAM,COALT,0.14
2279,JP,JP,COKE1,ANIMA,0.14
16132,JP,JP,TEXT1,BRICK,0.14
441,JP,JP,ANIMA,BRICK,0.14
18139,JP,JP,WOOLS,NAPHT,0.14
8785,JP,JP,LEATH,REALE,0.14
2344,JP,JP,COKE1,NFERT,0.14
14347,JP,JP,RENTI,INLAN,0.14
17468,JP,JP,WHEAT,DAIRY,0.14
17189,JP,JP,WASTE,CATTL,0.14
2981,JP,JP,COPP1,FOOD4,0.14
4860,JP,JP,ELEC6,MEAT1,0.14
18048,JP,JP,WOODW,NONFE,0.14
828,JP,JP,BASIC,WHEAT,0.14
6090,JP,JP,FOOD3,TEXTI,0.14
3043,JP,JP,COPP1,TRAN1,0.14
4460,JP,JP,ELEC3,PLAS2,0.14
6171,JP,JP,FOOD4,NAPHT,0.14
7863,JP,JP,INLAN,MOTOR,0.14
1633,JP,JP,CATTL,STEAM,0.14
3991,JP,JP,ELE12,NONFE,0.14
17052,JP,JP,VEGE1,WEARI,0.14
10352,JP,JP,NATUR,PAPE1,0.14
6095,JP,JP,FOOD3,VEGET,0.14
4,JP,JP,93197,ANIMA,0.14
3814,JP,JP,ELE11,FISHF,0.14
13082,JP,JP,PRINT,OXYGE,0.14
4922,JP,JP,ELEC6,TEXT2,0.14
13165,JP,JP,PROCE,ELE12,0.14
2245,JP,JP,COALT,FOOD5,0.14
16487,JP,JP,TEXTI,SUGAR,0.14
1828,JP,JP,CERAM,MEATP,0.14
4139,JP,JP,ELEC1,NATU1,0.14
5146,JP,JP,ELEC8,WOOD1,0.14
5313,JP,JP,FABRI,BIODI,0.14
8119,JP,JP,INTER,LIQUE,0.14
10514,JP,JP,NONF1,COMPU,0.14
4341,JP,JP,ELEC2,SUGA1,0.14
13918,JP,JP,REALE,BITUM,0.14
6631,JP,JP,FORES,RAWMI,0.14
3179,JP,JP,CROPS,STONE,0.14
13234,JP,JP,PROCE,TEXT1,0.14
6972,JP,JP,GASDI,ELEC3,0.14
9027,JP,JP,LUBRI,RESEA,0.14
11616,JP,JP,PAPE4,MEMBE,0.14
6454,JP,JP,FOODW,NATUR,0.14
11391,JP,JP,PADDY,STEAM,0.14
11486,JP,JP,PAPE1,NATUR,0.14
2257,JP,JP,COALT,MOTO1,0.14
15031,JP,JP,RUBBE,WHEAT,0.14
1079,JP,JP,BITU1,FABRI,0.14
16102,JP,JP,SUPPO,SUGA1,0.14
17227,JP,JP,WASTE,GLASS,0.14
7023,JP,JP,GASDI,NONSP,0.14
11600,JP,JP,PAPE4,HEAVY,0.14
12573,JP,JP,PLAST,RETA1,0.14
14098,JP,JP,RECRE,ELEC5,0.14
12018,JP,JP,PFERT,RENTI,0.14
6111,JP,JP,FOOD4,CATTL,0.14
14901,JP,JP,RUBBE,CHARC,0.14
737,JP,JP,BASIC,FOOD3,0.14
1916,JP,JP,CEREA,LANDT,0.13
6884,JP,JP,FURNI,PARAF,0.13
13146,JP,JP,PROCE,BASIC,0.13
658,JP,JP,AUXIL,STONE,0.13
15251,JP,JP,SANDC,NONF1,0.13
18122,JP,JP,WOOLS,ELEC2,0.13
14527,JP,JP,RESEA,NFERT,0.13
2971,JP,JP,COPP1,ELEC3,0.13
5300,JP,JP,ELECT,WHITE,0.13
8629,JP,JP,LEAD1,LANDT,0.13
12226,JP,JP,PLAS1,BRICK,0.13
8646,JP,JP,LEAD1,PAPE1,0.13
1612,JP,JP,CATTL,PAPE1,0.13
8186,JP,JP,INTER,WEARI,0.13
9703,JP,JP,MEDIC,PRECI,0.13
5440,JP,JP,FABRI,SUGA1,0.13
10060,JP,JP,MOTOR,COKEO,0.13
11205,JP,JP,OXYGE,CEMEN,0.13
16352,JP,JP,TEXT2,RUBBE,0.13
17735,JP,JP,WOOD1,COALT,0.13
13682,JP,JP,RAILW,ELEC3,0.13
16281,JP,JP,TEXT2,COPP1,0.13
7977,JP,JP,INSUR,LUBRI,0.13
13534,JP,JP,RADIO,ELE12,0.13
16321,JP,JP,TEXT2,MEDIC,0.13
10980,JP,JP,OFFIC,WEARI,0.13
17922,JP,JP,WOOD2,NONME,0.13
13718,JP,JP,RAILW,MEAT4,0.13
8313,JP,JP,KERO1,PLAS1,0.13
9948,JP,JP,MOTO1,INLAN,0.13
7718,JP,JP,INERT,DISTR,0.13
16008,JP,JP,SUPPO,ELE11,0.13
14815,JP,JP,RETAI,LUBRI,0.13
10834,JP,JP,NONSP,CHEM1,0.13
12682,JP,JP,POSTT,NATU1,0.13
6591,JP,JP,FORES,MEAT1,0.13
3912,JP,JP,ELE12,AUXIL,0.13
1923,JP,JP,CEREA,MEATC,0.13
10119,JP,JP,MOTOR,NONFE,0.13
5143,JP,JP,ELEC8,WHEAT,0.13
13902,JP,JP,RAWMI,TRANS,0.13
14171,JP,JP,RECRE,RAWMI,0.13
9344,JP,JP,MEAT4,PLAS1,0.13
15751,JP,JP,STONE,NONF1,0.13
3152,JP,JP,CROPS,PLAS1,0.13
5832,JP,JP,FISHF,PREC1,0.13
621,JP,JP,AUXIL,OXYGE,0.13
4716,JP,JP,ELEC5,LUBRI,0.13
12911,JP,JP,PREC1,MEATC,0.13
7777,JP,JP,INERT,PREC1,0.13
5974,JP,JP,FOOD2,TEXTI,0.13
1273,JP,JP,BLAST,NFERT,0.13
16780,JP,JP,TRAN2,REALE,0.13
12994,JP,JP,PRINT,BIOG1,0.13
16300,JP,JP,TEXT2,FOOD5,0.13
17973,JP,JP,WOODW,BIODI,0.13
9762,JP,JP,MEMBE,CHEMI,0.13
3479,JP,JP,DIST1,TEXT2,0.13
13517,JP,JP,RADIO,CEREA,0.13
15799,JP,JP,SUGA1,BEVER,0.13
11949,JP,JP,PFERT,ELE11,0.13
7717,JP,JP,INERT,DIST1,0.13
910,JP,JP,BEVER,PLAS1,0.13
7191,JP,JP,GLASS,PAPE4,0.13
11001,JP,JP,OILHA,COALT,0.13
5090,JP,JP,ELEC8,OILSE,0.13
12809,JP,JP,POULT,MEATC,0.13
7449,JP,JP,HEAVY,INERT,0.13
5672,JP,JP,FISH5,LEAD1,0.13
17900,JP,JP,WOOD2,GASDI,0.13
9275,JP,JP,MEAT4,ANIMA,0.13
6007,JP,JP,FOOD3,DIST1,0.13
15819,JP,JP,SUGA1,ELEC3,0.13
12106,JP,JP,PIGS9,PAPE1,0.13
4085,JP,JP,ELEC1,CRUDE,0.13
2178,JP,JP,CHEMI,MEATP,0.13
13570,JP,JP,RADIO,LUBRI,0.13
13072,JP,JP,PRINT,NATUR,0.13
6682,JP,JP,FOUND,COMPU,0.13
3352,JP,JP,DIST1,AUXIL,0.13
12381,JP,JP,PLAS2,DISTR,0.13
4055,JP,JP,ELE12,WOOLS,0.13
9824,JP,JP,MEMBE,NFERT,0.13
10311,JP,JP,NATUR,FOOD2,0.13
16914,JP,JP,TRANS,WEARI,0.13
3570,JP,JP,DISTR,MEAT4,0.13
9665,JP,JP,MEDIC,KEROS,0.13
2381,JP,JP,COKE1,TEXT1,0.13
14751,JP,JP,RETAI,93197,0.13
14842,JP,JP,RETAI,PLAS2,0.13
6935,JP,JP,FURNI,WOOD2,0.13
7913,JP,JP,INSUR,ANIMA,0.13
3063,JP,JP,CROPS,BITU1,0.13
6067,JP,JP,FOOD3,PREC1,0.13
13314,JP,JP,PUBLI,MEATC,0.13
12925,JP,JP,PREC1,PLAS1,0.13
12568,JP,JP,PLAST,RAWMI,0.13
11781,JP,JP,PAPER,PRECI,0.13
8728,JP,JP,LEATH,FOOD4,0.13
11746,JP,JP,PAPER,MEAT4,0.13
14174,JP,JP,RECRE,REFI1,0.13
2978,JP,JP,COPP1,FISH5,0.13
16938,JP,JP,VEGE1,BUSIN,0.13
14056,JP,JP,REALE,WHEAT,0.13
10141,JP,JP,MOTOR,PROCE,0.13
7742,JP,JP,INERT,HEAVY,0.13
17023,JP,JP,VEGE1,RADIO,0.13
5456,JP,JP,FABRI,WHITE,0.13
15893,JP,JP,SUGA1,WOOD1,0.13
13322,JP,JP,PUBLI,NFERT,0.13
12474,JP,JP,PLAST,AVIAT,0.13
15266,JP,JP,SANDC,PREC1,0.13
12204,JP,JP,PLANT,RETA1,0.13
239,JP,JP,AIRTR,NONSP,0.13
14819,JP,JP,RETAI,MEATA,0.13
841,JP,JP,BEVER,BLAST,0.13
16827,JP,JP,TRANS,ELEC3,0.13
9805,JP,JP,MEMBE,INTER,0.13
1383,JP,JP,BRICK,SALEM,0.12
11765,JP,JP,PAPER,OILSE,0.12
4636,JP,JP,ELEC4,SUGAR,0.12
1203,JP,JP,BITUM,WHOLE,0.12
1816,JP,JP,CERAM,INTER,0.12
8602,JP,JP,LEAD1,DAIRY,0.12
13228,JP,JP,PROCE,SANDC,0.12
8856,JP,JP,LIQUE,FISHF,0.12
1588,JP,JP,CATTL,HEAVY,0.12
4453,JP,JP,ELEC3,PAPE4,0.12
15255,JP,JP,SANDC,OILHA,0.12
1792,JP,JP,CERAM,ELEC1,0.12
11302,JP,JP,PADDY,BLAST,0.12
1239,JP,JP,BLAST,FOOD2,0.12
13906,JP,JP,RAWMI,WOOD1,0.12
8941,JP,JP,LIQUE,VEGET,0.12
4067,JP,JP,ELEC1,BLAST,0.12
7848,JP,JP,INLAN,IRONO,0.12
15037,JP,JP,RUBBE,WOOLS,0.12
12626,JP,JP,POSTT,CRUDE,0.12
9698,JP,JP,MEDIC,PLAS2,0.12
1905,JP,JP,CEREA,FOODW,0.12
16537,JP,JP,TOBAC,HEALT,0.12
4554,JP,JP,ELEC4,FOOD3,0.12
13463,JP,JP,PULP5,PFERT,0.12
10578,JP,JP,NONF1,PADDY,0.12
13794,JP,JP,RAWMI,AIRTR,0.12
17223,JP,JP,WASTE,FORES,0.12
3304,JP,JP,DAIRY,PLAS1,0.12
3765,JP,JP,EDUCA,TEXT1,0.12
1316,JP,JP,BLAST,WOOD1,0.12
5757,JP,JP,FISHF,COKE1,0.12
8847,JP,JP,LIQUE,ELEC3,0.12
9145,JP,JP,MACHI,PETRO,0.12
17783,JP,JP,WOOD1,LEATH,0.12
5144,JP,JP,ELEC8,WHITE,0.12
17146,JP,JP,VEGET,PROCE,0.12
8353,JP,JP,KERO1,WASTE,0.12
15763,JP,JP,STONE,PREC1,0.12
1789,JP,JP,CERAM,DISTR,0.12
8179,JP,JP,INTER,TOBAC,0.12
17631,JP,JP,WHOLE,INERT,0.12
9242,JP,JP,MEAT1,PLAS1,0.12
3888,JP,JP,ELE11,SEACO,0.12
12853,JP,JP,POULT,VEGET,0.12
14071,JP,JP,RECRE,BLAST,0.12
8995,JP,JP,LUBRI,MEATC,0.12
13003,JP,JP,PRINT,CEREA,0.12
6973,JP,JP,GASDI,ELEC4,0.12
15200,JP,JP,SANDC,BUSIN,0.12
12440,JP,JP,PLAS2,PREC1,0.12
4659,JP,JP,ELEC5,ANIMA,0.12
15911,JP,JP,SUGAR,DISTR,0.12
4544,JP,JP,ELEC4,ELEC3,0.12
7979,JP,JP,INSUR,MEAT1,0.12
14,JP,JP,93197,CATTL,0.12
8124,JP,JP,INTER,MEATC,0.12
10366,JP,JP,NATUR,PULP5,0.12
15694,JP,JP,STEAM,WOOD2,0.12
11825,JP,JP,PARAF,BITU1,0.12
7723,JP,JP,INERT,ELEC3,0.12
8310,JP,JP,KERO1,PETRO,0.12
3247,JP,JP,DAIRY,EDUCA,0.12
5035,JP,JP,ELEC8,ELEC4,0.12
1912,JP,JP,CEREA,INSUR,0.12
13150,JP,JP,PROCE,BUSIN,0.12
17974,JP,JP,WOODW,BIOG1,0.12
10442,JP,JP,NFERT,HOTEL,0.12
15227,JP,JP,SANDC,FOOD5,0.12
3705,JP,JP,EDUCA,INTER,0.12
13208,JP,JP,PROCE,PIGS9,0.12
6759,JP,JP,FOUND,RETAI,0.12
7231,JP,JP,GLASS,WASTE,0.12
5091,JP,JP,ELEC8,OXYGE,0.12
13751,JP,JP,RAILW,PRECI,0.12
3227,JP,JP,DAIRY,BLAST,0.12
7919,JP,JP,INSUR,BRICK,0.12
11049,JP,JP,OILHA,LEATH,0.12
5453,JP,JP,FABRI,WASTE,0.12
1921,JP,JP,CEREA,MEAT4,0.12
9166,JP,JP,MACHI,REFIN,0.12
1991,JP,JP,CHEM1,CRUDE,0.12
730,JP,JP,BASIC,ELEC7,0.12
13494,JP,JP,PULP5,VEGET,0.12
10213,JP,JP,NAPHT,FOOD3,0.12
12380,JP,JP,PLAS2,DIST1,0.12
17076,JP,JP,VEGET,COKE1,0.12
10881,JP,JP,NONSP,PETRO,0.12
8921,JP,JP,LIQUE,REFIN,0.12
12386,JP,JP,PLAS2,ELEC3,0.12
11553,JP,JP,PAPE4,AIRTR,0.12
18023,JP,JP,WOODW,INERT,0.12
14159,JP,JP,RECRE,PLAS2,0.12
16770,JP,JP,TRAN2,OILHA,0.12
5369,JP,JP,FABRI,INLAN,0.12
6124,JP,JP,FOOD4,DAIRY,0.12
9316,JP,JP,MEAT4,FOUND,0.12
17087,JP,JP,VEGET,ELEC1,0.12
8963,JP,JP,LUBRI,CONST,0.12
8752,JP,JP,LEATH,MEATC,0.12
11664,JP,JP,PAPE4,VEGET,0.12
16583,JP,JP,TRAN1,CEREA,0.12
3819,JP,JP,ELE11,FORES,0.12
17862,JP,JP,WOOD2,AUXIL,0.12
4283,JP,JP,ELEC2,MEAT4,0.12
4242,JP,JP,ELEC2,ELE12,0.12
17364,JP,JP,WEARI,GASWO,0.12
9054,JP,JP,MACHI,BITUM,0.12
3889,JP,JP,ELE11,SECO9,0.12
10670,JP,JP,NONFE,PRINT,0.12
17274,JP,JP,WASTE,PULP5,0.12
15955,JP,JP,SUGAR,RAILW,0.12
17288,JP,JP,WASTE,SANDC,0.12
472,JP,JP,ANIMA,GASDI,0.12
5827,JP,JP,FISHF,PLAS1,0.12
17790,JP,JP,WOOD1,MEATP,0.12
1708,JP,JP,CEMEN,MOTOR,0.12
612,JP,JP,AUXIL,NATUR,0.12
11373,JP,JP,PADDY,PLAS2,0.12
13242,JP,JP,PROCE,WOOD1,0.12
8687,JP,JP,LEATH,AUXIL,0.12
6782,JP,JP,FOUND,WOOLS,0.12
2812,JP,JP,CONST,CRUDE,0.12
5665,JP,JP,FISH5,GASWO,0.12
16790,JP,JP,TRAN2,TEXT1,0.12
11832,JP,JP,PARAF,ELEC6,0.12
7519,JP,JP,HEAVY,SUGA1,0.12
6008,JP,JP,FOOD3,DISTR,0.12
16862,JP,JP,TRANS,MEATP,0.12
17921,JP,JP,WOOD2,NONF1,0.12
5391,JP,JP,FABRI,NATU1,0.12
2176,JP,JP,CHEMI,MEATA,0.12
15612,JP,JP,STEAM,GASWO,0.12
12819,JP,JP,POULT,OILHA,0.12
1980,JP,JP,CHEM1,CHARC,0.12
12187,JP,JP,PLANT,MOTOR,0.12
4745,JP,JP,ELEC5,PLAS1,0.12
9574,JP,JP,MEATP,POULT,0.12
8296,JP,JP,KERO1,NATUR,0.12
3788,JP,JP,ELE11,BRICK,0.12
8384,JP,JP,KEROS,FOODW,0.12
10666,JP,JP,NONFE,PAPER,0.11
10405,JP,JP,NFERT,BRICK,0.11
4720,JP,JP,ELEC5,MEATC,0.11
12553,JP,JP,PLAST,PAPE4,0.11
1948,JP,JP,CEREA,RETAI,0.11
6190,JP,JP,FOOD4,POULT,0.11
8387,JP,JP,KEROS,GLASS,0.11
837,JP,JP,BEVER,ANIMA,0.11
6504,JP,JP,FOODW,TEXT2,0.11
11536,JP,JP,PAPE1,TEXT2,0.11
9226,JP,JP,MEAT1,FORES,0.11
10139,JP,JP,MOTOR,PRECI,0.11
14802,JP,JP,RETAI,GASWO,0.11
3423,JP,JP,DIST1,MEATA,0.11
6794,JP,JP,FURNI,BLAST,0.11
10104,JP,JP,MOTOR,LUBRI,0.11
14583,JP,JP,RESEA,VEGET,0.11
392,JP,JP,ALUM1,PLAS2,0.11
16140,JP,JP,TEXT1,COALT,0.11
7395,JP,JP,HEAVY,AUXIL,0.11
11662,JP,JP,PAPE4,TRANS,0.11
17864,JP,JP,WOOD2,BEVER,0.11
12167,JP,JP,PLANT,FISHF,0.11
17341,JP,JP,WEARI,ELE11,0.11
17501,JP,JP,WHEAT,PAPE1,0.11
14586,JP,JP,RESEA,WHITE,0.11
728,JP,JP,BASIC,ELEC5,0.11
3014,JP,JP,COPP1,PFERT,0.11
12147,JP,JP,PLANT,BASIC,0.11
4073,JP,JP,ELEC1,CEREA,0.11
11292,JP,JP,OXYGE,WEARI,0.11
15359,JP,JP,SEACO,INLAN,0.11
4682,JP,JP,ELEC5,DIST1,0.11
1688,JP,JP,CEMEN,GASDI,0.11
9356,JP,JP,MEAT4,REFI1,0.11
11056,JP,JP,OILHA,MEATP,0.11
17483,JP,JP,WHEAT,INSUR,0.11
5089,JP,JP,ELEC8,OILHA,0.11
14119,JP,JP,RECRE,INERT,0.11
6604,JP,JP,FORES,NONFE,0.11
5893,JP,JP,FOOD2,DISTR,0.11
13497,JP,JP,PULP5,WHOLE,0.11
4883,JP,JP,ELEC6,PAPE4,0.11
5132,JP,JP,ELEC8,TEXT1,0.11
16822,JP,JP,TRANS,DISTR,0.11
2286,JP,JP,COKE1,CATTL,0.11
6465,JP,JP,FOODW,PAPE4,0.11
11498,JP,JP,PAPE1,PAPE4,0.11
15927,JP,JP,SUGAR,HEALT,0.11
17401,JP,JP,WEARI,OILSE,0.11
4760,JP,JP,ELEC5,REFI1,0.11
12576,JP,JP,PLAST,SALEM,0.11
12157,JP,JP,PLANT,DIST1,0.11
5246,JP,JP,ELECT,OXYGE,0.11
15946,JP,JP,SUGAR,NONME,0.11
1091,JP,JP,BITU1,INERT,0.11
13163,JP,JP,PROCE,DISTR,0.11
5985,JP,JP,FOOD3,AIRTR,0.11
12170,JP,JP,PLANT,FOOD5,0.11
6620,JP,JP,FORES,PLAS2,0.11
6586,JP,JP,FORES,LEAD1,0.11
1593,JP,JP,CATTL,LEAD1,0.11
12114,JP,JP,PIGS9,POULT,0.11
3314,JP,JP,DAIRY,RADIO,0.11
11128,JP,JP,OILSE,BEVER,0.11
7090,JP,JP,GASWO,COLLE,0.11
10299,JP,JP,NATUR,DISTR,0.11
7758,JP,JP,INERT,MEMBE,0.11
5781,JP,JP,FISHF,FOOD3,0.11
15593,JP,JP,STEAM,ELEC1,0.11
7877,JP,JP,INLAN,POSTT,0.11
12557,JP,JP,PLAST,PFERT,0.11
5768,JP,JP,FISHF,ELE12,0.11
12234,JP,JP,PLAS1,COALT,0.11
5695,JP,JP,FISH5,PIGS9,0.11
11582,JP,JP,PAPE4,ELEC4,0.11
3795,JP,JP,ELE11,COALT,0.11
1294,JP,JP,BLAST,RECRE,0.11
9816,JP,JP,MEMBE,MEATC,0.11
10130,JP,JP,MOTOR,PETRO,0.11
16327,JP,JP,TEXT2,NONME,0.11
4506,JP,JP,ELEC3,WOOD2,0.11
3474,JP,JP,DIST1,STONE,0.11
10880,JP,JP,NONSP,PARAF,0.11
14489,JP,JP,RESEA,FOOD3,0.11
205,JP,JP,AIRTR,GASWO,0.11
1363,JP,JP,BRICK,NONF1,0.11
9440,JP,JP,MEATC,AUXIL,0.11
6145,JP,JP,FOOD4,FORES,0.11
17268,JP,JP,WASTE,POULT,0.11
7649,JP,JP,HOTEL,POULT,0.11
8071,JP,JP,INTER,CHEMI,0.11
17487,JP,JP,WHEAT,LANDT,0.11
3198,JP,JP,CROPS,WOOLS,0.11
1109,JP,JP,BITU1,OFFIC,0.11
9852,JP,JP,MEMBE,RAWMI,0.11
15986,JP,JP,SUPPO,BLAST,0.11
3722,JP,JP,EDUCA,MOTOR,0.11
2451,JP,JP,COKEO,PLAS2,0.11
14469,JP,JP,RESEA,CRUDE,0.11
7805,JP,JP,INERT,VEGET,0.11
67,JP,JP,93197,LEAD1,0.11
9680,JP,JP,MEDIC,NAPHT,0.11
9532,JP,JP,MEATP,DIST1,0.11
7953,JP,JP,INSUR,FOOD2,0.11
15475,JP,JP,SECO9,ELEC3,0.11
14010,JP,JP,REALE,PETRO,0.11
14525,JP,JP,RESEA,NATU1,0.11
518,JP,JP,ANIMA,STEAM,0.11
5857,JP,JP,FISHF,TEXT1,0.11
1643,JP,JP,CEMEN,93197,0.11
8894,JP,JP,LIQUE,NONSP,0.11
12185,JP,JP,PLANT,MEDIC,0.11
3712,JP,JP,EDUCA,LIQUE,0.11
1936,JP,JP,CEREA,PLAST,0.11
3993,JP,JP,ELE12,NONSP,0.11
17516,JP,JP,WHEAT,RETAI,0.11
3126,JP,JP,CROPS,MEATA,0.11
12421,JP,JP,PLAS2,MEMBE,0.11
15346,JP,JP,SEACO,FOOD3,0.11
11521,JP,JP,PAPE1,REFIN,0.11
6676,JP,JP,FOUND,CEREA,0.11
4500,JP,JP,ELEC3,WASTE,0.11
12879,JP,JP,PREC1,DISTR,0.11
11996,JP,JP,PFERT,OILHA,0.11
9429,JP,JP,MEATA,RUBBE,0.11
12607,JP,JP,POSTT,BITUM,0.11
13705,JP,JP,RAILW,INLAN,0.11
3337,JP,JP,DAIRY,TRAN1,0.11
17073,JP,JP,VEGET,CEREA,0.11
12818,JP,JP,POULT,OFFIC,0.11
15755,JP,JP,STONE,OILHA,0.11
16797,JP,JP,TRAN2,WOOD1,0.11
9246,JP,JP,MEAT1,POULT,0.11
706,JP,JP,BASIC,CHARC,0.11
16564,JP,JP,TOBAC,TEXT1,0.11
17011,JP,JP,VEGE1,PFERT,0.11
4850,JP,JP,ELEC6,INTER,0.11
13865,JP,JP,RAWMI,OILHA,0.11
292,JP,JP,AIRTR,VEGET,0.11
6021,JP,JP,FOOD3,FISHF,0.11
4269,JP,JP,ELEC2,INERT,0.11
12981,JP,JP,PRECI,RUBBE,0.11
5838,JP,JP,FISHF,RADIO,0.11
16964,JP,JP,VEGE1,ELEC8,0.11
11879,JP,JP,PETRO,FOUND,0.11
10421,JP,JP,NFERT,ELE12,0.11
576,JP,JP,AUXIL,FOOD3,0.11
15604,JP,JP,STEAM,FOOD3,0.11
15087,JP,JP,SALEM,FOOD3,0.11
14591,JP,JP,RESEA,WOOLS,0.11
4694,JP,JP,ELEC5,FOOD2,0.11
4781,JP,JP,ELEC5,VEGE1,0.11
3114,JP,JP,CROPS,INTER,0.11
17861,JP,JP,WOOD2,ALUM1,0.11
16305,JP,JP,TEXT2,GASDI,0.11
14213,JP,JP,REFI1,DIST1,0.11
10633,JP,JP,NONFE,BEVER,0.11
4455,JP,JP,ELEC3,PARAF,0.10
2398,JP,JP,COKEO,BASIC,0.10
13157,JP,JP,PROCE,COLLE,0.10
15941,JP,JP,SUGAR,MEMBE,0.10
15813,JP,JP,SUGA1,DIST1,0.10
15617,JP,JP,STEAM,INERT,0.10
8197,JP,JP,IRONO,ELECT,0.10
355,JP,JP,ALUM1,HEAVY,0.10
9455,JP,JP,MEATC,ELEC2,0.10
8825,JP,JP,LIQUE,CATTL,0.10
10592,JP,JP,NONF1,PROCE,0.10
3556,JP,JP,DISTR,INERT,0.10
15788,JP,JP,STONE,WEARI,0.10
7828,JP,JP,INLAN,ELEC1,0.10
5952,JP,JP,FOOD2,PREC1,0.10
9348,JP,JP,MEAT4,PREC1,0.10
7841,JP,JP,INLAN,GASDI,0.10
8992,JP,JP,LUBRI,MACHI,0.10
11155,JP,JP,OILSE,LANDT,0.10
13841,JP,JP,RAWMI,HOTEL,0.10
12589,JP,JP,PLAST,WASTE,0.10
4248,JP,JP,ELEC2,ELEC6,0.10
17573,JP,JP,WHOLE,AVIAT,0.10
5898,JP,JP,FOOD2,ELEC3,0.10
16188,JP,JP,TEXT1,LEATH,0.10
3843,JP,JP,ELE11,MEMBE,0.10
2964,JP,JP,COPP1,DAIRY,0.10
1932,JP,JP,CEREA,PAPE1,0.10
9538,JP,JP,MEATP,ELEC3,0.10
16861,JP,JP,TRANS,MEATC,0.10
6013,JP,JP,FOOD3,ELEC3,0.10
876,JP,JP,BEVER,FOUND,0.10
10956,JP,JP,OFFIC,PLAS2,0.10
1837,JP,JP,CERAM,OXYGE,0.10
9484,JP,JP,MEATC,PIGS9,0.10
15594,JP,JP,STEAM,ELEC2,0.10
15913,JP,JP,SUGAR,ELEC1,0.10
4649,JP,JP,ELEC4,WHEAT,0.10
7962,JP,JP,INSUR,GASWO,0.10
14142,JP,JP,RECRE,NFERT,0.10
7696,JP,JP,INERT,AIRTR,0.10
16433,JP,JP,TEXTI,MEAT1,0.10
2845,JP,JP,CONST,INERT,0.10
1298,JP,JP,BLAST,RETAI,0.10
8230,JP,JP,KERO1,CEREA,0.10
7068,JP,JP,GASDI,TEXT2,0.10
7901,JP,JP,INLAN,TEXTI,0.10
15928,JP,JP,SUGAR,HEAVY,0.10
6139,JP,JP,FOOD4,FISH5,0.10
14291,JP,JP,RENTI,BIODI,0.10
2128,JP,JP,CHEMI,BUSIN,0.10
13522,JP,JP,RADIO,COKE1,0.10
13469,JP,JP,PULP5,PRECI,0.10
414,JP,JP,ALUM1,STEAM,0.10
9844,JP,JP,MEMBE,POULT,0.10
507,JP,JP,ANIMA,PULP5,0.10
6791,JP,JP,FURNI,BIOG1,0.10
11818,JP,JP,PAPER,WHEAT,0.10
1783,JP,JP,CERAM,COMPU,0.10
234,JP,JP,AIRTR,NATUR,0.10
8370,JP,JP,KEROS,CEMEN,0.10
2704,JP,JP,COMPU,MEAT4,0.10
2177,JP,JP,CHEMI,MEATC,0.10
11884,JP,JP,PETRO,HEAVY,0.10
5892,JP,JP,FOOD2,DIST1,0.10
2989,JP,JP,COPP1,HEAVY,0.10
11220,JP,JP,OXYGE,ELEC1,0.10
17850,JP,JP,WOOD1,VEGE1,0.10
8970,JP,JP,LUBRI,ELEC6,0.10
10438,JP,JP,NFERT,GASWO,0.10
8664,JP,JP,LEAD1,RECRE,0.10
1094,JP,JP,BITU1,LEAD1,0.10
5461,JP,JP,FABRI,WOOLS,0.10
4597,JP,JP,ELEC4,OILSE,0.10
11413,JP,JP,PAPE1,BITU1,0.10
920,JP,JP,BEVER,PULP5,0.10
101,JP,JP,93197,PLAS2,0.10
2948,JP,JP,COPP1,BLAST,0.10
2622,JP,JP,COLLE,WHITE,0.10
995,JP,JP,BIOG1,HOTEL,0.10
7385,JP,JP,HEALT,WHEAT,0.10
9295,JP,JP,MEAT4,DIST1,0.10
15238,JP,JP,SANDC,LANDT,0.10
1314,JP,JP,BLAST,WEARI,0.10
8023,JP,JP,INSUR,REFI1,0.10
10750,JP,JP,NONME,KEROS,0.10
3628,JP,JP,DISTR,SUGA1,0.10
3717,JP,JP,EDUCA,MEATC,0.10
6158,JP,JP,FOOD4,LEAD1,0.10
6113,JP,JP,FOOD4,CERAM,0.10
12282,JP,JP,PLAS1,LEATH,0.10
13854,JP,JP,RAWMI,MEATP,0.10
9430,JP,JP,MEATA,SALEM,0.10
12953,JP,JP,PREC1,WEARI,0.10
3900,JP,JP,ELE11,VEGE1,0.10
4936,JP,JP,ELEC6,WOOD2,0.10
1029,JP,JP,BIOG1,RESEA,0.10
836,JP,JP,BEVER,ALUM1,0.10
15824,JP,JP,SUGA1,ELECT,0.10
1075,JP,JP,BITU1,ELEC5,0.10
17975,JP,JP,WOODW,BITU1,0.10
16195,JP,JP,TEXT1,MEATP,0.10
7955,JP,JP,INSUR,FOOD4,0.10
13901,JP,JP,RAWMI,TRAN1,0.10
8872,JP,JP,LIQUE,INTER,0.10
6615,JP,JP,FORES,PARAF,0.10
6616,JP,JP,FORES,PETRO,0.10
17121,JP,JP,VEGET,MEATC,0.10
13601,JP,JP,RADIO,POULT,0.10
12871,JP,JP,PREC1,CHEMI,0.10
4027,JP,JP,ELE12,RETAI,0.10
6635,JP,JP,FORES,REFIN,0.10
6238,JP,JP,FOOD5,BIODI,0.10
8144,JP,JP,INTER,PIGS9,0.10
1625,JP,JP,CATTL,RECRE,0.10
1152,JP,JP,BITUM,FOOD4,0.10
6892,JP,JP,FURNI,POULT,0.10
9508,JP,JP,MEATC,TEXT1,0.10
8403,JP,JP,KEROS,PAPE1,0.10
11878,JP,JP,PETRO,FOOD5,0.10
11628,JP,JP,PAPE4,PFERT,0.10
11343,JP,JP,PADDY,INTER,0.10
8091,JP,JP,INTER,ELEC6,0.10
17833,JP,JP,WOOD1,RETAI,0.10
9534,JP,JP,MEATP,EDUCA,0.10
247,JP,JP,AIRTR,PARAF,0.10
9061,JP,JP,MACHI,CEREA,0.10
636,JP,JP,AUXIL,PRECI,0.10
2258,JP,JP,COALT,NFERT,0.10
15373,JP,JP,SEACO,MEATA,0.10
11116,JP,JP,OILHA,VEGE1,0.10
1214,JP,JP,BLAST,CEMEN,0.10
13849,JP,JP,RAWMI,LIQUE,0.10
5061,JP,JP,ELEC8,IRONO,0.10
12805,JP,JP,POULT,LIQUE,0.10
2917,JP,JP,CONST,SUGA1,0.10
9414,JP,JP,MEATA,MOTOR,0.10
6566,JP,JP,FORES,FOOD2,0.10
15185,JP,JP,SALEM,WHITE,0.10
6048,JP,JP,FOOD3,MEMBE,0.10
12405,JP,JP,PLAS2,HEAVY,0.10
4947,JP,JP,ELEC7,COLLE,0.10
6770,JP,JP,FOUND,TOBAC,0.10
2256,JP,JP,COALT,MEDIC,0.10
310,JP,JP,ALUM1,BLAST,0.10
12754,JP,JP,POULT,ANIMA,0.10
8766,JP,JP,LEATH,PADDY,0.10
2311,JP,JP,COKE1,FISHF,0.10
15556,JP,JP,SECO9,WHEAT,0.10
11894,JP,JP,PETRO,MEDIC,0.10
108,JP,JP,93197,PROCE,0.10
4930,JP,JP,ELEC6,WASTE,0.10
11544,JP,JP,PAPE1,WASTE,0.10
9669,JP,JP,MEDIC,LIQUE,0.10
2262,JP,JP,COALT,PAPER,0.10
15218,JP,JP,SANDC,ELEC2,0.10
12289,JP,JP,PLAS1,MEATP,0.10
10979,JP,JP,OFFIC,VEGE1,0.10
12093,JP,JP,PIGS9,MEATC,0.10
15485,JP,JP,SECO9,FOOD4,0.10
7924,JP,JP,INSUR,CEREA,0.10
10611,JP,JP,NONF1,SUGAR,0.10
891,JP,JP,BEVER,MEATA,0.10
13873,JP,JP,RAWMI,PLAS1,0.10
6512,JP,JP,FOODW,WASTE,0.10
14580,JP,JP,RESEA,TRAN2,0.10
15747,JP,JP,STONE,MEDIC,0.10
688,JP,JP,BASIC,AIRTR,0.10
4650,JP,JP,ELEC4,WHITE,0.10
4038,JP,JP,ELE12,TEXT1,0.10
3890,JP,JP,ELE11,STEAM,0.10
16326,JP,JP,TEXT2,NONF1,0.10
15237,JP,JP,SANDC,INTER,0.10
6574,JP,JP,FORES,GASWO,0.10
11099,JP,JP,OILHA,RETAI,0.10
13135,JP,JP,PRINT,WHITE,0.10
8251,JP,JP,KERO1,ELEC5,0.10
15540,JP,JP,SECO9,RETA1,0.10
16267,JP,JP,TEXT2,AUXIL,0.10
11156,JP,JP,OILSE,LIQUE,0.10
12828,JP,JP,POULT,PREC1,0.10
7399,JP,JP,HEAVY,BIODI,0.09
4885,JP,JP,ELEC6,PARAF,0.09
60,JP,JP,93197,INERT,0.09
1153,JP,JP,BITUM,FOODW,0.09
10041,JP,JP,MOTO1,WOOLS,0.09
10280,JP,JP,NATUR,BITU1,0.09
1892,JP,JP,CEREA,CROPS,0.09
11180,JP,JP,OILSE,REFI1,0.09
7803,JP,JP,INERT,TRANS,0.09
16269,JP,JP,TEXT2,BEVER,0.09
11848,JP,JP,PARAF,REFIN,0.09
1048,JP,JP,BIOGA,FOODW,0.09
481,JP,JP,ANIMA,LEAD1,0.09
5933,JP,JP,FOOD2,MEMBE,0.09
9995,JP,JP,MOTO1,POULT,0.09
12773,JP,JP,POULT,CROPS,0.09
14779,JP,JP,RETAI,ELE11,0.09
13683,JP,JP,RAILW,ELEC4,0.09
6846,JP,JP,FURNI,INLAN,0.09
7556,JP,JP,HOTEL,CEREA,0.09
4545,JP,JP,ELEC4,ELEC4,0.09
17706,JP,JP,WHOLE,URANI,0.09
966,JP,JP,BIOG1,COALT,0.09
253,JP,JP,AIRTR,PLAS2,0.09
12550,JP,JP,PLAST,OILHA,0.09
3277,JP,JP,DAIRY,LEAD1,0.09
7104,JP,JP,GASWO,OFFIC,0.09
16485,JP,JP,TEXTI,STEAM,0.09
3737,JP,JP,EDUCA,PLAS1,0.09
15296,JP,JP,SANDC,WOOD1,0.09
11955,JP,JP,PFERT,ELEC5,0.09
14506,JP,JP,RESEA,IRONO,0.09
13168,JP,JP,PROCE,ELEC3,0.09
3794,JP,JP,ELE11,CHEMI,0.09
14768,JP,JP,RETAI,COALT,0.09
1876,JP,JP,CERAM,VEGE1,0.09
10749,JP,JP,NONME,KERO1,0.09
15434,JP,JP,SEACO,TRAN1,0.09
2420,JP,JP,COKEO,ELEC6,0.09
6221,JP,JP,FOOD4,TRAN1,0.09
11268,JP,JP,OXYGE,PROCE,0.09
17977,JP,JP,WOODW,BLAST,0.09
6946,JP,JP,GASDI,BLAST,0.09
12946,JP,JP,PREC1,TEXT1,0.09
2777,JP,JP,COMPU,WHITE,0.09
9749,JP,JP,MEMBE,ANIMA,0.09
17010,JP,JP,VEGE1,PETRO,0.09
972,JP,JP,BIOG1,CROPS,0.09
10837,JP,JP,NONSP,COKE1,0.09
13167,JP,JP,PROCE,ELEC2,0.09
12123,JP,JP,PIGS9,RECRE,0.09
11135,JP,JP,OILSE,DAIRY,0.09
9701,JP,JP,MEDIC,POULT,0.09
17213,JP,JP,WASTE,ELEC8,0.09
8859,JP,JP,LIQUE,FOOD4,0.09
2312,JP,JP,COKE1,FOOD2,0.09
15546,JP,JP,SECO9,SUGAR,0.09
3840,JP,JP,ELE11,MEATC,0.09
6036,JP,JP,FOOD3,KERO1,0.09
17236,JP,JP,WASTE,LEAD1,0.09
14133,JP,JP,RECRE,MEATA,0.09
1698,JP,JP,CEMEN,LANDT,0.09
13605,JP,JP,RADIO,PROCE,0.09
10518,JP,JP,NONF1,DAIRY,0.09
3855,JP,JP,ELE11,OXYGE,0.09
10171,JP,JP,MOTOR,VEGE1,0.09
2393,JP,JP,COKE1,WOOD1,0.09
13828,JP,JP,RAWMI,FISH5,0.09
13886,JP,JP,RAWMI,REFI1,0.09
15247,JP,JP,SANDC,MEMBE,0.09
10605,JP,JP,NONF1,RETAI,0.09
1944,JP,JP,CEREA,REFI1,0.09
14807,JP,JP,RETAI,INERT,0.09
8849,JP,JP,LIQUE,ELEC5,0.09
1373,JP,JP,BRICK,PREC1,0.09
9053,JP,JP,MACHI,BITU1,0.09
16547,JP,JP,TOBAC,OFFIC,0.09
15236,JP,JP,SANDC,HOTEL,0.09
13297,JP,JP,PUBLI,HEAVY,0.09
7724,JP,JP,INERT,ELEC4,0.09
14198,JP,JP,RECRE,WASTE,0.09
15738,JP,JP,STONE,INTER,0.09
4456,JP,JP,ELEC3,PETRO,0.09
1257,JP,JP,BLAST,LEAD1,0.09
3977,JP,JP,ELE12,MEAT1,0.09
11589,JP,JP,PAPE4,FISHF,0.09
6112,JP,JP,FOOD4,CEMEN,0.09
15328,JP,JP,SEACO,CRUDE,0.09
4052,JP,JP,ELE12,WOOD1,0.09
17032,JP,JP,VEGE1,RETAI,0.09
12140,JP,JP,PIGS9,TRANS,0.09
17202,JP,JP,WASTE,DAIRY,0.09
8064,JP,JP,INTER,BRICK,0.09
14540,JP,JP,RESEA,PARAF,0.09
9015,JP,JP,LUBRI,POULT,0.09
16541,JP,JP,TOBAC,LANDT,0.09
6905,JP,JP,FURNI,REFIN,0.09
15720,JP,JP,STONE,ELEC2,0.09
12465,JP,JP,PLAS2,TRANS,0.09
12048,JP,JP,PIGS9,BRICK,0.09
1250,JP,JP,BLAST,HEAVY,0.09
878,JP,JP,BEVER,GASWO,0.09
15855,JP,JP,SUGA1,OFFIC,0.09
12359,JP,JP,PLAS2,AIRTR,0.09
2763,JP,JP,COMPU,SUGAR,0.09
9636,JP,JP,MEDIC,ELEC1,0.09
17909,JP,JP,WOOD2,LANDT,0.09
9670,JP,JP,MEDIC,LUBRI,0.09
13796,JP,JP,RAWMI,ANIMA,0.09
15336,JP,JP,SEACO,ELEC3,0.09
6212,JP,JP,FOOD4,SECO9,0.09
4039,JP,JP,ELE12,TEXT2,0.09
2199,JP,JP,CHEMI,PROCE,0.09
10804,JP,JP,NONME,STEAM,0.09
10886,JP,JP,NONSP,PULP5,0.09
13850,JP,JP,RAWMI,LUBRI,0.09
10443,JP,JP,NFERT,KERO1,0.09
11140,JP,JP,OILSE,ELEC4,0.09
12993,JP,JP,PRINT,BIODI,0.09
10451,JP,JP,NFERT,MEATC,0.09
17528,JP,JP,WHITE,ALUM1,0.09
6093,JP,JP,FOOD3,TRANS,0.09
16886,JP,JP,TRANS,PULP5,0.09
10897,JP,JP,NONSP,WHITE,0.09
13421,JP,JP,PULP5,FOOD3,0.09
11313,JP,JP,PADDY,COLLE,0.09
15564,JP,JP,STEAM,ANIMA,0.09
13844,JP,JP,RAWMI,INTER,0.09
11979,JP,JP,PFERT,LUBRI,0.09
15902,JP,JP,SUGAR,CEMEN,0.09
12857,JP,JP,POULT,WOOD1,0.09
7226,JP,JP,GLASS,TRAN1,0.09
16855,JP,JP,TRANS,LEATH,0.09
13278,JP,JP,PUBLI,ELEC6,0.09
6885,JP,JP,FURNI,PETRO,0.09
6057,JP,JP,FOOD3,PADDY,0.09
13742,JP,JP,RAILW,PETRO,0.09
3446,JP,JP,DIST1,PIGS9,0.09
7279,JP,JP,HEALT,ELEC5,0.09
9249,JP,JP,MEAT1,RAILW,0.09
7689,JP,JP,HOTEL,WHITE,0.09
13121,JP,JP,PRINT,SUGAR,0.09
901,JP,JP,BEVER,NONME,0.09
9516,JP,JP,MEATC,WOOD1,0.09
12387,JP,JP,PLAS2,ELEC4,0.09
1872,JP,JP,CERAM,TOBAC,0.09
2615,JP,JP,COLLE,TRAN2,0.09
8200,JP,JP,IRONO,FURNI,0.09
8931,JP,JP,LIQUE,STEAM,0.09
9839,JP,JP,MEMBE,PIGS9,0.09
6446,JP,JP,FOODW,MEATA,0.09
7118,JP,JP,GLASS,BLAST,0.09
17059,JP,JP,VEGET,AIRTR,0.09
11478,JP,JP,PAPE1,MEATA,0.09
285,JP,JP,AIRTR,TEXT2,0.09
16255,JP,JP,TEXT1,VEGE1,0.09
11843,JP,JP,PARAF,NONSP,0.09
12762,JP,JP,POULT,CATTL,0.09
13153,JP,JP,PROCE,CEREA,0.09
16868,JP,JP,TRANS,NFERT,0.09
17761,JP,JP,WOOD1,FOOD2,0.09
12174,JP,JP,PLANT,GASDI,0.09
12851,JP,JP,POULT,TRAN1,0.09
2157,JP,JP,CHEMI,FOODW,0.09
11270,JP,JP,OXYGE,PULP5,0.09
11157,JP,JP,OILSE,LUBRI,0.09
13773,JP,JP,RAILW,STONE,0.09
17009,JP,JP,VEGE1,PARAF,0.09
3328,JP,JP,DAIRY,STEAM,0.09
8409,JP,JP,KEROS,RAILW,0.09
11573,JP,JP,PAPE4,CROPS,0.09
1177,JP,JP,BITUM,PAPE1,0.09
2539,JP,JP,COLLE,IRONO,0.09
13321,JP,JP,PUBLI,NATUR,0.09
16266,JP,JP,TEXT2,ALUM1,0.09
16721,JP,JP,TRAN2,BASIC,0.09
5574,JP,JP,FINAN,PRECI,0.09
697,JP,JP,BASIC,BITU1,0.09
10630,JP,JP,NONF1,WOOLS,0.09
16775,JP,JP,TRAN2,PLAS1,0.09
7225,JP,JP,GLASS,TOBAC,0.09
5368,JP,JP,FABRI,INERT,0.09
1727,JP,JP,CEMEN,PLAS2,0.09
13882,JP,JP,RAWMI,RADIO,0.09
15114,JP,JP,SALEM,MEAT4,0.09
2439,JP,JP,COKEO,MEDIC,0.09
6037,JP,JP,FOOD3,KEROS,0.09
3698,JP,JP,EDUCA,GASDI,0.09
10303,JP,JP,NATUR,ELEC2,0.09
13475,JP,JP,PULP5,RECRE,0.09
8433,JP,JP,LANDT,BIODI,0.08
12131,JP,JP,PIGS9,SEACO,0.08
8374,JP,JP,KEROS,COMPU,0.08
8636,JP,JP,LEAD1,MEATC,0.08
13821,JP,JP,RAWMI,ELEC3,0.08
545,JP,JP,AUXIL,CEREA,0.08
11598,JP,JP,PAPE4,GLASS,0.08
9892,JP,JP,MOTO1,BIODI,0.08
6579,JP,JP,FORES,INERT,0.08
8996,JP,JP,LUBRI,MEATP,0.08
12467,JP,JP,PLAS2,VEGET,0.08
16238,JP,JP,TEXT1,RETAI,0.08
8771,JP,JP,LEATH,PIGS9,0.08
13511,JP,JP,RADIO,BLAST,0.08
11241,JP,JP,OXYGE,LEATH,0.08
15904,JP,JP,SUGAR,CHEM1,0.08
13339,JP,JP,PUBLI,PREC1,0.08
1113,JP,JP,BITU1,PETRO,0.08
2933,JP,JP,CONST,WHITE,0.08
5706,JP,JP,FISH5,PULP5,0.08
12349,JP,JP,PLAS1,VEGE1,0.08
13540,JP,JP,RADIO,ELEC6,0.08
17217,JP,JP,WASTE,FISH5,0.08
11027,JP,JP,OILHA,FOOD2,0.08
15482,JP,JP,SECO9,FISH5,0.08
16567,JP,JP,TOBAC,WOOD1,0.08
14817,JP,JP,RETAI,MEAT1,0.08
9625,JP,JP,MEDIC,COKE1,0.08
7731,JP,JP,INERT,FISHF,0.08
17025,JP,JP,VEGE1,RAWMI,0.08
5749,JP,JP,FISHF,BRICK,0.08
13449,JP,JP,PULP5,NAPHT,0.08
8034,JP,JP,INSUR,STEAM,0.08
16936,JP,JP,VEGE1,BLAST,0.08
14557,JP,JP,RESEA,RAWMI,0.08
12190,JP,JP,PLANT,NONME,0.08
14114,JP,JP,RECRE,GASWO,0.08
16386,JP,JP,TEXTI,COKE1,0.08
1920,JP,JP,CEREA,MEAT1,0.08
2472,JP,JP,COKEO,WHOLE,0.08
5782,JP,JP,FISHF,FOOD4,0.08
14576,JP,JP,RESEA,TEXT2,0.08
8377,JP,JP,KEROS,EDUCA,0.08
8757,JP,JP,LEATH,MOTOR,0.08
2122,JP,JP,CHEMI,ANIMA,0.08
10444,JP,JP,NFERT,KEROS,0.08
4777,JP,JP,ELEC5,TOBAC,0.08
14279,JP,JP,REFIN,PETRO,0.08
6629,JP,JP,FORES,RADIO,0.08
9328,JP,JP,MEAT4,MEATA,0.08
7413,JP,JP,HEAVY,COKE1,0.08
5324,JP,JP,FABRI,CHARC,0.08
2368,JP,JP,COKE1,RECRE,0.08
4721,JP,JP,ELEC5,MEATP,0.08
11137,JP,JP,OILSE,DISTR,0.08
4886,JP,JP,ELEC6,PETRO,0.08
17471,JP,JP,WHEAT,ELEC2,0.08
12962,JP,JP,PRECI,EDUCA,0.08
17500,JP,JP,WHEAT,OILSE,0.08
2938,JP,JP,CONST,WOOLS,0.08
4944,JP,JP,ELEC7,BUSIN,0.08
12332,JP,JP,PLAS1,RETAI,0.08
14082,JP,JP,RECRE,COKEO,0.08
5492,JP,JP,FINAN,CRUDE,0.08
7770,JP,JP,INERT,PFERT,0.08
15450,JP,JP,SECO9,BITU1,0.08
6517,JP,JP,FOODW,WOOD2,0.08
11550,JP,JP,PAPE1,WOOD2,0.08
10636,JP,JP,NONFE,CEMEN,0.08
10560,JP,JP,NONF1,MEAT1,0.08
13520,JP,JP,RADIO,CHEMI,0.08
12924,JP,JP,PREC1,PFERT,0.08
16521,JP,JP,TOBAC,ELE12,0.08
13412,JP,JP,PULP5,ELEC5,0.08
17820,JP,JP,WOOD1,PROCE,0.08
3749,JP,JP,EDUCA,REALE,0.08
1844,JP,JP,CERAM,PLAS2,0.08
17426,JP,JP,WEARI,REFI1,0.08
14450,JP,JP,RESEA,BITUM,0.08
7095,JP,JP,GASWO,FABRI,0.08
12164,JP,JP,PLANT,ELECT,0.08
6014,JP,JP,FOOD3,ELEC4,0.08
3997,JP,JP,ELE12,OXYGE,0.08
8886,JP,JP,LIQUE,MEMBE,0.08
1824,JP,JP,CERAM,MEAT1,0.08
14350,JP,JP,RENTI,IRONO,0.08
5632,JP,JP,FISH5,CEREA,0.08
9,JP,JP,93197,BITU1,0.08
5216,JP,JP,ELECT,IRONO,0.08
5407,JP,JP,FABRI,PARAF,0.08
11643,JP,JP,PAPE4,RAWMI,0.08
17535,JP,JP,WHITE,COPP1,0.08
10571,JP,JP,NONF1,NONFE,0.08
265,JP,JP,AIRTR,RAWMI,0.08
1357,JP,JP,BRICK,LEAD1,0.08
7981,JP,JP,INSUR,MEATA,0.08
11086,JP,JP,OILHA,PROCE,0.08
1966,JP,JP,CHEM1,AVIAT,0.08
12089,JP,JP,PIGS9,LEAD1,0.08
1346,JP,JP,BRICK,FOODW,0.08
2691,JP,JP,COMPU,INLAN,0.08
86,JP,JP,93197,NONFE,0.08
767,JP,JP,BASIC,MEMBE,0.08
13804,JP,JP,RAWMI,CATTL,0.08
5825,JP,JP,FISHF,PIGS9,0.08
3255,JP,JP,DAIRY,ELEC8,0.08
12833,JP,JP,POULT,RADIO,0.08
15239,JP,JP,SANDC,LEAD1,0.08
11240,JP,JP,OXYGE,LEAD1,0.08
5807,JP,JP,FISHF,MEATA,0.08
14222,JP,JP,REFI1,GLASS,0.08
3780,JP,JP,ELE11,AIRTR,0.08
13474,JP,JP,PULP5,RAWMI,0.08
17169,JP,JP,VEGET,TRAN1,0.08
17137,JP,JP,VEGET,PFERT,0.08
9877,JP,JP,MEMBE,VEGE1,0.08
9812,JP,JP,MEMBE,LUBRI,0.08
13202,JP,JP,PROCE,OILHA,0.08
4975,JP,JP,ELEC7,PLAST,0.08
10673,JP,JP,NONFE,RADIO,0.08
17956,JP,JP,WOOD2,TEXTI,0.08
9637,JP,JP,MEDIC,ELEC2,0.08
15067,JP,JP,SALEM,CRUDE,0.08
8234,JP,JP,KERO1,COKE1,0.08
16973,JP,JP,VEGE1,FORES,0.08
13201,JP,JP,PROCE,OFFIC,0.08
6160,JP,JP,FOOD4,LIQUE,0.08
4186,JP,JP,ELEC1,SUGA1,0.08
15737,JP,JP,STONE,HOTEL,0.08
5917,JP,JP,FOOD2,HEAVY,0.08
1112,JP,JP,BITU1,PARAF,0.08
9383,JP,JP,MEATA,BLAST,0.08
15602,JP,JP,STEAM,FISHF,0.08
16729,JP,JP,TRAN2,COALT,0.08
17122,JP,JP,VEGET,MEATP,0.08
6904,JP,JP,FURNI,REFI1,0.08
12663,JP,JP,POSTT,IRONO,0.08
16511,JP,JP,TOBAC,BLAST,0.08
11487,JP,JP,PAPE1,NFERT,0.08
11404,JP,JP,PADDY,WOODW,0.08
4836,JP,JP,ELEC6,FOOD4,0.08
6128,JP,JP,FOOD4,ELE12,0.08
4247,JP,JP,ELEC2,ELEC5,0.08
5977,JP,JP,FOOD2,TRANS,0.08
12433,JP,JP,PLAS2,PFERT,0.08
11604,JP,JP,PAPE4,KERO1,0.08
12793,JP,JP,POULT,FOUND,0.08
1622,JP,JP,CATTL,PULP5,0.08
15740,JP,JP,STONE,LEAD1,0.08
751,JP,JP,BASIC,INSUR,0.08
6395,JP,JP,FOODW,COKEO,0.08
11425,JP,JP,PAPE1,COKEO,0.08
6220,JP,JP,FOOD4,TOBAC,0.08
2762,JP,JP,COMPU,SUGA1,0.08
13428,JP,JP,PULP5,GASDI,0.08
8211,JP,JP,IRONO,RUBBE,0.08
5674,JP,JP,FISH5,LIQUE,0.08
14278,JP,JP,REFIN,PARAF,0.08
15550,JP,JP,SECO9,TOBAC,0.08
10107,JP,JP,MOTOR,MEATA,0.08
12161,JP,JP,PLANT,ELEC2,0.08
17813,JP,JP,WOOD1,PLAS2,0.08
10188,JP,JP,NAPHT,BITU1,0.08
197,JP,JP,AIRTR,FOOD3,0.08
1142,JP,JP,BITUM,BASIC,0.08
4708,JP,JP,ELEC5,INTER,0.08
7450,JP,JP,HEAVY,INLAN,0.08
298,JP,JP,AIRTR,WOOD2,0.08
6226,JP,JP,FOOD4,WEARI,0.08
1127,JP,JP,BITU1,STEAM,0.08
1589,JP,JP,CATTL,HOTEL,0.08
2570,JP,JP,COLLE,PADDY,0.08
4569,JP,JP,ELEC4,IRONO,0.08
2373,JP,JP,COKE1,RETAI,0.08
5235,JP,JP,ELECT,NATU1,0.08
11981,JP,JP,PFERT,MEAT1,0.08
5899,JP,JP,FOOD2,ELEC4,0.08
11341,JP,JP,PADDY,HEAVY,0.08
16732,JP,JP,TRAN2,COMPU,0.08
15916,JP,JP,SUGAR,ELEC4,0.08
7064,JP,JP,GASDI,SUGA1,0.08
17374,JP,JP,WEARI,KEROS,0.08
1745,JP,JP,CEMEN,SALEM,0.08
10616,JP,JP,NONF1,TOBAC,0.08
11491,JP,JP,PAPE1,NONSP,0.08
1164,JP,JP,BITUM,LIQUE,0.08
11733,JP,JP,PAPER,INLAN,0.08
10474,JP,JP,NFERT,RADIO,0.08
11625,JP,JP,PAPE4,PADDY,0.08
13613,JP,JP,RADIO,REFI1,0.08
780,JP,JP,BASIC,OILSE,0.08
18054,JP,JP,WOODW,OILSE,0.08
2459,JP,JP,COKEO,RENTI,0.08
12526,JP,JP,PLAST,INTER,0.08
12782,JP,JP,POULT,ELEC4,0.08
2645,JP,JP,COMPU,CEREA,0.08
5100,JP,JP,ELEC8,PLAS1,0.08
1040,JP,JP,BIOG1,TRAN2,0.08
3726,JP,JP,EDUCA,NONFE,0.08
3995,JP,JP,ELE12,OILHA,0.08
6662,JP,JP,FORES,WOOD2,0.08
17736,JP,JP,WOOD1,COKE1,0.08
5872,JP,JP,FOOD2,AIRTR,0.08
9444,JP,JP,MEATC,CEREA,0.07
7989,JP,JP,INSUR,NATUR,0.07
12781,JP,JP,POULT,ELEC3,0.07
8635,JP,JP,LEAD1,MEATA,0.07
2196,JP,JP,CHEMI,POSTT,0.07
1367,JP,JP,BRICK,PAPE1,0.07
11677,JP,JP,PAPER,BIOG1,0.07
9524,JP,JP,MEATP,CATTL,0.07
9570,JP,JP,MEATP,PLAS1,0.07
11184,JP,JP,OILSE,RETAI,0.07
17128,JP,JP,VEGET,NONF1,0.07
958,JP,JP,BIOG1,BEVER,0.07
6060,JP,JP,FOOD3,PFERT,0.07
17298,JP,JP,WASTE,TOBAC,0.07
10372,JP,JP,NATUR,REFIN,0.07
13624,JP,JP,RADIO,STEAM,0.07
2266,JP,JP,COALT,PRINT,0.07
17557,JP,JP,WHITE,PAPER,0.07
7141,JP,JP,GLASS,ELEC3,0.07
16166,JP,JP,TEXT1,FOOD2,0.07
13311,JP,JP,PUBLI,MEAT1,0.07
8072,JP,JP,INTER,COALT,0.07
12003,JP,JP,PFERT,PLAS1,0.07
2446,JP,JP,COKEO,OILHA,0.07
12593,JP,JP,PLAST,WOOD1,0.07
6051,JP,JP,FOOD3,NAPHT,0.07
10977,JP,JP,OFFIC,TOBAC,0.07
16314,JP,JP,TEXT2,LANDT,0.07
10203,JP,JP,NAPHT,ELE12,0.07
9365,JP,JP,MEAT4,SUPPO,0.07
6453,JP,JP,FOODW,NAPHT,0.07
10665,JP,JP,NONFE,OFFIC,0.07
1897,JP,JP,CEREA,ELEC2,0.07
3098,JP,JP,CROPS,FOOD2,0.07
13803,JP,JP,RAWMI,BUSIN,0.07
15701,JP,JP,STONE,BITU1,0.07
2137,JP,JP,CHEMI,COLLE,0.07
14623,JP,JP,RETA1,CRUDE,0.07
9399,JP,JP,MEATA,GASDI,0.07
1080,JP,JP,BITU1,FISH5,0.07
1842,JP,JP,CERAM,PIGS9,0.07
11414,JP,JP,PAPE1,BLAST,0.07
12848,JP,JP,POULT,TEXT1,0.07
14680,JP,JP,RETA1,NATU1,0.07
13466,JP,JP,PULP5,PLAS2,0.07
11909,JP,JP,PETRO,PULP5,0.07
11002,JP,JP,OILHA,COKE1,0.07
6286,JP,JP,FOOD5,GASWO,0.07
13572,JP,JP,RADIO,MEAT1,0.07
5226,JP,JP,ELECT,MEAT4,0.07
15660,JP,JP,STEAM,PROCE,0.07
7715,JP,JP,INERT,CROPS,0.07
11736,JP,JP,PAPER,IRONO,0.07
9817,JP,JP,MEMBE,MEATP,0.07
9353,JP,JP,MEAT4,RAILW,0.07
2189,JP,JP,CHEMI,PAPE1,0.07
10036,JP,JP,MOTO1,WHITE,0.07
16442,JP,JP,TEXTI,NAPHT,0.07
9510,JP,JP,MEATC,TRAN2,0.07
13862,JP,JP,RAWMI,NONME,0.07
3229,JP,JP,DAIRY,BUSIN,0.07
18112,JP,JP,WOODW,WOOLS,0.07
11605,JP,JP,PAPE4,KEROS,0.07
13741,JP,JP,RAILW,PARAF,0.07
17013,JP,JP,VEGE1,PLAS1,0.07
3356,JP,JP,DIST1,BIOG1,0.07
3711,JP,JP,EDUCA,LEATH,0.07
12016,JP,JP,PFERT,REFI1,0.07
6005,JP,JP,FOOD3,CROPS,0.07
7746,JP,JP,INERT,KERO1,0.07
5080,JP,JP,ELEC8,NATU1,0.07
1690,JP,JP,CEMEN,GLASS,0.07
4000,JP,JP,ELE12,PAPE4,0.07
6384,JP,JP,FOODW,BLAST,0.07
13142,JP,JP,PROCE,AIRTR,0.07
15739,JP,JP,STONE,LANDT,0.07
12260,JP,JP,PLAS1,FOOD2,0.07
9370,JP,JP,MEAT4,TRAN2,0.07
4942,JP,JP,ELEC7,BASIC,0.07
3741,JP,JP,EDUCA,PREC1,0.07
6776,JP,JP,FOUND,WASTE,0.07
8287,JP,JP,KERO1,MEAT4,0.07
14077,JP,JP,RECRE,CEREA,0.07
5813,JP,JP,FISHF,MOTOR,0.07
3942,JP,JP,ELE12,ELEC3,0.07
2473,JP,JP,COKEO,WOOD1,0.07
5179,JP,JP,ELECT,CRUDE,0.07
14515,JP,JP,RESEA,MEAT1,0.07
15947,JP,JP,SUGAR,OFFIC,0.07
11178,JP,JP,OILSE,RAILW,0.07
16425,JP,JP,TEXTI,KERO1,0.07
2536,JP,JP,COLLE,INLAN,0.07
4674,JP,JP,ELEC5,COKEO,0.07
15790,JP,JP,STONE,WOOD1,0.07
17460,JP,JP,WHEAT,ANIMA,0.07
1190,JP,JP,BITUM,REFI1,0.07
16376,JP,JP,TEXTI,BITU1,0.07
1591,JP,JP,CATTL,KERO1,0.07
10918,JP,JP,OFFIC,DIST1,0.07
13899,JP,JP,RAWMI,TEXTI,0.07
15438,JP,JP,SEACO,VEGET,0.07
17482,JP,JP,WHEAT,HOTEL,0.07
137,JP,JP,93197,TRAN2,0.07
6771,JP,JP,FOUND,TRAN1,0.07
5852,JP,JP,FISHF,STEAM,0.07
10799,JP,JP,NONME,RETAI,0.07
10614,JP,JP,NONF1,TEXT2,0.07
427,JP,JP,ALUM1,WASTE,0.07
16625,JP,JP,TRAN1,INERT,0.07
1278,JP,JP,BLAST,OILHA,0.07
15381,JP,JP,SEACO,NATU1,0.07
11251,JP,JP,OXYGE,MOTOR,0.07
12768,JP,JP,POULT,COKE1,0.07
1689,JP,JP,CEMEN,GASWO,0.07
2608,JP,JP,COLLE,SUGAR,0.07
9296,JP,JP,MEAT4,DISTR,0.07
11130,JP,JP,OILSE,BUSIN,0.07
248,JP,JP,AIRTR,PETRO,0.07
17038,JP,JP,VEGE1,STEAM,0.07
12160,JP,JP,PLANT,ELEC1,0.07
7740,JP,JP,INERT,GLASS,0.07
14209,JP,JP,REFI1,CEMEN,0.07
15667,JP,JP,STEAM,REFI1,0.07
17191,JP,JP,WASTE,CERAM,0.07
15101,JP,JP,SALEM,INLAN,0.07
7767,JP,JP,INERT,PADDY,0.07
7812,JP,JP,INLAN,ALUM1,0.07
13737,JP,JP,RAILW,PADDY,0.07
9107,JP,JP,MACHI,INLAN,0.07
10351,JP,JP,NATUR,OXYGE,0.07
4685,JP,JP,ELEC5,ELEC1,0.07
8899,JP,JP,LIQUE,PAPE4,0.07
10456,JP,JP,NFERT,NAPHT,0.07
12050,JP,JP,PIGS9,CATTL,0.07
2535,JP,JP,COLLE,INERT,0.07
13370,JP,JP,PUBLI,TRAN2,0.07
2342,JP,JP,COKE1,MOTOR,0.07
5045,JP,JP,ELEC8,FOOD4,0.07
5355,JP,JP,FABRI,FOOD3,0.07
15214,JP,JP,SANDC,DIST1,0.07
1564,JP,JP,CATTL,COLLE,0.07
17787,JP,JP,WOOD1,MEAT1,0.07
7824,JP,JP,INLAN,COPP1,0.07
9204,JP,JP,MEAT1,CATTL,0.07
3107,JP,JP,CROPS,GASWO,0.07
9847,JP,JP,MEMBE,PROCE,0.07
16225,JP,JP,TEXT1,PROCE,0.07
4663,JP,JP,ELEC5,BITU1,0.07
9542,JP,JP,MEATP,ELEC8,0.07
1165,JP,JP,BITUM,LUBRI,0.07
15952,JP,JP,SUGAR,PRINT,0.07
1013,JP,JP,BIOG1,PAPE1,0.07
17060,JP,JP,VEGET,ALUM1,0.07
5743,JP,JP,FISHF,ANIMA,0.07
8734,JP,JP,LEATH,GASDI,0.07
6840,JP,JP,FURNI,GASWO,0.07
10191,JP,JP,NAPHT,BUSIN,0.07
17054,JP,JP,VEGE1,WHITE,0.07
10583,JP,JP,NONF1,PETRO,0.07
16956,JP,JP,VEGE1,EDUCA,0.07
7142,JP,JP,GLASS,ELEC4,0.07
4761,JP,JP,ELEC5,REFIN,0.07
6722,JP,JP,FOUND,MEAT1,0.07
5470,JP,JP,FINAN,BIODI,0.07
6845,JP,JP,FURNI,INERT,0.07
434,JP,JP,ALUM1,WOOLS,0.07
7124,JP,JP,GLASS,CEREA,0.07
1841,JP,JP,CERAM,PFERT,0.07
117,JP,JP,93197,REFIN,0.07
386,JP,JP,ALUM1,PADDY,0.07
6931,JP,JP,FURNI,WHEAT,0.07
5979,JP,JP,FOOD2,VEGET,0.07
88,JP,JP,93197,NONSP,0.07
10576,JP,JP,NONF1,OILHA,0.07
15835,JP,JP,SUGA1,GLASS,0.07
14758,JP,JP,RETAI,BITU1,0.07
6929,JP,JP,FURNI,WASTE,0.07
5026,JP,JP,ELEC8,CRUDE,0.07
6074,JP,JP,FOOD3,RAWMI,0.07
7784,JP,JP,INERT,RAWMI,0.07
6693,JP,JP,FOUND,ELEC3,0.07
11828,JP,JP,PARAF,COKEO,0.07
8917,JP,JP,LIQUE,RAWMI,0.07
11653,JP,JP,PAPE4,SANDC,0.07
1128,JP,JP,BITU1,STONE,0.07
11640,JP,JP,PAPE4,PULP5,0.07
890,JP,JP,BEVER,MEAT4,0.07
12604,JP,JP,POSTT,BIODI,0.07
16856,JP,JP,TRANS,LIQUE,0.07
17263,JP,JP,WASTE,PIGS9,0.07
8118,JP,JP,INTER,LEATH,0.07
7236,JP,JP,GLASS,WOOD2,0.07
5945,JP,JP,FOOD2,PFERT,0.07
17,JP,JP,93197,CEREA,0.07
17880,JP,JP,WOOD2,DISTR,0.07
12319,JP,JP,PLAS1,PROCE,0.07
14873,JP,JP,RETAI,VEGET,0.07
14461,JP,JP,RESEA,COALT,0.07
7747,JP,JP,INERT,KEROS,0.07
3868,JP,JP,ELE11,PREC1,0.07
12534,JP,JP,PLAST,MEAT1,0.07
16372,JP,JP,TEXTI,AUXIL,0.07
11053,JP,JP,OILHA,MEAT1,0.07
15139,JP,JP,SALEM,PETRO,0.07
9664,JP,JP,MEDIC,KERO1,0.07
17797,JP,JP,WOOD1,NFERT,0.07
17542,JP,JP,WHITE,GLASS,0.07
12378,JP,JP,PLAS2,CROPS,0.07
5994,JP,JP,FOOD3,CATTL,0.07
11216,JP,JP,OXYGE,DAIRY,0.07
4130,JP,JP,ELEC1,MEAT4,0.07
15767,JP,JP,STONE,PULP5,0.07
4433,JP,JP,ELEC3,MEATA,0.07
1592,JP,JP,CATTL,KEROS,0.07
6618,JP,JP,FORES,PIGS9,0.07
691,JP,JP,BASIC,AUXIL,0.07
8035,JP,JP,INSUR,STONE,0.07
16639,JP,JP,TRAN1,MEAT4,0.07
3233,JP,JP,DAIRY,CEREA,0.07
12403,JP,JP,PLAS2,GLASS,0.07
4090,JP,JP,ELEC1,ELE12,0.07
6528,JP,JP,FORES,BITUM,0.07
6165,JP,JP,FOOD4,MEATC,0.07
15123,JP,JP,SALEM,NATU1,0.07
8410,JP,JP,KEROS,RECRE,0.07
3180,JP,JP,CROPS,SUGA1,0.07
6405,JP,JP,FOODW,ELE11,0.07
11435,JP,JP,PAPE1,ELE11,0.07
1675,JP,JP,CEMEN,ELEC4,0.07
9781,JP,JP,MEMBE,ELEC5,0.07
17175,JP,JP,VEGET,WHEAT,0.07
18118,JP,JP,WOOLS,COLLE,0.07
6030,JP,JP,FOOD3,GLASS,0.07
944,JP,JP,BEVER,TRAN2,0.07
14535,JP,JP,RESEA,OXYGE,0.07
13372,JP,JP,PUBLI,VEGE1,0.07
9705,JP,JP,MEDIC,PROCE,0.07
3169,JP,JP,CROPS,REFIN,0.07
3675,JP,JP,EDUCA,EDUCA,0.07
16359,JP,JP,TEXT2,TEXTI,0.07
15537,JP,JP,SECO9,REFI1,0.07
16577,JP,JP,TRAN1,BLAST,0.07
2320,JP,JP,COKE1,GASDI,0.07
18149,JP,JP,WOOLS,RETA1,0.07
6185,JP,JP,FOOD4,PIGS9,0.07
13656,JP,JP,RAILW,BLAST,0.07
12176,JP,JP,PLANT,HEALT,0.07
11243,JP,JP,OXYGE,LUBRI,0.06
15217,JP,JP,SANDC,ELEC1,0.06
17439,JP,JP,WEARI,SUGA1,0.06
4078,JP,JP,ELEC1,COKE1,0.06
2158,JP,JP,CHEMI,FORES,0.06
11063,JP,JP,OILHA,NFERT,0.06
11224,JP,JP,OXYGE,FISH5,0.06
4053,JP,JP,ELE12,WOOD2,0.06
7826,JP,JP,INLAN,DAIRY,0.06
10921,JP,JP,OFFIC,ELEC1,0.06
2607,JP,JP,COLLE,SUGA1,0.06
17190,JP,JP,WASTE,CEMEN,0.06
12394,JP,JP,PLAS2,FISHF,0.06
13448,JP,JP,PULP5,MOTOR,0.06
15358,JP,JP,SEACO,INERT,0.06
12823,JP,JP,POULT,PIGS9,0.06
16141,JP,JP,TEXT1,COKE1,0.06
3036,JP,JP,COPP1,STEAM,0.06
5748,JP,JP,FISHF,BLAST,0.06
1919,JP,JP,CEREA,MACHI,0.06
15972,JP,JP,SUGAR,TRANS,0.06
11871,JP,JP,PETRO,ELEC4,0.06
852,JP,JP,BEVER,COPP1,0.06
13744,JP,JP,RAILW,PIGS9,0.06
3663,JP,JP,EDUCA,CHEMI,0.06
10751,JP,JP,NONME,LANDT,0.06
8125,JP,JP,INTER,MEATP,0.06
17935,JP,JP,WOOD2,PREC1,0.06
1358,JP,JP,BRICK,LEATH,0.06
15337,JP,JP,SEACO,ELEC4,0.06
13749,JP,JP,RAILW,POULT,0.06
5548,JP,JP,FINAN,NATU1,0.06
9893,JP,JP,MOTO1,BIOG1,0.06
16949,JP,JP,VEGE1,COMPU,0.06
6364,JP,JP,FOOD5,TRAN2,0.06
603,JP,JP,AUXIL,MEAT4,0.06
15859,JP,JP,SUGA1,PFERT,0.06
8260,JP,JP,KERO1,FOOD3,0.06
14946,JP,JP,RUBBE,INLAN,0.06
8580,JP,JP,LANDT,WOOLS,0.06
7885,JP,JP,INLAN,REALE,0.06
11309,JP,JP,PADDY,CHARC,0.06
317,JP,JP,ALUM1,CHARC,0.06
10582,JP,JP,NONF1,PARAF,0.06
11619,JP,JP,PAPE4,NAPHT,0.06
14302,JP,JP,RENTI,CHARC,0.06
12558,JP,JP,PLAST,PIGS9,0.06
17238,JP,JP,WASTE,LIQUE,0.06
4686,JP,JP,ELEC5,ELEC2,0.06
1222,JP,JP,BLAST,COMPU,0.06
7150,JP,JP,GLASS,FOOD3,0.06
7116,JP,JP,GLASS,BIODI,0.06
10035,JP,JP,MOTO1,WHEAT,0.06
2048,JP,JP,CHEM1,NATU1,0.06
15411,JP,JP,SEACO,RAWMI,0.06
1832,JP,JP,CERAM,MOTOR,0.06
15804,JP,JP,SUGA1,CEMEN,0.06
4983,JP,JP,ELEC7,RECRE,0.06
8193,JP,JP,IRONO,BUSIN,0.06
15716,JP,JP,STONE,DIST1,0.06
1136,JP,JP,BITU1,WHITE,0.06
10277,JP,JP,NATUR,AUXIL,0.06
9645,JP,JP,MEDIC,FOOD2,0.06
17879,JP,JP,WOOD2,DIST1,0.06
1256,JP,JP,BLAST,LANDT,0.06
17785,JP,JP,WOOD1,LUBRI,0.06
12154,JP,JP,PLANT,COLLE,0.06
4779,JP,JP,ELEC5,TRAN2,0.06
9397,JP,JP,MEATA,FOODW,0.06
12235,JP,JP,PLAS1,COKE1,0.06
12047,JP,JP,PIGS9,BLAST,0.06
8015,JP,JP,INSUR,PROCE,0.06
10609,JP,JP,NONF1,STEAM,0.06
8356,JP,JP,KERO1,WHITE,0.06
11899,JP,JP,PETRO,NFERT,0.06
8942,JP,JP,LIQUE,WASTE,0.06
17885,JP,JP,WOOD2,ELEC3,0.06
500,JP,JP,ANIMA,PIGS9,0.06
7835,JP,JP,INLAN,FOOD4,0.06
4047,JP,JP,ELE12,WASTE,0.06
12447,JP,JP,PLAS2,RAWMI,0.06
6650,JP,JP,FORES,TEXT2,0.06
15807,JP,JP,SUGA1,COALT,0.06
13252,JP,JP,PUBLI,BRICK,0.06
4002,JP,JP,ELE12,PARAF,0.06
14283,JP,JP,REFIN,WHITE,0.06
10273,JP,JP,NATU1,PFERT,0.06
685,JP,JP,AVIAT,SUPPO,0.06
3893,JP,JP,ELE11,TEXT1,0.06
12935,JP,JP,PREC1,RAILW,0.06
133,JP,JP,93197,TEXT2,0.06
11051,JP,JP,OILHA,LUBRI,0.06
17382,JP,JP,WEARI,MEAT4,0.06
17290,JP,JP,WASTE,SECO9,0.06
11584,JP,JP,PAPE4,ELEC8,0.06
17027,JP,JP,VEGE1,RECRE,0.06
1211,JP,JP,BLAST,BRICK,0.06
9763,JP,JP,MEMBE,COALT,0.06
2402,JP,JP,COKEO,CERAM,0.06
11562,JP,JP,PAPE4,CATTL,0.06
15853,JP,JP,SUGA1,NONF1,0.06
4217,JP,JP,ELEC2,BIOG1,0.06
2452,JP,JP,COKEO,PLAST,0.06
10492,JP,JP,NFERT,WOODW,0.06
9315,JP,JP,MEAT4,FORES,0.06
11831,JP,JP,PARAF,ELEC2,0.06
6300,JP,JP,FOOD5,LUBRI,0.06
4116,JP,JP,ELEC1,INERT,0.06
15823,JP,JP,SUGA1,ELEC8,0.06
3139,JP,JP,CROPS,NONSP,0.06
13872,JP,JP,RAWMI,PIGS9,0.06
10865,JP,JP,NONSP,LEATH,0.06
17050,JP,JP,VEGE1,VEGET,0.06
9385,JP,JP,MEATA,COALT,0.06
17303,JP,JP,WASTE,WEARI,0.06
4096,JP,JP,ELEC1,ELEC6,0.06
2228,JP,JP,COALT,CEMEN,0.06
1781,JP,JP,CERAM,COKEO,0.06
10498,JP,JP,NONF1,BIODI,0.06
4862,JP,JP,ELEC6,MEATA,0.06
15545,JP,JP,SECO9,STEAM,0.06
13221,JP,JP,PROCE,RECRE,0.06
10312,JP,JP,NATUR,FOOD4,0.06
9611,JP,JP,MEDIC,BIOG1,0.06
15876,JP,JP,SUGA1,RETAI,0.06
3734,JP,JP,EDUCA,PETRO,0.06
6643,JP,JP,FORES,SECO9,0.06
10323,JP,JP,NATUR,INERT,0.06
10563,JP,JP,NONF1,MEATP,0.06
10257,JP,JP,NAPHT,REFIN,0.06
3226,JP,JP,DAIRY,BIODI,0.06
11915,JP,JP,PETRO,TOBAC,0.06
7496,JP,JP,HEAVY,PRECI,0.06
6694,JP,JP,FOUND,ELEC4,0.06
9178,JP,JP,MACHI,SUGAR,0.06
10500,JP,JP,NONF1,BLAST,0.06
8881,JP,JP,LIQUE,MEAT1,0.06
13209,JP,JP,PROCE,PLAS1,0.06
9634,JP,JP,MEDIC,DISTR,0.06
16192,JP,JP,TEXT1,MEAT1,0.06
6026,JP,JP,FOOD3,FORES,0.06
6295,JP,JP,FOOD5,KEROS,0.06
15997,JP,JP,SUPPO,COKE1,0.06
17061,JP,JP,VEGET,ANIMA,0.06
10757,JP,JP,NONME,MEAT1,0.06
13361,JP,JP,PUBLI,STEAM,0.06
16532,JP,JP,TOBAC,FOOD4,0.06
9803,JP,JP,MEMBE,INERT,0.06
14166,JP,JP,RECRE,PROCE,0.06
17299,JP,JP,WASTE,TRAN1,0.06
8960,JP,JP,LUBRI,COKEO,0.06
4660,JP,JP,ELEC5,AUXIL,0.06
627,JP,JP,AUXIL,PETRO,0.06
13897,JP,JP,RAWMI,TEXT1,0.06
15930,JP,JP,SUGAR,INSUR,0.06
5014,JP,JP,ELEC8,CEREA,0.06
15608,JP,JP,STEAM,FORES,0.06
2793,JP,JP,CONST,BITUM,0.06
7927,JP,JP,INSUR,COALT,0.06
1120,JP,JP,BITU1,RADIO,0.06
9533,JP,JP,MEATP,DISTR,0.06
1035,JP,JP,BIOG1,SECO9,0.06
6115,JP,JP,FOOD4,CHEMI,0.06
15931,JP,JP,SUGAR,KERO1,0.06
1753,JP,JP,CEMEN,TRAN1,0.06
2431,JP,JP,COKEO,GLASS,0.06
8582,JP,JP,LEAD1,ANIMA,0.06
7761,JP,JP,INERT,NAPHT,0.06
16781,JP,JP,TRAN2,RECRE,0.06
16912,JP,JP,TRANS,VEGE1,0.06
673,JP,JP,AUXIL,WHEAT,0.06
2352,JP,JP,COKE1,PAPE4,0.06
1403,JP,JP,BUSIN,BITUM,0.06
15583,JP,JP,STEAM,COLLE,0.06
11311,JP,JP,PADDY,COKE1,0.06
10776,JP,JP,NONME,OXYGE,0.06
16749,JP,JP,TRAN2,FURNI,0.06
2219,JP,JP,CHEMI,VEGET,0.06
9674,JP,JP,MEDIC,MEATA,0.06
16849,JP,JP,TRANS,INSUR,0.06
8641,JP,JP,LEAD1,NFERT,0.06
16403,JP,JP,TEXTI,ELEC6,0.06
18080,JP,JP,WOODW,REFIN,0.06
1654,JP,JP,CEMEN,CATTL,0.06
10230,JP,JP,NAPHT,MEAT1,0.06
15708,JP,JP,STONE,CHEMI,0.06
18127,JP,JP,WOOLS,HEALT,0.06
1815,JP,JP,CERAM,INSUR,0.06
11886,JP,JP,PETRO,KERO1,0.06
9855,JP,JP,MEMBE,REFI1,0.06
14070,JP,JP,RECRE,BITU1,0.06
5870,JP,JP,FISHF,WOODW,0.06
307,JP,JP,ALUM1,BIODI,0.06
11930,JP,JP,PFERT,BUSIN,0.06
17828,JP,JP,WOOD1,REFI1,0.06
9400,JP,JP,MEATA,GASWO,0.06
33,JP,JP,93197,ELE11,0.06
11232,JP,JP,OXYGE,GASDI,0.06
5915,JP,JP,FOOD2,GLASS,0.06
13853,JP,JP,RAWMI,MEATC,0.06
16202,JP,JP,TEXT1,NFERT,0.06
10655,JP,JP,NONFE,GLASS,0.06
5890,JP,JP,FOOD2,CROPS,0.06
12286,JP,JP,PLAS1,MEAT1,0.06
3953,JP,JP,ELE12,FOOD4,0.06
10758,JP,JP,NONME,MEAT4,0.06
4731,JP,JP,ELEC5,NONFE,0.06
17132,JP,JP,VEGET,OILHA,0.06
14009,JP,JP,REALE,PARAF,0.06
16536,JP,JP,TOBAC,GASWO,0.06
17517,JP,JP,WHEAT,RUBBE,0.06
17152,JP,JP,VEGET,RECRE,0.06
980,JP,JP,BIOG1,ELEC8,0.06
7781,JP,JP,INERT,PULP5,0.06
7794,JP,JP,INERT,SANDC,0.06
11285,JP,JP,OXYGE,TOBAC,0.06
7894,JP,JP,INLAN,SANDC,0.06
4962,JP,JP,ELEC7,HEALT,0.06
5722,JP,JP,FISH5,STONE,0.06
11094,JP,JP,OILHA,REFI1,0.06
8008,JP,JP,INSUR,PLAS2,0.06
484,JP,JP,ANIMA,MEAT1,0.06
17917,JP,JP,WOOD2,MEMBE,0.06
3752,JP,JP,EDUCA,REFIN,0.06
18050,JP,JP,WOODW,NONSP,0.06
6859,JP,JP,FURNI,MEAT4,0.06
7329,JP,JP,HEALT,NUCLE,0.06
2201,JP,JP,CHEMI,RADIO,0.06
15795,JP,JP,SUGA1,ALUM1,0.06
4489,JP,JP,ELEC3,SUGAR,0.06
7424,JP,JP,HEAVY,ELE12,0.06
7906,JP,JP,INLAN,WEARI,0.06
13893,JP,JP,RAWMI,SANDC,0.06
16218,JP,JP,TEXT1,PLAS2,0.06
4588,JP,JP,ELEC4,NATU1,0.06
3290,JP,JP,DAIRY,NFERT,0.06
3725,JP,JP,EDUCA,NONF1,0.06
16285,JP,JP,TEXT2,DISTR,0.06
1960,JP,JP,CEREA,WOOLS,0.06
3847,JP,JP,ELE11,NATUR,0.06
4407,JP,JP,ELEC3,FOOD3,0.06
13774,JP,JP,RAILW,SUGA1,0.06
8378,JP,JP,KEROS,ELEC1,0.06
10887,JP,JP,NONSP,RADIO,0.06
3718,JP,JP,EDUCA,MEATP,0.06
1606,JP,JP,CATTL,NAPHT,0.06
338,JP,JP,ALUM1,ELEC6,0.06
15132,JP,JP,SALEM,OILSE,0.06
14439,JP,JP,RENTI,WOOLS,0.06
15719,JP,JP,STONE,ELEC1,0.06
10589,JP,JP,NONF1,POULT,0.06
9378,JP,JP,MEAT4,WOOD2,0.06
6071,JP,JP,FOOD3,PULP5,0.06
9453,JP,JP,MEATC,ELE12,0.06
18150,JP,JP,WOOLS,RUBBE,0.06
3002,JP,JP,COPP1,MEATP,0.06
6085,JP,JP,FOOD3,SANDC,0.06
12409,JP,JP,PLAS2,KERO1,0.06
5788,JP,JP,FISHF,GASDI,0.06
7704,JP,JP,INERT,CATTL,0.06
3869,JP,JP,ELE11,PRECI,0.06
1335,JP,JP,BRICK,CROPS,0.06
1069,JP,JP,BITU1,ELE11,0.06
12296,JP,JP,PLAS1,NFERT,0.06
13172,JP,JP,PROCE,ELEC8,0.06
8183,JP,JP,INTER,VEGE1,0.06
3364,JP,JP,DIST1,CEREA,0.06
3283,JP,JP,DAIRY,MEAT4,0.06
14589,JP,JP,RESEA,WOOD2,0.06
1674,JP,JP,CEMEN,ELEC3,0.05
10241,JP,JP,NAPHT,NONSP,0.05
8610,JP,JP,LEAD1,ELEC4,0.05
6501,JP,JP,FOODW,SUGAR,0.05
11533,JP,JP,PAPE1,SUGAR,0.05
15971,JP,JP,SUGAR,TRAN2,0.05
3834,JP,JP,ELE11,LEATH,0.05
1485,JP,JP,BUSIN,NUCLE,0.05
15867,JP,JP,SUGA1,PROCE,0.05
5372,JP,JP,FABRI,IRONO,0.05
8969,JP,JP,LUBRI,ELEC2,0.05
15932,JP,JP,SUGAR,KEROS,0.05
17987,JP,JP,WOODW,COKE1,0.05
12506,JP,JP,PLAST,ELEC5,0.05
12513,JP,JP,PLAST,FOOD3,0.05
12430,JP,JP,PLAS2,PADDY,0.05
1554,JP,JP,CATTL,BLAST,0.05
9359,JP,JP,MEAT4,RETAI,0.05
15191,JP,JP,SANDC,93197,0.05
10129,JP,JP,MOTOR,PARAF,0.05
5754,JP,JP,FISHF,CEREA,0.05
16963,JP,JP,VEGE1,ELEC6,0.05
2118,JP,JP,CHEM1,WOOLS,0.05
9345,JP,JP,MEAT4,PLAS2,0.05
4950,JP,JP,ELEC7,DIST1,0.05
9334,JP,JP,MEAT4,NONF1,0.05
1956,JP,JP,CEREA,VEGE1,0.05
11919,JP,JP,PETRO,WOODW,0.05
12892,JP,JP,PREC1,FOOD4,0.05
13590,JP,JP,RADIO,PADDY,0.05
1238,JP,JP,BLAST,FISHF,0.05
16524,JP,JP,TOBAC,ELEC3,0.05
11887,JP,JP,PETRO,KEROS,0.05
1083,JP,JP,BITU1,FOUND,0.05
13549,JP,JP,RADIO,FOOD4,0.05
8166,JP,JP,INTER,RETAI,0.05
2491,JP,JP,COLLE,CEREA,0.05
14092,JP,JP,RECRE,ELE11,0.05
16756,JP,JP,TRAN2,INTER,0.05
448,JP,JP,ANIMA,COLLE,0.05
1808,JP,JP,CERAM,GASDI,0.05
17976,JP,JP,WOODW,BITUM,0.05
17520,JP,JP,WHEAT,SUPPO,0.05
11853,JP,JP,PETRO,BEVER,0.05
2646,JP,JP,COMPU,CHARC,0.05
15215,JP,JP,SANDC,DISTR,0.05
416,JP,JP,ALUM1,SUGAR,0.05
1355,JP,JP,BRICK,INTER,0.05
15125,JP,JP,SALEM,NFERT,0.05
7838,JP,JP,INLAN,FORES,0.05
17493,JP,JP,WHEAT,MEATP,0.05
182,JP,JP,AIRTR,ELE11,0.05
13789,JP,JP,RAILW,WHITE,0.05
3020,JP,JP,COPP1,POULT,0.05
978,JP,JP,BIOG1,ELEC2,0.05
10869,JP,JP,NONSP,MEDIC,0.05
13240,JP,JP,PROCE,WHEAT,0.05
16190,JP,JP,TEXT1,LUBRI,0.05
3318,JP,JP,DAIRY,RECRE,0.05
14770,JP,JP,RETAI,COKEO,0.05
14912,JP,JP,RUBBE,CRUDE,0.05
16340,JP,JP,TEXT2,PREC1,0.05
1330,JP,JP,BRICK,COKEO,0.05
106,JP,JP,93197,PRECI,0.05
2182,JP,JP,CHEMI,NATUR,0.05
4536,JP,JP,ELEC4,CRUDE,0.05
4003,JP,JP,ELE12,PETRO,0.05
5959,JP,JP,FOOD2,RAWMI,0.05
15903,JP,JP,SUGAR,CERAM,0.05
6677,JP,JP,FOUND,CHARC,0.05
17903,JP,JP,WOOD2,HEAVY,0.05
14057,JP,JP,REALE,WHITE,0.05
6066,JP,JP,FOOD3,POULT,0.05
10068,JP,JP,MOTOR,DIST1,0.05
6714,JP,JP,FOUND,KERO1,0.05
8288,JP,JP,KERO1,MEATA,0.05
14825,JP,JP,RETAI,NATUR,0.05
13285,JP,JP,PUBLI,FOOD2,0.05
10445,JP,JP,NFERT,LEAD1,0.05
2349,JP,JP,COKE1,OILHA,0.05
13852,JP,JP,RAWMI,MEAT1,0.05
12457,JP,JP,PLAS2,SANDC,0.05
11189,JP,JP,OILSE,SUPPO,0.05
12444,JP,JP,PLAS2,PULP5,0.05
11321,JP,JP,PADDY,ELE12,0.05
8684,JP,JP,LEATH,AIRTR,0.05
4518,JP,JP,ELEC4,BLAST,0.05
10419,JP,JP,NFERT,EDUCA,0.05
14277,JP,JP,REFIN,OXYGE,0.05
8245,JP,JP,KERO1,ELE11,0.05
332,JP,JP,ALUM1,ELE12,0.05
10625,JP,JP,NONF1,WHITE,0.05
5906,JP,JP,FOOD2,FISHF,0.05
12284,JP,JP,PLAS1,LUBRI,0.05
5060,JP,JP,ELEC8,INTER,0.05
3382,JP,JP,DIST1,ELE12,0.05
12410,JP,JP,PLAS2,KEROS,0.05
8925,JP,JP,LIQUE,RETAI,0.05
1930,JP,JP,CEREA,OILHA,0.05
16284,JP,JP,TEXT2,DIST1,0.05
15270,JP,JP,SANDC,PULP5,0.05
11139,JP,JP,OILSE,ELEC2,0.05
7854,JP,JP,INLAN,LIQUE,0.05
8645,JP,JP,LEAD1,OILHA,0.05
12844,JP,JP,POULT,STEAM,0.05
2849,JP,JP,CONST,IRONO,0.05
6669,JP,JP,FOUND,BIODI,0.05
14793,JP,JP,RETAI,FOOD2,0.05
17117,JP,JP,VEGET,LUBRI,0.05
2169,JP,JP,CHEMI,LEAD1,0.05
16290,JP,JP,TEXT2,ELEC3,0.05
8299,JP,JP,KERO1,NONFE,0.05
14854,JP,JP,RETAI,REFIN,0.05
9521,JP,JP,MEATP,AUXIL,0.05
6134,JP,JP,FOOD4,ELEC6,0.05
5284,JP,JP,ELECT,SUGA1,0.05
8816,JP,JP,LIQUE,ANIMA,0.05
2242,JP,JP,COALT,ELECT,0.05
11634,JP,JP,PAPE4,POULT,0.05
16857,JP,JP,TRANS,LUBRI,0.05
11574,JP,JP,PAPE4,DAIRY,0.05
8421,JP,JP,KEROS,WASTE,0.05
14835,JP,JP,RETAI,PAPE4,0.05
4919,JP,JP,ELEC6,SUGAR,0.05
4825,JP,JP,ELEC6,ELEC3,0.05
8491,JP,JP,LANDT,IRONO,0.05
1065,JP,JP,BITU1,DAIRY,0.05
3682,JP,JP,EDUCA,ELEC5,0.05
4216,JP,JP,ELEC2,BIODI,0.05
9569,JP,JP,MEATP,PIGS9,0.05
1570,JP,JP,CATTL,ELE12,0.05
13915,JP,JP,REALE,BIODI,0.05
15522,JP,JP,SECO9,OXYGE,0.05
13582,JP,JP,RADIO,NFERT,0.05
16510,JP,JP,TOBAC,BASIC,0.05
15717,JP,JP,STONE,DISTR,0.05
8376,JP,JP,KEROS,DISTR,0.05
686,JP,JP,AVIAT,TRANS,0.05
13306,JP,JP,PUBLI,LEAD1,0.05
12777,JP,JP,POULT,EDUCA,0.05
2448,JP,JP,COKEO,PAPER,0.05
13320,JP,JP,PUBLI,NAPHT,0.05
16910,JP,JP,TRANS,TRAN2,0.05
10346,JP,JP,NATUR,NONFE,0.05
16874,JP,JP,TRANS,OILHA,0.05
15953,JP,JP,SUGAR,PROCE,0.05
8768,JP,JP,LEATH,PAPE4,0.05
11594,JP,JP,PAPE4,FORES,0.05
4835,JP,JP,ELEC6,FOOD3,0.05
11450,JP,JP,PAPE1,FOOD3,0.05
9684,JP,JP,MEDIC,NONFE,0.05
1701,JP,JP,CEMEN,LIQUE,0.05
15310,JP,JP,SEACO,BLAST,0.05
7726,JP,JP,INERT,ELEC8,0.05
2868,JP,JP,CONST,NATU1,0.05
9243,JP,JP,MEAT1,PLAS2,0.05
6420,JP,JP,FOODW,FOOD3,0.05
3658,JP,JP,EDUCA,BRICK,0.05
1126,JP,JP,BITU1,SECO9,0.05
10295,JP,JP,NATUR,CROPS,0.05
6746,JP,JP,FOUND,POULT,0.05
17499,JP,JP,WHEAT,OILHA,0.05
3905,JP,JP,ELE11,WOOD1,0.05
12024,JP,JP,PFERT,SUGA1,0.05
11147,JP,JP,OILSE,FOODW,0.05
4977,JP,JP,ELEC7,PRINT,0.05
3055,JP,JP,CROPS,AIRTR,0.05
13406,JP,JP,PULP5,ELE11,0.05
1599,JP,JP,CATTL,MEAT4,0.05
8820,JP,JP,LIQUE,BIOG1,0.05
10282,JP,JP,NATUR,BRICK,0.05
7811,JP,JP,INLAN,AIRTR,0.05
6701,JP,JP,FOUND,FOOD3,0.05
17206,JP,JP,WASTE,ELE12,0.05
361,JP,JP,ALUM1,KEROS,0.05
5736,JP,JP,FISH5,WHEAT,0.05
1254,JP,JP,BLAST,KERO1,0.05
11756,JP,JP,PAPER,NATUR,0.05
13156,JP,JP,PROCE,COKE1,0.05
17839,JP,JP,WOOD1,STEAM,0.05
17392,JP,JP,WEARI,NATUR,0.05
2390,JP,JP,COKE1,WASTE,0.05
8666,JP,JP,LEAD1,RETA1,0.05
16233,JP,JP,TEXT1,REFI1,0.05
15630,JP,JP,STEAM,MEATA,0.05
9459,JP,JP,MEATC,ELEC8,0.05
16528,JP,JP,TOBAC,ELEC8,0.05
1275,JP,JP,BLAST,NONFE,0.05
141,JP,JP,93197,WASTE,0.05
9789,JP,JP,MEMBE,FOOD2,0.05
8806,JP,JP,LEATH,VEGE1,0.05
12070,JP,JP,PIGS9,ELEC6,0.05
10071,JP,JP,MOTOR,ELEC1,0.05
6793,JP,JP,FURNI,BITUM,0.05
1137,JP,JP,BITU1,WHOLE,0.05
12389,JP,JP,PLAS2,ELEC8,0.05
6737,JP,JP,FOUND,PADDY,0.05
13333,JP,JP,PUBLI,PFERT,0.05
10194,JP,JP,NAPHT,CHARC,0.05
14188,JP,JP,RECRE,SUGAR,0.05
12760,JP,JP,POULT,BRICK,0.05
14850,JP,JP,RETAI,RAWMI,0.05
962,JP,JP,BIOG1,CEMEN,0.05
11199,JP,JP,OXYGE,ANIMA,0.05
14830,JP,JP,RETAI,NONSP,0.05
6869,JP,JP,FURNI,NATUR,0.05
926,JP,JP,BEVER,REFI1,0.05
2181,JP,JP,CHEMI,MOTOR,0.05
10861,JP,JP,NONSP,HOTEL,0.05
11762,JP,JP,PAPER,NUCLE,0.05
12996,JP,JP,PRINT,BITUM,0.05
12327,JP,JP,PLAS1,REFI1,0.05
3153,JP,JP,CROPS,PLAS2,0.05
8153,JP,JP,INTER,PROCE,0.05
13451,JP,JP,PULP5,NFERT,0.05
3504,JP,JP,DISTR,BIODI,0.05
17721,JP,JP,WOOD1,ANIMA,0.05
6698,JP,JP,FOUND,FINAN,0.05
1735,JP,JP,CEMEN,RADIO,0.05
15456,JP,JP,SECO9,CEREA,0.05
6109,JP,JP,FOOD4,BRICK,0.05
10796,JP,JP,NONME,REFI1,0.05
11105,JP,JP,OILHA,STEAM,0.05
13627,JP,JP,RADIO,SUGAR,0.05
17243,JP,JP,WASTE,MEATC,0.05
377,JP,JP,ALUM1,NAPHT,0.05
17860,JP,JP,WOOD2,AIRTR,0.05
16463,JP,JP,TEXTI,POULT,0.05
3848,JP,JP,ELE11,NFERT,0.05
6639,JP,JP,FORES,RETAI,0.05
17818,JP,JP,WOOD1,PRECI,0.05
7917,JP,JP,INSUR,BITU1,0.05
2119,JP,JP,CHEMI,93197,0.05
14275,JP,JP,REFIN,NONME,0.05
17071,JP,JP,VEGET,CEMEN,0.05
475,JP,JP,ANIMA,HEAVY,0.05
7220,JP,JP,GLASS,SUGA1,0.05
9241,JP,JP,MEAT1,PIGS9,0.05
17101,JP,JP,VEGET,FOUND,0.05
2217,JP,JP,CHEMI,TRAN1,0.05
15286,JP,JP,SANDC,TEXT1,0.05
7219,JP,JP,GLASS,STEAM,0.05
11340,JP,JP,PADDY,HEALT,0.05
10839,JP,JP,NONSP,COLLE,0.05
16322,JP,JP,TEXT2,MEMBE,0.05
17959,JP,JP,WOOD2,TRANS,0.05
3530,JP,JP,DISTR,ELE12,0.05
14080,JP,JP,RECRE,COALT,0.05
8098,JP,JP,INTER,FOOD2,0.05
1255,JP,JP,BLAST,KEROS,0.05
2295,JP,JP,COKE1,COMPU,0.05
8276,JP,JP,KERO1,INTER,0.05
9038,JP,JP,LUBRI,VEGE1,0.05
14141,JP,JP,RECRE,NATUR,0.05
3536,JP,JP,DISTR,ELEC6,0.05
7736,JP,JP,INERT,FORES,0.05
1304,JP,JP,BLAST,SUPPO,0.05
13802,JP,JP,RAWMI,BLAST,0.05
6508,JP,JP,FOODW,TRAN2,0.05
3190,JP,JP,CROPS,VEGET,0.05
11540,JP,JP,PAPE1,TRAN2,0.05
8001,JP,JP,INSUR,PAPE4,0.05
4502,JP,JP,ELEC3,WHEAT,0.05
1670,JP,JP,CEMEN,EDUCA,0.05
8273,JP,JP,KERO1,INERT,0.05
9306,JP,JP,MEAT4,ELECT,0.05
15944,JP,JP,SUGAR,NAPHT,0.05
6248,JP,JP,FOOD5,CHARC,0.05
2694,JP,JP,COMPU,IRONO,0.05
10987,JP,JP,OILHA,ANIMA,0.05
15861,JP,JP,SUGA1,PLAS1,0.05
4006,JP,JP,ELE12,PLAS1,0.05
10805,JP,JP,NONME,SUGA1,0.05
15838,JP,JP,SUGA1,INERT,0.05
2329,JP,JP,COKE1,LANDT,0.05
4524,JP,JP,ELEC4,CEREA,0.05
1042,JP,JP,BIOG1,VEGE1,0.05
17390,JP,JP,WEARI,NAPHT,0.05
6039,JP,JP,FOOD3,LEAD1,0.05
9514,JP,JP,MEATC,WHEAT,0.05
13831,JP,JP,RAWMI,FOOD4,0.05
11208,JP,JP,OXYGE,CHEMI,0.05
1366,JP,JP,BRICK,OILHA,0.05
96,JP,JP,93197,PARAF,0.05
10628,JP,JP,NONF1,WOOD2,0.05
2134,JP,JP,CHEMI,CHEMI,0.05
16919,JP,JP,URANI,FOODW,0.05
17491,JP,JP,WHEAT,MEAT1,0.05
11897,JP,JP,PETRO,NAPHT,0.05
4450,JP,JP,ELEC3,OILSE,0.05
17961,JP,JP,WOOD2,VEGET,0.05
7776,JP,JP,INERT,POULT,0.05
3336,JP,JP,DAIRY,TOBAC,0.05
17886,JP,JP,WOOD2,ELEC4,0.05
11084,JP,JP,OILHA,PRECI,0.05
11217,JP,JP,OXYGE,DIST1,0.05
13158,JP,JP,PROCE,COMPU,0.05
12891,JP,JP,PREC1,FOOD2,0.05
12424,JP,JP,PLAS2,NAPHT,0.05
13304,JP,JP,PUBLI,KEROS,0.05
5800,JP,JP,FISHF,LEAD1,0.05
7869,JP,JP,INLAN,OILHA,0.05
3943,JP,JP,ELE12,ELEC4,0.05
12912,JP,JP,PREC1,MEATP,0.05
11824,JP,JP,PAPER,WOOLS,0.05
9903,JP,JP,MOTO1,CHARC,0.05
2161,JP,JP,CHEMI,GASDI,0.05
1280,JP,JP,BLAST,PAPE4,0.05
7903,JP,JP,INLAN,TRAN2,0.05
12113,JP,JP,PIGS9,POSTT,0.05
15170,JP,JP,SALEM,SUGA1,0.05
5969,JP,JP,FOOD2,SANDC,0.05
15569,JP,JP,STEAM,BITU1,0.04
14874,JP,JP,RETAI,WASTE,0.04
10080,JP,JP,MOTOR,FOOD2,0.04
4991,JP,JP,ELEC7,SUPPO,0.04
5956,JP,JP,FOOD2,PULP5,0.04
15292,JP,JP,SANDC,VEGE1,0.04
5704,JP,JP,FISH5,PROCE,0.04
7997,JP,JP,INSUR,OILSE,0.04
11588,JP,JP,PAPE4,FISH5,0.04
6670,JP,JP,FOUND,BLAST,0.04
1903,JP,JP,CEREA,FOOD4,0.04
1044,JP,JP,BIOG1,WEARI,0.04
11607,JP,JP,PAPE4,LEAD1,0.04
3058,JP,JP,CROPS,AUXIL,0.04
12581,JP,JP,PLAST,TEXT1,0.04
382,JP,JP,ALUM1,NUCLE,0.04
3772,JP,JP,EDUCA,VEGE1,0.04
17552,JP,JP,WHITE,MOTOR,0.04
13801,JP,JP,RAWMI,BITU1,0.04
10641,JP,JP,NONFE,DAIRY,0.04
14106,JP,JP,RECRE,FOOD3,0.04
16812,JP,JP,TRANS,COALT,0.04
12367,JP,JP,PLAS2,CATTL,0.04
94,JP,JP,93197,PAPE4,0.04
4733,JP,JP,ELEC5,NONSP,0.04
10385,JP,JP,NATUR,TEXT2,0.04
5921,JP,JP,FOOD2,KERO1,0.04
440,JP,JP,ANIMA,BLAST,0.04
12119,JP,JP,PIGS9,PULP5,0.04
9420,JP,JP,MEATA,PAPE1,0.04
14175,JP,JP,RECRE,REFIN,0.04
15529,JP,JP,SECO9,PLAS2,0.04
13287,JP,JP,PUBLI,FOOD4,0.04
7992,JP,JP,INSUR,NONFE,0.04
10106,JP,JP,MOTOR,MEAT1,0.04
17177,JP,JP,VEGET,WOOD1,0.04
13303,JP,JP,PUBLI,KERO1,0.04
9511,JP,JP,MEATC,TRANS,0.04
11761,JP,JP,PAPER,NONSP,0.04
10530,JP,JP,NONF1,ELEC7,0.04
7087,JP,JP,GASWO,BASIC,0.04
13895,JP,JP,RAWMI,STEAM,0.04
5942,JP,JP,FOOD2,PADDY,0.04
4095,JP,JP,ELEC1,ELEC5,0.04
9009,JP,JP,LUBRI,PETRO,0.04
11210,JP,JP,OXYGE,COKEO,0.04
12761,JP,JP,POULT,BUSIN,0.04
15689,JP,JP,STEAM,VEGET,0.04
2301,JP,JP,COKE1,DISTR,0.04
8808,JP,JP,LEATH,WASTE,0.04
8955,JP,JP,LUBRI,CATTL,0.04
17164,JP,JP,VEGET,SUGAR,0.04
7164,JP,JP,GLASS,KERO1,0.04
10836,JP,JP,NONSP,COALT,0.04
15273,JP,JP,SANDC,RAWMI,0.04
15234,JP,JP,SANDC,HEALT,0.04
13397,JP,JP,PULP5,COKEO,0.04
10903,JP,JP,OFFIC,BIODI,0.04
3836,JP,JP,ELE11,LUBRI,0.04
6016,JP,JP,FOOD3,ELEC8,0.04
11129,JP,JP,OILSE,BITU1,0.04
8261,JP,JP,KERO1,FOOD4,0.04
9456,JP,JP,MEATC,ELEC3,0.04
2136,JP,JP,CHEMI,COKEO,0.04
659,JP,JP,AUXIL,SUGA1,0.04
6428,JP,JP,FOODW,GASWO,0.04
11458,JP,JP,PAPE1,GASWO,0.04
11876,JP,JP,PETRO,FABRI,0.04
10650,JP,JP,NONFE,FISH5,0.04
11136,JP,JP,OILSE,DIST1,0.04
10424,JP,JP,NFERT,ELEC3,0.04
9424,JP,JP,MEATA,PROCE,0.04
4503,JP,JP,ELEC3,WHITE,0.04
12559,JP,JP,PLAST,PLAS1,0.04
4974,JP,JP,ELEC7,PAPER,0.04
6116,JP,JP,FOOD4,COALT,0.04
7716,JP,JP,INERT,DAIRY,0.04
1306,JP,JP,BLAST,TEXT2,0.04
9036,JP,JP,LUBRI,TOBAC,0.04
17314,JP,JP,WEARI,BIODI,0.04
6790,JP,JP,FURNI,BIODI,0.04
17119,JP,JP,VEGET,MEAT1,0.04
11564,JP,JP,PAPE4,CERAM,0.04
17469,JP,JP,WHEAT,DIST1,0.04
16375,JP,JP,TEXTI,BIODI,0.04
6006,JP,JP,FOOD3,DAIRY,0.04
17577,JP,JP,WHOLE,BIOG1,0.04
1155,JP,JP,BITUM,FURNI,0.04
16308,JP,JP,TEXT2,HEAVY,0.04
9951,JP,JP,MOTO1,IRONO,0.04
8379,JP,JP,KEROS,ELEC2,0.04
10631,JP,JP,NONFE,ALUM1,0.04
6882,JP,JP,FURNI,PAPE4,0.04
15805,JP,JP,SUGA1,CERAM,0.04
1116,JP,JP,BITU1,PREC1,0.04
11344,JP,JP,PADDY,KERO1,0.04
7180,JP,JP,GLASS,NAPHT,0.04
10954,JP,JP,OFFIC,PFERT,0.04
486,JP,JP,ANIMA,MEATA,0.04
7408,JP,JP,HEAVY,CEREA,0.04
12897,JP,JP,PREC1,GASDI,0.04
5398,JP,JP,FABRI,NUCLE,0.04
3440,JP,JP,DIST1,OILSE,0.04
12042,JP,JP,PIGS9,ANIMA,0.04
5901,JP,JP,FOOD2,ELEC8,0.04
4960,JP,JP,ELEC7,FURNI,0.04
2148,JP,JP,CHEMI,ELEC3,0.04
7844,JP,JP,INLAN,HEAVY,0.04
4398,JP,JP,ELEC3,ELEC4,0.04
2149,JP,JP,CHEMI,ELEC4,0.04
4932,JP,JP,ELEC6,WHEAT,0.04
2957,JP,JP,COPP1,COKE1,0.04
10627,JP,JP,NONF1,WOOD1,0.04
7833,JP,JP,INLAN,FISH5,0.04
16244,JP,JP,TEXT1,STEAM,0.04
13638,JP,JP,RADIO,WASTE,0.04
9304,JP,JP,MEAT4,ELEC6,0.04
15225,JP,JP,SANDC,FOOD2,0.04
8950,JP,JP,LUBRI,AIRTR,0.04
10149,JP,JP,MOTOR,REFI1,0.04
899,JP,JP,BEVER,NFERT,0.04
13471,JP,JP,PULP5,PROCE,0.04
1266,JP,JP,BLAST,MEATP,0.04
8205,JP,JP,IRONO,NONME,0.04
6792,JP,JP,FURNI,BITU1,0.04
4765,JP,JP,ELEC5,RETAI,0.04
8621,JP,JP,LEAD1,FORES,0.04
12915,JP,JP,PREC1,MOTOR,0.04
5922,JP,JP,FOOD2,KEROS,0.04
13419,JP,JP,PULP5,FISHF,0.04
9710,JP,JP,MEDIC,RAWMI,0.04
1353,JP,JP,BRICK,HOTEL,0.04
1952,JP,JP,CEREA,SUPPO,0.04
10968,JP,JP,OFFIC,RETAI,0.04
14157,JP,JP,RECRE,PIGS9,0.04
3214,JP,JP,CRUDE,PETRO,0.04
8681,JP,JP,LEAD1,WOODW,0.04
456,JP,JP,ANIMA,ELE12,0.04
4879,JP,JP,ELEC6,OILSE,0.04
147,JP,JP,93197,WOOD2,0.04
6318,JP,JP,FOOD5,OILSE,0.04
8073,JP,JP,INTER,COKE1,0.04
17373,JP,JP,WEARI,KERO1,0.04
11345,JP,JP,PADDY,KEROS,0.04
6720,JP,JP,FOUND,LUBRI,0.04
16923,JP,JP,URANI,PAPE1,0.04
9008,JP,JP,LUBRI,PARAF,0.04
3028,JP,JP,COPP1,RAWMI,0.04
14162,JP,JP,RECRE,POULT,0.04
15888,JP,JP,SUGA1,TRAN1,0.04
1118,JP,JP,BITU1,PROCE,0.04
6634,JP,JP,FORES,REFI1,0.04
15254,JP,JP,SANDC,OFFIC,0.04
9141,JP,JP,MACHI,PADDY,0.04
13004,JP,JP,PRINT,CHARC,0.04
5129,JP,JP,ELEC8,SUGA1,0.04
16126,JP,JP,TEXT1,ANIMA,0.04
10569,JP,JP,NONF1,NFERT,0.04
5471,JP,JP,FINAN,BIOG1,0.04
9373,JP,JP,MEAT4,VEGET,0.04
16746,JP,JP,TRAN2,FOOD4,0.04
8677,JP,JP,LEAD1,VEGET,0.04
17928,JP,JP,WOOD2,PFERT,0.04
10131,JP,JP,MOTOR,PFERT,0.04
2994,JP,JP,COPP1,KEROS,0.04
1940,JP,JP,CEREA,PROCE,0.04
12338,JP,JP,PLAS1,STEAM,0.04
16223,JP,JP,TEXT1,PRECI,0.04
3782,JP,JP,ELE11,ANIMA,0.04
1062,JP,JP,BITU1,COLLE,0.04
13207,JP,JP,PROCE,PFERT,0.04
7117,JP,JP,GLASS,BITU1,0.04
3240,JP,JP,DAIRY,COMPU,0.04
3735,JP,JP,EDUCA,PFERT,0.04
8443,JP,JP,LANDT,CHARC,0.04
11830,JP,JP,PARAF,ELEC1,0.04
13805,JP,JP,RAWMI,CEMEN,0.04
11259,JP,JP,OXYGE,PAPE1,0.04
1271,JP,JP,BLAST,NAPHT,0.04
10624,JP,JP,NONF1,WHEAT,0.04
11169,JP,JP,OILSE,PAPE1,0.04
8753,JP,JP,LEATH,MEATP,0.04
6390,JP,JP,FOODW,CEREA,0.04
13362,JP,JP,PUBLI,STONE,0.04
11420,JP,JP,PAPE1,CEREA,0.04
1894,JP,JP,CEREA,DIST1,0.04
6020,JP,JP,FOOD3,FISH5,0.04
321,JP,JP,ALUM1,COKE1,0.04
15906,JP,JP,SUGAR,COLLE,0.04
13809,JP,JP,RAWMI,COKE1,0.04
13993,JP,JP,REALE,NATU1,0.04
2635,JP,JP,COMPU,BIODI,0.04
2336,JP,JP,COKE1,MEATA,0.04
16992,JP,JP,VEGE1,MEAT1,0.04
5405,JP,JP,FABRI,PAPE4,0.04
15894,JP,JP,SUGAR,AIRTR,0.04
10072,JP,JP,MOTOR,ELEC2,0.04
17402,JP,JP,WEARI,OXYGE,0.04
8674,JP,JP,LEAD1,TRAN1,0.04
17524,JP,JP,WHEAT,VEGE1,0.04
17193,JP,JP,WASTE,CHEMI,0.04
9110,JP,JP,MACHI,IRONO,0.04
15926,JP,JP,SUGAR,GLASS,0.04
14145,JP,JP,RECRE,NONSP,0.04
9210,JP,JP,MEAT1,DISTR,0.04
13510,JP,JP,RADIO,BITU1,0.04
7749,JP,JP,INERT,LEAD1,0.04
8047,JP,JP,INSUR,WASTE,0.04
6766,JP,JP,FOUND,SUGAR,0.04
2226,JP,JP,COALT,BEVER,0.04
10478,JP,JP,NFERT,RENTI,0.04
1874,JP,JP,CERAM,TRAN2,0.04
8586,JP,JP,LEAD1,BLAST,0.04
15780,JP,JP,STONE,TEXT1,0.04
1850,JP,JP,CERAM,PROCE,0.04
12220,JP,JP,PLAS1,ANIMA,0.04
9331,JP,JP,MEAT4,MEDIC,0.04
11661,JP,JP,PAPE4,TRAN1,0.04
345,JP,JP,ALUM1,FOOD3,0.04
12379,JP,JP,PLAS2,DAIRY,0.04
11358,JP,JP,PADDY,MOTO1,0.04
8319,JP,JP,KERO1,PRECI,0.04
977,JP,JP,BIOG1,ELEC1,0.04
17840,JP,JP,WOOD1,STONE,0.04
8779,JP,JP,LEATH,PROCE,0.04
16696,JP,JP,TRAN1,SUGA1,0.04
6452,JP,JP,FOODW,MOTOR,0.04
13464,JP,JP,PULP5,PIGS9,0.04
11176,JP,JP,OILSE,PRINT,0.04
4933,JP,JP,ELEC6,WHITE,0.04
3979,JP,JP,ELE12,MEATA,0.04
6442,JP,JP,FOODW,LUBRI,0.04
12864,JP,JP,PREC1,BLAST,0.04
15797,JP,JP,SUGA1,AUXIL,0.04
16265,JP,JP,TEXT2,AIRTR,0.04
12317,JP,JP,PLAS1,PRECI,0.04
7502,JP,JP,HEAVY,RAILW,0.04
17533,JP,JP,WHITE,CERAM,0.04
13134,JP,JP,PRINT,WHEAT,0.04
16362,JP,JP,TEXT2,TRANS,0.04
8993,JP,JP,LUBRI,MEAT1,0.04
11204,JP,JP,OXYGE,CATTL,0.04
5690,JP,JP,FISH5,OXYGE,0.04
15647,JP,JP,STEAM,OXYGE,0.04
8932,JP,JP,LIQUE,SUGA1,0.04
8682,JP,JP,LEAD1,WOOLS,0.04
11563,JP,JP,PAPE4,CEMEN,0.04
13254,JP,JP,PUBLI,CATTL,0.04
2203,JP,JP,CHEMI,RAWMI,0.04
1154,JP,JP,BITUM,FOUND,0.04
3213,JP,JP,CRUDE,PARAF,0.04
8794,JP,JP,LEATH,SEACO,0.04
1313,JP,JP,BLAST,WASTE,0.04
17799,JP,JP,WOOD1,NONFE,0.04
3188,JP,JP,CROPS,TRANS,0.04
14215,JP,JP,REFI1,ELEC1,0.04
14833,JP,JP,RETAI,OXYGE,0.04
7730,JP,JP,INERT,FISH5,0.04
7511,JP,JP,HEAVY,RETAI,0.04
9775,JP,JP,MEMBE,ELE11,0.04
8024,JP,JP,INSUR,REFIN,0.04
14152,JP,JP,RECRE,PAPE4,0.04
7463,JP,JP,HEAVY,MEAT4,0.04
17464,JP,JP,WHEAT,BUSIN,0.04
10679,JP,JP,NONFE,SECO9,0.04
17000,JP,JP,VEGE1,NFERT,0.04
17017,JP,JP,VEGE1,POULT,0.04
900,JP,JP,BEVER,NONF1,0.04
4826,JP,JP,ELEC6,ELEC4,0.04
10694,JP,JP,NONME,BITU1,0.04
7872,JP,JP,INLAN,PFERT,0.04
1694,JP,JP,CEMEN,INSUR,0.04
6957,JP,JP,GASDI,COKE1,0.04
1060,JP,JP,BITU1,COKE1,0.04
11655,JP,JP,PAPE4,SECO9,0.04
14062,JP,JP,REALE,WOOLS,0.04
8968,JP,JP,LUBRI,ELEC1,0.04
9217,JP,JP,MEAT1,ELEC6,0.04
12615,JP,JP,POSTT,CHARC,0.04
12439,JP,JP,PLAS2,POULT,0.04
11106,JP,JP,OILHA,STONE,0.04
16291,JP,JP,TEXT2,ELEC4,0.04
6159,JP,JP,FOOD4,LEATH,0.04
8122,JP,JP,INTER,MEAT1,0.04
1887,JP,JP,CEREA,BUSIN,0.04
12971,JP,JP,PRECI,MEDIC,0.04
8039,JP,JP,INSUR,TEXT2,0.04
2939,JP,JP,COPP1,93197,0.04
74,JP,JP,93197,MEATA,0.04
7468,JP,JP,HEAVY,MEMBE,0.04
11982,JP,JP,PFERT,MEAT4,0.04
7900,JP,JP,INLAN,TEXT1,0.04
2026,JP,JP,CHEM1,INLAN,0.04
8661,JP,JP,LEAD1,RAILW,0.04
17040,JP,JP,VEGE1,SUGA1,0.04
13937,JP,JP,REALE,CRUDE,0.04
4982,JP,JP,ELEC7,REALE,0.04
14543,JP,JP,RESEA,PIGS9,0.04
15696,JP,JP,STONE,93197,0.04
4270,JP,JP,ELEC2,INLAN,0.04
3879,JP,JP,ELE11,REFI1,0.04
13447,JP,JP,PULP5,MOTO1,0.04
8407,JP,JP,KEROS,PLAS2,0.04
10094,JP,JP,MOTOR,INLAN,0.04
3838,JP,JP,ELE11,MEAT1,0.04
6427,JP,JP,FOODW,GASDI,0.04
15243,JP,JP,SANDC,MEAT4,0.04
11065,JP,JP,OILHA,NONFE,0.04
12766,JP,JP,POULT,CHARC,0.04
17753,JP,JP,WOOD1,ELEC5,0.04
12092,JP,JP,PIGS9,MEAT1,0.04
11687,JP,JP,PAPER,CHARC,0.04
16363,JP,JP,TEXT2,VEGET,0.04
4718,JP,JP,ELEC5,MEAT1,0.04
10329,JP,JP,NATUR,LEAD1,0.04
8862,JP,JP,LIQUE,FORES,0.04
11792,JP,JP,PAPER,REFIN,0.04
8697,JP,JP,LEATH,CEREA,0.04
242,JP,JP,AIRTR,OXYGE,0.04
2404,JP,JP,COKEO,COKEO,0.04
14949,JP,JP,RUBBE,IRONO,0.04
9011,JP,JP,LUBRI,PIGS9,0.04
7815,JP,JP,INLAN,BRICK,0.04
2790,JP,JP,CONST,BIODI,0.04
9612,JP,JP,MEDIC,BITU1,0.04
9525,JP,JP,MEATP,CEREA,0.04
988,JP,JP,BIOG1,FOODW,0.04
1182,JP,JP,BITUM,PLAST,0.04
2963,JP,JP,COPP1,CROPS,0.04
5730,JP,JP,FISH5,TRAN2,0.04
8843,JP,JP,LIQUE,ELE11,0.04
3692,JP,JP,EDUCA,FOOD4,0.04
13442,JP,JP,PULP5,MEAT1,0.04
17168,JP,JP,VEGET,TOBAC,0.04
16884,JP,JP,TRANS,PROCE,0.04
9467,JP,JP,MEATC,FURNI,0.04
11142,JP,JP,OILSE,FABRI,0.04
10551,JP,JP,NONF1,INTER,0.04
5936,JP,JP,FOOD2,NAPHT,0.04
9403,JP,JP,MEATA,HOTEL,0.04
4775,JP,JP,ELEC5,TEXT2,0.04
8120,JP,JP,INTER,LUBRI,0.04
17560,JP,JP,WHITE,PREC1,0.04
6166,JP,JP,FOOD4,MEATP,0.04
5879,JP,JP,FOOD2,CATTL,0.04
10961,JP,JP,OFFIC,PROCE,0.04
3330,JP,JP,DAIRY,SUGA1,0.04
9451,JP,JP,MEATC,DISTR,0.04
11327,JP,JP,PADDY,ELEC6,0.04
1562,JP,JP,CATTL,COKE1,0.04
8132,JP,JP,INTER,NFERT,0.04
4946,JP,JP,ELEC7,CHEM1,0.04
15467,JP,JP,SECO9,DAIRY,0.04
10896,JP,JP,NONSP,WEARI,0.04
18003,JP,JP,WOODW,ELEC5,0.04
12144,JP,JP,PIGS9,WOOD1,0.04
9740,JP,JP,MEDIC,WHEAT,0.04
6832,JP,JP,FURNI,FOOD3,0.04
2346,JP,JP,COKE1,NONFE,0.04
10656,JP,JP,NONFE,HOTEL,0.04
11875,JP,JP,PETRO,ELECT,0.04
7675,JP,JP,HOTEL,SUGAR,0.04
10922,JP,JP,OFFIC,ELEC2,0.04
7332,JP,JP,HEALT,OILSE,0.04
904,JP,JP,BEVER,OILSE,0.04
12399,JP,JP,PLAS2,FORES,0.04
13239,JP,JP,PROCE,WEARI,0.04
17194,JP,JP,WASTE,COALT,0.04
15786,JP,JP,STONE,VEGE1,0.04
17045,JP,JP,VEGE1,TOBAC,0.04
2713,JP,JP,COMPU,NATU1,0.04
11019,JP,JP,OILHA,ELEC5,0.04
6514,JP,JP,FOODW,WHEAT,0.04
11546,JP,JP,PAPE1,WHEAT,0.04
14185,JP,JP,RECRE,STEAM,0.04
15664,JP,JP,STEAM,RAWMI,0.04
7396,JP,JP,HEAVY,AVIAT,0.04
4362,JP,JP,ELEC2,WOOLS,0.04
18140,JP,JP,WOOLS,NFERT,0.04
395,JP,JP,ALUM1,POULT,0.04
17796,JP,JP,WOOD1,NATUR,0.04
16824,JP,JP,TRANS,ELE12,0.04
7706,JP,JP,INERT,CERAM,0.04
17506,JP,JP,WHEAT,POULT,0.04
9754,JP,JP,MEMBE,BLAST,0.04
8371,JP,JP,KEROS,CERAM,0.04
12145,JP,JP,PLANT,ALUM1,0.04
1181,JP,JP,BITUM,PLAS2,0.04
14597,JP,JP,RETA1,AVIAT,0.04
1317,JP,JP,BLAST,WOOD2,0.04
13485,JP,JP,PULP5,SUGA1,0.04
2338,JP,JP,COKE1,MEATP,0.04
6091,JP,JP,FOOD3,TOBAC,0.04
4986,JP,JP,ELEC7,RETA1,0.04
15293,JP,JP,SANDC,VEGET,0.04
17272,JP,JP,WASTE,PROCE,0.04
11253,JP,JP,OXYGE,NFERT,0.04
13232,JP,JP,PROCE,SUGAR,0.04
2636,JP,JP,COMPU,BIOG1,0.04
1760,JP,JP,CEMEN,WHOLE,0.04
4036,JP,JP,ELE12,SUGAR,0.04
2455,JP,JP,COKEO,PRINT,0.04
2502,JP,JP,COLLE,CRUDE,0.04
11927,JP,JP,PFERT,BITU1,0.04
17161,JP,JP,VEGET,SECO9,0.04
11851,JP,JP,PETRO,ALUM1,0.04
13887,JP,JP,RAWMI,REFIN,0.04
6764,JP,JP,FOUND,STEAM,0.04
410,JP,JP,ALUM1,RETAI,0.04
12177,JP,JP,PLANT,HEAVY,0.04
2558,JP,JP,COLLE,NATU1,0.04
8882,JP,JP,LIQUE,MEATA,0.04
12834,JP,JP,POULT,RAILW,0.04
7127,JP,JP,GLASS,COKE1,0.04
10150,JP,JP,MOTOR,REFIN,0.04
2224,JP,JP,COALT,ALUM1,0.04
12210,JP,JP,PLANT,TRAN1,0.04
3815,JP,JP,ELE11,FOOD2,0.04
17877,JP,JP,WOOD2,CROPS,0.04
7817,JP,JP,INLAN,CEMEN,0.04
14243,JP,JP,REFI1,WASTE,0.04
1259,JP,JP,BLAST,LIQUE,0.04
15899,JP,JP,SUGAR,BRICK,0.04
1683,JP,JP,CEMEN,FOOD5,0.04
13835,JP,JP,RAWMI,FOUND,0.04
5071,JP,JP,ELEC8,MEAT4,0.04
3702,JP,JP,EDUCA,HEAVY,0.04
7878,JP,JP,INLAN,PREC1,0.04
5031,JP,JP,ELEC8,ELE12,0.04
6580,JP,JP,FORES,INSUR,0.03
21,JP,JP,93197,COKE1,0.03
10507,JP,JP,NONF1,CHARC,0.03
937,JP,JP,BEVER,SUGA1,0.03
17893,JP,JP,WOOD2,FISHF,0.03
14214,JP,JP,REFI1,DISTR,0.03
8434,JP,JP,LANDT,BIOG1,0.03
10642,JP,JP,NONFE,DIST1,0.03
16916,JP,JP,TRANS,WOOD1,0.03
2380,JP,JP,COKE1,SUPPO,0.03
1143,JP,JP,BITUM,BITU1,0.03
17986,JP,JP,WOODW,COALT,0.03
17901,JP,JP,WOOD2,GLASS,0.03
18036,JP,JP,WOODW,MEAT4,0.03
6645,JP,JP,FORES,STONE,0.03
8341,JP,JP,KERO1,SUGA1,0.03
8699,JP,JP,LEATH,CHEMI,0.03
10645,JP,JP,NONFE,ELEC2,0.03
2261,JP,JP,COALT,OFFIC,0.03
3649,JP,JP,DISTR,WOOLS,0.03
16748,JP,JP,TRAN2,FOUND,0.03
13662,JP,JP,RAILW,CEREA,0.03
18114,JP,JP,WOOLS,BLAST,0.03
11062,JP,JP,OILHA,NATUR,0.03
1777,JP,JP,CERAM,CEREA,0.03
7998,JP,JP,INSUR,OXYGE,0.03
16962,JP,JP,VEGE1,ELEC5,0.03
250,JP,JP,AIRTR,PIGS9,0.03
2776,JP,JP,COMPU,WHEAT,0.03
12873,JP,JP,PREC1,COKEO,0.03
15700,JP,JP,STONE,BEVER,0.03
11660,JP,JP,PAPE4,TOBAC,0.03
1325,JP,JP,BRICK,BUSIN,0.03
4422,JP,JP,ELEC3,IRONO,0.03
11181,JP,JP,OILSE,REFIN,0.03
1958,JP,JP,CEREA,WOOD1,0.03
9205,JP,JP,MEAT1,CEREA,0.03
11132,JP,JP,OILSE,COLLE,0.03
12824,JP,JP,POULT,PLAS1,0.03
12393,JP,JP,PLAS2,FISH5,0.03
16892,JP,JP,TRANS,REFI1,0.03
3967,JP,JP,ELE12,INTER,0.03
2188,JP,JP,CHEMI,OILHA,0.03
11609,JP,JP,PAPE4,LIQUE,0.03
674,JP,JP,AUXIL,WHITE,0.03
16906,JP,JP,TRANS,TEXT1,0.03
1133,JP,JP,BITU1,VEGE1,0.03
9597,JP,JP,MEATP,TRANS,0.03
10462,JP,JP,NFERT,OXYGE,0.03
1565,JP,JP,CATTL,COMPU,0.03
8161,JP,JP,INTER,REFI1,0.03
1917,JP,JP,CEREA,LIQUE,0.03
11360,JP,JP,PADDY,NAPHT,0.03
13903,JP,JP,RAWMI,VEGE1,0.03
8984,JP,JP,LUBRI,INLAN,0.03
16500,JP,JP,TEXTI,WHEAT,0.03
9073,JP,JP,MACHI,CRUDE,0.03
1647,JP,JP,CEMEN,BEVER,0.03
16333,JP,JP,TEXT2,PFERT,0.03
2657,JP,JP,COMPU,CRUDE,0.03
5996,JP,JP,FOOD3,CERAM,0.03
10304,JP,JP,NATUR,ELEC3,0.03
5891,JP,JP,FOOD2,DAIRY,0.03
16245,JP,JP,TEXT1,STONE,0.03
10920,JP,JP,OFFIC,EDUCA,0.03
1754,JP,JP,CEMEN,TRANS,0.03
2436,JP,JP,COKEO,LEATH,0.03
17166,JP,JP,VEGET,TEXT1,0.03
8947,JP,JP,LIQUE,WOOD2,0.03
12751,JP,JP,POSTT,WOOLS,0.03
16813,JP,JP,TRANS,COKE1,0.03
12369,JP,JP,PLAS2,CERAM,0.03
17541,JP,JP,WHITE,GASDI,0.03
9450,JP,JP,MEATC,DIST1,0.03
15869,JP,JP,SUGA1,PULP5,0.03
7994,JP,JP,INSUR,NONSP,0.03
12006,JP,JP,PFERT,POULT,0.03
10983,JP,JP,OFFIC,WOOLS,0.03
12191,JP,JP,PLANT,OFFIC,0.03
7520,JP,JP,HEAVY,SUGAR,0.03
12412,JP,JP,PLAS2,LEAD1,0.03
17527,JP,JP,WHEAT,WOOD1,0.03
9280,JP,JP,MEAT4,BRICK,0.03
11973,JP,JP,PFERT,INTER,0.03
12039,JP,JP,PIGS9,93197,0.03
17067,JP,JP,VEGET,BLAST,0.03
2427,JP,JP,COKEO,FOOD5,0.03
143,JP,JP,93197,WHEAT,0.03
1692,JP,JP,CEMEN,HEAVY,0.03
11665,JP,JP,PAPE4,WEARI,0.03
10397,JP,JP,NATUR,WOOD2,0.03
16204,JP,JP,TEXT1,NONFE,0.03
3338,JP,JP,DAIRY,TRAN2,0.03
10892,JP,JP,NONSP,SECO9,0.03
14220,JP,JP,REFI1,FOODW,0.03
13330,JP,JP,PUBLI,PAPE4,0.03
16909,JP,JP,TRANS,TRAN1,0.03
6610,JP,JP,FORES,OXYGE,0.03
13598,JP,JP,RADIO,PLAS2,0.03
11578,JP,JP,PAPE4,ELE12,0.03
5724,JP,JP,FISH5,SUGAR,0.03
18123,JP,JP,WOOLS,FABRI,0.03
10640,JP,JP,NONFE,COPP1,0.03
9041,JP,JP,LUBRI,WHITE,0.03
8830,JP,JP,LIQUE,CHEMI,0.03
6944,JP,JP,GASDI,BIODI,0.03
10384,JP,JP,NATUR,TEXT1,0.03
16726,JP,JP,TRAN2,CEMEN,0.03
3254,JP,JP,DAIRY,ELEC6,0.03
8773,JP,JP,LEATH,PLAS2,0.03
10644,JP,JP,NONFE,ELEC1,0.03
12149,JP,JP,PLANT,BLAST,0.03
17080,JP,JP,VEGET,COPP1,0.03
6194,JP,JP,FOOD4,PROCE,0.03
17942,JP,JP,WOOD2,RAWMI,0.03
10653,JP,JP,NONFE,FOUND,0.03
15568,JP,JP,STEAM,BIOG1,0.03
12985,JP,JP,PRECI,WHOLE,0.03
17212,JP,JP,WASTE,ELEC6,0.03
12339,JP,JP,PLAS1,STONE,0.03
16778,JP,JP,TRAN2,POSTT,0.03
7705,JP,JP,INERT,CEMEN,0.03
13863,JP,JP,RAWMI,NONSP,0.03
8224,JP,JP,KERO1,BLAST,0.03
6061,JP,JP,FOOD3,PIGS9,0.03
8833,JP,JP,LIQUE,COKEO,0.03
4985,JP,JP,ELEC7,RESEA,0.03
11912,JP,JP,PETRO,SANDC,0.03
17550,JP,JP,WHITE,MEDIC,0.03
12803,JP,JP,POULT,LEAD1,0.03
13838,JP,JP,RAWMI,GLASS,0.03
3657,JP,JP,EDUCA,BLAST,0.03
5555,JP,JP,FINAN,NUCLE,0.03
1954,JP,JP,CEREA,TOBAC,0.03
13795,JP,JP,RAWMI,ALUM1,0.03
18132,JP,JP,WOOLS,LANDT,0.03
2999,JP,JP,COPP1,LUBRI,0.03
7802,JP,JP,INERT,TRAN1,0.03
16945,JP,JP,VEGE1,COALT,0.03
11500,JP,JP,PAPE1,PARAF,0.03
8858,JP,JP,LIQUE,FOOD3,0.03
3952,JP,JP,ELE12,FOOD3,0.03
4635,JP,JP,ELEC4,SUGA1,0.03
16158,JP,JP,TEXT1,ELEC5,0.03
2382,JP,JP,COKE1,TEXT2,0.03
3023,JP,JP,COPP1,PROCE,0.03
6582,JP,JP,FORES,IRONO,0.03
9815,JP,JP,MEMBE,MEATA,0.03
12298,JP,JP,PLAS1,NONFE,0.03
2956,JP,JP,COPP1,COALT,0.03
2466,JP,JP,COKEO,TEXT1,0.03
1012,JP,JP,BIOG1,OILHA,0.03
2282,JP,JP,COKE1,BIOG1,0.03
4951,JP,JP,ELEC7,DISTR,0.03
13261,JP,JP,PUBLI,COKEO,0.03
5157,JP,JP,ELECT,BIODI,0.03
5057,JP,JP,ELEC8,INERT,0.03
9980,JP,JP,MOTO1,OILSE,0.03
1228,JP,JP,BLAST,DISTR,0.03
1037,JP,JP,BIOG1,TEXT1,0.03
9276,JP,JP,MEAT4,AUXIL,0.03
8362,JP,JP,KEROS,93197,0.03
17315,JP,JP,WEARI,BIOG1,0.03
3289,JP,JP,DAIRY,MOTOR,0.03
13191,JP,JP,PROCE,LIQUE,0.03
13679,JP,JP,RAILW,ELE12,0.03
8680,JP,JP,LEAD1,WOOD1,0.03
16752,JP,JP,TRAN2,GLASS,0.03
11167,JP,JP,OILSE,NONSP,0.03
5951,JP,JP,FOOD2,POULT,0.03
7796,JP,JP,INERT,SECO9,0.03
12175,JP,JP,PLANT,GLASS,0.03
13926,JP,JP,REALE,CHARC,0.03
16934,JP,JP,VEGE1,BIODI,0.03
1183,JP,JP,BITUM,POSTT,0.03
5995,JP,JP,FOOD3,CEMEN,0.03
12832,JP,JP,POULT,PULP5,0.03
9394,JP,JP,MEATA,FINAN,0.03
13813,JP,JP,RAWMI,COPP1,0.03
17174,JP,JP,VEGET,WEARI,0.03
15896,JP,JP,SUGAR,BASIC,0.03
13896,JP,JP,RAWMI,SUPPO,0.03
4851,JP,JP,ELEC6,IRONO,0.03
7908,JP,JP,INLAN,WOOD1,0.03
15264,JP,JP,SANDC,POSTT,0.03
17187,JP,JP,WASTE,BRICK,0.03
12464,JP,JP,PLAS2,TRAN1,0.03
3158,JP,JP,CROPS,PRECI,0.03
10388,JP,JP,NATUR,TRAN1,0.03
5866,JP,JP,FISHF,WHEAT,0.03
7547,JP,JP,HOTEL,BIOG1,0.03
1059,JP,JP,BITU1,COALT,0.03
15970,JP,JP,SUGAR,TRAN1,0.03
1847,JP,JP,CERAM,POULT,0.03
8596,JP,JP,LEAD1,COKEO,0.03
3218,JP,JP,CRUDE,WHITE,0.03
12104,JP,JP,PIGS9,OILHA,0.03
1918,JP,JP,CEREA,LUBRI,0.03
15223,JP,JP,SANDC,FISH5,0.03
5747,JP,JP,FISHF,BIODI,0.03
2450,JP,JP,COKEO,PLAS1,0.03
3343,JP,JP,DAIRY,WHEAT,0.03
9506,JP,JP,MEATC,SUGAR,0.03
12252,JP,JP,PLAS1,ELEC5,0.03
7801,JP,JP,INERT,TOBAC,0.03
13340,JP,JP,PUBLI,PRECI,0.03
12206,JP,JP,PLANT,SALEM,0.03
3715,JP,JP,EDUCA,MEAT1,0.03
6969,JP,JP,GASDI,ELE12,0.03
16201,JP,JP,TEXT1,NATUR,0.03
3489,JP,JP,DIST1,WHEAT,0.03
4967,JP,JP,ELEC7,MACHI,0.03
1616,JP,JP,CATTL,PLAS1,0.03
6812,JP,JP,FURNI,CRUDE,0.03
3183,JP,JP,CROPS,TEXT2,0.03
2419,JP,JP,COKEO,ELEC5,0.03
4996,JP,JP,ELEC7,WHOLE,0.03
12830,JP,JP,POULT,PROCE,0.03
13547,JP,JP,RADIO,FOOD2,0.03
13667,JP,JP,RAILW,COKE1,0.03
13614,JP,JP,RADIO,REFIN,0.03
17447,JP,JP,WEARI,TRAN2,0.03
2434,JP,JP,COKEO,INTER,0.03
9866,JP,JP,MEMBE,STEAM,0.03
3653,JP,JP,EDUCA,ANIMA,0.03
5037,JP,JP,ELEC8,ELEC6,0.03
6223,JP,JP,FOOD4,VEGE1,0.03
6589,JP,JP,FORES,LUBRI,0.03
9368,JP,JP,MEAT4,TOBAC,0.03
8203,JP,JP,IRONO,MEDIC,0.03
14572,JP,JP,RESEA,SUGA1,0.03
13374,JP,JP,PUBLI,WASTE,0.03
12950,JP,JP,PREC1,TRAN1,0.03
8662,JP,JP,LEAD1,RAWMI,0.03
3854,JP,JP,ELE11,OILHA,0.03
6964,JP,JP,GASDI,CRUDE,0.03
15512,JP,JP,SECO9,NATUR,0.03
12368,JP,JP,PLAS2,CEMEN,0.03
15675,JP,JP,STEAM,SANDC,0.03
10683,JP,JP,NONFE,TRANS,0.03
7866,JP,JP,INLAN,NONF1,0.03
6041,JP,JP,FOOD3,LIQUE,0.03
17844,JP,JP,WOOD1,TEXT2,0.03
3710,JP,JP,EDUCA,LEAD1,0.03
9004,JP,JP,LUBRI,OILSE,0.03
17907,JP,JP,WOOD2,KERO1,0.03
1575,JP,JP,CATTL,ELEC6,0.03
8402,JP,JP,KEROS,OILHA,0.03
6749,JP,JP,FOUND,PROCE,0.03
905,JP,JP,BEVER,OXYGE,0.03
11159,JP,JP,OILSE,MEAT1,0.03
7546,JP,JP,HOTEL,BIODI,0.03
6535,JP,JP,FORES,CEREA,0.03
6488,JP,JP,FOODW,REFIN,0.03
16850,JP,JP,TRANS,INTER,0.03
17370,JP,JP,WEARI,INLAN,0.03
16482,JP,JP,TEXTI,SANDC,0.03
9502,JP,JP,MEATC,SANDC,0.03
9402,JP,JP,MEATA,HEAVY,0.03
1283,JP,JP,BLAST,PLAS1,0.03
15262,JP,JP,SANDC,PLAS1,0.03
10919,JP,JP,OFFIC,DISTR,0.03
4739,JP,JP,ELEC5,PAPE4,0.03
12148,JP,JP,PLANT,BEVER,0.03
15196,JP,JP,SANDC,BEVER,0.03
16847,JP,JP,TRANS,INERT,0.03
14235,JP,JP,REFI1,PAPE1,0.03
11144,JP,JP,OILSE,FISH5,0.03
12459,JP,JP,PLAS2,SECO9,0.03
2248,JP,JP,COALT,GLASS,0.03
8628,JP,JP,LEAD1,INTER,0.03
6609,JP,JP,FORES,OILSE,0.03
6207,JP,JP,FOOD4,RETAI,0.03
11501,JP,JP,PAPE1,PETRO,0.03
12295,JP,JP,PLAS1,NATUR,0.03
15284,JP,JP,SANDC,SUGA1,0.03
1779,JP,JP,CERAM,COALT,0.03
14216,JP,JP,REFI1,ELEC2,0.03
17806,JP,JP,WOOD1,PAPE4,0.03
16535,JP,JP,TOBAC,FURNI,0.03
2723,JP,JP,COMPU,OILSE,0.03
17925,JP,JP,WOOD2,PADDY,0.03
7097,JP,JP,GASWO,FURNI,0.03
3690,JP,JP,EDUCA,FOOD2,0.03
11629,JP,JP,PAPE4,PIGS9,0.03
13810,JP,JP,RAWMI,COKEO,0.03
4064,JP,JP,ELEC1,BIODI,0.03
590,JP,JP,AUXIL,INLAN,0.03
17237,JP,JP,WASTE,LEATH,0.03
11883,JP,JP,PETRO,HEALT,0.03
11282,JP,JP,OXYGE,TEXT1,0.03
12759,JP,JP,POULT,BLAST,0.03
2259,JP,JP,COALT,NONF1,0.03
7751,JP,JP,INERT,LIQUE,0.03
4987,JP,JP,ELEC7,RUBBE,0.03
7189,JP,JP,GLASS,PADDY,0.03
6087,JP,JP,FOOD3,SECO9,0.03
360,JP,JP,ALUM1,KERO1,0.03
16282,JP,JP,TEXT2,CROPS,0.03
11280,JP,JP,OXYGE,STEAM,0.03
11110,JP,JP,OILHA,TEXT2,0.03
5881,JP,JP,FOOD2,CERAM,0.03
5911,JP,JP,FOOD2,FORES,0.03
5905,JP,JP,FOOD2,FISH5,0.03
8212,JP,JP,IRONO,SECO9,0.03
295,JP,JP,AIRTR,WHITE,0.03
7864,JP,JP,INLAN,NAPHT,0.03
1959,JP,JP,CEREA,WOOD2,0.03
9613,JP,JP,MEDIC,BITUM,0.03
17014,JP,JP,VEGE1,PLAS2,0.03
16509,JP,JP,TOBAC,AUXIL,0.03
7688,JP,JP,HOTEL,WHEAT,0.03
3996,JP,JP,ELE12,OILSE,0.03
15754,JP,JP,STONE,OFFIC,0.03
16306,JP,JP,TEXT2,GLASS,0.03
4978,JP,JP,ELEC7,PUBLI,0.03
15765,JP,JP,STONE,PROCE,0.03
10613,JP,JP,NONF1,TEXT1,0.03
6096,JP,JP,FOOD3,WEARI,0.03
14249,JP,JP,REFIN,COALT,0.03
9135,JP,JP,MACHI,NONSP,0.03
3891,JP,JP,ELE11,STONE,0.03
502,JP,JP,ANIMA,POSTT,0.03
3042,JP,JP,COPP1,TOBAC,0.03
17244,JP,JP,WASTE,MEATP,0.03
4969,JP,JP,ELEC7,MOTO1,0.03
9564,JP,JP,MEATP,MOTO1,0.03
10586,JP,JP,NONF1,PLAS1,0.03
13230,JP,JP,PROCE,SECO9,0.03
17062,JP,JP,VEGET,AUXIL,0.03
15735,JP,JP,STONE,GLASS,0.03
7636,JP,JP,HOTEL,PADDY,0.03
17829,JP,JP,WOOD1,REFIN,0.03
8053,JP,JP,INSUR,WOOD2,0.03
16551,JP,JP,TOBAC,PLAS1,0.03
11072,JP,JP,OILHA,PAPE4,0.03
2378,JP,JP,COKE1,STEAM,0.03
2991,JP,JP,COPP1,INSUR,0.03
16298,JP,JP,TEXT2,FISHF,0.03
435,JP,JP,ANIMA,93197,0.03
11613,JP,JP,PAPE4,MEATC,0.03
15714,JP,JP,STONE,CROPS,0.03
13189,JP,JP,PROCE,INTER,0.03
16811,JP,JP,TRANS,CHEMI,0.03
9033,JP,JP,LUBRI,SUGAR,0.03
8364,JP,JP,KEROS,AVIAT,0.03
13974,JP,JP,REALE,IRONO,0.03
7806,JP,JP,INERT,WEARI,0.03
16718,JP,JP,TRAN2,93197,0.03
13389,JP,JP,PULP5,BUSIN,0.03
3671,JP,JP,EDUCA,CROPS,0.03
10396,JP,JP,NATUR,WOOD1,0.03
11890,JP,JP,PETRO,LUBRI,0.03
61,JP,JP,93197,INLAN,0.03
13259,JP,JP,PUBLI,COALT,0.03
12486,JP,JP,PLAST,CEREA,0.03
1022,JP,JP,BIOG1,PROCE,0.03
2222,JP,JP,CHEMI,WOOD1,0.03
6092,JP,JP,FOOD3,TRAN1,0.03
14149,JP,JP,RECRE,OXYGE,0.03
814,JP,JP,BASIC,SUGA1,0.03
3047,JP,JP,COPP1,VEGET,0.03
17908,JP,JP,WOOD2,KEROS,0.03
16519,JP,JP,TOBAC,DISTR,0.03
464,JP,JP,ANIMA,FINAN,0.03
11095,JP,JP,OILHA,REFIN,0.03
7080,JP,JP,GASDI,WHITE,0.03
1873,JP,JP,CERAM,TRAN1,0.03
5720,JP,JP,FISH5,SECO9,0.03
3535,JP,JP,DISTR,ELEC5,0.03
6849,JP,JP,FURNI,IRONO,0.03
9411,JP,JP,MEATA,MEATP,0.03
2107,JP,JP,CHEM1,URANI,0.03
4529,JP,JP,ELEC4,COKE1,0.03
4954,JP,JP,ELEC7,FABRI,0.03
1611,JP,JP,CATTL,OILHA,0.03
11941,JP,JP,PFERT,COMPU,0.03
1303,JP,JP,BLAST,STONE,0.03
12017,JP,JP,PFERT,REFIN,0.03
2324,JP,JP,COKE1,HEAVY,0.03
8790,JP,JP,LEATH,RETAI,0.03
17951,JP,JP,WOOD2,SANDC,0.03
17939,JP,JP,WOOD2,PULP5,0.03
5774,JP,JP,FISHF,ELEC6,0.03
16626,JP,JP,TRAN1,INLAN,0.03
13206,JP,JP,PROCE,PAPER,0.03
684,JP,JP,AVIAT,RESEA,0.03
5924,JP,JP,FOOD2,LEAD1,0.03
3896,JP,JP,ELE11,TOBAC,0.03
16939,JP,JP,VEGE1,CATTL,0.03
12863,JP,JP,PREC1,BIODI,0.03
8359,JP,JP,KERO1,WOOD2,0.03
9868,JP,JP,MEMBE,SUGAR,0.03
10847,JP,JP,NONSP,ELEC4,0.03
6878,JP,JP,FURNI,OILSE,0.03
4956,JP,JP,ELEC7,FISHF,0.03
3864,JP,JP,ELE11,PLAS1,0.03
1635,JP,JP,CATTL,TEXT1,0.03
4976,JP,JP,ELEC7,POSTT,0.03
13861,JP,JP,RAWMI,NONF1,0.03
1191,JP,JP,BITUM,REFIN,0.03
5976,JP,JP,FOOD2,TRAN1,0.03
4579,JP,JP,ELEC4,MEAT4,0.03
6917,JP,JP,FURNI,SUGA1,0.03
15104,JP,JP,SALEM,IRONO,0.03
9381,JP,JP,MEATA,BEVER,0.03
4541,JP,JP,ELEC4,ELE12,0.03
10481,JP,JP,NFERT,STEAM,0.03
8380,JP,JP,KEROS,ELEC3,0.03
2168,JP,JP,CHEMI,LANDT,0.03
6715,JP,JP,FOUND,KEROS,0.03
4049,JP,JP,ELE12,WHEAT,0.03
9354,JP,JP,MEAT4,RAWMI,0.03
9895,JP,JP,MOTO1,BITUM,0.03
16588,JP,JP,TRAN1,COKE1,0.03
8,JP,JP,93197,BIOG1,0.03
4994,JP,JP,ELEC7,TRANS,0.03
13685,JP,JP,RAILW,ELEC6,0.03
8517,JP,JP,LANDT,NUCLE,0.03
12770,JP,JP,POULT,COLLE,0.03
17522,JP,JP,WHEAT,TOBAC,0.03
8909,JP,JP,LIQUE,POULT,0.03
9552,JP,JP,MEATP,FURNI,0.03
9753,JP,JP,MEMBE,BITU1,0.03
9278,JP,JP,MEAT4,BEVER,0.03
16346,JP,JP,TEXT2,RAWMI,0.03
478,JP,JP,ANIMA,KERO1,0.03
17725,JP,JP,WOOD1,BITU1,0.03
10069,JP,JP,MOTOR,DISTR,0.03
1795,JP,JP,CERAM,ELEC4,0.03
14837,JP,JP,RETAI,PARAF,0.03
2244,JP,JP,COALT,FISH5,0.03
7720,JP,JP,INERT,ELE12,0.03
9714,JP,JP,MEDIC,REFIN,0.03
7771,JP,JP,INERT,PIGS9,0.03
1794,JP,JP,CERAM,ELEC3,0.03
13586,JP,JP,RADIO,NONSP,0.03
1135,JP,JP,BITU1,WEARI,0.03
4789,JP,JP,ELEC5,WOOD2,0.03
16397,JP,JP,TEXTI,ELE12,0.03
10835,JP,JP,NONSP,CHEMI,0.03
8058,JP,JP,INTER,ANIMA,0.03
10671,JP,JP,NONFE,PROCE,0.03
7909,JP,JP,INLAN,WOODW,0.03
16512,JP,JP,TOBAC,BUSIN,0.03
6646,JP,JP,FORES,SUGA1,0.03
9571,JP,JP,MEATP,PLAS2,0.03
15725,JP,JP,STONE,FISH5,0.03
15833,JP,JP,SUGA1,FOUND,0.03
11819,JP,JP,PAPER,WHITE,0.03
8172,JP,JP,INTER,STEAM,0.03
11225,JP,JP,OXYGE,FISHF,0.03
11931,JP,JP,PFERT,CATTL,0.03
7605,JP,JP,HOTEL,IRONO,0.03
11902,JP,JP,PETRO,OFFIC,0.03
10049,JP,JP,MOTOR,BITU1,0.03
16449,JP,JP,TEXTI,NUCLE,0.03
9324,JP,JP,MEAT4,LEAD1,0.03
17239,JP,JP,WASTE,LUBRI,0.03
9485,JP,JP,MEATC,PLAS1,0.03
17072,JP,JP,VEGET,CERAM,0.03
1095,JP,JP,BITU1,LEATH,0.03
10991,JP,JP,OILHA,BITU1,0.03
9977,JP,JP,MOTO1,NUCLE,0.03
2394,JP,JP,COKE1,WOOD2,0.03
15727,JP,JP,STONE,FOOD2,0.03
9614,JP,JP,MEDIC,BLAST,0.03
14000,JP,JP,REALE,NUCLE,0.03
3269,JP,JP,DAIRY,GASWO,0.03
7847,JP,JP,INLAN,INTER,0.03
8259,JP,JP,KERO1,FOOD2,0.03
12038,JP,JP,PFERT,WOOLS,0.03
8424,JP,JP,KEROS,WOOD1,0.03
7879,JP,JP,INLAN,PRECI,0.03
3048,JP,JP,COPP1,WASTE,0.03
2462,JP,JP,COKEO,SALEM,0.03
10350,JP,JP,NATUR,OILHA,0.03
11885,JP,JP,PETRO,HOTEL,0.03
12414,JP,JP,PLAS2,LIQUE,0.03
17280,JP,JP,WASTE,REFI1,0.03
10511,JP,JP,NONF1,COKE1,0.03
12383,JP,JP,PLAS2,ELE12,0.03
7085,JP,JP,GASDI,WOOLS,0.03
3327,JP,JP,DAIRY,SECO9,0.03
3329,JP,JP,DAIRY,STONE,0.03
17066,JP,JP,VEGET,BITU1,0.03
10643,JP,JP,NONFE,DISTR,0.03
16606,JP,JP,TRAN1,ELEC6,0.03
12136,JP,JP,PIGS9,TEXT1,0.03
13236,JP,JP,PROCE,TRAN1,0.03
15815,JP,JP,SUGA1,EDUCA,0.03
5880,JP,JP,FOOD2,CEMEN,0.03
3331,JP,JP,DAIRY,SUGAR,0.03
4783,JP,JP,ELEC5,WASTE,0.03
15289,JP,JP,SANDC,TOBAC,0.03
17532,JP,JP,WHITE,CEMEN,0.03
9136,JP,JP,MACHI,NUCLE,0.03
5971,JP,JP,FOOD2,SECO9,0.03
1680,JP,JP,CEMEN,FISH5,0.03
13900,JP,JP,RAWMI,TOBAC,0.03
16249,JP,JP,TEXT1,TEXT2,0.03
16486,JP,JP,TEXTI,SUGA1,0.03
12885,JP,JP,PREC1,ELEC7,0.03
7199,JP,JP,GLASS,POULT,0.03
7429,JP,JP,HEAVY,ELEC5,0.03
10622,JP,JP,NONF1,WASTE,0.03
9382,JP,JP,MEATA,BIOG1,0.03
2313,JP,JP,COKE1,FOOD3,0.03
953,JP,JP,BIODI,HEALT,0.03
1941,JP,JP,CEREA,RAILW,0.03
9814,JP,JP,MEMBE,MEAT1,0.03
3268,JP,JP,DAIRY,GASDI,0.03
17488,JP,JP,WHEAT,LIQUE,0.03
12463,JP,JP,PLAS2,TOBAC,0.03
18126,JP,JP,WOOLS,GASWO,0.03
12468,JP,JP,PLAS2,WEARI,0.03
4952,JP,JP,ELEC7,EDUCA,0.03
10335,JP,JP,NATUR,MEAT4,0.03
9694,JP,JP,MEDIC,PETRO,0.03
9001,JP,JP,LUBRI,NONME,0.03
4741,JP,JP,ELEC5,PARAF,0.03
11994,JP,JP,PFERT,NONSP,0.03
8151,JP,JP,INTER,PRECI,0.03
4050,JP,JP,ELE12,WHITE,0.03
1046,JP,JP,BIOG1,WOOD1,0.03
17852,JP,JP,WOOD1,WASTE,0.03
16211,JP,JP,TEXT1,PAPE4,0.03
17888,JP,JP,WOOD2,ELEC8,0.03
1119,JP,JP,BITU1,PULP5,0.03
12883,JP,JP,PREC1,ELEC3,0.03
10692,JP,JP,NONME,BIODI,0.03
4441,JP,JP,ELEC3,NATU1,0.03
7852,JP,JP,INLAN,LEAD1,0.03
11390,JP,JP,PADDY,SEACO,0.03
11463,JP,JP,PAPE1,INERT,0.03
1332,JP,JP,BRICK,COMPU,0.03
1141,JP,JP,BITUM,ALUM1,0.03
15983,JP,JP,SUPPO,BIODI,0.03
6433,JP,JP,FOODW,INERT,0.03
15629,JP,JP,STEAM,MEAT4,0.03
15507,JP,JP,SECO9,MEATP,0.03
479,JP,JP,ANIMA,KEROS,0.03
11566,JP,JP,PAPE4,CHEMI,0.03
6141,JP,JP,FOOD4,FOOD2,0.03
17490,JP,JP,WHEAT,MACHI,0.03
9422,JP,JP,MEATA,POSTT,0.03
17144,JP,JP,VEGET,PREC1,0.03
48,JP,JP,93197,FOOD3,0.03
2275,JP,JP,COALT,VEGE1,0.03
1174,JP,JP,BITUM,NONSP,0.03
2801,JP,JP,CONST,CHARC,0.03
1377,JP,JP,BRICK,RAWMI,0.03
9139,JP,JP,MACHI,OILSE,0.03
10974,JP,JP,OFFIC,SUPPO,0.03
11161,JP,JP,OILSE,MEATP,0.03
2210,JP,JP,CHEMI,STEAM,0.02
10484,JP,JP,NFERT,SUPPO,0.02
9590,JP,JP,MEATP,STEAM,0.02
18133,JP,JP,WOOLS,LIQUE,0.02
16977,JP,JP,VEGE1,GASWO,0.02
12765,JP,JP,POULT,CEREA,0.02
12343,JP,JP,PLAS1,TEXT2,0.02
15939,JP,JP,SUGAR,MEATP,0.02
4566,JP,JP,ELEC4,INERT,0.02
13299,JP,JP,PUBLI,INERT,0.02
3676,JP,JP,EDUCA,ELE11,0.02
17459,JP,JP,WEARI,WOOLS,0.02
9442,JP,JP,MEATC,BUSIN,0.02
13800,JP,JP,RAWMI,BIODI,0.02
11877,JP,JP,PETRO,FISH5,0.02
8598,JP,JP,LEAD1,COMPU,0.02
6161,JP,JP,FOOD4,LUBRI,0.02
998,JP,JP,BIOG1,LEATH,0.02
997,JP,JP,BIOG1,LEAD1,0.02
3238,JP,JP,DAIRY,COKEO,0.02
14210,JP,JP,REFI1,CERAM,0.02
7221,JP,JP,GLASS,SUGAR,0.02
17920,JP,JP,WOOD2,NAPHT,0.02
15261,JP,JP,SANDC,PLANT,0.02
15538,JP,JP,SECO9,REFIN,0.02
1123,JP,JP,BITU1,RENTI,0.02
15453,JP,JP,SECO9,BUSIN,0.02
13824,JP,JP,RAWMI,ELEC6,0.02
8401,JP,JP,KEROS,OFFIC,0.02
17120,JP,JP,VEGET,MEATA,0.02
11118,JP,JP,OILHA,WASTE,0.02
17547,JP,JP,WHITE,LEATH,0.02
6606,JP,JP,FORES,NONSP,0.02
8382,JP,JP,KEROS,FOOD3,0.02
11308,JP,JP,PADDY,CEREA,0.02
10635,JP,JP,NONFE,BUSIN,0.02
14132,JP,JP,RECRE,MEAT4,0.02
16312,JP,JP,TEXT2,KERO1,0.02
1642,JP,JP,CATTL,WOOD1,0.02
2974,JP,JP,COPP1,ELEC6,0.02
12305,JP,JP,PLAS1,PAPE4,0.02
7251,JP,JP,HEALT,BITUM,0.02
16234,JP,JP,TEXT1,REFIN,0.02
10859,JP,JP,NONSP,HEALT,0.02
9426,JP,JP,MEATA,RENTI,0.02
2317,JP,JP,COKE1,FORES,0.02
4980,JP,JP,ELEC7,RADIO,0.02
10943,JP,JP,OFFIC,MEAT4,0.02
13548,JP,JP,RADIO,FOOD3,0.02
7849,JP,JP,INLAN,KERO1,0.02
12013,JP,JP,PFERT,RAWMI,0.02
9798,JP,JP,MEMBE,GASWO,0.02
17139,JP,JP,VEGET,PLAS1,0.02
16330,JP,JP,TEXT2,PADDY,0.02
17521,JP,JP,WHEAT,TEXT1,0.02
17867,JP,JP,WOOD2,CATTL,0.02
9209,JP,JP,MEAT1,DIST1,0.02
9201,JP,JP,MEAT1,AUXIL,0.02
951,JP,JP,BEVER,WOOD2,0.02
3514,JP,JP,DISTR,CHARC,0.02
2621,JP,JP,COLLE,WHEAT,0.02
9504,JP,JP,MEATC,SECO9,0.02
14346,JP,JP,RENTI,INERT,0.02
9290,JP,JP,MEAT4,COLLE,0.02
17512,JP,JP,WHEAT,REFI1,0.02
10468,JP,JP,NFERT,POSTT,0.02
10382,JP,JP,NATUR,SUGA1,0.02
4389,JP,JP,ELEC3,CRUDE,0.02
14120,JP,JP,RECRE,INLAN,0.02
11235,JP,JP,OXYGE,HEAVY,0.02
6874,JP,JP,FURNI,NONSP,0.02
1024,JP,JP,BIOG1,PULP5,0.02
15517,JP,JP,SECO9,NONSP,0.02
3211,JP,JP,CRUDE,NONME,0.02
12163,JP,JP,PLANT,ELEC4,0.02
9016,JP,JP,LUBRI,PRINT,0.02
7755,JP,JP,INERT,MEATC,0.02
337,JP,JP,ALUM1,ELEC5,0.02
4547,JP,JP,ELEC4,ELEC6,0.02
15249,JP,JP,SANDC,MOTOR,0.02
12328,JP,JP,PLAS1,REFIN,0.02
1603,JP,JP,CATTL,MEMBE,0.02
16717,JP,JP,TRAN1,WOOLS,0.02
1719,JP,JP,CEMEN,OXYGE,0.02
3039,JP,JP,COPP1,SUPPO,0.02
12909,JP,JP,PREC1,LUBRI,0.02
10121,JP,JP,MOTOR,NONSP,0.02
16563,JP,JP,TOBAC,SUPPO,0.02
2968,JP,JP,COPP1,ELE12,0.02
12514,JP,JP,PLAST,FOOD4,0.02
3137,JP,JP,CROPS,NONFE,0.02
3797,JP,JP,ELE11,COKEO,0.02
6202,JP,JP,FOOD4,REFI1,0.02
8738,JP,JP,LEATH,HEAVY,0.02
99,JP,JP,93197,PIGS9,0.02
14794,JP,JP,RETAI,FOOD3,0.02
6727,JP,JP,FOUND,MEMBE,0.02
7527,JP,JP,HEAVY,TRAN2,0.02
12801,JP,JP,POULT,INTER,0.02
6010,JP,JP,FOOD3,ELE12,0.02
18147,JP,JP,WOOLS,REFI1,0.02
4372,JP,JP,ELEC3,BLAST,0.02
13640,JP,JP,RADIO,WHEAT,0.02
4890,JP,JP,ELEC6,PLAS2,0.02
3144,JP,JP,CROPS,OXYGE,0.02
461,JP,JP,ANIMA,ELEC6,0.02
4959,JP,JP,ELEC7,FORES,0.02
5036,JP,JP,ELEC8,ELEC5,0.02
17148,JP,JP,VEGET,PULP5,0.02
9490,JP,JP,MEATC,PRINT,0.02
11375,JP,JP,PADDY,POSTT,0.02
17489,JP,JP,WHEAT,LUBRI,0.02
3808,JP,JP,ELE11,ELEC1,0.02
6310,JP,JP,FOOD5,NAPHT,0.02
6117,JP,JP,FOOD4,COKE1,0.02
12116,JP,JP,PIGS9,PRECI,0.02
6879,JP,JP,FURNI,OXYGE,0.02
3476,JP,JP,DIST1,SUGAR,0.02
9303,JP,JP,MEAT4,ELEC5,0.02
3786,JP,JP,ELE11,BITU1,0.02
13144,JP,JP,PROCE,ANIMA,0.02
6319,JP,JP,FOOD5,OXYGE,0.02
8727,JP,JP,LEATH,FOOD3,0.02
4870,JP,JP,ELEC6,NATU1,0.02
16130,JP,JP,TEXT1,BITU1,0.02
15898,JP,JP,SUGAR,BLAST,0.02
15232,JP,JP,SANDC,GASDI,0.02
4949,JP,JP,ELEC7,CONST,0.02
13247,JP,JP,PUBLI,ANIMA,0.02
13324,JP,JP,PUBLI,NONFE,0.02
1387,JP,JP,BRICK,WEARI,0.02
5895,JP,JP,FOOD2,ELE12,0.02
17788,JP,JP,WOOD1,MEATA,0.02
750,JP,JP,BASIC,INLAN,0.02
16354,JP,JP,TEXT2,SANDC,0.02
4964,JP,JP,ELEC7,HOTEL,0.02
16343,JP,JP,TEXT2,PULP5,0.02
16313,JP,JP,TEXT2,KEROS,0.02
3880,JP,JP,ELE11,REFIN,0.02
10634,JP,JP,NONFE,BRICK,0.02
9017,JP,JP,LUBRI,PROCE,0.02
12949,JP,JP,PREC1,TOBAC,0.02
2166,JP,JP,CHEMI,INTER,0.02
14886,JP,JP,RUBBE,AVIAT,0.02
14968,JP,JP,RUBBE,NATU1,0.02
7144,JP,JP,GLASS,ELEC6,0.02
8637,JP,JP,LEAD1,MEATP,0.02
15900,JP,JP,SUGAR,BUSIN,0.02
10325,JP,JP,NATUR,INTER,0.02
12111,JP,JP,PIGS9,PLAS1,0.02
9600,JP,JP,MEATP,WHEAT,0.02
6045,JP,JP,FOOD3,MEATC,0.02
10577,JP,JP,NONF1,OILSE,0.02
1378,JP,JP,BRICK,RECRE,0.02
18134,JP,JP,WOOLS,LUBRI,0.02
447,JP,JP,ANIMA,COKE1,0.02
1814,JP,JP,CERAM,INLAN,0.02
8671,JP,JP,LEAD1,TEXT1,0.02
11160,JP,JP,OILSE,MEATC,0.02
12884,JP,JP,PREC1,ELEC4,0.02
7850,JP,JP,INLAN,KEROS,0.02
10830,JP,JP,NONSP,BLAST,0.02
10684,JP,JP,NONFE,VEGE1,0.02
8418,JP,JP,KEROS,TEXT1,0.02
11895,JP,JP,PETRO,MOTO1,0.02
16600,JP,JP,TRAN1,ELE12,0.02
73,JP,JP,93197,MEAT4,0.02
4117,JP,JP,ELEC1,INLAN,0.02
12224,JP,JP,PLAS1,BITU1,0.02
15897,JP,JP,SUGAR,BEVER,0.02
3699,JP,JP,EDUCA,GASWO,0.02
15396,JP,JP,SEACO,PIGS9,0.02
15760,JP,JP,STONE,PLAS1,0.02
1339,JP,JP,BRICK,ELEC2,0.02
16122,JP,JP,SUPPO,WOOLS,0.02
1634,JP,JP,CATTL,SUGA1,0.02
429,JP,JP,ALUM1,WHEAT,0.02
844,JP,JP,BEVER,CEMEN,0.02
14866,JP,JP,RETAI,SUPPO,0.02
5792,JP,JP,FISHF,HEAVY,0.02
8415,JP,JP,KEROS,SALEM,0.02
5926,JP,JP,FOOD2,LIQUE,0.02
9369,JP,JP,MEAT4,TRAN1,0.02
2356,JP,JP,COKE1,PLAS1,0.02
12959,JP,JP,PRECI,BUSIN,0.02
1295,JP,JP,BLAST,REFI1,0.02
14840,JP,JP,RETAI,PIGS9,0.02
15321,JP,JP,SEACO,COKE1,0.02
11054,JP,JP,OILHA,MEATA,0.02
12418,JP,JP,PLAS2,MEATC,0.02
11858,JP,JP,PETRO,COKEO,0.02
9216,JP,JP,MEAT1,ELEC5,0.02
15201,JP,JP,SANDC,CATTL,0.02
5855,JP,JP,FISHF,SUGAR,0.02
11361,JP,JP,PADDY,NATUR,0.02
16719,JP,JP,TRAN2,ALUM1,0.02
15811,JP,JP,SUGA1,COPP1,0.02
9227,JP,JP,MEAT1,FURNI,0.02
17316,JP,JP,WEARI,BITU1,0.02
6937,JP,JP,FURNI,WOOLS,0.02
13521,JP,JP,RADIO,COALT,0.02
4742,JP,JP,ELEC5,PETRO,0.02
15596,JP,JP,STEAM,ELEC4,0.02
11583,JP,JP,PAPE4,ELEC6,0.02
378,JP,JP,ALUM1,NFERT,0.02
5980,JP,JP,FOOD2,WEARI,0.02
16257,JP,JP,TEXT1,WASTE,0.02
3140,JP,JP,CROPS,NUCLE,0.02
9730,JP,JP,MEDIC,TEXT2,0.02
11863,JP,JP,PETRO,DAIRY,0.02
14458,JP,JP,RESEA,CHARC,0.02
4817,JP,JP,ELEC6,CRUDE,0.02
17285,JP,JP,WASTE,RETAI,0.02
1207,JP,JP,BLAST,ANIMA,0.02
17301,JP,JP,WASTE,VEGE1,0.02
4226,JP,JP,ELEC2,CHARC,0.02
12769,JP,JP,POULT,COKEO,0.02
10097,JP,JP,MOTOR,IRONO,0.02
9541,JP,JP,MEATP,ELEC6,0.02
10747,JP,JP,NONME,INSUR,0.02
13539,JP,JP,RADIO,ELEC5,0.02
12155,JP,JP,PLANT,COPP1,0.02
13015,JP,JP,PRINT,CRUDE,0.02
12434,JP,JP,PLAS2,PIGS9,0.02
3409,JP,JP,DIST1,INERT,0.02
1197,JP,JP,BITUM,SECO9,0.02
8718,JP,JP,LEATH,ELEC5,0.02
8651,JP,JP,LEAD1,PLAS1,0.02
15333,JP,JP,SEACO,ELE12,0.02
10672,JP,JP,NONFE,PULP5,0.02
4299,JP,JP,ELEC2,NUCLE,0.02
6695,JP,JP,FOUND,ELEC6,0.02
1953,JP,JP,CEREA,TEXT1,0.02
17857,JP,JP,WOOD1,WOOD2,0.02
5621,JP,JP,FISH5,ANIMA,0.02
2229,JP,JP,COALT,CERAM,0.02
4990,JP,JP,ELEC7,SEACO,0.02
8173,JP,JP,INTER,STONE,0.02
17509,JP,JP,WHEAT,RAILW,0.02
16434,JP,JP,TEXTI,MEAT4,0.02
492,JP,JP,ANIMA,NAPHT,0.02
10420,JP,JP,NFERT,ELE11,0.02
11861,JP,JP,PETRO,COPP1,0.02
514,JP,JP,ANIMA,RETAI,0.02
6163,JP,JP,FOOD4,MEAT1,0.02
5975,JP,JP,FOOD2,TOBAC,0.02
3770,JP,JP,EDUCA,TRAN2,0.02
16293,JP,JP,TEXT2,ELEC8,0.02
11226,JP,JP,OXYGE,FOOD2,0.02
3809,JP,JP,ELE11,ELEC2,0.02
2155,JP,JP,CHEMI,FOOD2,0.02
9268,JP,JP,MEAT1,WHEAT,0.02
10793,JP,JP,NONME,RAILW,0.02
12351,JP,JP,PLAS1,WASTE,0.02
10370,JP,JP,NATUR,RECRE,0.02
4378,JP,JP,ELEC3,CEREA,0.02
17566,JP,JP,WHITE,TEXTI,0.02
8134,JP,JP,INTER,NONFE,0.02
2389,JP,JP,COKE1,VEGET,0.02
11294,JP,JP,OXYGE,WOOD1,0.02
9265,JP,JP,MEAT1,TRANS,0.02
5851,JP,JP,FISHF,SECO9,0.02
15993,JP,JP,SUPPO,CHARC,0.02
18145,JP,JP,WOOLS,PFERT,0.02
11900,JP,JP,PETRO,NONF1,0.02
2379,JP,JP,COKE1,STONE,0.02
6291,JP,JP,FOOD5,INERT,0.02
3898,JP,JP,ELE11,TRAN2,0.02
17878,JP,JP,WOOD2,DAIRY,0.02
6333,JP,JP,FOOD5,PRECI,0.02
2782,JP,JP,COMPU,WOOLS,0.02
9587,JP,JP,MEATP,SANDC,0.02
17154,JP,JP,VEGET,REFIN,0.02
7954,JP,JP,INSUR,FOOD3,0.02
7708,JP,JP,INERT,CHEMI,0.02
3586,JP,JP,DISTR,NUCLE,0.02
11917,JP,JP,PETRO,VEGE1,0.02
11123,JP,JP,OILHA,WOOD2,0.02
7875,JP,JP,INLAN,PLAS2,0.02
16796,JP,JP,TRAN2,WHOLE,0.02
12814,JP,JP,POULT,MOTOR,0.02
1649,JP,JP,CEMEN,BITU1,0.02
1200,JP,JP,BITUM,TEXT1,0.02
1375,JP,JP,BRICK,PULP5,0.02
16575,JP,JP,TRAN1,BIODI,0.02
8906,JP,JP,LIQUE,PLAS2,0.02
10360,JP,JP,NATUR,PLAS2,0.02
13842,JP,JP,RAWMI,INERT,0.02
15197,JP,JP,SANDC,BITU1,0.02
9460,JP,JP,MEATC,ELECT,0.02
973,JP,JP,BIOG1,DAIRY,0.02
14828,JP,JP,RETAI,NONFE,0.02
14502,JP,JP,RESEA,INERT,0.02
16534,JP,JP,TOBAC,FOUND,0.02
536,JP,JP,AUXIL,BIODI,0.02
2235,JP,JP,COALT,CROPS,0.02
8365,JP,JP,KEROS,BASIC,0.02
13386,JP,JP,PULP5,BIOG1,0.02
5481,JP,JP,FINAN,CHARC,0.02
17737,JP,JP,WOOD1,COKEO,0.02
8902,JP,JP,LIQUE,PETRO,0.02
4972,JP,JP,ELEC7,OFFIC,0.02
17934,JP,JP,WOOD2,POULT,0.02
9856,JP,JP,MEMBE,REFIN,0.02
11560,JP,JP,PAPE4,BRICK,0.02
15046,JP,JP,SALEM,BIOG1,0.02
12944,JP,JP,PREC1,SUGA1,0.02
14447,JP,JP,RESEA,BIODI,0.02
2993,JP,JP,COPP1,KERO1,0.02
5773,JP,JP,FISHF,ELEC5,0.02
11218,JP,JP,OXYGE,DISTR,0.02
1703,JP,JP,CEMEN,MEATA,0.02
3968,JP,JP,ELE12,IRONO,0.02
8213,JP,JP,IRONO,TRANS,0.02
15783,JP,JP,STONE,TOBAC,0.02
12179,JP,JP,PLANT,KERO1,0.02
13885,JP,JP,RAWMI,RECRE,0.02
4970,JP,JP,ELEC7,MOTOR,0.02
9238,JP,JP,MEAT1,MOTO1,0.02
8003,JP,JP,INSUR,PARAF,0.02
8214,JP,JP,IRONO,WHOLE,0.02
2267,JP,JP,COALT,PROCE,0.02
17801,JP,JP,WOOD1,NONSP,0.02
8750,JP,JP,LEATH,MEAT1,0.02
1240,JP,JP,BLAST,FOOD3,0.02
16422,JP,JP,TEXTI,INERT,0.02
13684,JP,JP,RAILW,ELEC5,0.02
10675,JP,JP,NONFE,RENTI,0.02
15488,JP,JP,SECO9,FORES,0.02
8090,JP,JP,INTER,ELEC5,0.02
6173,JP,JP,FOOD4,NFERT,0.02
16325,JP,JP,TEXT2,NAPHT,0.02
2463,JP,JP,COKEO,SANDC,0.02
9390,JP,JP,MEATA,DAIRY,0.02
13181,JP,JP,PROCE,FOUND,0.02
15920,JP,JP,SUGAR,FISH5,0.02
1147,JP,JP,BITUM,COPP1,0.02
1386,JP,JP,BRICK,VEGET,0.02
11392,JP,JP,PADDY,SUGA1,0.02
12189,JP,JP,PLANT,NONF1,0.02
7859,JP,JP,INLAN,MEATC,0.02
11772,JP,JP,PAPER,PETRO,0.02
13573,JP,JP,RADIO,MEAT4,0.02
11003,JP,JP,OILHA,COKEO,0.02
13193,JP,JP,PROCE,MEATA,0.02
11067,JP,JP,OILHA,NONSP,0.02
9439,JP,JP,MEATC,ANIMA,0.02
1560,JP,JP,CATTL,CHARC,0.02
1396,JP,JP,BUSIN,AVIAT,0.02
16452,JP,JP,TEXTI,OILSE,0.02
3357,JP,JP,DIST1,BITU1,0.02
12371,JP,JP,PLAS2,CHEMI,0.02
13271,JP,JP,PUBLI,ELE11,0.02
1099,JP,JP,BITU1,MEATC,0.02
97,JP,JP,93197,PETRO,0.02
18121,JP,JP,WOOLS,ELEC1,0.02
6467,JP,JP,FOODW,PARAF,0.02
16272,JP,JP,TEXT2,CATTL,0.02
8131,JP,JP,INTER,NATUR,0.02
17610,JP,JP,WHOLE,ELEC7,0.02
16193,JP,JP,TEXT1,MEATA,0.02
3706,JP,JP,EDUCA,IRONO,0.02
17897,JP,JP,WOOD2,FORES,0.02
14205,JP,JP,REFI1,AVIAT,0.02
11168,JP,JP,OILSE,OILHA,0.02
6679,JP,JP,FOUND,COKE1,0.02
16506,JP,JP,TEXTI,WOOLS,0.02
983,JP,JP,BIOG1,FISH5,0.02
7482,JP,JP,HEAVY,PADDY,0.02
16514,JP,JP,TOBAC,COLLE,0.02
13881,JP,JP,RAWMI,PULP5,0.02
11711,JP,JP,PAPER,ELEC7,0.02
3148,JP,JP,CROPS,PARAF,0.02
3017,JP,JP,COPP1,PLAS2,0.02
1351,JP,JP,BRICK,GLASS,0.02
14212,JP,JP,REFI1,COLLE,0.02
15785,JP,JP,STONE,TRANS,0.02
9826,JP,JP,MEMBE,NONFE,0.02
9419,JP,JP,MEATA,OXYGE,0.02
16859,JP,JP,TRANS,MEAT1,0.02
13653,JP,JP,RAILW,BIODI,0.02
17726,JP,JP,WOOD1,BLAST,0.02
11385,JP,JP,PADDY,RENTI,0.02
2192,JP,JP,CHEMI,PIGS9,0.02
17086,JP,JP,VEGET,ELE12,0.02
12208,JP,JP,PLANT,SECO9,0.02
16879,JP,JP,TRANS,PLAS1,0.02
16549,JP,JP,TOBAC,OXYGE,0.02
12150,JP,JP,PLANT,CEMEN,0.02
13733,JP,JP,RAILW,NUCLE,0.02
13806,JP,JP,RAWMI,CERAM,0.02
5930,JP,JP,FOOD2,MEATC,0.02
9191,JP,JP,MACHI,WHEAT,0.02
13509,JP,JP,RADIO,BIOGA,0.02
16779,JP,JP,TRAN2,PRECI,0.02
11755,JP,JP,PAPER,NATU1,0.02
6437,JP,JP,FOODW,IRONO,0.02
10842,JP,JP,NONSP,DISTR,0.02
11467,JP,JP,PAPE1,IRONO,0.02
1067,JP,JP,BITU1,DISTR,0.02
3850,JP,JP,ELE11,NONFE,0.02
13405,JP,JP,PULP5,EDUCA,0.02
3355,JP,JP,DIST1,BIODI,0.02
6355,JP,JP,FOOD5,STONE,0.02
17110,JP,JP,VEGET,INTER,0.02
8975,JP,JP,LUBRI,FOOD4,0.02
5998,JP,JP,FOOD3,CHEMI,0.02
17554,JP,JP,WHITE,NONF1,0.02
13052,JP,JP,PRINT,IRONO,0.02
1336,JP,JP,BRICK,DIST1,0.02
15822,JP,JP,SUGA1,ELEC6,0.02
13867,JP,JP,RAWMI,PAPE4,0.02
11567,JP,JP,PAPE4,COALT,0.02
4806,JP,JP,ELEC6,CEREA,0.02
8901,JP,JP,LIQUE,PARAF,0.02
2236,JP,JP,COALT,DAIRY,0.02
12287,JP,JP,PLAS1,MEATA,0.02
9596,JP,JP,MEATP,TRAN2,0.02
7884,JP,JP,INLAN,RAILW,0.02
3234,JP,JP,DAIRY,CHARC,0.02
15736,JP,JP,STONE,HEALT,0.02
12180,JP,JP,PLANT,KEROS,0.02
7968,JP,JP,INSUR,INLAN,0.02
7096,JP,JP,GASWO,FOUND,0.02
14217,JP,JP,REFI1,ELEC3,0.02
9007,JP,JP,LUBRI,PAPER,0.02
2180,JP,JP,CHEMI,MEMBE,0.02
17130,JP,JP,VEGET,NONSP,0.02
11273,JP,JP,OXYGE,RECRE,0.02
9412,JP,JP,MEATA,MEMBE,0.02
1343,JP,JP,BRICK,FISHF,0.02
9828,JP,JP,MEMBE,NONSP,0.02
10992,JP,JP,OILHA,BLAST,0.02
10827,JP,JP,NONSP,BIOG1,0.02
2040,JP,JP,CHEM1,MEATA,0.02
12978,JP,JP,PRECI,RENTI,0.02
2164,JP,JP,CHEMI,HEAVY,0.02
4938,JP,JP,ELEC7,93197,0.02
908,JP,JP,BEVER,PFERT,0.02
11913,JP,JP,PETRO,SECO9,0.02
3783,JP,JP,ELE11,AUXIL,0.02
13171,JP,JP,PROCE,ELEC6,0.02
7208,JP,JP,GLASS,REALE,0.02
13200,JP,JP,PROCE,NONME,0.02
10116,JP,JP,MOTOR,NATUR,0.02
17416,JP,JP,WEARI,PRECI,0.02
2252,JP,JP,COALT,LEATH,0.02
6730,JP,JP,FOUND,NAPHT,0.02
9294,JP,JP,MEAT4,DAIRY,0.02
9595,JP,JP,MEATP,TRAN1,0.02
5678,JP,JP,FISH5,MEATA,0.02
10208,JP,JP,NAPHT,ELEC5,0.02
12207,JP,JP,PLANT,SEACO,0.02
7238,JP,JP,GLASS,WOOLS,0.02
490,JP,JP,ANIMA,MEMBE,0.02
16262,JP,JP,TEXT1,WOOD2,0.02
12046,JP,JP,PIGS9,BIODI,0.02
11125,JP,JP,OILSE,AIRTR,0.02
13366,JP,JP,PUBLI,TEXT2,0.02
808,JP,JP,BASIC,RETAI,0.02
1338,JP,JP,BRICK,ELEC1,0.02
12087,JP,JP,PIGS9,INTER,0.02
974,JP,JP,BIOG1,DIST1,0.02
17892,JP,JP,WOOD2,FISH5,0.02
3187,JP,JP,CROPS,TRAN2,0.02
5101,JP,JP,ELEC8,PLAS2,0.02
1697,JP,JP,CEMEN,KEROS,0.02
11862,JP,JP,PETRO,CROPS,0.02
15307,JP,JP,SEACO,BIODI,0.02
15842,JP,JP,SUGA1,LEATH,0.02
4546,JP,JP,ELEC4,ELEC5,0.02
15192,JP,JP,SANDC,AIRTR,0.02
15552,JP,JP,SECO9,TRANS,0.02
11191,JP,JP,OILSE,TOBAC,0.02
7125,JP,JP,GLASS,CHARC,0.02
8819,JP,JP,LIQUE,BIODI,0.02
17523,JP,JP,WHEAT,TRANS,0.02
14868,JP,JP,RETAI,TEXT2,0.02
7138,JP,JP,GLASS,ELE12,0.02
12917,JP,JP,PREC1,NONFE,0.02
17910,JP,JP,WOOD2,LEAD1,0.02
9192,JP,JP,MACHI,WHITE,0.02
1007,JP,JP,BIOG1,MOTOR,0.02
11246,JP,JP,OXYGE,MEATC,0.02
15715,JP,JP,STONE,DAIRY,0.02
17195,JP,JP,WASTE,COKE1,0.02
17104,JP,JP,VEGET,GASWO,0.02
13589,JP,JP,RADIO,OILSE,0.02
7725,JP,JP,INERT,ELEC6,0.02
9970,JP,JP,MOTO1,NATU1,0.02
10686,JP,JP,NONFE,WHOLE,0.02
17869,JP,JP,WOOD2,CERAM,0.02
11179,JP,JP,OILSE,RECRE,0.02
144,JP,JP,93197,WHITE,0.02
12356,JP,JP,PLAS1,WOOD2,0.02
13393,JP,JP,PULP5,CEREA,0.02
8194,JP,JP,IRONO,CERAM,0.02
16918,JP,JP,TRANS,WOOLS,0.02
5946,JP,JP,FOOD2,PIGS9,0.02
13231,JP,JP,PROCE,STEAM,0.02
3708,JP,JP,EDUCA,KEROS,0.02
9867,JP,JP,MEMBE,STONE,0.02
12478,JP,JP,PLAST,BIOG1,0.02
11192,JP,JP,OILSE,TRAN1,0.02
17149,JP,JP,VEGET,RADIO,0.02
886,JP,JP,BEVER,LEAD1,0.02
15746,JP,JP,STONE,MEATP,0.02
331,JP,JP,ALUM1,EDUCA,0.02
13432,JP,JP,PULP5,HEAVY,0.02
8803,JP,JP,LEATH,TOBAC,0.02
7818,JP,JP,INLAN,CERAM,0.02
12980,JP,JP,PRECI,RETA1,0.02
11276,JP,JP,OXYGE,RETAI,0.02
16142,JP,JP,TEXT1,COKEO,0.02
4007,JP,JP,ELE12,PLAS2,0.02
1749,JP,JP,CEMEN,SUPPO,0.02
1972,JP,JP,CHEM1,BITUM,0.02
2241,JP,JP,COALT,ELEC2,0.02
1082,JP,JP,BITU1,FOODW,0.02
15339,JP,JP,SEACO,ELEC6,0.02
12082,JP,JP,PIGS9,GASWO,0.02
10565,JP,JP,NONF1,MEMBE,0.02
1389,JP,JP,BRICK,WOOD1,0.02
17089,JP,JP,VEGET,ELEC3,0.02
17747,JP,JP,WOOD1,ELE11,0.02
16947,JP,JP,VEGE1,COKEO,0.02
12388,JP,JP,PLAS2,ELEC6,0.02
5999,JP,JP,FOOD3,COALT,0.02
13476,JP,JP,PULP5,REFIN,0.02
9696,JP,JP,MEDIC,PIGS9,0.02
1039,JP,JP,BIOG1,TOBAC,0.02
16283,JP,JP,TEXT2,DAIRY,0.02
9733,JP,JP,MEDIC,TRAN1,0.02
16206,JP,JP,TEXT1,NONSP,0.02
13336,JP,JP,PUBLI,PLAS2,0.02
10877,JP,JP,NONSP,OFFIC,0.02
2442,JP,JP,COKEO,NFERT,0.02
9475,JP,JP,MEATC,MEATA,0.02
2126,JP,JP,CHEMI,BLAST,0.02
5883,JP,JP,FOOD2,CHEMI,0.02
3253,JP,JP,DAIRY,ELEC5,0.02
13663,JP,JP,RAILW,CHARC,0.02
17219,JP,JP,WASTE,FOOD2,0.02
15905,JP,JP,SUGAR,COKE1,0.02
6069,JP,JP,FOOD3,PROCE,0.02
1757,JP,JP,CEMEN,VEGET,0.02
415,JP,JP,ALUM1,SUGA1,0.02
9405,JP,JP,MEATA,KERO1,0.02
1756,JP,JP,CEMEN,VEGE1,0.02
11141,JP,JP,OILSE,ELECT,0.02
3015,JP,JP,COPP1,PIGS9,0.02
8013,JP,JP,INSUR,PRECI,0.02
17012,JP,JP,VEGE1,PIGS9,0.02
1677,JP,JP,CEMEN,ELEC6,0.02
3707,JP,JP,EDUCA,KERO1,0.02
10127,JP,JP,MOTOR,PAPE4,0.02
4948,JP,JP,ELEC7,COMPU,0.02
9871,JP,JP,MEMBE,TEXT2,0.02
15643,JP,JP,STEAM,NONSP,0.02
12236,JP,JP,PLAS1,COKEO,0.02
1213,JP,JP,BLAST,CATTL,0.02
15226,JP,JP,SANDC,FOOD4,0.02
10580,JP,JP,NONF1,PAPE4,0.02
14233,JP,JP,REFI1,OFFIC,0.02
16804,JP,JP,TRANS,BITU1,0.02
4988,JP,JP,ELEC7,SALEM,0.02
12133,JP,JP,PIGS9,STONE,0.02
7409,JP,JP,HEAVY,CHARC,0.02
14219,JP,JP,REFI1,FOOD3,0.02
11312,JP,JP,PADDY,COKEO,0.02
916,JP,JP,BEVER,PRECI,0.02
11352,JP,JP,PADDY,MEAT4,0.02
2174,JP,JP,CHEMI,MEAT1,0.02
15213,JP,JP,SANDC,DAIRY,0.02
16520,JP,JP,TOBAC,EDUCA,0.02
12778,JP,JP,POULT,ELE12,0.02
9659,JP,JP,MEDIC,INERT,0.02
12795,JP,JP,POULT,GASDI,0.02
15895,JP,JP,SUGAR,AUXIL,0.02
12300,JP,JP,PLAS1,NONSP,0.02
3732,JP,JP,EDUCA,PAPE4,0.02
12216,JP,JP,PLANT,WOOD1,0.02
5168,JP,JP,ELECT,CHARC,0.02
2946,JP,JP,COPP1,BIODI,0.02
1337,JP,JP,BRICK,DISTR,0.02
11013,JP,JP,OILHA,ELE11,0.02
16339,JP,JP,TEXT2,POULT,0.02
12063,JP,JP,PIGS9,EDUCA,0.02
7702,JP,JP,INERT,BRICK,0.02
9040,JP,JP,LUBRI,WHEAT,0.02
7694,JP,JP,HOTEL,WOOLS,0.02
15951,JP,JP,SUGAR,POSTT,0.02
8349,JP,JP,KERO1,TRAN2,0.02
784,JP,JP,BASIC,PAPE4,0.02
12970,JP,JP,PRECI,MEAT4,0.02
10677,JP,JP,NONFE,RETA1,0.02
8162,JP,JP,INTER,REFIN,0.02
15252,JP,JP,SANDC,NONFE,0.02
2269,JP,JP,COALT,RADIO,0.02
233,JP,JP,AIRTR,NATU1,0.02
11247,JP,JP,OXYGE,MEATP,0.02
11608,JP,JP,PAPE4,LEATH,0.02
1922,JP,JP,CEREA,MEATA,0.02
8391,JP,JP,KEROS,INTER,0.02
2980,JP,JP,COPP1,FOOD3,0.02
14457,JP,JP,RESEA,CEREA,0.02
423,JP,JP,ALUM1,TRAN2,0.02
10376,JP,JP,NATUR,RETAI,0.02
2445,JP,JP,COKEO,OFFIC,0.02
2234,JP,JP,COALT,COPP1,0.02
16131,JP,JP,TEXT1,BLAST,0.02
214,JP,JP,AIRTR,IRONO,0.02
2464,JP,JP,COKEO,STEAM,0.02
17039,JP,JP,VEGE1,STONE,0.02
7709,JP,JP,INERT,COALT,0.02
17958,JP,JP,WOOD2,TRAN1,0.02
6468,JP,JP,FOODW,PETRO,0.02
8177,JP,JP,INTER,TEXT2,0.02
1260,JP,JP,BLAST,LUBRI,0.02
165,JP,JP,AIRTR,CEREA,0.02
1370,JP,JP,BRICK,PLAS1,0.02
5756,JP,JP,FISHF,CHEMI,0.02
5789,JP,JP,FISHF,GASWO,0.02
6778,JP,JP,FOUND,WHEAT,0.02
11845,JP,JP,PARAF,PETRO,0.02
1755,JP,JP,CEMEN,URANI,0.02
10450,JP,JP,NFERT,MEAT1,0.02
8798,JP,JP,LEATH,SUGAR,0.02
1204,JP,JP,BITUM,WOOD1,0.02
4719,JP,JP,ELEC5,MEATA,0.02
11867,JP,JP,PETRO,ELE12,0.02
7882,JP,JP,INLAN,PULP5,0.02
3437,JP,JP,DIST1,NONSP,0.02
15536,JP,JP,SECO9,RECRE,0.02
12596,JP,JP,PLAST,WOOLS,0.02
5758,JP,JP,FISHF,COKEO,0.02
18151,JP,JP,WOOLS,SALEM,0.02
1110,JP,JP,BITU1,PAPE1,0.02
12365,JP,JP,PLAS2,BRICK,0.02
8062,JP,JP,INTER,BITU1,0.02
12188,JP,JP,PLANT,NAPHT,0.02
17241,JP,JP,WASTE,MEAT1,0.02
8726,JP,JP,LEATH,FOOD2,0.02
506,JP,JP,ANIMA,PROCE,0.02
11614,JP,JP,PAPE4,MEATP,0.02
11194,JP,JP,OILSE,VEGE1,0.02
9406,JP,JP,MEATA,KEROS,0.02
16302,JP,JP,TEXT2,FORES,0.02
16734,JP,JP,TRAN2,COPP1,0.02
8669,JP,JP,LEAD1,STEAM,0.02
12943,JP,JP,PREC1,STEAM,0.02
8141,JP,JP,INTER,PAPE4,0.02
17868,JP,JP,WOOD2,CEMEN,0.02
9638,JP,JP,MEDIC,ELEC3,0.02
6103,JP,JP,FOOD4,ANIMA,0.02
2237,JP,JP,COALT,DIST1,0.02
1736,JP,JP,CEMEN,RAILW,0.02
1955,JP,JP,CEREA,TRANS,0.02
12947,JP,JP,PREC1,TEXT2,0.02
12225,JP,JP,PLAS1,BLAST,0.02
9336,JP,JP,MEAT4,OFFIC,0.02
10173,JP,JP,MOTOR,WASTE,0.02
2120,JP,JP,CHEMI,AIRTR,0.02
8595,JP,JP,LEAD1,COKE1,0.02
5803,JP,JP,FISHF,LUBRI,0.02
18124,JP,JP,WOOLS,FOODW,0.02
921,JP,JP,BEVER,RADIO,0.02
1737,JP,JP,CEMEN,RAWMI,0.02
16777,JP,JP,TRAN2,PLAST,0.02
15762,JP,JP,STONE,POSTT,0.02
17953,JP,JP,WOOD2,SECO9,0.02
1014,JP,JP,BIOG1,PAPE4,0.02
1886,JP,JP,CEREA,BITU1,0.02
15216,JP,JP,SANDC,EDUCA,0.02
13286,JP,JP,PUBLI,FOOD3,0.02
11,JP,JP,93197,BLAST,0.02
1173,JP,JP,BITUM,NONME,0.02
10165,JP,JP,MOTOR,TEXT2,0.02
13429,JP,JP,PULP5,GASWO,0.02
11888,JP,JP,PETRO,LEATH,0.02
7557,JP,JP,HOTEL,CHARC,0.02
1234,JP,JP,BLAST,ELEC8,0.02
1178,JP,JP,BITUM,PAPER,0.02
8958,JP,JP,LUBRI,COALT,0.02
3773,JP,JP,EDUCA,WASTE,0.02
15570,JP,JP,STEAM,BITUM,0.02
15280,JP,JP,SANDC,SEACO,0.02
9726,JP,JP,MEDIC,SUGA1,0.02
16515,JP,JP,TOBAC,COMPU,0.02
6527,JP,JP,FORES,BITU1,0.02
6239,JP,JP,FOOD5,BIOG1,0.02
12156,JP,JP,PLANT,DAIRY,0.02
5828,JP,JP,FISHF,PLAS2,0.02
1384,JP,JP,BRICK,TEXT1,0.02
10660,JP,JP,NONFE,MEATC,0.02
15938,JP,JP,SUGAR,MEATC,0.02
177,JP,JP,AIRTR,CRUDE,0.02
12973,JP,JP,PRECI,OFFIC,0.02
9441,JP,JP,MEATC,BASIC,0.02
6015,JP,JP,FOOD3,ELEC6,0.02
18051,JP,JP,WOODW,NUCLE,0.02
5780,JP,JP,FISHF,FOOD2,0.02
13143,JP,JP,PROCE,ALUM1,0.02
12872,JP,JP,PREC1,COKE1,0.02
8585,JP,JP,LEAD1,BIODI,0.02
10426,JP,JP,NFERT,ELEC5,0.02
14376,JP,JP,RENTI,NUCLE,0.02
915,JP,JP,BEVER,PREC1,0.02
13830,JP,JP,RAWMI,FOOD2,0.02
959,JP,JP,BIOG1,BRICK,0.02
12855,JP,JP,POULT,WHEAT,0.02
13807,JP,JP,RAWMI,CHARC,0.02
5723,JP,JP,FISH5,SUGA1,0.02
1645,JP,JP,CEMEN,ANIMA,0.02
15768,JP,JP,STONE,RADIO,0.02
15638,JP,JP,STEAM,NATUR,0.02
14879,JP,JP,RETAI,WOOD2,0.02
8944,JP,JP,LIQUE,WHITE,0.02
15248,JP,JP,SANDC,MOTO1,0.02
10358,JP,JP,NATUR,PLANT,0.02
9591,JP,JP,MEATP,SUGAR,0.02
5005,JP,JP,ELEC8,BIODI,0.02
4961,JP,JP,ELEC7,GASDI,0.02
8857,JP,JP,LIQUE,FOOD2,0.02
5900,JP,JP,FOOD2,ELEC6,0.02
15909,JP,JP,SUGAR,DAIRY,0.02
11844,JP,JP,PARAF,PARAF,0.02
8650,JP,JP,LEAD1,PIGS9,0.02
15668,JP,JP,STEAM,REFIN,0.02
7185,JP,JP,GLASS,NUCLE,0.02
3061,JP,JP,CROPS,BIODI,0.02
11131,JP,JP,OILSE,CHEM1,0.02
13654,JP,JP,RAILW,BIOG1,0.02
6431,JP,JP,FOODW,HEAVY,0.02
9522,JP,JP,MEATP,BASIC,0.02
17369,JP,JP,WEARI,INERT,0.02
9352,JP,JP,MEAT4,RADIO,0.02
11301,JP,JP,PADDY,BIODI,0.02
5992,JP,JP,FOOD3,BRICK,0.02
4955,JP,JP,ELEC7,FINAN,0.02
15961,JP,JP,SUGAR,RETAI,0.01
16297,JP,JP,TEXT2,FISH5,0.01
1764,JP,JP,CERAM,AIRTR,0.01
12193,JP,JP,PLANT,PAPE1,0.01
2410,JP,JP,COKEO,DIST1,0.01
11698,JP,JP,PAPER,CRUDE,0.01
9329,JP,JP,MEAT4,MEATC,0.01
3852,JP,JP,ELE11,NONSP,0.01
3987,JP,JP,ELE12,NATU1,0.01
17538,JP,JP,WHITE,FISHF,0.01
16152,JP,JP,TEXT1,ELE11,0.01
11477,JP,JP,PAPE1,MEAT4,0.01
9495,JP,JP,MEATC,RECRE,0.01
6445,JP,JP,FOODW,MEAT4,0.01
9415,JP,JP,MEATA,NAPHT,0.01
6462,JP,JP,FOODW,OXYGE,0.01
2458,JP,JP,COKEO,RAWMI,0.01
13217,JP,JP,PROCE,RADIO,0.01
12477,JP,JP,PLAST,BIODI,0.01
11495,JP,JP,PAPE1,OXYGE,0.01
15749,JP,JP,STONE,MOTOR,0.01
12166,JP,JP,PLANT,FISH5,0.01
11638,JP,JP,PAPE4,PROCE,0.01
5677,JP,JP,FISH5,MEAT4,0.01
17251,JP,JP,WASTE,NFERT,0.01
17407,JP,JP,WEARI,PARAF,0.01
16474,JP,JP,TEXTI,REFI1,0.01
16739,JP,JP,TRAN2,ELEC1,0.01
15271,JP,JP,SANDC,RADIO,0.01
16274,JP,JP,TEXT2,CERAM,0.01
16315,JP,JP,TEXT2,LEAD1,0.01
6600,JP,JP,FORES,NATU1,0.01
6294,JP,JP,FOOD5,KERO1,0.01
17841,JP,JP,WOOD1,SUGAR,0.01
13399,JP,JP,PULP5,COMPU,0.01
15800,JP,JP,SUGA1,BLAST,0.01
15287,JP,JP,SANDC,TEXT2,0.01
15209,JP,JP,SANDC,COMPU,0.01
10539,JP,JP,NONF1,FOOD4,0.01
3200,JP,JP,CRUDE,COALT,0.01
1907,JP,JP,CEREA,FURNI,0.01
9129,JP,JP,MACHI,NATU1,0.01
1868,JP,JP,CERAM,SUGAR,0.01
13149,JP,JP,PROCE,BLAST,0.01
4488,JP,JP,ELEC3,SUGA1,0.01
4074,JP,JP,ELEC1,CHARC,0.01
2366,JP,JP,COKE1,RAWMI,0.01
17047,JP,JP,VEGE1,TRAN2,0.01
12535,JP,JP,PLAST,MEAT4,0.01
7874,JP,JP,INLAN,PLAS1,0.01
13775,JP,JP,RAILW,SUGAR,0.01
11916,JP,JP,PETRO,TRANS,0.01
12372,JP,JP,PLAS2,COALT,0.01
12202,JP,JP,PLANT,PROCE,0.01
11107,JP,JP,OILHA,SUGAR,0.01
10448,JP,JP,NFERT,LUBRI,0.01
1323,JP,JP,BRICK,BITU1,0.01
2465,JP,JP,COKEO,STONE,0.01
15268,JP,JP,SANDC,PROCE,0.01
4400,JP,JP,ELEC3,ELEC6,0.01
17540,JP,JP,WHITE,FURNI,0.01
8951,JP,JP,LUBRI,ANIMA,0.01
12858,JP,JP,PREC1,93197,0.01
10538,JP,JP,NONF1,FOOD3,0.01
6213,JP,JP,FOOD4,STEAM,0.01
12246,JP,JP,PLAS1,ELE11,0.01
10857,JP,JP,NONSP,GASWO,0.01
4971,JP,JP,ELEC7,NONME,0.01
14164,JP,JP,RECRE,PRECI,0.01
17472,JP,JP,WHEAT,ELEC4,0.01
4382,JP,JP,ELEC3,COKE1,0.01
965,JP,JP,BIOG1,CHEMI,0.01
10894,JP,JP,NONSP,VEGE1,0.01
9743,JP,JP,MEDIC,WOOD2,0.01
4989,JP,JP,ELEC7,SANDC,0.01
9279,JP,JP,MEAT4,BLAST,0.01
2469,JP,JP,COKEO,VEGE1,0.01
1034,JP,JP,BIOG1,SANDC,0.01
1002,JP,JP,BIOG1,MEATC,0.01
15402,JP,JP,SEACO,POULT,0.01
15870,JP,JP,SUGA1,RADIO,0.01
15775,JP,JP,STONE,SEACO,0.01
14206,JP,JP,REFI1,BASIC,0.01
15728,JP,JP,STONE,FOOD4,0.01
2481,JP,JP,COLLE,BIODI,0.01
6487,JP,JP,FOODW,REFI1,0.01
15652,JP,JP,STEAM,PIGS9,0.01
9261,JP,JP,MEAT1,SUGAR,0.01
2172,JP,JP,CHEMI,LUBRI,0.01
14186,JP,JP,RECRE,STONE,0.01
6040,JP,JP,FOOD3,LEATH,0.01
3934,JP,JP,ELE12,CRUDE,0.01
16559,JP,JP,TOBAC,RECRE,0.01
18059,JP,JP,WOODW,PARAF,0.01
7891,JP,JP,INLAN,RETAI,0.01
7750,JP,JP,INERT,LEATH,0.01
11195,JP,JP,OILSE,VEGET,0.01
5877,JP,JP,FOOD2,BRICK,0.01
1604,JP,JP,CATTL,MOTO1,0.01
20,JP,JP,93197,COALT,0.01
1652,JP,JP,CEMEN,BRICK,0.01
7478,JP,JP,HEAVY,NUCLE,0.01
16805,JP,JP,TRANS,BLAST,0.01
6046,JP,JP,FOOD3,MEATP,0.01
3939,JP,JP,ELE12,ELE12,0.01
991,JP,JP,BIOG1,GASDI,0.01
3884,JP,JP,ELE11,RETAI,0.01
17912,JP,JP,WOOD2,LIQUE,0.01
9523,JP,JP,MEATP,BUSIN,0.01
11245,JP,JP,OXYGE,MEATA,0.01
9413,JP,JP,MEATA,MOTO1,0.01
17182,JP,JP,WASTE,ANIMA,0.01
4957,JP,JP,ELEC7,FOOD5,0.01
13140,JP,JP,PRINT,WOOLS,0.01
7980,JP,JP,INSUR,MEAT4,0.01
12983,JP,JP,PRECI,TRANS,0.01
15915,JP,JP,SUGAR,ELEC3,0.01
4984,JP,JP,ELEC7,RENTI,0.01
11908,JP,JP,PETRO,PROCE,0.01
11827,JP,JP,PARAF,COKE1,0.01
17543,JP,JP,WHITE,HEAVY,0.01
6659,JP,JP,FORES,WHITE,0.01
8185,JP,JP,INTER,WASTE,0.01
15290,JP,JP,SANDC,TRAN1,0.01
10647,JP,JP,NONFE,ELEC4,0.01
6546,JP,JP,FORES,CRUDE,0.01
17957,JP,JP,WOOD2,TOBAC,0.01
17882,JP,JP,WOOD2,ELE12,0.01
13584,JP,JP,RADIO,NONFE,0.01
17325,JP,JP,WEARI,CHARC,0.01
10181,JP,JP,MOTOR,WOOLS,0.01
537,JP,JP,AUXIL,BIOG1,0.01
7779,JP,JP,INERT,PROCE,0.01
5853,JP,JP,FISHF,STONE,0.01
4772,JP,JP,ELEC5,SUGAR,0.01
12900,JP,JP,PREC1,HEAVY,0.01
16361,JP,JP,TEXT2,TRAN1,0.01
7756,JP,JP,INERT,MEATP,0.01
6240,JP,JP,FOOD5,BITU1,0.01
11872,JP,JP,PETRO,ELEC5,0.01
6611,JP,JP,FORES,PADDY,0.01
9883,JP,JP,MEMBE,WOOD2,0.01
10359,JP,JP,NATUR,PLAS1,0.01
15245,JP,JP,SANDC,MEATP,0.01
8673,JP,JP,LEAD1,TOBAC,0.01
13788,JP,JP,RAILW,WHEAT,0.01
13313,JP,JP,PUBLI,MEATA,0.01
4695,JP,JP,ELEC5,FOOD3,0.01
9343,JP,JP,MEAT4,PIGS9,0.01
17962,JP,JP,WOOD2,WEARI,0.01
4968,JP,JP,ELEC7,MEMBE,0.01
8208,JP,JP,IRONO,RADIO,0.01
12783,JP,JP,POULT,ELEC6,0.01
1825,JP,JP,CERAM,MEAT4,0.01
11864,JP,JP,PETRO,DIST1,0.01
15679,JP,JP,STEAM,SUGA1,0.01
11127,JP,JP,OILSE,BASIC,0.01
8618,JP,JP,LEAD1,FOOD4,0.01
13874,JP,JP,RAWMI,PLAS2,0.01
4981,JP,JP,ELEC7,RAILW,0.01
9423,JP,JP,MEATA,POULT,0.01
10305,JP,JP,NATUR,ELEC4,0.01
3505,JP,JP,DISTR,BIOG1,0.01
9745,JP,JP,MEDIC,WOOLS,0.01
15734,JP,JP,STONE,GASDI,0.01
2954,JP,JP,COPP1,CHARC,0.01
13378,JP,JP,PUBLI,WOOD2,0.01
16508,JP,JP,TOBAC,ALUM1,0.01
4997,JP,JP,ELEC7,WOODW,0.01
4687,JP,JP,ELEC5,ELEC3,0.01
12151,JP,JP,PLANT,CERAM,0.01
6192,JP,JP,FOOD4,PRECI,0.01
4979,JP,JP,ELEC7,PULP5,0.01
91,JP,JP,93197,OILSE,0.01
15338,JP,JP,SEACO,ELEC5,0.01
16794,JP,JP,TRAN2,WASTE,0.01
2471,JP,JP,COKEO,WEARI,0.01
16737,JP,JP,TRAN2,DISTR,0.01
18060,JP,JP,WOODW,PETRO,0.01
11547,JP,JP,PAPE1,WHITE,0.01
15219,JP,JP,SANDC,ELEC3,0.01
15220,JP,JP,SANDC,ELEC4,0.01
17762,JP,JP,WOOD1,FOOD3,0.01
16273,JP,JP,TEXT2,CEMEN,0.01
14187,JP,JP,RECRE,SUGA1,0.01
1935,JP,JP,CEREA,PLAS1,0.01
3495,JP,JP,DIST1,WOOLS,0.01
4065,JP,JP,ELEC1,BIOG1,0.01
1356,JP,JP,BRICK,LANDT,0.01
1685,JP,JP,CEMEN,FORES,0.01
16893,JP,JP,TRANS,REFIN,0.01
11663,JP,JP,PAPE4,VEGE1,0.01
1696,JP,JP,CEMEN,KERO1,0.01
11260,JP,JP,OXYGE,PAPE4,0.01
4918,JP,JP,ELEC6,SUGA1,0.01
16835,JP,JP,TRANS,FOOD2,0.01
1043,JP,JP,BIOG1,WASTE,0.01
10905,JP,JP,OFFIC,BLAST,0.01
1812,JP,JP,CERAM,HEAVY,0.01
7895,JP,JP,INLAN,SECO9,0.01
16356,JP,JP,TEXT2,SECO9,0.01
1898,JP,JP,CEREA,ELEC4,0.01
14602,JP,JP,RETA1,BIOGA,0.01
8810,JP,JP,LEATH,WHEAT,0.01
15447,JP,JP,SECO9,ANIMA,0.01
11650,JP,JP,PAPE4,RETAI,0.01
9738,JP,JP,MEDIC,WASTE,0.01
15316,JP,JP,SEACO,CEREA,0.01
3149,JP,JP,CROPS,PETRO,0.01
12153,JP,JP,PLANT,COKE1,0.01
7244,JP,JP,HEALT,AVIAT,0.01
1027,JP,JP,BIOG1,RECRE,0.01
7074,JP,JP,GASDI,URANI,0.01
15770,JP,JP,STONE,RAWMI,0.01
12982,JP,JP,PRECI,SUGA1,0.01
16605,JP,JP,TRAN1,ELEC5,0.01
12551,JP,JP,PLAST,PADDY,0.01
1381,JP,JP,BRICK,RETAI,0.01
385,JP,JP,ALUM1,OILSE,0.01
1241,JP,JP,BLAST,FOOD4,0.01
15809,JP,JP,SUGA1,COLLE,0.01
9486,JP,JP,MEATC,PLAS2,0.01
10,JP,JP,93197,BITUM,0.01
6042,JP,JP,FOOD3,LUBRI,0.01
18092,JP,JP,WOODW,SUGA1,0.01
10356,JP,JP,NATUR,PETRO,0.01
4146,JP,JP,ELEC1,NUCLE,0.01
8419,JP,JP,KEROS,TRAN1,0.01
11028,JP,JP,OILHA,FOOD3,0.01
17530,JP,JP,WHITE,BRICK,0.01
3193,JP,JP,CROPS,WHITE,0.01
9879,JP,JP,MEMBE,WASTE,0.01
1054,JP,JP,BITU1,BLAST,0.01
15463,JP,JP,SECO9,COMPU,0.01
12413,JP,JP,PLAS2,LEATH,0.01
9428,JP,JP,MEATA,RETAI,0.01
7017,JP,JP,GASDI,NATU1,0.01
15973,JP,JP,SUGAR,VEGE1,0.01
15072,JP,JP,SALEM,ELE11,0.01
12689,JP,JP,POSTT,NUCLE,0.01
12196,JP,JP,PLANT,PFERT,0.01
13860,JP,JP,RAWMI,NFERT,0.01
1939,JP,JP,CEREA,PRINT,0.01
9639,JP,JP,MEDIC,ELEC4,0.01
12055,JP,JP,PIGS9,COALT,0.01
9165,JP,JP,MACHI,REFI1,0.01
1008,JP,JP,BIOG1,NFERT,0.01
13198,JP,JP,PROCE,NFERT,0.01
6077,JP,JP,FOOD3,REFI1,0.01
12500,JP,JP,PLAST,EDUCA,0.01
17186,JP,JP,WASTE,BITU1,0.01
1345,JP,JP,BRICK,FOOD5,0.01
11918,JP,JP,PETRO,WEARI,0.01
5242,JP,JP,ELECT,NUCLE,0.01
8123,JP,JP,INTER,MEATA,0.01
4207,JP,JP,ELEC1,WOOLS,0.01
7865,JP,JP,INLAN,NFERT,0.01
3738,JP,JP,EDUCA,PLAS2,0.01
16246,JP,JP,TEXT1,SUGAR,0.01
17162,JP,JP,VEGET,STEAM,0.01
10852,JP,JP,NONSP,FOOD2,0.01
7902,JP,JP,INLAN,TOBAC,0.01
9654,JP,JP,MEDIC,GASWO,0.01
9388,JP,JP,MEATA,COLLE,0.01
12957,JP,JP,PREC1,WOOLS,0.01
1945,JP,JP,CEREA,REFIN,0.01
6932,JP,JP,FURNI,WHITE,0.01
4432,JP,JP,ELEC3,MEAT4,0.01
16942,JP,JP,VEGE1,CEREA,0.01
16448,JP,JP,TEXTI,NONSP,0.01
17848,JP,JP,WOOD1,TRAN2,0.01
15045,JP,JP,SALEM,BIODI,0.01
6868,JP,JP,FURNI,NATU1,0.01
1344,JP,JP,BRICK,FOOD4,0.01
16527,JP,JP,TOBAC,ELEC6,0.01
3894,JP,JP,ELE11,TEXT2,0.01
4394,JP,JP,ELEC3,ELE12,0.01
12419,JP,JP,PLAS2,MEATP,0.01
9433,JP,JP,MEATA,TOBAC,0.01
8454,JP,JP,LANDT,CRUDE,0.01
2213,JP,JP,CHEMI,TEXT1,0.01
16920,JP,JP,URANI,HOTEL,0.01
762,JP,JP,BASIC,MEAT4,0.01
3923,JP,JP,ELE12,CEREA,0.01
5884,JP,JP,FOOD2,COALT,0.01
2306,JP,JP,COKE1,ELEC4,0.01
9837,JP,JP,MEMBE,PARAF,0.01
14818,JP,JP,RETAI,MEAT4,0.01
3638,JP,JP,DISTR,URANI,0.01
12340,JP,JP,PLAS1,SUGAR,0.01
6772,JP,JP,FOUND,TRAN2,0.01
2369,JP,JP,COKE1,REFI1,0.01
12525,JP,JP,PLAST,INSUR,0.01
10888,JP,JP,NONSP,RECRE,0.01
8406,JP,JP,KEROS,PLAS1,0.01
8712,JP,JP,LEATH,ELE11,0.01
8959,JP,JP,LUBRI,COKE1,0.01
11850,JP,JP,PARAF,WHITE,0.01
15722,JP,JP,STONE,ELEC4,0.01
17507,JP,JP,WHEAT,PRINT,0.01
13078,JP,JP,PRINT,NUCLE,0.01
16561,JP,JP,TOBAC,RUBBE,0.01
9914,JP,JP,MOTO1,CRUDE,0.01
5467,JP,JP,FINAN,AVIAT,0.01
9791,JP,JP,MEMBE,FOOD4,0.01
10231,JP,JP,NAPHT,MEAT4,0.01
7181,JP,JP,GLASS,NFERT,0.01
16872,JP,JP,TRANS,NONSP,0.01
4515,JP,JP,ELEC4,BIODI,0.01
17504,JP,JP,WHEAT,PLAS1,0.01
1376,JP,JP,BRICK,RADIO,0.01
9835,JP,JP,MEMBE,PAPE4,0.01
11258,JP,JP,OXYGE,OILHA,0.01
14739,JP,JP,RETA1,URANI,0.01
3300,JP,JP,DAIRY,PAPE4,0.01
11114,JP,JP,OILHA,TRAN2,0.01
16552,JP,JP,TOBAC,PLAS2,0.01
8136,JP,JP,INTER,NONSP,0.01
9264,JP,JP,MEAT1,TRAN1,0.01
10923,JP,JP,OFFIC,ELEC3,0.01
82,JP,JP,93197,NATU1,0.01
7233,JP,JP,GLASS,WHEAT,0.01
4966,JP,JP,ELEC7,LANDT,0.01
13332,JP,JP,PUBLI,PARAF,0.01
10355,JP,JP,NATUR,PARAF,0.01
13160,JP,JP,PROCE,COPP1,0.01
7108,JP,JP,GASWO,RUBBE,0.01
17115,JP,JP,VEGET,LEATH,0.01
9589,JP,JP,MEATP,SECO9,0.01
8430,JP,JP,LANDT,AVIAT,0.01
7860,JP,JP,INLAN,MEATP,0.01
14079,JP,JP,RECRE,CHEMI,0.01
2638,JP,JP,COMPU,BITUM,0.01
10272,JP,JP,NATU1,CHEM1,0.01
3007,JP,JP,COPP1,NAPHT,0.01
18107,JP,JP,WOODW,WHITE,0.01
477,JP,JP,ANIMA,INSUR,0.01
15500,JP,JP,SECO9,LANDT,0.01
2875,JP,JP,CONST,NUCLE,0.01
17546,JP,JP,WHITE,LEAD1,0.01
2385,JP,JP,COKE1,TRAN1,0.01
15784,JP,JP,STONE,TRAN1,0.01
9540,JP,JP,MEATP,ELEC5,0.01
10477,JP,JP,NFERT,REFI1,0.01
17463,JP,JP,WHEAT,BITU1,0.01
11173,JP,JP,OILSE,PFERT,0.01
15317,JP,JP,SEACO,CHARC,0.01
1838,JP,JP,CERAM,PADDY,0.01
7086,JP,JP,GASWO,ALUM1,0.01
8743,JP,JP,LEATH,KEROS,0.01
15521,JP,JP,SECO9,OILSE,0.01
9599,JP,JP,MEATP,WEARI,0.01
13170,JP,JP,PROCE,ELEC5,0.01
17914,JP,JP,WOOD2,MEATC,0.01
12574,JP,JP,PLAST,RETAI,0.01
16836,JP,JP,TRANS,FOOD4,0.01
15721,JP,JP,STONE,ELEC3,0.01
2276,JP,JP,COALT,WEARI,0.01
17929,JP,JP,WOOD2,PIGS9,0.01
1866,JP,JP,CERAM,STEAM,0.01
8190,JP,JP,INTER,WOOD2,0.01
11349,JP,JP,PADDY,LUBRI,0.01
4351,JP,JP,ELEC2,URANI,0.01
1100,JP,JP,BITU1,MEATP,0.01
15984,JP,JP,SUPPO,BIOG1,0.01
10674,JP,JP,NONFE,REALE,0.01
10824,JP,JP,NONME,WOOLS,0.01
9267,JP,JP,MEAT1,WEARI,0.01
3945,JP,JP,ELE12,ELEC6,0.01
18113,JP,JP,WOOLS,BITU1,0.01
17770,JP,JP,WOOD1,GASWO,0.01
11197,JP,JP,OILSE,WOOD1,0.01
3274,JP,JP,DAIRY,INERT,0.01
13823,JP,JP,RAWMI,ELEC5,0.01
845,JP,JP,BEVER,CERAM,0.01
8074,JP,JP,INTER,COKEO,0.01
16317,JP,JP,TEXT2,LIQUE,0.01
12118,JP,JP,PIGS9,PROCE,0.01
2305,JP,JP,COKE1,ELEC3,0.01
7857,JP,JP,INLAN,MEAT1,0.01
15279,JP,JP,SANDC,SALEM,0.01
6214,JP,JP,FOOD4,STONE,0.01
6719,JP,JP,FOUND,LIQUE,0.01
16287,JP,JP,TEXT2,ELE12,0.01
13385,JP,JP,PULP5,BIODI,0.01
9434,JP,JP,MEATA,VEGE1,0.01
5814,JP,JP,FISHF,NAPHT,0.01
8381,JP,JP,KEROS,ELEC4,0.01
4419,JP,JP,ELEC3,INERT,0.01
8904,JP,JP,LIQUE,PIGS9,0.01
14154,JP,JP,RECRE,PARAF,0.01
9404,JP,JP,MEATA,INSUR,0.01
16167,JP,JP,TEXT1,FOOD3,0.01
4785,JP,JP,ELEC5,WHEAT,0.01
309,JP,JP,ALUM1,BITU1,0.01
1537,JP,JP,BUSIN,URANI,0.01
9575,JP,JP,MEATP,PRINT,0.01
1929,JP,JP,CEREA,NONSP,0.01
12836,JP,JP,POULT,RECRE,0.01
15821,JP,JP,SUGA1,ELEC5,0.01
11610,JP,JP,PAPE4,LUBRI,0.01
8670,JP,JP,LEAD1,SUGA1,0.01
15882,JP,JP,SUGA1,STEAM,0.01
8268,JP,JP,KERO1,GASWO,0.01
9681,JP,JP,MEDIC,NATUR,0.01
16360,JP,JP,TEXT2,TOBAC,0.01
4861,JP,JP,ELEC6,MEAT4,0.01
16063,JP,JP,SUPPO,NUCLE,0.01
1322,JP,JP,BRICK,BEVER,0.01
18143,JP,JP,WOOLS,PAPE1,0.01
6175,JP,JP,FOOD4,NONFE,0.01
9620,JP,JP,MEDIC,CEREA,0.01
28,JP,JP,93197,CRUDE,0.01
6107,JP,JP,FOOD4,BITU1,0.01
11238,JP,JP,OXYGE,KEROS,0.01
9673,JP,JP,MEDIC,MEAT4,0.01
16364,JP,JP,TEXT2,WEARI,0.01
6324,JP,JP,FOOD5,PARAF,0.01
17281,JP,JP,WASTE,REFIN,0.01
11036,JP,JP,OILHA,GASWO,0.01
4822,JP,JP,ELEC6,ELE12,0.01
16785,JP,JP,TRAN2,RETA1,0.01
5798,JP,JP,FISHF,KEROS,0.01
11870,JP,JP,PETRO,ELEC3,0.01
4736,JP,JP,ELEC5,OILSE,0.01
10661,JP,JP,NONFE,MEATP,0.01
1553,JP,JP,CATTL,BIODI,0.01
13847,JP,JP,RAWMI,LANDT,0.01
11291,JP,JP,OXYGE,WASTE,0.01
12172,JP,JP,PLANT,FOUND,0.01
7791,JP,JP,INERT,RETAI,0.01
3664,JP,JP,EDUCA,COALT,0.01
301,JP,JP,ALUM1,AIRTR,0.01
9260,JP,JP,MEAT1,SECO9,0.01
6461,JP,JP,FOODW,OILSE,0.01
2413,JP,JP,COKEO,ELE11,0.01
11494,JP,JP,PAPE1,OILSE,0.01
8210,JP,JP,IRONO,RETA1,0.01
6172,JP,JP,FOOD4,NATUR,0.01
12974,JP,JP,PRECI,PLANT,0.01
9831,JP,JP,MEMBE,OILSE,0.01
13556,JP,JP,RADIO,GASWO,0.01
12261,JP,JP,PLAS1,FOOD3,0.01
7804,JP,JP,INERT,VEGE1,0.01
8204,JP,JP,IRONO,NFERT,0.01
15964,JP,JP,SUGAR,SANDC,0.01
3768,JP,JP,EDUCA,TOBAC,0.01
4992,JP,JP,ELEC7,TEXTI,0.01
14264,JP,JP,REFIN,GLASS,0.01
5925,JP,JP,FOOD2,LEATH,0.01
7549,JP,JP,HOTEL,BITUM,0.01
8748,JP,JP,LEATH,LUBRI,0.01
6203,JP,JP,FOOD4,REFIN,0.01
1292,JP,JP,BLAST,RAILW,0.01
5058,JP,JP,ELEC8,INLAN,0.01
12192,JP,JP,PLANT,OILHA,0.01
4696,JP,JP,ELEC5,FOOD4,0.01
1676,JP,JP,CEMEN,ELEC5,0.01
5149,JP,JP,ELEC8,WOOLS,0.01
11590,JP,JP,PAPE4,FOOD2,0.01
3501,JP,JP,DISTR,AVIAT,0.01
11646,JP,JP,PAPE4,REFI1,0.01
6801,JP,JP,FURNI,CHARC,0.01
17170,JP,JP,VEGET,TRAN2,0.01
6647,JP,JP,FORES,SUGAR,0.01
1913,JP,JP,CEREA,INTER,0.01
11212,JP,JP,OXYGE,COMPU,0.01
17732,JP,JP,WOOD1,CEREA,0.01
2470,JP,JP,COKEO,VEGET,0.01
2967,JP,JP,COPP1,EDUCA,0.01
11939,JP,JP,PFERT,COKEO,0.01
12442,JP,JP,PLAS2,PROCE,0.01
15665,JP,JP,STEAM,REALE,0.01
4953,JP,JP,ELEC7,ELECT,0.01
2973,JP,JP,COPP1,ELEC5,0.01
12101,JP,JP,PIGS9,NONFE,0.01
11841,JP,JP,PARAF,NFERT,0.01
11239,JP,JP,OXYGE,LANDT,0.01
13630,JP,JP,RADIO,TEXT2,0.01
6133,JP,JP,FOOD4,ELEC5,0.01
6690,JP,JP,FOUND,ELE12,0.01
9509,JP,JP,MEATC,TRAN1,0.01
9621,JP,JP,MEDIC,CHARC,0.01
8063,JP,JP,INTER,BLAST,0.01
1145,JP,JP,BITUM,CHEM1,0.01
2399,JP,JP,COKEO,BEVER,0.01
14148,JP,JP,RECRE,OILSE,0.01
16253,JP,JP,TEXT1,TRAN2,0.01
4943,JP,JP,ELEC7,BEVER,0.01
12021,JP,JP,PFERT,SALEM,0.01
11126,JP,JP,OILSE,AUXIL,0.01
10998,JP,JP,OILHA,CEREA,0.01
5797,JP,JP,FISHF,KERO1,0.01
4786,JP,JP,ELEC5,WHITE,0.01
1243,JP,JP,BLAST,FOODW,0.01
6094,JP,JP,FOOD3,VEGE1,0.01
3666,JP,JP,EDUCA,COKEO,0.01
5931,JP,JP,FOOD2,MEATP,0.01
4940,JP,JP,ELEC7,ALUM1,0.01
15752,JP,JP,STONE,NONFE,0.01
15541,JP,JP,SECO9,RETAI,0.01
16035,JP,JP,SUPPO,INERT,0.01
8423,JP,JP,KEROS,WHOLE,0.01
17871,JP,JP,WOOD2,CHEMI,0.01
4688,JP,JP,ELEC5,ELEC4,0.01
6082,JP,JP,FOOD3,RETAI,0.01
1595,JP,JP,CATTL,LIQUE,0.01
7752,JP,JP,INERT,LUBRI,0.01
2328,JP,JP,COKE1,KEROS,0.01
1272,JP,JP,BLAST,NATUR,0.01
8678,JP,JP,LEAD1,WASTE,0.01
17578,JP,JP,WHOLE,BIOGA,0.01
1681,JP,JP,CEMEN,FISHF,0.01
2208,JP,JP,CHEMI,SALEM,0.01
8700,JP,JP,LEATH,COALT,0.01
14765,JP,JP,RETAI,CEREA,0.01
10248,JP,JP,NAPHT,PETRO,0.01
10066,JP,JP,MOTOR,CRUDE,0.01
12955,JP,JP,PREC1,WOOD2,0.01
8201,JP,JP,IRONO,HOTEL,0.01
4213,JP,JP,ELEC2,AVIAT,0.01
15787,JP,JP,STONE,VEGET,0.01
6736,JP,JP,FOUND,OILSE,0.01
11174,JP,JP,OILSE,PLAST,0.01
12846,JP,JP,POULT,SUGAR,0.01
3766,JP,JP,EDUCA,TEXT2,0.01
13593,JP,JP,RADIO,PARAF,0.01
1017,JP,JP,BIOG1,PLAS1,0.01
1796,JP,JP,CERAM,ELEC6,0.01
9202,JP,JP,MEAT1,BASIC,0.01
13848,JP,JP,RAWMI,LEATH,0.01
15308,JP,JP,SEACO,BIOG1,0.01
4848,JP,JP,ELEC6,INERT,0.01
954,JP,JP,BIODI,HOTEL,0.01
12347,JP,JP,PLAS1,TRAN2,0.01
8654,JP,JP,LEAD1,POULT,0.01
12466,JP,JP,PLAS2,VEGE1,0.01
10301,JP,JP,NATUR,ELE12,0.01
10179,JP,JP,MOTOR,WOOD2,0.01
9407,JP,JP,MEATA,LANDT,0.01
12789,JP,JP,POULT,FOOD4,0.01
15506,JP,JP,SECO9,MEATC,0.01
12098,JP,JP,PIGS9,NAPHT,0.01
5794,JP,JP,FISHF,INERT,0.01
12580,JP,JP,PLAST,SUGAR,0.01
15702,JP,JP,STONE,BLAST,0.01
16727,JP,JP,TRAN2,CERAM,0.01
7825,JP,JP,INLAN,CROPS,0.01
14234,JP,JP,REFI1,OILHA,0.01
12758,JP,JP,POULT,BIODI,0.01
15879,JP,JP,SUGA1,SANDC,0.01
11568,JP,JP,PAPE4,COKE1,0.01
17397,JP,JP,WEARI,NONSP,0.01
13484,JP,JP,PULP5,STONE,0.01
14636,JP,JP,RETA1,ELEC7,0.01
18115,JP,JP,WOOLS,CHEMI,0.01
1232,JP,JP,BLAST,ELEC3,0.01
3858,JP,JP,ELE11,PAPE4,0.01
7106,JP,JP,GASWO,PLAST,0.01
10904,JP,JP,OFFIC,BIOGA,0.01
8222,JP,JP,KERO1,BIODI,0.01
12108,JP,JP,PIGS9,PETRO,0.01
9543,JP,JP,MEATP,ELECT,0.01
10353,JP,JP,NATUR,PAPE4,0.01
15198,JP,JP,SANDC,BLAST,0.01
8314,JP,JP,KERO1,PLAS2,0.01
13880,JP,JP,RAWMI,PROCE,0.01
17531,JP,JP,WHITE,BUSIN,0.01
10680,JP,JP,NONFE,SUPPO,0.01
7787,JP,JP,INERT,REFI1,0.01
1253,JP,JP,BLAST,INTER,0.01
15865,JP,JP,SUGA1,PREC1,0.01
9432,JP,JP,MEATA,TEXT1,0.01
1671,JP,JP,CEMEN,ELE12,0.01
12454,JP,JP,PLAS2,RETAI,0.01
15969,JP,JP,SUGAR,TOBAC,0.01
9477,JP,JP,MEATC,MEDIC,0.01
10703,JP,JP,NONME,CHARC,0.01
9528,JP,JP,MEATP,COLLE,0.01
18129,JP,JP,WOOLS,HOTEL,0.01
12035,JP,JP,PFERT,WHOLE,0.01
3463,JP,JP,DIST1,REFIN,0.01
14155,JP,JP,RECRE,PETRO,0.01
16517,JP,JP,TOBAC,COPP1,0.01
16175,JP,JP,TEXT1,GASWO,0.01
9219,JP,JP,MEAT1,ELECT,0.01
1879,JP,JP,CERAM,WHEAT,0.01
16921,JP,JP,URANI,MACHI,0.01
956,JP,JP,BIOG1,ANIMA,0.01
2376,JP,JP,COKE1,SANDC,0.01
10846,JP,JP,NONSP,ELEC3,0.01
12965,JP,JP,PRECI,FISHF,0.01
13373,JP,JP,PUBLI,VEGET,0.01
4958,JP,JP,ELEC7,FOODW,0.01
12941,JP,JP,PREC1,SALEM,0.01
9520,JP,JP,MEATP,ANIMA,0.01
10934,JP,JP,OFFIC,GASDI,0.01
17291,JP,JP,WASTE,STEAM,0.01
16925,JP,JP,URANI,TEXT1,0.01
2409,JP,JP,COKEO,CROPS,0.01
16722,JP,JP,TRAN2,BIOG1,0.01
10406,JP,JP,NFERT,BUSIN,0.01
13309,JP,JP,PUBLI,LUBRI,0.01
10978,JP,JP,OFFIC,TRAN1,0.01
8647,JP,JP,LEAD1,PAPE4,0.01
519,JP,JP,ANIMA,SUGA1,0.01
16319,JP,JP,TEXT2,MEATC,0.01
6434,JP,JP,FOODW,INLAN,0.01
256,JP,JP,AIRTR,POULT,0.01
11464,JP,JP,PAPE1,INLAN,0.01
1219,JP,JP,BLAST,COKE1,0.01
3298,JP,JP,DAIRY,PADDY,0.01
14248,JP,JP,REFIN,CEMEN,0.01
9686,JP,JP,MEDIC,NONSP,0.01
11162,JP,JP,OILSE,MEDIC,0.01
12796,JP,JP,POULT,GASWO,0.01
10187,JP,JP,NAPHT,BIOG1,0.01
12977,JP,JP,PRECI,RADIO,0.01
8510,JP,JP,LANDT,NATU1,0.01
10247,JP,JP,NAPHT,PARAF,0.01
304,JP,JP,ALUM1,AUXIL,0.01
961,JP,JP,BIOG1,CATTL,0.01
17854,JP,JP,WOOD1,WHEAT,0.01
2314,JP,JP,COKE1,FOOD4,0.01
7905,JP,JP,INLAN,VEGE1,0.01
9409,JP,JP,MEATA,MEAT1,0.01
12269,JP,JP,PLAS1,GASWO,0.01
12212,JP,JP,PLANT,VEGE1,0.01
17562,JP,JP,WHITE,PULP5,0.01
15297,JP,JP,SANDC,WOOD2,0.01
16334,JP,JP,TEXT2,PIGS9,0.01
11532,JP,JP,PAPE1,SUGA1,0.01
16819,JP,JP,TRANS,CROPS,0.01
156,JP,JP,AIRTR,BIODI,0.01
1233,JP,JP,BLAST,ELEC4,0.01
15801,JP,JP,SUGA1,BRICK,0.01
17558,JP,JP,WHITE,PFERT,0.01
16903,JP,JP,TRANS,STEAM,0.01
2145,JP,JP,CHEMI,ELE12,0.01
10676,JP,JP,NONFE,RESEA,0.01
1626,JP,JP,CATTL,REFI1,0.01
11120,JP,JP,OILHA,WHEAT,0.01
3044,JP,JP,COPP1,TRAN2,0.01
10942,JP,JP,OFFIC,MEAT1,0.01
14548,JP,JP,RESEA,POULT,0.01
7400,JP,JP,HEAVY,BIOG1,0.01
10612,JP,JP,NONF1,SUPPO,0.01
804,JP,JP,BASIC,REFI1,0.01
2951,JP,JP,COPP1,CATTL,0.01
16776,JP,JP,TRAN2,PLAS2,0.01
11237,JP,JP,OXYGE,KERO1,0.01
996,JP,JP,BIOG1,INTER,0.01
15206,JP,JP,SANDC,COALT,0.01
12019,JP,JP,PFERT,RETA1,0.01
8196,JP,JP,IRONO,DIST1,0.01
14245,JP,JP,REFI1,WOOD1,0.01
2238,JP,JP,COALT,DISTR,0.01
11842,JP,JP,PARAF,NONME,0.01
2227,JP,JP,COALT,BRICK,0.01
1752,JP,JP,CEMEN,TOBAC,0.01
9568,JP,JP,MEATP,PFERT,0.01
15657,JP,JP,STEAM,POULT,0.01
1176,JP,JP,BITUM,OILHA,0.01
8084,JP,JP,INTER,ELE11,0.01
2255,JP,JP,COALT,MEATC,0.01
17513,JP,JP,WHEAT,REFIN,0.01
17133,JP,JP,VEGET,OILSE,0.01
1195,JP,JP,BITUM,SALEM,0.01
12178,JP,JP,PLANT,INTER,0.01
8776,JP,JP,LEATH,POULT,0.01
9000,JP,JP,LUBRI,NFERT,0.01
18148,JP,JP,WOOLS,REFIN,0.01
13071,JP,JP,PRINT,NATU1,0.01
8345,JP,JP,KERO1,TEXT2,0.01
10610,JP,JP,NONF1,SUGA1,0.01
308,JP,JP,ALUM1,BIOG1,0.01
17476,JP,JP,WHEAT,FISHF,0.01
17171,JP,JP,VEGET,TRANS,0.01
15781,JP,JP,STONE,TEXT2,0.01
17461,JP,JP,WHEAT,BASIC,0.01
12843,JP,JP,POULT,SECO9,0.01
13152,JP,JP,PROCE,CEMEN,0.01
15808,JP,JP,SUGA1,COKE1,0.01
17255,JP,JP,WASTE,NONSP,0.01
11612,JP,JP,PAPE4,MEAT1,0.01
15832,JP,JP,SUGA1,FORES,0.01
16137,JP,JP,TEXT1,CEREA,0.01
11983,JP,JP,PFERT,MEATA,0.01
1596,JP,JP,CATTL,LUBRI,0.01
1933,JP,JP,CEREA,PAPER,0.01
15891,JP,JP,SUGA1,WEARI,0.01
14838,JP,JP,RETAI,PETRO,0.01
12135,JP,JP,PIGS9,SUPPO,0.01
1252,JP,JP,BLAST,INERT,0.01
10392,JP,JP,NATUR,WASTE,0.01
1401,JP,JP,BUSIN,BIOGA,0.01
16423,JP,JP,TEXTI,INLAN,0.01
1563,JP,JP,CATTL,COKEO,0.01
15194,JP,JP,SANDC,ANIMA,0.01
4939,JP,JP,ELEC7,AIRTR,0.01
15260,JP,JP,SANDC,PIGS9,0.01
4567,JP,JP,ELEC4,INLAN,0.01
9408,JP,JP,MEATA,MACHI,0.01
9200,JP,JP,MEAT1,ANIMA,0.01
17887,JP,JP,WOOD2,ELEC6,0.01
10853,JP,JP,NONSP,FOODW,0.01
9713,JP,JP,MEDIC,REFI1,0.01
7249,JP,JP,HEALT,BIOGA,0.01
10073,JP,JP,MOTOR,ELEC3,0.01
8206,JP,JP,IRONO,OFFIC,0.01
15846,JP,JP,SUGA1,MEAT4,0.01
129,JP,JP,93197,SUGA1,0.01
5966,JP,JP,FOOD2,RETAI,0.01
3759,JP,JP,EDUCA,SANDC,0.01
16791,JP,JP,TRAN2,TEXTI,0.01
6711,JP,JP,FOUND,HEAVY,0.01
2411,JP,JP,COKEO,DISTR,0.01
3906,JP,JP,ELE11,WOOD2,0.01
13350,JP,JP,PUBLI,REFI1,0.01
1350,JP,JP,BRICK,GASDI,0.01
1817,JP,JP,CERAM,KEROS,0.01
12958,JP,JP,PRECI,BASIC,0.01
1884,JP,JP,CEREA,BASIC,0.01
12231,JP,JP,PLAS1,CEREA,0.01
4973,JP,JP,ELEC7,PAPE1,0.01
7732,JP,JP,INERT,FOOD2,0.01
17626,JP,JP,WHOLE,GASWO,0.01
731,JP,JP,BASIC,ELEC8,0.01
9436,JP,JP,MEATA,WOOD1,0.01
1362,JP,JP,BRICK,MOTOR,0.01
3297,JP,JP,DAIRY,OXYGE,0.01
9410,JP,JP,MEATA,MEATC,0.01
9660,JP,JP,MEDIC,INLAN,0.01
13603,JP,JP,RADIO,PRECI,0.01
14242,JP,JP,REFI1,TRAN1,0.01
5978,JP,JP,FOOD2,VEGE1,0.01
9559,JP,JP,MEATP,LEATH,0.01
3777,JP,JP,EDUCA,WOOD2,0.01
1943,JP,JP,CEREA,RECRE,0.01
17511,JP,JP,WHEAT,RECRE,0.01
11138,JP,JP,OILSE,ELE12,0.01
7631,JP,JP,HOTEL,NUCLE,0.01
6218,JP,JP,FOOD4,TEXT2,0.01
15048,JP,JP,SALEM,BITUM,0.01
3829,JP,JP,ELE11,INTER,0.01
10849,JP,JP,NONSP,ELEC8,0.01
14844,JP,JP,RETAI,POSTT,0.01
13347,JP,JP,PUBLI,RAWMI,0.01
8742,JP,JP,LEATH,KERO1,0.01
15533,JP,JP,SECO9,PROCE,0.01
2202,JP,JP,CHEMI,RAILW,0.01
130,JP,JP,93197,SUGAR,0.01
16553,JP,JP,TOBAC,PLAST,0.01
10964,JP,JP,OFFIC,REALE,0.01
11620,JP,JP,PAPE4,NFERT,0.01
9447,JP,JP,MEATC,COMPU,0.01
2132,JP,JP,CHEMI,CEREA,0.01
18104,JP,JP,WOODW,WASTE,0.01
11134,JP,JP,OILSE,CROPS,0.01
8174,JP,JP,INTER,SUGAR,0.01
4771,JP,JP,ELEC5,STEAM,0.01
8569,JP,JP,LANDT,URANI,0.01
12979,JP,JP,PRECI,RESEA,0.01
7091,JP,JP,GASWO,COPP1,0.01
5954,JP,JP,FOOD2,PROCE,0.01
8971,JP,JP,LUBRI,ELECT,0.01
17006,JP,JP,VEGE1,OXYGE,0.01
11393,JP,JP,PADDY,SUGAR,0.01
3902,JP,JP,ELE11,WASTE,0.01
17502,JP,JP,WHEAT,PAPER,0.01
16276,JP,JP,TEXT2,CHEMI,0.01
13480,JP,JP,PULP5,SALEM,0.01
2194,JP,JP,CHEMI,PLAS1,0.01
9646,JP,JP,MEDIC,FOOD3,0.01
12197,JP,JP,PLANT,PLAS1,0.01
15190,JP,JP,SALEM,WOOLS,0.01
4035,JP,JP,ELE12,SUGA1,0.01
18142,JP,JP,WOOLS,OXYGE,0.01
17065,JP,JP,VEGET,BIODI,0.01
14203,JP,JP,RECRE,WOOD2,0.01
8361,JP,JP,KERO1,WOOLS,0.01
16475,JP,JP,TEXTI,REFIN,0.01
3073,JP,JP,CROPS,COALT,0.01
13197,JP,JP,PROCE,MOTOR,0.01
9220,JP,JP,MEAT1,FABRI,0.01
6500,JP,JP,FOODW,SUGA1,0.01
10176,JP,JP,MOTOR,WHITE,0.01
12200,JP,JP,PLANT,PREC1,0.01
13436,JP,JP,PULP5,KERO1,0.01
2947,JP,JP,COPP1,BITU1,0.01
7710,JP,JP,INERT,COKE1,0.01
6000,JP,JP,FOOD3,COKE1,0.01
15718,JP,JP,STONE,EDUCA,0.01
10816,JP,JP,NONME,WASTE,0.01
10829,JP,JP,NONSP,BITUM,0.01
3860,JP,JP,ELE11,PARAF,0.01
10639,JP,JP,NONFE,COLLE,0.01
3004,JP,JP,COPP1,MEMBE,0.01
17808,JP,JP,WOOD1,PARAF,0.01
15525,JP,JP,SECO9,PAPE4,0.01
17498,JP,JP,WHEAT,NONSP,0.01
9561,JP,JP,MEATP,MEATA,0.01
546,JP,JP,AUXIL,CHARC,0.01
8994,JP,JP,LUBRI,MEAT4,0.01
1857,JP,JP,CERAM,REFI1,0.01
12395,JP,JP,PLAS2,FOOD2,0.01
10482,JP,JP,NFERT,SUGA1,0.01
11193,JP,JP,OILSE,TRANS,0.01
17865,JP,JP,WOOD2,BRICK,0.01
9760,JP,JP,MEMBE,CEREA,0.01
4655,JP,JP,ELEC4,WOOLS,0.01
967,JP,JP,BIOG1,COKEO,0.01
6182,JP,JP,FOOD4,PAPE4,0.01
9544,JP,JP,MEATP,FABRI,0.01
12487,JP,JP,PLAST,CHARC,0.01
17270,JP,JP,WASTE,PRECI,0.01
1210,JP,JP,BLAST,BLAST,0.01
10081,JP,JP,MOTOR,FOOD3,0.01
4709,JP,JP,ELEC5,IRONO,0.01
15929,JP,JP,SUGAR,HOTEL,0.01
12171,JP,JP,PLANT,FORES,0.01
984,JP,JP,BIOG1,FISHF,0.01
3365,JP,JP,DIST1,CHARC,0.01
16526,JP,JP,TOBAC,ELEC5,0.01
15934,JP,JP,SUGAR,LIQUE,0.01
3713,JP,JP,EDUCA,LUBRI,0.01
11255,JP,JP,OXYGE,NONFE,0.01
18005,JP,JP,WOODW,ELEC7,0.01
10168,JP,JP,MOTOR,TRAN1,0.01
11990,JP,JP,PFERT,NATUR,0.01
15802,JP,JP,SUGA1,BUSIN,0.01
15235,JP,JP,SANDC,HEAVY,0.01
12053,JP,JP,PIGS9,CHARC,0.01
11190,JP,JP,OILSE,TEXT1,0.01
17250,JP,JP,WASTE,NATUR,0.01
17484,JP,JP,WHEAT,INTER,0.01
2185,JP,JP,CHEMI,NONFE,0.01
18141,JP,JP,WOOLS,NONSP,0.01
15711,JP,JP,STONE,COMPU,0.01
11074,JP,JP,OILHA,PARAF,0.01
6177,JP,JP,FOOD4,NONSP,0.01
11865,JP,JP,PETRO,DISTR,0.01
1896,JP,JP,CEREA,ELEC1,0.01
10947,JP,JP,OFFIC,MOTOR,0.01
16706,JP,JP,TRAN1,URANI,0.01
17317,JP,JP,WEARI,BITUM,0.01
1309,JP,JP,BLAST,TRAN1,0.01
16259,JP,JP,TEXT1,WHEAT,0.01
4399,JP,JP,ELEC3,ELEC5,0.01
6022,JP,JP,FOOD3,FOOD2,0.01
11229,JP,JP,OXYGE,FORES,0.01
9690,JP,JP,MEDIC,OILSE,0.01
12415,JP,JP,PLAS2,LUBRI,0.01
10958,JP,JP,OFFIC,POULT,0.01
9417,JP,JP,MEATA,NONME,0.01
9832,JP,JP,MEMBE,OXYGE,0.01
12482,JP,JP,PLAST,BUSIN,0.01
14503,JP,JP,RESEA,INLAN,0.01
3115,JP,JP,CROPS,IRONO,0.01
13458,JP,JP,PULP5,PADDY,0.01
10878,JP,JP,NONSP,PAPE1,0.01
6551,JP,JP,FORES,ELE11,0.01
3691,JP,JP,EDUCA,FOOD3,0.01
7634,JP,JP,HOTEL,OILSE,0.01
7853,JP,JP,INLAN,LEATH,0.01
2268,JP,JP,COALT,PULP5,0.01
2720,JP,JP,COMPU,NUCLE,0.01
7173,JP,JP,GLASS,MEAT4,0.01
2365,JP,JP,COKE1,RAILW,0.01
10258,JP,JP,NAPHT,RENTI,0.01
9363,JP,JP,MEAT4,SECO9,0.01
5634,JP,JP,FISH5,CHEMI,0.01
12845,JP,JP,POULT,SUGA1,0.01
12353,JP,JP,PLAS1,WHEAT,0.01
1667,JP,JP,CEMEN,DAIRY,0.01
9446,JP,JP,MEATC,COLLE,0.01
8606,JP,JP,LEAD1,ELE12,0.01
2273,JP,JP,COALT,TOBAC,0.01
11925,JP,JP,PFERT,BIODI,0.01
16735,JP,JP,TRAN2,CRUDE,0.01
1052,JP,JP,BITU1,BIOG1,0.01
4941,JP,JP,ELEC7,AUXIL,0.01
11281,JP,JP,OXYGE,SUPPO,0.01
3376,JP,JP,DIST1,CRUDE,0.01
1184,JP,JP,BITUM,PREC1,0.01
15980,JP,JP,SUPPO,AVIAT,0.01
18146,JP,JP,WOOLS,RAILW,0.01
2004,JP,JP,CHEM1,ELEC7,0.01
1326,JP,JP,BRICK,CATTL,0.01
12562,JP,JP,PLAST,POULT,0.01
17544,JP,JP,WHITE,KERO1,0.01
17809,JP,JP,WOOD1,PETRO,0.01
9236,JP,JP,MEAT1,MEATA,0.01
14218,JP,JP,REFI1,ELEC4,0.01
3915,JP,JP,ELE12,BIODI,0.01
1354,JP,JP,BRICK,INSUR,0.01
13907,JP,JP,RAWMI,WOOD2,0.01
17292,JP,JP,WASTE,STONE,0.01
10913,JP,JP,OFFIC,COKEO,0.01
2425,JP,JP,COKEO,FISHF,0.01
9663,JP,JP,MEDIC,IRONO,0.01
11252,JP,JP,OXYGE,NAPHT,0.01
15958,JP,JP,SUGAR,REFI1,0.01
10183,JP,JP,NAPHT,ANIMA,0.01
13626,JP,JP,RADIO,SUGA1,0.01
17077,JP,JP,VEGET,COKEO,0.01
2316,JP,JP,COKE1,FOODW,0.01
12373,JP,JP,PLAS2,COKE1,0.01
1822,JP,JP,CERAM,LUBRI,0.01
12450,JP,JP,PLAS2,REFI1,0.01
9563,JP,JP,MEATP,MEDIC,0.01
7754,JP,JP,INERT,MEAT1,0.01
12076,JP,JP,PIGS9,FOOD4,0.01
8004,JP,JP,INSUR,PETRO,0.01
15912,JP,JP,SUGAR,ELE12,0.01
1163,JP,JP,BITUM,LEATH,0.01
4965,JP,JP,ELEC7,INSUR,0.01
11892,JP,JP,PETRO,MEATC,0.01
11910,JP,JP,PETRO,REFI1,0.01
10270,JP,JP,NAPHT,WHITE,0.01
9687,JP,JP,MEDIC,NUCLE,0.01
4993,JP,JP,ELEC7,TRAN1,0.01
1705,JP,JP,CEMEN,MEATP,0.01
14865,JP,JP,RETAI,SUGA1,0.01
17872,JP,JP,WOOD2,COALT,0.01
8611,JP,JP,LEAD1,ELEC6,0.01
2343,JP,JP,COKE1,NATUR,0.01
8690,JP,JP,LEATH,BIODI,0.01
11075,JP,JP,OILHA,PETRO,0.01
17473,JP,JP,WHEAT,FABRI,0.01
6044,JP,JP,FOOD3,MEAT1,0.01
3744,JP,JP,EDUCA,PROCE,0.01
8368,JP,JP,KEROS,BRICK,0.01
6765,JP,JP,FOUND,SUGA1,0.01
6953,JP,JP,GASDI,CHARC,0.01
10050,JP,JP,MOTOR,BLAST,0.01
6525,JP,JP,FORES,BIODI,0.01
16927,JP,JP,URANI,WOOD1,0.01
10433,JP,JP,NFERT,FOODW,0.01
2125,JP,JP,CHEMI,BIODI,0.01
2135,JP,JP,CHEMI,COKE1,0.01
17253,JP,JP,WASTE,NONFE,0.01
15935,JP,JP,SUGAR,LUBRI,0.01
9479,JP,JP,MEATC,OFFIC,0.01
3730,JP,JP,EDUCA,OXYGE,0.01
17053,JP,JP,VEGE1,WHEAT,0.01
3062,JP,JP,CROPS,BIOG1,0.01
2327,JP,JP,COKE1,INTER,0.01
16292,JP,JP,TEXT2,ELEC6,0.01
10924,JP,JP,OFFIC,ELEC4,0.01
722,JP,JP,BASIC,ELE11,0.01
13203,JP,JP,PROCE,OILSE,0.01
1201,JP,JP,BITUM,TRAN2,0.01
14891,JP,JP,RUBBE,BIOGA,0.01
17068,JP,JP,VEGET,BRICK,0.01
5833,JP,JP,FISHF,PRECI,0.01
13462,JP,JP,PULP5,PETRO,0.01
11866,JP,JP,PETRO,ELE11,0.01
7143,JP,JP,GLASS,ELEC5,0.01
13351,JP,JP,PUBLI,REFIN,0.01
9580,JP,JP,MEATP,RECRE,0.01
6225,JP,JP,FOOD4,WASTE,0.01
10895,JP,JP,NONSP,WASTE,0.01
12184,JP,JP,PLANT,MEATC,0.01
4827,JP,JP,ELEC6,ELEC5,0.01
12926,JP,JP,PREC1,PLAS2,0.01
14428,JP,JP,RENTI,URANI,0.01
10115,JP,JP,MOTOR,NATU1,0.01
5702,JP,JP,FISH5,PRECI,0.01
10657,JP,JP,NONFE,LEATH,0.01
14876,JP,JP,RETAI,WHITE,0.01
9505,JP,JP,MEATC,STEAM,0.01
369,JP,JP,ALUM1,MEAT4,0.01
5907,JP,JP,FOOD2,FOOD2,0.01
2214,JP,JP,CHEMI,TEXT2,0.01
11283,JP,JP,OXYGE,TEXT2,0.01
17545,JP,JP,WHITE,KEROS,0.01
9727,JP,JP,MEDIC,SUGAR,0.01
3037,JP,JP,COPP1,SUGA1,0.01
10682,JP,JP,NONFE,TRAN1,0.01
3861,JP,JP,ELE11,PETRO,0.01
3201,JP,JP,CRUDE,DIST1,0.01
16720,JP,JP,TRAN2,AVIAT,0.01
5473,JP,JP,FINAN,BITUM,0.01
12162,JP,JP,PLANT,ELEC3,0.01
7762,JP,JP,INERT,NFERT,0.01
3978,JP,JP,ELE12,MEAT4,0.01
9247,JP,JP,MEAT1,PRINT,0.01
18117,JP,JP,WOOLS,COKEO,0.01
11961,JP,JP,PFERT,FISHF,0.01
16213,JP,JP,TEXT1,PARAF,0.01
13216,JP,JP,PROCE,PULP5,0.01
13184,JP,JP,PROCE,GASWO,0.01
13970,JP,JP,REALE,INERT,0.01
9418,JP,JP,MEATA,OILHA,0.01
15949,JP,JP,SUGAR,PIGS9,0.01
11304,JP,JP,PADDY,BUSIN,0.01
13643,JP,JP,RADIO,WOOD2,0.01
975,JP,JP,BIOG1,DISTR,0.01
3070,JP,JP,CROPS,CEREA,0.01
4995,JP,JP,ELEC7,VEGET,0.01
1205,JP,JP,BLAST,93197,0.01
7184,JP,JP,GLASS,NONSP,0.01
1172,JP,JP,BITUM,NONF1,0.01
16741,JP,JP,TRAN2,ELEC3,0.01
6118,JP,JP,FOOD4,COKEO,0.01
8099,JP,JP,INTER,FOOD3,0.01
166,JP,JP,AIRTR,CHARC,0.01
11290,JP,JP,OXYGE,VEGET,0.01
8420,JP,JP,KEROS,TRAN2,0.01
8758,JP,JP,LEATH,NAPHT,0.01
16402,JP,JP,TEXTI,ELEC5,0.01
2440,JP,JP,COKEO,MEMBE,0.01
13205,JP,JP,PROCE,PAPE4,0.01
12417,JP,JP,PLAS2,MEAT1,0.01
2943,JP,JP,COPP1,AUXIL,0.01
14536,JP,JP,RESEA,PADDY,0.01
1180,JP,JP,BITUM,PLAS1,0.01
1899,JP,JP,CEREA,FABRI,0.01
12134,JP,JP,PIGS9,SUGA1,0.01
9019,JP,JP,LUBRI,PULP5,0.01
10872,JP,JP,NONSP,NATUR,0.01
10550,JP,JP,NONF1,INSUR,0.01
12307,JP,JP,PLAS1,PARAF,0.01
15745,JP,JP,STONE,MEATC,0.01
6052,JP,JP,FOOD3,NFERT,0.01
9458,JP,JP,MEATC,ELEC6,0.01
11555,JP,JP,PAPE4,ANIMA,0.01
1769,JP,JP,CERAM,BIODI,0.01
13183,JP,JP,PROCE,GASDI,0.01
16270,JP,JP,TEXT2,BRICK,0.01
9379,JP,JP,MEAT4,WOODW,0.01
13154,JP,JP,PROCE,CHARC,0.01
14241,JP,JP,REFI1,TEXT1,0.01
6974,JP,JP,GASDI,ELEC5,0.01
12880,JP,JP,PREC1,ELE12,0.01
13878,JP,JP,RAWMI,PREC1,0.01
15644,JP,JP,STEAM,NUCLE,0.01
5689,JP,JP,FISH5,OILSE,0.01
2355,JP,JP,COKE1,PIGS9,0.01
13708,JP,JP,RAILW,IRONO,0.01
11348,JP,JP,PADDY,LIQUE,0.01
11679,JP,JP,PAPER,BITUM,0.01
7624,JP,JP,HOTEL,NATU1,0.01
2271,JP,JP,COALT,SECO9,0.01
2424,JP,JP,COKEO,FISH5,0.01
2940,JP,JP,COPP1,AIRTR,0.01
6164,JP,JP,FOOD4,MEATA,0.01
13898,JP,JP,RAWMI,TEXT2,0.01
8181,JP,JP,INTER,TRAN2,0.01
10464,JP,JP,NFERT,PAPE1,0.01
15851,JP,JP,SUGA1,NAPHT,0.01
16815,JP,JP,TRANS,COLLE,0.01
16584,JP,JP,TRAN1,CHARC,0.01
9288,JP,JP,MEAT4,COKE1,0.01
2167,JP,JP,CHEMI,KEROS,0.01
6263,JP,JP,FOOD5,ELE11,0.01
3490,JP,JP,DIST1,WHITE,0.01
17211,JP,JP,WASTE,ELEC5,0.01
15518,JP,JP,SECO9,NUCLE,0.01
480,JP,JP,ANIMA,LANDT,0.01
13736,JP,JP,RAILW,OILSE,0.01
8385,JP,JP,KEROS,FURNI,0.01
15937,JP,JP,SUGAR,MEAT1,0.01
9567,JP,JP,MEATP,PAPER,0.01
986,JP,JP,BIOG1,FOOD3,0.01
13594,JP,JP,RADIO,PETRO,0.01
7896,JP,JP,INLAN,STEAM,0.01
15686,JP,JP,STEAM,TRAN2,0.01
11326,JP,JP,PADDY,ELEC5,0.01
5692,JP,JP,FISH5,PAPE4,0.01
15923,JP,JP,SUGAR,FOODW,0.01
2565,JP,JP,COLLE,NUCLE,0.01
15881,JP,JP,SUGA1,SECO9,0.01
5006,JP,JP,ELEC8,BIOG1,0.01
18069,JP,JP,WOODW,PRECI,0.01
2453,JP,JP,COKEO,POULT,0.01
2326,JP,JP,COKE1,INERT,0.01
12425,JP,JP,PLAS2,NFERT,0.01
7855,JP,JP,INLAN,LUBRI,0.01
17911,JP,JP,WOOD2,LEATH,0.01
16214,JP,JP,TEXT1,PETRO,0.01
10093,JP,JP,MOTOR,INERT,0.01
10074,JP,JP,MOTOR,ELEC4,0.01
17775,JP,JP,WOOD1,INERT,0.01
13414,JP,JP,PULP5,ELEC7,0.01
8916,JP,JP,LIQUE,RAILW,0.01
3944,JP,JP,ELE12,ELEC5,0.01
8929,JP,JP,LIQUE,SEACO,0.01
4196,JP,JP,ELEC1,URANI,0.01
5885,JP,JP,FOOD2,COKE1,0.01
13870,JP,JP,RAWMI,PETRO,0.01
1319,JP,JP,BRICK,93197,0.01
13817,JP,JP,RAWMI,EDUCA,0.01
5987,JP,JP,FOOD3,ANIMA,0.01
13492,JP,JP,PULP5,TRANS,0.01
9364,JP,JP,MEAT4,STEAM,0.01
16555,JP,JP,TOBAC,PRECI,0.01
4945,JP,JP,ELEC7,CEMEN,0.01
5927,JP,JP,FOOD2,LUBRI,0.01
14573,JP,JP,RESEA,SUGAR,0.01
12181,JP,JP,PLANT,LEAD1,0.01
3965,JP,JP,ELE12,INERT,0.01
9790,JP,JP,MEMBE,FOOD3,0.01
8828,JP,JP,LIQUE,CEREA,0.01
10843,JP,JP,NONSP,ELE12,0.01
17293,JP,JP,WASTE,SUGAR,0.01
3751,JP,JP,EDUCA,REFI1,0.01
1134,JP,JP,BITU1,WASTE,0.01
11041,JP,JP,OILHA,INERT,0.01
12945,JP,JP,PREC1,SUPPO,0.01
12199,JP,JP,PLANT,POSTT,0.01
10972,JP,JP,OFFIC,STEAM,0.01
805,JP,JP,BASIC,REFIN,0.01
15901,JP,JP,SUGAR,CATTL,0.01
9481,JP,JP,MEATC,OILSE,0.01
16922,JP,JP,URANI,OILHA,0.01
12308,JP,JP,PLAS1,PETRO,0.01
1262,JP,JP,BLAST,MEAT1,0.01
2150,JP,JP,CHEMI,ELEC6,0.01
17915,JP,JP,WOOD2,MEATP,0.01
9258,JP,JP,MEAT1,SANDC,0.01
17548,JP,JP,WHITE,LIQUE,0.01
15956,JP,JP,SUGAR,RAWMI,0.01
12159,JP,JP,PLANT,ELE12,0.01
1000,JP,JP,BIOG1,LUBRI,0.01
985,JP,JP,BIOG1,FOOD2,0.01
243,JP,JP,AIRTR,PADDY,0.01
7533,JP,JP,HEAVY,WHEAT,0.01
11926,JP,JP,PFERT,BIOG1,0.01
16745,JP,JP,TRAN2,FOOD3,0.01
16766,JP,JP,TRAN2,NONF1,0.01
2927,JP,JP,CONST,URANI,0.01
9380,JP,JP,MEATA,BASIC,0.01
897,JP,JP,BEVER,NAPHT,0.01
7568,JP,JP,HOTEL,CRUDE,0.01
13457,JP,JP,PULP5,OXYGE,0.01
15265,JP,JP,SANDC,POULT,0.01
3724,JP,JP,EDUCA,NATUR,0.01
8107,JP,JP,INTER,GASWO,0.01
16277,JP,JP,TEXT2,COALT,0.01
679,JP,JP,AUXIL,WOOLS,0.01
858,JP,JP,BEVER,ELE11,0.01
979,JP,JP,BIOG1,ELEC4,0.01
11412,JP,JP,PAPE1,BIOG1,0.01
15056,JP,JP,SALEM,CHARC,0.01
6383,JP,JP,FOODW,BIOG1,0.01
8761,JP,JP,LEATH,NONFE,0.01
8069,JP,JP,INTER,CEREA,0.01
3431,JP,JP,DIST1,NATU1,0.01
15577,JP,JP,STEAM,CEREA,0.01
17114,JP,JP,VEGET,LEAD1,0.01
14200,JP,JP,RECRE,WHITE,0.01
11906,JP,JP,PETRO,PREC1,0.01
11357,JP,JP,PADDY,MEMBE,0.01
1895,JP,JP,CEREA,DISTR,0.01
5962,JP,JP,FOOD2,REFI1,0.01
17454,JP,JP,WEARI,WHITE,0.01
17163,JP,JP,VEGET,SUGA1,0.01
2627,JP,JP,COLLE,WOOLS,0.01
6229,JP,JP,FOOD4,WOOD2,0.01
13533,JP,JP,RADIO,ELE11,0.01
13486,JP,JP,PULP5,SUGAR,0.01
5529,JP,JP,FINAN,IRONO,0.01
4963,JP,JP,ELEC7,HEAVY,0.01
9203,JP,JP,MEAT1,BUSIN,0.01
15244,JP,JP,SANDC,MEATA,0.01
11859,JP,JP,PETRO,COLLE,0.01
18120,JP,JP,WOOLS,ELE12,0.01
17553,JP,JP,WHITE,NAPHT,0.01
7227,JP,JP,GLASS,TRAN2,0.01
9237,JP,JP,MEAT1,MEDIC,0.01
5015,JP,JP,ELEC8,CHARC,0.01
12560,JP,JP,PLAST,PLAS2,0.01
4727,JP,JP,ELEC5,NATU1,0.01
6559,JP,JP,FORES,ELEC7,0.01
17778,JP,JP,WOOD1,IRONO,0.01
11656,JP,JP,PAPE4,STEAM,0.01
7698,JP,JP,INERT,ANIMA,0.01
11170,JP,JP,OILSE,PAPER,0.01
9285,JP,JP,MEAT4,CEREA,0.01
5929,JP,JP,FOOD2,MEAT1,0.01
1704,JP,JP,CEMEN,MEATC,0.01
10669,JP,JP,NONFE,PREC1,0.01
11295,JP,JP,OXYGE,WOOD2,0.01
2209,JP,JP,CHEMI,SECO9,0.01
17196,JP,JP,WASTE,COKEO,0.01
282,JP,JP,AIRTR,SUGAR,0.01
1264,JP,JP,BLAST,MEATA,0.01
16943,JP,JP,VEGE1,CHARC,0.01
8980,JP,JP,LUBRI,GLASS,0.01
12069,JP,JP,PIGS9,ELEC5,0.01
5991,JP,JP,FOOD3,BITU1,0.01
7967,JP,JP,INSUR,INERT,0.01
17134,JP,JP,VEGET,OXYGE,0.01
15697,JP,JP,STONE,AIRTR,0.01
16829,JP,JP,TRANS,ELEC6,0.01
8892,JP,JP,LIQUE,NONFE,0.01
7897,JP,JP,INLAN,STONE,0.01
15567,JP,JP,STEAM,BIODI,0.01
11172,JP,JP,OILSE,PETRO,0.01
15791,JP,JP,STONE,WOOD2,0.01
17336,JP,JP,WEARI,CRUDE,0.01
2264,JP,JP,COALT,PLAST,0.01
17074,JP,JP,VEGET,CHARC,0.01
17470,JP,JP,WHEAT,DISTR,0.01
17296,JP,JP,WASTE,TEXT2,0.01
17391,JP,JP,WEARI,NATU1,0.01
4664,JP,JP,ELEC5,BLAST,0.01
1244,JP,JP,BLAST,FORES,0.01
969,JP,JP,BIOG1,COMPU,0.01
5087,JP,JP,ELEC8,NUCLE,0.01
9513,JP,JP,MEATC,WEARI,0.01
12088,JP,JP,PIGS9,LANDT,0.01
8416,JP,JP,KEROS,STEAM,0.01
9594,JP,JP,MEATP,TEXTI,0.01
2265,JP,JP,COALT,PREC1,0.01
11044,JP,JP,OILHA,IRONO,0.01
13869,JP,JP,RAWMI,PARAF,0.01
8367,JP,JP,KEROS,BLAST,0.01
6108,JP,JP,FOOD4,BLAST,0.01
7188,JP,JP,GLASS,OILSE,0.01
4061,JP,JP,ELEC1,AVIAT,0.01
11826,JP,JP,PARAF,COALT,0.01
6215,JP,JP,FOOD4,SUGAR,0.01
13199,JP,JP,PROCE,NONF1,0.01
17051,JP,JP,VEGE1,WASTE,0.01
1347,JP,JP,BRICK,FORES,0.01
15428,JP,JP,SEACO,SUGAR,0.01
15908,JP,JP,SUGAR,CONST,0.01
17427,JP,JP,WEARI,REFIN,0.01
5869,JP,JP,FISHF,WOOD2,0.01
5937,JP,JP,FOOD2,NFERT,0.01
3816,JP,JP,ELE11,FOOD4,0.01
745,JP,JP,BASIC,GASWO,0.01
6315,JP,JP,FOOD5,NUCLE,0.01
4680,JP,JP,ELEC5,CRUDE,0.01
10403,JP,JP,NFERT,BITU1,0.01
16501,JP,JP,TEXTI,WHITE,0.01
1342,JP,JP,BRICK,FISH5,0.01
8274,JP,JP,KERO1,INLAN,0.01
8957,JP,JP,LUBRI,CEREA,0.01
17937,JP,JP,WOOD2,PROCE,0.01
16565,JP,JP,TOBAC,TRAN1,0.01
2335,JP,JP,COKE1,MEAT1,0.01
9483,JP,JP,MEATC,PFERT,0.01
12755,JP,JP,POULT,AUXIL,0.01
12105,JP,JP,PIGS9,OXYGE,0.01
13450,JP,JP,PULP5,NATUR,0.01
11227,JP,JP,OXYGE,FOOD3,0.01
8640,JP,JP,LEAD1,MOTOR,0.01
12211,JP,JP,PLANT,TRANS,0.01
16180,JP,JP,TEXT1,INERT,0.01
593,JP,JP,AUXIL,IRONO,0.01
10646,JP,JP,NONFE,ELEC3,0.01
12808,JP,JP,POULT,MEATA,0.01
15304,JP,JP,SEACO,AVIAT,0.01
10059,JP,JP,MOTOR,COALT,0.01
12902,JP,JP,PREC1,INSUR,0.01
16546,JP,JP,TOBAC,NONME,0.01
14272,JP,JP,REFIN,MACHI,0.01
5636,JP,JP,FISH5,COKEO,0.01
18135,JP,JP,WOOLS,MACHI,0.01
1086,JP,JP,BITU1,GASWO,0.01
8592,JP,JP,LEAD1,CEREA,0.01
8187,JP,JP,INTER,WHEAT,0.01
157,JP,JP,AIRTR,BIOG1,0.01
11636,JP,JP,PAPE4,PRECI,0.01
15957,JP,JP,SUGAR,RECRE,0.01
994,JP,JP,BIOG1,HEAVY,0.01
9013,JP,JP,LUBRI,PLAS2,0.01
10161,JP,JP,MOTOR,SUGA1,0.01
12904,JP,JP,PREC1,KEROS,0.01
17398,JP,JP,WEARI,NUCLE,0.01
11898,JP,JP,PETRO,NATUR,0.01
9395,JP,JP,MEATA,FISH5,0.01
5734,JP,JP,FISH5,WASTE,0.01
5450,JP,JP,FABRI,URANI,0.01
1906,JP,JP,CEREA,FORES,0.01
11286,JP,JP,OXYGE,TRAN1,0.01
9393,JP,JP,MEATA,ELEC2,0.01
7103,JP,JP,GASWO,NONME,0.01
7887,JP,JP,INLAN,REFIN,0.01
8011,JP,JP,INSUR,POULT,0.01
5820,JP,JP,FISHF,OXYGE,0.01
18024,JP,JP,WOODW,INLAN,0.01
15948,JP,JP,SUGAR,PFERT,0.01
12274,JP,JP,PLAS1,INERT,0.01
6438,JP,JP,FOODW,KEROS,0.01
16316,JP,JP,TEXT2,LEATH,0.01
11177,JP,JP,OILSE,PROCE,0.01
8801,JP,JP,LEATH,TEXT2,0.01
16765,JP,JP,TRAN2,NATUR,0.01
10912,JP,JP,OFFIC,COKE1,0.01
374,JP,JP,ALUM1,MEMBE,0.01
2138,JP,JP,CHEMI,COMPU,0.01
3296,JP,JP,DAIRY,OILSE,0.01
11171,JP,JP,OILSE,PARAF,0.01
9392,JP,JP,MEATA,EDUCA,0.01
10030,JP,JP,MOTO1,URANI,0.01
13148,JP,JP,PROCE,BIODI,0.01
524,JP,JP,ANIMA,VEGET,0.01
3280,JP,JP,DAIRY,LUBRI,0.01
3203,JP,JP,CRUDE,GLASS,0.01
681,JP,JP,AVIAT,CONST,0.01
11936,JP,JP,PFERT,CHEMI,0.01
358,JP,JP,ALUM1,INSUR,0.01
4525,JP,JP,ELEC4,CHARC,0.01
13625,JP,JP,RADIO,STONE,0.01
2277,JP,JP,COKE1,93197,0.01
13380,JP,JP,PULP5,93197,0.01
13478,JP,JP,PULP5,RETA1,0.01
13561,JP,JP,RADIO,INERT,0.01
9841,JP,JP,MEMBE,PLAS2,0.01
10618,JP,JP,NONF1,TRAN2,0.01
5294,JP,JP,ELECT,URANI,0.01
9330,JP,JP,MEAT4,MEATP,0.01
17260,JP,JP,WASTE,PAPE4,0.01
2307,JP,JP,COKE1,ELEC8,0.01
5858,JP,JP,FISHF,TEXT2,0.01
3839,JP,JP,ELE11,MEATA,0.01
4370,JP,JP,ELEC3,BIODI,0.01
7820,JP,JP,INLAN,CHEMI,0.01
16889,JP,JP,TRANS,RAWMI,0.01
17960,JP,JP,WOOD2,VEGE1,0.01
16320,JP,JP,TEXT2,MEATP,0.01
1031,JP,JP,BIOG1,RETAI,0.01
16913,JP,JP,TRANS,WASTE,0.01
6078,JP,JP,FOOD3,REFIN,0.01
18153,JP,JP,WOOLS,SEACO,0.01
3272,JP,JP,DAIRY,HEAVY,0.01
2370,JP,JP,COKE1,RENTI,0.01
8617,JP,JP,LEAD1,FOOD3,0.01
9281,JP,JP,MEAT4,BUSIN,0.01
2456,JP,JP,COKEO,PULP5,0.01
1791,JP,JP,CERAM,ELE12,0.01
3762,JP,JP,EDUCA,STEAM,0.01
13440,JP,JP,PULP5,LUBRI,0.01
17948,JP,JP,WOOD2,RETAI,0.01
5625,JP,JP,FISH5,BIODI,0.01
12361,JP,JP,PLAS2,ANIMA,0.01
882,JP,JP,BEVER,INLAN,0.01
13674,JP,JP,RAILW,CRUDE,0.01
8935,JP,JP,LIQUE,TEXT2,0.01
1867,JP,JP,CERAM,SUGA1,0.01
10973,JP,JP,OFFIC,SUGA1,0.01
3038,JP,JP,COPP1,SUGAR,0.01
12494,JP,JP,PLAST,COMPU,0.01
12869,JP,JP,PREC1,CHARC,0.01
16183,JP,JP,TEXT1,IRONO,0.01
17091,JP,JP,VEGET,ELEC6,0.01
14208,JP,JP,REFI1,BRICK,0.01
18144,JP,JP,WOOLS,PARAF,0.01
11187,JP,JP,OILSE,SANDC,0.01
9823,JP,JP,MEMBE,NATUR,0.01
8050,JP,JP,INSUR,WHITE,0.01
7304,JP,JP,HEALT,IRONO,0.01
696,JP,JP,BASIC,BIOGA,0.01
4516,JP,JP,ELEC4,BIOG1,0.01
8956,JP,JP,LUBRI,CEMEN,0.01
6344,JP,JP,FOOD5,REFIN,0.01
6731,JP,JP,FOUND,NFERT,0.01
10734,JP,JP,NONME,FOOD3,0.01
14224,JP,JP,REFI1,INTER,0.01
11893,JP,JP,PETRO,MEATP,0.01
9527,JP,JP,MEATP,COKE1,0.01
6875,JP,JP,FURNI,NUCLE,0.01
16870,JP,JP,TRANS,NONFE,0.01
9529,JP,JP,MEATP,COMPU,0.01
16742,JP,JP,TRAN2,ELEC6,0.01
1263,JP,JP,BLAST,MEAT4,0.01
898,JP,JP,BEVER,NATUR,0.01
11559,JP,JP,PAPE4,BITU1,0.01
823,JP,JP,BASIC,URANI,0.01
12169,JP,JP,PLANT,FOOD4,0.01
12929,JP,JP,PREC1,POULT,0.01
13300,JP,JP,PUBLI,INLAN,0.01
17242,JP,JP,WASTE,MEATA,0.01
1131,JP,JP,BITU1,TRAN1,0.01
10685,JP,JP,NONFE,WEARI,0.01
11263,JP,JP,OXYGE,PLAS1,0.01
12951,JP,JP,PREC1,TRANS,0.01
1725,JP,JP,CEMEN,PIGS9,0.01
8624,JP,JP,LEAD1,GASDI,0.01
4249,JP,JP,ELEC2,ELEC8,0.01
1189,JP,JP,BITUM,RECRE,0.01
17041,JP,JP,VEGE1,SUGAR,0.01
16655,JP,JP,TRAN1,NUCLE,0.01
4670,JP,JP,ELEC5,CEREA,0.01
12277,JP,JP,PLAS1,IRONO,0.01
7797,JP,JP,INERT,STEAM,0.01
1743,JP,JP,CEMEN,RETA1,0.01
781,JP,JP,BASIC,OXYGE,0.01
5683,JP,JP,FISH5,MOTOR,0.01
4798,JP,JP,ELEC6,BIOG1,0.01
6654,JP,JP,FORES,TRAN2,0.01
4097,JP,JP,ELEC1,ELEC8,0.01
8961,JP,JP,LUBRI,COLLE,0.01
1003,JP,JP,BIOG1,MEATP,0.01
1369,JP,JP,BRICK,PIGS9,0.01
10493,JP,JP,NONF1,93197,0.01
