trade_id,region1,region2,industry1,industry2,amount,total_employment_value,employment_count,unique_employment_factors,economic/employment,employment_intensity
888,US,US,BASIC,PUBLI,2837299.74,22257.0,1.0,1.0,22257.0,0.007844
16564,US,US,WHOLE,CHEM1,672698.38,5836.0,1.0,1.0,5836.0,0.008676
1680,US,US,BUSIN,BASIC,662114.64,5026.0,1.0,1.0,5026.0,0.007591
1689,US,US,BUSIN,BUSIN,632934.09,4804.0,1.0,1.0,4804.0,0.00759
16612,US,US,WHOLE,MOTO1,453545.78,3935.0,1.0,1.0,3935.0,0.008676
2273,US,US,CHEM1,PLAST,343036.69,3243.0,1.0,1.0,3243.0,0.009454
2921,US,US,CONST,REALE,194591.88,2594.0,1.0,1.0,2594.0,0.01333
7884,US,US,INSUR,INSUR,432321.9,2508.0,1.0,1.0,2508.0,0.005801
12580,US,US,POSTT,REALE,301537.0,2419.0,1.0,1.0,2419.0,0.008022
1738,US,US,BUSIN,HEALT,302711.91,2298.0,1.0,1.0,2298.0,0.007591
1837,US,US,BUSIN,WHOLE,301379.79,2288.0,1.0,1.0,2288.0,0.007592
1810,US,US,BUSIN,RETA1,300466.38,2281.0,1.0,1.0,2281.0,0.007592
16605,US,US,WHOLE,MACHI,262606.9,2278.0,1.0,1.0,2278.0,0.008675
12440,US,US,PLAST,RUBBE,214597.4,2144.0,1.0,1.0,2144.0,0.009991
16586,US,US,WHOLE,FURNI,234977.18,2039.0,1.0,1.0,2039.0,0.008677
1705,US,US,BUSIN,CRUDE,255926.92,1943.0,1.0,1.0,1943.0,0.007592
16611,US,US,WHOLE,MEDIC,199972.55,1735.0,1.0,1.0,1735.0,0.008676
5643,US,US,FINAN,BUSIN,211885.02,1721.0,1.0,1.0,1721.0,0.008122
16644,US,US,WHOLE,RADIO,195542.69,1696.0,1.0,1.0,1696.0,0.008673
5677,US,US,FINAN,FINAN,188647.87,1532.0,1.0,1.0,1532.0,0.008121
2176,US,US,CHEM1,CHEM1,138992.3,1314.0,1.0,1.0,1314.0,0.009454
14318,US,US,SALEM,POSTT,135432.89,1295.0,1.0,1.0,1295.0,0.009562
6323,US,US,FOOD5,FOOD5,61838.38,1172.0,1.0,1.0,1172.0,0.018953
5691,US,US,FINAN,HEALT,140686.35,1143.0,1.0,1.0,1143.0,0.008124
13361,US,US,REALE,EDUCA,279199.59,1131.0,1.0,1.0,1131.0,0.004051
1740,US,US,BUSIN,HOTEL,143183.75,1087.0,1.0,1.0,1087.0,0.007592
16574,US,US,WHOLE,ELECT,116052.57,1007.0,1.0,1.0,1007.0,0.008677
1804,US,US,BUSIN,REALE,130417.37,990.0,1.0,1.0,990.0,0.007591
6305,US,US,FOOD5,BEVER,50154.45,950.0,1.0,1.0,950.0,0.018941
9688,US,US,MEMBE,REALE,21606.19,943.0,1.0,1.0,943.0,0.043645
3265,US,US,CRUDE,NATUR,80717.74,879.0,1.0,1.0,879.0,0.01089
1701,US,US,BUSIN,CONST,114544.37,869.0,1.0,1.0,869.0,0.007587
1724,US,US,BUSIN,FINAN,113453.12,861.0,1.0,1.0,861.0,0.007589
1700,US,US,BUSIN,COMPU,111638.84,847.0,1.0,1.0,847.0,0.007587
16622,US,US,WHOLE,OFFIC,96708.25,839.0,1.0,1.0,839.0,0.008676
13457,US,US,REALE,RETA1,203455.66,824.0,1.0,1.0,824.0,0.00405
5632,US,US,FINAN,AUXIL,97600.19,793.0,1.0,1.0,793.0,0.008125
3218,US,US,CRUDE,CRUDE,71870.29,782.0,1.0,1.0,782.0,0.010881
6633,US,US,FORES,WOODW,23207.21,779.0,1.0,1.0,779.0,0.033567
1709,US,US,BUSIN,EDUCA,100867.26,766.0,1.0,1.0,766.0,0.007594
1723,US,US,BUSIN,FABRI,98966.54,751.0,1.0,1.0,751.0,0.007588
13901,US,US,RESEA,EDUCA,97230.35,734.0,1.0,1.0,734.0,0.007549
13894,US,US,RESEA,CONST,92256.17,697.0,1.0,1.0,697.0,0.007555
15279,US,US,SUPPO,RETA1,76614.33,688.0,1.0,1.0,688.0,0.00898
13451,US,US,REALE,REALE,169007.15,684.0,1.0,1.0,684.0,0.004047
7403,US,US,HOTEL,HEALT,33356.49,642.0,1.0,1.0,642.0,0.019247
12570,US,US,POSTT,POSTT,77935.02,625.0,1.0,1.0,625.0,0.00802
13389,US,US,REALE,HEALT,154035.56,624.0,1.0,1.0,624.0,0.004051
11778,US,US,PAPER,PAPER,40958.02,622.0,1.0,1.0,622.0,0.015186
7878,US,US,INSUR,HEALT,105101.67,610.0,1.0,1.0,610.0,0.005804
6331,US,US,FOOD5,HOTEL,31414.0,595.0,1.0,1.0,595.0,0.018941
1885,US,US,CEMEN,CONST,52918.22,595.0,1.0,1.0,595.0,0.011244
7355,US,US,HOTEL,BUSIN,30076.89,579.0,1.0,1.0,579.0,0.019251
11953,US,US,PFERT,PFERT,39316.68,563.0,1.0,1.0,563.0,0.01432
12868,US,US,PRINT,PRINT,41997.04,552.0,1.0,1.0,552.0,0.013144
776,US,US,BASIC,BASIC,68309.64,536.0,1.0,1.0,536.0,0.007847
7155,US,US,HEALT,HEALT,30083.82,520.0,1.0,1.0,520.0,0.017285
2171,US,US,CHEM1,BUSIN,54852.65,519.0,1.0,1.0,519.0,0.009462
1796,US,US,BUSIN,PRINT,67655.91,514.0,1.0,1.0,514.0,0.007597
1852,US,US,CATTL,MEATC,49094.35,513.0,1.0,1.0,513.0,0.010449
9017,US,US,MACHI,CONST,55759.5,507.0,1.0,1.0,507.0,0.009093
15147,US,US,SUPPO,AIRTR,56096.24,504.0,1.0,1.0,504.0,0.008985
10268,US,US,NATUR,ELEC2,42807.44,504.0,1.0,1.0,504.0,0.011774
13720,US,US,RENTI,BUSIN,60613.83,487.0,1.0,1.0,487.0,0.008034
2220,US,US,CHEM1,HEALT,51217.84,484.0,1.0,1.0,484.0,0.00945
1744,US,US,BUSIN,INSUR,63442.24,482.0,1.0,1.0,482.0,0.007597
2645,US,US,COMPU,BUSIN,70132.76,470.0,1.0,1.0,470.0,0.006702
9582,US,US,MEMBE,BUSIN,10720.56,468.0,1.0,1.0,468.0,0.043654
13311,US,US,RAWMI,DAIRY,38926.68,465.0,1.0,1.0,465.0,0.011946
1792,US,US,BUSIN,POSTT,59966.93,455.0,1.0,1.0,455.0,0.007588
13342,US,US,REALE,BUSIN,109024.1,442.0,1.0,1.0,442.0,0.004054
1809,US,US,BUSIN,RESEA,56008.4,425.0,1.0,1.0,425.0,0.007588
16675,US,US,WHOLE,WHOLE,48492.77,421.0,1.0,1.0,421.0,0.008682
9474,US,US,MEDIC,HEALT,46433.12,421.0,1.0,1.0,421.0,0.009067
6609,US,US,FORES,PAPER,12507.82,420.0,1.0,1.0,420.0,0.033579
14066,US,US,RUBBE,CONST,34102.4,416.0,1.0,1.0,416.0,0.012199
5510,US,US,FABRI,FABRI,38579.87,411.0,1.0,1.0,411.0,0.010653
7374,US,US,HOTEL,EDUCA,21286.64,410.0,1.0,1.0,410.0,0.019261
5328,US,US,ELECT,CONST,44992.65,410.0,1.0,1.0,410.0,0.009113
1811,US,US,BUSIN,RETAI,53565.27,407.0,1.0,1.0,407.0,0.007598
591,US,US,AUXIL,BUSIN,67073.54,400.0,1.0,1.0,400.0,0.005964
12468,US,US,POSTT,BUSIN,49471.14,397.0,1.0,1.0,397.0,0.008025
9745,US,US,MOTO1,CHEM1,43644.6,395.0,1.0,1.0,395.0,0.00905
12573,US,US,POSTT,PRINT,49275.28,395.0,1.0,1.0,395.0,0.008016
17133,US,US,WOODW,WOODW,19835.72,388.0,1.0,1.0,388.0,0.019561
12768,US,US,PRINT,BUSIN,29454.58,387.0,1.0,1.0,387.0,0.013139
1749,US,US,BUSIN,LANDT,50481.4,383.0,1.0,1.0,383.0,0.007587
580,US,US,AUXIL,AUXIL,61698.95,368.0,1.0,1.0,368.0,0.005964
1672,US,US,BUSIN,93197,48307.7,367.0,1.0,1.0,367.0,0.007597
5697,US,US,FINAN,INSUR,45047.72,366.0,1.0,1.0,366.0,0.008125
16036,US,US,VEGE1,FOOD5,19167.34,365.0,1.0,1.0,365.0,0.019043
12613,US,US,POSTT,WHOLE,45534.22,365.0,1.0,1.0,365.0,0.008016
9005,US,US,MACHI,BUSIN,40076.02,364.0,1.0,1.0,364.0,0.009083
6644,US,US,FOUND,COMPU,29259.83,363.0,1.0,1.0,363.0,0.012406
11912,US,US,PFERT,GASDI,25034.96,358.0,1.0,1.0,358.0,0.0143
7344,US,US,HOTEL,AUXIL,18532.48,357.0,1.0,1.0,357.0,0.019263
13873,US,US,RESEA,AUXIL,47124.39,356.0,1.0,1.0,356.0,0.007554
1730,US,US,BUSIN,FOOD5,46608.1,354.0,1.0,1.0,354.0,0.007595
12586,US,US,POSTT,RETA1,43222.6,347.0,1.0,1.0,347.0,0.008028
14331,US,US,SALEM,RENTI,35724.0,342.0,1.0,1.0,342.0,0.009573
15284,US,US,SUPPO,SEACO,37955.51,341.0,1.0,1.0,341.0,0.008984
5838,US,US,FISHF,RETA1,16026.18,340.0,1.0,1.0,340.0,0.021215
3264,US,US,CRUDE,NATU1,31064.75,338.0,1.0,1.0,338.0,0.01088
281,US,US,ALUM1,ALUM1,30466.54,330.0,1.0,1.0,330.0,0.010832
15221,US,US,SUPPO,LANDT,36408.08,327.0,1.0,1.0,327.0,0.008982
9962,US,US,MOTOR,LANDT,28580.89,323.0,1.0,1.0,323.0,0.011301
3343,US,US,DAIRY,DAIRY,23792.89,321.0,1.0,1.0,321.0,0.013491
16010,US,US,TRANS,TRANS,28090.43,321.0,1.0,1.0,321.0,0.011427
1288,US,US,BIOGA,LANDT,30816.53,317.0,1.0,1.0,317.0,0.010287
12625,US,US,POULT,MEAT1,26837.04,314.0,1.0,1.0,314.0,0.0117
12516,US,US,POSTT,HEALT,39068.27,313.0,1.0,1.0,313.0,0.008012
1694,US,US,BUSIN,CHEM1,40899.23,310.0,1.0,1.0,310.0,0.00758
12527,US,US,POSTT,LANDT,38657.62,310.0,1.0,1.0,310.0,0.008019
15305,US,US,SUPPO,WHOLE,34413.69,309.0,1.0,1.0,309.0,0.008979
3234,US,US,CRUDE,GASDI,28292.79,308.0,1.0,1.0,308.0,0.010886
2686,US,US,COMPU,FOOD5,45839.42,307.0,1.0,1.0,307.0,0.006697
2293,US,US,CHEM1,RUBBE,31952.1,302.0,1.0,1.0,302.0,0.009452
14054,US,US,RUBBE,BUSIN,24692.17,301.0,1.0,1.0,301.0,0.01219
14102,US,US,RUBBE,HEALT,24483.02,299.0,1.0,1.0,299.0,0.012213
945,US,US,BEVER,HOTEL,18677.23,296.0,1.0,1.0,296.0,0.015848
13353,US,US,REALE,COMPU,72980.72,296.0,1.0,1.0,296.0,0.004056
15760,US,US,TOBAC,TOBAC,7595.13,295.0,1.0,1.0,295.0,0.038841
13732,US,US,RENTI,CONST,36625.39,294.0,1.0,1.0,294.0,0.008027
3210,US,US,CRUDE,CHEMI,26882.69,293.0,1.0,1.0,293.0,0.010899
7389,US,US,HOTEL,FINAN,14998.98,289.0,1.0,1.0,289.0,0.019268
1830,US,US,BUSIN,TRANS,37651.39,286.0,1.0,1.0,286.0,0.007596
2393,US,US,CHEMI,PFERT,23373.25,275.0,1.0,1.0,275.0,0.011766
9906,US,US,MOTOR,CEMEN,24059.43,272.0,1.0,1.0,272.0,0.011305
9815,US,US,MOTO1,MOTO1,29452.98,266.0,1.0,1.0,266.0,0.009031
15745,US,US,TEXTI,TEXTI,17258.13,265.0,1.0,1.0,265.0,0.015355
9025,US,US,MACHI,EDUCA,29207.0,265.0,1.0,1.0,265.0,0.009073
7366,US,US,HOTEL,COMPU,13692.51,263.0,1.0,1.0,263.0,0.019208
14857,US,US,STONE,CONST,22897.15,263.0,1.0,1.0,263.0,0.011486
9627,US,US,MEMBE,HEALT,5994.25,262.0,1.0,1.0,262.0,0.043709
2827,US,US,CONST,CRUDE,19122.28,255.0,1.0,1.0,255.0,0.013335
17023,US,US,WOODW,DAIRY,13029.34,255.0,1.0,1.0,255.0,0.019571
626,US,US,AUXIL,FINAN,42201.43,252.0,1.0,1.0,252.0,0.005971
12479,US,US,POSTT,COMPU,29682.59,238.0,1.0,1.0,238.0,0.008018
2665,US,US,COMPU,EDUCA,34435.4,231.0,1.0,1.0,231.0,0.006708
13484,US,US,REALE,WHOLE,56928.41,231.0,1.0,1.0,231.0,0.004058
8385,US,US,LANDT,LANDT,22213.6,231.0,1.0,1.0,231.0,0.010399
11727,US,US,PAPER,FOOD5,15175.62,230.0,1.0,1.0,230.0,0.015156
12502,US,US,POSTT,FINAN,28673.64,230.0,1.0,1.0,230.0,0.008021
2922,US,US,CONST,RECRE,17105.87,228.0,1.0,1.0,228.0,0.013329
592,US,US,AUXIL,CATTL,38009.3,227.0,1.0,1.0,227.0,0.005972
16555,US,US,WHOLE,BIOGA,26094.44,226.0,1.0,1.0,226.0,0.008661
13768,US,US,RENTI,HEALT,27807.69,223.0,1.0,1.0,223.0,0.008019
640,US,US,AUXIL,HEALT,37264.56,222.0,1.0,1.0,222.0,0.005957
12819,US,US,PRINT,INSUR,16935.82,222.0,1.0,1.0,222.0,0.013108
3262,US,US,CRUDE,MOTOR,20365.97,222.0,1.0,1.0,222.0,0.010901
17019,US,US,WOODW,CONST,11371.51,222.0,1.0,1.0,222.0,0.019522
5753,US,US,FINAN,REALE,26927.04,219.0,1.0,1.0,219.0,0.008133
12786,US,US,PRINT,EDUCA,16535.02,217.0,1.0,1.0,217.0,0.013124
12581,US,US,POSTT,RECRE,26926.05,216.0,1.0,1.0,216.0,0.008022
6329,US,US,FOOD5,HEALT,11390.59,216.0,1.0,1.0,216.0,0.018963
2307,US,US,CHEM1,TEXTI,22772.28,215.0,1.0,1.0,215.0,0.009441
3353,US,US,DAIRY,HOTEL,15927.85,215.0,1.0,1.0,215.0,0.013498
2265,US,US,CHEM1,PAPER,22552.26,213.0,1.0,1.0,213.0,0.009445
11934,US,US,PFERT,MOTOR,14831.55,212.0,1.0,1.0,212.0,0.014294
595,US,US,AUXIL,CEREA,34698.74,207.0,1.0,1.0,207.0,0.005966
6318,US,US,FOOD5,EDUCA,10936.94,207.0,1.0,1.0,207.0,0.018927
7865,US,US,INSUR,FINAN,34362.77,199.0,1.0,1.0,199.0,0.005791
13938,US,US,RESEA,LANDT,26221.57,198.0,1.0,1.0,198.0,0.007551
2166,US,US,CHEM1,BIOGA,20645.14,195.0,1.0,1.0,195.0,0.009445
12487,US,US,POSTT,EDUCA,24192.86,194.0,1.0,1.0,194.0,0.008019
2680,US,US,COMPU,FINAN,28796.35,193.0,1.0,1.0,193.0,0.006702
1823,US,US,BUSIN,SUPPO,25393.34,193.0,1.0,1.0,193.0,0.0076
8442,US,US,LANDT,RETA1,18424.96,192.0,1.0,1.0,192.0,0.010421
1678,US,US,BUSIN,AUXIL,25175.41,191.0,1.0,1.0,191.0,0.007587
14175,US,US,RUBBE,RUBBE,15375.67,188.0,1.0,1.0,188.0,0.012227
13207,US,US,RADIO,POSTT,20775.74,188.0,1.0,1.0,188.0,0.009049
16116,US,US,VEGET,FOOD5,21845.12,187.0,1.0,1.0,187.0,0.00856
7889,US,US,INSUR,LANDT,31709.74,184.0,1.0,1.0,184.0,0.005803
1912,US,US,CEMEN,FOOD5,16238.23,183.0,1.0,1.0,183.0,0.01127
2241,US,US,CHEM1,MEAT4,19165.84,181.0,1.0,1.0,181.0,0.009444
6736,US,US,FURNI,CONST,19795.62,181.0,1.0,1.0,181.0,0.009143
7934,US,US,INSUR,REALE,30872.13,179.0,1.0,1.0,179.0,0.005798
680,US,US,AUXIL,OILSE,29754.37,178.0,1.0,1.0,178.0,0.005982
7500,US,US,HOTEL,WHOLE,9144.46,176.0,1.0,1.0,176.0,0.019247
3729,US,US,EDUCA,EDUCA,12365.33,176.0,1.0,1.0,176.0,0.014233
12584,US,US,POSTT,RENTI,21923.71,176.0,1.0,1.0,176.0,0.008028
3494,US,US,DIST1,PFERT,6719.56,176.0,1.0,1.0,176.0,0.026192
12880,US,US,PRINT,RETA1,13243.63,174.0,1.0,1.0,174.0,0.013138
606,US,US,AUXIL,CROPS,28814.72,172.0,1.0,1.0,172.0,0.005969
15731,US,US,TEXTI,RETA1,11125.21,171.0,1.0,1.0,171.0,0.01537
705,US,US,AUXIL,REALE,28459.95,170.0,1.0,1.0,170.0,0.005973
15216,US,US,SUPPO,INSUR,18956.98,170.0,1.0,1.0,170.0,0.008968
13602,US,US,RECRE,POSTT,20386.42,168.0,1.0,1.0,168.0,0.008241
646,US,US,AUXIL,INSUR,27937.18,167.0,1.0,1.0,167.0,0.005978
1783,US,US,BUSIN,PAPER,21887.14,166.0,1.0,1.0,166.0,0.007584
1808,US,US,BUSIN,RENTI,21406.44,162.0,1.0,1.0,162.0,0.007568
1815,US,US,BUSIN,SEACO,21008.06,159.0,1.0,1.0,159.0,0.007569
13838,US,US,RENTI,RETA1,19799.75,159.0,1.0,1.0,159.0,0.00803
11687,US,US,PAPER,BUSIN,10451.01,159.0,1.0,1.0,159.0,0.015214
7833,US,US,INSUR,BUSIN,27140.75,157.0,1.0,1.0,157.0,0.005785
13391,US,US,REALE,HOTEL,38877.83,157.0,1.0,1.0,157.0,0.004038
9807,US,US,MOTO1,MACHI,17089.9,155.0,1.0,1.0,155.0,0.00907
15292,US,US,SUPPO,SUPPO,17225.66,155.0,1.0,1.0,155.0,0.008998
2183,US,US,CHEM1,CONST,16310.14,154.0,1.0,1.0,154.0,0.009442
3351,US,US,DAIRY,HEALT,11427.75,154.0,1.0,1.0,154.0,0.013476
12813,US,US,PRINT,HEALT,11635.81,153.0,1.0,1.0,153.0,0.013149
15933,US,US,TRANS,BUSIN,13277.43,152.0,1.0,1.0,152.0,0.011448
9600,US,US,MEMBE,EDUCA,3464.5,151.0,1.0,1.0,151.0,0.043585
13120,US,US,RADIO,COMPU,16571.37,150.0,1.0,1.0,150.0,0.009052
13109,US,US,RADIO,BUSIN,16417.47,148.0,1.0,1.0,148.0,0.009015
2975,US,US,COPP1,COPP1,11685.55,147.0,1.0,1.0,147.0,0.01258
12018,US,US,PIGS9,MEATP,15590.76,147.0,1.0,1.0,147.0,0.009429
2765,US,US,COMPU,RETA1,21772.2,146.0,1.0,1.0,146.0,0.006706
3424,US,US,DIST1,EDUCA,5579.11,146.0,1.0,1.0,146.0,0.026169
2650,US,US,COMPU,CHEM1,21440.05,144.0,1.0,1.0,144.0,0.006716
13865,US,US,RENTI,WHOLE,17615.57,142.0,1.0,1.0,142.0,0.008061
12591,US,US,POSTT,SEACO,17727.1,142.0,1.0,1.0,142.0,0.00801
9310,US,US,MEATC,MEATC,9360.31,142.0,1.0,1.0,142.0,0.01517
12518,US,US,POSTT,HOTEL,17757.59,142.0,1.0,1.0,142.0,0.007997
15162,US,US,SUPPO,BUSIN,15609.59,140.0,1.0,1.0,140.0,0.008969
711,US,US,AUXIL,RETA1,23216.37,139.0,1.0,1.0,139.0,0.005987
9784,US,US,MOTO1,FURNI,15260.78,138.0,1.0,1.0,138.0,0.009043
14094,US,US,RUBBE,FOOD5,11308.04,138.0,1.0,1.0,138.0,0.012204
3405,US,US,DIST1,BUSIN,5265.52,138.0,1.0,1.0,138.0,0.026208
14382,US,US,SANDC,CONST,11965.39,137.0,1.0,1.0,137.0,0.01145
704,US,US,AUXIL,RAWMI,22892.91,137.0,1.0,1.0,137.0,0.005984
14046,US,US,RUBBE,BEVER,11218.81,137.0,1.0,1.0,137.0,0.012212
7962,US,US,INSUR,WHOLE,23119.96,134.0,1.0,1.0,134.0,0.005796
6582,US,US,FORES,FORES,3988.02,134.0,1.0,1.0,134.0,0.033601
1813,US,US,BUSIN,SALEM,17716.09,134.0,1.0,1.0,134.0,0.007564
309,US,US,ALUM1,FABRI,12270.96,133.0,1.0,1.0,133.0,0.010839
1826,US,US,BUSIN,TEXTI,17431.17,132.0,1.0,1.0,132.0,0.007573
9799,US,US,MOTO1,LANDT,14547.84,132.0,1.0,1.0,132.0,0.009074
6621,US,US,FORES,RUBBE,3927.1,132.0,1.0,1.0,132.0,0.033613
2656,US,US,COMPU,COMPU,19569.57,131.0,1.0,1.0,131.0,0.006694
1805,US,US,BUSIN,RECRE,16849.22,128.0,1.0,1.0,128.0,0.007597
1765,US,US,BUSIN,MOTO1,16550.95,126.0,1.0,1.0,126.0,0.007613
9860,US,US,MOTO1,SALEM,13931.15,126.0,1.0,1.0,126.0,0.009044
14232,US,US,SALEM,CONST,12714.48,122.0,1.0,1.0,122.0,0.009595
9053,US,US,MACHI,HEALT,13356.94,121.0,1.0,1.0,121.0,0.009059
5616,US,US,FABRI,TRANS,11415.16,121.0,1.0,1.0,121.0,0.0106
931,US,US,BEVER,BEVER,7533.95,120.0,1.0,1.0,120.0,0.015928
5536,US,US,FABRI,LANDT,11141.18,119.0,1.0,1.0,119.0,0.010681
12906,US,US,PRINT,WHOLE,9069.28,119.0,1.0,1.0,119.0,0.013121
9813,US,US,MOTO1,MEDIC,12999.11,118.0,1.0,1.0,118.0,0.009078
3223,US,US,CRUDE,FABRI,10780.78,117.0,1.0,1.0,117.0,0.010853
10195,US,US,NATU1,PLAST,9941.4,117.0,1.0,1.0,117.0,0.011769
14220,US,US,SALEM,BUSIN,12159.53,116.0,1.0,1.0,116.0,0.00954
2662,US,US,COMPU,DAIRY,17349.48,116.0,1.0,1.0,116.0,0.006686
14059,US,US,RUBBE,CHEM1,9477.38,116.0,1.0,1.0,116.0,0.01224
3517,US,US,DIST1,RETA1,4436.42,116.0,1.0,1.0,116.0,0.026147
12635,US,US,POULT,RETAI,9846.67,115.0,1.0,1.0,115.0,0.011679
9848,US,US,MOTO1,RADIO,12699.27,115.0,1.0,1.0,115.0,0.009056
16569,US,US,WHOLE,COPP1,13084.42,114.0,1.0,1.0,114.0,0.008713
7409,US,US,HOTEL,INSUR,5855.52,113.0,1.0,1.0,113.0,0.019298
14104,US,US,RUBBE,HOTEL,9267.56,113.0,1.0,1.0,113.0,0.012193
7792,US,US,INLAN,BUSIN,12805.43,112.0,1.0,1.0,112.0,0.008746
13731,US,US,RENTI,COMPU,13909.9,112.0,1.0,1.0,112.0,0.008052
11973,US,US,PFERT,SANDC,7727.81,111.0,1.0,1.0,111.0,0.014364
5492,US,US,FABRI,CRUDE,10311.18,110.0,1.0,1.0,110.0,0.010668
733,US,US,AUXIL,VEGET,18097.3,108.0,1.0,1.0,108.0,0.005968
6390,US,US,FOOD5,VEGE1,5696.8,108.0,1.0,1.0,108.0,0.018958
1766,US,US,BUSIN,MOTOR,14110.99,107.0,1.0,1.0,107.0,0.007583
11976,US,US,PFERT,STONE,7505.15,107.0,1.0,1.0,107.0,0.014257
15055,US,US,SUGA1,FOOD5,7968.52,107.0,1.0,1.0,107.0,0.013428
9694,US,US,MEMBE,RETA1,2438.5,106.0,1.0,1.0,106.0,0.043469
13705,US,US,RENTI,AIRTR,13123.96,105.0,1.0,1.0,105.0,0.008001
11803,US,US,PAPER,RETA1,6937.56,105.0,1.0,1.0,105.0,0.015135
2187,US,US,CHEM1,CRUDE,10973.57,104.0,1.0,1.0,104.0,0.009477
9614,US,US,MEMBE,FINAN,2389.9,104.0,1.0,1.0,104.0,0.043516
1812,US,US,BUSIN,RUBBE,13623.21,103.0,1.0,1.0,103.0,0.007561
14375,US,US,SANDC,CEMEN,8946.22,103.0,1.0,1.0,103.0,0.011513
9296,US,US,MEATC,HEALT,6721.24,102.0,1.0,1.0,102.0,0.015176
6365,US,US,FOOD5,POULT,5370.67,102.0,1.0,1.0,102.0,0.018992
7940,US,US,INSUR,RETAI,17532.21,102.0,1.0,1.0,102.0,0.005818
13504,US,US,RECRE,BUSIN,12327.73,102.0,1.0,1.0,102.0,0.008274
6650,US,US,FOUND,FABRI,8221.42,102.0,1.0,1.0,102.0,0.012407
17010,US,US,WOODW,BUSIN,5217.05,102.0,1.0,1.0,102.0,0.019551
14014,US,US,RESEA,WHOLE,13501.91,102.0,1.0,1.0,102.0,0.007554
1791,US,US,BUSIN,PLAST,13299.21,101.0,1.0,1.0,101.0,0.007594
9740,US,US,MOTO1,BUSIN,11125.27,101.0,1.0,1.0,101.0,0.009078
9206,US,US,MEAT4,EDUCA,8747.89,100.0,1.0,1.0,100.0,0.011431
13993,US,US,RESEA,SALEM,13070.95,99.0,1.0,1.0,99.0,0.007574
6310,US,US,FOOD5,BUSIN,5160.71,98.0,1.0,1.0,98.0,0.01899
5800,US,US,FISH5,HOTEL,6070.19,98.0,1.0,1.0,98.0,0.016144
14199,US,US,RUBBE,WHOLE,8041.94,98.0,1.0,1.0,98.0,0.012186
5469,US,US,FABRI,BEVER,9184.29,98.0,1.0,1.0,98.0,0.01067
147,US,US,AIRTR,BUSIN,8450.36,97.0,1.0,1.0,97.0,0.011479
6890,US,US,GASDI,CONST,8501.8,97.0,1.0,1.0,97.0,0.011409
11735,US,US,PAPER,HEALT,6324.59,96.0,1.0,1.0,96.0,0.015179
9993,US,US,MOTOR,PAPER,8462.28,96.0,1.0,1.0,96.0,0.011344
283,US,US,ALUM1,BEVER,8828.07,96.0,1.0,1.0,96.0,0.010874
13770,US,US,RENTI,HOTEL,11959.34,96.0,1.0,1.0,96.0,0.008027
1674,US,US,BUSIN,ALUM1,12654.62,96.0,1.0,1.0,96.0,0.007586
11737,US,US,PAPER,HOTEL,6284.16,95.0,1.0,1.0,95.0,0.015117
9381,US,US,MEATP,MEATP,8606.36,95.0,1.0,1.0,95.0,0.011038
3306,US,US,CRUDE,RUBBE,8717.85,95.0,1.0,1.0,95.0,0.010897
5759,US,US,FINAN,RETA1,11627.87,94.0,1.0,1.0,94.0,0.008084
3814,US,US,EDUCA,RETA1,6596.93,94.0,1.0,1.0,94.0,0.014249
9167,US,US,MEAT1,HOTEL,7571.92,94.0,1.0,1.0,94.0,0.012414
9720,US,US,MEMBE,WHOLE,2142.1,94.0,1.0,1.0,94.0,0.043882
1681,US,US,BUSIN,BEVER,12325.31,94.0,1.0,1.0,94.0,0.007627
12442,US,US,PLAST,SECO9,9392.55,94.0,1.0,1.0,94.0,0.010008
12599,US,US,POSTT,SUPPO,11640.16,93.0,1.0,1.0,93.0,0.00799
2278,US,US,CHEM1,PRINT,9833.98,93.0,1.0,1.0,93.0,0.009457
14113,US,US,RUBBE,LANDT,7645.0,93.0,1.0,1.0,93.0,0.012165
2721,US,US,COMPU,MOTO1,13940.12,93.0,1.0,1.0,93.0,0.006671
7467,US,US,HOTEL,REALE,4765.56,92.0,1.0,1.0,92.0,0.019305
2694,US,US,COMPU,HEALT,13769.96,92.0,1.0,1.0,92.0,0.006681
6925,US,US,GASDI,LANDT,8053.95,92.0,1.0,1.0,92.0,0.011423
14074,US,US,RUBBE,EDUCA,7493.83,91.0,1.0,1.0,91.0,0.012143
3447,US,US,DIST1,HEALT,3464.73,91.0,1.0,1.0,91.0,0.026265
1877,US,US,CEMEN,CEMEN,8124.79,91.0,1.0,1.0,91.0,0.0112
1757,US,US,BUSIN,MACHI,11899.16,90.0,1.0,1.0,90.0,0.007564
17083,US,US,WOODW,PAPER,4600.46,90.0,1.0,1.0,90.0,0.019563
5786,US,US,FINAN,WHOLE,11109.98,90.0,1.0,1.0,90.0,0.008101
13376,US,US,REALE,FINAN,22062.28,89.0,1.0,1.0,89.0,0.004034
1353,US,US,BIOGA,SUPPO,8677.72,89.0,1.0,1.0,89.0,0.010256
10260,US,US,NATUR,CRUDE,7580.11,89.0,1.0,1.0,89.0,0.011741
13739,US,US,RENTI,EDUCA,10955.5,88.0,1.0,1.0,88.0,0.008032
10594,US,US,NONME,CONST,8077.96,88.0,1.0,1.0,88.0,0.010894
55,US,US,93197,HEALT,6259.05,87.0,1.0,1.0,87.0,0.0139
8327,US,US,LANDT,BUSIN,8322.4,87.0,1.0,1.0,87.0,0.010454
11924,US,US,PFERT,LIQUE,6099.59,87.0,1.0,1.0,87.0,0.014263
9298,US,US,MEATC,HOTEL,5667.28,86.0,1.0,1.0,86.0,0.015175
3348,US,US,DAIRY,FOOD5,6349.49,86.0,1.0,1.0,86.0,0.013544
1748,US,US,BUSIN,KEROS,11285.49,86.0,1.0,1.0,86.0,0.00762
16652,US,US,WHOLE,RETA1,9775.58,85.0,1.0,1.0,85.0,0.008695
738,US,US,AUXIL,WHOLE,14203.36,85.0,1.0,1.0,85.0,0.005984
9689,US,US,MEMBE,RECRE,1951.73,85.0,1.0,1.0,85.0,0.043551
3308,US,US,CRUDE,SANDC,7775.29,85.0,1.0,1.0,85.0,0.010932
3344,US,US,DAIRY,EDUCA,6215.6,84.0,1.0,1.0,84.0,0.013514
9171,US,US,MEAT1,MEAT1,6773.9,84.0,1.0,1.0,84.0,0.012401
9124,US,US,MACHI,RETA1,9202.75,84.0,1.0,1.0,84.0,0.009128
7460,US,US,HOTEL,PRINT,4314.65,83.0,1.0,1.0,83.0,0.019237
3312,US,US,CRUDE,STONE,7533.78,82.0,1.0,1.0,82.0,0.010884
7473,US,US,HOTEL,RETA1,4247.47,82.0,1.0,1.0,82.0,0.019306
15710,US,US,TEXTI,PAPER,5345.23,82.0,1.0,1.0,82.0,0.015341
5527,US,US,FABRI,HOTEL,7722.94,82.0,1.0,1.0,82.0,0.010618
5799,US,US,FISH5,HEALT,5037.97,81.0,1.0,1.0,81.0,0.016078
1802,US,US,BUSIN,RAILW,10716.85,81.0,1.0,1.0,81.0,0.007558
8725,US,US,LIQUE,CEMEN,6991.88,80.0,1.0,1.0,80.0,0.011442
15,US,US,93197,BUSIN,5750.27,80.0,1.0,1.0,80.0,0.013912
8994,US,US,MACHI,AUXIL,8851.55,80.0,1.0,1.0,80.0,0.009038
2205,US,US,CHEM1,FABRI,8503.13,80.0,1.0,1.0,80.0,0.009408
3286,US,US,CRUDE,PLAST,7295.39,79.0,1.0,1.0,79.0,0.010829
11679,US,US,PAPER,BEVER,5188.4,79.0,1.0,1.0,79.0,0.015226
13825,US,US,RENTI,PRINT,9774.35,79.0,1.0,1.0,79.0,0.008082
1840,US,US,BUSIN,WOODW,10421.84,79.0,1.0,1.0,79.0,0.00758
1735,US,US,BUSIN,GASDI,10456.82,79.0,1.0,1.0,79.0,0.007555
5757,US,US,FINAN,RENTI,9566.65,78.0,1.0,1.0,78.0,0.008153
2752,US,US,COMPU,PRINT,11710.57,78.0,1.0,1.0,78.0,0.006661
7880,US,US,INSUR,HOTEL,13361.77,78.0,1.0,1.0,78.0,0.005838
13921,US,US,RESEA,FOOD5,10322.23,78.0,1.0,1.0,78.0,0.007557
150,US,US,AIRTR,CHEM1,6774.16,78.0,1.0,1.0,78.0,0.011514
15751,US,US,TEXTI,WEARI,5054.28,78.0,1.0,1.0,78.0,0.015432
12522,US,US,POSTT,INSUR,9582.42,77.0,1.0,1.0,77.0,0.008036
14176,US,US,RUBBE,SALEM,6309.4,77.0,1.0,1.0,77.0,0.012204
12799,US,US,PRINT,FINAN,5718.83,75.0,1.0,1.0,75.0,0.013115
5517,US,US,FABRI,FOOD5,7074.02,75.0,1.0,1.0,75.0,0.010602
9428,US,US,MEDIC,BUSIN,8319.34,75.0,1.0,1.0,75.0,0.009015
1834,US,US,BUSIN,WEARI,9899.42,75.0,1.0,1.0,75.0,0.007576
11805,US,US,PAPER,RUBBE,4896.06,74.0,1.0,1.0,74.0,0.015114
9010,US,US,MACHI,CHEM1,8153.56,74.0,1.0,1.0,74.0,0.009076
2212,US,US,CHEM1,FOOD5,7850.85,74.0,1.0,1.0,74.0,0.009426
9959,US,US,MOTOR,IRONO,6526.83,74.0,1.0,1.0,74.0,0.011338
11699,US,US,PAPER,CONST,4878.8,74.0,1.0,1.0,74.0,0.015168
7457,US,US,HOTEL,POSTT,3807.18,73.0,1.0,1.0,73.0,0.019174
136,US,US,AIRTR,AUXIL,6342.79,73.0,1.0,1.0,73.0,0.011509
13522,US,US,RECRE,EDUCA,8896.64,73.0,1.0,1.0,73.0,0.008205
1764,US,US,BUSIN,MEMBE,9604.94,73.0,1.0,1.0,73.0,0.0076
9137,US,US,MACHI,SUPPO,7988.36,73.0,1.0,1.0,73.0,0.009138
3250,US,US,CRUDE,LIQUE,6618.86,72.0,1.0,1.0,72.0,0.010878
602,US,US,AUXIL,COMPU,12035.75,72.0,1.0,1.0,72.0,0.005982
15992,US,US,TRANS,RAILW,6211.08,71.0,1.0,1.0,71.0,0.011431
3244,US,US,CRUDE,KEROS,6560.59,71.0,1.0,1.0,71.0,0.010822
9556,US,US,MEDIC,TRANS,7800.34,71.0,1.0,1.0,71.0,0.009102
5468,US,US,FABRI,BASIC,6652.31,71.0,1.0,1.0,71.0,0.010673
2860,US,US,CONST,HEALT,5219.59,70.0,1.0,1.0,70.0,0.013411
111,US,US,93197,SALEM,5019.53,70.0,1.0,1.0,70.0,0.013946
2927,US,US,CONST,RETA1,5173.8,69.0,1.0,1.0,69.0,0.013336
611,US,US,AUXIL,EDUCA,11544.0,69.0,1.0,1.0,69.0,0.005977
1734,US,US,BUSIN,FURNI,9107.28,69.0,1.0,1.0,69.0,0.007576
5583,US,US,FABRI,PRINT,6402.21,68.0,1.0,1.0,68.0,0.010621
9771,US,US,MOTO1,ELECT,7539.05,68.0,1.0,1.0,68.0,0.00902
13452,US,US,REALE,RECRE,16622.14,67.0,1.0,1.0,67.0,0.004031
6317,US,US,FOOD5,DAIRY,3562.0,67.0,1.0,1.0,67.0,0.01881
14267,US,US,SALEM,HEALT,6955.61,67.0,1.0,1.0,67.0,0.009633
736,US,US,AUXIL,WHEAT,11279.21,67.0,1.0,1.0,67.0,0.00594
9059,US,US,MACHI,INSUR,7370.11,67.0,1.0,1.0,67.0,0.009091
14278,US,US,SALEM,LANDT,7019.41,67.0,1.0,1.0,67.0,0.009545
14070,US,US,RUBBE,CRUDE,5388.21,66.0,1.0,1.0,66.0,0.012249
5615,US,US,FABRI,TRAN2,6204.38,66.0,1.0,1.0,66.0,0.010638
14666,US,US,SEWAG,REALE,8709.32,65.0,1.0,1.0,65.0,0.007463
1733,US,US,BUSIN,FOUND,8562.66,65.0,1.0,1.0,65.0,0.007591
13470,US,US,REALE,SUPPO,15809.08,64.0,1.0,1.0,64.0,0.004048
10586,US,US,NONME,CEMEN,5881.33,64.0,1.0,1.0,64.0,0.010882
12589,US,US,POSTT,SALEM,7988.86,64.0,1.0,1.0,64.0,0.008011
11830,US,US,PAPER,WHOLE,4186.73,64.0,1.0,1.0,64.0,0.015286
5463,US,US,FABRI,ALUM1,6012.15,64.0,1.0,1.0,64.0,0.010645
1786,US,US,BUSIN,PFERT,8270.52,63.0,1.0,1.0,63.0,0.007617
2830,US,US,CONST,DISTR,4729.57,63.0,1.0,1.0,63.0,0.01332
5579,US,US,FABRI,POSTT,5800.32,62.0,1.0,1.0,62.0,0.010689
7367,US,US,HOTEL,CONST,3209.03,62.0,1.0,1.0,62.0,0.01932
9166,US,US,MEAT1,HEALT,5015.64,62.0,1.0,1.0,62.0,0.012361
5751,US,US,FINAN,RAILW,7578.94,62.0,1.0,1.0,62.0,0.008181
13550,US,US,RECRE,HEALT,7540.0,62.0,1.0,1.0,62.0,0.008223
5316,US,US,ELECT,BUSIN,6786.75,62.0,1.0,1.0,62.0,0.009135
3115,US,US,CROPS,FOOD5,9171.6,61.0,1.0,1.0,61.0,0.006651
16640,US,US,WHOLE,PREC1,6999.2,61.0,1.0,1.0,61.0,0.008715
14129,US,US,RUBBE,MOTO1,4991.16,61.0,1.0,1.0,61.0,0.012222
1691,US,US,BUSIN,CEMEN,8037.16,61.0,1.0,1.0,61.0,0.00759
13441,US,US,REALE,POSTT,15061.1,61.0,1.0,1.0,61.0,0.00405
6616,US,US,FORES,PULP5,1795.44,60.0,1.0,1.0,60.0,0.033418
13210,US,US,RADIO,PRINT,6642.19,60.0,1.0,1.0,60.0,0.009033
1763,US,US,BUSIN,MEDIC,7743.52,59.0,1.0,1.0,59.0,0.007619
9366,US,US,MEATP,HEALT,5375.99,59.0,1.0,1.0,59.0,0.010975
314,US,US,ALUM1,FOUND,5450.62,59.0,1.0,1.0,59.0,0.010824
13613,US,US,RECRE,RECRE,7042.72,58.0,1.0,1.0,58.0,0.008235
944,US,US,BEVER,HEALT,3648.24,58.0,1.0,1.0,58.0,0.015898
163,US,US,AIRTR,EDUCA,5023.25,58.0,1.0,1.0,58.0,0.011546
8134,US,US,IRONO,BASIC,5180.15,58.0,1.0,1.0,58.0,0.011197
13414,US,US,REALE,MEMBE,14188.64,57.0,1.0,1.0,57.0,0.004017
9825,US,US,MOTO1,OFFIC,6261.91,57.0,1.0,1.0,57.0,0.009103
14491,US,US,SECO9,BASIC,4722.56,57.0,1.0,1.0,57.0,0.01207
2155,US,US,CHEM1,93197,6035.22,57.0,1.0,1.0,57.0,0.009445
11886,US,US,PFERT,CHEM1,3889.4,56.0,1.0,1.0,56.0,0.014398
7939,US,US,INSUR,RETA1,9567.39,56.0,1.0,1.0,56.0,0.005853
5716,US,US,FINAN,MEMBE,6862.93,56.0,1.0,1.0,56.0,0.00816
9055,US,US,MACHI,HOTEL,6119.99,56.0,1.0,1.0,56.0,0.00915
13326,US,US,REALE,93197,13812.47,56.0,1.0,1.0,56.0,0.004054
2191,US,US,CHEM1,EDUCA,5944.06,56.0,1.0,1.0,56.0,0.009421
1801,US,US,BUSIN,RADIO,7241.12,55.0,1.0,1.0,55.0,0.007596
11790,US,US,PAPER,PRINT,3647.63,55.0,1.0,1.0,55.0,0.015078
2713,US,US,COMPU,MACHI,8215.87,55.0,1.0,1.0,55.0,0.006694
3491,US,US,DIST1,PAPER,2099.29,55.0,1.0,1.0,55.0,0.026199
14490,US,US,SECO9,ALUM1,4457.36,54.0,1.0,1.0,54.0,0.012115
9021,US,US,MACHI,CRUDE,5981.56,54.0,1.0,1.0,54.0,0.009028
2290,US,US,CHEM1,RESEA,5751.43,54.0,1.0,1.0,54.0,0.009389
11706,US,US,PAPER,EDUCA,3556.59,54.0,1.0,1.0,54.0,0.015183
9292,US,US,MEATC,FOOD5,3584.77,54.0,1.0,1.0,54.0,0.015064
695,US,US,AUXIL,POULT,9083.16,54.0,1.0,1.0,54.0,0.005945
1469,US,US,BITUM,ELEC1,4743.24,54.0,1.0,1.0,54.0,0.011385
3499,US,US,DIST1,PLAST,2038.86,53.0,1.0,1.0,53.0,0.025995
14231,US,US,SALEM,COMPU,5533.1,53.0,1.0,1.0,53.0,0.009579
2164,US,US,CHEM1,BIODI,5654.96,53.0,1.0,1.0,53.0,0.009372
3439,US,US,DIST1,FOOD5,2013.21,53.0,1.0,1.0,53.0,0.026326
14009,US,US,RESEA,TRANS,7003.79,53.0,1.0,1.0,53.0,0.007567
2792,US,US,COMPU,WHOLE,7934.96,53.0,1.0,1.0,53.0,0.006679
17044,US,US,WOODW,HOTEL,2692.72,53.0,1.0,1.0,53.0,0.019683
3209,US,US,CRUDE,CHEM1,4781.21,52.0,1.0,1.0,52.0,0.010876
203,US,US,AIRTR,LANDT,4531.0,52.0,1.0,1.0,52.0,0.011476
14851,US,US,STONE,CEMEN,4517.67,52.0,1.0,1.0,52.0,0.01151
4344,US,US,ELEC2,REALE,5171.32,52.0,1.0,1.0,52.0,0.010055
13460,US,US,REALE,SALEM,12641.05,51.0,1.0,1.0,51.0,0.004034
1876,US,US,CEMEN,BUSIN,4568.19,51.0,1.0,1.0,51.0,0.011164
217,US,US,AIRTR,MOTO1,4474.64,51.0,1.0,1.0,51.0,0.011398
12778,US,US,PRINT,COMPU,3887.51,51.0,1.0,1.0,51.0,0.013119
2268,US,US,CHEM1,PFERT,5384.74,51.0,1.0,1.0,51.0,0.009471
6687,US,US,FOUND,RAILW,4085.75,51.0,1.0,1.0,51.0,0.012482
6643,US,US,FOUND,CHEM1,4091.05,51.0,1.0,1.0,51.0,0.012466
694,US,US,AUXIL,POSTT,8483.43,51.0,1.0,1.0,51.0,0.006012
13221,US,US,RADIO,RENTI,5519.38,50.0,1.0,1.0,50.0,0.009059
276,US,US,AIRTR,WHOLE,4361.66,50.0,1.0,1.0,50.0,0.011464
5570,US,US,FABRI,PAPER,4677.22,50.0,1.0,1.0,50.0,0.01069
5598,US,US,FABRI,RUBBE,4678.14,50.0,1.0,1.0,50.0,0.010688
7065,US,US,GLASS,GLASS,4708.28,50.0,1.0,1.0,50.0,0.01062
13323,US,US,RAWMI,SUGA1,4216.56,50.0,1.0,1.0,50.0,0.011858
3449,US,US,DIST1,HOTEL,1916.36,50.0,1.0,1.0,50.0,0.026091
17107,US,US,WOODW,RETA1,2547.19,50.0,1.0,1.0,50.0,0.019629
128,US,US,93197,WHOLE,3582.7,50.0,1.0,1.0,50.0,0.013956
5525,US,US,FABRI,HEALT,4568.9,49.0,1.0,1.0,49.0,0.010725
12480,US,US,POSTT,CONST,6052.18,49.0,1.0,1.0,49.0,0.008096
13822,US,US,RENTI,POSTT,6062.11,49.0,1.0,1.0,49.0,0.008083
6952,US,US,GASDI,OILSE,4286.94,49.0,1.0,1.0,49.0,0.01143
2690,US,US,COMPU,FURNI,7278.12,49.0,1.0,1.0,49.0,0.006733
6828,US,US,FURNI,REALE,5402.23,49.0,1.0,1.0,49.0,0.00907
2748,US,US,COMPU,POSTT,7344.6,49.0,1.0,1.0,49.0,0.006672
5825,US,US,FISHF,FISH5,2302.41,49.0,1.0,1.0,49.0,0.021282
13444,US,US,REALE,PRINT,12157.75,49.0,1.0,1.0,49.0,0.00403
66,US,US,93197,LANDT,3572.79,49.0,1.0,1.0,49.0,0.013715
13552,US,US,RECRE,HOTEL,5917.57,49.0,1.0,1.0,49.0,0.00828
3410,US,US,DIST1,CHEM1,1830.42,48.0,1.0,1.0,48.0,0.026223
7200,US,US,HEAVY,CATTL,4274.22,48.0,1.0,1.0,48.0,0.01123
14147,US,US,RUBBE,PAPER,3912.48,48.0,1.0,1.0,48.0,0.012268
9592,US,US,MEMBE,COMPU,1084.75,47.0,1.0,1.0,47.0,0.043328
2919,US,US,CONST,RAILW,3508.4,47.0,1.0,1.0,47.0,0.013396
1706,US,US,BUSIN,DAIRY,6143.82,47.0,1.0,1.0,47.0,0.00765
7405,US,US,HOTEL,HOTEL,2452.09,47.0,1.0,1.0,47.0,0.019167
13754,US,US,RENTI,FINAN,5887.31,47.0,1.0,1.0,47.0,0.007983
13462,US,US,REALE,SEACO,11549.41,47.0,1.0,1.0,47.0,0.004069
9752,US,US,MOTO1,CONST,5225.88,47.0,1.0,1.0,47.0,0.008994
11891,US,US,PFERT,CONST,3283.14,47.0,1.0,1.0,47.0,0.014316
9759,US,US,MOTO1,EDUCA,5243.05,47.0,1.0,1.0,47.0,0.008964
15295,US,US,SUPPO,TEXTI,5227.87,47.0,1.0,1.0,47.0,0.00899
1236,US,US,BIOGA,BUSIN,4451.1,46.0,1.0,1.0,46.0,0.010335
651,US,US,AUXIL,LANDT,7748.12,46.0,1.0,1.0,46.0,0.005937
7040,US,US,GLASS,BUSIN,4297.94,46.0,1.0,1.0,46.0,0.010703
15280,US,US,SUPPO,RETAI,5074.06,46.0,1.0,1.0,46.0,0.009066
2871,US,US,CONST,LANDT,3424.77,46.0,1.0,1.0,46.0,0.013432
12815,US,US,PRINT,HOTEL,3495.2,46.0,1.0,1.0,46.0,0.013161
13900,US,US,RESEA,DISTR,6127.12,46.0,1.0,1.0,46.0,0.007508
9629,US,US,MEMBE,HOTEL,1037.14,45.0,1.0,1.0,45.0,0.043389
13616,US,US,RECRE,RENTI,5499.71,45.0,1.0,1.0,45.0,0.008182
15641,US,US,TEXTI,BUSIN,2909.19,45.0,1.0,1.0,45.0,0.015468
7003,US,US,GASDI,VEGET,3981.37,45.0,1.0,1.0,45.0,0.011303
14507,US,US,SECO9,FOUND,3724.5,45.0,1.0,1.0,45.0,0.012082
15879,US,US,TRAN1,REALE,2187.23,45.0,1.0,1.0,45.0,0.020574
12658,US,US,PREC1,FOUND,3112.41,45.0,1.0,1.0,45.0,0.014458
15924,US,US,TRANS,AIRTR,3924.01,45.0,1.0,1.0,45.0,0.011468
3096,US,US,CROPS,BUSIN,6773.86,45.0,1.0,1.0,45.0,0.006643
3180,US,US,CROPS,TOBAC,6614.82,44.0,1.0,1.0,44.0,0.006652
13887,US,US,RESEA,CHEM1,5878.5,44.0,1.0,1.0,44.0,0.007485
12686,US,US,PREC1,PREC1,3052.85,44.0,1.0,1.0,44.0,0.014413
7388,US,US,HOTEL,FABRI,2272.46,44.0,1.0,1.0,44.0,0.019362
7850,US,US,INSUR,EDUCA,7449.05,43.0,1.0,1.0,43.0,0.005773
5766,US,US,FINAN,SEWAG,5348.37,43.0,1.0,1.0,43.0,0.00804
7395,US,US,HOTEL,FOOD5,2258.6,43.0,1.0,1.0,43.0,0.019038
10262,US,US,NATUR,DIST1,3626.05,43.0,1.0,1.0,43.0,0.011859
178,US,US,AIRTR,FINAN,3752.96,43.0,1.0,1.0,43.0,0.011458
1737,US,US,BUSIN,GLASS,5688.79,43.0,1.0,1.0,43.0,0.007559
14071,US,US,RUBBE,DAIRY,3407.49,42.0,1.0,1.0,42.0,0.012326
9693,US,US,MEMBE,RESEA,963.01,42.0,1.0,1.0,42.0,0.043613
1602,US,US,BRICK,CONST,3664.92,42.0,1.0,1.0,42.0,0.01146
17099,US,US,WOODW,RAILW,2161.41,42.0,1.0,1.0,42.0,0.019432
156,US,US,AIRTR,COMPU,3642.18,42.0,1.0,1.0,42.0,0.011532
5797,US,US,FISH5,FISH5,2578.08,42.0,1.0,1.0,42.0,0.016291
3397,US,US,DIST1,BASIC,1605.13,42.0,1.0,1.0,42.0,0.026166
2719,US,US,COMPU,MEDIC,6199.59,42.0,1.0,1.0,42.0,0.006775
13618,US,US,RECRE,RETA1,5077.08,42.0,1.0,1.0,42.0,0.008272
11703,US,US,PAPER,DAIRY,2728.28,41.0,1.0,1.0,41.0,0.015028
14374,US,US,SANDC,BUSIN,3576.15,41.0,1.0,1.0,41.0,0.011465
15733,US,US,TEXTI,RUBBE,2685.8,41.0,1.0,1.0,41.0,0.015265
31,US,US,93197,EDUCA,2974.52,41.0,1.0,1.0,41.0,0.013784
2700,US,US,COMPU,INSUR,6120.83,41.0,1.0,1.0,41.0,0.006698
2756,US,US,COMPU,RADIO,6056.19,41.0,1.0,1.0,41.0,0.00677
9165,US,US,MEAT1,FOOD5,3344.19,41.0,1.0,1.0,41.0,0.01226
5477,US,US,FABRI,BUSIN,3897.33,41.0,1.0,1.0,41.0,0.01052
13354,US,US,REALE,CONST,10227.84,41.0,1.0,1.0,41.0,0.004009
7472,US,US,HOTEL,RESEA,2110.98,41.0,1.0,1.0,41.0,0.019422
2954,US,US,CONST,WHOLE,3100.04,41.0,1.0,1.0,41.0,0.013226
7942,US,US,INSUR,SALEM,7028.86,41.0,1.0,1.0,41.0,0.005833
698,US,US,AUXIL,PRINT,6834.2,41.0,1.0,1.0,41.0,0.005999
9151,US,US,MACHI,WHOLE,4362.18,40.0,1.0,1.0,40.0,0.00917
9040,US,US,MACHI,FINAN,4431.57,40.0,1.0,1.0,40.0,0.009026
13121,US,US,RADIO,CONST,4373.42,40.0,1.0,1.0,40.0,0.009146
9915,US,US,MOTOR,CONST,3570.88,40.0,1.0,1.0,40.0,0.011202
16568,US,US,WHOLE,COMPU,4594.33,40.0,1.0,1.0,40.0,0.008706
1817,US,US,BUSIN,SEWAG,5256.57,40.0,1.0,1.0,40.0,0.00761
14269,US,US,SALEM,HOTEL,4166.94,40.0,1.0,1.0,40.0,0.009599
3416,US,US,DIST1,CONST,1531.9,40.0,1.0,1.0,40.0,0.026111
3407,US,US,DIST1,CEMEN,1488.28,39.0,1.0,1.0,39.0,0.026205
5462,US,US,FABRI,AIRTR,3703.38,39.0,1.0,1.0,39.0,0.010531
1051,US,US,BIODI,LANDT,3633.44,39.0,1.0,1.0,39.0,0.010734
13273,US,US,RAILW,LANDT,5824.76,39.0,1.0,1.0,39.0,0.006696
14467,US,US,SEACO,BUSIN,4481.92,39.0,1.0,1.0,39.0,0.008702
10119,US,US,NATU1,CHEM1,3283.39,39.0,1.0,1.0,39.0,0.011878
1758,US,US,BUSIN,MEAT1,5122.9,39.0,1.0,1.0,39.0,0.007613
2507,US,US,COLLE,EDUCA,2739.92,39.0,1.0,1.0,39.0,0.014234
9363,US,US,MEATP,FOOD5,3524.51,39.0,1.0,1.0,39.0,0.011065
198,US,US,AIRTR,INSUR,3268.14,38.0,1.0,1.0,38.0,0.011627
710,US,US,AUXIL,RESEA,6415.98,38.0,1.0,1.0,38.0,0.005923
16042,US,US,VEGE1,HOTEL,2003.3,38.0,1.0,1.0,38.0,0.018969
10132,US,US,NATU1,DIST1,3187.85,38.0,1.0,1.0,38.0,0.01192
17130,US,US,WOODW,WHOLE,1956.42,38.0,1.0,1.0,38.0,0.019423
1684,US,US,BUSIN,BIOGA,5021.69,38.0,1.0,1.0,38.0,0.007567
5796,US,US,FISH5,EDUCA,2338.32,38.0,1.0,1.0,38.0,0.016251
938,US,US,BEVER,EDUCA,2403.06,38.0,1.0,1.0,38.0,0.015813
689,US,US,AUXIL,PIGS9,6342.63,38.0,1.0,1.0,38.0,0.005991
3542,US,US,DIST1,WHOLE,1468.13,38.0,1.0,1.0,38.0,0.025883
15210,US,US,SUPPO,HEALT,4265.95,38.0,1.0,1.0,38.0,0.008908
9080,US,US,MACHI,MOTO1,4179.11,38.0,1.0,1.0,38.0,0.009093
3446,US,US,DIST1,GLASS,1417.0,37.0,1.0,1.0,37.0,0.026112
14239,US,US,SALEM,EDUCA,3903.44,37.0,1.0,1.0,37.0,0.009479
6321,US,US,FOOD5,FISH5,1973.23,37.0,1.0,1.0,37.0,0.018751
3104,US,US,CROPS,CONST,5516.66,37.0,1.0,1.0,37.0,0.006707
1725,US,US,BUSIN,FISH5,4931.99,37.0,1.0,1.0,37.0,0.007502
13456,US,US,REALE,RESEA,9131.14,37.0,1.0,1.0,37.0,0.004052
14002,US,US,RESEA,SUPPO,4882.42,37.0,1.0,1.0,37.0,0.007578
2764,US,US,COMPU,RESEA,5576.5,37.0,1.0,1.0,37.0,0.006635
57,US,US,93197,HOTEL,2664.91,37.0,1.0,1.0,37.0,0.013884
9039,US,US,MACHI,FABRI,4019.37,37.0,1.0,1.0,37.0,0.009205
15266,US,US,SUPPO,PRINT,4063.72,36.0,1.0,1.0,36.0,0.008859
13250,US,US,RADIO,WHOLE,3947.8,36.0,1.0,1.0,36.0,0.009119
5494,US,US,FABRI,DIST1,3381.71,36.0,1.0,1.0,36.0,0.010646
7035,US,US,GLASS,BEVER,3403.07,36.0,1.0,1.0,36.0,0.010579
7339,US,US,HOTEL,93197,1891.98,36.0,1.0,1.0,36.0,0.019028
9697,US,US,MEMBE,SALEM,835.5,36.0,1.0,1.0,36.0,0.043088
14098,US,US,RUBBE,FURNI,2929.2,36.0,1.0,1.0,36.0,0.01229
14121,US,US,RUBBE,MACHI,2972.81,36.0,1.0,1.0,36.0,0.01211
13779,US,US,RENTI,LANDT,4408.73,35.0,1.0,1.0,35.0,0.007939
13774,US,US,RENTI,INSUR,4308.97,35.0,1.0,1.0,35.0,0.008123
16655,US,US,WHOLE,SALEM,4059.47,35.0,1.0,1.0,35.0,0.008622
2334,US,US,CHEMI,CEMEN,2995.46,35.0,1.0,1.0,35.0,0.011684
3384,US,US,DAIRY,SUGA1,2572.53,35.0,1.0,1.0,35.0,0.013605
13704,US,US,RENTI,93197,4369.17,35.0,1.0,1.0,35.0,0.008011
9437,US,US,MEDIC,COMPU,3806.49,35.0,1.0,1.0,35.0,0.009195
7476,US,US,HOTEL,SALEM,1833.2,35.0,1.0,1.0,35.0,0.019092
1346,US,US,BIOGA,SEACO,3361.77,35.0,1.0,1.0,35.0,0.010411
13243,US,US,RADIO,TRANS,3916.98,35.0,1.0,1.0,35.0,0.008935
3199,US,US,CRUDE,BIODI,3245.14,35.0,1.0,1.0,35.0,0.010785
918,US,US,BASIC,TRANS,4455.49,35.0,1.0,1.0,35.0,0.007855
192,US,US,AIRTR,HEALT,3038.03,35.0,1.0,1.0,35.0,0.011521
13400,US,US,REALE,LANDT,8744.97,35.0,1.0,1.0,35.0,0.004002
13837,US,US,RENTI,RESEA,4364.06,35.0,1.0,1.0,35.0,0.00802
13458,US,US,REALE,RETAI,8543.98,35.0,1.0,1.0,35.0,0.004096
9123,US,US,MACHI,RESEA,3839.02,35.0,1.0,1.0,35.0,0.009117
11820,US,US,PAPER,TOBAC,2290.43,35.0,1.0,1.0,35.0,0.015281
4260,US,US,ELEC2,EDUCA,3457.69,35.0,1.0,1.0,35.0,0.010122
1721,US,US,BUSIN,ELECT,4650.45,35.0,1.0,1.0,35.0,0.007526
9681,US,US,MEMBE,PRINT,767.87,34.0,1.0,1.0,34.0,0.044278
16090,US,US,VEGE1,VEGE1,1791.75,34.0,1.0,1.0,34.0,0.018976
9678,US,US,MEMBE,POSTT,770.69,34.0,1.0,1.0,34.0,0.044116
3519,US,US,DIST1,RUBBE,1300.71,34.0,1.0,1.0,34.0,0.02614
1776,US,US,BUSIN,OFFIC,4471.77,34.0,1.0,1.0,34.0,0.007603
3606,US,US,DISTR,HOTEL,2712.98,34.0,1.0,1.0,34.0,0.012532
12752,US,US,PRINT,93197,2606.74,34.0,1.0,1.0,34.0,0.013043
6669,US,US,FOUND,MOTO1,2767.44,34.0,1.0,1.0,34.0,0.012286
2696,US,US,COMPU,HOTEL,5100.98,34.0,1.0,1.0,34.0,0.006665
14172,US,US,RUBBE,RESEA,2807.57,34.0,1.0,1.0,34.0,0.01211
13830,US,US,RENTI,RAILW,4092.28,33.0,1.0,1.0,33.0,0.008064
2381,US,US,CHEMI,NONME,2808.63,33.0,1.0,1.0,33.0,0.01175
9222,US,US,MEAT4,LEATH,2926.54,33.0,1.0,1.0,33.0,0.011276
9368,US,US,MEATP,HOTEL,3023.57,33.0,1.0,1.0,33.0,0.010914
2785,US,US,COMPU,TRANS,4996.03,33.0,1.0,1.0,33.0,0.006605
3776,US,US,EDUCA,MEMBE,2348.99,33.0,1.0,1.0,33.0,0.014049
14160,US,US,RUBBE,PRINT,2681.32,33.0,1.0,1.0,33.0,0.012307
8346,US,US,LANDT,EDUCA,3148.62,33.0,1.0,1.0,33.0,0.010481
2219,US,US,CHEM1,GLASS,3464.98,33.0,1.0,1.0,33.0,0.009524
2634,US,US,COMPU,AUXIL,4906.57,33.0,1.0,1.0,33.0,0.006726
16582,US,US,WHOLE,FOOD5,3817.86,33.0,1.0,1.0,33.0,0.008644
8434,US,US,LANDT,RAILW,3153.55,33.0,1.0,1.0,33.0,0.010464
7471,US,US,HOTEL,RENTI,1738.43,33.0,1.0,1.0,33.0,0.018983
1831,US,US,BUSIN,VEGE1,4312.85,33.0,1.0,1.0,33.0,0.007652
15282,US,US,SUPPO,SALEM,3640.35,33.0,1.0,1.0,33.0,0.009065
13735,US,US,RENTI,CRUDE,4052.28,33.0,1.0,1.0,33.0,0.008144
13975,US,US,RESEA,PLAST,4240.55,32.0,1.0,1.0,32.0,0.007546
2989,US,US,COPP1,FABRI,2531.4,32.0,1.0,1.0,32.0,0.012641
6974,US,US,GASDI,RAILW,2830.62,32.0,1.0,1.0,32.0,0.011305
1673,US,US,BUSIN,AIRTR,4248.41,32.0,1.0,1.0,32.0,0.007532
5335,US,US,ELECT,EDUCA,3562.44,32.0,1.0,1.0,32.0,0.008983
13952,US,US,RESEA,MEMBE,4257.07,32.0,1.0,1.0,32.0,0.007517
690,US,US,AUXIL,PLANT,5295.04,32.0,1.0,1.0,32.0,0.006043
14156,US,US,RUBBE,POSTT,2643.46,32.0,1.0,1.0,32.0,0.012105
7346,US,US,HOTEL,BASIC,1641.5,32.0,1.0,1.0,32.0,0.019494
4241,US,US,ELEC2,BUSIN,3188.51,32.0,1.0,1.0,32.0,0.010036
11692,US,US,PAPER,CHEM1,2119.11,32.0,1.0,1.0,32.0,0.015101
15646,US,US,TEXTI,CHEM1,2113.44,32.0,1.0,1.0,32.0,0.015141
7370,US,US,HOTEL,CRUDE,1617.83,31.0,1.0,1.0,31.0,0.019161
16098,US,US,VEGET,BEVER,3637.17,31.0,1.0,1.0,31.0,0.008523
7944,US,US,INSUR,SEACO,5257.86,31.0,1.0,1.0,31.0,0.005896
376,US,US,ALUM1,TRANS,2878.01,31.0,1.0,1.0,31.0,0.010771
3529,US,US,DIST1,SUPPO,1203.8,31.0,1.0,1.0,31.0,0.025752
2911,US,US,CONST,POSTT,2352.17,31.0,1.0,1.0,31.0,0.013179
8989,US,US,MACHI,93197,3418.32,31.0,1.0,1.0,31.0,0.009069
1759,US,US,BUSIN,MEAT4,3971.01,30.0,1.0,1.0,30.0,0.007555
3233,US,US,CRUDE,FURNI,2741.45,30.0,1.0,1.0,30.0,0.010943
17097,US,US,WOODW,PULP5,1533.76,30.0,1.0,1.0,30.0,0.01956
12629,US,US,POULT,POULT,2602.91,30.0,1.0,1.0,30.0,0.011526
9215,US,US,MEAT4,HEALT,2594.56,30.0,1.0,1.0,30.0,0.011563
210,US,US,AIRTR,MACHI,2607.39,30.0,1.0,1.0,30.0,0.011506
5488,US,US,FABRI,COMPU,2864.19,30.0,1.0,1.0,30.0,0.010474
5625,US,US,FABRI,WOODW,2805.61,30.0,1.0,1.0,30.0,0.010693
824,US,US,BASIC,FOUND,3776.32,30.0,1.0,1.0,30.0,0.007944
15797,US,US,TRAN1,EDUCA,1462.44,30.0,1.0,1.0,30.0,0.020514
1249,US,US,BIOGA,CRUDE,2939.01,30.0,1.0,1.0,30.0,0.010208
11720,US,US,PAPER,FABRI,1984.82,30.0,1.0,1.0,30.0,0.015115
13156,US,US,RADIO,HEALT,3366.9,30.0,1.0,1.0,30.0,0.00891
5416,US,US,ELECT,POSTT,3275.7,30.0,1.0,1.0,30.0,0.009158
9129,US,US,MACHI,SEACO,3263.74,30.0,1.0,1.0,30.0,0.009192
15196,US,US,SUPPO,FINAN,3395.51,30.0,1.0,1.0,30.0,0.008835
7448,US,US,HOTEL,PAPER,1506.13,29.0,1.0,1.0,29.0,0.019255
13085,US,US,PULP5,PAPER,1681.32,29.0,1.0,1.0,29.0,0.017248
9566,US,US,MEMBE,93197,674.93,29.0,1.0,1.0,29.0,0.042967
3015,US,US,COPP1,NONF1,2298.56,29.0,1.0,1.0,29.0,0.012617
9111,US,US,MACHI,PRINT,3175.83,29.0,1.0,1.0,29.0,0.009131
574,US,US,AUXIL,93197,4855.71,29.0,1.0,1.0,29.0,0.005972
714,US,US,AUXIL,SALEM,4776.08,29.0,1.0,1.0,29.0,0.006072
2759,US,US,COMPU,REALE,4291.31,29.0,1.0,1.0,29.0,0.006758
2786,US,US,COMPU,VEGE1,4257.76,29.0,1.0,1.0,29.0,0.006811
1769,US,US,BUSIN,NATUR,3858.47,29.0,1.0,1.0,29.0,0.007516
785,US,US,BASIC,BUSIN,3755.05,29.0,1.0,1.0,29.0,0.007723
9106,US,US,MACHI,PLAST,3221.44,29.0,1.0,1.0,29.0,0.009002
8338,US,US,LANDT,COMPU,2818.64,29.0,1.0,1.0,29.0,0.010289
12451,US,US,POSTT,93197,3624.69,29.0,1.0,1.0,29.0,0.008001
14037,US,US,RUBBE,93197,2330.75,28.0,1.0,1.0,28.0,0.012013
9064,US,US,MACHI,LANDT,3082.88,28.0,1.0,1.0,28.0,0.009082
13514,US,US,RECRE,COMPU,3344.87,28.0,1.0,1.0,28.0,0.008371
13925,US,US,RESEA,GASDI,3646.52,28.0,1.0,1.0,28.0,0.007679
11957,US,US,PFERT,PLAST,1962.83,28.0,1.0,1.0,28.0,0.014265
1975,US,US,CEMEN,RETAI,2478.36,28.0,1.0,1.0,28.0,0.011298
14963,US,US,SUBBI,ELEC1,2477.21,28.0,1.0,1.0,28.0,0.011303
2593,US,US,COLLE,REALE,1971.67,28.0,1.0,1.0,28.0,0.014201
14402,US,US,SANDC,IRONO,2426.28,28.0,1.0,1.0,28.0,0.01154
3281,US,US,CRUDE,PFERT,2536.05,28.0,1.0,1.0,28.0,0.011041
14017,US,US,RESEA,WOODW,3727.48,28.0,1.0,1.0,28.0,0.007512
13876,US,US,RESEA,BEVER,3655.7,28.0,1.0,1.0,28.0,0.007659
7754,US,US,INERT,REALE,3696.76,28.0,1.0,1.0,28.0,0.007574
15778,US,US,TRAN1,BUSIN,1361.83,28.0,1.0,1.0,28.0,0.020561
17116,US,US,WOODW,SUGA1,1411.28,28.0,1.0,1.0,28.0,0.01984
13884,US,US,RESEA,BUSIN,3755.73,28.0,1.0,1.0,28.0,0.007455
4350,US,US,ELEC2,RETA1,2748.1,28.0,1.0,1.0,28.0,0.010189
8374,US,US,LANDT,HEALT,2731.63,28.0,1.0,1.0,28.0,0.01025
5596,US,US,FABRI,RETA1,2619.12,28.0,1.0,1.0,28.0,0.010691
13869,US,US,RESEA,93197,3763.79,28.0,1.0,1.0,28.0,0.007439
2628,US,US,COMPU,93197,4118.78,28.0,1.0,1.0,28.0,0.006798
8468,US,US,LANDT,WHOLE,2677.68,28.0,1.0,1.0,28.0,0.010457
14127,US,US,RUBBE,MEDIC,2235.02,27.0,1.0,1.0,27.0,0.01208
8997,US,US,MACHI,BEVER,3012.29,27.0,1.0,1.0,27.0,0.008963
13114,US,US,RADIO,CHEM1,2995.99,27.0,1.0,1.0,27.0,0.009012
2835,US,US,CONST,ELEC2,2017.41,27.0,1.0,1.0,27.0,0.013383
12457,US,US,POSTT,AUXIL,3426.0,27.0,1.0,1.0,27.0,0.007881
642,US,US,AUXIL,HOTEL,4456.67,27.0,1.0,1.0,27.0,0.006058
4774,US,US,ELEC5,REALE,1090.39,27.0,1.0,1.0,27.0,0.024762
13327,US,US,REALE,AIRTR,6643.59,27.0,1.0,1.0,27.0,0.004064
188,US,US,AIRTR,FURNI,2338.84,27.0,1.0,1.0,27.0,0.011544
6359,US,US,FOOD5,PAPER,1424.35,27.0,1.0,1.0,27.0,0.018956
930,US,US,BEVER,AIRTR,1675.48,27.0,1.0,1.0,27.0,0.016115
2657,US,US,COMPU,CONST,3997.13,27.0,1.0,1.0,27.0,0.006755
3798,US,US,EDUCA,POSTT,1898.79,27.0,1.0,1.0,27.0,0.01422
2661,US,US,COMPU,CRUDE,4101.35,27.0,1.0,1.0,27.0,0.006583
2315,US,US,CHEM1,WEARI,2884.86,27.0,1.0,1.0,27.0,0.009359
2321,US,US,CHEM1,WOODW,2803.95,27.0,1.0,1.0,27.0,0.009629
5590,US,US,FABRI,REALE,2554.59,27.0,1.0,1.0,27.0,0.010569
1188,US,US,BIOG1,PIGS9,930.3,26.0,1.0,1.0,26.0,0.027948
2732,US,US,COMPU,OFFIC,3913.63,26.0,1.0,1.0,26.0,0.006643
7475,US,US,HOTEL,RUBBE,1332.99,26.0,1.0,1.0,26.0,0.019505
5662,US,US,FINAN,EDUCA,3223.58,26.0,1.0,1.0,26.0,0.008066
7493,US,US,HOTEL,TRANS,1328.27,26.0,1.0,1.0,26.0,0.019574
14164,US,US,RUBBE,RADIO,2169.07,26.0,1.0,1.0,26.0,0.011987
709,US,US,AUXIL,RENTI,4301.36,26.0,1.0,1.0,26.0,0.006045
3696,US,US,DISTR,WHOLE,2078.43,26.0,1.0,1.0,26.0,0.012509
7503,US,US,HOTEL,WOODW,1333.55,26.0,1.0,1.0,26.0,0.019497
9638,US,US,MEMBE,LANDT,604.38,26.0,1.0,1.0,26.0,0.043019
15263,US,US,SUPPO,POSTT,2862.66,26.0,1.0,1.0,26.0,0.009082
5520,US,US,FABRI,FOUND,2483.35,26.0,1.0,1.0,26.0,0.01047
1773,US,US,BUSIN,NONME,3413.53,26.0,1.0,1.0,26.0,0.007617
14554,US,US,SEWAG,BUSIN,3493.51,26.0,1.0,1.0,26.0,0.007442
15215,US,US,SUPPO,INLAN,2952.35,26.0,1.0,1.0,26.0,0.008807
14335,US,US,SALEM,SALEM,2646.11,25.0,1.0,1.0,25.0,0.009448
9144,US,US,MACHI,TRANS,2785.59,25.0,1.0,1.0,25.0,0.008975
15672,US,US,TEXTI,HEALT,1605.47,25.0,1.0,1.0,25.0,0.015572
706,US,US,AUXIL,RECRE,4106.38,25.0,1.0,1.0,25.0,0.006088
1743,US,US,BUSIN,INLAN,3243.88,25.0,1.0,1.0,25.0,0.007707
14915,US,US,STONE,REALE,2150.3,25.0,1.0,1.0,25.0,0.011626
241,US,US,AIRTR,PRINT,2155.28,25.0,1.0,1.0,25.0,0.011599
15651,US,US,TEXTI,CONST,1626.91,25.0,1.0,1.0,25.0,0.015367
7066,US,US,GLASS,HEALT,2321.06,25.0,1.0,1.0,25.0,0.010771
9098,US,US,MACHI,PAPER,2762.58,25.0,1.0,1.0,25.0,0.00905
14396,US,US,SANDC,GLASS,2202.42,25.0,1.0,1.0,25.0,0.011351
1925,US,US,CEMEN,IRONO,2203.43,25.0,1.0,1.0,25.0,0.011346
17042,US,US,WOODW,HEALT,1287.22,25.0,1.0,1.0,25.0,0.019422
12879,US,US,PRINT,RESEA,1937.83,25.0,1.0,1.0,25.0,0.012901
3837,US,US,EDUCA,WHOLE,1731.91,25.0,1.0,1.0,25.0,0.014435
666,US,US,AUXIL,MEMBE,4174.31,25.0,1.0,1.0,25.0,0.005989
10470,US,US,NONF1,FABRI,1925.14,25.0,1.0,1.0,25.0,0.012986
2677,US,US,COMPU,ELECT,3585.23,24.0,1.0,1.0,24.0,0.006694
3458,US,US,DIST1,LANDT,910.18,24.0,1.0,1.0,24.0,0.026368
14167,US,US,RUBBE,REALE,1936.12,24.0,1.0,1.0,24.0,0.012396
15885,US,US,TRAN1,RETA1,1162.92,24.0,1.0,1.0,24.0,0.020638
2862,US,US,CONST,HOTEL,1800.5,24.0,1.0,1.0,24.0,0.01333
14193,US,US,RUBBE,TRANS,1964.37,24.0,1.0,1.0,24.0,0.012218
1921,US,US,CEMEN,HOTEL,2143.87,24.0,1.0,1.0,24.0,0.011195
10826,US,US,OFFIC,BUSIN,2691.14,24.0,1.0,1.0,24.0,0.008918
6724,US,US,FURNI,BUSIN,2644.74,24.0,1.0,1.0,24.0,0.009075
2110,US,US,CEREA,FOOD5,3785.3,24.0,1.0,1.0,24.0,0.00634
2173,US,US,CHEM1,CEMEN,2590.31,24.0,1.0,1.0,24.0,0.009265
12184,US,US,PLAS1,REALE,3210.47,24.0,1.0,1.0,24.0,0.007476
215,US,US,AIRTR,MEDIC,1976.89,23.0,1.0,1.0,23.0,0.011634
15091,US,US,SUGAR,BUSIN,2964.45,23.0,1.0,1.0,23.0,0.007759
14524,US,US,SECO9,PAPER,1931.22,23.0,1.0,1.0,23.0,0.01191
8139,US,US,IRONO,BUSIN,2047.73,23.0,1.0,1.0,23.0,0.011232
118,US,US,93197,SUPPO,1643.52,23.0,1.0,1.0,23.0,0.013994
11473,US,US,PAPE3,REALE,2998.68,23.0,1.0,1.0,23.0,0.00767
11678,US,US,PAPER,BASIC,1539.15,23.0,1.0,1.0,23.0,0.014943
10023,US,US,MOTOR,SEACO,2019.53,23.0,1.0,1.0,23.0,0.011389
8361,US,US,LANDT,FINAN,2257.41,23.0,1.0,1.0,23.0,0.010189
12587,US,US,POSTT,RETAI,2895.28,23.0,1.0,1.0,23.0,0.007944
14155,US,US,RUBBE,PLAST,1921.56,23.0,1.0,1.0,23.0,0.011969
1827,US,US,BUSIN,TOBAC,3007.46,23.0,1.0,1.0,23.0,0.007648
5655,US,US,FINAN,CONST,2890.8,23.0,1.0,1.0,23.0,0.007956
3434,US,US,DIST1,FABRI,890.11,23.0,1.0,1.0,23.0,0.02584
12838,US,US,PRINT,MEMBE,1780.36,23.0,1.0,1.0,23.0,0.012919
14088,US,US,RUBBE,FABRI,1888.13,23.0,1.0,1.0,23.0,0.012181
3237,US,US,CRUDE,HEAVY,2148.29,23.0,1.0,1.0,23.0,0.010706
9072,US,US,MACHI,MACHI,2547.35,23.0,1.0,1.0,23.0,0.009029
13841,US,US,RENTI,SALEM,2870.74,23.0,1.0,1.0,23.0,0.008012
13537,US,US,RECRE,FINAN,2749.85,23.0,1.0,1.0,23.0,0.008364
13725,US,US,RENTI,CHEM1,2808.33,23.0,1.0,1.0,23.0,0.00819
3563,US,US,DISTR,BUSIN,1827.95,23.0,1.0,1.0,23.0,0.012582
6702,US,US,FOUND,TRANS,1770.17,22.0,1.0,1.0,22.0,0.012428
11915,US,US,PFERT,HEAVY,1538.05,22.0,1.0,1.0,22.0,0.014304
245,US,US,AIRTR,RADIO,1930.77,22.0,1.0,1.0,22.0,0.011394
6667,US,US,FOUND,MACHI,1765.18,22.0,1.0,1.0,22.0,0.012463
15212,US,US,SUPPO,HOTEL,2504.88,22.0,1.0,1.0,22.0,0.008783
7950,US,US,INSUR,SUPPO,3757.62,22.0,1.0,1.0,22.0,0.005855
2812,US,US,CONST,BUSIN,1670.2,22.0,1.0,1.0,22.0,0.013172
265,US,US,AIRTR,SUPPO,1901.48,22.0,1.0,1.0,22.0,0.01157
8728,US,US,LIQUE,IRONO,1896.77,22.0,1.0,1.0,22.0,0.011599
239,US,US,AIRTR,POSTT,1930.14,22.0,1.0,1.0,22.0,0.011398
13760,US,US,RENTI,FOOD5,2688.32,22.0,1.0,1.0,22.0,0.008184
8429,US,US,LANDT,PRINT,2111.31,22.0,1.0,1.0,22.0,0.01042
9593,US,US,MEMBE,CONST,515.11,22.0,1.0,1.0,22.0,0.042709
12035,US,US,PIGS9,RECRE,2380.07,22.0,1.0,1.0,22.0,0.009243
5601,US,US,FABRI,SEACO,2042.58,22.0,1.0,1.0,22.0,0.010771
9016,US,US,MACHI,COMPU,2433.16,22.0,1.0,1.0,22.0,0.009042
2763,US,US,COMPU,RENTI,3351.43,22.0,1.0,1.0,22.0,0.006564
9118,US,US,MACHI,REALE,2407.83,22.0,1.0,1.0,22.0,0.009137
3522,US,US,DIST1,SEACO,800.41,21.0,1.0,1.0,21.0,0.026237
253,US,US,AIRTR,RETA1,1801.73,21.0,1.0,1.0,21.0,0.011655
11824,US,US,PAPER,VEGE1,1404.38,21.0,1.0,1.0,21.0,0.014953
4188,US,US,ELEC1,REALE,2599.24,21.0,1.0,1.0,21.0,0.008079
4282,US,US,ELEC2,HEALT,2062.85,21.0,1.0,1.0,21.0,0.01018
14209,US,US,SALEM,AUXIL,2224.53,21.0,1.0,1.0,21.0,0.00944
3683,US,US,DISTR,SUPPO,1704.22,21.0,1.0,1.0,21.0,0.012322
14173,US,US,RUBBE,RETA1,1684.22,21.0,1.0,1.0,21.0,0.012469
7489,US,US,HOTEL,TEXTI,1107.47,21.0,1.0,1.0,21.0,0.018962
11635,US,US,PAPE4,REALE,2830.31,21.0,1.0,1.0,21.0,0.00742
16641,US,US,WHOLE,PRINT,2363.56,21.0,1.0,1.0,21.0,0.008885
2308,US,US,CHEM1,TOBAC,2267.26,21.0,1.0,1.0,21.0,0.009262
9127,US,US,MACHI,SALEM,2357.86,21.0,1.0,1.0,21.0,0.008906
2285,US,US,CHEM1,REALE,2273.82,21.0,1.0,1.0,21.0,0.009236
16071,US,US,VEGE1,POULT,1082.43,21.0,1.0,1.0,21.0,0.019401
9045,US,US,MACHI,FOOD5,2357.55,21.0,1.0,1.0,21.0,0.008908
15996,US,US,TRANS,RESEA,1717.97,20.0,1.0,1.0,20.0,0.011642
13455,US,US,REALE,RENTI,5058.01,20.0,1.0,1.0,20.0,0.003954
95,US,US,93197,POSTT,1437.33,20.0,1.0,1.0,20.0,0.013915
9049,US,US,MACHI,FURNI,2229.58,20.0,1.0,1.0,20.0,0.00897
6768,US,US,FURNI,HEALT,2177.24,20.0,1.0,1.0,20.0,0.009186
5754,US,US,FINAN,RECRE,2498.54,20.0,1.0,1.0,20.0,0.008005
2318,US,US,CHEM1,WHOLE,2099.61,20.0,1.0,1.0,20.0,0.009526
9329,US,US,MEATC,RAWMI,1303.37,20.0,1.0,1.0,20.0,0.015345
7360,US,US,HOTEL,CHEM1,1044.1,20.0,1.0,1.0,20.0,0.019155
8316,US,US,LANDT,AUXIL,1955.33,20.0,1.0,1.0,20.0,0.010228
5828,US,US,FISHF,HOTEL,949.7,20.0,1.0,1.0,20.0,0.021059
3202,US,US,CRUDE,BITUM,1870.8,20.0,1.0,1.0,20.0,0.010691
7842,US,US,INSUR,COMPU,3436.09,20.0,1.0,1.0,20.0,0.005821
16158,US,US,VEGET,RETA1,2344.44,20.0,1.0,1.0,20.0,0.008531
6375,US,US,FOOD5,RETA1,1037.81,20.0,1.0,1.0,20.0,0.019271
13851,US,US,RENTI,SUPPO,2438.82,20.0,1.0,1.0,20.0,0.008201
9126,US,US,MACHI,RUBBE,2081.41,19.0,1.0,1.0,19.0,0.009128
12883,US,US,PRINT,SALEM,1476.84,19.0,1.0,1.0,19.0,0.012865
2884,US,US,CONST,MEMBE,1431.31,19.0,1.0,1.0,19.0,0.013275
1962,US,US,CEMEN,POSTT,1710.17,19.0,1.0,1.0,19.0,0.01111
11734,US,US,PAPER,GLASS,1250.44,19.0,1.0,1.0,19.0,0.015195
7429,US,US,HOTEL,MEMBE,967.94,19.0,1.0,1.0,19.0,0.019629
13395,US,US,REALE,INSUR,4731.01,19.0,1.0,1.0,19.0,0.004016
2222,US,US,CHEM1,HOTEL,1989.64,19.0,1.0,1.0,19.0,0.009549
13753,US,US,RENTI,FABRI,2384.03,19.0,1.0,1.0,19.0,0.00797
5695,US,US,FINAN,INERT,2290.04,19.0,1.0,1.0,19.0,0.008297
9217,US,US,MEAT4,HOTEL,1640.63,19.0,1.0,1.0,19.0,0.011581
10089,US,US,NAPHT,PLAST,1637.31,19.0,1.0,1.0,19.0,0.011604
3504,US,US,DIST1,PRINT,723.43,19.0,1.0,1.0,19.0,0.026264
194,US,US,AIRTR,HOTEL,1632.96,19.0,1.0,1.0,19.0,0.011635
12585,US,US,POSTT,RESEA,2322.0,19.0,1.0,1.0,19.0,0.008183
12757,US,US,PRINT,AUXIL,1427.42,19.0,1.0,1.0,19.0,0.013311
4328,US,US,ELEC2,PFERT,1902.83,19.0,1.0,1.0,19.0,0.009985
6708,US,US,FURNI,93197,2107.08,19.0,1.0,1.0,19.0,0.009017
5307,US,US,ELECT,BASIC,2064.42,19.0,1.0,1.0,19.0,0.009204
9048,US,US,MACHI,FOUND,2145.54,19.0,1.0,1.0,19.0,0.008856
3758,US,US,EDUCA,HEALT,1310.74,19.0,1.0,1.0,19.0,0.014496
11755,US,US,PAPER,MEAT1,1231.05,19.0,1.0,1.0,19.0,0.015434
16389,US,US,WEARI,WEARI,1344.06,19.0,1.0,1.0,19.0,0.014136
5451,US,US,ELECT,TRANS,2104.5,19.0,1.0,1.0,19.0,0.009028
14602,US,US,SEWAG,HEALT,2589.62,19.0,1.0,1.0,19.0,0.007337
11746,US,US,PAPER,LANDT,1233.53,19.0,1.0,1.0,19.0,0.015403
13142,US,US,RADIO,FABRI,2067.37,19.0,1.0,1.0,19.0,0.00919
8426,US,US,LANDT,POSTT,1750.45,18.0,1.0,1.0,18.0,0.010283
4698,US,US,ELEC5,EDUCA,729.17,18.0,1.0,1.0,18.0,0.024686
10002,US,US,MOTOR,POSTT,1592.86,18.0,1.0,1.0,18.0,0.0113
13644,US,US,RECRE,WHOLE,2141.88,18.0,1.0,1.0,18.0,0.008404
157,US,US,AIRTR,CONST,1534.21,18.0,1.0,1.0,18.0,0.011732
1383,US,US,BITU1,CONST,1559.67,18.0,1.0,1.0,18.0,0.011541
2097,US,US,CEREA,BUSIN,2878.4,18.0,1.0,1.0,18.0,0.006253
15817,US,US,TRAN1,HEALT,872.49,18.0,1.0,1.0,18.0,0.020631
12393,US,US,PLAST,CHEM1,1784.39,18.0,1.0,1.0,18.0,0.010087
9212,US,US,MEAT4,FOOD5,1557.59,18.0,1.0,1.0,18.0,0.011556
2248,US,US,CHEM1,MOTOR,1916.24,18.0,1.0,1.0,18.0,0.009393
5482,US,US,FABRI,CHEM1,1688.74,18.0,1.0,1.0,18.0,0.010659
2757,US,US,COMPU,RAILW,2698.59,18.0,1.0,1.0,18.0,0.00667
7935,US,US,INSUR,RECRE,3188.82,18.0,1.0,1.0,18.0,0.005645
15756,US,US,TEXTI,WOODW,1201.99,18.0,1.0,1.0,18.0,0.014975
16629,US,US,WHOLE,PAPER,2040.71,18.0,1.0,1.0,18.0,0.00882
4631,US,US,ELEC4,REALE,951.67,18.0,1.0,1.0,18.0,0.018914
13858,US,US,RENTI,TRANS,2195.72,18.0,1.0,1.0,18.0,0.008198
6654,US,US,FOUND,FURNI,1476.11,18.0,1.0,1.0,18.0,0.012194
10624,US,US,NONME,IRONO,1594.21,17.0,1.0,1.0,17.0,0.010664
5479,US,US,FABRI,CEMEN,1587.93,17.0,1.0,1.0,17.0,0.010706
7060,US,US,GLASS,FOOD5,1583.46,17.0,1.0,1.0,17.0,0.010736
11722,US,US,PAPER,FISH5,1108.42,17.0,1.0,1.0,17.0,0.015337
3309,US,US,CRUDE,SEACO,1544.07,17.0,1.0,1.0,17.0,0.01101
17101,US,US,WOODW,REALE,882.43,17.0,1.0,1.0,17.0,0.019265
6366,US,US,FOOD5,PRINT,872.68,17.0,1.0,1.0,17.0,0.01948
9707,US,US,MEMBE,SUPPO,389.87,17.0,1.0,1.0,17.0,0.043604
14122,US,US,RUBBE,MEAT1,1356.99,17.0,1.0,1.0,17.0,0.012528
3390,US,US,DIST1,93197,634.5,17.0,1.0,1.0,17.0,0.026793
10301,US,US,NATUR,KEROS,1451.95,17.0,1.0,1.0,17.0,0.011708
1990,US,US,CEMEN,VEGE1,1516.8,17.0,1.0,1.0,17.0,0.011208
5366,US,US,ELECT,HOTEL,1877.63,17.0,1.0,1.0,17.0,0.009054
5693,US,US,FINAN,HOTEL,2064.73,17.0,1.0,1.0,17.0,0.008234
1742,US,US,BUSIN,INERT,2250.79,17.0,1.0,1.0,17.0,0.007553
14254,US,US,SALEM,FINAN,1828.12,17.0,1.0,1.0,17.0,0.009299
16168,US,US,VEGET,VEGE1,2034.87,17.0,1.0,1.0,17.0,0.008354
12542,US,US,POSTT,MEMBE,2071.45,17.0,1.0,1.0,17.0,0.008207
9078,US,US,MACHI,MEDIC,1877.46,17.0,1.0,1.0,17.0,0.009055
13493,US,US,RECRE,AUXIL,2119.63,17.0,1.0,1.0,17.0,0.00802
7047,US,US,GLASS,CONST,1633.45,17.0,1.0,1.0,17.0,0.010407
10834,US,US,OFFIC,COMPU,1916.67,17.0,1.0,1.0,17.0,0.00887
1762,US,US,BUSIN,MEATP,2229.92,17.0,1.0,1.0,17.0,0.007624
16654,US,US,WHOLE,RUBBE,1946.56,17.0,1.0,1.0,17.0,0.008733
13954,US,US,RESEA,MOTOR,2228.85,17.0,1.0,1.0,17.0,0.007627
6265,US,US,FOOD4,REALE,2305.53,17.0,1.0,1.0,17.0,0.007374
2993,US,US,COPP1,FOUND,1275.57,16.0,1.0,1.0,16.0,0.012543
10394,US,US,NFERT,CATTL,1198.11,16.0,1.0,1.0,16.0,0.013354
723,US,US,AUXIL,SUGAR,2675.63,16.0,1.0,1.0,16.0,0.00598
15753,US,US,TEXTI,WHOLE,1072.6,16.0,1.0,1.0,16.0,0.014917
7357,US,US,HOTEL,CEMEN,844.3,16.0,1.0,1.0,16.0,0.018951
3614,US,US,DISTR,LANDT,1288.54,16.0,1.0,1.0,16.0,0.012417
5740,US,US,FINAN,PLAS1,1961.31,16.0,1.0,1.0,16.0,0.008158
8891,US,US,LUBRI,FISH5,1437.11,16.0,1.0,1.0,16.0,0.011133
13223,US,US,RADIO,RETA1,1823.96,16.0,1.0,1.0,16.0,0.008772
9115,US,US,MACHI,RADIO,1811.09,16.0,1.0,1.0,16.0,0.008834
14086,US,US,RUBBE,ELECT,1337.87,16.0,1.0,1.0,16.0,0.011959
9788,US,US,MOTO1,HEALT,1806.59,16.0,1.0,1.0,16.0,0.008856
16576,US,US,WHOLE,FABRI,1800.4,16.0,1.0,1.0,16.0,0.008887
14501,US,US,SECO9,COPP1,1365.79,16.0,1.0,1.0,16.0,0.011715
5594,US,US,FABRI,RENTI,1531.96,16.0,1.0,1.0,16.0,0.010444
14832,US,US,STEAM,WHEAT,1054.41,16.0,1.0,1.0,16.0,0.015174
8996,US,US,MACHI,BASIC,1757.31,16.0,1.0,1.0,16.0,0.009105
1746,US,US,BUSIN,IRONO,2169.59,16.0,1.0,1.0,16.0,0.007375
724,US,US,AUXIL,SUPPO,2627.44,16.0,1.0,1.0,16.0,0.00609
13816,US,US,RENTI,PFERT,2015.92,16.0,1.0,1.0,16.0,0.007937
15863,US,US,TRAN1,PFERT,761.39,16.0,1.0,1.0,16.0,0.021014
13821,US,US,RENTI,PLAST,2051.22,16.0,1.0,1.0,16.0,0.0078
12346,US,US,PLAS2,REALE,2133.23,16.0,1.0,1.0,16.0,0.0075
13893,US,US,RESEA,COMPU,2057.12,16.0,1.0,1.0,16.0,0.007778
17015,US,US,WOODW,CHEM1,800.41,16.0,1.0,1.0,16.0,0.01999
3392,US,US,DIST1,ALUM1,624.61,16.0,1.0,1.0,16.0,0.025616
7398,US,US,HOTEL,FOUND,817.82,16.0,1.0,1.0,16.0,0.019564
14273,US,US,SALEM,INSUR,1637.68,16.0,1.0,1.0,16.0,0.00977
2705,US,US,COMPU,LANDT,2247.26,15.0,1.0,1.0,15.0,0.006675
2679,US,US,COMPU,FABRI,2292.64,15.0,1.0,1.0,15.0,0.006543
5732,US,US,FINAN,PAPE3,1837.58,15.0,1.0,1.0,15.0,0.008163
7214,US,US,HEAVY,CRUDE,1295.44,15.0,1.0,1.0,15.0,0.011579
258,US,US,AIRTR,SEACO,1293.85,15.0,1.0,1.0,15.0,0.011593
5578,US,US,FABRI,PLAST,1386.9,15.0,1.0,1.0,15.0,0.010815
17018,US,US,WOODW,COMPU,782.33,15.0,1.0,1.0,15.0,0.019173
14677,US,US,SEWAG,SEACO,2007.66,15.0,1.0,1.0,15.0,0.007471
1656,US,US,BRICK,RETAI,1260.85,15.0,1.0,1.0,15.0,0.011897
14140,US,US,RUBBE,OFFIC,1260.27,15.0,1.0,1.0,15.0,0.011902
11671,US,US,PAPER,93197,981.14,15.0,1.0,1.0,15.0,0.015288
6686,US,US,FOUND,RADIO,1193.39,15.0,1.0,1.0,15.0,0.012569
2886,US,US,CONST,MOTOR,1137.27,15.0,1.0,1.0,15.0,0.013189
2822,US,US,CONST,COLLE,1111.87,15.0,1.0,1.0,15.0,0.013491
2829,US,US,CONST,DIST1,1108.78,15.0,1.0,1.0,15.0,0.013528
13836,US,US,RENTI,RENTI,1888.99,15.0,1.0,1.0,15.0,0.007941
607,US,US,AUXIL,CRUDE,2531.92,15.0,1.0,1.0,15.0,0.005924
4680,US,US,ELEC5,BUSIN,631.36,15.0,1.0,1.0,15.0,0.023758
1754,US,US,BUSIN,LIQUE,1923.93,15.0,1.0,1.0,15.0,0.007797
1789,US,US,BUSIN,PLAS1,1928.86,15.0,1.0,1.0,15.0,0.007777
11689,US,US,PAPER,CEMEN,1015.69,15.0,1.0,1.0,15.0,0.014768
8380,US,US,LANDT,INSUR,1426.26,15.0,1.0,1.0,15.0,0.010517
6668,US,US,FOUND,MEDIC,1239.77,15.0,1.0,1.0,15.0,0.012099
13181,US,US,RADIO,MOTO1,1613.08,15.0,1.0,1.0,15.0,0.009299
2247,US,US,CHEM1,MOTO1,1610.08,15.0,1.0,1.0,15.0,0.009316
13198,US,US,RADIO,PAPER,1614.24,15.0,1.0,1.0,15.0,0.009292
2311,US,US,CHEM1,TRANS,1604.72,15.0,1.0,1.0,15.0,0.009347
9438,US,US,MEDIC,CONST,1625.51,15.0,1.0,1.0,15.0,0.009228
2255,US,US,CHEM1,NONME,1626.48,15.0,1.0,1.0,15.0,0.009222
8445,US,US,LANDT,SALEM,1431.59,15.0,1.0,1.0,15.0,0.010478
13101,US,US,RADIO,BEVER,1628.79,15.0,1.0,1.0,15.0,0.009209
9735,US,US,MOTO1,BIOGA,1669.45,15.0,1.0,1.0,15.0,0.008985
5622,US,US,FABRI,WHOLE,1432.16,15.0,1.0,1.0,15.0,0.010474
6743,US,US,FURNI,EDUCA,1667.57,15.0,1.0,1.0,15.0,0.008995
2217,US,US,CHEM1,GASDI,1634.92,15.0,1.0,1.0,15.0,0.009175
7811,US,US,INLAN,RESEA,1667.47,15.0,1.0,1.0,15.0,0.008996
5733,US,US,FINAN,PAPE4,1750.09,14.0,1.0,1.0,14.0,0.008
6640,US,US,FOUND,BUSIN,1151.88,14.0,1.0,1.0,14.0,0.012154
14192,US,US,RUBBE,TRAN2,1151.0,14.0,1.0,1.0,14.0,0.012163
14012,US,US,RESEA,WEARI,1874.38,14.0,1.0,1.0,14.0,0.007469
13995,US,US,RESEA,SEACO,1887.73,14.0,1.0,1.0,14.0,0.007416
14874,US,US,STONE,IRONO,1224.82,14.0,1.0,1.0,14.0,0.01143
3650,US,US,DISTR,PFERT,1126.74,14.0,1.0,1.0,14.0,0.012425
3316,US,US,CRUDE,SUPPO,1286.1,14.0,1.0,1.0,14.0,0.010886
6581,US,US,FORES,FOOD5,413.49,14.0,1.0,1.0,14.0,0.033858
2846,US,US,CONST,FINAN,1075.92,14.0,1.0,1.0,14.0,0.013012
5327,US,US,ELECT,COMPU,1486.72,14.0,1.0,1.0,14.0,0.009417
16122,US,US,VEGET,HOTEL,1664.4,14.0,1.0,1.0,14.0,0.008411
3481,US,US,DIST1,NONME,552.04,14.0,1.0,1.0,14.0,0.02536
2189,US,US,CHEM1,DIST1,1448.44,14.0,1.0,1.0,14.0,0.009666
13128,US,US,RADIO,EDUCA,1527.24,14.0,1.0,1.0,14.0,0.009167
4780,US,US,ELEC5,RETA1,577.61,14.0,1.0,1.0,14.0,0.024238
15173,US,US,SUPPO,COMPU,1533.68,14.0,1.0,1.0,14.0,0.009128
9692,US,US,MEMBE,RENTI,320.89,14.0,1.0,1.0,14.0,0.043629
15181,US,US,SUPPO,EDUCA,1554.02,14.0,1.0,1.0,14.0,0.009009
16026,US,US,VEGE1,CHEM1,714.27,14.0,1.0,1.0,14.0,0.0196
13100,US,US,RADIO,BASIC,1582.96,14.0,1.0,1.0,14.0,0.008844
6313,US,US,FOOD5,CHEM1,736.11,14.0,1.0,1.0,14.0,0.019019
6371,US,US,FOOD5,RAWMI,742.65,14.0,1.0,1.0,14.0,0.018851
2304,US,US,CHEM1,SUPPO,1448.72,14.0,1.0,1.0,14.0,0.009664
3676,US,US,DISTR,SEACO,1133.13,14.0,1.0,1.0,14.0,0.012355
4111,US,US,ELEC1,EDUCA,1737.92,14.0,1.0,1.0,14.0,0.008056
1781,US,US,BUSIN,PAPE3,1806.89,14.0,1.0,1.0,14.0,0.007748
14065,US,US,RUBBE,COMPU,1057.32,13.0,1.0,1.0,13.0,0.012295
293,US,US,ALUM1,CHEM1,1167.62,13.0,1.0,1.0,13.0,0.011134
5613,US,US,FABRI,TOBAC,1231.33,13.0,1.0,1.0,13.0,0.010558
15278,US,US,SUPPO,RESEA,1471.85,13.0,1.0,1.0,13.0,0.008832
9107,US,US,MACHI,POSTT,1399.08,13.0,1.0,1.0,13.0,0.009292
14202,US,US,RUBBE,WOODW,1102.27,13.0,1.0,1.0,13.0,0.011794
13972,US,US,RESEA,PFERT,1724.4,13.0,1.0,1.0,13.0,0.007539
9884,US,US,MOTO1,WHOLE,1488.0,13.0,1.0,1.0,13.0,0.008737
3238,US,US,CRUDE,HYDRO,1182.3,13.0,1.0,1.0,13.0,0.010996
3516,US,US,DIST1,RESEA,512.15,13.0,1.0,1.0,13.0,0.025383
14309,US,US,SALEM,PAPER,1382.26,13.0,1.0,1.0,13.0,0.009405
9877,US,US,MOTO1,TRANS,1433.56,13.0,1.0,1.0,13.0,0.009068
1686,US,US,BUSIN,BITUM,1649.82,13.0,1.0,1.0,13.0,0.00788
3200,US,US,CRUDE,BIOGA,1154.83,13.0,1.0,1.0,13.0,0.011257
2940,US,US,CONST,SUPPO,974.69,13.0,1.0,1.0,13.0,0.013338
3197,US,US,CRUDE,BASIC,1150.95,13.0,1.0,1.0,13.0,0.011295
2945,US,US,CONST,TRAN1,950.71,13.0,1.0,1.0,13.0,0.013674
175,US,US,AIRTR,ELECT,1147.24,13.0,1.0,1.0,13.0,0.011332
15923,US,US,TRANS,93197,1145.15,13.0,1.0,1.0,13.0,0.011352
16035,US,US,VEGE1,FISH5,658.36,13.0,1.0,1.0,13.0,0.019746
7468,US,US,HOTEL,RECRE,674.72,13.0,1.0,1.0,13.0,0.019267
16030,US,US,VEGE1,DAIRY,668.9,13.0,1.0,1.0,13.0,0.019435
13222,US,US,RADIO,RESEA,1478.04,13.0,1.0,1.0,13.0,0.008795
13832,US,US,RENTI,REALE,1592.52,13.0,1.0,1.0,13.0,0.008163
6302,US,US,FOOD5,AIRTR,660.51,13.0,1.0,1.0,13.0,0.019682
5654,US,US,FINAN,COMPU,1611.46,13.0,1.0,1.0,13.0,0.008067
14194,US,US,RUBBE,VEGE1,1033.37,13.0,1.0,1.0,13.0,0.01258
1782,US,US,BUSIN,PAPE4,1720.25,13.0,1.0,1.0,13.0,0.007557
5333,US,US,ELECT,DIST1,1420.93,13.0,1.0,1.0,13.0,0.009149
5758,US,US,FINAN,RESEA,1639.09,13.0,1.0,1.0,13.0,0.007931
13096,US,US,RADIO,ALUM1,1463.8,13.0,1.0,1.0,13.0,0.008881
14006,US,US,RESEA,TOBAC,1706.96,13.0,1.0,1.0,13.0,0.007616
4093,US,US,ELEC1,BUSIN,1608.35,13.0,1.0,1.0,13.0,0.008083
14358,US,US,SALEM,WHOLE,1374.37,13.0,1.0,1.0,13.0,0.009459
13897,US,US,RESEA,CRUDE,1764.35,13.0,1.0,1.0,13.0,0.007368
16399,US,US,WHEAT,BUSIN,1532.92,13.0,1.0,1.0,13.0,0.008481
15720,US,US,TEXTI,PRINT,846.04,13.0,1.0,1.0,13.0,0.015366
5746,US,US,FINAN,PRINT,1599.03,13.0,1.0,1.0,13.0,0.00813
3415,US,US,DIST1,COMPU,477.5,12.0,1.0,1.0,12.0,0.025131
9870,US,US,MOTO1,SUPPO,1303.93,12.0,1.0,1.0,12.0,0.009203
10045,US,US,MOTOR,WHOLE,1037.03,12.0,1.0,1.0,12.0,0.011572
6374,US,US,FOOD5,RESEA,655.21,12.0,1.0,1.0,12.0,0.018315
2332,US,US,CHEMI,BUSIN,1025.07,12.0,1.0,1.0,12.0,0.011707
14049,US,US,RUBBE,BIOGA,977.3,12.0,1.0,1.0,12.0,0.012279
1591,US,US,BRICK,BASIC,1016.44,12.0,1.0,1.0,12.0,0.011806
1702,US,US,BUSIN,COPP1,1533.17,12.0,1.0,1.0,12.0,0.007827
1739,US,US,BUSIN,HEAVY,1546.77,12.0,1.0,1.0,12.0,0.007758
13843,US,US,RENTI,SEACO,1536.57,12.0,1.0,1.0,12.0,0.00781
7456,US,US,HOTEL,PLAST,603.02,12.0,1.0,1.0,12.0,0.0199
14521,US,US,SECO9,NONF1,983.52,12.0,1.0,1.0,12.0,0.012201
9154,US,US,MACHI,WOODW,1354.29,12.0,1.0,1.0,12.0,0.008861
4489,US,US,ELEC3,REALE,2532.67,12.0,1.0,1.0,12.0,0.004738
17109,US,US,WOODW,RUBBE,618.36,12.0,1.0,1.0,12.0,0.019406
17094,US,US,WOODW,PRINT,638.36,12.0,1.0,1.0,12.0,0.018798
7340,US,US,HOTEL,AIRTR,636.94,12.0,1.0,1.0,12.0,0.01884
4556,US,US,ELEC4,EDUCA,636.33,12.0,1.0,1.0,12.0,0.018858
15271,US,US,SUPPO,RAILW,1359.92,12.0,1.0,1.0,12.0,0.008824
1707,US,US,BUSIN,DIST1,1634.5,12.0,1.0,1.0,12.0,0.007342
17106,US,US,WOODW,RESEA,620.71,12.0,1.0,1.0,12.0,0.019333
5496,US,US,FABRI,EDUCA,1132.59,12.0,1.0,1.0,12.0,0.010595
14672,US,US,SEWAG,RETA1,1645.49,12.0,1.0,1.0,12.0,0.007293
12521,US,US,POSTT,INLAN,1515.45,12.0,1.0,1.0,12.0,0.007918
9841,US,US,MOTO1,POSTT,1380.02,12.0,1.0,1.0,12.0,0.008696
10031,US,US,MOTOR,SUPPO,1094.2,12.0,1.0,1.0,12.0,0.010967
14458,US,US,SANDC,TRANS,1039.28,12.0,1.0,1.0,12.0,0.011546
5702,US,US,FINAN,LANDT,1429.45,12.0,1.0,1.0,12.0,0.008395
11802,US,US,PAPER,RESEA,800.15,12.0,1.0,1.0,12.0,0.014997
2216,US,US,CHEM1,FURNI,1254.67,12.0,1.0,1.0,12.0,0.009564
7817,US,US,INSUR,93197,2129.23,12.0,1.0,1.0,12.0,0.005636
1695,US,US,BUSIN,CHEMI,1622.85,12.0,1.0,1.0,12.0,0.007394
2776,US,US,COMPU,SUGA1,1843.99,12.0,1.0,1.0,12.0,0.006508
5349,US,US,ELECT,FABRI,1265.3,12.0,1.0,1.0,12.0,0.009484
2157,US,US,CHEM1,ALUM1,1269.07,12.0,1.0,1.0,12.0,0.009456
932,US,US,BEVER,BUSIN,767.82,12.0,1.0,1.0,12.0,0.015629
9101,US,US,MACHI,PFERT,1310.85,12.0,1.0,1.0,12.0,0.009154
2297,US,US,CHEM1,SECO9,1307.73,12.0,1.0,1.0,12.0,0.009176
2857,US,US,CONST,GASDI,911.2,12.0,1.0,1.0,12.0,0.013169
2768,US,US,COMPU,SALEM,1753.24,12.0,1.0,1.0,12.0,0.006844
10444,US,US,NONF1,BASIC,880.06,12.0,1.0,1.0,12.0,0.013635
5321,US,US,ELECT,CHEM1,1327.52,12.0,1.0,1.0,12.0,0.009039
13950,US,US,RESEA,MEATP,1615.64,12.0,1.0,1.0,12.0,0.007427
13927,US,US,RESEA,GLASS,1567.26,12.0,1.0,1.0,12.0,0.007657
5682,US,US,FINAN,FOOD4,1434.29,12.0,1.0,1.0,12.0,0.008367
3721,US,US,EDUCA,COMPU,822.95,12.0,1.0,1.0,12.0,0.014582
11311,US,US,PAPE1,REALE,1631.23,12.0,1.0,1.0,12.0,0.007356
13442,US,US,REALE,POULT,2908.21,12.0,1.0,1.0,12.0,0.004126
12501,US,US,POSTT,FABRI,1444.48,12.0,1.0,1.0,12.0,0.008307
13813,US,US,RENTI,PAPER,1438.34,12.0,1.0,1.0,12.0,0.008343
681,US,US,AUXIL,PADDY,1999.06,12.0,1.0,1.0,12.0,0.006003
7043,US,US,GLASS,CHEM1,1010.09,11.0,1.0,1.0,11.0,0.01089
2778,US,US,COMPU,SUPPO,1602.64,11.0,1.0,1.0,11.0,0.006864
2889,US,US,CONST,NATUR,824.41,11.0,1.0,1.0,11.0,0.013343
4194,US,US,ELEC1,RETA1,1381.51,11.0,1.0,1.0,11.0,0.007962
14431,US,US,SANDC,PAPER,995.46,11.0,1.0,1.0,11.0,0.01105
2974,US,US,COPP1,CONST,881.91,11.0,1.0,1.0,11.0,0.012473
5609,US,US,FABRI,SUPPO,1002.01,11.0,1.0,1.0,11.0,0.010978
1729,US,US,BUSIN,FOOD4,1409.81,11.0,1.0,1.0,11.0,0.007802
227,US,US,AIRTR,OFFIC,951.38,11.0,1.0,1.0,11.0,0.011562
11880,US,US,PFERT,BITU1,746.3,11.0,1.0,1.0,11.0,0.014739
11833,US,US,PAPER,WOODW,737.22,11.0,1.0,1.0,11.0,0.014921
13892,US,US,RESEA,COLLE,1393.89,11.0,1.0,1.0,11.0,0.007892
7530,US,US,HYDRO,CONST,930.56,11.0,1.0,1.0,11.0,0.011821
1095,US,US,BIODI,RAILW,985.03,11.0,1.0,1.0,11.0,0.011167
13313,US,US,RAWMI,FOOD5,932.39,11.0,1.0,1.0,11.0,0.011798
3240,US,US,CRUDE,INLAN,984.06,11.0,1.0,1.0,11.0,0.011178
11819,US,US,PAPER,TEXTI,699.42,11.0,1.0,1.0,11.0,0.015727
9596,US,US,MEMBE,CRUDE,243.31,11.0,1.0,1.0,11.0,0.04521
2681,US,US,COMPU,FISH5,1631.25,11.0,1.0,1.0,11.0,0.006743
5762,US,US,FINAN,SALEM,1304.25,11.0,1.0,1.0,11.0,0.008434
9856,US,US,MOTO1,RESEA,1235.57,11.0,1.0,1.0,11.0,0.008903
3520,US,US,DIST1,SALEM,422.27,11.0,1.0,1.0,11.0,0.02605
6770,US,US,FURNI,HOTEL,1209.35,11.0,1.0,1.0,11.0,0.009096
3455,US,US,DIST1,IRONO,402.59,11.0,1.0,1.0,11.0,0.027323
2182,US,US,CHEM1,COMPU,1193.84,11.0,1.0,1.0,11.0,0.009214
7937,US,US,INSUR,RENTI,1885.0,11.0,1.0,1.0,11.0,0.005836
15146,US,US,SUPPO,93197,1209.55,11.0,1.0,1.0,11.0,0.009094
5741,US,US,FINAN,PLAS2,1307.63,11.0,1.0,1.0,11.0,0.008412
787,US,US,BASIC,CEMEN,1430.4,11.0,1.0,1.0,11.0,0.00769
14321,US,US,SALEM,PRINT,1124.96,11.0,1.0,1.0,11.0,0.009778
5634,US,US,FINAN,BASIC,1347.83,11.0,1.0,1.0,11.0,0.008161
1768,US,US,BUSIN,NATU1,1485.01,11.0,1.0,1.0,11.0,0.007407
7643,US,US,INERT,BUSIN,1501.84,11.0,1.0,1.0,11.0,0.007324
3442,US,US,DIST1,FOUND,421.46,11.0,1.0,1.0,11.0,0.0261
2870,US,US,CONST,KEROS,843.76,11.0,1.0,1.0,11.0,0.013037
13225,US,US,RADIO,RUBBE,1265.03,11.0,1.0,1.0,11.0,0.008695
4713,US,US,ELEC5,HEALT,435.03,11.0,1.0,1.0,11.0,0.025286
7938,US,US,INSUR,RESEA,1843.79,11.0,1.0,1.0,11.0,0.005966
4284,US,US,ELEC2,HOTEL,1140.4,11.0,1.0,1.0,11.0,0.009646
2281,US,US,CHEM1,PULP5,1151.08,11.0,1.0,1.0,11.0,0.009556
3500,US,US,DIST1,POSTT,432.84,11.0,1.0,1.0,11.0,0.025414
13712,US,US,RENTI,BEVER,1369.97,11.0,1.0,1.0,11.0,0.008029
17039,US,US,WOODW,FURNI,584.92,11.0,1.0,1.0,11.0,0.018806
7928,US,US,INSUR,PRINT,1837.76,11.0,1.0,1.0,11.0,0.005986
3398,US,US,DIST1,BEVER,402.91,11.0,1.0,1.0,11.0,0.027301
7341,US,US,HOTEL,ALUM1,508.88,10.0,1.0,1.0,10.0,0.019651
6834,US,US,FURNI,RETA1,1041.06,10.0,1.0,1.0,10.0,0.009606
8376,US,US,LANDT,HOTEL,945.7,10.0,1.0,1.0,10.0,0.010574
5743,US,US,FINAN,POSTT,1174.43,10.0,1.0,1.0,10.0,0.008515
17053,US,US,WOODW,LANDT,514.67,10.0,1.0,1.0,10.0,0.01943
2294,US,US,CHEM1,SALEM,1047.22,10.0,1.0,1.0,10.0,0.009549
10857,US,US,OFFIC,FINAN,1154.2,10.0,1.0,1.0,10.0,0.008664
7402,US,US,HOTEL,GLASS,507.87,10.0,1.0,1.0,10.0,0.01969
2836,US,US,CONST,ELEC3,735.01,10.0,1.0,1.0,10.0,0.013605
1867,US,US,CEMEN,BASIC,929.89,10.0,1.0,1.0,10.0,0.010754
5544,US,US,FABRI,MACHI,925.99,10.0,1.0,1.0,10.0,0.010799
6649,US,US,FOUND,ELECT,777.53,10.0,1.0,1.0,10.0,0.012861
5627,US,US,FINAN,93197,1253.28,10.0,1.0,1.0,10.0,0.007979
4637,US,US,ELEC4,RETA1,501.52,10.0,1.0,1.0,10.0,0.019939
819,US,US,BASIC,FOOD3,1239.18,10.0,1.0,1.0,10.0,0.00807
12074,US,US,PLAS1,BUSIN,1274.61,10.0,1.0,1.0,10.0,0.007846
12893,US,US,PRINT,SUPPO,761.99,10.0,1.0,1.0,10.0,0.013124
10647,US,US,NONME,NONME,889.74,10.0,1.0,1.0,10.0,0.011239
14849,US,US,STONE,BUSIN,874.83,10.0,1.0,1.0,10.0,0.011431
13612,US,US,RECRE,REALE,1229.34,10.0,1.0,1.0,10.0,0.008134
15084,US,US,SUGA1,VEGE1,743.3,10.0,1.0,1.0,10.0,0.013454
1688,US,US,BUSIN,BRICK,1324.9,10.0,1.0,1.0,10.0,0.007548
3292,US,US,CRUDE,PRIVA,910.16,10.0,1.0,1.0,10.0,0.010987
14573,US,US,SEWAG,EDUCA,1396.46,10.0,1.0,1.0,10.0,0.007161
1884,US,US,CEMEN,COMPU,910.79,10.0,1.0,1.0,10.0,0.010979
14613,US,US,SEWAG,LANDT,1286.67,10.0,1.0,1.0,10.0,0.007772
1790,US,US,BUSIN,PLAS2,1285.6,10.0,1.0,1.0,10.0,0.007778
1115,US,US,BIODI,SUPPO,923.25,10.0,1.0,1.0,10.0,0.010831
2016,US,US,CERAM,CONST,948.76,10.0,1.0,1.0,10.0,0.01054
7926,US,US,INSUR,POULT,1751.84,10.0,1.0,1.0,10.0,0.005708
3545,US,US,DIST1,WOODW,369.97,10.0,1.0,1.0,10.0,0.027029
2239,US,US,CHEM1,MACHI,1096.73,10.0,1.0,1.0,10.0,0.009118
3435,US,US,DIST1,FINAN,369.14,10.0,1.0,1.0,10.0,0.02709
10914,US,US,OFFIC,PRINT,1090.47,10.0,1.0,1.0,10.0,0.00917
9904,US,US,MOTOR,BUSIN,857.45,10.0,1.0,1.0,10.0,0.011662
2361,US,US,CHEMI,IRONO,808.9,10.0,1.0,1.0,10.0,0.012362
14045,US,US,RUBBE,BASIC,822.49,10.0,1.0,1.0,10.0,0.012158
3404,US,US,DIST1,BRICK,364.93,10.0,1.0,1.0,10.0,0.027403
1816,US,US,BUSIN,SECO9,1304.28,10.0,1.0,1.0,10.0,0.007667
14892,US,US,STONE,NONME,851.88,10.0,1.0,1.0,10.0,0.011739
13875,US,US,RESEA,BASIC,1375.6,10.0,1.0,1.0,10.0,0.00727
632,US,US,AUXIL,FOOD5,1636.05,10.0,1.0,1.0,10.0,0.006112
2163,US,US,CHEM1,BEVER,1055.98,10.0,1.0,1.0,10.0,0.00947
15819,US,US,TRAN1,HOTEL,482.58,10.0,1.0,1.0,10.0,0.020722
12427,US,US,PLAST,PAPER,1026.14,10.0,1.0,1.0,10.0,0.009745
2162,US,US,CHEM1,BASIC,1029.0,10.0,1.0,1.0,10.0,0.009718
13174,US,US,RADIO,MACHI,1053.79,10.0,1.0,1.0,10.0,0.00949
7497,US,US,HOTEL,WEARI,534.85,10.0,1.0,1.0,10.0,0.018697
5676,US,US,FINAN,FABRI,1268.38,10.0,1.0,1.0,10.0,0.007884
1001,US,US,BIODI,BUSIN,976.01,10.0,1.0,1.0,10.0,0.010246
10658,US,US,NONME,PFERT,962.64,10.0,1.0,1.0,10.0,0.010388
6739,US,US,FURNI,CRUDE,1101.86,10.0,1.0,1.0,10.0,0.009076
9037,US,US,MACHI,ELECT,1102.2,10.0,1.0,1.0,10.0,0.009073
13094,US,US,RADIO,93197,1105.32,10.0,1.0,1.0,10.0,0.009047
7790,US,US,INLAN,93197,1111.52,10.0,1.0,1.0,10.0,0.008997
6636,US,US,FOUND,ALUM1,807.32,10.0,1.0,1.0,10.0,0.012387
5375,US,US,ELECT,LANDT,1112.67,10.0,1.0,1.0,10.0,0.008987
4758,US,US,ELEC5,PFERT,399.59,10.0,1.0,1.0,10.0,0.025026
11823,US,US,PAPER,TRANS,636.23,10.0,1.0,1.0,10.0,0.015718
13408,US,US,REALE,MEAT1,2522.48,10.0,1.0,1.0,10.0,0.003964
10912,US,US,OFFIC,POSTT,1137.87,10.0,1.0,1.0,10.0,0.008788
4325,US,US,ELEC2,PAPER,965.68,10.0,1.0,1.0,10.0,0.010355
6735,US,US,FURNI,COMPU,1131.74,10.0,1.0,1.0,10.0,0.008836
5599,US,US,FABRI,SALEM,840.54,9.0,1.0,1.0,9.0,0.010707
10010,US,US,MOTOR,RAILW,786.74,9.0,1.0,1.0,9.0,0.01144
1853,US,US,CATTL,PAPER,835.28,9.0,1.0,1.0,9.0,0.010775
3245,US,US,CRUDE,LANDT,803.47,9.0,1.0,1.0,9.0,0.011201
5476,US,US,FABRI,BRICK,804.38,9.0,1.0,1.0,9.0,0.011189
17091,US,US,WOODW,POSTT,440.2,9.0,1.0,1.0,9.0,0.020445
1614,US,US,BRICK,GLASS,790.69,9.0,1.0,1.0,9.0,0.011382
14171,US,US,RUBBE,RENTI,704.98,9.0,1.0,1.0,9.0,0.012766
12623,US,US,POULT,HOTEL,770.91,9.0,1.0,1.0,9.0,0.011675
17004,US,US,WOODW,BEVER,447.99,9.0,1.0,1.0,9.0,0.02009
3532,US,US,DIST1,TEXTI,341.57,9.0,1.0,1.0,9.0,0.026349
3467,US,US,DIST1,MEAT4,338.25,9.0,1.0,1.0,9.0,0.026608
3401,US,US,DIST1,BIOGA,360.2,9.0,1.0,1.0,9.0,0.024986
3801,US,US,EDUCA,PRINT,597.74,9.0,1.0,1.0,9.0,0.015057
3421,US,US,DIST1,DAIRY,362.31,9.0,1.0,1.0,9.0,0.024841
15694,US,US,TEXTI,MEMBE,572.4,9.0,1.0,1.0,9.0,0.015723
11702,US,US,PAPER,CRUDE,605.0,9.0,1.0,1.0,9.0,0.014876
11761,US,US,PAPER,MOTO1,609.08,9.0,1.0,1.0,9.0,0.014776
5798,US,US,FISH5,FOOD5,566.31,9.0,1.0,1.0,9.0,0.015892
942,US,US,BEVER,FOOD5,561.49,9.0,1.0,1.0,9.0,0.016029
11816,US,US,PAPER,SUPPO,622.52,9.0,1.0,1.0,9.0,0.014457
113,US,US,93197,SEACO,638.47,9.0,1.0,1.0,9.0,0.014096
11926,US,US,PFERT,LUBRI,651.17,9.0,1.0,1.0,9.0,0.013821
17122,US,US,WOODW,TOBAC,451.66,9.0,1.0,1.0,9.0,0.019926
2834,US,US,CONST,ELEC1,665.07,9.0,1.0,1.0,9.0,0.013532
2925,US,US,CONST,RENTI,671.61,9.0,1.0,1.0,9.0,0.013401
4538,US,US,ELEC4,BUSIN,484.85,9.0,1.0,1.0,9.0,0.018562
7438,US,US,HOTEL,NONME,446.74,9.0,1.0,1.0,9.0,0.020146
14179,US,US,RUBBE,SECO9,698.21,9.0,1.0,1.0,9.0,0.01289
14116,US,US,RUBBE,LEATH,733.45,9.0,1.0,1.0,9.0,0.012271
9571,US,US,MEMBE,AUXIL,196.77,9.0,1.0,1.0,9.0,0.045739
16005,US,US,TRANS,SUPPO,753.24,9.0,1.0,1.0,9.0,0.011948
6987,US,US,GASDI,SEACO,763.28,9.0,1.0,1.0,9.0,0.011791
11781,US,US,PAPER,PFERT,594.78,9.0,1.0,1.0,9.0,0.015132
1596,US,US,BRICK,BUSIN,775.07,9.0,1.0,1.0,9.0,0.011612
2188,US,US,CHEM1,DAIRY,907.86,9.0,1.0,1.0,9.0,0.009913
5764,US,US,FINAN,SEACO,1051.51,9.0,1.0,1.0,9.0,0.008559
16109,US,US,VEGET,EDUCA,1054.56,9.0,1.0,1.0,9.0,0.008534
2245,US,US,CHEM1,MEDIC,947.77,9.0,1.0,1.0,9.0,0.009496
11525,US,US,PAPE4,BUSIN,1148.8,9.0,1.0,1.0,9.0,0.007834
9724,US,US,MOTO1,93197,994.03,9.0,1.0,1.0,9.0,0.009054
14253,US,US,SALEM,FABRI,955.46,9.0,1.0,1.0,9.0,0.00942
13143,US,US,RADIO,FINAN,1034.86,9.0,1.0,1.0,9.0,0.008697
4375,US,US,ELEC2,WHOLE,863.63,9.0,1.0,1.0,9.0,0.010421
5302,US,US,ELECT,ALUM1,1002.04,9.0,1.0,1.0,9.0,0.008982
1794,US,US,BUSIN,PREC1,1239.25,9.0,1.0,1.0,9.0,0.007262
13049,US,US,PUBLI,RETA1,946.54,9.0,1.0,1.0,9.0,0.009508
13282,US,US,RAILW,POSTT,1292.44,9.0,1.0,1.0,9.0,0.006964
703,US,US,AUXIL,RAILW,1548.77,9.0,1.0,1.0,9.0,0.005811
13191,US,US,RADIO,OFFIC,995.4,9.0,1.0,1.0,9.0,0.009042
13953,US,US,RESEA,MOTO1,1230.27,9.0,1.0,1.0,9.0,0.007315
1012,US,US,BIODI,CONST,881.37,9.0,1.0,1.0,9.0,0.010211
9431,US,US,MEDIC,CHEM1,998.26,9.0,1.0,1.0,9.0,0.009016
14698,US,US,SEWAG,WHOLE,1140.89,9.0,1.0,1.0,9.0,0.007889
14332,US,US,SALEM,RESEA,900.84,9.0,1.0,1.0,9.0,0.009991
15308,US,US,SUPPO,WOODW,1031.46,9.0,1.0,1.0,9.0,0.008725
13879,US,US,RESEA,BIOGA,1140.61,9.0,1.0,1.0,9.0,0.007891
13167,US,US,RADIO,LANDT,962.45,9.0,1.0,1.0,9.0,0.009351
14604,US,US,SEWAG,HOTEL,1161.82,9.0,1.0,1.0,9.0,0.007746
12483,US,US,POSTT,CRUDE,1168.42,9.0,1.0,1.0,9.0,0.007703
5573,US,US,FABRI,PFERT,847.58,9.0,1.0,1.0,9.0,0.010618
11363,US,US,PAPE3,BUSIN,1203.08,9.0,1.0,1.0,9.0,0.007481
8093,US,US,INTER,REALE,1189.84,9.0,1.0,1.0,9.0,0.007564
17066,US,US,WOODW,MOTO1,409.28,8.0,1.0,1.0,8.0,0.019547
3656,US,US,DISTR,POSTT,612.77,8.0,1.0,1.0,8.0,0.013055
7314,US,US,HEAVY,SEACO,714.44,8.0,1.0,1.0,8.0,0.011198
3297,US,US,CRUDE,RAILW,717.12,8.0,1.0,1.0,8.0,0.011156
2341,US,US,CHEMI,CONST,721.39,8.0,1.0,1.0,8.0,0.01109
3030,US,US,COPP1,PREC1,607.33,8.0,1.0,1.0,8.0,0.013172
10576,US,US,NONME,BASIC,719.8,8.0,1.0,1.0,8.0,0.011114
3206,US,US,CRUDE,CEMEN,720.08,8.0,1.0,1.0,8.0,0.01111
5731,US,US,FINAN,PAPE1,1006.77,8.0,1.0,1.0,8.0,0.007946
3207,US,US,CRUDE,CERAM,722.89,8.0,1.0,1.0,8.0,0.011067
6347,US,US,FOOD5,MEATP,403.6,8.0,1.0,1.0,8.0,0.019822
13489,US,US,RECRE,93197,1010.43,8.0,1.0,1.0,8.0,0.007917
13948,US,US,RESEA,MEAT4,1015.34,8.0,1.0,1.0,8.0,0.007879
3674,US,US,DISTR,SALEM,597.81,8.0,1.0,1.0,8.0,0.013382
15277,US,US,SUPPO,RENTI,918.8,8.0,1.0,1.0,8.0,0.008707
2337,US,US,CHEMI,CHEM1,712.25,8.0,1.0,1.0,8.0,0.011232
10341,US,US,NATUR,PLAST,665.92,8.0,1.0,1.0,8.0,0.012013
13711,US,US,RENTI,BASIC,945.08,8.0,1.0,1.0,8.0,0.008465
13258,US,US,RAILW,BUSIN,1254.32,8.0,1.0,1.0,8.0,0.006378
15695,US,US,TEXTI,MOTO1,515.05,8.0,1.0,1.0,8.0,0.015532
9228,US,US,MEAT4,MEAT4,659.95,8.0,1.0,1.0,8.0,0.012122
901,US,US,BASIC,RUBBE,958.61,8.0,1.0,1.0,8.0,0.008345
12620,US,US,POULT,EDUCA,660.68,8.0,1.0,1.0,8.0,0.012109
5772,US,US,FINAN,SUPPO,981.97,8.0,1.0,1.0,8.0,0.008147
10320,US,US,NATUR,NATUR,638.28,8.0,1.0,1.0,8.0,0.012534
1761,US,US,BUSIN,MEATC,988.55,8.0,1.0,1.0,8.0,0.008093
5779,US,US,FINAN,TRANS,988.96,8.0,1.0,1.0,8.0,0.008089
1780,US,US,BUSIN,PAPE1,989.91,8.0,1.0,1.0,8.0,0.008082
2852,US,US,CONST,FOOD5,636.04,8.0,1.0,1.0,8.0,0.012578
3574,US,US,DISTR,COMPU,671.03,8.0,1.0,1.0,8.0,0.011922
829,US,US,BASIC,HEALT,956.63,8.0,1.0,1.0,8.0,0.008363
15669,US,US,TEXTI,FURNI,503.51,8.0,1.0,1.0,8.0,0.015888
4172,US,US,ELEC1,PFERT,956.63,8.0,1.0,1.0,8.0,0.008363
15974,US,US,TRANS,MACHI,688.33,8.0,1.0,1.0,8.0,0.011622
251,US,US,AIRTR,RENTI,691.48,8.0,1.0,1.0,8.0,0.011569
6637,US,US,FOUND,BASIC,625.31,8.0,1.0,1.0,8.0,0.012794
13610,US,US,RECRE,RAILW,996.92,8.0,1.0,1.0,8.0,0.008025
16572,US,US,WHOLE,DAIRY,916.21,8.0,1.0,1.0,8.0,0.008732
16998,US,US,WOODW,93197,426.41,8.0,1.0,1.0,8.0,0.018761
6568,US,US,FORES,CHEM1,238.46,8.0,1.0,1.0,8.0,0.033549
11672,US,US,PAPER,AIRTR,525.61,8.0,1.0,1.0,8.0,0.01522
11721,US,US,PAPER,FINAN,533.53,8.0,1.0,1.0,8.0,0.014994
9091,US,US,MACHI,OFFIC,913.12,8.0,1.0,1.0,8.0,0.008761
6301,US,US,FOOD5,93197,448.26,8.0,1.0,1.0,8.0,0.017847
891,US,US,BASIC,RAILW,1073.9,8.0,1.0,1.0,8.0,0.007449
9522,US,US,MEDIC,POSTT,855.82,8.0,1.0,1.0,8.0,0.009348
14204,US,US,SALEM,93197,819.34,8.0,1.0,1.0,8.0,0.009764
1713,US,US,BUSIN,ELEC2,1066.47,8.0,1.0,1.0,8.0,0.007501
15195,US,US,SUPPO,FABRI,883.98,8.0,1.0,1.0,8.0,0.00905
11768,US,US,PAPER,NONME,545.5,8.0,1.0,1.0,8.0,0.014665
1843,US,US,CATTL,CATTL,772.53,8.0,1.0,1.0,8.0,0.010356
2838,US,US,CONST,ELEC5,577.74,8.0,1.0,1.0,8.0,0.013847
13043,US,US,PUBLI,REALE,775.26,8.0,1.0,1.0,8.0,0.010319
15167,US,US,SUPPO,CHEM1,879.21,8.0,1.0,1.0,8.0,0.009099
297,US,US,ALUM1,CONST,782.31,8.0,1.0,1.0,8.0,0.010226
11730,US,US,PAPER,FOUND,544.51,8.0,1.0,1.0,8.0,0.014692
13994,US,US,RESEA,SANDC,1107.84,8.0,1.0,1.0,8.0,0.007221
5433,US,US,ELECT,RUBBE,856.9,8.0,1.0,1.0,8.0,0.009336
5493,US,US,FABRI,DAIRY,783.05,8.0,1.0,1.0,8.0,0.010216
2279,US,US,CHEM1,PROCE,873.32,8.0,1.0,1.0,8.0,0.00916
1819,US,US,BUSIN,STONE,1056.86,8.0,1.0,1.0,8.0,0.00757
15860,US,US,TRAN1,PAPER,386.27,8.0,1.0,1.0,8.0,0.020711
9790,US,US,MOTO1,HOTEL,858.98,8.0,1.0,1.0,8.0,0.009313
9753,US,US,MOTO1,COPP1,859.82,8.0,1.0,1.0,8.0,0.009304
14312,US,US,SALEM,PFERT,796.97,8.0,1.0,1.0,8.0,0.010038
5429,US,US,ELECT,RENTI,862.91,8.0,1.0,1.0,8.0,0.009271
13152,US,US,RADIO,FURNI,871.01,8.0,1.0,1.0,8.0,0.009185
7691,US,US,INERT,HEALT,1113.92,8.0,1.0,1.0,8.0,0.007182
290,US,US,ALUM1,BUSIN,743.38,8.0,1.0,1.0,8.0,0.010762
13928,US,US,RESEA,HEALT,1121.22,8.0,1.0,1.0,8.0,0.007135
6818,US,US,FURNI,POSTT,898.41,8.0,1.0,1.0,8.0,0.008905
11793,US,US,PAPER,PULP5,538.31,8.0,1.0,1.0,8.0,0.014861
8436,US,US,LANDT,REALE,743.11,8.0,1.0,1.0,8.0,0.010766
10055,US,US,NAPHT,CHEM1,747.56,8.0,1.0,1.0,8.0,0.010701
8813,US,US,LIQUI,PRINT,562.47,8.0,1.0,1.0,8.0,0.014223
625,US,US,AUXIL,FABRI,1417.6,8.0,1.0,1.0,8.0,0.005643
3201,US,US,CRUDE,BITU1,750.22,8.0,1.0,1.0,8.0,0.010664
3387,US,US,DAIRY,VEGE1,560.49,8.0,1.0,1.0,8.0,0.014273
716,US,US,AUXIL,SEACO,1336.37,8.0,1.0,1.0,8.0,0.005986
6859,US,US,FURNI,WHOLE,901.49,8.0,1.0,1.0,8.0,0.008874
15051,US,US,SUGA1,DAIRY,586.96,8.0,1.0,1.0,8.0,0.01363
4126,US,US,ELEC1,HEALT,1036.84,8.0,1.0,1.0,8.0,0.007716
15910,US,US,TRAN1,WHOLE,369.7,8.0,1.0,1.0,8.0,0.021639
10585,US,US,NONME,BUSIN,760.08,8.0,1.0,1.0,8.0,0.010525
4412,US,US,ELEC3,EDUCA,1693.41,8.0,1.0,1.0,8.0,0.004724
1814,US,US,BUSIN,SANDC,1092.66,8.0,1.0,1.0,8.0,0.007322
13999,US,US,RESEA,STONE,1075.8,8.0,1.0,1.0,8.0,0.007436
1829,US,US,BUSIN,TRAN2,1093.47,8.0,1.0,1.0,8.0,0.007316
11952,US,US,PFERT,PETRO,518.93,7.0,1.0,1.0,7.0,0.013489
3591,US,US,DISTR,FINAN,522.59,7.0,1.0,1.0,7.0,0.013395
2930,US,US,CONST,SALEM,548.9,7.0,1.0,1.0,7.0,0.012753
5617,US,US,FABRI,VEGE1,644.84,7.0,1.0,1.0,7.0,0.010855
11966,US,US,PFERT,REALE,516.58,7.0,1.0,1.0,7.0,0.013551
713,US,US,AUXIL,RUBBE,1168.78,7.0,1.0,1.0,7.0,0.005989
14123,US,US,RUBBE,MEAT4,569.46,7.0,1.0,1.0,7.0,0.012292
14566,US,US,SEWAG,CONST,986.21,7.0,1.0,1.0,7.0,0.007098
4571,US,US,ELEC4,HEALT,379.64,7.0,1.0,1.0,7.0,0.018439
177,US,US,AIRTR,FABRI,621.21,7.0,1.0,1.0,7.0,0.011268
3647,US,US,DISTR,PAPER,571.63,7.0,1.0,1.0,7.0,0.012246
10250,US,US,NATUR,CHEM1,631.71,7.0,1.0,1.0,7.0,0.011081
3812,US,US,EDUCA,RENTI,510.91,7.0,1.0,1.0,7.0,0.013701
335,US,US,ALUM1,MOTO1,603.35,7.0,1.0,1.0,7.0,0.011602
6673,US,US,FOUND,OFFIC,588.63,7.0,1.0,1.0,7.0,0.011892
2914,US,US,CONST,PRINT,530.85,7.0,1.0,1.0,7.0,0.013186
252,US,US,AIRTR,RESEA,606.37,7.0,1.0,1.0,7.0,0.011544
332,US,US,ALUM1,MACHI,608.2,7.0,1.0,1.0,7.0,0.011509
3167,US,US,CROPS,REALE,1005.25,7.0,1.0,1.0,7.0,0.006963
4615,US,US,ELEC4,PFERT,346.37,7.0,1.0,1.0,7.0,0.02021
14393,US,US,SANDC,FOUND,610.67,7.0,1.0,1.0,7.0,0.011463
7423,US,US,HOTEL,MEAT1,348.97,7.0,1.0,1.0,7.0,0.020059
14847,US,US,STONE,BITUM,614.26,7.0,1.0,1.0,7.0,0.011396
7486,US,US,HOTEL,SUPPO,352.06,7.0,1.0,1.0,7.0,0.019883
1861,US,US,CEMEN,93197,615.66,7.0,1.0,1.0,7.0,0.01137
1919,US,US,CEMEN,HEALT,578.98,7.0,1.0,1.0,7.0,0.01209
5524,US,US,FABRI,GLASS,619.84,7.0,1.0,1.0,7.0,0.011293
7480,US,US,HOTEL,SEWAG,356.39,7.0,1.0,1.0,7.0,0.019641
7347,US,US,HOTEL,BEVER,357.49,7.0,1.0,1.0,7.0,0.019581
14072,US,US,RUBBE,DIST1,536.29,7.0,1.0,1.0,7.0,0.013053
10336,US,US,NATUR,PFERT,577.32,7.0,1.0,1.0,7.0,0.012125
7007,US,US,GASDI,WHOLE,624.0,7.0,1.0,1.0,7.0,0.011218
2770,US,US,COMPU,SEACO,1057.82,7.0,1.0,1.0,7.0,0.006617
1889,US,US,CEMEN,CRUDE,628.26,7.0,1.0,1.0,7.0,0.011142
2831,US,US,CONST,EDUCA,522.97,7.0,1.0,1.0,7.0,0.013385
1692,US,US,BUSIN,CERAM,975.3,7.0,1.0,1.0,7.0,0.007177
7371,US,US,HOTEL,DAIRY,370.86,7.0,1.0,1.0,7.0,0.018875
6879,US,US,GASDI,BUSIN,651.48,7.0,1.0,1.0,7.0,0.010745
2251,US,US,CHEM1,NATUR,743.89,7.0,1.0,1.0,7.0,0.00941
15302,US,US,SUPPO,WEARI,765.24,7.0,1.0,1.0,7.0,0.009147
9699,US,US,MEMBE,SEACO,151.67,7.0,1.0,1.0,7.0,0.046153
11410,US,US,PAPE3,HEALT,888.09,7.0,1.0,1.0,7.0,0.007882
13179,US,US,RADIO,MEDIC,754.21,7.0,1.0,1.0,7.0,0.009281
13930,US,US,RESEA,HOTEL,898.11,7.0,1.0,1.0,7.0,0.007794
13214,US,US,RADIO,RADIO,751.82,7.0,1.0,1.0,7.0,0.009311
16632,US,US,WHOLE,PFERT,751.09,7.0,1.0,1.0,7.0,0.00932
15202,US,US,SUPPO,FOOD5,747.14,7.0,1.0,1.0,7.0,0.009369
5390,US,US,ELECT,MOTO1,729.99,7.0,1.0,1.0,7.0,0.009589
1367,US,US,BIOGA,WHOLE,713.27,7.0,1.0,1.0,7.0,0.009814
6624,US,US,FORES,SECO9,202.49,7.0,1.0,1.0,7.0,0.03457
15628,US,US,TEXTI,93197,487.42,7.0,1.0,1.0,7.0,0.014361
8991,US,US,MACHI,ALUM1,729.15,7.0,1.0,1.0,7.0,0.0096
9537,US,US,MEDIC,RESEA,724.64,7.0,1.0,1.0,7.0,0.00966
13899,US,US,RESEA,DIST1,941.93,7.0,1.0,1.0,7.0,0.007432
14334,US,US,SALEM,RUBBE,719.05,7.0,1.0,1.0,7.0,0.009735
2817,US,US,CONST,CHEM1,490.63,7.0,1.0,1.0,7.0,0.014267
11731,US,US,PAPER,FURNI,437.72,7.0,1.0,1.0,7.0,0.015992
13605,US,US,RECRE,PRINT,886.43,7.0,1.0,1.0,7.0,0.007897
15164,US,US,SUPPO,CEMEN,767.84,7.0,1.0,1.0,7.0,0.009116
14259,US,US,SALEM,FOOD5,767.99,7.0,1.0,1.0,7.0,0.009115
13943,US,US,RESEA,LIQUE,882.86,7.0,1.0,1.0,7.0,0.007929
4159,US,US,ELEC1,NONME,841.6,7.0,1.0,1.0,7.0,0.008317
11795,US,US,PAPER,RAILW,470.13,7.0,1.0,1.0,7.0,0.014889
13795,US,US,RENTI,MOTO1,832.33,7.0,1.0,1.0,7.0,0.00841
16553,US,US,WHOLE,BEVER,831.43,7.0,1.0,1.0,7.0,0.008419
13575,US,US,RECRE,MEMBE,830.76,7.0,1.0,1.0,7.0,0.008426
9525,US,US,MEDIC,PRINT,824.51,7.0,1.0,1.0,7.0,0.00849
16668,US,US,WHOLE,TOBAC,854.43,7.0,1.0,1.0,7.0,0.008193
11786,US,US,PAPER,PLAST,460.08,7.0,1.0,1.0,7.0,0.015215
3815,US,US,EDUCA,RETAI,456.9,7.0,1.0,1.0,7.0,0.015321
4394,US,US,ELEC3,BUSIN,1549.1,7.0,1.0,1.0,7.0,0.004519
5364,US,US,ELECT,HEALT,809.08,7.0,1.0,1.0,7.0,0.008652
1708,US,US,BUSIN,DISTR,863.93,7.0,1.0,1.0,7.0,0.008103
11968,US,US,PFERT,REFI1,480.57,7.0,1.0,1.0,7.0,0.014566
13840,US,US,RENTI,RUBBE,872.06,7.0,1.0,1.0,7.0,0.008027
13206,US,US,RADIO,PLAST,788.4,7.0,1.0,1.0,7.0,0.008879
3339,US,US,DAIRY,BUSIN,481.97,7.0,1.0,1.0,7.0,0.014524
13946,US,US,RESEA,MACHI,880.0,7.0,1.0,1.0,7.0,0.007955
6155,US,US,FOOD4,BUSIN,944.1,7.0,1.0,1.0,7.0,0.007414
11935,US,US,PFERT,NAPHT,487.51,7.0,1.0,1.0,7.0,0.014359
8455,US,US,LANDT,SUPPO,676.83,7.0,1.0,1.0,7.0,0.010342
4232,US,US,ELEC2,BASIC,669.84,7.0,1.0,1.0,7.0,0.01045
12121,US,US,PLAS1,HEALT,956.8,7.0,1.0,1.0,7.0,0.007316
9916,US,US,MOTOR,COPP1,662.39,7.0,1.0,1.0,7.0,0.010568
2228,US,US,CHEM1,IRONO,694.26,7.0,1.0,1.0,7.0,0.010083
6521,US,US,FOODW,REALE,948.2,7.0,1.0,1.0,7.0,0.007382
2720,US,US,COMPU,MEMBE,1101.44,7.0,1.0,1.0,7.0,0.006355
5612,US,US,FABRI,TEXTI,696.31,7.0,1.0,1.0,7.0,0.010053
14010,US,US,RESEA,VEGE1,956.77,7.0,1.0,1.0,7.0,0.007316
2845,US,US,CONST,FABRI,507.52,7.0,1.0,1.0,7.0,0.013793
1205,US,US,BIOG1,RUBBE,264.87,7.0,1.0,1.0,7.0,0.026428
5560,US,US,FABRI,NONME,703.55,7.0,1.0,1.0,7.0,0.00995
3263,US,US,CRUDE,NAPHT,680.62,7.0,1.0,1.0,7.0,0.010285
3536,US,US,DIST1,TRANS,282.83,7.0,1.0,1.0,7.0,0.02475
3252,US,US,CRUDE,LUBRI,655.61,7.0,1.0,1.0,7.0,0.010677
7921,US,US,INSUR,PIGS9,1286.52,7.0,1.0,1.0,7.0,0.005441
2312,US,US,CHEM1,VEGE1,706.27,7.0,1.0,1.0,7.0,0.009911
16962,US,US,WOOD2,REALE,964.88,7.0,1.0,1.0,7.0,0.007255
12445,US,US,PLAST,TEXTI,712.63,7.0,1.0,1.0,7.0,0.009823
8441,US,US,LANDT,RESEA,676.61,7.0,1.0,1.0,7.0,0.010346
3444,US,US,DIST1,GASDI,254.97,7.0,1.0,1.0,7.0,0.027454
4362,US,US,ELEC2,SUPPO,712.56,7.0,1.0,1.0,7.0,0.009824
2282,US,US,CHEM1,RADIO,693.24,7.0,1.0,1.0,7.0,0.010098
2902,US,US,CONST,PAPER,450.51,6.0,1.0,1.0,6.0,0.013318
12645,US,US,PREC1,BUSIN,388.75,6.0,1.0,1.0,6.0,0.015434
14186,US,US,RUBBE,SUPPO,480.82,6.0,1.0,1.0,6.0,0.012479
15700,US,US,TEXTI,NONME,398.26,6.0,1.0,1.0,6.0,0.015066
2796,US,US,CONST,93197,415.41,6.0,1.0,1.0,6.0,0.014444
1976,US,US,CEMEN,RUBBE,506.28,6.0,1.0,1.0,6.0,0.011851
11797,US,US,PAPER,REALE,382.39,6.0,1.0,1.0,6.0,0.015691
1,US,US,93197,93197,413.73,6.0,1.0,1.0,6.0,0.014502
14090,US,US,RUBBE,FISH5,515.27,6.0,1.0,1.0,6.0,0.011644
14101,US,US,RUBBE,GLASS,506.44,6.0,1.0,1.0,6.0,0.011847
108,US,US,93197,RETA1,461.55,6.0,1.0,1.0,6.0,0.013
7088,US,US,GLASS,MOTO1,548.22,6.0,1.0,1.0,6.0,0.010945
1246,US,US,BIOGA,CONST,549.36,6.0,1.0,1.0,6.0,0.010922
1595,US,US,BRICK,BRICK,549.42,6.0,1.0,1.0,6.0,0.010921
2837,US,US,CONST,ELEC4,474.53,6.0,1.0,1.0,6.0,0.012644
2544,US,US,COLLE,LANDT,418.09,6.0,1.0,1.0,6.0,0.014351
16001,US,US,TRANS,SEACO,511.87,6.0,1.0,1.0,6.0,0.011722
11758,US,US,PAPER,MEATP,373.98,6.0,1.0,1.0,6.0,0.016044
12824,US,US,PRINT,LANDT,423.37,6.0,1.0,1.0,6.0,0.014172
1908,US,US,CEMEN,FISH5,527.78,6.0,1.0,1.0,6.0,0.011368
8360,US,US,LANDT,FABRI,540.96,6.0,1.0,1.0,6.0,0.011091
8241,US,US,KERO1,PLANT,532.37,6.0,1.0,1.0,6.0,0.01127
3380,US,US,DAIRY,RETAI,436.75,6.0,1.0,1.0,6.0,0.013738
9986,US,US,MOTOR,OFFIC,529.72,6.0,1.0,1.0,6.0,0.011327
503,US,US,ANTHR,ELEC1,491.91,6.0,1.0,1.0,6.0,0.012197
11760,US,US,PAPER,MEMBE,407.45,6.0,1.0,1.0,6.0,0.014726
184,US,US,AIRTR,FOOD5,530.48,6.0,1.0,1.0,6.0,0.011311
16387,US,US,WEARI,TEXTI,439.19,6.0,1.0,1.0,6.0,0.013662
11882,US,US,PFERT,BUSIN,439.37,6.0,1.0,1.0,6.0,0.013656
107,US,US,93197,RESEA,405.62,6.0,1.0,1.0,6.0,0.014792
2803,US,US,CONST,BASIC,412.88,6.0,1.0,1.0,6.0,0.014532
1974,US,US,CEMEN,RESEA,510.75,6.0,1.0,1.0,6.0,0.011747
14527,US,US,SECO9,PREC1,531.93,6.0,1.0,1.0,6.0,0.01128
14056,US,US,RUBBE,CEMEN,531.93,6.0,1.0,1.0,6.0,0.01128
2399,US,US,CHEMI,POSTT,501.79,6.0,1.0,1.0,6.0,0.011957
1611,US,US,BRICK,FOUND,533.38,6.0,1.0,1.0,6.0,0.011249
3280,US,US,CRUDE,PETRO,521.5,6.0,1.0,1.0,6.0,0.011505
12805,US,US,PRINT,FOOD5,443.48,6.0,1.0,1.0,6.0,0.013529
10317,US,US,NATUR,MOTOR,486.23,6.0,1.0,1.0,6.0,0.01234
3554,US,US,DISTR,BASIC,446.47,6.0,1.0,1.0,6.0,0.013439
1949,US,US,CEMEN,NONME,524.37,6.0,1.0,1.0,6.0,0.011442
132,US,US,AIRTR,93197,538.51,6.0,1.0,1.0,6.0,0.011142
11754,US,US,PAPER,MACHI,400.14,6.0,1.0,1.0,6.0,0.014995
4495,US,US,ELEC3,RETA1,1345.28,6.0,1.0,1.0,6.0,0.00446
11938,US,US,PFERT,NFERT,426.34,6.0,1.0,1.0,6.0,0.014073
5461,US,US,FABRI,93197,523.62,6.0,1.0,1.0,6.0,0.011459
247,US,US,AIRTR,REALE,540.75,6.0,1.0,1.0,6.0,0.011096
8914,US,US,LUBRI,LANDT,502.8,6.0,1.0,1.0,6.0,0.011933
6645,US,US,FOUND,CONST,502.82,6.0,1.0,1.0,6.0,0.011933
6995,US,US,GASDI,SUPPO,503.84,6.0,1.0,1.0,6.0,0.011909
2640,US,US,COMPU,BIOGA,843.14,6.0,1.0,1.0,6.0,0.007116
1850,US,US,CATTL,MEAT1,605.57,6.0,1.0,1.0,6.0,0.009908
4333,US,US,ELEC2,PLAST,553.07,6.0,1.0,1.0,6.0,0.010849
17025,US,US,WOODW,EDUCA,317.03,6.0,1.0,1.0,6.0,0.018926
2231,US,US,CHEM1,LANDT,641.27,6.0,1.0,1.0,6.0,0.009356
9476,US,US,MEDIC,HOTEL,641.25,6.0,1.0,1.0,6.0,0.009357
5426,US,US,ELECT,REALE,639.28,6.0,1.0,1.0,6.0,0.009386
1745,US,US,BUSIN,INTER,730.14,6.0,1.0,1.0,6.0,0.008218
14328,US,US,SALEM,REALE,636.28,6.0,1.0,1.0,6.0,0.00943
15769,US,US,TRAN1,BASIC,301.7,6.0,1.0,1.0,6.0,0.019887
12593,US,US,POSTT,SEWAG,730.38,6.0,1.0,1.0,6.0,0.008215
15897,US,US,TRAN1,SUPPO,303.14,6.0,1.0,1.0,6.0,0.019793
6392,US,US,FOOD5,WHOLE,305.06,6.0,1.0,1.0,6.0,0.019668
9141,US,US,MACHI,TOBAC,630.05,6.0,1.0,1.0,6.0,0.009523
9549,US,US,MEDIC,SUPPO,628.2,6.0,1.0,1.0,6.0,0.009551
6729,US,US,FURNI,CHEM1,626.97,6.0,1.0,1.0,6.0,0.00957
17035,US,US,WOODW,FOOD5,309.61,6.0,1.0,1.0,6.0,0.019379
9023,US,US,MACHI,DIST1,621.37,6.0,1.0,1.0,6.0,0.009656
16113,US,US,VEGET,FISH5,704.67,6.0,1.0,1.0,6.0,0.008515
5698,US,US,FINAN,INTER,742.89,6.0,1.0,1.0,6.0,0.008077
15592,US,US,TEXT2,REALE,748.2,6.0,1.0,1.0,6.0,0.008019
9686,US,US,MEMBE,RAILW,130.76,6.0,1.0,1.0,6.0,0.045886
12401,US,US,PLAST,FABRI,644.13,6.0,1.0,1.0,6.0,0.009315
9533,US,US,MEDIC,RECRE,647.58,6.0,1.0,1.0,6.0,0.009265
2230,US,US,CHEM1,KEROS,660.93,6.0,1.0,1.0,6.0,0.009078
13845,US,US,RENTI,SEWAG,699.98,6.0,1.0,1.0,6.0,0.008572
9052,US,US,MACHI,GLASS,715.0,6.0,1.0,1.0,6.0,0.008392
9000,US,US,MACHI,BIOGA,692.05,6.0,1.0,1.0,6.0,0.00867
3436,US,US,DIST1,FISH5,243.96,6.0,1.0,1.0,6.0,0.024594
15254,US,US,SUPPO,PAPER,716.21,6.0,1.0,1.0,6.0,0.008377
5300,US,US,ELECT,93197,672.61,6.0,1.0,1.0,6.0,0.00892
16667,US,US,WHOLE,TEXTI,671.27,6.0,1.0,1.0,6.0,0.008938
13736,US,US,RENTI,DAIRY,720.4,6.0,1.0,1.0,6.0,0.008329
7427,US,US,HOTEL,MEATP,293.12,6.0,1.0,1.0,6.0,0.020469
5686,US,US,FINAN,FOUND,721.89,6.0,1.0,1.0,6.0,0.008312
17038,US,US,WOODW,FOUND,281.78,6.0,1.0,1.0,6.0,0.021293
14317,US,US,SALEM,PLAST,655.61,6.0,1.0,1.0,6.0,0.009152
12944,US,US,PUBLI,AUXIL,654.08,6.0,1.0,1.0,6.0,0.009173
10607,US,US,NONME,FABRI,555.42,6.0,1.0,1.0,6.0,0.010803
16645,US,US,WHOLE,RAWMI,653.32,6.0,1.0,1.0,6.0,0.009184
7390,US,US,HOTEL,FISH5,285.84,6.0,1.0,1.0,6.0,0.020991
12954,US,US,PUBLI,BUSIN,608.86,6.0,1.0,1.0,6.0,0.009854
2739,US,US,COMPU,PAPER,917.47,6.0,1.0,1.0,6.0,0.00654
13915,US,US,RESEA,FABRI,811.81,6.0,1.0,1.0,6.0,0.007391
14008,US,US,RESEA,TRAN2,789.74,6.0,1.0,1.0,6.0,0.007597
2170,US,US,CHEM1,BRICK,589.27,6.0,1.0,1.0,6.0,0.010182
14667,US,US,SEWAG,RECRE,794.53,6.0,1.0,1.0,6.0,0.007552
609,US,US,AUXIL,DIST1,1053.11,6.0,1.0,1.0,6.0,0.005697
3170,US,US,CROPS,RESEA,841.87,6.0,1.0,1.0,6.0,0.007127
12431,US,US,PLAST,PLAST,576.37,6.0,1.0,1.0,6.0,0.01041
8311,US,US,LANDT,93197,572.44,6.0,1.0,1.0,6.0,0.010481
3182,US,US,CROPS,VEGE1,855.92,6.0,1.0,1.0,6.0,0.00701
8440,US,US,LANDT,RENTI,570.39,6.0,1.0,1.0,6.0,0.010519
1301,US,US,BIOGA,MEMBE,570.34,6.0,1.0,1.0,6.0,0.01052
12236,US,US,PLAS2,BUSIN,854.04,6.0,1.0,1.0,6.0,0.007025
11822,US,US,PAPER,TRAN2,365.6,6.0,1.0,1.0,6.0,0.016411
970,US,US,BEVER,RETA1,367.0,6.0,1.0,1.0,6.0,0.016349
11572,US,US,PAPE4,HEALT,849.3,6.0,1.0,1.0,6.0,0.007065
1333,US,US,BIOGA,RAILW,562.82,6.0,1.0,1.0,6.0,0.010661
7765,US,US,INERT,SEACO,845.73,6.0,1.0,1.0,6.0,0.007094
14322,US,US,SALEM,PROCE,589.29,6.0,1.0,1.0,6.0,0.010182
13201,US,US,RADIO,PFERT,705.71,6.0,1.0,1.0,6.0,0.008502
7883,US,US,INSUR,INLAN,1019.11,6.0,1.0,1.0,6.0,0.005887
13722,US,US,RENTI,CEMEN,762.36,6.0,1.0,1.0,6.0,0.00787
8339,US,US,LANDT,CONST,591.2,6.0,1.0,1.0,6.0,0.010149
7451,US,US,HOTEL,PFERT,319.92,6.0,1.0,1.0,6.0,0.018755
6384,US,US,FOOD5,SUGA1,325.64,6.0,1.0,1.0,6.0,0.018425
7430,US,US,HOTEL,MOTO1,337.11,6.0,1.0,1.0,6.0,0.017798
1800,US,US,BUSIN,PULP5,782.79,6.0,1.0,1.0,6.0,0.007665
3166,US,US,CROPS,RAWMI,878.7,6.0,1.0,1.0,6.0,0.006828
6373,US,US,FOOD5,RECRE,319.87,6.0,1.0,1.0,6.0,0.018758
578,US,US,AUXIL,ANIMA,1029.62,6.0,1.0,1.0,6.0,0.005827
6829,US,US,FURNI,RECRE,603.75,6.0,1.0,1.0,6.0,0.009938
10613,US,US,NONME,FOUND,438.82,5.0,1.0,1.0,5.0,0.011394
282,US,US,ALUM1,BASIC,469.35,5.0,1.0,1.0,5.0,0.010653
5535,US,US,FABRI,KEROS,447.48,5.0,1.0,1.0,5.0,0.011174
5588,US,US,FABRI,RAILW,467.7,5.0,1.0,1.0,5.0,0.010691
15827,US,US,TRAN1,LANDT,229.2,5.0,1.0,1.0,5.0,0.021815
6584,US,US,FORES,FURNI,138.72,5.0,1.0,1.0,5.0,0.036044
8447,US,US,LANDT,SEACO,436.41,5.0,1.0,1.0,5.0,0.011457
14189,US,US,RUBBE,TEXTI,435.41,5.0,1.0,1.0,5.0,0.011483
5563,US,US,FABRI,OFFIC,435.23,5.0,1.0,1.0,5.0,0.011488
15868,US,US,TRAN1,PLAST,221.95,5.0,1.0,1.0,5.0,0.022528
5556,US,US,FABRI,NATUR,443.63,5.0,1.0,1.0,5.0,0.011271
3191,US,US,CRUDE,AIRTR,439.08,5.0,1.0,1.0,5.0,0.011387
5472,US,US,FABRI,BIOGA,463.81,5.0,1.0,1.0,5.0,0.01078
14447,US,US,SANDC,RESEA,461.01,5.0,1.0,1.0,5.0,0.010846
4715,US,US,ELEC5,HOTEL,219.81,5.0,1.0,1.0,5.0,0.022747
14039,US,US,RUBBE,ALUM1,444.99,5.0,1.0,1.0,5.0,0.011236
1847,US,US,CATTL,FOOD5,442.93,5.0,1.0,1.0,5.0,0.011288
3537,US,US,DIST1,VEGE1,183.87,5.0,1.0,1.0,5.0,0.027193
1973,US,US,CEMEN,RENTI,450.22,5.0,1.0,1.0,5.0,0.011106
1220,US,US,BIOGA,93197,456.18,5.0,1.0,1.0,5.0,0.010961
4755,US,US,ELEC5,PAPER,203.19,5.0,1.0,1.0,5.0,0.024608
14443,US,US,SANDC,REALE,454.33,5.0,1.0,1.0,5.0,0.011005
3473,US,US,DIST1,MOTO1,188.81,5.0,1.0,1.0,5.0,0.026482
3472,US,US,DIST1,MEMBE,191.96,5.0,1.0,1.0,5.0,0.026047
10443,US,US,NONF1,ALUM1,418.64,5.0,1.0,1.0,5.0,0.011943
1402,US,US,BITU1,GASDI,430.31,5.0,1.0,1.0,5.0,0.01162
15730,US,US,TEXTI,RESEA,352.46,5.0,1.0,1.0,5.0,0.014186
9619,US,US,MEMBE,FOOD5,107.83,5.0,1.0,1.0,5.0,0.046369
12640,US,US,PREC1,BASIC,328.16,5.0,1.0,1.0,5.0,0.015236
10288,US,US,NATUR,GASDI,403.3,5.0,1.0,1.0,5.0,0.012398
15748,US,US,TEXTI,TRANS,333.11,5.0,1.0,1.0,5.0,0.01501
12654,US,US,PREC1,FABRI,336.46,5.0,1.0,1.0,5.0,0.014861
9951,US,US,MOTOR,HEALT,401.88,5.0,1.0,1.0,5.0,0.012442
9343,US,US,MEATC,VEGE1,338.2,5.0,1.0,1.0,5.0,0.014784
2960,US,US,COPP1,ALUM1,399.4,5.0,1.0,1.0,5.0,0.012519
3713,US,US,EDUCA,BUSIN,338.87,5.0,1.0,1.0,5.0,0.014755
3053,US,US,COPP1,TRANS,396.86,5.0,1.0,1.0,5.0,0.012599
5533,US,US,FABRI,IRONO,427.34,5.0,1.0,1.0,5.0,0.0117
2987,US,US,COPP1,ELECT,361.07,5.0,1.0,1.0,5.0,0.013848
106,US,US,93197,RENTI,384.99,5.0,1.0,1.0,5.0,0.012987
2801,US,US,CONST,AUXIL,382.6,5.0,1.0,1.0,5.0,0.013068
3692,US,US,DISTR,VEGET,363.94,5.0,1.0,1.0,5.0,0.013739
2823,US,US,CONST,COMPU,365.09,5.0,1.0,1.0,5.0,0.013695
16368,US,US,WEARI,PRINT,377.61,5.0,1.0,1.0,5.0,0.013241
12881,US,US,PRINT,RETAI,366.24,5.0,1.0,1.0,5.0,0.013652
2932,US,US,CONST,SEACO,377.49,5.0,1.0,1.0,5.0,0.013245
14097,US,US,RUBBE,FOUND,375.99,5.0,1.0,1.0,5.0,0.013298
9299,US,US,MEATC,INLAN,319.32,5.0,1.0,1.0,5.0,0.015658
10294,US,US,NATUR,HYDRO,407.89,5.0,1.0,1.0,5.0,0.012258
11759,US,US,PAPER,MEDIC,311.44,5.0,1.0,1.0,5.0,0.016054
9282,US,US,MEATC,BUSIN,310.89,5.0,1.0,1.0,5.0,0.016083
1617,US,US,BRICK,HOTEL,427.29,5.0,1.0,1.0,5.0,0.011702
1891,US,US,CEMEN,DIST1,427.12,5.0,1.0,1.0,5.0,0.011706
16093,US,US,VEGE1,WHOLE,240.75,5.0,1.0,1.0,5.0,0.020768
6372,US,US,FOOD5,REALE,242.86,5.0,1.0,1.0,5.0,0.020588
17059,US,US,WOODW,MACHI,245.06,5.0,1.0,1.0,5.0,0.020403
14137,US,US,RUBBE,NONME,423.46,5.0,1.0,1.0,5.0,0.011807
17072,US,US,WOODW,NONF1,247.71,5.0,1.0,1.0,5.0,0.020185
7422,US,US,HOTEL,MACHI,260.71,5.0,1.0,1.0,5.0,0.019178
7399,US,US,HOTEL,FURNI,267.3,5.0,1.0,1.0,5.0,0.018706
2967,US,US,COPP1,BUSIN,422.05,5.0,1.0,1.0,5.0,0.011847
4355,US,US,ELEC2,SEACO,472.56,5.0,1.0,1.0,5.0,0.010581
10016,US,US,MOTOR,RENTI,420.15,5.0,1.0,1.0,5.0,0.011901
3547,US,US,DISTR,93197,416.34,5.0,1.0,1.0,5.0,0.012009
15689,US,US,TEXTI,MACHI,298.25,5.0,1.0,1.0,5.0,0.016764
11809,US,US,PAPER,SECO9,301.08,5.0,1.0,1.0,5.0,0.016607
255,US,US,AIRTR,RUBBE,413.78,5.0,1.0,1.0,5.0,0.012084
9695,US,US,MEMBE,RETAI,108.37,5.0,1.0,1.0,5.0,0.046138
8138,US,US,IRONO,BITUM,413.16,5.0,1.0,1.0,5.0,0.012102
11814,US,US,PAPER,SUGA1,310.69,5.0,1.0,1.0,5.0,0.016093
5512,US,US,FABRI,FISH5,470.48,5.0,1.0,1.0,5.0,0.010627
10700,US,US,NONME,WOODW,440.47,5.0,1.0,1.0,5.0,0.011352
7933,US,US,INSUR,RAWMI,817.28,5.0,1.0,1.0,5.0,0.006118
5444,US,US,ELECT,SUPPO,544.39,5.0,1.0,1.0,5.0,0.009185
9143,US,US,MACHI,TRAN2,507.03,5.0,1.0,1.0,5.0,0.009861
7120,US,US,GLASS,RESEA,505.99,5.0,1.0,1.0,5.0,0.009882
1682,US,US,BUSIN,BIODI,656.6,5.0,1.0,1.0,5.0,0.007615
1107,US,US,BIODI,SEACO,505.78,5.0,1.0,1.0,5.0,0.009886
346,US,US,ALUM1,PAPER,503.43,5.0,1.0,1.0,5.0,0.009932
770,US,US,BASIC,ALUM1,593.6,5.0,1.0,1.0,5.0,0.008423
13621,US,US,RECRE,SALEM,591.99,5.0,1.0,1.0,5.0,0.008446
11201,US,US,PAPE1,BUSIN,657.62,5.0,1.0,1.0,5.0,0.007603
9413,US,US,MEDIC,93197,543.42,5.0,1.0,1.0,5.0,0.009201
5684,US,US,FINAN,FOODW,588.74,5.0,1.0,1.0,5.0,0.008493
1359,US,US,BIOGA,TRAN2,497.02,5.0,1.0,1.0,5.0,0.01006
13862,US,US,RENTI,WEARI,587.79,5.0,1.0,1.0,5.0,0.008506
5788,US,US,FINAN,WOOD2,595.53,5.0,1.0,1.0,5.0,0.008396
9122,US,US,MACHI,RENTI,587.01,5.0,1.0,1.0,5.0,0.008518
13976,US,US,RESEA,POSTT,658.34,5.0,1.0,1.0,5.0,0.007595
13924,US,US,RESEA,FURNI,665.85,5.0,1.0,1.0,5.0,0.007509
5658,US,US,FINAN,CRUDE,666.56,5.0,1.0,1.0,5.0,0.007501
16101,US,US,VEGET,BUSIN,537.36,5.0,1.0,1.0,5.0,0.009305
9498,US,US,MEDIC,MOTO1,545.3,5.0,1.0,1.0,5.0,0.009169
1340,US,US,BIOGA,RESEA,494.54,5.0,1.0,1.0,5.0,0.01011
12606,US,US,POSTT,TRANS,671.66,5.0,1.0,1.0,5.0,0.007444
2636,US,US,COMPU,BASIC,675.35,5.0,1.0,1.0,5.0,0.007404
12508,US,US,POSTT,FOOD5,679.07,5.0,1.0,1.0,5.0,0.007363
11484,US,US,PAPE3,SEACO,696.11,5.0,1.0,1.0,5.0,0.007183
14225,US,US,SALEM,CHEM1,507.82,5.0,1.0,1.0,5.0,0.009846
11646,US,US,PAPE4,SEACO,651.44,5.0,1.0,1.0,5.0,0.007675
6202,US,US,FOOD4,HEALT,697.88,5.0,1.0,1.0,5.0,0.007165
16672,US,US,WHOLE,WEARI,625.19,5.0,1.0,1.0,5.0,0.007998
9538,US,US,MEDIC,RETA1,535.14,5.0,1.0,1.0,5.0,0.009343
12190,US,US,PLAS1,RETA1,607.74,5.0,1.0,1.0,5.0,0.008227
4253,US,US,ELEC2,CONST,535.11,5.0,1.0,1.0,5.0,0.009344
9002,US,US,MACHI,BITUM,530.17,5.0,1.0,1.0,5.0,0.009431
16552,US,US,WHOLE,BASIC,540.03,5.0,1.0,1.0,5.0,0.009259
7662,US,US,INERT,EDUCA,602.77,5.0,1.0,1.0,5.0,0.008295
12588,US,US,POSTT,RUBBE,610.93,5.0,1.0,1.0,5.0,0.008184
15185,US,US,SUPPO,ELEC2,528.79,5.0,1.0,1.0,5.0,0.009456
2291,US,US,CHEM1,RETA1,540.39,5.0,1.0,1.0,5.0,0.009253
1798,US,US,BUSIN,PROCE,611.7,5.0,1.0,1.0,5.0,0.008174
13951,US,US,RESEA,MEDIC,620.72,5.0,1.0,1.0,5.0,0.008055
1771,US,US,BUSIN,NONF1,601.85,5.0,1.0,1.0,5.0,0.008308
5530,US,US,FABRI,INLAN,510.38,5.0,1.0,1.0,5.0,0.009797
13854,US,US,RENTI,TEXTI,598.97,5.0,1.0,1.0,5.0,0.008348
4246,US,US,ELEC2,CHEM1,526.56,5.0,1.0,1.0,5.0,0.009496
4292,US,US,ELEC2,LANDT,541.58,5.0,1.0,1.0,5.0,0.009232
16637,US,US,WHOLE,PLAST,633.8,5.0,1.0,1.0,5.0,0.007889
12283,US,US,PLAS2,HEALT,634.37,5.0,1.0,1.0,5.0,0.007882
13916,US,US,RESEA,FINAN,634.67,5.0,1.0,1.0,5.0,0.007878
921,US,US,BASIC,WASTE,598.32,5.0,1.0,1.0,5.0,0.008357
10901,US,US,OFFIC,OFFIC,596.99,5.0,1.0,1.0,5.0,0.008375
884,US,US,BASIC,PREC1,643.98,5.0,1.0,1.0,5.0,0.007764
5553,US,US,FABRI,MOTOR,512.98,5.0,1.0,1.0,5.0,0.009747
13833,US,US,RENTI,RECRE,647.92,5.0,1.0,1.0,5.0,0.007717
712,US,US,AUXIL,RETAI,895.49,5.0,1.0,1.0,5.0,0.005584
1821,US,US,BUSIN,SUGA1,670.22,5.0,1.0,1.0,5.0,0.00746
9022,US,US,MACHI,DAIRY,546.44,5.0,1.0,1.0,5.0,0.00915
13158,US,US,RADIO,HOTEL,567.94,5.0,1.0,1.0,5.0,0.008804
4345,US,US,ELEC2,RECRE,485.79,5.0,1.0,1.0,5.0,0.010293
2203,US,US,CHEM1,ELECT,485.35,5.0,1.0,1.0,5.0,0.010302
582,US,US,AUXIL,BASIC,887.17,5.0,1.0,1.0,5.0,0.005636
3301,US,US,CRUDE,REFI1,482.31,5.0,1.0,1.0,5.0,0.010367
3294,US,US,CRUDE,PUBLI,482.31,5.0,1.0,1.0,5.0,0.010367
5430,US,US,ELECT,RESEA,578.03,5.0,1.0,1.0,5.0,0.00865
4427,US,US,ELEC3,HEALT,1010.29,5.0,1.0,1.0,5.0,0.004949
4128,US,US,ELEC1,HOTEL,573.29,5.0,1.0,1.0,5.0,0.008722
2781,US,US,COMPU,TEXTI,724.42,5.0,1.0,1.0,5.0,0.006902
7123,US,US,GLASS,RUBBE,481.65,5.0,1.0,1.0,5.0,0.010381
2767,US,US,COMPU,RUBBE,729.18,5.0,1.0,1.0,5.0,0.006857
2772,US,US,COMPU,SEWAG,698.36,5.0,1.0,1.0,5.0,0.00716
12195,US,US,PLAS1,SEACO,728.14,5.0,1.0,1.0,5.0,0.006867
2296,US,US,CHEM1,SEACO,573.63,5.0,1.0,1.0,5.0,0.008716
13709,US,US,RENTI,AUXIL,573.39,5.0,1.0,1.0,5.0,0.00872
4269,US,US,ELEC2,FABRI,477.31,5.0,1.0,1.0,5.0,0.010475
13787,US,US,RENTI,MACHI,566.75,5.0,1.0,1.0,5.0,0.008822
10869,US,US,OFFIC,HEALT,549.96,5.0,1.0,1.0,5.0,0.009092
14384,US,US,SANDC,CRUDE,476.64,5.0,1.0,1.0,5.0,0.01049
5683,US,US,FINAN,FOOD5,561.28,5.0,1.0,1.0,5.0,0.008908
5551,US,US,FABRI,MEMBE,474.71,5.0,1.0,1.0,5.0,0.010533
13990,US,US,RESEA,RETA1,703.04,5.0,1.0,1.0,5.0,0.007112
14485,US,US,SEACO,RESEA,583.41,5.0,1.0,1.0,5.0,0.00857
2139,US,US,CEREA,POULT,810.72,5.0,1.0,1.0,5.0,0.006167
5460,US,US,ELECT,WOODW,583.04,5.0,1.0,1.0,5.0,0.008576
861,US,US,BASIC,NONF1,578.93,5.0,1.0,1.0,5.0,0.008637
7760,US,US,INERT,RETA1,706.29,5.0,1.0,1.0,5.0,0.007079
4274,US,US,ELEC2,FOOD5,486.77,5.0,1.0,1.0,5.0,0.010272
2283,US,US,CHEM1,RAILW,563.43,5.0,1.0,1.0,5.0,0.008874
14423,US,US,SANDC,NONME,474.3,5.0,1.0,1.0,5.0,0.010542
3097,US,US,CROPS,CATTL,718.05,5.0,1.0,1.0,5.0,0.006963
2795,US,US,COMPU,WOODW,748.79,5.0,1.0,1.0,5.0,0.006677
6653,US,US,FOUND,FOUND,322.28,4.0,1.0,1.0,4.0,0.012412
15936,US,US,TRANS,CHEM1,324.93,4.0,1.0,1.0,4.0,0.01231
14685,US,US,SEWAG,SUPPO,565.2,4.0,1.0,1.0,4.0,0.007077
3222,US,US,CRUDE,ETHAN,361.36,4.0,1.0,1.0,4.0,0.011069
10109,US,US,NATU1,BIOGA,323.64,4.0,1.0,1.0,4.0,0.012359
16467,US,US,WHITE,ELEC3,366.89,4.0,1.0,1.0,4.0,0.010902
14108,US,US,RUBBE,INSUR,366.35,4.0,1.0,1.0,4.0,0.010919
13069,US,US,PUBLI,WHOLE,362.02,4.0,1.0,1.0,4.0,0.011049
272,US,US,AIRTR,TRANS,321.22,4.0,1.0,1.0,4.0,0.012453
15971,US,US,TRANS,LANDT,319.31,4.0,1.0,1.0,4.0,0.012527
11479,US,US,PAPE3,RETA1,564.67,4.0,1.0,1.0,4.0,0.007084
2760,US,US,COMPU,RECRE,607.64,4.0,1.0,1.0,4.0,0.006583
1839,US,US,BUSIN,WOOD2,585.39,4.0,1.0,1.0,4.0,0.006833
7082,US,US,GLASS,MACHI,331.05,4.0,1.0,1.0,4.0,0.012083
3655,US,US,DISTR,PLAST,328.45,4.0,1.0,1.0,4.0,0.012178
13308,US,US,RAWMI,BEVER,329.17,4.0,1.0,1.0,4.0,0.012152
7029,US,US,GLASS,93197,347.42,4.0,1.0,1.0,4.0,0.011513
8366,US,US,LANDT,FOOD5,347.75,4.0,1.0,1.0,4.0,0.011503
16802,US,US,WOOD1,REALE,586.82,4.0,1.0,1.0,4.0,0.006816
1646,US,US,BRICK,POSTT,339.83,4.0,1.0,1.0,4.0,0.011771
5546,US,US,FABRI,MEAT4,339.78,4.0,1.0,1.0,4.0,0.011772
368,US,US,ALUM1,SECO9,353.13,4.0,1.0,1.0,4.0,0.011327
6561,US,US,FORES,BEVER,106.01,4.0,1.0,1.0,4.0,0.037732
8868,US,US,LUBRI,CONST,354.22,4.0,1.0,1.0,4.0,0.011292
3212,US,US,CRUDE,COKIN,354.37,4.0,1.0,1.0,4.0,0.011288
8444,US,US,LANDT,RUBBE,356.17,4.0,1.0,1.0,4.0,0.011231
1731,US,US,BUSIN,FOODW,578.81,4.0,1.0,1.0,4.0,0.006911
2470,US,US,COKIN,BASIC,337.94,4.0,1.0,1.0,4.0,0.011836
14005,US,US,RESEA,TEXTI,590.49,4.0,1.0,1.0,4.0,0.006774
9918,US,US,MOTOR,CRUDE,336.78,4.0,1.0,1.0,4.0,0.011877
9948,US,US,MOTOR,GASDI,332.05,4.0,1.0,1.0,4.0,0.012046
3211,US,US,CRUDE,COKEO,357.91,4.0,1.0,1.0,4.0,0.011176
3235,US,US,CRUDE,GLASS,331.93,4.0,1.0,1.0,4.0,0.012051
10130,US,US,NATU1,CRUDE,358.29,4.0,1.0,1.0,4.0,0.011164
1121,US,US,BIODI,TRAN2,358.97,4.0,1.0,1.0,4.0,0.011143
279,US,US,AIRTR,WOODW,330.3,4.0,1.0,1.0,4.0,0.01211
9410,US,US,MEATP,VEGE1,330.17,4.0,1.0,1.0,4.0,0.012115
7209,US,US,HEAVY,COLLE,359.45,4.0,1.0,1.0,4.0,0.011128
7561,US,US,HYDRO,KEROS,360.84,4.0,1.0,1.0,4.0,0.011085
10088,US,US,NAPHT,PFERT,317.86,4.0,1.0,1.0,4.0,0.012584
10173,US,US,NATU1,MEAT4,299.31,4.0,1.0,1.0,4.0,0.013364
2888,US,US,CONST,NATU1,317.27,4.0,1.0,1.0,4.0,0.012608
3575,US,US,DISTR,CONST,316.65,4.0,1.0,1.0,4.0,0.012632
3474,US,US,DIST1,MOTOR,156.45,4.0,1.0,1.0,4.0,0.025567
16021,US,US,VEGE1,BIOGA,215.47,4.0,1.0,1.0,4.0,0.018564
3507,US,US,DIST1,PULP5,151.75,4.0,1.0,1.0,4.0,0.026359
16031,US,US,VEGE1,EDUCA,219.31,4.0,1.0,1.0,4.0,0.018239
16051,US,US,VEGE1,MEAT4,220.07,4.0,1.0,1.0,4.0,0.018176
1568,US,US,BLAST,DIST1,149.83,4.0,1.0,1.0,4.0,0.026697
7146,US,US,HEALT,BUSIN,223.3,4.0,1.0,1.0,4.0,0.017913
7167,US,US,HEALT,POULT,223.88,4.0,1.0,1.0,4.0,0.017867
7411,US,US,HOTEL,IRONO,228.18,4.0,1.0,1.0,4.0,0.01753
6349,US,US,FOOD5,MEMBE,228.93,4.0,1.0,1.0,4.0,0.017473
4792,US,US,ELEC5,SUPPO,145.02,4.0,1.0,1.0,4.0,0.027582
11682,US,US,PAPER,BIOGA,234.08,4.0,1.0,1.0,4.0,0.017088
9613,US,US,MEMBE,FABRI,82.58,4.0,1.0,1.0,4.0,0.048438
15693,US,US,TEXTI,MEDIC,239.46,4.0,1.0,1.0,4.0,0.016704
15640,US,US,TEXTI,BRICK,241.76,4.0,1.0,1.0,4.0,0.016545
15790,US,US,TRAN1,CONST,213.97,4.0,1.0,1.0,4.0,0.018694
6311,US,US,FOOD5,CATTL,212.04,4.0,1.0,1.0,4.0,0.018864
7494,US,US,HOTEL,VEGE1,209.29,4.0,1.0,1.0,4.0,0.019112
4805,US,US,ELEC5,WHOLE,169.12,4.0,1.0,1.0,4.0,0.023652
17064,US,US,WOODW,MEDIC,187.14,4.0,1.0,1.0,4.0,0.021374
17093,US,US,WOODW,PREC1,190.67,4.0,1.0,1.0,4.0,0.020979
15804,US,US,TRAN1,FABRI,191.02,4.0,1.0,1.0,4.0,0.02094
7368,US,US,HOTEL,COPP1,192.82,4.0,1.0,1.0,4.0,0.020745
15809,US,US,TRAN1,FOOD5,195.16,4.0,1.0,1.0,4.0,0.020496
7925,US,US,INSUR,POSTT,736.9,4.0,1.0,1.0,4.0,0.005428
6361,US,US,FOOD5,PIGS9,200.71,4.0,1.0,1.0,4.0,0.019929
4573,US,US,ELEC4,HOTEL,208.15,4.0,1.0,1.0,4.0,0.019217
15890,US,US,TRAN1,SEACO,201.56,4.0,1.0,1.0,4.0,0.019845
9701,US,US,MEMBE,SEWAG,87.22,4.0,1.0,1.0,4.0,0.045861
6346,US,US,FOOD5,MEATC,204.59,4.0,1.0,1.0,4.0,0.019551
15880,US,US,TRAN1,RECRE,205.55,4.0,1.0,1.0,4.0,0.01946
17124,US,US,WOODW,TRANS,207.17,4.0,1.0,1.0,4.0,0.019308
3466,US,US,DIST1,MEAT1,162.2,4.0,1.0,1.0,4.0,0.024661
11808,US,US,PAPER,SEACO,249.09,4.0,1.0,1.0,4.0,0.016058
11676,US,US,PAPER,AUXIL,252.62,4.0,1.0,1.0,4.0,0.015834
3525,US,US,DIST1,STEAM,133.82,4.0,1.0,1.0,4.0,0.029891
14362,US,US,SANDC,93197,307.27,4.0,1.0,1.0,4.0,0.013018
14184,US,US,RUBBE,SUGA1,367.7,4.0,1.0,1.0,4.0,0.010878
6614,US,US,FORES,PRINT,118.27,4.0,1.0,1.0,4.0,0.033821
3665,US,US,DISTR,RAWMI,300.91,4.0,1.0,1.0,4.0,0.013293
7904,US,US,INSUR,MEMBE,636.34,4.0,1.0,1.0,4.0,0.006286
12903,US,US,PRINT,WEARI,301.96,4.0,1.0,1.0,4.0,0.013247
12885,US,US,PRINT,SEACO,302.39,4.0,1.0,1.0,4.0,0.013228
9187,US,US,MEAT1,VEGE1,308.58,4.0,1.0,1.0,4.0,0.012963
2488,US,US,COLLE,BUSIN,291.64,4.0,1.0,1.0,4.0,0.013716
15975,US,US,TRANS,MEDIC,308.65,4.0,1.0,1.0,4.0,0.01296
2970,US,US,COPP1,CHEM1,308.71,4.0,1.0,1.0,4.0,0.012957
14367,US,US,SANDC,BASIC,311.05,4.0,1.0,1.0,4.0,0.01286
3568,US,US,DISTR,CHEM1,313.24,4.0,1.0,1.0,4.0,0.01277
8590,US,US,LEATH,CHEM1,313.91,4.0,1.0,1.0,4.0,0.012743
6893,US,US,GASDI,CRUDE,314.51,4.0,1.0,1.0,4.0,0.012718
2818,US,US,CONST,CHEMI,298.65,4.0,1.0,1.0,4.0,0.013394
3596,US,US,DISTR,FOOD5,288.81,4.0,1.0,1.0,4.0,0.01385
4473,US,US,ELEC3,PFERT,931.38,4.0,1.0,1.0,4.0,0.004295
15732,US,US,TEXTI,RETAI,276.55,4.0,1.0,1.0,4.0,0.014464
15082,US,US,SUGA1,SUGA1,266.74,4.0,1.0,1.0,4.0,0.014996
11794,US,US,PAPER,RADIO,268.5,4.0,1.0,1.0,4.0,0.014898
11903,US,US,PFERT,ETHAN,269.71,4.0,1.0,1.0,4.0,0.014831
5793,US,US,FISH5,BUSIN,271.72,4.0,1.0,1.0,4.0,0.014721
11743,US,US,PAPER,IRONO,274.67,4.0,1.0,1.0,4.0,0.014563
2534,US,US,COLLE,HEALT,274.7,4.0,1.0,1.0,4.0,0.014561
10513,US,US,NONF1,TRANS,277.25,4.0,1.0,1.0,4.0,0.014427
3746,US,US,EDUCA,FISHF,287.19,4.0,1.0,1.0,4.0,0.013928
2943,US,US,CONST,TEXTI,282.07,4.0,1.0,1.0,4.0,0.014181
12878,US,US,PRINT,RENTI,282.34,4.0,1.0,1.0,4.0,0.014167
3590,US,US,DISTR,FABRI,282.68,4.0,1.0,1.0,4.0,0.01415
14731,US,US,STEAM,EDUCA,283.11,4.0,1.0,1.0,4.0,0.014129
12887,US,US,PRINT,SEWAG,283.99,4.0,1.0,1.0,4.0,0.014085
9163,US,US,MEAT1,EDUCA,284.19,4.0,1.0,1.0,4.0,0.014075
7124,US,US,GLASS,SALEM,366.98,4.0,1.0,1.0,4.0,0.0109
15783,US,US,TRAN1,CHEM1,211.67,4.0,1.0,1.0,4.0,0.018897
232,US,US,AIRTR,PAPER,368.19,4.0,1.0,1.0,4.0,0.010864
1767,US,US,BUSIN,NAPHT,488.3,4.0,1.0,1.0,4.0,0.008192
12357,US,US,PLAS2,SEACO,490.52,4.0,1.0,1.0,4.0,0.008155
5382,US,US,ELECT,MACHI,489.88,4.0,1.0,1.0,4.0,0.008165
315,US,US,ALUM1,FURNI,407.74,4.0,1.0,1.0,4.0,0.00981
5407,US,US,ELECT,PAPER,407.57,4.0,1.0,1.0,4.0,0.009814
13236,US,US,RADIO,SUPPO,489.65,4.0,1.0,1.0,4.0,0.008169
13992,US,US,RESEA,RUBBE,531.78,4.0,1.0,1.0,4.0,0.007522
7143,US,US,GLASS,WOODW,402.88,4.0,1.0,1.0,4.0,0.009929
2766,US,US,COMPU,RETAI,538.35,4.0,1.0,1.0,4.0,0.00743
11641,US,US,PAPE4,RETA1,538.87,4.0,1.0,1.0,4.0,0.007423
5415,US,US,ELECT,PLAST,399.48,4.0,1.0,1.0,4.0,0.010013
7983,US,US,INTER,BUSIN,489.06,4.0,1.0,1.0,4.0,0.008179
5457,US,US,ELECT,WHOLE,396.54,4.0,1.0,1.0,4.0,0.010087
14345,US,US,SALEM,SUPPO,441.85,4.0,1.0,1.0,4.0,0.009053
365,US,US,ALUM1,RUBBE,393.8,4.0,1.0,1.0,4.0,0.010157
13794,US,US,RENTI,MEMBE,443.07,4.0,1.0,1.0,4.0,0.009028
6276,US,US,FOOD4,SEACO,528.34,4.0,1.0,1.0,4.0,0.007571
2637,US,US,COMPU,BEVER,541.65,4.0,1.0,1.0,4.0,0.007385
5360,US,US,ELECT,FURNI,389.84,4.0,1.0,1.0,4.0,0.010261
7055,US,US,GLASS,FABRI,389.35,4.0,1.0,1.0,4.0,0.010274
13764,US,US,RENTI,FURNI,487.02,4.0,1.0,1.0,4.0,0.008213
5648,US,US,FINAN,CHEM1,542.43,4.0,1.0,1.0,4.0,0.007374
4169,US,US,ELEC1,PAPER,486.06,4.0,1.0,1.0,4.0,0.008229
13715,US,US,RENTI,BIOGA,445.04,4.0,1.0,1.0,4.0,0.008988
3324,US,US,CRUDE,VEGET,387.19,4.0,1.0,1.0,4.0,0.010331
13964,US,US,RESEA,OFFIC,483.23,4.0,1.0,1.0,4.0,0.008278
11996,US,US,PIGS9,BUSIN,387.17,4.0,1.0,1.0,4.0,0.010331
5424,US,US,ELECT,RAILW,448.83,4.0,1.0,1.0,4.0,0.008912
14222,US,US,SALEM,CEMEN,384.89,4.0,1.0,1.0,4.0,0.010393
12404,US,US,PLAST,FURNI,450.21,4.0,1.0,1.0,4.0,0.008885
13140,US,US,RADIO,ELECT,481.02,4.0,1.0,1.0,4.0,0.008316
12968,US,US,PUBLI,EDUCA,407.76,4.0,1.0,1.0,4.0,0.00981
13978,US,US,RESEA,PRINT,491.61,4.0,1.0,1.0,4.0,0.008137
4224,US,US,ELEC2,93197,383.51,4.0,1.0,1.0,4.0,0.01043
5174,US,US,ELEC8,REALE,496.2,4.0,1.0,1.0,4.0,0.008061
15281,US,US,SUPPO,RUBBE,501.05,4.0,1.0,1.0,4.0,0.007983
6856,US,US,FURNI,WEARI,426.57,4.0,1.0,1.0,4.0,0.009377
16658,US,US,WHOLE,SECO9,500.47,4.0,1.0,1.0,4.0,0.007992
7693,US,US,INERT,HOTEL,497.04,4.0,1.0,1.0,4.0,0.008048
9755,US,US,MOTO1,CRUDE,427.48,4.0,1.0,1.0,4.0,0.009357
16607,US,US,WHOLE,MEAT4,502.12,4.0,1.0,1.0,4.0,0.007966
13464,US,US,REALE,SEWAG,991.37,4.0,1.0,1.0,4.0,0.004035
9074,US,US,MACHI,MEAT4,422.98,4.0,1.0,1.0,4.0,0.009457
5356,US,US,ELECT,FOOD5,421.06,4.0,1.0,1.0,4.0,0.0095
7786,US,US,INERT,WHOLE,496.66,4.0,1.0,1.0,4.0,0.008054
1253,US,US,BIOGA,EDUCA,432.57,4.0,1.0,1.0,4.0,0.009247
9757,US,US,MOTO1,DIST1,419.2,4.0,1.0,1.0,4.0,0.009542
9862,US,US,MOTO1,SEACO,496.58,4.0,1.0,1.0,4.0,0.008055
13631,US,US,RECRE,SUPPO,512.09,4.0,1.0,1.0,4.0,0.007811
2234,US,US,CHEM1,LEATH,415.93,4.0,1.0,1.0,4.0,0.009617
9492,US,US,MEDIC,MACHI,491.94,4.0,1.0,1.0,4.0,0.008131
12093,US,US,PLAS1,EDUCA,516.27,4.0,1.0,1.0,4.0,0.007748
9849,US,US,MOTO1,RAILW,495.18,4.0,1.0,1.0,4.0,0.008078
15299,US,US,SUPPO,TRANS,414.76,4.0,1.0,1.0,4.0,0.009644
15236,US,US,SUPPO,MEMBE,414.73,4.0,1.0,1.0,4.0,0.009645
12561,US,US,POSTT,PAPER,517.47,4.0,1.0,1.0,4.0,0.00773
5602,US,US,FABRI,SECO9,413.73,4.0,1.0,1.0,4.0,0.009668
13556,US,US,RECRE,INSUR,520.69,4.0,1.0,1.0,4.0,0.007682
12452,US,US,POSTT,AIRTR,523.61,4.0,1.0,1.0,4.0,0.007639
5329,US,US,ELECT,COPP1,412.91,4.0,1.0,1.0,4.0,0.009687
14361,US,US,SALEM,WOODW,409.97,4.0,1.0,1.0,4.0,0.009757
13763,US,US,RENTI,FOUND,492.18,4.0,1.0,1.0,4.0,0.008127
5591,US,US,FABRI,RECRE,409.71,4.0,1.0,1.0,4.0,0.009763
11248,US,US,PAPE1,HEALT,492.04,4.0,1.0,1.0,4.0,0.008129
4226,US,US,ELEC2,ALUM1,409.71,4.0,1.0,1.0,4.0,0.009763
9773,US,US,MOTO1,FABRI,453.3,4.0,1.0,1.0,4.0,0.008824
13868,US,US,RENTI,WOODW,541.21,4.0,1.0,1.0,4.0,0.007391
9007,US,US,MACHI,CEMEN,458.13,4.0,1.0,1.0,4.0,0.008731
3086,US,US,CROPS,93197,560.94,4.0,1.0,1.0,4.0,0.007131
5521,US,US,FABRI,FURNI,377.53,4.0,1.0,1.0,4.0,0.010595
9843,US,US,MOTO1,PREC1,456.78,4.0,1.0,1.0,4.0,0.008757
12450,US,US,PLAST,WOODW,380.59,4.0,1.0,1.0,4.0,0.01051
5480,US,US,FABRI,CERAM,374.38,4.0,1.0,1.0,4.0,0.010684
14655,US,US,SEWAG,POSTT,546.11,4.0,1.0,1.0,4.0,0.007325
2274,US,US,CHEM1,POSTT,465.46,4.0,1.0,1.0,4.0,0.008594
15432,US,US,TEXT1,REALE,467.0,4.0,1.0,1.0,4.0,0.008565
12416,US,US,PLAST,MACHI,377.76,4.0,1.0,1.0,4.0,0.010589
7702,US,US,INERT,LANDT,550.9,4.0,1.0,1.0,4.0,0.007261
12132,US,US,PLAS1,LANDT,474.79,4.0,1.0,1.0,4.0,0.008425
14594,US,US,SEWAG,FOOD5,476.83,4.0,1.0,1.0,4.0,0.008389
14262,US,US,SALEM,FOUND,467.95,4.0,1.0,1.0,4.0,0.008548
12419,US,US,PLAST,MOTO1,371.2,4.0,1.0,1.0,4.0,0.010776
15179,US,US,SUPPO,DIST1,468.92,4.0,1.0,1.0,4.0,0.00853
13151,US,US,RADIO,FOUND,458.42,4.0,1.0,1.0,4.0,0.008726
804,US,US,BASIC,EDUCA,549.38,4.0,1.0,1.0,4.0,0.007281
3310,US,US,CRUDE,SECO9,378.82,4.0,1.0,1.0,4.0,0.010559
13706,US,US,RENTI,ALUM1,478.92,4.0,1.0,1.0,4.0,0.008352
10232,US,US,NATUR,ALUM1,376.06,4.0,1.0,1.0,4.0,0.010637
14051,US,US,RUBBE,BITUM,368.61,4.0,1.0,1.0,4.0,0.010852
5774,US,US,FINAN,TEXT2,461.11,4.0,1.0,1.0,4.0,0.008675
12602,US,US,POSTT,TEXTI,544.85,4.0,1.0,1.0,4.0,0.007341
13982,US,US,RESEA,RADIO,549.88,4.0,1.0,1.0,4.0,0.007274
11382,US,US,PAPE3,EDUCA,478.41,4.0,1.0,1.0,4.0,0.008361
2215,US,US,CHEM1,FOUND,469.01,4.0,1.0,1.0,4.0,0.008529
14007,US,US,RESEA,TRAN1,476.59,4.0,1.0,1.0,4.0,0.008393
1997,US,US,CEMEN,WOODW,375.9,4.0,1.0,1.0,4.0,0.010641
768,US,US,BASIC,93197,454.23,4.0,1.0,1.0,4.0,0.008806
2258,US,US,CHEM1,OFFIC,381.64,4.0,1.0,1.0,4.0,0.010481
7655,US,US,INERT,CONST,432.86,3.0,1.0,1.0,3.0,0.006931
12875,US,US,PRINT,RECRE,193.86,3.0,1.0,1.0,3.0,0.015475
1416,US,US,BITU1,MOTOR,255.1,3.0,1.0,1.0,3.0,0.01176
7093,US,US,GLASS,NONME,255.21,3.0,1.0,1.0,3.0,0.011755
2905,US,US,CONST,PFERT,253.73,3.0,1.0,1.0,3.0,0.011824
14503,US,US,SECO9,FABRI,255.71,3.0,1.0,1.0,3.0,0.011732
11941,US,US,PFERT,NONSP,189.98,3.0,1.0,1.0,3.0,0.015791
8437,US,US,LANDT,RECRE,255.72,3.0,1.0,1.0,3.0,0.011732
4334,US,US,ELEC2,POSTT,254.62,3.0,1.0,1.0,3.0,0.011782
7086,US,US,GLASS,MEDIC,246.53,3.0,1.0,1.0,3.0,0.012169
13906,US,US,RESEA,ELEC3,433.92,3.0,1.0,1.0,3.0,0.006914
15884,US,US,TRAN1,RESEA,134.24,3.0,1.0,1.0,3.0,0.022348
4353,US,US,ELEC2,SALEM,251.28,3.0,1.0,1.0,3.0,0.011939
8655,US,US,LEATH,TEXTI,246.59,3.0,1.0,1.0,3.0,0.012166
7039,US,US,GLASS,BRICK,250.47,3.0,1.0,1.0,3.0,0.011977
1467,US,US,BITUM,DIST1,249.34,3.0,1.0,1.0,3.0,0.012032
11673,US,US,PAPER,ALUM1,194.45,3.0,1.0,1.0,3.0,0.015428
15872,US,US,TRAN1,PRINT,133.41,3.0,1.0,1.0,3.0,0.022487
6377,US,US,FOOD5,RUBBE,136.14,3.0,1.0,1.0,3.0,0.022036
4219,US,US,ELEC1,WHOLE,435.9,3.0,1.0,1.0,3.0,0.006882
7068,US,US,GLASS,HOTEL,248.5,3.0,1.0,1.0,3.0,0.012072
2841,US,US,CONST,ELEC8,211.12,3.0,1.0,1.0,3.0,0.01421
735,US,US,AUXIL,WEARI,563.25,3.0,1.0,1.0,3.0,0.005326
3629,US,US,DISTR,MEMBE,271.76,3.0,1.0,1.0,3.0,0.011039
17098,US,US,WOODW,RADIO,178.06,3.0,1.0,1.0,3.0,0.016848
12123,US,US,PLAS1,HOTEL,428.86,3.0,1.0,1.0,3.0,0.006995
5558,US,US,FABRI,NONF1,270.62,3.0,1.0,1.0,3.0,0.011086
14130,US,US,RUBBE,MOTOR,271.1,3.0,1.0,1.0,3.0,0.011066
7136,US,US,GLASS,TRANS,271.5,3.0,1.0,1.0,3.0,0.01105
11879,US,US,PFERT,BIOGA,178.44,3.0,1.0,1.0,3.0,0.016812
4613,US,US,ELEC4,PAPER,178.56,3.0,1.0,1.0,3.0,0.016801
1957,US,US,CEMEN,PAPER,272.12,3.0,1.0,1.0,3.0,0.011025
8618,US,US,LEATH,LEATH,268.33,3.0,1.0,1.0,3.0,0.01118
3470,US,US,DIST1,MEATP,99.44,3.0,1.0,1.0,3.0,0.030169
138,US,US,AIRTR,BASIC,272.28,3.0,1.0,1.0,3.0,0.011018
7041,US,US,GLASS,CEMEN,273.41,3.0,1.0,1.0,3.0,0.010973
1879,US,US,CEMEN,CHEM1,273.5,3.0,1.0,1.0,3.0,0.010969
2313,US,US,CHEM1,VEGET,274.15,3.0,1.0,1.0,3.0,0.010943
11718,US,US,PAPER,ELECT,185.38,3.0,1.0,1.0,3.0,0.016183
8482,US,US,LEAD1,CONST,185.2,3.0,1.0,1.0,3.0,0.016199
2725,US,US,COMPU,NATUR,429.77,3.0,1.0,1.0,3.0,0.00698
3347,US,US,DAIRY,FISH5,188.7,3.0,1.0,1.0,3.0,0.015898
3515,US,US,DIST1,RENTI,132.13,3.0,1.0,1.0,3.0,0.022705
3465,US,US,DIST1,MACHI,130.76,3.0,1.0,1.0,3.0,0.022943
5495,US,US,FABRI,DISTR,258.76,3.0,1.0,1.0,3.0,0.011594
2379,US,US,CHEMI,NFERT,259.54,3.0,1.0,1.0,3.0,0.011559
9353,US,US,MEATP,BUSIN,260.04,3.0,1.0,1.0,3.0,0.011537
15956,US,US,TRANS,FABRI,260.64,3.0,1.0,1.0,3.0,0.01151
3004,US,US,COPP1,LEAD1,245.59,3.0,1.0,1.0,3.0,0.012215
6385,US,US,FOOD5,SUPPO,176.98,3.0,1.0,1.0,3.0,0.016951
357,US,US,ALUM1,RADIO,261.28,3.0,1.0,1.0,3.0,0.011482
8200,US,US,IRONO,RESEA,262.81,3.0,1.0,1.0,3.0,0.011415
8342,US,US,LANDT,CRUDE,267.98,3.0,1.0,1.0,3.0,0.011195
14133,US,US,RUBBE,NATUR,263.03,3.0,1.0,1.0,3.0,0.011406
7454,US,US,HOTEL,PLAS1,130.72,3.0,1.0,1.0,3.0,0.02295
2177,US,US,CHEM1,CHEMI,264.54,3.0,1.0,1.0,3.0,0.01134
13799,US,US,RENTI,NATUR,430.94,3.0,1.0,1.0,3.0,0.006962
10236,US,US,NATUR,BASIC,266.72,3.0,1.0,1.0,3.0,0.011248
603,US,US,AUXIL,CONST,430.39,3.0,1.0,1.0,3.0,0.00697
6914,US,US,GASDI,HEALT,267.91,3.0,1.0,1.0,3.0,0.011198
10319,US,US,NATUR,NATU1,245.61,3.0,1.0,1.0,3.0,0.012214
3315,US,US,CRUDE,SUGAR,243.51,3.0,1.0,1.0,3.0,0.01232
14588,US,US,SEWAG,FINAN,436.08,3.0,1.0,1.0,3.0,0.006879
15764,US,US,TRAN1,ALUM1,165.35,3.0,1.0,1.0,3.0,0.018143
3336,US,US,DAIRY,BEVER,223.39,3.0,1.0,1.0,3.0,0.013429
7350,US,US,HOTEL,BIOGA,149.64,3.0,1.0,1.0,3.0,0.020048
9567,US,US,MEMBE,AIRTR,73.96,3.0,1.0,1.0,3.0,0.040562
7428,US,US,HOTEL,MEDIC,165.37,3.0,1.0,1.0,3.0,0.018141
10211,US,US,NATU1,SANDC,225.54,3.0,1.0,1.0,3.0,0.013301
2814,US,US,CONST,CEMEN,204.39,3.0,1.0,1.0,3.0,0.014678
13680,US,US,REFIN,GASDI,225.58,3.0,1.0,1.0,3.0,0.013299
8681,US,US,LIGNI,ELEC1,226.23,3.0,1.0,1.0,3.0,0.013261
11690,US,US,PAPER,CERAM,226.42,3.0,1.0,1.0,3.0,0.01325
7015,US,US,GASWO,DIST1,226.46,3.0,1.0,1.0,3.0,0.013247
14126,US,US,RUBBE,MEATP,226.95,3.0,1.0,1.0,3.0,0.013219
1597,US,US,BRICK,CEMEN,228.0,3.0,1.0,1.0,3.0,0.013158
6271,US,US,FOOD4,RETA1,442.17,3.0,1.0,1.0,3.0,0.006785
10398,US,US,NFERT,CONST,228.68,3.0,1.0,1.0,3.0,0.013119
11421,US,US,PAPE3,LANDT,441.93,3.0,1.0,1.0,3.0,0.006788
893,US,US,BASIC,REALE,443.42,3.0,1.0,1.0,3.0,0.006766
15044,US,US,SUGA1,BEVER,205.86,3.0,1.0,1.0,3.0,0.014573
7478,US,US,HOTEL,SEACO,138.56,3.0,1.0,1.0,3.0,0.021651
10251,US,US,NATUR,CHEMI,221.83,3.0,1.0,1.0,3.0,0.013524
2658,US,US,COMPU,COPP1,480.25,3.0,1.0,1.0,3.0,0.006247
9324,US,US,MEATC,PIGS9,210.95,3.0,1.0,1.0,3.0,0.014221
1825,US,US,BUSIN,TEXT2,453.39,3.0,1.0,1.0,3.0,0.006617
3809,US,US,EDUCA,RECRE,216.26,3.0,1.0,1.0,3.0,0.013872
15724,US,US,TEXTI,RADIO,216.29,3.0,1.0,1.0,3.0,0.01387
7407,US,US,HOTEL,INERT,152.57,3.0,1.0,1.0,3.0,0.019663
15762,US,US,TRAN1,93197,163.29,3.0,1.0,1.0,3.0,0.018372
1598,US,US,BRICK,CERAM,218.58,3.0,1.0,1.0,3.0,0.013725
2647,US,US,COMPU,CEMEN,445.87,3.0,1.0,1.0,3.0,0.006728
14913,US,US,STONE,RAILW,219.76,3.0,1.0,1.0,3.0,0.013651
968,US,US,BEVER,RECRE,163.98,3.0,1.0,1.0,3.0,0.018295
11756,US,US,PAPER,MEAT4,206.16,3.0,1.0,1.0,3.0,0.014552
15943,US,US,TRANS,DIST1,220.36,3.0,1.0,1.0,3.0,0.013614
7464,US,US,HOTEL,RADIO,150.09,3.0,1.0,1.0,3.0,0.019988
10487,US,US,NONF1,NONF1,206.13,3.0,1.0,1.0,3.0,0.014554
103,US,US,93197,RECRE,204.31,3.0,1.0,1.0,3.0,0.014684
3744,US,US,EDUCA,FINAN,229.37,3.0,1.0,1.0,3.0,0.013079
9956,US,US,MOTOR,INLAN,229.55,3.0,1.0,1.0,3.0,0.013069
7400,US,US,HOTEL,GASDI,145.07,3.0,1.0,1.0,3.0,0.02068
4673,US,US,ELEC5,BASIC,140.36,3.0,1.0,1.0,3.0,0.021374
7431,US,US,HOTEL,MOTOR,139.66,3.0,1.0,1.0,3.0,0.021481
17029,US,US,WOODW,FABRI,169.26,3.0,1.0,1.0,3.0,0.017724
3806,US,US,EDUCA,RAILW,241.15,3.0,1.0,1.0,3.0,0.01244
6343,US,US,FOOD5,MEAT1,169.28,3.0,1.0,1.0,3.0,0.017722
10257,US,US,NATUR,CONST,242.76,3.0,1.0,1.0,3.0,0.012358
11757,US,US,PAPER,MEATC,169.68,3.0,1.0,1.0,3.0,0.01768
15674,US,US,TEXTI,HOTEL,198.01,3.0,1.0,1.0,3.0,0.015151
7434,US,US,HOTEL,NATUR,170.38,3.0,1.0,1.0,3.0,0.017608
256,US,US,AIRTR,SALEM,243.25,3.0,1.0,1.0,3.0,0.012333
10376,US,US,NATUR,TRAN2,243.81,3.0,1.0,1.0,3.0,0.012305
2855,US,US,CONST,FOUND,196.45,3.0,1.0,1.0,3.0,0.015271
17006,US,US,WOODW,BIOGA,173.13,3.0,1.0,1.0,3.0,0.017328
718,US,US,AUXIL,SEWAG,461.16,3.0,1.0,1.0,3.0,0.006505
3549,US,US,DISTR,ALUM1,244.69,3.0,1.0,1.0,3.0,0.01226
17102,US,US,WOODW,RECRE,141.33,3.0,1.0,1.0,3.0,0.021227
11771,US,US,PAPER,OFFIC,200.56,3.0,1.0,1.0,3.0,0.014958
14112,US,US,RUBBE,KEROS,239.22,3.0,1.0,1.0,3.0,0.012541
1482,US,US,BITUM,GLASS,235.55,3.0,1.0,1.0,3.0,0.012736
7436,US,US,HOTEL,NONF1,145.01,3.0,1.0,1.0,3.0,0.020688
6792,US,US,FURNI,MEMBE,276.99,3.0,1.0,1.0,3.0,0.010831
308,US,US,ALUM1,ELECT,232.3,3.0,1.0,1.0,3.0,0.012914
14168,US,US,RUBBE,RECRE,232.32,3.0,1.0,1.0,3.0,0.012913
731,US,US,AUXIL,TRANS,458.4,3.0,1.0,1.0,3.0,0.006545
3313,US,US,CRUDE,SUBBI,235.08,3.0,1.0,1.0,3.0,0.012762
8677,US,US,LIGNI,DIST1,237.06,3.0,1.0,1.0,3.0,0.012655
3092,US,US,CROPS,BEVER,439.5,3.0,1.0,1.0,3.0,0.006826
2472,US,US,COKIN,COKEO,237.34,3.0,1.0,1.0,3.0,0.01264
11544,US,US,PAPE4,EDUCA,459.09,3.0,1.0,1.0,3.0,0.006535
2926,US,US,CONST,RESEA,200.72,3.0,1.0,1.0,3.0,0.014946
7113,US,US,GLASS,RADIO,237.7,3.0,1.0,1.0,3.0,0.012621
3099,US,US,CROPS,CHEM1,477.22,3.0,1.0,1.0,3.0,0.006286
596,US,US,AUXIL,CHEM1,439.7,3.0,1.0,1.0,3.0,0.006823
6821,US,US,FURNI,PRINT,276.91,3.0,1.0,1.0,3.0,0.010834
15053,US,US,SUGA1,FISH5,257.3,3.0,1.0,1.0,3.0,0.01166
216,US,US,AIRTR,MEMBE,277.12,3.0,1.0,1.0,3.0,0.010826
13148,US,US,RADIO,FOOD5,330.45,3.0,1.0,1.0,3.0,0.009079
13755,US,US,RENTI,FISH5,395.12,3.0,1.0,1.0,3.0,0.007593
5423,US,US,ELECT,RADIO,325.51,3.0,1.0,1.0,3.0,0.009216
5522,US,US,FABRI,GASDI,325.63,3.0,1.0,1.0,3.0,0.009213
5419,US,US,ELECT,PRINT,277.26,3.0,1.0,1.0,3.0,0.01082
13793,US,US,RENTI,MEDIC,394.77,3.0,1.0,1.0,3.0,0.007599
13217,US,US,RADIO,REALE,326.34,3.0,1.0,1.0,3.0,0.009193
4691,US,US,ELEC5,CONST,112.85,3.0,1.0,1.0,3.0,0.026584
11505,US,US,PAPE3,WHOLE,391.7,3.0,1.0,1.0,3.0,0.007659
16854,US,US,WOOD2,BUSIN,390.62,3.0,1.0,1.0,3.0,0.00768
16578,US,US,WHOLE,FISH5,390.59,3.0,1.0,1.0,3.0,0.007681
10925,US,US,OFFIC,RETA1,330.62,3.0,1.0,1.0,3.0,0.009074
7755,US,US,INERT,RECRE,337.65,3.0,1.0,1.0,3.0,0.008885
9079,US,US,MACHI,MEMBE,330.79,3.0,1.0,1.0,3.0,0.009069
13095,US,US,RADIO,AIRTR,331.0,3.0,1.0,1.0,3.0,0.009063
14465,US,US,SEACO,93197,388.9,3.0,1.0,1.0,3.0,0.007714
4337,US,US,ELEC2,PRINT,332.97,3.0,1.0,1.0,3.0,0.00901
5099,US,US,ELEC8,EDUCA,333.38,3.0,1.0,1.0,3.0,0.008999
12025,US,US,PIGS9,PIGS9,334.39,3.0,1.0,1.0,3.0,0.008972
11375,US,US,PAPE3,CONST,336.14,3.0,1.0,1.0,3.0,0.008925
837,US,US,BASIC,IRONO,387.88,3.0,1.0,1.0,3.0,0.007734
14607,US,US,SEWAG,INLAN,387.21,3.0,1.0,1.0,3.0,0.007748
4086,US,US,ELEC1,BASIC,336.8,3.0,1.0,1.0,3.0,0.008907
4723,US,US,ELEC5,LANDT,113.77,3.0,1.0,1.0,3.0,0.026369
13839,US,US,RENTI,RETAI,395.97,3.0,1.0,1.0,3.0,0.007576
10596,US,US,NONME,CRUDE,322.31,3.0,1.0,1.0,3.0,0.009308
9624,US,US,MEMBE,GASDI,62.99,3.0,1.0,1.0,3.0,0.047627
3443,US,US,DIST1,FURNI,117.43,3.0,1.0,1.0,3.0,0.025547
727,US,US,AUXIL,TEXTI,524.25,3.0,1.0,1.0,3.0,0.005722
13917,US,US,RESEA,FISH5,410.86,3.0,1.0,1.0,3.0,0.007302
1187,US,US,BIOG1,PFERT,116.18,3.0,1.0,1.0,3.0,0.025822
1325,US,US,BIOGA,POSTT,310.47,3.0,1.0,1.0,3.0,0.009663
2174,US,US,CHEM1,CERAM,310.66,3.0,1.0,1.0,3.0,0.009657
13286,US,US,RAILW,RAILW,409.53,3.0,1.0,1.0,3.0,0.007325
13788,US,US,RENTI,MEAT1,312.43,3.0,1.0,1.0,3.0,0.009602
12520,US,US,POSTT,INERT,312.92,3.0,1.0,1.0,3.0,0.009587
4349,US,US,ELEC2,RESEA,313.58,3.0,1.0,1.0,3.0,0.009567
7956,US,US,INSUR,TRAN2,531.66,3.0,1.0,1.0,3.0,0.005643
4763,US,US,ELEC5,PLAST,114.12,3.0,1.0,1.0,3.0,0.026288
7107,US,US,GLASS,PLAST,315.52,3.0,1.0,1.0,3.0,0.009508
9496,US,US,MEDIC,MEDIC,316.07,3.0,1.0,1.0,3.0,0.009492
9732,US,US,MOTO1,BEVER,316.49,3.0,1.0,1.0,3.0,0.009479
12352,US,US,PLAS2,RETA1,403.08,3.0,1.0,1.0,3.0,0.007443
13536,US,US,RECRE,FABRI,318.33,3.0,1.0,1.0,3.0,0.009424
2689,US,US,COMPU,FOUND,399.12,3.0,1.0,1.0,3.0,0.007517
2236,US,US,CHEM1,LIQUE,320.14,3.0,1.0,1.0,3.0,0.009371
16169,US,US,VEGET,VEGET,320.78,3.0,1.0,1.0,3.0,0.009352
11412,US,US,PAPE3,HOTEL,399.09,3.0,1.0,1.0,3.0,0.007517
13515,US,US,RECRE,CONST,337.36,3.0,1.0,1.0,3.0,0.008893
13913,US,US,RESEA,ELECT,338.01,3.0,1.0,1.0,3.0,0.008875
3408,US,US,DIST1,CERAM,103.08,3.0,1.0,1.0,3.0,0.029104
1712,US,US,BUSIN,ELEC1,373.35,3.0,1.0,1.0,3.0,0.008035
5308,US,US,ELECT,BEVER,377.75,3.0,1.0,1.0,3.0,0.007942
13239,US,US,RADIO,TEXTI,356.69,3.0,1.0,1.0,3.0,0.008411
13969,US,US,RESEA,PAPER,358.05,3.0,1.0,1.0,3.0,0.008379
12470,US,US,POSTT,CEMEN,377.34,3.0,1.0,1.0,3.0,0.00795
12459,US,US,POSTT,BASIC,358.69,3.0,1.0,1.0,3.0,0.008364
4206,US,US,ELEC1,SUPPO,358.87,3.0,1.0,1.0,3.0,0.00836
14671,US,US,SEWAG,RESEA,358.94,3.0,1.0,1.0,3.0,0.008358
5787,US,US,FINAN,WOOD1,359.81,3.0,1.0,1.0,3.0,0.008338
14538,US,US,SEWAG,93197,360.06,3.0,1.0,1.0,3.0,0.008332
14559,US,US,SEWAG,CHEM1,373.64,3.0,1.0,1.0,3.0,0.008029
12473,US,US,POSTT,CHEM1,372.96,3.0,1.0,1.0,3.0,0.008044
6413,US,US,FOODW,BUSIN,385.0,3.0,1.0,1.0,3.0,0.007792
8030,US,US,INTER,HEALT,362.42,3.0,1.0,1.0,3.0,0.008278
9710,US,US,MEMBE,TEXTI,59.32,3.0,1.0,1.0,3.0,0.050573
5396,US,US,ELECT,NONF1,362.98,3.0,1.0,1.0,3.0,0.008265
13829,US,US,RENTI,RADIO,370.53,3.0,1.0,1.0,3.0,0.008097
4429,US,US,ELEC3,HOTEL,558.26,3.0,1.0,1.0,3.0,0.005374
12086,US,US,PLAS1,CONST,365.67,3.0,1.0,1.0,3.0,0.008204
14608,US,US,SEWAG,INSUR,369.69,3.0,1.0,1.0,3.0,0.008115
16669,US,US,WHOLE,TRANS,369.38,3.0,1.0,1.0,3.0,0.008122
9855,US,US,MOTO1,RENTI,366.44,3.0,1.0,1.0,3.0,0.008187
11322,US,US,PAPE1,SEACO,369.09,3.0,1.0,1.0,3.0,0.008128
10923,US,US,OFFIC,RENTI,356.3,3.0,1.0,1.0,3.0,0.00842
6793,US,US,FURNI,MOTO1,354.65,3.0,1.0,1.0,3.0,0.008459
13111,US,US,RADIO,CEMEN,354.39,3.0,1.0,1.0,3.0,0.008465
6174,US,US,FOOD4,EDUCA,378.08,3.0,1.0,1.0,3.0,0.007935
5347,US,US,ELECT,ELECT,383.6,3.0,1.0,1.0,3.0,0.007821
1714,US,US,BUSIN,ELEC3,339.44,3.0,1.0,1.0,3.0,0.008838
13885,US,US,RESEA,CEMEN,339.48,3.0,1.0,1.0,3.0,0.008837
14565,US,US,SEWAG,COMPU,339.68,3.0,1.0,1.0,3.0,0.008832
13767,US,US,RENTI,GLASS,383.03,3.0,1.0,1.0,3.0,0.007832
4685,US,US,ELEC5,CHEM1,106.21,3.0,1.0,1.0,3.0,0.028246
12255,US,US,PLAS2,EDUCA,342.1,3.0,1.0,1.0,3.0,0.008769
10842,US,US,OFFIC,EDUCA,342.52,3.0,1.0,1.0,3.0,0.008759
13617,US,US,RECRE,RESEA,344.51,3.0,1.0,1.0,3.0,0.008708
2184,US,US,CHEM1,COPP1,344.56,3.0,1.0,1.0,3.0,0.008707
6213,US,US,FOOD4,LANDT,344.64,3.0,1.0,1.0,3.0,0.008705
5388,US,US,ELECT,MEDIC,344.98,3.0,1.0,1.0,3.0,0.008696
13789,US,US,RENTI,MEAT4,381.4,3.0,1.0,1.0,3.0,0.007866
3453,US,US,DIST1,INSUR,106.64,3.0,1.0,1.0,3.0,0.028132
9119,US,US,MACHI,RECRE,349.89,3.0,1.0,1.0,3.0,0.008574
13984,US,US,RESEA,REALE,350.25,3.0,1.0,1.0,3.0,0.008565
11574,US,US,PAPE4,HOTEL,379.61,3.0,1.0,1.0,3.0,0.007903
16108,US,US,VEGET,DAIRY,379.59,3.0,1.0,1.0,3.0,0.007903
16670,US,US,WHOLE,VEGE1,352.88,3.0,1.0,1.0,3.0,0.008501
1838,US,US,BUSIN,WOOD1,353.84,3.0,1.0,1.0,3.0,0.008478
11667,US,US,PAPE4,WHOLE,378.66,3.0,1.0,1.0,3.0,0.007923
10588,US,US,NONME,CHEM1,304.96,3.0,1.0,1.0,3.0,0.009837
15153,US,US,SUPPO,BASIC,286.77,3.0,1.0,1.0,3.0,0.010461
5629,US,US,FINAN,ALUM1,424.51,3.0,1.0,1.0,3.0,0.007067
13155,US,US,RADIO,GLASS,288.05,3.0,1.0,1.0,3.0,0.010415
11121,US,US,PADDY,BUSIN,423.99,3.0,1.0,1.0,3.0,0.007076
1015,US,US,BIODI,CRUDE,288.83,3.0,1.0,1.0,3.0,0.010387
9029,US,US,MACHI,ELEC2,284.88,3.0,1.0,1.0,3.0,0.010531
635,US,US,AUXIL,FOUND,508.9,3.0,1.0,1.0,3.0,0.005895
9470,US,US,MEDIC,FURNI,278.88,3.0,1.0,1.0,3.0,0.010757
8417,US,US,LANDT,PAPER,278.33,3.0,1.0,1.0,3.0,0.010779
12216,US,US,PLAS1,WHOLE,416.14,3.0,1.0,1.0,3.0,0.007209
5400,US,US,ELECT,OFFIC,290.02,3.0,1.0,1.0,3.0,0.010344
4340,US,US,ELEC2,PULP5,284.57,3.0,1.0,1.0,3.0,0.010542
11583,US,US,PAPE4,LANDT,420.68,3.0,1.0,1.0,3.0,0.007131
1752,US,US,BUSIN,LEATH,421.49,3.0,1.0,1.0,3.0,0.007118
9041,US,US,MACHI,FISH5,288.25,3.0,1.0,1.0,3.0,0.010408
2008,US,US,CERAM,BUSIN,290.01,3.0,1.0,1.0,3.0,0.010344
142,US,US,AIRTR,BIOGA,288.67,3.0,1.0,1.0,3.0,0.010392
2286,US,US,CHEM1,RECRE,297.25,3.0,1.0,1.0,3.0,0.010093
3259,US,US,CRUDE,MEDIC,296.74,3.0,1.0,1.0,3.0,0.01011
898,US,US,BASIC,RESEA,422.25,3.0,1.0,1.0,3.0,0.007105
333,US,US,ALUM1,MEDIC,296.51,3.0,1.0,1.0,3.0,0.010118
9198,US,US,MEAT4,BUSIN,277.39,3.0,1.0,1.0,3.0,0.010815
9131,US,US,MACHI,SEWAG,277.62,3.0,1.0,1.0,3.0,0.010806
9081,US,US,MACHI,MOTOR,296.4,3.0,1.0,1.0,3.0,0.010121
2250,US,US,CHEM1,NATU1,286.08,3.0,1.0,1.0,3.0,0.010487
15994,US,US,TRANS,RECRE,278.95,3.0,1.0,1.0,3.0,0.010755
16559,US,US,WHOLE,BUSIN,292.18,3.0,1.0,1.0,3.0,0.010268
16103,US,US,VEGET,CHEM1,292.03,3.0,1.0,1.0,3.0,0.010273
4252,US,US,ELEC2,COMPU,280.34,3.0,1.0,1.0,3.0,0.010701
5489,US,US,FABRI,COPP1,293.49,3.0,1.0,1.0,3.0,0.010222
12616,US,US,POSTT,WOODW,415.77,3.0,1.0,1.0,3.0,0.007216
7063,US,US,GLASS,FURNI,294.77,3.0,1.0,1.0,3.0,0.010177
9844,US,US,MOTO1,PRINT,299.72,3.0,1.0,1.0,3.0,0.010009
5332,US,US,ELECT,DAIRY,169.5,2.0,1.0,1.0,2.0,0.011799
11827,US,US,PAPER,WEARI,120.08,2.0,1.0,1.0,2.0,0.016656
3462,US,US,DIST1,LIQUE,61.62,2.0,1.0,1.0,2.0,0.032457
7455,US,US,HOTEL,PLAS2,87.14,2.0,1.0,1.0,2.0,0.022952
17009,US,US,WOODW,BRICK,121.12,2.0,1.0,1.0,2.0,0.016513
6312,US,US,FOOD5,CEMEN,86.96,2.0,1.0,1.0,2.0,0.022999
7424,US,US,HOTEL,MEAT4,124.56,2.0,1.0,1.0,2.0,0.016057
9553,US,US,MEDIC,TOBAC,168.36,2.0,1.0,1.0,2.0,0.011879
4581,US,US,ELEC4,LANDT,98.68,2.0,1.0,1.0,2.0,0.020268
7196,US,US,HEAVY,BITUM,168.92,2.0,1.0,1.0,2.0,0.01184
12024,US,US,PIGS9,PAPER,168.76,2.0,1.0,1.0,2.0,0.011851
5586,US,US,FABRI,PULP5,168.56,2.0,1.0,1.0,2.0,0.011865
2500,US,US,COLLE,CONST,167.84,2.0,1.0,1.0,2.0,0.011916
2957,US,US,CONST,WOODW,168.19,2.0,1.0,1.0,2.0,0.011891
16019,US,US,VEGE1,BEVER,124.87,2.0,1.0,1.0,2.0,0.016017
4549,US,US,ELEC4,CONST,98.48,2.0,1.0,1.0,2.0,0.020309
16353,US,US,WEARI,MEMBE,168.48,2.0,1.0,1.0,2.0,0.011871
13087,US,US,PULP5,PULP5,124.91,2.0,1.0,1.0,2.0,0.016012
4785,US,US,ELEC5,SEACO,94.67,2.0,1.0,1.0,2.0,0.021126
13059,US,US,PUBLI,SUPPO,167.11,2.0,1.0,1.0,2.0,0.011968
9714,US,US,MEMBE,TRANS,36.07,2.0,1.0,1.0,2.0,0.055448
12621,US,US,POULT,FOOD5,161.15,2.0,1.0,1.0,2.0,0.012411
5827,US,US,FISHF,HEALT,76.52,2.0,1.0,1.0,2.0,0.026137
5833,US,US,FISHF,PFERT,112.05,2.0,1.0,1.0,2.0,0.017849
7053,US,US,GLASS,ELECT,161.9,2.0,1.0,1.0,2.0,0.012353
3269,US,US,CRUDE,NONME,161.93,2.0,1.0,1.0,2.0,0.012351
5483,US,US,FABRI,CHEMI,162.17,2.0,1.0,1.0,2.0,0.012333
15888,US,US,TRAN1,SALEM,106.34,2.0,1.0,1.0,2.0,0.018808
16088,US,US,VEGE1,TOBAC,129.32,2.0,1.0,1.0,2.0,0.015466
14099,US,US,RUBBE,GASDI,162.46,2.0,1.0,1.0,2.0,0.012311
9160,US,US,MEAT1,BUSIN,162.96,2.0,1.0,1.0,2.0,0.012273
10107,US,US,NATU1,BIODI,129.17,2.0,1.0,1.0,2.0,0.015483
17085,US,US,WOODW,PFERT,87.8,2.0,1.0,1.0,2.0,0.022779
4767,US,US,ELEC5,PRINT,69.38,2.0,1.0,1.0,2.0,0.028827
2604,US,US,COLLE,SEACO,163.97,2.0,1.0,1.0,2.0,0.012197
15780,US,US,TRAN1,CEMEN,97.16,2.0,1.0,1.0,2.0,0.020585
12648,US,US,PREC1,CHEM1,128.51,2.0,1.0,1.0,2.0,0.015563
15789,US,US,TRAN1,COMPU,119.95,2.0,1.0,1.0,2.0,0.016674
15058,US,US,SUGA1,HOTEL,164.84,2.0,1.0,1.0,2.0,0.012133
4662,US,US,ELEC4,WHOLE,126.54,2.0,1.0,1.0,2.0,0.015805
3501,US,US,DIST1,POULT,59.81,2.0,1.0,1.0,2.0,0.033439
2946,US,US,CONST,TRAN2,120.05,2.0,1.0,1.0,2.0,0.01666
3012,US,US,COPP1,MOTO1,165.51,2.0,1.0,1.0,2.0,0.012084
5619,US,US,FABRI,WEARI,165.67,2.0,1.0,1.0,2.0,0.012072
11969,US,US,PFERT,REFIN,109.55,2.0,1.0,1.0,2.0,0.018257
2910,US,US,CONST,PLAST,165.93,2.0,1.0,1.0,2.0,0.012053
13209,US,US,RADIO,PREC1,170.22,2.0,1.0,1.0,2.0,0.01175
11987,US,US,PFERT,WHITE,166.71,2.0,1.0,1.0,2.0,0.011997
11928,US,US,PFERT,MEAT4,166.76,2.0,1.0,1.0,2.0,0.011993
14337,US,US,SALEM,SEACO,166.29,2.0,1.0,1.0,2.0,0.012027
4352,US,US,ELEC2,RUBBE,171.53,2.0,1.0,1.0,2.0,0.01166
9333,US,US,MEATC,RETAI,98.81,2.0,1.0,1.0,2.0,0.020241
6628,US,US,FORES,TEXTI,53.79,2.0,1.0,1.0,2.0,0.037182
4559,US,US,ELEC4,FABRI,86.74,2.0,1.0,1.0,2.0,0.023057
3377,US,US,DAIRY,REALE,122.63,2.0,1.0,1.0,2.0,0.016309
2186,US,US,CHEM1,CROPS,177.01,2.0,1.0,1.0,2.0,0.011299
7465,US,US,HOTEL,RAILW,110.25,2.0,1.0,1.0,2.0,0.018141
268,US,US,AIRTR,TEXTI,177.02,2.0,1.0,1.0,2.0,0.011298
4701,US,US,ELEC5,FABRI,100.18,2.0,1.0,1.0,2.0,0.019964
14067,US,US,RUBBE,COPP1,177.03,2.0,1.0,1.0,2.0,0.011298
15180,US,US,SUPPO,DISTR,177.07,2.0,1.0,1.0,2.0,0.011295
2260,US,US,CHEM1,OILSE,177.78,2.0,1.0,1.0,2.0,0.01125
15206,US,US,SUPPO,FURNI,178.08,2.0,1.0,1.0,2.0,0.011231
12817,US,US,PRINT,INERT,121.6,2.0,1.0,1.0,2.0,0.016447
14028,US,US,RETA1,RETA1,179.54,2.0,1.0,1.0,2.0,0.01114
9521,US,US,MEDIC,PLAST,180.02,2.0,1.0,1.0,2.0,0.01111
15184,US,US,SUPPO,ELEC1,180.14,2.0,1.0,1.0,2.0,0.011102
3657,US,US,DISTR,POULT,180.5,2.0,1.0,1.0,2.0,0.01108
7446,US,US,HOTEL,PAPE3,122.48,2.0,1.0,1.0,2.0,0.016329
4564,US,US,ELEC4,FOOD5,86.3,2.0,1.0,1.0,2.0,0.023175
17118,US,US,WOODW,SUPPO,86.29,2.0,1.0,1.0,2.0,0.023178
16585,US,US,WHOLE,FOUND,181.1,2.0,1.0,1.0,2.0,0.011044
3533,US,US,DIST1,TOBAC,86.22,2.0,1.0,1.0,2.0,0.023196
8471,US,US,LANDT,WOODW,182.36,2.0,1.0,1.0,2.0,0.010967
15637,US,US,TEXTI,BIOGA,100.24,2.0,1.0,1.0,2.0,0.019952
12872,US,US,PRINT,RAILW,122.23,2.0,1.0,1.0,2.0,0.016363
12962,US,US,PUBLI,COMPU,182.41,2.0,1.0,1.0,2.0,0.010964
14178,US,US,RUBBE,SEACO,182.44,2.0,1.0,1.0,2.0,0.010963
3266,US,US,CRUDE,NFERT,182.78,2.0,1.0,1.0,2.0,0.010942
1303,US,US,BIOGA,MOTOR,182.93,2.0,1.0,1.0,2.0,0.010933
9073,US,US,MACHI,MEAT1,183.1,2.0,1.0,1.0,2.0,0.010923
14190,US,US,RUBBE,TOBAC,183.24,2.0,1.0,1.0,2.0,0.010915
13122,US,US,RADIO,COPP1,176.4,2.0,1.0,1.0,2.0,0.011338
6376,US,US,FOOD5,RETAI,122.96,2.0,1.0,1.0,2.0,0.016265
10359,US,US,NATUR,RUBBE,170.53,2.0,1.0,1.0,2.0,0.011728
9201,US,US,MEAT4,CHEM1,176.04,2.0,1.0,1.0,2.0,0.011361
5555,US,US,FABRI,NATU1,170.7,2.0,1.0,1.0,2.0,0.011716
10619,US,US,NONME,HOTEL,170.88,2.0,1.0,1.0,2.0,0.011704
6369,US,US,FOOD5,PULP5,86.92,2.0,1.0,1.0,2.0,0.02301
6846,US,US,FURNI,SUPPO,171.19,2.0,1.0,1.0,2.0,0.011683
8641,US,US,LEATH,PRINT,160.89,2.0,1.0,1.0,2.0,0.012431
6836,US,US,FURNI,RUBBE,171.55,2.0,1.0,1.0,2.0,0.011658
17076,US,US,WOODW,OFFIC,110.78,2.0,1.0,1.0,2.0,0.018054
6639,US,US,FOUND,BIOGA,171.86,2.0,1.0,1.0,2.0,0.011637
3479,US,US,DIST1,NONF1,77.44,2.0,1.0,1.0,2.0,0.025826
2240,US,US,CHEM1,MEAT1,172.87,2.0,1.0,1.0,2.0,0.011569
14255,US,US,SALEM,FISH5,173.29,2.0,1.0,1.0,2.0,0.011541
2929,US,US,CONST,RUBBE,173.34,2.0,1.0,1.0,2.0,0.011538
1450,US,US,BITUM,BITUM,173.37,2.0,1.0,1.0,2.0,0.011536
4667,US,US,ELEC5,93197,77.69,2.0,1.0,1.0,2.0,0.025743
2861,US,US,CONST,HEAVY,124.22,2.0,1.0,1.0,2.0,0.0161
9050,US,US,MACHI,GASDI,174.25,2.0,1.0,1.0,2.0,0.011478
12399,US,US,PLAST,ELECT,174.89,2.0,1.0,1.0,2.0,0.011436
17121,US,US,WOODW,TEXTI,99.04,2.0,1.0,1.0,2.0,0.020194
2874,US,US,CONST,LIQUE,175.05,2.0,1.0,1.0,2.0,0.011425
3457,US,US,DIST1,KEROS,61.44,2.0,1.0,1.0,2.0,0.032552
14150,US,US,RUBBE,PFERT,175.12,2.0,1.0,1.0,2.0,0.011421
14351,US,US,SALEM,TRAN2,175.15,2.0,1.0,1.0,2.0,0.011419
8129,US,US,IRONO,93197,175.16,2.0,1.0,1.0,2.0,0.011418
14089,US,US,RUBBE,FINAN,175.6,2.0,1.0,1.0,2.0,0.01139
2594,US,US,COLLE,RECRE,175.71,2.0,1.0,1.0,2.0,0.011382
4531,US,US,ELEC4,BASIC,121.19,2.0,1.0,1.0,2.0,0.016503
4706,US,US,ELEC5,FOOD5,101.0,2.0,1.0,1.0,2.0,0.019802
743,US,US,AVIAT,AIRTR,175.84,2.0,1.0,1.0,2.0,0.011374
3243,US,US,CRUDE,KERO1,175.94,2.0,1.0,1.0,2.0,0.011368
9631,US,US,MEMBE,INERT,37.35,2.0,1.0,1.0,2.0,0.053548
4632,US,US,ELEC4,RECRE,89.26,2.0,1.0,1.0,2.0,0.022406
10022,US,US,MOTOR,SANDC,159.36,2.0,1.0,1.0,2.0,0.01255
15657,US,US,TEXTI,ELECT,129.66,2.0,1.0,1.0,2.0,0.015425
3699,US,US,DISTR,WOODW,140.18,2.0,1.0,1.0,2.0,0.014267
15703,US,US,TEXTI,OFFIC,105.48,2.0,1.0,1.0,2.0,0.018961
15816,US,US,TRAN1,GLASS,92.52,2.0,1.0,1.0,2.0,0.021617
6892,US,US,GASDI,CROPS,141.27,2.0,1.0,1.0,2.0,0.014157
248,US,US,AIRTR,RECRE,134.37,2.0,1.0,1.0,2.0,0.014884
10053,US,US,NAPHT,BIOGA,141.89,2.0,1.0,1.0,2.0,0.014095
10111,US,US,NATU1,BITUM,142.07,2.0,1.0,1.0,2.0,0.014078
7216,US,US,HEAVY,DIST1,142.33,2.0,1.0,1.0,2.0,0.014052
3056,US,US,COPP1,WHOLE,142.54,2.0,1.0,1.0,2.0,0.014031
7137,US,US,GLASS,VEGE1,142.65,2.0,1.0,1.0,2.0,0.01402
4649,US,US,ELEC4,SUPPO,118.32,2.0,1.0,1.0,2.0,0.016903
3432,US,US,DIST1,ELECT,57.34,2.0,1.0,1.0,2.0,0.03488
13687,US,US,REFIN,MOTOR,133.6,2.0,1.0,1.0,2.0,0.01497
3302,US,US,CRUDE,REFIN,142.73,2.0,1.0,1.0,2.0,0.014012
10453,US,US,NONF1,CHEM1,142.78,2.0,1.0,1.0,2.0,0.014008
3518,US,US,DIST1,RETAI,92.19,2.0,1.0,1.0,2.0,0.021694
312,US,US,ALUM1,FOOD5,142.97,2.0,1.0,1.0,2.0,0.013989
11810,US,US,PAPER,SEWAG,108.06,2.0,1.0,1.0,2.0,0.018508
11988,US,US,PFERT,WHOLE,118.34,2.0,1.0,1.0,2.0,0.0169
3471,US,US,DIST1,MEDIC,92.14,2.0,1.0,1.0,2.0,0.021706
17032,US,US,WOODW,FISHF,102.74,2.0,1.0,1.0,2.0,0.019467
14110,US,US,RUBBE,IRONO,143.49,2.0,1.0,1.0,2.0,0.013938
3565,US,US,DISTR,CEMEN,143.79,2.0,1.0,1.0,2.0,0.013909
967,US,US,BEVER,REALE,143.84,2.0,1.0,1.0,2.0,0.013904
3247,US,US,CRUDE,LEADZ,144.01,2.0,1.0,1.0,2.0,0.013888
1522,US,US,BITUM,PFERT,144.29,2.0,1.0,1.0,2.0,0.013861
3399,US,US,DIST1,BIODI,63.04,2.0,1.0,1.0,2.0,0.031726
11876,US,US,PFERT,BASIC,108.38,2.0,1.0,1.0,2.0,0.018454
4775,US,US,ELEC5,RECRE,101.94,2.0,1.0,1.0,2.0,0.019619
102,US,US,93197,REALE,139.95,2.0,1.0,1.0,2.0,0.014291
15747,US,US,TEXTI,TRAN2,139.7,2.0,1.0,1.0,2.0,0.014316
15913,US,US,TRAN1,WOODW,94.72,2.0,1.0,1.0,2.0,0.021115
15805,US,US,TRAN1,FINAN,92.96,2.0,1.0,1.0,2.0,0.021515
2797,US,US,CONST,AIRTR,117.57,2.0,1.0,1.0,2.0,0.017011
4779,US,US,ELEC5,RESEA,61.41,2.0,1.0,1.0,2.0,0.032568
7459,US,US,HOTEL,PREC1,94.08,2.0,1.0,1.0,2.0,0.021259
9723,US,US,MEMBE,WOODW,45.65,2.0,1.0,1.0,2.0,0.043812
3603,US,US,DISTR,GLASS,136.92,2.0,1.0,1.0,2.0,0.014607
10283,US,US,NATUR,FOOD5,137.65,2.0,1.0,1.0,2.0,0.01453
7474,US,US,HOTEL,RETAI,93.34,2.0,1.0,1.0,2.0,0.021427
14373,US,US,SANDC,BRICK,135.6,2.0,1.0,1.0,2.0,0.014749
1525,US,US,BITUM,PLAST,137.91,2.0,1.0,1.0,2.0,0.014502
9654,US,US,MEMBE,MOTOR,45.05,2.0,1.0,1.0,2.0,0.044395
7190,US,US,HEAVY,BASIC,138.04,2.0,1.0,1.0,2.0,0.014489
11741,US,US,PAPER,INSUR,117.32,2.0,1.0,1.0,2.0,0.017047
7373,US,US,HOTEL,DISTR,92.99,2.0,1.0,1.0,2.0,0.021508
7447,US,US,HOTEL,PAPE4,116.6,2.0,1.0,1.0,2.0,0.017153
2936,US,US,CONST,STONE,115.35,2.0,1.0,1.0,2.0,0.017339
17041,US,US,WOODW,GLASS,116.58,2.0,1.0,1.0,2.0,0.017156
9922,US,US,MOTOR,EDUCA,135.56,2.0,1.0,1.0,2.0,0.014754
10027,US,US,MOTOR,STONE,135.46,2.0,1.0,1.0,2.0,0.014765
2557,US,US,COLLE,MEMBE,116.11,2.0,1.0,1.0,2.0,0.017225
2947,US,US,CONST,TRANS,135.33,2.0,1.0,1.0,2.0,0.014779
9669,US,US,MEMBE,PAPER,56.17,2.0,1.0,1.0,2.0,0.035606
44,US,US,93197,FINAN,139.04,2.0,1.0,1.0,2.0,0.014384
12882,US,US,PRINT,RUBBE,134.99,2.0,1.0,1.0,2.0,0.014816
9307,US,US,MEATC,MEAT1,115.4,2.0,1.0,1.0,2.0,0.017331
1615,US,US,BRICK,HEALT,139.13,2.0,1.0,1.0,2.0,0.014375
17037,US,US,WOODW,FORES,118.27,2.0,1.0,1.0,2.0,0.01691
11971,US,US,PFERT,RETAI,139.44,2.0,1.0,1.0,2.0,0.014343
3331,US,US,CRUDE,WOODW,139.52,2.0,1.0,1.0,2.0,0.014335
17108,US,US,WOODW,RETAI,91.43,2.0,1.0,1.0,2.0,0.021875
5545,US,US,FABRI,MEAT1,145.18,2.0,1.0,1.0,2.0,0.013776
969,US,US,BEVER,RESEA,95.16,2.0,1.0,1.0,2.0,0.021017
6344,US,US,FOOD5,MEAT4,105.96,2.0,1.0,1.0,2.0,0.018875
3391,US,US,DIST1,AIRTR,74.1,2.0,1.0,1.0,2.0,0.026991
4365,US,US,ELEC2,TEXTI,150.75,2.0,1.0,1.0,2.0,0.013267
3341,US,US,DAIRY,CHEM1,150.96,2.0,1.0,1.0,2.0,0.013249
3609,US,US,DISTR,INSUR,150.97,2.0,1.0,1.0,2.0,0.013248
1274,US,US,BIOGA,GASDI,150.97,2.0,1.0,1.0,2.0,0.013248
7386,US,US,HOTEL,ELECT,101.9,2.0,1.0,1.0,2.0,0.019627
9909,US,US,MOTOR,CHEM1,152.15,2.0,1.0,1.0,2.0,0.013145
1263,US,US,BIOGA,FABRI,152.21,2.0,1.0,1.0,2.0,0.01314
13619,US,US,RECRE,RETAI,183.45,2.0,1.0,1.0,2.0,0.010902
6916,US,US,GASDI,HOTEL,153.31,2.0,1.0,1.0,2.0,0.013045
3672,US,US,DISTR,RETAI,130.51,2.0,1.0,1.0,2.0,0.015324
2599,US,US,COLLE,RETA1,105.95,2.0,1.0,1.0,2.0,0.018877
4590,US,US,ELEC4,MEAT4,89.57,2.0,1.0,1.0,2.0,0.022329
5552,US,US,FABRI,MOTO1,154.31,2.0,1.0,1.0,2.0,0.012961
4620,US,US,ELEC4,PLAST,95.69,2.0,1.0,1.0,2.0,0.020901
12659,US,US,PREC1,FURNI,155.7,2.0,1.0,1.0,2.0,0.012845
11907,US,US,PFERT,FOOD5,156.23,2.0,1.0,1.0,2.0,0.012802
2798,US,US,CONST,ALUM1,130.09,2.0,1.0,1.0,2.0,0.015374
14128,US,US,RUBBE,MEMBE,156.48,2.0,1.0,1.0,2.0,0.012781
10240,US,US,NATUR,BIOGA,157.59,2.0,1.0,1.0,2.0,0.012691
17105,US,US,WOODW,RENTI,118.11,2.0,1.0,1.0,2.0,0.016933
158,US,US,AIRTR,COPP1,158.32,2.0,1.0,1.0,2.0,0.012633
4840,US,US,ELEC6,EDUCA,75.73,2.0,1.0,1.0,2.0,0.02641
10166,US,US,NATU1,LEADZ,158.62,2.0,1.0,1.0,2.0,0.012609
6632,US,US,FORES,WEARI,48.73,2.0,1.0,1.0,2.0,0.041042
3702,US,US,EDUCA,AIRTR,159.22,2.0,1.0,1.0,2.0,0.012561
9321,US,US,MEATC,PAPER,159.29,2.0,1.0,1.0,2.0,0.012556
2411,US,US,CHEMI,RESEA,129.83,2.0,1.0,1.0,2.0,0.015405
10020,US,US,MOTOR,RUBBE,150.11,2.0,1.0,1.0,2.0,0.013324
16081,US,US,VEGE1,RETAI,118.92,2.0,1.0,1.0,2.0,0.016818
9266,US,US,MEAT4,VEGE1,145.3,2.0,1.0,1.0,2.0,0.013765
17027,US,US,WOODW,ELECT,112.9,2.0,1.0,1.0,2.0,0.017715
3523,US,US,DIST1,SECO9,70.55,2.0,1.0,1.0,2.0,0.028349
11789,US,US,PAPER,PREC1,145.79,2.0,1.0,1.0,2.0,0.013718
3009,US,US,COPP1,MACHI,146.33,2.0,1.0,1.0,2.0,0.013668
4914,US,US,ELEC6,REALE,113.26,2.0,1.0,1.0,2.0,0.017658
10072,US,US,NAPHT,MEAT4,132.94,2.0,1.0,1.0,2.0,0.015044
10310,US,US,NATUR,MEAT4,146.57,2.0,1.0,1.0,2.0,0.013645
12618,US,US,POULT,BUSIN,147.14,2.0,1.0,1.0,2.0,0.013592
1433,US,US,BITU1,SANDC,132.78,2.0,1.0,1.0,2.0,0.015063
15737,US,US,TEXTI,SECO9,132.77,2.0,1.0,1.0,2.0,0.015064
9696,US,US,MEMBE,RUBBE,42.15,2.0,1.0,1.0,2.0,0.04745
976,US,US,BEVER,SUPPO,132.7,2.0,1.0,1.0,2.0,0.015072
2885,US,US,CONST,MOTO1,147.97,2.0,1.0,1.0,2.0,0.013516
12650,US,US,PREC1,CONST,109.72,2.0,1.0,1.0,2.0,0.018228
2859,US,US,CONST,GLASS,118.9,2.0,1.0,1.0,2.0,0.016821
2828,US,US,CONST,DAIRY,130.94,2.0,1.0,1.0,2.0,0.015274
6888,US,US,GASDI,COLLE,147.97,2.0,1.0,1.0,2.0,0.013516
11767,US,US,PAPER,NONF1,109.95,2.0,1.0,1.0,2.0,0.01819
2410,US,US,CHEMI,RENTI,132.03,2.0,1.0,1.0,2.0,0.015148
10021,US,US,MOTOR,SALEM,148.32,2.0,1.0,1.0,2.0,0.013484
7394,US,US,HOTEL,FOOD4,95.55,2.0,1.0,1.0,2.0,0.020931
2935,US,US,CONST,STEAM,148.67,2.0,1.0,1.0,2.0,0.013453
7557,US,US,HYDRO,HYDRO,131.32,2.0,1.0,1.0,2.0,0.01523
17012,US,US,WOODW,CEMEN,90.68,2.0,1.0,1.0,2.0,0.022056
14165,US,US,RUBBE,RAILW,131.31,2.0,1.0,1.0,2.0,0.015231
9290,US,US,MEATC,FISH5,131.09,2.0,1.0,1.0,2.0,0.015257
10450,US,US,NONF1,BUSIN,130.96,2.0,1.0,1.0,2.0,0.015272
2931,US,US,CONST,SANDC,118.91,2.0,1.0,1.0,2.0,0.016819
11700,US,US,PAPER,COPP1,150.1,2.0,1.0,1.0,2.0,0.013324
1128,US,US,BIODI,WHOLE,147.58,2.0,1.0,1.0,2.0,0.013552
4470,US,US,ELEC3,PAPER,472.79,2.0,1.0,1.0,2.0,0.00423
14212,US,US,SALEM,BEVER,183.83,2.0,1.0,1.0,2.0,0.01088
9529,US,US,MEDIC,RADIO,244.94,2.0,1.0,1.0,2.0,0.008165
5448,US,US,ELECT,TOBAC,246.7,2.0,1.0,1.0,2.0,0.008107
13623,US,US,RECRE,SEACO,246.51,2.0,1.0,1.0,2.0,0.008113
13859,US,US,RENTI,VEGE1,246.38,2.0,1.0,1.0,2.0,0.008118
3159,US,US,CROPS,PIGS9,246.14,2.0,1.0,1.0,2.0,0.008125
2300,US,US,CHEM1,STONE,245.89,2.0,1.0,1.0,2.0,0.008134
1828,US,US,BUSIN,TRAN1,245.27,2.0,1.0,1.0,2.0,0.008154
9543,US,US,MEDIC,SEACO,245.18,2.0,1.0,1.0,2.0,0.008157
4189,US,US,ELEC1,RECRE,245.12,2.0,1.0,1.0,2.0,0.008159
886,US,US,BASIC,PRINT,244.9,2.0,1.0,1.0,2.0,0.008167
2098,US,US,CEREA,CATTL,260.15,2.0,1.0,1.0,2.0,0.007688
4119,US,US,ELEC1,FOOD5,244.89,2.0,1.0,1.0,2.0,0.008167
2729,US,US,COMPU,NONME,243.23,2.0,1.0,1.0,2.0,0.008223
11259,US,US,PAPE1,LANDT,243.18,2.0,1.0,1.0,2.0,0.008224
12248,US,US,PLAS2,CONST,241.64,2.0,1.0,1.0,2.0,0.008277
15237,US,US,SUPPO,MOTO1,241.63,2.0,1.0,1.0,2.0,0.008277
13811,US,US,RENTI,PAPE3,240.57,2.0,1.0,1.0,2.0,0.008314
2100,US,US,CEREA,CEREA,240.5,2.0,1.0,1.0,2.0,0.008316
4243,US,US,ELEC2,CEMEN,240.41,2.0,1.0,1.0,2.0,0.008319
5179,US,US,ELEC8,RETA1,247.64,2.0,1.0,1.0,2.0,0.008076
5436,US,US,ELECT,SEACO,248.87,2.0,1.0,1.0,2.0,0.008036
6832,US,US,FURNI,RENTI,249.34,2.0,1.0,1.0,2.0,0.008021
13803,US,US,RENTI,NONME,249.76,2.0,1.0,1.0,2.0,0.008008
915,US,US,BASIC,TEXTI,259.43,2.0,1.0,1.0,2.0,0.007709
2238,US,US,CHEM1,LUBRI,259.14,2.0,1.0,1.0,2.0,0.007718
5628,US,US,FINAN,AIRTR,258.84,2.0,1.0,1.0,2.0,0.007727
11636,US,US,PAPE4,RECRE,258.42,2.0,1.0,1.0,2.0,0.007739
10880,US,US,OFFIC,LANDT,258.03,2.0,1.0,1.0,2.0,0.007751
13819,US,US,RENTI,PLAS1,256.79,2.0,1.0,1.0,2.0,0.007788
5418,US,US,ELECT,PREC1,256.77,2.0,1.0,1.0,2.0,0.007789
741,US,US,AUXIL,WOODW,256.69,2.0,1.0,1.0,2.0,0.007791
662,US,US,AUXIL,MEATA,256.38,2.0,1.0,1.0,2.0,0.007801
2750,US,US,COMPU,PREC1,256.27,2.0,1.0,1.0,2.0,0.007804
2745,US,US,COMPU,PLAS1,256.15,2.0,1.0,1.0,2.0,0.007808
6755,US,US,FURNI,FINAN,254.94,2.0,1.0,1.0,2.0,0.007845
3106,US,US,CROPS,CRUDE,253.31,2.0,1.0,1.0,2.0,0.007895
2295,US,US,CHEM1,SANDC,252.89,2.0,1.0,1.0,2.0,0.007909
12559,US,US,POSTT,PAPE3,251.4,2.0,1.0,1.0,2.0,0.007955
2091,US,US,CEREA,93197,249.93,2.0,1.0,1.0,2.0,0.008002
3162,US,US,CROPS,POULT,249.88,2.0,1.0,1.0,2.0,0.008004
7773,US,US,INERT,SUPPO,240.27,2.0,1.0,1.0,2.0,0.008324
2737,US,US,COMPU,PAPE3,239.98,2.0,1.0,1.0,2.0,0.008334
4114,US,US,ELEC1,FABRI,239.97,2.0,1.0,1.0,2.0,0.008334
13812,US,US,RENTI,PAPE4,229.05,2.0,1.0,1.0,2.0,0.008732
15298,US,US,SUPPO,TRAN2,228.29,2.0,1.0,1.0,2.0,0.008761
13625,US,US,RECRE,SEWAG,227.99,2.0,1.0,1.0,2.0,0.008772
5508,US,US,FABRI,ELECT,227.97,2.0,1.0,1.0,2.0,0.008773
8399,US,US,LANDT,MEMBE,226.63,2.0,1.0,1.0,2.0,0.008825
14266,US,US,SALEM,GLASS,226.06,2.0,1.0,1.0,2.0,0.008847
13806,US,US,RENTI,OFFIC,224.28,2.0,1.0,1.0,2.0,0.008917
15529,US,US,TEXT2,HEALT,223.54,2.0,1.0,1.0,2.0,0.008947
1306,US,US,BIOGA,NATUR,223.45,2.0,1.0,1.0,2.0,0.008951
16973,US,US,WOOD2,SEACO,222.25,2.0,1.0,1.0,2.0,0.008999
10616,US,US,NONME,GLASS,221.78,2.0,1.0,1.0,2.0,0.009018
13124,US,US,RADIO,CRUDE,221.52,2.0,1.0,1.0,2.0,0.009029
11250,US,US,PAPE1,HOTEL,219.46,2.0,1.0,1.0,2.0,0.009113
3321,US,US,CRUDE,TRAN2,218.25,2.0,1.0,1.0,2.0,0.009164
11343,US,US,PAPE1,WHOLE,217.31,2.0,1.0,1.0,2.0,0.009203
4270,US,US,ELEC2,FINAN,217.15,2.0,1.0,1.0,2.0,0.00921
8443,US,US,LANDT,RETAI,217.06,2.0,1.0,1.0,2.0,0.009214
14397,US,US,SANDC,HEALT,217.05,2.0,1.0,1.0,2.0,0.009214
2738,US,US,COMPU,PAPE4,228.53,2.0,1.0,1.0,2.0,0.008752
9536,US,US,MEDIC,RENTI,229.16,2.0,1.0,1.0,2.0,0.008728
5760,US,US,FINAN,RETAI,239.89,2.0,1.0,1.0,2.0,0.008337
8099,US,US,INTER,RETA1,229.4,2.0,1.0,1.0,2.0,0.008718
14587,US,US,SEWAG,FABRI,239.84,2.0,1.0,1.0,2.0,0.008339
12560,US,US,POSTT,PAPE4,239.24,2.0,1.0,1.0,2.0,0.00836
13751,US,US,RENTI,ELECT,238.95,2.0,1.0,1.0,2.0,0.00837
14658,US,US,SEWAG,PRINT,238.93,2.0,1.0,1.0,2.0,0.008371
4199,US,US,ELEC1,SEACO,238.21,2.0,1.0,1.0,2.0,0.008396
4378,US,US,ELEC2,WOODW,236.88,2.0,1.0,1.0,2.0,0.008443
1722,US,US,BUSIN,ETHAN,236.76,2.0,1.0,1.0,2.0,0.008447
7743,US,US,INERT,POSTT,236.74,2.0,1.0,1.0,2.0,0.008448
2691,US,US,COMPU,GASDI,235.73,2.0,1.0,1.0,2.0,0.008484
13104,US,US,RADIO,BIOGA,233.85,2.0,1.0,1.0,2.0,0.008552
16696,US,US,WOOD1,BUSIN,233.14,2.0,1.0,1.0,2.0,0.008579
13542,US,US,RECRE,FOOD5,232.67,2.0,1.0,1.0,2.0,0.008596
859,US,US,BASIC,NATUR,232.31,2.0,1.0,1.0,2.0,0.008609
13929,US,US,RESEA,HEAVY,231.79,2.0,1.0,1.0,2.0,0.008628
12610,US,US,POSTT,WEARI,231.67,2.0,1.0,1.0,2.0,0.008633
6754,US,US,FURNI,FABRI,230.28,2.0,1.0,1.0,2.0,0.008685
4281,US,US,ELEC2,GLASS,229.85,2.0,1.0,1.0,2.0,0.008701
13765,US,US,RENTI,GASDI,259.97,2.0,1.0,1.0,2.0,0.007693
2275,US,US,CHEM1,POULT,260.27,2.0,1.0,1.0,2.0,0.007684
14236,US,US,SALEM,DAIRY,216.59,2.0,1.0,1.0,2.0,0.009234
2693,US,US,COMPU,GLASS,310.14,2.0,1.0,1.0,2.0,0.006449
14675,US,US,SEWAG,SALEM,321.62,2.0,1.0,1.0,2.0,0.006219
15138,US,US,SUGAR,SUGA1,318.2,2.0,1.0,1.0,2.0,0.006285
12294,US,US,PLAS2,LANDT,315.14,2.0,1.0,1.0,2.0,0.006346
6297,US,US,FOOD4,WHOLE,313.76,2.0,1.0,1.0,2.0,0.006374
1698,US,US,BUSIN,COKIN,312.51,2.0,1.0,1.0,2.0,0.0064
11317,US,US,PAPE1,RETA1,311.93,2.0,1.0,1.0,2.0,0.006412
6204,US,US,FOOD4,HOTEL,310.82,2.0,1.0,1.0,2.0,0.006435
660,US,US,AUXIL,MEAT1,310.52,2.0,1.0,1.0,2.0,0.006441
3117,US,US,CROPS,FORES,309.21,2.0,1.0,1.0,2.0,0.006468
2207,US,US,CHEM1,FISH5,260.83,2.0,1.0,1.0,2.0,0.007668
9273,US,US,MEATA,RAWMI,308.62,2.0,1.0,1.0,2.0,0.00648
12578,US,US,POSTT,RAILW,308.23,2.0,1.0,1.0,2.0,0.006489
5734,US,US,FINAN,PAPER,306.19,2.0,1.0,1.0,2.0,0.006532
15484,US,US,TEXT2,BUSIN,302.34,2.0,1.0,1.0,2.0,0.006615
7818,US,US,INSUR,AIRTR,301.99,2.0,1.0,1.0,2.0,0.006623
13772,US,US,RENTI,INERT,299.69,2.0,1.0,1.0,2.0,0.006674
2698,US,US,COMPU,INERT,299.02,2.0,1.0,1.0,2.0,0.006689
5717,US,US,FINAN,MOTO1,296.47,2.0,1.0,1.0,2.0,0.006746
639,US,US,AUXIL,GLASS,321.83,2.0,1.0,1.0,2.0,0.006214
685,US,US,AUXIL,PAPER,324.64,2.0,1.0,1.0,2.0,0.006161
4387,US,US,ELEC3,BASIC,327.78,2.0,1.0,1.0,2.0,0.006102
11537,US,US,PAPE4,CONST,327.99,2.0,1.0,1.0,2.0,0.006098
13331,US,US,REALE,AUXIL,457.04,2.0,1.0,1.0,2.0,0.004376
13393,US,US,REALE,INERT,424.47,2.0,1.0,1.0,2.0,0.004712
4520,US,US,ELEC3,WHOLE,419.02,2.0,1.0,1.0,2.0,0.004773
730,US,US,AUXIL,TRAN2,415.4,2.0,1.0,1.0,2.0,0.004815
4440,US,US,ELEC3,LEATH,400.79,2.0,1.0,1.0,2.0,0.00499
593,US,US,AUXIL,CEMEN,394.63,2.0,1.0,1.0,2.0,0.005068
13481,US,US,REALE,WEARI,380.07,2.0,1.0,1.0,2.0,0.005262
2146,US,US,CEREA,RESEA,374.94,2.0,1.0,1.0,2.0,0.005334
7946,US,US,INSUR,SEWAG,364.27,2.0,1.0,1.0,2.0,0.00549
4669,US,US,ELEC5,ALUM1,81.62,2.0,1.0,1.0,2.0,0.024504
2630,US,US,COMPU,ALUM1,358.35,2.0,1.0,1.0,2.0,0.005581
2151,US,US,CEREA,VEGE1,353.54,2.0,1.0,1.0,2.0,0.005657
4507,US,US,ELEC3,SUPPO,347.37,2.0,1.0,1.0,2.0,0.005758
3521,US,US,DIST1,SANDC,81.72,2.0,1.0,1.0,2.0,0.024474
608,US,US,AUXIL,DAIRY,340.3,2.0,1.0,1.0,2.0,0.005877
13289,US,US,RAILW,RENTI,339.7,2.0,1.0,1.0,2.0,0.005888
627,US,US,AUXIL,FISH5,339.1,2.0,1.0,1.0,2.0,0.005898
3112,US,US,CROPS,FISH5,296.36,2.0,1.0,1.0,2.0,0.006749
825,US,US,BASIC,FURNI,294.86,2.0,1.0,1.0,2.0,0.006783
12185,US,US,PLAS1,RECRE,292.95,2.0,1.0,1.0,2.0,0.006827
2722,US,US,COMPU,MOTOR,272.08,2.0,1.0,1.0,2.0,0.007351
8104,US,US,INTER,SEACO,270.95,2.0,1.0,1.0,2.0,0.007381
7959,US,US,INSUR,VEGET,269.08,2.0,1.0,1.0,2.0,0.007433
4104,US,US,ELEC1,CONST,268.96,2.0,1.0,1.0,2.0,0.007436
12567,US,US,POSTT,PLAS1,268.58,2.0,1.0,1.0,2.0,0.007447
5761,US,US,FINAN,RUBBE,268.4,2.0,1.0,1.0,2.0,0.007452
4098,US,US,ELEC1,CHEM1,267.42,2.0,1.0,1.0,2.0,0.007479
11220,US,US,PAPE1,EDUCA,266.33,2.0,1.0,1.0,2.0,0.007509
928,US,US,BASIC,WOODW,266.32,2.0,1.0,1.0,2.0,0.00751
6764,US,US,FURNI,FURNI,265.15,2.0,1.0,1.0,2.0,0.007543
5775,US,US,FINAN,TEXTI,265.13,2.0,1.0,1.0,2.0,0.007543
16105,US,US,VEGET,CONST,265.04,2.0,1.0,1.0,2.0,0.007546
9063,US,US,MACHI,KEROS,264.88,2.0,1.0,1.0,2.0,0.007551
1747,US,US,BUSIN,KERO1,264.6,2.0,1.0,1.0,2.0,0.007559
16588,US,US,WHOLE,GLASS,263.86,2.0,1.0,1.0,2.0,0.00758
2298,US,US,CHEM1,SEWAG,262.68,2.0,1.0,1.0,2.0,0.007614
3508,US,US,DIST1,RADIO,82.3,2.0,1.0,1.0,2.0,0.024301
9084,US,US,MACHI,NATUR,261.67,2.0,1.0,1.0,2.0,0.007643
13218,US,US,RADIO,RECRE,271.54,2.0,1.0,1.0,2.0,0.007365
16653,US,US,WHOLE,RETAI,272.12,2.0,1.0,1.0,2.0,0.00735
13796,US,US,RENTI,MOTOR,290.31,2.0,1.0,1.0,2.0,0.006889
4136,US,US,ELEC1,LANDT,272.27,2.0,1.0,1.0,2.0,0.007346
16899,US,US,WOOD2,HEALT,288.88,2.0,1.0,1.0,2.0,0.006923
6458,US,US,FOODW,HEALT,288.69,2.0,1.0,1.0,2.0,0.006928
5773,US,US,FINAN,TEXT1,287.2,2.0,1.0,1.0,2.0,0.006964
4165,US,US,ELEC1,PADDY,285.25,2.0,1.0,1.0,2.0,0.007011
12285,US,US,PLAS2,HOTEL,284.59,2.0,1.0,1.0,2.0,0.007028
2663,US,US,COMPU,DIST1,282.51,2.0,1.0,1.0,2.0,0.007079
1824,US,US,BUSIN,TEXT1,282.42,2.0,1.0,1.0,2.0,0.007082
12378,US,US,PLAS2,WHOLE,278.83,2.0,1.0,1.0,2.0,0.007173
12453,US,US,POSTT,ALUM1,278.44,2.0,1.0,1.0,2.0,0.007183
4177,US,US,ELEC1,PLAST,278.33,2.0,1.0,1.0,2.0,0.007186
576,US,US,AUXIL,ALUM1,277.35,2.0,1.0,1.0,2.0,0.007211
5789,US,US,FINAN,WOODW,275.82,2.0,1.0,1.0,2.0,0.007251
14654,US,US,SEWAG,PLAST,275.8,2.0,1.0,1.0,2.0,0.007252
9887,US,US,MOTO1,WOODW,275.67,2.0,1.0,1.0,2.0,0.007255
9780,US,US,MOTO1,FOOD5,274.02,2.0,1.0,1.0,2.0,0.007299
11474,US,US,PAPE3,RECRE,273.47,2.0,1.0,1.0,2.0,0.007313
6167,US,US,FOOD4,CONST,273.03,2.0,1.0,1.0,2.0,0.007325
814,US,US,BASIC,ELECT,216.7,2.0,1.0,1.0,2.0,0.009229
12984,US,US,PUBLI,FOOD5,245.8,2.0,1.0,1.0,2.0,0.008137
16547,US,US,WHOLE,ALUM1,197.98,2.0,1.0,1.0,2.0,0.010102
8627,US,US,LEATH,MOTO1,199.83,2.0,1.0,1.0,2.0,0.010009
13228,US,US,RADIO,SEACO,203.41,2.0,1.0,1.0,2.0,0.009832
13561,US,US,RECRE,LANDT,202.57,2.0,1.0,1.0,2.0,0.009873
1335,US,US,BIOGA,REALE,202.17,2.0,1.0,1.0,2.0,0.009893
10194,US,US,NATU1,PFERT,201.91,2.0,1.0,1.0,2.0,0.009905
148,US,US,AIRTR,CEMEN,201.01,2.0,1.0,1.0,2.0,0.00995
5474,US,US,FABRI,BITUM,200.23,2.0,1.0,1.0,2.0,0.009989
2246,US,US,CHEM1,MEMBE,199.86,2.0,1.0,1.0,2.0,0.010007
16438,US,US,WHEAT,RESEA,199.68,2.0,1.0,1.0,2.0,0.010016
13638,US,US,RECRE,TRANS,210.61,2.0,1.0,1.0,2.0,0.009496
9018,US,US,MACHI,COPP1,199.44,2.0,1.0,1.0,2.0,0.010028
9832,US,US,MOTO1,PAPER,199.37,2.0,1.0,1.0,2.0,0.010032
14377,US,US,SANDC,CHEM1,199.15,2.0,1.0,1.0,2.0,0.010043
6380,US,US,FOOD5,SEACO,84.49,2.0,1.0,1.0,2.0,0.023671
5115,US,US,ELEC8,HEALT,198.91,2.0,1.0,1.0,2.0,0.010055
12436,US,US,PLAST,RADIO,198.31,2.0,1.0,1.0,2.0,0.010085
3659,US,US,DISTR,PRINT,197.97,2.0,1.0,1.0,2.0,0.010103
12418,US,US,PLAST,MEDIC,203.91,2.0,1.0,1.0,2.0,0.009808
8332,US,US,LANDT,CHEM1,204.04,2.0,1.0,1.0,2.0,0.009802
796,US,US,BASIC,COMPU,204.54,2.0,1.0,1.0,2.0,0.009778
7683,US,US,INERT,FOOD5,204.7,2.0,1.0,1.0,2.0,0.00977
10278,US,US,NATUR,FABRI,209.5,2.0,1.0,1.0,2.0,0.009547
10662,US,US,NONME,POSTT,208.94,2.0,1.0,1.0,2.0,0.009572
6833,US,US,FURNI,RESEA,208.5,2.0,1.0,1.0,2.0,0.009592
13898,US,US,RESEA,DAIRY,208.26,2.0,1.0,1.0,2.0,0.009603
15218,US,US,SUPPO,IRONO,207.92,2.0,1.0,1.0,2.0,0.009619
2221,US,US,CHEM1,HEAVY,207.51,2.0,1.0,1.0,2.0,0.009638
9978,US,US,MOTOR,MOTOR,207.49,2.0,1.0,1.0,2.0,0.009639
1820,US,US,BUSIN,SUBBI,207.31,2.0,1.0,1.0,2.0,0.009647
238,US,US,AIRTR,PLAST,206.93,2.0,1.0,1.0,2.0,0.009665
4081,US,US,ELEC1,ALUM1,206.59,2.0,1.0,1.0,2.0,0.009681
13776,US,US,RENTI,IRONO,206.22,2.0,1.0,1.0,2.0,0.009698
7226,US,US,HEAVY,ELEC6,206.03,2.0,1.0,1.0,2.0,0.009707
12203,US,US,PLAS1,SUPPO,205.32,2.0,1.0,1.0,2.0,0.009741
1699,US,US,BUSIN,COLLE,204.86,2.0,1.0,1.0,2.0,0.009763
16678,US,US,WHOLE,WOODW,204.73,2.0,1.0,1.0,2.0,0.009769
4277,US,US,ELEC2,FOUND,197.82,2.0,1.0,1.0,2.0,0.01011
3328,US,US,CRUDE,WHITE,197.35,2.0,1.0,1.0,2.0,0.010134
12433,US,US,PLAST,PRINT,197.19,2.0,1.0,1.0,2.0,0.010143
14916,US,US,STONE,RECRE,189.21,2.0,1.0,1.0,2.0,0.01057
1519,US,US,BITUM,PAPER,188.61,2.0,1.0,1.0,2.0,0.010604
9116,US,US,MACHI,RAILW,188.6,2.0,1.0,1.0,2.0,0.010604
5581,US,US,FABRI,PREC1,188.18,2.0,1.0,1.0,2.0,0.010628
15205,US,US,SUPPO,FOUND,187.87,2.0,1.0,1.0,2.0,0.010646
8541,US,US,LEADZ,HEALT,187.75,2.0,1.0,1.0,2.0,0.010652
13759,US,US,RENTI,FOOD4,187.71,2.0,1.0,1.0,2.0,0.010655
4543,US,US,ELEC4,CHEM1,85.43,2.0,1.0,1.0,2.0,0.023411
3526,US,US,DIST1,STONE,78.49,2.0,1.0,1.0,2.0,0.025481
3670,US,US,DISTR,RENTI,187.06,2.0,1.0,1.0,2.0,0.010692
10829,US,US,OFFIC,CHEM1,186.47,2.0,1.0,1.0,2.0,0.010726
8318,US,US,LANDT,BASIC,184.82,2.0,1.0,1.0,2.0,0.010821
10255,US,US,NATUR,COLLE,184.68,2.0,1.0,1.0,2.0,0.01083
7354,US,US,HOTEL,BRICK,78.27,2.0,1.0,1.0,2.0,0.025553
358,US,US,ALUM1,REALE,184.51,2.0,1.0,1.0,2.0,0.01084
5500,US,US,FABRI,ELEC2,184.08,2.0,1.0,1.0,2.0,0.010865
3642,US,US,DISTR,OILSE,188.62,2.0,1.0,1.0,2.0,0.010603
5687,US,US,FINAN,FURNI,189.66,2.0,1.0,1.0,2.0,0.010545
5550,US,US,FABRI,MEDIC,196.82,2.0,1.0,1.0,2.0,0.010162
7052,US,US,GLASS,EDUCA,190.14,2.0,1.0,1.0,2.0,0.010519
15812,US,US,TRAN1,FOUND,79.1,2.0,1.0,1.0,2.0,0.025284
811,US,US,BASIC,ELEC5,196.74,2.0,1.0,1.0,2.0,0.010166
9562,US,US,MEDIC,WHOLE,196.25,2.0,1.0,1.0,2.0,0.010191
12507,US,US,POSTT,FOOD4,196.11,2.0,1.0,1.0,2.0,0.010198
3270,US,US,CRUDE,NONSP,195.85,2.0,1.0,1.0,2.0,0.010212
9088,US,US,MACHI,NONME,195.68,2.0,1.0,1.0,2.0,0.010221
3242,US,US,CRUDE,IRONO,195.31,2.0,1.0,1.0,2.0,0.01024
2256,US,US,CHEM1,NONSP,194.78,2.0,1.0,1.0,2.0,0.010268
9459,US,US,MEDIC,FABRI,193.89,2.0,1.0,1.0,2.0,0.010315
9445,US,US,MEDIC,EDUCA,193.35,2.0,1.0,1.0,2.0,0.010344
4079,US,US,ELEC1,93197,193.21,2.0,1.0,1.0,2.0,0.010351
13098,US,US,RADIO,AUXIL,191.59,2.0,1.0,1.0,2.0,0.010439
7479,US,US,HOTEL,SECO9,78.63,2.0,1.0,1.0,2.0,0.025436
3564,US,US,DISTR,CATTL,191.44,2.0,1.0,1.0,2.0,0.010447
12511,US,US,POSTT,FOUND,190.61,2.0,1.0,1.0,2.0,0.010493
2175,US,US,CHEM1,CEREA,210.41,2.0,1.0,1.0,2.0,0.009505
15869,US,US,TRAN1,POSTT,109.0,2.0,1.0,1.0,2.0,0.018349
16065,US,US,VEGE1,PAPER,79.51,2.0,1.0,1.0,2.0,0.025154
8462,US,US,LANDT,TRANS,216.44,2.0,1.0,1.0,2.0,0.00924
6786,US,US,FURNI,MACHI,211.9,2.0,1.0,1.0,2.0,0.009438
9731,US,US,MOTO1,BASIC,214.95,2.0,1.0,1.0,2.0,0.009304
6266,US,US,FOOD4,RECRE,210.67,2.0,1.0,1.0,2.0,0.009494
14569,US,US,SEWAG,CRUDE,214.73,2.0,1.0,1.0,2.0,0.009314
6532,US,US,FOODW,SEACO,212.93,2.0,1.0,1.0,2.0,0.009393
9145,US,US,MACHI,VEGE1,213.63,2.0,1.0,1.0,2.0,0.009362
5710,US,US,FINAN,MACHI,214.29,2.0,1.0,1.0,2.0,0.009333
2237,US,US,CHEM1,LIQUI,212.3,2.0,1.0,1.0,2.0,0.009421
159,US,US,AIRTR,CRUDE,212.76,2.0,1.0,1.0,2.0,0.0094
9140,US,US,MACHI,TEXTI,212.84,2.0,1.0,1.0,2.0,0.009397
13215,US,US,RADIO,RAILW,216.24,2.0,1.0,1.0,2.0,0.009249
13077,US,US,PULP5,BUSIN,66.37,1.0,1.0,1.0,1.0,0.015067
12089,US,US,PLAS1,CRUDE,78.76,1.0,1.0,1.0,1.0,0.012697
15684,US,US,TEXTI,LEATH,66.07,1.0,1.0,1.0,1.0,0.015135
1806,US,US,BUSIN,REFI1,66.39,1.0,1.0,1.0,1.0,0.015063
17065,US,US,WOODW,MEMBE,66.33,1.0,1.0,1.0,1.0,0.015076
5723,US,US,FINAN,NONF1,74.66,1.0,1.0,1.0,1.0,0.013394
9460,US,US,MEDIC,FINAN,73.99,1.0,1.0,1.0,1.0,0.013515
9497,US,US,MEDIC,MEMBE,74.64,1.0,1.0,1.0,1.0,0.013398
4348,US,US,ELEC2,RENTI,77.73,1.0,1.0,1.0,1.0,0.012865
10614,US,US,NONME,FURNI,79.65,1.0,1.0,1.0,1.0,0.012555
10865,US,US,OFFIC,FURNI,66.47,1.0,1.0,1.0,1.0,0.015044
8400,US,US,LANDT,MOTO1,66.3,1.0,1.0,1.0,1.0,0.015083
12554,US,US,POSTT,OFFIC,65.93,1.0,1.0,1.0,1.0,0.015168
1940,US,US,CEMEN,MEMBE,66.05,1.0,1.0,1.0,1.0,0.01514
13054,US,US,PUBLI,SEACO,65.14,1.0,1.0,1.0,1.0,0.015352
14530,US,US,SECO9,PULP5,74.16,1.0,1.0,1.0,1.0,0.013484
362,US,US,ALUM1,RESEA,78.6,1.0,1.0,1.0,1.0,0.012723
15193,US,US,SUPPO,ELECT,64.85,1.0,1.0,1.0,1.0,0.01542
15723,US,US,TEXTI,PULP5,64.93,1.0,1.0,1.0,1.0,0.015401
4289,US,US,ELEC2,IRONO,65.0,1.0,1.0,1.0,1.0,0.015385
2195,US,US,CHEM1,ELEC2,65.06,1.0,1.0,1.0,1.0,0.01537
7010,US,US,GASDI,WOODW,65.26,1.0,1.0,1.0,1.0,0.015323
1803,US,US,BUSIN,RAWMI,65.95,1.0,1.0,1.0,1.0,0.015163
7433,US,US,HOTEL,NATU1,65.57,1.0,1.0,1.0,1.0,0.015251
2575,US,US,COLLE,PAPER,65.64,1.0,1.0,1.0,1.0,0.015235
6975,US,US,GASDI,RAWMI,79.8,1.0,1.0,1.0,1.0,0.012531
15906,US,US,TRAN1,VEGET,65.79,1.0,1.0,1.0,1.0,0.0152
214,US,US,AIRTR,MEATP,74.06,1.0,1.0,1.0,1.0,0.013503
10816,US,US,OFFIC,AUXIL,80.55,1.0,1.0,1.0,1.0,0.012415
9134,US,US,MACHI,SUBBI,66.62,1.0,1.0,1.0,1.0,0.015011
2172,US,US,CHEM1,CATTL,73.26,1.0,1.0,1.0,1.0,0.01365
13125,US,US,RADIO,DAIRY,73.98,1.0,1.0,1.0,1.0,0.013517
10333,US,US,NATUR,PAPER,67.23,1.0,1.0,1.0,1.0,0.014874
4642,US,US,ELEC4,SEACO,74.66,1.0,1.0,1.0,1.0,0.013394
2883,US,US,CONST,MEDIC,67.39,1.0,1.0,1.0,1.0,0.014839
3651,US,US,DISTR,PIGS9,73.86,1.0,1.0,1.0,1.0,0.013539
12987,US,US,PUBLI,FOUND,67.4,1.0,1.0,1.0,1.0,0.014837
15991,US,US,TRANS,RADIO,73.79,1.0,1.0,1.0,1.0,0.013552
2878,US,US,CONST,MEAT1,67.44,1.0,1.0,1.0,1.0,0.014828
6839,US,US,FURNI,SEACO,67.45,1.0,1.0,1.0,1.0,0.014826
8082,US,US,INTER,POSTT,77.63,1.0,1.0,1.0,1.0,0.012882
8112,US,US,INTER,SUPPO,77.56,1.0,1.0,1.0,1.0,0.012893
1967,US,US,CEMEN,PULP5,78.94,1.0,1.0,1.0,1.0,0.012668
1290,US,US,BIOGA,LEATH,77.41,1.0,1.0,1.0,1.0,0.012918
11185,US,US,PAPE1,93197,67.49,1.0,1.0,1.0,1.0,0.014817
11514,US,US,PAPE4,AUXIL,67.52,1.0,1.0,1.0,1.0,0.01481
12334,US,US,PLAS2,PLAST,67.53,1.0,1.0,1.0,1.0,0.014808
4335,US,US,ELEC2,POULT,73.7,1.0,1.0,1.0,1.0,0.013569
15178,US,US,SUPPO,DAIRY,67.34,1.0,1.0,1.0,1.0,0.01485
378,US,US,ALUM1,WHOLE,73.92,1.0,1.0,1.0,1.0,0.013528
3667,US,US,DISTR,RECRE,78.78,1.0,1.0,1.0,1.0,0.012694
11558,US,US,PAPE4,FABRI,78.9,1.0,1.0,1.0,1.0,0.012674
11352,US,US,PAPE3,AUXIL,66.78,1.0,1.0,1.0,1.0,0.014975
6646,US,US,FOUND,COPP1,79.92,1.0,1.0,1.0,1.0,0.012513
11212,US,US,PAPE1,COMPU,66.85,1.0,1.0,1.0,1.0,0.014959
3278,US,US,CRUDE,PAPER,66.93,1.0,1.0,1.0,1.0,0.014941
1755,US,US,BUSIN,LIQUI,66.95,1.0,1.0,1.0,1.0,0.014937
1011,US,US,BIODI,COMPU,66.96,1.0,1.0,1.0,1.0,0.014934
2270,US,US,CHEM1,PLANT,67.07,1.0,1.0,1.0,1.0,0.01491
13545,US,US,RECRE,FOUND,67.08,1.0,1.0,1.0,1.0,0.014908
7445,US,US,HOTEL,PAPE1,67.09,1.0,1.0,1.0,1.0,0.014905
10305,US,US,NATUR,LIQUE,78.85,1.0,1.0,1.0,1.0,0.012682
16442,US,US,WHEAT,WHEAT,73.97,1.0,1.0,1.0,1.0,0.013519
16742,US,US,WOOD1,HOTEL,78.88,1.0,1.0,1.0,1.0,0.012677
11316,US,US,PAPE1,RESEA,67.11,1.0,1.0,1.0,1.0,0.014901
6257,US,US,FOOD4,PRINT,67.14,1.0,1.0,1.0,1.0,0.014894
12006,US,US,PIGS9,FOOD5,79.95,1.0,1.0,1.0,1.0,0.012508
12355,US,US,PLAS2,SALEM,78.79,1.0,1.0,1.0,1.0,0.012692
2918,US,US,CONST,RADIO,64.53,1.0,1.0,1.0,1.0,0.015497
1589,US,US,BRICK,93197,64.67,1.0,1.0,1.0,1.0,0.015463
179,US,US,AIRTR,FISH5,61.94,1.0,1.0,1.0,1.0,0.016145
3727,US,US,EDUCA,DIST1,78.4,1.0,1.0,1.0,1.0,0.012755
2521,US,US,COLLE,FABRI,61.63,1.0,1.0,1.0,1.0,0.016226
16000,US,US,TRANS,SALEM,61.65,1.0,1.0,1.0,1.0,0.016221
9287,US,US,MEATC,DAIRY,61.71,1.0,1.0,1.0,1.0,0.016205
3196,US,US,CRUDE,AVIAT,61.83,1.0,1.0,1.0,1.0,0.016173
7463,US,US,HOTEL,PULP5,61.89,1.0,1.0,1.0,1.0,0.016158
1657,US,US,BRICK,RUBBE,78.47,1.0,1.0,1.0,1.0,0.012744
5438,US,US,ELECT,SEWAG,62.22,1.0,1.0,1.0,1.0,0.016072
5727,US,US,FINAN,OFFIC,67.57,1.0,1.0,1.0,1.0,0.014799
3379,US,US,DAIRY,RESEA,62.36,1.0,1.0,1.0,1.0,0.016036
13268,US,US,RAILW,HEALT,80.95,1.0,1.0,1.0,1.0,0.012353
6896,US,US,GASDI,EDUCA,62.4,1.0,1.0,1.0,1.0,0.016026
9058,US,US,MACHI,INLAN,74.4,1.0,1.0,1.0,1.0,0.013441
121,US,US,93197,TEXTI,74.37,1.0,1.0,1.0,1.0,0.013446
14219,US,US,SALEM,BRICK,62.51,1.0,1.0,1.0,1.0,0.015997
15207,US,US,SUPPO,GASDI,62.62,1.0,1.0,1.0,1.0,0.015969
13591,US,US,RECRE,PAPE3,78.34,1.0,1.0,1.0,1.0,0.012765
6767,US,US,FURNI,GLASS,78.04,1.0,1.0,1.0,1.0,0.012814
7577,US,US,HYDRO,MOTOR,61.57,1.0,1.0,1.0,1.0,0.016242
10571,US,US,NONME,93197,61.54,1.0,1.0,1.0,1.0,0.01625
7417,US,US,HOTEL,LEATH,61.05,1.0,1.0,1.0,1.0,0.01638
13541,US,US,RECRE,FOOD4,61.14,1.0,1.0,1.0,1.0,0.016356
3705,US,US,EDUCA,AUXIL,61.27,1.0,1.0,1.0,1.0,0.016321
11686,US,US,PAPER,BRICK,61.36,1.0,1.0,1.0,1.0,0.016297
3195,US,US,CRUDE,ANTHR,78.09,1.0,1.0,1.0,1.0,0.012806
211,US,US,AIRTR,MEAT1,81.06,1.0,1.0,1.0,1.0,0.012337
8144,US,US,IRONO,COKIN,78.26,1.0,1.0,1.0,1.0,0.012778
1785,US,US,BUSIN,PETRO,74.5,1.0,1.0,1.0,1.0,0.013423
9044,US,US,MACHI,FOOD4,74.42,1.0,1.0,1.0,1.0,0.013437
1242,US,US,BIOGA,CHEMI,78.07,1.0,1.0,1.0,1.0,0.012809
12541,US,US,POSTT,MEDIC,74.59,1.0,1.0,1.0,1.0,0.013407
4256,US,US,ELEC2,CRUDE,74.6,1.0,1.0,1.0,1.0,0.013405
9285,US,US,MEATC,CHEM1,74.41,1.0,1.0,1.0,1.0,0.013439
6803,US,US,FURNI,OFFIC,81.02,1.0,1.0,1.0,1.0,0.012343
1620,US,US,BRICK,IRONO,61.44,1.0,1.0,1.0,1.0,0.016276
4525,US,US,ELEC4,93197,62.67,1.0,1.0,1.0,1.0,0.015957
5427,US,US,ELECT,RECRE,74.34,1.0,1.0,1.0,1.0,0.013452
10627,US,US,NONME,LANDT,80.95,1.0,1.0,1.0,1.0,0.012353
4287,US,US,ELEC2,INSUR,63.22,1.0,1.0,1.0,1.0,0.015818
13717,US,US,RENTI,BITUM,63.36,1.0,1.0,1.0,1.0,0.015783
929,US,US,BEVER,93197,63.42,1.0,1.0,1.0,1.0,0.015768
4527,US,US,ELEC4,ALUM1,63.7,1.0,1.0,1.0,1.0,0.015699
13108,US,US,RADIO,BRICK,63.84,1.0,1.0,1.0,1.0,0.015664
3689,US,US,DISTR,TRAN2,63.85,1.0,1.0,1.0,1.0,0.015662
12592,US,US,POSTT,SECO9,63.93,1.0,1.0,1.0,1.0,0.015642
13719,US,US,RENTI,BRICK,74.62,1.0,1.0,1.0,1.0,0.013401
6253,US,US,FOOD4,PLAST,74.31,1.0,1.0,1.0,1.0,0.013457
1317,US,US,BIOGA,PAPER,64.06,1.0,1.0,1.0,1.0,0.01561
5501,US,US,FABRI,ELEC3,74.23,1.0,1.0,1.0,1.0,0.013472
6862,US,US,FURNI,WOODW,64.11,1.0,1.0,1.0,1.0,0.015598
2272,US,US,CHEM1,PLAS2,64.25,1.0,1.0,1.0,1.0,0.015564
8746,US,US,LIQUI,BUSIN,64.34,1.0,1.0,1.0,1.0,0.015542
791,US,US,BASIC,CHEMI,77.76,1.0,1.0,1.0,1.0,0.01286
3322,US,US,CRUDE,TRANS,79.78,1.0,1.0,1.0,1.0,0.012534
7269,US,US,HEAVY,MOTOR,63.3,1.0,1.0,1.0,1.0,0.015798
16094,US,US,VEGE1,WOODW,63.21,1.0,1.0,1.0,1.0,0.01582
11704,US,US,PAPER,DIST1,79.72,1.0,1.0,1.0,1.0,0.012544
1868,US,US,CEMEN,BEVER,63.16,1.0,1.0,1.0,1.0,0.015833
16618,US,US,WHOLE,NONF1,62.69,1.0,1.0,1.0,1.0,0.015952
3010,US,US,COPP1,MEDIC,78.49,1.0,1.0,1.0,1.0,0.01274
13867,US,US,RENTI,WOOD2,77.94,1.0,1.0,1.0,1.0,0.01283
16546,US,US,WHOLE,AIRTR,62.77,1.0,1.0,1.0,1.0,0.015931
9377,US,US,MEATP,MEAT1,62.78,1.0,1.0,1.0,1.0,0.015929
12607,US,US,POSTT,VEGE1,62.79,1.0,1.0,1.0,1.0,0.015926
7296,US,US,HEAVY,PRINT,62.99,1.0,1.0,1.0,1.0,0.015876
1918,US,US,CEMEN,GLASS,77.88,1.0,1.0,1.0,1.0,0.01284
16593,US,US,WHOLE,INSUR,80.92,1.0,1.0,1.0,1.0,0.012358
7441,US,US,HOTEL,OFFIC,77.87,1.0,1.0,1.0,1.0,0.012842
1513,US,US,BITUM,NONME,77.77,1.0,1.0,1.0,1.0,0.012858
13592,US,US,RECRE,PAPE4,74.6,1.0,1.0,1.0,1.0,0.013405
12601,US,US,POSTT,TEXT2,63.06,1.0,1.0,1.0,1.0,0.015858
15078,US,US,SUGA1,RETAI,78.49,1.0,1.0,1.0,1.0,0.01274
2794,US,US,COMPU,WOOD2,77.76,1.0,1.0,1.0,1.0,0.01286
12773,US,US,PRINT,CHEM1,67.54,1.0,1.0,1.0,1.0,0.014806
13971,US,US,RESEA,PETRO,75.14,1.0,1.0,1.0,1.0,0.013308
5301,US,US,ELECT,AIRTR,67.63,1.0,1.0,1.0,1.0,0.014786
9189,US,US,MEAT1,WHOLE,71.92,1.0,1.0,1.0,1.0,0.013904
240,US,US,AIRTR,PREC1,80.44,1.0,1.0,1.0,1.0,0.012432
5640,US,US,FINAN,BITUM,71.18,1.0,1.0,1.0,1.0,0.014049
6064,US,US,FOOD3,INSUR,77.04,1.0,1.0,1.0,1.0,0.01298
4320,US,US,ELEC2,OILSE,76.95,1.0,1.0,1.0,1.0,0.012995
5597,US,US,FABRI,RETAI,76.92,1.0,1.0,1.0,1.0,0.013001
2687,US,US,COMPU,FOODW,76.88,1.0,1.0,1.0,1.0,0.013007
13955,US,US,RESEA,NAPHT,73.45,1.0,1.0,1.0,1.0,0.013615
1465,US,US,BITUM,CRUDE,71.19,1.0,1.0,1.0,1.0,0.014047
14410,US,US,SANDC,MEAT4,71.41,1.0,1.0,1.0,1.0,0.014004
16492,US,US,WHITE,LANDT,75.89,1.0,1.0,1.0,1.0,0.013177
13713,US,US,RENTI,BIODI,71.43,1.0,1.0,1.0,1.0,0.014
1601,US,US,BRICK,COMPU,71.45,1.0,1.0,1.0,1.0,0.013996
2536,US,US,COLLE,HOTEL,71.68,1.0,1.0,1.0,1.0,0.013951
7758,US,US,INERT,RENTI,71.87,1.0,1.0,1.0,1.0,0.013914
3192,US,US,CRUDE,ALUM1,75.96,1.0,1.0,1.0,1.0,0.013165
11253,US,US,PAPE1,INLAN,71.07,1.0,1.0,1.0,1.0,0.014071
13761,US,US,RENTI,FOODW,77.07,1.0,1.0,1.0,1.0,0.012975
13791,US,US,RENTI,MEATC,71.07,1.0,1.0,1.0,1.0,0.014071
6002,US,US,FOOD3,93197,77.13,1.0,1.0,1.0,1.0,0.012965
14623,US,US,SEWAG,MEAT4,77.17,1.0,1.0,1.0,1.0,0.012958
11627,US,US,PAPE4,PRINT,80.08,1.0,1.0,1.0,1.0,0.012488
12564,US,US,POSTT,PFERT,70.49,1.0,1.0,1.0,1.0,0.014186
6694,US,US,FOUND,RUBBE,75.8,1.0,1.0,1.0,1.0,0.013193
16598,US,US,WHOLE,LANDT,70.52,1.0,1.0,1.0,1.0,0.01418
14353,US,US,SALEM,VEGE1,70.54,1.0,1.0,1.0,1.0,0.014176
14601,US,US,SEWAG,GLASS,73.57,1.0,1.0,1.0,1.0,0.013592
14261,US,US,SALEM,FORES,60.99,1.0,1.0,1.0,1.0,0.016396
9030,US,US,MACHI,ELEC3,80.33,1.0,1.0,1.0,1.0,0.012449
11206,US,US,PAPE1,CHEM1,70.57,1.0,1.0,1.0,1.0,0.01417
16159,US,US,VEGET,RETAI,77.07,1.0,1.0,1.0,1.0,0.012975
16610,US,US,WHOLE,MEATP,70.61,1.0,1.0,1.0,1.0,0.014162
286,US,US,ALUM1,BIOGA,70.67,1.0,1.0,1.0,1.0,0.01415
43,US,US,93197,FABRI,70.84,1.0,1.0,1.0,1.0,0.014116
2064,US,US,CERAM,POSTT,76.86,1.0,1.0,1.0,1.0,0.013011
5318,US,US,ELECT,CEMEN,73.43,1.0,1.0,1.0,1.0,0.013618
9356,US,US,MEATP,CHEM1,70.33,1.0,1.0,1.0,1.0,0.014219
10138,US,US,NATU1,ELEC2,72.04,1.0,1.0,1.0,1.0,0.013881
1541,US,US,BITUM,RUBBE,73.39,1.0,1.0,1.0,1.0,0.013626
160,US,US,AIRTR,DAIRY,80.42,1.0,1.0,1.0,1.0,0.012435
10887,US,US,OFFIC,MACHI,72.75,1.0,1.0,1.0,1.0,0.013746
11540,US,US,PAPE4,CRUDE,72.76,1.0,1.0,1.0,1.0,0.013744
14370,US,US,SANDC,BIOGA,76.23,1.0,1.0,1.0,1.0,0.013118
10017,US,US,MOTOR,RESEA,76.58,1.0,1.0,1.0,1.0,0.013058
7426,US,US,HOTEL,MEATC,76.58,1.0,1.0,1.0,1.0,0.013058
6817,US,US,FURNI,PLAST,73.26,1.0,1.0,1.0,1.0,0.01365
8427,US,US,LANDT,POULT,76.51,1.0,1.0,1.0,1.0,0.01307
5447,US,US,ELECT,TEXTI,72.94,1.0,1.0,1.0,1.0,0.01371
9774,US,US,MOTO1,FINAN,80.34,1.0,1.0,1.0,1.0,0.012447
13506,US,US,RECRE,CEMEN,76.36,1.0,1.0,1.0,1.0,0.013096
13762,US,US,RENTI,FORES,72.96,1.0,1.0,1.0,1.0,0.013706
11378,US,US,PAPE3,CRUDE,73.04,1.0,1.0,1.0,1.0,0.013691
8647,US,US,LEATH,RETA1,79.48,1.0,1.0,1.0,1.0,0.012582
12804,US,US,PRINT,FOOD4,76.16,1.0,1.0,1.0,1.0,0.01313
3389,US,US,DAIRY,WHOLE,72.7,1.0,1.0,1.0,1.0,0.013755
10137,US,US,NATU1,ELEC1,73.43,1.0,1.0,1.0,1.0,0.013618
5737,US,US,FINAN,PFERT,72.58,1.0,1.0,1.0,1.0,0.013778
115,US,US,93197,SEWAG,72.1,1.0,1.0,1.0,1.0,0.01387
7413,US,US,HOTEL,KEROS,72.28,1.0,1.0,1.0,1.0,0.013835
12063,US,US,PLAS1,AUXIL,72.52,1.0,1.0,1.0,1.0,0.013789
5410,US,US,ELECT,PFERT,79.33,1.0,1.0,1.0,1.0,0.012606
1097,US,US,BIODI,REALE,72.56,1.0,1.0,1.0,1.0,0.013782
4242,US,US,ELEC2,CATTL,78.17,1.0,1.0,1.0,1.0,0.012793
6984,US,US,GASDI,RUBBE,72.64,1.0,1.0,1.0,1.0,0.013767
16673,US,US,WHOLE,WHEAT,72.69,1.0,1.0,1.0,1.0,0.013757
985,US,US,BIODI,93197,75.98,1.0,1.0,1.0,1.0,0.013161
16834,US,US,WOOD1,WHOLE,76.73,1.0,1.0,1.0,1.0,0.013033
6849,US,US,FURNI,TEXTI,72.65,1.0,1.0,1.0,1.0,0.013765
12685,US,US,PREC1,POSTT,76.66,1.0,1.0,1.0,1.0,0.013045
8900,US,US,LUBRI,GASDI,76.58,1.0,1.0,1.0,1.0,0.013058
14622,US,US,SEWAG,MEAT1,76.03,1.0,1.0,1.0,1.0,0.013153
2211,US,US,CHEM1,FOOD4,70.44,1.0,1.0,1.0,1.0,0.014196
13254,US,US,RAILW,93197,75.78,1.0,1.0,1.0,1.0,0.013196
13701,US,US,REFIN,STONE,67.63,1.0,1.0,1.0,1.0,0.014786
6029,US,US,FOOD3,COMPU,69.1,1.0,1.0,1.0,1.0,0.014472
7734,US,US,INERT,PAPER,79.14,1.0,1.0,1.0,1.0,0.012636
15736,US,US,TEXTI,SEACO,77.31,1.0,1.0,1.0,1.0,0.012935
10239,US,US,NATUR,BIOG1,68.25,1.0,1.0,1.0,1.0,0.014652
15593,US,US,TEXT2,RECRE,68.29,1.0,1.0,1.0,1.0,0.014643
7762,US,US,INERT,RUBBE,68.32,1.0,1.0,1.0,1.0,0.014637
8420,US,US,LANDT,PFERT,68.37,1.0,1.0,1.0,1.0,0.014626
9545,US,US,MEDIC,SEWAG,68.54,1.0,1.0,1.0,1.0,0.01459
9086,US,US,MACHI,NONF1,68.57,1.0,1.0,1.0,1.0,0.014584
16707,US,US,WOOD1,CONST,68.64,1.0,1.0,1.0,1.0,0.014569
13986,US,US,RESEA,REFI1,68.83,1.0,1.0,1.0,1.0,0.014529
1677,US,US,BUSIN,ANTHR,68.87,1.0,1.0,1.0,1.0,0.01452
15887,US,US,TRAN1,RUBBE,68.88,1.0,1.0,1.0,1.0,0.014518
17073,US,US,WOODW,NONME,68.9,1.0,1.0,1.0,1.0,0.014514
7776,US,US,INERT,TEXTI,68.99,1.0,1.0,1.0,1.0,0.014495
2267,US,US,CHEM1,PETRO,69.0,1.0,1.0,1.0,1.0,0.014493
4823,US,US,ELEC6,BUSIN,68.09,1.0,1.0,1.0,1.0,0.014686
5614,US,US,FABRI,TRAN1,67.92,1.0,1.0,1.0,1.0,0.014723
16554,US,US,WHOLE,BIODI,77.35,1.0,1.0,1.0,1.0,0.012928
925,US,US,BASIC,WHOLE,67.81,1.0,1.0,1.0,1.0,0.014747
6883,US,US,GASDI,CEREA,67.66,1.0,1.0,1.0,1.0,0.01478
6880,US,US,GASDI,CATTL,67.73,1.0,1.0,1.0,1.0,0.014765
7037,US,US,GLASS,BIOGA,73.07,1.0,1.0,1.0,1.0,0.013686
12164,US,US,PLAS1,PAPER,67.75,1.0,1.0,1.0,1.0,0.01476
4308,US,US,ELEC2,MOTO1,67.77,1.0,1.0,1.0,1.0,0.014756
1282,US,US,BIOGA,INLAN,67.79,1.0,1.0,1.0,1.0,0.014751
5389,US,US,ELECT,MEMBE,75.15,1.0,1.0,1.0,1.0,0.013307
9210,US,US,MEAT4,FISH5,67.91,1.0,1.0,1.0,1.0,0.014725
905,US,US,BASIC,SECO9,67.82,1.0,1.0,1.0,1.0,0.014745
15137,US,US,SUGAR,SEWAG,67.88,1.0,1.0,1.0,1.0,0.014732
1452,US,US,BITUM,BRICK,79.13,1.0,1.0,1.0,1.0,0.012637
9105,US,US,MACHI,PLAS2,67.91,1.0,1.0,1.0,1.0,0.014725
9423,US,US,MEDIC,BIOGA,73.64,1.0,1.0,1.0,1.0,0.01358
12509,US,US,POSTT,FOODW,80.52,1.0,1.0,1.0,1.0,0.012419
5824,US,US,FISHF,EDUCA,69.0,1.0,1.0,1.0,1.0,0.014493
8373,US,US,LANDT,GLASS,69.15,1.0,1.0,1.0,1.0,0.014461
11254,US,US,PAPE1,INSUR,73.58,1.0,1.0,1.0,1.0,0.013591
15300,US,US,SUPPO,VEGE1,69.23,1.0,1.0,1.0,1.0,0.014445
14063,US,US,RUBBE,COKIN,69.82,1.0,1.0,1.0,1.0,0.014323
10918,US,US,OFFIC,RADIO,69.84,1.0,1.0,1.0,1.0,0.014318
5635,US,US,FINAN,BEVER,79.17,1.0,1.0,1.0,1.0,0.012631
12856,US,US,PRINT,PAPER,70.07,1.0,1.0,1.0,1.0,0.014271
15717,US,US,TEXTI,POSTT,70.15,1.0,1.0,1.0,1.0,0.014255
235,US,US,AIRTR,PFERT,75.61,1.0,1.0,1.0,1.0,0.013226
14556,US,US,SEWAG,CEMEN,75.64,1.0,1.0,1.0,1.0,0.013221
3204,US,US,CRUDE,BUSIN,70.15,1.0,1.0,1.0,1.0,0.014255
15247,US,US,SUPPO,OFFIC,75.67,1.0,1.0,1.0,1.0,0.013215
11787,US,US,PAPER,POSTT,70.2,1.0,1.0,1.0,1.0,0.014245
9966,US,US,MOTOR,LIQUE,80.06,1.0,1.0,1.0,1.0,0.012491
15344,US,US,TEXT1,EDUCA,75.69,1.0,1.0,1.0,1.0,0.013212
10472,US,US,NONF1,FOUND,79.29,1.0,1.0,1.0,1.0,0.012612
9196,US,US,MEAT4,BIOGA,70.23,1.0,1.0,1.0,1.0,0.014239
14837,US,US,STONE,93197,70.28,1.0,1.0,1.0,1.0,0.014229
15230,US,US,SUPPO,MEAT1,69.72,1.0,1.0,1.0,1.0,0.014343
14924,US,US,STONE,SUBBI,77.18,1.0,1.0,1.0,1.0,0.012957
13224,US,US,RADIO,RETAI,69.7,1.0,1.0,1.0,1.0,0.014347
5470,US,US,FABRI,BIODI,69.6,1.0,1.0,1.0,1.0,0.014368
15381,US,US,TEXT1,LANDT,69.36,1.0,1.0,1.0,1.0,0.014418
2493,US,US,COLLE,CHEM1,74.44,1.0,1.0,1.0,1.0,0.013434
13304,US,US,RAILW,WHOLE,75.22,1.0,1.0,1.0,1.0,0.013294
12863,US,US,PRINT,PLAS2,69.44,1.0,1.0,1.0,1.0,0.014401
1019,US,US,BIODI,EDUCA,69.45,1.0,1.0,1.0,1.0,0.014399
9840,US,US,MOTO1,PLAST,69.55,1.0,1.0,1.0,1.0,0.014378
5607,US,US,FABRI,SUGA1,80.45,1.0,1.0,1.0,1.0,0.01243
9419,US,US,MEDIC,BASIC,69.64,1.0,1.0,1.0,1.0,0.01436
5860,US,US,FOOD2,BUSIN,69.61,1.0,1.0,1.0,1.0,0.014366
6634,US,US,FOUND,93197,73.59,1.0,1.0,1.0,1.0,0.013589
13699,US,US,REFIN,SANDC,69.64,1.0,1.0,1.0,1.0,0.01436
12569,US,US,POSTT,PLAST,75.56,1.0,1.0,1.0,1.0,0.013235
1750,US,US,BUSIN,LEAD1,80.45,1.0,1.0,1.0,1.0,0.01243
7073,US,US,GLASS,IRONO,73.59,1.0,1.0,1.0,1.0,0.013589
7051,US,US,GLASS,DAIRY,74.47,1.0,1.0,1.0,1.0,0.013428
15870,US,US,TRAN1,POULT,32.63,1.0,1.0,1.0,1.0,0.030647
9135,US,US,MACHI,SUGA1,60.8,1.0,1.0,1.0,1.0,0.016447
4625,US,US,ELEC4,PROCE,39.51,1.0,1.0,1.0,1.0,0.02531
11784,US,US,PAPER,PLAS1,39.66,1.0,1.0,1.0,1.0,0.025214
7502,US,US,HOTEL,WOOD2,39.68,1.0,1.0,1.0,1.0,0.025202
3051,US,US,COPP1,TOBAC,39.94,1.0,1.0,1.0,1.0,0.025038
15904,US,US,TRAN1,TRANS,39.95,1.0,1.0,1.0,1.0,0.025031
9332,US,US,MEATC,RESEA,40.01,1.0,1.0,1.0,1.0,0.024994
54,US,US,93197,GLASS,40.04,1.0,1.0,1.0,1.0,0.024975
11878,US,US,PFERT,BIODI,40.19,1.0,1.0,1.0,1.0,0.024882
2441,US,US,COKE1,DIST1,40.26,1.0,1.0,1.0,1.0,0.024839
3630,US,US,DISTR,MOTO1,40.38,1.0,1.0,1.0,1.0,0.024765
9181,US,US,MEAT1,RETAI,40.72,1.0,1.0,1.0,1.0,0.024558
8493,US,US,LEAD1,LEAD1,40.83,1.0,1.0,1.0,1.0,0.024492
124,US,US,93197,TRANS,40.99,1.0,1.0,1.0,1.0,0.024396
2583,US,US,COLLE,POSTT,41.04,1.0,1.0,1.0,1.0,0.024366
980,US,US,BEVER,VEGE1,41.05,1.0,1.0,1.0,1.0,0.024361
2843,US,US,CONST,ELECT,41.09,1.0,1.0,1.0,1.0,0.024337
4548,US,US,ELEC4,COMPU,41.16,1.0,1.0,1.0,1.0,0.024295
12901,US,US,PRINT,VEGE1,41.25,1.0,1.0,1.0,1.0,0.024242
16087,US,US,VEGE1,TEXTI,41.29,1.0,1.0,1.0,1.0,0.024219
14073,US,US,RUBBE,DISTR,41.3,1.0,1.0,1.0,1.0,0.024213
5826,US,US,FISHF,FOOD5,39.62,1.0,1.0,1.0,1.0,0.02524
3469,US,US,DIST1,MEATC,39.46,1.0,1.0,1.0,1.0,0.025342
16375,US,US,WEARI,RETA1,41.44,1.0,1.0,1.0,1.0,0.024131
12820,US,US,PRINT,INTER,39.45,1.0,1.0,1.0,1.0,0.025349
16040,US,US,VEGE1,HEALT,36.74,1.0,1.0,1.0,1.0,0.027218
16344,US,US,WEARI,HOTEL,37.05,1.0,1.0,1.0,1.0,0.026991
2601,US,US,COLLE,RUBBE,37.07,1.0,1.0,1.0,1.0,0.026976
11776,US,US,PAPER,PAPE3,37.15,1.0,1.0,1.0,1.0,0.026918
4621,US,US,ELEC4,POSTT,37.31,1.0,1.0,1.0,1.0,0.026802
4570,US,US,ELEC4,GLASS,37.57,1.0,1.0,1.0,1.0,0.026617
16366,US,US,WEARI,POSTT,37.65,1.0,1.0,1.0,1.0,0.02656
11762,US,US,PAPER,MOTOR,37.88,1.0,1.0,1.0,1.0,0.026399
5002,US,US,ELEC7,MEATA,38.07,1.0,1.0,1.0,1.0,0.026267
6630,US,US,FORES,VEGE1,38.44,1.0,1.0,1.0,1.0,0.026015
5037,US,US,ELEC7,REALE,38.62,1.0,1.0,1.0,1.0,0.025893
12673,US,US,PREC1,MOTO1,38.65,1.0,1.0,1.0,1.0,0.025873
11951,US,US,PFERT,PARAF,38.78,1.0,1.0,1.0,1.0,0.025786
15770,US,US,TRAN1,BEVER,38.98,1.0,1.0,1.0,1.0,0.025654
3870,US,US,ELE11,EDUCA,39.16,1.0,1.0,1.0,1.0,0.025536
7396,US,US,HOTEL,FOODW,39.23,1.0,1.0,1.0,1.0,0.025491
2887,US,US,CONST,NAPHT,39.23,1.0,1.0,1.0,1.0,0.025491
27,US,US,93197,CRUDE,39.25,1.0,1.0,1.0,1.0,0.025478
15773,US,US,TRAN1,BIOGA,39.33,1.0,1.0,1.0,1.0,0.025426
3662,US,US,DISTR,PULP5,41.43,1.0,1.0,1.0,1.0,0.024137
16343,US,US,WEARI,HEALT,41.49,1.0,1.0,1.0,1.0,0.024102
15850,US,US,TRAN1,NONME,36.49,1.0,1.0,1.0,1.0,0.027405
4665,US,US,ELEC4,WOODW,43.58,1.0,1.0,1.0,1.0,0.022946
9313,US,US,MEATC,MEMBE,43.63,1.0,1.0,1.0,1.0,0.02292
9330,US,US,MEATC,REALE,43.67,1.0,1.0,1.0,1.0,0.022899
982,US,US,BEVER,WHOLE,43.73,1.0,1.0,1.0,1.0,0.022868
3539,US,US,DIST1,WEARI,44.1,1.0,1.0,1.0,1.0,0.022676
9256,US,US,MEAT4,RETAI,44.16,1.0,1.0,1.0,1.0,0.022645
10290,US,US,NATUR,GLASS,44.4,1.0,1.0,1.0,1.0,0.022523
3578,US,US,DISTR,CRUDE,44.47,1.0,1.0,1.0,1.0,0.022487
10484,US,US,NONF1,MEDIC,44.51,1.0,1.0,1.0,1.0,0.022467
17113,US,US,WOODW,SECO9,44.72,1.0,1.0,1.0,1.0,0.022361
12626,US,US,POULT,MEAT4,45.01,1.0,1.0,1.0,1.0,0.022217
11801,US,US,PAPER,RENTI,45.09,1.0,1.0,1.0,1.0,0.022178
8787,US,US,LIQUI,LANDT,45.09,1.0,1.0,1.0,1.0,0.022178
3535,US,US,DIST1,TRAN2,45.1,1.0,1.0,1.0,1.0,0.022173
6889,US,US,GASDI,COMPU,45.14,1.0,1.0,1.0,1.0,0.022153
9900,US,US,MOTOR,BITU1,45.18,1.0,1.0,1.0,1.0,0.022134
4856,US,US,ELEC6,HEALT,45.18,1.0,1.0,1.0,1.0,0.022134
3484,US,US,DIST1,OFFIC,45.21,1.0,1.0,1.0,1.0,0.022119
10267,US,US,NATUR,ELEC1,45.24,1.0,1.0,1.0,1.0,0.022104
8532,US,US,LEADZ,EDUCA,45.32,1.0,1.0,1.0,1.0,0.022065
10291,US,US,NATUR,HEALT,43.63,1.0,1.0,1.0,1.0,0.02292
3527,US,US,DIST1,SUGA1,43.54,1.0,1.0,1.0,1.0,0.022967
3333,US,US,DAIRY,93197,41.57,1.0,1.0,1.0,1.0,0.024056
3502,US,US,DIST1,PREC1,43.53,1.0,1.0,1.0,1.0,0.022973
4897,US,US,ELEC6,PFERT,41.61,1.0,1.0,1.0,1.0,0.024033
4709,US,US,ELEC5,FOUND,41.72,1.0,1.0,1.0,1.0,0.023969
11913,US,US,PFERT,GLASS,41.77,1.0,1.0,1.0,1.0,0.023941
11806,US,US,PAPER,SALEM,41.78,1.0,1.0,1.0,1.0,0.023935
12909,US,US,PRINT,WOODW,41.84,1.0,1.0,1.0,1.0,0.023901
7147,US,US,HEALT,CATTL,41.88,1.0,1.0,1.0,1.0,0.023878
10500,US,US,NONF1,RADIO,41.9,1.0,1.0,1.0,1.0,0.023866
7484,US,US,HOTEL,SUGA1,42.0,1.0,1.0,1.0,1.0,0.02381
6697,US,US,FOUND,SECO9,42.16,1.0,1.0,1.0,1.0,0.023719
8630,US,US,LEATH,OFFIC,42.41,1.0,1.0,1.0,1.0,0.023579
5816,US,US,FISH5,SUPPO,42.42,1.0,1.0,1.0,1.0,0.023574
15656,US,US,TEXTI,EDUCA,42.44,1.0,1.0,1.0,1.0,0.023563
6579,US,US,FORES,FABRI,42.45,1.0,1.0,1.0,1.0,0.023557
4702,US,US,ELEC5,FINAN,42.52,1.0,1.0,1.0,1.0,0.023518
8639,US,US,LEATH,POSTT,42.54,1.0,1.0,1.0,1.0,0.023507
1561,US,US,BLAST,BASIC,42.59,1.0,1.0,1.0,1.0,0.02348
2479,US,US,COLLE,BASIC,42.77,1.0,1.0,1.0,1.0,0.023381
3059,US,US,COPP1,WOODW,42.87,1.0,1.0,1.0,1.0,0.023326
6682,US,US,FOUND,PREC1,43.06,1.0,1.0,1.0,1.0,0.023223
15837,US,US,TRAN1,MEAT4,36.63,1.0,1.0,1.0,1.0,0.0273
4567,US,US,ELEC4,FOUND,36.41,1.0,1.0,1.0,1.0,0.027465
7134,US,US,GLASS,TEXTI,60.39,1.0,1.0,1.0,1.0,0.016559
5041,US,US,ELEC7,RETA1,20.53,1.0,1.0,1.0,1.0,0.048709
4799,US,US,ELEC5,TRANS,20.82,1.0,1.0,1.0,1.0,0.048031
9676,US,US,MEMBE,PLAS2,21.33,1.0,1.0,1.0,1.0,0.046882
9584,US,US,MEMBE,CEMEN,21.68,1.0,1.0,1.0,1.0,0.046125
3450,US,US,DIST1,HYDRO,21.74,1.0,1.0,1.0,1.0,0.045998
2464,US,US,COKE1,RUBBE,22.68,1.0,1.0,1.0,1.0,0.044092
3510,US,US,DIST1,RAWMI,23.05,1.0,1.0,1.0,1.0,0.043384
9618,US,US,MEMBE,FOOD4,23.39,1.0,1.0,1.0,1.0,0.042753
6597,US,US,FORES,MEAT4,23.92,1.0,1.0,1.0,1.0,0.041806
4957,US,US,ELEC7,BUSIN,24.02,1.0,1.0,1.0,1.0,0.041632
4737,US,US,ELEC5,MEMBE,24.14,1.0,1.0,1.0,1.0,0.041425
4858,US,US,ELEC6,HOTEL,24.95,1.0,1.0,1.0,1.0,0.04008
9717,US,US,MEMBE,WEARI,25.02,1.0,1.0,1.0,1.0,0.039968
3538,US,US,DIST1,VEGET,25.59,1.0,1.0,1.0,1.0,0.039078
4972,US,US,ELEC7,EDUCA,25.82,1.0,1.0,1.0,1.0,0.03873
15824,US,US,TRAN1,IRONO,26.27,1.0,1.0,1.0,1.0,0.038066
4658,US,US,ELEC4,VEGET,26.54,1.0,1.0,1.0,1.0,0.037679
17030,US,US,WOODW,FINAN,26.55,1.0,1.0,1.0,1.0,0.037665
15822,US,US,TRAN1,INSUR,26.85,1.0,1.0,1.0,1.0,0.037244
3395,US,US,DIST1,AUXIL,26.88,1.0,1.0,1.0,1.0,0.037202
6592,US,US,FORES,LEATH,20.58,1.0,1.0,1.0,1.0,0.048591
9597,US,US,MEMBE,DAIRY,20.13,1.0,1.0,1.0,1.0,0.049677
15843,US,US,TRAN1,MOTO1,27.28,1.0,1.0,1.0,1.0,0.036657
9615,US,US,MEMBE,FISH5,19.74,1.0,1.0,1.0,1.0,0.050659
13849,US,US,RENTI,SUGA1,81.16,1.0,1.0,1.0,1.0,0.012321
9653,US,US,MEMBE,MOTO1,11.54,1.0,1.0,1.0,1.0,0.086655
9634,US,US,MEMBE,INTER,12.12,1.0,1.0,1.0,1.0,0.082508
9574,US,US,MEMBE,BEVER,12.12,1.0,1.0,1.0,1.0,0.082508
9660,US,US,MEMBE,NONME,12.13,1.0,1.0,1.0,1.0,0.08244
9713,US,US,MEMBE,TRAN2,12.2,1.0,1.0,1.0,1.0,0.081967
9650,US,US,MEMBE,MEATP,12.7,1.0,1.0,1.0,1.0,0.07874
9598,US,US,MEMBE,DIST1,13.71,1.0,1.0,1.0,1.0,0.072939
9664,US,US,MEMBE,OILSE,14.56,1.0,1.0,1.0,1.0,0.068681
9642,US,US,MEMBE,LIQUE,14.74,1.0,1.0,1.0,1.0,0.067843
9568,US,US,MEMBE,ALUM1,14.79,1.0,1.0,1.0,1.0,0.067613
9666,US,US,MEMBE,PAPE1,16.42,1.0,1.0,1.0,1.0,0.060901
9703,US,US,MEMBE,STONE,16.9,1.0,1.0,1.0,1.0,0.059172
9698,US,US,MEMBE,SANDC,17.41,1.0,1.0,1.0,1.0,0.057438
9626,US,US,MEMBE,GLASS,18.41,1.0,1.0,1.0,1.0,0.054318
9622,US,US,MEMBE,FOUND,18.6,1.0,1.0,1.0,1.0,0.053763
9657,US,US,MEMBE,NATUR,19.05,1.0,1.0,1.0,1.0,0.052493
15757,US,US,TOBAC,LEATH,19.19,1.0,1.0,1.0,1.0,0.05211
9646,US,US,MEMBE,MEAT1,19.4,1.0,1.0,1.0,1.0,0.051546
7491,US,US,HOTEL,TRAN1,27.2,1.0,1.0,1.0,1.0,0.036765
17003,US,US,WOODW,BASIC,27.38,1.0,1.0,1.0,1.0,0.036523
11749,US,US,PAPER,LEATH,36.39,1.0,1.0,1.0,1.0,0.02748
3452,US,US,DIST1,INLAN,32.67,1.0,1.0,1.0,1.0,0.030609
17013,US,US,WOODW,CERAM,32.96,1.0,1.0,1.0,1.0,0.03034
17112,US,US,WOODW,SEACO,33.23,1.0,1.0,1.0,1.0,0.030093
15883,US,US,TRAN1,RENTI,33.27,1.0,1.0,1.0,1.0,0.030057
9587,US,US,MEMBE,CHEM1,33.45,1.0,1.0,1.0,1.0,0.029895
15742,US,US,TEXTI,SUPPO,33.69,1.0,1.0,1.0,1.0,0.029682
9652,US,US,MEMBE,MEMBE,33.84,1.0,1.0,1.0,1.0,0.029551
15855,US,US,TRAN1,OILSE,34.1,1.0,1.0,1.0,1.0,0.029326
3524,US,US,DIST1,SEWAG,34.26,1.0,1.0,1.0,1.0,0.029189
11798,US,US,PAPER,RECRE,34.43,1.0,1.0,1.0,1.0,0.029044
15779,US,US,TRAN1,CATTL,34.61,1.0,1.0,1.0,1.0,0.028893
5811,US,US,FISH5,RESEA,34.85,1.0,1.0,1.0,1.0,0.028694
15794,US,US,TRAN1,DAIRY,35.03,1.0,1.0,1.0,1.0,0.028547
3854,US,US,ELE11,BUSIN,35.08,1.0,1.0,1.0,1.0,0.028506
4782,US,US,ELEC5,RUBBE,35.27,1.0,1.0,1.0,1.0,0.028353
11777,US,US,PAPER,PAPE4,35.36,1.0,1.0,1.0,1.0,0.028281
12670,US,US,PREC1,MACHI,35.59,1.0,1.0,1.0,1.0,0.028098
16053,US,US,VEGE1,MEATP,35.74,1.0,1.0,1.0,1.0,0.02798
7164,US,US,HEALT,PIGS9,35.97,1.0,1.0,1.0,1.0,0.027801
4540,US,US,ELEC4,CEMEN,36.28,1.0,1.0,1.0,1.0,0.027563
7477,US,US,HOTEL,SANDC,32.88,1.0,1.0,1.0,1.0,0.030414
9573,US,US,MEMBE,BASIC,32.35,1.0,1.0,1.0,1.0,0.030912
4652,US,US,ELEC4,TEXTI,27.44,1.0,1.0,1.0,1.0,0.036443
6566,US,US,FORES,BUSIN,32.24,1.0,1.0,1.0,1.0,0.031017
16070,US,US,VEGE1,PLAST,27.48,1.0,1.0,1.0,1.0,0.03639
7462,US,US,HOTEL,PUBLI,27.48,1.0,1.0,1.0,1.0,0.03639
15875,US,US,TRAN1,PULP5,28.0,1.0,1.0,1.0,1.0,0.035714
16020,US,US,VEGE1,BIODI,28.26,1.0,1.0,1.0,1.0,0.035386
6605,US,US,FORES,NONME,28.33,1.0,1.0,1.0,1.0,0.035298
9668,US,US,MEMBE,PAPE4,28.54,1.0,1.0,1.0,1.0,0.035039
16076,US,US,VEGE1,RAWMI,29.26,1.0,1.0,1.0,1.0,0.034176
4639,US,US,ELEC4,RUBBE,29.37,1.0,1.0,1.0,1.0,0.034048
9667,US,US,MEMBE,PAPE3,29.98,1.0,1.0,1.0,1.0,0.033356
15793,US,US,TRAN1,CRUDE,30.05,1.0,1.0,1.0,1.0,0.033278
7488,US,US,HOTEL,TEXT2,30.73,1.0,1.0,1.0,1.0,0.032541
7419,US,US,HOTEL,LIQUE,31.1,1.0,1.0,1.0,1.0,0.032154
17060,US,US,WOODW,MEAT4,31.39,1.0,1.0,1.0,1.0,0.031857
7482,US,US,HOTEL,STONE,31.51,1.0,1.0,1.0,1.0,0.031736
7414,US,US,HOTEL,LANDT,31.59,1.0,1.0,1.0,1.0,0.031656
4795,US,US,ELEC5,TEXTI,31.66,1.0,1.0,1.0,1.0,0.031586
4560,US,US,ELEC4,FINAN,31.82,1.0,1.0,1.0,1.0,0.031427
9675,US,US,MEMBE,PLAS1,32.0,1.0,1.0,1.0,1.0,0.03125
6563,US,US,FORES,BIOGA,32.18,1.0,1.0,1.0,1.0,0.031075
8930,US,US,LUBRI,MOTOR,45.73,1.0,1.0,1.0,1.0,0.021867
10489,US,US,NONF1,OFFIC,45.85,1.0,1.0,1.0,1.0,0.02181
4640,US,US,ELEC4,SALEM,45.86,1.0,1.0,1.0,1.0,0.021805
7372,US,US,HOTEL,DIST1,55.21,1.0,1.0,1.0,1.0,0.018113
10678,US,US,NONME,RUBBE,55.3,1.0,1.0,1.0,1.0,0.018083
2868,US,US,CONST,IRONO,55.3,1.0,1.0,1.0,1.0,0.018083
8344,US,US,LANDT,DIST1,55.3,1.0,1.0,1.0,1.0,0.018083
10263,US,US,NATUR,DISTR,55.31,1.0,1.0,1.0,1.0,0.01808
2892,US,US,CONST,NONME,55.38,1.0,1.0,1.0,1.0,0.018057
12627,US,US,POULT,MEATC,55.51,1.0,1.0,1.0,1.0,0.018015
10366,US,US,NATUR,STONE,55.53,1.0,1.0,1.0,1.0,0.018008
9914,US,US,MOTOR,COMPU,55.71,1.0,1.0,1.0,1.0,0.01795
14969,US,US,SUBBI,FOOD5,55.72,1.0,1.0,1.0,1.0,0.017947
15214,US,US,SUPPO,INERT,55.84,1.0,1.0,1.0,1.0,0.017908
5437,US,US,ELECT,SECO9,55.9,1.0,1.0,1.0,1.0,0.017889
3417,US,US,DIST1,COPP1,55.9,1.0,1.0,1.0,1.0,0.017889
10473,US,US,NONF1,FURNI,55.98,1.0,1.0,1.0,1.0,0.017864
16327,US,US,WEARI,93197,56.05,1.0,1.0,1.0,1.0,0.017841
973,US,US,BEVER,SEACO,56.14,1.0,1.0,1.0,1.0,0.017813
15968,US,US,TRANS,INLAN,56.51,1.0,1.0,1.0,1.0,0.017696
8958,US,US,LUBRI,RAILW,56.64,1.0,1.0,1.0,1.0,0.017655
5526,US,US,FABRI,HEAVY,56.68,1.0,1.0,1.0,1.0,0.017643
16086,US,US,VEGE1,SUGA1,56.76,1.0,1.0,1.0,1.0,0.017618
8465,US,US,LANDT,WEARI,55.22,1.0,1.0,1.0,1.0,0.018109
2252,US,US,CHEM1,NFERT,55.17,1.0,1.0,1.0,1.0,0.018126
8916,US,US,LUBRI,LEADZ,56.92,1.0,1.0,1.0,1.0,0.017569
298,US,US,ALUM1,COPP1,55.16,1.0,1.0,1.0,1.0,0.018129
10788,US,US,NUCLE,ELECT,53.98,1.0,1.0,1.0,1.0,0.018525
3637,US,US,DISTR,NONME,53.99,1.0,1.0,1.0,1.0,0.018522
5541,US,US,FABRI,LIQUE,54.08,1.0,1.0,1.0,1.0,0.018491
14533,US,US,SECO9,SECO9,54.11,1.0,1.0,1.0,1.0,0.018481
2190,US,US,CHEM1,DISTR,54.12,1.0,1.0,1.0,1.0,0.018477
6315,US,US,FOOD5,COMPU,54.15,1.0,1.0,1.0,1.0,0.018467
3624,US,US,DISTR,MEAT4,54.21,1.0,1.0,1.0,1.0,0.018447
200,US,US,AIRTR,IRONO,54.31,1.0,1.0,1.0,1.0,0.018413
14057,US,US,RUBBE,CERAM,54.35,1.0,1.0,1.0,1.0,0.018399
15878,US,US,TRAN1,RAWMI,54.4,1.0,1.0,1.0,1.0,0.018382
8393,US,US,LANDT,MEAT1,54.41,1.0,1.0,1.0,1.0,0.018379
9937,US,US,MOTOR,FINAN,54.52,1.0,1.0,1.0,1.0,0.018342
1849,US,US,CATTL,LEATH,54.79,1.0,1.0,1.0,1.0,0.018252
4351,US,US,ELEC2,RETAI,54.86,1.0,1.0,1.0,1.0,0.018228
12011,US,US,PIGS9,HOTEL,54.91,1.0,1.0,1.0,1.0,0.018212
16073,US,US,VEGE1,PROCE,54.91,1.0,1.0,1.0,1.0,0.018212
4690,US,US,ELEC5,COMPU,54.93,1.0,1.0,1.0,1.0,0.018205
13684,US,US,REFIN,LIQUE,54.96,1.0,1.0,1.0,1.0,0.018195
10674,US,US,NONME,RENTI,55.02,1.0,1.0,1.0,1.0,0.018175
11945,US,US,PFERT,OILSE,56.79,1.0,1.0,1.0,1.0,0.017609
10555,US,US,NONFE,PFERT,56.93,1.0,1.0,1.0,1.0,0.017565
8985,US,US,LUBRI,WHOLE,45.91,1.0,1.0,1.0,1.0,0.021782
3935,US,US,ELE11,REALE,58.56,1.0,1.0,1.0,1.0,0.017077
3375,US,US,DAIRY,PROCE,58.84,1.0,1.0,1.0,1.0,0.016995
4271,US,US,ELEC2,FISH5,58.92,1.0,1.0,1.0,1.0,0.016972
13318,US,US,RAWMI,PROCE,58.99,1.0,1.0,1.0,1.0,0.016952
7284,US,US,HEAVY,PAPER,59.02,1.0,1.0,1.0,1.0,0.016943
3690,US,US,DISTR,TRANS,59.12,1.0,1.0,1.0,1.0,0.016915
1859,US,US,CATTL,VEGE1,59.13,1.0,1.0,1.0,1.0,0.016912
11920,US,US,PFERT,KERO1,59.18,1.0,1.0,1.0,1.0,0.016898
4624,US,US,ELEC4,PRINT,59.27,1.0,1.0,1.0,1.0,0.016872
4240,US,US,ELEC2,BRICK,59.44,1.0,1.0,1.0,1.0,0.016824
12809,US,US,PRINT,FURNI,59.53,1.0,1.0,1.0,1.0,0.016798
1603,US,US,BRICK,COPP1,59.66,1.0,1.0,1.0,1.0,0.016762
12642,US,US,PREC1,BIOGA,59.71,1.0,1.0,1.0,1.0,0.016748
10293,US,US,NATUR,HOTEL,59.72,1.0,1.0,1.0,1.0,0.016745
7361,US,US,HOTEL,CHEMI,59.82,1.0,1.0,1.0,1.0,0.016717
2602,US,US,COLLE,SALEM,60.0,1.0,1.0,1.0,1.0,0.016667
17110,US,US,WOODW,SALEM,60.05,1.0,1.0,1.0,1.0,0.016653
4918,US,US,ELEC6,RETA1,60.11,1.0,1.0,1.0,1.0,0.016636
10639,US,US,NONME,MEDIC,60.27,1.0,1.0,1.0,1.0,0.016592
15900,US,US,TRAN1,TEXTI,60.32,1.0,1.0,1.0,1.0,0.016578
2948,US,US,CONST,VEGE1,58.82,1.0,1.0,1.0,1.0,0.017001
7329,US,US,HEAVY,TRANS,58.36,1.0,1.0,1.0,1.0,0.017135
9976,US,US,MOTOR,MEMBE,56.98,1.0,1.0,1.0,1.0,0.01755
14959,US,US,SUBBI,CRUDE,58.29,1.0,1.0,1.0,1.0,0.017156
9932,US,US,MOTOR,ELEC8,57.02,1.0,1.0,1.0,1.0,0.017538
11897,US,US,PFERT,EDUCA,57.05,1.0,1.0,1.0,1.0,0.017528
11804,US,US,PAPER,RETAI,57.06,1.0,1.0,1.0,1.0,0.017525
7252,US,US,HEAVY,KEROS,57.07,1.0,1.0,1.0,1.0,0.017522
10361,US,US,NATUR,SANDC,57.19,1.0,1.0,1.0,1.0,0.017486
10668,US,US,NONME,RADIO,57.36,1.0,1.0,1.0,1.0,0.017434
1965,US,US,CEMEN,PRINT,57.42,1.0,1.0,1.0,1.0,0.017416
9008,US,US,MACHI,CERAM,57.48,1.0,1.0,1.0,1.0,0.017397
11982,US,US,PFERT,TRANS,57.65,1.0,1.0,1.0,1.0,0.017346
14163,US,US,RUBBE,PULP5,57.67,1.0,1.0,1.0,1.0,0.01734
3555,US,US,DISTR,BEVER,57.68,1.0,1.0,1.0,1.0,0.017337
9358,US,US,MEATP,DAIRY,57.74,1.0,1.0,1.0,1.0,0.017319
1336,US,US,BIOGA,RECRE,57.78,1.0,1.0,1.0,1.0,0.017307
12965,US,US,PUBLI,DAIRY,57.87,1.0,1.0,1.0,1.0,0.01728
6967,US,US,GASDI,POULT,58.09,1.0,1.0,1.0,1.0,0.017215
3385,US,US,DAIRY,SUPPO,58.09,1.0,1.0,1.0,1.0,0.017215
3558,US,US,DISTR,BIOGA,58.2,1.0,1.0,1.0,1.0,0.017182
5589,US,US,FABRI,RAWMI,58.26,1.0,1.0,1.0,1.0,0.017164
9178,US,US,MEAT1,REALE,58.28,1.0,1.0,1.0,1.0,0.017159
16335,US,US,WEARI,EDUCA,53.97,1.0,1.0,1.0,1.0,0.018529
6099,US,US,FOOD3,PFERT,53.88,1.0,1.0,1.0,1.0,0.01856
3505,US,US,DIST1,PROCE,53.85,1.0,1.0,1.0,1.0,0.01857
10181,US,US,NATU1,NATU1,47.89,1.0,1.0,1.0,1.0,0.020881
2612,US,US,COLLE,SUPPO,48.12,1.0,1.0,1.0,1.0,0.020781
12798,US,US,PRINT,FABRI,48.35,1.0,1.0,1.0,1.0,0.020683
15842,US,US,TRAN1,MEMBE,48.41,1.0,1.0,1.0,1.0,0.020657
3678,US,US,DISTR,SEWAG,48.5,1.0,1.0,1.0,1.0,0.020619
12693,US,US,PREC1,RESEA,48.58,1.0,1.0,1.0,1.0,0.020585
3694,US,US,DISTR,WHEAT,48.59,1.0,1.0,1.0,1.0,0.02058
11967,US,US,PFERT,RECRE,48.68,1.0,1.0,1.0,1.0,0.020542
6648,US,US,FOUND,EDUCA,48.69,1.0,1.0,1.0,1.0,0.020538
2430,US,US,COKE1,BASIC,48.7,1.0,1.0,1.0,1.0,0.020534
5818,US,US,FISH5,VEGE1,48.83,1.0,1.0,1.0,1.0,0.020479
1441,US,US,BITUM,ALUM1,48.87,1.0,1.0,1.0,1.0,0.020462
8370,US,US,LANDT,FURNI,48.94,1.0,1.0,1.0,1.0,0.020433
1878,US,US,CEMEN,CERAM,49.11,1.0,1.0,1.0,1.0,0.020362
273,US,US,AIRTR,VEGE1,49.16,1.0,1.0,1.0,1.0,0.020342
7490,US,US,HOTEL,TOBAC,49.32,1.0,1.0,1.0,1.0,0.020276
7057,US,US,GLASS,FISH5,49.37,1.0,1.0,1.0,1.0,0.020255
3478,US,US,DIST1,NFERT,49.47,1.0,1.0,1.0,1.0,0.020214
7410,US,US,HOTEL,INTER,49.49,1.0,1.0,1.0,1.0,0.020206
12662,US,US,PREC1,HOTEL,49.53,1.0,1.0,1.0,1.0,0.02019
9889,US,US,MOTOR,AIRTR,47.91,1.0,1.0,1.0,1.0,0.020872
11705,US,US,PAPER,DISTR,47.79,1.0,1.0,1.0,1.0,0.020925
14135,US,US,RUBBE,NONF1,53.66,1.0,1.0,1.0,1.0,0.018636
3018,US,US,COPP1,OFFIC,47.76,1.0,1.0,1.0,1.0,0.020938
4636,US,US,ELEC4,RESEA,45.96,1.0,1.0,1.0,1.0,0.021758
3231,US,US,CRUDE,FORES,46.16,1.0,1.0,1.0,1.0,0.021664
6977,US,US,GASDI,RECRE,46.19,1.0,1.0,1.0,1.0,0.02165
3608,US,US,DISTR,INLAN,46.25,1.0,1.0,1.0,1.0,0.021622
11739,US,US,PAPER,INERT,46.27,1.0,1.0,1.0,1.0,0.021612
14183,US,US,RUBBE,SUBBI,46.32,1.0,1.0,1.0,1.0,0.021589
17020,US,US,WOODW,COPP1,46.51,1.0,1.0,1.0,1.0,0.021501
4712,US,US,ELEC5,GLASS,46.53,1.0,1.0,1.0,1.0,0.021492
1607,US,US,BRICK,FABRI,46.53,1.0,1.0,1.0,1.0,0.021492
3652,US,US,DISTR,PLANT,46.57,1.0,1.0,1.0,1.0,0.021473
7378,US,US,HOTEL,ELEC2,46.63,1.0,1.0,1.0,1.0,0.021445
5809,US,US,FISH5,REALE,46.76,1.0,1.0,1.0,1.0,0.021386
1971,US,US,CEMEN,RECRE,46.83,1.0,1.0,1.0,1.0,0.021354
9325,US,US,MEATC,POULT,46.87,1.0,1.0,1.0,1.0,0.021336
11765,US,US,PAPER,NATUR,47.13,1.0,1.0,1.0,1.0,0.021218
1945,US,US,CEMEN,NATUR,47.28,1.0,1.0,1.0,1.0,0.021151
4682,US,US,ELEC5,CEMEN,47.45,1.0,1.0,1.0,1.0,0.021075
1665,US,US,BRICK,TOBAC,47.45,1.0,1.0,1.0,1.0,0.021075
10383,US,US,NATUR,WHOLE,47.67,1.0,1.0,1.0,1.0,0.020978
14510,US,US,SECO9,GLASS,49.8,1.0,1.0,1.0,1.0,0.02008
4764,US,US,ELEC5,POSTT,49.86,1.0,1.0,1.0,1.0,0.020056
16302,US,US,WASTE,SALEM,49.91,1.0,1.0,1.0,1.0,0.020036
4808,US,US,ELEC5,WOODW,49.95,1.0,1.0,1.0,1.0,0.02002
8205,US,US,IRONO,SUBBI,51.92,1.0,1.0,1.0,1.0,0.01926
280,US,US,ALUM1,93197,52.3,1.0,1.0,1.0,1.0,0.01912
3000,US,US,COPP1,HOTEL,52.32,1.0,1.0,1.0,1.0,0.019113
11875,US,US,PFERT,AVIAT,52.36,1.0,1.0,1.0,1.0,0.019099
1941,US,US,CEMEN,MOTO1,52.62,1.0,1.0,1.0,1.0,0.019004
4314,US,US,ELEC2,NONF1,52.69,1.0,1.0,1.0,1.0,0.018979
2474,US,US,COLLE,93197,52.69,1.0,1.0,1.0,1.0,0.018979
4783,US,US,ELEC5,SALEM,52.82,1.0,1.0,1.0,1.0,0.018932
1241,US,US,BIOGA,CHEM1,52.82,1.0,1.0,1.0,1.0,0.018932
14715,US,US,STEAM,BUSIN,52.87,1.0,1.0,1.0,1.0,0.018914
15716,US,US,TEXTI,PLAST,52.88,1.0,1.0,1.0,1.0,0.018911
487,US,US,ANTHR,BITUM,52.91,1.0,1.0,1.0,1.0,0.0189
10292,US,US,NATUR,HEAVY,53.0,1.0,1.0,1.0,1.0,0.018868
7358,US,US,HOTEL,CERAM,53.2,1.0,1.0,1.0,1.0,0.018797
6876,US,US,GASDI,BITUM,53.24,1.0,1.0,1.0,1.0,0.018783
6105,US,US,FOOD3,PRINT,53.33,1.0,1.0,1.0,1.0,0.018751
12853,US,US,PRINT,PAPE1,53.46,1.0,1.0,1.0,1.0,0.018706
10357,US,US,NATUR,RETA1,53.53,1.0,1.0,1.0,1.0,0.018681
10286,US,US,NATUR,FOUND,53.63,1.0,1.0,1.0,1.0,0.018646
12947,US,US,PUBLI,BEVER,51.9,1.0,1.0,1.0,1.0,0.019268
3579,US,US,DISTR,DAIRY,51.83,1.0,1.0,1.0,1.0,0.019294
8913,US,US,LUBRI,KEROS,51.81,1.0,1.0,1.0,1.0,0.019301
3512,US,US,DIST1,RECRE,50.77,1.0,1.0,1.0,1.0,0.019697
8142,US,US,IRONO,CHEM1,49.99,1.0,1.0,1.0,1.0,0.020004
3040,US,US,COPP1,RUBBE,50.21,1.0,1.0,1.0,1.0,0.019916
6111,US,US,FOOD3,RAILW,50.3,1.0,1.0,1.0,1.0,0.019881
1245,US,US,BIOGA,COMPU,50.34,1.0,1.0,1.0,1.0,0.019865
6656,US,US,FOUND,HEALT,50.45,1.0,1.0,1.0,1.0,0.019822
11710,US,US,PAPER,ELEC2,50.47,1.0,1.0,1.0,1.0,0.019814
14512,US,US,SECO9,LEAD1,50.54,1.0,1.0,1.0,1.0,0.019786
1341,US,US,BIOGA,RETA1,50.74,1.0,1.0,1.0,1.0,0.019708
7135,US,US,GLASS,TOBAC,50.89,1.0,1.0,1.0,1.0,0.01965
8392,US,US,LANDT,MACHI,51.72,1.0,1.0,1.0,1.0,0.019335
8604,US,US,LEATH,ELECT,51.04,1.0,1.0,1.0,1.0,0.019592
15047,US,US,SUGA1,BUSIN,51.17,1.0,1.0,1.0,1.0,0.019543
12779,US,US,PRINT,CONST,51.33,1.0,1.0,1.0,1.0,0.019482
3039,US,US,COPP1,RESEA,51.35,1.0,1.0,1.0,1.0,0.019474
2882,US,US,CONST,MEATP,51.45,1.0,1.0,1.0,1.0,0.019436
8407,US,US,LANDT,NONME,51.54,1.0,1.0,1.0,1.0,0.019402
8343,US,US,LANDT,DAIRY,51.68,1.0,1.0,1.0,1.0,0.01935
12390,US,US,PLAST,BUSIN,51.69,1.0,1.0,1.0,1.0,0.019346
11465,US,US,PAPE3,PRINT,81.15,1.0,1.0,1.0,1.0,0.012323
2249,US,US,CHEM1,NAPHT,65.48,1.0,1.0,1.0,1.0,0.015272
15727,US,US,TEXTI,RECRE,81.26,1.0,1.0,1.0,1.0,0.012306
11416,US,US,PAPE3,INSUR,125.31,1.0,1.0,1.0,1.0,0.00798
12535,US,US,POSTT,MACHI,124.54,1.0,1.0,1.0,1.0,0.00803
2289,US,US,CHEM1,RENTI,124.57,1.0,1.0,1.0,1.0,0.008028
12085,US,US,PLAS1,COMPU,124.58,1.0,1.0,1.0,1.0,0.008027
10894,US,US,OFFIC,MOTO1,124.61,1.0,1.0,1.0,1.0,0.008025
13439,US,US,REALE,PLAS2,242.44,1.0,1.0,1.0,1.0,0.004125
9751,US,US,MOTO1,COMPU,124.61,1.0,1.0,1.0,1.0,0.008025
11868,US,US,PETRO,BRICK,124.84,1.0,1.0,1.0,1.0,0.00801
9130,US,US,MACHI,SECO9,125.1,1.0,1.0,1.0,1.0,0.007994
4095,US,US,ELEC1,CEMEN,125.14,1.0,1.0,1.0,1.0,0.007991
4478,US,US,ELEC3,PLAST,270.1,1.0,1.0,1.0,1.0,0.003702
16619,US,US,WHOLE,NONME,136.27,1.0,1.0,1.0,1.0,0.007338
5728,US,US,FINAN,OILHA,125.4,1.0,1.0,1.0,1.0,0.007974
11577,US,US,PAPE4,INLAN,125.52,1.0,1.0,1.0,1.0,0.007967
7917,US,US,INSUR,PAPE3,125.54,1.0,1.0,1.0,1.0,0.007966
2257,US,US,CHEM1,NUCLE,125.8,1.0,1.0,1.0,1.0,0.007949
11578,US,US,PAPE4,INSUR,126.24,1.0,1.0,1.0,1.0,0.007921
604,US,US,AUXIL,COPP1,126.26,1.0,1.0,1.0,1.0,0.00792
4197,US,US,ELEC1,SALEM,126.32,1.0,1.0,1.0,1.0,0.007916
13176,US,US,RADIO,MEAT4,126.48,1.0,1.0,1.0,1.0,0.007906
475,US,US,ANIMA,TEXTI,126.87,1.0,1.0,1.0,1.0,0.007882
10182,US,US,NATU1,NATUR,124.53,1.0,1.0,1.0,1.0,0.00803
588,US,US,AUXIL,BITUM,124.45,1.0,1.0,1.0,1.0,0.008035
11347,US,US,PAPE3,93197,124.1,1.0,1.0,1.0,1.0,0.008058
13634,US,US,RECRE,TEXTI,124.06,1.0,1.0,1.0,1.0,0.008061
7807,US,US,INLAN,POSTT,122.29,1.0,1.0,1.0,1.0,0.008177
2109,US,US,CEREA,FISH5,122.42,1.0,1.0,1.0,1.0,0.008169
1890,US,US,CEMEN,DAIRY,122.48,1.0,1.0,1.0,1.0,0.008165
9361,US,US,MEATP,FISH5,122.66,1.0,1.0,1.0,1.0,0.008153
4343,US,US,ELEC2,RAWMI,122.87,1.0,1.0,1.0,1.0,0.008139
11530,US,US,PAPE4,CHEM1,122.89,1.0,1.0,1.0,1.0,0.008137
4498,US,US,ELEC3,SALEM,123.01,1.0,1.0,1.0,1.0,0.008129
1777,US,US,BUSIN,OILHA,123.11,1.0,1.0,1.0,1.0,0.008123
6189,US,US,FOOD4,FINAN,123.15,1.0,1.0,1.0,1.0,0.00812
12946,US,US,PUBLI,BASIC,123.49,1.0,1.0,1.0,1.0,0.008098
4437,US,US,ELEC3,LANDT,265.1,1.0,1.0,1.0,1.0,0.003772
4479,US,US,ELEC3,POSTT,123.54,1.0,1.0,1.0,1.0,0.008095
3188,US,US,CROPS,WOODW,123.63,1.0,1.0,1.0,1.0,0.008089
631,US,US,AUXIL,FOOD4,123.71,1.0,1.0,1.0,1.0,0.008083
13380,US,US,REALE,FOOD4,265.87,1.0,1.0,1.0,1.0,0.003761
5659,US,US,FINAN,DAIRY,123.74,1.0,1.0,1.0,1.0,0.008081
13801,US,US,RENTI,NONF1,123.86,1.0,1.0,1.0,1.0,0.008074
9061,US,US,MACHI,IRONO,123.86,1.0,1.0,1.0,1.0,0.008074
11478,US,US,PAPE3,RESEA,123.88,1.0,1.0,1.0,1.0,0.008072
6194,US,US,FOOD4,FOOD5,128.17,1.0,1.0,1.0,1.0,0.007802
6553,US,US,FOODW,WHOLE,128.27,1.0,1.0,1.0,1.0,0.007796
6460,US,US,FOODW,HOTEL,128.28,1.0,1.0,1.0,1.0,0.007795
2736,US,US,COMPU,PAPE1,131.48,1.0,1.0,1.0,1.0,0.007606
13810,US,US,RENTI,PAPE1,131.8,1.0,1.0,1.0,1.0,0.007587
16120,US,US,VEGET,HEALT,132.58,1.0,1.0,1.0,1.0,0.007543
659,US,US,AUXIL,MACHI,132.59,1.0,1.0,1.0,1.0,0.007542
10640,US,US,NONME,MOTO1,132.83,1.0,1.0,1.0,1.0,0.007528
16393,US,US,WHEAT,93197,133.1,1.0,1.0,1.0,1.0,0.007513
7822,US,US,INSUR,AUXIL,133.19,1.0,1.0,1.0,1.0,0.007508
10924,US,US,OFFIC,RESEA,133.4,1.0,1.0,1.0,1.0,0.007496
1021,US,US,BIODI,ELEC2,133.42,1.0,1.0,1.0,1.0,0.007495
12335,US,US,PLAS2,POSTT,133.46,1.0,1.0,1.0,1.0,0.007493
296,US,US,ALUM1,COMPU,133.64,1.0,1.0,1.0,1.0,0.007483
5082,US,US,ELEC8,BUSIN,133.93,1.0,1.0,1.0,1.0,0.007467
7922,US,US,INSUR,PLAS1,134.2,1.0,1.0,1.0,1.0,0.007452
11415,US,US,PAPE3,INLAN,134.31,1.0,1.0,1.0,1.0,0.007445
321,US,US,ALUM1,HOTEL,134.59,1.0,1.0,1.0,1.0,0.00743
341,US,US,ALUM1,OFFIC,134.77,1.0,1.0,1.0,1.0,0.00742
13394,US,US,REALE,INLAN,134.97,1.0,1.0,1.0,1.0,0.007409
12127,US,US,PLAS1,INSUR,135.83,1.0,1.0,1.0,1.0,0.007362
4404,US,US,ELEC3,COMPU,136.03,1.0,1.0,1.0,1.0,0.007351
13983,US,US,RESEA,RAILW,136.1,1.0,1.0,1.0,1.0,0.007348
12058,US,US,PLAS1,93197,131.58,1.0,1.0,1.0,1.0,0.0076
873,US,US,BASIC,PAPER,130.88,1.0,1.0,1.0,1.0,0.007641
9859,US,US,MOTO1,RUBBE,128.32,1.0,1.0,1.0,1.0,0.007793
3291,US,US,CRUDE,PRINT,130.87,1.0,1.0,1.0,1.0,0.007641
3217,US,US,CRUDE,CROPS,128.4,1.0,1.0,1.0,1.0,0.007788
16994,US,US,WOOD2,WHOLE,128.47,1.0,1.0,1.0,1.0,0.007784
11368,US,US,PAPE3,CHEM1,128.51,1.0,1.0,1.0,1.0,0.007781
4178,US,US,ELEC1,POSTT,128.51,1.0,1.0,1.0,1.0,0.007781
13733,US,US,RENTI,COPP1,128.73,1.0,1.0,1.0,1.0,0.007768
187,US,US,AIRTR,FOUND,128.76,1.0,1.0,1.0,1.0,0.007766
9024,US,US,MACHI,DISTR,128.84,1.0,1.0,1.0,1.0,0.007762
1436,US,US,BITU1,STONE,128.95,1.0,1.0,1.0,1.0,0.007755
16901,US,US,WOOD2,HOTEL,129.24,1.0,1.0,1.0,1.0,0.007738
13473,US,US,REALE,TEXTI,129.59,1.0,1.0,1.0,1.0,0.007717
15286,US,US,SUPPO,SEWAG,129.98,1.0,1.0,1.0,1.0,0.007693
5750,US,US,FINAN,RADIO,130.03,1.0,1.0,1.0,1.0,0.007691
13871,US,US,RESEA,ALUM1,130.06,1.0,1.0,1.0,1.0,0.007689
13459,US,US,REALE,RUBBE,130.1,1.0,1.0,1.0,1.0,0.007686
2284,US,US,CHEM1,RAWMI,130.11,1.0,1.0,1.0,1.0,0.007686
14961,US,US,SUBBI,DIST1,130.22,1.0,1.0,1.0,1.0,0.007679
12189,US,US,PLAS1,RESEA,130.54,1.0,1.0,1.0,1.0,0.00766
1287,US,US,BIOGA,KEROS,130.67,1.0,1.0,1.0,1.0,0.007653
16813,US,US,WOOD1,SEACO,130.8,1.0,1.0,1.0,1.0,0.007645
12547,US,US,POSTT,NATUR,122.27,1.0,1.0,1.0,1.0,0.008179
1793,US,US,BUSIN,POULT,121.57,1.0,1.0,1.0,1.0,0.008226
10584,US,US,NONME,BRICK,121.54,1.0,1.0,1.0,1.0,0.008228
8425,US,US,LANDT,PLAST,112.34,1.0,1.0,1.0,1.0,0.008902
2224,US,US,CHEM1,INERT,112.47,1.0,1.0,1.0,1.0,0.008891
13242,US,US,RADIO,TRAN2,112.6,1.0,1.0,1.0,1.0,0.008881
692,US,US,AUXIL,PLAS2,112.81,1.0,1.0,1.0,1.0,0.008864
13310,US,US,RAWMI,CHEM1,113.01,1.0,1.0,1.0,1.0,0.008849
13051,US,US,PUBLI,RUBBE,113.03,1.0,1.0,1.0,1.0,0.008847
15235,US,US,SUPPO,MEDIC,113.07,1.0,1.0,1.0,1.0,0.008844
15940,US,US,TRANS,CONST,113.26,1.0,1.0,1.0,1.0,0.008829
12017,US,US,PIGS9,MEAT1,113.82,1.0,1.0,1.0,1.0,0.008786
6424,US,US,FOODW,CONST,113.91,1.0,1.0,1.0,1.0,0.008779
14481,US,US,SEACO,POSTT,113.97,1.0,1.0,1.0,1.0,0.008774
13290,US,US,RAILW,RESEA,114.12,1.0,1.0,1.0,1.0,0.008763
5513,US,US,FABRI,FISHF,114.38,1.0,1.0,1.0,1.0,0.008743
12551,US,US,POSTT,NONME,114.43,1.0,1.0,1.0,1.0,0.008739
4307,US,US,ELEC2,MEMBE,114.46,1.0,1.0,1.0,1.0,0.008737
14329,US,US,SALEM,RECRE,114.59,1.0,1.0,1.0,1.0,0.008727
6966,US,US,GASDI,POSTT,114.66,1.0,1.0,1.0,1.0,0.008721
5696,US,US,FINAN,INLAN,114.72,1.0,1.0,1.0,1.0,0.008717
10693,US,US,NONME,TRANS,115.01,1.0,1.0,1.0,1.0,0.008695
11536,US,US,PAPE4,COMPU,115.14,1.0,1.0,1.0,1.0,0.008685
5359,US,US,ELECT,FOUND,112.4,1.0,1.0,1.0,1.0,0.008897
8329,US,US,LANDT,CEMEN,112.17,1.0,1.0,1.0,1.0,0.008915
3567,US,US,DISTR,CEREA,115.33,1.0,1.0,1.0,1.0,0.008671
10245,US,US,NATUR,BUSIN,112.08,1.0,1.0,1.0,1.0,0.008922
2847,US,US,CONST,FISH5,110.02,1.0,1.0,1.0,1.0,0.009089
8895,US,US,LUBRI,FOOD5,110.05,1.0,1.0,1.0,1.0,0.009087
11482,US,US,PAPE3,SALEM,110.25,1.0,1.0,1.0,1.0,0.00907
2347,US,US,CHEMI,FABRI,110.26,1.0,1.0,1.0,1.0,0.009069
14649,US,US,SEWAG,PFERT,110.32,1.0,1.0,1.0,1.0,0.009065
6691,US,US,FOUND,RESEA,110.41,1.0,1.0,1.0,1.0,0.009057
15540,US,US,TEXT2,LANDT,110.89,1.0,1.0,1.0,1.0,0.009018
15151,US,US,SUPPO,AUXIL,110.94,1.0,1.0,1.0,1.0,0.009014
2804,US,US,CONST,BEVER,111.01,1.0,1.0,1.0,1.0,0.009008
16865,US,US,WOOD2,CONST,111.18,1.0,1.0,1.0,1.0,0.008994
3300,US,US,CRUDE,RECRE,111.23,1.0,1.0,1.0,1.0,0.00899
13230,US,US,RADIO,SEWAG,111.27,1.0,1.0,1.0,1.0,0.008987
1225,US,US,BIOGA,AUXIL,111.27,1.0,1.0,1.0,1.0,0.008987
650,US,US,AUXIL,KEROS,111.41,1.0,1.0,1.0,1.0,0.008976
13035,US,US,PUBLI,PLAST,111.46,1.0,1.0,1.0,1.0,0.008972
14286,US,US,SALEM,MEAT1,111.67,1.0,1.0,1.0,1.0,0.008955
9983,US,US,MOTOR,NONF1,111.7,1.0,1.0,1.0,1.0,0.008953
4426,US,US,ELEC3,GLASS,111.97,1.0,1.0,1.0,1.0,0.008931
16808,US,US,WOOD1,RETA1,112.08,1.0,1.0,1.0,1.0,0.008922
15257,US,US,SUPPO,PFERT,115.29,1.0,1.0,1.0,1.0,0.008674
14628,US,US,SEWAG,MEMBE,115.33,1.0,1.0,1.0,1.0,0.008671
5499,US,US,FABRI,ELEC1,121.5,1.0,1.0,1.0,1.0,0.00823
10102,US,US,NATU1,ALUMI,118.09,1.0,1.0,1.0,1.0,0.008468
7742,US,US,INERT,PLAST,118.55,1.0,1.0,1.0,1.0,0.008435
2669,US,US,COMPU,ELEC2,118.69,1.0,1.0,1.0,1.0,0.008425
13002,US,US,PUBLI,LANDT,118.74,1.0,1.0,1.0,1.0,0.008422
590,US,US,AUXIL,BRICK,118.8,1.0,1.0,1.0,1.0,0.008418
9057,US,US,MACHI,INERT,118.82,1.0,1.0,1.0,1.0,0.008416
12193,US,US,PLAS1,SALEM,118.86,1.0,1.0,1.0,1.0,0.008413
12536,US,US,POSTT,MEAT1,118.98,1.0,1.0,1.0,1.0,0.008405
4222,US,US,ELEC1,WOODW,119.06,1.0,1.0,1.0,1.0,0.008399
14339,US,US,SALEM,SEWAG,119.13,1.0,1.0,1.0,1.0,0.008394
7918,US,US,INSUR,PAPE4,119.38,1.0,1.0,1.0,1.0,0.008377
14545,US,US,SEWAG,BASIC,119.54,1.0,1.0,1.0,1.0,0.008365
13188,US,US,RADIO,NONME,119.56,1.0,1.0,1.0,1.0,0.008364
15197,US,US,SUPPO,FISH5,119.57,1.0,1.0,1.0,1.0,0.008363
10210,US,US,NATU1,RUBBE,119.58,1.0,1.0,1.0,1.0,0.008363
12544,US,US,POSTT,MOTOR,119.68,1.0,1.0,1.0,1.0,0.008356
2702,US,US,COMPU,IRONO,120.34,1.0,1.0,1.0,1.0,0.00831
15502,US,US,TEXT2,EDUCA,120.7,1.0,1.0,1.0,1.0,0.008285
1715,US,US,BUSIN,ELEC4,121.23,1.0,1.0,1.0,1.0,0.008249
8369,US,US,LANDT,FOUND,121.3,1.0,1.0,1.0,1.0,0.008244
14158,US,US,RUBBE,PREC1,118.45,1.0,1.0,1.0,1.0,0.008442
615,US,US,AUXIL,ELEC2,250.95,1.0,1.0,1.0,1.0,0.003985
1328,US,US,BIOGA,PRINT,115.46,1.0,1.0,1.0,1.0,0.008661
9114,US,US,MACHI,PULP5,117.95,1.0,1.0,1.0,1.0,0.008478
11374,US,US,PAPE3,COMPU,115.52,1.0,1.0,1.0,1.0,0.008657
8620,US,US,LEATH,MACHI,115.56,1.0,1.0,1.0,1.0,0.008654
4523,US,US,ELEC3,WOODW,116.01,1.0,1.0,1.0,1.0,0.00862
7096,US,US,GLASS,OFFIC,116.04,1.0,1.0,1.0,1.0,0.008618
9077,US,US,MACHI,MEATP,116.25,1.0,1.0,1.0,1.0,0.008602
14855,US,US,STONE,COKIN,116.35,1.0,1.0,1.0,1.0,0.008595
848,US,US,BASIC,MACHI,116.69,1.0,1.0,1.0,1.0,0.00857
4396,US,US,ELEC3,CEMEN,116.75,1.0,1.0,1.0,1.0,0.008565
12275,US,US,PLAS2,FOOD5,116.8,1.0,1.0,1.0,1.0,0.008562
4125,US,US,ELEC1,GLASS,116.85,1.0,1.0,1.0,1.0,0.008558
13997,US,US,RESEA,SEWAG,116.94,1.0,1.0,1.0,1.0,0.008551
1456,US,US,BITUM,CHEM1,117.06,1.0,1.0,1.0,1.0,0.008543
3599,US,US,DISTR,FOUND,117.06,1.0,1.0,1.0,1.0,0.008543
14291,US,US,SALEM,MEMBE,117.18,1.0,1.0,1.0,1.0,0.008534
816,US,US,BASIC,FABRI,117.39,1.0,1.0,1.0,1.0,0.008519
12919,US,US,PROCE,FOOD5,117.64,1.0,1.0,1.0,1.0,0.008501
1685,US,US,BUSIN,BITU1,117.69,1.0,1.0,1.0,1.0,0.008497
11640,US,US,PAPE4,RESEA,117.72,1.0,1.0,1.0,1.0,0.008495
11509,US,US,PAPE4,93197,117.87,1.0,1.0,1.0,1.0,0.008484
2101,US,US,CEREA,CHEM1,136.2,1.0,1.0,1.0,1.0,0.007342
1756,US,US,BUSIN,LUBRI,136.69,1.0,1.0,1.0,1.0,0.007316
14546,US,US,SEWAG,BEVER,109.8,1.0,1.0,1.0,1.0,0.009107
14670,US,US,SEWAG,RENTI,165.26,1.0,1.0,1.0,1.0,0.006051
13346,US,US,REALE,CEREA,362.8,1.0,1.0,1.0,1.0,0.002756
8125,US,US,INTER,WHOLE,163.39,1.0,1.0,1.0,1.0,0.00612
11402,US,US,PAPE3,FOOD5,163.64,1.0,1.0,1.0,1.0,0.006111
11134,US,US,PADDY,FOOD5,212.47,1.0,1.0,1.0,1.0,0.004707
5656,US,US,FINAN,COPP1,164.27,1.0,1.0,1.0,1.0,0.006088
4399,US,US,ELEC3,CHEM1,209.51,1.0,1.0,1.0,1.0,0.004773
5645,US,US,FINAN,CEMEN,164.68,1.0,1.0,1.0,1.0,0.006072
16571,US,US,WHOLE,CRUDE,164.74,1.0,1.0,1.0,1.0,0.00607
3094,US,US,CROPS,BIOGA,165.2,1.0,1.0,1.0,1.0,0.006053
2724,US,US,COMPU,NATU1,165.4,1.0,1.0,1.0,1.0,0.006046
14348,US,US,SALEM,TEXTI,136.72,1.0,1.0,1.0,1.0,0.007314
13798,US,US,RENTI,NATU1,165.85,1.0,1.0,1.0,1.0,0.00603
13957,US,US,RESEA,NATUR,166.48,1.0,1.0,1.0,1.0,0.006007
4181,US,US,ELEC1,PRINT,167.47,1.0,1.0,1.0,1.0,0.005971
7697,US,US,INERT,INSUR,167.65,1.0,1.0,1.0,1.0,0.005965
691,US,US,AUXIL,PLAS1,169.27,1.0,1.0,1.0,1.0,0.005908
5158,US,US,ELEC8,PFERT,169.84,1.0,1.0,1.0,1.0,0.005888
2789,US,US,COMPU,WEARI,207.36,1.0,1.0,1.0,1.0,0.004823
13476,US,US,REALE,TRAN2,170.58,1.0,1.0,1.0,1.0,0.005862
2746,US,US,COMPU,PLAS2,170.76,1.0,1.0,1.0,1.0,0.005856
13347,US,US,REALE,CHEM1,341.27,1.0,1.0,1.0,1.0,0.00293
3135,US,US,CROPS,MEAT4,163.37,1.0,1.0,1.0,1.0,0.006121
13430,US,US,REALE,PAPE3,340.73,1.0,1.0,1.0,1.0,0.002935
7696,US,US,INERT,INLAN,162.88,1.0,1.0,1.0,1.0,0.006139
9457,US,US,MEDIC,ELECT,158.8,1.0,1.0,1.0,1.0,0.006297
12108,US,US,PLAS1,FINAN,159.63,1.0,1.0,1.0,1.0,0.006264
9814,US,US,MOTO1,MEMBE,159.64,1.0,1.0,1.0,1.0,0.006264
2143,US,US,CEREA,RAWMI,217.18,1.0,1.0,1.0,1.0,0.004604
13427,US,US,REALE,OILSE,331.34,1.0,1.0,1.0,1.0,0.003018
15229,US,US,SUPPO,MACHI,160.23,1.0,1.0,1.0,1.0,0.006241
13162,US,US,RADIO,INSUR,160.28,1.0,1.0,1.0,1.0,0.006239
9857,US,US,MOTO1,RETA1,160.42,1.0,1.0,1.0,1.0,0.006234
7648,US,US,INERT,CHEM1,160.83,1.0,1.0,1.0,1.0,0.006218
8032,US,US,INTER,HOTEL,161.01,1.0,1.0,1.0,1.0,0.006211
13792,US,US,RENTI,MEATP,161.21,1.0,1.0,1.0,1.0,0.006203
780,US,US,BASIC,BIOGA,161.21,1.0,1.0,1.0,1.0,0.006203
9874,US,US,MOTO1,TOBAC,161.36,1.0,1.0,1.0,1.0,0.006197
14688,US,US,SEWAG,TEXTI,161.53,1.0,1.0,1.0,1.0,0.006191
15198,US,US,SUPPO,FISHF,161.8,1.0,1.0,1.0,1.0,0.00618
13479,US,US,REALE,VEGET,215.21,1.0,1.0,1.0,1.0,0.004647
15148,US,US,SUPPO,ALUM1,162.78,1.0,1.0,1.0,1.0,0.006143
13449,US,US,REALE,RAILW,339.33,1.0,1.0,1.0,1.0,0.002947
4482,US,US,ELEC3,PRINT,162.81,1.0,1.0,1.0,1.0,0.006142
13438,US,US,REALE,PLAS1,363.72,1.0,1.0,1.0,1.0,0.002749
13820,US,US,RENTI,PLAS2,171.17,1.0,1.0,1.0,1.0,0.005842
5745,US,US,FINAN,PREC1,171.96,1.0,1.0,1.0,1.0,0.005815
8002,US,US,INTER,EDUCA,196.65,1.0,1.0,1.0,1.0,0.005085
6527,US,US,FOODW,RETA1,182.75,1.0,1.0,1.0,1.0,0.005472
11492,US,US,PAPE3,SUPPO,195.44,1.0,1.0,1.0,1.0,0.005117
2718,US,US,COMPU,MEATP,195.03,1.0,1.0,1.0,1.0,0.005127
14646,US,US,SEWAG,PAPER,183.26,1.0,1.0,1.0,1.0,0.005457
16968,US,US,WOOD2,RETA1,183.36,1.0,1.0,1.0,1.0,0.005454
12347,US,US,PLAS2,RECRE,194.61,1.0,1.0,1.0,1.0,0.005138
13988,US,US,RESEA,RENTI,193.68,1.0,1.0,1.0,1.0,0.005163
7677,US,US,INERT,FINAN,193.66,1.0,1.0,1.0,1.0,0.005164
13855,US,US,RENTI,TOBAC,184.51,1.0,1.0,1.0,1.0,0.00542
11654,US,US,PAPE4,SUPPO,184.54,1.0,1.0,1.0,1.0,0.005419
693,US,US,AUXIL,PLAST,192.87,1.0,1.0,1.0,1.0,0.005185
790,US,US,BASIC,CHEM1,186.65,1.0,1.0,1.0,1.0,0.005358
11213,US,US,PAPE1,CONST,191.5,1.0,1.0,1.0,1.0,0.005222
13429,US,US,REALE,PAPE1,186.67,1.0,1.0,1.0,1.0,0.005357
2102,US,US,CEREA,CROPS,188.74,1.0,1.0,1.0,1.0,0.005298
13343,US,US,REALE,CATTL,187.83,1.0,1.0,1.0,1.0,0.005324
11462,US,US,PAPE3,POSTT,187.74,1.0,1.0,1.0,1.0,0.005327
15326,US,US,TEXT1,BUSIN,187.5,1.0,1.0,1.0,1.0,0.005333
2685,US,US,COMPU,FOOD4,187.29,1.0,1.0,1.0,1.0,0.005339
13778,US,US,RENTI,KEROS,181.8,1.0,1.0,1.0,1.0,0.005501
2714,US,US,COMPU,MEAT1,196.79,1.0,1.0,1.0,1.0,0.005082
863,US,US,BASIC,NONME,172.37,1.0,1.0,1.0,1.0,0.005801
2704,US,US,COMPU,KEROS,181.65,1.0,1.0,1.0,1.0,0.005505
15603,US,US,TEXT2,SEACO,172.57,1.0,1.0,1.0,1.0,0.005795
664,US,US,AUXIL,MEATP,200.87,1.0,1.0,1.0,1.0,0.004978
667,US,US,AUXIL,MOTO1,172.58,1.0,1.0,1.0,1.0,0.005794
13482,US,US,REALE,WHEAT,173.7,1.0,1.0,1.0,1.0,0.005757
12512,US,US,POSTT,FURNI,173.73,1.0,1.0,1.0,1.0,0.005756
4382,US,US,ELEC3,ALUM1,199.19,1.0,1.0,1.0,1.0,0.00502
12113,US,US,PLAS1,FOOD5,176.06,1.0,1.0,1.0,1.0,0.00568
16740,US,US,WOOD1,HEALT,176.75,1.0,1.0,1.0,1.0,0.005658
782,US,US,BASIC,BITUM,177.45,1.0,1.0,1.0,1.0,0.005635
11071,US,US,OILHA,REALE,178.23,1.0,1.0,1.0,1.0,0.005611
8041,US,US,INTER,LANDT,178.58,1.0,1.0,1.0,1.0,0.0056
12568,US,US,POSTT,PLAS2,178.88,1.0,1.0,1.0,1.0,0.00559
12460,US,US,POSTT,BEVER,178.98,1.0,1.0,1.0,1.0,0.005587
12173,US,US,PLAS1,POSTT,199.05,1.0,1.0,1.0,1.0,0.005024
13877,US,US,RESEA,BIODI,179.13,1.0,1.0,1.0,1.0,0.005583
644,US,US,AUXIL,INERT,197.49,1.0,1.0,1.0,1.0,0.005064
11624,US,US,PAPE4,POSTT,180.73,1.0,1.0,1.0,1.0,0.005533
14543,US,US,SEWAG,AUXIL,197.24,1.0,1.0,1.0,1.0,0.00507
13450,US,US,REALE,RAWMI,180.96,1.0,1.0,1.0,1.0,0.005526
13431,US,US,REALE,PAPE4,324.41,1.0,1.0,1.0,1.0,0.003083
683,US,US,AUXIL,PAPE3,158.54,1.0,1.0,1.0,1.0,0.006308
15244,US,US,SUPPO,NONME,158.35,1.0,1.0,1.0,1.0,0.006315
15370,US,US,TEXT1,HEALT,140.05,1.0,1.0,1.0,1.0,0.00714
668,US,US,AUXIL,MOTOR,140.49,1.0,1.0,1.0,1.0,0.007118
5715,US,US,FINAN,MEDIC,141.22,1.0,1.0,1.0,1.0,0.007081
9540,US,US,MEDIC,RUBBE,141.22,1.0,1.0,1.0,1.0,0.007081
4103,US,US,ELEC1,COMPU,141.49,1.0,1.0,1.0,1.0,0.007068
13647,US,US,RECRE,WOODW,141.81,1.0,1.0,1.0,1.0,0.007052
610,US,US,AUXIL,DISTR,235.01,1.0,1.0,1.0,1.0,0.004255
15598,US,US,TEXT2,RETA1,141.93,1.0,1.0,1.0,1.0,0.007046
13356,US,US,REALE,CROPS,304.18,1.0,1.0,1.0,1.0,0.003288
6469,US,US,FOODW,LANDT,142.21,1.0,1.0,1.0,1.0,0.007032
831,US,US,BASIC,HOTEL,142.61,1.0,1.0,1.0,1.0,0.007012
4415,US,US,ELEC3,FABRI,233.55,1.0,1.0,1.0,1.0,0.004282
9742,US,US,MOTO1,CEMEN,142.77,1.0,1.0,1.0,1.0,0.007004
2253,US,US,CHEM1,NONF1,142.81,1.0,1.0,1.0,1.0,0.007002
7995,US,US,INTER,CONST,143.09,1.0,1.0,1.0,1.0,0.006989
16910,US,US,WOOD2,LANDT,143.2,1.0,1.0,1.0,1.0,0.006983
1716,US,US,BUSIN,ELEC5,144.06,1.0,1.0,1.0,1.0,0.006942
13947,US,US,RESEA,MEAT1,145.1,1.0,1.0,1.0,1.0,0.006892
13620,US,US,RECRE,RUBBE,146.55,1.0,1.0,1.0,1.0,0.006824
11559,US,US,PAPE4,FINAN,146.76,1.0,1.0,1.0,1.0,0.006814
12126,US,US,PLAS1,INLAN,140.4,1.0,1.0,1.0,1.0,0.007123
5331,US,US,ELECT,CRUDE,139.34,1.0,1.0,1.0,1.0,0.007177
4500,US,US,ELEC3,SEACO,229.92,1.0,1.0,1.0,1.0,0.004349
13291,US,US,RAILW,RETA1,139.14,1.0,1.0,1.0,1.0,0.007187
12079,US,US,PLAS1,CHEM1,136.74,1.0,1.0,1.0,1.0,0.007313
13923,US,US,RESEA,FOUND,136.82,1.0,1.0,1.0,1.0,0.007309
4490,US,US,ELEC3,RECRE,240.36,1.0,1.0,1.0,1.0,0.00416
12406,US,US,PLAST,GLASS,136.83,1.0,1.0,1.0,1.0,0.007308
9756,US,US,MOTO1,DAIRY,136.93,1.0,1.0,1.0,1.0,0.007303
6853,US,US,FURNI,TRANS,137.08,1.0,1.0,1.0,1.0,0.007295
634,US,US,AUXIL,FORES,137.43,1.0,1.0,1.0,1.0,0.007276
353,US,US,ALUM1,PREC1,137.54,1.0,1.0,1.0,1.0,0.007271
12515,US,US,POSTT,GLASS,137.66,1.0,1.0,1.0,1.0,0.007264
13396,US,US,REALE,INTER,137.7,1.0,1.0,1.0,1.0,0.007262
12558,US,US,POSTT,PAPE1,137.77,1.0,1.0,1.0,1.0,0.007258
2041,US,US,CERAM,HOTEL,137.84,1.0,1.0,1.0,1.0,0.007255
354,US,US,ALUM1,PRINT,137.92,1.0,1.0,1.0,1.0,0.007251
14692,US,US,SEWAG,TRANS,137.94,1.0,1.0,1.0,1.0,0.00725
4420,US,US,ELEC3,FOOD5,237.89,1.0,1.0,1.0,1.0,0.004204
12365,US,US,PLAS2,SUPPO,138.1,1.0,1.0,1.0,1.0,0.007241
12513,US,US,POSTT,GASDI,138.15,1.0,1.0,1.0,1.0,0.007239
7763,US,US,INERT,SALEM,138.53,1.0,1.0,1.0,1.0,0.007219
13495,US,US,RECRE,BASIC,138.65,1.0,1.0,1.0,1.0,0.007212
1732,US,US,BUSIN,FORES,147.47,1.0,1.0,1.0,1.0,0.006781
5690,US,US,FINAN,GLASS,147.96,1.0,1.0,1.0,1.0,0.006759
675,US,US,AUXIL,NONME,218.67,1.0,1.0,1.0,1.0,0.004573
15262,US,US,SUPPO,PLAST,153.49,1.0,1.0,1.0,1.0,0.006515
12615,US,US,POSTT,WOOD2,81.42,1.0,1.0,1.0,1.0,0.012282
7759,US,US,INERT,RESEA,153.58,1.0,1.0,1.0,1.0,0.006511
15274,US,US,SUPPO,RECRE,153.67,1.0,1.0,1.0,1.0,0.006507
6825,US,US,FURNI,RADIO,153.83,1.0,1.0,1.0,1.0,0.006501
7627,US,US,INERT,93197,153.93,1.0,1.0,1.0,1.0,0.006496
5783,US,US,FINAN,WEARI,154.96,1.0,1.0,1.0,1.0,0.006453
583,US,US,AUXIL,BEVER,223.48,1.0,1.0,1.0,1.0,0.004475
15209,US,US,SUPPO,GLASS,155.36,1.0,1.0,1.0,1.0,0.006437
16872,US,US,WOOD2,EDUCA,156.06,1.0,1.0,1.0,1.0,0.006408
7882,US,US,INSUR,INERT,156.1,1.0,1.0,1.0,1.0,0.006406
11564,US,US,PAPE4,FOOD5,156.18,1.0,1.0,1.0,1.0,0.006403
14333,US,US,SALEM,RETAI,156.61,1.0,1.0,1.0,1.0,0.006385
6431,US,US,FOODW,EDUCA,156.63,1.0,1.0,1.0,1.0,0.006384
1799,US,US,BUSIN,PUBLI,157.06,1.0,1.0,1.0,1.0,0.006367
13593,US,US,RECRE,PAPER,157.55,1.0,1.0,1.0,1.0,0.006347
14674,US,US,SEWAG,RUBBE,157.7,1.0,1.0,1.0,1.0,0.006341
4193,US,US,ELEC1,RESEA,158.27,1.0,1.0,1.0,1.0,0.006318
6791,US,US,FURNI,MEDIC,158.29,1.0,1.0,1.0,1.0,0.006318
7846,US,US,INSUR,CRUDE,218.97,1.0,1.0,1.0,1.0,0.004567
9508,US,US,MEDIC,OFFIC,153.54,1.0,1.0,1.0,1.0,0.006513
9047,US,US,MACHI,FORES,153.14,1.0,1.0,1.0,1.0,0.00653
15154,US,US,SUPPO,BEVER,148.47,1.0,1.0,1.0,1.0,0.006735
7654,US,US,INERT,COMPU,152.42,1.0,1.0,1.0,1.0,0.006561
2651,US,US,COMPU,CHEMI,148.58,1.0,1.0,1.0,1.0,0.00673
4371,US,US,ELEC2,VEGET,148.6,1.0,1.0,1.0,1.0,0.006729
11397,US,US,PAPE3,FINAN,148.8,1.0,1.0,1.0,1.0,0.00672
12957,US,US,PUBLI,CHEM1,148.83,1.0,1.0,1.0,1.0,0.006719
13726,US,US,RENTI,CHEMI,148.99,1.0,1.0,1.0,1.0,0.006712
11312,US,US,PAPE1,RECRE,149.01,1.0,1.0,1.0,1.0,0.006711
6254,US,US,FOOD4,POSTT,149.35,1.0,1.0,1.0,1.0,0.006696
912,US,US,BASIC,SUPPO,150.07,1.0,1.0,1.0,1.0,0.006664
6284,US,US,FOOD4,SUPPO,150.57,1.0,1.0,1.0,1.0,0.006641
13359,US,US,REALE,DIST1,150.6,1.0,1.0,1.0,1.0,0.00664
13961,US,US,RESEA,NONME,150.64,1.0,1.0,1.0,1.0,0.006638
13381,US,US,REALE,FOOD5,150.9,1.0,1.0,1.0,1.0,0.006627
684,US,US,AUXIL,PAPE4,150.95,1.0,1.0,1.0,1.0,0.006625
5966,US,US,FOOD2,REALE,151.03,1.0,1.0,1.0,1.0,0.006621
2276,US,US,CHEM1,PREC1,151.28,1.0,1.0,1.0,1.0,0.00661
732,US,US,AUXIL,VEGE1,151.43,1.0,1.0,1.0,1.0,0.006604
12543,US,US,POSTT,MOTO1,151.6,1.0,1.0,1.0,1.0,0.006596
4494,US,US,ELEC3,RESEA,152.15,1.0,1.0,1.0,1.0,0.006572
671,US,US,AUXIL,NATUR,223.5,1.0,1.0,1.0,1.0,0.004474
6985,US,US,GASDI,SALEM,109.95,1.0,1.0,1.0,1.0,0.009095
4380,US,US,ELEC3,93197,186.85,1.0,1.0,1.0,1.0,0.005352
858,US,US,BASIC,NATU1,89.42,1.0,1.0,1.0,1.0,0.011183
7869,US,US,INSUR,FOOD4,97.86,1.0,1.0,1.0,1.0,0.010219
15495,US,US,TEXT2,CONST,85.76,1.0,1.0,1.0,1.0,0.01166
2264,US,US,CHEM1,PAPE4,85.96,1.0,1.0,1.0,1.0,0.011633
1655,US,US,BRICK,RESEA,97.05,1.0,1.0,1.0,1.0,0.010304
2329,US,US,CHEMI,BIOGA,97.06,1.0,1.0,1.0,1.0,0.010303
12896,US,US,PRINT,TEXTI,97.08,1.0,1.0,1.0,1.0,0.010301
10634,US,US,NONME,MACHI,89.57,1.0,1.0,1.0,1.0,0.011164
15683,US,US,TEXTI,LANDT,89.55,1.0,1.0,1.0,1.0,0.011167
5431,US,US,ELECT,RETA1,97.09,1.0,1.0,1.0,1.0,0.0103
7247,US,US,HEAVY,INLAN,97.19,1.0,1.0,1.0,1.0,0.010289
13775,US,US,RENTI,INTER,97.22,1.0,1.0,1.0,1.0,0.010286
13599,US,US,RECRE,PLAS1,83.61,1.0,1.0,1.0,1.0,0.01196
6166,US,US,FOOD4,COMPU,97.25,1.0,1.0,1.0,1.0,0.010283
9485,US,US,MEDIC,LANDT,83.43,1.0,1.0,1.0,1.0,0.011986
4236,US,US,ELEC2,BIOGA,97.27,1.0,1.0,1.0,1.0,0.010281
12854,US,US,PRINT,PAPE3,97.58,1.0,1.0,1.0,1.0,0.010248
1654,US,US,BRICK,RENTI,89.44,1.0,1.0,1.0,1.0,0.011181
339,US,US,ALUM1,NONF1,97.6,1.0,1.0,1.0,1.0,0.010246
13554,US,US,RECRE,INERT,97.62,1.0,1.0,1.0,1.0,0.010244
1305,US,US,BIOGA,NATU1,86.0,1.0,1.0,1.0,1.0,0.011628
2701,US,US,COMPU,INTER,97.0,1.0,1.0,1.0,1.0,0.010309
14806,US,US,STEAM,REALE,96.96,1.0,1.0,1.0,1.0,0.010314
4233,US,US,ELEC2,BEVER,96.92,1.0,1.0,1.0,1.0,0.010318
899,US,US,BASIC,RETA1,85.65,1.0,1.0,1.0,1.0,0.011675
10457,US,US,NONF1,COPP1,96.26,1.0,1.0,1.0,1.0,0.010389
2526,US,US,COLLE,FOOD5,89.83,1.0,1.0,1.0,1.0,0.011132
7658,US,US,INERT,CRUDE,96.3,1.0,1.0,1.0,1.0,0.010384
2271,US,US,CHEM1,PLAS1,96.4,1.0,1.0,1.0,1.0,0.010373
10967,US,US,OILHA,BUSIN,85.6,1.0,1.0,1.0,1.0,0.011682
6270,US,US,FOOD4,RESEA,96.46,1.0,1.0,1.0,1.0,0.010367
6139,US,US,FOOD4,93197,96.51,1.0,1.0,1.0,1.0,0.010362
197,US,US,AIRTR,INLAN,96.53,1.0,1.0,1.0,1.0,0.010359
10133,US,US,NATU1,DISTR,89.78,1.0,1.0,1.0,1.0,0.011138
1101,US,US,BIODI,RESEA,89.61,1.0,1.0,1.0,1.0,0.011159
955,US,US,BEVER,MEMBE,83.67,1.0,1.0,1.0,1.0,0.011952
802,US,US,BASIC,DIST1,96.7,1.0,1.0,1.0,1.0,0.010341
1846,US,US,CATTL,FISH5,89.77,1.0,1.0,1.0,1.0,0.01114
10108,US,US,NATU1,BIOG1,85.72,1.0,1.0,1.0,1.0,0.011666
14539,US,US,SEWAG,AIRTR,96.74,1.0,1.0,1.0,1.0,0.010337
2629,US,US,COMPU,AIRTR,96.83,1.0,1.0,1.0,1.0,0.010327
7632,US,US,INERT,AUXIL,89.77,1.0,1.0,1.0,1.0,0.01114
15052,US,US,SUGA1,EDUCA,89.63,1.0,1.0,1.0,1.0,0.011157
6752,US,US,FURNI,ELECT,97.71,1.0,1.0,1.0,1.0,0.010234
11984,US,US,PFERT,VEGET,89.4,1.0,1.0,1.0,1.0,0.011186
8313,US,US,LANDT,ALUM1,96.07,1.0,1.0,1.0,1.0,0.010409
14196,US,US,RUBBE,WEARI,98.08,1.0,1.0,1.0,1.0,0.010196
2928,US,US,CONST,RETAI,99.87,1.0,1.0,1.0,1.0,0.010013
2664,US,US,COMPU,DISTR,99.9,1.0,1.0,1.0,1.0,0.01001
10812,US,US,OFFIC,93197,99.92,1.0,1.0,1.0,1.0,0.010008
15531,US,US,TEXT2,HOTEL,100.09,1.0,1.0,1.0,1.0,0.009991
7552,US,US,HYDRO,GASDI,100.12,1.0,1.0,1.0,1.0,0.009988
3686,US,US,DISTR,TEXTI,89.26,1.0,1.0,1.0,1.0,0.011203
9443,US,US,MEDIC,DIST1,100.25,1.0,1.0,1.0,1.0,0.009975
9014,US,US,MACHI,COKIN,100.43,1.0,1.0,1.0,1.0,0.009957
14174,US,US,RUBBE,RETAI,89.2,1.0,1.0,1.0,1.0,0.011211
9083,US,US,MACHI,NATU1,100.74,1.0,1.0,1.0,1.0,0.009927
1836,US,US,BUSIN,WHITE,89.14,1.0,1.0,1.0,1.0,0.011218
8148,US,US,IRONO,CRUDE,100.79,1.0,1.0,1.0,1.0,0.009922
13014,US,US,PUBLI,MEMBE,83.06,1.0,1.0,1.0,1.0,0.012039
12485,US,US,POSTT,DIST1,100.8,1.0,1.0,1.0,1.0,0.009921
14215,US,US,SALEM,BIOGA,100.8,1.0,1.0,1.0,1.0,0.009921
6160,US,US,FOOD4,CHEM1,101.06,1.0,1.0,1.0,1.0,0.009895
2369,US,US,CHEMI,MEAT4,88.95,1.0,1.0,1.0,1.0,0.011242
1344,US,US,BIOGA,SALEM,86.38,1.0,1.0,1.0,1.0,0.011577
13180,US,US,RADIO,MEMBE,101.23,1.0,1.0,1.0,1.0,0.009878
4369,US,US,ELEC2,TRANS,99.75,1.0,1.0,1.0,1.0,0.010025
14664,US,US,SEWAG,RAILW,99.74,1.0,1.0,1.0,1.0,0.010026
14500,US,US,SECO9,CHEM1,99.61,1.0,1.0,1.0,1.0,0.010039
670,US,US,AUXIL,NATU1,86.01,1.0,1.0,1.0,1.0,0.011627
260,US,US,AIRTR,SEWAG,98.1,1.0,1.0,1.0,1.0,0.010194
16577,US,US,WHOLE,FINAN,83.34,1.0,1.0,1.0,1.0,0.011999
10483,US,US,NONF1,MACHI,89.39,1.0,1.0,1.0,1.0,0.011187
688,US,US,AUXIL,PFERT,98.14,1.0,1.0,1.0,1.0,0.01019
4215,US,US,ELEC1,VEGET,98.52,1.0,1.0,1.0,1.0,0.01015
14047,US,US,RUBBE,BIODI,98.77,1.0,1.0,1.0,1.0,0.010125
7272,US,US,HEAVY,NATUR,98.92,1.0,1.0,1.0,1.0,0.010109
5678,US,US,FINAN,FISH5,98.94,1.0,1.0,1.0,1.0,0.010107
8319,US,US,LANDT,BEVER,89.37,1.0,1.0,1.0,1.0,0.011189
8643,US,US,LEATH,RADIO,86.13,1.0,1.0,1.0,1.0,0.01161
15624,US,US,TEXT2,WHOLE,99.24,1.0,1.0,1.0,1.0,0.010077
4209,US,US,ELEC1,TEXTI,99.26,1.0,1.0,1.0,1.0,0.010075
76,US,US,93197,MEMBE,92.23,1.0,1.0,1.0,1.0,0.010842
4122,US,US,ELEC1,FOUND,99.43,1.0,1.0,1.0,1.0,0.010057
7923,US,US,INSUR,PLAS2,89.31,1.0,1.0,1.0,1.0,0.011197
654,US,US,AUXIL,LEATH,89.3,1.0,1.0,1.0,1.0,0.011198
1476,US,US,BITUM,FOOD5,99.59,1.0,1.0,1.0,1.0,0.010041
2994,US,US,COPP1,FURNI,89.27,1.0,1.0,1.0,1.0,0.011202
5724,US,US,FINAN,NONME,96.2,1.0,1.0,1.0,1.0,0.010395
1493,US,US,BITUM,LEAD1,89.84,1.0,1.0,1.0,1.0,0.011131
12523,US,US,POSTT,INTER,101.53,1.0,1.0,1.0,1.0,0.009849
139,US,US,AIRTR,BEVER,90.45,1.0,1.0,1.0,1.0,0.011056
3366,US,US,DAIRY,MEMBE,90.72,1.0,1.0,1.0,1.0,0.011023
12855,US,US,PRINT,PAPE4,92.93,1.0,1.0,1.0,1.0,0.010761
15049,US,US,SUGA1,CHEM1,90.71,1.0,1.0,1.0,1.0,0.011024
7204,US,US,HEAVY,CHEM1,85.04,1.0,1.0,1.0,1.0,0.011759
6719,US,US,FURNI,BIOGA,85.18,1.0,1.0,1.0,1.0,0.01174
11698,US,US,PAPER,COMPU,92.93,1.0,1.0,1.0,1.0,0.010761
13253,US,US,RADIO,WOODW,93.01,1.0,1.0,1.0,1.0,0.010752
8449,US,US,LANDT,SEWAG,93.02,1.0,1.0,1.0,1.0,0.01075
15966,US,US,TRANS,HEALT,90.62,1.0,1.0,1.0,1.0,0.011035
4302,US,US,ELEC2,MEAT4,90.62,1.0,1.0,1.0,1.0,0.011035
9389,US,US,MEATP,PAPER,93.18,1.0,1.0,1.0,1.0,0.010732
12628,US,US,POULT,MEATP,85.0,1.0,1.0,1.0,1.0,0.011765
13824,US,US,RENTI,PREC1,93.65,1.0,1.0,1.0,1.0,0.010678
14206,US,US,SALEM,ALUM1,93.66,1.0,1.0,1.0,1.0,0.010677
10486,US,US,NONF1,MOTO1,93.84,1.0,1.0,1.0,1.0,0.010656
7076,US,US,GLASS,LANDT,90.52,1.0,1.0,1.0,1.0,0.011047
10345,US,US,NATUR,PRINT,93.85,1.0,1.0,1.0,1.0,0.010655
11623,US,US,PAPE4,PLAST,90.47,1.0,1.0,1.0,1.0,0.011053
13038,US,US,PUBLI,PRINT,85.32,1.0,1.0,1.0,1.0,0.011721
5383,US,US,ELECT,MEAT1,92.88,1.0,1.0,1.0,1.0,0.010767
8990,US,US,MACHI,AIRTR,92.78,1.0,1.0,1.0,1.0,0.010778
9097,US,US,MACHI,PAPE4,90.82,1.0,1.0,1.0,1.0,0.011011
12760,US,US,PRINT,BEVER,92.41,1.0,1.0,1.0,1.0,0.010821
1339,US,US,BIOGA,RENTI,85.13,1.0,1.0,1.0,1.0,0.011747
9125,US,US,MACHI,RETAI,85.13,1.0,1.0,1.0,1.0,0.011747
10005,US,US,MOTOR,PRINT,91.84,1.0,1.0,1.0,1.0,0.010889
12049,US,US,PLANT,BUSIN,91.47,1.0,1.0,1.0,1.0,0.010933
2715,US,US,COMPU,MEAT4,92.36,1.0,1.0,1.0,1.0,0.010827
10675,US,US,NONME,RESEA,92.38,1.0,1.0,1.0,1.0,0.010825
12241,US,US,PLAS2,CHEM1,91.38,1.0,1.0,1.0,1.0,0.010943
6699,US,US,FOUND,SUPPO,91.21,1.0,1.0,1.0,1.0,0.010964
1970,US,US,CEMEN,REALE,92.42,1.0,1.0,1.0,1.0,0.01082
13905,US,US,RESEA,ELEC2,91.03,1.0,1.0,1.0,1.0,0.010985
13044,US,US,PUBLI,RECRE,92.51,1.0,1.0,1.0,1.0,0.01081
10427,US,US,NFERT,PLAST,85.07,1.0,1.0,1.0,1.0,0.011755
4315,US,US,ELEC2,NONME,91.2,1.0,1.0,1.0,1.0,0.010965
2350,US,US,CHEMI,FOOD5,92.61,1.0,1.0,1.0,1.0,0.010798
5587,US,US,FABRI,RADIO,92.64,1.0,1.0,1.0,1.0,0.010794
13935,US,US,RESEA,IRONO,91.13,1.0,1.0,1.0,1.0,0.010973
2856,US,US,CONST,FURNI,85.05,1.0,1.0,1.0,1.0,0.011758
12940,US,US,PUBLI,93197,92.71,1.0,1.0,1.0,1.0,0.010786
11235,US,US,PAPE1,FINAN,84.86,1.0,1.0,1.0,1.0,0.011784
15955,US,US,TRANS,ELECT,84.84,1.0,1.0,1.0,1.0,0.011787
13052,US,US,PUBLI,SALEM,96.06,1.0,1.0,1.0,1.0,0.01041
614,US,US,AUXIL,ELEC1,93.9,1.0,1.0,1.0,1.0,0.01065
9532,US,US,MEDIC,REALE,95.11,1.0,1.0,1.0,1.0,0.010514
8474,US,US,LEAD1,BASIC,95.15,1.0,1.0,1.0,1.0,0.01051
11845,US,US,PARAF,ELEC4,95.22,1.0,1.0,1.0,1.0,0.010502
14352,US,US,SALEM,TRANS,83.86,1.0,1.0,1.0,1.0,0.011925
2912,US,US,CONST,POULT,95.24,1.0,1.0,1.0,1.0,0.0105
2263,US,US,CHEM1,PAPE3,90.28,1.0,1.0,1.0,1.0,0.011077
14060,US,US,RUBBE,CHEMI,95.28,1.0,1.0,1.0,1.0,0.010495
2747,US,US,COMPU,PLAST,95.32,1.0,1.0,1.0,1.0,0.010491
5742,US,US,FINAN,PLAST,95.41,1.0,1.0,1.0,1.0,0.010481
7834,US,US,INSUR,CATTL,95.48,1.0,1.0,1.0,1.0,0.010473
9096,US,US,MACHI,PAPE3,95.51,1.0,1.0,1.0,1.0,0.01047
16714,US,US,WOOD1,EDUCA,95.63,1.0,1.0,1.0,1.0,0.010457
15273,US,US,SUPPO,REALE,95.64,1.0,1.0,1.0,1.0,0.010456
16606,US,US,WHOLE,MEAT1,90.24,1.0,1.0,1.0,1.0,0.011082
13164,US,US,RADIO,IRONO,95.73,1.0,1.0,1.0,1.0,0.010446
13509,US,US,RECRE,CHEM1,95.85,1.0,1.0,1.0,1.0,0.010433
9984,US,US,MOTOR,NONME,90.06,1.0,1.0,1.0,1.0,0.011104
16662,US,US,WHOLE,SUGA1,96.04,1.0,1.0,1.0,1.0,0.010412
14549,US,US,SEWAG,BIOGA,85.51,1.0,1.0,1.0,1.0,0.011695
12577,US,US,POSTT,RADIO,95.1,1.0,1.0,1.0,1.0,0.010515
6779,US,US,FURNI,LANDT,85.33,1.0,1.0,1.0,1.0,0.011719
12897,US,US,PRINT,TOBAC,84.0,1.0,1.0,1.0,1.0,0.011905
12412,US,US,PLAST,LEATH,90.35,1.0,1.0,1.0,1.0,0.011068
5603,US,US,FABRI,SEWAG,93.95,1.0,1.0,1.0,1.0,0.010644
6897,US,US,GASDI,ELEC6,84.78,1.0,1.0,1.0,1.0,0.011795
14287,US,US,SALEM,MEAT4,94.11,1.0,1.0,1.0,1.0,0.010626
23,US,US,93197,COMPU,84.71,1.0,1.0,1.0,1.0,0.011805
12289,US,US,PLAS2,INSUR,90.39,1.0,1.0,1.0,1.0,0.011063
894,US,US,BASIC,RECRE,94.13,1.0,1.0,1.0,1.0,0.010624
11240,US,US,PAPE1,FOOD5,90.39,1.0,1.0,1.0,1.0,0.011063
2624,US,US,COLLE,WHOLE,94.16,1.0,1.0,1.0,1.0,0.01062
1283,US,US,BIOGA,INSUR,94.26,1.0,1.0,1.0,1.0,0.010609
9011,US,US,MACHI,CHEMI,95.06,1.0,1.0,1.0,1.0,0.01052
2877,US,US,CONST,MACHI,94.5,1.0,1.0,1.0,1.0,0.010582
9888,US,US,MOTOR,93197,84.36,1.0,1.0,1.0,1.0,0.011854
5471,US,US,FABRI,BIOG1,90.34,1.0,1.0,1.0,1.0,0.011069
12288,US,US,PLAS2,INLAN,94.6,1.0,1.0,1.0,1.0,0.010571
11461,US,US,PAPE3,PLAST,94.68,1.0,1.0,1.0,1.0,0.010562
3799,US,US,EDUCA,POULT,85.33,1.0,1.0,1.0,1.0,0.011719
2302,US,US,CHEM1,SUGA1,94.77,1.0,1.0,1.0,1.0,0.010552
10807,US,US,NUCLE,RUBBE,94.77,1.0,1.0,1.0,1.0,0.010552
14132,US,US,RUBBE,NATU1,101.25,1.0,1.0,1.0,1.0,0.009877
14289,US,US,SALEM,MEATP,99.39,1.0,1.0,1.0,1.0,0.010061
12172,US,US,PLAS1,PLAST,101.62,1.0,1.0,1.0,1.0,0.009841
14570,US,US,SEWAG,DAIRY,104.08,1.0,1.0,1.0,1.0,0.009608
13229,US,US,RADIO,SECO9,88.11,1.0,1.0,1.0,1.0,0.011349
11644,US,US,PAPE4,SALEM,105.58,1.0,1.0,1.0,1.0,0.009471
14299,US,US,SALEM,NONME,105.58,1.0,1.0,1.0,1.0,0.009471
12484,US,US,POSTT,DAIRY,105.59,1.0,1.0,1.0,1.0,0.009471
16558,US,US,WHOLE,BRICK,82.32,1.0,1.0,1.0,1.0,0.012148
10185,US,US,NATU1,NONFE,82.26,1.0,1.0,1.0,1.0,0.012157
3319,US,US,CRUDE,TEXTI,105.65,1.0,1.0,1.0,1.0,0.009465
2951,US,US,CONST,WEARI,82.25,1.0,1.0,1.0,1.0,0.012158
1727,US,US,BUSIN,FOOD2,105.81,1.0,1.0,1.0,1.0,0.009451
6884,US,US,GASDI,CHEM1,86.81,1.0,1.0,1.0,1.0,0.011519
2323,US,US,CHEMI,93197,86.83,1.0,1.0,1.0,1.0,0.011517
10456,US,US,NONF1,CONST,105.82,1.0,1.0,1.0,1.0,0.00945
2742,US,US,COMPU,PFERT,105.87,1.0,1.0,1.0,1.0,0.009446
7746,US,US,INERT,PRINT,106.05,1.0,1.0,1.0,1.0,0.00943
8611,US,US,LEATH,FURNI,106.14,1.0,1.0,1.0,1.0,0.009422
6274,US,US,FOOD4,SALEM,86.83,1.0,1.0,1.0,1.0,0.011517
3722,US,US,EDUCA,CONST,82.23,1.0,1.0,1.0,1.0,0.012161
16963,US,US,WOOD2,RECRE,88.08,1.0,1.0,1.0,1.0,0.011353
12220,US,US,PLAS2,93197,88.05,1.0,1.0,1.0,1.0,0.011357
14919,US,US,STONE,RESEA,105.51,1.0,1.0,1.0,1.0,0.009478
13945,US,US,RESEA,LUBRI,105.43,1.0,1.0,1.0,1.0,0.009485
16561,US,US,WHOLE,CEMEN,105.42,1.0,1.0,1.0,1.0,0.009486
13937,US,US,RESEA,KEROS,82.43,1.0,1.0,1.0,1.0,0.012132
14275,US,US,SALEM,IRONO,104.13,1.0,1.0,1.0,1.0,0.009603
12862,US,US,PRINT,PLAS1,104.15,1.0,1.0,1.0,1.0,0.009602
16329,US,US,WEARI,BUSIN,104.19,1.0,1.0,1.0,1.0,0.009598
14125,US,US,RUBBE,MEATC,104.32,1.0,1.0,1.0,1.0,0.009586
15976,US,US,TRANS,MOTO1,104.55,1.0,1.0,1.0,1.0,0.009565
2421,US,US,CHEMI,TEXTI,82.61,1.0,1.0,1.0,1.0,0.012105
14532,US,US,SECO9,RUBBE,86.74,1.0,1.0,1.0,1.0,0.011529
191,US,US,AIRTR,GLASS,104.63,1.0,1.0,1.0,1.0,0.009557
1411,US,US,BITU1,LIQUE,104.83,1.0,1.0,1.0,1.0,0.009539
560,US,US,ANTHR,RUBBE,105.08,1.0,1.0,1.0,1.0,0.009517
5711,US,US,FINAN,MEAT1,104.89,1.0,1.0,1.0,1.0,0.009534
6919,US,US,GASDI,INLAN,82.36,1.0,1.0,1.0,1.0,0.012142
3548,US,US,DISTR,AIRTR,104.9,1.0,1.0,1.0,1.0,0.009533
575,US,US,AUXIL,AIRTR,104.91,1.0,1.0,1.0,1.0,0.009532
11330,US,US,PAPE1,SUPPO,104.94,1.0,1.0,1.0,1.0,0.009529
8625,US,US,LEATH,MEDIC,88.16,1.0,1.0,1.0,1.0,0.011343
10573,US,US,NONME,ALUM1,104.95,1.0,1.0,1.0,1.0,0.009528
9109,US,US,MACHI,PREC1,105.04,1.0,1.0,1.0,1.0,0.00952
15443,US,US,TEXT1,SEACO,106.2,1.0,1.0,1.0,1.0,0.009416
12503,US,US,POSTT,FISH5,106.33,1.0,1.0,1.0,1.0,0.009405
15270,US,US,SUPPO,RADIO,106.46,1.0,1.0,1.0,1.0,0.009393
2961,US,US,COPP1,BASIC,109.29,1.0,1.0,1.0,1.0,0.00915
8094,US,US,INTER,RECRE,108.78,1.0,1.0,1.0,1.0,0.009193
224,US,US,AIRTR,NONME,108.89,1.0,1.0,1.0,1.0,0.009184
4257,US,US,ELEC2,DAIRY,87.58,1.0,1.0,1.0,1.0,0.011418
274,US,US,AIRTR,WEARI,87.54,1.0,1.0,1.0,1.0,0.011423
682,US,US,AUXIL,PAPE1,86.87,1.0,1.0,1.0,1.0,0.011511
4405,US,US,ELEC3,CONST,262.07,1.0,1.0,1.0,1.0,0.003816
14180,US,US,RUBBE,SEWAG,82.0,1.0,1.0,1.0,1.0,0.012195
636,US,US,AUXIL,FURNI,109.2,1.0,1.0,1.0,1.0,0.009158
10018,US,US,MOTOR,RETA1,87.53,1.0,1.0,1.0,1.0,0.011425
14324,US,US,SALEM,PULP5,108.72,1.0,1.0,1.0,1.0,0.009198
7034,US,US,GLASS,BASIC,86.94,1.0,1.0,1.0,1.0,0.011502
5539,US,US,FABRI,LEATH,87.45,1.0,1.0,1.0,1.0,0.011435
13126,US,US,RADIO,DIST1,86.96,1.0,1.0,1.0,1.0,0.0115
1807,US,US,BUSIN,REFIN,86.99,1.0,1.0,1.0,1.0,0.011496
16751,US,US,WOOD1,LANDT,87.35,1.0,1.0,1.0,1.0,0.011448
3577,US,US,DISTR,CROPS,109.57,1.0,1.0,1.0,1.0,0.009127
4115,US,US,ELEC1,FINAN,109.6,1.0,1.0,1.0,1.0,0.009124
4187,US,US,ELEC1,RAWMI,81.46,1.0,1.0,1.0,1.0,0.012276
12653,US,US,PREC1,ELECT,87.68,1.0,1.0,1.0,1.0,0.011405
2105,US,US,CEREA,EDUCA,82.04,1.0,1.0,1.0,1.0,0.012189
13029,US,US,PUBLI,PAPER,106.59,1.0,1.0,1.0,1.0,0.009382
3168,US,US,CROPS,RECRE,107.17,1.0,1.0,1.0,1.0,0.009331
12270,US,US,PLAS2,FINAN,106.6,1.0,1.0,1.0,1.0,0.009381
648,US,US,AUXIL,IRONO,106.66,1.0,1.0,1.0,1.0,0.009376
9164,US,US,MEAT1,FISH5,106.87,1.0,1.0,1.0,1.0,0.009357
2717,US,US,COMPU,MEATC,106.93,1.0,1.0,1.0,1.0,0.009352
13247,US,US,RADIO,WEARI,106.94,1.0,1.0,1.0,1.0,0.009351
5156,US,US,ELEC8,PAPER,88.0,1.0,1.0,1.0,1.0,0.011364
5674,US,US,FINAN,ELECT,87.71,1.0,1.0,1.0,1.0,0.011401
12351,US,US,PLAS2,RESEA,87.71,1.0,1.0,1.0,1.0,0.011401
381,US,US,ALUM1,WOODW,107.19,1.0,1.0,1.0,1.0,0.009329
3224,US,US,CRUDE,FISH5,108.41,1.0,1.0,1.0,1.0,0.009224
7291,US,US,HEAVY,PLAST,107.24,1.0,1.0,1.0,1.0,0.009325
6208,US,US,FOOD4,INSUR,107.32,1.0,1.0,1.0,1.0,0.009318
13880,US,US,RESEA,BITU1,107.45,1.0,1.0,1.0,1.0,0.009307
5680,US,US,FINAN,FOOD2,107.86,1.0,1.0,1.0,1.0,0.009271
11396,US,US,PAPE3,FABRI,82.15,1.0,1.0,1.0,1.0,0.012173
12668,US,US,PREC1,LIQUI,86.86,1.0,1.0,1.0,1.0,0.011513
14701,US,US,SEWAG,WOODW,108.34,1.0,1.0,1.0,1.0,0.00923
10003,US,US,MOTOR,POULT,108.4,1.0,1.0,1.0,1.0,0.009225
13298,US,US,RAILW,SUPPO,88.19,1.0,1.0,1.0,1.0,0.011339
12979,US,US,PUBLI,FABRI,92.36,1.0,1.0,1.0,1.0,0.010827
9004,US,US,MACHI,BRICK,104.02,1.0,1.0,1.0,1.0,0.009614
15438,US,US,TEXT1,RETA1,88.87,1.0,1.0,1.0,1.0,0.011252
12247,US,US,PLAS2,COMPU,83.04,1.0,1.0,1.0,1.0,0.012042
5311,US,US,ELECT,BIOGA,86.65,1.0,1.0,1.0,1.0,0.011541
12107,US,US,PLAS1,FABRI,88.66,1.0,1.0,1.0,1.0,0.011279
9726,US,US,MOTO1,ALUM1,102.52,1.0,1.0,1.0,1.0,0.009754
8458,US,US,LANDT,TEXTI,103.82,1.0,1.0,1.0,1.0,0.009632
916,US,US,BASIC,TOBAC,88.21,1.0,1.0,1.0,1.0,0.011337
8658,US,US,LEATH,WEARI,103.48,1.0,1.0,1.0,1.0,0.009664
4196,US,US,ELEC1,RUBBE,88.46,1.0,1.0,1.0,1.0,0.011305
12524,US,US,POSTT,IRONO,102.1,1.0,1.0,1.0,1.0,0.009794
8998,US,US,MACHI,BIODI,88.82,1.0,1.0,1.0,1.0,0.011259
3673,US,US,DISTR,RUBBE,101.93,1.0,1.0,1.0,1.0,0.009811
12176,US,US,PLAS1,PRINT,88.77,1.0,1.0,1.0,1.0,0.011265
6982,US,US,GASDI,RETA1,86.65,1.0,1.0,1.0,1.0,0.011541
10008,US,US,MOTOR,PULP5,103.68,1.0,1.0,1.0,1.0,0.009645
403,US,US,ALUMI,GLASS,86.41,1.0,1.0,1.0,1.0,0.011573
11300,US,US,PAPE1,POSTT,103.55,1.0,1.0,1.0,1.0,0.009657
7676,US,US,INERT,FABRI,103.62,1.0,1.0,1.0,1.0,0.009651
9104,US,US,MACHI,PLAS1,101.95,1.0,1.0,1.0,1.0,0.009809
12916,US,US,PROCE,DAIRY,83.04,1.0,1.0,1.0,1.0,0.012042
5117,US,US,ELEC8,HOTEL,102.83,1.0,1.0,1.0,1.0,0.009725
637,US,US,AUXIL,GASDI,102.8,1.0,1.0,1.0,1.0,0.009728
1770,US,US,BUSIN,NFERT,103.04,1.0,1.0,1.0,1.0,0.009705
1264,US,US,BIOGA,FINAN,101.89,1.0,1.0,1.0,1.0,0.009815
5210,US,US,ELEC9,ANIMA,86.49,1.0,1.0,1.0,1.0,0.011562
6207,US,US,FOOD4,INLAN,101.7,1.0,1.0,1.0,1.0,0.009833
11972,US,US,PFERT,RUBBE,101.82,1.0,1.0,1.0,1.0,0.009821
9028,US,US,MACHI,ELEC1,104.02,1.0,1.0,1.0,1.0,0.009614
5511,US,US,FABRI,FINAN,103.95,1.0,1.0,1.0,1.0,0.00962
12874,US,US,PRINT,REALE,101.88,1.0,1.0,1.0,1.0,0.009815
6522,US,US,FOODW,RECRE,86.69,1.0,1.0,1.0,1.0,0.011535
663,US,US,AUXIL,MEATC,88.94,1.0,1.0,1.0,1.0,0.011244
3033,US,US,COPP1,RADIO,88.71,1.0,1.0,1.0,1.0,0.011273
11986,US,US,PFERT,WHEAT,103.05,1.0,1.0,1.0,1.0,0.009704
97,US,US,93197,PRINT,103.95,1.0,1.0,1.0,1.0,0.00962
134,US,US,AIRTR,ALUM1,102.98,1.0,1.0,1.0,1.0,0.009711
9575,US,US,MEMBE,BIODI,0.21,0.0,0.0,0.0,0.0,0.0
6283,US,US,FOOD4,SUGAR,0.22,0.0,0.0,0.0,0.0,0.0
15291,US,US,SUPPO,SUGAR,0.2,0.0,0.0,0.0,0.0,0.0
2390,US,US,CHEMI,PAPE4,0.22,0.0,0.0,0.0,0.0,0.0
12328,US,US,PLAS2,PETRO,0.21,0.0,0.0,0.0,0.0,0.0
12557,US,US,POSTT,PADDY,0.22,0.0,0.0,0.0,0.0,0.0
14789,US,US,STEAM,PAPE4,0.21,0.0,0.0,0.0,0.0,0.0
5029,US,US,ELEC7,PREC1,0.21,0.0,0.0,0.0,0.0,0.0
5440,US,US,ELECT,STONE,0.2,0.0,0.0,0.0,0.0,0.0
9036,US,US,MACHI,ELEC9,0.2,0.0,0.0,0.0,0.0,0.0
2382,US,US,CHEMI,NONSP,0.22,0.0,0.0,0.0,0.0,0.0
1639,US,US,BRICK,PAPE4,0.21,0.0,0.0,0.0,0.0,0.0
16128,US,US,VEGET,LIQUI,0.21,0.0,0.0,0.0,0.0,0.0
11557,US,US,PAPE4,ETHAN,0.2,0.0,0.0,0.0,0.0,0.0
3163,US,US,CROPS,PRINT,0.21,0.0,0.0,0.0,0.0,0.0
11050,US,US,OILHA,PAPE3,0.2,0.0,0.0,0.0,0.0,0.0
1947,US,US,CEMEN,NONF1,0.22,0.0,0.0,0.0,0.0,0.0
10407,US,US,NFERT,FURNI,0.22,0.0,0.0,0.0,0.0,0.0
7510,US,US,HYDRO,AVIAT,0.21,0.0,0.0,0.0,0.0,0.0
3006,US,US,COPP1,LIQUE,0.2,0.0,0.0,0.0,0.0,0.0
10152,US,US,NATU1,FORES,0.22,0.0,0.0,0.0,0.0,0.0
9433,US,US,MEDIC,COKE1,0.21,0.0,0.0,0.0,0.0,0.0
2086,US,US,CERAM,TRANS,0.22,0.0,0.0,0.0,0.0,0.0
7504,US,US,HOTEL,WOOLS,0.2,0.0,0.0,0.0,0.0,0.0
13643,US,US,RECRE,WHITE,0.2,0.0,0.0,0.0,0.0,0.0
10776,US,US,NONSP,STEAM,0.21,0.0,0.0,0.0,0.0,0.0
14617,US,US,SEWAG,LIGNI,0.2,0.0,0.0,0.0,0.0,0.0
8168,US,US,IRONO,LIQUI,0.22,0.0,0.0,0.0,0.0,0.0
12475,US,US,POSTT,COKE1,0.21,0.0,0.0,0.0,0.0,0.0
3887,US,US,ELE11,INLAN,0.21,0.0,0.0,0.0,0.0,0.0
6073,US,US,FOOD3,LIQUI,0.21,0.0,0.0,0.0,0.0,0.0
16236,US,US,WASTE,HEAVY,0.22,0.0,0.0,0.0,0.0,0.0
8287,US,US,KEROS,LUBRI,0.21,0.0,0.0,0.0,0.0,0.0
15854,US,US,TRAN1,OILHA,0.2,0.0,0.0,0.0,0.0,0.0
13267,US,US,RAILW,FURNI,0.21,0.0,0.0,0.0,0.0,0.0
10242,US,US,NATUR,BITUM,0.21,0.0,0.0,0.0,0.0,0.0
16287,US,US,WASTE,PRIVA,0.2,0.0,0.0,0.0,0.0,0.0
15426,US,US,TEXT1,PROCE,0.21,0.0,0.0,0.0,0.0,0.0
6085,US,US,FOOD3,NAPHT,0.2,0.0,0.0,0.0,0.0,0.0
6587,US,US,FORES,HEAVY,0.21,0.0,0.0,0.0,0.0,0.0
16199,US,US,WASTE,COKEO,0.29,0.0,0.0,0.0,0.0,0.0
10340,US,US,NATUR,PLAS2,0.2,0.0,0.0,0.0,0.0,0.0
6748,US,US,FURNI,ELEC4,0.2,0.0,0.0,0.0,0.0,0.0
11395,US,US,PAPE3,ETHAN,0.21,0.0,0.0,0.0,0.0,0.0
6267,US,US,FOOD4,REFI1,0.2,0.0,0.0,0.0,0.0,0.0
12709,US,US,PRECI,ALUMI,0.2,0.0,0.0,0.0,0.0,0.0
8814,US,US,LIQUI,PULP5,0.22,0.0,0.0,0.0,0.0,0.0
13113,US,US,RADIO,CEREA,0.2,0.0,0.0,0.0,0.0,0.0
5126,US,US,ELEC8,LEAD1,0.2,0.0,0.0,0.0,0.0,0.0
14815,US,US,STEAM,SANDC,0.2,0.0,0.0,0.0,0.0,0.0
11422,US,US,PAPE3,LEAD1,0.22,0.0,0.0,0.0,0.0,0.0
12735,US,US,PRECI,NONME,0.21,0.0,0.0,0.0,0.0,0.0
849,US,US,BASIC,MEAT1,0.22,0.0,0.0,0.0,0.0,0.0
533,US,US,ANTHR,MOTOR,0.2,0.0,0.0,0.0,0.0,0.0
4384,US,US,ELEC3,ANTHR,0.2,0.0,0.0,0.0,0.0,0.0
9315,US,US,MEATC,MOTOR,0.2,0.0,0.0,0.0,0.0,0.0
9974,US,US,MOTOR,MEATP,0.2,0.0,0.0,0.0,0.0,0.0
12160,US,US,PLAS1,PADDY,0.21,0.0,0.0,0.0,0.0,0.0
5952,US,US,FOOD2,PLAS1,0.21,0.0,0.0,0.0,0.0,0.0
4083,US,US,ELEC1,ANTHR,0.21,0.0,0.0,0.0,0.0,0.0
2108,US,US,CEREA,FABRI,0.21,0.0,0.0,0.0,0.0,0.0
1313,US,US,BIOGA,OILSE,0.22,0.0,0.0,0.0,0.0,0.0
16134,US,US,VEGET,MEDIC,0.22,0.0,0.0,0.0,0.0,0.0
7241,US,US,HEAVY,GASWO,0.22,0.0,0.0,0.0,0.0,0.0
8019,US,US,INTER,FISHF,0.21,0.0,0.0,0.0,0.0,0.0
3703,US,US,EDUCA,ALUM1,0.21,0.0,0.0,0.0,0.0,0.0
8165,US,US,IRONO,LEADZ,0.22,0.0,0.0,0.0,0.0,0.0
16449,US,US,WHITE,BIOG1,0.21,0.0,0.0,0.0,0.0,0.0
7728,US,US,INERT,OILHA,0.2,0.0,0.0,0.0,0.0,0.0
16257,US,US,WASTE,MEDIC,0.21,0.0,0.0,0.0,0.0,0.0
5978,US,US,FOOD2,SECO9,0.21,0.0,0.0,0.0,0.0,0.0
15349,US,US,TEXT1,ELEC4,0.21,0.0,0.0,0.0,0.0,0.0
11983,US,US,PFERT,VEGE1,0.22,0.0,0.0,0.0,0.0,0.0
3921,US,US,ELE11,PLANT,0.21,0.0,0.0,0.0,0.0,0.0
10973,US,US,OILHA,CHEMI,0.22,0.0,0.0,0.0,0.0,0.0
3028,US,US,COPP1,PLAST,0.21,0.0,0.0,0.0,0.0,0.0
9641,US,US,MEMBE,LIGNI,0.21,0.0,0.0,0.0,0.0,0.0
15685,US,US,TEXTI,LIGNI,0.21,0.0,0.0,0.0,0.0,0.0
7353,US,US,HOTEL,BLAST,0.21,0.0,0.0,0.0,0.0,0.0
5485,US,US,FABRI,COKEO,0.21,0.0,0.0,0.0,0.0,0.0
14749,US,US,STEAM,FORES,0.22,0.0,0.0,0.0,0.0,0.0
8153,US,US,IRONO,FOOD4,0.22,0.0,0.0,0.0,0.0,0.0
15754,US,US,TEXTI,WOOD1,0.22,0.0,0.0,0.0,0.0,0.0
7265,US,US,HEAVY,MEATP,0.21,0.0,0.0,0.0,0.0,0.0
9805,US,US,MOTO1,LIQUI,0.21,0.0,0.0,0.0,0.0,0.0
1468,US,US,BITUM,EDUCA,0.22,0.0,0.0,0.0,0.0,0.0
9192,US,US,MEAT4,ALUM1,0.22,0.0,0.0,0.0,0.0,0.0
3043,US,US,COPP1,SEACO,0.21,0.0,0.0,0.0,0.0,0.0
11991,US,US,PFERT,WOODW,0.21,0.0,0.0,0.0,0.0,0.0
5934,US,US,FOOD2,NATU1,0.22,0.0,0.0,0.0,0.0,0.0
10745,US,US,NONSP,LUBRI,0.22,0.0,0.0,0.0,0.0,0.0
11057,US,US,OILHA,PLAS1,0.22,0.0,0.0,0.0,0.0,0.0
4854,US,US,ELEC6,GASDI,0.21,0.0,0.0,0.0,0.0,0.0
4714,US,US,ELEC5,HEAVY,0.21,0.0,0.0,0.0,0.0,0.0
1174,US,US,BIOG1,MEDIC,0.22,0.0,0.0,0.0,0.0,0.0
10161,US,US,NATU1,IRONO,0.22,0.0,0.0,0.0,0.0,0.0
17033,US,US,WOODW,FOOD2,0.21,0.0,0.0,0.0,0.0,0.0
4876,US,US,ELEC6,MEATC,0.21,0.0,0.0,0.0,0.0,0.0
3617,US,US,DISTR,LEATH,0.22,0.0,0.0,0.0,0.0,0.0
11714,US,US,PAPER,ELEC6,0.2,0.0,0.0,0.0,0.0,0.0
4881,US,US,ELEC6,MOTOR,0.2,0.0,0.0,0.0,0.0,0.0
407,US,US,ALUMI,LIQUE,0.29,0.0,0.0,0.0,0.0,0.0
7385,US,US,HOTEL,ELEC9,0.22,0.0,0.0,0.0,0.0,0.0
8954,US,US,LUBRI,PROCE,0.22,0.0,0.0,0.0,0.0,0.0
5022,US,US,ELEC7,PIGS9,0.21,0.0,0.0,0.0,0.0,0.0
6475,US,US,FOODW,LUBRI,0.22,0.0,0.0,0.0,0.0,0.0
1307,US,US,BIOGA,NFERT,0.22,0.0,0.0,0.0,0.0,0.0
9706,US,US,MEMBE,SUGAR,0.21,0.0,0.0,0.0,0.0,0.0
12061,US,US,PLAS1,ANIMA,0.21,0.0,0.0,0.0,0.0,0.0
11331,US,US,PAPE1,TEXT1,0.21,0.0,0.0,0.0,0.0,0.0
16137,US,US,VEGET,MOTOR,0.21,0.0,0.0,0.0,0.0,0.0
2548,US,US,COLLE,LIQUI,0.2,0.0,0.0,0.0,0.0,0.0
8325,US,US,LANDT,BLAST,0.21,0.0,0.0,0.0,0.0,0.0
1089,US,US,BIODI,PREC1,0.2,0.0,0.0,0.0,0.0,0.0
4821,US,US,ELEC6,BITUM,0.22,0.0,0.0,0.0,0.0,0.0
12741,US,US,PRECI,PRECI,0.2,0.0,0.0,0.0,0.0,0.0
15410,US,US,TEXT1,PAPE1,0.21,0.0,0.0,0.0,0.0,0.0
3757,US,US,EDUCA,GLASS,0.2,0.0,0.0,0.0,0.0,0.0
12791,US,US,PRINT,ELEC4,0.21,0.0,0.0,0.0,0.0,0.0
7078,US,US,GLASS,LEATH,0.21,0.0,0.0,0.0,0.0,0.0
9919,US,US,MOTOR,DAIRY,0.21,0.0,0.0,0.0,0.0,0.0
7791,US,US,INLAN,AUXIL,0.21,0.0,0.0,0.0,0.0,0.0
2549,US,US,COLLE,LUBRI,0.22,0.0,0.0,0.0,0.0,0.0
11584,US,US,PAPE4,LEAD1,0.22,0.0,0.0,0.0,0.0,0.0
10445,US,US,NONF1,BIODI,0.29,0.0,0.0,0.0,0.0,0.0
10813,US,US,OFFIC,AIRTR,0.21,0.0,0.0,0.0,0.0,0.0
14911,US,US,STONE,PROCE,0.21,0.0,0.0,0.0,0.0,0.0
15970,US,US,TRANS,INTER,0.22,0.0,0.0,0.0,0.0,0.0
13423,US,US,REALE,NONSP,0.21,0.0,0.0,0.0,0.0,0.0
17056,US,US,WOODW,LIQUE,0.21,0.0,0.0,0.0,0.0,0.0
16025,US,US,VEGE1,CEMEN,0.22,0.0,0.0,0.0,0.0,0.0
4117,US,US,ELEC1,FOOD2,0.21,0.0,0.0,0.0,0.0,0.0
8822,US,US,LIQUI,RETA1,0.2,0.0,0.0,0.0,0.0,0.0
16916,US,US,WOOD2,LUBRI,0.22,0.0,0.0,0.0,0.0,0.0
12495,US,US,POSTT,ELEC6,0.19,0.0,0.0,0.0,0.0,0.0
5647,US,US,FINAN,CEREA,0.2,0.0,0.0,0.0,0.0,0.0
5121,US,US,ELEC8,INTER,0.18,0.0,0.0,0.0,0.0,0.0
6838,US,US,FURNI,SANDC,0.18,0.0,0.0,0.0,0.0,0.0
8886,US,US,LUBRI,ELEC8,0.18,0.0,0.0,0.0,0.0,0.0
14475,US,US,SEACO,LEATH,0.18,0.0,0.0,0.0,0.0,0.0
9305,US,US,MEATC,LUBRI,0.18,0.0,0.0,0.0,0.0,0.0
8751,US,US,LIQUI,CHEMI,0.18,0.0,0.0,0.0,0.0,0.0
8238,US,US,KERO1,MOTOR,0.18,0.0,0.0,0.0,0.0,0.0
13319,US,US,RAWMI,PUBLI,0.18,0.0,0.0,0.0,0.0,0.0
3761,US,US,EDUCA,INLAN,0.18,0.0,0.0,0.0,0.0,0.0
16581,US,US,WHOLE,FOOD4,0.18,0.0,0.0,0.0,0.0,0.0
7979,US,US,INTER,BITU1,0.18,0.0,0.0,0.0,0.0,0.0
3032,US,US,COPP1,PUBLI,0.18,0.0,0.0,0.0,0.0,0.0
877,US,US,BASIC,PIGS9,0.29,0.0,0.0,0.0,0.0,0.0
4461,US,US,ELEC3,NONSP,0.18,0.0,0.0,0.0,0.0,0.0
10416,US,US,NFERT,MEDIC,0.18,0.0,0.0,0.0,0.0,0.0
4008,US,US,ELE12,INSUR,0.18,0.0,0.0,0.0,0.0,0.0
14953,US,US,SUBBI,COKE1,0.18,0.0,0.0,0.0,0.0,0.0
11251,US,US,PAPE1,HYDRO,0.18,0.0,0.0,0.0,0.0,0.0
6355,US,US,FOOD5,OFFIC,0.18,0.0,0.0,0.0,0.0,0.0
5937,US,US,FOOD2,NONF1,0.18,0.0,0.0,0.0,0.0,0.0
3400,US,US,DIST1,BIOG1,0.18,0.0,0.0,0.0,0.0,0.0
5000,US,US,ELEC7,MEAT1,0.29,0.0,0.0,0.0,0.0,0.0
12718,US,US,PRECI,COPPE,0.18,0.0,0.0,0.0,0.0,0.0
3027,US,US,COPP1,PLAS2,0.18,0.0,0.0,0.0,0.0,0.0
15462,US,US,TEXT1,WHEAT,0.18,0.0,0.0,0.0,0.0,0.0
164,US,US,AIRTR,ELE11,0.18,0.0,0.0,0.0,0.0,0.0
14446,US,US,SANDC,REFIN,0.18,0.0,0.0,0.0,0.0,0.0
3857,US,US,ELE11,CERAM,0.18,0.0,0.0,0.0,0.0,0.0
15371,US,US,TEXT1,HEAVY,0.2,0.0,0.0,0.0,0.0,0.0
2033,US,US,CERAM,FOOD4,0.18,0.0,0.0,0.0,0.0,0.0
6407,US,US,FOODW,BIOG1,0.19,0.0,0.0,0.0,0.0,0.0
387,US,US,ALUMI,BIODI,0.19,0.0,0.0,0.0,0.0,0.0
14428,US,US,SANDC,PAPE1,0.19,0.0,0.0,0.0,0.0,0.0
3557,US,US,DISTR,BIOG1,0.19,0.0,0.0,0.0,0.0,0.0
5946,US,US,FOOD2,PAPE4,0.19,0.0,0.0,0.0,0.0,0.0
5279,US,US,ELEC9,RESEA,0.19,0.0,0.0,0.0,0.0,0.0
1551,US,US,BITUM,SUPPO,0.19,0.0,0.0,0.0,0.0,0.0
11799,US,US,PAPER,REFI1,0.19,0.0,0.0,0.0,0.0,0.0
5899,US,US,FOOD2,FORES,0.19,0.0,0.0,0.0,0.0,0.0
12931,US,US,PROCE,REALE,0.19,0.0,0.0,0.0,0.0,0.0
5657,US,US,FINAN,CROPS,0.19,0.0,0.0,0.0,0.0,0.0
6037,US,US,FOOD3,ELE11,0.19,0.0,0.0,0.0,0.0,0.0
4139,US,US,ELEC1,LEATH,0.19,0.0,0.0,0.0,0.0,0.0
13116,US,US,RADIO,COKE1,0.19,0.0,0.0,0.0,0.0,0.0
16273,US,US,WASTE,PAPE1,0.19,0.0,0.0,0.0,0.0,0.0
12348,US,US,PLAS2,REFI1,0.19,0.0,0.0,0.0,0.0,0.0
16795,US,US,WOOD1,PRIVA,0.19,0.0,0.0,0.0,0.0,0.0
12364,US,US,PLAS2,SUGAR,0.19,0.0,0.0,0.0,0.0,0.0
3688,US,US,DISTR,TRAN1,0.19,0.0,0.0,0.0,0.0,0.0
371,US,US,ALUM1,TEXT1,0.18,0.0,0.0,0.0,0.0,0.0
1256,US,US,BIOGA,ELEC3,0.18,0.0,0.0,0.0,0.0,0.0
4650,US,US,ELEC4,TEXT1,0.18,0.0,0.0,0.0,0.0,0.0
2149,US,US,CEREA,TEXTI,0.18,0.0,0.0,0.0,0.0,0.0
7042,US,US,GLASS,CERAM,0.18,0.0,0.0,0.0,0.0,0.0
6214,US,US,FOOD4,LEAD1,0.18,0.0,0.0,0.0,0.0,0.0
7112,US,US,GLASS,PUBLI,0.18,0.0,0.0,0.0,0.0,0.0
15136,US,US,SUGAR,RUBBE,0.18,0.0,0.0,0.0,0.0,0.0
2349,US,US,CHEMI,FOOD4,0.18,0.0,0.0,0.0,0.0,0.0
4566,US,US,ELEC4,FORES,0.18,0.0,0.0,0.0,0.0,0.0
14746,US,US,STEAM,FOOD4,0.18,0.0,0.0,0.0,0.0,0.0
8254,US,US,KERO1,SUPPO,0.18,0.0,0.0,0.0,0.0,0.0
8175,US,US,IRONO,NAPHT,0.18,0.0,0.0,0.0,0.0,0.0
6351,US,US,FOOD5,MOTOR,0.18,0.0,0.0,0.0,0.0,0.0
6051,US,US,FOOD3,FINAN,0.17,0.0,0.0,0.0,0.0,0.0
4912,US,US,ELEC6,RAILW,0.17,0.0,0.0,0.0,0.0,0.0
1972,US,US,CEMEN,REFIN,0.17,0.0,0.0,0.0,0.0,0.0
1533,US,US,BITUM,RADIO,0.17,0.0,0.0,0.0,0.0,0.0
13512,US,US,RECRE,COKIN,0.17,0.0,0.0,0.0,0.0,0.0
7680,US,US,INERT,FOOD2,0.17,0.0,0.0,0.0,0.0,0.0
15668,US,US,TEXTI,FOUND,0.17,0.0,0.0,0.0,0.0,0.0
5885,US,US,FOOD2,ELEC5,0.17,0.0,0.0,0.0,0.0,0.0
10666,US,US,NONME,PUBLI,0.17,0.0,0.0,0.0,0.0,0.0
10630,US,US,NONME,LIGNI,0.17,0.0,0.0,0.0,0.0,0.0
9385,US,US,MEATP,MOTOR,0.17,0.0,0.0,0.0,0.0,0.0
7521,US,US,HYDRO,CEMEN,0.17,0.0,0.0,0.0,0.0,0.0
8648,US,US,LEATH,RETAI,0.17,0.0,0.0,0.0,0.0,0.0
9295,US,US,MEATC,GASDI,0.17,0.0,0.0,0.0,0.0,0.0
13483,US,US,REALE,WHITE,0.17,0.0,0.0,0.0,0.0,0.0
11005,US,US,OILHA,FORES,0.17,0.0,0.0,0.0,0.0,0.0
15743,US,US,TEXTI,TEXT1,0.17,0.0,0.0,0.0,0.0,0.0
16014,US,US,TRANS,WOOD2,0.17,0.0,0.0,0.0,0.0,0.0
16521,US,US,WHITE,REFI1,0.29,0.0,0.0,0.0,0.0,0.0
15807,US,US,TRAN1,FOOD2,0.17,0.0,0.0,0.0,0.0,0.0
2820,US,US,CONST,COKEO,0.29,0.0,0.0,0.0,0.0,0.0
14744,US,US,STEAM,FISH5,0.18,0.0,0.0,0.0,0.0,0.0
13351,US,US,REALE,COKIN,0.18,0.0,0.0,0.0,0.0,0.0
15427,US,US,TEXT1,PUBLI,0.18,0.0,0.0,0.0,0.0,0.0
1427,US,US,BITU1,PLAST,0.18,0.0,0.0,0.0,0.0,0.0
8012,US,US,INTER,ELEC8,0.18,0.0,0.0,0.0,0.0,0.0
9973,US,US,MOTOR,MEATC,0.18,0.0,0.0,0.0,0.0,0.0
2233,US,US,CHEM1,LEADZ,0.18,0.0,0.0,0.0,0.0,0.0
5004,US,US,ELEC7,MEATP,0.18,0.0,0.0,0.0,0.0,0.0
7321,US,US,HEAVY,SUGAR,0.18,0.0,0.0,0.0,0.0,0.0
13017,US,US,PUBLI,NAPHT,0.18,0.0,0.0,0.0,0.0,0.0
2809,US,US,CONST,BITUM,0.18,0.0,0.0,0.0,0.0,0.0
16848,US,US,WOOD2,BIOG1,0.18,0.0,0.0,0.0,0.0,0.0
10790,US,US,NUCLE,FURNI,0.18,0.0,0.0,0.0,0.0,0.0
16429,US,US,WHEAT,PFERT,0.18,0.0,0.0,0.0,0.0,0.0
5729,US,US,FINAN,OILSE,0.18,0.0,0.0,0.0,0.0,0.0
12744,US,US,PRECI,RESEA,0.18,0.0,0.0,0.0,0.0,0.0
1401,US,US,BITU1,FURNI,0.18,0.0,0.0,0.0,0.0,0.0
14105,US,US,RUBBE,HYDRO,0.18,0.0,0.0,0.0,0.0,0.0
7863,US,US,INSUR,ETHAN,0.18,0.0,0.0,0.0,0.0,0.0
10792,US,US,NUCLE,GLASS,0.18,0.0,0.0,0.0,0.0,0.0
3846,US,US,ELE11,AUXIL,0.18,0.0,0.0,0.0,0.0,0.0
17078,US,US,WOODW,OILSE,0.18,0.0,0.0,0.0,0.0,0.0
10564,US,US,NONFE,SANDC,0.18,0.0,0.0,0.0,0.0,0.0
9806,US,US,MOTO1,LUBRI,0.18,0.0,0.0,0.0,0.0,0.0
10430,US,US,NFERT,RADIO,0.18,0.0,0.0,0.0,0.0,0.0
16947,US,US,WOOD2,PLANT,0.18,0.0,0.0,0.0,0.0,0.0
4670,US,US,ELEC5,ANIMA,0.18,0.0,0.0,0.0,0.0,0.0
8515,US,US,LEAD1,TRANS,0.18,0.0,0.0,0.0,0.0,0.0
3849,US,US,ELE11,BIODI,0.19,0.0,0.0,0.0,0.0,0.0
6936,US,US,GASDI,MEATC,0.19,0.0,0.0,0.0,0.0,0.0
12762,US,US,PRINT,BIOG1,0.19,0.0,0.0,0.0,0.0,0.0
11327,US,US,PAPE1,SUBBI,0.22,0.0,0.0,0.0,0.0,0.0
5945,US,US,FOOD2,PAPE3,0.2,0.0,0.0,0.0,0.0,0.0
13208,US,US,RADIO,POULT,0.2,0.0,0.0,0.0,0.0,0.0
16162,US,US,VEGET,SECO9,0.2,0.0,0.0,0.0,0.0,0.0
12738,US,US,PRECI,PAPER,0.2,0.0,0.0,0.0,0.0,0.0
11350,US,US,PAPE3,ANIMA,0.2,0.0,0.0,0.0,0.0,0.0
14535,US,US,SECO9,TRANS,0.2,0.0,0.0,0.0,0.0,0.0
1413,US,US,BITU1,MACHI,0.2,0.0,0.0,0.0,0.0,0.0
14461,US,US,SANDC,WHITE,0.2,0.0,0.0,0.0,0.0,0.0
14270,US,US,SALEM,HYDRO,0.2,0.0,0.0,0.0,0.0,0.0
14819,US,US,STEAM,STONE,0.2,0.0,0.0,0.0,0.0,0.0
5124,US,US,ELEC8,KEROS,0.2,0.0,0.0,0.0,0.0,0.0
792,US,US,BASIC,COKE1,0.2,0.0,0.0,0.0,0.0,0.0
5271,US,US,ELEC9,PRINT,0.2,0.0,0.0,0.0,0.0,0.0
10208,US,US,NATU1,REFIN,0.2,0.0,0.0,0.0,0.0,0.0
9760,US,US,MOTO1,ELE11,0.2,0.0,0.0,0.0,0.0,0.0
16983,US,US,WOOD2,TEXT2,0.2,0.0,0.0,0.0,0.0,0.0
8126,US,US,INTER,WOOD1,0.2,0.0,0.0,0.0,0.0,0.0
4022,US,US,ELE12,MOTO1,0.2,0.0,0.0,0.0,0.0,0.0
573,US,US,ANTHR,WOODW,0.2,0.0,0.0,0.0,0.0,0.0
10467,US,US,NONF1,ELEC5,0.19,0.0,0.0,0.0,0.0,0.0
6842,US,US,FURNI,STONE,0.19,0.0,0.0,0.0,0.0,0.0
11611,US,US,PAPE4,PADDY,0.19,0.0,0.0,0.0,0.0,0.0
3151,US,US,CROPS,OILHA,0.19,0.0,0.0,0.0,0.0,0.0
3604,US,US,DISTR,HEALT,0.19,0.0,0.0,0.0,0.0,0.0
9260,US,US,MEAT4,SECO9,0.19,0.0,0.0,0.0,0.0,0.0
9743,US,US,MOTO1,CERAM,0.2,0.0,0.0,0.0,0.0,0.0
11888,US,US,PFERT,COKEO,0.2,0.0,0.0,0.0,0.0,0.0
8193,US,US,IRONO,PLAS2,0.2,0.0,0.0,0.0,0.0,0.0
4047,US,US,ELE12,PULP5,0.2,0.0,0.0,0.0,0.0,0.0
16064,US,US,VEGE1,OFFIC,0.2,0.0,0.0,0.0,0.0,0.0
7725,US,US,INERT,NONSP,0.2,0.0,0.0,0.0,0.0,0.0
2358,US,US,CHEMI,HEAVY,0.2,0.0,0.0,0.0,0.0,0.0
10778,US,US,NONSP,SUBBI,0.2,0.0,0.0,0.0,0.0,0.0
842,US,US,BASIC,LEADZ,0.2,0.0,0.0,0.0,0.0,0.0
16786,US,US,WOOD1,PIGS9,0.2,0.0,0.0,0.0,0.0,0.0
6421,US,US,FOODW,COKIN,0.2,0.0,0.0,0.0,0.0,0.0
172,US,US,AIRTR,ELEC7,0.2,0.0,0.0,0.0,0.0,0.0
5058,US,US,ELEC7,TRAN2,0.2,0.0,0.0,0.0,0.0,0.0
8274,US,US,KEROS,ELEC3,0.2,0.0,0.0,0.0,0.0,0.0
2613,US,US,COLLE,TEXT1,0.2,0.0,0.0,0.0,0.0,0.0
2142,US,US,CEREA,PUBLI,0.2,0.0,0.0,0.0,0.0,0.0
6542,US,US,FOODW,TEXT2,0.2,0.0,0.0,0.0,0.0,0.0
303,US,US,ALUM1,EDUCA,0.2,0.0,0.0,0.0,0.0,0.0
15706,US,US,TEXTI,PADDY,0.2,0.0,0.0,0.0,0.0,0.0
5866,US,US,FOOD2,CHEMI,0.2,0.0,0.0,0.0,0.0,0.0
11872,US,US,PFERT,AIRTR,0.2,0.0,0.0,0.0,0.0,0.0
2991,US,US,COPP1,FOOD4,0.2,0.0,0.0,0.0,0.0,0.0
13912,US,US,RESEA,ELEC9,0.2,0.0,0.0,0.0,0.0,0.0
6083,US,US,FOOD3,MOTO1,0.2,0.0,0.0,0.0,0.0,0.0
4418,US,US,ELEC3,FOOD2,0.2,0.0,0.0,0.0,0.0,0.0
3739,US,US,EDUCA,ELEC8,0.2,0.0,0.0,0.0,0.0,0.0
8513,US,US,LEAD1,SECO9,0.2,0.0,0.0,0.0,0.0,0.0
1544,US,US,BITUM,SEACO,0.2,0.0,0.0,0.0,0.0,0.0
8740,US,US,LIQUI,BEVER,0.19,0.0,0.0,0.0,0.0,0.0
8798,US,US,LIQUI,NATU1,0.19,0.0,0.0,0.0,0.0,0.0
6858,US,US,FURNI,WHITE,0.29,0.0,0.0,0.0,0.0,0.0
13031,US,US,PUBLI,PETRO,0.19,0.0,0.0,0.0,0.0,0.0
4587,US,US,ELEC4,LUBRI,0.19,0.0,0.0,0.0,0.0,0.0
8520,US,US,LEADZ,BASIC,0.19,0.0,0.0,0.0,0.0,0.0
1029,US,US,BIODI,FOOD2,0.19,0.0,0.0,0.0,0.0,0.0
3098,US,US,CROPS,CEMEN,0.19,0.0,0.0,0.0,0.0,0.0
1308,US,US,BIOGA,NONF1,0.19,0.0,0.0,0.0,0.0,0.0
3632,US,US,DISTR,NAPHT,0.19,0.0,0.0,0.0,0.0,0.0
3911,US,US,ELE11,OFFIC,0.19,0.0,0.0,0.0,0.0,0.0
1648,US,US,BRICK,PRINT,0.19,0.0,0.0,0.0,0.0,0.0
16747,US,US,WOOD1,INTER,0.19,0.0,0.0,0.0,0.0,0.0
16417,US,US,WHEAT,LUBRI,0.19,0.0,0.0,0.0,0.0,0.0
1218,US,US,BIOG1,WHOLE,0.19,0.0,0.0,0.0,0.0,0.0
5791,US,US,FISH5,AIRTR,0.19,0.0,0.0,0.0,0.0,0.0
10884,US,US,OFFIC,LIQUE,0.19,0.0,0.0,0.0,0.0,0.0
10228,US,US,NATU1,WHITE,0.19,0.0,0.0,0.0,0.0,0.0
10623,US,US,NONME,INTER,0.19,0.0,0.0,0.0,0.0,0.0
14600,US,US,SEWAG,GASWO,0.19,0.0,0.0,0.0,0.0,0.0
4859,US,US,ELEC6,INERT,0.19,0.0,0.0,0.0,0.0,0.0
2740,US,US,COMPU,PARAF,0.19,0.0,0.0,0.0,0.0,0.0
10525,US,US,NONFE,BUSIN,0.19,0.0,0.0,0.0,0.0,0.0
8606,US,US,LEATH,FINAN,0.19,0.0,0.0,0.0,0.0,0.0
4033,US,US,ELE12,PAPE3,0.19,0.0,0.0,0.0,0.0,0.0
4160,US,US,ELEC1,NONSP,0.19,0.0,0.0,0.0,0.0,0.0
8214,US,US,KERO1,BUSIN,0.19,0.0,0.0,0.0,0.0,0.0
8894,US,US,LUBRI,FOOD4,0.19,0.0,0.0,0.0,0.0,0.0
4010,US,US,ELE12,IRONO,0.19,0.0,0.0,0.0,0.0,0.0
8775,US,US,LIQUI,GASWO,0.19,0.0,0.0,0.0,0.0,0.0
3772,US,US,EDUCA,MEATA,0.19,0.0,0.0,0.0,0.0,0.0
6506,US,US,FOODW,PLANT,0.19,0.0,0.0,0.0,0.0,0.0
16862,US,US,WOOD2,COKIN,0.19,0.0,0.0,0.0,0.0,0.0
16392,US,US,WEARI,WOOD2,0.19,0.0,0.0,0.0,0.0,0.0
14934,US,US,STONE,WOOD2,0.19,0.0,0.0,0.0,0.0,0.0
1280,US,US,BIOGA,HYDRO,0.19,0.0,0.0,0.0,0.0,0.0
9220,US,US,MEAT4,KEROS,0.19,0.0,0.0,0.0,0.0,0.0
12669,US,US,PREC1,LUBRI,0.29,0.0,0.0,0.0,0.0,0.0
11264,US,US,PAPE1,LIQUI,0.19,0.0,0.0,0.0,0.0,0.0
11512,US,US,PAPE4,ANIMA,0.19,0.0,0.0,0.0,0.0,0.0
16357,US,US,WEARI,OFFIC,0.19,0.0,0.0,0.0,0.0,0.0
3726,US,US,EDUCA,DAIRY,0.19,0.0,0.0,0.0,0.0,0.0
15626,US,US,TEXT2,WOOD2,0.19,0.0,0.0,0.0,0.0,0.0
6789,US,US,FURNI,MEATC,0.19,0.0,0.0,0.0,0.0,0.0
11051,US,US,OILHA,PAPE4,0.19,0.0,0.0,0.0,0.0,0.0
8242,US,US,KERO1,POSTT,0.19,0.0,0.0,0.0,0.0,0.0
13581,US,US,RECRE,NFERT,0.19,0.0,0.0,0.0,0.0,0.0
10174,US,US,NATU1,MEATC,0.19,0.0,0.0,0.0,0.0,0.0
11733,US,US,PAPER,GASWO,0.19,0.0,0.0,0.0,0.0,0.0
11449,US,US,PAPE3,PADDY,0.19,0.0,0.0,0.0,0.0,0.0
8912,US,US,LUBRI,KERO1,0.19,0.0,0.0,0.0,0.0,0.0
16340,US,US,WEARI,FOODW,0.19,0.0,0.0,0.0,0.0,0.0
15522,US,US,TEXT2,FOODW,0.19,0.0,0.0,0.0,0.0,0.0
14865,US,US,STONE,FOODW,0.19,0.0,0.0,0.0,0.0,0.0
14445,US,US,SANDC,REFI1,0.19,0.0,0.0,0.0,0.0,0.0
10970,US,US,OILHA,CERAM,0.19,0.0,0.0,0.0,0.0,0.0
1118,US,US,BIODI,TEXTI,0.19,0.0,0.0,0.0,0.0,0.0
10534,US,US,NONFE,FOOD5,0.22,0.0,0.0,0.0,0.0,0.0
818,US,US,BASIC,FOOD2,0.28,0.0,0.0,0.0,0.0,0.0
5441,US,US,ELECT,SUBBI,0.29,0.0,0.0,0.0,0.0,0.0
14390,US,US,SANDC,FOOD4,0.27,0.0,0.0,0.0,0.0,0.0
16796,US,US,WOOD1,PROCE,0.27,0.0,0.0,0.0,0.0,0.0
1864,US,US,CEMEN,ANIMA,0.27,0.0,0.0,0.0,0.0,0.0
4043,US,US,ELE12,POULT,0.26,0.0,0.0,0.0,0.0,0.0
13200,US,US,RADIO,PETRO,0.26,0.0,0.0,0.0,0.0,0.0
8188,US,US,IRONO,PAPE4,0.26,0.0,0.0,0.0,0.0,0.0
12366,US,US,PLAS2,TEXT1,0.26,0.0,0.0,0.0,0.0,0.0
13003,US,US,PUBLI,LEAD1,0.26,0.0,0.0,0.0,0.0,0.0
10648,US,US,NONME,NONSP,0.26,0.0,0.0,0.0,0.0,0.0
919,US,US,BASIC,VEGE1,0.26,0.0,0.0,0.0,0.0,0.0
11081,US,US,OILHA,SANDC,0.29,0.0,0.0,0.0,0.0,0.0
17069,US,US,WOODW,NATU1,0.29,0.0,0.0,0.0,0.0,0.0
16227,US,US,WASTE,FOOD4,0.26,0.0,0.0,0.0,0.0,0.0
5976,US,US,FOOD2,SANDC,0.26,0.0,0.0,0.0,0.0,0.0
10852,US,US,OFFIC,ELEC8,0.26,0.0,0.0,0.0,0.0,0.0
1624,US,US,BRICK,LIQUE,0.26,0.0,0.0,0.0,0.0,0.0
16719,US,US,WOOD1,ELEC4,0.26,0.0,0.0,0.0,0.0,0.0
11978,US,US,PFERT,TEXT1,0.26,0.0,0.0,0.0,0.0,0.0
12973,US,US,PUBLI,ELEC4,0.26,0.0,0.0,0.0,0.0,0.0
3307,US,US,CRUDE,SALEM,0.26,0.0,0.0,0.0,0.0,0.0
12519,US,US,POSTT,HYDRO,0.26,0.0,0.0,0.0,0.0,0.0
2242,US,US,CHEM1,MEATA,0.26,0.0,0.0,0.0,0.0,0.0
10087,US,US,NAPHT,PETRO,0.26,0.0,0.0,0.0,0.0,0.0
14985,US,US,SUBBI,LIQUE,0.26,0.0,0.0,0.0,0.0,0.0
14301,US,US,SALEM,NUCLE,0.27,0.0,0.0,0.0,0.0,0.0
5880,US,US,FOOD2,ELE12,0.27,0.0,0.0,0.0,0.0,0.0
16797,US,US,WOOD1,PUBLI,0.22,0.0,0.0,0.0,0.0,0.0
6053,US,US,FOOD3,FISHF,0.27,0.0,0.0,0.0,0.0,0.0
4967,US,US,ELEC7,COPP1,0.27,0.0,0.0,0.0,0.0,0.0
8047,US,US,INTER,LUBRI,0.27,0.0,0.0,0.0,0.0,0.0
3026,US,US,COPP1,PLAS1,0.27,0.0,0.0,0.0,0.0,0.0
11062,US,US,OILHA,PREC1,0.27,0.0,0.0,0.0,0.0,0.0
11237,US,US,PAPE1,FISHF,0.27,0.0,0.0,0.0,0.0,0.0
7893,US,US,INSUR,LIGNI,0.27,0.0,0.0,0.0,0.0,0.0
432,US,US,ALUMI,RETA1,0.27,0.0,0.0,0.0,0.0,0.0
7054,US,US,GLASS,ETHAN,0.27,0.0,0.0,0.0,0.0,0.0
201,US,US,AIRTR,KERO1,0.27,0.0,0.0,0.0,0.0,0.0
11177,US,US,PADDY,SEWAG,0.27,0.0,0.0,0.0,0.0,0.0
5983,US,US,FOOD2,SUGA1,0.27,0.0,0.0,0.0,0.0,0.0
11770,US,US,PAPER,NUCLE,0.27,0.0,0.0,0.0,0.0,0.0
16230,US,US,WASTE,FORES,0.27,0.0,0.0,0.0,0.0,0.0
14472,US,US,SEACO,INSUR,0.27,0.0,0.0,0.0,0.0,0.0
12684,US,US,PREC1,PLAST,0.27,0.0,0.0,0.0,0.0,0.0
15364,US,US,TEXT1,FORES,0.27,0.0,0.0,0.0,0.0,0.0
16288,US,US,WASTE,PROCE,0.27,0.0,0.0,0.0,0.0,0.0
15774,US,US,TRAN1,BITU1,0.27,0.0,0.0,0.0,0.0,0.0
12514,US,US,POSTT,GASWO,0.27,0.0,0.0,0.0,0.0,0.0
7401,US,US,HOTEL,GASWO,0.27,0.0,0.0,0.0,0.0,0.0
7675,US,US,INERT,ETHAN,0.27,0.0,0.0,0.0,0.0,0.0
15009,US,US,SUBBI,POSTT,0.27,0.0,0.0,0.0,0.0,0.0
15419,US,US,TEXT1,PLAS2,0.27,0.0,0.0,0.0,0.0,0.0
16337,US,US,WEARI,FABRI,0.29,0.0,0.0,0.0,0.0,0.0
14888,US,US,STONE,NAPHT,0.26,0.0,0.0,0.0,0.0,0.0
6904,US,US,GASDI,FOOD2,0.26,0.0,0.0,0.0,0.0,0.0
485,US,US,ANTHR,BIOG1,0.26,0.0,0.0,0.0,0.0,0.0
11653,US,US,PAPE4,SUGAR,0.26,0.0,0.0,0.0,0.0,0.0
14917,US,US,STONE,REFI1,0.26,0.0,0.0,0.0,0.0,0.0
1410,US,US,BITU1,LIGNI,0.26,0.0,0.0,0.0,0.0,0.0
5725,US,US,FINAN,NONSP,0.26,0.0,0.0,0.0,0.0,0.0
3042,US,US,COPP1,SANDC,0.26,0.0,0.0,0.0,0.0,0.0
2113,US,US,CEREA,GASDI,0.26,0.0,0.0,0.0,0.0,0.0
10652,US,US,NONME,PAPE1,0.26,0.0,0.0,0.0,0.0,0.0
15106,US,US,SUGAR,HEALT,0.26,0.0,0.0,0.0,0.0,0.0
37,US,US,93197,ELEC5,0.26,0.0,0.0,0.0,0.0,0.0
5981,US,US,FOOD2,STONE,0.26,0.0,0.0,0.0,0.0,0.0
15361,US,US,TEXT1,FOOD4,0.29,0.0,0.0,0.0,0.0,0.0
7630,US,US,INERT,ANIMA,0.26,0.0,0.0,0.0,0.0,0.0
17026,US,US,WOODW,ELEC7,0.26,0.0,0.0,0.0,0.0,0.0
8169,US,US,IRONO,LUBRI,0.26,0.0,0.0,0.0,0.0,0.0
3021,US,US,COPP1,PAPE3,0.25,0.0,0.0,0.0,0.0,0.0
12829,US,US,PRINT,LIQUI,0.25,0.0,0.0,0.0,0.0,0.0
412,US,US,ALUMI,MEDIC,0.25,0.0,0.0,0.0,0.0,0.0
11491,US,US,PAPE3,SUGAR,0.25,0.0,0.0,0.0,0.0,0.0
6722,US,US,FURNI,BLAST,0.17,0.0,0.0,0.0,0.0,0.0
6555,US,US,FOODW,WOOD2,0.25,0.0,0.0,0.0,0.0,0.0
6110,US,US,FOOD3,RADIO,0.25,0.0,0.0,0.0,0.0,0.0
12842,US,US,PRINT,NATU1,0.25,0.0,0.0,0.0,0.0,0.0
10415,US,US,NFERT,MACHI,0.25,0.0,0.0,0.0,0.0,0.0
16646,US,US,WHOLE,REALE,0.26,0.0,0.0,0.0,0.0,0.0
4789,US,US,ELEC5,SUBBI,0.26,0.0,0.0,0.0,0.0,0.0
7440,US,US,HOTEL,NUCLE,0.26,0.0,0.0,0.0,0.0,0.0
6205,US,US,FOOD4,HYDRO,0.26,0.0,0.0,0.0,0.0,0.0
4028,US,US,ELE12,NONME,0.26,0.0,0.0,0.0,0.0,0.0
11026,US,US,OILHA,LIQUE,0.26,0.0,0.0,0.0,0.0,0.0
4261,US,US,ELEC2,ELEC1,0.26,0.0,0.0,0.0,0.0,0.0
11344,US,US,PAPE1,WOOD1,0.26,0.0,0.0,0.0,0.0,0.0
13857,US,US,RENTI,TRAN2,0.26,0.0,0.0,0.0,0.0,0.0
14035,US,US,RETAI,RETAI,0.26,0.0,0.0,0.0,0.0,0.0
8947,US,US,LUBRI,PLAS1,0.26,0.0,0.0,0.0,0.0,0.0
4017,US,US,ELE12,MEAT4,0.26,0.0,0.0,0.0,0.0,0.0
8825,US,US,LIQUI,SALEM,0.26,0.0,0.0,0.0,0.0,0.0
13606,US,US,RECRE,PROCE,0.26,0.0,0.0,0.0,0.0,0.0
7730,US,US,INERT,PADDY,0.26,0.0,0.0,0.0,0.0,0.0
83,US,US,93197,NONME,0.26,0.0,0.0,0.0,0.0,0.0
16780,US,US,WOOD1,PAPE1,0.26,0.0,0.0,0.0,0.0,0.0
10413,US,US,NFERT,LEATH,0.26,0.0,0.0,0.0,0.0,0.0
11475,US,US,PAPE3,REFI1,0.26,0.0,0.0,0.0,0.0,0.0
16591,US,US,WHOLE,INERT,0.29,0.0,0.0,0.0,0.0,0.0
3334,US,US,DAIRY,AIRTR,0.26,0.0,0.0,0.0,0.0,0.0
351,US,US,ALUM1,PLAST,0.26,0.0,0.0,0.0,0.0,0.0
10463,US,US,NONF1,ELEC1,0.26,0.0,0.0,0.0,0.0,0.0
7097,US,US,GLASS,OILHA,0.26,0.0,0.0,0.0,0.0,0.0
13264,US,US,RAILW,FOOD2,0.26,0.0,0.0,0.0,0.0,0.0
328,US,US,ALUM1,LEATH,0.26,0.0,0.0,0.0,0.0,0.0
15095,US,US,SUGAR,CROPS,0.27,0.0,0.0,0.0,0.0,0.0
7703,US,US,INERT,LEAD1,0.29,0.0,0.0,0.0,0.0,0.0
7538,US,US,HYDRO,EDUCA,0.27,0.0,0.0,0.0,0.0,0.0
15402,US,US,TEXT1,NONF1,0.29,0.0,0.0,0.0,0.0,0.0
11086,US,US,OILHA,STONE,0.28,0.0,0.0,0.0,0.0,0.0
3974,US,US,ELE12,BIOGA,0.28,0.0,0.0,0.0,0.0,0.0
5284,US,US,ELEC9,SEACO,0.28,0.0,0.0,0.0,0.0,0.0
6688,US,US,FOUND,REALE,0.29,0.0,0.0,0.0,0.0,0.0
13903,US,US,RESEA,ELE12,0.29,0.0,0.0,0.0,0.0,0.0
287,US,US,ALUM1,BITU1,0.29,0.0,0.0,0.0,0.0,0.0
6899,US,US,GASDI,ETHAN,0.28,0.0,0.0,0.0,0.0,0.0
10358,US,US,NATUR,RETAI,0.28,0.0,0.0,0.0,0.0,0.0
13141,US,US,RADIO,ETHAN,0.29,0.0,0.0,0.0,0.0,0.0
16440,US,US,WHEAT,RUBBE,0.28,0.0,0.0,0.0,0.0,0.0
4806,US,US,ELEC5,WOOD1,0.28,0.0,0.0,0.0,0.0,0.0
12859,US,US,PRINT,PFERT,0.29,0.0,0.0,0.0,0.0,0.0
7545,US,US,HYDRO,FABRI,0.28,0.0,0.0,0.0,0.0,0.0
10331,US,US,NATUR,PAPE3,0.29,0.0,0.0,0.0,0.0,0.0
11617,US,US,PAPE4,PETRO,0.29,0.0,0.0,0.0,0.0,0.0
4071,US,US,ELE12,TRANS,0.29,0.0,0.0,0.0,0.0,0.0
12186,US,US,PLAS1,REFI1,0.28,0.0,0.0,0.0,0.0,0.0
10408,US,US,NFERT,GASDI,0.28,0.0,0.0,0.0,0.0,0.0
6604,US,US,FORES,NFERT,0.28,0.0,0.0,0.0,0.0,0.0
8969,US,US,LUBRI,SEACO,0.28,0.0,0.0,0.0,0.0,0.0
10454,US,US,NONF1,COLLE,0.28,0.0,0.0,0.0,0.0,0.0
7534,US,US,HYDRO,CRUDE,0.28,0.0,0.0,0.0,0.0,0.0
965,US,US,BEVER,PUBLI,0.29,0.0,0.0,0.0,0.0,0.0
14758,US,US,STEAM,INERT,0.28,0.0,0.0,0.0,0.0,0.0
12265,US,US,PLAS2,ELEC8,0.29,0.0,0.0,0.0,0.0,0.0
3978,US,US,ELE12,CATTL,0.28,0.0,0.0,0.0,0.0,0.0
11088,US,US,OILHA,SUGA1,0.28,0.0,0.0,0.0,0.0,0.0
10418,US,US,NFERT,MOTOR,0.28,0.0,0.0,0.0,0.0,0.0
7425,US,US,HOTEL,MEATA,0.28,0.0,0.0,0.0,0.0,0.0
10511,US,US,NONF1,TEXTI,0.28,0.0,0.0,0.0,0.0,0.0
10311,US,US,NATUR,MEATA,0.28,0.0,0.0,0.0,0.0,0.0
15622,US,US,TEXT2,WHEAT,0.28,0.0,0.0,0.0,0.0,0.0
10325,US,US,NATUR,NUCLE,0.28,0.0,0.0,0.0,0.0,0.0
15688,US,US,TEXTI,LUBRI,0.28,0.0,0.0,0.0,0.0,0.0
514,US,US,ANTHR,HEALT,0.28,0.0,0.0,0.0,0.0,0.0
3386,US,US,DAIRY,TEXTI,0.28,0.0,0.0,0.0,0.0,0.0
12202,US,US,PLAS1,SUGAR,0.28,0.0,0.0,0.0,0.0,0.0
12430,US,US,PLAST,PFERT,0.28,0.0,0.0,0.0,0.0,0.0
12974,US,US,PUBLI,ELEC5,0.28,0.0,0.0,0.0,0.0,0.0
3840,US,US,EDUCA,WOODW,0.28,0.0,0.0,0.0,0.0,0.0
15587,US,US,TEXT2,PUBLI,0.28,0.0,0.0,0.0,0.0,0.0
16114,US,US,VEGET,FOOD2,0.28,0.0,0.0,0.0,0.0,0.0
10882,US,US,OFFIC,LEATH,0.28,0.0,0.0,0.0,0.0,0.0
3276,US,US,CRUDE,PAPE3,0.28,0.0,0.0,0.0,0.0,0.0
1054,US,US,BIODI,LIGNI,0.28,0.0,0.0,0.0,0.0,0.0
6937,US,US,GASDI,MEATP,0.29,0.0,0.0,0.0,0.0,0.0
8255,US,US,KERO1,WHOLE,0.29,0.0,0.0,0.0,0.0,0.0
5233,US,US,ELEC9,FABRI,0.28,0.0,0.0,0.0,0.0,0.0
10076,US,US,NAPHT,MOTO1,0.29,0.0,0.0,0.0,0.0,0.0
3972,US,US,ELE12,BEVER,0.28,0.0,0.0,0.0,0.0,0.0
12311,US,US,PLAS2,NAPHT,0.29,0.0,0.0,0.0,0.0,0.0
13661,US,US,REFI1,NONSP,0.27,0.0,0.0,0.0,0.0,0.0
558,US,US,ANTHR,RETA1,0.29,0.0,0.0,0.0,0.0,0.0
4030,US,US,ELE12,OILSE,0.28,0.0,0.0,0.0,0.0,0.0
11898,US,US,PFERT,ELEC1,0.28,0.0,0.0,0.0,0.0,0.0
15276,US,US,SUPPO,REFIN,0.28,0.0,0.0,0.0,0.0,0.0
1618,US,US,BRICK,INERT,0.28,0.0,0.0,0.0,0.0,0.0
9892,US,US,MOTOR,ANTHR,0.29,0.0,0.0,0.0,0.0,0.0
1863,US,US,CEMEN,ALUM1,0.29,0.0,0.0,0.0,0.0,0.0
16601,US,US,WHOLE,LIGNI,0.29,0.0,0.0,0.0,0.0,0.0
12362,US,US,PLAS2,SUBBI,0.28,0.0,0.0,0.0,0.0,0.0
852,US,US,BASIC,MEATP,0.27,0.0,0.0,0.0,0.0,0.0
5152,US,US,ELEC8,PADDY,0.27,0.0,0.0,0.0,0.0,0.0
8194,US,US,IRONO,PREC1,0.27,0.0,0.0,0.0,0.0,0.0
3126,US,US,CROPS,KERO1,0.29,0.0,0.0,0.0,0.0,0.0
4908,US,US,ELEC6,PROCE,0.29,0.0,0.0,0.0,0.0,0.0
14124,US,US,RUBBE,MEATA,0.27,0.0,0.0,0.0,0.0,0.0
581,US,US,AUXIL,AVIAT,0.27,0.0,0.0,0.0,0.0,0.0
4586,US,US,ELEC4,LIQUI,0.27,0.0,0.0,0.0,0.0,0.0
10332,US,US,NATUR,PAPE4,0.27,0.0,0.0,0.0,0.0,0.0
12876,US,US,PRINT,REFI1,0.27,0.0,0.0,0.0,0.0,0.0
812,US,US,BASIC,ELEC6,0.27,0.0,0.0,0.0,0.0,0.0
11701,US,US,PAPER,CROPS,0.27,0.0,0.0,0.0,0.0,0.0
3813,US,US,EDUCA,RESEA,0.27,0.0,0.0,0.0,0.0,0.0
3901,US,US,ELE11,MEATP,0.27,0.0,0.0,0.0,0.0,0.0
5957,US,US,FOOD2,PREC1,0.27,0.0,0.0,0.0,0.0,0.0
7605,US,US,HYDRO,RECRE,0.28,0.0,0.0,0.0,0.0,0.0
1091,US,US,BIODI,PROCE,0.28,0.0,0.0,0.0,0.0,0.0
11150,US,US,PADDY,MEATC,0.29,0.0,0.0,0.0,0.0,0.0
16279,US,US,WASTE,PIGS9,0.28,0.0,0.0,0.0,0.0,0.0
5236,US,US,ELEC9,FOOD5,0.29,0.0,0.0,0.0,0.0,0.0
11909,US,US,PFERT,FORES,0.29,0.0,0.0,0.0,0.0,0.0
14902,US,US,STONE,PETRO,0.28,0.0,0.0,0.0,0.0,0.0
15744,US,US,TEXTI,TEXT2,0.28,0.0,0.0,0.0,0.0,0.0
5859,US,US,FOOD2,BRICK,0.28,0.0,0.0,0.0,0.0,0.0
13814,US,US,RENTI,PARAF,0.29,0.0,0.0,0.0,0.0,0.0
11959,US,US,PFERT,PRINT,0.29,0.0,0.0,0.0,0.0,0.0
470,US,US,ANIMA,RECRE,0.29,0.0,0.0,0.0,0.0,0.0
15758,US,US,TOBAC,PUBLI,0.28,0.0,0.0,0.0,0.0,0.0
1449,US,US,BITUM,BITU1,0.29,0.0,0.0,0.0,0.0,0.0
10192,US,US,NATU1,PARAF,0.29,0.0,0.0,0.0,0.0,0.0
6218,US,US,FOOD4,LIQUI,0.28,0.0,0.0,0.0,0.0,0.0
334,US,US,ALUM1,MEMBE,0.28,0.0,0.0,0.0,0.0,0.0
2359,US,US,CHEMI,INERT,0.29,0.0,0.0,0.0,0.0,0.0
3710,US,US,EDUCA,BIOGA,0.29,0.0,0.0,0.0,0.0,0.0
8187,US,US,IRONO,PAPE3,0.28,0.0,0.0,0.0,0.0,0.0
12728,US,US,PRECI,LIQUE,0.28,0.0,0.0,0.0,0.0,0.0
249,US,US,AIRTR,REFI1,0.28,0.0,0.0,0.0,0.0,0.0
13707,US,US,RENTI,ANIMA,0.28,0.0,0.0,0.0,0.0,0.0
15000,US,US,SUBBI,NFERT,0.28,0.0,0.0,0.0,0.0,0.0
11095,US,US,OILHA,TRAN1,0.28,0.0,0.0,0.0,0.0,0.0
2955,US,US,CONST,WOOD1,0.28,0.0,0.0,0.0,0.0,0.0
16741,US,US,WOOD1,HEAVY,0.25,0.0,0.0,0.0,0.0,0.0
13420,US,US,REALE,NFERT,0.25,0.0,0.0,0.0,0.0,0.0
8573,US,US,LEADZ,RUBBE,0.25,0.0,0.0,0.0,0.0,0.0
2773,US,US,COMPU,STEAM,0.23,0.0,0.0,0.0,0.0,0.0
15350,US,US,TEXT1,ELEC5,0.23,0.0,0.0,0.0,0.0,0.0
16627,US,US,WHOLE,PAPE3,0.23,0.0,0.0,0.0,0.0,0.0
15240,US,US,SUPPO,NATU1,0.23,0.0,0.0,0.0,0.0,0.0
1675,US,US,BUSIN,ALUMI,0.23,0.0,0.0,0.0,0.0,0.0
3989,US,US,ELE12,CRUDE,0.23,0.0,0.0,0.0,0.0,0.0
11279,US,US,PAPE1,NFERT,0.23,0.0,0.0,0.0,0.0,0.0
12792,US,US,PRINT,ELEC5,0.23,0.0,0.0,0.0,0.0,0.0
1537,US,US,BITUM,RENTI,0.23,0.0,0.0,0.0,0.0,0.0
3955,US,US,ELE11,TOBAC,0.23,0.0,0.0,0.0,0.0,0.0
7075,US,US,GLASS,KEROS,0.23,0.0,0.0,0.0,0.0,0.0
10796,US,US,NUCLE,MEDIC,0.23,0.0,0.0,0.0,0.0,0.0
1582,US,US,BLAST,GASWO,0.23,0.0,0.0,0.0,0.0,0.0
379,US,US,ALUM1,WOOD1,0.23,0.0,0.0,0.0,0.0,0.0
2389,US,US,CHEMI,PAPE3,0.23,0.0,0.0,0.0,0.0,0.0
5853,US,US,FOOD2,BIODI,0.23,0.0,0.0,0.0,0.0,0.0
4464,US,US,ELEC3,OILHA,0.23,0.0,0.0,0.0,0.0,0.0
10828,US,US,OFFIC,CERAM,0.23,0.0,0.0,0.0,0.0,0.0
4663,US,US,ELEC4,WOOD1,0.23,0.0,0.0,0.0,0.0,0.0
12286,US,US,PLAS2,HYDRO,0.23,0.0,0.0,0.0,0.0,0.0
3781,US,US,EDUCA,NATUR,0.23,0.0,0.0,0.0,0.0,0.0
4928,US,US,ELEC6,SUGA1,0.23,0.0,0.0,0.0,0.0,0.0
4327,US,US,ELEC2,PETRO,0.23,0.0,0.0,0.0,0.0,0.0
14760,US,US,STEAM,INSUR,0.23,0.0,0.0,0.0,0.0,0.0
5918,US,US,FOOD2,LEATH,0.23,0.0,0.0,0.0,0.0,0.0
16390,US,US,WEARI,WHOLE,0.23,0.0,0.0,0.0,0.0,0.0
67,US,US,93197,LEAD1,0.23,0.0,0.0,0.0,0.0,0.0
772,US,US,BASIC,ANIMA,0.24,0.0,0.0,0.0,0.0,0.0
16496,US,US,WHITE,MEMBE,0.24,0.0,0.0,0.0,0.0,0.0
14582,US,US,SEWAG,ELEC7,0.24,0.0,0.0,0.0,0.0,0.0
3771,US,US,EDUCA,MEAT4,0.24,0.0,0.0,0.0,0.0,0.0
5920,US,US,FOOD2,LIQUE,0.24,0.0,0.0,0.0,0.0,0.0
8078,US,US,INTER,PLANT,0.24,0.0,0.0,0.0,0.0,0.0
11039,US,US,OILHA,NATU1,0.24,0.0,0.0,0.0,0.0,0.0
2592,US,US,COLLE,RAWMI,0.24,0.0,0.0,0.0,0.0,0.0
10673,US,US,NONME,REFIN,0.24,0.0,0.0,0.0,0.0,0.0
10436,US,US,NFERT,SECO9,0.24,0.0,0.0,0.0,0.0,0.0
11230,US,US,PAPE1,ELEC8,0.24,0.0,0.0,0.0,0.0,0.0
2631,US,US,COMPU,ALUMI,0.24,0.0,0.0,0.0,0.0,0.0
8766,US,US,LIQUI,FINAN,0.23,0.0,0.0,0.0,0.0,0.0
758,US,US,AVIAT,NONSP,0.28,0.0,0.0,0.0,0.0,0.0
1643,US,US,BRICK,PLAS1,0.24,0.0,0.0,0.0,0.0,0.0
14552,US,US,SEWAG,BLAST,0.24,0.0,0.0,0.0,0.0,0.0
16012,US,US,TRANS,WHOLE,0.24,0.0,0.0,0.0,0.0,0.0
2058,US,US,CERAM,PAPE3,0.24,0.0,0.0,0.0,0.0,0.0
7977,US,US,INTER,BIOG1,0.24,0.0,0.0,0.0,0.0,0.0
6247,US,US,FOOD4,PETRO,0.23,0.0,0.0,0.0,0.0,0.0
16832,US,US,WOOD1,WHEAT,0.23,0.0,0.0,0.0,0.0,0.0
3283,US,US,CRUDE,PLANT,0.23,0.0,0.0,0.0,0.0,0.0
397,US,US,ALUMI,ELECT,0.23,0.0,0.0,0.0,0.0,0.0
225,US,US,AIRTR,NONSP,0.23,0.0,0.0,0.0,0.0,0.0
10222,US,US,NATU1,TRAN2,0.23,0.0,0.0,0.0,0.0,0.0
10975,US,US,OILHA,COLLE,0.24,0.0,0.0,0.0,0.0,0.0
1025,US,US,BIODI,ETHAN,0.23,0.0,0.0,0.0,0.0,0.0
1237,US,US,BIOGA,CATTL,0.22,0.0,0.0,0.0,0.0,0.0
11276,US,US,PAPE1,NAPHT,0.22,0.0,0.0,0.0,0.0,0.0
1176,US,US,BIOG1,MOTO1,0.22,0.0,0.0,0.0,0.0,0.0
4053,US,US,ELE12,RENTI,0.22,0.0,0.0,0.0,0.0,0.0
2059,US,US,CERAM,PAPE4,0.22,0.0,0.0,0.0,0.0,0.0
4296,US,US,ELEC2,LIGNI,0.22,0.0,0.0,0.0,0.0,0.0
4317,US,US,ELEC2,NUCLE,0.22,0.0,0.0,0.0,0.0,0.0
10282,US,US,NATUR,FOOD4,0.22,0.0,0.0,0.0,0.0,0.0
15585,US,US,TEXT2,PRIVA,0.22,0.0,0.0,0.0,0.0,0.0
4793,US,US,ELEC5,TEXT1,0.22,0.0,0.0,0.0,0.0,0.0
7058,US,US,GLASS,FOOD2,0.22,0.0,0.0,0.0,0.0,0.0
12926,US,US,PROCE,MEATP,0.22,0.0,0.0,0.0,0.0,0.0
8172,US,US,IRONO,MEDIC,0.22,0.0,0.0,0.0,0.0,0.0
5034,US,US,ELEC7,RADIO,0.22,0.0,0.0,0.0,0.0,0.0
15796,US,US,TRAN1,DISTR,0.22,0.0,0.0,0.0,0.0,0.0
16628,US,US,WHOLE,PAPE4,0.22,0.0,0.0,0.0,0.0,0.0
3961,US,US,ELE11,WHEAT,0.22,0.0,0.0,0.0,0.0,0.0
12734,US,US,PRECI,NONFE,0.22,0.0,0.0,0.0,0.0,0.0
2017,US,US,CERAM,COPP1,0.22,0.0,0.0,0.0,0.0,0.0
10709,US,US,NONSP,BITU1,0.22,0.0,0.0,0.0,0.0,0.0
2941,US,US,CONST,TEXT1,0.22,0.0,0.0,0.0,0.0,0.0
1638,US,US,BRICK,PAPE3,0.22,0.0,0.0,0.0,0.0,0.0
3638,US,US,DISTR,NONSP,0.22,0.0,0.0,0.0,0.0,0.0
8355,US,US,LANDT,ELEC7,0.22,0.0,0.0,0.0,0.0,0.0
2031,US,US,CERAM,FABRI,0.22,0.0,0.0,0.0,0.0,0.0
7860,US,US,INSUR,ELEC8,0.22,0.0,0.0,0.0,0.0,0.0
13584,US,US,RECRE,NONSP,0.23,0.0,0.0,0.0,0.0,0.0
11800,US,US,PAPER,REFIN,0.23,0.0,0.0,0.0,0.0,0.0
336,US,US,ALUM1,MOTOR,0.23,0.0,0.0,0.0,0.0,0.0
1075,US,US,BIODI,OILHA,0.23,0.0,0.0,0.0,0.0,0.0
8942,US,US,LUBRI,PAPE4,0.23,0.0,0.0,0.0,0.0,0.0
10520,US,US,NONFE,BASIC,0.23,0.0,0.0,0.0,0.0,0.0
16149,US,US,VEGET,PFERT,0.23,0.0,0.0,0.0,0.0,0.0
6045,US,US,FOOD3,ELEC7,0.23,0.0,0.0,0.0,0.0,0.0
3960,US,US,ELE11,WEARI,0.23,0.0,0.0,0.0,0.0,0.0
5207,US,US,ELEC9,93197,0.23,0.0,0.0,0.0,0.0,0.0
12106,US,US,PLAS1,ETHAN,0.23,0.0,0.0,0.0,0.0,0.0
8306,US,US,KEROS,SUPPO,0.23,0.0,0.0,0.0,0.0,0.0
14788,US,US,STEAM,PAPE3,0.23,0.0,0.0,0.0,0.0,0.0
3946,US,US,ELE11,SEWAG,0.23,0.0,0.0,0.0,0.0,0.0
5398,US,US,ELECT,NONSP,0.23,0.0,0.0,0.0,0.0,0.0
8478,US,US,LEAD1,CEMEN,0.23,0.0,0.0,0.0,0.0,0.0
14433,US,US,SANDC,PETRO,0.23,0.0,0.0,0.0,0.0,0.0
7887,US,US,INSUR,KERO1,0.23,0.0,0.0,0.0,0.0,0.0
10553,US,US,NONFE,OFFIC,0.23,0.0,0.0,0.0,0.0,0.0
11176,US,US,PADDY,RUBBE,0.23,0.0,0.0,0.0,0.0,0.0
16049,US,US,VEGE1,MACHI,0.23,0.0,0.0,0.0,0.0,0.0
2611,US,US,COLLE,SUGAR,0.23,0.0,0.0,0.0,0.0,0.0
3110,US,US,CROPS,ETHAN,0.23,0.0,0.0,0.0,0.0,0.0
4163,US,US,ELEC1,OILHA,0.24,0.0,0.0,0.0,0.0,0.0
3871,US,US,ELE11,ELECT,0.24,0.0,0.0,0.0,0.0,0.0
7992,US,US,INTER,COKIN,0.25,0.0,0.0,0.0,0.0,0.0
15926,US,US,TRANS,ANTHR,0.25,0.0,0.0,0.0,0.0,0.0
6935,US,US,GASDI,MEATA,0.29,0.0,0.0,0.0,0.0,0.0
5153,US,US,ELEC8,PAPE1,0.25,0.0,0.0,0.0,0.0,0.0
981,US,US,BEVER,WEARI,0.25,0.0,0.0,0.0,0.0,0.0
428,US,US,ALUMI,RADIO,0.25,0.0,0.0,0.0,0.0,0.0
12,US,US,93197,BITUM,0.25,0.0,0.0,0.0,0.0,0.0
6126,US,US,FOOD3,SUGAR,0.25,0.0,0.0,0.0,0.0,0.0
6027,US,US,FOOD3,COKIN,0.25,0.0,0.0,0.0,0.0,0.0
16892,US,US,WOOD2,FOODW,0.25,0.0,0.0,0.0,0.0,0.0
13728,US,US,RENTI,COKEO,0.25,0.0,0.0,0.0,0.0,0.0
355,US,US,ALUM1,PUBLI,0.25,0.0,0.0,0.0,0.0,0.0
1162,US,US,BIOG1,HOTEL,0.25,0.0,0.0,0.0,0.0,0.0
11197,US,US,PAPE1,BITU1,0.25,0.0,0.0,0.0,0.0,0.0
1851,US,US,CATTL,MEATA,0.25,0.0,0.0,0.0,0.0,0.0
10114,US,US,NATU1,BUSIN,0.25,0.0,0.0,0.0,0.0,0.0
11637,US,US,PAPE4,REFI1,0.25,0.0,0.0,0.0,0.0,0.0
5869,US,US,FOOD2,COLLE,0.25,0.0,0.0,0.0,0.0,0.0
3753,US,US,EDUCA,FOUND,0.25,0.0,0.0,0.0,0.0,0.0
7444,US,US,HOTEL,PADDY,0.25,0.0,0.0,0.0,0.0,0.0
4729,US,US,ELEC5,LUBRI,0.25,0.0,0.0,0.0,0.0,0.0
15232,US,US,SUPPO,MEATA,0.25,0.0,0.0,0.0,0.0,0.0
10562,US,US,NONFE,RETA1,0.25,0.0,0.0,0.0,0.0,0.0
16129,US,US,VEGET,LUBRI,0.25,0.0,0.0,0.0,0.0,0.0
8383,US,US,LANDT,KERO1,0.29,0.0,0.0,0.0,0.0,0.0
2468,US,US,COKE1,TRAN1,0.25,0.0,0.0,0.0,0.0,0.0
6014,US,US,FOOD3,BITU1,0.25,0.0,0.0,0.0,0.0,0.0
8222,US,US,KERO1,ELEC2,0.25,0.0,0.0,0.0,0.0,0.0
11024,US,US,OILHA,LEATH,0.25,0.0,0.0,0.0,0.0,0.0
8359,US,US,LANDT,ETHAN,0.25,0.0,0.0,0.0,0.0,0.0
13369,US,US,REALE,ELEC6,0.25,0.0,0.0,0.0,0.0,0.0
15016,US,US,SUBBI,REALE,0.25,0.0,0.0,0.0,0.0,0.0
6451,US,US,FOODW,FOODW,0.25,0.0,0.0,0.0,0.0,0.0
11015,US,US,OILHA,INERT,0.25,0.0,0.0,0.0,0.0,0.0
3990,US,US,ELE12,DAIRY,0.25,0.0,0.0,0.0,0.0,0.0
2407,US,US,CHEMI,REALE,0.25,0.0,0.0,0.0,0.0,0.0
8512,US,US,LEAD1,RUBBE,0.25,0.0,0.0,0.0,0.0,0.0
12299,US,US,PLAS2,LIQUI,0.25,0.0,0.0,0.0,0.0,0.0
16220,US,US,WASTE,ELECT,0.25,0.0,0.0,0.0,0.0,0.0
2061,US,US,CERAM,PLAS1,0.25,0.0,0.0,0.0,0.0,0.0
767,US,US,AVIAT,WHITE,0.25,0.0,0.0,0.0,0.0,0.0
2625,US,US,COLLE,WOOD1,0.25,0.0,0.0,0.0,0.0,0.0
4626,US,US,ELEC4,PUBLI,0.25,0.0,0.0,0.0,0.0,0.0
3775,US,US,EDUCA,MEDIC,0.25,0.0,0.0,0.0,0.0,0.0
16635,US,US,WHOLE,PLAS1,0.25,0.0,0.0,0.0,0.0,0.0
16996,US,US,WOOD2,WOOD2,0.25,0.0,0.0,0.0,0.0,0.0
8114,US,US,INTER,TEXT2,0.25,0.0,0.0,0.0,0.0,0.0
9569,US,US,MEMBE,ANIMA,0.25,0.0,0.0,0.0,0.0,0.0
3046,US,US,COPP1,STONE,0.25,0.0,0.0,0.0,0.0,0.0
14735,US,US,STEAM,ELEC3,0.25,0.0,0.0,0.0,0.0,0.0
9168,US,US,MEAT1,INLAN,0.25,0.0,0.0,0.0,0.0,0.0
10809,US,US,NUCLE,TEXTI,0.29,0.0,0.0,0.0,0.0,0.0
70,US,US,93197,LIQUE,0.29,0.0,0.0,0.0,0.0,0.0
13193,US,US,RADIO,OILSE,0.24,0.0,0.0,0.0,0.0,0.0
2396,US,US,CHEMI,PLAS1,0.25,0.0,0.0,0.0,0.0,0.0
6723,US,US,FURNI,BRICK,0.24,0.0,0.0,0.0,0.0,0.0
14873,US,US,STONE,INTER,0.24,0.0,0.0,0.0,0.0,0.0
8941,US,US,LUBRI,PAPE3,0.24,0.0,0.0,0.0,0.0,0.0
15576,US,US,TEXT2,PIGS9,0.24,0.0,0.0,0.0,0.0,0.0
12890,US,US,PRINT,SUBBI,0.24,0.0,0.0,0.0,0.0,0.0
16282,US,US,WASTE,PLAS2,0.24,0.0,0.0,0.0,0.0,0.0
36,US,US,93197,ELEC4,0.24,0.0,0.0,0.0,0.0,0.0
17077,US,US,WOODW,OILHA,0.24,0.0,0.0,0.0,0.0,0.0
14795,US,US,STEAM,PLAS1,0.24,0.0,0.0,0.0,0.0,0.0
9213,US,US,MEAT4,FURNI,0.24,0.0,0.0,0.0,0.0,0.0
2454,US,US,COKE1,FURNI,0.24,0.0,0.0,0.0,0.0,0.0
11890,US,US,PFERT,COMPU,0.24,0.0,0.0,0.0,0.0,0.0
13670,US,US,REFI1,WHITE,0.24,0.0,0.0,0.0,0.0,0.0
6379,US,US,FOOD5,SANDC,0.24,0.0,0.0,0.0,0.0,0.0
14669,US,US,SEWAG,REFIN,0.24,0.0,0.0,0.0,0.0,0.0
15536,US,US,TEXT2,INTER,0.24,0.0,0.0,0.0,0.0,0.0
12488,US,US,POSTT,ELE11,0.24,0.0,0.0,0.0,0.0,0.0
8536,US,US,LEADZ,FOOD5,0.24,0.0,0.0,0.0,0.0,0.0
12774,US,US,PRINT,CHEMI,0.24,0.0,0.0,0.0,0.0,0.0
56,US,US,93197,HEAVY,0.24,0.0,0.0,0.0,0.0,0.0
11829,US,US,PAPER,WHITE,0.24,0.0,0.0,0.0,0.0,0.0
16126,US,US,VEGET,LEATH,0.24,0.0,0.0,0.0,0.0,0.0
17021,US,US,WOODW,CROPS,0.24,0.0,0.0,0.0,0.0,0.0
1664,US,US,BRICK,TEXTI,0.24,0.0,0.0,0.0,0.0,0.0
16346,US,US,WEARI,INTER,0.24,0.0,0.0,0.0,0.0,0.0
12133,US,US,PLAS1,LEAD1,0.24,0.0,0.0,0.0,0.0,0.0
5909,US,US,FOOD2,INERT,0.24,0.0,0.0,0.0,0.0,0.0
7608,US,US,HYDRO,RENTI,0.25,0.0,0.0,0.0,0.0,0.0
13202,US,US,RADIO,PIGS9,0.25,0.0,0.0,0.0,0.0,0.0
2667,US,US,COMPU,ELE12,0.25,0.0,0.0,0.0,0.0,0.0
2081,US,US,CERAM,SUPPO,0.25,0.0,0.0,0.0,0.0,0.0
13245,US,US,RADIO,VEGET,0.25,0.0,0.0,0.0,0.0,0.0
3551,US,US,DISTR,ANTHR,0.25,0.0,0.0,0.0,0.0,0.0
5005,US,US,ELEC7,MEDIC,0.25,0.0,0.0,0.0,0.0,0.0
8258,US,US,KEROS,BITU1,0.25,0.0,0.0,0.0,0.0,0.0
331,US,US,ALUM1,LUBRI,0.24,0.0,0.0,0.0,0.0,0.0
8161,US,US,IRONO,IRONO,0.24,0.0,0.0,0.0,0.0,0.0
6782,US,US,FURNI,LIGNI,0.24,0.0,0.0,0.0,0.0,0.0
777,US,US,BASIC,BEVER,0.24,0.0,0.0,0.0,0.0,0.0
16152,US,US,VEGET,PRINT,0.24,0.0,0.0,0.0,0.0,0.0
8849,US,US,LUBRI,AUXIL,0.24,0.0,0.0,0.0,0.0,0.0
11083,US,US,OILHA,SECO9,0.24,0.0,0.0,0.0,0.0,0.0
14574,US,US,SEWAG,ELE11,0.24,0.0,0.0,0.0,0.0,0.0
5209,US,US,ELEC9,ALUM1,0.24,0.0,0.0,0.0,0.0,0.0
4303,US,US,ELEC2,MEATA,0.24,0.0,0.0,0.0,0.0,0.0
6776,US,US,FURNI,IRONO,0.24,0.0,0.0,0.0,0.0,0.0
14436,US,US,SANDC,PLAS2,0.24,0.0,0.0,0.0,0.0,0.0
3022,US,US,COPP1,PAPE4,0.24,0.0,0.0,0.0,0.0,0.0
16955,US,US,WOOD2,PRIVA,0.29,0.0,0.0,0.0,0.0,0.0
5435,US,US,ELECT,SANDC,0.25,0.0,0.0,0.0,0.0,0.0
8801,US,US,LIQUI,OFFIC,0.14,0.0,0.0,0.0,0.0,0.0
12155,US,US,PLAS1,NONSP,0.17,0.0,0.0,0.0,0.0,0.0
15466,US,US,TEXT1,WOOD2,0.12,0.0,0.0,0.0,0.0,0.0
9276,US,US,MEATC,AIRTR,0.12,0.0,0.0,0.0,0.0,0.0
16022,US,US,VEGE1,BITU1,0.12,0.0,0.0,0.0,0.0,0.0
8944,US,US,LUBRI,PARAF,0.12,0.0,0.0,0.0,0.0,0.0
5571,US,US,FABRI,PARAF,0.12,0.0,0.0,0.0,0.0,0.0
12708,US,US,PRECI,93197,0.12,0.0,0.0,0.0,0.0,0.0
10800,US,US,NUCLE,NONME,0.12,0.0,0.0,0.0,0.0,0.0
15150,US,US,SUPPO,ANTHR,0.12,0.0,0.0,0.0,0.0,0.0
16428,US,US,WHEAT,PAPER,0.12,0.0,0.0,0.0,0.0,0.0
15625,US,US,TEXT2,WOOD1,0.12,0.0,0.0,0.0,0.0,0.0
14294,US,US,SALEM,NAPHT,0.12,0.0,0.0,0.0,0.0,0.0
11233,US,US,PAPE1,ETHAN,0.12,0.0,0.0,0.0,0.0,0.0
4848,US,US,ELEC6,FOOD4,0.12,0.0,0.0,0.0,0.0,0.0
1165,US,US,BIOG1,LANDT,0.12,0.0,0.0,0.0,0.0,0.0
14718,US,US,STEAM,CEREA,0.12,0.0,0.0,0.0,0.0,0.0
15518,US,US,TEXT2,FISHF,0.12,0.0,0.0,0.0,0.0,0.0
11163,US,US,PADDY,PFERT,0.12,0.0,0.0,0.0,0.0,0.0
10689,US,US,NONME,TEXT2,0.12,0.0,0.0,0.0,0.0,0.0
10804,US,US,NUCLE,PREC1,0.12,0.0,0.0,0.0,0.0,0.0
16391,US,US,WEARI,WOOD1,0.12,0.0,0.0,0.0,0.0,0.0
14933,US,US,STONE,WOOD1,0.12,0.0,0.0,0.0,0.0,0.0
878,US,US,BASIC,PLANT,0.12,0.0,0.0,0.0,0.0,0.0
8111,US,US,INTER,SUGAR,0.12,0.0,0.0,0.0,0.0,0.0
2026,US,US,CERAM,ELEC4,0.12,0.0,0.0,0.0,0.0,0.0
7056,US,US,GLASS,FINAN,0.12,0.0,0.0,0.0,0.0,0.0
1385,US,US,BITU1,CRUDE,0.12,0.0,0.0,0.0,0.0,0.0
8779,US,US,LIQUI,HOTEL,0.12,0.0,0.0,0.0,0.0,0.0
10197,US,US,NATU1,PREC1,0.12,0.0,0.0,0.0,0.0,0.0
6680,US,US,FOUND,PLAST,0.12,0.0,0.0,0.0,0.0,0.0
462,US,US,ANIMA,MOTO1,0.12,0.0,0.0,0.0,0.0,0.0
16420,US,US,WHEAT,MEATA,0.12,0.0,0.0,0.0,0.0,0.0
8576,US,US,LEADZ,SEWAG,0.12,0.0,0.0,0.0,0.0,0.0
10863,US,US,OFFIC,FORES,0.12,0.0,0.0,0.0,0.0,0.0
13454,US,US,REALE,REFIN,0.12,0.0,0.0,0.0,0.0,0.0
3109,US,US,CROPS,ELECT,0.12,0.0,0.0,0.0,0.0,0.0
6069,US,US,FOOD3,LEAD1,0.12,0.0,0.0,0.0,0.0,0.0
4949,US,US,ELEC7,AUXIL,0.12,0.0,0.0,0.0,0.0,0.0
12215,US,US,PLAS1,WHITE,0.12,0.0,0.0,0.0,0.0,0.0
1623,US,US,BRICK,LEATH,0.12,0.0,0.0,0.0,0.0,0.0
16704,US,US,WOOD1,COKIN,0.12,0.0,0.0,0.0,0.0,0.0
15363,US,US,TEXT1,FOODW,0.12,0.0,0.0,0.0,0.0,0.0
4346,US,US,ELEC2,REFI1,0.12,0.0,0.0,0.0,0.0,0.0
11055,US,US,OILHA,PIGS9,0.12,0.0,0.0,0.0,0.0,0.0
16823,US,US,WOOD1,TEXT2,0.12,0.0,0.0,0.0,0.0,0.0
11773,US,US,PAPER,OILSE,0.12,0.0,0.0,0.0,0.0,0.0
14864,US,US,STONE,FOOD5,0.12,0.0,0.0,0.0,0.0,0.0
2543,US,US,COLLE,KEROS,0.12,0.0,0.0,0.0,0.0,0.0
1543,US,US,BITUM,SANDC,0.12,0.0,0.0,0.0,0.0,0.0
7259,US,US,HEAVY,LUBRI,0.12,0.0,0.0,0.0,0.0,0.0
3949,US,US,ELE11,SUGA1,0.12,0.0,0.0,0.0,0.0,0.0
10522,US,US,NONFE,BIOGA,0.12,0.0,0.0,0.0,0.0,0.0
9506,US,US,MEDIC,NONSP,0.12,0.0,0.0,0.0,0.0,0.0
13467,US,US,REALE,SUBBI,0.12,0.0,0.0,0.0,0.0,0.0
4001,US,US,ELE12,FURNI,0.11,0.0,0.0,0.0,0.0,0.0
1649,US,US,BRICK,PUBLI,0.11,0.0,0.0,0.0,0.0,0.0
16454,US,US,WHITE,CATTL,0.11,0.0,0.0,0.0,0.0,0.0
12320,US,US,PLAS2,OILHA,0.11,0.0,0.0,0.0,0.0,0.0
5047,US,US,ELEC7,SECO9,0.11,0.0,0.0,0.0,0.0,0.0
6762,US,US,FURNI,FORES,0.11,0.0,0.0,0.0,0.0,0.0
1216,US,US,BIOG1,VEGET,0.11,0.0,0.0,0.0,0.0,0.0
3573,US,US,DISTR,COLLE,0.11,0.0,0.0,0.0,0.0,0.0
5193,US,US,ELEC8,TEXT2,0.11,0.0,0.0,0.0,0.0,0.0
9357,US,US,MEATP,CROPS,0.11,0.0,0.0,0.0,0.0,0.0
13249,US,US,RADIO,WHITE,0.11,0.0,0.0,0.0,0.0,0.0
14218,US,US,SALEM,BLAST,0.11,0.0,0.0,0.0,0.0,0.0
14504,US,US,SECO9,FISHF,0.11,0.0,0.0,0.0,0.0,0.0
11581,US,US,PAPE4,KERO1,0.11,0.0,0.0,0.0,0.0,0.0
13219,US,US,RADIO,REFI1,0.11,0.0,0.0,0.0,0.0,0.0
860,US,US,BASIC,NFERT,0.11,0.0,0.0,0.0,0.0,0.0
6474,US,US,FOODW,LIQUI,0.11,0.0,0.0,0.0,0.0,0.0
16445,US,US,WHITE,ANTHR,0.11,0.0,0.0,0.0,0.0,0.0
8597,US,US,LEATH,DISTR,0.11,0.0,0.0,0.0,0.0,0.0
11188,US,US,PAPE1,ANIMA,0.11,0.0,0.0,0.0,0.0,0.0
15480,US,US,TEXT2,BITU1,0.11,0.0,0.0,0.0,0.0,0.0
10405,US,US,NFERT,ELECT,0.11,0.0,0.0,0.0,0.0,0.0
5842,US,US,FISHF,SUPPO,0.11,0.0,0.0,0.0,0.0,0.0
14311,US,US,SALEM,PETRO,0.11,0.0,0.0,0.0,0.0,0.0
2116,US,US,CEREA,KEROS,0.11,0.0,0.0,0.0,0.0,0.0
8334,US,US,LANDT,COKE1,0.12,0.0,0.0,0.0,0.0,0.0
13628,US,US,RECRE,SUBBI,0.12,0.0,0.0,0.0,0.0,0.0
5238,US,US,ELEC9,FOUND,0.12,0.0,0.0,0.0,0.0,0.0
14772,US,US,STEAM,MEATP,0.12,0.0,0.0,0.0,0.0,0.0
11287,US,US,PAPE1,PADDY,0.12,0.0,0.0,0.0,0.0,0.0
11141,US,US,PADDY,INERT,0.12,0.0,0.0,0.0,0.0,0.0
10124,US,US,NATU1,COLLE,0.12,0.0,0.0,0.0,0.0,0.0
11419,US,US,PAPE3,KERO1,0.12,0.0,0.0,0.0,0.0,0.0
8347,US,US,LANDT,ELE11,0.12,0.0,0.0,0.0,0.0,0.0
11109,US,US,OILSE,DAIRY,0.12,0.0,0.0,0.0,0.0,0.0
10298,US,US,NATUR,INTER,0.12,0.0,0.0,0.0,0.0,0.0
4171,US,US,ELEC1,PETRO,0.12,0.0,0.0,0.0,0.0,0.0
16250,US,US,WASTE,LUBRI,0.12,0.0,0.0,0.0,0.0,0.0
8951,US,US,LUBRI,PREC1,0.11,0.0,0.0,0.0,0.0,0.0
9810,US,US,MOTO1,MEATA,0.12,0.0,0.0,0.0,0.0,0.0
1113,US,US,BIODI,SUGA1,0.12,0.0,0.0,0.0,0.0,0.0
16499,US,US,WHITE,NONSP,0.12,0.0,0.0,0.0,0.0,0.0
15127,US,US,SUGAR,PFERT,0.12,0.0,0.0,0.0,0.0,0.0
2423,US,US,CHEMI,VEGE1,0.12,0.0,0.0,0.0,0.0,0.0
190,US,US,AIRTR,GASWO,0.12,0.0,0.0,0.0,0.0,0.0
16915,US,US,WOOD2,LIQUI,0.11,0.0,0.0,0.0,0.0,0.0
11944,US,US,PFERT,OILHA,0.11,0.0,0.0,0.0,0.0,0.0
12679,US,US,PREC1,PAPE3,0.11,0.0,0.0,0.0,0.0,0.0
12317,US,US,PLAS2,NONSP,0.11,0.0,0.0,0.0,0.0,0.0
9147,US,US,MACHI,WASTE,0.12,0.0,0.0,0.0,0.0,0.0
8533,US,US,LEADZ,ELECT,0.12,0.0,0.0,0.0,0.0,0.0
4016,US,US,ELE12,MEAT1,0.11,0.0,0.0,0.0,0.0,0.0
12847,US,US,PRINT,NONSP,0.12,0.0,0.0,0.0,0.0,0.0
6239,US,US,FOOD4,OILHA,0.13,0.0,0.0,0.0,0.0,0.0
2092,US,US,CEREA,ALUM1,0.13,0.0,0.0,0.0,0.0,0.0
11260,US,US,PAPE1,LEAD1,0.13,0.0,0.0,0.0,0.0,0.0
16626,US,US,WHOLE,PAPE1,0.13,0.0,0.0,0.0,0.0,0.0
6360,US,US,FOOD5,PFERT,0.13,0.0,0.0,0.0,0.0,0.0
13740,US,US,RENTI,ELE11,0.13,0.0,0.0,0.0,0.0,0.0
15772,US,US,TRAN1,BIOG1,0.13,0.0,0.0,0.0,0.0,0.0
14829,US,US,STEAM,VEGE1,0.13,0.0,0.0,0.0,0.0,0.0
3868,US,US,ELE11,DIST1,0.13,0.0,0.0,0.0,0.0,0.0
16978,US,US,WOOD2,SUBBI,0.13,0.0,0.0,0.0,0.0,0.0
9258,US,US,MEAT4,SANDC,0.13,0.0,0.0,0.0,0.0,0.0
4952,US,US,ELEC7,BIODI,0.13,0.0,0.0,0.0,0.0,0.0
1535,US,US,BITUM,RECRE,0.13,0.0,0.0,0.0,0.0,0.0
7162,US,US,HEALT,PAPE3,0.13,0.0,0.0,0.0,0.0,0.0
4072,US,US,ELE12,VEGE1,0.13,0.0,0.0,0.0,0.0,0.0
12360,US,US,PLAS2,STEAM,0.13,0.0,0.0,0.0,0.0,0.0
3029,US,US,COPP1,POSTT,0.13,0.0,0.0,0.0,0.0,0.0
15631,US,US,TEXTI,ANIMA,0.13,0.0,0.0,0.0,0.0,0.0
2388,US,US,CHEMI,PAPE1,0.13,0.0,0.0,0.0,0.0,0.0
2496,US,US,COLLE,COKEO,0.13,0.0,0.0,0.0,0.0,0.0
11708,US,US,PAPER,ELE12,0.13,0.0,0.0,0.0,0.0,0.0
11351,US,US,PAPE3,ANTHR,0.13,0.0,0.0,0.0,0.0,0.0
4960,US,US,ELEC7,CERAM,0.13,0.0,0.0,0.0,0.0,0.0
15845,US,US,TRAN1,NAPHT,0.13,0.0,0.0,0.0,0.0,0.0
7095,US,US,GLASS,NUCLE,0.13,0.0,0.0,0.0,0.0,0.0
13398,US,US,REALE,KERO1,0.13,0.0,0.0,0.0,0.0,0.0
5819,US,US,FISH5,WEARI,0.13,0.0,0.0,0.0,0.0,0.0
3005,US,US,COPP1,LEATH,0.13,0.0,0.0,0.0,0.0,0.0
15152,US,US,SUPPO,AVIAT,0.13,0.0,0.0,0.0,0.0,0.0
6308,US,US,FOOD5,BITU1,0.13,0.0,0.0,0.0,0.0,0.0
4448,US,US,ELEC3,MEATA,0.13,0.0,0.0,0.0,0.0,0.0
10054,US,US,NAPHT,CEMEN,0.13,0.0,0.0,0.0,0.0,0.0
5317,US,US,ELECT,CATTL,0.13,0.0,0.0,0.0,0.0,0.0
14305,US,US,SALEM,PADDY,0.13,0.0,0.0,0.0,0.0,0.0
455,US,US,ANIMA,INLAN,0.13,0.0,0.0,0.0,0.0,0.0
4367,US,US,ELEC2,TRAN1,0.13,0.0,0.0,0.0,0.0,0.0
8413,US,US,LANDT,PADDY,0.13,0.0,0.0,0.0,0.0,0.0
9854,US,US,MOTO1,REFIN,0.13,0.0,0.0,0.0,0.0,0.0
250,US,US,AIRTR,REFIN,0.13,0.0,0.0,0.0,0.0,0.0
1930,US,US,CEMEN,LEADZ,0.13,0.0,0.0,0.0,0.0,0.0
5234,US,US,ELEC9,FINAN,0.13,0.0,0.0,0.0,0.0,0.0
959,US,US,BEVER,PAPE4,0.13,0.0,0.0,0.0,0.0,0.0
5014,US,US,ELEC7,OFFIC,0.13,0.0,0.0,0.0,0.0,0.0
3756,US,US,EDUCA,GASWO,0.13,0.0,0.0,0.0,0.0,0.0
10219,US,US,NATU1,SUPPO,0.13,0.0,0.0,0.0,0.0,0.0
9261,US,US,MEAT4,STONE,0.13,0.0,0.0,0.0,0.0,0.0
2057,US,US,CERAM,PAPE1,0.13,0.0,0.0,0.0,0.0,0.0
14561,US,US,SEWAG,COKE1,0.13,0.0,0.0,0.0,0.0,0.0
16119,US,US,VEGET,GASDI,0.13,0.0,0.0,0.0,0.0,0.0
13649,US,US,REFI1,BASIC,0.13,0.0,0.0,0.0,0.0,0.0
497,US,US,ANTHR,COPP1,0.13,0.0,0.0,0.0,0.0,0.0
14466,US,US,SEACO,AUXIL,0.13,0.0,0.0,0.0,0.0,0.0
9454,US,US,MEDIC,ELEC7,0.12,0.0,0.0,0.0,0.0,0.0
11849,US,US,PARAF,HYDRO,0.12,0.0,0.0,0.0,0.0,0.0
13321,US,US,RAWMI,RESEA,0.12,0.0,0.0,0.0,0.0,0.0
14638,US,US,SEWAG,NUCLE,0.12,0.0,0.0,0.0,0.0,0.0
6541,US,US,FOODW,TEXT1,0.12,0.0,0.0,0.0,0.0,0.0
2039,US,US,CERAM,GLASS,0.12,0.0,0.0,0.0,0.0,0.0
13559,US,US,RECRE,KERO1,0.12,0.0,0.0,0.0,0.0,0.0
478,US,US,ANIMA,WOOLS,0.12,0.0,0.0,0.0,0.0,0.0
15114,US,US,SUGAR,LUBRI,0.12,0.0,0.0,0.0,0.0,0.0
12682,US,US,PREC1,PLAS1,0.12,0.0,0.0,0.0,0.0,0.0
1092,US,US,BIODI,PUBLI,0.12,0.0,0.0,0.0,0.0,0.0
14713,US,US,STEAM,BLAST,0.12,0.0,0.0,0.0,0.0,0.0
14787,US,US,STEAM,PAPE1,0.12,0.0,0.0,0.0,0.0,0.0
9610,US,US,MEMBE,ELEC8,0.12,0.0,0.0,0.0,0.0,0.0
11853,US,US,PARAF,LIQUE,0.12,0.0,0.0,0.0,0.0,0.0
16380,US,US,WEARI,SEACO,0.12,0.0,0.0,0.0,0.0,0.0
8075,US,US,INTER,PETRO,0.12,0.0,0.0,0.0,0.0,0.0
16982,US,US,WOOD2,TEXT1,0.12,0.0,0.0,0.0,0.0,0.0
8828,US,US,LIQUI,SEWAG,0.12,0.0,0.0,0.0,0.0,0.0
16185,US,US,WASTE,BIOG1,0.12,0.0,0.0,0.0,0.0,0.0
7163,US,US,HEALT,PAPE4,0.12,0.0,0.0,0.0,0.0,0.0
16566,US,US,WHOLE,COKEO,0.12,0.0,0.0,0.0,0.0,0.0
1637,US,US,BRICK,PAPE1,0.12,0.0,0.0,0.0,0.0,0.0
1077,US,US,BIODI,PADDY,0.12,0.0,0.0,0.0,0.0,0.0
1142,US,US,BIOG1,CEREA,0.12,0.0,0.0,0.0,0.0,0.0
8519,US,US,LEADZ,ALUM1,0.13,0.0,0.0,0.0,0.0,0.0
17001,US,US,WOODW,ANIMA,0.13,0.0,0.0,0.0,0.0,0.0
1462,US,US,BITUM,COMPU,0.13,0.0,0.0,0.0,0.0,0.0
5829,US,US,FISHF,INLAN,0.13,0.0,0.0,0.0,0.0,0.0
12437,US,US,PLAST,REFI1,0.13,0.0,0.0,0.0,0.0,0.0
6115,US,US,FOOD3,REFI1,0.13,0.0,0.0,0.0,0.0,0.0
6236,US,US,FOOD4,NONSP,0.13,0.0,0.0,0.0,0.0,0.0
9883,US,US,MOTO1,WHITE,0.13,0.0,0.0,0.0,0.0,0.0
3967,US,US,ELE12,AIRTR,0.13,0.0,0.0,0.0,0.0,0.0
2384,US,US,CHEMI,OFFIC,0.13,0.0,0.0,0.0,0.0,0.0
11513,US,US,PAPE4,ANTHR,0.13,0.0,0.0,0.0,0.0,0.0
572,US,US,ANTHR,WHOLE,0.13,0.0,0.0,0.0,0.0,0.0
11146,US,US,PADDY,LUBRI,0.13,0.0,0.0,0.0,0.0,0.0
2065,US,US,CERAM,PREC1,0.12,0.0,0.0,0.0,0.0,0.0
3747,US,US,EDUCA,FOOD2,0.13,0.0,0.0,0.0,0.0,0.0
10217,US,US,NATU1,SUGA1,0.12,0.0,0.0,0.0,0.0,0.0
530,US,US,ANTHR,MEDIC,0.12,0.0,0.0,0.0,0.0,0.0
12130,US,US,PLAS1,KERO1,0.12,0.0,0.0,0.0,0.0,0.0
9203,US,US,MEAT4,CROPS,0.12,0.0,0.0,0.0,0.0,0.0
6738,US,US,FURNI,CROPS,0.12,0.0,0.0,0.0,0.0,0.0
8476,US,US,LEAD1,BITU1,0.12,0.0,0.0,0.0,0.0,0.0
511,US,US,ANTHR,GASDI,0.12,0.0,0.0,0.0,0.0,0.0
8270,US,US,KEROS,DIST1,0.12,0.0,0.0,0.0,0.0,0.0
851,US,US,BASIC,MEATC,0.12,0.0,0.0,0.0,0.0,0.0
4140,US,US,ELEC1,LIGNI,0.11,0.0,0.0,0.0,0.0,0.0
4161,US,US,ELEC1,NUCLE,0.11,0.0,0.0,0.0,0.0,0.0
1609,US,US,BRICK,FOOD4,0.17,0.0,0.0,0.0,0.0,0.0
3987,US,US,ELE12,COPP1,0.1,0.0,0.0,0.0,0.0,0.0
563,US,US,ANTHR,STEAM,0.1,0.0,0.0,0.0,0.0,0.0
4411,US,US,ELEC3,DISTR,0.1,0.0,0.0,0.0,0.0,0.0
1577,US,US,BLAST,ELEC6,0.1,0.0,0.0,0.0,0.0,0.0
875,US,US,BASIC,PETRO,0.1,0.0,0.0,0.0,0.0,0.0
7932,US,US,INSUR,RAILW,0.1,0.0,0.0,0.0,0.0,0.0
6979,US,US,GASDI,REFIN,0.1,0.0,0.0,0.0,0.0,0.0
13931,US,US,RESEA,HYDRO,0.1,0.0,0.0,0.0,0.0,0.0
16455,US,US,WHITE,CEREA,0.1,0.0,0.0,0.0,0.0,0.0
5282,US,US,ELEC9,RUBBE,0.1,0.0,0.0,0.0,0.0,0.0
15255,US,US,SUPPO,PARAF,0.1,0.0,0.0,0.0,0.0,0.0
538,US,US,ANTHR,NONF1,0.1,0.0,0.0,0.0,0.0,0.0
14826,US,US,STEAM,TOBAC,0.1,0.0,0.0,0.0,0.0,0.0
16412,US,US,WHEAT,GASDI,0.1,0.0,0.0,0.0,0.0,0.0
10065,US,US,NAPHT,KERO1,0.1,0.0,0.0,0.0,0.0,0.0
5011,US,US,ELEC7,NFERT,0.1,0.0,0.0,0.0,0.0,0.0
5031,US,US,ELEC7,PROCE,0.1,0.0,0.0,0.0,0.0,0.0
7006,US,US,GASDI,WHITE,0.1,0.0,0.0,0.0,0.0,0.0
11895,US,US,PFERT,DIST1,0.1,0.0,0.0,0.0,0.0,0.0
6664,US,US,FOUND,LEATH,0.1,0.0,0.0,0.0,0.0,0.0
5630,US,US,FINAN,ANIMA,0.1,0.0,0.0,0.0,0.0,0.0
3765,US,US,EDUCA,KEROS,0.1,0.0,0.0,0.0,0.0,0.0
6350,US,US,FOOD5,MOTO1,0.1,0.0,0.0,0.0,0.0,0.0
936,US,US,BEVER,CROPS,0.1,0.0,0.0,0.0,0.0,0.0
14544,US,US,SEWAG,AVIAT,0.1,0.0,0.0,0.0,0.0,0.0
7276,US,US,HEAVY,NONSP,0.1,0.0,0.0,0.0,0.0,0.0
16542,US,US,WHITE,WHITE,0.1,0.0,0.0,0.0,0.0,0.0
1961,US,US,CEMEN,PLAST,0.1,0.0,0.0,0.0,0.0,0.0
11171,US,US,PADDY,REALE,0.1,0.0,0.0,0.0,0.0,0.0
7757,US,US,INERT,REFIN,0.1,0.0,0.0,0.0,0.0,0.0
11981,US,US,PFERT,TRAN1,0.1,0.0,0.0,0.0,0.0,0.0
7264,US,US,HEAVY,MEATC,0.1,0.0,0.0,0.0,0.0,0.0
1207,US,US,BIOG1,SEACO,0.1,0.0,0.0,0.0,0.0,0.0
11012,US,US,OILHA,HEAVY,0.1,0.0,0.0,0.0,0.0,0.0
13220,US,US,RADIO,REFIN,0.1,0.0,0.0,0.0,0.0,0.0
10058,US,US,NAPHT,ELECT,0.1,0.0,0.0,0.0,0.0,0.0
559,US,US,ANTHR,RETAI,0.1,0.0,0.0,0.0,0.0,0.0
12422,US,US,PLAST,NONF1,0.1,0.0,0.0,0.0,0.0,0.0
3002,US,US,COPP1,INTER,0.1,0.0,0.0,0.0,0.0,0.0
13117,US,US,RADIO,COKEO,0.1,0.0,0.0,0.0,0.0,0.0
6036,US,US,FOOD3,EDUCA,0.1,0.0,0.0,0.0,0.0,0.0
5813,US,US,FISH5,RUBBE,0.1,0.0,0.0,0.0,0.0,0.0
5337,US,US,ELECT,ELE12,0.1,0.0,0.0,0.0,0.0,0.0
1489,US,US,BITUM,IRONO,0.1,0.0,0.0,0.0,0.0,0.0
125,US,US,93197,VEGE1,0.1,0.0,0.0,0.0,0.0,0.0
8354,US,US,LANDT,ELEC6,0.1,0.0,0.0,0.0,0.0,0.0
15512,US,US,TEXT2,ELEC8,0.1,0.0,0.0,0.0,0.0,0.0
457,US,US,ANIMA,LEATH,0.1,0.0,0.0,0.0,0.0,0.0
15557,US,US,TEXT2,NAPHT,0.1,0.0,0.0,0.0,0.0,0.0
14997,US,US,SUBBI,NAPHT,0.1,0.0,0.0,0.0,0.0,0.0
7227,US,US,HEAVY,ELEC7,0.1,0.0,0.0,0.0,0.0,0.0
6591,US,US,FORES,LANDT,0.1,0.0,0.0,0.0,0.0,0.0
14725,US,US,STEAM,COPP1,0.1,0.0,0.0,0.0,0.0,0.0
6731,US,US,FURNI,COKE1,0.1,0.0,0.0,0.0,0.0,0.0
12978,US,US,PUBLI,ETHAN,0.1,0.0,0.0,0.0,0.0,0.0
16944,US,US,WOOD2,PETRO,0.1,0.0,0.0,0.0,0.0,0.0
16200,US,US,WASTE,COKIN,0.1,0.0,0.0,0.0,0.0,0.0
8549,US,US,LEADZ,LIQUI,0.1,0.0,0.0,0.0,0.0,0.0
1177,US,US,BIOG1,MOTOR,0.1,0.0,0.0,0.0,0.0,0.0
6005,US,US,FOOD3,ANIMA,0.1,0.0,0.0,0.0,0.0,0.0
532,US,US,ANTHR,MOTO1,0.1,0.0,0.0,0.0,0.0,0.0
8556,US,US,LEADZ,MOTOR,0.1,0.0,0.0,0.0,0.0,0.0
10752,US,US,NONSP,NFERT,0.1,0.0,0.0,0.0,0.0,0.0
14076,US,US,RUBBE,ELE12,0.1,0.0,0.0,0.0,0.0,0.0
6757,US,US,FURNI,FISHF,0.1,0.0,0.0,0.0,0.0,0.0
12273,US,US,PLAS2,FOOD2,0.1,0.0,0.0,0.0,0.0,0.0
4749,US,US,ELEC5,OILHA,0.1,0.0,0.0,0.0,0.0,0.0
3886,US,US,ELE11,INERT,0.1,0.0,0.0,0.0,0.0,0.0
8042,US,US,INTER,LEAD1,0.1,0.0,0.0,0.0,0.0,0.0
6503,US,US,FOODW,PETRO,0.1,0.0,0.0,0.0,0.0,0.0
5304,US,US,ELECT,ANTHR,0.1,0.0,0.0,0.0,0.0,0.0
8910,US,US,LUBRI,INTER,0.1,0.0,0.0,0.0,0.0,0.0
6813,US,US,FURNI,PIGS9,0.1,0.0,0.0,0.0,0.0,0.0
962,US,US,BEVER,PLAS2,0.1,0.0,0.0,0.0,0.0,0.0
9702,US,US,MEMBE,STEAM,0.1,0.0,0.0,0.0,0.0,0.0
2077,US,US,CERAM,SEACO,0.1,0.0,0.0,0.0,0.0,0.0
16729,US,US,WOOD1,FISHF,0.1,0.0,0.0,0.0,0.0,0.0
2545,US,US,COLLE,LEAD1,0.1,0.0,0.0,0.0,0.0,0.0
13422,US,US,REALE,NONME,0.1,0.0,0.0,0.0,0.0,0.0
14624,US,US,SEWAG,MEATA,0.1,0.0,0.0,0.0,0.0,0.0
7152,US,US,HEALT,FOOD4,0.1,0.0,0.0,0.0,0.0,0.0
1895,US,US,CEMEN,ELE12,0.1,0.0,0.0,0.0,0.0,0.0
10266,US,US,NATUR,ELE12,0.1,0.0,0.0,0.0,0.0,0.0
11165,US,US,PADDY,PLAS1,0.1,0.0,0.0,0.0,0.0,0.0
12905,US,US,PRINT,WHITE,0.1,0.0,0.0,0.0,0.0,0.0
5403,US,US,ELECT,PADDY,0.1,0.0,0.0,0.0,0.0,0.0
7506,US,US,HYDRO,AIRTR,0.1,0.0,0.0,0.0,0.0,0.0
5052,US,US,ELEC7,SUGAR,0.1,0.0,0.0,0.0,0.0,0.0
11905,US,US,PFERT,FOOD2,0.1,0.0,0.0,0.0,0.0,0.0
9216,US,US,MEAT4,HEAVY,0.1,0.0,0.0,0.0,0.0,0.0
11723,US,US,PAPER,FISHF,0.1,0.0,0.0,0.0,0.0,0.0
8810,US,US,LIQUI,POSTT,0.1,0.0,0.0,0.0,0.0,0.0
518,US,US,ANTHR,KEROS,0.1,0.0,0.0,0.0,0.0,0.0
6059,US,US,FOOD3,GASWO,0.1,0.0,0.0,0.0,0.0,0.0
3067,US,US,COPPE,FURNI,0.1,0.0,0.0,0.0,0.0,0.0
10529,US,US,NONFE,COPP1,0.1,0.0,0.0,0.0,0.0,0.0
15608,US,US,TEXT2,SUBBI,0.1,0.0,0.0,0.0,0.0,0.0
11065,US,US,OILHA,PROCE,0.1,0.0,0.0,0.0,0.0,0.0
11112,US,US,OILSE,PUBLI,0.1,0.0,0.0,0.0,0.0,0.0
3584,US,US,DISTR,ELEC2,0.1,0.0,0.0,0.0,0.0,0.0
14831,US,US,STEAM,WEARI,0.1,0.0,0.0,0.0,0.0,0.0
14424,US,US,SANDC,NONSP,0.1,0.0,0.0,0.0,0.0,0.0
11136,US,US,PADDY,FORES,0.1,0.0,0.0,0.0,0.0,0.0
9500,US,US,MEDIC,NAPHT,0.1,0.0,0.0,0.0,0.0,0.0
16787,US,US,WOOD1,PLANT,0.11,0.0,0.0,0.0,0.0,0.0
9828,US,US,MOTO1,PADDY,0.1,0.0,0.0,0.0,0.0,0.0
1578,US,US,BLAST,ELEC7,0.11,0.0,0.0,0.0,0.0,0.0
3774,US,US,EDUCA,MEATP,0.11,0.0,0.0,0.0,0.0,0.0
734,US,US,AUXIL,WASTE,0.11,0.0,0.0,0.0,0.0,0.0
2112,US,US,CEREA,FURNI,0.11,0.0,0.0,0.0,0.0,0.0
6192,US,US,FOOD4,FOOD2,0.11,0.0,0.0,0.0,0.0,0.0
16325,US,US,WASTE,WOOD2,0.11,0.0,0.0,0.0,0.0,0.0
15798,US,US,TRAN1,ELEC1,0.11,0.0,0.0,0.0,0.0,0.0
6117,US,US,FOOD3,RENTI,0.11,0.0,0.0,0.0,0.0,0.0
3073,US,US,COPPE,MEDIC,0.11,0.0,0.0,0.0,0.0,0.0
16112,US,US,VEGET,FABRI,0.11,0.0,0.0,0.0,0.0,0.0
8553,US,US,LEADZ,MEDIC,0.11,0.0,0.0,0.0,0.0,0.0
12680,US,US,PREC1,PAPE4,0.11,0.0,0.0,0.0,0.0,0.0
4441,US,US,ELEC3,LIGNI,0.11,0.0,0.0,0.0,0.0,0.0
14392,US,US,SANDC,FOODW,0.11,0.0,0.0,0.0,0.0,0.0
11152,US,US,PADDY,MEDIC,0.11,0.0,0.0,0.0,0.0,0.0
14893,US,US,STONE,NONSP,0.11,0.0,0.0,0.0,0.0,0.0
7663,US,US,INERT,ELE11,0.11,0.0,0.0,0.0,0.0,0.0
4462,US,US,ELEC3,NUCLE,0.11,0.0,0.0,0.0,0.0,0.0
5633,US,US,FINAN,AVIAT,0.11,0.0,0.0,0.0,0.0,0.0
3061,US,US,COPPE,CEMEN,0.11,0.0,0.0,0.0,0.0,0.0
16062,US,US,VEGE1,NONSP,0.11,0.0,0.0,0.0,0.0,0.0
16229,US,US,WASTE,FOODW,0.11,0.0,0.0,0.0,0.0,0.0
16649,US,US,WHOLE,REFIN,0.11,0.0,0.0,0.0,0.0,0.0
1125,US,US,BIODI,WEARI,0.11,0.0,0.0,0.0,0.0,0.0
6583,US,US,FORES,FOUND,0.11,0.0,0.0,0.0,0.0,0.0
2193,US,US,CHEM1,ELE12,0.11,0.0,0.0,0.0,0.0,0.0
16396,US,US,WHEAT,BEVER,0.11,0.0,0.0,0.0,0.0,0.0
8550,US,US,LEADZ,LUBRI,0.11,0.0,0.0,0.0,0.0,0.0
5841,US,US,FISHF,SECO9,0.11,0.0,0.0,0.0,0.0,0.0
2571,US,US,COLLE,PADDY,0.11,0.0,0.0,0.0,0.0,0.0
8160,US,US,IRONO,INTER,0.11,0.0,0.0,0.0,0.0,0.0
4472,US,US,ELEC3,PETRO,0.11,0.0,0.0,0.0,0.0,0.0
6593,US,US,FORES,LIQUE,0.11,0.0,0.0,0.0,0.0,0.0
11504,US,US,PAPE3,WHITE,0.11,0.0,0.0,0.0,0.0,0.0
9099,US,US,MACHI,PARAF,0.11,0.0,0.0,0.0,0.0,0.0
6122,US,US,FOOD3,STEAM,0.11,0.0,0.0,0.0,0.0,0.0
13316,US,US,RAWMI,MEATC,0.11,0.0,0.0,0.0,0.0,0.0
1150,US,US,BIOG1,ELECT,0.11,0.0,0.0,0.0,0.0,0.0
14463,US,US,SANDC,WOOD2,0.11,0.0,0.0,0.0,0.0,0.0
3852,US,US,ELE11,BITUM,0.11,0.0,0.0,0.0,0.0,0.0
11049,US,US,OILHA,PAPE1,0.11,0.0,0.0,0.0,0.0,0.0
7507,US,US,HYDRO,ALUM1,0.11,0.0,0.0,0.0,0.0,0.0
1365,US,US,BIOGA,WHEAT,0.11,0.0,0.0,0.0,0.0,0.0
3832,US,US,EDUCA,VEGE1,0.11,0.0,0.0,0.0,0.0,0.0
16690,US,US,WOOD1,BIOG1,0.11,0.0,0.0,0.0,0.0,0.0
11064,US,US,OILHA,PRIVA,0.11,0.0,0.0,0.0,0.0,0.0
3759,US,US,EDUCA,HEAVY,0.11,0.0,0.0,0.0,0.0,0.0
8925,US,US,LUBRI,MEATC,0.11,0.0,0.0,0.0,0.0,0.0
7316,US,US,HEAVY,SEWAG,0.11,0.0,0.0,0.0,0.0,0.0
7118,US,US,GLASS,REFIN,0.11,0.0,0.0,0.0,0.0,0.0
4535,US,US,ELEC4,BITU1,0.11,0.0,0.0,0.0,0.0,0.0
11145,US,US,PADDY,LIQUI,0.11,0.0,0.0,0.0,0.0,0.0
6143,US,US,FOOD4,ANTHR,0.11,0.0,0.0,0.0,0.0,0.0
9528,US,US,MEDIC,PULP5,0.11,0.0,0.0,0.0,0.0,0.0
16902,US,US,WOOD2,HYDRO,0.11,0.0,0.0,0.0,0.0,0.0
15119,US,US,SUGAR,MOTOR,0.11,0.0,0.0,0.0,0.0,0.0
16540,US,US,WHITE,VEGET,0.11,0.0,0.0,0.0,0.0,0.0
1318,US,US,BIOGA,PARAF,0.11,0.0,0.0,0.0,0.0,0.0
16225,US,US,WASTE,FISHF,0.11,0.0,0.0,0.0,0.0,0.0
7671,US,US,INERT,ELEC7,0.11,0.0,0.0,0.0,0.0,0.0
941,US,US,BEVER,FOOD4,0.11,0.0,0.0,0.0,0.0,0.0
6049,US,US,FOOD3,ETHAN,0.11,0.0,0.0,0.0,0.0,0.0
7641,US,US,INERT,BLAST,0.11,0.0,0.0,0.0,0.0,0.0
8563,US,US,LEADZ,PFERT,0.11,0.0,0.0,0.0,0.0,0.0
15113,US,US,SUGAR,LIQUI,0.11,0.0,0.0,0.0,0.0,0.0
7362,US,US,HOTEL,COKE1,0.11,0.0,0.0,0.0,0.0,0.0
6062,US,US,FOOD3,HYDRO,0.11,0.0,0.0,0.0,0.0,0.0
11325,US,US,PAPE1,STEAM,0.11,0.0,0.0,0.0,0.0,0.0
3905,US,US,ELE11,MOTOR,0.11,0.0,0.0,0.0,0.0,0.0
8095,US,US,INTER,REFI1,0.11,0.0,0.0,0.0,0.0,0.0
15387,US,US,TEXT1,LUBRI,0.11,0.0,0.0,0.0,0.0,0.0
3914,US,US,ELE11,PADDY,0.11,0.0,0.0,0.0,0.0,0.0
16013,US,US,TRANS,WOOD1,0.1,0.0,0.0,0.0,0.0,0.0
3700,US,US,DISTR,WOOLS,0.1,0.0,0.0,0.0,0.0,0.0
4110,US,US,ELEC1,DISTR,0.1,0.0,0.0,0.0,0.0,0.0
11828,US,US,PAPER,WHEAT,0.11,0.0,0.0,0.0,0.0,0.0
2563,US,US,COLLE,NFERT,0.11,0.0,0.0,0.0,0.0,0.0
4037,US,US,ELE12,PIGS9,0.11,0.0,0.0,0.0,0.0,0.0
12717,US,US,PRECI,CHEM1,0.11,0.0,0.0,0.0,0.0,0.0
7070,US,US,GLASS,INLAN,0.11,0.0,0.0,0.0,0.0,0.0
7189,US,US,HEAVY,AVIAT,0.11,0.0,0.0,0.0,0.0,0.0
5367,US,US,ELECT,HYDRO,0.11,0.0,0.0,0.0,0.0,0.0
11154,US,US,PADDY,MOTOR,0.11,0.0,0.0,0.0,0.0,0.0
13630,US,US,RECRE,SUGAR,0.11,0.0,0.0,0.0,0.0,0.0
3900,US,US,ELE11,MEATC,0.11,0.0,0.0,0.0,0.0,0.0
5944,US,US,FOOD2,PAPE1,0.11,0.0,0.0,0.0,0.0,0.0
195,US,US,AIRTR,HYDRO,0.11,0.0,0.0,0.0,0.0,0.0
6461,US,US,FOODW,HYDRO,0.11,0.0,0.0,0.0,0.0,0.0
15838,US,US,TRAN1,MEATA,0.11,0.0,0.0,0.0,0.0,0.0
6728,US,US,FURNI,CEREA,0.11,0.0,0.0,0.0,0.0,0.0
8664,US,US,LIGNI,BEVER,0.11,0.0,0.0,0.0,0.0,0.0
3881,US,US,ELE11,GASDI,0.11,0.0,0.0,0.0,0.0,0.0
11666,US,US,PAPE4,WHITE,0.11,0.0,0.0,0.0,0.0,0.0
4901,US,US,ELEC6,PLAS2,0.11,0.0,0.0,0.0,0.0,0.0
15117,US,US,SUGAR,MEDIC,0.11,0.0,0.0,0.0,0.0,0.0
91,US,US,93197,PFERT,0.11,0.0,0.0,0.0,0.0,0.0
13074,US,US,PULP5,ALUM1,0.11,0.0,0.0,0.0,0.0,0.0
10212,US,US,NATU1,SEACO,0.11,0.0,0.0,0.0,0.0,0.0
10629,US,US,NONME,LEATH,0.11,0.0,0.0,0.0,0.0,0.0
8162,US,US,IRONO,KERO1,0.11,0.0,0.0,0.0,0.0,0.0
15998,US,US,TRANS,RETAI,0.11,0.0,0.0,0.0,0.0,0.0
745,US,US,AVIAT,BASIC,0.13,0.0,0.0,0.0,0.0,0.0
16757,US,US,WOOD1,LUBRI,0.13,0.0,0.0,0.0,0.0,0.0
13022,US,US,PUBLI,NONSP,0.13,0.0,0.0,0.0,0.0,0.0
6327,US,US,FOOD5,GASDI,0.16,0.0,0.0,0.0,0.0,0.0
7156,US,US,HEALT,INERT,0.16,0.0,0.0,0.0,0.0,0.0
2697,US,US,COMPU,HYDRO,0.16,0.0,0.0,0.0,0.0,0.0
5088,US,US,ELEC8,CHEMI,0.16,0.0,0.0,0.0,0.0,0.0
8189,US,US,IRONO,PAPER,0.16,0.0,0.0,0.0,0.0,0.0
444,US,US,ANIMA,BUSIN,0.16,0.0,0.0,0.0,0.0,0.0
16032,US,US,VEGE1,ELECT,0.16,0.0,0.0,0.0,0.0,0.0
13317,US,US,RAWMI,MEATP,0.16,0.0,0.0,0.0,0.0,0.0
9312,US,US,MEATC,MEDIC,0.16,0.0,0.0,0.0,0.0,0.0
13154,US,US,RADIO,GASWO,0.16,0.0,0.0,0.0,0.0,0.0
8642,US,US,LEATH,PUBLI,0.16,0.0,0.0,0.0,0.0,0.0
8300,US,US,KEROS,REFI1,0.16,0.0,0.0,0.0,0.0,0.0
16147,US,US,VEGET,PAPER,0.16,0.0,0.0,0.0,0.0,0.0
13666,US,US,REFI1,REFIN,0.16,0.0,0.0,0.0,0.0,0.0
1795,US,US,BUSIN,PRECI,0.16,0.0,0.0,0.0,0.0,0.0
7158,US,US,HEALT,MEATA,0.16,0.0,0.0,0.0,0.0,0.0
4056,US,US,ELE12,RETAI,0.16,0.0,0.0,0.0,0.0,0.0
11002,US,US,OILHA,FOOD4,0.16,0.0,0.0,0.0,0.0,0.0
1644,US,US,BRICK,PLAS2,0.16,0.0,0.0,0.0,0.0,0.0
6805,US,US,FURNI,OILSE,0.16,0.0,0.0,0.0,0.0,0.0
9304,US,US,MEATC,LIQUI,0.16,0.0,0.0,0.0,0.0,0.0
8926,US,US,LUBRI,MEATP,0.16,0.0,0.0,0.0,0.0,0.0
2365,US,US,CHEMI,LIQUE,0.16,0.0,0.0,0.0,0.0,0.0
275,US,US,AIRTR,WHITE,0.16,0.0,0.0,0.0,0.0,0.0
10190,US,US,NATU1,OILSE,0.16,0.0,0.0,0.0,0.0,0.0
14938,US,US,SUBBI,ANTHR,0.16,0.0,0.0,0.0,0.0,0.0
3950,US,US,ELE11,SUGAR,0.16,0.0,0.0,0.0,0.0,0.0
7621,US,US,HYDRO,TRANS,0.16,0.0,0.0,0.0,0.0,0.0
4268,US,US,ELEC2,ETHAN,0.16,0.0,0.0,0.0,0.0,0.0
4147,US,US,ELEC1,MEATA,0.16,0.0,0.0,0.0,0.0,0.0
11444,US,US,PAPE3,NONSP,0.16,0.0,0.0,0.0,0.0,0.0
4154,US,US,ELEC1,NAPHT,0.16,0.0,0.0,0.0,0.0,0.0
4262,US,US,ELEC2,ELEC2,0.16,0.0,0.0,0.0,0.0,0.0
1931,US,US,CEMEN,LEATH,0.16,0.0,0.0,0.0,0.0,0.0
2210,US,US,CHEM1,FOOD3,0.16,0.0,0.0,0.0,0.0,0.0
9186,US,US,MEAT1,TEXTI,0.16,0.0,0.0,0.0,0.0,0.0
3988,US,US,ELE12,CROPS,0.16,0.0,0.0,0.0,0.0,0.0
9836,US,US,MOTO1,PIGS9,0.16,0.0,0.0,0.0,0.0,0.0
12892,US,US,PRINT,SUGAR,0.16,0.0,0.0,0.0,0.0,0.0
12295,US,US,PLAS2,LEAD1,0.16,0.0,0.0,0.0,0.0,0.0
3147,US,US,CROPS,NONME,0.16,0.0,0.0,0.0,0.0,0.0
8850,US,US,LUBRI,AVIAT,0.16,0.0,0.0,0.0,0.0,0.0
10466,US,US,NONF1,ELEC4,0.16,0.0,0.0,0.0,0.0,0.0
8689,US,US,LIGNI,FABRI,0.16,0.0,0.0,0.0,0.0,0.0
14796,US,US,STEAM,PLAS2,0.16,0.0,0.0,0.0,0.0,0.0
6382,US,US,FOOD5,SEWAG,0.16,0.0,0.0,0.0,0.0,0.0
1993,US,US,CEMEN,WHITE,0.16,0.0,0.0,0.0,0.0,0.0
12925,US,US,PROCE,MEATC,0.16,0.0,0.0,0.0,0.0,0.0
3583,US,US,DISTR,ELEC1,0.16,0.0,0.0,0.0,0.0,0.0
11447,US,US,PAPE3,OILHA,0.16,0.0,0.0,0.0,0.0,0.0
13045,US,US,PUBLI,REFI1,0.16,0.0,0.0,0.0,0.0,0.0
116,US,US,93197,STONE,0.16,0.0,0.0,0.0,0.0,0.0
10330,US,US,NATUR,PAPE1,0.16,0.0,0.0,0.0,0.0,0.0
5896,US,US,FOOD2,FOOD4,0.15,0.0,0.0,0.0,0.0,0.0
2434,US,US,COKE1,BLAST,0.15,0.0,0.0,0.0,0.0,0.0
14759,US,US,STEAM,INLAN,0.15,0.0,0.0,0.0,0.0,0.0
3741,US,US,EDUCA,ELECT,0.15,0.0,0.0,0.0,0.0,0.0
11172,US,US,PADDY,RECRE,0.15,0.0,0.0,0.0,0.0,0.0
7581,US,US,HYDRO,NFERT,0.15,0.0,0.0,0.0,0.0,0.0
11606,US,US,PAPE4,NONSP,0.15,0.0,0.0,0.0,0.0,0.0
11329,US,US,PAPE1,SUGAR,0.15,0.0,0.0,0.0,0.0,0.0
16888,US,US,WOOD2,FISHF,0.15,0.0,0.0,0.0,0.0,0.0
9274,US,US,MEATA,RECRE,0.15,0.0,0.0,0.0,0.0,0.0
8686,US,US,LIGNI,ELEC6,0.15,0.0,0.0,0.0,0.0,0.0
16836,US,US,WOOD1,WOOD2,0.15,0.0,0.0,0.0,0.0,0.0
5884,US,US,FOOD2,ELEC4,0.15,0.0,0.0,0.0,0.0,0.0
6666,US,US,FOUND,LUBRI,0.15,0.0,0.0,0.0,0.0,0.0
16995,US,US,WOOD2,WOOD1,0.15,0.0,0.0,0.0,0.0,0.0
6590,US,US,FORES,KEROS,0.15,0.0,0.0,0.0,0.0,0.0
2562,US,US,COLLE,NATUR,0.15,0.0,0.0,0.0,0.0,0.0
8186,US,US,IRONO,PAPE1,0.15,0.0,0.0,0.0,0.0,0.0
135,US,US,AIRTR,ANTHR,0.15,0.0,0.0,0.0,0.0,0.0
5048,US,US,ELEC7,SEWAG,0.15,0.0,0.0,0.0,0.0,0.0
3908,US,US,ELE11,NFERT,0.15,0.0,0.0,0.0,0.0,0.0
815,US,US,BASIC,ETHAN,0.15,0.0,0.0,0.0,0.0,0.0
16733,US,US,WOOD1,FOODW,0.15,0.0,0.0,0.0,0.0,0.0
7024,US,US,GASWO,ELEC6,0.15,0.0,0.0,0.0,0.0,0.0
15673,US,US,TEXTI,HEAVY,0.15,0.0,0.0,0.0,0.0,0.0
10760,US,US,NONSP,PETRO,0.16,0.0,0.0,0.0,0.0,0.0
1224,US,US,BIOGA,ANTHR,0.16,0.0,0.0,0.0,0.0,0.0
5142,US,US,ELEC8,NATU1,0.16,0.0,0.0,0.0,0.0,0.0
8784,US,US,LIQUI,IRONO,0.16,0.0,0.0,0.0,0.0,0.0
11867,US,US,PARAF,TRAN2,0.16,0.0,0.0,0.0,0.0,0.0
9177,US,US,MEAT1,PUBLI,0.16,0.0,0.0,0.0,0.0,0.0
10811,US,US,NUCLE,WOODW,0.16,0.0,0.0,0.0,0.0,0.0
9223,US,US,MEAT4,LIQUE,0.16,0.0,0.0,0.0,0.0,0.0
9965,US,US,MOTOR,LIGNI,0.16,0.0,0.0,0.0,0.0,0.0
4455,US,US,ELEC3,NAPHT,0.16,0.0,0.0,0.0,0.0,0.0
1210,US,US,BIOG1,SUPPO,0.16,0.0,0.0,0.0,0.0,0.0
1438,US,US,BITU1,TEXTI,0.16,0.0,0.0,0.0,0.0,0.0
5057,US,US,ELEC7,TOBAC,0.16,0.0,0.0,0.0,0.0,0.0
11861,US,US,PARAF,SANDC,0.15,0.0,0.0,0.0,0.0,0.0
8503,US,US,LEAD1,PREC1,0.16,0.0,0.0,0.0,0.0,0.0
8113,US,US,INTER,TEXT1,0.16,0.0,0.0,0.0,0.0,0.0
6571,US,US,FORES,COMPU,0.16,0.0,0.0,0.0,0.0,0.0
6554,US,US,FOODW,WOOD1,0.15,0.0,0.0,0.0,0.0,0.0
11609,US,US,PAPE4,OILHA,0.15,0.0,0.0,0.0,0.0,0.0
15416,US,US,TEXT1,PIGS9,0.15,0.0,0.0,0.0,0.0,0.0
7590,US,US,HYDRO,PARAF,0.15,0.0,0.0,0.0,0.0,0.0
13919,US,US,RESEA,FOOD3,0.15,0.0,0.0,0.0,0.0,0.0
3150,US,US,CROPS,OFFIC,0.15,0.0,0.0,0.0,0.0,0.0
8714,US,US,LIGNI,PROCE,0.15,0.0,0.0,0.0,0.0,0.0
4900,US,US,ELEC6,PLAS1,0.16,0.0,0.0,0.0,0.0,0.0
6142,US,US,FOOD4,ANIMA,0.16,0.0,0.0,0.0,0.0,0.0
8307,US,US,KEROS,TRANS,0.13,0.0,0.0,0.0,0.0,0.0
10136,US,US,NATU1,ELE12,0.16,0.0,0.0,0.0,0.0,0.0
11985,US,US,PFERT,WEARI,0.17,0.0,0.0,0.0,0.0,0.0
9409,US,US,MEATP,TEXTI,0.17,0.0,0.0,0.0,0.0,0.0
302,US,US,ALUM1,DISTR,0.17,0.0,0.0,0.0,0.0,0.0
3996,US,US,ELE12,FISH5,0.17,0.0,0.0,0.0,0.0,0.0
3981,US,US,ELE12,CEREA,0.17,0.0,0.0,0.0,0.0,0.0
6780,US,US,FURNI,LEAD1,0.17,0.0,0.0,0.0,0.0,0.0
15546,US,US,TEXT2,LUBRI,0.17,0.0,0.0,0.0,0.0,0.0
946,US,US,BEVER,INERT,0.17,0.0,0.0,0.0,0.0,0.0
5187,US,US,ELEC8,STONE,0.17,0.0,0.0,0.0,0.0,0.0
9066,US,US,MACHI,LEADZ,0.17,0.0,0.0,0.0,0.0,0.0
3425,US,US,DIST1,ELEC1,0.17,0.0,0.0,0.0,0.0,0.0
6685,US,US,FOUND,PUBLI,0.17,0.0,0.0,0.0,0.0,0.0
15024,US,US,SUBBI,SALEM,0.17,0.0,0.0,0.0,0.0,0.0
6187,US,US,FOOD4,ETHAN,0.17,0.0,0.0,0.0,0.0,0.0
15686,US,US,TEXTI,LIQUE,0.17,0.0,0.0,0.0,0.0,0.0
3719,US,US,EDUCA,COKE1,0.17,0.0,0.0,0.0,0.0,0.0
9347,US,US,MEATP,AIRTR,0.17,0.0,0.0,0.0,0.0,0.0
8109,US,US,INTER,SUBBI,0.17,0.0,0.0,0.0,0.0,0.0
2062,US,US,CERAM,PLAS2,0.17,0.0,0.0,0.0,0.0,0.0
3113,US,US,CROPS,FOOD2,0.17,0.0,0.0,0.0,0.0,0.0
12797,US,US,PRINT,ETHAN,0.17,0.0,0.0,0.0,0.0,0.0
8058,US,US,INTER,NAPHT,0.17,0.0,0.0,0.0,0.0,0.0
5224,US,US,ELEC9,COMPU,0.17,0.0,0.0,0.0,0.0,0.0
3134,US,US,CROPS,MACHI,0.17,0.0,0.0,0.0,0.0,0.0
9323,US,US,MEATC,PFERT,0.17,0.0,0.0,0.0,0.0,0.0
8272,US,US,KEROS,ELEC1,0.17,0.0,0.0,0.0,0.0,0.0
7449,US,US,HOTEL,PARAF,0.17,0.0,0.0,0.0,0.0,0.0
11042,US,US,OILHA,NONF1,0.17,0.0,0.0,0.0,0.0,0.0
16272,US,US,WASTE,PADDY,0.17,0.0,0.0,0.0,0.0,0.0
12385,US,US,PLAST,BEVER,0.17,0.0,0.0,0.0,0.0,0.0
12158,US,US,PLAS1,OILHA,0.17,0.0,0.0,0.0,0.0,0.0
2982,US,US,COPP1,ELEC3,0.17,0.0,0.0,0.0,0.0,0.0
13123,US,US,RADIO,CROPS,0.17,0.0,0.0,0.0,0.0,0.0
10566,US,US,NONFE,STONE,0.17,0.0,0.0,0.0,0.0,0.0
10096,US,US,NAPHT,VEGE1,0.17,0.0,0.0,0.0,0.0,0.0
8948,US,US,LUBRI,PLAS2,0.17,0.0,0.0,0.0,0.0,0.0
5996,US,US,FOOD2,WHEAT,0.17,0.0,0.0,0.0,0.0,0.0
3287,US,US,CRUDE,POSTT,0.17,0.0,0.0,0.0,0.0,0.0
4572,US,US,ELEC4,HEAVY,0.17,0.0,0.0,0.0,0.0,0.0
15961,US,US,TRANS,FOODW,0.17,0.0,0.0,0.0,0.0,0.0
1159,US,US,BIOG1,GLASS,0.17,0.0,0.0,0.0,0.0,0.0
3976,US,US,ELE12,BRICK,0.17,0.0,0.0,0.0,0.0,0.0
5183,US,US,ELEC8,SANDC,0.17,0.0,0.0,0.0,0.0,0.0
9472,US,US,MEDIC,GASWO,0.17,0.0,0.0,0.0,0.0,0.0
2006,US,US,CERAM,BLAST,0.17,0.0,0.0,0.0,0.0,0.0
9342,US,US,MEATC,TEXTI,0.17,0.0,0.0,0.0,0.0,0.0
8296,US,US,KEROS,PETRO,0.17,0.0,0.0,0.0,0.0,0.0
3945,US,US,ELE11,SECO9,0.17,0.0,0.0,0.0,0.0,0.0
10399,US,US,NFERT,COPP1,0.17,0.0,0.0,0.0,0.0,0.0
7025,US,US,GASWO,ELEC7,0.17,0.0,0.0,0.0,0.0,0.0
15219,US,US,SUPPO,KERO1,0.17,0.0,0.0,0.0,0.0,0.0
16636,US,US,WHOLE,PLAS2,0.17,0.0,0.0,0.0,0.0,0.0
12455,US,US,POSTT,ANIMA,0.16,0.0,0.0,0.0,0.0,0.0
16423,US,US,WHEAT,MOTOR,0.16,0.0,0.0,0.0,0.0,0.0
10056,US,US,NAPHT,COKEO,0.16,0.0,0.0,0.0,0.0,0.0
6383,US,US,FOOD5,STONE,0.16,0.0,0.0,0.0,0.0,0.0
180,US,US,AIRTR,FISHF,0.16,0.0,0.0,0.0,0.0,0.0
6734,US,US,FURNI,COLLE,0.16,0.0,0.0,0.0,0.0,0.0
763,US,US,AVIAT,REFIN,0.16,0.0,0.0,0.0,0.0,0.0
16097,US,US,VEGET,AUXIL,0.16,0.0,0.0,0.0,0.0,0.0
5399,US,US,ELECT,NUCLE,0.16,0.0,0.0,0.0,0.0,0.0
14207,US,US,SALEM,ANIMA,0.16,0.0,0.0,0.0,0.0,0.0
7139,US,US,GLASS,WHITE,0.16,0.0,0.0,0.0,0.0,0.0
11694,US,US,PAPER,COKE1,0.16,0.0,0.0,0.0,0.0,0.0
3317,US,US,CRUDE,TEXT1,0.16,0.0,0.0,0.0,0.0,0.0
9375,US,US,MEATP,LUBRI,0.16,0.0,0.0,0.0,0.0,0.0
15954,US,US,TRANS,ELEC7,0.16,0.0,0.0,0.0,0.0,0.0
8231,US,US,KERO1,HEALT,0.16,0.0,0.0,0.0,0.0,0.0
9464,US,US,MEDIC,FOOD3,0.16,0.0,0.0,0.0,0.0,0.0
1548,US,US,BITUM,STONE,0.16,0.0,0.0,0.0,0.0,0.0
8290,US,US,KEROS,NAPHT,0.16,0.0,0.0,0.0,0.0,0.0
16330,US,US,WEARI,CEMEN,0.16,0.0,0.0,0.0,0.0,0.0
4973,US,US,ELEC7,ELECT,0.16,0.0,0.0,0.0,0.0,0.0
285,US,US,ALUM1,BIOG1,0.16,0.0,0.0,0.0,0.0,0.0
10990,US,US,OILHA,ELEC5,0.16,0.0,0.0,0.0,0.0,0.0
10100,US,US,NATU1,AIRTR,0.16,0.0,0.0,0.0,0.0,0.0
16416,US,US,WHEAT,LIQUI,0.16,0.0,0.0,0.0,0.0,0.0
7631,US,US,INERT,ANTHR,0.17,0.0,0.0,0.0,0.0,0.0
4884,US,US,ELEC6,NATUR,0.17,0.0,0.0,0.0,0.0,0.0
15766,US,US,TRAN1,ANTHR,0.17,0.0,0.0,0.0,0.0,0.0
8687,US,US,LIGNI,ELEC7,0.17,0.0,0.0,0.0,0.0,0.0
16421,US,US,WHEAT,MEDIC,0.17,0.0,0.0,0.0,0.0,0.0
16473,US,US,WHITE,ETHAN,0.17,0.0,0.0,0.0,0.0,0.0
14785,US,US,STEAM,OILSE,0.17,0.0,0.0,0.0,0.0,0.0
2676,US,US,COMPU,ELEC9,0.17,0.0,0.0,0.0,0.0,0.0
6241,US,US,FOOD4,PADDY,0.17,0.0,0.0,0.0,0.0,0.0
15705,US,US,TEXTI,OILSE,0.17,0.0,0.0,0.0,0.0,0.0
5843,US,US,FISHF,TRANS,0.17,0.0,0.0,0.0,0.0,0.0
463,US,US,ANIMA,PAPER,0.17,0.0,0.0,0.0,0.0,0.0
10078,US,US,NAPHT,NAPHT,0.17,0.0,0.0,0.0,0.0,0.0
2397,US,US,CHEMI,PLAS2,0.16,0.0,0.0,0.0,0.0,0.0
11293,US,US,PAPE1,PETRO,0.17,0.0,0.0,0.0,0.0,0.0
6447,US,US,FOODW,FISHF,0.17,0.0,0.0,0.0,0.0,0.0
9557,US,US,MEDIC,VEGE1,0.17,0.0,0.0,0.0,0.0,0.0
10224,US,US,NATU1,URANI,0.17,0.0,0.0,0.0,0.0,0.0
12562,US,US,POSTT,PARAF,0.17,0.0,0.0,0.0,0.0,0.0
14765,US,US,STEAM,LIQUE,0.17,0.0,0.0,0.0,0.0,0.0
14792,US,US,STEAM,PFERT,0.16,0.0,0.0,0.0,0.0,0.0
112,US,US,93197,SANDC,0.16,0.0,0.0,0.0,0.0,0.0
1772,US,US,BUSIN,NONFE,0.16,0.0,0.0,0.0,0.0,0.0
6124,US,US,FOOD3,SUBBI,0.16,0.0,0.0,0.0,0.0,0.0
11796,US,US,PAPER,RAWMI,0.15,0.0,0.0,0.0,0.0,0.0
5268,US,US,ELEC9,POSTT,0.15,0.0,0.0,0.0,0.0,0.0
4027,US,US,ELE12,NONF1,0.15,0.0,0.0,0.0,0.0,0.0
8819,US,US,LIQUI,RECRE,0.15,0.0,0.0,0.0,0.0,0.0
4529,US,US,ELEC4,ANTHR,0.14,0.0,0.0,0.0,0.0,0.0
5063,US,US,ELEC7,WHEAT,0.14,0.0,0.0,0.0,0.0,0.0
2418,US,US,CHEMI,SUGAR,0.14,0.0,0.0,0.0,0.0,0.0
2535,US,US,COLLE,HEAVY,0.14,0.0,0.0,0.0,0.0,0.0
11691,US,US,PAPER,CEREA,0.14,0.0,0.0,0.0,0.0,0.0
1329,US,US,BIOGA,PROCE,0.14,0.0,0.0,0.0,0.0,0.0
10526,US,US,NONFE,CEMEN,0.14,0.0,0.0,0.0,0.0,0.0
14401,US,US,SANDC,INTER,0.14,0.0,0.0,0.0,0.0,0.0
13001,US,US,PUBLI,KEROS,0.14,0.0,0.0,0.0,0.0,0.0
832,US,US,BASIC,HYDRO,0.14,0.0,0.0,0.0,0.0,0.0
10081,US,US,NAPHT,NONME,0.14,0.0,0.0,0.0,0.0,0.0
15478,US,US,TEXT2,BIOG1,0.14,0.0,0.0,0.0,0.0,0.0
9572,US,US,MEMBE,AVIAT,0.14,0.0,0.0,0.0,0.0,0.0
13695,US,US,REFIN,PFERT,0.14,0.0,0.0,0.0,0.0,0.0
5089,US,US,ELEC8,COKIN,0.14,0.0,0.0,0.0,0.0,0.0
11858,US,US,PARAF,PUBLI,0.14,0.0,0.0,0.0,0.0,0.0
4812,US,US,ELEC6,ANIMA,0.14,0.0,0.0,0.0,0.0,0.0
16241,US,US,WASTE,INTER,0.14,0.0,0.0,0.0,0.0,0.0
2436,US,US,COKE1,CHEM1,0.14,0.0,0.0,0.0,0.0,0.0
3649,US,US,DISTR,PETRO,0.14,0.0,0.0,0.0,0.0,0.0
6875,US,US,GASDI,BITU1,0.14,0.0,0.0,0.0,0.0,0.0
7827,US,US,INSUR,BIOG1,0.14,0.0,0.0,0.0,0.0,0.0
8490,US,US,LEAD1,HEALT,0.14,0.0,0.0,0.0,0.0,0.0
12062,US,US,PLAS1,ANTHR,0.14,0.0,0.0,0.0,0.0,0.0
12009,US,US,PIGS9,FURNI,0.14,0.0,0.0,0.0,0.0,0.0
304,US,US,ALUM1,ELEC1,0.14,0.0,0.0,0.0,0.0,0.0
13137,US,US,RADIO,ELEC7,0.14,0.0,0.0,0.0,0.0,0.0
5863,US,US,FOOD2,CERAM,0.14,0.0,0.0,0.0,0.0,0.0
6098,US,US,FOOD3,PETRO,0.14,0.0,0.0,0.0,0.0,0.0
8897,US,US,LUBRI,FORES,0.14,0.0,0.0,0.0,0.0,0.0
11101,US,US,OILHA,WHEAT,0.14,0.0,0.0,0.0,0.0,0.0
9374,US,US,MEATP,LIQUI,0.14,0.0,0.0,0.0,0.0,0.0
12322,US,US,PLAS2,PADDY,0.14,0.0,0.0,0.0,0.0,0.0
8939,US,US,LUBRI,OILSE,0.14,0.0,0.0,0.0,0.0,0.0
5953,US,US,FOOD2,PLAS2,0.14,0.0,0.0,0.0,0.0,0.0
367,US,US,ALUM1,SANDC,0.14,0.0,0.0,0.0,0.0,0.0
13097,US,US,RADIO,ANTHR,0.14,0.0,0.0,0.0,0.0,0.0
2111,US,US,CEREA,FORES,0.14,0.0,0.0,0.0,0.0,0.0
13344,US,US,REALE,CEMEN,0.14,0.0,0.0,0.0,0.0,0.0
3426,US,US,DIST1,ELEC2,0.14,0.0,0.0,0.0,0.0,0.0
3020,US,US,COPP1,PAPE1,0.14,0.0,0.0,0.0,0.0,0.0
5299,US,US,ELEC9,WOODW,0.14,0.0,0.0,0.0,0.0,0.0
12647,US,US,PREC1,CERAM,0.14,0.0,0.0,0.0,0.0,0.0
10541,US,US,NONFE,LIQUE,0.14,0.0,0.0,0.0,0.0,0.0
12825,US,US,PRINT,LEAD1,0.14,0.0,0.0,0.0,0.0,0.0
10568,US,US,NONFE,TRANS,0.14,0.0,0.0,0.0,0.0,0.0
6341,US,US,FOOD5,LUBRI,0.14,0.0,0.0,0.0,0.0,0.0
10934,US,US,OFFIC,STONE,0.14,0.0,0.0,0.0,0.0,0.0
13615,US,US,RECRE,REFIN,0.14,0.0,0.0,0.0,0.0,0.0
8033,US,US,INTER,HYDRO,0.14,0.0,0.0,0.0,0.0,0.0
11400,US,US,PAPE3,FOOD2,0.14,0.0,0.0,0.0,0.0,0.0
8737,US,US,LIQUI,ALUM1,0.14,0.0,0.0,0.0,0.0,0.0
6486,US,US,FOODW,NAPHT,0.13,0.0,0.0,0.0,0.0,0.0
15972,US,US,TRANS,LIGNI,0.13,0.0,0.0,0.0,0.0,0.0
7549,US,US,HYDRO,FORES,0.13,0.0,0.0,0.0,0.0,0.0
6303,US,US,FOOD5,ALUM1,0.13,0.0,0.0,0.0,0.0,0.0
6537,US,US,FOODW,SUBBI,0.13,0.0,0.0,0.0,0.0,0.0
3639,US,US,DISTR,NUCLE,0.13,0.0,0.0,0.0,0.0,0.0
3618,US,US,DISTR,LIGNI,0.13,0.0,0.0,0.0,0.0,0.0
16674,US,US,WHOLE,WHITE,0.13,0.0,0.0,0.0,0.0,0.0
8940,US,US,LUBRI,PAPE1,0.13,0.0,0.0,0.0,0.0,0.0
10815,US,US,OFFIC,ANTHR,0.13,0.0,0.0,0.0,0.0,0.0
5023,US,US,ELEC7,PLANT,0.13,0.0,0.0,0.0,0.0,0.0
10084,US,US,NAPHT,OFFIC,0.13,0.0,0.0,0.0,0.0,0.0
549,US,US,ANTHR,PREC1,0.13,0.0,0.0,0.0,0.0,0.0
10870,US,US,OFFIC,HEAVY,0.13,0.0,0.0,0.0,0.0,0.0
13363,US,US,REALE,ELE12,0.13,0.0,0.0,0.0,0.0,0.0
5392,US,US,ELECT,NAPHT,0.13,0.0,0.0,0.0,0.0,0.0
11562,US,US,PAPE4,FOOD2,0.13,0.0,0.0,0.0,0.0,0.0
7154,US,US,HEALT,FORES,0.13,0.0,0.0,0.0,0.0,0.0
11113,US,US,OILSE,RAWMI,0.13,0.0,0.0,0.0,0.0,0.0
536,US,US,ANTHR,NATUR,0.13,0.0,0.0,0.0,0.0,0.0
6749,US,US,FURNI,ELEC5,0.13,0.0,0.0,0.0,0.0,0.0
16927,US,US,WOOD2,NAPHT,0.13,0.0,0.0,0.0,0.0,0.0
12429,US,US,PLAST,PETRO,0.13,0.0,0.0,0.0,0.0,0.0
16882,US,US,WOOD2,ELEC8,0.13,0.0,0.0,0.0,0.0,0.0
11958,US,US,PFERT,PREC1,0.13,0.0,0.0,0.0,0.0,0.0
5241,US,US,ELEC9,GLASS,0.14,0.0,0.0,0.0,0.0,0.0
17043,US,US,WOODW,HEAVY,0.14,0.0,0.0,0.0,0.0,0.0
14801,US,US,STEAM,PROCE,0.14,0.0,0.0,0.0,0.0,0.0
7165,US,US,HEALT,PLAS1,0.14,0.0,0.0,0.0,0.0,0.0
525,US,US,ANTHR,MACHI,0.14,0.0,0.0,0.0,0.0,0.0
1928,US,US,CEMEN,LANDT,0.14,0.0,0.0,0.0,0.0,0.0
14830,US,US,STEAM,VEGET,0.14,0.0,0.0,0.0,0.0,0.0
3052,US,US,COPP1,TRAN1,0.14,0.0,0.0,0.0,0.0,0.0
5959,US,US,FOOD2,PRIVA,0.14,0.0,0.0,0.0,0.0,0.0
7280,US,US,HEAVY,PADDY,0.14,0.0,0.0,0.0,0.0,0.0
14169,US,US,RUBBE,REFI1,0.14,0.0,0.0,0.0,0.0,0.0
958,US,US,BEVER,PAPE3,0.14,0.0,0.0,0.0,0.0,0.0
15577,US,US,TEXT2,PLANT,0.14,0.0,0.0,0.0,0.0,0.0
12631,US,US,POULT,PUBLI,0.13,0.0,0.0,0.0,0.0,0.0
4290,US,US,ELEC2,KERO1,0.14,0.0,0.0,0.0,0.0,0.0
10296,US,US,NATUR,INLAN,0.14,0.0,0.0,0.0,0.0,0.0
6127,US,US,FOOD3,SUPPO,0.14,0.0,0.0,0.0,0.0,0.0
6340,US,US,FOOD5,LIQUI,0.13,0.0,0.0,0.0,0.0,0.0
4677,US,US,ELEC5,BITU1,0.13,0.0,0.0,0.0,0.0,0.0
17014,US,US,WOODW,CEREA,0.13,0.0,0.0,0.0,0.0,0.0
12722,US,US,PRECI,FURNI,0.13,0.0,0.0,0.0,0.0,0.0
16007,US,US,TRANS,TEXT2,0.13,0.0,0.0,0.0,0.0,0.0
995,US,US,BIODI,BIOG1,0.13,0.0,0.0,0.0,0.0,0.0
10608,US,US,NONME,FISH5,0.13,0.0,0.0,0.0,0.0,0.0
7301,US,US,HEAVY,RAILW,0.14,0.0,0.0,0.0,0.0,0.0
8657,US,US,LEATH,TRANS,0.14,0.0,0.0,0.0,0.0,0.0
9382,US,US,MEATP,MEDIC,0.14,0.0,0.0,0.0,0.0,0.0
5283,US,US,ELEC9,SALEM,0.15,0.0,0.0,0.0,0.0,0.0
8135,US,US,IRONO,BEVER,0.15,0.0,0.0,0.0,0.0,0.0
322,US,US,ALUM1,HYDRO,0.15,0.0,0.0,0.0,0.0,0.0
3929,US,US,ELE11,PROCE,0.15,0.0,0.0,0.0,0.0,0.0
9967,US,US,MOTOR,LIQUI,0.15,0.0,0.0,0.0,0.0,0.0
10751,US,US,NONSP,NAPHT,0.15,0.0,0.0,0.0,0.0,0.0
1414,US,US,BITU1,MEDIC,0.15,0.0,0.0,0.0,0.0,0.0
17011,US,US,WOODW,CATTL,0.15,0.0,0.0,0.0,0.0,0.0
15492,US,US,TEXT2,COKIN,0.15,0.0,0.0,0.0,0.0,0.0
16648,US,US,WHOLE,REFI1,0.15,0.0,0.0,0.0,0.0,0.0
13146,US,US,RADIO,FOOD3,0.15,0.0,0.0,0.0,0.0,0.0
15830,US,US,TRAN1,LEATH,0.15,0.0,0.0,0.0,0.0,0.0
10612,US,US,NONME,FOODW,0.15,0.0,0.0,0.0,0.0,0.0
8179,US,US,IRONO,NONF1,0.15,0.0,0.0,0.0,0.0,0.0
5129,US,US,ELEC8,LIQUE,0.15,0.0,0.0,0.0,0.0,0.0
16530,US,US,WHITE,SEWAG,0.15,0.0,0.0,0.0,0.0,0.0
5205,US,US,ELEC8,WOOD2,0.15,0.0,0.0,0.0,0.0,0.0
12111,US,US,PLAS1,FOOD2,0.15,0.0,0.0,0.0,0.0,0.0
9468,US,US,MEDIC,FORES,0.15,0.0,0.0,0.0,0.0,0.0
145,US,US,AIRTR,BLAST,0.15,0.0,0.0,0.0,0.0,0.0
1703,US,US,BUSIN,COPPE,0.15,0.0,0.0,0.0,0.0,0.0
5950,US,US,FOOD2,PIGS9,0.15,0.0,0.0,0.0,0.0,0.0
10039,US,US,MOTOR,VEGE1,0.15,0.0,0.0,0.0,0.0,0.0
15851,US,US,TRAN1,NONSP,0.15,0.0,0.0,0.0,0.0,0.0
11864,US,US,PARAF,STONE,0.15,0.0,0.0,0.0,0.0,0.0
16465,US,US,WHITE,ELEC1,0.15,0.0,0.0,0.0,0.0,0.0
1195,US,US,BIOG1,PROCE,0.15,0.0,0.0,0.0,0.0,0.0
11738,US,US,PAPER,HYDRO,0.15,0.0,0.0,0.0,0.0,0.0
10699,US,US,NONME,WOOD2,0.15,0.0,0.0,0.0,0.0,0.0
9390,US,US,MEATP,PFERT,0.15,0.0,0.0,0.0,0.0,0.0
15613,US,US,TEXT2,TEXT2,0.15,0.0,0.0,0.0,0.0,0.0
4894,US,US,ELEC6,PAPE3,0.15,0.0,0.0,0.0,0.0,0.0
12268,US,US,PLAS2,ETHAN,0.15,0.0,0.0,0.0,0.0,0.0
12013,US,US,PIGS9,INLAN,0.15,0.0,0.0,0.0,0.0,0.0
7519,US,US,HYDRO,BUSIN,0.15,0.0,0.0,0.0,0.0,0.0
16058,US,US,VEGE1,NAPHT,0.15,0.0,0.0,0.0,0.0,0.0
838,US,US,BASIC,KERO1,0.15,0.0,0.0,0.0,0.0,0.0
15377,US,US,TEXT1,INTER,0.15,0.0,0.0,0.0,0.0,0.0
370,US,US,ALUM1,STONE,0.15,0.0,0.0,0.0,0.0,0.0
6279,US,US,FOOD4,STEAM,0.15,0.0,0.0,0.0,0.0,0.0
5062,US,US,ELEC7,WEARI,0.15,0.0,0.0,0.0,0.0,0.0
10726,US,US,NONSP,ELEC8,0.15,0.0,0.0,0.0,0.0,0.0
16386,US,US,WEARI,TEXT2,0.15,0.0,0.0,0.0,0.0,0.0
8782,US,US,LIQUI,INSUR,0.15,0.0,0.0,0.0,0.0,0.0
1214,US,US,BIOG1,TRANS,0.15,0.0,0.0,0.0,0.0,0.0
14927,US,US,STONE,TEXT2,0.15,0.0,0.0,0.0,0.0,0.0
2508,US,US,COLLE,ELE11,0.15,0.0,0.0,0.0,0.0,0.0
7700,US,US,INERT,KERO1,0.15,0.0,0.0,0.0,0.0,0.0
15953,US,US,TRANS,ELEC6,0.15,0.0,0.0,0.0,0.0,0.0
12667,US,US,PREC1,LEAD1,0.15,0.0,0.0,0.0,0.0,0.0
4980,US,US,ELEC7,FORES,0.15,0.0,0.0,0.0,0.0,0.0
9639,US,US,MEMBE,LEAD1,0.14,0.0,0.0,0.0,0.0,0.0
15034,US,US,SUBBI,TEXTI,0.14,0.0,0.0,0.0,0.0,0.0
15425,US,US,TEXT1,PRIVA,0.14,0.0,0.0,0.0,0.0,0.0
5220,US,US,ELEC9,CEMEN,0.14,0.0,0.0,0.0,0.0,0.0
9365,US,US,MEATP,GASDI,0.14,0.0,0.0,0.0,0.0,0.0
8372,US,US,LANDT,GASWO,0.14,0.0,0.0,0.0,0.0,0.0
10989,US,US,OILHA,ELEC4,0.14,0.0,0.0,0.0,0.0,0.0
10770,US,US,NONSP,REFI1,0.14,0.0,0.0,0.0,0.0,0.0
13748,US,US,RENTI,ELEC7,0.14,0.0,0.0,0.0,0.0,0.0
1505,US,US,BITUM,MEMBE,0.14,0.0,0.0,0.0,0.0,0.0
16067,US,US,VEGE1,PETRO,0.14,0.0,0.0,0.0,0.0,0.0
3534,US,US,DIST1,TRAN1,0.14,0.0,0.0,0.0,0.0,0.0
13388,US,US,REALE,GLASS,0.14,0.0,0.0,0.0,0.0,0.0
11313,US,US,PAPE1,REFI1,0.14,0.0,0.0,0.0,0.0,0.0
1197,US,US,BIOG1,RADIO,0.14,0.0,0.0,0.0,0.0,0.0
12223,US,US,PLAS2,ANIMA,0.14,0.0,0.0,0.0,0.0,0.0
827,US,US,BASIC,GASWO,0.14,0.0,0.0,0.0,0.0,0.0
14581,US,US,SEWAG,ELEC6,0.14,0.0,0.0,0.0,0.0,0.0
8753,US,US,LIQUI,COLLE,0.14,0.0,0.0,0.0,0.0,0.0
9234,US,US,MEAT4,MOTO1,0.14,0.0,0.0,0.0,0.0,0.0
4015,US,US,ELE12,MACHI,0.14,0.0,0.0,0.0,0.0,0.0
7785,US,US,INERT,WHITE,0.14,0.0,0.0,0.0,0.0,0.0
1508,US,US,BITUM,NAPHT,0.14,0.0,0.0,0.0,0.0,0.0
6342,US,US,FOOD5,MACHI,0.14,0.0,0.0,0.0,0.0,0.0
12663,US,US,PREC1,INERT,0.14,0.0,0.0,0.0,0.0,0.0
15980,US,US,TRANS,PAPE1,0.29,0.0,0.0,0.0,0.0,0.0
16850,US,US,WOOD2,BITU1,0.15,0.0,0.0,0.0,0.0,0.0
961,US,US,BEVER,PLAS1,0.14,0.0,0.0,0.0,0.0,0.0
10071,US,US,NAPHT,MACHI,0.15,0.0,0.0,0.0,0.0,0.0
5109,US,US,ELEC8,FOODW,0.15,0.0,0.0,0.0,0.0,0.0
3784,US,US,EDUCA,OILHA,0.15,0.0,0.0,0.0,0.0,0.0
6409,US,US,FOODW,BITU1,0.15,0.0,0.0,0.0,0.0,0.0
14860,US,US,STONE,ETHAN,0.15,0.0,0.0,0.0,0.0,0.0
1429,US,US,BITU1,RADIO,0.15,0.0,0.0,0.0,0.0,0.0
4989,US,US,ELEC7,INLAN,0.15,0.0,0.0,0.0,0.0,0.0
4583,US,US,ELEC4,LEATH,0.14,0.0,0.0,0.0,0.0,0.0
1358,US,US,BIOGA,TRAN1,0.14,0.0,0.0,0.0,0.0,0.0
10929,US,US,OFFIC,SANDC,0.14,0.0,0.0,0.0,0.0,0.0
12506,US,US,POSTT,FOOD3,0.14,0.0,0.0,0.0,0.0,0.0
16336,US,US,WEARI,ELECT,0.14,0.0,0.0,0.0,0.0,0.0
6441,US,US,FOODW,ELEC8,0.14,0.0,0.0,0.0,0.0,0.0
11058,US,US,OILHA,PLAS2,0.14,0.0,0.0,0.0,0.0,0.0
16434,US,US,WHEAT,PUBLI,0.14,0.0,0.0,0.0,0.0,0.0
15927,US,US,TRANS,BASIC,0.14,0.0,0.0,0.0,0.0,0.0
5752,US,US,FINAN,RAWMI,0.14,0.0,0.0,0.0,0.0,0.0
7310,US,US,HEAVY,RETAI,0.14,0.0,0.0,0.0,0.0,0.0
4895,US,US,ELEC6,PAPE4,0.14,0.0,0.0,0.0,0.0,0.0
8046,US,US,INTER,LIQUI,0.14,0.0,0.0,0.0,0.0,0.0
1397,US,US,BITU1,ELEC8,0.14,0.0,0.0,0.0,0.0,0.0
13447,US,US,REALE,PULP5,0.14,0.0,0.0,0.0,0.0,0.0
2042,US,US,CERAM,INERT,0.29,0.0,0.0,0.0,0.0,0.0
316,US,US,ALUM1,GASDI,0.36,0.0,0.0,0.0,0.0,0.0
1049,US,US,BIODI,KERO1,0.29,0.0,0.0,0.0,0.0,0.0
3909,US,US,ELE11,NONF1,0.59,0.0,0.0,0.0,0.0,0.0
6081,US,US,FOOD3,MEDIC,0.6,0.0,0.0,0.0,0.0,0.0
7132,US,US,GLASS,TEXT1,0.6,0.0,0.0,0.0,0.0,0.0
3625,US,US,DISTR,MEATA,0.6,0.0,0.0,0.0,0.0,0.0
11045,US,US,OILHA,OFFIC,0.6,0.0,0.0,0.0,0.0,0.0
7927,US,US,INSUR,PREC1,0.6,0.0,0.0,0.0,0.0,0.0
11494,US,US,PAPE3,TEXT2,0.59,0.0,0.0,0.0,0.0,0.0
7211,US,US,HEAVY,COPP1,0.59,0.0,0.0,0.0,0.0,0.0
7342,US,US,HOTEL,ANIMA,0.59,0.0,0.0,0.0,0.0,0.0
7787,US,US,INERT,WOOD1,0.59,0.0,0.0,0.0,0.0,0.0
3214,US,US,CRUDE,COMPU,0.59,0.0,0.0,0.0,0.0,0.0
12924,US,US,PROCE,MEAT4,0.59,0.0,0.0,0.0,0.0,0.0
6088,US,US,FOOD3,NFERT,0.6,0.0,0.0,0.0,0.0,0.0
5861,US,US,FOOD2,CATTL,0.59,0.0,0.0,0.0,0.0,0.0
12826,US,US,PRINT,LEATH,0.59,0.0,0.0,0.0,0.0,0.0
13270,US,US,RAILW,INLAN,0.59,0.0,0.0,0.0,0.0,0.0
3420,US,US,DIST1,CRUDE,0.59,0.0,0.0,0.0,0.0,0.0
16931,US,US,WOOD2,NONF1,0.59,0.0,0.0,0.0,0.0,0.0
5085,US,US,ELEC8,CERAM,0.59,0.0,0.0,0.0,0.0,0.0
2652,US,US,COMPU,COKE1,0.59,0.0,0.0,0.0,0.0,0.0
2635,US,US,COMPU,AVIAT,0.59,0.0,0.0,0.0,0.0,0.0
923,US,US,BASIC,WHEAT,0.59,0.0,0.0,0.0,0.0,0.0
11084,US,US,OILHA,SEWAG,0.59,0.0,0.0,0.0,0.0,0.0
12904,US,US,PRINT,WHEAT,0.6,0.0,0.0,0.0,0.0,0.0
2978,US,US,COPP1,DISTR,0.6,0.0,0.0,0.0,0.0,0.0
13417,US,US,REALE,NAPHT,0.57,0.0,0.0,0.0,0.0,0.0
10832,US,US,OFFIC,COKIN,0.6,0.0,0.0,0.0,0.0,0.0
15449,US,US,TEXT1,SUGA1,0.61,0.0,0.0,0.0,0.0,0.0
16814,US,US,WOOD1,SECO9,0.61,0.0,0.0,0.0,0.0,0.0
14740,US,US,STEAM,ELECT,0.61,0.0,0.0,0.0,0.0,0.0
15707,US,US,TEXTI,PAPE1,0.61,0.0,0.0,0.0,0.0,0.0
4580,US,US,ELEC4,KEROS,0.6,0.0,0.0,0.0,0.0,0.0
1386,US,US,BITU1,DIST1,0.6,0.0,0.0,0.0,0.0,0.0
16044,US,US,VEGE1,KEROS,0.6,0.0,0.0,0.0,0.0,0.0
3605,US,US,DISTR,HEAVY,0.6,0.0,0.0,0.0,0.0,0.0
15380,US,US,TEXT1,KEROS,0.6,0.0,0.0,0.0,0.0,0.0
3016,US,US,COPP1,NONME,0.6,0.0,0.0,0.0,0.0,0.0
15570,US,US,TEXT2,PAPE3,0.6,0.0,0.0,0.0,0.0,0.0
2875,US,US,CONST,LIQUI,0.6,0.0,0.0,0.0,0.0,0.0
9882,US,US,MOTO1,WHEAT,0.6,0.0,0.0,0.0,0.0,0.0
5140,US,US,ELEC8,MOTOR,0.6,0.0,0.0,0.0,0.0,0.0
16709,US,US,WOOD1,CROPS,0.6,0.0,0.0,0.0,0.0,0.0
16890,US,US,WOOD2,FOOD4,0.6,0.0,0.0,0.0,0.0,0.0
13498,US,US,RECRE,BIOG1,0.6,0.0,0.0,0.0,0.0,0.0
16360,US,US,WEARI,PAPE3,0.6,0.0,0.0,0.0,0.0,0.0
4741,US,US,ELEC5,NATU1,0.6,0.0,0.0,0.0,0.0,0.0
2903,US,US,CONST,PARAF,0.6,0.0,0.0,0.0,0.0,0.0
14898,US,US,STONE,PAPE3,0.6,0.0,0.0,0.0,0.0,0.0
1203,US,US,BIOG1,RETA1,0.6,0.0,0.0,0.0,0.0,0.0
16055,US,US,VEGE1,MEMBE,0.59,0.0,0.0,0.0,0.0,0.0
96,US,US,93197,PREC1,0.59,0.0,0.0,0.0,0.0,0.0
13183,US,US,RADIO,NAPHT,0.59,0.0,0.0,0.0,0.0,0.0
6452,US,US,FOODW,FORES,0.57,0.0,0.0,0.0,0.0,0.0
14881,US,US,STONE,MACHI,0.58,0.0,0.0,0.0,0.0,0.0
16248,US,US,WASTE,LIQUE,0.58,0.0,0.0,0.0,0.0,0.0
8747,US,US,LIQUI,CEMEN,0.58,0.0,0.0,0.0,0.0,0.0
4719,US,US,ELEC5,INTER,0.58,0.0,0.0,0.0,0.0,0.0
11656,US,US,PAPE4,TEXT2,0.58,0.0,0.0,0.0,0.0,0.0
15633,US,US,TEXTI,AUXIL,0.58,0.0,0.0,0.0,0.0,0.0
6819,US,US,FURNI,POULT,0.58,0.0,0.0,0.0,0.0,0.0
7528,US,US,HYDRO,COLLE,0.58,0.0,0.0,0.0,0.0,0.0
15385,US,US,TEXT1,LIQUE,0.58,0.0,0.0,0.0,0.0,0.0
11372,US,US,PAPE3,COKIN,0.57,0.0,0.0,0.0,0.0,0.0
1640,US,US,BRICK,PAPER,0.57,0.0,0.0,0.0,0.0,0.0
8923,US,US,LUBRI,MEAT1,0.59,0.0,0.0,0.0,0.0,0.0
2603,US,US,COLLE,SANDC,0.57,0.0,0.0,0.0,0.0,0.0
613,US,US,AUXIL,ELE12,0.57,0.0,0.0,0.0,0.0,0.0
8605,US,US,LEATH,FABRI,0.57,0.0,0.0,0.0,0.0,0.0
15985,US,US,TRANS,PLAS1,0.57,0.0,0.0,0.0,0.0,0.0
13340,US,US,REALE,BLAST,0.57,0.0,0.0,0.0,0.0,0.0
1563,US,US,BLAST,BLAST,0.57,0.0,0.0,0.0,0.0,0.0
1902,US,US,CEMEN,ELEC7,0.57,0.0,0.0,0.0,0.0,0.0
8882,US,US,LUBRI,ELEC4,0.57,0.0,0.0,0.0,0.0,0.0
8884,US,US,LUBRI,ELEC6,0.57,0.0,0.0,0.0,0.0,0.0
8390,US,US,LANDT,LIQUI,0.57,0.0,0.0,0.0,0.0,0.0
16699,US,US,WOOD1,CERAM,0.58,0.0,0.0,0.0,0.0,0.0
15460,US,US,TEXT1,VEGET,0.58,0.0,0.0,0.0,0.0,0.0
12169,US,US,PLAS1,PLANT,0.58,0.0,0.0,0.0,0.0,0.0
14541,US,US,SEWAG,ANIMA,0.58,0.0,0.0,0.0,0.0,0.0
920,US,US,BASIC,VEGET,0.59,0.0,0.0,0.0,0.0,0.0
4686,US,US,ELEC5,CHEMI,0.59,0.0,0.0,0.0,0.0,0.0
13595,US,US,RECRE,PETRO,0.59,0.0,0.0,0.0,0.0,0.0
16744,US,US,WOOD1,INERT,0.59,0.0,0.0,0.0,0.0,0.0
15258,US,US,SUPPO,PIGS9,0.59,0.0,0.0,0.0,0.0,0.0
5039,US,US,ELEC7,RENTI,0.59,0.0,0.0,0.0,0.0,0.0
8935,US,US,LUBRI,NONSP,0.59,0.0,0.0,0.0,0.0,0.0
9845,US,US,MOTO1,PROCE,0.59,0.0,0.0,0.0,0.0,0.0
5160,US,US,ELEC8,PLANT,0.59,0.0,0.0,0.0,0.0,0.0
2588,US,US,COLLE,PUBLI,0.59,0.0,0.0,0.0,0.0,0.0
4838,US,US,ELEC6,DIST1,0.59,0.0,0.0,0.0,0.0,0.0
5498,US,US,FABRI,ELE12,0.58,0.0,0.0,0.0,0.0,0.0
6942,US,US,GASDI,NAPHT,0.58,0.0,0.0,0.0,0.0,0.0
12068,US,US,PLAS1,BIOG1,0.58,0.0,0.0,0.0,0.0,0.0
11961,US,US,PFERT,PUBLI,0.58,0.0,0.0,0.0,0.0,0.0
10621,US,US,NONME,INERT,0.58,0.0,0.0,0.0,0.0,0.0
15911,US,US,TRAN1,WOOD1,0.58,0.0,0.0,0.0,0.0,0.0
3770,US,US,EDUCA,MEAT1,0.58,0.0,0.0,0.0,0.0,0.0
4935,US,US,ELEC6,TRAN2,0.58,0.0,0.0,0.0,0.0,0.0
5202,US,US,ELEC8,WHEAT,0.58,0.0,0.0,0.0,0.0,0.0
10229,US,US,NATU1,WOODW,0.58,0.0,0.0,0.0,0.0,0.0
4444,US,US,ELEC3,LUBRI,0.61,0.0,0.0,0.0,0.0,0.0
6195,US,US,FOOD4,FOODW,0.61,0.0,0.0,0.0,0.0,0.0
5528,US,US,FABRI,HYDRO,0.61,0.0,0.0,0.0,0.0,0.0
15616,US,US,TEXT2,TRAN1,0.64,0.0,0.0,0.0,0.0,0.0
17031,US,US,WOODW,FISH5,0.64,0.0,0.0,0.0,0.0,0.0
13578,US,US,RECRE,NAPHT,0.64,0.0,0.0,0.0,0.0,0.0
9169,US,US,MEAT1,LANDT,0.64,0.0,0.0,0.0,0.0,0.0
6061,US,US,FOOD3,HEAVY,0.64,0.0,0.0,0.0,0.0,0.0
16363,US,US,WEARI,PLAS1,0.64,0.0,0.0,0.0,0.0,0.0
15348,US,US,TEXT1,ELEC3,0.64,0.0,0.0,0.0,0.0,0.0
4911,US,US,ELEC6,RADIO,0.64,0.0,0.0,0.0,0.0,0.0
10915,US,US,OFFIC,PROCE,0.64,0.0,0.0,0.0,0.0,0.0
14906,US,US,STONE,PLAS1,0.64,0.0,0.0,0.0,0.0,0.0
1028,US,US,BIODI,FISH5,0.64,0.0,0.0,0.0,0.0,0.0
8009,US,US,INTER,ELEC5,0.64,0.0,0.0,0.0,0.0,0.0
3735,US,US,EDUCA,ELEC4,0.63,0.0,0.0,0.0,0.0,0.0
13118,US,US,RADIO,COKIN,0.64,0.0,0.0,0.0,0.0,0.0
8881,US,US,LUBRI,ELEC3,0.63,0.0,0.0,0.0,0.0,0.0
16793,US,US,WOOD1,PREC1,0.63,0.0,0.0,0.0,0.0,0.0
6968,US,US,GASDI,PREC1,0.63,0.0,0.0,0.0,0.0,0.0
7044,US,US,GLASS,CHEMI,0.63,0.0,0.0,0.0,0.0,0.0
15630,US,US,TEXTI,ALUM1,0.63,0.0,0.0,0.0,0.0,0.0
10549,US,US,NONFE,NFERT,0.63,0.0,0.0,0.0,0.0,0.0
4143,US,US,ELEC1,LUBRI,0.63,0.0,0.0,0.0,0.0,0.0
14844,US,US,STONE,BIODI,0.63,0.0,0.0,0.0,0.0,0.0
1230,US,US,BIOGA,BIOG1,0.63,0.0,0.0,0.0,0.0,0.0
11589,US,US,PAPE4,LUBRI,0.64,0.0,0.0,0.0,0.0,0.0
12205,US,US,PLAS1,TEXT2,0.64,0.0,0.0,0.0,0.0,0.0
13710,US,US,RENTI,AVIAT,0.64,0.0,0.0,0.0,0.0,0.0
13890,US,US,RESEA,COKEO,0.64,0.0,0.0,0.0,0.0,0.0
1094,US,US,BIODI,RADIO,0.65,0.0,0.0,0.0,0.0,0.0
5122,US,US,ELEC8,IRONO,0.65,0.0,0.0,0.0,0.0,0.0
14614,US,US,SEWAG,LEAD1,0.65,0.0,0.0,0.0,0.0,0.0
16084,US,US,VEGE1,SECO9,0.65,0.0,0.0,0.0,0.0,0.0
15447,US,US,TEXT1,STONE,0.65,0.0,0.0,0.0,0.0,0.0
9182,US,US,MEAT1,RUBBE,0.65,0.0,0.0,0.0,0.0,0.0
13293,US,US,RAILW,RUBBE,0.65,0.0,0.0,0.0,0.0,0.0
15582,US,US,TEXT2,POULT,0.65,0.0,0.0,0.0,0.0,0.0
16307,US,US,WASTE,STONE,0.65,0.0,0.0,0.0,0.0,0.0
10146,US,US,NATU1,ELECT,0.65,0.0,0.0,0.0,0.0,0.0
9490,US,US,MEDIC,LIQUI,0.65,0.0,0.0,0.0,0.0,0.0
2327,US,US,CHEMI,BEVER,0.65,0.0,0.0,0.0,0.0,0.0
7287,US,US,HEAVY,PIGS9,0.65,0.0,0.0,0.0,0.0,0.0
343,US,US,ALUM1,PAPE1,0.65,0.0,0.0,0.0,0.0,0.0
1630,US,US,BRICK,MOTOR,0.65,0.0,0.0,0.0,0.0,0.0
4610,US,US,ELEC4,PAPE1,0.65,0.0,0.0,0.0,0.0,0.0
1013,US,US,BIODI,COPP1,0.65,0.0,0.0,0.0,0.0,0.0
1660,US,US,BRICK,SEWAG,0.64,0.0,0.0,0.0,0.0,0.0
13314,US,US,RAWMI,LEATH,0.64,0.0,0.0,0.0,0.0,0.0
1074,US,US,BIODI,OFFIC,0.64,0.0,0.0,0.0,0.0,0.0
15578,US,US,TEXT2,PLAS1,0.64,0.0,0.0,0.0,0.0,0.0
9712,US,US,MEMBE,TRAN1,0.63,0.0,0.0,0.0,0.0,0.0
16693,US,US,WOOD1,BITUM,0.63,0.0,0.0,0.0,0.0,0.0
14817,US,US,STEAM,SECO9,0.61,0.0,0.0,0.0,0.0,0.0
10083,US,US,NAPHT,NUCLE,0.61,0.0,0.0,0.0,0.0,0.0
8704,US,US,LIGNI,MOTOR,0.62,0.0,0.0,0.0,0.0,0.0
571,US,US,ANTHR,WEARI,0.62,0.0,0.0,0.0,0.0,0.0
8273,US,US,KEROS,ELEC2,0.62,0.0,0.0,0.0,0.0,0.0
1499,US,US,BITUM,MACHI,0.62,0.0,0.0,0.0,0.0,0.0
14586,US,US,SEWAG,ETHAN,0.62,0.0,0.0,0.0,0.0,0.0
7857,US,US,INSUR,ELEC5,0.62,0.0,0.0,0.0,0.0,0.0
10606,US,US,NONME,ETHAN,0.62,0.0,0.0,0.0,0.0,0.0
11306,US,US,PAPE1,PUBLI,0.62,0.0,0.0,0.0,0.0,0.0
10475,US,US,NONF1,HEALT,0.61,0.0,0.0,0.0,0.0,0.0
10786,US,US,NUCLE,CHEM1,0.61,0.0,0.0,0.0,0.0,0.0
15696,US,US,TEXTI,MOTOR,0.61,0.0,0.0,0.0,0.0,0.0
12083,US,US,PLAS1,COKIN,0.63,0.0,0.0,0.0,0.0,0.0
6299,US,US,FOOD4,WOOD2,0.61,0.0,0.0,0.0,0.0,0.0
12830,US,US,PRINT,LUBRI,0.61,0.0,0.0,0.0,0.0,0.0
3272,US,US,CRUDE,OFFIC,0.61,0.0,0.0,0.0,0.0,0.0
6449,US,US,FOODW,FOOD4,0.61,0.0,0.0,0.0,0.0,0.0
4504,US,US,ELEC3,SUBBI,0.61,0.0,0.0,0.0,0.0,0.0
7911,US,US,INSUR,NONF1,0.61,0.0,0.0,0.0,0.0,0.0
3130,US,US,CROPS,LIGNI,0.61,0.0,0.0,0.0,0.0,0.0
6490,US,US,FOODW,NONF1,0.61,0.0,0.0,0.0,0.0,0.0
8848,US,US,LUBRI,ANTHR,0.61,0.0,0.0,0.0,0.0,0.0
7679,US,US,INERT,FISHF,0.61,0.0,0.0,0.0,0.0,0.0
5637,US,US,FINAN,BIOG1,0.62,0.0,0.0,0.0,0.0,0.0
4751,US,US,ELEC5,PADDY,0.62,0.0,0.0,0.0,0.0,0.0
6804,US,US,FURNI,OILHA,0.62,0.0,0.0,0.0,0.0,0.0
11040,US,US,OILHA,NATUR,0.62,0.0,0.0,0.0,0.0,0.0
11719,US,US,PAPER,ETHAN,0.63,0.0,0.0,0.0,0.0,0.0
4203,US,US,ELEC1,SUBBI,0.63,0.0,0.0,0.0,0.0,0.0
4546,US,US,ELEC4,COKIN,0.63,0.0,0.0,0.0,0.0,0.0
14083,US,US,RUBBE,ELEC7,0.63,0.0,0.0,0.0,0.0,0.0
10672,US,US,NONME,REFI1,0.63,0.0,0.0,0.0,0.0,0.0
3995,US,US,ELE12,FINAN,0.63,0.0,0.0,0.0,0.0,0.0
9100,US,US,MACHI,PETRO,0.63,0.0,0.0,0.0,0.0,0.0
15241,US,US,SUPPO,NATUR,0.63,0.0,0.0,0.0,0.0,0.0
13007,US,US,PUBLI,LUBRI,0.63,0.0,0.0,0.0,0.0,0.0
15718,US,US,TEXTI,POULT,0.62,0.0,0.0,0.0,0.0,0.0
208,US,US,AIRTR,LIQUI,0.62,0.0,0.0,0.0,0.0,0.0
4905,US,US,ELEC6,PREC1,0.62,0.0,0.0,0.0,0.0,0.0
15327,US,US,TEXT1,CATTL,0.62,0.0,0.0,0.0,0.0,0.0
12339,US,US,PLAS2,PRIVA,0.62,0.0,0.0,0.0,0.0,0.0
707,US,US,AUXIL,REFI1,0.62,0.0,0.0,0.0,0.0,0.0
1926,US,US,CEMEN,KERO1,0.62,0.0,0.0,0.0,0.0,0.0
10189,US,US,NATU1,OFFIC,0.62,0.0,0.0,0.0,0.0,0.0
8883,US,US,LUBRI,ELEC5,0.62,0.0,0.0,0.0,0.0,0.0
12402,US,US,PLAST,FOOD5,0.62,0.0,0.0,0.0,0.0,0.0
3940,US,US,ELE11,RETAI,0.62,0.0,0.0,0.0,0.0,0.0
1454,US,US,BITUM,CEMEN,0.62,0.0,0.0,0.0,0.0,0.0
5979,US,US,FOOD2,SEWAG,0.57,0.0,0.0,0.0,0.0,0.0
14642,US,US,SEWAG,PADDY,0.57,0.0,0.0,0.0,0.0,0.0
11341,US,US,PAPE1,WHEAT,0.65,0.0,0.0,0.0,0.0,0.0
15493,US,US,TEXT2,COLLE,0.53,0.0,0.0,0.0,0.0,0.0
10135,US,US,NATU1,ELE11,0.53,0.0,0.0,0.0,0.0,0.0
5767,US,US,FINAN,STEAM,0.53,0.0,0.0,0.0,0.0,0.0
7584,US,US,HYDRO,NONME,0.53,0.0,0.0,0.0,0.0,0.0
7722,US,US,INERT,NFERT,0.53,0.0,0.0,0.0,0.0,0.0
3858,US,US,ELE11,CEREA,0.53,0.0,0.0,0.0,0.0,0.0
14403,US,US,SANDC,KERO1,0.53,0.0,0.0,0.0,0.0,0.0
3777,US,US,EDUCA,MOTO1,0.53,0.0,0.0,0.0,0.0,0.0
7853,US,US,INSUR,ELEC1,0.53,0.0,0.0,0.0,0.0,0.0
6855,US,US,FURNI,VEGET,0.53,0.0,0.0,0.0,0.0,0.0
4877,US,US,ELEC6,MEATP,0.53,0.0,0.0,0.0,0.0,0.0
6219,US,US,FOOD4,LUBRI,0.53,0.0,0.0,0.0,0.0,0.0
11519,US,US,PAPE4,BIOG1,0.53,0.0,0.0,0.0,0.0,0.0
14803,US,US,STEAM,PULP5,0.53,0.0,0.0,0.0,0.0,0.0
15951,US,US,TRANS,ELEC4,0.53,0.0,0.0,0.0,0.0,0.0
10552,US,US,NONFE,NONME,0.52,0.0,0.0,0.0,0.0,0.0
11620,US,US,PAPE4,PLANT,0.52,0.0,0.0,0.0,0.0,0.0
550,US,US,ANTHR,PRINT,0.52,0.0,0.0,0.0,0.0,0.0
13392,US,US,REALE,HYDRO,0.52,0.0,0.0,0.0,0.0,0.0
5864,US,US,FOOD2,CEREA,0.52,0.0,0.0,0.0,0.0,0.0
8402,US,US,LANDT,NAPHT,0.52,0.0,0.0,0.0,0.0,0.0
6672,US,US,FOUND,NONME,0.52,0.0,0.0,0.0,0.0,0.0
7613,US,US,HYDRO,STEAM,0.52,0.0,0.0,0.0,0.0,0.0
4259,US,US,ELEC2,DISTR,0.53,0.0,0.0,0.0,0.0,0.0
8031,US,US,INTER,HEAVY,0.53,0.0,0.0,0.0,0.0,0.0
10536,US,US,NONFE,GASDI,0.57,0.0,0.0,0.0,0.0,0.0
6758,US,US,FURNI,FOOD2,0.53,0.0,0.0,0.0,0.0,0.0
5015,US,US,ELEC7,OILSE,0.54,0.0,0.0,0.0,0.0,0.0
3396,US,US,DIST1,AVIAT,0.54,0.0,0.0,0.0,0.0,0.0
15981,US,US,TRANS,PAPE3,0.54,0.0,0.0,0.0,0.0,0.0
7485,US,US,HOTEL,SUGAR,0.54,0.0,0.0,0.0,0.0,0.0
1248,US,US,BIOGA,CROPS,0.54,0.0,0.0,0.0,0.0,0.0
16549,US,US,WHOLE,ANTHR,0.53,0.0,0.0,0.0,0.0,0.0
3827,US,US,EDUCA,TEXT2,0.53,0.0,0.0,0.0,0.0,0.0
4073,US,US,ELE12,VEGET,0.53,0.0,0.0,0.0,0.0,0.0
3047,US,US,COPP1,SUPPO,0.53,0.0,0.0,0.0,0.0,0.0
8963,US,US,LUBRI,RENTI,0.53,0.0,0.0,0.0,0.0,0.0
4508,US,US,ELEC3,TEXT1,0.53,0.0,0.0,0.0,0.0,0.0
8786,US,US,LIQUI,KEROS,0.53,0.0,0.0,0.0,0.0,0.0
9491,US,US,MEDIC,LUBRI,0.53,0.0,0.0,0.0,0.0,0.0
13683,US,US,REFIN,KERO1,0.53,0.0,0.0,0.0,0.0,0.0
10543,US,US,NONFE,MACHI,0.53,0.0,0.0,0.0,0.0,0.0
11255,US,US,PAPE1,INTER,0.53,0.0,0.0,0.0,0.0,0.0
15408,US,US,TEXT1,OILSE,0.53,0.0,0.0,0.0,0.0,0.0
11357,US,US,PAPE3,BIOG1,0.53,0.0,0.0,0.0,0.0,0.0
433,US,US,ALUMI,RUBBE,0.53,0.0,0.0,0.0,0.0,0.0
9800,US,US,MOTO1,LEAD1,0.53,0.0,0.0,0.0,0.0,0.0
460,US,US,ANIMA,MEATA,0.53,0.0,0.0,0.0,0.0,0.0
6370,US,US,FOOD5,RADIO,0.53,0.0,0.0,0.0,0.0,0.0
5889,US,US,FOOD2,ELECT,0.52,0.0,0.0,0.0,0.0,0.0
10064,US,US,NAPHT,HEAVY,0.52,0.0,0.0,0.0,0.0,0.0
1310,US,US,BIOGA,NONSP,0.52,0.0,0.0,0.0,0.0,0.0
2963,US,US,COPP1,BIOG1,0.51,0.0,0.0,0.0,0.0,0.0
8191,US,US,IRONO,PFERT,0.51,0.0,0.0,0.0,0.0,0.0
7719,US,US,INERT,NAPHT,0.51,0.0,0.0,0.0,0.0,0.0
16788,US,US,WOOD1,PLAS1,0.51,0.0,0.0,0.0,0.0,0.0
12702,US,US,PREC1,TEXTI,0.51,0.0,0.0,0.0,0.0,0.0
5007,US,US,ELEC7,MOTO1,0.51,0.0,0.0,0.0,0.0,0.0
15982,US,US,TRANS,PAPE4,0.51,0.0,0.0,0.0,0.0,0.0
16309,US,US,WASTE,SUGA1,0.51,0.0,0.0,0.0,0.0,0.0
15490,US,US,TEXT2,CHEMI,0.51,0.0,0.0,0.0,0.0,0.0
6785,US,US,FURNI,LUBRI,0.51,0.0,0.0,0.0,0.0,0.0
6106,US,US,FOOD3,PRIVA,0.51,0.0,0.0,0.0,0.0,0.0
377,US,US,ALUM1,WEARI,0.51,0.0,0.0,0.0,0.0,0.0
989,US,US,BIODI,ANTHR,0.52,0.0,0.0,0.0,0.0,0.0
122,US,US,93197,TRAN1,0.51,0.0,0.0,0.0,0.0,0.0
4788,US,US,ELEC5,STONE,0.51,0.0,0.0,0.0,0.0,0.0
13189,US,US,RADIO,NONSP,0.51,0.0,0.0,0.0,0.0,0.0
15834,US,US,TRAN1,LUBRI,0.5,0.0,0.0,0.0,0.0,0.0
6438,US,US,FOODW,ELEC5,0.5,0.0,0.0,0.0,0.0,0.0
6763,US,US,FURNI,FOUND,0.5,0.0,0.0,0.0,0.0,0.0
8995,US,US,MACHI,AVIAT,0.5,0.0,0.0,0.0,0.0,0.0
13362,US,US,REALE,ELE11,0.5,0.0,0.0,0.0,0.0,0.0
8799,US,US,LIQUI,NATUR,0.5,0.0,0.0,0.0,0.0,0.0
8917,US,US,LUBRI,LEATH,0.5,0.0,0.0,0.0,0.0,0.0
10723,US,US,NONSP,ELEC5,0.51,0.0,0.0,0.0,0.0,0.0
8984,US,US,LUBRI,WHITE,0.51,0.0,0.0,0.0,0.0,0.0
8750,US,US,LIQUI,CHEM1,0.51,0.0,0.0,0.0,0.0,0.0
4127,US,US,ELEC1,HEAVY,0.51,0.0,0.0,0.0,0.0,0.0
14368,US,US,SANDC,BEVER,0.52,0.0,0.0,0.0,0.0,0.0
4724,US,US,ELEC5,LEAD1,0.52,0.0,0.0,0.0,0.0,0.0
10721,US,US,NONSP,ELEC3,0.52,0.0,0.0,0.0,0.0,0.0
11458,US,US,PAPE3,PLANT,0.52,0.0,0.0,0.0,0.0,0.0
2540,US,US,COLLE,INTER,0.52,0.0,0.0,0.0,0.0,0.0
7856,US,US,INSUR,ELEC4,0.52,0.0,0.0,0.0,0.0,0.0
11304,US,US,PAPE1,PRIVA,0.52,0.0,0.0,0.0,0.0,0.0
2377,US,US,CHEMI,NATU1,0.52,0.0,0.0,0.0,0.0,0.0
16188,US,US,WASTE,BITUM,0.51,0.0,0.0,0.0,0.0,0.0
5298,US,US,ELEC9,WHOLE,0.51,0.0,0.0,0.0,0.0,0.0
12913,US,US,PROCE,BIOGA,0.51,0.0,0.0,0.0,0.0,0.0
6898,US,US,GASDI,ELECT,0.51,0.0,0.0,0.0,0.0,0.0
15029,US,US,SUBBI,STEAM,0.51,0.0,0.0,0.0,0.0,0.0
10116,US,US,NATU1,CEMEN,0.51,0.0,0.0,0.0,0.0,0.0
16826,US,US,WOOD1,TRAN1,0.51,0.0,0.0,0.0,0.0,0.0
5028,US,US,ELEC7,POULT,0.51,0.0,0.0,0.0,0.0,0.0
16458,US,US,WHITE,COKIN,0.51,0.0,0.0,0.0,0.0,0.0
12665,US,US,PREC1,IRONO,0.51,0.0,0.0,0.0,0.0,0.0
16352,US,US,WEARI,MEDIC,0.51,0.0,0.0,0.0,0.0,0.0
8282,US,US,KEROS,HEAVY,0.51,0.0,0.0,0.0,0.0,0.0
3087,US,US,CROPS,ALUM1,0.51,0.0,0.0,0.0,0.0,0.0
6598,US,US,FORES,MEATC,0.54,0.0,0.0,0.0,0.0,0.0
15171,US,US,SUPPO,COKIN,0.54,0.0,0.0,0.0,0.0,0.0
8684,US,US,LIGNI,ELEC4,0.54,0.0,0.0,0.0,0.0,0.0
5808,US,US,FISH5,PUBLI,0.56,0.0,0.0,0.0,0.0,0.0
16801,US,US,WOOD1,RAWMI,0.56,0.0,0.0,0.0,0.0,0.0
2673,US,US,COMPU,ELEC6,0.56,0.0,0.0,0.0,0.0,0.0
6095,US,US,FOOD3,PADDY,0.56,0.0,0.0,0.0,0.0,0.0
9517,US,US,MEDIC,PFERT,0.56,0.0,0.0,0.0,0.0,0.0
3230,US,US,CRUDE,FOODW,0.56,0.0,0.0,0.0,0.0,0.0
2374,US,US,CHEMI,MOTO1,0.56,0.0,0.0,0.0,0.0,0.0
7639,US,US,INERT,BITU1,0.56,0.0,0.0,0.0,0.0,0.0
7533,US,US,HYDRO,CROPS,0.56,0.0,0.0,0.0,0.0,0.0
8698,US,US,LIGNI,KEROS,0.56,0.0,0.0,0.0,0.0,0.0
8008,US,US,INTER,ELEC4,0.56,0.0,0.0,0.0,0.0,0.0
4969,US,US,ELEC7,CRUDE,0.56,0.0,0.0,0.0,0.0,0.0
9987,US,US,MOTOR,OILHA,0.56,0.0,0.0,0.0,0.0,0.0
445,US,US,ANIMA,CATTL,0.56,0.0,0.0,0.0,0.0,0.0
1229,US,US,BIOGA,BIODI,0.56,0.0,0.0,0.0,0.0,0.0
8635,US,US,LEATH,PIGS9,0.56,0.0,0.0,0.0,0.0,0.0
6508,US,US,FOODW,PLAS2,0.56,0.0,0.0,0.0,0.0,0.0
11834,US,US,PARAF,AIRTR,0.56,0.0,0.0,0.0,0.0,0.0
2867,US,US,CONST,INTER,0.56,0.0,0.0,0.0,0.0,0.0
3186,US,US,CROPS,WOOD1,0.56,0.0,0.0,0.0,0.0,0.0
15383,US,US,TEXT1,LEATH,0.56,0.0,0.0,0.0,0.0,0.0
11295,US,US,PAPE1,PIGS9,0.56,0.0,0.0,0.0,0.0,0.0
12398,US,US,PLAST,DAIRY,0.56,0.0,0.0,0.0,0.0,0.0
5935,US,US,FOOD2,NATUR,0.57,0.0,0.0,0.0,0.0,0.0
15939,US,US,TRANS,COMPU,0.57,0.0,0.0,0.0,0.0,0.0
10147,US,US,NATU1,ETHAN,0.57,0.0,0.0,0.0,0.0,0.0
15041,US,US,SUBBI,WHOLE,0.57,0.0,0.0,0.0,0.0,0.0
16304,US,US,WASTE,SECO9,0.57,0.0,0.0,0.0,0.0,0.0
2445,US,US,COKE1,ELEC2,0.57,0.0,0.0,0.0,0.0,0.0
16361,US,US,WEARI,PAPE4,0.57,0.0,0.0,0.0,0.0,0.0
12993,US,US,PUBLI,HEAVY,0.57,0.0,0.0,0.0,0.0,0.0
11534,US,US,PAPE4,COKIN,0.57,0.0,0.0,0.0,0.0,0.0
14899,US,US,STONE,PAPE4,0.57,0.0,0.0,0.0,0.0,0.0
8796,US,US,LIQUI,MOTOR,0.57,0.0,0.0,0.0,0.0,0.0
1542,US,US,BITUM,SALEM,0.57,0.0,0.0,0.0,0.0,0.0
4000,US,US,ELE12,FOUND,0.57,0.0,0.0,0.0,0.0,0.0
5263,US,US,ELEC9,PAPER,0.57,0.0,0.0,0.0,0.0,0.0
3805,US,US,EDUCA,RADIO,0.57,0.0,0.0,0.0,0.0,0.0
953,US,US,BEVER,MEATC,0.57,0.0,0.0,0.0,0.0,0.0
10995,US,US,OILHA,ELECT,0.57,0.0,0.0,0.0,0.0,0.0
13410,US,US,REALE,MEATA,0.57,0.0,0.0,0.0,0.0,0.0
14389,US,US,SANDC,FOOD3,0.57,0.0,0.0,0.0,0.0,0.0
12861,US,US,PRINT,PLANT,0.57,0.0,0.0,0.0,0.0,0.0
3736,US,US,EDUCA,ELEC5,0.57,0.0,0.0,0.0,0.0,0.0
15571,US,US,TEXT2,PAPE4,0.57,0.0,0.0,0.0,0.0,0.0
7182,US,US,HEAVY,93197,0.57,0.0,0.0,0.0,0.0,0.0
15001,US,US,SUBBI,NONF1,0.57,0.0,0.0,0.0,0.0,0.0
5118,US,US,ELEC8,INERT,0.57,0.0,0.0,0.0,0.0,0.0
7418,US,US,HOTEL,LIGNI,0.56,0.0,0.0,0.0,0.0,0.0
1116,US,US,BIODI,TEXT1,0.56,0.0,0.0,0.0,0.0,0.0
11021,US,US,OILHA,KEROS,0.54,0.0,0.0,0.0,0.0,0.0
7103,US,US,GLASS,PETRO,0.54,0.0,0.0,0.0,0.0,0.0
4422,US,US,ELEC3,FORES,0.55,0.0,0.0,0.0,0.0,0.0
4958,US,US,ELEC7,CATTL,0.54,0.0,0.0,0.0,0.0,0.0
10459,US,US,NONF1,DIST1,0.54,0.0,0.0,0.0,0.0,0.0
8691,US,US,LIGNI,FOOD5,0.54,0.0,0.0,0.0,0.0,0.0
12380,US,US,PLAS2,WOOD2,0.54,0.0,0.0,0.0,0.0,0.0
8070,US,US,INTER,PAPE1,0.54,0.0,0.0,0.0,0.0,0.0
8154,US,US,IRONO,FOOD5,0.54,0.0,0.0,0.0,0.0,0.0
15722,US,US,TEXTI,PUBLI,0.54,0.0,0.0,0.0,0.0,0.0
7197,US,US,HEAVY,BLAST,0.54,0.0,0.0,0.0,0.0,0.0
11862,US,US,PARAF,SEACO,0.54,0.0,0.0,0.0,0.0,0.0
10214,US,US,NATU1,STEAM,0.54,0.0,0.0,0.0,0.0,0.0
8158,US,US,IRONO,HEAVY,0.56,0.0,0.0,0.0,0.0,0.0
13370,US,US,REALE,ELEC7,0.54,0.0,0.0,0.0,0.0,0.0
12276,US,US,PLAS2,FOODW,0.54,0.0,0.0,0.0,0.0,0.0
3423,US,US,DIST1,DISTR,0.54,0.0,0.0,0.0,0.0,0.0
13614,US,US,RECRE,REFI1,0.54,0.0,0.0,0.0,0.0,0.0
7022,US,US,GASWO,ELEC4,0.54,0.0,0.0,0.0,0.0,0.0
11908,US,US,PFERT,FOODW,0.54,0.0,0.0,0.0,0.0,0.0
1254,US,US,BIOGA,ELEC1,0.54,0.0,0.0,0.0,0.0,0.0
13064,US,US,PUBLI,TRAN1,0.54,0.0,0.0,0.0,0.0,0.0
16792,US,US,WOOD1,POULT,0.54,0.0,0.0,0.0,0.0,0.0
2152,US,US,CEREA,WEARI,0.54,0.0,0.0,0.0,0.0,0.0
15036,US,US,SUBBI,TRAN2,0.55,0.0,0.0,0.0,0.0,0.0
11990,US,US,PFERT,WOOD2,0.55,0.0,0.0,0.0,0.0,0.0
383,US,US,ALUMI,ALUM1,0.55,0.0,0.0,0.0,0.0,0.0
3897,US,US,ELE11,MACHI,0.55,0.0,0.0,0.0,0.0,0.0
8087,US,US,INTER,PROCE,0.56,0.0,0.0,0.0,0.0,0.0
17119,US,US,WOODW,TEXT1,0.56,0.0,0.0,0.0,0.0,0.0
10095,US,US,NAPHT,TRANS,0.56,0.0,0.0,0.0,0.0,0.0
5679,US,US,FINAN,FISHF,0.56,0.0,0.0,0.0,0.0,0.0
2608,US,US,COLLE,STONE,0.55,0.0,0.0,0.0,0.0,0.0
84,US,US,93197,OFFIC,0.55,0.0,0.0,0.0,0.0,0.0
16620,US,US,WHOLE,NONSP,0.55,0.0,0.0,0.0,0.0,0.0
15330,US,US,TEXT1,CEREA,0.55,0.0,0.0,0.0,0.0,0.0
1587,US,US,BLAST,STEAM,0.55,0.0,0.0,0.0,0.0,0.0
16893,US,US,WOOD2,FORES,0.55,0.0,0.0,0.0,0.0,0.0
14149,US,US,RUBBE,PETRO,0.55,0.0,0.0,0.0,0.0,0.0
15245,US,US,SUPPO,NONSP,0.55,0.0,0.0,0.0,0.0,0.0
16949,US,US,WOOD2,PLAS2,0.55,0.0,0.0,0.0,0.0,0.0
15558,US,US,TEXT2,NATU1,0.55,0.0,0.0,0.0,0.0,0.0
5940,US,US,FOOD2,OFFIC,0.55,0.0,0.0,0.0,0.0,0.0
4207,US,US,ELEC1,TEXT1,0.55,0.0,0.0,0.0,0.0,0.0
5994,US,US,FOOD2,VEGET,0.55,0.0,0.0,0.0,0.0,0.0
801,US,US,BASIC,DAIRY,0.55,0.0,0.0,0.0,0.0,0.0
5736,US,US,FINAN,PETRO,0.55,0.0,0.0,0.0,0.0,0.0
4784,US,US,ELEC5,SANDC,0.55,0.0,0.0,0.0,0.0,0.0
10421,US,US,NFERT,NONME,0.55,0.0,0.0,0.0,0.0,0.0
7617,US,US,HYDRO,SUGAR,0.65,0.0,0.0,0.0,0.0,0.0
2159,US,US,CHEM1,ANTHR,0.65,0.0,0.0,0.0,0.0,0.0
14722,US,US,STEAM,COLLE,0.5,0.0,0.0,0.0,0.0,0.0
14214,US,US,SALEM,BIOG1,0.78,0.0,0.0,0.0,0.0,0.0
8328,US,US,LANDT,CATTL,0.78,0.0,0.0,0.0,0.0,0.0
9605,US,US,MEMBE,ELEC3,0.78,0.0,0.0,0.0,0.0,0.0
4752,US,US,ELEC5,PAPE1,0.78,0.0,0.0,0.0,0.0,0.0
15481,US,US,TEXT2,BITUM,0.78,0.0,0.0,0.0,0.0,0.0
16316,US,US,WASTE,TRAN1,0.78,0.0,0.0,0.0,0.0,0.0
15604,US,US,TEXT2,SECO9,0.78,0.0,0.0,0.0,0.0,0.0
10464,US,US,NONF1,ELEC2,0.78,0.0,0.0,0.0,0.0,0.0
8874,US,US,LUBRI,DIST1,0.78,0.0,0.0,0.0,0.0,0.0
16940,US,US,WOOD2,PAPE3,0.78,0.0,0.0,0.0,0.0,0.0
1063,US,US,BIODI,MEDIC,0.78,0.0,0.0,0.0,0.0,0.0
17090,US,US,WOODW,PLAST,0.78,0.0,0.0,0.0,0.0,0.0
16524,US,US,WHITE,RESEA,0.79,0.0,0.0,0.0,0.0,0.0
14407,US,US,SANDC,LIQUI,0.78,0.0,0.0,0.0,0.0,0.0
1331,US,US,BIOGA,PULP5,0.78,0.0,0.0,0.0,0.0,0.0
760,US,US,AVIAT,PETRO,0.78,0.0,0.0,0.0,0.0,0.0
12751,US,US,PRECI,WHOLE,0.77,0.0,0.0,0.0,0.0,0.0
16072,US,US,VEGE1,PRINT,0.77,0.0,0.0,0.0,0.0,0.0
7814,US,US,INLAN,WEARI,0.77,0.0,0.0,0.0,0.0,0.0
2899,US,US,CONST,PAPE1,0.77,0.0,0.0,0.0,0.0,0.0
8405,US,US,LANDT,NFERT,0.77,0.0,0.0,0.0,0.0,0.0
5377,US,US,ELECT,LEATH,0.77,0.0,0.0,0.0,0.0,0.0
14728,US,US,STEAM,DAIRY,0.77,0.0,0.0,0.0,0.0,0.0
913,US,US,BASIC,TEXT1,0.79,0.0,0.0,0.0,0.0,0.0
16203,US,US,WASTE,COPP1,0.79,0.0,0.0,0.0,0.0,0.0
15011,US,US,SUBBI,PREC1,0.75,0.0,0.0,0.0,0.0,0.0
6048,US,US,FOOD3,ELECT,0.79,0.0,0.0,0.0,0.0,0.0
1382,US,US,BITU1,COLLE,0.8,0.0,0.0,0.0,0.0,0.0
6249,US,US,FOOD4,PIGS9,0.8,0.0,0.0,0.0,0.0,0.0
7237,US,US,HEAVY,FORES,0.8,0.0,0.0,0.0,0.0,0.0
15583,US,US,TEXT2,PREC1,0.8,0.0,0.0,0.0,0.0,0.0
8461,US,US,LANDT,TRAN2,0.8,0.0,0.0,0.0,0.0,0.0
4833,US,US,ELEC6,COPP1,0.8,0.0,0.0,0.0,0.0,0.0
16244,US,US,WASTE,KEROS,0.79,0.0,0.0,0.0,0.0,0.0
643,US,US,AUXIL,HYDRO,0.79,0.0,0.0,0.0,0.0,0.0
5411,US,US,ELECT,PIGS9,0.79,0.0,0.0,0.0,0.0,0.0
6612,US,US,FORES,PLAST,0.79,0.0,0.0,0.0,0.0,0.0
11936,US,US,PFERT,NATU1,0.79,0.0,0.0,0.0,0.0,0.0
1072,US,US,BIODI,NONME,0.79,0.0,0.0,0.0,0.0,0.0
8773,US,US,LIQUI,FURNI,0.79,0.0,0.0,0.0,0.0,0.0
13672,US,US,REFIN,BASIC,0.79,0.0,0.0,0.0,0.0,0.0
9674,US,US,MEMBE,PLANT,0.79,0.0,0.0,0.0,0.0,0.0
6499,US,US,FOODW,PAPE3,0.79,0.0,0.0,0.0,0.0,0.0
16280,US,US,WASTE,PLANT,0.79,0.0,0.0,0.0,0.0,0.0
1504,US,US,BITUM,MEDIC,0.79,0.0,0.0,0.0,0.0,0.0
5963,US,US,FOOD2,RADIO,0.79,0.0,0.0,0.0,0.0,0.0
15715,US,US,TEXTI,PLAS2,0.79,0.0,0.0,0.0,0.0,0.0
12376,US,US,PLAS2,WHEAT,0.79,0.0,0.0,0.0,0.0,0.0
13567,US,US,RECRE,LUBRI,0.79,0.0,0.0,0.0,0.0,0.0
143,US,US,AIRTR,BITU1,0.77,0.0,0.0,0.0,0.0,0.0
3931,US,US,ELE11,PULP5,0.77,0.0,0.0,0.0,0.0,0.0
5076,US,US,ELEC8,BIODI,0.77,0.0,0.0,0.0,0.0,0.0
5700,US,US,FINAN,KERO1,0.75,0.0,0.0,0.0,0.0,0.0
16750,US,US,WOOD1,KEROS,0.76,0.0,0.0,0.0,0.0,0.0
3720,US,US,EDUCA,COLLE,0.76,0.0,0.0,0.0,0.0,0.0
14668,US,US,SEWAG,REFI1,0.76,0.0,0.0,0.0,0.0,0.0
15487,US,US,TEXT2,CERAM,0.76,0.0,0.0,0.0,0.0,0.0
17070,US,US,WOODW,NATUR,0.76,0.0,0.0,0.0,0.0,0.0
14684,US,US,SEWAG,SUGAR,0.76,0.0,0.0,0.0,0.0,0.0
10897,US,US,OFFIC,NATU1,0.76,0.0,0.0,0.0,0.0,0.0
7652,US,US,INERT,COKIN,0.76,0.0,0.0,0.0,0.0,0.0
6933,US,US,GASDI,MEAT1,0.75,0.0,0.0,0.0,0.0,0.0
15787,US,US,TRAN1,COKIN,0.75,0.0,0.0,0.0,0.0,0.0
11403,US,US,PAPE3,FOODW,0.75,0.0,0.0,0.0,0.0,0.0
13299,US,US,RAILW,TEXT1,0.77,0.0,0.0,0.0,0.0,0.0
4722,US,US,ELEC5,KEROS,0.75,0.0,0.0,0.0,0.0,0.0
5381,US,US,ELECT,LUBRI,0.75,0.0,0.0,0.0,0.0,0.0
209,US,US,AIRTR,LUBRI,0.75,0.0,0.0,0.0,0.0,0.0
3904,US,US,ELE11,MOTO1,0.75,0.0,0.0,0.0,0.0,0.0
14825,US,US,STEAM,TEXTI,0.75,0.0,0.0,0.0,0.0,0.0
5345,US,US,ELECT,ELEC8,0.75,0.0,0.0,0.0,0.0,0.0
1149,US,US,BIOG1,EDUCA,0.75,0.0,0.0,0.0,0.0,0.0
16165,US,US,VEGET,TEXT1,0.75,0.0,0.0,0.0,0.0,0.0
9982,US,US,MOTOR,NFERT,0.75,0.0,0.0,0.0,0.0,0.0
12970,US,US,PUBLI,ELEC1,0.75,0.0,0.0,0.0,0.0,0.0
7513,US,US,HYDRO,BIODI,0.76,0.0,0.0,0.0,0.0,0.0
2579,US,US,COLLE,PLANT,0.76,0.0,0.0,0.0,0.0,0.0
7775,US,US,INERT,TEXT2,0.76,0.0,0.0,0.0,0.0,0.0
11507,US,US,PAPE3,WOOD2,0.76,0.0,0.0,0.0,0.0,0.0
8466,US,US,LANDT,WHEAT,0.77,0.0,0.0,0.0,0.0,0.0
8021,US,US,INTER,FOOD4,0.77,0.0,0.0,0.0,0.0,0.0
1178,US,US,BIOG1,NFERT,0.77,0.0,0.0,0.0,0.0,0.0
9245,US,US,MEAT4,PFERT,0.77,0.0,0.0,0.0,0.0,0.0
6576,US,US,FORES,EDUCA,0.77,0.0,0.0,0.0,0.0,0.0
6100,US,US,FOOD3,PIGS9,0.77,0.0,0.0,0.0,0.0,0.0
16819,US,US,WOOD1,SUGA1,0.77,0.0,0.0,0.0,0.0,0.0
456,US,US,ANIMA,LANDT,0.77,0.0,0.0,0.0,0.0,0.0
8062,US,US,INTER,NONF1,0.77,0.0,0.0,0.0,0.0,0.0
3456,US,US,DIST1,KERO1,0.77,0.0,0.0,0.0,0.0,0.0
2692,US,US,COMPU,GASWO,0.76,0.0,0.0,0.0,0.0,0.0
9293,US,US,MEATC,FORES,0.76,0.0,0.0,0.0,0.0,0.0
6602,US,US,FORES,MOTOR,0.76,0.0,0.0,0.0,0.0,0.0
14935,US,US,STONE,WOODW,0.76,0.0,0.0,0.0,0.0,0.0
7603,US,US,HYDRO,RAILW,0.76,0.0,0.0,0.0,0.0,0.0
16437,US,US,WHEAT,RECRE,0.76,0.0,0.0,0.0,0.0,0.0
6599,US,US,FORES,MEATP,0.76,0.0,0.0,0.0,0.0,0.0
7333,US,US,HEAVY,WHEAT,0.76,0.0,0.0,0.0,0.0,0.0
5319,US,US,ELECT,CERAM,0.76,0.0,0.0,0.0,0.0,0.0
6209,US,US,FOOD4,INTER,0.76,0.0,0.0,0.0,0.0,0.0
15325,US,US,TEXT1,BRICK,0.76,0.0,0.0,0.0,0.0,0.0
222,US,US,AIRTR,NFERT,0.85,0.0,0.0,0.0,0.0,0.0
7536,US,US,HYDRO,DIST1,0.8,0.0,0.0,0.0,0.0,0.0
10546,US,US,NONFE,MOTO1,0.8,0.0,0.0,0.0,0.0,0.0
14827,US,US,STEAM,TRAN1,0.84,0.0,0.0,0.0,0.0,0.0
14341,US,US,SALEM,STONE,0.84,0.0,0.0,0.0,0.0,0.0
15567,US,US,TEXT2,OILSE,0.84,0.0,0.0,0.0,0.0,0.0
10406,US,US,NFERT,FABRI,0.84,0.0,0.0,0.0,0.0,0.0
2516,US,US,COLLE,ELEC7,0.1,0.0,0.0,0.0,0.0,0.0
11227,US,US,PAPE1,ELEC5,0.84,0.0,0.0,0.0,0.0,0.0
5938,US,US,FOOD2,NONME,0.84,0.0,0.0,0.0,0.0,0.0
16716,US,US,WOOD1,ELEC1,0.84,0.0,0.0,0.0,0.0,0.0
3483,US,US,DIST1,NUCLE,0.84,0.0,0.0,0.0,0.0,0.0
2995,US,US,COPP1,GASDI,0.84,0.0,0.0,0.0,0.0,0.0
12548,US,US,POSTT,NFERT,0.84,0.0,0.0,0.0,0.0,0.0
2333,US,US,CHEMI,CATTL,0.83,0.0,0.0,0.0,0.0,0.0
4484,US,US,ELEC3,PUBLI,0.83,0.0,0.0,0.0,0.0,0.0
10859,US,US,OFFIC,FOOD2,0.83,0.0,0.0,0.0,0.0,0.0
10364,US,US,NATUR,SEWAG,0.83,0.0,0.0,0.0,0.0,0.0
9214,US,US,MEAT4,GASDI,0.85,0.0,0.0,0.0,0.0,0.0
9769,US,US,MOTO1,ELEC8,0.83,0.0,0.0,0.0,0.0,0.0
7553,US,US,HYDRO,GLASS,0.83,0.0,0.0,0.0,0.0,0.0
16948,US,US,WOOD2,PLAS1,0.83,0.0,0.0,0.0,0.0,0.0
5073,US,US,ELEC8,AUXIL,0.83,0.0,0.0,0.0,0.0,0.0
7202,US,US,HEAVY,CERAM,0.83,0.0,0.0,0.0,0.0,0.0
15735,US,US,TEXTI,SANDC,0.83,0.0,0.0,0.0,0.0,0.0
8888,US,US,LUBRI,ETHAN,0.83,0.0,0.0,0.0,0.0,0.0
5722,US,US,FINAN,NFERT,0.84,0.0,0.0,0.0,0.0,0.0
7327,US,US,HEAVY,TRAN1,0.84,0.0,0.0,0.0,0.0,0.0
7708,US,US,INERT,LUBRI,0.84,0.0,0.0,0.0,0.0,0.0
12788,US,US,PRINT,ELEC1,0.84,0.0,0.0,0.0,0.0,0.0
6507,US,US,FOODW,PLAS1,0.84,0.0,0.0,0.0,0.0,0.0
6946,US,US,GASDI,NONF1,0.84,0.0,0.0,0.0,0.0,0.0
16395,US,US,WHEAT,ANIMA,0.84,0.0,0.0,0.0,0.0,0.0
5929,US,US,FOOD2,MEDIC,0.84,0.0,0.0,0.0,0.0,0.0
16812,US,US,WOOD1,SANDC,0.85,0.0,0.0,0.0,0.0,0.0
10713,US,US,NONSP,COLLE,0.85,0.0,0.0,0.0,0.0,0.0
13805,US,US,RENTI,NUCLE,0.85,0.0,0.0,0.0,0.0,0.0
11899,US,US,PFERT,ELEC2,0.84,0.0,0.0,0.0,0.0,0.0
16320,US,US,WASTE,VEGET,0.84,0.0,0.0,0.0,0.0,0.0
12552,US,US,POSTT,NONSP,0.85,0.0,0.0,0.0,0.0,0.0
15932,US,US,TRANS,BLAST,0.84,0.0,0.0,0.0,0.0,0.0
16952,US,US,WOOD2,POULT,0.85,0.0,0.0,0.0,0.0,0.0
6623,US,US,FORES,SEACO,0.84,0.0,0.0,0.0,0.0,0.0
16215,US,US,WASTE,ELEC4,0.84,0.0,0.0,0.0,0.0,0.0
350,US,US,ALUM1,PLAS2,0.84,0.0,0.0,0.0,0.0,0.0
14966,US,US,SUBBI,FABRI,0.84,0.0,0.0,0.0,0.0,0.0
2429,US,US,CHEMI,WOODW,0.84,0.0,0.0,0.0,0.0,0.0
7903,US,US,INSUR,MEDIC,0.85,0.0,0.0,0.0,0.0,0.0
15629,US,US,TEXTI,AIRTR,0.84,0.0,0.0,0.0,0.0,0.0
4619,US,US,ELEC4,PLAS2,0.84,0.0,0.0,0.0,0.0,0.0
7841,US,US,INSUR,COLLE,0.84,0.0,0.0,0.0,0.0,0.0
13749,US,US,RENTI,ELEC8,0.83,0.0,0.0,0.0,0.0,0.0
17058,US,US,WOODW,LUBRI,0.83,0.0,0.0,0.0,0.0,0.0
9612,US,US,MEMBE,ETHAN,0.8,0.0,0.0,0.0,0.0,0.0
16697,US,US,WOOD1,CATTL,0.81,0.0,0.0,0.0,0.0,0.0
16718,US,US,WOOD1,ELEC3,0.81,0.0,0.0,0.0,0.0,0.0
15832,US,US,TRAN1,LIQUE,0.81,0.0,0.0,0.0,0.0,0.0
12415,US,US,PLAST,LUBRI,0.81,0.0,0.0,0.0,0.0,0.0
8761,US,US,LIQUI,EDUCA,0.81,0.0,0.0,0.0,0.0,0.0
8769,US,US,LIQUI,FOOD5,0.81,0.0,0.0,0.0,0.0,0.0
6996,US,US,GASDI,TEXT1,0.81,0.0,0.0,0.0,0.0,0.0
3354,US,US,DAIRY,INLAN,0.81,0.0,0.0,0.0,0.0,0.0
8204,US,US,IRONO,SEWAG,0.81,0.0,0.0,0.0,0.0,0.0
3985,US,US,ELE12,COMPU,0.81,0.0,0.0,0.0,0.0,0.0
954,US,US,BEVER,MEATP,0.81,0.0,0.0,0.0,0.0,0.0
10302,US,US,NATUR,LANDT,0.81,0.0,0.0,0.0,0.0,0.0
9225,US,US,MEAT4,LUBRI,0.83,0.0,0.0,0.0,0.0,0.0
5119,US,US,ELEC8,INLAN,0.8,0.0,0.0,0.0,0.0,0.0
6991,US,US,GASDI,STONE,0.8,0.0,0.0,0.0,0.0,0.0
12341,US,US,PLAS2,PUBLI,0.8,0.0,0.0,0.0,0.0,0.0
1139,US,US,BIOG1,BUSIN,0.8,0.0,0.0,0.0,0.0,0.0
2386,US,US,CHEMI,OILSE,0.8,0.0,0.0,0.0,0.0,0.0
16362,US,US,WEARI,PAPER,0.8,0.0,0.0,0.0,0.0,0.0
12583,US,US,POSTT,REFIN,0.8,0.0,0.0,0.0,0.0,0.0
2587,US,US,COLLE,PROCE,0.8,0.0,0.0,0.0,0.0,0.0
3485,US,US,DIST1,OILHA,0.8,0.0,0.0,0.0,0.0,0.0
5455,US,US,ELECT,WHEAT,0.8,0.0,0.0,0.0,0.0,0.0
8911,US,US,LUBRI,IRONO,0.81,0.0,0.0,0.0,0.0,0.0
12114,US,US,PLAS1,FOODW,0.82,0.0,0.0,0.0,0.0,0.0
5675,US,US,FINAN,ETHAN,0.82,0.0,0.0,0.0,0.0,0.0
5592,US,US,FABRI,REFI1,0.82,0.0,0.0,0.0,0.0,0.0
14871,US,US,STONE,HEAVY,0.83,0.0,0.0,0.0,0.0,0.0
6827,US,US,FURNI,RAWMI,0.83,0.0,0.0,0.0,0.0,0.0
3866,US,US,ELE11,CRUDE,0.83,0.0,0.0,0.0,0.0,0.0
1082,US,US,BIODI,PFERT,0.85,0.0,0.0,0.0,0.0,0.0
12409,US,US,PLAST,KERO1,0.83,0.0,0.0,0.0,0.0,0.0
489,US,US,ANTHR,BUSIN,0.85,0.0,0.0,0.0,0.0,0.0
3926,US,US,ELE11,POULT,0.83,0.0,0.0,0.0,0.0,0.0
16986,US,US,WOOD2,TRAN1,0.83,0.0,0.0,0.0,0.0,0.0
10628,US,US,NONME,LEAD1,0.83,0.0,0.0,0.0,0.0,0.0
4443,US,US,ELEC3,LIQUI,0.83,0.0,0.0,0.0,0.0,0.0
3817,US,US,EDUCA,SALEM,0.82,0.0,0.0,0.0,0.0,0.0
1312,US,US,BIOGA,OILHA,0.82,0.0,0.0,0.0,0.0,0.0
1211,US,US,BIOG1,TEXTI,0.82,0.0,0.0,0.0,0.0,0.0
15670,US,US,TEXTI,GASDI,0.82,0.0,0.0,0.0,0.0,0.0
12846,US,US,PRINT,NONME,0.82,0.0,0.0,0.0,0.0,0.0
12218,US,US,PLAS1,WOOD2,0.82,0.0,0.0,0.0,0.0,0.0
11068,US,US,OILHA,RADIO,0.85,0.0,0.0,0.0,0.0,0.0
15428,US,US,TEXT1,PULP5,0.82,0.0,0.0,0.0,0.0,0.0
16817,US,US,WOOD1,STONE,0.82,0.0,0.0,0.0,0.0,0.0
16271,US,US,WASTE,OILSE,0.82,0.0,0.0,0.0,0.0,0.0
8149,US,US,IRONO,ELECT,0.82,0.0,0.0,0.0,0.0,0.0
16830,US,US,WOOD1,VEGET,0.75,0.0,0.0,0.0,0.0,0.0
11305,US,US,PAPE1,PROCE,0.75,0.0,0.0,0.0,0.0,0.0
12823,US,US,PRINT,KEROS,0.65,0.0,0.0,0.0,0.0,0.0
5013,US,US,ELEC7,NONME,0.68,0.0,0.0,0.0,0.0,0.0
2079,US,US,CERAM,SEWAG,0.69,0.0,0.0,0.0,0.0,0.0
1053,US,US,BIODI,LEATH,0.68,0.0,0.0,0.0,0.0,0.0
1865,US,US,CEMEN,ANTHR,0.68,0.0,0.0,0.0,0.0,0.0
16863,US,US,WOOD2,COLLE,0.68,0.0,0.0,0.0,0.0,0.0
5001,US,US,ELEC7,MEAT4,0.68,0.0,0.0,0.0,0.0,0.0
15194,US,US,SUPPO,ETHAN,0.68,0.0,0.0,0.0,0.0,0.0
15833,US,US,TRAN1,LIQUI,0.68,0.0,0.0,0.0,0.0,0.0
3751,US,US,EDUCA,FOODW,0.68,0.0,0.0,0.0,0.0,0.0
6419,US,US,FOODW,CHEMI,0.68,0.0,0.0,0.0,0.0,0.0
16778,US,US,WOOD1,OILSE,0.68,0.0,0.0,0.0,0.0,0.0
10830,US,US,OFFIC,CHEMI,0.68,0.0,0.0,0.0,0.0,0.0
8971,US,US,LUBRI,SEWAG,0.69,0.0,0.0,0.0,0.0,0.0
4078,US,US,ELE12,WOODW,0.68,0.0,0.0,0.0,0.0,0.0
11919,US,US,PFERT,INTER,0.68,0.0,0.0,0.0,0.0,0.0
8853,US,US,LUBRI,BIODI,0.68,0.0,0.0,0.0,0.0,0.0
15591,US,US,TEXT2,RAWMI,0.68,0.0,0.0,0.0,0.0,0.0
16659,US,US,WHOLE,SEWAG,0.68,0.0,0.0,0.0,0.0,0.0
13637,US,US,RECRE,TRAN2,0.68,0.0,0.0,0.0,0.0,0.0
15661,US,US,TEXTI,FISH5,0.68,0.0,0.0,0.0,0.0,0.0
6055,US,US,FOOD3,FORES,0.68,0.0,0.0,0.0,0.0,0.0
12972,US,US,PUBLI,ELEC3,0.68,0.0,0.0,0.0,0.0,0.0
12290,US,US,PLAS2,INTER,0.68,0.0,0.0,0.0,0.0,0.0
7104,US,US,GLASS,PFERT,0.69,0.0,0.0,0.0,0.0,0.0
10657,US,US,NONME,PETRO,0.69,0.0,0.0,0.0,0.0,0.0
12941,US,US,PUBLI,AIRTR,0.75,0.0,0.0,0.0,0.0,0.0
3581,US,US,DISTR,DISTR,0.69,0.0,0.0,0.0,0.0,0.0
13048,US,US,PUBLI,RESEA,0.7,0.0,0.0,0.0,0.0,0.0
2144,US,US,CEREA,REALE,0.7,0.0,0.0,0.0,0.0,0.0
16433,US,US,WHEAT,PROCE,0.7,0.0,0.0,0.0,0.0,0.0
1151,US,US,BIOG1,FABRI,0.7,0.0,0.0,0.0,0.0,0.0
7901,US,US,INSUR,MEATC,0.7,0.0,0.0,0.0,0.0,0.0
14752,US,US,STEAM,GASDI,0.69,0.0,0.0,0.0,0.0,0.0
14912,US,US,STONE,PUBLI,0.69,0.0,0.0,0.0,0.0,0.0
3979,US,US,ELE12,CEMEN,0.69,0.0,0.0,0.0,0.0,0.0
13338,US,US,REALE,BITU1,0.69,0.0,0.0,0.0,0.0,0.0
13665,US,US,REFI1,REFI1,0.69,0.0,0.0,0.0,0.0,0.0
8557,US,US,LEADZ,NONME,0.69,0.0,0.0,0.0,0.0,0.0
6972,US,US,GASDI,PULP5,0.69,0.0,0.0,0.0,0.0,0.0
11675,US,US,PAPER,ANTHR,0.69,0.0,0.0,0.0,0.0,0.0
154,US,US,AIRTR,COKIN,0.69,0.0,0.0,0.0,0.0,0.0
15532,US,US,TEXT2,HYDRO,0.69,0.0,0.0,0.0,0.0,0.0
3839,US,US,EDUCA,WOOD2,0.69,0.0,0.0,0.0,0.0,0.0
13081,US,US,PULP5,FURNI,0.69,0.0,0.0,0.0,0.0,0.0
15319,US,US,TEXT1,BIODI,0.69,0.0,0.0,0.0,0.0,0.0
4220,US,US,ELEC1,WOOD1,0.69,0.0,0.0,0.0,0.0,0.0
1661,US,US,BRICK,STONE,0.69,0.0,0.0,0.0,0.0,0.0
1000,US,US,BIODI,BRICK,0.69,0.0,0.0,0.0,0.0,0.0
3437,US,US,DIST1,FOOD2,0.69,0.0,0.0,0.0,0.0,0.0
5805,US,US,FISH5,MEATC,0.68,0.0,0.0,0.0,0.0,0.0
4968,US,US,ELEC7,CROPS,0.68,0.0,0.0,0.0,0.0,0.0
12732,US,US,PRECI,MOTOR,0.68,0.0,0.0,0.0,0.0,0.0
2070,US,US,CERAM,RECRE,0.66,0.0,0.0,0.0,0.0,0.0
15967,US,US,TRANS,INERT,0.66,0.0,0.0,0.0,0.0,0.0
1137,US,US,BIOG1,BIODI,0.66,0.0,0.0,0.0,0.0,0.0
13405,US,US,REALE,LIQUI,0.66,0.0,0.0,0.0,0.0,0.0
4003,US,US,ELE12,GLASS,0.66,0.0,0.0,0.0,0.0,0.0
11174,US,US,PADDY,RETA1,0.66,0.0,0.0,0.0,0.0,0.0
6844,US,US,FURNI,SUGA1,0.66,0.0,0.0,0.0,0.0,0.0
16608,US,US,WHOLE,MEATA,0.66,0.0,0.0,0.0,0.0,0.0
16860,US,US,WOOD2,CHEMI,0.66,0.0,0.0,0.0,0.0,0.0
12843,US,US,PRINT,NATUR,0.66,0.0,0.0,0.0,0.0,0.0
1252,US,US,BIOGA,DISTR,0.66,0.0,0.0,0.0,0.0,0.0
14925,US,US,STONE,SUGAR,0.66,0.0,0.0,0.0,0.0,0.0
10203,US,US,NATU1,RADIO,0.68,0.0,0.0,0.0,0.0,0.0
1266,US,US,BIOGA,FOOD2,0.66,0.0,0.0,0.0,0.0,0.0
7672,US,US,INERT,ELEC8,0.66,0.0,0.0,0.0,0.0,0.0
16614,US,US,WHOLE,NAPHT,0.66,0.0,0.0,0.0,0.0,0.0
14818,US,US,STEAM,SEWAG,0.66,0.0,0.0,0.0,0.0,0.0
9727,US,US,MOTO1,ANIMA,0.66,0.0,0.0,0.0,0.0,0.0
15346,US,US,TEXT1,ELEC1,0.66,0.0,0.0,0.0,0.0,0.0
10199,US,US,NATU1,PRINT,0.66,0.0,0.0,0.0,0.0,0.0
4970,US,US,ELEC7,DAIRY,0.65,0.0,0.0,0.0,0.0,0.0
13292,US,US,RAILW,RETAI,0.65,0.0,0.0,0.0,0.0,0.0
5562,US,US,FABRI,NUCLE,0.65,0.0,0.0,0.0,0.0,0.0
10271,US,US,NATUR,ELEC5,0.66,0.0,0.0,0.0,0.0,0.0
3874,US,US,ELE11,FISH5,0.67,0.0,0.0,0.0,0.0,0.0
1424,US,US,BITU1,PARAF,0.67,0.0,0.0,0.0,0.0,0.0
4237,US,US,ELEC2,BITU1,0.67,0.0,0.0,0.0,0.0,0.0
11427,US,US,PAPE3,LUBRI,0.67,0.0,0.0,0.0,0.0,0.0
5113,US,US,ELEC8,GASDI,0.67,0.0,0.0,0.0,0.0,0.0
2416,US,US,CHEMI,SEWAG,0.67,0.0,0.0,0.0,0.0,0.0
12330,US,US,PLAS2,PIGS9,0.67,0.0,0.0,0.0,0.0,0.0
7624,US,US,HYDRO,WHITE,0.67,0.0,0.0,0.0,0.0,0.0
16016,US,US,VEGE1,ALUM1,0.67,0.0,0.0,0.0,0.0,0.0
9786,US,US,MOTO1,GASWO,0.67,0.0,0.0,0.0,0.0,0.0
16303,US,US,WASTE,SANDC,0.67,0.0,0.0,0.0,0.0,0.0
5243,US,US,ELEC9,HOTEL,0.67,0.0,0.0,0.0,0.0,0.0
15752,US,US,TEXTI,WHEAT,0.67,0.0,0.0,0.0,0.0,0.0
9337,US,US,MEATC,SECO9,0.67,0.0,0.0,0.0,0.0,0.0
14295,US,US,SALEM,NATU1,0.67,0.0,0.0,0.0,0.0,0.0
15442,US,US,TEXT1,SANDC,0.67,0.0,0.0,0.0,0.0,0.0
17047,US,US,WOODW,INLAN,0.67,0.0,0.0,0.0,0.0,0.0
4121,US,US,ELEC1,FORES,0.67,0.0,0.0,0.0,0.0,0.0
7565,US,US,HYDRO,LIGNI,0.67,0.0,0.0,0.0,0.0,0.0
219,US,US,AIRTR,NAPHT,0.67,0.0,0.0,0.0,0.0,0.0
6670,US,US,FOUND,NONF1,0.67,0.0,0.0,0.0,0.0,0.0
1154,US,US,BIOG1,FOOD5,0.67,0.0,0.0,0.0,0.0,0.0
4521,US,US,ELEC3,WOOD1,0.67,0.0,0.0,0.0,0.0,0.0
3853,US,US,ELE11,BRICK,0.67,0.0,0.0,0.0,0.0,0.0
10527,US,US,NONFE,CERAM,0.7,0.0,0.0,0.0,0.0,0.0
17131,US,US,WOODW,WOOD1,0.7,0.0,0.0,0.0,0.0,0.0
1129,US,US,BIODI,WOOD1,0.7,0.0,0.0,0.0,0.0,0.0
4953,US,US,ELEC7,BIOGA,0.73,0.0,0.0,0.0,0.0,0.0
11226,US,US,PAPE1,ELEC4,0.74,0.0,0.0,0.0,0.0,0.0
14519,US,US,SECO9,MOTO1,0.74,0.0,0.0,0.0,0.0,0.0
6258,US,US,FOOD4,PRIVA,0.74,0.0,0.0,0.0,0.0,0.0
11669,US,US,PAPE4,WOOD2,0.74,0.0,0.0,0.0,0.0,0.0
7914,US,US,INSUR,OFFIC,0.74,0.0,0.0,0.0,0.0,0.0
11942,US,US,PFERT,NUCLE,0.74,0.0,0.0,0.0,0.0,0.0
4042,US,US,ELE12,POSTT,0.74,0.0,0.0,0.0,0.0,0.0
5962,US,US,FOOD2,PULP5,0.73,0.0,0.0,0.0,0.0,0.0
16941,US,US,WOOD2,PAPE4,0.73,0.0,0.0,0.0,0.0,0.0
8412,US,US,LANDT,OILSE,0.73,0.0,0.0,0.0,0.0,0.0
15712,US,US,TEXTI,PFERT,0.73,0.0,0.0,0.0,0.0,0.0
10162,US,US,NATU1,KERO1,0.73,0.0,0.0,0.0,0.0,0.0
16201,US,US,WASTE,COLLE,0.73,0.0,0.0,0.0,0.0,0.0
11565,US,US,PAPE4,FOODW,0.73,0.0,0.0,0.0,0.0,0.0
15874,US,US,TRAN1,PUBLI,0.73,0.0,0.0,0.0,0.0,0.0
6689,US,US,FOUND,RECRE,0.73,0.0,0.0,0.0,0.0,0.0
10818,US,US,OFFIC,BEVER,0.73,0.0,0.0,0.0,0.0,0.0
4929,US,US,ELEC6,SUGAR,0.73,0.0,0.0,0.0,0.0,0.0
14733,US,US,STEAM,ELEC1,0.73,0.0,0.0,0.0,0.0,0.0
756,US,US,AVIAT,NAPHT,0.73,0.0,0.0,0.0,0.0,0.0
11288,US,US,PAPE1,PAPE1,0.73,0.0,0.0,0.0,0.0,0.0
4951,US,US,ELEC7,BEVER,0.73,0.0,0.0,0.0,0.0,0.0
11997,US,US,PIGS9,CATTL,0.74,0.0,0.0,0.0,0.0,0.0
15149,US,US,SUPPO,ANIMA,0.74,0.0,0.0,0.0,0.0,0.0
6487,US,US,FOODW,NATU1,0.74,0.0,0.0,0.0,0.0,0.0
15533,US,US,TEXT2,INERT,0.74,0.0,0.0,0.0,0.0,0.0
3621,US,US,DISTR,LUBRI,0.75,0.0,0.0,0.0,0.0,0.0
13663,US,US,REFI1,PETRO,0.75,0.0,0.0,0.0,0.0,0.0
7141,US,US,GLASS,WOOD1,0.75,0.0,0.0,0.0,0.0,0.0
16345,US,US,WEARI,INERT,0.75,0.0,0.0,0.0,0.0,0.0
5059,US,US,ELEC7,TRANS,0.75,0.0,0.0,0.0,0.0,0.0
14872,US,US,STONE,INERT,0.75,0.0,0.0,0.0,0.0,0.0
6500,US,US,FOODW,PAPE4,0.74,0.0,0.0,0.0,0.0,0.0
16443,US,US,WHITE,93197,0.74,0.0,0.0,0.0,0.0,0.0
1917,US,US,CEMEN,GASWO,0.74,0.0,0.0,0.0,0.0,0.0
15899,US,US,TRAN1,TEXT2,0.74,0.0,0.0,0.0,0.0,0.0
14707,US,US,STEAM,BEVER,0.74,0.0,0.0,0.0,0.0,0.0
16004,US,US,TRANS,SUBBI,0.74,0.0,0.0,0.0,0.0,0.0
11866,US,US,PARAF,SUPPO,0.74,0.0,0.0,0.0,0.0,0.0
9817,US,US,MOTO1,NAPHT,0.74,0.0,0.0,0.0,0.0,0.0
10890,US,US,OFFIC,MEATC,0.74,0.0,0.0,0.0,0.0,0.0
10391,US,US,NFERT,BIODI,0.74,0.0,0.0,0.0,0.0,0.0
11033,US,US,OILHA,MEATP,0.74,0.0,0.0,0.0,0.0,0.0
7325,US,US,HEAVY,TEXTI,0.74,0.0,0.0,0.0,0.0,0.0
3045,US,US,COPP1,SEWAG,0.74,0.0,0.0,0.0,0.0,0.0
16194,US,US,WASTE,CERAM,0.74,0.0,0.0,0.0,0.0,0.0
3680,US,US,DISTR,SUBBI,0.74,0.0,0.0,0.0,0.0,0.0
14,US,US,93197,BRICK,0.73,0.0,0.0,0.0,0.0,0.0
16755,US,US,WOOD1,LIQUE,0.72,0.0,0.0,0.0,0.0,0.0
10899,US,US,OFFIC,NONF1,0.7,0.0,0.0,0.0,0.0,0.0
5928,US,US,FOOD2,MEATP,0.7,0.0,0.0,0.0,0.0,0.0
11249,US,US,PAPE1,HEAVY,0.71,0.0,0.0,0.0,0.0,0.0
9224,US,US,MEAT4,LIQUI,0.71,0.0,0.0,0.0,0.0,0.0
14957,US,US,SUBBI,COPP1,0.71,0.0,0.0,0.0,0.0,0.0
3888,US,US,ELE11,INSUR,0.71,0.0,0.0,0.0,0.0,0.0
10060,US,US,NAPHT,FABRI,0.71,0.0,0.0,0.0,0.0,0.0
1244,US,US,BIOGA,COKIN,0.71,0.0,0.0,0.0,0.0,0.0
4878,US,US,ELEC6,MEDIC,0.71,0.0,0.0,0.0,0.0,0.0
8080,US,US,INTER,PLAS2,0.7,0.0,0.0,0.0,0.0,0.0
16753,US,US,WOOD1,LEATH,0.7,0.0,0.0,0.0,0.0,0.0
1250,US,US,BIOGA,DAIRY,0.7,0.0,0.0,0.0,0.0,0.0
8356,US,US,LANDT,ELEC8,0.7,0.0,0.0,0.0,0.0,0.0
5080,US,US,ELEC8,BITUM,0.72,0.0,0.0,0.0,0.0,0.0
687,US,US,AUXIL,PETRO,0.7,0.0,0.0,0.0,0.0,0.0
2632,US,US,COMPU,ANIMA,0.7,0.0,0.0,0.0,0.0,0.0
9894,US,US,MOTOR,AVIAT,0.7,0.0,0.0,0.0,0.0,0.0
13660,US,US,REFI1,NAPHT,0.7,0.0,0.0,0.0,0.0,0.0
7739,US,US,INERT,PLANT,0.7,0.0,0.0,0.0,0.0,0.0
16523,US,US,WHITE,RENTI,0.7,0.0,0.0,0.0,0.0,0.0
7637,US,US,INERT,BIOG1,0.7,0.0,0.0,0.0,0.0,0.0
2572,US,US,COLLE,PAPE1,0.7,0.0,0.0,0.0,0.0,0.0
14216,US,US,SALEM,BITU1,0.7,0.0,0.0,0.0,0.0,0.0
15012,US,US,SUBBI,PRINT,0.7,0.0,0.0,0.0,0.0,0.0
11744,US,US,PAPER,KERO1,0.71,0.0,0.0,0.0,0.0,0.0
2024,US,US,CERAM,ELEC2,0.71,0.0,0.0,0.0,0.0,0.0
15168,US,US,SUPPO,CHEMI,0.71,0.0,0.0,0.0,0.0,0.0
3890,US,US,ELE11,IRONO,0.71,0.0,0.0,0.0,0.0,0.0
12531,US,US,POSTT,LIGNI,0.72,0.0,0.0,0.0,0.0,0.0
15497,US,US,TEXT2,CROPS,0.72,0.0,0.0,0.0,0.0,0.0
6585,US,US,FORES,GASDI,0.72,0.0,0.0,0.0,0.0,0.0
4058,US,US,ELE12,SALEM,0.72,0.0,0.0,0.0,0.0,0.0
14954,US,US,SUBBI,COKIN,0.72,0.0,0.0,0.0,0.0,0.0
8024,US,US,INTER,FORES,0.72,0.0,0.0,0.0,0.0,0.0
15338,US,US,TEXT1,COPP1,0.72,0.0,0.0,0.0,0.0,0.0
1004,US,US,BIODI,CERAM,0.72,0.0,0.0,0.0,0.0,0.0
414,US,US,ALUMI,MOTOR,0.72,0.0,0.0,0.0,0.0,0.0
1108,US,US,BIODI,SECO9,0.72,0.0,0.0,0.0,0.0,0.0
762,US,US,AVIAT,REFI1,0.72,0.0,0.0,0.0,0.0,0.0
5815,US,US,FISH5,SECO9,0.72,0.0,0.0,0.0,0.0,0.0
12138,US,US,PLAS1,LUBRI,0.72,0.0,0.0,0.0,0.0,0.0
8638,US,US,LEATH,PLAST,0.72,0.0,0.0,0.0,0.0,0.0
6659,US,US,FOUND,INLAN,0.72,0.0,0.0,0.0,0.0,0.0
6422,US,US,FOODW,COLLE,0.72,0.0,0.0,0.0,0.0,0.0
8263,US,US,KEROS,CHEM1,0.72,0.0,0.0,0.0,0.0,0.0
16700,US,US,WOOD1,CEREA,0.72,0.0,0.0,0.0,0.0,0.0
3178,US,US,CROPS,TEXT2,0.72,0.0,0.0,0.0,0.0,0.0
16928,US,US,WOOD2,NATU1,0.72,0.0,0.0,0.0,0.0,0.0
9232,US,US,MEAT4,MEDIC,0.72,0.0,0.0,0.0,0.0,0.0
823,US,US,BASIC,FORES,0.5,0.0,0.0,0.0,0.0,0.0
12790,US,US,PRINT,ELEC3,0.5,0.0,0.0,0.0,0.0,0.0
4885,US,US,ELEC6,NFERT,0.29,0.0,0.0,0.0,0.0,0.0
12749,US,US,PRECI,STONE,0.35,0.0,0.0,0.0,0.0,0.0
11426,US,US,PAPE3,LIQUI,0.35,0.0,0.0,0.0,0.0,0.0
9462,US,US,MEDIC,FISHF,0.35,0.0,0.0,0.0,0.0,0.0
3189,US,US,CROPS,WOOLS,0.35,0.0,0.0,0.0,0.0,0.0
8659,US,US,LEATH,WHOLE,0.35,0.0,0.0,0.0,0.0,0.0
7297,US,US,HEAVY,PROCE,0.35,0.0,0.0,0.0,0.0,0.0
9013,US,US,MACHI,COKEO,0.35,0.0,0.0,0.0,0.0,0.0
6930,US,US,GASDI,LIQUI,0.35,0.0,0.0,0.0,0.0,0.0
2235,US,US,CHEM1,LIGNI,0.35,0.0,0.0,0.0,0.0,0.0
9455,US,US,MEDIC,ELEC8,0.35,0.0,0.0,0.0,0.0,0.0
6151,US,US,FOOD4,BITU1,0.35,0.0,0.0,0.0,0.0,0.0
2942,US,US,CONST,TEXT2,0.35,0.0,0.0,0.0,0.0,0.0
5107,US,US,ELEC8,FOOD4,0.35,0.0,0.0,0.0,0.0,0.0
7231,US,US,HEAVY,FINAN,0.35,0.0,0.0,0.0,0.0,0.0
4585,US,US,ELEC4,LIQUE,0.35,0.0,0.0,0.0,0.0,0.0
7026,US,US,GASWO,GASWO,0.35,0.0,0.0,0.0,0.0,0.0
7334,US,US,HEAVY,WHITE,0.35,0.0,0.0,0.0,0.0,0.0
9209,US,US,MEAT4,FABRI,0.35,0.0,0.0,0.0,0.0,0.0
16061,US,US,VEGE1,NONME,0.35,0.0,0.0,0.0,0.0,0.0
14493,US,US,SECO9,BIODI,0.35,0.0,0.0,0.0,0.0,0.0
7313,US,US,HEAVY,SANDC,0.35,0.0,0.0,0.0,0.0,0.0
5785,US,US,FINAN,WHITE,0.35,0.0,0.0,0.0,0.0,0.0
5336,US,US,ELECT,ELE11,0.35,0.0,0.0,0.0,0.0,0.0
12198,US,US,PLAS1,STEAM,0.35,0.0,0.0,0.0,0.0,0.0
15666,US,US,TEXTI,FOODW,0.35,0.0,0.0,0.0,0.0,0.0
8962,US,US,LUBRI,REFIN,0.34,0.0,0.0,0.0,0.0,0.0
9404,US,US,MEATP,SECO9,0.36,0.0,0.0,0.0,0.0,0.0
22,US,US,93197,COLLE,0.36,0.0,0.0,0.0,0.0,0.0
13287,US,US,RAILW,REALE,0.36,0.0,0.0,0.0,0.0,0.0
1271,US,US,BIOGA,FORES,0.36,0.0,0.0,0.0,0.0,0.0
1894,US,US,CEMEN,ELE11,0.36,0.0,0.0,0.0,0.0,0.0
10979,US,US,OILHA,CROPS,0.36,0.0,0.0,0.0,0.0,0.0
6516,US,US,FOODW,PUBLI,0.36,0.0,0.0,0.0,0.0,0.0
8692,US,US,LIGNI,GASDI,0.36,0.0,0.0,0.0,0.0,0.0
11655,US,US,PAPE4,TEXT1,0.36,0.0,0.0,0.0,0.0,0.0
4794,US,US,ELEC5,TEXT2,0.36,0.0,0.0,0.0,0.0,0.0
7094,US,US,GLASS,NONSP,0.36,0.0,0.0,0.0,0.0,0.0
15755,US,US,TEXTI,WOOD2,0.36,0.0,0.0,0.0,0.0,0.0
1869,US,US,CEMEN,BIODI,0.36,0.0,0.0,0.0,0.0,0.0
10545,US,US,NONFE,MEDIC,0.36,0.0,0.0,0.0,0.0,0.0
1498,US,US,BITUM,LUBRI,0.36,0.0,0.0,0.0,0.0,0.0
1575,US,US,BLAST,ELEC4,0.36,0.0,0.0,0.0,0.0,0.0
10295,US,US,NATUR,INERT,0.36,0.0,0.0,0.0,0.0,0.0
4826,US,US,ELEC6,CERAM,0.36,0.0,0.0,0.0,0.0,0.0
868,US,US,BASIC,OILSE,0.36,0.0,0.0,0.0,0.0,0.0
15289,US,US,SUPPO,SUBBI,0.36,0.0,0.0,0.0,0.0,0.0
10322,US,US,NATUR,NONF1,0.36,0.0,0.0,0.0,0.0,0.0
9772,US,US,MOTO1,ETHAN,0.36,0.0,0.0,0.0,0.0,0.0
15412,US,US,TEXT1,PAPE4,0.36,0.0,0.0,0.0,0.0,0.0
2084,US,US,CERAM,TEXTI,0.35,0.0,0.0,0.0,0.0,0.0
13693,US,US,REFIN,PARAF,0.35,0.0,0.0,0.0,0.0,0.0
1362,US,US,BIOGA,VEGET,0.35,0.0,0.0,0.0,0.0,0.0
2981,US,US,COPP1,ELEC2,0.34,0.0,0.0,0.0,0.0,0.0
14429,US,US,SANDC,PAPE3,0.34,0.0,0.0,0.0,0.0,0.0
15964,US,US,TRANS,GASWO,0.34,0.0,0.0,0.0,0.0,0.0
5781,US,US,FINAN,VEGET,0.34,0.0,0.0,0.0,0.0,0.0
16533,US,US,WHITE,SUBBI,0.34,0.0,0.0,0.0,0.0,0.0
6505,US,US,FOODW,PIGS9,0.34,0.0,0.0,0.0,0.0,0.0
5857,US,US,FOOD2,BITUM,0.34,0.0,0.0,0.0,0.0,0.0
10206,US,US,NATU1,REALE,0.34,0.0,0.0,0.0,0.0,0.0
14611,US,US,SEWAG,KERO1,0.34,0.0,0.0,0.0,0.0,0.0
11851,US,US,PARAF,KEROS,0.34,0.0,0.0,0.0,0.0,0.0
176,US,US,AIRTR,ETHAN,0.34,0.0,0.0,0.0,0.0,0.0
16274,US,US,WASTE,PAPE3,0.34,0.0,0.0,0.0,0.0,0.0
14075,US,US,RUBBE,ELE11,0.35,0.0,0.0,0.0,0.0,0.0
10547,US,US,NONFE,MOTOR,0.34,0.0,0.0,0.0,0.0,0.0
9477,US,US,MEDIC,HYDRO,0.34,0.0,0.0,0.0,0.0,0.0
3920,US,US,ELE11,PIGS9,0.34,0.0,0.0,0.0,0.0,0.0
6184,US,US,FOOD4,ELEC8,0.34,0.0,0.0,0.0,0.0,0.0
15928,US,US,TRANS,BIODI,0.34,0.0,0.0,0.0,0.0,0.0
11588,US,US,PAPE4,LIQUI,0.34,0.0,0.0,0.0,0.0,0.0
10667,US,US,NONME,PULP5,0.34,0.0,0.0,0.0,0.0,0.0
9221,US,US,MEAT4,LANDT,0.34,0.0,0.0,0.0,0.0,0.0
11070,US,US,OILHA,RAWMI,0.34,0.0,0.0,0.0,0.0,0.0
16789,US,US,WOOD1,PLAS2,0.34,0.0,0.0,0.0,0.0,0.0
4728,US,US,ELEC5,LIQUI,0.34,0.0,0.0,0.0,0.0,0.0
6681,US,US,FOUND,POSTT,0.34,0.0,0.0,0.0,0.0,0.0
11869,US,US,PETRO,CEMEN,0.34,0.0,0.0,0.0,0.0,0.0
8815,US,US,LIQUI,RADIO,0.34,0.0,0.0,0.0,0.0,0.0
1458,US,US,BITUM,COKE1,0.35,0.0,0.0,0.0,0.0,0.0
13696,US,US,REFIN,PLAST,0.35,0.0,0.0,0.0,0.0,0.0
3008,US,US,COPP1,LUBRI,0.35,0.0,0.0,0.0,0.0,0.0
12124,US,US,PLAS1,HYDRO,0.35,0.0,0.0,0.0,0.0,0.0
10825,US,US,OFFIC,BRICK,0.35,0.0,0.0,0.0,0.0,0.0
13535,US,US,RECRE,ETHAN,0.35,0.0,0.0,0.0,0.0,0.0
8159,US,US,IRONO,INERT,0.35,0.0,0.0,0.0,0.0,0.0
9425,US,US,MEDIC,BITUM,0.35,0.0,0.0,0.0,0.0,0.0
8672,US,US,LIGNI,CHEMI,0.35,0.0,0.0,0.0,0.0,0.0
5097,US,US,ELEC8,DIST1,0.34,0.0,0.0,0.0,0.0,0.0
3783,US,US,EDUCA,OFFIC,0.34,0.0,0.0,0.0,0.0,0.0
10559,US,US,NONFE,RADIO,0.34,0.0,0.0,0.0,0.0,0.0
4814,US,US,ELEC6,AUXIL,0.34,0.0,0.0,0.0,0.0,0.0
15399,US,US,TEXT1,NATU1,0.34,0.0,0.0,0.0,0.0,0.0
505,US,US,ANTHR,FABRI,0.34,0.0,0.0,0.0,0.0,0.0
7772,US,US,INERT,SUGAR,0.34,0.0,0.0,0.0,0.0,0.0
15586,US,US,TEXT2,PROCE,0.34,0.0,0.0,0.0,0.0,0.0
11067,US,US,OILHA,PULP5,0.34,0.0,0.0,0.0,0.0,0.0
9938,US,US,MOTOR,FISH5,0.34,0.0,0.0,0.0,0.0,0.0
16734,US,US,WOOD1,FORES,0.34,0.0,0.0,0.0,0.0,0.0
7345,US,US,HOTEL,AVIAT,0.34,0.0,0.0,0.0,0.0,0.0
1496,US,US,BITUM,LIQUE,0.36,0.0,0.0,0.0,0.0,0.0
9576,US,US,MEMBE,BIOG1,0.36,0.0,0.0,0.0,0.0,0.0
1119,US,US,BIODI,TOBAC,0.36,0.0,0.0,0.0,0.0,0.0
10062,US,US,NAPHT,FURNI,0.37,0.0,0.0,0.0,0.0,0.0
6074,US,US,FOOD3,LUBRI,0.38,0.0,0.0,0.0,0.0,0.0
12737,US,US,PRECI,OFFIC,0.38,0.0,0.0,0.0,0.0,0.0
7261,US,US,HEAVY,MEAT1,0.38,0.0,0.0,0.0,0.0,0.0
14300,US,US,SALEM,NONSP,0.38,0.0,0.0,0.0,0.0,0.0
13909,US,US,RESEA,ELEC6,0.38,0.0,0.0,0.0,0.0,0.0
13846,US,US,RENTI,STEAM,0.38,0.0,0.0,0.0,0.0,0.0
8201,US,US,IRONO,RUBBE,0.38,0.0,0.0,0.0,0.0,0.0
12137,US,US,PLAS1,LIQUI,0.38,0.0,0.0,0.0,0.0,0.0
7736,US,US,INERT,PETRO,0.38,0.0,0.0,0.0,0.0,0.0
11887,US,US,PFERT,CHEMI,0.37,0.0,0.0,0.0,0.0,0.0
7907,US,US,INSUR,NAPHT,0.37,0.0,0.0,0.0,0.0,0.0
361,US,US,ALUM1,RENTI,0.37,0.0,0.0,0.0,0.0,0.0
10889,US,US,OFFIC,MEAT4,0.37,0.0,0.0,0.0,0.0,0.0
12961,US,US,PUBLI,COLLE,0.37,0.0,0.0,0.0,0.0,0.0
622,US,US,AUXIL,ELEC9,0.37,0.0,0.0,0.0,0.0,0.0
6298,US,US,FOOD4,WOOD1,0.37,0.0,0.0,0.0,0.0,0.0
11750,US,US,PAPER,LIGNI,0.37,0.0,0.0,0.0,0.0,0.0
13025,US,US,PUBLI,OILHA,0.37,0.0,0.0,0.0,0.0,0.0
14542,US,US,SEWAG,ANTHR,0.37,0.0,0.0,0.0,0.0,0.0
7315,US,US,HEAVY,SECO9,0.37,0.0,0.0,0.0,0.0,0.0
8634,US,US,LEATH,PAPER,0.37,0.0,0.0,0.0,0.0,0.0
9869,US,US,MOTO1,SUGAR,0.37,0.0,0.0,0.0,0.0,0.0
15411,US,US,TEXT1,PAPE3,0.38,0.0,0.0,0.0,0.0,0.0
4565,US,US,ELEC4,FOODW,0.38,0.0,0.0,0.0,0.0,0.0
12331,US,US,PLAS2,PLANT,0.38,0.0,0.0,0.0,0.0,0.0
11651,US,US,PAPE4,SUBBI,0.38,0.0,0.0,0.0,0.0,0.0
8706,US,US,LIGNI,NATU1,0.38,0.0,0.0,0.0,0.0,0.0
16631,US,US,WHOLE,PETRO,0.38,0.0,0.0,0.0,0.0,0.0
9636,US,US,MEMBE,KERO1,0.38,0.0,0.0,0.0,0.0,0.0
7397,US,US,HOTEL,FORES,0.38,0.0,0.0,0.0,0.0,0.0
10806,US,US,NUCLE,RADIO,0.38,0.0,0.0,0.0,0.0,0.0
11939,US,US,PFERT,NONF1,0.38,0.0,0.0,0.0,0.0,0.0
9570,US,US,MEMBE,ANTHR,0.38,0.0,0.0,0.0,0.0,0.0
9426,US,US,MEDIC,BLAST,0.38,0.0,0.0,0.0,0.0,0.0
8314,US,US,LANDT,ANIMA,0.38,0.0,0.0,0.0,0.0,0.0
4664,US,US,ELEC4,WOOD2,0.38,0.0,0.0,0.0,0.0,0.0
380,US,US,ALUM1,WOOD2,0.38,0.0,0.0,0.0,0.0,0.0
11489,US,US,PAPE3,SUBBI,0.38,0.0,0.0,0.0,0.0,0.0
15986,US,US,TRANS,PLAS2,0.38,0.0,0.0,0.0,0.0,0.0
434,US,US,ALUMI,SANDC,0.38,0.0,0.0,0.0,0.0,0.0
1901,US,US,CEMEN,ELEC6,0.38,0.0,0.0,0.0,0.0,0.0
14249,US,US,SALEM,ELEC8,0.38,0.0,0.0,0.0,0.0,0.0
313,US,US,ALUM1,FOODW,0.38,0.0,0.0,0.0,0.0,0.0
464,US,US,ANIMA,PIGS9,0.38,0.0,0.0,0.0,0.0,0.0
7306,US,US,HEAVY,REFIN,0.38,0.0,0.0,0.0,0.0,0.0
2025,US,US,CERAM,ELEC3,0.38,0.0,0.0,0.0,0.0,0.0
413,US,US,ALUMI,MOTO1,0.38,0.0,0.0,0.0,0.0,0.0
4316,US,US,ELEC2,NONSP,0.37,0.0,0.0,0.0,0.0,0.0
10849,US,US,OFFIC,ELEC5,0.37,0.0,0.0,0.0,0.0,0.0
3080,US,US,COPPE,RUBBE,0.36,0.0,0.0,0.0,0.0,0.0
7288,US,US,HEAVY,PLANT,0.36,0.0,0.0,0.0,0.0,0.0
2395,US,US,CHEMI,PLANT,0.37,0.0,0.0,0.0,0.0,0.0
6787,US,US,FURNI,MEAT1,0.37,0.0,0.0,0.0,0.0,0.0
10874,US,US,OFFIC,INLAN,0.37,0.0,0.0,0.0,0.0,0.0
5379,US,US,ELECT,LIQUE,0.37,0.0,0.0,0.0,0.0,0.0
15027,US,US,SUBBI,SECO9,0.37,0.0,0.0,0.0,0.0,0.0
13387,US,US,REALE,GASWO,0.37,0.0,0.0,0.0,0.0,0.0
16772,US,US,WOOD1,NONF1,0.37,0.0,0.0,0.0,0.0,0.0
10610,US,US,NONME,FOOD4,0.36,0.0,0.0,0.0,0.0,0.0
14435,US,US,SANDC,PLAS1,0.36,0.0,0.0,0.0,0.0,0.0
9820,US,US,MOTO1,NFERT,0.36,0.0,0.0,0.0,0.0,0.0
10848,US,US,OFFIC,ELEC4,0.36,0.0,0.0,0.0,0.0,0.0
9251,US,US,MEAT4,RAWMI,0.37,0.0,0.0,0.0,0.0,0.0
12776,US,US,PRINT,COKIN,0.36,0.0,0.0,0.0,0.0,0.0
1953,US,US,CEMEN,OILSE,0.36,0.0,0.0,0.0,0.0,0.0
16957,US,US,WOOD2,PUBLI,0.36,0.0,0.0,0.0,0.0,0.0
3902,US,US,ELE11,MEDIC,0.36,0.0,0.0,0.0,0.0,0.0
4817,US,US,ELEC6,BIODI,0.36,0.0,0.0,0.0,0.0,0.0
3460,US,US,DIST1,LEADZ,0.36,0.0,0.0,0.0,0.0,0.0
11896,US,US,PFERT,DISTR,0.36,0.0,0.0,0.0,0.0,0.0
1209,US,US,BIOG1,STEAM,0.36,0.0,0.0,0.0,0.0,0.0
16281,US,US,WASTE,PLAS1,0.36,0.0,0.0,0.0,0.0,0.0
16219,US,US,WASTE,ELEC8,0.36,0.0,0.0,0.0,0.0,0.0
783,US,US,BASIC,BLAST,0.37,0.0,0.0,0.0,0.0,0.0
10597,US,US,NONME,DAIRY,0.37,0.0,0.0,0.0,0.0,0.0
12748,US,US,PRECI,SANDC,0.37,0.0,0.0,0.0,0.0,0.0
3769,US,US,EDUCA,MACHI,0.37,0.0,0.0,0.0,0.0,0.0
12414,US,US,PLAST,LIQUI,0.37,0.0,0.0,0.0,0.0,0.0
9718,US,US,MEMBE,WHEAT,0.37,0.0,0.0,0.0,0.0,0.0
7176,US,US,HEALT,SEWAG,0.37,0.0,0.0,0.0,0.0,0.0
676,US,US,AUXIL,NONSP,0.37,0.0,0.0,0.0,0.0,0.0
16436,US,US,WHEAT,REALE,0.37,0.0,0.0,0.0,0.0,0.0
4295,US,US,ELEC2,LEATH,0.37,0.0,0.0,0.0,0.0,0.0
11493,US,US,PAPE3,TEXT1,0.37,0.0,0.0,0.0,0.0,0.0
11769,US,US,PAPER,NONSP,0.37,0.0,0.0,0.0,0.0,0.0
1932,US,US,CEMEN,LIGNI,0.37,0.0,0.0,0.0,0.0,0.0
15509,US,US,TEXT2,ELEC5,0.37,0.0,0.0,0.0,0.0,0.0
465,US,US,ANIMA,PLAST,0.37,0.0,0.0,0.0,0.0,0.0
4889,US,US,ELEC6,OFFIC,0.37,0.0,0.0,0.0,0.0,0.0
16992,US,US,WOOD2,WHEAT,0.37,0.0,0.0,0.0,0.0,0.0
11265,US,US,PAPE1,LUBRI,0.37,0.0,0.0,0.0,0.0,0.0
2408,US,US,CHEMI,RECRE,0.37,0.0,0.0,0.0,0.0,0.0
4999,US,US,ELEC7,MACHI,0.37,0.0,0.0,0.0,0.0,0.0
16526,US,US,WHITE,RETAI,0.37,0.0,0.0,0.0,0.0,0.0
630,US,US,AUXIL,FOOD3,0.37,0.0,0.0,0.0,0.0,0.0
16731,US,US,WOOD1,FOOD4,0.37,0.0,0.0,0.0,0.0,0.0
436,US,US,ALUMI,STONE,0.37,0.0,0.0,0.0,0.0,0.0
1594,US,US,BRICK,BITU1,0.37,0.0,0.0,0.0,0.0,0.0
13255,US,US,RAILW,AIRTR,0.34,0.0,0.0,0.0,0.0,0.0
4090,US,US,ELEC1,BITU1,0.34,0.0,0.0,0.0,0.0,0.0
12466,US,US,POSTT,BLAST,0.38,0.0,0.0,0.0,0.0,0.0
10334,US,US,NATUR,PARAF,0.31,0.0,0.0,0.0,0.0,0.0
11296,US,US,PAPE1,PLANT,0.31,0.0,0.0,0.0,0.0,0.0
8701,US,US,LIGNI,MEAT4,0.31,0.0,0.0,0.0,0.0,0.0
13275,US,US,RAILW,OILHA,0.31,0.0,0.0,0.0,0.0,0.0
16384,US,US,WEARI,SUPPO,0.31,0.0,0.0,0.0,0.0,0.0
9027,US,US,MACHI,ELE12,0.31,0.0,0.0,0.0,0.0,0.0
5223,US,US,ELEC9,CHEM1,0.31,0.0,0.0,0.0,0.0,0.0
8580,US,US,LEADZ,TRANS,0.31,0.0,0.0,0.0,0.0,0.0
5443,US,US,ELECT,SUGAR,0.31,0.0,0.0,0.0,0.0,0.0
11195,US,US,PAPE1,BIOG1,0.31,0.0,0.0,0.0,0.0,0.0
16906,US,US,WOOD2,INTER,0.31,0.0,0.0,0.0,0.0,0.0
857,US,US,BASIC,NAPHT,0.31,0.0,0.0,0.0,0.0,0.0
11575,US,US,PAPE4,HYDRO,0.31,0.0,0.0,0.0,0.0,0.0
8230,US,US,KERO1,GASDI,0.31,0.0,0.0,0.0,0.0,0.0
7376,US,US,HOTEL,ELE12,0.31,0.0,0.0,0.0,0.0,0.0
12841,US,US,PRINT,NAPHT,0.31,0.0,0.0,0.0,0.0,0.0
5756,US,US,FINAN,REFIN,0.31,0.0,0.0,0.0,0.0,0.0
13374,US,US,REALE,ETHAN,0.31,0.0,0.0,0.0,0.0,0.0
4235,US,US,ELEC2,BIOG1,0.31,0.0,0.0,0.0,0.0,0.0
3066,US,US,COPPE,FABRI,0.31,0.0,0.0,0.0,0.0,0.0
10339,US,US,NATUR,PLAS1,0.31,0.0,0.0,0.0,0.0,0.0
7004,US,US,GASDI,WEARI,0.31,0.0,0.0,0.0,0.0,0.0
1018,US,US,BIODI,DISTR,0.31,0.0,0.0,0.0,0.0,0.0
5507,US,US,FABRI,ELEC9,0.31,0.0,0.0,0.0,0.0,0.0
15655,US,US,TEXTI,DAIRY,0.31,0.0,0.0,0.0,0.0,0.0
234,US,US,AIRTR,PETRO,0.34,0.0,0.0,0.0,0.0,0.0
12458,US,US,POSTT,AVIAT,0.32,0.0,0.0,0.0,0.0,0.0
7406,US,US,HOTEL,HYDRO,0.32,0.0,0.0,0.0,0.0,0.0
16154,US,US,VEGET,PUBLI,0.32,0.0,0.0,0.0,0.0,0.0
15332,US,US,TEXT1,CHEMI,0.32,0.0,0.0,0.0,0.0,0.0
6281,US,US,FOOD4,SUBBI,0.32,0.0,0.0,0.0,0.0,0.0
2473,US,US,COKIN,PLAST,0.32,0.0,0.0,0.0,0.0,0.0
2446,US,US,COKE1,ELEC3,0.32,0.0,0.0,0.0,0.0,0.0
8023,US,US,INTER,FOODW,0.32,0.0,0.0,0.0,0.0,0.0
3001,US,US,COPP1,INERT,0.32,0.0,0.0,0.0,0.0,0.0
8844,US,US,LIQUI,WOODW,0.32,0.0,0.0,0.0,0.0,0.0
7625,US,US,HYDRO,WOODW,0.32,0.0,0.0,0.0,0.0,0.0
16506,US,US,WHITE,PETRO,0.32,0.0,0.0,0.0,0.0,0.0
6514,US,US,FOODW,PRIVA,0.31,0.0,0.0,0.0,0.0,0.0
5547,US,US,FABRI,MEATA,0.32,0.0,0.0,0.0,0.0,0.0
1240,US,US,BIOGA,CEREA,0.32,0.0,0.0,0.0,0.0,0.0
6831,US,US,FURNI,REFIN,0.32,0.0,0.0,0.0,0.0,0.0
13216,US,US,RADIO,RAWMI,0.32,0.0,0.0,0.0,0.0,0.0
9691,US,US,MEMBE,REFIN,0.32,0.0,0.0,0.0,0.0,0.0
6465,US,US,FOODW,INTER,0.32,0.0,0.0,0.0,0.0,0.0
13349,US,US,REALE,COKE1,0.32,0.0,0.0,0.0,0.0,0.0
16946,US,US,WOOD2,PIGS9,0.32,0.0,0.0,0.0,0.0,0.0
3165,US,US,CROPS,PUBLI,0.32,0.0,0.0,0.0,0.0,0.0
5225,US,US,ELEC9,CONST,0.31,0.0,0.0,0.0,0.0,0.0
3084,US,US,COPPE,TEXTI,0.31,0.0,0.0,0.0,0.0,0.0
10696,US,US,NONME,WHITE,0.31,0.0,0.0,0.0,0.0,0.0
7560,US,US,HYDRO,KERO1,0.3,0.0,0.0,0.0,0.0,0.0
4982,US,US,ELEC7,FURNI,0.3,0.0,0.0,0.0,0.0,0.0
16720,US,US,WOOD1,ELEC5,0.3,0.0,0.0,0.0,0.0,0.0
12951,US,US,PUBLI,BITU1,0.3,0.0,0.0,0.0,0.0,0.0
8846,US,US,LUBRI,AIRTR,0.3,0.0,0.0,0.0,0.0,0.0
14363,US,US,SANDC,ALUM1,0.3,0.0,0.0,0.0,0.0,0.0
9486,US,US,MEDIC,LEAD1,0.3,0.0,0.0,0.0,0.0,0.0
6608,US,US,FORES,OFFIC,0.3,0.0,0.0,0.0,0.0,0.0
12010,US,US,PIGS9,HEALT,0.3,0.0,0.0,0.0,0.0,0.0
2085,US,US,CERAM,TRAN1,0.3,0.0,0.0,0.0,0.0,0.0
6285,US,US,FOOD4,TEXT1,0.3,0.0,0.0,0.0,0.0,0.0
8907,US,US,LUBRI,INERT,0.3,0.0,0.0,0.0,0.0,0.0
8192,US,US,IRONO,PLAS1,0.3,0.0,0.0,0.0,0.0,0.0
11780,US,US,PAPER,PETRO,0.3,0.0,0.0,0.0,0.0,0.0
5277,US,US,ELEC9,RECRE,0.3,0.0,0.0,0.0,0.0,0.0
7598,US,US,HYDRO,PRINT,0.3,0.0,0.0,0.0,0.0,0.0
15192,US,US,SUPPO,ELEC9,0.3,0.0,0.0,0.0,0.0,0.0
9420,US,US,MEDIC,BEVER,0.3,0.0,0.0,0.0,0.0,0.0
10960,US,US,OILHA,BIODI,0.3,0.0,0.0,0.0,0.0,0.0
4651,US,US,ELEC4,TEXT2,0.3,0.0,0.0,0.0,0.0,0.0
8483,US,US,LEAD1,COPP1,0.3,0.0,0.0,0.0,0.0,0.0
3413,US,US,DIST1,COKEO,0.3,0.0,0.0,0.0,0.0,0.0
3050,US,US,COPP1,TEXTI,0.29,0.0,0.0,0.0,0.0,0.0
7332,US,US,HEAVY,WEARI,0.29,0.0,0.0,0.0,0.0,0.0
5990,US,US,FOOD2,TRAN1,0.3,0.0,0.0,0.0,0.0,0.0
12314,US,US,PLAS2,NFERT,0.3,0.0,0.0,0.0,0.0,0.0
11855,US,US,PARAF,MOTOR,0.3,0.0,0.0,0.0,0.0,0.0
11126,US,US,PADDY,CROPS,0.3,0.0,0.0,0.0,0.0,0.0
13165,US,US,RADIO,KERO1,0.3,0.0,0.0,0.0,0.0,0.0
10622,US,US,NONME,INLAN,0.3,0.0,0.0,0.0,0.0,0.0
9606,US,US,MEMBE,ELEC4,0.3,0.0,0.0,0.0,0.0,0.0
2154,US,US,CEREA,WOOLS,0.3,0.0,0.0,0.0,0.0,0.0
10712,US,US,NONSP,COKIN,0.3,0.0,0.0,0.0,0.0,0.0
11685,US,US,PAPER,BLAST,0.3,0.0,0.0,0.0,0.0,0.0
14282,US,US,SALEM,LIQUE,0.3,0.0,0.0,0.0,0.0,0.0
9736,US,US,MOTO1,BITU1,0.3,0.0,0.0,0.0,0.0,0.0
12858,US,US,PRINT,PETRO,0.3,0.0,0.0,0.0,0.0,0.0
10716,US,US,NONSP,DIST1,0.3,0.0,0.0,0.0,0.0,0.0
6594,US,US,FORES,LIQUI,0.3,0.0,0.0,0.0,0.0,0.0
2135,US,US,CEREA,PAPER,0.3,0.0,0.0,0.0,0.0,0.0
11455,US,US,PAPE3,PETRO,0.3,0.0,0.0,0.0,0.0,0.0
7206,US,US,HEAVY,COKE1,0.3,0.0,0.0,0.0,0.0,0.0
16498,US,US,WHITE,NAPHT,0.3,0.0,0.0,0.0,0.0,0.0
7843,US,US,INSUR,CONST,0.3,0.0,0.0,0.0,0.0,0.0
13047,US,US,PUBLI,RENTI,0.3,0.0,0.0,0.0,0.0,0.0
8323,US,US,LANDT,BITU1,0.3,0.0,0.0,0.0,0.0,0.0
3712,US,US,EDUCA,BLAST,0.3,0.0,0.0,0.0,0.0,0.0
3956,US,US,ELE11,TRAN2,0.3,0.0,0.0,0.0,0.0,0.0
372,US,US,ALUM1,TEXT2,0.3,0.0,0.0,0.0,0.0,0.0
466,US,US,ANIMA,PRINT,0.32,0.0,0.0,0.0,0.0,0.0
14344,US,US,SALEM,SUGAR,0.32,0.0,0.0,0.0,0.0,0.0
9043,US,US,MACHI,FOOD3,0.32,0.0,0.0,0.0,0.0,0.0
4924,US,US,ELEC6,SECO9,0.33,0.0,0.0,0.0,0.0,0.0
5060,US,US,ELEC7,VEGE1,0.33,0.0,0.0,0.0,0.0,0.0
1255,US,US,BIOGA,ELEC2,0.33,0.0,0.0,0.0,0.0,0.0
16265,US,US,WASTE,NONF1,0.33,0.0,0.0,0.0,0.0,0.0
410,US,US,ALUMI,MACHI,0.33,0.0,0.0,0.0,0.0,0.0
1170,US,US,BIOG1,MACHI,0.33,0.0,0.0,0.0,0.0,0.0
9396,US,US,MEATP,RAWMI,0.33,0.0,0.0,0.0,0.0,0.0
6233,US,US,FOOD4,NFERT,0.33,0.0,0.0,0.0,0.0,0.0
537,US,US,ANTHR,NFERT,0.33,0.0,0.0,0.0,0.0,0.0
1194,US,US,BIOG1,PRINT,0.33,0.0,0.0,0.0,0.0,0.0
8667,US,US,LIGNI,BIOGA,0.33,0.0,0.0,0.0,0.0,0.0
7542,US,US,HYDRO,ELEC6,0.33,0.0,0.0,0.0,0.0,0.0
13714,US,US,RENTI,BIOG1,0.33,0.0,0.0,0.0,0.0,0.0
11989,US,US,PFERT,WOOD1,0.33,0.0,0.0,0.0,0.0,0.0
14936,US,US,SUBBI,93197,0.33,0.0,0.0,0.0,0.0,0.0
3932,US,US,ELE11,RADIO,0.33,0.0,0.0,0.0,0.0,0.0
4021,US,US,ELE12,MEMBE,0.33,0.0,0.0,0.0,0.0,0.0
8918,US,US,LUBRI,LIGNI,0.33,0.0,0.0,0.0,0.0,0.0
4946,US,US,ELEC7,AIRTR,0.33,0.0,0.0,0.0,0.0,0.0
6595,US,US,FORES,LUBRI,0.33,0.0,0.0,0.0,0.0,0.0
15569,US,US,TEXT2,PAPE1,0.33,0.0,0.0,0.0,0.0,0.0
4961,US,US,ELEC7,CEREA,0.33,0.0,0.0,0.0,0.0,0.0
16359,US,US,WEARI,PAPE1,0.33,0.0,0.0,0.0,0.0,0.0
13107,US,US,RADIO,BLAST,0.33,0.0,0.0,0.0,0.0,0.0
3141,US,US,CROPS,MOTO1,0.33,0.0,0.0,0.0,0.0,0.0
8774,US,US,LIQUI,GASDI,0.33,0.0,0.0,0.0,0.0,0.0
10660,US,US,NONME,PLAS2,0.33,0.0,0.0,0.0,0.0,0.0
1415,US,US,BITU1,MOTO1,0.34,0.0,0.0,0.0,0.0,0.0
9607,US,US,MEMBE,ELEC5,0.34,0.0,0.0,0.0,0.0,0.0
6012,US,US,FOOD3,BIOG1,0.34,0.0,0.0,0.0,0.0,0.0
9475,US,US,MEDIC,HEAVY,0.34,0.0,0.0,0.0,0.0,0.0
11332,US,US,PAPE1,TEXT2,0.33,0.0,0.0,0.0,0.0,0.0
4769,US,US,ELEC5,PUBLI,0.33,0.0,0.0,0.0,0.0,0.0
12698,US,US,PREC1,SEWAG,0.33,0.0,0.0,0.0,0.0,0.0
1909,US,US,CEMEN,FOOD2,0.33,0.0,0.0,0.0,0.0,0.0
11210,US,US,PAPE1,COKIN,0.33,0.0,0.0,0.0,0.0,0.0
12777,US,US,PRINT,COLLE,0.33,0.0,0.0,0.0,0.0,0.0
10819,US,US,OFFIC,BIODI,0.33,0.0,0.0,0.0,0.0,0.0
867,US,US,BASIC,OILHA,0.33,0.0,0.0,0.0,0.0,0.0
6923,US,US,GASDI,KERO1,0.33,0.0,0.0,0.0,0.0,0.0
3826,US,US,EDUCA,TEXT1,0.33,0.0,0.0,0.0,0.0,0.0
9767,US,US,MOTO1,ELEC6,0.33,0.0,0.0,0.0,0.0,0.0
10531,US,US,NONFE,ELECT,0.33,0.0,0.0,0.0,0.0,0.0
6993,US,US,GASDI,SUGA1,0.33,0.0,0.0,0.0,0.0,0.0
12379,US,US,PLAS2,WOOD1,0.33,0.0,0.0,0.0,0.0,0.0
3715,US,US,EDUCA,CEMEN,0.33,0.0,0.0,0.0,0.0,0.0
15335,US,US,TEXT1,COLLE,0.33,0.0,0.0,0.0,0.0,0.0
13190,US,US,RADIO,NUCLE,0.33,0.0,0.0,0.0,0.0,0.0
11487,US,US,PAPE3,STEAM,0.33,0.0,0.0,0.0,0.0,0.0
13598,US,US,RECRE,PLANT,0.33,0.0,0.0,0.0,0.0,0.0
5248,US,US,ELEC9,LANDT,0.32,0.0,0.0,0.0,0.0,0.0
13019,US,US,PUBLI,NFERT,0.32,0.0,0.0,0.0,0.0,0.0
11413,US,US,PAPE3,HYDRO,0.32,0.0,0.0,0.0,0.0,0.0
11061,US,US,OILHA,POULT,0.32,0.0,0.0,0.0,0.0,0.0
1564,US,US,BLAST,COKE1,0.32,0.0,0.0,0.0,0.0,0.0
10448,US,US,NONF1,BITU1,0.32,0.0,0.0,0.0,0.0,0.0
3927,US,US,ELE11,PREC1,0.32,0.0,0.0,0.0,0.0,0.0
16575,US,US,WHOLE,ETHAN,0.32,0.0,0.0,0.0,0.0,0.0
16634,US,US,WHOLE,PLANT,0.32,0.0,0.0,0.0,0.0,0.0
10512,US,US,NONF1,TRAN1,0.32,0.0,0.0,0.0,0.0,0.0
10574,US,US,NONME,ANTHR,0.32,0.0,0.0,0.0,0.0,0.0
8738,US,US,LIQUI,AUXIL,0.32,0.0,0.0,0.0,0.0,0.0
12232,US,US,PLAS2,BITU1,0.32,0.0,0.0,0.0,0.0,0.0
12272,US,US,PLAS2,FISHF,0.33,0.0,0.0,0.0,0.0,0.0
12982,US,US,PUBLI,FOOD2,0.32,0.0,0.0,0.0,0.0,0.0
2614,US,US,COLLE,TEXT2,0.32,0.0,0.0,0.0,0.0,0.0
10966,US,US,OILHA,BRICK,0.32,0.0,0.0,0.0,0.0,0.0
7294,US,US,HEAVY,PREC1,0.32,0.0,0.0,0.0,0.0,0.0
6230,US,US,FOOD4,NAPHT,0.32,0.0,0.0,0.0,0.0,0.0
1235,US,US,BIOGA,BRICK,0.32,0.0,0.0,0.0,0.0,0.0
6951,US,US,GASDI,OILHA,0.32,0.0,0.0,0.0,0.0,0.0
11649,US,US,PAPE4,STEAM,0.32,0.0,0.0,0.0,0.0,0.0
4310,US,US,ELEC2,NAPHT,0.32,0.0,0.0,0.0,0.0,0.0
8127,US,US,INTER,WOOD2,0.32,0.0,0.0,0.0,0.0,0.0
16275,US,US,WASTE,PAPE4,0.32,0.0,0.0,0.0,0.0,0.0
7224,US,US,HEAVY,ELEC4,0.32,0.0,0.0,0.0,0.0,0.0
16371,US,US,WEARI,REALE,0.32,0.0,0.0,0.0,0.0,0.0
12166,US,US,PLAS1,PETRO,0.32,0.0,0.0,0.0,0.0,0.0
7391,US,US,HOTEL,FISHF,0.33,0.0,0.0,0.0,0.0,0.0
14897,US,US,STONE,PAPE1,0.33,0.0,0.0,0.0,0.0,0.0
16143,US,US,VEGET,OILHA,0.33,0.0,0.0,0.0,0.0,0.0
16596,US,US,WHOLE,KERO1,0.33,0.0,0.0,0.0,0.0,0.0
5267,US,US,ELEC9,PLAST,0.33,0.0,0.0,0.0,0.0,0.0
14062,US,US,RUBBE,COKEO,0.33,0.0,0.0,0.0,0.0,0.0
14697,US,US,SEWAG,WHITE,0.33,0.0,0.0,0.0,0.0,0.0
7318,US,US,HEAVY,STONE,0.33,0.0,0.0,0.0,0.0,0.0
15508,US,US,TEXT2,ELEC4,0.33,0.0,0.0,0.0,0.0,0.0
10265,US,US,NATUR,ELE11,0.33,0.0,0.0,0.0,0.0,0.0
7890,US,US,INSUR,LEAD1,0.33,0.0,0.0,0.0,0.0,0.0
14430,US,US,SANDC,PAPE4,0.33,0.0,0.0,0.0,0.0,0.0
3065,US,US,COPPE,ELECT,0.33,0.0,0.0,0.0,0.0,0.0
4391,US,US,ELEC3,BITU1,0.32,0.0,0.0,0.0,0.0,0.0
7756,US,US,INERT,REFI1,0.32,0.0,0.0,0.0,0.0,0.0
10964,US,US,OILHA,BITUM,0.32,0.0,0.0,0.0,0.0,0.0
10772,US,US,NONSP,RUBBE,0.32,0.0,0.0,0.0,0.0,0.0
16351,US,US,WEARI,MACHI,0.32,0.0,0.0,0.0,0.0,0.0
14976,US,US,SUBBI,HEAVY,0.32,0.0,0.0,0.0,0.0,0.0
5162,US,US,ELEC8,PLAS2,0.32,0.0,0.0,0.0,0.0,0.0
15530,US,US,TEXT2,HEAVY,0.32,0.0,0.0,0.0,0.0,0.0
6784,US,US,FURNI,LIQUI,0.38,0.0,0.0,0.0,0.0,0.0
1226,US,US,BIOGA,AVIAT,0.38,0.0,0.0,0.0,0.0,0.0
12110,US,US,PLAS1,FISHF,0.5,0.0,0.0,0.0,0.0,0.0
3394,US,US,DIST1,ANIMA,0.46,0.0,0.0,0.0,0.0,0.0
11506,US,US,PAPE3,WOOD1,0.46,0.0,0.0,0.0,0.0,0.0
14044,US,US,RUBBE,AVIAT,0.46,0.0,0.0,0.0,0.0,0.0
2060,US,US,CERAM,PAPER,0.46,0.0,0.0,0.0,0.0,0.0
15898,US,US,TRAN1,TEXT1,0.46,0.0,0.0,0.0,0.0,0.0
15520,US,US,TEXT2,FOOD4,0.46,0.0,0.0,0.0,0.0,0.0
15339,US,US,TEXT1,CROPS,0.46,0.0,0.0,0.0,0.0,0.0
4843,US,US,ELEC6,ELECT,0.46,0.0,0.0,0.0,0.0,0.0
4807,US,US,ELEC5,WOOD2,0.46,0.0,0.0,0.0,0.0,0.0
12660,US,US,PREC1,GLASS,0.46,0.0,0.0,0.0,0.0,0.0
510,US,US,ANTHR,FURNI,0.46,0.0,0.0,0.0,0.0,0.0
263,US,US,AIRTR,SUBBI,0.46,0.0,0.0,0.0,0.0,0.0
786,US,US,BASIC,CATTL,0.46,0.0,0.0,0.0,0.0,0.0
4707,US,US,ELEC5,FOODW,0.46,0.0,0.0,0.0,0.0,0.0
10789,US,US,NUCLE,FABRI,0.46,0.0,0.0,0.0,0.0,0.0
3492,US,US,DIST1,PARAF,0.46,0.0,0.0,0.0,0.0,0.0
5872,US,US,FOOD2,COPP1,0.46,0.0,0.0,0.0,0.0,0.0
8508,US,US,LEAD1,RECRE,0.46,0.0,0.0,0.0,0.0,0.0
4641,US,US,ELEC4,SANDC,0.46,0.0,0.0,0.0,0.0,0.0
2980,US,US,COPP1,ELEC1,0.46,0.0,0.0,0.0,0.0,0.0
16450,US,US,WHITE,BITU1,0.46,0.0,0.0,0.0,0.0,0.0
11561,US,US,PAPE4,FISHF,0.46,0.0,0.0,0.0,0.0,0.0
15561,US,US,TEXT2,NONF1,0.45,0.0,0.0,0.0,0.0,0.0
15374,US,US,TEXT1,INERT,0.46,0.0,0.0,0.0,0.0,0.0
14221,US,US,SALEM,CATTL,0.47,0.0,0.0,0.0,0.0,0.0
9768,US,US,MOTO1,ELEC7,0.44,0.0,0.0,0.0,0.0,0.0
1350,US,US,BIOGA,SUBBI,0.47,0.0,0.0,0.0,0.0,0.0
7273,US,US,HEAVY,NFERT,0.47,0.0,0.0,0.0,0.0,0.0
6851,US,US,FURNI,TRAN1,0.47,0.0,0.0,0.0,0.0,0.0
14314,US,US,SALEM,PLANT,0.47,0.0,0.0,0.0,0.0,0.0
933,US,US,BEVER,CATTL,0.47,0.0,0.0,0.0,0.0,0.0
1364,US,US,BIOGA,WEARI,0.47,0.0,0.0,0.0,0.0,0.0
10488,US,US,NONF1,NONME,0.47,0.0,0.0,0.0,0.0,0.0
9591,US,US,MEMBE,COLLE,0.47,0.0,0.0,0.0,0.0,0.0
1497,US,US,BITUM,LIQUI,0.47,0.0,0.0,0.0,0.0,0.0
14637,US,US,SEWAG,NONSP,0.47,0.0,0.0,0.0,0.0,0.0
10735,US,US,NONSP,HEAVY,0.47,0.0,0.0,0.0,0.0,0.0
10724,US,US,NONSP,ELEC6,0.47,0.0,0.0,0.0,0.0,0.0
14950,US,US,SUBBI,CERAM,0.47,0.0,0.0,0.0,0.0,0.0
3820,US,US,EDUCA,SECO9,0.47,0.0,0.0,0.0,0.0,0.0
10722,US,US,NONSP,ELEC4,0.47,0.0,0.0,0.0,0.0,0.0
9970,US,US,MOTOR,MEAT1,0.47,0.0,0.0,0.0,0.0,0.0
15329,US,US,TEXT1,CERAM,0.47,0.0,0.0,0.0,0.0,0.0
11715,US,US,PAPER,ELEC7,0.47,0.0,0.0,0.0,0.0,0.0
10653,US,US,NONME,PAPE3,0.47,0.0,0.0,0.0,0.0,0.0
16339,US,US,WEARI,FOOD4,0.47,0.0,0.0,0.0,0.0,0.0
11707,US,US,PAPER,ELE11,0.47,0.0,0.0,0.0,0.0,0.0
14640,US,US,SEWAG,OILHA,0.47,0.0,0.0,0.0,0.0,0.0
14863,US,US,STONE,FOOD4,0.47,0.0,0.0,0.0,0.0,0.0
5154,US,US,ELEC8,PAPE3,0.45,0.0,0.0,0.0,0.0,0.0
14506,US,US,SECO9,FORES,0.45,0.0,0.0,0.0,0.0,0.0
10518,US,US,NONFE,ALUM1,0.45,0.0,0.0,0.0,0.0,0.0
6250,US,US,FOOD4,PLANT,0.45,0.0,0.0,0.0,0.0,0.0
14734,US,US,STEAM,ELEC2,0.45,0.0,0.0,0.0,0.0,0.0
3808,US,US,EDUCA,REALE,0.45,0.0,0.0,0.0,0.0,0.0
1484,US,US,BITUM,HEAVY,0.45,0.0,0.0,0.0,0.0,0.0
11099,US,US,OILHA,VEGET,0.45,0.0,0.0,0.0,0.0,0.0
1160,US,US,BIOG1,HEALT,0.45,0.0,0.0,0.0,0.0,0.0
1219,US,US,BIOG1,WOODW,0.45,0.0,0.0,0.0,0.0,0.0
2853,US,US,CONST,FOODW,0.45,0.0,0.0,0.0,0.0,0.0
2547,US,US,COLLE,LIQUE,0.45,0.0,0.0,0.0,0.0,0.0
5365,US,US,ELECT,HEAVY,0.45,0.0,0.0,0.0,0.0,0.0
15811,US,US,TRAN1,FORES,0.45,0.0,0.0,0.0,0.0,0.0
3179,US,US,CROPS,TEXTI,0.45,0.0,0.0,0.0,0.0,0.0
2137,US,US,CEREA,PFERT,0.45,0.0,0.0,0.0,0.0,0.0
3177,US,US,CROPS,TEXT1,0.45,0.0,0.0,0.0,0.0,0.0
14082,US,US,RUBBE,ELEC6,0.45,0.0,0.0,0.0,0.0,0.0
15679,US,US,TEXTI,INTER,0.45,0.0,0.0,0.0,0.0,0.0
6149,US,US,FOOD4,BIOG1,0.45,0.0,0.0,0.0,0.0,0.0
4956,US,US,ELEC7,BRICK,0.45,0.0,0.0,0.0,0.0,0.0
6437,US,US,FOODW,ELEC4,0.45,0.0,0.0,0.0,0.0,0.0
15022,US,US,SUBBI,RETAI,0.45,0.0,0.0,0.0,0.0,0.0
10654,US,US,NONME,PAPE4,0.44,0.0,0.0,0.0,0.0,0.0
16262,US,US,WASTE,NATU1,0.44,0.0,0.0,0.0,0.0,0.0
3898,US,US,ELE11,MEAT1,0.44,0.0,0.0,0.0,0.0,0.0
11399,US,US,PAPE3,FISHF,0.45,0.0,0.0,0.0,0.0,0.0
16370,US,US,WEARI,RADIO,0.45,0.0,0.0,0.0,0.0,0.0
1071,US,US,BIODI,NONF1,0.45,0.0,0.0,0.0,0.0,0.0
16782,US,US,WOOD1,PAPE4,0.45,0.0,0.0,0.0,0.0,0.0
14776,US,US,STEAM,MOTOR,0.45,0.0,0.0,0.0,0.0,0.0
7117,US,US,GLASS,REFI1,0.45,0.0,0.0,0.0,0.0,0.0
16285,US,US,WASTE,PREC1,0.45,0.0,0.0,0.0,0.0,0.0
13562,US,US,RECRE,LEAD1,0.45,0.0,0.0,0.0,0.0,0.0
10134,US,US,NATU1,EDUCA,0.45,0.0,0.0,0.0,0.0,0.0
6712,US,US,FURNI,ANTHR,0.45,0.0,0.0,0.0,0.0,0.0
12152,US,US,PLAS1,NFERT,0.45,0.0,0.0,0.0,0.0,0.0
2956,US,US,CONST,WOOD2,0.45,0.0,0.0,0.0,0.0,0.0
4934,US,US,ELEC6,TOBAC,0.45,0.0,0.0,0.0,0.0,0.0
9802,US,US,MOTO1,LEATH,0.45,0.0,0.0,0.0,0.0,0.0
3373,US,US,DAIRY,PIGS9,0.45,0.0,0.0,0.0,0.0,0.0
6931,US,US,GASDI,LUBRI,0.45,0.0,0.0,0.0,0.0,0.0
11668,US,US,PAPE4,WOOD1,0.45,0.0,0.0,0.0,0.0,0.0
12764,US,US,PRINT,BITU1,0.45,0.0,0.0,0.0,0.0,0.0
3357,US,US,DAIRY,LEATH,0.45,0.0,0.0,0.0,0.0,0.0
8167,US,US,IRONO,LIQUE,0.45,0.0,0.0,0.0,0.0,0.0
8088,US,US,INTER,PUBLI,0.45,0.0,0.0,0.0,0.0,0.0
11359,US,US,PAPE3,BITU1,0.45,0.0,0.0,0.0,0.0,0.0
7320,US,US,HEAVY,SUGA1,0.45,0.0,0.0,0.0,0.0,0.0
7607,US,US,HYDRO,REFIN,0.45,0.0,0.0,0.0,0.0,0.0
15131,US,US,SUGAR,PROCE,0.45,0.0,0.0,0.0,0.0,0.0
13671,US,US,REFIN,AVIAT,0.47,0.0,0.0,0.0,0.0,0.0
7774,US,US,INERT,TEXT1,0.47,0.0,0.0,0.0,0.0,0.0
7881,US,US,INSUR,HYDRO,0.47,0.0,0.0,0.0,0.0,0.0
5566,US,US,FABRI,PADDY,0.49,0.0,0.0,0.0,0.0,0.0
3013,US,US,COPP1,MOTOR,0.5,0.0,0.0,0.0,0.0,0.0
9250,US,US,MEAT4,PUBLI,0.5,0.0,0.0,0.0,0.0,0.0
4428,US,US,ELEC3,HEAVY,0.5,0.0,0.0,0.0,0.0,0.0
5172,US,US,ELEC8,RAILW,0.49,0.0,0.0,0.0,0.0,0.0
15323,US,US,TEXT1,BITUM,0.49,0.0,0.0,0.0,0.0,0.0
4057,US,US,ELE12,RUBBE,0.49,0.0,0.0,0.0,0.0,0.0
9803,US,US,MOTO1,LIGNI,0.49,0.0,0.0,0.0,0.0,0.0
7382,US,US,HOTEL,ELEC6,0.49,0.0,0.0,0.0,0.0,0.0
5755,US,US,FINAN,REFI1,0.49,0.0,0.0,0.0,0.0,0.0
1392,US,US,BITU1,ELEC3,0.49,0.0,0.0,0.0,0.0,0.0
11859,US,US,PARAF,RAILW,0.49,0.0,0.0,0.0,0.0,0.0
14499,US,US,SECO9,CERAM,0.49,0.0,0.0,0.0,0.0,0.0
4992,US,US,ELEC7,IRONO,0.49,0.0,0.0,0.0,0.0,0.0
3818,US,US,EDUCA,SANDC,0.49,0.0,0.0,0.0,0.0,0.0
16556,US,US,WHOLE,BITU1,0.49,0.0,0.0,0.0,0.0,0.0
13006,US,US,PUBLI,LIQUI,0.49,0.0,0.0,0.0,0.0,0.0
10207,US,US,NATU1,RECRE,0.49,0.0,0.0,0.0,0.0,0.0
3068,US,US,COPPE,GLASS,0.49,0.0,0.0,0.0,0.0,0.0
7013,US,US,GASWO,COKE1,0.49,0.0,0.0,0.0,0.0,0.0
1394,US,US,BITU1,ELEC5,0.49,0.0,0.0,0.0,0.0,0.0
2777,US,US,COMPU,SUGAR,0.49,0.0,0.0,0.0,0.0,0.0
15444,US,US,TEXT1,SECO9,0.49,0.0,0.0,0.0,0.0,0.0
9837,US,US,MOTO1,PLANT,0.5,0.0,0.0,0.0,0.0,0.0
7090,US,US,GLASS,NAPHT,0.5,0.0,0.0,0.0,0.0,0.0
8123,US,US,INTER,WHEAT,0.5,0.0,0.0,0.0,0.0,0.0
2004,US,US,CERAM,BIOGA,0.5,0.0,0.0,0.0,0.0,0.0
7821,US,US,INSUR,ANTHR,0.5,0.0,0.0,0.0,0.0,0.0
12217,US,US,PLAS1,WOOD1,0.5,0.0,0.0,0.0,0.0,0.0
3865,US,US,ELE11,CROPS,0.5,0.0,0.0,0.0,0.0,0.0
11847,US,US,PARAF,GASDI,0.5,0.0,0.0,0.0,0.0,0.0
8673,US,US,LIGNI,COKE1,0.5,0.0,0.0,0.0,0.0,0.0
15423,US,US,TEXT1,PREC1,0.5,0.0,0.0,0.0,0.0,0.0
7770,US,US,INERT,SUBBI,0.5,0.0,0.0,0.0,0.0,0.0
8662,US,US,LIGNI,ALUM1,0.5,0.0,0.0,0.0,0.0,0.0
15894,US,US,TRAN1,SUBBI,0.5,0.0,0.0,0.0,0.0,0.0
11019,US,US,OILHA,IRONO,0.5,0.0,0.0,0.0,0.0,0.0
8198,US,US,IRONO,REALE,0.5,0.0,0.0,0.0,0.0,0.0
11729,US,US,PAPER,FORES,0.5,0.0,0.0,0.0,0.0,0.0
14386,US,US,SANDC,ETHAN,0.5,0.0,0.0,0.0,0.0,0.0
10659,US,US,NONME,PLAS1,0.5,0.0,0.0,0.0,0.0,0.0
9994,US,US,MOTOR,PARAF,0.5,0.0,0.0,0.0,0.0,0.0
14783,US,US,STEAM,OFFIC,0.5,0.0,0.0,0.0,0.0,0.0
2415,US,US,CHEMI,SECO9,0.5,0.0,0.0,0.0,0.0,0.0
3958,US,US,ELE11,VEGE1,0.5,0.0,0.0,0.0,0.0,0.0
13434,US,US,REALE,PETRO,0.5,0.0,0.0,0.0,0.0,0.0
10042,US,US,MOTOR,WEARI,0.5,0.0,0.0,0.0,0.0,0.0
9791,US,US,MOTO1,HYDRO,0.5,0.0,0.0,0.0,0.0,0.0
5161,US,US,ELEC8,PLAS1,0.49,0.0,0.0,0.0,0.0,0.0
5801,US,US,FISH5,INLAN,0.48,0.0,0.0,0.0,0.0,0.0
5881,US,US,FOOD2,ELEC1,0.47,0.0,0.0,0.0,0.0,0.0
4319,US,US,ELEC2,OILHA,0.47,0.0,0.0,0.0,0.0,0.0
12424,US,US,PLAST,NONSP,0.48,0.0,0.0,0.0,0.0,0.0
4577,US,US,ELEC4,INTER,0.48,0.0,0.0,0.0,0.0,0.0
1371,US,US,BITU1,ANTHR,0.48,0.0,0.0,0.0,0.0,0.0
16041,US,US,VEGE1,HEAVY,0.48,0.0,0.0,0.0,0.0,0.0
9246,US,US,MEAT4,PIGS9,0.48,0.0,0.0,0.0,0.0,0.0
4528,US,US,ELEC4,ANIMA,0.48,0.0,0.0,0.0,0.0,0.0
3822,US,US,EDUCA,STONE,0.48,0.0,0.0,0.0,0.0,0.0
3143,US,US,CROPS,NAPHT,0.48,0.0,0.0,0.0,0.0,0.0
15076,US,US,SUGA1,RECRE,0.47,0.0,0.0,0.0,0.0,0.0
9489,US,US,MEDIC,LIQUE,0.47,0.0,0.0,0.0,0.0,0.0
16056,US,US,VEGE1,MOTO1,0.47,0.0,0.0,0.0,0.0,0.0
12070,US,US,PLAS1,BITU1,0.48,0.0,0.0,0.0,0.0,0.0
2744,US,US,COMPU,PLANT,0.47,0.0,0.0,0.0,0.0,0.0
452,US,US,ANIMA,FURNI,0.47,0.0,0.0,0.0,0.0,0.0
4544,US,US,ELEC4,CHEMI,0.47,0.0,0.0,0.0,0.0,0.0
17111,US,US,WOODW,SANDC,0.47,0.0,0.0,0.0,0.0,0.0
907,US,US,BASIC,STEAM,0.47,0.0,0.0,0.0,0.0,0.0
324,US,US,ALUM1,INTER,0.47,0.0,0.0,0.0,0.0,0.0
15937,US,US,TRANS,COKE1,0.47,0.0,0.0,0.0,0.0,0.0
4990,US,US,ELEC7,INSUR,0.47,0.0,0.0,0.0,0.0,0.0
10738,US,US,NONSP,INLAN,0.47,0.0,0.0,0.0,0.0,0.0
14946,US,US,SUBBI,BLAST,0.47,0.0,0.0,0.0,0.0,0.0
7174,US,US,HEALT,RETA1,0.48,0.0,0.0,0.0,0.0,0.0
7949,US,US,INSUR,SUGA1,0.48,0.0,0.0,0.0,0.0,0.0
16781,US,US,WOOD1,PAPE3,0.48,0.0,0.0,0.0,0.0,0.0
16232,US,US,WASTE,FURNI,0.48,0.0,0.0,0.0,0.0,0.0
2120,US,US,CEREA,LUBRI,0.48,0.0,0.0,0.0,0.0,0.0
10820,US,US,OFFIC,BIOG1,0.48,0.0,0.0,0.0,0.0,0.0
1067,US,US,BIODI,NAPHT,0.48,0.0,0.0,0.0,0.0,0.0
1906,US,US,CEMEN,ETHAN,0.48,0.0,0.0,0.0,0.0,0.0
10968,US,US,OILHA,CATTL,0.48,0.0,0.0,0.0,0.0,0.0
5804,US,US,FISH5,MEAT4,0.48,0.0,0.0,0.0,0.0,0.0
3303,US,US,CRUDE,RENTI,0.48,0.0,0.0,0.0,0.0,0.0
4892,US,US,ELEC6,PADDY,0.48,0.0,0.0,0.0,0.0,0.0
4599,US,US,ELEC4,NATU1,0.48,0.0,0.0,0.0,0.0,0.0
8837,US,US,LIQUI,TRANS,0.48,0.0,0.0,0.0,0.0,0.0
5412,US,US,ELECT,PLANT,0.48,0.0,0.0,0.0,0.0,0.0
16879,US,US,WOOD2,ELEC5,0.48,0.0,0.0,0.0,0.0,0.0
3063,US,US,COPPE,CHEM1,0.48,0.0,0.0,0.0,0.0,0.0
12300,US,US,PLAS2,LUBRI,0.48,0.0,0.0,0.0,0.0,0.0
6747,US,US,FURNI,ELEC3,0.48,0.0,0.0,0.0,0.0,0.0
15031,US,US,SUBBI,SUBBI,0.48,0.0,0.0,0.0,0.0,0.0
6164,US,US,FOOD4,COKIN,0.48,0.0,0.0,0.0,0.0,0.0
6286,US,US,FOOD4,TEXT2,0.48,0.0,0.0,0.0,0.0,0.0
13566,US,US,RECRE,LIQUI,0.48,0.0,0.0,0.0,0.0,0.0
3843,US,US,ELE11,AIRTR,0.48,0.0,0.0,0.0,0.0,0.0
94,US,US,93197,PLAST,0.48,0.0,0.0,0.0,0.0,0.0
16956,US,US,WOOD2,PROCE,0.44,0.0,0.0,0.0,0.0,0.0
13453,US,US,REALE,REFI1,0.44,0.0,0.0,0.0,0.0,0.0
13379,US,US,REALE,FOOD3,0.38,0.0,0.0,0.0,0.0,0.0
5143,US,US,ELEC8,NATUR,0.41,0.0,0.0,0.0,0.0,0.0
12598,US,US,POSTT,SUGAR,0.41,0.0,0.0,0.0,0.0,0.0
6635,US,US,FOUND,AIRTR,0.41,0.0,0.0,0.0,0.0,0.0
10417,US,US,NFERT,MOTO1,0.41,0.0,0.0,0.0,0.0,0.0
7828,US,US,INSUR,BIOGA,0.41,0.0,0.0,0.0,0.0,0.0
15818,US,US,TRAN1,HEAVY,0.41,0.0,0.0,0.0,0.0,0.0
13138,US,US,RADIO,ELEC8,0.41,0.0,0.0,0.0,0.0,0.0
8324,US,US,LANDT,BITUM,0.41,0.0,0.0,0.0,0.0,0.0
4272,US,US,ELEC2,FOOD2,0.41,0.0,0.0,0.0,0.0,0.0
14769,US,US,STEAM,MEAT1,0.41,0.0,0.0,0.0,0.0,0.0
12943,US,US,PUBLI,ANIMA,0.41,0.0,0.0,0.0,0.0,0.0
3103,US,US,CROPS,COMPU,0.41,0.0,0.0,0.0,0.0,0.0
16621,US,US,WHOLE,NUCLE,0.41,0.0,0.0,0.0,0.0,0.0
14217,US,US,SALEM,BITUM,0.41,0.0,0.0,0.0,0.0,0.0
951,US,US,BEVER,MEAT4,0.41,0.0,0.0,0.0,0.0,0.0
14880,US,US,STONE,LUBRI,0.41,0.0,0.0,0.0,0.0,0.0
16409,US,US,WHEAT,FOOD5,0.4,0.0,0.0,0.0,0.0,0.0
2950,US,US,CONST,WASTE,0.4,0.0,0.0,0.0,0.0,0.0
11151,US,US,PADDY,MEATP,0.4,0.0,0.0,0.0,0.0,0.0
16269,US,US,WASTE,OFFIC,0.4,0.0,0.0,0.0,0.0,0.0
749,US,US,AVIAT,ETHAN,0.4,0.0,0.0,0.0,0.0,0.0
15418,US,US,TEXT1,PLAS1,0.4,0.0,0.0,0.0,0.0,0.0
15456,US,US,TEXT1,TRAN1,0.4,0.0,0.0,0.0,0.0,0.0
2527,US,US,COLLE,FOODW,0.41,0.0,0.0,0.0,0.0,0.0
5042,US,US,ELEC7,RETAI,0.41,0.0,0.0,0.0,0.0,0.0
17052,US,US,WOODW,KEROS,0.44,0.0,0.0,0.0,0.0,0.0
13505,US,US,RECRE,CATTL,0.41,0.0,0.0,0.0,0.0,0.0
10068,US,US,NAPHT,LIQUE,0.42,0.0,0.0,0.0,0.0,0.0
16900,US,US,WOOD2,HEAVY,0.42,0.0,0.0,0.0,0.0,0.0
2968,US,US,COPP1,CEMEN,0.42,0.0,0.0,0.0,0.0,0.0
4646,US,US,ELEC4,SUBBI,0.42,0.0,0.0,0.0,0.0,0.0
15422,US,US,TEXT1,POULT,0.42,0.0,0.0,0.0,0.0,0.0
6790,US,US,FURNI,MEATP,0.42,0.0,0.0,0.0,0.0,0.0
16381,US,US,WEARI,SECO9,0.42,0.0,0.0,0.0,0.0,0.0
12245,US,US,PLAS2,COKIN,0.41,0.0,0.0,0.0,0.0,0.0
843,US,US,BASIC,LEATH,0.41,0.0,0.0,0.0,0.0,0.0
4229,US,US,ELEC2,ANTHR,0.41,0.0,0.0,0.0,0.0,0.0
2626,US,US,COLLE,WOOD2,0.41,0.0,0.0,0.0,0.0,0.0
299,US,US,ALUM1,CRUDE,0.41,0.0,0.0,0.0,0.0,0.0
1024,US,US,BIODI,ELECT,0.41,0.0,0.0,0.0,0.0,0.0
5672,US,US,FINAN,ELEC8,0.41,0.0,0.0,0.0,0.0,0.0
7694,US,US,INERT,HYDRO,0.41,0.0,0.0,0.0,0.0,0.0
5965,US,US,FOOD2,RAWMI,0.41,0.0,0.0,0.0,0.0,0.0
17016,US,US,WOODW,CHEMI,0.41,0.0,0.0,0.0,0.0,0.0
8567,US,US,LEADZ,PROCE,0.41,0.0,0.0,0.0,0.0,0.0
3864,US,US,ELE11,COPP1,0.41,0.0,0.0,0.0,0.0,0.0
7080,US,US,GLASS,LIQUI,0.41,0.0,0.0,0.0,0.0,0.0
4860,US,US,ELEC6,INLAN,0.41,0.0,0.0,0.0,0.0,0.0
10209,US,US,NATU1,RENTI,0.41,0.0,0.0,0.0,0.0,0.0
9,US,US,93197,BIOG1,0.4,0.0,0.0,0.0,0.0,0.0
11603,US,US,PAPE4,NFERT,0.4,0.0,0.0,0.0,0.0,0.0
11438,US,US,PAPE3,NAPHT,0.4,0.0,0.0,0.0,0.0,0.0
4688,US,US,ELEC5,COKIN,0.39,0.0,0.0,0.0,0.0,0.0
8794,US,US,LIQUI,MEMBE,0.39,0.0,0.0,0.0,0.0,0.0
5012,US,US,ELEC7,NONF1,0.39,0.0,0.0,0.0,0.0,0.0
8086,US,US,INTER,PRIVA,0.39,0.0,0.0,0.0,0.0,0.0
10006,US,US,MOTOR,PROCE,0.39,0.0,0.0,0.0,0.0,0.0
10225,US,US,NATU1,VEGE1,0.39,0.0,0.0,0.0,0.0,0.0
11392,US,US,PAPE3,ELEC8,0.39,0.0,0.0,0.0,0.0,0.0
68,US,US,93197,LEATH,0.39,0.0,0.0,0.0,0.0,0.0
6629,US,US,FORES,TRANS,0.39,0.0,0.0,0.0,0.0,0.0
13653,US,US,REFI1,ETHAN,0.39,0.0,0.0,0.0,0.0,0.0
1952,US,US,CEMEN,OILHA,0.39,0.0,0.0,0.0,0.0,0.0
8391,US,US,LANDT,LUBRI,0.39,0.0,0.0,0.0,0.0,0.0
5915,US,US,FOOD2,KEROS,0.4,0.0,0.0,0.0,0.0,0.0
6191,US,US,FOOD4,FISHF,0.39,0.0,0.0,0.0,0.0,0.0
11600,US,US,PAPE4,NAPHT,0.39,0.0,0.0,0.0,0.0,0.0
2735,US,US,COMPU,PADDY,0.39,0.0,0.0,0.0,0.0,0.0
11047,US,US,OILHA,OILSE,0.39,0.0,0.0,0.0,0.0,0.0
15083,US,US,SUGA1,TEXTI,0.39,0.0,0.0,0.0,0.0,0.0
14977,US,US,SUBBI,HOTEL,0.39,0.0,0.0,0.0,0.0,0.0
15632,US,US,TEXTI,ANTHR,0.39,0.0,0.0,0.0,0.0,0.0
7899,US,US,INSUR,MEAT4,0.39,0.0,0.0,0.0,0.0,0.0
12230,US,US,PLAS2,BIOG1,0.38,0.0,0.0,0.0,0.0,0.0
11841,US,US,PARAF,COLLE,0.38,0.0,0.0,0.0,0.0,0.0
14708,US,US,STEAM,BIODI,0.39,0.0,0.0,0.0,0.0,0.0
5956,US,US,FOOD2,POULT,0.39,0.0,0.0,0.0,0.0,0.0
5212,US,US,ELEC9,BASIC,0.39,0.0,0.0,0.0,0.0,0.0
975,US,US,BEVER,SEWAG,0.39,0.0,0.0,0.0,0.0,0.0
3079,US,US,COPPE,RENTI,0.4,0.0,0.0,0.0,0.0,0.0
16702,US,US,WOOD1,CHEMI,0.4,0.0,0.0,0.0,0.0,0.0
10935,US,US,OFFIC,SUBBI,0.4,0.0,0.0,0.0,0.0,0.0
12204,US,US,PLAS1,TEXT1,0.4,0.0,0.0,0.0,0.0,0.0
14591,US,US,SEWAG,FOOD2,0.4,0.0,0.0,0.0,0.0,0.0
2405,US,US,CHEMI,RADIO,0.4,0.0,0.0,0.0,0.0,0.0
6551,US,US,FOODW,WHEAT,0.4,0.0,0.0,0.0,0.0,0.0
16251,US,US,WASTE,MACHI,0.4,0.0,0.0,0.0,0.0,0.0
443,US,US,ANIMA,ANIMA,0.4,0.0,0.0,0.0,0.0,0.0
8037,US,US,INTER,INTER,0.4,0.0,0.0,0.0,0.0,0.0
3559,US,US,DISTR,BITU1,0.4,0.0,0.0,0.0,0.0,0.0
10707,US,US,NONSP,BIODI,0.4,0.0,0.0,0.0,0.0,0.0
3767,US,US,EDUCA,LIQUE,0.4,0.0,0.0,0.0,0.0,0.0
11554,US,US,PAPE4,ELEC8,0.4,0.0,0.0,0.0,0.0,0.0
8652,US,US,LEATH,SECO9,0.4,0.0,0.0,0.0,0.0,0.0
14268,US,US,SALEM,HEAVY,0.4,0.0,0.0,0.0,0.0,0.0
16495,US,US,WHITE,LUBRI,0.4,0.0,0.0,0.0,0.0,0.0
10795,US,US,NUCLE,MACHI,0.4,0.0,0.0,0.0,0.0,0.0
471,US,US,ANIMA,RUBBE,0.4,0.0,0.0,0.0,0.0,0.0
13532,US,US,RECRE,ELEC8,0.4,0.0,0.0,0.0,0.0,0.0
6891,US,US,GASDI,COPP1,0.4,0.0,0.0,0.0,0.0,0.0
1038,US,US,BIODI,GASWO,0.42,0.0,0.0,0.0,0.0,0.0
12200,US,US,PLAS1,SUBBI,0.42,0.0,0.0,0.0,0.0,0.0
10625,US,US,NONME,KERO1,0.42,0.0,0.0,0.0,0.0,0.0
4068,US,US,ELE12,TEXTI,0.43,0.0,0.0,0.0,0.0,0.0
5913,US,US,FOOD2,IRONO,0.44,0.0,0.0,0.0,0.0,0.0
11117,US,US,PADDY,ANIMA,0.44,0.0,0.0,0.0,0.0,0.0
9542,US,US,MEDIC,SANDC,0.44,0.0,0.0,0.0,0.0,0.0
1506,US,US,BITUM,MOTO1,0.44,0.0,0.0,0.0,0.0,0.0
13642,US,US,RECRE,WHEAT,0.44,0.0,0.0,0.0,0.0,0.0
2402,US,US,CHEMI,PRINT,0.44,0.0,0.0,0.0,0.0,0.0
7267,US,US,HEAVY,MEMBE,0.44,0.0,0.0,0.0,0.0,0.0
15431,US,US,TEXT1,RAWMI,0.44,0.0,0.0,0.0,0.0,0.0
9391,US,US,MEATP,PIGS9,0.43,0.0,0.0,0.0,0.0,0.0
14115,US,US,RUBBE,LEADZ,0.43,0.0,0.0,0.0,0.0,0.0
10727,US,US,NONSP,ELECT,0.43,0.0,0.0,0.0,0.0,0.0
17115,US,US,WOODW,STONE,0.43,0.0,0.0,0.0,0.0,0.0
16769,US,US,WOOD1,NATU1,0.43,0.0,0.0,0.0,0.0,0.0
12949,US,US,PUBLI,BIOG1,0.43,0.0,0.0,0.0,0.0,0.0
5155,US,US,ELEC8,PAPE4,0.43,0.0,0.0,0.0,0.0,0.0
9940,US,US,MOTOR,FOOD2,0.43,0.0,0.0,0.0,0.0,0.0
12149,US,US,PLAS1,NAPHT,0.43,0.0,0.0,0.0,0.0,0.0
12496,US,US,POSTT,ELEC7,0.43,0.0,0.0,0.0,0.0,0.0
6498,US,US,FOODW,PAPE1,0.43,0.0,0.0,0.0,0.0,0.0
8981,US,US,LUBRI,TRANS,0.43,0.0,0.0,0.0,0.0,0.0
5942,US,US,FOOD2,OILSE,0.43,0.0,0.0,0.0,0.0,0.0
16466,US,US,WHITE,ELEC2,0.43,0.0,0.0,0.0,0.0,0.0
12034,US,US,PIGS9,REALE,0.44,0.0,0.0,0.0,0.0,0.0
5190,US,US,ELEC8,SUGAR,0.44,0.0,0.0,0.0,0.0,0.0
10978,US,US,OILHA,COPP1,0.44,0.0,0.0,0.0,0.0,0.0
12103,US,US,PLAS1,ELEC8,0.44,0.0,0.0,0.0,0.0,0.0
1393,US,US,BITU1,ELEC4,0.44,0.0,0.0,0.0,0.0,0.0
4582,US,US,ELEC4,LEAD1,0.44,0.0,0.0,0.0,0.0,0.0
1395,US,US,BITU1,ELEC6,0.44,0.0,0.0,0.0,0.0,0.0
5883,US,US,FOOD2,ELEC3,0.44,0.0,0.0,0.0,0.0,0.0
10986,US,US,OILHA,ELEC1,0.44,0.0,0.0,0.0,0.0,0.0
4050,US,US,ELE12,RAWMI,0.44,0.0,0.0,0.0,0.0,0.0
7707,US,US,INERT,LIQUI,0.44,0.0,0.0,0.0,0.0,0.0
10535,US,US,NONFE,FURNI,0.44,0.0,0.0,0.0,0.0,0.0
1059,US,US,BIODI,MEAT1,0.44,0.0,0.0,0.0,0.0,0.0
5744,US,US,FINAN,POULT,0.44,0.0,0.0,0.0,0.0,0.0
15183,US,US,SUPPO,ELE12,0.44,0.0,0.0,0.0,0.0,0.0
4976,US,US,ELEC7,FISH5,0.44,0.0,0.0,0.0,0.0,0.0
9547,US,US,MEDIC,STONE,0.44,0.0,0.0,0.0,0.0,0.0
4939,US,US,ELEC6,WEARI,0.44,0.0,0.0,0.0,0.0,0.0
3880,US,US,ELE11,FURNI,0.44,0.0,0.0,0.0,0.0,0.0
5325,US,US,ELECT,COKIN,0.44,0.0,0.0,0.0,0.0,0.0
4925,US,US,ELEC6,SEWAG,0.44,0.0,0.0,0.0,0.0,0.0
10049,US,US,NAPHT,ALUM1,0.44,0.0,0.0,0.0,0.0,0.0
5873,US,US,FOOD2,CROPS,0.44,0.0,0.0,0.0,0.0,0.0
9719,US,US,MEMBE,WHITE,0.44,0.0,0.0,0.0,0.0,0.0
6515,US,US,FOODW,PROCE,0.44,0.0,0.0,0.0,0.0,0.0
8827,US,US,LIQUI,SECO9,0.43,0.0,0.0,0.0,0.0,0.0
11521,US,US,PAPE4,BITU1,0.43,0.0,0.0,0.0,0.0,0.0
835,US,US,BASIC,INSUR,0.42,0.0,0.0,0.0,0.0,0.0
13233,US,US,RADIO,SUBBI,0.42,0.0,0.0,0.0,0.0,0.0
2126,US,US,CEREA,MEDIC,0.42,0.0,0.0,0.0,0.0,0.0
1083,US,US,BIODI,PIGS9,0.42,0.0,0.0,0.0,0.0,0.0
11979,US,US,PFERT,TEXT2,0.42,0.0,0.0,0.0,0.0,0.0
16238,US,US,WASTE,INERT,0.42,0.0,0.0,0.0,0.0,0.0
7768,US,US,INERT,STEAM,0.42,0.0,0.0,0.0,0.0,0.0
5289,US,US,ELEC9,SUPPO,0.42,0.0,0.0,0.0,0.0,0.0
14488,US,US,SEACO,WEARI,0.42,0.0,0.0,0.0,0.0,0.0
9369,US,US,MEATP,INLAN,0.42,0.0,0.0,0.0,0.0,0.0
12898,US,US,PRINT,TRAN1,0.42,0.0,0.0,0.0,0.0,0.0
16197,US,US,WASTE,CHEMI,0.42,0.0,0.0,0.0,0.0,0.0
992,US,US,BIODI,BASIC,0.42,0.0,0.0,0.0,0.0,0.0
9661,US,US,MEMBE,NONSP,0.43,0.0,0.0,0.0,0.0,0.0
2119,US,US,CEREA,LIQUI,0.42,0.0,0.0,0.0,0.0,0.0
6459,US,US,FOODW,HEAVY,0.42,0.0,0.0,0.0,0.0,0.0
2128,US,US,CEREA,MOTOR,0.42,0.0,0.0,0.0,0.0,0.0
4727,US,US,ELEC5,LIQUE,0.42,0.0,0.0,0.0,0.0,0.0
15304,US,US,SUPPO,WHITE,0.42,0.0,0.0,0.0,0.0,0.0
352,US,US,ALUM1,POSTT,0.42,0.0,0.0,0.0,0.0,0.0
11441,US,US,PAPE3,NFERT,0.42,0.0,0.0,0.0,0.0,0.0
10988,US,US,OILHA,ELEC3,0.42,0.0,0.0,0.0,0.0,0.0
3838,US,US,EDUCA,WOOD1,0.42,0.0,0.0,0.0,0.0,0.0
15960,US,US,TRANS,FOOD4,0.42,0.0,0.0,0.0,0.0,0.0
10936,US,US,OFFIC,SUGA1,0.42,0.0,0.0,0.0,0.0,0.0
16878,US,US,WOOD2,ELEC4,0.42,0.0,0.0,0.0,0.0,0.0
4645,US,US,ELEC4,STONE,0.42,0.0,0.0,0.0,0.0,0.0
15523,US,US,TEXT2,FORES,0.42,0.0,0.0,0.0,0.0,0.0
9797,US,US,MOTO1,KERO1,0.43,0.0,0.0,0.0,0.0,0.0
10971,US,US,OILHA,CEREA,0.43,0.0,0.0,0.0,0.0,0.0
7308,US,US,HEAVY,RESEA,0.43,0.0,0.0,0.0,0.0,0.0
11345,US,US,PAPE1,WOOD2,0.43,0.0,0.0,0.0,0.0,0.0
13771,US,US,RENTI,HYDRO,0.43,0.0,0.0,0.0,0.0,0.0
1265,US,US,BIOGA,FISH5,0.43,0.0,0.0,0.0,0.0,0.0
9487,US,US,MEDIC,LEATH,0.43,0.0,0.0,0.0,0.0,0.0
8983,US,US,LUBRI,WEARI,0.43,0.0,0.0,0.0,0.0,0.0
10694,US,US,NONME,VEGE1,0.43,0.0,0.0,0.0,0.0,0.0
15020,US,US,SUBBI,RESEA,0.43,0.0,0.0,0.0,0.0,0.0
16364,US,US,WEARI,PLAS2,0.43,0.0,0.0,0.0,0.0,0.0
12367,US,US,PLAS2,TEXT2,0.43,0.0,0.0,0.0,0.0,0.0
15579,US,US,TEXT2,PLAS2,0.43,0.0,0.0,0.0,0.0,0.0
14907,US,US,STONE,PLAS2,0.43,0.0,0.0,0.0,0.0,0.0
16939,US,US,WOOD2,PAPE1,0.43,0.0,0.0,0.0,0.0,0.0
15220,US,US,SUPPO,KEROS,0.43,0.0,0.0,0.0,0.0,0.0
14400,US,US,SANDC,INERT,0.43,0.0,0.0,0.0,0.0,0.0
15690,US,US,TEXTI,MEAT4,0.43,0.0,0.0,0.0,0.0,0.0
11241,US,US,PAPE1,FOODW,0.43,0.0,0.0,0.0,0.0,0.0
8077,US,US,INTER,PIGS9,0.43,0.0,0.0,0.0,0.0,0.0
16705,US,US,WOOD1,COLLE,0.42,0.0,0.0,0.0,0.0,0.0
742,US,US,AUXIL,WOOLS,0.1,0.0,0.0,0.0,0.0,0.0
1185,US,US,BIOG1,PADDY,0.02,0.0,0.0,0.0,0.0,0.0
2013,US,US,CERAM,COKE1,0.1,0.0,0.0,0.0,0.0,0.0
15046,US,US,SUGA1,BIOGA,0.02,0.0,0.0,0.0,0.0,0.0
7122,US,US,GLASS,RETAI,0.02,0.0,0.0,0.0,0.0,0.0
8279,US,US,KEROS,FABRI,0.02,0.0,0.0,0.0,0.0,0.0
1459,US,US,BITUM,COKEO,0.02,0.0,0.0,0.0,0.0,0.0
3081,US,US,COPPE,SANDC,0.02,0.0,0.0,0.0,0.0,0.0
38,US,US,93197,ELEC6,0.02,0.0,0.0,0.0,0.0,0.0
8217,US,US,KERO1,COMPU,0.02,0.0,0.0,0.0,0.0,0.0
14513,US,US,SECO9,LEATH,0.02,0.0,0.0,0.0,0.0,0.0
261,US,US,AIRTR,STEAM,0.02,0.0,0.0,0.0,0.0,0.0
16350,US,US,WEARI,LIQUE,0.02,0.0,0.0,0.0,0.0,0.0
5968,US,US,FOOD2,REFI1,0.02,0.0,0.0,0.0,0.0,0.0
16880,US,US,WOOD2,ELEC6,0.02,0.0,0.0,0.0,0.0,0.0
16294,US,US,WASTE,REALE,0.02,0.0,0.0,0.0,0.0,0.0
4733,US,US,ELEC5,MEATA,0.02,0.0,0.0,0.0,0.0,0.0
16334,US,US,WEARI,COPP1,0.02,0.0,0.0,0.0,0.0,0.0
15040,US,US,SUBBI,WHITE,0.02,0.0,0.0,0.0,0.0,0.0
2056,US,US,CERAM,OILHA,0.02,0.0,0.0,0.0,0.0,0.0
13088,US,US,PULP5,REALE,0.02,0.0,0.0,0.0,0.0,0.0
17117,US,US,WOODW,SUGAR,0.02,0.0,0.0,0.0,0.0,0.0
3037,US,US,COPP1,REFI1,0.02,0.0,0.0,0.0,0.0,0.0
9306,US,US,MEATC,MACHI,0.02,0.0,0.0,0.0,0.0,0.0
447,US,US,ANIMA,CROPS,0.02,0.0,0.0,0.0,0.0,0.0
3125,US,US,CROPS,IRONO,0.02,0.0,0.0,0.0,0.0,0.0
99,US,US,93197,PULP5,0.02,0.0,0.0,0.0,0.0,0.0
3014,US,US,COPP1,NAPHT,0.02,0.0,0.0,0.0,0.0,0.0
10755,US,US,NONSP,OFFIC,0.02,0.0,0.0,0.0,0.0,0.0
32,US,US,93197,ELE11,0.02,0.0,0.0,0.0,0.0,0.0
8864,US,US,LUBRI,CHEMI,0.02,0.0,0.0,0.0,0.0,0.0
5651,US,US,FINAN,COKEO,0.02,0.0,0.0,0.0,0.0,0.0
16545,US,US,WHITE,WOOD2,0.02,0.0,0.0,0.0,0.0,0.0
5157,US,US,ELEC8,PETRO,0.02,0.0,0.0,0.0,0.0,0.0
5704,US,US,FINAN,LEADZ,0.02,0.0,0.0,0.0,0.0,0.0
1093,US,US,BIODI,PULP5,0.02,0.0,0.0,0.0,0.0,0.0
15039,US,US,SUBBI,WEARI,0.02,0.0,0.0,0.0,0.0,0.0
15527,US,US,TEXT2,GASWO,0.02,0.0,0.0,0.0,0.0,0.0
1215,US,US,BIOG1,VEGE1,0.02,0.0,0.0,0.0,0.0,0.0
3586,US,US,DISTR,ELEC4,0.02,0.0,0.0,0.0,0.0,0.0
16127,US,US,VEGET,LIQUE,0.02,0.0,0.0,0.0,0.0,0.0
8152,US,US,IRONO,FOOD2,0.02,0.0,0.0,0.0,0.0,0.0
16478,US,US,WHITE,FOODW,0.02,0.0,0.0,0.0,0.0,0.0
13681,US,US,REFIN,GLASS,0.02,0.0,0.0,0.0,0.0,0.0
15916,US,US,TRAN2,ELECT,0.02,0.0,0.0,0.0,0.0,0.0
1153,US,US,BIOG1,FISH5,0.02,0.0,0.0,0.0,0.0,0.0
16805,US,US,WOOD1,REFIN,0.02,0.0,0.0,0.0,0.0,0.0
3236,US,US,CRUDE,HEALT,0.02,0.0,0.0,0.0,0.0,0.0
12730,US,US,PRECI,MACHI,0.02,0.0,0.0,0.0,0.0,0.0
5128,US,US,ELEC8,LIGNI,0.02,0.0,0.0,0.0,0.0,0.0
2972,US,US,COPP1,COLLE,0.02,0.0,0.0,0.0,0.0,0.0
2372,US,US,CHEMI,MEATP,0.02,0.0,0.0,0.0,0.0,0.0
14988,US,US,SUBBI,MACHI,0.02,0.0,0.0,0.0,0.0,0.0
1259,US,US,BIOGA,ELEC6,0.02,0.0,0.0,0.0,0.0,0.0
16509,US,US,WHITE,PLANT,0.02,0.0,0.0,0.0,0.0,0.0
14784,US,US,STEAM,OILHA,0.02,0.0,0.0,0.0,0.0,0.0
15648,US,US,TEXTI,COKEO,0.02,0.0,0.0,0.0,0.0,0.0
761,US,US,AVIAT,PLAST,0.02,0.0,0.0,0.0,0.0,0.0
14838,US,US,STONE,ALUM1,0.02,0.0,0.0,0.0,0.0,0.0
7859,US,US,INSUR,ELEC7,0.02,0.0,0.0,0.0,0.0,0.0
10118,US,US,NATU1,CEREA,0.02,0.0,0.0,0.0,0.0,0.0
8525,US,US,LEADZ,BRICK,0.02,0.0,0.0,0.0,0.0,0.0
8489,US,US,LEAD1,GLASS,0.02,0.0,0.0,0.0,0.0,0.0
10426,US,US,NFERT,PETRO,0.02,0.0,0.0,0.0,0.0,0.0
16066,US,US,VEGE1,PARAF,0.02,0.0,0.0,0.0,0.0,0.0
7249,US,US,HEAVY,INTER,0.02,0.0,0.0,0.0,0.0,0.0
6420,US,US,FOODW,COKE1,0.02,0.0,0.0,0.0,0.0,0.0
2716,US,US,COMPU,MEATA,0.02,0.0,0.0,0.0,0.0,0.0
5890,US,US,FOOD2,ETHAN,0.02,0.0,0.0,0.0,0.0,0.0
3723,US,US,EDUCA,COPP1,0.02,0.0,0.0,0.0,0.0,0.0
1645,US,US,BRICK,PLAST,0.02,0.0,0.0,0.0,0.0,0.0
8051,US,US,INTER,MEATA,0.02,0.0,0.0,0.0,0.0,0.0
8607,US,US,LEATH,FOOD4,0.02,0.0,0.0,0.0,0.0,0.0
12975,US,US,PUBLI,ELEC6,0.02,0.0,0.0,0.0,0.0,0.0
12644,US,US,PREC1,BRICK,0.02,0.0,0.0,0.0,0.0,0.0
3367,US,US,DAIRY,MOTO1,0.02,0.0,0.0,0.0,0.0,0.0
11774,US,US,PAPER,PADDY,0.02,0.0,0.0,0.0,0.0,0.0
3963,US,US,ELE11,WOOD1,0.02,0.0,0.0,0.0,0.0,0.0
9208,US,US,MEAT4,ETHAN,0.02,0.0,0.0,0.0,0.0,0.0
12082,US,US,PLAS1,COKEO,0.02,0.0,0.0,0.0,0.0,0.0
10542,US,US,NONFE,LUBRI,0.02,0.0,0.0,0.0,0.0,0.0
12257,US,US,PLAS2,ELE12,0.02,0.0,0.0,0.0,0.0,0.0
16425,US,US,WHEAT,NONME,0.02,0.0,0.0,0.0,0.0,0.0
7673,US,US,INERT,ELEC9,0.02,0.0,0.0,0.0,0.0,0.0
540,US,US,ANTHR,NONSP,0.02,0.0,0.0,0.0,0.0,0.0
14958,US,US,SUBBI,CROPS,0.02,0.0,0.0,0.0,0.0,0.0
8722,US,US,LIQUE,BIOGA,0.02,0.0,0.0,0.0,0.0,0.0
5292,US,US,ELEC9,TRAN2,0.02,0.0,0.0,0.0,0.0,0.0
2385,US,US,CHEMI,OILHA,0.02,0.0,0.0,0.0,0.0,0.0
8854,US,US,LUBRI,BIOG1,0.02,0.0,0.0,0.0,0.0,0.0
9608,US,US,MEMBE,ELEC6,0.02,0.0,0.0,0.0,0.0,0.0
10704,US,US,NONSP,AVIAT,0.02,0.0,0.0,0.0,0.0,0.0
7512,US,US,HYDRO,BEVER,0.02,0.0,0.0,0.0,0.0,0.0
4818,US,US,ELEC6,BIOG1,0.02,0.0,0.0,0.0,0.0,0.0
9349,US,US,MEATP,ANIMA,0.02,0.0,0.0,0.0,0.0,0.0
556,US,US,ANTHR,RENTI,0.02,0.0,0.0,0.0,0.0,0.0
10517,US,US,NONFE,93197,0.02,0.0,0.0,0.0,0.0,0.0
423,US,US,ALUMI,PFERT,0.02,0.0,0.0,0.0,0.0,0.0
16623,US,US,WHOLE,OILHA,0.02,0.0,0.0,0.0,0.0,0.0
3997,US,US,ELE12,FOOD4,0.02,0.0,0.0,0.0,0.0,0.0
2037,US,US,CERAM,GASDI,0.02,0.0,0.0,0.0,0.0,0.0
11826,US,US,PAPER,WASTE,0.02,0.0,0.0,0.0,0.0,0.0
14995,US,US,SUBBI,MOTO1,0.02,0.0,0.0,0.0,0.0,0.0
8545,US,US,LEADZ,INTER,0.02,0.0,0.0,0.0,0.0,0.0
15030,US,US,SUBBI,STONE,0.02,0.0,0.0,0.0,0.0,0.0
15741,US,US,TEXTI,SUGA1,0.02,0.0,0.0,0.0,0.0,0.0
11073,US,US,OILHA,REFI1,0.02,0.0,0.0,0.0,0.0,0.0
7572,US,US,HYDRO,MEATA,0.02,0.0,0.0,0.0,0.0,0.0
17051,US,US,WOODW,KERO1,0.02,0.0,0.0,0.0,0.0,0.0
8591,US,US,LEATH,COLLE,0.02,0.0,0.0,0.0,0.0,0.0
3071,US,US,COPPE,LEADZ,0.02,0.0,0.0,0.0,0.0,0.0
6394,US,US,FOOD5,WOOD2,0.02,0.0,0.0,0.0,0.0,0.0
9402,US,US,MEATP,SANDC,0.02,0.0,0.0,0.0,0.0,0.0
6314,US,US,FOOD5,CHEMI,0.02,0.0,0.0,0.0,0.0,0.0
17028,US,US,WOODW,ETHAN,0.02,0.0,0.0,0.0,0.0,0.0
7050,US,US,GLASS,CRUDE,0.02,0.0,0.0,0.0,0.0,0.0
15463,US,US,TEXT1,WHITE,0.02,0.0,0.0,0.0,0.0,0.0
15543,US,US,TEXT2,LIGNI,0.02,0.0,0.0,0.0,0.0,0.0
8505,US,US,LEAD1,PUBLI,0.02,0.0,0.0,0.0,0.0,0.0
6324,US,US,FOOD5,FOODW,0.02,0.0,0.0,0.0,0.0,0.0
4280,US,US,ELEC2,GASWO,0.02,0.0,0.0,0.0,0.0,0.0
3101,US,US,CROPS,COKEO,0.02,0.0,0.0,0.0,0.0,0.0
12327,US,US,PLAS2,PARAF,0.02,0.0,0.0,0.0,0.0,0.0
2459,US,US,COKE1,MOTO1,0.02,0.0,0.0,0.0,0.0,0.0
14025,US,US,RETA1,PAPE4,0.02,0.0,0.0,0.0,0.0,0.0
5274,US,US,ELEC9,RADIO,0.02,0.0,0.0,0.0,0.0,0.0
8739,US,US,LIQUI,BASIC,0.02,0.0,0.0,0.0,0.0,0.0
7895,US,US,INSUR,LIQUI,0.02,0.0,0.0,0.0,0.0,0.0
9530,US,US,MEDIC,RAILW,0.02,0.0,0.0,0.0,0.0,0.0
15962,US,US,TRANS,FOUND,0.02,0.0,0.0,0.0,0.0,0.0
7586,US,US,HYDRO,NUCLE,0.02,0.0,0.0,0.0,0.0,0.0
12700,US,US,PREC1,TEXT1,0.02,0.0,0.0,0.0,0.0,0.0
12969,US,US,PUBLI,ELE11,0.02,0.0,0.0,0.0,0.0,0.0
9648,US,US,MEMBE,MEATA,0.02,0.0,0.0,0.0,0.0,0.0
17075,US,US,WOODW,NUCLE,0.02,0.0,0.0,0.0,0.0,0.0
9406,US,US,MEATP,STONE,0.02,0.0,0.0,0.0,0.0,0.0
11183,US,US,PADDY,WOOD1,0.02,0.0,0.0,0.0,0.0,0.0
12755,US,US,PRINT,ANIMA,0.02,0.0,0.0,0.0,0.0,0.0
15776,US,US,TRAN1,BLAST,0.02,0.0,0.0,0.0,0.0,0.0
7148,US,US,HEALT,COMPU,0.02,0.0,0.0,0.0,0.0,0.0
7547,US,US,HYDRO,FISHF,0.02,0.0,0.0,0.0,0.0,0.0
1929,US,US,CEMEN,LEAD1,0.02,0.0,0.0,0.0,0.0,0.0
7539,US,US,HYDRO,ELEC1,0.02,0.0,0.0,0.0,0.0,0.0
6176,US,US,FOOD4,ELE12,0.02,0.0,0.0,0.0,0.0,0.0
2014,US,US,CERAM,COLLE,0.02,0.0,0.0,0.0,0.0,0.0
11840,US,US,PARAF,COKIN,0.02,0.0,0.0,0.0,0.0,0.0
12945,US,US,PUBLI,AVIAT,0.02,0.0,0.0,0.0,0.0,0.0
1022,US,US,BIODI,ELEC3,0.02,0.0,0.0,0.0,0.0,0.0
9535,US,US,MEDIC,REFIN,0.02,0.0,0.0,0.0,0.0,0.0
8708,US,US,LIGNI,NFERT,0.02,0.0,0.0,0.0,0.0,0.0
522,US,US,ANTHR,LIQUE,0.02,0.0,0.0,0.0,0.0,0.0
9367,US,US,MEATP,HEAVY,0.02,0.0,0.0,0.0,0.0,0.0
8791,US,US,LIQUI,MEAT1,0.02,0.0,0.0,0.0,0.0,0.0
14330,US,US,SALEM,REFIN,0.02,0.0,0.0,0.0,0.0,0.0
5664,US,US,FINAN,ELE12,0.02,0.0,0.0,0.0,0.0,0.0
3019,US,US,COPP1,OILHA,0.02,0.0,0.0,0.0,0.0,0.0
15132,US,US,SUGAR,PUBLI,0.02,0.0,0.0,0.0,0.0,0.0
13524,US,US,RECRE,ELE12,0.02,0.0,0.0,0.0,0.0,0.0
8783,US,US,LIQUI,INTER,0.02,0.0,0.0,0.0,0.0,0.0
6588,US,US,FORES,INLAN,0.02,0.0,0.0,0.0,0.0,0.0
5066,US,US,ELEC7,WOOD2,0.02,0.0,0.0,0.0,0.0,0.0
10425,US,US,NFERT,PAPER,0.02,0.0,0.0,0.0,0.0,0.0
14208,US,US,SALEM,ANTHR,0.02,0.0,0.0,0.0,0.0,0.0
13322,US,US,RAWMI,RUBBE,0.02,0.0,0.0,0.0,0.0,0.0
5270,US,US,ELEC9,PREC1,0.02,0.0,0.0,0.0,0.0,0.0
10996,US,US,OILHA,ETHAN,0.02,0.0,0.0,0.0,0.0,0.0
577,US,US,AUXIL,ALUMI,0.02,0.0,0.0,0.0,0.0,0.0
10649,US,US,NONME,NUCLE,0.02,0.0,0.0,0.0,0.0,0.0
6439,US,US,FOODW,ELEC6,0.02,0.0,0.0,0.0,0.0,0.0
15018,US,US,SUBBI,REFIN,0.02,0.0,0.0,0.0,0.0,0.0
10281,US,US,NATUR,FOOD2,0.02,0.0,0.0,0.0,0.0,0.0
2045,US,US,CERAM,LANDT,0.02,0.0,0.0,0.0,0.0,0.0
11932,US,US,PFERT,MEMBE,0.02,0.0,0.0,0.0,0.0,0.0
4979,US,US,ELEC7,FOODW,0.02,0.0,0.0,0.0,0.0,0.0
16418,US,US,WHEAT,MACHI,0.02,0.0,0.0,0.0,0.0,0.0
16722,US,US,WOOD1,ELEC7,0.02,0.0,0.0,0.0,0.0,0.0
3122,US,US,CROPS,HYDRO,0.02,0.0,0.0,0.0,0.0,0.0
7575,US,US,HYDRO,MEMBE,0.02,0.0,0.0,0.0,0.0,0.0
14469,US,US,SEACO,FOOD4,0.02,0.0,0.0,0.0,0.0,0.0
16694,US,US,WOOD1,BLAST,0.02,0.0,0.0,0.0,0.0,0.0
8315,US,US,LANDT,ANTHR,0.02,0.0,0.0,0.0,0.0,0.0
11917,US,US,PFERT,HYDRO,0.02,0.0,0.0,0.0,0.0,0.0
3648,US,US,DISTR,PARAF,0.02,0.0,0.0,0.0,0.0,0.0
16413,US,US,WHEAT,HEAVY,0.02,0.0,0.0,0.0,0.0,0.0
14241,US,US,SALEM,ELE12,0.02,0.0,0.0,0.0,0.0,0.0
7802,US,US,INLAN,PAPE1,0.02,0.0,0.0,0.0,0.0,0.0
6008,US,US,FOOD3,AVIAT,0.02,0.0,0.0,0.0,0.0,0.0
8256,US,US,KEROS,AVIAT,0.02,0.0,0.0,0.0,0.0,0.0
1260,US,US,BIOGA,ELEC7,0.02,0.0,0.0,0.0,0.0,0.0
16715,US,US,WOOD1,ELE11,0.02,0.0,0.0,0.0,0.0,0.0
8696,US,US,LIGNI,IRONO,0.02,0.0,0.0,0.0,0.0,0.0
3024,US,US,COPP1,PETRO,0.02,0.0,0.0,0.0,0.0,0.0
9193,US,US,MEAT4,ANIMA,0.02,0.0,0.0,0.0,0.0,0.0
16059,US,US,VEGE1,NATUR,0.02,0.0,0.0,0.0,0.0,0.0
8065,US,US,INTER,NUCLE,0.02,0.0,0.0,0.0,0.0,0.0
10768,US,US,NONSP,RADIO,0.02,0.0,0.0,0.0,0.0,0.0
7049,US,US,GLASS,CROPS,0.02,0.0,0.0,0.0,0.0,0.0
8164,US,US,IRONO,LEAD1,0.02,0.0,0.0,0.0,0.0,0.0
8702,US,US,LIGNI,MEATC,0.02,0.0,0.0,0.0,0.0,0.0
4294,US,US,ELEC2,LEADZ,0.02,0.0,0.0,0.0,0.0,0.0
13030,US,US,PUBLI,PARAF,0.02,0.0,0.0,0.0,0.0,0.0
2401,US,US,CHEMI,PREC1,0.02,0.0,0.0,0.0,0.0,0.0
12529,US,US,POSTT,LEADZ,0.02,0.0,0.0,0.0,0.0,0.0
12811,US,US,PRINT,GASWO,0.02,0.0,0.0,0.0,0.0,0.0
1201,US,US,BIOG1,RENTI,0.02,0.0,0.0,0.0,0.0,0.0
14480,US,US,SEACO,PLAS2,0.02,0.0,0.0,0.0,0.0,0.0
16427,US,US,WHEAT,OFFIC,0.02,0.0,0.0,0.0,0.0,0.0
4996,US,US,ELEC7,LIQUE,0.02,0.0,0.0,0.0,0.0,0.0
8584,US,US,LEADZ,WOOD2,0.01,0.0,0.0,0.0,0.0,0.0
3553,US,US,DISTR,AVIAT,0.01,0.0,0.0,0.0,0.0,0.0
105,US,US,93197,REFIN,0.01,0.0,0.0,0.0,0.0,0.0
9387,US,US,MEATP,NONME,0.01,0.0,0.0,0.0,0.0,0.0
1043,US,US,BIODI,HYDRO,0.01,0.0,0.0,0.0,0.0,0.0
5626,US,US,FABRI,WOOLS,0.01,0.0,0.0,0.0,0.0,0.0
8875,US,US,LUBRI,DISTR,0.01,0.0,0.0,0.0,0.0,0.0
16580,US,US,WHOLE,FOOD2,0.01,0.0,0.0,0.0,0.0,0.0
12834,US,US,PRINT,MEATA,0.01,0.0,0.0,0.0,0.0,0.0
14814,US,US,STEAM,SALEM,0.01,0.0,0.0,0.0,0.0,0.0
5941,US,US,FOOD2,OILHA,0.01,0.0,0.0,0.0,0.0,0.0
16738,US,US,WOOD1,GASWO,0.01,0.0,0.0,0.0,0.0,0.0
10911,US,US,OFFIC,PLAST,0.01,0.0,0.0,0.0,0.0,0.0
3054,US,US,COPP1,WEARI,0.01,0.0,0.0,0.0,0.0,0.0
14876,US,US,STONE,KEROS,0.01,0.0,0.0,0.0,0.0,0.0
11125,US,US,PADDY,COMPU,0.01,0.0,0.0,0.0,0.0,0.0
10620,US,US,NONME,HYDRO,0.01,0.0,0.0,0.0,0.0,0.0
14745,US,US,STEAM,FOOD2,0.01,0.0,0.0,0.0,0.0,0.0
13246,US,US,RADIO,WASTE,0.01,0.0,0.0,0.0,0.0,0.0
8537,US,US,LEADZ,FOODW,0.01,0.0,0.0,0.0,0.0,0.0
14794,US,US,STEAM,PLANT,0.01,0.0,0.0,0.0,0.0,0.0
8598,US,US,LEATH,EDUCA,0.01,0.0,0.0,0.0,0.0,0.0
15352,US,US,TEXT1,ELEC7,0.01,0.0,0.0,0.0,0.0,0.0
4841,US,US,ELEC6,ELEC1,0.01,0.0,0.0,0.0,0.0,0.0
8603,US,US,LEATH,ELEC5,0.01,0.0,0.0,0.0,0.0,0.0
15345,US,US,TEXT1,ELE11,0.01,0.0,0.0,0.0,0.0,0.0
8770,US,US,LIQUI,FOODW,0.01,0.0,0.0,0.0,0.0,0.0
6387,US,US,FOOD5,TEXT2,0.01,0.0,0.0,0.0,0.0,0.0
2032,US,US,CERAM,FOOD2,0.01,0.0,0.0,0.0,0.0,0.0
12020,US,US,PIGS9,MOTO1,0.01,0.0,0.0,0.0,0.0,0.0
1163,US,US,BIOG1,INSUR,0.01,0.0,0.0,0.0,0.0,0.0
3082,US,US,COPPE,SEWAG,0.01,0.0,0.0,0.0,0.0,0.0
16934,US,US,WOOD2,NUCLE,0.01,0.0,0.0,0.0,0.0,0.0
11046,US,US,OILHA,OILHA,0.01,0.0,0.0,0.0,0.0,0.0
2129,US,US,CEREA,NAPHT,0.01,0.0,0.0,0.0,0.0,0.0
3896,US,US,ELE11,LUBRI,0.01,0.0,0.0,0.0,0.0,0.0
10945,US,US,OFFIC,VEGET,0.01,0.0,0.0,0.0,0.0,0.0
11874,US,US,PFERT,AUXIL,0.01,0.0,0.0,0.0,0.0,0.0
127,US,US,93197,WHITE,0.01,0.0,0.0,0.0,0.0,0.0
2133,US,US,CEREA,NUCLE,0.01,0.0,0.0,0.0,0.0,0.0
8843,US,US,LIQUI,WOOD2,0.01,0.0,0.0,0.0,0.0,0.0
6493,US,US,FOODW,NUCLE,0.01,0.0,0.0,0.0,0.0,0.0
15921,US,US,TRAN2,OFFIC,0.01,0.0,0.0,0.0,0.0,0.0
2448,US,US,COKE1,ELEC5,0.01,0.0,0.0,0.0,0.0,0.0
2348,US,US,CHEMI,FOOD2,0.01,0.0,0.0,0.0,0.0,0.0
11292,US,US,PAPE1,PARAF,0.01,0.0,0.0,0.0,0.0,0.0
10706,US,US,NONSP,BEVER,0.01,0.0,0.0,0.0,0.0,0.0
10956,US,US,OILHA,ANTHR,0.01,0.0,0.0,0.0,0.0,0.0
1135,US,US,BIOG1,ALUMI,0.01,0.0,0.0,0.0,0.0,0.0
2623,US,US,COLLE,WHITE,0.01,0.0,0.0,0.0,0.0,0.0
5265,US,US,ELEC9,PIGS9,0.01,0.0,0.0,0.0,0.0,0.0
14983,US,US,SUBBI,LEATH,0.01,0.0,0.0,0.0,0.0,0.0
295,US,US,ALUM1,COKE1,0.01,0.0,0.0,0.0,0.0,0.0
1579,US,US,BLAST,ELECT,0.01,0.0,0.0,0.0,0.0,0.0
9388,US,US,MEATP,OFFIC,0.01,0.0,0.0,0.0,0.0,0.0
5032,US,US,ELEC7,PUBLI,0.01,0.0,0.0,0.0,0.0,0.0
2103,US,US,CEREA,CRUDE,0.01,0.0,0.0,0.0,0.0,0.0
2659,US,US,COMPU,COPPE,0.01,0.0,0.0,0.0,0.0,0.0
16537,US,US,WHITE,TEXT2,0.01,0.0,0.0,0.0,0.0,0.0
14714,US,US,STEAM,BRICK,0.01,0.0,0.0,0.0,0.0,0.0
16415,US,US,WHEAT,LIQUE,0.01,0.0,0.0,0.0,0.0,0.0
1141,US,US,BIOG1,CEMEN,0.01,0.0,0.0,0.0,0.0,0.0
15142,US,US,SUGAR,VEGE1,0.01,0.0,0.0,0.0,0.0,0.0
8697,US,US,LIGNI,KERO1,0.01,0.0,0.0,0.0,0.0,0.0
7799,US,US,INLAN,INTER,0.01,0.0,0.0,0.0,0.0,0.0
10570,US,US,NONFE,WOODW,0.01,0.0,0.0,0.0,0.0,0.0
9355,US,US,MEATP,CEMEN,0.01,0.0,0.0,0.0,0.0,0.0
5232,US,US,ELEC9,ELECT,0.01,0.0,0.0,0.0,0.0,0.0
14592,US,US,SEWAG,FOOD3,0.01,0.0,0.0,0.0,0.0,0.0
10275,US,US,NATUR,ELEC9,0.01,0.0,0.0,0.0,0.0,0.0
6569,US,US,FORES,CHEMI,0.01,0.0,0.0,0.0,0.0,0.0
4997,US,US,ELEC7,LIQUI,0.01,0.0,0.0,0.0,0.0,0.0
8295,US,US,KEROS,PARAF,0.01,0.0,0.0,0.0,0.0,0.0
7794,US,US,INLAN,EDUCA,0.01,0.0,0.0,0.0,0.0,0.0
11854,US,US,PARAF,LUBRI,0.01,0.0,0.0,0.0,0.0,0.0
8752,US,US,LIQUI,COKIN,0.01,0.0,0.0,0.0,0.0,0.0
14944,US,US,SUBBI,BITU1,0.01,0.0,0.0,0.0,0.0,0.0
8212,US,US,KERO1,93197,0.01,0.0,0.0,0.0,0.0,0.0
14027,US,US,RETA1,PLAS2,0.01,0.0,0.0,0.0,0.0,0.0
11782,US,US,PAPER,PIGS9,0.01,0.0,0.0,0.0,0.0,0.0
16476,US,US,WHITE,FISHF,0.01,0.0,0.0,0.0,0.0,0.0
5055,US,US,ELEC7,TEXT2,0.01,0.0,0.0,0.0,0.0,0.0
14412,US,US,SANDC,MEATP,0.01,0.0,0.0,0.0,0.0,0.0
15324,US,US,TEXT1,BLAST,0.01,0.0,0.0,0.0,0.0,0.0
1198,US,US,BIOG1,RAWMI,0.01,0.0,0.0,0.0,0.0,0.0
398,US,US,ALUMI,ETHAN,0.01,0.0,0.0,0.0,0.0,0.0
14712,US,US,STEAM,BITUM,0.01,0.0,0.0,0.0,0.0,0.0
12104,US,US,PLAS1,ELEC9,0.01,0.0,0.0,0.0,0.0,0.0
5515,US,US,FABRI,FOOD3,0.01,0.0,0.0,0.0,0.0,0.0
766,US,US,AVIAT,TEXTI,0.01,0.0,0.0,0.0,0.0,0.0
3804,US,US,EDUCA,PULP5,0.01,0.0,0.0,0.0,0.0,0.0
5408,US,US,ELECT,PARAF,0.01,0.0,0.0,0.0,0.0,0.0
605,US,US,AUXIL,COPPE,0.01,0.0,0.0,0.0,0.0,0.0
8624,US,US,LEATH,MEATP,0.01,0.0,0.0,0.0,0.0,0.0
9880,US,US,MOTO1,WASTE,0.01,0.0,0.0,0.0,0.0,0.0
13259,US,US,RAILW,CATTL,0.01,0.0,0.0,0.0,0.0,0.0
15435,US,US,TEXT1,REFIN,0.01,0.0,0.0,0.0,0.0,0.0
2985,US,US,COPP1,ELEC6,0.01,0.0,0.0,0.0,0.0,0.0
1608,US,US,BRICK,FOOD2,0.01,0.0,0.0,0.0,0.0,0.0
7416,US,US,HOTEL,LEADZ,0.01,0.0,0.0,0.0,0.0,0.0
7567,US,US,HYDRO,LIQUI,0.01,0.0,0.0,0.0,0.0,0.0
12775,US,US,PRINT,COKE1,0.02,0.0,0.0,0.0,0.0,0.0
1196,US,US,BIOG1,PULP5,0.01,0.0,0.0,0.0,0.0,0.0
6674,US,US,FOUND,PAPE1,0.01,0.0,0.0,0.0,0.0,0.0
8335,US,US,LANDT,COKEO,0.01,0.0,0.0,0.0,0.0,0.0
11836,US,US,PARAF,BITU1,0.01,0.0,0.0,0.0,0.0,0.0
2371,US,US,CHEMI,MEATC,0.01,0.0,0.0,0.0,0.0,0.0
8835,US,US,LIQUI,TOBAC,0.01,0.0,0.0,0.0,0.0,0.0
8297,US,US,KEROS,POSTT,0.01,0.0,0.0,0.0,0.0,0.0
14805,US,US,STEAM,RAWMI,0.01,0.0,0.0,0.0,0.0,0.0
16174,US,US,VEGET,WOODW,0.01,0.0,0.0,0.0,0.0,0.0
2201,US,US,CHEM1,ELEC8,0.01,0.0,0.0,0.0,0.0,0.0
12767,US,US,PRINT,BRICK,0.01,0.0,0.0,0.0,0.0,0.0
1999,US,US,CERAM,AIRTR,0.01,0.0,0.0,0.0,0.0,0.0
11178,US,US,PADDY,TEXT1,0.01,0.0,0.0,0.0,0.0,0.0
14414,US,US,SANDC,MEMBE,0.01,0.0,0.0,0.0,0.0,0.0
13689,US,US,REFIN,NATUR,0.01,0.0,0.0,0.0,0.0,0.0
697,US,US,AUXIL,PRECI,0.01,0.0,0.0,0.0,0.0,0.0
10729,US,US,NONSP,FABRI,0.01,0.0,0.0,0.0,0.0,0.0
4109,US,US,ELEC1,DIST1,0.01,0.0,0.0,0.0,0.0,0.0
1008,US,US,BIODI,COKE1,0.01,0.0,0.0,0.0,0.0,0.0
16861,US,US,WOOD2,COKE1,0.01,0.0,0.0,0.0,0.0,0.0
2456,US,US,COKE1,GLASS,0.01,0.0,0.0,0.0,0.0,0.0
11910,US,US,PFERT,FOUND,0.01,0.0,0.0,0.0,0.0,0.0
17074,US,US,WOODW,NONSP,0.01,0.0,0.0,0.0,0.0,0.0
13664,US,US,REFI1,PLAST,0.01,0.0,0.0,0.0,0.0,0.0
10461,US,US,NONF1,EDUCA,0.01,0.0,0.0,0.0,0.0,0.0
502,US,US,ANTHR,EDUCA,0.01,0.0,0.0,0.0,0.0,0.0
6845,US,US,FURNI,SUGAR,0.01,0.0,0.0,0.0,0.0,0.0
14791,US,US,STEAM,PETRO,0.02,0.0,0.0,0.0,0.0,0.0
16211,US,US,WASTE,ELE12,0.02,0.0,0.0,0.0,0.0,0.0
10637,US,US,NONME,MEATC,0.02,0.0,0.0,0.0,0.0,0.0
364,US,US,ALUM1,RETAI,0.02,0.0,0.0,0.0,0.0,0.0
1636,US,US,BRICK,OILHA,0.02,0.0,0.0,0.0,0.0,0.0
14011,US,US,RESEA,WASTE,0.02,0.0,0.0,0.0,0.0,0.0
9317,US,US,MEATC,NONME,0.02,0.0,0.0,0.0,0.0,0.0
5148,US,US,ELEC8,NUCLE,0.02,0.0,0.0,0.0,0.0,0.0
13781,US,US,RENTI,LEADZ,0.02,0.0,0.0,0.0,0.0,0.0
16401,US,US,WHEAT,CEMEN,0.02,0.0,0.0,0.0,0.0,0.0
2458,US,US,COKE1,MEDIC,0.02,0.0,0.0,0.0,0.0,0.0
4804,US,US,ELEC5,WHITE,0.02,0.0,0.0,0.0,0.0,0.0
9219,US,US,MEAT4,KERO1,0.02,0.0,0.0,0.0,0.0,0.0
15977,US,US,TRANS,NATUR,0.02,0.0,0.0,0.0,0.0,0.0
3782,US,US,EDUCA,NONSP,0.01,0.0,0.0,0.0,0.0,0.0
14399,US,US,SANDC,HYDRO,0.01,0.0,0.0,0.0,0.0,0.0
3570,US,US,DISTR,COKE1,0.01,0.0,0.0,0.0,0.0,0.0
14777,US,US,STEAM,NAPHT,0.01,0.0,0.0,0.0,0.0,0.0
8280,US,US,KEROS,FORES,0.01,0.0,0.0,0.0,0.0,0.0
12021,US,US,PIGS9,PAPE1,0.01,0.0,0.0,0.0,0.0,0.0
2990,US,US,COPP1,FOOD2,0.01,0.0,0.0,0.0,0.0,0.0
10692,US,US,NONME,TRAN1,0.01,0.0,0.0,0.0,0.0,0.0
7829,US,US,INSUR,BITU1,0.01,0.0,0.0,0.0,0.0,0.0
12787,US,US,PRINT,ELE11,0.01,0.0,0.0,0.0,0.0,0.0
2567,US,US,COLLE,NUCLE,0.01,0.0,0.0,0.0,0.0,0.0
16754,US,US,WOOD1,LIGNI,0.01,0.0,0.0,0.0,0.0,0.0
5849,US,US,FOOD2,ANTHR,0.01,0.0,0.0,0.0,0.0,0.0
10872,US,US,OFFIC,HYDRO,0.01,0.0,0.0,0.0,0.0,0.0
5253,US,US,ELEC9,MEATP,0.01,0.0,0.0,0.0,0.0,0.0
15698,US,US,TEXTI,NFERT,0.01,0.0,0.0,0.0,0.0,0.0
15959,US,US,TRANS,FOOD3,0.01,0.0,0.0,0.0,0.0,0.0
15003,US,US,SUBBI,NONSP,0.01,0.0,0.0,0.0,0.0,0.0
8812,US,US,LIQUI,PREC1,0.01,0.0,0.0,0.0,0.0,0.0
4964,US,US,ELEC7,COKIN,0.01,0.0,0.0,0.0,0.0,0.0
13288,US,US,RAILW,RECRE,0.01,0.0,0.0,0.0,0.0,0.0
8602,US,US,LEATH,ELEC4,0.01,0.0,0.0,0.0,0.0,0.0
10458,US,US,NONF1,CRUDE,0.01,0.0,0.0,0.0,0.0,0.0
10781,US,US,NONSP,TRANS,0.01,0.0,0.0,0.0,0.0,0.0
4471,US,US,ELEC3,PARAF,0.01,0.0,0.0,0.0,0.0,0.0
3948,US,US,ELE11,SUBBI,0.01,0.0,0.0,0.0,0.0,0.0
16297,US,US,WASTE,REFIN,0.01,0.0,0.0,0.0,0.0,0.0
11533,US,US,PAPE4,COKEO,0.01,0.0,0.0,0.0,0.0,0.0
16018,US,US,VEGE1,BASIC,0.01,0.0,0.0,0.0,0.0,0.0
793,US,US,BASIC,COKEO,0.01,0.0,0.0,0.0,0.0,0.0
15984,US,US,TRANS,PFERT,0.01,0.0,0.0,0.0,0.0,0.0
6744,US,US,FURNI,ELE11,0.01,0.0,0.0,0.0,0.0,0.0
8637,US,US,LEATH,PLAS2,0.01,0.0,0.0,0.0,0.0,0.0
1488,US,US,BITUM,INSUR,0.01,0.0,0.0,0.0,0.0,0.0
9376,US,US,MEATP,MACHI,0.01,0.0,0.0,0.0,0.0,0.0
14492,US,US,SECO9,BEVER,0.01,0.0,0.0,0.0,0.0,0.0
4040,US,US,ELE12,PLAS2,0.01,0.0,0.0,0.0,0.0,0.0
8938,US,US,LUBRI,OILHA,0.01,0.0,0.0,0.0,0.0,0.0
10164,US,US,NATU1,LANDT,0.01,0.0,0.0,0.0,0.0,0.0
3412,US,US,DIST1,COKE1,0.01,0.0,0.0,0.0,0.0,0.0
408,US,US,ALUMI,LIQUI,0.01,0.0,0.0,0.0,0.0,0.0
12960,US,US,PUBLI,COKEO,0.01,0.0,0.0,0.0,0.0,0.0
7027,US,US,GASWO,NATUR,0.01,0.0,0.0,0.0,0.0,0.0
9320,US,US,MEATC,OFFIC,0.01,0.0,0.0,0.0,0.0,0.0
9902,US,US,MOTOR,BLAST,0.01,0.0,0.0,0.0,0.0,0.0
2986,US,US,COPP1,ELEC7,0.01,0.0,0.0,0.0,0.0,0.0
11371,US,US,PAPE3,COKEO,0.01,0.0,0.0,0.0,0.0,0.0
9416,US,US,MEDIC,ANTHR,0.01,0.0,0.0,0.0,0.0,0.0
4170,US,US,ELEC1,PARAF,0.01,0.0,0.0,0.0,0.0,0.0
14019,US,US,RETA1,FOOD4,0.01,0.0,0.0,0.0,0.0,0.0
7973,US,US,INTER,AVIAT,0.01,0.0,0.0,0.0,0.0,0.0
9284,US,US,MEATC,CEMEN,0.01,0.0,0.0,0.0,0.0,0.0
4820,US,US,ELEC6,BITU1,0.01,0.0,0.0,0.0,0.0,0.0
307,US,US,ALUM1,ELEC4,0.01,0.0,0.0,0.0,0.0,0.0
14883,US,US,STONE,MEATA,0.01,0.0,0.0,0.0,0.0,0.0
10558,US,US,NONFE,PRINT,0.01,0.0,0.0,0.0,0.0,0.0
16268,US,US,WASTE,NUCLE,0.01,0.0,0.0,0.0,0.0,0.0
4410,US,US,ELEC3,DIST1,0.01,0.0,0.0,0.0,0.0,0.0
10067,US,US,NAPHT,LEADZ,0.02,0.0,0.0,0.0,0.0,0.0
7651,US,US,INERT,COKEO,0.02,0.0,0.0,0.0,0.0,0.0
2447,US,US,COKE1,ELEC4,0.1,0.0,0.0,0.0,0.0,0.0
14427,US,US,SANDC,OILHA,0.02,0.0,0.0,0.0,0.0,0.0
5239,US,US,ELEC9,FURNI,0.02,0.0,0.0,0.0,0.0,0.0
4403,US,US,ELEC3,COLLE,0.02,0.0,0.0,0.0,0.0,0.0
10480,US,US,NONF1,LEATH,0.02,0.0,0.0,0.0,0.0,0.0
11179,US,US,PADDY,TEXT2,0.02,0.0,0.0,0.0,0.0,0.0
7520,US,US,HYDRO,CATTL,0.02,0.0,0.0,0.0,0.0,0.0
10746,US,US,NONSP,MACHI,0.02,0.0,0.0,0.0,0.0,0.0
14739,US,US,STEAM,ELEC7,0.02,0.0,0.0,0.0,0.0,0.0
16749,US,US,WOOD1,KERO1,0.02,0.0,0.0,0.0,0.0,0.0
11283,US,US,PAPE1,NUCLE,0.02,0.0,0.0,0.0,0.0,0.0
10098,US,US,NAPHT,WOODW,0.02,0.0,0.0,0.0,0.0,0.0
4049,US,US,ELE12,RAILW,0.02,0.0,0.0,0.0,0.0,0.0
14181,US,US,RUBBE,STEAM,0.02,0.0,0.0,0.0,0.0,0.0
7263,US,US,HEAVY,MEATA,0.02,0.0,0.0,0.0,0.0,0.0
5681,US,US,FINAN,FOOD3,0.02,0.0,0.0,0.0,0.0,0.0
2520,US,US,COLLE,ETHAN,0.02,0.0,0.0,0.0,0.0,0.0
8803,US,US,LIQUI,PAPE1,0.02,0.0,0.0,0.0,0.0,0.0
16472,US,US,WHITE,ELEC8,0.02,0.0,0.0,0.0,0.0,0.0
12857,US,US,PRINT,PARAF,0.02,0.0,0.0,0.0,0.0,0.0
10510,US,US,NONF1,STONE,0.02,0.0,0.0,0.0,0.0,0.0
13750,US,US,RENTI,ELEC9,0.02,0.0,0.0,0.0,0.0,0.0
2052,US,US,CERAM,MOTOR,0.02,0.0,0.0,0.0,0.0,0.0
16270,US,US,WASTE,OILHA,0.02,0.0,0.0,0.0,0.0,0.0
1536,US,US,BITUM,REFIN,0.02,0.0,0.0,0.0,0.0,0.0
11023,US,US,OILHA,LEAD1,0.02,0.0,0.0,0.0,0.0,0.0
5049,US,US,ELEC7,STONE,0.02,0.0,0.0,0.0,0.0,0.0
415,US,US,ALUMI,NAPHT,0.02,0.0,0.0,0.0,0.0,0.0
4102,US,US,ELEC1,COLLE,0.02,0.0,0.0,0.0,0.0,0.0
9240,US,US,MEAT4,NONSP,0.02,0.0,0.0,0.0,0.0,0.0
14460,US,US,SANDC,WASTE,0.02,0.0,0.0,0.0,0.0,0.0
9335,US,US,MEATC,SANDC,0.02,0.0,0.0,0.0,0.0,0.0
6472,US,US,FOODW,LIGNI,0.02,0.0,0.0,0.0,0.0,0.0
6078,US,US,FOOD3,MEATA,0.02,0.0,0.0,0.0,0.0,0.0
2788,US,US,COMPU,WASTE,0.02,0.0,0.0,0.0,0.0,0.0
15882,US,US,TRAN1,REFIN,0.02,0.0,0.0,0.0,0.0,0.0
3064,US,US,COPPE,CHEMI,0.02,0.0,0.0,0.0,0.0,0.0
13861,US,US,RENTI,WASTE,0.02,0.0,0.0,0.0,0.0,0.0
12095,US,US,PLAS1,ELE12,0.02,0.0,0.0,0.0,0.0,0.0
991,US,US,BIODI,AVIAT,0.02,0.0,0.0,0.0,0.0,0.0
12739,US,US,PRECI,PETRO,0.02,0.0,0.0,0.0,0.0,0.0
14779,US,US,STEAM,NATUR,0.02,0.0,0.0,0.0,0.0,0.0
16505,US,US,WHITE,PARAF,0.02,0.0,0.0,0.0,0.0,0.0
4931,US,US,ELEC6,TEXT1,0.02,0.0,0.0,0.0,0.0,0.0
10482,US,US,NONF1,LUBRI,0.02,0.0,0.0,0.0,0.0,0.0
10561,US,US,NONFE,RESEA,0.02,0.0,0.0,0.0,0.0,0.0
7298,US,US,HEAVY,PUBLI,0.02,0.0,0.0,0.0,0.0,0.0
3335,US,US,DAIRY,ALUM1,0.02,0.0,0.0,0.0,0.0,0.0
8196,US,US,IRONO,PRINT,0.02,0.0,0.0,0.0,0.0,0.0
11616,US,US,PAPE4,PARAF,0.02,0.0,0.0,0.0,0.0,0.0
4524,US,US,ELEC3,WOOLS,0.02,0.0,0.0,0.0,0.0,0.0
9241,US,US,MEAT4,NUCLE,0.02,0.0,0.0,0.0,0.0,0.0
8601,US,US,LEATH,ELEC3,0.02,0.0,0.0,0.0,0.0,0.0
5009,US,US,ELEC7,NATU1,0.02,0.0,0.0,0.0,0.0,0.0
7806,US,US,INLAN,PLAS2,0.02,0.0,0.0,0.0,0.0,0.0
12705,US,US,PREC1,WOOD1,0.02,0.0,0.0,0.0,0.0,0.0
6456,US,US,FOODW,GASWO,0.02,0.0,0.0,0.0,0.0,0.0
7219,US,US,HEAVY,ELE11,0.02,0.0,0.0,0.0,0.0,0.0
15062,US,US,SUGA1,MEATA,0.02,0.0,0.0,0.0,0.0,0.0
1070,US,US,BIODI,NFERT,0.02,0.0,0.0,0.0,0.0,0.0
1298,US,US,BIOGA,MEATC,0.02,0.0,0.0,0.0,0.0,0.0
1641,US,US,BRICK,PETRO,0.02,0.0,0.0,0.0,0.0,0.0
14964,US,US,SUBBI,ELECT,0.02,0.0,0.0,0.0,0.0,0.0
1558,US,US,BITUM,WHITE,0.02,0.0,0.0,0.0,0.0,0.0
6334,US,US,FOOD5,INTER,0.02,0.0,0.0,0.0,0.0,0.0
5250,US,US,ELEC9,MEAT1,0.02,0.0,0.0,0.0,0.0,0.0
674,US,US,AUXIL,NONFE,0.02,0.0,0.0,0.0,0.0,0.0
16833,US,US,WOOD1,WHITE,0.02,0.0,0.0,0.0,0.0,0.0
12935,US,US,PROCE,SEACO,0.02,0.0,0.0,0.0,0.0,0.0
5936,US,US,FOOD2,NFERT,0.02,0.0,0.0,0.0,0.0,0.0
10073,US,US,NAPHT,MEATC,0.02,0.0,0.0,0.0,0.0,0.0
7537,US,US,HYDRO,DISTR,0.02,0.0,0.0,0.0,0.0,0.0
11844,US,US,PARAF,ELEC2,0.02,0.0,0.0,0.0,0.0,0.0
4579,US,US,ELEC4,KERO1,0.02,0.0,0.0,0.0,0.0,0.0
12733,US,US,PRECI,NAPHT,0.02,0.0,0.0,0.0,0.0,0.0
12054,US,US,PLANT,REALE,0.02,0.0,0.0,0.0,0.0,0.0
2937,US,US,CONST,SUBBI,0.02,0.0,0.0,0.0,0.0,0.0
12771,US,US,PRINT,CERAM,0.02,0.0,0.0,0.0,0.0,0.0
11085,US,US,OILHA,STEAM,0.02,0.0,0.0,0.0,0.0,0.0
7563,US,US,HYDRO,LEAD1,0.02,0.0,0.0,0.0,0.0,0.0
8555,US,US,LEADZ,MOTO1,0.02,0.0,0.0,0.0,0.0,0.0
16243,US,US,WASTE,KERO1,0.02,0.0,0.0,0.0,0.0,0.0
1546,US,US,BITUM,SEWAG,0.02,0.0,0.0,0.0,0.0,0.0
8715,US,US,LIGNI,RUBBE,0.02,0.0,0.0,0.0,0.0,0.0
3091,US,US,CROPS,AVIAT,0.02,0.0,0.0,0.0,0.0,0.0
14021,US,US,RETA1,INERT,0.02,0.0,0.0,0.0,0.0,0.0
288,US,US,ALUM1,BLAST,0.02,0.0,0.0,0.0,0.0,0.0
16913,US,US,WOOD2,LIGNI,0.02,0.0,0.0,0.0,0.0,0.0
429,US,US,ALUMI,REFI1,0.02,0.0,0.0,0.0,0.0,0.0
14479,US,US,SEACO,PLAS1,0.02,0.0,0.0,0.0,0.0,0.0
14525,US,US,SECO9,PFERT,0.02,0.0,0.0,0.0,0.0,0.0
8219,US,US,KERO1,DIST1,0.02,0.0,0.0,0.0,0.0,0.0
10853,US,US,OFFIC,ELEC9,0.02,0.0,0.0,0.0,0.0,0.0
10785,US,US,NUCLE,BUSIN,0.02,0.0,0.0,0.0,0.0,0.0
3894,US,US,ELE11,LIQUE,0.02,0.0,0.0,0.0,0.0,0.0
1531,US,US,BITUM,PUBLI,0.02,0.0,0.0,0.0,0.0,0.0
4231,US,US,ELEC2,AVIAT,0.02,0.0,0.0,0.0,0.0,0.0
10732,US,US,NONSP,FURNI,0.02,0.0,0.0,0.0,0.0,0.0
7531,US,US,HYDRO,COPP1,0.02,0.0,0.0,0.0,0.0,0.0
8559,US,US,LEADZ,PAPE1,0.02,0.0,0.0,0.0,0.0,0.0
8227,US,US,KERO1,ELEC8,0.02,0.0,0.0,0.0,0.0,0.0
421,US,US,ALUMI,PAPER,0.02,0.0,0.0,0.0,0.0,0.0
15223,US,US,SUPPO,LEADZ,0.02,0.0,0.0,0.0,0.0,0.0
3076,US,US,COPPE,PAPER,0.02,0.0,0.0,0.0,0.0,0.0
9770,US,US,MOTO1,ELEC9,0.03,0.0,0.0,0.0,0.0,0.0
10029,US,US,MOTOR,SUGA1,0.03,0.0,0.0,0.0,0.0,0.0
12383,US,US,PLAST,AVIAT,0.03,0.0,0.0,0.0,0.0,0.0
1981,US,US,CEMEN,STEAM,0.03,0.0,0.0,0.0,0.0,0.0
12023,US,US,PIGS9,PAPE4,0.03,0.0,0.0,0.0,0.0,0.0
8748,US,US,LIQUI,CERAM,0.03,0.0,0.0,0.0,0.0,0.0
5208,US,US,ELEC9,AIRTR,0.03,0.0,0.0,0.0,0.0,0.0
6676,US,US,FOUND,PAPE4,0.03,0.0,0.0,0.0,0.0,0.0
8571,US,US,LEADZ,RENTI,0.03,0.0,0.0,0.0,0.0,0.0
3403,US,US,DIST1,BLAST,0.03,0.0,0.0,0.0,0.0,0.0
14861,US,US,STONE,FABRI,0.03,0.0,0.0,0.0,0.0,0.0
11815,US,US,PAPER,SUGAR,0.03,0.0,0.0,0.0,0.0,0.0
15407,US,US,TEXT1,OILHA,0.03,0.0,0.0,0.0,0.0,0.0
2979,US,US,COPP1,EDUCA,0.03,0.0,0.0,0.0,0.0,0.0
9630,US,US,MEMBE,HYDRO,0.03,0.0,0.0,0.0,0.0,0.0
14821,US,US,STEAM,SUGAR,0.03,0.0,0.0,0.0,0.0,0.0
8294,US,US,KEROS,PAPER,0.03,0.0,0.0,0.0,0.0,0.0
1621,US,US,BRICK,LANDT,0.03,0.0,0.0,0.0,0.0,0.0
515,US,US,ANTHR,HEAVY,0.03,0.0,0.0,0.0,0.0,0.0
1565,US,US,BLAST,COKEO,0.03,0.0,0.0,0.0,0.0,0.0
13036,US,US,PUBLI,POSTT,0.03,0.0,0.0,0.0,0.0,0.0
11208,US,US,PAPE1,COKE1,0.03,0.0,0.0,0.0,0.0,0.0
5917,US,US,FOOD2,LEAD1,0.03,0.0,0.0,0.0,0.0,0.0
8767,US,US,LIQUI,FISH5,0.03,0.0,0.0,0.0,0.0,0.0
2185,US,US,CHEM1,COPPE,0.03,0.0,0.0,0.0,0.0,0.0
8877,US,US,LUBRI,ELE11,0.03,0.0,0.0,0.0,0.0,0.0
11149,US,US,PADDY,MEATA,0.03,0.0,0.0,0.0,0.0,0.0
3090,US,US,CROPS,AUXIL,0.03,0.0,0.0,0.0,0.0,0.0
9930,US,US,MOTOR,ELEC6,0.03,0.0,0.0,0.0,0.0,0.0
8208,US,US,IRONO,VEGE1,0.03,0.0,0.0,0.0,0.0,0.0
983,US,US,BEVER,WOOD1,0.03,0.0,0.0,0.0,0.0,0.0
10420,US,US,NFERT,NONF1,0.03,0.0,0.0,0.0,0.0,0.0
426,US,US,ALUMI,PRINT,0.03,0.0,0.0,0.0,0.0,0.0
16515,US,US,WHITE,PRIVA,0.03,0.0,0.0,0.0,0.0,0.0
12165,US,US,PLAS1,PARAF,0.03,0.0,0.0,0.0,0.0,0.0
5106,US,US,ELEC8,FOOD2,0.03,0.0,0.0,0.0,0.0,0.0
8718,US,US,LIGNI,TOBAC,0.03,0.0,0.0,0.0,0.0,0.0
10177,US,US,NATU1,MEMBE,0.03,0.0,0.0,0.0,0.0,0.0
15687,US,US,TEXTI,LIQUI,0.03,0.0,0.0,0.0,0.0,0.0
12731,US,US,PRECI,MEDIC,0.03,0.0,0.0,0.0,0.0,0.0
4025,US,US,ELE12,NATUR,0.03,0.0,0.0,0.0,0.0,0.0
13488,US,US,REALE,WOOLS,0.03,0.0,0.0,0.0,0.0,0.0
5147,US,US,ELEC8,NONSP,0.03,0.0,0.0,0.0,0.0,0.0
2451,US,US,COKE1,ELECT,0.03,0.0,0.0,0.0,0.0,0.0
9949,US,US,MOTOR,GASWO,0.03,0.0,0.0,0.0,0.0,0.0
16684,US,US,WOOD1,ANTHR,0.03,0.0,0.0,0.0,0.0,0.0
1423,US,US,BITU1,PAPER,0.03,0.0,0.0,0.0,0.0,0.0
5294,US,US,ELEC9,VEGE1,0.03,0.0,0.0,0.0,0.0,0.0
16027,US,US,VEGE1,COKEO,0.03,0.0,0.0,0.0,0.0,0.0
5817,US,US,FISH5,TEXTI,0.03,0.0,0.0,0.0,0.0,0.0
12304,US,US,PLAS2,MEATA,0.02,0.0,0.0,0.0,0.0,0.0
8745,US,US,LIQUI,BRICK,0.02,0.0,0.0,0.0,0.0,0.0
2392,US,US,CHEMI,PETRO,0.02,0.0,0.0,0.0,0.0,0.0
1570,US,US,BLAST,ELE11,0.02,0.0,0.0,0.0,0.0,0.0
17008,US,US,WOODW,BITUM,0.02,0.0,0.0,0.0,0.0,0.0
11027,US,US,OILHA,LIQUI,0.02,0.0,0.0,0.0,0.0,0.0
8608,US,US,LEATH,FOOD5,0.02,0.0,0.0,0.0,0.0,0.0
7795,US,US,INLAN,FOOD4,0.02,0.0,0.0,0.0,0.0,0.0
11454,US,US,PAPE3,PARAF,0.02,0.0,0.0,0.0,0.0,0.0
6720,US,US,FURNI,BITU1,0.02,0.0,0.0,0.0,0.0,0.0
12794,US,US,PRINT,ELEC7,0.02,0.0,0.0,0.0,0.0,0.0
15786,US,US,TRAN1,COKEO,0.02,0.0,0.0,0.0,0.0,0.0
4248,US,US,ELEC2,COKE1,0.02,0.0,0.0,0.0,0.0,0.0
16080,US,US,VEGE1,REFIN,0.03,0.0,0.0,0.0,0.0,0.0
9019,US,US,MACHI,COPPE,0.02,0.0,0.0,0.0,0.0,0.0
14515,US,US,SECO9,LUBRI,0.02,0.0,0.0,0.0,0.0,0.0
8616,US,US,LEATH,INERT,0.02,0.0,0.0,0.0,0.0,0.0
8823,US,US,LIQUI,RETAI,0.02,0.0,0.0,0.0,0.0,0.0
10074,US,US,NAPHT,MEATP,0.02,0.0,0.0,0.0,0.0,0.0
153,US,US,AIRTR,COKEO,0.02,0.0,0.0,0.0,0.0,0.0
12976,US,US,PUBLI,ELEC7,0.02,0.0,0.0,0.0,0.0,0.0
1148,US,US,BIOG1,DAIRY,0.02,0.0,0.0,0.0,0.0,0.0
9339,US,US,MEATC,STONE,0.02,0.0,0.0,0.0,0.0,0.0
15401,US,US,TEXT1,NFERT,0.02,0.0,0.0,0.0,0.0,0.0
1175,US,US,BIOG1,MEMBE,0.02,0.0,0.0,0.0,0.0,0.0
8811,US,US,LIQUI,POULT,0.02,0.0,0.0,0.0,0.0,0.0
72,US,US,93197,LUBRI,0.02,0.0,0.0,0.0,0.0,0.0
9373,US,US,MEATP,LIQUE,0.02,0.0,0.0,0.0,0.0,0.0
8582,US,US,LEADZ,WEARI,0.03,0.0,0.0,0.0,0.0,0.0
15404,US,US,TEXT1,NONSP,0.03,0.0,0.0,0.0,0.0,0.0
15699,US,US,TEXTI,NONF1,0.03,0.0,0.0,0.0,0.0,0.0
3964,US,US,ELE11,WOOD2,0.03,0.0,0.0,0.0,0.0,0.0
3429,US,US,DIST1,ELEC5,0.03,0.0,0.0,0.0,0.0,0.0
10402,US,US,NFERT,DISTR,0.03,0.0,0.0,0.0,0.0,0.0
10092,US,US,NAPHT,REFIN,0.03,0.0,0.0,0.0,0.0,0.0
8264,US,US,KEROS,CHEMI,0.03,0.0,0.0,0.0,0.0,0.0
6603,US,US,FORES,NAPHT,0.03,0.0,0.0,0.0,0.0,0.0
9954,US,US,MOTOR,HYDRO,0.03,0.0,0.0,0.0,0.0,0.0
422,US,US,ALUMI,PETRO,0.03,0.0,0.0,0.0,0.0,0.0
1400,US,US,BITU1,FABRI,0.03,0.0,0.0,0.0,0.0,0.0
16130,US,US,VEGET,MACHI,0.03,0.0,0.0,0.0,0.0,0.0
14425,US,US,SANDC,NUCLE,0.03,0.0,0.0,0.0,0.0,0.0
4006,US,US,ELE12,INERT,0.03,0.0,0.0,0.0,0.0,0.0
12226,US,US,PLAS2,AVIAT,0.03,0.0,0.0,0.0,0.0,0.0
11048,US,US,OILHA,PADDY,0.02,0.0,0.0,0.0,0.0,0.0
7179,US,US,HEALT,WOOD1,0.02,0.0,0.0,0.0,0.0,0.0
6570,US,US,FORES,COKEO,0.02,0.0,0.0,0.0,0.0,0.0
3877,US,US,ELE11,FOODW,0.02,0.0,0.0,0.0,0.0,0.0
4776,US,US,ELEC5,REFI1,0.02,0.0,0.0,0.0,0.0,0.0
2462,US,US,COKE1,PRINT,0.02,0.0,0.0,0.0,0.0,0.0
11,US,US,93197,BITU1,0.02,0.0,0.0,0.0,0.0,0.0
10775,US,US,NONSP,SEWAG,0.02,0.0,0.0,0.0,0.0,0.0
8710,US,US,LIGNI,NONME,0.02,0.0,0.0,0.0,0.0,0.0
9559,US,US,MEDIC,WASTE,0.02,0.0,0.0,0.0,0.0,0.0
14711,US,US,STEAM,BITU1,0.02,0.0,0.0,0.0,0.0,0.0
10739,US,US,NONSP,KERO1,0.02,0.0,0.0,0.0,0.0,0.0
16441,US,US,WHEAT,VEGE1,0.02,0.0,0.0,0.0,0.0,0.0
10822,US,US,OFFIC,BITU1,0.02,0.0,0.0,0.0,0.0,0.0
1161,US,US,BIOG1,HEAVY,0.02,0.0,0.0,0.0,0.0,0.0
3823,US,US,EDUCA,SUGA1,0.02,0.0,0.0,0.0,0.0,0.0
9447,US,US,MEDIC,ELE12,0.02,0.0,0.0,0.0,0.0,0.0
775,US,US,BASIC,AVIAT,0.02,0.0,0.0,0.0,0.0,0.0
14026,US,US,RETA1,PLAS1,0.02,0.0,0.0,0.0,0.0,0.0
3069,US,US,COPPE,HYDRO,0.02,0.0,0.0,0.0,0.0,0.0
14970,US,US,SUBBI,FORES,0.02,0.0,0.0,0.0,0.0,0.0
8202,US,US,IRONO,SANDC,0.02,0.0,0.0,0.0,0.0,0.0
11674,US,US,PAPER,ANIMA,0.02,0.0,0.0,0.0,0.0,0.0
8632,US,US,LEATH,PAPE3,0.02,0.0,0.0,0.0,0.0,0.0
16189,US,US,WASTE,BLAST,0.02,0.0,0.0,0.0,0.0,0.0
3953,US,US,ELE11,TEXT2,0.02,0.0,0.0,0.0,0.0,0.0
10327,US,US,NATUR,OILHA,0.02,0.0,0.0,0.0,0.0,0.0
7305,US,US,HEAVY,REFI1,0.02,0.0,0.0,0.0,0.0,0.0
2342,US,US,CHEMI,COPP1,0.02,0.0,0.0,0.0,0.0,0.0
15080,US,US,SUGA1,SECO9,0.02,0.0,0.0,0.0,0.0,0.0
16142,US,US,VEGET,OFFIC,0.02,0.0,0.0,0.0,0.0,0.0
8797,US,US,LIQUI,NAPHT,0.02,0.0,0.0,0.0,0.0,0.0
16226,US,US,WASTE,FOOD2,0.02,0.0,0.0,0.0,0.0,0.0
6949,US,US,GASDI,NUCLE,0.02,0.0,0.0,0.0,0.0,0.0
8357,US,US,LANDT,ELEC9,0.02,0.0,0.0,0.0,0.0,0.0
15788,US,US,TRAN1,COLLE,0.02,0.0,0.0,0.0,0.0,0.0
5141,US,US,ELEC8,NAPHT,0.02,0.0,0.0,0.0,0.0,0.0
806,US,US,BASIC,ELE12,0.02,0.0,0.0,0.0,0.0,0.0
5921,US,US,FOOD2,LIQUI,0.02,0.0,0.0,0.0,0.0,0.0
10855,US,US,OFFIC,ETHAN,0.02,0.0,0.0,0.0,0.0,0.0
10744,US,US,NONSP,LIQUI,0.02,0.0,0.0,0.0,0.0,0.0
3181,US,US,CROPS,TRANS,0.02,0.0,0.0,0.0,0.0,0.0
15697,US,US,TEXTI,NAPHT,0.02,0.0,0.0,0.0,0.0,0.0
16383,US,US,WEARI,STONE,0.02,0.0,0.0,0.0,0.0,0.0
3349,US,US,DAIRY,FURNI,0.02,0.0,0.0,0.0,0.0,0.0
14762,US,US,STEAM,IRONO,0.02,0.0,0.0,0.0,0.0,0.0
11269,US,US,PAPE1,MEATA,0.02,0.0,0.0,0.0,0.0,0.0
14388,US,US,SANDC,FOOD2,0.02,0.0,0.0,0.0,0.0,0.0
5045,US,US,ELEC7,SANDC,0.02,0.0,0.0,0.0,0.0,0.0
1375,US,US,BITU1,BIOGA,0.02,0.0,0.0,0.0,0.0,0.0
5848,US,US,FOOD2,ANIMA,0.02,0.0,0.0,0.0,0.0,0.0
6564,US,US,FORES,BITU1,0.02,0.0,0.0,0.0,0.0,0.0
7177,US,US,HEALT,TEXT1,0.02,0.0,0.0,0.0,0.0,0.0
10274,US,US,NATUR,ELEC8,0.02,0.0,0.0,0.0,0.0,0.0
13320,US,US,RAWMI,RAWMI,0.02,0.0,0.0,0.0,0.0,0.0
326,US,US,ALUM1,LANDT,0.02,0.0,0.0,0.0,0.0,0.0
11191,US,US,PAPE1,AVIAT,0.02,0.0,0.0,0.0,0.0,0.0
9531,US,US,MEDIC,RAWMI,0.02,0.0,0.0,0.0,0.0,0.0
14478,US,US,SEACO,PAPE4,0.02,0.0,0.0,0.0,0.0,0.0
5948,US,US,FOOD2,PETRO,0.02,0.0,0.0,0.0,0.0,0.0
3895,US,US,ELE11,LIQUI,0.02,0.0,0.0,0.0,0.0,0.0
3930,US,US,ELE11,PUBLI,0.02,0.0,0.0,0.0,0.0,0.0
11688,US,US,PAPER,CATTL,0.02,0.0,0.0,0.0,0.0,0.0
8633,US,US,LEATH,PAPE4,0.02,0.0,0.0,0.0,0.0,0.0
4995,US,US,ELEC7,LEAD1,0.02,0.0,0.0,0.0,0.0,0.0
15721,US,US,TEXTI,PROCE,0.02,0.0,0.0,0.0,0.0,0.0
1887,US,US,CEMEN,COPPE,0.02,0.0,0.0,0.0,0.0,0.0
10603,US,US,NONME,ELEC3,0.02,0.0,0.0,0.0,0.0,0.0
16111,US,US,VEGET,ELECT,0.02,0.0,0.0,0.0,0.0,0.0
4948,US,US,ELEC7,ANIMA,0.02,0.0,0.0,0.0,0.0,0.0
15379,US,US,TEXT1,KERO1,0.02,0.0,0.0,0.0,0.0,0.0
12027,US,US,PIGS9,PLAS2,0.02,0.0,0.0,0.0,0.0,0.0
8669,US,US,LIGNI,BRICK,0.02,0.0,0.0,0.0,0.0,0.0
16348,US,US,WEARI,LANDT,0.02,0.0,0.0,0.0,0.0,0.0
10440,US,US,NFERT,TRANS,0.02,0.0,0.0,0.0,0.0,0.0
8266,US,US,KEROS,COLLE,0.02,0.0,0.0,0.0,0.0,0.0
14024,US,US,RETA1,PAPE3,0.02,0.0,0.0,0.0,0.0,0.0
11041,US,US,OILHA,NFERT,0.02,0.0,0.0,0.0,0.0,0.0
14432,US,US,SANDC,PARAF,0.02,0.0,0.0,0.0,0.0,0.0
16323,US,US,WASTE,WHITE,0.02,0.0,0.0,0.0,0.0,0.0
7823,US,US,INSUR,AVIAT,0.02,0.0,0.0,0.0,0.0,0.0
8479,US,US,LEAD1,CERAM,0.02,0.0,0.0,0.0,0.0,0.0
14509,US,US,SECO9,GASDI,0.02,0.0,0.0,0.0,0.0,0.0
9924,US,US,MOTOR,ELE12,0.02,0.0,0.0,0.0,0.0,0.0
14357,US,US,SALEM,WHITE,0.02,0.0,0.0,0.0,0.0,0.0
771,US,US,BASIC,ALUMI,0.02,0.0,0.0,0.0,0.0,0.0
5254,US,US,ELEC9,MEDIC,0.02,0.0,0.0,0.0,0.0,0.0
6679,US,US,FOUND,PLAS2,0.02,0.0,0.0,0.0,0.0,0.0
7990,US,US,INTER,COKE1,0.02,0.0,0.0,0.0,0.0,0.0
10131,US,US,NATU1,DAIRY,0.02,0.0,0.0,0.0,0.0,0.0
16102,US,US,VEGET,CEMEN,0.02,0.0,0.0,0.0,0.0,0.0
6246,US,US,FOOD4,PARAF,0.02,0.0,0.0,0.0,0.0,0.0
10403,US,US,NFERT,ELEC1,0.02,0.0,0.0,0.0,0.0,0.0
6589,US,US,FORES,KERO1,0.02,0.0,0.0,0.0,0.0,0.0
2751,US,US,COMPU,PRECI,0.02,0.0,0.0,0.0,0.0,0.0
4034,US,US,ELE12,PAPE4,0.02,0.0,0.0,0.0,0.0,0.0
3742,US,US,EDUCA,ETHAN,0.02,0.0,0.0,0.0,0.0,0.0
10495,US,US,NONF1,PLAST,0.02,0.0,0.0,0.0,0.0,0.0
1584,US,US,BLAST,MACHI,0.02,0.0,0.0,0.0,0.0,0.0
3937,US,US,ELE11,RENTI,0.85,0.0,0.0,0.0,0.0,0.0
10955,US,US,OILHA,ANIMA,0.02,0.0,0.0,0.0,0.0,0.0
3128,US,US,CROPS,LEADZ,0.02,0.0,0.0,0.0,0.0,0.0
8185,US,US,IRONO,OILHA,0.02,0.0,0.0,0.0,0.0,0.0
15914,US,US,TRAN1,WOOLS,0.02,0.0,0.0,0.0,0.0,0.0
8232,US,US,KERO1,HEAVY,0.02,0.0,0.0,0.0,0.0,0.0
9278,US,US,MEATC,ANIMA,0.02,0.0,0.0,0.0,0.0,0.0
7496,US,US,HOTEL,WASTE,0.02,0.0,0.0,0.0,0.0,0.0
10638,US,US,NONME,MEATP,0.02,0.0,0.0,0.0,0.0,0.0
1388,US,US,BITU1,ELE11,0.02,0.0,0.0,0.0,0.0,0.0
3025,US,US,COPP1,PFERT,0.02,0.0,0.0,0.0,0.0,0.0
15025,US,US,SUBBI,SANDC,0.02,0.0,0.0,0.0,0.0,0.0
8,US,US,93197,BIODI,0.02,0.0,0.0,0.0,0.0,0.0
3083,US,US,COPPE,STONE,0.02,0.0,0.0,0.0,0.0,0.0
11962,US,US,PFERT,PULP5,0.02,0.0,0.0,0.0,0.0,0.0
11546,US,US,PAPE4,ELE12,0.02,0.0,0.0,0.0,0.0,0.0
14738,US,US,STEAM,ELEC6,0.02,0.0,0.0,0.0,0.0,0.0
16179,US,US,WASTE,ANTHR,0.02,0.0,0.0,0.0,0.0,0.0
4039,US,US,ELE12,PLAS1,0.02,0.0,0.0,0.0,0.0,0.0
16897,US,US,WOOD2,GASWO,0.02,0.0,0.0,0.0,0.0,0.0
16139,US,US,VEGET,NONME,0.02,0.0,0.0,0.0,0.0,0.0
5226,US,US,ELEC9,COPP1,0.02,0.0,0.0,0.0,0.0,0.0
6613,US,US,FORES,PREC1,0.02,0.0,0.0,0.0,0.0,0.0
1631,US,US,BRICK,NAPHT,0.02,0.0,0.0,0.0,0.0,0.0
14477,US,US,SEACO,PAPE3,0.02,0.0,0.0,0.0,0.0,0.0
7832,US,US,INSUR,BRICK,0.02,0.0,0.0,0.0,0.0,0.0
979,US,US,BEVER,TEXTI,0.02,0.0,0.0,0.0,0.0,0.0
1289,US,US,BIOGA,LEAD1,0.02,0.0,0.0,0.0,0.0,0.0
15503,US,US,TEXT2,ELE11,0.02,0.0,0.0,0.0,0.0,0.0
10717,US,US,NONSP,ELE11,0.02,0.0,0.0,0.0,0.0,0.0
1797,US,US,BUSIN,PRIVA,0.02,0.0,0.0,0.0,0.0,0.0
8763,US,US,LIQUI,ELECT,0.02,0.0,0.0,0.0,0.0,0.0
7514,US,US,HYDRO,BIOG1,0.02,0.0,0.0,0.0,0.0,0.0
16481,US,US,WHITE,GASWO,0.02,0.0,0.0,0.0,0.0,0.0
8705,US,US,LIGNI,NAPHT,0.02,0.0,0.0,0.0,0.0,0.0
11384,US,US,PAPE3,ELE12,0.02,0.0,0.0,0.0,0.0,0.0
11153,US,US,PADDY,MOTO1,0.02,0.0,0.0,0.0,0.0,0.0
5428,US,US,ELECT,REFIN,0.02,0.0,0.0,0.0,0.0,0.0
15965,US,US,TRANS,GLASS,0.02,0.0,0.0,0.0,0.0,0.0
7892,US,US,INSUR,LEATH,0.02,0.0,0.0,0.0,0.0,0.0
4857,US,US,ELEC6,HEAVY,0.02,0.0,0.0,0.0,0.0,0.0
9941,US,US,MOTOR,FOOD3,0.02,0.0,0.0,0.0,0.0,0.0
14310,US,US,SALEM,PARAF,0.02,0.0,0.0,0.0,0.0,0.0
9204,US,US,MEAT4,CRUDE,0.02,0.0,0.0,0.0,0.0,0.0
12743,US,US,PRECI,REFI1,0.02,0.0,0.0,0.0,0.0,0.0
2012,US,US,CERAM,CHEMI,0.02,0.0,0.0,0.0,0.0,0.0
9683,US,US,MEMBE,PUBLI,0.02,0.0,0.0,0.0,0.0,0.0
16121,US,US,VEGET,HEAVY,0.02,0.0,0.0,0.0,0.0,0.0
1181,US,US,BIOG1,NONSP,0.02,0.0,0.0,0.0,0.0,0.0
1426,US,US,BITU1,PFERT,0.02,0.0,0.0,0.0,0.0,0.0
4963,US,US,ELEC7,CHEMI,0.02,0.0,0.0,0.0,0.0,0.0
14040,US,US,RUBBE,ALUMI,0.02,0.0,0.0,0.0,0.0,0.0
15360,US,US,TEXT1,FOOD2,0.02,0.0,0.0,0.0,0.0,0.0
1363,US,US,BIOGA,WASTE,0.02,0.0,0.0,0.0,0.0,0.0
15713,US,US,TEXTI,PIGS9,0.02,0.0,0.0,0.0,0.0,0.0
8181,US,US,IRONO,NONME,0.02,0.0,0.0,0.0,0.0,0.0
6330,US,US,FOOD5,HEAVY,0.02,0.0,0.0,0.0,0.0,0.0
9434,US,US,MEDIC,COKEO,0.02,0.0,0.0,0.0,0.0,0.0
5222,US,US,ELEC9,CEREA,0.02,0.0,0.0,0.0,0.0,0.0
12005,US,US,PIGS9,FOOD4,0.02,0.0,0.0,0.0,0.0,0.0
6651,US,US,FOUND,FOOD4,0.02,0.0,0.0,0.0,0.0,0.0
6364,US,US,FOOD5,PLAST,0.02,0.0,0.0,0.0,0.0,0.0
8283,US,US,KEROS,KERO1,0.02,0.0,0.0,0.0,0.0,0.0
15511,US,US,TEXT2,ELEC7,0.02,0.0,0.0,0.0,0.0,0.0
1189,US,US,BIOG1,PLANT,0.02,0.0,0.0,0.0,0.0,0.0
467,US,US,ANIMA,PUBLI,0.02,0.0,0.0,0.0,0.0,0.0
13564,US,US,RECRE,LIGNI,0.02,0.0,0.0,0.0,0.0,0.0
1653,US,US,BRICK,REFI1,0.02,0.0,0.0,0.0,0.0,0.0
9601,US,US,MEMBE,ELE11,0.02,0.0,0.0,0.0,0.0,0.0
10145,US,US,NATU1,ELEC9,0.02,0.0,0.0,0.0,0.0,0.0
15482,US,US,TEXT2,BLAST,0.02,0.0,0.0,0.0,0.0,0.0
8140,US,US,IRONO,CEMEN,0.02,0.0,0.0,0.0,0.0,0.0
1910,US,US,CEMEN,FOOD3,0.02,0.0,0.0,0.0,0.0,0.0
16489,US,US,WHITE,INTER,0.02,0.0,0.0,0.0,0.0,0.0
2140,US,US,CEREA,PRINT,0.02,0.0,0.0,0.0,0.0,0.0
15314,US,US,TEXT1,ANTHR,0.02,0.0,0.0,0.0,0.0,0.0
13130,US,US,RADIO,ELE12,0.02,0.0,0.0,0.0,0.0,0.0
9534,US,US,MEDIC,REFI1,0.02,0.0,0.0,0.0,0.0,0.0
935,US,US,BEVER,COMPU,0.02,0.0,0.0,0.0,0.0,0.0
1184,US,US,BIOG1,OILSE,0.02,0.0,0.0,0.0,0.0,0.0
1964,US,US,CEMEN,PRECI,0.02,0.0,0.0,0.0,0.0,0.0
9561,US,US,MEDIC,WHITE,0.02,0.0,0.0,0.0,0.0,0.0
17084,US,US,WOODW,PETRO,0.02,0.0,0.0,0.0,0.0,0.0
11053,US,US,OILHA,PETRO,0.02,0.0,0.0,0.0,0.0,0.0
8184,US,US,IRONO,OFFIC,0.02,0.0,0.0,0.0,0.0,0.0
16379,US,US,WEARI,SANDC,0.02,0.0,0.0,0.0,0.0,0.0
7281,US,US,HEAVY,PAPE1,0.02,0.0,0.0,0.0,0.0,0.0
15595,US,US,TEXT2,REFIN,0.02,0.0,0.0,0.0,0.0,0.0
8636,US,US,LEATH,PLAS1,0.02,0.0,0.0,0.0,0.0,0.0
5456,US,US,ELECT,WHITE,0.02,0.0,0.0,0.0,0.0,0.0
977,US,US,BEVER,TEXT1,0.02,0.0,0.0,0.0,0.0,0.0
4633,US,US,ELEC4,REFI1,0.02,0.0,0.0,0.0,0.0,0.0
15118,US,US,SUGAR,MOTO1,0.02,0.0,0.0,0.0,0.0,0.0
10878,US,US,OFFIC,KERO1,0.02,0.0,0.0,0.0,0.0,0.0
8010,US,US,INTER,ELEC6,0.02,0.0,0.0,0.0,0.0,0.0
4991,US,US,ELEC7,INTER,0.02,0.0,0.0,0.0,0.0,0.0
8612,US,US,LEATH,GASDI,0.02,0.0,0.0,0.0,0.0,0.0
10509,US,US,NONF1,SEWAG,0.02,0.0,0.0,0.0,0.0,0.0
3861,US,US,ELE11,COKIN,0.02,0.0,0.0,0.0,0.0,0.0
10537,US,US,NONFE,GLASS,0.02,0.0,0.0,0.0,0.0,0.0
4839,US,US,ELEC6,DISTR,0.02,0.0,0.0,0.0,0.0,0.0
9297,US,US,MEATC,HEAVY,0.02,0.0,0.0,0.0,0.0,0.0
11999,US,US,PIGS9,COMPU,0.02,0.0,0.0,0.0,0.0,0.0
10539,US,US,NONFE,IRONO,0.02,0.0,0.0,0.0,0.0,0.0
3355,US,US,DAIRY,KEROS,0.02,0.0,0.0,0.0,0.0,0.0
7831,US,US,INSUR,BLAST,0.02,0.0,0.0,0.0,0.0,0.0
13403,US,US,REALE,LIGNI,0.02,0.0,0.0,0.0,0.0,0.0
1164,US,US,BIOG1,KEROS,0.02,0.0,0.0,0.0,0.0,0.0
14901,US,US,STONE,PARAF,0.02,0.0,0.0,0.0,0.0,0.0
1492,US,US,BITUM,LANDT,0.02,0.0,0.0,0.0,0.0,0.0
566,US,US,ANTHR,SUPPO,0.01,0.0,0.0,0.0,0.0,0.0
9238,US,US,MEAT4,NFERT,0.01,0.0,0.0,0.0,0.0,0.0
11222,US,US,PAPE1,ELE12,0.01,0.0,0.0,0.0,0.0,0.0
3340,US,US,DAIRY,CEMEN,0.01,0.0,0.0,0.0,0.0,0.0
4013,US,US,ELE12,LEAD1,0.01,0.0,0.0,0.0,0.0,0.0
12411,US,US,PLAST,LEAD1,0.01,0.0,0.0,0.0,0.0,0.0
15333,US,US,TEXT1,COKE1,0.01,0.0,0.0,0.0,0.0,0.0
1030,US,US,BIODI,FOOD3,0.01,0.0,0.0,0.0,0.0,0.0
3370,US,US,DAIRY,OFFIC,0.01,0.0,0.0,0.0,0.0,0.0
13018,US,US,PUBLI,NATUR,0.01,0.0,0.0,0.0,0.0,0.0
11231,US,US,PAPE1,ELEC9,0.01,0.0,0.0,0.0,0.0,0.0
4063,US,US,ELE12,STONE,0.01,0.0,0.0,0.0,0.0,0.0
9440,US,US,MEDIC,CROPS,0.01,0.0,0.0,0.0,0.0,0.0
11009,US,US,OILHA,GASWO,0.01,0.0,0.0,0.0,0.0,0.0
10765,US,US,NONSP,POSTT,0.01,0.0,0.0,0.0,0.0,0.0
338,US,US,ALUM1,NATUR,0.01,0.0,0.0,0.0,0.0,0.0
6618,US,US,FORES,REALE,0.01,0.0,0.0,0.0,0.0,0.0
10041,US,US,MOTOR,WASTE,0.01,0.0,0.0,0.0,0.0,0.0
347,US,US,ALUM1,PETRO,0.01,0.0,0.0,0.0,0.0,0.0
10401,US,US,NFERT,DIST1,0.01,0.0,0.0,0.0,0.0,0.0
1950,US,US,CEMEN,NUCLE,0.01,0.0,0.0,0.0,0.0,0.0
16686,US,US,WOOD1,AVIAT,0.01,0.0,0.0,0.0,0.0,0.0
15829,US,US,TRAN1,LEADZ,0.01,0.0,0.0,0.0,0.0,0.0
8721,US,US,LIQUE,BIODI,0.01,0.0,0.0,0.0,0.0,0.0
14908,US,US,STONE,PLAST,0.01,0.0,0.0,0.0,0.0,0.0
14489,US,US,SEACO,WOOD2,0.01,0.0,0.0,0.0,0.0,0.0
952,US,US,BEVER,MEATA,0.01,0.0,0.0,0.0,0.0,0.0
12696,US,US,PREC1,SANDC,0.01,0.0,0.0,0.0,0.0,0.0
7891,US,US,INSUR,LEADZ,0.01,0.0,0.0,0.0,0.0,0.0
10429,US,US,NFERT,PRINT,0.01,0.0,0.0,0.0,0.0,0.0
2022,US,US,CERAM,ELE11,0.01,0.0,0.0,0.0,0.0,0.0
3851,US,US,ELE11,BITU1,0.01,0.0,0.0,0.0,0.0,0.0
3369,US,US,DAIRY,NONME,0.01,0.0,0.0,0.0,0.0,0.0
15815,US,US,TRAN1,GASWO,0.01,0.0,0.0,0.0,0.0,0.0
15701,US,US,TEXTI,NONSP,0.01,0.0,0.0,0.0,0.0,0.0
2461,US,US,COKE1,PLAST,0.01,0.0,0.0,0.0,0.0,0.0
10793,US,US,NUCLE,LEAD1,0.01,0.0,0.0,0.0,0.0,0.0
10530,US,US,NONFE,COPPE,0.01,0.0,0.0,0.0,0.0,0.0
9393,US,US,MEATP,PRINT,0.01,0.0,0.0,0.0,0.0,0.0
11025,US,US,OILHA,LIGNI,0.01,0.0,0.0,0.0,0.0,0.0
17024,US,US,WOODW,DIST1,0.01,0.0,0.0,0.0,0.0,0.0
7212,US,US,HEAVY,COPPE,0.01,0.0,0.0,0.0,0.0,0.0
1173,US,US,BIOG1,MEATP,0.01,0.0,0.0,0.0,0.0,0.0
16874,US,US,WOOD2,ELE12,0.01,0.0,0.0,0.0,0.0,0.0
12441,US,US,PLAST,SANDC,0.01,0.0,0.0,0.0,0.0,0.0
8183,US,US,IRONO,NUCLE,0.01,0.0,0.0,0.0,0.0,0.0
10490,US,US,NONF1,PAPE3,0.01,0.0,0.0,0.0,0.0,0.0
10439,US,US,NFERT,TRAN1,0.01,0.0,0.0,0.0,0.0,0.0
16761,US,US,WOOD1,MEATA,0.01,0.0,0.0,0.0,0.0,0.0
1667,US,US,BRICK,WHITE,0.01,0.0,0.0,0.0,0.0,0.0
9379,US,US,MEATP,MEATA,0.01,0.0,0.0,0.0,0.0,0.0
8932,US,US,LUBRI,NATUR,0.01,0.0,0.0,0.0,0.0,0.0
9272,US,US,MEATA,PUBLI,0.01,0.0,0.0,0.0,0.0,0.0
5490,US,US,FABRI,COPPE,0.01,0.0,0.0,0.0,0.0,0.0
13626,US,US,RECRE,STEAM,0.01,0.0,0.0,0.0,0.0,0.0
17017,US,US,WOODW,COKEO,0.01,0.0,0.0,0.0,0.0,0.0
1407,US,US,BITU1,IRONO,0.01,0.0,0.0,0.0,0.0,0.0
10718,US,US,NONSP,ELE12,0.01,0.0,0.0,0.0,0.0,0.0
12655,US,US,PREC1,FOOD2,0.01,0.0,0.0,0.0,0.0,0.0
12747,US,US,PRECI,RUBBE,0.01,0.0,0.0,0.0,0.0,0.0
14786,US,US,STEAM,PADDY,0.01,0.0,0.0,0.0,0.0,0.0
9510,US,US,MEDIC,OILSE,0.01,0.0,0.0,0.0,0.0,0.0
15014,US,US,SUBBI,PUBLI,0.01,0.0,0.0,0.0,0.0,0.0
2431,US,US,COKE1,BIODI,0.01,0.0,0.0,0.0,0.0,0.0
7518,US,US,HYDRO,BRICK,0.01,0.0,0.0,0.0,0.0,0.0
9159,US,US,MEAT1,BIOGA,0.01,0.0,0.0,0.0,0.0,0.0
2443,US,US,COKE1,ELE11,0.01,0.0,0.0,0.0,0.0,0.0
6683,US,US,FOUND,PRECI,0.01,0.0,0.0,0.0,0.0,0.0
2087,US,US,CERAM,WHOLE,0.01,0.0,0.0,0.0,0.0,0.0
9316,US,US,MEATC,NAPHT,0.01,0.0,0.0,0.0,0.0,0.0
15658,US,US,TEXTI,ETHAN,0.01,0.0,0.0,0.0,0.0,0.0
15405,US,US,TEXT1,NUCLE,0.01,0.0,0.0,0.0,0.0,0.0
8832,US,US,LIQUI,TEXT1,0.01,0.0,0.0,0.0,0.0,0.0
12724,US,US,PRECI,GLASS,0.01,0.0,0.0,0.0,0.0,0.0
14812,US,US,STEAM,RETAI,0.01,0.0,0.0,0.0,0.0,0.0
12666,US,US,PREC1,LANDT,0.01,0.0,0.0,0.0,0.0,0.0
14870,US,US,STONE,HEALT,0.01,0.0,0.0,0.0,0.0,0.0
7623,US,US,HYDRO,WHEAT,0.01,0.0,0.0,0.0,0.0,0.0
15070,US,US,SUGA1,PLAS2,0.01,0.0,0.0,0.0,0.0,0.0
6578,US,US,FORES,ETHAN,0.01,0.0,0.0,0.0,0.0,0.0
9268,US,US,MEAT4,WHITE,0.01,0.0,0.0,0.0,0.0,0.0
9405,US,US,MEATP,SEWAG,0.01,0.0,0.0,0.0,0.0,0.0
534,US,US,ANTHR,NAPHT,0.01,0.0,0.0,0.0,0.0,0.0
16138,US,US,VEGET,NAPHT,0.01,0.0,0.0,0.0,0.0,0.0
4882,US,US,ELEC6,NAPHT,0.01,0.0,0.0,0.0,0.0,0.0
14511,US,US,SECO9,KEROS,0.01,0.0,0.0,0.0,0.0,0.0
10491,US,US,NONF1,PAPE4,0.01,0.0,0.0,0.0,0.0,0.0
8622,US,US,LEATH,MEAT4,0.01,0.0,0.0,0.0,0.0,0.0
7836,US,US,INSUR,CERAM,0.01,0.0,0.0,0.0,0.0,0.0
16141,US,US,VEGET,NUCLE,0.01,0.0,0.0,0.0,0.0,0.0
15028,US,US,SUBBI,SEWAG,0.01,0.0,0.0,0.0,0.0,0.0
14470,US,US,SEACO,FOODW,0.01,0.0,0.0,0.0,0.0,0.0
7220,US,US,HEAVY,ELE12,0.01,0.0,0.0,0.0,0.0,0.0
12042,US,US,PIGS9,TEXT2,0.01,0.0,0.0,0.0,0.0,0.0
8299,US,US,KEROS,RAWMI,0.01,0.0,0.0,0.0,0.0,0.0
13673,US,US,REFIN,BIODI,0.01,0.0,0.0,0.0,0.0,0.0
16011,US,US,TRANS,WASTE,0.01,0.0,0.0,0.0,0.0,0.0
58,US,US,93197,HYDRO,0.01,0.0,0.0,0.0,0.0,0.0
6700,US,US,FOUND,TEXT2,0.01,0.0,0.0,0.0,0.0,0.0
2153,US,US,CEREA,WOODW,0.01,0.0,0.0,0.0,0.0,0.0
1443,US,US,BITUM,AVIAT,0.01,0.0,0.0,0.0,0.0,0.0
8663,US,US,LIGNI,BASIC,0.01,0.0,0.0,0.0,0.0,0.0
17135,US,US,WOOLS,RECRE,0.01,0.0,0.0,0.0,0.0,0.0
15054,US,US,SUGA1,FOOD4,0.01,0.0,0.0,0.0,0.0,0.0
13940,US,US,RESEA,LEADZ,0.01,0.0,0.0,0.0,0.0,0.0
13263,US,US,RAILW,FINAN,0.01,0.0,0.0,0.0,0.0,0.0
10756,US,US,NONSP,PAPE3,0.01,0.0,0.0,0.0,0.0,0.0
439,US,US,ALUMI,WHITE,0.01,0.0,0.0,0.0,0.0,0.0
10050,US,US,NAPHT,AVIAT,0.01,0.0,0.0,0.0,0.0,0.0
8236,US,US,KERO1,LUBRI,0.01,0.0,0.0,0.0,0.0,0.0
16943,US,US,WOOD2,PARAF,0.01,0.0,0.0,0.0,0.0,0.0
4265,US,US,ELEC2,ELEC6,0.01,0.0,0.0,0.0,0.0,0.0
940,US,US,BEVER,FOOD2,0.01,0.0,0.0,0.0,0.0,0.0
11901,US,US,PFERT,ELEC7,0.01,0.0,0.0,0.0,0.0,0.0
3352,US,US,DAIRY,HEAVY,0.01,0.0,0.0,0.0,0.0,0.0
6502,US,US,FOODW,PARAF,0.01,0.0,0.0,0.0,0.0,0.0
9254,US,US,MEAT4,REFI1,0.01,0.0,0.0,0.0,0.0,0.0
17079,US,US,WOODW,PADDY,0.01,0.0,0.0,0.0,0.0,0.0
17129,US,US,WOODW,WHITE,0.01,0.0,0.0,0.0,0.0,0.0
7813,US,US,INLAN,TEXT2,0.01,0.0,0.0,0.0,0.0,0.0
15935,US,US,TRANS,CERAM,0.01,0.0,0.0,0.0,0.0,0.0
5258,US,US,ELEC9,NFERT,0.01,0.0,0.0,0.0,0.0,0.0
1258,US,US,BIOGA,ELEC5,0.01,0.0,0.0,0.0,0.0,0.0
5272,US,US,ELEC9,PROCE,0.01,0.0,0.0,0.0,0.0,0.0
519,US,US,ANTHR,LEAD1,0.01,0.0,0.0,0.0,0.0,0.0
8617,US,US,LEATH,INTER,0.01,0.0,0.0,0.0,0.0,0.0
14720,US,US,STEAM,CHEMI,0.01,0.0,0.0,0.0,0.0,0.0
1146,US,US,BIOG1,COPPE,0.01,0.0,0.0,0.0,0.0,0.0
1517,US,US,BITUM,PAPE3,0.01,0.0,0.0,0.0,0.0,0.0
14474,US,US,SEACO,LANDT,0.01,0.0,0.0,0.0,0.0,0.0
10947,US,US,OFFIC,WHITE,0.01,0.0,0.0,0.0,0.0,0.0
450,US,US,ANIMA,FISH5,0.01,0.0,0.0,0.0,0.0,0.0
396,US,US,ALUMI,COPPE,0.01,0.0,0.0,0.0,0.0,0.0
9494,US,US,MEDIC,MEATC,0.01,0.0,0.0,0.0,0.0,0.0
10557,US,US,NONFE,PRECI,0.01,0.0,0.0,0.0,0.0,0.0
10921,US,US,OFFIC,REFI1,0.01,0.0,0.0,0.0,0.0,0.0
8878,US,US,LUBRI,ELE12,0.01,0.0,0.0,0.0,0.0,0.0
7526,US,US,HYDRO,COKEO,0.01,0.0,0.0,0.0,0.0,0.0
6068,US,US,FOOD3,LANDT,0.01,0.0,0.0,0.0,0.0,0.0
10519,US,US,NONFE,ALUMI,0.01,0.0,0.0,0.0,0.0,0.0
748,US,US,AVIAT,CRUDE,0.01,0.0,0.0,0.0,0.0,0.0
1634,US,US,BRICK,NONSP,0.01,0.0,0.0,0.0,0.0,0.0
5054,US,US,ELEC7,TEXT1,0.01,0.0,0.0,0.0,0.0,0.0
3546,US,US,DIST1,WOOLS,0.01,0.0,0.0,0.0,0.0,0.0
8234,US,US,KERO1,LANDT,0.01,0.0,0.0,0.0,0.0,0.0
8496,US,US,LEAD1,MEMBE,0.01,0.0,0.0,0.0,0.0,0.0
4009,US,US,ELE12,INTER,0.01,0.0,0.0,0.0,0.0,0.0
14379,US,US,SANDC,COKEO,0.01,0.0,0.0,0.0,0.0,0.0
11209,US,US,PAPE1,COKEO,0.01,0.0,0.0,0.0,0.0,0.0
14741,US,US,STEAM,ETHAN,0.01,0.0,0.0,0.0,0.0,0.0
16536,US,US,WHITE,TEXT1,0.01,0.0,0.0,0.0,0.0,0.0
4888,US,US,ELEC6,NONSP,0.01,0.0,0.0,0.0,0.0,0.0
4868,US,US,ELEC6,LEATH,0.01,0.0,0.0,0.0,0.0,0.0
8583,US,US,LEADZ,WOOD1,0.01,0.0,0.0,0.0,0.0,0.0
13652,US,US,REFI1,CRUDE,0.01,0.0,0.0,0.0,0.0,0.0
1156,US,US,BIOG1,FOUND,0.01,0.0,0.0,0.0,0.0,0.0
10757,US,US,NONSP,PAPE4,0.01,0.0,0.0,0.0,0.0,0.0
11843,US,US,PARAF,ELEC1,0.01,0.0,0.0,0.0,0.0,0.0
12397,US,US,PLAST,CRUDE,0.01,0.0,0.0,0.0,0.0,0.0
6433,US,US,FOODW,ELE12,0.01,0.0,0.0,0.0,0.0,0.0
11169,US,US,PADDY,PUBLI,0.01,0.0,0.0,0.0,0.0,0.0
4986,US,US,ELEC7,HEAVY,0.01,0.0,0.0,0.0,0.0,0.0
8548,US,US,LEADZ,LIQUE,0.01,0.0,0.0,0.0,0.0,0.0
12750,US,US,PRECI,WHITE,0.01,0.0,0.0,0.0,0.0,0.0
1571,US,US,BLAST,ELE12,0.01,0.0,0.0,0.0,0.0,0.0
8936,US,US,LUBRI,NUCLE,0.01,0.0,0.0,0.0,0.0,0.0
5903,US,US,FOOD2,GASWO,0.01,0.0,0.0,0.0,0.0,0.0
7858,US,US,INSUR,ELEC6,0.01,0.0,0.0,0.0,0.0,0.0
1518,US,US,BITUM,PAPE4,0.01,0.0,0.0,0.0,0.0,0.0
9229,US,US,MEAT4,MEATA,0.01,0.0,0.0,0.0,0.0,0.0
10922,US,US,OFFIC,REFIN,0.01,0.0,0.0,0.0,0.0,0.0
337,US,US,ALUM1,NAPHT,0.01,0.0,0.0,0.0,0.0,0.0
10468,US,US,NONF1,ELEC7,0.01,0.0,0.0,0.0,0.0,0.0
7150,US,US,HEALT,FOOD2,0.01,0.0,0.0,0.0,0.0,0.0
2130,US,US,CEREA,NFERT,0.01,0.0,0.0,0.0,0.0,0.0
2800,US,US,CONST,ANTHR,0.01,0.0,0.0,0.0,0.0,0.0
9202,US,US,MEAT4,COKEO,0.01,0.0,0.0,0.0,0.0,0.0
14022,US,US,RETA1,INTER,0.01,0.0,0.0,0.0,0.0,0.0
7336,US,US,HEAVY,WOOD1,0.01,0.0,0.0,0.0,0.0,0.0
2489,US,US,COLLE,CATTL,0.01,0.0,0.0,0.0,0.0,0.0
3811,US,US,EDUCA,REFIN,0.01,0.0,0.0,0.0,0.0,0.0
4666,US,US,ELEC4,WOOLS,0.01,0.0,0.0,0.0,0.0,0.0
5919,US,US,FOOD2,LIGNI,0.01,0.0,0.0,0.0,0.0,0.0
4059,US,US,ELE12,SANDC,0.01,0.0,0.0,0.0,0.0,0.0
431,US,US,ALUMI,RESEA,0.01,0.0,0.0,0.0,0.0,0.0
5100,US,US,ELEC8,ELEC1,0.01,0.0,0.0,0.0,0.0,0.0
12677,US,US,PREC1,OILHA,0.01,0.0,0.0,0.0,0.0,0.0
16254,US,US,WASTE,MEATA,0.01,0.0,0.0,0.0,0.0,0.0
15351,US,US,TEXT1,ELEC6,0.01,0.0,0.0,0.0,0.0,0.0
6574,US,US,FORES,CRUDE,0.01,0.0,0.0,0.0,0.0,0.0
11129,US,US,PADDY,ELECT,0.01,0.0,0.0,0.0,0.0,0.0
16534,US,US,WHITE,SUGAR,0.01,0.0,0.0,0.0,0.0,0.0
3361,US,US,DAIRY,MACHI,0.01,0.0,0.0,0.0,0.0,0.0
9488,US,US,MEDIC,LIGNI,0.01,0.0,0.0,0.0,0.0,0.0
7295,US,US,HEAVY,PRECI,0.01,0.0,0.0,0.0,0.0,0.0
496,US,US,ANTHR,COMPU,0.01,0.0,0.0,0.0,0.0,0.0
10396,US,US,NFERT,COKEO,0.01,0.0,0.0,0.0,0.0,0.0
8741,US,US,LIQUI,BIODI,0.01,0.0,0.0,0.0,0.0,0.0
12408,US,US,PLAST,IRONO,0.01,0.0,0.0,0.0,0.0,0.0
10493,US,US,NONF1,PLAS1,0.01,0.0,0.0,0.0,0.0,0.0
9748,US,US,MOTO1,COKEO,0.01,0.0,0.0,0.0,0.0,0.0
5582,US,US,FABRI,PRECI,0.01,0.0,0.0,0.0,0.0,0.0
5123,US,US,ELEC8,KERO1,0.01,0.0,0.0,0.0,0.0,0.0
5997,US,US,FOOD2,WHITE,0.01,0.0,0.0,0.0,0.0,0.0
15098,US,US,SUGAR,ELECT,0.01,0.0,0.0,0.0,0.0,0.0
2107,US,US,CEREA,ETHAN,0.01,0.0,0.0,0.0,0.0,0.0
10397,US,US,NFERT,COLLE,0.01,0.0,0.0,0.0,0.0,0.0
360,US,US,ALUM1,REFI1,0.01,0.0,0.0,0.0,0.0,0.0
3984,US,US,ELE12,COKIN,0.01,0.0,0.0,0.0,0.0,0.0
3345,US,US,DAIRY,ELECT,0.01,0.0,0.0,0.0,0.0,0.0
15316,US,US,TEXT1,AVIAT,0.01,0.0,0.0,0.0,0.0,0.0
7681,US,US,INERT,FOOD3,0.01,0.0,0.0,0.0,0.0,0.0
9602,US,US,MEMBE,ELE12,0.01,0.0,0.0,0.0,0.0,0.0
542,US,US,ANTHR,OFFIC,0.01,0.0,0.0,0.0,0.0,0.0
11132,US,US,PADDY,FOOD2,0.01,0.0,0.0,0.0,0.0,0.0
1023,US,US,BIODI,ELEC4,0.01,0.0,0.0,0.0,0.0,0.0
3074,US,US,COPPE,MOTO1,0.01,0.0,0.0,0.0,0.0,0.0
11846,US,US,PARAF,ETHAN,0.01,0.0,0.0,0.0,0.0,0.0
16148,US,US,VEGET,PETRO,0.01,0.0,0.0,0.0,0.0,0.0
16424,US,US,WHEAT,NAPHT,0.01,0.0,0.0,0.0,0.0,0.0
13540,US,US,RECRE,FOOD3,0.01,0.0,0.0,0.0,0.0,0.0
8013,US,US,INTER,ELEC9,0.01,0.0,0.0,0.0,0.0,0.0
14487,US,US,SEACO,TEXT2,0.01,0.0,0.0,0.0,0.0,0.0
16426,US,US,WHEAT,NUCLE,0.01,0.0,0.0,0.0,0.0,0.0
15200,US,US,SUPPO,FOOD3,0.01,0.0,0.0,0.0,0.0,0.0
12046,US,US,PIGS9,WOOD1,0.01,0.0,0.0,0.0,0.0,0.0
8594,US,US,LEATH,CROPS,0.01,0.0,0.0,0.0,0.0,0.0
6705,US,US,FOUND,WOOD1,0.01,0.0,0.0,0.0,0.0,0.0
7437,US,US,HOTEL,NONFE,0.01,0.0,0.0,0.0,0.0,0.0
16538,US,US,WHITE,TEXTI,0.01,0.0,0.0,0.0,0.0,0.0
13341,US,US,REALE,BRICK,0.01,0.0,0.0,0.0,0.0,0.0
3055,US,US,COPP1,WHITE,0.01,0.0,0.0,0.0,0.0,0.0
9237,US,US,MEAT4,NATUR,0.01,0.0,0.0,0.0,0.0,0.0
16507,US,US,WHITE,PFERT,0.01,0.0,0.0,0.0,0.0,0.0
8588,US,US,LEATH,BLAST,0.01,0.0,0.0,0.0,0.0,0.0
7913,US,US,INSUR,NONSP,0.01,0.0,0.0,0.0,0.0,0.0
6958,US,US,GASDI,PARAF,0.01,0.0,0.0,0.0,0.0,0.0
10471,US,US,NONF1,FOOD4,0.01,0.0,0.0,0.0,0.0,0.0
14210,US,US,SALEM,AVIAT,0.01,0.0,0.0,0.0,0.0,0.0
7168,US,US,HEALT,PRINT,0.01,0.0,0.0,0.0,0.0,0.0
10763,US,US,NONSP,PLAS2,0.01,0.0,0.0,0.0,0.0,0.0
9322,US,US,MEATC,PETRO,0.01,0.0,0.0,0.0,0.0,0.0
8915,US,US,LUBRI,LEAD1,0.01,0.0,0.0,0.0,0.0,0.0
12937,US,US,PROCE,TEXTI,0.01,0.0,0.0,0.0,0.0,0.0
8908,US,US,LUBRI,INLAN,0.01,0.0,0.0,0.0,0.0,0.0
12929,US,US,PROCE,PFERT,0.01,0.0,0.0,0.0,0.0,0.0
1524,US,US,BITUM,PLAS2,0.01,0.0,0.0,0.0,0.0,0.0
10604,US,US,NONME,ELEC4,0.01,0.0,0.0,0.0,0.0,0.0
15056,US,US,SUGA1,FORES,0.01,0.0,0.0,0.0,0.0,0.0
5252,US,US,ELEC9,MEATC,0.01,0.0,0.0,0.0,0.0,0.0
5886,US,US,FOOD2,ELEC6,0.01,0.0,0.0,0.0,0.0,0.0
69,US,US,93197,LIGNI,0.01,0.0,0.0,0.0,0.0,0.0
15504,US,US,TEXT2,ELE12,0.01,0.0,0.0,0.0,0.0,0.0
5257,US,US,ELEC9,MOTOR,0.01,0.0,0.0,0.0,0.0,0.0
1073,US,US,BIODI,NONSP,0.01,0.0,0.0,0.0,0.0,0.0
15391,US,US,TEXT1,MEATA,0.01,0.0,0.0,0.0,0.0,0.0
4227,US,US,ELEC2,ALUMI,0.01,0.0,0.0,0.0,0.0,0.0
10393,US,US,NFERT,BITU1,0.01,0.0,0.0,0.0,0.0,0.0
5240,US,US,ELEC9,GASDI,0.01,0.0,0.0,0.0,0.0,0.0
14615,US,US,SEWAG,LEADZ,0.01,0.0,0.0,0.0,0.0,0.0
5771,US,US,FINAN,SUGAR,0.01,0.0,0.0,0.0,0.0,0.0
544,US,US,ANTHR,PETRO,0.01,0.0,0.0,0.0,0.0,0.0
10494,US,US,NONF1,PLAS2,0.01,0.0,0.0,0.0,0.0,0.0
2074,US,US,CERAM,RETAI,0.01,0.0,0.0,0.0,0.0,0.0
12051,US,US,PLANT,INERT,0.01,0.0,0.0,0.0,0.0,0.0
8619,US,US,LEATH,LIQUE,0.01,0.0,0.0,0.0,0.0,0.0
5244,US,US,ELEC9,INERT,0.01,0.0,0.0,0.0,0.0,0.0
1428,US,US,BITU1,PREC1,0.01,0.0,0.0,0.0,0.0,0.0
9319,US,US,MEATC,NUCLE,0.01,0.0,0.0,0.0,0.0,0.0
9865,US,US,MOTO1,STEAM,0.01,0.0,0.0,0.0,0.0,0.0
13802,US,US,RENTI,NONFE,0.01,0.0,0.0,0.0,0.0,0.0
3912,US,US,ELE11,OILHA,0.01,0.0,0.0,0.0,0.0,0.0
10590,US,US,NONME,COKE1,0.01,0.0,0.0,0.0,0.0,0.0
8839,US,US,LIQUI,VEGET,0.01,0.0,0.0,0.0,0.0,0.0
16405,US,US,WHEAT,CRUDE,0.01,0.0,0.0,0.0,0.0,0.0
2150,US,US,CEREA,TRANS,0.01,0.0,0.0,0.0,0.0,0.0
757,US,US,AVIAT,NONME,0.01,0.0,0.0,0.0,0.0,0.0
16516,US,US,WHITE,PUBLI,0.01,0.0,0.0,0.0,0.0,0.0
1520,US,US,BITUM,PARAF,0.01,0.0,0.0,0.0,0.0,0.0
4067,US,US,ELE12,TEXT2,0.01,0.0,0.0,0.0,0.0,0.0
15005,US,US,SUBBI,OFFIC,0.01,0.0,0.0,0.0,0.0,0.0
16474,US,US,WHITE,FABRI,0.01,0.0,0.0,0.0,0.0,0.0
12844,US,US,PRINT,NFERT,0.01,0.0,0.0,0.0,0.0,0.0
12928,US,US,PROCE,MOTOR,0.01,0.0,0.0,0.0,0.0,0.0
5867,US,US,FOOD2,COKE1,0.01,0.0,0.0,0.0,0.0,0.0
10591,US,US,NONME,COKEO,0.01,0.0,0.0,0.0,0.0,0.0
14340,US,US,SALEM,STEAM,0.01,0.0,0.0,0.0,0.0,0.0
3431,US,US,DIST1,ELEC7,0.01,0.0,0.0,0.0,0.0,0.0
5926,US,US,FOOD2,MEATA,0.01,0.0,0.0,0.0,0.0,0.0
430,US,US,ALUMI,REFIN,0.01,0.0,0.0,0.0,0.0,0.0
7328,US,US,HEAVY,TRAN2,0.01,0.0,0.0,0.0,0.0,0.0
8277,US,US,KEROS,ELEC7,0.01,0.0,0.0,0.0,0.0,0.0
5230,US,US,ELEC9,DIST1,0.01,0.0,0.0,0.0,0.0,0.0
10227,US,US,NATU1,WEARI,0.01,0.0,0.0,0.0,0.0,0.0
3430,US,US,DIST1,ELEC6,0.01,0.0,0.0,0.0,0.0,0.0
14732,US,US,STEAM,ELE11,0.01,0.0,0.0,0.0,0.0,0.0
10991,US,US,OILHA,ELEC6,0.01,0.0,0.0,0.0,0.0,0.0
382,US,US,ALUMI,93197,0.01,0.0,0.0,0.0,0.0,0.0
6354,US,US,FOOD5,NUCLE,0.01,0.0,0.0,0.0,0.0,0.0
12927,US,US,PROCE,MEDIC,0.01,0.0,0.0,0.0,0.0,0.0
5237,US,US,ELEC9,FORES,0.01,0.0,0.0,0.0,0.0,0.0
12922,US,US,PROCE,LIQUI,0.01,0.0,0.0,0.0,0.0,0.0
2053,US,US,CERAM,NONF1,0.01,0.0,0.0,0.0,0.0,0.0
9318,US,US,MEATC,NONSP,0.01,0.0,0.0,0.0,0.0,0.0
4554,US,US,ELEC4,DIST1,0.01,0.0,0.0,0.0,0.0,0.0
3587,US,US,DISTR,ELEC7,0.01,0.0,0.0,0.0,0.0,0.0
15065,US,US,SUGA1,PAPE1,0.01,0.0,0.0,0.0,0.0,0.0
1583,US,US,BLAST,LEADZ,0.01,0.0,0.0,0.0,0.0,0.0
16471,US,US,WHITE,ELEC7,0.01,0.0,0.0,0.0,0.0,0.0
5288,US,US,ELEC9,SUGAR,0.01,0.0,0.0,0.0,0.0,0.0
6092,US,US,FOOD3,NUCLE,0.01,0.0,0.0,0.0,0.0,0.0
9617,US,US,MEMBE,FOOD3,0.01,0.0,0.0,0.0,0.0,0.0
7185,US,US,HEAVY,ALUMI,0.01,0.0,0.0,0.0,0.0,0.0
16512,US,US,WHITE,PLAST,0.01,0.0,0.0,0.0,0.0,0.0
3017,US,US,COPP1,NONSP,0.01,0.0,0.0,0.0,0.0,0.0
7861,US,US,INSUR,ELEC9,0.01,0.0,0.0,0.0,0.0,0.0
9418,US,US,MEDIC,AVIAT,0.01,0.0,0.0,0.0,0.0,0.0
6647,US,US,FOUND,COPPE,0.01,0.0,0.0,0.0,0.0,0.0
8609,US,US,LEATH,FOODW,0.01,0.0,0.0,0.0,0.0,0.0
6905,US,US,GASDI,FOOD3,0.01,0.0,0.0,0.0,0.0,0.0
12550,US,US,POSTT,NONFE,0.01,0.0,0.0,0.0,0.0,0.0
9833,US,US,MOTO1,PARAF,0.01,0.0,0.0,0.0,0.0,0.0
1592,US,US,BRICK,BIODI,0.01,0.0,0.0,0.0,0.0,0.0
7541,US,US,HYDRO,ELEC3,0.01,0.0,0.0,0.0,0.0,0.0
16140,US,US,VEGET,NONSP,0.01,0.0,0.0,0.0,0.0,0.0
5287,US,US,ELEC9,SUGA1,0.01,0.0,0.0,0.0,0.0,0.0
15573,US,US,TEXT2,PARAF,0.01,0.0,0.0,0.0,0.0,0.0
7815,US,US,INLAN,WOOD1,0.01,0.0,0.0,0.0,0.0,0.0
7181,US,US,HEALT,WOOLS,0.01,0.0,0.0,0.0,0.0,0.0
10754,US,US,NONSP,NUCLE,0.01,0.0,0.0,0.0,0.0,0.0
10532,US,US,NONFE,ETHAN,0.01,0.0,0.0,0.0,0.0,0.0
1475,US,US,BITUM,FOOD4,0.01,0.0,0.0,0.0,0.0,0.0
13082,US,US,PULP5,LIQUI,0.01,0.0,0.0,0.0,0.0,0.0
3764,US,US,EDUCA,KERO1,0.01,0.0,0.0,0.0,0.0,0.0
8654,US,US,LEATH,STONE,0.01,0.0,0.0,0.0,0.0,0.0
8660,US,US,LEATH,WOOD2,0.01,0.0,0.0,0.0,0.0,0.0
12740,US,US,PRECI,PREC1,0.01,0.0,0.0,0.0,0.0,0.0
8771,US,US,LIQUI,FORES,0.01,0.0,0.0,0.0,0.0,0.0
3220,US,US,CRUDE,EDUCA,0.01,0.0,0.0,0.0,0.0,0.0
8651,US,US,LEATH,SANDC,0.01,0.0,0.0,0.0,0.0,0.0
11074,US,US,OILHA,REFIN,0.01,0.0,0.0,0.0,0.0,0.0
4077,US,US,ELE12,WOOD2,0.01,0.0,0.0,0.0,0.0,0.0
3156,US,US,CROPS,PARAF,0.01,0.0,0.0,0.0,0.0,0.0
2325,US,US,CHEMI,ANIMA,0.01,0.0,0.0,0.0,0.0,0.0
5306,US,US,ELECT,AVIAT,0.01,0.0,0.0,0.0,0.0,0.0
16107,US,US,VEGET,CRUDE,0.01,0.0,0.0,0.0,0.0,0.0
3594,US,US,DISTR,FOOD3,0.01,0.0,0.0,0.0,0.0,0.0
1389,US,US,BITU1,ELE12,0.01,0.0,0.0,0.0,0.0,0.0
12454,US,US,POSTT,ALUMI,0.01,0.0,0.0,0.0,0.0,0.0
8577,US,US,LEADZ,TEXT1,0.01,0.0,0.0,0.0,0.0,0.0
3999,US,US,ELE12,FOODW,0.01,0.0,0.0,0.0,0.0,0.0
10702,US,US,NONSP,ALUM1,0.01,0.0,0.0,0.0,0.0,0.0
2046,US,US,CERAM,LUBRI,0.01,0.0,0.0,0.0,0.0,0.0
8240,US,US,KERO1,PETRO,0.01,0.0,0.0,0.0,0.0,0.0
9621,US,US,MEMBE,FORES,0.01,0.0,0.0,0.0,0.0,0.0
2984,US,US,COPP1,ELEC5,0.01,0.0,0.0,0.0,0.0,0.0
12699,US,US,PREC1,STONE,0.01,0.0,0.0,0.0,0.0,0.0
11157,US,US,PADDY,OILHA,0.01,0.0,0.0,0.0,0.0,0.0
10730,US,US,NONSP,FOOD4,0.01,0.0,0.0,0.0,0.0,0.0
2609,US,US,COLLE,SUBBI,0.01,0.0,0.0,0.0,0.0,0.0
9911,US,US,MOTOR,COKE1,0.01,0.0,0.0,0.0,0.0,0.0
13960,US,US,RESEA,NONFE,0.01,0.0,0.0,0.0,0.0,0.0
4756,US,US,ELEC5,PARAF,0.01,0.0,0.0,0.0,0.0,0.0
5354,US,US,ELECT,FOOD3,0.01,0.0,0.0,0.0,0.0,0.0
6113,US,US,FOOD3,REALE,0.01,0.0,0.0,0.0,0.0,0.0
5216,US,US,ELEC9,BITUM,0.01,0.0,0.0,0.0,0.0,0.0
2607,US,US,COLLE,STEAM,0.01,0.0,0.0,0.0,0.0,0.0
1183,US,US,BIOG1,OFFIC,0.01,0.0,0.0,0.0,0.0,0.0
9518,US,US,MEDIC,PIGS9,0.01,0.0,0.0,0.0,0.0,0.0
14929,US,US,STONE,VEGE1,0.01,0.0,0.0,0.0,0.0,0.0
1213,US,US,BIOG1,TRAN2,0.01,0.0,0.0,0.0,0.0,0.0
4014,US,US,ELE12,LIQUE,0.01,0.0,0.0,0.0,0.0,0.0
1212,US,US,BIOG1,TOBAC,0.01,0.0,0.0,0.0,0.0,0.0
5090,US,US,ELEC8,COLLE,0.01,0.0,0.0,0.0,0.0,0.0
8305,US,US,KEROS,SUBBI,0.01,0.0,0.0,0.0,0.0,0.0
6352,US,US,FOOD5,NAPHT,0.01,0.0,0.0,0.0,0.0,0.0
8190,US,US,IRONO,PETRO,0.01,0.0,0.0,0.0,0.0,0.0
5358,US,US,ELECT,FORES,0.01,0.0,0.0,0.0,0.0,0.0
16181,US,US,WASTE,AVIAT,0.01,0.0,0.0,0.0,0.0,0.0
10715,US,US,NONSP,CRUDE,0.01,0.0,0.0,0.0,0.0,0.0
14981,US,US,SUBBI,LANDT,0.01,0.0,0.0,0.0,0.0,0.0
6806,US,US,FURNI,PADDY,0.01,0.0,0.0,0.0,0.0,0.0
7151,US,US,HEALT,FOOD3,0.01,0.0,0.0,0.0,0.0,0.0
9386,US,US,MEATP,NAPHT,0.01,0.0,0.0,0.0,0.0,0.0
14020,US,US,RETA1,FOODW,0.01,0.0,0.0,0.0,0.0,0.0
16501,US,US,WHITE,PADDY,0.01,0.0,0.0,0.0,0.0,0.0
8364,US,US,LANDT,FOOD3,0.01,0.0,0.0,0.0,0.0,0.0
5969,US,US,FOOD2,REFIN,0.01,0.0,0.0,0.0,0.0,0.0
4696,US,US,ELEC5,DIST1,0.01,0.0,0.0,0.0,0.0,0.0
17104,US,US,WOODW,REFIN,0.01,0.0,0.0,0.0,0.0,0.0
6886,US,US,GASDI,COKEO,0.01,0.0,0.0,0.0,0.0,0.0
7595,US,US,HYDRO,POULT,0.01,0.0,0.0,0.0,0.0,0.0
424,US,US,ALUMI,PREC1,0.01,0.0,0.0,0.0,0.0,0.0
2000,US,US,CERAM,ALUM1,0.01,0.0,0.0,0.0,0.0,0.0
325,US,US,ALUM1,KEROS,0.01,0.0,0.0,0.0,0.0,0.0
14421,US,US,SANDC,NONF1,0.01,0.0,0.0,0.0,0.0,0.0
7991,US,US,INTER,COKEO,0.01,0.0,0.0,0.0,0.0,0.0
5834,US,US,FISHF,PUBLI,0.01,0.0,0.0,0.0,0.0,0.0
3740,US,US,EDUCA,ELEC9,0.01,0.0,0.0,0.0,0.0,0.0
964,US,US,BEVER,PRINT,0.01,0.0,0.0,0.0,0.0,0.0
8239,US,US,KERO1,NAPHT,0.01,0.0,0.0,0.0,0.0,0.0
12923,US,US,PROCE,LUBRI,0.01,0.0,0.0,0.0,0.0,0.0
3358,US,US,DAIRY,LIQUE,0.01,0.0,0.0,0.0,0.0,0.0
14032,US,US,RETA1,WOOD2,0.01,0.0,0.0,0.0,0.0,0.0
2495,US,US,COLLE,COKE1,0.01,0.0,0.0,0.0,0.0,0.0
7323,US,US,HEAVY,TEXT1,0.01,0.0,0.0,0.0,0.0,0.0
8271,US,US,KEROS,ELE11,0.01,0.0,0.0,0.0,0.0,0.0
3869,US,US,ELE11,DISTR,0.01,0.0,0.0,0.0,0.0,0.0
8245,US,US,KERO1,REFI1,0.01,0.0,0.0,0.0,0.0,0.0
10026,US,US,MOTOR,STEAM,0.01,0.0,0.0,0.0,0.0,0.0
9326,US,US,MEATC,PRINT,0.01,0.0,0.0,0.0,0.0,0.0
28,US,US,93197,DAIRY,0.01,0.0,0.0,0.0,0.0,0.0
12014,US,US,PIGS9,INTER,0.01,0.0,0.0,0.0,0.0,0.0
10079,US,US,NAPHT,NATUR,0.01,0.0,0.0,0.0,0.0,0.0
14437,US,US,SANDC,PREC1,0.01,0.0,0.0,0.0,0.0,0.0
8514,US,US,LEAD1,SEWAG,0.01,0.0,0.0,0.0,0.0,0.0
15947,US,US,TRANS,ELE12,0.01,0.0,0.0,0.0,0.0,0.0
15384,US,US,TEXT1,LIGNI,0.01,0.0,0.0,0.0,0.0,0.0
10548,US,US,NONFE,NAPHT,0.01,0.0,0.0,0.0,0.0,0.0
13533,US,US,RECRE,ELEC9,0.01,0.0,0.0,0.0,0.0,0.0
11044,US,US,OILHA,NONSP,0.01,0.0,0.0,0.0,0.0,0.0
17103,US,US,WOODW,REFI1,0.01,0.0,0.0,0.0,0.0,0.0
4386,US,US,ELEC3,AVIAT,0.01,0.0,0.0,0.0,0.0,0.0
11147,US,US,PADDY,MACHI,0.01,0.0,0.0,0.0,0.0,0.0
1171,US,US,BIOG1,MEAT1,0.01,0.0,0.0,0.0,0.0,0.0
15107,US,US,SUGAR,HEAVY,0.01,0.0,0.0,0.0,0.0,0.0
13692,US,US,REFIN,PAPER,0.01,0.0,0.0,0.0,0.0,0.0
4032,US,US,ELE12,PAPE1,0.01,0.0,0.0,0.0,0.0,0.0
6660,US,US,FOUND,INTER,0.01,0.0,0.0,0.0,0.0,0.0
8288,US,US,KEROS,MEMBE,0.01,0.0,0.0,0.0,0.0,0.0
6732,US,US,FURNI,COKEO,0.01,0.0,0.0,0.0,0.0,0.0
10560,US,US,NONFE,REFI1,0.01,0.0,0.0,0.0,0.0,0.0
13285,US,US,RAILW,RADIO,0.01,0.0,0.0,0.0,0.0,0.0
10798,US,US,NUCLE,MOTOR,0.01,0.0,0.0,0.0,0.0,0.0
395,US,US,ALUMI,COPP1,0.01,0.0,0.0,0.0,0.0,0.0
7540,US,US,HYDRO,ELEC2,0.01,0.0,0.0,0.0,0.0,0.0
11020,US,US,OILHA,KERO1,0.01,0.0,0.0,0.0,0.0,0.0
8450,US,US,LANDT,STEAM,0.01,0.0,0.0,0.0,0.0,0.0
3836,US,US,EDUCA,WHITE,0.01,0.0,0.0,0.0,0.0,0.0
6403,US,US,FOODW,AVIAT,0.01,0.0,0.0,0.0,0.0,0.0
5895,US,US,FOOD2,FOOD2,0.01,0.0,0.0,0.0,0.0,0.0
8680,US,US,LIGNI,ELE12,0.01,0.0,0.0,0.0,0.0,0.0
16844,US,US,WOOD2,AVIAT,0.01,0.0,0.0,0.0,0.0,0.0
4085,US,US,ELEC1,AVIAT,0.01,0.0,0.0,0.0,0.0,0.0
10441,US,US,NFERT,WOODW,0.01,0.0,0.0,0.0,0.0,0.0
8901,US,US,LUBRI,GASWO,0.01,0.0,0.0,0.0,0.0,0.0
6990,US,US,GASDI,STEAM,0.01,0.0,0.0,0.0,0.0,0.0
12443,US,US,PLAST,STONE,0.01,0.0,0.0,0.0,0.0,0.0
14092,US,US,RUBBE,FOOD3,0.01,0.0,0.0,0.0,0.0,0.0
9288,US,US,MEATC,ELECT,0.01,0.0,0.0,0.0,0.0,0.0
8178,US,US,IRONO,NFERT,0.01,0.0,0.0,0.0,0.0,0.0
16920,US,US,WOOD2,MEATA,0.01,0.0,0.0,0.0,0.0,0.0
3878,US,US,ELE11,FORES,0.01,0.0,0.0,0.0,0.0,0.0
15801,US,US,TRAN1,ELEC4,0.01,0.0,0.0,0.0,0.0,0.0
7839,US,US,INSUR,COKE1,0.01,0.0,0.0,0.0,0.0,0.0
3884,US,US,ELE11,HEAVY,0.01,0.0,0.0,0.0,0.0,0.0
15491,US,US,TEXT2,COKE1,0.01,0.0,0.0,0.0,0.0,0.0
8261,US,US,KEROS,CATTL,0.01,0.0,0.0,0.0,0.0,0.0
8247,US,US,KERO1,RESEA,0.01,0.0,0.0,0.0,0.0,0.0
11140,US,US,PADDY,HEAVY,0.01,0.0,0.0,0.0,0.0,0.0
10791,US,US,NUCLE,GASDI,0.01,0.0,0.0,0.0,0.0,0.0
15681,US,US,TEXTI,KERO1,0.01,0.0,0.0,0.0,0.0,0.0
5245,US,US,ELEC9,INLAN,0.01,0.0,0.0,0.0,0.0,0.0
90,US,US,93197,PETRO,0.01,0.0,0.0,0.0,0.0,0.0
8308,US,US,KEROS,VEGET,0.01,0.0,0.0,0.0,0.0,0.0
1380,US,US,BITU1,CHEMI,0.01,0.0,0.0,0.0,0.0,0.0
12394,US,US,PLAST,CHEMI,0.01,0.0,0.0,0.0,0.0,0.0
8285,US,US,KEROS,LANDT,0.01,0.0,0.0,0.0,0.0,0.0
2426,US,US,CHEMI,WHITE,0.01,0.0,0.0,0.0,0.0,0.0
1642,US,US,BRICK,PFERT,0.01,0.0,0.0,0.0,0.0,0.0
5879,US,US,FOOD2,ELE11,0.01,0.0,0.0,0.0,0.0,0.0
15309,US,US,SUPPO,WOOLS,0.01,0.0,0.0,0.0,0.0,0.0
15368,US,US,TEXT1,GASWO,0.01,0.0,0.0,0.0,0.0,0.0
11155,US,US,PADDY,NONME,0.01,0.0,0.0,0.0,0.0,0.0
9456,US,US,MEDIC,ELEC9,0.01,0.0,0.0,0.0,0.0,0.0
3802,US,US,EDUCA,PROCE,0.01,0.0,0.0,0.0,0.0,0.0
6877,US,US,GASDI,BLAST,0.01,0.0,0.0,0.0,0.0,0.0
1387,US,US,BITU1,DISTR,0.01,0.0,0.0,0.0,0.0,0.0
5102,US,US,ELEC8,ETHAN,0.01,0.0,0.0,0.0,0.0,0.0
5,US,US,93197,ANTHR,0.01,0.0,0.0,0.0,0.0,0.0
8578,US,US,LEADZ,TEXT2,0.01,0.0,0.0,0.0,0.0,0.0
6610,US,US,FORES,PETRO,0.01,0.0,0.0,0.0,0.0,0.0
12244,US,US,PLAS2,COKEO,0.01,0.0,0.0,0.0,0.0,0.0
11857,US,US,PARAF,PETRO,0.01,0.0,0.0,0.0,0.0,0.0
4545,US,US,ELEC4,COKEO,0.01,0.0,0.0,0.0,0.0,0.0
11180,US,US,PADDY,TEXTI,0.01,0.0,0.0,0.0,0.0,0.0
3445,US,US,DIST1,GASWO,0.01,0.0,0.0,0.0,0.0,0.0
8833,US,US,LIQUI,TEXT2,0.01,0.0,0.0,0.0,0.0,0.0
8268,US,US,KEROS,CROPS,0.01,0.0,0.0,0.0,0.0,0.0
4654,US,US,ELEC4,TRAN1,0.01,0.0,0.0,0.0,0.0,0.0
6097,US,US,FOOD3,PARAF,0.01,0.0,0.0,0.0,0.0,0.0
1586,US,US,BLAST,SECO9,0.01,0.0,0.0,0.0,0.0,0.0
10462,US,US,NONF1,ELE11,0.01,0.0,0.0,0.0,0.0,0.0
508,US,US,ANTHR,FORES,0.01,0.0,0.0,0.0,0.0,0.0
15115,US,US,SUGAR,MACHI,0.01,0.0,0.0,0.0,0.0,0.0
1948,US,US,CEMEN,NONFE,0.01,0.0,0.0,0.0,0.0,0.0
2136,US,US,CEREA,PETRO,0.01,0.0,0.0,0.0,0.0,0.0
3602,US,US,DISTR,GASWO,0.01,0.0,0.0,0.0,0.0,0.0
6393,US,US,FOOD5,WOOD1,0.01,0.0,0.0,0.0,0.0,0.0
5559,US,US,FABRI,NONFE,0.01,0.0,0.0,0.0,0.0,0.0
10567,US,US,NONFE,TEXTI,0.01,0.0,0.0,0.0,0.0,0.0
4011,US,US,ELE12,KEROS,0.01,0.0,0.0,0.0,0.0,0.0
8631,US,US,LEATH,PAPE1,0.01,0.0,0.0,0.0,0.0,0.0
14737,US,US,STEAM,ELEC5,0.01,0.0,0.0,0.0,0.0,0.0
14250,US,US,SALEM,ELEC9,0.01,0.0,0.0,0.0,0.0,0.0
11838,US,US,PARAF,BLAST,0.01,0.0,0.0,0.0,0.0,0.0
15564,US,US,TEXT2,NUCLE,0.01,0.0,0.0,0.0,0.0,0.0
12803,US,US,PRINT,FOOD3,0.01,0.0,0.0,0.0,0.0,0.0
7207,US,US,HEAVY,COKEO,0.01,0.0,0.0,0.0,0.0,0.0
2398,US,US,CHEMI,PLAST,0.01,0.0,0.0,0.0,0.0,0.0
555,US,US,ANTHR,RECRE,0.01,0.0,0.0,0.0,0.0,0.0
3476,US,US,DIST1,NATU1,0.01,0.0,0.0,0.0,0.0,0.0
7018,US,US,GASWO,ELE12,0.01,0.0,0.0,0.0,0.0,0.0
1848,US,US,CATTL,FORES,0.01,0.0,0.0,0.0,0.0,0.0
1934,US,US,CEMEN,LIQUI,0.01,0.0,0.0,0.0,0.0,0.0
5291,US,US,ELEC9,TOBAC,0.01,0.0,0.0,0.0,0.0,0.0
520,US,US,ANTHR,LEATH,0.01,0.0,0.0,0.0,0.0,0.0
6479,US,US,FOODW,MEATA,0.01,0.0,0.0,0.0,0.0,0.0
1374,US,US,BITU1,BIOG1,0.01,0.0,0.0,0.0,0.0,0.0
7236,US,US,HEAVY,FOODW,0.01,0.0,0.0,0.0,0.0,0.0
3952,US,US,ELE11,TEXT1,0.01,0.0,0.0,0.0,0.0,0.0
2553,US,US,COLLE,MEATA,0.01,0.0,0.0,0.0,0.0,0.0
14891,US,US,STONE,NONFE,0.01,0.0,0.0,0.0,0.0,0.0
12476,US,US,POSTT,COKEO,0.01,0.0,0.0,0.0,0.0,0.0
182,US,US,AIRTR,FOOD3,0.01,0.0,0.0,0.0,0.0,0.0
4777,US,US,ELEC5,REFIN,0.01,0.0,0.0,0.0,0.0,0.0
5286,US,US,ELEC9,SEWAG,0.01,0.0,0.0,0.0,0.0,0.0
8785,US,US,LIQUI,KERO1,0.01,0.0,0.0,0.0,0.0,0.0
8262,US,US,KEROS,CEREA,0.01,0.0,0.0,0.0,0.0,0.0
6102,US,US,FOOD3,PLAST,0.01,0.0,0.0,0.0,0.0,0.0
12721,US,US,PRECI,FABRI,0.01,0.0,0.0,0.0,0.0,0.0
12848,US,US,PRINT,NUCLE,0.01,0.0,0.0,0.0,0.0,0.0
9558,US,US,MEDIC,VEGET,0.01,0.0,0.0,0.0,0.0,0.0
10759,US,US,NONSP,PARAF,0.01,0.0,0.0,0.0,0.0,0.0
12057,US,US,PLANT,SEWAG,0.01,0.0,0.0,0.0,0.0,0.0
14365,US,US,SANDC,AUXIL,0.01,0.0,0.0,0.0,0.0,0.0
8260,US,US,KEROS,BUSIN,0.01,0.0,0.0,0.0,0.0,0.0
9933,US,US,MOTOR,ELEC9,0.01,0.0,0.0,0.0,0.0,0.0
12720,US,US,PRECI,ETHAN,0.01,0.0,0.0,0.0,0.0,0.0
17045,US,US,WOODW,HYDRO,0.01,0.0,0.0,0.0,0.0,0.0
14497,US,US,SECO9,BUSIN,0.01,0.0,0.0,0.0,0.0,0.0
6665,US,US,FOUND,LIQUI,0.01,0.0,0.0,0.0,0.0,0.0
13669,US,US,REFI1,TEXTI,0.01,0.0,0.0,0.0,0.0,0.0
14808,US,US,STEAM,REFI1,0.01,0.0,0.0,0.0,0.0,0.0
10556,US,US,NONFE,PREC1,0.01,0.0,0.0,0.0,0.0,0.0
8628,US,US,LEATH,MOTOR,0.01,0.0,0.0,0.0,0.0,0.0
4687,US,US,ELEC5,COKEO,0.01,0.0,0.0,0.0,0.0,0.0
4875,US,US,ELEC6,MEATA,0.01,0.0,0.0,0.0,0.0,0.0
541,US,US,ANTHR,NUCLE,0.01,0.0,0.0,0.0,0.0,0.0
4661,US,US,ELEC4,WHITE,0.01,0.0,0.0,0.0,0.0,0.0
14793,US,US,STEAM,PIGS9,0.01,0.0,0.0,0.0,0.0,0.0
4797,US,US,ELEC5,TRAN1,0.01,0.0,0.0,0.0,0.0,0.0
8717,US,US,LIGNI,SUGA1,0.01,0.0,0.0,0.0,0.0,0.0
8527,US,US,LEADZ,CEMEN,0.01,0.0,0.0,0.0,0.0,0.0
2486,US,US,COLLE,BLAST,0.01,0.0,0.0,0.0,0.0,0.0
10886,US,US,OFFIC,LUBRI,0.01,0.0,0.0,0.0,0.0,0.0
15510,US,US,TEXT2,ELEC6,0.01,0.0,0.0,0.0,0.0,0.0
9801,US,US,MOTO1,LEADZ,0.01,0.0,0.0,0.0,0.0,0.0
10387,US,US,NATUR,WOOLS,0.01,0.0,0.0,0.0,0.0,0.0
2132,US,US,CEREA,NONSP,0.01,0.0,0.0,0.0,0.0,0.0
7337,US,US,HEAVY,WOOD2,0.01,0.0,0.0,0.0,0.0,0.0
9197,US,US,MEAT4,BITU1,0.01,0.0,0.0,0.0,0.0,0.0
7091,US,US,GLASS,NFERT,0.01,0.0,0.0,0.0,0.0,0.0
11865,US,US,PARAF,SUBBI,0.01,0.0,0.0,0.0,0.0,0.0
1052,US,US,BIODI,LEAD1,0.01,0.0,0.0,0.0,0.0,0.0
5673,US,US,FINAN,ELEC9,0.01,0.0,0.0,0.0,0.0,0.0
3078,US,US,COPPE,REALE,0.01,0.0,0.0,0.0,0.0,0.0
15761,US,US,TOBAC,WEARI,0.01,0.0,0.0,0.0,0.0,0.0
14476,US,US,SEACO,PAPE1,0.01,0.0,0.0,0.0,0.0,0.0
14383,US,US,SANDC,COPP1,0.01,0.0,0.0,0.0,0.0,0.0
8581,US,US,LEADZ,VEGE1,0.01,0.0,0.0,0.0,0.0,0.0
2463,US,US,COKE1,RADIO,0.01,0.0,0.0,0.0,0.0,0.0
12793,US,US,PRINT,ELEC6,0.01,0.0,0.0,0.0,0.0,0.0
3304,US,US,CRUDE,RETA1,0.01,0.0,0.0,0.0,0.0,0.0
8893,US,US,LUBRI,FOOD2,0.01,0.0,0.0,0.0,0.0,0.0
11393,US,US,PAPE3,ELEC9,0.01,0.0,0.0,0.0,0.0,0.0
14203,US,US,RUBBE,WOOLS,0.01,0.0,0.0,0.0,0.0,0.0
12039,US,US,PIGS9,SECO9,0.01,0.0,0.0,0.0,0.0,0.0
13194,US,US,RADIO,PADDY,0.01,0.0,0.0,0.0,0.0,0.0
1606,US,US,BRICK,ETHAN,0.01,0.0,0.0,0.0,0.0,0.0
11863,US,US,PARAF,STEAM,0.01,0.0,0.0,0.0,0.0,0.0
16247,US,US,WASTE,LIGNI,0.01,0.0,0.0,0.0,0.0,0.0
10844,US,US,OFFIC,ELE12,0.01,0.0,0.0,0.0,0.0,0.0
15728,US,US,TEXTI,REFI1,0.01,0.0,0.0,0.0,0.0,0.0
6163,US,US,FOOD4,COKEO,0.01,0.0,0.0,0.0,0.0,0.0
15861,US,US,TRAN1,PARAF,0.01,0.0,0.0,0.0,0.0,0.0
8558,US,US,LEADZ,OFFIC,0.01,0.0,0.0,0.0,0.0,0.0
6389,US,US,FOOD5,TRANS,0.01,0.0,0.0,0.0,0.0,0.0
6606,US,US,FORES,NONSP,0.01,0.0,0.0,0.0,0.0,0.0
11001,US,US,OILHA,FOOD2,0.01,0.0,0.0,0.0,0.0,0.0
3731,US,US,EDUCA,ELE12,0.01,0.0,0.0,0.0,0.0,0.0
774,US,US,BASIC,AUXIL,0.01,0.0,0.0,0.0,0.0,0.0
7535,US,US,HYDRO,DAIRY,0.01,0.0,0.0,0.0,0.0,0.0
14411,US,US,SANDC,MEATC,0.01,0.0,0.0,0.0,0.0,0.0
1204,US,US,BIOG1,RETAI,0.01,0.0,0.0,0.0,0.0,0.0
7876,US,US,INSUR,GASWO,0.01,0.0,0.0,0.0,0.0,0.0
16356,US,US,WEARI,NONME,0.01,0.0,0.0,0.0,0.0,0.0
16407,US,US,WHEAT,ELECT,0.01,0.0,0.0,0.0,0.0,0.0
8742,US,US,LIQUI,BIOG1,0.01,0.0,0.0,0.0,0.0,0.0
13139,US,US,RADIO,ELEC9,0.01,0.0,0.0,0.0,0.0,0.0
15711,US,US,TEXTI,PETRO,0.01,0.0,0.0,0.0,0.0,0.0
10885,US,US,OFFIC,LIQUI,0.01,0.0,0.0,0.0,0.0,0.0
15654,US,US,TEXTI,CRUDE,0.01,0.0,0.0,0.0,0.0,0.0
13585,US,US,RECRE,NUCLE,0.01,0.0,0.0,0.0,0.0,0.0
14326,US,US,SALEM,RAILW,0.01,0.0,0.0,0.0,0.0,0.0
3175,US,US,CROPS,STONE,0.01,0.0,0.0,0.0,0.0,0.0
5296,US,US,ELEC9,WEARI,0.01,0.0,0.0,0.0,0.0,0.0
10554,US,US,NONFE,PETRO,0.01,0.0,0.0,0.0,0.0,0.0
11555,US,US,PAPE4,ELEC9,0.01,0.0,0.0,0.0,0.0,0.0
16017,US,US,VEGE1,AVIAT,0.01,0.0,0.0,0.0,0.0,0.0
15059,US,US,SUGA1,INERT,0.01,0.0,0.0,0.0,0.0,0.0
8956,US,US,LUBRI,PULP5,0.01,0.0,0.0,0.0,0.0,0.0
9270,US,US,MEAT4,WOODW,0.01,0.0,0.0,0.0,0.0,0.0
16198,US,US,WASTE,COKE1,0.01,0.0,0.0,0.0,0.0,0.0
9503,US,US,MEDIC,NFERT,0.01,0.0,0.0,0.0,0.0,0.0
10992,US,US,OILHA,ELEC7,0.01,0.0,0.0,0.0,0.0,0.0
6706,US,US,FOUND,WOOD2,0.01,0.0,0.0,0.0,0.0,0.0
2596,US,US,COLLE,REFIN,0.01,0.0,0.0,0.0,0.0,0.0
10907,US,US,OFFIC,PETRO,0.01,0.0,0.0,0.0,0.0,0.0
10521,US,US,NONFE,BIODI,0.01,0.0,0.0,0.0,0.0,0.0
10234,US,US,NATUR,ANTHR,0.01,0.0,0.0,0.0,0.0,0.0
3792,US,US,EDUCA,PFERT,0.01,0.0,0.0,0.0,0.0,0.0
15474,US,US,TEXT2,AVIAT,0.01,0.0,0.0,0.0,0.0,0.0
3841,US,US,EDUCA,WOOLS,0.01,0.0,0.0,0.0,0.0,0.0
12047,US,US,PIGS9,WOOD2,0.01,0.0,0.0,0.0,0.0,0.0
2409,US,US,CHEMI,REFIN,0.01,0.0,0.0,0.0,0.0,0.0
8757,US,US,LIQUI,CROPS,0.01,0.0,0.0,0.0,0.0,0.0
8802,US,US,LIQUI,OILSE,0.01,0.0,0.0,0.0,0.0,0.0
6830,US,US,FURNI,REFI1,0.01,0.0,0.0,0.0,0.0,0.0
4847,US,US,ELEC6,FOOD2,0.01,0.0,0.0,0.0,0.0,0.0
11748,US,US,PAPER,LEADZ,0.01,0.0,0.0,0.0,0.0,0.0
1403,US,US,BITU1,GASWO,0.01,0.0,0.0,0.0,0.0,0.0
10734,US,US,NONSP,GASWO,0.01,0.0,0.0,0.0,0.0,0.0
1193,US,US,BIOG1,PRECI,0.01,0.0,0.0,0.0,0.0,0.0
2435,US,US,COKE1,BUSIN,0.01,0.0,0.0,0.0,0.0,0.0
5266,US,US,ELEC9,PLANT,0.01,0.0,0.0,0.0,0.0,0.0
8418,US,US,LANDT,PARAF,0.01,0.0,0.0,0.0,0.0,0.0
12007,US,US,PIGS9,FOODW,0.01,0.0,0.0,0.0,0.0,0.0
14967,US,US,SUBBI,FINAN,0.01,0.0,0.0,0.0,0.0,0.0
8309,US,US,KEROS,WHEAT,0.01,0.0,0.0,0.0,0.0,0.0
1179,US,US,BIOG1,NONFE,0.01,0.0,0.0,0.0,0.0,0.0
8267,US,US,KEROS,CONST,0.01,0.0,0.0,0.0,0.0,0.0
2988,US,US,COPP1,ETHAN,0.01,0.0,0.0,0.0,0.0,0.0
5297,US,US,ELEC9,WHEAT,0.01,0.0,0.0,0.0,0.0,0.0
490,US,US,ANTHR,CEMEN,0.01,0.0,0.0,0.0,0.0,0.0
16023,US,US,VEGE1,BUSIN,0.01,0.0,0.0,0.0,0.0,0.0
16703,US,US,WOOD1,COKE1,0.01,0.0,0.0,0.0,0.0,0.0
7852,US,US,INSUR,ELE12,0.01,0.0,0.0,0.0,0.0,0.0
12019,US,US,PIGS9,MEDIC,0.01,0.0,0.0,0.0,0.0,0.0
11885,US,US,PFERT,CERAM,0.01,0.0,0.0,0.0,0.0,0.0
15768,US,US,TRAN1,AVIAT,0.01,0.0,0.0,0.0,0.0,0.0
425,US,US,ALUMI,PRECI,0.01,0.0,0.0,0.0,0.0,0.0
15045,US,US,SUGA1,BIODI,0.01,0.0,0.0,0.0,0.0,0.0
10965,US,US,OILHA,BLAST,0.01,0.0,0.0,0.0,0.0,0.0
10110,US,US,NATU1,BITU1,0.01,0.0,0.0,0.0,0.0,0.0
384,US,US,ALUMI,ALUMI,0.01,0.0,0.0,0.0,0.0,0.0
10477,US,US,NONF1,INERT,0.01,0.0,0.0,0.0,0.0,0.0
15067,US,US,SUGA1,PAPE4,0.01,0.0,0.0,0.0,0.0,0.0
10583,US,US,NONME,BLAST,0.01,0.0,0.0,0.0,0.0,0.0
5285,US,US,ELEC9,SECO9,0.01,0.0,0.0,0.0,0.0,0.0
8568,US,US,LEADZ,RADIO,0.01,0.0,0.0,0.0,0.0,0.0
4813,US,US,ELEC6,ANTHR,0.01,0.0,0.0,0.0,0.0,0.0
3748,US,US,EDUCA,FOOD3,0.01,0.0,0.0,0.0,0.0,0.0
10551,US,US,NONFE,NONFE,0.01,0.0,0.0,0.0,0.0,0.0
6652,US,US,FOUND,FOODW,0.01,0.0,0.0,0.0,0.0,0.0
8265,US,US,KEROS,COKIN,0.01,0.0,0.0,0.0,0.0,0.0
14281,US,US,SALEM,LIGNI,0.01,0.0,0.0,0.0,0.0,0.0
3983,US,US,ELE12,CHEMI,0.01,0.0,0.0,0.0,0.0,0.0
15111,US,US,SUGAR,LEATH,0.01,0.0,0.0,0.0,0.0,0.0
1856,US,US,CATTL,PUBLI,0.01,0.0,0.0,0.0,0.0,0.0
16161,US,US,VEGET,SALEM,0.01,0.0,0.0,0.0,0.0,0.0
11144,US,US,PADDY,LIQUE,0.01,0.0,0.0,0.0,0.0,0.0
11102,US,US,OILHA,WHITE,0.01,0.0,0.0,0.0,0.0,0.0
8249,US,US,KERO1,RUBBE,0.01,0.0,0.0,0.0,0.0,0.0
5730,US,US,FINAN,PADDY,0.01,0.0,0.0,0.0,0.0,0.0
1523,US,US,BITUM,PLAS1,0.01,0.0,0.0,0.0,0.0,0.0
9338,US,US,MEATC,SEWAG,0.01,0.0,0.0,0.0,0.0,0.0
498,US,US,ANTHR,CROPS,0.01,0.0,0.0,0.0,0.0,0.0
9515,US,US,MEDIC,PARAF,0.01,0.0,0.0,0.0,0.0,0.0
7160,US,US,HEALT,OILHA,0.01,0.0,0.0,0.0,0.0,0.0
16432,US,US,WHEAT,PRINT,0.01,0.0,0.0,0.0,0.0,0.0
4439,US,US,ELEC3,LEADZ,0.01,0.0,0.0,0.0,0.0,0.0
16775,US,US,WOOD1,NUCLE,0.01,0.0,0.0,0.0,0.0,0.0
3800,US,US,EDUCA,PREC1,0.01,0.0,0.0,0.0,0.0,0.0
10390,US,US,NFERT,BASIC,0.01,0.0,0.0,0.0,0.0,0.0
10837,US,US,OFFIC,CROPS,0.01,0.0,0.0,0.0,0.0,0.0
15112,US,US,SUGAR,LIQUE,0.01,0.0,0.0,0.0,0.0,0.0
8842,US,US,LIQUI,WOOD1,0.01,0.0,0.0,0.0,0.0,0.0
2115,US,US,CEREA,KERO1,0.01,0.0,0.0,0.0,0.0,0.0
4842,US,US,ELEC6,ELEC2,0.01,0.0,0.0,0.0,0.0,0.0
7077,US,US,GLASS,LEAD1,0.01,0.0,0.0,0.0,0.0,0.0
8749,US,US,LIQUI,CEREA,0.01,0.0,0.0,0.0,0.0,0.0
8237,US,US,KERO1,MEMBE,0.01,0.0,0.0,0.0,0.0,0.0
8228,US,US,KERO1,FINAN,0.01,0.0,0.0,0.0,0.0,0.0
15550,US,US,TEXT2,MEATA,0.01,0.0,0.0,0.0,0.0,0.0
10762,US,US,NONSP,PLAS1,0.01,0.0,0.0,0.0,0.0,0.0
5887,US,US,FOOD2,ELEC7,0.01,0.0,0.0,0.0,0.0,0.0
4138,US,US,ELEC1,LEADZ,0.01,0.0,0.0,0.0,0.0,0.0
9309,US,US,MEATC,MEATA,0.01,0.0,0.0,0.0,0.0,0.0
14473,US,US,SEACO,INTER,0.01,0.0,0.0,0.0,0.0,0.0
4547,US,US,ELEC4,COLLE,0.01,0.0,0.0,0.0,0.0,0.0
7800,US,US,INLAN,LANDT,0.01,0.0,0.0,0.0,0.0,0.0
6386,US,US,FOOD5,TEXT1,0.01,0.0,0.0,0.0,0.0,0.0
14778,US,US,STEAM,NATU1,0.01,0.0,0.0,0.0,0.0,0.0
12736,US,US,PRECI,NONSP,0.01,0.0,0.0,0.0,0.0,0.0
16367,US,US,WEARI,PREC1,0.01,0.0,0.0,0.0,0.0,0.0
8829,US,US,LIQUI,SUBBI,0.01,0.0,0.0,0.0,0.0,0.0
1418,US,US,BITU1,NATU1,0.01,0.0,0.0,0.0,0.0,0.0
9265,US,US,MEAT4,TRANS,0.01,0.0,0.0,0.0,0.0,0.0
10985,US,US,OILHA,ELE11,0.01,0.0,0.0,0.0,0.0,0.0
1991,US,US,CEMEN,WASTE,0.01,0.0,0.0,0.0,0.0,0.0
4266,US,US,ELEC2,ELEC7,0.01,0.0,0.0,0.0,0.0,0.0
12266,US,US,PLAS2,ELEC9,0.01,0.0,0.0,0.0,0.0,0.0
8623,US,US,LEATH,MEATC,0.01,0.0,0.0,0.0,0.0,0.0
8133,US,US,IRONO,AVIAT,0.01,0.0,0.0,0.0,0.0,0.0
16410,US,US,WHEAT,FORES,0.01,0.0,0.0,0.0,0.0,0.0
12710,US,US,PRECI,BASIC,0.01,0.0,0.0,0.0,0.0,0.0
3616,US,US,DISTR,LEADZ,0.01,0.0,0.0,0.0,0.0,0.0
2542,US,US,COLLE,KERO1,0.01,0.0,0.0,0.0,0.0,0.0
4634,US,US,ELEC4,REFIN,0.01,0.0,0.0,0.0,0.0,0.0
3194,US,US,CRUDE,ANIMA,0.01,0.0,0.0,0.0,0.0,0.0
5939,US,US,FOOD2,NONSP,0.01,0.0,0.0,0.0,0.0,0.0
7587,US,US,HYDRO,OFFIC,0.01,0.0,0.0,0.0,0.0,0.0
5221,US,US,ELEC9,CERAM,0.01,0.0,0.0,0.0,0.0,0.0
16721,US,US,WOOD1,ELEC6,0.01,0.0,0.0,0.0,0.0,0.0
8074,US,US,INTER,PARAF,0.01,0.0,0.0,0.0,0.0,0.0
15004,US,US,SUBBI,NUCLE,0.01,0.0,0.0,0.0,0.0,0.0
6625,US,US,FORES,SEWAG,0.01,0.0,0.0,0.0,0.0,0.0
4689,US,US,ELEC5,COLLE,0.01,0.0,0.0,0.0,0.0,0.0
11123,US,US,PADDY,CEMEN,0.01,0.0,0.0,0.0,0.0,0.0
1167,US,US,BIOG1,LIQUE,0.01,0.0,0.0,0.0,0.0,0.0
417,US,US,ALUMI,NONFE,0.01,0.0,0.0,0.0,0.0,0.0
15983,US,US,TRANS,PAPER,0.01,0.0,0.0,0.0,0.0,0.0
71,US,US,93197,LIQUI,0.01,0.0,0.0,0.0,0.0,0.0
15121,US,US,SUGAR,OFFIC,0.01,0.0,0.0,0.0,0.0,0.0
11856,US,US,PARAF,NAPHT,0.01,0.0,0.0,0.0,0.0,0.0
1486,US,US,BITUM,INERT,0.01,0.0,0.0,0.0,0.0,0.0
386,US,US,ALUMI,BEVER,0.01,0.0,0.0,0.0,0.0,0.0
531,US,US,ANTHR,MEMBE,0.01,0.0,0.0,0.0,0.0,0.0
8629,US,US,LEATH,NONF1,0.01,0.0,0.0,0.0,0.0,0.0
5196,US,US,ELEC8,TRAN1,0.01,0.0,0.0,0.0,0.0,0.0
11156,US,US,PADDY,OFFIC,0.01,0.0,0.0,0.0,0.0,0.0
14257,US,US,SALEM,FOOD3,0.01,0.0,0.0,0.0,0.0,0.0
1487,US,US,BITUM,INLAN,0.01,0.0,0.0,0.0,0.0,0.0
5214,US,US,ELEC9,BIODI,0.01,0.0,0.0,0.0,0.0,0.0
4890,US,US,ELEC6,OILHA,0.01,0.0,0.0,0.0,0.0,0.0
5065,US,US,ELEC7,WOOD1,0.01,0.0,0.0,0.0,0.0,0.0
7816,US,US,INLAN,WOOD2,0.01,0.0,0.0,0.0,0.0,0.0
15785,US,US,TRAN1,COKE1,0.01,0.0,0.0,0.0,0.0,0.0
15120,US,US,SUGAR,NONME,0.01,0.0,0.0,0.0,0.0,0.0
8688,US,US,LIGNI,ETHAN,0.01,0.0,0.0,0.0,0.0,0.0
10094,US,US,NAPHT,STONE,0.01,0.0,0.0,0.0,0.0,0.0
5261,US,US,ELEC9,OFFIC,0.01,0.0,0.0,0.0,0.0,0.0
1182,US,US,BIOG1,NUCLE,0.01,0.0,0.0,0.0,0.0,0.0
10514,US,US,NONF1,WEARI,0.01,0.0,0.0,0.0,0.0,0.0
6560,US,US,FORES,BASIC,0.01,0.0,0.0,0.0,0.0,0.0
2339,US,US,CHEMI,COKEO,0.01,0.0,0.0,0.0,0.0,0.0
476,US,US,ANIMA,TRANS,0.01,0.0,0.0,0.0,0.0,0.0
7796,US,US,INLAN,FOODW,0.01,0.0,0.0,0.0,0.0,0.0
5914,US,US,FOOD2,KERO1,0.01,0.0,0.0,0.0,0.0,0.0
16544,US,US,WHITE,WOOD1,0.01,0.0,0.0,0.0,0.0,0.0
15069,US,US,SUGA1,PLAS1,0.01,0.0,0.0,0.0,0.0,0.0
14023,US,US,RETA1,PAPE1,0.01,0.0,0.0,0.0,0.0,0.0
9359,US,US,MEATP,ELECT,0.01,0.0,0.0,0.0,0.0,0.0
8542,US,US,LEADZ,HEAVY,0.01,0.0,0.0,0.0,0.0,0.0
6185,US,US,FOOD4,ELEC9,0.01,0.0,0.0,0.0,0.0,0.0
15092,US,US,SUGAR,CEMEN,0.01,0.0,0.0,0.0,0.0,0.0
14376,US,US,SANDC,CERAM,0.01,0.0,0.0,0.0,0.0,0.0
8388,US,US,LANDT,LIGNI,0.01,0.0,0.0,0.0,0.0,0.0
317,US,US,ALUM1,GASWO,0.01,0.0,0.0,0.0,0.0,0.0
8764,US,US,LIQUI,ETHAN,0.01,0.0,0.0,0.0,0.0,0.0
4998,US,US,ELEC7,LUBRI,0.01,0.0,0.0,0.0,0.0,0.0
5782,US,US,FINAN,WASTE,0.01,0.0,0.0,0.0,0.0,0.0
6917,US,US,GASDI,HYDRO,0.01,0.0,0.0,0.0,0.0,0.0
5050,US,US,ELEC7,SUBBI,0.01,0.0,0.0,0.0,0.0,0.0
874,US,US,BASIC,PARAF,0.01,0.0,0.0,0.0,0.0,0.0
14782,US,US,STEAM,NONSP,0.01,0.0,0.0,0.0,0.0,0.0
12053,US,US,PLANT,PUBLI,0.01,0.0,0.0,0.0,0.0,0.0
13397,US,US,REALE,IRONO,0.01,0.0,0.0,0.0,0.0,0.0
10446,US,US,NONF1,BIOG1,0.01,0.0,0.0,0.0,0.0,0.0
7523,US,US,HYDRO,CEREA,0.01,0.0,0.0,0.0,0.0,0.0
4024,US,US,ELE12,NATU1,0.01,0.0,0.0,0.0,0.0,0.0
15097,US,US,SUGAR,EDUCA,0.01,0.0,0.0,0.0,0.0,0.0
7896,US,US,INSUR,LUBRI,0.01,0.0,0.0,0.0,0.0,0.0
956,US,US,BEVER,OILHA,0.01,0.0,0.0,0.0,0.0,0.0
2380,US,US,CHEMI,NONF1,0.01,0.0,0.0,0.0,0.0,0.0
2497,US,US,COLLE,COKIN,0.01,0.0,0.0,0.0,0.0,0.0
5077,US,US,ELEC8,BIOG1,0.01,0.0,0.0,0.0,0.0,0.0
10428,US,US,NFERT,PREC1,0.01,0.0,0.0,0.0,0.0,0.0
8213,US,US,KERO1,BITU1,0.01,0.0,0.0,0.0,0.0,0.0
7562,US,US,HYDRO,LANDT,0.01,0.0,0.0,0.0,0.0,0.0
9442,US,US,MEDIC,DAIRY,0.01,0.0,0.0,0.0,0.0,0.0
419,US,US,ALUMI,NONSP,0.01,0.0,0.0,0.0,0.0,0.0
12003,US,US,PIGS9,FABRI,0.01,0.0,0.0,0.0,0.0,0.0
7274,US,US,HEAVY,NONFE,0.01,0.0,0.0,0.0,0.0,0.0
2202,US,US,CHEM1,ELEC9,0.01,0.0,0.0,0.0,0.0,0.0
14886,US,US,STONE,MOTO1,0.01,0.0,0.0,0.0,0.0,0.0
16462,US,US,WHITE,CRUDE,0.01,0.0,0.0,0.0,0.0,0.0
2322,US,US,CHEM1,WOOLS,0.01,0.0,0.0,0.0,0.0,0.0
6558,US,US,FORES,AIRTR,0.01,0.0,0.0,0.0,0.0,0.0
10419,US,US,NFERT,NAPHT,0.01,0.0,0.0,0.0,0.0,0.0
10737,US,US,NONSP,INERT,0.01,0.0,0.0,0.0,0.0,0.0
11167,US,US,PADDY,PRINT,0.01,0.0,0.0,0.0,0.0,0.0
1384,US,US,BITU1,COPP1,0.01,0.0,0.0,0.0,0.0,0.0
104,US,US,93197,REFI1,0.01,0.0,0.0,0.0,0.0,0.0
8004,US,US,INTER,ELE12,0.01,0.0,0.0,0.0,0.0,0.0
1585,US,US,BLAST,NATUR,0.01,0.0,0.0,0.0,0.0,0.0
1133,US,US,BIOG1,AIRTR,0.01,0.0,0.0,0.0,0.0,0.0
11860,US,US,PARAF,REFI1,0.01,0.0,0.0,0.0,0.0,0.0
9495,US,US,MEDIC,MEATP,0.01,0.0,0.0,0.0,0.0,0.0
15934,US,US,TRANS,CEMEN,0.01,0.0,0.0,0.0,0.0,0.0
3969,US,US,ELE12,ANIMA,0.01,0.0,0.0,0.0,0.0,0.0
7324,US,US,HEAVY,TEXT2,0.01,0.0,0.0,0.0,0.0,0.0
5858,US,US,FOOD2,BLAST,0.01,0.0,0.0,0.0,0.0,0.0
5211,US,US,ELEC9,AUXIL,0.01,0.0,0.0,0.0,0.0,0.0
5176,US,US,ELEC8,REFI1,0.01,0.0,0.0,0.0,0.0,0.0
15066,US,US,SUGA1,PAPE3,0.01,0.0,0.0,0.0,0.0,0.0
8546,US,US,LEADZ,KEROS,0.03,0.0,0.0,0.0,0.0,0.0
8215,US,US,KERO1,CHEM1,0.03,0.0,0.0,0.0,0.0,0.0
6671,US,US,FOUND,NONFE,0.03,0.0,0.0,0.0,0.0,0.0
9834,US,US,MOTO1,PETRO,0.06,0.0,0.0,0.0,0.0,0.0
4988,US,US,ELEC7,INERT,0.07,0.0,0.0,0.0,0.0,0.0
17128,US,US,WOODW,WHEAT,0.07,0.0,0.0,0.0,0.0,0.0
2578,US,US,COLLE,PIGS9,0.07,0.0,0.0,0.0,0.0,0.0
15105,US,US,SUGAR,GASDI,0.07,0.0,0.0,0.0,0.0,0.0
11004,US,US,OILHA,FOODW,0.07,0.0,0.0,0.0,0.0,0.0
26,US,US,93197,CROPS,0.06,0.0,0.0,0.0,0.0,0.0
13480,US,US,REALE,WASTE,0.06,0.0,0.0,0.0,0.0,0.0
9200,US,US,MEAT4,CEMEN,0.06,0.0,0.0,0.0,0.0,0.0
8395,US,US,LANDT,MEATA,0.06,0.0,0.0,0.0,0.0,0.0
15803,US,US,TRAN1,ETHAN,0.06,0.0,0.0,0.0,0.0,0.0
16308,US,US,WASTE,SUBBI,0.06,0.0,0.0,0.0,0.0,0.0
8064,US,US,INTER,NONSP,0.07,0.0,0.0,0.0,0.0,0.0
15663,US,US,TEXTI,FOOD2,0.06,0.0,0.0,0.0,0.0,0.0
16743,US,US,WOOD1,HYDRO,0.06,0.0,0.0,0.0,0.0,0.0
7248,US,US,HEAVY,INSUR,0.06,0.0,0.0,0.0,0.0,0.0
5116,US,US,ELEC8,HEAVY,0.06,0.0,0.0,0.0,0.0,0.0
12992,US,US,PUBLI,HEALT,0.06,0.0,0.0,0.0,0.0,0.0
5868,US,US,FOOD2,COKIN,0.06,0.0,0.0,0.0,0.0,0.0
15246,US,US,SUPPO,NUCLE,0.06,0.0,0.0,0.0,0.0,0.0
8501,US,US,LEAD1,PAPER,0.06,0.0,0.0,0.0,0.0,0.0
15920,US,US,TRAN2,MOTO1,0.06,0.0,0.0,0.0,0.0,0.0
7936,US,US,INSUR,REFIN,0.06,0.0,0.0,0.0,0.0,0.0
10753,US,US,NONSP,NONSP,0.07,0.0,0.0,0.0,0.0,0.0
7910,US,US,INSUR,NFERT,0.07,0.0,0.0,0.0,0.0,0.0
1378,US,US,BITU1,CEMEN,0.05,0.0,0.0,0.0,0.0,0.0
8644,US,US,LEATH,REALE,0.07,0.0,0.0,0.0,0.0,0.0
11166,US,US,PADDY,PLAS2,0.07,0.0,0.0,0.0,0.0,0.0
17061,US,US,WOODW,MEATA,0.07,0.0,0.0,0.0,0.0,0.0
11138,US,US,PADDY,GASDI,0.07,0.0,0.0,0.0,0.0,0.0
16342,US,US,WEARI,GASDI,0.07,0.0,0.0,0.0,0.0,0.0
16249,US,US,WASTE,LIQUI,0.07,0.0,0.0,0.0,0.0,0.0
4435,US,US,ELEC3,KERO1,0.07,0.0,0.0,0.0,0.0,0.0
8521,US,US,LEADZ,BEVER,0.07,0.0,0.0,0.0,0.0,0.0
10248,US,US,NATUR,CERAM,0.07,0.0,0.0,0.0,0.0,0.0
5830,US,US,FISHF,LEATH,0.07,0.0,0.0,0.0,0.0,0.0
11257,US,US,PAPE1,KERO1,0.07,0.0,0.0,0.0,0.0,0.0
7611,US,US,HYDRO,SEACO,0.07,0.0,0.0,0.0,0.0,0.0
15594,US,US,TEXT2,REFI1,0.07,0.0,0.0,0.0,0.0,0.0
15353,US,US,TEXT1,ELEC8,0.07,0.0,0.0,0.0,0.0,0.0
16938,US,US,WOOD2,PADDY,0.07,0.0,0.0,0.0,0.0,0.0
2849,US,US,CONST,FOOD2,0.07,0.0,0.0,0.0,0.0,0.0
9242,US,US,MEAT4,OFFIC,0.07,0.0,0.0,0.0,0.0,0.0
11105,US,US,OILHA,WOOD2,0.07,0.0,0.0,0.0,0.0,0.0
9435,US,US,MEDIC,COKIN,0.07,0.0,0.0,0.0,0.0,0.0
16841,US,US,WOOD2,ANIMA,0.07,0.0,0.0,0.0,0.0,0.0
6268,US,US,FOOD4,REFIN,0.07,0.0,0.0,0.0,0.0,0.0
4740,US,US,ELEC5,NAPHT,0.07,0.0,0.0,0.0,0.0,0.0
5016,US,US,ELEC7,PADDY,0.07,0.0,0.0,0.0,0.0,0.0
6535,US,US,FOODW,STEAM,0.06,0.0,0.0,0.0,0.0,0.0
10803,US,US,NUCLE,PLAST,0.06,0.0,0.0,0.0,0.0,0.0
14962,US,US,SUBBI,EDUCA,0.06,0.0,0.0,0.0,0.0,0.0
13766,US,US,RENTI,GASWO,0.06,0.0,0.0,0.0,0.0,0.0
5898,US,US,FOOD2,FOODW,0.06,0.0,0.0,0.0,0.0,0.0
14265,US,US,SALEM,GASWO,0.06,0.0,0.0,0.0,0.0,0.0
14227,US,US,SALEM,COKE1,0.06,0.0,0.0,0.0,0.0,0.0
14523,US,US,SECO9,OFFIC,0.06,0.0,0.0,0.0,0.0,0.0
8778,US,US,LIQUI,HEAVY,0.06,0.0,0.0,0.0,0.0,0.0
12678,US,US,PREC1,PAPE1,0.06,0.0,0.0,0.0,0.0,0.0
1841,US,US,BUSIN,WOOLS,0.06,0.0,0.0,0.0,0.0,0.0
14526,US,US,SECO9,PLAST,0.06,0.0,0.0,0.0,0.0,0.0
6328,US,US,FOOD5,GLASS,0.06,0.0,0.0,0.0,0.0,0.0
523,US,US,ANTHR,LIQUI,0.06,0.0,0.0,0.0,0.0,0.0
4829,US,US,ELEC6,CHEMI,0.06,0.0,0.0,0.0,0.0,0.0
8670,US,US,LIGNI,CEMEN,0.06,0.0,0.0,0.0,0.0,0.0
7548,US,US,HYDRO,FOOD5,0.06,0.0,0.0,0.0,0.0,0.0
3503,US,US,DIST1,PRECI,0.06,0.0,0.0,0.0,0.0,0.0
2455,US,US,COKE1,GASWO,0.06,0.0,0.0,0.0,0.0,0.0
1351,US,US,BIOGA,SUGA1,0.06,0.0,0.0,0.0,0.0,0.0
14486,US,US,SEACO,SEWAG,0.06,0.0,0.0,0.0,0.0,0.0
5888,US,US,FOOD2,ELEC8,0.06,0.0,0.0,0.0,0.0,0.0
14979,US,US,SUBBI,KERO1,0.06,0.0,0.0,0.0,0.0,0.0
16331,US,US,WEARI,CERAM,0.06,0.0,0.0,0.0,0.0,0.0
12952,US,US,PUBLI,BLAST,0.06,0.0,0.0,0.0,0.0,0.0
8599,US,US,LEATH,ELEC1,0.06,0.0,0.0,0.0,0.0,0.0
5854,US,US,FOOD2,BIOG1,0.06,0.0,0.0,0.0,0.0,0.0
7670,US,US,INERT,ELEC6,0.06,0.0,0.0,0.0,0.0,0.0
10799,US,US,NUCLE,NONF1,0.06,0.0,0.0,0.0,0.0,0.0
13494,US,US,RECRE,AVIAT,0.06,0.0,0.0,0.0,0.0,0.0
12489,US,US,POSTT,ELE12,0.06,0.0,0.0,0.0,0.0,0.0
4604,US,US,ELEC4,NONSP,0.06,0.0,0.0,0.0,0.0,0.0
15225,US,US,SUPPO,LIGNI,0.06,0.0,0.0,0.0,0.0,0.0
9120,US,US,MACHI,REFI1,0.06,0.0,0.0,0.0,0.0,0.0
3049,US,US,COPP1,TEXT2,0.06,0.0,0.0,0.0,0.0,0.0
14068,US,US,RUBBE,COPPE,0.06,0.0,0.0,0.0,0.0,0.0
11408,US,US,PAPE3,GASWO,0.06,0.0,0.0,0.0,0.0,0.0
4883,US,US,ELEC6,NATU1,0.06,0.0,0.0,0.0,0.0,0.0
13523,US,US,RECRE,ELE11,0.06,0.0,0.0,0.0,0.0,0.0
14575,US,US,SEWAG,ELE12,0.06,0.0,0.0,0.0,0.0,0.0
15398,US,US,TEXT1,NAPHT,0.06,0.0,0.0,0.0,0.0,0.0
6000,US,US,FOOD2,WOOD2,0.06,0.0,0.0,0.0,0.0,0.0
14240,US,US,SALEM,ELE11,0.06,0.0,0.0,0.0,0.0,0.0
7929,US,US,INSUR,PROCE,0.06,0.0,0.0,0.0,0.0,0.0
2376,US,US,CHEMI,NAPHT,0.06,0.0,0.0,0.0,0.0,0.0
924,US,US,BASIC,WHITE,0.06,0.0,0.0,0.0,0.0,0.0
16486,US,US,WHITE,INERT,0.06,0.0,0.0,0.0,0.0,0.0
11570,US,US,PAPE4,GASWO,0.06,0.0,0.0,0.0,0.0,0.0
10579,US,US,NONME,BIOG1,0.06,0.0,0.0,0.0,0.0,0.0
2482,US,US,COLLE,BIOG1,0.06,0.0,0.0,0.0,0.0,0.0
3480,US,US,DIST1,NONFE,0.06,0.0,0.0,0.0,0.0,0.0
16096,US,US,VEGET,ALUM1,0.07,0.0,0.0,0.0,0.0,0.0
9658,US,US,MEMBE,NFERT,0.07,0.0,0.0,0.0,0.0,0.0
16324,US,US,WASTE,WOOD1,0.07,0.0,0.0,0.0,0.0,0.0
16884,US,US,WOOD2,ETHAN,0.07,0.0,0.0,0.0,0.0,0.0
7161,US,US,HEALT,PAPE1,0.07,0.0,0.0,0.0,0.0,0.0
14885,US,US,STONE,MEMBE,0.07,0.0,0.0,0.0,0.0,0.0
8207,US,US,IRONO,TEXT2,0.07,0.0,0.0,0.0,0.0,0.0
10213,US,US,NATU1,SECO9,0.07,0.0,0.0,0.0,0.0,0.0
1616,US,US,BRICK,HEAVY,0.07,0.0,0.0,0.0,0.0,0.0
2460,US,US,COKE1,PAPER,0.07,0.0,0.0,0.0,0.0,0.0
6443,US,US,FOODW,ETHAN,0.07,0.0,0.0,0.0,0.0,0.0
6175,US,US,FOOD4,ELE11,0.07,0.0,0.0,0.0,0.0,0.0
310,US,US,ALUM1,FOOD2,0.07,0.0,0.0,0.0,0.0,0.0
2038,US,US,CERAM,GASWO,0.07,0.0,0.0,0.0,0.0,0.0
805,US,US,BASIC,ELE11,0.07,0.0,0.0,0.0,0.0,0.0
5409,US,US,ELECT,PETRO,0.07,0.0,0.0,0.0,0.0,0.0
4019,US,US,ELE12,MEATP,0.07,0.0,0.0,0.0,0.0,0.0
9923,US,US,MOTOR,ELE11,0.07,0.0,0.0,0.0,0.0,0.0
1202,US,US,BIOG1,RESEA,0.07,0.0,0.0,0.0,0.0,0.0
9360,US,US,MEATP,FABRI,0.07,0.0,0.0,0.0,0.0,0.0
14802,US,US,STEAM,PUBLI,0.07,0.0,0.0,0.0,0.0,0.0
4562,US,US,ELEC4,FOOD2,0.07,0.0,0.0,0.0,0.0,0.0
16756,US,US,WOOD1,LIQUI,0.07,0.0,0.0,0.0,0.0,0.0
6332,US,US,FOOD5,INERT,0.07,0.0,0.0,0.0,0.0,0.0
8243,US,US,KERO1,REALE,0.07,0.0,0.0,0.0,0.0,0.0
8252,US,US,KERO1,SEACO,0.07,0.0,0.0,0.0,0.0,0.0
16261,US,US,WASTE,NAPHT,0.07,0.0,0.0,0.0,0.0,0.0
12119,US,US,PLAS1,GASWO,0.07,0.0,0.0,0.0,0.0,0.0
12725,US,US,PRECI,HEAVY,0.07,0.0,0.0,0.0,0.0,0.0
10563,US,US,NONFE,RUBBE,0.07,0.0,0.0,0.0,0.0,0.0
8377,US,US,LANDT,HYDRO,0.07,0.0,0.0,0.0,0.0,0.0
15989,US,US,TRANS,PRINT,0.07,0.0,0.0,0.0,0.0,0.0
1422,US,US,BITU1,OFFIC,0.07,0.0,0.0,0.0,0.0,0.0
1610,US,US,BRICK,FOODW,0.07,0.0,0.0,0.0,0.0,0.0
9446,US,US,MEDIC,ELE11,0.07,0.0,0.0,0.0,0.0,0.0
6497,US,US,FOODW,PADDY,0.07,0.0,0.0,0.0,0.0,0.0
14159,US,US,RUBBE,PRECI,0.07,0.0,0.0,0.0,0.0,0.0
5008,US,US,ELEC7,MOTOR,0.07,0.0,0.0,0.0,0.0,0.0
15019,US,US,SUBBI,RENTI,0.07,0.0,0.0,0.0,0.0,0.0
15322,US,US,TEXT1,BITU1,0.07,0.0,0.0,0.0,0.0,0.0
8790,US,US,LIQUI,MACHI,0.07,0.0,0.0,0.0,0.0,0.0
12852,US,US,PRINT,PADDY,0.07,0.0,0.0,0.0,0.0,0.0
2467,US,US,COKE1,TEXTI,0.07,0.0,0.0,0.0,0.0,0.0
11066,US,US,OILHA,PUBLI,0.07,0.0,0.0,0.0,0.0,0.0
10824,US,US,OFFIC,BLAST,0.07,0.0,0.0,0.0,0.0,0.0
1158,US,US,BIOG1,GASDI,0.07,0.0,0.0,0.0,0.0,0.0
13076,US,US,PULP5,BIOGA,0.07,0.0,0.0,0.0,0.0,0.0
2048,US,US,CERAM,MEAT4,0.07,0.0,0.0,0.0,0.0,0.0
900,US,US,BASIC,RETAI,0.07,0.0,0.0,0.0,0.0,0.0
8131,US,US,IRONO,ALUMI,0.07,0.0,0.0,0.0,0.0,0.0
1056,US,US,BIODI,LIQUI,0.07,0.0,0.0,0.0,0.0,0.0
5295,US,US,ELEC9,VEGET,0.07,0.0,0.0,0.0,0.0,0.0
14721,US,US,STEAM,COKE1,0.07,0.0,0.0,0.0,0.0,0.0
10599,US,US,NONME,DISTR,0.07,0.0,0.0,0.0,0.0,0.0
12877,US,US,PRINT,REFIN,0.07,0.0,0.0,0.0,0.0,0.0
8233,US,US,KERO1,HOTEL,0.07,0.0,0.0,0.0,0.0,0.0
11056,US,US,OILHA,PLANT,0.07,0.0,0.0,0.0,0.0,0.0
2894,US,US,CONST,NUCLE,0.07,0.0,0.0,0.0,0.0,0.0
8067,US,US,INTER,OILHA,0.07,0.0,0.0,0.0,0.0,0.0
6183,US,US,FOOD4,ELEC7,0.07,0.0,0.0,0.0,0.0,0.0
6153,US,US,FOOD4,BLAST,0.07,0.0,0.0,0.0,0.0,0.0
10523,US,US,NONFE,BITU1,0.07,0.0,0.0,0.0,0.0,0.0
12912,US,US,PROCE,BIODI,0.07,0.0,0.0,0.0,0.0,0.0
16223,US,US,WASTE,FINAN,0.07,0.0,0.0,0.0,0.0,0.0
4708,US,US,ELEC5,FORES,0.07,0.0,0.0,0.0,0.0,0.0
14462,US,US,SANDC,WOOD1,0.07,0.0,0.0,0.0,0.0,0.0
11424,US,US,PAPE3,LIGNI,0.07,0.0,0.0,0.0,0.0,0.0
513,US,US,ANTHR,GLASS,0.07,0.0,0.0,0.0,0.0,0.0
1062,US,US,BIODI,MEATP,0.07,0.0,0.0,0.0,0.0,0.0
1471,US,US,BITUM,ETHAN,0.07,0.0,0.0,0.0,0.0,0.0
9294,US,US,MEATC,FURNI,0.07,0.0,0.0,0.0,0.0,0.0
10703,US,US,NONSP,ANTHR,0.07,0.0,0.0,0.0,0.0,0.0
15610,US,US,TEXT2,SUGAR,0.07,0.0,0.0,0.0,0.0,0.0
8061,US,US,INTER,NFERT,0.07,0.0,0.0,0.0,0.0,0.0
5663,US,US,FINAN,ELE11,0.07,0.0,0.0,0.0,0.0,0.0
2452,US,US,COKE1,FABRI,0.07,0.0,0.0,0.0,0.0,0.0
13700,US,US,REFIN,STEAM,0.07,0.0,0.0,0.0,0.0,0.0
2494,US,US,COLLE,CHEMI,0.07,0.0,0.0,0.0,0.0,0.0
2958,US,US,CONST,WOOLS,0.07,0.0,0.0,0.0,0.0,0.0
5255,US,US,ELEC9,MEMBE,0.07,0.0,0.0,0.0,0.0,0.0
16522,US,US,WHITE,REFIN,0.07,0.0,0.0,0.0,0.0,0.0
8744,US,US,LIQUI,BITUM,0.07,0.0,0.0,0.0,0.0,0.0
4038,US,US,ELE12,PLANT,0.07,0.0,0.0,0.0,0.0,0.0
8695,US,US,LIGNI,HEAVY,0.07,0.0,0.0,0.0,0.0,0.0
2080,US,US,CERAM,STONE,0.07,0.0,0.0,0.0,0.0,0.0
524,US,US,ANTHR,LUBRI,0.07,0.0,0.0,0.0,0.0,0.0
9239,US,US,MEAT4,NONME,0.07,0.0,0.0,0.0,0.0,0.0
3305,US,US,CRUDE,RETAI,0.07,0.0,0.0,0.0,0.0,0.0
4134,US,US,ELEC1,KERO1,0.07,0.0,0.0,0.0,0.0,0.0
15638,US,US,TEXTI,BITU1,0.07,0.0,0.0,0.0,0.0,0.0
16218,US,US,WASTE,ELEC7,0.07,0.0,0.0,0.0,0.0,0.0
8248,US,US,KERO1,RETA1,0.07,0.0,0.0,0.0,0.0,0.0
458,US,US,ANIMA,MEAT1,0.07,0.0,0.0,0.0,0.0,0.0
11586,US,US,PAPE4,LIGNI,0.07,0.0,0.0,0.0,0.0,0.0
3038,US,US,COPP1,RENTI,0.07,0.0,0.0,0.0,0.0,0.0
16029,US,US,VEGE1,CRUDE,0.07,0.0,0.0,0.0,0.0,0.0
8130,US,US,IRONO,ALUM1,0.07,0.0,0.0,0.0,0.0,0.0
8504,US,US,LEAD1,PRINT,0.07,0.0,0.0,0.0,0.0,0.0
9283,US,US,MEATC,CATTL,0.07,0.0,0.0,0.0,0.0,0.0
9665,US,US,MEMBE,PADDY,0.07,0.0,0.0,0.0,0.0,0.0
6400,US,US,FOODW,ANIMA,0.07,0.0,0.0,0.0,0.0,0.0
15799,US,US,TRAN1,ELEC2,0.07,0.0,0.0,0.0,0.0,0.0
11342,US,US,PAPE1,WHITE,0.06,0.0,0.0,0.0,0.0,0.0
3427,US,US,DIST1,ELEC3,0.06,0.0,0.0,0.0,0.0,0.0
15448,US,US,TEXT1,SUBBI,0.06,0.0,0.0,0.0,0.0,0.0
3923,US,US,ELE11,PLAS2,0.06,0.0,0.0,0.0,0.0,0.0
7971,US,US,INTER,ANTHR,0.06,0.0,0.0,0.0,0.0,0.0
535,US,US,ANTHR,NATU1,0.06,0.0,0.0,0.0,0.0,0.0
15033,US,US,SUBBI,SUPPO,0.06,0.0,0.0,0.0,0.0,0.0
1663,US,US,BRICK,TEXT2,0.06,0.0,0.0,0.0,0.0,0.0
9364,US,US,MEATP,FURNI,0.06,0.0,0.0,0.0,0.0,0.0
10435,US,US,NFERT,SANDC,0.06,0.0,0.0,0.0,0.0,0.0
4007,US,US,ELE12,INLAN,0.06,0.0,0.0,0.0,0.0,0.0
16510,US,US,WHITE,PLAS1,0.06,0.0,0.0,0.0,0.0,0.0
8699,US,US,LIGNI,LIQUE,0.06,0.0,0.0,0.0,0.0,0.0
1477,US,US,BITUM,FORES,0.06,0.0,0.0,0.0,0.0,0.0
6137,US,US,FOOD3,WHITE,0.06,0.0,0.0,0.0,0.0,0.0
948,US,US,BEVER,INTER,0.05,0.0,0.0,0.0,0.0,0.0
9354,US,US,MEATP,CATTL,0.06,0.0,0.0,0.0,0.0,0.0
16820,US,US,WOOD1,SUGAR,0.06,0.0,0.0,0.0,0.0,0.0
15386,US,US,TEXT1,LIQUI,0.06,0.0,0.0,0.0,0.0,0.0
10908,US,US,OFFIC,PFERT,0.06,0.0,0.0,0.0,0.0,0.0
8310,US,US,KEROS,WHITE,0.06,0.0,0.0,0.0,0.0,0.0
3371,US,US,DAIRY,PAPER,0.06,0.0,0.0,0.0,0.0,0.0
6357,US,US,FOOD5,PAPE3,0.06,0.0,0.0,0.0,0.0,0.0
14252,US,US,SALEM,ETHAN,0.06,0.0,0.0,0.0,0.0,0.0
6016,US,US,FOOD3,BLAST,0.05,0.0,0.0,0.0,0.0,0.0
6091,US,US,FOOD3,NONSP,0.05,0.0,0.0,0.0,0.0,0.0
1257,US,US,BIOGA,ELEC4,0.06,0.0,0.0,0.0,0.0,0.0
13662,US,US,REFI1,PARAF,0.06,0.0,0.0,0.0,0.0,0.0
8665,US,US,LIGNI,BIODI,0.06,0.0,0.0,0.0,0.0,0.0
6626,US,US,FORES,STONE,0.06,0.0,0.0,0.0,0.0,0.0
8653,US,US,LEATH,SEWAG,0.06,0.0,0.0,0.0,0.0,0.0
7171,US,US,HEALT,REALE,0.06,0.0,0.0,0.0,0.0,0.0
5689,US,US,FINAN,GASWO,0.06,0.0,0.0,0.0,0.0,0.0
15541,US,US,TEXT2,LEAD1,0.06,0.0,0.0,0.0,0.0,0.0
569,US,US,ANTHR,TRANS,0.06,0.0,0.0,0.0,0.0,0.0
1111,US,US,BIODI,STONE,0.06,0.0,0.0,0.0,0.0,0.0
5275,US,US,ELEC9,RAWMI,0.06,0.0,0.0,0.0,0.0,0.0
896,US,US,BASIC,REFIN,0.06,0.0,0.0,0.0,0.0,0.0
14824,US,US,STEAM,TEXT2,0.06,0.0,0.0,0.0,0.0,0.0
6814,US,US,FURNI,PLANT,0.06,0.0,0.0,0.0,0.0,0.0
686,US,US,AUXIL,PARAF,0.06,0.0,0.0,0.0,0.0,0.0
10175,US,US,NATU1,MEATP,0.06,0.0,0.0,0.0,0.0,0.0
6927,US,US,GASDI,LEATH,0.06,0.0,0.0,0.0,0.0,0.0
10384,US,US,NATUR,WOOD1,0.06,0.0,0.0,0.0,0.0,0.0
13747,US,US,RENTI,ELEC6,0.06,0.0,0.0,0.0,0.0,0.0
3418,US,US,DIST1,COPPE,0.06,0.0,0.0,0.0,0.0,0.0
1191,US,US,BIOG1,POSTT,0.06,0.0,0.0,0.0,0.0,0.0
13262,US,US,RAILW,EDUCA,0.06,0.0,0.0,0.0,0.0,0.0
1239,US,US,BIOGA,CERAM,0.06,0.0,0.0,0.0,0.0,0.0
5024,US,US,ELEC7,PLAS1,0.06,0.0,0.0,0.0,0.0,0.0
3773,US,US,EDUCA,MEATC,0.06,0.0,0.0,0.0,0.0,0.0
14971,US,US,SUBBI,FURNI,0.05,0.0,0.0,0.0,0.0,0.0
15902,US,US,TRAN1,TRAN1,0.05,0.0,0.0,0.0,0.0,0.0
6216,US,US,FOOD4,LIGNI,0.06,0.0,0.0,0.0,0.0,0.0
11130,US,US,PADDY,FABRI,0.05,0.0,0.0,0.0,0.0,0.0
6396,US,US,FOOD5,WOOLS,0.05,0.0,0.0,0.0,0.0,0.0
14031,US,US,RETA1,SEWAG,0.05,0.0,0.0,0.0,0.0,0.0
15514,US,US,TEXT2,ETHAN,0.05,0.0,0.0,0.0,0.0,0.0
5260,US,US,ELEC9,NONME,0.05,0.0,0.0,0.0,0.0,0.0
9483,US,US,MEDIC,KERO1,0.05,0.0,0.0,0.0,0.0,0.0
16043,US,US,VEGE1,KERO1,0.05,0.0,0.0,0.0,0.0,0.0
4598,US,US,ELEC4,NAPHT,0.05,0.0,0.0,0.0,0.0,0.0
2066,US,US,CERAM,PRINT,0.05,0.0,0.0,0.0,0.0,0.0
16448,US,US,WHITE,BASIC,0.05,0.0,0.0,0.0,0.0,0.0
6801,US,US,FURNI,NONSP,0.05,0.0,0.0,0.0,0.0,0.0
6200,US,US,FOOD4,GASWO,0.05,0.0,0.0,0.0,0.0,0.0
2731,US,US,COMPU,NUCLE,0.05,0.0,0.0,0.0,0.0,0.0
14455,US,US,SANDC,TEXT1,0.05,0.0,0.0,0.0,0.0,0.0
6495,US,US,FOODW,OILHA,0.05,0.0,0.0,0.0,0.0,0.0
13718,US,US,RENTI,BLAST,0.05,0.0,0.0,0.0,0.0,0.0
4926,US,US,ELEC6,STONE,0.05,0.0,0.0,0.0,0.0,0.0
6489,US,US,FOODW,NFERT,0.05,0.0,0.0,0.0,0.0,0.0
406,US,US,ALUMI,LEADZ,0.05,0.0,0.0,0.0,0.0,0.0
16312,US,US,WASTE,TEXT1,0.05,0.0,0.0,0.0,0.0,0.0
7726,US,US,INERT,NUCLE,0.05,0.0,0.0,0.0,0.0,0.0
8776,US,US,LIQUI,GLASS,0.05,0.0,0.0,0.0,0.0,0.0
3468,US,US,DIST1,MEATA,0.05,0.0,0.0,0.0,0.0,0.0
553,US,US,ANTHR,RADIO,0.05,0.0,0.0,0.0,0.0,0.0
8284,US,US,KEROS,KEROS,0.05,0.0,0.0,0.0,0.0,0.0
5251,US,US,ELEC9,MEAT4,0.05,0.0,0.0,0.0,0.0,0.0
8694,US,US,LIGNI,GLASS,0.05,0.0,0.0,0.0,0.0,0.0
10304,US,US,NATUR,LEATH,0.05,0.0,0.0,0.0,0.0,0.0
6006,US,US,FOOD3,ANTHR,0.05,0.0,0.0,0.0,0.0,0.0
294,US,US,ALUM1,CHEMI,0.05,0.0,0.0,0.0,0.0,0.0
2546,US,US,COLLE,LEATH,0.05,0.0,0.0,0.0,0.0,0.0
1206,US,US,BIOG1,SALEM,0.05,0.0,0.0,0.0,0.0,0.0
10160,US,US,NATU1,HOTEL,0.05,0.0,0.0,0.0,0.0,0.0
3585,US,US,DISTR,ELEC3,0.05,0.0,0.0,0.0,0.0,0.0
1904,US,US,CEMEN,ELEC9,0.05,0.0,0.0,0.0,0.0,0.0
15825,US,US,TRAN1,KERO1,0.05,0.0,0.0,0.0,0.0,0.0
9291,US,US,MEATC,FISHF,0.05,0.0,0.0,0.0,0.0,0.0
8210,US,US,IRONO,WOOD1,0.05,0.0,0.0,0.0,0.0,0.0
10851,US,US,OFFIC,ELEC7,0.05,0.0,0.0,0.0,0.0,0.0
2983,US,US,COPP1,ELEC4,0.05,0.0,0.0,0.0,0.0,0.0
10215,US,US,NATU1,STONE,0.05,0.0,0.0,0.0,0.0,0.0
3149,US,US,CROPS,NUCLE,0.05,0.0,0.0,0.0,0.0,0.0
10601,US,US,NONME,ELEC1,0.05,0.0,0.0,0.0,0.0,0.0
9761,US,US,MOTO1,ELE12,0.05,0.0,0.0,0.0,0.0,0.0
4866,US,US,ELEC6,LEAD1,0.05,0.0,0.0,0.0,0.0,0.0
10437,US,US,NFERT,STONE,0.05,0.0,0.0,0.0,0.0,0.0
13332,US,US,REALE,AVIAT,0.05,0.0,0.0,0.0,0.0,0.0
13589,US,US,RECRE,PADDY,0.05,0.0,0.0,0.0,0.0,0.0
14840,US,US,STONE,AUXIL,0.06,0.0,0.0,0.0,0.0,0.0
16210,US,US,WASTE,ELE11,0.06,0.0,0.0,0.0,0.0,0.0
8293,US,US,KEROS,NONSP,0.06,0.0,0.0,0.0,0.0,0.0
12256,US,US,PLAS2,ELE11,0.06,0.0,0.0,0.0,0.0,0.0
8978,US,US,LUBRI,TEXT2,0.06,0.0,0.0,0.0,0.0,0.0
12444,US,US,PLAST,SUGA1,0.06,0.0,0.0,0.0,0.0,0.0
8492,US,US,LEAD1,IRONO,0.06,0.0,0.0,0.0,0.0,0.0
6607,US,US,FORES,NUCLE,0.06,0.0,0.0,0.0,0.0,0.0
17087,US,US,WOODW,PLANT,0.06,0.0,0.0,0.0,0.0,0.0
13548,US,US,RECRE,GASWO,0.06,0.0,0.0,0.0,0.0,0.0
9155,US,US,MACHI,WOOLS,0.06,0.0,0.0,0.0,0.0,0.0
8517,US,US,LEAD1,WOODW,0.06,0.0,0.0,0.0,0.0,0.0
4069,US,US,ELE12,TOBAC,0.06,0.0,0.0,0.0,0.0,0.0
8800,US,US,LIQUI,NONME,0.06,0.0,0.0,0.0,0.0,0.0
8539,US,US,LEADZ,GASDI,0.06,0.0,0.0,0.0,0.0,0.0
15682,US,US,TEXTI,KEROS,0.06,0.0,0.0,0.0,0.0,0.0
7961,US,US,INSUR,WHITE,0.06,0.0,0.0,0.0,0.0,0.0
8743,US,US,LIQUI,BIOGA,0.06,0.0,0.0,0.0,0.0,0.0
16976,US,US,WOOD2,STEAM,0.06,0.0,0.0,0.0,0.0,0.0
16784,US,US,WOOD1,PETRO,0.06,0.0,0.0,0.0,0.0,0.0
6857,US,US,FURNI,WHEAT,0.06,0.0,0.0,0.0,0.0,0.0
15048,US,US,SUGA1,CATTL,0.06,0.0,0.0,0.0,0.0,0.0
547,US,US,ANTHR,POSTT,0.06,0.0,0.0,0.0,0.0,0.0
10961,US,US,OILHA,BIOG1,0.06,0.0,0.0,0.0,0.0,0.0
4347,US,US,ELEC2,REFIN,0.06,0.0,0.0,0.0,0.0,0.0
2083,US,US,CERAM,TEXT2,0.06,0.0,0.0,0.0,0.0,0.0
4190,US,US,ELEC1,REFI1,0.06,0.0,0.0,0.0,0.0,0.0
15675,US,US,TEXTI,HYDRO,0.06,0.0,0.0,0.0,0.0,0.0
5035,US,US,ELEC7,RAILW,0.06,0.0,0.0,0.0,0.0,0.0
6066,US,US,FOOD3,KERO1,0.06,0.0,0.0,0.0,0.0,0.0
3993,US,US,ELE12,ELECT,0.06,0.0,0.0,0.0,0.0,0.0
9199,US,US,MEAT4,CATTL,0.06,0.0,0.0,0.0,0.0,0.0
9157,US,US,MEAT1,AIRTR,0.06,0.0,0.0,0.0,0.0,0.0
3737,US,US,EDUCA,ELEC6,0.06,0.0,0.0,0.0,0.0,0.0
5348,US,US,ELECT,ETHAN,0.06,0.0,0.0,0.0,0.0,0.0
1144,US,US,BIOG1,COMPU,0.06,0.0,0.0,0.0,0.0,0.0
7030,US,US,GLASS,AIRTR,0.06,0.0,0.0,0.0,0.0,0.0
6959,US,US,GASDI,PETRO,0.06,0.0,0.0,0.0,0.0,0.0
14987,US,US,SUBBI,LUBRI,0.06,0.0,0.0,0.0,0.0,0.0
10974,US,US,OILHA,COKIN,0.06,0.0,0.0,0.0,0.0,0.0
9823,US,US,MOTO1,NONSP,0.06,0.0,0.0,0.0,0.0,0.0
427,US,US,ALUMI,PROCE,0.06,0.0,0.0,0.0,0.0,0.0
5961,US,US,FOOD2,PUBLI,0.06,0.0,0.0,0.0,0.0,0.0
16493,US,US,WHITE,LIGNI,0.06,0.0,0.0,0.0,0.0,0.0
4249,US,US,ELEC2,COKEO,0.06,0.0,0.0,0.0,0.0,0.0
4862,US,US,ELEC6,INTER,0.06,0.0,0.0,0.0,0.0,0.0
14366,US,US,SANDC,AVIAT,0.06,0.0,0.0,0.0,0.0,0.0
12994,US,US,PUBLI,HYDRO,0.06,0.0,0.0,0.0,0.0,0.0
13758,US,US,RENTI,FOOD3,0.06,0.0,0.0,0.0,0.0,0.0
3875,US,US,ELE11,FOOD4,0.06,0.0,0.0,0.0,0.0,0.0
5385,US,US,ELECT,MEATA,0.06,0.0,0.0,0.0,0.0,0.0
10414,US,US,NFERT,LIQUE,0.06,0.0,0.0,0.0,0.0,0.0
10099,US,US,NATU1,93197,0.06,0.0,0.0,0.0,0.0,0.0
8438,US,US,LANDT,REFI1,0.06,0.0,0.0,0.0,0.0,0.0
13068,US,US,PUBLI,WHITE,0.06,0.0,0.0,0.0,0.0,0.0
12888,US,US,PRINT,STEAM,0.06,0.0,0.0,0.0,0.0,0.0
13,US,US,93197,BLAST,0.06,0.0,0.0,0.0,0.0,0.0
759,US,US,AVIAT,PARAF,0.06,0.0,0.0,0.0,0.0,0.0
12712,US,US,PRECI,BIOGA,0.06,0.0,0.0,0.0,0.0,0.0
8156,US,US,IRONO,FURNI,0.06,0.0,0.0,0.0,0.0,0.0
5215,US,US,ELEC9,BIOGA,0.06,0.0,0.0,0.0,0.0,0.0
5010,US,US,ELEC7,NATUR,0.06,0.0,0.0,0.0,0.0,0.0
3342,US,US,DAIRY,CROPS,0.06,0.0,0.0,0.0,0.0,0.0
12234,US,US,PLAS2,BLAST,0.06,0.0,0.0,0.0,0.0,0.0
4074,US,US,ELE12,WEARI,0.06,0.0,0.0,0.0,0.0,0.0
4922,US,US,ELEC6,SANDC,0.06,0.0,0.0,0.0,0.0,0.0
15452,US,US,TEXT1,TEXT1,0.06,0.0,0.0,0.0,0.0,0.0
10104,US,US,NATU1,AVIAT,0.06,0.0,0.0,0.0,0.0,0.0
7650,US,US,INERT,COKE1,0.06,0.0,0.0,0.0,0.0,0.0
15973,US,US,TRANS,LIQUI,0.06,0.0,0.0,0.0,0.0,0.0
16125,US,US,VEGET,KEROS,0.06,0.0,0.0,0.0,0.0,0.0
13302,US,US,RAILW,TRAN2,0.06,0.0,0.0,0.0,0.0,0.0
5213,US,US,ELEC9,BEVER,0.06,0.0,0.0,0.0,0.0,0.0
8020,US,US,INTER,FOOD2,0.06,0.0,0.0,0.0,0.0,0.0
437,US,US,ALUMI,TEXTI,0.06,0.0,0.0,0.0,0.0,0.0
14717,US,US,STEAM,CERAM,0.06,0.0,0.0,0.0,0.0,0.0
8933,US,US,LUBRI,NONF1,0.06,0.0,0.0,0.0,0.0,0.0
2684,US,US,COMPU,FOOD3,0.06,0.0,0.0,0.0,0.0,0.0
2420,US,US,CHEMI,TEXT2,0.06,0.0,0.0,0.0,0.0,0.0
9516,US,US,MEDIC,PETRO,0.06,0.0,0.0,0.0,0.0,0.0
12428,US,US,PLAST,PARAF,0.06,0.0,0.0,0.0,0.0,0.0
7596,US,US,HYDRO,PREC1,0.06,0.0,0.0,0.0,0.0,0.0
1321,US,US,BIOGA,PIGS9,0.06,0.0,0.0,0.0,0.0,0.0
14918,US,US,STONE,REFIN,0.06,0.0,0.0,0.0,0.0,0.0
5293,US,US,ELEC9,TRANS,0.06,0.0,0.0,0.0,0.0,0.0
5169,US,US,ELEC8,PUBLI,0.06,0.0,0.0,0.0,0.0,0.0
6362,US,US,FOOD5,PLAS1,0.06,0.0,0.0,0.0,0.0,0.0
10404,US,US,NFERT,ELEC2,0.06,0.0,0.0,0.0,0.0,0.0
12349,US,US,PLAS2,REFIN,0.06,0.0,0.0,0.0,0.0,0.0
1515,US,US,BITUM,NUCLE,0.06,0.0,0.0,0.0,0.0,0.0
4491,US,US,ELEC3,REFI1,0.06,0.0,0.0,0.0,0.0,0.0
554,US,US,ANTHR,REALE,0.06,0.0,0.0,0.0,0.0,0.0
8713,US,US,LIGNI,PREC1,0.06,0.0,0.0,0.0,0.0,0.0
16625,US,US,WHOLE,PADDY,0.06,0.0,0.0,0.0,0.0,0.0
16666,US,US,WHOLE,TEXT2,0.06,0.0,0.0,0.0,0.0,0.0
16592,US,US,WHOLE,INLAN,0.06,0.0,0.0,0.0,0.0,0.0
12264,US,US,PLAS2,ELEC7,0.06,0.0,0.0,0.0,0.0,0.0
2561,US,US,COLLE,NATU1,0.06,0.0,0.0,0.0,0.0,0.0
10544,US,US,NONFE,MEAT4,0.06,0.0,0.0,0.0,0.0,0.0
4062,US,US,ELE12,SEWAG,0.06,0.0,0.0,0.0,0.0,0.0
11000,US,US,OILHA,FISHF,0.06,0.0,0.0,0.0,0.0,0.0
1420,US,US,BITU1,NONME,0.06,0.0,0.0,0.0,0.0,0.0
5192,US,US,ELEC8,TEXT1,0.07,0.0,0.0,0.0,0.0,0.0
14426,US,US,SANDC,OFFIC,0.07,0.0,0.0,0.0,0.0,0.0
5003,US,US,ELEC7,MEATC,0.07,0.0,0.0,0.0,0.0,0.0
13136,US,US,RADIO,ELEC6,0.09,0.0,0.0,0.0,0.0,0.0
15320,US,US,TEXT1,BIOG1,0.09,0.0,0.0,0.0,0.0,0.0
2433,US,US,COKE1,BIOGA,0.09,0.0,0.0,0.0,0.0,0.0
15417,US,US,TEXT1,PLANT,0.09,0.0,0.0,0.0,0.0,0.0
16980,US,US,WOOD2,SUGAR,0.09,0.0,0.0,0.0,0.0,0.0
226,US,US,AIRTR,NUCLE,0.09,0.0,0.0,0.0,0.0,0.0
6798,US,US,FURNI,NFERT,0.09,0.0,0.0,0.0,0.0,0.0
2437,US,US,COKE1,COKE1,0.09,0.0,0.0,0.0,0.0,0.0
972,US,US,BEVER,RUBBE,0.09,0.0,0.0,0.0,0.0,0.0
1398,US,US,BITU1,ELECT,0.09,0.0,0.0,0.0,0.0,0.0
171,US,US,AIRTR,ELEC6,0.09,0.0,0.0,0.0,0.0,0.0
14984,US,US,SUBBI,LIGNI,0.09,0.0,0.0,0.0,0.0,0.0
4048,US,US,ELE12,RADIO,0.09,0.0,0.0,0.0,0.0,0.0
1490,US,US,BITUM,KERO1,0.09,0.0,0.0,0.0,0.0,0.0
11993,US,US,PIGS9,AIRTR,0.09,0.0,0.0,0.0,0.0,0.0
2569,US,US,COLLE,OILHA,0.09,0.0,0.0,0.0,0.0,0.0
7573,US,US,HYDRO,MEATC,0.09,0.0,0.0,0.0,0.0,0.0
14456,US,US,SANDC,TEXT2,0.09,0.0,0.0,0.0,0.0,0.0
10805,US,US,NUCLE,PRINT,0.09,0.0,0.0,0.0,0.0,0.0
4671,US,US,ELEC5,ANTHR,0.09,0.0,0.0,0.0,0.0,0.0
10424,US,US,NFERT,OFFIC,0.09,0.0,0.0,0.0,0.0,0.0
10153,US,US,NATU1,FOUND,0.09,0.0,0.0,0.0,0.0,0.0
3907,US,US,ELE11,NATUR,0.09,0.0,0.0,0.0,0.0,0.0
9670,US,US,MEMBE,PARAF,0.09,0.0,0.0,0.0,0.0,0.0
1192,US,US,BIOG1,POULT,0.09,0.0,0.0,0.0,0.0,0.0
16310,US,US,WASTE,SUGAR,0.09,0.0,0.0,0.0,0.0,0.0
14889,US,US,STONE,NATU1,0.09,0.0,0.0,0.0,0.0,0.0
677,US,US,AUXIL,NUCLE,0.09,0.0,0.0,0.0,0.0,0.0
11161,US,US,PADDY,PAPE4,0.09,0.0,0.0,0.0,0.0,0.0
11282,US,US,PAPE1,NONSP,0.09,0.0,0.0,0.0,0.0,0.0
7801,US,US,INLAN,LEATH,0.09,0.0,0.0,0.0,0.0,0.0
14148,US,US,RUBBE,PARAF,0.09,0.0,0.0,0.0,0.0,0.0
3360,US,US,DAIRY,LUBRI,0.09,0.0,0.0,0.0,0.0,0.0
6296,US,US,FOOD4,WHITE,0.09,0.0,0.0,0.0,0.0,0.0
10677,US,US,NONME,RETAI,0.09,0.0,0.0,0.0,0.0,0.0
12102,US,US,PLAS1,ELEC7,0.09,0.0,0.0,0.0,0.0,0.0
8303,US,US,KEROS,SEACO,0.09,0.0,0.0,0.0,0.0,0.0
8069,US,US,INTER,PADDY,0.09,0.0,0.0,0.0,0.0,0.0
1293,US,US,BIOGA,LIQUI,0.09,0.0,0.0,0.0,0.0,0.0
12187,US,US,PLAS1,REFIN,0.09,0.0,0.0,0.0,0.0,0.0
752,US,US,AVIAT,KERO1,0.09,0.0,0.0,0.0,0.0,0.0
14939,US,US,SUBBI,BASIC,0.09,0.0,0.0,0.0,0.0,0.0
7826,US,US,INSUR,BIODI,0.09,0.0,0.0,0.0,0.0,0.0
10797,US,US,NUCLE,MOTO1,0.09,0.0,0.0,0.0,0.0,0.0
12072,US,US,PLAS1,BLAST,0.09,0.0,0.0,0.0,0.0,0.0
16500,US,US,WHITE,OILSE,0.09,0.0,0.0,0.0,0.0,0.0
8015,US,US,INTER,ETHAN,0.09,0.0,0.0,0.0,0.0,0.0
3780,US,US,EDUCA,NATU1,0.09,0.0,0.0,0.0,0.0,0.0
329,US,US,ALUM1,LIQUE,0.09,0.0,0.0,0.0,0.0,0.0
391,US,US,ALUMI,BUSIN,0.09,0.0,0.0,0.0,0.0,0.0
5290,US,US,ELEC9,TEXTI,0.09,0.0,0.0,0.0,0.0,0.0
12292,US,US,PLAS2,KERO1,0.08,0.0,0.0,0.0,0.0,0.0
6523,US,US,FOODW,REFI1,0.08,0.0,0.0,0.0,0.0,0.0
10449,US,US,NONF1,BRICK,0.08,0.0,0.0,0.0,0.0,0.0
9972,US,US,MOTOR,MEATA,0.08,0.0,0.0,0.0,0.0,0.0
8419,US,US,LANDT,PETRO,0.08,0.0,0.0,0.0,0.0,0.0
2127,US,US,CEREA,MOTO1,0.08,0.0,0.0,0.0,0.0,0.0
15250,US,US,SUPPO,PADDY,0.08,0.0,0.0,0.0,0.0,0.0
4704,US,US,ELEC5,FOOD2,0.08,0.0,0.0,0.0,0.0,0.0
8150,US,US,IRONO,ETHAN,0.08,0.0,0.0,0.0,0.0,0.0
3922,US,US,ELE11,PLAS1,0.08,0.0,0.0,0.0,0.0,0.0
3372,US,US,DAIRY,PFERT,0.08,0.0,0.0,0.0,0.0,0.0
7580,US,US,HYDRO,NATUR,0.08,0.0,0.0,0.0,0.0,0.0
653,US,US,AUXIL,LEADZ,0.09,0.0,0.0,0.0,0.0,0.0
10389,US,US,NFERT,ALUM1,0.08,0.0,0.0,0.0,0.0,0.0
12672,US,US,PREC1,MEMBE,0.08,0.0,0.0,0.0,0.0,0.0
2896,US,US,CONST,OILHA,0.08,0.0,0.0,0.0,0.0,0.0
3738,US,US,EDUCA,ELEC7,0.08,0.0,0.0,0.0,0.0,0.0
4893,US,US,ELEC6,PAPE1,0.08,0.0,0.0,0.0,0.0,0.0
14820,US,US,STEAM,SUGA1,0.08,0.0,0.0,0.0,0.0,0.0
1514,US,US,BITUM,NONSP,0.08,0.0,0.0,0.0,0.0,0.0
5960,US,US,FOOD2,PROCE,0.08,0.0,0.0,0.0,0.0,0.0
1099,US,US,BIODI,REFIN,0.08,0.0,0.0,0.0,0.0,0.0
3058,US,US,COPP1,WOOD2,0.08,0.0,0.0,0.0,0.0,0.0
16006,US,US,TRANS,TEXT1,0.08,0.0,0.0,0.0,0.0,0.0
2090,US,US,CERAM,WOODW,0.08,0.0,0.0,0.0,0.0,0.0
8221,US,US,KERO1,ELEC1,0.08,0.0,0.0,0.0,0.0,0.0
1132,US,US,BIOG1,93197,0.08,0.0,0.0,0.0,0.0,0.0
14856,US,US,STONE,COMPU,0.09,0.0,0.0,0.0,0.0,0.0
305,US,US,ALUM1,ELEC2,0.09,0.0,0.0,0.0,0.0,0.0
16723,US,US,WOOD1,ELEC8,0.09,0.0,0.0,0.0,0.0,0.0
16313,US,US,WASTE,TEXT2,0.09,0.0,0.0,0.0,0.0,0.0
13656,US,US,REFI1,KERO1,0.09,0.0,0.0,0.0,0.0,0.0
14136,US,US,RUBBE,NONFE,0.09,0.0,0.0,0.0,0.0,0.0
9453,US,US,MEDIC,ELEC6,0.08,0.0,0.0,0.0,0.0,0.0
16461,US,US,WHITE,CROPS,0.08,0.0,0.0,0.0,0.0,0.0
7970,US,US,INTER,ANIMA,0.08,0.0,0.0,0.0,0.0,0.0
7619,US,US,HYDRO,TEXTI,0.08,0.0,0.0,0.0,0.0,0.0
10766,US,US,NONSP,PROCE,0.08,0.0,0.0,0.0,0.0,0.0
10220,US,US,NATU1,TEXTI,0.08,0.0,0.0,0.0,0.0,0.0
3708,US,US,EDUCA,BIODI,0.08,0.0,0.0,0.0,0.0,0.0
16291,US,US,WASTE,RADIO,0.08,0.0,0.0,0.0,0.0,0.0
12795,US,US,PRINT,ELEC8,0.08,0.0,0.0,0.0,0.0,0.0
16964,US,US,WOOD2,REFI1,0.08,0.0,0.0,0.0,0.0,0.0
7689,US,US,INERT,GASWO,0.08,0.0,0.0,0.0,0.0,0.0
10172,US,US,NATU1,MEAT1,0.08,0.0,0.0,0.0,0.0,0.0
1291,US,US,BIOGA,LIGNI,0.08,0.0,0.0,0.0,0.0,0.0
14799,US,US,STEAM,PREC1,0.08,0.0,0.0,0.0,0.0,0.0
11695,US,US,PAPER,COKEO,0.08,0.0,0.0,0.0,0.0,0.0
7965,US,US,INSUR,WOODW,0.09,0.0,0.0,0.0,0.0,0.0
1120,US,US,BIODI,TRAN1,0.09,0.0,0.0,0.0,0.0,0.0
11383,US,US,PAPE3,ELE11,0.08,0.0,0.0,0.0,0.0,0.0
8467,US,US,LANDT,WHITE,0.09,0.0,0.0,0.0,0.0,0.0
11783,US,US,PAPER,PLANT,0.09,0.0,0.0,0.0,0.0,0.0
15334,US,US,TEXT1,COKIN,0.09,0.0,0.0,0.0,0.0,0.0
2360,US,US,CHEMI,INTER,0.09,0.0,0.0,0.0,0.0,0.0
16385,US,US,WEARI,TEXT1,0.09,0.0,0.0,0.0,0.0,0.0
16835,US,US,WOOD1,WOOD1,0.09,0.0,0.0,0.0,0.0,0.0
14926,US,US,STONE,TEXT1,0.09,0.0,0.0,0.0,0.0,0.0
14033,US,US,RETAI,BUSIN,0.09,0.0,0.0,0.0,0.0,0.0
11889,US,US,PFERT,COLLE,0.09,0.0,0.0,0.0,0.0,0.0
3393,US,US,DIST1,ALUMI,0.09,0.0,0.0,0.0,0.0,0.0
11160,US,US,PADDY,PAPE3,0.09,0.0,0.0,0.0,0.0,0.0
9931,US,US,MOTOR,ELEC7,0.09,0.0,0.0,0.0,0.0,0.0
8298,US,US,KEROS,POULT,0.09,0.0,0.0,0.0,0.0,0.0
10385,US,US,NATUR,WOOD2,0.09,0.0,0.0,0.0,0.0,0.0
6044,US,US,FOOD3,ELEC6,0.09,0.0,0.0,0.0,0.0,0.0
16037,US,US,VEGE1,FORES,0.09,0.0,0.0,0.0,0.0,0.0
8253,US,US,KERO1,STONE,0.09,0.0,0.0,0.0,0.0,0.0
8600,US,US,LEATH,ELEC2,0.09,0.0,0.0,0.0,0.0,0.0
14459,US,US,SANDC,VEGE1,0.09,0.0,0.0,0.0,0.0,0.0
15862,US,US,TRAN1,PETRO,0.09,0.0,0.0,0.0,0.0,0.0
10787,US,US,NUCLE,COPP1,0.09,0.0,0.0,0.0,0.0,0.0
8439,US,US,LANDT,REFIN,0.09,0.0,0.0,0.0,0.0,0.0
7812,US,US,INLAN,SEWAG,0.09,0.0,0.0,0.0,0.0,0.0
6539,US,US,FOODW,SUGAR,0.09,0.0,0.0,0.0,0.0,0.0
13531,US,US,RECRE,ELEC7,0.09,0.0,0.0,0.0,0.0,0.0
13248,US,US,RADIO,WHEAT,0.09,0.0,0.0,0.0,0.0,0.0
15634,US,US,TEXTI,BASIC,0.09,0.0,0.0,0.0,0.0,0.0
3589,US,US,DISTR,ETHAN,0.1,0.0,0.0,0.0,0.0,0.0
7588,US,US,HYDRO,OILSE,0.1,0.0,0.0,0.0,0.0,0.0
11837,US,US,PARAF,BITUM,0.1,0.0,0.0,0.0,0.0,0.0
10575,US,US,NONME,AVIAT,0.1,0.0,0.0,0.0,0.0,0.0
8251,US,US,KERO1,SANDC,0.1,0.0,0.0,0.0,0.0,0.0
12400,US,US,PLAST,ETHAN,0.1,0.0,0.0,0.0,0.0,0.0
2043,US,US,CERAM,INTER,0.1,0.0,0.0,0.0,0.0,0.0
15915,US,US,TRAN2,CHEM1,0.1,0.0,0.0,0.0,0.0,0.0
6211,US,US,FOOD4,KERO1,0.09,0.0,0.0,0.0,0.0,0.0
557,US,US,ANTHR,RESEA,0.09,0.0,0.0,0.0,0.0,0.0
15453,US,US,TEXT1,TEXT2,0.09,0.0,0.0,0.0,0.0,0.0
12438,US,US,PLAST,REFIN,0.09,0.0,0.0,0.0,0.0,0.0
2076,US,US,CERAM,SANDC,0.09,0.0,0.0,0.0,0.0,0.0
10784,US,US,NUCLE,BASIC,0.09,0.0,0.0,0.0,0.0,0.0
16594,US,US,WHOLE,INTER,0.09,0.0,0.0,0.0,0.0,0.0
4020,US,US,ELE12,MEDIC,0.09,0.0,0.0,0.0,0.0,0.0
15060,US,US,SUGA1,LEATH,0.09,0.0,0.0,0.0,0.0,0.0
488,US,US,ANTHR,BLAST,0.09,0.0,0.0,0.0,0.0,0.0
864,US,US,BASIC,NONSP,0.09,0.0,0.0,0.0,0.0,0.0
5906,US,US,FOOD2,HEAVY,0.09,0.0,0.0,0.0,0.0,0.0
15612,US,US,TEXT2,TEXT1,0.09,0.0,0.0,0.0,0.0,0.0
40,US,US,93197,ELEC8,0.09,0.0,0.0,0.0,0.0,0.0
10284,US,US,NATUR,FOODW,0.09,0.0,0.0,0.0,0.0,0.0
15213,US,US,SUPPO,HYDRO,0.09,0.0,0.0,0.0,0.0,0.0
1234,US,US,BIOGA,BLAST,0.09,0.0,0.0,0.0,0.0,0.0
7705,US,US,INERT,LIGNI,0.09,0.0,0.0,0.0,0.0,0.0
15852,US,US,TRAN1,NUCLE,0.09,0.0,0.0,0.0,0.0,0.0
15831,US,US,TRAN1,LIGNI,0.09,0.0,0.0,0.0,0.0,0.0
516,US,US,ANTHR,HOTEL,0.09,0.0,0.0,0.0,0.0,0.0
12656,US,US,PREC1,FOOD4,0.09,0.0,0.0,0.0,0.0,0.0
4263,US,US,ELEC2,ELEC3,0.09,0.0,0.0,0.0,0.0,0.0
16531,US,US,WHITE,STEAM,0.09,0.0,0.0,0.0,0.0,0.0
8278,US,US,KEROS,ETHAN,0.09,0.0,0.0,0.0,0.0,0.0
1619,US,US,BRICK,INTER,0.09,0.0,0.0,0.0,0.0,0.0
14932,US,US,STONE,WHITE,0.09,0.0,0.0,0.0,0.0,0.0
2466,US,US,COKE1,STEAM,0.09,0.0,0.0,0.0,0.0,0.0
8595,US,US,LEATH,CRUDE,0.09,0.0,0.0,0.0,0.0,0.0
13159,US,US,RADIO,HYDRO,0.09,0.0,0.0,0.0,0.0,0.0
12865,US,US,PRINT,POSTT,0.09,0.0,0.0,0.0,0.0,0.0
13502,US,US,RECRE,BLAST,0.09,0.0,0.0,0.0,0.0,0.0
16692,US,US,WOOD1,BITU1,0.09,0.0,0.0,0.0,0.0,0.0
8155,US,US,IRONO,FOODW,0.09,0.0,0.0,0.0,0.0,0.0
5204,US,US,ELEC8,WOOD1,0.09,0.0,0.0,0.0,0.0,0.0
13372,US,US,REALE,ELEC9,0.09,0.0,0.0,0.0,0.0,0.0
8562,US,US,LEADZ,PAPER,0.09,0.0,0.0,0.0,0.0,0.0
14529,US,US,SECO9,PROCE,0.09,0.0,0.0,0.0,0.0,0.0
15545,US,US,TEXT2,LIQUI,0.09,0.0,0.0,0.0,0.0,0.0
11285,US,US,PAPE1,OILHA,0.09,0.0,0.0,0.0,0.0,0.0
8408,US,US,LANDT,NONSP,0.09,0.0,0.0,0.0,0.0,0.0
3763,US,US,EDUCA,IRONO,0.09,0.0,0.0,0.0,0.0,0.0
3933,US,US,ELE11,RAILW,0.09,0.0,0.0,0.0,0.0,0.0
10698,US,US,NONME,WOOD1,0.09,0.0,0.0,0.0,0.0,0.0
5130,US,US,ELEC8,LIQUI,0.09,0.0,0.0,0.0,0.0,0.0
12224,US,US,PLAS2,ANTHR,0.09,0.0,0.0,0.0,0.0,0.0
1140,US,US,BIOG1,CATTL,0.09,0.0,0.0,0.0,0.0,0.0
8676,US,US,LIGNI,DAIRY,0.09,0.0,0.0,0.0,0.0,0.0
12636,US,US,POULT,SECO9,0.09,0.0,0.0,0.0,0.0,0.0
5641,US,US,FINAN,BLAST,0.09,0.0,0.0,0.0,0.0,0.0
14761,US,US,STEAM,INTER,0.09,0.0,0.0,0.0,0.0,0.0
16259,US,US,WASTE,MOTO1,0.09,0.0,0.0,0.0,0.0,0.0
5188,US,US,ELEC8,SUBBI,0.09,0.0,0.0,0.0,0.0,0.0
8146,US,US,IRONO,COPP1,0.09,0.0,0.0,0.0,0.0,0.0
16663,US,US,WHOLE,SUGAR,0.09,0.0,0.0,0.0,0.0,0.0
8781,US,US,LIQUI,INLAN,0.09,0.0,0.0,0.0,0.0,0.0
7166,US,US,HEALT,PLAS2,0.09,0.0,0.0,0.0,0.0,0.0
15134,US,US,SUGAR,RECRE,0.09,0.0,0.0,0.0,0.0,0.0
8182,US,US,IRONO,NONSP,0.09,0.0,0.0,0.0,0.0,0.0
8498,US,US,LEAD1,NONF1,0.09,0.0,0.0,0.0,0.0,0.0
12094,US,US,PLAS1,ELE11,0.09,0.0,0.0,0.0,0.0,0.0
6714,US,US,FURNI,AVIAT,0.09,0.0,0.0,0.0,0.0,0.0
8211,US,US,IRONO,WOOD2,0.09,0.0,0.0,0.0,0.0,0.0
1516,US,US,BITUM,OFFIC,0.09,0.0,0.0,0.0,0.0,0.0
4044,US,US,ELE12,PREC1,0.08,0.0,0.0,0.0,0.0,0.0
5951,US,US,FOOD2,PLANT,0.08,0.0,0.0,0.0,0.0,0.0
3668,US,US,DISTR,REFI1,0.07,0.0,0.0,0.0,0.0,0.0
14248,US,US,SALEM,ELEC7,0.07,0.0,0.0,0.0,0.0,0.0
2428,US,US,CHEMI,WOOD2,0.08,0.0,0.0,0.0,0.0,0.0
16583,US,US,WHOLE,FOODW,0.07,0.0,0.0,0.0,0.0,0.0
12135,US,US,PLAS1,LIGNI,0.07,0.0,0.0,0.0,0.0,0.0
12801,US,US,PRINT,FISHF,0.07,0.0,0.0,0.0,0.0,0.0
404,US,US,ALUMI,HEAVY,0.07,0.0,0.0,0.0,0.0,0.0
4584,US,US,ELEC4,LIGNI,0.07,0.0,0.0,0.0,0.0,0.0
15952,US,US,TRANS,ELEC5,0.07,0.0,0.0,0.0,0.0,0.0
8229,US,US,KERO1,FISHF,0.07,0.0,0.0,0.0,0.0,0.0
6693,US,US,FOUND,RETAI,0.07,0.0,0.0,0.0,0.0,0.0
1061,US,US,BIODI,MEATC,0.07,0.0,0.0,0.0,0.0,0.0
16822,US,US,WOOD1,TEXT1,0.07,0.0,0.0,0.0,0.0,0.0
14781,US,US,STEAM,NONME,0.07,0.0,0.0,0.0,0.0,0.0
4955,US,US,ELEC7,BITUM,0.07,0.0,0.0,0.0,0.0,0.0
957,US,US,BEVER,PAPE1,0.07,0.0,0.0,0.0,0.0,0.0
16452,US,US,WHITE,BLAST,0.07,0.0,0.0,0.0,0.0,0.0
3917,US,US,ELE11,PAPE4,0.07,0.0,0.0,0.0,0.0,0.0
2351,US,US,CHEMI,FOODW,0.07,0.0,0.0,0.0,0.0,0.0
442,US,US,ANIMA,AIRTR,0.07,0.0,0.0,0.0,0.0,0.0
15465,US,US,TEXT1,WOOD1,0.07,0.0,0.0,0.0,0.0,0.0
14986,US,US,SUBBI,LIQUI,0.07,0.0,0.0,0.0,0.0,0.0
11677,US,US,PAPER,AVIAT,0.07,0.0,0.0,0.0,0.0,0.0
7114,US,US,GLASS,RAWMI,0.07,0.0,0.0,0.0,0.0,0.0
8235,US,US,KERO1,LIQUE,0.08,0.0,0.0,0.0,0.0,0.0
16514,US,US,WHITE,POULT,0.08,0.0,0.0,0.0,0.0,0.0
15704,US,US,TEXTI,OILHA,0.08,0.0,0.0,0.0,0.0,0.0
15359,US,US,TEXT1,FISHF,0.08,0.0,0.0,0.0,0.0,0.0
15126,US,US,SUGAR,PAPER,0.08,0.0,0.0,0.0,0.0,0.0
13129,US,US,RADIO,ELE11,0.08,0.0,0.0,0.0,0.0,0.0
8685,US,US,LIGNI,ELEC5,0.08,0.0,0.0,0.0,0.0,0.0
2089,US,US,CERAM,WOOD2,0.08,0.0,0.0,0.0,0.0,0.0
8772,US,US,LIQUI,FOUND,0.08,0.0,0.0,0.0,0.0,0.0
1127,US,US,BIODI,WHITE,0.08,0.0,0.0,0.0,0.0,0.0
8216,US,US,KERO1,COLLE,0.08,0.0,0.0,0.0,0.0,0.0
8180,US,US,IRONO,NONFE,0.08,0.0,0.0,0.0,0.0,0.0
9264,US,US,MEAT4,TEXTI,0.08,0.0,0.0,0.0,0.0,0.0
15692,US,US,TEXTI,MEATP,0.08,0.0,0.0,0.0,0.0,0.0
16677,US,US,WHOLE,WOOD2,0.08,0.0,0.0,0.0,0.0,0.0
13170,US,US,RADIO,LIGNI,0.08,0.0,0.0,0.0,0.0,0.0
79,US,US,93197,NAPHT,0.08,0.0,0.0,0.0,0.0,0.0
910,US,US,BASIC,SUGA1,0.08,0.0,0.0,0.0,0.0,0.0
15574,US,US,TEXT2,PETRO,0.08,0.0,0.0,0.0,0.0,0.0
3185,US,US,CROPS,WHITE,0.08,0.0,0.0,0.0,0.0,0.0
2034,US,US,CERAM,FOODW,0.08,0.0,0.0,0.0,0.0,0.0
13648,US,US,REFI1,AVIAT,0.08,0.0,0.0,0.0,0.0,0.0
14736,US,US,STEAM,ELEC4,0.08,0.0,0.0,0.0,0.0,0.0
7616,US,US,HYDRO,SUGA1,0.08,0.0,0.0,0.0,0.0,0.0
8838,US,US,LIQUI,VEGE1,0.08,0.0,0.0,0.0,0.0,0.0
5738,US,US,FINAN,PIGS9,0.07,0.0,0.0,0.0,0.0,0.0
16911,US,US,WOOD2,LEAD1,0.07,0.0,0.0,0.0,0.0,0.0
8869,US,US,LUBRI,COPP1,0.08,0.0,0.0,0.0,0.0,0.0
15037,US,US,SUBBI,TRANS,0.07,0.0,0.0,0.0,0.0,0.0
2314,US,US,CHEM1,WASTE,0.07,0.0,0.0,0.0,0.0,0.0
8817,US,US,LIQUI,RAWMI,0.07,0.0,0.0,0.0,0.0,0.0
8795,US,US,LIQUI,MOTO1,0.07,0.0,0.0,0.0,0.0,0.0
9226,US,US,MEAT4,MACHI,0.07,0.0,0.0,0.0,0.0,0.0
14748,US,US,STEAM,FOODW,0.07,0.0,0.0,0.0,0.0,0.0
11108,US,US,OILSE,CHEM1,0.07,0.0,0.0,0.0,0.0,0.0
2966,US,US,COPP1,BLAST,0.07,0.0,0.0,0.0,0.0,0.0
4983,US,US,ELEC7,GASDI,0.07,0.0,0.0,0.0,0.0,0.0
15088,US,US,SUGAR,BEVER,0.07,0.0,0.0,0.0,0.0,0.0
10372,US,US,NATUR,TEXT2,0.07,0.0,0.0,0.0,0.0,0.0
14647,US,US,SEWAG,PARAF,0.07,0.0,0.0,0.0,0.0,0.0
7947,US,US,INSUR,STONE,0.07,0.0,0.0,0.0,0.0,0.0
1670,US,US,BRICK,WOOD2,0.07,0.0,0.0,0.0,0.0,0.0
11014,US,US,OILHA,HYDRO,0.07,0.0,0.0,0.0,0.0,0.0
10883,US,US,OFFIC,LIGNI,0.07,0.0,0.0,0.0,0.0,0.0
8946,US,US,LUBRI,PFERT,0.07,0.0,0.0,0.0,0.0,0.0
2471,US,US,COKIN,CHEM1,0.07,0.0,0.0,0.0,0.0,0.0
10388,US,US,NFERT,93197,0.07,0.0,0.0,0.0,0.0,0.0
8292,US,US,KEROS,NATUR,0.07,0.0,0.0,0.0,0.0,0.0
5894,US,US,FOOD2,FISHF,0.07,0.0,0.0,0.0,0.0,0.0
1267,US,US,BIOGA,FOOD3,0.07,0.0,0.0,0.0,0.0,0.0
4075,US,US,ELE12,WHEAT,0.07,0.0,0.0,0.0,0.0,0.0
6766,US,US,FURNI,GASWO,0.07,0.0,0.0,0.0,0.0,0.0
16470,US,US,WHITE,ELEC6,0.07,0.0,0.0,0.0,0.0,0.0
16468,US,US,WHITE,ELEC4,0.07,0.0,0.0,0.0,0.0,0.0
10090,US,US,NAPHT,PRINT,0.07,0.0,0.0,0.0,0.0,0.0
479,US,US,ANTHR,93197,0.07,0.0,0.0,0.0,0.0,0.0
8531,US,US,LEADZ,COPP1,0.07,0.0,0.0,0.0,0.0,0.0
8484,US,US,LEAD1,ELEC3,0.07,0.0,0.0,0.0,0.0,0.0
14228,US,US,SALEM,COKEO,0.07,0.0,0.0,0.0,0.0,0.0
11189,US,US,PAPE1,ANTHR,0.07,0.0,0.0,0.0,0.0,0.0
14993,US,US,SUBBI,MEDIC,0.07,0.0,0.0,0.0,0.0,0.0
3183,US,US,CROPS,VEGET,0.07,0.0,0.0,0.0,0.0,0.0
10794,US,US,NUCLE,LUBRI,0.07,0.0,0.0,0.0,0.0,0.0
4374,US,US,ELEC2,WHITE,0.07,0.0,0.0,0.0,0.0,0.0
8690,US,US,LIGNI,FISH5,0.07,0.0,0.0,0.0,0.0,0.0
869,US,US,BASIC,PADDY,0.07,0.0,0.0,0.0,0.0,0.0
10688,US,US,NONME,TEXT1,0.07,0.0,0.0,0.0,0.0,0.0
3072,US,US,COPPE,MACHI,0.07,0.0,0.0,0.0,0.0,0.0
10481,US,US,NONF1,LIQUI,0.07,0.0,0.0,0.0,0.0,0.0
2524,US,US,COLLE,FOOD2,0.07,0.0,0.0,0.0,0.0,0.0
14835,US,US,STEAM,WOOD2,0.07,0.0,0.0,0.0,0.0,0.0
7092,US,US,GLASS,NONF1,0.07,0.0,0.0,0.0,0.0,0.0
7363,US,US,HOTEL,COKEO,0.07,0.0,0.0,0.0,0.0,0.0
11133,US,US,PADDY,FOOD4,0.07,0.0,0.0,0.0,0.0,0.0
14859,US,US,STONE,CRUDE,0.07,0.0,0.0,0.0,0.0,0.0
14276,US,US,SALEM,KERO1,0.07,0.0,0.0,0.0,0.0,0.0
16079,US,US,VEGE1,REFI1,0.08,0.0,0.0,0.0,0.0,0.0
16374,US,US,WEARI,RESEA,0.08,0.0,0.0,0.0,0.0,0.0
9424,US,US,MEDIC,BITU1,0.08,0.0,0.0,0.0,0.0,0.0
4607,US,US,ELEC4,OILHA,0.08,0.0,0.0,0.0,0.0,0.0
342,US,US,ALUM1,OILHA,0.08,0.0,0.0,0.0,0.0,0.0
3612,US,US,DISTR,KERO1,0.08,0.0,0.0,0.0,0.0,0.0
7186,US,US,HEAVY,ANIMA,0.08,0.0,0.0,0.0,0.0,0.0
8499,US,US,LEAD1,NONME,0.08,0.0,0.0,0.0,0.0,0.0
7188,US,US,HEAVY,AUXIL,0.08,0.0,0.0,0.0,0.0,0.0
5373,US,US,ELECT,KERO1,0.08,0.0,0.0,0.0,0.0,0.0
16063,US,US,VEGE1,NUCLE,0.08,0.0,0.0,0.0,0.0,0.0
4864,US,US,ELEC6,KEROS,0.08,0.0,0.0,0.0,0.0,0.0
8107,US,US,INTER,STEAM,0.08,0.0,0.0,0.0,0.0,0.0
12756,US,US,PRINT,ANTHR,0.08,0.0,0.0,0.0,0.0,0.0
16768,US,US,WOOD1,NAPHT,0.08,0.0,0.0,0.0,0.0,0.0
7943,US,US,INSUR,SANDC,0.08,0.0,0.0,0.0,0.0,0.0
11361,US,US,PAPE3,BLAST,0.08,0.0,0.0,0.0,0.0,0.0
895,US,US,BASIC,REFI1,0.08,0.0,0.0,0.0,0.0,0.0
11553,US,US,PAPE4,ELEC7,0.08,0.0,0.0,0.0,0.0,0.0
971,US,US,BEVER,RETAI,0.08,0.0,0.0,0.0,0.0,0.0
12377,US,US,PLAS2,WHITE,0.08,0.0,0.0,0.0,0.0,0.0
8275,US,US,KEROS,ELEC4,0.08,0.0,0.0,0.0,0.0,0.0
152,US,US,AIRTR,COKE1,0.08,0.0,0.0,0.0,0.0,0.0
435,US,US,ALUMI,SECO9,0.08,0.0,0.0,0.0,0.0,0.0
16518,US,US,WHITE,RAWMI,0.08,0.0,0.0,0.0,0.0,0.0
13315,US,US,RAWMI,MEAT4,0.08,0.0,0.0,0.0,0.0,0.0
3414,US,US,DIST1,COLLE,0.08,0.0,0.0,0.0,0.0,0.0
449,US,US,ANIMA,FABRI,0.08,0.0,0.0,0.0,0.0,0.0
7618,US,US,HYDRO,SUPPO,0.08,0.0,0.0,0.0,0.0,0.0
5071,US,US,ELEC8,ANIMA,0.08,0.0,0.0,0.0,0.0,0.0
10731,US,US,NONSP,FOOD5,0.08,0.0,0.0,0.0,0.0,0.0
5671,US,US,FINAN,ELEC7,0.08,0.0,0.0,0.0,0.0,0.0
206,US,US,AIRTR,LIGNI,0.08,0.0,0.0,0.0,0.0,0.0
13307,US,US,RAWMI,93197,0.08,0.0,0.0,0.0,0.0,0.0
11545,US,US,PAPE4,ELE11,0.08,0.0,0.0,0.0,0.0,0.0
11476,US,US,PAPE3,REFIN,0.08,0.0,0.0,0.0,0.0,0.0
10149,US,US,NATU1,FISH5,0.08,0.0,0.0,0.0,0.0,0.0
10728,US,US,NONSP,ETHAN,0.08,0.0,0.0,0.0,0.0,0.0
12683,US,US,PREC1,PLAS2,0.08,0.0,0.0,0.0,0.0,0.0
11717,US,US,PAPER,ELEC9,0.08,0.0,0.0,0.0,0.0,0.0
1434,US,US,BITU1,SECO9,0.08,0.0,0.0,0.0,0.0,0.0
2992,US,US,COPP1,FOODW,0.08,0.0,0.0,0.0,0.0,0.0
11018,US,US,OILHA,INTER,0.08,0.0,0.0,0.0,0.0,0.0
7258,US,US,HEAVY,LIQUI,0.08,0.0,0.0,0.0,0.0,0.0
16408,US,US,WHEAT,FABRI,0.08,0.0,0.0,0.0,0.0,0.0
12449,US,US,PLAST,WHITE,0.08,0.0,0.0,0.0,0.0,0.0
9218,US,US,MEAT4,INLAN,0.08,0.0,0.0,0.0,0.0,0.0
4113,US,US,ELEC1,ETHAN,0.08,0.0,0.0,0.0,0.0,0.0
2002,US,US,CERAM,BIODI,0.08,0.0,0.0,0.0,0.0,0.0
6573,US,US,FORES,CROPS,0.08,0.0,0.0,0.0,0.0,0.0
11391,US,US,PAPE3,ELEC7,0.08,0.0,0.0,0.0,0.0,0.0
11523,US,US,PAPE4,BLAST,0.08,0.0,0.0,0.0,0.0,0.0
10127,US,US,NATU1,COPP1,0.08,0.0,0.0,0.0,0.0,0.0
3368,US,US,DAIRY,MOTOR,0.08,0.0,0.0,0.0,0.0,0.0
6470,US,US,FOODW,LEAD1,0.08,0.0,0.0,0.0,0.0,0.0
11162,US,US,PADDY,PAPER,0.08,0.0,0.0,0.0,0.0,0.0
3718,US,US,EDUCA,CHEMI,0.08,0.0,0.0,0.0,0.0,0.0
8987,US,US,LUBRI,WOOD2,0.08,0.0,0.0,0.0,0.0,0.0
3169,US,US,CROPS,REFIN,0.08,0.0,0.0,0.0,0.0,0.0
6662,US,US,FOUND,LEAD1,0.08,0.0,0.0,0.0,0.0,0.0
4725,US,US,ELEC5,LEATH,0.08,0.0,0.0,0.0,0.0,0.0
9289,US,US,MEATC,FABRI,0.08,0.0,0.0,0.0,0.0,0.0
1057,US,US,BIODI,LUBRI,0.08,0.0,0.0,0.0,0.0,0.0
16187,US,US,WASTE,BITU1,0.08,0.0,0.0,0.0,0.0,0.0
3365,US,US,DAIRY,MEDIC,0.08,0.0,0.0,0.0,0.0,0.0
8336,US,US,LANDT,COKIN,0.08,0.0,0.0,0.0,0.0,0.0
12040,US,US,PIGS9,SEWAG,0.08,0.0,0.0,0.0,0.0,0.0
8896,US,US,LUBRI,FOODW,0.08,0.0,0.0,0.0,0.0,0.0
10231,US,US,NATUR,AIRTR,0.08,0.0,0.0,0.0,0.0,0.0
4070,US,US,ELE12,TRAN2,0.08,0.0,0.0,0.0,0.0,0.0
14229,US,US,SALEM,COKIN,0.08,0.0,0.0,0.0,0.0,0.0
1106,US,US,BIODI,SANDC,0.08,0.0,0.0,0.0,0.0,0.0
11238,US,US,PAPE1,FOOD2,0.08,0.0,0.0,0.0,0.0,0.0
2352,US,US,CHEMI,FORES,0.08,0.0,0.0,0.0,0.0,0.0
4746,US,US,ELEC5,NONSP,0.08,0.0,0.0,0.0,0.0,0.0
7023,US,US,GASWO,ELEC5,0.08,0.0,0.0,0.0,0.0,0.0
2484,US,US,COLLE,BITU1,0.08,0.0,0.0,0.0,0.0,0.0
3359,US,US,DAIRY,LIQUI,0.08,0.0,0.0,0.0,0.0,0.0
817,US,US,BASIC,FISH5,0.08,0.0,0.0,0.0,0.0,0.0
16033,US,US,VEGE1,ETHAN,0.08,0.0,0.0,0.0,0.0,0.0
3916,US,US,ELE11,PAPE3,0.08,0.0,0.0,0.0,0.0,0.0
4971,US,US,ELEC7,DIST1,0.08,0.0,0.0,0.0,0.0,0.0
14890,US,US,STONE,NATUR,0.08,0.0,0.0,0.0,0.0,0.0
7074,US,US,GLASS,KERO1,0.08,0.0,0.0,0.0,0.0,0.0
5912,US,US,FOOD2,INTER,0.08,0.0,0.0,0.0,0.0,0.0
11638,US,US,PAPE4,REFIN,0.08,0.0,0.0,0.0,0.0,0.0
6698,US,US,FOUND,SEWAG,0.08,0.0,0.0,0.0,0.0,0.0
16818,US,US,WOOD1,SUBBI,0.08,0.0,0.0,0.0,0.0,0.0
7481,US,US,HOTEL,STEAM,0.08,0.0,0.0,0.0,0.0,0.0
13257,US,US,RAILW,BIOGA,0.08,0.0,0.0,0.0,0.0,0.0
8170,US,US,IRONO,MACHI,0.08,0.0,0.0,0.0,0.0,0.0
16469,US,US,WHITE,ELEC5,0.08,0.0,0.0,0.0,0.0,0.0
10059,US,US,NAPHT,ETHAN,0.08,0.0,0.0,0.0,0.0,0.0
13702,US,US,REFIN,TEXTI,0.08,0.0,0.0,0.0,0.0,0.0
4414,US,US,ELEC3,ETHAN,0.08,0.0,0.0,0.0,0.0,0.0
5051,US,US,ELEC7,SUGA1,0.08,0.0,0.0,0.0,0.0,0.0
5803,US,US,FISH5,LEATH,0.08,0.0,0.0,0.0,0.0,0.0
744,US,US,AVIAT,AVIAT,0.08,0.0,0.0,0.0,0.0,0.0
14716,US,US,STEAM,CEMEN,0.08,0.0,0.0,0.0,0.0,0.0
461,US,US,ANIMA,MEDIC,0.08,0.0,0.0,0.0,0.0,0.0
10253,US,US,NATUR,COKEO,0.08,0.0,0.0,0.0,0.0,0.0
9507,US,US,MEDIC,NUCLE,0.08,0.0,0.0,0.0,0.0,0.0
385,US,US,ALUMI,BASIC,0.05,0.0,0.0,0.0,0.0,0.0
14903,US,US,STONE,PFERT,0.05,0.0,0.0,0.0,0.0,0.0
14471,US,US,SEACO,INERT,0.03,0.0,0.0,0.0,0.0,0.0
320,US,US,ALUM1,HEAVY,0.03,0.0,0.0,0.0,0.0,0.0
2029,US,US,CERAM,ELEC7,0.03,0.0,0.0,0.0,0.0,0.0
2595,US,US,COLLE,REFI1,0.03,0.0,0.0,0.0,0.0,0.0
15355,US,US,TEXT1,ETHAN,0.03,0.0,0.0,0.0,0.0,0.0
10602,US,US,NONME,ELEC2,0.03,0.0,0.0,0.0,0.0,0.0
13741,US,US,RENTI,ELE12,0.03,0.0,0.0,0.0,0.0,0.0
5127,US,US,ELEC8,LEATH,0.03,0.0,0.0,0.0,0.0,0.0
6047,US,US,FOOD3,ELEC9,0.03,0.0,0.0,0.0,0.0,0.0
15917,US,US,TRAN2,FURNI,0.03,0.0,0.0,0.0,0.0,0.0
6750,US,US,FURNI,ELEC6,0.03,0.0,0.0,0.0,0.0,0.0
885,US,US,BASIC,PRECI,0.03,0.0,0.0,0.0,0.0,0.0
6237,US,US,FOOD4,NUCLE,0.03,0.0,0.0,0.0,0.0,0.0
11515,US,US,PAPE4,AVIAT,0.03,0.0,0.0,0.0,0.0,0.0
11116,US,US,PADDY,ALUM1,0.03,0.0,0.0,0.0,0.0,0.0
11431,US,US,PAPE3,MEATA,0.03,0.0,0.0,0.0,0.0,0.0
16541,US,US,WHITE,WHEAT,0.03,0.0,0.0,0.0,0.0,0.0
10771,US,US,NONSP,REFIN,0.03,0.0,0.0,0.0,0.0,0.0
11089,US,US,OILHA,SUGAR,0.03,0.0,0.0,0.0,0.0,0.0
2254,US,US,CHEM1,NONFE,0.03,0.0,0.0,0.0,0.0,0.0
2728,US,US,COMPU,NONFE,0.03,0.0,0.0,0.0,0.0,0.0
4700,US,US,ELEC5,ETHAN,0.03,0.0,0.0,0.0,0.0,0.0
8768,US,US,LIQUI,FOOD4,0.03,0.0,0.0,0.0,0.0,0.0
7556,US,US,HYDRO,HOTEL,0.03,0.0,0.0,0.0,0.0,0.0
13674,US,US,REFIN,BIOGA,0.03,0.0,0.0,0.0,0.0,0.0
7626,US,US,HYDRO,WOOLS,0.03,0.0,0.0,0.0,0.0,0.0
16936,US,US,WOOD2,OILHA,0.05,0.0,0.0,0.0,0.0,0.0
5269,US,US,ELEC9,POULT,0.03,0.0,0.0,0.0,0.0,0.0
440,US,US,ALUMI,WHOLE,0.03,0.0,0.0,0.0,0.0,0.0
999,US,US,BIODI,BLAST,0.03,0.0,0.0,0.0,0.0,0.0
13279,US,US,RAILW,PAPER,0.03,0.0,0.0,0.0,0.0,0.0
13896,US,US,RESEA,CROPS,0.03,0.0,0.0,0.0,0.0,0.0
12652,US,US,PREC1,EDUCA,0.03,0.0,0.0,0.0,0.0,0.0
8096,US,US,INTER,REFIN,0.03,0.0,0.0,0.0,0.0,0.0
8147,US,US,IRONO,COPPE,0.03,0.0,0.0,0.0,0.0,0.0
8700,US,US,LIGNI,MEAT1,0.03,0.0,0.0,0.0,0.0,0.0
978,US,US,BEVER,TEXT2,0.03,0.0,0.0,0.0,0.0,0.0
12012,US,US,PIGS9,INERT,0.03,0.0,0.0,0.0,0.0,0.0
2821,US,US,CONST,COKIN,0.03,0.0,0.0,0.0,0.0,0.0
3791,US,US,EDUCA,PETRO,0.03,0.0,0.0,0.0,0.0,0.0
16264,US,US,WASTE,NFERT,0.03,0.0,0.0,0.0,0.0,0.0
6658,US,US,FOUND,INERT,0.03,0.0,0.0,0.0,0.0,0.0
16074,US,US,VEGE1,PUBLI,0.03,0.0,0.0,0.0,0.0,0.0
7579,US,US,HYDRO,NATU1,0.03,0.0,0.0,0.0,0.0,0.0
17,US,US,93197,CERAM,0.03,0.0,0.0,0.0,0.0,0.0
7805,US,US,INLAN,PLAS1,0.03,0.0,0.0,0.0,0.0,0.0
12729,US,US,PRECI,LUBRI,0.03,0.0,0.0,0.0,0.0,0.0
7559,US,US,HYDRO,IRONO,0.03,0.0,0.0,0.0,0.0,0.0
4031,US,US,ELE12,PADDY,0.03,0.0,0.0,0.0,0.0,0.0
11593,US,US,PAPE4,MEATA,0.03,0.0,0.0,0.0,0.0,0.0
3906,US,US,ELE11,NATU1,0.03,0.0,0.0,0.0,0.0,0.0
14843,US,US,STONE,BEVER,0.03,0.0,0.0,0.0,0.0,0.0
16422,US,US,WHEAT,MOTO1,0.03,0.0,0.0,0.0,0.0,0.0
13000,US,US,PUBLI,KERO1,0.03,0.0,0.0,0.0,0.0,0.0
8535,US,US,LEADZ,FOOD4,0.03,0.0,0.0,0.0,0.0,0.0
16447,US,US,WHITE,AVIAT,0.03,0.0,0.0,0.0,0.0,0.0
7178,US,US,HEALT,TEXT2,0.03,0.0,0.0,0.0,0.0,0.0
15313,US,US,TEXT1,ANIMA,0.03,0.0,0.0,0.0,0.0,0.0
16774,US,US,WOOD1,NONSP,0.03,0.0,0.0,0.0,0.0,0.0
8220,US,US,KERO1,EDUCA,0.03,0.0,0.0,0.0,0.0,0.0
11091,US,US,OILHA,TEXT1,0.03,0.0,0.0,0.0,0.0,0.0
174,US,US,AIRTR,ELEC9,0.03,0.0,0.0,0.0,0.0,0.0
539,US,US,ANTHR,NONME,0.03,0.0,0.0,0.0,0.0,0.0
7803,US,US,INLAN,PAPE3,0.03,0.0,0.0,0.0,0.0,0.0
10651,US,US,NONME,OILHA,0.03,0.0,0.0,0.0,0.0,0.0
2118,US,US,CEREA,LIQUE,0.03,0.0,0.0,0.0,0.0,0.0
12243,US,US,PLAS2,COKE1,0.03,0.0,0.0,0.0,0.0,0.0
12934,US,US,PROCE,RUBBE,0.03,0.0,0.0,0.0,0.0,0.0
3070,US,US,COPPE,LANDT,0.03,0.0,0.0,0.0,0.0,0.0
3889,US,US,ELE11,INTER,0.03,0.0,0.0,0.0,0.0,0.0
9778,US,US,MOTO1,FOOD3,0.03,0.0,0.0,0.0,0.0,0.0
11107,US,US,OILSE,CATTL,0.03,0.0,0.0,0.0,0.0,0.0
5908,US,US,FOOD2,HYDRO,0.03,0.0,0.0,0.0,0.0,0.0
16771,US,US,WOOD1,NFERT,0.03,0.0,0.0,0.0,0.0,0.0
2383,US,US,CHEMI,NUCLE,0.03,0.0,0.0,0.0,0.0,0.0
10569,US,US,NONFE,WHOLE,0.03,0.0,0.0,0.0,0.0,0.0
13350,US,US,REALE,COKEO,0.03,0.0,0.0,0.0,0.0,0.0
16777,US,US,WOOD1,OILHA,0.03,0.0,0.0,0.0,0.0,0.0
1299,US,US,BIOGA,MEATP,0.03,0.0,0.0,0.0,0.0,0.0
3704,US,US,EDUCA,ANIMA,0.03,0.0,0.0,0.0,0.0,0.0
3140,US,US,CROPS,MEMBE,0.03,0.0,0.0,0.0,0.0,0.0
11038,US,US,OILHA,NAPHT,0.03,0.0,0.0,0.0,0.0,0.0
9191,US,US,MEAT4,AIRTR,0.03,0.0,0.0,0.0,0.0,0.0
15472,US,US,TEXT2,ANTHR,0.03,0.0,0.0,0.0,0.0,0.0
1404,US,US,BITU1,GLASS,0.03,0.0,0.0,0.0,0.0,0.0
15087,US,US,SUGAR,ALUM1,0.03,0.0,0.0,0.0,0.0,0.0
1922,US,US,CEMEN,HYDRO,0.03,0.0,0.0,0.0,0.0,0.0
10438,US,US,NFERT,TEXTI,0.03,0.0,0.0,0.0,0.0,0.0
14875,US,US,STONE,KERO1,0.03,0.0,0.0,0.0,0.0,0.0
5739,US,US,FINAN,PLANT,0.03,0.0,0.0,0.0,0.0,0.0
14763,US,US,STEAM,KEROS,0.03,0.0,0.0,0.0,0.0,0.0
469,US,US,ANIMA,REALE,0.03,0.0,0.0,0.0,0.0,0.0
16298,US,US,WASTE,RENTI,0.03,0.0,0.0,0.0,0.0,0.0
8807,US,US,LIQUI,PFERT,0.03,0.0,0.0,0.0,0.0,0.0
6711,US,US,FURNI,ANIMA,0.03,0.0,0.0,0.0,0.0,0.0
7589,US,US,HYDRO,PAPER,0.03,0.0,0.0,0.0,0.0,0.0
20,US,US,93197,COKE1,0.03,0.0,0.0,0.0,0.0,0.0
10144,US,US,NATU1,ELEC8,0.03,0.0,0.0,0.0,0.0,0.0
5281,US,US,ELEC9,RETAI,0.03,0.0,0.0,0.0,0.0,0.0
15409,US,US,TEXT1,PADDY,0.03,0.0,0.0,0.0,0.0,0.0
3860,US,US,ELE11,CHEMI,0.03,0.0,0.0,0.0,0.0,0.0
6336,US,US,FOOD5,KEROS,0.03,0.0,0.0,0.0,0.0,0.0
5227,US,US,ELEC9,CROPS,0.03,0.0,0.0,0.0,0.0,0.0
1662,US,US,BRICK,TEXT1,0.03,0.0,0.0,0.0,0.0,0.0
13199,US,US,RADIO,PARAF,0.04,0.0,0.0,0.0,0.0,0.0
42,US,US,93197,ETHAN,0.04,0.0,0.0,0.0,0.0,0.0
6162,US,US,FOOD4,COKE1,0.04,0.0,0.0,0.0,0.0,0.0
16665,US,US,WHOLE,TEXT1,0.04,0.0,0.0,0.0,0.0,0.0
6552,US,US,FOODW,WHITE,0.04,0.0,0.0,0.0,0.0,0.0
15946,US,US,TRANS,ELE11,0.04,0.0,0.0,0.0,0.0,0.0
16993,US,US,WOOD2,WHITE,0.04,0.0,0.0,0.0,0.0,0.0
15702,US,US,TEXTI,NUCLE,0.04,0.0,0.0,0.0,0.0,0.0
4870,US,US,ELEC6,LIQUI,0.04,0.0,0.0,0.0,0.0,0.0
10725,US,US,NONSP,ELEC7,0.04,0.0,0.0,0.0,0.0,0.0
9248,US,US,MEAT4,PRINT,0.04,0.0,0.0,0.0,0.0,0.0
4909,US,US,ELEC6,PUBLI,0.04,0.0,0.0,0.0,0.0,0.0
10686,US,US,NONME,SUGA1,0.04,0.0,0.0,0.0,0.0,0.0
3571,US,US,DISTR,COKEO,0.04,0.0,0.0,0.0,0.0,0.0
8301,US,US,KEROS,REFIN,0.04,0.0,0.0,0.0,0.0,0.0
16221,US,US,WASTE,ETHAN,0.04,0.0,0.0,0.0,0.0,0.0
5098,US,US,ELEC8,DISTR,0.04,0.0,0.0,0.0,0.0,0.0
16267,US,US,WASTE,NONSP,0.04,0.0,0.0,0.0,0.0,0.0
1275,US,US,BIOGA,GASWO,0.04,0.0,0.0,0.0,0.0,0.0
7283,US,US,HEAVY,PAPE4,0.04,0.0,0.0,0.0,0.0,0.0
8972,US,US,LUBRI,STEAM,0.04,0.0,0.0,0.0,0.0,0.0
2419,US,US,CHEMI,TEXT1,0.04,0.0,0.0,0.0,0.0,0.0
10748,US,US,NONSP,MEDIC,0.04,0.0,0.0,0.0,0.0,0.0
8579,US,US,LEADZ,TEXTI,0.04,0.0,0.0,0.0,0.0,0.0
16511,US,US,WHITE,PLAS2,0.04,0.0,0.0,0.0,0.0,0.0
8003,US,US,INTER,ELE11,0.04,0.0,0.0,0.0,0.0,0.0
2082,US,US,CERAM,TEXT1,0.04,0.0,0.0,0.0,0.0,0.0
15800,US,US,TRAN1,ELEC3,0.04,0.0,0.0,0.0,0.0,0.0
2117,US,US,CEREA,LEATH,0.04,0.0,0.0,0.0,0.0,0.0
8679,US,US,LIGNI,ELE11,0.04,0.0,0.0,0.0,0.0,0.0
5246,US,US,ELEC9,INSUR,0.04,0.0,0.0,0.0,0.0,0.0
11246,US,US,PAPE1,GASWO,0.04,0.0,0.0,0.0,0.0,0.0
5025,US,US,ELEC7,PLAS2,0.04,0.0,0.0,0.0,0.0,0.0
12706,US,US,PREC1,WOOD2,0.04,0.0,0.0,0.0,0.0,0.0
375,US,US,ALUM1,TRAN1,0.04,0.0,0.0,0.0,0.0,0.0
15918,US,US,TRAN2,MACHI,0.04,0.0,0.0,0.0,0.0,0.0
12142,US,US,PLAS1,MEATA,0.04,0.0,0.0,0.0,0.0,0.0
997,US,US,BIODI,BITU1,0.04,0.0,0.0,0.0,0.0,0.0
4555,US,US,ELEC4,DISTR,0.04,0.0,0.0,0.0,0.0,0.0
17068,US,US,WOODW,NAPHT,0.04,0.0,0.0,0.0,0.0,0.0
10695,US,US,NONME,WEARI,0.04,0.0,0.0,0.0,0.0,0.0
599,US,US,AUXIL,COKEO,0.04,0.0,0.0,0.0,0.0,0.0
10867,US,US,OFFIC,GASWO,0.04,0.0,0.0,0.0,0.0,0.0
10749,US,US,NONSP,MOTO1,0.04,0.0,0.0,0.0,0.0,0.0
15143,US,US,SUGAR,WEARI,0.04,0.0,0.0,0.0,0.0,0.0
4218,US,US,ELEC1,WHITE,0.04,0.0,0.0,0.0,0.0,0.0
12657,US,US,PREC1,FOODW,0.04,0.0,0.0,0.0,0.0,0.0
12812,US,US,PRINT,GLASS,0.04,0.0,0.0,0.0,0.0,0.0
493,US,US,ANTHR,COKE1,0.04,0.0,0.0,0.0,0.0,0.0
10742,US,US,NONSP,LIGNI,0.04,0.0,0.0,0.0,0.0,0.0
12263,US,US,PLAS2,ELEC6,0.03,0.0,0.0,0.0,0.0,0.0
3779,US,US,EDUCA,NAPHT,0.04,0.0,0.0,0.0,0.0,0.0
14823,US,US,STEAM,TEXT1,0.04,0.0,0.0,0.0,0.0,0.0
16178,US,US,WASTE,ANIMA,0.04,0.0,0.0,0.0,0.0,0.0
3669,US,US,DISTR,REFIN,0.04,0.0,0.0,0.0,0.0,0.0
8820,US,US,LIQUI,RENTI,0.04,0.0,0.0,0.0,0.0,0.0
16338,US,US,WEARI,FOOD2,0.04,0.0,0.0,0.0,0.0,0.0
10538,US,US,NONFE,HEAVY,0.04,0.0,0.0,0.0,0.0,0.0
13099,US,US,RADIO,AVIAT,0.04,0.0,0.0,0.0,0.0,0.0
2515,US,US,COLLE,ELEC6,0.04,0.0,0.0,0.0,0.0,0.0
14862,US,US,STONE,FOOD2,0.04,0.0,0.0,0.0,0.0,0.0
5217,US,US,ELEC9,BRICK,0.04,0.0,0.0,0.0,0.0,0.0
7183,US,US,HEAVY,AIRTR,0.04,0.0,0.0,0.0,0.0,0.0
5219,US,US,ELEC9,CATTL,0.04,0.0,0.0,0.0,0.0,0.0
11353,US,US,PAPE3,AVIAT,0.04,0.0,0.0,0.0,0.0,0.0
7851,US,US,INSUR,ELE11,0.03,0.0,0.0,0.0,0.0,0.0
12031,US,US,PIGS9,PUBLI,0.03,0.0,0.0,0.0,0.0,0.0
12959,US,US,PUBLI,COKE1,0.03,0.0,0.0,0.0,0.0,0.0
16479,US,US,WHITE,FORES,0.03,0.0,0.0,0.0,0.0,0.0
5235,US,US,ELEC9,FISH5,0.03,0.0,0.0,0.0,0.0,0.0
11779,US,US,PAPER,PARAF,0.03,0.0,0.0,0.0,0.0,0.0
15519,US,US,TEXT2,FOOD2,0.03,0.0,0.0,0.0,0.0,0.0
6771,US,US,FURNI,HYDRO,0.03,0.0,0.0,0.0,0.0,0.0
1396,US,US,BITU1,ELEC7,0.03,0.0,0.0,0.0,0.0,0.0
10507,US,US,NONF1,SANDC,0.04,0.0,0.0,0.0,0.0,0.0
1168,US,US,BIOG1,LIQUI,0.04,0.0,0.0,0.0,0.0,0.0
12933,US,US,PROCE,RETAI,0.04,0.0,0.0,0.0,0.0,0.0
8011,US,US,INTER,ELEC7,0.04,0.0,0.0,0.0,0.0,0.0
15382,US,US,TEXT1,LEAD1,0.04,0.0,0.0,0.0,0.0,0.0
10431,US,US,NFERT,RAWMI,0.04,0.0,0.0,0.0,0.0,0.0
8709,US,US,LIGNI,NONF1,0.04,0.0,0.0,0.0,0.0,0.0
13075,US,US,PULP5,BIODI,0.04,0.0,0.0,0.0,0.0,0.0
14910,US,US,STONE,PRINT,0.04,0.0,0.0,0.0,0.0,0.0
10881,US,US,OFFIC,LEAD1,0.04,0.0,0.0,0.0,0.0,0.0
7045,US,US,GLASS,COKEO,0.04,0.0,0.0,0.0,0.0,0.0
11995,US,US,PIGS9,BIOGA,0.04,0.0,0.0,0.0,0.0,0.0
7558,US,US,HYDRO,INLAN,0.04,0.0,0.0,0.0,0.0,0.0
4519,US,US,ELEC3,WHITE,0.04,0.0,0.0,0.0,0.0,0.0
8871,US,US,LUBRI,CROPS,0.04,0.0,0.0,0.0,0.0,0.0
7505,US,US,HYDRO,93197,0.04,0.0,0.0,0.0,0.0,0.0
14498,US,US,SECO9,CEMEN,0.04,0.0,0.0,0.0,0.0,0.0
5262,US,US,ELEC9,OILSE,0.04,0.0,0.0,0.0,0.0,0.0
45,US,US,93197,FISH5,0.04,0.0,0.0,0.0,0.0,0.0
2532,US,US,COLLE,GASWO,0.04,0.0,0.0,0.0,0.0,0.0
15979,US,US,TRANS,OILHA,0.04,0.0,0.0,0.0,0.0,0.0
7981,US,US,INTER,BLAST,0.04,0.0,0.0,0.0,0.0,0.0
9087,US,US,MACHI,NONFE,0.04,0.0,0.0,0.0,0.0,0.0
2364,US,US,CHEMI,LANDT,0.04,0.0,0.0,0.0,0.0,0.0
13235,US,US,RADIO,SUGAR,0.04,0.0,0.0,0.0,0.0,0.0
9236,US,US,MEAT4,NAPHT,0.03,0.0,0.0,0.0,0.0,0.0
3120,US,US,CROPS,HEALT,0.03,0.0,0.0,0.0,0.0,0.0
517,US,US,ANTHR,IRONO,0.03,0.0,0.0,0.0,0.0,0.0
39,US,US,93197,ELEC7,0.03,0.0,0.0,0.0,0.0,0.0
7602,US,US,HYDRO,RADIO,0.03,0.0,0.0,0.0,0.0,0.0
6824,US,US,FURNI,PULP5,0.03,0.0,0.0,0.0,0.0,0.0
5079,US,US,ELEC8,BITU1,0.03,0.0,0.0,0.0,0.0,0.0
14841,US,US,STONE,AVIAT,0.03,0.0,0.0,0.0,0.0,0.0
1625,US,US,BRICK,LUBRI,0.03,0.0,0.0,0.0,0.0,0.0
5856,US,US,FOOD2,BITU1,0.03,0.0,0.0,0.0,0.0,0.0
5784,US,US,FINAN,WHEAT,0.03,0.0,0.0,0.0,0.0,0.0
4993,US,US,ELEC7,KEROS,0.03,0.0,0.0,0.0,0.0,0.0
6440,US,US,FOODW,ELEC7,0.03,0.0,0.0,0.0,0.0,0.0
3893,US,US,ELE11,LEAD1,0.03,0.0,0.0,0.0,0.0,0.0
9824,US,US,MOTO1,NUCLE,0.03,0.0,0.0,0.0,0.0,0.0
4002,US,US,ELE12,GASDI,0.03,0.0,0.0,0.0,0.0,0.0
13727,US,US,RENTI,COKE1,0.03,0.0,0.0,0.0,0.0,0.0
16679,US,US,WHOLE,WOOLS,0.03,0.0,0.0,0.0,0.0,0.0
11228,US,US,PAPE1,ELEC6,0.03,0.0,0.0,0.0,0.0,0.0
2027,US,US,CERAM,ELEC5,0.03,0.0,0.0,0.0,0.0,0.0
11929,US,US,PFERT,MEATC,0.03,0.0,0.0,0.0,0.0,0.0
15104,US,US,SUGAR,FURNI,0.03,0.0,0.0,0.0,0.0,0.0
9384,US,US,MEATP,MOTO1,0.03,0.0,0.0,0.0,0.0,0.0
16873,US,US,WOOD2,ELE11,0.03,0.0,0.0,0.0,0.0,0.0
15922,US,US,TRAN2,RADIO,0.03,0.0,0.0,0.0,0.0,0.0
8209,US,US,IRONO,WHITE,0.03,0.0,0.0,0.0,0.0,0.0
6411,US,US,FOODW,BLAST,0.03,0.0,0.0,0.0,0.0,0.0
16110,US,US,VEGET,ELEC7,0.03,0.0,0.0,0.0,0.0,0.0
9609,US,US,MEMBE,ELEC7,0.03,0.0,0.0,0.0,0.0,0.0
16508,US,US,WHITE,PIGS9,0.03,0.0,0.0,0.0,0.0,0.0
4326,US,US,ELEC2,PARAF,0.03,0.0,0.0,0.0,0.0,0.0
2277,US,US,CHEM1,PRECI,0.03,0.0,0.0,0.0,0.0,0.0
6223,US,US,FOOD4,MEATA,0.03,0.0,0.0,0.0,0.0,0.0
16217,US,US,WASTE,ELEC6,0.03,0.0,0.0,0.0,0.0,0.0
12742,US,US,PRECI,RADIO,0.03,0.0,0.0,0.0,0.0,0.0
7664,US,US,INERT,ELE12,0.03,0.0,0.0,0.0,0.0,0.0
3975,US,US,ELE12,BITUM,0.03,0.0,0.0,0.0,0.0,0.0
16457,US,US,WHITE,COKE1,0.03,0.0,0.0,0.0,0.0,0.0
2477,US,US,COLLE,ANIMA,0.03,0.0,0.0,0.0,0.0,0.0
7529,US,US,HYDRO,COMPU,0.03,0.0,0.0,0.0,0.0,0.0
12990,US,US,PUBLI,GASWO,0.03,0.0,0.0,0.0,0.0,0.0
14703,US,US,STEAM,AIRTR,0.03,0.0,0.0,0.0,0.0,0.0
4223,US,US,ELEC1,WOOLS,0.03,0.0,0.0,0.0,0.0,0.0
8368,US,US,LANDT,FORES,0.03,0.0,0.0,0.0,0.0,0.0
11137,US,US,PADDY,FURNI,0.03,0.0,0.0,0.0,0.0,0.0
10113,US,US,NATU1,BRICK,0.03,0.0,0.0,0.0,0.0,0.0
1435,US,US,BITU1,STEAM,0.03,0.0,0.0,0.0,0.0,0.0
15623,US,US,TEXT2,WHITE,0.03,0.0,0.0,0.0,0.0,0.0
15919,US,US,TRAN2,MEDIC,0.03,0.0,0.0,0.0,0.0,0.0
16502,US,US,WHITE,PAPE1,0.03,0.0,0.0,0.0,0.0,0.0
8028,US,US,INTER,GASWO,0.03,0.0,0.0,0.0,0.0,0.0
6145,US,US,FOOD4,AVIAT,0.03,0.0,0.0,0.0,0.0,0.0
12808,US,US,PRINT,FOUND,0.03,0.0,0.0,0.0,0.0,0.0
1473,US,US,BITUM,FINAN,0.03,0.0,0.0,0.0,0.0,0.0
9110,US,US,MACHI,PRECI,0.03,0.0,0.0,0.0,0.0,0.0
4264,US,US,ELEC2,ELEC4,0.03,0.0,0.0,0.0,0.0,0.0
16881,US,US,WOOD2,ELEC7,0.03,0.0,0.0,0.0,0.0,0.0
2863,US,US,CONST,HYDRO,0.03,0.0,0.0,0.0,0.0,0.0
10609,US,US,NONME,FOOD2,0.03,0.0,0.0,0.0,0.0,0.0
6524,US,US,FOODW,REFIN,0.03,0.0,0.0,0.0,0.0,0.0
1180,US,US,BIOG1,NONME,0.03,0.0,0.0,0.0,0.0,0.0
1521,US,US,BITUM,PETRO,0.03,0.0,0.0,0.0,0.0,0.0
7604,US,US,HYDRO,RAWMI,0.03,0.0,0.0,0.0,0.0,0.0
14520,US,US,SECO9,MOTOR,0.03,0.0,0.0,0.0,0.0,0.0
1110,US,US,BIODI,STEAM,0.03,0.0,0.0,0.0,0.0,0.0
2518,US,US,COLLE,ELEC9,0.03,0.0,0.0,0.0,0.0,0.0
13676,US,US,REFIN,CEMEN,0.03,0.0,0.0,0.0,0.0,0.0
16965,US,US,WOOD2,REFIN,0.03,0.0,0.0,0.0,0.0,0.0
9625,US,US,MEMBE,GASWO,0.03,0.0,0.0,0.0,0.0,0.0
16852,US,US,WOOD2,BLAST,0.03,0.0,0.0,0.0,0.0,0.0
10850,US,US,OFFIC,ELEC6,0.03,0.0,0.0,0.0,0.0,0.0
10705,US,US,NONSP,BASIC,0.03,0.0,0.0,0.0,0.0,0.0
9244,US,US,MEAT4,PETRO,0.03,0.0,0.0,0.0,0.0,0.0
10097,US,US,NAPHT,WHITE,0.03,0.0,0.0,0.0,0.0,0.0
10367,US,US,NATUR,SUBBI,0.03,0.0,0.0,0.0,0.0,0.0
3561,US,US,DISTR,BLAST,0.03,0.0,0.0,0.0,0.0,0.0
4871,US,US,ELEC6,LUBRI,0.03,0.0,0.0,0.0,0.0,0.0
4927,US,US,ELEC6,SUBBI,0.03,0.0,0.0,0.0,0.0,0.0
7290,US,US,HEAVY,PLAS2,0.03,0.0,0.0,0.0,0.0,0.0
7255,US,US,HEAVY,LEATH,0.03,0.0,0.0,0.0,0.0,0.0
4558,US,US,ELEC4,ETHAN,0.03,0.0,0.0,0.0,0.0,0.0
15081,US,US,SUGA1,SEWAG,0.03,0.0,0.0,0.0,0.0,0.0
16651,US,US,WHOLE,RESEA,0.03,0.0,0.0,0.0,0.0,0.0
2457,US,US,COKE1,MACHI,0.03,0.0,0.0,0.0,0.0,0.0
6811,US,US,FURNI,PETRO,0.03,0.0,0.0,0.0,0.0,0.0
12816,US,US,PRINT,HYDRO,0.03,0.0,0.0,0.0,0.0,0.0
5980,US,US,FOOD2,STEAM,0.03,0.0,0.0,0.0,0.0,0.0
3947,US,US,ELE11,STONE,0.03,0.0,0.0,0.0,0.0,0.0
16730,US,US,WOOD1,FOOD2,0.03,0.0,0.0,0.0,0.0,0.0
4721,US,US,ELEC5,KERO1,0.03,0.0,0.0,0.0,0.0,0.0
8291,US,US,KEROS,NATU1,0.03,0.0,0.0,0.0,0.0,0.0
2707,US,US,COMPU,LEADZ,0.03,0.0,0.0,0.0,0.0,0.0
4018,US,US,ELE12,MEATC,0.03,0.0,0.0,0.0,0.0,0.0
14766,US,US,STEAM,LIQUI,0.03,0.0,0.0,0.0,0.0,0.0
2449,US,US,COKE1,ELEC6,0.03,0.0,0.0,0.0,0.0,0.0
12766,US,US,PRINT,BLAST,0.03,0.0,0.0,0.0,0.0,0.0
14422,US,US,SANDC,NONFE,0.03,0.0,0.0,0.0,0.0,0.0
12022,US,US,PIGS9,PAPE3,0.03,0.0,0.0,0.0,0.0,0.0
3003,US,US,COPP1,LANDT,0.03,0.0,0.0,0.0,0.0,0.0
6675,US,US,FOUND,PAPE3,0.03,0.0,0.0,0.0,0.0,0.0
7543,US,US,HYDRO,ELECT,0.03,0.0,0.0,0.0,0.0,0.0
4023,US,US,ELE12,MOTOR,0.03,0.0,0.0,0.0,0.0,0.0
5017,US,US,ELEC7,PAPE1,0.03,0.0,0.0,0.0,0.0,0.0
53,US,US,93197,GASWO,0.03,0.0,0.0,0.0,0.0,0.0
117,US,US,93197,SUBBI,0.03,0.0,0.0,0.0,0.0,0.0
12318,US,US,PLAS2,NUCLE,0.03,0.0,0.0,0.0,0.0,0.0
10411,US,US,NFERT,HEAVY,0.03,0.0,0.0,0.0,0.0,0.0
13690,US,US,REFIN,NONME,0.03,0.0,0.0,0.0,0.0,0.0
3299,US,US,CRUDE,REALE,0.03,0.0,0.0,0.0,0.0,0.0
3810,US,US,EDUCA,REFI1,0.03,0.0,0.0,0.0,0.0,0.0
3077,US,US,COPPE,RADIO,0.03,0.0,0.0,0.0,0.0,0.0
2106,US,US,CEREA,ELECT,0.03,0.0,0.0,0.0,0.0,0.0
11182,US,US,PADDY,WEARI,0.03,0.0,0.0,0.0,0.0,0.0
5072,US,US,ELEC8,ANTHR,0.03,0.0,0.0,0.0,0.0,0.0
4064,US,US,ELE12,SUGA1,0.03,0.0,0.0,0.0,0.0,0.0
2346,US,US,CHEMI,ETHAN,0.03,0.0,0.0,0.0,0.0,0.0
11184,US,US,PADDY,WOOD2,0.03,0.0,0.0,0.0,0.0,0.0
1134,US,US,BIOG1,ALUM1,0.03,0.0,0.0,0.0,0.0,0.0
6356,US,US,FOOD5,PAPE1,0.03,0.0,0.0,0.0,0.0,0.0
12447,US,US,PLAST,VEGE1,0.03,0.0,0.0,0.0,0.0,0.0
9643,US,US,MEMBE,LIQUI,0.03,0.0,0.0,0.0,0.0,0.0
7804,US,US,INLAN,PAPE4,0.03,0.0,0.0,0.0,0.0,0.0
10412,US,US,NFERT,KEROS,0.03,0.0,0.0,0.0,0.0,0.0
8809,US,US,LIQUI,PLAS2,0.03,0.0,0.0,0.0,0.0,0.0
8044,US,US,INTER,LIGNI,0.03,0.0,0.0,0.0,0.0,0.0
4211,US,US,ELEC1,TRAN1,0.03,0.0,0.0,0.0,0.0,0.0
15667,US,US,TEXTI,FORES,0.03,0.0,0.0,0.0,0.0,0.0
15958,US,US,TRANS,FOOD2,0.03,0.0,0.0,0.0,0.0,0.0
2028,US,US,CERAM,ELEC6,0.03,0.0,0.0,0.0,0.0,0.0
5943,US,US,FOOD2,PADDY,0.03,0.0,0.0,0.0,0.0,0.0
11930,US,US,PFERT,MEATP,0.03,0.0,0.0,0.0,0.0,0.0
8348,US,US,LANDT,ELE12,0.03,0.0,0.0,0.0,0.0,0.0
13301,US,US,RAILW,TEXTI,0.03,0.0,0.0,0.0,0.0,0.0
9314,US,US,MEATC,MOTO1,0.03,0.0,0.0,0.0,0.0,0.0
12758,US,US,PRINT,AVIAT,0.03,0.0,0.0,0.0,0.0,0.0
16234,US,US,WASTE,GASWO,0.03,0.0,0.0,0.0,0.0,0.0
9303,US,US,MEATC,LIQUE,0.03,0.0,0.0,0.0,0.0,0.0
5259,US,US,ELEC9,NONF1,0.03,0.0,0.0,0.0,0.0,0.0
6869,US,US,GASDI,AVIAT,0.03,0.0,0.0,0.0,0.0,0.0
5110,US,US,ELEC8,FORES,0.03,0.0,0.0,0.0,0.0,0.0
11848,US,US,PARAF,HEAVY,0.03,0.0,0.0,0.0,0.0,0.0
2566,US,US,COLLE,NONSP,0.03,0.0,0.0,0.0,0.0,0.0
13686,US,US,REFIN,MEAT4,0.03,0.0,0.0,0.0,0.0,0.0
8551,US,US,LEADZ,MACHI,0.03,0.0,0.0,0.0,0.0,0.0
16089,US,US,VEGE1,TRANS,0.03,0.0,0.0,0.0,0.0,0.0
10963,US,US,OILHA,BITU1,0.03,0.0,0.0,0.0,0.0,0.0
17062,US,US,WOODW,MEATC,0.03,0.0,0.0,0.0,0.0,0.0
5150,US,US,ELEC8,OILHA,0.03,0.0,0.0,0.0,0.0,0.0
13110,US,US,RADIO,CATTL,0.03,0.0,0.0,0.0,0.0,0.0
8257,US,US,KEROS,BASIC,0.03,0.0,0.0,0.0,0.0,0.0
5986,US,US,FOOD2,TEXT1,0.03,0.0,0.0,0.0,0.0,0.0
7735,US,US,INERT,PARAF,0.03,0.0,0.0,0.0,0.0,0.0
4100,US,US,ELEC1,COKEO,0.03,0.0,0.0,0.0,0.0,0.0
15538,US,US,TEXT2,KERO1,0.03,0.0,0.0,0.0,0.0,0.0
13424,US,US,REALE,NUCLE,0.03,0.0,0.0,0.0,0.0,0.0
6025,US,US,FOOD3,COKE1,0.03,0.0,0.0,0.0,0.0,0.0
10801,US,US,NUCLE,OFFIC,0.03,0.0,0.0,0.0,0.0,0.0
2996,US,US,COPP1,GASWO,0.03,0.0,0.0,0.0,0.0,0.0
8656,US,US,LEATH,TRAN1,0.03,0.0,0.0,0.0,0.0,0.0
8565,US,US,LEADZ,PLAS2,0.03,0.0,0.0,0.0,0.0,0.0
233,US,US,AIRTR,PARAF,0.03,0.0,0.0,0.0,0.0,0.0
13571,US,US,RECRE,MEATA,0.03,0.0,0.0,0.0,0.0,0.0
4512,US,US,ELEC3,TRAN1,0.03,0.0,0.0,0.0,0.0,0.0
15446,US,US,TEXT1,STEAM,0.03,0.0,0.0,0.0,0.0,0.0
7582,US,US,HYDRO,NONF1,0.03,0.0,0.0,0.0,0.0,0.0
6432,US,US,FOODW,ELE11,0.03,0.0,0.0,0.0,0.0,0.0
14956,US,US,SUBBI,COMPU,0.03,0.0,0.0,0.0,0.0,0.0
12026,US,US,PIGS9,PLAS1,0.03,0.0,0.0,0.0,0.0,0.0
3845,US,US,ELE11,ANIMA,0.03,0.0,0.0,0.0,0.0,0.0
9589,US,US,MEMBE,COKE1,0.03,0.0,0.0,0.0,0.0,0.0
15110,US,US,SUGAR,KEROS,0.03,0.0,0.0,0.0,0.0,0.0
6678,US,US,FOUND,PLAS1,0.03,0.0,0.0,0.0,0.0,0.0
5249,US,US,ELEC9,MACHI,0.03,0.0,0.0,0.0,0.0,0.0
6873,US,US,GASDI,BIOG1,0.03,0.0,0.0,0.0,0.0,0.0
9964,US,US,MOTOR,LEATH,0.03,0.0,0.0,0.0,0.0,0.0
8955,US,US,LUBRI,PUBLI,0.03,0.0,0.0,0.0,0.0,0.0
4492,US,US,ELEC3,REFIN,0.03,0.0,0.0,0.0,0.0,0.0
12701,US,US,PREC1,TEXT2,0.03,0.0,0.0,0.0,0.0,0.0
8317,US,US,LANDT,AVIAT,0.03,0.0,0.0,0.0,0.0,0.0
15909,US,US,TRAN1,WHITE,0.03,0.0,0.0,0.0,0.0,0.0
9907,US,US,MOTOR,CERAM,0.03,0.0,0.0,0.0,0.0,0.0
13345,US,US,REALE,CERAM,0.03,0.0,0.0,0.0,0.0,0.0
10499,US,US,NONF1,PUBLI,0.03,0.0,0.0,0.0,0.0,0.0
10392,US,US,NFERT,BIOGA,0.03,0.0,0.0,0.0,0.0,0.0
11135,US,US,PADDY,FOODW,0.03,0.0,0.0,0.0,0.0,0.0
798,US,US,BASIC,COPPE,0.03,0.0,0.0,0.0,0.0,0.0
11835,US,US,PARAF,BIOG1,0.03,0.0,0.0,0.0,0.0,0.0
4401,US,US,ELEC3,COKEO,0.03,0.0,0.0,0.0,0.0,0.0
3943,US,US,ELE11,SANDC,0.03,0.0,0.0,0.0,0.0,0.0
4191,US,US,ELEC1,REFIN,0.03,0.0,0.0,0.0,0.0,0.0
8756,US,US,LIQUI,COPP1,0.03,0.0,0.0,0.0,0.0,0.0
5346,US,US,ELECT,ELEC9,0.03,0.0,0.0,0.0,0.0,0.0
7234,US,US,HEAVY,FOOD4,0.03,0.0,0.0,0.0,0.0,0.0
5933,US,US,FOOD2,NAPHT,0.03,0.0,0.0,0.0,0.0,0.0
6339,US,US,FOOD5,LIQUE,0.03,0.0,0.0,0.0,0.0,0.0
2450,US,US,COKE1,ELEC7,0.03,0.0,0.0,0.0,0.0,0.0
11143,US,US,PADDY,KEROS,0.03,0.0,0.0,0.0,0.0,0.0
1419,US,US,BITU1,NATUR,0.03,0.0,0.0,0.0,0.0,0.0
6071,US,US,FOOD3,LIGNI,0.03,0.0,0.0,0.0,0.0,0.0
4942,US,US,ELEC6,WOOD1,0.03,0.0,0.0,0.0,0.0,0.0
8199,US,US,IRONO,REFIN,0.03,0.0,0.0,0.0,0.0,0.0
2453,US,US,COKE1,FOUND,0.03,0.0,0.0,0.0,0.0,0.0
10423,US,US,NFERT,NUCLE,0.03,0.0,0.0,0.0,0.0,0.0
1494,US,US,BITUM,LEATH,0.03,0.0,0.0,0.0,0.0,0.0
10165,US,US,NATU1,LEAD1,0.04,0.0,0.0,0.0,0.0,0.0
7017,US,US,GASWO,ELE11,0.04,0.0,0.0,0.0,0.0,0.0
5922,US,US,FOOD2,LUBRI,0.04,0.0,0.0,0.0,0.0,0.0
8613,US,US,LEATH,GLASS,0.05,0.0,0.0,0.0,0.0,0.0
12081,US,US,PLAS1,COKE1,0.05,0.0,0.0,0.0,0.0,0.0
11390,US,US,PAPE3,ELEC6,0.05,0.0,0.0,0.0,0.0,0.0
8524,US,US,LEADZ,BITU1,0.05,0.0,0.0,0.0,0.0,0.0
5538,US,US,FABRI,LEADZ,0.05,0.0,0.0,0.0,0.0,0.0
4251,US,US,ELEC2,COLLE,0.05,0.0,0.0,0.0,0.0,0.0
1152,US,US,BIOG1,FINAN,0.05,0.0,0.0,0.0,0.0,0.0
14756,US,US,STEAM,HEAVY,0.05,0.0,0.0,0.0,0.0,0.0
3711,US,US,EDUCA,BITU1,0.05,0.0,0.0,0.0,0.0,0.0
8986,US,US,LUBRI,WOOD1,0.05,0.0,0.0,0.0,0.0,0.0
11552,US,US,PAPE4,ELEC6,0.05,0.0,0.0,0.0,0.0,0.0
14842,US,US,STONE,BASIC,0.05,0.0,0.0,0.0,0.0,0.0
14866,US,US,STONE,FORES,0.05,0.0,0.0,0.0,0.0,0.0
10125,US,US,NATU1,COMPU,0.05,0.0,0.0,0.0,0.0,0.0
7246,US,US,HEAVY,INERT,0.05,0.0,0.0,0.0,0.0,0.0
306,US,US,ALUM1,ELEC3,0.05,0.0,0.0,0.0,0.0,0.0
4757,US,US,ELEC5,PETRO,0.05,0.0,0.0,0.0,0.0,0.0
15414,US,US,TEXT1,PETRO,0.05,0.0,0.0,0.0,0.0,0.0
14767,US,US,STEAM,LUBRI,0.05,0.0,0.0,0.0,0.0,0.0
21,US,US,93197,COKIN,0.05,0.0,0.0,0.0,0.0,0.0
950,US,US,BEVER,LEATH,0.05,0.0,0.0,0.0,0.0,0.0
3350,US,US,DAIRY,GASDI,0.05,0.0,0.0,0.0,0.0,0.0
7102,US,US,GLASS,PARAF,0.05,0.0,0.0,0.0,0.0,0.0
15042,US,US,SUBBI,WOODW,0.05,0.0,0.0,0.0,0.0,0.0
3320,US,US,CRUDE,TOBAC,0.05,0.0,0.0,0.0,0.0,0.0
9277,US,US,MEATC,ALUM1,0.05,0.0,0.0,0.0,0.0,0.0
473,US,US,ANIMA,SECO9,0.05,0.0,0.0,0.0,0.0,0.0
137,US,US,AIRTR,AVIAT,0.05,0.0,0.0,0.0,0.0,0.0
14420,US,US,SANDC,NFERT,0.05,0.0,0.0,0.0,0.0,0.0
16277,US,US,WASTE,PETRO,0.05,0.0,0.0,0.0,0.0,0.0
4943,US,US,ELEC6,WOOD2,0.05,0.0,0.0,0.0,0.0,0.0
165,US,US,AIRTR,ELE12,0.05,0.0,0.0,0.0,0.0,0.0
3973,US,US,ELE12,BIODI,0.05,0.0,0.0,0.0,0.0,0.0
15050,US,US,SUGA1,CROPS,0.05,0.0,0.0,0.0,0.0,0.0
16504,US,US,WHITE,PAPE4,0.05,0.0,0.0,0.0,0.0,0.0
2485,US,US,COLLE,BITUM,0.05,0.0,0.0,0.0,0.0,0.0
14381,US,US,SANDC,COMPU,0.05,0.0,0.0,0.0,0.0,0.0
10184,US,US,NATU1,NONF1,0.05,0.0,0.0,0.0,0.0,0.0
14965,US,US,SUBBI,ETHAN,0.05,0.0,0.0,0.0,0.0,0.0
4850,US,US,ELEC6,FOODW,0.05,0.0,0.0,0.0,0.0,0.0
3980,US,US,ELE12,CERAM,0.05,0.0,0.0,0.0,0.0,0.0
8223,US,US,KERO1,ELEC3,0.05,0.0,0.0,0.0,0.0,0.0
7254,US,US,HEAVY,LEADZ,0.05,0.0,0.0,0.0,0.0,0.0
11221,US,US,PAPE1,ELE11,0.05,0.0,0.0,0.0,0.0,0.0
15969,US,US,TRANS,INSUR,0.05,0.0,0.0,0.0,0.0,0.0
10540,US,US,NONFE,LEADZ,0.05,0.0,0.0,0.0,0.0,0.0
15881,US,US,TRAN1,REFI1,0.05,0.0,0.0,0.0,0.0,0.0
8736,US,US,LIQUI,AIRTR,0.05,0.0,0.0,0.0,0.0,0.0
11229,US,US,PAPE1,ELEC7,0.05,0.0,0.0,0.0,0.0,0.0
12392,US,US,PLAST,CERAM,0.05,0.0,0.0,0.0,0.0,0.0
13511,US,US,RECRE,COKE1,0.05,0.0,0.0,0.0,0.0,0.0
16414,US,US,WHEAT,KEROS,0.05,0.0,0.0,0.0,0.0,0.0
16676,US,US,WHOLE,WOOD1,0.05,0.0,0.0,0.0,0.0,0.0
5324,US,US,ELECT,COKEO,0.05,0.0,0.0,0.0,0.0,0.0
15606,US,US,TEXT2,STEAM,0.05,0.0,0.0,0.0,0.0,0.0
6448,US,US,FOODW,FOOD2,0.05,0.0,0.0,0.0,0.0,0.0
8808,US,US,LIQUI,PLAS1,0.05,0.0,0.0,0.0,0.0,0.0
12156,US,US,PLAS1,NUCLE,0.05,0.0,0.0,0.0,0.0,0.0
2427,US,US,CHEMI,WOOD1,0.05,0.0,0.0,0.0,0.0,0.0
14780,US,US,STEAM,NONF1,0.05,0.0,0.0,0.0,0.0,0.0
8830,US,US,LIQUI,SUGAR,0.05,0.0,0.0,0.0,0.0,0.0
7712,US,US,INERT,MEATA,0.05,0.0,0.0,0.0,0.0,0.0
11028,US,US,OILHA,LUBRI,0.04,0.0,0.0,0.0,0.0,0.0
12832,US,US,PRINT,MEAT1,0.05,0.0,0.0,0.0,0.0,0.0
9362,US,US,MEATP,FISHF,0.04,0.0,0.0,0.0,0.0,0.0
16889,US,US,WOOD2,FOOD2,0.04,0.0,0.0,0.0,0.0,0.0
10205,US,US,NATU1,RAWMI,0.04,0.0,0.0,0.0,0.0,0.0
10371,US,US,NATUR,TEXT1,0.04,0.0,0.0,0.0,0.0,0.0
4061,US,US,ELE12,SECO9,0.04,0.0,0.0,0.0,0.0,0.0
8885,US,US,LUBRI,ELEC7,0.04,0.0,0.0,0.0,0.0,0.0
15073,US,US,SUGA1,PUBLI,0.04,0.0,0.0,0.0,0.0,0.0
1169,US,US,BIOG1,LUBRI,0.04,0.0,0.0,0.0,0.0,0.0
7576,US,US,HYDRO,MOTO1,0.04,0.0,0.0,0.0,0.0,0.0
16245,US,US,WASTE,LEAD1,0.04,0.0,0.0,0.0,0.0,0.0
8225,US,US,KERO1,ELEC5,0.05,0.0,0.0,0.0,0.0,0.0
12939,US,US,PROCE,WEARI,0.05,0.0,0.0,0.0,0.0,0.0
8716,US,US,LIGNI,STEAM,0.05,0.0,0.0,0.0,0.0,0.0
7225,US,US,HEAVY,ELEC5,0.05,0.0,0.0,0.0,0.0,0.0
11199,US,US,PAPE1,BLAST,0.05,0.0,0.0,0.0,0.0,0.0
10422,US,US,NFERT,NONSP,0.05,0.0,0.0,0.0,0.0,0.0
6319,US,US,FOOD5,ELECT,0.05,0.0,0.0,0.0,0.0,0.0
6926,US,US,GASDI,LEAD1,0.05,0.0,0.0,0.0,0.0,0.0
12664,US,US,PREC1,INTER,0.05,0.0,0.0,0.0,0.0,0.0
2370,US,US,CHEMI,MEATA,0.05,0.0,0.0,0.0,0.0,0.0
5278,US,US,ELEC9,RENTI,0.05,0.0,0.0,0.0,0.0,0.0
2353,US,US,CHEMI,FOUND,0.05,0.0,0.0,0.0,0.0,0.0
4726,US,US,ELEC5,LIGNI,0.05,0.0,0.0,0.0,0.0,0.0
1600,US,US,BRICK,CHEMI,0.05,0.0,0.0,0.0,0.0,0.0
3970,US,US,ELE12,AUXIL,0.05,0.0,0.0,0.0,0.0,0.0
12281,US,US,PLAS2,GASWO,0.05,0.0,0.0,0.0,0.0,0.0
2088,US,US,CERAM,WOOD1,0.05,0.0,0.0,0.0,0.0,0.0
8124,US,US,INTER,WHITE,0.05,0.0,0.0,0.0,0.0,0.0
8259,US,US,KEROS,BITUM,0.05,0.0,0.0,0.0,0.0,0.0
6978,US,US,GASDI,REFI1,0.05,0.0,0.0,0.0,0.0,0.0
16752,US,US,WOOD1,LEAD1,0.05,0.0,0.0,0.0,0.0,0.0
7393,US,US,HOTEL,FOOD3,0.05,0.0,0.0,0.0,0.0,0.0
12037,US,US,PIGS9,RUBBE,0.05,0.0,0.0,0.0,0.0,0.0
4747,US,US,ELEC5,NUCLE,0.05,0.0,0.0,0.0,0.0,0.0
11314,US,US,PAPE1,REFIN,0.05,0.0,0.0,0.0,0.0,0.0
9853,US,US,MOTO1,REFI1,0.05,0.0,0.0,0.0,0.0,0.0
1946,US,US,CEMEN,NFERT,0.05,0.0,0.0,0.0,0.0,0.0
13303,US,US,RAILW,WEARI,0.04,0.0,0.0,0.0,0.0,0.0
13203,US,US,RADIO,PLANT,0.05,0.0,0.0,0.0,0.0,0.0
13023,US,US,PUBLI,NUCLE,0.05,0.0,0.0,0.0,0.0,0.0
16804,US,US,WOOD1,REFI1,0.05,0.0,0.0,0.0,0.0,0.0
16503,US,US,WHITE,PAPE3,0.05,0.0,0.0,0.0,0.0,0.0
6309,US,US,FOOD5,BRICK,0.05,0.0,0.0,0.0,0.0,0.0
15373,US,US,TEXT1,HYDRO,0.05,0.0,0.0,0.0,0.0,0.0
10565,US,US,NONFE,SECO9,0.05,0.0,0.0,0.0,0.0,0.0
8544,US,US,LEADZ,INERT,0.05,0.0,0.0,0.0,0.0,0.0
7570,US,US,HYDRO,MEAT1,0.05,0.0,0.0,0.0,0.0,0.0
14771,US,US,STEAM,MEATC,0.05,0.0,0.0,0.0,0.0,0.0
9207,US,US,MEAT4,ELECT,0.05,0.0,0.0,0.0,0.0,0.0
7550,US,US,HYDRO,FOUND,0.05,0.0,0.0,0.0,0.0,0.0
10086,US,US,NAPHT,PARAF,0.05,0.0,0.0,0.0,0.0,0.0
186,US,US,AIRTR,FORES,0.05,0.0,0.0,0.0,0.0,0.0
1166,US,US,BIOG1,LEADZ,0.05,0.0,0.0,0.0,0.0,0.0
8452,US,US,LANDT,SUBBI,0.05,0.0,0.0,0.0,0.0,0.0
9458,US,US,MEDIC,ETHAN,0.05,0.0,0.0,0.0,0.0,0.0
1668,US,US,BRICK,WHOLE,0.05,0.0,0.0,0.0,0.0,0.0
11092,US,US,OILHA,TEXT2,0.05,0.0,0.0,0.0,0.0,0.0
7033,US,US,GLASS,AVIAT,0.05,0.0,0.0,0.0,0.0,0.0
4065,US,US,ELE12,SUGAR,0.05,0.0,0.0,0.0,0.0,0.0
11159,US,US,PADDY,PAPE1,0.05,0.0,0.0,0.0,0.0,0.0
14342,US,US,SALEM,SUBBI,0.05,0.0,0.0,0.0,0.0,0.0
7600,US,US,HYDRO,PROCE,0.05,0.0,0.0,0.0,0.0,0.0
2653,US,US,COMPU,COKEO,0.05,0.0,0.0,0.0,0.0,0.0
5229,US,US,ELEC9,DAIRY,0.05,0.0,0.0,0.0,0.0,0.0
7157,US,US,HEALT,INTER,0.05,0.0,0.0,0.0,0.0,0.0
12101,US,US,PLAS1,ELEC6,0.05,0.0,0.0,0.0,0.0,0.0
15099,US,US,SUGAR,FABRI,0.05,0.0,0.0,0.0,0.0,0.0
6358,US,US,FOOD5,PAPE4,0.05,0.0,0.0,0.0,0.0,0.0
2999,US,US,COPP1,HEAVY,0.05,0.0,0.0,0.0,0.0,0.0
5378,US,US,ELECT,LIGNI,0.05,0.0,0.0,0.0,0.0,0.0
5018,US,US,ELEC7,PAPE3,0.05,0.0,0.0,0.0,0.0,0.0
6622,US,US,FORES,SANDC,0.05,0.0,0.0,0.0,0.0,0.0
8780,US,US,LIQUI,INERT,0.05,0.0,0.0,0.0,0.0,0.0
9580,US,US,MEMBE,BLAST,0.05,0.0,0.0,0.0,0.0,0.0
16933,US,US,WOOD2,NONSP,0.05,0.0,0.0,0.0,0.0,0.0
10656,US,US,NONME,PARAF,0.05,0.0,0.0,0.0,0.0,0.0
4851,US,US,ELEC6,FORES,0.05,0.0,0.0,0.0,0.0,0.0
6492,US,US,FOODW,NONSP,0.05,0.0,0.0,0.0,0.0,0.0
12822,US,US,PRINT,KERO1,0.05,0.0,0.0,0.0,0.0,0.0
11900,US,US,PFERT,ELEC4,0.05,0.0,0.0,0.0,0.0,0.0
14505,US,US,SECO9,FOOD5,0.05,0.0,0.0,0.0,0.0,0.0
12538,US,US,POSTT,MEATA,0.05,0.0,0.0,0.0,0.0,0.0
8789,US,US,LIQUI,LIQUE,0.05,0.0,0.0,0.0,0.0,0.0
8409,US,US,LANDT,NUCLE,0.05,0.0,0.0,0.0,0.0,0.0
13401,US,US,REALE,LEAD1,0.05,0.0,0.0,0.0,0.0,0.0
8793,US,US,LIQUI,MEDIC,0.05,0.0,0.0,0.0,0.0,0.0
9271,US,US,MEATA,CROPS,0.05,0.0,0.0,0.0,0.0,0.0
3148,US,US,CROPS,NONSP,0.05,0.0,0.0,0.0,0.0,0.0
14753,US,US,STEAM,GASWO,0.05,0.0,0.0,0.0,0.0,0.0
12032,US,US,PIGS9,RADIO,0.05,0.0,0.0,0.0,0.0,0.0
9211,US,US,MEAT4,FISHF,0.05,0.0,0.0,0.0,0.0,0.0
8039,US,US,INTER,KERO1,0.05,0.0,0.0,0.0,0.0,0.0
16328,US,US,WEARI,BIOGA,0.05,0.0,0.0,0.0,0.0,0.0
10933,US,US,OFFIC,STEAM,0.05,0.0,0.0,0.0,0.0,0.0
3146,US,US,CROPS,NFERT,0.05,0.0,0.0,0.0,0.0,0.0
1223,US,US,BIOGA,ANIMA,0.05,0.0,0.0,0.0,0.0,0.0
7175,US,US,HEALT,RETAI,0.05,0.0,0.0,0.0,0.0,0.0
5844,US,US,FISHF,WEARI,0.05,0.0,0.0,0.0,0.0,0.0
8720,US,US,LIGNI,VEGE1,0.05,0.0,0.0,0.0,0.0,0.0
5987,US,US,FOOD2,TEXT2,0.05,0.0,0.0,0.0,0.0,0.0
4029,US,US,ELE12,OFFIC,0.05,0.0,0.0,0.0,0.0,0.0
10993,US,US,OILHA,ELEC8,0.05,0.0,0.0,0.0,0.0,0.0
14879,US,US,STONE,LIQUI,0.05,0.0,0.0,0.0,0.0,0.0
16930,US,US,WOOD2,NFERT,0.05,0.0,0.0,0.0,0.0,0.0
1217,US,US,BIOG1,WHEAT,0.05,0.0,0.0,0.0,0.0,0.0
1866,US,US,CEMEN,AVIAT,0.05,0.0,0.0,0.0,0.0,0.0
13678,US,US,REFIN,CRUDE,0.05,0.0,0.0,0.0,0.0,0.0
6038,US,US,FOOD3,ELE12,0.05,0.0,0.0,0.0,0.0,0.0
12297,US,US,PLAS2,LIGNI,0.05,0.0,0.0,0.0,0.0,0.0
409,US,US,ALUMI,LUBRI,0.05,0.0,0.0,0.0,0.0,0.0
7574,US,US,HYDRO,MEDIC,0.05,0.0,0.0,0.0,0.0,0.0
6565,US,US,FORES,BRICK,0.05,0.0,0.0,0.0,0.0,0.0
5019,US,US,ELEC7,PAPE4,0.05,0.0,0.0,0.0,0.0,0.0
8872,US,US,LUBRI,CRUDE,0.05,0.0,0.0,0.0,0.0,0.0
3057,US,US,COPP1,WOOD1,0.05,0.0,0.0,0.0,0.0,0.0
8759,US,US,LIQUI,DAIRY,0.05,0.0,0.0,0.0,0.0,0.0
14884,US,US,STONE,MEDIC,0.05,0.0,0.0,0.0,0.0,0.0
1576,US,US,BLAST,ELEC5,0.05,0.0,0.0,0.0,0.0,0.0
8246,US,US,KERO1,RENTI,0.05,0.0,0.0,0.0,0.0,0.0
8777,US,US,LIQUI,HEALT,0.05,0.0,0.0,0.0,0.0,0.0
15026,US,US,SUBBI,SEACO,0.05,0.0,0.0,0.0,0.0,0.0
1136,US,US,BIOG1,BEVER,0.05,0.0,0.0,0.0,0.0,0.0
16394,US,US,WHEAT,ALUM1,0.05,0.0,0.0,0.0,0.0,0.0
8538,US,US,LEADZ,FURNI,0.05,0.0,0.0,0.0,0.0,0.0
15471,US,US,TEXT2,ANIMA,0.05,0.0,0.0,0.0,0.0,0.0
2005,US,US,CERAM,BITU1,0.05,0.0,0.0,0.0,0.0,0.0
8792,US,US,LIQUI,MEAT4,0.05,0.0,0.0,0.0,0.0,0.0
504,US,US,ANTHR,ELECT,0.05,0.0,0.0,0.0,0.0,0.0
16630,US,US,WHOLE,PARAF,0.05,0.0,0.0,0.0,0.0,0.0
1243,US,US,BIOGA,COKE1,0.05,0.0,0.0,0.0,0.0,0.0
15568,US,US,TEXT2,PADDY,0.05,0.0,0.0,0.0,0.0,0.0
5650,US,US,FINAN,COKE1,0.05,0.0,0.0,0.0,0.0,0.0
5131,US,US,ELEC8,LUBRI,0.05,0.0,0.0,0.0,0.0,0.0
10782,US,US,NONSP,WHITE,0.05,0.0,0.0,0.0,0.0,0.0
7546,US,US,HYDRO,FISH5,0.05,0.0,0.0,0.0,0.0,0.0
6133,US,US,FOOD3,VEGE1,0.05,0.0,0.0,0.0,0.0,0.0
14085,US,US,RUBBE,ELEC9,0.05,0.0,0.0,0.0,0.0,0.0
348,US,US,ALUM1,PFERT,0.04,0.0,0.0,0.0,0.0,0.0
13594,US,US,RECRE,PARAF,0.04,0.0,0.0,0.0,0.0,0.0
12064,US,US,PLAS1,AVIAT,0.04,0.0,0.0,0.0,0.0,0.0
11262,US,US,PAPE1,LIGNI,0.04,0.0,0.0,0.0,0.0,0.0
6182,US,US,FOOD4,ELEC6,0.04,0.0,0.0,0.0,0.0,0.0
9523,US,US,MEDIC,POULT,0.04,0.0,0.0,0.0,0.0,0.0
3428,US,US,DIST1,ELEC4,0.04,0.0,0.0,0.0,0.0,0.0
16477,US,US,WHITE,FOOD4,0.04,0.0,0.0,0.0,0.0,0.0
11725,US,US,PAPER,FOOD3,0.04,0.0,0.0,0.0,0.0,0.0
11104,US,US,OILHA,WOOD1,0.04,0.0,0.0,0.0,0.0,0.0
7184,US,US,HEAVY,ALUM1,0.04,0.0,0.0,0.0,0.0,0.0
11811,US,US,PAPER,STEAM,0.04,0.0,0.0,0.0,0.0,0.0
3048,US,US,COPP1,TEXT1,0.04,0.0,0.0,0.0,0.0,0.0
7277,US,US,HEAVY,NUCLE,0.04,0.0,0.0,0.0,0.0,0.0
15170,US,US,SUPPO,COKEO,0.04,0.0,0.0,0.0,0.0,0.0
12609,US,US,POSTT,WASTE,0.04,0.0,0.0,0.0,0.0,0.0
8145,US,US,IRONO,COMPU,0.04,0.0,0.0,0.0,0.0,0.0
4614,US,US,ELEC4,PETRO,0.04,0.0,0.0,0.0,0.0,0.0
16060,US,US,VEGE1,NFERT,0.04,0.0,0.0,0.0,0.0,0.0
8610,US,US,LEATH,FOUND,0.04,0.0,0.0,0.0,0.0,0.0
16296,US,US,WASTE,REFI1,0.04,0.0,0.0,0.0,0.0,0.0
9461,US,US,MEDIC,FISH5,0.04,0.0,0.0,0.0,0.0,0.0
7797,US,US,INLAN,INERT,0.04,0.0,0.0,0.0,0.0,0.0
12711,US,US,PRECI,BIODI,0.04,0.0,0.0,0.0,0.0,0.0
16388,US,US,WEARI,TRANS,0.04,0.0,0.0,0.0,0.0,0.0
6467,US,US,FOODW,KERO1,0.04,0.0,0.0,0.0,0.0,0.0
8805,US,US,LIQUI,PAPE4,0.04,0.0,0.0,0.0,0.0,0.0
5256,US,US,ELEC9,MOTO1,0.04,0.0,0.0,0.0,0.0,0.0
2509,US,US,COLLE,ELE12,0.04,0.0,0.0,0.0,0.0,0.0
16237,US,US,WASTE,HYDRO,0.04,0.0,0.0,0.0,0.0,0.0
14894,US,US,STONE,OILHA,0.04,0.0,0.0,0.0,0.0,0.0
12389,US,US,PLAST,BRICK,0.04,0.0,0.0,0.0,0.0,0.0
11087,US,US,OILHA,SUBBI,0.04,0.0,0.0,0.0,0.0,0.0
1888,US,US,CEMEN,CROPS,0.04,0.0,0.0,0.0,0.0,0.0
11850,US,US,PARAF,INLAN,0.04,0.0,0.0,0.0,0.0,0.0
7289,US,US,HEAVY,PLAS1,0.04,0.0,0.0,0.0,0.0,0.0
12688,US,US,PREC1,PUBLI,0.04,0.0,0.0,0.0,0.0,0.0
6751,US,US,FURNI,ELEC7,0.04,0.0,0.0,0.0,0.0,0.0
15566,US,US,TEXT2,OILHA,0.04,0.0,0.0,0.0,0.0,0.0
16683,US,US,WOOD1,ANIMA,0.04,0.0,0.0,0.0,0.0,0.0
2971,US,US,COPP1,COKE1,0.04,0.0,0.0,0.0,0.0,0.0
11607,US,US,PAPE4,NUCLE,0.04,0.0,0.0,0.0,0.0,0.0
2067,US,US,CERAM,PUBLI,0.04,0.0,0.0,0.0,0.0,0.0
15563,US,US,TEXT2,NONSP,0.04,0.0,0.0,0.0,0.0,0.0
16551,US,US,WHOLE,AVIAT,0.04,0.0,0.0,0.0,0.0,0.0
5984,US,US,FOOD2,SUGAR,0.04,0.0,0.0,0.0,0.0,0.0
5726,US,US,FINAN,NUCLE,0.04,0.0,0.0,0.0,0.0,0.0
10810,US,US,NUCLE,TRANS,0.04,0.0,0.0,0.0,0.0,0.0
10254,US,US,NATUR,COKIN,0.04,0.0,0.0,0.0,0.0,0.0
2131,US,US,CEREA,NONME,0.04,0.0,0.0,0.0,0.0,0.0
12553,US,US,POSTT,NUCLE,0.04,0.0,0.0,0.0,0.0,0.0
8561,US,US,LEADZ,PAPE4,0.04,0.0,0.0,0.0,0.0,0.0
6363,US,US,FOOD5,PLAS2,0.04,0.0,0.0,0.0,0.0,0.0
4977,US,US,ELEC7,FOOD4,0.04,0.0,0.0,0.0,0.0,0.0
7285,US,US,HEAVY,PETRO,0.04,0.0,0.0,0.0,0.0,0.0
2099,US,US,CEREA,CEMEN,0.04,0.0,0.0,0.0,0.0,0.0
12029,US,US,PIGS9,PRINT,0.04,0.0,0.0,0.0,0.0,0.0
2469,US,US,COKE1,WOODW,0.04,0.0,0.0,0.0,0.0,0.0
16311,US,US,WASTE,SUPPO,0.04,0.0,0.0,0.0,0.0,0.0
9370,US,US,MEATP,KEROS,0.04,0.0,0.0,0.0,0.0,0.0
7282,US,US,HEAVY,PAPE3,0.04,0.0,0.0,0.0,0.0,0.0
8977,US,US,LUBRI,TEXT1,0.04,0.0,0.0,0.0,0.0,0.0
16490,US,US,WHITE,KERO1,0.04,0.0,0.0,0.0,0.0,0.0
15560,US,US,TEXT2,NFERT,0.04,0.0,0.0,0.0,0.0,0.0
6572,US,US,FORES,COPP1,0.04,0.0,0.0,0.0,0.0,0.0
4605,US,US,ELEC4,NUCLE,0.04,0.0,0.0,0.0,0.0,0.0
16355,US,US,WEARI,MOTOR,0.04,0.0,0.0,0.0,0.0,0.0
4932,US,US,ELEC6,TEXT2,0.04,0.0,0.0,0.0,0.0,0.0
3346,US,US,DAIRY,FABRI,0.04,0.0,0.0,0.0,0.0,0.0
16816,US,US,WOOD1,STEAM,0.04,0.0,0.0,0.0,0.0,0.0
6802,US,US,FURNI,NUCLE,0.04,0.0,0.0,0.0,0.0,0.0
8703,US,US,LIGNI,MEATP,0.04,0.0,0.0,0.0,0.0,0.0
400,US,US,ALUMI,FOOD5,0.04,0.0,0.0,0.0,0.0,0.0
16209,US,US,WASTE,EDUCA,0.04,0.0,0.0,0.0,0.0,0.0
11142,US,US,PADDY,INTER,0.04,0.0,0.0,0.0,0.0,0.0
11175,US,US,PADDY,RETAI,0.04,0.0,0.0,0.0,0.0,0.0
10485,US,US,NONF1,MEMBE,0.04,0.0,0.0,0.0,0.0,0.0
13492,US,US,RECRE,ANTHR,0.04,0.0,0.0,0.0,0.0,0.0
13296,US,US,RAILW,SECO9,0.04,0.0,0.0,0.0,0.0,0.0
13046,US,US,PUBLI,REFIN,0.04,0.0,0.0,0.0,0.0,0.0
16908,US,US,WOOD2,KERO1,0.04,0.0,0.0,0.0,0.0,0.0
561,US,US,ANTHR,SALEM,0.04,0.0,0.0,0.0,0.0,0.0
8195,US,US,IRONO,PRECI,0.04,0.0,0.0,0.0,0.0,0.0
16092,US,US,VEGE1,WHITE,0.04,0.0,0.0,0.0,0.0,0.0
10831,US,US,OFFIC,COKE1,0.04,0.0,0.0,0.0,0.0,0.0
7569,US,US,HYDRO,MACHI,0.04,0.0,0.0,0.0,0.0,0.0
5670,US,US,FINAN,ELEC6,0.04,0.0,0.0,0.0,0.0,0.0
9730,US,US,MOTO1,AVIAT,0.04,0.0,0.0,0.0,0.0,0.0
8586,US,US,LEATH,BIOG1,0.04,0.0,0.0,0.0,0.0,0.0
10115,US,US,NATU1,CATTL,0.04,0.0,0.0,0.0,0.0,0.0
4026,US,US,ELE12,NFERT,0.04,0.0,0.0,0.0,0.0,0.0
13433,US,US,REALE,PARAF,0.04,0.0,0.0,0.0,0.0,0.0
13330,US,US,REALE,ANTHR,0.04,0.0,0.0,0.0,0.0,0.0
2134,US,US,CEREA,OFFIC,0.04,0.0,0.0,0.0,0.0,0.0
14247,US,US,SALEM,ELEC6,0.04,0.0,0.0,0.0,0.0,0.0
5999,US,US,FOOD2,WOOD1,0.04,0.0,0.0,0.0,0.0,0.0
5247,US,US,ELEC9,IRONO,0.04,0.0,0.0,0.0,0.0,0.0
911,US,US,BASIC,SUGAR,0.04,0.0,0.0,0.0,0.0,0.0
15017,US,US,SUBBI,RECRE,0.04,0.0,0.0,0.0,0.0,0.0
4046,US,US,ELE12,PROCE,0.04,0.0,0.0,0.0,0.0,0.0
2362,US,US,CHEMI,KERO1,0.04,0.0,0.0,0.0,0.0,0.0
3745,US,US,EDUCA,FISH5,0.04,0.0,0.0,0.0,0.0,0.0
4830,US,US,ELEC6,COKIN,0.04,0.0,0.0,0.0,0.0,0.0
16358,US,US,WEARI,OILHA,0.04,0.0,0.0,0.0,0.0,0.0
12439,US,US,PLAST,RETAI,0.04,0.0,0.0,0.0,0.0,0.0
16306,US,US,WASTE,STEAM,0.04,0.0,0.0,0.0,0.0,0.0
943,US,US,BEVER,FOODW,0.04,0.0,0.0,0.0,0.0,0.0
11532,US,US,PAPE4,COKE1,0.04,0.0,0.0,0.0,0.0,0.0
4697,US,US,ELEC5,DISTR,0.04,0.0,0.0,0.0,0.0,0.0
2114,US,US,CEREA,HEAVY,0.04,0.0,0.0,0.0,0.0,0.0
4591,US,US,ELEC4,MEATA,0.04,0.0,0.0,0.0,0.0,0.0
15691,US,US,TEXTI,MEATC,0.04,0.0,0.0,0.0,0.0,0.0
2560,US,US,COLLE,NAPHT,0.04,0.0,0.0,0.0,0.0,0.0
2576,US,US,COLLE,PETRO,0.04,0.0,0.0,0.0,0.0,0.0
1669,US,US,BRICK,WOOD1,0.04,0.0,0.0,0.0,0.0,0.0
11839,US,US,PARAF,CHEM1,0.04,0.0,0.0,0.0,0.0,0.0
7195,US,US,HEAVY,BITU1,0.04,0.0,0.0,0.0,0.0,0.0
3730,US,US,EDUCA,ELE11,0.04,0.0,0.0,0.0,0.0,0.0
12827,US,US,PRINT,LIGNI,0.04,0.0,0.0,0.0,0.0,0.0
10843,US,US,OFFIC,ELE11,0.04,0.0,0.0,0.0,0.0,0.0
6663,US,US,FOUND,LEADZ,0.04,0.0,0.0,0.0,0.0,0.0
16299,US,US,WASTE,RESEA,0.04,0.0,0.0,0.0,0.0,0.0
74,US,US,93197,MEAT4,0.04,0.0,0.0,0.0,0.0,0.0
14584,US,US,SEWAG,ELEC9,0.04,0.0,0.0,0.0,0.0,0.0
16411,US,US,WHEAT,FURNI,0.04,0.0,0.0,0.0,0.0,0.0
5694,US,US,FINAN,HYDRO,0.04,0.0,0.0,0.0,0.0,0.0
441,US,US,ALUMI,WOODW,0.04,0.0,0.0,0.0,0.0,0.0
6322,US,US,FOOD5,FOOD4,0.04,0.0,0.0,0.0,0.0,0.0
8206,US,US,IRONO,TEXT1,0.04,0.0,0.0,0.0,0.0,0.0
9548,US,US,MEDIC,SUBBI,0.04,0.0,0.0,0.0,0.0,0.0
492,US,US,ANTHR,CHEMI,0.04,0.0,0.0,0.0,0.0,0.0
6703,US,US,FOUND,WEARI,0.04,0.0,0.0,0.0,0.0,0.0
6401,US,US,FOODW,ANTHR,0.04,0.0,0.0,0.0,0.0,0.0
14834,US,US,STEAM,WOOD1,0.04,0.0,0.0,0.0,0.0,0.0
5228,US,US,ELEC9,CRUDE,0.04,0.0,0.0,0.0,0.0,0.0
7633,US,US,INERT,AVIAT,0.04,0.0,0.0,0.0,0.0,0.0
10150,US,US,NATU1,FISHF,0.04,0.0,0.0,0.0,0.0,0.0
10057,US,US,NAPHT,CRUDE,0.04,0.0,0.0,0.0,0.0,0.0
8173,US,US,IRONO,MOTO1,0.04,0.0,0.0,0.0,0.0,0.0
3477,US,US,DIST1,NATUR,0.04,0.0,0.0,0.0,0.0,0.0
4869,US,US,ELEC6,LIQUE,0.04,0.0,0.0,0.0,0.0,0.0
451,US,US,ANIMA,FOOD5,0.04,0.0,0.0,0.0,0.0,0.0
3768,US,US,EDUCA,LUBRI,0.04,0.0,0.0,0.0,0.0,0.0
16347,US,US,WEARI,IRONO,0.04,0.0,0.0,0.0,0.0,0.0
984,US,US,BEVER,WOOD2,0.04,0.0,0.0,0.0,0.0,0.0
8564,US,US,LEADZ,PLAS1,0.04,0.0,0.0,0.0,0.0,0.0
1464,US,US,BITUM,CROPS,0.04,0.0,0.0,0.0,0.0,0.0
1580,US,US,BLAST,FABRI,0.04,0.0,0.0,0.0,0.0,0.0
11370,US,US,PAPE3,COKE1,0.04,0.0,0.0,0.0,0.0,0.0
9898,US,US,MOTOR,BIOG1,0.04,0.0,0.0,0.0,0.0,0.0
8540,US,US,LEADZ,GLASS,0.04,0.0,0.0,0.0,0.0,0.0
4239,US,US,ELEC2,BLAST,0.04,0.0,0.0,0.0,0.0,0.0
3695,US,US,DISTR,WHITE,0.04,0.0,0.0,0.0,0.0,0.0
3157,US,US,CROPS,PETRO,0.04,0.0,0.0,0.0,0.0,0.0
11922,US,US,PFERT,LEAD1,0.04,0.0,0.0,0.0,0.0,0.0
15434,US,US,TEXT1,REFI1,0.04,0.0,0.0,0.0,0.0,0.0
6948,US,US,GASDI,NONSP,0.04,0.0,0.0,0.0,0.0,0.0
13553,US,US,RECRE,HYDRO,0.04,0.0,0.0,0.0,0.0,0.0
14982,US,US,SUBBI,LEAD1,0.04,0.0,0.0,0.0,0.0,0.0
16779,US,US,WOOD1,PADDY,0.04,0.0,0.0,0.0,0.0,0.0
8920,US,US,LUBRI,LIQUI,0.04,0.0,0.0,0.0,0.0,0.0
3891,US,US,ELE11,KEROS,0.04,0.0,0.0,0.0,0.0,0.0
10303,US,US,NATUR,LEAD1,0.04,0.0,0.0,0.0,0.0,0.0
10896,US,US,OFFIC,NAPHT,0.04,0.0,0.0,0.0,0.0,0.0
7180,US,US,HEALT,WOOD2,0.04,0.0,0.0,0.0,0.0,0.0
12498,US,US,POSTT,ELEC9,0.04,0.0,0.0,0.0,0.0,0.0
64,US,US,93197,KERO1,0.04,0.0,0.0,0.0,0.0,0.0
389,US,US,ALUMI,BITU1,0.04,0.0,0.0,0.0,0.0,0.0
12713,US,US,PRECI,BITU1,0.04,0.0,0.0,0.0,0.0,0.0
8560,US,US,LEADZ,PAPE3,0.04,0.0,0.0,0.0,0.0,0.0
8575,US,US,LEADZ,SECO9,0.04,0.0,0.0,0.0,0.0,0.0
5273,US,US,ELEC9,PULP5,0.04,0.0,0.0,0.0,0.0,0.0
8788,US,US,LIQUI,LEATH,0.04,0.0,0.0,0.0,0.0,0.0
12958,US,US,PUBLI,CHEMI,0.04,0.0,0.0,0.0,0.0,0.0
10783,US,US,NUCLE,ALUM1,0.04,0.0,0.0,0.0,0.0,0.0
6116,US,US,FOOD3,REFIN,0.04,0.0,0.0,0.0,0.0,0.0
7612,US,US,HYDRO,SECO9,0.04,0.0,0.0,0.0,0.0,0.0
3991,US,US,ELE12,DIST1,0.04,0.0,0.0,0.0,0.0,0.0
7153,US,US,HEALT,FOODW,0.04,0.0,0.0,0.0,0.0,0.0
16136,US,US,VEGET,MOTO1,0.04,0.0,0.0,0.0,0.0,0.0
8224,US,US,KERO1,ELEC4,0.04,0.0,0.0,0.0,0.0,0.0
14994,US,US,SUBBI,MEMBE,0.04,0.0,0.0,0.0,0.0,0.0
865,US,US,BASIC,NUCLE,0.04,0.0,0.0,0.0,0.0,0.0
5735,US,US,FINAN,PARAF,0.04,0.0,0.0,0.0,0.0,0.0
4379,US,US,ELEC2,WOOLS,0.04,0.0,0.0,0.0,0.0,0.0
9300,US,US,MEATC,KEROS,0.04,0.0,0.0,0.0,0.0,0.0
9348,US,US,MEATP,ALUM1,0.04,0.0,0.0,0.0,0.0,0.0
8250,US,US,KERO1,SALEM,0.04,0.0,0.0,0.0,0.0,0.0
3915,US,US,ELE11,PAPE1,0.04,0.0,0.0,0.0,0.0,0.0
862,US,US,BASIC,NONFE,0.04,0.0,0.0,0.0,0.0,0.0
5982,US,US,FOOD2,SUBBI,0.04,0.0,0.0,0.0,0.0,0.0
13530,US,US,RECRE,ELEC6,0.04,0.0,0.0,0.0,0.0,0.0
2121,US,US,CEREA,MACHI,0.04,0.0,0.0,0.0,0.0,0.0
13790,US,US,RENTI,MEATA,0.04,0.0,0.0,0.0,0.0,0.0
15450,US,US,TEXT1,SUGAR,0.04,0.0,0.0,0.0,0.0,0.0
16842,US,US,WOOD2,ANTHR,0.04,0.0,0.0,0.0,0.0,0.0
11445,US,US,PAPE3,NUCLE,0.04,0.0,0.0,0.0,0.0,0.0
12028,US,US,PIGS9,PLAST,0.04,0.0,0.0,0.0,0.0,0.0
8804,US,US,LIQUI,PAPE3,0.04,0.0,0.0,0.0,0.0,0.0
14562,US,US,SEWAG,COKEO,0.04,0.0,0.0,0.0,0.0,0.0
10758,US,US,NONSP,PAPER,0.04,0.0,0.0,0.0,0.0,0.0
17063,US,US,WOODW,MEATP,0.04,0.0,0.0,0.0,0.0,0.0
16725,US,US,WOOD1,ETHAN,0.04,0.0,0.0,0.0,0.0,0.0
8226,US,US,KERO1,ELEC6,0.04,0.0,0.0,0.0,0.0,0.0
15988,US,US,TRANS,PREC1,0.85,0.0,0.0,0.0,0.0,0.0
10951,US,US,OFFIC,WOODW,2.81,0.0,0.0,0.0,0.0,0.0
9766,US,US,MOTO1,ELEC5,0.85,0.0,0.0,0.0,0.0,0.0
6198,US,US,FOOD4,FURNI,11.39,0.0,0.0,0.0,0.0,0.0
12097,US,US,PLAS1,ELEC2,11.45,0.0,0.0,0.0,0.0,0.0
7119,US,US,GLASS,RENTI,11.44,0.0,0.0,0.0,0.0,0.0
2490,US,US,COLLE,CEMEN,11.43,0.0,0.0,0.0,0.0,0.0
2523,US,US,COLLE,FISH5,11.42,0.0,0.0,0.0,0.0,0.0
7317,US,US,HEAVY,STEAM,11.42,0.0,0.0,0.0,0.0,0.0
12597,US,US,POSTT,SUGA1,11.42,0.0,0.0,0.0,0.0,0.0
1377,US,US,BITU1,BITUM,11.41,0.0,0.0,0.0,0.0,0.0
14109,US,US,RUBBE,INTER,11.4,0.0,0.0,0.0,0.0,0.0
4258,US,US,ELEC2,DIST1,11.39,0.0,0.0,0.0,0.0,0.0
4635,US,US,ELEC4,RENTI,11.39,0.0,0.0,0.0,0.0,0.0
13878,US,US,RESEA,BIOG1,11.38,0.0,0.0,0.0,0.0,0.0
11003,US,US,OILHA,FOOD5,11.46,0.0,0.0,0.0,0.0,0.0
6519,US,US,FOODW,RAILW,11.37,0.0,0.0,0.0,0.0,0.0
1870,US,US,CEMEN,BIOG1,11.37,0.0,0.0,0.0,0.0,0.0
12145,US,US,PLAS1,MEDIC,11.37,0.0,0.0,0.0,0.0,0.0
15903,US,US,TRAN1,TRAN2,11.36,0.0,0.0,0.0,0.0,0.0
6912,US,US,GASDI,GASDI,11.35,0.0,0.0,0.0,0.0,0.0
715,US,US,AUXIL,SANDC,11.33,0.0,0.0,0.0,0.0,0.0
12280,US,US,PLAS2,GASDI,11.32,0.0,0.0,0.0,0.0,0.0
4828,US,US,ELEC6,CHEM1,11.32,0.0,0.0,0.0,0.0,0.0
6772,US,US,FURNI,INERT,11.31,0.0,0.0,0.0,0.0,0.0
13944,US,US,RESEA,LIQUI,11.31,0.0,0.0,0.0,0.0,0.0
15644,US,US,TEXTI,CERAM,11.46,0.0,0.0,0.0,0.0,0.0
6737,US,US,FURNI,COPP1,11.48,0.0,0.0,0.0,0.0,0.0
1222,US,US,BIOGA,ALUM1,12.37,0.0,0.0,0.0,0.0,0.0
11599,US,US,PAPE4,MOTOR,11.57,0.0,0.0,0.0,0.0,0.0
11128,US,US,PADDY,EDUCA,11.65,0.0,0.0,0.0,0.0,0.0
11187,US,US,PAPE1,ALUM1,11.63,0.0,0.0,0.0,0.0,0.0
14142,US,US,RUBBE,OILSE,11.63,0.0,0.0,0.0,0.0,0.0
6428,US,US,FOODW,DAIRY,11.63,0.0,0.0,0.0,0.0,0.0
16869,US,US,WOOD2,DAIRY,11.62,0.0,0.0,0.0,0.0,0.0
9336,US,US,MEATC,SEACO,11.6,0.0,0.0,0.0,0.0,0.0
9980,US,US,MOTOR,NATU1,11.59,0.0,0.0,0.0,0.0,0.0
14774,US,US,STEAM,MEMBE,11.59,0.0,0.0,0.0,0.0,0.0
1208,US,US,BIOG1,SECO9,11.58,0.0,0.0,0.0,0.0,0.0
16378,US,US,WEARI,SALEM,11.57,0.0,0.0,0.0,0.0,0.0
764,US,US,AVIAT,SANDC,11.56,0.0,0.0,0.0,0.0,0.0
7661,US,US,INERT,DISTR,11.49,0.0,0.0,0.0,0.0,0.0
14578,US,US,SEWAG,ELEC3,11.55,0.0,0.0,0.0,0.0,0.0
9527,US,US,MEDIC,PUBLI,11.55,0.0,0.0,0.0,0.0,0.0
2266,US,US,CHEM1,PARAF,11.55,0.0,0.0,0.0,0.0,0.0
2288,US,US,CHEM1,REFIN,11.54,0.0,0.0,0.0,0.0,0.0
2303,US,US,CHEM1,SUGAR,11.54,0.0,0.0,0.0,0.0,0.0
803,US,US,BASIC,DISTR,11.54,0.0,0.0,0.0,0.0,0.0
4781,US,US,ELEC5,RETAI,11.53,0.0,0.0,0.0,0.0,0.0
15071,US,US,SUGA1,POULT,11.5,0.0,0.0,0.0,0.0,0.0
15871,US,US,TRAN1,PREC1,11.5,0.0,0.0,0.0,0.0,0.0
6922,US,US,GASDI,IRONO,11.49,0.0,0.0,0.0,0.0,0.0
6080,US,US,FOOD3,MEATP,11.3,0.0,0.0,0.0,0.0,0.0
11697,US,US,PAPER,COLLE,11.29,0.0,0.0,0.0,0.0,0.0
15294,US,US,SUPPO,TEXT2,11.29,0.0,0.0,0.0,0.0,0.0
1273,US,US,BIOGA,FURNI,11.05,0.0,0.0,0.0,0.0,0.0
1987,US,US,CEMEN,TRAN1,11.11,0.0,0.0,0.0,0.0,0.0
16806,US,US,WOOD1,RENTI,11.1,0.0,0.0,0.0,0.0,0.0
7128,US,US,GLASS,SEWAG,11.09,0.0,0.0,0.0,0.0,0.0
2324,US,US,CHEMI,ALUM1,11.08,0.0,0.0,0.0,0.0,0.0
1145,US,US,BIOG1,CONST,11.07,0.0,0.0,0.0,0.0,0.0
6325,US,US,FOOD5,FORES,11.06,0.0,0.0,0.0,0.0,0.0
3007,US,US,COPP1,LIQUI,11.06,0.0,0.0,0.0,0.0,0.0
3406,US,US,DIST1,CATTL,11.06,0.0,0.0,0.0,0.0,0.0
7872,US,US,INSUR,FORES,11.06,0.0,0.0,0.0,0.0,0.0
4596,US,US,ELEC4,MOTO1,11.06,0.0,0.0,0.0,0.0,0.0
12622,US,US,POULT,HEALT,11.05,0.0,0.0,0.0,0.0,0.0
4627,US,US,ELEC4,PULP5,11.29,0.0,0.0,0.0,0.0,0.0
14555,US,US,SEWAG,CATTL,11.05,0.0,0.0,0.0,0.0,0.0
5138,US,US,ELEC8,MEMBE,11.04,0.0,0.0,0.0,0.0,0.0
12917,US,US,PROCE,EDUCA,11.03,0.0,0.0,0.0,0.0,0.0
16671,US,US,WHOLE,VEGET,11.02,0.0,0.0,0.0,0.0,0.0
15233,US,US,SUPPO,MEATC,11.01,0.0,0.0,0.0,0.0,0.0
10299,US,US,NATUR,IRONO,11.01,0.0,0.0,0.0,0.0,0.0
16839,US,US,WOOD2,AIRTR,10.99,0.0,0.0,0.0,0.0,0.0
8566,US,US,LEADZ,PRINT,10.99,0.0,0.0,0.0,0.0,0.0
14940,US,US,SUBBI,BEVER,10.98,0.0,0.0,0.0,0.0,0.0
15057,US,US,SUGA1,HEALT,10.98,0.0,0.0,0.0,0.0,0.0
7242,US,US,HEAVY,GLASS,11.11,0.0,0.0,0.0,0.0,0.0
10860,US,US,OFFIC,FOOD4,11.11,0.0,0.0,0.0,0.0,0.0
9427,US,US,MEDIC,BRICK,11.12,0.0,0.0,0.0,0.0,0.0
9514,US,US,MEDIC,PAPER,11.13,0.0,0.0,0.0,0.0,0.0
3221,US,US,CRUDE,ELECT,11.29,0.0,0.0,0.0,0.0,0.0
8523,US,US,LEADZ,BIOGA,11.28,0.0,0.0,0.0,0.0,0.0
2511,US,US,COLLE,ELEC2,11.28,0.0,0.0,0.0,0.0,0.0
16960,US,US,WOOD2,RAILW,11.27,0.0,0.0,0.0,0.0,0.0
8733,US,US,LIQUE,STONE,11.27,0.0,0.0,0.0,0.0,0.0
12651,US,US,PREC1,COPP1,11.26,0.0,0.0,0.0,0.0,0.0
12143,US,US,PLAS1,MEATC,11.25,0.0,0.0,0.0,0.0,0.0
10363,US,US,NATUR,SECO9,11.25,0.0,0.0,0.0,0.0,0.0
9734,US,US,MOTO1,BIOG1,11.25,0.0,0.0,0.0,0.0,0.0
10442,US,US,NONF1,93197,11.25,0.0,0.0,0.0,0.0,0.0
765,US,US,AVIAT,STONE,11.23,0.0,0.0,0.0,0.0,0.0
3490,US,US,DIST1,PAPE4,11.22,0.0,0.0,0.0,0.0,0.0
14719,US,US,STEAM,CHEM1,11.21,0.0,0.0,0.0,0.0,0.0
6235,US,US,FOOD4,NONME,11.21,0.0,0.0,0.0,0.0,0.0
14683,US,US,SEWAG,SUGA1,11.2,0.0,0.0,0.0,0.0,0.0
8646,US,US,LEATH,RENTI,11.2,0.0,0.0,0.0,0.0,0.0
10011,US,US,MOTOR,RAWMI,11.19,0.0,0.0,0.0,0.0,0.0
6398,US,US,FOODW,AIRTR,11.19,0.0,0.0,0.0,0.0,0.0
1412,US,US,BITU1,LUBRI,11.15,0.0,0.0,0.0,0.0,0.0
9893,US,US,MOTOR,AUXIL,11.13,0.0,0.0,0.0,0.0,0.0
13667,US,US,REFI1,SANDC,11.13,0.0,0.0,0.0,0.0,0.0
15156,US,US,SUPPO,BIOG1,11.65,0.0,0.0,0.0,0.0,0.0
3127,US,US,CROPS,KEROS,11.65,0.0,0.0,0.0,0.0,0.0
10508,US,US,NONF1,SECO9,11.66,0.0,0.0,0.0,0.0,0.0
13352,US,US,REALE,COLLE,12.1,0.0,0.0,0.0,0.0,0.0
9762,US,US,MOTO1,ELEC1,12.21,0.0,0.0,0.0,0.0,0.0
10112,US,US,NATU1,BLAST,12.19,0.0,0.0,0.0,0.0,0.0
14418,US,US,SANDC,NATU1,12.18,0.0,0.0,0.0,0.0,0.0
6220,US,US,FOOD4,MACHI,12.18,0.0,0.0,0.0,0.0,0.0
10375,US,US,NATUR,TRAN1,12.16,0.0,0.0,0.0,0.0,0.0
6381,US,US,FOOD5,SECO9,12.15,0.0,0.0,0.0,0.0,0.0
12375,US,US,PLAS2,WEARI,12.14,0.0,0.0,0.0,0.0,0.0
5449,US,US,ELECT,TRAN1,12.14,0.0,0.0,0.0,0.0,0.0
5955,US,US,FOOD2,POSTT,12.11,0.0,0.0,0.0,0.0,0.0
6556,US,US,FOODW,WOODW,12.1,0.0,0.0,0.0,0.0,0.0
16997,US,US,WOOD2,WOODW,12.09,0.0,0.0,0.0,0.0,0.0
13534,US,US,RECRE,ELECT,11.99,0.0,0.0,0.0,0.0,0.0
13086,US,US,PULP5,PRINT,12.09,0.0,0.0,0.0,0.0,0.0
4149,US,US,ELEC1,MEATP,12.08,0.0,0.0,0.0,0.0,0.0
14681,US,US,SEWAG,STONE,12.04,0.0,0.0,0.0,0.0,0.0
11832,US,US,PAPER,WOOD2,12.03,0.0,0.0,0.0,0.0,0.0
7830,US,US,INSUR,BITUM,12.03,0.0,0.0,0.0,0.0,0.0
2225,US,US,CHEM1,INLAN,12.03,0.0,0.0,0.0,0.0,0.0
10589,US,US,NONME,CHEMI,12.01,0.0,0.0,0.0,0.0,0.0
4902,US,US,ELEC6,PLAST,12.01,0.0,0.0,0.0,0.0,0.0
1872,US,US,CEMEN,BITU1,12.01,0.0,0.0,0.0,0.0,0.0
13729,US,US,RENTI,COKIN,12.0,0.0,0.0,0.0,0.0,0.0
7379,US,US,HOTEL,ELEC3,12.22,0.0,0.0,0.0,0.0,0.0
2261,US,US,CHEM1,PADDY,12.22,0.0,0.0,0.0,0.0,0.0
1069,US,US,BIODI,NATUR,12.23,0.0,0.0,0.0,0.0,0.0
5823,US,US,FISHF,DAIRY,12.23,0.0,0.0,0.0,0.0,0.0
7824,US,US,INSUR,BASIC,12.35,0.0,0.0,0.0,0.0,0.0
4703,US,US,ELEC5,FISH5,12.35,0.0,0.0,0.0,0.0,0.0
16945,US,US,WOOD2,PFERT,12.35,0.0,0.0,0.0,0.0,0.0
2530,US,US,COLLE,FURNI,12.34,0.0,0.0,0.0,0.0,0.0
1453,US,US,BITUM,BUSIN,12.34,0.0,0.0,0.0,0.0,0.0
3687,US,US,DISTR,TOBAC,12.34,0.0,0.0,0.0,0.0,0.0
15746,US,US,TEXTI,TOBAC,12.33,0.0,0.0,0.0,0.0,0.0
2873,US,US,CONST,LEATH,12.32,0.0,0.0,0.0,0.0,0.0
11218,US,US,PAPE1,DIST1,12.31,0.0,0.0,0.0,0.0,0.0
11916,US,US,PFERT,HOTEL,12.31,0.0,0.0,0.0,0.0,0.0
6405,US,US,FOODW,BEVER,12.31,0.0,0.0,0.0,0.0,0.0
16846,US,US,WOOD2,BEVER,12.3,0.0,0.0,0.0,0.0,0.0
9763,US,US,MOTO1,ELEC2,12.29,0.0,0.0,0.0,0.0,0.0
11480,US,US,PAPE3,RETAI,12.29,0.0,0.0,0.0,0.0,0.0
4679,US,US,ELEC5,BRICK,12.28,0.0,0.0,0.0,0.0,0.0
13572,US,US,RECRE,MEATC,12.27,0.0,0.0,0.0,0.0,0.0
5703,US,US,FINAN,LEAD1,12.26,0.0,0.0,0.0,0.0,0.0
10926,US,US,OFFIC,RETAI,12.26,0.0,0.0,0.0,0.0,0.0
3267,US,US,CRUDE,NONF1,12.25,0.0,0.0,0.0,0.0,0.0
13149,US,US,RADIO,FOODW,12.25,0.0,0.0,0.0,0.0,0.0
13632,US,US,RECRE,TEXT1,12.24,0.0,0.0,0.0,0.0,0.0
11437,US,US,PAPE3,MOTOR,11.99,0.0,0.0,0.0,0.0,0.0
4552,US,US,ELEC4,CRUDE,11.99,0.0,0.0,0.0,0.0,0.0
10314,US,US,NATUR,MEDIC,11.67,0.0,0.0,0.0,0.0,0.0
2808,US,US,CONST,BITU1,11.78,0.0,0.0,0.0,0.0,0.0
4865,US,US,ELEC6,LANDT,11.84,0.0,0.0,0.0,0.0,0.0
13178,US,US,RADIO,MEATP,11.84,0.0,0.0,0.0,0.0,0.0
6292,US,US,FOOD4,VEGE1,11.84,0.0,0.0,0.0,0.0,0.0
15340,US,US,TEXT1,CRUDE,11.83,0.0,0.0,0.0,0.0,0.0
13041,US,US,PUBLI,PULP5,11.83,0.0,0.0,0.0,0.0,0.0
14576,US,US,SEWAG,ELEC1,11.82,0.0,0.0,0.0,0.0,0.0
14058,US,US,RUBBE,CEREA,11.81,0.0,0.0,0.0,0.0,0.0
2933,US,US,CONST,SECO9,11.8,0.0,0.0,0.0,0.0,0.0
3489,US,US,DIST1,PAPE3,11.78,0.0,0.0,0.0,0.0,0.0
5585,US,US,FABRI,PUBLI,11.78,0.0,0.0,0.0,0.0,0.0
4450,US,US,ELEC3,MEATP,11.77,0.0,0.0,0.0,0.0,0.0
13067,US,US,PUBLI,WEARI,11.98,0.0,0.0,0.0,0.0,0.0
897,US,US,BASIC,RENTI,11.77,0.0,0.0,0.0,0.0,0.0
2414,US,US,CHEMI,SANDC,11.76,0.0,0.0,0.0,0.0,0.0
1552,US,US,BITUM,TEXTI,11.76,0.0,0.0,0.0,0.0,0.0
10163,US,US,NATU1,KEROS,11.75,0.0,0.0,0.0,0.0,0.0
9565,US,US,MEDIC,WOODW,11.74,0.0,0.0,0.0,0.0,0.0
15978,US,US,TRANS,OFFIC,11.73,0.0,0.0,0.0,0.0,0.0
4832,US,US,ELEC6,CONST,11.72,0.0,0.0,0.0,0.0,0.0
5404,US,US,ELECT,PAPE1,11.72,0.0,0.0,0.0,0.0,0.0
2,US,US,93197,AIRTR,11.71,0.0,0.0,0.0,0.0,0.0
4940,US,US,ELEC6,WHEAT,11.69,0.0,0.0,0.0,0.0,0.0
11336,US,US,PAPE1,TRAN2,11.85,0.0,0.0,0.0,0.0,0.0
12056,US,US,PLANT,RESEA,11.86,0.0,0.0,0.0,0.0,0.0
11090,US,US,OILHA,SUPPO,11.86,0.0,0.0,0.0,0.0,0.0
8384,US,US,LANDT,KEROS,11.86,0.0,0.0,0.0,0.0,0.0
2597,US,US,COLLE,RENTI,11.97,0.0,0.0,0.0,0.0,0.0
9068,US,US,MACHI,LIGNI,11.96,0.0,0.0,0.0,0.0,0.0
14441,US,US,SANDC,PULP5,11.96,0.0,0.0,0.0,0.0,0.0
9955,US,US,MOTOR,INERT,11.94,0.0,0.0,0.0,0.0,0.0
25,US,US,93197,COPP1,11.94,0.0,0.0,0.0,0.0,0.0
14798,US,US,STEAM,POSTT,11.94,0.0,0.0,0.0,0.0,0.0
15618,US,US,TEXT2,TRANS,11.94,0.0,0.0,0.0,0.0,0.0
2815,US,US,CONST,CERAM,11.94,0.0,0.0,0.0,0.0,0.0
15876,US,US,TRAN1,RADIO,11.93,0.0,0.0,0.0,0.0,0.0
8587,US,US,LEATH,BIOGA,11.92,0.0,0.0,0.0,0.0,0.0
2816,US,US,CONST,CEREA,11.92,0.0,0.0,0.0,0.0,0.0
5870,US,US,FOOD2,COMPU,11.92,0.0,0.0,0.0,0.0,0.0
3693,US,US,DISTR,WEARI,11.92,0.0,0.0,0.0,0.0,0.0
8758,US,US,LIQUI,CRUDE,11.91,0.0,0.0,0.0,0.0,0.0
6307,US,US,FOOD5,BIOGA,11.9,0.0,0.0,0.0,0.0,0.0
5181,US,US,ELEC8,RUBBE,11.9,0.0,0.0,0.0,0.0,0.0
11728,US,US,PAPER,FOODW,11.9,0.0,0.0,0.0,0.0,0.0
3137,US,US,CROPS,MEATC,11.87,0.0,0.0,0.0,0.0,0.0
12608,US,US,POSTT,VEGET,11.87,0.0,0.0,0.0,0.0,0.0
3654,US,US,DISTR,PLAS2,11.87,0.0,0.0,0.0,0.0,0.0
7978,US,US,INTER,BIOGA,11.87,0.0,0.0,0.0,0.0,0.0
15315,US,US,TEXT1,AUXIL,10.97,0.0,0.0,0.0,0.0,0.0
13383,US,US,REALE,FORES,10.96,0.0,0.0,0.0,0.0,0.0
4744,US,US,ELEC5,NONF1,10.95,0.0,0.0,0.0,0.0,0.0
13211,US,US,RADIO,PROCE,10.08,0.0,0.0,0.0,0.0,0.0
3556,US,US,DISTR,BIODI,10.13,0.0,0.0,0.0,0.0,0.0
10910,US,US,OFFIC,PLAS2,10.13,0.0,0.0,0.0,0.0,0.0
11713,US,US,PAPER,ELEC5,10.13,0.0,0.0,0.0,0.0,0.0
4216,US,US,ELEC1,WEARI,10.12,0.0,0.0,0.0,0.0,0.0
10400,US,US,NFERT,CROPS,10.11,0.0,0.0,0.0,0.0,0.0
14848,US,US,STONE,BRICK,10.11,0.0,0.0,0.0,0.0,0.0
10309,US,US,NATUR,MEAT1,10.1,0.0,0.0,0.0,0.0,0.0
784,US,US,BASIC,BRICK,10.09,0.0,0.0,0.0,0.0,0.0
6887,US,US,GASDI,COKIN,10.08,0.0,0.0,0.0,0.0,0.0
14909,US,US,STONE,POULT,10.08,0.0,0.0,0.0,0.0,0.0
3566,US,US,DISTR,CERAM,10.07,0.0,0.0,0.0,0.0,0.0
4638,US,US,ELEC4,RETAI,10.01,0.0,0.0,0.0,0.0,0.0
3298,US,US,CRUDE,RAWMI,10.05,0.0,0.0,0.0,0.0,0.0
10154,US,US,NATU1,FURNI,10.05,0.0,0.0,0.0,0.0,0.0
8330,US,US,LANDT,CERAM,10.05,0.0,0.0,0.0,0.0,0.0
10313,US,US,NATUR,MEATP,10.04,0.0,0.0,0.0,0.0,0.0
6056,US,US,FOOD3,FOUND,10.04,0.0,0.0,0.0,0.0,0.0
9793,US,US,MOTO1,INLAN,10.04,0.0,0.0,0.0,0.0,0.0
16193,US,US,WASTE,CEMEN,10.04,0.0,0.0,0.0,0.0,0.0
11433,US,US,PAPE3,MEATP,10.02,0.0,0.0,0.0,0.0,0.0
10035,US,US,MOTOR,TOBAC,10.02,0.0,0.0,0.0,0.0,0.0
62,US,US,93197,INTER,10.02,0.0,0.0,0.0,0.0,0.0
12279,US,US,PLAS2,FURNI,10.14,0.0,0.0,0.0,0.0,0.0
4923,US,US,ELEC6,SEACO,10.14,0.0,0.0,0.0,0.0,0.0
2413,US,US,CHEMI,RUBBE,10.14,0.0,0.0,0.0,0.0,0.0
14004,US,US,RESEA,TEXT2,10.14,0.0,0.0,0.0,0.0,0.0
18,US,US,93197,CHEM1,10.27,0.0,0.0,0.0,0.0,0.0
11596,US,US,PAPE4,MEDIC,10.27,0.0,0.0,0.0,0.0,0.0
11148,US,US,PADDY,MEAT4,10.26,0.0,0.0,0.0,0.0,0.0
13166,US,US,RADIO,KEROS,10.26,0.0,0.0,0.0,0.0,0.0
14694,US,US,SEWAG,VEGET,10.26,0.0,0.0,0.0,0.0,0.0
14069,US,US,RUBBE,CROPS,10.24,0.0,0.0,0.0,0.0,0.0
3640,US,US,DISTR,OFFIC,10.24,0.0,0.0,0.0,0.0,0.0
1875,US,US,CEMEN,BRICK,10.24,0.0,0.0,0.0,0.0,0.0
2876,US,US,CONST,LUBRI,10.23,0.0,0.0,0.0,0.0,0.0
6041,US,US,FOOD3,ELEC3,10.22,0.0,0.0,0.0,0.0,0.0
4201,US,US,ELEC1,SEWAG,10.22,0.0,0.0,0.0,0.0,0.0
9829,US,US,MOTO1,PAPE1,10.21,0.0,0.0,0.0,0.0,0.0
1109,US,US,BIODI,SEWAG,10.21,0.0,0.0,0.0,0.0,0.0
16491,US,US,WHITE,KEROS,10.18,0.0,0.0,0.0,0.0,0.0
13013,US,US,PUBLI,MEDIC,10.18,0.0,0.0,0.0,0.0,0.0
13991,US,US,RESEA,RETAI,10.18,0.0,0.0,0.0,0.0,0.0
11594,US,US,PAPE4,MEATC,10.17,0.0,0.0,0.0,0.0,0.0
8029,US,US,INTER,GLASS,10.15,0.0,0.0,0.0,0.0,0.0
1042,US,US,BIODI,HOTEL,10.15,0.0,0.0,0.0,0.0,0.0
8889,US,US,LUBRI,FABRI,10.15,0.0,0.0,0.0,0.0,0.0
4511,US,US,ELEC3,TOBAC,10.14,0.0,0.0,0.0,0.0,0.0
494,US,US,ANTHR,COKIN,10.02,0.0,0.0,0.0,0.0,0.0
12386,US,US,PLAST,BIODI,10.01,0.0,0.0,0.0,0.0,0.0
11432,US,US,PAPE3,MEATC,10.27,0.0,0.0,0.0,0.0,0.0
1650,US,US,BRICK,RADIO,9.75,0.0,0.0,0.0,0.0,0.0
13544,US,US,RECRE,FORES,9.8,0.0,0.0,0.0,0.0,0.0
14558,US,US,SEWAG,CEREA,9.8,0.0,0.0,0.0,0.0,0.0
13603,US,US,RECRE,POULT,9.79,0.0,0.0,0.0,0.0,0.0
9991,US,US,MOTOR,PAPE3,9.78,0.0,0.0,0.0,0.0,0.0
1842,US,US,CATTL,ANIMA,9.78,0.0,0.0,0.0,0.0,0.0
7266,US,US,HEAVY,MEDIC,9.77,0.0,0.0,0.0,0.0,0.0
5091,US,US,ELEC8,COMPU,9.76,0.0,0.0,0.0,0.0,0.0
2556,US,US,COLLE,MEDIC,9.76,0.0,0.0,0.0,0.0,0.0
10349,US,US,NATUR,RADIO,9.75,0.0,0.0,0.0,0.0,0.0
14043,US,US,RUBBE,AUXIL,9.75,0.0,0.0,0.0,0.0,0.0
10643,US,US,NONME,NATU1,9.74,0.0,0.0,0.0,0.0,0.0
4730,US,US,ELEC5,MACHI,9.99,0.0,0.0,0.0,0.0,0.0
10285,US,US,NATUR,FORES,9.72,0.0,0.0,0.0,0.0,0.0
11470,US,US,PAPE3,RADIO,9.72,0.0,0.0,0.0,0.0,0.0
10581,US,US,NONME,BITU1,9.72,0.0,0.0,0.0,0.0,0.0
9722,US,US,MEMBE,WOOD2,9.71,0.0,0.0,0.0,0.0,0.0
4130,US,US,ELEC1,INLAN,9.71,0.0,0.0,0.0,0.0,0.0
7888,US,US,INSUR,KEROS,9.71,0.0,0.0,0.0,0.0,0.0
9102,US,US,MACHI,PIGS9,9.7,0.0,0.0,0.0,0.0,0.0
10040,US,US,MOTOR,VEGET,9.7,0.0,0.0,0.0,0.0,0.0
6815,US,US,FURNI,PLAS1,9.69,0.0,0.0,0.0,0.0,0.0
5557,US,US,FABRI,NFERT,9.68,0.0,0.0,0.0,0.0,0.0
4578,US,US,ELEC4,IRONO,9.81,0.0,0.0,0.0,0.0,0.0
1323,US,US,BIOGA,PLAS2,9.81,0.0,0.0,0.0,0.0,0.0
13624,US,US,RECRE,SECO9,9.82,0.0,0.0,0.0,0.0,0.0
11236,US,US,PAPE1,FISH5,9.82,0.0,0.0,0.0,0.0,0.0
9715,US,US,MEMBE,VEGE1,9.99,0.0,0.0,0.0,0.0,0.0
543,US,US,ANTHR,PAPER,9.98,0.0,0.0,0.0,0.0,0.0
13797,US,US,RENTI,NAPHT,9.96,0.0,0.0,0.0,0.0,0.0
551,US,US,ANTHR,PROCE,9.95,0.0,0.0,0.0,0.0,0.0
3992,US,US,ELE12,EDUCA,9.94,0.0,0.0,0.0,0.0,0.0
14369,US,US,SANDC,BIODI,9.94,0.0,0.0,0.0,0.0,0.0
15413,US,US,TEXT1,PAPER,9.94,0.0,0.0,0.0,0.0,0.0
15554,US,US,TEXT2,MEMBE,9.93,0.0,0.0,0.0,0.0,0.0
11709,US,US,PAPER,ELEC1,9.93,0.0,0.0,0.0,0.0,0.0
4238,US,US,ELEC2,BITUM,9.93,0.0,0.0,0.0,0.0,0.0
16373,US,US,WEARI,RENTI,9.92,0.0,0.0,0.0,0.0,0.0
11965,US,US,PFERT,RAWMI,9.91,0.0,0.0,0.0,0.0,0.0
4502,US,US,ELEC3,SEWAG,9.9,0.0,0.0,0.0,0.0,0.0
6367,US,US,FOOD5,PROCE,9.9,0.0,0.0,0.0,0.0,0.0
8876,US,US,LUBRI,EDUCA,9.9,0.0,0.0,0.0,0.0,0.0
15116,US,US,SUGAR,MEAT4,9.88,0.0,0.0,0.0,0.0,0.0
1632,US,US,BRICK,NONF1,9.87,0.0,0.0,0.0,0.0,0.0
1017,US,US,BIODI,DIST1,9.86,0.0,0.0,0.0,0.0,0.0
5565,US,US,FABRI,OILSE,9.85,0.0,0.0,0.0,0.0,0.0
4801,US,US,ELEC5,VEGET,9.84,0.0,0.0,0.0,0.0,0.0
3402,US,US,DIST1,BITU1,9.84,0.0,0.0,0.0,0.0,0.0
8516,US,US,LEAD1,WHOLE,10.27,0.0,0.0,0.0,0.0,0.0
14347,US,US,SALEM,TEXT2,10.29,0.0,0.0,0.0,0.0,0.0
16824,US,US,WOOD1,TEXTI,10.95,0.0,0.0,0.0,0.0,0.0
9637,US,US,MEMBE,KEROS,10.77,0.0,0.0,0.0,0.0,0.0
1718,US,US,BUSIN,ELEC7,10.81,0.0,0.0,0.0,0.0,0.0
12144,US,US,PLAS1,MEATP,10.81,0.0,0.0,0.0,0.0,0.0
5178,US,US,ELEC8,RESEA,10.81,0.0,0.0,0.0,0.0,0.0
720,US,US,AUXIL,STONE,10.8,0.0,0.0,0.0,0.0,0.0
4576,US,US,ELEC4,INSUR,10.79,0.0,0.0,0.0,0.0,0.0
679,US,US,AUXIL,OILHA,10.79,0.0,0.0,0.0,0.0,0.0
4915,US,US,ELEC6,RECRE,10.79,0.0,0.0,0.0,0.0,0.0
12373,US,US,PLAS2,VEGE1,10.79,0.0,0.0,0.0,0.0,0.0
4561,US,US,ELEC4,FISH5,10.78,0.0,0.0,0.0,0.0,0.0
8902,US,US,LUBRI,GLASS,10.78,0.0,0.0,0.0,0.0,0.0
8371,US,US,LANDT,GASDI,10.75,0.0,0.0,0.0,0.0,0.0
9999,US,US,MOTOR,PLAS1,10.64,0.0,0.0,0.0,0.0,0.0
7906,US,US,INSUR,MOTOR,10.74,0.0,0.0,0.0,0.0,0.0
11120,US,US,PADDY,BIOGA,10.73,0.0,0.0,0.0,0.0,0.0
1627,US,US,BRICK,MEDIC,10.72,0.0,0.0,0.0,0.0,0.0
10645,US,US,NONME,NFERT,10.71,0.0,0.0,0.0,0.0,0.0
8477,US,US,LEAD1,BUSIN,10.7,0.0,0.0,0.0,0.0,0.0
1268,US,US,BIOGA,FOOD4,10.7,0.0,0.0,0.0,0.0,0.0
4518,US,US,ELEC3,WHEAT,10.7,0.0,0.0,0.0,0.0,0.0
13936,US,US,RESEA,KERO1,10.69,0.0,0.0,0.0,0.0,0.0
8050,US,US,INTER,MEAT4,10.68,0.0,0.0,0.0,0.0,0.0
2417,US,US,CHEMI,STONE,10.65,0.0,0.0,0.0,0.0,0.0
13668,US,US,REFI1,STONE,10.81,0.0,0.0,0.0,0.0,0.0
185,US,US,AIRTR,FOODW,10.81,0.0,0.0,0.0,0.0,0.0
12301,US,US,PLAS2,MACHI,10.82,0.0,0.0,0.0,0.0,0.0
2551,US,US,COLLE,MEAT1,10.83,0.0,0.0,0.0,0.0,0.0
2357,US,US,CHEMI,HEALT,10.95,0.0,0.0,0.0,0.0,0.0
7239,US,US,HEAVY,FURNI,10.94,0.0,0.0,0.0,0.0,0.0
14612,US,US,SEWAG,KEROS,10.94,0.0,0.0,0.0,0.0,0.0
16252,US,US,WASTE,MEAT1,10.94,0.0,0.0,0.0,0.0,0.0
10455,US,US,NONF1,COMPU,10.93,0.0,0.0,0.0,0.0,0.0
14191,US,US,RUBBE,TRAN1,10.93,0.0,0.0,0.0,0.0,0.0
278,US,US,AIRTR,WOOD2,10.93,0.0,0.0,0.0,0.0,0.0
3918,US,US,ELE11,PAPER,10.92,0.0,0.0,0.0,0.0,0.0
2618,US,US,COLLE,TRANS,10.91,0.0,0.0,0.0,0.0,0.0
4517,US,US,ELEC3,WEARI,10.89,0.0,0.0,0.0,0.0,0.0
3752,US,US,EDUCA,FORES,10.89,0.0,0.0,0.0,0.0,0.0
16301,US,US,WASTE,RUBBE,10.89,0.0,0.0,0.0,0.0,0.0
12938,US,US,PROCE,VEGE1,10.87,0.0,0.0,0.0,0.0,0.0
8903,US,US,LUBRI,HEALT,10.87,0.0,0.0,0.0,0.0,0.0
8432,US,US,LANDT,PULP5,10.87,0.0,0.0,0.0,0.0,0.0
8218,US,US,KERO1,CROPS,10.86,0.0,0.0,0.0,0.0,0.0
4112,US,US,ELEC1,ELECT,10.85,0.0,0.0,0.0,0.0,0.0
8831,US,US,LIQUI,SUPPO,10.85,0.0,0.0,0.0,0.0,0.0
5839,US,US,FISHF,RETAI,10.84,0.0,0.0,0.0,0.0,0.0
3364,US,US,DAIRY,MEATP,10.83,0.0,0.0,0.0,0.0,0.0
6721,US,US,FURNI,BITUM,10.83,0.0,0.0,0.0,0.0,0.0
14618,US,US,SEWAG,LIQUE,10.65,0.0,0.0,0.0,0.0,0.0
11980,US,US,PFERT,TEXTI,10.62,0.0,0.0,0.0,0.0,0.0
12316,US,US,PLAS2,NONME,10.29,0.0,0.0,0.0,0.0,0.0
17114,US,US,WOODW,SEWAG,10.34,0.0,0.0,0.0,0.0,0.0
149,US,US,AIRTR,CERAM,10.42,0.0,0.0,0.0,0.0,0.0
126,US,US,93197,WEARI,10.42,0.0,0.0,0.0,0.0,0.0
8312,US,US,LANDT,AIRTR,10.42,0.0,0.0,0.0,0.0,0.0
8470,US,US,LANDT,WOOD2,10.41,0.0,0.0,0.0,0.0,0.0
11548,US,US,PAPE4,ELEC2,10.39,0.0,0.0,0.0,0.0,0.0
8731,US,US,LIQUE,PAPER,10.38,0.0,0.0,0.0,0.0,0.0
12407,US,US,PLAST,HEAVY,10.37,0.0,0.0,0.0,0.0,0.0
15475,US,US,TEXT2,BASIC,10.36,0.0,0.0,0.0,0.0,0.0
5518,US,US,FABRI,FOODW,10.35,0.0,0.0,0.0,0.0,0.0
6657,US,US,FOUND,HOTEL,10.35,0.0,0.0,0.0,0.0,0.0
8723,US,US,LIQUE,BITU1,10.33,0.0,0.0,0.0,0.0,0.0
6272,US,US,FOOD4,RETAI,10.6,0.0,0.0,0.0,0.0,0.0
9082,US,US,MACHI,NAPHT,10.33,0.0,0.0,0.0,0.0,0.0
14616,US,US,SEWAG,LEATH,10.33,0.0,0.0,0.0,0.0,0.0
3246,US,US,CRUDE,LEAD1,10.33,0.0,0.0,0.0,0.0,0.0
4537,US,US,ELEC4,BRICK,10.33,0.0,0.0,0.0,0.0,0.0
16519,US,US,WHITE,REALE,10.32,0.0,0.0,0.0,0.0,0.0
6983,US,US,GASDI,RETAI,10.32,0.0,0.0,0.0,0.0,0.0
10646,US,US,NONME,NONF1,10.31,0.0,0.0,0.0,0.0,0.0
8367,US,US,LANDT,FOODW,10.31,0.0,0.0,0.0,0.0,0.0
14930,US,US,STONE,VEGET,10.31,0.0,0.0,0.0,0.0,0.0
15063,US,US,SUGA1,MEATC,10.29,0.0,0.0,0.0,0.0,0.0
4844,US,US,ELEC6,FABRI,10.43,0.0,0.0,0.0,0.0,0.0
12207,US,US,PLAS1,TOBAC,10.44,0.0,0.0,0.0,0.0,0.0
12181,US,US,PLAS1,RADIO,10.45,0.0,0.0,0.0,0.0,0.0
4210,US,US,ELEC1,TOBAC,10.45,0.0,0.0,0.0,0.0,0.0
4849,US,US,ELEC6,FOOD5,10.59,0.0,0.0,0.0,0.0,0.0
7985,US,US,INTER,CEMEN,10.58,0.0,0.0,0.0,0.0,0.0
11434,US,US,PAPE3,MEDIC,10.58,0.0,0.0,0.0,0.0,0.0
16810,US,US,WOOD1,RUBBE,10.57,0.0,0.0,0.0,0.0,0.0
5897,US,US,FOOD2,FOOD5,10.56,0.0,0.0,0.0,0.0,0.0
10374,US,US,NATUR,TOBAC,10.56,0.0,0.0,0.0,0.0,0.0
15191,US,US,SUPPO,ELEC8,10.55,0.0,0.0,0.0,0.0,0.0
15090,US,US,SUGAR,BIOGA,10.53,0.0,0.0,0.0,0.0,0.0
4360,US,US,ELEC2,SUGA1,10.53,0.0,0.0,0.0,0.0,0.0
3464,US,US,DIST1,LUBRI,10.53,0.0,0.0,0.0,0.0,0.0
2826,US,US,CONST,CROPS,10.52,0.0,0.0,0.0,0.0,0.0
5506,US,US,FABRI,ELEC8,10.52,0.0,0.0,0.0,0.0,0.0
3145,US,US,CROPS,NATUR,10.51,0.0,0.0,0.0,0.0,0.0
3075,US,US,COPPE,NONME,10.51,0.0,0.0,0.0,0.0,0.0
8049,US,US,INTER,MEAT1,10.49,0.0,0.0,0.0,0.0,0.0
12492,US,US,POSTT,ELEC3,10.49,0.0,0.0,0.0,0.0,0.0
5534,US,US,FABRI,KERO1,10.47,0.0,0.0,0.0,0.0,0.0
1295,US,US,BIOGA,MACHI,10.47,0.0,0.0,0.0,0.0,0.0
17125,US,US,WOODW,VEGE1,10.46,0.0,0.0,0.0,0.0,0.0
5624,US,US,FABRI,WOOD2,10.46,0.0,0.0,0.0,0.0,0.0
11386,US,US,PAPE3,ELEC2,10.46,0.0,0.0,0.0,0.0,0.0
2328,US,US,CHEMI,BIODI,12.36,0.0,0.0,0.0,0.0,0.0
10378,US,US,NATUR,VEGE1,12.37,0.0,0.0,0.0,0.0,0.0
7079,US,US,GLASS,LIQUE,5.84,0.0,0.0,0.0,0.0,0.0
8857,US,US,LUBRI,BITUM,14.58,0.0,0.0,0.0,0.0,0.0
10004,US,US,MOTOR,PREC1,14.64,0.0,0.0,0.0,0.0,0.0
2708,US,US,COMPU,LEATH,14.64,0.0,0.0,0.0,0.0,0.0
3044,US,US,COPP1,SECO9,14.64,0.0,0.0,0.0,0.0,0.0
4815,US,US,ELEC6,BASIC,14.63,0.0,0.0,0.0,0.0,0.0
15064,US,US,SUGA1,MEATP,14.63,0.0,0.0,0.0,0.0,0.0
8905,US,US,LUBRI,HOTEL,14.61,0.0,0.0,0.0,0.0,0.0
6774,US,US,FURNI,INSUR,14.6,0.0,0.0,0.0,0.0,0.0
7999,US,US,INTER,DAIRY,14.6,0.0,0.0,0.0,0.0,0.0
10906,US,US,OFFIC,PAPER,14.6,0.0,0.0,0.0,0.0,0.0
2343,US,US,CHEMI,CROPS,14.58,0.0,0.0,0.0,0.0,0.0
13008,US,US,PUBLI,MACHI,14.57,0.0,0.0,0.0,0.0,0.0
6034,US,US,FOOD3,DIST1,14.66,0.0,0.0,0.0,0.0,0.0
12505,US,US,POSTT,FOOD2,14.57,0.0,0.0,0.0,0.0,0.0
15307,US,US,SUPPO,WOOD2,14.56,0.0,0.0,0.0,0.0,0.0
15791,US,US,TRAN1,COPP1,14.56,0.0,0.0,0.0,0.0,0.0
4534,US,US,ELEC4,BIOGA,14.55,0.0,0.0,0.0,0.0,0.0
9868,US,US,MOTO1,SUGA1,14.55,0.0,0.0,0.0,0.0,0.0
906,US,US,BASIC,SEWAG,14.54,0.0,0.0,0.0,0.0,0.0
1406,US,US,BITU1,HYDRO,14.53,0.0,0.0,0.0,0.0,0.0
9852,US,US,MOTO1,RECRE,14.52,0.0,0.0,0.0,0.0,0.0
9243,US,US,MEAT4,PAPER,14.51,0.0,0.0,0.0,0.0,0.0
6611,US,US,FORES,PFERT,14.51,0.0,0.0,0.0,0.0,0.0
5369,US,US,ELECT,INLAN,14.64,0.0,0.0,0.0,0.0,0.0
1635,US,US,BRICK,OFFIC,14.66,0.0,0.0,0.0,0.0,0.0
13252,US,US,RADIO,WOOD2,12.39,0.0,0.0,0.0,0.0,0.0
9085,US,US,MACHI,NFERT,14.84,0.0,0.0,0.0,0.0,0.0
701,US,US,AUXIL,PULP5,14.93,0.0,0.0,0.0,0.0,0.0
14166,US,US,RUBBE,RAWMI,14.92,0.0,0.0,0.0,0.0,0.0
9138,US,US,MACHI,TEXT1,14.92,0.0,0.0,0.0,0.0,0.0
4694,US,US,ELEC5,CRUDE,14.92,0.0,0.0,0.0,0.0,0.0
12490,US,US,POSTT,ELEC1,14.91,0.0,0.0,0.0,0.0,0.0
9936,US,US,MOTOR,FABRI,14.9,0.0,0.0,0.0,0.0,0.0
15013,US,US,SUBBI,PROCE,14.9,0.0,0.0,0.0,0.0,0.0
15420,US,US,TEXT1,PLAST,14.89,0.0,0.0,0.0,0.0,0.0
16710,US,US,WOOD1,CRUDE,14.87,0.0,0.0,0.0,0.0,0.0
4051,US,US,ELE12,REALE,14.86,0.0,0.0,0.0,0.0,0.0
12222,US,US,PLAS2,ALUM1,14.83,0.0,0.0,0.0,0.0,0.0
3451,US,US,DIST1,INERT,14.67,0.0,0.0,0.0,0.0,0.0
11060,US,US,OILHA,POSTT,14.83,0.0,0.0,0.0,0.0,0.0
14914,US,US,STONE,RAWMI,14.82,0.0,0.0,0.0,0.0,0.0
1626,US,US,BRICK,MACHI,14.8,0.0,0.0,0.0,0.0,0.0
8326,US,US,LANDT,BRICK,14.78,0.0,0.0,0.0,0.0,0.0
9988,US,US,MOTOR,OILSE,14.76,0.0,0.0,0.0,0.0,0.0
9818,US,US,MOTO1,NATU1,14.74,0.0,0.0,0.0,0.0,0.0
9414,US,US,MEDIC,AIRTR,14.73,0.0,0.0,0.0,0.0,0.0
6989,US,US,GASDI,SEWAG,14.72,0.0,0.0,0.0,0.0,0.0
12810,US,US,PRINT,GASDI,14.72,0.0,0.0,0.0,0.0,0.0
11590,US,US,PAPE4,MACHI,14.68,0.0,0.0,0.0,0.0,0.0
12043,US,US,PIGS9,TEXTI,14.51,0.0,0.0,0.0,0.0,0.0
10479,US,US,NONF1,LEAD1,14.51,0.0,0.0,0.0,0.0,0.0
14528,US,US,SECO9,PRINT,14.5,0.0,0.0,0.0,0.0,0.0
14514,US,US,SECO9,LIQUI,14.23,0.0,0.0,0.0,0.0,0.0
10451,US,US,NONF1,CEMEN,14.3,0.0,0.0,0.0,0.0,0.0
12800,US,US,PRINT,FISH5,14.28,0.0,0.0,0.0,0.0,0.0
14053,US,US,RUBBE,BRICK,14.27,0.0,0.0,0.0,0.0,0.0
9175,US,US,MEAT1,MEMBE,14.27,0.0,0.0,0.0,0.0,0.0
15652,US,US,TEXTI,COPP1,14.27,0.0,0.0,0.0,0.0,0.0
7968,US,US,INTER,AIRTR,14.26,0.0,0.0,0.0,0.0,0.0
2552,US,US,COLLE,MEAT4,14.26,0.0,0.0,0.0,0.0,0.0
14001,US,US,RESEA,SUGA1,14.24,0.0,0.0,0.0,0.0,0.0
7235,US,US,HEAVY,FOOD5,14.24,0.0,0.0,0.0,0.0,0.0
10904,US,US,OFFIC,PAPE3,14.24,0.0,0.0,0.0,0.0,0.0
244,US,US,AIRTR,PULP5,14.23,0.0,0.0,0.0,0.0,0.0
13743,US,US,RENTI,ELEC2,14.48,0.0,0.0,0.0,0.0,0.0
3627,US,US,DISTR,MEATP,14.23,0.0,0.0,0.0,0.0,0.0
5021,US,US,ELEC7,PFERT,14.22,0.0,0.0,0.0,0.0,0.0
939,US,US,BEVER,FISH5,14.22,0.0,0.0,0.0,0.0,0.0
11914,US,US,PFERT,HEALT,14.21,0.0,0.0,0.0,0.0,0.0
4361,US,US,ELEC2,SUGAR,14.2,0.0,0.0,0.0,0.0,0.0
2944,US,US,CONST,TOBAC,14.18,0.0,0.0,0.0,0.0,0.0
14280,US,US,SALEM,LEATH,14.18,0.0,0.0,0.0,0.0,0.0
11406,US,US,PAPE3,FURNI,14.17,0.0,0.0,0.0,0.0,0.0
5967,US,US,FOOD2,RECRE,14.16,0.0,0.0,0.0,0.0,0.0
902,US,US,BASIC,SALEM,14.15,0.0,0.0,0.0,0.0,0.0
3215,US,US,CRUDE,COPP1,14.3,0.0,0.0,0.0,0.0,0.0
11203,US,US,PAPE1,CEMEN,14.3,0.0,0.0,0.0,0.0,0.0
14048,US,US,RUBBE,BIOG1,14.32,0.0,0.0,0.0,0.0,0.0
11267,US,US,PAPE1,MEAT1,14.33,0.0,0.0,0.0,0.0,0.0
8091,US,US,INTER,RAILW,14.47,0.0,0.0,0.0,0.0,0.0
15264,US,US,SUPPO,POULT,14.47,0.0,0.0,0.0,0.0,0.0
8396,US,US,LANDT,MEATC,14.46,0.0,0.0,0.0,0.0,0.0
2920,US,US,CONST,RAWMI,14.45,0.0,0.0,0.0,0.0,0.0
9779,US,US,MOTO1,FOOD4,14.45,0.0,0.0,0.0,0.0,0.0
8959,US,US,LUBRI,REALE,14.45,0.0,0.0,0.0,0.0,0.0
5911,US,US,FOOD2,INSUR,14.45,0.0,0.0,0.0,0.0,0.0
2340,US,US,CHEMI,COMPU,14.44,0.0,0.0,0.0,0.0,0.0
11443,US,US,PAPE3,NONME,14.44,0.0,0.0,0.0,0.0,0.0
16276,US,US,WASTE,PAPER,14.43,0.0,0.0,0.0,0.0,0.0
7014,US,US,GASWO,CRUDE,14.43,0.0,0.0,0.0,0.0,0.0
4180,US,US,ELEC1,PREC1,14.43,0.0,0.0,0.0,0.0,0.0
11662,US,US,PAPE4,VEGE1,14.42,0.0,0.0,0.0,0.0,0.0
15203,US,US,SUPPO,FOODW,14.41,0.0,0.0,0.0,0.0,0.0
9172,US,US,MEAT1,MEAT4,14.41,0.0,0.0,0.0,0.0,0.0
11268,US,US,PAPE1,MEAT4,14.41,0.0,0.0,0.0,0.0,0.0
10626,US,US,NONME,KEROS,14.4,0.0,0.0,0.0,0.0,0.0
9903,US,US,MOTOR,BRICK,14.37,0.0,0.0,0.0,0.0,0.0
15596,US,US,TEXT2,RENTI,14.37,0.0,0.0,0.0,0.0,0.0
14807,US,US,STEAM,RECRE,14.37,0.0,0.0,0.0,0.0,0.0
10287,US,US,NATUR,FURNI,14.34,0.0,0.0,0.0,0.0,0.0
1322,US,US,BIOGA,PLAS1,14.93,0.0,0.0,0.0,0.0,0.0
4185,US,US,ELEC1,RADIO,14.93,0.0,0.0,0.0,0.0,0.0
9822,US,US,MOTO1,NONME,14.95,0.0,0.0,0.0,0.0,0.0
2806,US,US,CONST,BIOG1,15.49,0.0,0.0,0.0,0.0,0.0
12576,US,US,POSTT,PULP5,15.59,0.0,0.0,0.0,0.0,0.0
11940,US,US,PFERT,NONME,15.59,0.0,0.0,0.0,0.0,0.0
2533,US,US,COLLE,GLASS,15.59,0.0,0.0,0.0,0.0,0.0
9281,US,US,MEATC,BIOGA,15.54,0.0,0.0,0.0,0.0,0.0
16529,US,US,WHITE,SEACO,15.54,0.0,0.0,0.0,0.0,0.0
7975,US,US,INTER,BEVER,15.53,0.0,0.0,0.0,0.0,0.0
3023,US,US,COPP1,PAPER,15.53,0.0,0.0,0.0,0.0,0.0
9429,US,US,MEDIC,CEMEN,15.51,0.0,0.0,0.0,0.0,0.0
12154,US,US,PLAS1,NONME,15.5,0.0,0.0,0.0,0.0,0.0
14144,US,US,RUBBE,PAPE1,15.49,0.0,0.0,0.0,0.0,0.0
10269,US,US,NATUR,ELEC3,15.48,0.0,0.0,0.0,0.0,0.0
9439,US,US,MEDIC,COPP1,15.35,0.0,0.0,0.0,0.0,0.0
11017,US,US,OILHA,INSUR,15.47,0.0,0.0,0.0,0.0,0.0
5351,US,US,ELECT,FISH5,15.47,0.0,0.0,0.0,0.0,0.0
16988,US,US,WOOD2,TRANS,15.45,0.0,0.0,0.0,0.0,0.0
13163,US,US,RADIO,INTER,15.45,0.0,0.0,0.0,0.0,0.0
641,US,US,AUXIL,HEAVY,15.44,0.0,0.0,0.0,0.0,0.0
1190,US,US,BIOG1,PLAST,15.44,0.0,0.0,0.0,0.0,0.0
16077,US,US,VEGE1,REALE,15.41,0.0,0.0,0.0,0.0,0.0
4985,US,US,ELEC7,HEALT,15.41,0.0,0.0,0.0,0.0,0.0
14042,US,US,RUBBE,ANTHR,15.39,0.0,0.0,0.0,0.0,0.0
4930,US,US,ELEC6,SUPPO,15.38,0.0,0.0,0.0,0.0,0.0
8076,US,US,INTER,PFERT,15.61,0.0,0.0,0.0,0.0,0.0
477,US,US,ANIMA,WEARI,15.62,0.0,0.0,0.0,0.0,0.0
6547,US,US,FOODW,TRANS,15.63,0.0,0.0,0.0,0.0,0.0
2168,US,US,CHEM1,BITUM,15.63,0.0,0.0,0.0,0.0,0.0
7159,US,US,HEALT,MEMBE,15.84,0.0,0.0,0.0,0.0,0.0
10009,US,US,MOTOR,RADIO,15.83,0.0,0.0,0.0,0.0,0.0
8547,US,US,LEADZ,LEAD1,15.83,0.0,0.0,0.0,0.0,0.0
12309,US,US,PLAS2,MOTO1,15.83,0.0,0.0,0.0,0.0,0.0
1143,US,US,BIOG1,CHEM1,15.81,0.0,0.0,0.0,0.0,0.0
10661,US,US,NONME,PLAST,15.81,0.0,0.0,0.0,0.0,0.0
2638,US,US,COMPU,BIODI,15.79,0.0,0.0,0.0,0.0,0.0
15074,US,US,SUGA1,RAWMI,15.78,0.0,0.0,0.0,0.0,0.0
12870,US,US,PRINT,PUBLI,15.78,0.0,0.0,0.0,0.0,0.0
795,US,US,BASIC,COLLE,15.78,0.0,0.0,0.0,0.0,0.0
7048,US,US,GLASS,COPP1,15.78,0.0,0.0,0.0,0.0,0.0
17127,US,US,WOODW,WEARI,15.71,0.0,0.0,0.0,0.0,0.0
1666,US,US,BRICK,TRANS,15.71,0.0,0.0,0.0,0.0,0.0
14853,US,US,STONE,CHEM1,15.7,0.0,0.0,0.0,0.0,0.0
12004,US,US,PIGS9,FISH5,15.69,0.0,0.0,0.0,0.0,0.0
3225,US,US,CRUDE,FISHF,15.69,0.0,0.0,0.0,0.0,0.0
15836,US,US,TRAN1,MEAT1,15.68,0.0,0.0,0.0,0.0,0.0
14833,US,US,STEAM,WHOLE,15.67,0.0,0.0,0.0,0.0,0.0
6944,US,US,GASDI,NATUR,15.67,0.0,0.0,0.0,0.0,0.0
13863,US,US,RENTI,WHEAT,15.66,0.0,0.0,0.0,0.0,0.0
721,US,US,AUXIL,SUBBI,15.64,0.0,0.0,0.0,0.0,0.0
5970,US,US,FOOD2,RENTI,15.38,0.0,0.0,0.0,0.0,0.0
9910,US,US,MOTOR,CHEMI,15.34,0.0,0.0,0.0,0.0,0.0
9961,US,US,MOTOR,KEROS,14.97,0.0,0.0,0.0,0.0,0.0
13475,US,US,REALE,TRAN1,15.11,0.0,0.0,0.0,0.0,0.0
10909,US,US,OFFIC,PLAS1,15.2,0.0,0.0,0.0,0.0,0.0
8128,US,US,INTER,WOODW,15.2,0.0,0.0,0.0,0.0,0.0
11569,US,US,PAPE4,GASDI,15.19,0.0,0.0,0.0,0.0,0.0
29,US,US,93197,DIST1,15.18,0.0,0.0,0.0,0.0,0.0
1228,US,US,BIOGA,BEVER,15.15,0.0,0.0,0.0,0.0,0.0
7864,US,US,INSUR,FABRI,15.14,0.0,0.0,0.0,0.0,0.0
11428,US,US,PAPE3,MACHI,15.13,0.0,0.0,0.0,0.0,0.0
8401,US,US,LANDT,MOTOR,15.13,0.0,0.0,0.0,0.0,0.0
14502,US,US,SECO9,ELECT,15.12,0.0,0.0,0.0,0.0,0.0
11500,US,US,PAPE3,VEGE1,15.11,0.0,0.0,0.0,0.0,0.0
16404,US,US,WHEAT,CROPS,15.09,0.0,0.0,0.0,0.0,0.0
13645,US,US,RECRE,WOOD1,15.34,0.0,0.0,0.0,0.0,0.0
7404,US,US,HOTEL,HEAVY,15.08,0.0,0.0,0.0,0.0,0.0
7089,US,US,GLASS,MOTOR,15.07,0.0,0.0,0.0,0.0,0.0
10681,US,US,NONME,SEACO,15.06,0.0,0.0,0.0,0.0,0.0
12864,US,US,PRINT,PLAST,15.05,0.0,0.0,0.0,0.0,0.0
1936,US,US,CEMEN,MEAT4,15.03,0.0,0.0,0.0,0.0,0.0
8530,US,US,LEADZ,COMPU,15.03,0.0,0.0,0.0,0.0,0.0
15139,US,US,SUGAR,SUGAR,15.02,0.0,0.0,0.0,0.0,0.0
11742,US,US,PAPER,INTER,15.01,0.0,0.0,0.0,0.0,0.0
2094,US,US,CEREA,BEVER,15.0,0.0,0.0,0.0,0.0,0.0
2938,US,US,CONST,SUGA1,15.0,0.0,0.0,0.0,0.0,0.0
2287,US,US,CHEM1,REFI1,15.2,0.0,0.0,0.0,0.0,0.0
15226,US,US,SUPPO,LIQUE,15.2,0.0,0.0,0.0,0.0,0.0
7718,US,US,INERT,MOTOR,15.2,0.0,0.0,0.0,0.0,0.0
373,US,US,ALUM1,TEXTI,15.21,0.0,0.0,0.0,0.0,0.0
10308,US,US,NATUR,MACHI,15.34,0.0,0.0,0.0,0.0,0.0
1690,US,US,BUSIN,CATTL,15.33,0.0,0.0,0.0,0.0,0.0
16480,US,US,WHITE,GASDI,15.32,0.0,0.0,0.0,0.0,0.0
14662,US,US,SEWAG,PULP5,15.32,0.0,0.0,0.0,0.0,0.0
12371,US,US,PLAS2,TRAN2,15.32,0.0,0.0,0.0,0.0,0.0
6704,US,US,FOUND,WHOLE,15.3,0.0,0.0,0.0,0.0,0.0
16419,US,US,WHEAT,MEAT4,15.29,0.0,0.0,0.0,0.0,0.0
16292,US,US,WASTE,RAILW,15.29,0.0,0.0,0.0,0.0,0.0
16205,US,US,WASTE,CRUDE,15.29,0.0,0.0,0.0,0.0,0.0
7524,US,US,HYDRO,CHEM1,15.26,0.0,0.0,0.0,0.0,0.0
12894,US,US,PRINT,TEXT1,15.25,0.0,0.0,0.0,0.0,0.0
4356,US,US,ELEC2,SECO9,15.25,0.0,0.0,0.0,0.0,0.0
5340,US,US,ELECT,ELEC3,15.24,0.0,0.0,0.0,0.0,0.0
12117,US,US,PLAS1,FURNI,15.24,0.0,0.0,0.0,0.0,0.0
10998,US,US,OILHA,FINAN,15.24,0.0,0.0,0.0,0.0,0.0
2913,US,US,CONST,PREC1,15.24,0.0,0.0,0.0,0.0,0.0
12253,US,US,PLAS2,DIST1,15.24,0.0,0.0,0.0,0.0,0.0
9524,US,US,MEDIC,PREC1,15.22,0.0,0.0,0.0,0.0,0.0
4778,US,US,ELEC5,RENTI,15.22,0.0,0.0,0.0,0.0,0.0
12988,US,US,PUBLI,FURNI,15.22,0.0,0.0,0.0,0.0,0.0
5414,US,US,ELECT,PLAS2,15.22,0.0,0.0,0.0,0.0,0.0
13737,US,US,RENTI,DIST1,14.14,0.0,0.0,0.0,0.0,0.0
1982,US,US,CEMEN,STONE,14.13,0.0,0.0,0.0,0.0,0.0
14553,US,US,SEWAG,BRICK,14.13,0.0,0.0,0.0,0.0,0.0
8381,US,US,LANDT,INTER,12.97,0.0,0.0,0.0,0.0,0.0
10976,US,US,OILHA,COMPU,13.03,0.0,0.0,0.0,0.0,0.0
5532,US,US,FABRI,INTER,13.03,0.0,0.0,0.0,0.0,0.0
1316,US,US,BIOGA,PAPE4,13.02,0.0,0.0,0.0,0.0,0.0
3595,US,US,DISTR,FOOD4,13.01,0.0,0.0,0.0,0.0,0.0
15356,US,US,TEXT1,FABRI,13.01,0.0,0.0,0.0,0.0,0.0
3227,US,US,CRUDE,FOOD3,13.0,0.0,0.0,0.0,0.0,0.0
3326,US,US,CRUDE,WEARI,13.0,0.0,0.0,0.0,0.0,0.0
14813,US,US,STEAM,RUBBE,12.99,0.0,0.0,0.0,0.0,0.0
4718,US,US,ELEC5,INSUR,12.99,0.0,0.0,0.0,0.0,0.0
1907,US,US,CEMEN,FABRI,12.97,0.0,0.0,0.0,0.0,0.0
12676,US,US,PREC1,OFFIC,12.96,0.0,0.0,0.0,0.0,0.0
16082,US,US,VEGE1,RUBBE,12.85,0.0,0.0,0.0,0.0,0.0
13922,US,US,RESEA,FOODW,12.95,0.0,0.0,0.0,0.0,0.0
1612,US,US,BRICK,FURNI,12.93,0.0,0.0,0.0,0.0,0.0
5475,US,US,FABRI,BLAST,12.92,0.0,0.0,0.0,0.0,0.0
10243,US,US,NATUR,BLAST,12.91,0.0,0.0,0.0,0.0,0.0
9511,US,US,MEDIC,PAPE1,12.91,0.0,0.0,0.0,0.0,0.0
12148,US,US,PLAS1,MOTOR,12.89,0.0,0.0,0.0,0.0,0.0
3885,US,US,ELE11,HOTEL,12.89,0.0,0.0,0.0,0.0,0.0
60,US,US,93197,INLAN,12.88,0.0,0.0,0.0,0.0,0.0
14413,US,US,SANDC,MEDIC,12.87,0.0,0.0,0.0,0.0,0.0
14547,US,US,SEWAG,BIODI,12.86,0.0,0.0,0.0,0.0,0.0
10323,US,US,NATUR,NONME,13.03,0.0,0.0,0.0,0.0,0.0
4513,US,US,ELEC3,TRAN2,13.06,0.0,0.0,0.0,0.0,0.0
7169,US,US,HEALT,PUBLI,13.07,0.0,0.0,0.0,0.0,0.0
14923,US,US,STONE,STONE,13.07,0.0,0.0,0.0,0.0,0.0
8244,US,US,KERO1,RECRE,13.28,0.0,0.0,0.0,0.0,0.0
14360,US,US,SALEM,WOOD2,13.28,0.0,0.0,0.0,0.0,0.0
9839,US,US,MOTO1,PLAS2,13.24,0.0,0.0,0.0,0.0,0.0
2317,US,US,CHEM1,WHITE,13.23,0.0,0.0,0.0,0.0,0.0
621,US,US,AUXIL,ELEC8,13.22,0.0,0.0,0.0,0.0,0.0
12579,US,US,POSTT,RAWMI,13.22,0.0,0.0,0.0,0.0,0.0
6865,US,US,GASDI,ALUM1,13.21,0.0,0.0,0.0,0.0,0.0
14516,US,US,SECO9,MACHI,13.21,0.0,0.0,0.0,0.0,0.0
15424,US,US,TEXT1,PRINT,13.19,0.0,0.0,0.0,0.0,0.0
6391,US,US,FOOD5,WEARI,13.18,0.0,0.0,0.0,0.0,0.0
17002,US,US,WOODW,AUXIL,13.17,0.0,0.0,0.0,0.0,0.0
11904,US,US,PFERT,FABRI,13.17,0.0,0.0,0.0,0.0,0.0
15841,US,US,TRAN1,MEDIC,13.17,0.0,0.0,0.0,0.0,0.0
4622,US,US,ELEC4,POULT,13.16,0.0,0.0,0.0,0.0,0.0
4217,US,US,ELEC1,WHEAT,13.15,0.0,0.0,0.0,0.0,0.0
14260,US,US,SALEM,FOODW,13.13,0.0,0.0,0.0,0.0,0.0
14567,US,US,SEWAG,COPP1,13.11,0.0,0.0,0.0,0.0,0.0
10037,US,US,MOTOR,TRAN2,13.1,0.0,0.0,0.0,0.0,0.0
2964,US,US,COPP1,BIOGA,13.09,0.0,0.0,0.0,0.0,0.0
14016,US,US,RESEA,WOOD2,13.08,0.0,0.0,0.0,0.0,0.0
813,US,US,BASIC,ELEC7,13.08,0.0,0.0,0.0,0.0,0.0
9158,US,US,MEAT1,BEVER,12.85,0.0,0.0,0.0,0.0,0.0
4720,US,US,ELEC5,IRONO,12.83,0.0,0.0,0.0,0.0,0.0
9480,US,US,MEDIC,INSUR,13.29,0.0,0.0,0.0,0.0,0.0
6600,US,US,FORES,MEDIC,12.52,0.0,0.0,0.0,0.0,0.0
3497,US,US,DIST1,PLAS1,12.58,0.0,0.0,0.0,0.0,0.0
10264,US,US,NATUR,EDUCA,12.58,0.0,0.0,0.0,0.0,0.0
8428,US,US,LANDT,PREC1,12.58,0.0,0.0,0.0,0.0,0.0
9421,US,US,MEDIC,BIODI,12.55,0.0,0.0,0.0,0.0,0.0
5748,US,US,FINAN,PUBLI,12.55,0.0,0.0,0.0,0.0,0.0
16783,US,US,WOOD1,PAPER,12.55,0.0,0.0,0.0,0.0,0.0
3362,US,US,DAIRY,MEAT4,12.55,0.0,0.0,0.0,0.0,0.0
7335,US,US,HEAVY,WHOLE,12.54,0.0,0.0,0.0,0.0,0.0
3332,US,US,CRUDE,WOOLS,12.53,0.0,0.0,0.0,0.0,0.0
13478,US,US,REALE,VEGE1,12.52,0.0,0.0,0.0,0.0,0.0
11243,US,US,PAPE1,FOUND,12.51,0.0,0.0,0.0,0.0,0.0
16924,US,US,WOOD2,MEMBE,12.83,0.0,0.0,0.0,0.0,0.0
8345,US,US,LANDT,DISTR,12.5,0.0,0.0,0.0,0.0,0.0
6199,US,US,FOOD4,GASDI,12.5,0.0,0.0,0.0,0.0,0.0
998,US,US,BIODI,BITUM,12.47,0.0,0.0,0.0,0.0,0.0
9963,US,US,MOTOR,LEAD1,12.45,0.0,0.0,0.0,0.0,0.0
11642,US,US,PAPE4,RETAI,12.45,0.0,0.0,0.0,0.0,0.0
14726,US,US,STEAM,CROPS,12.44,0.0,0.0,0.0,0.0,0.0
11274,US,US,PAPE1,MOTO1,12.44,0.0,0.0,0.0,0.0,0.0
14676,US,US,SEWAG,SANDC,12.43,0.0,0.0,0.0,0.0,0.0
6504,US,US,FOODW,PFERT,12.43,0.0,0.0,0.0,0.0,0.0
7751,US,US,INERT,RADIO,12.42,0.0,0.0,0.0,0.0,0.0
11747,US,US,PAPER,LEAD1,12.58,0.0,0.0,0.0,0.0,0.0
4174,US,US,ELEC1,PLANT,12.61,0.0,0.0,0.0,0.0,0.0
7714,US,US,INERT,MEATP,12.61,0.0,0.0,0.0,0.0,0.0
12849,US,US,PRINT,OFFIC,12.62,0.0,0.0,0.0,0.0,0.0
3588,US,US,DISTR,ELECT,12.82,0.0,0.0,0.0,0.0,0.0
1376,US,US,BITU1,BITU1,12.82,0.0,0.0,0.0,0.0,0.0
12517,US,US,POSTT,HEAVY,12.82,0.0,0.0,0.0,0.0,0.0
2196,US,US,CHEM1,ELEC3,12.82,0.0,0.0,0.0,0.0,0.0
16557,US,US,WHOLE,BITUM,12.81,0.0,0.0,0.0,0.0,0.0
1050,US,US,BIODI,KEROS,12.8,0.0,0.0,0.0,0.0,0.0
15123,US,US,SUGAR,PAPE1,12.78,0.0,0.0,0.0,0.0,0.0
12617,US,US,POULT,93197,12.78,0.0,0.0,0.0,0.0,0.0
14452,US,US,SANDC,STEAM,12.78,0.0,0.0,0.0,0.0,0.0
1046,US,US,BIODI,INSUR,12.77,0.0,0.0,0.0,0.0,0.0
1472,US,US,BITUM,FABRI,12.74,0.0,0.0,0.0,0.0,0.0
890,US,US,BASIC,RADIO,12.74,0.0,0.0,0.0,0.0,0.0
12271,US,US,PLAS2,FISH5,12.73,0.0,0.0,0.0,0.0,0.0
6483,US,US,FOODW,MEMBE,12.72,0.0,0.0,0.0,0.0,0.0
1835,US,US,BUSIN,WHEAT,12.71,0.0,0.0,0.0,0.0,0.0
1131,US,US,BIODI,WOODW,12.69,0.0,0.0,0.0,0.0,0.0
9252,US,US,MEAT4,REALE,12.69,0.0,0.0,0.0,0.0,0.0
9775,US,US,MOTO1,FISH5,12.68,0.0,0.0,0.0,0.0,0.0
7960,US,US,INSUR,WEARI,12.66,0.0,0.0,0.0,0.0,0.0
5114,US,US,ELEC8,GLASS,12.65,0.0,0.0,0.0,0.0,0.0
7777,US,US,INERT,TOBAC,12.64,0.0,0.0,0.0,0.0,0.0
9746,US,US,MOTO1,CHEMI,13.28,0.0,0.0,0.0,0.0,0.0
1104,US,US,BIODI,RUBBE,13.29,0.0,0.0,0.0,0.0,0.0
7564,US,US,HYDRO,LEADZ,14.12,0.0,0.0,0.0,0.0,0.0
1066,US,US,BIODI,MOTOR,13.85,0.0,0.0,0.0,0.0,0.0
15614,US,US,TEXT2,TEXTI,13.91,0.0,0.0,0.0,0.0,0.0
15249,US,US,SUPPO,OILSE,13.89,0.0,0.0,0.0,0.0,0.0
13153,US,US,RADIO,GASDI,13.88,0.0,0.0,0.0,0.0,0.0
5749,US,US,FINAN,PULP5,13.88,0.0,0.0,0.0,0.0,0.0
13325,US,US,RAWMI,WEARI,13.87,0.0,0.0,0.0,0.0,0.0
2478,US,US,COLLE,AUXIL,13.87,0.0,0.0,0.0,0.0,0.0
2671,US,US,COMPU,ELEC4,13.87,0.0,0.0,0.0,0.0,0.0
9350,US,US,MEATP,BEVER,13.87,0.0,0.0,0.0,0.0,0.0
14877,US,US,STONE,LIGNI,13.86,0.0,0.0,0.0,0.0,0.0
13682,US,US,REFIN,HEAVY,13.85,0.0,0.0,0.0,0.0,0.0
9185,US,US,MEAT1,SUPPO,13.85,0.0,0.0,0.0,0.0,0.0
11821,US,US,PAPER,TRAN1,13.73,0.0,0.0,0.0,0.0,0.0
16685,US,US,WOOD1,AUXIL,13.85,0.0,0.0,0.0,0.0,0.0
9352,US,US,MEATP,BIOGA,13.84,0.0,0.0,0.0,0.0,0.0
1315,US,US,BIOGA,PAPE3,13.79,0.0,0.0,0.0,0.0,0.0
12782,US,US,PRINT,CRUDE,13.78,0.0,0.0,0.0,0.0,0.0
7666,US,US,INERT,ELEC2,13.78,0.0,0.0,0.0,0.0,0.0
6114,US,US,FOOD3,RECRE,13.78,0.0,0.0,0.0,0.0,0.0
1898,US,US,CEMEN,ELEC3,13.76,0.0,0.0,0.0,0.0,0.0
11247,US,US,PAPE1,GLASS,13.75,0.0,0.0,0.0,0.0,0.0
3835,US,US,EDUCA,WHEAT,13.74,0.0,0.0,0.0,0.0,0.0
12770,US,US,PRINT,CEMEN,13.73,0.0,0.0,0.0,0.0,0.0
6190,US,US,FOOD4,FISH5,13.92,0.0,0.0,0.0,0.0,0.0
7131,US,US,GLASS,SUPPO,13.95,0.0,0.0,0.0,0.0,0.0
4539,US,US,ELEC4,CATTL,13.96,0.0,0.0,0.0,0.0,0.0
9279,US,US,MEATC,BEVER,13.96,0.0,0.0,0.0,0.0,0.0
2305,US,US,CHEM1,TEXT1,14.12,0.0,0.0,0.0,0.0,0.0
13297,US,US,RAILW,SEWAG,14.1,0.0,0.0,0.0,0.0,0.0
13757,US,US,RENTI,FOOD2,14.1,0.0,0.0,0.0,0.0,0.0
1302,US,US,BIOGA,MOTO1,14.1,0.0,0.0,0.0,0.0,0.0
13333,US,US,REALE,BASIC,14.09,0.0,0.0,0.0,0.0,0.0
13981,US,US,RESEA,PULP5,14.08,0.0,0.0,0.0,0.0,0.0
9785,US,US,MOTO1,GASDI,14.08,0.0,0.0,0.0,0.0,0.0
2683,US,US,COMPU,FOOD2,14.08,0.0,0.0,0.0,0.0,0.0
5770,US,US,FINAN,SUGA1,14.06,0.0,0.0,0.0,0.0,0.0
2309,US,US,CHEM1,TRAN1,14.06,0.0,0.0,0.0,0.0,0.0
16517,US,US,WHITE,RAILW,14.05,0.0,0.0,0.0,0.0,0.0
13212,US,US,RADIO,PUBLI,14.05,0.0,0.0,0.0,0.0,0.0
4770,US,US,ELEC5,PULP5,14.04,0.0,0.0,0.0,0.0,0.0
15942,US,US,TRANS,CRUDE,14.04,0.0,0.0,0.0,0.0,0.0
1905,US,US,CEMEN,ELECT,14.01,0.0,0.0,0.0,0.0,0.0
9179,US,US,MEAT1,RECRE,14.0,0.0,0.0,0.0,0.0,0.0
6924,US,US,GASDI,KEROS,14.0,0.0,0.0,0.0,0.0,0.0
13366,US,US,REALE,ELEC3,13.99,0.0,0.0,0.0,0.0,0.0
9156,US,US,MEAT1,93197,13.98,0.0,0.0,0.0,0.0,0.0
16163,US,US,VEGET,SEWAG,13.97,0.0,0.0,0.0,0.0,0.0
14378,US,US,SANDC,CHEMI,13.96,0.0,0.0,0.0,0.0,0.0
11568,US,US,PAPE4,FURNI,13.73,0.0,0.0,0.0,0.0,0.0
3142,US,US,CROPS,MOTOR,13.71,0.0,0.0,0.0,0.0,0.0
6580,US,US,FORES,FISH5,13.3,0.0,0.0,0.0,0.0,0.0
14096,US,US,RUBBE,FORES,13.43,0.0,0.0,0.0,0.0,0.0
15650,US,US,TEXTI,COMPU,13.53,0.0,0.0,0.0,0.0,0.0
14371,US,US,SANDC,BITU1,13.52,0.0,0.0,0.0,0.0,0.0
7715,US,US,INERT,MEDIC,13.5,0.0,0.0,0.0,0.0,0.0
5652,US,US,FINAN,COKIN,13.48,0.0,0.0,0.0,0.0,0.0
6294,US,US,FOOD4,WEARI,13.48,0.0,0.0,0.0,0.0,0.0
7713,US,US,INERT,MEATC,13.48,0.0,0.0,0.0,0.0,0.0
4313,US,US,ELEC2,NFERT,13.46,0.0,0.0,0.0,0.0,0.0
4212,US,US,ELEC1,TRAN2,13.46,0.0,0.0,0.0,0.0,0.0
5194,US,US,ELEC8,TEXTI,13.45,0.0,0.0,0.0,0.0,0.0
14868,US,US,STONE,GASDI,13.44,0.0,0.0,0.0,0.0,0.0
205,US,US,AIRTR,LEATH,13.42,0.0,0.0,0.0,0.0,0.0
1272,US,US,BIOGA,FOUND,13.71,0.0,0.0,0.0,0.0,0.0
7322,US,US,HEAVY,SUPPO,13.42,0.0,0.0,0.0,0.0,0.0
16845,US,US,WOOD2,BASIC,13.41,0.0,0.0,0.0,0.0,0.0
4338,US,US,ELEC2,PROCE,13.4,0.0,0.0,0.0,0.0,0.0
1787,US,US,BUSIN,PIGS9,13.38,0.0,0.0,0.0,0.0,0.0
15864,US,US,TRAN1,PIGS9,13.35,0.0,0.0,0.0,0.0,0.0
13738,US,US,RENTI,DISTR,13.34,0.0,0.0,0.0,0.0,0.0
7199,US,US,HEAVY,BUSIN,13.33,0.0,0.0,0.0,0.0,0.0
14211,US,US,SALEM,BASIC,13.32,0.0,0.0,0.0,0.0,0.0
7260,US,US,HEAVY,MACHI,13.32,0.0,0.0,0.0,0.0,0.0
5309,US,US,ELECT,BIODI,13.3,0.0,0.0,0.0,0.0,0.0
4481,US,US,ELEC3,PREC1,13.53,0.0,0.0,0.0,0.0,0.0
1269,US,US,BIOGA,FOOD5,13.55,0.0,0.0,0.0,0.0,0.0
4608,US,US,ELEC4,OILSE,13.56,0.0,0.0,0.0,0.0,0.0
10905,US,US,OFFIC,PAPE4,13.56,0.0,0.0,0.0,0.0,0.0
4738,US,US,ELEC5,MOTO1,13.71,0.0,0.0,0.0,0.0,0.0
2011,US,US,CERAM,CHEM1,13.71,0.0,0.0,0.0,0.0,0.0
11605,US,US,PAPE4,NONME,13.71,0.0,0.0,0.0,0.0,0.0
8626,US,US,LEATH,MEMBE,13.7,0.0,0.0,0.0,0.0,0.0
17134,US,US,WOOLS,RAWMI,13.69,0.0,0.0,0.0,0.0,0.0
15600,US,US,TEXT2,RUBBE,13.69,0.0,0.0,0.0,0.0,0.0
5892,US,US,FOOD2,FINAN,13.67,0.0,0.0,0.0,0.0,0.0
2550,US,US,COLLE,MACHI,13.65,0.0,0.0,0.0,0.0,0.0
3509,US,US,DIST1,RAILW,13.65,0.0,0.0,0.0,0.0,0.0
199,US,US,AIRTR,INTER,13.63,0.0,0.0,0.0,0.0,0.0
6033,US,US,FOOD3,DAIRY,13.63,0.0,0.0,0.0,0.0,0.0
10201,US,US,NATU1,PROCE,13.62,0.0,0.0,0.0,0.0,0.0
12191,US,US,PLAS1,RETAI,13.61,0.0,0.0,0.0,0.0,0.0
86,US,US,93197,PAPE1,13.6,0.0,0.0,0.0,0.0,0.0
6404,US,US,FOODW,BASIC,13.6,0.0,0.0,0.0,0.0,0.0
1474,US,US,BITUM,FISH5,13.6,0.0,0.0,0.0,0.0,0.0
3226,US,US,CRUDE,FOOD2,13.59,0.0,0.0,0.0,0.0,0.0
14079,US,US,RUBBE,ELEC3,13.57,0.0,0.0,0.0,0.0,0.0
13490,US,US,RECRE,AIRTR,13.57,0.0,0.0,0.0,0.0,0.0
2538,US,US,COLLE,INLAN,13.57,0.0,0.0,0.0,0.0,0.0
9400,US,US,MEATP,RETAI,13.57,0.0,0.0,0.0,0.0,0.0
10348,US,US,NATUR,PULP5,9.66,0.0,0.0,0.0,0.0,0.0
2907,US,US,CONST,PLANT,9.65,0.0,0.0,0.0,0.0,0.0
6939,US,US,GASDI,MEMBE,9.65,0.0,0.0,0.0,0.0,0.0
14119,US,US,RUBBE,LIQUI,6.9,0.0,0.0,0.0,0.0,0.0
16590,US,US,WHOLE,HOTEL,6.93,0.0,0.0,0.0,0.0,0.0
13466,US,US,REALE,STONE,6.93,0.0,0.0,0.0,0.0,0.0
14644,US,US,SEWAG,PAPE3,6.93,0.0,0.0,0.0,0.0,0.0
5459,US,US,ELECT,WOOD2,6.93,0.0,0.0,0.0,0.0,0.0
15853,US,US,TRAN1,OFFIC,6.92,0.0,0.0,0.0,0.0,0.0
12697,US,US,PREC1,SECO9,6.92,0.0,0.0,0.0,0.0,0.0
9901,US,US,MOTOR,BITUM,6.92,0.0,0.0,0.0,0.0,0.0
10321,US,US,NATUR,NFERT,6.92,0.0,0.0,0.0,0.0,0.0
9430,US,US,MEDIC,CERAM,6.91,0.0,0.0,0.0,0.0,0.0
12866,US,US,PRINT,POULT,6.91,0.0,0.0,0.0,0.0,0.0
12369,US,US,PLAS2,TOBAC,6.88,0.0,0.0,0.0,0.0,0.0
6950,US,US,GASDI,OFFIC,6.94,0.0,0.0,0.0,0.0,0.0
6399,US,US,FOODW,ALUM1,6.88,0.0,0.0,0.0,0.0,0.0
11131,US,US,PADDY,FISH5,6.86,0.0,0.0,0.0,0.0,0.0
10121,US,US,NATU1,COKE1,6.85,0.0,0.0,0.0,0.0,0.0
9979,US,US,MOTOR,NAPHT,6.85,0.0,0.0,0.0,0.0,0.0
5357,US,US,ELECT,FOODW,6.85,0.0,0.0,0.0,0.0,0.0
11016,US,US,OILHA,INLAN,6.85,0.0,0.0,0.0,0.0,0.0
15771,US,US,TRAN1,BIODI,6.85,0.0,0.0,0.0,0.0,0.0
13384,US,US,REALE,FOUND,6.84,0.0,0.0,0.0,0.0,0.0
13004,US,US,PUBLI,LEATH,6.84,0.0,0.0,0.0,0.0,0.0
16573,US,US,WHOLE,EDUCA,6.84,0.0,0.0,0.0,0.0,0.0
11740,US,US,PAPER,INLAN,6.93,0.0,0.0,0.0,0.0,0.0
7508,US,US,HYDRO,ALUMI,6.94,0.0,0.0,0.0,0.0,0.0
11893,US,US,PFERT,CROPS,9.64,0.0,0.0,0.0,0.0,0.0
15290,US,US,SUPPO,SUGA1,7.02,0.0,0.0,0.0,0.0,0.0
10244,US,US,NATUR,BRICK,7.08,0.0,0.0,0.0,0.0,0.0
14846,US,US,STONE,BITU1,7.07,0.0,0.0,0.0,0.0,0.0
15293,US,US,SUPPO,TEXT1,7.06,0.0,0.0,0.0,0.0,0.0
6135,US,US,FOOD3,WEARI,7.06,0.0,0.0,0.0,0.0,0.0
7187,US,US,HEAVY,ANTHR,7.05,0.0,0.0,0.0,0.0,0.0
3164,US,US,CROPS,PROCE,7.05,0.0,0.0,0.0,0.0,0.0
12619,US,US,POULT,CROPS,7.02,0.0,0.0,0.0,0.0,0.0
8122,US,US,INTER,WEARI,7.02,0.0,0.0,0.0,0.0,0.0
12105,US,US,PLAS1,ELECT,7.02,0.0,0.0,0.0,0.0,0.0
1503,US,US,BITUM,MEATP,7.02,0.0,0.0,0.0,0.0,0.0
11418,US,US,PAPE3,IRONO,7.02,0.0,0.0,0.0,0.0,0.0
6546,US,US,FOODW,TRAN2,6.95,0.0,0.0,0.0,0.0,0.0
840,US,US,BASIC,LANDT,7.0,0.0,0.0,0.0,0.0,0.0
3580,US,US,DISTR,DIST1,7.0,0.0,0.0,0.0,0.0,0.0
7244,US,US,HEAVY,HEAVY,7.0,0.0,0.0,0.0,0.0,0.0
2839,US,US,CONST,ELEC6,6.99,0.0,0.0,0.0,0.0,0.0
6082,US,US,FOOD3,MEMBE,6.99,0.0,0.0,0.0,0.0,0.0
16987,US,US,WOOD2,TRAN2,6.98,0.0,0.0,0.0,0.0,0.0
4323,US,US,ELEC2,PAPE3,6.98,0.0,0.0,0.0,0.0,0.0
2125,US,US,CEREA,MEATP,6.97,0.0,0.0,0.0,0.0,0.0
10000,US,US,MOTOR,PLAS2,6.96,0.0,0.0,0.0,0.0,0.0
12343,US,US,PLAS2,RADIO,6.95,0.0,0.0,0.0,0.0,0.0
14243,US,US,SALEM,ELEC2,6.83,0.0,0.0,0.0,0.0,0.0
15767,US,US,TRAN1,AUXIL,6.83,0.0,0.0,0.0,0.0,0.0
11486,US,US,PAPE3,SEWAG,6.83,0.0,0.0,0.0,0.0,0.0
4917,US,US,ELEC6,RESEA,6.67,0.0,0.0,0.0,0.0,0.0
11580,US,US,PAPE4,IRONO,6.7,0.0,0.0,0.0,0.0,0.0
996,US,US,BIODI,BIOGA,6.7,0.0,0.0,0.0,0.0,0.0
11275,US,US,PAPE1,MOTOR,6.7,0.0,0.0,0.0,0.0,0.0
10276,US,US,NATUR,ELECT,6.69,0.0,0.0,0.0,0.0,0.0
6992,US,US,GASDI,SUBBI,6.69,0.0,0.0,0.0,0.0,0.0
9995,US,US,MOTOR,PETRO,6.68,0.0,0.0,0.0,0.0,0.0
7138,US,US,GLASS,WEARI,6.68,0.0,0.0,0.0,0.0,0.0
11712,US,US,PAPER,ELEC4,6.68,0.0,0.0,0.0,0.0,0.0
3256,US,US,CRUDE,MEATA,6.68,0.0,0.0,0.0,0.0,0.0
9588,US,US,MEMBE,CHEMI,6.67,0.0,0.0,0.0,0.0,0.0
15549,US,US,TEXT2,MEAT4,6.67,0.0,0.0,0.0,0.0,0.0
12995,US,US,PUBLI,INERT,6.83,0.0,0.0,0.0,0.0,0.0
12045,US,US,PIGS9,WEARI,6.66,0.0,0.0,0.0,0.0,0.0
1604,US,US,BRICK,EDUCA,6.66,0.0,0.0,0.0,0.0,0.0
12850,US,US,PRINT,OILHA,6.66,0.0,0.0,0.0,0.0,0.0
564,US,US,ANTHR,SUBBI,6.65,0.0,0.0,0.0,0.0,0.0
4324,US,US,ELEC2,PAPE4,6.65,0.0,0.0,0.0,0.0,0.0
4550,US,US,ELEC4,COPP1,6.64,0.0,0.0,0.0,0.0,0.0
11766,US,US,PAPER,NFERT,6.64,0.0,0.0,0.0,0.0,0.0
10617,US,US,NONME,HEALT,6.64,0.0,0.0,0.0,0.0,0.0
4736,US,US,ELEC5,MEDIC,6.63,0.0,0.0,0.0,0.0,0.0
2054,US,US,CERAM,NONME,6.63,0.0,0.0,0.0,0.0,0.0
10362,US,US,NATUR,SEACO,6.71,0.0,0.0,0.0,0.0,0.0
168,US,US,AIRTR,ELEC3,6.72,0.0,0.0,0.0,0.0,0.0
13675,US,US,REFIN,BITU1,6.73,0.0,0.0,0.0,0.0,0.0
2145,US,US,CEREA,RECRE,6.73,0.0,0.0,0.0,0.0,0.0
14974,US,US,SUBBI,GLASS,6.82,0.0,0.0,0.0,0.0,0.0
12920,US,US,PROCE,HEALT,6.82,0.0,0.0,0.0,0.0,0.0
3409,US,US,DIST1,CEREA,6.81,0.0,0.0,0.0,0.0,0.0
16840,US,US,WOOD2,ALUM1,6.81,0.0,0.0,0.0,0.0,0.0
14797,US,US,STEAM,PLAST,6.81,0.0,0.0,0.0,0.0,0.0
13521,US,US,RECRE,DISTR,6.81,0.0,0.0,0.0,0.0,0.0
15781,US,US,TRAN1,CERAM,6.81,0.0,0.0,0.0,0.0,0.0
12157,US,US,PLAS1,OFFIC,6.8,0.0,0.0,0.0,0.0,0.0
10126,US,US,NATU1,CONST,6.78,0.0,0.0,0.0,0.0,0.0
2589,US,US,COLLE,PULP5,6.78,0.0,0.0,0.0,0.0,0.0
16800,US,US,WOOD1,RAILW,6.78,0.0,0.0,0.0,0.0,0.0
3422,US,US,DIST1,DIST1,6.77,0.0,0.0,0.0,0.0,0.0
4157,US,US,ELEC1,NFERT,6.77,0.0,0.0,0.0,0.0,0.0
14157,US,US,RUBBE,POULT,6.76,0.0,0.0,0.0,0.0,0.0
14238,US,US,SALEM,DISTR,6.75,0.0,0.0,0.0,0.0,0.0
13608,US,US,RECRE,PULP5,6.75,0.0,0.0,0.0,0.0,0.0
4182,US,US,ELEC1,PROCE,6.75,0.0,0.0,0.0,0.0,0.0
11059,US,US,OILHA,PLAST,6.75,0.0,0.0,0.0,0.0,0.0
2649,US,US,COMPU,CEREA,6.74,0.0,0.0,0.0,0.0,0.0
3610,US,US,DISTR,INTER,6.74,0.0,0.0,0.0,0.0,0.0
15945,US,US,TRANS,EDUCA,6.74,0.0,0.0,0.0,0.0,0.0
16870,US,US,WOOD2,DIST1,7.08,0.0,0.0,0.0,0.0,0.0
12530,US,US,POSTT,LEATH,7.09,0.0,0.0,0.0,0.0,0.0
6759,US,US,FURNI,FOOD4,7.09,0.0,0.0,0.0,0.0,0.0
11318,US,US,PAPE1,RETAI,7.37,0.0,0.0,0.0,0.0,0.0
773,US,US,BASIC,ANTHR,7.41,0.0,0.0,0.0,0.0,0.0
16837,US,US,WOOD1,WOODW,7.4,0.0,0.0,0.0,0.0,0.0
14900,US,US,STONE,PAPER,7.4,0.0,0.0,0.0,0.0,0.0
14652,US,US,SEWAG,PLAS1,7.4,0.0,0.0,0.0,0.0,0.0
15479,US,US,TEXT2,BIOGA,7.39,0.0,0.0,0.0,0.0,0.0
9183,US,US,MEAT1,SEACO,7.38,0.0,0.0,0.0,0.0,0.0
8333,US,US,LANDT,CHEMI,7.38,0.0,0.0,0.0,0.0,0.0
12197,US,US,PLAS1,SEWAG,7.38,0.0,0.0,0.0,0.0,0.0
14656,US,US,SEWAG,POULT,7.37,0.0,0.0,0.0,0.0,0.0
6484,US,US,FOODW,MOTO1,7.37,0.0,0.0,0.0,0.0,0.0
9449,US,US,MEDIC,ELEC2,7.36,0.0,0.0,0.0,0.0,0.0
5666,US,US,FINAN,ELEC2,7.31,0.0,0.0,0.0,0.0,0.0
2923,US,US,CONST,REFI1,7.36,0.0,0.0,0.0,0.0,0.0
12963,US,US,PUBLI,COPP1,7.35,0.0,0.0,0.0,0.0,0.0
16894,US,US,WOOD2,FOUND,7.35,0.0,0.0,0.0,0.0,0.0
15061,US,US,SUGA1,MEAT4,7.35,0.0,0.0,0.0,0.0,0.0
3486,US,US,DIST1,OILSE,7.34,0.0,0.0,0.0,0.0,0.0
2615,US,US,COLLE,TEXTI,7.34,0.0,0.0,0.0,0.0,0.0
9656,US,US,MEMBE,NATU1,7.33,0.0,0.0,0.0,0.0,0.0
12036,US,US,PIGS9,RESEA,7.33,0.0,0.0,0.0,0.0,0.0
6453,US,US,FOODW,FOUND,7.33,0.0,0.0,0.0,0.0,0.0
14120,US,US,RUBBE,LUBRI,7.32,0.0,0.0,0.0,0.0,0.0
4501,US,US,ELEC3,SECO9,7.41,0.0,0.0,0.0,0.0,0.0
6429,US,US,FOODW,DIST1,7.41,0.0,0.0,0.0,0.0,0.0
12305,US,US,PLAS2,MEATC,7.42,0.0,0.0,0.0,0.0,0.0
12630,US,US,POULT,PROCE,7.43,0.0,0.0,0.0,0.0,0.0
16633,US,US,WHOLE,PIGS9,7.54,0.0,0.0,0.0,0.0,0.0
9709,US,US,MEMBE,TEXT2,7.52,0.0,0.0,0.0,0.0,0.0
7262,US,US,HEAVY,MEAT4,7.52,0.0,0.0,0.0,0.0,0.0
13184,US,US,RADIO,NATU1,7.52,0.0,0.0,0.0,0.0,0.0
2338,US,US,CHEMI,CHEMI,7.51,0.0,0.0,0.0,0.0,0.0
2051,US,US,CERAM,MOTO1,7.51,0.0,0.0,0.0,0.0,0.0
5874,US,US,FOOD2,CRUDE,7.51,0.0,0.0,0.0,0.0,0.0
10733,US,US,NONSP,GASDI,7.51,0.0,0.0,0.0,0.0,0.0
15458,US,US,TEXT1,TRANS,7.5,0.0,0.0,0.0,0.0,0.0
12129,US,US,PLAS1,IRONO,7.5,0.0,0.0,0.0,0.0,0.0
16266,US,US,WASTE,NONME,7.49,0.0,0.0,0.0,0.0,0.0
13251,US,US,RADIO,WOOD1,7.49,0.0,0.0,0.0,0.0,0.0
12038,US,US,PIGS9,SEACO,7.48,0.0,0.0,0.0,0.0,0.0
15103,US,US,SUGAR,FOODW,7.47,0.0,0.0,0.0,0.0,0.0
5104,US,US,ELEC8,FINAN,7.47,0.0,0.0,0.0,0.0,0.0
9795,US,US,MOTO1,INTER,7.47,0.0,0.0,0.0,0.0,0.0
16688,US,US,WOOD1,BEVER,7.46,0.0,0.0,0.0,0.0,0.0
4331,US,US,ELEC2,PLAS1,7.45,0.0,0.0,0.0,0.0,0.0
318,US,US,ALUM1,GLASS,7.45,0.0,0.0,0.0,0.0,0.0
6118,US,US,FOOD3,RETAI,7.45,0.0,0.0,0.0,0.0,0.0
13367,US,US,REALE,ELEC4,7.44,0.0,0.0,0.0,0.0,0.0
16482,US,US,WHITE,HEALT,7.32,0.0,0.0,0.0,0.0,0.0
5835,US,US,FISHF,REALE,7.31,0.0,0.0,0.0,0.0,0.0
1923,US,US,CEMEN,INERT,7.09,0.0,0.0,0.0,0.0,0.0
13461,US,US,REALE,SANDC,7.13,0.0,0.0,0.0,0.0,0.0
1883,US,US,CEMEN,COLLE,7.19,0.0,0.0,0.0,0.0,0.0
12784,US,US,PRINT,DIST1,7.18,0.0,0.0,0.0,0.0,0.0
2854,US,US,CONST,FORES,7.18,0.0,0.0,0.0,0.0,0.0
9035,US,US,MACHI,ELEC8,7.17,0.0,0.0,0.0,0.0,0.0
9113,US,US,MACHI,PUBLI,7.17,0.0,0.0,0.0,0.0,0.0
12306,US,US,PLAS2,MEATP,7.16,0.0,0.0,0.0,0.0,0.0
5380,US,US,ELECT,LIQUI,7.16,0.0,0.0,0.0,0.0,0.0
2952,US,US,CONST,WHEAT,7.14,0.0,0.0,0.0,0.0,0.0
3725,US,US,EDUCA,CRUDE,7.14,0.0,0.0,0.0,0.0,0.0
166,US,US,AIRTR,ELEC1,7.13,0.0,0.0,0.0,0.0,0.0
13911,US,US,RESEA,ELEC8,7.12,0.0,0.0,0.0,0.0,0.0
6173,US,US,FOOD4,DISTR,7.3,0.0,0.0,0.0,0.0,0.0
7443,US,US,HOTEL,OILSE,7.11,0.0,0.0,0.0,0.0,0.0
16711,US,US,WOOD1,DAIRY,7.11,0.0,0.0,0.0,0.0,0.0
5661,US,US,FINAN,DISTR,7.11,0.0,0.0,0.0,0.0,0.0
14438,US,US,SANDC,PRINT,7.11,0.0,0.0,0.0,0.0,0.0
2924,US,US,CONST,REFIN,7.11,0.0,0.0,0.0,0.0,0.0
6031,US,US,FOOD3,CROPS,7.1,0.0,0.0,0.0,0.0,0.0
9677,US,US,MEMBE,PLAST,7.09,0.0,0.0,0.0,0.0,0.0
13115,US,US,RADIO,CHEMI,7.09,0.0,0.0,0.0,0.0,0.0
13565,US,US,RECRE,LIQUE,7.09,0.0,0.0,0.0,0.0,0.0
14188,US,US,RUBBE,TEXT2,7.09,0.0,0.0,0.0,0.0,0.0
7392,US,US,HOTEL,FOOD2,7.19,0.0,0.0,0.0,0.0,0.0
13527,US,US,RECRE,ELEC3,7.19,0.0,0.0,0.0,0.0,0.0
2123,US,US,CEREA,MEATA,7.19,0.0,0.0,0.0,0.0,0.0
12604,US,US,POSTT,TRAN1,7.2,0.0,0.0,0.0,0.0,0.0
9263,US,US,MEAT4,SUPPO,7.3,0.0,0.0,0.0,0.0,0.0
7721,US,US,INERT,NATUR,7.29,0.0,0.0,0.0,0.0,0.0
16925,US,US,WOOD2,MOTO1,7.29,0.0,0.0,0.0,0.0,0.0
11831,US,US,PAPER,WOOD1,7.28,0.0,0.0,0.0,0.0,0.0
14949,US,US,SUBBI,CEMEN,7.27,0.0,0.0,0.0,0.0,0.0
6567,US,US,FORES,CEMEN,7.26,0.0,0.0,0.0,0.0,0.0
4907,US,US,ELEC6,PRINT,7.26,0.0,0.0,0.0,0.0,0.0
271,US,US,AIRTR,TRAN2,7.26,0.0,0.0,0.0,0.0,0.0
5484,US,US,FABRI,COKE1,7.24,0.0,0.0,0.0,0.0,0.0
14690,US,US,SEWAG,TRAN1,7.24,0.0,0.0,0.0,0.0,0.0
1442,US,US,BITUM,ANTHR,7.24,0.0,0.0,0.0,0.0,0.0
243,US,US,AIRTR,PUBLI,7.24,0.0,0.0,0.0,0.0,0.0
483,US,US,ANTHR,BEVER,7.22,0.0,0.0,0.0,0.0,0.0
10821,US,US,OFFIC,BIOGA,7.22,0.0,0.0,0.0,0.0,0.0
1581,US,US,BLAST,FOUND,7.22,0.0,0.0,0.0,0.0,0.0
2639,US,US,COMPU,BIOG1,7.21,0.0,0.0,0.0,0.0,0.0
5020,US,US,ELEC7,PAPER,7.21,0.0,0.0,0.0,0.0,0.0
16183,US,US,WASTE,BEVER,7.21,0.0,0.0,0.0,0.0,0.0
8018,US,US,INTER,FISH5,7.21,0.0,0.0,0.0,0.0,0.0
7868,US,US,INSUR,FOOD2,7.21,0.0,0.0,0.0,0.0,0.0
2858,US,US,CONST,GASWO,7.21,0.0,0.0,0.0,0.0,0.0
11648,US,US,PAPE4,SEWAG,6.63,0.0,0.0,0.0,0.0,0.0
277,US,US,AIRTR,WOOD1,6.61,0.0,0.0,0.0,0.0,0.0
12999,US,US,PUBLI,IRONO,6.61,0.0,0.0,0.0,0.0,0.0
1086,US,US,BIODI,PLAST,6.03,0.0,0.0,0.0,0.0,0.0
1959,US,US,CEMEN,PLAS1,6.07,0.0,0.0,0.0,0.0,0.0
13269,US,US,RAILW,INERT,6.07,0.0,0.0,0.0,0.0,0.0
15155,US,US,SUPPO,BIODI,6.07,0.0,0.0,0.0,0.0,0.0
12716,US,US,PRECI,CEMEN,6.07,0.0,0.0,0.0,0.0,0.0
3863,US,US,ELE11,CONST,6.06,0.0,0.0,0.0,0.0,0.0
1775,US,US,BUSIN,NUCLE,6.06,0.0,0.0,0.0,0.0,0.0
10091,US,US,NAPHT,PROCE,6.05,0.0,0.0,0.0,0.0,0.0
11114,US,US,OILSE,VEGE1,6.05,0.0,0.0,0.0,0.0,0.0
7642,US,US,INERT,BRICK,6.04,0.0,0.0,0.0,0.0,0.0
6943,US,US,GASDI,NATU1,6.03,0.0,0.0,0.0,0.0,0.0
699,US,US,AUXIL,PROCE,6.03,0.0,0.0,0.0,0.0,0.0
7838,US,US,INSUR,CHEMI,5.98,0.0,0.0,0.0,0.0,0.0
6084,US,US,FOOD3,MOTOR,6.02,0.0,0.0,0.0,0.0,0.0
9383,US,US,MEATP,MEMBE,6.02,0.0,0.0,0.0,0.0,0.0
301,US,US,ALUM1,DIST1,6.01,0.0,0.0,0.0,0.0,0.0
10682,US,US,NONME,SECO9,6.01,0.0,0.0,0.0,0.0,0.0
9886,US,US,MOTO1,WOOD2,6.0,0.0,0.0,0.0,0.0,0.0
4771,US,US,ELEC5,RADIO,6.0,0.0,0.0,0.0,0.0,0.0
5481,US,US,FABRI,CEREA,6.0,0.0,0.0,0.0,0.0,0.0
9269,US,US,MEAT4,WHOLE,5.99,0.0,0.0,0.0,0.0,0.0
14564,US,US,SEWAG,COLLE,5.99,0.0,0.0,0.0,0.0,0.0
5891,US,US,FOOD2,FABRI,5.99,0.0,0.0,0.0,0.0,0.0
13419,US,US,REALE,NATUR,6.07,0.0,0.0,0.0,0.0,0.0
1060,US,US,BIODI,MEAT4,6.08,0.0,0.0,0.0,0.0,0.0
12477,US,US,POSTT,COKIN,6.08,0.0,0.0,0.0,0.0,0.0
8570,US,US,LEADZ,RECRE,6.09,0.0,0.0,0.0,0.0,0.0
16615,US,US,WHOLE,NATU1,6.17,0.0,0.0,0.0,0.0,0.0
2259,US,US,CHEM1,OILHA,6.16,0.0,0.0,0.0,0.0,0.0
13058,US,US,PUBLI,SUGA1,6.16,0.0,0.0,0.0,0.0,0.0
10497,US,US,NONF1,PREC1,6.15,0.0,0.0,0.0,0.0,0.0
2073,US,US,CERAM,RETA1,6.15,0.0,0.0,0.0,0.0,0.0
9473,US,US,MEDIC,GLASS,6.14,0.0,0.0,0.0,0.0,0.0
15891,US,US,TRAN1,SECO9,6.14,0.0,0.0,0.0,0.0,0.0
8120,US,US,INTER,VEGE1,6.14,0.0,0.0,0.0,0.0,0.0
12574,US,US,POSTT,PROCE,6.14,0.0,0.0,0.0,0.0,0.0
949,US,US,BEVER,LANDT,6.14,0.0,0.0,0.0,0.0,0.0
14724,US,US,STEAM,CONST,6.14,0.0,0.0,0.0,0.0,0.0
6994,US,US,GASDI,SUGAR,6.13,0.0,0.0,0.0,0.0,0.0
9687,US,US,MEMBE,RAWMI,6.13,0.0,0.0,0.0,0.0,0.0
13785,US,US,RENTI,LIQUI,6.12,0.0,0.0,0.0,0.0,0.0
3892,US,US,ELE11,LANDT,6.12,0.0,0.0,0.0,0.0,0.0
7130,US,US,GLASS,SUGA1,6.11,0.0,0.0,0.0,0.0,0.0
12745,US,US,PRECI,RETA1,6.11,0.0,0.0,0.0,0.0,0.0
5954,US,US,FOOD2,PLAST,6.1,0.0,0.0,0.0,0.0,0.0
11224,US,US,PAPE1,ELEC2,6.1,0.0,0.0,0.0,0.0,0.0
1977,US,US,CEMEN,SALEM,6.09,0.0,0.0,0.0,0.0,0.0
7011,US,US,GASWO,BIOG1,6.09,0.0,0.0,0.0,0.0,0.0
15415,US,US,TEXT1,PFERT,5.99,0.0,0.0,0.0,0.0,0.0
16123,US,US,VEGET,INERT,5.98,0.0,0.0,0.0,0.0,0.0
8666,US,US,LIGNI,BIOG1,6.18,0.0,0.0,0.0,0.0,0.0
6769,US,US,FURNI,HEAVY,5.87,0.0,0.0,0.0,0.0,0.0
6871,US,US,GASDI,BEVER,5.9,0.0,0.0,0.0,0.0,0.0
2660,US,US,COMPU,CROPS,5.9,0.0,0.0,0.0,0.0,0.0
3560,US,US,DISTR,BITUM,5.9,0.0,0.0,0.0,0.0,0.0
11792,US,US,PAPER,PUBLI,5.89,0.0,0.0,0.0,0.0,0.0
7415,US,US,HOTEL,LEAD1,5.88,0.0,0.0,0.0,0.0,0.0
2197,US,US,CHEM1,ELEC4,5.88,0.0,0.0,0.0,0.0,0.0
2842,US,US,CONST,ELEC9,5.88,0.0,0.0,0.0,0.0,0.0
7257,US,US,HEAVY,LIQUE,5.88,0.0,0.0,0.0,0.0,0.0
1784,US,US,BUSIN,PARAF,5.88,0.0,0.0,0.0,0.0,0.0
1463,US,US,BITUM,COPP1,5.87,0.0,0.0,0.0,0.0,0.0
9721,US,US,MEMBE,WOOD1,5.87,0.0,0.0,0.0,0.0,0.0
10515,US,US,NONF1,WHOLE,5.98,0.0,0.0,0.0,0.0,0.0
15010,US,US,SUBBI,POULT,5.86,0.0,0.0,0.0,0.0,0.0
15467,US,US,TEXT1,WOODW,5.86,0.0,0.0,0.0,0.0,0.0
5794,US,US,FISH5,CHEM1,5.86,0.0,0.0,0.0,0.0,0.0
9635,US,US,MEMBE,IRONO,5.86,0.0,0.0,0.0,0.0,0.0
8387,US,US,LANDT,LEATH,5.86,0.0,0.0,0.0,0.0,0.0
15141,US,US,SUGAR,TEXT2,5.85,0.0,0.0,0.0,0.0,0.0
13685,US,US,REFIN,LUBRI,5.85,0.0,0.0,0.0,0.0,0.0
13033,US,US,PUBLI,PLAS1,5.85,0.0,0.0,0.0,0.0,0.0
16639,US,US,WHOLE,POULT,5.85,0.0,0.0,0.0,0.0,0.0
16565,US,US,WHOLE,CHEMI,5.84,0.0,0.0,0.0,0.0,0.0
2675,US,US,COMPU,ELEC8,5.91,0.0,0.0,0.0,0.0,0.0
12016,US,US,PIGS9,LEATH,5.91,0.0,0.0,0.0,0.0,0.0
9551,US,US,MEDIC,TEXT2,5.92,0.0,0.0,0.0,0.0,0.0
486,US,US,ANTHR,BIOGA,5.92,0.0,0.0,0.0,0.0,0.0
13237,US,US,RADIO,TEXT1,5.98,0.0,0.0,0.0,0.0,0.0
12695,US,US,PREC1,RUBBE,5.97,0.0,0.0,0.0,0.0,0.0
11270,US,US,PAPE1,MEATC,5.97,0.0,0.0,0.0,0.0,0.0
12151,US,US,PLAS1,NATUR,5.97,0.0,0.0,0.0,0.0,0.0
12632,US,US,POULT,REALE,5.97,0.0,0.0,0.0,0.0,0.0
4831,US,US,ELEC6,COMPU,5.96,0.0,0.0,0.0,0.0,0.0
2030,US,US,CERAM,ELECT,5.96,0.0,0.0,0.0,0.0,0.0
12396,US,US,PLAST,COPP1,5.96,0.0,0.0,0.0,0.0,0.0
9781,US,US,MOTO1,FOODW,5.95,0.0,0.0,0.0,0.0,0.0
8026,US,US,INTER,FURNI,5.94,0.0,0.0,0.0,0.0,0.0
4766,US,US,ELEC5,PREC1,5.94,0.0,0.0,0.0,0.0,0.0
15318,US,US,TEXT1,BEVER,5.94,0.0,0.0,0.0,0.0,0.0
11272,US,US,PAPE1,MEDIC,5.94,0.0,0.0,0.0,0.0,0.0
13404,US,US,REALE,LIQUE,5.94,0.0,0.0,0.0,0.0,0.0
10498,US,US,NONF1,PRINT,5.93,0.0,0.0,0.0,0.0,0.0
10103,US,US,NATU1,ANTHR,5.93,0.0,0.0,0.0,0.0,0.0
399,US,US,ALUMI,FABRI,5.93,0.0,0.0,0.0,0.0,0.0
4004,US,US,ELE12,HEALT,5.93,0.0,0.0,0.0,0.0,0.0
15929,US,US,TRANS,BIOG1,5.93,0.0,0.0,0.0,0.0,0.0
13055,US,US,PUBLI,SECO9,5.92,0.0,0.0,0.0,0.0,0.0
15931,US,US,TRANS,BITUM,5.92,0.0,0.0,0.0,0.0,0.0
8491,US,US,LEAD1,HOTEL,6.18,0.0,0.0,0.0,0.0,0.0
11608,US,US,PAPE4,OFFIC,6.18,0.0,0.0,0.0,0.0,0.0
10307,US,US,NATUR,LUBRI,6.61,0.0,0.0,0.0,0.0,0.0
472,US,US,ANIMA,SEACO,6.46,0.0,0.0,0.0,0.0,0.0
4568,US,US,ELEC4,FURNI,6.51,0.0,0.0,0.0,0.0,0.0
15317,US,US,TEXT1,BASIC,6.51,0.0,0.0,0.0,0.0,0.0
12448,US,US,PLAST,WEARI,6.51,0.0,0.0,0.0,0.0,0.0
10701,US,US,NONSP,AIRTR,6.51,0.0,0.0,0.0,0.0,0.0
13020,US,US,PUBLI,NONF1,6.51,0.0,0.0,0.0,0.0,0.0
9092,US,US,MACHI,OILHA,6.51,0.0,0.0,0.0,0.0,0.0
8027,US,US,INTER,GASDI,6.49,0.0,0.0,0.0,0.0,0.0
12403,US,US,PLAST,FOUND,6.47,0.0,0.0,0.0,0.0,0.0
14064,US,US,RUBBE,COLLE,6.46,0.0,0.0,0.0,0.0,0.0
16604,US,US,WHOLE,LUBRI,6.46,0.0,0.0,0.0,0.0,0.0
6816,US,US,FURNI,PLAS2,6.46,0.0,0.0,0.0,0.0,0.0
3419,US,US,DIST1,CROPS,6.39,0.0,0.0,0.0,0.0,0.0
1676,US,US,BUSIN,ANIMA,6.46,0.0,0.0,0.0,0.0,0.0
3488,US,US,DIST1,PAPE1,6.46,0.0,0.0,0.0,0.0,0.0
8480,US,US,LEAD1,CHEM1,6.45,0.0,0.0,0.0,0.0,0.0
4526,US,US,ELEC4,AIRTR,6.45,0.0,0.0,0.0,0.0,0.0
6378,US,US,FOOD5,SALEM,6.45,0.0,0.0,0.0,0.0,0.0
9311,US,US,MEATC,MEATP,6.44,0.0,0.0,0.0,0.0,0.0
15662,US,US,TEXTI,FISHF,6.43,0.0,0.0,0.0,0.0,0.0
13998,US,US,RESEA,STEAM,6.41,0.0,0.0,0.0,0.0,0.0
14346,US,US,SALEM,TEXT1,6.41,0.0,0.0,0.0,0.0,0.0
9327,US,US,MEATC,PROCE,6.41,0.0,0.0,0.0,0.0,0.0
5064,US,US,ELEC7,WHOLE,6.52,0.0,0.0,0.0,0.0,0.0
7121,US,US,GLASS,RETA1,6.52,0.0,0.0,0.0,0.0,0.0
15077,US,US,SUGA1,RESEA,6.52,0.0,0.0,0.0,0.0,0.0
3550,US,US,DISTR,ANIMA,6.52,0.0,0.0,0.0,0.0,0.0
16681,US,US,WOOD1,AIRTR,6.61,0.0,0.0,0.0,0.0,0.0
7908,US,US,INSUR,NATU1,6.61,0.0,0.0,0.0,0.0,0.0
9194,US,US,MEAT4,BEVER,6.61,0.0,0.0,0.0,0.0,0.0
9345,US,US,MEATC,WHOLE,6.61,0.0,0.0,0.0,0.0,0.0
15023,US,US,SUBBI,RUBBE,6.6,0.0,0.0,0.0,0.0,0.0
13570,US,US,RECRE,MEAT4,6.6,0.0,0.0,0.0,0.0,0.0
16400,US,US,WHEAT,CATTL,6.6,0.0,0.0,0.0,0.0,0.0
14904,US,US,STONE,PIGS9,6.59,0.0,0.0,0.0,0.0,0.0
4458,US,US,ELEC3,NFERT,6.59,0.0,0.0,0.0,0.0,0.0
1300,US,US,BIOGA,MEDIC,6.58,0.0,0.0,0.0,0.0,0.0
8421,US,US,LANDT,PIGS9,6.58,0.0,0.0,0.0,0.0,0.0
12643,US,US,PREC1,BITU1,6.58,0.0,0.0,0.0,0.0,0.0
1844,US,US,CATTL,CROPS,6.55,0.0,0.0,0.0,0.0,0.0
15548,US,US,TEXT2,MEAT1,6.54,0.0,0.0,0.0,0.0,0.0
7750,US,US,INERT,PULP5,6.54,0.0,0.0,0.0,0.0,0.0
5845,US,US,FOOD2,93197,6.54,0.0,0.0,0.0,0.0,0.0
11394,US,US,PAPE3,ELECT,6.54,0.0,0.0,0.0,0.0,0.0
15486,US,US,TEXT2,CEMEN,6.54,0.0,0.0,0.0,0.0,0.0
4483,US,US,ELEC3,PROCE,6.53,0.0,0.0,0.0,0.0,0.0
6961,US,US,GASDI,PIGS9,6.53,0.0,0.0,0.0,0.0,0.0
14645,US,US,SEWAG,PAPE4,6.53,0.0,0.0,0.0,0.0,0.0
7555,US,US,HYDRO,HEAVY,6.41,0.0,0.0,0.0,0.0,0.0
7016,US,US,GASWO,DISTR,6.38,0.0,0.0,0.0,0.0,0.0
6866,US,US,GASDI,ANIMA,6.18,0.0,0.0,0.0,0.0,0.0
3681,US,US,DISTR,SUGA1,6.23,0.0,0.0,0.0,0.0,0.0
12254,US,US,PLAS2,DISTR,6.28,0.0,0.0,0.0,0.0,0.0
10434,US,US,NFERT,RUBBE,6.28,0.0,0.0,0.0,0.0,0.0
9062,US,US,MACHI,KERO1,6.26,0.0,0.0,0.0,0.0,0.0
12001,US,US,PIGS9,DAIRY,6.26,0.0,0.0,0.0,0.0,0.0
14632,US,US,SEWAG,NATU1,6.26,0.0,0.0,0.0,0.0,0.0
10997,US,US,OILHA,FABRI,6.26,0.0,0.0,0.0,0.0,0.0
11933,US,US,PFERT,MOTO1,6.25,0.0,0.0,0.0,0.0,0.0
16603,US,US,WHOLE,LIQUI,6.25,0.0,0.0,0.0,0.0,0.0
5971,US,US,FOOD2,RESEA,6.25,0.0,0.0,0.0,0.0,0.0
7930,US,US,INSUR,PUBLI,6.24,0.0,0.0,0.0,0.0,0.0
120,US,US,93197,TEXT2,6.22,0.0,0.0,0.0,0.0,0.0
14822,US,US,STEAM,SUPPO,6.38,0.0,0.0,0.0,0.0,0.0
9891,US,US,MOTOR,ANIMA,6.22,0.0,0.0,0.0,0.0,0.0
833,US,US,BASIC,INERT,6.22,0.0,0.0,0.0,0.0,0.0
15395,US,US,TEXT1,MEMBE,6.21,0.0,0.0,0.0,0.0,0.0
15944,US,US,TRANS,DISTR,6.21,0.0,0.0,0.0,0.0,0.0
11807,US,US,PAPER,SANDC,6.21,0.0,0.0,0.0,0.0,0.0
3821,US,US,EDUCA,SEWAG,6.2,0.0,0.0,0.0,0.0,0.0
3924,US,US,ELE11,PLAST,6.2,0.0,0.0,0.0,0.0,0.0
1687,US,US,BUSIN,BLAST,6.19,0.0,0.0,0.0,0.0,0.0
10014,US,US,MOTOR,REFI1,6.19,0.0,0.0,0.0,0.0,0.0
13635,US,US,RECRE,TOBAC,6.19,0.0,0.0,0.0,0.0,0.0
6740,US,US,FURNI,DAIRY,6.28,0.0,0.0,0.0,0.0,0.0
14937,US,US,SUBBI,ALUM1,6.29,0.0,0.0,0.0,0.0,0.0
15896,US,US,TRAN1,SUGAR,6.29,0.0,0.0,0.0,0.0,0.0
10252,US,US,NATUR,COKE1,6.29,0.0,0.0,0.0,0.0,0.0
1332,US,US,BIOGA,RADIO,6.37,0.0,0.0,0.0,0.0,0.0
7875,US,US,INSUR,GASDI,6.37,0.0,0.0,0.0,0.0,0.0
17054,US,US,WOODW,LEAD1,6.36,0.0,0.0,0.0,0.0,0.0
8048,US,US,INTER,MACHI,6.36,0.0,0.0,0.0,0.0,0.0
500,US,US,ANTHR,DAIRY,6.35,0.0,0.0,0.0,0.0,0.0
8678,US,US,LIGNI,DISTR,6.35,0.0,0.0,0.0,0.0,0.0
6918,US,US,GASDI,INERT,6.35,0.0,0.0,0.0,0.0,0.0
11556,US,US,PAPE4,ELECT,6.35,0.0,0.0,0.0,0.0,0.0
1048,US,US,BIODI,IRONO,6.35,0.0,0.0,0.0,0.0,0.0
15528,US,US,TEXT2,GLASS,6.35,0.0,0.0,0.0,0.0,0.0
5623,US,US,FABRI,WOOD1,6.34,0.0,0.0,0.0,0.0,0.0
1500,US,US,BITUM,MEAT1,6.34,0.0,0.0,0.0,0.0,0.0
14003,US,US,RESEA,TEXT1,6.34,0.0,0.0,0.0,0.0,0.0
8469,US,US,LANDT,WOOD1,6.32,0.0,0.0,0.0,0.0,0.0
11446,US,US,PAPE3,OFFIC,6.32,0.0,0.0,0.0,0.0,0.0
4913,US,US,ELEC6,RAWMI,6.32,0.0,0.0,0.0,0.0,0.0
10774,US,US,NONSP,SEACO,6.32,0.0,0.0,0.0,0.0,0.0
1788,US,US,BUSIN,PLANT,6.32,0.0,0.0,0.0,0.0,0.0
12977,US,US,PUBLI,ELECT,6.31,0.0,0.0,0.0,0.0,0.0
1304,US,US,BIOGA,NAPHT,6.3,0.0,0.0,0.0,0.0,0.0
140,US,US,AIRTR,BIODI,6.3,0.0,0.0,0.0,0.0,0.0
2391,US,US,CHEMI,PAPER,7.54,0.0,0.0,0.0,0.0,0.0
2953,US,US,CONST,WHITE,7.54,0.0,0.0,0.0,0.0,0.0
9467,US,US,MEDIC,FOODW,7.55,0.0,0.0,0.0,0.0,0.0
5958,US,US,FOOD2,PRINT,8.88,0.0,0.0,0.0,0.0,0.0
13622,US,US,RECRE,SANDC,8.93,0.0,0.0,0.0,0.0,0.0
15436,US,US,TEXT1,RENTI,8.92,0.0,0.0,0.0,0.0,0.0
1147,US,US,BIOG1,CROPS,8.92,0.0,0.0,0.0,0.0,0.0
1425,US,US,BITU1,PETRO,8.91,0.0,0.0,0.0,0.0,0.0
855,US,US,BASIC,MOTO1,8.91,0.0,0.0,0.0,0.0,0.0
10503,US,US,NONF1,RENTI,8.9,0.0,0.0,0.0,0.0,0.0
264,US,US,AIRTR,SUGA1,8.9,0.0,0.0,0.0,0.0,0.0
10230,US,US,NATUR,93197,8.9,0.0,0.0,0.0,0.0,0.0
12936,US,US,PROCE,SUGA1,8.9,0.0,0.0,0.0,0.0,0.0
13011,US,US,PUBLI,MEATC,8.88,0.0,0.0,0.0,0.0,0.0
15306,US,US,SUPPO,WOOD1,8.84,0.0,0.0,0.0,0.0,0.0
5164,US,US,ELEC8,POSTT,8.76,0.0,0.0,0.0,0.0,0.0
6039,US,US,FOOD3,ELEC1,8.84,0.0,0.0,0.0,0.0,0.0
16024,US,US,VEGE1,CATTL,8.84,0.0,0.0,0.0,0.0,0.0
13127,US,US,RADIO,DISTR,8.79,0.0,0.0,0.0,0.0,0.0
2654,US,US,COMPU,COKIN,8.79,0.0,0.0,0.0,0.0,0.0
11245,US,US,PAPE1,GASDI,8.79,0.0,0.0,0.0,0.0,0.0
13657,US,US,REFI1,LIQUE,8.79,0.0,0.0,0.0,0.0,0.0
15908,US,US,TRAN1,WHEAT,8.79,0.0,0.0,0.0,0.0,0.0
7292,US,US,HEAVY,POSTT,8.78,0.0,0.0,0.0,0.0,0.0
7699,US,US,INERT,IRONO,8.78,0.0,0.0,0.0,0.0,0.0
14557,US,US,SEWAG,CERAM,8.78,0.0,0.0,0.0,0.0,0.0
12353,US,US,PLAS2,RETAI,8.94,0.0,0.0,0.0,0.0,0.0
14551,US,US,SEWAG,BITUM,8.94,0.0,0.0,0.0,0.0,0.0
5769,US,US,FINAN,SUBBI,8.94,0.0,0.0,0.0,0.0,0.0
12008,US,US,PIGS9,FORES,8.95,0.0,0.0,0.0,0.0,0.0
8952,US,US,LUBRI,PRECI,9.12,0.0,0.0,0.0,0.0,0.0
6837,US,US,FURNI,SALEM,9.12,0.0,0.0,0.0,0.0,0.0
1238,US,US,BIOGA,CEMEN,9.1,0.0,0.0,0.0,0.0,0.0
9623,US,US,MEMBE,FURNI,9.09,0.0,0.0,0.0,0.0,0.0
6808,US,US,FURNI,PAPE3,9.08,0.0,0.0,0.0,0.0,0.0
3819,US,US,EDUCA,SEACO,9.06,0.0,0.0,0.0,0.0,0.0
5454,US,US,ELECT,WEARI,9.05,0.0,0.0,0.0,0.0,0.0
856,US,US,BASIC,MOTOR,9.05,0.0,0.0,0.0,0.0,0.0
8552,US,US,LEADZ,MEAT4,9.05,0.0,0.0,0.0,0.0,0.0
14095,US,US,RUBBE,FOODW,9.05,0.0,0.0,0.0,0.0,0.0
1122,US,US,BIODI,TRANS,9.04,0.0,0.0,0.0,0.0,0.0
15750,US,US,TEXTI,VEGET,9.03,0.0,0.0,0.0,0.0,0.0
16597,US,US,WHOLE,KEROS,9.01,0.0,0.0,0.0,0.0,0.0
14678,US,US,SEWAG,SECO9,9.0,0.0,0.0,0.0,0.0,0.0
8406,US,US,LANDT,NONF1,8.99,0.0,0.0,0.0,0.0,0.0
15499,US,US,TEXT2,DAIRY,8.99,0.0,0.0,0.0,0.0,0.0
7001,US,US,GASDI,TRANS,8.98,0.0,0.0,0.0,0.0,0.0
7300,US,US,HEAVY,RADIO,8.98,0.0,0.0,0.0,0.0,0.0
14030,US,US,RETA1,SALEM,8.97,0.0,0.0,0.0,0.0,0.0
15677,US,US,TEXTI,INLAN,8.96,0.0,0.0,0.0,0.0,0.0
6022,US,US,FOOD3,CEREA,8.95,0.0,0.0,0.0,0.0,0.0
4811,US,US,ELEC6,ALUM1,8.77,0.0,0.0,0.0,0.0,0.0
10151,US,US,NATU1,FOOD5,8.76,0.0,0.0,0.0,0.0,0.0
9195,US,US,MEAT4,BIODI,9.13,0.0,0.0,0.0,0.0,0.0
13499,US,US,RECRE,BIOGA,8.58,0.0,0.0,0.0,0.0,0.0
13089,US,US,PULP5,RESEA,8.64,0.0,0.0,0.0,0.0,0.0
14297,US,US,SALEM,NFERT,8.64,0.0,0.0,0.0,0.0,0.0
5371,US,US,ELECT,INTER,8.64,0.0,0.0,0.0,0.0,0.0
13627,US,US,RECRE,STONE,8.64,0.0,0.0,0.0,0.0,0.0
16235,US,US,WASTE,GLASS,8.63,0.0,0.0,0.0,0.0,0.0
15892,US,US,TRAN1,SEWAG,8.63,0.0,0.0,0.0,0.0,0.0
220,US,US,AIRTR,NATU1,8.62,0.0,0.0,0.0,0.0,0.0
5542,US,US,FABRI,LIQUI,8.6,0.0,0.0,0.0,0.0,0.0
16919,US,US,WOOD2,MEAT4,8.6,0.0,0.0,0.0,0.0,0.0
10761,US,US,NONSP,PFERT,8.59,0.0,0.0,0.0,0.0,0.0
12310,US,US,PLAS2,MOTOR,8.57,0.0,0.0,0.0,0.0,0.0
2354,US,US,CHEMI,FURNI,8.76,0.0,0.0,0.0,0.0,0.0
4668,US,US,ELEC5,AIRTR,8.56,0.0,0.0,0.0,0.0,0.0
14055,US,US,RUBBE,CATTL,8.56,0.0,0.0,0.0,0.0,0.0
4088,US,US,ELEC1,BIODI,8.56,0.0,0.0,0.0,0.0,0.0
12989,US,US,PUBLI,GASDI,8.55,0.0,0.0,0.0,0.0,0.0
6224,US,US,FOOD4,MEATC,8.54,0.0,0.0,0.0,0.0,0.0
14606,US,US,SEWAG,INERT,8.53,0.0,0.0,0.0,0.0,0.0
9504,US,US,MEDIC,NONF1,8.52,0.0,0.0,0.0,0.0,0.0
4987,US,US,ELEC7,HOTEL,8.52,0.0,0.0,0.0,0.0,0.0
6226,US,US,FOOD4,MEDIC,8.52,0.0,0.0,0.0,0.0,0.0
5509,US,US,FABRI,ETHAN,8.52,0.0,0.0,0.0,0.0,0.0
9809,US,US,MOTO1,MEAT4,8.65,0.0,0.0,0.0,0.0,0.0
6809,US,US,FURNI,PAPE4,8.65,0.0,0.0,0.0,0.0,0.0
11543,US,US,PAPE4,DISTR,8.65,0.0,0.0,0.0,0.0,0.0
4162,US,US,ELEC1,OFFIC,8.66,0.0,0.0,0.0,0.0,0.0
8118,US,US,INTER,TRAN2,8.75,0.0,0.0,0.0,0.0,0.0
778,US,US,BASIC,BIODI,8.75,0.0,0.0,0.0,0.0,0.0
6178,US,US,FOOD4,ELEC2,8.74,0.0,0.0,0.0,0.0,0.0
7201,US,US,HEAVY,CEMEN,8.73,0.0,0.0,0.0,0.0,0.0
7767,US,US,INERT,SEWAG,8.72,0.0,0.0,0.0,0.0,0.0
6781,US,US,FURNI,LEATH,8.72,0.0,0.0,0.0,0.0,0.0
9645,US,US,MEMBE,MACHI,8.72,0.0,0.0,0.0,0.0,0.0
6017,US,US,FOOD3,BRICK,8.71,0.0,0.0,0.0,0.0,0.0
10611,US,US,NONME,FOOD5,8.71,0.0,0.0,0.0,0.0,0.0
3205,US,US,CRUDE,CATTL,8.71,0.0,0.0,0.0,0.0,0.0
13368,US,US,REALE,ELEC5,8.7,0.0,0.0,0.0,0.0,0.0
13526,US,US,RECRE,ELEC2,8.7,0.0,0.0,0.0,0.0,0.0
15590,US,US,TEXT2,RAILW,8.7,0.0,0.0,0.0,0.0,0.0
15454,US,US,TEXT1,TEXTI,8.7,0.0,0.0,0.0,0.0,0.0
13891,US,US,RESEA,COKIN,8.69,0.0,0.0,0.0,0.0,0.0
4285,US,US,ELEC2,INERT,8.69,0.0,0.0,0.0,0.0,0.0
327,US,US,ALUM1,LEAD1,8.68,0.0,0.0,0.0,0.0,0.0
7969,US,US,INTER,ALUM1,8.68,0.0,0.0,0.0,0.0,0.0
11381,US,US,PAPE3,DISTR,8.68,0.0,0.0,0.0,0.0,0.0
15802,US,US,TRAN1,ELECT,8.67,0.0,0.0,0.0,0.0,0.0
10779,US,US,NONSP,SUPPO,8.66,0.0,0.0,0.0,0.0,0.0
753,US,US,AVIAT,LIQUE,9.13,0.0,0.0,0.0,0.0,0.0
7194,US,US,HEAVY,BIOGA,9.13,0.0,0.0,0.0,0.0,0.0
13328,US,US,REALE,ALUM1,8.51,0.0,0.0,0.0,0.0,0.0
16828,US,US,WOOD1,TRANS,9.5,0.0,0.0,0.0,0.0,0.0
14641,US,US,SEWAG,OILSE,9.53,0.0,0.0,0.0,0.0,0.0
12092,US,US,PLAS1,DISTR,9.52,0.0,0.0,0.0,0.0,0.0
202,US,US,AIRTR,KEROS,9.52,0.0,0.0,0.0,0.0,0.0
9921,US,US,MOTOR,DISTR,9.52,0.0,0.0,0.0,0.0,0.0
289,US,US,ALUM1,BRICK,9.52,0.0,0.0,0.0,0.0,0.0
11496,US,US,PAPE3,TOBAC,9.51,0.0,0.0,0.0,0.0,0.0
11658,US,US,PAPE4,TOBAC,9.51,0.0,0.0,0.0,0.0,0.0
15476,US,US,TEXT2,BEVER,9.51,0.0,0.0,0.0,0.0,0.0
9481,US,US,MEDIC,INTER,9.51,0.0,0.0,0.0,0.0,0.0
12703,US,US,PREC1,TRANS,9.5,0.0,0.0,0.0,0.0,0.0
11340,US,US,PAPE1,WEARI,9.49,0.0,0.0,0.0,0.0,0.0
5831,US,US,FISHF,MEMBE,9.4,0.0,0.0,0.0,0.0,0.0
3962,US,US,ELE11,WHOLE,9.46,0.0,0.0,0.0,0.0,0.0
10711,US,US,NONSP,CHEM1,9.45,0.0,0.0,0.0,0.0,0.0
11632,US,US,PAPE4,RADIO,9.44,0.0,0.0,0.0,0.0,0.0
14131,US,US,RUBBE,NAPHT,9.44,0.0,0.0,0.0,0.0,0.0
4309,US,US,ELEC2,MOTOR,9.44,0.0,0.0,0.0,0.0,0.0
15109,US,US,SUGAR,INTER,9.43,0.0,0.0,0.0,0.0,0.0
13042,US,US,PUBLI,RADIO,9.42,0.0,0.0,0.0,0.0,0.0
10664,US,US,NONME,PRINT,9.42,0.0,0.0,0.0,0.0,0.0
4205,US,US,ELEC1,SUGAR,9.42,0.0,0.0,0.0,0.0,0.0
1276,US,US,BIOGA,GLASS,9.41,0.0,0.0,0.0,0.0,0.0
2577,US,US,COLLE,PFERT,9.53,0.0,0.0,0.0,0.0,0.0
13132,US,US,RADIO,ELEC2,9.53,0.0,0.0,0.0,0.0,0.0
133,US,US,AIRTR,AIRTR,9.54,0.0,0.0,0.0,0.0,0.0
4304,US,US,ELEC2,MEATC,9.54,0.0,0.0,0.0,0.0,0.0
393,US,US,ALUMI,CERAM,9.64,0.0,0.0,0.0,0.0,0.0
16326,US,US,WASTE,WOODW,9.62,0.0,0.0,0.0,0.0,0.0
876,US,US,BASIC,PFERT,9.62,0.0,0.0,0.0,0.0,0.0
15840,US,US,TRAN1,MEATP,9.61,0.0,0.0,0.0,0.0,0.0
4279,US,US,ELEC2,GASDI,9.61,0.0,0.0,0.0,0.0,0.0
10433,US,US,NFERT,RECRE,9.61,0.0,0.0,0.0,0.0,0.0
11595,US,US,PAPE4,MEATP,9.61,0.0,0.0,0.0,0.0,0.0
9679,US,US,MEMBE,POULT,9.6,0.0,0.0,0.0,0.0,0.0
9620,US,US,MEMBE,FOODW,9.6,0.0,0.0,0.0,0.0,0.0
13238,US,US,RADIO,TEXT2,9.6,0.0,0.0,0.0,0.0,0.0
6229,US,US,FOOD4,MOTOR,9.57,0.0,0.0,0.0,0.0,0.0
14895,US,US,STONE,OILSE,9.56,0.0,0.0,0.0,0.0,0.0
14960,US,US,SUBBI,DAIRY,9.56,0.0,0.0,0.0,0.0,0.0
16453,US,US,WHITE,BUSIN,9.56,0.0,0.0,0.0,0.0,0.0
446,US,US,ANIMA,CHEM1,9.56,0.0,0.0,0.0,0.0,0.0
14931,US,US,STONE,WHEAT,9.55,0.0,0.0,0.0,0.0,0.0
16222,US,US,WASTE,FABRI,9.55,0.0,0.0,0.0,0.0,0.0
1567,US,US,BLAST,CRUDE,9.55,0.0,0.0,0.0,0.0,0.0
15575,US,US,TEXT2,PFERT,9.55,0.0,0.0,0.0,0.0,0.0
16849,US,US,WOOD2,BIOGA,9.54,0.0,0.0,0.0,0.0,0.0
5604,US,US,FABRI,STEAM,9.54,0.0,0.0,0.0,0.0,0.0
13817,US,US,RENTI,PIGS9,9.41,0.0,0.0,0.0,0.0,0.0
10631,US,US,NONME,LIQUE,9.39,0.0,0.0,0.0,0.0,0.0
16497,US,US,WHITE,MOTOR,9.14,0.0,0.0,0.0,0.0,0.0
10447,US,US,NONF1,BIOGA,9.19,0.0,0.0,0.0,0.0,0.0
2044,US,US,CERAM,IRONO,9.22,0.0,0.0,0.0,0.0,0.0
3088,US,US,CROPS,ANIMA,9.21,0.0,0.0,0.0,0.0,0.0
7583,US,US,HYDRO,NONFE,9.21,0.0,0.0,0.0,0.0,0.0
9992,US,US,MOTOR,PAPE4,9.2,0.0,0.0,0.0,0.0,0.0
4800,US,US,ELEC5,VEGE1,9.2,0.0,0.0,0.0,0.0,0.0
8025,US,US,INTER,FOUND,9.2,0.0,0.0,0.0,0.0,0.0
468,US,US,ANIMA,RAWMI,9.2,0.0,0.0,0.0,0.0,0.0
3977,US,US,ELE12,BUSIN,9.2,0.0,0.0,0.0,0.0,0.0
6840,US,US,FURNI,SECO9,9.2,0.0,0.0,0.0,0.0,0.0
3438,US,US,DIST1,FOOD4,9.19,0.0,0.0,0.0,0.0,0.0
16182,US,US,WASTE,BASIC,9.18,0.0,0.0,0.0,0.0,0.0
4321,US,US,ELEC2,PADDY,9.37,0.0,0.0,0.0,0.0,0.0
5707,US,US,FINAN,LIQUE,9.18,0.0,0.0,0.0,0.0,0.0
9579,US,US,MEMBE,BITUM,9.17,0.0,0.0,0.0,0.0,0.0
14657,US,US,SEWAG,PREC1,9.17,0.0,0.0,0.0,0.0,0.0
1556,US,US,BITUM,VEGE1,9.15,0.0,0.0,0.0,0.0,0.0
6065,US,US,FOOD3,IRONO,9.15,0.0,0.0,0.0,0.0,0.0
14201,US,US,RUBBE,WOOD2,9.15,0.0,0.0,0.0,0.0,0.0
10346,US,US,NATUR,PROCE,9.15,0.0,0.0,0.0,0.0,0.0
2499,US,US,COLLE,COMPU,9.14,0.0,0.0,0.0,0.0,0.0
16318,US,US,WASTE,TRANS,9.14,0.0,0.0,0.0,0.0,0.0
3644,US,US,DISTR,PAPE1,9.14,0.0,0.0,0.0,0.0,0.0
15639,US,US,TEXTI,BITUM,9.24,0.0,0.0,0.0,0.0,0.0
12044,US,US,PIGS9,VEGE1,9.24,0.0,0.0,0.0,0.0,0.0
2590,US,US,COLLE,RADIO,9.26,0.0,0.0,0.0,0.0,0.0
629,US,US,AUXIL,FOOD2,9.27,0.0,0.0,0.0,0.0,0.0
10356,US,US,NATUR,RESEA,9.36,0.0,0.0,0.0,0.0,0.0
15627,US,US,TEXT2,WOODW,9.36,0.0,0.0,0.0,0.0,0.0
2723,US,US,COMPU,NAPHT,9.35,0.0,0.0,0.0,0.0,0.0
4431,US,US,ELEC3,INLAN,9.35,0.0,0.0,0.0,0.0,0.0
9725,US,US,MOTO1,AIRTR,9.35,0.0,0.0,0.0,0.0,0.0
6408,US,US,FOODW,BIOGA,9.33,0.0,0.0,0.0,0.0,0.0
3677,US,US,DISTR,SECO9,9.33,0.0,0.0,0.0,0.0,0.0
13411,US,US,REALE,MEATC,9.32,0.0,0.0,0.0,0.0,0.0
8000,US,US,INTER,DIST1,9.32,0.0,0.0,0.0,0.0,0.0
11818,US,US,PAPER,TEXT2,9.32,0.0,0.0,0.0,0.0,0.0
8056,US,US,INTER,MOTO1,9.32,0.0,0.0,0.0,0.0,0.0
8166,US,US,IRONO,LIGNI,9.32,0.0,0.0,0.0,0.0,0.0
51,US,US,93197,FURNI,9.32,0.0,0.0,0.0,0.0,0.0
4602,US,US,ELEC4,NONF1,9.31,0.0,0.0,0.0,0.0,0.0
6388,US,US,FOOD5,TEXTI,9.3,0.0,0.0,0.0,0.0,0.0
10972,US,US,OILHA,CHEM1,9.3,0.0,0.0,0.0,0.0,0.0
5776,US,US,FINAN,TOBAC,9.3,0.0,0.0,0.0,0.0,0.0
12840,US,US,PRINT,MOTOR,9.29,0.0,0.0,0.0,0.0,0.0
3388,US,US,DAIRY,WEARI,9.29,0.0,0.0,0.0,0.0,0.0
10381,US,US,NATUR,WHEAT,9.28,0.0,0.0,0.0,0.0,0.0
13586,US,US,RECRE,OFFIC,9.28,0.0,0.0,0.0,0.0,0.0
5985,US,US,FOOD2,SUPPO,8.52,0.0,0.0,0.0,0.0,0.0
10043,US,US,MOTOR,WHEAT,8.51,0.0,0.0,0.0,0.0,0.0
6004,US,US,FOOD3,ALUM1,7.55,0.0,0.0,0.0,0.0,0.0
6868,US,US,GASDI,AUXIL,7.91,0.0,0.0,0.0,0.0,0.0
4551,US,US,ELEC4,CROPS,7.96,0.0,0.0,0.0,0.0,0.0
1098,US,US,BIODI,RECRE,7.96,0.0,0.0,0.0,0.0,0.0
11244,US,US,PAPE1,FURNI,7.95,0.0,0.0,0.0,0.0,0.0
49,US,US,93197,FOODW,7.95,0.0,0.0,0.0,0.0,0.0
10767,US,US,NONSP,PUBLI,7.94,0.0,0.0,0.0,0.0,0.0
14015,US,US,RESEA,WOOD1,7.94,0.0,0.0,0.0,0.0,0.0
3951,US,US,ELE11,SUPPO,7.94,0.0,0.0,0.0,0.0,0.0
16239,US,US,WASTE,INLAN,7.92,0.0,0.0,0.0,0.0,0.0
3,US,US,93197,ALUM1,7.92,0.0,0.0,0.0,0.0,0.0
11281,US,US,PAPE1,NONME,7.92,0.0,0.0,0.0,0.0,0.0
6225,US,US,FOOD4,MEATP,7.9,0.0,0.0,0.0,0.0,0.0
4657,US,US,ELEC4,VEGE1,7.85,0.0,0.0,0.0,0.0,0.0
12048,US,US,PLANT,93197,7.9,0.0,0.0,0.0,0.0,0.0
4055,US,US,ELE12,RETA1,7.9,0.0,0.0,0.0,0.0,0.0
7326,US,US,HEAVY,TOBAC,7.9,0.0,0.0,0.0,0.0,0.0
8982,US,US,LUBRI,VEGE1,7.89,0.0,0.0,0.0,0.0,0.0
10337,US,US,NATUR,PIGS9,7.89,0.0,0.0,0.0,0.0,0.0
13818,US,US,RENTI,PLANT,7.89,0.0,0.0,0.0,0.0,0.0
16091,US,US,VEGE1,WEARI,7.87,0.0,0.0,0.0,0.0,0.0
10942,US,US,OFFIC,TRAN2,7.87,0.0,0.0,0.0,0.0,0.0
3261,US,US,CRUDE,MOTO1,7.86,0.0,0.0,0.0,0.0,0.0
9267,US,US,MEAT4,WEARI,7.86,0.0,0.0,0.0,0.0,0.0
13848,US,US,RENTI,SUBBI,7.96,0.0,0.0,0.0,0.0,0.0
2904,US,US,CONST,PETRO,7.97,0.0,0.0,0.0,0.0,0.0
3660,US,US,DISTR,PROCE,7.97,0.0,0.0,0.0,0.0,0.0
3635,US,US,DISTR,NFERT,7.97,0.0,0.0,0.0,0.0,0.0
10001,US,US,MOTOR,PLAST,8.05,0.0,0.0,0.0,0.0,0.0
15907,US,US,TRAN1,WEARI,8.05,0.0,0.0,0.0,0.0,0.0
9975,US,US,MOTOR,MEDIC,8.05,0.0,0.0,0.0,0.0,0.0
6288,US,US,FOOD4,TOBAC,8.04,0.0,0.0,0.0,0.0,0.0
130,US,US,93197,WOOD2,8.04,0.0,0.0,0.0,0.0,0.0
14359,US,US,SALEM,WOOD1,8.03,0.0,0.0,0.0,0.0,0.0
7129,US,US,GLASS,STONE,8.03,0.0,0.0,0.0,0.0,0.0
1320,US,US,BIOGA,PFERT,8.03,0.0,0.0,0.0,0.0,0.0
4710,US,US,ELEC5,FURNI,8.02,0.0,0.0,0.0,0.0,0.0
14162,US,US,RUBBE,PUBLI,8.02,0.0,0.0,0.0,0.0,0.0
15182,US,US,SUPPO,ELE11,8.01,0.0,0.0,0.0,0.0,0.0
6457,US,US,FOODW,GLASS,8.01,0.0,0.0,0.0,0.0,0.0
3119,US,US,CROPS,GASDI,8.01,0.0,0.0,0.0,0.0,0.0
13234,US,US,RADIO,SUGA1,8.0,0.0,0.0,0.0,0.0,0.0
7071,US,US,GLASS,INSUR,8.0,0.0,0.0,0.0,0.0,0.0
6304,US,US,FOOD5,ANIMA,8.0,0.0,0.0,0.0,0.0,0.0
8403,US,US,LANDT,NATU1,8.0,0.0,0.0,0.0,0.0,0.0
151,US,US,AIRTR,CHEMI,7.99,0.0,0.0,0.0,0.0,0.0
826,US,US,BASIC,GASDI,7.99,0.0,0.0,0.0,0.0,0.0
14887,US,US,STONE,MOTOR,7.99,0.0,0.0,0.0,0.0,0.0
5850,US,US,FOOD2,AUXIL,7.98,0.0,0.0,0.0,0.0,0.0
5865,US,US,FOOD2,CHEM1,7.85,0.0,0.0,0.0,0.0,0.0
12391,US,US,PLAST,CEMEN,7.85,0.0,0.0,0.0,0.0,0.0
2001,US,US,CERAM,BASIC,8.07,0.0,0.0,0.0,0.0,0.0
1314,US,US,BIOGA,PAPE1,7.59,0.0,0.0,0.0,0.0,0.0
4692,US,US,ELEC5,COPP1,7.65,0.0,0.0,0.0,0.0,0.0
3363,US,US,DAIRY,MEATC,7.65,0.0,0.0,0.0,0.0,0.0
17022,US,US,WOODW,CRUDE,7.65,0.0,0.0,0.0,0.0,0.0
4938,US,US,ELEC6,VEGET,7.64,0.0,0.0,0.0,0.0,0.0
5975,US,US,FOOD2,SALEM,7.63,0.0,0.0,0.0,0.0,0.0
15719,US,US,TEXTI,PREC1,7.63,0.0,0.0,0.0,0.0,0.0
9564,US,US,MEDIC,WOOD2,7.63,0.0,0.0,0.0,0.0,0.0
2865,US,US,CONST,INLAN,7.61,0.0,0.0,0.0,0.0,0.0
3338,US,US,DAIRY,BIOGA,7.61,0.0,0.0,0.0,0.0,0.0
10140,US,US,NATU1,ELEC4,7.59,0.0,0.0,0.0,0.0,0.0
11960,US,US,PFERT,PROCE,7.59,0.0,0.0,0.0,0.0,0.0
6262,US,US,FOOD4,RADIO,7.84,0.0,0.0,0.0,0.0,0.0
16664,US,US,WHOLE,SUPPO,7.59,0.0,0.0,0.0,0.0,0.0
1605,US,US,BRICK,ELECT,7.57,0.0,0.0,0.0,0.0,0.0
9942,US,US,MOTOR,FOOD4,7.57,0.0,0.0,0.0,0.0,0.0
1324,US,US,BIOGA,PLAST,7.57,0.0,0.0,0.0,0.0,0.0
16785,US,US,WOOD1,PFERT,7.57,0.0,0.0,0.0,0.0,0.0
12307,US,US,PLAS2,MEDIC,7.57,0.0,0.0,0.0,0.0,0.0
3847,US,US,ELE11,BASIC,7.56,0.0,0.0,0.0,0.0,0.0
6018,US,US,FOOD3,BUSIN,7.56,0.0,0.0,0.0,0.0,0.0
15145,US,US,SUGAR,WOOD2,7.56,0.0,0.0,0.0,0.0,0.0
12259,US,US,PLAS2,ELEC2,7.55,0.0,0.0,0.0,0.0,0.0
2425,US,US,CHEMI,WHEAT,7.66,0.0,0.0,0.0,0.0,0.0
15680,US,US,TEXTI,IRONO,7.66,0.0,0.0,0.0,0.0,0.0
14968,US,US,SUBBI,FISH5,7.66,0.0,0.0,0.0,0.0,0.0
13874,US,US,RESEA,AVIAT,7.68,0.0,0.0,0.0,0.0,0.0
6820,US,US,FURNI,PREC1,7.84,0.0,0.0,0.0,0.0,0.0
1628,US,US,BRICK,MEMBE,7.83,0.0,0.0,0.0,0.0,0.0
16765,US,US,WOOD1,MEMBE,7.83,0.0,0.0,0.0,0.0,0.0
6058,US,US,FOOD3,GASDI,7.81,0.0,0.0,0.0,0.0,0.0
4385,US,US,ELEC3,AUXIL,7.8,0.0,0.0,0.0,0.0,0.0
10903,US,US,OFFIC,PAPE1,7.8,0.0,0.0,0.0,0.0,0.0
5434,US,US,ELECT,SALEM,7.78,0.0,0.0,0.0,0.0,0.0
7953,US,US,INSUR,TEXTI,7.77,0.0,0.0,0.0,0.0,0.0
6947,US,US,GASDI,NONME,7.74,0.0,0.0,0.0,0.0,0.0
7384,US,US,HOTEL,ELEC8,7.74,0.0,0.0,0.0,0.0,0.0
9998,US,US,MOTOR,PLANT,7.73,0.0,0.0,0.0,0.0,0.0
13186,US,US,RADIO,NFERT,7.72,0.0,0.0,0.0,0.0,0.0
807,US,US,BASIC,ELEC1,7.72,0.0,0.0,0.0,0.0,0.0
12818,US,US,PRINT,INLAN,7.72,0.0,0.0,0.0,0.0,0.0
8349,US,US,LANDT,ELEC1,7.72,0.0,0.0,0.0,0.0,0.0
14665,US,US,SEWAG,RAWMI,7.71,0.0,0.0,0.0,0.0,0.0
15204,US,US,SUPPO,FORES,7.71,0.0,0.0,0.0,0.0,0.0
3031,US,US,COPP1,PRINT,7.71,0.0,0.0,0.0,0.0,0.0
4312,US,US,ELEC2,NATUR,7.7,0.0,0.0,0.0,0.0,0.0
10582,US,US,NONME,BITUM,7.7,0.0,0.0,0.0,0.0,0.0
4200,US,US,ELEC1,SECO9,7.68,0.0,0.0,0.0,0.0,0.0
8965,US,US,LUBRI,RETA1,8.07,0.0,0.0,0.0,0.0,0.0
8457,US,US,LANDT,TEXT2,8.07,0.0,0.0,0.0,0.0,0.0
11266,US,US,PAPE1,MACHI,8.5,0.0,0.0,0.0,0.0,0.0
9227,US,US,MEAT4,MEAT1,8.35,0.0,0.0,0.0,0.0,0.0
6415,US,US,FOODW,CEMEN,8.38,0.0,0.0,0.0,0.0,0.0
6079,US,US,FOOD3,MEATC,8.37,0.0,0.0,0.0,0.0,0.0
4542,US,US,ELEC4,CEREA,8.37,0.0,0.0,0.0,0.0,0.0
6477,US,US,FOODW,MEAT1,8.36,0.0,0.0,0.0,0.0,0.0
16617,US,US,WHOLE,NFERT,8.36,0.0,0.0,0.0,0.0,0.0
5465,US,US,FABRI,ANTHR,8.36,0.0,0.0,0.0,0.0,0.0
7442,US,US,HOTEL,OILHA,8.36,0.0,0.0,0.0,0.0,0.0
7461,US,US,HOTEL,PROCE,8.35,0.0,0.0,0.0,0.0,0.0
269,US,US,AIRTR,TOBAC,8.35,0.0,0.0,0.0,0.0,0.0
5096,US,US,ELEC8,DAIRY,8.35,0.0,0.0,0.0,0.0,0.0
7674,US,US,INERT,ELECT,8.35,0.0,0.0,0.0,0.0,0.0
9444,US,US,MEDIC,DISTR,8.31,0.0,0.0,0.0,0.0,0.0
11338,US,US,PAPE1,VEGE1,8.35,0.0,0.0,0.0,0.0,0.0
7125,US,US,GLASS,SANDC,8.34,0.0,0.0,0.0,0.0,0.0
15901,US,US,TRAN1,TOBAC,8.34,0.0,0.0,0.0,0.0,0.0
6716,US,US,FURNI,BEVER,8.33,0.0,0.0,0.0,0.0,0.0
2833,US,US,CONST,ELE12,8.33,0.0,0.0,0.0,0.0,0.0
11063,US,US,OILHA,PRINT,8.32,0.0,0.0,0.0,0.0,0.0
8615,US,US,LEATH,HOTEL,8.32,0.0,0.0,0.0,0.0,0.0
9469,US,US,MEDIC,FOUND,8.32,0.0,0.0,0.0,0.0,0.0
14117,US,US,RUBBE,LIGNI,8.32,0.0,0.0,0.0,0.0,0.0
9926,US,US,MOTOR,ELEC2,8.31,0.0,0.0,0.0,0.0,0.0
3498,US,US,DIST1,PLAS2,8.38,0.0,0.0,0.0,0.0,0.0
3495,US,US,DIST1,PIGS9,8.39,0.0,0.0,0.0,0.0,0.0
1417,US,US,BITU1,NAPHT,8.39,0.0,0.0,0.0,0.0,0.0
6478,US,US,FOODW,MEAT4,8.4,0.0,0.0,0.0,0.0,0.0
15440,US,US,TEXT1,RUBBE,8.5,0.0,0.0,0.0,0.0,0.0
10957,US,US,OILHA,AUXIL,8.49,0.0,0.0,0.0,0.0,0.0
7087,US,US,GLASS,MEMBE,8.49,0.0,0.0,0.0,0.0,0.0
5763,US,US,FINAN,SANDC,8.48,0.0,0.0,0.0,0.0,0.0
7109,US,US,GLASS,PREC1,8.48,0.0,0.0,0.0,0.0,0.0
9821,US,US,MOTO1,NONF1,8.48,0.0,0.0,0.0,0.0,0.0
267,US,US,AIRTR,TEXT2,8.47,0.0,0.0,0.0,0.0,0.0
4096,US,US,ELEC1,CERAM,8.47,0.0,0.0,0.0,0.0,0.0
15469,US,US,TEXT2,AIRTR,8.47,0.0,0.0,0.0,0.0,0.0
16918,US,US,WOOD2,MEAT1,8.45,0.0,0.0,0.0,0.0,0.0
16856,US,US,WOOD2,CEMEN,8.44,0.0,0.0,0.0,0.0,0.0
13503,US,US,RECRE,BRICK,8.44,0.0,0.0,0.0,0.0,0.0
10300,US,US,NATUR,KERO1,8.44,0.0,0.0,0.0,0.0,0.0
7915,US,US,INSUR,OILHA,8.44,0.0,0.0,0.0,0.0,0.0
2998,US,US,COPP1,HEALT,8.44,0.0,0.0,0.0,0.0,0.0
16176,US,US,WASTE,AIRTR,8.43,0.0,0.0,0.0,0.0,0.0
13335,US,US,REALE,BIODI,8.42,0.0,0.0,0.0,0.0,0.0
15865,US,US,TRAN1,PLANT,8.42,0.0,0.0,0.0,0.0,0.0
5198,US,US,ELEC8,TRANS,8.42,0.0,0.0,0.0,0.0,0.0
9968,US,US,MOTOR,LUBRI,8.42,0.0,0.0,0.0,0.0,0.0
109,US,US,93197,RETAI,8.4,0.0,0.0,0.0,0.0,0.0
3174,US,US,CROPS,SEWAG,8.31,0.0,0.0,0.0,0.0,0.0
10355,US,US,NATUR,RENTI,8.3,0.0,0.0,0.0,0.0,0.0
1037,US,US,BIODI,GASDI,8.07,0.0,0.0,0.0,0.0,0.0
4397,US,US,ELEC3,CERAM,8.14,0.0,0.0,0.0,0.0,0.0
16213,US,US,WASTE,ELEC2,8.19,0.0,0.0,0.0,0.0,0.0
10952,US,US,OILHA,93197,8.19,0.0,0.0,0.0,0.0,0.0
6337,US,US,FOOD5,LANDT,8.18,0.0,0.0,0.0,0.0,0.0
4588,US,US,ELEC4,MACHI,8.18,0.0,0.0,0.0,0.0,0.0
12624,US,US,POULT,LEATH,8.17,0.0,0.0,0.0,0.0,0.0
2063,US,US,CERAM,PLAST,8.16,0.0,0.0,0.0,0.0,0.0
13786,US,US,RENTI,LUBRI,8.16,0.0,0.0,0.0,0.0,0.0
5768,US,US,FINAN,STONE,8.16,0.0,0.0,0.0,0.0,0.0
7593,US,US,HYDRO,PLAST,8.16,0.0,0.0,0.0,0.0,0.0
7727,US,US,INERT,OFFIC,8.15,0.0,0.0,0.0,0.0,0.0
4773,US,US,ELEC5,RAWMI,8.13,0.0,0.0,0.0,0.0,0.0
10943,US,US,OFFIC,TRANS,8.3,0.0,0.0,0.0,0.0,0.0
5611,US,US,FABRI,TEXT2,8.12,0.0,0.0,0.0,0.0,0.0
8502,US,US,LEAD1,POSTT,8.11,0.0,0.0,0.0,0.0,0.0
13721,US,US,RENTI,CATTL,8.11,0.0,0.0,0.0,0.0,0.0
8431,US,US,LANDT,PUBLI,8.11,0.0,0.0,0.0,0.0,0.0
6035,US,US,FOOD3,DISTR,8.1,0.0,0.0,0.0,0.0,0.0
3260,US,US,CRUDE,MEMBE,8.09,0.0,0.0,0.0,0.0,0.0
4342,US,US,ELEC2,RAILW,8.08,0.0,0.0,0.0,0.0,0.0
14380,US,US,SANDC,COKIN,8.08,0.0,0.0,0.0,0.0,0.0
4084,US,US,ELEC1,AUXIL,8.08,0.0,0.0,0.0,0.0,0.0
11080,US,US,OILHA,SALEM,8.07,0.0,0.0,0.0,0.0,0.0
16898,US,US,WOOD2,GLASS,8.19,0.0,0.0,0.0,0.0,0.0
10980,US,US,OILHA,CRUDE,8.2,0.0,0.0,0.0,0.0,0.0
7036,US,US,GLASS,BIODI,8.2,0.0,0.0,0.0,0.0,0.0
5146,US,US,ELEC8,NONME,8.21,0.0,0.0,0.0,0.0,0.0
17055,US,US,WOODW,LEATH,8.3,0.0,0.0,0.0,0.0,0.0
2619,US,US,COLLE,VEGE1,8.29,0.0,0.0,0.0,0.0,0.0
8464,US,US,LANDT,VEGET,8.29,0.0,0.0,0.0,0.0,0.0
14757,US,US,STEAM,HOTEL,8.29,0.0,0.0,0.0,0.0,0.0
4589,US,US,ELEC4,MEAT1,8.29,0.0,0.0,0.0,0.0,0.0
8870,US,US,LUBRI,COPPE,8.28,0.0,0.0,0.0,0.0,0.0
1529,US,US,BITUM,PRINT,8.28,0.0,0.0,0.0,0.0,0.0
4731,US,US,ELEC5,MEAT1,8.27,0.0,0.0,0.0,0.0,0.0
4809,US,US,ELEC6,93197,8.26,0.0,0.0,0.0,0.0,0.0
11076,US,US,OILHA,RESEA,8.26,0.0,0.0,0.0,0.0,0.0
8281,US,US,KEROS,GASDI,8.26,0.0,0.0,0.0,0.0,0.0
1430,US,US,BITU1,REFI1,8.26,0.0,0.0,0.0,0.0,0.0
4389,US,US,ELEC3,BIODI,8.25,0.0,0.0,0.0,0.0,0.0
16687,US,US,WOOD1,BASIC,8.25,0.0,0.0,0.0,0.0,0.0
1087,US,US,BIODI,POSTT,8.24,0.0,0.0,0.0,0.0,0.0
2055,US,US,CERAM,OFFIC,8.23,0.0,0.0,0.0,0.0,0.0
10277,US,US,NATUR,ETHAN,8.23,0.0,0.0,0.0,0.0,0.0
1710,US,US,BUSIN,ELE11,8.23,0.0,0.0,0.0,0.0,0.0
15821,US,US,TRAN1,INLAN,8.23,0.0,0.0,0.0,0.0,0.0
7243,US,US,HEAVY,HEALT,8.23,0.0,0.0,0.0,0.0,0.0
14568,US,US,SEWAG,CROPS,8.22,0.0,0.0,0.0,0.0,0.0
15572,US,US,TEXT2,PAPER,15.84,0.0,0.0,0.0,0.0,0.0
16180,US,US,WASTE,AUXIL,15.84,0.0,0.0,0.0,0.0,0.0
11407,US,US,PAPE3,GASDI,15.86,0.0,0.0,0.0,0.0,0.0
1064,US,US,BIODI,MEMBE,33.58,0.0,0.0,0.0,0.0,0.0
13010,US,US,PUBLI,MEAT4,33.99,0.0,0.0,0.0,0.0,0.0
1845,US,US,CATTL,DAIRY,33.94,0.0,0.0,0.0,0.0,0.0
6020,US,US,FOOD3,CEMEN,33.91,0.0,0.0,0.0,0.0,0.0
4485,US,US,ELEC3,PULP5,33.86,0.0,0.0,0.0,0.0,0.0
10496,US,US,NONF1,POSTT,33.84,0.0,0.0,0.0,0.0,0.0
8016,US,US,INTER,FABRI,33.83,0.0,0.0,0.0,0.0,0.0
12372,US,US,PLAS2,TRANS,33.79,0.0,0.0,0.0,0.0,0.0
230,US,US,AIRTR,PAPE3,33.76,0.0,0.0,0.0,0.0,0.0
13324,US,US,RAWMI,VEGE1,33.65,0.0,0.0,0.0,0.0,0.0
794,US,US,BASIC,COKIN,33.61,0.0,0.0,0.0,0.0,0.0
13568,US,US,RECRE,MACHI,33.57,0.0,0.0,0.0,0.0,0.0
13150,US,US,RADIO,FORES,34.04,0.0,0.0,0.0,0.0,0.0
6874,US,US,GASDI,BIOGA,33.55,0.0,0.0,0.0,0.0,0.0
9399,US,US,MEATP,RESEA,33.47,0.0,0.0,0.0,0.0,0.0
10893,US,US,OFFIC,MEMBE,33.45,0.0,0.0,0.0,0.0,0.0
12590,US,US,POSTT,SANDC,33.43,0.0,0.0,0.0,0.0,0.0
11970,US,US,PFERT,RESEA,33.43,0.0,0.0,0.0,0.0,0.0
3793,US,US,EDUCA,PIGS9,33.29,0.0,0.0,0.0,0.0,0.0
8322,US,US,LANDT,BIOGA,33.27,0.0,0.0,0.0,0.0,0.0
8859,US,US,LUBRI,BUSIN,33.27,0.0,0.0,0.0,0.0,0.0
15534,US,US,TEXT2,INLAN,33.27,0.0,0.0,0.0,0.0,0.0
16332,US,US,WEARI,CHEM1,33.26,0.0,0.0,0.0,0.0,0.0
2009,US,US,CERAM,CEMEN,34.01,0.0,0.0,0.0,0.0,0.0
16550,US,US,WHOLE,AUXIL,34.09,0.0,0.0,0.0,0.0,0.0
6063,US,US,FOOD3,INLAN,27.98,0.0,0.0,0.0,0.0,0.0
8423,US,US,LANDT,PLAS1,34.54,0.0,0.0,0.0,0.0,0.0
3682,US,US,DISTR,SUGAR,34.78,0.0,0.0,0.0,0.0,0.0
2529,US,US,COLLE,FOUND,34.78,0.0,0.0,0.0,0.0,0.0
2895,US,US,CONST,OFFIC,34.75,0.0,0.0,0.0,0.0,0.0
7338,US,US,HEAVY,WOODW,34.72,0.0,0.0,0.0,0.0,0.0
9555,US,US,MEDIC,TRAN2,34.7,0.0,0.0,0.0,0.0,0.0
661,US,US,AUXIL,MEAT4,34.62,0.0,0.0,0.0,0.0,0.0
3833,US,US,EDUCA,VEGET,34.59,0.0,0.0,0.0,0.0,0.0
5576,US,US,FABRI,PLAS1,34.57,0.0,0.0,0.0,0.0,0.0
16155,US,US,VEGET,REALE,34.57,0.0,0.0,0.0,0.0,0.0
1774,US,US,BUSIN,NONSP,34.55,0.0,0.0,0.0,0.0,0.0
7205,US,US,HEAVY,CHEMI,34.51,0.0,0.0,0.0,0.0,0.0
10183,US,US,NATU1,NFERT,34.11,0.0,0.0,0.0,0.0,0.0
3257,US,US,CRUDE,MEATC,34.5,0.0,0.0,0.0,0.0,0.0
5878,US,US,FOOD2,EDUCA,34.42,0.0,0.0,0.0,0.0,0.0
2916,US,US,CONST,PUBLI,34.42,0.0,0.0,0.0,0.0,0.0
10179,US,US,NATU1,MOTOR,34.36,0.0,0.0,0.0,0.0,0.0
2072,US,US,CERAM,RESEA,34.34,0.0,0.0,0.0,0.0,0.0
3035,US,US,COPP1,REALE,34.25,0.0,0.0,0.0,0.0,0.0
2959,US,US,COPP1,93197,34.21,0.0,0.0,0.0,0.0,0.0
11541,US,US,PAPE4,DAIRY,34.17,0.0,0.0,0.0,0.0,0.0
11471,US,US,PAPE3,RAILW,34.15,0.0,0.0,0.0,0.0,0.0
4152,US,US,ELEC1,MOTO1,34.14,0.0,0.0,0.0,0.0,0.0
11633,US,US,PAPE4,RAILW,33.26,0.0,0.0,0.0,0.0,0.0
14298,US,US,SALEM,NONF1,33.17,0.0,0.0,0.0,0.0,0.0
2670,US,US,COMPU,ELEC3,33.17,0.0,0.0,0.0,0.0,0.0
15285,US,US,SUPPO,SECO9,32.35,0.0,0.0,0.0,0.0,0.0
2316,US,US,CHEM1,WHEAT,32.49,0.0,0.0,0.0,0.0,0.0
11510,US,US,PAPE4,AIRTR,32.47,0.0,0.0,0.0,0.0,0.0
16732,US,US,WOOD1,FOOD5,32.47,0.0,0.0,0.0,0.0,0.0
7710,US,US,INERT,MEAT1,32.45,0.0,0.0,0.0,0.0,0.0
7998,US,US,INTER,CRUDE,32.41,0.0,0.0,0.0,0.0,0.0
16609,US,US,WHOLE,MEATC,32.4,0.0,0.0,0.0,0.0,0.0
15990,US,US,TRANS,PUBLI,32.38,0.0,0.0,0.0,0.0,0.0
11791,US,US,PAPER,PROCE,32.38,0.0,0.0,0.0,0.0,0.0
12638,US,US,PREC1,93197,32.38,0.0,0.0,0.0,0.0,0.0
2229,US,US,CHEM1,KERO1,32.36,0.0,0.0,0.0,0.0,0.0
14755,US,US,STEAM,HEALT,32.34,0.0,0.0,0.0,0.0,0.0
13496,US,US,RECRE,BEVER,33.13,0.0,0.0,0.0,0.0,0.0
5568,US,US,FABRI,PAPE3,32.34,0.0,0.0,0.0,0.0,0.0
15489,US,US,TEXT2,CHEM1,32.33,0.0,0.0,0.0,0.0,0.0
15231,US,US,SUPPO,MEAT4,32.24,0.0,0.0,0.0,0.0,0.0
2204,US,US,CHEM1,ETHAN,32.24,0.0,0.0,0.0,0.0,0.0
12595,US,US,POSTT,STONE,32.23,0.0,0.0,0.0,0.0,0.0
213,US,US,AIRTR,MEATC,32.22,0.0,0.0,0.0,0.0,0.0
8415,US,US,LANDT,PAPE3,32.22,0.0,0.0,0.0,0.0,0.0
7810,US,US,INLAN,RENTI,32.18,0.0,0.0,0.0,0.0,0.0
8463,US,US,LANDT,VEGE1,32.16,0.0,0.0,0.0,0.0,0.0
8398,US,US,LANDT,MEDIC,32.13,0.0,0.0,0.0,0.0,0.0
11103,US,US,OILHA,WHOLE,32.51,0.0,0.0,0.0,0.0,0.0
7645,US,US,INERT,CEMEN,32.51,0.0,0.0,0.0,0.0,0.0
6119,US,US,FOOD3,RUBBE,32.55,0.0,0.0,0.0,0.0,0.0
6709,US,US,FURNI,AIRTR,32.56,0.0,0.0,0.0,0.0,0.0
8397,US,US,LANDT,MEATP,33.06,0.0,0.0,0.0,0.0,0.0
11348,US,US,PAPE3,AIRTR,33.04,0.0,0.0,0.0,0.0,0.0
2811,US,US,CONST,BRICK,33.03,0.0,0.0,0.0,0.0,0.0
2825,US,US,CONST,COPP1,33.02,0.0,0.0,0.0,0.0,0.0
586,US,US,AUXIL,BIOGA,32.99,0.0,0.0,0.0,0.0,0.0
7711,US,US,INERT,MEAT4,32.97,0.0,0.0,0.0,0.0,0.0
1651,US,US,BRICK,REALE,32.91,0.0,0.0,0.0,0.0,0.0
3295,US,US,CRUDE,PULP5,32.87,0.0,0.0,0.0,0.0,0.0
1460,US,US,BITUM,COKIN,32.84,0.0,0.0,0.0,0.0,0.0
16600,US,US,WHOLE,LEATH,32.83,0.0,0.0,0.0,0.0,0.0
9054,US,US,MACHI,HEAVY,32.8,0.0,0.0,0.0,0.0,0.0
4133,US,US,ELEC1,IRONO,32.79,0.0,0.0,0.0,0.0,0.0
5642,US,US,FINAN,BRICK,32.75,0.0,0.0,0.0,0.0,0.0
4306,US,US,ELEC2,MEDIC,32.72,0.0,0.0,0.0,0.0,0.0
10052,US,US,NAPHT,BIODI,32.72,0.0,0.0,0.0,0.0,0.0
6146,US,US,FOOD4,BASIC,32.71,0.0,0.0,0.0,0.0,0.0
5339,US,US,ELECT,ELEC2,32.68,0.0,0.0,0.0,0.0,0.0
2648,US,US,COMPU,CERAM,32.66,0.0,0.0,0.0,0.0,0.0
15535,US,US,TEXT2,INSUR,32.65,0.0,0.0,0.0,0.0,0.0
10854,US,US,OFFIC,ELECT,32.65,0.0,0.0,0.0,0.0,0.0
15177,US,US,SUPPO,CRUDE,32.64,0.0,0.0,0.0,0.0,0.0
2754,US,US,COMPU,PUBLI,34.82,0.0,0.0,0.0,0.0,0.0
3592,US,US,DISTR,FISH5,34.9,0.0,0.0,0.0,0.0,0.0
2807,US,US,CONST,BIOGA,34.91,0.0,0.0,0.0,0.0,0.0
10550,US,US,NONFE,NONF1,36.8,0.0,0.0,0.0,0.0,0.0
1753,US,US,BUSIN,LIGNI,37.22,0.0,0.0,0.0,0.0,0.0
16821,US,US,WOOD1,SUPPO,37.15,0.0,0.0,0.0,0.0,0.0
11508,US,US,PAPE3,WOODW,37.14,0.0,0.0,0.0,0.0,0.0
9161,US,US,MEAT1,CHEM1,37.05,0.0,0.0,0.0,0.0,0.0
14320,US,US,SALEM,PREC1,37.01,0.0,0.0,0.0,0.0,0.0
6835,US,US,FURNI,RETAI,36.99,0.0,0.0,0.0,0.0,0.0
4092,US,US,ELEC1,BRICK,36.97,0.0,0.0,0.0,0.0,0.0
507,US,US,ANTHR,FOOD5,36.93,0.0,0.0,0.0,0.0,0.0
16403,US,US,WHEAT,CHEM1,36.84,0.0,0.0,0.0,0.0,0.0
2774,US,US,COMPU,STONE,36.81,0.0,0.0,0.0,0.0,0.0
7286,US,US,HEAVY,PFERT,36.63,0.0,0.0,0.0,0.0,0.0
4254,US,US,ELEC2,COPP1,36.4,0.0,0.0,0.0,0.0,0.0
16791,US,US,WOOD1,POSTT,36.58,0.0,0.0,0.0,0.0,0.0
7638,US,US,INERT,BIOGA,36.58,0.0,0.0,0.0,0.0,0.0
5338,US,US,ELECT,ELEC1,36.5,0.0,0.0,0.0,0.0,0.0
5972,US,US,FOOD2,RETA1,36.5,0.0,0.0,0.0,0.0,0.0
12182,US,US,PLAS1,RAILW,36.49,0.0,0.0,0.0,0.0,0.0
2227,US,US,CHEM1,INTER,36.48,0.0,0.0,0.0,0.0,0.0
14673,US,US,SEWAG,RETAI,36.47,0.0,0.0,0.0,0.0,0.0
9863,US,US,MOTO1,SECO9,36.44,0.0,0.0,0.0,0.0,0.0
11082,US,US,OILHA,SEACO,36.42,0.0,0.0,0.0,0.0,0.0
13197,US,US,RADIO,PAPE4,36.41,0.0,0.0,0.0,0.0,0.0
4107,US,US,ELEC1,CRUDE,37.22,0.0,0.0,0.0,0.0,0.0
7240,US,US,HEAVY,GASDI,37.38,0.0,0.0,0.0,0.0,0.0
6969,US,US,GASDI,PRINT,37.41,0.0,0.0,0.0,0.0,0.0
750,US,US,AVIAT,GASDI,37.45,0.0,0.0,0.0,0.0,0.0
7213,US,US,HEAVY,CROPS,38.0,0.0,0.0,0.0,0.0,0.0
13213,US,US,RADIO,PULP5,38.0,0.0,0.0,0.0,0.0,0.0
5108,US,US,ELEC8,FOOD5,37.94,0.0,0.0,0.0,0.0,0.0
5486,US,US,FABRI,COKIN,37.93,0.0,0.0,0.0,0.0,0.0
722,US,US,AUXIL,SUGA1,37.83,0.0,0.0,0.0,0.0,0.0
11456,US,US,PAPE3,PFERT,37.77,0.0,0.0,0.0,0.0,0.0
2310,US,US,CHEM1,TRAN2,37.73,0.0,0.0,0.0,0.0,0.0
4493,US,US,ELEC3,RENTI,37.71,0.0,0.0,0.0,0.0,0.0
15238,US,US,SUPPO,MOTOR,37.7,0.0,0.0,0.0,0.0,0.0
678,US,US,AUXIL,OFFIC,37.67,0.0,0.0,0.0,0.0,0.0
11597,US,US,PAPE4,MEMBE,37.67,0.0,0.0,0.0,0.0,0.0
6291,US,US,FOOD4,TRANS,37.66,0.0,0.0,0.0,0.0,0.0
11355,US,US,PAPE3,BEVER,37.66,0.0,0.0,0.0,0.0,0.0
13852,US,US,RENTI,TEXT1,37.6,0.0,0.0,0.0,0.0,0.0
1379,US,US,BITU1,CHEM1,37.6,0.0,0.0,0.0,0.0,0.0
1897,US,US,CEMEN,ELEC2,37.59,0.0,0.0,0.0,0.0,0.0
12950,US,US,PUBLI,BIOGA,37.53,0.0,0.0,0.0,0.0,0.0
2779,US,US,COMPU,TEXT1,37.51,0.0,0.0,0.0,0.0,0.0
1599,US,US,BRICK,CHEM1,37.48,0.0,0.0,0.0,0.0,0.0
9408,US,US,MEATP,SUPPO,37.46,0.0,0.0,0.0,0.0,0.0
6076,US,US,FOOD3,MEAT1,37.46,0.0,0.0,0.0,0.0,0.0
3314,US,US,CRUDE,SUGA1,36.41,0.0,0.0,0.0,0.0,0.0
15997,US,US,TRANS,RETA1,36.38,0.0,0.0,0.0,0.0,0.0
11291,US,US,PAPE1,PAPER,34.97,0.0,0.0,0.0,0.0,0.0
9787,US,US,MOTO1,GLASS,35.45,0.0,0.0,0.0,0.0,0.0
9255,US,US,MEAT4,RESEA,35.71,0.0,0.0,0.0,0.0,0.0
11379,US,US,PAPE3,DAIRY,35.68,0.0,0.0,0.0,0.0,0.0
1309,US,US,BIOGA,NONME,35.67,0.0,0.0,0.0,0.0,0.0
10469,US,US,NONF1,ELECT,35.67,0.0,0.0,0.0,0.0,0.0
12467,US,US,POSTT,BRICK,35.61,0.0,0.0,0.0,0.0,0.0
6696,US,US,FOUND,SEACO,35.61,0.0,0.0,0.0,0.0,0.0
11670,US,US,PAPE4,WOODW,35.56,0.0,0.0,0.0,0.0,0.0
10386,US,US,NATUR,WOODW,35.54,0.0,0.0,0.0,0.0,0.0
13949,US,US,RESEA,MEATC,35.54,0.0,0.0,0.0,0.0,0.0
14195,US,US,RUBBE,VEGET,35.52,0.0,0.0,0.0,0.0,0.0
12059,US,US,PLAS1,AIRTR,35.39,0.0,0.0,0.0,0.0,0.0
854,US,US,BASIC,MEMBE,36.38,0.0,0.0,0.0,0.0,0.0
8085,US,US,INTER,PRINT,35.36,0.0,0.0,0.0,0.0,0.0
13144,US,US,RADIO,FISH5,35.34,0.0,0.0,0.0,0.0,0.0
10641,US,US,NONME,MOTOR,35.34,0.0,0.0,0.0,0.0,0.0
3562,US,US,DISTR,BRICK,35.29,0.0,0.0,0.0,0.0,0.0
2206,US,US,CHEM1,FINAN,35.17,0.0,0.0,0.0,0.0,0.0
14106,US,US,RUBBE,INERT,35.14,0.0,0.0,0.0,0.0,0.0
15201,US,US,SUPPO,FOOD4,35.09,0.0,0.0,0.0,0.0,0.0
4184,US,US,ELEC1,PULP5,35.03,0.0,0.0,0.0,0.0,0.0
2422,US,US,CHEMI,TRANS,35.03,0.0,0.0,0.0,0.0,0.0
14630,US,US,SEWAG,MOTOR,35.01,0.0,0.0,0.0,0.0,0.0
8379,US,US,LANDT,INLAN,35.75,0.0,0.0,0.0,0.0,0.0
13569,US,US,RECRE,MEAT1,35.82,0.0,0.0,0.0,0.0,0.0
9142,US,US,MACHI,TRAN1,35.84,0.0,0.0,0.0,0.0,0.0
16971,US,US,WOOD2,SALEM,35.9,0.0,0.0,0.0,0.0,0.0
11618,US,US,PAPE4,PFERT,36.33,0.0,0.0,0.0,0.0,0.0
14161,US,US,RUBBE,PROCE,36.32,0.0,0.0,0.0,0.0,0.0
618,US,US,AUXIL,ELEC5,36.24,0.0,0.0,0.0,0.0,0.0
13977,US,US,RESEA,PREC1,36.22,0.0,0.0,0.0,0.0,0.0
11517,US,US,PAPE4,BEVER,36.2,0.0,0.0,0.0,0.0,0.0
7062,US,US,GLASS,FOUND,36.19,0.0,0.0,0.0,0.0,0.0
1994,US,US,CEMEN,WHOLE,36.1,0.0,0.0,0.0,0.0,0.0
236,US,US,AIRTR,PLAS1,36.07,0.0,0.0,0.0,0.0,0.0
13072,US,US,PUBLI,WOODW,36.06,0.0,0.0,0.0,0.0,0.0
13654,US,US,REFI1,GASDI,36.06,0.0,0.0,0.0,0.0,0.0
212,US,US,AIRTR,MEAT4,36.01,0.0,0.0,0.0,0.0,0.0
10984,US,US,OILHA,EDUCA,36.0,0.0,0.0,0.0,0.0,0.0
16283,US,US,WASTE,PLAST,35.99,0.0,0.0,0.0,0.0,0.0
4408,US,US,ELEC3,CRUDE,35.98,0.0,0.0,0.0,0.0,0.0
14078,US,US,RUBBE,ELEC2,35.98,0.0,0.0,0.0,0.0,0.0
5531,US,US,FABRI,INSUR,35.97,0.0,0.0,0.0,0.0,0.0
3274,US,US,CRUDE,OILSE,35.96,0.0,0.0,0.0,0.0,0.0
15086,US,US,SUGAR,93197,35.95,0.0,0.0,0.0,0.0,0.0
6530,US,US,FOODW,SALEM,35.94,0.0,0.0,0.0,0.0,0.0
11115,US,US,PADDY,93197,35.93,0.0,0.0,0.0,0.0,0.0
13996,US,US,RESEA,SECO9,35.92,0.0,0.0,0.0,0.0,0.0
231,US,US,AIRTR,PAPE4,32.12,0.0,0.0,0.0,0.0,0.0
12465,US,US,POSTT,BITUM,32.12,0.0,0.0,0.0,0.0,0.0
10048,US,US,MOTOR,WOODW,32.12,0.0,0.0,0.0,0.0,0.0
6788,US,US,FURNI,MEAT4,29.35,0.0,0.0,0.0,0.0,0.0
5701,US,US,FINAN,KEROS,29.6,0.0,0.0,0.0,0.0,0.0
6960,US,US,GASDI,PFERT,29.6,0.0,0.0,0.0,0.0,0.0
13425,US,US,REALE,OFFIC,29.55,0.0,0.0,0.0,0.0,0.0
2949,US,US,CONST,VEGET,29.54,0.0,0.0,0.0,0.0,0.0
12704,US,US,PREC1,WHOLE,29.53,0.0,0.0,0.0,0.0,0.0
11358,US,US,PAPE3,BIOGA,29.51,0.0,0.0,0.0,0.0,0.0
13555,US,US,RECRE,INLAN,29.48,0.0,0.0,0.0,0.0,0.0
1292,US,US,BIOGA,LIQUE,29.45,0.0,0.0,0.0,0.0,0.0
15421,US,US,TEXT1,POSTT,29.43,0.0,0.0,0.0,0.0,0.0
13102,US,US,RADIO,BIODI,29.41,0.0,0.0,0.0,0.0,0.0
9478,US,US,MEDIC,INERT,29.32,0.0,0.0,0.0,0.0,0.0
2753,US,US,COMPU,PROCE,29.12,0.0,0.0,0.0,0.0,0.0
3289,US,US,CRUDE,PREC1,29.31,0.0,0.0,0.0,0.0,0.0
12227,US,US,PLAS2,BASIC,29.29,0.0,0.0,0.0,0.0,0.0
1501,US,US,BITUM,MEAT4,29.28,0.0,0.0,0.0,0.0,0.0
5087,US,US,ELEC8,CHEM1,29.28,0.0,0.0,0.0,0.0,0.0
13295,US,US,RAILW,SEACO,29.27,0.0,0.0,0.0,0.0,0.0
2320,US,US,CHEM1,WOOD2,29.25,0.0,0.0,0.0,0.0,0.0
1942,US,US,CEMEN,MOTOR,29.25,0.0,0.0,0.0,0.0,0.0
14626,US,US,SEWAG,MEATP,29.25,0.0,0.0,0.0,0.0,0.0
6300,US,US,FOOD4,WOODW,29.24,0.0,0.0,0.0,0.0,0.0
3622,US,US,DISTR,MACHI,29.18,0.0,0.0,0.0,0.0,0.0
9782,US,US,MOTO1,FORES,29.62,0.0,0.0,0.0,0.0,0.0
2695,US,US,COMPU,HEAVY,29.62,0.0,0.0,0.0,0.0,0.0
4116,US,US,ELEC1,FISH5,29.63,0.0,0.0,0.0,0.0,0.0
13962,US,US,RESEA,NONSP,29.63,0.0,0.0,0.0,0.0,0.0
1938,US,US,CEMEN,MEATP,29.9,0.0,0.0,0.0,0.0,0.0
16727,US,US,WOOD1,FINAN,29.9,0.0,0.0,0.0,0.0,0.0
12537,US,US,POSTT,MEAT4,29.9,0.0,0.0,0.0,0.0,0.0
13402,US,US,REALE,LEATH,29.89,0.0,0.0,0.0,0.0,0.0
15494,US,US,TEXT2,COMPU,29.88,0.0,0.0,0.0,0.0,0.0
6147,US,US,FOOD4,BEVER,29.86,0.0,0.0,0.0,0.0,0.0
9015,US,US,MACHI,COLLE,29.85,0.0,0.0,0.0,0.0,0.0
11022,US,US,OILHA,LANDT,29.85,0.0,0.0,0.0,0.0,0.0
13147,US,US,RADIO,FOOD4,29.84,0.0,0.0,0.0,0.0,0.0
14237,US,US,SALEM,DIST1,29.83,0.0,0.0,0.0,0.0,0.0
3716,US,US,EDUCA,CEREA,29.82,0.0,0.0,0.0,0.0,0.0
5503,US,US,FABRI,ELEC5,29.82,0.0,0.0,0.0,0.0,0.0
5203,US,US,ELEC8,WHOLE,29.7,0.0,0.0,0.0,0.0,0.0
7517,US,US,HYDRO,BITUM,29.69,0.0,0.0,0.0,0.0,0.0
10379,US,US,NATUR,VEGET,29.69,0.0,0.0,0.0,0.0,0.0
13547,US,US,RECRE,GASDI,29.67,0.0,0.0,0.0,0.0,0.0
6060,US,US,FOOD3,GLASS,29.65,0.0,0.0,0.0,0.0,0.0
14416,US,US,SANDC,MOTOR,29.65,0.0,0.0,0.0,0.0,0.0
8526,US,US,LEADZ,BUSIN,29.65,0.0,0.0,0.0,0.0,0.0
16240,US,US,WASTE,INSUR,29.65,0.0,0.0,0.0,0.0,0.0
4341,US,US,ELEC2,RADIO,29.64,0.0,0.0,0.0,0.0,0.0
14316,US,US,SALEM,PLAS2,29.18,0.0,0.0,0.0,0.0,0.0
15108,US,US,SUGAR,INERT,29.06,0.0,0.0,0.0,0.0,0.0
2015,US,US,CERAM,COMPU,29.95,0.0,0.0,0.0,0.0,0.0
2783,US,US,COMPU,TRAN1,28.17,0.0,0.0,0.0,0.0,0.0
14663,US,US,SEWAG,RADIO,28.41,0.0,0.0,0.0,0.0,0.0
10249,US,US,NATUR,CEREA,28.37,0.0,0.0,0.0,0.0,0.0
5812,US,US,FISH5,RETAI,28.33,0.0,0.0,0.0,0.0,0.0
7686,US,US,INERT,FOUND,28.32,0.0,0.0,0.0,0.0,0.0
14145,US,US,RUBBE,PAPE3,28.28,0.0,0.0,0.0,0.0,0.0
7717,US,US,INERT,MOTO1,28.27,0.0,0.0,0.0,0.0,0.0
12308,US,US,PLAS2,MEMBE,28.25,0.0,0.0,0.0,0.0,0.0
7046,US,US,GLASS,COMPU,28.21,0.0,0.0,0.0,0.0,0.0
2879,US,US,CONST,MEAT4,28.17,0.0,0.0,0.0,0.0,0.0
16132,US,US,VEGET,MEATC,28.17,0.0,0.0,0.0,0.0,0.0
13573,US,US,RECRE,MEATP,28.16,0.0,0.0,0.0,0.0,0.0
9417,US,US,MEDIC,AUXIL,29.03,0.0,0.0,0.0,0.0,0.0
6513,US,US,FOODW,PRINT,28.14,0.0,0.0,0.0,0.0,0.0
16595,US,US,WHOLE,IRONO,28.13,0.0,0.0,0.0,0.0,0.0
14689,US,US,SEWAG,TOBAC,28.1,0.0,0.0,0.0,0.0,0.0
6171,US,US,FOOD4,DAIRY,28.1,0.0,0.0,0.0,0.0,0.0
12141,US,US,PLAS1,MEAT4,28.07,0.0,0.0,0.0,0.0,0.0
1818,US,US,BUSIN,STEAM,28.06,0.0,0.0,0.0,0.0,0.0
9341,US,US,MEATC,SUPPO,28.06,0.0,0.0,0.0,0.0,0.0
12140,US,US,PLAS1,MEAT1,28.05,0.0,0.0,0.0,0.0,0.0
11520,US,US,PAPE4,BIOGA,28.04,0.0,0.0,0.0,0.0,0.0
6132,US,US,FOOD3,TRANS,28.01,0.0,0.0,0.0,0.0,0.0
6009,US,US,FOOD3,BASIC,28.48,0.0,0.0,0.0,0.0,0.0
2040,US,US,CERAM,HEALT,28.5,0.0,0.0,0.0,0.0,0.0
11732,US,US,PAPER,GASDI,28.51,0.0,0.0,0.0,0.0,0.0
2104,US,US,CEREA,DAIRY,28.54,0.0,0.0,0.0,0.0,0.0
4393,US,US,ELEC3,BRICK,29.03,0.0,0.0,0.0,0.0,0.0
10650,US,US,NONME,OFFIC,29.02,0.0,0.0,0.0,0.0,0.0
9275,US,US,MEATC,93197,29.01,0.0,0.0,0.0,0.0,0.0
11726,US,US,PAPER,FOOD4,28.98,0.0,0.0,0.0,0.0,0.0
15188,US,US,SUPPO,ELEC5,28.96,0.0,0.0,0.0,0.0,0.0
2213,US,US,CHEM1,FOODW,28.94,0.0,0.0,0.0,0.0,0.0
8967,US,US,LUBRI,SALEM,28.92,0.0,0.0,0.0,0.0,0.0
2586,US,US,COLLE,PRINT,28.87,0.0,0.0,0.0,0.0,0.0
13546,US,US,RECRE,FURNI,28.86,0.0,0.0,0.0,0.0,0.0
12572,US,US,POSTT,PREC1,28.86,0.0,0.0,0.0,0.0,0.0
4417,US,US,ELEC3,FISH5,28.83,0.0,0.0,0.0,0.0,0.0
101,US,US,93197,RAILW,28.82,0.0,0.0,0.0,0.0,0.0
11164,US,US,PADDY,PIGS9,28.82,0.0,0.0,0.0,0.0,0.0
1114,US,US,BIODI,SUGAR,28.8,0.0,0.0,0.0,0.0,0.0
13974,US,US,RESEA,PLAS2,28.79,0.0,0.0,0.0,0.0,0.0
15963,US,US,TRANS,FURNI,28.74,0.0,0.0,0.0,0.0,0.0
12639,US,US,PREC1,ALUM1,28.72,0.0,0.0,0.0,0.0,0.0
13032,US,US,PUBLI,PFERT,28.7,0.0,0.0,0.0,0.0,0.0
4336,US,US,ELEC2,PREC1,28.67,0.0,0.0,0.0,0.0,0.0
1893,US,US,CEMEN,EDUCA,28.55,0.0,0.0,0.0,0.0,0.0
12886,US,US,PRINT,SECO9,28.55,0.0,0.0,0.0,0.0,0.0
11319,US,US,PAPE1,RUBBE,29.9,0.0,0.0,0.0,0.0,0.0
6248,US,US,FOOD4,PFERT,29.97,0.0,0.0,0.0,0.0,0.0
1461,US,US,BITUM,COLLE,32.11,0.0,0.0,0.0,0.0,0.0
10342,US,US,NATUR,POSTT,31.32,0.0,0.0,0.0,0.0,0.0
5580,US,US,FABRI,POULT,31.49,0.0,0.0,0.0,0.0,0.0
2755,US,US,COMPU,PULP5,31.49,0.0,0.0,0.0,0.0,0.0
7952,US,US,INSUR,TEXT2,31.49,0.0,0.0,0.0,0.0,0.0
963,US,US,BEVER,POULT,31.47,0.0,0.0,0.0,0.0,0.0
11315,US,US,PAPE1,RENTI,31.44,0.0,0.0,0.0,0.0,0.0
6138,US,US,FOOD3,WOODW,31.43,0.0,0.0,0.0,0.0,0.0
3198,US,US,CRUDE,BEVER,31.4,0.0,0.0,0.0,0.0,0.0
2866,US,US,CONST,INSUR,31.4,0.0,0.0,0.0,0.0,0.0
850,US,US,BASIC,MEAT4,31.39,0.0,0.0,0.0,0.0,0.0
7690,US,US,INERT,GLASS,31.38,0.0,0.0,0.0,0.0,0.0
1951,US,US,CEMEN,OFFIC,31.29,0.0,0.0,0.0,0.0,0.0
12069,US,US,PLAS1,BIOGA,31.12,0.0,0.0,0.0,0.0,0.0
16002,US,US,TRANS,SECO9,31.29,0.0,0.0,0.0,0.0,0.0
6980,US,US,GASDI,RENTI,31.27,0.0,0.0,0.0,0.0,0.0
6934,US,US,GASDI,MEAT4,31.27,0.0,0.0,0.0,0.0,0.0
12806,US,US,PRINT,FOODW,31.26,0.0,0.0,0.0,0.0,0.0
3636,US,US,DISTR,NONF1,31.25,0.0,0.0,0.0,0.0,0.0
2269,US,US,CHEM1,PIGS9,31.23,0.0,0.0,0.0,0.0,0.0
6909,US,US,GASDI,FORES,31.23,0.0,0.0,0.0,0.0,0.0
922,US,US,BASIC,WEARI,31.22,0.0,0.0,0.0,0.0,0.0
4097,US,US,ELEC1,CEREA,31.21,0.0,0.0,0.0,0.0,0.0
6901,US,US,GASDI,FINAN,31.2,0.0,0.0,0.0,0.0,0.0
2244,US,US,CHEM1,MEATP,31.5,0.0,0.0,0.0,0.0,0.0
5502,US,US,FABRI,ELEC4,31.51,0.0,0.0,0.0,0.0,0.0
10593,US,US,NONME,COMPU,31.51,0.0,0.0,0.0,0.0,0.0
13920,US,US,RESEA,FOOD4,31.52,0.0,0.0,0.0,0.0,0.0
2832,US,US,CONST,ELE11,32.08,0.0,0.0,0.0,0.0,0.0
15261,US,US,SUPPO,PLAS2,32.06,0.0,0.0,0.0,0.0,0.0
13538,US,US,RECRE,FISH5,32.03,0.0,0.0,0.0,0.0,0.0
2917,US,US,CONST,PULP5,32.02,0.0,0.0,0.0,0.0,0.0
10246,US,US,NATUR,CATTL,32.0,0.0,0.0,0.0,0.0,0.0
7208,US,US,HEAVY,COKIN,32.0,0.0,0.0,0.0,0.0,0.0
1935,US,US,CEMEN,MACHI,31.98,0.0,0.0,0.0,0.0,0.0
14258,US,US,SALEM,FOOD4,31.98,0.0,0.0,0.0,0.0,0.0
14729,US,US,STEAM,DIST1,31.96,0.0,0.0,0.0,0.0,0.0
13641,US,US,RECRE,WEARI,31.87,0.0,0.0,0.0,0.0,0.0
617,US,US,AUXIL,ELEC4,31.87,0.0,0.0,0.0,0.0,0.0
13373,US,US,REALE,ELECT,31.84,0.0,0.0,0.0,0.0,0.0
4131,US,US,ELEC1,INSUR,31.82,0.0,0.0,0.0,0.0,0.0
13904,US,US,RESEA,ELEC1,31.8,0.0,0.0,0.0,0.0,0.0
13557,US,US,RECRE,INTER,31.67,0.0,0.0,0.0,0.0,0.0
5871,US,US,FOOD2,CONST,31.66,0.0,0.0,0.0,0.0,0.0
14419,US,US,SANDC,NATUR,31.65,0.0,0.0,0.0,0.0,0.0
12908,US,US,PRINT,WOOD2,31.62,0.0,0.0,0.0,0.0,0.0
988,US,US,BIODI,ANIMA,31.59,0.0,0.0,0.0,0.0,0.0
4434,US,US,ELEC3,IRONO,31.56,0.0,0.0,0.0,0.0,0.0
13769,US,US,RENTI,HEAVY,31.53,0.0,0.0,0.0,0.0,0.0
15643,US,US,TEXTI,CEMEN,31.19,0.0,0.0,0.0,0.0,0.0
6765,US,US,FURNI,GASDI,31.09,0.0,0.0,0.0,0.0,0.0
14484,US,US,SEACO,RENTI,29.99,0.0,0.0,0.0,0.0,0.0
14103,US,US,RUBBE,HEAVY,30.44,0.0,0.0,0.0,0.0,0.0
9046,US,US,MACHI,FOODW,30.58,0.0,0.0,0.0,0.0,0.0
15296,US,US,SUPPO,TOBAC,30.57,0.0,0.0,0.0,0.0,0.0
8433,US,US,LANDT,RADIO,30.54,0.0,0.0,0.0,0.0,0.0
7972,US,US,INTER,AUXIL,30.54,0.0,0.0,0.0,0.0,0.0
15175,US,US,SUPPO,COPP1,30.53,0.0,0.0,0.0,0.0,0.0
12694,US,US,PREC1,RETAI,30.52,0.0,0.0,0.0,0.0,0.0
10034,US,US,MOTOR,TEXTI,30.49,0.0,0.0,0.0,0.0,0.0
12002,US,US,PIGS9,EDUCA,30.49,0.0,0.0,0.0,0.0,0.0
1045,US,US,BIODI,INLAN,30.48,0.0,0.0,0.0,0.0,0.0
11333,US,US,PAPE1,TEXTI,30.46,0.0,0.0,0.0,0.0,0.0
866,US,US,BASIC,OFFIC,30.44,0.0,0.0,0.0,0.0,0.0
15468,US,US,TEXT2,93197,31.08,0.0,0.0,0.0,0.0,0.0
9905,US,US,MOTOR,CATTL,30.35,0.0,0.0,0.0,0.0,0.0
15243,US,US,SUPPO,NONF1,30.31,0.0,0.0,0.0,0.0,0.0
8382,US,US,LANDT,IRONO,30.3,0.0,0.0,0.0,0.0,0.0
14625,US,US,SEWAG,MEATC,30.27,0.0,0.0,0.0,0.0,0.0
594,US,US,AUXIL,CERAM,30.24,0.0,0.0,0.0,0.0,0.0
14153,US,US,RUBBE,PLAS1,30.23,0.0,0.0,0.0,0.0,0.0
4329,US,US,ELEC2,PIGS9,30.16,0.0,0.0,0.0,0.0,0.0
9981,US,US,MOTOR,NATUR,30.12,0.0,0.0,0.0,0.0,0.0
15451,US,US,TEXT1,SUPPO,30.07,0.0,0.0,0.0,0.0,0.0
12914,US,US,PROCE,BUSIN,30.02,0.0,0.0,0.0,0.0,0.0
5810,US,US,FISH5,RECRE,30.58,0.0,0.0,0.0,0.0,0.0
4106,US,US,ELEC1,CROPS,30.59,0.0,0.0,0.0,0.0,0.0
8416,US,US,LANDT,PAPE4,30.59,0.0,0.0,0.0,0.0,0.0
6509,US,US,FOODW,PLAST,30.64,0.0,0.0,0.0,0.0,0.0
3939,US,US,ELE11,RETA1,31.07,0.0,0.0,0.0,0.0,0.0
9835,US,US,MOTO1,PFERT,31.05,0.0,0.0,0.0,0.0,0.0
739,US,US,AUXIL,WOOD1,31.05,0.0,0.0,0.0,0.0,0.0
15597,US,US,TEXT2,RESEA,31.03,0.0,0.0,0.0,0.0,0.0
2138,US,US,CEREA,PIGS9,30.98,0.0,0.0,0.0,0.0,0.0
13226,US,US,RADIO,SALEM,30.96,0.0,0.0,0.0,0.0,0.0
14627,US,US,SEWAG,MEDIC,30.92,0.0,0.0,0.0,0.0,0.0
9153,US,US,MACHI,WOOD2,30.91,0.0,0.0,0.0,0.0,0.0
59,US,US,93197,INERT,30.89,0.0,0.0,0.0,0.0,0.0
10741,US,US,NONSP,LANDT,30.86,0.0,0.0,0.0,0.0,0.0
4432,US,US,ELEC3,INSUR,30.85,0.0,0.0,0.0,0.0,0.0
7614,US,US,HYDRO,STONE,30.85,0.0,0.0,0.0,0.0,0.0
14577,US,US,SEWAG,ELEC2,30.83,0.0,0.0,0.0,0.0,0.0
6227,US,US,FOOD4,MEMBE,30.83,0.0,0.0,0.0,0.0,0.0
16950,US,US,WOOD2,PLAST,30.77,0.0,0.0,0.0,0.0,0.0
15999,US,US,TRANS,RUBBE,30.75,0.0,0.0,0.0,0.0,0.0
1915,US,US,CEMEN,FURNI,30.74,0.0,0.0,0.0,0.0,0.0
10977,US,US,OILHA,CONST,30.73,0.0,0.0,0.0,0.0,0.0
5569,US,US,FABRI,PAPE4,30.72,0.0,0.0,0.0,0.0,0.0
12532,US,US,POSTT,LIQUE,30.69,0.0,0.0,0.0,0.0,0.0
10636,US,US,NONME,MEAT4,30.68,0.0,0.0,0.0,0.0,0.0
3552,US,US,DISTR,AUXIL,38.06,0.0,0.0,0.0,0.0,0.0
7271,US,US,HEAVY,NATU1,38.08,0.0,0.0,0.0,0.0,0.0
16228,US,US,WASTE,FOOD5,38.1,0.0,0.0,0.0,0.0,0.0
4164,US,US,ELEC1,OILSE,51.03,0.0,0.0,0.0,0.0,0.0
12526,US,US,POSTT,KEROS,51.75,0.0,0.0,0.0,0.0,0.0
14292,US,US,SALEM,MOTO1,51.66,0.0,0.0,0.0,0.0,0.0
5334,US,US,ELECT,DISTR,51.54,0.0,0.0,0.0,0.0,0.0
9076,US,US,MACHI,MEATC,51.4,0.0,0.0,0.0,0.0,0.0
5363,US,US,ELECT,GLASS,51.39,0.0,0.0,0.0,0.0,0.0
740,US,US,AUXIL,WOOD2,51.37,0.0,0.0,0.0,0.0,0.0
7994,US,US,INTER,COMPU,51.32,0.0,0.0,0.0,0.0,0.0
623,US,US,AUXIL,ELECT,51.27,0.0,0.0,0.0,0.0,0.0
5092,US,US,ELEC8,CONST,51.17,0.0,0.0,0.0,0.0,0.0
12210,US,US,PLAS1,TRANS,51.05,0.0,0.0,0.0,0.0,0.0
14271,US,US,SALEM,INERT,51.02,0.0,0.0,0.0,0.0,0.0
7900,US,US,INSUR,MEATA,49.86,0.0,0.0,0.0,0.0,0.0
601,US,US,AUXIL,COLLE,50.88,0.0,0.0,0.0,0.0,0.0
633,US,US,AUXIL,FOODW,50.79,0.0,0.0,0.0,0.0,0.0
6445,US,US,FOODW,FINAN,50.76,0.0,0.0,0.0,0.0,0.0
7885,US,US,INSUR,INTER,50.65,0.0,0.0,0.0,0.0,0.0
13782,US,US,RENTI,LEATH,50.48,0.0,0.0,0.0,0.0,0.0
13932,US,US,RESEA,INERT,50.19,0.0,0.0,0.0,0.0,0.0
4213,US,US,ELEC1,TRANS,50.16,0.0,0.0,0.0,0.0,0.0
15297,US,US,SUPPO,TRAN1,50.07,0.0,0.0,0.0,0.0,0.0
9808,US,US,MOTO1,MEAT1,49.99,0.0,0.0,0.0,0.0,0.0
12499,US,US,POSTT,ELECT,49.96,0.0,0.0,0.0,0.0,0.0
4094,US,US,ELEC1,CATTL,51.82,0.0,0.0,0.0,0.0,0.0
5780,US,US,FINAN,VEGE1,51.95,0.0,0.0,0.0,0.0,0.0
14589,US,US,SEWAG,FISH5,51.96,0.0,0.0,0.0,0.0,0.0
7634,US,US,INERT,BASIC,52.01,0.0,0.0,0.0,0.0,0.0
13360,US,US,REALE,DISTR,53.58,0.0,0.0,0.0,0.0,0.0
13518,US,US,RECRE,CRUDE,53.37,0.0,0.0,0.0,0.0,0.0
13437,US,US,REALE,PLANT,53.28,0.0,0.0,0.0,0.0,0.0
13471,US,US,REALE,TEXT1,53.26,0.0,0.0,0.0,0.0,0.0
16891,US,US,WOOD2,FOOD5,53.14,0.0,0.0,0.0,0.0,0.0
5450,US,US,ELECT,TRAN2,53.06,0.0,0.0,0.0,0.0,0.0
6794,US,US,FURNI,MOTOR,53.06,0.0,0.0,0.0,0.0,0.0
16562,US,US,WHOLE,CERAM,53.0,0.0,0.0,0.0,0.0,0.0
881,US,US,BASIC,PLAST,52.97,0.0,0.0,0.0,0.0,0.0
6450,US,US,FOODW,FOOD5,52.96,0.0,0.0,0.0,0.0,0.0
11657,US,US,PAPE4,TEXTI,52.72,0.0,0.0,0.0,0.0,0.0
13784,US,US,RENTI,LIQUE,52.57,0.0,0.0,0.0,0.0,0.0
1719,US,US,BUSIN,ELEC8,52.53,0.0,0.0,0.0,0.0,0.0
12251,US,US,PLAS2,CRUDE,52.5,0.0,0.0,0.0,0.0,0.0
9783,US,US,MOTO1,FOUND,52.5,0.0,0.0,0.0,0.0,0.0
7988,US,US,INTER,CHEM1,52.41,0.0,0.0,0.0,0.0,0.0
9095,US,US,MACHI,PAPE1,52.3,0.0,0.0,0.0,0.0,0.0
11299,US,US,PAPE1,PLAST,52.27,0.0,0.0,0.0,0.0,0.0
5721,US,US,FINAN,NATUR,52.25,0.0,0.0,0.0,0.0,0.0
11643,US,US,PAPE4,RUBBE,52.16,0.0,0.0,0.0,0.0,0.0
8035,US,US,INTER,INLAN,52.12,0.0,0.0,0.0,0.0,0.0
7967,US,US,INTER,93197,49.89,0.0,0.0,0.0,0.0,0.0
8098,US,US,INTER,RESEA,49.84,0.0,0.0,0.0,0.0,0.0
9864,US,US,MOTO1,SEWAG,53.64,0.0,0.0,0.0,0.0,0.0
2710,US,US,COMPU,LIQUE,47.04,0.0,0.0,0.0,0.0,0.0
13160,US,US,RADIO,INERT,47.63,0.0,0.0,0.0,0.0,0.0
2075,US,US,CERAM,RUBBE,47.58,0.0,0.0,0.0,0.0,0.0
7635,US,US,INERT,BEVER,47.5,0.0,0.0,0.0,0.0,0.0
15581,US,US,TEXT2,POSTT,47.43,0.0,0.0,0.0,0.0,0.0
4388,US,US,ELEC3,BEVER,47.25,0.0,0.0,0.0,0.0,0.0
11499,US,US,PAPE3,TRANS,47.17,0.0,0.0,0.0,0.0,0.0
13866,US,US,RENTI,WOOD1,47.11,0.0,0.0,0.0,0.0,0.0
4245,US,US,ELEC2,CEREA,47.08,0.0,0.0,0.0,0.0,0.0
10937,US,US,OFFIC,SUPPO,47.07,0.0,0.0,0.0,0.0,0.0
12546,US,US,POSTT,NATU1,47.05,0.0,0.0,0.0,0.0,0.0
2793,US,US,COMPU,WOOD1,46.99,0.0,0.0,0.0,0.0,0.0
6245,US,US,FOOD4,PAPER,49.65,0.0,0.0,0.0,0.0,0.0
11303,US,US,PAPE1,PRINT,46.96,0.0,0.0,0.0,0.0,0.0
14263,US,US,SALEM,FURNI,46.93,0.0,0.0,0.0,0.0,0.0
6797,US,US,FURNI,NATUR,46.72,0.0,0.0,0.0,0.0,0.0
7789,US,US,INERT,WOODW,46.66,0.0,0.0,0.0,0.0,0.0
16406,US,US,WHEAT,EDUCA,46.59,0.0,0.0,0.0,0.0,0.0
12481,US,US,POSTT,COPP1,46.54,0.0,0.0,0.0,0.0,0.0
13240,US,US,RADIO,TOBAC,46.53,0.0,0.0,0.0,0.0,0.0
2642,US,US,COMPU,BITUM,46.41,0.0,0.0,0.0,0.0,0.0
13979,US,US,RESEA,PROCE,46.34,0.0,0.0,0.0,0.0,0.0
14599,US,US,SEWAG,GASDI,46.24,0.0,0.0,0.0,0.0,0.0
14285,US,US,SALEM,MACHI,47.65,0.0,0.0,0.0,0.0,0.0
7737,US,US,INERT,PFERT,47.74,0.0,0.0,0.0,0.0,0.0
13860,US,US,RENTI,VEGET,47.8,0.0,0.0,0.0,0.0,0.0
5718,US,US,FINAN,MOTOR,47.83,0.0,0.0,0.0,0.0,0.0
16886,US,US,WOOD2,FINAN,49.62,0.0,0.0,0.0,0.0,0.0
14695,US,US,SEWAG,WEARI,49.57,0.0,0.0,0.0,0.0,0.0
2262,US,US,CHEM1,PAPE1,49.5,0.0,0.0,0.0,0.0,0.0
13941,US,US,RESEA,LEATH,49.33,0.0,0.0,0.0,0.0,0.0
7716,US,US,INERT,MEMBE,49.31,0.0,0.0,0.0,0.0,0.0
12614,US,US,POSTT,WOOD1,49.25,0.0,0.0,0.0,0.0,0.0
4089,US,US,ELEC1,BIOGA,49.08,0.0,0.0,0.0,0.0,0.0
12540,US,US,POSTT,MEATP,49.05,0.0,0.0,0.0,0.0,0.0
4300,US,US,ELEC2,MACHI,49.04,0.0,0.0,0.0,0.0,0.0
13365,US,US,REALE,ELEC2,48.95,0.0,0.0,0.0,0.0,0.0
12052,US,US,PLANT,PLANT,48.94,0.0,0.0,0.0,0.0,0.0
4179,US,US,ELEC1,POULT,48.86,0.0,0.0,0.0,0.0,0.0
4087,US,US,ELEC1,BEVER,48.81,0.0,0.0,0.0,0.0,0.0
4514,US,US,ELEC3,TRANS,48.77,0.0,0.0,0.0,0.0,0.0
15611,US,US,TEXT2,SUPPO,48.74,0.0,0.0,0.0,0.0,0.0
6778,US,US,FURNI,KEROS,48.72,0.0,0.0,0.0,0.0,0.0
853,US,US,BASIC,MEDIC,48.52,0.0,0.0,0.0,0.0,0.0
5125,US,US,ELEC8,LANDT,48.52,0.0,0.0,0.0,0.0,0.0
15260,US,US,SUPPO,PLAS1,48.34,0.0,0.0,0.0,0.0,0.0
13009,US,US,PUBLI,MEAT1,48.26,0.0,0.0,0.0,0.0,0.0
12225,US,US,PLAS2,AUXIL,48.23,0.0,0.0,0.0,0.0,0.0
16803,US,US,WOOD1,RECRE,53.6,0.0,0.0,0.0,0.0,0.0
696,US,US,AUXIL,PREC1,53.65,0.0,0.0,0.0,0.0,0.0
6096,US,US,FOOD3,PAPER,46.18,0.0,0.0,0.0,0.0,0.0
8017,US,US,INTER,FINAN,64.7,0.0,0.0,0.0,0.0,0.0
2727,US,US,COMPU,NONF1,67.13,0.0,0.0,0.0,0.0,0.0
13357,US,US,REALE,CRUDE,66.72,0.0,0.0,0.0,0.0,0.0
13485,US,US,REALE,WOOD1,66.72,0.0,0.0,0.0,0.0,0.0
7820,US,US,INSUR,ANIMA,66.58,0.0,0.0,0.0,0.0,0.0
8022,US,US,INTER,FOOD5,66.5,0.0,0.0,0.0,0.0,0.0
4488,US,US,ELEC3,RAWMI,66.29,0.0,0.0,0.0,0.0,0.0
14597,US,US,SEWAG,FOUND,65.97,0.0,0.0,0.0,0.0,0.0
729,US,US,AUXIL,TRAN1,65.54,0.0,0.0,0.0,0.0,0.0
6188,US,US,FOOD4,FABRI,65.02,0.0,0.0,0.0,0.0,0.0
13883,US,US,RESEA,BRICK,64.87,0.0,0.0,0.0,0.0,0.0
14629,US,US,SEWAG,MOTO1,64.68,0.0,0.0,0.0,0.0,0.0
14691,US,US,SEWAG,TRAN2,62.58,0.0,0.0,0.0,0.0,0.0
13477,US,US,REALE,TRANS,64.4,0.0,0.0,0.0,0.0,0.0
717,US,US,AUXIL,SECO9,64.21,0.0,0.0,0.0,0.0,0.0
647,US,US,AUXIL,INTER,64.07,0.0,0.0,0.0,0.0,0.0
13409,US,US,REALE,MEAT4,64.06,0.0,0.0,0.0,0.0,0.0
13956,US,US,RESEA,NATU1,64.03,0.0,0.0,0.0,0.0,0.0
11011,US,US,OILHA,HEALT,63.89,0.0,0.0,0.0,0.0,0.0
1832,US,US,BUSIN,VEGET,62.9,0.0,0.0,0.0,0.0,0.0
673,US,US,AUXIL,NONF1,62.88,0.0,0.0,0.0,0.0,0.0
16981,US,US,WOOD2,SUPPO,62.86,0.0,0.0,0.0,0.0,0.0
11453,US,US,PAPE3,PAPER,62.78,0.0,0.0,0.0,0.0,0.0
2771,US,US,COMPU,SECO9,68.74,0.0,0.0,0.0,0.0,0.0
7916,US,US,INSUR,PAPE1,68.8,0.0,0.0,0.0,0.0,0.0
3107,US,US,CROPS,DAIRY,69.87,0.0,0.0,0.0,0.0,0.0
13337,US,US,REALE,BIOGA,70.73,0.0,0.0,0.0,0.0,0.0
13415,US,US,REALE,MOTO1,122.0,0.0,0.0,0.0,0.0,0.0
13486,US,US,REALE,WOOD2,110.39,0.0,0.0,0.0,0.0,0.0
13382,US,US,REALE,FOODW,109.15,0.0,0.0,0.0,0.0,0.0
13487,US,US,REALE,WOODW,109.08,0.0,0.0,0.0,0.0,0.0
4416,US,US,ELEC3,FINAN,105.36,0.0,0.0,0.0,0.0,0.0
4423,US,US,ELEC3,FOUND,96.88,0.0,0.0,0.0,0.0,0.0
13436,US,US,REALE,PIGS9,90.9,0.0,0.0,0.0,0.0,0.0
4506,US,US,ELEC3,SUGAR,87.39,0.0,0.0,0.0,0.0,0.0
13472,US,US,REALE,TEXT2,85.5,0.0,0.0,0.0,0.0,0.0
4497,US,US,ELEC3,RUBBE,83.69,0.0,0.0,0.0,0.0,0.0
4475,US,US,ELEC3,PLANT,83.18,0.0,0.0,0.0,0.0,0.0
13385,US,US,REALE,FURNI,82.89,0.0,0.0,0.0,0.0,0.0
665,US,US,AUXIL,MEDIC,81.7,0.0,0.0,0.0,0.0,0.0
616,US,US,AUXIL,ELEC3,81.57,0.0,0.0,0.0,0.0,0.0
4516,US,US,ELEC3,VEGET,80.17,0.0,0.0,0.0,0.0,0.0
702,US,US,AUXIL,RADIO,78.48,0.0,0.0,0.0,0.0,0.0
597,US,US,AUXIL,CHEMI,77.94,0.0,0.0,0.0,0.0,0.0
2782,US,US,COMPU,TOBAC,74.39,0.0,0.0,0.0,0.0,0.0
4510,US,US,ELEC3,TEXTI,73.78,0.0,0.0,0.0,0.0,0.0
13260,US,US,RAILW,COMPU,73.71,0.0,0.0,0.0,0.0,0.0
13407,US,US,REALE,MACHI,72.87,0.0,0.0,0.0,0.0,0.0
15372,US,US,TEXT1,HOTEL,62.61,0.0,0.0,0.0,0.0,0.0
14571,US,US,SEWAG,DIST1,62.19,0.0,0.0,0.0,0.0,0.0
11173,US,US,PADDY,RESEA,53.91,0.0,0.0,0.0,0.0,0.0
10892,US,US,OFFIC,MEDIC,55.77,0.0,0.0,0.0,0.0,0.0
6144,US,US,FOOD4,AUXIL,57.53,0.0,0.0,0.0,0.0,0.0
4151,US,US,ELEC1,MEMBE,57.53,0.0,0.0,0.0,0.0,0.0
12192,US,US,PLAS1,RUBBE,57.52,0.0,0.0,0.0,0.0,0.0
16638,US,US,WHOLE,POSTT,57.21,0.0,0.0,0.0,0.0,0.0
15135,US,US,SUGAR,RESEA,56.9,0.0,0.0,0.0,0.0,0.0
8036,US,US,INTER,INSUR,56.88,0.0,0.0,0.0,0.0,0.0
11477,US,US,PAPE3,RENTI,56.76,0.0,0.0,0.0,0.0,0.0
13895,US,US,RESEA,COPP1,56.46,0.0,0.0,0.0,0.0,0.0
4452,US,US,ELEC3,MEMBE,56.06,0.0,0.0,0.0,0.0,0.0
13491,US,US,RECRE,ALUM1,55.85,0.0,0.0,0.0,0.0,0.0
13600,US,US,RECRE,PLAS2,55.74,0.0,0.0,0.0,0.0,0.0
13844,US,US,RENTI,SECO9,61.97,0.0,0.0,0.0,0.0,0.0
2644,US,US,COMPU,BRICK,55.63,0.0,0.0,0.0,0.0,0.0
11495,US,US,PAPE3,TEXTI,55.52,0.0,0.0,0.0,0.0,0.0
13549,US,US,RECRE,GLASS,55.5,0.0,0.0,0.0,0.0,0.0
13375,US,US,REALE,FABRI,55.28,0.0,0.0,0.0,0.0,0.0
13413,US,US,REALE,MEDIC,55.06,0.0,0.0,0.0,0.0,0.0
15161,US,US,SUPPO,BRICK,54.84,0.0,0.0,0.0,0.0,0.0
15157,US,US,SUPPO,BIOGA,54.83,0.0,0.0,0.0,0.0,0.0
11639,US,US,PAPE4,RENTI,54.81,0.0,0.0,0.0,0.0,0.0
11481,US,US,PAPE3,RUBBE,54.2,0.0,0.0,0.0,0.0,0.0
15337,US,US,TEXT1,CONST,54.04,0.0,0.0,0.0,0.0,0.0
13888,US,US,RESEA,CHEMI,57.83,0.0,0.0,0.0,0.0,0.0
5714,US,US,FINAN,MEATP,57.93,0.0,0.0,0.0,0.0,0.0
12605,US,US,POSTT,TRAN2,58.1,0.0,0.0,0.0,0.0,0.0
797,US,US,BASIC,COPP1,58.4,0.0,0.0,0.0,0.0,0.0
15464,US,US,TEXT1,WHOLE,61.64,0.0,0.0,0.0,0.0,0.0
6170,US,US,FOOD4,CRUDE,61.43,0.0,0.0,0.0,0.0,0.0
16951,US,US,WOOD2,POSTT,61.36,0.0,0.0,0.0,0.0,0.0
11320,US,US,PAPE1,SALEM,61.2,0.0,0.0,0.0,0.0,0.0
6510,US,US,FOODW,POSTT,60.95,0.0,0.0,0.0,0.0,0.0
6540,US,US,FOODW,SUPPO,60.93,0.0,0.0,0.0,0.0,0.0
14540,US,US,SEWAG,ALUM1,60.58,0.0,0.0,0.0,0.0,0.0
13853,US,US,RENTI,TEXT2,60.37,0.0,0.0,0.0,0.0,0.0
12188,US,US,PLAS1,RENTI,60.27,0.0,0.0,0.0,0.0,0.0
11615,US,US,PAPE4,PAPER,60.27,0.0,0.0,0.0,0.0,0.0
2780,US,US,COMPU,TEXT2,60.22,0.0,0.0,0.0,0.0,0.0
7845,US,US,INSUR,CROPS,60.19,0.0,0.0,0.0,0.0,0.0
7780,US,US,INERT,TRANS,59.91,0.0,0.0,0.0,0.0,0.0
13828,US,US,RENTI,PULP5,59.9,0.0,0.0,0.0,0.0,0.0
5905,US,US,FOOD2,HEALT,59.88,0.0,0.0,0.0,0.0,0.0
12206,US,US,PLAS1,TEXTI,59.61,0.0,0.0,0.0,0.0,0.0
13448,US,US,REALE,RADIO,59.45,0.0,0.0,0.0,0.0,0.0
12269,US,US,PLAS2,FABRI,58.75,0.0,0.0,0.0,0.0,0.0
12338,US,US,PLAS2,PRINT,58.55,0.0,0.0,0.0,0.0,0.0
904,US,US,BASIC,SEACO,58.53,0.0,0.0,0.0,0.0,0.0
5074,US,US,ELEC8,BASIC,58.42,0.0,0.0,0.0,0.0,0.0
14355,US,US,SALEM,WEARI,46.22,0.0,0.0,0.0,0.0,0.0
5175,US,US,ELEC8,RECRE,46.09,0.0,0.0,0.0,0.0,0.0
2769,US,US,COMPU,SANDC,38.12,0.0,0.0,0.0,0.0,0.0
9493,US,US,MEDIC,MEAT4,39.99,0.0,0.0,0.0,0.0,0.0
8873,US,US,LUBRI,DAIRY,40.23,0.0,0.0,0.0,0.0,0.0
7871,US,US,INSUR,FOODW,40.19,0.0,0.0,0.0,0.0,0.0
5163,US,US,ELEC8,PLAST,40.18,0.0,0.0,0.0,0.0,0.0
5529,US,US,FABRI,INERT,40.16,0.0,0.0,0.0,0.0,0.0
16838,US,US,WOOD2,93197,40.12,0.0,0.0,0.0,0.0,0.0
16133,US,US,VEGET,MEATP,40.06,0.0,0.0,0.0,0.0,0.0
16967,US,US,WOOD2,RESEA,40.06,0.0,0.0,0.0,0.0,0.0
5778,US,US,FINAN,TRAN2,40.05,0.0,0.0,0.0,0.0,0.0
12219,US,US,PLAS1,WOODW,40.04,0.0,0.0,0.0,0.0,0.0
9117,US,US,MACHI,RAWMI,40.02,0.0,0.0,0.0,0.0,0.0
1448,US,US,BITUM,BIOGA,39.96,0.0,0.0,0.0,0.0,0.0
6863,US,US,GASDI,93197,39.57,0.0,0.0,0.0,0.0,0.0
8378,US,US,LANDT,INERT,39.95,0.0,0.0,0.0,0.0,0.0
1409,US,US,BITU1,KEROS,39.93,0.0,0.0,0.0,0.0,0.0
5487,US,US,FABRI,COLLE,39.89,0.0,0.0,0.0,0.0,0.0
726,US,US,AUXIL,TEXT2,39.78,0.0,0.0,0.0,0.0,0.0
14444,US,US,SANDC,RECRE,39.78,0.0,0.0,0.0,0.0,0.0
4480,US,US,ELEC3,POULT,39.76,0.0,0.0,0.0,0.0,0.0
16131,US,US,VEGET,MEAT4,39.69,0.0,0.0,0.0,0.0,0.0
5384,US,US,ELECT,MEAT4,39.64,0.0,0.0,0.0,0.0,0.0
11435,US,US,PAPE3,MEMBE,39.63,0.0,0.0,0.0,0.0,0.0
10237,US,US,NATUR,BEVER,39.61,0.0,0.0,0.0,0.0,0.0
9858,US,US,MOTO1,RETAI,40.23,0.0,0.0,0.0,0.0,0.0
6423,US,US,FOODW,COMPU,40.25,0.0,0.0,0.0,0.0,0.0
12446,US,US,PLAST,TRANS,40.26,0.0,0.0,0.0,0.0,0.0
13583,US,US,RECRE,NONME,40.27,0.0,0.0,0.0,0.0,0.0
12491,US,US,POSTT,ELEC2,41.0,0.0,0.0,0.0,0.0,0.0
12387,US,US,PLAST,BIOGA,40.98,0.0,0.0,0.0,0.0,0.0
13831,US,US,RENTI,RAWMI,40.97,0.0,0.0,0.0,0.0,0.0
6463,US,US,FOODW,INLAN,40.96,0.0,0.0,0.0,0.0,0.0
10247,US,US,NATUR,CEMEN,40.86,0.0,0.0,0.0,0.0,0.0
11354,US,US,PAPE3,BASIC,40.85,0.0,0.0,0.0,0.0,0.0
13204,US,US,RADIO,PLAS1,40.82,0.0,0.0,0.0,0.0,0.0
13112,US,US,RADIO,CERAM,40.8,0.0,0.0,0.0,0.0,0.0
12167,US,US,PLAS1,PFERT,40.8,0.0,0.0,0.0,0.0,0.0
13823,US,US,RENTI,POULT,40.77,0.0,0.0,0.0,0.0,0.0
246,US,US,AIRTR,RAILW,40.7,0.0,0.0,0.0,0.0,0.0
12549,US,US,POSTT,NONF1,40.69,0.0,0.0,0.0,0.0,0.0
7964,US,US,INSUR,WOOD2,40.63,0.0,0.0,0.0,0.0,0.0
1478,US,US,BITUM,FOUND,40.61,0.0,0.0,0.0,0.0,0.0
13519,US,US,RECRE,DAIRY,40.48,0.0,0.0,0.0,0.0,0.0
1683,US,US,BUSIN,BIOG1,40.48,0.0,0.0,0.0,0.0,0.0
13967,US,US,RESEA,PAPE3,40.46,0.0,0.0,0.0,0.0,0.0
7031,US,US,GLASS,ALUM1,40.42,0.0,0.0,0.0,0.0,0.0
12350,US,US,PLAS2,RENTI,40.39,0.0,0.0,0.0,0.0,0.0
12066,US,US,PLAS1,BEVER,40.38,0.0,0.0,0.0,0.0,0.0
13914,US,US,RESEA,ETHAN,40.35,0.0,0.0,0.0,0.0,0.0
16191,US,US,WASTE,BUSIN,39.6,0.0,0.0,0.0,0.0,0.0
12368,US,US,PLAS2,TEXTI,39.57,0.0,0.0,0.0,0.0,0.0
6032,US,US,FOOD3,CRUDE,41.01,0.0,0.0,0.0,0.0,0.0
12090,US,US,PLAS1,DAIRY,38.46,0.0,0.0,0.0,0.0,0.0
10687,US,US,NONME,SUPPO,38.76,0.0,0.0,0.0,0.0,0.0
6850,US,US,FURNI,TOBAC,38.76,0.0,0.0,0.0,0.0,0.0
161,US,US,AIRTR,DIST1,38.74,0.0,0.0,0.0,0.0,0.0
9796,US,US,MOTO1,IRONO,38.68,0.0,0.0,0.0,0.0,0.0
1221,US,US,BIOGA,AIRTR,38.57,0.0,0.0,0.0,0.0,0.0
8081,US,US,INTER,PLAST,38.56,0.0,0.0,0.0,0.0,0.0
12354,US,US,PLAS2,RUBBE,38.54,0.0,0.0,0.0,0.0,0.0
9060,US,US,MACHI,INTER,38.54,0.0,0.0,0.0,0.0,0.0
2179,US,US,CHEM1,COKEO,38.52,0.0,0.0,0.0,0.0,0.0
2160,US,US,CHEM1,AUXIL,38.48,0.0,0.0,0.0,0.0,0.0
13968,US,US,RESEA,PAPE4,38.43,0.0,0.0,0.0,0.0,0.0
4278,US,US,ELEC2,FURNI,39.53,0.0,0.0,0.0,0.0,0.0
5452,US,US,ELECT,VEGE1,38.42,0.0,0.0,0.0,0.0,0.0
13933,US,US,RESEA,INLAN,38.33,0.0,0.0,0.0,0.0,0.0
9819,US,US,MOTO1,NATUR,38.32,0.0,0.0,0.0,0.0,0.0
13196,US,US,RADIO,PAPE3,38.24,0.0,0.0,0.0,0.0,0.0
15516,US,US,TEXT2,FINAN,38.21,0.0,0.0,0.0,0.0,0.0
7610,US,US,HYDRO,SANDC,38.21,0.0,0.0,0.0,0.0,0.0
1857,US,US,CATTL,RAWMI,38.2,0.0,0.0,0.0,0.0,0.0
5310,US,US,ELECT,BIOG1,38.17,0.0,0.0,0.0,0.0,0.0
10655,US,US,NONME,PAPER,38.15,0.0,0.0,0.0,0.0,0.0
8852,US,US,LUBRI,BEVER,38.13,0.0,0.0,0.0,0.0,0.0
10605,US,US,NONME,ELECT,38.84,0.0,0.0,0.0,0.0,0.0
10019,US,US,MOTOR,RETAI,38.84,0.0,0.0,0.0,0.0,0.0
16864,US,US,WOOD2,COMPU,38.86,0.0,0.0,0.0,0.0,0.0
3611,US,US,DISTR,IRONO,38.88,0.0,0.0,0.0,0.0,0.0
11516,US,US,PAPE4,BASIC,39.51,0.0,0.0,0.0,0.0,0.0
11077,US,US,OILHA,RETA1,39.48,0.0,0.0,0.0,0.0,0.0
10691,US,US,NONME,TOBAC,39.44,0.0,0.0,0.0,0.0,0.0
11190,US,US,PAPE1,AUXIL,39.41,0.0,0.0,0.0,0.0,0.0
6397,US,US,FOODW,93197,39.37,0.0,0.0,0.0,0.0,0.0
12600,US,US,POSTT,TEXT1,39.31,0.0,0.0,0.0,0.0,0.0
12997,US,US,PUBLI,INSUR,39.31,0.0,0.0,0.0,0.0,0.0
2194,US,US,CHEM1,ELEC1,39.3,0.0,0.0,0.0,0.0,0.0
14338,US,US,SALEM,SECO9,39.27,0.0,0.0,0.0,0.0,0.0
7083,US,US,GLASS,MEAT4,39.23,0.0,0.0,0.0,0.0,0.0
4192,US,US,ELEC1,RENTI,39.23,0.0,0.0,0.0,0.0,0.0
4301,US,US,ELEC2,MEAT1,39.22,0.0,0.0,0.0,0.0,0.0
13175,US,US,RADIO,MEAT1,39.22,0.0,0.0,0.0,0.0,0.0
9441,US,US,MEDIC,CRUDE,39.2,0.0,0.0,0.0,0.0,0.0
6526,US,US,FOODW,RESEA,39.15,0.0,0.0,0.0,0.0,0.0
1348,US,US,BIOGA,SEWAG,39.14,0.0,0.0,0.0,0.0,0.0
3279,US,US,CRUDE,PARAF,39.07,0.0,0.0,0.0,0.0,0.0
10198,US,US,NATU1,PRECI,39.02,0.0,0.0,0.0,0.0,0.0
14308,US,US,SALEM,PAPE4,39.01,0.0,0.0,0.0,0.0,0.0
9392,US,US,MEATP,POULT,38.95,0.0,0.0,0.0,0.0,0.0
2165,US,US,CHEM1,BIOG1,38.88,0.0,0.0,0.0,0.0,0.0
14307,US,US,SALEM,PAPE3,41.01,0.0,0.0,0.0,0.0,0.0
6981,US,US,GASDI,RESEA,41.07,0.0,0.0,0.0,0.0,0.0
1096,US,US,BIODI,RAWMI,46.08,0.0,0.0,0.0,0.0,0.0
14693,US,US,SEWAG,VEGE1,44.03,0.0,0.0,0.0,0.0,0.0
4460,US,US,ELEC3,NONME,44.65,0.0,0.0,0.0,0.0,0.0
6464,US,US,FOODW,INSUR,44.6,0.0,0.0,0.0,0.0,0.0
5688,US,US,FINAN,GASDI,44.6,0.0,0.0,0.0,0.0,0.0
5699,US,US,FINAN,IRONO,44.49,0.0,0.0,0.0,0.0,0.0
3268,US,US,CRUDE,NONFE,44.45,0.0,0.0,0.0,0.0,0.0
6713,US,US,FURNI,AUXIL,44.45,0.0,0.0,0.0,0.0,0.0
4370,US,US,ELEC2,VEGE1,44.35,0.0,0.0,0.0,0.0,0.0
12065,US,US,PLAS1,BASIC,44.25,0.0,0.0,0.0,0.0,0.0
14621,US,US,SEWAG,MACHI,44.23,0.0,0.0,0.0,0.0,0.0
9505,US,US,MEDIC,NONME,44.06,0.0,0.0,0.0,0.0,0.0
4108,US,US,ELEC1,DAIRY,44.02,0.0,0.0,0.0,0.0,0.0
882,US,US,BASIC,POSTT,43.39,0.0,0.0,0.0,0.0,0.0
645,US,US,AUXIL,INLAN,44.02,0.0,0.0,0.0,0.0,0.0
4447,US,US,ELEC3,MEAT4,44.0,0.0,0.0,0.0,0.0,0.0
14315,US,US,SALEM,PLAS1,43.82,0.0,0.0,0.0,0.0,0.0
7752,US,US,INERT,RAILW,43.74,0.0,0.0,0.0,0.0,0.0
5638,US,US,FINAN,BIOGA,43.71,0.0,0.0,0.0,0.0,0.0
4225,US,US,ELEC2,AIRTR,43.61,0.0,0.0,0.0,0.0,0.0
13985,US,US,RESEA,RECRE,43.57,0.0,0.0,0.0,0.0,0.0
10871,US,US,OFFIC,HOTEL,43.56,0.0,0.0,0.0,0.0,0.0
13847,US,US,RENTI,STONE,43.55,0.0,0.0,0.0,0.0,0.0
2668,US,US,COMPU,ELEC1,43.48,0.0,0.0,0.0,0.0,0.0
2019,US,US,CERAM,DIST1,44.65,0.0,0.0,0.0,0.0,0.0
15172,US,US,SUPPO,COLLE,44.7,0.0,0.0,0.0,0.0,0.0
4255,US,US,ELEC2,CROPS,44.73,0.0,0.0,0.0,0.0,0.0
1020,US,US,BIODI,ELEC1,44.76,0.0,0.0,0.0,0.0,0.0
13886,US,US,RESEA,CERAM,46.07,0.0,0.0,0.0,0.0,0.0
13881,US,US,RESEA,BITUM,45.9,0.0,0.0,0.0,0.0,0.0
11234,US,US,PAPE1,FABRI,45.78,0.0,0.0,0.0,0.0,0.0
4146,US,US,ELEC1,MEAT4,45.72,0.0,0.0,0.0,0.0,0.0
13062,US,US,PUBLI,TEXTI,45.59,0.0,0.0,0.0,0.0,0.0
700,US,US,AUXIL,PUBLI,45.57,0.0,0.0,0.0,0.0,0.0
10835,US,US,OFFIC,CONST,45.57,0.0,0.0,0.0,0.0,0.0
11661,US,US,PAPE4,TRANS,45.55,0.0,0.0,0.0,0.0,0.0
841,US,US,BASIC,LEAD1,45.5,0.0,0.0,0.0,0.0,0.0
4390,US,US,ELEC3,BIOGA,45.45,0.0,0.0,0.0,0.0,0.0
14288,US,US,SALEM,MEATC,45.43,0.0,0.0,0.0,0.0,0.0
6269,US,US,FOOD4,RENTI,45.39,0.0,0.0,0.0,0.0,0.0
13773,US,US,RENTI,INLAN,45.32,0.0,0.0,0.0,0.0,0.0
12463,US,US,POSTT,BIOGA,45.31,0.0,0.0,0.0,0.0,0.0
13842,US,US,RENTI,SANDC,45.3,0.0,0.0,0.0,0.0,0.0
6741,US,US,FURNI,DIST1,45.27,0.0,0.0,0.0,0.0,0.0
8102,US,US,INTER,SALEM,45.12,0.0,0.0,0.0,0.0,0.0
15252,US,US,SUPPO,PAPE3,45.06,0.0,0.0,0.0,0.0,0.0
12326,US,US,PLAS2,PAPER,44.89,0.0,0.0,0.0,0.0,0.0
13980,US,US,RESEA,PUBLI,44.85,0.0,0.0,0.0,0.0,0.0
7659,US,US,INERT,DAIRY,44.83,0.0,0.0,0.0,0.0,0.0
12426,US,US,PLAST,OFFIC,43.46,0.0,0.0,0.0,0.0,0.0
7108,US,US,GLASS,POSTT,43.38,0.0,0.0,0.0,0.0,0.0
5549,US,US,FABRI,MEATP,41.09,0.0,0.0,0.0,0.0,0.0
4465,US,US,ELEC3,OILSE,41.49,0.0,0.0,0.0,0.0,0.0
11216,US,US,PAPE1,CRUDE,42.24,0.0,0.0,0.0,0.0,0.0
3249,US,US,CRUDE,LIGNI,42.2,0.0,0.0,0.0,0.0,0.0
4395,US,US,ELEC3,CATTL,42.17,0.0,0.0,0.0,0.0,0.0
196,US,US,AIRTR,INERT,42.02,0.0,0.0,0.0,0.0,0.0
13723,US,US,RENTI,CERAM,42.02,0.0,0.0,0.0,0.0,0.0
14636,US,US,SEWAG,NONME,42.01,0.0,0.0,0.0,0.0,0.0
10615,US,US,NONME,GASDI,41.94,0.0,0.0,0.0,0.0,0.0
16859,US,US,WOOD2,CHEM1,41.78,0.0,0.0,0.0,0.0,0.0
8362,US,US,LANDT,FISH5,41.63,0.0,0.0,0.0,0.0,0.0
2096,US,US,CEREA,BIOGA,41.51,0.0,0.0,0.0,0.0,0.0
10120,US,US,NATU1,CHEMI,41.46,0.0,0.0,0.0,0.0,0.0
13973,US,US,RESEA,PLAS1,43.36,0.0,0.0,0.0,0.0,0.0
10932,US,US,OFFIC,SEWAG,41.42,0.0,0.0,0.0,0.0,0.0
14598,US,US,SEWAG,FURNI,41.41,0.0,0.0,0.0,0.0,0.0
13576,US,US,RECRE,MOTO1,41.37,0.0,0.0,0.0,0.0,0.0
6418,US,US,FOODW,CHEM1,41.37,0.0,0.0,0.0,0.0,0.0
9148,US,US,MACHI,WEARI,41.33,0.0,0.0,0.0,0.0,0.0
3253,US,US,CRUDE,MACHI,41.3,0.0,0.0,0.0,0.0,0.0
6007,US,US,FOOD3,AUXIL,41.29,0.0,0.0,0.0,0.0,0.0
1892,US,US,CEMEN,DISTR,41.15,0.0,0.0,0.0,0.0,0.0
15521,US,US,TEXT2,FOOD5,41.13,0.0,0.0,0.0,0.0,0.0
12942,US,US,PUBLI,ALUM1,41.09,0.0,0.0,0.0,0.0,0.0
6881,US,US,GASDI,CEMEN,42.35,0.0,0.0,0.0,0.0,0.0
5103,US,US,ELEC8,FABRI,42.35,0.0,0.0,0.0,0.0,0.0
13187,US,US,RADIO,NONF1,42.35,0.0,0.0,0.0,0.0,0.0
12474,US,US,POSTT,CHEMI,42.42,0.0,0.0,0.0,0.0,0.0
1481,US,US,BITUM,GASWO,43.31,0.0,0.0,0.0,0.0,0.0
10580,US,US,NONME,BIOGA,43.26,0.0,0.0,0.0,0.0,0.0
6287,US,US,FOOD4,TEXTI,43.12,0.0,0.0,0.0,0.0,0.0
6273,US,US,FOOD4,RUBBE,43.08,0.0,0.0,0.0,0.0,0.0
6023,US,US,FOOD3,CHEM1,43.02,0.0,0.0,0.0,0.0,0.0
13590,US,US,RECRE,PAPE1,42.92,0.0,0.0,0.0,0.0,0.0
4409,US,US,ELEC3,DAIRY,42.89,0.0,0.0,0.0,0.0,0.0
10927,US,US,OFFIC,RUBBE,42.86,0.0,0.0,0.0,0.0,0.0
16904,US,US,WOOD2,INLAN,42.83,0.0,0.0,0.0,0.0,0.0
7628,US,US,INERT,AIRTR,42.81,0.0,0.0,0.0,0.0,0.0
15253,US,US,SUPPO,PAPE4,42.77,0.0,0.0,0.0,0.0,0.0
3296,US,US,CRUDE,RADIO,42.66,0.0,0.0,0.0,0.0,0.0
10919,US,US,OFFIC,REALE,42.66,0.0,0.0,0.0,0.0,0.0
1090,US,US,BIODI,PRINT,42.65,0.0,0.0,0.0,0.0,0.0
14372,US,US,SANDC,BITUM,42.64,0.0,0.0,0.0,0.0,0.0
5191,US,US,ELEC8,SUPPO,42.64,0.0,0.0,0.0,0.0,0.0
15433,US,US,TEXT1,RECRE,42.64,0.0,0.0,0.0,0.0,0.0
12146,US,US,PLAS1,MEMBE,42.57,0.0,0.0,0.0,0.0,0.0
16905,US,US,WOOD2,INSUR,42.54,0.0,0.0,0.0,0.0,0.0
9247,US,US,MEAT4,POULT,42.53,0.0,0.0,0.0,0.0,0.0
2122,US,US,CEREA,MEAT4,42.42,0.0,0.0,0.0,0.0,0.0
254,US,US,AIRTR,RETAI,28.0,0.0,0.0,0.0,0.0,0.0
13826,US,US,RENTI,PROCE,27.95,0.0,0.0,0.0,0.0,0.0
3646,US,US,DISTR,PAPE4,15.88,0.0,0.0,0.0,0.0,0.0
13958,US,US,RESEA,NFERT,19.31,0.0,0.0,0.0,0.0,0.0
12783,US,US,PRINT,DAIRY,19.45,0.0,0.0,0.0,0.0,0.0
3255,US,US,CRUDE,MEAT4,19.45,0.0,0.0,0.0,0.0,0.0
13169,US,US,RADIO,LEATH,19.44,0.0,0.0,0.0,0.0,0.0
13283,US,US,RAILW,PRINT,19.41,0.0,0.0,0.0,0.0,0.0
5442,US,US,ELECT,SUGA1,19.39,0.0,0.0,0.0,0.0,0.0
16613,US,US,WHOLE,MOTOR,19.38,0.0,0.0,0.0,0.0,0.0
47,US,US,93197,FOOD4,19.36,0.0,0.0,0.0,0.0,0.0
1988,US,US,CEMEN,TRAN2,19.34,0.0,0.0,0.0,0.0,0.0
3664,US,US,DISTR,RAILW,19.32,0.0,0.0,0.0,0.0,0.0
13577,US,US,RECRE,MOTOR,19.32,0.0,0.0,0.0,0.0,0.0
7709,US,US,INERT,MACHI,19.31,0.0,0.0,0.0,0.0,0.0
223,US,US,AIRTR,NONF1,19.5,0.0,0.0,0.0,0.0,0.0
15310,US,US,TEXT1,93197,19.28,0.0,0.0,0.0,0.0,0.0
1896,US,US,CEMEN,ELEC1,19.27,0.0,0.0,0.0,0.0,0.0
1880,US,US,CEMEN,CHEMI,19.27,0.0,0.0,0.0,0.0,0.0
2243,US,US,CHEM1,MEATC,19.26,0.0,0.0,0.0,0.0,0.0
4286,US,US,ELEC2,INLAN,19.25,0.0,0.0,0.0,0.0,0.0
5807,US,US,FISH5,MEMBE,19.24,0.0,0.0,0.0,0.0,0.0
12900,US,US,PRINT,TRANS,19.21,0.0,0.0,0.0,0.0,0.0
4446,US,US,ELEC3,MEAT1,19.21,0.0,0.0,0.0,0.0,0.0
13358,US,US,REALE,DAIRY,19.2,0.0,0.0,0.0,0.0,0.0
2844,US,US,CONST,ETHAN,19.19,0.0,0.0,0.0,0.0,0.0
3628,US,US,DISTR,MEDIC,19.49,0.0,0.0,0.0,0.0,0.0
13908,US,US,RESEA,ELEC5,19.51,0.0,0.0,0.0,0.0,0.0
2699,US,US,COMPU,INLAN,27.94,0.0,0.0,0.0,0.0,0.0
4145,US,US,ELEC1,MEAT1,19.71,0.0,0.0,0.0,0.0,0.0
15792,US,US,TRAN1,CROPS,19.81,0.0,0.0,0.0,0.0,0.0
9032,US,US,MACHI,ELEC5,19.81,0.0,0.0,0.0,0.0,0.0
2848,US,US,CONST,FISHF,19.8,0.0,0.0,0.0,0.0,0.0
11217,US,US,PAPE1,DAIRY,19.8,0.0,0.0,0.0,0.0,0.0
14951,US,US,SUBBI,CHEM1,19.76,0.0,0.0,0.0,0.0,0.0
5372,US,US,ELECT,IRONO,19.75,0.0,0.0,0.0,0.0,0.0
10221,US,US,NATU1,TRAN1,19.73,0.0,0.0,0.0,0.0,0.0
4674,US,US,ELEC5,BEVER,19.73,0.0,0.0,0.0,0.0,0.0
9851,US,US,MOTO1,REALE,19.73,0.0,0.0,0.0,0.0,0.0
15835,US,US,TRAN1,MACHI,19.72,0.0,0.0,0.0,0.0,0.0
218,US,US,AIRTR,MOTOR,19.71,0.0,0.0,0.0,0.0,0.0
1445,US,US,BITUM,BEVER,19.52,0.0,0.0,0.0,0.0,0.0
2784,US,US,COMPU,TRAN2,19.68,0.0,0.0,0.0,0.0,0.0
11954,US,US,PFERT,PLANT,19.67,0.0,0.0,0.0,0.0,0.0
6201,US,US,FOOD4,GLASS,19.66,0.0,0.0,0.0,0.0,0.0
13633,US,US,RECRE,TEXT2,19.66,0.0,0.0,0.0,0.0,0.0
16135,US,US,VEGET,MEMBE,19.64,0.0,0.0,0.0,0.0,0.0
7951,US,US,INSUR,TEXT1,19.64,0.0,0.0,0.0,0.0,0.0
8119,US,US,INTER,TRANS,19.63,0.0,0.0,0.0,0.0,0.0
13677,US,US,REFIN,CHEM1,19.57,0.0,0.0,0.0,0.0,0.0
3254,US,US,CRUDE,MEAT1,19.55,0.0,0.0,0.0,0.0,0.0
13185,US,US,RADIO,NATUR,19.53,0.0,0.0,0.0,0.0,0.0
12109,US,US,PLAS1,FISH5,19.18,0.0,0.0,0.0,0.0,0.0
15437,US,US,TEXT1,RESEA,19.18,0.0,0.0,0.0,0.0,0.0
4745,US,US,ELEC5,NONME,19.17,0.0,0.0,0.0,0.0,0.0
16966,US,US,WOOD2,RENTI,18.6,0.0,0.0,0.0,0.0,0.0
15336,US,US,TEXT1,COMPU,18.72,0.0,0.0,0.0,0.0,0.0
9152,US,US,MACHI,WOOD1,18.7,0.0,0.0,0.0,0.0,0.0
10013,US,US,MOTOR,RECRE,18.69,0.0,0.0,0.0,0.0,0.0
13609,US,US,RECRE,RADIO,18.69,0.0,0.0,0.0,0.0,0.0
5814,US,US,FISH5,SEACO,18.67,0.0,0.0,0.0,0.0,0.0
15763,US,US,TRAN1,AIRTR,18.66,0.0,0.0,0.0,0.0,0.0
9830,US,US,MOTO1,PAPE3,18.64,0.0,0.0,0.0,0.0,0.0
8919,US,US,LUBRI,LIQUE,18.63,0.0,0.0,0.0,0.0,0.0
12302,US,US,PLAS2,MEAT1,18.62,0.0,0.0,0.0,0.0,0.0
3062,US,US,COPPE,CERAM,18.62,0.0,0.0,0.0,0.0,0.0
1277,US,US,BIOGA,HEALT,18.59,0.0,0.0,0.0,0.0,0.0
11309,US,US,PAPE1,RAILW,19.17,0.0,0.0,0.0,0.0,0.0
14251,US,US,SALEM,ELECT,18.57,0.0,0.0,0.0,0.0,0.0
6525,US,US,FOODW,RENTI,18.55,0.0,0.0,0.0,0.0,0.0
846,US,US,BASIC,LIQUI,18.55,0.0,0.0,0.0,0.0,0.0
16584,US,US,WHOLE,FORES,18.53,0.0,0.0,0.0,0.0,0.0
12238,US,US,PLAS2,CEMEN,18.51,0.0,0.0,0.0,0.0,0.0
14639,US,US,SEWAG,OFFIC,18.51,0.0,0.0,0.0,0.0,0.0
13364,US,US,REALE,ELEC1,18.5,0.0,0.0,0.0,0.0,0.0
229,US,US,AIRTR,PAPE1,18.5,0.0,0.0,0.0,0.0,0.0
16402,US,US,WHEAT,CEREA,18.47,0.0,0.0,0.0,0.0,0.0
4695,US,US,ELEC5,DAIRY,18.46,0.0,0.0,0.0,0.0,0.0
16790,US,US,WOOD1,PLAST,18.72,0.0,0.0,0.0,0.0,0.0
16286,US,US,WASTE,PRINT,18.74,0.0,0.0,0.0,0.0,0.0
11186,US,US,PAPE1,AIRTR,18.75,0.0,0.0,0.0,0.0,0.0
162,US,US,AIRTR,DISTR,18.76,0.0,0.0,0.0,0.0,0.0
12041,US,US,PIGS9,SUPPO,19.17,0.0,0.0,0.0,0.0,0.0
12634,US,US,POULT,RESEA,19.17,0.0,0.0,0.0,0.0,0.0
4676,US,US,ELEC5,BIOGA,19.15,0.0,0.0,0.0,0.0,0.0
2840,US,US,CONST,ELEC7,19.14,0.0,0.0,0.0,0.0,0.0
7487,US,US,HOTEL,TEXT1,19.14,0.0,0.0,0.0,0.0,0.0
12907,US,US,PRINT,WOOD1,19.11,0.0,0.0,0.0,0.0,0.0
14585,US,US,SEWAG,ELECT,19.1,0.0,0.0,0.0,0.0,0.0
1778,US,US,BUSIN,OILSE,19.07,0.0,0.0,0.0,0.0,0.0
5111,US,US,ELEC8,FOUND,19.07,0.0,0.0,0.0,0.0,0.0
2344,US,US,CHEMI,CRUDE,19.06,0.0,0.0,0.0,0.0,0.0
8806,US,US,LIQUI,PAPER,19.03,0.0,0.0,0.0,0.0,0.0
4330,US,US,ELEC2,PLANT,19.02,0.0,0.0,0.0,0.0,0.0
2476,US,US,COLLE,ALUM1,18.99,0.0,0.0,0.0,0.0,0.0
7781,US,US,INERT,VEGE1,18.9,0.0,0.0,0.0,0.0,0.0
15498,US,US,TEXT2,CRUDE,18.88,0.0,0.0,0.0,0.0,0.0
12303,US,US,PLAS2,MEAT4,18.86,0.0,0.0,0.0,0.0,0.0
8906,US,US,LUBRI,HYDRO,18.85,0.0,0.0,0.0,0.0,0.0
2977,US,US,COPP1,DIST1,18.84,0.0,0.0,0.0,0.0,0.0
6316,US,US,FOOD5,CROPS,18.84,0.0,0.0,0.0,0.0,0.0
656,US,US,AUXIL,LIQUE,18.79,0.0,0.0,0.0,0.0,0.0
15729,US,US,TEXTI,RENTI,18.79,0.0,0.0,0.0,0.0,0.0
11181,US,US,PADDY,VEGE1,19.83,0.0,0.0,0.0,0.0,0.0
4373,US,US,ELEC2,WHEAT,19.84,0.0,0.0,0.0,0.0,0.0
3374,US,US,DAIRY,POULT,19.85,0.0,0.0,0.0,0.0,0.0
14852,US,US,STONE,CEREA,20.73,0.0,0.0,0.0,0.0,0.0
12603,US,US,POSTT,TOBAC,20.8,0.0,0.0,0.0,0.0,0.0
3232,US,US,CRUDE,FOUND,20.79,0.0,0.0,0.0,0.0,0.0
8404,US,US,LANDT,NATUR,20.78,0.0,0.0,0.0,0.0,0.0
4123,US,US,ELEC1,FURNI,20.78,0.0,0.0,0.0,0.0,0.0
8730,US,US,LIQUE,NONME,20.78,0.0,0.0,0.0,0.0,0.0
3607,US,US,DISTR,INERT,20.77,0.0,0.0,0.0,0.0,0.0
4366,US,US,ELEC2,TOBAC,20.77,0.0,0.0,0.0,0.0,0.0
2480,US,US,COLLE,BEVER,20.76,0.0,0.0,0.0,0.0,0.0
15515,US,US,TEXT2,FABRI,20.74,0.0,0.0,0.0,0.0,0.0
5821,US,US,FISHF,BUSIN,20.73,0.0,0.0,0.0,0.0,0.0
7145,US,US,HEALT,ANIMA,20.73,0.0,0.0,0.0,0.0,0.0
6501,US,US,FOODW,PAPER,20.57,0.0,0.0,0.0,0.0,0.0
11349,US,US,PAPE3,ALUM1,20.73,0.0,0.0,0.0,0.0,0.0
8340,US,US,LANDT,COPP1,20.71,0.0,0.0,0.0,0.0,0.0
6222,US,US,FOOD4,MEAT4,20.69,0.0,0.0,0.0,0.0,0.0
9398,US,US,MEATP,RECRE,20.69,0.0,0.0,0.0,0.0,0.0
5478,US,US,FABRI,CATTL,20.66,0.0,0.0,0.0,0.0,0.0
7268,US,US,HEAVY,MOTO1,20.63,0.0,0.0,0.0,0.0,0.0
13558,US,US,RECRE,IRONO,20.63,0.0,0.0,0.0,0.0,0.0
11346,US,US,PAPE1,WOODW,20.61,0.0,0.0,0.0,0.0,0.0
3803,US,US,EDUCA,PUBLI,20.6,0.0,0.0,0.0,0.0,0.0
1349,US,US,BIOGA,STONE,20.59,0.0,0.0,0.0,0.0,0.0
8350,US,US,LANDT,ELEC2,20.81,0.0,0.0,0.0,0.0,0.0
14077,US,US,RUBBE,ELEC1,20.84,0.0,0.0,0.0,0.0,0.0
15782,US,US,TRAN1,CEREA,20.85,0.0,0.0,0.0,0.0,0.0
15584,US,US,TEXT2,PRINT,20.86,0.0,0.0,0.0,0.0,0.0
10684,US,US,NONME,STONE,21.08,0.0,0.0,0.0,0.0,0.0
11380,US,US,PAPE3,DIST1,21.07,0.0,0.0,0.0,0.0,0.0
4595,US,US,ELEC4,MEMBE,21.06,0.0,0.0,0.0,0.0,0.0
3216,US,US,CRUDE,COPPE,21.06,0.0,0.0,0.0,0.0,0.0
6999,US,US,GASDI,TOBAC,21.06,0.0,0.0,0.0,0.0,0.0
10343,US,US,NATUR,POULT,21.05,0.0,0.0,0.0,0.0,0.0
13294,US,US,RAILW,SALEM,21.05,0.0,0.0,0.0,0.0,0.0
2598,US,US,COLLE,RESEA,21.02,0.0,0.0,0.0,0.0,0.0
1937,US,US,CEMEN,MEATC,21.02,0.0,0.0,0.0,0.0,0.0
15665,US,US,TEXTI,FOOD5,20.99,0.0,0.0,0.0,0.0,0.0
9180,US,US,MEAT1,RESEA,20.98,0.0,0.0,0.0,0.0,0.0
1978,US,US,CEMEN,SANDC,20.96,0.0,0.0,0.0,0.0,0.0
10093,US,US,NAPHT,RUBBE,20.96,0.0,0.0,0.0,0.0,0.0
11542,US,US,PAPE4,DIST1,20.95,0.0,0.0,0.0,0.0,0.0
13195,US,US,RADIO,PAPE1,20.95,0.0,0.0,0.0,0.0,0.0
189,US,US,AIRTR,GASDI,20.94,0.0,0.0,0.0,0.0,0.0
11193,US,US,PAPE1,BEVER,20.91,0.0,0.0,0.0,0.0,0.0
12231,US,US,PLAS2,BIOGA,20.9,0.0,0.0,0.0,0.0,0.0
10679,US,US,NONME,SALEM,20.88,0.0,0.0,0.0,0.0,0.0
16050,US,US,VEGE1,MEAT1,20.87,0.0,0.0,0.0,0.0,0.0
8762,US,US,LIQUI,ELEC1,20.87,0.0,0.0,0.0,0.0,0.0
13574,US,US,RECRE,MEDIC,20.58,0.0,0.0,0.0,0.0,0.0
11660,US,US,PAPE4,TRAN2,20.53,0.0,0.0,0.0,0.0,0.0
1027,US,US,BIODI,FINAN,19.87,0.0,0.0,0.0,0.0,0.0
4173,US,US,ELEC1,PIGS9,19.99,0.0,0.0,0.0,0.0,0.0
5720,US,US,FINAN,NATU1,20.12,0.0,0.0,0.0,0.0,0.0
14154,US,US,RUBBE,PLAS2,20.11,0.0,0.0,0.0,0.0,0.0
15331,US,US,TEXT1,CHEM1,20.1,0.0,0.0,0.0,0.0,0.0
9233,US,US,MEAT4,MEMBE,20.09,0.0,0.0,0.0,0.0,0.0
11511,US,US,PAPE4,ALUM1,20.06,0.0,0.0,0.0,0.0,0.0
8966,US,US,LUBRI,RUBBE,20.05,0.0,0.0,0.0,0.0,0.0
3219,US,US,CRUDE,DAIRY,20.05,0.0,0.0,0.0,0.0,0.0
1006,US,US,BIODI,CHEM1,20.04,0.0,0.0,0.0,0.0,0.0
10587,US,US,NONME,CERAM,20.03,0.0,0.0,0.0,0.0,0.0
12833,US,US,PRINT,MEAT4,20.01,0.0,0.0,0.0,0.0,0.0
9838,US,US,MOTO1,PLAS1,19.99,0.0,0.0,0.0,0.0,0.0
8171,US,US,IRONO,MEAT4,20.53,0.0,0.0,0.0,0.0,0.0
14679,US,US,SEWAG,SEWAG,19.98,0.0,0.0,0.0,0.0,0.0
5466,US,US,FABRI,AUXIL,19.98,0.0,0.0,0.0,0.0,0.0
13724,US,US,RENTI,CEREA,19.97,0.0,0.0,0.0,0.0,0.0
13378,US,US,REALE,FOOD2,19.96,0.0,0.0,0.0,0.0,0.0
1278,US,US,BIOGA,HEAVY,19.95,0.0,0.0,0.0,0.0,0.0
13078,US,US,PULP5,CHEM1,19.95,0.0,0.0,0.0,0.0,0.0
7688,US,US,INERT,GASDI,19.92,0.0,0.0,0.0,0.0,0.0
1032,US,US,BIODI,FOOD5,19.91,0.0,0.0,0.0,0.0,0.0
10155,US,US,NATU1,GASDI,19.91,0.0,0.0,0.0,0.0,0.0
14302,US,US,SALEM,OFFIC,19.9,0.0,0.0,0.0,0.0,0.0
4372,US,US,ELEC2,WEARI,20.12,0.0,0.0,0.0,0.0,0.0
15288,US,US,SUPPO,STONE,20.16,0.0,0.0,0.0,0.0,0.0
12692,US,US,PREC1,RENTI,20.19,0.0,0.0,0.0,0.0,0.0
9794,US,US,MOTO1,INSUR,20.21,0.0,0.0,0.0,0.0,0.0
8358,US,US,LANDT,ELECT,20.53,0.0,0.0,0.0,0.0,0.0
15376,US,US,TEXT1,INSUR,20.51,0.0,0.0,0.0,0.0,0.0
16942,US,US,WOOD2,PAPER,20.49,0.0,0.0,0.0,0.0,0.0
13079,US,US,PULP5,CONST,20.47,0.0,0.0,0.0,0.0,0.0
15375,US,US,TEXT1,INLAN,20.46,0.0,0.0,0.0,0.0,0.0
7348,US,US,HOTEL,BIODI,20.43,0.0,0.0,0.0,0.0,0.0
14610,US,US,SEWAG,IRONO,20.42,0.0,0.0,0.0,0.0,0.0
16463,US,US,WHITE,DIST1,20.41,0.0,0.0,0.0,0.0,0.0
6157,US,US,FOOD4,CEMEN,20.4,0.0,0.0,0.0,0.0,0.0
13808,US,US,RENTI,OILSE,20.39,0.0,0.0,0.0,0.0,0.0
8448,US,US,LANDT,SECO9,20.37,0.0,0.0,0.0,0.0,0.0
5406,US,US,ELECT,PAPE4,20.36,0.0,0.0,0.0,0.0,0.0
11775,US,US,PAPER,PAPE1,20.35,0.0,0.0,0.0,0.0,0.0
10856,US,US,OFFIC,FABRI,20.33,0.0,0.0,0.0,0.0,0.0
15301,US,US,SUPPO,VEGET,20.3,0.0,0.0,0.0,0.0,0.0
4357,US,US,ELEC2,SEWAG,20.3,0.0,0.0,0.0,0.0,0.0
10838,US,US,OFFIC,CRUDE,20.29,0.0,0.0,0.0,0.0,0.0
6221,US,US,FOOD4,MEAT1,20.28,0.0,0.0,0.0,0.0,0.0
6907,US,US,GASDI,FOOD5,20.27,0.0,0.0,0.0,0.0,0.0
2869,US,US,CONST,KERO1,20.26,0.0,0.0,0.0,0.0,0.0
2071,US,US,CERAM,RENTI,20.22,0.0,0.0,0.0,0.0,0.0
5649,US,US,FINAN,CHEMI,18.46,0.0,0.0,0.0,0.0,0.0
10840,US,US,OFFIC,DIST1,18.44,0.0,0.0,0.0,0.0,0.0
12671,US,US,PREC1,MEDIC,18.4,0.0,0.0,0.0,0.0,0.0
15129,US,US,SUGAR,PLAS2,16.6,0.0,0.0,0.0,0.0,0.0
9520,US,US,MEDIC,PLAS2,16.76,0.0,0.0,0.0,0.0,0.0
2336,US,US,CHEMI,CEREA,16.71,0.0,0.0,0.0,0.0,0.0
5605,US,US,FABRI,STONE,16.69,0.0,0.0,0.0,0.0,0.0
5355,US,US,ELECT,FOOD4,16.68,0.0,0.0,0.0,0.0,0.0
3645,US,US,DISTR,PAPE3,16.68,0.0,0.0,0.0,0.0,0.0
15224,US,US,SUPPO,LEATH,16.68,0.0,0.0,0.0,0.0,0.0
4603,US,US,ELEC4,NONME,16.65,0.0,0.0,0.0,0.0,0.0
5070,US,US,ELEC8,ALUM1,16.63,0.0,0.0,0.0,0.0,0.0
6141,US,US,FOOD4,ALUM1,16.63,0.0,0.0,0.0,0.0,0.0
7761,US,US,INERT,RETAI,16.61,0.0,0.0,0.0,0.0,0.0
14457,US,US,SANDC,TEXTI,16.57,0.0,0.0,0.0,0.0,0.0
16726,US,US,WOOD1,FABRI,16.43,0.0,0.0,0.0,0.0,0.0
11684,US,US,PAPER,BITUM,16.56,0.0,0.0,0.0,0.0,0.0
9945,US,US,MOTOR,FORES,16.56,0.0,0.0,0.0,0.0,0.0
1980,US,US,CEMEN,SEWAG,16.56,0.0,0.0,0.0,0.0,0.0
11072,US,US,OILHA,RECRE,16.56,0.0,0.0,0.0,0.0,0.0
474,US,US,ANIMA,SUPPO,16.55,0.0,0.0,0.0,0.0,0.0
14274,US,US,SALEM,INTER,16.55,0.0,0.0,0.0,0.0,0.0
2627,US,US,COLLE,WOODW,16.55,0.0,0.0,0.0,0.0,0.0
7230,US,US,HEAVY,FABRI,16.52,0.0,0.0,0.0,0.0,0.0
16587,US,US,WHOLE,GASDI,16.51,0.0,0.0,0.0,0.0,0.0
12637,US,US,POULT,WEARI,16.49,0.0,0.0,0.0,0.0,0.0
10318,US,US,NATUR,NAPHT,16.76,0.0,0.0,0.0,0.0,0.0
14955,US,US,SUBBI,COLLE,16.77,0.0,0.0,0.0,0.0,0.0
4244,US,US,ELEC2,CERAM,16.77,0.0,0.0,0.0,0.0,0.0
14921,US,US,STONE,SANDC,16.8,0.0,0.0,0.0,0.0,0.0
3658,US,US,DISTR,PREC1,17.02,0.0,0.0,0.0,0.0,0.0
12555,US,US,POSTT,OILHA,17.01,0.0,0.0,0.0,0.0,0.0
6730,US,US,FURNI,CHEMI,17.0,0.0,0.0,0.0,0.0,0.0
2973,US,US,COPP1,COMPU,16.99,0.0,0.0,0.0,0.0,0.0
11560,US,US,PAPE4,FISH5,16.99,0.0,0.0,0.0,0.0,0.0
1916,US,US,CEMEN,GASDI,16.99,0.0,0.0,0.0,0.0,0.0
1466,US,US,BITUM,DAIRY,16.98,0.0,0.0,0.0,0.0,0.0
4234,US,US,ELEC2,BIODI,16.97,0.0,0.0,0.0,0.0,0.0
11502,US,US,PAPE3,WEARI,16.97,0.0,0.0,0.0,0.0,0.0
300,US,US,ALUM1,DAIRY,16.95,0.0,0.0,0.0,0.0,0.0
13261,US,US,RAILW,CONST,16.93,0.0,0.0,0.0,0.0,0.0
1281,US,US,BIOGA,INERT,16.93,0.0,0.0,0.0,0.0,0.0
4406,US,US,ELEC3,COPP1,16.92,0.0,0.0,0.0,0.0,0.0
11711,US,US,PAPER,ELEC3,16.88,0.0,0.0,0.0,0.0,0.0
10504,US,US,NONF1,RESEA,16.88,0.0,0.0,0.0,0.0,0.0
3138,US,US,CROPS,MEATP,16.87,0.0,0.0,0.0,0.0,0.0
14858,US,US,STONE,CROPS,16.87,0.0,0.0,0.0,0.0,0.0
6290,US,US,FOOD4,TRAN2,16.86,0.0,0.0,0.0,0.0,0.0
6941,US,US,GASDI,MOTOR,16.84,0.0,0.0,0.0,0.0,0.0
16794,US,US,WOOD1,PRINT,16.81,0.0,0.0,0.0,0.0,0.0
3129,US,US,CROPS,LEATH,16.8,0.0,0.0,0.0,0.0,0.0
4150,US,US,ELEC1,MEDIC,16.48,0.0,0.0,0.0,0.0,0.0
9403,US,US,MEATP,SEACO,16.41,0.0,0.0,0.0,0.0,0.0
13596,US,US,RECRE,PFERT,17.05,0.0,0.0,0.0,0.0,0.0
1088,US,US,BIODI,POULT,15.99,0.0,0.0,0.0,0.0,0.0
16278,US,US,WASTE,PFERT,16.14,0.0,0.0,0.0,0.0,0.0
13021,US,US,PUBLI,NONME,16.11,0.0,0.0,0.0,0.0,0.0
7495,US,US,HOTEL,VEGET,16.09,0.0,0.0,0.0,0.0,0.0
8999,US,US,MACHI,BIOG1,16.08,0.0,0.0,0.0,0.0,0.0
1969,US,US,CEMEN,RAILW,16.06,0.0,0.0,0.0,0.0,0.0
16616,US,US,WHOLE,NATUR,16.03,0.0,0.0,0.0,0.0,0.0
4230,US,US,ELEC2,AUXIL,16.03,0.0,0.0,0.0,0.0,0.0
5537,US,US,FABRI,LEAD1,16.02,0.0,0.0,0.0,0.0,0.0
16444,US,US,WHITE,AIRTR,16.01,0.0,0.0,0.0,0.0,0.0
15006,US,US,SUBBI,PAPER,16.01,0.0,0.0,0.0,0.0,0.0
11196,US,US,PAPE1,BIOGA,15.99,0.0,0.0,0.0,0.0,0.0
13807,US,US,RENTI,OILHA,16.4,0.0,0.0,0.0,0.0,0.0
9544,US,US,MEDIC,SECO9,15.99,0.0,0.0,0.0,0.0,0.0
9539,US,US,MEDIC,RETAI,15.99,0.0,0.0,0.0,0.0,0.0
2688,US,US,COMPU,FORES,15.98,0.0,0.0,0.0,0.0,0.0
13056,US,US,PUBLI,SEWAG,15.98,0.0,0.0,0.0,0.0,0.0
8055,US,US,INTER,MEMBE,15.96,0.0,0.0,0.0,0.0,0.0
5618,US,US,FABRI,VEGET,15.96,0.0,0.0,0.0,0.0,0.0
1455,US,US,BITUM,CERAM,15.93,0.0,0.0,0.0,0.0,0.0
10764,US,US,NONSP,PLAST,15.92,0.0,0.0,0.0,0.0,0.0
15813,US,US,TRAN1,FURNI,15.91,0.0,0.0,0.0,0.0,0.0
9996,US,US,MOTOR,PFERT,15.89,0.0,0.0,0.0,0.0,0.0
4532,US,US,ELEC4,BEVER,16.15,0.0,0.0,0.0,0.0,0.0
5376,US,US,ELECT,LEAD1,16.15,0.0,0.0,0.0,0.0,0.0
12278,US,US,PLAS2,FOUND,16.16,0.0,0.0,0.0,0.0,0.0
9378,US,US,MEATP,MEAT4,16.18,0.0,0.0,0.0,0.0,0.0
10373,US,US,NATUR,TEXTI,16.4,0.0,0.0,0.0,0.0,0.0
8459,US,US,LANDT,TOBAC,16.4,0.0,0.0,0.0,0.0,0.0
1873,US,US,CEMEN,BITUM,16.38,0.0,0.0,0.0,0.0,0.0
2733,US,US,COMPU,OILHA,16.37,0.0,0.0,0.0,0.0,0.0
2483,US,US,COLLE,BIOGA,16.34,0.0,0.0,0.0,0.0,0.0
11664,US,US,PAPE4,WEARI,16.33,0.0,0.0,0.0,0.0,0.0
16398,US,US,WHEAT,BIOGA,16.31,0.0,0.0,0.0,0.0,0.0
12966,US,US,PUBLI,DIST1,16.3,0.0,0.0,0.0,0.0,0.0
3448,US,US,DIST1,HEAVY,16.3,0.0,0.0,0.0,0.0,0.0
13934,US,US,RESEA,INTER,16.29,0.0,0.0,0.0,0.0,0.0
13987,US,US,RESEA,REFIN,16.29,0.0,0.0,0.0,0.0,0.0
12139,US,US,PLAS1,MACHI,16.28,0.0,0.0,0.0,0.0,0.0
4553,US,US,ELEC4,DAIRY,16.28,0.0,0.0,0.0,0.0,0.0
4474,US,US,ELEC3,PIGS9,16.27,0.0,0.0,0.0,0.0,0.0
14633,US,US,SEWAG,NATUR,16.27,0.0,0.0,0.0,0.0,0.0
1527,US,US,BITUM,POULT,16.27,0.0,0.0,0.0,0.0,0.0
12211,US,US,PLAS1,VEGE1,16.26,0.0,0.0,0.0,0.0,0.0
13604,US,US,RECRE,PREC1,16.23,0.0,0.0,0.0,0.0,0.0
13907,US,US,RESEA,ELEC4,16.23,0.0,0.0,0.0,0.0,0.0
2672,US,US,COMPU,ELEC5,16.23,0.0,0.0,0.0,0.0,0.0
3511,US,US,DIST1,REALE,16.21,0.0,0.0,0.0,0.0,0.0
5350,US,US,ELECT,FINAN,17.03,0.0,0.0,0.0,0.0,0.0
12118,US,US,PLAS1,GASDI,17.05,0.0,0.0,0.0,0.0,0.0
4941,US,US,ELEC6,WHOLE,18.36,0.0,0.0,0.0,0.0,0.0
10216,US,US,NATU1,SUBBI,17.85,0.0,0.0,0.0,0.0,0.0
6870,US,US,GASDI,BASIC,17.99,0.0,0.0,0.0,0.0,0.0
12282,US,US,PLAS2,GLASS,17.99,0.0,0.0,0.0,0.0,0.0
6796,US,US,FURNI,NATU1,17.98,0.0,0.0,0.0,0.0,0.0
10148,US,US,NATU1,FABRI,17.96,0.0,0.0,0.0,0.0,0.0
16984,US,US,WOOD2,TEXTI,17.95,0.0,0.0,0.0,0.0,0.0
12571,US,US,POSTT,POULT,17.95,0.0,0.0,0.0,0.0,0.0
7724,US,US,INERT,NONME,17.94,0.0,0.0,0.0,0.0,0.0
6013,US,US,FOOD3,BIOGA,17.91,0.0,0.0,0.0,0.0,0.0
15678,US,US,TEXTI,INSUR,17.87,0.0,0.0,0.0,0.0,0.0
4732,US,US,ELEC5,MEAT4,17.86,0.0,0.0,0.0,0.0,0.0
4656,US,US,ELEC4,TRANS,17.85,0.0,0.0,0.0,0.0,0.0
937,US,US,BEVER,DAIRY,17.78,0.0,0.0,0.0,0.0,0.0
5554,US,US,FABRI,NAPHT,17.85,0.0,0.0,0.0,0.0,0.0
6228,US,US,FOOD4,MOTO1,17.85,0.0,0.0,0.0,0.0,0.0
11398,US,US,PAPE3,FISH5,17.85,0.0,0.0,0.0,0.0,0.0
9798,US,US,MOTO1,KEROS,17.85,0.0,0.0,0.0,0.0,0.0
15186,US,US,SUPPO,ELEC3,17.83,0.0,0.0,0.0,0.0,0.0
3653,US,US,DISTR,PLAS1,17.81,0.0,0.0,0.0,0.0,0.0
11825,US,US,PAPER,VEGET,17.81,0.0,0.0,0.0,0.0,0.0
7941,US,US,INSUR,RUBBE,17.8,0.0,0.0,0.0,0.0,0.0
9308,US,US,MEATC,MEAT4,17.8,0.0,0.0,0.0,0.0,0.0
15905,US,US,TRAN1,VEGE1,17.78,0.0,0.0,0.0,0.0,0.0
1986,US,US,CEMEN,TEXTI,18.05,0.0,0.0,0.0,0.0,0.0
5600,US,US,FABRI,SANDC,18.05,0.0,0.0,0.0,0.0,0.0
7687,US,US,INERT,FURNI,18.06,0.0,0.0,0.0,0.0,0.0
2214,US,US,CHEM1,FORES,18.07,0.0,0.0,0.0,0.0,0.0
9465,US,US,MEDIC,FOOD4,18.36,0.0,0.0,0.0,0.0,0.0
10595,US,US,NONME,COPP1,18.34,0.0,0.0,0.0,0.0,0.0
12213,US,US,PLAS1,WEARI,18.34,0.0,0.0,0.0,0.0,0.0
14453,US,US,SANDC,STONE,18.33,0.0,0.0,0.0,0.0,0.0
4105,US,US,ELEC1,COPP1,18.3,0.0,0.0,0.0,0.0,0.0
7867,US,US,INSUR,FISHF,18.29,0.0,0.0,0.0,0.0,0.0
9173,US,US,MEAT1,MEATC,18.28,0.0,0.0,0.0,0.0,0.0
2749,US,US,COMPU,POULT,18.28,0.0,0.0,0.0,0.0,0.0
8589,US,US,LEATH,BUSIN,18.28,0.0,0.0,0.0,0.0,0.0
8518,US,US,LEADZ,93197,18.27,0.0,0.0,0.0,0.0,0.0
9020,US,US,MACHI,CROPS,18.26,0.0,0.0,0.0,0.0,0.0
11894,US,US,PFERT,CRUDE,18.23,0.0,0.0,0.0,0.0,0.0
15101,US,US,SUGAR,FOOD4,18.2,0.0,0.0,0.0,0.0,0.0
1944,US,US,CEMEN,NATU1,18.19,0.0,0.0,0.0,0.0,0.0
5712,US,US,FINAN,MEAT4,18.19,0.0,0.0,0.0,0.0,0.0
13377,US,US,REALE,FISH5,18.15,0.0,0.0,0.0,0.0,0.0
10930,US,US,OFFIC,SEACO,18.15,0.0,0.0,0.0,0.0,0.0
7144,US,US,HEALT,93197,18.14,0.0,0.0,0.0,0.0,0.0
11764,US,US,PAPER,NATU1,18.14,0.0,0.0,0.0,0.0,0.0
15217,US,US,SUPPO,INTER,18.13,0.0,0.0,0.0,0.0,0.0
14213,US,US,SALEM,BIODI,18.09,0.0,0.0,0.0,0.0,0.0
6543,US,US,FOODW,TEXTI,17.78,0.0,0.0,0.0,0.0,0.0
3105,US,US,CROPS,CROPS,17.77,0.0,0.0,0.0,0.0,0.0
7974,US,US,INTER,BASIC,17.07,0.0,0.0,0.0,0.0,0.0
5519,US,US,FABRI,FORES,17.23,0.0,0.0,0.0,0.0,0.0
6692,US,US,FOUND,RETA1,17.4,0.0,0.0,0.0,0.0,0.0
15987,US,US,TRANS,POSTT,17.39,0.0,0.0,0.0,0.0,0.0
8732,US,US,LIQUE,SANDC,17.38,0.0,0.0,0.0,0.0,0.0
9758,US,US,MOTO1,DISTR,17.37,0.0,0.0,0.0,0.0,0.0
7466,US,US,HOTEL,RAWMI,17.35,0.0,0.0,0.0,0.0,0.0
13412,US,US,REALE,MEATP,17.35,0.0,0.0,0.0,0.0,0.0
10861,US,US,OFFIC,FOOD5,17.31,0.0,0.0,0.0,0.0,0.0
17126,US,US,WOODW,VEGET,17.31,0.0,0.0,0.0,0.0,0.0
13012,US,US,PUBLI,MEATP,17.25,0.0,0.0,0.0,0.0,0.0
8132,US,US,IRONO,ANTHR,17.25,0.0,0.0,0.0,0.0,0.0
10506,US,US,NONF1,RUBBE,17.23,0.0,0.0,0.0,0.0,0.0
10873,US,US,OFFIC,INERT,17.74,0.0,0.0,0.0,0.0,0.0
13416,US,US,REALE,MOTOR,17.21,0.0,0.0,0.0,0.0,0.0
3785,US,US,EDUCA,OILSE,17.21,0.0,0.0,0.0,0.0,0.0
10370,US,US,NATUR,SUPPO,17.19,0.0,0.0,0.0,0.0,0.0
4318,US,US,ELEC2,OFFIC,17.18,0.0,0.0,0.0,0.0,0.0
7909,US,US,INSUR,NATUR,17.18,0.0,0.0,0.0,0.0,0.0
13516,US,US,RECRE,COPP1,17.17,0.0,0.0,0.0,0.0,0.0
13182,US,US,RADIO,MOTOR,17.14,0.0,0.0,0.0,0.0,0.0
13463,US,US,REALE,SECO9,17.12,0.0,0.0,0.0,0.0,0.0
16171,US,US,VEGET,WHOLE,17.11,0.0,0.0,0.0,0.0,0.0
13469,US,US,REALE,SUGAR,17.09,0.0,0.0,0.0,0.0,0.0
8569,US,US,LEADZ,REALE,17.4,0.0,0.0,0.0,0.0,0.0
15441,US,US,TEXT1,SALEM,17.41,0.0,0.0,0.0,0.0,0.0
2232,US,US,CHEM1,LEAD1,17.42,0.0,0.0,0.0,0.0,0.0
146,US,US,AIRTR,BRICK,17.43,0.0,0.0,0.0,0.0,0.0
6197,US,US,FOOD4,FOUND,17.73,0.0,0.0,0.0,0.0,0.0
5567,US,US,FABRI,PAPE1,17.72,0.0,0.0,0.0,0.0,0.0
16970,US,US,WOOD2,RUBBE,17.71,0.0,0.0,0.0,0.0,0.0
6957,US,US,GASDI,PAPER,17.7,0.0,0.0,0.0,0.0,0.0
2319,US,US,CHEM1,WOOD1,17.7,0.0,0.0,0.0,0.0,0.0
11693,US,US,PAPER,CHEMI,17.7,0.0,0.0,0.0,0.0,0.0
13734,US,US,RENTI,CROPS,17.68,0.0,0.0,0.0,0.0,0.0
8414,US,US,LANDT,PAPE1,17.67,0.0,0.0,0.0,0.0,0.0
3663,US,US,DISTR,RADIO,17.66,0.0,0.0,0.0,0.0,0.0
93,US,US,93197,PLAS2,17.66,0.0,0.0,0.0,0.0,0.0
6172,US,US,FOOD4,DIST1,17.65,0.0,0.0,0.0,0.0,0.0
9831,US,US,MOTO1,PAPE4,17.63,0.0,0.0,0.0,0.0,0.0
6529,US,US,FOODW,RUBBE,17.6,0.0,0.0,0.0,0.0,0.0
6077,US,US,FOOD3,MEAT4,17.56,0.0,0.0,0.0,0.0,0.0
5646,US,US,FINAN,CERAM,17.56,0.0,0.0,0.0,0.0,0.0
5795,US,US,FISH5,DAIRY,17.55,0.0,0.0,0.0,0.0,0.0
1102,US,US,BIODI,RETA1,17.52,0.0,0.0,0.0,0.0,0.0
9031,US,US,MACHI,ELEC4,17.48,0.0,0.0,0.0,0.0,0.0
1671,US,US,BRICK,WOODW,17.48,0.0,0.0,0.0,0.0,0.0
15473,US,US,TEXT2,AUXIL,17.44,0.0,0.0,0.0,0.0,0.0
8949,US,US,LUBRI,PLAST,17.44,0.0,0.0,0.0,0.0,0.0
728,US,US,AUXIL,TOBAC,21.09,0.0,0.0,0.0,0.0,0.0
11294,US,US,PAPE1,PFERT,21.09,0.0,0.0,0.0,0.0,0.0
15849,US,US,TRAN1,NONF1,21.12,0.0,0.0,0.0,0.0,0.0
13601,US,US,RECRE,PLAST,25.11,0.0,0.0,0.0,0.0,0.0
11592,US,US,PAPE4,MEAT4,25.28,0.0,0.0,0.0,0.0,0.0
2582,US,US,COLLE,PLAST,25.24,0.0,0.0,0.0,0.0,0.0
16745,US,US,WOOD1,INLAN,25.19,0.0,0.0,0.0,0.0,0.0
5516,US,US,FABRI,FOOD4,25.18,0.0,0.0,0.0,0.0,0.0
13386,US,US,REALE,GASDI,25.17,0.0,0.0,0.0,0.0,0.0
5606,US,US,FABRI,SUBBI,25.16,0.0,0.0,0.0,0.0,0.0
9519,US,US,MEDIC,PLAS1,25.16,0.0,0.0,0.0,0.0,0.0
16052,US,US,VEGE1,MEATC,25.14,0.0,0.0,0.0,0.0,0.0
2787,US,US,COMPU,VEGET,25.13,0.0,0.0,0.0,0.0,0.0
10139,US,US,NATU1,ELEC3,25.13,0.0,0.0,0.0,0.0,0.0
10432,US,US,NFERT,REALE,25.11,0.0,0.0,0.0,0.0,0.0
12649,US,US,PREC1,COMPU,24.81,0.0,0.0,0.0,0.0,0.0
13543,US,US,RECRE,FOODW,25.1,0.0,0.0,0.0,0.0,0.0
16701,US,US,WOOD1,CHEM1,25.1,0.0,0.0,0.0,0.0,0.0
8365,US,US,LANDT,FOOD4,25.09,0.0,0.0,0.0,0.0,0.0
8863,US,US,LUBRI,CHEM1,24.95,0.0,0.0,0.0,0.0,0.0
9162,US,US,MEAT1,DAIRY,24.92,0.0,0.0,0.0,0.0,0.0
15128,US,US,SUGAR,PLAS1,24.89,0.0,0.0,0.0,0.0,0.0
9878,US,US,MOTO1,VEGE1,24.89,0.0,0.0,0.0,0.0,0.0
11527,US,US,PAPE4,CEMEN,24.83,0.0,0.0,0.0,0.0,0.0
3714,US,US,EDUCA,CATTL,24.83,0.0,0.0,0.0,0.0,0.0
14343,US,US,SALEM,SUGA1,24.82,0.0,0.0,0.0,0.0,0.0
14387,US,US,SANDC,FABRI,25.29,0.0,0.0,0.0,0.0,0.0
6003,US,US,FOOD3,AIRTR,25.3,0.0,0.0,0.0,0.0,0.0
5713,US,US,FINAN,MEATC,25.31,0.0,0.0,0.0,0.0,0.0
10644,US,US,NONME,NATUR,25.31,0.0,0.0,0.0,0.0,0.0
15362,US,US,TEXT1,FOOD5,25.75,0.0,0.0,0.0,0.0,0.0
2156,US,US,CHEM1,AIRTR,25.75,0.0,0.0,0.0,0.0,0.0
12871,US,US,PRINT,RADIO,25.66,0.0,0.0,0.0,0.0,0.0
14839,US,US,STONE,ANTHR,25.64,0.0,0.0,0.0,0.0,0.0
12486,US,US,POSTT,DISTR,25.62,0.0,0.0,0.0,0.0,0.0
14572,US,US,SEWAG,DISTR,25.62,0.0,0.0,0.0,0.0,0.0
1652,US,US,BRICK,RECRE,25.6,0.0,0.0,0.0,0.0,0.0
14118,US,US,RUBBE,LIQUE,25.6,0.0,0.0,0.0,0.0,0.0
1532,US,US,BITUM,PULP5,25.57,0.0,0.0,0.0,0.0,0.0
16069,US,US,VEGE1,PIGS9,25.55,0.0,0.0,0.0,0.0,0.0
12991,US,US,PUBLI,GLASS,25.53,0.0,0.0,0.0,0.0,0.0
9953,US,US,MOTOR,HOTEL,25.52,0.0,0.0,0.0,0.0,0.0
12405,US,US,PLAST,GASDI,25.51,0.0,0.0,0.0,0.0,0.0
12252,US,US,PLAS2,DAIRY,25.5,0.0,0.0,0.0,0.0,0.0
6427,US,US,FOODW,CRUDE,25.43,0.0,0.0,0.0,0.0,0.0
6684,US,US,FOUND,PRINT,25.42,0.0,0.0,0.0,0.0,0.0
4398,US,US,ELEC3,CEREA,25.39,0.0,0.0,0.0,0.0,0.0
13646,US,US,RECRE,WOOD2,25.39,0.0,0.0,0.0,0.0,0.0
11409,US,US,PAPE3,GLASS,25.38,0.0,0.0,0.0,0.0,0.0
340,US,US,ALUM1,NONME,25.36,0.0,0.0,0.0,0.0,0.0
16202,US,US,WASTE,COMPU,25.32,0.0,0.0,0.0,0.0,0.0
87,US,US,93197,PAPE3,24.81,0.0,0.0,0.0,0.0,0.0
11591,US,US,PAPE4,MEAT1,24.8,0.0,0.0,0.0,0.0,0.0
4459,US,US,ELEC3,NONF1,25.75,0.0,0.0,0.0,0.0,0.0
16642,US,US,WHOLE,PROCE,24.11,0.0,0.0,0.0,0.0,0.0
14325,US,US,SALEM,RADIO,24.31,0.0,0.0,0.0,0.0,0.0
15265,US,US,SUPPO,PREC1,24.29,0.0,0.0,0.0,0.0,0.0
7064,US,US,GLASS,GASDI,24.24,0.0,0.0,0.0,0.0,0.0
374,US,US,ALUM1,TOBAC,24.24,0.0,0.0,0.0,0.0,0.0
7566,US,US,HYDRO,LIQUE,24.22,0.0,0.0,0.0,0.0,0.0
9908,US,US,MOTOR,CEREA,24.2,0.0,0.0,0.0,0.0,0.0
9190,US,US,MEAT4,93197,24.2,0.0,0.0,0.0,0.0,0.0
10377,US,US,NATUR,TRANS,24.19,0.0,0.0,0.0,0.0,0.0
6826,US,US,FURNI,RAILW,24.17,0.0,0.0,0.0,0.0,0.0
11716,US,US,PAPER,ELEC8,24.17,0.0,0.0,0.0,0.0,0.0
5907,US,US,FOOD2,HOTEL,24.09,0.0,0.0,0.0,0.0,0.0
725,US,US,AUXIL,TEXT1,24.78,0.0,0.0,0.0,0.0,0.0
11571,US,US,PAPE4,GLASS,24.05,0.0,0.0,0.0,0.0,0.0
4305,US,US,ELEC2,MEATP,24.04,0.0,0.0,0.0,0.0,0.0
2522,US,US,COLLE,FINAN,24.04,0.0,0.0,0.0,0.0,0.0
9108,US,US,MACHI,POULT,24.03,0.0,0.0,0.0,0.0,0.0
7005,US,US,GASDI,WHEAT,24.03,0.0,0.0,0.0,0.0,0.0
237,US,US,AIRTR,PLAS2,24.02,0.0,0.0,0.0,0.0,0.0
828,US,US,BASIC,GLASS,24.02,0.0,0.0,0.0,0.0,0.0
12382,US,US,PLAST,ALUM1,24.02,0.0,0.0,0.0,0.0,0.0
16680,US,US,WOOD1,93197,24.01,0.0,0.0,0.0,0.0,0.0
7501,US,US,HOTEL,WOOD1,23.98,0.0,0.0,0.0,0.0,0.0
12116,US,US,PLAS1,FOUND,24.36,0.0,0.0,0.0,0.0,0.0
12344,US,US,PLAS2,RAILW,24.38,0.0,0.0,0.0,0.0,0.0
1726,US,US,BUSIN,FISHF,24.39,0.0,0.0,0.0,0.0,0.0
14013,US,US,RESEA,WHITE,24.45,0.0,0.0,0.0,0.0,0.0
7238,US,US,HEAVY,FOUND,24.78,0.0,0.0,0.0,0.0,0.0
12981,US,US,PUBLI,FISH5,24.77,0.0,0.0,0.0,0.0,0.0
14928,US,US,STONE,TEXTI,24.74,0.0,0.0,0.0,0.0,0.0
15251,US,US,SUPPO,PAPE1,24.73,0.0,0.0,0.0,0.0,0.0
15007,US,US,SUBBI,PFERT,24.72,0.0,0.0,0.0,0.0,0.0
6900,US,US,GASDI,FABRI,24.72,0.0,0.0,0.0,0.0,0.0
7352,US,US,HOTEL,BITUM,24.7,0.0,0.0,0.0,0.0,0.0
4144,US,US,ELEC1,MACHI,24.7,0.0,0.0,0.0,0.0,0.0
6710,US,US,FURNI,ALUM1,24.69,0.0,0.0,0.0,0.0,0.0
15187,US,US,SUPPO,ELEC4,24.64,0.0,0.0,0.0,0.0,0.0
16643,US,US,WHOLE,PULP5,24.63,0.0,0.0,0.0,0.0,0.0
16196,US,US,WASTE,CHEM1,24.61,0.0,0.0,0.0,0.0,0.0
7963,US,US,INSUR,WOOD1,24.6,0.0,0.0,0.0,0.0,0.0
9146,US,US,MACHI,VEGET,24.6,0.0,0.0,0.0,0.0,0.0
15234,US,US,SUPPO,MEATP,24.58,0.0,0.0,0.0,0.0,0.0
16868,US,US,WOOD2,CRUDE,24.56,0.0,0.0,0.0,0.0,0.0
9873,US,US,MOTO1,TEXTI,24.56,0.0,0.0,0.0,0.0,0.0
10328,US,US,NATUR,OILSE,24.54,0.0,0.0,0.0,0.0,0.0
7585,US,US,HYDRO,NONSP,24.53,0.0,0.0,0.0,0.0,0.0
12955,US,US,PUBLI,CEMEN,24.53,0.0,0.0,0.0,0.0,0.0
12895,US,US,PRINT,TEXT2,24.49,0.0,0.0,0.0,0.0,0.0
7127,US,US,GLASS,SECO9,25.75,0.0,0.0,0.0,0.0,0.0
6090,US,US,FOOD3,NONME,25.79,0.0,0.0,0.0,0.0,0.0
9139,US,US,MACHI,TEXT2,23.97,0.0,0.0,0.0,0.0,0.0
4407,US,US,ELEC3,CROPS,27.06,0.0,0.0,0.0,0.0,0.0
13090,US,US,PULP5,RUBBE,27.28,0.0,0.0,0.0,0.0,0.0
990,US,US,BIODI,AUXIL,27.27,0.0,0.0,0.0,0.0,0.0
5167,US,US,ELEC8,PRINT,27.25,0.0,0.0,0.0,0.0,0.0
7173,US,US,HEALT,RESEA,27.23,0.0,0.0,0.0,0.0,0.0
13205,US,US,RADIO,PLAS2,27.21,0.0,0.0,0.0,0.0,0.0
6800,US,US,FURNI,NONME,27.2,0.0,0.0,0.0,0.0,0.0
6140,US,US,FOOD4,AIRTR,27.19,0.0,0.0,0.0,0.0,0.0
9069,US,US,MACHI,LIQUE,27.17,0.0,0.0,0.0,0.0,0.0
16314,US,US,WASTE,TEXTI,27.1,0.0,0.0,0.0,0.0,0.0
16954,US,US,WOOD2,PRINT,27.1,0.0,0.0,0.0,0.0,0.0
6040,US,US,FOOD3,ELEC2,27.05,0.0,0.0,0.0,0.0,0.0
12228,US,US,PLAS2,BEVER,26.87,0.0,0.0,0.0,0.0,0.0
5998,US,US,FOOD2,WHOLE,27.04,0.0,0.0,0.0,0.0,0.0
3190,US,US,CRUDE,93197,27.04,0.0,0.0,0.0,0.0,0.0
12329,US,US,PLAS2,PFERT,27.03,0.0,0.0,0.0,0.0,0.0
3095,US,US,CROPS,BITUM,27.0,0.0,0.0,0.0,0.0,0.0
13334,US,US,REALE,BEVER,27.0,0.0,0.0,0.0,0.0,0.0
8675,US,US,LIGNI,CRUDE,26.97,0.0,0.0,0.0,0.0,0.0
6444,US,US,FOODW,FABRI,26.94,0.0,0.0,0.0,0.0,0.0
10123,US,US,NATU1,COKIN,26.91,0.0,0.0,0.0,0.0,0.0
15165,US,US,SUPPO,CERAM,26.9,0.0,0.0,0.0,0.0,0.0
7779,US,US,INERT,TRAN2,26.9,0.0,0.0,0.0,0.0,0.0
1530,US,US,BITUM,PROCE,27.3,0.0,0.0,0.0,0.0,0.0
12575,US,US,POSTT,PUBLI,27.36,0.0,0.0,0.0,0.0,0.0
11745,US,US,PAPER,KEROS,27.36,0.0,0.0,0.0,0.0,0.0
13271,US,US,RAILW,INSUR,27.38,0.0,0.0,0.0,0.0,0.0
2167,US,US,CHEM1,BITU1,27.89,0.0,0.0,0.0,0.0,0.0
14409,US,US,SANDC,MACHI,27.89,0.0,0.0,0.0,0.0,0.0
5916,US,US,FOOD2,LANDT,27.89,0.0,0.0,0.0,0.0,0.0
13244,US,US,RADIO,VEGE1,27.86,0.0,0.0,0.0,0.0,0.0
6707,US,US,FOUND,WOODW,27.82,0.0,0.0,0.0,0.0,0.0
7660,US,US,INERT,DIST1,27.81,0.0,0.0,0.0,0.0,0.0
12076,US,US,PLAS1,CEMEN,27.79,0.0,0.0,0.0,0.0,0.0
15601,US,US,TEXT2,SALEM,27.78,0.0,0.0,0.0,0.0,0.0
11680,US,US,PAPER,BIODI,27.75,0.0,0.0,0.0,0.0,0.0
13446,US,US,REALE,PUBLI,27.73,0.0,0.0,0.0,0.0,0.0
2824,US,US,CONST,CONST,27.7,0.0,0.0,0.0,0.0,0.0
6263,US,US,FOOD4,RAILW,27.68,0.0,0.0,0.0,0.0,0.0
1679,US,US,BUSIN,AVIAT,27.64,0.0,0.0,0.0,0.0,0.0
3382,US,US,DAIRY,SEACO,27.64,0.0,0.0,0.0,0.0,0.0
4195,US,US,ELEC1,RETAI,27.58,0.0,0.0,0.0,0.0,0.0
545,US,US,ANTHR,PFERT,27.57,0.0,0.0,0.0,0.0,0.0
259,US,US,AIRTR,SECO9,27.54,0.0,0.0,0.0,0.0,0.0
9174,US,US,MEAT1,MEATP,27.53,0.0,0.0,0.0,0.0,0.0
10025,US,US,MOTOR,SEWAG,27.52,0.0,0.0,0.0,0.0,0.0
585,US,US,AUXIL,BIOG1,27.49,0.0,0.0,0.0,0.0,0.0
6050,US,US,FOOD3,FABRI,27.43,0.0,0.0,0.0,0.0,0.0
14146,US,US,RUBBE,PAPE4,26.88,0.0,0.0,0.0,0.0,0.0
7304,US,US,HEAVY,RECRE,26.87,0.0,0.0,0.0,0.0,0.0
8073,US,US,INTER,PAPER,25.83,0.0,0.0,0.0,0.0,0.0
16650,US,US,WHOLE,RENTI,26.12,0.0,0.0,0.0,0.0,0.0
183,US,US,AIRTR,FOOD4,26.33,0.0,0.0,0.0,0.0,0.0
3691,US,US,DISTR,VEGE1,26.31,0.0,0.0,0.0,0.0,0.0
15174,US,US,SUPPO,CONST,26.28,0.0,0.0,0.0,0.0,0.0
9093,US,US,MACHI,OILSE,26.26,0.0,0.0,0.0,0.0,0.0
3724,US,US,EDUCA,CROPS,26.2,0.0,0.0,0.0,0.0,0.0
10690,US,US,NONME,TEXTI,26.18,0.0,0.0,0.0,0.0,0.0
13432,US,US,REALE,PAPER,26.17,0.0,0.0,0.0,0.0,0.0
14290,US,US,SALEM,MEDIC,26.17,0.0,0.0,0.0,0.0,0.0
11429,US,US,PAPE3,MEAT1,26.13,0.0,0.0,0.0,0.0,0.0
14534,US,US,SECO9,TEXTI,26.12,0.0,0.0,0.0,0.0,0.0
12420,US,US,PLAST,MOTOR,26.09,0.0,0.0,0.0,0.0,0.0
12120,US,US,PLAS1,GLASS,26.86,0.0,0.0,0.0,0.0,0.0
10128,US,US,NATU1,COPPE,26.08,0.0,0.0,0.0,0.0,0.0
13065,US,US,PUBLI,TRANS,26.08,0.0,0.0,0.0,0.0,0.0
10238,US,US,NATUR,BIODI,26.06,0.0,0.0,0.0,0.0,0.0
10680,US,US,NONME,SANDC,26.04,0.0,0.0,0.0,0.0,0.0
14449,US,US,SANDC,SANDC,26.0,0.0,0.0,0.0,0.0,0.0
11365,US,US,PAPE3,CEMEN,25.99,0.0,0.0,0.0,0.0,0.0
13274,US,US,RAILW,MEMBE,25.98,0.0,0.0,0.0,0.0,0.0
24,US,US,93197,CONST,25.87,0.0,0.0,0.0,0.0,0.0
16746,US,US,WOOD1,INSUR,25.87,0.0,0.0,0.0,0.0,0.0
501,US,US,ANTHR,DIST1,25.86,0.0,0.0,0.0,0.0,0.0
15659,US,US,TEXTI,FABRI,26.33,0.0,0.0,0.0,0.0,0.0
3229,US,US,CRUDE,FOOD5,26.33,0.0,0.0,0.0,0.0,0.0
546,US,US,ANTHR,PLAST,26.34,0.0,0.0,0.0,0.0,0.0
8851,US,US,LUBRI,BASIC,26.34,0.0,0.0,0.0,0.0,0.0
4496,US,US,ELEC3,RETAI,26.85,0.0,0.0,0.0,0.0,0.0
16885,US,US,WOOD2,FABRI,26.82,0.0,0.0,0.0,0.0,0.0
8394,US,US,LANDT,MEAT4,26.76,0.0,0.0,0.0,0.0,0.0
4368,US,US,ELEC2,TRAN2,26.75,0.0,0.0,0.0,0.0,0.0
1927,US,US,CEMEN,KEROS,26.72,0.0,0.0,0.0,0.0,0.0
9331,US,US,MEATC,RECRE,26.7,0.0,0.0,0.0,0.0,0.0
11013,US,US,OILHA,HOTEL,26.66,0.0,0.0,0.0,0.0,0.0
11430,US,US,PAPE3,MEAT4,26.64,0.0,0.0,0.0,0.0,0.0
5368,US,US,ELECT,INERT,26.63,0.0,0.0,0.0,0.0,0.0
11124,US,US,PADDY,CHEM1,26.62,0.0,0.0,0.0,0.0,0.0
2331,US,US,CHEMI,BRICK,26.6,0.0,0.0,0.0,0.0,0.0
14448,US,US,SANDC,RUBBE,26.55,0.0,0.0,0.0,0.0,0.0
12381,US,US,PLAS2,WOODW,26.54,0.0,0.0,0.0,0.0,0.0
92,US,US,93197,PLAS1,26.51,0.0,0.0,0.0,0.0,0.0
4158,US,US,ELEC1,NONF1,26.5,0.0,0.0,0.0,0.0,0.0
11337,US,US,PAPE1,TRANS,26.48,0.0,0.0,0.0,0.0,0.0
1405,US,US,BITU1,HEAVY,26.46,0.0,0.0,0.0,0.0,0.0
1026,US,US,BIODI,FABRI,26.45,0.0,0.0,0.0,0.0,0.0
11785,US,US,PAPER,PLAS2,26.43,0.0,0.0,0.0,0.0,0.0
6841,US,US,FURNI,SEWAG,26.42,0.0,0.0,0.0,0.0,0.0
7629,US,US,INERT,ALUM1,26.39,0.0,0.0,0.0,0.0,0.0
5397,US,US,ELECT,NONME,23.98,0.0,0.0,0.0,0.0,0.0
6402,US,US,FOODW,AUXIL,23.94,0.0,0.0,0.0,0.0,0.0
167,US,US,AIRTR,ELEC2,21.12,0.0,0.0,0.0,0.0,0.0
6010,US,US,FOOD3,BEVER,22.05,0.0,0.0,0.0,0.0,0.0
5584,US,US,FABRI,PROCE,22.2,0.0,0.0,0.0,0.0,0.0
13966,US,US,RESEA,PAPE1,22.19,0.0,0.0,0.0,0.0,0.0
755,US,US,AVIAT,MOTOR,22.18,0.0,0.0,0.0,0.0,0.0
10012,US,US,MOTOR,REALE,22.17,0.0,0.0,0.0,0.0,0.0
10476,US,US,NONF1,HOTEL,22.17,0.0,0.0,0.0,0.0,0.0
16372,US,US,WEARI,RECRE,22.16,0.0,0.0,0.0,0.0,0.0
8993,US,US,MACHI,ANTHR,22.13,0.0,0.0,0.0,0.0,0.0
11436,US,US,PAPE3,MOTO1,22.13,0.0,0.0,0.0,0.0,0.0
10261,US,US,NATUR,DAIRY,22.08,0.0,0.0,0.0,0.0,0.0
7377,US,US,HOTEL,ELEC1,22.06,0.0,0.0,0.0,0.0,0.0
14093,US,US,RUBBE,FOOD4,22.03,0.0,0.0,0.0,0.0,0.0
10024,US,US,MOTOR,SECO9,21.86,0.0,0.0,0.0,0.0,0.0
7110,US,US,GLASS,PRINT,22.02,0.0,0.0,0.0,0.0,0.0
16100,US,US,VEGET,BIOGA,22.01,0.0,0.0,0.0,0.0,0.0
491,US,US,ANTHR,CHEM1,22.01,0.0,0.0,0.0,0.0,0.0
4080,US,US,ELEC1,AIRTR,22.01,0.0,0.0,0.0,0.0,0.0
2504,US,US,COLLE,DAIRY,22.0,0.0,0.0,0.0,0.0,0.0
16811,US,US,WOOD1,SALEM,21.98,0.0,0.0,0.0,0.0,0.0
9917,US,US,MOTOR,CROPS,21.97,0.0,0.0,0.0,0.0,0.0
4630,US,US,ELEC4,RAWMI,21.94,0.0,0.0,0.0,0.0,0.0
15269,US,US,SUPPO,PULP5,21.93,0.0,0.0,0.0,0.0,0.0
8137,US,US,IRONO,BIOGA,21.89,0.0,0.0,0.0,0.0,0.0
15125,US,US,SUGAR,PAPE4,22.21,0.0,0.0,0.0,0.0,0.0
10920,US,US,OFFIC,RECRE,22.23,0.0,0.0,0.0,0.0,0.0
14811,US,US,STEAM,RETA1,22.23,0.0,0.0,0.0,0.0,0.0
2280,US,US,CHEM1,PUBLI,22.23,0.0,0.0,0.0,0.0,0.0
14306,US,US,SALEM,PAPE1,22.47,0.0,0.0,0.0,0.0,0.0
8486,US,US,LEAD1,FABRI,22.41,0.0,0.0,0.0,0.0,0.0
9513,US,US,MEDIC,PAPE4,22.41,0.0,0.0,0.0,0.0,0.0
10316,US,US,NATUR,MOTO1,22.41,0.0,0.0,0.0,0.0,0.0
221,US,US,AIRTR,NATUR,22.4,0.0,0.0,0.0,0.0,0.0
8101,US,US,INTER,RUBBE,22.39,0.0,0.0,0.0,0.0,0.0
17123,US,US,WOODW,TRAN2,22.38,0.0,0.0,0.0,0.0,0.0
16175,US,US,WASTE,93197,22.38,0.0,0.0,0.0,0.0,0.0
12689,US,US,PREC1,RADIO,22.38,0.0,0.0,0.0,0.0,0.0
8529,US,US,LEADZ,CHEM1,22.37,0.0,0.0,0.0,0.0,0.0
12060,US,US,PLAS1,ALUM1,22.34,0.0,0.0,0.0,0.0,0.0
1105,US,US,BIODI,SALEM,22.32,0.0,0.0,0.0,0.0,0.0
8115,US,US,INTER,TEXTI,22.32,0.0,0.0,0.0,0.0,0.0
4214,US,US,ELEC1,VEGE1,22.31,0.0,0.0,0.0,0.0,0.0
909,US,US,BASIC,SUBBI,22.3,0.0,0.0,0.0,0.0,0.0
7365,US,US,HOTEL,COLLE,22.29,0.0,0.0,0.0,0.0,0.0
10350,US,US,NATUR,RAWMI,22.29,0.0,0.0,0.0,0.0,0.0
13050,US,US,PUBLI,RETAI,22.29,0.0,0.0,0.0,0.0,0.0
13435,US,US,REALE,PFERT,22.27,0.0,0.0,0.0,0.0,0.0
7678,US,US,INERT,FISH5,22.25,0.0,0.0,0.0,0.0,0.0
12714,US,US,PRECI,BRICK,22.24,0.0,0.0,0.0,0.0,0.0
9737,US,US,MOTO1,BITUM,21.88,0.0,0.0,0.0,0.0,0.0
7870,US,US,INSUR,FOOD5,21.85,0.0,0.0,0.0,0.0,0.0
1342,US,US,BIOGA,RETAI,22.52,0.0,0.0,0.0,0.0,0.0
2891,US,US,CONST,NONF1,21.27,0.0,0.0,0.0,0.0,0.0
12763,US,US,PRINT,BIOGA,21.38,0.0,0.0,0.0,0.0,0.0
9816,US,US,MOTO1,MOTOR,21.38,0.0,0.0,0.0,0.0,0.0
9009,US,US,MACHI,CEREA,21.36,0.0,0.0,0.0,0.0,0.0
13659,US,US,REFI1,MOTOR,21.36,0.0,0.0,0.0,0.0,0.0
14404,US,US,SANDC,KEROS,21.34,0.0,0.0,0.0,0.0,0.0
13959,US,US,RESEA,NONF1,21.31,0.0,0.0,0.0,0.0,0.0
5548,US,US,FABRI,MEATC,21.3,0.0,0.0,0.0,0.0,0.0
15283,US,US,SUPPO,SANDC,21.3,0.0,0.0,0.0,0.0,0.0
16535,US,US,WHITE,SUPPO,21.29,0.0,0.0,0.0,0.0,0.0
13428,US,US,REALE,PADDY,21.28,0.0,0.0,0.0,0.0,0.0
10524,US,US,NONFE,BRICK,21.26,0.0,0.0,0.0,0.0,0.0
1549,US,US,BITUM,SUBBI,21.78,0.0,0.0,0.0,0.0,0.0
9890,US,US,MOTOR,ALUM1,21.24,0.0,0.0,0.0,0.0,0.0
7319,US,US,HEAVY,SUBBI,21.23,0.0,0.0,0.0,0.0,0.0
3325,US,US,CRUDE,WASTE,21.2,0.0,0.0,0.0,0.0,0.0
9415,US,US,MEDIC,ALUM1,21.2,0.0,0.0,0.0,0.0,0.0
9776,US,US,MOTO1,FISHF,21.2,0.0,0.0,0.0,0.0,0.0
1345,US,US,BIOGA,SANDC,21.19,0.0,0.0,0.0,0.0,0.0
17095,US,US,WOODW,PROCE,21.17,0.0,0.0,0.0,0.0,0.0
4381,US,US,ELEC3,AIRTR,21.17,0.0,0.0,0.0,0.0,0.0
7170,US,US,HEALT,RAWMI,21.16,0.0,0.0,0.0,0.0,0.0
4896,US,US,ELEC6,PAPER,21.13,0.0,0.0,0.0,0.0,0.0
5405,US,US,ELECT,PAPE3,21.39,0.0,0.0,0.0,0.0,0.0
2558,US,US,COLLE,MOTO1,21.4,0.0,0.0,0.0,0.0,0.0
13015,US,US,PUBLI,MOTO1,21.41,0.0,0.0,0.0,0.0,0.0
9939,US,US,MOTOR,FISHF,21.43,0.0,0.0,0.0,0.0,0.0
11273,US,US,PAPE1,MEMBE,21.77,0.0,0.0,0.0,0.0,0.0
8410,US,US,LANDT,OFFIC,21.77,0.0,0.0,0.0,0.0,0.0
11788,US,US,PAPER,POULT,21.73,0.0,0.0,0.0,0.0,0.0
4515,US,US,ELEC3,VEGE1,21.67,0.0,0.0,0.0,0.0,0.0
4867,US,US,ELEC6,LEADZ,21.65,0.0,0.0,0.0,0.0,0.0
9952,US,US,MOTOR,HEAVY,21.63,0.0,0.0,0.0,0.0,0.0
13870,US,US,RESEA,AIRTR,21.61,0.0,0.0,0.0,0.0,0.0
11567,US,US,PAPE4,FOUND,21.61,0.0,0.0,0.0,0.0,0.0
3666,US,US,DISTR,REALE,21.6,0.0,0.0,0.0,0.0,0.0
1629,US,US,BRICK,MOTO1,21.57,0.0,0.0,0.0,0.0,0.0
13639,US,US,RECRE,VEGE1,21.57,0.0,0.0,0.0,0.0,0.0
12539,US,US,POSTT,MEATC,21.57,0.0,0.0,0.0,0.0,0.0
3576,US,US,DISTR,COPP1,21.55,0.0,0.0,0.0,0.0,0.0
4267,US,US,ELEC2,ELECT,21.54,0.0,0.0,0.0,0.0,0.0
3919,US,US,ELE11,PFERT,21.5,0.0,0.0,0.0,0.0,0.0
11498,US,US,PAPE3,TRAN2,21.49,0.0,0.0,0.0,0.0,0.0
3060,US,US,COPPE,BRICK,21.49,0.0,0.0,0.0,0.0,0.0
11598,US,US,PAPE4,MOTO1,21.49,0.0,0.0,0.0,0.0,0.0
12471,US,US,POSTT,CERAM,21.48,0.0,0.0,0.0,0.0,0.0
3093,US,US,CROPS,BIODI,21.48,0.0,0.0,0.0,0.0,0.0
7783,US,US,INERT,WEARI,21.47,0.0,0.0,0.0,0.0,0.0
10395,US,US,NFERT,CHEM1,22.51,0.0,0.0,0.0,0.0,0.0
13800,US,US,RENTI,NFERT,22.52,0.0,0.0,0.0,0.0,0.0
5660,US,US,FINAN,DIST1,23.94,0.0,0.0,0.0,0.0,0.0
1251,US,US,BIOGA,DIST1,23.41,0.0,0.0,0.0,0.0,0.0
15806,US,US,TRAN1,FISH5,23.58,0.0,0.0,0.0,0.0,0.0
600,US,US,AUXIL,COKIN,23.57,0.0,0.0,0.0,0.0,0.0
9512,US,US,MEDIC,PAPE3,23.57,0.0,0.0,0.0,0.0,0.0
15008,US,US,SUBBI,PLAST,23.57,0.0,0.0,0.0,0.0,0.0
8968,US,US,LUBRI,SANDC,23.55,0.0,0.0,0.0,0.0,0.0
13440,US,US,REALE,PLAST,23.55,0.0,0.0,0.0,0.0,0.0
3600,US,US,DISTR,FURNI,23.54,0.0,0.0,0.0,0.0,0.0
16706,US,US,WOOD1,COMPU,23.53,0.0,0.0,0.0,0.0,0.0
359,US,US,ALUM1,RECRE,23.5,0.0,0.0,0.0,0.0,0.0
13520,US,US,RECRE,DIST1,23.46,0.0,0.0,0.0,0.0,0.0
5685,US,US,FINAN,FORES,23.4,0.0,0.0,0.0,0.0,0.0
12921,US,US,PROCE,HOTEL,23.26,0.0,0.0,0.0,0.0,0.0
1003,US,US,BIODI,CEMEN,23.39,0.0,0.0,0.0,0.0,0.0
3883,US,US,ELE11,HEALT,23.36,0.0,0.0,0.0,0.0,0.0
9729,US,US,MOTO1,AUXIL,23.36,0.0,0.0,0.0,0.0,0.0
14349,US,US,SALEM,TOBAC,23.33,0.0,0.0,0.0,0.0,0.0
482,US,US,ANTHR,BASIC,23.32,0.0,0.0,0.0,0.0,0.0
7458,US,US,HOTEL,POULT,23.32,0.0,0.0,0.0,0.0,0.0
15124,US,US,SUGAR,PAPE3,23.32,0.0,0.0,0.0,0.0,0.0
9397,US,US,MEATP,REALE,23.32,0.0,0.0,0.0,0.0,0.0
12423,US,US,PLAST,NONME,23.31,0.0,0.0,0.0,0.0,0.0
5184,US,US,ELEC8,SEACO,23.31,0.0,0.0,0.0,0.0,0.0
5705,US,US,FINAN,LEATH,23.59,0.0,0.0,0.0,0.0,0.0
6335,US,US,FOOD5,IRONO,23.59,0.0,0.0,0.0,0.0,0.0
3378,US,US,DAIRY,RECRE,23.61,0.0,0.0,0.0,0.0,0.0
5305,US,US,ELECT,AUXIL,23.61,0.0,0.0,0.0,0.0,0.0
14235,US,US,SALEM,CRUDE,23.92,0.0,0.0,0.0,0.0,0.0
10670,US,US,NONME,REALE,23.9,0.0,0.0,0.0,0.0,0.0
6976,US,US,GASDI,REALE,23.9,0.0,0.0,0.0,0.0,0.0
1939,US,US,CEMEN,MEDIC,23.88,0.0,0.0,0.0,0.0,0.0
9205,US,US,MEAT4,DAIRY,23.87,0.0,0.0,0.0,0.0,0.0
15357,US,US,TEXT1,FINAN,23.87,0.0,0.0,0.0,0.0,0.0
15777,US,US,TRAN1,BRICK,23.85,0.0,0.0,0.0,0.0,0.0
15580,US,US,TEXT2,PLAST,23.82,0.0,0.0,0.0,0.0,0.0
15093,US,US,SUGAR,CHEM1,23.79,0.0,0.0,0.0,0.0,0.0
12147,US,US,PLAS1,MOTO1,23.78,0.0,0.0,0.0,0.0,0.0
14395,US,US,SANDC,GASDI,23.76,0.0,0.0,0.0,0.0,0.0
10259,US,US,NATUR,CROPS,23.75,0.0,0.0,0.0,0.0,0.0
16807,US,US,WOOD1,RESEA,23.74,0.0,0.0,0.0,0.0,0.0
5765,US,US,FINAN,SECO9,23.67,0.0,0.0,0.0,0.0,0.0
15726,US,US,TEXTI,REALE,23.67,0.0,0.0,0.0,0.0,0.0
5370,US,US,ELECT,INSUR,23.66,0.0,0.0,0.0,0.0,0.0
5977,US,US,FOOD2,SEACO,23.66,0.0,0.0,0.0,0.0,0.0
12221,US,US,PLAS2,AIRTR,23.65,0.0,0.0,0.0,0.0,0.0
1968,US,US,CEMEN,RADIO,23.64,0.0,0.0,0.0,0.0,0.0
8097,US,US,INTER,RENTI,23.62,0.0,0.0,0.0,0.0,0.0
88,US,US,93197,PAPE4,23.62,0.0,0.0,0.0,0.0,0.0
5068,US,US,ELEC8,93197,23.27,0.0,0.0,0.0,0.0,0.0
5790,US,US,FISH5,93197,23.23,0.0,0.0,0.0,0.0,0.0
2881,US,US,CONST,MEATC,22.53,0.0,0.0,0.0,0.0,0.0
7000,US,US,GASDI,TRAN2,22.75,0.0,0.0,0.0,0.0,0.0
10663,US,US,NONME,PREC1,22.9,0.0,0.0,0.0,0.0,0.0
9253,US,US,MEAT4,RECRE,22.88,0.0,0.0,0.0,0.0,0.0
8973,US,US,LUBRI,STONE,22.87,0.0,0.0,0.0,0.0,0.0
1998,US,US,CERAM,93197,22.87,0.0,0.0,0.0,0.0,0.0
6760,US,US,FURNI,FOOD5,22.85,0.0,0.0,0.0,0.0,0.0
5413,US,US,ELECT,PLAS1,22.83,0.0,0.0,0.0,0.0,0.0
17000,US,US,WOODW,ALUM1,22.79,0.0,0.0,0.0,0.0,0.0
17050,US,US,WOODW,IRONO,22.77,0.0,0.0,0.0,0.0,0.0
2897,US,US,CONST,OILSE,22.76,0.0,0.0,0.0,0.0,0.0
16015,US,US,TRANS,WOODW,22.75,0.0,0.0,0.0,0.0,0.0
1704,US,US,BUSIN,CROPS,22.74,0.0,0.0,0.0,0.0,0.0
9346,US,US,MEATP,93197,23.23,0.0,0.0,0.0,0.0,0.0
16843,US,US,WOOD2,AUXIL,22.74,0.0,0.0,0.0,0.0,0.0
13066,US,US,PUBLI,VEGE1,22.71,0.0,0.0,0.0,0.0,0.0
16560,US,US,WHOLE,CATTL,22.69,0.0,0.0,0.0,0.0,0.0
2306,US,US,CHEM1,TEXT2,22.67,0.0,0.0,0.0,0.0,0.0
2226,US,US,CHEM1,INSUR,22.66,0.0,0.0,0.0,0.0,0.0
5182,US,US,ELEC8,SALEM,22.64,0.0,0.0,0.0,0.0,0.0
11405,US,US,PAPE3,FOUND,22.64,0.0,0.0,0.0,0.0,0.0
14973,US,US,SUBBI,GASWO,22.62,0.0,0.0,0.0,0.0,0.0
16164,US,US,VEGET,SUGA1,22.58,0.0,0.0,0.0,0.0,0.0
5206,US,US,ELEC8,WOODW,22.55,0.0,0.0,0.0,0.0,0.0
8424,US,US,LANDT,PLAS2,22.92,0.0,0.0,0.0,0.0,0.0
9112,US,US,MACHI,PROCE,22.93,0.0,0.0,0.0,0.0,0.0
3643,US,US,DISTR,PADDY,22.96,0.0,0.0,0.0,0.0,0.0
2655,US,US,COMPU,COLLE,22.96,0.0,0.0,0.0,0.0,0.0
13426,US,US,REALE,OILHA,23.22,0.0,0.0,0.0,0.0,0.0
15886,US,US,TRAN1,RETAI,23.21,0.0,0.0,0.0,0.0,0.0
3623,US,US,DISTR,MEAT1,23.21,0.0,0.0,0.0,0.0,0.0
3825,US,US,EDUCA,SUPPO,23.2,0.0,0.0,0.0,0.0,0.0
11871,US,US,PFERT,93197,23.17,0.0,0.0,0.0,0.0,0.0
1855,US,US,CATTL,PROCE,23.16,0.0,0.0,0.0,0.0,0.0
3290,US,US,CRUDE,PRECI,23.14,0.0,0.0,0.0,0.0,0.0
12091,US,US,PLAS1,DIST1,23.11,0.0,0.0,0.0,0.0,0.0
1693,US,US,BUSIN,CEREA,23.1,0.0,0.0,0.0,0.0,0.0
1979,US,US,CEMEN,SECO9,23.09,0.0,0.0,0.0,0.0,0.0
1360,US,US,BIOGA,TRANS,23.07,0.0,0.0,0.0,0.0,0.0
10280,US,US,NATUR,FISH5,23.06,0.0,0.0,0.0,0.0,0.0
12417,US,US,PLAST,MEAT4,23.04,0.0,0.0,0.0,0.0,0.0
12209,US,US,PLAS1,TRAN2,23.03,0.0,0.0,0.0,0.0,0.0
14223,US,US,SALEM,CERAM,23.02,0.0,0.0,0.0,0.0,0.0
9792,US,US,MOTO1,INERT,23.01,0.0,0.0,0.0,0.0,0.0
6965,US,US,GASDI,PLAST,23.01,0.0,0.0,0.0,0.0,0.0
5577,US,US,FABRI,PLAS2,23.01,0.0,0.0,0.0,0.0,0.0
11192,US,US,PAPE1,BASIC,22.99,0.0,0.0,0.0,0.0,0.0
1343,US,US,BIOGA,RUBBE,22.97,0.0,0.0,0.0,0.0,0.0
6150,US,US,FOOD4,BIOGA,22.97,0.0,0.0,0.0,0.0,0.0
12478,US,US,POSTT,COLLE,5.84,0.0,0.0,0.0,0.0,0.0
3859,US,US,ELE11,CHEM1,5.83,0.0,0.0,0.0,0.0,0.0
8818,US,US,LIQUI,REALE,0.85,0.0,0.0,0.0,0.0,0.0
14170,US,US,RUBBE,REFIN,1.6,0.0,0.0,0.0,0.0,0.0
11010,US,US,OILHA,GLASS,1.62,0.0,0.0,0.0,0.0,0.0
5171,US,US,ELEC8,RADIO,1.62,0.0,0.0,0.0,0.0,0.0
15565,US,US,TEXT2,OFFIC,1.61,0.0,0.0,0.0,0.0,0.0
7692,US,US,INERT,HEAVY,1.61,0.0,0.0,0.0,0.0,0.0
11127,US,US,PADDY,DAIRY,1.61,0.0,0.0,0.0,0.0,0.0
16661,US,US,WHOLE,SUBBI,1.61,0.0,0.0,0.0,0.0,0.0
9509,US,US,MEDIC,OILHA,1.61,0.0,0.0,0.0,0.0,0.0
5706,US,US,FINAN,LIGNI,1.61,0.0,0.0,0.0,0.0,0.0
822,US,US,BASIC,FOODW,1.6,0.0,0.0,0.0,0.0,0.0
3285,US,US,CRUDE,PLAS2,1.6,0.0,0.0,0.0,0.0,0.0
1511,US,US,BITUM,NFERT,1.6,0.0,0.0,0.0,0.0,0.0
845,US,US,BASIC,LIQUE,1.62,0.0,0.0,0.0,0.0,0.0
12528,US,US,POSTT,LEAD1,1.6,0.0,0.0,0.0,0.0,0.0
2711,US,US,COMPU,LIQUI,1.6,0.0,0.0,0.0,0.0,0.0
9754,US,US,MOTO1,CROPS,1.6,0.0,0.0,0.0,0.0,0.0
11949,US,US,PFERT,PAPE4,1.6,0.0,0.0,0.0,0.0,0.0
9738,US,US,MOTO1,BLAST,1.6,0.0,0.0,0.0,0.0,0.0
14952,US,US,SUBBI,CHEMI,1.6,0.0,0.0,0.0,0.0,0.0
10409,US,US,NFERT,GLASS,1.6,0.0,0.0,0.0,0.0,0.0
10944,US,US,OFFIC,VEGE1,1.6,0.0,0.0,0.0,0.0,0.0
16435,US,US,WHEAT,RAWMI,1.6,0.0,0.0,0.0,0.0,0.0
10710,US,US,NONSP,BITUM,1.6,0.0,0.0,0.0,0.0,0.0
6940,US,US,GASDI,MOTO1,1.62,0.0,0.0,0.0,0.0,0.0
5862,US,US,FOOD2,CEMEN,1.62,0.0,0.0,0.0,0.0,0.0
11921,US,US,PFERT,KEROS,1.74,0.0,0.0,0.0,0.0,0.0
1874,US,US,CEMEN,BLAST,1.63,0.0,0.0,0.0,0.0,0.0
2502,US,US,COLLE,CROPS,1.64,0.0,0.0,0.0,0.0,0.0
11252,US,US,PAPE1,INERT,1.64,0.0,0.0,0.0,0.0,0.0
509,US,US,ANTHR,FOUND,1.64,0.0,0.0,0.0,0.0,0.0
9484,US,US,MEDIC,KEROS,1.64,0.0,0.0,0.0,0.0,0.0
4975,US,US,ELEC7,FINAN,1.64,0.0,0.0,0.0,0.0,0.0
12594,US,US,POSTT,STEAM,1.64,0.0,0.0,0.0,0.0,0.0
5719,US,US,FINAN,NAPHT,1.64,0.0,0.0,0.0,0.0,0.0
9150,US,US,MACHI,WHITE,1.64,0.0,0.0,0.0,0.0,0.0
2198,US,US,CHEM1,ELEC5,1.64,0.0,0.0,0.0,0.0,0.0
11204,US,US,PAPE1,CERAM,1.63,0.0,0.0,0.0,0.0,0.0
11566,US,US,PAPE4,FORES,1.63,0.0,0.0,0.0,0.0,0.0
5280,US,US,ELEC9,RETA1,1.62,0.0,0.0,0.0,0.0,0.0
8922,US,US,LUBRI,MACHI,1.63,0.0,0.0,0.0,0.0,0.0
12726,US,US,PRECI,IRONO,1.63,0.0,0.0,0.0,0.0,0.0
15925,US,US,TRANS,ALUM1,1.63,0.0,0.0,0.0,0.0,0.0
4836,US,US,ELEC6,CRUDE,1.63,0.0,0.0,0.0,0.0,0.0
15857,US,US,TRAN1,PAPE1,1.63,0.0,0.0,0.0,0.0,0.0
11622,US,US,PAPE4,PLAS2,1.62,0.0,0.0,0.0,0.0,0.0
6306,US,US,FOOD5,BIODI,1.62,0.0,0.0,0.0,0.0,0.0
14091,US,US,RUBBE,FOOD2,1.62,0.0,0.0,0.0,0.0,0.0
927,US,US,BASIC,WOOD2,1.62,0.0,0.0,0.0,0.0,0.0
7218,US,US,HEAVY,EDUCA,1.62,0.0,0.0,0.0,0.0,0.0
12325,US,US,PLAS2,PAPE4,1.6,0.0,0.0,0.0,0.0,0.0
13588,US,US,RECRE,OILSE,1.6,0.0,0.0,0.0,0.0,0.0
499,US,US,ANTHR,CRUDE,1.6,0.0,0.0,0.0,0.0,0.0
15079,US,US,SUGA1,RUBBE,1.56,0.0,0.0,0.0,0.0,0.0
89,US,US,93197,PAPER,1.57,0.0,0.0,0.0,0.0,0.0
16853,US,US,WOOD2,BRICK,1.57,0.0,0.0,0.0,0.0,0.0
13266,US,US,RAILW,FOODW,1.57,0.0,0.0,0.0,0.0,0.0
14548,US,US,SEWAG,BIOG1,1.57,0.0,0.0,0.0,0.0,0.0
11310,US,US,PAPE1,RAWMI,1.57,0.0,0.0,0.0,0.0,0.0
1112,US,US,BIODI,SUBBI,1.57,0.0,0.0,0.0,0.0,0.0
12100,US,US,PLAS1,ELEC5,1.57,0.0,0.0,0.0,0.0,0.0
14034,US,US,RETAI,RETA1,1.57,0.0,0.0,0.0,0.0,0.0
3411,US,US,DIST1,CHEMI,1.56,0.0,0.0,0.0,0.0,0.0
1081,US,US,BIODI,PAPER,1.56,0.0,0.0,0.0,0.0,0.0
3152,US,US,CROPS,PAPE1,1.56,0.0,0.0,0.0,0.0,0.0
52,US,US,93197,GASDI,1.59,0.0,0.0,0.0,0.0,0.0
15455,US,US,TEXT1,TOBAC,1.56,0.0,0.0,0.0,0.0,0.0
10196,US,US,NATU1,POSTT,1.56,0.0,0.0,0.0,0.0,0.0
80,US,US,93197,NATU1,1.56,0.0,0.0,0.0,0.0,0.0
4012,US,US,ELE12,LANDT,1.56,0.0,0.0,0.0,0.0,0.0
16173,US,US,VEGET,WOOD2,1.56,0.0,0.0,0.0,0.0,0.0
4742,US,US,ELEC5,NATUR,1.56,0.0,0.0,0.0,0.0,0.0
6412,US,US,FOODW,BRICK,1.55,0.0,0.0,0.0,0.0,0.0
11994,US,US,PIGS9,ANIMA,1.55,0.0,0.0,0.0,0.0,0.0
11110,US,US,OILSE,FOOD5,1.55,0.0,0.0,0.0,0.0,0.0
4898,US,US,ELEC6,PIGS9,1.55,0.0,0.0,0.0,0.0,0.0
8110,US,US,INTER,SUGA1,1.57,0.0,0.0,0.0,0.0,0.0
8711,US,US,LIGNI,PFERT,1.57,0.0,0.0,0.0,0.0,0.0
10306,US,US,NATUR,LIQUI,1.58,0.0,0.0,0.0,0.0,0.0
13513,US,US,RECRE,COLLE,1.58,0.0,0.0,0.0,0.0,0.0
657,US,US,AUXIL,LIQUI,1.59,0.0,0.0,0.0,0.0,0.0
2880,US,US,CONST,MEATA,1.59,0.0,0.0,0.0,0.0,0.0
15122,US,US,SUGAR,OILHA,1.59,0.0,0.0,0.0,0.0,0.0
4041,US,US,ELE12,PLAST,1.59,0.0,0.0,0.0,0.0,0.0
12611,US,US,POSTT,WHEAT,1.59,0.0,0.0,0.0,0.0,0.0
2537,US,US,COLLE,INERT,1.59,0.0,0.0,0.0,0.0,0.0
15941,US,US,TRANS,COPP1,1.59,0.0,0.0,0.0,0.0,0.0
5653,US,US,FINAN,COLLE,1.59,0.0,0.0,0.0,0.0,0.0
8121,US,US,INTER,VEGET,1.59,0.0,0.0,0.0,0.0,0.0
7902,US,US,INSUR,MEATP,1.59,0.0,0.0,0.0,0.0,0.0
11006,US,US,OILHA,FOUND,1.59,0.0,0.0,0.0,0.0,0.0
13119,US,US,RADIO,COLLE,1.59,0.0,0.0,0.0,0.0,0.0
13306,US,US,RAILW,WOOD2,1.58,0.0,0.0,0.0,0.0,0.0
4597,US,US,ELEC4,MOTOR,1.58,0.0,0.0,0.0,0.0,0.0
15393,US,US,TEXT1,MEATP,1.58,0.0,0.0,0.0,0.0,0.0
4453,US,US,ELEC3,MOTO1,1.58,0.0,0.0,0.0,0.0,0.0
8945,US,US,LUBRI,PETRO,1.58,0.0,0.0,0.0,0.0,0.0
3675,US,US,DISTR,SANDC,1.58,0.0,0.0,0.0,0.0,0.0
7067,US,US,GLASS,HEAVY,1.58,0.0,0.0,0.0,0.0,0.0
11078,US,US,OILHA,RETAI,1.58,0.0,0.0,0.0,0.0,0.0
5069,US,US,ELEC8,AIRTR,1.58,0.0,0.0,0.0,0.0,0.0
6908,US,US,GASDI,FOODW,1.65,0.0,0.0,0.0,0.0,0.0
2584,US,US,COLLE,POULT,1.65,0.0,0.0,0.0,0.0,0.0
799,US,US,BASIC,CROPS,1.65,0.0,0.0,0.0,0.0,0.0
4339,US,US,ELEC2,PUBLI,1.71,0.0,0.0,0.0,0.0,0.0
10226,US,US,NATU1,VEGET,1.72,0.0,0.0,0.0,0.0,0.0
6054,US,US,FOOD3,FOOD5,1.72,0.0,0.0,0.0,0.0,0.0
2864,US,US,CONST,INERT,1.72,0.0,0.0,0.0,0.0,0.0
5144,US,US,ELEC8,NFERT,1.72,0.0,0.0,0.0,0.0,0.0
1347,US,US,BIOGA,SECO9,1.72,0.0,0.0,0.0,0.0,0.0
15653,US,US,TEXTI,CROPS,1.72,0.0,0.0,0.0,0.0,0.0
131,US,US,93197,WOODW,1.71,0.0,0.0,0.0,0.0,0.0
7984,US,US,INTER,CATTL,1.71,0.0,0.0,0.0,0.0,0.0
3541,US,US,DIST1,WHITE,1.71,0.0,0.0,0.0,0.0,0.0
11323,US,US,PAPE1,SECO9,1.71,0.0,0.0,0.0,0.0,0.0
9578,US,US,MEMBE,BITU1,1.71,0.0,0.0,0.0,0.0,0.0
8352,US,US,LANDT,ELEC4,1.7,0.0,0.0,0.0,0.0,0.0
6165,US,US,FOOD4,COLLE,1.71,0.0,0.0,0.0,0.0,0.0
15347,US,US,TEXT1,ELEC2,1.71,0.0,0.0,0.0,0.0,0.0
7748,US,US,INERT,PROCE,1.71,0.0,0.0,0.0,0.0,0.0
16958,US,US,WOOD2,PULP5,1.71,0.0,0.0,0.0,0.0,0.0
3786,US,US,EDUCA,PADDY,1.71,0.0,0.0,0.0,0.0,0.0
9647,US,US,MEMBE,MEAT4,1.7,0.0,0.0,0.0,0.0,0.0
3954,US,US,ELE11,TEXTI,1.7,0.0,0.0,0.0,0.0,0.0
1566,US,US,BLAST,CONST,1.7,0.0,0.0,0.0,0.0,0.0
13691,US,US,REFIN,NONSP,1.7,0.0,0.0,0.0,0.0,0.0
65,US,US,93197,KEROS,1.7,0.0,0.0,0.0,0.0,0.0
8007,US,US,INTER,ELEC3,1.72,0.0,0.0,0.0,0.0,0.0
2762,US,US,COMPU,REFIN,1.72,0.0,0.0,0.0,0.0,0.0
587,US,US,AUXIL,BITU1,1.72,0.0,0.0,0.0,0.0,0.0
7293,US,US,HEAVY,POULT,1.73,0.0,0.0,0.0,0.0,0.0
16382,US,US,WEARI,SEWAG,1.74,0.0,0.0,0.0,0.0,0.0
14922,US,US,STONE,SEWAG,1.74,0.0,0.0,0.0,0.0,0.0
10954,US,US,OILHA,ALUM1,1.74,0.0,0.0,0.0,0.0,0.0
6121,US,US,FOOD3,SECO9,1.74,0.0,0.0,0.0,0.0,0.0
14687,US,US,SEWAG,TEXT2,1.74,0.0,0.0,0.0,0.0,0.0
9590,US,US,MEMBE,COKIN,1.74,0.0,0.0,0.0,0.0,0.0
15950,US,US,TRANS,ELEC3,1.74,0.0,0.0,0.0,0.0,0.0
11031,US,US,OILHA,MEAT4,1.74,0.0,0.0,0.0,0.0,0.0
5320,US,US,ELECT,CEREA,1.74,0.0,0.0,0.0,0.0,0.0
2438,US,US,COKE1,COKEO,1.74,0.0,0.0,0.0,0.0,0.0
15605,US,US,TEXT2,SEWAG,1.74,0.0,0.0,0.0,0.0,0.0
10577,US,US,NONME,BEVER,1.73,0.0,0.0,0.0,0.0,0.0
3971,US,US,ELE12,BASIC,1.73,0.0,0.0,0.0,0.0,0.0
8841,US,US,LIQUI,WHOLE,1.73,0.0,0.0,0.0,0.0,0.0
9371,US,US,MEATP,LANDT,1.73,0.0,0.0,0.0,0.0,0.0
2819,US,US,CONST,COKE1,1.73,0.0,0.0,0.0,0.0,0.0
3569,US,US,DISTR,CHEMI,1.73,0.0,0.0,0.0,0.0,0.0
12891,US,US,PRINT,SUGA1,1.73,0.0,0.0,0.0,0.0,0.0
9943,US,US,MOTOR,FOOD5,1.73,0.0,0.0,0.0,0.0,0.0
8103,US,US,INTER,SANDC,1.73,0.0,0.0,0.0,0.0,0.0
4984,US,US,ELEC7,GLASS,1.73,0.0,0.0,0.0,0.0,0.0
14972,US,US,SUBBI,GASDI,1.7,0.0,0.0,0.0,0.0,0.0
14233,US,US,SALEM,COPP1,1.7,0.0,0.0,0.0,0.0,0.0
8506,US,US,LEAD1,RADIO,1.65,0.0,0.0,0.0,0.0,0.0
10329,US,US,NATUR,PADDY,1.66,0.0,0.0,0.0,0.0,0.0
3959,US,US,ELE11,VEGET,1.67,0.0,0.0,0.0,0.0,0.0
4609,US,US,ELEC4,PADDY,1.67,0.0,0.0,0.0,0.0,0.0
7668,US,US,INERT,ELEC4,1.67,0.0,0.0,0.0,0.0,0.0
8649,US,US,LEATH,RUBBE,1.66,0.0,0.0,0.0,0.0,0.0
3749,US,US,EDUCA,FOOD4,1.66,0.0,0.0,0.0,0.0,0.0
15513,US,US,TEXT2,ELECT,1.66,0.0,0.0,0.0,0.0,0.0
7009,US,US,GASDI,WOOD2,1.66,0.0,0.0,0.0,0.0,0.0
6902,US,US,GASDI,FISH5,1.66,0.0,0.0,0.0,0.0,0.0
7253,US,US,HEAVY,LANDT,1.66,0.0,0.0,0.0,0.0,0.0
8528,US,US,LEADZ,CERAM,1.66,0.0,0.0,0.0,0.0,0.0
3755,US,US,EDUCA,GASDI,1.65,0.0,0.0,0.0,0.0,0.0
12324,US,US,PLAS2,PAPE3,1.7,0.0,0.0,0.0,0.0,0.0
8040,US,US,INTER,KEROS,1.65,0.0,0.0,0.0,0.0,0.0
4916,US,US,ELEC6,RENTI,1.65,0.0,0.0,0.0,0.0,0.0
10070,US,US,NAPHT,LUBRI,1.65,0.0,0.0,0.0,0.0,0.0
7731,US,US,INERT,PAPE1,1.65,0.0,0.0,0.0,0.0,0.0
2528,US,US,COLLE,FORES,1.65,0.0,0.0,0.0,0.0,0.0
6161,US,US,FOOD4,CHEMI,1.65,0.0,0.0,0.0,0.0,0.0
11404,US,US,PAPE3,FORES,1.65,0.0,0.0,0.0,0.0,0.0
5847,US,US,FOOD2,ALUM1,1.65,0.0,0.0,0.0,0.0,0.0
4569,US,US,ELEC4,GASDI,1.65,0.0,0.0,0.0,0.0,0.0
4772,US,US,ELEC5,RAILW,1.65,0.0,0.0,0.0,0.0,0.0
3132,US,US,CROPS,LIQUI,1.67,0.0,0.0,0.0,0.0,0.0
11215,US,US,PAPE1,CROPS,1.67,0.0,0.0,0.0,0.0,0.0
8375,US,US,LANDT,HEAVY,1.67,0.0,0.0,0.0,0.0,0.0
6517,US,US,FOODW,PULP5,1.67,0.0,0.0,0.0,0.0,0.0
4298,US,US,ELEC2,LIQUI,1.69,0.0,0.0,0.0,0.0,0.0
14563,US,US,SEWAG,COKIN,1.69,0.0,0.0,0.0,0.0,0.0
8887,US,US,LUBRI,ELECT,1.69,0.0,0.0,0.0,0.0,0.0
11030,US,US,OILHA,MEAT1,1.69,0.0,0.0,0.0,0.0,0.0
7855,US,US,INSUR,ELEC3,1.69,0.0,0.0,0.0,0.0,0.0
4463,US,US,ELEC3,OFFIC,1.69,0.0,0.0,0.0,0.0,0.0
12690,US,US,PREC1,REALE,1.69,0.0,0.0,0.0,0.0,0.0
11948,US,US,PFERT,PAPE3,1.68,0.0,0.0,0.0,0.0,0.0
5667,US,US,FINAN,ELEC3,1.68,0.0,0.0,0.0,0.0,0.0
14084,US,US,RUBBE,ELEC8,1.68,0.0,0.0,0.0,0.0,0.0
14508,US,US,SECO9,FURNI,1.68,0.0,0.0,0.0,0.0,0.0
3139,US,US,CROPS,MEDIC,1.68,0.0,0.0,0.0,0.0,0.0
15394,US,US,TEXT1,MEDIC,1.68,0.0,0.0,0.0,0.0,0.0
85,US,US,93197,OILHA,1.68,0.0,0.0,0.0,0.0,0.0
448,US,US,ANIMA,EDUCA,1.68,0.0,0.0,0.0,0.0,0.0
2503,US,US,COLLE,CRUDE,1.68,0.0,0.0,0.0,0.0,0.0
11460,US,US,PAPE3,PLAS2,1.67,0.0,0.0,0.0,0.0,0.0
15392,US,US,TEXT1,MEATC,1.67,0.0,0.0,0.0,0.0,0.0
75,US,US,93197,MEDIC,1.67,0.0,0.0,0.0,0.0,0.0
8108,US,US,INTER,STONE,1.67,0.0,0.0,0.0,0.0,0.0
9765,US,US,MOTO1,ELEC4,1.67,0.0,0.0,0.0,0.0,0.0
16003,US,US,TRANS,SEWAG,1.55,0.0,0.0,0.0,0.0,0.0
7554,US,US,HYDRO,HEALT,1.55,0.0,0.0,0.0,0.0,0.0
15429,US,US,TEXT1,RADIO,1.55,0.0,0.0,0.0,0.0,0.0
619,US,US,AUXIL,ELEC6,1.41,0.0,0.0,0.0,0.0,0.0
11551,US,US,PAPE4,ELEC5,1.42,0.0,0.0,0.0,0.0,0.0
15343,US,US,TEXT1,DISTR,1.42,0.0,0.0,0.0,0.0,0.0
4132,US,US,ELEC1,INTER,1.42,0.0,0.0,0.0,0.0,0.0
6847,US,US,FURNI,TEXT1,1.42,0.0,0.0,0.0,0.0,0.0
14768,US,US,STEAM,MACHI,1.42,0.0,0.0,0.0,0.0,0.0
1319,US,US,BIOGA,PETRO,1.42,0.0,0.0,0.0,0.0,0.0
7620,US,US,HYDRO,TRAN2,1.42,0.0,0.0,0.0,0.0,0.0
2965,US,US,COPP1,BITU1,1.42,0.0,0.0,0.0,0.0,0.0
6746,US,US,FURNI,ELEC2,1.42,0.0,0.0,0.0,0.0,0.0
9075,US,US,MACHI,MEATA,1.41,0.0,0.0,0.0,0.0,0.0
4400,US,US,ELEC3,CHEMI,1.41,0.0,0.0,0.0,0.0,0.0
16106,US,US,VEGET,CROPS,1.4,0.0,0.0,0.0,0.0,0.0
3834,US,US,EDUCA,WEARI,1.41,0.0,0.0,0.0,0.0,0.0
12242,US,US,PLAS2,CHEMI,1.41,0.0,0.0,0.0,0.0,0.0
6434,US,US,FOODW,ELEC1,1.41,0.0,0.0,0.0,0.0,0.0
1538,US,US,BITUM,RESEA,1.41,0.0,0.0,0.0,0.0,0.0
2900,US,US,CONST,PAPE3,1.41,0.0,0.0,0.0,0.0,0.0
6406,US,US,FOODW,BIODI,1.41,0.0,0.0,0.0,0.0,0.0
14496,US,US,SECO9,BRICK,1.4,0.0,0.0,0.0,0.0,0.0
12661,US,US,PREC1,HEALT,1.4,0.0,0.0,0.0,0.0,0.0
5432,US,US,ELECT,RETAI,1.4,0.0,0.0,0.0,0.0,0.0
7028,US,US,GASWO,TRAN1,1.4,0.0,0.0,0.0,0.0,0.0
2554,US,US,COLLE,MEATC,1.42,0.0,0.0,0.0,0.0,0.0
7232,US,US,HEAVY,FISH5,1.42,0.0,0.0,0.0,0.0,0.0
11297,US,US,PAPE1,PLAS1,1.43,0.0,0.0,0.0,0.0,0.0
8727,US,US,LIQUE,CHEMI,1.43,0.0,0.0,0.0,0.0,0.0
8043,US,US,INTER,LEATH,1.44,0.0,0.0,0.0,0.0,0.0
8960,US,US,LUBRI,RECRE,1.44,0.0,0.0,0.0,0.0,0.0
1330,US,US,BIOGA,PUBLI,1.44,0.0,0.0,0.0,0.0,0.0
46,US,US,93197,FOOD2,1.44,0.0,0.0,0.0,0.0,0.0
11335,US,US,PAPE1,TRAN1,1.44,0.0,0.0,0.0,0.0,0.0
4383,US,US,ELEC3,ANIMA,1.44,0.0,0.0,0.0,0.0,0.0
8321,US,US,LANDT,BIOG1,1.44,0.0,0.0,0.0,0.0,0.0
17049,US,US,WOODW,INTER,1.44,0.0,0.0,0.0,0.0,0.0
16847,US,US,WOOD2,BIODI,1.43,0.0,0.0,0.0,0.0,0.0
1437,US,US,BITU1,SUBBI,1.43,0.0,0.0,0.0,0.0,0.0
9750,US,US,MOTO1,COLLE,1.43,0.0,0.0,0.0,0.0,0.0
14836,US,US,STEAM,WOODW,1.43,0.0,0.0,0.0,0.0,0.0
15559,US,US,TEXT2,NATUR,1.43,0.0,0.0,0.0,0.0,0.0
13783,US,US,RENTI,LIGNI,1.43,0.0,0.0,0.0,0.0,0.0
4753,US,US,ELEC5,PAPE3,1.43,0.0,0.0,0.0,0.0,0.0
887,US,US,BASIC,PROCE,1.43,0.0,0.0,0.0,0.0,0.0
1985,US,US,CEMEN,TEXT2,1.43,0.0,0.0,0.0,0.0,0.0
1047,US,US,BIODI,INTER,1.43,0.0,0.0,0.0,0.0,0.0
11389,US,US,PAPE3,ELEC5,1.43,0.0,0.0,0.0,0.0,0.0
14747,US,US,STEAM,FOOD5,1.43,0.0,0.0,0.0,0.0,0.0
61,US,US,93197,INSUR,1.43,0.0,0.0,0.0,0.0,0.0
14905,US,US,STONE,PLANT,1.4,0.0,0.0,0.0,0.0,0.0
3998,US,US,ELE12,FOOD5,1.4,0.0,0.0,0.0,0.0,0.0
10069,US,US,NAPHT,LIQUI,1.44,0.0,0.0,0.0,0.0,0.0
3829,US,US,EDUCA,TRAN1,1.37,0.0,0.0,0.0,0.0,0.0
100,US,US,93197,RADIO,1.38,0.0,0.0,0.0,0.0,0.0
1065,US,US,BIODI,MOTO1,1.38,0.0,0.0,0.0,0.0,0.0
5086,US,US,ELEC8,CEREA,1.38,0.0,0.0,0.0,0.0,0.0
13061,US,US,PUBLI,TEXT2,1.38,0.0,0.0,0.0,0.0,0.0
4433,US,US,ELEC3,INTER,1.38,0.0,0.0,0.0,0.0,0.0
6531,US,US,FOODW,SANDC,1.38,0.0,0.0,0.0,0.0,0.0
16815,US,US,WOOD1,SEWAG,1.38,0.0,0.0,0.0,0.0,0.0
15676,US,US,TEXTI,INERT,1.38,0.0,0.0,0.0,0.0,0.0
10157,US,US,NATU1,GLASS,1.37,0.0,0.0,0.0,0.0,0.0
3994,US,US,ELE12,FABRI,1.37,0.0,0.0,0.0,0.0,0.0
6414,US,US,FOODW,CATTL,1.37,0.0,0.0,0.0,0.0,0.0
401,US,US,ALUMI,FURNI,1.4,0.0,0.0,0.0,0.0,0.0
4861,US,US,ELEC6,INSUR,1.37,0.0,0.0,0.0,0.0,0.0
6196,US,US,FOOD4,FORES,1.37,0.0,0.0,0.0,0.0,0.0
10501,US,US,NONF1,REALE,1.37,0.0,0.0,0.0,0.0,0.0
15100,US,US,SUGAR,FOOD2,1.37,0.0,0.0,0.0,0.0,0.0
2580,US,US,COLLE,PLAS1,1.37,0.0,0.0,0.0,0.0,0.0
15089,US,US,SUGAR,BIODI,1.37,0.0,0.0,0.0,0.0,0.0
6436,US,US,FOODW,ELEC3,1.37,0.0,0.0,0.0,0.0,0.0
5991,US,US,FOOD2,TRAN2,1.37,0.0,0.0,0.0,0.0,0.0
4376,US,US,ELEC2,WOOD1,1.37,0.0,0.0,0.0,0.0,0.0
11467,US,US,PAPE3,PROCE,1.37,0.0,0.0,0.0,0.0,0.0
3934,US,US,ELE11,RAWMI,1.38,0.0,0.0,0.0,0.0,0.0
16748,US,US,WOOD1,IRONO,1.38,0.0,0.0,0.0,0.0,0.0
14751,US,US,STEAM,FURNI,1.38,0.0,0.0,0.0,0.0,0.0
12099,US,US,PLAS1,ELEC4,1.38,0.0,0.0,0.0,0.0,0.0
13939,US,US,RESEA,LEAD1,1.4,0.0,0.0,0.0,0.0,0.0
7898,US,US,INSUR,MEAT1,1.4,0.0,0.0,0.0,0.0,0.0
11943,US,US,PFERT,OFFIC,1.4,0.0,0.0,0.0,0.0,0.0
4052,US,US,ELE12,RECRE,1.4,0.0,0.0,0.0,0.0,0.0
7492,US,US,HOTEL,TRAN2,1.4,0.0,0.0,0.0,0.0,0.0
10665,US,US,NONME,PROCE,1.4,0.0,0.0,0.0,0.0,0.0
10492,US,US,NONF1,PAPER,1.4,0.0,0.0,0.0,0.0,0.0
19,US,US,93197,CHEMI,1.4,0.0,0.0,0.0,0.0,0.0
12161,US,US,PLAS1,PAPE1,1.4,0.0,0.0,0.0,0.0,0.0
13889,US,US,RESEA,COKE1,1.4,0.0,0.0,0.0,0.0,0.0
8719,US,US,LIGNI,TRAN1,1.4,0.0,0.0,0.0,0.0,0.0
7749,US,US,INERT,PUBLI,1.4,0.0,0.0,0.0,0.0,0.0
11119,US,US,PADDY,BIODI,1.39,0.0,0.0,0.0,0.0,0.0
12707,US,US,PREC1,WOODW,1.39,0.0,0.0,0.0,0.0,0.0
4863,US,US,ELEC6,IRONO,1.39,0.0,0.0,0.0,0.0,0.0
16290,US,US,WASTE,PULP5,1.39,0.0,0.0,0.0,0.0,0.0
16972,US,US,WOOD2,SANDC,1.38,0.0,0.0,0.0,0.0,0.0
9463,US,US,MEDIC,FOOD2,1.38,0.0,0.0,0.0,0.0,0.0
1058,US,US,BIODI,MACHI,1.38,0.0,0.0,0.0,0.0,0.0
10845,US,US,OFFIC,ELEC1,1.38,0.0,0.0,0.0,0.0,0.0
7498,US,US,HOTEL,WHEAT,1.38,0.0,0.0,0.0,0.0,0.0
9659,US,US,MEMBE,NONF1,1.44,0.0,0.0,0.0,0.0,0.0
4456,US,US,ELEC3,NATU1,1.44,0.0,0.0,0.0,0.0,0.0
10032,US,US,MOTOR,TEXT1,1.55,0.0,0.0,0.0,0.0,0.0
1373,US,US,BITU1,BASIC,1.51,0.0,0.0,0.0,0.0,0.0
7987,US,US,INTER,CEREA,1.52,0.0,0.0,0.0,0.0,0.0
3796,US,US,EDUCA,PLAS2,1.52,0.0,0.0,0.0,0.0,0.0
14224,US,US,SALEM,CEREA,1.52,0.0,0.0,0.0,0.0,0.0
12785,US,US,PRINT,DISTR,1.51,0.0,0.0,0.0,0.0,0.0
3982,US,US,ELE12,CHEM1,1.51,0.0,0.0,0.0,0.0,0.0
5195,US,US,ELEC8,TOBAC,1.51,0.0,0.0,0.0,0.0,0.0
7948,US,US,INSUR,SUBBI,1.51,0.0,0.0,0.0,0.0,0.0
9257,US,US,MEAT4,RUBBE,1.51,0.0,0.0,0.0,0.0,0.0
1247,US,US,BIOGA,COPP1,1.51,0.0,0.0,0.0,0.0,0.0
10015,US,US,MOTOR,REFIN,1.51,0.0,0.0,0.0,0.0,0.0
3121,US,US,CROPS,HEAVY,1.51,0.0,0.0,0.0,0.0,0.0
9711,US,US,MEMBE,TOBAC,1.5,0.0,0.0,0.0,0.0,0.0
14198,US,US,RUBBE,WHITE,1.51,0.0,0.0,0.0,0.0,0.0
9655,US,US,MEMBE,NAPHT,1.5,0.0,0.0,0.0,0.0,0.0
8931,US,US,LUBRI,NAPHT,1.5,0.0,0.0,0.0,0.0,0.0
15826,US,US,TRAN1,KEROS,1.5,0.0,0.0,0.0,0.0,0.0
7844,US,US,INSUR,COPP1,1.5,0.0,0.0,0.0,0.0,0.0
5924,US,US,FOOD2,MEAT1,1.5,0.0,0.0,0.0,0.0,0.0
1540,US,US,BITUM,RETAI,1.5,0.0,0.0,0.0,0.0,0.0
13703,US,US,REFIN,WHITE,1.5,0.0,0.0,0.0,0.0,0.0
5855,US,US,FOOD2,BIOGA,1.5,0.0,0.0,0.0,0.0,0.0
9585,US,US,MEMBE,CERAM,1.5,0.0,0.0,0.0,0.0,0.0
6932,US,US,GASDI,MACHI,1.52,0.0,0.0,0.0,0.0,0.0
6953,US,US,GASDI,PADDY,1.52,0.0,0.0,0.0,0.0,0.0
2908,US,US,CONST,PLAS1,1.52,0.0,0.0,0.0,0.0,0.0
13256,US,US,RAILW,AUXIL,1.52,0.0,0.0,0.0,0.0,0.0
11946,US,US,PFERT,PADDY,1.54,0.0,0.0,0.0,0.0,0.0
6773,US,US,FURNI,INLAN,1.54,0.0,0.0,0.0,0.0,0.0
8495,US,US,LEAD1,MEDIC,1.54,0.0,0.0,0.0,0.0,0.0
1356,US,US,BIOGA,TEXTI,1.54,0.0,0.0,0.0,0.0,0.0
7072,US,US,GLASS,INTER,1.54,0.0,0.0,0.0,0.0,0.0
7453,US,US,HOTEL,PLANT,1.54,0.0,0.0,0.0,0.0,0.0
14704,US,US,STEAM,ALUM1,1.54,0.0,0.0,0.0,0.0,0.0
14651,US,US,SEWAG,PLANT,1.54,0.0,0.0,0.0,0.0,0.0
16117,US,US,VEGET,FOODW,1.54,0.0,0.0,0.0,0.0,0.0
3986,US,US,ELE12,CONST,1.54,0.0,0.0,0.0,0.0,0.0
883,US,US,BASIC,POULT,1.54,0.0,0.0,0.0,0.0,0.0
1041,US,US,BIODI,HEAVY,1.53,0.0,0.0,0.0,0.0,0.0
13421,US,US,REALE,NONF1,1.53,0.0,0.0,0.0,0.0,0.0
6425,US,US,FOODW,COPP1,1.53,0.0,0.0,0.0,0.0,0.0
12312,US,US,PLAS2,NATU1,1.53,0.0,0.0,0.0,0.0,0.0
12715,US,US,PRECI,BUSIN,1.53,0.0,0.0,0.0,0.0,0.0
11096,US,US,OILHA,TRAN2,1.53,0.0,0.0,0.0,0.0,0.0
15068,US,US,SUGA1,PIGS9,1.53,0.0,0.0,0.0,0.0,0.0
6125,US,US,FOOD3,SUGA1,1.53,0.0,0.0,0.0,0.0,0.0
4761,US,US,ELEC5,PLAS1,1.53,0.0,0.0,0.0,0.0,0.0
1886,US,US,CEMEN,COPP1,1.52,0.0,0.0,0.0,0.0,0.0
1227,US,US,BIOGA,BASIC,1.5,0.0,0.0,0.0,0.0,0.0
11301,US,US,PAPE1,POULT,1.5,0.0,0.0,0.0,0.0,0.0
16376,US,US,WEARI,RETAI,1.44,0.0,0.0,0.0,0.0,0.0
2962,US,US,COPP1,BIODI,1.46,0.0,0.0,0.0,0.0,0.0
8961,US,US,LUBRI,REFI1,1.46,0.0,0.0,0.0,0.0,0.0
7784,US,US,INERT,WHEAT,1.46,0.0,0.0,0.0,0.0,0.0
6970,US,US,GASDI,PROCE,1.46,0.0,0.0,0.0,0.0,0.0
4880,US,US,ELEC6,MOTO1,1.46,0.0,0.0,0.0,0.0,0.0
14230,US,US,SALEM,COLLE,1.46,0.0,0.0,0.0,0.0,0.0
10592,US,US,NONME,COKIN,1.46,0.0,0.0,0.0,0.0,0.0
8596,US,US,LEATH,DIST1,1.46,0.0,0.0,0.0,0.0,0.0
2148,US,US,CEREA,RUBBE,1.46,0.0,0.0,0.0,0.0,0.0
6234,US,US,FOOD4,NONF1,1.46,0.0,0.0,0.0,0.0,0.0
3679,US,US,DISTR,STONE,1.46,0.0,0.0,0.0,0.0,0.0
5401,US,US,ELECT,OILHA,1.46,0.0,0.0,0.0,0.0,0.0
4910,US,US,ELEC6,PULP5,1.5,0.0,0.0,0.0,0.0,0.0
5639,US,US,FINAN,BITU1,1.45,0.0,0.0,0.0,0.0,0.0
10193,US,US,NATU1,PETRO,1.45,0.0,0.0,0.0,0.0,0.0
8068,US,US,INTER,OILSE,1.45,0.0,0.0,0.0,0.0,0.0
3701,US,US,EDUCA,93197,1.45,0.0,0.0,0.0,0.0,0.0
2192,US,US,CHEM1,ELE11,1.45,0.0,0.0,0.0,0.0,0.0
12178,US,US,PLAS1,PROCE,1.45,0.0,0.0,0.0,0.0,0.0
10273,US,US,NATUR,ELEC7,1.45,0.0,0.0,0.0,0.0,0.0
1357,US,US,BIOGA,TOBAC,1.45,0.0,0.0,0.0,0.0,0.0
8276,US,US,KEROS,ELEC5,1.45,0.0,0.0,0.0,0.0,0.0
10075,US,US,NAPHT,MEDIC,1.44,0.0,0.0,0.0,0.0,0.0
12497,US,US,POSTT,ELEC8,1.46,0.0,0.0,0.0,0.0,0.0
323,US,US,ALUM1,INERT,1.46,0.0,0.0,0.0,0.0,0.0
14583,US,US,SEWAG,ELEC8,1.47,0.0,0.0,0.0,0.0,0.0
5330,US,US,ELECT,CROPS,1.47,0.0,0.0,0.0,0.0,0.0
8674,US,US,LIGNI,COLLE,1.5,0.0,0.0,0.0,0.0,0.0
9929,US,US,MOTOR,ELEC5,1.49,0.0,0.0,0.0,0.0,0.0
4155,US,US,ELEC1,NATU1,1.49,0.0,0.0,0.0,0.0,0.0
8045,US,US,INTER,LIQUE,1.49,0.0,0.0,0.0,0.0,0.0
8726,US,US,LIQUE,CHEM1,1.49,0.0,0.0,0.0,0.0,0.0
16866,US,US,WOOD2,COPP1,1.48,0.0,0.0,0.0,0.0,0.0
14277,US,US,SALEM,KEROS,1.48,0.0,0.0,0.0,0.0,0.0
8712,US,US,LIGNI,PLAST,1.48,0.0,0.0,0.0,0.0,0.0
3615,US,US,DISTR,LEAD1,1.48,0.0,0.0,0.0,0.0,0.0
4981,US,US,ELEC7,FOUND,1.48,0.0,0.0,0.0,0.0,0.0
1760,US,US,BUSIN,MEATA,1.48,0.0,0.0,0.0,0.0,0.0
10916,US,US,OFFIC,PUBLI,1.47,0.0,0.0,0.0,0.0,0.0
12525,US,US,POSTT,KERO1,1.47,0.0,0.0,0.0,0.0,0.0
1039,US,US,BIODI,GLASS,1.47,0.0,0.0,0.0,0.0,0.0
1720,US,US,BUSIN,ELEC9,1.47,0.0,0.0,0.0,0.0,0.0
6193,US,US,FOOD4,FOOD4,1.47,0.0,0.0,0.0,0.0,0.0
4574,US,US,ELEC4,INERT,1.47,0.0,0.0,0.0,0.0,0.0
5900,US,US,FOOD2,FOUND,1.47,0.0,0.0,0.0,0.0,0.0
9644,US,US,MEMBE,LUBRI,1.47,0.0,0.0,0.0,0.0,0.0
12246,US,US,PLAS2,COLLE,1.47,0.0,0.0,0.0,0.0,0.0
1647,US,US,BRICK,PREC1,1.47,0.0,0.0,0.0,0.0,0.0
11604,US,US,PAPE4,NONF1,1.74,0.0,0.0,0.0,0.0,0.0
11873,US,US,PFERT,ALUM1,1.75,0.0,0.0,0.0,0.0,0.0
9846,US,US,MOTO1,PUBLI,5.83,0.0,0.0,0.0,0.0,0.0
1232,US,US,BIOGA,BITU1,2.06,0.0,0.0,0.0,0.0,0.0
3790,US,US,EDUCA,PAPER,2.07,0.0,0.0,0.0,0.0,0.0
4819,US,US,ELEC6,BIOGA,2.07,0.0,0.0,0.0,0.0,0.0
34,US,US,93197,ELEC2,2.07,0.0,0.0,0.0,0.0,0.0
10202,US,US,NATU1,PUBLI,2.07,0.0,0.0,0.0,0.0,0.0
13864,US,US,RENTI,WHITE,2.07,0.0,0.0,0.0,0.0,0.0
10736,US,US,NONSP,HYDRO,2.07,0.0,0.0,0.0,0.0,0.0
6289,US,US,FOOD4,TRAN1,2.07,0.0,0.0,0.0,0.0,0.0
6921,US,US,GASDI,INTER,2.06,0.0,0.0,0.0,0.0,0.0
1983,US,US,CEMEN,SUBBI,2.06,0.0,0.0,0.0,0.0,0.0
5402,US,US,ELECT,OILSE,2.06,0.0,0.0,0.0,0.0,0.0
7591,US,US,HYDRO,PETRO,2.05,0.0,0.0,0.0,0.0,0.0
16260,US,US,WASTE,MOTOR,2.08,0.0,0.0,0.0,0.0,0.0
14264,US,US,SALEM,GASDI,2.05,0.0,0.0,0.0,0.0,0.0
4066,US,US,ELE12,SUPPO,2.05,0.0,0.0,0.0,0.0,0.0
6733,US,US,FURNI,COKIN,2.05,0.0,0.0,0.0,0.0,0.0
4678,US,US,ELEC5,BITUM,2.05,0.0,0.0,0.0,0.0,0.0
14052,US,US,RUBBE,BLAST,2.05,0.0,0.0,0.0,0.0,0.0
15439,US,US,TEXT1,RETAI,2.05,0.0,0.0,0.0,0.0,0.0
7111,US,US,GLASS,PROCE,2.05,0.0,0.0,0.0,0.0,0.0
13005,US,US,PUBLI,LIQUE,2.04,0.0,0.0,0.0,0.0,0.0
9663,US,US,MEMBE,OILHA,2.04,0.0,0.0,0.0,0.0,0.0
7912,US,US,INSUR,NONME,2.04,0.0,0.0,0.0,0.0,0.0
6123,US,US,FOOD3,STONE,2.08,0.0,0.0,0.0,0.0,0.0
9842,US,US,MOTO1,POULT,2.08,0.0,0.0,0.0,0.0,0.0
14296,US,US,SALEM,NATUR,1.75,0.0,0.0,0.0,0.0,0.0
8507,US,US,LEAD1,REALE,2.09,0.0,0.0,0.0,0.0,0.0
11918,US,US,PFERT,INERT,2.1,0.0,0.0,0.0,0.0,0.0
15725,US,US,TEXTI,RAWMI,2.1,0.0,0.0,0.0,0.0,0.0
3709,US,US,EDUCA,BIOG1,2.1,0.0,0.0,0.0,0.0,0.0
5420,US,US,ELECT,PROCE,2.1,0.0,0.0,0.0,0.0,0.0
9170,US,US,MEAT1,LEATH,2.1,0.0,0.0,0.0,0.0,0.0
10380,US,US,NATUR,WEARI,2.09,0.0,0.0,0.0,0.0,0.0
16935,US,US,WOOD2,OFFIC,2.09,0.0,0.0,0.0,0.0,0.0
4816,US,US,ELEC6,BEVER,2.09,0.0,0.0,0.0,0.0,0.0
3671,US,US,DISTR,RESEA,2.09,0.0,0.0,0.0,0.0,0.0
6067,US,US,FOOD3,KEROS,2.09,0.0,0.0,0.0,0.0,0.0
12287,US,US,PLAS2,INERT,2.09,0.0,0.0,0.0,0.0,0.0
10697,US,US,NONME,WHOLE,2.08,0.0,0.0,0.0,0.0,0.0
7098,US,US,GLASS,PAPE1,2.09,0.0,0.0,0.0,0.0,0.0
1103,US,US,BIODI,RETAI,2.09,0.0,0.0,0.0,0.0,0.0
11339,US,US,PAPE1,VEGET,2.09,0.0,0.0,0.0,0.0,0.0
6920,US,US,GASDI,INSUR,2.09,0.0,0.0,0.0,0.0,0.0
4451,US,US,ELEC3,MEDIC,2.08,0.0,0.0,0.0,0.0,0.0
11813,US,US,PAPER,SUBBI,2.08,0.0,0.0,0.0,0.0,0.0
12500,US,US,POSTT,ETHAN,2.08,0.0,0.0,0.0,0.0,0.0
291,US,US,ALUM1,CEMEN,2.08,0.0,0.0,0.0,0.0,0.0
13348,US,US,REALE,CHEMI,2.08,0.0,0.0,0.0,0.0,0.0
6854,US,US,FURNI,VEGE1,2.08,0.0,0.0,0.0,0.0,0.0
15189,US,US,SUPPO,ELEC6,2.04,0.0,0.0,0.0,0.0,0.0
13850,US,US,RENTI,SUGAR,2.04,0.0,0.0,0.0,0.0,0.0
16446,US,US,WHITE,AUXIL,2.04,0.0,0.0,0.0,0.0,0.0
2997,US,US,COPP1,GLASS,1.99,0.0,0.0,0.0,0.0,0.0
2743,US,US,COMPU,PIGS9,2.01,0.0,0.0,0.0,0.0,0.0
13468,US,US,REALE,SUGA1,2.0,0.0,0.0,0.0,0.0,0.0
12687,US,US,PREC1,PRINT,2.0,0.0,0.0,0.0,0.0,0.0
5393,US,US,ELECT,NATU1,2.0,0.0,0.0,0.0,0.0,0.0
16763,US,US,WOOD1,MEATP,2.0,0.0,0.0,0.0,0.0,0.0
3824,US,US,EDUCA,SUGAR,2.0,0.0,0.0,0.0,0.0,0.0
5777,US,US,FINAN,TRAN1,2.0,0.0,0.0,0.0,0.0,0.0
12967,US,US,PUBLI,DISTR,2.0,0.0,0.0,0.0,0.0,0.0
4759,US,US,ELEC5,PIGS9,2.0,0.0,0.0,0.0,0.0,0.0
4887,US,US,ELEC6,NONME,1.99,0.0,0.0,0.0,0.0,0.0
16825,US,US,WOOD1,TOBAC,1.99,0.0,0.0,0.0,0.0,0.0
6251,US,US,FOOD4,PLAS1,2.04,0.0,0.0,0.0,0.0,0.0
11205,US,US,PAPE1,CEREA,1.99,0.0,0.0,0.0,0.0,0.0
10708,US,US,NONSP,BIOGA,1.99,0.0,0.0,0.0,0.0,0.0
8860,US,US,LUBRI,CATTL,1.99,0.0,0.0,0.0,0.0,0.0
2208,US,US,CHEM1,FISHF,1.98,0.0,0.0,0.0,0.0,0.0
7084,US,US,GLASS,MEATC,1.98,0.0,0.0,0.0,0.0,0.0
2424,US,US,CHEMI,VEGET,1.98,0.0,0.0,0.0,0.0,0.0
2790,US,US,COMPU,WHEAT,1.98,0.0,0.0,0.0,0.0,0.0
2570,US,US,COLLE,OILSE,1.98,0.0,0.0,0.0,0.0,0.0
4711,US,US,ELEC5,GASDI,1.98,0.0,0.0,0.0,0.0,0.0
7192,US,US,HEAVY,BIODI,1.97,0.0,0.0,0.0,0.0,0.0
4734,US,US,ELEC5,MEATC,2.01,0.0,0.0,0.0,0.0,0.0
8286,US,US,KEROS,LIQUE,2.01,0.0,0.0,0.0,0.0,0.0
12582,US,US,POSTT,REFI1,2.01,0.0,0.0,0.0,0.0,0.0
7279,US,US,HEAVY,OILSE,2.01,0.0,0.0,0.0,0.0,0.0
5453,US,US,ELECT,VEGET,2.04,0.0,0.0,0.0,0.0,0.0
5231,US,US,ELEC9,EDUCA,2.04,0.0,0.0,0.0,0.0,0.0
7578,US,US,HYDRO,NAPHT,2.03,0.0,0.0,0.0,0.0,0.0
5792,US,US,FISH5,BEVER,2.03,0.0,0.0,0.0,0.0,0.0
3161,US,US,CROPS,PLAS2,2.03,0.0,0.0,0.0,0.0,0.0
11373,US,US,PAPE3,COLLE,2.03,0.0,0.0,0.0,0.0,0.0
3789,US,US,EDUCA,PAPE4,2.03,0.0,0.0,0.0,0.0,0.0
12835,US,US,PRINT,MEATC,2.03,0.0,0.0,0.0,0.0,0.0
4297,US,US,ELEC2,LIQUE,2.03,0.0,0.0,0.0,0.0,0.0
13551,US,US,RECRE,HEAVY,2.03,0.0,0.0,0.0,0.0,0.0
8921,US,US,LUBRI,LUBRI,2.03,0.0,0.0,0.0,0.0,0.0
11535,US,US,PAPE4,COLLE,2.02,0.0,0.0,0.0,0.0,0.0
7958,US,US,INSUR,VEGE1,2.02,0.0,0.0,0.0,0.0,0.0
9280,US,US,MEATC,BIODI,2.02,0.0,0.0,0.0,0.0,0.0
9230,US,US,MEAT4,MEATC,2.02,0.0,0.0,0.0,0.0,0.0
11263,US,US,PAPE1,LIQUE,2.02,0.0,0.0,0.0,0.0,0.0
14018,US,US,RETA1,BUSIN,2.02,0.0,0.0,0.0,0.0,0.0
836,US,US,BASIC,INTER,2.02,0.0,0.0,0.0,0.0,0.0
12250,US,US,PLAS2,CROPS,2.02,0.0,0.0,0.0,0.0,0.0
15228,US,US,SUPPO,LUBRI,2.01,0.0,0.0,0.0,0.0,0.0
12384,US,US,PLAST,BASIC,2.01,0.0,0.0,0.0,0.0,0.0
2078,US,US,CERAM,SECO9,2.1,0.0,0.0,0.0,0.0,0.0
7966,US,US,INSUR,WOOLS,2.1,0.0,0.0,0.0,0.0,0.0
9577,US,US,MEMBE,BIOGA,2.11,0.0,0.0,0.0,0.0,0.0
15015,US,US,SUBBI,PULP5,2.18,0.0,0.0,0.0,0.0,0.0
12233,US,US,PLAS2,BITUM,2.19,0.0,0.0,0.0,0.0,0.0
10369,US,US,NATUR,SUGAR,2.19,0.0,0.0,0.0,0.0,0.0
16104,US,US,VEGET,COMPU,2.19,0.0,0.0,0.0,0.0,0.0
2605,US,US,COLLE,SECO9,2.19,0.0,0.0,0.0,0.0,0.0
12563,US,US,POSTT,PETRO,2.19,0.0,0.0,0.0,0.0,0.0
78,US,US,93197,MOTOR,2.18,0.0,0.0,0.0,0.0,0.0
10106,US,US,NATU1,BEVER,2.18,0.0,0.0,0.0,0.0,0.0
16047,US,US,VEGE1,LIQUI,2.18,0.0,0.0,0.0,0.0,0.0
12789,US,US,PRINT,ELEC2,2.18,0.0,0.0,0.0,0.0,0.0
16717,US,US,WOOD1,ELEC2,2.18,0.0,0.0,0.0,0.0,0.0
1509,US,US,BITUM,NATU1,2.18,0.0,0.0,0.0,0.0,0.0
3743,US,US,EDUCA,FABRI,2.17,0.0,0.0,0.0,0.0,0.0
4936,US,US,ELEC6,TRANS,2.18,0.0,0.0,0.0,0.0,0.0
6442,US,US,FOODW,ELECT,2.17,0.0,0.0,0.0,0.0,0.0
612,US,US,AUXIL,ELE11,2.17,0.0,0.0,0.0,0.0,0.0
11724,US,US,PAPER,FOOD2,2.17,0.0,0.0,0.0,0.0,0.0
1354,US,US,BIOGA,TEXT1,2.17,0.0,0.0,0.0,0.0,0.0
8151,US,US,IRONO,FABRI,2.17,0.0,0.0,0.0,0.0,0.0
5151,US,US,ELEC8,OILSE,2.17,0.0,0.0,0.0,0.0,0.0
10178,US,US,NATU1,MOTO1,2.17,0.0,0.0,0.0,0.0,0.0
2513,US,US,COLLE,ELEC4,2.17,0.0,0.0,0.0,0.0,0.0
14495,US,US,SECO9,BITU1,2.17,0.0,0.0,0.0,0.0,0.0
14304,US,US,SALEM,OILSE,2.19,0.0,0.0,0.0,0.0,0.0
16204,US,US,WASTE,CROPS,2.2,0.0,0.0,0.0,0.0,0.0
330,US,US,ALUM1,LIQUI,2.2,0.0,0.0,0.0,0.0,0.0
1327,US,US,BIOGA,PREC1,2.2,0.0,0.0,0.0,0.0,0.0
6094,US,US,FOOD3,OILSE,2.22,0.0,0.0,0.0,0.0,0.0
6867,US,US,GASDI,ANTHR,2.22,0.0,0.0,0.0,0.0,0.0
14700,US,US,SEWAG,WOOD2,2.22,0.0,0.0,0.0,0.0,0.0
2400,US,US,CHEMI,POULT,2.22,0.0,0.0,0.0,0.0,0.0
2799,US,US,CONST,ANIMA,2.22,0.0,0.0,0.0,0.0,0.0
4790,US,US,ELEC5,SUGA1,2.22,0.0,0.0,0.0,0.0,0.0
13655,US,US,REFI1,HEAVY,2.21,0.0,0.0,0.0,0.0,0.0
14134,US,US,RUBBE,NFERT,2.21,0.0,0.0,0.0,0.0,0.0
9554,US,US,MEDIC,TRAN1,2.21,0.0,0.0,0.0,0.0,0.0
12998,US,US,PUBLI,INTER,2.21,0.0,0.0,0.0,0.0,0.0
6030,US,US,FOOD3,COPP1,2.21,0.0,0.0,0.0,0.0,0.0
7140,US,US,GLASS,WHOLE,2.21,0.0,0.0,0.0,0.0,0.0
974,US,US,BEVER,SECO9,2.21,0.0,0.0,0.0,0.0,0.0
6028,US,US,FOOD3,COLLE,2.21,0.0,0.0,0.0,0.0,0.0
481,US,US,ANTHR,ANTHR,2.21,0.0,0.0,0.0,0.0,0.0
7270,US,US,HEAVY,NAPHT,2.21,0.0,0.0,0.0,0.0,0.0
8824,US,US,LIQUI,RUBBE,2.21,0.0,0.0,0.0,0.0,0.0
14595,US,US,SEWAG,FOODW,2.21,0.0,0.0,0.0,0.0,0.0
14536,US,US,SECO9,WEARI,2.2,0.0,0.0,0.0,0.0,0.0
12358,US,US,PLAS2,SECO9,2.2,0.0,0.0,0.0,0.0,0.0
5166,US,US,ELEC8,PREC1,2.2,0.0,0.0,0.0,0.0,0.0
6134,US,US,FOOD3,VEGET,2.17,0.0,0.0,0.0,0.0,0.0
10142,US,US,NATU1,ELEC6,2.17,0.0,0.0,0.0,0.0,0.0
16513,US,US,WHITE,POSTT,2.11,0.0,0.0,0.0,0.0,0.0
1573,US,US,BLAST,ELEC2,2.12,0.0,0.0,0.0,0.0,0.0
8509,US,US,LEAD1,RENTI,2.14,0.0,0.0,0.0,0.0,0.0
1554,US,US,BITUM,TRAN2,2.13,0.0,0.0,0.0,0.0,0.0
11328,US,US,PAPE1,SUGA1,2.13,0.0,0.0,0.0,0.0,0.0
6494,US,US,FOODW,OFFIC,2.13,0.0,0.0,0.0,0.0,0.0
193,US,US,AIRTR,HEAVY,2.13,0.0,0.0,0.0,0.0,0.0
3788,US,US,EDUCA,PAPE3,2.13,0.0,0.0,0.0,0.0,0.0
11439,US,US,PAPE3,NATU1,2.13,0.0,0.0,0.0,0.0,0.0
7450,US,US,HOTEL,PETRO,2.13,0.0,0.0,0.0,0.0,0.0
10900,US,US,OFFIC,NONME,2.13,0.0,0.0,0.0,0.0,0.0
1457,US,US,BITUM,CHEMI,2.12,0.0,0.0,0.0,0.0,0.0
14434,US,US,SANDC,PFERT,2.12,0.0,0.0,0.0,0.0,0.0
8176,US,US,IRONO,NATU1,2.17,0.0,0.0,0.0,0.0,0.0
11601,US,US,PAPE4,NATU1,2.12,0.0,0.0,0.0,0.0,0.0
16397,US,US,WHEAT,BIODI,2.12,0.0,0.0,0.0,0.0,0.0
16589,US,US,WHOLE,HEAVY,2.12,0.0,0.0,0.0,0.0,0.0
8089,US,US,INTER,PULP5,2.12,0.0,0.0,0.0,0.0,0.0
12080,US,US,PLAS1,CHEMI,2.12,0.0,0.0,0.0,0.0,0.0
4965,US,US,ELEC7,COMPU,2.12,0.0,0.0,0.0,0.0,0.0
16764,US,US,WOOD1,MEDIC,2.11,0.0,0.0,0.0,0.0,0.0
8411,US,US,LANDT,OILHA,2.11,0.0,0.0,0.0,0.0,0.0
14415,US,US,SANDC,MOTO1,2.11,0.0,0.0,0.0,0.0,0.0
15867,US,US,TRAN1,PLAS2,2.11,0.0,0.0,0.0,0.0,0.0
16762,US,US,WOOD1,MEATC,2.14,0.0,0.0,0.0,0.0,0.0
9133,US,US,MACHI,STONE,2.14,0.0,0.0,0.0,0.0,0.0
16315,US,US,WASTE,TOBAC,2.14,0.0,0.0,0.0,0.0,0.0
7741,US,US,INERT,PLAS2,2.14,0.0,0.0,0.0,0.0,0.0
11614,US,US,PAPE4,PAPE4,2.16,0.0,0.0,0.0,0.0,0.0
5564,US,US,FABRI,OILHA,2.16,0.0,0.0,0.0,0.0,0.0
7685,US,US,INERT,FORES,2.16,0.0,0.0,0.0,0.0,0.0
16157,US,US,VEGET,RESEA,2.16,0.0,0.0,0.0,0.0,0.0
1381,US,US,BITU1,COKIN,2.16,0.0,0.0,0.0,0.0,0.0
9896,US,US,MOTOR,BEVER,2.16,0.0,0.0,0.0,0.0,0.0
2069,US,US,CERAM,REALE,2.16,0.0,0.0,0.0,0.0,0.0
9733,US,US,MOTO1,BIODI,2.16,0.0,0.0,0.0,0.0,0.0
6627,US,US,FORES,SUPPO,2.16,0.0,0.0,0.0,0.0,0.0
6864,US,US,GASDI,AIRTR,2.16,0.0,0.0,0.0,0.0,0.0
1711,US,US,BUSIN,ELE12,2.15,0.0,0.0,0.0,0.0,0.0
7312,US,US,HEAVY,SALEM,2.15,0.0,0.0,0.0,0.0,0.0
11258,US,US,PAPE1,KEROS,2.15,0.0,0.0,0.0,0.0,0.0
16883,US,US,WOOD2,ELECT,2.15,0.0,0.0,0.0,0.0,0.0
5497,US,US,FABRI,ELE11,2.15,0.0,0.0,0.0,0.0,0.0
6120,US,US,FOOD3,SANDC,2.15,0.0,0.0,0.0,0.0,0.0
8485,US,US,LEAD1,ELECT,2.15,0.0,0.0,0.0,0.0,0.0
8473,US,US,LEAD1,ALUM1,2.15,0.0,0.0,0.0,0.0,0.0
2481,US,US,COLLE,BIODI,2.15,0.0,0.0,0.0,0.0,0.0
12239,US,US,PLAS2,CERAM,2.14,0.0,0.0,0.0,0.0,0.0
6255,US,US,FOOD4,POULT,2.14,0.0,0.0,0.0,0.0,0.0
7412,US,US,HOTEL,KERO1,1.97,0.0,0.0,0.0,0.0,0.0
13272,US,US,RAILW,INTER,1.97,0.0,0.0,0.0,0.0,0.0
12112,US,US,PLAS1,FOOD4,1.97,0.0,0.0,0.0,0.0,0.0
4959,US,US,ELEC7,CEMEN,1.81,0.0,0.0,0.0,0.0,0.0
10743,US,US,NONSP,LIQUE,1.82,0.0,0.0,0.0,0.0,0.0
1913,US,US,CEMEN,FOODW,1.82,0.0,0.0,0.0,0.0,0.0
10780,US,US,NONSP,TRAN2,1.82,0.0,0.0,0.0,0.0,0.0
5137,US,US,ELEC8,MEDIC,1.82,0.0,0.0,0.0,0.0,0.0
9526,US,US,MEDIC,PROCE,1.82,0.0,0.0,0.0,0.0,0.0
4436,US,US,ELEC3,KEROS,1.82,0.0,0.0,0.0,0.0,0.0
13173,US,US,RADIO,LUBRI,1.82,0.0,0.0,0.0,0.0,0.0
16713,US,US,WOOD1,DISTR,1.82,0.0,0.0,0.0,0.0,0.0
1294,US,US,BIOGA,LUBRI,1.82,0.0,0.0,0.0,0.0,0.0
11925,US,US,PFERT,LIQUI,1.82,0.0,0.0,0.0,0.0,0.0
12332,US,US,PLAS2,PLAS1,1.81,0.0,0.0,0.0,0.0,0.0
1555,US,US,BITUM,TRANS,1.8,0.0,0.0,0.0,0.0,0.0
8488,US,US,LEAD1,FURNI,1.81,0.0,0.0,0.0,0.0,0.0
12807,US,US,PRINT,FORES,1.81,0.0,0.0,0.0,0.0,0.0
12171,US,US,PLAS1,PLAS2,1.81,0.0,0.0,0.0,0.0,0.0
12336,US,US,PLAS2,POULT,1.81,0.0,0.0,0.0,0.0,0.0
8858,US,US,LUBRI,BRICK,1.81,0.0,0.0,0.0,0.0,0.0
13390,US,US,REALE,HEAVY,1.81,0.0,0.0,0.0,0.0,0.0
12675,US,US,PREC1,NONME,1.81,0.0,0.0,0.0,0.0,0.0
14867,US,US,STONE,FURNI,1.81,0.0,0.0,0.0,0.0,0.0
10465,US,US,NONF1,ELEC3,1.81,0.0,0.0,0.0,0.0,0.0
12115,US,US,PLAS1,FORES,1.81,0.0,0.0,0.0,0.0,0.0
13963,US,US,RESEA,NUCLE,1.82,0.0,0.0,0.0,0.0,0.0
11401,US,US,PAPE3,FOOD4,1.82,0.0,0.0,0.0,0.0,0.0
568,US,US,ANTHR,TOBAC,1.83,0.0,0.0,0.0,0.0,0.0
7302,US,US,HEAVY,RAWMI,1.83,0.0,0.0,0.0,0.0,0.0
6915,US,US,GASDI,HEAVY,1.85,0.0,0.0,0.0,0.0,0.0
10969,US,US,OILHA,CEMEN,1.85,0.0,0.0,0.0,0.0,0.0
9132,US,US,MACHI,STEAM,1.85,0.0,0.0,0.0,0.0,0.0
6795,US,US,FURNI,NAPHT,1.85,0.0,0.0,0.0,0.0,0.0
14442,US,US,SANDC,RADIO,1.85,0.0,0.0,0.0,0.0,0.0
5840,US,US,FISHF,SEACO,1.85,0.0,0.0,0.0,0.0,0.0
1123,US,US,BIODI,VEGE1,1.84,0.0,0.0,0.0,0.0,0.0
1996,US,US,CEMEN,WOOD2,1.84,0.0,0.0,0.0,0.0,0.0
5514,US,US,FABRI,FOOD2,1.84,0.0,0.0,0.0,0.0,0.0
3530,US,US,DIST1,TEXT1,1.84,0.0,0.0,0.0,0.0,0.0
5322,US,US,ELECT,CHEMI,1.84,0.0,0.0,0.0,0.0,0.0
13835,US,US,RENTI,REFIN,1.84,0.0,0.0,0.0,0.0,0.0
12674,US,US,PREC1,NONF1,1.84,0.0,0.0,0.0,0.0,0.0
6725,US,US,FURNI,CATTL,1.84,0.0,0.0,0.0,0.0,0.0
14036,US,US,RETAI,SALEM,1.84,0.0,0.0,0.0,0.0,0.0
8974,US,US,LUBRI,SUBBI,1.83,0.0,0.0,0.0,0.0,0.0
7002,US,US,GASDI,VEGE1,1.83,0.0,0.0,0.0,0.0,0.0
12986,US,US,PUBLI,FORES,1.83,0.0,0.0,0.0,0.0,0.0
12851,US,US,PRINT,OILSE,1.83,0.0,0.0,0.0,0.0,0.0
2404,US,US,CHEMI,PUBLI,1.83,0.0,0.0,0.0,0.0,0.0
3282,US,US,CRUDE,PIGS9,1.83,0.0,0.0,0.0,0.0,0.0
14319,US,US,SALEM,POULT,1.8,0.0,0.0,0.0,0.0,0.0
9351,US,US,MEATP,BIODI,1.8,0.0,0.0,0.0,0.0,0.0
2412,US,US,CHEMI,RETA1,1.86,0.0,0.0,0.0,0.0,0.0
4082,US,US,ELEC1,ANIMA,1.77,0.0,0.0,0.0,0.0,0.0
8005,US,US,INTER,ELEC1,1.77,0.0,0.0,0.0,0.0,0.0
5417,US,US,ELECT,POULT,1.77,0.0,0.0,0.0,0.0,0.0
11302,US,US,PAPE1,PREC1,1.77,0.0,0.0,0.0,0.0,0.0
2141,US,US,CEREA,PROCE,1.77,0.0,0.0,0.0,0.0,0.0
11563,US,US,PAPE4,FOOD4,1.77,0.0,0.0,0.0,0.0,0.0
3241,US,US,CRUDE,INTER,1.77,0.0,0.0,0.0,0.0,0.0
5820,US,US,FISHF,93197,1.77,0.0,0.0,0.0,0.0,0.0
5067,US,US,ELEC7,WOODW,1.77,0.0,0.0,0.0,0.0,0.0
7873,US,US,INSUR,FOUND,1.77,0.0,0.0,0.0,0.0,0.0
3633,US,US,DISTR,NATU1,1.77,0.0,0.0,0.0,0.0,0.0
15537,US,US,TEXT2,IRONO,1.76,0.0,0.0,0.0,0.0,0.0
11955,US,US,PFERT,PLAS1,1.8,0.0,0.0,0.0,0.0,0.0
12867,US,US,PRINT,PREC1,1.76,0.0,0.0,0.0,0.0,0.0
14998,US,US,SUBBI,NATU1,1.76,0.0,0.0,0.0,0.0,0.0
9051,US,US,MACHI,GASWO,1.76,0.0,0.0,0.0,0.0,0.0
11198,US,US,PAPE1,BITUM,1.76,0.0,0.0,0.0,0.0,0.0
9121,US,US,MACHI,REFIN,1.76,0.0,0.0,0.0,0.0,0.0
3329,US,US,CRUDE,WOOD1,1.76,0.0,0.0,0.0,0.0,0.0
9616,US,US,MEMBE,FOOD2,1.76,0.0,0.0,0.0,0.0,0.0
12985,US,US,PUBLI,FOODW,1.76,0.0,0.0,0.0,0.0,0.0
4364,US,US,ELEC2,TEXT2,1.75,0.0,0.0,0.0,0.0,0.0
15649,US,US,TEXTI,COKIN,1.75,0.0,0.0,0.0,0.0,0.0
15160,US,US,SUPPO,BLAST,1.77,0.0,0.0,0.0,0.0,0.0
12370,US,US,PLAS2,TRAN1,1.77,0.0,0.0,0.0,0.0,0.0
11902,US,US,PFERT,ELECT,1.78,0.0,0.0,0.0,0.0,0.0
11442,US,US,PAPE3,NONF1,1.78,0.0,0.0,0.0,0.0,0.0
6244,US,US,FOOD4,PAPE4,1.8,0.0,0.0,0.0,0.0,0.0
10324,US,US,NATUR,NONSP,1.8,0.0,0.0,0.0,0.0,0.0
14991,US,US,SUBBI,MEATC,1.79,0.0,0.0,0.0,0.0,0.0
12641,US,US,PREC1,BIODI,1.79,0.0,0.0,0.0,0.0,0.0
14531,US,US,SECO9,RADIO,1.79,0.0,0.0,0.0,0.0,0.0
6231,US,US,FOOD4,NATU1,1.79,0.0,0.0,0.0,0.0,0.0
6072,US,US,FOOD3,LIQUE,1.79,0.0,0.0,0.0,0.0,0.0
5931,US,US,FOOD2,MOTO1,1.79,0.0,0.0,0.0,0.0,0.0
7905,US,US,INSUR,MOTO1,1.79,0.0,0.0,0.0,0.0,0.0
7021,US,US,GASWO,ELEC3,1.79,0.0,0.0,0.0,0.0,0.0
7976,US,US,INTER,BIODI,1.79,0.0,0.0,0.0,0.0,0.0
15272,US,US,SUPPO,RAWMI,1.78,0.0,0.0,0.0,0.0,0.0
5201,US,US,ELEC8,WEARI,1.78,0.0,0.0,0.0,0.0,0.0
8363,US,US,LANDT,FOOD2,1.78,0.0,0.0,0.0,0.0,0.0
14364,US,US,SANDC,ANTHR,1.78,0.0,0.0,0.0,0.0,0.0
14764,US,US,STEAM,LANDT,1.78,0.0,0.0,0.0,0.0,0.0
4716,US,US,ELEC5,INERT,1.78,0.0,0.0,0.0,0.0,0.0
418,US,US,ALUMI,NONME,1.78,0.0,0.0,0.0,0.0,0.0
6860,US,US,FURNI,WOOD1,1.78,0.0,0.0,0.0,0.0,0.0
8683,US,US,LIGNI,ELEC3,1.78,0.0,0.0,0.0,0.0,0.0
13071,US,US,PUBLI,WOOD2,1.78,0.0,0.0,0.0,0.0,0.0
17096,US,US,WOODW,PUBLI,1.85,0.0,0.0,0.0,0.0,0.0
8976,US,US,LUBRI,SUPPO,1.86,0.0,0.0,0.0,0.0,0.0
366,US,US,ALUM1,SALEM,1.97,0.0,0.0,0.0,0.0,0.0
11036,US,US,OILHA,MOTO1,1.93,0.0,0.0,0.0,0.0,0.0
6742,US,US,FURNI,DISTR,1.94,0.0,0.0,0.0,0.0,0.0
8353,US,US,LANDT,ELEC5,1.94,0.0,0.0,0.0,0.0,0.0
5973,US,US,FOOD2,RETAI,1.94,0.0,0.0,0.0,0.0,0.0
2633,US,US,COMPU,ANTHR,1.94,0.0,0.0,0.0,0.0,0.0
12153,US,US,PLAS1,NONF1,1.94,0.0,0.0,0.0,0.0,0.0
4647,US,US,ELEC4,SUGA1,1.93,0.0,0.0,0.0,0.0,0.0
10046,US,US,MOTOR,WOOD1,1.93,0.0,0.0,0.0,0.0,0.0
4874,US,US,ELEC6,MEAT4,1.93,0.0,0.0,0.0,0.0,0.0
1126,US,US,BIODI,WHEAT,1.93,0.0,0.0,0.0,0.0,0.0
4739,US,US,ELEC5,MOTOR,1.93,0.0,0.0,0.0,0.0,0.0
4166,US,US,ELEC1,PAPE1,1.93,0.0,0.0,0.0,0.0,0.0
388,US,US,ALUMI,BIOGA,1.92,0.0,0.0,0.0,0.0,0.0
3133,US,US,CROPS,LUBRI,1.93,0.0,0.0,0.0,0.0,0.0
7996,US,US,INTER,COPP1,1.93,0.0,0.0,0.0,0.0,0.0
6488,US,US,FOODW,NATUR,1.92,0.0,0.0,0.0,0.0,0.0
8389,US,US,LANDT,LIQUE,1.92,0.0,0.0,0.0,0.0,0.0
5027,US,US,ELEC7,POSTT,1.92,0.0,0.0,0.0,0.0,0.0
7522,US,US,HYDRO,CERAM,1.92,0.0,0.0,0.0,0.0,0.0
9977,US,US,MOTOR,MOTO1,1.92,0.0,0.0,0.0,0.0,0.0
12765,US,US,PRINT,BITUM,1.92,0.0,0.0,0.0,0.0,0.0
4592,US,US,ELEC4,MEATC,1.92,0.0,0.0,0.0,0.0,0.0
3941,US,US,ELE11,RUBBE,1.92,0.0,0.0,0.0,0.0,0.0
3734,US,US,EDUCA,ELEC3,1.94,0.0,0.0,0.0,0.0,0.0
16124,US,US,VEGET,INTER,1.94,0.0,0.0,0.0,0.0,0.0
16799,US,US,WOOD1,RADIO,1.94,0.0,0.0,0.0,0.0,0.0
12646,US,US,PREC1,CEMEN,1.95,0.0,0.0,0.0,0.0,0.0
14978,US,US,SUBBI,IRONO,1.97,0.0,0.0,0.0,0.0,0.0
14283,US,US,SALEM,LIQUI,1.97,0.0,0.0,0.0,0.0,0.0
2301,US,US,CHEM1,SUBBI,1.96,0.0,0.0,0.0,0.0,0.0
11369,US,US,PAPE3,CHEMI,1.96,0.0,0.0,0.0,0.0,0.0
6929,US,US,GASDI,LIQUE,1.96,0.0,0.0,0.0,0.0,0.0
10898,US,US,OFFIC,NATUR,1.96,0.0,0.0,0.0,0.0,0.0
8950,US,US,LUBRI,POSTT,1.96,0.0,0.0,0.0,0.0,0.0
10962,US,US,OILHA,BIOGA,1.96,0.0,0.0,0.0,0.0,0.0
5802,US,US,FISH5,LANDT,1.96,0.0,0.0,0.0,0.0,0.0
11261,US,US,PAPE1,LEATH,1.96,0.0,0.0,0.0,0.0,0.0
14620,US,US,SEWAG,LUBRI,1.96,0.0,0.0,0.0,0.0,0.0
181,US,US,AIRTR,FOOD2,1.96,0.0,0.0,0.0,0.0,0.0
15749,US,US,TEXTI,VEGE1,1.96,0.0,0.0,0.0,0.0,0.0
13579,US,US,RECRE,NATU1,1.96,0.0,0.0,0.0,0.0,0.0
7982,US,US,INTER,BRICK,1.96,0.0,0.0,0.0,0.0,0.0
14517,US,US,SECO9,MEAT4,1.96,0.0,0.0,0.0,0.0,0.0
11681,US,US,PAPER,BIOG1,1.96,0.0,0.0,0.0,0.0,0.0
11531,US,US,PAPE4,CHEMI,1.95,0.0,0.0,0.0,0.0,0.0
8143,US,US,IRONO,CHEMI,1.95,0.0,0.0,0.0,0.0,0.0
17080,US,US,WOODW,PAPE1,1.95,0.0,0.0,0.0,0.0,0.0
1078,US,US,BIODI,PAPE1,1.95,0.0,0.0,0.0,0.0,0.0
7222,US,US,HEAVY,ELEC2,1.92,0.0,0.0,0.0,0.0,0.0
9089,US,US,MACHI,NONSP,1.92,0.0,0.0,0.0,0.0,0.0
30,US,US,93197,DISTR,1.86,0.0,0.0,0.0,0.0,0.0
2492,US,US,COLLE,CEREA,1.87,0.0,0.0,0.0,0.0,0.0
4135,US,US,ELEC1,KEROS,1.88,0.0,0.0,0.0,0.0,0.0
4250,US,US,ELEC2,COKIN,1.88,0.0,0.0,0.0,0.0,0.0
7931,US,US,INSUR,RADIO,1.88,0.0,0.0,0.0,0.0,0.0
5044,US,US,ELEC7,SALEM,1.88,0.0,0.0,0.0,0.0,0.0
6911,US,US,GASDI,FURNI,1.88,0.0,0.0,0.0,0.0,0.0
2375,US,US,CHEMI,MOTOR,1.88,0.0,0.0,0.0,0.0,0.0
9744,US,US,MOTO1,CEREA,1.88,0.0,0.0,0.0,0.0,0.0
9176,US,US,MEAT1,PROCE,1.88,0.0,0.0,0.0,0.0,0.0
1444,US,US,BITUM,BASIC,1.87,0.0,0.0,0.0,0.0,0.0
7469,US,US,HOTEL,REFI1,1.87,0.0,0.0,0.0,0.0,0.0
1903,US,US,CEMEN,ELEC8,1.87,0.0,0.0,0.0,0.0,0.0
4837,US,US,ELEC6,DAIRY,1.92,0.0,0.0,0.0,0.0,0.0
16647,US,US,WHOLE,RECRE,1.87,0.0,0.0,0.0,0.0,0.0
1958,US,US,CEMEN,PFERT,1.87,0.0,0.0,0.0,0.0,0.0
14482,US,US,SEACO,PUBLI,1.87,0.0,0.0,0.0,0.0,0.0
4467,US,US,ELEC3,PAPE1,1.87,0.0,0.0,0.0,0.0,0.0
13510,US,US,RECRE,CHEMI,1.86,0.0,0.0,0.0,0.0,0.0
1559,US,US,BITUM,WHOLE,1.86,0.0,0.0,0.0,0.0,0.0
16929,US,US,WOOD2,NATUR,1.86,0.0,0.0,0.0,0.0,0.0
10747,US,US,NONSP,MEAT4,1.86,0.0,0.0,0.0,0.0,0.0
1432,US,US,BITU1,RUBBE,1.86,0.0,0.0,0.0,0.0,0.0
8898,US,US,LUBRI,FOUND,1.86,0.0,0.0,0.0,0.0,0.0
1431,US,US,BITU1,REFIN,1.88,0.0,0.0,0.0,0.0,0.0
7606,US,US,HYDRO,REFI1,1.88,0.0,0.0,0.0,0.0,0.0
3383,US,US,DAIRY,SECO9,1.89,0.0,0.0,0.0,0.0,0.0
5197,US,US,ELEC8,TRAN2,1.89,0.0,0.0,0.0,0.0,0.0
7525,US,US,HYDRO,CHEMI,1.92,0.0,0.0,0.0,0.0,0.0
13872,US,US,RESEA,ANTHR,1.92,0.0,0.0,0.0,0.0,0.0
13636,US,US,RECRE,TRAN1,1.91,0.0,0.0,0.0,0.0,0.0
14518,US,US,SECO9,MEDIC,1.91,0.0,0.0,0.0,0.0,0.0
2531,US,US,COLLE,GASDI,1.91,0.0,0.0,0.0,0.0,0.0
11286,US,US,PAPE1,OILSE,1.91,0.0,0.0,0.0,0.0,0.0
6243,US,US,FOOD4,PAPE3,1.91,0.0,0.0,0.0,0.0,0.0
14350,US,US,SALEM,TRAN1,1.9,0.0,0.0,0.0,0.0,0.0
13157,US,US,RADIO,HEAVY,1.9,0.0,0.0,0.0,0.0,0.0
14141,US,US,RUBBE,OILHA,1.9,0.0,0.0,0.0,0.0,0.0
15397,US,US,TEXT1,MOTOR,1.9,0.0,0.0,0.0,0.0,0.0
9560,US,US,MEDIC,WEARI,1.9,0.0,0.0,0.0,0.0,0.0
6326,US,US,FOOD5,FURNI,1.9,0.0,0.0,0.0,0.0,0.0
2791,US,US,COMPU,WHITE,1.9,0.0,0.0,0.0,0.0,0.0
5218,US,US,ELEC9,BUSIN,1.9,0.0,0.0,0.0,0.0,0.0
12345,US,US,PLAS2,RAWMI,1.89,0.0,0.0,0.0,0.0,0.0
14391,US,US,SANDC,FOOD5,1.89,0.0,0.0,0.0,0.0,0.0
16045,US,US,VEGE1,LEATH,1.89,0.0,0.0,0.0,0.0,0.0
13745,US,US,RENTI,ELEC4,1.89,0.0,0.0,0.0,0.0,0.0
2292,US,US,CHEM1,RETAI,1.89,0.0,0.0,0.0,0.0,0.0
7669,US,US,INERT,ELEC5,1.89,0.0,0.0,0.0,0.0,0.0
12122,US,US,PLAS1,HEAVY,1.37,0.0,0.0,0.0,0.0,0.0
14354,US,US,SALEM,VEGET,1.37,0.0,0.0,0.0,0.0,0.0
2726,US,US,COMPU,NFERT,1.36,0.0,0.0,0.0,0.0,0.0
14440,US,US,SANDC,PUBLI,1.0,0.0,0.0,0.0,0.0,0.0
15507,US,US,TEXT2,ELEC3,1.01,0.0,0.0,0.0,0.0,0.0
15406,US,US,TEXT1,OFFIC,1.01,0.0,0.0,0.0,0.0,0.0
3620,US,US,DISTR,LIQUI,1.01,0.0,0.0,0.0,0.0,0.0
16974,US,US,WOOD2,SECO9,1.01,0.0,0.0,0.0,0.0,0.0
830,US,US,BASIC,HEAVY,1.01,0.0,0.0,0.0,0.0,0.0
15739,US,US,TEXTI,STONE,1.01,0.0,0.0,0.0,0.0,0.0
8585,US,US,LEATH,93197,1.01,0.0,0.0,0.0,0.0,0.0
6533,US,US,FOODW,SECO9,1.01,0.0,0.0,0.0,0.0,0.0
8707,US,US,LIGNI,NATUR,1.0,0.0,0.0,0.0,0.0,0.0
7894,US,US,INSUR,LIQUE,1.0,0.0,0.0,0.0,0.0,0.0
5343,US,US,ELECT,ELEC6,1.0,0.0,0.0,0.0,0.0,0.0
12612,US,US,POSTT,WHITE,1.01,0.0,0.0,0.0,0.0,0.0
5189,US,US,ELEC8,SUGA1,1.0,0.0,0.0,0.0,0.0,0.0
16439,US,US,WHEAT,RETAI,1.0,0.0,0.0,0.0,0.0,0.0
2909,US,US,CONST,PLAS2,1.0,0.0,0.0,0.0,0.0,0.0
2465,US,US,COKE1,SECO9,1.0,0.0,0.0,0.0,0.0,0.0
12050,US,US,PLANT,CROPS,1.0,0.0,0.0,0.0,0.0,0.0
15828,US,US,TRAN1,LEAD1,1.0,0.0,0.0,0.0,0.0,0.0
2525,US,US,COLLE,FOOD4,1.0,0.0,0.0,0.0,0.0,0.0
15642,US,US,TEXTI,CATTL,1.0,0.0,0.0,0.0,0.0,0.0
8071,US,US,INTER,PAPE3,1.0,0.0,0.0,0.0,0.0,0.0
16216,US,US,WASTE,ELEC5,1.0,0.0,0.0,0.0,0.0,0.0
4276,US,US,ELEC2,FORES,1.01,0.0,0.0,0.0,0.0,0.0
7008,US,US,GASDI,WOOD1,1.01,0.0,0.0,0.0,0.0,0.0
16009,US,US,TRANS,TRAN1,1.36,0.0,0.0,0.0,0.0,0.0
4141,US,US,ELEC1,LIQUE,1.02,0.0,0.0,0.0,0.0,0.0
10085,US,US,NAPHT,PAPER,1.03,0.0,0.0,0.0,0.0,0.0
15096,US,US,SUGAR,DAIRY,1.03,0.0,0.0,0.0,0.0,0.0
5185,US,US,ELEC8,SECO9,1.03,0.0,0.0,0.0,0.0,0.0
9866,US,US,MOTO1,STONE,1.02,0.0,0.0,0.0,0.0,0.0
10235,US,US,NATUR,AVIAT,1.02,0.0,0.0,0.0,0.0,0.0
2621,US,US,COLLE,WEARI,1.02,0.0,0.0,0.0,0.0,0.0
1408,US,US,BITU1,KERO1,1.02,0.0,0.0,0.0,0.0,0.0
14417,US,US,SANDC,NAPHT,1.02,0.0,0.0,0.0,0.0,0.0
438,US,US,ALUMI,TRANS,1.02,0.0,0.0,0.0,0.0,0.0
1943,US,US,CEMEN,NAPHT,1.02,0.0,0.0,0.0,0.0,0.0
9777,US,US,MOTO1,FOOD2,1.02,0.0,0.0,0.0,0.0,0.0
16184,US,US,WASTE,BIODI,1.01,0.0,0.0,0.0,0.0,0.0
9451,US,US,MEDIC,ELEC4,1.02,0.0,0.0,0.0,0.0,0.0
11280,US,US,PAPE1,NONF1,1.02,0.0,0.0,0.0,0.0,0.0
12128,US,US,PLAS1,INTER,1.02,0.0,0.0,0.0,0.0,0.0
6426,US,US,FOODW,CROPS,1.02,0.0,0.0,0.0,0.0,0.0
16851,US,US,WOOD2,BITUM,1.02,0.0,0.0,0.0,0.0,0.0
4762,US,US,ELEC5,PLAS2,1.02,0.0,0.0,0.0,0.0,0.0
3284,US,US,CRUDE,PLAS1,1.02,0.0,0.0,0.0,0.0,0.0
4283,US,US,ELEC2,HEAVY,1.02,0.0,0.0,0.0,0.0,0.0
6026,US,US,FOOD3,COKEO,1.02,0.0,0.0,0.0,0.0,0.0
6203,US,US,FOOD4,HEAVY,1.01,0.0,0.0,0.0,0.0,0.0
3899,US,US,ELE11,MEAT4,0.99,0.0,0.0,0.0,0.0,0.0
3173,US,US,CROPS,SECO9,0.99,0.0,0.0,0.0,0.0,0.0
3337,US,US,DAIRY,BIODI,0.99,0.0,0.0,0.0,0.0,0.0
754,US,US,AVIAT,LUBRI,0.97,0.0,0.0,0.0,0.0,0.0
4899,US,US,ELEC6,PLANT,0.98,0.0,0.0,0.0,0.0,0.0
16857,US,US,WOOD2,CERAM,0.98,0.0,0.0,0.0,0.0,0.0
3582,US,US,DISTR,EDUCA,0.98,0.0,0.0,0.0,0.0,0.0
5993,US,US,FOOD2,VEGE1,0.98,0.0,0.0,0.0,0.0,0.0
10917,US,US,OFFIC,PULP5,0.97,0.0,0.0,0.0,0.0,0.0
1479,US,US,BITUM,FURNI,0.97,0.0,0.0,0.0,0.0,0.0
6462,US,US,FOODW,INERT,0.97,0.0,0.0,0.0,0.0,0.0
3593,US,US,DISTR,FOOD2,0.97,0.0,0.0,0.0,0.0,0.0
6878,US,US,GASDI,BRICK,0.97,0.0,0.0,0.0,0.0,0.0
15485,US,US,TEXT2,CATTL,0.97,0.0,0.0,0.0,0.0,0.0
10847,US,US,OFFIC,ELEC3,0.97,0.0,0.0,0.0,0.0,0.0
8650,US,US,LEATH,SALEM,0.99,0.0,0.0,0.0,0.0,0.0
10902,US,US,OFFIC,OILHA,0.97,0.0,0.0,0.0,0.0,0.0
12340,US,US,PLAS2,PROCE,0.97,0.0,0.0,0.0,0.0,0.0
7788,US,US,INERT,WOOD2,0.97,0.0,0.0,0.0,0.0,0.0
11037,US,US,OILHA,MOTOR,0.97,0.0,0.0,0.0,0.0,0.0
141,US,US,AIRTR,BIOG1,0.97,0.0,0.0,0.0,0.0,0.0
16354,US,US,WEARI,MOTO1,0.97,0.0,0.0,0.0,0.0,0.0
2517,US,US,COLLE,ELEC8,0.97,0.0,0.0,0.0,0.0,0.0
10066,US,US,NAPHT,KEROS,0.97,0.0,0.0,0.0,0.0,0.0
10051,US,US,NAPHT,BEVER,0.97,0.0,0.0,0.0,0.0,0.0
12814,US,US,PRINT,HEAVY,0.97,0.0,0.0,0.0,0.0,0.0
10877,US,US,OFFIC,IRONO,0.98,0.0,0.0,0.0,0.0,0.0
10866,US,US,OFFIC,GASDI,0.98,0.0,0.0,0.0,0.0,0.0
10983,US,US,OILHA,DISTR,0.98,0.0,0.0,0.0,0.0,0.0
2158,US,US,CHEM1,ANIMA,0.98,0.0,0.0,0.0,0.0,0.0
13284,US,US,RAILW,PUBLI,0.99,0.0,0.0,0.0,0.0,0.0
14451,US,US,SANDC,SEWAG,0.99,0.0,0.0,0.0,0.0,0.0
810,US,US,BASIC,ELEC4,0.99,0.0,0.0,0.0,0.0,0.0
14804,US,US,STEAM,RADIO,0.99,0.0,0.0,0.0,0.0,0.0
3867,US,US,ELE11,DAIRY,0.99,0.0,0.0,0.0,0.0,0.0
12533,US,US,POSTT,LIQUI,0.99,0.0,0.0,0.0,0.0,0.0
4442,US,US,ELEC3,LIQUE,0.99,0.0,0.0,0.0,0.0,0.0
3461,US,US,DIST1,LEATH,0.99,0.0,0.0,0.0,0.0,0.0
10344,US,US,NATUR,PREC1,0.99,0.0,0.0,0.0,0.0,0.0
13500,US,US,RECRE,BITU1,0.99,0.0,0.0,0.0,0.0,0.0
13698,US,US,REFIN,REFIN,0.99,0.0,0.0,0.0,0.0,0.0
9452,US,US,MEDIC,ELEC5,0.99,0.0,0.0,0.0,0.0,0.0
16305,US,US,WASTE,SEWAG,0.99,0.0,0.0,0.0,0.0,0.0
12781,US,US,PRINT,CROPS,0.99,0.0,0.0,0.0,0.0,0.0
484,US,US,ANTHR,BIODI,0.99,0.0,0.0,0.0,0.0,0.0
10410,US,US,NFERT,HEALT,0.98,0.0,0.0,0.0,0.0,0.0
926,US,US,BASIC,WOOD1,0.98,0.0,0.0,0.0,0.0,0.0
15893,US,US,TRAN1,STONE,0.98,0.0,0.0,0.0,0.0,0.0
1547,US,US,BITUM,STEAM,0.98,0.0,0.0,0.0,0.0,0.0
10233,US,US,NATUR,ANIMA,0.98,0.0,0.0,0.0,0.0,0.0
5668,US,US,FINAN,ELEC4,0.98,0.0,0.0,0.0,0.0,0.0
11239,US,US,PAPE1,FOOD4,1.03,0.0,0.0,0.0,0.0,0.0
8500,US,US,LEAD1,OFFIC,1.03,0.0,0.0,0.0,0.0,0.0
14619,US,US,SEWAG,LIQUI,1.03,0.0,0.0,0.0,0.0,0.0
16284,US,US,WASTE,POULT,1.07,0.0,0.0,0.0,0.0,0.0
1833,US,US,BUSIN,WASTE,1.08,0.0,0.0,0.0,0.0,0.0
11503,US,US,PAPE3,WHEAT,1.08,0.0,0.0,0.0,0.0,0.0
9690,US,US,MEMBE,REFI1,1.08,0.0,0.0,0.0,0.0,0.0
7609,US,US,HYDRO,RUBBE,1.08,0.0,0.0,0.0,0.0,0.0
13650,US,US,REFI1,BITU1,1.08,0.0,0.0,0.0,0.0,0.0
7210,US,US,HEAVY,COMPU,1.07,0.0,0.0,0.0,0.0,0.0
2643,US,US,COMPU,BLAST,1.07,0.0,0.0,0.0,0.0,0.0
6259,US,US,FOOD4,PROCE,1.07,0.0,0.0,0.0,0.0,0.0
13070,US,US,PUBLI,WOOD1,1.07,0.0,0.0,0.0,0.0,0.0
17071,US,US,WOODW,NFERT,1.07,0.0,0.0,0.0,0.0,0.0
15602,US,US,TEXT2,SANDC,1.07,0.0,0.0,0.0,0.0,0.0
16038,US,US,VEGE1,FURNI,1.06,0.0,0.0,0.0,0.0,0.0
15889,US,US,TRAN1,SANDC,1.07,0.0,0.0,0.0,0.0,0.0
16167,US,US,VEGET,TEXTI,1.07,0.0,0.0,0.0,0.0,0.0
11870,US,US,PETRO,NONME,1.07,0.0,0.0,0.0,0.0,0.0
7223,US,US,HEAVY,ELEC3,1.07,0.0,0.0,0.0,0.0,0.0
11630,US,US,PAPE4,PUBLI,1.07,0.0,0.0,0.0,0.0,0.0
3850,US,US,ELE11,BIOGA,1.07,0.0,0.0,0.0,0.0,0.0
8862,US,US,LUBRI,CERAM,1.06,0.0,0.0,0.0,0.0,0.0
8079,US,US,INTER,PLAS1,1.06,0.0,0.0,0.0,0.0,0.0
14139,US,US,RUBBE,NUCLE,1.06,0.0,0.0,0.0,0.0,0.0
1963,US,US,CEMEN,PREC1,1.06,0.0,0.0,0.0,0.0,0.0
10141,US,US,NATU1,ELEC5,1.08,0.0,0.0,0.0,0.0,0.0
3848,US,US,ELE11,BEVER,1.08,0.0,0.0,0.0,0.0,0.0
14686,US,US,SEWAG,TEXT1,1.08,0.0,0.0,0.0,0.0,0.0
2432,US,US,COKE1,BIOG1,1.08,0.0,0.0,0.0,0.0,0.0
11998,US,US,PIGS9,CHEM1,1.09,0.0,0.0,0.0,0.0,0.0
63,US,US,93197,IRONO,1.09,0.0,0.0,0.0,0.0,0.0
8117,US,US,INTER,TRAN1,1.09,0.0,0.0,0.0,0.0,0.0
1440,US,US,BITUM,93197,1.09,0.0,0.0,0.0,0.0,0.0
4363,US,US,ELEC2,TEXT1,1.09,0.0,0.0,0.0,0.0,0.0
4421,US,US,ELEC3,FOODW,1.09,0.0,0.0,0.0,0.0,0.0
16937,US,US,WOOD2,OILSE,1.09,0.0,0.0,0.0,0.0,0.0
3171,US,US,CROPS,RETA1,1.09,0.0,0.0,0.0,0.0,0.0
2147,US,US,CEREA,RETAI,1.09,0.0,0.0,0.0,0.0,0.0
15445,US,US,TEXT1,SEWAG,1.09,0.0,0.0,0.0,0.0,0.0
17092,US,US,WOODW,POULT,1.09,0.0,0.0,0.0,0.0,0.0
2851,US,US,CONST,FOOD4,1.09,0.0,0.0,0.0,0.0,0.0
13529,US,US,RECRE,ELEC5,1.09,0.0,0.0,0.0,0.0,0.0
15759,US,US,TOBAC,SECO9,1.09,0.0,0.0,0.0,0.0,0.0
1613,US,US,BRICK,GASDI,1.09,0.0,0.0,0.0,0.0,0.0
9811,US,US,MOTO1,MEATC,1.09,0.0,0.0,0.0,0.0,0.0
14483,US,US,SEACO,REALE,1.08,0.0,0.0,0.0,0.0,0.0
10218,US,US,NATU1,SUGAR,1.08,0.0,0.0,0.0,0.0,0.0
11032,US,US,OILHA,MEATC,1.08,0.0,0.0,0.0,0.0,0.0
13329,US,US,REALE,ANIMA,1.08,0.0,0.0,0.0,0.0,0.0
960,US,US,BEVER,PIGS9,1.08,0.0,0.0,0.0,0.0,0.0
5902,US,US,FOOD2,GASDI,1.06,0.0,0.0,0.0,0.0,0.0
3778,US,US,EDUCA,MOTOR,1.06,0.0,0.0,0.0,0.0,0.0
3910,US,US,ELE11,NONME,1.03,0.0,0.0,0.0,0.0,0.0
14246,US,US,SALEM,ELEC5,1.04,0.0,0.0,0.0,0.0,0.0
7886,US,US,INSUR,IRONO,1.04,0.0,0.0,0.0,0.0,0.0
7955,US,US,INSUR,TRAN1,1.04,0.0,0.0,0.0,0.0,0.0
6242,US,US,FOOD4,PAPE1,1.04,0.0,0.0,0.0,0.0,0.0
1186,US,US,BIOG1,PAPER,1.04,0.0,0.0,0.0,0.0,0.0
9680,US,US,MEMBE,PREC1,1.04,0.0,0.0,0.0,0.0,0.0
15505,US,US,TEXT2,ELEC1,1.04,0.0,0.0,0.0,0.0,0.0
892,US,US,BASIC,RAWMI,1.04,0.0,0.0,0.0,0.0,0.0
15354,US,US,TEXT1,ELECT,1.04,0.0,0.0,0.0,0.0,0.0
15130,US,US,SUGAR,PRINT,1.04,0.0,0.0,0.0,0.0,0.0
15607,US,US,TEXT2,STONE,1.04,0.0,0.0,0.0,0.0,0.0
13105,US,US,RADIO,BITU1,1.04,0.0,0.0,0.0,0.0,0.0
16520,US,US,WHITE,RECRE,1.06,0.0,0.0,0.0,0.0,0.0
5061,US,US,ELEC7,VEGET,1.04,0.0,0.0,0.0,0.0,0.0
13942,US,US,RESEA,LIGNI,1.04,0.0,0.0,0.0,0.0,0.0
7622,US,US,HYDRO,VEGET,1.03,0.0,0.0,0.0,0.0,0.0
16095,US,US,VEGET,93197,1.03,0.0,0.0,0.0,0.0,0.0
3118,US,US,CROPS,FURNI,1.03,0.0,0.0,0.0,0.0,0.0
12168,US,US,PLAS1,PIGS9,1.03,0.0,0.0,0.0,0.0,0.0
16953,US,US,WOOD2,PREC1,1.03,0.0,0.0,0.0,0.0,0.0
12262,US,US,PLAS2,ELEC5,1.03,0.0,0.0,0.0,0.0,0.0
8866,US,US,LUBRI,COLLE,1.03,0.0,0.0,0.0,0.0,0.0
7343,US,US,HOTEL,ANTHR,1.03,0.0,0.0,0.0,0.0,0.0
12964,US,US,PUBLI,CRUDE,1.04,0.0,0.0,0.0,0.0,0.0
12860,US,US,PRINT,PIGS9,1.04,0.0,0.0,0.0,0.0,0.0
405,US,US,ALUMI,IRONO,1.04,0.0,0.0,0.0,0.0,0.0
7954,US,US,INSUR,TOBAC,1.04,0.0,0.0,0.0,0.0,0.0
4872,US,US,ELEC6,MACHI,1.06,0.0,0.0,0.0,0.0,0.0
6180,US,US,FOOD4,ELEC4,1.06,0.0,0.0,0.0,0.0,0.0
6410,US,US,FOODW,BITUM,1.06,0.0,0.0,0.0,0.0,0.0
11098,US,US,OILHA,VEGE1,1.06,0.0,0.0,0.0,0.0,0.0
10928,US,US,OFFIC,SALEM,1.06,0.0,0.0,0.0,0.0,0.0
1334,US,US,BIOGA,RAWMI,1.06,0.0,0.0,0.0,0.0,0.0
5877,US,US,FOOD2,DISTR,1.06,0.0,0.0,0.0,0.0,0.0
6971,US,US,GASDI,PUBLI,1.06,0.0,0.0,0.0,0.0,0.0
11139,US,US,PADDY,HEALT,1.06,0.0,0.0,0.0,0.0,0.0
8934,US,US,LUBRI,NONME,1.05,0.0,0.0,0.0,0.0,0.0
8821,US,US,LIQUI,RESEA,1.05,0.0,0.0,0.0,0.0,0.0
2023,US,US,CERAM,ELEC1,1.05,0.0,0.0,0.0,0.0,0.0
14773,US,US,STEAM,MEDIC,1.05,0.0,0.0,0.0,0.0,0.0
5312,US,US,ELECT,BITU1,1.05,0.0,0.0,0.0,0.0,0.0
15709,US,US,TEXTI,PAPE4,1.05,0.0,0.0,0.0,0.0,0.0
6512,US,US,FOODW,PREC1,1.05,0.0,0.0,0.0,0.0,0.0
12434,US,US,PLAST,PROCE,1.05,0.0,0.0,0.0,0.0,0.0
7229,US,US,HEAVY,ETHAN,1.05,0.0,0.0,0.0,0.0,0.0
2709,US,US,COMPU,LIGNI,1.05,0.0,0.0,0.0,0.0,0.0
17040,US,US,WOODW,GASDI,1.05,0.0,0.0,0.0,0.0,0.0
420,US,US,ALUMI,OFFIC,1.05,0.0,0.0,0.0,0.0,0.0
15609,US,US,TEXT2,SUGA1,0.97,0.0,0.0,0.0,0.0,0.0
10685,US,US,NONME,SUBBI,0.97,0.0,0.0,0.0,0.0,0.0
4937,US,US,ELEC6,VEGE1,0.96,0.0,0.0,0.0,0.0,0.0
1390,US,US,BITU1,ELEC1,0.89,0.0,0.0,0.0,0.0,0.0
9184,US,US,MEAT1,SECO9,0.9,0.0,0.0,0.0,0.0,0.0
15400,US,US,TEXT1,NATUR,0.9,0.0,0.0,0.0,0.0,0.0
1658,US,US,BRICK,SANDC,0.9,0.0,0.0,0.0,0.0,0.0
15259,US,US,SUPPO,PLANT,0.89,0.0,0.0,0.0,0.0,0.0
8735,US,US,LIQUI,93197,0.89,0.0,0.0,0.0,0.0,0.0
3251,US,US,CRUDE,LIQUI,0.89,0.0,0.0,0.0,0.0,0.0
17120,US,US,WOODW,TEXT2,0.89,0.0,0.0,0.0,0.0,0.0
15647,US,US,TEXTI,CHEMI,0.89,0.0,0.0,0.0,0.0,0.0
15542,US,US,TEXT2,LEATH,0.89,0.0,0.0,0.0,0.0,0.0
15227,US,US,SUPPO,LIQUI,0.89,0.0,0.0,0.0,0.0,0.0
4486,US,US,ELEC3,RADIO,0.89,0.0,0.0,0.0,0.0,0.0
16192,US,US,WASTE,CATTL,0.88,0.0,0.0,0.0,0.0,0.0
14941,US,US,SUBBI,BIODI,0.89,0.0,0.0,0.0,0.0,0.0
1984,US,US,CEMEN,TEXT1,0.89,0.0,0.0,0.0,0.0,0.0
1117,US,US,BIODI,TEXT2,0.89,0.0,0.0,0.0,0.0,0.0
6756,US,US,FURNI,FISH5,0.89,0.0,0.0,0.0,0.0,0.0
12015,US,US,PIGS9,LANDT,0.89,0.0,0.0,0.0,0.0,0.0
16961,US,US,WOOD2,RAWMI,0.89,0.0,0.0,0.0,0.0,0.0
8729,US,US,LIQUE,MACHI,0.89,0.0,0.0,0.0,0.0,0.0
17007,US,US,WOODW,BITU1,0.88,0.0,0.0,0.0,0.0,0.0
8472,US,US,LEAD1,93197,0.88,0.0,0.0,0.0,0.0,0.0
5644,US,US,FINAN,CATTL,0.88,0.0,0.0,0.0,0.0,0.0
9056,US,US,MACHI,HYDRO,0.9,0.0,0.0,0.0,0.0,0.0
1372,US,US,BITU1,AVIAT,0.9,0.0,0.0,0.0,0.0,0.0
9747,US,US,MOTO1,COKE1,0.9,0.0,0.0,0.0,0.0,0.0
11118,US,US,PADDY,BEVER,0.9,0.0,0.0,0.0,0.0,0.0
11034,US,US,OILHA,MEDIC,0.91,0.0,0.0,0.0,0.0,0.0
12388,US,US,PLAST,BITU1,0.91,0.0,0.0,0.0,0.0,0.0
7511,US,US,HYDRO,BASIC,0.91,0.0,0.0,0.0,0.0,0.0
2581,US,US,COLLE,PLAS2,0.91,0.0,0.0,0.0,0.0,0.0
8454,US,US,LANDT,SUGAR,0.91,0.0,0.0,0.0,0.0,0.0
12261,US,US,PLAS2,ELEC4,0.91,0.0,0.0,0.0,0.0,0.0
8937,US,US,LUBRI,OFFIC,0.91,0.0,0.0,0.0,0.0,0.0
5135,US,US,ELEC8,MEATC,0.91,0.0,0.0,0.0,0.0,0.0
12284,US,US,PLAS2,HEAVY,0.91,0.0,0.0,0.0,0.0,0.0
1451,US,US,BITUM,BLAST,0.91,0.0,0.0,0.0,0.0,0.0
3275,US,US,CRUDE,PAPE1,0.91,0.0,0.0,0.0,0.0,0.0
14100,US,US,RUBBE,GASWO,0.91,0.0,0.0,0.0,0.0,0.0
4054,US,US,ELE12,RESEA,0.91,0.0,0.0,0.0,0.0,0.0
12869,US,US,PRINT,PROCE,0.9,0.0,0.0,0.0,0.0,0.0
16289,US,US,WASTE,PUBLI,0.9,0.0,0.0,0.0,0.0,0.0
8668,US,US,LIGNI,BLAST,0.9,0.0,0.0,0.0,0.0,0.0
15620,US,US,TEXT2,VEGET,0.9,0.0,0.0,0.0,0.0,0.0
7993,US,US,INTER,COLLE,0.9,0.0,0.0,0.0,0.0,0.0
14828,US,US,STEAM,TRANS,0.9,0.0,0.0,0.0,0.0,0.0
41,US,US,93197,ELECT,0.9,0.0,0.0,0.0,0.0,0.0
5608,US,US,FABRI,SUGAR,0.9,0.0,0.0,0.0,0.0,0.0
4208,US,US,ELEC1,TEXT2,0.88,0.0,0.0,0.0,0.0,0.0
5932,US,US,FOOD2,MOTOR,0.88,0.0,0.0,0.0,0.0,0.0
8834,US,US,LIQUI,TEXTI,0.91,0.0,0.0,0.0,0.0,0.0
6986,US,US,GASDI,SANDC,0.86,0.0,0.0,0.0,0.0,0.0
4183,US,US,ELEC1,PUBLI,0.86,0.0,0.0,0.0,0.0,0.0
15488,US,US,TEXT2,CEREA,0.86,0.0,0.0,0.0,0.0,0.0
10833,US,US,OFFIC,COLLE,0.86,0.0,0.0,0.0,0.0,0.0
3762,US,US,EDUCA,INTER,0.86,0.0,0.0,0.0,0.0,0.0
3913,US,US,ELE11,OILSE,0.86,0.0,0.0,0.0,0.0,0.0
15664,US,US,TEXTI,FOOD4,0.86,0.0,0.0,0.0,0.0,0.0
12421,US,US,PLAST,NAPHT,0.86,0.0,0.0,0.0,0.0,0.0
4873,US,US,ELEC6,MEAT1,0.86,0.0,0.0,0.0,0.0,0.0
13060,US,US,PUBLI,TEXT1,0.86,0.0,0.0,0.0,0.0,0.0
9682,US,US,MEMBE,PROCE,0.86,0.0,0.0,0.0,0.0,0.0
5036,US,US,ELEC7,RAWMI,0.86,0.0,0.0,0.0,0.0,0.0
737,US,US,AUXIL,WHITE,0.88,0.0,0.0,0.0,0.0,0.0
13517,US,US,RECRE,CROPS,0.86,0.0,0.0,0.0,0.0,0.0
5006,US,US,ELEC7,MEMBE,0.85,0.0,0.0,0.0,0.0,0.0
10879,US,US,OFFIC,KEROS,0.85,0.0,0.0,0.0,0.0,0.0
16689,US,US,WOOD1,BIODI,0.85,0.0,0.0,0.0,0.0,0.0
4509,US,US,ELEC3,TEXT2,0.85,0.0,0.0,0.0,0.0,0.0
14709,US,US,STEAM,BIOG1,0.85,0.0,0.0,0.0,0.0,0.0
4142,US,US,ELEC1,LIQUI,0.85,0.0,0.0,0.0,0.0,0.0
1534,US,US,BITUM,REALE,0.85,0.0,0.0,0.0,0.0,0.0
11466,US,US,PAPE3,PRIVA,0.85,0.0,0.0,0.0,0.0,0.0
4853,US,US,ELEC6,FURNI,0.85,0.0,0.0,0.0,0.0,0.0
9989,US,US,MOTOR,PADDY,0.86,0.0,0.0,0.0,0.0,0.0
708,US,US,AUXIL,REFIN,0.86,0.0,0.0,0.0,0.0,0.0
11628,US,US,PAPE4,PRIVA,0.87,0.0,0.0,0.0,0.0,0.0
2734,US,US,COMPU,OILSE,0.87,0.0,0.0,0.0,0.0,0.0
9094,US,US,MACHI,PADDY,0.88,0.0,0.0,0.0,0.0,0.0
1526,US,US,BITUM,POSTT,0.88,0.0,0.0,0.0,0.0,0.0
6753,US,US,FURNI,ETHAN,0.88,0.0,0.0,0.0,0.0,0.0
3855,US,US,ELE11,CATTL,0.88,0.0,0.0,0.0,0.0,0.0
14648,US,US,SEWAG,PETRO,0.88,0.0,0.0,0.0,0.0,0.0
17086,US,US,WOODW,PIGS9,0.88,0.0,0.0,0.0,0.0,0.0
8141,US,US,IRONO,CERAM,0.87,0.0,0.0,0.0,0.0,0.0
5709,US,US,FINAN,LUBRI,0.87,0.0,0.0,0.0,0.0,0.0
9897,US,US,MOTOR,BIODI,0.87,0.0,0.0,0.0,0.0,0.0
114,US,US,93197,SECO9,0.87,0.0,0.0,0.0,0.0,0.0
6260,US,US,FOOD4,PUBLI,0.87,0.0,0.0,0.0,0.0,0.0
7989,US,US,INTER,CHEMI,0.87,0.0,0.0,0.0,0.0,0.0
10028,US,US,MOTOR,SUBBI,0.87,0.0,0.0,0.0,0.0,0.0
3258,US,US,CRUDE,MEATP,0.87,0.0,0.0,0.0,0.0,0.0
5395,US,US,ELECT,NFERT,0.87,0.0,0.0,0.0,0.0,0.0
6545,US,US,FOODW,TRAN1,0.87,0.0,0.0,0.0,0.0,0.0
5149,US,US,ELEC8,OFFIC,0.87,0.0,0.0,0.0,0.0,0.0
6107,US,US,FOOD3,PROCE,0.87,0.0,0.0,0.0,0.0,0.0
1352,US,US,BIOGA,SUGAR,0.87,0.0,0.0,0.0,0.0,0.0
7012,US,US,GASWO,BLAST,0.87,0.0,0.0,0.0,0.0,0.0
565,US,US,ANTHR,SUGA1,0.87,0.0,0.0,0.0,0.0,0.0
7470,US,US,HOTEL,REFIN,0.91,0.0,0.0,0.0,0.0,0.0
1881,US,US,CEMEN,COKE1,0.91,0.0,0.0,0.0,0.0,0.0
13305,US,US,RAILW,WOOD1,0.96,0.0,0.0,0.0,0.0,0.0
8970,US,US,LUBRI,SECO9,0.95,0.0,0.0,0.0,0.0,0.0
2387,US,US,CHEMI,PADDY,0.95,0.0,0.0,0.0,0.0,0.0
6631,US,US,FORES,VEGET,0.95,0.0,0.0,0.0,0.0,0.0
15810,US,US,TRAN1,FOODW,0.95,0.0,0.0,0.0,0.0,0.0
204,US,US,AIRTR,LEAD1,0.95,0.0,0.0,0.0,0.0,0.0
3707,US,US,EDUCA,BEVER,0.95,0.0,0.0,0.0,0.0,0.0
16075,US,US,VEGE1,PULP5,0.95,0.0,0.0,0.0,0.0,0.0
16483,US,US,WHITE,HEAVY,0.95,0.0,0.0,0.0,0.0,0.0
13309,US,US,RAWMI,BUSIN,0.95,0.0,0.0,0.0,0.0,0.0
10186,US,US,NATU1,NONME,0.95,0.0,0.0,0.0,0.0,0.0
13508,US,US,RECRE,CEREA,0.95,0.0,0.0,0.0,0.0,0.0
4101,US,US,ELEC1,COKIN,0.95,0.0,0.0,0.0,0.0,0.0
4791,US,US,ELEC5,SUGAR,0.94,0.0,0.0,0.0,0.0,0.0
8059,US,US,INTER,NATU1,0.94,0.0,0.0,0.0,0.0,0.0
11298,US,US,PAPE1,PLAS2,0.94,0.0,0.0,0.0,0.0,0.0
16867,US,US,WOOD2,CROPS,0.94,0.0,0.0,0.0,0.0,0.0
11417,US,US,PAPE3,INTER,0.94,0.0,0.0,0.0,0.0,0.0
14605,US,US,SEWAG,HYDRO,0.94,0.0,0.0,0.0,0.0,0.0
9001,US,US,MACHI,BITU1,0.94,0.0,0.0,0.0,0.0,0.0
33,US,US,93197,ELEC1,0.94,0.0,0.0,0.0,0.0,0.0
10122,US,US,NATU1,COKEO,0.94,0.0,0.0,0.0,0.0,0.0
2666,US,US,COMPU,ELE11,0.94,0.0,0.0,0.0,0.0,0.0
16172,US,US,VEGET,WOOD1,0.94,0.0,0.0,0.0,0.0,0.0
6416,US,US,FOODW,CERAM,0.95,0.0,0.0,0.0,0.0,0.0
9235,US,US,MEAT4,MOTOR,0.95,0.0,0.0,0.0,0.0,0.0
16695,US,US,WOOD1,BRICK,0.95,0.0,0.0,0.0,0.0,0.0
9334,US,US,MEATC,RUBBE,0.95,0.0,0.0,0.0,0.0,0.0
7684,US,US,INERT,FOODW,0.96,0.0,0.0,0.0,0.0,0.0
2730,US,US,COMPU,NONSP,0.96,0.0,0.0,0.0,0.0,0.0
15169,US,US,SUPPO,COKE1,0.96,0.0,0.0,0.0,0.0,0.0
2326,US,US,CHEMI,BASIC,0.96,0.0,0.0,0.0,0.0,0.0
14405,US,US,SANDC,LIGNI,0.96,0.0,0.0,0.0,0.0,0.0
16527,US,US,WHITE,SALEM,0.96,0.0,0.0,0.0,0.0,0.0
8909,US,US,LUBRI,INSUR,0.96,0.0,0.0,0.0,0.0,0.0
5806,US,US,FISH5,MEATP,0.96,0.0,0.0,0.0,0.0,0.0
15912,US,US,TRAN1,WOOD2,0.96,0.0,0.0,0.0,0.0,0.0
14680,US,US,SEWAG,STEAM,0.96,0.0,0.0,0.0,0.0,0.0
1751,US,US,BUSIN,LEADZ,0.96,0.0,0.0,0.0,0.0,0.0
16903,US,US,WOOD2,INERT,0.96,0.0,0.0,0.0,0.0,0.0
2366,US,US,CHEMI,LIQUI,0.96,0.0,0.0,0.0,0.0,0.0
9603,US,US,MEMBE,ELEC1,0.96,0.0,0.0,0.0,0.0,0.0
4045,US,US,ELE12,PRINT,0.96,0.0,0.0,0.0,0.0,0.0
11242,US,US,PAPE1,FORES,0.96,0.0,0.0,0.0,0.0,0.0
6520,US,US,FOODW,RAWMI,0.96,0.0,0.0,0.0,0.0,0.0
2439,US,US,COKE1,CONST,0.96,0.0,0.0,0.0,0.0,0.0
7133,US,US,GLASS,TEXT2,0.96,0.0,0.0,0.0,0.0,0.0
13080,US,US,PULP5,FABRI,0.96,0.0,0.0,0.0,0.0,0.0
12177,US,US,PLAS1,PRIVA,0.95,0.0,0.0,0.0,0.0,0.0
9741,US,US,MOTO1,CATTL,0.94,0.0,0.0,0.0,0.0,0.0
10105,US,US,NATU1,BASIC,0.94,0.0,0.0,0.0,0.0,0.0
9728,US,US,MOTO1,ANTHR,0.91,0.0,0.0,0.0,0.0,0.0
4402,US,US,ELEC3,COKIN,0.92,0.0,0.0,0.0,0.0,0.0
12769,US,US,PRINT,CATTL,0.93,0.0,0.0,0.0,0.0,0.0
6089,US,US,FOOD3,NONF1,0.92,0.0,0.0,0.0,0.0,0.0
3187,US,US,CROPS,WOOD2,0.92,0.0,0.0,0.0,0.0,0.0
13910,US,US,RESEA,ELEC7,0.92,0.0,0.0,0.0,0.0,0.0
11947,US,US,PFERT,PAPE1,0.92,0.0,0.0,0.0,0.0,0.0
11457,US,US,PAPE3,PIGS9,0.92,0.0,0.0,0.0,0.0,0.0
9401,US,US,MEATP,RUBBE,0.92,0.0,0.0,0.0,0.0,0.0
15544,US,US,TEXT2,LIQUE,0.92,0.0,0.0,0.0,0.0,0.0
4563,US,US,ELEC4,FOOD4,0.92,0.0,0.0,0.0,0.0,0.0
13501,US,US,RECRE,BITUM,0.92,0.0,0.0,0.0,0.0,0.0
2813,US,US,CONST,CATTL,0.92,0.0,0.0,0.0,0.0,0.0
11043,US,US,OILHA,NONME,0.94,0.0,0.0,0.0,0.0,0.0
5159,US,US,ELEC8,PIGS9,0.92,0.0,0.0,0.0,0.0,0.0
16708,US,US,WOOD1,COPP1,0.92,0.0,0.0,0.0,0.0,0.0
311,US,US,ALUM1,FOOD4,0.92,0.0,0.0,0.0,0.0,0.0
11579,US,US,PAPE4,INTER,0.92,0.0,0.0,0.0,0.0,0.0
6511,US,US,FOODW,POULT,0.91,0.0,0.0,0.0,0.0,0.0
14226,US,US,SALEM,CHEMI,0.91,0.0,0.0,0.0,0.0,0.0
10632,US,US,NONME,LIQUI,0.91,0.0,0.0,0.0,0.0,0.0
14245,US,US,SALEM,ELEC4,0.91,0.0,0.0,0.0,0.0,0.0
3116,US,US,CROPS,FOODW,0.91,0.0,0.0,0.0,0.0,0.0
5467,US,US,FABRI,AVIAT,0.91,0.0,0.0,0.0,0.0,0.0
6973,US,US,GASDI,RADIO,0.93,0.0,0.0,0.0,0.0,0.0
12323,US,US,PLAS2,PAPE1,0.93,0.0,0.0,0.0,0.0,0.0
10082,US,US,NAPHT,NONSP,0.93,0.0,0.0,0.0,0.0,0.0
2444,US,US,COKE1,ELEC1,0.93,0.0,0.0,0.0,0.0,0.0
8072,US,US,INTER,PAPE4,0.94,0.0,0.0,0.0,0.0,0.0
7594,US,US,HYDRO,POSTT,0.94,0.0,0.0,0.0,0.0,0.0
13528,US,US,RECRE,ELEC4,0.94,0.0,0.0,0.0,0.0,0.0
35,US,US,93197,ELEC3,0.94,0.0,0.0,0.0,0.0,0.0
14754,US,US,STEAM,GLASS,0.94,0.0,0.0,0.0,0.0,0.0
10719,US,US,NONSP,ELEC1,0.94,0.0,0.0,0.0,0.0,0.0
11619,US,US,PAPE4,PIGS9,0.94,0.0,0.0,0.0,0.0,0.0
13658,US,US,REFI1,LUBRI,0.94,0.0,0.0,0.0,0.0,0.0
8890,US,US,LUBRI,FINAN,0.94,0.0,0.0,0.0,0.0,0.0
13497,US,US,RECRE,BIODI,0.93,0.0,0.0,0.0,0.0,0.0
8197,US,US,IRONO,PROCE,0.93,0.0,0.0,0.0,0.0,0.0
1010,US,US,BIODI,COLLE,0.93,0.0,0.0,0.0,0.0,0.0
10129,US,US,NATU1,CROPS,0.93,0.0,0.0,0.0,0.0,0.0
6295,US,US,FOOD4,WHEAT,0.93,0.0,0.0,0.0,0.0,0.0
10452,US,US,NONF1,CERAM,0.93,0.0,0.0,0.0,0.0,0.0
2622,US,US,COLLE,WHEAT,0.93,0.0,0.0,0.0,0.0,0.0
13339,US,US,REALE,BITUM,0.93,0.0,0.0,0.0,0.0,0.0
4810,US,US,ELEC6,AIRTR,0.93,0.0,0.0,0.0,0.0,0.0
994,US,US,BIODI,BIODI,0.93,0.0,0.0,0.0,0.0,0.0
1588,US,US,BLAST,TRAN1,0.93,0.0,0.0,0.0,0.0,0.0
6620,US,US,FORES,RETA1,0.93,0.0,0.0,0.0,0.0,0.0
7439,US,US,HOTEL,NONSP,1.09,0.0,0.0,0.0,0.0,0.0
11665,US,US,PAPE4,WHEAT,1.09,0.0,0.0,0.0,0.0,0.0
5893,US,US,FOOD2,FISH5,1.09,0.0,0.0,0.0,0.0,0.0
12566,US,US,POSTT,PLANT,1.26,0.0,0.0,0.0,0.0,0.0
2539,US,US,COLLE,INSUR,1.26,0.0,0.0,0.0,0.0,0.0
16078,US,US,VEGE1,RECRE,1.26,0.0,0.0,0.0,0.0,0.0
5904,US,US,FOOD2,GLASS,1.26,0.0,0.0,0.0,0.0,0.0
4618,US,US,ELEC4,PLAS1,1.26,0.0,0.0,0.0,0.0,0.0
914,US,US,BASIC,TEXT2,1.26,0.0,0.0,0.0,0.0,0.0
4760,US,US,ELEC5,PLANT,1.26,0.0,0.0,0.0,0.0,0.0
11290,US,US,PAPE1,PAPE4,1.26,0.0,0.0,0.0,0.0,0.0
11388,US,US,PAPE3,ELEC4,1.26,0.0,0.0,0.0,0.0,0.0
8522,US,US,LEADZ,BIODI,1.26,0.0,0.0,0.0,0.0,0.0
16548,US,US,WHOLE,ANIMA,1.26,0.0,0.0,0.0,0.0,0.0
349,US,US,ALUM1,PLAS1,1.25,0.0,0.0,0.0,0.0,0.0
4600,US,US,ELEC4,NATUR,1.25,0.0,0.0,0.0,0.0,0.0
11550,US,US,PAPE4,ELEC4,1.25,0.0,0.0,0.0,0.0,0.0
11612,US,US,PAPE4,PAPE1,1.25,0.0,0.0,0.0,0.0,0.0
6538,US,US,FOODW,SUGA1,1.25,0.0,0.0,0.0,0.0,0.0
16365,US,US,WEARI,PLAST,1.25,0.0,0.0,0.0,0.0,0.0
1055,US,US,BIODI,LIQUE,1.25,0.0,0.0,0.0,0.0,0.0
4137,US,US,ELEC1,LEAD1,1.25,0.0,0.0,0.0,0.0,0.0
16909,US,US,WOOD2,KEROS,1.25,0.0,0.0,0.0,0.0,0.0
16979,US,US,WOOD2,SUGA1,1.25,0.0,0.0,0.0,0.0,0.0
7738,US,US,INERT,PIGS9,1.25,0.0,0.0,0.0,0.0,0.0
5353,US,US,ELECT,FOOD2,1.25,0.0,0.0,0.0,0.0,0.0
9262,US,US,MEAT4,SUGA1,1.26,0.0,0.0,0.0,0.0,0.0
9595,US,US,MEMBE,CROPS,1.26,0.0,0.0,0.0,0.0,0.0
15645,US,US,TEXTI,CEREA,1.26,0.0,0.0,0.0,0.0,0.0
284,US,US,ALUM1,BIODI,1.27,0.0,0.0,0.0,0.0,0.0
16563,US,US,WHOLE,CEREA,1.28,0.0,0.0,0.0,0.0,0.0
12315,US,US,PLAS2,NONF1,1.28,0.0,0.0,0.0,0.0,0.0
6338,US,US,FOOD5,LEATH,1.28,0.0,0.0,0.0,0.0,0.0
8105,US,US,INTER,SECO9,1.28,0.0,0.0,0.0,0.0,0.0
789,US,US,BASIC,CEREA,1.28,0.0,0.0,0.0,0.0,0.0
3381,US,US,DAIRY,RUBBE,1.28,0.0,0.0,0.0,0.0,0.0
6345,US,US,FOOD5,MEATA,1.28,0.0,0.0,0.0,0.0,0.0
8446,US,US,LANDT,SANDC,1.27,0.0,0.0,0.0,0.0,0.0
6348,US,US,FOOD5,MEDIC,1.27,0.0,0.0,0.0,0.0,0.0
8534,US,US,LEADZ,FABRI,1.27,0.0,0.0,0.0,0.0,0.0
1779,US,US,BUSIN,PADDY,1.27,0.0,0.0,0.0,0.0,0.0
7997,US,US,INTER,CROPS,1.27,0.0,0.0,0.0,0.0,0.0
6549,US,US,FOODW,VEGET,1.27,0.0,0.0,0.0,0.0,0.0
9673,US,US,MEMBE,PIGS9,1.27,0.0,0.0,0.0,0.0,0.0
16776,US,US,WOOD1,OFFIC,1.27,0.0,0.0,0.0,0.0,0.0
11411,US,US,PAPE3,HEAVY,1.27,0.0,0.0,0.0,0.0,0.0
14138,US,US,RUBBE,NONSP,1.27,0.0,0.0,0.0,0.0,0.0
10204,US,US,NATU1,RAILW,1.27,0.0,0.0,0.0,0.0,0.0
16855,US,US,WOOD2,CATTL,1.27,0.0,0.0,0.0,0.0,0.0
1036,US,US,BIODI,FURNI,1.27,0.0,0.0,0.0,0.0,0.0
2674,US,US,COMPU,ELEC7,1.27,0.0,0.0,0.0,0.0,0.0
4299,US,US,ELEC2,LUBRI,1.25,0.0,0.0,0.0,0.0,0.0
14356,US,US,SALEM,WHEAT,1.25,0.0,0.0,0.0,0.0,0.0
15075,US,US,SUGA1,REALE,1.28,0.0,0.0,0.0,0.0,0.0
14634,US,US,SEWAG,NFERT,1.22,0.0,0.0,0.0,0.0,0.0
8034,US,US,INTER,INERT,1.23,0.0,0.0,0.0,0.0,0.0
11573,US,US,PAPE4,HEAVY,1.23,0.0,0.0,0.0,0.0,0.0
9301,US,US,MEATC,LANDT,1.23,0.0,0.0,0.0,0.0,0.0
14750,US,US,STEAM,FOUND,1.23,0.0,0.0,0.0,0.0,0.0
2850,US,US,CONST,FOOD3,1.22,0.0,0.0,0.0,0.0,0.0
1016,US,US,BIODI,DAIRY,1.22,0.0,0.0,0.0,0.0,0.0
16034,US,US,VEGE1,FABRI,1.22,0.0,0.0,0.0,0.0,0.0
7061,US,US,GLASS,FOODW,1.22,0.0,0.0,0.0,0.0,0.0
2050,US,US,CERAM,MEMBE,1.22,0.0,0.0,0.0,0.0,0.0
12055,US,US,PLANT,RECRE,1.22,0.0,0.0,0.0,0.0,0.0
8269,US,US,KEROS,CRUDE,1.22,0.0,0.0,0.0,0.0,0.0
13926,US,US,RESEA,GASWO,1.25,0.0,0.0,0.0,0.0,0.0
15102,US,US,SUGAR,FOOD5,1.22,0.0,0.0,0.0,0.0,0.0
8988,US,US,LUBRI,WOODW,1.22,0.0,0.0,0.0,0.0,0.0
4438,US,US,ELEC3,LEAD1,1.22,0.0,0.0,0.0,0.0,0.0
15483,US,US,TEXT2,BRICK,1.22,0.0,0.0,0.0,0.0,0.0
2574,US,US,COLLE,PAPE4,1.22,0.0,0.0,0.0,0.0,0.0
5882,US,US,FOOD2,ELEC2,1.22,0.0,0.0,0.0,0.0,0.0
6417,US,US,FOODW,CEREA,1.22,0.0,0.0,0.0,0.0,0.0
6718,US,US,FURNI,BIOG1,1.22,0.0,0.0,0.0,0.0,0.0
9826,US,US,MOTO1,OILHA,1.21,0.0,0.0,0.0,0.0,0.0
11877,US,US,PFERT,BEVER,1.21,0.0,0.0,0.0,0.0,0.0
2872,US,US,CONST,LEAD1,1.23,0.0,0.0,0.0,0.0,0.0
16083,US,US,VEGE1,SANDC,1.23,0.0,0.0,0.0,0.0,0.0
98,US,US,93197,PUBLI,1.23,0.0,0.0,0.0,0.0,0.0
13300,US,US,RAILW,TEXT2,1.23,0.0,0.0,0.0,0.0,0.0
4359,US,US,ELEC2,SUBBI,1.25,0.0,0.0,0.0,0.0,0.0
8928,US,US,LUBRI,MEMBE,1.25,0.0,0.0,0.0,0.0,0.0
3155,US,US,CROPS,PAPER,1.24,0.0,0.0,0.0,0.0,0.0
10633,US,US,NONME,LUBRI,1.24,0.0,0.0,0.0,0.0,0.0
7601,US,US,HYDRO,PUBLI,1.24,0.0,0.0,0.0,0.0,0.0
5832,US,US,FISHF,NFERT,1.24,0.0,0.0,0.0,0.0,0.0
2200,US,US,CHEM1,ELEC7,1.24,0.0,0.0,0.0,0.0,0.0
12971,US,US,PUBLI,ELEC2,1.24,0.0,0.0,0.0,0.0,0.0
14185,US,US,RUBBE,SUGAR,1.24,0.0,0.0,0.0,0.0,0.0
9501,US,US,MEDIC,NATU1,1.24,0.0,0.0,0.0,0.0,0.0
15239,US,US,SUPPO,NAPHT,1.24,0.0,0.0,0.0,0.0,0.0
7509,US,US,HYDRO,ANTHR,1.24,0.0,0.0,0.0,0.0,0.0
8671,US,US,LIGNI,CHEM1,1.24,0.0,0.0,0.0,0.0,0.0
1361,US,US,BIOGA,VEGE1,1.24,0.0,0.0,0.0,0.0,0.0
10669,US,US,NONME,RAILW,1.24,0.0,0.0,0.0,0.0,0.0
1366,US,US,BIOGA,WHITE,1.24,0.0,0.0,0.0,0.0,0.0
10171,US,US,NATU1,MACHI,1.24,0.0,0.0,0.0,0.0,0.0
15635,US,US,TEXTI,BEVER,1.23,0.0,0.0,0.0,0.0,0.0
7142,US,US,GLASS,WOOD2,1.23,0.0,0.0,0.0,0.0,0.0
6701,US,US,FOUND,TEXTI,1.23,0.0,0.0,0.0,0.0,0.0
11277,US,US,PAPE1,NATU1,1.23,0.0,0.0,0.0,0.0,0.0
2573,US,US,COLLE,PAPE3,1.28,0.0,0.0,0.0,0.0,0.0
14313,US,US,SALEM,PIGS9,1.28,0.0,0.0,0.0,0.0,0.0
3750,US,US,EDUCA,FOOD5,1.21,0.0,0.0,0.0,0.0,0.0
2020,US,US,CERAM,DISTR,1.33,0.0,0.0,0.0,0.0,0.0
5168,US,US,ELEC8,PROCE,1.34,0.0,0.0,0.0,0.0,0.0
7251,US,US,HEAVY,KERO1,1.34,0.0,0.0,0.0,0.0,0.0
14590,US,US,SEWAG,FISHF,1.34,0.0,0.0,0.0,0.0,0.0
13406,US,US,REALE,LUBRI,1.34,0.0,0.0,0.0,0.0,0.0
10272,US,US,NATUR,ELEC6,1.33,0.0,0.0,0.0,0.0,0.0
11289,US,US,PAPE1,PAPE3,1.33,0.0,0.0,0.0,0.0,0.0
9033,US,US,MACHI,ELEC6,1.33,0.0,0.0,0.0,0.0,0.0
7980,US,US,INTER,BITUM,1.33,0.0,0.0,0.0,0.0,0.0
6536,US,US,FOODW,STONE,1.33,0.0,0.0,0.0,0.0,0.0
16317,US,US,WASTE,TRAN2,1.33,0.0,0.0,0.0,0.0,0.0
11100,US,US,OILHA,WEARI,1.33,0.0,0.0,0.0,0.0,0.0
11883,US,US,PFERT,CATTL,1.32,0.0,0.0,0.0,0.0,0.0
7383,US,US,HOTEL,ELEC7,1.33,0.0,0.0,0.0,0.0,0.0
16456,US,US,WHITE,CHEM1,1.33,0.0,0.0,0.0,0.0,0.0
16293,US,US,WASTE,RAWMI,1.33,0.0,0.0,0.0,0.0,0.0
8510,US,US,LEAD1,RESEA,1.33,0.0,0.0,0.0,0.0,0.0
16369,US,US,WEARI,PUBLI,1.33,0.0,0.0,0.0,0.0,0.0
3184,US,US,CROPS,WEARI,1.32,0.0,0.0,0.0,0.0,0.0
9328,US,US,MEATC,PUBLI,1.32,0.0,0.0,0.0,0.0,0.0
2901,US,US,CONST,PAPE4,1.32,0.0,0.0,0.0,0.0,0.0
2394,US,US,CHEMI,PIGS9,1.32,0.0,0.0,0.0,0.0,0.0
15588,US,US,TEXT2,PULP5,1.32,0.0,0.0,0.0,0.0,0.0
13809,US,US,RENTI,PADDY,1.34,0.0,0.0,0.0,0.0,0.0
12456,US,US,POSTT,ANTHR,1.34,0.0,0.0,0.0,0.0,0.0
16977,US,US,WOOD2,STONE,1.34,0.0,0.0,0.0,0.0,0.0
2378,US,US,CHEMI,NATUR,1.34,0.0,0.0,0.0,0.0,0.0
4060,US,US,ELE12,SEACO,1.36,0.0,0.0,0.0,0.0,0.0
6843,US,US,FURNI,SUBBI,1.36,0.0,0.0,0.0,0.0,0.0
4754,US,US,ELEC5,PAPE4,1.36,0.0,0.0,0.0,0.0,0.0
14699,US,US,SEWAG,WOOD1,1.36,0.0,0.0,0.0,0.0,0.0
10683,US,US,NONME,SEWAG,1.36,0.0,0.0,0.0,0.0,0.0
10502,US,US,NONF1,RECRE,1.36,0.0,0.0,0.0,0.0,0.0
9436,US,US,MEDIC,COLLE,1.35,0.0,0.0,0.0,0.0,0.0
9395,US,US,MEATP,PUBLI,1.35,0.0,0.0,0.0,0.0,0.0
947,US,US,BEVER,INLAN,1.35,0.0,0.0,0.0,0.0,0.0
7854,US,US,INSUR,ELEC2,1.35,0.0,0.0,0.0,0.0,0.0
15085,US,US,SUGA1,WEARI,1.35,0.0,0.0,0.0,0.0,0.0
6252,US,US,FOOD4,PLAS2,1.35,0.0,0.0,0.0,0.0,0.0
4629,US,US,ELEC4,RAILW,1.35,0.0,0.0,0.0,0.0,0.0
411,US,US,ALUMI,MEAT4,1.35,0.0,0.0,0.0,0.0,0.0
16875,US,US,WOOD2,ELEC1,1.35,0.0,0.0,0.0,0.0,0.0
7897,US,US,INSUR,MACHI,1.35,0.0,0.0,0.0,0.0,0.0
9583,US,US,MEMBE,CATTL,1.35,0.0,0.0,0.0,0.0,0.0
9876,US,US,MOTO1,TRAN2,1.34,0.0,0.0,0.0,0.0,0.0
12395,US,US,PLAST,COKEO,1.34,0.0,0.0,0.0,0.0,0.0
16322,US,US,WASTE,WHEAT,1.34,0.0,0.0,0.0,0.0,0.0
6822,US,US,FURNI,PROCE,1.34,0.0,0.0,0.0,0.0,0.0
5186,US,US,ELEC8,SEWAG,1.32,0.0,0.0,0.0,0.0,0.0
14942,US,US,SUBBI,BIOG1,1.32,0.0,0.0,0.0,0.0,0.0
9090,US,US,MACHI,NUCLE,1.29,0.0,0.0,0.0,0.0,0.0
6468,US,US,FOODW,KEROS,1.3,0.0,0.0,0.0,0.0,0.0
11629,US,US,PAPE4,PROCE,1.31,0.0,0.0,0.0,0.0,0.0
16724,US,US,WOOD1,ELECT,1.31,0.0,0.0,0.0,0.0,0.0
1485,US,US,BITUM,HOTEL,1.3,0.0,0.0,0.0,0.0,0.0
15032,US,US,SUBBI,SUGA1,1.3,0.0,0.0,0.0,0.0,0.0
4499,US,US,ELEC3,SANDC,1.3,0.0,0.0,0.0,0.0,0.0
3831,US,US,EDUCA,TRANS,1.3,0.0,0.0,0.0,0.0,0.0
8840,US,US,LIQUI,WEARI,1.3,0.0,0.0,0.0,0.0,0.0
11029,US,US,OILHA,MACHI,1.3,0.0,0.0,0.0,0.0,0.0
6104,US,US,FOOD3,PREC1,1.3,0.0,0.0,0.0,0.0,0.0
7330,US,US,HEAVY,VEGE1,1.3,0.0,0.0,0.0,0.0,0.0
3903,US,US,ELE11,MEMBE,1.3,0.0,0.0,0.0,0.0,0.0
8084,US,US,INTER,PREC1,1.32,0.0,0.0,0.0,0.0,0.0
6745,US,US,FURNI,ELEC1,1.29,0.0,0.0,0.0,0.0,0.0
5995,US,US,FOOD2,WEARI,1.29,0.0,0.0,0.0,0.0,0.0
11450,US,US,PAPE3,PAPE1,1.29,0.0,0.0,0.0,0.0,0.0
4822,US,US,ELEC6,BRICK,1.29,0.0,0.0,0.0,0.0,0.0
552,US,US,ANTHR,PULP5,1.29,0.0,0.0,0.0,0.0,0.0
6997,US,US,GASDI,TEXT2,1.29,0.0,0.0,0.0,0.0,0.0
4846,US,US,ELEC6,FISH5,1.29,0.0,0.0,0.0,0.0,0.0
15242,US,US,SUPPO,NFERT,1.29,0.0,0.0,0.0,0.0,0.0
5043,US,US,ELEC7,RUBBE,1.29,0.0,0.0,0.0,0.0,0.0
13465,US,US,REALE,STEAM,1.29,0.0,0.0,0.0,0.0,0.0
11763,US,US,PAPER,NAPHT,1.31,0.0,0.0,0.0,0.0,0.0
9012,US,US,MACHI,COKE1,1.31,0.0,0.0,0.0,0.0,0.0
5925,US,US,FOOD2,MEAT4,1.31,0.0,0.0,0.0,0.0,0.0
7149,US,US,HEALT,CROPS,1.31,0.0,0.0,0.0,0.0,0.0
5094,US,US,ELEC8,CROPS,1.32,0.0,0.0,0.0,0.0,0.0
6945,US,US,GASDI,NFERT,1.32,0.0,0.0,0.0,0.0,0.0
7592,US,US,HYDRO,PFERT,1.31,0.0,0.0,0.0,0.0,0.0
11906,US,US,PFERT,FOOD4,1.31,0.0,0.0,0.0,0.0,0.0
6641,US,US,FOUND,CEMEN,1.31,0.0,0.0,0.0,0.0,0.0
12996,US,US,PUBLI,INLAN,1.31,0.0,0.0,0.0,0.0,0.0
16877,US,US,WOOD2,ELEC3,1.31,0.0,0.0,0.0,0.0,0.0
8765,US,US,LIQUI,FABRI,1.31,0.0,0.0,0.0,0.0,0.0
1337,US,US,BIOGA,REFI1,1.31,0.0,0.0,0.0,0.0,0.0
11122,US,US,PADDY,CATTL,1.31,0.0,0.0,0.0,0.0,0.0
2559,US,US,COLLE,MOTOR,1.31,0.0,0.0,0.0,0.0,0.0
15256,US,US,SUPPO,PETRO,1.31,0.0,0.0,0.0,0.0,0.0
6615,US,US,FORES,PROCE,1.31,0.0,0.0,0.0,0.0,0.0
6015,US,US,FOOD3,BITUM,1.31,0.0,0.0,0.0,0.0,0.0
14550,US,US,SEWAG,BITU1,1.31,0.0,0.0,0.0,0.0,0.0
4803,US,US,ELEC5,WHEAT,1.31,0.0,0.0,0.0,0.0,0.0
13083,US,US,PULP5,MEDIC,1.31,0.0,0.0,0.0,0.0,0.0
9912,US,US,MOTOR,COKIN,1.31,0.0,0.0,0.0,0.0,0.0
14234,US,US,SALEM,CROPS,1.31,0.0,0.0,0.0,0.0,0.0
10347,US,US,NATUR,PUBLI,1.31,0.0,0.0,0.0,0.0,0.0
12274,US,US,PLAS2,FOOD4,1.31,0.0,0.0,0.0,0.0,0.0
5242,US,US,ELEC9,HEALT,1.21,0.0,0.0,0.0,0.0,0.0
9432,US,US,MEDIC,CHEMI,1.21,0.0,0.0,0.0,0.0,0.0
6726,US,US,FURNI,CEMEN,1.1,0.0,0.0,0.0,0.0,0.0
1470,US,US,BITUM,ELECT,1.13,0.0,0.0,0.0,0.0,0.0
15222,US,US,SUPPO,LEAD1,1.14,0.0,0.0,0.0,0.0,0.0
6128,US,US,FOOD3,TEXTI,1.14,0.0,0.0,0.0,0.0,0.0
1033,US,US,BIODI,FOODW,1.13,0.0,0.0,0.0,0.0,0.0
3514,US,US,DIST1,REFIN,1.13,0.0,0.0,0.0,0.0,0.0
11207,US,US,PAPE1,CHEMI,1.13,0.0,0.0,0.0,0.0,0.0
2442,US,US,COKE1,DISTR,1.13,0.0,0.0,0.0,0.0,0.0
3641,US,US,DISTR,OILHA,1.13,0.0,0.0,0.0,0.0,0.0
12504,US,US,POSTT,FISHF,1.13,0.0,0.0,0.0,0.0,0.0
173,US,US,AIRTR,ELEC8,1.13,0.0,0.0,0.0,0.0,0.0
6559,US,US,FORES,ALUM1,1.13,0.0,0.0,0.0,0.0,0.0
3089,US,US,CROPS,ANTHR,1.13,0.0,0.0,0.0,0.0,0.0
14682,US,US,SEWAG,SUBBI,1.12,0.0,0.0,0.0,0.0,0.0
11468,US,US,PAPE3,PUBLI,1.13,0.0,0.0,0.0,0.0,0.0
5056,US,US,ELEC7,TEXTI,1.13,0.0,0.0,0.0,0.0,0.0
480,US,US,ANTHR,ALUM1,1.13,0.0,0.0,0.0,0.0,0.0
16770,US,US,WOOD1,NATUR,1.13,0.0,0.0,0.0,0.0,0.0
4120,US,US,ELEC1,FOODW,1.13,0.0,0.0,0.0,0.0,0.0
8760,US,US,LIQUI,DIST1,1.13,0.0,0.0,0.0,0.0,0.0
16858,US,US,WOOD2,CEREA,1.13,0.0,0.0,0.0,0.0,0.0
6057,US,US,FOOD3,FURNI,1.12,0.0,0.0,0.0,0.0,0.0
1199,US,US,BIOG1,REALE,1.12,0.0,0.0,0.0,0.0,0.0
1966,US,US,CEMEN,PUBLI,1.12,0.0,0.0,0.0,0.0,0.0
10030,US,US,MOTOR,SUGAR,1.14,0.0,0.0,0.0,0.0,0.0
5101,US,US,ELEC8,ELECT,1.14,0.0,0.0,0.0,0.0,0.0
5669,US,US,FINAN,ELEC5,1.14,0.0,0.0,0.0,0.0,0.0
4221,US,US,ELEC1,WOOD2,1.14,0.0,0.0,0.0,0.0,0.0
8943,US,US,LUBRI,PAPER,1.15,0.0,0.0,0.0,0.0,0.0
6471,US,US,FOODW,LEATH,1.15,0.0,0.0,0.0,0.0,0.0
1338,US,US,BIOGA,REFIN,1.15,0.0,0.0,0.0,0.0,0.0
14061,US,US,RUBBE,COKE1,1.15,0.0,0.0,0.0,0.0,0.0
15021,US,US,SUBBI,RETA1,1.15,0.0,0.0,0.0,0.0,0.0
4886,US,US,ELEC6,NONF1,1.15,0.0,0.0,0.0,0.0,0.0
10279,US,US,NATUR,FINAN,1.15,0.0,0.0,0.0,0.0,0.0
1130,US,US,BIODI,WOOD2,1.15,0.0,0.0,0.0,0.0,0.0
14408,US,US,SANDC,LUBRI,1.15,0.0,0.0,0.0,0.0,0.0
6024,US,US,FOOD3,CHEMI,1.15,0.0,0.0,0.0,0.0,0.0
16046,US,US,VEGE1,LIQUE,1.14,0.0,0.0,0.0,0.0,0.0
6320,US,US,FOOD5,FABRI,1.14,0.0,0.0,0.0,0.0,0.0
16246,US,US,WASTE,LEATH,1.14,0.0,0.0,0.0,0.0,0.0
15496,US,US,TEXT2,COPP1,1.14,0.0,0.0,0.0,0.0,0.0
10474,US,US,NONF1,GLASS,1.14,0.0,0.0,0.0,0.0,0.0
8083,US,US,INTER,POULT,1.14,0.0,0.0,0.0,0.0,0.0
10941,US,US,OFFIC,TRAN1,1.14,0.0,0.0,0.0,0.0,0.0
13135,US,US,RADIO,ELEC5,1.14,0.0,0.0,0.0,0.0,0.0
12723,US,US,PRECI,GASDI,1.14,0.0,0.0,0.0,0.0,0.0
10987,US,US,OILHA,ELEC2,1.14,0.0,0.0,0.0,0.0,0.0
17036,US,US,WOODW,FOODW,1.14,0.0,0.0,0.0,0.0,0.0
3957,US,US,ELE11,TRANS,1.12,0.0,0.0,0.0,0.0,0.0
6777,US,US,FURNI,KERO1,1.12,0.0,0.0,0.0,0.0,0.0
8879,US,US,LUBRI,ELEC1,1.15,0.0,0.0,0.0,0.0,0.0
15133,US,US,SUGAR,REALE,1.1,0.0,0.0,0.0,0.0,0.0
15708,US,US,TEXTI,PAPE3,1.11,0.0,0.0,0.0,0.0,0.0
7924,US,US,INSUR,PLAST,1.11,0.0,0.0,0.0,0.0,0.0
2363,US,US,CHEMI,KEROS,1.11,0.0,0.0,0.0,0.0,0.0
1622,US,US,BRICK,LEAD1,1.11,0.0,0.0,0.0,0.0,0.0
7038,US,US,GLASS,BITU1,1.11,0.0,0.0,0.0,0.0,0.0
10258,US,US,NATUR,COPP1,1.11,0.0,0.0,0.0,0.0,0.0
769,US,US,BASIC,AIRTR,1.1,0.0,0.0,0.0,0.0,0.0
3966,US,US,ELE12,93197,1.1,0.0,0.0,0.0,0.0,0.0
17067,US,US,WOODW,MOTOR,1.1,0.0,0.0,0.0,0.0,0.0
4522,US,US,ELEC3,WOOD2,1.1,0.0,0.0,0.0,0.0,0.0
3330,US,US,CRUDE,WOOD2,1.1,0.0,0.0,0.0,0.0,0.0
10460,US,US,NONF1,DISTR,1.12,0.0,0.0,0.0,0.0,0.0
15378,US,US,TEXT1,IRONO,1.1,0.0,0.0,0.0,0.0,0.0
3528,US,US,DIST1,SUGAR,1.1,0.0,0.0,0.0,0.0,0.0
3754,US,US,EDUCA,FURNI,1.1,0.0,0.0,0.0,0.0,0.0
658,US,US,AUXIL,LUBRI,1.1,0.0,0.0,0.0,0.0,0.0
2498,US,US,COLLE,COLLE,1.1,0.0,0.0,0.0,0.0,0.0
14284,US,US,SALEM,LUBRI,1.1,0.0,0.0,0.0,0.0,0.0
48,US,US,93197,FOOD5,1.1,0.0,0.0,0.0,0.0,0.0
11094,US,US,OILHA,TOBAC,1.1,0.0,0.0,0.0,0.0,0.0
13902,US,US,RESEA,ELE11,1.1,0.0,0.0,0.0,0.0,0.0
7499,US,US,HOTEL,WHITE,1.1,0.0,0.0,0.0,0.0,0.0
8957,US,US,LUBRI,RADIO,1.11,0.0,0.0,0.0,0.0,0.0
15477,US,US,TEXT2,BIODI,1.11,0.0,0.0,0.0,0.0,0.0
9960,US,US,MOTOR,KERO1,1.11,0.0,0.0,0.0,0.0,0.0
14336,US,US,SALEM,SANDC,1.11,0.0,0.0,0.0,0.0,0.0
12772,US,US,PRINT,CEREA,1.12,0.0,0.0,0.0,0.0,0.0
4612,US,US,ELEC4,PAPE4,1.12,0.0,0.0,0.0,0.0,0.0
6093,US,US,FOOD3,OFFIC,1.12,0.0,0.0,0.0,0.0,0.0
15938,US,US,TRANS,COKIN,1.12,0.0,0.0,0.0,0.0,0.0
345,US,US,ALUM1,PAPE4,1.12,0.0,0.0,0.0,0.0,0.0
5264,US,US,ELEC9,PFERT,1.12,0.0,0.0,0.0,0.0,0.0
5901,US,US,FOOD2,FURNI,1.12,0.0,0.0,0.0,0.0,0.0
6998,US,US,GASDI,TEXTI,1.12,0.0,0.0,0.0,0.0,0.0
1557,US,US,BITUM,WEARI,1.12,0.0,0.0,0.0,0.0,0.0
2355,US,US,CHEMI,GASDI,1.12,0.0,0.0,0.0,0.0,0.0
14143,US,US,RUBBE,PADDY,1.12,0.0,0.0,0.0,0.0,0.0
14869,US,US,STONE,GLASS,1.12,0.0,0.0,0.0,0.0,0.0
2367,US,US,CHEMI,LUBRI,1.12,0.0,0.0,0.0,0.0,0.0
3572,US,US,DISTR,COKIN,1.12,0.0,0.0,0.0,0.0,0.0
746,US,US,AVIAT,BITU1,1.12,0.0,0.0,0.0,0.0,0.0
13134,US,US,RADIO,ELEC4,1.12,0.0,0.0,0.0,0.0,0.0
7544,US,US,HYDRO,ETHAN,1.12,0.0,0.0,0.0,0.0,0.0
4705,US,US,ELEC5,FOOD4,1.11,0.0,0.0,0.0,0.0,0.0
1995,US,US,CEMEN,WOOD1,1.11,0.0,0.0,0.0,0.0,0.0
9344,US,US,MEATC,WEARI,1.11,0.0,0.0,0.0,0.0,0.0
7081,US,US,GLASS,LUBRI,1.11,0.0,0.0,0.0,0.0,0.0
5344,US,US,ELECT,ELEC7,1.15,0.0,0.0,0.0,0.0,0.0
16912,US,US,WOOD2,LEATH,1.15,0.0,0.0,0.0,0.0,0.0
5033,US,US,ELEC7,PULP5,1.21,0.0,0.0,0.0,0.0,0.0
12727,US,US,PRECI,LEADZ,1.19,0.0,0.0,0.0,0.0,0.0
12333,US,US,PLAS2,PLAS2,1.2,0.0,0.0,0.0,0.0,0.0
2976,US,US,COPP1,CRUDE,1.2,0.0,0.0,0.0,0.0,0.0
15823,US,US,TRAN1,INTER,1.2,0.0,0.0,0.0,0.0,0.0
11956,US,US,PFERT,PLAS2,1.2,0.0,0.0,0.0,0.0,0.0
4503,US,US,ELEC3,STONE,1.2,0.0,0.0,0.0,0.0,0.0
2969,US,US,COPP1,CERAM,1.2,0.0,0.0,0.0,0.0,0.0
7349,US,US,HOTEL,BIOG1,1.2,0.0,0.0,0.0,0.0,0.0
8092,US,US,INTER,RAWMI,1.19,0.0,0.0,0.0,0.0,0.0
528,US,US,ANTHR,MEATC,1.19,0.0,0.0,0.0,0.0,0.0
15846,US,US,TRAN1,NATU1,1.19,0.0,0.0,0.0,0.0,0.0
10642,US,US,NONME,NAPHT,1.19,0.0,0.0,0.0,0.0,0.0
2007,US,US,CERAM,BRICK,1.19,0.0,0.0,0.0,0.0,0.0
521,US,US,ANTHR,LIGNI,1.19,0.0,0.0,0.0,0.0,0.0
6086,US,US,FOOD3,NATU1,1.19,0.0,0.0,0.0,0.0,0.0
10180,US,US,NATU1,NAPHT,1.19,0.0,0.0,0.0,0.0,0.0
839,US,US,BASIC,KEROS,1.19,0.0,0.0,0.0,0.0,0.0
6075,US,US,FOOD3,MACHI,1.19,0.0,0.0,0.0,0.0,0.0
15275,US,US,SUPPO,REFI1,1.19,0.0,0.0,0.0,0.0,0.0
2199,US,US,CHEM1,ELEC6,1.19,0.0,0.0,0.0,0.0,0.0
2373,US,US,CHEMI,MEDIC,1.19,0.0,0.0,0.0,0.0,0.0
12277,US,US,PLAS2,FORES,1.19,0.0,0.0,0.0,0.0,0.0
11211,US,US,PAPE1,COLLE,1.19,0.0,0.0,0.0,0.0,0.0
4919,US,US,ELEC6,RETAI,1.2,0.0,0.0,0.0,0.0,0.0
672,US,US,AUXIL,NFERT,1.2,0.0,0.0,0.0,0.0,0.0
2003,US,US,CERAM,BIOG1,1.2,0.0,0.0,0.0,0.0,0.0
10895,US,US,OFFIC,MOTOR,1.2,0.0,0.0,0.0,0.0,0.0
3131,US,US,CROPS,LIQUE,1.21,0.0,0.0,0.0,0.0,0.0
5923,US,US,FOOD2,MACHI,1.21,0.0,0.0,0.0,0.0,0.0
14975,US,US,SUBBI,HEALT,1.21,0.0,0.0,0.0,0.0,0.0
6882,US,US,GASDI,CERAM,1.21,0.0,0.0,0.0,0.0,0.0
7986,US,US,INTER,CERAM,1.21,0.0,0.0,0.0,0.0,0.0
12179,US,US,PLAS1,PUBLI,1.21,0.0,0.0,0.0,0.0,0.0
16085,US,US,VEGE1,STONE,1.21,0.0,0.0,0.0,0.0,0.0
3766,US,US,EDUCA,LANDT,1.21,0.0,0.0,0.0,0.0,0.0
12214,US,US,PLAS1,WHEAT,1.21,0.0,0.0,0.0,0.0,0.0
16153,US,US,VEGET,PROCE,1.21,0.0,0.0,0.0,0.0,0.0
7698,US,US,INERT,INTER,1.21,0.0,0.0,0.0,0.0,0.0
1593,US,US,BRICK,BIOGA,1.21,0.0,0.0,0.0,0.0,0.0
10999,US,US,OILHA,FISH5,1.2,0.0,0.0,0.0,0.0,0.0
16166,US,US,VEGET,TEXT2,1.2,0.0,0.0,0.0,0.0,0.0
3619,US,US,DISTR,LIQUE,1.2,0.0,0.0,0.0,0.0,0.0
11007,US,US,OILHA,FURNI,1.2,0.0,0.0,0.0,0.0,0.0
14050,US,US,RUBBE,BITU1,1.2,0.0,0.0,0.0,0.0,0.0
402,US,US,ALUMI,GASDI,1.2,0.0,0.0,0.0,0.0,0.0
12469,US,US,POSTT,CATTL,1.2,0.0,0.0,0.0,0.0,0.0
6928,US,US,GASDI,LIGNI,1.2,0.0,0.0,0.0,0.0,0.0
6181,US,US,FOOD4,ELEC5,1.2,0.0,0.0,0.0,0.0,0.0
16914,US,US,WOOD2,LIQUE,1.19,0.0,0.0,0.0,0.0,0.0
7879,US,US,INSUR,HEAVY,1.19,0.0,0.0,0.0,0.0,0.0
17132,US,US,WOODW,WOOD2,1.15,0.0,0.0,0.0,0.0,0.0
7862,US,US,INSUR,ELECT,1.16,0.0,0.0,0.0,0.0,0.0
7571,US,US,HYDRO,MEAT4,1.17,0.0,0.0,0.0,0.0,0.0
15303,US,US,SUPPO,WHEAT,1.17,0.0,0.0,0.0,0.0,0.0
8927,US,US,LUBRI,MEDIC,1.17,0.0,0.0,0.0,0.0,0.0
16624,US,US,WHOLE,OILSE,1.17,0.0,0.0,0.0,0.0,0.0
15784,US,US,TRAN1,CHEMI,1.17,0.0,0.0,0.0,0.0,0.0
11008,US,US,OILHA,GASDI,1.17,0.0,0.0,0.0,0.0,0.0
3787,US,US,EDUCA,PAPE1,1.17,0.0,0.0,0.0,0.0,0.0
5927,US,US,FOOD2,MEATC,1.17,0.0,0.0,0.0,0.0,0.0
9861,US,US,MOTO1,SANDC,1.17,0.0,0.0,0.0,0.0,0.0
16487,US,US,WHITE,INLAN,1.16,0.0,0.0,0.0,0.0,0.0
9671,US,US,MEMBE,PETRO,1.16,0.0,0.0,0.0,0.0,0.0
14896,US,US,STONE,PADDY,1.19,0.0,0.0,0.0,0.0,0.0
2617,US,US,COLLE,TRAN1,1.16,0.0,0.0,0.0,0.0,0.0
15740,US,US,TEXTI,SUBBI,1.16,0.0,0.0,0.0,0.0,0.0
5572,US,US,FABRI,PETRO,1.16,0.0,0.0,0.0,0.0,0.0
2223,US,US,CHEM1,HYDRO,1.16,0.0,0.0,0.0,0.0,0.0
7747,US,US,INERT,PRIVA,1.16,0.0,0.0,0.0,0.0,0.0
6496,US,US,FOODW,OILSE,1.16,0.0,0.0,0.0,0.0,0.0
16263,US,US,WASTE,NATUR,1.15,0.0,0.0,0.0,0.0,0.0
3124,US,US,CROPS,INTER,1.15,0.0,0.0,0.0,0.0,0.0
9704,US,US,MEMBE,SUBBI,1.15,0.0,0.0,0.0,0.0,0.0
6938,US,US,GASDI,MEDIC,1.15,0.0,0.0,0.0,0.0,0.0
9586,US,US,MEMBE,CEREA,1.17,0.0,0.0,0.0,0.0,0.0
5989,US,US,FOOD2,TOBAC,1.17,0.0,0.0,0.0,0.0,0.0
10101,US,US,NATU1,ALUM1,1.17,0.0,0.0,0.0,0.0,0.0
14631,US,US,SEWAG,NAPHT,1.17,0.0,0.0,0.0,0.0,0.0
3487,US,US,DIST1,PADDY,1.19,0.0,0.0,0.0,0.0,0.0
2616,US,US,COLLE,TOBAC,1.19,0.0,0.0,0.0,0.0,0.0
6473,US,US,FOODW,LIQUE,1.19,0.0,0.0,0.0,0.0,0.0
9026,US,US,MACHI,ELE11,1.19,0.0,0.0,0.0,0.0,0.0
6046,US,US,FOOD3,ELEC8,1.18,0.0,0.0,0.0,0.0,0.0
344,US,US,ALUM1,PAPE3,1.18,0.0,0.0,0.0,0.0,0.0
7375,US,US,HOTEL,ELE11,1.18,0.0,0.0,0.0,0.0,0.0
1574,US,US,BLAST,ELEC3,1.18,0.0,0.0,0.0,0.0,0.0
15714,US,US,TEXTI,PLAS1,1.18,0.0,0.0,0.0,0.0,0.0
3968,US,US,ELE12,ALUM1,1.18,0.0,0.0,0.0,0.0,0.0
834,US,US,BASIC,INLAN,1.18,0.0,0.0,0.0,0.0,0.0
15765,US,US,TRAN1,ANIMA,1.18,0.0,0.0,0.0,0.0,0.0
4611,US,US,ELEC4,PAPE3,1.18,0.0,0.0,0.0,0.0,0.0
8451,US,US,LANDT,STONE,1.18,0.0,0.0,0.0,0.0,0.0
847,US,US,BASIC,LUBRI,1.18,0.0,0.0,0.0,0.0,0.0
390,US,US,ALUMI,BRICK,1.18,0.0,0.0,0.0,0.0,0.0
16990,US,US,WOOD2,VEGET,1.18,0.0,0.0,0.0,0.0,0.0
3828,US,US,EDUCA,TEXTI,1.18,0.0,0.0,0.0,0.0,0.0
8734,US,US,LIQUE,WOODW,1.18,0.0,0.0,0.0,0.0,0.0
8203,US,US,IRONO,SECO9,1.17,0.0,0.0,0.0,0.0,0.0
5561,US,US,FABRI,NONSP,1.17,0.0,0.0,0.0,0.0,0.0
2600,US,US,COLLE,RETAI,2.22,0.0,0.0,0.0,0.0,0.0
10938,US,US,OFFIC,TEXT1,2.23,0.0,0.0,0.0,0.0,0.0
3613,US,US,DISTR,KEROS,2.23,0.0,0.0,0.0,0.0,0.0
15895,US,US,TRAN1,SUGA1,4.21,0.0,0.0,0.0,0.0,0.0
13091,US,US,PULP5,SECO9,4.22,0.0,0.0,0.0,0.0,0.0
9875,US,US,MOTO1,TRAN1,4.22,0.0,0.0,0.0,0.0,0.0
4802,US,US,ELEC5,WEARI,4.22,0.0,0.0,0.0,0.0,0.0
1569,US,US,BLAST,DISTR,4.22,0.0,0.0,0.0,0.0,0.0
15671,US,US,TEXTI,GLASS,4.22,0.0,0.0,0.0,0.0,0.0
6661,US,US,FOUND,LANDT,4.22,0.0,0.0,0.0,0.0,0.0
1034,US,US,BIODI,FORES,4.22,0.0,0.0,0.0,0.0,0.0
11518,US,US,PAPE4,BIODI,4.22,0.0,0.0,0.0,0.0,0.0
16008,US,US,TRANS,TEXTI,4.21,0.0,0.0,0.0,0.0,0.0
14580,US,US,SEWAG,ELEC5,4.21,0.0,0.0,0.0,0.0,0.0
10007,US,US,MOTOR,PUBLI,4.21,0.0,0.0,0.0,0.0,0.0
6810,US,US,FURNI,PAPER,4.23,0.0,0.0,0.0,0.0,0.0
14464,US,US,SANDC,WOODW,4.21,0.0,0.0,0.0,0.0,0.0
12836,US,US,PRINT,MEATP,4.19,0.0,0.0,0.0,0.0,0.0
16969,US,US,WOOD2,RETAI,4.19,0.0,0.0,0.0,0.0,0.0
5145,US,US,ELEC8,NONF1,4.19,0.0,0.0,0.0,0.0,0.0
6601,US,US,FORES,MOTO1,4.19,0.0,0.0,0.0,0.0,0.0
5458,US,US,ELECT,WOOD1,4.19,0.0,0.0,0.0,0.0,0.0
3685,US,US,DISTR,TEXT2,4.18,0.0,0.0,0.0,0.0,0.0
3108,US,US,CROPS,EDUCA,4.18,0.0,0.0,0.0,0.0,0.0
13780,US,US,RENTI,LEAD1,4.17,0.0,0.0,0.0,0.0,0.0
11158,US,US,PADDY,PADDY,4.17,0.0,0.0,0.0,0.0,0.0
4,US,US,93197,ANIMA,4.22,0.0,0.0,0.0,0.0,0.0
454,US,US,ANIMA,HOTEL,4.23,0.0,0.0,0.0,0.0,0.0
10939,US,US,OFFIC,TEXT2,3.57,0.0,0.0,0.0,0.0,0.0
9006,US,US,MACHI,CATTL,4.26,0.0,0.0,0.0,0.0,0.0
4796,US,US,ELEC5,TOBAC,4.29,0.0,0.0,0.0,0.0,0.0
12889,US,US,PRINT,STONE,4.28,0.0,0.0,0.0,0.0,0.0
11736,US,US,PAPER,HEAVY,4.28,0.0,0.0,0.0,0.0,0.0
12983,US,US,PUBLI,FOOD4,4.27,0.0,0.0,0.0,0.0,0.0
2335,US,US,CHEMI,CERAM,4.27,0.0,0.0,0.0,0.0,0.0
11483,US,US,PAPE3,SANDC,4.27,0.0,0.0,0.0,0.0,0.0
3842,US,US,ELE11,93197,4.26,0.0,0.0,0.0,0.0,0.0
16999,US,US,WOODW,AIRTR,4.26,0.0,0.0,0.0,0.0,0.0
9971,US,US,MOTOR,MEAT4,4.26,0.0,0.0,0.0,0.0,0.0
12759,US,US,PRINT,BASIC,4.26,0.0,0.0,0.0,0.0,0.0
8754,US,US,LIQUI,COMPU,4.26,0.0,0.0,0.0,0.0,0.0
16525,US,US,WHITE,RETA1,4.23,0.0,0.0,0.0,0.0,0.0
8116,US,US,INTER,TOBAC,4.26,0.0,0.0,0.0,0.0,0.0
11079,US,US,OILHA,RUBBE,4.25,0.0,0.0,0.0,0.0,0.0
16295,US,US,WASTE,RECRE,4.25,0.0,0.0,0.0,0.0,0.0
13161,US,US,RADIO,INLAN,4.24,0.0,0.0,0.0,0.0,0.0
1545,US,US,BITUM,SECO9,4.24,0.0,0.0,0.0,0.0,0.0
16599,US,US,WHOLE,LEAD1,4.24,0.0,0.0,0.0,0.0,0.0
4430,US,US,ELEC3,INERT,4.24,0.0,0.0,0.0,0.0,0.0
16827,US,US,WOOD1,TRAN2,4.24,0.0,0.0,0.0,0.0,0.0
8826,US,US,LIQUI,SEACO,4.23,0.0,0.0,0.0,0.0,0.0
13168,US,US,RADIO,LEAD1,4.23,0.0,0.0,0.0,0.0,0.0
5620,US,US,FABRI,WHEAT,4.16,0.0,0.0,0.0,0.0,0.0
4787,US,US,ELEC5,SEWAG,4.15,0.0,0.0,0.0,0.0,0.0
12075,US,US,PLAS1,CATTL,4.15,0.0,0.0,0.0,0.0,0.0
1960,US,US,CEMEN,PLAS2,4.05,0.0,0.0,0.0,0.0,0.0
6112,US,US,FOOD3,RAWMI,4.07,0.0,0.0,0.0,0.0,0.0
4186,US,US,ELEC1,RAILW,4.07,0.0,0.0,0.0,0.0,0.0
7105,US,US,GLASS,PLAS1,4.07,0.0,0.0,0.0,0.0,0.0
14107,US,US,RUBBE,INLAN,4.07,0.0,0.0,0.0,0.0,0.0
11645,US,US,PAPE4,SANDC,4.07,0.0,0.0,0.0,0.0,0.0
1507,US,US,BITUM,MOTOR,4.06,0.0,0.0,0.0,0.0,0.0
81,US,US,93197,NATUR,4.05,0.0,0.0,0.0,0.0,0.0
2506,US,US,COLLE,DISTR,4.05,0.0,0.0,0.0,0.0,0.0
2810,US,US,CONST,BLAST,4.05,0.0,0.0,0.0,0.0,0.0
12545,US,US,POSTT,NAPHT,4.05,0.0,0.0,0.0,0.0,0.0
3144,US,US,CROPS,NATU1,4.05,0.0,0.0,0.0,0.0,0.0
16682,US,US,WOOD1,ALUM1,4.15,0.0,0.0,0.0,0.0,0.0
2403,US,US,CHEMI,PROCE,4.05,0.0,0.0,0.0,0.0,0.0
4994,US,US,ELEC7,LANDT,4.05,0.0,0.0,0.0,0.0,0.0
3248,US,US,CRUDE,LEATH,4.05,0.0,0.0,0.0,0.0,0.0
16,US,US,93197,CEMEN,4.04,0.0,0.0,0.0,0.0,0.0
12596,US,US,POSTT,SUBBI,4.04,0.0,0.0,0.0,0.0,0.0
1539,US,US,BITUM,RETA1,4.03,0.0,0.0,0.0,0.0,0.0
10841,US,US,OFFIC,DISTR,4.03,0.0,0.0,0.0,0.0,0.0
14660,US,US,SEWAG,PROCE,4.03,0.0,0.0,0.0,0.0,0.0
808,US,US,BASIC,ELEC2,4.03,0.0,0.0,0.0,0.0,0.0
1562,US,US,BLAST,BIOG1,4.03,0.0,0.0,0.0,0.0,0.0
15328,US,US,TEXT1,CEMEN,4.08,0.0,0.0,0.0,0.0,0.0
2161,US,US,CHEM1,AVIAT,4.08,0.0,0.0,0.0,0.0,0.0
3011,US,US,COPP1,MEMBE,4.08,0.0,0.0,0.0,0.0,0.0
9448,US,US,MEDIC,ELEC1,4.09,0.0,0.0,0.0,0.0,0.0
15856,US,US,TRAN1,PADDY,4.15,0.0,0.0,0.0,0.0,0.0
9749,US,US,MOTO1,COKIN,4.14,0.0,0.0,0.0,0.0,0.0
10808,US,US,NUCLE,SECO9,4.14,0.0,0.0,0.0,0.0,0.0
5026,US,US,ELEC7,PLAST,4.14,0.0,0.0,0.0,0.0,0.0
12201,US,US,PLAS1,SUGA1,4.14,0.0,0.0,0.0,0.0,0.0
8724,US,US,LIQUE,BRICK,4.14,0.0,0.0,0.0,0.0,0.0
11488,US,US,PAPE3,STONE,4.14,0.0,0.0,0.0,0.0,0.0
7877,US,US,INSUR,GLASS,4.13,0.0,0.0,0.0,0.0,0.0
13039,US,US,PUBLI,PROCE,4.13,0.0,0.0,0.0,0.0,0.0
394,US,US,ALUMI,CHEM1,4.12,0.0,0.0,0.0,0.0,0.0
15390,US,US,TEXT1,MEAT4,4.12,0.0,0.0,0.0,0.0,0.0
9482,US,US,MEDIC,IRONO,4.12,0.0,0.0,0.0,0.0,0.0
8621,US,US,LEATH,MEAT1,4.12,0.0,0.0,0.0,0.0,0.0
3661,US,US,DISTR,PUBLI,4.12,0.0,0.0,0.0,0.0,0.0
8053,US,US,INTER,MEATP,4.11,0.0,0.0,0.0,0.0,0.0
6261,US,US,FOOD4,PULP5,4.1,0.0,0.0,0.0,0.0,0.0
50,US,US,93197,FOUND,4.1,0.0,0.0,0.0,0.0,0.0
8090,US,US,INTER,RADIO,4.1,0.0,0.0,0.0,0.0,0.0
986,US,US,BIODI,AIRTR,4.09,0.0,0.0,0.0,0.0,0.0
1483,US,US,BITUM,HEALT,4.09,0.0,0.0,0.0,0.0,0.0
15389,US,US,TEXT1,MEAT1,4.09,0.0,0.0,0.0,0.0,0.0
12098,US,US,PLAS1,ELEC3,4.29,0.0,0.0,0.0,0.0,0.0
15621,US,US,TEXT2,WEARI,4.29,0.0,0.0,0.0,0.0,0.0
1040,US,US,BIODI,HEALT,4.3,0.0,0.0,0.0,0.0,0.0
15517,US,US,TEXT2,FISH5,4.48,0.0,0.0,0.0,0.0,0.0
16735,US,US,WOOD1,FOUND,4.49,0.0,0.0,0.0,0.0,0.0
512,US,US,ANTHR,GASWO,4.49,0.0,0.0,0.0,0.0,0.0
6528,US,US,FOODW,RETAI,4.49,0.0,0.0,0.0,0.0,0.0
8836,US,US,LIQUI,TRAN2,4.49,0.0,0.0,0.0,0.0,0.0
17005,US,US,WOODW,BIODI,4.48,0.0,0.0,0.0,0.0,0.0
6136,US,US,FOOD3,WHEAT,4.48,0.0,0.0,0.0,0.0,0.0
1717,US,US,BUSIN,ELEC6,4.48,0.0,0.0,0.0,0.0,0.0
16539,US,US,WHITE,TRAN2,4.48,0.0,0.0,0.0,0.0,0.0
1138,US,US,BIOG1,BIOGA,4.48,0.0,0.0,0.0,0.0,0.0
1590,US,US,BRICK,ALUM1,4.48,0.0,0.0,0.0,0.0,0.0
14038,US,US,RUBBE,AIRTR,4.48,0.0,0.0,0.0,0.0,0.0
1911,US,US,CEMEN,FOOD4,4.44,0.0,0.0,0.0,0.0,0.0
7647,US,US,INERT,CEREA,4.47,0.0,0.0,0.0,0.0,0.0
14087,US,US,RUBBE,ETHAN,4.46,0.0,0.0,0.0,0.0,0.0
11376,US,US,PAPE3,COPP1,4.46,0.0,0.0,0.0,0.0,0.0
13231,US,US,RADIO,STEAM,4.45,0.0,0.0,0.0,0.0,0.0
8054,US,US,INTER,MEDIC,4.45,0.0,0.0,0.0,0.0,0.0
11931,US,US,PFERT,MEDIC,4.45,0.0,0.0,0.0,0.0,0.0
12199,US,US,PLAS1,STONE,4.45,0.0,0.0,0.0,0.0,0.0
12681,US,US,PREC1,PAPER,4.44,0.0,0.0,0.0,0.0,0.0
6368,US,US,FOOD5,PUBLI,4.44,0.0,0.0,0.0,0.0,0.0
10338,US,US,NATUR,PLANT,4.44,0.0,0.0,0.0,0.0,0.0
11950,US,US,PFERT,PAPER,4.5,0.0,0.0,0.0,0.0,0.0
7351,US,US,HOTEL,BITU1,4.5,0.0,0.0,0.0,0.0,0.0
8052,US,US,INTER,MEATC,4.5,0.0,0.0,0.0,0.0,0.0
7866,US,US,INSUR,FISH5,4.51,0.0,0.0,0.0,0.0,0.0
15144,US,US,SUGAR,WOOD1,4.57,0.0,0.0,0.0,0.0,0.0
10862,US,US,OFFIC,FOODW,4.56,0.0,0.0,0.0,0.0,0.0
6852,US,US,FURNI,TRAN2,4.56,0.0,0.0,0.0,0.0,0.0
14406,US,US,SANDC,LIQUE,4.55,0.0,0.0,0.0,0.0,0.0
5947,US,US,FOOD2,PAPER,4.55,0.0,0.0,0.0,0.0,0.0
8386,US,US,LANDT,LEAD1,4.55,0.0,0.0,0.0,0.0,0.0
10578,US,US,NONME,BIODI,4.55,0.0,0.0,0.0,0.0,0.0
6872,US,US,GASDI,BIODI,4.54,0.0,0.0,0.0,0.0,0.0
1200,US,US,BIOG1,RECRE,4.53,0.0,0.0,0.0,0.0,0.0
12319,US,US,PLAS2,OFFIC,4.53,0.0,0.0,0.0,0.0,0.0
13607,US,US,RECRE,PUBLI,4.53,0.0,0.0,0.0,0.0,0.0
8163,US,US,IRONO,KEROS,4.52,0.0,0.0,0.0,0.0,0.0
781,US,US,BASIC,BITU1,4.52,0.0,0.0,0.0,0.0,0.0
207,US,US,AIRTR,LIQUE,4.52,0.0,0.0,0.0,0.0,0.0
3844,US,US,ELE11,ALUM1,4.52,0.0,0.0,0.0,0.0,0.0
5540,US,US,FABRI,LIGNI,4.52,0.0,0.0,0.0,0.0,0.0
12435,US,US,PLAST,PULP5,4.52,0.0,0.0,0.0,0.0,0.0
10750,US,US,NONSP,MOTOR,4.52,0.0,0.0,0.0,0.0,0.0
14882,US,US,STONE,MEAT4,4.52,0.0,0.0,0.0,0.0,0.0
9380,US,US,MEATP,MEATC,4.51,0.0,0.0,0.0,0.0,0.0
8755,US,US,LIQUI,CONST,4.51,0.0,0.0,0.0,0.0,0.0
1007,US,US,BIODI,CHEMI,4.44,0.0,0.0,0.0,0.0,0.0
7704,US,US,INERT,LEATH,4.44,0.0,0.0,0.0,0.0,0.0
10600,US,US,NONME,EDUCA,4.3,0.0,0.0,0.0,0.0,0.0
1862,US,US,CEMEN,AIRTR,4.34,0.0,0.0,0.0,0.0,0.0
155,US,US,AIRTR,COLLE,4.38,0.0,0.0,0.0,0.0,0.0
9969,US,US,MOTOR,MACHI,4.38,0.0,0.0,0.0,0.0,0.0
4129,US,US,ELEC1,INERT,4.38,0.0,0.0,0.0,0.0,0.0
5910,US,US,FOOD2,INLAN,4.36,0.0,0.0,0.0,0.0,0.0
2641,US,US,COMPU,BITU1,4.36,0.0,0.0,0.0,0.0,0.0
7380,US,US,HOTEL,ELEC4,4.35,0.0,0.0,0.0,0.0,0.0
10864,US,US,OFFIC,FOUND,4.35,0.0,0.0,0.0,0.0,0.0
1512,US,US,BITUM,NONF1,4.35,0.0,0.0,0.0,0.0,0.0
1659,US,US,BRICK,SECO9,4.35,0.0,0.0,0.0,0.0,0.0
15043,US,US,SUGA1,93197,4.35,0.0,0.0,0.0,0.0,0.0
4699,US,US,ELEC5,ELECT,4.34,0.0,0.0,0.0,0.0,0.0
1369,US,US,BIOGA,WOOD2,4.44,0.0,0.0,0.0,0.0,0.0
4852,US,US,ELEC6,FOUND,4.33,0.0,0.0,0.0,0.0,0.0
10940,US,US,OFFIC,TEXTI,4.33,0.0,0.0,0.0,0.0,0.0
13697,US,US,REFIN,REFI1,4.33,0.0,0.0,0.0,0.0,0.0
5120,US,US,ELEC8,INSUR,4.33,0.0,0.0,0.0,0.0,0.0
7032,US,US,GLASS,AUXIL,4.32,0.0,0.0,0.0,0.0,0.0
5473,US,US,FABRI,BITU1,4.31,0.0,0.0,0.0,0.0,0.0
7115,US,US,GLASS,REALE,4.31,0.0,0.0,0.0,0.0,0.0
13989,US,US,RESEA,RESEA,4.31,0.0,0.0,0.0,0.0,0.0
7729,US,US,INERT,OILSE,4.3,0.0,0.0,0.0,0.0,0.0
9552,US,US,MEDIC,TEXTI,4.3,0.0,0.0,0.0,0.0,0.0
11538,US,US,PAPE4,COPP1,4.38,0.0,0.0,0.0,0.0,0.0
7278,US,US,HEAVY,OFFIC,4.38,0.0,0.0,0.0,0.0,0.0
6715,US,US,FURNI,BASIC,4.38,0.0,0.0,0.0,0.0,0.0
11964,US,US,PFERT,RAILW,4.38,0.0,0.0,0.0,0.0,0.0
11356,US,US,PAPE3,BIODI,4.44,0.0,0.0,0.0,0.0,0.0
17046,US,US,WOODW,INERT,4.43,0.0,0.0,0.0,0.0,0.0
16766,US,US,WOOD1,MOTO1,4.42,0.0,0.0,0.0,0.0,0.0
14187,US,US,RUBBE,TEXT1,4.42,0.0,0.0,0.0,0.0,0.0
2047,US,US,CERAM,MACHI,4.42,0.0,0.0,0.0,0.0,0.0
12884,US,US,PRINT,SANDC,4.42,0.0,0.0,0.0,0.0,0.0
8855,US,US,LUBRI,BIOGA,4.42,0.0,0.0,0.0,0.0,0.0
13582,US,US,RECRE,NONF1,4.41,0.0,0.0,0.0,0.0,0.0
2330,US,US,CHEMI,BITU1,4.41,0.0,0.0,0.0,0.0,0.0
8475,US,US,LEAD1,BIOGA,4.41,0.0,0.0,0.0,0.0,0.0
3085,US,US,COPPE,TRANS,4.4,0.0,0.0,0.0,0.0,0.0
1270,US,US,BIOGA,FOODW,4.4,0.0,0.0,0.0,0.0,0.0
16712,US,US,WOOD1,DIST1,4.4,0.0,0.0,0.0,0.0,0.0
7359,US,US,HOTEL,CEREA,4.4,0.0,0.0,0.0,0.0,0.0
3794,US,US,EDUCA,PLANT,4.39,0.0,0.0,0.0,0.0,0.0
14385,US,US,SANDC,ELECT,4.39,0.0,0.0,0.0,0.0,0.0
1044,US,US,BIODI,INERT,4.39,0.0,0.0,0.0,0.0,0.0
5081,US,US,ELEC8,BRICK,4.39,0.0,0.0,0.0,0.0,0.0
13688,US,US,REFIN,NAPHT,4.39,0.0,0.0,0.0,0.0,0.0
12096,US,US,PLAS1,ELEC1,4.39,0.0,0.0,0.0,0.0,0.0
12831,US,US,PRINT,MACHI,4.39,0.0,0.0,0.0,0.0,0.0
8992,US,US,MACHI,ANIMA,4.02,0.0,0.0,0.0,0.0,0.0
12494,US,US,POSTT,ELEC5,4.02,0.0,0.0,0.0,0.0,0.0
4824,US,US,ELEC6,CATTL,4.02,0.0,0.0,0.0,0.0,0.0
16494,US,US,WHITE,LIQUE,3.73,0.0,0.0,0.0,0.0,0.0
6070,US,US,FOOD3,LEATH,3.75,0.0,0.0,0.0,0.0,0.0
12030,US,US,PIGS9,PROCE,3.74,0.0,0.0,0.0,0.0,0.0
8924,US,US,LUBRI,MEAT4,3.74,0.0,0.0,0.0,0.0,0.0
7646,US,US,INERT,CERAM,3.74,0.0,0.0,0.0,0.0,0.0
5505,US,US,FABRI,ELEC7,3.74,0.0,0.0,0.0,0.0,0.0
14182,US,US,RUBBE,STONE,3.74,0.0,0.0,0.0,0.0,0.0
4291,US,US,ELEC2,KEROS,3.73,0.0,0.0,0.0,0.0,0.0
10170,US,US,NATU1,LUBRI,3.73,0.0,0.0,0.0,0.0,0.0
7615,US,US,HYDRO,SUBBI,3.73,0.0,0.0,0.0,0.0,0.0
1233,US,US,BIOGA,BITUM,3.73,0.0,0.0,0.0,0.0,0.0
10256,US,US,NATUR,COMPU,3.73,0.0,0.0,0.0,0.0,0.0
16485,US,US,WHITE,HYDRO,3.71,0.0,0.0,0.0,0.0,0.0
7695,US,US,INERT,INERT,3.72,0.0,0.0,0.0,0.0,0.0
11420,US,US,PAPE3,KEROS,3.72,0.0,0.0,0.0,0.0,0.0
4920,US,US,ELEC6,RUBBE,3.72,0.0,0.0,0.0,0.0,0.0
1697,US,US,BUSIN,COKEO,3.72,0.0,0.0,0.0,0.0,0.0
12821,US,US,PRINT,IRONO,3.71,0.0,0.0,0.0,0.0,0.0
14579,US,US,SEWAG,ELEC4,3.71,0.0,0.0,0.0,0.0,0.0
11364,US,US,PAPE3,CATTL,3.71,0.0,0.0,0.0,0.0,0.0
7193,US,US,HEAVY,BIOG1,3.71,0.0,0.0,0.0,0.0,0.0
2606,US,US,COLLE,SEWAG,3.71,0.0,0.0,0.0,0.0,0.0
14603,US,US,SEWAG,HEAVY,3.71,0.0,0.0,0.0,0.0,0.0
7657,US,US,INERT,CROPS,3.75,0.0,0.0,0.0,0.0,0.0
12342,US,US,PLAS2,PULP5,3.75,0.0,0.0,0.0,0.0,0.0
9935,US,US,MOTOR,ETHAN,3.75,0.0,0.0,0.0,0.0,0.0
12918,US,US,PROCE,FISH5,3.75,0.0,0.0,0.0,0.0,0.0
5133,US,US,ELEC8,MEAT1,3.78,0.0,0.0,0.0,0.0,0.0
15930,US,US,TRANS,BIOGA,3.78,0.0,0.0,0.0,0.0,0.0
6154,US,US,FOOD4,BRICK,3.78,0.0,0.0,0.0,0.0,0.0
5992,US,US,FOOD2,TRANS,3.78,0.0,0.0,0.0,0.0,0.0
10618,US,US,NONME,HEAVY,3.77,0.0,0.0,0.0,0.0,0.0
3440,US,US,DIST1,FOODW,3.77,0.0,0.0,0.0,0.0,0.0
10297,US,US,NATUR,INSUR,3.77,0.0,0.0,0.0,0.0,0.0
8975,US,US,LUBRI,SUGA1,3.77,0.0,0.0,0.0,0.0,0.0
7191,US,US,HEAVY,BEVER,3.77,0.0,0.0,0.0,0.0,0.0
11526,US,US,PAPE4,CATTL,3.77,0.0,0.0,0.0,0.0,0.0
5595,US,US,FABRI,RESEA,3.76,0.0,0.0,0.0,0.0,0.0
12472,US,US,POSTT,CEREA,3.76,0.0,0.0,0.0,0.0,0.0
10159,US,US,NATU1,HEAVY,3.75,0.0,0.0,0.0,0.0,0.0
3034,US,US,COPP1,RAILW,3.75,0.0,0.0,0.0,0.0,0.0
242,US,US,AIRTR,PROCE,3.75,0.0,0.0,0.0,0.0,0.0
4175,US,US,ELEC1,PLAS1,3.75,0.0,0.0,0.0,0.0,0.0
11923,US,US,PFERT,LEATH,3.75,0.0,0.0,0.0,0.0,0.0
4457,US,US,ELEC3,NATUR,3.75,0.0,0.0,0.0,0.0,0.0
3928,US,US,ELE11,PRINT,3.75,0.0,0.0,0.0,0.0,0.0
10802,US,US,NUCLE,PAPER,3.75,0.0,0.0,0.0,0.0,0.0
16115,US,US,VEGET,FOOD4,3.75,0.0,0.0,0.0,0.0,0.0
11582,US,US,PAPE4,KEROS,3.71,0.0,0.0,0.0,0.0,0.0
15287,US,US,SUPPO,STEAM,3.7,0.0,0.0,0.0,0.0,0.0
12464,US,US,POSTT,BITU1,3.78,0.0,0.0,0.0,0.0,0.0
7311,US,US,HEAVY,RUBBE,3.62,0.0,0.0,0.0,0.0,0.0
15140,US,US,SUGAR,TEXT1,3.65,0.0,0.0,0.0,0.0,0.0
4978,US,US,ELEC7,FOOD5,3.64,0.0,0.0,0.0,0.0,0.0
2712,US,US,COMPU,LUBRI,3.64,0.0,0.0,0.0,0.0,0.0
4476,US,US,ELEC3,PLAS1,3.64,0.0,0.0,0.0,0.0,0.0
13093,US,US,PULP5,WOODW,3.64,0.0,0.0,0.0,0.0,0.0
7435,US,US,HOTEL,NFERT,3.63,0.0,0.0,0.0,0.0,0.0
7100,US,US,GLASS,PAPE4,3.63,0.0,0.0,0.0,0.0,0.0
11093,US,US,OILHA,TEXTI,3.62,0.0,0.0,0.0,0.0,0.0
453,US,US,ANIMA,HEALT,3.62,0.0,0.0,0.0,0.0,0.0
15562,US,US,TEXT2,NONME,3.62,0.0,0.0,0.0,0.0,0.0
9739,US,US,MOTO1,BRICK,3.61,0.0,0.0,0.0,0.0,0.0
6052,US,US,FOOD3,FISH5,3.7,0.0,0.0,0.0,0.0,0.0
8435,US,US,LANDT,RAWMI,3.6,0.0,0.0,0.0,0.0,0.0
10080,US,US,NAPHT,NFERT,3.6,0.0,0.0,0.0,0.0,0.0
15525,US,US,TEXT2,FURNI,3.6,0.0,0.0,0.0,0.0,0.0
4653,US,US,ELEC4,TOBAC,3.6,0.0,0.0,0.0,0.0,0.0
9065,US,US,MACHI,LEAD1,3.59,0.0,0.0,0.0,0.0,0.0
14948,US,US,SUBBI,BUSIN,3.59,0.0,0.0,0.0,0.0,0.0
6480,US,US,FOODW,MEATC,3.58,0.0,0.0,0.0,0.0,0.0
11284,US,US,PAPE1,OFFIC,3.58,0.0,0.0,0.0,0.0,0.0
7172,US,US,HEALT,RECRE,3.58,0.0,0.0,0.0,0.0,0.0
10839,US,US,OFFIC,DAIRY,3.58,0.0,0.0,0.0,0.0,0.0
144,US,US,AIRTR,BITUM,3.65,0.0,0.0,0.0,0.0,0.0
2890,US,US,CONST,NFERT,3.65,0.0,0.0,0.0,0.0,0.0
11425,US,US,PAPE3,LIQUE,3.65,0.0,0.0,0.0,0.0,0.0
10351,US,US,NATUR,REALE,3.66,0.0,0.0,0.0,0.0,0.0
6619,US,US,FORES,RESEA,3.7,0.0,0.0,0.0,0.0,0.0
15820,US,US,TRAN1,INERT,3.7,0.0,0.0,0.0,0.0,0.0
9716,US,US,MEMBE,VEGET,3.69,0.0,0.0,0.0,0.0,0.0
2181,US,US,CHEM1,COLLE,3.69,0.0,0.0,0.0,0.0,0.0
5139,US,US,ELEC8,MOTO1,3.69,0.0,0.0,0.0,0.0,0.0
12078,US,US,PLAS1,CEREA,3.68,0.0,0.0,0.0,0.0,0.0
9550,US,US,MEDIC,TEXT1,3.68,0.0,0.0,0.0,0.0,0.0
5170,US,US,ELEC8,PULP5,3.68,0.0,0.0,0.0,0.0,0.0
11652,US,US,PAPE4,SUGA1,3.68,0.0,0.0,0.0,0.0,0.0
7101,US,US,GLASS,PAPER,3.68,0.0,0.0,0.0,0.0,0.0
11232,US,US,PAPE1,ELECT,3.67,0.0,0.0,0.0,0.0,0.0
6775,US,US,FURNI,INTER,3.67,0.0,0.0,0.0,0.0,0.0
6435,US,US,FOODW,ELEC2,3.67,0.0,0.0,0.0,0.0,0.0
6964,US,US,GASDI,PLAS2,3.67,0.0,0.0,0.0,0.0,0.0
6168,US,US,FOOD4,COPP1,3.66,0.0,0.0,0.0,0.0,0.0
3459,US,US,DIST1,LEAD1,3.66,0.0,0.0,0.0,0.0,0.0
7849,US,US,INSUR,DISTR,3.66,0.0,0.0,0.0,0.0,0.0
9885,US,US,MOTO1,WOOD1,3.66,0.0,0.0,0.0,0.0,0.0
4659,US,US,ELEC4,WEARI,3.66,0.0,0.0,0.0,0.0,0.0
7808,US,US,INLAN,PUBLI,3.66,0.0,0.0,0.0,0.0,0.0
14810,US,US,STEAM,RESEA,3.66,0.0,0.0,0.0,0.0,0.0
14643,US,US,SEWAG,PAPE1,3.78,0.0,0.0,0.0,0.0,0.0
5173,US,US,ELEC8,RAWMI,3.78,0.0,0.0,0.0,0.0,0.0
14850,US,US,STONE,CATTL,4.02,0.0,0.0,0.0,0.0,0.0
1495,US,US,BITUM,LIGNI,3.91,0.0,0.0,0.0,0.0,0.0
4891,US,US,ELEC6,OILSE,3.95,0.0,0.0,0.0,0.0,0.0
14992,US,US,SUBBI,MEATP,3.95,0.0,0.0,0.0,0.0,0.0
4487,US,US,ELEC3,RAILW,3.94,0.0,0.0,0.0,0.0,0.0
11650,US,US,PAPE4,STONE,3.94,0.0,0.0,0.0,0.0,0.0
15369,US,US,TEXT1,GLASS,3.93,0.0,0.0,0.0,0.0,0.0
12136,US,US,PLAS1,LIQUE,3.93,0.0,0.0,0.0,0.0,0.0
15211,US,US,SUPPO,HEAVY,3.93,0.0,0.0,0.0,0.0,0.0
16926,US,US,WOOD2,MOTOR,3.93,0.0,0.0,0.0,0.0,0.0
5095,US,US,ELEC8,CRUDE,3.92,0.0,0.0,0.0,0.0,0.0
11387,US,US,PAPE3,ELEC3,3.92,0.0,0.0,0.0,0.0,0.0
7847,US,US,INSUR,DAIRY,3.91,0.0,0.0,0.0,0.0,0.0
13827,US,US,RENTI,PUBLI,3.89,0.0,0.0,0.0,0.0,0.0
11927,US,US,PFERT,MACHI,3.91,0.0,0.0,0.0,0.0,0.0
12932,US,US,PROCE,RESEA,3.91,0.0,0.0,0.0,0.0,0.0
2356,US,US,CHEMI,GLASS,3.91,0.0,0.0,0.0,0.0,0.0
8487,US,US,LEAD1,FOUND,3.91,0.0,0.0,0.0,0.0,0.0
820,US,US,BASIC,FOOD4,3.9,0.0,0.0,0.0,0.0,0.0
13034,US,US,PUBLI,PLAS2,3.9,0.0,0.0,0.0,0.0,0.0
7766,US,US,INERT,SECO9,3.9,0.0,0.0,0.0,0.0,0.0
908,US,US,BASIC,STONE,3.9,0.0,0.0,0.0,0.0,0.0
7452,US,US,HOTEL,PIGS9,3.9,0.0,0.0,0.0,0.0,0.0
2898,US,US,CONST,PADDY,3.89,0.0,0.0,0.0,0.0,0.0
6485,US,US,FOODW,MOTOR,3.95,0.0,0.0,0.0,0.0,0.0
4962,US,US,ELEC7,CHEM1,3.95,0.0,0.0,0.0,0.0,0.0
10176,US,US,NATU1,MEDIC,3.96,0.0,0.0,0.0,0.0,0.0
14742,US,US,STEAM,FABRI,3.96,0.0,0.0,0.0,0.0,0.0
14177,US,US,RUBBE,SANDC,4.02,0.0,0.0,0.0,0.0,0.0
589,US,US,AUXIL,BLAST,4.01,0.0,0.0,0.0,0.0,0.0
12131,US,US,PLAS1,KEROS,4.01,0.0,0.0,0.0,0.0,0.0
9920,US,US,MOTOR,DIST1,4.01,0.0,0.0,0.0,0.0,0.0
7745,US,US,INERT,PREC1,4.01,0.0,0.0,0.0,0.0,0.0
11385,US,US,PAPE3,ELEC1,4.01,0.0,0.0,0.0,0.0,0.0
15526,US,US,TEXT2,GASDI,4.0,0.0,0.0,0.0,0.0,0.0
844,US,US,BASIC,LIGNI,4.0,0.0,0.0,0.0,0.0,0.0
6906,US,US,GASDI,FOOD4,4.0,0.0,0.0,0.0,0.0,0.0
5421,US,US,ELECT,PUBLI,4.0,0.0,0.0,0.0,0.0,0.0
4966,US,US,ELEC7,CONST,4.0,0.0,0.0,0.0,0.0,0.0
9581,US,US,MEMBE,BRICK,3.99,0.0,0.0,0.0,0.0,0.0
7640,US,US,INERT,BITUM,3.99,0.0,0.0,0.0,0.0,0.0
11547,US,US,PAPE4,ELEC1,3.98,0.0,0.0,0.0,0.0,0.0
15775,US,US,TRAN1,BITUM,3.98,0.0,0.0,0.0,0.0,0.0
6642,US,US,FOUND,CERAM,3.98,0.0,0.0,0.0,0.0,0.0
12313,US,US,PLAS2,NATUR,3.98,0.0,0.0,0.0,0.0,0.0
2934,US,US,CONST,SEWAG,3.97,0.0,0.0,0.0,0.0,0.0
7381,US,US,HOTEL,ELEC5,3.97,0.0,0.0,0.0,0.0,0.0
2036,US,US,CERAM,FURNI,3.97,0.0,0.0,0.0,0.0,0.0
10335,US,US,NATUR,PETRO,3.96,0.0,0.0,0.0,0.0,0.0
9958,US,US,MOTOR,INTER,3.89,0.0,0.0,0.0,0.0,0.0
11549,US,US,PAPE4,ELEC3,3.88,0.0,0.0,0.0,0.0,0.0
3293,US,US,CRUDE,PROCE,3.79,0.0,0.0,0.0,0.0,0.0
5038,US,US,ELEC7,RECRE,3.81,0.0,0.0,0.0,0.0,0.0
15839,US,US,TRAN1,MEATC,3.82,0.0,0.0,0.0,0.0,0.0
12134,US,US,PLAS1,LEATH,3.81,0.0,0.0,0.0,0.0,0.0
3100,US,US,CROPS,CHEMI,3.81,0.0,0.0,0.0,0.0,0.0
7217,US,US,HEAVY,DISTR,3.81,0.0,0.0,0.0,0.0,0.0
4717,US,US,ELEC5,INLAN,3.81,0.0,0.0,0.0,0.0,0.0
1084,US,US,BIODI,PLAS1,3.81,0.0,0.0,0.0,0.0,0.0
14945,US,US,SUBBI,BITUM,3.81,0.0,0.0,0.0,0.0,0.0
7099,US,US,GLASS,PAPE3,3.81,0.0,0.0,0.0,0.0,0.0
7215,US,US,HEAVY,DAIRY,3.81,0.0,0.0,0.0,0.0,0.0
7256,US,US,HEAVY,LIGNI,3.81,0.0,0.0,0.0,0.0,0.0
7369,US,US,HOTEL,CROPS,3.81,0.0,0.0,0.0,0.0,0.0
4156,US,US,ELEC1,NATUR,3.88,0.0,0.0,0.0,0.0,0.0
3441,US,US,DIST1,FORES,3.81,0.0,0.0,0.0,0.0,0.0
8574,US,US,LEADZ,SALEM,3.8,0.0,0.0,0.0,0.0,0.0
13856,US,US,RENTI,TRAN1,3.8,0.0,0.0,0.0,0.0,0.0
17088,US,US,WOODW,PLAS1,3.8,0.0,0.0,0.0,0.0,0.0
15619,US,US,TEXT2,VEGE1,3.8,0.0,0.0,0.0,0.0,0.0
9394,US,US,MEATP,PROCE,3.79,0.0,0.0,0.0,0.0,0.0
15844,US,US,TRAN1,MOTOR,3.79,0.0,0.0,0.0,0.0,0.0
10478,US,US,NONF1,IRONO,3.79,0.0,0.0,0.0,0.0,0.0
6638,US,US,FOUND,BIODI,3.79,0.0,0.0,0.0,0.0,0.0
4904,US,US,ELEC6,POULT,3.79,0.0,0.0,0.0,0.0,0.0
7421,US,US,HOTEL,LUBRI,3.82,0.0,0.0,0.0,0.0,0.0
3544,US,US,DIST1,WOOD2,3.82,0.0,0.0,0.0,0.0,0.0
13265,US,US,RAILW,FOOD4,3.82,0.0,0.0,0.0,0.0,0.0
7835,US,US,INSUR,CEMEN,3.82,0.0,0.0,0.0,0.0,0.0
119,US,US,93197,TEXT1,3.88,0.0,0.0,0.0,0.0,0.0
1261,US,US,BIOGA,ELECT,3.88,0.0,0.0,0.0,0.0,0.0
6913,US,US,GASDI,GLASS,3.87,0.0,0.0,0.0,0.0,0.0
9950,US,US,MOTOR,GLASS,3.86,0.0,0.0,0.0,0.0,0.0
13336,US,US,REALE,BIOG1,3.86,0.0,0.0,0.0,0.0,0.0
8001,US,US,INTER,DISTR,3.86,0.0,0.0,0.0,0.0,0.0
11256,US,US,PAPE1,IRONO,3.86,0.0,0.0,0.0,0.0,0.0
10827,US,US,OFFIC,CEMEN,3.86,0.0,0.0,0.0,0.0,0.0
15814,US,US,TRAN1,GASDI,3.86,0.0,0.0,0.0,0.0,0.0
12212,US,US,PLAS1,VEGET,3.86,0.0,0.0,0.0,0.0,0.0
392,US,US,ALUMI,CEMEN,3.86,0.0,0.0,0.0,0.0,0.0
2021,US,US,CERAM,EDUCA,3.85,0.0,0.0,0.0,0.0,0.0
10946,US,US,OFFIC,WEARI,3.85,0.0,0.0,0.0,0.0,0.0
3733,US,US,EDUCA,ELEC2,3.85,0.0,0.0,0.0,0.0,0.0
11324,US,US,PAPE1,SEWAG,3.85,0.0,0.0,0.0,0.0,0.0
15547,US,US,TEXT2,MACHI,3.84,0.0,0.0,0.0,0.0,0.0
11490,US,US,PAPE3,SUGA1,3.84,0.0,0.0,0.0,0.0,0.0
11911,US,US,PFERT,FURNI,3.83,0.0,0.0,0.0,0.0,0.0
11097,US,US,OILHA,TRANS,3.83,0.0,0.0,0.0,0.0,0.0
5391,US,US,ELECT,MOTOR,3.83,0.0,0.0,0.0,0.0,0.0
4322,US,US,ELEC2,PAPE1,3.82,0.0,0.0,0.0,0.0,0.0
15321,US,US,TEXT1,BIOGA,4.57,0.0,0.0,0.0,0.0,0.0
2703,US,US,COMPU,KERO1,4.57,0.0,0.0,0.0,0.0,0.0
15995,US,US,TRANS,RENTI,4.57,0.0,0.0,0.0,0.0,0.0
14450,US,US,SANDC,SECO9,5.37,0.0,0.0,0.0,0.0,0.0
16186,US,US,WASTE,BIOGA,5.39,0.0,0.0,0.0,0.0,0.0
15848,US,US,TRAN1,NFERT,5.39,0.0,0.0,0.0,0.0,0.0
15873,US,US,TRAN1,PROCE,5.39,0.0,0.0,0.0,0.0,0.0
4616,US,US,ELEC4,PIGS9,5.38,0.0,0.0,0.0,0.0,0.0
1633,US,US,BRICK,NONME,5.38,0.0,0.0,0.0,0.0,0.0
9149,US,US,MACHI,WHEAT,5.37,0.0,0.0,0.0,0.0,0.0
6695,US,US,FOUND,SALEM,5.37,0.0,0.0,0.0,0.0,0.0
270,US,US,AIRTR,TRAN1,5.37,0.0,0.0,0.0,0.0,0.0
13172,US,US,RADIO,LIQUI,5.37,0.0,0.0,0.0,0.0,0.0
5446,US,US,ELECT,TEXT2,5.37,0.0,0.0,0.0,0.0,0.0
879,US,US,BASIC,PLAS1,5.37,0.0,0.0,0.0,0.0,0.0
9957,US,US,MOTOR,INSUR,5.33,0.0,0.0,0.0,0.0,0.0
7126,US,US,GLASS,SEACO,5.37,0.0,0.0,0.0,0.0,0.0
14454,US,US,SANDC,SUBBI,5.36,0.0,0.0,0.0,0.0,0.0
4594,US,US,ELEC4,MEDIC,5.36,0.0,0.0,0.0,0.0,0.0
5053,US,US,ELEC7,SUPPO,5.35,0.0,0.0,0.0,0.0,0.0
14197,US,US,RUBBE,WHEAT,5.35,0.0,0.0,0.0,0.0,0.0
13587,US,US,RECRE,OILHA,5.35,0.0,0.0,0.0,0.0,0.0
3597,US,US,DISTR,FOODW,5.34,0.0,0.0,0.0,0.0,0.0
16039,US,US,VEGE1,GASDI,5.34,0.0,0.0,0.0,0.0,0.0
14593,US,US,SEWAG,FOOD4,5.34,0.0,0.0,0.0,0.0,0.0
7,US,US,93197,BASIC,5.34,0.0,0.0,0.0,0.0,0.0
9990,US,US,MOTOR,PAPE1,5.39,0.0,0.0,0.0,0.0,0.0
3872,US,US,ELE11,FABRI,5.39,0.0,0.0,0.0,0.0,0.0
2095,US,US,CEREA,BIODI,5.4,0.0,0.0,0.0,0.0,0.0
3698,US,US,DISTR,WOOD2,5.4,0.0,0.0,0.0,0.0,0.0
6655,US,US,FOUND,GLASS,5.49,0.0,0.0,0.0,0.0,0.0
14816,US,US,STEAM,SEACO,5.49,0.0,0.0,0.0,0.0,0.0
7837,US,US,INSUR,CHEM1,5.48,0.0,0.0,0.0,0.0,0.0
13027,US,US,PUBLI,PAPE3,5.48,0.0,0.0,0.0,0.0,0.0
9685,US,US,MEMBE,RADIO,5.47,0.0,0.0,0.0,0.0,0.0
3876,US,US,ELE11,FOOD5,5.47,0.0,0.0,0.0,0.0,0.0
4036,US,US,ELE12,PFERT,5.47,0.0,0.0,0.0,0.0,0.0
11308,US,US,PAPE1,RADIO,5.46,0.0,0.0,0.0,0.0,0.0
7228,US,US,HEAVY,ELECT,5.46,0.0,0.0,0.0,0.0,0.0
4273,US,US,ELEC2,FOOD4,5.45,0.0,0.0,0.0,0.0,0.0
15500,US,US,TEXT2,DIST1,5.45,0.0,0.0,0.0,0.0,0.0
13016,US,US,PUBLI,MOTOR,5.44,0.0,0.0,0.0,0.0,0.0
1231,US,US,BIOGA,BIOGA,5.44,0.0,0.0,0.0,0.0,0.0
1005,US,US,BIODI,CEREA,5.44,0.0,0.0,0.0,0.0,0.0
5314,US,US,ELECT,BLAST,5.43,0.0,0.0,0.0,0.0,0.0
15430,US,US,TEXT1,RAILW,5.42,0.0,0.0,0.0,0.0,0.0
1956,US,US,CEMEN,PAPE4,5.42,0.0,0.0,0.0,0.0,0.0
4903,US,US,ELEC6,POSTT,5.41,0.0,0.0,0.0,0.0,0.0
15734,US,US,TEXTI,SALEM,5.41,0.0,0.0,0.0,0.0,0.0
5387,US,US,ELECT,MEATP,5.41,0.0,0.0,0.0,0.0,0.0
15617,US,US,TEXT2,TRAN2,5.4,0.0,0.0,0.0,0.0,0.0
2035,US,US,CERAM,FOUND,5.34,0.0,0.0,0.0,0.0,0.0
7299,US,US,HEAVY,PULP5,5.33,0.0,0.0,0.0,0.0,0.0
9412,US,US,MEATP,WHOLE,5.49,0.0,0.0,0.0,0.0,0.0
15190,US,US,SUPPO,ELEC7,5.2,0.0,0.0,0.0,0.0,0.0
3944,US,US,ELE11,SEACO,5.23,0.0,0.0,0.0,0.0,0.0
6596,US,US,FORES,MACHI,5.22,0.0,0.0,0.0,0.0,0.0
1914,US,US,CEMEN,FOUND,5.22,0.0,0.0,0.0,0.0,0.0
567,US,US,ANTHR,TEXTI,5.22,0.0,0.0,0.0,0.0,0.0
7019,US,US,GASWO,ELEC1,5.22,0.0,0.0,0.0,0.0,0.0
14635,US,US,SEWAG,NONF1,5.22,0.0,0.0,0.0,0.0,0.0
13028,US,US,PUBLI,PAPE4,5.22,0.0,0.0,0.0,0.0,0.0
16207,US,US,WASTE,DIST1,5.21,0.0,0.0,0.0,0.0,0.0
1900,US,US,CEMEN,ELEC5,5.21,0.0,0.0,0.0,0.0,0.0
6910,US,US,GASDI,FOUND,5.2,0.0,0.0,0.0,0.0,0.0
12073,US,US,PLAS1,BRICK,5.2,0.0,0.0,0.0,0.0,0.0
7764,US,US,INERT,SANDC,5.33,0.0,0.0,0.0,0.0,0.0
14845,US,US,STONE,BIOGA,5.2,0.0,0.0,0.0,0.0,0.0
579,US,US,AUXIL,ANTHR,5.19,0.0,0.0,0.0,0.0,0.0
5692,US,US,FINAN,HEAVY,5.19,0.0,0.0,0.0,0.0,0.0
1446,US,US,BITUM,BIODI,5.19,0.0,0.0,0.0,0.0,0.0
4944,US,US,ELEC6,WOODW,5.19,0.0,0.0,0.0,0.0,0.0
4681,US,US,ELEC5,CATTL,5.17,0.0,0.0,0.0,0.0,0.0
10312,US,US,NATUR,MEATC,5.17,0.0,0.0,0.0,0.0,0.0
1899,US,US,CEMEN,ELEC4,5.17,0.0,0.0,0.0,0.0,0.0
16896,US,US,WOOD2,GASDI,5.17,0.0,0.0,0.0,0.0,0.0
6455,US,US,FOODW,GASDI,5.16,0.0,0.0,0.0,0.0,0.0
11751,US,US,PAPER,LIQUE,5.23,0.0,0.0,0.0,0.0,0.0
3311,US,US,CRUDE,SEWAG,5.23,0.0,0.0,0.0,0.0,0.0
800,US,US,BASIC,CRUDE,5.24,0.0,0.0,0.0,0.0,0.0
5394,US,US,ELECT,NATUR,5.25,0.0,0.0,0.0,0.0,0.0
13177,US,US,RADIO,MEATC,5.31,0.0,0.0,0.0,0.0,0.0
10516,US,US,NONF1,WOODW,5.3,0.0,0.0,0.0,0.0,0.0
2209,US,US,CHEM1,FOOD2,5.3,0.0,0.0,0.0,0.0,0.0
13037,US,US,PUBLI,PREC1,5.3,0.0,0.0,0.0,0.0,0.0
16253,US,US,WASTE,MEAT4,5.29,0.0,0.0,0.0,0.0,0.0
3728,US,US,EDUCA,DISTR,5.29,0.0,0.0,0.0,0.0,0.0
4204,US,US,ELEC1,SUGA1,5.29,0.0,0.0,0.0,0.0,0.0
7665,US,US,INERT,ELEC1,5.29,0.0,0.0,0.0,0.0,0.0
11469,US,US,PAPE3,PULP5,5.28,0.0,0.0,0.0,0.0,0.0
11977,US,US,PFERT,SUGAR,5.28,0.0,0.0,0.0,0.0,0.0
16156,US,US,VEGET,RECRE,5.28,0.0,0.0,0.0,0.0,0.0
15311,US,US,TEXT1,AIRTR,5.28,0.0,0.0,0.0,0.0,0.0
9071,US,US,MACHI,LUBRI,5.28,0.0,0.0,0.0,0.0,0.0
13280,US,US,RAILW,PLAS1,5.28,0.0,0.0,0.0,0.0,0.0
266,US,US,AIRTR,TEXT1,5.28,0.0,0.0,0.0,0.0,0.0
14943,US,US,SUBBI,BIOGA,5.28,0.0,0.0,0.0,0.0,0.0
6186,US,US,FOOD4,ELECT,5.27,0.0,0.0,0.0,0.0,0.0
13024,US,US,PUBLI,OFFIC,5.27,0.0,0.0,0.0,0.0,0.0
14990,US,US,SUBBI,MEAT4,5.27,0.0,0.0,0.0,0.0,0.0
9899,US,US,MOTOR,BIOGA,5.26,0.0,0.0,0.0,0.0,0.0
15470,US,US,TEXT2,ALUM1,5.26,0.0,0.0,0.0,0.0,0.0
8645,US,US,LEATH,RECRE,5.49,0.0,0.0,0.0,0.0,0.0
11812,US,US,PAPER,STONE,5.49,0.0,0.0,0.0,0.0,0.0
7769,US,US,INERT,STONE,5.16,0.0,0.0,0.0,0.0,0.0
15524,US,US,TEXT2,FOUND,5.69,0.0,0.0,0.0,0.0,0.0
12556,US,US,POSTT,OILSE,5.72,0.0,0.0,0.0,0.0,0.0
6129,US,US,FOOD3,TOBAC,5.72,0.0,0.0,0.0,0.0,0.0
3136,US,US,CROPS,MEATA,5.72,0.0,0.0,0.0,0.0,0.0
10769,US,US,NONSP,RAILW,5.72,0.0,0.0,0.0,0.0,0.0
4445,US,US,ELEC3,MACHI,5.71,0.0,0.0,0.0,0.0,0.0
3601,US,US,DISTR,GASDI,5.71,0.0,0.0,0.0,0.0,0.0
14111,US,US,RUBBE,KERO1,5.71,0.0,0.0,0.0,0.0,0.0
13970,US,US,RESEA,PARAF,5.71,0.0,0.0,0.0,0.0,0.0
652,US,US,AUXIL,LEAD1,5.7,0.0,0.0,0.0,0.0,0.0
1955,US,US,CEMEN,PAPE3,5.69,0.0,0.0,0.0,0.0,0.0
10740,US,US,NONSP,KEROS,5.69,0.0,0.0,0.0,0.0,0.0
9997,US,US,MOTOR,PIGS9,5.63,0.0,0.0,0.0,0.0,0.0
8453,US,US,LANDT,SUGA1,5.67,0.0,0.0,0.0,0.0,0.0
527,US,US,ANTHR,MEAT4,5.66,0.0,0.0,0.0,0.0,0.0
16691,US,US,WOOD1,BIOGA,5.66,0.0,0.0,0.0,0.0,0.0
12839,US,US,PRINT,MOTO1,5.65,0.0,0.0,0.0,0.0,0.0
17048,US,US,WOODW,INSUR,5.65,0.0,0.0,0.0,0.0,0.0
1014,US,US,BIODI,CROPS,5.65,0.0,0.0,0.0,0.0,0.0
3626,US,US,DISTR,MEATC,5.65,0.0,0.0,0.0,0.0,0.0
8100,US,US,INTER,RETAI,5.64,0.0,0.0,0.0,0.0,0.0
14702,US,US,STEAM,93197,5.64,0.0,0.0,0.0,0.0,0.0
1076,US,US,BIODI,OILSE,5.64,0.0,0.0,0.0,0.0,0.0
12802,US,US,PRINT,FOOD2,5.73,0.0,0.0,0.0,0.0,0.0
8593,US,US,LEATH,COPP1,5.74,0.0,0.0,0.0,0.0,0.0
2906,US,US,CONST,PIGS9,5.74,0.0,0.0,0.0,0.0,0.0
6446,US,US,FOODW,FISH5,5.74,0.0,0.0,0.0,0.0,0.0
2775,US,US,COMPU,SUBBI,5.83,0.0,0.0,0.0,0.0,0.0
2565,US,US,COLLE,NONME,5.83,0.0,0.0,0.0,0.0,0.0
5075,US,US,ELEC8,BEVER,5.83,0.0,0.0,0.0,0.0,0.0
12873,US,US,PRINT,RAWMI,5.82,0.0,0.0,0.0,0.0,0.0
5543,US,US,FABRI,LUBRI,5.81,0.0,0.0,0.0,0.0,0.0
2758,US,US,COMPU,RAWMI,5.81,0.0,0.0,0.0,0.0,0.0
11817,US,US,PAPER,TEXT1,5.81,0.0,0.0,0.0,0.0,0.0
8063,US,US,INTER,NONME,5.8,0.0,0.0,0.0,0.0,0.0
292,US,US,ALUM1,CERAM,5.8,0.0,0.0,0.0,0.0,0.0
1370,US,US,BIOGA,WOODW,5.8,0.0,0.0,0.0,0.0,0.0
10858,US,US,OFFIC,FISH5,5.79,0.0,0.0,0.0,0.0,0.0
7656,US,US,INERT,COPP1,5.79,0.0,0.0,0.0,0.0,0.0
16887,US,US,WOOD2,FISH5,5.78,0.0,0.0,0.0,0.0,0.0
14560,US,US,SEWAG,CHEMI,5.77,0.0,0.0,0.0,0.0,0.0
2519,US,US,COLLE,ELECT,5.77,0.0,0.0,0.0,0.0,0.0
5439,US,US,ELECT,STEAM,5.77,0.0,0.0,0.0,0.0,0.0
14000,US,US,RESEA,SUBBI,5.77,0.0,0.0,0.0,0.0,0.0
628,US,US,AUXIL,FISHF,5.76,0.0,0.0,0.0,0.0,0.0
13073,US,US,PULP5,93197,5.76,0.0,0.0,0.0,0.0,0.0
10876,US,US,OFFIC,INTER,5.75,0.0,0.0,0.0,0.0,0.0
1528,US,US,BITUM,PREC1,5.75,0.0,0.0,0.0,0.0,0.0
15341,US,US,TEXT1,DAIRY,5.63,0.0,0.0,0.0,0.0,0.0
13507,US,US,RECRE,CERAM,5.63,0.0,0.0,0.0,0.0,0.0
4921,US,US,ELEC6,SALEM,5.5,0.0,0.0,0.0,0.0,0.0
9302,US,US,MEATC,LEATH,5.53,0.0,0.0,0.0,0.0,0.0
3493,US,US,DIST1,PETRO,5.55,0.0,0.0,0.0,0.0,0.0
16991,US,US,WOOD2,WEARI,5.55,0.0,0.0,0.0,0.0,0.0
9070,US,US,MACHI,LIQUI,5.55,0.0,0.0,0.0,0.0,0.0
14200,US,US,RUBBE,WOOD1,5.54,0.0,0.0,0.0,0.0,0.0
9651,US,US,MEMBE,MEDIC,5.54,0.0,0.0,0.0,0.0,0.0
2169,US,US,CHEM1,BLAST,5.54,0.0,0.0,0.0,0.0,0.0
11440,US,US,PAPE3,NATUR,5.53,0.0,0.0,0.0,0.0,0.0
9546,US,US,MEDIC,STEAM,5.53,0.0,0.0,0.0,0.0,0.0
14790,US,US,STEAM,PAPER,5.53,0.0,0.0,0.0,0.0,0.0
8177,US,US,IRONO,NATUR,5.53,0.0,0.0,0.0,0.0,0.0
7848,US,US,INSUR,DIST1,5.52,0.0,0.0,0.0,0.0,0.0
6885,US,US,GASDI,CHEMI,5.63,0.0,0.0,0.0,0.0,0.0
11602,US,US,PAPE4,NATUR,5.51,0.0,0.0,0.0,0.0,0.0
5491,US,US,FABRI,CROPS,5.51,0.0,0.0,0.0,0.0,0.0
4798,US,US,ELEC5,TRAN2,5.51,0.0,0.0,0.0,0.0,0.0
6210,US,US,FOOD4,IRONO,5.51,0.0,0.0,0.0,0.0,0.0
1284,US,US,BIOGA,INTER,5.51,0.0,0.0,0.0,0.0,0.0
7636,US,US,INERT,BIODI,5.5,0.0,0.0,0.0,0.0,0.0
1736,US,US,BUSIN,GASWO,5.5,0.0,0.0,0.0,0.0,0.0
3936,US,US,ELE11,RECRE,5.5,0.0,0.0,0.0,0.0,0.0
10200,US,US,NATU1,PRIVA,5.5,0.0,0.0,0.0,0.0,0.0
6278,US,US,FOOD4,SEWAG,5.5,0.0,0.0,0.0,0.0,0.0
6963,US,US,GASDI,PLAS1,5.55,0.0,0.0,0.0,0.0,0.0
12948,US,US,PUBLI,BIODI,5.55,0.0,0.0,0.0,0.0,0.0
6,US,US,93197,AUXIL,5.56,0.0,0.0,0.0,0.0,0.0
11271,US,US,PAPE1,MEATP,5.57,0.0,0.0,0.0,0.0,0.0
13092,US,US,PULP5,TEXTI,5.63,0.0,0.0,0.0,0.0,0.0
10365,US,US,NATUR,STEAM,5.63,0.0,0.0,0.0,0.0,0.0
15555,US,US,TEXT2,MOTO1,5.63,0.0,0.0,0.0,0.0,0.0
9649,US,US,MEMBE,MEATC,5.62,0.0,0.0,0.0,0.0,0.0
7527,US,US,HYDRO,COKIN,5.62,0.0,0.0,0.0,0.0,0.0
2093,US,US,CEREA,ANIMA,5.62,0.0,0.0,0.0,0.0,0.0
5523,US,US,FABRI,GASWO,5.62,0.0,0.0,0.0,0.0,0.0
16321,US,US,WASTE,WEARI,5.62,0.0,0.0,0.0,0.0,0.0
1510,US,US,BITUM,NATUR,5.61,0.0,0.0,0.0,0.0,0.0
3631,US,US,DISTR,MOTOR,5.61,0.0,0.0,0.0,0.0,0.0
9934,US,US,MOTOR,ELECT,5.61,0.0,0.0,0.0,0.0,0.0
10187,US,US,NATU1,NONSP,5.6,0.0,0.0,0.0,0.0,0.0
13716,US,US,RENTI,BITU1,5.6,0.0,0.0,0.0,0.0,0.0
12180,US,US,PLAS1,PULP5,5.59,0.0,0.0,0.0,0.0,0.0
6550,US,US,FOODW,WEARI,5.59,0.0,0.0,0.0,0.0,0.0
11334,US,US,PAPE1,TOBAC,5.59,0.0,0.0,0.0,0.0,0.0
9042,US,US,MACHI,FOOD2,5.59,0.0,0.0,0.0,0.0,0.0
11752,US,US,PAPER,LIQUI,5.59,0.0,0.0,0.0,0.0,0.0
17057,US,US,WOODW,LIQUI,5.59,0.0,0.0,0.0,0.0,0.0
3797,US,US,EDUCA,PLAST,5.58,0.0,0.0,0.0,0.0,0.0
10241,US,US,NATUR,BITU1,5.57,0.0,0.0,0.0,0.0,0.0
6238,US,US,FOOD4,OFFIC,5.16,0.0,0.0,0.0,0.0,0.0
4505,US,US,ELEC3,SUGA1,5.15,0.0,0.0,0.0,0.0,0.0
16146,US,US,VEGET,PAPE4,4.57,0.0,0.0,0.0,0.0,0.0
14081,US,US,RUBBE,ELEC5,4.73,0.0,0.0,0.0,0.0,0.0
9628,US,US,MEMBE,HEAVY,4.75,0.0,0.0,0.0,0.0,0.0
4153,US,US,ELEC1,MOTOR,4.75,0.0,0.0,0.0,0.0,0.0
11052,US,US,OILHA,PAPER,4.75,0.0,0.0,0.0,0.0,0.0
9067,US,US,MACHI,LEATH,4.75,0.0,0.0,0.0,0.0,0.0
7069,US,US,GLASS,INERT,4.75,0.0,0.0,0.0,0.0,0.0
3172,US,US,CROPS,RUBBE,4.75,0.0,0.0,0.0,0.0,0.0
8904,US,US,LUBRI,HEAVY,4.75,0.0,0.0,0.0,0.0,0.0
5422,US,US,ELECT,PULP5,4.75,0.0,0.0,0.0,0.0,0.0
10061,US,US,NAPHT,FOOD5,4.74,0.0,0.0,0.0,0.0,0.0
13777,US,US,RENTI,KERO1,4.74,0.0,0.0,0.0,0.0,0.0
3706,US,US,EDUCA,BASIC,4.73,0.0,0.0,0.0,0.0,0.0
9708,US,US,MEMBE,TEXT1,4.69,0.0,0.0,0.0,0.0,0.0
16528,US,US,WHITE,SANDC,4.71,0.0,0.0,0.0,0.0,0.0
13355,US,US,REALE,COPP1,4.71,0.0,0.0,0.0,0.0,0.0
1068,US,US,BIODI,NATU1,4.71,0.0,0.0,0.0,0.0,0.0
6454,US,US,FOODW,FURNI,4.7,0.0,0.0,0.0,0.0,0.0
13744,US,US,RENTI,ELEC3,4.7,0.0,0.0,0.0,0.0,0.0
10888,US,US,OFFIC,MEAT1,4.7,0.0,0.0,0.0,0.0,0.0
8816,US,US,LIQUI,RAILW,4.7,0.0,0.0,0.0,0.0,0.0
10817,US,US,OFFIC,BASIC,4.69,0.0,0.0,0.0,0.0,0.0
6109,US,US,FOOD3,PULP5,4.69,0.0,0.0,0.0,0.0,0.0
4425,US,US,ELEC3,GASDI,4.69,0.0,0.0,0.0,0.0,0.0
7432,US,US,HOTEL,NAPHT,4.76,0.0,0.0,0.0,0.0,0.0
872,US,US,BASIC,PAPE4,4.76,0.0,0.0,0.0,0.0,0.0
2805,US,US,CONST,BIODI,4.76,0.0,0.0,0.0,0.0,0.0
3454,US,US,DIST1,INTER,4.76,0.0,0.0,0.0,0.0,0.0
4124,US,US,ELEC1,GASDI,4.84,0.0,0.0,0.0,0.0,0.0
4628,US,US,ELEC4,RADIO,4.84,0.0,0.0,0.0,0.0,0.0
1326,US,US,BIOGA,POULT,4.83,0.0,0.0,0.0,0.0,0.0
7771,US,US,INERT,SUGA1,4.83,0.0,0.0,0.0,0.0,0.0
459,US,US,ANIMA,MEAT4,4.82,0.0,0.0,0.0,0.0,0.0
1858,US,US,CATTL,RECRE,4.81,0.0,0.0,0.0,0.0,0.0
16206,US,US,WASTE,DAIRY,4.8,0.0,0.0,0.0,0.0,0.0
16145,US,US,VEGET,PAPE3,4.8,0.0,0.0,0.0,0.0,0.0
5708,US,US,FINAN,LIQUI,4.8,0.0,0.0,0.0,0.0,0.0
3513,US,US,DIST1,REFI1,4.8,0.0,0.0,0.0,0.0,0.0
14537,US,US,SECO9,WOODW,4.8,0.0,0.0,0.0,0.0,0.0
4148,US,US,ELEC1,MEATC,4.8,0.0,0.0,0.0,0.0,0.0
14494,US,US,SECO9,BIOGA,4.79,0.0,0.0,0.0,0.0,0.0
13040,US,US,PUBLI,PUBLI,4.79,0.0,0.0,0.0,0.0,0.0
8892,US,US,LUBRI,FISHF,4.78,0.0,0.0,0.0,0.0,0.0
12461,US,US,POSTT,BIODI,4.78,0.0,0.0,0.0,0.0,0.0
9895,US,US,MOTOR,BASIC,4.78,0.0,0.0,0.0,0.0,0.0
10326,US,US,NATUR,OFFIC,4.77,0.0,0.0,0.0,0.0,0.0
993,US,US,BIODI,BEVER,4.77,0.0,0.0,0.0,0.0,0.0
15795,US,US,TRAN1,DIST1,4.77,0.0,0.0,0.0,0.0,0.0
2568,US,US,COLLE,OFFIC,4.76,0.0,0.0,0.0,0.0,0.0
12067,US,US,PLAS1,BIODI,4.69,0.0,0.0,0.0,0.0,0.0
5315,US,US,ELECT,BRICK,4.68,0.0,0.0,0.0,0.0,0.0
10836,US,US,OFFIC,COPP1,4.84,0.0,0.0,0.0,0.0,0.0
13539,US,US,RECRE,FOOD2,4.6,0.0,0.0,0.0,0.0,0.0
4845,US,US,ELEC6,FINAN,4.62,0.0,0.0,0.0,0.0,0.0
562,US,US,ANTHR,SECO9,4.62,0.0,0.0,0.0,0.0,0.0
8006,US,US,INTER,ELEC2,4.62,0.0,0.0,0.0,0.0,0.0
10289,US,US,NATUR,GASWO,4.62,0.0,0.0,0.0,0.0,0.0
2678,US,US,COMPU,ETHAN,4.62,0.0,0.0,0.0,0.0,0.0
10950,US,US,OFFIC,WOOD2,4.61,0.0,0.0,0.0,0.0,0.0
3463,US,US,DIST1,LIQUI,4.61,0.0,0.0,0.0,0.0,0.0
4454,US,US,ELEC3,MOTOR,4.6,0.0,0.0,0.0,0.0,0.0
12753,US,US,PRINT,AIRTR,4.6,0.0,0.0,0.0,0.0,0.0
4655,US,US,ELEC4,TRAN2,4.6,0.0,0.0,0.0,0.0,0.0
9249,US,US,MEAT4,PROCE,4.59,0.0,0.0,0.0,0.0,0.0
584,US,US,AUXIL,BIODI,4.68,0.0,0.0,0.0,0.0,0.0
12194,US,US,PLAS1,SANDC,4.59,0.0,0.0,0.0,0.0,0.0
3634,US,US,DISTR,NATUR,4.59,0.0,0.0,0.0,0.0,0.0
16464,US,US,WHITE,EDUCA,4.59,0.0,0.0,0.0,0.0,0.0
16057,US,US,VEGE1,MOTOR,4.59,0.0,0.0,0.0,0.0,0.0
4593,US,US,ELEC4,MEATP,4.58,0.0,0.0,0.0,0.0,0.0
7706,US,US,INERT,LIQUE,4.58,0.0,0.0,0.0,0.0,0.0
14999,US,US,SUBBI,NATUR,4.58,0.0,0.0,0.0,0.0,0.0
16532,US,US,WHITE,STONE,4.58,0.0,0.0,0.0,0.0,0.0
5200,US,US,ELEC8,VEGET,4.58,0.0,0.0,0.0,0.0,0.0
3830,US,US,EDUCA,TRAN2,4.57,0.0,0.0,0.0,0.0,0.0
9563,US,US,MEDIC,WOOD1,4.62,0.0,0.0,0.0,0.0,0.0
11524,US,US,PAPE4,BRICK,4.62,0.0,0.0,0.0,0.0,0.0
6491,US,US,FOODW,NONME,4.62,0.0,0.0,0.0,0.0,0.0
1741,US,US,BUSIN,HYDRO,4.63,0.0,0.0,0.0,0.0,0.0
7364,US,US,HOTEL,COKIN,4.68,0.0,0.0,0.0,0.0,0.0
10270,US,US,NATUR,ELEC4,4.68,0.0,0.0,0.0,0.0,0.0
7782,US,US,INERT,VEGET,4.68,0.0,0.0,0.0,0.0,0.0
12267,US,US,PLAS2,ELECT,4.67,0.0,0.0,0.0,0.0,0.0
13694,US,US,REFIN,PETRO,4.67,0.0,0.0,0.0,0.0,0.0
9872,US,US,MOTO1,TEXT2,4.67,0.0,0.0,0.0,0.0,0.0
4449,US,US,ELEC3,MEATC,4.67,0.0,0.0,0.0,0.0,0.0
16932,US,US,WOOD2,NONME,4.67,0.0,0.0,0.0,0.0,0.0
12754,US,US,PRINT,ALUM1,4.66,0.0,0.0,0.0,0.0,0.0
16895,US,US,WOOD2,FURNI,4.66,0.0,0.0,0.0,0.0,0.0
16160,US,US,VEGET,RUBBE,4.66,0.0,0.0,0.0,0.0,0.0
1989,US,US,CEMEN,TRANS,4.66,0.0,0.0,0.0,0.0,0.0
13629,US,US,RECRE,SUGA1,4.66,0.0,0.0,0.0,0.0,0.0
13131,US,US,RADIO,ELEC1,4.66,0.0,0.0,0.0,0.0,0.0
11075,US,US,OILHA,RENTI,4.65,0.0,0.0,0.0,0.0,0.0
13278,US,US,RAILW,PAPE4,4.65,0.0,0.0,0.0,0.0,0.0
6232,US,US,FOOD4,NATUR,4.65,0.0,0.0,0.0,0.0,0.0
3239,US,US,CRUDE,INERT,4.65,0.0,0.0,0.0,0.0,0.0
8320,US,US,LANDT,BIODI,4.64,0.0,0.0,0.0,0.0,0.0
1399,US,US,BITU1,ETHAN,4.64,0.0,0.0,0.0,0.0,0.0
9188,US,US,MEAT1,WEARI,4.63,0.0,0.0,0.0,0.0,0.0
10077,US,US,NAPHT,MOTOR,4.84,0.0,0.0,0.0,0.0,0.0
1279,US,US,BIOGA,HOTEL,4.84,0.0,0.0,0.0,0.0,0.0
15038,US,US,SUBBI,VEGE1,5.15,0.0,0.0,0.0,0.0,0.0
7644,US,US,INERT,CATTL,5.04,0.0,0.0,0.0,0.0,0.0
15948,US,US,TRANS,ELEC1,5.08,0.0,0.0,0.0,0.0,0.0
2939,US,US,CONST,SUGAR,5.07,0.0,0.0,0.0,0.0,0.0
16543,US,US,WHITE,WHOLE,5.07,0.0,0.0,0.0,0.0,0.0
4750,US,US,ELEC5,OILSE,5.07,0.0,0.0,0.0,0.0,0.0
4735,US,US,ELEC5,MEATP,5.07,0.0,0.0,0.0,0.0,0.0
5610,US,US,FABRI,TEXT1,5.06,0.0,0.0,0.0,0.0,0.0
4466,US,US,ELEC3,PADDY,5.05,0.0,0.0,0.0,0.0,0.0
8456,US,US,LANDT,TEXT1,5.05,0.0,0.0,0.0,0.0,0.0
8174,US,US,IRONO,MOTOR,5.05,0.0,0.0,0.0,0.0,0.0
6903,US,US,GASDI,FISHF,5.04,0.0,0.0,0.0,0.0,0.0
6476,US,US,FOODW,MACHI,5.03,0.0,0.0,0.0,0.0,0.0
12291,US,US,PLAS2,IRONO,5.0,0.0,0.0,0.0,0.0,0.0
6962,US,US,GASDI,PLANT,5.03,0.0,0.0,0.0,0.0,0.0
7957,US,US,INSUR,TRANS,5.03,0.0,0.0,0.0,0.0,0.0
5341,US,US,ELECT,ELEC4,5.03,0.0,0.0,0.0,0.0,0.0
8953,US,US,LUBRI,PRINT,5.02,0.0,0.0,0.0,0.0,0.0
4623,US,US,ELEC4,PREC1,5.02,0.0,0.0,0.0,0.0,0.0
871,US,US,BASIC,PAPE3,5.02,0.0,0.0,0.0,0.0,0.0
11631,US,US,PAPE4,PULP5,5.01,0.0,0.0,0.0,0.0,0.0
14080,US,US,RUBBE,ELEC4,5.01,0.0,0.0,0.0,0.0,0.0
4950,US,US,ELEC7,BASIC,5.01,0.0,0.0,0.0,0.0,0.0
7920,US,US,INSUR,PFERT,5.01,0.0,0.0,0.0,0.0,0.0
506,US,US,ANTHR,FISH5,5.08,0.0,0.0,0.0,0.0,0.0
7551,US,US,HYDRO,FURNI,5.09,0.0,0.0,0.0,0.0,0.0
12410,US,US,PLAST,KEROS,5.09,0.0,0.0,0.0,0.0,0.0
11219,US,US,PAPE1,DISTR,5.09,0.0,0.0,0.0,0.0,0.0
3475,US,US,DIST1,NAPHT,5.15,0.0,0.0,0.0,0.0,0.0
356,US,US,ALUM1,PULP5,5.15,0.0,0.0,0.0,0.0,0.0
16759,US,US,WOOD1,MEAT1,5.15,0.0,0.0,0.0,0.0,0.0
6955,US,US,GASDI,PAPE3,5.15,0.0,0.0,0.0,0.0,0.0
7667,US,US,INERT,ELEC3,5.15,0.0,0.0,0.0,0.0,0.0
16431,US,US,WHEAT,POULT,5.14,0.0,0.0,0.0,0.0,0.0
9947,US,US,MOTOR,FURNI,5.14,0.0,0.0,0.0,0.0,0.0
5105,US,US,ELEC8,FISH5,5.14,0.0,0.0,0.0,0.0,0.0
10223,US,US,NATU1,TRANS,5.13,0.0,0.0,0.0,0.0,0.0
12953,US,US,PUBLI,BRICK,5.13,0.0,0.0,0.0,0.0,0.0
4825,US,US,ELEC6,CEMEN,5.13,0.0,0.0,0.0,0.0,0.0
257,US,US,AIRTR,SANDC,5.13,0.0,0.0,0.0,0.0,0.0
16150,US,US,VEGET,PLAS1,5.12,0.0,0.0,0.0,0.0,0.0
3102,US,US,CROPS,COKIN,5.12,0.0,0.0,0.0,0.0,0.0
16698,US,US,WOOD1,CEMEN,5.11,0.0,0.0,0.0,0.0,0.0
16760,US,US,WOOD1,MEAT4,5.1,0.0,0.0,0.0,0.0,0.0
903,US,US,BASIC,SANDC,5.1,0.0,0.0,0.0,0.0,0.0
9764,US,US,MOTO1,ELEC3,5.1,0.0,0.0,0.0,0.0,0.0
2475,US,US,COLLE,AIRTR,5.1,0.0,0.0,0.0,0.0,0.0
12510,US,US,POSTT,FORES,5.1,0.0,0.0,0.0,0.0,0.0
13580,US,US,RECRE,NATUR,5.09,0.0,0.0,0.0,0.0,0.0
4091,US,US,ELEC1,BITUM,5.0,0.0,0.0,0.0,0.0,0.0
12565,US,US,POSTT,PIGS9,4.99,0.0,0.0,0.0,0.0,0.0
6783,US,US,FURNI,LIQUE,4.84,0.0,0.0,0.0,0.0,0.0
4765,US,US,ELEC5,POULT,4.88,0.0,0.0,0.0,0.0,0.0
9038,US,US,MACHI,ETHAN,4.9,0.0,0.0,0.0,0.0,0.0
14653,US,US,SEWAG,PLAS2,4.9,0.0,0.0,0.0,0.0,0.0
7819,US,US,INSUR,ALUM1,4.9,0.0,0.0,0.0,0.0,0.0
1553,US,US,BITUM,TOBAC,4.89,0.0,0.0,0.0,0.0,0.0
2620,US,US,COLLE,VEGET,4.89,0.0,0.0,0.0,0.0,0.0
12359,US,US,PLAS2,SEWAG,4.89,0.0,0.0,0.0,0.0,0.0
6548,US,US,FOODW,VEGE1,4.89,0.0,0.0,0.0,0.0,0.0
16739,US,US,WOOD1,GLASS,4.89,0.0,0.0,0.0,0.0,0.0
11992,US,US,PIGS9,93197,4.88,0.0,0.0,0.0,0.0,0.0
262,US,US,AIRTR,STONE,4.88,0.0,0.0,0.0,0.0,0.0
6956,US,US,GASDI,PAPE4,4.87,0.0,0.0,0.0,0.0,0.0
9672,US,US,MEMBE,PFERT,4.99,0.0,0.0,0.0,0.0,0.0
1035,US,US,BIODI,FOUND,4.87,0.0,0.0,0.0,0.0,0.0
669,US,US,AUXIL,NAPHT,4.86,0.0,0.0,0.0,0.0,0.0
9850,US,US,MOTO1,RAWMI,4.86,0.0,0.0,0.0,0.0,0.0
12087,US,US,PLAS1,COPP1,4.86,0.0,0.0,0.0,0.0,0.0
129,US,US,93197,WOOD1,4.86,0.0,0.0,0.0,0.0,0.0
11362,US,US,PAPE3,BRICK,4.86,0.0,0.0,0.0,0.0,0.0
14596,US,US,SEWAG,FORES,4.86,0.0,0.0,0.0,0.0,0.0
8661,US,US,LEATH,WOODW,4.85,0.0,0.0,0.0,0.0,0.0
4392,US,US,ELEC3,BITUM,4.85,0.0,0.0,0.0,0.0,0.0
10533,US,US,NONFE,FABRI,4.85,0.0,0.0,0.0,0.0,0.0
2124,US,US,CEREA,MEATC,4.9,0.0,0.0,0.0,0.0,0.0
11975,US,US,PFERT,SEWAG,4.9,0.0,0.0,0.0,0.0,0.0
16989,US,US,WOOD2,VEGE1,4.91,0.0,0.0,0.0,0.0,0.0
7701,US,US,INERT,KEROS,4.91,0.0,0.0,0.0,0.0,0.0
8057,US,US,INTER,MOTOR,4.99,0.0,0.0,0.0,0.0,0.0
16917,US,US,WOOD2,MACHI,4.98,0.0,0.0,0.0,0.0,0.0
6807,US,US,FURNI,PAPE1,4.97,0.0,0.0,0.0,0.0,0.0
6677,US,US,FOUND,PAPER,4.97,0.0,0.0,0.0,0.0,0.0
4332,US,US,ELEC2,PLAS2,4.97,0.0,0.0,0.0,0.0,0.0
13445,US,US,REALE,PROCE,4.96,0.0,0.0,0.0,0.0,0.0
6717,US,US,FURNI,BIODI,4.96,0.0,0.0,0.0,0.0,0.0
4855,US,US,ELEC6,GLASS,4.95,0.0,0.0,0.0,0.0,0.0
9479,US,US,MEDIC,INLAN,4.95,0.0,0.0,0.0,0.0,0.0
5180,US,US,ELEC8,RETAI,4.94,0.0,0.0,0.0,0.0,0.0
10156,US,US,NATU1,GASWO,4.94,0.0,0.0,0.0,0.0,0.0
9103,US,US,MACHI,PLANT,4.94,0.0,0.0,0.0,0.0,0.0
14743,US,US,STEAM,FINAN,4.93,0.0,0.0,0.0,0.0,0.0
13752,US,US,RENTI,ETHAN,4.93,0.0,0.0,0.0,0.0,0.0
8289,US,US,KEROS,MOTOR,4.93,0.0,0.0,0.0,0.0,0.0
9594,US,US,MEMBE,COPP1,4.93,0.0,0.0,0.0,0.0,0.0
934,US,US,BEVER,CHEM1,4.93,0.0,0.0,0.0,0.0,0.0
13742,US,US,RENTI,ELEC1,4.93,0.0,0.0,0.0,0.0,0.0
5352,US,US,ELECT,FISHF,4.92,0.0,0.0,0.0,0.0,0.0
12033,US,US,PIGS9,RAWMI,4.92,0.0,0.0,0.0,0.0,0.0
13277,US,US,RAILW,PAPE3,4.91,0.0,0.0,0.0,0.0,0.0
14029,US,US,RETA1,RETAI,3.58,0.0,0.0,0.0,0.0,0.0
3193,US,US,CRUDE,ALUMI,3.57,0.0,0.0,0.0,0.0,0.0
598,US,US,AUXIL,COKE1,2.23,0.0,0.0,0.0,0.0,0.0
2514,US,US,COLLE,ELEC5,2.61,0.0,0.0,0.0,0.0,0.0
16144,US,US,VEGET,PAPE1,2.63,0.0,0.0,0.0,0.0,0.0
11634,US,US,PAPE4,RAWMI,2.63,0.0,0.0,0.0,0.0,0.0
1933,US,US,CEMEN,LIQUE,2.63,0.0,0.0,0.0,0.0,0.0
529,US,US,ANTHR,MEATP,2.63,0.0,0.0,0.0,0.0,0.0
12746,US,US,PRECI,RETAI,2.63,0.0,0.0,0.0,0.0,0.0
1391,US,US,BITU1,ELEC2,2.63,0.0,0.0,0.0,0.0,0.0
11035,US,US,OILHA,MEMBE,2.62,0.0,0.0,0.0,0.0,0.0
7233,US,US,HEAVY,FISHF,2.62,0.0,0.0,0.0,0.0,0.0
8614,US,US,LEATH,HEALT,2.62,0.0,0.0,0.0,0.0,0.0
16048,US,US,VEGE1,LUBRI,2.61,0.0,0.0,0.0,0.0,0.0
9662,US,US,MEMBE,OFFIC,2.61,0.0,0.0,0.0,0.0,0.0
9925,US,US,MOTOR,ELEC1,2.63,0.0,0.0,0.0,0.0,0.0
13053,US,US,PUBLI,SANDC,2.61,0.0,0.0,0.0,0.0,0.0
169,US,US,AIRTR,ELEC4,2.61,0.0,0.0,0.0,0.0,0.0
10981,US,US,OILHA,DAIRY,2.61,0.0,0.0,0.0,0.0,0.0
9633,US,US,MEMBE,INSUR,2.61,0.0,0.0,0.0,0.0,0.0
14980,US,US,SUBBI,KEROS,2.61,0.0,0.0,0.0,0.0,0.0
12298,US,US,PLAS2,LIQUE,2.61,0.0,0.0,0.0,0.0,0.0
3684,US,US,DISTR,TEXT1,2.61,0.0,0.0,0.0,0.0,0.0
13192,US,US,RADIO,OILHA,2.61,0.0,0.0,0.0,0.0,0.0
12910,US,US,PROCE,93197,2.6,0.0,0.0,0.0,0.0,0.0
12462,US,US,POSTT,BIOG1,2.6,0.0,0.0,0.0,0.0,0.0
16809,US,US,WOOD1,RETAI,2.63,0.0,0.0,0.0,0.0,0.0
5386,US,US,ELECT,MEATC,2.63,0.0,0.0,0.0,0.0,0.0
4974,US,US,ELEC7,FABRI,3.57,0.0,0.0,0.0,0.0,0.0
11852,US,US,PARAF,LANDT,2.65,0.0,0.0,0.0,0.0,0.0
6101,US,US,FOOD3,PLANT,2.66,0.0,0.0,0.0,0.0,0.0
11200,US,US,PAPE1,BRICK,2.66,0.0,0.0,0.0,0.0,0.0
13965,US,US,RESEA,OILHA,2.66,0.0,0.0,0.0,0.0,0.0
110,US,US,93197,RUBBE,2.66,0.0,0.0,0.0,0.0,0.0
4419,US,US,ELEC3,FOOD4,2.66,0.0,0.0,0.0,0.0,0.0
649,US,US,AUXIL,KERO1,2.66,0.0,0.0,0.0,0.0,0.0
12780,US,US,PRINT,COPP1,2.66,0.0,0.0,0.0,0.0,0.0
5837,US,US,FISHF,RESEA,2.66,0.0,0.0,0.0,0.0,0.0
16118,US,US,VEGET,FURNI,2.65,0.0,0.0,0.0,0.0,0.0
3760,US,US,EDUCA,INERT,2.65,0.0,0.0,0.0,0.0,0.0
11937,US,US,PFERT,NATUR,2.65,0.0,0.0,0.0,0.0,0.0
10315,US,US,NATUR,MEMBE,2.63,0.0,0.0,0.0,0.0,0.0
15551,US,US,TEXT2,MEATC,2.65,0.0,0.0,0.0,0.0,0.0
13171,US,US,RADIO,LIQUE,2.65,0.0,0.0,0.0,0.0,0.0
13708,US,US,RENTI,ANTHR,2.64,0.0,0.0,0.0,0.0,0.0
4533,US,US,ELEC4,BIODI,2.64,0.0,0.0,0.0,0.0,0.0
3807,US,US,EDUCA,RAWMI,2.64,0.0,0.0,0.0,0.0,0.0
10931,US,US,OFFIC,SECO9,2.64,0.0,0.0,0.0,0.0,0.0
3271,US,US,CRUDE,NUCLE,2.64,0.0,0.0,0.0,0.0,0.0
3856,US,US,ELE11,CEMEN,2.64,0.0,0.0,0.0,0.0,0.0
5852,US,US,FOOD2,BEVER,2.64,0.0,0.0,0.0,0.0,0.0
15539,US,US,TEXT2,KEROS,2.63,0.0,0.0,0.0,0.0,0.0
14242,US,US,SALEM,ELEC1,2.6,0.0,0.0,0.0,0.0,0.0
3496,US,US,DIST1,PLANT,2.6,0.0,0.0,0.0,0.0,0.0
4643,US,US,ELEC4,SECO9,2.59,0.0,0.0,0.0,0.0,0.0
15552,US,US,TEXT2,MEATP,2.53,0.0,0.0,0.0,0.0,0.0
8979,US,US,LUBRI,TEXTI,2.53,0.0,0.0,0.0,0.0,0.0
14727,US,US,STEAM,CRUDE,2.53,0.0,0.0,0.0,0.0,0.0
17089,US,US,WOODW,PLAS2,2.53,0.0,0.0,0.0,0.0,0.0
11772,US,US,PAPER,OILHA,2.53,0.0,0.0,0.0,0.0,0.0
12296,US,US,PLAS2,LEATH,2.53,0.0,0.0,0.0,0.0,0.0
13057,US,US,PUBLI,STONE,2.53,0.0,0.0,0.0,0.0,0.0
1447,US,US,BITUM,BIOG1,2.53,0.0,0.0,0.0,0.0,0.0
11459,US,US,PAPE3,PLAS1,2.53,0.0,0.0,0.0,0.0,0.0
6152,US,US,FOOD4,BITUM,2.53,0.0,0.0,0.0,0.0,0.0
6021,US,US,FOOD3,CERAM,2.53,0.0,0.0,0.0,0.0,0.0
9913,US,US,MOTOR,COLLE,2.53,0.0,0.0,0.0,0.0,0.0
11472,US,US,PAPE3,RAWMI,2.59,0.0,0.0,0.0,0.0,0.0
16377,US,US,WEARI,RUBBE,2.53,0.0,0.0,0.0,0.0,0.0
1085,US,US,BIODI,PLAS2,2.53,0.0,0.0,0.0,0.0,0.0
6256,US,US,FOOD4,PREC1,2.52,0.0,0.0,0.0,0.0,0.0
12374,US,US,PLAS2,VEGET,2.52,0.0,0.0,0.0,0.0,0.0
11625,US,US,PAPE4,POULT,2.51,0.0,0.0,0.0,0.0,0.0
4879,US,US,ELEC6,MEMBE,2.51,0.0,0.0,0.0,0.0,0.0
5876,US,US,FOOD2,DIST1,2.51,0.0,0.0,0.0,0.0,0.0
4176,US,US,ELEC1,PLAS2,2.5,0.0,0.0,0.0,0.0,0.0
15367,US,US,TEXT1,GASDI,2.5,0.0,0.0,0.0,0.0,0.0
9471,US,US,MEDIC,GASDI,2.5,0.0,0.0,0.0,0.0,0.0
16190,US,US,WASTE,BRICK,2.53,0.0,0.0,0.0,0.0,0.0
4648,US,US,ELEC4,SUGAR,2.54,0.0,0.0,0.0,0.0,0.0
14659,US,US,SEWAG,PRIVA,2.54,0.0,0.0,0.0,0.0,0.0
12845,US,US,PRINT,NONF1,2.54,0.0,0.0,0.0,0.0,0.0
7116,US,US,GLASS,RECRE,2.59,0.0,0.0,0.0,0.0,0.0
4530,US,US,ELEC4,AUXIL,2.59,0.0,0.0,0.0,0.0,0.0
7649,US,US,INERT,CHEMI,2.59,0.0,0.0,0.0,0.0,0.0
12899,US,US,PRINT,TRAN2,2.58,0.0,0.0,0.0,0.0,0.0
10158,US,US,NATU1,HEALT,2.58,0.0,0.0,0.0,0.0,0.0
4198,US,US,ELEC1,SANDC,2.58,0.0,0.0,0.0,0.0,0.0
13232,US,US,RADIO,STONE,2.58,0.0,0.0,0.0,0.0,0.0
719,US,US,AUXIL,STEAM,2.57,0.0,0.0,0.0,0.0,0.0
7568,US,US,HYDRO,LUBRI,2.57,0.0,0.0,0.0,0.0,0.0
2440,US,US,COKE1,CRUDE,2.56,0.0,0.0,0.0,0.0,0.0
11214,US,US,PAPE1,COPP1,2.56,0.0,0.0,0.0,0.0,0.0
6001,US,US,FOOD2,WOODW,2.56,0.0,0.0,0.0,0.0,0.0
12162,US,US,PLAS1,PAPE3,2.56,0.0,0.0,0.0,0.0,0.0
3158,US,US,CROPS,PFERT,2.56,0.0,0.0,0.0,0.0,0.0
16233,US,US,WASTE,GASDI,2.56,0.0,0.0,0.0,0.0,0.0
917,US,US,BASIC,TRAN1,2.56,0.0,0.0,0.0,0.0,0.0
2491,US,US,COLLE,CERAM,2.56,0.0,0.0,0.0,0.0,0.0
3882,US,US,ELE11,GLASS,2.55,0.0,0.0,0.0,0.0,0.0
11963,US,US,PFERT,RADIO,2.55,0.0,0.0,0.0,0.0,0.0
14279,US,US,SALEM,LEAD1,2.54,0.0,0.0,0.0,0.0,0.0
8302,US,US,KEROS,SANDC,2.54,0.0,0.0,0.0,0.0,0.0
4228,US,US,ELEC2,ANIMA,2.66,0.0,0.0,0.0,0.0,0.0
4354,US,US,ELEC2,SANDC,2.66,0.0,0.0,0.0,0.0,0.0
16579,US,US,WHOLE,FISHF,2.66,0.0,0.0,0.0,0.0,0.0
16798,US,US,WOOD1,PULP5,2.76,0.0,0.0,0.0,0.0,0.0
6215,US,US,FOOD4,LEATH,2.78,0.0,0.0,0.0,0.0,0.0
10720,US,US,NONSP,ELEC2,2.78,0.0,0.0,0.0,0.0,0.0
4035,US,US,ELE12,PAPER,2.78,0.0,0.0,0.0,0.0,0.0
17034,US,US,WOODW,FOOD4,2.77,0.0,0.0,0.0,0.0,0.0
12174,US,US,PLAS1,POULT,2.77,0.0,0.0,0.0,0.0,0.0
15267,US,US,SUPPO,PROCE,2.77,0.0,0.0,0.0,0.0,0.0
14303,US,US,SALEM,OILHA,2.77,0.0,0.0,0.0,0.0,0.0
15035,US,US,SUBBI,TOBAC,2.77,0.0,0.0,0.0,0.0,0.0
14710,US,US,STEAM,BIOGA,2.77,0.0,0.0,0.0,0.0,0.0
3323,US,US,CRUDE,VEGE1,2.77,0.0,0.0,0.0,0.0,0.0
8865,US,US,LUBRI,COKIN,2.76,0.0,0.0,0.0,0.0,0.0
9450,US,US,MEDIC,ELEC3,2.75,0.0,0.0,0.0,0.0,0.0
1031,US,US,BIODI,FOOD4,2.76,0.0,0.0,0.0,0.0,0.0
11377,US,US,PAPE3,CROPS,2.76,0.0,0.0,0.0,0.0,0.0
14609,US,US,SEWAG,INTER,2.76,0.0,0.0,0.0,0.0,0.0
16195,US,US,WASTE,CEREA,2.76,0.0,0.0,0.0,0.0,0.0
8014,US,US,INTER,ELECT,2.75,0.0,0.0,0.0,0.0,0.0
16208,US,US,WASTE,DISTR,2.75,0.0,0.0,0.0,0.0,0.0
3213,US,US,CRUDE,COLLE,2.75,0.0,0.0,0.0,0.0,0.0
9867,US,US,MOTO1,SUBBI,2.75,0.0,0.0,0.0,0.0,0.0
870,US,US,BASIC,PAPE1,2.75,0.0,0.0,0.0,0.0,0.0
13399,US,US,REALE,KEROS,2.75,0.0,0.0,0.0,0.0,0.0
16660,US,US,WHOLE,STONE,2.78,0.0,0.0,0.0,0.0,0.0
77,US,US,93197,MOTO1,2.79,0.0,0.0,0.0,0.0,0.0
13597,US,US,RECRE,PIGS9,2.79,0.0,0.0,0.0,0.0,0.0
10352,US,US,NATUR,RECRE,2.79,0.0,0.0,0.0,0.0,0.0
11576,US,US,PAPE4,INERT,2.83,0.0,0.0,0.0,0.0,0.0
13756,US,US,RENTI,FISHF,2.83,0.0,0.0,0.0,0.0,0.0
8430,US,US,LANDT,PROCE,2.83,0.0,0.0,0.0,0.0,0.0
4743,US,US,ELEC5,NFERT,2.83,0.0,0.0,0.0,0.0,0.0
3433,US,US,DIST1,ETHAN,2.83,0.0,0.0,0.0,0.0,0.0
15859,US,US,TRAN1,PAPE4,2.82,0.0,0.0,0.0,0.0,0.0
6353,US,US,FOOD5,NONME,2.82,0.0,0.0,0.0,0.0,0.0
4288,US,US,ELEC2,INTER,2.82,0.0,0.0,0.0,0.0,0.0
7085,US,US,GLASS,MEATP,2.81,0.0,0.0,0.0,0.0,0.0
1157,US,US,BIOG1,FURNI,2.81,0.0,0.0,0.0,0.0,0.0
1728,US,US,BUSIN,FOOD3,2.81,0.0,0.0,0.0,0.0,0.0
16460,US,US,WHITE,COMPU,2.81,0.0,0.0,0.0,0.0,0.0
655,US,US,AUXIL,LIGNI,2.81,0.0,0.0,0.0,0.0,0.0
7720,US,US,INERT,NATU1,2.81,0.0,0.0,0.0,0.0,0.0
5665,US,US,FINAN,ELEC1,2.8,0.0,0.0,0.0,0.0,0.0
8337,US,US,LANDT,COLLE,2.8,0.0,0.0,0.0,0.0,0.0
15358,US,US,TEXT1,FISH5,2.8,0.0,0.0,0.0,0.0,0.0
11539,US,US,PAPE4,CROPS,2.8,0.0,0.0,0.0,0.0,0.0
13312,US,US,RAWMI,FISH5,2.79,0.0,0.0,0.0,0.0,0.0
3925,US,US,ELE11,POSTT,2.79,0.0,0.0,0.0,0.0,0.0
10949,US,US,OFFIC,WOOD1,2.79,0.0,0.0,0.0,0.0,0.0
4606,US,US,ELEC4,OFFIC,2.75,0.0,0.0,0.0,0.0,0.0
12363,US,US,PLAS2,SUGA1,2.74,0.0,0.0,0.0,0.0,0.0
15166,US,US,SUPPO,CEREA,2.67,0.0,0.0,0.0,0.0,0.0
5964,US,US,FOOD2,RAILW,2.69,0.0,0.0,0.0,0.0,0.0
8964,US,US,LUBRI,RESEA,2.7,0.0,0.0,0.0,0.0,0.0
15506,US,US,TEXT2,ELEC2,2.7,0.0,0.0,0.0,0.0,0.0
12915,US,US,PROCE,CHEM1,2.7,0.0,0.0,0.0,0.0,0.0
13276,US,US,RAILW,PAPE1,2.7,0.0,0.0,0.0,0.0,0.0
12208,US,US,PLAS1,TRAN1,2.69,0.0,0.0,0.0,0.0,0.0
15461,US,US,TEXT1,WEARI,2.69,0.0,0.0,0.0,0.0,0.0
889,US,US,BASIC,PULP5,2.69,0.0,0.0,0.0,0.0,0.0
15553,US,US,TEXT2,MEDIC,2.69,0.0,0.0,0.0,0.0,0.0
7653,US,US,INERT,COLLE,2.69,0.0,0.0,0.0,0.0,0.0
9684,US,US,MEMBE,PULP5,2.69,0.0,0.0,0.0,0.0,0.0
3356,US,US,DAIRY,LANDT,2.69,0.0,0.0,0.0,0.0,0.0
14650,US,US,SEWAG,PIGS9,2.74,0.0,0.0,0.0,0.0,0.0
6577,US,US,FORES,ELECT,2.68,0.0,0.0,0.0,0.0,0.0
3732,US,US,EDUCA,ELEC1,2.68,0.0,0.0,0.0,0.0,0.0
3965,US,US,ELE11,WOODW,2.68,0.0,0.0,0.0,0.0,0.0
987,US,US,BIODI,ALUM1,2.68,0.0,0.0,0.0,0.0,0.0
13834,US,US,RENTI,REFI1,2.68,0.0,0.0,0.0,0.0,0.0
5747,US,US,FINAN,PROCE,2.68,0.0,0.0,0.0,0.0,0.0
12293,US,US,PLAS2,KEROS,2.67,0.0,0.0,0.0,0.0,0.0
9422,US,US,MEDIC,BIOG1,2.67,0.0,0.0,0.0,0.0,0.0
15176,US,US,SUPPO,CROPS,2.67,0.0,0.0,0.0,0.0,0.0
5177,US,US,ELEC8,RENTI,2.67,0.0,0.0,0.0,0.0,0.0
3273,US,US,CRUDE,OILHA,2.7,0.0,0.0,0.0,0.0,0.0
8066,US,US,INTER,OFFIC,2.7,0.0,0.0,0.0,0.0,0.0
12980,US,US,PUBLI,FINAN,2.71,0.0,0.0,0.0,0.0,0.0
16212,US,US,WASTE,ELEC1,2.71,0.0,0.0,0.0,0.0,0.0
16459,US,US,WHITE,COLLE,2.74,0.0,0.0,0.0,0.0,0.0
4118,US,US,ELEC1,FOOD4,2.74,0.0,0.0,0.0,0.0,0.0
6240,US,US,FOOD4,OILSE,2.74,0.0,0.0,0.0,0.0,0.0
620,US,US,AUXIL,ELEC7,2.74,0.0,0.0,0.0,0.0,0.0
4768,US,US,ELEC5,PROCE,2.74,0.0,0.0,0.0,0.0,0.0
16099,US,US,VEGET,BIODI,2.74,0.0,0.0,0.0,0.0,0.0
5504,US,US,FABRI,ELEC6,2.73,0.0,0.0,0.0,0.0,0.0
6042,US,US,FOOD3,ELEC4,2.73,0.0,0.0,0.0,0.0,0.0
12170,US,US,PLAS1,PLAS1,2.73,0.0,0.0,0.0,0.0,0.0
14723,US,US,STEAM,COMPU,2.73,0.0,0.0,0.0,0.0,0.0
10671,US,US,NONME,RECRE,2.73,0.0,0.0,0.0,0.0,0.0
1368,US,US,BIOGA,WOOD1,2.72,0.0,0.0,0.0,0.0,0.0
3154,US,US,CROPS,PAPE4,2.72,0.0,0.0,0.0,0.0,0.0
16177,US,US,WASTE,ALUM1,2.72,0.0,0.0,0.0,0.0,0.0
11106,US,US,OILHA,WOODW,2.71,0.0,0.0,0.0,0.0,0.0
12902,US,US,PRINT,VEGET,2.71,0.0,0.0,0.0,0.0,0.0
7106,US,US,GLASS,PLAS2,2.71,0.0,0.0,0.0,0.0,0.0
14394,US,US,SANDC,FURNI,2.71,0.0,0.0,0.0,0.0,0.0
12237,US,US,PLAS2,CATTL,2.71,0.0,0.0,0.0,0.0,0.0
16451,US,US,WHITE,BITUM,2.71,0.0,0.0,0.0,0.0,0.0
16242,US,US,WASTE,IRONO,2.71,0.0,0.0,0.0,0.0,0.0
8929,US,US,LUBRI,MOTO1,2.5,0.0,0.0,0.0,0.0,0.0
13474,US,US,REALE,TOBAC,2.5,0.0,0.0,0.0,0.0,0.0
16258,US,US,WASTE,MEMBE,2.5,0.0,0.0,0.0,0.0,0.0
2218,US,US,CHEM1,GASWO,2.3,0.0,0.0,0.0,0.0,0.0
10913,US,US,OFFIC,PREC1,2.31,0.0,0.0,0.0,0.0,0.0
7532,US,US,HYDRO,COPPE,2.31,0.0,0.0,0.0,0.0,0.0
7723,US,US,INERT,NONF1,2.3,0.0,0.0,0.0,0.0,0.0
5136,US,US,ELEC8,MEATP,2.3,0.0,0.0,0.0,0.0,0.0
6130,US,US,FOOD3,TRAN1,2.3,0.0,0.0,0.0,0.0,0.0
751,US,US,AVIAT,HEAVY,2.3,0.0,0.0,0.0,0.0,0.0
3318,US,US,CRUDE,TEXT2,2.3,0.0,0.0,0.0,0.0,0.0
1924,US,US,CEMEN,INTER,2.3,0.0,0.0,0.0,0.0,0.0
10773,US,US,NONSP,SANDC,2.3,0.0,0.0,0.0,0.0,0.0
11613,US,US,PAPE4,PAPE3,2.3,0.0,0.0,0.0,0.0,0.0
8845,US,US,LUBRI,93197,2.29,0.0,0.0,0.0,0.0,0.0
6534,US,US,FOODW,SEWAG,2.28,0.0,0.0,0.0,0.0,0.0
14775,US,US,STEAM,MOTO1,2.29,0.0,0.0,0.0,0.0,0.0
12150,US,US,PLAS1,NATU1,2.29,0.0,0.0,0.0,0.0,0.0
8867,US,US,LUBRI,COMPU,2.29,0.0,0.0,0.0,0.0,0.0
9827,US,US,MOTO1,OILSE,2.29,0.0,0.0,0.0,0.0,0.0
11753,US,US,PAPER,LUBRI,2.29,0.0,0.0,0.0,0.0,0.0
319,US,US,ALUM1,HEALT,2.29,0.0,0.0,0.0,0.0,0.0
228,US,US,AIRTR,OILHA,2.29,0.0,0.0,0.0,0.0,0.0
14947,US,US,SUBBI,BRICK,2.29,0.0,0.0,0.0,0.0,0.0
16054,US,US,VEGE1,MEDIC,2.28,0.0,0.0,0.0,0.0,0.0
15072,US,US,SUGA1,PROCE,2.28,0.0,0.0,0.0,0.0,0.0
3543,US,US,DIST1,WOOD1,2.31,0.0,0.0,0.0,0.0,0.0
13103,US,US,RADIO,BIOG1,2.31,0.0,0.0,0.0,0.0,0.0
1550,US,US,BITUM,SUGA1,2.31,0.0,0.0,0.0,0.0,0.0
1296,US,US,BIOGA,MEAT1,2.31,0.0,0.0,0.0,0.0,0.0
14244,US,US,SALEM,ELEC3,2.35,0.0,0.0,0.0,0.0,0.0
779,US,US,BASIC,BIOG1,2.34,0.0,0.0,0.0,0.0,0.0
2802,US,US,CONST,AVIAT,2.34,0.0,0.0,0.0,0.0,0.0
2610,US,US,COLLE,SUGA1,2.34,0.0,0.0,0.0,0.0,0.0
11223,US,US,PAPE1,ELEC1,2.34,0.0,0.0,0.0,0.0,0.0
5822,US,US,FISHF,CHEM1,2.34,0.0,0.0,0.0,0.0,0.0
12796,US,US,PRINT,ELECT,2.34,0.0,0.0,0.0,0.0,0.0
12321,US,US,PLAS2,OILSE,2.33,0.0,0.0,0.0,0.0,0.0
14205,US,US,SALEM,AIRTR,2.33,0.0,0.0,0.0,0.0,0.0
5836,US,US,FISHF,RECRE,2.33,0.0,0.0,0.0,0.0,0.0
13418,US,US,REALE,NATU1,2.33,0.0,0.0,0.0,0.0,0.0
7682,US,US,INERT,FOOD4,2.33,0.0,0.0,0.0,0.0,0.0
13560,US,US,RECRE,KEROS,2.33,0.0,0.0,0.0,0.0,0.0
6011,US,US,FOOD3,BIODI,2.33,0.0,0.0,0.0,0.0,0.0
7307,US,US,HEAVY,RENTI,2.33,0.0,0.0,0.0,0.0,0.0
7203,US,US,HEAVY,CEREA,2.33,0.0,0.0,0.0,0.0,0.0
2585,US,US,COLLE,PREC1,2.32,0.0,0.0,0.0,0.0,0.0
14920,US,US,STONE,RUBBE,2.32,0.0,0.0,0.0,0.0,0.0
5313,US,US,ELECT,BITUM,2.32,0.0,0.0,0.0,0.0,0.0
6690,US,US,FOUND,RENTI,2.32,0.0,0.0,0.0,0.0,0.0
15808,US,US,TRAN1,FOOD4,2.32,0.0,0.0,0.0,0.0,0.0
9599,US,US,MEMBE,DISTR,2.28,0.0,0.0,0.0,0.0,0.0
2487,US,US,COLLE,BRICK,2.28,0.0,0.0,0.0,0.0,0.0
6158,US,US,FOOD4,CERAM,2.35,0.0,0.0,0.0,0.0,0.0
10044,US,US,MOTOR,WHITE,2.24,0.0,0.0,0.0,0.0,0.0
11202,US,US,PAPE1,CATTL,2.25,0.0,0.0,0.0,0.0,0.0
13918,US,US,RESEA,FOOD2,2.25,0.0,0.0,0.0,0.0,0.0
638,US,US,AUXIL,GASWO,2.24,0.0,0.0,0.0,0.0,0.0
8331,US,US,LANDT,CEREA,2.24,0.0,0.0,0.0,0.0,0.0
6019,US,US,FOOD3,CATTL,2.24,0.0,0.0,0.0,0.0,0.0
15208,US,US,SUPPO,GASWO,2.24,0.0,0.0,0.0,0.0,0.0
8899,US,US,LUBRI,FURNI,2.24,0.0,0.0,0.0,0.0,0.0
6264,US,US,FOOD4,RAWMI,2.24,0.0,0.0,0.0,0.0,0.0
3879,US,US,ELE11,FOUND,2.24,0.0,0.0,0.0,0.0,0.0
13145,US,US,RADIO,FOOD2,2.24,0.0,0.0,0.0,0.0,0.0
11683,US,US,PAPER,BITU1,2.24,0.0,0.0,0.0,0.0,0.0
16907,US,US,WOOD2,IRONO,2.28,0.0,0.0,0.0,0.0,0.0
4275,US,US,ELEC2,FOODW,2.24,0.0,0.0,0.0,0.0,0.0
10714,US,US,NONSP,CONST,2.23,0.0,0.0,0.0,0.0,0.0
5362,US,US,ELECT,GASWO,2.23,0.0,0.0,0.0,0.0,0.0
8341,US,US,LANDT,CROPS,2.23,0.0,0.0,0.0,0.0,0.0
10777,US,US,NONSP,STONE,2.23,0.0,0.0,0.0,0.0,0.0
11452,US,US,PAPE3,PAPE4,2.23,0.0,0.0,0.0,0.0,0.0
8511,US,US,LEAD1,RETAI,2.23,0.0,0.0,0.0,0.0,0.0
788,US,US,BASIC,CERAM,2.23,0.0,0.0,0.0,0.0,0.0
12084,US,US,PLAS1,COLLE,2.23,0.0,0.0,0.0,0.0,0.0
3114,US,US,CROPS,FOOD4,2.23,0.0,0.0,0.0,0.0,0.0
15501,US,US,TEXT2,DISTR,2.25,0.0,0.0,0.0,0.0,0.0
12337,US,US,PLAS2,PREC1,2.25,0.0,0.0,0.0,0.0,0.0
16975,US,US,WOOD2,SEWAG,2.25,0.0,0.0,0.0,0.0,0.0
3288,US,US,CRUDE,POULT,2.25,0.0,0.0,0.0,0.0,0.0
2761,US,US,COMPU,REFI1,2.28,0.0,0.0,0.0,0.0,0.0
7840,US,US,INSUR,COKIN,2.28,0.0,0.0,0.0,0.0,0.0
6848,US,US,FURNI,TEXT2,2.28,0.0,0.0,0.0,0.0,0.0
8856,US,US,LUBRI,BITU1,2.28,0.0,0.0,0.0,0.0,0.0
11225,US,US,PAPE1,ELEC3,2.28,0.0,0.0,0.0,0.0,0.0
11326,US,US,PAPE1,STONE,2.28,0.0,0.0,0.0,0.0,0.0
9466,US,US,MEDIC,FOOD5,2.28,0.0,0.0,0.0,0.0,0.0
15002,US,US,SUBBI,NONME,2.28,0.0,0.0,0.0,0.0,0.0
5112,US,US,ELEC8,FURNI,2.28,0.0,0.0,0.0,0.0,0.0
13746,US,US,RENTI,ELEC5,2.28,0.0,0.0,0.0,0.0,0.0
3795,US,US,EDUCA,PLAS1,2.27,0.0,0.0,0.0,0.0,0.0
14152,US,US,RUBBE,PLANT,2.27,0.0,0.0,0.0,0.0,0.0
5165,US,US,ELEC8,POULT,2.27,0.0,0.0,0.0,0.0,0.0
9705,US,US,MEMBE,SUGA1,2.26,0.0,0.0,0.0,0.0,0.0
6466,US,US,FOODW,IRONO,2.26,0.0,0.0,0.0,0.0,0.0
13804,US,US,RENTI,NONSP,2.26,0.0,0.0,0.0,0.0,0.0
4377,US,US,ELEC2,WOOD2,2.26,0.0,0.0,0.0,0.0,0.0
15403,US,US,TEXT1,NONME,2.26,0.0,0.0,0.0,0.0,0.0
8980,US,US,LUBRI,TOBAC,2.25,0.0,0.0,0.0,0.0,0.0
10635,US,US,NONME,MEAT1,2.25,0.0,0.0,0.0,0.0,0.0
15366,US,US,TEXT1,FURNI,2.25,0.0,0.0,0.0,0.0,0.0
10191,US,US,NATU1,PAPER,2.35,0.0,0.0,0.0,0.0,0.0
2368,US,US,CHEMI,MACHI,2.35,0.0,0.0,0.0,0.0,0.0
4076,US,US,ELE12,WHOLE,2.49,0.0,0.0,0.0,0.0,0.0
9128,US,US,MACHI,SANDC,2.44,0.0,0.0,0.0,0.0,0.0
11621,US,US,PAPE4,PLAS1,2.45,0.0,0.0,0.0,0.0,0.0
11497,US,US,PAPE3,TRAN1,2.45,0.0,0.0,0.0,0.0,0.0
4413,US,US,ELEC3,ELECT,2.45,0.0,0.0,0.0,0.0,0.0
4358,US,US,ELEC2,STONE,2.45,0.0,0.0,0.0,0.0,0.0
4601,US,US,ELEC4,NFERT,2.45,0.0,0.0,0.0,0.0,0.0
3327,US,US,CRUDE,WHEAT,2.45,0.0,0.0,0.0,0.0,0.0
5374,US,US,ELECT,KEROS,2.45,0.0,0.0,0.0,0.0,0.0
11659,US,US,PAPE4,TRAN1,2.45,0.0,0.0,0.0,0.0,0.0
13133,US,US,RADIO,ELEC3,2.45,0.0,0.0,0.0,0.0,0.0
9879,US,US,MOTO1,VEGET,2.45,0.0,0.0,0.0,0.0,0.0
10033,US,US,MOTOR,TEXT2,2.44,0.0,0.0,0.0,0.0,0.0
16567,US,US,WHOLE,COKIN,2.43,0.0,0.0,0.0,0.0,0.0
9985,US,US,MOTOR,NONSP,2.44,0.0,0.0,0.0,0.0,0.0
1992,US,US,CEMEN,WEARI,2.44,0.0,0.0,0.0,0.0,0.0
8481,US,US,LEAD1,COMPU,2.44,0.0,0.0,0.0,0.0,0.0
1854,US,US,CATTL,PIGS9,2.44,0.0,0.0,0.0,0.0,0.0
14151,US,US,RUBBE,PIGS9,2.44,0.0,0.0,0.0,0.0,0.0
7331,US,US,HEAVY,VEGET,2.43,0.0,0.0,0.0,0.0,0.0
16341,US,US,WEARI,FURNI,2.43,0.0,0.0,0.0,0.0,0.0
16224,US,US,WASTE,FISH5,2.43,0.0,0.0,0.0,0.0,0.0
15636,US,US,TEXTI,BIODI,2.43,0.0,0.0,0.0,0.0,0.0
13679,US,US,REFIN,ETHAN,2.43,0.0,0.0,0.0,0.0,0.0
8060,US,US,INTER,NATUR,2.45,0.0,0.0,0.0,0.0,0.0
11892,US,US,PFERT,COPP1,2.46,0.0,0.0,0.0,0.0,0.0
6277,US,US,FOOD4,SECO9,2.46,0.0,0.0,0.0,0.0,0.0
7250,US,US,HEAVY,IRONO,2.46,0.0,0.0,0.0,0.0,0.0
4293,US,US,ELEC2,LEAD1,2.49,0.0,0.0,0.0,0.0,0.0
5574,US,US,FABRI,PIGS9,2.49,0.0,0.0,0.0,0.0,0.0
5030,US,US,ELEC7,PRINT,2.49,0.0,0.0,0.0,0.0,0.0
6333,US,US,FOOD5,INLAN,2.49,0.0,0.0,0.0,0.0,0.0
2741,US,US,COMPU,PETRO,2.48,0.0,0.0,0.0,0.0,0.0
16484,US,US,WHITE,HOTEL,2.48,0.0,0.0,0.0,0.0,0.0
5342,US,US,ELECT,ELEC5,2.48,0.0,0.0,0.0,0.0,0.0
11463,US,US,PAPE3,POULT,2.48,0.0,0.0,0.0,0.0,0.0
3598,US,US,DISTR,FORES,2.48,0.0,0.0,0.0,0.0,0.0
15589,US,US,TEXT2,RADIO,2.47,0.0,0.0,0.0,0.0,0.0
5875,US,US,FOOD2,DAIRY,2.47,0.0,0.0,0.0,0.0,0.0
5084,US,US,ELEC8,CEMEN,2.47,0.0,0.0,0.0,0.0,0.0
15615,US,US,TEXT2,TOBAC,2.47,0.0,0.0,0.0,0.0,0.0
15199,US,US,SUPPO,FOOD2,2.47,0.0,0.0,0.0,0.0,0.0
8304,US,US,KEROS,STONE,2.47,0.0,0.0,0.0,0.0,0.0
4541,US,US,ELEC4,CERAM,2.47,0.0,0.0,0.0,0.0,0.0
416,US,US,ALUMI,NFERT,2.47,0.0,0.0,0.0,0.0,0.0
6557,US,US,FORES,93197,2.46,0.0,0.0,0.0,0.0,0.0
6617,US,US,FORES,RADIO,2.46,0.0,0.0,0.0,0.0,0.0
10994,US,US,OILHA,ELEC9,2.46,0.0,0.0,0.0,0.0,0.0
7798,US,US,INLAN,INSUR,2.46,0.0,0.0,0.0,0.0,0.0
12633,US,US,POULT,RECRE,2.43,0.0,0.0,0.0,0.0,0.0
14770,US,US,STEAM,MEAT4,2.43,0.0,0.0,0.0,0.0,0.0
6206,US,US,FOOD4,INERT,2.35,0.0,0.0,0.0,0.0,0.0
9003,US,US,MACHI,BLAST,2.36,0.0,0.0,0.0,0.0,0.0
526,US,US,ANTHR,MEAT1,2.37,0.0,0.0,0.0,0.0,0.0
14041,US,US,RUBBE,ANIMA,2.37,0.0,0.0,0.0,0.0,0.0
14256,US,US,SALEM,FOOD2,2.37,0.0,0.0,0.0,0.0,0.0
7356,US,US,HOTEL,CATTL,2.37,0.0,0.0,0.0,0.0,0.0
9604,US,US,MEMBE,ELEC2,2.37,0.0,0.0,0.0,0.0,0.0
11451,US,US,PAPE3,PAPE3,2.37,0.0,0.0,0.0,0.0,0.0
8693,US,US,LIGNI,GASWO,2.37,0.0,0.0,0.0,0.0,0.0
5040,US,US,ELEC7,RESEA,2.37,0.0,0.0,0.0,0.0,0.0
13241,US,US,RADIO,TRAN1,2.36,0.0,0.0,0.0,0.0,0.0
1480,US,US,BITUM,GASDI,2.36,0.0,0.0,0.0,0.0,0.0
12930,US,US,PROCE,PROCE,2.36,0.0,0.0,0.0,0.0,0.0
15268,US,US,SUPPO,PUBLI,2.43,0.0,0.0,0.0,0.0,0.0
1009,US,US,BIODI,COKIN,2.36,0.0,0.0,0.0,0.0,0.0
10598,US,US,NONME,DIST1,2.36,0.0,0.0,0.0,0.0,0.0
5930,US,US,FOOD2,MEMBE,2.36,0.0,0.0,0.0,0.0,0.0
8494,US,US,LEAD1,MACHI,2.36,0.0,0.0,0.0,0.0,0.0
9789,US,US,MOTO1,HEAVY,2.36,0.0,0.0,0.0,0.0,0.0
624,US,US,AUXIL,ETHAN,2.35,0.0,0.0,0.0,0.0,0.0
11321,US,US,PAPE1,SANDC,2.35,0.0,0.0,0.0,0.0,0.0
10143,US,US,NATU1,ELEC7,2.35,0.0,0.0,0.0,0.0,0.0
9286,US,US,MEATC,CROPS,2.35,0.0,0.0,0.0,0.0,0.0
5361,US,US,ELECT,GASDI,2.35,0.0,0.0,0.0,0.0,0.0
3873,US,US,ELE11,FINAN,2.38,0.0,0.0,0.0,0.0,0.0
15459,US,US,TEXT1,VEGE1,2.38,0.0,0.0,0.0,0.0,0.0
13563,US,US,RECRE,LEATH,2.38,0.0,0.0,0.0,0.0,0.0
6586,US,US,FORES,GLASS,2.38,0.0,0.0,0.0,0.0,0.0
4835,US,US,ELEC6,CROPS,2.42,0.0,0.0,0.0,0.0,0.0
4477,US,US,ELEC3,PLAS2,2.42,0.0,0.0,0.0,0.0,0.0
10572,US,US,NONME,AIRTR,2.42,0.0,0.0,0.0,0.0,0.0
4827,US,US,ELEC6,CEREA,2.42,0.0,0.0,0.0,0.0,0.0
1285,US,US,BIOGA,IRONO,2.42,0.0,0.0,0.0,0.0,0.0
12163,US,US,PLAS1,PAPE4,2.41,0.0,0.0,0.0,0.0,0.0
11194,US,US,PAPE1,BIODI,2.41,0.0,0.0,0.0,0.0,0.0
5083,US,US,ELEC8,CATTL,2.41,0.0,0.0,0.0,0.0,0.0
15388,US,US,TEXT1,MACHI,2.41,0.0,0.0,0.0,0.0,0.0
9804,US,US,MOTO1,LIQUE,2.41,0.0,0.0,0.0,0.0,0.0
12240,US,US,PLAS2,CEREA,2.4,0.0,0.0,0.0,0.0,0.0
7387,US,US,HOTEL,ETHAN,2.4,0.0,0.0,0.0,0.0,0.0
8592,US,US,LEATH,COMPU,2.4,0.0,0.0,0.0,0.0,0.0
16570,US,US,WHOLE,CROPS,2.4,0.0,0.0,0.0,0.0,0.0
16068,US,US,VEGE1,PFERT,2.39,0.0,0.0,0.0,0.0,0.0
10982,US,US,OILHA,DIST1,2.39,0.0,0.0,0.0,0.0,0.0
16767,US,US,WOOD1,MOTOR,2.39,0.0,0.0,0.0,0.0,0.0
14327,US,US,SALEM,RAWMI,2.39,0.0,0.0,0.0,0.0,0.0
16430,US,US,WHEAT,PIGS9,2.39,0.0,0.0,0.0,0.0,0.0
82,US,US,93197,NONF1,2.39,0.0,0.0,0.0,0.0,0.0
6169,US,US,FOOD4,CROPS,2.39,0.0,0.0,0.0,0.0,0.0
12260,US,US,PLAS2,ELEC3,2.83,0.0,0.0,0.0,0.0,0.0
6954,US,US,GASDI,PAPE1,2.83,0.0,0.0,0.0,0.0,0.0
16736,US,US,WOOD1,FURNI,2.83,0.0,0.0,0.0,0.0,0.0
4933,US,US,ELEC6,TEXTI,3.3,0.0,0.0,0.0,0.0,0.0
9611,US,US,MEMBE,ELECT,3.3,0.0,0.0,0.0,0.0,0.0
6575,US,US,FORES,DAIRY,3.3,0.0,0.0,0.0,0.0,0.0
9372,US,US,MEATP,LEATH,3.3,0.0,0.0,0.0,0.0,0.0
5093,US,US,ELEC8,COPP1,3.3,0.0,0.0,0.0,0.0,0.0
10382,US,US,NATUR,WHITE,3.3,0.0,0.0,0.0,0.0,0.0
11884,US,US,PFERT,CEMEN,3.3,0.0,0.0,0.0,0.0,0.0
9881,US,US,MOTO1,WEARI,3.3,0.0,0.0,0.0,0.0,0.0
5464,US,US,FABRI,ANIMA,3.3,0.0,0.0,0.0,0.0,0.0
10948,US,US,OFFIC,WHOLE,3.3,0.0,0.0,0.0,0.0,0.0
10169,US,US,NATU1,LIQUI,3.3,0.0,0.0,0.0,0.0,0.0
5303,US,US,ELECT,ANIMA,3.3,0.0,0.0,0.0,0.0,0.0
8422,US,US,LANDT,PLANT,3.27,0.0,0.0,0.0,0.0,0.0
15312,US,US,TEXT1,ALUM1,3.3,0.0,0.0,0.0,0.0,0.0
1491,US,US,BITUM,KEROS,3.29,0.0,0.0,0.0,0.0,0.0
12196,US,US,PLAS1,SECO9,3.29,0.0,0.0,0.0,0.0,0.0
11367,US,US,PAPE3,CEREA,3.29,0.0,0.0,0.0,0.0,0.0
9541,US,US,MEDIC,SALEM,3.29,0.0,0.0,0.0,0.0,0.0
4683,US,US,ELEC5,CERAM,3.29,0.0,0.0,0.0,0.0,0.0
4099,US,US,ELEC1,CHEMI,3.29,0.0,0.0,0.0,0.0,0.0
12432,US,US,PLAST,PREC1,3.28,0.0,0.0,0.0,0.0,0.0
4005,US,US,ELE12,HOTEL,3.28,0.0,0.0,0.0,0.0,0.0
14661,US,US,SEWAG,PUBLI,3.28,0.0,0.0,0.0,0.0,0.0
3816,US,US,EDUCA,RUBBE,3.31,0.0,0.0,0.0,0.0,0.0
7599,US,US,HYDRO,PRIVA,3.31,0.0,0.0,0.0,0.0,0.0
6812,US,US,FURNI,PFERT,3.31,0.0,0.0,0.0,0.0,0.0
4536,US,US,ELEC4,BITUM,3.31,0.0,0.0,0.0,0.0,0.0
1696,US,US,BUSIN,COKE1,3.35,0.0,0.0,0.0,0.0,0.0
6131,US,US,FOOD3,TRAN2,3.35,0.0,0.0,0.0,0.0,0.0
13106,US,US,RADIO,BITUM,3.35,0.0,0.0,0.0,0.0,0.0
10,US,US,93197,BIOGA,3.35,0.0,0.0,0.0,0.0,0.0
2049,US,US,CERAM,MEDIC,3.35,0.0,0.0,0.0,0.0,0.0
5575,US,US,FABRI,PLANT,3.35,0.0,0.0,0.0,0.0,0.0
7515,US,US,HYDRO,BIOGA,3.35,0.0,0.0,0.0,0.0,0.0
16349,US,US,WEARI,LEATH,3.35,0.0,0.0,0.0,0.0,0.0
4168,US,US,ELEC1,PAPE4,3.35,0.0,0.0,0.0,0.0,0.0
5445,US,US,ELECT,TEXT1,3.34,0.0,0.0,0.0,0.0,0.0
11529,US,US,PAPE4,CEREA,3.34,0.0,0.0,0.0,0.0,0.0
6275,US,US,FOOD4,SANDC,3.33,0.0,0.0,0.0,0.0,0.0
5134,US,US,ELEC8,MEAT4,3.33,0.0,0.0,0.0,0.0,0.0
495,US,US,ANTHR,COLLE,3.33,0.0,0.0,0.0,0.0,0.0
3277,US,US,CRUDE,PAPE4,3.33,0.0,0.0,0.0,0.0,0.0
11881,US,US,PFERT,BRICK,3.33,0.0,0.0,0.0,0.0,0.0
15094,US,US,SUGAR,COMPU,3.33,0.0,0.0,0.0,0.0,0.0
2406,US,US,CHEMI,RAWMI,3.32,0.0,0.0,0.0,0.0,0.0
9927,US,US,MOTOR,ELEC3,3.32,0.0,0.0,0.0,0.0,0.0
12071,US,US,PLAS1,BITUM,3.32,0.0,0.0,0.0,0.0,0.0
12482,US,US,POSTT,CROPS,3.31,0.0,0.0,0.0,0.0,0.0
14468,US,US,SEACO,COMPU,3.28,0.0,0.0,0.0,0.0,0.0
6481,US,US,FOODW,MEATP,3.27,0.0,0.0,0.0,0.0,0.0
6177,US,US,FOOD4,ELEC1,3.36,0.0,0.0,0.0,0.0,0.0
747,US,US,AVIAT,CHEM1,3.23,0.0,0.0,0.0,0.0,0.0
13063,US,US,PUBLI,TOBAC,3.24,0.0,0.0,0.0,0.0,0.0
10117,US,US,NATU1,CERAM,3.24,0.0,0.0,0.0,0.0,0.0
14398,US,US,SANDC,HEAVY,3.23,0.0,0.0,0.0,0.0,0.0
11610,US,US,PAPE4,OILSE,3.23,0.0,0.0,0.0,0.0,0.0
3540,US,US,DIST1,WHEAT,3.23,0.0,0.0,0.0,0.0,0.0
4672,US,US,ELEC5,AUXIL,3.23,0.0,0.0,0.0,0.0,0.0
10875,US,US,OFFIC,INSUR,3.23,0.0,0.0,0.0,0.0,0.0
7740,US,US,INERT,PLAS1,3.23,0.0,0.0,0.0,0.0,0.0
6280,US,US,FOOD4,STONE,3.23,0.0,0.0,0.0,0.0,0.0
5988,US,US,FOOD2,TEXTI,3.23,0.0,0.0,0.0,0.0,0.0
2915,US,US,CONST,PROCE,3.23,0.0,0.0,0.0,0.0,0.0
1124,US,US,BIODI,VEGET,3.27,0.0,0.0,0.0,0.0,0.0
10505,US,US,NONF1,RETAI,3.23,0.0,0.0,0.0,0.0,0.0
11168,US,US,PADDY,PROCE,3.22,0.0,0.0,0.0,0.0,0.0
13525,US,US,RECRE,ELEC1,3.22,0.0,0.0,0.0,0.0,0.0
11448,US,US,PAPE3,OILSE,3.22,0.0,0.0,0.0,0.0,0.0
11111,US,US,OILSE,LEATH,3.22,0.0,0.0,0.0,0.0,0.0
16231,US,US,WASTE,FOUND,3.22,0.0,0.0,0.0,0.0,0.0
15599,US,US,TEXT2,RETAI,3.22,0.0,0.0,0.0,0.0,0.0
6727,US,US,FURNI,CERAM,3.22,0.0,0.0,0.0,0.0,0.0
12249,US,US,PLAS2,COPP1,3.21,0.0,0.0,0.0,0.0,0.0
15993,US,US,TRANS,REALE,3.21,0.0,0.0,0.0,0.0,0.0
9502,US,US,MEDIC,NATUR,3.24,0.0,0.0,0.0,0.0,0.0
6518,US,US,FOODW,RADIO,3.24,0.0,0.0,0.0,0.0,0.0
15738,US,US,TEXTI,SEWAG,3.24,0.0,0.0,0.0,0.0,0.0
6395,US,US,FOOD5,WOODW,3.24,0.0,0.0,0.0,0.0,0.0
14878,US,US,STONE,LIQUE,3.27,0.0,0.0,0.0,0.0,0.0
15957,US,US,TRANS,FISHF,3.27,0.0,0.0,0.0,0.0,0.0
13815,US,US,RENTI,PETRO,3.27,0.0,0.0,0.0,0.0,0.0
821,US,US,BASIC,FOOD5,3.27,0.0,0.0,0.0,0.0,0.0
10953,US,US,OILHA,AIRTR,3.27,0.0,0.0,0.0,0.0,0.0
3041,US,US,COPP1,SALEM,3.27,0.0,0.0,0.0,0.0,0.0
3697,US,US,DISTR,WOOD1,3.27,0.0,0.0,0.0,0.0,0.0
16922,US,US,WOOD2,MEATP,3.27,0.0,0.0,0.0,0.0,0.0
6179,US,US,FOOD4,ELEC3,3.27,0.0,0.0,0.0,0.0,0.0
3228,US,US,CRUDE,FOOD4,3.26,0.0,0.0,0.0,0.0,0.0
16170,US,US,VEGET,WEARI,3.26,0.0,0.0,0.0,0.0,0.0
809,US,US,BASIC,ELEC3,3.25,0.0,0.0,0.0,0.0,0.0
1920,US,US,CEMEN,HEAVY,3.25,0.0,0.0,0.0,0.0,0.0
1172,US,US,BIOG1,MEAT4,3.25,0.0,0.0,0.0,0.0,0.0
7778,US,US,INERT,TRAN1,3.25,0.0,0.0,0.0,0.0,0.0
14439,US,US,SANDC,PROCE,3.25,0.0,0.0,0.0,0.0,0.0
1421,US,US,BITU1,NONSP,3.25,0.0,0.0,0.0,0.0,0.0
6043,US,US,FOOD3,ELEC5,3.24,0.0,0.0,0.0,0.0,0.0
1860,US,US,CATTL,WEARI,3.24,0.0,0.0,0.0,0.0,0.0
16028,US,US,VEGE1,CROPS,3.24,0.0,0.0,0.0,0.0,0.0
4469,US,US,ELEC3,PAPE4,3.24,0.0,0.0,0.0,0.0,0.0
14272,US,US,SALEM,INLAN,3.35,0.0,0.0,0.0,0.0,0.0
7744,US,US,INERT,POULT,3.36,0.0,0.0,0.0,0.0,0.0
7020,US,US,GASWO,ELEC2,3.21,0.0,0.0,0.0,0.0,0.0
8460,US,US,LANDT,TRAN1,3.49,0.0,0.0,0.0,0.0,0.0
7793,US,US,INLAN,COMPU,3.52,0.0,0.0,0.0,0.0,0.0
4167,US,US,ELEC1,PAPE3,3.51,0.0,0.0,0.0,0.0,0.0
369,US,US,ALUM1,SEWAG,3.51,0.0,0.0,0.0,0.0,0.0
16876,US,US,WOOD2,ELEC2,3.51,0.0,0.0,0.0,0.0,0.0
16488,US,US,WHITE,INSUR,3.51,0.0,0.0,0.0,0.0,0.0
12493,US,US,POSTT,ELEC4,3.5,0.0,0.0,0.0,0.0,0.0
5974,US,US,FOOD2,RUBBE,3.5,0.0,0.0,0.0,0.0,0.0
2068,US,US,CERAM,RADIO,3.5,0.0,0.0,0.0,0.0,0.0
11663,US,US,PAPE4,VEGET,3.5,0.0,0.0,0.0,0.0,0.0
13281,US,US,RAILW,PLAS2,3.49,0.0,0.0,0.0,0.0,0.0
11587,US,US,PAPE4,LIQUE,3.49,0.0,0.0,0.0,0.0,0.0
14522,US,US,SECO9,NONME,3.46,0.0,0.0,0.0,0.0,0.0
3203,US,US,CRUDE,BRICK,3.49,0.0,0.0,0.0,0.0,0.0
16333,US,US,WEARI,COMPU,3.49,0.0,0.0,0.0,0.0,0.0
5425,US,US,ELECT,RAWMI,3.49,0.0,0.0,0.0,0.0,0.0
7874,US,US,INSUR,FURNI,3.49,0.0,0.0,0.0,0.0,0.0
16923,US,US,WOOD2,MEDIC,3.48,0.0,0.0,0.0,0.0,0.0
2510,US,US,COLLE,ELEC1,3.48,0.0,0.0,0.0,0.0,0.0
4557,US,US,ELEC4,ELECT,3.48,0.0,0.0,0.0,0.0,0.0
8497,US,US,LEAD1,MOTO1,3.47,0.0,0.0,0.0,0.0,0.0
4906,US,US,ELEC6,PRECI,3.47,0.0,0.0,0.0,0.0,0.0
16256,US,US,WASTE,MEATP,3.47,0.0,0.0,0.0,0.0,0.0
7753,US,US,INERT,RAWMI,3.52,0.0,0.0,0.0,0.0,0.0
6482,US,US,FOODW,MEDIC,3.52,0.0,0.0,0.0,0.0,0.0
15396,US,US,TEXT1,MOTO1,3.52,0.0,0.0,0.0,0.0,0.0
5636,US,US,FINAN,BIODI,3.52,0.0,0.0,0.0,0.0,0.0
880,US,US,BASIC,PLAS2,3.57,0.0,0.0,0.0,0.0,0.0
14989,US,US,SUBBI,MEAT1,3.57,0.0,0.0,0.0,0.0,0.0
15365,US,US,TEXT1,FOUND,3.56,0.0,0.0,0.0,0.0,0.0
73,US,US,93197,MACHI,3.56,0.0,0.0,0.0,0.0,0.0
17081,US,US,WOODW,PAPE3,3.56,0.0,0.0,0.0,0.0,0.0
17100,US,US,WOODW,RAWMI,3.56,0.0,0.0,0.0,0.0,0.0
5046,US,US,ELEC7,SEACO,3.55,0.0,0.0,0.0,0.0,0.0
3123,US,US,CROPS,INERT,3.55,0.0,0.0,0.0,0.0,0.0
12159,US,US,PLAS1,OILSE,3.55,0.0,0.0,0.0,0.0,0.0
10353,US,US,NATUR,REFI1,3.55,0.0,0.0,0.0,0.0,0.0
1079,US,US,BIODI,PAPE3,3.55,0.0,0.0,0.0,0.0,0.0
10188,US,US,NATU1,NUCLE,3.55,0.0,0.0,0.0,0.0,0.0
11170,US,US,PADDY,RAWMI,3.54,0.0,0.0,0.0,0.0,0.0
11423,US,US,PAPE3,LEATH,3.54,0.0,0.0,0.0,0.0,0.0
6562,US,US,FORES,BIODI,3.54,0.0,0.0,0.0,0.0,0.0
12828,US,US,PRINT,LIQUE,3.54,0.0,0.0,0.0,0.0,0.0
1560,US,US,BITUM,WOODW,3.53,0.0,0.0,0.0,0.0,0.0
16728,US,US,WOOD1,FISH5,3.53,0.0,0.0,0.0,0.0,0.0
4660,US,US,ELEC4,WHEAT,3.53,0.0,0.0,0.0,0.0,0.0
16319,US,US,WASTE,VEGE1,3.53,0.0,0.0,0.0,0.0,0.0
13611,US,US,RECRE,RAWMI,3.52,0.0,0.0,0.0,0.0,0.0
7245,US,US,HEAVY,HOTEL,3.46,0.0,0.0,0.0,0.0,0.0
12413,US,US,PLAST,LIQUE,3.46,0.0,0.0,0.0,0.0,0.0
2505,US,US,COLLE,DIST1,3.36,0.0,0.0,0.0,0.0,0.0
12911,US,US,PROCE,BEVER,3.39,0.0,0.0,0.0,0.0,0.0
123,US,US,93197,TRAN2,3.41,0.0,0.0,0.0,0.0,0.0
570,US,US,ANTHR,VEGE1,3.41,0.0,0.0,0.0,0.0,0.0
966,US,US,BEVER,RAWMI,3.41,0.0,0.0,0.0,0.0,0.0
16831,US,US,WOOD1,WEARI,3.41,0.0,0.0,0.0,0.0,0.0
4468,US,US,ELEC3,PAPE3,3.41,0.0,0.0,0.0,0.0,0.0
3376,US,US,DAIRY,PUBLI,3.4,0.0,0.0,0.0,0.0,0.0
12175,US,US,PLAS1,PREC1,3.4,0.0,0.0,0.0,0.0,0.0
4617,US,US,ELEC4,PLANT,3.4,0.0,0.0,0.0,0.0,0.0
3176,US,US,CROPS,SUBBI,3.39,0.0,0.0,0.0,0.0,0.0
8880,US,US,LUBRI,ELEC2,3.39,0.0,0.0,0.0,0.0,0.0
14809,US,US,STEAM,RENTI,3.39,0.0,0.0,0.0,0.0,0.0
12235,US,US,PLAS2,BRICK,3.46,0.0,0.0,0.0,0.0,0.0
10958,US,US,OILHA,BASIC,3.39,0.0,0.0,0.0,0.0,0.0
7303,US,US,HEAVY,REALE,3.38,0.0,0.0,0.0,0.0,0.0
11585,US,US,PAPE4,LEATH,3.38,0.0,0.0,0.0,0.0,0.0
17082,US,US,WOODW,PAPE4,3.38,0.0,0.0,0.0,0.0,0.0
4675,US,US,ELEC5,BIODI,3.38,0.0,0.0,0.0,0.0,0.0
6544,US,US,FOODW,TOBAC,3.38,0.0,0.0,0.0,0.0,0.0
15457,US,US,TEXT1,TRAN2,3.38,0.0,0.0,0.0,0.0,0.0
1155,US,US,BIOG1,FORES,3.37,0.0,0.0,0.0,0.0,0.0
5851,US,US,FOOD2,BASIC,3.37,0.0,0.0,0.0,0.0,0.0
1080,US,US,BIODI,PAPE4,3.37,0.0,0.0,0.0,0.0,0.0
16151,US,US,VEGET,PLAS2,3.42,0.0,0.0,0.0,0.0,0.0
7309,US,US,HEAVY,RETA1,3.43,0.0,0.0,0.0,0.0,0.0
12956,US,US,PUBLI,CERAM,3.43,0.0,0.0,0.0,0.0,0.0
4644,US,US,ELEC4,SEWAG,3.43,0.0,0.0,0.0,0.0,0.0
3208,US,US,CRUDE,CEREA,3.46,0.0,0.0,0.0,0.0,0.0
6148,US,US,FOOD4,BIODI,3.45,0.0,0.0,0.0,0.0,0.0
4748,US,US,ELEC5,OFFIC,3.45,0.0,0.0,0.0,0.0,0.0
5199,US,US,ELEC8,VEGE1,3.45,0.0,0.0,0.0,0.0,0.0
1572,US,US,BLAST,ELEC1,3.45,0.0,0.0,0.0,0.0,0.0
5078,US,US,ELEC8,BIOGA,3.45,0.0,0.0,0.0,0.0,0.0
15163,US,US,SUPPO,CATTL,3.45,0.0,0.0,0.0,0.0,0.0
7597,US,US,HYDRO,PRECI,3.45,0.0,0.0,0.0,0.0,0.0
15342,US,US,TEXT1,DIST1,3.45,0.0,0.0,0.0,0.0,0.0
6988,US,US,GASDI,SECO9,3.45,0.0,0.0,0.0,0.0,0.0
11501,US,US,PAPE3,VEGET,3.45,0.0,0.0,0.0,0.0,0.0
13882,US,US,RESEA,BLAST,3.45,0.0,0.0,0.0,0.0,0.0
1355,US,US,BIOGA,TEXT2,3.44,0.0,0.0,0.0,0.0,0.0
8554,US,US,LEADZ,MEMBE,3.44,0.0,0.0,0.0,0.0,0.0
14293,US,US,SALEM,MOTOR,3.44,0.0,0.0,0.0,0.0,0.0
16921,US,US,WOOD2,MEATC,3.44,0.0,0.0,0.0,0.0,0.0
11974,US,US,PFERT,SECO9,3.44,0.0,0.0,0.0,0.0,0.0
7420,US,US,HOTEL,LIQUI,3.44,0.0,0.0,0.0,0.0,0.0
15877,US,US,TRAN1,RAILW,3.44,0.0,0.0,0.0,0.0,0.0
3938,US,US,ELE11,RESEA,3.43,0.0,0.0,0.0,0.0,0.0
7945,US,US,INSUR,SECO9,3.43,0.0,0.0,0.0,0.0,0.0
16985,US,US,WOOD2,TOBAC,3.21,0.0,0.0,0.0,0.0,0.0
14696,US,US,SEWAG,WHEAT,3.21,0.0,0.0,0.0,0.0,0.0
16656,US,US,WHOLE,SANDC,2.83,0.0,0.0,0.0,0.0,0.0
12691,US,US,PREC1,RECRE,2.95,0.0,0.0,0.0,0.0,0.0
5631,US,US,FINAN,ANTHR,2.97,0.0,0.0,0.0,0.0,0.0
15858,US,US,TRAN1,PAPE3,2.97,0.0,0.0,0.0,0.0,0.0
3717,US,US,EDUCA,CHEM1,2.97,0.0,0.0,0.0,0.0,0.0
4311,US,US,ELEC2,NATU1,2.96,0.0,0.0,0.0,0.0,0.0
10891,US,US,OFFIC,MEATP,2.96,0.0,0.0,0.0,0.0,0.0
2180,US,US,CHEM1,COKIN,2.96,0.0,0.0,0.0,0.0,0.0
9700,US,US,MEMBE,SECO9,2.96,0.0,0.0,0.0,0.0,0.0
4693,US,US,ELEC5,CROPS,2.96,0.0,0.0,0.0,0.0,0.0
3531,US,US,DIST1,TEXT2,2.96,0.0,0.0,0.0,0.0,0.0
5621,US,US,FABRI,WHITE,2.96,0.0,0.0,0.0,0.0,0.0
12361,US,US,PLAS2,STONE,2.95,0.0,0.0,0.0,0.0,0.0
16871,US,US,WOOD2,DISTR,2.92,0.0,0.0,0.0,0.0,0.0
10868,US,US,OFFIC,GLASS,2.95,0.0,0.0,0.0,0.0,0.0
6861,US,US,FURNI,WOOD2,2.94,0.0,0.0,0.0,0.0,0.0
14800,US,US,STEAM,PRINT,2.94,0.0,0.0,0.0,0.0,0.0
15248,US,US,SUPPO,OILHA,2.94,0.0,0.0,0.0,0.0,0.0
11842,US,US,PARAF,DIST1,2.94,0.0,0.0,0.0,0.0,0.0
9640,US,US,MEMBE,LEATH,2.93,0.0,0.0,0.0,0.0,0.0
8157,US,US,IRONO,GASDI,2.93,0.0,0.0,0.0,0.0,0.0
11054,US,US,OILHA,PFERT,2.93,0.0,0.0,0.0,0.0,0.0
14996,US,US,SUBBI,MOTOR,2.93,0.0,0.0,0.0,0.0,0.0
4575,US,US,ELEC4,INLAN,2.93,0.0,0.0,0.0,0.0,0.0
11647,US,US,PAPE4,SECO9,2.97,0.0,0.0,0.0,0.0,0.0
7059,US,US,GLASS,FOOD4,2.97,0.0,0.0,0.0,0.0,0.0
10846,US,US,OFFIC,ELEC2,2.97,0.0,0.0,0.0,0.0,0.0
8847,US,US,LUBRI,ALUM1,2.98,0.0,0.0,0.0,0.0,0.0
16758,US,US,WOOD1,MACHI,3.03,0.0,0.0,0.0,0.0,0.0
7732,US,US,INERT,PAPE3,3.02,0.0,0.0,0.0,0.0,0.0
7275,US,US,HEAVY,NONME,3.02,0.0,0.0,0.0,0.0,0.0
13084,US,US,PULP5,NONME,3.02,0.0,0.0,0.0,0.0,0.0
2345,US,US,CHEMI,ELECT,3.02,0.0,0.0,0.0,0.0,0.0
1297,US,US,BIOGA,MEAT4,3.02,0.0,0.0,0.0,0.0,0.0
11522,US,US,PAPE4,BITUM,3.01,0.0,0.0,0.0,0.0,0.0
13026,US,US,PUBLI,PAPE1,3.0,0.0,0.0,0.0,0.0,0.0
2512,US,US,COLLE,ELEC3,3.0,0.0,0.0,0.0,0.0,0.0
2682,US,US,COMPU,FISHF,3.0,0.0,0.0,0.0,0.0,0.0
16829,US,US,WOOD1,VEGE1,3.0,0.0,0.0,0.0,0.0,0.0
8861,US,US,LUBRI,CEMEN,3.0,0.0,0.0,0.0,0.0,0.0
5132,US,US,ELEC8,MACHI,3.0,0.0,0.0,0.0,0.0,0.0
1822,US,US,BUSIN,SUGAR,2.99,0.0,0.0,0.0,0.0,0.0
2893,US,US,CONST,NONSP,2.99,0.0,0.0,0.0,0.0,0.0
14323,US,US,SALEM,PUBLI,2.98,0.0,0.0,0.0,0.0,0.0
4424,US,US,ELEC3,FURNI,2.98,0.0,0.0,0.0,0.0,0.0
8351,US,US,LANDT,ELEC3,2.98,0.0,0.0,0.0,0.0,0.0
2564,US,US,COLLE,NONF1,2.98,0.0,0.0,0.0,0.0,0.0
1100,US,US,BIODI,RENTI,2.98,0.0,0.0,0.0,0.0,0.0
6293,US,US,FOOD4,VEGET,2.98,0.0,0.0,0.0,0.0,0.0
7408,US,US,HOTEL,INLAN,2.93,0.0,0.0,0.0,0.0,0.0
12719,US,US,PRECI,ELECT,2.92,0.0,0.0,0.0,0.0,0.0
11366,US,US,PAPE3,CERAM,3.03,0.0,0.0,0.0,0.0,0.0
16773,US,US,WOOD1,NONME,2.85,0.0,0.0,0.0,0.0,0.0
9231,US,US,MEAT4,MEATP,2.87,0.0,0.0,0.0,0.0,0.0
11307,US,US,PAPE1,PULP5,2.87,0.0,0.0,0.0,0.0,0.0
13227,US,US,RADIO,SANDC,2.87,0.0,0.0,0.0,0.0,0.0
1439,US,US,BITU1,WHITE,2.87,0.0,0.0,0.0,0.0,0.0
12761,US,US,PRINT,BIODI,2.86,0.0,0.0,0.0,0.0,0.0
6895,US,US,GASDI,DIST1,2.86,0.0,0.0,0.0,0.0,0.0
8038,US,US,INTER,IRONO,2.86,0.0,0.0,0.0,0.0,0.0
3153,US,US,CROPS,PAPE3,2.85,0.0,0.0,0.0,0.0,0.0
2706,US,US,COMPU,LEAD1,2.85,0.0,0.0,0.0,0.0,0.0
7733,US,US,INERT,PAPE4,2.85,0.0,0.0,0.0,0.0,0.0
6159,US,US,FOOD4,CEREA,2.85,0.0,0.0,0.0,0.0,0.0
9871,US,US,MOTO1,TEXT1,2.92,0.0,0.0,0.0,0.0,0.0
8136,US,US,IRONO,BIODI,2.85,0.0,0.0,0.0,0.0,0.0
14854,US,US,STONE,CHEMI,2.84,0.0,0.0,0.0,0.0,0.0
2018,US,US,CERAM,CRUDE,2.84,0.0,0.0,0.0,0.0,0.0
2501,US,US,COLLE,COPP1,2.84,0.0,0.0,0.0,0.0,0.0
5326,US,US,ELECT,COLLE,2.84,0.0,0.0,0.0,0.0,0.0
3942,US,US,ELE11,SALEM,2.84,0.0,0.0,0.0,0.0,0.0
10036,US,US,MOTOR,TRAN1,2.84,0.0,0.0,0.0,0.0,0.0
10063,US,US,NAPHT,GASDI,2.84,0.0,0.0,0.0,0.0,0.0
5949,US,US,FOOD2,PFERT,2.83,0.0,0.0,0.0,0.0,0.0
15159,US,US,SUPPO,BITUM,2.83,0.0,0.0,0.0,0.0,0.0
11528,US,US,PAPE4,CERAM,2.87,0.0,0.0,0.0,0.0,0.0
6217,US,US,FOOD4,LIQUE,2.87,0.0,0.0,0.0,0.0,0.0
8106,US,US,INTER,SEWAG,2.87,0.0,0.0,0.0,0.0,0.0
13443,US,US,REALE,PREC1,2.88,0.0,0.0,0.0,0.0,0.0
16300,US,US,WASTE,RETAI,2.92,0.0,0.0,0.0,0.0,0.0
11414,US,US,PAPE3,INERT,2.91,0.0,0.0,0.0,0.0,0.0
10959,US,US,OILHA,BEVER,2.91,0.0,0.0,0.0,0.0,0.0
6761,US,US,FURNI,FOODW,2.91,0.0,0.0,0.0,0.0,0.0
2010,US,US,CERAM,CERAM,2.91,0.0,0.0,0.0,0.0,0.0
3506,US,US,DIST1,PUBLI,2.91,0.0,0.0,0.0,0.0,0.0
12837,US,US,PRINT,MEDIC,2.91,0.0,0.0,0.0,0.0,0.0
12183,US,US,PLAS1,RAWMI,2.9,0.0,0.0,0.0,0.0,0.0
4247,US,US,ELEC2,CHEMI,2.9,0.0,0.0,0.0,0.0,0.0
16657,US,US,WHOLE,SEACO,2.9,0.0,0.0,0.0,0.0,0.0
10814,US,US,OFFIC,ALUM1,2.9,0.0,0.0,0.0,0.0,0.0
12258,US,US,PLAS2,ELEC1,2.9,0.0,0.0,0.0,0.0,0.0
2646,US,US,COMPU,CATTL,2.9,0.0,0.0,0.0,0.0,0.0
16255,US,US,WASTE,MEATC,2.89,0.0,0.0,0.0,0.0,0.0
4202,US,US,ELEC1,STONE,2.89,0.0,0.0,0.0,0.0,0.0
10676,US,US,NONME,RETA1,2.89,0.0,0.0,0.0,0.0,0.0
10038,US,US,MOTOR,TRANS,2.89,0.0,0.0,0.0,0.0,0.0
5846,US,US,FOOD2,AIRTR,2.88,0.0,0.0,0.0,0.0,0.0
3111,US,US,CROPS,FABRI,2.88,0.0,0.0,0.0,0.0,0.0
6823,US,US,FURNI,PUBLI,2.88,0.0,0.0,0.0,0.0,0.0
4945,US,US,ELEC7,93197,2.88,0.0,0.0,0.0,0.0,0.0
6282,US,US,FOOD4,SUGA1,3.03,0.0,0.0,0.0,0.0,0.0
11360,US,US,PAPE3,BITUM,3.03,0.0,0.0,0.0,0.0,0.0
13730,US,US,RENTI,COLLE,3.21,0.0,0.0,0.0,0.0,0.0
7825,US,US,INSUR,BEVER,3.14,0.0,0.0,0.0,0.0,0.0
6108,US,US,FOOD3,PUBLI,3.16,0.0,0.0,0.0,0.0,0.0
3482,US,US,DIST1,NONSP,3.16,0.0,0.0,0.0,0.0,0.0
9812,US,US,MOTO1,MEATP,3.16,0.0,0.0,0.0,0.0,0.0
2299,US,US,CHEM1,STEAM,3.15,0.0,0.0,0.0,0.0,0.0
16737,US,US,WOOD1,GASDI,3.15,0.0,0.0,0.0,0.0,0.0
12125,US,US,PLAS1,INERT,3.15,0.0,0.0,0.0,0.0,0.0
4834,US,US,ELEC6,COPPE,3.15,0.0,0.0,0.0,0.0,0.0
16602,US,US,WHOLE,LIQUE,3.15,0.0,0.0,0.0,0.0,0.0
7516,US,US,HYDRO,BITU1,3.15,0.0,0.0,0.0,0.0,0.0
12229,US,US,PLAS2,BIODI,3.14,0.0,0.0,0.0,0.0,0.0
10047,US,US,MOTOR,WOOD2,3.14,0.0,0.0,0.0,0.0,0.0
4684,US,US,ELEC5,CEREA,3.11,0.0,0.0,0.0,0.0,0.0
11696,US,US,PAPER,COKIN,3.14,0.0,0.0,0.0,0.0,0.0
11464,US,US,PAPE3,PREC1,3.13,0.0,0.0,0.0,0.0,0.0
6212,US,US,FOOD4,KEROS,3.13,0.0,0.0,0.0,0.0,0.0
4786,US,US,ELEC5,SECO9,3.13,0.0,0.0,0.0,0.0,0.0
9340,US,US,MEATC,SUGA1,3.12,0.0,0.0,0.0,0.0,0.0
15949,US,US,TRANS,ELEC2,3.12,0.0,0.0,0.0,0.0,0.0
7221,US,US,HEAVY,ELEC1,3.12,0.0,0.0,0.0,0.0,0.0
1954,US,US,CEMEN,PAPE1,3.12,0.0,0.0,0.0,0.0,0.0
9944,US,US,MOTOR,FOODW,3.12,0.0,0.0,0.0,0.0,0.0
548,US,US,ANTHR,POULT,3.11,0.0,0.0,0.0,0.0,0.0
13371,US,US,REALE,ELEC8,3.17,0.0,0.0,0.0,0.0,0.0
15866,US,US,TRAN1,PLAS1,3.17,0.0,0.0,0.0,0.0,0.0
10360,US,US,NATUR,SALEM,3.17,0.0,0.0,0.0,0.0,0.0
9946,US,US,MOTOR,FOUND,3.17,0.0,0.0,0.0,0.0,0.0
6156,US,US,FOOD4,CATTL,3.21,0.0,0.0,0.0,0.0,0.0
3036,US,US,COPP1,RECRE,3.21,0.0,0.0,0.0,0.0,0.0
10167,US,US,NATU1,LIGNI,3.2,0.0,0.0,0.0,0.0,0.0
12425,US,US,PLAST,NUCLE,3.2,0.0,0.0,0.0,0.0,0.0
16959,US,US,WOOD2,RADIO,3.2,0.0,0.0,0.0,0.0,0.0
6103,US,US,FOOD3,POULT,3.2,0.0,0.0,0.0,0.0,0.0
11278,US,US,PAPE1,NATUR,3.2,0.0,0.0,0.0,0.0,0.0
2591,US,US,COLLE,RAILW,3.2,0.0,0.0,0.0,0.0,0.0
8682,US,US,LIGNI,ELEC2,3.2,0.0,0.0,0.0,0.0,0.0
9411,US,US,MEATP,WEARI,3.2,0.0,0.0,0.0,0.0,0.0
14114,US,US,RUBBE,LEAD1,3.19,0.0,0.0,0.0,0.0,0.0
1502,US,US,BITUM,MEATC,3.19,0.0,0.0,0.0,0.0,0.0
12077,US,US,PLAS1,CERAM,3.19,0.0,0.0,0.0,0.0,0.0
1286,US,US,BIOGA,KERO1,3.19,0.0,0.0,0.0,0.0,0.0
9259,US,US,MEAT4,SEACO,3.18,0.0,0.0,0.0,0.0,0.0
9847,US,US,MOTO1,PULP5,3.18,0.0,0.0,0.0,0.0,0.0
2555,US,US,COLLE,MEATP,3.18,0.0,0.0,0.0,0.0,0.0
12000,US,US,PIGS9,CROPS,3.18,0.0,0.0,0.0,0.0,0.0
10823,US,US,OFFIC,BITUM,3.18,0.0,0.0,0.0,0.0,0.0
7919,US,US,INSUR,PAPER,3.18,0.0,0.0,0.0,0.0,0.0
6894,US,US,GASDI,DAIRY,3.17,0.0,0.0,0.0,0.0,0.0
2178,US,US,CHEM1,COKE1,3.11,0.0,0.0,0.0,0.0,0.0
13651,US,US,REFI1,CHEM1,3.11,0.0,0.0,0.0,0.0,0.0
9034,US,US,MACHI,ELEC7,3.04,0.0,0.0,0.0,0.0,0.0
10354,US,US,NATUR,REFIN,3.05,0.0,0.0,0.0,0.0,0.0
8640,US,US,LEATH,PREC1,3.07,0.0,0.0,0.0,0.0,0.0
6430,US,US,FOODW,DISTR,3.07,0.0,0.0,0.0,0.0,0.0
1002,US,US,BIODI,CATTL,3.07,0.0,0.0,0.0,0.0,0.0
15158,US,US,SUPPO,BITU1,3.06,0.0,0.0,0.0,0.0,0.0
9499,US,US,MEDIC,MOTOR,3.06,0.0,0.0,0.0,0.0,0.0
363,US,US,ALUM1,RETA1,3.06,0.0,0.0,0.0,0.0,0.0
8543,US,US,LEADZ,HOTEL,3.06,0.0,0.0,0.0,0.0,0.0
9632,US,US,MEMBE,INLAN,3.06,0.0,0.0,0.0,0.0,0.0
9136,US,US,MACHI,SUGAR,3.06,0.0,0.0,0.0,0.0,0.0
5323,US,US,ELECT,COKE1,3.05,0.0,0.0,0.0,0.0,0.0
14705,US,US,STEAM,AUXIL,3.05,0.0,0.0,0.0,0.0,0.0
10528,US,US,NONFE,CHEM1,3.11,0.0,0.0,0.0,0.0,0.0
15556,US,US,TEXT2,MOTOR,3.05,0.0,0.0,0.0,0.0,0.0
6799,US,US,FURNI,NONF1,3.05,0.0,0.0,0.0,0.0,0.0
10168,US,US,NATU1,LIQUE,3.05,0.0,0.0,0.0,0.0,0.0
12356,US,US,PLAS2,SANDC,3.05,0.0,0.0,0.0,0.0,0.0
8572,US,US,LEADZ,RESEA,3.04,0.0,0.0,0.0,0.0,0.0
3160,US,US,CROPS,PLAS1,3.04,0.0,0.0,0.0,0.0,0.0
5276,US,US,ELEC9,REALE,3.04,0.0,0.0,0.0,0.0,0.0
15660,US,US,TEXTI,FINAN,3.04,0.0,0.0,0.0,0.0,0.0
11626,US,US,PAPE4,PREC1,3.04,0.0,0.0,0.0,0.0,0.0
9407,US,US,MEATP,SUGA1,3.04,0.0,0.0,0.0,0.0,0.0
12534,US,US,POSTT,LUBRI,3.07,0.0,0.0,0.0,0.0,0.0
3862,US,US,ELE11,COMPU,3.07,0.0,0.0,0.0,0.0,0.0
13640,US,US,RECRE,VEGET,3.07,0.0,0.0,0.0,0.0,0.0
16475,US,US,WHITE,FINAN,3.07,0.0,0.0,0.0,0.0,0.0
7483,US,US,HOTEL,SUBBI,3.1,0.0,0.0,0.0,0.0,0.0
1882,US,US,CEMEN,COKIN,3.1,0.0,0.0,0.0,0.0,0.0
15847,US,US,TRAN1,NATUR,3.1,0.0,0.0,0.0,0.0,0.0
1311,US,US,BIOGA,OFFIC,3.1,0.0,0.0,0.0,0.0,0.0
6087,US,US,FOOD3,NATUR,3.1,0.0,0.0,0.0,0.0,0.0
7809,US,US,INLAN,REALE,3.1,0.0,0.0,0.0,0.0,0.0
10368,US,US,NATUR,SUGA1,3.1,0.0,0.0,0.0,0.0,0.0
14730,US,US,STEAM,DISTR,3.09,0.0,0.0,0.0,0.0,0.0
1262,US,US,BIOGA,ETHAN,3.09,0.0,0.0,0.0,0.0,0.0
12088,US,US,PLAS1,CROPS,3.09,0.0,0.0,0.0,0.0,0.0
9928,US,US,MOTOR,ELEC4,3.09,0.0,0.0,0.0,0.0,0.0
11485,US,US,PAPE3,SECO9,3.09,0.0,0.0,0.0,0.0,0.0
170,US,US,AIRTR,ELEC5,3.09,0.0,0.0,0.0,0.0,0.0
5593,US,US,FABRI,REFIN,3.09,0.0,0.0,0.0,0.0,0.0
16214,US,US,WASTE,ELEC3,3.08,0.0,0.0,0.0,0.0,0.0
2541,US,US,COLLE,IRONO,3.08,0.0,0.0,0.0,0.0,0.0
4947,US,US,ELEC7,ALUM1,3.08,0.0,0.0,0.0,0.0,0.0
7198,US,US,HEAVY,BRICK,3.08,0.0,0.0,0.0,0.0,0.0
14706,US,US,STEAM,BASIC,3.08,0.0,0.0,0.0,0.0,0.0
1871,US,US,CEMEN,BIOGA,3.08,0.0,0.0,0.0,0.0,0.0
11069,US,US,OILHA,RAILW,3.08,0.0,0.0,0.0,0.0,0.0
4954,US,US,ELEC7,BITU1,0.01,0.0,0.0,0.0,0.0,0.0
