trade_id,factor_id,level
24,909,1
27,909,1
69,909,2
73,909,1
109,909,28
111,909,2
116,909,3
124,909,7
131,909,1
147,909,2
152,909,1
153,909,1
198,909,4
201,909,1
215,909,1
219,909,1
221,909,3
222,909,10
223,909,30
227,909,1
228,909,1
230,909,3
234,909,7
238,909,1
241,909,16
245,909,1
248,909,3
251,909,1
259,909,1
262,909,11
282,909,1
283,909,1
285,909,2
289,909,1
293,909,3
295,909,2
303,909,7
306,909,1
309,909,1
310,909,10
311,909,2
315,909,1
316,909,2
317,909,3
320,909,1
321,909,1
322,909,1
324,909,1
325,909,1
326,909,8
328,909,1
330,909,1
331,909,2
339,909,1
394,909,3
420,909,1
432,909,8
434,909,3
435,909,1
436,909,1
465,909,1
470,909,6
472,909,1
475,909,1
485,909,7
497,909,3
500,909,1
565,909,1
573,909,1
582,909,1
601,909,9
608,909,2
637,909,1
740,909,3
773,909,1
774,909,1
779,909,1
787,909,1
790,909,1
800,909,1
811,909,1
813,909,11
823,909,1
825,909,1
826,909,3
829,909,1
836,909,1
837,909,1
839,909,2
840,909,2
847,909,1
851,909,1
861,909,11
865,909,2
871,909,3
894,909,1
895,909,3
898,909,2
899,909,1
901,909,6
902,909,2
903,909,2
904,909,1
924,909,1
925,909,2
944,909,1
945,909,16
949,909,1
952,909,1
953,909,5
954,909,1
960,909,1
970,909,1
978,909,4
979,909,1
984,909,2
986,909,9
997,909,1
1040,909,1
1041,909,2
1055,909,2
1057,909,3
1058,909,1
1060,909,1
1063,909,1
1071,909,1
1078,909,5
1166,909,1
1168,909,2
1178,909,2
1187,909,7
1188,909,5
1190,909,11
1191,909,1
1194,909,1
1196,909,1
1234,909,1
1306,909,1
1312,909,1
1324,909,1
1382,909,1
1386,909,2
1390,909,1
1410,909,3
1427,909,2
1428,909,1
1431,909,1
1454,909,1
1479,909,1
1546,909,1
1577,909,1
1583,909,1
1595,909,1
1616,909,1
1617,909,1
1641,909,1
1681,909,1
1744,909,1
1801,909,2
1802,909,29
1810,909,2
1811,909,10
1815,909,5
1822,909,1
1907,909,44
1908,909,1
1909,909,6035
1910,909,76
1911,909,354
1912,909,3
1913,909,4
1914,909,6
1915,909,4
1916,909,1
1917,909,606
1918,909,13
1919,909,19
1920,909,1
1921,909,1
1922,909,3
1923,909,3
1924,909,6
1925,909,1
1926,909,27
1927,909,7
1928,909,3
1941,909,1
1942,909,48
1943,909,2
1945,909,3308
1946,909,8
1948,909,1
1951,909,1173
1952,909,2
1953,909,1
1954,909,50
1955,909,2
1956,909,1549
1957,909,123
1960,909,16
1961,909,5
1962,909,1
1963,909,1
1964,909,26
1965,909,4
1966,909,94
1967,909,1
1969,909,26
1970,909,1983
1971,909,5
1972,909,6
1974,909,2
1975,909,8
1976,909,279
1979,909,5
1981,909,290
1984,909,87
1985,909,14
1986,909,3
1992,909,5
1994,909,17
1998,909,2
1999,909,1
2000,909,5
2001,909,1
2002,909,22
2005,909,53
2006,909,15
2008,909,39
2010,909,6
2011,909,1
2012,909,1
2013,909,2
2016,909,55
2019,909,1271
2021,909,3
2023,909,65
2024,909,12
2025,909,9
2027,909,5
2030,909,19
2079,909,1
2083,909,2
2093,909,2
2094,909,1
2096,909,7
2098,909,1
2100,909,14
2104,909,1
2106,909,1
2107,909,34
2111,909,2
2114,909,5
2117,909,2
2122,909,1
2126,909,1
2128,909,1
2130,909,1
2131,909,23
2137,909,1
2148,909,1
2152,909,2
2153,909,2
2155,909,4
2157,909,1
2160,909,2
2164,909,6
2166,909,3
2174,909,1
2176,909,15
2179,909,2
2182,909,1
2183,909,21
2184,909,4
2188,909,3
2189,909,4
2190,909,7
2192,909,1
2193,909,12
2195,909,1
2200,909,263
2204,909,111
2211,909,64
2213,909,1308
2214,909,2
2217,909,2
2218,909,273
2219,909,1
2223,909,1
2224,909,55
2227,909,1
2232,909,1
2236,909,1
2239,909,2
2240,909,14
2248,909,97
2251,909,5
2252,909,1
2253,909,1
2257,909,3
2265,909,1
2320,909,2
2357,909,57
2359,909,24
2360,909,6
2361,909,10
2362,909,3
2369,909,4
2370,909,8494
2372,909,33
2373,909,19
2374,909,3
2375,909,5
2404,909,10
2406,909,2
2414,909,6
2415,909,1
2419,909,1
2424,909,4
2427,909,14
2430,909,2
2434,909,1
2436,909,3
2445,909,1
2447,909,1
2464,909,3
2466,909,21
2468,909,4
2469,909,1
2470,909,3
2471,909,1
2475,909,1
2476,909,22
2480,909,1
2483,909,10
2486,909,2
2487,909,1
2557,909,5
2567,909,3
2569,909,1
2580,909,3
2594,909,44
2600,909,3
2605,909,7
2606,909,1
2611,909,1
2613,909,7
2615,909,1
2623,909,4
2625,909,1
2626,909,1
2637,909,1
2638,909,1
2641,909,1
2653,909,1
2659,909,1
2690,909,3
2695,909,1
2717,909,2
2775,909,1
2779,909,1
2784,909,5
2791,909,1
2793,909,3
2794,909,1
2796,909,1
2797,909,8
2807,909,3
2809,909,1
2810,909,3
2812,909,1
2815,909,3
2821,909,3
2892,909,3651
2893,909,189
2894,909,122
2895,909,19
2896,909,77
2897,909,1224
2898,909,28
2899,909,1
2921,909,3
2951,909,1
2952,909,1
2956,909,1
2962,909,1
2964,909,29
2967,909,1
2968,909,2
2970,909,1
2972,909,4
2981,909,2
2991,909,1
3012,909,7
3016,909,1
3033,909,1
3044,909,1
3045,909,4
3061,909,3
3077,909,1
3083,909,1
3092,909,1
3093,909,15
3094,909,1
3096,909,1
3097,909,4
3098,909,1
3104,909,1
3114,909,1
3120,909,1
3148,909,1
3165,909,1
3167,909,2
3170,909,1
3174,909,1
3186,909,1
3188,909,1
3194,909,2
3195,909,3
3196,909,5
3197,909,2
3200,909,1
3202,909,5
3203,909,2
3205,909,1
3213,909,1
3217,909,2
3219,909,1
3222,909,5
3227,909,15
3231,909,59
3233,909,2
3237,909,25
3240,909,1
3241,909,2
3249,909,1
3254,909,2
3280,909,1
3288,909,1
3300,909,1
3335,909,1
3349,909,2
3351,909,16
3352,909,1
3353,909,275
3354,909,1073
3357,909,1
3358,909,1516
3359,909,44
3360,909,1
3361,909,16
3364,909,2
3365,909,1
3368,909,34
3372,909,3
3373,909,25
3374,909,22
3375,909,2
3376,909,3
3377,909,3
3378,909,542
3379,909,2
3381,909,1
3382,909,13
3383,909,1
3384,909,2
3385,909,1
3428,909,1
3429,909,1
3431,909,2
3447,909,1
3455,909,1
3515,909,4
3532,909,1
3540,909,1
3542,909,2
3544,909,1
3548,909,2
3559,909,1
3603,909,2
3607,909,3
3611,909,2
3629,909,6
3632,909,1
3644,909,4
3645,909,1
3648,909,2
3649,909,1
3671,909,3
3672,909,14
3673,909,47
3674,909,208
3675,909,752
3676,909,15
3677,909,8
3678,909,33
3679,909,5
3680,909,3
3681,909,4
3682,909,3
3683,909,5
3706,909,1
3720,909,59
3721,909,3
3722,909,17
3792,909,2
3807,909,1
3814,909,1
3822,909,1
3834,909,5
3837,909,2
3849,909,1
3853,909,2
3857,909,1
3863,909,2
3867,909,1
3870,909,2
3871,909,2
3874,909,7
3880,909,2
3884,909,102
3898,909,52
3899,909,1
3942,909,1
3974,909,1
3996,909,1
4000,909,1
4002,909,1
4027,909,2
4037,909,2
4038,909,1
4061,909,1
4062,909,1
4079,909,5
4082,909,5
4091,909,1
4104,909,1
4120,909,1
4132,909,2
4137,909,1
4138,909,18
4144,909,1
4145,909,6
4147,909,3
4154,909,1
4212,909,21
4214,909,1
4219,909,2
4243,909,1
4245,909,10
4252,909,6
4253,909,3
4256,909,1
4266,909,1
4273,909,1
4291,909,1
4304,909,17
4307,909,3
4315,909,1
4316,909,1
4321,909,1
4323,909,3
4329,909,2
4332,909,1
4333,909,1
4335,909,3
4339,909,7
4343,909,1
4346,909,16
4350,909,1
4353,909,2
4356,909,1
4372,909,11
4394,909,1
4395,909,1
4398,909,2
4403,909,1
4407,909,3
4409,909,1
4419,909,7
4422,909,1
4425,909,1
4426,909,10
4427,909,2
4431,909,1
4432,909,2
4433,909,3
4438,909,8
4440,909,3
4442,909,22
4443,909,7
4444,909,194
4446,909,2
4447,909,214
4449,909,2
4450,909,107
4452,909,1
4453,909,2
4454,909,1
4459,909,63
4460,909,8
4461,909,182
4462,909,102
4463,909,1
4464,909,1476
4465,909,1
4466,909,52
4469,909,1
4470,909,5
4473,909,123
4474,909,5
4475,909,3
4476,909,1
4477,909,1
4478,909,91
4480,909,1
4481,909,30
4482,909,1
4483,909,140
4485,909,9
4486,909,1
4487,909,3
4489,909,393
4490,909,4
4493,909,6
4495,909,1
4496,909,6
4499,909,17
4503,909,80
4504,909,4
4506,909,3
4507,909,1
4508,909,2
4509,909,2
4511,909,10
4523,909,2
4594,909,1
4595,909,23
4597,909,1
4598,909,2
4600,909,3
4607,909,1
4615,909,1
4623,909,1
4626,909,2
4636,909,4
4637,909,1
4638,909,1
4650,909,3
4652,909,1
4653,909,1
4654,909,18
4656,909,8
4657,909,2
4658,909,3
4659,909,1
4711,909,1
4715,909,7
4717,909,1
4719,909,1
4728,909,7
4739,909,3
4742,909,1
4835,909,2
4838,909,1
4842,909,1
4844,909,3
4854,909,1
4867,909,1
4878,909,2
4880,909,15
4882,909,1
4885,909,2
4890,909,2
4951,909,2
5016,909,2
5021,909,1
5024,909,3
5033,909,1
5036,909,1
5040,909,1
5046,909,1
5047,909,1
5156,909,3
5157,909,1
5198,909,4
5233,909,1
5234,909,1
5240,909,2
5248,909,1
5251,909,2
5265,909,2
5267,909,16
5277,909,2
5279,909,1
5280,909,4
5283,909,1
5290,909,1
5291,909,2
5293,909,3
5294,909,3
5297,909,1
5301,909,1
5305,909,2
5309,909,1
5315,909,16
5318,909,1
5319,909,3
5325,909,4
5327,909,1
5331,909,1
5341,909,1
5348,909,1
5349,909,4
5352,909,3
5353,909,1
5355,909,9
5356,909,3
5357,909,3
5358,909,1
5392,909,1
5406,909,4
5411,909,1
5435,909,2
5467,909,2
5471,909,1
5473,909,1
5491,909,1
5508,909,1
5510,909,2
5513,909,1
5517,909,1
5540,909,2
5541,909,1
5544,909,37
5549,909,1
5550,909,4
5565,909,2
5573,909,3
5603,909,1
5612,909,1
5623,909,1
5624,909,1
5645,909,1
5652,909,1
5655,909,1
5661,909,2
5671,909,1
5674,909,1
5675,909,5
5676,909,7
5685,909,3
5717,909,1
5718,909,1
5720,909,1
5766,909,1
5788,909,1
5843,909,1
5846,909,2
5848,909,1
5856,909,1
5914,909,1
5919,909,2
5923,909,2
5946,909,4
5950,909,1
5967,909,3
5968,909,1
5972,909,1
5973,909,1
5987,909,1
5996,909,2
5997,909,7
5998,909,25
6001,909,1
6008,909,2
6010,909,1
6022,909,3
6027,909,1
6040,909,1
6042,909,2
6057,909,1
6058,909,26
6069,909,1
6075,909,4
6085,909,2
6091,909,1
6153,909,1
6167,909,3
6170,909,2
6187,909,1
6194,909,2
6203,909,1
6218,909,8
6220,909,1
6222,909,3
6227,909,1
6240,909,3
6245,909,1
6253,909,2
6259,909,1
6268,909,2
6273,909,1
6277,909,2
6278,909,2
6301,909,5
6319,909,1
6331,909,4
6352,909,1
6360,909,1
6369,909,1
6379,909,2
6389,909,1
6394,909,1
6400,909,1
6490,909,1
6548,909,1
6553,909,2
6570,909,2
6597,909,1
6601,909,1
6665,909,1
6693,909,2
6694,909,1
6705,909,2
6712,909,1
6728,909,4
6736,909,2
6737,909,1
6745,909,2
6755,909,1
6769,909,1
6772,909,1
6775,909,2
6779,909,1
6781,909,1
6785,909,1
6790,909,1
6837,909,1
6846,909,2
6862,909,1
6865,909,1
6869,909,1
6911,909,1
6913,909,1
6918,909,2
6919,909,3
6920,909,5
6921,909,2
6924,909,1
6926,909,5
6927,909,2
6991,909,1
6999,909,1
7005,909,1
7013,909,3
7018,909,1
7089,909,1
7090,909,4
7091,909,16
7092,909,57
7093,909,1
7094,909,1
7095,909,2
7116,909,1
7170,909,2
7191,909,1
7198,909,1
7207,909,1
7307,909,2
7308,909,25
7311,909,2
7312,909,8
7313,909,4
7316,909,1
7342,909,1
7369,909,1
7378,909,1
7384,909,4
7385,909,517
7386,909,7
7387,909,30
7390,909,1
7392,909,52
7393,909,1
7394,909,2
7398,909,1
7400,909,2
7401,909,1
7402,909,22
7410,909,4
7418,909,1
7427,909,7
7432,909,4
7433,909,2
7453,909,1
7469,909,1
7481,909,11
7484,909,2
7491,909,1
7499,909,2
7501,909,17
7502,909,53
7503,909,159
7517,909,1
7560,909,5
7564,909,1
7574,909,1
7579,909,1
7583,909,3
7584,909,1
7586,909,1
7597,909,5
7602,909,1
7607,909,1
7616,909,2
7620,909,7
7624,909,5
7626,909,5
7629,909,4
7632,909,1
7633,909,612
7636,909,26
7637,909,15
7638,909,82
7640,909,102
7641,909,4
7642,909,351
7643,909,89
7646,909,1
7648,909,11
7651,909,5
7652,909,23
7655,909,10
7656,909,3
7668,909,6
7669,909,1
7676,909,3
7677,909,1
7680,909,1
7682,909,3
7683,909,8
7684,909,1
7687,909,2
7699,909,4
7701,909,26
7703,909,5
7704,909,1
7705,909,3
7706,909,1
7711,909,2
7712,909,27
7716,909,1
7720,909,13
7723,909,3
7724,909,1
7782,909,1
7785,909,1
7799,909,1
7804,909,5
7812,909,3
7813,909,1
7822,909,2
7833,909,5
7842,909,1
7850,909,1
7851,909,1
7857,909,2
7868,909,1
7871,909,1
7912,909,6
7913,909,1
7963,909,2
7968,909,1
7971,909,3
7980,909,1
7983,909,1
7987,909,1
7993,909,1
8057,909,3
8117,909,22
8119,909,4
8123,909,3
8124,909,5
8126,909,1
8135,909,3
8137,909,1
8148,909,1
8149,909,10
8150,909,1
8154,909,1
8155,909,1
8157,909,1
8160,909,2
8162,909,1
8163,909,3
8164,909,15
8166,909,55
8168,909,1
8172,909,1
8173,909,3
8176,909,1
8178,909,4
8195,909,1
8197,909,3
8198,909,41
8199,909,2
8201,909,3
8202,909,12
8203,909,2
8207,909,1
8208,909,1
8209,909,1
8210,909,1
8212,909,1
8213,909,3
8214,909,4
8215,909,18
8217,909,110
8218,909,4
8222,909,2
8224,909,1
8225,909,9
8232,909,2
8233,909,1
8239,909,2
8251,909,1
8256,909,2
8259,909,1
8262,909,2
8263,909,1
8265,909,1
8268,909,2
8269,909,2
8270,909,10
8275,909,1
8276,909,1
8277,909,2
8280,909,1
8287,909,7
8289,909,1
8290,909,15
8291,909,3
8293,909,5
8297,909,6
8298,909,2
8305,909,1
8307,909,3
8308,909,1
8320,909,1
8321,909,1
8328,909,1
8354,909,1
8356,909,6
8361,909,40
8364,909,1
8365,909,4
8373,909,2
8378,909,3
8427,909,2
8428,909,2
8429,909,7
8430,909,1
8431,909,66
8432,909,3
8433,909,1123
8434,909,4383
8435,909,1
8436,909,1
8437,909,3
8438,909,6195
8439,909,179
8440,909,3
8441,909,65
8442,909,1
8443,909,1
8444,909,7
8445,909,5
8446,909,1
8447,909,1
8448,909,138
8449,909,2
8450,909,1
8451,909,1
8452,909,13
8453,909,103
8454,909,92
8455,909,8
8456,909,11
8457,909,13
8458,909,2215
8459,909,10
8460,909,1
8461,909,3
8462,909,54
8463,909,5
8464,909,8
8465,909,2
8494,909,1
8499,909,1
8501,909,4
8502,909,3
8504,909,6
8507,909,1
8512,909,1
8514,909,1
8515,909,1
8516,909,1
8520,909,2
8522,909,1
8527,909,1
8529,909,3
8532,909,1
8537,909,1
8573,909,3
8648,909,2
8652,909,2
8655,909,2
8672,909,4
8675,909,1
8684,909,3
8685,909,1
8688,909,2
8689,909,1
8719,909,1
8747,909,7
8761,909,1
8770,909,1
8845,909,1
8861,909,4
8863,909,2
8865,909,1
8869,909,9
8873,909,1
8874,909,2
8876,909,1
8877,909,1
8883,909,7
8884,909,1
8885,909,1
8887,909,3
8890,909,8
8891,909,7
8894,909,6
8900,909,1
8903,909,90
8916,909,46
8917,909,1
8983,909,1
8985,909,1
8991,909,2
8996,909,1
8998,909,1
9002,909,1
9014,909,1
9016,909,1
9017,909,1
9020,909,1
9026,909,1
9027,909,4
9031,909,1
9033,909,1
9094,909,4
9095,909,52
9101,909,4
9102,909,17
9105,909,9
9106,909,1
9112,909,2
9115,909,1
9116,909,1
9194,909,1
9200,909,3
9203,909,364
9204,909,5
9205,909,21
9211,909,37
9212,909,1
9213,909,1
9220,909,2
9226,909,4
9228,909,2
9230,909,2
9238,909,3
9260,909,2
9274,909,2
9279,909,1
9280,909,1
9323,909,3
9326,909,1
9339,909,1
9342,909,1
9343,909,6
9344,909,17
9345,909,52
9346,909,1
9347,909,1
9349,909,3
9352,909,5
9357,909,13
9361,909,1
9364,909,2
9367,909,1
9378,909,9
9394,909,1
9395,909,1
9396,909,1
9399,909,1
9402,909,2
9404,909,1
9411,909,6
9414,909,1
9417,909,8
9418,909,2
9422,909,1
9423,909,1
9424,909,3
9426,909,12
9428,909,5
9432,909,3
9434,909,62
9438,909,13
9443,909,3
9455,909,1
9459,909,5
9478,909,3
9544,909,1
9573,909,27
9575,909,12
9576,909,3
9577,909,5
9578,909,1
9595,909,1
9599,909,1
9601,909,1
9602,909,1
9604,909,119
9606,909,5
9607,909,3
9608,909,16
9609,909,20
9610,909,1
9611,909,69
9612,909,17
9616,909,2
9618,909,1
9619,909,5
9622,909,2
9623,909,1
9639,909,1
9658,909,2
9666,909,1
9672,909,1
9673,909,3
9677,909,1
9688,909,1
9692,909,6
9694,909,1
9696,909,1
9704,909,7
9715,909,3
9718,909,1
9782,909,1
9785,909,1
9799,909,1
9813,909,1
9821,909,1
9830,909,1
9842,909,2
9850,909,6
9852,909,1
9853,909,1
9864,909,1
9865,909,2
9866,909,1
9868,909,2
9880,909,1
9883,909,1
9884,909,1
9886,909,2
9887,909,1
9898,909,1
9911,909,4
9913,909,1
9916,909,1
9931,909,1
9934,909,1
9939,909,6
9944,909,1
9946,909,3
9947,909,1
9949,909,1
9950,909,10
9960,909,4
9962,909,1
9963,909,3
9965,909,1
9967,909,4
9973,909,4
10074,909,1
10117,909,3
10139,909,2
10143,909,1
10169,909,1
10186,909,6
10187,909,70
10192,909,3
10193,909,1
10195,909,5
10196,909,20
10198,909,4
10201,909,1
10203,909,2
10204,909,1
10205,909,2
10206,909,1
10217,909,1
10218,909,9
10223,909,1
10235,909,2
10238,909,1
10245,909,2
10265,909,4
10270,909,1
10271,909,1
10276,909,3
10280,909,2
10282,909,2
10288,909,1
10290,909,4
10291,909,4
10292,909,17
10295,909,1
10297,909,1
10298,909,1
10299,909,2
10301,909,1
10302,909,4
10304,909,1
10305,909,1
10314,909,1
10318,909,12
10322,909,2
10324,909,26
10326,909,4
10331,909,1
10332,909,8
10334,909,1
10339,909,11
10340,909,4
10347,909,2
10349,909,6
10350,909,1
10361,909,1
10372,909,1
10373,909,1
10375,909,1
10390,909,1
10391,909,3
10392,909,6
10393,909,8
10394,909,3
10398,909,2
10400,909,8
10401,909,4
10440,909,1
10470,909,1
10514,909,5
10515,909,2
10517,909,10
10526,909,1
10527,909,2
10532,909,11
10539,909,1
10543,909,38
10546,909,26
10547,909,1
10548,909,60
10550,909,3
10551,909,1
10554,909,7
10555,909,1
10556,909,3
10560,909,1
10561,909,1
10568,909,1
10574,909,1
10576,909,1
10585,909,1
10632,909,1
10651,909,2
10669,909,1
10679,909,1
10685,909,1
10688,909,1
10699,909,4
10715,909,1
10719,909,1
10727,909,2
10732,909,1
10737,909,2
10750,909,1
10768,909,1
10771,909,1
10788,909,1
10800,909,1
10825,909,1
10866,909,1
10880,909,1
10889,909,2
10897,909,4
10900,909,1
10907,909,4
10912,909,1
10914,909,1
10917,909,1
10927,909,3
10929,909,1
10931,909,1
10936,909,2
10939,909,6
10946,909,3
10947,909,1
10951,909,1
10954,909,25
10964,909,1
10970,909,1
10982,909,4
10985,909,2
10988,909,1
10998,909,2
11002,909,1
11008,909,1
11020,909,1
11027,909,1
11028,909,1
11035,909,5
11041,909,1
11045,909,70
11059,909,36
11068,909,1
11092,909,2
11095,909,1
11100,909,2
11102,909,2
11103,909,1
11105,909,1
11107,909,1
11108,909,1
11114,909,14
11130,909,2
11135,909,2
11143,909,3
11145,909,1
11150,909,1
11151,909,1
11152,909,4
11154,909,1
11157,909,1
11162,909,5
11169,909,1
11172,909,2
11176,909,1
11177,909,4
11178,909,1
11180,909,1
11220,909,1
11248,909,1
11298,909,2
11302,909,1
11322,909,4
11337,909,12
11347,909,2
11372,909,1
11375,909,1
11376,909,2
11377,909,1
11378,909,1
11380,909,4
11382,909,1
11384,909,8
11388,909,1
11391,909,20
11395,909,1
11398,909,3
11401,909,1
11406,909,1
11413,909,1
11415,909,1
11416,909,14
11422,909,1
11438,909,1
11439,909,1
11442,909,2
11444,909,1
11447,909,1
11451,909,3
11453,909,2
11463,909,9
11466,909,1
11469,909,1
11470,909,12
11471,909,2
11475,909,2
11476,909,2
11477,909,4
11488,909,1
11558,909,2
11600,909,4
11602,909,2
11604,909,1
11638,909,1
11644,909,6
11646,909,1
11650,909,1
11663,909,6
11678,909,3
11681,909,1
11691,909,1
11699,909,1
11708,909,1
11723,909,1
11731,909,2
11749,909,1
11792,909,1
11816,909,6
11824,909,1
11866,909,1
11873,909,3
11878,909,1
11879,909,1
11881,909,5
11890,909,2
11892,909,1
11893,909,2
11897,909,2
11903,909,2
12007,909,1
12060,909,6
12069,909,2
12090,909,2
12092,909,13
12104,909,1
12111,909,1
12118,909,1
12165,909,1
12190,909,1
12194,909,1
12198,909,24
12202,909,1
12203,909,2
12214,909,1
12221,909,2
12272,909,1
12274,909,1
12278,909,4
12279,909,1
12280,909,35
12281,909,2
12286,909,593
12287,909,2316
12288,909,1
12290,909,1
12291,909,2
12292,909,3273
12293,909,95
12294,909,2
12295,909,34
12299,909,1
12300,909,4
12301,909,3
12306,909,1
12307,909,73
12308,909,1
12311,909,7
12312,909,54
12314,909,49
12315,909,4
12317,909,6
12318,909,7
12319,909,1170
12320,909,5
12323,909,2
12326,909,29
12328,909,3
12329,909,4
12333,909,1
12391,909,2
12393,909,1
12395,909,2
12473,909,1
12475,909,1
12476,909,1
12489,909,8
12510,909,2
12519,909,2
12522,909,1
12531,909,5
12538,909,1
12544,909,3
12555,909,1
12561,909,2
12588,909,1
12593,909,1
12597,909,1
12619,909,3
12637,909,2
12638,909,1
12642,909,1
12665,909,4
12687,909,1
12709,909,1
12711,909,4
12773,909,1
12816,909,3
12819,909,1
12825,909,1
12833,909,2
12871,909,1
12916,909,5
12918,909,6
12919,909,4
12922,909,2
12927,909,2
12928,909,2
12929,909,1
12931,909,1
12936,909,43
12937,909,1
12954,909,5
12957,909,1
12959,909,1
12961,909,6
12965,909,1
12972,909,8
12976,909,3
12984,909,1
12985,909,2
12986,909,2
12987,909,13
12989,909,2
12994,909,4
12995,909,1
12996,909,1
13000,909,16
13002,909,1
13005,909,1
13007,909,1
13009,909,3
13011,909,1
13012,909,7
13013,909,1
13016,909,2
13017,909,11
13018,909,3
13020,909,3
13021,909,1
13022,909,1
13051,909,1
13062,909,1
13066,909,8
13073,909,3
13074,909,2
13076,909,1
13078,909,2
13079,909,1
13080,909,2
13086,909,2
13089,909,2
13090,909,23
13093,909,21
13096,909,1
13097,909,1
13100,909,3
13106,909,2
13111,909,1
13112,909,4
13113,909,1
13116,909,1
13124,909,1
13126,909,5
13134,909,1
13137,909,8
13140,909,1
13142,909,129
13143,909,1585
13144,909,1
13148,909,1
13150,909,8
13151,909,1
13153,909,8
13154,909,116
13155,909,528
13158,909,1
13160,909,270
13161,909,19
13163,909,14
13167,909,1
13168,909,2
13173,909,50
13175,909,1
13177,909,2
13178,909,20
13179,909,17
13180,909,2
13181,909,1
13182,909,1
13183,909,11
13184,909,3
13187,909,2
13188,909,4
13189,909,1
13190,909,1
13191,909,1
13223,909,1
13228,909,26
13234,909,3616
13238,909,46
13239,909,212
13240,909,2
13241,909,2
13242,909,4
13244,909,2
13250,909,363
13253,909,8
13254,909,11
13255,909,1
13259,909,2
13261,909,2
13262,909,4
13264,909,1
13266,909,16
13268,909,4
13270,909,5
13275,909,1
13280,909,8
13282,909,3
13284,909,4
13292,909,5
13296,909,1
13298,909,1
13311,909,3
13319,909,3
13320,909,7
13321,909,5
13322,909,62
13324,909,6
13325,909,2
13326,909,2
13331,909,13
13333,909,184
13335,909,1
13337,909,2
13340,909,109
13341,909,51
13342,909,2
13343,909,1
13344,909,11
13346,909,8
13347,909,3
13348,909,1
13350,909,1
13351,909,6
13352,909,2
13354,909,10
13356,909,1
13357,909,1
13360,909,3
13361,909,18
13365,909,1
13366,909,1
13370,909,5
13371,909,6
13375,909,1
13378,909,2
13379,909,14
13380,909,3
13382,909,3
13384,909,1
13385,909,1
13386,909,1
13387,909,3
13388,909,8
13390,909,2
13392,909,301
13393,909,3
13394,909,1
13395,909,52
13396,909,3
13397,909,1
13398,909,7
13400,909,2
13403,909,23
13404,909,13
13406,909,1
13409,909,10
13410,909,2
13411,909,61
13413,909,1
13414,909,4
13415,909,8
13417,909,66
13423,909,3
13425,909,1
13427,909,196
13428,909,609
13429,909,1834
13431,909,4
13432,909,1
13433,909,2
13434,909,1
13435,909,1
13437,909,3
13444,909,389
13445,909,307
13446,909,1
13447,909,87
13448,909,1643
13449,909,28
13451,909,238
13452,909,5
13453,909,3260
13454,909,6
13456,909,20
13459,909,5
13460,909,300
13461,909,14
13462,909,189
13463,909,7936
13464,909,13
13465,909,1
13466,909,27
13467,909,73
13468,909,387
13469,909,58
13470,909,26
13471,909,1230
13472,909,16
13473,909,1
13474,909,57
13475,909,347
13476,909,1
13477,909,9
13478,909,1
13479,909,13
13480,909,2
13482,909,2
13483,909,207
13484,909,89
13485,909,68
13486,909,3
13487,909,165
13488,909,2
13489,909,31
13490,909,246
13491,909,9
13492,909,229
13493,909,5334
13494,909,15
13495,909,22
13496,909,11
13498,909,4
13499,909,40
13500,909,213
13501,909,5
13502,909,61
13503,909,8
13504,909,37
13505,909,2
13506,909,18
13507,909,13
13508,909,4
13509,909,6
13510,909,2
13511,909,17
13512,909,191
13513,909,5
13514,909,42
13515,909,71
13516,909,347
13517,909,416
13518,909,4
13519,909,2
13520,909,889
13521,909,3
13522,909,230
13523,909,3
13524,909,20
13525,909,500
13527,909,3
13528,909,96
13530,909,57
13531,909,1328
13532,909,46
13534,909,742
13535,909,50
13536,909,42
13537,909,9
13538,909,5
13540,909,102
13541,909,9
13543,909,2
13544,909,143
13545,909,3
13546,909,3522
13547,909,7
13548,909,12
13549,909,371
13550,909,5
13551,909,16
13552,909,284
13553,909,4815
13554,909,910
13555,909,26
13556,909,1
13557,909,31
13558,909,11
13559,909,635
13560,909,892
13561,909,1547
13562,909,5
13563,909,162
13576,909,262
13582,909,20
13588,909,9
13589,909,2
13591,909,1
13594,909,3
13599,909,2
13602,909,100
13603,909,1
13606,909,2
13608,909,1
13609,909,1
13611,909,9
13612,909,3
13613,909,12
13614,909,3
13616,909,2
13619,909,1
13623,909,2
13624,909,1
13626,909,4
13627,909,2
13628,909,1
13638,909,1
13639,909,1
13641,909,1
13642,909,4
13646,909,2
13648,909,1
13651,909,3
13654,909,12
13656,909,1
13657,909,1
13661,909,1
13662,909,12
13663,909,5
13668,909,10
13670,909,16
13678,909,1
13680,909,1
13687,909,2
13688,909,98
13690,909,3
13691,909,9
13693,909,1
13694,909,14
13703,909,3
13704,909,1
13705,909,1
13709,909,1
13710,909,2
13711,909,2
13713,909,3
13722,909,1
13727,909,5
13729,909,2
13730,909,8
13733,909,1
13735,909,1
13737,909,1
13739,909,1
13741,909,2
13742,909,18
13744,909,3
13745,909,4
13748,909,1
13752,909,2
13753,909,2
13756,909,1
13759,909,12
13760,909,1
13761,909,3
13762,909,3
13764,909,6919
13765,909,1
13766,909,1
13767,909,2
13768,909,17
13769,909,1
13770,909,1
13771,909,2933
13772,909,777
13773,909,1262
13774,909,1
13775,909,305
13776,909,4
13777,909,1
13778,909,27
13780,909,2
13781,909,2
13783,909,45
13785,909,3
13786,909,32
13787,909,44
13788,909,5
13789,909,2
13790,909,3
13791,909,25
13792,909,3
13793,909,6
13794,909,11
13795,909,2
13796,909,4
13798,909,6
13799,909,2
13800,909,2
13805,909,1
13810,909,28
13815,909,4
13822,909,7
13825,909,3
13828,909,1
13832,909,1
13836,909,1
13837,909,1
13838,909,1
13840,909,99
13841,909,4
13842,909,2
13843,909,13
13844,909,17
13845,909,1
13846,909,57
13847,909,14
13850,909,2
13852,909,1
13853,909,4
13855,909,2
13863,909,2
13864,909,3
13865,909,5
13866,909,8
13867,909,1
13870,909,23
13871,909,1
13873,909,23
13874,909,1
13875,909,8
13877,909,6
13878,909,2
13880,909,42
13881,909,40
13882,909,3115
13883,909,8
13884,909,1
13885,909,2
13887,909,565
13888,909,23
13889,909,8
13890,909,24
13891,909,46
13892,909,96
13893,909,42
13894,909,1
13895,909,38
13896,909,1879
13897,909,288
13898,909,39
13901,909,6
13902,909,16
13903,909,361
13905,909,1
13906,909,7
13907,909,7
13909,909,46
13911,909,11
13913,909,1451
13915,909,5
13917,909,11
13919,909,4650
13924,909,3
13925,909,1
13926,909,4
13927,909,533
13928,909,4
13929,909,6
13930,909,2
13931,909,36
13932,909,1
13934,909,208
13935,909,6
13936,909,2
13937,909,1
13940,909,860
13941,909,31
13942,909,4
13943,909,1
13944,909,52
13945,909,5
13946,909,42
13947,909,16
13948,909,1
13949,909,2
13951,909,30
13952,909,5
13953,909,179
13954,909,111
13955,909,258
13957,909,12
13958,909,1
13959,909,4
13960,909,8
13961,909,3
13964,909,15
13965,909,1
13966,909,46
13967,909,1
13969,909,436
13970,909,1
13972,909,5
13974,909,1
13976,909,3
13978,909,10
13979,909,3132
13980,909,21
13982,909,583
13984,909,1
13985,909,1
13992,909,126
13993,909,394
13994,909,3
13995,909,1
13996,909,1
13999,909,104
14000,909,60
14002,909,10
14003,909,6
14007,909,28
14010,909,182
14011,909,1
14012,909,2
14013,909,1
14018,909,1
14019,909,3302
14022,909,12
14023,909,59
14025,909,2
14026,909,25
14027,909,112
14029,909,1
14030,909,4
14031,909,1
14034,909,5
14035,909,13
14036,909,6
14040,909,9
14042,909,3
14044,909,1
14045,909,1545
14046,909,14
14047,909,19
14048,909,346
14049,909,1
14051,909,1
14052,909,2
14053,909,1
14055,909,127
14056,909,22
14058,909,1
14062,909,3
14111,909,1
14112,909,1
14122,909,1
14127,909,88
14129,909,1
14132,909,1
14134,909,1
14140,909,1
14141,909,1
14142,909,1
14143,909,45
14146,909,15
14148,909,1
14149,909,2
14150,909,1
14155,909,5
14159,909,42
14161,909,1
14162,909,3
14167,909,5
14168,909,1
14175,909,17
14180,909,1
14184,909,3
14192,909,3
14193,909,4
14194,909,244
14196,909,7
14201,909,14
14204,909,15
14205,909,11
14206,909,2
14208,909,13
14213,909,11
14214,909,642
14216,909,1
14217,909,31
14219,909,108
14220,909,142
14221,909,2
14222,909,5
14223,909,5
14224,909,19
14225,909,9
14227,909,8
14228,909,3
14229,909,7
14230,909,30
14233,909,11
14235,909,144
14237,909,1
14238,909,193
14240,909,71
14241,909,1
14242,909,25
14244,909,224
14245,909,6
14251,909,1
14252,909,2
14253,909,3
14256,909,1
14257,909,4
14258,909,1
14260,909,2
14261,909,4
14262,909,4
14263,909,14
14264,909,2
14265,909,7
14266,909,3
14267,909,1
14268,909,95
14270,909,14
14271,909,3
14274,909,1
14275,909,82
14276,909,72
14277,909,4
14278,909,160
14279,909,72
14280,909,1
14281,909,5
14282,909,29
14284,909,9
14285,909,1
14287,909,14
14288,909,35
14290,909,35
14291,909,11
14292,909,1
14294,909,11
14295,909,24
14296,909,9
14297,909,58
14298,909,1
14305,909,1
14319,909,5
14320,909,11
14322,909,3
14323,909,1
14324,909,4
14325,909,34
14327,909,1
14328,909,1
14329,909,1056
14331,909,34
14332,909,4
14333,909,10
14334,909,2
14336,909,12
14337,909,3
14338,909,7
14340,909,192
14342,909,7
14344,909,24
14348,909,1
14349,909,1
14352,909,2
14353,909,2
14356,909,1
14357,909,3
14359,909,15
14360,909,23
14367,909,1
14369,909,7
14371,909,1
14377,909,8
14387,909,2
14390,909,1
14391,909,2
14393,909,1
14396,909,1
14399,909,1
14407,909,1
14416,909,1
14419,909,2
14421,909,3
14426,909,4
14428,909,2
14430,909,4
14435,909,1
14436,909,2
14437,909,1
14438,909,8
14442,909,5
14445,909,1
14447,909,45
14454,909,7
14455,909,1
14456,909,22
14457,909,8
14459,909,5
14460,909,73
14467,909,1
14470,909,27
14472,909,8
14473,909,25
14475,909,7
14478,909,27
14481,909,1
14484,909,26
14498,909,1
14508,909,1
14513,909,1
14520,909,2
14523,909,1
14528,909,1
14529,909,2
14536,909,1
14548,909,4
14549,909,1
14550,909,1
14552,909,1
14556,909,2
14557,909,1
14563,909,1
14565,909,6
14567,909,15
14589,909,1
14593,909,1
14617,909,29
14618,909,1
14619,909,2
14620,909,1
14621,909,4
14625,909,1
14627,909,4
14634,909,5
14637,909,7
14640,909,6
14641,909,519
14642,909,1
14643,909,86
14645,909,1
14647,909,1
14652,909,1
14656,909,70
14659,909,125
14660,909,1
14661,909,20
14663,909,1
14676,909,34
14677,909,1
14678,909,4
14679,909,4
14680,909,18
14681,909,670
14682,909,2
14683,909,11
14685,909,1
14688,909,2
14690,909,150
14691,909,11
14692,909,1
14694,909,45
14696,909,24
14697,909,1
14701,909,3
14702,909,1
14703,909,12
14705,909,8
14706,909,4
14707,909,1
14711,909,4
14712,909,1
14716,909,3
14717,909,45
14719,909,1
14720,909,1
14721,909,12
14723,909,169
14727,909,15
14732,909,4
14733,909,7
14734,909,11
14736,909,10
14737,909,3
14738,909,14
14745,909,1
14747,909,29
14749,909,2
14752,909,10
14755,909,41
14756,909,243
14759,909,879
14760,909,2
14761,909,10
14763,909,1
14764,909,2
14766,909,1
14767,909,16
14769,909,41
14772,909,4
14773,909,13
14774,909,1
14777,909,62
14779,909,1
14782,909,3
14784,909,1
14785,909,1
14789,909,1
14791,909,1
14792,909,1
14793,909,3
14794,909,3
14797,909,33
14798,909,409
14806,909,20
14807,909,3
14812,909,28
14813,909,116
14817,909,25
14818,909,2
14820,909,3
14823,909,3
14827,909,9
14830,909,7
14831,909,14
14832,909,8
14836,909,2
14838,909,1
14839,909,1
14840,909,1
14846,909,1
14848,909,13
14849,909,35
14850,909,37
14851,909,182
14854,909,1
14855,909,1130
14857,909,37
14858,909,4
14859,909,1
14861,909,2
14862,909,1
14863,909,1
14865,909,18
14877,909,1
14878,909,6
14879,909,1
14880,909,91
14881,909,4
14887,909,3
14893,909,1
14898,909,49
14901,909,1
14903,909,1
14908,909,7
14912,909,1
14914,909,1
14916,909,4
14917,909,1
14923,909,5
14924,909,6
14925,909,183
14931,909,87
14932,909,1
14933,909,1
14934,909,9
14937,909,1
14938,909,2
14939,909,2
14941,909,14
14942,909,3557
14948,909,6
14949,909,9
14950,909,2
14951,909,1245
14953,909,2
14956,909,103
14957,909,568
14958,909,294
14959,909,10
14961,909,1
14962,909,6
14963,909,56
14967,909,3684
14968,909,7
14969,909,29
14972,909,2
14973,909,419
14974,909,2
14976,909,5
14977,909,13
14978,909,304
14979,909,4
14980,909,67
14981,909,61
14982,909,1
14983,909,1
14984,909,10
14985,909,4
14986,909,1
14987,909,6
14989,909,4
14991,909,2
14993,909,22
14995,909,14
14996,909,176
14999,909,2
15000,909,1
15001,909,2
15002,909,1
15005,909,1
15007,909,38
15009,909,3
15011,909,2
15012,909,13
15013,909,7
15015,909,2
15018,909,30
15022,909,21
15023,909,1
15024,909,20
15031,909,5
15032,909,3
15033,909,37
15034,909,39
15035,909,156
15036,909,2
15038,909,7
15040,909,7
15041,909,6
15042,909,15
15044,909,12
15046,909,35
15048,909,1
15050,909,8
15051,909,10
15052,909,2
15053,909,1
15062,909,6
15063,909,4
15064,909,1
15065,909,1
15066,909,116
15070,909,17
15072,909,243
15074,909,40
15080,909,6
15081,909,74
15083,909,5
15086,909,1
15088,909,2
15090,909,99
15091,909,33
15092,909,2
15094,909,2
15095,909,1
15096,909,3
15097,909,1
15098,909,20
15099,909,2
15100,909,53
15101,909,11
15103,909,25
15107,909,1
15119,909,16
15121,909,1
15122,909,9
15124,909,16
15126,909,28
15127,909,6
15129,909,20
15130,909,3
15132,909,3
15134,909,43
15137,909,105
15138,909,1
15139,909,4
15140,909,3
15141,909,14
15143,909,18
15144,909,1
15145,909,60
15146,909,15
15148,909,2
15150,909,1
15151,909,4
15152,909,2
15153,909,1
15155,909,1
15158,909,88
15159,909,242
15160,909,9
15162,909,192
15163,909,2
15164,909,1
15166,909,12
15169,909,5
15173,909,1
15174,909,1
15178,909,1
15179,909,1
15180,909,3
15181,909,1
15182,909,96
15185,909,483
15186,909,1023
15188,909,1365
15189,909,573
15191,909,7
15195,909,3
15197,909,374
15199,909,4
15200,909,1338
15201,909,635
15202,909,1
15210,909,23
15213,909,2590
15214,909,5
15217,909,11
15218,909,1
15220,909,58
15223,909,244
15226,909,10
15227,909,1
15231,909,2
15237,909,10
15238,909,6
15240,909,1
15243,909,1
15244,909,15
15246,909,26
15247,909,128
15249,909,1
15251,909,15
15252,909,2
15253,909,2
15255,909,18
15259,909,201
15261,909,14
15264,909,1
15266,909,1
15267,909,4
15269,909,1
15271,909,1
15275,909,1
15279,909,1
15285,909,3
15287,909,3
15292,909,1
15294,909,2
15295,909,4
15300,909,1
15306,909,2
15310,909,1
15311,909,2
15313,909,1
15314,909,2
15320,909,5
15329,909,2
15331,909,1
15332,909,7
15333,909,113
15334,909,441
15335,909,623
15336,909,18
15337,909,7
15338,909,1
15339,909,1
15340,909,14
15341,909,1
15342,909,10
15343,909,9
15344,909,1
15345,909,1
15346,909,1
15347,909,223
15348,909,1
15349,909,5
15350,909,1
15351,909,1
15353,909,1
15360,909,1
15364,909,2
15368,909,2
15370,909,2
15371,909,6
15375,909,3
15377,909,1
15378,909,8
15382,909,23
15385,909,3
15387,909,16
15393,909,23
15408,909,2
15409,909,1
15410,909,3
15420,909,3
15430,909,11
15432,909,8
15434,909,18
15435,909,1
15438,909,2
15440,909,1
15445,909,2256
15446,909,125
15447,909,1
15448,909,2184
15451,909,40
15452,909,1
15453,909,3806
15454,909,7
15455,909,8
15456,909,33
15459,909,1
15460,909,4152
15461,909,69
15462,909,2
15463,909,5
15464,909,22
15465,909,32
15467,909,1
15468,909,2
15469,909,4
15470,909,2
15471,909,1
15472,909,673
15473,909,56
15474,909,8634
15476,909,2
15478,909,724
15479,909,1
15480,909,6
15481,909,4163
15482,909,1035
15483,909,1
15484,909,971
15486,909,13
15488,909,3
15491,909,40
15492,909,159
15493,909,1280
15498,909,7
15499,909,2770
15500,909,17
15501,909,30
15502,909,50
15503,909,3
15504,909,13
15505,909,10006
15506,909,3
15507,909,366
15508,909,305
15511,909,2170
15512,909,25
15513,909,897
15514,909,1105
15515,909,159
15516,909,15
15518,909,30
15519,909,2
15521,909,58
15522,909,6
15523,909,2
15524,909,3807
15525,909,63
15526,909,8
15527,909,1
15528,909,196
15530,909,49
15531,909,2
15532,909,20
15533,909,43
15534,909,6
15535,909,1
15537,909,1
15538,909,2
15539,909,6
15544,909,3
15545,909,1
15547,909,5
15548,909,1
15549,909,3
15550,909,2
15552,909,2
15553,909,4
15557,909,1
15560,909,1
15561,909,25
15562,909,1
15563,909,2
15564,909,1
15566,909,5
15567,909,1
15569,909,1
15570,909,1
15576,909,1
15588,909,3
15597,909,2
15599,909,2
15601,909,1
15605,909,2
15608,909,4
15610,909,2
15611,909,2
15613,909,1
15617,909,1
15623,909,20
15642,909,4
15650,909,5
15652,909,2
15657,909,1
15659,909,1
15660,909,11
15666,909,3
15671,909,8
15673,909,1
15682,909,2
15687,909,1
15688,909,5
15689,909,1
15693,909,1
15694,909,1
15699,909,1
15712,909,1
15720,909,397
15721,909,2
15722,909,1
15723,909,4
15724,909,3
15725,909,481
15727,909,1
15729,909,65
15731,909,3
15732,909,443
15733,909,37
15735,909,1
15736,909,43
15737,909,3
15740,909,1
15741,909,15
15742,909,3
15744,909,1
15746,909,3
15752,909,28
15753,909,69
15754,909,13
15755,909,4
15756,909,6
15757,909,4
15758,909,4
15759,909,70
15760,909,1
15761,909,20
15762,909,1
15765,909,1
15766,909,5
15769,909,1004
15771,909,8
15775,909,1
15778,909,3
15779,909,152
15780,909,1
15782,909,1
15783,909,6
15787,909,25
15789,909,29
15792,909,40
15794,909,2
15796,909,1
15797,909,24
15798,909,2
15800,909,46
15802,909,2
15804,909,1
15807,909,6
15808,909,37
15809,909,1
15810,909,744
15811,909,237
15813,909,14
15814,909,1
15815,909,5
15816,909,375
15817,909,156
15818,909,12
15820,909,77
15821,909,14
15822,909,5
15824,909,18
15826,909,50
15827,909,19
15836,909,1
15837,909,1
15840,909,16
15852,909,2
15854,909,2
15865,909,5
15867,909,3
15873,909,1
15879,909,8
15881,909,1
15882,909,1
15884,909,4
15890,909,1
15891,909,1
15896,909,4
15898,909,5
15902,909,1
15910,909,1
15912,909,4
15913,909,77
15915,909,1
15916,909,1
15922,909,2
15924,909,1
15925,909,1
15927,909,12
15931,909,1
15935,909,1
15936,909,6
15939,909,1
15942,909,13250
15943,909,2708
15944,909,110589
15945,909,9909
15974,909,1
15980,909,3
15981,909,1
15984,909,28
15989,909,1
15990,909,1
15991,909,4
15992,909,12
15994,909,2
15995,909,38
15997,909,17
15999,909,1
16000,909,19
16001,909,3
16003,909,2
16004,909,117
16005,909,8
16006,909,4
16008,909,11
16010,909,4
16011,909,13
16015,909,1
16016,909,175
16018,909,13
16020,909,1
16021,909,1
16022,909,1
16027,909,3
16033,909,3
16034,909,2
16035,909,108
16036,909,2
16042,909,6
16044,909,2
16048,909,52
16049,909,1
16051,909,10
16052,909,39
16054,909,7
16056,909,3
16059,909,3
16060,909,15
16061,909,944
16062,909,3
16063,909,66
16067,909,385
16068,909,40
16069,909,25
16070,909,1
16078,909,1
16081,909,1
16082,909,63
16086,909,22
16087,909,1
16088,909,8
16090,909,4
16098,909,132
16100,909,1
16101,909,1
16103,909,4
16105,909,9
16106,909,35
16108,909,8
16109,909,12
16112,909,4
16114,909,4
16116,909,6
16118,909,93
16119,909,21
16120,909,12
16122,909,4
16123,909,48
16124,909,1
16125,909,5
16127,909,108
16129,909,98
16130,909,1
16138,909,1
16145,909,1
16148,909,3
16152,909,1
16155,909,50
16164,909,25
16166,909,5
16167,909,1
16170,909,4
16174,909,2
16178,909,1
16179,909,12
16183,909,3
16184,909,108
16188,909,1
16192,909,5
16194,909,3
16198,909,1
16199,909,27
16200,909,18
16202,909,2
16203,909,5
16204,909,5
16214,909,1
16215,909,2
16217,909,1
16218,909,2
16219,909,2
16220,909,1
16221,909,2
16223,909,1
16228,909,3
16229,909,4
16231,909,2
16232,909,1
16234,909,2
16236,909,3
16237,909,143
16238,909,1
16241,909,3
16242,909,93
16243,909,1
16244,909,2
16253,909,1
16262,909,4
16264,909,5
16265,909,3
16267,909,2
16270,909,2
16271,909,2
16274,909,1
16279,909,35
16280,909,1
16297,909,4
16302,909,1
16304,909,5
16307,909,1
16313,909,7
16317,909,3
16324,909,1
16325,909,1
16326,909,2
16327,909,11
16329,909,2
16334,909,3
16340,909,14
16342,909,1
16345,909,1
16347,909,1
16348,909,3
16350,909,1
16351,909,6
16352,909,1
16355,909,1
16356,909,9
16357,909,2
16359,909,2
16361,909,1
16366,909,2
16369,909,9
16372,909,6
16373,909,3
16374,909,1
16376,909,5
16379,909,18
16383,909,4
16385,909,1
16387,909,15
16388,909,1
16389,909,14
16392,909,1
16400,909,7
16401,909,4
16402,909,1
16403,909,1
16408,909,1
16409,909,2
16415,909,5
16416,909,6
16417,909,1
16419,909,11
16421,909,8
16424,909,9
16427,909,1
16430,909,1
16432,909,1
16433,909,8
16434,909,41
16437,909,2
16438,909,9
16440,909,11
16441,909,1
16535,909,1
16561,909,1
16614,909,5
16616,909,1
16618,909,1
16637,909,1
16645,909,1
16957,909,1
17171,909,1
17322,909,1
17325,909,1
17358,909,1
17389,909,9
17391,909,1
17395,909,1
17408,909,1
17411,909,1
17444,909,2
17461,909,1
17462,909,5
17464,909,1
17465,909,4
17466,909,11
17467,909,1
17470,909,2
17473,909,5
17478,909,12
17482,909,1
17485,909,2
17488,909,1
17499,909,8
17514,909,1
17515,909,1
17516,909,1
17519,909,1
17522,909,2
17524,909,1
17531,909,5
17534,909,1
17537,909,7
17538,909,1
17542,909,1
17543,909,1
17544,909,2
17546,909,1
17547,909,1
17550,909,1
17552,909,5
17556,909,1
17617,909,1
17648,909,1
17649,909,1
17677,909,2
17688,909,2
17699,909,1
17736,909,2
17739,909,1
17770,909,1
17806,909,1
17808,909,38
17809,909,1
17816,909,7
17818,909,1
17823,909,1
17824,909,1
17846,909,1
17945,909,2
17947,909,25
17953,909,1
17955,909,1
17956,909,3
17958,909,1
17959,909,6
17960,909,1
17961,909,1
17962,909,1
17969,909,1
17970,909,3
17972,909,4
17973,909,4
17976,909,1
17980,909,2
17983,909,3
17987,909,1
17993,909,24
17996,909,1
17997,909,4
18000,909,1
18002,909,6
18004,909,1
18005,909,1
18008,909,1
18011,909,1
18016,909,1
18017,909,1
18021,909,1
18023,909,2
18024,909,7
18025,909,1
18027,909,4
18028,909,1
18030,909,14
18031,909,4
18032,909,4
18033,909,1
18040,909,4
18060,909,1
18065,909,1
18066,909,6
18069,909,23
18078,909,1
18084,909,2
18104,909,3
18124,909,2
18170,909,1
18272,909,1
18285,909,1
18373,909,1
18394,909,1
18409,909,1
18434,909,3
18435,909,12
18496,909,1
18519,909,1
18530,909,1
18538,909,1
18658,909,1
18659,909,1
18665,909,2
18669,909,1
18682,909,1
18687,909,1
18701,909,3
18702,909,3
18703,909,1
18705,909,2
18708,909,2
18710,909,1
18711,909,2
18718,909,3
18721,909,2
18724,909,28
18727,909,25
18733,909,1
18735,909,1
18740,909,4
18749,909,3
18753,909,1
18757,909,2
18758,909,5
18759,909,1
18760,909,1
18762,909,2
18764,909,1
18777,909,1
18779,909,6
18780,909,1
18790,909,1
18791,909,1
18794,909,10
18797,909,1
18799,909,3
18800,909,38
18810,909,3
18811,909,13
18815,909,6
18825,909,1
18887,909,1
18891,909,121
18895,909,2
18896,909,7
18904,909,12
18918,909,1
18922,909,1
18964,909,1
18971,909,1
18973,909,15
18980,909,9
18981,909,4
18984,909,1
18986,909,1
18991,909,1
18994,909,1
19001,909,2
19019,909,1
19028,909,1
19032,909,25
19035,909,4
19038,909,1
19043,909,2
19044,909,1
19049,909,1
19051,909,5
19054,909,1
19055,909,3
19056,909,27
19058,909,1
19061,909,39
19062,909,121
19063,909,365
19064,909,1
19069,909,1
19072,909,3
19073,909,3
19075,909,1
19076,909,15
19079,909,2
19081,909,29
19087,909,3
19089,909,2
19090,909,70
19094,909,1
19095,909,3
19096,909,1
19098,909,11
19101,909,1
19102,909,3
19109,909,2
19110,909,1
19111,909,1
19113,909,1
19116,909,2
19118,909,2
19119,909,47
19125,909,2
19127,909,1
19137,909,2
19140,909,1
19141,909,3
19142,909,4
19145,909,8
19147,909,2
19150,909,4
19152,909,1
19153,909,1
19154,909,12
19156,909,7
19161,909,1
19164,909,1
19166,909,31
19169,909,3
19172,909,3
19173,909,43
19174,909,8
19179,909,6
19180,909,8
19181,909,14
19183,909,1
19187,909,1
19189,909,7
19190,909,8
19191,909,4
19192,909,2
19194,909,7
19195,909,4
19196,909,54
19197,909,2
19199,909,5
19202,909,3
19203,909,1
19204,909,5
19207,909,14
19211,909,1
19212,909,3
19217,909,1
19233,909,12
19243,909,1
19245,909,1
19275,909,1
19288,909,2
19296,909,1
19297,909,1
19302,909,1
19304,909,2
19307,909,1
19309,909,1
19312,909,2
19314,909,1
19321,909,4
19322,909,166
19324,909,5
19325,909,16
19327,909,2
19328,909,25
19336,909,1
19337,909,5
19338,909,1
19339,909,2
19342,909,1
19344,909,1
19345,909,3
19346,909,3
19349,909,4
19353,909,1
19359,909,2
19363,909,1
19365,909,9
19367,909,3
19368,909,13
19370,909,1
19371,909,1
19373,909,1
19375,909,1
19377,909,1
19379,909,3
19381,909,30
19383,909,5
19384,909,7
19387,909,1
19391,909,3
19392,909,3
19394,909,1
19395,909,1
19398,909,21
19399,909,2
19400,909,5
19401,909,5
19403,909,108
19410,909,46
19411,909,12
19412,909,20
19414,909,5
19422,909,1
19425,909,1
19426,909,1
19449,909,1
19459,909,1
19466,909,3
19469,909,1
19487,909,1
19489,909,7
19496,909,49
19498,909,9
19503,909,2
19504,909,6
19509,909,2
19510,909,1
19515,909,3
19521,909,51
19525,909,1
19528,909,2
19542,909,24
19545,909,5
19551,909,2
19624,909,1
19626,909,1
19627,909,1
19643,909,1
19650,909,1
19654,909,4
19664,909,2
19666,909,1
19677,909,2
19690,909,1
19708,909,1
19778,909,2
19783,909,1
19801,909,2
19802,909,4
19803,909,1
19805,909,1
19806,909,11
19809,909,361
19811,909,12
19812,909,1
19813,909,3
19814,909,1
19816,909,4
19817,909,1
19818,909,2
19820,909,66
19821,909,2
19822,909,8
19827,909,1
19828,909,1
19831,909,1
19833,909,5
19834,909,8
19839,909,2
19843,909,3
19893,909,1
19900,909,1
19908,909,1
19915,909,1
19921,909,1
19922,909,1
20019,909,1
20020,909,2
20075,909,4
20083,909,1
20093,909,2
20111,909,19
20115,909,197
20121,909,3
20122,909,1
20124,909,5
20127,909,4
20128,909,25
20130,909,9
20131,909,47
20132,909,4
20133,909,5
20134,909,9
20137,909,1
20138,909,1
20142,909,11
20143,909,23
20144,909,3
20145,909,35
20147,909,32
20148,909,1
20149,909,3
20150,909,8
20152,909,1
20153,909,1
20155,909,13
20160,909,25
20162,909,3
20166,909,6
20167,909,2
20168,909,3
20169,909,1
20172,909,195
20175,909,7
20176,909,34
20177,909,1
20180,909,2
20182,909,5
20184,909,46
20185,909,2
20187,909,7
20188,909,4
20190,909,3
20191,909,6
20194,909,1
20196,909,5
20198,909,3
20200,909,1
20204,909,5
20205,909,6
20207,909,3
20208,909,2
20211,909,5
20212,909,1
20213,909,12
20214,909,53
20215,909,5
20216,909,1
20217,909,34
20218,909,10
20219,909,1
20220,909,109
20221,909,32
20222,909,33
20223,909,11
20243,909,1
20245,909,12
20248,909,1
20254,909,1
20255,909,1
20257,909,1
20259,909,1
20267,909,2
20270,909,1
20272,909,3
20273,909,17
20276,909,62
20278,909,1
20283,909,1
20285,909,3
20289,909,1
20293,909,4
20316,909,3
20347,909,2
20348,909,21
20353,909,1
20357,909,1
20358,909,6
20360,909,1
20369,909,1
20385,909,1
20386,909,2
20387,909,2
20388,909,11
20390,909,67
20391,909,2
20398,909,1
20407,909,5
20423,909,1
20433,909,1
20448,909,1
20461,909,2
20466,909,1
20472,909,2
20476,909,1
20478,909,1
20486,909,2
20487,909,3
20488,909,10
20495,909,1
20497,909,1
20498,909,2
20501,909,1
20512,909,8
20516,909,1
20518,909,16
20520,909,3
20526,909,5
20533,909,7
20534,909,2
20541,909,1
20543,909,3
20544,909,1
20546,909,1
20564,909,1
20565,909,2
20572,909,1
20589,909,1
20595,909,1
20604,909,1
20606,909,95
20612,909,2
20614,909,9
20628,909,1
20630,909,1
20631,909,5
20635,909,1
20639,909,1
20643,909,7
20644,909,1
20718,909,1
20720,909,11
20721,909,43
20723,909,60
20724,909,2
20726,909,1
20729,909,1
20731,909,1
20732,909,1
20736,909,22
20739,909,1
20846,909,1
20849,909,2
20863,909,2
20873,909,6
20876,909,4
20878,909,10
20884,909,1
20886,909,1
20926,909,2
20982,909,4
20985,909,6
20987,909,1
20988,909,2
20989,909,1
20995,909,1
20997,909,6
21016,909,2
21048,909,1
21058,909,1
21098,909,10
21103,909,12
21106,909,2
21109,909,11
21110,909,1
21112,909,1
21122,909,1
21123,909,2
21129,909,2
21131,909,1
21137,909,25
21146,909,4
21154,909,1
21155,909,1
21157,909,1
21160,909,1
21162,909,1
21168,909,1
21170,909,19
21171,909,6
21176,909,9
21177,909,4
21180,909,2
21184,909,1
21196,909,3
21216,909,2
21217,909,5
21218,909,23
21220,909,84
21221,909,2
21222,909,1
21223,909,4
21224,909,1
21228,909,1
21233,909,3
21235,909,2
21247,909,5
21250,909,1
21252,909,2
21259,909,1
21266,909,3
21268,909,3
21283,909,2
21284,909,45
21286,909,1
21295,909,1
21298,909,1
21301,909,7
21305,909,1
21311,909,4
21314,909,1
21317,909,1
21319,909,4
21322,909,1
21327,909,1
21376,909,1
21383,909,2
21392,909,1
21407,909,8
21409,909,1
21411,909,3
21425,909,16
21429,909,5
21431,909,2
21434,909,1
21443,909,33
21449,909,1
21451,909,2
21452,909,9
21455,909,2
21456,909,3
21461,909,1
21463,909,1
21466,909,1
21468,909,23
21469,909,5
21470,909,3
21472,909,1
21473,909,12
21475,909,1
21478,909,27
21480,909,24
21489,909,1
21490,909,2
21491,909,1
21493,909,1
21501,909,1
21502,909,3
21509,909,1
21549,909,1
21551,909,1
21552,909,1
21565,909,6
21582,909,1
21588,909,1
21596,909,1
21608,909,2
21613,909,1
21619,909,2
21629,909,1
21634,909,2
21646,909,2
21649,909,1
21650,909,1
21653,909,1
21655,909,4
21659,909,1
21663,909,4
21665,909,3
21675,909,2
21676,909,1
21684,909,1
21690,909,1
21691,909,1
21694,909,3
21695,909,2
21698,909,2
21705,909,2
21706,909,10
21709,909,1
21710,909,2
21712,909,2
21742,909,1
21745,909,1
21818,909,1
21822,909,1
21864,909,1
21886,909,4
21887,909,3
21888,909,1
21889,909,15
21891,909,2
21893,909,30
21897,909,3
21899,909,2
21900,909,73
21903,909,1
21904,909,4
21905,909,1
21907,909,11
21909,909,1
21910,909,3
21913,909,2
21914,909,1
21915,909,1
21917,909,2
21919,909,2
21921,909,2
21922,909,49
21928,909,2
21930,909,1
21938,909,2
21941,909,1
21942,909,3
21943,909,4
21945,909,8
21947,909,2
21949,909,5
21951,909,1
21952,909,1
21953,909,12
21955,909,7
21960,909,1
21962,909,1
21963,909,32
21966,909,3
21969,909,3
21970,909,44
21971,909,8
21975,909,6
21976,909,8
21977,909,14
21979,909,1
21989,909,1
22047,909,1
22095,909,1
22114,909,2
22124,909,2
22130,909,1
22149,909,2
22157,909,1
22167,909,1
22180,909,1
22328,909,2
22362,909,1
22367,909,1
22375,909,1
22427,909,2
22609,909,1
22638,909,1
22695,909,2
22697,909,2
22699,909,2
22710,909,5
22712,909,1
22721,909,3
22722,909,1
22725,909,2
22726,909,1
22741,909,1
22755,909,1
22756,909,1
22757,909,16
22759,909,9
22764,909,1
22765,909,2
22766,909,1
22768,909,1
22772,909,25
22774,909,2
22775,909,3
22778,909,11
22783,909,1
22785,909,2
22786,909,3
22787,909,1
22789,909,1
22793,909,14
22794,909,1
22796,909,14
22803,909,2
22810,909,1
22814,909,2
22816,909,13
22817,909,236
22819,909,3
22821,909,2
22830,909,6
22832,909,2
22833,909,4
22836,909,37
22840,909,1
22841,909,3
22843,909,1
22846,909,2
22847,909,19
22849,909,1
22850,909,3
22851,909,1
22901,909,2
22927,909,1
22937,909,3
22967,909,2
23002,909,1
23012,909,1
23239,909,1
23630,909,1
23632,909,1
23634,909,1
23808,909,1
23972,909,1
23979,909,1
23980,909,1
23984,909,1
23986,909,1
23992,909,1
23995,909,1
23997,909,8
24000,909,7
24009,909,1
24015,909,1
24022,909,1
24038,909,2
24050,909,3
24055,909,2
24056,909,20
24062,909,1
24063,909,7
24065,909,3
24071,909,1
24140,909,38
24142,909,2
24147,909,4
24157,909,1
24168,909,1
24169,909,1
24170,909,7
24179,909,4
24185,909,3
24186,909,1
24234,909,7
24237,909,1
24244,909,1
24252,909,1
24256,909,1
24257,909,9
24259,909,4
24260,909,12
24261,909,35
24264,909,4
24265,909,3
24266,909,1
24267,909,16
24269,909,2
24271,909,32
24275,909,3
24277,909,2
24278,909,78
24281,909,1
24282,909,4
24283,909,1
24285,909,12
24287,909,1
24288,909,3
24294,909,2
24295,909,1
24296,909,1
24298,909,2
24301,909,2
24303,909,2
24304,909,53
24310,909,2
24312,909,1
24322,909,2
24325,909,1
24326,909,3
24327,909,4
24330,909,9
24332,909,2
24335,909,5
24337,909,1
24338,909,1
24339,909,13
24341,909,7
24346,909,1
24349,909,1
24351,909,35
24354,909,4
24357,909,3
24358,909,48
24359,909,9
24363,909,6
24364,909,9
24365,909,15
24367,909,2
24368,909,1
24370,909,2
24371,909,1
24372,909,17
24374,909,18
24376,909,9
24379,909,5
24380,909,1
24381,909,16
24382,909,9
24383,909,127
24384,909,4
24386,909,11
24390,909,8
24391,909,3
24392,909,12
24393,909,1
24395,909,34
24399,909,1
24400,909,7
24405,909,1
24420,909,4
24483,909,1
24495,909,14
24498,909,1
24500,909,2
24523,909,1
24526,909,1
24536,909,3
24538,909,1
24550,909,2
24554,909,24
24556,909,10
24557,909,3
24558,909,4
24559,909,1
24594,909,3
24604,909,2
24614,909,1
24616,909,4
24621,909,1
24634,909,2
24638,909,13
24640,909,2
24641,909,1
24642,909,2
24649,909,1
24651,909,13
24662,909,6
24665,909,1
24667,909,1
24758,909,1
24760,909,1
24762,909,5
24772,909,3
24774,909,1
24785,909,2
24811,909,1
24868,909,1
24870,909,1
24883,909,5
24888,909,1
24889,909,2
24907,909,1
24914,909,16
24922,909,3
24934,909,1
24967,909,1
24971,909,1
24975,909,1
24990,909,2
24995,909,1
24998,909,3
25007,909,1
25010,909,1
25014,909,1
25020,909,1
25021,909,1
25104,909,9
25149,909,3
25182,909,1
25183,909,1
25189,909,1
25197,909,1
25200,909,1
25210,909,2
25217,909,1
25225,909,2
25227,909,23
25233,909,1
25235,909,1
25236,909,3
25238,909,1
25239,909,5
25241,909,1
25242,909,1
25249,909,1
25250,909,3
25252,909,4
25253,909,4
25256,909,1
25260,909,2
25263,909,3
25267,909,1
25273,909,23
25276,909,1
25277,909,4
25280,909,1
25282,909,5
25284,909,1
25288,909,1
25291,909,1
25297,909,1
25298,909,1
25302,909,1
25304,909,1
25305,909,6
25306,909,1
25308,909,4
25309,909,1
25311,909,13
25312,909,4
25313,909,4
25314,909,1
25329,909,2
25347,909,3
25350,909,10
25363,909,1
25370,909,1
25385,909,2
25386,909,10
25392,909,1
25397,909,9
25403,909,1
25410,909,1
25421,909,2
25423,909,1
25429,909,2
25446,909,1
25450,909,3
25454,909,1
25455,909,1
25458,909,2
25460,909,1
25462,909,1
25466,909,3
25467,909,3
25468,909,11
25471,909,1
25473,909,1
25474,909,1
25475,909,2
25477,909,1
25478,909,1
25487,909,8
25489,909,1
25491,909,17
25492,909,3
25498,909,5
25503,909,7
25504,909,2
25511,909,1
25513,909,4
25514,909,1
25534,909,51
25539,909,1
25540,909,5
25552,909,1
25553,909,3
25560,909,4
25631,909,1
25632,909,1
25668,909,1
25736,909,3
25737,909,1
25739,909,6
25749,909,1
25753,909,6
25763,909,22
25766,909,15
25768,909,34
25770,909,2
25774,909,4
25775,909,1
25776,909,2
25780,909,1
25790,909,1
25800,909,1
25848,909,1
25851,909,13
25871,909,1
25889,909,1
25899,909,1
25915,909,1
25987,909,1
25991,909,2
25995,909,2
26014,909,4
26017,909,1
26031,909,3
26032,909,1
26035,909,1
26036,909,1
26056,909,1
26057,909,4
26058,909,14
26059,909,61
26060,909,1
26061,909,221
26063,909,4
26065,909,2
26066,909,10
26067,909,1
26068,909,1
26069,909,1
26070,909,1
26071,909,1
26072,909,1
26073,909,1
26074,909,1
26107,909,4
26119,909,1
26133,909,11
26134,909,2
26135,909,92
26139,909,8
26156,909,1
26166,909,1
26197,909,1
26204,909,1
26212,909,4
26253,909,3
26256,909,1
26267,909,1
26275,909,1
26286,909,1
26293,909,1
26294,909,1
26301,909,1
26302,909,3
26303,909,2
26305,909,1
26313,909,1
26314,909,4
26316,909,1
26334,909,2
26344,909,1
26371,909,3
26374,909,2
26387,909,1
26489,909,1
26492,909,1
26527,909,1
26528,909,11
26533,909,1
26534,909,4
26536,909,2
26574,909,18
26576,909,1
26581,909,2
26640,909,1
26662,909,1
26665,909,1
26670,909,3
26689,909,2
26717,909,1
26722,909,2
26728,909,1
26736,909,2
26745,909,1
26754,909,25
26767,909,2
26768,909,1
26769,909,3
26770,909,1
26784,909,1
26785,909,1
26800,909,1
26810,909,1
26813,909,3
26821,909,3
26822,909,1
26827,909,2
26829,909,4
26834,909,1
26864,909,15
26866,909,6
26867,909,2
26868,909,3
26869,909,1
26900,909,1
26910,909,1
26917,909,1
26980,909,1
26981,909,1
26984,909,1
26986,909,1
27008,909,1
27033,909,1
27055,909,1
27087,909,1
27114,909,2
27131,909,1
27133,909,7
27141,909,1
27144,909,2
27155,909,1
27157,909,1
27158,909,1
27167,909,1
27176,909,7
27180,909,1
27185,909,2
27206,909,2
27209,909,1
27212,909,4
27213,909,1
27214,909,1
27237,909,1
27238,909,2
27252,909,2
27266,909,2
27288,909,1
27292,909,1
27293,909,1
27297,909,2
27301,909,1
27306,909,1
27308,909,1
27310,909,1
27314,909,2
27315,909,2
27316,909,7
27323,909,1
27325,909,1
27337,909,5
27339,909,1
27341,909,10
27342,909,2
27348,909,3
27354,909,4
27355,909,1
27362,909,1
27364,909,2
27367,909,1
27373,909,1
27374,909,3
27375,909,4
27376,909,1
27378,909,1
27379,909,3
27380,909,2
27381,909,1
27384,909,19
27389,909,2
27398,909,1
27403,909,1
27480,909,1
27481,909,1
27483,909,2
27541,909,1
27544,909,3
27548,909,1
27553,909,4
27558,909,1
27564,909,3
27574,909,1
27575,909,6
27577,909,1
27580,909,1
27583,909,2
27598,909,7
27600,909,1
27687,909,1
27690,909,1
27693,909,1
27710,909,1
27722,909,1
27726,909,1
27742,909,1
27791,909,1
27792,909,14
27793,909,119
27883,909,1
27902,909,2
27935,909,1
27945,909,1
27959,909,1
27966,909,1
28048,909,4
28051,909,4
28060,909,1
28074,909,1
28091,909,1
28103,909,1
28108,909,1
28109,909,11
28115,909,1
28116,909,4
28118,909,2
28183,909,48
28186,909,1
28187,909,3
28194,909,5
28208,909,1
28247,909,6
28254,909,3
28255,909,2
28275,909,1
28306,909,9
28309,909,2
28317,909,1
28325,909,2
28330,909,4
28332,909,2
28333,909,5
28334,909,15
28339,909,1
28343,909,1
28352,909,2
28353,909,2
28355,909,1
28356,909,10
28358,909,1
28360,909,19
28364,909,2
28366,909,1
28367,909,47
28371,909,2
28374,909,7
28377,909,2
28383,909,1
28384,909,1
28387,909,1
28390,909,1
28392,909,1
28393,909,32
28399,909,1
28411,909,1
28415,909,2
28416,909,2
28419,909,5
28421,909,1
28424,909,3
28426,909,1
28428,909,8
28430,909,4
28435,909,1
28438,909,1
28440,909,21
28443,909,2
28446,909,2
28447,909,29
28448,909,5
28452,909,4
28453,909,5
28454,909,9
28456,909,1
28458,909,1
28459,909,1
28462,909,1
28464,909,6
28469,909,1
28470,909,2
28484,909,2
28556,909,6
28559,909,1
28561,909,1
28597,909,1
28611,909,1
28615,909,12
28617,909,5
28618,909,1
28619,909,2
28620,909,1
28659,909,1
28665,909,2
28668,909,1
28690,909,1
28713,909,1
28736,909,2
28743,909,16
28745,909,3
28748,909,1
28749,909,2
28754,909,1
28760,909,1
28765,909,16
28770,909,1
28780,909,8
28783,909,2
28788,909,1
28872,909,2
28881,909,1
28894,909,1
28922,909,1
28991,909,2
28996,909,1
29021,909,11
29029,909,2
29088,909,1
29095,909,1
29099,909,2
29109,909,1
29112,909,1
29116,909,1
29122,909,1
29219,909,1
29220,909,3
29261,909,1
29303,909,1
29324,909,1
29336,909,2
29338,909,19
29348,909,2
29350,909,1
29351,909,4
29354,909,1
29361,909,1
29362,909,2
29364,909,3
29366,909,3
29369,909,1
29374,909,1
29378,909,2
29383,909,1
29389,909,19
29392,909,1
29393,909,3
29400,909,4
29402,909,1
29406,909,1
29417,909,1
29425,909,1
29426,909,5
29429,909,3
29430,909,1
29432,909,10
29433,909,3
29434,909,3
29435,909,1
29453,909,2
29475,909,2
29478,909,8
29492,909,1
29508,909,2
29529,909,1
29546,909,1
29547,909,1
29548,909,4
29550,909,25
29551,909,1
29561,909,2
29572,909,1
29582,909,1
29610,909,1
29618,909,1
29625,909,1
29626,909,1
29627,909,4
29634,909,1
29644,909,3
29648,909,6
29649,909,1
29653,909,2
29657,909,2
29658,909,1
29667,909,1
29676,909,1
29679,909,1
29689,909,29
29694,909,1
29695,909,3
29709,909,1
29717,909,2
29745,909,1
29753,909,1
29765,909,1
29801,909,1
29841,909,1
29843,909,2
29853,909,2
29862,909,6
29864,909,4
29866,909,9
29870,909,1
29951,909,1
29979,909,4
30008,909,1
30058,909,2
30061,909,3
30063,909,1
30070,909,1
30072,909,3
30090,909,2
30114,909,1
30123,909,1
30133,909,1
30147,909,1
30175,909,4
30180,909,5
30182,909,1
30184,909,4
30197,909,1
30203,909,1
30210,909,10
30216,909,2
30234,909,7
30235,909,2
30240,909,4
30241,909,2
30243,909,1
30259,909,2
30277,909,1
30278,909,3
30279,909,10
30280,909,43
30281,909,1
30282,909,155
30283,909,3
30284,909,2
30285,909,7
30286,909,1
30287,909,1
30289,909,1
30291,909,1
30292,909,1
30297,909,6
30299,909,3
30304,909,1
30305,909,1
30306,909,1
30311,909,10
30313,909,1
30314,909,1
30316,909,4
30320,909,1
30322,909,1
30323,909,1
30328,909,5
30330,909,5
30334,909,1
30342,909,1
30344,909,5
30345,909,89
30347,909,1
30348,909,1
30355,909,2
30357,909,1
30358,909,2
30360,909,14
30364,909,1
30366,909,1
30369,909,1
30370,909,7
30373,909,1
30377,909,1
30457,909,1
30483,909,1
30505,909,3
30509,909,1
30514,909,1
30522,909,2
30526,909,22
30530,909,8
30532,909,3
30535,909,1
30544,909,47
30550,909,1
30552,909,3
30553,909,12
30556,909,3
30557,909,4
30562,909,1
30564,909,1
30567,909,2
30569,909,33
30570,909,7
30571,909,4
30573,909,1
30574,909,17
30576,909,2
30579,909,38
30581,909,35
30637,909,1
30639,909,1
30640,909,1
30653,909,8
30671,909,1
30677,909,1
30685,909,2
30689,909,1
30697,909,3
30703,909,1
30709,909,3
30716,909,1
30719,909,1
30724,909,2
30725,909,1
30727,909,1
30813,909,6
30814,909,5
30815,909,1
30817,909,3
30819,909,1
30820,909,4
30822,909,3
30823,909,3
30826,909,1
30830,909,5
30831,909,1
30833,909,4
30836,909,51
30837,909,1
30838,909,1
30839,909,46
30845,909,2
30847,909,1
30851,909,7
30860,909,5
30864,909,1
30868,909,3
30869,909,10
30870,909,3
30871,909,1
30873,909,3
30875,909,1
30888,909,1
30890,909,10
30891,909,1
30901,909,1
30902,909,2
30905,909,18
30908,909,2
30910,909,12
30911,909,151
30917,909,1
30920,909,1
30921,909,11
30922,909,50
30927,909,26
30928,909,2
30930,909,1
30938,909,5
30943,909,2
30944,909,2
30948,909,1
31010,909,1
31014,909,148
31018,909,2
31019,909,9
31027,909,15
31039,909,1
31042,909,69
31046,909,1
31054,909,12
31073,909,3
31074,909,1
31076,909,2
31082,909,2
31093,909,1
31099,909,1
31106,909,2
31109,909,32
31116,909,19
31117,909,9
31120,909,2
31123,909,1
31128,909,1
31131,909,2
31139,909,3
31149,909,1
31150,909,1
31158,909,2
31161,909,1
31166,909,1
31167,909,1
31171,909,52
31172,909,1
31174,909,9
31177,909,1
31182,909,4
31183,909,2
31189,909,2
31191,909,11
31194,909,1
31195,909,1
31196,909,11
31197,909,1
31198,909,3
31199,909,11
31200,909,32
31205,909,1
31206,909,1
31209,909,5
31211,909,1
31213,909,9
31217,909,1
31219,909,1
31220,909,23
31224,909,1
31227,909,4
31230,909,1
31236,909,1
31243,909,1
31245,909,1
31246,909,15
31252,909,1
31264,909,1
31268,909,1
31269,909,1
31272,909,3
31274,909,1
31277,909,1
31281,909,4
31283,909,2
31293,909,10
31296,909,1
31299,909,1
31300,909,14
31301,909,3
31305,909,2
31306,909,3
31307,909,4
31316,909,1
31322,909,1
31338,909,13
31348,909,1
31350,909,2
31363,909,1
31379,909,1
31392,909,2
31400,909,2
31401,909,1
31406,909,1
31408,909,2
31416,909,1
31417,909,1
31424,909,2
31425,909,102
31427,909,3
31428,909,9
31430,909,1
31431,909,15
31440,909,3
31441,909,1
31442,909,1
31446,909,1
31447,909,2
31448,909,2
31450,909,3
31458,909,1
31461,909,1
31463,909,5
31465,909,2
31466,909,8
31469,909,1
31471,909,1
31473,909,1
31475,909,1
31477,909,2
31478,909,19
31480,909,3
31481,909,4
31484,909,1
31488,909,2
31489,909,2
31492,909,1
31495,909,13
31496,909,1
31497,909,3
31498,909,3
31500,909,159
31507,909,67
31508,909,18
31509,909,29
31511,909,7
31514,909,1
31518,909,1
31521,909,1
31522,909,1
31526,909,1
31545,909,17
31546,909,1
31548,909,2
31549,909,3
31551,909,10
31552,909,2
31559,909,1
31578,909,1
31584,909,1
31603,909,1
31605,909,6
31612,909,41
31614,909,8
31617,909,2
31618,909,5
31623,909,1
31624,909,1
31629,909,2
31634,909,43
31636,909,1
31639,909,1
31651,909,20
31654,909,5
31660,909,2
31666,909,3
31672,909,1
31675,909,4
31683,909,1
31689,909,6
31691,909,1
31692,909,1
31695,909,2
31696,909,6
31706,909,5
31709,909,1
31712,909,1
31715,909,1
31716,909,2
31729,909,2
31730,909,4
31737,909,2
31738,909,2
31739,909,4
31742,909,2
31753,909,18
31755,909,10
31756,909,18
31759,909,2
31762,909,1
31763,909,1
31766,909,1
31770,909,5
31772,909,2
31773,909,19
31791,909,6
31801,909,3
31803,909,1
31814,909,3
31835,909,2
31838,909,48
31839,909,2
31844,909,1
31847,909,9
31849,909,1
31857,909,1
31858,909,1
31865,909,3
31866,909,1
31868,909,1
31871,909,1
31875,909,3
31879,909,2
31884,909,17
31891,909,3
31893,909,8
31894,909,3
31896,909,2
31897,909,28
31907,909,10
31909,909,3
31910,909,10
31912,909,3
31915,909,10
31921,909,10
31945,909,2
31946,909,2
31948,909,1
31963,909,1
31964,909,5
31967,909,1
31969,909,1
31970,909,4
31978,909,1
31979,909,8
31980,909,1
31982,909,5
31984,909,1
31987,909,2
31989,909,3
31991,909,10
31994,909,1
31995,909,1
31999,909,5
32006,909,1
32008,909,1
32016,909,1
32020,909,16
32021,909,6
32022,909,2
32024,909,6
32026,909,1
32028,909,1
32029,909,11
32030,909,5
32031,909,1
32037,909,3
32039,909,27
32041,909,1
32079,909,24
32082,909,1
32083,909,2
32085,909,1
32088,909,3
32101,909,1
32111,909,2
32127,909,1
32157,909,2
32165,909,3
32188,909,1
32189,909,4
32192,909,13
32201,909,1
32207,909,1
32214,909,2
32215,909,27
32220,909,1
32224,909,2
32225,909,8
32227,909,2
32235,909,1
32239,909,1
32240,909,1
32255,909,8
32256,909,20
32257,909,22
32258,909,107
32259,909,1
32260,909,664
32261,909,22
32262,909,3
32263,909,1
32264,909,1
32265,909,1
32268,909,10
32273,909,1
32274,909,3
32275,909,1
32276,909,54
32277,909,3
32279,909,2
32289,909,1
32297,909,1
32305,909,1
32306,909,1
32307,909,3
32314,909,1
32325,909,2
32329,909,5
32330,909,1
32335,909,2
32340,909,2
32341,909,1
32350,909,1
32392,909,1
32393,909,1
32394,909,2
32395,909,1
32397,909,1
32398,909,2
32399,909,1
32404,909,19
32409,909,2
32420,909,1
32427,909,1
32435,909,1
32442,909,1
32456,909,2
32465,909,2
32473,909,1
32476,909,1
32477,909,2
32498,909,1
32505,909,1
32507,909,1
32508,909,1
32514,909,3
32524,909,1
32529,909,3
32530,909,13
32531,909,19
32532,909,1
32542,909,7
32572,909,1
32580,909,1
32584,909,3
32589,909,2
32595,909,3
32598,909,9
32599,909,3
32601,909,18
32604,909,1
32608,909,1
32611,909,1
32612,909,3
32614,909,1
32618,909,19
32626,909,1
32629,909,1
32630,909,67
32633,909,45
32634,909,1
32635,909,104
32638,909,5
32639,909,1
32643,909,12
32644,909,2
32645,909,6
32649,909,2
32650,909,2
32656,909,1
32682,909,2
32701,909,6
32705,909,1
32736,909,5
32772,909,5
32775,909,7
32777,909,1
32778,909,3
32779,909,1
32785,909,1
32787,909,7
32794,909,1
32806,909,3
32824,909,1
32830,909,1
32838,909,2
32848,909,1
32862,909,1
32891,909,6
32896,909,8
32898,909,1
32900,909,7
32901,909,1
32903,909,1
32914,909,1
32920,909,1
32927,909,16
32934,909,2
32943,909,1
32948,909,1
32953,909,1
32955,909,12
32956,909,4
32961,909,6
32962,909,2
32964,909,1
32968,909,1
32981,909,2
33004,909,1
33005,909,1
33012,909,2
33017,909,1
33028,909,1
33030,909,1
33041,909,1
33042,909,21
33051,909,1
33056,909,3
33065,909,2
33113,909,2
33137,909,1
33159,909,4
33163,909,1
33168,909,1
33175,909,1
33179,909,2
33181,909,1
33189,909,5
33195,909,1
33205,909,4
33206,909,1
33210,909,2
33214,909,4
33215,909,4
33270,909,1
33279,909,2
33281,909,2
33282,909,2
33284,909,1
33286,909,1
33287,909,1
33293,909,18
33309,909,2
33314,909,2
33322,909,4
33324,909,1
33328,909,1
33329,909,1
33330,909,1
33331,909,6
33333,909,1
33336,909,2
33341,909,7
33345,909,1
33348,909,1
33351,909,3
33355,909,1
33356,909,5
33357,909,1
33359,909,1
33407,909,1
33472,909,1
33473,909,8
33478,909,1
33479,909,3
33481,909,1
33525,909,1
33596,909,1
33612,909,1
33640,909,1
33648,909,1
33649,909,1
33650,909,1
33652,909,1
33653,909,1
33654,909,8
33656,909,1
33657,909,1
33659,909,1
33660,909,2
33726,909,2
33768,909,2
33770,909,1
33813,909,1
33822,909,1
33916,909,1
34087,909,1
34153,909,1
34173,909,1
34244,909,1
34356,909,1
34369,909,1
34379,909,3
34382,909,2
34384,909,5
34389,909,1
34456,909,1
34474,909,1
34553,909,1
34554,909,4
34555,909,18
34557,909,65
34558,909,1
34559,909,1
34560,909,3
34598,909,1
34624,909,7
34625,909,1
34628,909,58
34632,909,5
34693,909,1
34866,909,1
34896,909,1
34910,909,1
34911,909,1
34912,909,11
34913,909,1
34966,909,1
35018,909,2
35109,909,3
35116,909,2
35117,909,1
35125,909,2
35154,909,1
35160,909,1
35184,909,1
35221,909,1
35252,909,3
35262,909,1
35292,909,3
35299,909,1
35318,909,1
35324,909,1
35403,909,1
35405,909,1
35425,909,1
35511,909,1
35517,909,1
35526,909,1
35528,909,1
35533,909,9
35539,909,1
35544,909,1
35577,909,2
35680,909,1
35699,909,1
35702,909,1
35772,909,1
35775,909,13
35782,909,2
35796,909,1
35799,909,1
35833,909,2
35868,909,2
35929,909,5
35933,909,1
35958,909,1
35967,909,1
36031,909,1
36032,909,1
36033,909,2
36035,909,4
36043,909,2
36044,909,1
36054,909,2
36062,909,1
36064,909,1
36076,909,1
36079,909,1
36082,909,2
36087,909,1
36089,909,1
36093,909,1
36098,909,1
36099,909,1
36168,909,1
36179,909,1
36211,909,1
36232,909,1
36234,909,1
36238,909,1
36241,909,1
36244,909,1
36245,909,1
36247,909,1
36250,909,1
36251,909,2
36252,909,6
36257,909,1
36259,909,1
36269,909,5
36270,909,1
36271,909,9
36272,909,2
36274,909,3
36278,909,4
36279,909,1
36286,909,1
36288,909,2
36293,909,1
36371,909,1
36404,909,2
36430,909,3
36432,909,1
36450,909,5
36484,909,1
36486,909,1
36492,909,1
36505,909,2
36529,909,1
36538,909,1
36569,909,1
36582,909,3
36593,909,1
36594,909,2
36595,909,1
36639,909,1
36650,909,2
36689,909,3
36692,909,1
36695,909,1
36705,909,2
36709,909,1
36711,909,2
36720,909,1
36722,909,1
36732,909,6
36744,909,1
36749,909,1
36757,909,1
36766,909,2
36771,909,1
36776,909,2
36785,909,1
36790,909,1
36827,909,1
36843,909,1
36846,909,1
36870,909,5
36871,909,63
36881,909,5
36882,909,21
36886,909,11
36887,909,1
36889,909,1
36896,909,2
36901,909,1
36902,909,1
36950,909,2
36954,909,250
36958,909,3
36959,909,15
36967,909,25
36969,909,1
36970,909,1
36981,909,1
37012,909,29
37013,909,1
37014,909,1990
37015,909,5
37018,909,705
37019,909,1
37021,909,30
37022,909,1
37023,909,932
37024,909,74
37026,909,9
37027,909,3
37028,909,1
37030,909,16
37031,909,2
37032,909,57
37033,909,1
37035,909,16
37036,909,1193
37037,909,3
37038,909,4
37040,909,1
37041,909,5
37042,909,168
37044,909,3
37045,909,175
37047,909,53
37048,909,9
37049,909,2
37053,909,3
37055,909,10
37059,909,1
37060,909,1
37061,909,3
37063,909,13
37066,909,32
37067,909,9
37069,909,24
37071,909,4
37072,909,1
37073,909,1
37074,909,1
37077,909,33
37080,909,765
37081,909,2
37083,909,39
37084,909,7
37085,909,5
37087,909,3
37090,909,12
37139,909,4
37141,909,6
37142,909,19
37143,909,57
37190,909,21
37192,909,9
37195,909,5
37197,909,107
37200,909,22
37204,909,4
37215,909,1
37218,909,8
37229,909,1
37264,909,1
37299,909,11
37301,909,4
37302,909,1
37303,909,2
37312,909,4
37313,909,6
37323,909,2
37324,909,1
37330,909,66
37334,909,1
37335,909,1
37339,909,9
37349,909,1
37351,909,16
37357,909,7
37360,909,1
37362,909,2
37375,909,8
37379,909,1
37380,909,1
37382,909,5
37383,909,1
37403,909,1
37404,909,1
37407,909,1
37408,909,1
37409,909,80
37411,909,14
37412,909,1
37414,909,1
37415,909,1
37416,909,2
37417,909,1
37418,909,1
37419,909,48
37420,909,7
37421,909,1
37424,909,9
37427,909,1
37429,909,37
37432,909,119
37435,909,14
37438,909,1
37439,909,5
37441,909,22
37442,909,1
37444,909,1
37446,909,1
37449,909,1
37451,909,5
37452,909,3
37453,909,7
37461,909,2
37466,909,15
37468,909,3
37471,909,1
37472,909,2
37475,909,1
37480,909,1
37484,909,16
37489,909,1
37497,909,8
37500,909,2
37504,909,1
37567,909,21
37584,909,11
37587,909,4
37590,909,1
37596,909,1
37600,909,10
37604,909,1
37609,909,1
37617,909,6
37624,909,1
37631,909,1
37633,909,7
37641,909,17
37643,909,1
37644,909,3
37645,909,4
37649,909,1
37654,909,1
37656,909,4
37658,909,5
37659,909,2
37660,909,1
37661,909,6
37676,909,3
37679,909,2
37680,909,2
37682,909,4
37683,909,2
37686,909,1
37689,909,1
37690,909,1
37694,909,1
37696,909,2
37736,909,12
37746,909,2
37807,909,2
37812,909,1
37815,909,3
37824,909,1
37827,909,1
37831,909,1
37837,909,1
37912,909,1
37914,909,11
37917,909,1
37919,909,1
37925,909,1
37944,909,2
37945,909,3
37947,909,1
37949,909,5
37956,909,4
37958,909,80
37963,909,3
37964,909,7
37966,909,3
37970,909,11
37971,909,1
37986,909,1
37988,909,35
37990,909,6
37995,909,5
37997,909,8
37999,909,1
38001,909,2
38004,909,1
38005,909,40
38007,909,1
38009,909,9
38010,909,1
38011,909,3
38012,909,1
38014,909,1
38021,909,1
38023,909,9
38026,909,1
38032,909,1
38034,909,1
38036,909,1
38041,909,2
38044,909,1
38046,909,2
38047,909,13
38050,909,47
38052,909,1
38057,909,1
38059,909,2
38062,909,1
38065,909,3
38090,909,1
38102,909,1
38103,909,6
38106,909,1
38109,909,1
38129,909,1
38133,909,18
38136,909,6
38137,909,1
38138,909,3
38139,909,1
38143,909,19
38146,909,2
38149,909,2
38159,909,1
38163,909,1
38164,909,2
38168,909,1
38175,909,7
38177,909,1
38180,909,2
38181,909,1
38186,909,5
38189,909,4
38191,909,4
38196,909,1
38197,909,1
38198,909,7
38199,909,7
38200,909,28
38203,909,1
38205,909,1
38206,909,1
38207,909,3
38208,909,2
38209,909,6
38211,909,1
38212,909,2
38219,909,1
38220,909,1
38223,909,21
38226,909,3
38228,909,44
38230,909,7
38235,909,1
38236,909,13
38238,909,1
38243,909,18
38244,909,6
38249,909,1
38251,909,4
38253,909,9
38254,909,2
38256,909,1
38257,909,2
38259,909,2
38277,909,1
38278,909,4
38279,909,9
38280,909,12
38281,909,5
38285,909,3
38287,909,12
38288,909,6
38292,909,28
38294,909,3077
38295,909,5
38297,909,13
38298,909,1
38299,909,69
38300,909,290
38301,909,12
38302,909,2
38306,909,3
38308,909,12
38309,909,8
38310,909,1
38311,909,1
38312,909,17
38313,909,31
38314,909,152
38316,909,1
38317,909,1
38318,909,18
38319,909,3
38320,909,2
38321,909,22
38322,909,239
38323,909,16
38325,909,2
38326,909,1
38327,909,5
38399,909,1
38400,909,13
38401,909,51
38402,909,72
38403,909,2
38404,909,1
38405,909,2
38406,909,1
38407,909,1
38408,909,26
38409,909,1
38417,909,1
38420,909,1
38421,909,3
38423,909,2
38424,909,3
38431,909,1
38450,909,2
38451,909,1
38453,909,3
38467,909,3
38478,909,12
38481,909,8
38483,909,18
38485,909,1
38489,909,2
38491,909,1
38497,909,4
38499,909,4
38501,909,6
38503,909,7
38507,909,1
38509,909,15
38510,909,1
38511,909,7
38512,909,2
38513,909,2
38517,909,2
38518,909,5
38523,909,17
38524,909,1
38525,909,1
38526,909,4
38528,909,2
38529,909,2
38534,909,6
38554,909,1
38563,909,1
38568,909,2
38573,909,1
38578,909,1
38580,909,1
38589,909,5
38603,909,1
38607,909,1
38612,909,3
38616,909,1
38621,909,2
38628,909,1
38632,909,1
38647,909,88
38650,909,1
38651,909,1
38652,909,107
38654,909,14
38655,909,1
38656,909,98
38657,909,8
38659,909,10
38660,909,1
38662,909,3
38663,909,1
38665,909,1
38666,909,6
38667,909,15
38668,909,3
38669,909,1
38670,909,1
38671,909,1
38672,909,1
38673,909,16
38675,909,4
38678,909,1
38679,909,223
38680,909,2
38681,909,1
38682,909,34
38685,909,1
38686,909,5
38687,909,6
38688,909,9
38691,909,5
38693,909,10
38696,909,1
38697,909,8
38699,909,165
38700,909,52
38701,909,3
38703,909,1
38704,909,83
38705,909,35
38706,909,3
38707,909,17
38708,909,3
38709,909,1
38710,909,4
38711,909,11
38712,909,4
38719,909,1
38748,909,1
38762,909,2
38764,909,1
38804,909,1
38809,909,2
38814,909,1
38817,909,3
38819,909,1
38821,909,2
38825,909,10
38826,909,1
38828,909,1
38830,909,1
38832,909,15
38833,909,1
38842,909,9
38846,909,1
38849,909,5
38852,909,1
38853,909,3
38855,909,1
38859,909,1
38860,909,82
38862,909,6
38865,909,34
38866,909,3
38867,909,2
38872,909,2
38873,909,1
38878,909,4
38881,909,1
38882,909,35
38885,909,12
38887,909,5
38889,909,2
38896,909,74
38898,909,1
38899,909,1
38900,909,2
38901,909,5
38902,909,20
38904,909,4
38905,909,7
38907,909,2
38909,909,2
38911,909,3
38913,909,52
38914,909,12
38915,909,7
38917,909,2
38918,909,27
38919,909,1
38920,909,3
38922,909,60
38923,909,55
38924,909,1
38927,909,19
38928,909,2
38930,909,4
38933,909,1
38936,909,36
38939,909,102
38941,909,69
38944,909,52
38945,909,5
38946,909,1
38947,909,6
38953,909,6
38956,909,1
38959,909,43
38960,909,152
38968,909,23
38970,909,2
38978,909,3
38987,909,1
38998,909,4
39005,909,1
39006,909,1
39026,909,6
39029,909,4
39034,909,1
39036,909,1
39037,909,1
39045,909,8
39057,909,1
39061,909,1
39067,909,2
39069,909,1
39075,909,2
39080,909,1
39085,909,3
39091,909,1
39093,909,1
39098,909,2
39099,909,1
39107,909,1
39110,909,6
39113,909,4
39114,909,2
39115,909,1
39117,909,3
39120,909,12
39124,909,3
39126,909,1
39128,909,10
39130,909,9
39133,909,1
39140,909,4
39141,909,2
39142,909,1
39149,909,2
39155,909,3
39156,909,4
39157,909,1
39159,909,7
39161,909,6
39164,909,6
39170,909,1
39173,909,5
39174,909,27
39177,909,2
39178,909,6
39180,909,7
39181,909,1
39208,909,1
39210,909,10
39211,909,8
39212,909,2
39214,909,5
39216,909,1
39217,909,7
39218,909,4
39219,909,6
39221,909,1
39225,909,8
39226,909,1
39228,909,6
39230,909,85
39231,909,1
39232,909,1
39233,909,77
39237,909,3
39239,909,2
39242,909,11
39249,909,8
39253,909,2
39257,909,5
39258,909,16
39259,909,4
39260,909,2
39262,909,5
39263,909,2
39266,909,1
39267,909,1
39268,909,1
39274,909,2
39276,909,17
39277,909,2
39284,909,1
39285,909,2
39286,909,3
39289,909,30
39292,909,4
39293,909,1
39295,909,3
39299,909,1
39366,909,1
39372,909,9
39374,909,1
39375,909,1
39378,909,1
39429,909,1
39448,909,1
39452,909,2
39459,909,5
39466,909,1
39480,909,4
39503,909,1
39511,909,1
39513,909,1
39521,909,2
39528,909,3
39529,909,1
39534,909,1
39535,909,1
39542,909,8
39544,909,1
39546,909,1
39551,909,3
39556,909,2
39560,909,89
39561,909,1
39565,909,1
39567,909,1
39572,909,1
39574,909,8
39575,909,2
39576,909,11
39577,909,3
39579,909,2
39582,909,1
39589,909,2
39590,909,1
39592,909,3
39593,909,2
39594,909,1
39604,909,1
39606,909,1
39608,909,1
39609,909,4
39613,909,2
39615,909,1
39619,909,3
39622,909,11
39624,909,1
39625,909,1
39629,909,1
39630,909,11
39631,909,4
39636,909,9
39638,909,14
39643,909,1
39646,909,1
39648,909,1
39655,909,3
39656,909,122
39658,909,4
39659,909,11
39661,909,1
39662,909,18
39671,909,4
39672,909,1
39673,909,2
39677,909,1
39678,909,2
39679,909,2
39681,909,3
39690,909,1
39694,909,1
39696,909,6
39698,909,2
39699,909,9
39702,909,1
39704,909,1
39706,909,1
39708,909,1
39710,909,2
39712,909,22
39714,909,4
39715,909,5
39718,909,1
39722,909,2
39723,909,2
39725,909,1
39726,909,1
39729,909,15
39730,909,2
39731,909,4
39732,909,4
39734,909,1
39765,909,1
39774,909,1
39848,909,1
39851,909,1
39866,909,1
39871,909,1
39877,909,1
39899,909,1
39901,909,2
39980,909,1
40001,909,1
40010,909,1
40019,909,1
40034,909,1
40036,909,4
40069,909,1
40070,909,1
40076,909,2
40084,909,1
40097,909,1
40128,909,1
40157,909,1
40182,909,4
40206,909,3
40232,909,1
40234,909,75
40240,909,2
40242,909,7
40260,909,1
40261,909,4
40269,909,1
40273,909,6
40298,909,1
40301,909,1
40311,909,1
40339,909,1
40366,909,1
40380,909,1
40390,909,3
40393,909,2
40395,909,4
40401,909,1
40411,909,1
40413,909,2
40422,909,1
40425,909,2
40429,909,1
40431,909,1
40434,909,1
40435,909,2
40447,909,9
40451,909,1
40455,909,2
40475,909,2
40496,909,1
40506,909,1
40511,909,4
40513,909,1
40514,909,9
40518,909,2
40521,909,1
40524,909,13
40530,909,1
40531,909,3
40539,909,10
40552,909,2
40553,909,19
40555,909,2
40558,909,2
40561,909,5
40564,909,1
40578,909,21
40580,909,3
40584,909,1
40587,909,1
40596,909,1
40602,909,1
40615,909,3
40633,909,1
40639,909,1
40648,909,2
40654,909,1
40659,909,1
40674,909,1
40680,909,1
40684,909,1
40688,909,1
40707,909,2
40723,909,1
40727,909,1
40743,909,1
40757,909,1
40758,909,3
40759,909,12
40762,909,1
40770,909,1
40789,909,8
40800,909,1
40807,909,1
40844,909,1
40851,909,3
40874,909,1
40880,909,2
40884,909,4
40887,909,1
40889,909,1
40898,909,8
40903,909,1
40904,909,2
40907,909,1
40915,909,6
40916,909,1
40917,909,1
40920,909,3
40924,909,7
40925,909,6
40935,909,3
40937,909,4
40938,909,2
40941,909,1
40946,909,1
40947,909,1
40950,909,1
40955,909,28
40973,909,3
40980,909,4
40984,909,1
40991,909,5
40995,909,2
41003,909,1
41004,909,1
41005,909,1
41006,909,9
41008,909,2
41013,909,2
41019,909,11
41021,909,1
41024,909,1
41028,909,2
41031,909,5
41032,909,1
41035,909,1
41036,909,7
41037,909,2
41039,909,2
41041,909,1
41044,909,1
41067,909,1
41070,909,1
41094,909,1
41110,909,5
41113,909,4
41119,909,1
41129,909,1
41142,909,1
41153,909,2
41158,909,1
41159,909,15
41165,909,1
41166,909,5
41168,909,3
41231,909,1
41234,909,75
41235,909,1
41236,909,4
41242,909,8
41255,909,1
41285,909,1
41292,909,1
41293,909,8
41298,909,5
41299,909,2
41318,909,1
41333,909,1
41345,909,14
41348,909,2
41354,909,1
41355,909,1
41362,909,3
41366,909,1
41367,909,9
41369,909,5
41370,909,15
41371,909,44
41375,909,3
41376,909,2
41378,909,1
41379,909,12
41381,909,2
41383,909,23
41387,909,2
41389,909,1
41390,909,57
41393,909,1
41394,909,3
41397,909,9
41400,909,2
41406,909,1
41407,909,1
41410,909,1
41413,909,2
41415,909,2
41416,909,38
41422,909,2
41434,909,1
41437,909,1
41438,909,2
41439,909,3
41442,909,6
41444,909,2
41447,909,4
41449,909,1
41451,909,10
41453,909,5
41458,909,1
41461,909,1
41463,909,25
41466,909,3
41469,909,2
41470,909,35
41471,909,7
41475,909,5
41476,909,6
41477,909,11
41479,909,1
41482,909,4
41483,909,5
41484,909,2
41485,909,1
41487,909,4
41488,909,2
41489,909,32
41490,909,1
41491,909,3
41492,909,2
41493,909,1
41494,909,3
41496,909,9
41498,909,2
41509,909,1
41561,909,1
41584,909,11
41586,909,5
41587,909,1
41588,909,2
41589,909,1
41601,909,1
41602,909,1
41609,909,11
41613,909,1
41618,909,3
41619,909,1
41629,909,5
41632,909,1
41633,909,1
41635,909,3
41636,909,1
41670,909,3
41677,909,25
41679,909,5
41682,909,1
41683,909,3
41688,909,1
41694,909,1
41699,909,26
41704,909,1
41714,909,12
41717,909,3
41722,909,1
41769,909,1
41770,909,1
41773,909,1
41775,909,7
41785,909,4
41788,909,1
41799,909,4
41810,909,1
41823,909,1
41841,909,1
41844,909,38
41845,909,1
41852,909,7
41854,909,1
41860,909,1
41861,909,1
41907,909,1
41910,909,1
41915,909,8
41922,909,1
41924,909,4
41925,909,1
41927,909,1
41928,909,13
41938,909,5
41940,909,1
41941,909,4
41943,909,1
41946,909,5
41952,909,5
41953,909,1
42033,909,1
42035,909,4
42081,909,7
42085,909,1
42089,909,1
42100,909,14
42102,909,2
42108,909,2
42110,909,3
42112,909,1
42123,909,10
42126,909,107
42131,909,2
42134,909,3
42137,909,2
42138,909,14
42140,909,5
42141,909,25
42142,909,2
42143,909,3
42144,909,5
42152,909,6
42153,909,13
42154,909,2
42155,909,19
42157,909,18
42158,909,1
42159,909,2
42160,909,5
42162,909,1
42165,909,7
42170,909,14
42172,909,2
42175,909,3
42176,909,1
42177,909,2
42178,909,1
42181,909,105
42184,909,4
42185,909,18
42189,909,1
42191,909,2
42193,909,25
42194,909,1
42195,909,4
42196,909,2
42198,909,2
42199,909,3
42203,909,2
42205,909,2
42209,909,3
42210,909,3
42212,909,2
42213,909,1
42216,909,3
42217,909,1
42218,909,7
42219,909,28
42220,909,3
42221,909,1
42222,909,18
42223,909,5
42225,909,59
42226,909,17
42227,909,18
42228,909,6
42245,909,5
42265,909,1
42270,909,1
42271,909,7
42274,909,25
42283,909,1
42289,909,2
42302,909,2
42320,909,4
42324,909,1
42335,909,1
42336,909,1
42337,909,1
42338,909,7
42340,909,45
42341,909,1
42348,909,1
42354,909,4
42360,909,1
42376,909,1
42386,909,1
42399,909,1
42403,909,1
42406,909,1
42411,909,2
42415,909,1
42420,909,2
42422,909,1
42424,909,1
42430,909,2
42431,909,2
42432,909,9
42439,909,1
42440,909,1
42441,909,2
42444,909,1
42454,909,6
42456,909,1
42458,909,13
42459,909,2
42465,909,4
42471,909,5
42472,909,2
42479,909,1
42481,909,3
42482,909,1
42491,909,1
42494,909,1
42498,909,1
42502,909,41
42507,909,1
42508,909,4
42521,909,2
42528,909,3
42557,909,1
42565,909,1
42577,909,1
42613,909,1
42627,909,1
42628,909,6
42629,909,8
42641,909,3
42680,909,1
42682,909,2
42693,909,3
42703,909,9
42706,909,6
42708,909,14
42709,909,1
42712,909,2
42714,909,1
42759,909,2
42880,909,5
42885,909,6
42887,909,1
42889,909,5
42892,909,1
42903,909,1
42909,909,1
42916,909,12
42922,909,2
42934,909,1
42940,909,9
42941,909,3
42946,909,5
42947,909,2
42949,909,1
42953,909,1
42970,909,1
42971,909,6
42972,909,21
42974,909,1
42985,909,1
43012,909,5
43026,909,1
43043,909,2
43044,909,154
43045,909,31
43046,909,3
43047,909,2
43048,909,1283
43050,909,1
43051,909,6
43052,909,1
43057,909,1
43058,909,4
43059,909,6
43063,909,115
43064,909,1
43066,909,3
43067,909,1
43070,909,2
43071,909,1
43120,909,1
43127,909,1
43135,909,1
43148,909,6
43152,909,2
43162,909,1
43166,909,1
43174,909,2
43179,909,1
43188,909,2
43192,909,1
43195,909,2
43196,909,2
43205,909,1
43206,909,1
43207,909,1
43214,909,1
43215,909,2
43218,909,1
43225,909,10
43234,909,5
43236,909,1
43248,909,1
43277,909,1
43280,909,1
43292,909,2
43311,909,1
43319,909,1
43329,909,1
43377,909,1
43429,909,3
43432,909,2
43451,909,1
43465,909,1
43476,909,1
43481,909,1
43482,909,11
43486,909,1
43487,909,4
43489,909,2
43566,909,6
43570,909,777
43574,909,10
43575,909,46
43578,909,1
43580,909,1
43586,909,78
43589,909,2
43590,909,2
43597,909,1
43601,909,3
43603,909,1
43622,909,1
43625,909,14
43632,909,8
43633,909,4
43636,909,1
43639,909,1
43647,909,1
43655,909,1
43674,909,1
43683,909,1
43687,909,22
43690,909,4
43698,909,2
43699,909,1
43705,909,1
43707,909,5
43711,909,1
43714,909,5
43715,909,16
43716,909,49
43723,909,4
43724,909,3
43726,909,1
43727,909,18
43730,909,3
43732,909,35
43738,909,3
43740,909,2
43741,909,86
43745,909,1
43746,909,4
43747,909,1
43749,909,13
43752,909,1
43753,909,4
43760,909,2
43761,909,1
43762,909,1
43764,909,2
43767,909,3
43769,909,2
43770,909,58
43776,909,2
43778,909,1
43788,909,2
43791,909,1
43792,909,4
43793,909,5
43796,909,10
43798,909,2
43801,909,5
43804,909,1
43805,909,1
43806,909,14
43807,909,1
43808,909,8
43809,909,1
43813,909,1
43816,909,2
43818,909,38
43821,909,4
43824,909,3
43825,909,52
43826,909,10
43831,909,7
43832,909,10
43833,909,17
43835,909,2
43839,909,1
43841,909,6
43843,909,6
43845,909,3
43847,909,2
43849,909,5
43850,909,3
43851,909,44
43852,909,2
43854,909,4
43857,909,3
43858,909,1
43859,909,4
43862,909,12
43867,909,2
43873,909,448
43877,909,34
43941,909,1
43942,909,1
43949,909,2
43950,909,67
43952,909,2
43953,909,6
43955,909,1
43956,909,10
43964,909,2
43966,909,1
43971,909,1
43972,909,1
43974,909,2
43981,909,1
43986,909,3
43988,909,1
43989,909,5
43992,909,1
43995,909,1
43997,909,1
43999,909,1
44000,909,12
44002,909,2
44003,909,3
44009,909,1
44010,909,1
44013,909,1
44016,909,8
44017,909,1
44018,909,2
44019,909,2
44020,909,1041
44026,909,3
44029,909,441
44031,909,117
44032,909,190
44036,909,46
44037,909,1
44039,909,4
44046,909,7
44050,909,1
44051,909,5
44052,909,7
44053,909,1
44056,909,4
44059,909,1
44060,909,2
44062,909,1
44071,909,1
44093,909,24
44094,909,1
44095,909,1
44096,909,3
44097,909,4
44099,909,14
44100,909,4
44106,909,1
44131,909,20
44135,909,4
44140,909,1
44143,909,12
44144,909,2
44148,909,2
44154,909,9
44157,909,29
44161,909,3
44167,909,1
44171,909,5
44183,909,1
44184,909,1
44185,909,2
44195,909,1
44197,909,8
44204,909,59
44206,909,11
44210,909,2
44211,909,7
44216,909,2
44217,909,1
44221,909,1
44222,909,3
44228,909,62
44231,909,1
44234,909,2
44248,909,29
44251,909,6
44257,909,2
44353,909,1
44377,909,5
44389,909,13
44391,909,1
44392,909,2
44393,909,3
44402,909,1
44405,909,3
44407,909,4
44408,909,1
44410,909,1
44411,909,5
44427,909,2
44431,909,2
44432,909,1
44434,909,3
44435,909,1
44438,909,1
44442,909,1
44443,909,1
44449,909,1
44468,909,1
44495,909,1
44498,909,34
44499,909,1
44508,909,6
44510,909,1
44520,909,1
44568,909,1
44587,909,1
44595,909,2
44604,909,1
44607,909,1
44611,909,1
44617,909,1
44718,909,14
44721,909,1
44722,909,1
44728,909,2
44748,909,1
44784,909,3
44791,909,1
44793,909,19
44796,909,2
44802,909,1
44803,909,1
44805,909,1
44807,909,2
44815,909,3
44818,909,1
44820,909,5
44821,909,27
44824,909,96
44826,909,1
44831,909,2
44833,909,4
44837,909,1
44841,909,7
44850,909,1
44854,909,2
44855,909,3
44860,909,2
44861,909,29
44866,909,1
44870,909,2
44871,909,8
44873,909,2
44880,909,1
44882,909,1
44883,909,1
44884,909,1
44898,909,3
44899,909,7
44900,909,7
44901,909,36
44903,909,227
44904,909,7
44905,909,1
44911,909,4
44918,909,1
44920,909,18
44921,909,1
44925,909,1
44929,909,19
44940,909,3
44948,909,1
44962,909,3
44965,909,1
44972,909,3
44996,909,2
45001,909,1
45006,909,1
45008,909,1
45010,909,1
45017,909,2
45018,909,2
45019,909,8
45026,909,1
45027,909,1
45028,909,2
45041,909,6
45044,909,1
45046,909,12
45048,909,2
45054,909,4
45061,909,5
45062,909,2
45069,909,1
45071,909,3
45072,909,1
45079,909,1
45082,909,1
45084,909,1
45087,909,1
45092,909,2
45095,909,4
45099,909,1
45100,909,1
45102,909,2
45103,909,1
45119,909,1
45120,909,1
45121,909,1
45124,909,1
45125,909,1
45127,909,4
45130,909,431
45131,909,1
45134,909,2
45137,909,10
45140,909,41
45143,909,2
45152,909,2
45153,909,1
45157,909,2
45159,909,4
45160,909,21
45164,909,3
45168,909,3
45172,909,33
45173,909,2
45178,909,1
45234,909,1
45235,909,1
45257,909,1
45262,909,1
45266,909,1
45280,909,1
45288,909,2
45290,909,2
45292,909,4
45296,909,4
45303,909,1
45305,909,9
45307,909,1
45309,909,4
45310,909,1
45311,909,1
45316,909,1
45318,909,3
45324,909,10
45328,909,2
45330,909,1
45331,909,1
45338,909,4
45386,909,4
45410,909,2
45413,909,3
45415,909,1
45423,909,2
45441,909,2
45470,909,1
45480,909,1
45512,909,11
45517,909,13
45519,909,2
45521,909,12
45522,909,1
45524,909,1
45534,909,1
45535,909,2
45541,909,2
45543,909,1
45548,909,27
45557,909,4
45564,909,1
45565,909,1
45566,909,1
45569,909,1
45571,909,1
45577,909,1
45579,909,20
45580,909,6
45585,909,10
45586,909,4
45588,909,2
45591,909,1
45592,909,1
45593,909,1
45606,909,2
45628,909,2
45629,909,6
45635,909,2
45637,909,1
45649,909,3
45654,909,1
45666,909,1
45668,909,2
45682,909,1
45683,909,25
45693,909,1
45698,909,4
45708,909,2
45766,909,1
45773,909,2
45782,909,1
45789,909,1
45799,909,9
45801,909,1
45804,909,4
45817,909,3
45819,909,1
45827,909,7
45833,909,2
45836,909,1
45843,909,5
45844,909,1
45845,909,1
45848,909,2
45852,909,5
45853,909,5
45912,909,1
45914,909,1
45915,909,1
45917,909,1
45920,909,1
45921,909,1
45929,909,11
45947,909,1
45954,909,1
45963,909,2
45967,909,1
45976,909,1
45977,909,3
45979,909,1
45984,909,1
45990,909,4
45998,909,1
46001,909,2
46006,909,3
46007,909,1
46009,909,1
46056,909,1
46062,909,1
46064,909,2
46065,909,2
46071,909,1
46073,909,4
46077,909,1
46087,909,1
46091,909,1
46093,909,2
46098,909,1
46107,909,1
46113,909,1
46114,909,1
46116,909,1
46118,909,1
46119,909,1
46120,909,1
46126,909,1
46129,909,1
46130,909,11
46133,909,10
46140,909,1
46146,909,1
46151,909,1
46152,909,2
46153,909,1
46156,909,1
46166,909,2
46177,909,4
46182,909,9
46183,909,106
46189,909,1
46192,909,1
46193,909,8
46194,909,35
46198,909,18
46199,909,1
46201,909,1
46208,909,3
46213,909,1
46214,909,1
46218,909,1
46272,909,24
46279,909,3339
46283,909,42
46284,909,196
46285,909,2
46286,909,2
46287,909,4
46289,909,2
46296,909,335
46301,909,7
46302,909,11
46307,909,2
46309,909,2
46310,909,4
46314,909,15
46316,909,4
46318,909,1
46332,909,1
46333,909,10
46338,909,6
46339,909,3
46342,909,1
46352,909,1
46358,909,1
46373,909,1
46385,909,17
46388,909,3
46395,909,1
46396,909,1
46401,909,1
46403,909,3
46406,909,1
46407,909,8
46409,909,3
46410,909,9
46411,909,28
46413,909,2
46414,909,2
46416,909,1
46417,909,10
46419,909,2
46421,909,21
46425,909,2
46427,909,1
46428,909,50
46433,909,2
46436,909,8
46440,909,2
46447,909,1
46448,909,1
46451,909,1
46454,909,2
46456,909,1
46457,909,34
46463,909,1
46475,909,1
46479,909,2
46480,909,3
46483,909,6
46485,909,1
46488,909,3
46490,909,1
46492,909,8
46494,909,5
46499,909,1
46502,909,1
46504,909,22
46507,909,2
46510,909,2
46511,909,31
46512,909,6
46517,909,4
46518,909,6
46519,909,10
46521,909,1
46522,909,1
46532,909,23
46534,909,2
46543,909,1
46591,909,1
46593,909,1
46595,909,1
46596,909,3
46598,909,2
46602,909,1
46605,909,6
46606,909,270
46608,909,8
46609,909,25
46611,909,3
46612,909,40
46616,909,1
46619,909,1
46620,909,1
46621,909,8
46622,909,1
46623,909,3
46626,909,1
46628,909,2
46629,909,5
46630,909,5
46631,909,1
46632,909,7
46636,909,1
46642,909,3
46646,909,1
46648,909,14
46650,909,5
46651,909,21
46653,909,1
46654,909,2
46656,909,2
46658,909,2
46660,909,2
46662,909,4
46664,909,49
46666,909,8
46667,909,11
46670,909,2
46674,909,5
46675,909,5
46676,909,1
46677,909,1
46678,909,2
46681,909,33
46682,909,3
46683,909,8
46684,909,9
46686,909,261
46689,909,1
46691,909,111
46692,909,29
46693,909,48
46695,909,12
46698,909,1
46701,909,2
46703,909,1
46704,909,2
46708,909,1
46722,909,1
46741,909,2
46747,909,1
46772,909,1
46773,909,1
46774,909,52
46778,909,9
46782,909,1
46783,909,2
46784,909,1
46786,909,1
46787,909,31
46788,909,5
46789,909,1
46792,909,6
46797,909,1
46799,909,24
46802,909,77
46806,909,9
46810,909,1
46812,909,3
46816,909,14
46817,909,1
46820,909,1
46822,909,1
46826,909,1
46828,909,3
46829,909,2
46830,909,4
46838,909,1
46840,909,2
46842,909,18
46849,909,127
46850,909,1
46851,909,24
46856,909,5
46857,909,16
46862,909,4
46863,909,2
46867,909,1
46868,909,7
46875,909,134
46879,909,2
46881,909,1
46882,909,5
46887,909,1
46896,909,63
46897,909,1
46898,909,1
46899,909,14
46905,909,5
46906,909,1
46971,909,1
46974,909,1
46988,909,1
47000,909,5
47008,909,2
47009,909,1
47019,909,2
47031,909,3
47040,909,9
47043,909,1
47044,909,2
47056,909,2
47058,909,3
47059,909,1
47062,909,3
47078,909,1
47082,909,1
47083,909,1
47085,909,2
47086,909,1
47100,909,1
47104,909,1
47109,909,1
47110,909,2
47111,909,9
47116,909,19
47118,909,2
47119,909,11
47122,909,4
47126,909,1
47130,909,1
47132,909,8
47136,909,1
47139,909,120
47148,909,1
47151,909,1
47153,909,19
47154,909,42
47157,909,3
47163,909,10
47164,909,1
47165,909,9
47167,909,2
47168,909,3
47169,909,3
47171,909,5
47172,909,1
47175,909,1
47178,909,4
47180,909,7
47181,909,11
47188,909,1
47191,909,17
47192,909,1
47199,909,3
47219,909,1
47222,909,1
47223,909,1
47225,909,1
47231,909,1
47255,909,1
47257,909,2
47264,909,3
47266,909,2
47269,909,3
47277,909,1
47280,909,1
47285,909,5
47289,909,1
47291,909,3
47292,909,1
47293,909,1
47294,909,9
47304,909,3
47306,909,1
47307,909,3
47309,909,1
47311,909,3
47317,909,3
47377,909,49
47383,909,1
47390,909,1
47411,909,1
47414,909,1
47417,909,2
47424,909,2
47431,909,1
47462,909,329
47467,909,1
47469,909,1
47470,909,14
47471,909,28
47472,909,1
47473,909,12
47478,909,44
47480,909,2
47482,909,2
47483,909,2
47498,909,4
47500,909,1
47505,909,1
47521,909,1
47538,909,3
47540,909,42
47543,909,4
47548,909,1
47549,909,2
47550,909,3
47552,909,3
47553,909,1
47554,909,3
47563,909,7
47565,909,1
47568,909,3
47571,909,10
47572,909,61
47575,909,219
47577,909,2
47583,909,4
47585,909,10
47588,909,1
47589,909,3
47593,909,15
47597,909,1
47610,909,2
47614,909,5
47616,909,2
47617,909,1
47620,909,11
47625,909,2
47637,909,1
47640,909,207
47655,909,2
47656,909,14
47659,909,1
47660,909,5
47663,909,1
47667,909,1
47668,909,10
47671,909,5
47673,909,1
47674,909,1
47681,909,2
47683,909,2
47684,909,21
47690,909,12
47691,909,15
47709,909,4
47712,909,52
47713,909,4
47723,909,2
47724,909,21
47729,909,1
47732,909,1
47733,909,6
47735,909,1
47743,909,1
47760,909,2
47763,909,2
47764,909,6
47765,909,6
47766,909,29
47768,909,183
47769,909,6
47770,909,1
47776,909,3
47782,909,1
47784,909,15
47785,909,1
47793,909,4
47799,909,1
47813,909,1
47820,909,14
47824,909,5
47827,909,2
47828,909,1
47832,909,14
47836,909,2
47840,909,1
47851,909,1
47860,909,6
47862,909,1
47865,909,2
47866,909,1
47871,909,5
47874,909,3
47876,909,3
47882,909,1
47883,909,1
47884,909,6
47885,909,6
47886,909,25
47889,909,1
47891,909,1
47892,909,1
47893,909,2
47895,909,2
47896,909,5
47898,909,1
47899,909,2
47906,909,1
47907,909,1
47910,909,18
47914,909,3
47916,909,39
47918,909,6
47923,909,1
47924,909,12
47926,909,1
47931,909,16
47932,909,5
47939,909,3
47941,909,8
47942,909,2
47944,909,1
47945,909,2
47947,909,1
47952,909,1
47953,909,4
47954,909,7
47955,909,10
47956,909,4
47959,909,3
47961,909,10
47962,909,5
47966,909,8
47969,909,930
47970,909,2
47973,909,4
47976,909,21
47979,909,88
47982,909,4
47983,909,1
47987,909,1
47993,909,4
47994,909,2
48000,909,5
48002,909,9
48003,909,46
48007,909,6
48008,909,1
48009,909,1
48011,909,7
48015,909,72
48017,909,5
48023,909,2
48082,909,1
48083,909,10
48084,909,41
48085,909,58
48086,909,2
48087,909,1
48088,909,1
48090,909,1
48091,909,1
48095,909,21
48097,909,1
48113,909,1
48117,909,1
48119,909,1
48155,909,1
48158,909,1
48166,909,4
48168,909,4
48170,909,7
48174,909,8
48180,909,1
48182,909,17
48183,909,1
48185,909,8
48186,909,2
48187,909,2
48191,909,2
48193,909,5
48198,909,19
48199,909,1
48200,909,1
48201,909,4
48203,909,2
48204,909,2
48210,909,7
48253,909,3
48274,909,2
48304,909,2
48331,909,1
48340,909,1
48353,909,1
48371,909,19
48376,909,23
48379,909,3
48382,909,21
48383,909,2
48385,909,2
48389,909,1
48395,909,1
48396,909,3
48397,909,1
48402,909,3
48404,909,1
48410,909,49
48419,909,7
48427,909,1
48428,909,1
48429,909,2
48432,909,1
48434,909,2
48440,909,2
48442,909,36
48443,909,11
48445,909,1
48448,909,18
48449,909,8
48450,909,1
48452,909,4
48453,909,1
48455,909,1
48456,909,2
48457,909,1
48465,909,2
48477,909,1
48478,909,4
48479,909,17
48480,909,60
48481,909,1
48482,909,3
48487,909,3
48489,909,2
48501,909,4
48504,909,1
48506,909,2
48513,909,1
48519,909,2
48521,909,2
48535,909,2
48536,909,40
48538,909,1
48547,909,1
48550,909,1
48552,909,6
48562,909,3
48565,909,1
48568,909,1
48615,909,1
48622,909,1
48630,909,2
48637,909,3
48646,909,2
48653,909,1
48656,909,1
48663,909,18
48665,909,1
48668,909,7
48669,909,1
48680,909,2
48682,909,1
48690,909,5
48696,909,1
48706,909,3
48707,909,1
48711,909,2
48715,909,4
48716,909,4
48734,909,3
48744,909,1
48770,909,3
48773,909,2
48807,909,4
48835,909,1
48844,909,1
48854,909,1
48864,909,1
48869,909,1
48968,909,1
48997,909,1
49057,909,1
49159,909,1
49188,909,1
49254,909,2
49285,909,1
49289,909,1
49296,909,1
49330,909,1
49331,909,1
49352,909,1
49353,909,1
49354,909,2
49355,909,1
49360,909,1
49361,909,1
49481,909,1
49644,909,1
49698,909,1
49834,909,2
49837,909,2
49875,909,1
49881,909,3
49885,909,1
49918,909,1
49947,909,1
49958,909,1
49964,909,4
49990,909,1
49991,909,2
50001,909,1
50062,909,2
50124,909,1
50133,909,1
50142,909,1
50148,909,1
50150,909,2
50157,909,1
50162,909,3
50165,909,1
50167,909,1
50168,909,3
50178,909,3
50181,909,1
50184,909,1
50188,909,1
50199,909,1
50200,909,2
50205,909,1
50206,909,1
50207,909,2
50210,909,1
50219,909,10
50221,909,5
50222,909,10
50225,909,1
50235,909,3
50237,909,1
50238,909,10
50342,909,1
50359,909,1
50361,909,1
50377,909,1
50404,909,1
50411,909,2
50445,909,2
50474,909,1
50513,909,1
50542,909,1
50559,909,2
50599,909,1
50607,909,1
50619,909,1
50653,909,1
50713,909,1
50731,909,1
50752,909,1
50768,909,1
50791,909,1
50840,909,1
50857,909,1
50869,909,1
50888,909,1
50897,909,1
50898,909,3
50899,909,10
50912,909,2
50959,909,1
50966,909,1
50974,909,1
50981,909,1
50991,909,1
50998,909,1
50999,909,1
51019,909,3
51047,909,1
51056,909,1
51066,909,1
51076,909,1
51081,909,1
51139,909,1
51160,909,1
51171,909,1
51185,909,1
51204,909,1
51212,909,1
51223,909,1
51226,909,1
51261,909,1
51470,909,1
51484,909,1
51658,909,1
51749,909,1
51793,909,1
51960,909,3
52029,909,3
52244,909,1
52359,909,1
52402,909,1
52529,909,1
52570,909,1
52628,909,1
52634,909,1
52638,909,1
52645,909,3
52652,909,1
52670,909,2
52705,909,1
52717,909,2
52724,909,2
52731,909,1
52740,909,1
52817,909,2
52818,909,1
52838,909,2
52842,909,1
52844,909,1
52846,909,1
52848,909,179
52851,909,7
52852,909,4
52853,909,24
52855,909,30
52856,909,1
52857,909,103
52858,909,26
52863,909,3
52866,909,1
52867,909,7
52870,909,3
52871,909,1
52879,909,1
52893,909,1
52909,909,2
52920,909,2
52928,909,1
52999,909,1
53031,909,1
53051,909,1
53054,909,1
53059,909,5
53064,909,1
53066,909,3
53067,909,1
53069,909,1
53070,909,9
53080,909,3
53082,909,1
53083,909,3
53085,909,1
53087,909,3
53093,909,3
53123,909,1
53132,909,1
53151,909,1
53159,909,1
53168,909,2
53203,909,1
53241,909,1
53242,909,2
53274,909,8
53278,909,3
53281,909,1
53282,909,1
53286,909,8
53289,909,1
53292,909,1
53330,909,3
53409,909,5
53410,909,20
53414,909,29
53415,909,1
53424,909,1
53434,909,10
53514,909,1
53516,909,1
53518,909,2
53522,909,3
53529,909,6
53532,909,3
53533,909,1
53534,909,1
53538,909,1
53540,909,2
53545,909,6
53548,909,1
53550,909,1
53551,909,1
53557,909,2
53610,909,1
53616,909,1
53662,909,1
53674,909,1
53719,909,1
53924,909,1
53958,909,1
53959,909,1
53961,909,1
53963,909,1
53964,909,1
53965,909,1
53971,909,1
53974,909,1
53976,909,10
53979,909,9
53988,909,1
53994,909,1
54000,909,1
54001,909,2
54002,909,1
54005,909,1
54018,909,2
54030,909,4
54035,909,3
54036,909,34
54042,909,2
54043,909,11
54047,909,6
54054,909,1
54107,909,7
54113,909,1
54119,909,1
54149,909,1
54156,909,2
54159,909,22
54166,909,13
54167,909,6
54170,909,1
54173,909,1
54178,909,1
54181,909,1
54189,909,2
54199,909,1
54200,909,1
54208,909,2
54217,909,1
54221,909,36
54224,909,6
54227,909,1
54232,909,3
54233,909,2
54239,909,1
54241,909,7
54244,909,1
54245,909,3
54246,909,26
54248,909,1
54250,909,1
54251,909,5
54254,909,2
54255,909,1
54257,909,6
54259,909,1
54261,909,13
54265,909,1
54267,909,1
54268,909,31
54272,909,2
54275,909,5
54278,909,1
54284,909,1
54288,909,1
54291,909,1
54293,909,1
54294,909,21
54300,909,1
54312,909,1
54316,909,1
54317,909,2
54320,909,3
54322,909,1
54325,909,2
54329,909,5
54331,909,3
54339,909,1
54341,909,14
54344,909,1
54347,909,1
54348,909,19
54349,909,4
54353,909,2
54354,909,3
54355,909,6
54357,909,1
54359,909,2
54360,909,2
54361,909,1
54362,909,1
54363,909,2
54364,909,1
54365,909,13
54367,909,1
54368,909,1
54370,909,1
54371,909,3
54373,909,1
54374,909,40
54377,909,3
54381,909,1
54394,909,9
54403,909,1
54405,909,1
54445,909,1
54453,909,1
54459,909,1
54461,909,1
54477,909,1
54478,909,46
54480,909,1
54481,909,4
54483,909,1
54484,909,7
54493,909,1
54495,909,1
54500,909,1
54501,909,1
54503,909,1
54516,909,2
54518,909,1
54519,909,4
54530,909,1
54531,909,8
54533,909,1
54534,909,2
54541,909,1
54542,909,1
54548,909,6
54549,909,1
54550,909,1
54551,909,1
54553,909,24
54556,909,10
54557,909,3
54558,909,4
54559,909,1
54577,909,1
54585,909,1
54587,909,1
54589,909,1
54595,909,5
54599,909,1
54605,909,1
54620,909,1
54625,909,7
54627,909,1
54631,909,1
54643,909,8
54656,909,4
54659,909,1
54716,909,36
54723,909,1
54725,909,7
54735,909,3
54737,909,1
54748,909,3
54759,909,6
54784,909,2
54789,909,1
54810,909,3
54816,909,1
54857,909,1
54861,909,1
54865,909,1
54873,909,1
54880,909,3
54885,909,1
54886,909,1
54888,909,5
54897,909,2
54899,909,1
54900,909,2
54904,909,2
54910,909,2
54911,909,3
55007,909,2
55008,909,4
55048,909,1
55051,909,4
55086,909,1
55087,909,1
55093,909,2
55101,909,1
55104,909,6
55108,909,1
55112,909,1
55135,909,1
55137,909,14
55147,909,2
55149,909,1
55150,909,3
55153,909,1
55160,909,1
55161,909,2
55163,909,3
55165,909,2
55168,909,1
55172,909,1
55176,909,2
55186,909,14
55189,909,1
55190,909,2
55196,909,3
55198,909,1
55220,909,1
55221,909,4
55224,909,2
55225,909,1
55227,909,8
55228,909,2
55229,909,2
55230,909,1
55253,909,1
55266,909,1
55267,909,4
55285,909,2
55286,909,31
55291,909,2
55295,909,2
55296,909,9
55298,909,2
55305,909,1
55307,909,1
55308,909,1
55309,909,1
55323,909,1
55325,909,4
55350,909,3
55353,909,1
55360,909,3
55377,909,3
55378,909,6
55380,909,1
55384,909,1
55398,909,1
55399,909,2
55416,909,2
55419,909,3
55420,909,1
55423,909,1
55427,909,1
55437,909,1
55460,909,1
55463,909,1
55465,909,1
55467,909,96
55472,909,2
55474,909,9
55487,909,1
55488,909,1
55489,909,5
55493,909,1
55496,909,1
55499,909,7
55500,909,1
55508,909,1
55529,909,1
55538,909,1
55549,909,1
55550,909,1
55571,909,1
55578,909,1
55581,909,1
55587,909,2
55597,909,1
55637,909,1
55640,909,1
55653,909,2
55663,909,5
55666,909,4
55668,909,8
55674,909,1
55714,909,1
55732,909,1
55747,909,1
55781,909,1
55784,909,2
55786,909,1
55793,909,2
55856,909,2
55861,909,2
55865,909,2
55887,909,5
55890,909,1
55907,909,4
55908,909,1
55912,909,2
55913,909,1
55927,909,1
55936,909,1
55937,909,3
55938,909,11
55939,909,41
55940,909,1
55941,909,2
55946,909,1
55947,909,1
55954,909,2
55959,909,1
55969,909,1
55971,909,1
55981,909,1
55982,909,15
55996,909,2
56005,909,1
56011,909,2
56012,909,2
56013,909,16
56014,909,1
56058,909,1
56080,909,1
56100,909,3
56103,909,1
56118,909,1
56122,909,1
56130,909,1
56144,909,1
56151,909,1
56152,909,1
56155,909,1
56161,909,2
56162,909,6
56163,909,4
56165,909,3
56174,909,3
56175,909,9
56179,909,1
56184,909,2
56187,909,1
56191,909,1
56235,909,1
56239,909,1
56240,909,1
56248,909,1
56249,909,3
56252,909,1
56253,909,2
56273,909,2
56304,909,1
56314,909,1
56334,909,1
56430,909,5
56435,909,2
56437,909,1
56487,909,1
56527,909,1
56528,909,2
56534,909,1
56537,909,1
56550,909,1
56572,909,1
56575,909,1
56639,909,2
56676,909,1
56677,909,1
56688,909,1
56692,909,3
56696,909,2
56698,909,2
56700,909,2
56702,909,252
56705,909,11
56706,909,6
56707,909,34
56708,909,42
56709,909,1
56710,909,145
56711,909,37
56716,909,5
56719,909,2
56720,909,10
56723,909,4
56724,909,1
56746,909,1
56757,909,1
56839,909,1
56845,909,2
56852,909,1
56860,909,1
56865,909,1
56872,909,8
56875,909,1
56969,909,2
57007,909,2
57015,909,1
57024,909,1
57032,909,2
57069,909,2
57100,909,1
57126,909,4
57127,909,48
57132,909,2
57136,909,3
57137,909,14
57139,909,3
57146,909,1
57148,909,1
57149,909,2
57150,909,1
57162,909,1
57163,909,3
57165,909,16
57166,909,1
57176,909,1
57180,909,1
57184,909,1
57195,909,1
57205,909,1
57207,909,2
57210,909,1
57212,909,1
57217,909,1
57218,909,2
57220,909,1
57224,909,1
57225,909,3
57226,909,7
57227,909,9
57228,909,4
57231,909,2
57233,909,9
57234,909,4
57239,909,54
57243,909,1
57244,909,5
57254,909,1
57255,909,3
57262,909,4
57329,909,3
57330,909,1
57331,909,7
57337,909,1
57338,909,1
57340,909,7
57349,909,25
57350,909,17
57352,909,39
57353,909,2
57354,909,1
57356,909,5
57357,909,1
57358,909,2
57361,909,1
57362,909,1
57387,909,1
57416,909,2
57510,909,1
57513,909,1
57516,909,1
57533,909,2
57545,909,1
57549,909,1
57639,909,1
57649,909,1
57653,909,10
57655,909,3
57657,909,1
57659,909,1
57664,909,21
57668,909,1
57669,909,1
57670,909,5
57672,909,1
57673,909,2
57674,909,1
57676,909,1
57678,909,1
57680,909,14
57681,909,3
57682,909,2
57684,909,1
57685,909,8
57687,909,1
57689,909,17
57690,909,15
57706,909,1
57777,909,1
57780,909,1
57804,909,1
57805,909,10
57809,909,1
57810,909,3
57812,909,2
57859,909,32
57861,909,2
57866,909,3
57884,909,3
57888,909,2
57889,909,1
57930,909,5
57933,909,1
57946,909,1
57949,909,1
57950,909,2
57951,909,7
57952,909,23
57954,909,1
57957,909,2
57961,909,5
57968,909,11
57972,909,1
57975,909,2
57989,909,7
58010,909,1
58011,909,1
58014,909,1
58017,909,2
58019,909,1
58027,909,5
58030,909,1
58034,909,7
58035,909,1
58039,909,1
58040,909,1
58041,909,2
58044,909,168
58050,909,13
58062,909,3
58110,909,1
58117,909,9
58119,909,1
58121,909,1
58136,909,1
58143,909,2
58151,909,1
58155,909,24
58157,909,10
58158,909,3
58159,909,4
58160,909,1
58181,909,1
58187,909,2
58188,909,1
58203,909,2
58208,909,15
58210,909,3
58212,909,1
58213,909,2
58216,909,1
58221,909,1
58223,909,16
58228,909,1
58235,909,8
58238,909,2
58241,909,1
58291,909,5
58294,909,2
58297,909,6
58299,909,1
58306,909,1
58315,909,1
58368,909,8
58374,909,1
58430,909,2
58434,909,1
58437,909,4
58445,909,1
58448,909,1
58452,909,1
58458,909,1
58459,909,8
58530,909,5
58531,909,2
58559,909,1
58588,909,1
58597,909,2
58605,909,1
58607,909,12
58615,909,2
58617,909,1
58618,909,3
58621,909,1
58628,909,1
58629,909,1
58631,909,2
58632,909,2
58635,909,1
58639,909,1
58641,909,2
58649,909,12
58652,909,2
58657,909,3
58677,909,1
58678,909,3
58681,909,2
58682,909,1
58684,909,7
58685,909,2
58686,909,2
58687,909,1
58696,909,1
58708,909,1
58709,909,3
58725,909,1
58750,909,1
58751,909,1
58752,909,4
58754,909,27
58755,909,1
58763,909,2
58774,909,1
58781,909,2
58785,909,1
58800,909,1
58801,909,2
58818,909,2
58822,909,3
58823,909,1
58827,909,1
58831,909,1
58841,909,1
58858,909,3
58993,909,2
59011,909,1
59057,909,1
59104,909,2
59108,909,2
59112,909,2
59131,909,4
59134,909,1
59148,909,3
59149,909,1
59152,909,2
59153,909,1
59194,909,2
59208,909,2
59209,909,3
59210,909,25
59258,909,1
59264,909,1
59274,909,3
59278,909,3
59280,909,1
59286,909,7
59292,909,2
59295,909,1
59301,909,5
59302,909,1
59303,909,1
59306,909,3
59310,909,6
59311,909,5
59319,909,2
59322,909,1
59326,909,7
59350,909,1
59383,909,1
59450,909,2
59453,909,2
59494,909,1
59500,909,4
59504,909,1
59505,909,1
59542,909,3
59554,909,4
59561,909,1
59565,909,1
59600,909,2
59616,909,1
59618,909,1
59619,909,3
59623,909,1
59625,909,1
59628,909,3
59642,909,2
59664,909,1
59667,909,2
59672,909,1
59674,909,2
59723,909,2
59756,909,1
59787,909,1
59797,909,1
59852,909,1
59886,909,2
59902,909,1
59908,909,1
59992,909,1
60019,909,1
60028,909,1
60035,909,2
60072,909,2
60102,909,1
60125,909,1
60141,909,1
60142,909,5
60215,909,4
60344,909,1
60345,909,1
60347,909,2
60552,909,1
60553,909,4
60554,909,19
60555,909,67
60556,909,1
60557,909,3
60583,909,1
60599,909,1
60600,909,44
60601,909,9
60602,909,1
60604,909,366
60605,909,2
60606,909,1
60607,909,2
60608,909,33
60610,909,1
60612,909,1
60653,909,1
60691,909,1
60725,909,1
60880,909,2
60990,909,4
61034,909,1
61046,909,1
61052,909,1
61087,909,2
61088,909,1
61100,909,1
61109,909,1
61149,909,3
61173,909,1
61175,909,1
61185,909,6
61189,909,1
61190,909,2
61195,909,1
61207,909,1
61330,909,5
61358,909,1
61402,909,1
61404,909,8
61412,909,1
61415,909,2
61426,909,1
61428,909,1
61429,909,1
61436,909,1
61438,909,1
61447,909,8
61451,909,1
61456,909,2
61477,909,2
61480,909,1
61483,909,4
61484,909,1
61485,909,1
61492,909,1
61507,909,2
61509,909,6
61534,909,1
61541,909,14
61545,909,1
61551,909,1
61560,909,1
61564,909,1
61566,909,7
61567,909,87
61568,909,4
61569,909,6
61570,909,25
61571,909,5
61572,909,2
61573,909,1
61574,909,3
61575,909,2
61589,909,1
61598,909,1
61600,909,3
61730,909,1
61735,909,1
61799,909,1
61811,909,1
61878,909,2
61907,909,1
61913,909,1
61921,909,3
61950,909,1
61995,909,3
62034,909,1
62064,909,3
62067,909,3
62086,909,1
62100,909,1
62111,909,1
62117,909,2
62124,909,1
62147,909,1
62148,909,2
62150,909,7
62154,909,3
62155,909,2
62157,909,1
62158,909,1
62210,909,1
62217,909,61
62220,909,1
62221,909,4
62228,909,6
62247,909,16
62250,909,6
62255,909,8
62256,909,1
62266,909,10
62271,909,1
62273,909,1
62298,909,6
62313,909,6
62318,909,4
62319,909,2
62337,909,1
62364,909,10
62367,909,2
62373,909,1
62381,909,2
62384,909,1
62385,909,4
62386,909,1
62387,909,1
62390,909,6
62392,909,1
62394,909,13
62398,909,1
62400,909,1
62401,909,31
62406,909,1
62409,909,5
62413,909,1
62420,909,1
62424,909,1
62427,909,1
62429,909,1
62430,909,21
62436,909,1
62448,909,1
62452,909,1
62453,909,2
62456,909,3
62458,909,1
62461,909,2
62465,909,5
62467,909,3
62475,909,1
62477,909,14
62480,909,1
62483,909,1
62484,909,19
62485,909,4
62490,909,2
62491,909,3
62492,909,6
62494,909,1
62495,909,10
62497,909,1
62514,909,1
62569,909,2
62614,909,1
62615,909,1
62648,909,27
62650,909,1
62651,909,1
62652,909,4
62653,909,5
62655,909,16
62656,909,4
62660,909,1
62663,909,1
62685,909,7
62688,909,1
62696,909,4
62697,909,1
62701,909,1
62706,909,3
62709,909,10
62712,909,1
62721,909,2
62733,909,1
62742,909,3
62747,909,19
62749,909,4
62752,909,1
62753,909,2
62757,909,1
62762,909,1
62766,909,20
62771,909,1
62780,909,9
62783,909,2
62787,909,1
62864,909,1
62872,909,2
62888,909,1
62891,909,1
62931,909,1
62936,909,2
62939,909,1
62951,909,1
62957,909,12
62970,909,2
62971,909,4
62979,909,1
62981,909,1
62995,909,1
62996,909,1
63001,909,1
63019,909,1
63023,909,1
63024,909,1
63027,909,1
63033,909,1
63066,909,1
63068,909,2
63076,909,3
63081,909,2
63085,909,3
63099,909,1
63106,909,1
63178,909,9
63264,909,1
63300,909,1
63305,909,17
63313,909,4
63317,909,1
63318,909,1
63334,909,2
63355,909,1
63356,909,3
63359,909,12
63368,909,1
63373,909,1
63396,909,2
63423,909,1
63424,909,2
63443,909,6
63477,909,1
63478,909,1
63484,909,1
63485,909,7
63495,909,2
63517,909,1
63518,909,1
63519,909,5
63520,909,28
63521,909,1
63525,909,2
63537,909,3
63540,909,1
63547,909,3
63570,909,6
63575,909,2
63576,909,1
63581,909,5
63584,909,3
63586,909,3
63591,909,1
63593,909,6
63594,909,6
63595,909,23
63598,909,1
63600,909,1
63601,909,1
63602,909,2
63603,909,2
63604,909,5
63606,909,1
63607,909,1
63614,909,1
63615,909,1
63618,909,17
63622,909,3
63624,909,36
63626,909,6
63631,909,1
63632,909,11
63634,909,1
63639,909,15
63640,909,5
63647,909,3
63649,909,8
63650,909,2
63677,909,4
63678,909,10
63680,909,8
63684,909,1
63698,909,4
63699,909,21
63700,909,44
63701,909,58
63702,909,25
63706,909,16
63708,909,57
63709,909,27
63713,909,17
63718,909,2
63729,909,1
63736,909,1
63792,909,1
63793,909,4
63797,909,5
63815,909,2
63832,909,1
63842,909,2
63846,909,1
63848,909,2
63849,909,5
63854,909,3
63856,909,1
63858,909,7
63863,909,20
63866,909,3
63868,909,14
63874,909,20
63910,909,1
63912,909,2
63921,909,2
63930,909,6
63931,909,4
63933,909,9
63937,909,1
63939,909,1
63944,909,2
63946,909,1
63948,909,3
63952,909,3
63960,909,6
63963,909,3
63964,909,1
63965,909,1
63970,909,1
63972,909,2
63978,909,7
63982,909,1
63984,909,1
63985,909,1
63991,909,3
64037,909,1
64115,909,1
64119,909,1
64122,909,1
64139,909,2
64153,909,2
64154,909,1
64157,909,1
64202,909,1
64270,909,1
64303,909,1
64309,909,1
64327,909,4
64332,909,1
64340,909,2
64345,909,1
64354,909,2
64358,909,1
64361,909,2
64362,909,2
64370,909,1
64371,909,2
64372,909,2
64374,909,1
64382,909,1
64383,909,3
64386,909,1
64432,909,1
64434,909,1
64440,909,2
64445,909,1
64447,909,1
64451,909,1
64463,909,1
64465,909,1
64466,909,1
64469,909,1
64475,909,1
64476,909,4
64480,909,1
64482,909,1
64544,909,3
64548,909,1
64549,909,1
64585,909,1
64588,909,120
64589,909,2
64590,909,7
64596,909,12
64605,909,1
64608,909,2
64617,909,1
64624,909,2
64625,909,24
64631,909,14
64632,909,7
64635,909,1
64637,909,1
64642,909,1
64645,909,1
64652,909,2
64661,909,1
64662,909,1
64668,909,2
64677,909,1
64680,909,40
64683,909,7
64686,909,1
64690,909,3
64691,909,2
64696,909,1
64698,909,8
64702,909,1
64705,909,1
64706,909,2
64710,909,1
64714,909,2
64721,909,6
64728,909,1
64742,909,4
64764,909,1
64770,909,1
64772,909,1
64780,909,3
64787,909,4
64788,909,1
64793,909,1
64794,909,1
64804,909,1
64818,909,9
64827,909,1
64829,909,1
64871,909,1
64879,909,1
64885,909,1
64887,909,1
64894,909,4
64898,909,1
64917,909,1
64925,909,1
64929,909,84
64931,909,36
64932,909,9
64933,909,15
64934,909,4
64937,909,1
64940,909,1
64959,909,1
64964,909,9
64966,909,2
64970,909,1
64978,909,1
64981,909,10
64993,909,4
64996,909,1
65053,909,6
65056,909,2
65060,909,1
65074,909,16
65090,909,3
65096,909,1
65123,909,1
65129,909,1
65134,909,1
65140,909,1
65145,909,1
65146,909,6
65226,909,1
65235,909,56
65241,909,5
65242,909,2
65254,909,1
65294,909,1
65307,909,2
65309,909,23
65316,909,1
65318,909,1
65319,909,3
65321,909,1
65322,909,5
65324,909,1
65325,909,1
65332,909,1
65333,909,3
65335,909,4
65337,909,4
65340,909,1
65344,909,2
65348,909,3
65352,909,1
65358,909,23
65361,909,1
65362,909,4
65366,909,1
65368,909,5
65370,909,1
65374,909,1
65378,909,1
65384,909,1
65385,909,1
65390,909,1
65392,909,1
65393,909,6
65394,909,1
65396,909,4
65397,909,1
65399,909,13
65400,909,4
65401,909,4
65402,909,1
65413,909,2
65435,909,3
65438,909,11
65453,909,1
65462,909,1
65463,909,6
65467,909,2
65481,909,3
65489,909,9
65493,909,14
65496,909,3
65502,909,4
65507,909,1
65508,909,1
65513,909,3
65516,909,2
65518,909,2
65523,909,1
65525,909,4
65526,909,4
65527,909,17
65530,909,1
65532,909,1
65533,909,1
65534,909,2
65535,909,1
65536,909,4
65538,909,1
65539,909,1
65546,909,1
65550,909,13
65553,909,2
65555,909,26
65557,909,4
65562,909,1
65563,909,8
65565,909,1
65570,909,11
65571,909,4
65578,909,2
65580,909,6
65581,909,1
65582,909,4
65585,909,5
65660,909,8
65661,909,3
65663,909,15
65666,909,1
65672,909,1
65673,909,2
65674,909,1
65678,909,17
65685,909,1
65688,909,1
65689,909,58
65692,909,40
65693,909,1
65694,909,91
65696,909,4
65697,909,1
65700,909,10
65701,909,2
65702,909,5
65706,909,1
65707,909,2
65737,909,1
65740,909,22
65757,909,1
65791,909,1
65793,909,2
65795,909,1
65802,909,2
65818,909,2
65843,909,1
65852,909,1
65890,909,1
65894,909,1
65898,909,1
65917,909,2
65933,909,2
65934,909,1
65937,909,1
65953,909,2
65966,909,1
65996,909,3
66018,909,6
66019,909,1
66021,909,6
66022,909,1
66063,909,2
66090,909,1
66099,909,1
66110,909,1
66117,909,1
66118,909,1
66124,909,4
66150,909,3
66178,909,1
66187,909,1
66197,909,1
66207,909,1
66212,909,1
66218,909,10
66227,909,1
66231,909,1
66233,909,1
66250,909,1
66258,909,2
66263,909,1
66328,909,12
66330,909,1
66335,909,1
66376,909,1
66377,909,2
66378,909,7
66387,909,1
66392,909,2
66411,909,1
66439,909,1
66443,909,1
66456,909,1
66498,909,1
66633,909,1
66693,909,1
66725,909,3
66735,909,1
66748,909,1
66765,909,3
66767,909,1
66772,909,1
66790,909,1
66793,909,1
66796,909,2
66817,909,1
66818,909,2
66842,909,1
66883,909,1
66897,909,1
66899,909,2
66905,909,1
66925,909,1
67044,909,1
67169,909,2
67243,909,1
67270,909,1
67452,909,1
67461,909,3
67465,909,1
67508,909,1
67562,909,1
67572,909,1
67700,909,4
67710,909,1
67723,909,1
67724,909,1
67740,909,4
67742,909,1
67747,909,1
67766,909,1
67769,909,1
67772,909,2
67773,909,1
67774,909,1
67781,909,1
67796,909,2
67799,909,6
67919,909,1
68077,909,1
68087,909,2
68176,909,1
68184,909,2
68185,909,1
68187,909,1
68189,909,1
68190,909,1
68191,909,1
68197,909,1
68200,909,1
68201,909,15
68204,909,13
68208,909,1
68213,909,2
68219,909,1
68225,909,1
68226,909,3
68227,909,1
68230,909,1
68240,909,3
68249,909,1
68252,909,5
68255,909,1
68258,909,4
68260,909,1
68261,909,1
68286,909,25
68288,909,1
68292,909,3
68337,909,2
68338,909,4
68339,909,32
68340,909,2
68341,909,7
68342,909,22
68343,909,66
68350,909,3
68351,909,2
68352,909,1
68353,909,11
68355,909,2
68357,909,23
68361,909,2
68363,909,1
68364,909,55
68367,909,1
68368,909,3
68371,909,9
68374,909,2
68378,909,1
68379,909,1
68382,909,1
68384,909,2
68386,909,2
68387,909,37
68393,909,1
68403,909,1
68407,909,2
68408,909,3
68410,909,6
68412,909,2
68415,909,3
68417,909,1
68419,909,9
68421,909,5
68426,909,1
68429,909,1
68431,909,25
68434,909,3
68437,909,2
68438,909,34
68439,909,6
68443,909,4
68444,909,6
68445,909,11
68447,909,1
68448,909,8
68449,909,3
68450,909,22
68451,909,7
68452,909,195
68453,909,2
68454,909,215
68455,909,2
68456,909,108
68457,909,1
68458,909,2
68459,909,1
68460,909,63
68461,909,8
68462,909,182
68463,909,103
68464,909,1
68465,909,1483
68466,909,1
68467,909,52
68468,909,1
68469,909,5
68471,909,123
68472,909,5
68473,909,3
68474,909,1
68475,909,1
68476,909,91
68477,909,1
68478,909,30
68479,909,1
68480,909,141
68481,909,9
68482,909,1
68483,909,3
68484,909,395
68485,909,4
68486,909,6
68487,909,1
68488,909,6
68489,909,17
68490,909,80
68491,909,5
68492,909,3
68493,909,1
68494,909,2
68495,909,2
68496,909,10
68502,909,3
68503,909,1
68504,909,1
68507,909,1
68514,909,3
68516,909,3
68517,909,3
68552,909,4
68556,909,1
68578,909,1
68586,909,1
68590,909,18
68592,909,8
68593,909,2
68594,909,3
68595,909,1
68609,909,1
68621,909,1
68625,909,3
68629,909,2
68631,909,2
68633,909,1
68635,909,218
68637,909,9
68638,909,5
68639,909,29
68640,909,36
68641,909,1
68642,909,125
68643,909,32
68647,909,4
68649,909,2
68650,909,8
68653,909,3
68654,909,1
68670,909,2
68679,909,4
68683,909,27
68685,909,5
68686,909,1
68687,909,3
68689,909,1
68690,909,1
68694,909,2
68696,909,29
68698,909,1
68700,909,1
68707,909,13
68710,909,3
68712,909,1
68765,909,8
68775,909,4
68777,909,1
68788,909,4
68838,909,1
68840,909,1
68842,909,1
68853,909,7
68858,909,1
68859,909,2
68864,909,1
68866,909,1
68876,909,1
68881,909,1
68882,909,46
68883,909,1
68887,909,1
68890,909,8
68892,909,1
68896,909,1
68897,909,1
68941,909,1
68943,909,1
68948,909,6
68951,909,1
68953,909,3
68954,909,1
68955,909,1
68956,909,10
68965,909,4
68967,909,1
68968,909,3
68970,909,1
68972,909,4
68978,909,3
69039,909,1
69055,909,1
69057,909,1
69074,909,2
69103,909,1
69107,909,1
69113,909,1
69127,909,11
69129,909,2
69134,909,1
69136,909,3
69144,909,4
69155,909,1
69158,909,1
69159,909,5
69161,909,19
69168,909,1
69173,909,1
69187,909,6
69202,909,1
69209,909,4
69212,909,1
69218,909,1
69222,909,6
69223,909,1
69225,909,1
69226,909,4
69227,909,4
69228,909,20
69230,909,124
69231,909,4
69237,909,2
69239,909,1
69241,909,10
69245,909,1
69270,909,1
69276,909,1
69282,909,1
69283,909,1
69284,909,3
69291,909,1
69298,909,2
69300,909,4
69301,909,1
69303,909,1
69306,909,2
69307,909,1
69314,909,1
69316,909,1
69317,909,3
69319,909,2
69323,909,1
69324,909,6
69325,909,12
69326,909,16
69327,909,7
69330,909,4
69332,909,16
69333,909,8
69345,909,1
69347,909,2
69349,909,6
69354,909,25
69357,909,1
69358,909,2
69366,909,1
69371,909,2
69420,909,4
69421,909,16
69422,909,23
69423,909,1
69425,909,1
69428,909,8
69451,909,1
69453,909,2
69462,909,2
69471,909,8
69472,909,6
69474,909,13
69475,909,1
69478,909,1
69480,909,1
69537,909,2
69558,909,7
69605,909,4
69609,909,5
69611,909,1
69613,909,5
69623,909,1
69629,909,1
69635,909,10
69638,909,2
69652,909,8
69653,909,2
69657,909,4
69658,909,2
69660,909,1
69664,909,1
69674,909,4
69675,909,16
69676,909,53
69677,909,234
69678,909,4
69679,909,844
69680,909,2
69681,909,16
69682,909,2
69683,909,9
69684,909,36
69685,909,5
69686,909,1
69687,909,4
69688,909,3
69689,909,4
69690,909,1
69691,909,3
69692,909,4
69693,909,5
69694,909,2
69729,909,1
69730,909,14
69731,909,979
69732,909,200
69733,909,18
69734,909,11
69735,909,8171
69736,909,1
69737,909,3
69738,909,37
69739,909,6
69740,909,1
69741,909,2
69742,909,1
69743,909,2
69744,909,3
69745,909,4
69746,909,28
69747,909,36
69748,909,1
69749,909,1
69750,909,1
69751,909,732
69752,909,7
69753,909,2
69754,909,16
69755,909,7
69756,909,2
69757,909,2
69758,909,13
69759,909,1
69760,909,7
69761,909,1
69762,909,1
69810,909,1
69816,909,2
69823,909,2
69832,909,1
69837,909,1
69840,909,1
69845,909,13
69847,909,1
69849,909,5
69850,909,1
69861,909,1
69868,909,2
69873,909,1
69881,909,2
69885,909,1
69888,909,2
69889,909,2
69892,909,1
69897,909,2
69898,909,6
69899,909,4
69901,909,3
69910,909,2
69911,909,9
69914,909,1
69916,909,2
69924,909,32
69936,909,16
69946,909,1
69972,909,1
69975,909,1
70036,909,1
70040,909,1
70067,909,1
70082,909,1
70103,909,1
70118,909,7
70147,909,1
70150,909,1
70217,909,1
70261,909,1
70316,909,1
70342,909,1
70400,909,1
70403,909,1
70405,909,1
70412,909,3
70413,909,113
70415,909,3
70416,909,11
70418,909,1
70419,909,17
70428,909,3
70429,909,1
70430,909,1
70434,909,1
70435,909,2
70436,909,2
70438,909,3
70447,909,1
70450,909,1
70452,909,6
70454,909,2
70455,909,9
70458,909,1
70460,909,1
70462,909,1
70464,909,1
70466,909,2
70467,909,21
70469,909,3
70470,909,5
70473,909,1
70477,909,2
70478,909,2
70481,909,1
70484,909,14
70485,909,1
70486,909,3
70487,909,4
70490,909,1
70579,909,1
70581,909,1
70582,909,1
70598,909,1
70601,909,2
70616,909,1
70623,909,2
70631,909,1
70634,909,1
70638,909,1
70644,909,1
70706,909,1
70716,909,1
70737,909,1
70746,909,1
70755,909,2
70773,909,1
70777,909,7
70780,909,1
70783,909,1
70817,909,1
70818,909,2
70825,909,3
70833,909,2
70862,909,2
70872,909,1
70893,909,2
70902,909,2
70910,909,1
70913,909,1
70914,909,2
70938,909,1
70945,909,1
70948,909,1
70954,909,2
70964,909,1
70971,909,1
70992,909,1
71001,909,1
71004,909,1
71008,909,1
71017,909,1
71031,909,5
71039,909,1
71056,909,3
71057,909,1
71060,909,45
71066,909,1
71097,909,4
71109,909,2
71113,909,3
71116,909,1
71124,909,1
71126,909,3
71147,909,2
71172,909,1
71181,909,1
71192,909,1
71209,909,1
71264,909,2
71313,909,3
71346,909,1
71356,909,1
71376,909,1
71388,909,1
71395,909,1
71403,909,6
71406,909,3
71412,909,1
71426,909,9
71428,909,1
71447,909,1
71543,909,1
71553,909,2
71554,909,1
71557,909,1
71560,909,1
71562,909,1
71563,909,1
71570,909,1
71573,909,1
71576,909,15
71579,909,13
71585,909,1
71591,909,2
71600,909,1
71608,909,1
71609,909,3
71610,909,1
71613,909,1
71629,909,3
71641,909,1
71644,909,5
71647,909,1
71649,909,20
71650,909,251
71658,909,1
71662,909,1
71664,909,18
71665,909,84
71670,909,43
71671,909,3
71673,909,2
71683,909,8
71688,909,3
71689,909,3
71693,909,2
71698,909,1
71779,909,1
71785,909,2
71789,909,244
71793,909,3
71794,909,14
71802,909,24
71804,909,1
71805,909,1
71816,909,1
71820,909,94
71824,909,1
71829,909,1
71832,909,16
71833,909,1
71876,909,1
71881,909,11
71883,909,765
71884,909,2
71887,909,271
71890,909,12
71892,909,358
71893,909,28
71894,909,4
71895,909,1
71898,909,6
71899,909,1
71900,909,22
71903,909,6
71904,909,459
71905,909,1
71906,909,2
71908,909,1
71909,909,2
71910,909,65
71912,909,1
71913,909,67
71914,909,20
71915,909,3
71916,909,1
71918,909,1
71920,909,4
71924,909,1
71926,909,1
71928,909,5
71931,909,12
71932,909,4
71934,909,9
71936,909,1
71939,909,1
71942,909,13
71945,909,294
71946,909,1
71948,909,15
71949,909,3
71950,909,2
71952,909,1
71954,909,4
71958,909,1
71965,909,2
71968,909,35
71975,909,21
71976,909,10
71979,909,2
71982,909,1
71983,909,1
71987,909,1
71990,909,2
71996,909,1
71999,909,4
72009,909,1
72010,909,1
72018,909,3
72019,909,1
72021,909,1
72026,909,1
72027,909,2
72031,909,58
72032,909,1
72034,909,10
72035,909,1
72037,909,1
72042,909,5
72043,909,3
72049,909,2
72051,909,12
72055,909,2
72056,909,4
72057,909,33
72058,909,2
72060,909,3
72061,909,8
72062,909,24
72078,909,16
72079,909,12
72081,909,4
72082,909,67
72083,909,1
72085,909,10
72087,909,133
72090,909,1
72094,909,12
72095,909,1
72096,909,8
72097,909,323
72098,909,1
72100,909,1
72101,909,3
72102,909,16
72103,909,2
72104,909,1
72105,909,50
72106,909,1
72108,909,2
72109,909,14
72113,909,1
72117,909,8
72118,909,4
72119,909,3
72121,909,7
72123,909,1
72124,909,10
72126,909,9
72127,909,217
72128,909,1
72129,909,1
72133,909,2
72134,909,9
72136,909,2
72138,909,1
72140,909,1
72141,909,1
72145,909,1
72146,909,8
72148,909,2
72149,909,3
72150,909,14
72151,909,17
72154,909,36
72156,909,9
72158,909,1
72159,909,20
72162,909,4
72163,909,2
72164,909,54
72165,909,2
72167,909,30
72168,909,2
72169,909,2
72173,909,4
72177,909,6
72179,909,143
72182,909,15
72184,909,1
72185,909,12
72186,909,196
72187,909,37
72188,909,1
72190,909,1
72192,909,26
72193,909,36
72194,909,63
72196,909,7
72200,909,1
72216,909,11
72226,909,1
72228,909,1
72270,909,1
72278,909,1
72279,909,1
72284,909,1
72286,909,2
72296,909,12
72298,909,1
72300,909,2
72316,909,1
72318,909,1
72328,909,2
72330,909,1
72338,909,2
72342,909,645
72346,909,2
72349,909,273
72350,909,72
72351,909,118
72353,909,28
72356,909,2
72360,909,4
72363,909,3
72364,909,4
72368,909,2
72370,909,1
72371,909,1
72375,909,38
72395,909,5
72397,909,1
72398,909,1
72399,909,24
72400,909,1
72401,909,1
72402,909,1
72403,909,15
72405,909,16
72408,909,12
72413,909,2
72414,909,1976
72417,909,82
72418,909,48
72419,909,266
72421,909,331
72422,909,11
72424,909,1135
72425,909,288
72427,909,1
72428,909,2
72431,909,37
72434,909,2
72435,909,16
72436,909,75
72438,909,1
72439,909,32
72440,909,10
72459,909,1
72483,909,3
72485,909,1
72493,909,2
72503,909,1
72505,909,5
72506,909,1
72510,909,1
72532,909,1
72534,909,10
72541,909,70
72543,909,13
72547,909,3
72548,909,9
72553,909,2
72554,909,1
72558,909,1
72559,909,4
72565,909,73
72568,909,1
72570,909,1
72571,909,2
72583,909,34
72586,909,8
72592,909,3
72598,909,2
72604,909,1
72607,909,2
72615,909,1
72621,909,4
72624,909,1
72627,909,1
72628,909,4
72638,909,3
72641,909,1
72644,909,1
72647,909,1
72648,909,1
72661,909,1
72662,909,3
72669,909,1
72670,909,1
72671,909,2
72674,909,1
72685,909,11
72687,909,6
72688,909,11
72691,909,1
72702,909,3
72704,909,1
72705,909,11
72716,909,1
72717,909,1
72735,909,14
72750,909,7
72753,909,2
72761,909,1
72765,909,7
72772,909,1
72780,909,1
72795,909,1
72796,909,54
72798,909,2
72803,909,3
72806,909,3
72807,909,2
72810,909,3
72814,909,2
72815,909,141
72818,909,7
72820,909,24
72821,909,31
72823,909,1
72824,909,1
72825,909,4
72826,909,2
72828,909,2
72829,909,1
72830,909,2
72831,909,7
72834,909,2
72836,909,32
72839,909,42
72840,909,16
72842,909,6
72844,909,49
72845,909,1
72852,909,1
72853,909,1
72857,909,1
72861,909,1
72862,909,1
72863,909,3
72865,909,2
72866,909,1
72868,909,21
72870,909,3
72871,909,1
72875,909,18
72876,909,16
72877,909,1
72878,909,35
72879,909,16
72881,909,1
72882,909,6
72884,909,2
72887,909,3
72888,909,8
72890,909,8
72891,909,3
72894,909,2
72895,909,5
72896,909,2
72897,909,13
72906,909,1
72907,909,3
72910,909,6
72912,909,1
72913,909,4
72915,909,1
72925,909,3
72931,909,37
72944,909,6
72945,909,13
72948,909,1
72953,909,3
72955,909,3
72957,909,1
72958,909,1
72959,909,1
72960,909,2
72967,909,1
72969,909,2
72970,909,3
72972,909,1
72973,909,2
72976,909,1
72977,909,6
72980,909,182
72982,909,6
72983,909,1
72984,909,2
72987,909,2
72989,909,1
72991,909,33
72992,909,1
72993,909,4
73001,909,1
73003,909,3
73004,909,4
73009,909,1
73012,909,1
73055,909,1
73060,909,5
73064,909,3
73067,909,1
73069,909,30
73077,909,5
73080,909,15
73081,909,5
73083,909,3
73084,909,49
73096,909,18
73098,909,5
73099,909,17
73101,909,5
73104,909,18
73112,909,17
73208,909,23
73220,909,1
73240,909,1
73246,909,1
73253,909,1
73279,909,2
73321,909,1
73329,909,1
73332,909,61
73335,909,3
73336,909,5
73338,909,2
73341,909,8
73353,909,1
73376,909,4
73379,909,1
73382,909,1
73383,909,1
73384,909,1
73395,909,2
73403,909,1
73442,909,1
73449,909,1
73451,909,18
73454,909,2
73460,909,1
73461,909,1
73463,909,1
73465,909,1
73472,909,3
73475,909,1
73477,909,4
73478,909,26
73481,909,95
73483,909,1
73488,909,2
73490,909,4
73494,909,1
73498,909,7
73522,909,5
73544,909,2
73546,909,181
73547,909,8
73548,909,4
73549,909,24
73550,909,30
73551,909,1
73552,909,104
73553,909,26
73555,909,3
73558,909,1
73559,909,7
73560,909,3
73561,909,1
73562,909,12
73563,909,153
73568,909,8
73569,909,1
73572,909,11
73573,909,43
73575,909,9
73576,909,1
73578,909,1
73580,909,1
73583,909,3
73586,909,3
73587,909,5
73588,909,3
73592,909,1
73602,909,2
73603,909,5
73604,909,6
73605,909,27
73607,909,171
73608,909,6
73609,909,1
73615,909,3
73622,909,1
73624,909,14
73625,909,1
73634,909,56
73637,909,1
73639,909,1
73647,909,8
73651,909,1
73653,909,1
73655,909,4
73656,909,1
73675,909,6
73680,909,2
73683,909,1
73684,909,1
73689,909,6
73693,909,1
73697,909,1
73715,909,1
73726,909,3
73731,909,1
73732,909,1
73737,909,3
73741,909,2
73743,909,2
73751,909,3
73752,909,3
73753,909,13
73756,909,1
73758,909,1
73759,909,1
73760,909,1
73762,909,1
73763,909,3
73765,909,1
73766,909,1
73775,909,1
73779,909,10
73783,909,1
73785,909,21
73787,909,3
73793,909,6
73800,909,9
73801,909,3
73808,909,2
73810,909,5
73811,909,1
73813,909,1
73820,909,3
73823,909,2
73824,909,3
73826,909,5
73827,909,1
73829,909,3
73834,909,7
73837,909,18
73839,909,1
73841,909,2
73843,909,3
73845,909,10
73846,909,3
73851,909,1
73855,909,1
73857,909,1
73862,909,2
73863,909,5
73864,909,6
73865,909,3
73868,909,2
73870,909,6
73871,909,3
73889,909,1
73898,909,2
73903,909,8
73907,909,31
73909,909,1
73914,909,2
73917,909,259
73921,909,1
73924,909,6
73927,909,24
73930,909,1
73939,909,1
73940,909,1
73944,909,1
73946,909,3
73947,909,13
73951,909,2
73955,909,2
73959,909,20
73960,909,1
73969,909,1
73992,909,2
74001,909,2
74009,909,1
74012,909,1
74014,909,2
74039,909,1
74047,909,1
74050,909,1
74058,909,2
74068,909,1
74072,909,1
74073,909,1
74076,909,3
74078,909,26
74079,909,1
74082,909,441
74083,909,1720
74085,909,1
74086,909,1
74087,909,2431
74088,909,70
74089,909,1
74090,909,26
74094,909,3
74095,909,2
74097,909,1
74098,909,54
74099,909,1
74102,909,5
74103,909,40
74104,909,36
74105,909,3
74106,909,4
74107,909,5
74108,909,869
74109,909,4
74112,909,1
74113,909,21
74114,909,2
74115,909,3
74117,909,1
74144,909,1
74153,909,1
74158,909,3
74163,909,2
74169,909,3
74190,909,1
74276,909,8
74277,909,3
74279,909,16
74283,909,1
74292,909,1
74293,909,3
74295,909,1
74303,909,17
74312,909,1
74315,909,1
74316,909,60
74320,909,41
74321,909,1
74322,909,93
74325,909,4
74326,909,1
74330,909,11
74331,909,2
74332,909,5
74336,909,1
74337,909,2
74396,909,1
74400,909,17
74419,909,1
74428,909,3
74431,909,4
74432,909,1
74433,909,2
74434,909,1
74440,909,1
74442,909,4
74515,909,14
74520,909,17
74523,909,2
74526,909,16
74527,909,1
74529,909,2
74533,909,1
74540,909,1
74541,909,2
74547,909,2
74549,909,1
74555,909,35
74564,909,5
74572,909,1
74573,909,1
74575,909,1
74578,909,1
74580,909,2
74586,909,1
74588,909,26
74589,909,8
74594,909,13
74595,909,5
74598,909,3
74601,909,1
74603,909,2
74604,909,1
74661,909,2
74766,909,1
74780,909,1
74788,909,2
74795,909,3
74806,909,2
74813,909,1
74817,909,1
74824,909,14
74826,909,1
74829,909,6
74830,909,1
74856,909,20
74860,909,7
74862,909,3
74864,909,1
74872,909,42
74877,909,1
74879,909,3
74880,909,11
74882,909,2
74883,909,4
74886,909,1
74888,909,1
74890,909,2
74892,909,30
74893,909,7
74894,909,4
74896,909,1
74897,909,16
74899,909,2
74901,909,35
74903,909,31
74908,909,8
74914,909,2
74918,909,116
74935,909,59
74936,909,1
74947,909,1
74984,909,2
74987,909,1
74993,909,1
74995,909,1
74997,909,1
74998,909,1
75008,909,3
75009,909,7
75014,909,3
75015,909,4
75099,909,1
75105,909,1
75107,909,1
75127,909,1
75138,909,2
75149,909,4
75157,909,7
75158,909,4
75161,909,1
75162,909,1
75169,909,2
75170,909,1
75171,909,1
75172,909,5
75173,909,1
75175,909,2
75179,909,2
75181,909,15
75182,909,1
75190,909,1
75201,909,85
75204,909,1
75207,909,2
75208,909,1
75213,909,2
75217,909,1
75219,909,15
75220,909,12
75221,909,3
75223,909,8
75225,909,2
75226,909,10
75227,909,6
75228,909,8
75230,909,2
75233,909,1
75234,909,11
75235,909,1
75237,909,9
75239,909,126
75240,909,2
75241,909,1
75242,909,114
75246,909,5
75248,909,3
75251,909,16
75258,909,11
75262,909,2
75263,909,1
75266,909,7
75267,909,24
75268,909,6
75269,909,2
75271,909,7
75272,909,2
75275,909,1
75276,909,1
75277,909,1
75283,909,3
75284,909,1
75285,909,25
75286,909,3
75288,909,1
75289,909,1
75293,909,1
75294,909,2
75295,909,5
75298,909,44
75301,909,5
75302,909,1
75303,909,102
75304,909,1254
75305,909,1
75309,909,1
75311,909,6
75314,909,6
75315,909,92
75316,909,418
75319,909,1
75321,909,214
75322,909,15
75324,909,11
75328,909,1
75329,909,1
75333,909,39
75335,909,1
75337,909,1
75338,909,16
75339,909,14
75340,909,2
75341,909,1
75342,909,1
75343,909,9
75344,909,2
75347,909,1
75348,909,4
75349,909,1
75350,909,1
75351,909,1
75353,909,5
75354,909,3
75358,909,5
75359,909,19
75361,909,57
75362,909,3
75365,909,28
75366,909,13
75368,909,12
75369,909,10
75370,909,2
75371,909,2
75375,909,3
75379,909,1
75388,909,3
75390,909,1
75394,909,2
75403,909,5
75424,909,3
75428,909,1
75429,909,1
75430,909,2
75439,909,1
75442,909,2
75444,909,4
75445,909,1
75457,909,9
75459,909,1
75460,909,1
75467,909,36
75473,909,4948
75477,909,63
75478,909,290
75479,909,3
75480,909,3
75481,909,5
75483,909,3
75486,909,1
75489,909,497
75492,909,10
75493,909,16
75494,909,1
75497,909,1
75498,909,2
75500,909,2
75501,909,5
75503,909,1
75505,909,22
75507,909,6
75509,909,122
75511,909,2
75514,909,1
75516,909,1
75517,909,21
75518,909,1
75524,909,1
75525,909,2
75526,909,5
75527,909,5
75528,909,1
75530,909,1
75531,909,8
75532,909,2
75533,909,1
75535,909,6
75536,909,1
75538,909,1
75540,909,2
75541,909,3
75542,909,2
75543,909,3
75546,909,2
75547,909,3
75548,909,1
75550,909,1
75551,909,1
75552,909,2
75553,909,1
75554,909,6
75556,909,1
75558,909,28
75563,909,1
75565,909,1
75571,909,1
75577,909,17
75578,909,1
75579,909,1175
75580,909,3
75583,909,416
75584,909,1
75586,909,18
75587,909,1
75588,909,550
75589,909,44
75590,909,6
75591,909,2
75594,909,9
75595,909,1
75596,909,33
75599,909,9
75600,909,704
75601,909,2
75602,909,2
75604,909,1
75605,909,3
75606,909,99
75608,909,2
75609,909,103
75610,909,31
75611,909,5
75612,909,1
75614,909,2
75616,909,6
75620,909,1
75622,909,2
75624,909,8
75627,909,19
75628,909,5
75630,909,14
75632,909,2
75635,909,1
75638,909,19
75641,909,452
75642,909,1
75644,909,23
75645,909,4
75646,909,3
75648,909,2
75650,909,7
75651,909,2
75652,909,6
75653,909,5
75654,909,57
75655,909,5
75656,909,2
75657,909,1
75662,909,10
75665,909,146
75669,909,2
75672,909,87
75673,909,41
75674,909,1
75675,909,1
75676,909,9
75679,909,6
75680,909,2
75683,909,1
75684,909,5
75685,909,1
75687,909,8
75689,909,1
75690,909,1
75693,909,2
75695,909,15
75700,909,1
75701,909,1
75705,909,4
75706,909,4
75710,909,1
75713,909,1
75714,909,11
75715,909,2
75717,909,2
75719,909,1
75720,909,1
75721,909,1
75722,909,3
75723,909,7
75725,909,2
75727,909,239
75728,909,3
75729,909,1
75730,909,42
75731,909,2
75732,909,1
75733,909,5
75735,909,1
75738,909,19
75739,909,11
75741,909,1
75745,909,8
75746,909,2
75747,909,48
75750,909,3
75751,909,16
75752,909,33
75755,909,287
75762,909,1
75766,909,14
75775,909,55
75776,909,170
75777,909,513
75778,909,1
75783,909,1
75788,909,1
75795,909,1
75796,909,21
75800,909,17
75804,909,5
75805,909,1
75807,909,251
75808,909,198
75809,909,1
75810,909,56
75811,909,1059
75812,909,18
75814,909,154
75815,909,3
75816,909,2101
75817,909,4
75819,909,13
75821,909,3
75822,909,193
75823,909,9
75824,909,122
75825,909,5115
75826,909,9
75828,909,18
75829,909,47
75830,909,250
75831,909,37
75832,909,17
75833,909,793
75834,909,10
75836,909,37
75837,909,223
75838,909,1
75839,909,6
75841,909,9
75842,909,1
75843,909,1
75844,909,134
75845,909,58
75846,909,44
75847,909,2
75848,909,106
75849,909,1
75850,909,20
75851,909,158
75852,909,6
75853,909,148
75854,909,3438
75855,909,9
75856,909,14
75857,909,7
75858,909,3
75859,909,26
75860,909,137
75861,909,3
75862,909,39
75863,909,5
75864,909,24
75865,909,1
75866,909,12
75867,909,9
75868,909,3
75869,909,4
75870,909,1
75871,909,11
75872,909,123
75873,909,3
75874,909,27
75875,909,46
75876,909,224
75877,909,268
75878,909,2
75879,909,1
75880,909,573
75881,909,2
75882,909,148
75883,909,2
75884,909,13
75885,909,322
75887,909,2
75888,909,62
75889,909,37
75890,909,856
75891,909,30
75892,909,478
75893,909,32
75894,909,27
75895,909,6
75896,909,3
75897,909,66
75898,909,5
75899,909,1
75900,909,92
75901,909,2
75902,909,2270
75903,909,5
75904,909,8
75905,909,239
75906,909,3
75907,909,10
75908,909,183
75909,909,3104
75910,909,587
75911,909,16
75913,909,20
75914,909,7
75915,909,410
75916,909,575
75917,909,997
75918,909,3
75919,909,104
75921,909,86
75923,909,7
75926,909,3
75927,909,1
75928,909,1
75929,909,14
75932,909,3
75934,909,1
75938,909,1
75942,909,2
75948,909,1
75955,909,18
75963,909,2
75965,909,2
75966,909,1
75978,909,1
75993,909,1
76001,909,1
76004,909,2
76012,909,2
76013,909,1
76018,909,2
76020,909,3
76023,909,1
76026,909,1
76028,909,1
76030,909,3
76032,909,2
76036,909,1
76039,909,6
76040,909,251
76042,909,8
76043,909,23
76045,909,3
76046,909,37
76050,909,1
76053,909,1
76054,909,1
76055,909,7
76056,909,1
76057,909,3
76060,909,1
76062,909,2
76063,909,5
76064,909,5
76065,909,1
76067,909,6
76071,909,1
76077,909,2
76081,909,1
76084,909,13
76086,909,4
76087,909,19
76089,909,1
76090,909,2
76092,909,2
76095,909,2
76097,909,2
76099,909,4
76101,909,46
76103,909,8
76104,909,10
76107,909,2
76112,909,5
76113,909,5
76114,909,1
76115,909,1
76116,909,2
76119,909,31
76120,909,3
76121,909,7
76122,909,8
76124,909,2394
76128,909,1
76130,909,6
76133,909,1015
76134,909,269
76135,909,437
76137,909,106
76138,909,1
76140,909,9
76143,909,1
76144,909,1
76147,909,16
76150,909,1
76151,909,11
76152,909,15
76153,909,2
76154,909,1
76155,909,1
76156,909,9
76157,909,1
76159,909,2
76160,909,4
76161,909,1
76162,909,1
76165,909,33
76166,909,48
76170,909,2
76172,909,1
76174,909,3
76176,909,14
76177,909,9
76179,909,3
76183,909,574
76188,909,9
76189,909,9
76191,909,4
76196,909,77
76203,909,2
76205,909,1
76207,909,1
76210,909,10
76215,909,138
76221,909,62
76223,909,1
76225,909,4
76227,909,13
76230,909,18
76232,909,2
76233,909,2
76234,909,86
76235,909,2
76236,909,2
76237,909,4
76238,909,54
76240,909,58
76243,909,45
76247,909,8
76248,909,7150
76251,909,298
76252,909,174
76253,909,962
76255,909,1197
76256,909,41
76258,909,4105
76259,909,1042
76260,909,1
76261,909,4
76262,909,7
76265,909,132
76267,909,5
76268,909,57
76269,909,270
76271,909,2
76272,909,114
76273,909,35
76283,909,2
76286,909,2
76287,909,7
76291,909,1
76294,909,3
76302,909,1
76320,909,3
76336,909,4
76340,909,1
76347,909,1
76348,909,1
76350,909,2
76357,909,1
76361,909,4
76367,909,1
76378,909,6
76379,909,1
76382,909,1
76389,909,1
76391,909,1
76393,909,3
76394,909,1
76395,909,1
76408,909,2
76420,909,3
76429,909,1
76430,909,1
76432,909,1
76446,909,1
76468,909,1
76471,909,1
76477,909,1
76478,909,1
76479,909,108
76483,909,20
76484,909,1
76486,909,1
76487,909,2
76488,909,3
76489,909,1
76491,909,1
76492,909,65
76493,909,10
76494,909,1
76497,909,1
76498,909,13
76503,909,2
76505,909,50
76510,909,161
76516,909,18
76520,909,1
76522,909,7
76526,909,30
76527,909,1
76530,909,2
76532,909,1
76533,909,1
76537,909,1
76539,909,6
76540,909,4
76541,909,9
76547,909,2
76550,909,1
76557,909,1
76559,909,1
76560,909,1
76566,909,9
76568,909,28
76569,909,1
76571,909,266
76574,909,3
76575,909,1
76577,909,2
76579,909,6
76580,909,1908
76581,909,13
76583,909,355
76585,909,1
76586,909,1
76592,909,77
76593,909,240
76594,909,2
76595,909,1
76596,909,1
76599,909,63
76600,909,37
76602,909,6
76603,909,4
76607,909,17
76610,909,111
76611,909,1
76612,909,1
76613,909,1
76619,909,2011
76622,909,7
76623,909,36
76625,909,1
76626,909,15
76627,909,68
76630,909,3
76631,909,1
76634,909,3
76635,909,8
76636,909,4
76640,909,5
76642,909,2
76643,909,1
76644,909,941
76645,909,9
76646,909,12
76647,909,210
76650,909,1
76651,909,2
76652,909,1
76654,909,77
76655,909,13
76661,909,2
76662,909,4
76667,909,1
76668,909,2
76671,909,7
76679,909,2
76685,909,10
76687,909,1
76688,909,2
76691,909,3
76692,909,10
76696,909,1
76702,909,8
76705,909,2
76708,909,2
76711,909,1
76712,909,3
76715,909,1
76725,909,3
76726,909,7
76733,909,3
76734,909,3
76735,909,7
76738,909,3
76744,909,1
76749,909,29
76751,909,16
76752,909,29
76755,909,3
76757,909,1
76758,909,1
76761,909,1
76765,909,8
76766,909,1
76767,909,3
76768,909,31
76771,909,1
76778,909,2
76779,909,2
76794,909,40
76795,909,2
76803,909,1
76805,909,215
76807,909,3
76810,909,3
76812,909,3
76819,909,2
76820,909,3
76821,909,3
76822,909,110
76826,909,37
76828,909,2
76829,909,5
76830,909,1
76831,909,1
76835,909,1
76837,909,11
76838,909,1
76842,909,103
76845,909,2
76846,909,7
76852,909,11
76853,909,2
76854,909,1
76860,909,35
76864,909,3
76868,909,5
76869,909,1
76874,909,1
76876,909,6
76877,909,12
76878,909,776
76880,909,22
76881,909,1
76882,909,1
76885,909,1
76886,909,44
76890,909,46
76891,909,36
76892,909,6
76894,909,42
76898,909,1
76899,909,34
76900,909,2043
76902,909,4
76903,909,99
76905,909,344
76906,909,452
76907,909,6
76908,909,16
76909,909,15
76910,909,62
76911,909,27
76913,909,24
76914,909,9
76915,909,23
76916,909,94
76918,909,2
76919,909,35
76921,909,458
76923,909,2
76924,909,614
76926,909,225
76927,909,2
76928,909,81
76930,909,713
76931,909,20
76937,909,3
76938,909,8
76939,909,9
76942,909,3
76943,909,13
76944,909,2
76946,909,5
76947,909,14
76948,909,12
76949,909,46
76950,909,7
76951,909,22
76952,909,8
76953,909,2
76954,909,302
76956,909,44
76957,909,10
76960,909,2
76961,909,261
76962,909,228
76963,909,12
76964,909,509
76965,909,228
76966,909,2
76967,909,15
76968,909,93
76970,909,28
76971,909,2
76972,909,1
76973,909,46
76974,909,111
76976,909,112
76977,909,36
76978,909,2
76980,909,36
76981,909,76
76982,909,28
76983,909,186
76984,909,4
76987,909,1
76988,909,6
76989,909,1
76991,909,3
76993,909,10
76994,909,14
76995,909,75
76997,909,4
77001,909,152
77003,909,19
77004,909,92
77007,909,31
77008,909,1
77009,909,1
77010,909,1
77011,909,11
77013,909,1
77014,909,4
77015,909,7
77016,909,1
77017,909,66
77019,909,1
77020,909,4
77021,909,4
77022,909,2
77023,909,3
77025,909,977
77035,909,1
77036,909,6
77037,909,1
77040,909,6
77041,909,3
77042,909,153
77043,909,338
77044,909,1
77045,909,3
77046,909,20
77047,909,3
77050,909,2
77052,909,78
77054,909,5
77055,909,70
77057,909,18
77058,909,26
77059,909,24
77062,909,41
77063,909,8
77064,909,3
77066,909,5
77068,909,1
77069,909,36
77071,909,61
77072,909,91
77073,909,1
77075,909,5
77076,909,11
77078,909,3
77079,909,1
77080,909,5
77081,909,36
77083,909,1
77084,909,1
77085,909,1124
77087,909,36
77088,909,4
77089,909,10
77090,909,2
77092,909,13
77093,909,3
77094,909,8
77096,909,205
77098,909,7
77100,909,26
77104,909,1
77105,909,1
77108,909,2
77109,909,2
77112,909,1
77113,909,3
77115,909,16
77116,909,24
77123,909,1
77125,909,7
77127,909,1
77133,909,8
77135,909,1
77138,909,46
77139,909,10
77140,909,3
77141,909,7
77142,909,7
77144,909,63
77148,909,4
77149,909,24
77150,909,57
77151,909,15
77153,909,24
77154,909,1
77156,909,18
77157,909,4
77158,909,10
77159,909,35
77162,909,4
77163,909,12
77164,909,14
77166,909,1
77167,909,1
77168,909,1
77169,909,5
77170,909,22
77172,909,10
77177,909,9
77183,909,1
77184,909,2
77187,909,1
77188,909,6
77189,909,8
77192,909,19
77193,909,9
77194,909,15
77195,909,55
77196,909,4
77197,909,108
77198,909,13
77199,909,8
77200,909,1
77206,909,148
77210,909,6
77211,909,72
77213,909,1
77215,909,119
77216,909,15
77217,909,11
77218,909,2
77220,909,1
77221,909,5
77222,909,1
77223,909,19
77227,909,11
77228,909,1
77230,909,2
77231,909,1
77232,909,107
77239,909,16
77240,909,1
77241,909,52
77242,909,19
77244,909,12
77245,909,176
77252,909,1
77255,909,65
77257,909,19
77258,909,60
77260,909,17
77261,909,1
77263,909,64
77266,909,2
77267,909,1
77269,909,63
77272,909,1
77273,909,1
77280,909,1
77283,909,1
77290,909,1
77291,909,1
77292,909,1
77299,909,2
77303,909,2
77310,909,1
77321,909,1
77322,909,2
77324,909,1
77339,909,1
77340,909,4
77345,909,1
77346,909,3
77355,909,5
77356,909,1
77358,909,3
77360,909,1
77363,909,1
77365,909,2
77366,909,7
77369,909,1
77373,909,4
77394,909,10
77395,909,4
77396,909,2
77398,909,4
77402,909,1
77403,909,7
77404,909,3
77405,909,1
77410,909,2
77412,909,18
77414,909,578
77417,909,1
77419,909,5
77423,909,8
77429,909,3
77432,909,2
77433,909,17
77440,909,1
77442,909,1
77443,909,3
77447,909,3
77454,909,2
77455,909,2
77461,909,1
77463,909,1
77465,909,1
77466,909,1
77467,909,14
77470,909,7
77473,909,4
77474,909,20
77477,909,1
77478,909,1
77481,909,1
77485,909,28
77489,909,3
77491,909,1
77493,909,10
77495,909,1
77497,909,1
77499,909,2
77500,909,2
77504,909,1
77506,909,1
77507,909,2
77510,909,1
77513,909,28
77520,909,202
77524,909,1
77526,909,16
77529,909,16
77530,909,1
77532,909,6
77535,909,1
77536,909,3
77538,909,10
77546,909,1
77549,909,3
77556,909,2
77557,909,2
77558,909,1
77559,909,8
77560,909,1
77561,909,4
77563,909,1
77566,909,1
77568,909,1
77573,909,4
77575,909,36
77576,909,58
77579,909,11
77581,909,2
77584,909,89
77585,909,7
77591,909,2
77592,909,1
77594,909,67
77597,909,527
77601,909,2
77603,909,2
77604,909,22
77605,909,45
77606,909,1
77607,909,19
77609,909,1
77611,909,71
77613,909,4
77614,909,3
77615,909,3
77618,909,1
77627,909,2
77628,909,7
77631,909,8
77634,909,13
77637,909,11
77638,909,889
77639,909,1
77640,909,148
77642,909,1
77644,909,2
77645,909,1
77648,909,2
77650,909,120
77652,909,213
77653,909,1
77654,909,34
77656,909,2
77657,909,3
77667,909,78
77670,909,14
77675,909,15
77676,909,10
77677,909,19
77688,909,2
77689,909,2
77690,909,2
77693,909,7
77694,909,2
77695,909,32
77701,909,1
77703,909,1
77719,909,1
77720,909,14
77734,909,8
77736,909,1
77737,909,1
77738,909,4
77739,909,159
77741,909,3
77745,909,1
77747,909,36
77748,909,3
77751,909,11
77752,909,6
77755,909,1
77757,909,3
77758,909,2
77759,909,1
77763,909,1
77766,909,1
77777,909,1
77785,909,1
77790,909,4
77793,909,59
77800,909,1
77802,909,2
77803,909,22
77806,909,315
77807,909,1
77810,909,28
77812,909,1
77815,909,7
77816,909,13
77817,909,21
77818,909,1
77819,909,19
77820,909,6
77821,909,26
77825,909,1
77828,909,2
77830,909,54
77832,909,4
77835,909,19
77838,909,77
77839,909,453
77840,909,1
77841,909,1
77842,909,1640
77844,909,4
77845,909,18
77847,909,2
77848,909,3
77850,909,1
77851,909,30
77852,909,1
77854,909,76
77855,909,1
77857,909,8
77858,909,24
77859,909,1
77862,909,115
77864,909,2
77866,909,1
77867,909,5
77869,909,2
77870,909,2
77873,909,1
77874,909,1
77875,909,1
77877,909,2
77881,909,15
77885,909,32
77887,909,16
77888,909,4
77890,909,2
77891,909,74
77897,909,13
77899,909,1
77900,909,1
77901,909,1
77904,909,3
77905,909,1
77906,909,3
77909,909,4
77912,909,1334
77921,909,2
77924,909,1
77926,909,2
77929,909,14
77930,909,88
77931,909,1
77933,909,1
77934,909,7
77935,909,35
77938,909,5
77939,909,1
77943,909,3
77944,909,65
77945,909,1
77947,909,34
77949,909,3
77950,909,8
77951,909,1
77953,909,3
77954,909,1
77957,909,12
77959,909,12
77960,909,136
77964,909,4
77965,909,5
77968,909,1
77970,909,16
77971,909,1
77976,909,5
77979,909,1
77980,909,1
77982,909,3
77983,909,1
77998,909,30
77999,909,378
78004,909,19
78005,909,3
78009,909,26
78010,909,108
78012,909,23
78013,909,1
78015,909,2
78017,909,3
78020,909,9
78023,909,6
78024,909,13
78025,909,7
78029,909,1
78033,909,1
78040,909,6
78041,909,16
78042,909,16
78043,909,81
78045,909,1
78046,909,507
78047,909,17
78048,909,2
78051,909,1
78052,909,1
78055,909,8
78066,909,1
78067,909,3
78069,909,41
78070,909,2
78075,909,1
78082,909,2
78084,909,223
78086,909,2
78087,909,3
78089,909,5
78095,909,30
78097,909,1
78098,909,1
78099,909,4
78100,909,1
78101,909,5
78103,909,17
78104,909,4
78106,909,1
78109,909,1
78112,909,6
78113,909,6
78114,909,187
78120,909,90
78121,909,1
78122,909,1
78123,909,9
78126,909,1
78127,909,2
78128,909,2
78130,909,14
78131,909,3652
78138,909,6
78139,909,9
78140,909,2
78141,909,1278
78144,909,2
78148,909,105
78149,909,583
78150,909,302
78151,909,10
78154,909,1
78155,909,6
78156,909,57
78160,909,3783
78161,909,7
78162,909,30
78165,909,2
78166,909,430
78167,909,2
78171,909,5
78172,909,14
78173,909,312
78174,909,4
78175,909,69
78176,909,63
78177,909,1
78178,909,1
78179,909,10
78180,909,4
78181,909,1
78182,909,7
78184,909,4
78186,909,2
78188,909,23
78190,909,14
78191,909,181
78199,909,12
78204,909,40
78209,909,12
78213,909,2
78215,909,2
78216,909,1
78219,909,1
78221,909,40
78223,909,3
78225,909,2
78226,909,14
78227,909,8
78229,909,2
78232,909,32
78236,909,22
78237,909,1
78238,909,21
78245,909,5
78246,909,3
78247,909,39
78248,909,41
78249,909,165
78250,909,2
78252,909,7
78254,909,8
78255,909,7
78256,909,16
78258,909,12
78260,909,36
78262,909,1
78264,909,8
78265,909,10
78266,909,2
78267,909,1
78276,909,7
78277,909,4
78278,909,1
78279,909,2
78280,909,122
78284,909,18
78286,909,257
78288,909,42
78294,909,6
78295,909,78
78297,909,5
78300,909,1
78302,909,2
78304,909,105
78305,909,35
78306,909,3
78308,909,2
78309,909,1
78310,909,3
78311,909,2
78312,909,21
78313,909,3
78314,909,55
78315,909,11
78316,909,1
78319,909,1
78322,909,1
78323,909,1
78325,909,1
78329,909,2
78330,909,4
78334,909,1
78335,909,1
78337,909,2
78338,909,1
78345,909,29
78346,909,81
78347,909,3
78348,909,64
78349,909,1
78352,909,4
78355,909,2
78365,909,1
78367,909,32
78370,909,160
78371,909,340
78372,909,453
78373,909,190
78375,909,2
78377,909,1
78379,909,124
78381,909,1
78382,909,444
78383,909,211
78385,909,1
78393,909,1
78395,909,1
78397,909,5
78399,909,1
78402,909,1
78403,909,11
78408,909,37
78412,909,144
78414,909,4
78419,909,129
78421,909,2
78422,909,14240
78423,909,25
78425,909,1
78426,909,62
78427,909,4
78429,909,319
78430,909,1
78432,909,1344
78436,909,56
78437,909,8
78438,909,1
78439,909,1
78440,909,2
78441,909,13
78443,909,1
78445,909,1
78447,909,56
78448,909,36
78450,909,6
78453,909,4
78454,909,80
78456,909,144
78457,909,704
78458,909,1
78459,909,3
78460,909,3
78461,909,85
78462,909,14
78463,909,11
78465,909,101
78466,909,1
78468,909,1
78469,909,1106
78472,909,76
78473,909,1
78475,909,7
78477,909,5
78479,909,24
78481,909,1
78483,909,2
78490,909,1
78497,909,1
78504,909,4
78513,909,4
78514,909,1
78521,909,1
78524,909,2
78525,909,4
78532,909,1
78546,909,2
78551,909,1
78553,909,2
78555,909,1
78556,909,2
78562,909,6
78572,909,2
78574,909,1
78575,909,1
78578,909,4
78579,909,1
78580,909,40
78581,909,2
78582,909,685
78583,909,2674
78584,909,1
78585,909,1
78586,909,2
78587,909,3779
78588,909,109
78589,909,2
78590,909,40
78592,909,1
78593,909,1
78594,909,4
78595,909,3
78597,909,1
78598,909,84
78599,909,1
78600,909,1
78601,909,1
78602,909,8
78603,909,63
78604,909,56
78605,909,5
78606,909,7
78607,909,8
78608,909,1351
78609,909,6
78611,909,1
78612,909,2
78613,909,33
78614,909,3
78615,909,5
78617,909,1
78619,909,1
78621,909,3
78623,909,2
78629,909,9
78632,909,1
78641,909,13
78645,909,11
78646,909,3
78648,909,13
78649,909,41
78654,909,1
78655,909,1
78656,909,20
78659,909,8
78661,909,55
78667,909,153
78668,909,1
78669,909,1
78670,909,22
78672,909,109
78676,909,1
78679,909,156
78680,909,1
78681,909,2
78682,909,3
78684,909,1
78686,909,23
78689,909,5
78691,909,5
78692,909,6
78694,909,6
78696,909,1
78697,909,2
78698,909,22
78699,909,1
78700,909,241
78703,909,7
78707,909,5
78711,909,35
78712,909,5
78716,909,1
78717,909,3
78718,909,2
78720,909,1
78722,909,2
78724,909,1
78731,909,3
78736,909,7
78737,909,35
78738,909,1
78741,909,1
78742,909,3
78743,909,45
78744,909,5
78745,909,13
78746,909,5
78748,909,1
78749,909,1
78750,909,68
78751,909,1
78755,909,20
78756,909,1
78757,909,1
78759,909,1
78761,909,2
78762,909,1
78764,909,3
78765,909,33
78766,909,8
78768,909,4
78769,909,1
78770,909,28
78771,909,14
78772,909,1
78782,909,188
78783,909,66
78784,909,1
78785,909,370
78786,909,1
78787,909,3
78788,909,17
78789,909,8
78790,909,1
78792,909,12
78793,909,1
78794,909,4
78795,909,28
78796,909,59
78797,909,15
78799,909,2
78800,909,1
78801,909,404
78802,909,10
78803,909,8
78804,909,4
78806,909,2
78807,909,6
78808,909,27
78809,909,4
78810,909,5
78811,909,12
78812,909,1400
78813,909,2
78814,909,1
78815,909,952
78816,909,22
78817,909,2176
78818,909,1
78820,909,101
78821,909,31
78822,909,1
78823,909,5
78824,909,251
78825,909,39
78826,909,118
78828,909,9
78829,909,6
78830,909,32
78831,909,44
78832,909,173
78833,909,10
78835,909,168
78838,909,3
78840,909,292
78841,909,1
78842,909,1
78843,909,3
78845,909,319
78846,909,5
78849,909,2
78850,909,2
78857,909,52
78858,909,4
78859,909,663
78862,909,56
78865,909,320
78866,909,80
78868,909,75
78869,909,1
78871,909,3
78872,909,12
78873,909,98
78874,909,1
78875,909,213
78876,909,1
78877,909,2
78878,909,4
78880,909,1
78881,909,768
78883,909,28
78884,909,23
78886,909,167
78887,909,2
78888,909,69
78889,909,85
78890,909,12
78891,909,1
78892,909,2
78894,909,4
78897,909,292
78898,909,5
78899,909,1
78901,909,15
78903,909,4
78905,909,2
78906,909,3
78908,909,3
78909,909,1
78910,909,4
78911,909,9
78914,909,24
78917,909,1
78920,909,1
78922,909,1
78924,909,1
78926,909,11
78927,909,4
78929,909,17
78932,909,4
78935,909,10
78941,909,6
78945,909,1
78946,909,6
78948,909,15
78955,909,2
78957,909,1
78961,909,1
78962,909,4
78966,909,1
78968,909,2
78969,909,93
78971,909,3
78974,909,6
78975,909,2
78981,909,17
78982,909,5
78990,909,1
78992,909,2
78996,909,2
78997,909,2
78999,909,1
79002,909,37
79003,909,12
79008,909,548
79018,909,32
79019,909,1
79021,909,2
79024,909,1
79025,909,1
79027,909,3
79028,909,1
79029,909,1
79035,909,1
79042,909,1
79047,909,4
79051,909,135
79052,909,6
79054,909,1
79056,909,1
79057,909,1
79058,909,1
79060,909,7
79066,909,5
79067,909,147
79070,909,3
79071,909,215
79073,909,28
79074,909,85
79075,909,26
79078,909,1
79079,909,3
79082,909,43
79083,909,1
79084,909,209
79085,909,2
79087,909,1
79091,909,7
79093,909,3
79094,909,3
79095,909,2
79098,909,1
79099,909,1
79100,909,1
79101,909,1
79104,909,40
79120,909,1
79121,909,1
79123,909,8
79125,909,1
79129,909,10
79131,909,4
79135,909,1
79136,909,1
79137,909,2
79138,909,23
79140,909,1
79144,909,6
79149,909,16
79151,909,2
79158,909,1
79159,909,5
79160,909,1
79163,909,1
79164,909,11
79165,909,3
79167,909,1
79168,909,1
79169,909,1
79170,909,2
79176,909,2
79184,909,1
79192,909,3
79201,909,137
79202,909,1
79204,909,2
79205,909,1
79206,909,166
79210,909,23
79212,909,1
79213,909,153
79214,909,13
79217,909,15
79218,909,1
79221,909,1
79222,909,5
79223,909,1
79227,909,1
79231,909,10
79232,909,24
79233,909,5
79234,909,1
79235,909,2
79236,909,1
79237,909,2
79238,909,24
79240,909,7
79244,909,2
79247,909,346
79249,909,3
79256,909,1
79257,909,53
79261,909,2
79265,909,9
79267,909,10
79269,909,14
79270,909,1
79273,909,8
79274,909,1
79275,909,16
79277,909,1
79281,909,2
79282,909,13
79284,909,256
79285,909,81
79287,909,5
79289,909,2
79290,909,129
79291,909,54
79292,909,4
79294,909,26
79295,909,5
79296,909,2
79298,909,6
79300,909,17
79301,909,7
79303,909,1
79304,909,1
79305,909,2
79311,909,4
79313,909,4
79319,909,65
79322,909,1
79325,909,2
79328,909,1
79331,909,6
79333,909,7
79346,909,4
79348,909,2
79354,909,1
79360,909,6
79363,909,1
79365,909,3
79372,909,1
79377,909,3
79379,909,3
79393,909,3
79394,909,53
79396,909,1
79397,909,1
79404,909,1
79407,909,1
79409,909,8
79413,909,1
79419,909,4
79422,909,1
79425,909,2
79430,909,2
79439,909,1
79440,909,14
79441,909,1
79442,909,7
79443,909,14
79445,909,52
79448,909,1
79449,909,4
79450,909,7
79451,909,3
79453,909,6
79455,909,1
79457,909,134
79458,909,2
79459,909,1
79460,909,22
79464,909,3
79467,909,1
79468,909,1
79469,909,4
79471,909,5
79472,909,122
79473,909,1
79475,909,9
79477,909,2
79478,909,2
79479,909,22
79481,909,6
79483,909,20
79485,909,2
79488,909,1
79490,909,27
79492,909,1
79493,909,11
79496,909,2
79497,909,11
79498,909,2
79501,909,6
79502,909,5
79503,909,8
79504,909,91
79505,909,3
79506,909,21
79507,909,9
79510,909,27
79511,909,1
79512,909,6
79518,909,66
79519,909,4
79520,909,1
79521,909,194
79522,909,4
79523,909,1
79524,909,11
79526,909,1
79527,909,1
79529,909,104
79530,909,40
79531,909,1
79534,909,1
79535,909,2
79536,909,43
79537,909,7
79538,909,2
79539,909,828
79540,909,2
79541,909,3
79542,909,1
79545,909,24
79550,909,1
79551,909,1
79552,909,4
79553,909,11
79555,909,1
79556,909,33
79558,909,15
79560,909,17
79561,909,3
79563,909,2
79564,909,102
79565,909,7
79566,909,4
79568,909,9
79570,909,3
79571,909,12
79573,909,1
79574,909,153
79576,909,11
79577,909,1
79578,909,1
79579,909,1
79584,909,2
79587,909,3
79588,909,2
79589,909,94
79590,909,2
79594,909,5
79595,909,2
79599,909,46
79600,909,1
79602,909,9
79603,909,34
79605,909,6
79607,909,2
79610,909,3
79611,909,13
79612,909,824
79613,909,2
79614,909,58
79618,909,336
79619,909,35
79620,909,22
79621,909,1
79625,909,1
79626,909,1
79628,909,223
79630,909,12
79636,909,3
79647,909,1
79655,909,31
79657,909,2
79661,909,1
79662,909,3
79663,909,203
79664,909,1
79667,909,71
79668,909,2
79669,909,26
79671,909,1
79672,909,12
79679,909,1
79680,909,425
79682,909,4
79683,909,3
79686,909,12
79688,909,29
79689,909,113
79690,909,1
79692,909,25
79693,909,38
79698,909,13
79699,909,1
79700,909,13
79701,909,1
79702,909,18
79704,909,298
79705,909,67
79706,909,38
79708,909,12
79709,909,156
79710,909,4
79711,909,17
79713,909,348
79715,909,315
79716,909,4
79717,909,1
79720,909,1975
79721,909,239
79723,909,5
79724,909,370
79725,909,35
79726,909,1
79727,909,112
79731,909,3
79732,909,3717
79733,909,1
79734,909,3
79735,909,10443
79737,909,7095
79738,909,24
79741,909,5293
79744,909,553
79747,909,62
79748,909,575
79749,909,21
79750,909,8
79753,909,3
79754,909,2
79757,909,583
79758,909,4
79759,909,36
79760,909,83
79762,909,5
79765,909,4375
79766,909,15576
79768,909,4
79769,909,5
79770,909,17
79771,909,1
79772,909,1
79773,909,10
79774,909,4
79775,909,2390
79776,909,2
79778,909,209
79782,909,76
79785,909,2
79786,909,1
79787,909,4
79790,909,17
79794,909,1113
79795,909,1
79797,909,1
79804,909,2
79807,909,1
79810,909,1
79815,909,2
79816,909,566
79817,909,8
79820,909,4
79821,909,1
79823,909,4
79825,909,2
79829,909,1
79830,909,10
79834,909,3
79835,909,88
79839,909,1
79843,909,4
79845,909,2
79848,909,1
79849,909,22
79850,909,15
79852,909,2
79853,909,4
79854,909,4
79863,909,1
79864,909,2
79866,909,1
79867,909,2
79868,909,1
79869,909,1
79870,909,2
79872,909,1
79876,909,2
79877,909,4
79879,909,1
79880,909,1
79882,909,1
79884,909,2
79885,909,117
79886,909,1
79888,909,2
79889,909,76
79890,909,1
79891,909,2
79905,909,5
79907,909,6
79908,909,4
79910,909,2
79914,909,2
79915,909,2
79916,909,1
79918,909,1
79923,909,43
79924,909,1
79941,909,5
79944,909,1
79946,909,1
79948,909,6
79952,909,1
79959,909,8
79963,909,3
79971,909,1
79972,909,2
79973,909,2
79974,909,13
79976,909,2
79981,909,4
79982,909,1
79983,909,1
79987,909,17
79989,909,1
79992,909,1
79994,909,1
79996,909,3
79998,909,1
79999,909,7
80000,909,1
80003,909,2
80004,909,11
80005,909,3
80007,909,3
80008,909,1
80009,909,1
80013,909,1
80014,909,23
80016,909,1
80017,909,102
80019,909,1
80020,909,63
80021,909,40
80022,909,13
80023,909,1
80024,909,54
80026,909,2
80027,909,207
80029,909,1
80031,909,47
80032,909,4
80033,909,12
80035,909,175
80036,909,6
80037,909,159
80040,909,11
80042,909,4
80045,909,5
80048,909,76
80049,909,41
80050,909,16
80051,909,6
80053,909,4
80056,909,6
80057,909,28
80058,909,5
80060,909,3
80061,909,5
80062,909,2
80063,909,58
80064,909,68
80065,909,13
80067,909,124
80069,909,95
80070,909,1
80071,909,1
80072,909,107
80073,909,1
80074,909,5
80075,909,7
80078,909,10
80080,909,7
80081,909,87
80082,909,466
80083,909,1
80084,909,2
80085,909,28
80086,909,100
80087,909,4
80088,909,121
80089,909,9
80092,909,1
80093,909,1
80116,909,1
80117,909,1
80129,909,1
80133,909,6
80136,909,5
80143,909,1
80149,909,1
80155,909,1
80169,909,1
80180,909,2
80224,909,1
80225,909,96
80226,909,1
80227,909,6
80232,909,10
80242,909,1
80244,909,6
80252,909,2
80256,909,1
80257,909,1
80298,909,3
80301,909,1
80314,909,1
80323,909,1
80326,909,2
80331,909,5
80337,909,1
80348,909,3
80362,909,1
80368,909,1
80375,909,2
80379,909,3
80380,909,1
80384,909,1
80385,909,1
80387,909,20
80388,909,2
80397,909,2
80454,909,8
80456,909,1
80458,909,1
80476,909,1
80483,909,1
80492,909,1
80496,909,3
80497,909,1
80499,909,1
80521,909,1
80532,909,3
80534,909,1
80543,909,3
80551,909,2
80617,909,2
80625,909,1
80634,909,1
80650,909,1
80695,909,1
80706,909,5
80710,909,1
80711,909,2
80729,909,2
80737,909,2
80740,909,1
80741,909,2
80742,909,1
80743,909,1
80746,909,1
80749,909,1
80753,909,1
80758,909,1
80767,909,1
80769,909,1
80770,909,2
80772,909,4
80779,909,6
80781,909,3
80783,909,4
80784,909,1
80791,909,1
80797,909,3
80799,909,1
80801,909,2
80802,909,1
80804,909,6
80812,909,2
80814,909,1
80815,909,2
80817,909,1
80819,909,2
80825,909,2
80897,909,86
80898,909,4
80899,909,29
80900,909,27
80908,909,1
80924,909,1
80929,909,1
80933,909,1
80951,909,1
80954,909,8
80957,909,1
80959,909,1
80989,909,2
80990,909,2
80996,909,4
81004,909,3
81010,909,1
81019,909,1
81052,909,1
81070,909,8
81073,909,1
81085,909,1
81086,909,1
81087,909,1
81091,909,4
81095,909,1
81096,909,7
81099,909,1
81100,909,2
81111,909,3
81112,909,1
81113,909,1
81114,909,1
81115,909,20
81116,909,4
81119,909,1
81120,909,3
81125,909,1
81131,909,1
81142,909,1
81170,909,21
81171,909,57
81172,909,2
81173,909,45
81177,909,3
81180,909,1
81190,909,1
81192,909,22
81195,909,113
81196,909,239
81197,909,319
81198,909,134
81200,909,2
81202,909,1
81204,909,87
81206,909,1
81207,909,312
81208,909,148
81210,909,1
81211,909,56
81215,909,1
81216,909,5
81224,909,1
81225,909,3
81230,909,4
81253,909,1
81255,909,1
81264,909,1
81290,909,1
81317,909,4
81322,909,1
81336,909,1
81340,909,1
81347,909,1
81359,909,1
81367,909,1
81369,909,2
81378,909,3
81387,909,9
81388,909,6
81390,909,14
81391,909,1
81394,909,2
81396,909,1
81401,909,1
81403,909,1
81404,909,1
81405,909,1
81409,909,2
81411,909,1
81416,909,1
81417,909,2
81420,909,1
81425,909,1
81431,909,1
81433,909,2
81442,909,1
81445,909,2
81449,909,1
81453,909,1
81457,909,1
81458,909,2
81472,909,9
81477,909,1
81481,909,2
81499,909,1
81501,909,12
81515,909,1
81523,909,2
81525,909,2
81527,909,1
81531,909,2
81582,909,1
81584,909,1
81586,909,1
81600,909,2
81611,909,2
81612,909,1
81615,909,1
81638,909,10
81639,909,44
81640,909,148
81641,909,648
81642,909,10
81643,909,2342
81644,909,5
81645,909,45
81646,909,4
81647,909,25
81648,909,101
81649,909,14
81650,909,4
81651,909,10
81652,909,7
81653,909,11
81654,909,3
81655,909,7
81656,909,10
81657,909,15
81658,909,6
81663,909,2
81664,909,1
81672,909,3
81677,909,1
81688,909,1
81690,909,1
81703,909,1
81704,909,23
81713,909,1
81718,909,4
81727,909,2
81733,909,18
81734,909,4
81735,909,150
81736,909,13
81744,909,1
81752,909,3
81762,909,2
81772,909,1
81782,909,2
81786,909,1
81791,909,1
81794,909,4
81801,909,2
81802,909,1
81806,909,1
81809,909,16
81830,909,1
81837,909,4
81843,909,1
81859,909,11
81861,909,1
81864,909,1
81870,909,2
81882,909,1
81886,909,1
81889,909,1
81890,909,1
81892,909,2
81898,909,4
81899,909,10
81900,909,7
81902,909,5
81903,909,1
81905,909,1
81908,909,1
81913,909,4
81914,909,15
81919,909,2
81924,909,1
81939,909,1
81985,909,1
81993,909,1
81998,909,1
82000,909,1
82018,909,1
82019,909,1
82022,909,1
82029,909,3
82033,909,1
82035,909,1
82049,909,2
82065,909,1
82068,909,1
82089,909,1
82092,909,14
82093,909,171
82097,909,1
82099,909,1
82100,909,13
82101,909,57
82105,909,29
82106,909,2
82108,909,1
82112,909,5
82116,909,2
82117,909,2
82121,909,1
82130,909,1
82131,909,1
82136,909,1
82143,909,1
82146,909,1
82148,909,1
82156,909,1
82163,909,1
82164,909,1
82169,909,2
82172,909,2
82175,909,216
82176,909,3
82177,909,13
82183,909,22
82185,909,1
82192,909,1
82195,909,1
82197,909,1
82200,909,13
82201,909,1
82202,909,898
82203,909,2
82205,909,318
82206,909,1
82208,909,14
82210,909,421
82211,909,33
82212,909,4
82213,909,1
82216,909,7
82217,909,1
82218,909,26
82220,909,7
82221,909,539
82222,909,1
82223,909,2
82224,909,1
82225,909,2
82226,909,76
82227,909,1
82228,909,79
82229,909,24
82230,909,4
82231,909,1
82233,909,1
82234,909,5
82237,909,1
82239,909,1
82241,909,6
82244,909,14
82245,909,4
82247,909,11
82249,909,2
82252,909,1
82254,909,15
82255,909,345
82256,909,1
82258,909,18
82259,909,3
82260,909,2
82261,909,1
82262,909,5
82267,909,1
82290,909,1
82305,909,1
82309,909,37
82310,909,16
82311,909,9
82312,909,184
82315,909,38
82318,909,8
82323,909,2
82324,909,14
82325,909,1
82335,909,4
82381,909,1
82387,909,2
82422,909,72
82425,909,30
82426,909,8
82427,909,13
82428,909,3
82447,909,5
82448,909,7
82456,909,2
82457,909,1
82463,909,81
82467,909,1
82468,909,1
82469,909,1
82471,909,11
82479,909,1
82481,909,20
82487,909,9
82490,909,1
82492,909,2
82495,909,12
82497,909,1
82498,909,1
82499,909,58
82500,909,1
82501,909,2
82502,909,2
82503,909,37
82505,909,40
82508,909,30
82513,909,6
82514,909,4844
82517,909,202
82518,909,118
82519,909,652
82521,909,811
82522,909,28
82524,909,2781
82525,909,706
82526,909,1
82527,909,3
82528,909,5
82531,909,90
82534,909,4
82535,909,39
82536,909,183
82538,909,1
82539,909,77
82540,909,24
82543,909,1
82550,909,1
82556,909,3
82557,909,1
82562,909,1
82577,909,7
82579,909,1
82587,909,4
82588,909,1
82592,909,1
82597,909,3
82600,909,10
82602,909,1
82608,909,2
82619,909,1
82625,909,1
82627,909,7
82629,909,1
82631,909,1
82637,909,7
82644,909,3
82647,909,1
82690,909,1
82692,909,1
82693,909,1
82703,909,1
82714,909,1
82718,909,44
82720,909,1
82721,909,1
82723,909,1
82726,909,1
82727,909,1
82728,909,22
82731,909,8
82734,909,1
82739,909,2
82742,909,21
82745,909,2
82749,909,2
82756,909,38
82761,909,3
82766,909,6
82767,909,1
82772,909,1
82774,909,6
82775,909,1
82776,909,44
82777,909,1
82781,909,2
82783,909,3
82784,909,2
82787,909,2
82789,909,2
82790,909,115
82793,909,6
82794,909,19
82795,909,26
82797,909,1
82798,909,1
82799,909,3
82800,909,2
82802,909,1
82804,909,1
82805,909,5
82807,909,2
82809,909,26
82811,909,35
82812,909,13
82814,909,5
82815,909,40
82816,909,1
82822,909,1
82826,909,1
82827,909,1
82828,909,3
82830,909,1
82833,909,17
82835,909,3
82836,909,1
82839,909,15
82840,909,13
82841,909,1
82842,909,29
82843,909,13
82845,909,1
82846,909,5
82848,909,2
82851,909,3
82852,909,6
82854,909,6
82855,909,2
82858,909,2
82859,909,4
82860,909,2
82861,909,11
82869,909,1
82871,909,3
82874,909,2
82875,909,1
82884,909,1
82890,909,19
82897,909,3
82898,909,6
82905,909,1
82907,909,1
82911,909,1
82916,909,1
82918,909,1
82919,909,2
82922,909,3
82925,909,1
82930,909,2
82933,909,1
82934,909,2
82936,909,1
82941,909,1
82949,909,1
82957,909,1
82960,909,1
82962,909,3
82967,909,4
82969,909,2
82971,909,3
82977,909,2
82979,909,6
82982,909,3
82985,909,1
82987,909,34
82993,909,5
82995,909,16
82996,909,6
82998,909,4
82999,909,55
83009,909,20
83011,909,6
83012,909,19
83014,909,5
83016,909,20
83019,909,1
83022,909,20
83023,909,1
83024,909,2
83027,909,2
83028,909,1
83029,909,3
83030,909,1
83032,909,1
83033,909,2
83034,909,3
83036,909,4
83038,909,5
83041,909,1
83042,909,1
83044,909,1
83045,909,1
83057,909,1
83061,909,1
83066,909,1
83069,909,1
83074,909,2
83079,909,1
83090,909,2
83091,909,1
83094,909,1
83098,909,2
83099,909,1
83106,909,4
83108,909,14
83138,909,1
83158,909,4
83161,909,26
83164,909,2
83166,909,2
83168,909,1
83173,909,1
83183,909,1
83185,909,1
83196,909,5
83197,909,7
83200,909,1
83203,909,11
83204,909,1
83211,909,9
83214,909,216
83216,909,1
83218,909,1
83219,909,9
83220,909,18
83222,909,8
83226,909,29
83227,909,2
83228,909,1
83229,909,1
83243,909,27
83245,909,4
83249,909,4
83250,909,6
83252,909,1
83259,909,8
83264,909,2
83267,909,1
83277,909,2
83280,909,1
83291,909,1
83292,909,3
83311,909,8
83315,909,1
83328,909,1
83331,909,1
83332,909,2
83336,909,6
83342,909,7
83343,909,1
83344,909,562
83345,909,23
83346,909,14
83347,909,76
83348,909,94
83349,909,3
83350,909,323
83351,909,82
83352,909,1
83353,909,10
83356,909,4
83357,909,21
83358,909,9
83359,909,3
83361,909,1
83369,909,2
83370,909,14
83374,909,1
83388,909,1
83391,909,1
83392,909,59
83398,909,199
83401,909,1
83403,909,1
83407,909,62
83418,909,1
83425,909,1
83433,909,1
83435,909,89
83436,909,246
83437,909,9
83439,909,195
83440,909,2
83441,909,1
83443,909,12
83446,909,5
83450,909,1
83451,909,1
83454,909,1
83455,909,1
83456,909,3
83457,909,1
83458,909,97
83461,909,489
83462,909,1036
83463,909,1383
83464,909,581
83466,909,7
83468,909,3
83470,909,379
83472,909,4
83473,909,1355
83474,909,643
83475,909,1
83482,909,1
83486,909,2
83487,909,5
83489,909,19
83491,909,1
83493,909,1
83494,909,92
83497,909,2
83498,909,9
83503,909,1
83504,909,1
83505,909,5
83506,909,1
83508,909,1
83509,909,7
83513,909,1
83515,909,1
83520,909,1
83526,909,1
83533,909,4
83539,909,3
83547,909,1
83550,909,2
83551,909,4
83557,909,1
83569,909,2
83574,909,1
83575,909,2
83577,909,1
83578,909,2
83584,909,6
83594,909,2
83600,909,1
83602,909,12
83603,909,1
83605,909,207
83606,909,808
83609,909,1
83610,909,1143
83611,909,33
83612,909,1
83613,909,12
83617,909,1
83618,909,1
83621,909,25
83625,909,2
83626,909,19
83627,909,17
83628,909,2
83629,909,2
83630,909,2
83631,909,409
83632,909,2
83635,909,1
83636,909,10
83637,909,1
83638,909,2
83653,909,2
83669,909,1
83681,909,11
83682,909,4
83683,909,21
83685,909,1
83687,909,1
83690,909,2
83691,909,3
83692,909,1
83694,909,23
83695,909,1
83700,909,2
83703,909,1
83704,909,79
83706,909,53
83707,909,1
83708,909,122
83709,909,6
83710,909,2
83712,909,14
83713,909,2
83714,909,7
83715,909,1
83717,909,2
83718,909,2
83723,909,1
83724,909,1
83728,909,2
83730,909,1
83736,909,1
83738,909,2
83746,909,1
83753,909,1
83754,909,2
83756,909,4
83765,909,2
83766,909,1
83768,909,3
83769,909,1
83772,909,2
83774,909,1
83777,909,1
83778,909,3
83784,909,1
83790,909,16
83792,909,1
83794,909,1
83798,909,3
83799,909,1
83815,909,1
83817,909,9
83818,909,1
83832,909,4
83840,909,3
83842,909,5
83843,909,1
83844,909,2
83845,909,1
83847,909,1
83848,909,5
83860,909,2
83878,909,1
83883,909,1
83892,909,1
83903,909,1
83909,909,2
83910,909,2
83912,909,1
83918,909,3
83922,909,1
83923,909,1
83925,909,1
83936,909,2
83947,909,1
83950,909,1
83966,909,6
83973,909,1
83975,909,1
83996,909,4
84002,909,1
84010,909,1
84013,909,1
84014,909,3
84022,909,7
84025,909,1
84032,909,6
84037,909,1
84039,909,1
84042,909,1
84044,909,1
84046,909,1
84052,909,4
84054,909,1
84056,909,1
84061,909,3
84064,909,10
84067,909,1
84071,909,5
84072,909,2
84076,909,2
84079,909,41
84089,909,1
84094,909,2
84100,909,3
84108,909,2
84112,909,1
84115,909,1
84120,909,15
84122,909,1
84123,909,6
84124,909,1
84128,909,52
84131,909,1
84133,909,1
84134,909,13
84141,909,1
84142,909,4
84146,909,139
84148,909,8
84151,909,6
84153,909,2
84155,909,1
84159,909,12
84163,909,1
84164,909,3
84166,909,1
84167,909,1
84172,909,1
84173,909,9
84174,909,2
84175,909,1
84178,909,4
84182,909,10
84183,909,9
84186,909,19
84187,909,2
84189,909,4
84191,909,1
84193,909,37
84195,909,103
84196,909,70
84198,909,52
84199,909,5
84200,909,1
84201,909,6
84205,909,6
84208,909,1
84210,909,43
84211,909,153
84217,909,23
84218,909,2
84220,909,26
84223,909,1
84225,909,1
84228,909,6
84232,909,378
84242,909,1
84253,909,1
84254,909,192
84255,909,3
84263,909,1
84281,909,2
84283,909,1
84287,909,1
84289,909,1
84290,909,1
84298,909,7
84310,909,1
84314,909,1
84320,909,1
84322,909,1
84328,909,2
84333,909,1
84338,909,3
84346,909,1
84351,909,2
84361,909,4
84364,909,20
84367,909,13
84368,909,8
84369,909,3
84371,909,11
84374,909,41
84378,909,9
84379,909,1
84380,909,2
84382,909,35
84383,909,1
84384,909,31
84387,909,2
84389,909,1
84392,909,1
84395,909,15
84396,909,8
84397,909,3
84398,909,1
84400,909,1
84403,909,1
84404,909,6
84405,909,1
84407,909,1
84408,909,1
84410,909,12
84411,909,14
84412,909,3
84414,909,25
84416,909,19
84419,909,21
84421,909,1
84422,909,1
84425,909,2
84427,909,1
84428,909,17
84429,909,92
84432,909,6
84433,909,20
84434,909,1
84435,909,24
84436,909,2
84439,909,10
84440,909,4
84443,909,1
84475,909,1
84478,909,1
84508,909,1
84512,909,8
84513,909,103
84518,909,1
84519,909,8
84520,909,34
84522,909,18
84523,909,1
84525,909,1
84528,909,3
84531,909,1
84532,909,1
84536,909,1
84589,909,2
84592,909,250
84593,909,3
84594,909,15
84600,909,25
84601,909,1
84602,909,1
84609,909,1
84612,909,2
84620,909,1
84628,909,8
84630,909,3
84632,909,4
84638,909,5
84641,909,1
84642,909,1
84652,909,3
84662,909,1
84665,909,1
84698,909,2
84717,909,1
84719,909,1
84726,909,23
84727,909,18
84728,909,5
84729,909,98
84730,909,2
84731,909,14
84733,909,194
84735,909,1
84737,909,18
84738,909,1
84739,909,11
84740,909,472
84741,909,1
84742,909,2
84743,909,4
84744,909,23
84745,909,3
84746,909,2
84747,909,73
84748,909,1
84749,909,3
84750,909,21
84751,909,1
84752,909,1
84755,909,12
84756,909,5
84757,909,4
84759,909,10
84761,909,2
84762,909,15
84763,909,1
84764,909,14
84765,909,317
84766,909,1
84767,909,1
84768,909,1
84770,909,2
84771,909,13
84773,909,4
84775,909,2
84777,909,1
84778,909,1
84782,909,1
84783,909,11
84785,909,3
84786,909,4
84787,909,21
84788,909,25
84791,909,53
84793,909,14
84795,909,1
84796,909,30
84798,909,6
84799,909,3
84800,909,79
84801,909,3
84802,909,44
84803,909,3
84804,909,3
84805,909,1
84807,909,6
84808,909,1
84810,909,9
84812,909,209
84814,909,1
84815,909,22
84817,909,1
84818,909,17
84819,909,286
84820,909,54
84821,909,2
84822,909,2
84823,909,1
84824,909,38
84825,909,53
84826,909,92
84828,909,10
84829,909,331
84833,909,25
84842,909,1
84885,909,2
84917,909,26
84919,909,11
84920,909,3
84921,909,5
84922,909,1
84930,909,81
84940,909,5
84945,909,1
84950,909,1
84953,909,1
84959,909,5
84961,909,1
84963,909,23
84964,909,1
84965,909,1
84966,909,1
84967,909,15
84969,909,16
84972,909,12
84976,909,2
84977,909,1941
84980,909,81
84981,909,47
84982,909,261
84984,909,325
84985,909,11
84986,909,1115
84987,909,283
84989,909,1
84990,909,2
84992,909,36
84994,909,1
84995,909,15
84996,909,73
84998,909,1
84999,909,31
85000,909,9
85027,909,3
85029,909,1
85037,909,2
85047,909,1
85050,909,5
85051,909,1
85056,909,1
85071,909,1
85072,909,5
85074,909,1
85076,909,1
85081,909,5
85087,909,2
85090,909,1
85153,909,1
85154,909,2
85162,909,4
85170,909,2
85171,909,1
85180,909,2
85192,909,165
85196,909,1
85198,909,12
85206,909,25
85208,909,3
85213,909,1
85215,909,3
85218,909,27
85226,909,1
85269,909,4
85275,909,1
85305,909,1
85311,909,1
85377,909,1
85379,909,8
85382,909,1
85384,909,1
85412,909,1
85413,909,2
85419,909,4
85427,909,3
85430,909,7
85433,909,1
85435,909,1
85444,909,29
85446,909,5
85451,909,4
85453,909,7
85455,909,1
85469,909,1
85489,909,1
85504,909,1
85505,909,2
85520,909,3
85526,909,2
85533,909,2
85534,909,23
85535,909,1
85537,909,2
85538,909,6
85539,909,1
85543,909,1
85545,909,1
85551,909,2
85552,909,11
85555,909,1
85561,909,1
85565,909,11
85568,909,4
85570,909,2
85571,909,1
85575,909,12
85578,909,1
85581,909,1
85588,909,1
85590,909,1
85606,909,1
85620,909,1
85622,909,2
85625,909,1
85628,909,1
85638,909,1
85640,909,1
85641,909,1
85643,909,2
85646,909,1
85650,909,2
85652,909,6
85656,909,1
85657,909,1
85659,909,3
85660,909,1
85666,909,6
85667,909,18
85668,909,1
85669,909,14
85670,909,1
85673,909,7
85674,909,35
85675,909,75
85676,909,100
85677,909,42
85678,909,1
85680,909,27
85682,909,98
85683,909,47
85684,909,1
85685,909,93
85688,909,2
85689,909,9
85696,909,1
85697,909,1
85698,909,5
85699,909,1
85702,909,1
85703,909,7
85754,909,1
85760,909,2
85762,909,18
85763,909,1
85766,909,300
85767,909,1171
85771,909,1
85772,909,1655
85773,909,48
85774,909,1
85775,909,17
85779,909,2
85780,909,1
85785,909,37
85789,909,3
85790,909,27
85791,909,25
85792,909,2
85793,909,3
85794,909,4
85795,909,592
85796,909,3
85799,909,1
85800,909,15
85801,909,1
85802,909,2
85805,909,1
85821,909,7
85822,909,2
85823,909,14
85825,909,1
85831,909,1
85832,909,2
85833,909,1
85836,909,15
85842,909,1
85846,909,53
85849,909,36
85850,909,1
85851,909,82
85852,909,4
85853,909,1
85855,909,9
85856,909,1
85857,909,4
85860,909,1
85861,909,2
85870,909,1
85879,909,1
85925,909,1
85944,909,2
85958,909,1
85966,909,2
85968,909,4
85970,909,1
85973,909,1
85974,909,3
85985,909,1
86023,909,1
86024,909,1
86030,909,1
86032,909,1
86033,909,1
86035,909,1
86044,909,1
86052,909,1
86055,909,1
86069,909,1
86102,909,2
86123,909,1
86131,909,2
86141,909,2
86160,909,1
86169,909,1
86172,909,2
86178,909,1
86179,909,1
86183,909,1
86186,909,10
86201,909,1
86207,909,1
86224,909,4
86227,909,2
86232,909,2
86235,909,1
86241,909,5
86245,909,5
86247,909,2
86249,909,1
86253,909,10
86258,909,1
86259,909,3
86261,909,1
86262,909,1
86268,909,7
86269,909,2
86270,909,1
86273,909,4
86277,909,9
86278,909,8
86281,909,43
86282,909,5
86284,909,8
86285,909,1
86287,909,2
86289,909,80
86291,909,226
86292,909,153
86293,909,1
86294,909,114
86295,909,12
86296,909,1
86297,909,12
86302,909,13
86304,909,1
86305,909,2
86307,909,95
86308,909,337
86316,909,52
86318,909,5
86319,909,22
86324,909,1
86325,909,5
86328,909,321
86332,909,1
86341,909,1
86342,909,163
86343,909,2
86359,909,1
86399,909,1
86401,909,1
86405,909,1
86407,909,2
86413,909,2
86415,909,2
86420,909,1
86431,909,1
86432,909,1
86435,909,1
86436,909,1
86439,909,1
86445,909,1
86446,909,5
86450,909,1
86452,909,1
86454,909,4
86455,909,2
86456,909,1
86471,909,1
86475,909,6
86495,909,2
86498,909,2
86526,909,1
86529,909,116
86530,909,1431
86531,909,1
86535,909,1
86537,909,7
86538,909,1
86541,909,7
86542,909,105
86543,909,477
86546,909,1
86548,909,244
86549,909,17
86551,909,12
86555,909,1
86556,909,1
86561,909,45
86563,909,1
86565,909,2
86566,909,18
86567,909,15
86568,909,2
86569,909,1
86570,909,1
86571,909,10
86572,909,3
86575,909,2
86576,909,4
86577,909,1
86578,909,1
86579,909,1
86582,909,6
86583,909,3
86589,909,1
86596,909,1
86599,909,1
86602,909,1
86610,909,1
86618,909,1
86619,909,1
86625,909,2
86630,909,1
86633,909,21
86639,909,2947
86643,909,37
86644,909,173
86645,909,1
86646,909,2
86647,909,3
86649,909,2
86655,909,296
86658,909,6
86659,909,9
86664,909,1
86666,909,1
86667,909,3
86671,909,13
86673,909,3
86675,909,63
86678,909,1
86685,909,11
86695,909,1
86697,909,170
86699,909,1
86700,909,1
86702,909,4
86708,909,7
86712,909,1
86714,909,1
86716,909,4
86717,909,1
86724,909,4
86725,909,1
86727,909,2
86733,909,2
86744,909,1
86749,909,2
86750,909,4
86751,909,3
86752,909,38
86759,909,1
86760,909,15
86765,909,9
86766,909,4
86769,909,1
86771,909,1
86779,909,1
86784,909,2
86799,909,1
86808,909,1
86811,909,25
86814,909,4
86817,909,1
86820,909,2
86821,909,1
86826,909,1
86828,909,5
86833,909,31
86834,909,156
86835,909,327
86837,909,2
86838,909,2834
86840,909,3
86842,909,1
86843,909,3
86845,909,1
86846,909,6
86849,909,1
86855,909,2
86856,909,134
86867,909,3
86868,909,10
86869,909,30
86881,909,83
86882,909,65
86884,909,18
86885,909,349
86886,909,6
86888,909,51
86889,909,1
86890,909,693
86891,909,1
86893,909,4
86895,909,1
86896,909,64
86897,909,3
86898,909,40
86899,909,1687
86900,909,3
86902,909,6
86903,909,16
86904,909,82
86905,909,12
86906,909,6
86907,909,261
86908,909,3
86910,909,12
86911,909,74
86913,909,2
86915,909,3
86918,909,44
86919,909,19
86920,909,14
86921,909,1
86922,909,35
86924,909,7
86925,909,52
86926,909,2
86927,909,49
86928,909,1134
86929,909,3
86930,909,5
86931,909,2
86932,909,1
86933,909,8
86934,909,45
86935,909,1
86936,909,13
86937,909,2
86938,909,8
86940,909,4
86941,909,3
86942,909,1
86943,909,1
86945,909,4
86946,909,41
86947,909,1
86948,909,9
86949,909,15
86950,909,74
86951,909,88
86952,909,1
86954,909,189
86955,909,1
86956,909,49
86957,909,1
86958,909,4
86959,909,106
86961,909,1
86962,909,20
86963,909,12
86964,909,282
86965,909,10
86967,909,158
86968,909,11
86969,909,9
86970,909,2
86971,909,1
86972,909,22
86973,909,2
86975,909,30
86976,909,1
86977,909,749
86978,909,2
86979,909,3
86980,909,79
86981,909,1
86982,909,3
86983,909,60
86984,909,1024
86985,909,193
86986,909,5
86988,909,7
86989,909,2
86990,909,135
86991,909,190
86992,909,329
86993,909,1
86994,909,34
87007,909,1
87010,909,5
87011,909,1
87016,909,2
87022,909,1
87028,909,22
87036,909,2
87037,909,1
87038,909,3
87039,909,1
87050,909,1
87065,909,1
87073,909,1
87076,909,3
87084,909,3
87085,909,1
87089,909,2
87091,909,4
87099,909,1
87108,909,1
87109,909,48
87111,909,1
87112,909,4
87114,909,1
87115,909,7
87124,909,1
87126,909,1
87131,909,1
87132,909,1
87134,909,1
87148,909,2
87150,909,1
87151,909,4
87162,909,1
87163,909,9
87165,909,1
87166,909,2
87173,909,1
87174,909,1
87180,909,6
87181,909,1
87182,909,1
87183,909,2
87185,909,2118
87189,909,1
87191,909,5
87194,909,898
87196,909,238
87197,909,386
87201,909,93
87202,909,1
87204,909,8
87207,909,1
87208,909,1
87211,909,14
87215,909,1
87216,909,10
87217,909,13
87218,909,2
87219,909,1
87220,909,1
87221,909,8
87222,909,1
87224,909,2
87225,909,3
87226,909,1
87227,909,1
87231,909,1
87232,909,2
87238,909,1
87243,909,22
87249,909,3
87257,909,5
87260,909,2
87263,909,1
87265,909,1
87267,909,46
87269,909,5
87270,909,5
87271,909,224
87272,909,5
87273,909,6
87274,909,9
87275,909,141
87276,909,1
87277,909,152
87279,909,1
87280,909,116
87287,909,22
87288,909,18612
87290,909,1
87291,909,777
87292,909,452
87293,909,2504
87295,909,3115
87296,909,107
87299,909,10686
87300,909,2711
87301,909,2
87302,909,10
87303,909,19
87306,909,344
87309,909,14
87310,909,148
87311,909,703
87312,909,1
87314,909,6
87315,909,297
87316,909,91
87324,909,4
87331,909,1
87332,909,3
87333,909,1
87334,909,5
87335,909,3
87336,909,1
87337,909,2
87341,909,18
87344,909,4
87349,909,2
87352,909,1
87353,909,3
87357,909,1
87366,909,1
87369,909,1
87375,909,1
87376,909,1
87377,909,74
87381,909,14
87382,909,1
87384,909,1
87385,909,1
87386,909,2
87387,909,1
87389,909,1
87390,909,45
87391,909,7
87392,909,1
87395,909,9
87400,909,1
87402,909,35
87406,909,111
87411,909,13
87415,909,1
87417,909,5
87421,909,21
87422,909,1
87425,909,1
87427,909,1
87431,909,1
87433,909,4
87434,909,3
87435,909,6
87443,909,19
87446,909,2
87447,909,1
87449,909,8
87450,909,1
87451,909,1
87459,909,3
87460,909,9
87463,909,3
87464,909,5
87465,909,5
87466,909,1
87469,909,1
87470,909,1
87474,909,4
87476,909,11
87479,909,106
87482,909,1
87485,909,1
87487,909,2
87488,909,764
87489,909,5
87491,909,142
87499,909,31
87500,909,96
87501,909,1
87506,909,25
87507,909,15
87509,909,3
87510,909,1
87513,909,7
87515,909,44
87517,909,1
87523,909,806
87526,909,3
87527,909,14
87530,909,6
87531,909,27
87533,909,1
87537,909,1
87538,909,3
87539,909,1
87543,909,2
87545,909,1
87547,909,377
87548,909,3
87549,909,5
87550,909,84
87553,909,1
87556,909,31
87557,909,5
87563,909,1
87574,909,1
87578,909,1
87586,909,1
87609,909,2
87611,909,1
87612,909,2
87622,909,1
87625,909,2
87626,909,5
87631,909,2
87632,909,3
87633,909,2
87634,909,18
87637,909,22
87639,909,1
87643,909,2
87645,909,4
87651,909,3
87657,909,15
87658,909,1
87663,909,1
87665,909,200
87667,909,2
87670,909,3
87673,909,3
87680,909,2
87681,909,3
87682,909,3
87683,909,103
87687,909,35
87689,909,2
87690,909,5
87691,909,1
87692,909,1
87697,909,1
87699,909,10
87700,909,1
87704,909,96
87707,909,2
87708,909,7
87714,909,10
87716,909,2
87718,909,1
87723,909,51
87726,909,4
87730,909,8
87731,909,1
87734,909,1
87736,909,8
87737,909,3
87738,909,194
87740,909,6
87745,909,11
87748,909,12
87749,909,9
87750,909,1
87752,909,11
87756,909,9
87757,909,512
87759,909,1
87760,909,25
87762,909,86
87763,909,113
87764,909,2
87765,909,4
87766,909,4
87767,909,15
87768,909,7
87770,909,6
87771,909,2
87772,909,6
87773,909,24
87776,909,9
87778,909,115
87780,909,1
87781,909,154
87782,909,56
87784,909,20
87786,909,179
87787,909,5
87793,909,1
87794,909,2
87795,909,2
87798,909,1
87799,909,3
87802,909,1
87803,909,3
87804,909,3
87805,909,11
87806,909,2
87807,909,6
87808,909,2
87809,909,1
87810,909,76
87812,909,11
87813,909,3
87817,909,65
87818,909,57
87819,909,3
87820,909,128
87821,909,57
87822,909,1
87823,909,4
87824,909,23
87826,909,7
87829,909,12
87830,909,28
87832,909,28
87833,909,9
87834,909,1
87836,909,9
87837,909,19
87838,909,7
87839,909,47
87840,909,1
87841,909,1
87843,909,3
87844,909,14
87845,909,3
87847,909,7
87850,909,23
87851,909,32
87852,909,168
87854,909,8
87858,909,341
87859,909,1
87860,909,42
87861,909,206
87862,909,1
87864,909,70
87865,909,2
87866,909,1
87867,909,2
87868,909,25
87870,909,1
87871,909,8
87872,909,15
87873,909,3
87874,909,148
87876,909,2
87877,909,9
87878,909,10
87879,909,4
87880,909,6
87883,909,2195
87885,909,1
87892,909,1
87893,909,1
87896,909,3
87897,909,14
87898,909,1
87901,909,13
87902,909,6
87903,909,344
87904,909,760
87905,909,1
87906,909,6
87907,909,46
87908,909,7
87910,909,1
87911,909,4
87914,909,175
87916,909,10
87917,909,158
87918,909,1
87919,909,42
87920,909,58
87921,909,55
87924,909,92
87925,909,18
87926,909,6
87927,909,1
87928,909,11
87930,909,3
87931,909,81
87932,909,1
87933,909,136
87934,909,205
87935,909,2
87937,909,1
87938,909,2
87941,909,1
87942,909,5
87945,909,152
87947,909,5
87948,909,1
87949,909,1
87952,909,2
87954,909,1
87956,909,28
87957,909,1
87959,909,4
87973,909,2
87974,909,3
87979,909,1
87986,909,1
87991,909,2
87995,909,12
87997,909,106
87998,909,1
88001,909,7
88002,909,41
88003,909,95
88004,909,25
88006,909,41
88007,909,1
88008,909,1
88009,909,30
88010,909,6
88011,909,17
88012,909,59
88015,909,6
88016,909,20
88017,909,24
88019,909,1
88020,909,2
88021,909,1
88022,909,8
88023,909,37
88025,909,17
88030,909,15
88036,909,2
88037,909,3
88040,909,2
88041,909,10
88042,909,14
88044,909,1
88045,909,32
88046,909,16
88047,909,25
88048,909,92
88049,909,6
88050,909,181
88051,909,21
88052,909,13
88053,909,2
88055,909,1
88060,909,250
88064,909,10
88065,909,120
88067,909,2
88069,909,200
88070,909,25
88071,909,19
88073,909,3
88091,909,2
88092,909,4
88094,909,1
88095,909,3
88096,909,1
88097,909,6
88098,909,2
88100,909,3
88101,909,3
88102,909,6
88106,909,7
88107,909,1
88108,909,9
88109,909,1
88110,909,1
88111,909,1
88112,909,2
88113,909,1
88114,909,1
88115,909,2
88125,909,1
88133,909,1
88135,909,1
88140,909,1
88145,909,1
88156,909,2
88157,909,1
88160,909,1
88164,909,1
88165,909,1
88170,909,3
88171,909,14
88173,909,1208
88177,909,2
88178,909,1
88180,909,11
88186,909,16
88192,909,7
88193,909,1
88195,909,3
88196,909,35
88199,909,1
88203,909,1
88204,909,1
88205,909,1
88206,909,5
88209,909,1
88210,909,5
88214,909,1
88217,909,1
88218,909,3
88219,909,4
88228,909,1
88230,909,1
88231,909,3
88234,909,2
88235,909,2
88236,909,29
88238,909,1
88239,909,16
88240,909,1
88242,909,8
88243,909,42
88246,909,3
88247,909,1
88250,909,2
88254,909,58
88258,909,7
88260,909,2
88262,909,20
88263,909,1
88274,909,2
88299,909,1
88302,909,1
88306,909,1
88308,909,363
88310,909,2
88312,909,1
88313,909,15
88314,909,31
88315,909,1
88316,909,13
88320,909,49
88322,909,3
88323,909,2
88324,909,2
88336,909,1
88338,909,2
88340,909,3
88343,909,2
88344,909,192
88346,909,32
88353,909,26
88355,909,46
88357,909,7
88360,909,13
88364,909,1
88366,909,1
88370,909,1
88372,909,1
88373,909,324
88375,909,1
88376,909,1
88377,909,56
88381,909,2
88382,909,1
88384,909,61
88385,909,42
88386,909,81
88393,909,1
88397,909,2
88399,909,7
88400,909,8
88401,909,10
88406,909,31
88407,909,7
88408,909,133
88410,909,2
88411,909,1
88412,909,1
88414,909,2
88417,909,3
88422,909,1
88426,909,1
88430,909,2
88433,909,1
88434,909,3
88435,909,3
88436,909,1
88438,909,1
88443,909,1
88447,909,1
88448,909,28
88455,909,6
88459,909,2
88460,909,1
88482,909,6
88488,909,1
88490,909,8
88493,909,1
88499,909,1
88503,909,1
88510,909,1
88513,909,1
88515,909,2
88516,909,12
88519,909,43
88526,909,1
88528,909,2
88531,909,1
88534,909,3
88544,909,2
88545,909,1
88546,909,2
88548,909,3
88552,909,23
88556,909,47
88558,909,23
88559,909,6
88561,909,3
88562,909,108
88564,909,1
88567,909,1
88568,909,18
88570,909,2
88571,909,1
88572,909,2
88574,909,1
88575,909,4
88576,909,1
88577,909,5
88579,909,1
88580,909,6
88582,909,1
88583,909,1957
88585,909,1
88592,909,2
88593,909,1
88595,909,1
88598,909,3
88601,909,20
88602,909,129
88603,909,1
88605,909,1
88606,909,11
88607,909,51
88610,909,8
88612,909,2
88616,909,5
88617,909,95
88618,909,2
88620,909,49
88622,909,5
88623,909,12
88624,909,1
88625,909,1
88626,909,4
88627,909,1
88630,909,18
88632,909,18
88633,909,200
88636,909,1
88637,909,29
88638,909,3
88639,909,2442
88641,909,102
88642,909,59
88643,909,329
88644,909,409
88645,909,14
88646,909,1402
88647,909,356
88648,909,2
88649,909,45
88651,909,2
88652,909,19
88653,909,92
88654,909,39
88655,909,12
88657,909,6
88658,909,99
88659,909,3
88660,909,12
88664,909,2
88667,909,2
88675,909,1
88677,909,41
88679,909,95
88680,909,461
88681,909,559
88682,909,61
88683,909,1
88685,909,1
88687,909,9
88689,909,1
88690,909,27
88691,909,81
88692,909,1
88693,909,127
88694,909,1591
88695,909,1
88699,909,2
88700,909,2
88701,909,1
88703,909,79
88704,909,11
88705,909,1
88709,909,111
88710,909,453
88714,909,1
88715,909,95
88716,909,6
88718,909,10
88721,909,11
88722,909,1
88725,909,36
88727,909,1
88728,909,27
88729,909,56
88730,909,31
88731,909,1
88734,909,6
88735,909,1
88736,909,2
88737,909,2
88738,909,3
88739,909,1
88741,909,1
88745,909,3
88746,909,8
88747,909,8
88748,909,42
88750,909,259
88751,909,9
88752,909,1
88754,909,1
88758,909,4
88765,909,1
88767,909,21
88768,909,1
88772,909,1
88774,909,1
88776,909,62
88778,909,1
88779,909,1
88781,909,1
88786,909,8
88790,909,1
88792,909,1
88794,909,5
88795,909,1
88803,909,6
88804,909,3
88812,909,119
88818,909,42
88821,909,3
88822,909,19
88823,909,10
88827,909,2
88828,909,123
88830,909,1
88833,909,14
88837,909,10
88839,909,2
88840,909,2
88850,909,1
88852,909,6
88859,909,15
88864,909,50
88869,909,16
88872,909,1
88879,909,4
88884,909,1
88885,909,1
88890,909,3
88893,909,2
88895,909,2
88903,909,4
88904,909,4
88905,909,16
88908,909,1
88910,909,1
88911,909,1
88912,909,2
88914,909,1
88915,909,4
88917,909,1
88918,909,1
88925,909,1
88929,909,12
88933,909,2
88935,909,25
88937,909,4
88942,909,1
88943,909,8
88945,909,1
88950,909,10
88951,909,3
88958,909,2
88960,909,5
88961,909,1
88972,909,1
88977,909,1
88981,909,6
88984,909,619
88985,909,1704
88986,909,61
88988,909,1352
88989,909,11
88990,909,4
88992,909,3
88993,909,84
88994,909,1
88996,909,3
88997,909,38
88998,909,1
88999,909,2
89000,909,1
89001,909,5
89003,909,6
89005,909,1
89006,909,3
89007,909,4
89008,909,7
89009,909,21
89010,909,5
89011,909,676
89012,909,1
89013,909,1
89014,909,3394
89015,909,7188
89019,909,9594
89020,909,4030
89021,909,1
89022,909,48
89024,909,1
89027,909,21
89028,909,2
89029,909,2631
89031,909,1
89033,909,28
89034,909,9400
89035,909,4464
89037,909,9
89040,909,16
89041,909,2
89046,909,3
89047,909,3
89048,909,16
89049,909,1
89050,909,7
89052,909,1
89054,909,61
89055,909,1
89056,909,15
89059,909,3
89062,909,10
89064,909,131
89065,909,1
89066,909,1
89070,909,426
89072,909,4
89074,909,1670
89075,909,4
89077,909,43
89080,909,5
89082,909,18
89085,909,2039
89086,909,4
89089,909,9
89090,909,1
89092,909,46
89095,909,192
89098,909,8
89099,909,1
89103,909,2
89107,909,8
89108,909,5
89110,909,1
89111,909,1
89112,909,11
89114,909,21
89115,909,101
89119,909,12
89120,909,2
89121,909,2
89123,909,14
89127,909,158
89128,909,11
89130,909,1
89132,909,1
89133,909,3
89176,909,1
89185,909,1
89187,909,1
89191,909,4
89192,909,1
89193,909,37
89194,909,2
89197,909,635
89198,909,2478
89199,909,1
89201,909,1
89202,909,2
89203,909,3502
89204,909,101
89205,909,2
89206,909,37
89209,909,1
89210,909,4
89211,909,3
89215,909,1
89216,909,78
89217,909,1
89220,909,7
89221,909,58
89222,909,52
89223,909,5
89224,909,6
89225,909,7
89226,909,1252
89227,909,6
89230,909,2
89231,909,31
89232,909,3
89233,909,5
89236,909,1
89239,909,1
89247,909,2
89258,909,3
89262,909,3
89263,909,1
89265,909,3
89266,909,10
89271,909,5
89273,909,2
89275,909,14
89281,909,39
89284,909,6
89286,909,27
89292,909,39
89299,909,1
89315,909,43
89317,909,5
89318,909,3
89320,909,1
89321,909,7
89322,909,1
89323,909,10
89324,909,1
89325,909,3
89326,909,1
89327,909,10
89329,909,25
89332,909,1
89333,909,298
89334,909,104
89335,909,1
89336,909,585
89337,909,1
89339,909,6
89340,909,27
89342,909,13
89344,909,1
89346,909,18
89347,909,2
89348,909,7
89349,909,44
89350,909,94
89352,909,23
89353,909,1
89354,909,4
89358,909,1
89360,909,639
89361,909,16
89362,909,13
89363,909,6
89364,909,1
89365,909,3
89368,909,9
89369,909,43
89370,909,6
89371,909,8
89372,909,19
89373,909,2216
89375,909,3
89376,909,2
89377,909,1507
89378,909,35
89379,909,3443
89380,909,1
89382,909,159
89383,909,49
89384,909,1
89385,909,7
89387,909,397
89388,909,62
89389,909,187
89390,909,1
89391,909,15
89392,909,9
89393,909,50
89394,909,69
89395,909,6
89397,909,6
89399,909,10
89403,909,11
89412,909,2
89414,909,22
89416,909,2
89418,909,11
89419,909,3
89420,909,2
89425,909,3
89427,909,7
89433,909,25
89435,909,1
89436,909,1
89437,909,6
89439,909,2
89440,909,3
89447,909,10
89459,909,1
89461,909,2
89466,909,1
89469,909,2
89471,909,1
89476,909,1
89486,909,8
89489,909,1
89492,909,1
89504,909,3
89506,909,3
89526,909,11
89532,909,1
89533,909,1
89538,909,1
89543,909,1
89544,909,38
89546,909,1
89547,909,55
89548,909,7
89549,909,22
89550,909,7
89554,909,1
89556,909,11
89558,909,53
89572,909,1
89592,909,1
89616,909,1
89617,909,2
89618,909,1
89623,909,2
89625,909,5
89630,909,6
89633,909,1
89636,909,5
89639,909,1
89651,909,1
89657,909,1
89665,909,12
89674,909,2
89690,909,1
89698,909,9
89699,909,3
89704,909,5
89705,909,2
89708,909,1
89713,909,1
89721,909,2
89732,909,1
89738,909,1
89742,909,1
89748,909,1
89750,909,1
89754,909,1
89755,909,12
89762,909,2
89767,909,1
89771,909,1
89774,909,1
89785,909,1
89790,909,1
89810,909,1
89813,909,1
89818,909,4
89824,909,4
89829,909,1
89830,909,2
89833,909,5
89835,909,2
89837,909,2
89841,909,15
89842,909,1
89843,909,1
89845,909,1
89848,909,2
89850,909,22
89851,909,2
89863,909,14
89867,909,1
89871,909,7
89874,909,1
89875,909,5
89877,909,1
89883,909,2
89884,909,119
89886,909,8
89890,909,48
89891,909,5
89892,909,3
89897,909,1
89898,909,1
89900,909,154
89901,909,4
89904,909,1
89907,909,12
89908,909,1
89909,909,1
89910,909,3
89911,909,152
89912,909,1
89915,909,53
89916,909,2
89917,909,20
89919,909,1
89920,909,9
89927,909,1
89928,909,319
89930,909,3
89931,909,2
89934,909,9
89936,909,22
89937,909,85
89938,909,1
89939,909,18
89940,909,28
89944,909,10
89945,909,1
89946,909,10
89947,909,1
89948,909,14
89950,909,224
89951,909,50
89952,909,28
89954,909,9
89955,909,117
89956,909,3
89957,909,13
89959,909,261
89961,909,237
89962,909,3
89963,909,1
89965,909,16
89966,909,2
89968,909,3
89970,909,1
89972,909,29
89974,909,82
89975,909,56
89977,909,42
89978,909,4
89980,909,5
89984,909,5
89987,909,1
89989,909,35
89990,909,123
89996,909,19
89997,909,2
89999,909,85
90002,909,2
90003,909,1
90004,909,4
90007,909,19
90011,909,1246
90012,909,1
90014,909,1
90022,909,3
90025,909,1
90028,909,1
90033,909,3
90034,909,633
90035,909,9
90038,909,1
90040,909,1
90042,909,1
90046,909,3
90048,909,1
90049,909,30
90056,909,1
90057,909,1
90060,909,7
90061,909,5
90063,909,1
90064,909,1
90065,909,1
90073,909,1
90075,909,1
90078,909,1
90084,909,1
90085,909,1
90092,909,1
90093,909,39
90095,909,1
90096,909,25
90098,909,1
90101,909,4
90103,909,2
90104,909,2
90105,909,5
90106,909,5
90107,909,1
90116,909,11
90117,909,27
90121,909,2
90122,909,10
90123,909,15
90125,909,2
90127,909,1
90128,909,2
90141,909,1
90183,909,1
90185,909,3
90187,909,2
90188,909,1
90191,909,2
90193,909,7
90196,909,2
90199,909,6
90201,909,5
90206,909,2
90207,909,1
90208,909,1
90212,909,1
90217,909,2
90218,909,2
90221,909,4
90222,909,3
90225,909,3
90231,909,3
90232,909,15
90235,909,1
90236,909,3
90238,909,4
90240,909,2
90242,909,1
90244,909,143
90245,909,64
90247,909,1
90248,909,1
90249,909,18
90250,909,6
90268,909,2
90271,909,2
90291,909,1
90294,909,1
90295,909,6
90300,909,2
90301,909,1
90315,909,1
90316,909,5
90318,909,15
90319,909,1
90322,909,7
90323,909,3
90325,909,3
90326,909,3
90327,909,1
90367,909,1
90368,909,87
90369,909,1
90370,909,5
90376,909,9
90390,909,12
90391,909,1
90392,909,797
90393,909,2
90396,909,283
90399,909,12
90401,909,373
90402,909,30
90404,909,4
90405,909,1
90408,909,6
90409,909,1
90410,909,23
90413,909,6
90414,909,478
90415,909,1
90416,909,2
90418,909,1
90419,909,2
90420,909,67
90423,909,1
90424,909,70
90426,909,21
90427,909,3
90428,909,1
90433,909,1
90435,909,4
90439,909,1
90441,909,1
90443,909,5
90446,909,13
90447,909,4
90449,909,9
90451,909,1
90454,909,1
90457,909,13
90460,909,307
90461,909,1
90463,909,16
90464,909,3
90465,909,2
90467,909,1
90470,909,5
90471,909,1
90476,909,1
90501,909,1
90514,909,28
90515,909,88
90516,909,265
90517,909,1
90521,909,6
90525,909,9
90527,909,2
90538,909,1
90539,909,1
90541,909,5
90543,909,1
90545,909,10
90549,909,1
90551,909,1
90552,909,25
90556,909,1
90559,909,4
90562,909,1
90565,909,1
90569,909,1
90571,909,1
90573,909,1
90574,909,16
90580,909,1
90590,909,1
90594,909,1
90595,909,1
90597,909,3
90599,909,1
90602,909,2
90606,909,4
90608,909,2
90617,909,11
90620,909,1
90623,909,1
90624,909,15
90625,909,3
90629,909,2
90630,909,3
90631,909,5
90634,909,2
90636,909,7
90638,909,3
90639,909,2
90641,909,33
90644,909,7
90648,909,1
90662,909,2
90674,909,2
90708,909,3
90722,909,1
90731,909,47
90733,909,20
90734,909,5
90735,909,9
90736,909,2
90765,909,1
90766,909,1
90767,909,46
90768,909,8
90771,909,1
90772,909,1
90773,909,1
90774,909,1
90775,909,28
90776,909,4
90777,909,1
90779,909,5
90780,909,1
90781,909,22
90782,909,69
90783,909,8
90784,909,1
90785,909,3
90786,909,13
90788,909,1
90789,909,1
90792,909,3
90793,909,2
90794,909,4
90797,909,1
90798,909,10
90800,909,2
90802,909,1
90806,909,1
90807,909,10
90811,909,5
90813,909,1
90852,909,1
90853,909,2
90858,909,16
90868,909,8
90870,909,3
90878,909,1
90881,909,8
90884,909,1
90888,909,1
90892,909,2
90901,909,1
90909,909,3
90911,909,1
90912,909,1
90923,909,1
90924,909,1
90927,909,1
90945,909,1
90969,909,1
90987,909,2
90988,909,4
90989,909,1
90991,909,2
90992,909,12
90995,909,381
90996,909,12
90997,909,1
90998,909,3
90999,909,1
91001,909,4
91002,909,1
91003,909,3
91004,909,69
91005,909,3
91006,909,9
91010,909,1
91011,909,1
91013,909,1
91014,909,5
91015,909,8
91018,909,2
91020,909,3
91071,909,2
91073,909,1
91078,909,9
91081,909,1
91083,909,4
91084,909,2
91085,909,1
91086,909,15
91095,909,5
91097,909,2
91098,909,5
91100,909,1
91102,909,5
91108,909,5
91135,909,1
91164,909,3
91190,909,1
91193,909,1
91197,909,1
91199,909,6
91203,909,1
91207,909,1
91215,909,2
91226,909,1
91227,909,12
91228,909,1
91231,909,1
91232,909,1
91233,909,1
91235,909,1
91238,909,2
91240,909,1
91241,909,3
91242,909,17
91244,909,62
91246,909,1
91250,909,1
91251,909,3
91254,909,1
91256,909,4
91270,909,1
91290,909,15
91291,909,194
91296,909,10
91297,909,1
91299,909,13
91300,909,55
91301,909,12
91302,909,1
91303,909,1
91304,909,1
91305,909,4
91306,909,3
91307,909,7
91308,909,4
91310,909,1
91319,909,3
91327,909,3
91328,909,1
91331,909,3
91359,909,1
91383,909,4
91441,909,4
91442,909,16
91444,909,23
91445,909,1
91450,909,1
91458,909,8
91480,909,2
91513,909,14
91514,909,5
91516,909,27
91520,909,1
91521,909,1
91524,909,1
91527,909,2
91528,909,4
91530,909,1
91536,909,29
91537,909,1
91538,909,1
91544,909,2
91547,909,1
91548,909,101
91551,909,69
91552,909,2
91553,909,157
91556,909,7
91557,909,2
91561,909,18
91562,909,3
91563,909,9
91565,909,1
91567,909,2
91568,909,3
91569,909,6
91571,909,6
91573,909,10
91574,909,11
91576,909,2
91578,909,22
91579,909,2
91580,909,11
91581,909,3
91582,909,2
91585,909,3
91586,909,7
91588,909,25
91589,909,1
91590,909,1
91591,909,6
91592,909,2
91593,909,3
91596,909,10
91606,909,1
91634,909,2
91652,909,3
91657,909,1
91661,909,1
91663,909,1
91665,909,1
91669,909,1
91680,909,1
91736,909,1
91747,909,1
91755,909,1
91795,909,3
91845,909,1
91868,909,2
91870,909,1
91874,909,1
91877,909,2
91879,909,1
91880,909,2
91881,909,121
91882,909,1
91883,909,42
91884,909,1
91885,909,16
91886,909,1
91887,909,7
91891,909,254
91893,909,2
91894,909,2
91895,909,7
91896,909,17
91897,909,68
91898,909,1
91899,909,15
91900,909,23
91901,909,8
91903,909,8
91904,909,1
91905,909,11
91907,909,178
91908,909,40
91909,909,23
91911,909,7
91912,909,93
91913,909,2
91914,909,10
91916,909,208
91917,909,189
91918,909,3
91919,909,1
91923,909,4
91927,909,1
91930,909,52
91940,909,27
91956,909,2
91990,909,1
92028,909,1
92033,909,1
