trade_id,region1,region2,industry1,industry2,amount,total_employment_value,employment_count,unique_employment_factors,economic/employment,employment_intensity
3694924,IN,IN,VEGET,FOOD5,39777.15,20621.0,1.0,1.0,20621.0,0.518413
3695695,IN,IN,FORES,FORES,5825.62,10188.0,1.0,1.0,10188.0,1.748827
3694698,IN,IN,PADDY,PADDY,26377.73,6855.0,1.0,1.0,6855.0,0.259878
3703066,IN,IN,CONST,CONST,25707.63,5060.0,1.0,1.0,5060.0,0.196829
3703409,IN,IN,WHOLE,CONST,22832.73,4795.0,1.0,1.0,4795.0,0.210006
3697411,IN,IN,TEXTI,TEXTI,23459.78,4307.0,1.0,1.0,4307.0,0.183591
3699095,IN,IN,PFERT,PFERT,33949.82,4166.0,1.0,1.0,4166.0,0.122711
3695719,IN,IN,FORES,PAPER,2281.19,3989.0,1.0,1.0,3989.0,1.748649
3699904,IN,IN,BASIC,CONST,40662.1,3912.0,1.0,1.0,3912.0,0.096208
3703412,IN,IN,WHOLE,WHOLE,17131.07,3598.0,1.0,1.0,3598.0,0.210028
3695768,IN,IN,FORES,CONST,2017.26,3528.0,1.0,1.0,3528.0,1.748907
3695149,IN,IN,PLANT,TEXTI,4270.99,3289.0,1.0,1.0,3289.0,0.770079
3694925,IN,IN,VEGET,BEVER,5405.92,2803.0,1.0,1.0,2803.0,0.518506
3695761,IN,IN,FORES,FURNI,1541.77,2696.0,1.0,1.0,2696.0,1.74864
3695202,IN,IN,PLANT,WHOLE,3478.65,2679.0,1.0,1.0,2679.0,0.770126
3703935,IN,IN,LANDT,CONST,22641.06,2603.0,1.0,1.0,2603.0,0.114968
3699731,IN,IN,CEMEN,CONST,20303.54,2448.0,1.0,1.0,2448.0,0.12057
3694751,IN,IN,WHEAT,WHEAT,4466.66,2337.0,1.0,1.0,2337.0,0.52321
3697783,IN,IN,WOODW,CONST,10351.7,2220.0,1.0,1.0,2220.0,0.214458
3695797,IN,IN,FISHF,FISH5,2629.27,2149.0,1.0,1.0,2149.0,0.817337
3697412,IN,IN,TEXTI,WEARI,11607.93,2131.0,1.0,1.0,2131.0,0.183581
3700529,IN,IN,FABRI,CONST,16288.04,2127.0,1.0,1.0,2127.0,0.130587
3694769,IN,IN,WHEAT,FOOD5,4034.71,2111.0,1.0,1.0,2111.0,0.52321
3694844,IN,IN,CEREA,FOOD5,7643.57,2026.0,1.0,1.0,2026.0,0.265059
3704921,IN,IN,AUXIL,FINAN,28647.58,1943.0,1.0,1.0,1943.0,0.067824
3699619,IN,IN,CERAM,CONST,12846.09,1812.0,1.0,1.0,1812.0,0.141055
3695717,IN,IN,FORES,WOODW,996.69,1743.0,1.0,1.0,1743.0,1.748788
3703186,IN,IN,SALEM,LANDT,6486.81,1534.0,1.0,1.0,1534.0,0.23648
3695477,IN,IN,POULT,HOTEL,1323.9,1415.0,1.0,1.0,1415.0,1.068812
3699885,IN,IN,BASIC,MOTO1,14010.65,1348.0,1.0,1.0,1348.0,0.096213
3703377,IN,IN,WHOLE,BASIC,6395.93,1343.0,1.0,1.0,1343.0,0.209977
3703338,IN,IN,WHOLE,BEVER,6315.18,1326.0,1.0,1.0,1326.0,0.20997
3701115,IN,IN,MOTO1,MOTO1,11157.29,1323.0,1.0,1.0,1323.0,0.118577
3697169,IN,IN,FOOD5,HOTEL,3460.09,1240.0,1.0,1.0,1240.0,0.358372
3705388,IN,IN,BUSIN,CONST,9276.06,1210.0,1.0,1.0,1210.0,0.130443
3694904,IN,IN,VEGET,VEGET,2306.89,1196.0,1.0,1.0,1196.0,0.518447
3694985,IN,IN,OILSE,VEGE1,3968.84,1181.0,1.0,1.0,1181.0,0.297568
3699810,IN,IN,NONME,CONST,10554.11,1163.0,1.0,1.0,1163.0,0.110194
3695694,IN,IN,FORES,RAWMI,661.28,1156.0,1.0,1.0,1156.0,1.748125
3695220,IN,IN,CROPS,RAWMI,2430.15,1077.0,1.0,1.0,1077.0,0.443183
3695787,IN,IN,FISHF,FISHF,1274.58,1042.0,1.0,1.0,1042.0,0.817524
3700416,IN,IN,FOUND,CONST,7781.51,1019.0,1.0,1.0,1019.0,0.130951
3696000,IN,IN,BITUM,BASIC,15659.5,1018.0,1.0,1.0,1018.0,0.065008
3699459,IN,IN,RUBBE,CONST,6538.02,995.0,1.0,1.0,995.0,0.152187
3703337,IN,IN,WHOLE,FOOD5,4424.58,929.0,1.0,1.0,929.0,0.209963
3703083,IN,IN,CONST,REALE,4593.85,904.0,1.0,1.0,904.0,0.196785
3695849,IN,IN,FISHF,HOTEL,1102.0,901.0,1.0,1.0,901.0,0.817604
3699882,IN,IN,BASIC,ELECT,9351.19,900.0,1.0,1.0,900.0,0.096244
3697437,IN,IN,TEXTI,CHEM1,4844.71,890.0,1.0,1.0,890.0,0.183706
3699880,IN,IN,BASIC,MACHI,8963.75,862.0,1.0,1.0,862.0,0.096165
3695174,IN,IN,PLANT,RUBBE,1094.6,843.0,1.0,1.0,843.0,0.770144
3705247,IN,IN,COMPU,COMPU,7730.97,833.0,1.0,1.0,833.0,0.107748
3699096,IN,IN,PFERT,CHEM1,6766.08,830.0,1.0,1.0,830.0,0.122671
3697908,IN,IN,PAPER,PAPER,2630.68,806.0,1.0,1.0,806.0,0.306385
3703470,IN,IN,RETA1,BEVER,3553.26,796.0,1.0,1.0,796.0,0.22402
3697909,IN,IN,PAPER,PRINT,2584.21,791.0,1.0,1.0,791.0,0.30609
3703864,IN,IN,LANDT,FOOD5,6853.4,788.0,1.0,1.0,788.0,0.114979
3705409,IN,IN,BUSIN,BUSIN,5997.45,782.0,1.0,1.0,782.0,0.130389
3696017,IN,IN,BITUM,ELEC1,11282.03,734.0,1.0,1.0,734.0,0.065059
3703695,IN,IN,HOTEL,BUSIN,2569.9,731.0,1.0,1.0,731.0,0.284447
3695203,IN,IN,PLANT,RETA1,943.43,726.0,1.0,1.0,726.0,0.769532
3695561,IN,IN,ANIMA,HOTEL,1237.55,712.0,1.0,1.0,712.0,0.57533
3695720,IN,IN,FORES,PRINT,400.71,701.0,1.0,1.0,701.0,1.749395
3695240,IN,IN,CROPS,TOBAC,1551.89,688.0,1.0,1.0,688.0,0.44333
3704661,IN,IN,FINAN,REALE,9184.4,680.0,1.0,1.0,680.0,0.074039
3695170,IN,IN,PLANT,CHEM1,868.93,669.0,1.0,1.0,669.0,0.769912
3703427,IN,IN,WHOLE,COMPU,3166.42,665.0,1.0,1.0,665.0,0.210016
3695740,IN,IN,FORES,RUBBE,378.4,662.0,1.0,1.0,662.0,1.749471
3695238,IN,IN,CROPS,BEVER,1489.98,660.0,1.0,1.0,660.0,0.442959
3703390,IN,IN,WHOLE,MOTO1,3075.11,646.0,1.0,1.0,646.0,0.210074
3700515,IN,IN,FABRI,MOTO1,4710.41,615.0,1.0,1.0,615.0,0.130562
3699879,IN,IN,BASIC,FABRI,6381.84,614.0,1.0,1.0,614.0,0.09621
3694824,IN,IN,CEREA,CEREA,2309.56,612.0,1.0,1.0,612.0,0.264986
3695582,IN,IN,RAWMI,DAIRY,12967.35,609.0,1.0,1.0,609.0,0.046964
3698439,IN,IN,GASDI,LANDT,21474.88,606.0,1.0,1.0,606.0,0.028219
3706458,IN,IN,PRIVA,PRIVA,1060.55,604.0,1.0,1.0,604.0,0.569516
3705156,IN,IN,RENTI,CONST,9229.3,600.0,1.0,1.0,600.0,0.06501
3695541,IN,IN,ANIMA,PFERT,1037.96,597.0,1.0,1.0,597.0,0.575167
3705407,IN,IN,BUSIN,COMPU,4530.08,591.0,1.0,1.0,591.0,0.130461
3703341,IN,IN,WHOLE,TEXTI,2792.21,586.0,1.0,1.0,586.0,0.20987
3697129,IN,IN,FOOD5,BEVER,1608.23,576.0,1.0,1.0,576.0,0.358158
3703542,IN,IN,RETA1,CONST,2505.6,562.0,1.0,1.0,562.0,0.224298
3703696,IN,IN,HOTEL,PUBLI,1972.51,561.0,1.0,1.0,561.0,0.284409
3703902,IN,IN,LANDT,BASIC,4724.61,543.0,1.0,1.0,543.0,0.11493
3703313,IN,IN,WHOLE,RAWMI,2579.76,542.0,1.0,1.0,542.0,0.210097
3699447,IN,IN,RUBBE,MOTO1,3557.23,541.0,1.0,1.0,541.0,0.152085
3701210,IN,IN,TRANS,TRANS,3849.58,539.0,1.0,1.0,539.0,0.140015
3699976,IN,IN,PREC1,FOUND,5913.17,526.0,1.0,1.0,526.0,0.088954
3703688,IN,IN,HOTEL,FINAN,1834.12,522.0,1.0,1.0,522.0,0.284605
3696826,IN,IN,VEGE1,HOTEL,2105.25,522.0,1.0,1.0,522.0,0.247952
3694978,IN,IN,OILSE,OILSE,1752.93,522.0,1.0,1.0,522.0,0.297787
3703413,IN,IN,WHOLE,RETA1,2470.76,519.0,1.0,1.0,519.0,0.210057
3703697,IN,IN,HOTEL,EDUCA,1812.91,515.0,1.0,1.0,515.0,0.284074
3703693,IN,IN,HOTEL,COMPU,1799.69,512.0,1.0,1.0,512.0,0.284493
3703088,IN,IN,CONST,PUBLI,2583.35,509.0,1.0,1.0,509.0,0.197031
3703333,IN,IN,WHOLE,VEGE1,2422.98,509.0,1.0,1.0,509.0,0.210072
3699230,IN,IN,CHEM1,CONST,3802.03,502.0,1.0,1.0,502.0,0.132035
3705402,IN,IN,BUSIN,FINAN,3833.42,500.0,1.0,1.0,500.0,0.130432
3699428,IN,IN,RUBBE,RUBBE,3254.82,495.0,1.0,1.0,495.0,0.152082
3704381,IN,IN,SUPPO,LANDT,4034.45,493.0,1.0,1.0,493.0,0.122198
3698037,IN,IN,PRINT,PRINT,2552.6,489.0,1.0,1.0,489.0,0.191569
3703414,IN,IN,WHOLE,HOTEL,2314.79,486.0,1.0,1.0,486.0,0.209954
3703385,IN,IN,WHOLE,MACHI,2306.97,485.0,1.0,1.0,485.0,0.210232
3695736,IN,IN,FORES,CHEM1,272.24,476.0,1.0,1.0,476.0,1.748457
3695771,IN,IN,FORES,WHOLE,268.65,470.0,1.0,1.0,470.0,1.749488
3695523,IN,IN,ANIMA,LEATH,808.08,465.0,1.0,1.0,465.0,0.575438
3699030,IN,IN,NFERT,PFERT,3891.0,462.0,1.0,1.0,462.0,0.118736
3705410,IN,IN,BUSIN,PUBLI,3454.73,450.0,1.0,1.0,450.0,0.130256
3704645,IN,IN,FINAN,CONST,6066.85,449.0,1.0,1.0,449.0,0.074009
3705391,IN,IN,BUSIN,WHOLE,3414.78,445.0,1.0,1.0,445.0,0.130316
3700510,IN,IN,FABRI,MACHI,3397.92,444.0,1.0,1.0,444.0,0.130668
3694989,IN,IN,OILSE,FOOD5,1489.9,443.0,1.0,1.0,443.0,0.297335
3697111,IN,IN,FOOD5,POULT,1229.76,441.0,1.0,1.0,441.0,0.358607
3696104,IN,IN,CRUDE,GASDI,7494.59,440.0,1.0,1.0,440.0,0.058709
3695328,IN,IN,CATTL,LEATH,921.89,439.0,1.0,1.0,439.0,0.476196
3703674,IN,IN,HOTEL,CONST,1522.73,433.0,1.0,1.0,433.0,0.284358
3703172,IN,IN,SALEM,MOTO1,1812.36,429.0,1.0,1.0,429.0,0.236708
3703336,IN,IN,WHOLE,SUGA1,1988.28,418.0,1.0,1.0,418.0,0.210232
3703473,IN,IN,RETA1,TEXTI,1859.24,417.0,1.0,1.0,417.0,0.224285
3700216,IN,IN,COPP1,BASIC,5786.58,414.0,1.0,1.0,414.0,0.071545
3703547,IN,IN,RETA1,HOTEL,1839.71,412.0,1.0,1.0,412.0,0.223948
3706193,IN,IN,RECRE,RECRE,1711.81,409.0,1.0,1.0,409.0,0.238928
3700390,IN,IN,FOUND,FOUND,3115.97,408.0,1.0,1.0,408.0,0.130938
3703938,IN,IN,LANDT,WHOLE,3519.97,405.0,1.0,1.0,405.0,0.115058
3703429,IN,IN,WHOLE,BUSIN,1907.51,401.0,1.0,1.0,401.0,0.210222
3698134,IN,IN,COKEO,BASIC,3719.25,400.0,1.0,1.0,400.0,0.107549
3697462,IN,IN,TEXTI,FURNI,2157.06,396.0,1.0,1.0,396.0,0.183583
3695949,IN,IN,BITUM,BITUM,6060.66,394.0,1.0,1.0,394.0,0.065009
3697628,IN,IN,LEATH,LEATH,2691.22,394.0,1.0,1.0,394.0,0.146402
3699123,IN,IN,PFERT,CONST,3194.45,392.0,1.0,1.0,392.0,0.122713
3703868,IN,IN,LANDT,TEXTI,3364.64,387.0,1.0,1.0,387.0,0.11502
3704386,IN,IN,SUPPO,SUPPO,3165.71,387.0,1.0,1.0,387.0,0.122247
3703371,IN,IN,WHOLE,RUBBE,1832.54,385.0,1.0,1.0,385.0,0.210091
3700392,IN,IN,FOUND,MACHI,2879.4,377.0,1.0,1.0,377.0,0.13093
3697906,IN,IN,PAPER,WOODW,1224.74,375.0,1.0,1.0,375.0,0.306187
3695688,IN,IN,FORES,PADDY,207.36,363.0,1.0,1.0,363.0,1.750579
3703342,IN,IN,WHOLE,WEARI,1723.35,362.0,1.0,1.0,362.0,0.210056
3704056,IN,IN,TRAN2,TRAN2,4274.59,360.0,1.0,1.0,360.0,0.084219
3703384,IN,IN,WHOLE,FABRI,1707.4,359.0,1.0,1.0,359.0,0.210261
3703915,IN,IN,LANDT,MOTO1,3093.87,356.0,1.0,1.0,356.0,0.115066
3704516,IN,IN,POSTT,POSTT,3483.36,353.0,1.0,1.0,353.0,0.101339
3696772,IN,IN,VEGE1,PROCE,1420.32,352.0,1.0,1.0,352.0,0.247831
3694891,IN,IN,CEREA,HOTEL,1311.7,348.0,1.0,1.0,348.0,0.265305
3699060,IN,IN,PFERT,PADDY,2809.93,345.0,1.0,1.0,345.0,0.122779
3694711,IN,IN,PADDY,PROCE,1325.79,345.0,1.0,1.0,345.0,0.260222
3705411,IN,IN,BUSIN,EDUCA,2609.5,340.0,1.0,1.0,340.0,0.130293
3701541,IN,IN,ELEC1,DISTR,4102.32,340.0,1.0,1.0,340.0,0.08288
3699872,IN,IN,BASIC,BASIC,3538.49,340.0,1.0,1.0,340.0,0.096086
3703677,IN,IN,HOTEL,WHOLE,1177.33,335.0,1.0,1.0,335.0,0.284542
3694975,IN,IN,VEGET,PUBLI,639.31,331.0,1.0,1.0,331.0,0.517746
3694947,IN,IN,VEGET,CHEM1,635.67,330.0,1.0,1.0,330.0,0.519137
3703474,IN,IN,RETA1,WEARI,1473.35,330.0,1.0,1.0,330.0,0.223979
3703367,IN,IN,WHOLE,CHEM1,1565.47,329.0,1.0,1.0,329.0,0.210161
3697331,IN,IN,FISH5,HOTEL,1144.71,323.0,1.0,1.0,323.0,0.282168
3703392,IN,IN,WHOLE,FURNI,1534.06,322.0,1.0,1.0,322.0,0.209901
3703192,IN,IN,SALEM,RENTI,1349.74,319.0,1.0,1.0,319.0,0.236342
3703312,IN,IN,WHOLE,ANIMA,1515.18,318.0,1.0,1.0,318.0,0.209876
3703347,IN,IN,WHOLE,PRINT,1493.52,314.0,1.0,1.0,314.0,0.210242
3699886,IN,IN,BASIC,TRANS,3243.37,312.0,1.0,1.0,312.0,0.096196
3695219,IN,IN,CROPS,ANIMA,694.43,308.0,1.0,1.0,308.0,0.443529
3703416,IN,IN,WHOLE,LANDT,1465.54,308.0,1.0,1.0,308.0,0.210161
3703300,IN,IN,WHOLE,PADDY,1463.75,307.0,1.0,1.0,307.0,0.209735
3705542,IN,IN,EDUCA,EDUCA,1213.05,304.0,1.0,1.0,304.0,0.250608
3699559,IN,IN,GLASS,CONST,2773.51,303.0,1.0,1.0,303.0,0.109248
3703686,IN,IN,HOTEL,SUPPO,1031.15,293.0,1.0,1.0,293.0,0.284149
3700509,IN,IN,FABRI,FABRI,2235.73,292.0,1.0,1.0,292.0,0.130606
3700849,IN,IN,ELECT,CONST,2741.19,291.0,1.0,1.0,291.0,0.106158
3703426,IN,IN,WHOLE,RENTI,1378.24,289.0,1.0,1.0,289.0,0.209688
3705672,IN,IN,HEALT,HEALT,1977.24,286.0,1.0,1.0,286.0,0.144646
3703465,IN,IN,RETA1,VEGE1,1264.92,284.0,1.0,1.0,284.0,0.22452
3699082,IN,IN,PFERT,GASDI,2309.13,283.0,1.0,1.0,283.0,0.122557
3703335,IN,IN,WHOLE,PROCE,1343.3,282.0,1.0,1.0,282.0,0.209931
3698117,IN,IN,PRINT,EDUCA,1466.71,281.0,1.0,1.0,281.0,0.191585
3695779,IN,IN,FORES,BUSIN,159.5,279.0,1.0,1.0,279.0,1.749216
3703421,IN,IN,WHOLE,POSTT,1319.64,277.0,1.0,1.0,277.0,0.209906
3698113,IN,IN,PRINT,COMPU,1411.53,270.0,1.0,1.0,270.0,0.191282
3703681,IN,IN,HOTEL,LANDT,927.27,264.0,1.0,1.0,264.0,0.284707
3703391,IN,IN,WHOLE,TRANS,1248.71,262.0,1.0,1.0,262.0,0.209817
3699449,IN,IN,RUBBE,FURNI,1713.38,261.0,1.0,1.0,261.0,0.15233
3702513,IN,IN,DISTR,DISTR,5573.58,259.0,1.0,1.0,259.0,0.046469
3699242,IN,IN,CHEM1,PUBLI,1958.45,259.0,1.0,1.0,259.0,0.132247
3697242,IN,IN,BEVER,HOTEL,1127.38,259.0,1.0,1.0,259.0,0.229736
3703917,IN,IN,LANDT,FURNI,2240.87,258.0,1.0,1.0,258.0,0.115134
3703498,IN,IN,RETA1,PFERT,1148.44,257.0,1.0,1.0,257.0,0.223782
3703698,IN,IN,HOTEL,HEALT,895.76,255.0,1.0,1.0,255.0,0.284674
3700394,IN,IN,FOUND,ELECT,1942.89,254.0,1.0,1.0,254.0,0.130733
3700937,IN,IN,RADIO,RADIO,2230.01,254.0,1.0,1.0,254.0,0.113901
3704250,IN,IN,AIRTR,SUPPO,2181.47,254.0,1.0,1.0,254.0,0.116435
3695713,IN,IN,FORES,TOBAC,144.24,252.0,1.0,1.0,252.0,1.747088
3705401,IN,IN,BUSIN,POSTT,1933.86,252.0,1.0,1.0,252.0,0.130309
3703346,IN,IN,WHOLE,PAPER,1183.35,249.0,1.0,1.0,249.0,0.21042
3697525,IN,IN,WEARI,TEXTI,1626.51,247.0,1.0,1.0,247.0,0.151859
3703340,IN,IN,WHOLE,TOBAC,1173.42,246.0,1.0,1.0,246.0,0.209644
3703467,IN,IN,RETA1,PROCE,1095.32,245.0,1.0,1.0,245.0,0.223679
3703436,IN,IN,RETA1,PADDY,1080.58,242.0,1.0,1.0,242.0,0.223954
3703430,IN,IN,WHOLE,PUBLI,1146.7,241.0,1.0,1.0,241.0,0.210168
3704377,IN,IN,SUPPO,WHOLE,1948.1,238.0,1.0,1.0,238.0,0.12217
3703499,IN,IN,RETA1,CHEM1,1062.77,238.0,1.0,1.0,238.0,0.223943
3705405,IN,IN,BUSIN,REALE,1827.36,238.0,1.0,1.0,238.0,0.130243
3703089,IN,IN,CONST,EDUCA,1195.66,235.0,1.0,1.0,235.0,0.196544
3697897,IN,IN,PAPER,PROCE,738.84,226.0,1.0,1.0,226.0,0.305885
3700508,IN,IN,FABRI,FOUND,1729.12,226.0,1.0,1.0,226.0,0.130702
3699220,IN,IN,CHEM1,MOTO1,1705.15,225.0,1.0,1.0,225.0,0.131953
3699209,IN,IN,CHEM1,ALUM1,1703.03,225.0,1.0,1.0,225.0,0.132117
3697995,IN,IN,PAPER,EDUCA,728.7,223.0,1.0,1.0,223.0,0.306024
3697975,IN,IN,PAPER,WHOLE,725.21,222.0,1.0,1.0,222.0,0.306118
3700220,IN,IN,COPP1,COPP1,3097.06,222.0,1.0,1.0,222.0,0.071681
3704517,IN,IN,POSTT,FINAN,2177.44,221.0,1.0,1.0,221.0,0.101495
3703949,IN,IN,LANDT,FINAN,1909.69,220.0,1.0,1.0,220.0,0.115202
3705395,IN,IN,BUSIN,LANDT,1675.95,219.0,1.0,1.0,219.0,0.130672
3695302,IN,IN,CROPS,BUSIN,493.56,219.0,1.0,1.0,219.0,0.443715
3703449,IN,IN,RETA1,RAWMI,972.45,218.0,1.0,1.0,218.0,0.224176
3703448,IN,IN,RETA1,ANIMA,964.98,216.0,1.0,1.0,216.0,0.223839
3705170,IN,IN,RENTI,RENTI,3305.26,215.0,1.0,1.0,215.0,0.065048
3697991,IN,IN,PAPER,COMPU,690.33,211.0,1.0,1.0,211.0,0.305651
3705171,IN,IN,RENTI,COMPU,3212.77,209.0,1.0,1.0,209.0,0.065053
3703679,IN,IN,HOTEL,HOTEL,734.54,209.0,1.0,1.0,209.0,0.284532
3700386,IN,IN,FOUND,ALUM1,1598.46,209.0,1.0,1.0,209.0,0.130751
3703069,IN,IN,CONST,WHOLE,1054.3,208.0,1.0,1.0,208.0,0.197287
3703691,IN,IN,HOTEL,REALE,730.22,208.0,1.0,1.0,208.0,0.284846
3697526,IN,IN,WEARI,WEARI,1361.67,207.0,1.0,1.0,207.0,0.152019
3700397,IN,IN,FOUND,MOTO1,1577.8,207.0,1.0,1.0,207.0,0.131195
3697775,IN,IN,WOODW,FURNI,960.89,206.0,1.0,1.0,206.0,0.214385
3699222,IN,IN,CHEM1,FURNI,1561.56,206.0,1.0,1.0,206.0,0.131919
3697986,IN,IN,PAPER,FINAN,667.92,205.0,1.0,1.0,205.0,0.306923
3695291,IN,IN,CROPS,CONST,458.67,203.0,1.0,1.0,203.0,0.442584
3704923,IN,IN,AUXIL,AUXIL,2973.86,202.0,1.0,1.0,202.0,0.067925
3697954,IN,IN,PAPER,FURNI,656.54,201.0,1.0,1.0,201.0,0.30615
3704374,IN,IN,SUPPO,CONST,1641.38,201.0,1.0,1.0,201.0,0.122458
3704522,IN,IN,POSTT,COMPU,1982.53,201.0,1.0,1.0,201.0,0.101386
3697994,IN,IN,PAPER,PUBLI,648.53,199.0,1.0,1.0,199.0,0.306848
3700391,IN,IN,FOUND,FABRI,1509.83,198.0,1.0,1.0,198.0,0.131141
3703344,IN,IN,WHOLE,WOODW,937.84,197.0,1.0,1.0,197.0,0.210057
3705243,IN,IN,COMPU,FINAN,1832.39,197.0,1.0,1.0,197.0,0.10751
3703375,IN,IN,WHOLE,CEMEN,930.89,196.0,1.0,1.0,196.0,0.210551
3697993,IN,IN,PAPER,BUSIN,635.93,195.0,1.0,1.0,195.0,0.306638
3698116,IN,IN,PRINT,PUBLI,1005.72,193.0,1.0,1.0,193.0,0.191902
3696100,IN,IN,CRUDE,MOTOR,3296.48,193.0,1.0,1.0,193.0,0.058547
3703701,IN,IN,HOTEL,MEMBE,662.4,188.0,1.0,1.0,188.0,0.283816
3697128,IN,IN,FOOD5,FOOD5,522.66,187.0,1.0,1.0,187.0,0.357785
3700398,IN,IN,FOUND,TRANS,1429.86,187.0,1.0,1.0,187.0,0.130782
3706296,IN,IN,93197,CONST,958.32,187.0,1.0,1.0,187.0,0.195133
3698108,IN,IN,PRINT,FINAN,970.01,186.0,1.0,1.0,186.0,0.191751
3703434,IN,IN,WHOLE,RECRE,883.62,186.0,1.0,1.0,186.0,0.210498
3700829,IN,IN,ELECT,MOTO1,1754.63,186.0,1.0,1.0,186.0,0.106005
3699172,IN,IN,CHEM1,WEARI,1392.31,184.0,1.0,1.0,184.0,0.132154
3695218,IN,IN,CROPS,MEATA,412.87,183.0,1.0,1.0,183.0,0.443239
3699424,IN,IN,RUBBE,CHEM1,1204.95,183.0,1.0,1.0,183.0,0.151874
3704922,IN,IN,AUXIL,INSUR,2690.32,183.0,1.0,1.0,183.0,0.068022
3697929,IN,IN,PAPER,CHEM1,596.49,183.0,1.0,1.0,183.0,0.306795
3703393,IN,IN,WHOLE,ELEC1,865.11,182.0,1.0,1.0,182.0,0.210378
3703940,IN,IN,LANDT,HOTEL,1510.31,174.0,1.0,1.0,174.0,0.115208
3706324,IN,IN,93197,93197,880.16,172.0,1.0,1.0,172.0,0.195419
3703420,IN,IN,WHOLE,SUPPO,804.03,169.0,1.0,1.0,169.0,0.210191
3700827,IN,IN,ELECT,RADIO,1560.34,166.0,1.0,1.0,166.0,0.106387
3704648,IN,IN,FINAN,WHOLE,2212.88,164.0,1.0,1.0,164.0,0.074112
3695150,IN,IN,PLANT,WEARI,212.33,164.0,1.0,1.0,164.0,0.772383
3695852,IN,IN,FISHF,AUXIL,200.38,164.0,1.0,1.0,164.0,0.818445
3699971,IN,IN,PREC1,PREC1,1832.81,163.0,1.0,1.0,163.0,0.088934
3704302,IN,IN,SUPPO,FOOD5,1334.72,163.0,1.0,1.0,163.0,0.122123
3705392,IN,IN,BUSIN,RETA1,1249.32,163.0,1.0,1.0,163.0,0.130471
3703378,IN,IN,WHOLE,PREC1,764.59,161.0,1.0,1.0,161.0,0.21057
3699206,IN,IN,CHEM1,NONME,1209.78,160.0,1.0,1.0,160.0,0.132255
3695067,IN,IN,SUGAR,BEVER,3457.32,159.0,1.0,1.0,159.0,0.045989
3699395,IN,IN,RUBBE,BEVER,1037.6,158.0,1.0,1.0,158.0,0.152274
3703503,IN,IN,RETA1,RUBBE,700.05,157.0,1.0,1.0,157.0,0.22427
3699595,IN,IN,CERAM,CERAM,1113.32,157.0,1.0,1.0,157.0,0.14102
3695772,IN,IN,FORES,RETA1,90.04,157.0,1.0,1.0,157.0,1.743669
3703471,IN,IN,RETA1,FISH5,699.54,157.0,1.0,1.0,157.0,0.224433
3704525,IN,IN,POSTT,PUBLI,1535.73,156.0,1.0,1.0,156.0,0.10158
3697972,IN,IN,PAPER,CONST,509.68,156.0,1.0,1.0,156.0,0.306074
3697933,IN,IN,PAPER,RUBBE,508.09,156.0,1.0,1.0,156.0,0.307032
3695381,IN,IN,PIGS9,MEATP,177.08,155.0,1.0,1.0,155.0,0.875311
3699197,IN,IN,CHEM1,CHEM1,1166.14,154.0,1.0,1.0,154.0,0.13206
3703896,IN,IN,LANDT,RUBBE,1343.26,154.0,1.0,1.0,154.0,0.114646
3703432,IN,IN,WHOLE,HEALT,730.56,153.0,1.0,1.0,153.0,0.209428
3705393,IN,IN,BUSIN,HOTEL,1172.91,153.0,1.0,1.0,153.0,0.130445
3703080,IN,IN,CONST,FINAN,772.91,152.0,1.0,1.0,152.0,0.196659
3703900,IN,IN,LANDT,CEMEN,1315.33,151.0,1.0,1.0,151.0,0.1148
3703685,IN,IN,HOTEL,AIRTR,531.9,151.0,1.0,1.0,151.0,0.283888
3703830,IN,IN,LANDT,PADDY,1304.01,150.0,1.0,1.0,150.0,0.11503
3697103,IN,IN,FOOD5,PADDY,418.26,150.0,1.0,1.0,150.0,0.358629
3703348,IN,IN,WHOLE,COKEO,711.05,149.0,1.0,1.0,149.0,0.209549
3699094,IN,IN,PFERT,NFERT,1215.96,149.0,1.0,1.0,149.0,0.122537
3695735,IN,IN,FORES,PFERT,84.54,148.0,1.0,1.0,148.0,1.750651
3695631,IN,IN,RAWMI,HOTEL,3153.47,148.0,1.0,1.0,148.0,0.046932
3699442,IN,IN,RUBBE,MACHI,970.94,148.0,1.0,1.0,148.0,0.15243
3705370,IN,IN,BUSIN,MOTO1,1124.45,147.0,1.0,1.0,147.0,0.130731
3695784,IN,IN,FORES,MEMBE,83.75,146.0,1.0,1.0,146.0,1.743284
3705406,IN,IN,BUSIN,RENTI,1119.47,146.0,1.0,1.0,146.0,0.130419
3697472,IN,IN,TEXTI,CONST,787.93,145.0,1.0,1.0,145.0,0.184026
3695303,IN,IN,CROPS,PUBLI,323.94,144.0,1.0,1.0,144.0,0.444527
3705670,IN,IN,HEALT,PUBLI,996.68,144.0,1.0,1.0,144.0,0.14448
3695151,IN,IN,PLANT,LEATH,187.51,144.0,1.0,1.0,144.0,0.767959
3695481,IN,IN,POULT,PUBLI,133.74,143.0,1.0,1.0,143.0,1.069239
3703865,IN,IN,LANDT,BEVER,1247.32,143.0,1.0,1.0,143.0,0.114646
3699656,IN,IN,BRICK,CONST,1209.66,143.0,1.0,1.0,143.0,0.118215
3698097,IN,IN,PRINT,WHOLE,741.2,142.0,1.0,1.0,142.0,0.191581
3695820,IN,IN,FISHF,CHEM1,173.7,142.0,1.0,1.0,142.0,0.817501
3699061,IN,IN,PFERT,WHEAT,1149.18,141.0,1.0,1.0,141.0,0.122696
3703545,IN,IN,RETA1,WHOLE,626.94,141.0,1.0,1.0,141.0,0.224902
3703422,IN,IN,WHOLE,FINAN,664.77,140.0,1.0,1.0,140.0,0.210599
3701341,IN,IN,FURNI,CONST,1278.54,140.0,1.0,1.0,140.0,0.1095
3695542,IN,IN,ANIMA,CHEM1,240.93,139.0,1.0,1.0,139.0,0.576931
3694810,IN,IN,WHEAT,HOTEL,265.17,139.0,1.0,1.0,139.0,0.524192
3703564,IN,IN,RETA1,PUBLI,618.78,139.0,1.0,1.0,139.0,0.224636
3703910,IN,IN,LANDT,MACHI,1206.11,139.0,1.0,1.0,139.0,0.115247
3703415,IN,IN,WHOLE,RAILW,660.6,139.0,1.0,1.0,139.0,0.210415
3694706,IN,IN,PADDY,POULT,534.03,139.0,1.0,1.0,139.0,0.260285
3706314,IN,IN,93197,COMPU,705.74,138.0,1.0,1.0,138.0,0.195539
3705400,IN,IN,BUSIN,SUPPO,1052.86,137.0,1.0,1.0,137.0,0.130122
3697771,IN,IN,WOODW,RADIO,639.2,137.0,1.0,1.0,137.0,0.21433
3698254,IN,IN,MOTOR,LANDT,4742.69,136.0,1.0,1.0,136.0,0.028676
3703079,IN,IN,CONST,POSTT,687.68,135.0,1.0,1.0,135.0,0.196312
3700226,IN,IN,COPP1,ELECT,1873.89,134.0,1.0,1.0,134.0,0.071509
3697729,IN,IN,WOODW,PAPER,624.86,134.0,1.0,1.0,134.0,0.214448
3697977,IN,IN,PAPER,HOTEL,434.03,133.0,1.0,1.0,133.0,0.30643
3703472,IN,IN,RETA1,TOBAC,594.57,133.0,1.0,1.0,133.0,0.223691
3697903,IN,IN,PAPER,TEXTI,427.99,131.0,1.0,1.0,131.0,0.306082
3695317,IN,IN,CATTL,MEATC,275.75,131.0,1.0,1.0,131.0,0.475068
3704665,IN,IN,FINAN,BUSIN,1749.67,130.0,1.0,1.0,130.0,0.0743
3706339,IN,IN,PRIVA,CRUDE,225.76,129.0,1.0,1.0,129.0,0.571403
3703549,IN,IN,RETA1,LANDT,574.13,129.0,1.0,1.0,129.0,0.224688
3697626,IN,IN,LEATH,TEXTI,872.59,128.0,1.0,1.0,128.0,0.14669
3699398,IN,IN,RUBBE,TEXTI,839.44,128.0,1.0,1.0,128.0,0.152483
3697671,IN,IN,LEATH,MOTO1,867.09,127.0,1.0,1.0,127.0,0.146467
3703947,IN,IN,LANDT,SUPPO,1108.76,127.0,1.0,1.0,127.0,0.114542
3699078,IN,IN,PFERT,MOTOR,1015.77,125.0,1.0,1.0,125.0,0.123059
3703078,IN,IN,CONST,SUPPO,635.95,125.0,1.0,1.0,125.0,0.196556
3697114,IN,IN,FOOD5,RAWMI,345.44,124.0,1.0,1.0,124.0,0.358962
3697355,IN,IN,TOBAC,TOBAC,916.7,124.0,1.0,1.0,124.0,0.135268
3703678,IN,IN,HOTEL,RETA1,431.48,123.0,1.0,1.0,123.0,0.285065
3699241,IN,IN,CHEM1,BUSIN,930.44,123.0,1.0,1.0,123.0,0.132196
3696107,IN,IN,CRUDE,LIQUE,2085.51,122.0,1.0,1.0,122.0,0.058499
3703957,IN,IN,LANDT,PUBLI,1063.66,122.0,1.0,1.0,122.0,0.114698
3698115,IN,IN,PRINT,BUSIN,630.9,121.0,1.0,1.0,121.0,0.19179
3699531,IN,IN,GLASS,GLASS,1109.7,121.0,1.0,1.0,121.0,0.109038
3697194,IN,IN,BEVER,BEVER,528.35,121.0,1.0,1.0,121.0,0.229015
3703318,IN,IN,WHOLE,BITUM,572.85,120.0,1.0,1.0,120.0,0.209479
3700385,IN,IN,FOUND,PREC1,913.18,120.0,1.0,1.0,120.0,0.131409
3701140,IN,IN,MOTO1,LANDT,1010.65,120.0,1.0,1.0,120.0,0.118735
3697475,IN,IN,TEXTI,WHOLE,652.75,120.0,1.0,1.0,120.0,0.183838
3703402,IN,IN,WHOLE,DISTR,565.85,119.0,1.0,1.0,119.0,0.210303
3703376,IN,IN,WHOLE,NONME,566.93,119.0,1.0,1.0,119.0,0.209902
3705414,IN,IN,BUSIN,RECRE,906.96,118.0,1.0,1.0,118.0,0.130105
3699597,IN,IN,CERAM,CEMEN,836.33,118.0,1.0,1.0,118.0,0.141093
3697176,IN,IN,FOOD5,PUBLI,327.75,117.0,1.0,1.0,117.0,0.356979
3703909,IN,IN,LANDT,FABRI,1008.87,116.0,1.0,1.0,116.0,0.11498
3703892,IN,IN,LANDT,CHEM1,1011.0,116.0,1.0,1.0,116.0,0.114738
3700512,IN,IN,FABRI,ELECT,887.09,116.0,1.0,1.0,116.0,0.130765
3703702,IN,IN,HOTEL,RECRE,405.8,115.0,1.0,1.0,115.0,0.283391
3698674,IN,IN,NAPHT,CONST,4017.95,115.0,1.0,1.0,115.0,0.028622
3699194,IN,IN,CHEM1,PLAST,870.06,115.0,1.0,1.0,115.0,0.132175
3705159,IN,IN,RENTI,WHOLE,1758.61,114.0,1.0,1.0,114.0,0.064824
3696839,IN,IN,DAIRY,PADDY,2114.86,114.0,1.0,1.0,114.0,0.053904
3696776,IN,IN,VEGE1,FISH5,459.34,114.0,1.0,1.0,114.0,0.248182
3695773,IN,IN,FORES,HOTEL,64.36,113.0,1.0,1.0,113.0,1.755749
3706070,IN,IN,MEMBE,MEMBE,291.06,113.0,1.0,1.0,113.0,0.388236
3699887,IN,IN,BASIC,FURNI,1164.21,112.0,1.0,1.0,112.0,0.096203
3696763,IN,IN,VEGE1,RAWMI,451.47,112.0,1.0,1.0,112.0,0.248078
3703087,IN,IN,CONST,BUSIN,571.2,112.0,1.0,1.0,112.0,0.196078
3699233,IN,IN,CHEM1,WHOLE,848.06,112.0,1.0,1.0,112.0,0.132066
3703901,IN,IN,LANDT,NONME,972.51,112.0,1.0,1.0,112.0,0.115166
3703387,IN,IN,WHOLE,ELECT,527.18,111.0,1.0,1.0,111.0,0.210554
3704612,IN,IN,FINAN,BASIC,1504.22,111.0,1.0,1.0,111.0,0.073792
3703524,IN,IN,RETA1,FURNI,495.36,111.0,1.0,1.0,111.0,0.224079
3704667,IN,IN,FINAN,EDUCA,1480.19,110.0,1.0,1.0,110.0,0.074315
3698337,IN,IN,GASDI,PADDY,3882.64,110.0,1.0,1.0,110.0,0.028331
3703522,IN,IN,RETA1,MOTO1,487.8,109.0,1.0,1.0,109.0,0.223452
3705315,IN,IN,BUSIN,PROCE,839.15,109.0,1.0,1.0,109.0,0.129893
3703315,IN,IN,WHOLE,FORES,520.31,109.0,1.0,1.0,109.0,0.20949
3703381,IN,IN,WHOLE,COPP1,518.35,109.0,1.0,1.0,109.0,0.210283
3699977,IN,IN,PREC1,FABRI,1230.57,109.0,1.0,1.0,109.0,0.088577
3698435,IN,IN,GASDI,WHOLE,3798.27,107.0,1.0,1.0,107.0,0.028171
3705364,IN,IN,BUSIN,FABRI,816.89,107.0,1.0,1.0,107.0,0.130985
3703958,IN,IN,LANDT,EDUCA,920.45,106.0,1.0,1.0,106.0,0.115161
3697952,IN,IN,PAPER,MOTO1,347.33,106.0,1.0,1.0,106.0,0.305185
3703188,IN,IN,SALEM,SUPPO,443.83,105.0,1.0,1.0,105.0,0.236577
3698638,IN,IN,NAPHT,PFERT,3691.47,105.0,1.0,1.0,105.0,0.028444
3703431,IN,IN,WHOLE,EDUCA,501.12,105.0,1.0,1.0,105.0,0.209531
3700516,IN,IN,FABRI,TRANS,803.08,105.0,1.0,1.0,105.0,0.130747
3700399,IN,IN,FOUND,FURNI,800.22,105.0,1.0,1.0,105.0,0.131214
3701364,IN,IN,FURNI,EDUCA,949.2,104.0,1.0,1.0,104.0,0.109566
3699462,IN,IN,RUBBE,WHOLE,685.28,104.0,1.0,1.0,104.0,0.151763
3695754,IN,IN,FORES,MACHI,59.36,104.0,1.0,1.0,104.0,1.752022
3700388,IN,IN,FOUND,COPP1,784.17,103.0,1.0,1.0,103.0,0.131349
3699466,IN,IN,RUBBE,LANDT,679.82,103.0,1.0,1.0,103.0,0.151511
3703919,IN,IN,LANDT,ELEC1,898.76,103.0,1.0,1.0,103.0,0.114602
3700517,IN,IN,FABRI,FURNI,785.74,103.0,1.0,1.0,103.0,0.131087
3705662,IN,IN,HEALT,FINAN,715.28,103.0,1.0,1.0,103.0,0.144
3703692,IN,IN,HOTEL,RENTI,357.06,102.0,1.0,1.0,102.0,0.285666
3705667,IN,IN,HEALT,COMPU,706.15,102.0,1.0,1.0,102.0,0.144445
3696001,IN,IN,BITUM,PREC1,1561.87,102.0,1.0,1.0,102.0,0.065306
3697926,IN,IN,PAPER,PLAST,330.91,101.0,1.0,1.0,101.0,0.305219
3702976,IN,IN,CONST,CRUDE,511.49,101.0,1.0,1.0,101.0,0.197462
3695753,IN,IN,FORES,FABRI,57.66,101.0,1.0,1.0,101.0,1.751648
3696598,IN,IN,MEATC,HOTEL,583.16,99.0,1.0,1.0,99.0,0.169765
3702928,IN,IN,COLLE,COLLE,1071.32,99.0,1.0,1.0,99.0,0.092409
3704649,IN,IN,FINAN,RETA1,1323.83,98.0,1.0,1.0,98.0,0.074028
3704663,IN,IN,FINAN,COMPU,1324.34,98.0,1.0,1.0,98.0,0.073999
3699549,IN,IN,GLASS,MOTO1,893.05,98.0,1.0,1.0,98.0,0.109736
3698107,IN,IN,PRINT,POSTT,510.4,98.0,1.0,1.0,98.0,0.192006
3703939,IN,IN,LANDT,RETA1,845.92,97.0,1.0,1.0,97.0,0.114668
3697976,IN,IN,PAPER,RETA1,318.32,97.0,1.0,1.0,97.0,0.304725
3706318,IN,IN,93197,EDUCA,491.97,96.0,1.0,1.0,96.0,0.195134
3706301,IN,IN,93197,HOTEL,492.52,96.0,1.0,1.0,96.0,0.194916
3697039,IN,IN,SUGA1,BEVER,542.69,96.0,1.0,1.0,96.0,0.176897
3706358,IN,IN,PRIVA,SUGA1,169.19,96.0,1.0,1.0,96.0,0.567409
3696004,IN,IN,BITUM,COPP1,1478.05,96.0,1.0,1.0,96.0,0.06495
3697899,IN,IN,PAPER,FOOD5,313.55,96.0,1.0,1.0,96.0,0.306171
3699247,IN,IN,CHEM1,93197,725.63,96.0,1.0,1.0,96.0,0.132299
3703843,IN,IN,LANDT,RAWMI,828.86,95.0,1.0,1.0,95.0,0.114615
3699883,IN,IN,BASIC,RADIO,975.26,94.0,1.0,1.0,94.0,0.096385
3700222,IN,IN,COPP1,FOUND,1310.35,94.0,1.0,1.0,94.0,0.071737
3697769,IN,IN,WOODW,OFFIC,435.13,93.0,1.0,1.0,93.0,0.213729
3700826,IN,IN,ELECT,ELECT,879.89,93.0,1.0,1.0,93.0,0.105695
3699031,IN,IN,NFERT,CHEM1,775.97,92.0,1.0,1.0,92.0,0.118561
3700543,IN,IN,FABRI,PUBLI,706.73,92.0,1.0,1.0,92.0,0.130177
3705250,IN,IN,COMPU,PUBLI,850.71,92.0,1.0,1.0,92.0,0.108145
3700223,IN,IN,COPP1,FABRI,1264.41,91.0,1.0,1.0,91.0,0.07197
3697038,IN,IN,SUGA1,FOOD5,511.64,91.0,1.0,1.0,91.0,0.177859
3705412,IN,IN,BUSIN,HEALT,697.49,91.0,1.0,1.0,91.0,0.130468
3706319,IN,IN,93197,HEALT,465.71,91.0,1.0,1.0,91.0,0.195401
3705346,IN,IN,BUSIN,PFERT,693.64,90.0,1.0,1.0,90.0,0.12975
3703332,IN,IN,WHOLE,MEAT4,427.88,90.0,1.0,1.0,90.0,0.210339
3706299,IN,IN,93197,WHOLE,463.81,90.0,1.0,1.0,90.0,0.194045
3699706,IN,IN,CEMEN,CEMEN,748.33,90.0,1.0,1.0,90.0,0.120268
3699207,IN,IN,CHEM1,BASIC,678.46,90.0,1.0,1.0,90.0,0.132653
3704652,IN,IN,FINAN,LANDT,1213.13,90.0,1.0,1.0,90.0,0.074188
3703869,IN,IN,LANDT,WEARI,779.91,90.0,1.0,1.0,90.0,0.115398
3706389,IN,IN,PRIVA,CHEM1,156.43,89.0,1.0,1.0,89.0,0.568945
3704662,IN,IN,FINAN,RENTI,1203.88,89.0,1.0,1.0,89.0,0.073928
3703353,IN,IN,WHOLE,GASDI,423.11,89.0,1.0,1.0,89.0,0.210347
3704506,IN,IN,POSTT,WHOLE,873.95,89.0,1.0,1.0,89.0,0.101836
3705123,IN,IN,RENTI,CHEM1,1363.15,89.0,1.0,1.0,89.0,0.06529
3697948,IN,IN,PAPER,OFFIC,290.05,89.0,1.0,1.0,89.0,0.306844
3704625,IN,IN,FINAN,MOTO1,1207.61,89.0,1.0,1.0,89.0,0.073699
3705242,IN,IN,COMPU,POSTT,815.46,88.0,1.0,1.0,88.0,0.107915
3705173,IN,IN,RENTI,BUSIN,1348.28,88.0,1.0,1.0,88.0,0.065268
3706057,IN,IN,MEMBE,FINAN,226.95,88.0,1.0,1.0,88.0,0.387751
3703478,IN,IN,RETA1,PAPER,390.41,88.0,1.0,1.0,88.0,0.225404
3699878,IN,IN,BASIC,FOUND,908.52,87.0,1.0,1.0,87.0,0.09576
3703563,IN,IN,RETA1,BUSIN,387.4,87.0,1.0,1.0,87.0,0.224574
3702512,IN,IN,DISTR,TRAN1,1843.27,86.0,1.0,1.0,86.0,0.046656
3700969,IN,IN,RADIO,POSTT,757.43,86.0,1.0,1.0,86.0,0.113542
3704306,IN,IN,SUPPO,TEXTI,700.23,86.0,1.0,1.0,86.0,0.122817
3697489,IN,IN,TEXTI,BUSIN,467.85,86.0,1.0,1.0,86.0,0.18382
3706363,IN,IN,PRIVA,TEXTI,148.7,85.0,1.0,1.0,85.0,0.571621
3703687,IN,IN,HOTEL,POSTT,300.0,85.0,1.0,1.0,85.0,0.283333
3703070,IN,IN,CONST,RETA1,431.02,85.0,1.0,1.0,85.0,0.197207
3704524,IN,IN,POSTT,BUSIN,841.57,85.0,1.0,1.0,85.0,0.101002
3703339,IN,IN,WHOLE,FISH5,406.05,85.0,1.0,1.0,85.0,0.209334
3696762,IN,IN,VEGE1,ANIMA,338.07,84.0,1.0,1.0,84.0,0.248469
3694817,IN,IN,WHEAT,PUBLI,161.38,84.0,1.0,1.0,84.0,0.520511
3700824,IN,IN,ELECT,MACHI,792.29,84.0,1.0,1.0,84.0,0.106022
3705669,IN,IN,HEALT,BUSIN,577.11,83.0,1.0,1.0,83.0,0.14382
3704658,IN,IN,FINAN,POSTT,1116.55,83.0,1.0,1.0,83.0,0.074336
3701233,IN,IN,TRANS,PUBLI,590.4,83.0,1.0,1.0,83.0,0.140583
3703480,IN,IN,RETA1,COKEO,370.44,83.0,1.0,1.0,83.0,0.224058
3703060,IN,IN,CONST,DISTR,421.29,83.0,1.0,1.0,83.0,0.197014
3703182,IN,IN,SALEM,SALEM,349.36,83.0,1.0,1.0,83.0,0.237577
3697904,IN,IN,PAPER,WEARI,267.22,82.0,1.0,1.0,82.0,0.306863
3698122,IN,IN,PRINT,RECRE,427.33,82.0,1.0,1.0,82.0,0.191889
3703121,IN,IN,SALEM,PROCE,344.76,82.0,1.0,1.0,82.0,0.237847
3703566,IN,IN,RETA1,HEALT,367.66,82.0,1.0,1.0,82.0,0.223032
3699704,IN,IN,CEMEN,CERAM,671.44,81.0,1.0,1.0,81.0,0.120636
3706326,IN,IN,PRIVA,PADDY,142.95,81.0,1.0,1.0,81.0,0.566632
3696102,IN,IN,CRUDE,KEROS,1380.16,81.0,1.0,1.0,81.0,0.058689
3698289,IN,IN,KEROS,AIRTR,2746.51,81.0,1.0,1.0,81.0,0.029492
3705372,IN,IN,BUSIN,FURNI,615.54,80.0,1.0,1.0,80.0,0.129967
3696949,IN,IN,PROCE,PROCE,484.63,80.0,1.0,1.0,80.0,0.165074
3700970,IN,IN,RADIO,FINAN,700.69,80.0,1.0,1.0,80.0,0.114173
3699217,IN,IN,CHEM1,ELECT,605.98,80.0,1.0,1.0,80.0,0.132018
3697413,IN,IN,TEXTI,LEATH,436.25,80.0,1.0,1.0,80.0,0.183381
3695721,IN,IN,FORES,COKEO,45.38,79.0,1.0,1.0,79.0,1.740855
3699215,IN,IN,CHEM1,MACHI,596.85,79.0,1.0,1.0,79.0,0.132362
3702540,IN,IN,DISTR,EDUCA,1705.95,79.0,1.0,1.0,79.0,0.046309
3705525,IN,IN,EDUCA,WHOLE,315.04,79.0,1.0,1.0,79.0,0.250762
3699085,IN,IN,PFERT,LIQUE,642.26,79.0,1.0,1.0,79.0,0.123003
3699707,IN,IN,CEMEN,NONME,648.81,78.0,1.0,1.0,78.0,0.12022
3699214,IN,IN,CHEM1,FABRI,586.92,78.0,1.0,1.0,78.0,0.132897
3705162,IN,IN,RENTI,RAILW,1202.03,78.0,1.0,1.0,78.0,0.06489
3705167,IN,IN,RENTI,POSTT,1195.55,78.0,1.0,1.0,78.0,0.065242
3703956,IN,IN,LANDT,BUSIN,674.88,78.0,1.0,1.0,78.0,0.115576
3706317,IN,IN,93197,PUBLI,393.98,77.0,1.0,1.0,77.0,0.195441
3703311,IN,IN,WHOLE,MEATA,366.71,77.0,1.0,1.0,77.0,0.209975
3700496,IN,IN,FABRI,RUBBE,588.85,77.0,1.0,1.0,77.0,0.130763
3703373,IN,IN,WHOLE,CERAM,364.91,77.0,1.0,1.0,77.0,0.211011
3699787,IN,IN,NONME,NONME,701.84,77.0,1.0,1.0,77.0,0.109712
3705365,IN,IN,BUSIN,MACHI,581.53,76.0,1.0,1.0,76.0,0.13069
3704577,IN,IN,FINAN,WEARI,1027.03,76.0,1.0,1.0,76.0,0.074
3696109,IN,IN,CRUDE,NAPHT,1291.53,76.0,1.0,1.0,76.0,0.058845
3705539,IN,IN,EDUCA,COMPU,303.16,76.0,1.0,1.0,76.0,0.250693
3703873,IN,IN,LANDT,PAPER,662.69,76.0,1.0,1.0,76.0,0.114684
3703779,IN,IN,RAILW,BASIC,1415.3,75.0,1.0,1.0,75.0,0.052992
3703476,IN,IN,RETA1,WOODW,333.68,75.0,1.0,1.0,75.0,0.224766
3705534,IN,IN,EDUCA,FINAN,299.78,75.0,1.0,1.0,75.0,0.250183
3695295,IN,IN,CROPS,HOTEL,170.13,75.0,1.0,1.0,75.0,0.440839
3703654,IN,IN,HOTEL,MOTO1,265.43,75.0,1.0,1.0,75.0,0.28256
3698098,IN,IN,PRINT,RETA1,391.78,75.0,1.0,1.0,75.0,0.191434
3699168,IN,IN,CHEM1,BEVER,568.46,75.0,1.0,1.0,75.0,0.131935
3703509,IN,IN,RETA1,BASIC,329.53,74.0,1.0,1.0,74.0,0.224562
3703379,IN,IN,WHOLE,ALUM1,350.87,74.0,1.0,1.0,74.0,0.210904
3699448,IN,IN,RUBBE,TRANS,479.53,73.0,1.0,1.0,73.0,0.152232
3696176,IN,IN,NATUR,BASIC,1372.45,73.0,1.0,1.0,73.0,0.05319
3703085,IN,IN,CONST,COMPU,370.15,73.0,1.0,1.0,73.0,0.197217
3697901,IN,IN,PAPER,FISH5,239.09,73.0,1.0,1.0,73.0,0.305324
3704342,IN,IN,SUPPO,BASIC,600.9,73.0,1.0,1.0,73.0,0.121484
3706044,IN,IN,MEMBE,CONST,186.99,73.0,1.0,1.0,73.0,0.390395
3695998,IN,IN,BITUM,CEMEN,1108.24,72.0,1.0,1.0,72.0,0.064968
3703195,IN,IN,SALEM,EDUCA,305.57,72.0,1.0,1.0,72.0,0.235625
3703419,IN,IN,WHOLE,AIRTR,340.61,72.0,1.0,1.0,72.0,0.211385
3694833,IN,IN,CEREA,RAWMI,270.17,72.0,1.0,1.0,72.0,0.266499
3703583,IN,IN,HOTEL,BITUM,252.19,72.0,1.0,1.0,72.0,0.285499
3705163,IN,IN,RENTI,LANDT,1095.01,71.0,1.0,1.0,71.0,0.06484
3697181,IN,IN,FOOD5,RECRE,196.99,71.0,1.0,1.0,71.0,0.360424
3698135,IN,IN,COKEO,LEAD1,658.22,71.0,1.0,1.0,71.0,0.107867
3703410,IN,IN,WHOLE,SALEM,340.18,71.0,1.0,1.0,71.0,0.208713
3703807,IN,IN,RAILW,RAILW,1335.01,71.0,1.0,1.0,71.0,0.053183
3698961,IN,IN,PLAST,RUBBE,638.28,70.0,1.0,1.0,70.0,0.10967
3695066,IN,IN,SUGAR,FOOD5,1526.81,70.0,1.0,1.0,70.0,0.045847
3697947,IN,IN,PAPER,MACHI,229.12,70.0,1.0,1.0,70.0,0.305517
3703372,IN,IN,WHOLE,GLASS,334.06,70.0,1.0,1.0,70.0,0.209543
3700492,IN,IN,FABRI,CHEM1,539.41,70.0,1.0,1.0,70.0,0.129771
3703608,IN,IN,HOTEL,TEXTI,241.22,69.0,1.0,1.0,69.0,0.286046
3703871,IN,IN,LANDT,WOODW,604.39,69.0,1.0,1.0,69.0,0.114165
3695011,IN,IN,OILSE,PFERT,232.46,69.0,1.0,1.0,69.0,0.296825
3706359,IN,IN,PRIVA,FOOD5,120.32,69.0,1.0,1.0,69.0,0.573471
3703898,IN,IN,LANDT,CERAM,604.52,69.0,1.0,1.0,69.0,0.11414
3703316,IN,IN,WHOLE,FISHF,329.48,69.0,1.0,1.0,69.0,0.209421
3706334,IN,IN,PRIVA,FORES,121.2,69.0,1.0,1.0,69.0,0.569307
3697167,IN,IN,FOOD5,WHOLE,190.75,68.0,1.0,1.0,68.0,0.356488
3697770,IN,IN,WOODW,ELECT,317.53,68.0,1.0,1.0,68.0,0.214153
3706062,IN,IN,MEMBE,COMPU,173.79,68.0,1.0,1.0,68.0,0.391277
3697949,IN,IN,PAPER,ELECT,221.89,68.0,1.0,1.0,68.0,0.306458
3703479,IN,IN,RETA1,PRINT,304.47,68.0,1.0,1.0,68.0,0.223339
3705178,IN,IN,RENTI,RECRE,1043.49,68.0,1.0,1.0,68.0,0.065166
3695263,IN,IN,CROPS,CHEM1,151.67,67.0,1.0,1.0,67.0,0.441749
3701038,IN,IN,MEDIC,FURNI,505.51,67.0,1.0,1.0,67.0,0.132539
3699980,IN,IN,PREC1,ELECT,753.95,67.0,1.0,1.0,67.0,0.088865
3703073,IN,IN,CONST,LANDT,339.09,67.0,1.0,1.0,67.0,0.197588
3706316,IN,IN,93197,BUSIN,345.25,67.0,1.0,1.0,67.0,0.194062
3697727,IN,IN,WOODW,WOODW,314.04,67.0,1.0,1.0,67.0,0.213349
3704907,IN,IN,AUXIL,CONST,993.88,67.0,1.0,1.0,67.0,0.067413
3703548,IN,IN,RETA1,RAILW,298.93,67.0,1.0,1.0,67.0,0.224133
3695718,IN,IN,FORES,PULP5,38.05,67.0,1.0,1.0,67.0,1.760841
3695262,IN,IN,CROPS,PFERT,150.62,67.0,1.0,1.0,67.0,0.444828
3703518,IN,IN,RETA1,OFFIC,295.53,66.0,1.0,1.0,66.0,0.223328
3705413,IN,IN,BUSIN,MEMBE,504.5,66.0,1.0,1.0,66.0,0.130823
3702539,IN,IN,DISTR,PUBLI,1429.8,66.0,1.0,1.0,66.0,0.04616
3698121,IN,IN,PRINT,MEMBE,342.66,66.0,1.0,1.0,66.0,0.192611
3703425,IN,IN,WHOLE,REALE,311.91,66.0,1.0,1.0,66.0,0.211599
3698001,IN,IN,PAPER,93197,214.92,66.0,1.0,1.0,66.0,0.307091
3706178,IN,IN,RECRE,POSTT,273.88,66.0,1.0,1.0,66.0,0.240981
3703193,IN,IN,SALEM,BUSIN,280.99,66.0,1.0,1.0,66.0,0.234884
3700224,IN,IN,COPP1,MACHI,916.76,66.0,1.0,1.0,66.0,0.071993
3703303,IN,IN,WHOLE,VEGET,313.57,66.0,1.0,1.0,66.0,0.210479
3699784,IN,IN,NONME,CERAM,590.72,65.0,1.0,1.0,65.0,0.110035
3697476,IN,IN,TEXTI,RETA1,354.89,65.0,1.0,1.0,65.0,0.183155
3700651,IN,IN,MACHI,CONST,497.58,65.0,1.0,1.0,65.0,0.130632
3700060,IN,IN,ALUM1,FABRI,704.18,65.0,1.0,1.0,65.0,0.092306
3704331,IN,IN,SUPPO,PFERT,534.05,65.0,1.0,1.0,65.0,0.121711
3697937,IN,IN,PAPER,CEMEN,213.13,65.0,1.0,1.0,65.0,0.304978
3704503,IN,IN,POSTT,CONST,643.85,65.0,1.0,1.0,65.0,0.100955
3705650,IN,IN,HEALT,CONST,451.7,65.0,1.0,1.0,65.0,0.143901
3695449,IN,IN,POULT,MEAT1,59.52,64.0,1.0,1.0,64.0,1.075269
3699177,IN,IN,CHEM1,PRINT,483.26,64.0,1.0,1.0,64.0,0.132434
3699174,IN,IN,CHEM1,WOODW,482.79,64.0,1.0,1.0,64.0,0.132563
3700532,IN,IN,FABRI,WHOLE,493.71,64.0,1.0,1.0,64.0,0.129631
3695010,IN,IN,OILSE,NFERT,216.11,64.0,1.0,1.0,64.0,0.296145
3700631,IN,IN,MACHI,MACHI,483.83,64.0,1.0,1.0,64.0,0.132278
3703343,IN,IN,WHOLE,LEATH,304.1,64.0,1.0,1.0,64.0,0.210457
3706307,IN,IN,93197,SUPPO,322.83,63.0,1.0,1.0,63.0,0.195149
3699176,IN,IN,CHEM1,PAPER,476.33,63.0,1.0,1.0,63.0,0.132261
3695742,IN,IN,FORES,CERAM,35.89,63.0,1.0,1.0,63.0,1.755364
3697036,IN,IN,SUGA1,PROCE,356.8,63.0,1.0,1.0,63.0,0.17657
3704260,IN,IN,AIRTR,PUBLI,544.16,63.0,1.0,1.0,63.0,0.115775
3706234,IN,IN,93197,PRINT,319.71,62.0,1.0,1.0,62.0,0.193926
3700502,IN,IN,FABRI,BASIC,477.57,62.0,1.0,1.0,62.0,0.129824
3701540,IN,IN,ELEC1,TRAN1,749.73,62.0,1.0,1.0,62.0,0.082696
3703072,IN,IN,CONST,RAILW,316.87,62.0,1.0,1.0,62.0,0.195664
3703365,IN,IN,WHOLE,NFERT,297.23,62.0,1.0,1.0,62.0,0.208593
3703842,IN,IN,LANDT,ANIMA,532.32,61.0,1.0,1.0,61.0,0.114593
3698192,IN,IN,MOTOR,GASDI,2132.64,61.0,1.0,1.0,61.0,0.028603
3704355,IN,IN,SUPPO,MOTO1,497.89,61.0,1.0,1.0,61.0,0.122517
3703113,IN,IN,SALEM,CRUDE,257.49,61.0,1.0,1.0,61.0,0.236902
3698036,IN,IN,PRINT,PAPER,319.19,61.0,1.0,1.0,61.0,0.191109
3703546,IN,IN,RETA1,RETA1,272.45,61.0,1.0,1.0,61.0,0.223894
3704657,IN,IN,FINAN,SUPPO,816.27,60.0,1.0,1.0,60.0,0.073505
3696007,IN,IN,BITUM,FABRI,917.34,60.0,1.0,1.0,60.0,0.065407
3702950,IN,IN,COLLE,PUBLI,655.37,60.0,1.0,1.0,60.0,0.091551
3696952,IN,IN,PROCE,BEVER,361.98,60.0,1.0,1.0,60.0,0.165755
3697551,IN,IN,WEARI,RUBBE,396.7,60.0,1.0,1.0,60.0,0.151248
3705653,IN,IN,HEALT,WHOLE,417.31,60.0,1.0,1.0,60.0,0.143778
3706303,IN,IN,93197,LANDT,306.6,60.0,1.0,1.0,60.0,0.195695
3703954,IN,IN,LANDT,COMPU,523.13,60.0,1.0,1.0,60.0,0.114694
3695296,IN,IN,CROPS,LANDT,134.67,60.0,1.0,1.0,60.0,0.445534
3699432,IN,IN,RUBBE,CEMEN,387.84,59.0,1.0,1.0,59.0,0.152125
3695304,IN,IN,CROPS,HEALT,132.54,59.0,1.0,1.0,59.0,0.445149
3700384,IN,IN,FOUND,BASIC,452.47,59.0,1.0,1.0,59.0,0.130395
3699443,IN,IN,RUBBE,OFFIC,384.83,59.0,1.0,1.0,59.0,0.153314
3703071,IN,IN,CONST,HOTEL,301.9,59.0,1.0,1.0,59.0,0.195429
3699000,IN,IN,NFERT,PADDY,500.77,59.0,1.0,1.0,59.0,0.117819
3703928,IN,IN,LANDT,DISTR,516.55,59.0,1.0,1.0,59.0,0.114219
3702951,IN,IN,COLLE,EDUCA,642.71,59.0,1.0,1.0,59.0,0.091799
3698094,IN,IN,PRINT,CONST,300.59,58.0,1.0,1.0,58.0,0.192954
3703433,IN,IN,WHOLE,MEMBE,274.38,58.0,1.0,1.0,58.0,0.211386
3697673,IN,IN,LEATH,FURNI,392.9,58.0,1.0,1.0,58.0,0.14762
3700977,IN,IN,RADIO,BUSIN,511.23,58.0,1.0,1.0,58.0,0.113452
3697547,IN,IN,WEARI,CHEM1,385.54,58.0,1.0,1.0,58.0,0.150438
3701568,IN,IN,ELEC1,EDUCA,693.87,58.0,1.0,1.0,58.0,0.083589
3695513,IN,IN,ANIMA,MEAT4,101.32,58.0,1.0,1.0,58.0,0.572444
3701344,IN,IN,FURNI,WHOLE,528.12,58.0,1.0,1.0,58.0,0.109824
3703755,IN,IN,RAILW,GASDI,1091.58,58.0,1.0,1.0,58.0,0.053134
3695847,IN,IN,FISHF,WHOLE,70.6,58.0,1.0,1.0,58.0,0.82153
3700383,IN,IN,FOUND,NONME,440.52,58.0,1.0,1.0,58.0,0.131663
3705656,IN,IN,HEALT,RAILW,401.67,58.0,1.0,1.0,58.0,0.144397
3704651,IN,IN,FINAN,RAILW,764.89,57.0,1.0,1.0,57.0,0.074521
3703565,IN,IN,RETA1,EDUCA,254.33,57.0,1.0,1.0,57.0,0.224118
3704526,IN,IN,POSTT,EDUCA,564.94,57.0,1.0,1.0,57.0,0.100896
3697593,IN,IN,WEARI,HOTEL,371.12,56.0,1.0,1.0,56.0,0.150895
3706407,IN,IN,PRIVA,MACHI,98.34,56.0,1.0,1.0,56.0,0.569453
3704510,IN,IN,POSTT,LANDT,555.34,56.0,1.0,1.0,56.0,0.100839
3694920,IN,IN,VEGET,VEGE1,108.03,56.0,1.0,1.0,56.0,0.518375
3703189,IN,IN,SALEM,POSTT,237.75,56.0,1.0,1.0,56.0,0.235542
3697436,IN,IN,TEXTI,PFERT,304.61,56.0,1.0,1.0,56.0,0.183842
3699132,IN,IN,CHEM1,PADDY,414.12,55.0,1.0,1.0,55.0,0.132812
3697315,IN,IN,FISH5,ELECT,195.11,55.0,1.0,1.0,55.0,0.281892
3703475,IN,IN,RETA1,LEATH,244.11,55.0,1.0,1.0,55.0,0.225308
3703435,IN,IN,WHOLE,93197,260.91,55.0,1.0,1.0,55.0,0.210801
3699064,IN,IN,PFERT,OILSE,446.76,55.0,1.0,1.0,55.0,0.123109
3703941,IN,IN,LANDT,RAILW,474.18,55.0,1.0,1.0,55.0,0.11599
3703906,IN,IN,LANDT,COPP1,475.92,55.0,1.0,1.0,55.0,0.115566
3695680,IN,IN,WOOLS,FURNI,133.33,55.0,1.0,1.0,55.0,0.41251
3706187,IN,IN,RECRE,PUBLI,225.83,54.0,1.0,1.0,54.0,0.239118
3703916,IN,IN,LANDT,TRANS,472.78,54.0,1.0,1.0,54.0,0.114218
3704627,IN,IN,FINAN,FURNI,731.46,54.0,1.0,1.0,54.0,0.073825
3700935,IN,IN,RADIO,OFFIC,473.44,54.0,1.0,1.0,54.0,0.114059
3704396,IN,IN,SUPPO,PUBLI,437.84,54.0,1.0,1.0,54.0,0.123333
3705675,IN,IN,HEALT,MEMBE,376.75,54.0,1.0,1.0,54.0,0.143331
3705249,IN,IN,COMPU,BUSIN,497.66,54.0,1.0,1.0,54.0,0.108508
3696977,IN,IN,PROCE,CHEM1,326.59,54.0,1.0,1.0,54.0,0.165345
3695759,IN,IN,FORES,MOTO1,30.61,54.0,1.0,1.0,54.0,1.764129
3703948,IN,IN,LANDT,POSTT,471.98,54.0,1.0,1.0,54.0,0.114412
3704531,IN,IN,POSTT,RECRE,530.05,54.0,1.0,1.0,54.0,0.101877
3694898,IN,IN,CEREA,PUBLI,202.74,54.0,1.0,1.0,54.0,0.266351
3699202,IN,IN,CHEM1,GLASS,405.04,54.0,1.0,1.0,54.0,0.13332
3695215,IN,IN,CROPS,CATTL,119.42,53.0,1.0,1.0,53.0,0.443812
3702391,IN,IN,TRAN1,DISTR,987.93,53.0,1.0,1.0,53.0,0.053648
3704385,IN,IN,SUPPO,AIRTR,436.01,53.0,1.0,1.0,53.0,0.121557
3695715,IN,IN,FORES,WEARI,29.55,52.0,1.0,1.0,52.0,1.759729
3699080,IN,IN,PFERT,KEROS,425.73,52.0,1.0,1.0,52.0,0.122143
3697773,IN,IN,WOODW,MOTO1,243.97,52.0,1.0,1.0,52.0,0.213141
3703649,IN,IN,HOTEL,MACHI,183.59,52.0,1.0,1.0,52.0,0.28324
3704379,IN,IN,SUPPO,HOTEL,423.33,52.0,1.0,1.0,52.0,0.122836
3703656,IN,IN,HOTEL,FURNI,184.55,52.0,1.0,1.0,52.0,0.281766
3694739,IN,IN,PADDY,HOTEL,200.37,52.0,1.0,1.0,52.0,0.25952
3696645,IN,IN,MEATP,PUBLI,80.59,52.0,1.0,1.0,52.0,0.645241
3699463,IN,IN,RUBBE,RETA1,333.26,51.0,1.0,1.0,51.0,0.153034
3703667,IN,IN,HOTEL,DISTR,180.24,51.0,1.0,1.0,51.0,0.282956
3703631,IN,IN,HOTEL,CHEM1,177.8,51.0,1.0,1.0,51.0,0.286839
3705148,IN,IN,RENTI,FURNI,790.64,51.0,1.0,1.0,51.0,0.064505
3697456,IN,IN,TEXTI,OFFIC,275.59,51.0,1.0,1.0,51.0,0.185058
3699866,IN,IN,BASIC,RUBBE,526.76,51.0,1.0,1.0,51.0,0.096818
3704601,IN,IN,FINAN,PFERT,683.47,51.0,1.0,1.0,51.0,0.074619
3703561,IN,IN,RETA1,COMPU,228.97,51.0,1.0,1.0,51.0,0.222737
3704650,IN,IN,FINAN,HOTEL,681.96,51.0,1.0,1.0,51.0,0.074784
3699066,IN,IN,PFERT,PLANT,406.24,50.0,1.0,1.0,50.0,0.12308
3705351,IN,IN,BUSIN,RUBBE,387.19,50.0,1.0,1.0,50.0,0.129136
3700464,IN,IN,FABRI,FISH5,380.68,50.0,1.0,1.0,50.0,0.131344
3697648,IN,IN,LEATH,CHEM1,342.7,50.0,1.0,1.0,50.0,0.1459
3695781,IN,IN,FORES,HEALT,28.56,50.0,1.0,1.0,50.0,1.7507
3705160,IN,IN,RENTI,RETA1,773.09,50.0,1.0,1.0,50.0,0.064676
3699063,IN,IN,PFERT,VEGET,410.72,50.0,1.0,1.0,50.0,0.121737
3699441,IN,IN,RUBBE,FABRI,325.26,50.0,1.0,1.0,50.0,0.153723
3706064,IN,IN,MEMBE,BUSIN,127.39,50.0,1.0,1.0,50.0,0.392495
3703874,IN,IN,LANDT,PRINT,437.07,50.0,1.0,1.0,50.0,0.114398
3703469,IN,IN,RETA1,FOOD5,220.51,49.0,1.0,1.0,49.0,0.222212
3697607,IN,IN,WEARI,PUBLI,322.01,49.0,1.0,1.0,49.0,0.152169
3705161,IN,IN,RENTI,HOTEL,752.6,49.0,1.0,1.0,49.0,0.065108
3704393,IN,IN,SUPPO,COMPU,397.39,49.0,1.0,1.0,49.0,0.123305
3705327,IN,IN,BUSIN,PRINT,378.6,49.0,1.0,1.0,49.0,0.129424
3700393,IN,IN,FOUND,OFFIC,373.44,49.0,1.0,1.0,49.0,0.131213
3705541,IN,IN,EDUCA,BUSIN,197.44,49.0,1.0,1.0,49.0,0.248177
3706188,IN,IN,RECRE,EDUCA,204.79,49.0,1.0,1.0,49.0,0.239269
3704249,IN,IN,AIRTR,AIRTR,417.47,49.0,1.0,1.0,49.0,0.117374
3700501,IN,IN,FABRI,NONME,377.98,49.0,1.0,1.0,49.0,0.129636
3705165,IN,IN,RENTI,AIRTR,756.67,49.0,1.0,1.0,49.0,0.064757
3699087,IN,IN,PFERT,NAPHT,397.48,49.0,1.0,1.0,49.0,0.123277
3703065,IN,IN,CONST,COLLE,246.09,48.0,1.0,1.0,48.0,0.195051
3702227,IN,IN,ELEC8,FISH5,532.86,48.0,1.0,1.0,48.0,0.09008
3695022,IN,IN,OILSE,NONF1,161.91,48.0,1.0,1.0,48.0,0.296461
3700466,IN,IN,FABRI,TEXTI,367.09,48.0,1.0,1.0,48.0,0.130758
3700446,IN,IN,FABRI,CRUDE,368.33,48.0,1.0,1.0,48.0,0.130318
3701049,IN,IN,MEDIC,PUBLI,360.72,48.0,1.0,1.0,48.0,0.133067
3700378,IN,IN,FOUND,RUBBE,367.65,48.0,1.0,1.0,48.0,0.130559
3697457,IN,IN,TEXTI,ELECT,258.69,47.0,1.0,1.0,47.0,0.181685
3699133,IN,IN,CHEM1,WHEAT,355.57,47.0,1.0,1.0,47.0,0.132182
3704620,IN,IN,FINAN,MACHI,633.62,47.0,1.0,1.0,47.0,0.074177
3697168,IN,IN,FOOD5,RETA1,132.42,47.0,1.0,1.0,47.0,0.354931
3703517,IN,IN,RETA1,MACHI,211.21,47.0,1.0,1.0,47.0,0.222527
3694944,IN,IN,VEGET,PLAST,90.38,47.0,1.0,1.0,47.0,0.520027
3704252,IN,IN,AIRTR,FINAN,405.18,47.0,1.0,1.0,47.0,0.115998
3699444,IN,IN,RUBBE,ELECT,299.09,46.0,1.0,1.0,46.0,0.1538
3699148,IN,IN,CHEM1,BITUM,349.85,46.0,1.0,1.0,46.0,0.131485
3697240,IN,IN,BEVER,WHOLE,199.72,46.0,1.0,1.0,46.0,0.230322
3700831,IN,IN,ELECT,FURNI,435.45,46.0,1.0,1.0,46.0,0.105638
3705347,IN,IN,BUSIN,CHEM1,352.42,46.0,1.0,1.0,46.0,0.130526
3703703,IN,IN,HOTEL,93197,163.49,46.0,1.0,1.0,46.0,0.281363
3699902,IN,IN,BASIC,DIST1,476.52,46.0,1.0,1.0,46.0,0.096533
3701365,IN,IN,FURNI,HEALT,416.16,46.0,1.0,1.0,46.0,0.110534
3699476,IN,IN,RUBBE,BUSIN,302.76,46.0,1.0,1.0,46.0,0.151936
3704378,IN,IN,SUPPO,RETA1,373.55,46.0,1.0,1.0,46.0,0.123143
3702581,IN,IN,COKE1,BASIC,771.99,45.0,1.0,1.0,45.0,0.058291
3697996,IN,IN,PAPER,HEALT,145.94,45.0,1.0,1.0,45.0,0.308346
3703451,IN,IN,RETA1,FORES,200.99,45.0,1.0,1.0,45.0,0.223892
3696002,IN,IN,BITUM,ALUM1,686.72,45.0,1.0,1.0,45.0,0.065529
3700636,IN,IN,MACHI,MOTO1,343.28,45.0,1.0,1.0,45.0,0.131088
3697934,IN,IN,PAPER,GLASS,146.4,45.0,1.0,1.0,45.0,0.307377
3704924,IN,IN,AUXIL,REALE,667.55,45.0,1.0,1.0,45.0,0.067411
3703911,IN,IN,LANDT,OFFIC,387.36,45.0,1.0,1.0,45.0,0.116171
3705234,IN,IN,COMPU,WHOLE,414.92,45.0,1.0,1.0,45.0,0.108455
3694755,IN,IN,WHEAT,CROPS,86.49,45.0,1.0,1.0,45.0,0.520291
3704357,IN,IN,SUPPO,FURNI,365.69,45.0,1.0,1.0,45.0,0.123055
3703090,IN,IN,CONST,HEALT,228.4,45.0,1.0,1.0,45.0,0.197023
3698351,IN,IN,GASDI,CRUDE,1601.93,45.0,1.0,1.0,45.0,0.028091
3706192,IN,IN,RECRE,MEMBE,187.51,45.0,1.0,1.0,45.0,0.239987
3703862,IN,IN,LANDT,PROCE,392.32,45.0,1.0,1.0,45.0,0.114702
3699213,IN,IN,CHEM1,FOUND,331.08,44.0,1.0,1.0,44.0,0.132898
3696760,IN,IN,VEGE1,CATTL,176.21,44.0,1.0,1.0,44.0,0.249702
3705231,IN,IN,COMPU,CONST,410.14,44.0,1.0,1.0,44.0,0.10728
3702945,IN,IN,COLLE,REALE,475.4,44.0,1.0,1.0,44.0,0.092554
3695065,IN,IN,SUGAR,SUGA1,965.52,44.0,1.0,1.0,44.0,0.045571
3703261,IN,IN,RETAI,MOTO1,361.67,44.0,1.0,1.0,44.0,0.121658
3695431,IN,IN,PIGS9,HOTEL,50.38,44.0,1.0,1.0,44.0,0.873362
3704910,IN,IN,AUXIL,WHOLE,652.22,44.0,1.0,1.0,44.0,0.067462
3700063,IN,IN,ALUM1,ELECT,477.14,44.0,1.0,1.0,44.0,0.092216
3697979,IN,IN,PAPER,LANDT,141.72,43.0,1.0,1.0,43.0,0.303415
3703093,IN,IN,CONST,MEMBE,216.64,43.0,1.0,1.0,43.0,0.198486
3703655,IN,IN,HOTEL,TRANS,151.4,43.0,1.0,1.0,43.0,0.284016
3704874,IN,IN,AUXIL,BASIC,639.98,43.0,1.0,1.0,43.0,0.06719
3702638,IN,IN,BLAST,BASIC,716.55,43.0,1.0,1.0,43.0,0.06001
3704241,IN,IN,AIRTR,WHOLE,370.82,43.0,1.0,1.0,43.0,0.115959
3698453,IN,IN,GASDI,PUBLI,1525.98,43.0,1.0,1.0,43.0,0.028179
3704395,IN,IN,SUPPO,BUSIN,351.12,43.0,1.0,1.0,43.0,0.122465
3696919,IN,IN,DAIRY,HOTEL,797.83,43.0,1.0,1.0,43.0,0.053896
3699638,IN,IN,BRICK,CEMEN,360.16,43.0,1.0,1.0,43.0,0.119391
3695687,IN,IN,WOOLS,MEMBE,105.76,43.0,1.0,1.0,43.0,0.406581
3705070,IN,IN,RENTI,BITUM,669.2,43.0,1.0,1.0,43.0,0.064256
3703051,IN,IN,CONST,ELEC1,218.67,43.0,1.0,1.0,43.0,0.196643
3700941,IN,IN,RADIO,FURNI,382.41,43.0,1.0,1.0,43.0,0.112445
3699788,IN,IN,NONME,BASIC,380.99,42.0,1.0,1.0,42.0,0.110239
3706300,IN,IN,93197,RETA1,214.59,42.0,1.0,1.0,42.0,0.195722
3700978,IN,IN,RADIO,PUBLI,369.3,42.0,1.0,1.0,42.0,0.113729
3705454,IN,IN,PUBLI,PUBLI,436.65,42.0,1.0,1.0,42.0,0.096187
3705387,IN,IN,BUSIN,COLLE,319.21,42.0,1.0,1.0,42.0,0.131575
3703959,IN,IN,LANDT,HEALT,366.09,42.0,1.0,1.0,42.0,0.114726
3697497,IN,IN,TEXTI,93197,229.35,42.0,1.0,1.0,42.0,0.183126
3706050,IN,IN,MEMBE,LANDT,107.03,42.0,1.0,1.0,42.0,0.392413
3706071,IN,IN,MEMBE,RECRE,109.31,42.0,1.0,1.0,42.0,0.384228
3698000,IN,IN,PAPER,RECRE,135.56,42.0,1.0,1.0,42.0,0.309826
3695745,IN,IN,FORES,NONME,23.92,42.0,1.0,1.0,42.0,1.755853
3703408,IN,IN,WHOLE,COLLE,199.65,42.0,1.0,1.0,42.0,0.210368
3704507,IN,IN,POSTT,RETA1,411.24,42.0,1.0,1.0,42.0,0.10213
3703808,IN,IN,RAILW,LANDT,788.2,42.0,1.0,1.0,42.0,0.053286
3697329,IN,IN,FISH5,WHOLE,150.48,42.0,1.0,1.0,42.0,0.279107
3704929,IN,IN,AUXIL,PUBLI,608.77,41.0,1.0,1.0,41.0,0.067349
3705373,IN,IN,BUSIN,ELEC1,316.51,41.0,1.0,1.0,41.0,0.129538
3706309,IN,IN,93197,FINAN,209.77,41.0,1.0,1.0,41.0,0.195452
3703447,IN,IN,RETA1,MEATA,183.36,41.0,1.0,1.0,41.0,0.223604
3700717,IN,IN,OFFIC,OFFIC,418.22,41.0,1.0,1.0,41.0,0.098035
3703630,IN,IN,HOTEL,PFERT,144.6,41.0,1.0,1.0,41.0,0.283541
3694752,IN,IN,WHEAT,CEREA,78.36,41.0,1.0,1.0,41.0,0.523226
3699477,IN,IN,RUBBE,PUBLI,261.19,40.0,1.0,1.0,40.0,0.153145
3705937,IN,IN,WASTE,PUBLI,275.26,40.0,1.0,1.0,40.0,0.145317
3703556,IN,IN,RETA1,FINAN,177.58,40.0,1.0,1.0,40.0,0.225251
3699871,IN,IN,BASIC,NONME,416.38,40.0,1.0,1.0,40.0,0.096066
3703047,IN,IN,CONST,MOTO1,201.03,40.0,1.0,1.0,40.0,0.198975
3705661,IN,IN,HEALT,POSTT,273.49,40.0,1.0,1.0,40.0,0.146258
3694921,IN,IN,VEGET,DAIRY,76.93,40.0,1.0,1.0,40.0,0.519953
3694830,IN,IN,CEREA,POULT,149.78,40.0,1.0,1.0,40.0,0.267058
3699812,IN,IN,NONME,WHOLE,360.49,40.0,1.0,1.0,40.0,0.11096
3706065,IN,IN,MEMBE,PUBLI,101.74,40.0,1.0,1.0,40.0,0.393159
3704388,IN,IN,SUPPO,FINAN,329.55,40.0,1.0,1.0,40.0,0.121378
3706184,IN,IN,RECRE,COMPU,168.93,40.0,1.0,1.0,40.0,0.236784
3703023,IN,IN,CONST,PFERT,197.28,39.0,1.0,1.0,39.0,0.197689
3703897,IN,IN,LANDT,GLASS,335.4,39.0,1.0,1.0,39.0,0.116279
3703570,IN,IN,RETA1,RECRE,173.18,39.0,1.0,1.0,39.0,0.225199
3703452,IN,IN,RETA1,FISHF,176.16,39.0,1.0,1.0,39.0,0.22139
3705356,IN,IN,BUSIN,NONME,298.45,39.0,1.0,1.0,39.0,0.130675
3703349,IN,IN,WHOLE,MOTOR,187.95,39.0,1.0,1.0,39.0,0.207502
3699099,IN,IN,PFERT,RUBBE,317.79,39.0,1.0,1.0,39.0,0.122723
3703094,IN,IN,CONST,RECRE,196.79,39.0,1.0,1.0,39.0,0.198181
3704533,IN,IN,FINAN,PADDY,528.43,39.0,1.0,1.0,39.0,0.073804
3697652,IN,IN,LEATH,RUBBE,264.28,39.0,1.0,1.0,39.0,0.147571
3694949,IN,IN,VEGET,BIOGA,75.15,39.0,1.0,1.0,39.0,0.518962
3704671,IN,IN,FINAN,MEMBE,526.89,39.0,1.0,1.0,39.0,0.074019
3703401,IN,IN,WHOLE,TRAN1,187.12,39.0,1.0,1.0,39.0,0.208422
3704551,IN,IN,FINAN,BITUM,521.77,39.0,1.0,1.0,39.0,0.074746
3697768,IN,IN,WOODW,MACHI,184.13,39.0,1.0,1.0,39.0,0.211807
3704926,IN,IN,AUXIL,COMPU,578.43,39.0,1.0,1.0,39.0,0.067424
3704610,IN,IN,FINAN,CEMEN,525.29,39.0,1.0,1.0,39.0,0.074245
3695714,IN,IN,FORES,TEXTI,22.13,39.0,1.0,1.0,39.0,1.762314
3700825,IN,IN,ELECT,OFFIC,366.1,39.0,1.0,1.0,39.0,0.106528
3697985,IN,IN,PAPER,POSTT,125.92,39.0,1.0,1.0,39.0,0.30972
3700337,IN,IN,FOUND,CRUDE,300.9,39.0,1.0,1.0,39.0,0.129611
3697984,IN,IN,PAPER,SUPPO,127.61,39.0,1.0,1.0,39.0,0.305619
3704318,IN,IN,SUPPO,GASDI,319.08,39.0,1.0,1.0,39.0,0.122226
3703780,IN,IN,RAILW,PREC1,711.63,38.0,1.0,1.0,38.0,0.053399
3695940,IN,IN,BITUM,PADDY,585.23,38.0,1.0,1.0,38.0,0.064932
3706409,IN,IN,PRIVA,ELECT,67.58,38.0,1.0,1.0,38.0,0.562297
3698432,IN,IN,GASDI,CONST,1332.49,38.0,1.0,1.0,38.0,0.028518
3703535,IN,IN,RETA1,DISTR,167.62,38.0,1.0,1.0,38.0,0.226703
3701533,IN,IN,ELEC1,MOTO1,454.22,38.0,1.0,1.0,38.0,0.08366
3704387,IN,IN,SUPPO,POSTT,311.7,38.0,1.0,1.0,38.0,0.121912
3706308,IN,IN,93197,POSTT,194.4,38.0,1.0,1.0,38.0,0.195473
3706313,IN,IN,93197,RENTI,193.38,38.0,1.0,1.0,38.0,0.196504
3703912,IN,IN,LANDT,ELECT,329.9,38.0,1.0,1.0,38.0,0.115186
3704392,IN,IN,SUPPO,RENTI,311.21,38.0,1.0,1.0,38.0,0.122104
3704928,IN,IN,AUXIL,BUSIN,560.24,38.0,1.0,1.0,38.0,0.067828
3700934,IN,IN,RADIO,MACHI,330.68,38.0,1.0,1.0,38.0,0.114915
3704672,IN,IN,FINAN,RECRE,513.3,38.0,1.0,1.0,38.0,0.074031
3704602,IN,IN,FINAN,CHEM1,496.74,37.0,1.0,1.0,37.0,0.074486
3703635,IN,IN,HOTEL,RUBBE,130.97,37.0,1.0,1.0,37.0,0.282507
3699610,IN,IN,CERAM,RADIO,263.26,37.0,1.0,1.0,37.0,0.140545
3703526,IN,IN,RETA1,ELEC1,164.62,37.0,1.0,1.0,37.0,0.22476
3695860,IN,IN,FISHF,RECRE,45.01,37.0,1.0,1.0,37.0,0.82204
3697519,IN,IN,WEARI,PROCE,242.72,37.0,1.0,1.0,37.0,0.152439
3704332,IN,IN,SUPPO,CHEM1,303.8,37.0,1.0,1.0,37.0,0.121791
3705381,IN,IN,BUSIN,DISTR,285.28,37.0,1.0,1.0,37.0,0.129697
3703033,IN,IN,CONST,NONME,188.47,37.0,1.0,1.0,37.0,0.196318
3698438,IN,IN,GASDI,RAILW,1299.82,37.0,1.0,1.0,37.0,0.028465
3702534,IN,IN,DISTR,REALE,790.22,37.0,1.0,1.0,37.0,0.046822
3702522,IN,IN,DISTR,HOTEL,789.0,37.0,1.0,1.0,37.0,0.046895
3705676,IN,IN,HEALT,RECRE,257.8,37.0,1.0,1.0,37.0,0.143522
3697177,IN,IN,FOOD5,HEALT,102.49,37.0,1.0,1.0,37.0,0.361011
3704660,IN,IN,FINAN,AUXIL,492.83,37.0,1.0,1.0,37.0,0.075077
3704638,IN,IN,FINAN,DISTR,482.93,36.0,1.0,1.0,36.0,0.074545
3706186,IN,IN,RECRE,BUSIN,148.6,36.0,1.0,1.0,36.0,0.242261
3701135,IN,IN,MOTO1,SALEM,299.38,36.0,1.0,1.0,36.0,0.120249
3705608,IN,IN,HEALT,CHEM1,247.15,36.0,1.0,1.0,36.0,0.145661
3704606,IN,IN,FINAN,RUBBE,488.92,36.0,1.0,1.0,36.0,0.073632
3696770,IN,IN,VEGE1,VEGE1,143.62,36.0,1.0,1.0,36.0,0.250661
3699698,IN,IN,CEMEN,CHEM1,301.23,36.0,1.0,1.0,36.0,0.11951
3705415,IN,IN,BUSIN,93197,276.38,36.0,1.0,1.0,36.0,0.130255
3699401,IN,IN,RUBBE,WOODW,236.41,36.0,1.0,1.0,36.0,0.152278
3700984,IN,IN,RADIO,RECRE,318.82,36.0,1.0,1.0,36.0,0.112916
3700395,IN,IN,FOUND,RADIO,275.05,36.0,1.0,1.0,36.0,0.130885
3699235,IN,IN,CHEM1,HOTEL,275.52,36.0,1.0,1.0,36.0,0.130662
3699464,IN,IN,RUBBE,HOTEL,238.29,36.0,1.0,1.0,36.0,0.151076
3706323,IN,IN,93197,RECRE,186.09,36.0,1.0,1.0,36.0,0.193455
3705251,IN,IN,COMPU,EDUCA,330.06,36.0,1.0,1.0,36.0,0.109071
3706322,IN,IN,93197,MEMBE,182.19,36.0,1.0,1.0,36.0,0.197596
3699985,IN,IN,PREC1,FURNI,408.14,36.0,1.0,1.0,36.0,0.088205
3706411,IN,IN,PRIVA,MEDIC,63.38,36.0,1.0,1.0,36.0,0.568003
3703614,IN,IN,HOTEL,PRINT,126.3,36.0,1.0,1.0,36.0,0.285036
3699195,IN,IN,CHEM1,NFERT,269.11,36.0,1.0,1.0,36.0,0.133774
3701485,IN,IN,ELEC1,WEARI,431.47,36.0,1.0,1.0,36.0,0.083436
3695191,IN,IN,PLANT,MOTO1,46.91,36.0,1.0,1.0,36.0,0.767427
3701514,IN,IN,ELEC1,RUBBE,435.37,36.0,1.0,1.0,36.0,0.082688
3698078,IN,IN,PRINT,FURNI,181.38,35.0,1.0,1.0,35.0,0.192965
3700542,IN,IN,FABRI,BUSIN,268.71,35.0,1.0,1.0,35.0,0.130252
3706365,IN,IN,PRIVA,LEATH,62.29,35.0,1.0,1.0,35.0,0.561888
3703366,IN,IN,WHOLE,PFERT,167.72,35.0,1.0,1.0,35.0,0.208681
3695136,IN,IN,PLANT,PLANT,45.67,35.0,1.0,1.0,35.0,0.766367
3694703,IN,IN,PADDY,CROPS,136.43,35.0,1.0,1.0,35.0,0.256542
3699473,IN,IN,RUBBE,RENTI,228.29,35.0,1.0,1.0,35.0,0.153314
3703485,IN,IN,RETA1,GASDI,157.03,35.0,1.0,1.0,35.0,0.222887
3703970,IN,IN,TRAN2,BITUM,417.76,35.0,1.0,1.0,35.0,0.08378
3705371,IN,IN,BUSIN,TRANS,268.85,35.0,1.0,1.0,35.0,0.130184
3696639,IN,IN,MEATP,HOTEL,54.14,35.0,1.0,1.0,35.0,0.646472
3705366,IN,IN,BUSIN,OFFIC,270.67,35.0,1.0,1.0,35.0,0.129309
3697900,IN,IN,PAPER,BEVER,113.75,35.0,1.0,1.0,35.0,0.307692
3697175,IN,IN,FOOD5,BUSIN,93.64,34.0,1.0,1.0,34.0,0.363093
3703074,IN,IN,CONST,TRAN2,174.52,34.0,1.0,1.0,34.0,0.19482
3701450,IN,IN,ELEC1,PADDY,406.37,34.0,1.0,1.0,34.0,0.083668
3703396,IN,IN,WHOLE,ELEC4,160.32,34.0,1.0,1.0,34.0,0.212076
3701484,IN,IN,ELEC1,TEXTI,413.39,34.0,1.0,1.0,34.0,0.082247
3697252,IN,IN,BEVER,RECRE,146.98,34.0,1.0,1.0,34.0,0.231324
3704026,IN,IN,TRAN2,PREC1,403.59,34.0,1.0,1.0,34.0,0.084244
3706047,IN,IN,MEMBE,WHOLE,88.14,34.0,1.0,1.0,34.0,0.38575
3695309,IN,IN,CROPS,93197,76.25,34.0,1.0,1.0,34.0,0.445902
3698443,IN,IN,GASDI,SUPPO,1200.2,34.0,1.0,1.0,34.0,0.028329
3703454,IN,IN,RETA1,BITUM,153.31,34.0,1.0,1.0,34.0,0.221773
3703382,IN,IN,WHOLE,NONF1,164.21,34.0,1.0,1.0,34.0,0.207052
3697600,IN,IN,WEARI,FINAN,223.74,34.0,1.0,1.0,34.0,0.151962
3698106,IN,IN,PRINT,SUPPO,176.02,34.0,1.0,1.0,34.0,0.19316
3702958,IN,IN,CONST,PADDY,167.98,33.0,1.0,1.0,33.0,0.196452
3705061,IN,IN,RENTI,PADDY,504.0,33.0,1.0,1.0,33.0,0.065476
3700513,IN,IN,FABRI,RADIO,253.4,33.0,1.0,1.0,33.0,0.130229
3697116,IN,IN,FOOD5,FISHF,93.44,33.0,1.0,1.0,33.0,0.353168
3703504,IN,IN,RETA1,GLASS,146.77,33.0,1.0,1.0,33.0,0.224842
3704629,IN,IN,FINAN,ELEC1,447.15,33.0,1.0,1.0,33.0,0.073801
3703555,IN,IN,RETA1,POSTT,148.81,33.0,1.0,1.0,33.0,0.221759
3704268,IN,IN,SUPPO,PADDY,268.23,33.0,1.0,1.0,33.0,0.123029
3702524,IN,IN,DISTR,LANDT,703.42,33.0,1.0,1.0,33.0,0.046914
3697946,IN,IN,PAPER,FABRI,106.73,33.0,1.0,1.0,33.0,0.309191
3694868,IN,IN,CEREA,CHEM1,123.42,33.0,1.0,1.0,33.0,0.26738
3705146,IN,IN,RENTI,MOTO1,515.04,33.0,1.0,1.0,33.0,0.064073
3698053,IN,IN,PRINT,CHEM1,171.89,33.0,1.0,1.0,33.0,0.191983
3702929,IN,IN,COLLE,CONST,353.04,33.0,1.0,1.0,33.0,0.093474
3697241,IN,IN,BEVER,RETA1,142.32,33.0,1.0,1.0,33.0,0.231872
3699372,IN,IN,RUBBE,BITUM,216.62,33.0,1.0,1.0,33.0,0.152341
3698452,IN,IN,GASDI,BUSIN,1129.54,32.0,1.0,1.0,32.0,0.02833
3705803,IN,IN,FOOD3,PUBLI,219.78,32.0,1.0,1.0,32.0,0.1456
3703904,IN,IN,LANDT,ALUM1,276.66,32.0,1.0,1.0,32.0,0.115665
3703310,IN,IN,WHOLE,POULT,150.78,32.0,1.0,1.0,32.0,0.21223
3704350,IN,IN,SUPPO,MACHI,262.04,32.0,1.0,1.0,32.0,0.122119
3698112,IN,IN,PRINT,RENTI,166.08,32.0,1.0,1.0,32.0,0.192678
3700540,IN,IN,FABRI,COMPU,242.64,32.0,1.0,1.0,32.0,0.131883
3697999,IN,IN,PAPER,MEMBE,103.42,32.0,1.0,1.0,32.0,0.309418
3703523,IN,IN,RETA1,TRANS,143.1,32.0,1.0,1.0,32.0,0.22362
3699178,IN,IN,CHEM1,COKEO,240.52,32.0,1.0,1.0,32.0,0.133045
3699801,IN,IN,NONME,MOTO1,289.7,32.0,1.0,1.0,32.0,0.110459
3704515,IN,IN,POSTT,SUPPO,313.72,32.0,1.0,1.0,32.0,0.102002
3697113,IN,IN,FOOD5,ANIMA,90.57,32.0,1.0,1.0,32.0,0.353318
3695221,IN,IN,CROPS,WOOLS,72.12,32.0,1.0,1.0,32.0,0.443705
3706179,IN,IN,RECRE,FINAN,133.23,32.0,1.0,1.0,32.0,0.240186
3705368,IN,IN,BUSIN,RADIO,244.02,32.0,1.0,1.0,32.0,0.131137
3696003,IN,IN,BITUM,LEAD1,498.04,32.0,1.0,1.0,32.0,0.064252
3703383,IN,IN,WHOLE,FOUND,148.79,31.0,1.0,1.0,31.0,0.208347
3699183,IN,IN,CHEM1,GASDI,236.79,31.0,1.0,1.0,31.0,0.130918
3701326,IN,IN,FURNI,FURNI,281.73,31.0,1.0,1.0,31.0,0.110034
3700544,IN,IN,FABRI,EDUCA,236.09,31.0,1.0,1.0,31.0,0.131306
3697490,IN,IN,TEXTI,PUBLI,167.14,31.0,1.0,1.0,31.0,0.185473
3704588,IN,IN,FINAN,GASDI,417.52,31.0,1.0,1.0,31.0,0.074248
3700539,IN,IN,FABRI,RENTI,237.69,31.0,1.0,1.0,31.0,0.130422
3694956,IN,IN,VEGET,COPP1,59.37,31.0,1.0,1.0,31.0,0.522149
3695521,IN,IN,ANIMA,TEXTI,53.62,31.0,1.0,1.0,31.0,0.578142
3699786,IN,IN,NONME,CEMEN,278.74,31.0,1.0,1.0,31.0,0.111215
3699208,IN,IN,CHEM1,PREC1,232.54,31.0,1.0,1.0,31.0,0.13331
3702934,IN,IN,COLLE,HOTEL,337.74,31.0,1.0,1.0,31.0,0.091787
3701478,IN,IN,ELEC1,PROCE,368.87,31.0,1.0,1.0,31.0,0.08404
3695145,IN,IN,PLANT,FOOD5,40.66,31.0,1.0,1.0,31.0,0.76242
3703704,IN,IN,RAILW,PADDY,576.06,31.0,1.0,1.0,31.0,0.053814
3702786,IN,IN,DIST1,MOTO1,252.42,30.0,1.0,1.0,30.0,0.11885
3703042,IN,IN,CONST,MACHI,150.81,30.0,1.0,1.0,30.0,0.198926
3703407,IN,IN,WHOLE,DIST1,143.58,30.0,1.0,1.0,30.0,0.208943
3699470,IN,IN,RUBBE,POSTT,200.27,30.0,1.0,1.0,30.0,0.149798
3695308,IN,IN,CROPS,RECRE,67.88,30.0,1.0,1.0,30.0,0.441956
3704383,IN,IN,SUPPO,SEACO,247.32,30.0,1.0,1.0,30.0,0.1213
3704782,IN,IN,INSUR,FINAN,531.05,30.0,1.0,1.0,30.0,0.056492
3703196,IN,IN,SALEM,HEALT,125.93,30.0,1.0,1.0,30.0,0.238228
3703845,IN,IN,LANDT,FORES,262.88,30.0,1.0,1.0,30.0,0.114121
3703199,IN,IN,SALEM,MEMBE,127.0,30.0,1.0,1.0,30.0,0.23622
3697938,IN,IN,PAPER,NONME,97.39,30.0,1.0,1.0,30.0,0.30804
3704303,IN,IN,SUPPO,BEVER,245.11,30.0,1.0,1.0,30.0,0.122394
3695859,IN,IN,FISHF,MEMBE,36.14,30.0,1.0,1.0,30.0,0.830105
3701345,IN,IN,FURNI,RETA1,271.93,30.0,1.0,1.0,30.0,0.110323
3697588,IN,IN,WEARI,CONST,198.84,30.0,1.0,1.0,30.0,0.150875
3700432,IN,IN,FABRI,PADDY,228.13,30.0,1.0,1.0,30.0,0.131504
3698101,IN,IN,PRINT,LANDT,158.1,30.0,1.0,1.0,30.0,0.189753
3704912,IN,IN,AUXIL,HOTEL,436.44,30.0,1.0,1.0,30.0,0.068738
3699884,IN,IN,BASIC,MEDIC,299.87,29.0,1.0,1.0,29.0,0.096709
3695042,IN,IN,OILSE,PUBLI,97.83,29.0,1.0,1.0,29.0,0.296433
3697143,IN,IN,FOOD5,CHEM1,79.97,29.0,1.0,1.0,29.0,0.362636
3705352,IN,IN,BUSIN,GLASS,222.83,29.0,1.0,1.0,29.0,0.130144
3701496,IN,IN,ELEC1,GASDI,352.47,29.0,1.0,1.0,29.0,0.082277
3703439,IN,IN,RETA1,VEGET,130.1,29.0,1.0,1.0,29.0,0.222905
3704238,IN,IN,AIRTR,CONST,252.99,29.0,1.0,1.0,29.0,0.114629
3697496,IN,IN,TEXTI,RECRE,160.1,29.0,1.0,1.0,29.0,0.181137
3700822,IN,IN,ELECT,FOUND,269.69,29.0,1.0,1.0,29.0,0.107531
3700980,IN,IN,RADIO,HEALT,255.5,29.0,1.0,1.0,29.0,0.113503
3703508,IN,IN,RETA1,NONME,129.35,29.0,1.0,1.0,29.0,0.224198
3706393,IN,IN,PRIVA,RUBBE,50.88,29.0,1.0,1.0,29.0,0.569969
3703606,IN,IN,HOTEL,FISH5,102.57,29.0,1.0,1.0,29.0,0.282734
3700443,IN,IN,FABRI,BITUM,222.28,29.0,1.0,1.0,29.0,0.130466
3696860,IN,IN,DAIRY,PROCE,542.8,29.0,1.0,1.0,29.0,0.053427
3696774,IN,IN,VEGE1,FOOD5,115.11,29.0,1.0,1.0,29.0,0.251933
3696954,IN,IN,PROCE,TOBAC,171.87,28.0,1.0,1.0,28.0,0.162914
3697786,IN,IN,WOODW,WHOLE,129.4,28.0,1.0,1.0,28.0,0.216383
3698639,IN,IN,NAPHT,CHEM1,964.21,28.0,1.0,1.0,28.0,0.029039
3706048,IN,IN,MEMBE,RETA1,71.89,28.0,1.0,1.0,28.0,0.389484
3705333,IN,IN,BUSIN,GASDI,214.22,28.0,1.0,1.0,28.0,0.130707
3704668,IN,IN,FINAN,HEALT,380.79,28.0,1.0,1.0,28.0,0.073531
3703903,IN,IN,LANDT,PREC1,243.63,28.0,1.0,1.0,28.0,0.114928
3695012,IN,IN,OILSE,CHEM1,95.1,28.0,1.0,1.0,28.0,0.294427
3697609,IN,IN,WEARI,HEALT,187.16,28.0,1.0,1.0,28.0,0.149605
3705915,IN,IN,WASTE,CONST,188.64,28.0,1.0,1.0,28.0,0.148431
3699530,IN,IN,GLASS,RUBBE,254.08,28.0,1.0,1.0,28.0,0.110202
3696105,IN,IN,CRUDE,HEAVY,472.0,28.0,1.0,1.0,28.0,0.059322
3699978,IN,IN,PREC1,MACHI,309.62,28.0,1.0,1.0,28.0,0.090433
3701134,IN,IN,MOTO1,CONST,232.0,28.0,1.0,1.0,28.0,0.12069
3701567,IN,IN,ELEC1,PUBLI,339.15,28.0,1.0,1.0,28.0,0.082559
3703516,IN,IN,RETA1,FABRI,125.38,28.0,1.0,1.0,28.0,0.223321
3700068,IN,IN,ALUM1,FURNI,305.82,28.0,1.0,1.0,28.0,0.091557
3701224,IN,IN,TRANS,AIRTR,195.11,27.0,1.0,1.0,27.0,0.138383
3698188,IN,IN,MOTOR,MOTOR,938.04,27.0,1.0,1.0,27.0,0.028783
3703860,IN,IN,LANDT,VEGE1,238.86,27.0,1.0,1.0,27.0,0.113037
3695186,IN,IN,PLANT,MACHI,34.52,27.0,1.0,1.0,27.0,0.782155
3701550,IN,IN,ELEC1,HOTEL,320.92,27.0,1.0,1.0,27.0,0.084133
3700830,IN,IN,ELECT,TRANS,249.67,27.0,1.0,1.0,27.0,0.108143
3702521,IN,IN,DISTR,RETA1,572.67,27.0,1.0,1.0,27.0,0.047148
3696953,IN,IN,PROCE,FISH5,162.94,27.0,1.0,1.0,27.0,0.165705
3702805,IN,IN,DIST1,RETA1,222.36,27.0,1.0,1.0,27.0,0.121425
3705660,IN,IN,HEALT,SUPPO,184.75,27.0,1.0,1.0,27.0,0.146143
3698454,IN,IN,GASDI,EDUCA,942.23,27.0,1.0,1.0,27.0,0.028655
3699440,IN,IN,RUBBE,FOUND,180.18,27.0,1.0,1.0,27.0,0.14985
3697455,IN,IN,TEXTI,MACHI,145.11,27.0,1.0,1.0,27.0,0.186066
3703059,IN,IN,CONST,TRAN1,139.31,27.0,1.0,1.0,27.0,0.193812
3699474,IN,IN,RUBBE,COMPU,177.55,27.0,1.0,1.0,27.0,0.15207
3705500,IN,IN,EDUCA,ELECT,107.12,27.0,1.0,1.0,27.0,0.252054
3701562,IN,IN,ELEC1,REALE,321.48,27.0,1.0,1.0,27.0,0.083987
3696692,IN,IN,MEAT4,MEAT4,212.29,27.0,1.0,1.0,27.0,0.127185
3704427,IN,IN,POSTT,DAIRY,268.83,27.0,1.0,1.0,27.0,0.100435
3704521,IN,IN,POSTT,RENTI,270.82,27.0,1.0,1.0,27.0,0.099697
3705654,IN,IN,HEALT,RETA1,185.64,27.0,1.0,1.0,27.0,0.145443
3704920,IN,IN,AUXIL,POSTT,400.5,27.0,1.0,1.0,27.0,0.067416
3695778,IN,IN,FORES,RESEA,15.23,27.0,1.0,1.0,27.0,1.772817
3705141,IN,IN,RENTI,MACHI,410.97,27.0,1.0,1.0,27.0,0.065698
3698267,IN,IN,MOTOR,PUBLI,958.77,27.0,1.0,1.0,27.0,0.028161
3695540,IN,IN,ANIMA,NFERT,47.59,27.0,1.0,1.0,27.0,0.567346
3698450,IN,IN,GASDI,COMPU,966.51,27.0,1.0,1.0,27.0,0.027936
3705098,IN,IN,RENTI,TEXTI,412.56,27.0,1.0,1.0,27.0,0.065445
3705104,IN,IN,RENTI,PRINT,408.84,27.0,1.0,1.0,27.0,0.066041
3703641,IN,IN,HOTEL,BASIC,96.67,27.0,1.0,1.0,27.0,0.279301
3704336,IN,IN,SUPPO,RUBBE,217.02,27.0,1.0,1.0,27.0,0.124412
3703497,IN,IN,RETA1,NFERT,120.39,27.0,1.0,1.0,27.0,0.224271
3698057,IN,IN,PRINT,RUBBE,136.21,26.0,1.0,1.0,26.0,0.190882
3698099,IN,IN,PRINT,HOTEL,138.14,26.0,1.0,1.0,26.0,0.188215
3703963,IN,IN,LANDT,RECRE,227.32,26.0,1.0,1.0,26.0,0.114376
3702738,IN,IN,DIST1,WEARI,217.36,26.0,1.0,1.0,26.0,0.119617
3697040,IN,IN,SUGA1,FISH5,149.33,26.0,1.0,1.0,26.0,0.174111
3700225,IN,IN,COPP1,OFFIC,369.19,26.0,1.0,1.0,26.0,0.070424
3695214,IN,IN,CROPS,CROPS,58.35,26.0,1.0,1.0,26.0,0.445587
3704775,IN,IN,INSUR,LANDT,452.17,26.0,1.0,1.0,26.0,0.0575
3703962,IN,IN,LANDT,MEMBE,228.14,26.0,1.0,1.0,26.0,0.113965
3702814,IN,IN,DIST1,FINAN,219.18,26.0,1.0,1.0,26.0,0.118624
3705677,IN,IN,HEALT,93197,177.56,26.0,1.0,1.0,26.0,0.146429
3702531,IN,IN,DISTR,FINAN,565.31,26.0,1.0,1.0,26.0,0.045992
3703751,IN,IN,RAILW,MOTOR,480.15,26.0,1.0,1.0,26.0,0.05415
3706437,IN,IN,PRIVA,LANDT,45.28,26.0,1.0,1.0,26.0,0.574205
3697180,IN,IN,FOOD5,MEMBE,72.57,26.0,1.0,1.0,26.0,0.358275
3703648,IN,IN,HOTEL,FABRI,91.86,26.0,1.0,1.0,26.0,0.283039
3695848,IN,IN,FISHF,RETA1,31.55,26.0,1.0,1.0,26.0,0.824089
3699234,IN,IN,CHEM1,RETA1,196.97,26.0,1.0,1.0,26.0,0.132
3704619,IN,IN,FINAN,FABRI,345.27,26.0,1.0,1.0,26.0,0.075303
3706336,IN,IN,PRIVA,BITUM,46.13,26.0,1.0,1.0,26.0,0.563625
3704626,IN,IN,FINAN,TRANS,352.35,26.0,1.0,1.0,26.0,0.07379
3704570,IN,IN,FINAN,PROCE,333.54,25.0,1.0,1.0,25.0,0.074954
3703356,IN,IN,WHOLE,LIQUE,117.36,25.0,1.0,1.0,25.0,0.21302
3700750,IN,IN,OFFIC,PUBLI,253.39,25.0,1.0,1.0,25.0,0.098662
3705127,IN,IN,RENTI,RUBBE,378.47,25.0,1.0,1.0,25.0,0.066055
3701360,IN,IN,FURNI,COMPU,223.99,25.0,1.0,1.0,25.0,0.111612
3695786,IN,IN,FORES,93197,14.14,25.0,1.0,1.0,25.0,1.768034
3697730,IN,IN,WOODW,PRINT,115.47,25.0,1.0,1.0,25.0,0.216506
3704397,IN,IN,SUPPO,EDUCA,207.73,25.0,1.0,1.0,25.0,0.120349
3704440,IN,IN,POSTT,PRINT,249.14,25.0,1.0,1.0,25.0,0.100345
3704508,IN,IN,POSTT,HOTEL,247.13,25.0,1.0,1.0,25.0,0.101161
3705094,IN,IN,RENTI,FOOD5,384.93,25.0,1.0,1.0,25.0,0.064947
3698111,IN,IN,PRINT,REALE,128.46,25.0,1.0,1.0,25.0,0.194613
3703110,IN,IN,SALEM,BITUM,104.22,25.0,1.0,1.0,25.0,0.239877
3704914,IN,IN,AUXIL,LANDT,368.22,25.0,1.0,1.0,25.0,0.067894
3704261,IN,IN,AIRTR,EDUCA,215.66,25.0,1.0,1.0,25.0,0.115923
3704259,IN,IN,AIRTR,BUSIN,210.45,25.0,1.0,1.0,25.0,0.118793
3704925,IN,IN,AUXIL,RENTI,367.22,25.0,1.0,1.0,25.0,0.068079
3705932,IN,IN,WASTE,REALE,170.94,25.0,1.0,1.0,25.0,0.14625
3699403,IN,IN,RUBBE,PAPER,162.01,25.0,1.0,1.0,25.0,0.154311
3704673,IN,IN,FINAN,93197,331.13,25.0,1.0,1.0,25.0,0.075499
3700478,IN,IN,FABRI,GASDI,189.65,25.0,1.0,1.0,25.0,0.131822
3703049,IN,IN,CONST,FURNI,124.64,25.0,1.0,1.0,25.0,0.200578
3700527,IN,IN,FABRI,DIST1,192.74,25.0,1.0,1.0,25.0,0.129708
3705321,IN,IN,BUSIN,TEXTI,188.28,25.0,1.0,1.0,25.0,0.132781
3703783,IN,IN,RAILW,COPP1,472.69,25.0,1.0,1.0,25.0,0.052889
3705884,IN,IN,WASTE,PREC1,164.79,24.0,1.0,1.0,24.0,0.14564
3703304,IN,IN,WHOLE,OILSE,116.56,24.0,1.0,1.0,24.0,0.205903
3704281,IN,IN,SUPPO,RAWMI,199.01,24.0,1.0,1.0,24.0,0.120597
3703690,IN,IN,HOTEL,AUXIL,84.26,24.0,1.0,1.0,24.0,0.284833
3705958,IN,IN,MEMBE,CRUDE,62.02,24.0,1.0,1.0,24.0,0.386972
3699211,IN,IN,CHEM1,COPP1,183.06,24.0,1.0,1.0,24.0,0.131105
3701886,IN,IN,ELEC4,DISTR,277.47,24.0,1.0,1.0,24.0,0.086496
3705659,IN,IN,HEALT,AIRTR,168.41,24.0,1.0,1.0,24.0,0.142509
3695791,IN,IN,FISHF,VEGE1,29.93,24.0,1.0,1.0,24.0,0.801871
3704530,IN,IN,POSTT,MEMBE,237.74,24.0,1.0,1.0,24.0,0.100951
3699017,IN,IN,NFERT,GASDI,201.53,24.0,1.0,1.0,24.0,0.119089
3698663,IN,IN,NAPHT,ELEC1,835.65,24.0,1.0,1.0,24.0,0.02872
3694791,IN,IN,WHEAT,CHEM1,45.87,24.0,1.0,1.0,24.0,0.523218
3703571,IN,IN,RETA1,93197,106.12,24.0,1.0,1.0,24.0,0.226159
3704341,IN,IN,SUPPO,NONME,194.95,24.0,1.0,1.0,24.0,0.123108
3697338,IN,IN,FISH5,PUBLI,85.75,24.0,1.0,1.0,24.0,0.279883
3700062,IN,IN,ALUM1,OFFIC,257.19,24.0,1.0,1.0,24.0,0.093316
3703560,IN,IN,RETA1,RENTI,105.0,24.0,1.0,1.0,24.0,0.228571
3705256,IN,IN,COMPU,RECRE,220.07,24.0,1.0,1.0,24.0,0.109056
3705132,IN,IN,RENTI,NONME,369.33,24.0,1.0,1.0,24.0,0.064983
3704520,IN,IN,POSTT,REALE,235.34,24.0,1.0,1.0,24.0,0.10198
3697758,IN,IN,WOODW,CEMEN,109.62,24.0,1.0,1.0,24.0,0.218938
3699478,IN,IN,RUBBE,EDUCA,155.36,24.0,1.0,1.0,24.0,0.15448
3706362,IN,IN,PRIVA,TOBAC,41.95,24.0,1.0,1.0,24.0,0.57211
3704359,IN,IN,SUPPO,ELEC1,199.49,24.0,1.0,1.0,24.0,0.120307
3700534,IN,IN,FABRI,HOTEL,182.04,24.0,1.0,1.0,24.0,0.131839
3700535,IN,IN,FABRI,SUPPO,182.04,24.0,1.0,1.0,24.0,0.131839
3702520,IN,IN,DISTR,WHOLE,516.56,24.0,1.0,1.0,24.0,0.046461
3697131,IN,IN,FOOD5,TOBAC,65.73,24.0,1.0,1.0,24.0,0.36513
3697928,IN,IN,PAPER,PFERT,76.94,24.0,1.0,1.0,24.0,0.311931
3701552,IN,IN,ELEC1,LANDT,286.11,24.0,1.0,1.0,24.0,0.083884
3698436,IN,IN,GASDI,RETA1,851.23,24.0,1.0,1.0,24.0,0.028194
3697126,IN,IN,FOOD5,PROCE,66.93,24.0,1.0,1.0,24.0,0.358584
3701110,IN,IN,MOTO1,MACHI,200.99,24.0,1.0,1.0,24.0,0.119409
3697989,IN,IN,PAPER,REALE,79.0,24.0,1.0,1.0,24.0,0.303797
3697794,IN,IN,WOODW,BUSIN,110.95,24.0,1.0,1.0,24.0,0.216314
3705399,IN,IN,BUSIN,AIRTR,174.37,23.0,1.0,1.0,23.0,0.131903
3702860,IN,IN,COLLE,TEXTI,245.5,23.0,1.0,1.0,23.0,0.093686
3701448,IN,IN,SECO9,WASTE,136.37,23.0,1.0,1.0,23.0,0.168659
3701447,IN,IN,SECO9,FOOD3,136.55,23.0,1.0,1.0,23.0,0.168436
3701528,IN,IN,ELEC1,MACHI,271.34,23.0,1.0,1.0,23.0,0.084765
3700975,IN,IN,RADIO,COMPU,206.36,23.0,1.0,1.0,23.0,0.111456
3705522,IN,IN,EDUCA,CONST,93.82,23.0,1.0,1.0,23.0,0.24515
3701518,IN,IN,ELEC1,CEMEN,273.15,23.0,1.0,1.0,23.0,0.084203
3703946,IN,IN,LANDT,AIRTR,200.57,23.0,1.0,1.0,23.0,0.114673
3702530,IN,IN,DISTR,POSTT,496.01,23.0,1.0,1.0,23.0,0.04637
3704251,IN,IN,AIRTR,POSTT,199.41,23.0,1.0,1.0,23.0,0.11534
3701029,IN,IN,MEDIC,FOUND,170.24,23.0,1.0,1.0,23.0,0.135103
3706364,IN,IN,PRIVA,WEARI,40.48,23.0,1.0,1.0,23.0,0.568182
3705284,IN,IN,BUSIN,PADDY,175.23,23.0,1.0,1.0,23.0,0.131256
3705533,IN,IN,EDUCA,POSTT,91.46,23.0,1.0,1.0,23.0,0.251476
3703054,IN,IN,CONST,ELEC4,119.36,23.0,1.0,1.0,23.0,0.192694
3705295,IN,IN,BUSIN,BITUM,175.05,23.0,1.0,1.0,23.0,0.131391
3706414,IN,IN,PRIVA,FURNI,40.42,23.0,1.0,1.0,23.0,0.569025
3704481,IN,IN,POSTT,RADIO,221.93,23.0,1.0,1.0,23.0,0.103636
3697823,IN,IN,PULP5,PAPER,68.07,23.0,1.0,1.0,23.0,0.337887
3703846,IN,IN,LANDT,FISHF,195.89,23.0,1.0,1.0,23.0,0.117413
3699203,IN,IN,CHEM1,CERAM,174.79,23.0,1.0,1.0,23.0,0.131586
3699562,IN,IN,GLASS,HOTEL,207.94,23.0,1.0,1.0,23.0,0.110609
3695711,IN,IN,FORES,BEVER,13.23,23.0,1.0,1.0,23.0,1.738473
3699170,IN,IN,CHEM1,TOBAC,172.53,23.0,1.0,1.0,23.0,0.13331
3706066,IN,IN,MEMBE,EDUCA,58.02,23.0,1.0,1.0,23.0,0.396415
3706056,IN,IN,MEMBE,POSTT,58.26,23.0,1.0,1.0,23.0,0.394782
3706208,IN,IN,93197,CRUDE,116.96,23.0,1.0,1.0,23.0,0.196648
3704659,IN,IN,FINAN,INSUR,313.96,23.0,1.0,1.0,23.0,0.073258
3706328,IN,IN,PRIVA,CEREA,40.67,23.0,1.0,1.0,23.0,0.565527
3703364,IN,IN,WHOLE,PLAST,109.26,23.0,1.0,1.0,23.0,0.210507
3699067,IN,IN,PFERT,CROPS,188.78,23.0,1.0,1.0,23.0,0.121835
3701275,IN,IN,FURNI,TEXTI,212.55,23.0,1.0,1.0,23.0,0.10821
3703446,IN,IN,RETA1,POULT,103.18,23.0,1.0,1.0,23.0,0.222911
3703553,IN,IN,RETA1,AIRTR,102.6,23.0,1.0,1.0,23.0,0.224172
3699545,IN,IN,GLASS,OFFIC,209.19,23.0,1.0,1.0,23.0,0.109948
3701348,IN,IN,FURNI,LANDT,210.57,23.0,1.0,1.0,23.0,0.109227
3703173,IN,IN,SALEM,TRANS,92.54,22.0,1.0,1.0,22.0,0.237735
3697627,IN,IN,LEATH,WEARI,152.52,22.0,1.0,1.0,22.0,0.144243
3698445,IN,IN,GASDI,FINAN,765.15,22.0,1.0,1.0,22.0,0.028753
3695741,IN,IN,FORES,GLASS,12.66,22.0,1.0,1.0,22.0,1.737757
3695737,IN,IN,FORES,CHARC,12.31,22.0,1.0,1.0,22.0,1.787165
3705238,IN,IN,COMPU,LANDT,205.91,22.0,1.0,1.0,22.0,0.106843
3703569,IN,IN,RETA1,MEMBE,98.18,22.0,1.0,1.0,22.0,0.224078
3703964,IN,IN,LANDT,93197,187.99,22.0,1.0,1.0,22.0,0.117028
3703389,IN,IN,WHOLE,MEDIC,104.14,22.0,1.0,1.0,22.0,0.211254
3697397,IN,IN,TEXTI,FISHF,117.27,22.0,1.0,1.0,22.0,0.187601
3695910,IN,IN,COKIN,BASIC,340.02,22.0,1.0,1.0,22.0,0.064702
3697010,IN,IN,PROCE,HOTEL,133.49,22.0,1.0,1.0,22.0,0.164806
3705298,IN,IN,BUSIN,CRUDE,171.03,22.0,1.0,1.0,22.0,0.128632
3700497,IN,IN,FABRI,GLASS,171.16,22.0,1.0,1.0,22.0,0.128535
3704286,IN,IN,SUPPO,BITUM,176.51,22.0,1.0,1.0,22.0,0.124639
3697997,IN,IN,PAPER,FOOD3,71.95,22.0,1.0,1.0,22.0,0.305768
3697998,IN,IN,PAPER,WASTE,71.85,22.0,1.0,1.0,22.0,0.306193
3704768,IN,IN,INSUR,CONST,391.24,22.0,1.0,1.0,22.0,0.056231
3699065,IN,IN,PFERT,SUGAR,177.83,22.0,1.0,1.0,22.0,0.123714
3699526,IN,IN,GLASS,CHEM1,203.14,22.0,1.0,1.0,22.0,0.1083
3703586,IN,IN,HOTEL,CRUDE,77.96,22.0,1.0,1.0,22.0,0.282196
3701151,IN,IN,MOTO1,RENTI,181.83,22.0,1.0,1.0,22.0,0.120992
3694867,IN,IN,CEREA,PFERT,84.88,22.0,1.0,1.0,22.0,0.259189
3704888,IN,IN,AUXIL,TRANS,318.0,22.0,1.0,1.0,22.0,0.069182
3699240,IN,IN,CHEM1,RESEA,163.91,22.0,1.0,1.0,22.0,0.13422
3705631,IN,IN,HEALT,MOTO1,155.38,22.0,1.0,1.0,22.0,0.141588
3697767,IN,IN,WOODW,FABRI,101.15,22.0,1.0,1.0,22.0,0.217499
3706049,IN,IN,MEMBE,HOTEL,57.12,22.0,1.0,1.0,22.0,0.385154
3705326,IN,IN,BUSIN,PAPER,165.26,22.0,1.0,1.0,22.0,0.133124
3700538,IN,IN,FABRI,REALE,165.85,22.0,1.0,1.0,22.0,0.13265
3696932,IN,IN,PROCE,PADDY,130.73,22.0,1.0,1.0,22.0,0.168286
3695246,IN,IN,CROPS,PAPER,50.24,22.0,1.0,1.0,22.0,0.437898
3703889,IN,IN,LANDT,PLAST,191.06,22.0,1.0,1.0,22.0,0.115147
3705781,IN,IN,FOOD3,CONST,150.82,22.0,1.0,1.0,22.0,0.145869
3695767,IN,IN,FORES,COLLE,12.39,22.0,1.0,1.0,22.0,1.775626
3703942,IN,IN,LANDT,LANDT,189.88,22.0,1.0,1.0,22.0,0.115863
3705404,IN,IN,BUSIN,AUXIL,172.53,22.0,1.0,1.0,22.0,0.127514
3704644,IN,IN,FINAN,COLLE,299.52,22.0,1.0,1.0,22.0,0.073451
3697668,IN,IN,LEATH,ELECT,149.47,22.0,1.0,1.0,22.0,0.147187
3695217,IN,IN,CROPS,POULT,50.5,22.0,1.0,1.0,22.0,0.435644
3695785,IN,IN,FORES,RECRE,12.69,22.0,1.0,1.0,22.0,1.733649
3702704,IN,IN,BIOG1,RENTI,357.91,21.0,1.0,1.0,21.0,0.058674
3697272,IN,IN,FISH5,PROCE,73.29,21.0,1.0,1.0,21.0,0.286533
3706170,IN,IN,RECRE,WHOLE,86.46,21.0,1.0,1.0,21.0,0.242887
3697672,IN,IN,LEATH,TRANS,141.03,21.0,1.0,1.0,21.0,0.148904
3703010,IN,IN,CONST,GASDI,107.73,21.0,1.0,1.0,21.0,0.194932
3702538,IN,IN,DISTR,BUSIN,452.0,21.0,1.0,1.0,21.0,0.04646
3702790,IN,IN,DIST1,ELEC1,175.79,21.0,1.0,1.0,21.0,0.119461
3702536,IN,IN,DISTR,COMPU,461.18,21.0,1.0,1.0,21.0,0.045535
3704840,IN,IN,AUXIL,LEATH,308.64,21.0,1.0,1.0,21.0,0.06804
3705798,IN,IN,FOOD3,REALE,141.99,21.0,1.0,1.0,21.0,0.147898
3700823,IN,IN,ELECT,FABRI,197.05,21.0,1.0,1.0,21.0,0.106572
3694971,IN,IN,VEGET,HOTEL,40.73,21.0,1.0,1.0,21.0,0.51559
3700414,IN,IN,FOUND,DIST1,158.0,21.0,1.0,1.0,21.0,0.132911
3703200,IN,IN,SALEM,93197,90.48,21.0,1.0,1.0,21.0,0.232095
3697875,IN,IN,PAPER,PADDY,69.65,21.0,1.0,1.0,21.0,0.301508
3700055,IN,IN,ALUM1,ALUM1,231.53,21.0,1.0,1.0,21.0,0.090701
3704349,IN,IN,SUPPO,FABRI,174.26,21.0,1.0,1.0,21.0,0.12051
3699362,IN,IN,RUBBE,PADDY,135.73,21.0,1.0,1.0,21.0,0.154719
3699469,IN,IN,RUBBE,SUPPO,140.03,21.0,1.0,1.0,21.0,0.149968
3697492,IN,IN,TEXTI,HEALT,113.93,21.0,1.0,1.0,21.0,0.184324
3704911,IN,IN,AUXIL,RETA1,306.77,21.0,1.0,1.0,21.0,0.068455
3704356,IN,IN,SUPPO,TRANS,168.49,21.0,1.0,1.0,21.0,0.124636
3701363,IN,IN,FURNI,PUBLI,193.86,21.0,1.0,1.0,21.0,0.108326
3698076,IN,IN,PRINT,MOTO1,110.6,21.0,1.0,1.0,21.0,0.189873
3702804,IN,IN,DIST1,WHOLE,175.14,21.0,1.0,1.0,21.0,0.119904
3703554,IN,IN,RETA1,SUPPO,95.49,21.0,1.0,1.0,21.0,0.219918
3695049,IN,IN,SUGAR,SUGAR,451.49,21.0,1.0,1.0,21.0,0.046513
3698374,IN,IN,GASDI,TEXTI,699.57,20.0,1.0,1.0,20.0,0.028589
3705887,IN,IN,WASTE,COPP1,133.64,20.0,1.0,1.0,20.0,0.149656
3704582,IN,IN,FINAN,PRINT,272.15,20.0,1.0,1.0,20.0,0.073489
3703927,IN,IN,LANDT,TRAN1,170.82,20.0,1.0,1.0,20.0,0.117082
3697123,IN,IN,FOOD5,MEAT4,54.87,20.0,1.0,1.0,20.0,0.364498
3695408,IN,IN,PIGS9,NFERT,22.78,20.0,1.0,1.0,20.0,0.877963
3706172,IN,IN,RECRE,HOTEL,84.57,20.0,1.0,1.0,20.0,0.23649
3703028,IN,IN,CONST,RUBBE,100.67,20.0,1.0,1.0,20.0,0.198669
3703423,IN,IN,WHOLE,INSUR,95.07,20.0,1.0,1.0,20.0,0.210371
3705528,IN,IN,EDUCA,RAILW,77.98,20.0,1.0,1.0,20.0,0.256476
3697703,IN,IN,WOODW,BITUM,91.46,20.0,1.0,1.0,20.0,0.218675
3697330,IN,IN,FISH5,RETA1,69.44,20.0,1.0,1.0,20.0,0.288018
3700939,IN,IN,RADIO,MOTO1,175.56,20.0,1.0,1.0,20.0,0.113921
3696799,IN,IN,VEGE1,CHEM1,79.92,20.0,1.0,1.0,20.0,0.25025
3705978,IN,IN,MEMBE,WEARI,52.07,20.0,1.0,1.0,20.0,0.384098
3702826,IN,IN,DIST1,RECRE,167.38,20.0,1.0,1.0,20.0,0.119489
3700968,IN,IN,RADIO,SUPPO,176.6,20.0,1.0,1.0,20.0,0.11325
3705144,IN,IN,RENTI,RADIO,300.33,20.0,1.0,1.0,20.0,0.066593
3701529,IN,IN,ELEC1,OFFIC,238.6,20.0,1.0,1.0,20.0,0.083822
3695856,IN,IN,FISHF,HEALT,25.06,20.0,1.0,1.0,20.0,0.798085
3699907,IN,IN,BASIC,WHOLE,205.41,20.0,1.0,1.0,20.0,0.097366
3703890,IN,IN,LANDT,NFERT,169.82,20.0,1.0,1.0,20.0,0.117772
3699567,IN,IN,GLASS,BUSIN,186.99,20.0,1.0,1.0,20.0,0.106958
3706277,IN,IN,93197,MOTO1,102.4,20.0,1.0,1.0,20.0,0.195312
3694750,IN,IN,WHEAT,PADDY,38.29,20.0,1.0,1.0,20.0,0.52233
3701519,IN,IN,ELEC1,NONME,238.69,20.0,1.0,1.0,20.0,0.083791
3700463,IN,IN,FABRI,BEVER,153.27,20.0,1.0,1.0,20.0,0.130489
3698408,IN,IN,GASDI,CEMEN,702.64,20.0,1.0,1.0,20.0,0.028464
3695733,IN,IN,FORES,PLAST,11.62,20.0,1.0,1.0,20.0,1.72117
3703647,IN,IN,HOTEL,FOUND,70.9,20.0,1.0,1.0,20.0,0.282087
3705750,IN,IN,FOOD3,PREC1,138.88,20.0,1.0,1.0,20.0,0.144009
3702769,IN,IN,DIST1,CERAM,165.9,20.0,1.0,1.0,20.0,0.120555
3695346,IN,IN,CATTL,CHEM1,41.1,20.0,1.0,1.0,20.0,0.486618
3695344,IN,IN,CATTL,NFERT,42.78,20.0,1.0,1.0,20.0,0.467508
3700870,IN,IN,ELECT,PUBLI,175.43,19.0,1.0,1.0,19.0,0.108305
3705169,IN,IN,RENTI,REALE,298.35,19.0,1.0,1.0,19.0,0.063684
3704783,IN,IN,INSUR,INSUR,330.19,19.0,1.0,1.0,19.0,0.057543
3706229,IN,IN,93197,WEARI,98.93,19.0,1.0,1.0,19.0,0.192055
3697337,IN,IN,FISH5,BUSIN,67.34,19.0,1.0,1.0,19.0,0.28215
3696976,IN,IN,PROCE,PFERT,112.29,19.0,1.0,1.0,19.0,0.169205
3699332,IN,IN,BIOGA,MEMBE,132.65,19.0,1.0,1.0,19.0,0.143234
3697754,IN,IN,WOODW,RUBBE,90.63,19.0,1.0,1.0,19.0,0.209644
3698425,IN,IN,GASDI,FURNI,669.17,19.0,1.0,1.0,19.0,0.028393
3704576,IN,IN,FINAN,TEXTI,261.75,19.0,1.0,1.0,19.0,0.072588
3695288,IN,IN,CROPS,ELEC7,42.5,19.0,1.0,1.0,19.0,0.447059
3698118,IN,IN,PRINT,HEALT,100.15,19.0,1.0,1.0,19.0,0.189715
3703867,IN,IN,LANDT,TOBAC,168.9,19.0,1.0,1.0,19.0,0.112493
3697454,IN,IN,TEXTI,FABRI,105.46,19.0,1.0,1.0,19.0,0.180163
3700533,IN,IN,FABRI,RETA1,146.28,19.0,1.0,1.0,19.0,0.129888
3699501,IN,IN,GLASS,WEARI,173.16,19.0,1.0,1.0,19.0,0.109725
3699544,IN,IN,GLASS,MACHI,178.43,19.0,1.0,1.0,19.0,0.106484
3704351,IN,IN,SUPPO,OFFIC,157.73,19.0,1.0,1.0,19.0,0.120459
3700379,IN,IN,FOUND,GLASS,143.89,19.0,1.0,1.0,19.0,0.132045
3706342,IN,IN,PRIVA,IRONO,34.1,19.0,1.0,1.0,19.0,0.557185
3703024,IN,IN,CONST,CHEM1,94.5,19.0,1.0,1.0,19.0,0.201058
3701559,IN,IN,ELEC1,FINAN,229.93,19.0,1.0,1.0,19.0,0.082634
3699029,IN,IN,NFERT,NFERT,163.59,19.0,1.0,1.0,19.0,0.116144
3703908,IN,IN,LANDT,FOUND,162.9,19.0,1.0,1.0,19.0,0.116636
3701346,IN,IN,FURNI,HOTEL,177.45,19.0,1.0,1.0,19.0,0.107072
3702183,IN,IN,ELEC7,COLLE,60.49,19.0,1.0,1.0,19.0,0.314102
3699404,IN,IN,RUBBE,PRINT,123.79,19.0,1.0,1.0,19.0,0.153486
3699785,IN,IN,NONME,BRICK,169.03,19.0,1.0,1.0,19.0,0.112406
3699783,IN,IN,NONME,GLASS,172.63,19.0,1.0,1.0,19.0,0.110062
3700936,IN,IN,RADIO,ELECT,168.27,19.0,1.0,1.0,19.0,0.112914
3706055,IN,IN,MEMBE,SUPPO,49.24,19.0,1.0,1.0,19.0,0.385865
3702731,IN,IN,DIST1,PROCE,158.63,19.0,1.0,1.0,19.0,0.119776
3705367,IN,IN,BUSIN,ELECT,143.49,19.0,1.0,1.0,19.0,0.132413
3701549,IN,IN,ELEC1,RETA1,232.93,19.0,1.0,1.0,19.0,0.08157
3701155,IN,IN,MOTO1,PUBLI,161.34,19.0,1.0,1.0,19.0,0.117764
3699083,IN,IN,PFERT,HEAVY,145.26,18.0,1.0,1.0,18.0,0.123916
3704483,IN,IN,POSTT,MOTO1,176.12,18.0,1.0,1.0,18.0,0.102203
3699201,IN,IN,CHEM1,RUBBE,137.37,18.0,1.0,1.0,18.0,0.131033
3704527,IN,IN,POSTT,HEALT,174.4,18.0,1.0,1.0,18.0,0.103211
3699905,IN,IN,BASIC,SALEM,188.8,18.0,1.0,1.0,18.0,0.095339
3704280,IN,IN,SUPPO,ANIMA,150.92,18.0,1.0,1.0,18.0,0.119268
3705945,IN,IN,MEMBE,PADDY,45.04,18.0,1.0,1.0,18.0,0.399645
3704621,IN,IN,FINAN,OFFIC,240.71,18.0,1.0,1.0,18.0,0.074779
3699797,IN,IN,NONME,OFFIC,162.02,18.0,1.0,1.0,18.0,0.111097
3704340,IN,IN,SUPPO,CEMEN,144.34,18.0,1.0,1.0,18.0,0.124706
3705147,IN,IN,RENTI,TRANS,274.6,18.0,1.0,1.0,18.0,0.06555
3703781,IN,IN,RAILW,ALUM1,339.03,18.0,1.0,1.0,18.0,0.053093
3697247,IN,IN,BEVER,PUBLI,77.64,18.0,1.0,1.0,18.0,0.231839
3697246,IN,IN,BEVER,BUSIN,79.05,18.0,1.0,1.0,18.0,0.227704
3702517,IN,IN,DISTR,CONST,389.58,18.0,1.0,1.0,18.0,0.046204
3698867,IN,IN,NONSP,GASDI,648.07,18.0,1.0,1.0,18.0,0.027775
3694827,IN,IN,CEREA,CROPS,66.04,18.0,1.0,1.0,18.0,0.272562
3694832,IN,IN,CEREA,ANIMA,68.31,18.0,1.0,1.0,18.0,0.263505
3702529,IN,IN,DISTR,SUPPO,385.56,18.0,1.0,1.0,18.0,0.046685
3705671,IN,IN,HEALT,EDUCA,124.96,18.0,1.0,1.0,18.0,0.144046
3699399,IN,IN,RUBBE,WEARI,116.52,18.0,1.0,1.0,18.0,0.15448
3695326,IN,IN,CATTL,TEXTI,37.92,18.0,1.0,1.0,18.0,0.474684
3700297,IN,IN,NONF1,BASIC,121.53,18.0,1.0,1.0,18.0,0.148112
3699467,IN,IN,RUBBE,TRAN2,116.14,18.0,1.0,1.0,18.0,0.154985
3705663,IN,IN,HEALT,INSUR,127.72,18.0,1.0,1.0,18.0,0.140933
3705655,IN,IN,HEALT,HOTEL,122.89,18.0,1.0,1.0,18.0,0.146472
3702857,IN,IN,COLLE,BEVER,192.21,18.0,1.0,1.0,18.0,0.093648
3699826,IN,IN,BASIC,CRUDE,189.02,18.0,1.0,1.0,18.0,0.095228
3702961,IN,IN,CONST,VEGET,93.71,18.0,1.0,1.0,18.0,0.192082
3699345,IN,IN,BIODI,MACHI,161.25,18.0,1.0,1.0,18.0,0.111628
3702885,IN,IN,COLLE,PFERT,196.78,18.0,1.0,1.0,18.0,0.091473
3695009,IN,IN,OILSE,PLAST,59.11,18.0,1.0,1.0,18.0,0.304517
3695796,IN,IN,FISHF,BEVER,21.65,18.0,1.0,1.0,18.0,0.831409
3703045,IN,IN,CONST,RADIO,89.57,18.0,1.0,1.0,18.0,0.20096
3703290,IN,IN,RETAI,REALE,141.62,17.0,1.0,1.0,17.0,0.12004
3703351,IN,IN,WHOLE,KEROS,80.6,17.0,1.0,1.0,17.0,0.210918
3699543,IN,IN,GLASS,FABRI,156.99,17.0,1.0,1.0,17.0,0.108287
3697696,IN,IN,WOODW,CEREA,77.91,17.0,1.0,1.0,17.0,0.2182
3706106,IN,IN,RECRE,PRINT,70.77,17.0,1.0,1.0,17.0,0.240215
3704839,IN,IN,AUXIL,WEARI,247.87,17.0,1.0,1.0,17.0,0.068584
3697130,IN,IN,FOOD5,FISH5,46.86,17.0,1.0,1.0,17.0,0.362783
3697142,IN,IN,FOOD5,PFERT,46.18,17.0,1.0,1.0,17.0,0.368125
3701516,IN,IN,ELEC1,CERAM,205.39,17.0,1.0,1.0,17.0,0.082769
3696637,IN,IN,MEATP,WHOLE,27.01,17.0,1.0,1.0,17.0,0.629397
3704402,IN,IN,SUPPO,RECRE,137.96,17.0,1.0,1.0,17.0,0.123224
3698030,IN,IN,PRINT,TOBAC,91.09,17.0,1.0,1.0,17.0,0.186629
3704343,IN,IN,SUPPO,PREC1,137.14,17.0,1.0,1.0,17.0,0.123961
3702784,IN,IN,DIST1,RADIO,142.26,17.0,1.0,1.0,17.0,0.1195
3702390,IN,IN,TRAN1,TRAN1,326.72,17.0,1.0,1.0,17.0,0.052032
3701489,IN,IN,ELEC1,PAPER,202.39,17.0,1.0,1.0,17.0,0.083996
3703519,IN,IN,RETA1,ELECT,74.87,17.0,1.0,1.0,17.0,0.22706
3706003,IN,IN,MEMBE,CHEM1,42.49,17.0,1.0,1.0,17.0,0.400094
3705546,IN,IN,EDUCA,MEMBE,68.36,17.0,1.0,1.0,17.0,0.248683
3700503,IN,IN,FABRI,PREC1,129.61,17.0,1.0,1.0,17.0,0.131163
3705174,IN,IN,RENTI,HEALT,258.87,17.0,1.0,1.0,17.0,0.06567
3706026,IN,IN,MEMBE,MOTO1,44.01,17.0,1.0,1.0,17.0,0.386276
3700506,IN,IN,FABRI,COPP1,131.45,17.0,1.0,1.0,17.0,0.129327
3703424,IN,IN,WHOLE,AUXIL,80.73,17.0,1.0,1.0,17.0,0.210578
3700514,IN,IN,FABRI,MEDIC,130.98,17.0,1.0,1.0,17.0,0.129791
3700471,IN,IN,FABRI,PAPER,130.24,17.0,1.0,1.0,17.0,0.130528
3704307,IN,IN,SUPPO,WEARI,136.59,17.0,1.0,1.0,17.0,0.12446
3701116,IN,IN,MOTO1,TRANS,146.58,17.0,1.0,1.0,17.0,0.115978
3699876,IN,IN,BASIC,COPP1,175.28,17.0,1.0,1.0,17.0,0.096988
3704314,IN,IN,SUPPO,MOTOR,140.43,17.0,1.0,1.0,17.0,0.121057
3706067,IN,IN,MEMBE,HEALT,44.75,17.0,1.0,1.0,17.0,0.379888
3699151,IN,IN,CHEM1,CRUDE,128.81,17.0,1.0,1.0,17.0,0.131977
3703870,IN,IN,LANDT,LEATH,149.0,17.0,1.0,1.0,17.0,0.114094
3702813,IN,IN,DIST1,POSTT,140.85,17.0,1.0,1.0,17.0,0.120696
3697441,IN,IN,TEXTI,RUBBE,91.65,17.0,1.0,1.0,17.0,0.185488
3698980,IN,IN,PLAST,MOTO1,151.18,17.0,1.0,1.0,17.0,0.112449
3703650,IN,IN,HOTEL,OFFIC,58.72,17.0,1.0,1.0,17.0,0.28951
3703666,IN,IN,HOTEL,TRAN1,61.07,17.0,1.0,1.0,17.0,0.278369
3704887,IN,IN,AUXIL,MOTO1,251.77,17.0,1.0,1.0,17.0,0.067522
3698195,IN,IN,MOTOR,LIQUE,593.44,17.0,1.0,1.0,17.0,0.028647
3701548,IN,IN,ELEC1,WHOLE,210.11,17.0,1.0,1.0,17.0,0.08091
3697460,IN,IN,TEXTI,MOTO1,91.81,17.0,1.0,1.0,17.0,0.185165
3701558,IN,IN,ELEC1,POSTT,201.75,17.0,1.0,1.0,17.0,0.084263
3704519,IN,IN,POSTT,AUXIL,162.87,17.0,1.0,1.0,17.0,0.104378
3705235,IN,IN,COMPU,RETA1,157.58,17.0,1.0,1.0,17.0,0.107882
3704864,IN,IN,AUXIL,CHEM1,243.81,17.0,1.0,1.0,17.0,0.069726
3695757,IN,IN,FORES,RADIO,9.54,17.0,1.0,1.0,17.0,1.781971
3703041,IN,IN,CONST,FABRI,87.1,17.0,1.0,1.0,17.0,0.195178
3703922,IN,IN,LANDT,ELEC4,146.35,17.0,1.0,1.0,17.0,0.11616
3705753,IN,IN,FOOD3,COPP1,112.51,17.0,1.0,1.0,17.0,0.151098
3700460,IN,IN,FABRI,PROCE,119.94,16.0,1.0,1.0,16.0,0.1334
3697063,IN,IN,SUGA1,CHEM1,87.73,16.0,1.0,1.0,16.0,0.182378
3697414,IN,IN,TEXTI,WOODW,86.65,16.0,1.0,1.0,16.0,0.184651
3703758,IN,IN,RAILW,LIQUE,303.75,16.0,1.0,1.0,16.0,0.052675
3704312,IN,IN,SUPPO,PRINT,130.1,16.0,1.0,1.0,16.0,0.122982
3704311,IN,IN,SUPPO,PAPER,133.45,16.0,1.0,1.0,16.0,0.119895
3697869,IN,IN,PULP5,RENTI,47.46,16.0,1.0,1.0,16.0,0.337126
3706167,IN,IN,RECRE,CONST,67.79,16.0,1.0,1.0,16.0,0.236023
3695193,IN,IN,PLANT,FURNI,20.56,16.0,1.0,1.0,16.0,0.77821
3703127,IN,IN,SALEM,TEXTI,69.37,16.0,1.0,1.0,16.0,0.230647
3696182,IN,IN,NATUR,FOUND,297.84,16.0,1.0,1.0,16.0,0.05372
3705322,IN,IN,BUSIN,WEARI,122.13,16.0,1.0,1.0,16.0,0.131008
3705212,IN,IN,COMPU,MOTO1,147.1,16.0,1.0,1.0,16.0,0.10877
3705666,IN,IN,HEALT,RENTI,110.47,16.0,1.0,1.0,16.0,0.144836
3699796,IN,IN,NONME,MACHI,147.16,16.0,1.0,1.0,16.0,0.108725
3697935,IN,IN,PAPER,CERAM,51.97,16.0,1.0,1.0,16.0,0.30787
3699979,IN,IN,PREC1,OFFIC,179.06,16.0,1.0,1.0,16.0,0.089356
3706370,IN,IN,PRIVA,COKEO,27.25,16.0,1.0,1.0,16.0,0.587156
3705358,IN,IN,BUSIN,PREC1,119.28,16.0,1.0,1.0,16.0,0.134138
3696741,IN,IN,MEAT4,HOTEL,127.79,16.0,1.0,1.0,16.0,0.125205
3704534,IN,IN,FINAN,WHEAT,213.69,16.0,1.0,1.0,16.0,0.074875
3703505,IN,IN,RETA1,CERAM,71.46,16.0,1.0,1.0,16.0,0.223901
3703651,IN,IN,HOTEL,ELECT,56.81,16.0,1.0,1.0,16.0,0.281641
3700983,IN,IN,RADIO,MEMBE,137.91,16.0,1.0,1.0,16.0,0.116018
3703481,IN,IN,RETA1,MOTOR,69.89,16.0,1.0,1.0,16.0,0.228931
3696533,IN,IN,MEATC,PADDY,92.33,16.0,1.0,1.0,16.0,0.173291
3700672,IN,IN,MACHI,PUBLI,120.69,16.0,1.0,1.0,16.0,0.132571
3699460,IN,IN,RUBBE,SALEM,102.79,16.0,1.0,1.0,16.0,0.155657
3704656,IN,IN,FINAN,AIRTR,218.67,16.0,1.0,1.0,16.0,0.07317
3697801,IN,IN,WOODW,93197,76.12,16.0,1.0,1.0,16.0,0.210194
3703095,IN,IN,CONST,93197,78.88,16.0,1.0,1.0,16.0,0.20284
3703973,IN,IN,TRAN2,CRUDE,185.51,16.0,1.0,1.0,16.0,0.086249
3702541,IN,IN,DISTR,HEALT,349.74,16.0,1.0,1.0,16.0,0.045748
3703953,IN,IN,LANDT,RENTI,141.72,16.0,1.0,1.0,16.0,0.112899
3697339,IN,IN,FISH5,HEALT,56.39,16.0,1.0,1.0,16.0,0.283738
3703397,IN,IN,WHOLE,ELEC5,75.19,16.0,1.0,1.0,16.0,0.212794
3699547,IN,IN,GLASS,RADIO,143.49,16.0,1.0,1.0,16.0,0.111506
3706183,IN,IN,RECRE,RENTI,66.99,16.0,1.0,1.0,16.0,0.238842
3705191,IN,IN,COMPU,PRINT,146.51,16.0,1.0,1.0,16.0,0.109208
3704883,IN,IN,AUXIL,OFFIC,236.52,16.0,1.0,1.0,16.0,0.067648
3701564,IN,IN,ELEC1,COMPU,187.58,16.0,1.0,1.0,16.0,0.085297
3700528,IN,IN,FABRI,COLLE,124.09,16.0,1.0,1.0,16.0,0.128939
3703084,IN,IN,CONST,RENTI,83.63,16.0,1.0,1.0,16.0,0.191319
3700314,IN,IN,NONF1,ELEC1,107.99,16.0,1.0,1.0,16.0,0.148162
3702417,IN,IN,TRAN1,EDUCA,302.38,16.0,1.0,1.0,16.0,0.052914
3705241,IN,IN,COMPU,SUPPO,150.6,16.0,1.0,1.0,16.0,0.106242
3700066,IN,IN,ALUM1,MOTO1,160.77,15.0,1.0,1.0,15.0,0.093301
3697953,IN,IN,PAPER,TRANS,48.02,15.0,1.0,1.0,15.0,0.31237
3704554,IN,IN,FINAN,CRUDE,204.25,15.0,1.0,1.0,15.0,0.073439
3705408,IN,IN,BUSIN,RESEA,113.9,15.0,1.0,1.0,15.0,0.131694
3705543,IN,IN,EDUCA,HEALT,61.76,15.0,1.0,1.0,15.0,0.242876
3702781,IN,IN,DIST1,MACHI,124.51,15.0,1.0,1.0,15.0,0.120472
3703952,IN,IN,LANDT,REALE,133.45,15.0,1.0,1.0,15.0,0.112402
3703279,IN,IN,RETAI,HOTEL,121.39,15.0,1.0,1.0,15.0,0.123569
3704380,IN,IN,SUPPO,RAILW,126.16,15.0,1.0,1.0,15.0,0.118897
3703694,IN,IN,HOTEL,RESEA,51.14,15.0,1.0,1.0,15.0,0.293312
3705665,IN,IN,HEALT,REALE,103.04,15.0,1.0,1.0,15.0,0.145575
3698915,IN,IN,PLAST,BITUM,139.42,15.0,1.0,1.0,15.0,0.107589
3706368,IN,IN,PRIVA,PAPER,25.78,15.0,1.0,1.0,15.0,0.581846
3703287,IN,IN,RETAI,POSTT,126.91,15.0,1.0,1.0,15.0,0.118194
3699410,IN,IN,RUBBE,GASDI,99.84,15.0,1.0,1.0,15.0,0.15024
3703417,IN,IN,WHOLE,SEACO,69.58,15.0,1.0,1.0,15.0,0.215579
3699714,IN,IN,CEMEN,FOUND,125.75,15.0,1.0,1.0,15.0,0.119284
3699434,IN,IN,RUBBE,BASIC,95.42,15.0,1.0,1.0,15.0,0.1572
3697894,IN,IN,PAPER,MEAT4,49.81,15.0,1.0,1.0,15.0,0.301144
3701566,IN,IN,ELEC1,BUSIN,183.84,15.0,1.0,1.0,15.0,0.081593
3703358,IN,IN,WHOLE,NAPHT,73.59,15.0,1.0,1.0,15.0,0.203832
3698437,IN,IN,GASDI,HOTEL,527.08,15.0,1.0,1.0,15.0,0.028459
3694702,IN,IN,PADDY,SUGAR,58.86,15.0,1.0,1.0,15.0,0.254842
3706355,IN,IN,PRIVA,VEGE1,26.68,15.0,1.0,1.0,15.0,0.562219
3699873,IN,IN,BASIC,PREC1,158.07,15.0,1.0,1.0,15.0,0.094895
3704478,IN,IN,POSTT,MACHI,143.54,15.0,1.0,1.0,15.0,0.1045
3701276,IN,IN,FURNI,WEARI,138.69,15.0,1.0,1.0,15.0,0.108155
3703160,IN,IN,SALEM,PREC1,63.07,15.0,1.0,1.0,15.0,0.237831
3706279,IN,IN,93197,FURNI,76.79,15.0,1.0,1.0,15.0,0.195338
3699867,IN,IN,BASIC,GLASS,153.04,15.0,1.0,1.0,15.0,0.098014
3696675,IN,IN,MEAT1,HOTEL,47.91,15.0,1.0,1.0,15.0,0.313087
3703507,IN,IN,RETA1,CEMEN,66.49,15.0,1.0,1.0,15.0,0.225598
3699245,IN,IN,CHEM1,MEMBE,110.57,15.0,1.0,1.0,15.0,0.135661
3702819,IN,IN,DIST1,COMPU,122.25,15.0,1.0,1.0,15.0,0.122699
3697495,IN,IN,TEXTI,MEMBE,83.03,15.0,1.0,1.0,15.0,0.180658
3698137,IN,IN,COKEO,FABRI,141.29,15.0,1.0,1.0,15.0,0.106165
3699479,IN,IN,RUBBE,HEALT,94.61,14.0,1.0,1.0,14.0,0.147976
3702416,IN,IN,TRAN1,PUBLI,254.09,14.0,1.0,1.0,14.0,0.055099
3703794,IN,IN,RAILW,FURNI,262.38,14.0,1.0,1.0,14.0,0.053358
3702767,IN,IN,DIST1,RUBBE,113.73,14.0,1.0,1.0,14.0,0.123099
3703180,IN,IN,SALEM,COLLE,58.9,14.0,1.0,1.0,14.0,0.237691
3699960,IN,IN,PREC1,CHEM1,161.75,14.0,1.0,1.0,14.0,0.086553
3699179,IN,IN,CHEM1,MOTOR,108.1,14.0,1.0,1.0,14.0,0.12951
3703802,IN,IN,RAILW,CONST,269.0,14.0,1.0,1.0,14.0,0.052045
3697749,IN,IN,WOODW,PFERT,65.08,14.0,1.0,1.0,14.0,0.21512
3696010,IN,IN,BITUM,ELECT,216.44,14.0,1.0,1.0,14.0,0.064683
3703613,IN,IN,HOTEL,PAPER,49.28,14.0,1.0,1.0,14.0,0.284091
3703572,IN,IN,HOTEL,PADDY,47.69,14.0,1.0,1.0,14.0,0.293563
3699497,IN,IN,GLASS,BEVER,127.43,14.0,1.0,1.0,14.0,0.109864
3704584,IN,IN,FINAN,MOTOR,184.51,14.0,1.0,1.0,14.0,0.075877
3702942,IN,IN,COLLE,FINAN,154.84,14.0,1.0,1.0,14.0,0.090416
3698341,IN,IN,GASDI,OILSE,491.63,14.0,1.0,1.0,14.0,0.028477
3695926,IN,IN,COKIN,ELEC1,216.96,14.0,1.0,1.0,14.0,0.064528
3704581,IN,IN,FINAN,PAPER,195.63,14.0,1.0,1.0,14.0,0.071564
3700396,IN,IN,FOUND,MEDIC,108.13,14.0,1.0,1.0,14.0,0.129474
3698174,IN,IN,MOTOR,PROCE,478.21,14.0,1.0,1.0,14.0,0.029276
3703174,IN,IN,SALEM,FURNI,60.88,14.0,1.0,1.0,14.0,0.229961
3696015,IN,IN,BITUM,FURNI,220.93,14.0,1.0,1.0,14.0,0.063368
3704882,IN,IN,AUXIL,MACHI,204.53,14.0,1.0,1.0,14.0,0.06845
3700469,IN,IN,FABRI,WOODW,110.85,14.0,1.0,1.0,14.0,0.126297
3702952,IN,IN,COLLE,HEALT,149.1,14.0,1.0,1.0,14.0,0.093897
3702825,IN,IN,DIST1,MEMBE,116.24,14.0,1.0,1.0,14.0,0.12044
3702395,IN,IN,TRAN1,CONST,262.33,14.0,1.0,1.0,14.0,0.053368
3702821,IN,IN,DIST1,BUSIN,120.03,14.0,1.0,1.0,14.0,0.116638
3704536,IN,IN,FINAN,VEGET,182.38,14.0,1.0,1.0,14.0,0.076763
3703345,IN,IN,WHOLE,PULP5,67.58,14.0,1.0,1.0,14.0,0.207162
3703640,IN,IN,HOTEL,NONME,48.18,14.0,1.0,1.0,14.0,0.290577
3701031,IN,IN,MEDIC,MACHI,102.8,14.0,1.0,1.0,14.0,0.136187
3697990,IN,IN,PAPER,RENTI,46.39,14.0,1.0,1.0,14.0,0.301789
3703040,IN,IN,CONST,FOUND,69.34,14.0,1.0,1.0,14.0,0.201904
3706350,IN,IN,PRIVA,CHEMI,25.06,14.0,1.0,1.0,14.0,0.558659
3703559,IN,IN,RETA1,REALE,64.13,14.0,1.0,1.0,14.0,0.218307
3706406,IN,IN,PRIVA,FABRI,25.06,14.0,1.0,1.0,14.0,0.558659
3705403,IN,IN,BUSIN,INSUR,108.01,14.0,1.0,1.0,14.0,0.129618
3697939,IN,IN,PAPER,BASIC,46.13,14.0,1.0,1.0,14.0,0.30349
3705246,IN,IN,COMPU,REALE,133.88,14.0,1.0,1.0,14.0,0.104571
3703281,IN,IN,RETAI,LANDT,114.12,14.0,1.0,1.0,14.0,0.122678
3704459,IN,IN,POSTT,PFERT,129.11,13.0,1.0,1.0,13.0,0.100689
3700322,IN,IN,NONF1,DISTR,87.98,13.0,1.0,1.0,13.0,0.147761
3696220,IN,IN,NATU1,GASDI,233.71,13.0,1.0,1.0,13.0,0.055624
3698110,IN,IN,PRINT,AUXIL,67.58,13.0,1.0,1.0,13.0,0.192365
3696646,IN,IN,MEATP,HEALT,20.15,13.0,1.0,1.0,13.0,0.645161
3701451,IN,IN,ELEC1,WHEAT,154.25,13.0,1.0,1.0,13.0,0.084279
3699484,IN,IN,RUBBE,93197,88.53,13.0,1.0,1.0,13.0,0.146843
3704220,IN,IN,AIRTR,MOTO1,115.46,13.0,1.0,1.0,13.0,0.112593
3705324,IN,IN,BUSIN,WOODW,99.49,13.0,1.0,1.0,13.0,0.130666
3698441,IN,IN,GASDI,SEACO,470.65,13.0,1.0,1.0,13.0,0.027621
3695746,IN,IN,FORES,BASIC,7.33,13.0,1.0,1.0,13.0,1.773533
3698448,IN,IN,GASDI,REALE,446.54,13.0,1.0,1.0,13.0,0.029113
3705177,IN,IN,RENTI,MEMBE,206.54,13.0,1.0,1.0,13.0,0.062942
3696925,IN,IN,DAIRY,PUBLI,241.85,13.0,1.0,1.0,13.0,0.053752
3698637,IN,IN,NAPHT,NFERT,461.46,13.0,1.0,1.0,13.0,0.028171
3703541,IN,IN,RETA1,COLLE,56.83,13.0,1.0,1.0,13.0,0.228752
3698660,IN,IN,NAPHT,MOTO1,445.17,13.0,1.0,1.0,13.0,0.029202
3703833,IN,IN,LANDT,VEGET,109.86,13.0,1.0,1.0,13.0,0.118332
3697417,IN,IN,TEXTI,PRINT,68.12,13.0,1.0,1.0,13.0,0.19084
3703369,IN,IN,WHOLE,BIOGA,60.97,13.0,1.0,1.0,13.0,0.21322
3706340,IN,IN,PRIVA,NATUR,22.6,13.0,1.0,1.0,13.0,0.575221
3701220,IN,IN,TRANS,RAILW,93.59,13.0,1.0,1.0,13.0,0.138904
3697217,IN,IN,BEVER,CHEM1,55.63,13.0,1.0,1.0,13.0,0.233687
3698028,IN,IN,PRINT,BEVER,66.41,13.0,1.0,1.0,13.0,0.195754
3704245,IN,IN,AIRTR,LANDT,107.36,13.0,1.0,1.0,13.0,0.121088
3703091,IN,IN,CONST,FOOD3,64.22,13.0,1.0,1.0,13.0,0.202429
3694713,IN,IN,PADDY,FOOD5,48.59,13.0,1.0,1.0,13.0,0.267545
3695200,IN,IN,PLANT,SALEM,16.7,13.0,1.0,1.0,13.0,0.778443
3705612,IN,IN,HEALT,RUBBE,87.36,13.0,1.0,1.0,13.0,0.14881
3705140,IN,IN,RENTI,FABRI,193.32,13.0,1.0,1.0,13.0,0.067246
3703092,IN,IN,CONST,WASTE,64.14,13.0,1.0,1.0,13.0,0.202682
3705179,IN,IN,RENTI,93197,196.94,13.0,1.0,1.0,13.0,0.06601
3703096,IN,IN,SALEM,PADDY,54.15,13.0,1.0,1.0,13.0,0.240074
3698595,IN,IN,LIQUE,PUBLI,475.92,13.0,1.0,1.0,13.0,0.027316
3705396,IN,IN,BUSIN,TRAN2,103.38,13.0,1.0,1.0,13.0,0.12575
3695185,IN,IN,PLANT,FABRI,17.04,13.0,1.0,1.0,13.0,0.762911
3697530,IN,IN,WEARI,PAPER,87.29,13.0,1.0,1.0,13.0,0.148929
3695738,IN,IN,FORES,BIOGA,7.33,13.0,1.0,1.0,13.0,1.773533
3698975,IN,IN,PLAST,MACHI,114.3,13.0,1.0,1.0,13.0,0.113736
3697915,IN,IN,PAPER,GASDI,42.21,13.0,1.0,1.0,13.0,0.307984
3696604,IN,IN,MEATC,PUBLI,78.67,13.0,1.0,1.0,13.0,0.165247
3702787,IN,IN,DIST1,TRANS,111.52,13.0,1.0,1.0,13.0,0.116571
3702811,IN,IN,DIST1,AIRTR,110.52,13.0,1.0,1.0,13.0,0.117626
3704919,IN,IN,AUXIL,SUPPO,191.34,13.0,1.0,1.0,13.0,0.067942
3702807,IN,IN,DIST1,RAILW,108.1,13.0,1.0,1.0,13.0,0.120259
3706369,IN,IN,PRIVA,PRINT,23.14,13.0,1.0,1.0,13.0,0.561798
3697988,IN,IN,PAPER,AUXIL,41.09,13.0,1.0,1.0,13.0,0.316379
3699375,IN,IN,RUBBE,CRUDE,87.74,13.0,1.0,1.0,13.0,0.148165
3706413,IN,IN,PRIVA,TRANS,22.1,13.0,1.0,1.0,13.0,0.588235
3701328,IN,IN,FURNI,ELEC1,116.17,13.0,1.0,1.0,13.0,0.111905
3696152,IN,IN,NATUR,GASDI,245.28,13.0,1.0,1.0,13.0,0.053001
3705664,IN,IN,HEALT,AUXIL,90.51,13.0,1.0,1.0,13.0,0.143631
3701337,IN,IN,FURNI,DISTR,115.95,13.0,1.0,1.0,13.0,0.112117
3703044,IN,IN,CONST,ELECT,67.14,13.0,1.0,1.0,13.0,0.193625
3699423,IN,IN,RUBBE,PFERT,82.8,13.0,1.0,1.0,13.0,0.157005
3695566,IN,IN,ANIMA,PUBLI,23.35,13.0,1.0,1.0,13.0,0.556745
3705547,IN,IN,EDUCA,RECRE,52.7,13.0,1.0,1.0,13.0,0.246679
3705359,IN,IN,BUSIN,ALUM1,99.83,13.0,1.0,1.0,13.0,0.130221
3697343,IN,IN,FISH5,RECRE,45.43,13.0,1.0,1.0,13.0,0.286155
3705582,IN,IN,HEALT,BEVER,92.03,13.0,1.0,1.0,13.0,0.141258
3700227,IN,IN,COPP1,RADIO,179.53,13.0,1.0,1.0,13.0,0.072411
3702545,IN,IN,DISTR,RECRE,277.74,13.0,1.0,1.0,13.0,0.046806
3705883,IN,IN,WASTE,BASIC,86.64,13.0,1.0,1.0,13.0,0.150046
3701492,IN,IN,ELEC1,MOTOR,155.04,13.0,1.0,1.0,13.0,0.083849
3704771,IN,IN,INSUR,WHOLE,229.11,13.0,1.0,1.0,13.0,0.056741
3703580,IN,IN,HOTEL,FORES,46.29,13.0,1.0,1.0,13.0,0.280838
3701557,IN,IN,ELEC1,SUPPO,156.82,13.0,1.0,1.0,13.0,0.082898
3699236,IN,IN,CHEM1,SUPPO,97.19,13.0,1.0,1.0,13.0,0.133759
3700856,IN,IN,ELECT,LANDT,117.86,13.0,1.0,1.0,13.0,0.1103
3702828,IN,IN,COLLE,PADDY,137.03,13.0,1.0,1.0,13.0,0.09487
3703637,IN,IN,HOTEL,CERAM,45.25,13.0,1.0,1.0,13.0,0.287293
3698258,IN,IN,MOTOR,POSTT,462.17,13.0,1.0,1.0,13.0,0.028128
3702505,IN,IN,DISTR,MOTO1,277.99,13.0,1.0,1.0,13.0,0.046764
3703514,IN,IN,RETA1,NONF1,54.99,12.0,1.0,1.0,12.0,0.218221
3699561,IN,IN,GLASS,RETA1,109.2,12.0,1.0,1.0,12.0,0.10989
3705329,IN,IN,BUSIN,MOTOR,94.73,12.0,1.0,1.0,12.0,0.126676
3698071,IN,IN,PRINT,MACHI,61.46,12.0,1.0,1.0,12.0,0.195249
3702456,IN,IN,DISTR,TEXTI,253.0,12.0,1.0,1.0,12.0,0.047431
3705361,IN,IN,BUSIN,COPP1,90.18,12.0,1.0,1.0,12.0,0.133067
3699981,IN,IN,PREC1,RADIO,136.56,12.0,1.0,1.0,12.0,0.087873
3702486,IN,IN,DISTR,RUBBE,267.45,12.0,1.0,1.0,12.0,0.044868
3702909,IN,IN,COLLE,MOTO1,128.52,12.0,1.0,1.0,12.0,0.093371
3700504,IN,IN,FABRI,ALUM1,91.74,12.0,1.0,1.0,12.0,0.130804
3697182,IN,IN,FOOD5,93197,34.17,12.0,1.0,1.0,12.0,0.351185
3694927,IN,IN,VEGET,TOBAC,22.96,12.0,1.0,1.0,12.0,0.522648
3703673,IN,IN,HOTEL,COLLE,43.83,12.0,1.0,1.0,12.0,0.273785
3695546,IN,IN,ANIMA,RUBBE,21.27,12.0,1.0,1.0,12.0,0.564175
3704786,IN,IN,INSUR,RENTI,220.03,12.0,1.0,1.0,12.0,0.054538
3695222,IN,IN,CROPS,FISHF,26.69,12.0,1.0,1.0,12.0,0.449607
3703298,IN,IN,RETAI,RECRE,103.14,12.0,1.0,1.0,12.0,0.116347
3703534,IN,IN,RETA1,TRAN1,55.44,12.0,1.0,1.0,12.0,0.21645
3704119,IN,IN,INLAN,ELEC2,195.89,12.0,1.0,1.0,12.0,0.061259
3700043,IN,IN,ALUM1,CHEM1,131.5,12.0,1.0,1.0,12.0,0.091255
3695822,IN,IN,FISHF,BIOGA,14.75,12.0,1.0,1.0,12.0,0.813559
3703468,IN,IN,RETA1,SUGA1,52.39,12.0,1.0,1.0,12.0,0.229051
3697527,IN,IN,WEARI,LEATH,76.14,12.0,1.0,1.0,12.0,0.157604
3695445,IN,IN,POULT,RAWMI,11.44,12.0,1.0,1.0,12.0,1.048951
3702457,IN,IN,DISTR,WEARI,264.0,12.0,1.0,1.0,12.0,0.045455
3706060,IN,IN,MEMBE,REALE,30.41,12.0,1.0,1.0,12.0,0.394607
3703394,IN,IN,WHOLE,ELEC2,58.19,12.0,1.0,1.0,12.0,0.206221
3697787,IN,IN,WOODW,RETA1,54.8,12.0,1.0,1.0,12.0,0.218978
3695702,IN,IN,FORES,MEATC,6.62,12.0,1.0,1.0,12.0,1.812689
3704579,IN,IN,FINAN,WOODW,164.43,12.0,1.0,1.0,12.0,0.072979
3704637,IN,IN,FINAN,TRAN1,159.7,12.0,1.0,1.0,12.0,0.075141
3704058,IN,IN,TRAN2,RENTI,141.72,12.0,1.0,1.0,12.0,0.084674
3705938,IN,IN,WASTE,EDUCA,82.17,12.0,1.0,1.0,12.0,0.146039
3704021,IN,IN,TRAN2,CERAM,136.63,12.0,1.0,1.0,12.0,0.087828
3704346,IN,IN,SUPPO,COPP1,97.24,12.0,1.0,1.0,12.0,0.123406
3701569,IN,IN,ELEC1,HEALT,142.25,12.0,1.0,1.0,12.0,0.084359
3704815,IN,IN,AUXIL,BITUM,182.07,12.0,1.0,1.0,12.0,0.065909
3698406,IN,IN,GASDI,CERAM,428.57,12.0,1.0,1.0,12.0,0.028
3705633,IN,IN,HEALT,FURNI,82.34,12.0,1.0,1.0,12.0,0.145737
3705380,IN,IN,BUSIN,TRAN1,94.34,12.0,1.0,1.0,12.0,0.127199
3706061,IN,IN,MEMBE,RENTI,30.99,12.0,1.0,1.0,12.0,0.387222
3705285,IN,IN,BUSIN,WHEAT,93.77,12.0,1.0,1.0,12.0,0.127973
3706430,IN,IN,PRIVA,COLLE,21.59,12.0,1.0,1.0,12.0,0.555813
3695118,IN,IN,SUGAR,CONST,267.6,12.0,1.0,1.0,12.0,0.044843
3702468,IN,IN,DISTR,GASDI,263.91,12.0,1.0,1.0,12.0,0.04547
3696103,IN,IN,CRUDE,KERO1,206.28,12.0,1.0,1.0,12.0,0.058173
3700536,IN,IN,FABRI,POSTT,90.49,12.0,1.0,1.0,12.0,0.132611
3702932,IN,IN,COLLE,WHOLE,126.34,12.0,1.0,1.0,12.0,0.094982
3699705,IN,IN,CEMEN,BRICK,97.97,12.0,1.0,1.0,12.0,0.122486
3705626,IN,IN,HEALT,MACHI,85.14,12.0,1.0,1.0,12.0,0.140944
3704599,IN,IN,FINAN,PLAST,164.3,12.0,1.0,1.0,12.0,0.073037
3695760,IN,IN,FORES,TRANS,7.05,12.0,1.0,1.0,12.0,1.702128
3697750,IN,IN,WOODW,CHEM1,55.49,12.0,1.0,1.0,12.0,0.216255
3702424,IN,IN,DISTR,PADDY,248.64,12.0,1.0,1.0,12.0,0.048263
3704338,IN,IN,SUPPO,CERAM,101.52,12.0,1.0,1.0,12.0,0.118203
3705503,IN,IN,EDUCA,MOTO1,49.41,12.0,1.0,1.0,12.0,0.242866
3704653,IN,IN,FINAN,TRAN2,142.51,11.0,1.0,1.0,11.0,0.077188
3701255,IN,IN,FURNI,CRUDE,99.23,11.0,1.0,1.0,11.0,0.110854
3705376,IN,IN,BUSIN,ELEC4,80.83,11.0,1.0,1.0,11.0,0.136088
3701301,IN,IN,FURNI,CHEM1,101.02,11.0,1.0,1.0,11.0,0.108889
3704573,IN,IN,FINAN,BEVER,142.17,11.0,1.0,1.0,11.0,0.077372
3701154,IN,IN,MOTO1,BUSIN,91.25,11.0,1.0,1.0,11.0,0.120548
3702346,IN,IN,TRAN1,GASDI,202.35,11.0,1.0,1.0,11.0,0.054361
3705357,IN,IN,BUSIN,BASIC,83.47,11.0,1.0,1.0,11.0,0.131784
3701137,IN,IN,MOTO1,WHOLE,91.62,11.0,1.0,1.0,11.0,0.120061
3705236,IN,IN,COMPU,HOTEL,99.06,11.0,1.0,1.0,11.0,0.111044
3705155,IN,IN,RENTI,COLLE,174.88,11.0,1.0,1.0,11.0,0.0629
3701354,IN,IN,FURNI,POSTT,100.35,11.0,1.0,1.0,11.0,0.109616
3704646,IN,IN,FINAN,SALEM,154.92,11.0,1.0,1.0,11.0,0.071004
3697263,IN,IN,FISH5,FISHF,38.72,11.0,1.0,1.0,11.0,0.284091
3697274,IN,IN,FISH5,FOOD5,37.44,11.0,1.0,1.0,11.0,0.293803
3700985,IN,IN,RADIO,93197,100.59,11.0,1.0,1.0,11.0,0.109355
3705363,IN,IN,BUSIN,FOUND,84.02,11.0,1.0,1.0,11.0,0.130921
3705245,IN,IN,COMPU,AUXIL,98.39,11.0,1.0,1.0,11.0,0.1118
3697608,IN,IN,WEARI,EDUCA,72.42,11.0,1.0,1.0,11.0,0.151892
3701305,IN,IN,FURNI,RUBBE,103.22,11.0,1.0,1.0,11.0,0.106568
3697248,IN,IN,BEVER,HEALT,46.42,11.0,1.0,1.0,11.0,0.236967
3702500,IN,IN,DISTR,MACHI,232.93,11.0,1.0,1.0,11.0,0.047224
3700137,IN,IN,LEAD1,BASIC,127.13,11.0,1.0,1.0,11.0,0.086526
3703440,IN,IN,RETA1,OILSE,48.33,11.0,1.0,1.0,11.0,0.227602
3698404,IN,IN,GASDI,RUBBE,394.11,11.0,1.0,1.0,11.0,0.027911
3706022,IN,IN,MEMBE,OFFIC,29.26,11.0,1.0,1.0,11.0,0.37594
3704289,IN,IN,SUPPO,CRUDE,89.15,11.0,1.0,1.0,11.0,0.123388
3706021,IN,IN,MEMBE,MACHI,28.85,11.0,1.0,1.0,11.0,0.381282
3702999,IN,IN,CONST,WEARI,54.75,11.0,1.0,1.0,11.0,0.200913
3698190,IN,IN,MOTOR,KEROS,392.74,11.0,1.0,1.0,11.0,0.028008
3706009,IN,IN,MEMBE,CERAM,27.34,11.0,1.0,1.0,11.0,0.402341
3701527,IN,IN,ELEC1,FABRI,130.07,11.0,1.0,1.0,11.0,0.08457
3698197,IN,IN,MOTOR,NAPHT,367.51,11.0,1.0,1.0,11.0,0.029931
3699329,IN,IN,BIOGA,PUBLI,75.42,11.0,1.0,1.0,11.0,0.14585
3695747,IN,IN,FORES,PREC1,6.2,11.0,1.0,1.0,11.0,1.774194
3705526,IN,IN,EDUCA,RETA1,44.49,11.0,1.0,1.0,11.0,0.247247
3695855,IN,IN,FISHF,BUSIN,13.47,11.0,1.0,1.0,11.0,0.81663
3703496,IN,IN,RETA1,PLAST,49.19,11.0,1.0,1.0,11.0,0.223623
3700940,IN,IN,RADIO,TRANS,99.67,11.0,1.0,1.0,11.0,0.110364
3703428,IN,IN,WHOLE,RESEA,53.37,11.0,1.0,1.0,11.0,0.206108
3698409,IN,IN,GASDI,NONME,392.44,11.0,1.0,1.0,11.0,0.02803
3696008,IN,IN,BITUM,MACHI,168.33,11.0,1.0,1.0,11.0,0.065348
3699458,IN,IN,RUBBE,COLLE,71.56,11.0,1.0,1.0,11.0,0.153717
3698418,IN,IN,GASDI,MACHI,386.78,11.0,1.0,1.0,11.0,0.02844
3703055,IN,IN,CONST,ELEC5,55.98,11.0,1.0,1.0,11.0,0.196499
3698465,IN,IN,REFIN,GASDI,200.79,11.0,1.0,1.0,11.0,0.054784
3694923,IN,IN,VEGET,SUGA1,21.42,11.0,1.0,1.0,11.0,0.513539
3698032,IN,IN,PRINT,WEARI,55.69,11.0,1.0,1.0,11.0,0.197522
3699911,IN,IN,BASIC,POSTT,117.05,11.0,1.0,1.0,11.0,0.093977
3699551,IN,IN,GLASS,FURNI,102.01,11.0,1.0,1.0,11.0,0.107833
3704265,IN,IN,AIRTR,MEMBE,96.65,11.0,1.0,1.0,11.0,0.113813
3701510,IN,IN,ELEC1,CHEM1,127.47,11.0,1.0,1.0,11.0,0.086295
3694760,IN,IN,WHEAT,RAWMI,21.12,11.0,1.0,1.0,11.0,0.520833
3700465,IN,IN,FABRI,TOBAC,84.51,11.0,1.0,1.0,11.0,0.130162
3700474,IN,IN,FABRI,MOTOR,84.89,11.0,1.0,1.0,11.0,0.129579
3699846,IN,IN,BASIC,PRINT,112.36,11.0,1.0,1.0,11.0,0.0979
3700206,IN,IN,COPP1,CHEM1,152.54,11.0,1.0,1.0,11.0,0.072112
3700629,IN,IN,MACHI,FOUND,80.22,11.0,1.0,1.0,11.0,0.137123
3697788,IN,IN,WOODW,HOTEL,52.14,11.0,1.0,1.0,11.0,0.21097
3699799,IN,IN,NONME,RADIO,95.41,11.0,1.0,1.0,11.0,0.115292
3698250,IN,IN,MOTOR,WHOLE,377.28,11.0,1.0,1.0,11.0,0.029156
3699013,IN,IN,NFERT,MOTOR,88.66,11.0,1.0,1.0,11.0,0.124069
3703639,IN,IN,HOTEL,CEMEN,39.59,11.0,1.0,1.0,11.0,0.277848
3697691,IN,IN,LEATH,PUBLI,75.9,11.0,1.0,1.0,11.0,0.144928
3703652,IN,IN,HOTEL,RADIO,38.4,11.0,1.0,1.0,11.0,0.286458
3703675,IN,IN,HOTEL,SALEM,39.93,11.0,1.0,1.0,11.0,0.275482
3706205,IN,IN,93197,BITUM,58.94,11.0,1.0,1.0,11.0,0.18663
3697725,IN,IN,WOODW,WEARI,50.24,11.0,1.0,1.0,11.0,0.218949
3701531,IN,IN,ELEC1,RADIO,128.97,11.0,1.0,1.0,11.0,0.085291
3702886,IN,IN,COLLE,CHEM1,120.13,11.0,1.0,1.0,11.0,0.091567
3703263,IN,IN,RETAI,FURNI,93.23,11.0,1.0,1.0,11.0,0.117988
3703753,IN,IN,RAILW,KEROS,201.05,11.0,1.0,1.0,11.0,0.054713
3705471,IN,IN,EDUCA,BITUM,45.31,11.0,1.0,1.0,11.0,0.242772
3695244,IN,IN,CROPS,WOODW,25.24,11.0,1.0,1.0,11.0,0.435816
3698346,IN,IN,GASDI,FISHF,383.15,11.0,1.0,1.0,11.0,0.028709
3700637,IN,IN,MACHI,TRANS,81.48,11.0,1.0,1.0,11.0,0.135002
3695710,IN,IN,FORES,FOOD5,6.49,11.0,1.0,1.0,11.0,1.694915
3704321,IN,IN,SUPPO,LIQUE,88.76,11.0,1.0,1.0,11.0,0.12393
3699231,IN,IN,CHEM1,SALEM,81.95,11.0,1.0,1.0,11.0,0.134228
3703529,IN,IN,RETA1,ELEC4,47.49,11.0,1.0,1.0,11.0,0.231628
3705936,IN,IN,WASTE,BUSIN,77.64,11.0,1.0,1.0,11.0,0.14168
3694822,IN,IN,CEREA,PADDY,42.0,11.0,1.0,1.0,11.0,0.261905
3698239,IN,IN,MOTOR,TRAN1,378.65,11.0,1.0,1.0,11.0,0.029051
3700231,IN,IN,COPP1,FURNI,158.49,11.0,1.0,1.0,11.0,0.069405
3694699,IN,IN,PADDY,WHEAT,40.74,11.0,1.0,1.0,11.0,0.270005
3694754,IN,IN,WHEAT,SUGAR,21.21,11.0,1.0,1.0,11.0,0.518623
3698419,IN,IN,GASDI,OFFIC,340.96,10.0,1.0,1.0,10.0,0.029329
3702780,IN,IN,DIST1,FABRI,80.03,10.0,1.0,1.0,10.0,0.124953
3702001,IN,IN,ELEC5,DISTR,117.07,10.0,1.0,1.0,10.0,0.085419
3697479,IN,IN,TEXTI,LANDT,55.28,10.0,1.0,1.0,10.0,0.180897
3697483,IN,IN,TEXTI,SUPPO,56.85,10.0,1.0,1.0,10.0,0.175901
3706171,IN,IN,RECRE,RETA1,41.49,10.0,1.0,1.0,10.0,0.241022
3704024,IN,IN,TRAN2,NONME,114.67,10.0,1.0,1.0,10.0,0.087207
3695154,IN,IN,PLANT,PAPER,13.36,10.0,1.0,1.0,10.0,0.748503
3704053,IN,IN,TRAN2,RETAI,115.91,10.0,1.0,1.0,10.0,0.086274
3703329,IN,IN,WHOLE,MEATC,45.73,10.0,1.0,1.0,10.0,0.218675
3697486,IN,IN,TEXTI,RENTI,55.67,10.0,1.0,1.0,10.0,0.17963
3699702,IN,IN,CEMEN,RUBBE,82.23,10.0,1.0,1.0,10.0,0.12161
3702335,IN,IN,TRAN1,WEARI,177.77,10.0,1.0,1.0,10.0,0.056252
3698570,IN,IN,LIQUE,TRAN1,365.41,10.0,1.0,1.0,10.0,0.027367
3703488,IN,IN,RETA1,LIQUE,43.52,10.0,1.0,1.0,10.0,0.229779
3703605,IN,IN,HOTEL,BEVER,35.94,10.0,1.0,1.0,10.0,0.278242
3704632,IN,IN,FINAN,ELEC4,136.83,10.0,1.0,1.0,10.0,0.073083
3705889,IN,IN,WASTE,FOUND,68.77,10.0,1.0,1.0,10.0,0.145412
3703689,IN,IN,HOTEL,INSUR,36.34,10.0,1.0,1.0,10.0,0.275179
3701319,IN,IN,FURNI,MACHI,90.0,10.0,1.0,1.0,10.0,0.111111
3703699,IN,IN,HOTEL,FOOD3,34.76,10.0,1.0,1.0,10.0,0.287687
3703700,IN,IN,HOTEL,WASTE,34.71,10.0,1.0,1.0,10.0,0.288101
3705804,IN,IN,FOOD3,EDUCA,65.63,10.0,1.0,1.0,10.0,0.152369
3705802,IN,IN,FOOD3,BUSIN,65.39,10.0,1.0,1.0,10.0,0.152929
3695697,IN,IN,FORES,BITUM,5.62,10.0,1.0,1.0,10.0,1.779359
3705934,IN,IN,WASTE,COMPU,68.68,10.0,1.0,1.0,10.0,0.145603
3703760,IN,IN,RAILW,NAPHT,188.11,10.0,1.0,1.0,10.0,0.05316
3699250,IN,IN,CHARC,COLLE,88.08,10.0,1.0,1.0,10.0,0.113533
3703510,IN,IN,RETA1,PREC1,45.55,10.0,1.0,1.0,10.0,0.219539
3703822,IN,IN,RAILW,PUBLI,187.7,10.0,1.0,1.0,10.0,0.053277
3702450,IN,IN,DISTR,PROCE,225.69,10.0,1.0,1.0,10.0,0.044309
3704572,IN,IN,FINAN,FOOD5,130.91,10.0,1.0,1.0,10.0,0.076388
3695410,IN,IN,PIGS9,CHEM1,11.1,10.0,1.0,1.0,10.0,0.900901
3706028,IN,IN,MEMBE,FURNI,26.38,10.0,1.0,1.0,10.0,0.379075
3698338,IN,IN,GASDI,WHEAT,346.55,10.0,1.0,1.0,10.0,0.028856
3701599,IN,IN,ELEC2,FISH5,154.17,10.0,1.0,1.0,10.0,0.064863
3697254,IN,IN,FISH5,PADDY,33.94,10.0,1.0,1.0,10.0,0.294638
3699472,IN,IN,RUBBE,REALE,62.5,10.0,1.0,1.0,10.0,0.16
3705252,IN,IN,COMPU,HEALT,89.43,10.0,1.0,1.0,10.0,0.111819
3699496,IN,IN,GLASS,FOOD5,94.01,10.0,1.0,1.0,10.0,0.106372
3703914,IN,IN,LANDT,MEDIC,86.03,10.0,1.0,1.0,10.0,0.116239
3705139,IN,IN,RENTI,FOUND,146.92,10.0,1.0,1.0,10.0,0.068064
3705749,IN,IN,FOOD3,BASIC,70.01,10.0,1.0,1.0,10.0,0.142837
3701355,IN,IN,FURNI,FINAN,95.87,10.0,1.0,1.0,10.0,0.104308
3703933,IN,IN,LANDT,DIST1,86.48,10.0,1.0,1.0,10.0,0.115634
3695127,IN,IN,SUGAR,BUSIN,226.89,10.0,1.0,1.0,10.0,0.044074
3706233,IN,IN,93197,PAPER,52.05,10.0,1.0,1.0,10.0,0.192123
3700140,IN,IN,LEAD1,LEAD1,119.42,10.0,1.0,1.0,10.0,0.083738
3697876,IN,IN,PAPER,WHEAT,31.67,10.0,1.0,1.0,10.0,0.315756
3694897,IN,IN,CEREA,BUSIN,36.31,10.0,1.0,1.0,10.0,0.275406
3704487,IN,IN,POSTT,ELEC1,97.72,10.0,1.0,1.0,10.0,0.102333
3696951,IN,IN,PROCE,FOOD5,60.72,10.0,1.0,1.0,10.0,0.16469
3694887,IN,IN,CEREA,ELEC7,39.3,10.0,1.0,1.0,10.0,0.254453
3696114,IN,IN,CRUDE,NONSP,178.85,10.0,1.0,1.0,10.0,0.055913
3703004,IN,IN,CONST,PRINT,51.5,10.0,1.0,1.0,10.0,0.194175
3706388,IN,IN,PRIVA,PFERT,17.3,10.0,1.0,1.0,10.0,0.578035
3702827,IN,IN,DIST1,93197,87.18,10.0,1.0,1.0,10.0,0.114705
3702973,IN,IN,CONST,BITUM,52.68,10.0,1.0,1.0,10.0,0.189825
3702959,IN,IN,CONST,WHEAT,52.72,10.0,1.0,1.0,10.0,0.189681
3702957,IN,IN,COLLE,93197,108.22,10.0,1.0,1.0,10.0,0.092404
3696165,IN,IN,NATUR,PFERT,186.63,10.0,1.0,1.0,10.0,0.053582
3702949,IN,IN,COLLE,BUSIN,106.37,10.0,1.0,1.0,10.0,0.094011
3694831,IN,IN,CEREA,MEATA,37.19,10.0,1.0,1.0,10.0,0.268889
3704309,IN,IN,SUPPO,WOODW,85.27,10.0,1.0,1.0,10.0,0.117275
3700064,IN,IN,ALUM1,RADIO,106.46,10.0,1.0,1.0,10.0,0.093932
3704313,IN,IN,SUPPO,COKEO,81.73,10.0,1.0,1.0,10.0,0.122354
3702383,IN,IN,TRAN1,MOTO1,187.18,10.0,1.0,1.0,10.0,0.053425
3696864,IN,IN,DAIRY,FISH5,180.48,10.0,1.0,1.0,10.0,0.055408
3704460,IN,IN,POSTT,CHEM1,99.49,10.0,1.0,1.0,10.0,0.100513
3702364,IN,IN,TRAN1,RUBBE,179.92,10.0,1.0,1.0,10.0,0.05558
3702940,IN,IN,COLLE,SUPPO,111.35,10.0,1.0,1.0,10.0,0.089807
3702933,IN,IN,COLLE,RETA1,107.55,10.0,1.0,1.0,10.0,0.09298
3700387,IN,IN,FOUND,LEAD1,72.54,10.0,1.0,1.0,10.0,0.137855
3704391,IN,IN,SUPPO,REALE,84.49,10.0,1.0,1.0,10.0,0.118357
3705389,IN,IN,BUSIN,SALEM,75.74,10.0,1.0,1.0,10.0,0.132031
3697724,IN,IN,WOODW,TEXTI,44.61,10.0,1.0,1.0,10.0,0.224165
3704401,IN,IN,SUPPO,MEMBE,81.6,10.0,1.0,1.0,10.0,0.122549
3700973,IN,IN,RADIO,REALE,87.44,10.0,1.0,1.0,10.0,0.114364
3704434,IN,IN,POSTT,TEXTI,94.2,10.0,1.0,1.0,10.0,0.106157
3700433,IN,IN,FABRI,WHEAT,78.48,10.0,1.0,1.0,10.0,0.127421
3703604,IN,IN,HOTEL,FOOD5,36.03,10.0,1.0,1.0,10.0,0.277546
3704787,IN,IN,INSUR,COMPU,171.97,10.0,1.0,1.0,10.0,0.05815
3705605,IN,IN,HEALT,PLAST,71.29,10.0,1.0,1.0,10.0,0.140272
3695092,IN,IN,SUGAR,CHEM1,222.43,10.0,1.0,1.0,10.0,0.044958
3698247,IN,IN,MOTOR,CONST,365.8,10.0,1.0,1.0,10.0,0.027337
3702544,IN,IN,DISTR,MEMBE,215.19,10.0,1.0,1.0,10.0,0.046471
3704794,IN,IN,INSUR,MEMBE,171.01,10.0,1.0,1.0,10.0,0.058476
3706287,IN,IN,93197,ELEC8,48.92,10.0,1.0,1.0,10.0,0.204415
3698109,IN,IN,PRINT,INSUR,51.86,10.0,1.0,1.0,10.0,0.192827
3699088,IN,IN,PFERT,LUBRI,84.69,10.0,1.0,1.0,10.0,0.118078
3704537,IN,IN,FINAN,OILSE,128.97,10.0,1.0,1.0,10.0,0.077537
3700491,IN,IN,FABRI,PFERT,79.88,10.0,1.0,1.0,10.0,0.125188
3704818,IN,IN,AUXIL,CRUDE,145.81,10.0,1.0,1.0,10.0,0.068582
3700061,IN,IN,ALUM1,MACHI,104.11,10.0,1.0,1.0,10.0,0.096052
3699868,IN,IN,BASIC,CERAM,107.13,10.0,1.0,1.0,10.0,0.093345
3704171,IN,IN,AIRTR,BEVER,82.66,10.0,1.0,1.0,10.0,0.120977
3706254,IN,IN,93197,CHEM1,50.13,10.0,1.0,1.0,10.0,0.199481
3704242,IN,IN,AIRTR,RETA1,84.73,10.0,1.0,1.0,10.0,0.118022
3699186,IN,IN,CHEM1,LIQUE,65.07,9.0,1.0,1.0,9.0,0.138313
3703198,IN,IN,SALEM,WASTE,38.62,9.0,1.0,1.0,9.0,0.23304
3705918,IN,IN,WASTE,WHOLE,62.37,9.0,1.0,1.0,9.0,0.1443
3702936,IN,IN,COLLE,LANDT,92.53,9.0,1.0,1.0,9.0,0.097266
3702761,IN,IN,DIST1,NFERT,72.18,9.0,1.0,1.0,9.0,0.124688
3696761,IN,IN,VEGE1,PIGS9,36.0,9.0,1.0,1.0,9.0,0.25
3703197,IN,IN,SALEM,FOOD3,38.67,9.0,1.0,1.0,9.0,0.232739
3702783,IN,IN,DIST1,ELECT,74.0,9.0,1.0,1.0,9.0,0.121622
3704872,IN,IN,AUXIL,CEMEN,127.52,9.0,1.0,1.0,9.0,0.070577
3702922,IN,IN,COLLE,DISTR,94.87,9.0,1.0,1.0,9.0,0.094867
3696824,IN,IN,VEGE1,WHOLE,37.54,9.0,1.0,1.0,9.0,0.239744
3700316,IN,IN,NONF1,ELEC3,62.38,9.0,1.0,1.0,9.0,0.144277
3699146,IN,IN,CHEM1,FISHF,67.32,9.0,1.0,1.0,9.0,0.13369
3700321,IN,IN,NONF1,TRAN1,59.75,9.0,1.0,1.0,9.0,0.150628
3697667,IN,IN,LEATH,OFFIC,64.74,9.0,1.0,1.0,9.0,0.139018
3702334,IN,IN,TRAN1,TEXTI,170.35,9.0,1.0,1.0,9.0,0.052832
3703573,IN,IN,HOTEL,WHEAT,30.9,9.0,1.0,1.0,9.0,0.291262
3705885,IN,IN,WASTE,ALUM1,63.48,9.0,1.0,1.0,9.0,0.141777
3700353,IN,IN,FOUND,PAPER,69.16,9.0,1.0,1.0,9.0,0.130133
3699795,IN,IN,NONME,FABRI,85.43,9.0,1.0,1.0,9.0,0.105349
3699173,IN,IN,CHEM1,LEATH,65.05,9.0,1.0,1.0,9.0,0.138355
3702947,IN,IN,COLLE,COMPU,102.18,9.0,1.0,1.0,9.0,0.08808
3704930,IN,IN,AUXIL,EDUCA,131.76,9.0,1.0,1.0,9.0,0.068306
3702992,IN,IN,CONST,PROCE,44.34,9.0,1.0,1.0,9.0,0.202977
3699550,IN,IN,GLASS,TRANS,84.3,9.0,1.0,1.0,9.0,0.106762
3699536,IN,IN,GLASS,BASIC,84.05,9.0,1.0,1.0,9.0,0.107079
3703380,IN,IN,WHOLE,LEAD1,40.86,9.0,1.0,1.0,9.0,0.220264
3704844,IN,IN,AUXIL,PRINT,126.88,9.0,1.0,1.0,9.0,0.070933
3703400,IN,IN,WHOLE,ELEC8,43.65,9.0,1.0,1.0,9.0,0.206186
3699483,IN,IN,RUBBE,RECRE,56.48,9.0,1.0,1.0,9.0,0.159348
3700472,IN,IN,FABRI,PRINT,69.62,9.0,1.0,1.0,9.0,0.129273
3703006,IN,IN,CONST,MOTOR,47.55,9.0,1.0,1.0,9.0,0.189274
3704832,IN,IN,AUXIL,PROCE,130.7,9.0,1.0,1.0,9.0,0.06886
3702302,IN,IN,TRAN1,PADDY,167.43,9.0,1.0,1.0,9.0,0.053754
3703003,IN,IN,CONST,PAPER,43.87,9.0,1.0,1.0,9.0,0.205152
3703227,IN,IN,RETAI,TEXTI,72.61,9.0,1.0,1.0,9.0,0.12395
3703158,IN,IN,SALEM,NONME,38.55,9.0,1.0,1.0,9.0,0.233463
3699243,IN,IN,CHEM1,FOOD3,65.19,9.0,1.0,1.0,9.0,0.138058
3706007,IN,IN,MEMBE,RUBBE,22.16,9.0,1.0,1.0,9.0,0.406137
3702956,IN,IN,COLLE,RECRE,94.64,9.0,1.0,1.0,9.0,0.095097
3705092,IN,IN,RENTI,PROCE,138.95,9.0,1.0,1.0,9.0,0.064772
3702955,IN,IN,COLLE,MEMBE,96.46,9.0,1.0,1.0,9.0,0.093303
3699874,IN,IN,BASIC,ALUM1,97.81,9.0,1.0,1.0,9.0,0.092015
3699283,IN,IN,BIOGA,GASDI,64.98,9.0,1.0,1.0,9.0,0.138504
3705035,IN,IN,REALE,RETA1,436.22,9.0,1.0,1.0,9.0,0.020632
3706258,IN,IN,93197,RUBBE,44.73,9.0,1.0,1.0,9.0,0.201207
3703314,IN,IN,WHOLE,WOOLS,43.62,9.0,1.0,1.0,9.0,0.206327
3699246,IN,IN,CHEM1,RECRE,69.6,9.0,1.0,1.0,9.0,0.12931
3699546,IN,IN,GLASS,ELECT,83.36,9.0,1.0,1.0,9.0,0.107965
3699244,IN,IN,CHEM1,WASTE,65.11,9.0,1.0,1.0,9.0,0.138228
3699794,IN,IN,NONME,FOUND,78.74,9.0,1.0,1.0,9.0,0.1143
3699116,IN,IN,PFERT,TRANS,71.36,9.0,1.0,1.0,9.0,0.126121
3704532,IN,IN,POSTT,93197,86.16,9.0,1.0,1.0,9.0,0.104457
3705591,IN,IN,HEALT,PRINT,63.48,9.0,1.0,1.0,9.0,0.141777
3701347,IN,IN,FURNI,RAILW,83.52,9.0,1.0,1.0,9.0,0.107759
3697945,IN,IN,PAPER,FOUND,30.43,9.0,1.0,1.0,9.0,0.295761
3705538,IN,IN,EDUCA,RENTI,34.75,9.0,1.0,1.0,9.0,0.258993
3703787,IN,IN,RAILW,MACHI,177.09,9.0,1.0,1.0,9.0,0.050822
3696130,IN,IN,NATUR,NATUR,161.53,9.0,1.0,1.0,9.0,0.055717
3704284,IN,IN,SUPPO,FISHF,77.65,9.0,1.0,1.0,9.0,0.115905
3705237,IN,IN,COMPU,RAILW,81.1,9.0,1.0,1.0,9.0,0.110974
3695750,IN,IN,FORES,COPP1,5.25,9.0,1.0,1.0,9.0,1.714286
3695758,IN,IN,FORES,MEDIC,5.04,9.0,1.0,1.0,9.0,1.785714
3695782,IN,IN,FORES,FOOD3,5.37,9.0,1.0,1.0,9.0,1.675978
3695783,IN,IN,FORES,WASTE,5.36,9.0,1.0,1.0,9.0,1.679104
3698636,IN,IN,NAPHT,PLAST,312.39,9.0,1.0,1.0,9.0,0.02881
3697874,IN,IN,PULP5,MEMBE,26.8,9.0,1.0,1.0,9.0,0.335821
3703899,IN,IN,LANDT,BRICK,82.41,9.0,1.0,1.0,9.0,0.10921
3705604,IN,IN,HEALT,NUCLE,60.93,9.0,1.0,1.0,9.0,0.14771
3705255,IN,IN,COMPU,MEMBE,82.43,9.0,1.0,1.0,9.0,0.109184
3705607,IN,IN,HEALT,PFERT,62.68,9.0,1.0,1.0,9.0,0.143586
3698123,IN,IN,PRINT,93197,49.02,9.0,1.0,1.0,9.0,0.183599
3701358,IN,IN,FURNI,REALE,81.33,9.0,1.0,1.0,9.0,0.11066
3695866,IN,IN,COKIN,BITUM,143.36,9.0,1.0,1.0,9.0,0.062779
3701573,IN,IN,ELEC1,RECRE,112.97,9.0,1.0,1.0,9.0,0.079667
3704038,IN,IN,TRAN2,MOTO1,111.33,9.0,1.0,1.0,9.0,0.080841
3705635,IN,IN,HEALT,ELEC1,60.84,9.0,1.0,1.0,9.0,0.147929
3705649,IN,IN,HEALT,COLLE,60.91,9.0,1.0,1.0,9.0,0.147759
3705532,IN,IN,EDUCA,SUPPO,37.76,9.0,1.0,1.0,9.0,0.238347
3700933,IN,IN,RADIO,FABRI,82.35,9.0,1.0,1.0,9.0,0.10929
3699001,IN,IN,NFERT,WHEAT,74.28,9.0,1.0,1.0,9.0,0.121163
3700961,IN,IN,RADIO,HOTEL,78.41,9.0,1.0,1.0,9.0,0.114781
3695638,IN,IN,RAWMI,PUBLI,181.98,9.0,1.0,1.0,9.0,0.049456
3702749,IN,IN,DIST1,GASDI,73.0,9.0,1.0,1.0,9.0,0.123288
3697822,IN,IN,PULP5,WOODW,27.59,9.0,1.0,1.0,9.0,0.326205
3701460,IN,IN,ELEC1,BITUM,104.76,9.0,1.0,1.0,9.0,0.085911
3704591,IN,IN,FINAN,LIQUE,116.01,9.0,1.0,1.0,9.0,0.07758
3704435,IN,IN,POSTT,WEARI,93.02,9.0,1.0,1.0,9.0,0.096753
3702743,IN,IN,DIST1,PRINT,74.58,9.0,1.0,1.0,9.0,0.120676
3696043,IN,IN,BITUM,PUBLI,119.63,8.0,1.0,1.0,8.0,0.066873
3705613,IN,IN,HEALT,GLASS,53.59,8.0,1.0,1.0,8.0,0.149282
3703166,IN,IN,SALEM,FABRI,33.52,8.0,1.0,1.0,8.0,0.238663
3698150,IN,IN,COKEO,RENTI,72.16,8.0,1.0,1.0,8.0,0.110865
3706272,IN,IN,93197,MACHI,43.19,8.0,1.0,1.0,8.0,0.185228
3704367,IN,IN,SUPPO,DISTR,65.44,8.0,1.0,1.0,8.0,0.122249
3698062,IN,IN,PRINT,NONME,43.31,8.0,1.0,1.0,8.0,0.184715
3702911,IN,IN,COLLE,FURNI,83.41,8.0,1.0,1.0,8.0,0.095912
3705627,IN,IN,HEALT,OFFIC,56.52,8.0,1.0,1.0,8.0,0.141543
3704518,IN,IN,POSTT,INSUR,76.59,8.0,1.0,1.0,8.0,0.104452
3700468,IN,IN,FABRI,LEATH,63.25,8.0,1.0,1.0,8.0,0.126482
3705453,IN,IN,PUBLI,BUSIN,85.29,8.0,1.0,1.0,8.0,0.093798
3697885,IN,IN,PAPER,BITUM,25.55,8.0,1.0,1.0,8.0,0.313112
3702546,IN,IN,DISTR,93197,180.12,8.0,1.0,1.0,8.0,0.044415
3700317,IN,IN,NONF1,ELEC4,51.23,8.0,1.0,1.0,8.0,0.156159
3697690,IN,IN,LEATH,RENTI,55.67,8.0,1.0,1.0,8.0,0.143704
3695989,IN,IN,BITUM,PFERT,129.7,8.0,1.0,1.0,8.0,0.061681
3704173,IN,IN,AIRTR,TOBAC,72.33,8.0,1.0,1.0,8.0,0.110604
3704785,IN,IN,INSUR,REALE,142.82,8.0,1.0,1.0,8.0,0.056015
3701229,IN,IN,TRANS,RENTI,56.12,8.0,1.0,1.0,8.0,0.142552
3705103,IN,IN,RENTI,PAPER,129.57,8.0,1.0,1.0,8.0,0.061743
3699081,IN,IN,PFERT,KERO1,63.57,8.0,1.0,1.0,8.0,0.125846
3700862,IN,IN,ELECT,POSTT,74.13,8.0,1.0,1.0,8.0,0.107919
3702793,IN,IN,DIST1,ELEC4,62.96,8.0,1.0,1.0,8.0,0.127065
3701534,IN,IN,ELEC1,TRANS,100.36,8.0,1.0,1.0,8.0,0.079713
3695971,IN,IN,BITUM,WOODW,120.84,8.0,1.0,1.0,8.0,0.066203
3695948,IN,IN,BITUM,COKIN,128.22,8.0,1.0,1.0,8.0,0.062393
3697487,IN,IN,TEXTI,COMPU,44.17,8.0,1.0,1.0,8.0,0.181118
3704790,IN,IN,INSUR,EDUCA,133.58,8.0,1.0,1.0,8.0,0.059889
3706312,IN,IN,93197,REALE,39.85,8.0,1.0,1.0,8.0,0.200753
3700389,IN,IN,FOUND,NONF1,59.56,8.0,1.0,1.0,8.0,0.134318
3701499,IN,IN,ELEC1,LIQUE,98.07,8.0,1.0,1.0,8.0,0.081574
3705034,IN,IN,REALE,WHOLE,354.12,8.0,1.0,1.0,8.0,0.022591
3697604,IN,IN,WEARI,RENTI,55.67,8.0,1.0,1.0,8.0,0.143704
3700959,IN,IN,RADIO,WHOLE,71.32,8.0,1.0,1.0,8.0,0.11217
3702378,IN,IN,TRAN1,MACHI,146.41,8.0,1.0,1.0,8.0,0.054641
3697950,IN,IN,PAPER,RADIO,25.16,8.0,1.0,1.0,8.0,0.317965
3697965,IN,IN,PAPER,DISTR,26.62,8.0,1.0,1.0,8.0,0.300526
3697599,IN,IN,WEARI,POSTT,52.28,8.0,1.0,1.0,8.0,0.153022
3704337,IN,IN,SUPPO,GLASS,65.23,8.0,1.0,1.0,8.0,0.122643
3701490,IN,IN,ELEC1,PRINT,101.46,8.0,1.0,1.0,8.0,0.078849
3704464,IN,IN,POSTT,RUBBE,81.83,8.0,1.0,1.0,8.0,0.097764
3705562,IN,IN,HEALT,RAWMI,52.09,8.0,1.0,1.0,8.0,0.15358
3697987,IN,IN,PAPER,INSUR,24.76,8.0,1.0,1.0,8.0,0.323102
3704889,IN,IN,AUXIL,FURNI,112.94,8.0,1.0,1.0,8.0,0.070834
3704344,IN,IN,SUPPO,ALUM1,65.91,8.0,1.0,1.0,8.0,0.121378
3701885,IN,IN,ELEC4,TRAN1,91.76,8.0,1.0,1.0,8.0,0.087184
3704935,IN,IN,AUXIL,RECRE,116.86,8.0,1.0,1.0,8.0,0.068458
3705031,IN,IN,REALE,CONST,369.03,8.0,1.0,1.0,8.0,0.021678
3703035,IN,IN,CONST,PREC1,39.74,8.0,1.0,1.0,8.0,0.201309
3705583,IN,IN,HEALT,FISH5,57.61,8.0,1.0,1.0,8.0,0.138865
3700530,IN,IN,FABRI,SALEM,63.86,8.0,1.0,1.0,8.0,0.125274
3702328,IN,IN,TRAN1,PROCE,151.98,8.0,1.0,1.0,8.0,0.052639
3704502,IN,IN,POSTT,COLLE,79.58,8.0,1.0,1.0,8.0,0.100528
3704880,IN,IN,AUXIL,FOUND,117.2,8.0,1.0,1.0,8.0,0.068259
3705336,IN,IN,BUSIN,LIQUE,59.49,8.0,1.0,1.0,8.0,0.134476
3704266,IN,IN,AIRTR,RECRE,69.42,8.0,1.0,1.0,8.0,0.115241
3694946,IN,IN,VEGET,PFERT,14.5,8.0,1.0,1.0,8.0,0.551724
3704868,IN,IN,AUXIL,RUBBE,115.26,8.0,1.0,1.0,8.0,0.069408
3706329,IN,IN,PRIVA,VEGET,13.75,8.0,1.0,1.0,8.0,0.581818
3706327,IN,IN,PRIVA,WHEAT,13.19,8.0,1.0,1.0,8.0,0.60652
3703114,IN,IN,SALEM,NATUR,34.68,8.0,1.0,1.0,8.0,0.230681
3703257,IN,IN,RETAI,OFFIC,65.78,8.0,1.0,1.0,8.0,0.121618
3699062,IN,IN,PFERT,CEREA,63.68,8.0,1.0,1.0,8.0,0.125628
3697666,IN,IN,LEATH,MACHI,56.99,8.0,1.0,1.0,8.0,0.140376
3698913,IN,IN,NUCLE,RENTI,72.16,8.0,1.0,1.0,8.0,0.110865
3703923,IN,IN,LANDT,ELEC5,68.64,8.0,1.0,1.0,8.0,0.11655
3701022,IN,IN,MEDIC,NONME,58.17,8.0,1.0,1.0,8.0,0.137528
3705751,IN,IN,FOOD3,ALUM1,53.41,8.0,1.0,1.0,8.0,0.149785
3705800,IN,IN,FOOD3,COMPU,57.6,8.0,1.0,1.0,8.0,0.138889
3698863,IN,IN,NONSP,MOTOR,285.05,8.0,1.0,1.0,8.0,0.028065
3705755,IN,IN,FOOD3,FOUND,56.58,8.0,1.0,1.0,8.0,0.141393
3695307,IN,IN,CROPS,MEMBE,18.97,8.0,1.0,1.0,8.0,0.421719
3703905,IN,IN,LANDT,LEAD1,67.94,8.0,1.0,1.0,8.0,0.117751
3698837,IN,IN,PETRO,NONME,148.29,8.0,1.0,1.0,8.0,0.053948
3698836,IN,IN,PETRO,CEMEN,148.38,8.0,1.0,1.0,8.0,0.053916
3699256,IN,IN,BIOGA,BITUM,53.5,8.0,1.0,1.0,8.0,0.149533
3699446,IN,IN,RUBBE,MEDIC,55.33,8.0,1.0,1.0,8.0,0.144587
3698666,IN,IN,NAPHT,ELEC4,284.16,8.0,1.0,1.0,8.0,0.028153
3699435,IN,IN,RUBBE,PREC1,50.41,8.0,1.0,1.0,8.0,0.158699
3703786,IN,IN,RAILW,FABRI,153.96,8.0,1.0,1.0,8.0,0.051962
3695775,IN,IN,FORES,POSTT,4.62,8.0,1.0,1.0,8.0,1.731602
3695734,IN,IN,FORES,NFERT,4.83,8.0,1.0,1.0,8.0,1.656315
3703818,IN,IN,RAILW,RENTI,141.72,8.0,1.0,1.0,8.0,0.056449
3703841,IN,IN,LANDT,MEATA,66.51,8.0,1.0,1.0,8.0,0.120283
3701713,IN,IN,ELEC3,FISH5,86.43,8.0,1.0,1.0,8.0,0.09256
3695439,IN,IN,PIGS9,WASTE,9.34,8.0,1.0,1.0,8.0,0.856531
3702768,IN,IN,DIST1,GLASS,64.85,8.0,1.0,1.0,8.0,0.123362
3700570,IN,IN,MACHI,CRUDE,63.52,8.0,1.0,1.0,8.0,0.125945
3703374,IN,IN,WHOLE,BRICK,38.76,8.0,1.0,1.0,8.0,0.206398
3699198,IN,IN,CHEM1,CHARC,57.77,8.0,1.0,1.0,8.0,0.13848
3695438,IN,IN,PIGS9,FOOD3,9.35,8.0,1.0,1.0,8.0,0.855615
3701793,IN,IN,ELEC3,PUBLI,93.26,8.0,1.0,1.0,8.0,0.085782
3694759,IN,IN,WHEAT,ANIMA,16.16,8.0,1.0,1.0,8.0,0.49505
3696638,IN,IN,MEATP,RETA1,12.62,8.0,1.0,1.0,8.0,0.633914
3703321,IN,IN,WHOLE,CRUDE,38.74,8.0,1.0,1.0,8.0,0.206505
3701047,IN,IN,MEDIC,RENTI,60.5,8.0,1.0,1.0,8.0,0.132231
3700550,IN,IN,FABRI,93197,63.36,8.0,1.0,1.0,8.0,0.126263
3698410,IN,IN,GASDI,BASIC,268.8,8.0,1.0,1.0,8.0,0.029762
3702490,IN,IN,DISTR,CEMEN,167.13,8.0,1.0,1.0,8.0,0.047867
3704622,IN,IN,FINAN,ELECT,105.26,8.0,1.0,1.0,8.0,0.076002
3695216,IN,IN,CROPS,PIGS9,17.53,8.0,1.0,1.0,8.0,0.456361
3701656,IN,IN,ELEC2,DISTR,120.04,8.0,1.0,1.0,8.0,0.066644
3704618,IN,IN,FINAN,FOUND,107.36,8.0,1.0,1.0,8.0,0.074516
3702760,IN,IN,DIST1,PLAST,64.26,8.0,1.0,1.0,8.0,0.124494
3696547,IN,IN,MEATC,BEVER,47.74,8.0,1.0,1.0,8.0,0.167574
3702872,IN,IN,COLLE,GASDI,78.22,7.0,1.0,1.0,7.0,0.089491
3702971,IN,IN,CONST,FORES,33.15,7.0,1.0,1.0,7.0,0.211161
3703513,IN,IN,RETA1,COPP1,31.25,7.0,1.0,1.0,7.0,0.224
3700974,IN,IN,RADIO,RENTI,60.5,7.0,1.0,1.0,7.0,0.115702
3702829,IN,IN,COLLE,WHEAT,71.78,7.0,1.0,1.0,7.0,0.09752
3700354,IN,IN,FOUND,PRINT,54.96,7.0,1.0,1.0,7.0,0.127365
3702501,IN,IN,DISTR,OFFIC,146.36,7.0,1.0,1.0,7.0,0.047827
3697956,IN,IN,PAPER,ELEC1,22.94,7.0,1.0,1.0,7.0,0.305144
3704398,IN,IN,SUPPO,HEALT,54.85,7.0,1.0,1.0,7.0,0.127621
3700143,IN,IN,LEAD1,FOUND,84.55,7.0,1.0,1.0,7.0,0.082791
3702965,IN,IN,CONST,CROPS,36.31,7.0,1.0,1.0,7.0,0.192784
3699092,IN,IN,PFERT,NONSP,55.08,7.0,1.0,1.0,7.0,0.127088
3703483,IN,IN,RETA1,KEROS,30.12,7.0,1.0,1.0,7.0,0.232404
3699051,IN,IN,NFERT,CONST,58.89,7.0,1.0,1.0,7.0,0.118866
3703501,IN,IN,RETA1,BIOGA,32.31,7.0,1.0,1.0,7.0,0.216651
3699171,IN,IN,CHEM1,TEXTI,55.25,7.0,1.0,1.0,7.0,0.126697
3699259,IN,IN,BIOGA,CRUDE,47.37,7.0,1.0,1.0,7.0,0.147773
3700638,IN,IN,MACHI,FURNI,50.39,7.0,1.0,1.0,7.0,0.138916
3701204,IN,IN,TRANS,MACHI,47.73,7.0,1.0,1.0,7.0,0.146658
3704352,IN,IN,SUPPO,ELECT,55.64,7.0,1.0,1.0,7.0,0.125809
3700630,IN,IN,MACHI,FABRI,56.17,7.0,1.0,1.0,7.0,0.124622
3697824,IN,IN,PULP5,PRINT,18.93,7.0,1.0,1.0,7.0,0.369783
3699181,IN,IN,CHEM1,KEROS,49.36,7.0,1.0,1.0,7.0,0.141815
3700633,IN,IN,MACHI,ELECT,56.52,7.0,1.0,1.0,7.0,0.12385
3703722,IN,IN,RAILW,BITUM,133.35,7.0,1.0,1.0,7.0,0.052493
3702399,IN,IN,TRAN1,HOTEL,139.86,7.0,1.0,1.0,7.0,0.05005
3699218,IN,IN,CHEM1,RADIO,52.2,7.0,1.0,1.0,7.0,0.1341
3697756,IN,IN,WOODW,CERAM,30.99,7.0,1.0,1.0,7.0,0.225879
3699020,IN,IN,NFERT,LIQUE,56.05,7.0,1.0,1.0,7.0,0.124888
3704323,IN,IN,SUPPO,NAPHT,55.01,7.0,1.0,1.0,7.0,0.12725
3704316,IN,IN,SUPPO,KEROS,58.9,7.0,1.0,1.0,7.0,0.118846
3696832,IN,IN,VEGE1,PUBLI,29.71,7.0,1.0,1.0,7.0,0.235611
3697774,IN,IN,WOODW,TRANS,31.0,7.0,1.0,1.0,7.0,0.225806
3697878,IN,IN,PAPER,VEGET,22.3,7.0,1.0,1.0,7.0,0.313901
3697930,IN,IN,PAPER,CHARC,24.04,7.0,1.0,1.0,7.0,0.291181
3703768,IN,IN,RAILW,PFERT,123.74,7.0,1.0,1.0,7.0,0.05657
3698834,IN,IN,PETRO,CERAM,123.37,7.0,1.0,1.0,7.0,0.05674
3700805,IN,IN,ELECT,PFERT,69.9,7.0,1.0,1.0,7.0,0.100143
3703840,IN,IN,LANDT,POULT,58.83,7.0,1.0,1.0,7.0,0.118987
3699845,IN,IN,BASIC,PAPER,69.34,7.0,1.0,1.0,7.0,0.100952
3703920,IN,IN,LANDT,ELEC2,58.02,7.0,1.0,1.0,7.0,0.120648
3698114,IN,IN,PRINT,RESEA,35.52,7.0,1.0,1.0,7.0,0.197072
3700481,IN,IN,FABRI,LIQUE,52.47,7.0,1.0,1.0,7.0,0.13341
3702411,IN,IN,TRAN1,REALE,140.1,7.0,1.0,1.0,7.0,0.049964
3699568,IN,IN,GLASS,HEALT,66.0,7.0,1.0,1.0,7.0,0.106061
3698571,IN,IN,LIQUE,DISTR,254.74,7.0,1.0,1.0,7.0,0.027479
3700489,IN,IN,FABRI,PLAST,55.78,7.0,1.0,1.0,7.0,0.125493
3704789,IN,IN,INSUR,BUSIN,123.17,7.0,1.0,1.0,7.0,0.056832
3704040,IN,IN,TRAN2,FURNI,85.5,7.0,1.0,1.0,7.0,0.081871
3703190,IN,IN,SALEM,AUXIL,28.88,7.0,1.0,1.0,7.0,0.242382
3703330,IN,IN,WHOLE,MEATP,33.33,7.0,1.0,1.0,7.0,0.210021
3698240,IN,IN,MOTOR,DISTR,237.93,7.0,1.0,1.0,7.0,0.02942
3697416,IN,IN,TEXTI,PAPER,37.93,7.0,1.0,1.0,7.0,0.18455
3704535,IN,IN,FINAN,CEREA,99.16,7.0,1.0,1.0,7.0,0.070593
3704549,IN,IN,FINAN,FISHF,91.33,7.0,1.0,1.0,7.0,0.076645
3703302,IN,IN,WHOLE,CEREA,33.64,7.0,1.0,1.0,7.0,0.208086
3700547,IN,IN,FABRI,WASTE,55.76,7.0,1.0,1.0,7.0,0.125538
3698345,IN,IN,GASDI,FORES,232.4,7.0,1.0,1.0,7.0,0.03012
3700546,IN,IN,FABRI,FOOD3,55.84,7.0,1.0,1.0,7.0,0.125358
3703246,IN,IN,RETAI,CEMEN,59.52,7.0,1.0,1.0,7.0,0.117608
3703273,IN,IN,RETAI,COLLE,58.9,7.0,1.0,1.0,7.0,0.118846
3704539,IN,IN,FINAN,PLANT,96.71,7.0,1.0,1.0,7.0,0.072381
3697480,IN,IN,TEXTI,TRAN2,36.36,7.0,1.0,1.0,7.0,0.192519
3702491,IN,IN,DISTR,NONME,146.04,7.0,1.0,1.0,7.0,0.047932
3702800,IN,IN,DIST1,COLLE,60.69,7.0,1.0,1.0,7.0,0.11534
3699535,IN,IN,GLASS,NONME,64.81,7.0,1.0,1.0,7.0,0.108008
3697572,IN,IN,WEARI,FURNI,43.66,7.0,1.0,1.0,7.0,0.16033
3704863,IN,IN,AUXIL,PFERT,99.77,7.0,1.0,1.0,7.0,0.070161
3703038,IN,IN,CONST,COPP1,37.49,7.0,1.0,1.0,7.0,0.186716
3703048,IN,IN,CONST,TRANS,38.0,7.0,1.0,1.0,7.0,0.184211
3697276,IN,IN,FISH5,FISH5,24.37,7.0,1.0,1.0,7.0,0.287238
3697408,IN,IN,TEXTI,BEVER,38.82,7.0,1.0,1.0,7.0,0.180319
3698031,IN,IN,PRINT,TEXTI,36.77,7.0,1.0,1.0,7.0,0.190373
3698368,IN,IN,GASDI,PROCE,248.1,7.0,1.0,1.0,7.0,0.028214
3703067,IN,IN,CONST,SALEM,35.08,7.0,1.0,1.0,7.0,0.199544
3699406,IN,IN,RUBBE,MOTOR,46.93,7.0,1.0,1.0,7.0,0.149158
3699425,IN,IN,RUBBE,CHARC,44.46,7.0,1.0,1.0,7.0,0.157445
3699438,IN,IN,RUBBE,COPP1,47.39,7.0,1.0,1.0,7.0,0.14771
3703082,IN,IN,CONST,AUXIL,37.18,7.0,1.0,1.0,7.0,0.188273
3702771,IN,IN,DIST1,CEMEN,55.38,7.0,1.0,1.0,7.0,0.126399
3699918,IN,IN,BASIC,FOOD3,71.39,7.0,1.0,1.0,7.0,0.098053
3699457,IN,IN,RUBBE,DIST1,47.27,7.0,1.0,1.0,7.0,0.148085
3702401,IN,IN,TRAN1,LANDT,124.68,7.0,1.0,1.0,7.0,0.056144
3698661,IN,IN,NAPHT,TRANS,238.74,7.0,1.0,1.0,7.0,0.029321
3703124,IN,IN,SALEM,BEVER,28.36,7.0,1.0,1.0,7.0,0.246827
3701145,IN,IN,MOTO1,SUPPO,59.45,7.0,1.0,1.0,7.0,0.117746
3704511,IN,IN,POSTT,TRAN2,71.63,7.0,1.0,1.0,7.0,0.097724
3703128,IN,IN,SALEM,WEARI,28.55,7.0,1.0,1.0,7.0,0.245184
3699532,IN,IN,GLASS,CERAM,61.66,7.0,1.0,1.0,7.0,0.113526
3704243,IN,IN,AIRTR,HOTEL,62.72,7.0,1.0,1.0,7.0,0.111607
3698080,IN,IN,PRINT,ELEC1,35.9,7.0,1.0,1.0,7.0,0.194986
3699919,IN,IN,BASIC,WASTE,71.3,7.0,1.0,1.0,7.0,0.098177
3704881,IN,IN,AUXIL,FABRI,98.9,7.0,1.0,1.0,7.0,0.070779
3700351,IN,IN,FOUND,WOODW,50.15,7.0,1.0,1.0,7.0,0.139581
3696194,IN,IN,NATUR,ELEC2,126.09,7.0,1.0,1.0,7.0,0.055516
3705054,IN,IN,REALE,EDUCA,320.38,7.0,1.0,1.0,7.0,0.021849
3694991,IN,IN,OILSE,FISH5,23.74,7.0,1.0,1.0,7.0,0.294861
3694987,IN,IN,OILSE,PROCE,22.68,7.0,1.0,1.0,7.0,0.308642
3706333,IN,IN,PRIVA,CROPS,11.47,7.0,1.0,1.0,7.0,0.610288
3695708,IN,IN,FORES,PROCE,4.21,7.0,1.0,1.0,7.0,1.662708
3695716,IN,IN,FORES,LEATH,3.76,7.0,1.0,1.0,7.0,1.861702
3695819,IN,IN,FISHF,PFERT,8.12,7.0,1.0,1.0,7.0,0.862069
3706366,IN,IN,PRIVA,WOODW,11.83,7.0,1.0,1.0,7.0,0.591716
3694899,IN,IN,CEREA,HEALT,27.33,7.0,1.0,1.0,7.0,0.256129
3701890,IN,IN,ELEC4,CONST,77.93,7.0,1.0,1.0,7.0,0.089824
3694866,IN,IN,CEREA,NFERT,26.4,7.0,1.0,1.0,7.0,0.265152
3695756,IN,IN,FORES,ELECT,4.07,7.0,1.0,1.0,7.0,1.719902
3701463,IN,IN,ELEC1,CRUDE,86.55,7.0,1.0,1.0,7.0,0.080878
3705053,IN,IN,REALE,PUBLI,308.47,7.0,1.0,1.0,7.0,0.022693
3705050,IN,IN,REALE,COMPU,311.62,7.0,1.0,1.0,7.0,0.022463
3705045,IN,IN,REALE,FINAN,345.9,7.0,1.0,1.0,7.0,0.020237
3705628,IN,IN,HEALT,ELECT,51.81,7.0,1.0,1.0,7.0,0.135109
3701530,IN,IN,ELEC1,ELECT,78.36,7.0,1.0,1.0,7.0,0.089331
3694823,IN,IN,CEREA,WHEAT,25.49,7.0,1.0,1.0,7.0,0.274617
3694815,IN,IN,WHEAT,RESEA,13.19,7.0,1.0,1.0,7.0,0.530705
3702198,IN,IN,ELEC7,RENTI,23.24,7.0,1.0,1.0,7.0,0.301205
3705099,IN,IN,RENTI,WEARI,113.63,7.0,1.0,1.0,7.0,0.061603
3706260,IN,IN,93197,CERAM,37.79,7.0,1.0,1.0,7.0,0.185234
3701300,IN,IN,FURNI,PFERT,62.48,7.0,1.0,1.0,7.0,0.112036
3701572,IN,IN,ELEC1,MEMBE,87.52,7.0,1.0,1.0,7.0,0.079982
3705345,IN,IN,BUSIN,NFERT,50.12,7.0,1.0,1.0,7.0,0.139665
3705929,IN,IN,WASTE,FINAN,47.13,7.0,1.0,1.0,7.0,0.148525
3705317,IN,IN,BUSIN,FOOD5,51.48,7.0,1.0,1.0,7.0,0.135975
3705977,IN,IN,MEMBE,TEXTI,18.3,7.0,1.0,1.0,7.0,0.382514
3705983,IN,IN,MEMBE,PRINT,16.98,7.0,1.0,1.0,7.0,0.41225
3695565,IN,IN,ANIMA,RESEA,12.66,7.0,1.0,1.0,7.0,0.552923
3705989,IN,IN,MEMBE,GASDI,16.78,7.0,1.0,1.0,7.0,0.417163
3701487,IN,IN,ELEC1,WOODW,85.96,7.0,1.0,1.0,7.0,0.081433
3696111,IN,IN,CRUDE,BITU1,111.15,7.0,1.0,1.0,7.0,0.062978
3701359,IN,IN,FURNI,RENTI,60.5,7.0,1.0,1.0,7.0,0.115702
3706030,IN,IN,MEMBE,ELEC1,17.28,7.0,1.0,1.0,7.0,0.405093
3705890,IN,IN,WASTE,FABRI,45.35,7.0,1.0,1.0,7.0,0.154355
3706037,IN,IN,MEMBE,DISTR,19.21,7.0,1.0,1.0,7.0,0.364394
3705873,IN,IN,WASTE,CHEM1,50.58,7.0,1.0,1.0,7.0,0.138395
3695608,IN,IN,RAWMI,CHEM1,153.41,7.0,1.0,1.0,7.0,0.045629
3694700,IN,IN,PADDY,CEREA,27.85,7.0,1.0,1.0,7.0,0.251346
3695206,IN,IN,PLANT,PUBLI,9.52,7.0,1.0,1.0,7.0,0.735294
3695155,IN,IN,PLANT,PRINT,9.31,7.0,1.0,1.0,7.0,0.75188
3706228,IN,IN,93197,TEXTI,37.19,7.0,1.0,1.0,7.0,0.188223
3701913,IN,IN,ELEC4,EDUCA,84.93,7.0,1.0,1.0,7.0,0.082421
3705922,IN,IN,WASTE,LANDT,47.88,7.0,1.0,1.0,7.0,0.146199
3705784,IN,IN,FOOD3,WHOLE,50.02,7.0,1.0,1.0,7.0,0.139944
3706451,IN,IN,PRIVA,EDUCA,11.73,7.0,1.0,1.0,7.0,0.59676
3706452,IN,IN,PRIVA,HEALT,12.7,7.0,1.0,1.0,7.0,0.551181
3695994,IN,IN,BITUM,RUBBE,112.47,7.0,1.0,1.0,7.0,0.062239
3695350,IN,IN,CATTL,RUBBE,12.26,6.0,1.0,1.0,6.0,0.489396
3702822,IN,IN,DIST1,HEALT,47.32,6.0,1.0,1.0,6.0,0.126796
3701035,IN,IN,MEDIC,MEDIC,48.46,6.0,1.0,1.0,6.0,0.123813
3702717,IN,IN,DIST1,NATUR,54.1,6.0,1.0,1.0,6.0,0.110906
3704283,IN,IN,SUPPO,FORES,48.53,6.0,1.0,1.0,6.0,0.123635
3703029,IN,IN,CONST,GLASS,32.81,6.0,1.0,1.0,6.0,0.182871
3703034,IN,IN,CONST,BASIC,31.08,6.0,1.0,1.0,6.0,0.19305
3706375,IN,IN,PRIVA,GASDI,10.98,6.0,1.0,1.0,6.0,0.546448
3703354,IN,IN,WHOLE,HEAVY,27.12,6.0,1.0,1.0,6.0,0.221239
3706273,IN,IN,93197,OFFIC,32.25,6.0,1.0,1.0,6.0,0.186047
3703628,IN,IN,HOTEL,PLAST,21.38,6.0,1.0,1.0,6.0,0.280636
3696031,IN,IN,BITUM,HOTEL,88.45,6.0,1.0,1.0,6.0,0.067835
3705224,IN,IN,COMPU,DISTR,53.52,6.0,1.0,1.0,6.0,0.112108
3700567,IN,IN,MACHI,BITUM,45.74,6.0,1.0,1.0,6.0,0.131176
3698444,IN,IN,GASDI,POSTT,211.9,6.0,1.0,1.0,6.0,0.028315
3702488,IN,IN,DISTR,CERAM,125.81,6.0,1.0,1.0,6.0,0.047691
3697911,IN,IN,PAPER,MOTOR,20.2,6.0,1.0,1.0,6.0,0.29703
3697112,IN,IN,FOOD5,MEATA,17.88,6.0,1.0,1.0,6.0,0.33557
3706189,IN,IN,RECRE,HEALT,23.12,6.0,1.0,1.0,6.0,0.259516
3698811,IN,IN,PARAF,RENTI,72.16,6.0,1.0,1.0,6.0,0.083149
3703013,IN,IN,CONST,LIQUE,29.94,6.0,1.0,1.0,6.0,0.200401
3697992,IN,IN,PAPER,RESEA,21.07,6.0,1.0,1.0,6.0,0.284765
3698268,IN,IN,MOTOR,EDUCA,201.06,6.0,1.0,1.0,6.0,0.029842
3698257,IN,IN,MOTOR,SUPPO,195.87,6.0,1.0,1.0,6.0,0.030633
3698034,IN,IN,PRINT,WOODW,30.45,6.0,1.0,1.0,6.0,0.197044
3704900,IN,IN,AUXIL,DISTR,82.24,6.0,1.0,1.0,6.0,0.072957
3705852,IN,IN,WASTE,PAPER,40.91,6.0,1.0,1.0,6.0,0.146663
3698458,IN,IN,GASDI,93197,209.34,6.0,1.0,1.0,6.0,0.028662
3696769,IN,IN,VEGE1,MEAT4,22.62,6.0,1.0,1.0,6.0,0.265252
3699881,IN,IN,BASIC,OFFIC,66.37,6.0,1.0,1.0,6.0,0.090402
3694725,IN,IN,PADDY,CHEM1,21.88,6.0,1.0,1.0,6.0,0.274223
3704586,IN,IN,FINAN,KEROS,78.14,6.0,1.0,1.0,6.0,0.076785
3696148,IN,IN,NATUR,MOTOR,107.91,6.0,1.0,1.0,6.0,0.055602
3703490,IN,IN,RETA1,NAPHT,27.35,6.0,1.0,1.0,6.0,0.219378
3703169,IN,IN,SALEM,ELECT,24.27,6.0,1.0,1.0,6.0,0.247219
3706072,IN,IN,MEMBE,93197,15.37,6.0,1.0,1.0,6.0,0.390371
3696183,IN,IN,NATUR,FABRI,103.38,6.0,1.0,1.0,6.0,0.058038
3696644,IN,IN,MEATP,BUSIN,10.03,6.0,1.0,1.0,6.0,0.598205
3698400,IN,IN,GASDI,CHEM1,208.3,6.0,1.0,1.0,6.0,0.028805
3704446,IN,IN,POSTT,GASDI,58.47,6.0,1.0,1.0,6.0,0.102617
3706194,IN,IN,RECRE,93197,25.4,6.0,1.0,1.0,6.0,0.23622
3695725,IN,IN,FORES,GASDI,3.71,6.0,1.0,1.0,6.0,1.617251
3706173,IN,IN,RECRE,LANDT,25.16,6.0,1.0,1.0,6.0,0.238474
3699363,IN,IN,RUBBE,WHEAT,42.01,6.0,1.0,1.0,6.0,0.142823
3697591,IN,IN,WEARI,WHOLE,38.1,6.0,1.0,1.0,6.0,0.15748
3698095,IN,IN,PRINT,SALEM,33.64,6.0,1.0,1.0,6.0,0.178359
3703725,IN,IN,RAILW,CRUDE,114.42,6.0,1.0,1.0,6.0,0.052438
3704781,IN,IN,INSUR,POSTT,97.62,6.0,1.0,1.0,6.0,0.061463
3700909,IN,IN,RADIO,PRINT,56.93,6.0,1.0,1.0,6.0,0.105393
3700545,IN,IN,FABRI,HEALT,42.2,6.0,1.0,1.0,6.0,0.14218
3699970,IN,IN,PREC1,BASIC,71.6,6.0,1.0,1.0,6.0,0.083799
3703081,IN,IN,CONST,INSUR,32.56,6.0,1.0,1.0,6.0,0.184275
3695962,IN,IN,BITUM,PROCE,90.32,6.0,1.0,1.0,6.0,0.06643
3705795,IN,IN,FOOD3,FINAN,39.4,6.0,1.0,1.0,6.0,0.152284
3697879,IN,IN,PAPER,OILSE,19.66,6.0,1.0,1.0,6.0,0.305188
3695169,IN,IN,PLANT,PFERT,8.37,6.0,1.0,1.0,6.0,0.716846
3701574,IN,IN,ELEC1,93197,73.26,6.0,1.0,1.0,6.0,0.0819
3706043,IN,IN,MEMBE,COLLE,15.2,6.0,1.0,1.0,6.0,0.394737
3694963,IN,IN,VEGET,FURNI,11.81,6.0,1.0,1.0,6.0,0.508044
3694765,IN,IN,WHEAT,VEGE1,10.95,6.0,1.0,1.0,6.0,0.547945
3699983,IN,IN,PREC1,MOTO1,64.42,6.0,1.0,1.0,6.0,0.093139
3706321,IN,IN,93197,WASTE,30.36,6.0,1.0,1.0,6.0,0.197628
3702461,IN,IN,DISTR,PAPER,123.83,6.0,1.0,1.0,6.0,0.048454
3703331,IN,IN,WHOLE,MEAT1,28.24,6.0,1.0,1.0,6.0,0.212465
3703368,IN,IN,WHOLE,CHARC,26.97,6.0,1.0,1.0,6.0,0.222469
3701287,IN,IN,FURNI,GASDI,51.56,6.0,1.0,1.0,6.0,0.116369
3706027,IN,IN,MEMBE,TRANS,14.27,6.0,1.0,1.0,6.0,0.420463
3700304,IN,IN,NONF1,FABRI,42.62,6.0,1.0,1.0,6.0,0.140779
3706182,IN,IN,RECRE,REALE,25.54,6.0,1.0,1.0,6.0,0.234926
3700052,IN,IN,ALUM1,NONME,62.97,6.0,1.0,1.0,6.0,0.095283
3694911,IN,IN,VEGET,FISHF,10.82,6.0,1.0,1.0,6.0,0.554529
3705877,IN,IN,WASTE,RUBBE,43.35,6.0,1.0,1.0,6.0,0.138408
3703058,IN,IN,CONST,ELEC8,32.46,6.0,1.0,1.0,6.0,0.184843
3706360,IN,IN,PRIVA,BEVER,10.0,6.0,1.0,1.0,6.0,0.6
3706295,IN,IN,93197,COLLE,28.59,6.0,1.0,1.0,6.0,0.209864
3703133,IN,IN,SALEM,PRINT,27.18,6.0,1.0,1.0,6.0,0.220751
3704850,IN,IN,AUXIL,GASDI,85.68,6.0,1.0,1.0,6.0,0.070028
3700303,IN,IN,NONF1,FOUND,41.69,6.0,1.0,1.0,6.0,0.143919
3701362,IN,IN,FURNI,BUSIN,58.66,6.0,1.0,1.0,6.0,0.102284
3705668,IN,IN,HEALT,RESEA,41.29,6.0,1.0,1.0,6.0,0.145314
3694922,IN,IN,VEGET,PROCE,11.45,6.0,1.0,1.0,6.0,0.524017
3699004,IN,IN,NFERT,OILSE,54.05,6.0,1.0,1.0,6.0,0.111008
3704772,IN,IN,INSUR,RETA1,97.71,6.0,1.0,1.0,6.0,0.061406
3694926,IN,IN,VEGET,FISH5,12.1,6.0,1.0,1.0,6.0,0.495868
3704574,IN,IN,FINAN,FISH5,87.65,6.0,1.0,1.0,6.0,0.068454
3701281,IN,IN,FURNI,PRINT,52.28,6.0,1.0,1.0,6.0,0.114767
3705756,IN,IN,FOOD3,FABRI,38.01,6.0,1.0,1.0,6.0,0.157853
3700054,IN,IN,ALUM1,PREC1,60.06,6.0,1.0,1.0,6.0,0.0999
3700053,IN,IN,ALUM1,BASIC,62.48,6.0,1.0,1.0,6.0,0.096031
3698423,IN,IN,GASDI,MOTO1,205.87,6.0,1.0,1.0,6.0,0.029145
3706320,IN,IN,93197,FOOD3,30.4,6.0,1.0,1.0,6.0,0.197368
3697509,IN,IN,WEARI,CRUDE,40.96,6.0,1.0,1.0,6.0,0.146484
3705036,IN,IN,REALE,HOTEL,274.26,6.0,1.0,1.0,6.0,0.021877
3700747,IN,IN,OFFIC,RENTI,60.5,6.0,1.0,1.0,6.0,0.099174
3700549,IN,IN,FABRI,RECRE,45.39,6.0,1.0,1.0,6.0,0.132188
3699167,IN,IN,CHEM1,FOOD5,46.37,6.0,1.0,1.0,6.0,0.129394
3699798,IN,IN,NONME,ELECT,51.17,6.0,1.0,1.0,6.0,0.117256
3700404,IN,IN,FOUND,ELEC4,49.47,6.0,1.0,1.0,6.0,0.121286
3698339,IN,IN,GASDI,CEREA,228.87,6.0,1.0,1.0,6.0,0.026216
3700867,IN,IN,ELECT,RENTI,60.5,6.0,1.0,1.0,6.0,0.099174
3694826,IN,IN,CEREA,SUGAR,21.78,6.0,1.0,1.0,6.0,0.275482
3694828,IN,IN,CEREA,CATTL,22.92,6.0,1.0,1.0,6.0,0.26178
3702523,IN,IN,DISTR,RAILW,130.44,6.0,1.0,1.0,6.0,0.045998
3704477,IN,IN,POSTT,FABRI,55.17,6.0,1.0,1.0,6.0,0.108755
3704934,IN,IN,AUXIL,MEMBE,89.25,6.0,1.0,1.0,6.0,0.067227
3703214,IN,IN,RETAI,FORES,52.61,6.0,1.0,1.0,6.0,0.114047
3704514,IN,IN,POSTT,AIRTR,58.38,6.0,1.0,1.0,6.0,0.102775
3695743,IN,IN,FORES,BRICK,3.55,6.0,1.0,1.0,6.0,1.690141
3697528,IN,IN,WEARI,WOODW,38.06,6.0,1.0,1.0,6.0,0.157646
3705216,IN,IN,COMPU,ELEC1,57.56,6.0,1.0,1.0,6.0,0.104239
3705919,IN,IN,WASTE,RETA1,43.2,6.0,1.0,1.0,6.0,0.138889
3705157,IN,IN,RENTI,SALEM,86.13,6.0,1.0,1.0,6.0,0.069662
3697974,IN,IN,PAPER,RETAI,18.43,6.0,1.0,1.0,6.0,0.325556
3698417,IN,IN,GASDI,FABRI,203.18,6.0,1.0,1.0,6.0,0.02953
3704485,IN,IN,POSTT,FURNI,60.92,6.0,1.0,1.0,6.0,0.09849
3697565,IN,IN,WEARI,MACHI,39.6,6.0,1.0,1.0,6.0,0.151515
3699542,IN,IN,GLASS,FOUND,53.71,6.0,1.0,1.0,6.0,0.111711
3699188,IN,IN,CHEM1,NAPHT,42.26,6.0,1.0,1.0,6.0,0.141978
3705739,IN,IN,FOOD3,CHEM1,42.5,6.0,1.0,1.0,6.0,0.141176
3705788,IN,IN,FOOD3,LANDT,39.86,6.0,1.0,1.0,6.0,0.150527
3702904,IN,IN,COLLE,MACHI,66.05,6.0,1.0,1.0,6.0,0.09084
3698581,IN,IN,LIQUE,HOTEL,196.22,6.0,1.0,1.0,6.0,0.030578
3702368,IN,IN,TRAN1,CEMEN,112.54,6.0,1.0,1.0,6.0,0.053314
3705397,IN,IN,BUSIN,SEACO,49.77,6.0,1.0,1.0,6.0,0.120555
3698957,IN,IN,PLAST,CHEM1,52.03,6.0,1.0,1.0,6.0,0.115318
3695887,IN,IN,COKIN,COKEO,98.18,6.0,1.0,1.0,6.0,0.061112
3703834,IN,IN,LANDT,OILSE,48.29,6.0,1.0,1.0,6.0,0.124249
3700374,IN,IN,FOUND,CHEM1,47.58,6.0,1.0,1.0,6.0,0.126103
3701682,IN,IN,ELEC2,PUBLI,91.78,6.0,1.0,1.0,6.0,0.065374
3704428,IN,IN,POSTT,PROCE,63.01,6.0,1.0,1.0,6.0,0.095223
3706240,IN,IN,93197,GASDI,33.15,6.0,1.0,1.0,6.0,0.180995
3695748,IN,IN,FORES,ALUM1,3.33,6.0,1.0,1.0,6.0,1.801802
3702892,IN,IN,COLLE,CERAM,62.69,6.0,1.0,1.0,6.0,0.095709
3705450,IN,IN,PUBLI,POSTT,65.43,6.0,1.0,1.0,6.0,0.091701
3703543,IN,IN,RETA1,SALEM,25.34,6.0,1.0,1.0,6.0,0.23678
3703636,IN,IN,HOTEL,GLASS,19.57,6.0,1.0,1.0,6.0,0.306592
3704669,IN,IN,FINAN,FOOD3,76.21,6.0,1.0,1.0,6.0,0.07873
3699482,IN,IN,RUBBE,MEMBE,37.2,6.0,1.0,1.0,6.0,0.16129
3704244,IN,IN,AIRTR,RAILW,47.98,6.0,1.0,1.0,6.0,0.125052
3696917,IN,IN,DAIRY,WHOLE,115.64,6.0,1.0,1.0,6.0,0.051885
3705048,IN,IN,REALE,REALE,301.17,6.0,1.0,1.0,6.0,0.019922
3704670,IN,IN,FINAN,WASTE,76.11,6.0,1.0,1.0,6.0,0.078833
3706126,IN,IN,RECRE,CHEM1,23.46,6.0,1.0,1.0,6.0,0.255754
3696596,IN,IN,MEATC,WHOLE,32.45,6.0,1.0,1.0,6.0,0.1849
3705446,IN,IN,PUBLI,WHOLE,67.23,6.0,1.0,1.0,6.0,0.089246
3694840,IN,IN,CEREA,VEGE1,20.76,6.0,1.0,1.0,6.0,0.289017
3705625,IN,IN,HEALT,FABRI,41.02,6.0,1.0,1.0,6.0,0.14627
3705537,IN,IN,EDUCA,REALE,22.94,6.0,1.0,1.0,6.0,0.261552
3699607,IN,IN,CERAM,MACHI,41.55,6.0,1.0,1.0,6.0,0.144404
3705244,IN,IN,COMPU,INSUR,47.16,5.0,1.0,1.0,5.0,0.106022
3698077,IN,IN,PRINT,TRANS,24.49,5.0,1.0,1.0,5.0,0.204165
3705240,IN,IN,COMPU,AIRTR,48.02,5.0,1.0,1.0,5.0,0.104123
3697718,IN,IN,WOODW,PROCE,22.72,5.0,1.0,1.0,5.0,0.22007
3703642,IN,IN,HOTEL,PREC1,16.09,5.0,1.0,1.0,5.0,0.310752
3704999,IN,IN,REALE,BASIC,227.84,5.0,1.0,1.0,5.0,0.021945
3699429,IN,IN,RUBBE,GLASS,31.29,5.0,1.0,1.0,5.0,0.159795
3699468,IN,IN,RUBBE,AIRTR,32.31,5.0,1.0,1.0,5.0,0.154751
3705879,IN,IN,WASTE,CERAM,36.14,5.0,1.0,1.0,5.0,0.138351
3704780,IN,IN,INSUR,SUPPO,96.65,5.0,1.0,1.0,5.0,0.051733
3698456,IN,IN,GASDI,MEMBE,183.16,5.0,1.0,1.0,5.0,0.027299
3698089,IN,IN,PRINT,DISTR,26.4,5.0,1.0,1.0,5.0,0.189394
3704375,IN,IN,SUPPO,SALEM,44.0,5.0,1.0,1.0,5.0,0.113636
3699737,IN,IN,CEMEN,MEMBE,39.41,5.0,1.0,1.0,5.0,0.126871
3698870,IN,IN,NONSP,LIQUE,180.34,5.0,1.0,1.0,5.0,0.027725
3699426,IN,IN,RUBBE,BIOGA,30.91,5.0,1.0,1.0,5.0,0.16176
3696539,IN,IN,MEATC,MEATC,28.31,5.0,1.0,1.0,5.0,0.176616
3701352,IN,IN,FURNI,AIRTR,43.76,5.0,1.0,1.0,5.0,0.11426
3699754,IN,IN,NONME,WEARI,43.51,5.0,1.0,1.0,5.0,0.114916
3700307,IN,IN,NONF1,ELECT,30.73,5.0,1.0,1.0,5.0,0.162707
3697931,IN,IN,PAPER,BIOGA,17.19,5.0,1.0,1.0,5.0,0.290867
3699481,IN,IN,RUBBE,WASTE,35.79,5.0,1.0,1.0,5.0,0.139704
3700360,IN,IN,FOUND,GASDI,36.47,5.0,1.0,1.0,5.0,0.137099
3704593,IN,IN,FINAN,NAPHT,72.26,5.0,1.0,1.0,5.0,0.069195
3701030,IN,IN,MEDIC,FABRI,34.69,5.0,1.0,1.0,5.0,0.144134
3702004,IN,IN,ELEC5,COLLE,60.49,5.0,1.0,1.0,5.0,0.082658
3701771,IN,IN,ELEC3,COLLE,60.49,5.0,1.0,1.0,5.0,0.082658
3704403,IN,IN,SUPPO,93197,39.07,5.0,1.0,1.0,5.0,0.127975
3701768,IN,IN,ELEC3,DISTR,56.69,5.0,1.0,1.0,5.0,0.088199
3699862,IN,IN,BASIC,CHEM1,56.79,5.0,1.0,1.0,5.0,0.088044
3705257,IN,IN,COMPU,93197,43.1,5.0,1.0,1.0,5.0,0.116009
3699480,IN,IN,RUBBE,FOOD3,35.84,5.0,1.0,1.0,5.0,0.139509
3699421,IN,IN,RUBBE,PLAST,35.72,5.0,1.0,1.0,5.0,0.139978
3705095,IN,IN,RENTI,BEVER,75.5,5.0,1.0,1.0,5.0,0.066225
3706306,IN,IN,93197,AIRTR,27.12,5.0,1.0,1.0,5.0,0.184366
3703388,IN,IN,WHOLE,RADIO,26.07,5.0,1.0,1.0,5.0,0.191791
3701544,IN,IN,ELEC1,COLLE,60.49,5.0,1.0,1.0,5.0,0.082658
3703926,IN,IN,LANDT,ELEC8,39.86,5.0,1.0,1.0,5.0,0.125439
3703665,IN,IN,HOTEL,ELEC8,18.85,5.0,1.0,1.0,5.0,0.265252
3696044,IN,IN,BITUM,EDUCA,74.32,5.0,1.0,1.0,5.0,0.067277
3695769,IN,IN,FORES,SALEM,3.04,5.0,1.0,1.0,5.0,1.644737
3695261,IN,IN,CROPS,NFERT,10.9,5.0,1.0,1.0,5.0,0.458716
3696648,IN,IN,MEATP,RECRE,8.55,5.0,1.0,1.0,5.0,0.584795
3698070,IN,IN,PRINT,FABRI,28.55,5.0,1.0,1.0,5.0,0.175131
3698455,IN,IN,GASDI,HEALT,168.97,5.0,1.0,1.0,5.0,0.029591
3695301,IN,IN,CROPS,RESEA,11.45,5.0,1.0,1.0,5.0,0.436681
3705805,IN,IN,FOOD3,HEALT,30.96,5.0,1.0,1.0,5.0,0.161499
3699500,IN,IN,GLASS,TEXTI,43.59,5.0,1.0,1.0,5.0,0.114705
3705531,IN,IN,EDUCA,AIRTR,21.08,5.0,1.0,1.0,5.0,0.237192
3700817,IN,IN,ELECT,PREC1,51.66,5.0,1.0,1.0,5.0,0.096787
3701832,IN,IN,ELEC4,WEARI,52.81,5.0,1.0,1.0,5.0,0.094679
3701501,IN,IN,ELEC1,NAPHT,60.74,5.0,1.0,1.0,5.0,0.082318
3702802,IN,IN,DIST1,SALEM,41.18,5.0,1.0,1.0,5.0,0.121418
3703149,IN,IN,SALEM,CHEM1,22.31,5.0,1.0,1.0,5.0,0.224115
3700476,IN,IN,FABRI,KEROS,37.06,5.0,1.0,1.0,5.0,0.134916
3703262,IN,IN,RETAI,TRANS,37.83,5.0,1.0,1.0,5.0,0.13217
3701860,IN,IN,ELEC4,RUBBE,53.33,5.0,1.0,1.0,5.0,0.093756
3703155,IN,IN,SALEM,CERAM,19.8,5.0,1.0,1.0,5.0,0.252525
3699822,IN,IN,NONME,93197,48.8,5.0,1.0,1.0,5.0,0.102459
3706059,IN,IN,MEMBE,AUXIL,13.5,5.0,1.0,1.0,5.0,0.37037
3699802,IN,IN,NONME,TRANS,44.17,5.0,1.0,1.0,5.0,0.113199
3703682,IN,IN,HOTEL,TRAN2,15.92,5.0,1.0,1.0,5.0,0.31407
3703683,IN,IN,HOTEL,SEACO,19.02,5.0,1.0,1.0,5.0,0.262881
3698461,IN,IN,REFIN,MOTOR,88.32,5.0,1.0,1.0,5.0,0.056612
3698375,IN,IN,GASDI,WEARI,192.13,5.0,1.0,1.0,5.0,0.026024
3697124,IN,IN,FOOD5,VEGE1,15.14,5.0,1.0,1.0,5.0,0.330251
3700457,IN,IN,FABRI,MEAT4,35.87,5.0,1.0,1.0,5.0,0.139392
3696174,IN,IN,NATUR,CEMEN,87.08,5.0,1.0,1.0,5.0,0.057418
3704437,IN,IN,POSTT,WOODW,44.47,5.0,1.0,1.0,5.0,0.112435
3698440,IN,IN,GASDI,TRAN2,167.67,5.0,1.0,1.0,5.0,0.02982
3705394,IN,IN,BUSIN,RAILW,35.47,5.0,1.0,1.0,5.0,0.140964
3698093,IN,IN,PRINT,COLLE,23.57,5.0,1.0,1.0,5.0,0.212134
3700462,IN,IN,FABRI,FOOD5,39.98,5.0,1.0,1.0,5.0,0.125063
3700617,IN,IN,MACHI,RUBBE,34.43,5.0,1.0,1.0,5.0,0.145222
3699436,IN,IN,RUBBE,ALUM1,34.17,5.0,1.0,1.0,5.0,0.146327
3703167,IN,IN,SALEM,MACHI,22.8,5.0,1.0,1.0,5.0,0.219298
3705390,IN,IN,BUSIN,RETAI,38.72,5.0,1.0,1.0,5.0,0.129132
3699505,IN,IN,GLASS,PAPER,43.78,5.0,1.0,1.0,5.0,0.114207
3701515,IN,IN,ELEC1,GLASS,60.56,5.0,1.0,1.0,5.0,0.082563
3705230,IN,IN,COMPU,COLLE,49.38,5.0,1.0,1.0,5.0,0.101256
3704439,IN,IN,POSTT,PAPER,47.12,5.0,1.0,1.0,5.0,0.106112
3705540,IN,IN,EDUCA,RESEA,19.71,5.0,1.0,1.0,5.0,0.253678
3697445,IN,IN,TEXTI,CEMEN,25.19,5.0,1.0,1.0,5.0,0.198491
3702812,IN,IN,DIST1,SUPPO,42.2,5.0,1.0,1.0,5.0,0.118483
3695237,IN,IN,CROPS,FOOD5,11.25,5.0,1.0,1.0,5.0,0.444444
3696748,IN,IN,MEAT4,PUBLI,37.77,5.0,1.0,1.0,5.0,0.13238
3698766,IN,IN,BITU1,COKE1,165.39,5.0,1.0,1.0,5.0,0.030232
3698767,IN,IN,BITU1,BLAST,166.18,5.0,1.0,1.0,5.0,0.030088
3697275,IN,IN,FISH5,BEVER,17.39,5.0,1.0,1.0,5.0,0.287522
3705643,IN,IN,HEALT,DISTR,31.79,5.0,1.0,1.0,5.0,0.157282
3699237,IN,IN,CHEM1,POSTT,34.23,5.0,1.0,1.0,5.0,0.146071
3696597,IN,IN,MEATC,RETA1,29.91,5.0,1.0,1.0,5.0,0.167168
3704001,IN,IN,TRAN2,GASDI,61.14,5.0,1.0,1.0,5.0,0.08178
3697888,IN,IN,PAPER,CRUDE,16.87,5.0,1.0,1.0,5.0,0.296384
3705971,IN,IN,MEMBE,PROCE,13.46,5.0,1.0,1.0,5.0,0.371471
3697983,IN,IN,PAPER,AIRTR,17.76,5.0,1.0,1.0,5.0,0.281532
3695973,IN,IN,BITUM,PAPER,76.05,5.0,1.0,1.0,5.0,0.065746
3706149,IN,IN,RECRE,MOTO1,20.24,5.0,1.0,1.0,5.0,0.247036
3704906,IN,IN,AUXIL,COLLE,67.63,5.0,1.0,1.0,5.0,0.073932
3703511,IN,IN,RETA1,ALUM1,21.16,5.0,1.0,1.0,5.0,0.236295
3702890,IN,IN,COLLE,RUBBE,51.42,5.0,1.0,1.0,5.0,0.097238
3703875,IN,IN,LANDT,COKEO,40.57,5.0,1.0,1.0,5.0,0.123244
3701307,IN,IN,FURNI,CERAM,43.72,5.0,1.0,1.0,5.0,0.114364
3700409,IN,IN,FOUND,DISTR,41.85,5.0,1.0,1.0,5.0,0.119474
3703307,IN,IN,WHOLE,CROPS,25.01,5.0,1.0,1.0,5.0,0.19992
3704470,IN,IN,POSTT,BASIC,52.09,5.0,1.0,1.0,5.0,0.095988
3702398,IN,IN,TRAN1,RETA1,101.51,5.0,1.0,1.0,5.0,0.049256
3705785,IN,IN,FOOD3,RETA1,34.99,5.0,1.0,1.0,5.0,0.142898
3703866,IN,IN,LANDT,FISH5,46.76,5.0,1.0,1.0,5.0,0.106929
3700296,IN,IN,NONF1,NONME,36.34,5.0,1.0,1.0,5.0,0.137589
3702273,IN,IN,ELEC8,COLLE,60.49,5.0,1.0,1.0,5.0,0.082658
3696941,IN,IN,PROCE,FISHF,33.09,5.0,1.0,1.0,5.0,0.151103
3704891,IN,IN,AUXIL,ELEC1,74.12,5.0,1.0,1.0,5.0,0.067458
3701494,IN,IN,ELEC1,KEROS,64.93,5.0,1.0,1.0,5.0,0.077006
3696216,IN,IN,NATU1,MOTOR,102.8,5.0,1.0,1.0,5.0,0.048638
3705331,IN,IN,BUSIN,KEROS,40.2,5.0,1.0,1.0,5.0,0.124378
3704330,IN,IN,SUPPO,NFERT,38.36,5.0,1.0,1.0,5.0,0.130344
3702366,IN,IN,TRAN1,CERAM,84.69,5.0,1.0,1.0,5.0,0.059039
3705168,IN,IN,RENTI,AUXIL,81.41,5.0,1.0,1.0,5.0,0.061418
3705175,IN,IN,RENTI,FOOD3,79.43,5.0,1.0,1.0,5.0,0.062949
3702913,IN,IN,COLLE,ELEC1,57.77,5.0,1.0,1.0,5.0,0.08655
3703530,IN,IN,RETA1,ELEC5,22.27,5.0,1.0,1.0,5.0,0.224517
3704166,IN,IN,AIRTR,VEGE1,39.94,5.0,1.0,1.0,5.0,0.125188
3704484,IN,IN,POSTT,TRANS,51.87,5.0,1.0,1.0,5.0,0.096395
3696005,IN,IN,BITUM,NONF1,74.58,5.0,1.0,1.0,5.0,0.067042
3705176,IN,IN,RENTI,WASTE,79.33,5.0,1.0,1.0,5.0,0.063028
3705515,IN,IN,EDUCA,DISTR,18.35,5.0,1.0,1.0,5.0,0.27248
3703836,IN,IN,LANDT,PLANT,42.39,5.0,1.0,1.0,5.0,0.117952
3701912,IN,IN,ELEC4,PUBLI,62.66,5.0,1.0,1.0,5.0,0.079796
3699199,IN,IN,CHEM1,BIOGA,35.18,5.0,1.0,1.0,5.0,0.142126
3696851,IN,IN,DAIRY,FISHF,100.86,5.0,1.0,1.0,5.0,0.049574
3704496,IN,IN,POSTT,DISTR,51.66,5.0,1.0,1.0,5.0,0.096787
3695990,IN,IN,BITUM,CHEM1,72.0,5.0,1.0,1.0,5.0,0.069444
3702369,IN,IN,TRAN1,NONME,98.34,5.0,1.0,1.0,5.0,0.050844
3705939,IN,IN,WASTE,HEALT,37.11,5.0,1.0,1.0,5.0,0.134735
3696863,IN,IN,DAIRY,BEVER,84.5,5.0,1.0,1.0,5.0,0.059172
3698731,IN,IN,BITU1,BITUM,174.88,5.0,1.0,1.0,5.0,0.028591
3705338,IN,IN,BUSIN,NAPHT,37.09,5.0,1.0,1.0,5.0,0.134807
3698739,IN,IN,BITU1,GASDI,184.17,5.0,1.0,1.0,5.0,0.027149
3704221,IN,IN,AIRTR,TRANS,46.04,5.0,1.0,1.0,5.0,0.108601
3699219,IN,IN,CHEM1,MEDIC,40.71,5.0,1.0,1.0,5.0,0.12282
3702379,IN,IN,TRAN1,OFFIC,98.5,5.0,1.0,1.0,5.0,0.050761
3700548,IN,IN,FABRI,MEMBE,41.14,5.0,1.0,1.0,5.0,0.121536
3700217,IN,IN,COPP1,PREC1,73.33,5.0,1.0,1.0,5.0,0.068185
3697895,IN,IN,PAPER,VEGE1,15.66,5.0,1.0,1.0,5.0,0.319285
3695502,IN,IN,MEATA,PUBLI,11.35,5.0,1.0,1.0,5.0,0.440529
3705293,IN,IN,BUSIN,FISHF,37.51,5.0,1.0,1.0,5.0,0.133298
3703611,IN,IN,HOTEL,WOODW,19.09,5.0,1.0,1.0,5.0,0.261917
3702342,IN,IN,TRAN1,MOTOR,89.0,5.0,1.0,1.0,5.0,0.05618
3696682,IN,IN,MEAT1,HEALT,15.27,5.0,1.0,1.0,5.0,0.327439
3701225,IN,IN,TRANS,SUPPO,38.49,5.0,1.0,1.0,5.0,0.129904
3703934,IN,IN,LANDT,COLLE,43.83,5.0,1.0,1.0,5.0,0.114077
3703913,IN,IN,LANDT,RADIO,42.2,5.0,1.0,1.0,5.0,0.118483
3706020,IN,IN,MEMBE,FABRI,12.75,5.0,1.0,1.0,5.0,0.392157
3700847,IN,IN,ELECT,DIST1,43.16,5.0,1.0,1.0,5.0,0.115848
3697447,IN,IN,TEXTI,BASIC,26.51,5.0,1.0,1.0,5.0,0.188608
3701889,IN,IN,ELEC4,COLLE,60.49,5.0,1.0,1.0,5.0,0.082658
3704838,IN,IN,AUXIL,TEXTI,74.17,5.0,1.0,1.0,5.0,0.067413
3695712,IN,IN,FORES,FISH5,2.83,5.0,1.0,1.0,5.0,1.766784
3705743,IN,IN,FOOD3,RUBBE,36.54,5.0,1.0,1.0,5.0,0.136836
3705377,IN,IN,BUSIN,ELEC5,37.91,5.0,1.0,1.0,5.0,0.131891
3704834,IN,IN,AUXIL,FOOD5,68.62,5.0,1.0,1.0,5.0,0.072865
3701879,IN,IN,ELEC4,MOTO1,55.6,5.0,1.0,1.0,5.0,0.089928
3697442,IN,IN,TEXTI,GLASS,29.92,5.0,1.0,1.0,5.0,0.167112
3700048,IN,IN,ALUM1,GLASS,56.24,5.0,1.0,1.0,5.0,0.088905
3696681,IN,IN,MEAT1,PUBLI,15.94,5.0,1.0,1.0,5.0,0.313676
3702408,IN,IN,TRAN1,FINAN,100.2,5.0,1.0,1.0,5.0,0.0499
3706348,IN,IN,PRIVA,STONE,8.96,5.0,1.0,1.0,5.0,0.558036
3705847,IN,IN,WASTE,TEXTI,35.85,5.0,1.0,1.0,5.0,0.13947
3702407,IN,IN,TRAN1,POSTT,87.92,5.0,1.0,1.0,5.0,0.05687
3704298,IN,IN,SUPPO,VEGE1,39.51,5.0,1.0,1.0,5.0,0.12655
3703567,IN,IN,RETA1,FOOD3,22.68,5.0,1.0,1.0,5.0,0.220459
3703568,IN,IN,RETA1,WASTE,22.65,5.0,1.0,1.0,5.0,0.220751
3703077,IN,IN,CONST,AIRTR,26.68,5.0,1.0,1.0,5.0,0.187406
3700025,IN,IN,ALUM1,PRINT,56.41,5.0,1.0,1.0,5.0,0.088637
3705263,IN,IN,RESEA,MOTO1,42.27,5.0,1.0,1.0,5.0,0.118287
3701535,IN,IN,ELEC1,FURNI,62.7,5.0,1.0,1.0,5.0,0.079745
3703295,IN,IN,RETAI,FOOD3,40.48,5.0,1.0,1.0,5.0,0.123518
3704465,IN,IN,POSTT,GLASS,48.54,5.0,1.0,1.0,5.0,0.103008
3701146,IN,IN,MOTO1,POSTT,38.52,5.0,1.0,1.0,5.0,0.129803
3701147,IN,IN,MOTO1,FINAN,40.07,5.0,1.0,1.0,5.0,0.124782
3705718,IN,IN,FOOD3,PAPER,32.97,5.0,1.0,1.0,5.0,0.151653
3696096,IN,IN,LIGNI,ELEC1,72.42,5.0,1.0,1.0,5.0,0.069042
3697951,IN,IN,PAPER,MEDIC,17.63,5.0,1.0,1.0,5.0,0.283607
3698621,IN,IN,NAPHT,PAPER,166.27,5.0,1.0,1.0,5.0,0.030072
3704468,IN,IN,POSTT,CEMEN,53.03,5.0,1.0,1.0,5.0,0.094286
3700441,IN,IN,FABRI,FISHF,40.77,5.0,1.0,1.0,5.0,0.122639
3699328,IN,IN,BIOGA,BUSIN,35.23,5.0,1.0,1.0,5.0,0.141924
3704020,IN,IN,TRAN2,GLASS,54.38,5.0,1.0,1.0,5.0,0.091946
3703036,IN,IN,CONST,ALUM1,26.99,5.0,1.0,1.0,5.0,0.185254
3697605,IN,IN,WEARI,COMPU,34.3,5.0,1.0,1.0,5.0,0.145773
3702845,IN,IN,COLLE,CRUDE,50.94,5.0,1.0,1.0,5.0,0.098155
3697314,IN,IN,FISH5,MACHI,18.36,5.0,1.0,1.0,5.0,0.272331
3704032,IN,IN,TRAN2,FABRI,53.69,5.0,1.0,1.0,5.0,0.093127
3704633,IN,IN,FINAN,ELEC5,64.18,5.0,1.0,1.0,5.0,0.077906
3700668,IN,IN,MACHI,RENTI,40.87,5.0,1.0,1.0,5.0,0.122339
3702464,IN,IN,DISTR,MOTOR,116.08,5.0,1.0,1.0,5.0,0.043074
3703450,IN,IN,RETA1,WOOLS,21.81,5.0,1.0,1.0,5.0,0.229253
3703562,IN,IN,RETA1,RESEA,20.12,5.0,1.0,1.0,5.0,0.248509
3704548,IN,IN,FINAN,FORES,72.14,5.0,1.0,1.0,5.0,0.06931
3701152,IN,IN,MOTO1,COMPU,40.99,5.0,1.0,1.0,5.0,0.121981
3703575,IN,IN,HOTEL,VEGET,18.45,5.0,1.0,1.0,5.0,0.271003
3706014,IN,IN,MEMBE,PREC1,11.69,5.0,1.0,1.0,5.0,0.427716
3703296,IN,IN,RETAI,WASTE,40.43,5.0,1.0,1.0,5.0,0.123671
3700654,IN,IN,MACHI,WHOLE,36.26,5.0,1.0,1.0,5.0,0.137893
3699050,IN,IN,NFERT,COLLE,29.94,4.0,1.0,1.0,4.0,0.133601
3705581,IN,IN,HEALT,FOOD5,29.91,4.0,1.0,1.0,4.0,0.133735
3699033,IN,IN,NFERT,RUBBE,36.54,4.0,1.0,1.0,4.0,0.109469
3697665,IN,IN,LEATH,FABRI,27.6,4.0,1.0,1.0,4.0,0.144928
3705585,IN,IN,HEALT,TEXTI,25.14,4.0,1.0,1.0,4.0,0.159109
3704432,IN,IN,POSTT,FISH5,37.02,4.0,1.0,1.0,4.0,0.10805
3706151,IN,IN,RECRE,FURNI,15.8,4.0,1.0,1.0,4.0,0.253165
3695265,IN,IN,CROPS,BIOGA,9.56,4.0,1.0,1.0,4.0,0.41841
3705590,IN,IN,HEALT,PAPER,26.59,4.0,1.0,1.0,4.0,0.150432
3699560,IN,IN,GLASS,SALEM,35.09,4.0,1.0,1.0,4.0,0.113993
3696798,IN,IN,VEGE1,PFERT,15.56,4.0,1.0,1.0,4.0,0.257069
3695247,IN,IN,CROPS,PRINT,8.54,4.0,1.0,1.0,4.0,0.468384
3698033,IN,IN,PRINT,LEATH,21.03,4.0,1.0,1.0,4.0,0.190204
3705745,IN,IN,FOOD3,CERAM,30.48,4.0,1.0,1.0,4.0,0.131234
3698433,IN,IN,GASDI,SALEM,153.23,4.0,1.0,1.0,4.0,0.026105
3696549,IN,IN,MEATC,TOBAC,24.71,4.0,1.0,1.0,4.0,0.161878
3698424,IN,IN,GASDI,TRANS,133.0,4.0,1.0,1.0,4.0,0.030075
3697670,IN,IN,LEATH,MEDIC,27.46,4.0,1.0,1.0,4.0,0.145666
3701331,IN,IN,FURNI,ELEC4,32.85,4.0,1.0,1.0,4.0,0.121766
3702689,IN,IN,GASWO,COLLE,60.69,4.0,1.0,1.0,4.0,0.065909
3701232,IN,IN,TRANS,BUSIN,28.47,4.0,1.0,1.0,4.0,0.140499
3705565,IN,IN,HEALT,FISHF,25.77,4.0,1.0,1.0,4.0,0.155219
3697506,IN,IN,WEARI,BITUM,28.42,4.0,1.0,1.0,4.0,0.140746
3697592,IN,IN,WEARI,RETA1,28.85,4.0,1.0,1.0,4.0,0.138648
3699279,IN,IN,BIOGA,MOTOR,28.58,4.0,1.0,1.0,4.0,0.139958
3703551,IN,IN,RETA1,SEACO,17.37,4.0,1.0,1.0,4.0,0.230282
3699135,IN,IN,CHEM1,VEGET,28.99,4.0,1.0,1.0,4.0,0.137979
3702339,IN,IN,TRAN1,PAPER,83.38,4.0,1.0,1.0,4.0,0.047973
3698482,IN,IN,REFIN,RENTI,72.16,4.0,1.0,1.0,4.0,0.055432
3699129,IN,IN,PFERT,PUBLI,32.41,4.0,1.0,1.0,4.0,0.123419
3697491,IN,IN,TEXTI,EDUCA,19.16,4.0,1.0,1.0,4.0,0.208768
3698160,IN,IN,MOTOR,FISHF,135.1,4.0,1.0,1.0,4.0,0.029608
3696113,IN,IN,CRUDE,PETRO,60.56,4.0,1.0,1.0,4.0,0.06605
3705292,IN,IN,BUSIN,FORES,33.99,4.0,1.0,1.0,4.0,0.117682
3705291,IN,IN,BUSIN,CROPS,31.75,4.0,1.0,1.0,4.0,0.125984
3699322,IN,IN,BIOGA,COLLE,29.94,4.0,1.0,1.0,4.0,0.133601
3705287,IN,IN,BUSIN,VEGET,27.64,4.0,1.0,1.0,4.0,0.144718
3699122,IN,IN,PFERT,COLLE,29.94,4.0,1.0,1.0,4.0,0.133601
3699334,IN,IN,BIOGA,93197,31.02,4.0,1.0,1.0,4.0,0.128949
3695465,IN,IN,POULT,CHEM1,3.5,4.0,1.0,1.0,4.0,1.142857
3703550,IN,IN,RETA1,TRAN2,18.21,4.0,1.0,1.0,4.0,0.21966
3705896,IN,IN,WASTE,MOTO1,26.13,4.0,1.0,1.0,4.0,0.153081
3699144,IN,IN,CHEM1,RAWMI,30.71,4.0,1.0,1.0,4.0,0.130251
3697567,IN,IN,WEARI,ELECT,28.0,4.0,1.0,1.0,4.0,0.142857
3697564,IN,IN,WEARI,FABRI,26.15,4.0,1.0,1.0,4.0,0.152964
3701241,IN,IN,FURNI,PADDY,35.67,4.0,1.0,1.0,4.0,0.112139
3703974,IN,IN,TRAN2,NATUR,41.96,4.0,1.0,1.0,4.0,0.095329
3702499,IN,IN,DISTR,FABRI,83.16,4.0,1.0,1.0,4.0,0.0481
3697556,IN,IN,WEARI,NONME,23.97,4.0,1.0,1.0,4.0,0.166875
3702658,IN,IN,BLAST,COLLE,60.69,4.0,1.0,1.0,4.0,0.065909
3699210,IN,IN,CHEM1,LEAD1,27.09,4.0,1.0,1.0,4.0,0.147656
3704504,IN,IN,POSTT,SALEM,41.57,4.0,1.0,1.0,4.0,0.096223
3699165,IN,IN,CHEM1,PROCE,26.7,4.0,1.0,1.0,4.0,0.149813
3699159,IN,IN,CHEM1,MEATC,31.35,4.0,1.0,1.0,4.0,0.127592
3702081,IN,IN,ELEC6,GLASS,99.13,4.0,1.0,1.0,4.0,0.040351
3699228,IN,IN,CHEM1,DIST1,28.01,4.0,1.0,1.0,4.0,0.142806
3699229,IN,IN,CHEM1,COLLE,29.94,4.0,1.0,1.0,4.0,0.133601
3697980,IN,IN,PAPER,TRAN2,13.23,4.0,1.0,1.0,4.0,0.302343
3702503,IN,IN,DISTR,RADIO,79.29,4.0,1.0,1.0,4.0,0.050448
3699254,IN,IN,BIOGA,FISHF,27.88,4.0,1.0,1.0,4.0,0.143472
3700903,IN,IN,RADIO,TEXTI,35.79,4.0,1.0,1.0,4.0,0.111763
3705369,IN,IN,BUSIN,MEDIC,27.77,4.0,1.0,1.0,4.0,0.14404
3705713,IN,IN,FOOD3,TEXTI,30.26,4.0,1.0,1.0,4.0,0.132188
3699433,IN,IN,RUBBE,NONME,25.53,4.0,1.0,1.0,4.0,0.156678
3706063,IN,IN,MEMBE,RESEA,9.09,4.0,1.0,1.0,4.0,0.440044
3704578,IN,IN,FINAN,LEATH,59.85,4.0,1.0,1.0,4.0,0.066834
3699445,IN,IN,RUBBE,RADIO,23.09,4.0,1.0,1.0,4.0,0.173235
3701342,IN,IN,FURNI,SALEM,38.99,4.0,1.0,1.0,4.0,0.10259
3695314,IN,IN,CATTL,RAWMI,8.27,4.0,1.0,1.0,4.0,0.483676
3705386,IN,IN,BUSIN,DIST1,34.0,4.0,1.0,1.0,4.0,0.117647
3703404,IN,IN,WHOLE,BLAST,20.31,4.0,1.0,1.0,4.0,0.196947
3703403,IN,IN,WHOLE,COKE1,18.45,4.0,1.0,1.0,4.0,0.216802
3704600,IN,IN,FINAN,NFERT,49.43,4.0,1.0,1.0,4.0,0.080923
3705548,IN,IN,EDUCA,93197,16.85,4.0,1.0,1.0,4.0,0.237389
3699075,IN,IN,PFERT,WOODW,34.3,4.0,1.0,1.0,4.0,0.116618
3699502,IN,IN,GLASS,LEATH,33.02,4.0,1.0,1.0,4.0,0.121139
3700587,IN,IN,MACHI,TEXTI,34.04,4.0,1.0,1.0,4.0,0.117509
3705213,IN,IN,COMPU,TRANS,38.87,4.0,1.0,1.0,4.0,0.102907
3703386,IN,IN,WHOLE,OFFIC,18.7,4.0,1.0,1.0,4.0,0.213904
3701336,IN,IN,FURNI,TRAN1,38.34,4.0,1.0,1.0,4.0,0.10433
3695284,IN,IN,CROPS,FURNI,8.07,4.0,1.0,1.0,4.0,0.495663
3701659,IN,IN,ELEC2,COLLE,60.49,4.0,1.0,1.0,4.0,0.066127
3695368,IN,IN,CATTL,PUBLI,8.44,4.0,1.0,1.0,4.0,0.473934
3697458,IN,IN,TEXTI,RADIO,22.12,4.0,1.0,1.0,4.0,0.180832
3699089,IN,IN,PFERT,BITU1,34.27,4.0,1.0,1.0,4.0,0.11672
3703438,IN,IN,RETA1,CEREA,19.4,4.0,1.0,1.0,4.0,0.206186
3703955,IN,IN,LANDT,RESEA,35.66,4.0,1.0,1.0,4.0,0.11217
3706017,IN,IN,MEMBE,COPP1,10.52,4.0,1.0,1.0,4.0,0.380228
3697446,IN,IN,TEXTI,NONME,21.24,4.0,1.0,1.0,4.0,0.188324
3699386,IN,IN,RUBBE,MEATC,24.02,4.0,1.0,1.0,4.0,0.166528
3697435,IN,IN,TEXTI,NFERT,21.9,4.0,1.0,1.0,4.0,0.182648
3699394,IN,IN,RUBBE,FOOD5,26.97,4.0,1.0,1.0,4.0,0.148313
3695394,IN,IN,PIGS9,PAPER,4.38,4.0,1.0,1.0,4.0,0.913242
3702482,IN,IN,DISTR,CHEM1,78.44,4.0,1.0,1.0,4.0,0.050994
3699400,IN,IN,RUBBE,LEATH,26.66,4.0,1.0,1.0,4.0,0.150038
3703576,IN,IN,HOTEL,OILSE,15.18,4.0,1.0,1.0,4.0,0.263505
3697629,IN,IN,LEATH,WOODW,25.85,4.0,1.0,1.0,4.0,0.154739
3704290,IN,IN,SUPPO,NATUR,31.59,4.0,1.0,1.0,4.0,0.126622
3704567,IN,IN,FINAN,MEAT4,56.21,4.0,1.0,1.0,4.0,0.071162
3699413,IN,IN,RUBBE,LIQUE,27.2,4.0,1.0,1.0,4.0,0.147059
3703581,IN,IN,HOTEL,FISHF,14.23,4.0,1.0,1.0,4.0,0.281096
3706045,IN,IN,MEMBE,SALEM,9.31,4.0,1.0,1.0,4.0,0.429646
3695391,IN,IN,PIGS9,TEXTI,4.71,4.0,1.0,1.0,4.0,0.849257
3703645,IN,IN,HOTEL,COPP1,15.5,4.0,1.0,1.0,4.0,0.258065
3701413,IN,IN,SECO9,MACHI,21.2,4.0,1.0,1.0,4.0,0.188679
3703053,IN,IN,CONST,ELEC3,19.93,4.0,1.0,1.0,4.0,0.200702
3698833,IN,IN,PETRO,GLASS,76.05,4.0,1.0,1.0,4.0,0.052597
3701280,IN,IN,FURNI,PAPER,32.13,4.0,1.0,1.0,4.0,0.124494
3706357,IN,IN,PRIVA,PROCE,7.47,4.0,1.0,1.0,4.0,0.535475
3704843,IN,IN,AUXIL,PAPER,52.56,4.0,1.0,1.0,4.0,0.076104
3694770,IN,IN,WHEAT,BEVER,7.4,4.0,1.0,1.0,4.0,0.540541
3698105,IN,IN,PRINT,AIRTR,19.76,4.0,1.0,1.0,4.0,0.202429
3700435,IN,IN,FABRI,VEGET,30.14,4.0,1.0,1.0,4.0,0.132714
3694753,IN,IN,WHEAT,VEGET,7.11,4.0,1.0,1.0,4.0,0.562588
3703756,IN,IN,RAILW,HEAVY,68.75,4.0,1.0,1.0,4.0,0.058182
3700659,IN,IN,MACHI,TRAN2,33.07,4.0,1.0,1.0,4.0,0.120956
3695722,IN,IN,FORES,MOTOR,2.47,4.0,1.0,1.0,4.0,1.619433
3701138,IN,IN,MOTO1,RETA1,36.91,4.0,1.0,1.0,4.0,0.108372
3701272,IN,IN,FURNI,BEVER,37.47,4.0,1.0,1.0,4.0,0.106752
3705073,IN,IN,RENTI,CRUDE,62.18,4.0,1.0,1.0,4.0,0.064329
3696981,IN,IN,PROCE,RUBBE,24.81,4.0,1.0,1.0,4.0,0.161225
3705482,IN,IN,EDUCA,PRINT,15.92,4.0,1.0,1.0,4.0,0.251256
3694903,IN,IN,CEREA,RECRE,13.53,4.0,1.0,1.0,4.0,0.295639
3703043,IN,IN,CONST,OFFIC,21.56,4.0,1.0,1.0,4.0,0.185529
3698273,IN,IN,MOTOR,RECRE,126.11,4.0,1.0,1.0,4.0,0.031718
3700669,IN,IN,MACHI,COMPU,26.63,4.0,1.0,1.0,4.0,0.150207
3704878,IN,IN,AUXIL,COPP1,57.08,4.0,1.0,1.0,4.0,0.070077
3704354,IN,IN,SUPPO,MEDIC,35.02,4.0,1.0,1.0,4.0,0.11422
3706347,IN,IN,PRIVA,NONFE,7.17,4.0,1.0,1.0,4.0,0.55788
3700842,IN,IN,ELECT,DISTR,39.64,4.0,1.0,1.0,4.0,0.100908
3705063,IN,IN,RENTI,CEREA,67.73,4.0,1.0,1.0,4.0,0.059058
3696255,IN,IN,IRONO,NONME,14.88,4.0,1.0,1.0,4.0,0.268817
3695831,IN,IN,FISHF,MACHI,5.24,4.0,1.0,1.0,4.0,0.763359
3700634,IN,IN,MACHI,RADIO,29.35,4.0,1.0,1.0,4.0,0.136286
3704773,IN,IN,INSUR,HOTEL,79.29,4.0,1.0,1.0,4.0,0.050448
3697760,IN,IN,WOODW,BASIC,20.97,4.0,1.0,1.0,4.0,0.190749
3701117,IN,IN,MOTO1,FURNI,33.08,4.0,1.0,1.0,4.0,0.120919
3701944,IN,IN,ELEC5,FISH5,46.43,4.0,1.0,1.0,4.0,0.086151
3699969,IN,IN,PREC1,NONME,47.42,4.0,1.0,1.0,4.0,0.084353
3704791,IN,IN,INSUR,HEALT,72.96,4.0,1.0,1.0,4.0,0.054825
3697772,IN,IN,WOODW,MEDIC,17.99,4.0,1.0,1.0,4.0,0.222346
3695824,IN,IN,FISHF,RUBBE,4.88,4.0,1.0,1.0,4.0,0.819672
3704373,IN,IN,SUPPO,COLLE,35.32,4.0,1.0,1.0,4.0,0.11325
3702406,IN,IN,TRAN1,SUPPO,68.34,4.0,1.0,1.0,4.0,0.058531
3700308,IN,IN,NONF1,RADIO,25.59,4.0,1.0,1.0,4.0,0.156311
3704801,IN,IN,AUXIL,VEGET,62.5,4.0,1.0,1.0,4.0,0.064
3698855,IN,IN,PETRO,RENTI,72.16,4.0,1.0,1.0,4.0,0.055432
3700649,IN,IN,MACHI,DIST1,28.95,4.0,1.0,1.0,4.0,0.138169
3702415,IN,IN,TRAN1,BUSIN,80.12,4.0,1.0,1.0,4.0,0.049925
3702413,IN,IN,TRAN1,COMPU,81.75,4.0,1.0,1.0,4.0,0.04893
3703086,IN,IN,CONST,RESEA,20.85,4.0,1.0,1.0,4.0,0.191847
3694951,IN,IN,VEGET,RUBBE,8.04,4.0,1.0,1.0,4.0,0.497512
3700833,IN,IN,ELECT,ELEC1,34.5,4.0,1.0,1.0,4.0,0.115942
3698291,IN,IN,KERO1,FISHF,123.1,4.0,1.0,1.0,4.0,0.032494
3705064,IN,IN,RENTI,VEGET,63.41,4.0,1.0,1.0,4.0,0.063082
3703015,IN,IN,CONST,NAPHT,18.62,4.0,1.0,1.0,4.0,0.214823
3700820,IN,IN,ELECT,COPP1,41.2,4.0,1.0,1.0,4.0,0.097087
3702941,IN,IN,COLLE,POSTT,42.1,4.0,1.0,1.0,4.0,0.095012
3704931,IN,IN,AUXIL,HEALT,61.27,4.0,1.0,1.0,4.0,0.065285
3704936,IN,IN,AUXIL,93197,59.51,4.0,1.0,1.0,4.0,0.067216
3702946,IN,IN,COLLE,RENTI,40.11,4.0,1.0,1.0,4.0,0.099726
3702897,IN,IN,COLLE,PREC1,45.9,4.0,1.0,1.0,4.0,0.087146
3700956,IN,IN,RADIO,CONST,32.65,4.0,1.0,1.0,4.0,0.122511
3702703,IN,IN,BIOG1,COLLE,60.69,4.0,1.0,1.0,4.0,0.065909
3700229,IN,IN,COPP1,MOTO1,62.26,4.0,1.0,1.0,4.0,0.064247
3698140,IN,IN,COKEO,ELECT,38.02,4.0,1.0,1.0,4.0,0.105208
3704180,IN,IN,AIRTR,PRINT,37.06,4.0,1.0,1.0,4.0,0.107933
3698729,IN,IN,LUBRI,RENTI,72.16,4.0,1.0,1.0,4.0,0.055432
3697891,IN,IN,PAPER,MEATC,14.51,4.0,1.0,1.0,4.0,0.275672
3700920,IN,IN,RADIO,RUBBE,34.56,4.0,1.0,1.0,4.0,0.115741
3695752,IN,IN,FORES,FOUND,2.28,4.0,1.0,1.0,4.0,1.754386
3702935,IN,IN,COLLE,RAILW,44.89,4.0,1.0,1.0,4.0,0.089107
3696755,IN,IN,VEGE1,PADDY,17.3,4.0,1.0,1.0,4.0,0.231214
3703838,IN,IN,LANDT,CATTL,37.58,4.0,1.0,1.0,4.0,0.10644
3703859,IN,IN,LANDT,MEAT4,31.73,4.0,1.0,1.0,4.0,0.126064
3701252,IN,IN,FURNI,BITUM,35.46,4.0,1.0,1.0,4.0,0.112803
3704174,IN,IN,AIRTR,TEXTI,38.35,4.0,1.0,1.0,4.0,0.104302
3697867,IN,IN,PULP5,AUXIL,12.21,4.0,1.0,1.0,4.0,0.3276
3696833,IN,IN,VEGE1,HEALT,16.17,4.0,1.0,1.0,4.0,0.247372
3702907,IN,IN,COLLE,RADIO,40.94,4.0,1.0,1.0,4.0,0.097704
3694845,IN,IN,CEREA,BEVER,14.61,4.0,1.0,1.0,4.0,0.273785
3702962,IN,IN,CONST,OILSE,21.21,4.0,1.0,1.0,4.0,0.18859
3703008,IN,IN,CONST,KEROS,20.09,4.0,1.0,1.0,4.0,0.199104
3696930,IN,IN,DAIRY,RECRE,66.56,4.0,1.0,1.0,4.0,0.060096
3697905,IN,IN,PAPER,LEATH,11.45,4.0,1.0,1.0,4.0,0.349345
3706390,IN,IN,PRIVA,CHARC,6.42,4.0,1.0,1.0,4.0,0.623053
3703001,IN,IN,CONST,WOODW,20.91,4.0,1.0,1.0,4.0,0.191296
3700144,IN,IN,LEAD1,FABRI,41.4,4.0,1.0,1.0,4.0,0.096618
3700147,IN,IN,LEAD1,ELECT,43.58,4.0,1.0,1.0,4.0,0.091785
3703789,IN,IN,RAILW,ELECT,66.76,4.0,1.0,1.0,4.0,0.059916
3698783,IN,IN,PARAF,GASDI,45.27,4.0,1.0,1.0,4.0,0.088359
3698259,IN,IN,MOTOR,FINAN,127.23,4.0,1.0,1.0,4.0,0.031439
3702842,IN,IN,COLLE,BITUM,41.06,4.0,1.0,1.0,4.0,0.097418
3702831,IN,IN,COLLE,VEGET,40.4,4.0,1.0,1.0,4.0,0.09901
3705052,IN,IN,REALE,BUSIN,201.57,4.0,1.0,1.0,4.0,0.019844
3697835,IN,IN,PULP5,PLAST,11.25,4.0,1.0,1.0,4.0,0.355556
3695732,IN,IN,FORES,PETRO,2.02,4.0,1.0,1.0,4.0,1.980198
3705521,IN,IN,EDUCA,COLLE,14.31,4.0,1.0,1.0,4.0,0.279525
3698770,IN,IN,BITU1,DIST1,145.27,4.0,1.0,1.0,4.0,0.027535
3702977,IN,IN,CONST,NATUR,20.89,4.0,1.0,1.0,4.0,0.191479
3706398,IN,IN,PRIVA,NONME,6.31,4.0,1.0,1.0,4.0,0.633914
3705044,IN,IN,REALE,POSTT,191.68,4.0,1.0,1.0,4.0,0.020868
3698193,IN,IN,MOTOR,HEAVY,134.31,4.0,1.0,1.0,4.0,0.029782
3705629,IN,IN,HEALT,RADIO,29.6,4.0,1.0,1.0,4.0,0.135135
3706405,IN,IN,PRIVA,FOUND,6.71,4.0,1.0,1.0,4.0,0.596125
3704918,IN,IN,AUXIL,AIRTR,57.74,4.0,1.0,1.0,4.0,0.069276
3697109,IN,IN,FOOD5,CATTL,10.19,4.0,1.0,1.0,4.0,0.392542
3700440,IN,IN,FABRI,FORES,27.66,4.0,1.0,1.0,4.0,0.144613
3705124,IN,IN,RENTI,CHARC,68.83,4.0,1.0,1.0,4.0,0.058114
3704415,IN,IN,POSTT,BITUM,41.15,4.0,1.0,1.0,4.0,0.097205
3699790,IN,IN,NONME,ALUM1,34.72,4.0,1.0,1.0,4.0,0.115207
3697943,IN,IN,PAPER,COPP1,13.61,4.0,1.0,1.0,4.0,0.293902
3700318,IN,IN,NONF1,ELEC5,24.0,4.0,1.0,1.0,4.0,0.166667
3696608,IN,IN,MEATC,MEMBE,23.75,4.0,1.0,1.0,4.0,0.168421
3705128,IN,IN,RENTI,GLASS,62.7,4.0,1.0,1.0,4.0,0.063796
3704255,IN,IN,AIRTR,REALE,34.97,4.0,1.0,1.0,4.0,0.114384
3697251,IN,IN,BEVER,MEMBE,18.04,4.0,1.0,1.0,4.0,0.221729
3701831,IN,IN,ELEC4,TEXTI,50.6,4.0,1.0,1.0,4.0,0.079051
3696605,IN,IN,MEATC,HEALT,23.84,4.0,1.0,1.0,4.0,0.167785
3702794,IN,IN,DIST1,ELEC5,29.4,4.0,1.0,1.0,4.0,0.136054
3695188,IN,IN,PLANT,ELECT,5.42,4.0,1.0,1.0,4.0,0.738007
3700310,IN,IN,NONF1,MOTO1,23.83,4.0,1.0,1.0,4.0,0.167856
3700806,IN,IN,ELECT,CHEM1,40.57,4.0,1.0,1.0,4.0,0.098595
3705447,IN,IN,PUBLI,RETA1,43.06,4.0,1.0,1.0,4.0,0.092894
3698594,IN,IN,LIQUE,BUSIN,128.99,4.0,1.0,1.0,4.0,0.03101
3703194,IN,IN,SALEM,PUBLI,15.37,4.0,1.0,1.0,4.0,0.260247
3699015,IN,IN,NFERT,KEROS,37.17,4.0,1.0,1.0,4.0,0.107614
3701064,IN,IN,MOTO1,BITUM,29.7,4.0,1.0,1.0,4.0,0.13468
3704050,IN,IN,TRAN2,COLLE,43.83,4.0,1.0,1.0,4.0,0.091262
3701825,IN,IN,ELEC4,PROCE,45.15,4.0,1.0,1.0,4.0,0.088594
3699703,IN,IN,CEMEN,GLASS,35.36,4.0,1.0,1.0,4.0,0.113122
3697940,IN,IN,PAPER,PREC1,11.75,4.0,1.0,1.0,4.0,0.340426
3698977,IN,IN,PLAST,ELECT,38.41,4.0,1.0,1.0,4.0,0.10414
3706203,IN,IN,93197,FISHF,19.46,4.0,1.0,1.0,4.0,0.20555
3699749,IN,IN,NONME,FOOD5,37.89,4.0,1.0,1.0,4.0,0.105569
3703244,IN,IN,RETAI,CERAM,36.22,4.0,1.0,1.0,4.0,0.110436
3706195,IN,IN,93197,PADDY,18.17,4.0,1.0,1.0,4.0,0.220143
3695152,IN,IN,PLANT,WOODW,5.79,4.0,1.0,1.0,4.0,0.690846
3704700,IN,IN,INSUR,TEXTI,73.94,4.0,1.0,1.0,4.0,0.054098
3703661,IN,IN,HOTEL,ELEC4,12.78,4.0,1.0,1.0,4.0,0.312989
3702603,IN,IN,COKE1,COLLE,60.69,4.0,1.0,1.0,4.0,0.065909
3703233,IN,IN,RETAI,PRINT,31.12,4.0,1.0,1.0,4.0,0.128535
3703280,IN,IN,RETAI,RAILW,32.88,4.0,1.0,1.0,4.0,0.121655
3703232,IN,IN,RETAI,PAPER,30.21,4.0,1.0,1.0,4.0,0.132406
3697700,IN,IN,WOODW,FORES,19.77,4.0,1.0,1.0,4.0,0.202327
3699778,IN,IN,NONME,CHEM1,38.93,4.0,1.0,1.0,4.0,0.102749
3695121,IN,IN,SUGAR,HOTEL,78.56,4.0,1.0,1.0,4.0,0.050916
3702734,IN,IN,DIST1,BEVER,35.78,4.0,1.0,1.0,4.0,0.111794
3699006,IN,IN,NFERT,PLANT,32.15,4.0,1.0,1.0,4.0,0.124417
3699843,IN,IN,BASIC,WOODW,46.22,4.0,1.0,1.0,4.0,0.086543
3702425,IN,IN,DISTR,WHEAT,94.38,4.0,1.0,1.0,4.0,0.042382
3698597,IN,IN,LIQUE,HEALT,152.93,4.0,1.0,1.0,4.0,0.026156
3704262,IN,IN,AIRTR,HEALT,33.96,4.0,1.0,1.0,4.0,0.117786
3700483,IN,IN,FABRI,NAPHT,33.22,4.0,1.0,1.0,4.0,0.120409
3706271,IN,IN,93197,FABRI,19.73,4.0,1.0,1.0,4.0,0.202737
3701843,IN,IN,ELEC4,GASDI,46.93,4.0,1.0,1.0,4.0,0.085233
3699022,IN,IN,NFERT,NAPHT,34.68,4.0,1.0,1.0,4.0,0.11534
3702745,IN,IN,DIST1,MOTOR,32.11,4.0,1.0,1.0,4.0,0.124572
3699636,IN,IN,BRICK,CERAM,33.11,4.0,1.0,1.0,4.0,0.120809
3696647,IN,IN,MEATP,MEMBE,6.57,4.0,1.0,1.0,4.0,0.608828
3704664,IN,IN,FINAN,RESEA,59.18,4.0,1.0,1.0,4.0,0.06759
3700551,IN,IN,MACHI,PADDY,30.16,4.0,1.0,1.0,4.0,0.132626
3696155,IN,IN,NATUR,LIQUE,68.25,4.0,1.0,1.0,4.0,0.058608
3700818,IN,IN,ELECT,ALUM1,33.8,4.0,1.0,1.0,4.0,0.118343
3703154,IN,IN,SALEM,GLASS,18.12,4.0,1.0,1.0,4.0,0.220751
3705166,IN,IN,RENTI,SUPPO,57.82,4.0,1.0,1.0,4.0,0.06918
3701551,IN,IN,ELEC1,RAILW,53.05,4.0,1.0,1.0,4.0,0.075401
3701801,IN,IN,ELEC4,PADDY,49.74,4.0,1.0,1.0,4.0,0.080418
3697706,IN,IN,WOODW,NATUR,19.79,4.0,1.0,1.0,4.0,0.202122
3700972,IN,IN,RADIO,AUXIL,38.69,4.0,1.0,1.0,4.0,0.103386
3704749,IN,IN,INSUR,MOTO1,78.89,4.0,1.0,1.0,4.0,0.050704
3701432,IN,IN,SECO9,CONST,21.02,4.0,1.0,1.0,4.0,0.190295
3705786,IN,IN,FOOD3,HOTEL,19.11,3.0,1.0,1.0,3.0,0.156986
3696203,IN,IN,NATUR,TRAN2,52.59,3.0,1.0,1.0,3.0,0.057045
3696201,IN,IN,NATUR,WHOLE,49.14,3.0,1.0,1.0,3.0,0.06105
3697865,IN,IN,PULP5,RETAI,7.55,3.0,1.0,1.0,3.0,0.397351
3696223,IN,IN,NATU1,LIQUE,65.03,3.0,1.0,1.0,3.0,0.046133
3705344,IN,IN,BUSIN,PLAST,21.8,3.0,1.0,1.0,3.0,0.137615
3701464,IN,IN,ELEC1,NATUR,30.48,3.0,1.0,1.0,3.0,0.098425
3700673,IN,IN,MACHI,EDUCA,21.2,3.0,1.0,1.0,3.0,0.141509
3700976,IN,IN,RADIO,RESEA,26.33,3.0,1.0,1.0,3.0,0.113938
3703930,IN,IN,LANDT,BLAST,29.43,3.0,1.0,1.0,3.0,0.101937
3705764,IN,IN,FOOD3,FURNI,19.77,3.0,1.0,1.0,3.0,0.151745
3698988,IN,IN,PLAST,COLLE,29.94,3.0,1.0,1.0,3.0,0.1002
3699169,IN,IN,CHEM1,FISH5,22.89,3.0,1.0,1.0,3.0,0.131062
3703609,IN,IN,HOTEL,WEARI,11.34,3.0,1.0,1.0,3.0,0.26455
3697701,IN,IN,WOODW,FISHF,13.18,3.0,1.0,1.0,3.0,0.227618
3705850,IN,IN,WASTE,WOODW,20.06,3.0,1.0,1.0,3.0,0.149551
3704480,IN,IN,POSTT,ELECT,29.02,3.0,1.0,1.0,3.0,0.103377
3697863,IN,IN,PULP5,COLLE,8.12,3.0,1.0,1.0,3.0,0.369458
3697841,IN,IN,PULP5,RUBBE,7.87,3.0,1.0,1.0,3.0,0.381194
3703891,IN,IN,LANDT,PFERT,27.37,3.0,1.0,1.0,3.0,0.109609
3705498,IN,IN,EDUCA,MACHI,10.22,3.0,1.0,1.0,3.0,0.293542
3700716,IN,IN,OFFIC,MACHI,28.39,3.0,1.0,1.0,3.0,0.105671
3699152,IN,IN,CHEM1,NATUR,22.72,3.0,1.0,1.0,3.0,0.132042
3703929,IN,IN,LANDT,COKE1,28.87,3.0,1.0,1.0,3.0,0.103914
3705908,IN,IN,WASTE,DISTR,18.56,3.0,1.0,1.0,3.0,0.161638
3703540,IN,IN,RETA1,DIST1,14.82,3.0,1.0,1.0,3.0,0.202429
3695739,IN,IN,FORES,BIODI,1.47,3.0,1.0,1.0,3.0,2.040816
3698723,IN,IN,LUBRI,BLAST,53.02,3.0,1.0,1.0,3.0,0.056582
3705920,IN,IN,WASTE,HOTEL,22.89,3.0,1.0,1.0,3.0,0.131062
3700612,IN,IN,MACHI,PFERT,24.91,3.0,1.0,1.0,3.0,0.120434
3705859,IN,IN,WASTE,GASDI,17.36,3.0,1.0,1.0,3.0,0.172811
3701421,IN,IN,SECO9,SECO9,17.09,3.0,1.0,1.0,3.0,0.175541
3705762,IN,IN,FOOD3,MOTO1,21.59,3.0,1.0,1.0,3.0,0.138953
3703602,IN,IN,HOTEL,PROCE,9.88,3.0,1.0,1.0,3.0,0.303644
3698722,IN,IN,LUBRI,COKE1,52.77,3.0,1.0,1.0,3.0,0.05685
3695799,IN,IN,FISHF,TEXTI,4.07,3.0,1.0,1.0,3.0,0.737101
3704408,IN,IN,POSTT,OILSE,30.71,3.0,1.0,1.0,3.0,0.097688
3697970,IN,IN,PAPER,DIST1,10.8,3.0,1.0,1.0,3.0,0.277778
3697589,IN,IN,WEARI,SALEM,20.2,3.0,1.0,1.0,3.0,0.148515
3698643,IN,IN,NAPHT,RUBBE,99.96,3.0,1.0,1.0,3.0,0.030012
3702733,IN,IN,DIST1,FOOD5,24.99,3.0,1.0,1.0,3.0,0.120048
3697597,IN,IN,WEARI,AIRTR,20.26,3.0,1.0,1.0,3.0,0.148075
3700979,IN,IN,RADIO,EDUCA,23.8,3.0,1.0,1.0,3.0,0.12605
3704442,IN,IN,POSTT,MOTOR,25.88,3.0,1.0,1.0,3.0,0.11592
3701655,IN,IN,ELEC2,TRAN1,39.7,3.0,1.0,1.0,3.0,0.075567
3703578,IN,IN,HOTEL,PLANT,10.67,3.0,1.0,1.0,3.0,0.281162
3698596,IN,IN,LIQUE,EDUCA,111.27,3.0,1.0,1.0,3.0,0.026961
3700650,IN,IN,MACHI,COLLE,21.95,3.0,1.0,1.0,3.0,0.136674
3705793,IN,IN,FOOD3,SUPPO,17.31,3.0,1.0,1.0,3.0,0.17331
3703742,IN,IN,RAILW,TOBAC,54.77,3.0,1.0,1.0,3.0,0.054775
3702516,IN,IN,DISTR,COLLE,60.69,3.0,1.0,1.0,3.0,0.049432
3698667,IN,IN,NAPHT,ELEC5,119.38,3.0,1.0,1.0,3.0,0.02513
3697736,IN,IN,WOODW,GASDI,12.89,3.0,1.0,1.0,3.0,0.232739
3695821,IN,IN,FISHF,CHARC,3.06,3.0,1.0,1.0,3.0,0.980392
3698683,IN,IN,LUBRI,BITUM,57.49,3.0,1.0,1.0,3.0,0.052183
3704366,IN,IN,SUPPO,TRAN1,21.64,3.0,1.0,1.0,3.0,0.138632
3705375,IN,IN,BUSIN,ELEC3,24.7,3.0,1.0,1.0,3.0,0.121457
3697918,IN,IN,PAPER,LIQUE,11.42,3.0,1.0,1.0,3.0,0.262697
3698859,IN,IN,NONSP,BITUM,122.63,3.0,1.0,1.0,3.0,0.024464
3705900,IN,IN,WASTE,ELEC1,17.71,3.0,1.0,1.0,3.0,0.169396
3698906,IN,IN,NONSP,DIST1,91.05,3.0,1.0,1.0,3.0,0.032949
3697755,IN,IN,WOODW,GLASS,12.45,3.0,1.0,1.0,3.0,0.240964
3705458,IN,IN,PUBLI,MEMBE,35.19,3.0,1.0,1.0,3.0,0.085251
3703921,IN,IN,LANDT,ELEC3,22.02,3.0,1.0,1.0,3.0,0.13624
3698902,IN,IN,NONSP,COKE1,103.59,3.0,1.0,1.0,3.0,0.02896
3698903,IN,IN,NONSP,BLAST,104.1,3.0,1.0,1.0,3.0,0.028818
3698872,IN,IN,NONSP,NAPHT,111.68,3.0,1.0,1.0,3.0,0.026862
3705455,IN,IN,PUBLI,HEALT,32.7,3.0,1.0,1.0,3.0,0.091743
3705794,IN,IN,FOOD3,POSTT,19.4,3.0,1.0,1.0,3.0,0.154639
3697766,IN,IN,WOODW,FOUND,12.78,3.0,1.0,1.0,3.0,0.234742
3704308,IN,IN,SUPPO,LEATH,24.89,3.0,1.0,1.0,3.0,0.12053
3698865,IN,IN,NONSP,KEROS,119.35,3.0,1.0,1.0,3.0,0.025136
3701481,IN,IN,ELEC1,BEVER,33.06,3.0,1.0,1.0,3.0,0.090744
3703944,IN,IN,LANDT,SEACO,29.98,3.0,1.0,1.0,3.0,0.100067
3700640,IN,IN,MACHI,ELEC1,20.97,3.0,1.0,1.0,3.0,0.143062
3697790,IN,IN,WOODW,POSTT,12.01,3.0,1.0,1.0,3.0,0.249792
3705870,IN,IN,WASTE,PLAST,21.63,3.0,1.0,1.0,3.0,0.138696
3697913,IN,IN,PAPER,KEROS,10.13,3.0,1.0,1.0,3.0,0.29615
3704399,IN,IN,SUPPO,FOOD3,21.44,3.0,1.0,1.0,3.0,0.139925
3696237,IN,IN,NATU1,AIRTR,54.1,3.0,1.0,1.0,3.0,0.055453
3703653,IN,IN,HOTEL,MEDIC,10.13,3.0,1.0,1.0,3.0,0.29615
3701453,IN,IN,ELEC1,VEGET,38.61,3.0,1.0,1.0,3.0,0.0777
3705439,IN,IN,PUBLI,MOTO1,33.03,3.0,1.0,1.0,3.0,0.090827
3697881,IN,IN,PAPER,PLANT,11.4,3.0,1.0,1.0,3.0,0.263158
3705808,IN,IN,FOOD3,MEMBE,17.1,3.0,1.0,1.0,3.0,0.175439
3704400,IN,IN,SUPPO,WASTE,21.41,3.0,1.0,1.0,3.0,0.140121
3696166,IN,IN,NATUR,CHEM1,53.43,3.0,1.0,1.0,3.0,0.056148
3698691,IN,IN,LUBRI,GASDI,60.09,3.0,1.0,1.0,3.0,0.049925
3698622,IN,IN,NAPHT,PRINT,92.51,3.0,1.0,1.0,3.0,0.032429
3705898,IN,IN,WASTE,FURNI,23.76,3.0,1.0,1.0,3.0,0.126263
3705536,IN,IN,EDUCA,AUXIL,12.88,3.0,1.0,1.0,3.0,0.232919
3703643,IN,IN,HOTEL,ALUM1,11.46,3.0,1.0,1.0,3.0,0.26178
3704348,IN,IN,SUPPO,FOUND,26.93,3.0,1.0,1.0,3.0,0.1114
3697955,IN,IN,PAPER,SECO9,9.01,3.0,1.0,1.0,3.0,0.332963
3695574,IN,IN,RAWMI,FISHF,56.92,3.0,1.0,1.0,3.0,0.052706
3704300,IN,IN,SUPPO,PROCE,27.89,3.0,1.0,1.0,3.0,0.107565
3700588,IN,IN,MACHI,WEARI,19.85,3.0,1.0,1.0,3.0,0.151134
3695723,IN,IN,FORES,KEROS,1.89,3.0,1.0,1.0,3.0,1.587302
3697799,IN,IN,WOODW,MEMBE,13.1,3.0,1.0,1.0,3.0,0.229008
3705535,IN,IN,EDUCA,INSUR,13.33,3.0,1.0,1.0,3.0,0.225056
3699117,IN,IN,PFERT,FURNI,23.45,3.0,1.0,1.0,3.0,0.127932
3703672,IN,IN,HOTEL,DIST1,12.21,3.0,1.0,1.0,3.0,0.2457
3705552,IN,IN,HEALT,VEGET,22.58,3.0,1.0,1.0,3.0,0.132861
3696163,IN,IN,NATUR,PLAST,49.92,3.0,1.0,1.0,3.0,0.060096
3704466,IN,IN,POSTT,CERAM,34.23,3.0,1.0,1.0,3.0,0.087642
3705374,IN,IN,BUSIN,ELEC2,20.34,3.0,1.0,1.0,3.0,0.147493
3698938,IN,IN,PLAST,PAPER,26.44,3.0,1.0,1.0,3.0,0.113464
3698588,IN,IN,LIQUE,FINAN,114.83,3.0,1.0,1.0,3.0,0.026126
3702506,IN,IN,DISTR,TRANS,61.42,3.0,1.0,1.0,3.0,0.048844
3697964,IN,IN,PAPER,TRAN1,8.91,3.0,1.0,1.0,3.0,0.3367
3703558,IN,IN,RETA1,AUXIL,12.28,3.0,1.0,1.0,3.0,0.2443
3703457,IN,IN,RETA1,CRUDE,15.55,3.0,1.0,1.0,3.0,0.192926
3697568,IN,IN,WEARI,RADIO,17.92,3.0,1.0,1.0,3.0,0.167411
3697088,IN,IN,SUGA1,WHOLE,16.09,3.0,1.0,1.0,3.0,0.186451
3706315,IN,IN,93197,RESEA,15.88,3.0,1.0,1.0,3.0,0.188917
3696673,IN,IN,MEAT1,WHOLE,11.05,3.0,1.0,1.0,3.0,0.271493
3704788,IN,IN,INSUR,RESEA,54.89,3.0,1.0,1.0,3.0,0.054655
3706304,IN,IN,93197,SEACO,15.33,3.0,1.0,1.0,3.0,0.195695
3704784,IN,IN,INSUR,AUXIL,60.46,3.0,1.0,1.0,3.0,0.04962
3705101,IN,IN,RENTI,WOODW,52.62,3.0,1.0,1.0,3.0,0.057013
3699965,IN,IN,PREC1,GLASS,29.73,3.0,1.0,1.0,3.0,0.100908
3703247,IN,IN,RETAI,NONME,25.17,3.0,1.0,1.0,3.0,0.11919
3695946,IN,IN,BITUM,FORES,38.98,3.0,1.0,1.0,3.0,0.076963
3699959,IN,IN,PREC1,PFERT,35.17,3.0,1.0,1.0,3.0,0.0853
3699957,IN,IN,PREC1,PLAST,28.74,3.0,1.0,1.0,3.0,0.104384
3706297,IN,IN,93197,SALEM,17.38,3.0,1.0,1.0,3.0,0.172612
3703132,IN,IN,SALEM,PAPER,12.33,3.0,1.0,1.0,3.0,0.243309
3705673,IN,IN,HEALT,FOOD3,23.15,3.0,1.0,1.0,3.0,0.12959
3699982,IN,IN,PREC1,MEDIC,33.65,3.0,1.0,1.0,3.0,0.089153
3704798,IN,IN,AUXIL,PADDY,41.84,3.0,1.0,1.0,3.0,0.071702
3700828,IN,IN,ELECT,MEDIC,29.0,3.0,1.0,1.0,3.0,0.103448
3702418,IN,IN,TRAN1,HEALT,61.99,3.0,1.0,1.0,3.0,0.048395
3703108,IN,IN,SALEM,RAWMI,11.96,3.0,1.0,1.0,3.0,0.250836
3696042,IN,IN,BITUM,BUSIN,51.61,3.0,1.0,1.0,3.0,0.058128
3700447,IN,IN,FABRI,NATUR,24.03,3.0,1.0,1.0,3.0,0.124844
3701874,IN,IN,ELEC4,MACHI,36.04,3.0,1.0,1.0,3.0,0.083241
3706332,IN,IN,PRIVA,PLANT,4.89,3.0,1.0,1.0,3.0,0.613497
3701875,IN,IN,ELEC4,OFFIC,29.22,3.0,1.0,1.0,3.0,0.102669
3694958,IN,IN,VEGET,MACHI,6.47,3.0,1.0,1.0,3.0,0.463679
3700042,IN,IN,ALUM1,PFERT,29.7,3.0,1.0,1.0,3.0,0.10101
3706351,IN,IN,PRIVA,MEATC,5.53,3.0,1.0,1.0,3.0,0.542495
3704835,IN,IN,AUXIL,BEVER,49.06,3.0,1.0,1.0,3.0,0.06115
3700059,IN,IN,ALUM1,FOUND,29.6,3.0,1.0,1.0,3.0,0.101351
3694928,IN,IN,VEGET,TEXTI,5.71,3.0,1.0,1.0,3.0,0.525394
3704846,IN,IN,AUXIL,MOTOR,38.39,3.0,1.0,1.0,3.0,0.078145
3705674,IN,IN,HEALT,WASTE,23.12,3.0,1.0,1.0,3.0,0.129758
3700467,IN,IN,FABRI,WEARI,25.55,3.0,1.0,1.0,3.0,0.117417
3701865,IN,IN,ELEC4,NONME,29.21,3.0,1.0,1.0,3.0,0.102705
3696054,IN,IN,LIGNI,BITUM,47.83,3.0,1.0,1.0,3.0,0.062722
3702788,IN,IN,DIST1,FURNI,21.97,3.0,1.0,1.0,3.0,0.13655
3699758,IN,IN,NONME,PAPER,24.36,3.0,1.0,1.0,3.0,0.123153
3695129,IN,IN,SUGAR,HEALT,60.88,3.0,1.0,1.0,3.0,0.049277
3705133,IN,IN,RENTI,BASIC,42.18,3.0,1.0,1.0,3.0,0.071124
3703228,IN,IN,RETAI,WEARI,22.66,3.0,1.0,1.0,3.0,0.132392
3700511,IN,IN,FABRI,OFFIC,26.06,3.0,1.0,1.0,3.0,0.115119
3699782,IN,IN,NONME,RUBBE,25.09,3.0,1.0,1.0,3.0,0.11957
3702434,IN,IN,DISTR,BITUM,64.1,3.0,1.0,1.0,3.0,0.046802
3706224,IN,IN,93197,FOOD5,13.62,3.0,1.0,1.0,3.0,0.220264
3702303,IN,IN,TRAN1,WHEAT,63.55,3.0,1.0,1.0,3.0,0.047207
3705125,IN,IN,RENTI,BIOGA,38.95,3.0,1.0,1.0,3.0,0.077022
3699803,IN,IN,NONME,FURNI,25.62,3.0,1.0,1.0,3.0,0.117096
3705927,IN,IN,WASTE,SUPPO,20.54,3.0,1.0,1.0,3.0,0.146056
3700493,IN,IN,FABRI,CHARC,21.54,3.0,1.0,1.0,3.0,0.139276
3703201,IN,IN,RETAI,PADDY,24.94,3.0,1.0,1.0,3.0,0.120289
3701864,IN,IN,ELEC4,CEMEN,33.43,3.0,1.0,1.0,3.0,0.08974
3700810,IN,IN,ELECT,RUBBE,30.88,3.0,1.0,1.0,3.0,0.09715
3697157,IN,IN,FOOD5,TRANS,7.57,3.0,1.0,1.0,3.0,0.396301
3697156,IN,IN,FOOD5,MOTO1,7.26,3.0,1.0,1.0,3.0,0.413223
3704744,IN,IN,INSUR,MACHI,51.96,3.0,1.0,1.0,3.0,0.057737
3703181,IN,IN,SALEM,CONST,13.17,3.0,1.0,1.0,3.0,0.22779
3704751,IN,IN,INSUR,FURNI,58.9,3.0,1.0,1.0,3.0,0.050934
3699861,IN,IN,BASIC,PFERT,31.9,3.0,1.0,1.0,3.0,0.094044
3697144,IN,IN,FOOD5,BIOGA,9.39,3.0,1.0,1.0,3.0,0.319489
3700816,IN,IN,ELECT,BASIC,31.99,3.0,1.0,1.0,3.0,0.093779
3702422,IN,IN,TRAN1,RECRE,49.23,3.0,1.0,1.0,3.0,0.060938
3699897,IN,IN,BASIC,DISTR,32.02,3.0,1.0,1.0,3.0,0.093691
3706275,IN,IN,93197,RADIO,12.93,3.0,1.0,1.0,3.0,0.232019
3699915,IN,IN,BASIC,BUSIN,32.82,3.0,1.0,1.0,3.0,0.091408
3703157,IN,IN,SALEM,CEMEN,13.48,3.0,1.0,1.0,3.0,0.222552
3701277,IN,IN,FURNI,LEATH,29.19,3.0,1.0,1.0,3.0,0.102775
3705618,IN,IN,HEALT,BASIC,22.04,3.0,1.0,1.0,3.0,0.136116
3695965,IN,IN,BITUM,BEVER,42.07,3.0,1.0,1.0,3.0,0.07131
3704177,IN,IN,AIRTR,WOODW,23.7,3.0,1.0,1.0,3.0,0.126582
3702381,IN,IN,TRAN1,RADIO,53.33,3.0,1.0,1.0,3.0,0.056254
3702377,IN,IN,TRAN1,FABRI,55.44,3.0,1.0,1.0,3.0,0.054113
3700228,IN,IN,COPP1,MEDIC,45.31,3.0,1.0,1.0,3.0,0.066211
3694816,IN,IN,WHEAT,BUSIN,5.13,3.0,1.0,1.0,3.0,0.584795
3696862,IN,IN,DAIRY,FOOD5,64.35,3.0,1.0,1.0,3.0,0.04662
3701907,IN,IN,ELEC4,REALE,39.35,3.0,1.0,1.0,3.0,0.076239
3696857,IN,IN,DAIRY,MEAT4,53.75,3.0,1.0,1.0,3.0,0.055814
3706429,IN,IN,PRIVA,DIST1,4.71,3.0,1.0,1.0,3.0,0.636943
3700244,IN,IN,COPP1,DIST1,38.24,3.0,1.0,1.0,3.0,0.078452
3702360,IN,IN,TRAN1,CHEM1,52.83,3.0,1.0,1.0,3.0,0.056786
3700871,IN,IN,ELECT,EDUCA,24.32,3.0,1.0,1.0,3.0,0.123355
3694797,IN,IN,WHEAT,COPP1,6.03,3.0,1.0,1.0,3.0,0.497512
3702921,IN,IN,COLLE,TRAN1,31.37,3.0,1.0,1.0,3.0,0.095633
3694793,IN,IN,WHEAT,BIOGA,4.87,3.0,1.0,1.0,3.0,0.616016
3696831,IN,IN,VEGE1,BUSIN,11.83,3.0,1.0,1.0,3.0,0.253593
3700210,IN,IN,COPP1,RUBBE,38.45,3.0,1.0,1.0,3.0,0.078023
3702903,IN,IN,COLLE,FABRI,36.92,3.0,1.0,1.0,3.0,0.081257
3698151,IN,IN,MOTOR,PADDY,89.71,3.0,1.0,1.0,3.0,0.033441
3702900,IN,IN,COLLE,COPP1,28.35,3.0,1.0,1.0,3.0,0.10582
3706445,IN,IN,PRIVA,INSUR,5.57,3.0,1.0,1.0,3.0,0.5386
3702349,IN,IN,TRAN1,LIQUE,56.3,3.0,1.0,1.0,3.0,0.053286
3705632,IN,IN,HEALT,TRANS,18.66,3.0,1.0,1.0,3.0,0.160772
3700306,IN,IN,NONF1,OFFIC,18.12,3.0,1.0,1.0,3.0,0.165563
3696775,IN,IN,VEGE1,BEVER,12.94,3.0,1.0,1.0,3.0,0.231839
3702868,IN,IN,COLLE,MOTOR,34.49,3.0,1.0,1.0,3.0,0.086982
3702865,IN,IN,COLLE,PAPER,29.06,3.0,1.0,1.0,3.0,0.103235
3698180,IN,IN,MOTOR,TEXTI,92.03,3.0,1.0,1.0,3.0,0.032598
3694778,IN,IN,WHEAT,PRINT,6.57,3.0,1.0,1.0,3.0,0.456621
3695996,IN,IN,BITUM,CERAM,45.46,3.0,1.0,1.0,3.0,0.065992
3705014,IN,IN,REALE,FURNI,152.86,3.0,1.0,1.0,3.0,0.019626
3700215,IN,IN,COPP1,NONME,40.91,3.0,1.0,1.0,3.0,0.073332
3700863,IN,IN,ELECT,FINAN,31.44,3.0,1.0,1.0,3.0,0.09542
3703052,IN,IN,CONST,ELEC2,14.0,3.0,1.0,1.0,3.0,0.214286
3702996,IN,IN,CONST,FISH5,15.92,3.0,1.0,1.0,3.0,0.188442
3701271,IN,IN,FURNI,FOOD5,29.26,3.0,1.0,1.0,3.0,0.102529
3705074,IN,IN,RENTI,NATUR,42.1,3.0,1.0,1.0,3.0,0.071259
3701156,IN,IN,MOTO1,EDUCA,25.92,3.0,1.0,1.0,3.0,0.115741
3706367,IN,IN,PRIVA,PULP5,5.23,3.0,1.0,1.0,3.0,0.573614
3700854,IN,IN,ELECT,HOTEL,27.66,3.0,1.0,1.0,3.0,0.10846
3706371,IN,IN,PRIVA,MOTOR,5.27,3.0,1.0,1.0,3.0,0.56926
3698272,IN,IN,MOTOR,MEMBE,105.08,3.0,1.0,1.0,3.0,0.02855
3702818,IN,IN,DIST1,RENTI,23.31,3.0,1.0,1.0,3.0,0.1287
3702820,IN,IN,DIST1,RESEA,25.75,3.0,1.0,1.0,3.0,0.116505
3703022,IN,IN,CONST,NFERT,14.23,3.0,1.0,1.0,3.0,0.210822
3705062,IN,IN,RENTI,WHEAT,49.17,3.0,1.0,1.0,3.0,0.061013
3694877,IN,IN,CEREA,COPP1,11.42,3.0,1.0,1.0,3.0,0.262697
3698119,IN,IN,PRINT,FOOD3,14.78,3.0,1.0,1.0,3.0,0.202977
3694870,IN,IN,CEREA,BIOGA,9.82,3.0,1.0,1.0,3.0,0.305499
3698120,IN,IN,PRINT,WASTE,14.76,3.0,1.0,1.0,3.0,0.203252
3694835,IN,IN,CEREA,FISHF,11.93,3.0,1.0,1.0,3.0,0.251467
3696926,IN,IN,DAIRY,HEALT,61.13,3.0,1.0,1.0,3.0,0.049076
3696924,IN,IN,DAIRY,BUSIN,53.63,3.0,1.0,1.0,3.0,0.055939
3702394,IN,IN,TRAN1,COLLE,60.69,3.0,1.0,1.0,3.0,0.049432
3702832,IN,IN,COLLE,OILSE,30.81,3.0,1.0,1.0,3.0,0.097371
3704143,IN,IN,AIRTR,VEGET,24.21,3.0,1.0,1.0,3.0,0.123916
3696918,IN,IN,DAIRY,RETA1,48.77,3.0,1.0,1.0,3.0,0.061513
3700401,IN,IN,FOUND,ELEC1,20.99,3.0,1.0,1.0,3.0,0.142925
3701895,IN,IN,ELEC4,HOTEL,39.28,3.0,1.0,1.0,3.0,0.076375
3706410,IN,IN,PRIVA,RADIO,5.27,3.0,1.0,1.0,3.0,0.56926
3702954,IN,IN,COLLE,WASTE,29.99,3.0,1.0,1.0,3.0,0.100033
3702953,IN,IN,COLLE,FOOD3,30.02,3.0,1.0,1.0,3.0,0.099933
3701897,IN,IN,ELEC4,LANDT,35.02,3.0,1.0,1.0,3.0,0.085665
3704222,IN,IN,AIRTR,FURNI,22.22,3.0,1.0,1.0,3.0,0.135014
3696888,IN,IN,DAIRY,CHEM1,63.38,3.0,1.0,1.0,3.0,0.047334
3706209,IN,IN,93197,NATUR,13.65,3.0,1.0,1.0,3.0,0.21978
3706236,IN,IN,93197,MOTOR,14.72,3.0,1.0,1.0,3.0,0.203804
3699430,IN,IN,RUBBE,CERAM,17.46,3.0,1.0,1.0,3.0,0.171821
3705985,IN,IN,MEMBE,MOTOR,7.51,3.0,1.0,1.0,3.0,0.399467
3699494,IN,IN,GLASS,PROCE,26.99,3.0,1.0,1.0,3.0,0.111152
3698013,IN,IN,PRINT,BITUM,18.17,3.0,1.0,1.0,3.0,0.165107
3705214,IN,IN,COMPU,FURNI,31.0,3.0,1.0,1.0,3.0,0.096774
3704608,IN,IN,FINAN,CERAM,45.38,3.0,1.0,1.0,3.0,0.066108
3704279,IN,IN,SUPPO,MEATA,26.29,3.0,1.0,1.0,3.0,0.114112
3699396,IN,IN,RUBBE,FISH5,18.51,3.0,1.0,1.0,3.0,0.162075
3706101,IN,IN,RECRE,WEARI,10.84,3.0,1.0,1.0,3.0,0.276753
3698016,IN,IN,PRINT,CRUDE,13.4,3.0,1.0,1.0,3.0,0.223881
3704614,IN,IN,FINAN,ALUM1,36.82,3.0,1.0,1.0,3.0,0.081477
3704616,IN,IN,FINAN,COPP1,43.81,3.0,1.0,1.0,3.0,0.068478
3699392,IN,IN,RUBBE,PROCE,18.43,3.0,1.0,1.0,3.0,0.162778
3699286,IN,IN,BIOGA,LIQUE,18.08,3.0,1.0,1.0,3.0,0.165929
3703500,IN,IN,RETA1,CHARC,12.04,3.0,1.0,1.0,3.0,0.249169
3697459,IN,IN,TEXTI,MEDIC,13.81,3.0,1.0,1.0,3.0,0.217234
3695267,IN,IN,CROPS,RUBBE,7.3,3.0,1.0,1.0,3.0,0.410959
3699390,IN,IN,RUBBE,VEGE1,17.74,3.0,1.0,1.0,3.0,0.169109
3706130,IN,IN,RECRE,RUBBE,11.26,3.0,1.0,1.0,3.0,0.26643
3702005,IN,IN,ELEC5,CONST,32.88,3.0,1.0,1.0,3.0,0.091241
3705584,IN,IN,HEALT,TOBAC,19.16,3.0,1.0,1.0,3.0,0.156576
3701570,IN,IN,ELEC1,FOOD3,33.4,3.0,1.0,1.0,3.0,0.08982
3705982,IN,IN,MEMBE,PAPER,8.95,3.0,1.0,1.0,3.0,0.335196
3704636,IN,IN,FINAN,ELEC8,37.22,3.0,1.0,1.0,3.0,0.080602
3697371,IN,IN,TOBAC,WHOLE,25.64,3.0,1.0,1.0,3.0,0.117005
3702763,IN,IN,DIST1,CHEM1,21.96,3.0,1.0,1.0,3.0,0.136612
3695239,IN,IN,CROPS,FISH5,6.53,3.0,1.0,1.0,3.0,0.459418
3705248,IN,IN,COMPU,RESEA,30.07,3.0,1.0,1.0,3.0,0.099767
3701353,IN,IN,FURNI,SUPPO,25.59,3.0,1.0,1.0,3.0,0.117233
3701018,IN,IN,MEDIC,RUBBE,19.45,3.0,1.0,1.0,3.0,0.154242
3699408,IN,IN,RUBBE,KEROS,22.73,3.0,1.0,1.0,3.0,0.131984
3699415,IN,IN,RUBBE,NAPHT,18.32,3.0,1.0,1.0,3.0,0.163755
3702770,IN,IN,DIST1,BRICK,22.5,3.0,1.0,1.0,3.0,0.133333
3699355,IN,IN,BIODI,COLLE,29.94,3.0,1.0,1.0,3.0,0.1002
3699333,IN,IN,BIOGA,RECRE,23.11,3.0,1.0,1.0,3.0,0.129814
3695434,IN,IN,PIGS9,AUXIL,3.42,3.0,1.0,1.0,3.0,0.877193
3705288,IN,IN,BUSIN,OILSE,21.77,3.0,1.0,1.0,3.0,0.137804
3704540,IN,IN,FINAN,CROPS,44.64,3.0,1.0,1.0,3.0,0.067204
3697405,IN,IN,TEXTI,PROCE,17.99,3.0,1.0,1.0,3.0,0.166759
3698457,IN,IN,GASDI,RECRE,91.72,3.0,1.0,1.0,3.0,0.032708
3699733,IN,IN,CEMEN,POSTT,28.66,3.0,1.0,1.0,3.0,0.104676
3697485,IN,IN,TEXTI,REALE,18.75,3.0,1.0,1.0,3.0,0.16
3698002,IN,IN,PRINT,PADDY,15.34,3.0,1.0,1.0,3.0,0.195567
3706058,IN,IN,MEMBE,INSUR,6.55,3.0,1.0,1.0,3.0,0.458015
3699397,IN,IN,RUBBE,TOBAC,16.59,3.0,1.0,1.0,3.0,0.180832
3702772,IN,IN,DIST1,NONME,26.68,3.0,1.0,1.0,3.0,0.112444
3697493,IN,IN,TEXTI,FOOD3,16.48,3.0,1.0,1.0,3.0,0.182039
3699366,IN,IN,RUBBE,OILSE,19.58,3.0,1.0,1.0,3.0,0.153218
3702028,IN,IN,ELEC5,EDUCA,35.83,3.0,1.0,1.0,3.0,0.083729
3697494,IN,IN,TEXTI,WASTE,16.46,3.0,1.0,1.0,3.0,0.18226
3697423,IN,IN,TEXTI,GASDI,16.28,3.0,1.0,1.0,3.0,0.184275
3703515,IN,IN,RETA1,FOUND,13.26,3.0,1.0,1.0,3.0,0.226244
3702471,IN,IN,DISTR,LIQUE,73.43,3.0,1.0,1.0,3.0,0.040855
3705946,IN,IN,MEMBE,WHEAT,7.24,3.0,1.0,1.0,3.0,0.414365
3704680,IN,IN,INSUR,CRUDE,52.44,3.0,1.0,1.0,3.0,0.057208
3696603,IN,IN,MEATC,BUSIN,16.46,3.0,1.0,1.0,3.0,0.18226
3697253,IN,IN,BEVER,93197,12.82,3.0,1.0,1.0,3.0,0.234009
3703293,IN,IN,RETAI,EDUCA,25.18,3.0,1.0,1.0,3.0,0.119142
3699221,IN,IN,CHEM1,TRANS,22.83,3.0,1.0,1.0,3.0,0.131406
3698399,IN,IN,GASDI,PFERT,100.47,3.0,1.0,1.0,3.0,0.02986
3705143,IN,IN,RENTI,ELECT,41.24,3.0,1.0,1.0,3.0,0.072745
3704254,IN,IN,AIRTR,AUXIL,22.1,3.0,1.0,1.0,3.0,0.135747
3702462,IN,IN,DISTR,PRINT,62.08,3.0,1.0,1.0,3.0,0.048325
3698511,IN,IN,LIQUE,TEXTI,108.58,3.0,1.0,1.0,3.0,0.027629
3701019,IN,IN,MEDIC,GLASS,19.93,3.0,1.0,1.0,3.0,0.150527
3704045,IN,IN,TRAN2,COKE1,32.1,3.0,1.0,1.0,3.0,0.093458
3699684,IN,IN,CEMEN,GASDI,27.38,3.0,1.0,1.0,3.0,0.109569
3705943,IN,IN,WASTE,RECRE,17.63,3.0,1.0,1.0,3.0,0.170164
3698058,IN,IN,PRINT,GLASS,17.6,3.0,1.0,1.0,3.0,0.170455
3704028,IN,IN,TRAN2,LEAD1,31.97,3.0,1.0,1.0,3.0,0.093838
3698468,IN,IN,REFIN,LIQUE,55.87,3.0,1.0,1.0,3.0,0.053696
3705942,IN,IN,WASTE,MEMBE,20.82,3.0,1.0,1.0,3.0,0.144092
3697555,IN,IN,WEARI,CEMEN,18.85,3.0,1.0,1.0,3.0,0.159151
3697216,IN,IN,BEVER,PFERT,11.55,3.0,1.0,1.0,3.0,0.25974
3704490,IN,IN,POSTT,ELEC4,26.24,3.0,1.0,1.0,3.0,0.114329
3705928,IN,IN,WASTE,POSTT,23.21,3.0,1.0,1.0,3.0,0.129255
3695235,IN,IN,CROPS,PROCE,6.45,3.0,1.0,1.0,3.0,0.465116
3704046,IN,IN,TRAN2,BLAST,32.27,3.0,1.0,1.0,3.0,0.092966
3701571,IN,IN,ELEC1,WASTE,33.36,3.0,1.0,1.0,3.0,0.089928
3698405,IN,IN,GASDI,GLASS,93.42,3.0,1.0,1.0,3.0,0.032113
3702000,IN,IN,ELEC5,TRAN1,38.72,3.0,1.0,1.0,3.0,0.077479
3706024,IN,IN,MEMBE,RADIO,8.03,3.0,1.0,1.0,3.0,0.373599
3704643,IN,IN,FINAN,DIST1,36.44,3.0,1.0,1.0,3.0,0.082327
3706144,IN,IN,RECRE,MACHI,10.8,3.0,1.0,1.0,3.0,0.277778
3706023,IN,IN,MEMBE,ELECT,6.91,3.0,1.0,1.0,3.0,0.434153
3704039,IN,IN,TRAN2,TRANS,37.89,3.0,1.0,1.0,3.0,0.079177
3704523,IN,IN,POSTT,RESEA,27.06,3.0,1.0,1.0,3.0,0.110865
3703521,IN,IN,RETA1,MEDIC,12.6,3.0,1.0,1.0,3.0,0.238095
3705319,IN,IN,BUSIN,FISH5,20.94,3.0,1.0,1.0,3.0,0.143266
3704654,IN,IN,FINAN,SEACO,40.78,3.0,1.0,1.0,3.0,0.073565
3696571,IN,IN,MEATC,CHEM1,18.34,3.0,1.0,1.0,3.0,0.163577
3705172,IN,IN,RENTI,RESEA,42.25,3.0,1.0,1.0,3.0,0.071006
3698416,IN,IN,GASDI,FOUND,117.09,3.0,1.0,1.0,3.0,0.025621
3699368,IN,IN,RUBBE,PLANT,21.02,3.0,1.0,1.0,3.0,0.142721
3697277,IN,IN,FISH5,TOBAC,9.16,3.0,1.0,1.0,3.0,0.327511
3699637,IN,IN,BRICK,BRICK,26.84,3.0,1.0,1.0,3.0,0.111773
3703317,IN,IN,WHOLE,COKIN,12.12,3.0,1.0,1.0,3.0,0.247525
3697531,IN,IN,WEARI,PRINT,21.39,3.0,1.0,1.0,3.0,0.140252
3699646,IN,IN,BRICK,MACHI,26.38,3.0,1.0,1.0,3.0,0.113723
3703527,IN,IN,RETA1,ELEC2,11.47,3.0,1.0,1.0,3.0,0.261552
3703443,IN,IN,RETA1,CROPS,13.01,3.0,1.0,1.0,3.0,0.230592
3698251,IN,IN,MOTOR,RETA1,84.43,2.0,1.0,1.0,2.0,0.023688
3705719,IN,IN,FOOD3,PRINT,11.21,2.0,1.0,1.0,2.0,0.178412
3705725,IN,IN,FOOD3,GASDI,13.96,2.0,1.0,1.0,2.0,0.143266
3704159,IN,IN,AIRTR,CRUDE,14.16,2.0,1.0,1.0,2.0,0.141243
3700868,IN,IN,ELECT,RESEA,16.36,2.0,1.0,1.0,2.0,0.122249
3698223,IN,IN,MOTOR,MACHI,75.14,2.0,1.0,1.0,2.0,0.026617
3703985,IN,IN,TRAN2,FOOD5,20.56,2.0,1.0,1.0,2.0,0.097276
3700889,IN,IN,RADIO,BITUM,14.15,2.0,1.0,1.0,2.0,0.141343
3698191,IN,IN,MOTOR,KERO1,58.7,2.0,1.0,1.0,2.0,0.034072
3703989,IN,IN,TRAN2,TEXTI,27.4,2.0,1.0,1.0,2.0,0.072993
3703997,IN,IN,TRAN2,MOTOR,26.95,2.0,1.0,1.0,2.0,0.074212
3702645,IN,IN,BLAST,FABRI,26.19,2.0,1.0,1.0,2.0,0.076365
3698228,IN,IN,MOTOR,MOTO1,67.75,2.0,1.0,1.0,2.0,0.02952
3704019,IN,IN,TRAN2,RUBBE,23.28,2.0,1.0,1.0,2.0,0.085911
3705766,IN,IN,FOOD3,ELEC1,14.73,2.0,1.0,1.0,2.0,0.135777
3698230,IN,IN,MOTOR,FURNI,55.3,2.0,1.0,1.0,2.0,0.036166
3704015,IN,IN,TRAN2,CHEM1,26.73,2.0,1.0,1.0,2.0,0.074822
3705638,IN,IN,HEALT,ELEC4,15.94,2.0,1.0,1.0,2.0,0.125471
3705774,IN,IN,FOOD3,DISTR,15.25,2.0,1.0,1.0,2.0,0.131148
3698235,IN,IN,MOTOR,ELEC4,80.06,2.0,1.0,1.0,2.0,0.024981
3703894,IN,IN,LANDT,BIOGA,21.34,2.0,1.0,1.0,2.0,0.093721
3698370,IN,IN,GASDI,FOOD5,70.56,2.0,1.0,1.0,2.0,0.028345
3698546,IN,IN,LIQUE,BASIC,58.46,2.0,1.0,1.0,2.0,0.034211
3698308,IN,IN,KERO1,DISTR,56.72,2.0,1.0,1.0,2.0,0.035261
3698673,IN,IN,NAPHT,COLLE,62.64,2.0,1.0,1.0,2.0,0.031928
3695950,IN,IN,BITUM,LIGNI,30.57,2.0,1.0,1.0,2.0,0.065424
3695899,IN,IN,COKIN,PFERT,23.43,2.0,1.0,1.0,2.0,0.085361
3704035,IN,IN,TRAN2,ELECT,22.59,2.0,1.0,1.0,2.0,0.088535
3704099,IN,IN,SEACO,SUPPO,32.77,2.0,1.0,1.0,2.0,0.061031
3698603,IN,IN,REFI1,RENTI,72.16,2.0,1.0,1.0,2.0,0.027716
3698601,IN,IN,LIQUE,93197,62.1,2.0,1.0,1.0,2.0,0.032206
3698600,IN,IN,LIQUE,RECRE,75.12,2.0,1.0,1.0,2.0,0.026624
3698420,IN,IN,GASDI,ELECT,57.2,2.0,1.0,1.0,2.0,0.034965
3705696,IN,IN,FOOD3,BITUM,12.25,2.0,1.0,1.0,2.0,0.163265
3704094,IN,IN,SEACO,WHOLE,35.58,2.0,1.0,1.0,2.0,0.056211
3698325,IN,IN,KERO1,RENTI,72.16,2.0,1.0,1.0,2.0,0.027716
3701546,IN,IN,ELEC1,SALEM,20.21,2.0,1.0,1.0,2.0,0.098961
3698591,IN,IN,LIQUE,RENTI,72.16,2.0,1.0,1.0,2.0,0.027716
3704049,IN,IN,TRAN2,DIST1,28.61,2.0,1.0,1.0,2.0,0.069906
3698342,IN,IN,GASDI,SUGAR,88.07,2.0,1.0,1.0,2.0,0.022709
3698343,IN,IN,GASDI,PLANT,58.21,2.0,1.0,1.0,2.0,0.034358
3700779,IN,IN,ELECT,SUGA1,15.8,2.0,1.0,1.0,2.0,0.126582
3698386,IN,IN,GASDI,GASDI,53.46,2.0,1.0,1.0,2.0,0.037411
3698344,IN,IN,GASDI,CROPS,84.45,2.0,1.0,1.0,2.0,0.023683
3698348,IN,IN,GASDI,BITUM,81.61,2.0,1.0,1.0,2.0,0.024507
3698352,IN,IN,GASDI,NATUR,76.5,2.0,1.0,1.0,2.0,0.026144
3700787,IN,IN,ELECT,WOODW,14.72,2.0,1.0,1.0,2.0,0.13587
3698587,IN,IN,LIQUE,POSTT,55.71,2.0,1.0,1.0,2.0,0.0359
3698371,IN,IN,GASDI,BEVER,66.98,2.0,1.0,1.0,2.0,0.02986
3698446,IN,IN,GASDI,INSUR,83.03,2.0,1.0,1.0,2.0,0.024088
3698307,IN,IN,KERO1,TRAN1,79.68,2.0,1.0,1.0,2.0,0.0251
3698470,IN,IN,REFIN,NAPHT,34.6,2.0,1.0,1.0,2.0,0.057803
3698447,IN,IN,GASDI,AUXIL,79.99,2.0,1.0,1.0,2.0,0.025003
3698263,IN,IN,MOTOR,RENTI,72.16,2.0,1.0,1.0,2.0,0.027716
3700857,IN,IN,ELECT,TRAN2,16.94,2.0,1.0,1.0,2.0,0.118064
3703907,IN,IN,LANDT,NONF1,21.32,2.0,1.0,1.0,2.0,0.093809
3698266,IN,IN,MOTOR,BUSIN,85.77,2.0,1.0,1.0,2.0,0.023318
3695967,IN,IN,BITUM,TOBAC,32.91,2.0,1.0,1.0,2.0,0.060772
3695861,IN,IN,FISHF,93197,2.6,2.0,1.0,1.0,2.0,0.769231
3705651,IN,IN,HEALT,SALEM,16.61,2.0,1.0,1.0,2.0,0.120409
3698274,IN,IN,MOTOR,93197,54.75,2.0,1.0,1.0,2.0,0.03653
3703950,IN,IN,LANDT,INSUR,16.37,2.0,1.0,1.0,2.0,0.122175
3698619,IN,IN,NAPHT,WOODW,75.92,2.0,1.0,1.0,2.0,0.026344
3705738,IN,IN,FOOD3,PFERT,12.43,2.0,1.0,1.0,2.0,0.160901
3705759,IN,IN,FOOD3,ELECT,14.25,2.0,1.0,1.0,2.0,0.140351
3700852,IN,IN,ELECT,WHOLE,20.5,2.0,1.0,1.0,2.0,0.097561
3695851,IN,IN,FISHF,POSTT,2.14,2.0,1.0,1.0,2.0,0.934579
3700848,IN,IN,ELECT,COLLE,14.67,2.0,1.0,1.0,2.0,0.136333
3698463,IN,IN,REFIN,KEROS,36.98,2.0,1.0,1.0,2.0,0.054083
3704030,IN,IN,TRAN2,NONF1,27.23,2.0,1.0,1.0,2.0,0.073448
3698460,IN,IN,HEAVY,RENTI,72.16,2.0,1.0,1.0,2.0,0.027716
3702586,IN,IN,COKE1,FABRI,28.96,2.0,1.0,1.0,2.0,0.069061
3701242,IN,IN,FURNI,WHEAT,16.31,2.0,1.0,1.0,2.0,0.122624
3698286,IN,IN,AVIAT,RENTI,72.16,2.0,1.0,1.0,2.0,0.027716
3698290,IN,IN,KEROS,RENTI,72.16,2.0,1.0,1.0,2.0,0.027716
3705758,IN,IN,FOOD3,OFFIC,11.64,2.0,1.0,1.0,2.0,0.171821
3705716,IN,IN,FOOD3,WOODW,16.13,2.0,1.0,1.0,2.0,0.123993
3698449,IN,IN,GASDI,RENTI,72.16,2.0,1.0,1.0,2.0,0.027716
3701563,IN,IN,ELEC1,RENTI,23.24,2.0,1.0,1.0,2.0,0.086059
3702337,IN,IN,TRAN1,WOODW,35.45,2.0,1.0,1.0,2.0,0.056417
3695776,IN,IN,FORES,AUXIL,1.23,2.0,1.0,1.0,2.0,1.626016
3700505,IN,IN,FABRI,LEAD1,12.52,2.0,1.0,1.0,2.0,0.159744
3702797,IN,IN,DIST1,ELEC8,17.05,2.0,1.0,1.0,2.0,0.117302
3699840,IN,IN,BASIC,TEXTI,20.73,2.0,1.0,1.0,2.0,0.096479
3701839,IN,IN,ELEC4,MOTOR,20.64,2.0,1.0,1.0,2.0,0.096899
3701836,IN,IN,ELEC4,PAPER,24.77,2.0,1.0,1.0,2.0,0.080743
3706243,IN,IN,93197,LIQUE,9.2,2.0,1.0,1.0,2.0,0.217391
3700494,IN,IN,FABRI,BIOGA,15.22,2.0,1.0,1.0,2.0,0.131406
3706231,IN,IN,93197,WOODW,10.03,2.0,1.0,1.0,2.0,0.199402
3703255,IN,IN,RETAI,FABRI,19.02,2.0,1.0,1.0,2.0,0.105152
3706222,IN,IN,93197,PROCE,8.62,2.0,1.0,1.0,2.0,0.232019
3701975,IN,IN,ELEC5,RUBBE,22.38,2.0,1.0,1.0,2.0,0.089366
3703230,IN,IN,RETAI,WOODW,14.9,2.0,1.0,1.0,2.0,0.134228
3702792,IN,IN,DIST1,ELEC3,20.24,2.0,1.0,1.0,2.0,0.098814
3702791,IN,IN,DIST1,ELEC2,15.37,2.0,1.0,1.0,2.0,0.130124
3703240,IN,IN,RETAI,CHEM1,15.43,2.0,1.0,1.0,2.0,0.129618
3699875,IN,IN,BASIC,LEAD1,19.3,2.0,1.0,1.0,2.0,0.103627
3699889,IN,IN,BASIC,ELEC1,23.9,2.0,1.0,1.0,2.0,0.083682
3700479,IN,IN,FABRI,HEAVY,12.32,2.0,1.0,1.0,2.0,0.162338
3701862,IN,IN,ELEC4,CERAM,25.14,2.0,1.0,1.0,2.0,0.079554
3699941,IN,IN,PREC1,PRINT,22.22,2.0,1.0,1.0,2.0,0.090009
3699942,IN,IN,PREC1,COKEO,22.25,2.0,1.0,1.0,2.0,0.089888
3701947,IN,IN,ELEC5,WEARI,22.29,2.0,1.0,1.0,2.0,0.089726
3701946,IN,IN,ELEC5,TEXTI,21.37,2.0,1.0,1.0,2.0,0.093589
3703130,IN,IN,SALEM,WOODW,6.82,2.0,1.0,1.0,2.0,0.293255
3695016,IN,IN,OILSE,RUBBE,5.79,2.0,1.0,1.0,2.0,0.345423
3695014,IN,IN,OILSE,BIOGA,6.38,2.0,1.0,1.0,2.0,0.31348
3699964,IN,IN,PREC1,RUBBE,25.52,2.0,1.0,1.0,2.0,0.07837
3700454,IN,IN,FABRI,MEATC,12.93,2.0,1.0,1.0,2.0,0.154679
3706310,IN,IN,93197,INSUR,7.96,2.0,1.0,1.0,2.0,0.251256
3706311,IN,IN,93197,AUXIL,8.4,2.0,1.0,1.0,2.0,0.238095
3699984,IN,IN,PREC1,TRANS,20.5,2.0,1.0,1.0,2.0,0.097561
3694986,IN,IN,OILSE,DAIRY,5.37,2.0,1.0,1.0,2.0,0.372439
3695134,IN,IN,SUGAR,93197,35.05,2.0,1.0,1.0,2.0,0.057061
3699730,IN,IN,CEMEN,COLLE,13.52,2.0,1.0,1.0,2.0,0.147929
3698679,IN,IN,NAPHT,RENTI,72.16,2.0,1.0,1.0,2.0,0.027716
3699606,IN,IN,CERAM,FABRI,17.71,2.0,1.0,1.0,2.0,0.112931
3700552,IN,IN,MACHI,WHEAT,16.95,2.0,1.0,1.0,2.0,0.117994
3699625,IN,IN,CERAM,MEMBE,11.16,2.0,1.0,1.0,2.0,0.179211
3701794,IN,IN,ELEC3,EDUCA,17.35,2.0,1.0,1.0,2.0,0.115274
3699618,IN,IN,CERAM,COLLE,13.52,2.0,1.0,1.0,2.0,0.147929
3703334,IN,IN,WHOLE,DAIRY,9.34,2.0,1.0,1.0,2.0,0.214133
3706150,IN,IN,RECRE,TRANS,9.53,2.0,1.0,1.0,2.0,0.209864
3699605,IN,IN,CERAM,FOUND,11.39,2.0,1.0,1.0,2.0,0.175593
3699716,IN,IN,CEMEN,MACHI,20.26,2.0,1.0,1.0,2.0,0.098717
3706145,IN,IN,RECRE,OFFIC,10.42,2.0,1.0,1.0,2.0,0.191939
3699599,IN,IN,CERAM,BASIC,13.67,2.0,1.0,1.0,2.0,0.146306
3701789,IN,IN,ELEC3,RENTI,23.24,2.0,1.0,1.0,2.0,0.086059
3703352,IN,IN,WHOLE,KERO1,11.8,2.0,1.0,1.0,2.0,0.169492
3699582,IN,IN,CERAM,COKEO,14.96,2.0,1.0,1.0,2.0,0.13369
3703362,IN,IN,WHOLE,PETRO,7.77,2.0,1.0,1.0,2.0,0.2574
3701802,IN,IN,ELEC4,WHEAT,18.88,2.0,1.0,1.0,2.0,0.105932
3701994,IN,IN,ELEC5,MOTO1,23.45,2.0,1.0,1.0,2.0,0.085288
3703308,IN,IN,WHOLE,CATTL,7.52,2.0,1.0,1.0,2.0,0.265957
3703306,IN,IN,WHOLE,PLANT,9.33,2.0,1.0,1.0,2.0,0.214362
3706166,IN,IN,RECRE,COLLE,6.78,2.0,1.0,1.0,2.0,0.294985
3699655,IN,IN,BRICK,COLLE,13.52,2.0,1.0,1.0,2.0,0.147929
3703301,IN,IN,WHOLE,WHEAT,11.66,2.0,1.0,1.0,2.0,0.171527
3703299,IN,IN,RETAI,93197,18.38,2.0,1.0,1.0,2.0,0.108814
3703291,IN,IN,RETAI,RESEA,15.61,2.0,1.0,1.0,2.0,0.128123
3699673,IN,IN,CEMEN,TEXTI,15.21,2.0,1.0,1.0,2.0,0.131492
3703288,IN,IN,RETAI,INSUR,15.84,2.0,1.0,1.0,2.0,0.126263
3703286,IN,IN,RETAI,SUPPO,20.68,2.0,1.0,1.0,2.0,0.096712
3699680,IN,IN,CEMEN,MOTOR,13.11,2.0,1.0,1.0,2.0,0.152555
3700541,IN,IN,FABRI,RESEA,19.02,2.0,1.0,1.0,2.0,0.105152
3695167,IN,IN,PLANT,PLAST,1.98,2.0,1.0,1.0,2.0,1.010101
3699699,IN,IN,CEMEN,CHARC,15.55,2.0,1.0,1.0,2.0,0.128617
3699715,IN,IN,CEMEN,FABRI,19.47,2.0,1.0,1.0,2.0,0.102722
3703107,IN,IN,SALEM,ANIMA,10.25,2.0,1.0,1.0,2.0,0.195122
3700026,IN,IN,ALUM1,COKEO,19.04,2.0,1.0,1.0,2.0,0.105042
3706341,IN,IN,PRIVA,NATU1,3.71,2.0,1.0,1.0,2.0,0.539084
3694818,IN,IN,WHEAT,HEALT,3.56,2.0,1.0,1.0,2.0,0.561798
3701914,IN,IN,ELEC4,HEALT,17.41,2.0,1.0,1.0,2.0,0.114877
3706436,IN,IN,PRIVA,RAILW,3.61,2.0,1.0,1.0,2.0,0.554017
3701911,IN,IN,ELEC4,BUSIN,22.5,2.0,1.0,1.0,2.0,0.088889
3701909,IN,IN,ELEC4,COMPU,22.96,2.0,1.0,1.0,2.0,0.087108
3701908,IN,IN,ELEC4,RENTI,23.24,2.0,1.0,1.0,2.0,0.086059
3700230,IN,IN,COPP1,TRANS,25.7,2.0,1.0,1.0,2.0,0.077821
3701904,IN,IN,ELEC4,FINAN,28.14,2.0,1.0,1.0,2.0,0.071073
3700439,IN,IN,FABRI,CROPS,12.1,2.0,1.0,1.0,2.0,0.165289
3701903,IN,IN,ELEC4,POSTT,24.69,2.0,1.0,1.0,2.0,0.081004
3701902,IN,IN,ELEC4,SUPPO,19.19,2.0,1.0,1.0,2.0,0.104221
3700211,IN,IN,COPP1,GLASS,32.04,2.0,1.0,1.0,2.0,0.062422
3700205,IN,IN,COPP1,PFERT,32.85,2.0,1.0,1.0,2.0,0.060883
3700203,IN,IN,COPP1,PLAST,26.05,2.0,1.0,1.0,2.0,0.076775
3706412,IN,IN,PRIVA,MOTO1,3.54,2.0,1.0,1.0,2.0,0.564972
3700255,IN,IN,COPP1,FOOD3,34.28,2.0,1.0,1.0,2.0,0.058343
3700256,IN,IN,COPP1,WASTE,34.23,2.0,1.0,1.0,2.0,0.058428
3702916,IN,IN,COLLE,ELEC4,26.96,2.0,1.0,1.0,2.0,0.074184
3700380,IN,IN,FOUND,CERAM,11.54,2.0,1.0,1.0,2.0,0.17331
3702910,IN,IN,COLLE,TRANS,22.0,2.0,1.0,1.0,2.0,0.090909
3702840,IN,IN,COLLE,FISHF,20.43,2.0,1.0,1.0,2.0,0.097895
3702898,IN,IN,COLLE,ALUM1,19.43,2.0,1.0,1.0,2.0,0.102934
3700373,IN,IN,FOUND,PFERT,14.01,2.0,1.0,1.0,2.0,0.142755
3702895,IN,IN,COLLE,NONME,18.0,2.0,1.0,1.0,2.0,0.111111
3702846,IN,IN,COLLE,NATUR,17.34,2.0,1.0,1.0,2.0,0.11534
3706450,IN,IN,PRIVA,BUSIN,4.04,2.0,1.0,1.0,2.0,0.49505
3702875,IN,IN,COLLE,LIQUE,21.75,2.0,1.0,1.0,2.0,0.091954
3702866,IN,IN,COLLE,PRINT,22.08,2.0,1.0,1.0,2.0,0.09058
3700338,IN,IN,FOUND,NATUR,12.84,2.0,1.0,1.0,2.0,0.155763
3700356,IN,IN,FOUND,MOTOR,16.07,2.0,1.0,1.0,2.0,0.124456
3701920,IN,IN,ELEC5,PADDY,20.99,2.0,1.0,1.0,2.0,0.095283
3700348,IN,IN,FOUND,TEXTI,12.14,2.0,1.0,1.0,2.0,0.164745
3700189,IN,IN,COPP1,COKEO,21.52,2.0,1.0,1.0,2.0,0.092937
3702964,IN,IN,CONST,PLANT,8.92,2.0,1.0,1.0,2.0,0.224215
3706403,IN,IN,PRIVA,COPP1,3.94,2.0,1.0,1.0,2.0,0.507614
3694896,IN,IN,CEREA,RESEA,6.68,2.0,1.0,1.0,2.0,0.299401
3706344,IN,IN,PRIVA,ALUMI,2.95,2.0,1.0,1.0,2.0,0.677966
3700438,IN,IN,FABRI,PLANT,13.61,2.0,1.0,1.0,2.0,0.146951
3703075,IN,IN,CONST,SEACO,9.34,2.0,1.0,1.0,2.0,0.214133
3700040,IN,IN,ALUM1,PLAST,22.07,2.0,1.0,1.0,2.0,0.090621
3700047,IN,IN,ALUM1,RUBBE,24.04,2.0,1.0,1.0,2.0,0.083195
3702815,IN,IN,DIST1,INSUR,17.83,2.0,1.0,1.0,2.0,0.11217
3694929,IN,IN,VEGET,WEARI,2.99,2.0,1.0,1.0,2.0,0.668896
3703064,IN,IN,CONST,DIST1,7.76,2.0,1.0,1.0,2.0,0.257732
3700434,IN,IN,FABRI,CEREA,13.15,2.0,1.0,1.0,2.0,0.152091
3706361,IN,IN,PRIVA,FISH5,3.26,2.0,1.0,1.0,2.0,0.613497
3702816,IN,IN,DIST1,AUXIL,20.51,2.0,1.0,1.0,2.0,0.097513
3703050,IN,IN,CONST,SECO9,8.04,2.0,1.0,1.0,2.0,0.248756
3700091,IN,IN,ALUM1,FOOD3,21.85,2.0,1.0,1.0,2.0,0.091533
3700092,IN,IN,ALUM1,WASTE,21.82,2.0,1.0,1.0,2.0,0.091659
3706373,IN,IN,PRIVA,KEROS,2.65,2.0,1.0,1.0,2.0,0.754717
3701894,IN,IN,ELEC4,RETA1,28.51,2.0,1.0,1.0,2.0,0.070151
3701940,IN,IN,ELEC5,PROCE,19.05,2.0,1.0,1.0,2.0,0.104987
3706378,IN,IN,PRIVA,LIQUE,2.97,2.0,1.0,1.0,2.0,0.673401
3700127,IN,IN,LEAD1,CHEM1,20.32,2.0,1.0,1.0,2.0,0.098425
3700417,IN,IN,FOUND,SALEM,17.69,2.0,1.0,1.0,2.0,0.113058
3706391,IN,IN,PRIVA,BIOGA,4.11,2.0,1.0,1.0,2.0,0.486618
3700146,IN,IN,LEAD1,OFFIC,26.73,2.0,1.0,1.0,2.0,0.074822
3702994,IN,IN,CONST,FOOD5,8.42,2.0,1.0,1.0,2.0,0.23753
3706394,IN,IN,PRIVA,GLASS,3.42,2.0,1.0,1.0,2.0,0.584795
3706395,IN,IN,PRIVA,CERAM,2.72,2.0,1.0,1.0,2.0,0.735294
3701893,IN,IN,ELEC4,WHOLE,25.72,2.0,1.0,1.0,2.0,0.07776
3700408,IN,IN,FOUND,TRAN1,16.92,2.0,1.0,1.0,2.0,0.118203
3702834,IN,IN,COLLE,PLANT,24.97,2.0,1.0,1.0,2.0,0.080096
3706399,IN,IN,PRIVA,BASIC,4.35,2.0,1.0,1.0,2.0,0.45977
3706400,IN,IN,PRIVA,PREC1,3.86,2.0,1.0,1.0,2.0,0.518135
3703363,IN,IN,WHOLE,NONSP,9.9,2.0,1.0,1.0,2.0,0.20202
3699570,IN,IN,GLASS,WASTE,15.83,2.0,1.0,1.0,2.0,0.126342
3699569,IN,IN,GLASS,FOOD3,15.85,2.0,1.0,1.0,2.0,0.126183
3698918,IN,IN,PLAST,CRUDE,19.35,2.0,1.0,1.0,2.0,0.103359
3698939,IN,IN,PLAST,PRINT,16.68,2.0,1.0,1.0,2.0,0.119904
3705829,IN,IN,WASTE,BITUM,15.34,2.0,1.0,1.0,2.0,0.130378
3698936,IN,IN,PLAST,WOODW,15.21,2.0,1.0,1.0,2.0,0.131492
3698933,IN,IN,PLAST,TEXTI,21.92,2.0,1.0,1.0,2.0,0.091241
3700619,IN,IN,MACHI,CERAM,16.11,2.0,1.0,1.0,2.0,0.124146
3702735,IN,IN,DIST1,FISH5,17.01,2.0,1.0,1.0,2.0,0.117578
3698912,IN,IN,NUCLE,COLLE,14.83,2.0,1.0,1.0,2.0,0.134862
3703587,IN,IN,HOTEL,NATUR,7.4,2.0,1.0,1.0,2.0,0.27027
3698909,IN,IN,NONSP,RENTI,72.16,2.0,1.0,1.0,2.0,0.027716
3700622,IN,IN,MACHI,NONME,18.64,2.0,1.0,1.0,2.0,0.107296
3705810,IN,IN,FOOD3,93197,13.41,2.0,1.0,1.0,2.0,0.149142
3695677,IN,IN,WOOLS,FABRI,4.32,2.0,1.0,1.0,2.0,0.462963
3695678,IN,IN,WOOLS,MACHI,4.1,2.0,1.0,1.0,2.0,0.487805
3705809,IN,IN,FOOD3,RECRE,14.88,2.0,1.0,1.0,2.0,0.134409
3695654,IN,IN,WOOLS,LEATH,4.73,2.0,1.0,1.0,2.0,0.422833
3700613,IN,IN,MACHI,CHEM1,18.55,2.0,1.0,1.0,2.0,0.107817
3698974,IN,IN,PLAST,FABRI,18.9,2.0,1.0,1.0,2.0,0.10582
3695637,IN,IN,RAWMI,BUSIN,48.52,2.0,1.0,1.0,2.0,0.04122
3698982,IN,IN,PLAST,FURNI,17.2,2.0,1.0,1.0,2.0,0.116279
3705848,IN,IN,WASTE,WEARI,10.94,2.0,1.0,1.0,2.0,0.182815
3703629,IN,IN,HOTEL,NFERT,8.58,2.0,1.0,1.0,2.0,0.2331
3699018,IN,IN,NFERT,HEAVY,12.67,2.0,1.0,1.0,2.0,0.157853
3702747,IN,IN,DIST1,KEROS,13.45,2.0,1.0,1.0,2.0,0.148699
3705853,IN,IN,WASTE,PRINT,13.61,2.0,1.0,1.0,2.0,0.146951
3702106,IN,IN,ELEC6,COLLE,60.49,2.0,1.0,1.0,2.0,0.033063
3700599,IN,IN,MACHI,GASDI,16.21,2.0,1.0,1.0,2.0,0.123381
3701644,IN,IN,ELEC2,MACHI,33.17,2.0,1.0,1.0,2.0,0.060295
3703607,IN,IN,HOTEL,TOBAC,6.77,2.0,1.0,1.0,2.0,0.295421
3702752,IN,IN,DIST1,LIQUE,20.31,2.0,1.0,1.0,2.0,0.098474
3701649,IN,IN,ELEC2,MOTO1,24.07,2.0,1.0,1.0,2.0,0.083091
3700592,IN,IN,MACHI,PAPER,11.91,2.0,1.0,1.0,2.0,0.167926
3700632,IN,IN,MACHI,OFFIC,18.12,2.0,1.0,1.0,2.0,0.110375
3703717,IN,IN,RAILW,RAWMI,33.71,2.0,1.0,1.0,2.0,0.05933
3700635,IN,IN,MACHI,MEDIC,16.34,2.0,1.0,1.0,2.0,0.122399
3703784,IN,IN,RAILW,NONF1,41.46,2.0,1.0,1.0,2.0,0.048239
3703863,IN,IN,LANDT,SUGA1,17.21,2.0,1.0,1.0,2.0,0.116212
3698726,IN,IN,LUBRI,DIST1,46.42,2.0,1.0,1.0,2.0,0.043085
3703832,IN,IN,LANDT,CEREA,14.11,2.0,1.0,1.0,2.0,0.141743
3698735,IN,IN,BITU1,MOTOR,81.01,2.0,1.0,1.0,2.0,0.024688
3703821,IN,IN,RAILW,BUSIN,46.8,2.0,1.0,1.0,2.0,0.042735
3703819,IN,IN,RAILW,COMPU,43.79,2.0,1.0,1.0,2.0,0.045673
3703814,IN,IN,RAILW,FINAN,46.58,2.0,1.0,1.0,2.0,0.042937
3698769,IN,IN,BITU1,BIOG1,73.89,2.0,1.0,1.0,2.0,0.027067
3703801,IN,IN,RAILW,COLLE,43.83,2.0,1.0,1.0,2.0,0.045631
3698773,IN,IN,BITU1,RENTI,72.16,2.0,1.0,1.0,2.0,0.027716
3698779,IN,IN,PARAF,MOTOR,19.91,2.0,1.0,1.0,2.0,0.100452
3695731,IN,IN,FORES,PARAF,0.88,2.0,1.0,1.0,2.0,2.272727
3700671,IN,IN,MACHI,BUSIN,18.7,2.0,1.0,1.0,2.0,0.106952
3695729,IN,IN,FORES,NAPHT,0.95,2.0,1.0,1.0,2.0,2.105263
3695728,IN,IN,FORES,LIQUE,0.87,2.0,1.0,1.0,2.0,2.298851
3695693,IN,IN,FORES,CROPS,1.07,2.0,1.0,1.0,2.0,1.869159
3703782,IN,IN,RAILW,LEAD1,34.94,2.0,1.0,1.0,2.0,0.057241
3703778,IN,IN,RAILW,NONME,29.02,2.0,1.0,1.0,2.0,0.068918
3703769,IN,IN,RAILW,CHEM1,38.33,2.0,1.0,1.0,2.0,0.052178
3700665,IN,IN,MACHI,FINAN,14.64,2.0,1.0,1.0,2.0,0.136612
3700664,IN,IN,MACHI,POSTT,14.19,2.0,1.0,1.0,2.0,0.140944
3700663,IN,IN,MACHI,SUPPO,15.82,2.0,1.0,1.0,2.0,0.126422
3703754,IN,IN,RAILW,KERO1,30.05,2.0,1.0,1.0,2.0,0.066556
3700658,IN,IN,MACHI,LANDT,11.65,2.0,1.0,1.0,2.0,0.171674
3695707,IN,IN,FORES,DAIRY,0.99,2.0,1.0,1.0,2.0,2.020202
3700655,IN,IN,MACHI,RETA1,12.5,2.0,1.0,1.0,2.0,0.16
3703746,IN,IN,RAILW,WOODW,29.73,2.0,1.0,1.0,2.0,0.067272
3703744,IN,IN,RAILW,WEARI,46.75,2.0,1.0,1.0,2.0,0.042781
3698856,IN,IN,PETRO,FOOD3,34.96,2.0,1.0,1.0,2.0,0.057208
3698857,IN,IN,PETRO,WASTE,34.91,2.0,1.0,1.0,2.0,0.05729
3702754,IN,IN,DIST1,NAPHT,12.58,2.0,1.0,1.0,2.0,0.158983
3705872,IN,IN,WASTE,PFERT,15.39,2.0,1.0,1.0,2.0,0.129955
3706132,IN,IN,RECRE,CERAM,9.0,2.0,1.0,1.0,2.0,0.222222
3695393,IN,IN,PIGS9,WOODW,1.99,2.0,1.0,1.0,2.0,1.005025
3703406,IN,IN,WHOLE,BIOG1,8.24,2.0,1.0,1.0,2.0,0.242718
3706069,IN,IN,MEMBE,WASTE,5.51,2.0,1.0,1.0,2.0,0.362976
3706068,IN,IN,MEMBE,FOOD3,5.52,2.0,1.0,1.0,2.0,0.362319
3706054,IN,IN,MEMBE,AIRTR,4.25,2.0,1.0,1.0,2.0,0.470588
3706036,IN,IN,MEMBE,TRAN1,6.35,2.0,1.0,1.0,2.0,0.314961
3706033,IN,IN,MEMBE,ELEC4,5.42,2.0,1.0,1.0,2.0,0.369004
3703437,IN,IN,RETA1,WHEAT,8.31,2.0,1.0,1.0,2.0,0.240674
3705880,IN,IN,WASTE,BRICK,10.44,2.0,1.0,1.0,2.0,0.191571
3699376,IN,IN,RUBBE,NATUR,16.11,2.0,1.0,1.0,2.0,0.124146
3706015,IN,IN,MEMBE,ALUM1,5.71,2.0,1.0,1.0,2.0,0.350263
3699370,IN,IN,RUBBE,FORES,14.73,2.0,1.0,1.0,2.0,0.135777
3699364,IN,IN,RUBBE,CEREA,12.63,2.0,1.0,1.0,2.0,0.158353
3703461,IN,IN,RETA1,MEATC,8.14,2.0,1.0,1.0,2.0,0.2457
3703464,IN,IN,RETA1,MEAT4,8.42,2.0,1.0,1.0,2.0,0.23753
3695324,IN,IN,CATTL,BEVER,3.6,2.0,1.0,1.0,2.0,0.555556
3699475,IN,IN,RUBBE,RESEA,11.08,2.0,1.0,1.0,2.0,0.180505
3695319,IN,IN,CATTL,VEGE1,5.05,2.0,1.0,1.0,2.0,0.39604
3702023,IN,IN,ELEC5,RENTI,23.24,2.0,1.0,1.0,2.0,0.086059
3701756,IN,IN,ELEC3,MACHI,27.93,2.0,1.0,1.0,2.0,0.071608
3706096,IN,IN,RECRE,FOOD5,9.14,2.0,1.0,1.0,2.0,0.218818
3695310,IN,IN,CATTL,CATTL,3.35,2.0,1.0,1.0,2.0,0.597015
3699503,IN,IN,GLASS,WOODW,19.73,2.0,1.0,1.0,2.0,0.101368
3699506,IN,IN,GLASS,PRINT,16.2,2.0,1.0,1.0,2.0,0.123457
3699512,IN,IN,GLASS,GASDI,14.38,2.0,1.0,1.0,2.0,0.139082
3706105,IN,IN,RECRE,PAPER,9.93,2.0,1.0,1.0,2.0,0.20141
3699523,IN,IN,GLASS,PLAST,14.24,2.0,1.0,1.0,2.0,0.140449
3701767,IN,IN,ELEC3,TRAN1,18.75,2.0,1.0,1.0,2.0,0.106667
3699534,IN,IN,GLASS,CEMEN,18.38,2.0,1.0,1.0,2.0,0.108814
3695271,IN,IN,CROPS,NONME,3.6,2.0,1.0,1.0,2.0,0.555556
3699548,IN,IN,GLASS,MEDIC,20.88,2.0,1.0,1.0,2.0,0.095785
3699563,IN,IN,GLASS,POSTT,20.6,2.0,1.0,1.0,2.0,0.097087
3699317,IN,IN,BIOGA,MOTO1,13.98,2.0,1.0,1.0,2.0,0.143062
3699312,IN,IN,BIOGA,MACHI,12.24,2.0,1.0,1.0,2.0,0.163399
3705992,IN,IN,MEMBE,LIQUE,4.64,2.0,1.0,1.0,2.0,0.431034
3701683,IN,IN,ELEC2,EDUCA,36.74,2.0,1.0,1.0,2.0,0.054437
3699091,IN,IN,PFERT,PETRO,18.68,2.0,1.0,1.0,2.0,0.107066
3701660,IN,IN,ELEC2,CONST,33.73,2.0,1.0,1.0,2.0,0.059294
3703582,IN,IN,HOTEL,COKIN,5.34,2.0,1.0,1.0,2.0,0.374532
3703579,IN,IN,HOTEL,CROPS,5.89,2.0,1.0,1.0,2.0,0.339559
3703574,IN,IN,HOTEL,CEREA,6.81,2.0,1.0,1.0,2.0,0.293686
3705891,IN,IN,WASTE,MACHI,10.3,2.0,1.0,1.0,2.0,0.194175
3699112,IN,IN,PFERT,MACHI,12.48,2.0,1.0,1.0,2.0,0.160256
3699113,IN,IN,PFERT,ELECT,16.33,2.0,1.0,1.0,2.0,0.122474
3705892,IN,IN,WASTE,OFFIC,13.81,2.0,1.0,1.0,2.0,0.144823
3705893,IN,IN,WASTE,ELECT,16.97,2.0,1.0,1.0,2.0,0.117855
3703557,IN,IN,RETA1,INSUR,7.47,2.0,1.0,1.0,2.0,0.267738
3703533,IN,IN,RETA1,ELEC8,7.41,2.0,1.0,1.0,2.0,0.269906
3699184,IN,IN,CHEM1,HEAVY,15.93,2.0,1.0,1.0,2.0,0.125549
3699196,IN,IN,CHEM1,PFERT,17.37,2.0,1.0,1.0,2.0,0.115141
3699204,IN,IN,CHEM1,BRICK,16.18,2.0,1.0,1.0,2.0,0.123609
3703486,IN,IN,RETA1,HEAVY,10.09,2.0,1.0,1.0,2.0,0.198216
3699212,IN,IN,CHEM1,NONF1,12.77,2.0,1.0,1.0,2.0,0.156617
3705944,IN,IN,WASTE,93197,15.88,2.0,1.0,1.0,2.0,0.125945
3705948,IN,IN,MEMBE,VEGET,5.87,2.0,1.0,1.0,2.0,0.340716
3705949,IN,IN,MEMBE,OILSE,5.3,2.0,1.0,1.0,2.0,0.377358
3703528,IN,IN,RETA1,ELEC3,7.93,2.0,1.0,1.0,2.0,0.252207
3705953,IN,IN,MEMBE,FISHF,5.66,2.0,1.0,1.0,2.0,0.353357
3705955,IN,IN,MEMBE,BITUM,5.28,2.0,1.0,1.0,2.0,0.378788
3705959,IN,IN,MEMBE,NATUR,5.32,2.0,1.0,1.0,2.0,0.37594
3705973,IN,IN,MEMBE,FOOD5,5.24,2.0,1.0,1.0,2.0,0.381679
3699260,IN,IN,BIOGA,NATUR,11.31,2.0,1.0,1.0,2.0,0.176835
3705975,IN,IN,MEMBE,FISH5,5.74,2.0,1.0,1.0,2.0,0.348432
3695464,IN,IN,POULT,PFERT,1.86,2.0,1.0,1.0,2.0,1.075269
3699281,IN,IN,BIOGA,KEROS,11.97,2.0,1.0,1.0,2.0,0.167084
3699288,IN,IN,BIOGA,NAPHT,11.2,2.0,1.0,1.0,2.0,0.178571
3700899,IN,IN,RADIO,SUGA1,20.16,2.0,1.0,1.0,2.0,0.099206
3694744,IN,IN,PADDY,HEALT,8.06,2.0,1.0,1.0,2.0,0.248139
3701318,IN,IN,FURNI,FABRI,20.4,2.0,1.0,1.0,2.0,0.098039
3700938,IN,IN,RADIO,MEDIC,16.27,2.0,1.0,1.0,2.0,0.122926
3696049,IN,IN,BITUM,RECRE,26.02,2.0,1.0,1.0,2.0,0.076864
3696050,IN,IN,BITUM,93197,24.2,2.0,1.0,1.0,2.0,0.082645
3698010,IN,IN,PRINT,FORES,8.25,2.0,1.0,1.0,2.0,0.242424
3705190,IN,IN,COMPU,PAPER,14.8,2.0,1.0,1.0,2.0,0.135135
3701480,IN,IN,ELEC1,FOOD5,22.48,2.0,1.0,1.0,2.0,0.088968
3705286,IN,IN,BUSIN,CEREA,13.53,2.0,1.0,1.0,2.0,0.14782
3705443,IN,IN,PUBLI,COLLE,16.42,2.0,1.0,1.0,2.0,0.121803
3705059,IN,IN,REALE,RECRE,80.99,2.0,1.0,1.0,2.0,0.024694
3704278,IN,IN,SUPPO,POULT,17.33,2.0,1.0,1.0,2.0,0.115407
3697313,IN,IN,FISH5,FABRI,7.09,2.0,1.0,1.0,2.0,0.282087
3697471,IN,IN,TEXTI,COLLE,9.74,2.0,1.0,1.0,2.0,0.205339
3696955,IN,IN,PROCE,TEXTI,13.47,2.0,1.0,1.0,2.0,0.148478
3705609,IN,IN,HEALT,CHARC,12.09,2.0,1.0,1.0,2.0,0.165426
3697806,IN,IN,PULP5,BITUM,5.46,2.0,1.0,1.0,2.0,0.3663
3701160,IN,IN,MOTO1,MEMBE,14.1,2.0,1.0,1.0,2.0,0.141844
3704360,IN,IN,SUPPO,ELEC2,12.86,2.0,1.0,1.0,2.0,0.155521
3704884,IN,IN,AUXIL,ELECT,35.44,2.0,1.0,1.0,2.0,0.056433
3705109,IN,IN,RENTI,GASDI,24.39,2.0,1.0,1.0,2.0,0.082001
3696240,IN,IN,IRONO,FISHF,6.04,2.0,1.0,1.0,2.0,0.331126
3698067,IN,IN,PRINT,COPP1,8.8,2.0,1.0,1.0,2.0,0.227273
3704418,IN,IN,POSTT,CRUDE,19.64,2.0,1.0,1.0,2.0,0.101833
3704362,IN,IN,SUPPO,ELEC4,18.54,2.0,1.0,1.0,2.0,0.107875
3697920,IN,IN,PAPER,NAPHT,7.88,2.0,1.0,1.0,2.0,0.253807
3700971,IN,IN,RADIO,INSUR,13.22,2.0,1.0,1.0,2.0,0.151286
3698065,IN,IN,PRINT,ALUM1,9.51,2.0,1.0,1.0,2.0,0.210305
3701159,IN,IN,MOTO1,WASTE,14.49,2.0,1.0,1.0,2.0,0.138026
3697723,IN,IN,WOODW,TOBAC,8.0,2.0,1.0,1.0,2.0,0.25
3696048,IN,IN,BITUM,MEMBE,29.65,2.0,1.0,1.0,2.0,0.067454
3705055,IN,IN,REALE,HEALT,78.39,2.0,1.0,1.0,2.0,0.025513
3696047,IN,IN,BITUM,WASTE,28.13,2.0,1.0,1.0,2.0,0.071098
3705550,IN,IN,HEALT,WHEAT,13.39,2.0,1.0,1.0,2.0,0.149365
3704908,IN,IN,AUXIL,SALEM,35.79,2.0,1.0,1.0,2.0,0.055882
3700927,IN,IN,RADIO,PREC1,15.06,2.0,1.0,1.0,2.0,0.132802
3705049,IN,IN,REALE,RENTI,97.09,2.0,1.0,1.0,2.0,0.020599
3705299,IN,IN,BUSIN,NATUR,14.22,2.0,1.0,1.0,2.0,0.140647
3697179,IN,IN,FOOD5,WASTE,5.18,2.0,1.0,1.0,2.0,0.3861
3702244,IN,IN,ELEC8,CHEM1,24.0,2.0,1.0,1.0,2.0,0.083333
3705448,IN,IN,PUBLI,HOTEL,23.33,2.0,1.0,1.0,2.0,0.085727
3697178,IN,IN,FOOD5,FOOD3,5.19,2.0,1.0,1.0,2.0,0.385356
3701456,IN,IN,ELEC1,PLANT,25.18,2.0,1.0,1.0,2.0,0.079428
3697174,IN,IN,FOOD5,RESEA,4.36,2.0,1.0,1.0,2.0,0.458716
3704899,IN,IN,AUXIL,TRAN1,27.2,2.0,1.0,1.0,2.0,0.073529
3704736,IN,IN,INSUR,BASIC,37.89,2.0,1.0,1.0,2.0,0.052784
3704894,IN,IN,AUXIL,ELEC4,23.22,2.0,1.0,1.0,2.0,0.086133
3697902,IN,IN,PAPER,TOBAC,6.25,2.0,1.0,1.0,2.0,0.32
3700928,IN,IN,RADIO,ALUM1,14.38,2.0,1.0,1.0,2.0,0.139082
3704538,IN,IN,FINAN,SUGAR,28.95,2.0,1.0,1.0,2.0,0.069085
3705223,IN,IN,COMPU,TRAN1,17.7,2.0,1.0,1.0,2.0,0.112994
3705188,IN,IN,COMPU,WOODW,15.84,2.0,1.0,1.0,2.0,0.126263
3694741,IN,IN,PADDY,RESEA,8.51,2.0,1.0,1.0,2.0,0.235018
3698088,IN,IN,PRINT,TRAN1,8.73,2.0,1.0,1.0,2.0,0.229095
3704239,IN,IN,AIRTR,SALEM,13.02,2.0,1.0,1.0,2.0,0.15361
3696045,IN,IN,BITUM,HEALT,37.76,2.0,1.0,1.0,2.0,0.052966
3701431,IN,IN,SECO9,COLLE,12.03,2.0,1.0,1.0,2.0,0.166251
3705290,IN,IN,BUSIN,PLANT,14.41,2.0,1.0,1.0,2.0,0.138793
3701161,IN,IN,MOTO1,RECRE,12.94,2.0,1.0,1.0,2.0,0.15456
3696046,IN,IN,BITUM,FOOD3,28.17,2.0,1.0,1.0,2.0,0.070998
3701158,IN,IN,MOTO1,FOOD3,14.51,2.0,1.0,1.0,2.0,0.137836
3704812,IN,IN,AUXIL,FORES,29.66,2.0,1.0,1.0,2.0,0.067431
3696674,IN,IN,MEAT1,RETA1,7.05,2.0,1.0,1.0,2.0,0.283688
3697396,IN,IN,TEXTI,FORES,11.83,2.0,1.0,1.0,2.0,0.169062
3697959,IN,IN,PAPER,ELEC4,7.49,2.0,1.0,1.0,2.0,0.267023
3696157,IN,IN,NATUR,NAPHT,42.28,2.0,1.0,1.0,2.0,0.047304
3704253,IN,IN,AIRTR,INSUR,13.17,2.0,1.0,1.0,2.0,0.15186
3704555,IN,IN,FINAN,NATUR,28.2,2.0,1.0,1.0,2.0,0.070922
3697135,IN,IN,FOOD5,WOODW,5.01,2.0,1.0,1.0,2.0,0.399202
3696683,IN,IN,MEAT1,MEMBE,5.0,2.0,1.0,1.0,2.0,0.4
3698050,IN,IN,PRINT,PLAST,12.79,2.0,1.0,1.0,2.0,0.156372
3704841,IN,IN,AUXIL,WOODW,24.38,2.0,1.0,1.0,2.0,0.082034
3704624,IN,IN,FINAN,MEDIC,33.07,2.0,1.0,1.0,2.0,0.060478
3704258,IN,IN,AIRTR,RESEA,13.29,2.0,1.0,1.0,2.0,0.150489
3704836,IN,IN,AUXIL,FISH5,36.28,2.0,1.0,1.0,2.0,0.055127
3696150,IN,IN,NATUR,KEROS,45.21,2.0,1.0,1.0,2.0,0.044238
3697342,IN,IN,FISH5,MEMBE,7.36,2.0,1.0,1.0,2.0,0.271739
3704404,IN,IN,POSTT,PADDY,19.01,2.0,1.0,1.0,2.0,0.105208
3704372,IN,IN,SUPPO,DIST1,15.81,2.0,1.0,1.0,2.0,0.126502
3705086,IN,IN,RENTI,MEATC,37.13,2.0,1.0,1.0,2.0,0.053865
3702315,IN,IN,TRAN1,CRUDE,35.66,2.0,1.0,1.0,2.0,0.056085
3702423,IN,IN,TRAN1,93197,31.93,2.0,1.0,1.0,2.0,0.062637
3701139,IN,IN,MOTO1,HOTEL,14.9,2.0,1.0,1.0,2.0,0.134228
3701332,IN,IN,FURNI,ELEC5,15.41,2.0,1.0,1.0,2.0,0.129786
3702518,IN,IN,DISTR,SALEM,49.69,2.0,1.0,1.0,2.0,0.04025
3696254,IN,IN,IRONO,CEMEN,6.5,2.0,1.0,1.0,2.0,0.307692
3704829,IN,IN,AUXIL,MEAT4,27.79,2.0,1.0,1.0,2.0,0.071968
3701283,IN,IN,FURNI,MOTOR,22.81,2.0,1.0,1.0,2.0,0.087681
3704568,IN,IN,FINAN,VEGE1,26.49,2.0,1.0,1.0,2.0,0.0755
3696141,IN,IN,NATUR,TEXTI,30.62,2.0,1.0,1.0,2.0,0.065317
3697033,IN,IN,SUGA1,MEAT4,12.37,2.0,1.0,1.0,2.0,0.161681
3698054,IN,IN,PRINT,CHARC,8.57,2.0,1.0,1.0,2.0,0.233372
3697439,IN,IN,TEXTI,BIOGA,9.69,2.0,1.0,1.0,2.0,0.206398
3701278,IN,IN,FURNI,WOODW,20.25,2.0,1.0,1.0,2.0,0.098765
3696979,IN,IN,PROCE,BIOGA,11.77,2.0,1.0,1.0,2.0,0.169924
3697800,IN,IN,WOODW,RECRE,10.71,2.0,1.0,1.0,2.0,0.186741
3704631,IN,IN,FINAN,ELEC3,23.8,2.0,1.0,1.0,2.0,0.084034
3704413,IN,IN,POSTT,FISHF,16.24,2.0,1.0,1.0,2.0,0.123153
3705527,IN,IN,EDUCA,HOTEL,9.24,2.0,1.0,1.0,2.0,0.21645
3704747,IN,IN,INSUR,RADIO,37.57,2.0,1.0,1.0,2.0,0.053234
3697927,IN,IN,PAPER,NFERT,5.45,2.0,1.0,1.0,2.0,0.366972
3705232,IN,IN,COMPU,SALEM,18.41,2.0,1.0,1.0,2.0,0.108637
3704630,IN,IN,FINAN,ELEC2,28.72,2.0,1.0,1.0,2.0,0.069638
3697461,IN,IN,TEXTI,TRANS,10.43,2.0,1.0,1.0,2.0,0.191755
3701269,IN,IN,FURNI,PROCE,19.83,2.0,1.0,1.0,2.0,0.100857
3696978,IN,IN,PROCE,CHARC,15.01,2.0,1.0,1.0,2.0,0.133245
3701517,IN,IN,ELEC1,BRICK,20.25,2.0,1.0,1.0,2.0,0.098765
3701270,IN,IN,FURNI,SUGA1,13.91,2.0,1.0,1.0,2.0,0.143781
3701132,IN,IN,MOTO1,DIST1,12.65,2.0,1.0,1.0,2.0,0.158103
3696546,IN,IN,MEATC,FOOD5,10.64,2.0,1.0,1.0,2.0,0.18797
3705276,IN,IN,RESEA,RESEA,18.16,2.0,1.0,1.0,2.0,0.110132
3704761,IN,IN,INSUR,DISTR,42.96,2.0,1.0,1.0,2.0,0.046555
3697453,IN,IN,TEXTI,FOUND,11.58,2.0,1.0,1.0,2.0,0.172712
3704271,IN,IN,SUPPO,VEGET,19.93,2.0,1.0,1.0,2.0,0.100351
3701150,IN,IN,MOTO1,REALE,16.33,2.0,1.0,1.0,2.0,0.122474
3702290,IN,IN,ELEC8,RENTI,23.24,2.0,1.0,1.0,2.0,0.086059
3704394,IN,IN,SUPPO,RESEA,16.1,2.0,1.0,1.0,2.0,0.124224
3704853,IN,IN,AUXIL,LIQUE,23.71,2.0,1.0,1.0,2.0,0.084353
3702487,IN,IN,DISTR,GLASS,37.05,2.0,1.0,1.0,2.0,0.053981
3697443,IN,IN,TEXTI,CERAM,10.54,2.0,1.0,1.0,2.0,0.189753
3701144,IN,IN,MOTO1,AIRTR,14.89,2.0,1.0,1.0,2.0,0.134318
3697764,IN,IN,WOODW,COPP1,7.6,2.0,1.0,1.0,2.0,0.263158
3704267,IN,IN,AIRTR,93197,20.56,2.0,1.0,1.0,2.0,0.097276
3697762,IN,IN,WOODW,ALUM1,7.58,2.0,1.0,1.0,2.0,0.263852
3701215,IN,IN,TRANS,SALEM,15.34,2.0,1.0,1.0,2.0,0.130378
3701340,IN,IN,FURNI,COLLE,14.67,2.0,1.0,1.0,2.0,0.136333
3694743,IN,IN,PADDY,PUBLI,7.6,2.0,1.0,1.0,2.0,0.263158
3704767,IN,IN,INSUR,COLLE,31.55,2.0,1.0,1.0,2.0,0.063391
3702466,IN,IN,DISTR,KEROS,48.61,2.0,1.0,1.0,2.0,0.041144
3700997,IN,IN,MEDIC,WOODW,11.34,2.0,1.0,1.0,2.0,0.176367
3702507,IN,IN,DISTR,FURNI,38.88,2.0,1.0,1.0,2.0,0.05144
3704681,IN,IN,INSUR,NATUR,33.95,2.0,1.0,1.0,2.0,0.05891
3702351,IN,IN,TRAN1,NAPHT,34.87,2.0,1.0,1.0,2.0,0.057356
3704779,IN,IN,INSUR,AIRTR,36.78,2.0,1.0,1.0,2.0,0.054377
3705564,IN,IN,HEALT,FORES,10.84,2.0,1.0,1.0,2.0,0.184502
3702854,IN,IN,COLLE,PROCE,20.58,2.0,1.0,1.0,2.0,0.097182
3702312,IN,IN,TRAN1,BITUM,43.16,2.0,1.0,1.0,2.0,0.046339
3697378,IN,IN,TOBAC,PUBLI,15.62,2.0,1.0,1.0,2.0,0.128041
3704376,IN,IN,SUPPO,RETAI,19.74,2.0,1.0,1.0,2.0,0.101317
3705097,IN,IN,RENTI,TOBAC,35.77,2.0,1.0,1.0,2.0,0.055913
3704216,IN,IN,AIRTR,OFFIC,17.07,2.0,1.0,1.0,2.0,0.117165
3697262,IN,IN,FISH5,RAWMI,6.79,2.0,1.0,1.0,2.0,0.294551
3697971,IN,IN,PAPER,COLLE,8.12,2.0,1.0,1.0,2.0,0.246305
3701211,IN,IN,TRANS,FURNI,12.15,2.0,1.0,1.0,2.0,0.164609
3698147,IN,IN,COKEO,COLLE,14.83,2.0,1.0,1.0,2.0,0.134862
3705043,IN,IN,REALE,SUPPO,111.32,2.0,1.0,1.0,2.0,0.017966
3697883,IN,IN,PAPER,FORES,5.13,2.0,1.0,1.0,2.0,0.389864
3702543,IN,IN,DISTR,WASTE,32.67,2.0,1.0,1.0,2.0,0.061218
3702542,IN,IN,DISTR,FOOD3,32.71,2.0,1.0,1.0,2.0,0.061143
3698143,IN,IN,COKEO,FURNI,19.31,2.0,1.0,1.0,2.0,0.103573
3704495,IN,IN,POSTT,TRAN1,17.08,2.0,1.0,1.0,2.0,0.117096
3704384,IN,IN,SUPPO,INLAN,17.82,2.0,1.0,1.0,2.0,0.112233
3696609,IN,IN,MEATC,RECRE,11.44,2.0,1.0,1.0,2.0,0.174825
3705145,IN,IN,RENTI,MEDIC,28.67,2.0,1.0,1.0,2.0,0.069759
3704611,IN,IN,FINAN,NONME,24.51,2.0,1.0,1.0,2.0,0.081599
3697860,IN,IN,PULP5,FURNI,6.03,2.0,1.0,1.0,2.0,0.331675
3702502,IN,IN,DISTR,ELECT,52.02,2.0,1.0,1.0,2.0,0.038447
3705012,IN,IN,REALE,MOTO1,79.51,2.0,1.0,1.0,2.0,0.025154
3702340,IN,IN,TRAN1,PRINT,41.8,2.0,1.0,1.0,2.0,0.047847
3704319,IN,IN,SUPPO,HEAVY,20.11,2.0,1.0,1.0,2.0,0.099453
3697853,IN,IN,PULP5,MACHI,6.62,2.0,1.0,1.0,2.0,0.302115
3696128,IN,IN,NATUR,FORES,28.67,2.0,1.0,1.0,2.0,0.069759
3702344,IN,IN,TRAN1,KEROS,37.27,2.0,1.0,1.0,2.0,0.053662
3705504,IN,IN,EDUCA,TRANS,6.38,2.0,1.0,1.0,2.0,0.31348
3701290,IN,IN,FURNI,LIQUE,14.32,2.0,1.0,1.0,2.0,0.139665
3704471,IN,IN,POSTT,PREC1,23.55,2.0,1.0,1.0,2.0,0.084926
3697866,IN,IN,PULP5,TRAN2,4.4,2.0,1.0,1.0,2.0,0.454545
3702459,IN,IN,DISTR,WOODW,52.67,2.0,1.0,1.0,2.0,0.037972
3696271,IN,IN,IRONO,COLLE,8.79,2.0,1.0,1.0,2.0,0.227531
3704701,IN,IN,INSUR,WEARI,43.06,2.0,1.0,1.0,2.0,0.046447
3697747,IN,IN,WOODW,PLAST,8.37,2.0,1.0,1.0,2.0,0.238949
3696801,IN,IN,VEGE1,BIOGA,6.1,2.0,1.0,1.0,2.0,0.327869
3704703,IN,IN,INSUR,WOODW,36.45,2.0,1.0,1.0,2.0,0.05487
3705142,IN,IN,RENTI,OFFIC,28.1,2.0,1.0,1.0,2.0,0.071174
3700955,IN,IN,RADIO,COLLE,14.67,2.0,1.0,1.0,2.0,0.136333
3695997,IN,IN,BITUM,BRICK,23.31,2.0,1.0,1.0,2.0,0.0858
3701042,IN,IN,MEDIC,COLLE,14.67,2.0,1.0,1.0,2.0,0.136333
3705461,IN,IN,EDUCA,PADDY,7.2,2.0,1.0,1.0,2.0,0.277778
3695999,IN,IN,BITUM,NONME,32.36,2.0,1.0,1.0,2.0,0.061805
3697096,IN,IN,SUGA1,PUBLI,11.21,2.0,1.0,1.0,2.0,0.178412
3701209,IN,IN,TRANS,MOTO1,12.4,2.0,1.0,1.0,2.0,0.16129
3705219,IN,IN,COMPU,ELEC4,15.16,2.0,1.0,1.0,2.0,0.131926
3705096,IN,IN,RENTI,FISH5,27.15,2.0,1.0,1.0,2.0,0.073665
3697296,IN,IN,FISH5,CHEM1,7.25,2.0,1.0,1.0,2.0,0.275862
3704613,IN,IN,FINAN,PREC1,26.58,2.0,1.0,1.0,2.0,0.075245
3697647,IN,IN,LEATH,PFERT,11.5,2.0,1.0,1.0,2.0,0.173913
3701054,IN,IN,MOTO1,PADDY,19.49,2.0,1.0,1.0,2.0,0.102617
3702437,IN,IN,DISTR,CRUDE,52.95,2.0,1.0,1.0,2.0,0.037771
3697761,IN,IN,WOODW,PREC1,9.25,2.0,1.0,1.0,2.0,0.216216
3696225,IN,IN,NATU1,NAPHT,40.27,2.0,1.0,1.0,2.0,0.049665
3705312,IN,IN,BUSIN,MEAT4,18.11,2.0,1.0,1.0,2.0,0.110436
3704725,IN,IN,INSUR,PFERT,31.48,2.0,1.0,1.0,2.0,0.063532
3697385,IN,IN,TEXTI,PADDY,12.46,2.0,1.0,1.0,2.0,0.160514
3702421,IN,IN,TRAN1,MEMBE,38.14,2.0,1.0,1.0,2.0,0.052438
3696106,IN,IN,CRUDE,REFIN,30.1,2.0,1.0,1.0,2.0,0.066445
3704726,IN,IN,INSUR,CHEM1,42.25,2.0,1.0,1.0,2.0,0.047337
3701094,IN,IN,MOTO1,PFERT,16.81,2.0,1.0,1.0,2.0,0.118977
3696752,IN,IN,MEAT4,MEMBE,15.01,2.0,1.0,1.0,2.0,0.133245
3704730,IN,IN,INSUR,RUBBE,40.74,2.0,1.0,1.0,2.0,0.049092
3704528,IN,IN,POSTT,FOOD3,17.94,2.0,1.0,1.0,2.0,0.111483
3704529,IN,IN,POSTT,WASTE,17.92,2.0,1.0,1.0,2.0,0.111607
3696029,IN,IN,BITUM,WHOLE,28.3,2.0,1.0,1.0,2.0,0.070671
3705038,IN,IN,REALE,LANDT,108.75,2.0,1.0,1.0,2.0,0.018391
3704390,IN,IN,SUPPO,AUXIL,19.61,2.0,1.0,1.0,2.0,0.101989
3696740,IN,IN,MEAT4,RETA1,15.13,2.0,1.0,1.0,2.0,0.132188
3696739,IN,IN,MEAT4,WHOLE,11.99,2.0,1.0,1.0,2.0,0.166806
3701497,IN,IN,ELEC1,HEAVY,22.2,2.0,1.0,1.0,2.0,0.09009
3705619,IN,IN,HEALT,PREC1,11.12,2.0,1.0,1.0,2.0,0.179856
3702473,IN,IN,DISTR,NAPHT,45.48,2.0,1.0,1.0,2.0,0.043975
3704347,IN,IN,SUPPO,NONF1,12.96,2.0,1.0,1.0,2.0,0.154321
3702380,IN,IN,TRAN1,ELECT,34.39,2.0,1.0,1.0,2.0,0.058156
3702384,IN,IN,TRAN1,TRANS,41.36,2.0,1.0,1.0,2.0,0.048356
3696865,IN,IN,DAIRY,TOBAC,43.12,2.0,1.0,1.0,2.0,0.046382
3704305,IN,IN,SUPPO,TOBAC,17.37,2.0,1.0,1.0,2.0,0.115141
3696218,IN,IN,NATU1,KEROS,43.04,2.0,1.0,1.0,2.0,0.046468
3696117,IN,IN,CRUDE,PFERT,40.21,2.0,1.0,1.0,2.0,0.049739
3696110,IN,IN,CRUDE,LUBRI,33.51,2.0,1.0,1.0,2.0,0.059684
3705334,IN,IN,BUSIN,HEAVY,13.62,2.0,1.0,1.0,2.0,0.146843
3704304,IN,IN,SUPPO,FISH5,15.41,2.0,1.0,1.0,2.0,0.129786
3696013,IN,IN,BITUM,MOTO1,37.12,2.0,1.0,1.0,2.0,0.053879
3701112,IN,IN,MOTO1,ELECT,15.29,2.0,1.0,1.0,2.0,0.130804
3704795,IN,IN,INSUR,RECRE,34.06,2.0,1.0,1.0,2.0,0.05872
3701310,IN,IN,FURNI,NONME,13.96,2.0,1.0,1.0,2.0,0.143266
3704797,IN,IN,INSUR,PRIVA,28.8,2.0,1.0,1.0,2.0,0.069444
3698138,IN,IN,COKEO,MACHI,16.46,2.0,1.0,1.0,2.0,0.121507
3704799,IN,IN,AUXIL,WHEAT,26.75,2.0,1.0,1.0,2.0,0.074766
3704589,IN,IN,FINAN,HEAVY,26.51,2.0,1.0,1.0,2.0,0.075443
3704449,IN,IN,POSTT,LIQUE,16.24,2.0,1.0,1.0,2.0,0.123153
3699525,IN,IN,GLASS,PFERT,12.56,1.0,1.0,1.0,1.0,0.079618
3699498,IN,IN,GLASS,FISH5,9.92,1.0,1.0,1.0,1.0,0.100806
3702012,IN,IN,ELEC5,LANDT,14.78,1.0,1.0,1.0,1.0,0.067659
3701761,IN,IN,ELEC3,MOTO1,11.38,1.0,1.0,1.0,1.0,0.087873
3701757,IN,IN,ELEC3,OFFIC,6.08,1.0,1.0,1.0,1.0,0.164474
3697340,IN,IN,FISH5,FOOD3,2.82,1.0,1.0,1.0,1.0,0.35461
3697344,IN,IN,FISH5,93197,4.7,1.0,1.0,1.0,1.0,0.212766
3699508,IN,IN,GLASS,MOTOR,6.94,1.0,1.0,1.0,1.0,0.144092
3697341,IN,IN,FISH5,WASTE,2.82,1.0,1.0,1.0,1.0,0.35461
3704603,IN,IN,FINAN,CHARC,12.7,1.0,1.0,1.0,1.0,0.07874
3705209,IN,IN,COMPU,ELECT,6.05,1.0,1.0,1.0,1.0,0.165289
3701772,IN,IN,ELEC3,CONST,15.93,1.0,1.0,1.0,1.0,0.062775
3702019,IN,IN,ELEC5,FINAN,11.87,1.0,1.0,1.0,1.0,0.084246
3702017,IN,IN,ELEC5,SUPPO,8.1,1.0,1.0,1.0,1.0,0.123457
3703395,IN,IN,WHOLE,ELEC3,3.42,1.0,1.0,1.0,1.0,0.292398
3706108,IN,IN,RECRE,MOTOR,2.42,1.0,1.0,1.0,1.0,0.413223
3699528,IN,IN,GLASS,BIOGA,5.83,1.0,1.0,1.0,1.0,0.171527
3706112,IN,IN,RECRE,GASDI,5.31,1.0,1.0,1.0,1.0,0.188324
3701335,IN,IN,FURNI,ELEC8,8.94,1.0,1.0,1.0,1.0,0.111857
3699533,IN,IN,GLASS,BRICK,6.5,1.0,1.0,1.0,1.0,0.153846
3706100,IN,IN,RECRE,TEXTI,2.93,1.0,1.0,1.0,1.0,0.341297
3702018,IN,IN,ELEC5,POSTT,10.42,1.0,1.0,1.0,1.0,0.095969
3705210,IN,IN,COMPU,RADIO,4.7,1.0,1.0,1.0,1.0,0.212766
3702022,IN,IN,ELEC5,REALE,16.61,1.0,1.0,1.0,1.0,0.060205
3706099,IN,IN,RECRE,TOBAC,2.98,1.0,1.0,1.0,1.0,0.33557
3702775,IN,IN,DIST1,ALUM1,12.21,1.0,1.0,1.0,1.0,0.0819
3705208,IN,IN,COMPU,OFFIC,8.71,1.0,1.0,1.0,1.0,0.114811
3704607,IN,IN,FINAN,GLASS,19.49,1.0,1.0,1.0,1.0,0.051308
3695298,IN,IN,CROPS,POSTT,1.43,1.0,1.0,1.0,1.0,0.699301
3699527,IN,IN,GLASS,CHARC,8.92,1.0,1.0,1.0,1.0,0.112108
3704604,IN,IN,FINAN,BIOGA,9.34,1.0,1.0,1.0,1.0,0.107066
3698165,IN,IN,MOTOR,CRUDE,25.04,1.0,1.0,1.0,1.0,0.039936
3701788,IN,IN,ELEC3,REALE,8.05,1.0,1.0,1.0,1.0,0.124224
3702010,IN,IN,ELEC5,HOTEL,16.6,1.0,1.0,1.0,1.0,0.060241
3703319,IN,IN,WHOLE,LIGNI,2.89,1.0,1.0,1.0,1.0,0.346021
3704677,IN,IN,INSUR,BITUM,25.63,1.0,1.0,1.0,1.0,0.039017
3703309,IN,IN,WHOLE,PIGS9,3.15,1.0,1.0,1.0,1.0,0.31746
3705149,IN,IN,RENTI,SECO9,9.94,1.0,1.0,1.0,1.0,0.100604
3704675,IN,IN,INSUR,FISHF,17.56,1.0,1.0,1.0,1.0,0.056948
3704674,IN,IN,INSUR,FORES,9.73,1.0,1.0,1.0,1.0,0.102775
3695201,IN,IN,PLANT,RETAI,0.68,1.0,1.0,1.0,1.0,1.470588
3706160,IN,IN,RECRE,DISTR,4.44,1.0,1.0,1.0,1.0,0.225225
3697269,IN,IN,FISH5,MEAT4,3.39,1.0,1.0,1.0,1.0,0.294985
3701797,IN,IN,ELEC3,WASTE,6.24,1.0,1.0,1.0,1.0,0.160256
3696594,IN,IN,MEATC,SALEM,3.16,1.0,1.0,1.0,1.0,0.316456
3701776,IN,IN,ELEC3,RETA1,5.82,1.0,1.0,1.0,1.0,0.171821
3705154,IN,IN,RENTI,DIST1,21.04,1.0,1.0,1.0,1.0,0.047529
3703322,IN,IN,WHOLE,NATUR,7.13,1.0,1.0,1.0,1.0,0.140252
3701055,IN,IN,MOTO1,WHEAT,9.38,1.0,1.0,1.0,1.0,0.10661
3701796,IN,IN,ELEC3,FOOD3,6.25,1.0,1.0,1.0,1.0,0.16
3701311,IN,IN,FURNI,BASIC,6.16,1.0,1.0,1.0,1.0,0.162338
3696587,IN,IN,MEATC,MOTO1,3.14,1.0,1.0,1.0,1.0,0.318471
3700554,IN,IN,MACHI,VEGET,10.69,1.0,1.0,1.0,1.0,0.093545
3695210,IN,IN,CROPS,WHEAT,2.67,1.0,1.0,1.0,1.0,0.374532
3696570,IN,IN,MEATC,PFERT,4.19,1.0,1.0,1.0,1.0,0.238663
3703305,IN,IN,WHOLE,SUGAR,3.93,1.0,1.0,1.0,1.0,0.254453
3701057,IN,IN,MOTO1,VEGET,5.73,1.0,1.0,1.0,1.0,0.17452
3701058,IN,IN,MOTO1,OILSE,4.77,1.0,1.0,1.0,1.0,0.209644
3695190,IN,IN,PLANT,MEDIC,1.87,1.0,1.0,1.0,1.0,0.534759
3701306,IN,IN,FURNI,GLASS,4.85,1.0,1.0,1.0,1.0,0.206186
3706180,IN,IN,RECRE,INSUR,2.93,1.0,1.0,1.0,1.0,0.341297
3706177,IN,IN,RECRE,AIRTR,3.75,1.0,1.0,1.0,1.0,0.266667
3699682,IN,IN,CEMEN,KEROS,6.61,1.0,1.0,1.0,1.0,0.151286
3701989,IN,IN,ELEC5,MACHI,7.47,1.0,1.0,1.0,1.0,0.133869
3699679,IN,IN,CEMEN,COKEO,11.42,1.0,1.0,1.0,1.0,0.087566
3695178,IN,IN,PLANT,CEMEN,0.92,1.0,1.0,1.0,1.0,1.086957
3697239,IN,IN,BEVER,RETAI,2.6,1.0,1.0,1.0,1.0,0.384615
3696616,IN,IN,MEATP,FOOD5,1.1,1.0,1.0,1.0,1.0,0.909091
3701990,IN,IN,ELEC5,OFFIC,12.28,1.0,1.0,1.0,1.0,0.081433
3697243,IN,IN,BEVER,POSTT,4.13,1.0,1.0,1.0,1.0,0.242131
3699671,IN,IN,CEMEN,BEVER,9.66,1.0,1.0,1.0,1.0,0.10352
3699670,IN,IN,CEMEN,FOOD5,6.48,1.0,1.0,1.0,1.0,0.154321
3703294,IN,IN,RETAI,HEALT,4.83,1.0,1.0,1.0,1.0,0.207039
3701062,IN,IN,MOTO1,FORES,7.22,1.0,1.0,1.0,1.0,0.138504
3701992,IN,IN,ELEC5,RADIO,6.62,1.0,1.0,1.0,1.0,0.151057
3699662,IN,IN,CEMEN,MEATC,8.32,1.0,1.0,1.0,1.0,0.120192
3699660,IN,IN,BRICK,MEMBE,5.11,1.0,1.0,1.0,1.0,0.195695
3706168,IN,IN,RECRE,SALEM,4.63,1.0,1.0,1.0,1.0,0.215983
3695211,IN,IN,CROPS,CEREA,1.3,1.0,1.0,1.0,1.0,0.769231
3706153,IN,IN,RECRE,ELEC1,5.37,1.0,1.0,1.0,1.0,0.18622
3695224,IN,IN,CROPS,BITUM,2.28,1.0,1.0,1.0,1.0,0.438596
3701324,IN,IN,FURNI,MOTO1,8.39,1.0,1.0,1.0,1.0,0.11919
3701785,IN,IN,ELEC3,FINAN,5.75,1.0,1.0,1.0,1.0,0.173913
3699572,IN,IN,GLASS,RECRE,9.9,1.0,1.0,1.0,1.0,0.10101
3699571,IN,IN,GLASS,MEMBE,11.31,1.0,1.0,1.0,1.0,0.088417
3704628,IN,IN,FINAN,SECO9,9.54,1.0,1.0,1.0,1.0,0.104822
3699566,IN,IN,GLASS,RESEA,11.58,1.0,1.0,1.0,1.0,0.086356
3696544,IN,IN,MEATC,PROCE,8.52,1.0,1.0,1.0,1.0,0.117371
3699564,IN,IN,GLASS,AUXIL,5.39,1.0,1.0,1.0,1.0,0.185529
3697328,IN,IN,FISH5,RETAI,2.81,1.0,1.0,1.0,1.0,0.355872
3701329,IN,IN,FURNI,ELEC2,7.46,1.0,1.0,1.0,1.0,0.134048
3699558,IN,IN,GLASS,COLLE,13.52,1.0,1.0,1.0,1.0,0.073964
3699557,IN,IN,GLASS,DIST1,8.6,1.0,1.0,1.0,1.0,0.116279
3703370,IN,IN,WHOLE,BIODI,3.43,1.0,1.0,1.0,1.0,0.291545
3702008,IN,IN,ELEC5,WHOLE,10.85,1.0,1.0,1.0,1.0,0.092166
3701779,IN,IN,ELEC3,LANDT,7.15,1.0,1.0,1.0,1.0,0.13986
3695264,IN,IN,CROPS,CHARC,3.3,1.0,1.0,1.0,1.0,0.30303
3697333,IN,IN,FISH5,POSTT,2.46,1.0,1.0,1.0,1.0,0.406504
3702009,IN,IN,ELEC5,RETA1,12.03,1.0,1.0,1.0,1.0,0.083126
3704623,IN,IN,FINAN,RADIO,7.34,1.0,1.0,1.0,1.0,0.13624
3701777,IN,IN,ELEC3,HOTEL,8.08,1.0,1.0,1.0,1.0,0.123762
3706137,IN,IN,RECRE,PREC1,2.4,1.0,1.0,1.0,1.0,0.416667
3701323,IN,IN,FURNI,MEDIC,8.55,1.0,1.0,1.0,1.0,0.116959
3694714,IN,IN,PADDY,BEVER,3.72,1.0,1.0,1.0,1.0,0.268817
3703360,IN,IN,WHOLE,BITU1,6.16,1.0,1.0,1.0,1.0,0.162338
3706147,IN,IN,RECRE,RADIO,3.61,1.0,1.0,1.0,1.0,0.277008
3699609,IN,IN,CERAM,ELECT,6.1,1.0,1.0,1.0,1.0,0.163934
3706146,IN,IN,RECRE,ELECT,2.73,1.0,1.0,1.0,1.0,0.3663
3704647,IN,IN,FINAN,RETAI,9.99,1.0,1.0,1.0,1.0,0.1001
3697300,IN,IN,FISH5,RUBBE,1.87,1.0,1.0,1.0,1.0,0.534759
3695229,IN,IN,CROPS,MEATC,2.2,1.0,1.0,1.0,1.0,0.454545
3706143,IN,IN,RECRE,FABRI,4.39,1.0,1.0,1.0,1.0,0.22779
3702469,IN,IN,DISTR,HEAVY,16.62,1.0,1.0,1.0,1.0,0.060168
3695234,IN,IN,CROPS,DAIRY,1.53,1.0,1.0,1.0,1.0,0.653595
3697307,IN,IN,FISH5,PREC1,1.8,1.0,1.0,1.0,1.0,0.555556
3701321,IN,IN,FURNI,ELECT,11.79,1.0,1.0,1.0,1.0,0.084818
3695241,IN,IN,CROPS,TEXTI,3.13,1.0,1.0,1.0,1.0,0.319489
3702779,IN,IN,DIST1,FOUND,4.61,1.0,1.0,1.0,1.0,0.21692
3697312,IN,IN,FISH5,FOUND,3.17,1.0,1.0,1.0,1.0,0.315457
3695243,IN,IN,CROPS,LEATH,1.13,1.0,1.0,1.0,1.0,0.884956
3699589,IN,IN,CERAM,CHEM1,6.08,1.0,1.0,1.0,1.0,0.164474
3703355,IN,IN,WHOLE,REFIN,3.46,1.0,1.0,1.0,1.0,0.289017
3701322,IN,IN,FURNI,RADIO,7.3,1.0,1.0,1.0,1.0,0.136986
3702777,IN,IN,DIST1,COPP1,4.86,1.0,1.0,1.0,1.0,0.205761
3702774,IN,IN,DIST1,PREC1,4.22,1.0,1.0,1.0,1.0,0.236967
3699437,IN,IN,RUBBE,LEAD1,4.03,1.0,1.0,1.0,1.0,0.248139
3701339,IN,IN,FURNI,DIST1,4.63,1.0,1.0,1.0,1.0,0.215983
3695479,IN,IN,POULT,POSTT,0.75,1.0,1.0,1.0,1.0,1.333333
3703506,IN,IN,RETA1,BRICK,3.48,1.0,1.0,1.0,1.0,0.287356
3705980,IN,IN,MEMBE,WOODW,3.55,1.0,1.0,1.0,1.0,0.28169
3705979,IN,IN,MEMBE,LEATH,2.01,1.0,1.0,1.0,1.0,0.497512
3697510,IN,IN,WEARI,NATUR,3.8,1.0,1.0,1.0,1.0,0.263158
3699268,IN,IN,BIOGA,BEVER,4.36,1.0,1.0,1.0,1.0,0.229358
3705976,IN,IN,MEMBE,TOBAC,1.94,1.0,1.0,1.0,1.0,0.515464
3699265,IN,IN,BIOGA,PROCE,7.44,1.0,1.0,1.0,1.0,0.134409
3703512,IN,IN,RETA1,LEAD1,2.52,1.0,1.0,1.0,1.0,0.396825
3705309,IN,IN,BUSIN,MEATC,4.99,1.0,1.0,1.0,1.0,0.200401
3694758,IN,IN,WHEAT,MEATA,1.76,1.0,1.0,1.0,1.0,0.568182
3705313,IN,IN,BUSIN,VEGE1,7.51,1.0,1.0,1.0,1.0,0.133156
3696429,IN,IN,STONE,MOTO1,2.94,1.0,1.0,1.0,1.0,0.340136
3703520,IN,IN,RETA1,RADIO,2.42,1.0,1.0,1.0,1.0,0.413223
3705968,IN,IN,MEMBE,MEAT4,2.33,1.0,1.0,1.0,1.0,0.429185
3705318,IN,IN,BUSIN,BEVER,11.27,1.0,1.0,1.0,1.0,0.088731
3699238,IN,IN,CHEM1,AUXIL,5.94,1.0,1.0,1.0,1.0,0.16835
3701690,IN,IN,ELEC3,PADDY,10.16,1.0,1.0,1.0,1.0,0.098425
3705323,IN,IN,BUSIN,LEATH,7.52,1.0,1.0,1.0,1.0,0.132979
3703525,IN,IN,RETA1,SECO9,2.84,1.0,1.0,1.0,1.0,0.352113
3705952,IN,IN,MEMBE,FORES,3.42,1.0,1.0,1.0,1.0,0.292398
3705951,IN,IN,MEMBE,CROPS,1.68,1.0,1.0,1.0,1.0,0.595238
3704512,IN,IN,POSTT,SEACO,10.71,1.0,1.0,1.0,1.0,0.093371
3699276,IN,IN,BIOGA,PAPER,4.32,1.0,1.0,1.0,1.0,0.231481
3699284,IN,IN,BIOGA,HEAVY,4.09,1.0,1.0,1.0,1.0,0.244499
3697474,IN,IN,TEXTI,RETAI,6.73,1.0,1.0,1.0,1.0,0.148588
3695446,IN,IN,POULT,FISHF,0.91,1.0,1.0,1.0,1.0,1.098901
3701014,IN,IN,MEDIC,CHEM1,8.54,1.0,1.0,1.0,1.0,0.117096
3699327,IN,IN,BIOGA,POSTT,6.14,1.0,1.0,1.0,1.0,0.162866
3703463,IN,IN,RETA1,MEAT1,3.75,1.0,1.0,1.0,1.0,0.266667
3703466,IN,IN,RETA1,DAIRY,5.41,1.0,1.0,1.0,1.0,0.184843
3701716,IN,IN,ELEC3,WEARI,10.8,1.0,1.0,1.0,1.0,0.092593
3701715,IN,IN,ELEC3,TEXTI,10.4,1.0,1.0,1.0,1.0,0.096154
3699319,IN,IN,BIOGA,FURNI,7.09,1.0,1.0,1.0,1.0,0.141044
3695441,IN,IN,PIGS9,RECRE,1.49,1.0,1.0,1.0,1.0,0.671141
3695442,IN,IN,PIGS9,93197,1.67,1.0,1.0,1.0,1.0,0.598802
3695444,IN,IN,POULT,ANIMA,0.57,1.0,1.0,1.0,1.0,1.754386
3697488,IN,IN,TEXTI,RESEA,6.55,1.0,1.0,1.0,1.0,0.152672
3705987,IN,IN,MEMBE,KEROS,3.28,1.0,1.0,1.0,1.0,0.304878
3695450,IN,IN,POULT,VEGE1,0.54,1.0,1.0,1.0,1.0,1.851852
3703477,IN,IN,RETA1,PULP5,3.58,1.0,1.0,1.0,1.0,0.27933
3705994,IN,IN,MEMBE,NAPHT,2.94,1.0,1.0,1.0,1.0,0.340136
3701709,IN,IN,ELEC3,PROCE,9.22,1.0,1.0,1.0,1.0,0.10846
3703484,IN,IN,RETA1,KERO1,4.39,1.0,1.0,1.0,1.0,0.22779
3703491,IN,IN,RETA1,LUBRI,3.21,1.0,1.0,1.0,1.0,0.311526
3703492,IN,IN,RETA1,BITU1,2.28,1.0,1.0,1.0,1.0,0.438596
3696436,IN,IN,STONE,WHOLE,3.75,1.0,1.0,1.0,1.0,0.266667
3703494,IN,IN,RETA1,PETRO,3.21,1.0,1.0,1.0,1.0,0.311526
3703495,IN,IN,RETA1,NONSP,3.66,1.0,1.0,1.0,1.0,0.273224
3705332,IN,IN,BUSIN,KERO1,5.94,1.0,1.0,1.0,1.0,0.16835
3699223,IN,IN,CHEM1,SECO9,8.19,1.0,1.0,1.0,1.0,0.1221
3699216,IN,IN,CHEM1,OFFIC,4.77,1.0,1.0,1.0,1.0,0.209644
3699163,IN,IN,CHEM1,VEGE1,6.05,1.0,1.0,1.0,1.0,0.165289
3695543,IN,IN,ANIMA,CHARC,0.96,1.0,1.0,1.0,1.0,1.041667
3705916,IN,IN,WASTE,SALEM,4.61,1.0,1.0,1.0,1.0,0.21692
3705914,IN,IN,WASTE,COLLE,5.4,1.0,1.0,1.0,1.0,0.185185
3701674,IN,IN,ELEC2,FINAN,12.17,1.0,1.0,1.0,1.0,0.082169
3697577,IN,IN,WEARI,ELEC4,3.98,1.0,1.0,1.0,1.0,0.251256
3701673,IN,IN,ELEC2,POSTT,10.68,1.0,1.0,1.0,1.0,0.093633
3704479,IN,IN,POSTT,OFFIC,13.12,1.0,1.0,1.0,1.0,0.07622
3695552,IN,IN,ANIMA,FABRI,1.06,1.0,1.0,1.0,1.0,0.943396
3705348,IN,IN,BUSIN,CHARC,7.31,1.0,1.0,1.0,1.0,0.136799
3699164,IN,IN,CHEM1,DAIRY,3.96,1.0,1.0,1.0,1.0,0.252525
3699162,IN,IN,CHEM1,MEAT4,6.3,1.0,1.0,1.0,1.0,0.15873
3704501,IN,IN,POSTT,DIST1,14.33,1.0,1.0,1.0,1.0,0.069784
3701672,IN,IN,ELEC2,SUPPO,8.3,1.0,1.0,1.0,1.0,0.120482
3703536,IN,IN,RETA1,COKE1,5.83,1.0,1.0,1.0,1.0,0.171527
3697581,IN,IN,WEARI,TRAN1,4.65,1.0,1.0,1.0,1.0,0.215054
3703537,IN,IN,RETA1,BLAST,6.42,1.0,1.0,1.0,1.0,0.155763
3703539,IN,IN,RETA1,BIOG1,2.61,1.0,1.0,1.0,1.0,0.383142
3704476,IN,IN,POSTT,FOUND,12.31,1.0,1.0,1.0,1.0,0.081235
3695556,IN,IN,ANIMA,FURNI,1.53,1.0,1.0,1.0,1.0,0.653595
3705349,IN,IN,BUSIN,BIOGA,6.07,1.0,1.0,1.0,1.0,0.164745
3697587,IN,IN,WEARI,COLLE,9.74,1.0,1.0,1.0,1.0,0.102669
3700581,IN,IN,MACHI,PROCE,6.93,1.0,1.0,1.0,1.0,0.1443
3699175,IN,IN,CHEM1,PULP5,8.86,1.0,1.0,1.0,1.0,0.112867
3696387,IN,IN,NONFE,NONF1,6.88,1.0,1.0,1.0,1.0,0.145349
3704482,IN,IN,POSTT,MEDIC,5.22,1.0,1.0,1.0,1.0,0.191571
3695536,IN,IN,ANIMA,LUBRI,2.29,1.0,1.0,1.0,1.0,0.436681
3704498,IN,IN,POSTT,BLAST,8.09,1.0,1.0,1.0,1.0,0.123609
3699205,IN,IN,CHEM1,CEMEN,4.6,1.0,1.0,1.0,1.0,0.217391
3704497,IN,IN,POSTT,COKE1,8.03,1.0,1.0,1.0,1.0,0.124533
3695522,IN,IN,ANIMA,WEARI,1.02,1.0,1.0,1.0,1.0,0.980392
3699200,IN,IN,CHEM1,BIODI,6.61,1.0,1.0,1.0,1.0,0.151286
3701681,IN,IN,ELEC2,BUSIN,9.73,1.0,1.0,1.0,1.0,0.102775
3704491,IN,IN,POSTT,ELEC5,6.86,1.0,1.0,1.0,1.0,0.145773
3704489,IN,IN,POSTT,ELEC3,5.26,1.0,1.0,1.0,1.0,0.190114
3704488,IN,IN,POSTT,ELEC2,6.28,1.0,1.0,1.0,1.0,0.159236
3699193,IN,IN,CHEM1,NONSP,5.23,1.0,1.0,1.0,1.0,0.191205
3699192,IN,IN,CHEM1,PETRO,11.26,1.0,1.0,1.0,1.0,0.08881
3699191,IN,IN,CHEM1,PARAF,4.25,1.0,1.0,1.0,1.0,0.235294
3705343,IN,IN,BUSIN,NONSP,5.06,1.0,1.0,1.0,1.0,0.197628
3701679,IN,IN,ELEC2,COMPU,9.93,1.0,1.0,1.0,1.0,0.100705
3701678,IN,IN,ELEC2,RENTI,23.24,1.0,1.0,1.0,1.0,0.043029
3699185,IN,IN,CHEM1,REFIN,4.73,1.0,1.0,1.0,1.0,0.211416
3697569,IN,IN,WEARI,MEDIC,7.81,1.0,1.0,1.0,1.0,0.128041
3701677,IN,IN,ELEC2,REALE,17.04,1.0,1.0,1.0,1.0,0.058685
3699182,IN,IN,CHEM1,KERO1,6.86,1.0,1.0,1.0,1.0,0.145773
3697570,IN,IN,WEARI,MOTO1,6.74,1.0,1.0,1.0,1.0,0.148368
3697574,IN,IN,WEARI,ELEC1,3.6,1.0,1.0,1.0,1.0,0.277778
3700571,IN,IN,MACHI,NATUR,6.2,1.0,1.0,1.0,1.0,0.16129
3706004,IN,IN,MEMBE,CHARC,1.95,1.0,1.0,1.0,1.0,0.512821
3702773,IN,IN,DIST1,BASIC,7.4,1.0,1.0,1.0,1.0,0.135135
3695367,IN,IN,CATTL,RESEA,2.93,1.0,1.0,1.0,1.0,0.341297
3701036,IN,IN,MEDIC,MOTO1,4.27,1.0,1.0,1.0,1.0,0.234192
3695348,IN,IN,CATTL,BIOGA,2.44,1.0,1.0,1.0,1.0,0.409836
3701034,IN,IN,MEDIC,RADIO,4.81,1.0,1.0,1.0,1.0,0.2079
3695353,IN,IN,CATTL,FABRI,1.12,1.0,1.0,1.0,1.0,0.892857
3697395,IN,IN,TEXTI,RAWMI,7.01,1.0,1.0,1.0,1.0,0.142653
3695358,IN,IN,CATTL,FURNI,2.07,1.0,1.0,1.0,1.0,0.483092
3699439,IN,IN,RUBBE,NONF1,4.25,1.0,1.0,1.0,1.0,0.235294
3696510,IN,IN,CHEMI,NONME,3.76,1.0,1.0,1.0,1.0,0.265957
3695172,IN,IN,PLANT,BIOGA,1.91,1.0,1.0,1.0,1.0,0.52356
3701033,IN,IN,MEDIC,ELECT,10.15,1.0,1.0,1.0,1.0,0.098522
3701349,IN,IN,FURNI,TRAN2,13.22,1.0,1.0,1.0,1.0,0.075643
3699450,IN,IN,RUBBE,SECO9,4.49,1.0,1.0,1.0,1.0,0.222717
3701032,IN,IN,MEDIC,OFFIC,7.68,1.0,1.0,1.0,1.0,0.130208
3697407,IN,IN,TEXTI,FOOD5,7.52,1.0,1.0,1.0,1.0,0.132979
3706052,IN,IN,MEMBE,SEACO,1.68,1.0,1.0,1.0,1.0,0.595238
3699427,IN,IN,RUBBE,BIODI,5.7,1.0,1.0,1.0,1.0,0.175439
3697409,IN,IN,TEXTI,FISH5,6.29,1.0,1.0,1.0,1.0,0.158983
3706051,IN,IN,MEMBE,TRAN2,1.71,1.0,1.0,1.0,1.0,0.584795
3695377,IN,IN,PIGS9,BITUM,1.11,1.0,1.0,1.0,1.0,0.900901
3699422,IN,IN,RUBBE,NFERT,5.27,1.0,1.0,1.0,1.0,0.189753
3697410,IN,IN,TEXTI,TOBAC,2.81,1.0,1.0,1.0,1.0,0.355872
3705253,IN,IN,COMPU,FOOD3,13.04,1.0,1.0,1.0,1.0,0.076687
3697386,IN,IN,TEXTI,WHEAT,3.64,1.0,1.0,1.0,1.0,0.274725
3706073,IN,IN,RECRE,PADDY,2.74,1.0,1.0,1.0,1.0,0.364964
3703458,IN,IN,RETA1,NATUR,2.67,1.0,1.0,1.0,1.0,0.374532
3706091,IN,IN,RECRE,MEAT4,3.09,1.0,1.0,1.0,1.0,0.323625
3696521,IN,IN,CHEMI,MOTO1,3.01,1.0,1.0,1.0,1.0,0.332226
3699491,IN,IN,GLASS,MEAT4,9.04,1.0,1.0,1.0,1.0,0.110619
3704598,IN,IN,FINAN,NONSP,9.87,1.0,1.0,1.0,1.0,0.101317
3695313,IN,IN,CATTL,ANIMA,1.91,1.0,1.0,1.0,1.0,0.52356
3699488,IN,IN,GLASS,MEATC,5.42,1.0,1.0,1.0,1.0,0.184502
3701041,IN,IN,MEDIC,DIST1,4.5,1.0,1.0,1.0,1.0,0.222222
3699485,IN,IN,GLASS,CRUDE,6.44,1.0,1.0,1.0,1.0,0.15528
3697372,IN,IN,TOBAC,RETA1,9.22,1.0,1.0,1.0,1.0,0.10846
3697377,IN,IN,TOBAC,BUSIN,11.05,1.0,1.0,1.0,1.0,0.090498
3702024,IN,IN,ELEC5,COMPU,9.69,1.0,1.0,1.0,1.0,0.103199
3702026,IN,IN,ELEC5,BUSIN,9.49,1.0,1.0,1.0,1.0,0.105374
3694710,IN,IN,PADDY,VEGE1,5.56,1.0,1.0,1.0,1.0,0.179856
3702027,IN,IN,ELEC5,PUBLI,16.5,1.0,1.0,1.0,1.0,0.060606
3699471,IN,IN,RUBBE,AUXIL,7.14,1.0,1.0,1.0,1.0,0.140056
3702029,IN,IN,ELEC5,HEALT,7.35,1.0,1.0,1.0,1.0,0.136054
3705220,IN,IN,COMPU,ELEC5,7.11,1.0,1.0,1.0,1.0,0.140647
3701747,IN,IN,ELEC3,NONME,5.97,1.0,1.0,1.0,1.0,0.167504
3704587,IN,IN,FINAN,KERO1,11.57,1.0,1.0,1.0,1.0,0.08643
3701746,IN,IN,ELEC3,CEMEN,6.83,1.0,1.0,1.0,1.0,0.146413
3702033,IN,IN,ELEC5,RECRE,5.83,1.0,1.0,1.0,1.0,0.171527
3701742,IN,IN,ELEC3,RUBBE,11.22,1.0,1.0,1.0,1.0,0.089127
3701740,IN,IN,ELEC3,CHEM1,7.04,1.0,1.0,1.0,1.0,0.142045
3699419,IN,IN,RUBBE,PETRO,7.98,1.0,1.0,1.0,1.0,0.125313
3705254,IN,IN,COMPU,WASTE,13.02,1.0,1.0,1.0,1.0,0.076805
3706042,IN,IN,MEMBE,DIST1,1.79,1.0,1.0,1.0,1.0,0.558659
3699354,IN,IN,BIODI,DIST1,9.84,1.0,1.0,1.0,1.0,0.101626
3701368,IN,IN,FURNI,MEMBE,12.12,1.0,1.0,1.0,1.0,0.082508
3704550,IN,IN,FINAN,COKIN,11.04,1.0,1.0,1.0,1.0,0.09058
3706013,IN,IN,MEMBE,BASIC,2.24,1.0,1.0,1.0,1.0,0.446429
3703441,IN,IN,RETA1,SUGAR,2.74,1.0,1.0,1.0,1.0,0.364964
3703442,IN,IN,RETA1,PLANT,3.87,1.0,1.0,1.0,1.0,0.258398
3699359,IN,IN,BIODI,PUBLI,6.05,1.0,1.0,1.0,1.0,0.165289
3701369,IN,IN,FURNI,RECRE,7.48,1.0,1.0,1.0,1.0,0.13369
3703444,IN,IN,RETA1,CATTL,3.12,1.0,1.0,1.0,1.0,0.320513
3702489,IN,IN,DISTR,BRICK,12.39,1.0,1.0,1.0,1.0,0.08071
3704544,IN,IN,FINAN,MEATA,11.52,1.0,1.0,1.0,1.0,0.086806
3706010,IN,IN,MEMBE,BRICK,2.76,1.0,1.0,1.0,1.0,0.362319
3703418,IN,IN,WHOLE,INLAN,5.14,1.0,1.0,1.0,1.0,0.194553
3699349,IN,IN,BIODI,MEDIC,5.31,1.0,1.0,1.0,1.0,0.188324
3697470,IN,IN,TEXTI,DIST1,2.98,1.0,1.0,1.0,1.0,0.33557
3699347,IN,IN,BIODI,ELECT,9.82,1.0,1.0,1.0,1.0,0.101833
3695425,IN,IN,PIGS9,MOTO1,1.53,1.0,1.0,1.0,1.0,0.653595
3695426,IN,IN,PIGS9,FURNI,0.95,1.0,1.0,1.0,1.0,1.052632
3699344,IN,IN,BIODI,FABRI,8.62,1.0,1.0,1.0,1.0,0.116009
3695427,IN,IN,PIGS9,SECO9,1.17,1.0,1.0,1.0,1.0,0.854701
3703453,IN,IN,RETA1,COKIN,3.24,1.0,1.0,1.0,1.0,0.308642
3695429,IN,IN,PIGS9,COLLE,0.61,1.0,1.0,1.0,1.0,1.639344
3705281,IN,IN,RESEA,MEMBE,5.89,1.0,1.0,1.0,1.0,0.169779
3699365,IN,IN,RUBBE,VEGET,9.5,1.0,1.0,1.0,1.0,0.105263
3705278,IN,IN,RESEA,HEALT,4.73,1.0,1.0,1.0,1.0,0.211416
3699369,IN,IN,RUBBE,CROPS,6.07,1.0,1.0,1.0,1.0,0.164745
3699371,IN,IN,RUBBE,COKIN,4.58,1.0,1.0,1.0,1.0,0.218341
3699412,IN,IN,RUBBE,REFIN,3.3,1.0,1.0,1.0,1.0,0.30303
3699411,IN,IN,RUBBE,HEAVY,7.06,1.0,1.0,1.0,1.0,0.141643
3697419,IN,IN,TEXTI,MOTOR,7.38,1.0,1.0,1.0,1.0,0.135501
3697421,IN,IN,TEXTI,KEROS,3.31,1.0,1.0,1.0,1.0,0.302115
3704564,IN,IN,FINAN,MEATC,10.03,1.0,1.0,1.0,1.0,0.099701
3706034,IN,IN,MEMBE,ELEC5,1.58,1.0,1.0,1.0,1.0,0.632911
3697426,IN,IN,TEXTI,LIQUE,4.48,1.0,1.0,1.0,1.0,0.223214
3697428,IN,IN,TEXTI,NAPHT,2.88,1.0,1.0,1.0,1.0,0.347222
3695395,IN,IN,PIGS9,PRINT,0.82,1.0,1.0,1.0,1.0,1.219512
3701356,IN,IN,FURNI,INSUR,13.22,1.0,1.0,1.0,1.0,0.075643
3706032,IN,IN,MEMBE,ELEC3,1.53,1.0,1.0,1.0,1.0,0.653595
3701357,IN,IN,FURNI,AUXIL,4.58,1.0,1.0,1.0,1.0,0.218341
3697438,IN,IN,TEXTI,CHARC,3.17,1.0,1.0,1.0,1.0,0.315457
3700565,IN,IN,MACHI,FORES,5.21,1.0,1.0,1.0,1.0,0.191939
3701361,IN,IN,FURNI,RESEA,4.84,1.0,1.0,1.0,1.0,0.206612
3697448,IN,IN,TEXTI,PREC1,6.87,1.0,1.0,1.0,1.0,0.14556
3706019,IN,IN,MEMBE,FOUND,3.86,1.0,1.0,1.0,1.0,0.259067
3697449,IN,IN,TEXTI,ALUM1,4.89,1.0,1.0,1.0,1.0,0.204499
3697451,IN,IN,TEXTI,COPP1,6.16,1.0,1.0,1.0,1.0,0.162338
3705270,IN,IN,RESEA,WHOLE,5.88,1.0,1.0,1.0,1.0,0.170068
3695414,IN,IN,PIGS9,RUBBE,0.9,1.0,1.0,1.0,1.0,1.111111
3699687,IN,IN,CEMEN,LIQUE,7.38,1.0,1.0,1.0,1.0,0.135501
3701979,IN,IN,ELEC5,CEMEN,14.11,1.0,1.0,1.0,1.0,0.070872
3699689,IN,IN,CEMEN,NAPHT,5.11,1.0,1.0,1.0,1.0,0.195695
3694913,IN,IN,VEGET,BITUM,1.36,1.0,1.0,1.0,1.0,0.735294
3696966,IN,IN,PROCE,GASDI,4.52,1.0,1.0,1.0,1.0,0.221239
3704876,IN,IN,AUXIL,ALUM1,8.21,1.0,1.0,1.0,1.0,0.121803
3700428,IN,IN,FOUND,FOOD3,10.23,1.0,1.0,1.0,1.0,0.097752
3700429,IN,IN,FOUND,WASTE,10.22,1.0,1.0,1.0,1.0,0.097847
3704875,IN,IN,AUXIL,PREC1,15.45,1.0,1.0,1.0,1.0,0.064725
3705067,IN,IN,RENTI,PLANT,17.13,1.0,1.0,1.0,1.0,0.058377
3704873,IN,IN,AUXIL,NONME,8.83,1.0,1.0,1.0,1.0,0.11325
3705068,IN,IN,RENTI,CROPS,15.86,1.0,1.0,1.0,1.0,0.063052
3703037,IN,IN,CONST,LEAD1,3.02,1.0,1.0,1.0,1.0,0.331126
3703039,IN,IN,CONST,NONF1,3.1,1.0,1.0,1.0,1.0,0.322581
3701157,IN,IN,MOTO1,HEALT,9.01,1.0,1.0,1.0,1.0,0.110988
3704870,IN,IN,AUXIL,CERAM,13.1,1.0,1.0,1.0,1.0,0.076336
3704869,IN,IN,AUXIL,GLASS,7.4,1.0,1.0,1.0,1.0,0.135135
3696975,IN,IN,PROCE,NFERT,7.97,1.0,1.0,1.0,1.0,0.125471
3705069,IN,IN,RENTI,COKIN,14.16,1.0,1.0,1.0,1.0,0.070621
3703046,IN,IN,CONST,MEDIC,7.28,1.0,1.0,1.0,1.0,0.137363
3694905,IN,IN,VEGET,SUGAR,1.03,1.0,1.0,1.0,1.0,0.970874
3704865,IN,IN,AUXIL,CHARC,10.31,1.0,1.0,1.0,1.0,0.096993
3704861,IN,IN,AUXIL,PLAST,16.33,1.0,1.0,1.0,1.0,0.061237
3702400,IN,IN,TRAN1,RAILW,23.12,1.0,1.0,1.0,1.0,0.043253
3701273,IN,IN,FURNI,FISH5,6.8,1.0,1.0,1.0,1.0,0.147059
3694909,IN,IN,VEGET,ANIMA,2.34,1.0,1.0,1.0,1.0,0.42735
3700081,IN,IN,ALUM1,COLLE,6.7,1.0,1.0,1.0,1.0,0.149254
3706380,IN,IN,PRIVA,NAPHT,2.05,1.0,1.0,1.0,1.0,0.487805
3703021,IN,IN,CONST,PLAST,5.23,1.0,1.0,1.0,1.0,0.191205
3703020,IN,IN,CONST,NONSP,2.55,1.0,1.0,1.0,1.0,0.392157
3696720,IN,IN,MEAT4,CHEM1,6.59,1.0,1.0,1.0,1.0,0.151745
3696940,IN,IN,PROCE,RAWMI,6.3,1.0,1.0,1.0,1.0,0.15873
3700415,IN,IN,FOUND,COLLE,7.58,1.0,1.0,1.0,1.0,0.131926
3702998,IN,IN,CONST,TEXTI,4.85,1.0,1.0,1.0,1.0,0.206186
3701162,IN,IN,MOTO1,93197,5.75,1.0,1.0,1.0,1.0,0.173913
3696943,IN,IN,PROCE,MEATC,8.15,1.0,1.0,1.0,1.0,0.122699
3700145,IN,IN,LEAD1,MACHI,16.15,1.0,1.0,1.0,1.0,0.06192
3703000,IN,IN,CONST,LEATH,3.73,1.0,1.0,1.0,1.0,0.268097
3696947,IN,IN,PROCE,VEGE1,7.92,1.0,1.0,1.0,1.0,0.126263
3694872,IN,IN,CEREA,RUBBE,3.39,1.0,1.0,1.0,1.0,0.294985
3701266,IN,IN,FURNI,MEAT4,8.62,1.0,1.0,1.0,1.0,0.116009
3706387,IN,IN,PRIVA,NFERT,1.23,1.0,1.0,1.0,1.0,0.813008
3694883,IN,IN,CEREA,FURNI,2.52,1.0,1.0,1.0,1.0,0.396825
3705058,IN,IN,REALE,MEMBE,47.34,1.0,1.0,1.0,1.0,0.021124
3705060,IN,IN,REALE,93197,65.71,1.0,1.0,1.0,1.0,0.015218
3703009,IN,IN,CONST,KERO1,2.98,1.0,1.0,1.0,1.0,0.33557
3706384,IN,IN,PRIVA,PETRO,1.13,1.0,1.0,1.0,1.0,0.884956
3703011,IN,IN,CONST,HEAVY,6.83,1.0,1.0,1.0,1.0,0.146413
3704886,IN,IN,AUXIL,MEDIC,9.99,1.0,1.0,1.0,1.0,0.1001
3702824,IN,IN,DIST1,WASTE,10.77,1.0,1.0,1.0,1.0,0.092851
3702823,IN,IN,DIST1,FOOD3,10.78,1.0,1.0,1.0,1.0,0.092764
3700422,IN,IN,FOUND,POSTT,6.18,1.0,1.0,1.0,1.0,0.161812
3705065,IN,IN,RENTI,OILSE,20.76,1.0,1.0,1.0,1.0,0.04817
3701274,IN,IN,FURNI,TOBAC,10.16,1.0,1.0,1.0,1.0,0.098425
3704855,IN,IN,AUXIL,NAPHT,15.02,1.0,1.0,1.0,1.0,0.066578
3702995,IN,IN,CONST,BEVER,3.42,1.0,1.0,1.0,1.0,0.292398
3694916,IN,IN,VEGET,MEATC,1.08,1.0,1.0,1.0,1.0,0.925926
3696686,IN,IN,MEAT4,PADDY,5.85,1.0,1.0,1.0,1.0,0.17094
3697037,IN,IN,SUGA1,SUGA1,3.23,1.0,1.0,1.0,1.0,0.309598
3696685,IN,IN,MEAT1,93197,1.63,1.0,1.0,1.0,1.0,0.613497
3696684,IN,IN,MEAT1,RECRE,4.43,1.0,1.0,1.0,1.0,0.225734
3694957,IN,IN,VEGET,FABRI,2.89,1.0,1.0,1.0,1.0,0.346021
3697041,IN,IN,SUGA1,TOBAC,3.78,1.0,1.0,1.0,1.0,0.26455
3701133,IN,IN,MOTO1,COLLE,8.99,1.0,1.0,1.0,1.0,0.111235
3700024,IN,IN,ALUM1,PAPER,16.27,1.0,1.0,1.0,1.0,0.061463
3701876,IN,IN,ELEC4,ELECT,9.76,1.0,1.0,1.0,1.0,0.102459
3700022,IN,IN,ALUM1,WOODW,8.4,1.0,1.0,1.0,1.0,0.119048
3706335,IN,IN,PRIVA,COKIN,0.98,1.0,1.0,1.0,1.0,1.020408
3700019,IN,IN,ALUM1,TEXTI,6.85,1.0,1.0,1.0,1.0,0.145985
3694965,IN,IN,VEGET,ELEC2,1.35,1.0,1.0,1.0,1.0,0.740741
3696680,IN,IN,MEAT1,BUSIN,4.45,1.0,1.0,1.0,1.0,0.224719
3701127,IN,IN,MOTO1,DISTR,5.64,1.0,1.0,1.0,1.0,0.177305
3706331,IN,IN,PRIVA,SUGAR,1.42,1.0,1.0,1.0,1.0,0.704225
3706330,IN,IN,PRIVA,OILSE,1.39,1.0,1.0,1.0,1.0,0.719424
3704813,IN,IN,AUXIL,FISHF,19.29,1.0,1.0,1.0,1.0,0.05184
3700442,IN,IN,FABRI,COKIN,4.7,1.0,1.0,1.0,1.0,0.212766
3701285,IN,IN,FURNI,KEROS,9.69,1.0,1.0,1.0,1.0,0.103199
3694979,IN,IN,OILSE,FISHF,1.78,1.0,1.0,1.0,1.0,0.561798
3694981,IN,IN,OILSE,MEATC,3.32,1.0,1.0,1.0,1.0,0.301205
3702412,IN,IN,TRAN1,RENTI,23.31,1.0,1.0,1.0,1.0,0.0429
3706343,IN,IN,PRIVA,COPPE,1.25,1.0,1.0,1.0,1.0,0.8
3697035,IN,IN,SUGA1,DAIRY,4.13,1.0,1.0,1.0,1.0,0.242131
3701877,IN,IN,ELEC4,RADIO,15.8,1.0,1.0,1.0,1.0,0.063291
3700057,IN,IN,ALUM1,COPP1,13.7,1.0,1.0,1.0,1.0,0.072993
3696999,IN,IN,PROCE,FURNI,3.98,1.0,1.0,1.0,1.0,0.251256
3704848,IN,IN,AUXIL,KEROS,16.79,1.0,1.0,1.0,1.0,0.059559
3700436,IN,IN,FABRI,OILSE,4.93,1.0,1.0,1.0,1.0,0.20284
3694768,IN,IN,WHEAT,SUGA1,1.95,1.0,1.0,1.0,1.0,0.512821
3700067,IN,IN,ALUM1,TRANS,14.14,1.0,1.0,1.0,1.0,0.070721
3697008,IN,IN,PROCE,WHOLE,5.3,1.0,1.0,1.0,1.0,0.188679
3700065,IN,IN,ALUM1,MEDIC,8.88,1.0,1.0,1.0,1.0,0.112613
3702316,IN,IN,TRAN1,NATUR,12.56,1.0,1.0,1.0,1.0,0.079618
3694930,IN,IN,VEGET,LEATH,0.98,1.0,1.0,1.0,1.0,1.020408
3701881,IN,IN,ELEC4,FURNI,7.7,1.0,1.0,1.0,1.0,0.12987
3700056,IN,IN,ALUM1,LEAD1,5.8,1.0,1.0,1.0,1.0,0.172414
3697034,IN,IN,SUGA1,VEGE1,4.82,1.0,1.0,1.0,1.0,0.207469
3701880,IN,IN,ELEC4,TRANS,12.28,1.0,1.0,1.0,1.0,0.081433
3697017,IN,IN,PROCE,PUBLI,4.43,1.0,1.0,1.0,1.0,0.225734
3697018,IN,IN,PROCE,HEALT,9.09,1.0,1.0,1.0,1.0,0.110011
3706352,IN,IN,PRIVA,MEATP,2.43,1.0,1.0,1.0,1.0,0.411523
3697024,IN,IN,SUGA1,PADDY,3.13,1.0,1.0,1.0,1.0,0.319489
3697025,IN,IN,SUGA1,WHEAT,5.05,1.0,1.0,1.0,1.0,0.19802
3704830,IN,IN,AUXIL,VEGE1,17.98,1.0,1.0,1.0,1.0,0.055617
3700044,IN,IN,ALUM1,CHARC,6.64,1.0,1.0,1.0,1.0,0.150602
3706346,IN,IN,PRIVA,LEADZ,1.52,1.0,1.0,1.0,1.0,0.657895
3704826,IN,IN,AUXIL,MEATC,7.82,1.0,1.0,1.0,1.0,0.127877
3700152,IN,IN,LEAD1,FURNI,6.09,1.0,1.0,1.0,1.0,0.164204
3704895,IN,IN,AUXIL,ELEC5,10.88,1.0,1.0,1.0,1.0,0.091912
3700003,IN,IN,PREC1,FOOD3,13.21,1.0,1.0,1.0,1.0,0.0757
3696837,IN,IN,VEGE1,RECRE,5.08,1.0,1.0,1.0,1.0,0.19685
3702347,IN,IN,TRAN1,HEAVY,12.74,1.0,1.0,1.0,1.0,0.078493
3701226,IN,IN,TRANS,POSTT,3.85,1.0,1.0,1.0,1.0,0.25974
3700305,IN,IN,NONF1,MACHI,8.28,1.0,1.0,1.0,1.0,0.120773
3696809,IN,IN,VEGE1,NONF1,5.4,1.0,1.0,1.0,1.0,0.185185
3704993,IN,IN,REALE,RUBBE,29.46,1.0,1.0,1.0,1.0,0.033944
3702884,IN,IN,COLLE,NFERT,14.25,1.0,1.0,1.0,1.0,0.070175
3706447,IN,IN,PRIVA,REALE,1.07,1.0,1.0,1.0,1.0,0.934579
3701917,IN,IN,ELEC4,MEMBE,10.71,1.0,1.0,1.0,1.0,0.093371
3704989,IN,IN,REALE,CHEM1,24.08,1.0,1.0,1.0,1.0,0.041528
3700292,IN,IN,NONF1,GLASS,6.74,1.0,1.0,1.0,1.0,0.148368
3704985,IN,IN,REALE,NUCLE,25.76,1.0,1.0,1.0,1.0,0.03882
3702891,IN,IN,COLLE,GLASS,9.55,1.0,1.0,1.0,1.0,0.104712
3702893,IN,IN,COLLE,BRICK,5.93,1.0,1.0,1.0,1.0,0.168634
3701217,IN,IN,TRANS,WHOLE,5.07,1.0,1.0,1.0,1.0,0.197239
3701216,IN,IN,TRANS,RETAI,4.78,1.0,1.0,1.0,1.0,0.209205
3701249,IN,IN,FURNI,FORES,11.69,1.0,1.0,1.0,1.0,0.085543
3696825,IN,IN,VEGE1,RETA1,5.93,1.0,1.0,1.0,1.0,0.168634
3705024,IN,IN,REALE,DISTR,23.45,1.0,1.0,1.0,1.0,0.042644
3702906,IN,IN,COLLE,ELECT,8.4,1.0,1.0,1.0,1.0,0.119048
3700272,IN,IN,NONF1,PRINT,4.99,1.0,1.0,1.0,1.0,0.200401
3694790,IN,IN,WHEAT,PFERT,1.62,1.0,1.0,1.0,1.0,0.617284
3706444,IN,IN,PRIVA,FINAN,1.5,1.0,1.0,1.0,1.0,0.666667
3702331,IN,IN,TRAN1,BEVER,13.67,1.0,1.0,1.0,1.0,0.073153
3700365,IN,IN,FOUND,NAPHT,6.29,1.0,1.0,1.0,1.0,0.158983
3696803,IN,IN,VEGE1,RUBBE,2.91,1.0,1.0,1.0,1.0,0.343643
3700363,IN,IN,FOUND,LIQUE,10.12,1.0,1.0,1.0,1.0,0.098814
3700331,IN,IN,NONF1,FOOD3,4.97,1.0,1.0,1.0,1.0,0.201207
3702856,IN,IN,COLLE,FOOD5,7.86,1.0,1.0,1.0,1.0,0.127226
3701921,IN,IN,ELEC5,WHEAT,7.97,1.0,1.0,1.0,1.0,0.125471
3702858,IN,IN,COLLE,FISH5,14.55,1.0,1.0,1.0,1.0,0.068729
3702861,IN,IN,COLLE,WEARI,11.34,1.0,1.0,1.0,1.0,0.088183
3702863,IN,IN,COLLE,WOODW,12.89,1.0,1.0,1.0,1.0,0.07758
3705007,IN,IN,REALE,MACHI,33.74,1.0,1.0,1.0,1.0,0.029638
3705006,IN,IN,REALE,FABRI,27.7,1.0,1.0,1.0,1.0,0.036101
3701919,IN,IN,ELEC4,93197,8.97,1.0,1.0,1.0,1.0,0.111483
3700358,IN,IN,FOUND,KEROS,6.78,1.0,1.0,1.0,1.0,0.147493
3700332,IN,IN,NONF1,WASTE,4.96,1.0,1.0,1.0,1.0,0.201613
3700330,IN,IN,NONF1,HEALT,9.8,1.0,1.0,1.0,1.0,0.102041
3702877,IN,IN,COLLE,NAPHT,13.51,1.0,1.0,1.0,1.0,0.074019
3702870,IN,IN,COLLE,KEROS,14.53,1.0,1.0,1.0,1.0,0.068823
3701918,IN,IN,ELEC4,RECRE,13.83,1.0,1.0,1.0,1.0,0.072307
3700326,IN,IN,NONF1,POSTT,4.08,1.0,1.0,1.0,1.0,0.245098
3700323,IN,IN,NONF1,COLLE,6.7,1.0,1.0,1.0,1.0,0.149254
3696796,IN,IN,VEGE1,PLAST,5.89,1.0,1.0,1.0,1.0,0.169779
3696778,IN,IN,VEGE1,TEXTI,2.12,1.0,1.0,1.0,1.0,0.471698
3701230,IN,IN,TRANS,COMPU,4.09,1.0,1.0,1.0,1.0,0.244499
3706449,IN,IN,PRIVA,RESEA,2.42,1.0,1.0,1.0,1.0,0.413223
3700315,IN,IN,NONF1,ELEC2,6.92,1.0,1.0,1.0,1.0,0.144509
3706448,IN,IN,PRIVA,COMPU,2.03,1.0,1.0,1.0,1.0,0.492611
3706443,IN,IN,PRIVA,POSTT,1.75,1.0,1.0,1.0,1.0,0.571429
3702917,IN,IN,COLLE,ELEC5,12.56,1.0,1.0,1.0,1.0,0.079618
3700158,IN,IN,LEAD1,COLLE,6.7,1.0,1.0,1.0,1.0,0.149254
3706442,IN,IN,PRIVA,SUPPO,1.22,1.0,1.0,1.0,1.0,0.819672
3704932,IN,IN,AUXIL,FOOD3,14.15,1.0,1.0,1.0,1.0,0.070671
3696747,IN,IN,MEAT4,BUSIN,4.79,1.0,1.0,1.0,1.0,0.208768
3704927,IN,IN,AUXIL,RESEA,16.09,1.0,1.0,1.0,1.0,0.06215
3706416,IN,IN,PRIVA,ELEC1,1.01,1.0,1.0,1.0,1.0,0.990099
3701896,IN,IN,ELEC4,RAILW,6.49,1.0,1.0,1.0,1.0,0.154083
3694843,IN,IN,CEREA,SUGA1,3.7,1.0,1.0,1.0,1.0,0.27027
3694848,IN,IN,CEREA,TEXTI,2.17,1.0,1.0,1.0,1.0,0.460829
3700188,IN,IN,COPP1,PRINT,17.51,1.0,1.0,1.0,1.0,0.05711
3706404,IN,IN,PRIVA,NONF1,1.25,1.0,1.0,1.0,1.0,0.8
3700182,IN,IN,COPP1,TEXTI,7.85,1.0,1.0,1.0,1.0,0.127389
3704916,IN,IN,AUXIL,SEACO,21.73,1.0,1.0,1.0,1.0,0.046019
3706401,IN,IN,PRIVA,ALUM1,1.85,1.0,1.0,1.0,1.0,0.540541
3704913,IN,IN,AUXIL,RAILW,7.48,1.0,1.0,1.0,1.0,0.13369
3702835,IN,IN,COLLE,CROPS,13.31,1.0,1.0,1.0,1.0,0.075131
3706397,IN,IN,PRIVA,CEMEN,1.71,1.0,1.0,1.0,1.0,0.584795
3702978,IN,IN,CONST,NATU1,3.43,1.0,1.0,1.0,1.0,0.291545
3700402,IN,IN,FOUND,ELEC2,4.99,1.0,1.0,1.0,1.0,0.200401
3704905,IN,IN,AUXIL,DIST1,12.25,1.0,1.0,1.0,1.0,0.081633
3700405,IN,IN,FOUND,ELEC5,5.64,1.0,1.0,1.0,1.0,0.177305
3696929,IN,IN,DAIRY,MEMBE,18.64,1.0,1.0,1.0,1.0,0.053648
3696931,IN,IN,DAIRY,93197,27.67,1.0,1.0,1.0,1.0,0.03614
3702830,IN,IN,COLLE,CEREA,14.73,1.0,1.0,1.0,1.0,0.067889
3702989,IN,IN,CONST,MEAT4,4.64,1.0,1.0,1.0,1.0,0.215517
3704933,IN,IN,AUXIL,WASTE,14.13,1.0,1.0,1.0,1.0,0.070771
3696887,IN,IN,DAIRY,PFERT,10.76,1.0,1.0,1.0,1.0,0.092937
3696749,IN,IN,MEAT4,HEALT,8.66,1.0,1.0,1.0,1.0,0.115473
3701256,IN,IN,FURNI,NATUR,8.84,1.0,1.0,1.0,1.0,0.113122
3702920,IN,IN,COLLE,ELEC8,7.31,1.0,1.0,1.0,1.0,0.136799
3704972,IN,IN,REALE,PRINT,32.34,1.0,1.0,1.0,1.0,0.030921
3696844,IN,IN,DAIRY,CROPS,11.01,1.0,1.0,1.0,1.0,0.090827
3704967,IN,IN,REALE,WEARI,27.5,1.0,1.0,1.0,1.0,0.036364
3694803,IN,IN,WHEAT,FURNI,1.34,1.0,1.0,1.0,1.0,0.746269
3706435,IN,IN,PRIVA,HOTEL,1.44,1.0,1.0,1.0,1.0,0.694444
3702930,IN,IN,COLLE,SALEM,14.82,1.0,1.0,1.0,1.0,0.067476
3704966,IN,IN,REALE,TEXTI,35.37,1.0,1.0,1.0,1.0,0.028273
3702365,IN,IN,TRAN1,GLASS,24.95,1.0,1.0,1.0,1.0,0.04008
3700239,IN,IN,COPP1,DISTR,8.56,1.0,1.0,1.0,1.0,0.116822
3702939,IN,IN,COLLE,AIRTR,5.44,1.0,1.0,1.0,1.0,0.183824
3694834,IN,IN,CEREA,WOOLS,4.42,1.0,1.0,1.0,1.0,0.226244
3700233,IN,IN,COPP1,ELEC1,9.37,1.0,1.0,1.0,1.0,0.106724
3696753,IN,IN,MEAT4,RECRE,4.95,1.0,1.0,1.0,1.0,0.20202
3701181,IN,IN,TRANS,WOODW,4.57,1.0,1.0,1.0,1.0,0.218818
3702943,IN,IN,COLLE,INSUR,8.5,1.0,1.0,1.0,1.0,0.117647
3702944,IN,IN,COLLE,AUXIL,8.33,1.0,1.0,1.0,1.0,0.120048
3700218,IN,IN,COPP1,ALUM1,13.28,1.0,1.0,1.0,1.0,0.075301
3702385,IN,IN,TRAN1,FURNI,26.1,1.0,1.0,1.0,1.0,0.038314
3700212,IN,IN,COPP1,CERAM,7.46,1.0,1.0,1.0,1.0,0.134048
3702948,IN,IN,COLLE,RESEA,11.16,1.0,1.0,1.0,1.0,0.089606
3700207,IN,IN,COPP1,CHARC,7.14,1.0,1.0,1.0,1.0,0.140056
3700004,IN,IN,PREC1,WASTE,13.19,1.0,1.0,1.0,1.0,0.075815
3700448,IN,IN,FABRI,NATU1,3.95,1.0,1.0,1.0,1.0,0.253165
3704694,IN,IN,INSUR,PROCE,8.97,1.0,1.0,1.0,1.0,0.111483
3695128,IN,IN,SUGAR,PUBLI,16.61,1.0,1.0,1.0,1.0,0.060205
3697170,IN,IN,FOOD5,SUPPO,1.83,1.0,1.0,1.0,1.0,0.546448
3699809,IN,IN,NONME,COLLE,13.52,1.0,1.0,1.0,1.0,0.073964
3699808,IN,IN,NONME,DIST1,7.58,1.0,1.0,1.0,1.0,0.131926
3697171,IN,IN,FOOD5,POSTT,3.1,1.0,1.0,1.0,1.0,0.322581
3705126,IN,IN,RENTI,BIODI,7.89,1.0,1.0,1.0,1.0,0.126743
3699800,IN,IN,NONME,MEDIC,7.87,1.0,1.0,1.0,1.0,0.127065
3706230,IN,IN,93197,LEATH,3.85,1.0,1.0,1.0,1.0,0.25974
3706226,IN,IN,93197,FISH5,5.24,1.0,1.0,1.0,1.0,0.19084
3701972,IN,IN,ELEC5,CHEM1,8.65,1.0,1.0,1.0,1.0,0.115607
3704735,IN,IN,INSUR,NONME,26.25,1.0,1.0,1.0,1.0,0.038095
3700507,IN,IN,FABRI,NONF1,9.77,1.0,1.0,1.0,1.0,0.102354
3704734,IN,IN,INSUR,CEMEN,9.67,1.0,1.0,1.0,1.0,0.103413
3704732,IN,IN,INSUR,CERAM,9.63,1.0,1.0,1.0,1.0,0.103842
3701095,IN,IN,MOTO1,CHEM1,8.85,1.0,1.0,1.0,1.0,0.112994
3706219,IN,IN,93197,MEAT4,3.32,1.0,1.0,1.0,1.0,0.301205
3706218,IN,IN,93197,MEAT1,2.97,1.0,1.0,1.0,1.0,0.3367
3701977,IN,IN,ELEC5,CERAM,10.59,1.0,1.0,1.0,1.0,0.094429
3699777,IN,IN,NONME,PFERT,6.95,1.0,1.0,1.0,1.0,0.143885
3699775,IN,IN,NONME,PLAST,7.22,1.0,1.0,1.0,1.0,0.138504
3697193,IN,IN,BEVER,FOOD5,3.24,1.0,1.0,1.0,1.0,0.308642
3699147,IN,IN,CHEM1,COKIN,7.4,1.0,1.0,1.0,1.0,0.135135
3701980,IN,IN,ELEC5,NONME,12.33,1.0,1.0,1.0,1.0,0.081103
3697196,IN,IN,BEVER,TOBAC,2.26,1.0,1.0,1.0,1.0,0.442478
3706238,IN,IN,93197,KEROS,6.3,1.0,1.0,1.0,1.0,0.15873
3699814,IN,IN,NONME,HOTEL,8.86,1.0,1.0,1.0,1.0,0.112867
3703212,IN,IN,RETAI,MEATA,5.72,1.0,1.0,1.0,1.0,0.174825
3702430,IN,IN,DISTR,PLANT,15.4,1.0,1.0,1.0,1.0,0.064935
3701846,IN,IN,ELEC4,LIQUE,13.06,1.0,1.0,1.0,1.0,0.07657
3700490,IN,IN,FABRI,NFERT,5.49,1.0,1.0,1.0,1.0,0.182149
3704746,IN,IN,INSUR,ELECT,9.99,1.0,1.0,1.0,1.0,0.1001
3699842,IN,IN,BASIC,LEATH,6.1,1.0,1.0,1.0,1.0,0.163934
3701841,IN,IN,ELEC4,KEROS,8.65,1.0,1.0,1.0,1.0,0.115607
3704745,IN,IN,INSUR,OFFIC,14.81,1.0,1.0,1.0,1.0,0.067522
3697158,IN,IN,FOOD5,FURNI,3.58,1.0,1.0,1.0,1.0,0.27933
3704743,IN,IN,INSUR,FABRI,23.45,1.0,1.0,1.0,1.0,0.042644
3701837,IN,IN,ELEC4,PRINT,12.42,1.0,1.0,1.0,1.0,0.080515
3706245,IN,IN,93197,NAPHT,5.76,1.0,1.0,1.0,1.0,0.173611
3703205,IN,IN,RETAI,OILSE,4.46,1.0,1.0,1.0,1.0,0.224215
3705122,IN,IN,RENTI,PFERT,18.65,1.0,1.0,1.0,1.0,0.053619
3699827,IN,IN,BASIC,NATUR,6.25,1.0,1.0,1.0,1.0,0.16
3701834,IN,IN,ELEC4,WOODW,10.52,1.0,1.0,1.0,1.0,0.095057
3702432,IN,IN,DISTR,FORES,10.95,1.0,1.0,1.0,1.0,0.091324
3695094,IN,IN,SUGAR,BIOGA,21.51,1.0,1.0,1.0,1.0,0.04649
3697165,IN,IN,FOOD5,SALEM,3.04,1.0,1.0,1.0,1.0,0.328947
3699821,IN,IN,NONME,RECRE,11.36,1.0,1.0,1.0,1.0,0.088028
3697166,IN,IN,FOOD5,RETAI,4.13,1.0,1.0,1.0,1.0,0.242131
3699819,IN,IN,NONME,WASTE,5.6,1.0,1.0,1.0,1.0,0.178571
3699818,IN,IN,NONME,FOOD3,5.61,1.0,1.0,1.0,1.0,0.178253
3700498,IN,IN,FABRI,CERAM,10.02,1.0,1.0,1.0,1.0,0.0998
3704723,IN,IN,INSUR,PLAST,20.24,1.0,1.0,1.0,1.0,0.049407
3700518,IN,IN,FABRI,SECO9,6.99,1.0,1.0,1.0,1.0,0.143062
3695075,IN,IN,SUGAR,PAPER,28.21,1.0,1.0,1.0,1.0,0.035448
3699764,IN,IN,NONME,GASDI,4.54,1.0,1.0,1.0,1.0,0.220264
3699722,IN,IN,CEMEN,TRANS,12.1,1.0,1.0,1.0,1.0,0.082645
3703264,IN,IN,RETAI,SECO9,5.07,1.0,1.0,1.0,1.0,0.197239
3699718,IN,IN,CEMEN,ELECT,5.04,1.0,1.0,1.0,1.0,0.198413
3699717,IN,IN,CEMEN,OFFIC,7.8,1.0,1.0,1.0,1.0,0.128205
3705135,IN,IN,RENTI,ALUM1,9.4,1.0,1.0,1.0,1.0,0.106383
3704705,IN,IN,INSUR,PAPER,18.75,1.0,1.0,1.0,1.0,0.053333
3701811,IN,IN,ELEC4,BITUM,12.82,1.0,1.0,1.0,1.0,0.078003
3701988,IN,IN,ELEC5,FABRI,6.36,1.0,1.0,1.0,1.0,0.157233
3706196,IN,IN,93197,WHEAT,4.55,1.0,1.0,1.0,1.0,0.21978
3697219,IN,IN,BEVER,BIOGA,3.73,1.0,1.0,1.0,1.0,0.268097
3697221,IN,IN,BEVER,RUBBE,2.98,1.0,1.0,1.0,1.0,0.33557
3706191,IN,IN,RECRE,WASTE,2.45,1.0,1.0,1.0,1.0,0.408163
3706190,IN,IN,RECRE,FOOD3,2.45,1.0,1.0,1.0,1.0,0.408163
3702452,IN,IN,DISTR,FOOD5,13.75,1.0,1.0,1.0,1.0,0.072727
3706185,IN,IN,RECRE,RESEA,2.87,1.0,1.0,1.0,1.0,0.348432
3699700,IN,IN,CEMEN,BIOGA,8.56,1.0,1.0,1.0,1.0,0.116822
3702453,IN,IN,DISTR,BEVER,20.3,1.0,1.0,1.0,1.0,0.049261
3699697,IN,IN,CEMEN,PFERT,5.36,1.0,1.0,1.0,1.0,0.186567
3703274,IN,IN,RETAI,CONST,9.5,1.0,1.0,1.0,1.0,0.105263
3700537,IN,IN,FABRI,AUXIL,5.76,1.0,1.0,1.0,1.0,0.173611
3704696,IN,IN,INSUR,FOOD5,9.46,1.0,1.0,1.0,1.0,0.105708
3705137,IN,IN,RENTI,COPP1,11.62,1.0,1.0,1.0,1.0,0.086059
3706181,IN,IN,RECRE,AUXIL,3.84,1.0,1.0,1.0,1.0,0.260417
3699723,IN,IN,CEMEN,FURNI,8.11,1.0,1.0,1.0,1.0,0.123305
3706202,IN,IN,93197,FORES,5.61,1.0,1.0,1.0,1.0,0.178253
3704706,IN,IN,INSUR,PRINT,22.35,1.0,1.0,1.0,1.0,0.044743
3703248,IN,IN,RETAI,BASIC,11.62,1.0,1.0,1.0,1.0,0.086059
3702438,IN,IN,DISTR,NATUR,18.65,1.0,1.0,1.0,1.0,0.053619
3699760,IN,IN,NONME,COKEO,10.75,1.0,1.0,1.0,1.0,0.093023
3699759,IN,IN,NONME,PRINT,10.95,1.0,1.0,1.0,1.0,0.091324
3699756,IN,IN,NONME,WOODW,10.16,1.0,1.0,1.0,1.0,0.098425
3699755,IN,IN,NONME,LEATH,4.75,1.0,1.0,1.0,1.0,0.210526
3699753,IN,IN,NONME,TEXTI,7.2,1.0,1.0,1.0,1.0,0.138889
3703243,IN,IN,RETAI,GLASS,7.57,1.0,1.0,1.0,1.0,0.1321
3699747,IN,IN,NONME,PROCE,11.67,1.0,1.0,1.0,1.0,0.08569
3701081,IN,IN,MOTO1,PRINT,5.56,1.0,1.0,1.0,1.0,0.179856
3699744,IN,IN,NONME,MEAT4,10.97,1.0,1.0,1.0,1.0,0.091158
3703249,IN,IN,RETAI,PREC1,4.57,1.0,1.0,1.0,1.0,0.218818
3705134,IN,IN,RENTI,PREC1,15.11,1.0,1.0,1.0,1.0,0.066181
3703250,IN,IN,RETAI,ALUM1,4.26,1.0,1.0,1.0,1.0,0.234742
3695133,IN,IN,SUGAR,RECRE,31.2,1.0,1.0,1.0,1.0,0.032051
3703252,IN,IN,RETAI,COPP1,4.85,1.0,1.0,1.0,1.0,0.206186
3699738,IN,IN,NONME,CRUDE,13.16,1.0,1.0,1.0,1.0,0.075988
3704712,IN,IN,INSUR,GASDI,25.82,1.0,1.0,1.0,1.0,0.03873
3702785,IN,IN,DIST1,MEDIC,4.91,1.0,1.0,1.0,1.0,0.203666
3703256,IN,IN,RETAI,MACHI,7.92,1.0,1.0,1.0,1.0,0.126263
3704708,IN,IN,INSUR,MOTOR,11.42,1.0,1.0,1.0,1.0,0.087566
3703258,IN,IN,RETAI,ELECT,8.03,1.0,1.0,1.0,1.0,0.124533
3701814,IN,IN,ELEC4,CRUDE,10.59,1.0,1.0,1.0,1.0,0.094429
3703187,IN,IN,SALEM,TRAN2,3.0,1.0,1.0,1.0,1.0,0.333333
3700488,IN,IN,FABRI,NONSP,4.37,1.0,1.0,1.0,1.0,0.228833
3703106,IN,IN,SALEM,POULT,3.88,1.0,1.0,1.0,1.0,0.257732
3701114,IN,IN,MOTO1,MEDIC,6.61,1.0,1.0,1.0,1.0,0.151286
3697095,IN,IN,SUGA1,BUSIN,7.48,1.0,1.0,1.0,1.0,0.13369
3699961,IN,IN,PREC1,CHARC,7.83,1.0,1.0,1.0,1.0,0.127714
3697097,IN,IN,SUGA1,HEALT,4.19,1.0,1.0,1.0,1.0,0.238663
3705106,IN,IN,RENTI,MOTOR,15.41,1.0,1.0,1.0,1.0,0.064893
3702419,IN,IN,TRAN1,FOOD3,19.72,1.0,1.0,1.0,1.0,0.05071
3703126,IN,IN,SALEM,TOBAC,3.1,1.0,1.0,1.0,1.0,0.322581
3697101,IN,IN,SUGA1,RECRE,3.15,1.0,1.0,1.0,1.0,0.31746
3703129,IN,IN,SALEM,LEATH,4.86,1.0,1.0,1.0,1.0,0.205761
3705107,IN,IN,RENTI,KEROS,11.25,1.0,1.0,1.0,1.0,0.088889
3700458,IN,IN,FABRI,VEGE1,8.47,1.0,1.0,1.0,1.0,0.118064
3704770,IN,IN,INSUR,RETAI,11.59,1.0,1.0,1.0,1.0,0.086281
3695021,IN,IN,OILSE,COPP1,2.18,1.0,1.0,1.0,1.0,0.458716
3704769,IN,IN,INSUR,SALEM,10.64,1.0,1.0,1.0,1.0,0.093985
3699946,IN,IN,PREC1,GASDI,5.79,1.0,1.0,1.0,1.0,0.172712
3697108,IN,IN,FOOD5,CROPS,2.17,1.0,1.0,1.0,1.0,0.460829
3697110,IN,IN,FOOD5,PIGS9,2.78,1.0,1.0,1.0,1.0,0.359712
3701292,IN,IN,FURNI,NAPHT,8.93,1.0,1.0,1.0,1.0,0.111982
3695028,IN,IN,OILSE,FURNI,1.93,1.0,1.0,1.0,1.0,0.518135
3699938,IN,IN,PREC1,WOODW,7.84,1.0,1.0,1.0,1.0,0.127551
3699935,IN,IN,PREC1,TEXTI,8.02,1.0,1.0,1.0,1.0,0.124688
3695030,IN,IN,OILSE,ELEC2,1.77,1.0,1.0,1.0,1.0,0.564972
3706289,IN,IN,93197,DISTR,5.61,1.0,1.0,1.0,1.0,0.178253
3697115,IN,IN,FOOD5,WOOLS,2.13,1.0,1.0,1.0,1.0,0.469484
3704777,IN,IN,INSUR,SEACO,12.07,1.0,1.0,1.0,1.0,0.08285
3695013,IN,IN,OILSE,CHARC,3.08,1.0,1.0,1.0,1.0,0.324675
3697089,IN,IN,SUGA1,RETA1,7.56,1.0,1.0,1.0,1.0,0.132275
3702809,IN,IN,DIST1,SEACO,8.8,1.0,1.0,1.0,1.0,0.113636
3704805,IN,IN,AUXIL,CROPS,8.52,1.0,1.0,1.0,1.0,0.117371
3703109,IN,IN,SALEM,COKIN,2.2,1.0,1.0,1.0,1.0,0.454545
3699997,IN,IN,PREC1,POSTT,6.2,1.0,1.0,1.0,1.0,0.16129
3701119,IN,IN,MOTO1,ELEC1,8.8,1.0,1.0,1.0,1.0,0.113636
3699994,IN,IN,PREC1,COLLE,6.7,1.0,1.0,1.0,1.0,0.149254
3699993,IN,IN,PREC1,DIST1,5.93,1.0,1.0,1.0,1.0,0.168634
3704802,IN,IN,AUXIL,OILSE,12.36,1.0,1.0,1.0,1.0,0.080906
3697065,IN,IN,SUGA1,BIOGA,6.26,1.0,1.0,1.0,1.0,0.159744
3694990,IN,IN,OILSE,BEVER,4.43,1.0,1.0,1.0,1.0,0.225734
3703115,IN,IN,SALEM,NATU1,5.7,1.0,1.0,1.0,1.0,0.175439
3702808,IN,IN,DIST1,TRAN2,8.71,1.0,1.0,1.0,1.0,0.114811
3705100,IN,IN,RENTI,LEATH,19.59,1.0,1.0,1.0,1.0,0.051046
3697067,IN,IN,SUGA1,RUBBE,4.23,1.0,1.0,1.0,1.0,0.236407
3704796,IN,IN,INSUR,93197,19.31,1.0,1.0,1.0,1.0,0.051787
3694992,IN,IN,OILSE,TEXTI,2.94,1.0,1.0,1.0,1.0,0.340136
3704793,IN,IN,INSUR,WASTE,9.8,1.0,1.0,1.0,1.0,0.102041
3704792,IN,IN,INSUR,FOOD3,9.81,1.0,1.0,1.0,1.0,0.101937
3701873,IN,IN,ELEC4,FABRI,16.07,1.0,1.0,1.0,1.0,0.062228
3703119,IN,IN,SALEM,VEGE1,4.85,1.0,1.0,1.0,1.0,0.206186
3699974,IN,IN,PREC1,COPP1,16.21,1.0,1.0,1.0,1.0,0.06169
3699973,IN,IN,PREC1,LEAD1,6.06,1.0,1.0,1.0,1.0,0.165017
3699972,IN,IN,PREC1,ALUM1,9.09,1.0,1.0,1.0,1.0,0.110011
3702308,IN,IN,TRAN1,PLANT,10.37,1.0,1.0,1.0,1.0,0.096432
3702420,IN,IN,TRAN1,WASTE,19.69,1.0,1.0,1.0,1.0,0.050787
3700487,IN,IN,FABRI,PETRO,5.02,1.0,1.0,1.0,1.0,0.199203
3703153,IN,IN,SALEM,RUBBE,2.24,1.0,1.0,1.0,1.0,0.446429
3699888,IN,IN,BASIC,SECO9,8.94,1.0,1.0,1.0,1.0,0.111857
3697138,IN,IN,FOOD5,PRINT,4.11,1.0,1.0,1.0,1.0,0.243309
3701857,IN,IN,ELEC4,CHEM1,15.6,1.0,1.0,1.0,1.0,0.064103
3704756,IN,IN,INSUR,ELEC4,12.17,1.0,1.0,1.0,1.0,0.082169
3701298,IN,IN,FURNI,PLAST,4.61,1.0,1.0,1.0,1.0,0.21692
3694726,IN,IN,PADDY,BIOGA,2.43,1.0,1.0,1.0,1.0,0.411523
3695059,IN,IN,SUGAR,MEATP,13.75,1.0,1.0,1.0,1.0,0.072727
3699877,IN,IN,BASIC,NONF1,11.63,1.0,1.0,1.0,1.0,0.085985
3701958,IN,IN,ELEC5,GASDI,10.59,1.0,1.0,1.0,1.0,0.094429
3697141,IN,IN,FOOD5,NFERT,3.31,1.0,1.0,1.0,1.0,0.302115
3706261,IN,IN,93197,BRICK,4.16,1.0,1.0,1.0,1.0,0.240385
3705118,IN,IN,RENTI,PETRO,11.33,1.0,1.0,1.0,1.0,0.088261
3699869,IN,IN,BASIC,BRICK,7.55,1.0,1.0,1.0,1.0,0.13245
3695069,IN,IN,SUGAR,TOBAC,14.8,1.0,1.0,1.0,1.0,0.067568
3701848,IN,IN,ELEC4,NAPHT,8.09,1.0,1.0,1.0,1.0,0.123609
3695072,IN,IN,SUGAR,LEATH,18.03,1.0,1.0,1.0,1.0,0.055463
3703175,IN,IN,SALEM,SECO9,4.84,1.0,1.0,1.0,1.0,0.206612
3704753,IN,IN,INSUR,ELEC1,12.26,1.0,1.0,1.0,1.0,0.081566
3704750,IN,IN,INSUR,TRANS,23.77,1.0,1.0,1.0,1.0,0.04207
3695073,IN,IN,SUGAR,WOODW,14.11,1.0,1.0,1.0,1.0,0.070872
3702427,IN,IN,DISTR,VEGET,23.62,1.0,1.0,1.0,1.0,0.042337
3695074,IN,IN,SUGAR,PULP5,29.28,1.0,1.0,1.0,1.0,0.034153
3703183,IN,IN,SALEM,RETAI,5.24,1.0,1.0,1.0,1.0,0.19084
3703171,IN,IN,SALEM,MEDIC,3.6,1.0,1.0,1.0,1.0,0.277778
3702799,IN,IN,DIST1,DIST1,6.12,1.0,1.0,1.0,1.0,0.163399
3699892,IN,IN,BASIC,ELEC4,7.2,1.0,1.0,1.0,1.0,0.138889
3703162,IN,IN,SALEM,LEAD1,5.03,1.0,1.0,1.0,1.0,0.198807
3697120,IN,IN,FOOD5,MEATC,2.48,1.0,1.0,1.0,1.0,0.403226
3699922,IN,IN,BASIC,93197,11.9,1.0,1.0,1.0,1.0,0.084034
3700477,IN,IN,FABRI,KERO1,5.35,1.0,1.0,1.0,1.0,0.186916
3701951,IN,IN,ELEC5,PAPER,10.45,1.0,1.0,1.0,1.0,0.095694
3697122,IN,IN,FOOD5,MEAT1,2.16,1.0,1.0,1.0,1.0,0.462963
3699917,IN,IN,BASIC,HEALT,7.35,1.0,1.0,1.0,1.0,0.136054
3701861,IN,IN,ELEC4,GLASS,7.41,1.0,1.0,1.0,1.0,0.134953
3703159,IN,IN,SALEM,BASIC,2.94,1.0,1.0,1.0,1.0,0.340136
3706281,IN,IN,93197,ELEC1,6.54,1.0,1.0,1.0,1.0,0.152905
3706280,IN,IN,93197,SECO9,3.81,1.0,1.0,1.0,1.0,0.262467
3699908,IN,IN,BASIC,RETA1,6.27,1.0,1.0,1.0,1.0,0.15949
3701109,IN,IN,MOTO1,FABRI,11.85,1.0,1.0,1.0,1.0,0.084388
3702305,IN,IN,TRAN1,VEGET,15.91,1.0,1.0,1.0,1.0,0.062854
3703164,IN,IN,SALEM,NONF1,4.38,1.0,1.0,1.0,1.0,0.228311
3699903,IN,IN,BASIC,COLLE,6.7,1.0,1.0,1.0,1.0,0.149254
3695047,IN,IN,SUGAR,CEREA,18.42,1.0,1.0,1.0,1.0,0.054289
3696649,IN,IN,MEATP,93197,2.22,1.0,1.0,1.0,1.0,0.45045
3706274,IN,IN,93197,ELECT,7.07,1.0,1.0,1.0,1.0,0.141443
3699899,IN,IN,BASIC,BLAST,5.75,1.0,1.0,1.0,1.0,0.173913
3699898,IN,IN,BASIC,COKE1,5.66,1.0,1.0,1.0,1.0,0.176678
3699896,IN,IN,BASIC,TRAN1,8.56,1.0,1.0,1.0,1.0,0.116822
3704760,IN,IN,INSUR,TRAN1,14.21,1.0,1.0,1.0,1.0,0.070373
3705907,IN,IN,WASTE,TRAN1,6.68,1.0,1.0,1.0,1.0,0.149701
3695476,IN,IN,POULT,COLLE,0.61,1.0,1.0,1.0,1.0,1.639344
3698073,IN,IN,PRINT,ELECT,7.81,1.0,1.0,1.0,1.0,0.128041
3696065,IN,IN,LIGNI,WEARI,10.75,1.0,1.0,1.0,1.0,0.093023
3701543,IN,IN,ELEC1,DIST1,13.97,1.0,1.0,1.0,1.0,0.071582
3700674,IN,IN,MACHI,HEALT,3.84,1.0,1.0,1.0,1.0,0.260417
3698775,IN,IN,PARAF,BITUM,6.07,1.0,1.0,1.0,1.0,0.164745
3698376,IN,IN,GASDI,LEATH,50.11,1.0,1.0,1.0,1.0,0.019956
3696221,IN,IN,NATU1,HEAVY,14.72,1.0,1.0,1.0,1.0,0.067935
3698377,IN,IN,GASDI,WOODW,38.98,1.0,1.0,1.0,1.0,0.025654
3704339,IN,IN,SUPPO,BRICK,7.76,1.0,1.0,1.0,1.0,0.128866
3705497,IN,IN,EDUCA,FABRI,3.96,1.0,1.0,1.0,1.0,0.252525
3700960,IN,IN,RADIO,RETA1,10.23,1.0,1.0,1.0,1.0,0.097752
3697837,IN,IN,PULP5,CHEM1,2.07,1.0,1.0,1.0,1.0,0.483092
3704334,IN,IN,SUPPO,BIOGA,4.15,1.0,1.0,1.0,1.0,0.240964
3698379,IN,IN,GASDI,PAPER,36.27,1.0,1.0,1.0,1.0,0.027571
3698380,IN,IN,GASDI,PRINT,43.55,1.0,1.0,1.0,1.0,0.022962
3700678,IN,IN,MACHI,RECRE,4.52,1.0,1.0,1.0,1.0,0.221239
3700679,IN,IN,MACHI,93197,5.43,1.0,1.0,1.0,1.0,0.184162
3698382,IN,IN,GASDI,MOTOR,23.57,1.0,1.0,1.0,1.0,0.042427
3700784,IN,IN,ELECT,TEXTI,6.08,1.0,1.0,1.0,1.0,0.164474
3703796,IN,IN,RAILW,ELEC1,15.44,1.0,1.0,1.0,1.0,0.064767
3698372,IN,IN,GASDI,FISH5,29.93,1.0,1.0,1.0,1.0,0.033411
3703777,IN,IN,RAILW,CEMEN,12.07,1.0,1.0,1.0,1.0,0.08285
3698781,IN,IN,PARAF,KEROS,8.34,1.0,1.0,1.0,1.0,0.119904
3701455,IN,IN,ELEC1,SUGAR,7.1,1.0,1.0,1.0,1.0,0.140845
3695726,IN,IN,FORES,HEAVY,0.45,1.0,1.0,1.0,1.0,2.222222
3695727,IN,IN,FORES,REFIN,0.82,1.0,1.0,1.0,1.0,1.219512
3701457,IN,IN,ELEC1,CROPS,15.7,1.0,1.0,1.0,1.0,0.063694
3701458,IN,IN,ELEC1,FORES,17.89,1.0,1.0,1.0,1.0,0.055897
3703785,IN,IN,RAILW,FOUND,10.21,1.0,1.0,1.0,1.0,0.097943
3697819,IN,IN,PULP5,TEXTI,1.66,1.0,1.0,1.0,1.0,0.60241
3695730,IN,IN,FORES,LUBRI,0.37,1.0,1.0,1.0,1.0,2.702703
3703788,IN,IN,RAILW,OFFIC,15.64,1.0,1.0,1.0,1.0,0.063939
3704068,IN,IN,SEACO,WOODW,17.7,1.0,1.0,1.0,1.0,0.056497
3698788,IN,IN,PARAF,NAPHT,7.8,1.0,1.0,1.0,1.0,0.128205
3703791,IN,IN,RAILW,MEDIC,25.04,1.0,1.0,1.0,1.0,0.039936
3698786,IN,IN,PARAF,LIQUE,12.6,1.0,1.0,1.0,1.0,0.079365
3702614,IN,IN,BLAST,PROCE,9.86,1.0,1.0,1.0,1.0,0.10142
3703792,IN,IN,RAILW,MOTO1,21.9,1.0,1.0,1.0,1.0,0.045662
3700789,IN,IN,ELECT,PAPER,13.72,1.0,1.0,1.0,1.0,0.072886
3704345,IN,IN,SUPPO,LEAD1,7.71,1.0,1.0,1.0,1.0,0.129702
3703806,IN,IN,RAILW,HOTEL,27.2,1.0,1.0,1.0,1.0,0.036765
3703809,IN,IN,RAILW,TRAN2,12.37,1.0,1.0,1.0,1.0,0.080841
3696067,IN,IN,LIGNI,WOODW,14.64,1.0,1.0,1.0,1.0,0.068306
3698758,IN,IN,BITU1,ELEC1,32.7,1.0,1.0,1.0,1.0,0.030581
3701602,IN,IN,ELEC2,WEARI,22.86,1.0,1.0,1.0,1.0,0.043745
3703831,IN,IN,LANDT,WHEAT,11.36,1.0,1.0,1.0,1.0,0.088028
3705596,IN,IN,HEALT,GASDI,3.65,1.0,1.0,1.0,1.0,0.273973
3698727,IN,IN,LUBRI,COLLE,14.83,1.0,1.0,1.0,1.0,0.067431
3698725,IN,IN,LUBRI,BIOG1,23.57,1.0,1.0,1.0,1.0,0.042427
3704043,IN,IN,TRAN2,ELEC2,10.32,1.0,1.0,1.0,1.0,0.096899
3704317,IN,IN,SUPPO,KERO1,8.79,1.0,1.0,1.0,1.0,0.113766
3704263,IN,IN,AIRTR,FOOD3,4.55,1.0,1.0,1.0,1.0,0.21978
3705507,IN,IN,EDUCA,ELEC1,5.72,1.0,1.0,1.0,1.0,0.174825
3703837,IN,IN,LANDT,CROPS,10.59,1.0,1.0,1.0,1.0,0.094429
3698411,IN,IN,GASDI,PREC1,31.78,1.0,1.0,1.0,1.0,0.031466
3703839,IN,IN,LANDT,PIGS9,6.69,1.0,1.0,1.0,1.0,0.149477
3698715,IN,IN,LUBRI,ELEC1,10.77,1.0,1.0,1.0,1.0,0.092851
3695755,IN,IN,FORES,OFFIC,0.72,1.0,1.0,1.0,1.0,1.388889
3698412,IN,IN,GASDI,ALUM1,31.43,1.0,1.0,1.0,1.0,0.031817
3695762,IN,IN,FORES,SECO9,0.67,1.0,1.0,1.0,1.0,1.492537
3703844,IN,IN,LANDT,WOOLS,7.91,1.0,1.0,1.0,1.0,0.126422
3700954,IN,IN,RADIO,DIST1,7.4,1.0,1.0,1.0,1.0,0.135135
3704257,IN,IN,AIRTR,COMPU,7.57,1.0,1.0,1.0,1.0,0.1321
3698737,IN,IN,BITU1,KEROS,33.92,1.0,1.0,1.0,1.0,0.029481
3704328,IN,IN,SUPPO,NONSP,7.6,1.0,1.0,1.0,1.0,0.131579
3698055,IN,IN,PRINT,BIOGA,5.1,1.0,1.0,1.0,1.0,0.196078
3702620,IN,IN,BLAST,TEXTI,10.76,1.0,1.0,1.0,1.0,0.092937
3702621,IN,IN,BLAST,WEARI,11.51,1.0,1.0,1.0,1.0,0.086881
3702708,IN,IN,DIST1,PADDY,8.08,1.0,1.0,1.0,1.0,0.123762
3703816,IN,IN,RAILW,AUXIL,25.76,1.0,1.0,1.0,1.0,0.03882
3695916,IN,IN,COKIN,FABRI,17.28,1.0,1.0,1.0,1.0,0.05787
3695744,IN,IN,FORES,CEMEN,0.66,1.0,1.0,1.0,1.0,1.515152
3696068,IN,IN,LIGNI,PULP5,15.67,1.0,1.0,1.0,1.0,0.063816
3700932,IN,IN,RADIO,FOUND,7.07,1.0,1.0,1.0,1.0,0.141443
3704048,IN,IN,TRAN2,BIOG1,14.34,1.0,1.0,1.0,1.0,0.069735
3704325,IN,IN,SUPPO,BITU1,4.73,1.0,1.0,1.0,1.0,0.211416
3698744,IN,IN,BITU1,NAPHT,31.74,1.0,1.0,1.0,1.0,0.031506
3698398,IN,IN,GASDI,NFERT,19.87,1.0,1.0,1.0,1.0,0.050327
3698742,IN,IN,BITU1,LIQUE,51.25,1.0,1.0,1.0,1.0,0.019512
3695749,IN,IN,FORES,LEAD1,0.44,1.0,1.0,1.0,1.0,2.272727
3696211,IN,IN,NATUR,PUBLI,21.24,1.0,1.0,1.0,1.0,0.047081
3704353,IN,IN,SUPPO,RADIO,5.2,1.0,1.0,1.0,1.0,0.192308
3703775,IN,IN,RAILW,CERAM,19.16,1.0,1.0,1.0,1.0,0.052192
3696202,IN,IN,NATUR,RETA1,13.28,1.0,1.0,1.0,1.0,0.075301
3704237,IN,IN,AIRTR,COLLE,8.72,1.0,1.0,1.0,1.0,0.114679
3703714,IN,IN,RAILW,POULT,9.44,1.0,1.0,1.0,1.0,0.105932
3695952,IN,IN,BITUM,NATUR,8.96,1.0,1.0,1.0,1.0,0.111607
3703716,IN,IN,RAILW,ANIMA,26.45,1.0,1.0,1.0,1.0,0.037807
3695692,IN,IN,FORES,SUGAR,0.46,1.0,1.0,1.0,1.0,2.173913
3698084,IN,IN,PRINT,ELEC5,3.51,1.0,1.0,1.0,1.0,0.2849
3697759,IN,IN,WOODW,NONME,6.99,1.0,1.0,1.0,1.0,0.143062
3698083,IN,IN,PRINT,ELEC4,7.48,1.0,1.0,1.0,1.0,0.13369
3701609,IN,IN,ELEC2,MOTOR,8.81,1.0,1.0,1.0,1.0,0.113507
3698319,IN,IN,KERO1,SUPPO,21.25,1.0,1.0,1.0,1.0,0.047059
3704098,IN,IN,SEACO,SEACO,19.13,1.0,1.0,1.0,1.0,0.052274
3703726,IN,IN,RAILW,NATUR,16.66,1.0,1.0,1.0,1.0,0.060024
3698868,IN,IN,NONSP,HEAVY,40.81,1.0,1.0,1.0,1.0,0.024504
3701606,IN,IN,ELEC2,PAPER,10.72,1.0,1.0,1.0,1.0,0.093284
3696262,IN,IN,IRONO,MACHI,3.9,1.0,1.0,1.0,1.0,0.25641
3705610,IN,IN,HEALT,BIOGA,7.42,1.0,1.0,1.0,1.0,0.134771
3698075,IN,IN,PRINT,MEDIC,5.51,1.0,1.0,1.0,1.0,0.181488
3702728,IN,IN,DIST1,MEAT4,7.27,1.0,1.0,1.0,1.0,0.137552
3695689,IN,IN,FORES,WHEAT,0.32,1.0,1.0,1.0,1.0,3.125
3695684,IN,IN,WOOLS,PUBLI,2.89,1.0,1.0,1.0,1.0,0.346021
3697809,IN,IN,PULP5,CRUDE,3.67,1.0,1.0,1.0,1.0,0.27248
3704236,IN,IN,AIRTR,DIST1,8.39,1.0,1.0,1.0,1.0,0.11919
3704382,IN,IN,SUPPO,TRAN2,9.7,1.0,1.0,1.0,1.0,0.103093
3698905,IN,IN,NONSP,BIOG1,46.28,1.0,1.0,1.0,1.0,0.021608
3705456,IN,IN,PUBLI,FOOD3,5.2,1.0,1.0,1.0,1.0,0.192308
3705457,IN,IN,PUBLI,WASTE,5.2,1.0,1.0,1.0,1.0,0.192308
3705811,IN,IN,WASTE,PADDY,7.28,1.0,1.0,1.0,1.0,0.137363
3697748,IN,IN,WOODW,NFERT,4.63,1.0,1.0,1.0,1.0,0.215983
3705459,IN,IN,PUBLI,RECRE,14.49,1.0,1.0,1.0,1.0,0.069013
3705460,IN,IN,PUBLI,93197,10.41,1.0,1.0,1.0,1.0,0.096061
3698894,IN,IN,NONSP,ELEC1,22.78,1.0,1.0,1.0,1.0,0.043898
3701520,IN,IN,ELEC1,BASIC,11.92,1.0,1.0,1.0,1.0,0.083893
3700623,IN,IN,MACHI,BASIC,6.54,1.0,1.0,1.0,1.0,0.152905
3700624,IN,IN,MACHI,PREC1,5.25,1.0,1.0,1.0,1.0,0.190476
3700625,IN,IN,MACHI,ALUM1,4.17,1.0,1.0,1.0,1.0,0.239808
3696267,IN,IN,IRONO,TRANS,3.08,1.0,1.0,1.0,1.0,0.324675
3700627,IN,IN,MACHI,COPP1,5.48,1.0,1.0,1.0,1.0,0.182482
3705657,IN,IN,HEALT,SEACO,6.82,1.0,1.0,1.0,1.0,0.146628
3698092,IN,IN,PRINT,DIST1,3.22,1.0,1.0,1.0,1.0,0.310559
3700812,IN,IN,ELECT,CERAM,5.96,1.0,1.0,1.0,1.0,0.167785
3700811,IN,IN,ELECT,GLASS,7.34,1.0,1.0,1.0,1.0,0.13624
3705469,IN,IN,EDUCA,FORES,2.17,1.0,1.0,1.0,1.0,0.460829
3701441,IN,IN,SECO9,RENTI,7.09,1.0,1.0,1.0,1.0,0.141044
3700656,IN,IN,MACHI,HOTEL,4.81,1.0,1.0,1.0,1.0,0.2079
3700804,IN,IN,ELECT,NFERT,4.96,1.0,1.0,1.0,1.0,0.201613
3697793,IN,IN,WOODW,RESEA,4.41,1.0,1.0,1.0,1.0,0.226757
3704363,IN,IN,SUPPO,ELEC5,8.7,1.0,1.0,1.0,1.0,0.114943
3697796,IN,IN,WOODW,HEALT,6.34,1.0,1.0,1.0,1.0,0.157729
3697797,IN,IN,WOODW,FOOD3,4.15,1.0,1.0,1.0,1.0,0.240964
3697798,IN,IN,WOODW,WASTE,4.14,1.0,1.0,1.0,1.0,0.241546
3698064,IN,IN,PRINT,PREC1,5.29,1.0,1.0,1.0,1.0,0.189036
3698063,IN,IN,PRINT,BASIC,2.83,1.0,1.0,1.0,1.0,0.353357
3703762,IN,IN,RAILW,BITU1,16.19,1.0,1.0,1.0,1.0,0.061767
3702606,IN,IN,COKE1,RENTI,23.31,1.0,1.0,1.0,1.0,0.0429
3703765,IN,IN,RAILW,NONSP,26.05,1.0,1.0,1.0,1.0,0.038388
3702718,IN,IN,DIST1,NATU1,8.89,1.0,1.0,1.0,1.0,0.112486
3698809,IN,IN,PARAF,COLLE,14.83,1.0,1.0,1.0,1.0,0.067431
3700667,IN,IN,MACHI,REALE,6.48,1.0,1.0,1.0,1.0,0.154321
3701452,IN,IN,ELEC1,CEREA,15.15,1.0,1.0,1.0,1.0,0.066007
3703773,IN,IN,RAILW,RUBBE,13.64,1.0,1.0,1.0,1.0,0.073314
3705681,IN,IN,FOOD3,VEGET,4.98,1.0,1.0,1.0,1.0,0.200803
3698835,IN,IN,PETRO,BRICK,13.91,1.0,1.0,1.0,1.0,0.071891
3702537,IN,IN,DISTR,RESEA,31.08,1.0,1.0,1.0,1.0,0.032175
3703740,IN,IN,RAILW,BEVER,13.21,1.0,1.0,1.0,1.0,0.0757
3704088,IN,IN,SEACO,FURNI,12.0,1.0,1.0,1.0,1.0,0.083333
3698853,IN,IN,PETRO,COLLE,14.83,1.0,1.0,1.0,1.0,0.067431
3705678,IN,IN,FOOD3,PADDY,5.82,1.0,1.0,1.0,1.0,0.171821
3695929,IN,IN,COKIN,COLLE,8.79,1.0,1.0,1.0,1.0,0.113766
3700930,IN,IN,RADIO,COPP1,6.41,1.0,1.0,1.0,1.0,0.156006
3700648,IN,IN,MACHI,DISTR,9.83,1.0,1.0,1.0,1.0,0.101729
3698340,IN,IN,GASDI,VEGET,51.15,1.0,1.0,1.0,1.0,0.01955
3700652,IN,IN,MACHI,SALEM,8.95,1.0,1.0,1.0,1.0,0.111732
3696251,IN,IN,IRONO,GLASS,3.23,1.0,1.0,1.0,1.0,0.309598
3697781,IN,IN,WOODW,DIST1,3.6,1.0,1.0,1.0,1.0,0.277778
3697782,IN,IN,WOODW,COLLE,3.26,1.0,1.0,1.0,1.0,0.306748
3700965,IN,IN,RADIO,SEACO,7.05,1.0,1.0,1.0,1.0,0.141844
3704247,IN,IN,AIRTR,SEACO,5.67,1.0,1.0,1.0,1.0,0.176367
3697784,IN,IN,WOODW,SALEM,3.55,1.0,1.0,1.0,1.0,0.28169
3696252,IN,IN,IRONO,CERAM,1.81,1.0,1.0,1.0,1.0,0.552486
3703748,IN,IN,RAILW,PAPER,16.86,1.0,1.0,1.0,1.0,0.059312
3701601,IN,IN,ELEC2,TEXTI,21.98,1.0,1.0,1.0,1.0,0.045496
3698414,IN,IN,GASDI,COPP1,36.76,1.0,1.0,1.0,1.0,0.027203
3701613,IN,IN,ELEC2,GASDI,20.03,1.0,1.0,1.0,1.0,0.049925
3704004,IN,IN,TRAN2,LIQUE,17.0,1.0,1.0,1.0,1.0,0.058824
3705561,IN,IN,HEALT,ANIMA,3.64,1.0,1.0,1.0,1.0,0.274725
3696170,IN,IN,NATUR,RUBBE,12.19,1.0,1.0,1.0,1.0,0.082034
3703999,IN,IN,TRAN2,KEROS,11.34,1.0,1.0,1.0,1.0,0.088183
3695837,IN,IN,FISHF,FURNI,0.66,1.0,1.0,1.0,1.0,1.515152
3697932,IN,IN,PAPER,BIODI,2.82,1.0,1.0,1.0,1.0,0.35461
3698592,IN,IN,LIQUE,COMPU,23.25,1.0,1.0,1.0,1.0,0.043011
3696164,IN,IN,NATUR,NFERT,13.51,1.0,1.0,1.0,1.0,0.074019
3698590,IN,IN,LIQUE,REALE,17.8,1.0,1.0,1.0,1.0,0.05618
3698589,IN,IN,LIQUE,INSUR,28.84,1.0,1.0,1.0,1.0,0.034674
3697936,IN,IN,PAPER,BRICK,3.22,1.0,1.0,1.0,1.0,0.310559
3697981,IN,IN,PAPER,SEACO,3.08,1.0,1.0,1.0,1.0,0.324675
3697941,IN,IN,PAPER,ALUM1,2.79,1.0,1.0,1.0,1.0,0.358423
3703996,IN,IN,TRAN2,COKEO,6.06,1.0,1.0,1.0,1.0,0.165017
3705746,IN,IN,FOOD3,BRICK,8.81,1.0,1.0,1.0,1.0,0.113507
3700751,IN,IN,OFFIC,EDUCA,8.51,1.0,1.0,1.0,1.0,0.117509
3696124,IN,IN,CRUDE,COLLE,8.79,1.0,1.0,1.0,1.0,0.113766
3702535,IN,IN,DISTR,RENTI,23.31,1.0,1.0,1.0,1.0,0.0429
3702533,IN,IN,DISTR,AUXIL,24.75,1.0,1.0,1.0,1.0,0.040404
3697924,IN,IN,PAPER,PETRO,4.23,1.0,1.0,1.0,1.0,0.236407
3705567,IN,IN,HEALT,BITUM,9.37,1.0,1.0,1.0,1.0,0.106724
3695836,IN,IN,FISHF,MOTO1,1.1,1.0,1.0,1.0,1.0,0.909091
3705760,IN,IN,FOOD3,RADIO,6.96,1.0,1.0,1.0,1.0,0.143678
3696184,IN,IN,NATUR,MACHI,24.57,1.0,1.0,1.0,1.0,0.0407
3697907,IN,IN,PAPER,PULP5,2.83,1.0,1.0,1.0,1.0,0.353357
3695817,IN,IN,FISHF,PLAST,1.46,1.0,1.0,1.0,1.0,0.684932
3702528,IN,IN,DISTR,AIRTR,25.59,1.0,1.0,1.0,1.0,0.039078
3697910,IN,IN,PAPER,COKEO,2.7,1.0,1.0,1.0,1.0,0.37037
3696180,IN,IN,NATUR,COPP1,15.03,1.0,1.0,1.0,1.0,0.066534
3705524,IN,IN,EDUCA,RETAI,4.6,1.0,1.0,1.0,1.0,0.217391
3697916,IN,IN,PAPER,HEAVY,3.08,1.0,1.0,1.0,1.0,0.324675
3697917,IN,IN,PAPER,REFIN,1.74,1.0,1.0,1.0,1.0,0.574713
3696178,IN,IN,NATUR,ALUM1,18.82,1.0,1.0,1.0,1.0,0.053135
3705757,IN,IN,FOOD3,MACHI,8.46,1.0,1.0,1.0,1.0,0.118203
3705754,IN,IN,FOOD3,NONF1,6.32,1.0,1.0,1.0,1.0,0.158228
3705752,IN,IN,FOOD3,LEAD1,7.59,1.0,1.0,1.0,1.0,0.131752
3702532,IN,IN,DISTR,INSUR,21.51,1.0,1.0,1.0,1.0,0.04649
3697923,IN,IN,PAPER,PARAF,1.73,1.0,1.0,1.0,1.0,0.578035
3704006,IN,IN,TRAN2,NAPHT,10.56,1.0,1.0,1.0,1.0,0.094697
3703932,IN,IN,LANDT,BIOG1,12.9,1.0,1.0,1.0,1.0,0.077519
3696153,IN,IN,NATUR,HEAVY,15.45,1.0,1.0,1.0,1.0,0.064725
3705544,IN,IN,EDUCA,FOOD3,3.33,1.0,1.0,1.0,1.0,0.3003
3703936,IN,IN,LANDT,SALEM,12.02,1.0,1.0,1.0,1.0,0.083195
3695858,IN,IN,FISHF,WASTE,0.92,1.0,1.0,1.0,1.0,1.086957
3698553,IN,IN,LIQUE,FABRI,18.94,1.0,1.0,1.0,1.0,0.052798
3698552,IN,IN,LIQUE,FOUND,22.45,1.0,1.0,1.0,1.0,0.044543
3697963,IN,IN,PAPER,ELEC8,2.46,1.0,1.0,1.0,1.0,0.406504
3697973,IN,IN,PAPER,SALEM,2.77,1.0,1.0,1.0,1.0,0.361011
3702659,IN,IN,BLAST,CONST,17.39,1.0,1.0,1.0,1.0,0.057504
3703975,IN,IN,TRAN2,NATU1,6.9,1.0,1.0,1.0,1.0,0.144928
3698542,IN,IN,LIQUE,CERAM,24.95,1.0,1.0,1.0,1.0,0.04008
3701576,IN,IN,ELEC2,WHEAT,8.17,1.0,1.0,1.0,1.0,0.122399
3698540,IN,IN,LIQUE,RUBBE,25.84,1.0,1.0,1.0,1.0,0.0387
3701575,IN,IN,ELEC2,PADDY,21.52,1.0,1.0,1.0,1.0,0.046468
3701486,IN,IN,ELEC1,LEATH,16.98,1.0,1.0,1.0,1.0,0.058893
3698537,IN,IN,LIQUE,CHEM1,30.95,1.0,1.0,1.0,1.0,0.03231
3698536,IN,IN,LIQUE,PFERT,43.59,1.0,1.0,1.0,1.0,0.022941
3705728,IN,IN,FOOD3,LIQUE,3.86,1.0,1.0,1.0,1.0,0.259067
3700732,IN,IN,OFFIC,COLLE,14.67,1.0,1.0,1.0,1.0,0.068166
3702661,IN,IN,BLAST,RENTI,23.31,1.0,1.0,1.0,1.0,0.0429
3695857,IN,IN,FISHF,FOOD3,0.92,1.0,1.0,1.0,1.0,1.086957
3704291,IN,IN,SUPPO,NATU1,5.19,1.0,1.0,1.0,1.0,0.192678
3695854,IN,IN,FISHF,RESEA,0.95,1.0,1.0,1.0,1.0,1.052632
3705545,IN,IN,EDUCA,WASTE,3.33,1.0,1.0,1.0,1.0,0.3003
3703992,IN,IN,TRAN2,WOODW,10.79,1.0,1.0,1.0,1.0,0.092678
3703990,IN,IN,TRAN2,WEARI,6.81,1.0,1.0,1.0,1.0,0.146843
3698576,IN,IN,LIQUE,DIST1,22.42,1.0,1.0,1.0,1.0,0.044603
3705559,IN,IN,HEALT,POULT,4.56,1.0,1.0,1.0,1.0,0.219298
3698573,IN,IN,LIQUE,BLAST,25.36,1.0,1.0,1.0,1.0,0.039432
3702651,IN,IN,BLAST,MOTO1,12.14,1.0,1.0,1.0,1.0,0.082372
3698572,IN,IN,LIQUE,COKE1,25.24,1.0,1.0,1.0,1.0,0.03962
3703986,IN,IN,TRAN2,BEVER,13.88,1.0,1.0,1.0,1.0,0.072046
3697960,IN,IN,PAPER,ELEC5,3.5,1.0,1.0,1.0,1.0,0.285714
3696131,IN,IN,NATUR,NATU1,26.55,1.0,1.0,1.0,1.0,0.037665
3700743,IN,IN,OFFIC,FINAN,5.42,1.0,1.0,1.0,1.0,0.184502
3697957,IN,IN,PAPER,ELEC2,1.78,1.0,1.0,1.0,1.0,0.561798
3703943,IN,IN,LANDT,TRAN2,5.56,1.0,1.0,1.0,1.0,0.179856
3697958,IN,IN,PAPER,ELEC3,2.04,1.0,1.0,1.0,1.0,0.490196
3698563,IN,IN,LIQUE,ELEC1,40.7,1.0,1.0,1.0,1.0,0.02457
3695850,IN,IN,FISHF,SUPPO,0.72,1.0,1.0,1.0,1.0,1.388889
3704014,IN,IN,TRAN2,PFERT,14.08,1.0,1.0,1.0,1.0,0.071023
3696186,IN,IN,NATUR,ELECT,15.93,1.0,1.0,1.0,1.0,0.062775
3704264,IN,IN,AIRTR,WASTE,4.54,1.0,1.0,1.0,1.0,0.220264
3704033,IN,IN,TRAN2,MACHI,13.37,1.0,1.0,1.0,1.0,0.074794
3705704,IN,IN,FOOD3,MEAT4,5.84,1.0,1.0,1.0,1.0,0.171233
3697880,IN,IN,PAPER,SUGAR,4.59,1.0,1.0,1.0,1.0,0.217865
3697882,IN,IN,PAPER,CROPS,3.5,1.0,1.0,1.0,1.0,0.285714
3695770,IN,IN,FORES,RETAI,0.66,1.0,1.0,1.0,1.0,1.515152
3695774,IN,IN,FORES,SUPPO,0.75,1.0,1.0,1.0,1.0,1.333333
3705514,IN,IN,EDUCA,TRAN1,5.56,1.0,1.0,1.0,1.0,0.179856
3705782,IN,IN,FOOD3,SALEM,3.72,1.0,1.0,1.0,1.0,0.268817
3705780,IN,IN,FOOD3,COLLE,5.4,1.0,1.0,1.0,1.0,0.185185
3703872,IN,IN,LANDT,PULP5,10.14,1.0,1.0,1.0,1.0,0.098619
3701560,IN,IN,ELEC1,INSUR,8.75,1.0,1.0,1.0,1.0,0.114286
3695788,IN,IN,FISHF,MEATC,1.64,1.0,1.0,1.0,1.0,0.609756
3701561,IN,IN,ELEC1,AUXIL,10.07,1.0,1.0,1.0,1.0,0.099305
3698027,IN,IN,PRINT,FOOD5,4.07,1.0,1.0,1.0,1.0,0.2457
3705709,IN,IN,FOOD3,FOOD5,7.89,1.0,1.0,1.0,1.0,0.126743
3698442,IN,IN,GASDI,INLAN,51.54,1.0,1.0,1.0,1.0,0.019402
3705711,IN,IN,FOOD3,FISH5,5.77,1.0,1.0,1.0,1.0,0.17331
3698670,IN,IN,NAPHT,ELEC8,45.64,1.0,1.0,1.0,1.0,0.021911
3705586,IN,IN,HEALT,WEARI,7.98,1.0,1.0,1.0,1.0,0.125313
3702181,IN,IN,ELEC7,DISTR,2.05,1.0,1.0,1.0,1.0,0.487805
3698480,IN,IN,REFIN,COLLE,14.83,1.0,1.0,1.0,1.0,0.067431
3695900,IN,IN,COKIN,CHEM1,7.96,1.0,1.0,1.0,1.0,0.125628
3705699,IN,IN,FOOD3,CRUDE,7.52,1.0,1.0,1.0,1.0,0.132979
3695904,IN,IN,COKIN,RUBBE,12.54,1.0,1.0,1.0,1.0,0.079745
3702691,IN,IN,GASWO,RENTI,23.31,1.0,1.0,1.0,1.0,0.0429
3701506,IN,IN,ELEC1,NONSP,8.41,1.0,1.0,1.0,1.0,0.118906
3703856,IN,IN,LANDT,MEATC,5.76,1.0,1.0,1.0,1.0,0.173611
3698696,IN,IN,LUBRI,NAPHT,10.36,1.0,1.0,1.0,1.0,0.096525
3701556,IN,IN,ELEC1,AIRTR,10.41,1.0,1.0,1.0,1.0,0.096061
3704037,IN,IN,TRAN2,MEDIC,7.68,1.0,1.0,1.0,1.0,0.130208
3698694,IN,IN,LUBRI,LIQUE,16.72,1.0,1.0,1.0,1.0,0.059809
3697872,IN,IN,PULP5,FOOD3,3.21,1.0,1.0,1.0,1.0,0.311526
3697873,IN,IN,PULP5,WASTE,3.2,1.0,1.0,1.0,1.0,0.3125
3705510,IN,IN,EDUCA,ELEC4,2.7,1.0,1.0,1.0,1.0,0.37037
3698689,IN,IN,LUBRI,KEROS,11.07,1.0,1.0,1.0,1.0,0.090334
3705588,IN,IN,HEALT,WOODW,10.01,1.0,1.0,1.0,1.0,0.0999
3705511,IN,IN,EDUCA,ELEC5,2.56,1.0,1.0,1.0,1.0,0.390625
3698687,IN,IN,LUBRI,MOTOR,26.43,1.0,1.0,1.0,1.0,0.037836
3698430,IN,IN,GASDI,DIST1,20.19,1.0,1.0,1.0,1.0,0.049529
3698668,IN,IN,NAPHT,ELEC6,22.46,1.0,1.0,1.0,1.0,0.044524
3704272,IN,IN,SUPPO,OILSE,9.84,1.0,1.0,1.0,1.0,0.101626
3701475,IN,IN,ELEC1,MEAT4,6.54,1.0,1.0,1.0,1.0,0.152905
3695793,IN,IN,FISHF,PROCE,0.79,1.0,1.0,1.0,1.0,1.265823
3702677,IN,IN,GASWO,BASIC,15.33,1.0,1.0,1.0,1.0,0.065232
3696191,IN,IN,NATUR,FURNI,9.93,1.0,1.0,1.0,1.0,0.100705
3705773,IN,IN,FOOD3,TRAN1,5.48,1.0,1.0,1.0,1.0,0.182482
3697896,IN,IN,PAPER,DAIRY,4.16,1.0,1.0,1.0,1.0,0.240385
3698466,IN,IN,REFIN,HEAVY,12.65,1.0,1.0,1.0,1.0,0.079051
3696097,IN,IN,LIGNI,COLLE,8.79,1.0,1.0,1.0,1.0,0.113766
3703893,IN,IN,LANDT,CHARC,6.71,1.0,1.0,1.0,1.0,0.149031
3697898,IN,IN,PAPER,SUGA1,1.84,1.0,1.0,1.0,1.0,0.543478
3696099,IN,IN,BKBPE,COLLE,8.79,1.0,1.0,1.0,1.0,0.113766
3705721,IN,IN,FOOD3,MOTOR,6.26,1.0,1.0,1.0,1.0,0.159744
3695804,IN,IN,FISHF,PRINT,1.14,1.0,1.0,1.0,1.0,0.877193
3705769,IN,IN,FOOD3,ELEC4,3.44,1.0,1.0,1.0,1.0,0.290698
3695806,IN,IN,FISHF,MOTOR,0.61,1.0,1.0,1.0,1.0,1.639344
3704022,IN,IN,TRAN2,BRICK,16.18,1.0,1.0,1.0,1.0,0.061805
3696108,IN,IN,CRUDE,REFI1,10.98,1.0,1.0,1.0,1.0,0.091075
3701495,IN,IN,ELEC1,KERO1,9.7,1.0,1.0,1.0,1.0,0.103093
3695809,IN,IN,FISHF,GASDI,0.92,1.0,1.0,1.0,1.0,1.086957
3697893,IN,IN,PAPER,MEAT1,1.67,1.0,1.0,1.0,1.0,0.598802
3698003,IN,IN,PRINT,WHEAT,6.72,1.0,1.0,1.0,1.0,0.14881
3698005,IN,IN,PRINT,VEGET,5.13,1.0,1.0,1.0,1.0,0.194932
3695795,IN,IN,FISHF,FOOD5,1.28,1.0,1.0,1.0,1.0,0.78125
3704274,IN,IN,SUPPO,PLANT,9.07,1.0,1.0,1.0,1.0,0.110254
3705579,IN,IN,HEALT,PROCE,8.34,1.0,1.0,1.0,1.0,0.119904
3698019,IN,IN,PRINT,MEATC,4.62,1.0,1.0,1.0,1.0,0.21645
3698664,IN,IN,NAPHT,ELEC2,45.82,1.0,1.0,1.0,1.0,0.021825
3705578,IN,IN,HEALT,DAIRY,5.82,1.0,1.0,1.0,1.0,0.171821
3698662,IN,IN,NAPHT,FURNI,30.7,1.0,1.0,1.0,1.0,0.032573
3698451,IN,IN,GASDI,RESEA,36.29,1.0,1.0,1.0,1.0,0.027556
3701595,IN,IN,ELEC2,PROCE,19.53,1.0,1.0,1.0,1.0,0.051203
3698006,IN,IN,PRINT,OILSE,4.68,1.0,1.0,1.0,1.0,0.213675
3705714,IN,IN,FOOD3,WEARI,9.0,1.0,1.0,1.0,1.0,0.111111
3701565,IN,IN,ELEC1,RESEA,12.64,1.0,1.0,1.0,1.0,0.079114
3703879,IN,IN,LANDT,GASDI,4.65,1.0,1.0,1.0,1.0,0.215054
3698011,IN,IN,PRINT,FISHF,4.28,1.0,1.0,1.0,1.0,0.233645
3698008,IN,IN,PRINT,PLANT,2.64,1.0,1.0,1.0,1.0,0.378788
3698653,IN,IN,NAPHT,FOUND,37.47,1.0,1.0,1.0,1.0,0.026688
3705573,IN,IN,HEALT,MEATC,6.55,1.0,1.0,1.0,1.0,0.152672
3705616,IN,IN,HEALT,CEMEN,4.73,1.0,1.0,1.0,1.0,0.211416
3703969,IN,IN,TRAN2,COKIN,8.84,1.0,1.0,1.0,1.0,0.113122
3704152,IN,IN,AIRTR,RAWMI,11.48,1.0,1.0,1.0,1.0,0.087108
3698262,IN,IN,MOTOR,REALE,42.28,1.0,1.0,1.0,1.0,0.023652
3698181,IN,IN,MOTOR,WEARI,26.53,1.0,1.0,1.0,1.0,0.037693
3699007,IN,IN,NFERT,CROPS,9.19,1.0,1.0,1.0,1.0,0.108814
3700925,IN,IN,RADIO,NONME,8.25,1.0,1.0,1.0,1.0,0.121212
3702739,IN,IN,DIST1,LEATH,8.52,1.0,1.0,1.0,1.0,0.117371
3700892,IN,IN,RADIO,CRUDE,11.16,1.0,1.0,1.0,1.0,0.089606
3699010,IN,IN,NFERT,WOODW,4.64,1.0,1.0,1.0,1.0,0.215517
3702740,IN,IN,DIST1,WOODW,5.67,1.0,1.0,1.0,1.0,0.176367
3698127,IN,IN,COKEO,CHEM1,6.36,1.0,1.0,1.0,1.0,0.157233
3704144,IN,IN,AIRTR,OILSE,10.24,1.0,1.0,1.0,1.0,0.097656
3697632,IN,IN,LEATH,PRINT,3.74,1.0,1.0,1.0,1.0,0.26738
3702742,IN,IN,DIST1,PAPER,7.71,1.0,1.0,1.0,1.0,0.129702
3699016,IN,IN,NFERT,KERO1,5.55,1.0,1.0,1.0,1.0,0.18018
3698185,IN,IN,MOTOR,PAPER,31.47,1.0,1.0,1.0,1.0,0.031776
3697683,IN,IN,LEATH,COLLE,9.74,1.0,1.0,1.0,1.0,0.102669
3700921,IN,IN,RADIO,GLASS,9.37,1.0,1.0,1.0,1.0,0.106724
3700908,IN,IN,RADIO,PAPER,8.03,1.0,1.0,1.0,1.0,0.124533
3699023,IN,IN,NFERT,LUBRI,9.42,1.0,1.0,1.0,1.0,0.106157
3705426,IN,IN,PUBLI,PRINT,11.06,1.0,1.0,1.0,1.0,0.090416
3695974,IN,IN,BITUM,PRINT,12.12,1.0,1.0,1.0,1.0,0.082508
3699027,IN,IN,NFERT,NONSP,4.81,1.0,1.0,1.0,1.0,0.2079
3700861,IN,IN,ELECT,SUPPO,12.99,1.0,1.0,1.0,1.0,0.076982
3700602,IN,IN,MACHI,LIQUE,4.51,1.0,1.0,1.0,1.0,0.221729
3698248,IN,IN,MOTOR,SALEM,20.3,1.0,1.0,1.0,1.0,0.049261
3700981,IN,IN,RADIO,FOOD3,8.64,1.0,1.0,1.0,1.0,0.115741
3701532,IN,IN,ELEC1,MEDIC,10.47,1.0,1.0,1.0,1.0,0.095511
3705855,IN,IN,WASTE,MOTOR,7.77,1.0,1.0,1.0,1.0,0.1287
3705382,IN,IN,BUSIN,COKE1,5.48,1.0,1.0,1.0,1.0,0.182482
3705648,IN,IN,HEALT,DIST1,5.1,1.0,1.0,1.0,1.0,0.196078
3699005,IN,IN,NFERT,SUGAR,4.77,1.0,1.0,1.0,1.0,0.209644
3699003,IN,IN,NFERT,VEGET,9.1,1.0,1.0,1.0,1.0,0.10989
3696020,IN,IN,BITUM,COKE1,18.97,1.0,1.0,1.0,1.0,0.052715
3695639,IN,IN,RAWMI,HEALT,30.93,1.0,1.0,1.0,1.0,0.032331
3704406,IN,IN,POSTT,CEREA,8.47,1.0,1.0,1.0,1.0,0.118064
3697624,IN,IN,LEATH,BEVER,4.3,1.0,1.0,1.0,1.0,0.232558
3695585,IN,IN,RAWMI,FOOD5,27.71,1.0,1.0,1.0,1.0,0.036088
3695586,IN,IN,RAWMI,BEVER,20.88,1.0,1.0,1.0,1.0,0.047893
3703638,IN,IN,HOTEL,BRICK,2.32,1.0,1.0,1.0,1.0,0.431034
3704140,IN,IN,AIRTR,PADDY,10.64,1.0,1.0,1.0,1.0,0.093985
3705843,IN,IN,WASTE,FOOD5,9.41,1.0,1.0,1.0,1.0,0.10627
3696352,IN,IN,LEADZ,COLLE,8.79,1.0,1.0,1.0,1.0,0.113766
3698987,IN,IN,PLAST,DIST1,5.54,1.0,1.0,1.0,1.0,0.180505
3697699,IN,IN,WOODW,CROPS,6.81,1.0,1.0,1.0,1.0,0.146843
3705888,IN,IN,WASTE,NONF1,7.51,1.0,1.0,1.0,1.0,0.133156
3703633,IN,IN,HOTEL,BIOGA,3.59,1.0,1.0,1.0,1.0,0.278552
3704412,IN,IN,POSTT,FORES,7.58,1.0,1.0,1.0,1.0,0.131926
3703632,IN,IN,HOTEL,CHARC,4.92,1.0,1.0,1.0,1.0,0.203252
3705845,IN,IN,WASTE,FISH5,7.0,1.0,1.0,1.0,1.0,0.142857
3695970,IN,IN,BITUM,LEATH,8.1,1.0,1.0,1.0,1.0,0.123457
3697649,IN,IN,LEATH,CHARC,7.88,1.0,1.0,1.0,1.0,0.126904
3698995,IN,IN,PLAST,PUBLI,4.64,1.0,1.0,1.0,1.0,0.215517
3698996,IN,IN,PLAST,FOOD3,5.05,1.0,1.0,1.0,1.0,0.19802
3698997,IN,IN,PLAST,WASTE,5.04,1.0,1.0,1.0,1.0,0.198413
3698998,IN,IN,PLAST,MEMBE,9.74,1.0,1.0,1.0,1.0,0.102669
3698999,IN,IN,PLAST,93197,5.57,1.0,1.0,1.0,1.0,0.179533
3704410,IN,IN,POSTT,PLANT,9.02,1.0,1.0,1.0,1.0,0.110865
3704411,IN,IN,POSTT,CROPS,6.68,1.0,1.0,1.0,1.0,0.149701
3705886,IN,IN,WASTE,LEAD1,9.01,1.0,1.0,1.0,1.0,0.110988
3704224,IN,IN,AIRTR,ELEC1,7.71,1.0,1.0,1.0,1.0,0.129702
3695995,IN,IN,BITUM,GLASS,22.88,1.0,1.0,1.0,1.0,0.043706
3701643,IN,IN,ELEC2,FABRI,7.88,1.0,1.0,1.0,1.0,0.126904
3705398,IN,IN,BUSIN,INLAN,7.01,1.0,1.0,1.0,1.0,0.142653
3705630,IN,IN,HEALT,MEDIC,5.94,1.0,1.0,1.0,1.0,0.16835
3698142,IN,IN,COKEO,MEDIC,5.94,1.0,1.0,1.0,1.0,0.16835
3703596,IN,IN,HOTEL,MEATC,2.75,1.0,1.0,1.0,1.0,0.363636
3700873,IN,IN,ELECT,FOOD3,9.37,1.0,1.0,1.0,1.0,0.106724
3700874,IN,IN,ELECT,WASTE,9.36,1.0,1.0,1.0,1.0,0.106838
3700593,IN,IN,MACHI,PRINT,7.09,1.0,1.0,1.0,1.0,0.141044
3698222,IN,IN,MOTOR,FABRI,51.77,1.0,1.0,1.0,1.0,0.019316
3698205,IN,IN,MOTOR,PFERT,21.03,1.0,1.0,1.0,1.0,0.047551
3704433,IN,IN,POSTT,TOBAC,5.09,1.0,1.0,1.0,1.0,0.196464
3698206,IN,IN,MOTOR,CHEM1,30.96,1.0,1.0,1.0,1.0,0.0323
3704175,IN,IN,AIRTR,WEARI,5.14,1.0,1.0,1.0,1.0,0.194553
3695610,IN,IN,RAWMI,BIOGA,14.05,1.0,1.0,1.0,1.0,0.071174
3697658,IN,IN,LEATH,BASIC,3.67,1.0,1.0,1.0,1.0,0.27248
3699057,IN,IN,NFERT,PUBLI,8.51,1.0,1.0,1.0,1.0,0.117509
3700878,IN,IN,RADIO,PADDY,13.0,1.0,1.0,1.0,1.0,0.076923
3704436,IN,IN,POSTT,LEATH,5.53,1.0,1.0,1.0,1.0,0.180832
3700590,IN,IN,MACHI,WOODW,6.42,1.0,1.0,1.0,1.0,0.155763
3700879,IN,IN,RADIO,WHEAT,6.66,1.0,1.0,1.0,1.0,0.15015
3698215,IN,IN,MOTOR,BASIC,22.67,1.0,1.0,1.0,1.0,0.044111
3698214,IN,IN,MOTOR,NONME,30.77,1.0,1.0,1.0,1.0,0.032499
3697654,IN,IN,LEATH,CERAM,4.51,1.0,1.0,1.0,1.0,0.221729
3700916,IN,IN,RADIO,CHEM1,11.89,1.0,1.0,1.0,1.0,0.084104
3697650,IN,IN,LEATH,BIOGA,4.8,1.0,1.0,1.0,1.0,0.208333
3695988,IN,IN,BITUM,NFERT,9.38,1.0,1.0,1.0,1.0,0.10661
3694701,IN,IN,PADDY,VEGET,3.87,1.0,1.0,1.0,1.0,0.258398
3701526,IN,IN,ELEC1,FOUND,6.69,1.0,1.0,1.0,1.0,0.149477
3698232,IN,IN,MOTOR,ELEC1,18.82,1.0,1.0,1.0,1.0,0.053135
3700595,IN,IN,MACHI,MOTOR,7.14,1.0,1.0,1.0,1.0,0.140056
3701645,IN,IN,ELEC2,OFFIC,12.74,1.0,1.0,1.0,1.0,0.078493
3700915,IN,IN,RADIO,PFERT,7.14,1.0,1.0,1.0,1.0,0.140056
3702750,IN,IN,DIST1,HEAVY,4.6,1.0,1.0,1.0,1.0,0.217391
3704451,IN,IN,POSTT,NAPHT,10.14,1.0,1.0,1.0,1.0,0.098619
3705383,IN,IN,BUSIN,BLAST,5.58,1.0,1.0,1.0,1.0,0.179211
3697669,IN,IN,LEATH,RADIO,3.57,1.0,1.0,1.0,1.0,0.280112
3705814,IN,IN,WASTE,VEGET,6.24,1.0,1.0,1.0,1.0,0.160256
3705642,IN,IN,HEALT,TRAN1,10.09,1.0,1.0,1.0,1.0,0.099108
3702515,IN,IN,DISTR,DIST1,12.63,1.0,1.0,1.0,1.0,0.079177
3696012,IN,IN,BITUM,MEDIC,22.9,1.0,1.0,1.0,1.0,0.043668
3699084,IN,IN,PFERT,REFIN,9.29,1.0,1.0,1.0,1.0,0.107643
3699046,IN,IN,NFERT,TRANS,9.65,1.0,1.0,1.0,1.0,0.103627
3705862,IN,IN,WASTE,LIQUE,4.8,1.0,1.0,1.0,1.0,0.208333
3698199,IN,IN,MOTOR,BITU1,31.63,1.0,1.0,1.0,1.0,0.031616
3698136,IN,IN,COKEO,FOUND,9.11,1.0,1.0,1.0,1.0,0.109769
3703599,IN,IN,HOTEL,MEAT4,2.82,1.0,1.0,1.0,1.0,0.35461
3700982,IN,IN,RADIO,WASTE,8.63,1.0,1.0,1.0,1.0,0.115875
3704444,IN,IN,POSTT,KEROS,11.01,1.0,1.0,1.0,1.0,0.090827
3704179,IN,IN,AIRTR,PAPER,7.25,1.0,1.0,1.0,1.0,0.137931
3704430,IN,IN,POSTT,FOOD5,6.78,1.0,1.0,1.0,1.0,0.147493
3704154,IN,IN,AIRTR,FISHF,11.01,1.0,1.0,1.0,1.0,0.090827
3698202,IN,IN,MOTOR,NONSP,50.89,1.0,1.0,1.0,1.0,0.01965
3696011,IN,IN,BITUM,RADIO,20.59,1.0,1.0,1.0,1.0,0.048567
3704156,IN,IN,AIRTR,BITUM,9.26,1.0,1.0,1.0,1.0,0.107991
3700869,IN,IN,ELECT,BUSIN,7.83,1.0,1.0,1.0,1.0,0.127714
3700585,IN,IN,MACHI,FISH5,7.35,1.0,1.0,1.0,1.0,0.136054
3703601,IN,IN,HOTEL,DAIRY,4.48,1.0,1.0,1.0,1.0,0.223214
3703600,IN,IN,HOTEL,VEGE1,2.08,1.0,1.0,1.0,1.0,0.480769
3700906,IN,IN,RADIO,WOODW,8.67,1.0,1.0,1.0,1.0,0.11534
3700926,IN,IN,RADIO,BASIC,10.62,1.0,1.0,1.0,1.0,0.094162
3698979,IN,IN,PLAST,MEDIC,4.97,1.0,1.0,1.0,1.0,0.201207
3697598,IN,IN,WEARI,SUPPO,7.98,1.0,1.0,1.0,1.0,0.125313
3698935,IN,IN,PLAST,LEATH,8.73,1.0,1.0,1.0,1.0,0.114548
3697726,IN,IN,WOODW,LEATH,5.12,1.0,1.0,1.0,1.0,0.195312
3704231,IN,IN,AIRTR,DISTR,4.83,1.0,1.0,1.0,1.0,0.207039
3695655,IN,IN,WOOLS,WOODW,2.98,1.0,1.0,1.0,1.0,0.33557
3700618,IN,IN,MACHI,GLASS,10.47,1.0,1.0,1.0,1.0,0.095511
3696287,IN,IN,ALUMI,GLASS,7.83,1.0,1.0,1.0,1.0,0.127714
3703669,IN,IN,HOTEL,BLAST,2.82,1.0,1.0,1.0,1.0,0.35461
3703668,IN,IN,HOTEL,COKE1,2.77,1.0,1.0,1.0,1.0,0.361011
3702223,IN,IN,ELEC8,VEGE1,6.06,1.0,1.0,1.0,1.0,0.165017
3701627,IN,IN,ELEC2,CHEM1,13.63,1.0,1.0,1.0,1.0,0.073368
3697720,IN,IN,WOODW,FOOD5,3.25,1.0,1.0,1.0,1.0,0.307692
3695567,IN,IN,ANIMA,HEALT,1.12,1.0,1.0,1.0,1.0,0.892857
3695569,IN,IN,ANIMA,93197,1.79,1.0,1.0,1.0,1.0,0.558659
3697728,IN,IN,WOODW,PULP5,4.44,1.0,1.0,1.0,1.0,0.225225
3694756,IN,IN,WHEAT,CATTL,1.66,1.0,1.0,1.0,1.0,0.60241
3701664,IN,IN,ELEC2,RETA1,12.33,1.0,1.0,1.0,1.0,0.081103
3697601,IN,IN,WEARI,INSUR,3.95,1.0,1.0,1.0,1.0,0.253165
3703662,IN,IN,HOTEL,ELEC5,3.96,1.0,1.0,1.0,1.0,0.252525
3703660,IN,IN,HOTEL,ELEC3,4.05,1.0,1.0,1.0,1.0,0.246914
3703659,IN,IN,HOTEL,ELEC2,4.38,1.0,1.0,1.0,1.0,0.228311
3697602,IN,IN,WEARI,AUXIL,5.13,1.0,1.0,1.0,1.0,0.194932
3698956,IN,IN,PLAST,PFERT,6.85,1.0,1.0,1.0,1.0,0.145985
3701663,IN,IN,ELEC2,WHOLE,11.13,1.0,1.0,1.0,1.0,0.089847
3700850,IN,IN,ELECT,SALEM,6.19,1.0,1.0,1.0,1.0,0.161551
3703657,IN,IN,HOTEL,SECO9,4.35,1.0,1.0,1.0,1.0,0.229885
3705832,IN,IN,WASTE,CRUDE,9.42,1.0,1.0,1.0,1.0,0.106157
3704232,IN,IN,AIRTR,COKE1,9.37,1.0,1.0,1.0,1.0,0.106724
3700844,IN,IN,ELECT,BLAST,9.97,1.0,1.0,1.0,1.0,0.100301
3701630,IN,IN,ELEC2,RUBBE,23.35,1.0,1.0,1.0,1.0,0.042827
3702123,IN,IN,ELEC6,RENTI,23.24,1.0,1.0,1.0,1.0,0.043029
3700836,IN,IN,ELECT,ELEC4,11.16,1.0,1.0,1.0,1.0,0.089606
3705451,IN,IN,PUBLI,AUXIL,6.82,1.0,1.0,1.0,1.0,0.146628
3701667,IN,IN,ELEC2,LANDT,15.15,1.0,1.0,1.0,1.0,0.066007
3700837,IN,IN,ELECT,ELEC5,5.22,1.0,1.0,1.0,1.0,0.191571
3702127,IN,IN,ELEC6,PUBLI,13.31,1.0,1.0,1.0,1.0,0.075131
3705652,IN,IN,HEALT,RETAI,6.12,1.0,1.0,1.0,1.0,0.163399
3705903,IN,IN,WASTE,ELEC4,4.15,1.0,1.0,1.0,1.0,0.240964
3704201,IN,IN,AIRTR,RUBBE,6.65,1.0,1.0,1.0,1.0,0.150376
3701665,IN,IN,ELEC2,HOTEL,17.09,1.0,1.0,1.0,1.0,0.058514
3697739,IN,IN,WOODW,LIQUE,3.57,1.0,1.0,1.0,1.0,0.280112
3698919,IN,IN,PLAST,NATUR,5.05,1.0,1.0,1.0,1.0,0.19802
3699139,IN,IN,CHEM1,CROPS,9.48,1.0,1.0,1.0,1.0,0.105485
3695664,IN,IN,WOOLS,CHEM1,1.45,1.0,1.0,1.0,1.0,0.689655
3704233,IN,IN,AIRTR,BLAST,9.43,1.0,1.0,1.0,1.0,0.106045
3699138,IN,IN,CHEM1,PLANT,5.93,1.0,1.0,1.0,1.0,0.168634
3700841,IN,IN,ELECT,TRAN1,13.26,1.0,1.0,1.0,1.0,0.075415
3704389,IN,IN,SUPPO,INSUR,5.77,1.0,1.0,1.0,1.0,0.17331
3697734,IN,IN,WOODW,KEROS,2.5,1.0,1.0,1.0,1.0,0.4
3696037,IN,IN,BITUM,POSTT,16.93,1.0,1.0,1.0,1.0,0.059067
3705824,IN,IN,WASTE,RAWMI,3.98,1.0,1.0,1.0,1.0,0.251256
3695964,IN,IN,BITUM,FOOD5,8.43,1.0,1.0,1.0,1.0,0.118624
3705617,IN,IN,HEALT,NONME,3.97,1.0,1.0,1.0,1.0,0.251889
3700843,IN,IN,ELECT,COKE1,9.91,1.0,1.0,1.0,1.0,0.100908
3704472,IN,IN,POSTT,ALUM1,7.4,1.0,1.0,1.0,1.0,0.135135
3697732,IN,IN,WOODW,MOTOR,5.76,1.0,1.0,1.0,1.0,0.173611
3705353,IN,IN,BUSIN,CERAM,9.23,1.0,1.0,1.0,1.0,0.108342
3696032,IN,IN,BITUM,RAILW,21.2,1.0,1.0,1.0,1.0,0.04717
3704197,IN,IN,AIRTR,CHEM1,12.0,1.0,1.0,1.0,1.0,0.083333
3701634,IN,IN,ELEC2,CEMEN,14.46,1.0,1.0,1.0,1.0,0.069156
3696373,IN,IN,NONFE,PFERT,3.99,1.0,1.0,1.0,1.0,0.250627
3701635,IN,IN,ELEC2,NONME,12.64,1.0,1.0,1.0,1.0,0.079114
3696024,IN,IN,BITUM,DIST1,20.26,1.0,1.0,1.0,1.0,0.049358
3705838,IN,IN,WASTE,MEAT4,6.92,1.0,1.0,1.0,1.0,0.144509
3695581,IN,IN,RAWMI,VEGE1,29.62,1.0,1.0,1.0,1.0,0.033761
3704457,IN,IN,POSTT,PLAST,7.87,1.0,1.0,1.0,1.0,0.127065
3705360,IN,IN,BUSIN,LEAD1,10.1,1.0,1.0,1.0,1.0,0.09901
3696030,IN,IN,BITUM,RETA1,20.37,1.0,1.0,1.0,1.0,0.049092
3701522,IN,IN,ELEC1,ALUM1,11.85,1.0,1.0,1.0,1.0,0.084388
3695644,IN,IN,RAWMI,93197,12.42,1.0,1.0,1.0,1.0,0.080515
3696025,IN,IN,BITUM,COLLE,8.79,1.0,1.0,1.0,1.0,0.113766
3695643,IN,IN,RAWMI,RECRE,11.06,1.0,1.0,1.0,1.0,0.090416
3705362,IN,IN,BUSIN,NONF1,6.25,1.0,1.0,1.0,1.0,0.16
3704458,IN,IN,POSTT,NFERT,10.79,1.0,1.0,1.0,1.0,0.092678
3698269,IN,IN,MOTOR,HEALT,24.88,1.0,1.0,1.0,1.0,0.040193
3697615,IN,IN,LEATH,MEATC,4.22,1.0,1.0,1.0,1.0,0.236967
3696360,IN,IN,NONFE,FISHF,6.08,1.0,1.0,1.0,1.0,0.164474
3697611,IN,IN,WEARI,WASTE,7.55,1.0,1.0,1.0,1.0,0.13245
3697610,IN,IN,WEARI,FOOD3,7.56,1.0,1.0,1.0,1.0,0.132275
3705894,IN,IN,WASTE,RADIO,8.29,1.0,1.0,1.0,1.0,0.120627
3697606,IN,IN,WEARI,RESEA,5.37,1.0,1.0,1.0,1.0,0.18622
3703646,IN,IN,HOTEL,NONF1,2.56,1.0,1.0,1.0,1.0,0.390625
3695573,IN,IN,RAWMI,RAWMI,11.22,1.0,1.0,1.0,1.0,0.089127
3700853,IN,IN,ELECT,RETA1,4.74,1.0,1.0,1.0,1.0,0.21097
3704405,IN,IN,POSTT,WHEAT,11.72,1.0,1.0,1.0,1.0,0.085324
3696021,IN,IN,BITUM,BLAST,19.15,1.0,1.0,1.0,1.0,0.052219
3698264,IN,IN,MOTOR,COMPU,35.83,1.0,1.0,1.0,1.0,0.02791
3705440,IN,IN,PUBLI,TRANS,10.66,1.0,1.0,1.0,1.0,0.093809
3701632,IN,IN,ELEC2,CERAM,10.91,1.0,1.0,1.0,1.0,0.091659
3705624,IN,IN,HEALT,FOUND,8.54,1.0,1.0,1.0,1.0,0.117096
3696023,IN,IN,BITUM,BIOG1,8.47,1.0,1.0,1.0,1.0,0.118064
3697707,IN,IN,WOODW,NATU1,3.25,1.0,1.0,1.0,1.0,0.307692
3702571,IN,IN,COKE1,LIQUE,0.03,0.0,0.0,0.0,0.0,0.0
3701926,IN,IN,ELEC5,PLANT,1.3,0.0,0.0,0.0,0.0,0.0
3702550,IN,IN,COKE1,CRUDE,3.09,0.0,0.0,0.0,0.0,0.0
3702632,IN,IN,BLAST,RUBBE,0.19,0.0,0.0,0.0,0.0,0.0
3702187,IN,IN,ELEC7,RETA1,0.21,0.0,0.0,0.0,0.0,0.0
3702561,IN,IN,COKE1,LEATH,0.06,0.0,0.0,0.0,0.0,0.0
3702569,IN,IN,COKE1,GASDI,0.12,0.0,0.0,0.0,0.0,0.0
3702810,IN,IN,DIST1,INLAN,0.32,0.0,0.0,0.0,0.0,0.0
3702660,IN,IN,BLAST,REALE,0.01,0.0,0.0,0.0,0.0,0.0
3702803,IN,IN,DIST1,RETAI,2.11,0.0,0.0,0.0,0.0,0.0
3701950,IN,IN,ELEC5,PULP5,0.15,0.0,0.0,0.0,0.0,0.0
3702847,IN,IN,COLLE,NATU1,2.85,0.0,0.0,0.0,0.0,0.0
3702560,IN,IN,COKE1,WEARI,1.83,0.0,0.0,0.0,0.0,0.0
3702650,IN,IN,BLAST,MEDIC,0.58,0.0,0.0,0.0,0.0,0.0
3702844,IN,IN,COLLE,BKBPE,0.05,0.0,0.0,0.0,0.0,0.0
3702559,IN,IN,COKE1,TEXTI,1.71,0.0,0.0,0.0,0.0,0.0
3702631,IN,IN,BLAST,BIOGA,0.03,0.0,0.0,0.0,0.0,0.0
3702558,IN,IN,COKE1,FISH5,0.07,0.0,0.0,0.0,0.0,0.0
3702185,IN,IN,ELEC7,SALEM,0.02,0.0,0.0,0.0,0.0,0.0
3702350,IN,IN,TRAN1,REFI1,0.3,0.0,0.0,0.0,0.0,0.0
3702557,IN,IN,COKE1,BEVER,0.14,0.0,0.0,0.0,0.0,0.0
3702338,IN,IN,TRAN1,PULP5,1.17,0.0,0.0,0.0,0.0,0.0
3702570,IN,IN,COKE1,HEAVY,0.01,0.0,0.0,0.0,0.0,0.0
3702633,IN,IN,BLAST,GLASS,1.84,0.0,0.0,0.0,0.0,0.0
3701945,IN,IN,ELEC5,TOBAC,0.02,0.0,0.0,0.0,0.0,0.0
3702630,IN,IN,BLAST,CHEM1,3.65,0.0,0.0,0.0,0.0,0.0
3702553,IN,IN,COKE1,MEAT4,0.03,0.0,0.0,0.0,0.0,0.0
3702348,IN,IN,TRAN1,REFIN,0.81,0.0,0.0,0.0,0.0,0.0
3702332,IN,IN,TRAN1,FISH5,6.31,0.0,0.0,0.0,0.0,0.0
3702343,IN,IN,TRAN1,AVIAT,0.23,0.0,0.0,0.0,0.0,0.0
3702843,IN,IN,COLLE,LIGNI,0.21,0.0,0.0,0.0,0.0,0.0
3702852,IN,IN,COLLE,VEGE1,0.31,0.0,0.0,0.0,0.0,0.0
3702649,IN,IN,BLAST,RADIO,3.82,0.0,0.0,0.0,0.0,0.0
3702188,IN,IN,ELEC7,HOTEL,0.29,0.0,0.0,0.0,0.0,0.0
3702563,IN,IN,COKE1,PULP5,0.01,0.0,0.0,0.0,0.0,0.0
3702554,IN,IN,COKE1,VEGE1,0.01,0.0,0.0,0.0,0.0,0.0
3702642,IN,IN,BLAST,COPP1,0.14,0.0,0.0,0.0,0.0,0.0
3702565,IN,IN,COKE1,PRINT,0.43,0.0,0.0,0.0,0.0,0.0
3702849,IN,IN,COLLE,MEATP,0.02,0.0,0.0,0.0,0.0,0.0
3702806,IN,IN,DIST1,HOTEL,0.02,0.0,0.0,0.0,0.0,0.0
3702655,IN,IN,BLAST,ELEC1,0.2,0.0,0.0,0.0,0.0,0.0
3702551,IN,IN,COKE1,NATUR,1.09,0.0,0.0,0.0,0.0,0.0
3702186,IN,IN,ELEC7,WHOLE,0.19,0.0,0.0,0.0,0.0,0.0
3702639,IN,IN,BLAST,PREC1,0.12,0.0,0.0,0.0,0.0,0.0
3702853,IN,IN,COLLE,DAIRY,0.26,0.0,0.0,0.0,0.0,0.0
3702640,IN,IN,BLAST,ALUM1,0.31,0.0,0.0,0.0,0.0,0.0
3702641,IN,IN,BLAST,LEAD1,0.02,0.0,0.0,0.0,0.0,0.0
3702311,IN,IN,TRAN1,COKIN,0.91,0.0,0.0,0.0,0.0,0.0
3702648,IN,IN,BLAST,ELECT,6.96,0.0,0.0,0.0,0.0,0.0
3702851,IN,IN,COLLE,MEAT4,2.75,0.0,0.0,0.0,0.0,0.0
3702345,IN,IN,TRAN1,KERO1,5.57,0.0,0.0,0.0,0.0,0.0
3702564,IN,IN,COKE1,PAPER,0.87,0.0,0.0,0.0,0.0,0.0
3702647,IN,IN,BLAST,OFFIC,6.38,0.0,0.0,0.0,0.0,0.0
3702310,IN,IN,TRAN1,FORES,7.37,0.0,0.0,0.0,0.0,0.0
3702643,IN,IN,BLAST,NONF1,0.01,0.0,0.0,0.0,0.0,0.0
3702646,IN,IN,BLAST,MACHI,6.84,0.0,0.0,0.0,0.0,0.0
3702562,IN,IN,COKE1,WOODW,0.37,0.0,0.0,0.0,0.0,0.0
3702644,IN,IN,BLAST,FOUND,5.75,0.0,0.0,0.0,0.0,0.0
3702850,IN,IN,COLLE,MEAT1,0.37,0.0,0.0,0.0,0.0,0.0
3702654,IN,IN,BLAST,SECO9,0.35,0.0,0.0,0.0,0.0,0.0
3702637,IN,IN,BLAST,NONME,6.65,0.0,0.0,0.0,0.0,0.0
3702549,IN,IN,COKE1,LIGNI,0.02,0.0,0.0,0.0,0.0,0.0
3702548,IN,IN,COKE1,BITUM,3.74,0.0,0.0,0.0,0.0,0.0
3702555,IN,IN,COKE1,PROCE,1.57,0.0,0.0,0.0,0.0,0.0
3702341,IN,IN,TRAN1,COKEO,1.5,0.0,0.0,0.0,0.0,0.0
3702336,IN,IN,TRAN1,LEATH,7.0,0.0,0.0,0.0,0.0,0.0
3702556,IN,IN,COKE1,FOOD5,0.1,0.0,0.0,0.0,0.0,0.0
3702634,IN,IN,BLAST,CERAM,5.49,0.0,0.0,0.0,0.0,0.0
3702309,IN,IN,TRAN1,CROPS,6.47,0.0,0.0,0.0,0.0,0.0
3701949,IN,IN,ELEC5,WOODW,4.43,0.0,0.0,0.0,0.0,0.0
3702657,IN,IN,BLAST,DIST1,0.17,0.0,0.0,0.0,0.0,0.0
3702333,IN,IN,TRAN1,TOBAC,0.15,0.0,0.0,0.0,0.0,0.0
3702635,IN,IN,BLAST,BRICK,0.54,0.0,0.0,0.0,0.0,0.0
3702568,IN,IN,COKE1,KEROS,0.02,0.0,0.0,0.0,0.0,0.0
3702656,IN,IN,BLAST,ELEC2,0.01,0.0,0.0,0.0,0.0,0.0
3702636,IN,IN,BLAST,CEMEN,7.3,0.0,0.0,0.0,0.0,0.0
3702567,IN,IN,COKE1,MOTOR,0.05,0.0,0.0,0.0,0.0,0.0
3702848,IN,IN,COLLE,MEATC,0.84,0.0,0.0,0.0,0.0,0.0
3702170,IN,IN,ELEC7,FOUND,0.01,0.0,0.0,0.0,0.0,0.0
3701948,IN,IN,ELEC5,LEATH,0.88,0.0,0.0,0.0,0.0,0.0
3702566,IN,IN,COKE1,COKEO,0.59,0.0,0.0,0.0,0.0,0.0
3702652,IN,IN,BLAST,TRANS,2.68,0.0,0.0,0.0,0.0,0.0
3702547,IN,IN,COKE1,COKIN,0.08,0.0,0.0,0.0,0.0,0.0
3702653,IN,IN,BLAST,FURNI,3.24,0.0,0.0,0.0,0.0,0.0
3702313,IN,IN,TRAN1,LIGNI,0.22,0.0,0.0,0.0,0.0,0.0
3702591,IN,IN,COKE1,MEDIC,0.6,0.0,0.0,0.0,0.0,0.0
3702629,IN,IN,BLAST,PFERT,0.02,0.0,0.0,0.0,0.0,0.0
3702167,IN,IN,ELEC7,NONME,0.22,0.0,0.0,0.0,0.0,0.0
3702609,IN,IN,COKE1,WASTE,0.35,0.0,0.0,0.0,0.0,0.0
3702608,IN,IN,COKE1,FOOD3,0.35,0.0,0.0,0.0,0.0,0.0
3702607,IN,IN,COKE1,PUBLI,1.36,0.0,0.0,0.0,0.0,0.0
3702171,IN,IN,ELEC7,FABRI,0.11,0.0,0.0,0.0,0.0,0.0
3702605,IN,IN,COKE1,REALE,0.01,0.0,0.0,0.0,0.0,0.0
3702817,IN,IN,DIST1,REALE,0.09,0.0,0.0,0.0,0.0,0.0
3702604,IN,IN,COKE1,CONST,3.08,0.0,0.0,0.0,0.0,0.0
3702583,IN,IN,COKE1,ALUM1,0.05,0.0,0.0,0.0,0.0,0.0
3702602,IN,IN,COKE1,DIST1,4.03,0.0,0.0,0.0,0.0,0.0
3702326,IN,IN,TRAN1,VEGE1,0.84,0.0,0.0,0.0,0.0,0.0
3702172,IN,IN,ELEC7,MACHI,0.14,0.0,0.0,0.0,0.0,0.0
3702166,IN,IN,ELEC7,CEMEN,0.25,0.0,0.0,0.0,0.0,0.0
3702601,IN,IN,COKE1,BIOG1,1.96,0.0,0.0,0.0,0.0,0.0
3701939,IN,IN,ELEC5,VEGE1,0.62,0.0,0.0,0.0,0.0,0.0
3701938,IN,IN,ELEC5,MEAT4,0.34,0.0,0.0,0.0,0.0,0.0
3701935,IN,IN,ELEC5,NATU1,0.26,0.0,0.0,0.0,0.0,0.0
3701934,IN,IN,ELEC5,NATUR,1.57,0.0,0.0,0.0,0.0,0.0
3701941,IN,IN,ELEC5,SUGA1,0.02,0.0,0.0,0.0,0.0,0.0
3702386,IN,IN,TRAN1,SECO9,2.47,0.0,0.0,0.0,0.0,0.0
3702382,IN,IN,TRAN1,MEDIC,5.45,0.0,0.0,0.0,0.0,0.0
3702327,IN,IN,TRAN1,DAIRY,0.04,0.0,0.0,0.0,0.0,0.0
3702174,IN,IN,ELEC7,ELECT,0.06,0.0,0.0,0.0,0.0,0.0
3702615,IN,IN,BLAST,SUGA1,0.01,0.0,0.0,0.0,0.0,0.0
3702165,IN,IN,ELEC7,BRICK,0.02,0.0,0.0,0.0,0.0,0.0
3702582,IN,IN,COKE1,PREC1,0.02,0.0,0.0,0.0,0.0,0.0
3701942,IN,IN,ELEC5,FOOD5,1.16,0.0,0.0,0.0,0.0,0.0
3702610,IN,IN,BLAST,MEATC,0.01,0.0,0.0,0.0,0.0,0.0
3702613,IN,IN,BLAST,VEGE1,0.05,0.0,0.0,0.0,0.0,0.0
3702387,IN,IN,TRAN1,ELEC1,0.11,0.0,0.0,0.0,0.0,0.0
3702388,IN,IN,TRAN1,ELEC2,0.03,0.0,0.0,0.0,0.0,0.0
3701933,IN,IN,ELEC5,CRUDE,4.47,0.0,0.0,0.0,0.0,0.0
3702612,IN,IN,BLAST,MEAT4,0.17,0.0,0.0,0.0,0.0,0.0
3702611,IN,IN,BLAST,MEAT1,0.01,0.0,0.0,0.0,0.0,0.0
3702317,IN,IN,TRAN1,NATU1,2.06,0.0,0.0,0.0,0.0,0.0
3702325,IN,IN,TRAN1,MEAT4,2.69,0.0,0.0,0.0,0.0,0.0
3702352,IN,IN,TRAN1,LUBRI,0.9,0.0,0.0,0.0,0.0,0.0
3702168,IN,IN,ELEC7,BASIC,0.01,0.0,0.0,0.0,0.0,0.0
3702594,IN,IN,COKE1,FURNI,2.97,0.0,0.0,0.0,0.0,0.0
3702593,IN,IN,COKE1,TRANS,0.43,0.0,0.0,0.0,0.0,0.0
3702321,IN,IN,TRAN1,CHEMI,0.02,0.0,0.0,0.0,0.0,0.0
3702320,IN,IN,TRAN1,SANDC,0.01,0.0,0.0,0.0,0.0,0.0
3702587,IN,IN,COKE1,MACHI,6.94,0.0,0.0,0.0,0.0,0.0
3702588,IN,IN,COKE1,OFFIC,1.05,0.0,0.0,0.0,0.0,0.0
3702392,IN,IN,TRAN1,BLAST,0.02,0.0,0.0,0.0,0.0,0.0
3702589,IN,IN,COKE1,ELECT,5.48,0.0,0.0,0.0,0.0,0.0
3702592,IN,IN,COKE1,MOTO1,1.93,0.0,0.0,0.0,0.0,0.0
3702833,IN,IN,COLLE,SUGAR,1.89,0.0,0.0,0.0,0.0,0.0
3702393,IN,IN,TRAN1,DIST1,7.87,0.0,0.0,0.0,0.0,0.0
3702319,IN,IN,TRAN1,STONE,0.02,0.0,0.0,0.0,0.0,0.0
3702397,IN,IN,TRAN1,RETAI,0.45,0.0,0.0,0.0,0.0,0.0
3702396,IN,IN,TRAN1,SALEM,8.81,0.0,0.0,0.0,0.0,0.0
3702590,IN,IN,COKE1,RADIO,1.02,0.0,0.0,0.0,0.0,0.0
3701936,IN,IN,ELEC5,MEATC,0.01,0.0,0.0,0.0,0.0,0.0
3702585,IN,IN,COKE1,FOUND,0.93,0.0,0.0,0.0,0.0,0.0
3702595,IN,IN,COKE1,SECO9,0.04,0.0,0.0,0.0,0.0,0.0
3702600,IN,IN,COKE1,GASWO,0.47,0.0,0.0,0.0,0.0,0.0
3702584,IN,IN,COKE1,COPP1,0.03,0.0,0.0,0.0,0.0,0.0
3702169,IN,IN,ELEC7,ALUM1,0.01,0.0,0.0,0.0,0.0,0.0
3702324,IN,IN,TRAN1,MEAT1,0.14,0.0,0.0,0.0,0.0,0.0
3702323,IN,IN,TRAN1,MEATP,0.02,0.0,0.0,0.0,0.0,0.0
3702322,IN,IN,TRAN1,MEATC,0.1,0.0,0.0,0.0,0.0,0.0
3702389,IN,IN,TRAN1,ELEC6,0.01,0.0,0.0,0.0,0.0,0.0
3702599,IN,IN,COKE1,BLAST,4.4,0.0,0.0,0.0,0.0,0.0
3702318,IN,IN,TRAN1,ALUMI,0.01,0.0,0.0,0.0,0.0,0.0
3702173,IN,IN,ELEC7,OFFIC,0.21,0.0,0.0,0.0,0.0,0.0
3702598,IN,IN,COKE1,COKE1,4.38,0.0,0.0,0.0,0.0,0.0
3702801,IN,IN,DIST1,CONST,0.24,0.0,0.0,0.0,0.0,0.0
3701937,IN,IN,ELEC5,MEAT1,0.02,0.0,0.0,0.0,0.0,0.0
3702597,IN,IN,COKE1,ELEC2,0.01,0.0,0.0,0.0,0.0,0.0
3702596,IN,IN,COKE1,ELEC1,0.2,0.0,0.0,0.0,0.0,0.0
3702175,IN,IN,ELEC7,RADIO,0.12,0.0,0.0,0.0,0.0,0.0
3701932,IN,IN,ELEC5,BKBPE,0.01,0.0,0.0,0.0,0.0,0.0
3702616,IN,IN,BLAST,FOOD5,0.6,0.0,0.0,0.0,0.0,0.0
3702617,IN,IN,BLAST,BEVER,0.89,0.0,0.0,0.0,0.0,0.0
3702628,IN,IN,BLAST,PLAST,0.01,0.0,0.0,0.0,0.0,0.0
3702837,IN,IN,COLLE,MEATA,0.01,0.0,0.0,0.0,0.0,0.0
3702836,IN,IN,COLLE,POULT,0.01,0.0,0.0,0.0,0.0,0.0
3702627,IN,IN,BLAST,COKEO,0.1,0.0,0.0,0.0,0.0,0.0
3702357,IN,IN,TRAN1,PLAST,0.47,0.0,0.0,0.0,0.0,0.0
3701927,IN,IN,ELEC5,CROPS,0.81,0.0,0.0,0.0,0.0,0.0
3702160,IN,IN,ELEC7,LIQUE,0.01,0.0,0.0,0.0,0.0,0.0
3702358,IN,IN,TRAN1,NFERT,0.08,0.0,0.0,0.0,0.0,0.0
3702180,IN,IN,ELEC7,TRAN1,0.68,0.0,0.0,0.0,0.0,0.0
3702161,IN,IN,ELEC7,CHEM1,0.12,0.0,0.0,0.0,0.0,0.0
3702314,IN,IN,TRAN1,BKBPE,0.05,0.0,0.0,0.0,0.0,0.0
3702179,IN,IN,ELEC7,FURNI,0.06,0.0,0.0,0.0,0.0,0.0
3702359,IN,IN,TRAN1,PFERT,2.41,0.0,0.0,0.0,0.0,0.0
3701928,IN,IN,ELEC5,FORES,0.92,0.0,0.0,0.0,0.0,0.0
3702329,IN,IN,TRAN1,SUGA1,0.16,0.0,0.0,0.0,0.0,0.0
3702356,IN,IN,TRAN1,NONSP,4.83,0.0,0.0,0.0,0.0,0.0
3702330,IN,IN,TRAN1,FOOD5,9.26,0.0,0.0,0.0,0.0,0.0
3702576,IN,IN,COKE1,GLASS,0.52,0.0,0.0,0.0,0.0,0.0
3702353,IN,IN,TRAN1,BITU1,3.0,0.0,0.0,0.0,0.0,0.0
3702184,IN,IN,ELEC7,CONST,0.57,0.0,0.0,0.0,0.0,0.0
3702414,IN,IN,TRAN1,RESEA,5.51,0.0,0.0,0.0,0.0,0.0
3702572,IN,IN,COKE1,NAPHT,0.02,0.0,0.0,0.0,0.0,0.0
3702841,IN,IN,COLLE,COKIN,0.87,0.0,0.0,0.0,0.0,0.0
3702573,IN,IN,COKE1,CHEM1,1.37,0.0,0.0,0.0,0.0,0.0
3702574,IN,IN,COKE1,BIOGA,0.01,0.0,0.0,0.0,0.0,0.0
3702182,IN,IN,ELEC7,DIST1,0.01,0.0,0.0,0.0,0.0,0.0
3702409,IN,IN,TRAN1,INSUR,3.81,0.0,0.0,0.0,0.0,0.0
3702839,IN,IN,COLLE,FORES,4.44,0.0,0.0,0.0,0.0,0.0
3702354,IN,IN,TRAN1,PARAF,0.13,0.0,0.0,0.0,0.0,0.0
3702355,IN,IN,TRAN1,PETRO,1.64,0.0,0.0,0.0,0.0,0.0
3702410,IN,IN,TRAN1,AUXIL,4.39,0.0,0.0,0.0,0.0,0.0
3702838,IN,IN,COLLE,RAWMI,0.09,0.0,0.0,0.0,0.0,0.0
3702575,IN,IN,COKE1,RUBBE,0.08,0.0,0.0,0.0,0.0,0.0
3702178,IN,IN,ELEC7,TRANS,0.09,0.0,0.0,0.0,0.0,0.0
3702626,IN,IN,BLAST,PRINT,2.71,0.0,0.0,0.0,0.0,0.0
3701943,IN,IN,ELEC5,BEVER,2.06,0.0,0.0,0.0,0.0,0.0
3702375,IN,IN,TRAN1,NONF1,0.21,0.0,0.0,0.0,0.0,0.0
3702404,IN,IN,TRAN1,INLAN,0.07,0.0,0.0,0.0,0.0,0.0
3702580,IN,IN,COKE1,NONME,1.33,0.0,0.0,0.0,0.0,0.0
3702372,IN,IN,TRAN1,ALUM1,4.96,0.0,0.0,0.0,0.0,0.0
3702373,IN,IN,TRAN1,LEAD1,0.24,0.0,0.0,0.0,0.0,0.0
3702374,IN,IN,TRAN1,COPP1,2.42,0.0,0.0,0.0,0.0,0.0
3702622,IN,IN,BLAST,LEATH,0.41,0.0,0.0,0.0,0.0,0.0
3701931,IN,IN,ELEC5,LIGNI,0.03,0.0,0.0,0.0,0.0,0.0
3702371,IN,IN,TRAN1,PREC1,2.03,0.0,0.0,0.0,0.0,0.0
3702376,IN,IN,TRAN1,FOUND,2.99,0.0,0.0,0.0,0.0,0.0
3702403,IN,IN,TRAN1,SEACO,1.88,0.0,0.0,0.0,0.0,0.0
3702164,IN,IN,ELEC7,CERAM,0.19,0.0,0.0,0.0,0.0,0.0
3702619,IN,IN,BLAST,TOBAC,0.01,0.0,0.0,0.0,0.0,0.0
3702402,IN,IN,TRAN1,TRAN2,1.86,0.0,0.0,0.0,0.0,0.0
3702618,IN,IN,BLAST,FISH5,0.41,0.0,0.0,0.0,0.0,0.0
3702623,IN,IN,BLAST,WOODW,2.28,0.0,0.0,0.0,0.0,0.0
3701930,IN,IN,ELEC5,BITUM,5.41,0.0,0.0,0.0,0.0,0.0
3702577,IN,IN,COKE1,CERAM,0.88,0.0,0.0,0.0,0.0,0.0
3701929,IN,IN,ELEC5,COKIN,0.11,0.0,0.0,0.0,0.0,0.0
3702578,IN,IN,COKE1,BRICK,0.09,0.0,0.0,0.0,0.0,0.0
3702625,IN,IN,BLAST,PAPER,5.42,0.0,0.0,0.0,0.0,0.0
3702579,IN,IN,COKE1,CEMEN,1.17,0.0,0.0,0.0,0.0,0.0
3702361,IN,IN,TRAN1,CHARC,0.01,0.0,0.0,0.0,0.0,0.0
3702362,IN,IN,TRAN1,BIOGA,0.52,0.0,0.0,0.0,0.0,0.0
3702162,IN,IN,ELEC7,RUBBE,0.39,0.0,0.0,0.0,0.0,0.0
3702363,IN,IN,TRAN1,BIODI,0.04,0.0,0.0,0.0,0.0,0.0
3702405,IN,IN,TRAN1,AIRTR,4.54,0.0,0.0,0.0,0.0,0.0
3702177,IN,IN,ELEC7,MOTO1,0.41,0.0,0.0,0.0,0.0,0.0
3702367,IN,IN,TRAN1,BRICK,8.34,0.0,0.0,0.0,0.0,0.0
3702163,IN,IN,ELEC7,GLASS,0.05,0.0,0.0,0.0,0.0,0.0
3702370,IN,IN,TRAN1,BASIC,5.2,0.0,0.0,0.0,0.0,0.0
3702176,IN,IN,ELEC7,MEDIC,0.01,0.0,0.0,0.0,0.0,0.0
3702624,IN,IN,BLAST,PULP5,0.08,0.0,0.0,0.0,0.0,0.0
3702091,IN,IN,ELEC6,FOUND,1.04,0.0,0.0,0.0,0.0,0.0
3702444,IN,IN,DISTR,MEATC,0.14,0.0,0.0,0.0,0.0,0.0
3702662,IN,IN,BLAST,PUBLI,1.81,0.0,0.0,0.0,0.0,0.0
3702109,IN,IN,ELEC6,WHOLE,0.92,0.0,0.0,0.0,0.0,0.0
3702050,IN,IN,ELEC6,PROCE,1.61,0.0,0.0,0.0,0.0,0.0
3702231,IN,IN,ELEC8,WOODW,0.16,0.0,0.0,0.0,0.0,0.0
3702110,IN,IN,ELEC6,RETA1,1.02,0.0,0.0,0.0,0.0,0.0
3702049,IN,IN,ELEC6,VEGE1,0.01,0.0,0.0,0.0,0.0,0.0
3702230,IN,IN,ELEC8,LEATH,0.08,0.0,0.0,0.0,0.0,0.0
3702048,IN,IN,ELEC6,MEAT4,0.03,0.0,0.0,0.0,0.0,0.0
3702111,IN,IN,ELEC6,HOTEL,1.4,0.0,0.0,0.0,0.0,0.0
3702047,IN,IN,ELEC6,NATU1,0.02,0.0,0.0,0.0,0.0,0.0
3702229,IN,IN,ELEC8,WEARI,0.78,0.0,0.0,0.0,0.0,0.0
3702046,IN,IN,ELEC6,NATUR,0.13,0.0,0.0,0.0,0.0,0.0
3702112,IN,IN,ELEC6,RAILW,0.23,0.0,0.0,0.0,0.0,0.0
3702485,IN,IN,DISTR,BIODI,0.06,0.0,0.0,0.0,0.0,0.0
3702484,IN,IN,DISTR,BIOGA,0.76,0.0,0.0,0.0,0.0,0.0
3702483,IN,IN,DISTR,CHARC,0.01,0.0,0.0,0.0,0.0,0.0
3702481,IN,IN,DISTR,PFERT,3.38,0.0,0.0,0.0,0.0,0.0
3702228,IN,IN,ELEC8,TEXTI,0.98,0.0,0.0,0.0,0.0,0.0
3702480,IN,IN,DISTR,NFERT,0.12,0.0,0.0,0.0,0.0,0.0
3702226,IN,IN,ELEC8,BEVER,4.11,0.0,0.0,0.0,0.0,0.0
3702045,IN,IN,ELEC6,CRUDE,0.38,0.0,0.0,0.0,0.0,0.0
3702225,IN,IN,ELEC8,FOOD5,0.04,0.0,0.0,0.0,0.0,0.0
3702044,IN,IN,ELEC6,BITUM,0.46,0.0,0.0,0.0,0.0,0.0
3702043,IN,IN,ELEC6,COKIN,0.01,0.0,0.0,0.0,0.0,0.0
3702042,IN,IN,ELEC6,FORES,0.08,0.0,0.0,0.0,0.0,0.0
3702282,IN,IN,ELEC8,SEACO,0.01,0.0,0.0,0.0,0.0,0.0
3702281,IN,IN,ELEC8,TRAN2,0.01,0.0,0.0,0.0,0.0,0.0
3702216,IN,IN,ELEC8,CROPS,0.03,0.0,0.0,0.0,0.0,0.0
3702232,IN,IN,ELEC8,PAPER,0.36,0.0,0.0,0.0,0.0,0.0
3702239,IN,IN,ELEC8,LIQUE,0.04,0.0,0.0,0.0,0.0,0.0
3702057,IN,IN,ELEC6,WOODW,0.38,0.0,0.0,0.0,0.0,0.0
3702278,IN,IN,ELEC8,HOTEL,0.89,0.0,0.0,0.0,0.0,0.0
3702238,IN,IN,ELEC8,HEAVY,0.01,0.0,0.0,0.0,0.0,0.0
3702748,IN,IN,DIST1,KERO1,2.01,0.0,0.0,0.0,0.0,0.0
3702056,IN,IN,ELEC6,LEATH,0.08,0.0,0.0,0.0,0.0,0.0
3702237,IN,IN,ELEC8,GASDI,0.13,0.0,0.0,0.0,0.0,0.0
3702279,IN,IN,ELEC8,RAILW,0.09,0.0,0.0,0.0,0.0,0.0
3702280,IN,IN,ELEC8,LANDT,0.49,0.0,0.0,0.0,0.0,0.0
3702055,IN,IN,ELEC6,WEARI,1.89,0.0,0.0,0.0,0.0,0.0
3702236,IN,IN,ELEC8,KEROS,0.02,0.0,0.0,0.0,0.0,0.0
3702746,IN,IN,DIST1,AVIAT,0.08,0.0,0.0,0.0,0.0,0.0
3702054,IN,IN,ELEC6,TEXTI,1.81,0.0,0.0,0.0,0.0,0.0
3702744,IN,IN,DIST1,COKEO,2.39,0.0,0.0,0.0,0.0,0.0
3702235,IN,IN,ELEC8,MOTOR,0.06,0.0,0.0,0.0,0.0,0.0
3702107,IN,IN,ELEC6,CONST,2.8,0.0,0.0,0.0,0.0,0.0
3702234,IN,IN,ELEC8,COKEO,0.01,0.0,0.0,0.0,0.0,0.0
3702108,IN,IN,ELEC6,SALEM,0.09,0.0,0.0,0.0,0.0,0.0
3702053,IN,IN,ELEC6,FISH5,0.07,0.0,0.0,0.0,0.0,0.0
3702741,IN,IN,DIST1,PULP5,3.15,0.0,0.0,0.0,0.0,0.0
3702052,IN,IN,ELEC6,BEVER,0.15,0.0,0.0,0.0,0.0,0.0
3702051,IN,IN,ELEC6,FOOD5,0.1,0.0,0.0,0.0,0.0,0.0
3702233,IN,IN,ELEC8,PRINT,0.17,0.0,0.0,0.0,0.0,0.0
3702283,IN,IN,ELEC8,AIRTR,0.02,0.0,0.0,0.0,0.0,0.0
3702041,IN,IN,ELEC6,CROPS,0.07,0.0,0.0,0.0,0.0,0.0
3702113,IN,IN,ELEC6,LANDT,1.25,0.0,0.0,0.0,0.0,0.0
3702114,IN,IN,ELEC6,TRAN2,0.02,0.0,0.0,0.0,0.0,0.0
3702479,IN,IN,DISTR,PLAST,0.69,0.0,0.0,0.0,0.0,0.0
3702126,IN,IN,ELEC6,BUSIN,0.8,0.0,0.0,0.0,0.0,0.0
3702128,IN,IN,ELEC6,EDUCA,3.04,0.0,0.0,0.0,0.0,0.0
3702129,IN,IN,ELEC6,HEALT,0.62,0.0,0.0,0.0,0.0,0.0
3702025,IN,IN,ELEC5,RESEA,0.65,0.0,0.0,0.0,0.0,0.0
3702221,IN,IN,ELEC8,NATU1,0.01,0.0,0.0,0.0,0.0,0.0
3702478,IN,IN,DISTR,NONSP,6.3,0.0,0.0,0.0,0.0,0.0
3702477,IN,IN,DISTR,PETRO,2.13,0.0,0.0,0.0,0.0,0.0
3702130,IN,IN,ELEC6,FOOD3,1.23,0.0,0.0,0.0,0.0,0.0
3702131,IN,IN,ELEC6,WASTE,1.23,0.0,0.0,0.0,0.0,0.0
3702132,IN,IN,ELEC6,MEMBE,0.38,0.0,0.0,0.0,0.0,0.0
3702476,IN,IN,DISTR,PARAF,0.16,0.0,0.0,0.0,0.0,0.0
3702732,IN,IN,DIST1,SUGA1,0.24,0.0,0.0,0.0,0.0,0.0
3702475,IN,IN,DISTR,BITU1,3.91,0.0,0.0,0.0,0.0,0.0
3702286,IN,IN,ELEC8,FINAN,0.39,0.0,0.0,0.0,0.0,0.0
3702220,IN,IN,ELEC8,NATUR,0.05,0.0,0.0,0.0,0.0,0.0
3702219,IN,IN,ELEC8,CRUDE,0.15,0.0,0.0,0.0,0.0,0.0
3702021,IN,IN,ELEC5,AUXIL,0.52,0.0,0.0,0.0,0.0,0.0
3702020,IN,IN,ELEC5,INSUR,0.45,0.0,0.0,0.0,0.0,0.0
3702474,IN,IN,DISTR,LUBRI,1.18,0.0,0.0,0.0,0.0,0.0
3702133,IN,IN,ELEC6,RECRE,0.49,0.0,0.0,0.0,0.0,0.0
3702134,IN,IN,ELEC6,93197,0.32,0.0,0.0,0.0,0.0,0.0
3702218,IN,IN,ELEC8,BITUM,0.18,0.0,0.0,0.0,0.0,0.0
3702125,IN,IN,ELEC6,RESEA,0.06,0.0,0.0,0.0,0.0,0.0
3702124,IN,IN,ELEC6,COMPU,0.82,0.0,0.0,0.0,0.0,0.0
3702030,IN,IN,ELEC5,FOOD3,1.58,0.0,0.0,0.0,0.0,0.0
3702117,IN,IN,ELEC6,SUPPO,0.69,0.0,0.0,0.0,0.0,0.0
3702115,IN,IN,ELEC6,SEACO,0.02,0.0,0.0,0.0,0.0,0.0
3702040,IN,IN,ELEC6,PLANT,0.11,0.0,0.0,0.0,0.0,0.0
3702224,IN,IN,ELEC8,PROCE,0.63,0.0,0.0,0.0,0.0,0.0
3702116,IN,IN,ELEC6,AIRTR,0.05,0.0,0.0,0.0,0.0,0.0
3702039,IN,IN,ELEC6,SUGAR,0.03,0.0,0.0,0.0,0.0,0.0
3702284,IN,IN,ELEC8,SUPPO,0.27,0.0,0.0,0.0,0.0,0.0
3702737,IN,IN,DIST1,TEXTI,2.98,0.0,0.0,0.0,0.0,0.0
3702736,IN,IN,DIST1,TOBAC,0.22,0.0,0.0,0.0,0.0,0.0
3702222,IN,IN,ELEC8,MEAT4,0.01,0.0,0.0,0.0,0.0,0.0
3702285,IN,IN,ELEC8,POSTT,0.35,0.0,0.0,0.0,0.0,0.0
3702118,IN,IN,ELEC6,POSTT,0.88,0.0,0.0,0.0,0.0,0.0
3702122,IN,IN,ELEC6,REALE,1.41,0.0,0.0,0.0,0.0,0.0
3702119,IN,IN,ELEC6,FINAN,1.01,0.0,0.0,0.0,0.0,0.0
3702120,IN,IN,ELEC6,INSUR,0.04,0.0,0.0,0.0,0.0,0.0
3702038,IN,IN,ELEC6,VEGET,0.17,0.0,0.0,0.0,0.0,0.0
3702037,IN,IN,ELEC6,CEREA,0.07,0.0,0.0,0.0,0.0,0.0
3702036,IN,IN,ELEC6,WHEAT,0.68,0.0,0.0,0.0,0.0,0.0
3702035,IN,IN,ELEC6,PADDY,1.78,0.0,0.0,0.0,0.0,0.0
3702034,IN,IN,ELEC5,93197,3.78,0.0,0.0,0.0,0.0,0.0
3702121,IN,IN,ELEC6,AUXIL,0.04,0.0,0.0,0.0,0.0,0.0
3702032,IN,IN,ELEC5,MEMBE,4.52,0.0,0.0,0.0,0.0,0.0
3702031,IN,IN,ELEC5,WASTE,1.57,0.0,0.0,0.0,0.0,0.0
3702240,IN,IN,ELEC8,NAPHT,0.02,0.0,0.0,0.0,0.0,0.0
3702241,IN,IN,ELEC8,PLAST,0.3,0.0,0.0,0.0,0.0,0.0
3702751,IN,IN,DIST1,REFIN,0.29,0.0,0.0,0.0,0.0,0.0
3702076,IN,IN,ELEC6,PLAST,0.02,0.0,0.0,0.0,0.0,0.0
3702496,IN,IN,DISTR,COPP1,3.63,0.0,0.0,0.0,0.0,0.0
3702495,IN,IN,DISTR,LEAD1,0.35,0.0,0.0,0.0,0.0,0.0
3702511,IN,IN,DISTR,ELEC6,0.01,0.0,0.0,0.0,0.0,0.0
3702254,IN,IN,ELEC8,ALUM1,0.02,0.0,0.0,0.0,0.0,0.0
3702255,IN,IN,ELEC8,COPP1,0.01,0.0,0.0,0.0,0.0,0.0
3702082,IN,IN,ELEC6,CERAM,0.91,0.0,0.0,0.0,0.0,0.0
3702494,IN,IN,DISTR,ALUM1,7.39,0.0,0.0,0.0,0.0,0.0
3702256,IN,IN,ELEC8,FOUND,0.02,0.0,0.0,0.0,0.0,0.0
3702257,IN,IN,ELEC8,FABRI,0.3,0.0,0.0,0.0,0.0,0.0
3702493,IN,IN,DISTR,PREC1,3.04,0.0,0.0,0.0,0.0,0.0
3702514,IN,IN,DISTR,BLAST,0.04,0.0,0.0,0.0,0.0,0.0
3702757,IN,IN,DIST1,PARAF,0.05,0.0,0.0,0.0,0.0,0.0
3702492,IN,IN,DISTR,BASIC,7.86,0.0,0.0,0.0,0.0,0.0
3702258,IN,IN,ELEC8,MACHI,2.62,0.0,0.0,0.0,0.0,0.0
3702259,IN,IN,ELEC8,OFFIC,0.42,0.0,0.0,0.0,0.0,0.0
3702260,IN,IN,ELEC8,ELECT,0.22,0.0,0.0,0.0,0.0,0.0
3702096,IN,IN,ELEC6,RADIO,0.59,0.0,0.0,0.0,0.0,0.0
3702080,IN,IN,ELEC6,RUBBE,2.0,0.0,0.0,0.0,0.0,0.0
3702097,IN,IN,ELEC6,MEDIC,1.29,0.0,0.0,0.0,0.0,0.0
3702079,IN,IN,ELEC6,BIOGA,0.01,0.0,0.0,0.0,0.0,0.0
3702261,IN,IN,ELEC8,RADIO,0.23,0.0,0.0,0.0,0.0,0.0
3702246,IN,IN,ELEC8,RUBBE,0.76,0.0,0.0,0.0,0.0,0.0
3702078,IN,IN,ELEC6,CHEM1,0.9,0.0,0.0,0.0,0.0,0.0
3702253,IN,IN,ELEC8,PREC1,0.01,0.0,0.0,0.0,0.0,0.0
3702083,IN,IN,ELEC6,BRICK,0.09,0.0,0.0,0.0,0.0,0.0
3702084,IN,IN,ELEC6,CEMEN,1.2,0.0,0.0,0.0,0.0,0.0
3702094,IN,IN,ELEC6,OFFIC,1.08,0.0,0.0,0.0,0.0,0.0
3702251,IN,IN,ELEC8,NONME,0.41,0.0,0.0,0.0,0.0,0.0
3702093,IN,IN,ELEC6,MACHI,5.29,0.0,0.0,0.0,0.0,0.0
3702090,IN,IN,ELEC6,COPP1,0.09,0.0,0.0,0.0,0.0,0.0
3702089,IN,IN,ELEC6,LEAD1,0.01,0.0,0.0,0.0,0.0,0.0
3702759,IN,IN,DIST1,NONSP,1.74,0.0,0.0,0.0,0.0,0.0
3702504,IN,IN,DISTR,MEDIC,8.61,0.0,0.0,0.0,0.0,0.0
3702250,IN,IN,ELEC8,CEMEN,0.47,0.0,0.0,0.0,0.0,0.0
3702249,IN,IN,ELEC8,BRICK,0.03,0.0,0.0,0.0,0.0,0.0
3702088,IN,IN,ELEC6,ALUM1,0.07,0.0,0.0,0.0,0.0,0.0
3702087,IN,IN,ELEC6,PREC1,0.09,0.0,0.0,0.0,0.0,0.0
3702086,IN,IN,ELEC6,BASIC,0.29,0.0,0.0,0.0,0.0,0.0
3702085,IN,IN,ELEC6,NONME,1.04,0.0,0.0,0.0,0.0,0.0
3702508,IN,IN,DISTR,SECO9,4.1,0.0,0.0,0.0,0.0,0.0
3702248,IN,IN,ELEC8,CERAM,0.35,0.0,0.0,0.0,0.0,0.0
3702758,IN,IN,DIST1,PETRO,0.59,0.0,0.0,0.0,0.0,0.0
3702498,IN,IN,DISTR,FOUND,4.54,0.0,0.0,0.0,0.0,0.0
3702497,IN,IN,DISTR,NONF1,0.31,0.0,0.0,0.0,0.0,0.0
3702247,IN,IN,ELEC8,GLASS,0.1,0.0,0.0,0.0,0.0,0.0
3702509,IN,IN,DISTR,ELEC1,0.16,0.0,0.0,0.0,0.0,0.0
3702252,IN,IN,ELEC8,BASIC,0.03,0.0,0.0,0.0,0.0,0.0
3702510,IN,IN,DISTR,ELEC2,0.05,0.0,0.0,0.0,0.0,0.0
3702095,IN,IN,ELEC6,ELECT,3.69,0.0,0.0,0.0,0.0,0.0
3702077,IN,IN,ELEC6,PFERT,0.11,0.0,0.0,0.0,0.0,0.0
3702075,IN,IN,ELEC6,NONSP,0.17,0.0,0.0,0.0,0.0,0.0
3702058,IN,IN,ELEC6,PULP5,0.01,0.0,0.0,0.0,0.0,0.0
3702074,IN,IN,ELEC6,PETRO,0.06,0.0,0.0,0.0,0.0,0.0
3702270,IN,IN,ELEC8,DISTR,3.88,0.0,0.0,0.0,0.0,0.0
3702065,IN,IN,ELEC6,KERO1,0.2,0.0,0.0,0.0,0.0,0.0
3702271,IN,IN,ELEC8,BLAST,0.04,0.0,0.0,0.0,0.0,0.0
3702272,IN,IN,ELEC8,DIST1,0.09,0.0,0.0,0.0,0.0,0.0
3702064,IN,IN,ELEC6,KEROS,1.32,0.0,0.0,0.0,0.0,0.0
3702274,IN,IN,ELEC8,CONST,1.13,0.0,0.0,0.0,0.0,0.0
3702753,IN,IN,DIST1,REFI1,0.11,0.0,0.0,0.0,0.0,0.0
3702103,IN,IN,ELEC6,TRAN1,3.28,0.0,0.0,0.0,0.0,0.0
3702764,IN,IN,DIST1,CHARC,0.01,0.0,0.0,0.0,0.0,0.0
3702063,IN,IN,ELEC6,AVIAT,0.01,0.0,0.0,0.0,0.0,0.0
3702765,IN,IN,DIST1,BIOGA,0.64,0.0,0.0,0.0,0.0,0.0
3702275,IN,IN,ELEC8,SALEM,0.03,0.0,0.0,0.0,0.0,0.0
3702276,IN,IN,ELEC8,WHOLE,0.36,0.0,0.0,0.0,0.0,0.0
3702062,IN,IN,ELEC6,MOTOR,3.15,0.0,0.0,0.0,0.0,0.0
3702766,IN,IN,DIST1,BIODI,0.03,0.0,0.0,0.0,0.0,0.0
3702277,IN,IN,ELEC8,RETA1,0.4,0.0,0.0,0.0,0.0,0.0
3702061,IN,IN,ELEC6,COKEO,0.12,0.0,0.0,0.0,0.0,0.0
3702060,IN,IN,ELEC6,PRINT,0.67,0.0,0.0,0.0,0.0,0.0
3702104,IN,IN,ELEC6,DISTR,9.92,0.0,0.0,0.0,0.0,0.0
3702059,IN,IN,ELEC6,PAPER,0.89,0.0,0.0,0.0,0.0,0.0
3702105,IN,IN,ELEC6,DIST1,0.31,0.0,0.0,0.0,0.0,0.0
3702243,IN,IN,ELEC8,PFERT,1.38,0.0,0.0,0.0,0.0,0.0
3702242,IN,IN,ELEC8,NFERT,0.06,0.0,0.0,0.0,0.0,0.0
3702269,IN,IN,ELEC8,TRAN1,1.28,0.0,0.0,0.0,0.0,0.0
3702268,IN,IN,ELEC8,ELEC6,0.01,0.0,0.0,0.0,0.0,0.0
3702267,IN,IN,ELEC8,ELEC2,0.07,0.0,0.0,0.0,0.0,0.0
3702552,IN,IN,COKE1,NATU1,0.18,0.0,0.0,0.0,0.0,0.0
3702073,IN,IN,ELEC6,BITU1,0.11,0.0,0.0,0.0,0.0,0.0
3702072,IN,IN,ELEC6,LUBRI,0.03,0.0,0.0,0.0,0.0,0.0
3702071,IN,IN,ELEC6,NAPHT,1.23,0.0,0.0,0.0,0.0,0.0
3702245,IN,IN,ELEC8,BIOGA,2.65,0.0,0.0,0.0,0.0,0.0
3702070,IN,IN,ELEC6,REFI1,0.01,0.0,0.0,0.0,0.0,0.0
3702069,IN,IN,ELEC6,LIQUE,1.99,0.0,0.0,0.0,0.0,0.0
3702262,IN,IN,ELEC8,MEDIC,0.05,0.0,0.0,0.0,0.0,0.0
3702263,IN,IN,ELEC8,MOTO1,0.78,0.0,0.0,0.0,0.0,0.0
3702756,IN,IN,DIST1,BITU1,1.08,0.0,0.0,0.0,0.0,0.0
3702068,IN,IN,ELEC6,REFIN,0.03,0.0,0.0,0.0,0.0,0.0
3702264,IN,IN,ELEC8,TRANS,0.17,0.0,0.0,0.0,0.0,0.0
3702762,IN,IN,DIST1,PFERT,1.32,0.0,0.0,0.0,0.0,0.0
3702265,IN,IN,ELEC8,FURNI,0.12,0.0,0.0,0.0,0.0,0.0
3702067,IN,IN,ELEC6,HEAVY,0.45,0.0,0.0,0.0,0.0,0.0
3702755,IN,IN,DIST1,LUBRI,0.33,0.0,0.0,0.0,0.0,0.0
3702266,IN,IN,ELEC8,SECO9,0.05,0.0,0.0,0.0,0.0,0.0
3702098,IN,IN,ELEC6,MOTO1,1.99,0.0,0.0,0.0,0.0,0.0
3702099,IN,IN,ELEC6,TRANS,0.45,0.0,0.0,0.0,0.0,0.0
3702100,IN,IN,ELEC6,FURNI,1.91,0.0,0.0,0.0,0.0,0.0
3702066,IN,IN,ELEC6,GASDI,7.16,0.0,0.0,0.0,0.0,0.0
3702101,IN,IN,ELEC6,SECO9,0.15,0.0,0.0,0.0,0.0,0.0
3702102,IN,IN,ELEC6,ELEC1,0.03,0.0,0.0,0.0,0.0,0.0
3702217,IN,IN,ELEC8,FORES,0.03,0.0,0.0,0.0,0.0,0.0
3702215,IN,IN,ELEC8,PLANT,0.04,0.0,0.0,0.0,0.0,0.0
3702663,IN,IN,BLAST,FOOD3,2.77,0.0,0.0,0.0,0.0,0.0
3702682,IN,IN,GASWO,ELECT,0.2,0.0,0.0,0.0,0.0,0.0
3702680,IN,IN,GASWO,MACHI,1.68,0.0,0.0,0.0,0.0,0.0
3701978,IN,IN,ELEC5,BRICK,1.05,0.0,0.0,0.0,0.0,0.0
3702679,IN,IN,GASWO,FABRI,0.66,0.0,0.0,0.0,0.0,0.0
3702678,IN,IN,GASWO,FOUND,0.03,0.0,0.0,0.0,0.0,0.0
3702436,IN,IN,DISTR,BKBPE,0.08,0.0,0.0,0.0,0.0,0.0
3702435,IN,IN,DISTR,LIGNI,0.32,0.0,0.0,0.0,0.0,0.0
3702193,IN,IN,ELEC7,POSTT,0.18,0.0,0.0,0.0,0.0,0.0
3701976,IN,IN,ELEC5,GLASS,3.13,0.0,0.0,0.0,0.0,0.0
3702676,IN,IN,GASWO,NONME,0.03,0.0,0.0,0.0,0.0,0.0
3701974,IN,IN,ELEC5,BIODI,0.01,0.0,0.0,0.0,0.0,0.0
3701973,IN,IN,ELEC5,BIOGA,0.29,0.0,0.0,0.0,0.0,0.0
3702192,IN,IN,ELEC7,SUPPO,0.14,0.0,0.0,0.0,0.0,0.0
3702142,IN,IN,ELEC7,FORES,0.02,0.0,0.0,0.0,0.0,0.0
3701971,IN,IN,ELEC5,PFERT,0.34,0.0,0.0,0.0,0.0,0.0
3702301,IN,IN,ELEC8,93197,0.13,0.0,0.0,0.0,0.0,0.0
3702143,IN,IN,ELEC7,BITUM,0.09,0.0,0.0,0.0,0.0,0.0
3702144,IN,IN,ELEC7,CRUDE,0.08,0.0,0.0,0.0,0.0,0.0
3702675,IN,IN,GASWO,CEMEN,0.02,0.0,0.0,0.0,0.0,0.0
3702145,IN,IN,ELEC7,NATUR,0.03,0.0,0.0,0.0,0.0,0.0
3701970,IN,IN,ELEC5,NFERT,0.01,0.0,0.0,0.0,0.0,0.0
3702433,IN,IN,DISTR,COKIN,1.36,0.0,0.0,0.0,0.0,0.0
3702146,IN,IN,ELEC7,MEAT4,0.01,0.0,0.0,0.0,0.0,0.0
3702191,IN,IN,ELEC7,AIRTR,0.01,0.0,0.0,0.0,0.0,0.0
3702681,IN,IN,GASWO,OFFIC,0.03,0.0,0.0,0.0,0.0,0.0
3702683,IN,IN,GASWO,RADIO,0.03,0.0,0.0,0.0,0.0,0.0
3702730,IN,IN,DIST1,DAIRY,0.09,0.0,0.0,0.0,0.0,0.0
3702684,IN,IN,GASWO,MEDIC,0.06,0.0,0.0,0.0,0.0,0.0
3701984,IN,IN,ELEC5,LEAD1,0.03,0.0,0.0,0.0,0.0,0.0
3701983,IN,IN,ELEC5,ALUM1,0.6,0.0,0.0,0.0,0.0,0.0
3702195,IN,IN,ELEC7,INSUR,0.01,0.0,0.0,0.0,0.0,0.0
3702449,IN,IN,DISTR,DAIRY,0.06,0.0,0.0,0.0,0.0,0.0
3702448,IN,IN,DISTR,VEGE1,1.25,0.0,0.0,0.0,0.0,0.0
3702447,IN,IN,DISTR,MEAT4,4.0,0.0,0.0,0.0,0.0,0.0
3702138,IN,IN,ELEC7,VEGET,0.03,0.0,0.0,0.0,0.0,0.0
3702194,IN,IN,ELEC7,FINAN,0.21,0.0,0.0,0.0,0.0,0.0
3702446,IN,IN,DISTR,MEAT1,0.21,0.0,0.0,0.0,0.0,0.0
3701982,IN,IN,ELEC5,PREC1,0.24,0.0,0.0,0.0,0.0,0.0
3702445,IN,IN,DISTR,MEATP,0.03,0.0,0.0,0.0,0.0,0.0
3702092,IN,IN,ELEC6,FABRI,2.56,0.0,0.0,0.0,0.0,0.0
3702139,IN,IN,ELEC7,SUGAR,0.01,0.0,0.0,0.0,0.0,0.0
3702443,IN,IN,DISTR,CHEMI,0.03,0.0,0.0,0.0,0.0,0.0
3702140,IN,IN,ELEC7,PLANT,0.02,0.0,0.0,0.0,0.0,0.0
3702442,IN,IN,DISTR,SANDC,0.01,0.0,0.0,0.0,0.0,0.0
3702789,IN,IN,DIST1,SECO9,1.35,0.0,0.0,0.0,0.0,0.0
3702441,IN,IN,DISTR,STONE,0.03,0.0,0.0,0.0,0.0,0.0
3702440,IN,IN,DISTR,ALUMI,0.01,0.0,0.0,0.0,0.0,0.0
3702439,IN,IN,DISTR,NATU1,3.07,0.0,0.0,0.0,0.0,0.0
3702685,IN,IN,GASWO,MOTO1,0.04,0.0,0.0,0.0,0.0,0.0
3702141,IN,IN,ELEC7,CROPS,0.01,0.0,0.0,0.0,0.0,0.0
3701981,IN,IN,ELEC5,BASIC,0.56,0.0,0.0,0.0,0.0,0.0
3702147,IN,IN,ELEC7,PROCE,0.33,0.0,0.0,0.0,0.0,0.0
3702148,IN,IN,ELEC7,FOOD5,0.02,0.0,0.0,0.0,0.0,0.0
3701969,IN,IN,ELEC5,PLAST,0.08,0.0,0.0,0.0,0.0,0.0
3702149,IN,IN,ELEC7,BEVER,0.03,0.0,0.0,0.0,0.0,0.0
3702669,IN,IN,GASWO,PAPER,0.02,0.0,0.0,0.0,0.0,0.0
3702152,IN,IN,ELEC7,WEARI,0.39,0.0,0.0,0.0,0.0,0.0
3701957,IN,IN,ELEC5,KERO1,0.29,0.0,0.0,0.0,0.0,0.0
3702153,IN,IN,ELEC7,LEATH,0.02,0.0,0.0,0.0,0.0,0.0
3701956,IN,IN,ELEC5,KEROS,1.95,0.0,0.0,0.0,0.0,0.0
3701955,IN,IN,ELEC5,AVIAT,0.01,0.0,0.0,0.0,0.0,0.0
3701954,IN,IN,ELEC5,MOTOR,4.66,0.0,0.0,0.0,0.0,0.0
3702154,IN,IN,ELEC7,WOODW,0.08,0.0,0.0,0.0,0.0,0.0
3702155,IN,IN,ELEC7,PAPER,0.18,0.0,0.0,0.0,0.0,0.0
3702668,IN,IN,GASWO,WOODW,0.01,0.0,0.0,0.0,0.0,0.0
3702667,IN,IN,GASWO,WEARI,0.04,0.0,0.0,0.0,0.0,0.0
3702189,IN,IN,ELEC7,RAILW,0.05,0.0,0.0,0.0,0.0,0.0
3702156,IN,IN,ELEC7,PRINT,0.09,0.0,0.0,0.0,0.0,0.0
3701953,IN,IN,ELEC5,COKEO,0.19,0.0,0.0,0.0,0.0,0.0
3702157,IN,IN,ELEC7,MOTOR,0.01,0.0,0.0,0.0,0.0,0.0
3701952,IN,IN,ELEC5,PRINT,5.24,0.0,0.0,0.0,0.0,0.0
3702158,IN,IN,ELEC7,KEROS,0.01,0.0,0.0,0.0,0.0,0.0
3702159,IN,IN,ELEC7,GASDI,0.03,0.0,0.0,0.0,0.0,0.0
3702666,IN,IN,GASWO,TEXTI,0.04,0.0,0.0,0.0,0.0,0.0
3702665,IN,IN,GASWO,PROCE,0.03,0.0,0.0,0.0,0.0,0.0
3702306,IN,IN,TRAN1,OILSE,0.28,0.0,0.0,0.0,0.0,0.0
3702307,IN,IN,TRAN1,SUGAR,2.93,0.0,0.0,0.0,0.0,0.0
3702664,IN,IN,BLAST,WASTE,2.76,0.0,0.0,0.0,0.0,0.0
3701959,IN,IN,ELEC5,HEAVY,0.67,0.0,0.0,0.0,0.0,0.0
3701960,IN,IN,ELEC5,REFIN,0.04,0.0,0.0,0.0,0.0,0.0
3701961,IN,IN,ELEC5,LIQUE,2.95,0.0,0.0,0.0,0.0,0.0
3701965,IN,IN,ELEC5,BITU1,0.16,0.0,0.0,0.0,0.0,0.0
3702795,IN,IN,DIST1,ELEC6,0.21,0.0,0.0,0.0,0.0,0.0
3702431,IN,IN,DISTR,CROPS,9.61,0.0,0.0,0.0,0.0,0.0
3701968,IN,IN,ELEC5,NONSP,0.25,0.0,0.0,0.0,0.0,0.0
3702674,IN,IN,GASWO,CERAM,0.02,0.0,0.0,0.0,0.0,0.0
3702429,IN,IN,DISTR,SUGAR,4.35,0.0,0.0,0.0,0.0,0.0
3702428,IN,IN,DISTR,OILSE,0.42,0.0,0.0,0.0,0.0,0.0
3701967,IN,IN,ELEC5,PETRO,0.09,0.0,0.0,0.0,0.0,0.0
3701966,IN,IN,ELEC5,PARAF,0.01,0.0,0.0,0.0,0.0,0.0
3702150,IN,IN,ELEC7,FISH5,0.01,0.0,0.0,0.0,0.0,0.0
3702673,IN,IN,GASWO,GLASS,0.01,0.0,0.0,0.0,0.0,0.0
3702672,IN,IN,GASWO,RUBBE,0.03,0.0,0.0,0.0,0.0,0.0
3702670,IN,IN,GASWO,PRINT,0.01,0.0,0.0,0.0,0.0,0.0
3701964,IN,IN,ELEC5,LUBRI,0.05,0.0,0.0,0.0,0.0,0.0
3701963,IN,IN,ELEC5,NAPHT,1.82,0.0,0.0,0.0,0.0,0.0
3702190,IN,IN,ELEC7,LANDT,0.26,0.0,0.0,0.0,0.0,0.0
3701962,IN,IN,ELEC5,REFI1,0.02,0.0,0.0,0.0,0.0,0.0
3702151,IN,IN,ELEC7,TEXTI,0.37,0.0,0.0,0.0,0.0,0.0
3702796,IN,IN,DIST1,ELEC7,0.05,0.0,0.0,0.0,0.0,0.0
3702426,IN,IN,DISTR,CEREA,9.27,0.0,0.0,0.0,0.0,0.0
3702798,IN,IN,DIST1,BLAST,0.01,0.0,0.0,0.0,0.0,0.0
3702304,IN,IN,TRAN1,CEREA,6.24,0.0,0.0,0.0,0.0,0.0
3702671,IN,IN,GASWO,CHEM1,0.03,0.0,0.0,0.0,0.0,0.0
3702686,IN,IN,GASWO,TRANS,0.01,0.0,0.0,0.0,0.0,0.0
3702687,IN,IN,GASWO,FURNI,0.07,0.0,0.0,0.0,0.0,0.0
3701985,IN,IN,ELEC5,COPP1,0.28,0.0,0.0,0.0,0.0,0.0
3701998,IN,IN,ELEC5,ELEC1,0.01,0.0,0.0,0.0,0.0,0.0
3702003,IN,IN,ELEC5,DIST1,0.32,0.0,0.0,0.0,0.0,0.0
3702721,IN,IN,DIST1,LEADZ,0.01,0.0,0.0,0.0,0.0,0.0
3702002,IN,IN,ELEC5,BLAST,0.01,0.0,0.0,0.0,0.0,0.0
3702720,IN,IN,DIST1,PRECI,0.01,0.0,0.0,0.0,0.0,0.0
3702776,IN,IN,DIST1,LEAD1,0.46,0.0,0.0,0.0,0.0,0.0
3702719,IN,IN,DIST1,ALUMI,0.02,0.0,0.0,0.0,0.0,0.0
3702472,IN,IN,DISTR,REFI1,0.39,0.0,0.0,0.0,0.0,0.0
3702208,IN,IN,ELEC7,RECRE,0.1,0.0,0.0,0.0,0.0,0.0
3702778,IN,IN,DIST1,NONF1,0.49,0.0,0.0,0.0,0.0,0.0
3702136,IN,IN,ELEC7,WHEAT,0.14,0.0,0.0,0.0,0.0,0.0
3702207,IN,IN,ELEC7,MEMBE,0.08,0.0,0.0,0.0,0.0,0.0
3702470,IN,IN,DISTR,REFIN,1.06,0.0,0.0,0.0,0.0,0.0
3702292,IN,IN,ELEC8,RESEA,0.02,0.0,0.0,0.0,0.0,0.0
3702293,IN,IN,ELEC8,BUSIN,0.31,0.0,0.0,0.0,0.0,0.0
3702206,IN,IN,ELEC7,WASTE,0.03,0.0,0.0,0.0,0.0,0.0
3701999,IN,IN,ELEC5,ELEC2,0.01,0.0,0.0,0.0,0.0,0.0
3702294,IN,IN,ELEC8,PUBLI,4.86,0.0,0.0,0.0,0.0,0.0
3702295,IN,IN,ELEC8,EDUCA,1.19,0.0,0.0,0.0,0.0,0.0
3702296,IN,IN,ELEC8,HEALT,0.24,0.0,0.0,0.0,0.0,0.0
3702297,IN,IN,ELEC8,FOOD3,0.42,0.0,0.0,0.0,0.0,0.0
3702205,IN,IN,ELEC7,FOOD3,0.03,0.0,0.0,0.0,0.0,0.0
3702204,IN,IN,ELEC7,HEALT,0.13,0.0,0.0,0.0,0.0,0.0
3702298,IN,IN,ELEC8,WASTE,0.42,0.0,0.0,0.0,0.0,0.0
3702209,IN,IN,ELEC7,93197,0.07,0.0,0.0,0.0,0.0,0.0
3702291,IN,IN,ELEC8,COMPU,0.32,0.0,0.0,0.0,0.0,0.0
3702210,IN,IN,ELEC8,PADDY,0.7,0.0,0.0,0.0,0.0,0.0
3702287,IN,IN,ELEC8,INSUR,0.01,0.0,0.0,0.0,0.0,0.0
3702729,IN,IN,DIST1,VEGE1,1.24,0.0,0.0,0.0,0.0,0.0
3702016,IN,IN,ELEC5,AIRTR,0.54,0.0,0.0,0.0,0.0,0.0
3702015,IN,IN,ELEC5,INLAN,0.01,0.0,0.0,0.0,0.0,0.0
3702214,IN,IN,ELEC8,SUGAR,0.01,0.0,0.0,0.0,0.0,0.0
3702727,IN,IN,DIST1,MEAT1,0.37,0.0,0.0,0.0,0.0,0.0
3702014,IN,IN,ELEC5,SEACO,0.22,0.0,0.0,0.0,0.0,0.0
3702013,IN,IN,ELEC5,TRAN2,0.22,0.0,0.0,0.0,0.0,0.0
3702726,IN,IN,DIST1,MEATP,0.05,0.0,0.0,0.0,0.0,0.0
3702725,IN,IN,DIST1,MEATC,0.26,0.0,0.0,0.0,0.0,0.0
3702011,IN,IN,ELEC5,RAILW,2.74,0.0,0.0,0.0,0.0,0.0
3702288,IN,IN,ELEC8,AUXIL,0.02,0.0,0.0,0.0,0.0,0.0
3702211,IN,IN,ELEC8,WHEAT,0.26,0.0,0.0,0.0,0.0,0.0
3702724,IN,IN,DIST1,CHEMI,0.06,0.0,0.0,0.0,0.0,0.0
3702519,IN,IN,DISTR,RETAI,2.55,0.0,0.0,0.0,0.0,0.0
3702723,IN,IN,DIST1,SANDC,0.03,0.0,0.0,0.0,0.0,0.0
3702289,IN,IN,ELEC8,REALE,0.61,0.0,0.0,0.0,0.0,0.0
3702213,IN,IN,ELEC8,VEGET,0.07,0.0,0.0,0.0,0.0,0.0
3702007,IN,IN,ELEC5,RETAI,0.05,0.0,0.0,0.0,0.0,0.0
3702135,IN,IN,ELEC7,PADDY,0.37,0.0,0.0,0.0,0.0,0.0
3702006,IN,IN,ELEC5,SALEM,1.04,0.0,0.0,0.0,0.0,0.0
3702212,IN,IN,ELEC8,CEREA,0.03,0.0,0.0,0.0,0.0,0.0
3702722,IN,IN,DIST1,STONE,0.06,0.0,0.0,0.0,0.0,0.0
3702203,IN,IN,ELEC7,EDUCA,0.63,0.0,0.0,0.0,0.0,0.0
3702716,IN,IN,DIST1,FORES,0.36,0.0,0.0,0.0,0.0,0.0
3701986,IN,IN,ELEC5,NONF1,0.03,0.0,0.0,0.0,0.0,0.0
3702715,IN,IN,DIST1,CROPS,0.31,0.0,0.0,0.0,0.0,0.0
3702700,IN,IN,BIOG1,FURNI,0.01,0.0,0.0,0.0,0.0,0.0
3702699,IN,IN,BIOG1,MEDIC,0.03,0.0,0.0,0.0,0.0,0.0
3702525,IN,IN,DISTR,TRAN2,10.51,0.0,0.0,0.0,0.0,0.0
3702458,IN,IN,DISTR,LEATH,10.39,0.0,0.0,0.0,0.0,0.0
3702199,IN,IN,ELEC7,COMPU,0.17,0.0,0.0,0.0,0.0,0.0
3702526,IN,IN,DISTR,SEACO,10.62,0.0,0.0,0.0,0.0,0.0
3702698,IN,IN,BIOG1,ELECT,0.05,0.0,0.0,0.0,0.0,0.0
3702197,IN,IN,ELEC7,REALE,0.29,0.0,0.0,0.0,0.0,0.0
3702455,IN,IN,DISTR,TOBAC,0.22,0.0,0.0,0.0,0.0,0.0
3702454,IN,IN,DISTR,FISH5,9.36,0.0,0.0,0.0,0.0,0.0
3702196,IN,IN,ELEC7,AUXIL,0.01,0.0,0.0,0.0,0.0,0.0
3702697,IN,IN,BIOG1,MACHI,0.87,0.0,0.0,0.0,0.0,0.0
3702696,IN,IN,BIOG1,FABRI,0.05,0.0,0.0,0.0,0.0,0.0
3702695,IN,IN,BIOG1,FOUND,0.01,0.0,0.0,0.0,0.0,0.0
3702694,IN,IN,BIOG1,BASIC,0.01,0.0,0.0,0.0,0.0,0.0
3702451,IN,IN,DISTR,SUGA1,0.24,0.0,0.0,0.0,0.0,0.0
3702693,IN,IN,BIOG1,RUBBE,0.01,0.0,0.0,0.0,0.0,0.0
3702692,IN,IN,GASWO,PUBLI,0.04,0.0,0.0,0.0,0.0,0.0
3701987,IN,IN,ELEC5,FOUND,0.3,0.0,0.0,0.0,0.0,0.0
3702782,IN,IN,DIST1,OFFIC,0.95,0.0,0.0,0.0,0.0,0.0
3702690,IN,IN,GASWO,CONST,0.06,0.0,0.0,0.0,0.0,0.0
3702527,IN,IN,DISTR,INLAN,0.38,0.0,0.0,0.0,0.0,0.0
3702688,IN,IN,GASWO,DIST1,0.1,0.0,0.0,0.0,0.0,0.0
3702460,IN,IN,DISTR,PULP5,1.74,0.0,0.0,0.0,0.0,0.0
3702701,IN,IN,BIOG1,SECO9,0.01,0.0,0.0,0.0,0.0,0.0
3702702,IN,IN,BIOG1,DIST1,0.05,0.0,0.0,0.0,0.0,0.0
3702712,IN,IN,DIST1,OILSE,0.01,0.0,0.0,0.0,0.0,0.0
3702714,IN,IN,DIST1,PLANT,0.5,0.0,0.0,0.0,0.0,0.0
3701997,IN,IN,ELEC5,SECO9,0.2,0.0,0.0,0.0,0.0,0.0
3702299,IN,IN,ELEC8,MEMBE,0.15,0.0,0.0,0.0,0.0,0.0
3701996,IN,IN,ELEC5,FURNI,3.19,0.0,0.0,0.0,0.0,0.0
3701995,IN,IN,ELEC5,TRANS,5.18,0.0,0.0,0.0,0.0,0.0
3702300,IN,IN,ELEC8,RECRE,0.19,0.0,0.0,0.0,0.0,0.0
3702713,IN,IN,DIST1,SUGAR,0.14,0.0,0.0,0.0,0.0,0.0
3702137,IN,IN,ELEC7,CEREA,0.01,0.0,0.0,0.0,0.0,0.0
3702202,IN,IN,ELEC7,PUBLI,0.36,0.0,0.0,0.0,0.0,0.0
3702467,IN,IN,DISTR,KERO1,7.26,0.0,0.0,0.0,0.0,0.0
3701993,IN,IN,ELEC5,MEDIC,0.32,0.0,0.0,0.0,0.0,0.0
3702705,IN,IN,BIOG1,PUBLI,3.9,0.0,0.0,0.0,0.0,0.0
3702711,IN,IN,DIST1,VEGET,0.77,0.0,0.0,0.0,0.0,0.0
3702710,IN,IN,DIST1,CEREA,0.3,0.0,0.0,0.0,0.0,0.0
3702709,IN,IN,DIST1,WHEAT,3.07,0.0,0.0,0.0,0.0,0.0
3702201,IN,IN,ELEC7,BUSIN,0.17,0.0,0.0,0.0,0.0,0.0
3702707,IN,IN,BIOG1,WASTE,0.12,0.0,0.0,0.0,0.0,0.0
3702465,IN,IN,DISTR,AVIAT,0.29,0.0,0.0,0.0,0.0,0.0
3702706,IN,IN,BIOG1,FOOD3,0.12,0.0,0.0,0.0,0.0,0.0
3702200,IN,IN,ELEC7,RESEA,0.01,0.0,0.0,0.0,0.0,0.0
3702463,IN,IN,DISTR,COKEO,2.23,0.0,0.0,0.0,0.0,0.0
3701991,IN,IN,ELEC5,ELECT,3.64,0.0,0.0,0.0,0.0,0.0
3694774,IN,IN,WHEAT,WEARI,0.1,0.0,0.0,0.0,0.0,0.0
3704081,IN,IN,SEACO,FOUND,0.08,0.0,0.0,0.0,0.0,0.0
3702855,IN,IN,COLLE,SUGA1,0.14,0.0,0.0,0.0,0.0,0.0
3705418,IN,IN,PUBLI,LIGNI,0.01,0.0,0.0,0.0,0.0,0.0
3705416,IN,IN,PUBLI,COKIN,0.02,0.0,0.0,0.0,0.0,0.0
3705385,IN,IN,BUSIN,BIOG1,2.45,0.0,0.0,0.0,0.0,0.0
3705384,IN,IN,BUSIN,GASWO,0.59,0.0,0.0,0.0,0.0,0.0
3705379,IN,IN,BUSIN,ELEC7,0.06,0.0,0.0,0.0,0.0,0.0
3705378,IN,IN,BUSIN,ELEC6,0.29,0.0,0.0,0.0,0.0,0.0
3705355,IN,IN,BUSIN,CEMEN,1.1,0.0,0.0,0.0,0.0,0.0
3705354,IN,IN,BUSIN,BRICK,1.09,0.0,0.0,0.0,0.0,0.0
3705350,IN,IN,BUSIN,BIODI,0.91,0.0,0.0,0.0,0.0,0.0
3705342,IN,IN,BUSIN,PETRO,2.91,0.0,0.0,0.0,0.0,0.0
3705341,IN,IN,BUSIN,PARAF,0.65,0.0,0.0,0.0,0.0,0.0
3705340,IN,IN,BUSIN,BITU1,3.15,0.0,0.0,0.0,0.0,0.0
3705339,IN,IN,BUSIN,LUBRI,2.57,0.0,0.0,0.0,0.0,0.0
3705337,IN,IN,BUSIN,REFI1,0.31,0.0,0.0,0.0,0.0,0.0
3705335,IN,IN,BUSIN,REFIN,1.34,0.0,0.0,0.0,0.0,0.0
3705330,IN,IN,BUSIN,AVIAT,0.24,0.0,0.0,0.0,0.0,0.0
3705328,IN,IN,BUSIN,COKEO,1.41,0.0,0.0,0.0,0.0,0.0
3705325,IN,IN,BUSIN,PULP5,0.87,0.0,0.0,0.0,0.0,0.0
3705320,IN,IN,BUSIN,TOBAC,0.83,0.0,0.0,0.0,0.0,0.0
3705316,IN,IN,BUSIN,SUGA1,1.14,0.0,0.0,0.0,0.0,0.0
3705314,IN,IN,BUSIN,DAIRY,0.61,0.0,0.0,0.0,0.0,0.0
3705311,IN,IN,BUSIN,MEAT1,1.07,0.0,0.0,0.0,0.0,0.0
3705417,IN,IN,PUBLI,BITUM,1.13,0.0,0.0,0.0,0.0,0.0
3705419,IN,IN,PUBLI,CRUDE,0.32,0.0,0.0,0.0,0.0,0.0
3705644,IN,IN,HEALT,COKE1,0.89,0.0,0.0,0.0,0.0,0.0
3705420,IN,IN,PUBLI,NATUR,0.08,0.0,0.0,0.0,0.0,0.0
3705445,IN,IN,PUBLI,RETAI,2.13,0.0,0.0,0.0,0.0,0.0
3705444,IN,IN,PUBLI,SALEM,3.02,0.0,0.0,0.0,0.0,0.0
3705442,IN,IN,PUBLI,SECO9,0.65,0.0,0.0,0.0,0.0,0.0
3705441,IN,IN,PUBLI,FURNI,1.06,0.0,0.0,0.0,0.0,0.0
3705438,IN,IN,PUBLI,MEDIC,0.02,0.0,0.0,0.0,0.0,0.0
3705437,IN,IN,PUBLI,RADIO,0.35,0.0,0.0,0.0,0.0,0.0
3705436,IN,IN,PUBLI,ELECT,0.28,0.0,0.0,0.0,0.0,0.0
3705435,IN,IN,PUBLI,OFFIC,0.22,0.0,0.0,0.0,0.0,0.0
3705434,IN,IN,PUBLI,MACHI,0.09,0.0,0.0,0.0,0.0,0.0
3705433,IN,IN,PUBLI,FABRI,0.05,0.0,0.0,0.0,0.0,0.0
3705432,IN,IN,PUBLI,FOUND,0.01,0.0,0.0,0.0,0.0,0.0
3705431,IN,IN,PUBLI,PREC1,0.01,0.0,0.0,0.0,0.0,0.0
3705430,IN,IN,PUBLI,BASIC,0.01,0.0,0.0,0.0,0.0,0.0
3705429,IN,IN,PUBLI,GLASS,0.01,0.0,0.0,0.0,0.0,0.0
3705428,IN,IN,PUBLI,RUBBE,0.29,0.0,0.0,0.0,0.0,0.0
3705427,IN,IN,PUBLI,CHEM1,0.01,0.0,0.0,0.0,0.0,0.0
3705425,IN,IN,PUBLI,PAPER,1.11,0.0,0.0,0.0,0.0,0.0
3705424,IN,IN,PUBLI,PULP5,0.01,0.0,0.0,0.0,0.0,0.0
3705423,IN,IN,PUBLI,WOODW,0.02,0.0,0.0,0.0,0.0,0.0
3705422,IN,IN,PUBLI,TEXTI,0.01,0.0,0.0,0.0,0.0,0.0
3705421,IN,IN,PUBLI,NATU1,0.01,0.0,0.0,0.0,0.0,0.0
3705310,IN,IN,BUSIN,MEATP,0.2,0.0,0.0,0.0,0.0,0.0
3705308,IN,IN,BUSIN,CHEMI,0.03,0.0,0.0,0.0,0.0,0.0
3705307,IN,IN,BUSIN,SANDC,0.01,0.0,0.0,0.0,0.0,0.0
3705306,IN,IN,BUSIN,STONE,0.01,0.0,0.0,0.0,0.0,0.0
3705265,IN,IN,RESEA,FURNI,0.02,0.0,0.0,0.0,0.0,0.0
3705264,IN,IN,RESEA,TRANS,0.05,0.0,0.0,0.0,0.0,0.0
3705262,IN,IN,RESEA,RADIO,0.02,0.0,0.0,0.0,0.0,0.0
3705261,IN,IN,RESEA,OFFIC,0.01,0.0,0.0,0.0,0.0,0.0
3705260,IN,IN,RESEA,RUBBE,0.04,0.0,0.0,0.0,0.0,0.0
3705259,IN,IN,RESEA,PRINT,1.49,0.0,0.0,0.0,0.0,0.0
3705258,IN,IN,RESEA,PAPER,0.15,0.0,0.0,0.0,0.0,0.0
3705239,IN,IN,COMPU,TRAN2,4.37,0.0,0.0,0.0,0.0,0.0
3705233,IN,IN,COMPU,RETAI,2.48,0.0,0.0,0.0,0.0,0.0
3705229,IN,IN,COMPU,DIST1,0.58,0.0,0.0,0.0,0.0,0.0
3705228,IN,IN,COMPU,BIOG1,0.29,0.0,0.0,0.0,0.0,0.0
3705227,IN,IN,COMPU,GASWO,0.07,0.0,0.0,0.0,0.0,0.0
3705226,IN,IN,COMPU,BLAST,0.66,0.0,0.0,0.0,0.0,0.0
3705225,IN,IN,COMPU,COKE1,0.66,0.0,0.0,0.0,0.0,0.0
3705222,IN,IN,COMPU,ELEC7,0.01,0.0,0.0,0.0,0.0,0.0
3705221,IN,IN,COMPU,ELEC6,0.05,0.0,0.0,0.0,0.0,0.0
3705218,IN,IN,COMPU,ELEC3,3.84,0.0,0.0,0.0,0.0,0.0
3705217,IN,IN,COMPU,ELEC2,3.68,0.0,0.0,0.0,0.0,0.0
3705215,IN,IN,COMPU,SECO9,1.63,0.0,0.0,0.0,0.0,0.0
3705211,IN,IN,COMPU,MEDIC,0.29,0.0,0.0,0.0,0.0,0.0
3705207,IN,IN,COMPU,MACHI,1.83,0.0,0.0,0.0,0.0,0.0
3705266,IN,IN,RESEA,SECO9,0.17,0.0,0.0,0.0,0.0,0.0
3705267,IN,IN,RESEA,COLLE,1.65,0.0,0.0,0.0,0.0,0.0
3705268,IN,IN,RESEA,SALEM,0.24,0.0,0.0,0.0,0.0,0.0
3705289,IN,IN,BUSIN,SUGAR,0.97,0.0,0.0,0.0,0.0,0.0
3705305,IN,IN,BUSIN,NONFE,0.06,0.0,0.0,0.0,0.0,0.0
3705304,IN,IN,BUSIN,LEADZ,0.14,0.0,0.0,0.0,0.0,0.0
3705303,IN,IN,BUSIN,PRECI,0.22,0.0,0.0,0.0,0.0,0.0
3705302,IN,IN,BUSIN,COPPE,0.04,0.0,0.0,0.0,0.0,0.0
3705301,IN,IN,BUSIN,IRONO,0.08,0.0,0.0,0.0,0.0,0.0
3705300,IN,IN,BUSIN,NATU1,2.34,0.0,0.0,0.0,0.0,0.0
3705297,IN,IN,BUSIN,BKBPE,0.21,0.0,0.0,0.0,0.0,0.0
3705296,IN,IN,BUSIN,LIGNI,0.88,0.0,0.0,0.0,0.0,0.0
3705294,IN,IN,BUSIN,COKIN,3.7,0.0,0.0,0.0,0.0,0.0
3705283,IN,IN,RESEA,93197,1.41,0.0,0.0,0.0,0.0,0.0
3705269,IN,IN,RESEA,RETAI,0.02,0.0,0.0,0.0,0.0,0.0
3705282,IN,IN,RESEA,RECRE,0.21,0.0,0.0,0.0,0.0,0.0
3705280,IN,IN,RESEA,WASTE,1.39,0.0,0.0,0.0,0.0,0.0
3705279,IN,IN,RESEA,FOOD3,1.39,0.0,0.0,0.0,0.0,0.0
3705277,IN,IN,RESEA,BUSIN,2.46,0.0,0.0,0.0,0.0,0.0
3705275,IN,IN,RESEA,AUXIL,1.6,0.0,0.0,0.0,0.0,0.0
3705274,IN,IN,RESEA,POSTT,3.73,0.0,0.0,0.0,0.0,0.0
3705273,IN,IN,RESEA,SUPPO,0.08,0.0,0.0,0.0,0.0,0.0
3705272,IN,IN,RESEA,HOTEL,0.02,0.0,0.0,0.0,0.0,0.0
3705271,IN,IN,RESEA,RETA1,0.86,0.0,0.0,0.0,0.0,0.0
3705449,IN,IN,PUBLI,SUPPO,2.07,0.0,0.0,0.0,0.0,0.0
3705452,IN,IN,PUBLI,RESEA,4.87,0.0,0.0,0.0,0.0,0.0
3705462,IN,IN,EDUCA,WHEAT,1.65,0.0,0.0,0.0,0.0,0.0
3705549,IN,IN,HEALT,PADDY,0.61,0.0,0.0,0.0,0.0,0.0
3705589,IN,IN,HEALT,PULP5,0.16,0.0,0.0,0.0,0.0,0.0
3705587,IN,IN,HEALT,LEATH,2.69,0.0,0.0,0.0,0.0,0.0
3705580,IN,IN,HEALT,SUGA1,0.26,0.0,0.0,0.0,0.0,0.0
3705577,IN,IN,HEALT,VEGE1,1.1,0.0,0.0,0.0,0.0,0.0
3705576,IN,IN,HEALT,MEAT4,0.36,0.0,0.0,0.0,0.0,0.0
3705575,IN,IN,HEALT,MEAT1,0.18,0.0,0.0,0.0,0.0,0.0
3705574,IN,IN,HEALT,MEATP,0.04,0.0,0.0,0.0,0.0,0.0
3705572,IN,IN,HEALT,NATU1,0.02,0.0,0.0,0.0,0.0,0.0
3705571,IN,IN,HEALT,NATUR,0.12,0.0,0.0,0.0,0.0,0.0
3705570,IN,IN,HEALT,CRUDE,0.58,0.0,0.0,0.0,0.0,0.0
3705569,IN,IN,HEALT,BKBPE,0.01,0.0,0.0,0.0,0.0,0.0
3705568,IN,IN,HEALT,LIGNI,0.05,0.0,0.0,0.0,0.0,0.0
3705566,IN,IN,HEALT,COKIN,0.2,0.0,0.0,0.0,0.0,0.0
3705563,IN,IN,HEALT,WOOLS,0.12,0.0,0.0,0.0,0.0,0.0
3705560,IN,IN,HEALT,MEATA,1.1,0.0,0.0,0.0,0.0,0.0
3705558,IN,IN,HEALT,PIGS9,0.18,0.0,0.0,0.0,0.0,0.0
3705557,IN,IN,HEALT,CATTL,0.93,0.0,0.0,0.0,0.0,0.0
3705556,IN,IN,HEALT,CROPS,2.06,0.0,0.0,0.0,0.0,0.0
3705555,IN,IN,HEALT,PLANT,0.02,0.0,0.0,0.0,0.0,0.0
3705554,IN,IN,HEALT,SUGAR,1.24,0.0,0.0,0.0,0.0,0.0
3705553,IN,IN,HEALT,OILSE,3.16,0.0,0.0,0.0,0.0,0.0
3705592,IN,IN,HEALT,COKEO,0.17,0.0,0.0,0.0,0.0,0.0
3705593,IN,IN,HEALT,MOTOR,2.43,0.0,0.0,0.0,0.0,0.0
3705594,IN,IN,HEALT,KEROS,1.86,0.0,0.0,0.0,0.0,0.0
3705615,IN,IN,HEALT,BRICK,0.4,0.0,0.0,0.0,0.0,0.0
3705640,IN,IN,HEALT,ELEC6,0.04,0.0,0.0,0.0,0.0,0.0
3705639,IN,IN,HEALT,ELEC5,3.03,0.0,0.0,0.0,0.0,0.0
3705637,IN,IN,HEALT,ELEC3,0.68,0.0,0.0,0.0,0.0,0.0
3705636,IN,IN,HEALT,ELEC2,0.33,0.0,0.0,0.0,0.0,0.0
3705634,IN,IN,HEALT,SECO9,2.9,0.0,0.0,0.0,0.0,0.0
3705623,IN,IN,HEALT,NONF1,0.21,0.0,0.0,0.0,0.0,0.0
3705622,IN,IN,HEALT,COPP1,2.86,0.0,0.0,0.0,0.0,0.0
3705621,IN,IN,HEALT,LEAD1,0.31,0.0,0.0,0.0,0.0,0.0
3705620,IN,IN,HEALT,ALUM1,1.78,0.0,0.0,0.0,0.0,0.0
3705614,IN,IN,HEALT,CERAM,2.19,0.0,0.0,0.0,0.0,0.0
3705595,IN,IN,HEALT,KERO1,0.17,0.0,0.0,0.0,0.0,0.0
3705611,IN,IN,HEALT,BIODI,1.39,0.0,0.0,0.0,0.0,0.0
3705606,IN,IN,HEALT,NFERT,3.29,0.0,0.0,0.0,0.0,0.0
3705603,IN,IN,HEALT,PETRO,1.98,0.0,0.0,0.0,0.0,0.0
3705602,IN,IN,HEALT,PARAF,0.86,0.0,0.0,0.0,0.0,0.0
3705601,IN,IN,HEALT,LUBRI,0.33,0.0,0.0,0.0,0.0,0.0
3705600,IN,IN,HEALT,NAPHT,0.93,0.0,0.0,0.0,0.0,0.0
3705599,IN,IN,HEALT,LIQUE,0.85,0.0,0.0,0.0,0.0,0.0
3705598,IN,IN,HEALT,REFIN,0.81,0.0,0.0,0.0,0.0,0.0
3705597,IN,IN,HEALT,HEAVY,0.44,0.0,0.0,0.0,0.0,0.0
3705551,IN,IN,HEALT,CEREA,2.79,0.0,0.0,0.0,0.0,0.0
3705530,IN,IN,EDUCA,INLAN,0.02,0.0,0.0,0.0,0.0,0.0
3705463,IN,IN,EDUCA,CEREA,0.53,0.0,0.0,0.0,0.0,0.0
3705529,IN,IN,EDUCA,SEACO,1.33,0.0,0.0,0.0,0.0,0.0
3705487,IN,IN,EDUCA,CERAM,0.33,0.0,0.0,0.0,0.0,0.0
3705486,IN,IN,EDUCA,GLASS,0.39,0.0,0.0,0.0,0.0,0.0
3705485,IN,IN,EDUCA,RUBBE,1.25,0.0,0.0,0.0,0.0,0.0
3705484,IN,IN,EDUCA,BIOGA,0.01,0.0,0.0,0.0,0.0,0.0
3705483,IN,IN,EDUCA,CHEM1,0.08,0.0,0.0,0.0,0.0,0.0
3705481,IN,IN,EDUCA,PAPER,1.75,0.0,0.0,0.0,0.0,0.0
3705480,IN,IN,EDUCA,PULP5,0.01,0.0,0.0,0.0,0.0,0.0
3705479,IN,IN,EDUCA,WOODW,0.04,0.0,0.0,0.0,0.0,0.0
3705478,IN,IN,EDUCA,LEATH,0.04,0.0,0.0,0.0,0.0,0.0
3705477,IN,IN,EDUCA,TEXTI,0.06,0.0,0.0,0.0,0.0,0.0
3705476,IN,IN,EDUCA,NATU1,0.02,0.0,0.0,0.0,0.0,0.0
3705475,IN,IN,EDUCA,NATUR,0.13,0.0,0.0,0.0,0.0,0.0
3705474,IN,IN,EDUCA,CRUDE,0.64,0.0,0.0,0.0,0.0,0.0
3705473,IN,IN,EDUCA,BKBPE,0.05,0.0,0.0,0.0,0.0,0.0
3705472,IN,IN,EDUCA,LIGNI,0.23,0.0,0.0,0.0,0.0,0.0
3705470,IN,IN,EDUCA,COKIN,0.96,0.0,0.0,0.0,0.0,0.0
3705468,IN,IN,EDUCA,CROPS,0.44,0.0,0.0,0.0,0.0,0.0
3705467,IN,IN,EDUCA,PLANT,1.05,0.0,0.0,0.0,0.0,0.0
3705466,IN,IN,EDUCA,SUGAR,0.16,0.0,0.0,0.0,0.0,0.0
3705465,IN,IN,EDUCA,OILSE,1.05,0.0,0.0,0.0,0.0,0.0
3705464,IN,IN,EDUCA,VEGET,1.0,0.0,0.0,0.0,0.0,0.0
3705488,IN,IN,EDUCA,BRICK,0.09,0.0,0.0,0.0,0.0,0.0
3705489,IN,IN,EDUCA,NONME,0.27,0.0,0.0,0.0,0.0,0.0
3705490,IN,IN,EDUCA,BASIC,0.92,0.0,0.0,0.0,0.0,0.0
3705508,IN,IN,EDUCA,ELEC2,0.31,0.0,0.0,0.0,0.0,0.0
3705523,IN,IN,EDUCA,SALEM,1.43,0.0,0.0,0.0,0.0,0.0
3705520,IN,IN,EDUCA,DIST1,0.63,0.0,0.0,0.0,0.0,0.0
3705519,IN,IN,EDUCA,BIOG1,0.32,0.0,0.0,0.0,0.0,0.0
3705518,IN,IN,EDUCA,GASWO,0.08,0.0,0.0,0.0,0.0,0.0
3705517,IN,IN,EDUCA,BLAST,0.72,0.0,0.0,0.0,0.0,0.0
3705516,IN,IN,EDUCA,COKE1,0.71,0.0,0.0,0.0,0.0,0.0
3705513,IN,IN,EDUCA,ELEC8,1.47,0.0,0.0,0.0,0.0,0.0
3705512,IN,IN,EDUCA,ELEC6,0.03,0.0,0.0,0.0,0.0,0.0
3705509,IN,IN,EDUCA,ELEC3,1.23,0.0,0.0,0.0,0.0,0.0
3705506,IN,IN,EDUCA,SECO9,0.42,0.0,0.0,0.0,0.0,0.0
3705491,IN,IN,EDUCA,PREC1,0.99,0.0,0.0,0.0,0.0,0.0
3705505,IN,IN,EDUCA,FURNI,1.54,0.0,0.0,0.0,0.0,0.0
3705502,IN,IN,EDUCA,MEDIC,0.05,0.0,0.0,0.0,0.0,0.0
3705501,IN,IN,EDUCA,RADIO,1.23,0.0,0.0,0.0,0.0,0.0
3705499,IN,IN,EDUCA,OFFIC,1.06,0.0,0.0,0.0,0.0,0.0
3705496,IN,IN,EDUCA,FOUND,1.75,0.0,0.0,0.0,0.0,0.0
3705495,IN,IN,EDUCA,NONF1,0.06,0.0,0.0,0.0,0.0,0.0
3705494,IN,IN,EDUCA,COPP1,0.83,0.0,0.0,0.0,0.0,0.0
3705493,IN,IN,EDUCA,LEAD1,0.07,0.0,0.0,0.0,0.0,0.0
3705492,IN,IN,EDUCA,ALUM1,0.25,0.0,0.0,0.0,0.0,0.0
3705206,IN,IN,COMPU,FABRI,1.05,0.0,0.0,0.0,0.0,0.0
3705205,IN,IN,COMPU,FOUND,0.21,0.0,0.0,0.0,0.0,0.0
3705204,IN,IN,COMPU,NONF1,0.01,0.0,0.0,0.0,0.0,0.0
3704951,IN,IN,REALE,CRUDE,5.86,0.0,0.0,0.0,0.0,0.0
3704976,IN,IN,REALE,KERO1,0.01,0.0,0.0,0.0,0.0,0.0
3704975,IN,IN,REALE,KEROS,0.08,0.0,0.0,0.0,0.0,0.0
3704974,IN,IN,REALE,MOTOR,0.1,0.0,0.0,0.0,0.0,0.0
3704973,IN,IN,REALE,COKEO,0.1,0.0,0.0,0.0,0.0,0.0
3704971,IN,IN,REALE,PAPER,9.94,0.0,0.0,0.0,0.0,0.0
3704970,IN,IN,REALE,PULP5,0.08,0.0,0.0,0.0,0.0,0.0
3704969,IN,IN,REALE,WOODW,6.03,0.0,0.0,0.0,0.0,0.0
3704968,IN,IN,REALE,LEATH,11.32,0.0,0.0,0.0,0.0,0.0
3704965,IN,IN,REALE,TOBAC,1.83,0.0,0.0,0.0,0.0,0.0
3704964,IN,IN,REALE,FISH5,13.27,0.0,0.0,0.0,0.0,0.0
3704963,IN,IN,REALE,BEVER,10.8,0.0,0.0,0.0,0.0,0.0
3704962,IN,IN,REALE,FOOD5,8.03,0.0,0.0,0.0,0.0,0.0
3704961,IN,IN,REALE,SUGA1,0.04,0.0,0.0,0.0,0.0,0.0
3704960,IN,IN,REALE,PROCE,3.26,0.0,0.0,0.0,0.0,0.0
3704959,IN,IN,REALE,DAIRY,1.68,0.0,0.0,0.0,0.0,0.0
3704958,IN,IN,REALE,VEGE1,0.63,0.0,0.0,0.0,0.0,0.0
3704957,IN,IN,REALE,MEAT4,0.46,0.0,0.0,0.0,0.0,0.0
3704956,IN,IN,REALE,MEAT1,0.11,0.0,0.0,0.0,0.0,0.0
3704955,IN,IN,REALE,MEATP,0.09,0.0,0.0,0.0,0.0,0.0
3704954,IN,IN,REALE,MEATC,0.31,0.0,0.0,0.0,0.0,0.0
3704953,IN,IN,REALE,NATU1,0.12,0.0,0.0,0.0,0.0,0.0
3704977,IN,IN,REALE,GASDI,0.16,0.0,0.0,0.0,0.0,0.0
3704978,IN,IN,REALE,HEAVY,0.02,0.0,0.0,0.0,0.0,0.0
3704979,IN,IN,REALE,REFIN,0.03,0.0,0.0,0.0,0.0,0.0
3704994,IN,IN,REALE,GLASS,3.83,0.0,0.0,0.0,0.0,0.0
3705004,IN,IN,REALE,NONF1,0.15,0.0,0.0,0.0,0.0,0.0
3705003,IN,IN,REALE,COPP1,1.81,0.0,0.0,0.0,0.0,0.0
3705002,IN,IN,REALE,LEAD1,0.1,0.0,0.0,0.0,0.0,0.0
3705001,IN,IN,REALE,ALUM1,1.18,0.0,0.0,0.0,0.0,0.0
3705000,IN,IN,REALE,PREC1,1.48,0.0,0.0,0.0,0.0,0.0
3704998,IN,IN,REALE,NONME,5.47,0.0,0.0,0.0,0.0,0.0
3704997,IN,IN,REALE,CEMEN,8.94,0.0,0.0,0.0,0.0,0.0
3704996,IN,IN,REALE,BRICK,0.76,0.0,0.0,0.0,0.0,0.0
3704995,IN,IN,REALE,CERAM,5.4,0.0,0.0,0.0,0.0,0.0
3704992,IN,IN,REALE,BIODI,0.06,0.0,0.0,0.0,0.0,0.0
3704980,IN,IN,REALE,LIQUE,0.04,0.0,0.0,0.0,0.0,0.0
3704991,IN,IN,REALE,BIOGA,0.47,0.0,0.0,0.0,0.0,0.0
3704990,IN,IN,REALE,CHARC,0.51,0.0,0.0,0.0,0.0,0.0
3704988,IN,IN,REALE,PFERT,17.93,0.0,0.0,0.0,0.0,0.0
3704987,IN,IN,REALE,NFERT,1.94,0.0,0.0,0.0,0.0,0.0
3704986,IN,IN,REALE,PLAST,5.49,0.0,0.0,0.0,0.0,0.0
3704984,IN,IN,REALE,PETRO,0.08,0.0,0.0,0.0,0.0,0.0
3704983,IN,IN,REALE,PARAF,0.04,0.0,0.0,0.0,0.0,0.0
3704982,IN,IN,REALE,LUBRI,0.05,0.0,0.0,0.0,0.0,0.0
3704981,IN,IN,REALE,NAPHT,0.04,0.0,0.0,0.0,0.0,0.0
3704952,IN,IN,REALE,NATUR,0.73,0.0,0.0,0.0,0.0,0.0
3704950,IN,IN,REALE,BKBPE,0.01,0.0,0.0,0.0,0.0,0.0
3705008,IN,IN,REALE,OFFIC,12.36,0.0,0.0,0.0,0.0,0.0
3704949,IN,IN,REALE,LIGNI,0.04,0.0,0.0,0.0,0.0,0.0
3704890,IN,IN,AUXIL,SECO9,1.77,0.0,0.0,0.0,0.0,0.0
3704885,IN,IN,AUXIL,RADIO,3.92,0.0,0.0,0.0,0.0,0.0
3704879,IN,IN,AUXIL,NONF1,1.69,0.0,0.0,0.0,0.0,0.0
3704877,IN,IN,AUXIL,LEAD1,1.31,0.0,0.0,0.0,0.0,0.0
3704871,IN,IN,AUXIL,BRICK,1.28,0.0,0.0,0.0,0.0,0.0
3704867,IN,IN,AUXIL,BIODI,1.19,0.0,0.0,0.0,0.0,0.0
3704866,IN,IN,AUXIL,BIOGA,6.49,0.0,0.0,0.0,0.0,0.0
3704862,IN,IN,AUXIL,NFERT,7.14,0.0,0.0,0.0,0.0,0.0
3704860,IN,IN,AUXIL,NONSP,1.97,0.0,0.0,0.0,0.0,0.0
3704859,IN,IN,AUXIL,PETRO,2.36,0.0,0.0,0.0,0.0,0.0
3704858,IN,IN,AUXIL,PARAF,0.78,0.0,0.0,0.0,0.0,0.0
3704857,IN,IN,AUXIL,BITU1,1.22,0.0,0.0,0.0,0.0,0.0
3704856,IN,IN,AUXIL,LUBRI,0.75,0.0,0.0,0.0,0.0,0.0
3704854,IN,IN,AUXIL,REFI1,0.12,0.0,0.0,0.0,0.0,0.0
3704852,IN,IN,AUXIL,REFIN,1.02,0.0,0.0,0.0,0.0,0.0
3704851,IN,IN,AUXIL,HEAVY,5.57,0.0,0.0,0.0,0.0,0.0
3704849,IN,IN,AUXIL,KERO1,2.42,0.0,0.0,0.0,0.0,0.0
3704847,IN,IN,AUXIL,AVIAT,0.09,0.0,0.0,0.0,0.0,0.0
3704845,IN,IN,AUXIL,COKEO,1.38,0.0,0.0,0.0,0.0,0.0
3704842,IN,IN,AUXIL,PULP5,0.3,0.0,0.0,0.0,0.0,0.0
3704837,IN,IN,AUXIL,TOBAC,0.72,0.0,0.0,0.0,0.0,0.0
3704892,IN,IN,AUXIL,ELEC2,5.26,0.0,0.0,0.0,0.0,0.0
3704893,IN,IN,AUXIL,ELEC3,6.29,0.0,0.0,0.0,0.0,0.0
3704896,IN,IN,AUXIL,ELEC6,0.07,0.0,0.0,0.0,0.0,0.0
3704939,IN,IN,REALE,CEREA,1.7,0.0,0.0,0.0,0.0,0.0
3704948,IN,IN,REALE,BITUM,8.66,0.0,0.0,0.0,0.0,0.0
3704947,IN,IN,REALE,COKIN,0.18,0.0,0.0,0.0,0.0,0.0
3704946,IN,IN,REALE,FISHF,3.0,0.0,0.0,0.0,0.0,0.0
3704945,IN,IN,REALE,FORES,1.4,0.0,0.0,0.0,0.0,0.0
3704944,IN,IN,REALE,CROPS,1.41,0.0,0.0,0.0,0.0,0.0
3704943,IN,IN,REALE,PLANT,2.96,0.0,0.0,0.0,0.0,0.0
3704942,IN,IN,REALE,SUGAR,0.8,0.0,0.0,0.0,0.0,0.0
3704941,IN,IN,REALE,OILSE,3.91,0.0,0.0,0.0,0.0,0.0
3704940,IN,IN,REALE,VEGET,5.38,0.0,0.0,0.0,0.0,0.0
3704938,IN,IN,REALE,WHEAT,8.16,0.0,0.0,0.0,0.0,0.0
3704897,IN,IN,AUXIL,ELEC7,0.01,0.0,0.0,0.0,0.0,0.0
3704937,IN,IN,REALE,PADDY,0.13,0.0,0.0,0.0,0.0,0.0
3704917,IN,IN,AUXIL,INLAN,0.82,0.0,0.0,0.0,0.0,0.0
3704915,IN,IN,AUXIL,TRAN2,5.87,0.0,0.0,0.0,0.0,0.0
3704909,IN,IN,AUXIL,RETAI,1.49,0.0,0.0,0.0,0.0,0.0
3704904,IN,IN,AUXIL,BIOG1,0.57,0.0,0.0,0.0,0.0,0.0
3704903,IN,IN,AUXIL,GASWO,0.14,0.0,0.0,0.0,0.0,0.0
3704902,IN,IN,AUXIL,BLAST,1.32,0.0,0.0,0.0,0.0,0.0
3704901,IN,IN,AUXIL,COKE1,1.27,0.0,0.0,0.0,0.0,0.0
3704898,IN,IN,AUXIL,ELEC8,6.36,0.0,0.0,0.0,0.0,0.0
3705005,IN,IN,REALE,FOUND,8.52,0.0,0.0,0.0,0.0,0.0
3705009,IN,IN,REALE,ELECT,13.39,0.0,0.0,0.0,0.0,0.0
3705203,IN,IN,COMPU,COPP1,0.09,0.0,0.0,0.0,0.0,0.0
3705091,IN,IN,RENTI,DAIRY,4.33,0.0,0.0,0.0,0.0,0.0
3705151,IN,IN,RENTI,ELEC2,0.27,0.0,0.0,0.0,0.0,0.0
3705150,IN,IN,RENTI,ELEC1,0.39,0.0,0.0,0.0,0.0,0.0
3705138,IN,IN,RENTI,NONF1,1.33,0.0,0.0,0.0,0.0,0.0
3705136,IN,IN,RENTI,LEAD1,1.03,0.0,0.0,0.0,0.0,0.0
3705131,IN,IN,RENTI,CEMEN,1.24,0.0,0.0,0.0,0.0,0.0
3705130,IN,IN,RENTI,BRICK,0.02,0.0,0.0,0.0,0.0,0.0
3705129,IN,IN,RENTI,CERAM,0.96,0.0,0.0,0.0,0.0,0.0
3705121,IN,IN,RENTI,NFERT,1.27,0.0,0.0,0.0,0.0,0.0
3705120,IN,IN,RENTI,PLAST,0.7,0.0,0.0,0.0,0.0,0.0
3705119,IN,IN,RENTI,NONSP,0.09,0.0,0.0,0.0,0.0,0.0
3705117,IN,IN,RENTI,PARAF,4.9,0.0,0.0,0.0,0.0,0.0
3705116,IN,IN,RENTI,BITU1,0.06,0.0,0.0,0.0,0.0,0.0
3705115,IN,IN,RENTI,LUBRI,1.14,0.0,0.0,0.0,0.0,0.0
3705114,IN,IN,RENTI,NAPHT,5.93,0.0,0.0,0.0,0.0,0.0
3705113,IN,IN,RENTI,REFI1,0.01,0.0,0.0,0.0,0.0,0.0
3705112,IN,IN,RENTI,LIQUE,5.87,0.0,0.0,0.0,0.0,0.0
3705111,IN,IN,RENTI,REFIN,4.6,0.0,0.0,0.0,0.0,0.0
3705110,IN,IN,RENTI,HEAVY,2.73,0.0,0.0,0.0,0.0,0.0
3705108,IN,IN,RENTI,KERO1,1.07,0.0,0.0,0.0,0.0,0.0
3705105,IN,IN,RENTI,COKEO,1.77,0.0,0.0,0.0,0.0,0.0
3705102,IN,IN,RENTI,PULP5,0.5,0.0,0.0,0.0,0.0,0.0
3705152,IN,IN,RENTI,ELEC6,0.03,0.0,0.0,0.0,0.0,0.0
3705153,IN,IN,RENTI,BLAST,0.16,0.0,0.0,0.0,0.0,0.0
3705158,IN,IN,RENTI,RETAI,2.81,0.0,0.0,0.0,0.0,0.0
3705193,IN,IN,COMPU,BIOGA,0.01,0.0,0.0,0.0,0.0,0.0
3705202,IN,IN,COMPU,LEAD1,0.01,0.0,0.0,0.0,0.0,0.0
3705201,IN,IN,COMPU,ALUM1,0.08,0.0,0.0,0.0,0.0,0.0
3705200,IN,IN,COMPU,PREC1,0.11,0.0,0.0,0.0,0.0,0.0
3705199,IN,IN,COMPU,BASIC,0.18,0.0,0.0,0.0,0.0,0.0
3705198,IN,IN,COMPU,NONME,0.18,0.0,0.0,0.0,0.0,0.0
3705197,IN,IN,COMPU,BRICK,0.01,0.0,0.0,0.0,0.0,0.0
3705196,IN,IN,COMPU,CERAM,0.04,0.0,0.0,0.0,0.0,0.0
3705195,IN,IN,COMPU,GLASS,0.3,0.0,0.0,0.0,0.0,0.0
3705194,IN,IN,COMPU,RUBBE,4.26,0.0,0.0,0.0,0.0,0.0
3705192,IN,IN,COMPU,CHEM1,0.2,0.0,0.0,0.0,0.0,0.0
3705164,IN,IN,RENTI,TRAN2,0.31,0.0,0.0,0.0,0.0,0.0
3705189,IN,IN,COMPU,PULP5,0.14,0.0,0.0,0.0,0.0,0.0
3705187,IN,IN,COMPU,LEATH,0.06,0.0,0.0,0.0,0.0,0.0
3705186,IN,IN,COMPU,WEARI,0.01,0.0,0.0,0.0,0.0,0.0
3705185,IN,IN,COMPU,TEXTI,0.15,0.0,0.0,0.0,0.0,0.0
3705184,IN,IN,COMPU,NATU1,0.02,0.0,0.0,0.0,0.0,0.0
3705183,IN,IN,COMPU,NATUR,0.1,0.0,0.0,0.0,0.0,0.0
3705182,IN,IN,COMPU,CRUDE,0.72,0.0,0.0,0.0,0.0,0.0
3705181,IN,IN,COMPU,BITUM,0.91,0.0,0.0,0.0,0.0,0.0
3705180,IN,IN,COMPU,COKIN,0.02,0.0,0.0,0.0,0.0,0.0
3705093,IN,IN,RENTI,SUGA1,1.73,0.0,0.0,0.0,0.0,0.0
3705090,IN,IN,RENTI,VEGE1,4.75,0.0,0.0,0.0,0.0,0.0
3705010,IN,IN,REALE,RADIO,12.46,0.0,0.0,0.0,0.0,0.0
3705089,IN,IN,RENTI,MEAT4,5.77,0.0,0.0,0.0,0.0,0.0
3705039,IN,IN,REALE,TRAN2,15.48,0.0,0.0,0.0,0.0,0.0
3705037,IN,IN,REALE,RAILW,8.36,0.0,0.0,0.0,0.0,0.0
3705033,IN,IN,REALE,RETAI,11.98,0.0,0.0,0.0,0.0,0.0
3705032,IN,IN,REALE,SALEM,16.86,0.0,0.0,0.0,0.0,0.0
3705030,IN,IN,REALE,COLLE,14.85,0.0,0.0,0.0,0.0,0.0
3705029,IN,IN,REALE,DIST1,1.96,0.0,0.0,0.0,0.0,0.0
3705028,IN,IN,REALE,BIOG1,0.25,0.0,0.0,0.0,0.0,0.0
3705027,IN,IN,REALE,GASWO,0.06,0.0,0.0,0.0,0.0,0.0
3705026,IN,IN,REALE,BLAST,0.56,0.0,0.0,0.0,0.0,0.0
3705025,IN,IN,REALE,COKE1,0.55,0.0,0.0,0.0,0.0,0.0
3705023,IN,IN,REALE,TRAN1,7.08,0.0,0.0,0.0,0.0,0.0
3705022,IN,IN,REALE,ELEC8,2.74,0.0,0.0,0.0,0.0,0.0
3705021,IN,IN,REALE,ELEC6,0.04,0.0,0.0,0.0,0.0,0.0
3705020,IN,IN,REALE,ELEC5,3.08,0.0,0.0,0.0,0.0,0.0
3705019,IN,IN,REALE,ELEC4,2.56,0.0,0.0,0.0,0.0,0.0
3705018,IN,IN,REALE,ELEC3,0.8,0.0,0.0,0.0,0.0,0.0
3705017,IN,IN,REALE,ELEC2,0.42,0.0,0.0,0.0,0.0,0.0
3705016,IN,IN,REALE,ELEC1,5.47,0.0,0.0,0.0,0.0,0.0
3705015,IN,IN,REALE,SECO9,0.69,0.0,0.0,0.0,0.0,0.0
3705013,IN,IN,REALE,TRANS,18.72,0.0,0.0,0.0,0.0,0.0
3705011,IN,IN,REALE,MEDIC,1.96,0.0,0.0,0.0,0.0,0.0
3705040,IN,IN,REALE,SEACO,4.33,0.0,0.0,0.0,0.0,0.0
3705041,IN,IN,REALE,INLAN,0.01,0.0,0.0,0.0,0.0,0.0
3705042,IN,IN,REALE,AIRTR,12.85,0.0,0.0,0.0,0.0,0.0
3705078,IN,IN,RENTI,COPPE,2.2,0.0,0.0,0.0,0.0,0.0
3705088,IN,IN,RENTI,MEAT1,0.36,0.0,0.0,0.0,0.0,0.0
3705087,IN,IN,RENTI,MEATP,0.07,0.0,0.0,0.0,0.0,0.0
3705085,IN,IN,RENTI,CHEMI,5.66,0.0,0.0,0.0,0.0,0.0
3705084,IN,IN,RENTI,SANDC,3.17,0.0,0.0,0.0,0.0,0.0
3705083,IN,IN,RENTI,STONE,1.12,0.0,0.0,0.0,0.0,0.0
3705082,IN,IN,RENTI,NONFE,0.31,0.0,0.0,0.0,0.0,0.0
3705081,IN,IN,RENTI,LEADZ,1.31,0.0,0.0,0.0,0.0,0.0
3705080,IN,IN,RENTI,PRECI,2.21,0.0,0.0,0.0,0.0,0.0
3705079,IN,IN,RENTI,ALUMI,0.26,0.0,0.0,0.0,0.0,0.0
3705077,IN,IN,RENTI,IRONO,0.34,0.0,0.0,0.0,0.0,0.0
3705046,IN,IN,REALE,INSUR,11.23,0.0,0.0,0.0,0.0,0.0
3705076,IN,IN,RENTI,URANI,0.01,0.0,0.0,0.0,0.0,0.0
3705075,IN,IN,RENTI,NATU1,6.92,0.0,0.0,0.0,0.0,0.0
3705072,IN,IN,RENTI,BKBPE,0.81,0.0,0.0,0.0,0.0,0.0
3705071,IN,IN,RENTI,LIGNI,3.38,0.0,0.0,0.0,0.0,0.0
3705066,IN,IN,RENTI,SUGAR,2.96,0.0,0.0,0.0,0.0,0.0
3705057,IN,IN,REALE,WASTE,5.5,0.0,0.0,0.0,0.0,0.0
3705056,IN,IN,REALE,FOOD3,5.51,0.0,0.0,0.0,0.0,0.0
3705051,IN,IN,REALE,RESEA,7.8,0.0,0.0,0.0,0.0,0.0
3705047,IN,IN,REALE,AUXIL,22.83,0.0,0.0,0.0,0.0,0.0
3705641,IN,IN,HEALT,ELEC8,0.79,0.0,0.0,0.0,0.0,0.0
3705645,IN,IN,HEALT,BLAST,0.93,0.0,0.0,0.0,0.0,0.0
3704831,IN,IN,AUXIL,DAIRY,0.93,0.0,0.0,0.0,0.0,0.0
3706162,IN,IN,RECRE,BLAST,0.19,0.0,0.0,0.0,0.0,0.0
3706159,IN,IN,RECRE,TRAN1,1.47,0.0,0.0,0.0,0.0,0.0
3706158,IN,IN,RECRE,ELEC6,0.01,0.0,0.0,0.0,0.0,0.0
3706157,IN,IN,RECRE,ELEC5,0.57,0.0,0.0,0.0,0.0,0.0
3706156,IN,IN,RECRE,ELEC4,1.26,0.0,0.0,0.0,0.0,0.0
3706155,IN,IN,RECRE,ELEC3,1.24,0.0,0.0,0.0,0.0,0.0
3706154,IN,IN,RECRE,ELEC2,0.35,0.0,0.0,0.0,0.0,0.0
3706152,IN,IN,RECRE,SECO9,0.31,0.0,0.0,0.0,0.0,0.0
3706148,IN,IN,RECRE,MEDIC,0.51,0.0,0.0,0.0,0.0,0.0
3706142,IN,IN,RECRE,FOUND,0.35,0.0,0.0,0.0,0.0,0.0
3706141,IN,IN,RECRE,NONF1,0.03,0.0,0.0,0.0,0.0,0.0
3706140,IN,IN,RECRE,COPP1,0.51,0.0,0.0,0.0,0.0,0.0
3706139,IN,IN,RECRE,LEAD1,0.05,0.0,0.0,0.0,0.0,0.0
3706138,IN,IN,RECRE,ALUM1,0.31,0.0,0.0,0.0,0.0,0.0
3706136,IN,IN,RECRE,BASIC,0.48,0.0,0.0,0.0,0.0,0.0
3706135,IN,IN,RECRE,NONME,0.07,0.0,0.0,0.0,0.0,0.0
3706134,IN,IN,RECRE,CEMEN,0.03,0.0,0.0,0.0,0.0,0.0
3706133,IN,IN,RECRE,BRICK,0.33,0.0,0.0,0.0,0.0,0.0
3706131,IN,IN,RECRE,GLASS,0.15,0.0,0.0,0.0,0.0,0.0
3706129,IN,IN,RECRE,BIODI,0.14,0.0,0.0,0.0,0.0,0.0
3706128,IN,IN,RECRE,BIOGA,0.68,0.0,0.0,0.0,0.0,0.0
3706127,IN,IN,RECRE,CHARC,1.2,0.0,0.0,0.0,0.0,0.0
3706161,IN,IN,RECRE,COKE1,0.19,0.0,0.0,0.0,0.0,0.0
3706163,IN,IN,RECRE,GASWO,0.02,0.0,0.0,0.0,0.0,0.0
3705646,IN,IN,HEALT,GASWO,0.1,0.0,0.0,0.0,0.0,0.0
3706164,IN,IN,RECRE,BIOG1,0.08,0.0,0.0,0.0,0.0,0.0
3706217,IN,IN,93197,MEATP,0.03,0.0,0.0,0.0,0.0,0.0
3706216,IN,IN,93197,MEATC,1.28,0.0,0.0,0.0,0.0,0.0
3706215,IN,IN,93197,CHEMI,1.23,0.0,0.0,0.0,0.0,0.0
3706214,IN,IN,93197,STONE,1.18,0.0,0.0,0.0,0.0,0.0
3706213,IN,IN,93197,NONFE,0.12,0.0,0.0,0.0,0.0,0.0
3706212,IN,IN,93197,LEADZ,0.4,0.0,0.0,0.0,0.0,0.0
3706211,IN,IN,93197,ALUMI,0.09,0.0,0.0,0.0,0.0,0.0
3706210,IN,IN,93197,NATU1,2.24,0.0,0.0,0.0,0.0,0.0
3706207,IN,IN,93197,BKBPE,0.07,0.0,0.0,0.0,0.0,0.0
3706206,IN,IN,93197,LIGNI,0.3,0.0,0.0,0.0,0.0,0.0
3706204,IN,IN,93197,COKIN,1.25,0.0,0.0,0.0,0.0,0.0
3706201,IN,IN,93197,CROPS,0.4,0.0,0.0,0.0,0.0,0.0
3706200,IN,IN,93197,SUGAR,0.13,0.0,0.0,0.0,0.0,0.0
3706199,IN,IN,93197,OILSE,0.22,0.0,0.0,0.0,0.0,0.0
3706198,IN,IN,93197,VEGET,0.91,0.0,0.0,0.0,0.0,0.0
3706197,IN,IN,93197,CEREA,0.32,0.0,0.0,0.0,0.0,0.0
3706176,IN,IN,RECRE,INLAN,0.62,0.0,0.0,0.0,0.0,0.0
3706175,IN,IN,RECRE,SEACO,1.05,0.0,0.0,0.0,0.0,0.0
3706174,IN,IN,RECRE,TRAN2,0.28,0.0,0.0,0.0,0.0,0.0
3706169,IN,IN,RECRE,RETAI,0.4,0.0,0.0,0.0,0.0,0.0
3706165,IN,IN,RECRE,DIST1,0.73,0.0,0.0,0.0,0.0,0.0
3706125,IN,IN,RECRE,PFERT,0.49,0.0,0.0,0.0,0.0,0.0
3706124,IN,IN,RECRE,NFERT,0.05,0.0,0.0,0.0,0.0,0.0
3706123,IN,IN,RECRE,PLAST,0.23,0.0,0.0,0.0,0.0,0.0
3706122,IN,IN,RECRE,NONSP,0.12,0.0,0.0,0.0,0.0,0.0
3706088,IN,IN,RECRE,MEATC,0.84,0.0,0.0,0.0,0.0,0.0
3706087,IN,IN,RECRE,CHEMI,0.05,0.0,0.0,0.0,0.0,0.0
3706086,IN,IN,RECRE,STONE,0.01,0.0,0.0,0.0,0.0,0.0
3706085,IN,IN,RECRE,NATU1,0.03,0.0,0.0,0.0,0.0,0.0
3706084,IN,IN,RECRE,NATUR,0.2,0.0,0.0,0.0,0.0,0.0
3706083,IN,IN,RECRE,CRUDE,1.86,0.0,0.0,0.0,0.0,0.0
3706082,IN,IN,RECRE,BITUM,0.14,0.0,0.0,0.0,0.0,0.0
3706081,IN,IN,RECRE,FISHF,1.48,0.0,0.0,0.0,0.0,0.0
3706080,IN,IN,RECRE,FORES,0.82,0.0,0.0,0.0,0.0,0.0
3706079,IN,IN,RECRE,CROPS,0.14,0.0,0.0,0.0,0.0,0.0
3706078,IN,IN,RECRE,SUGAR,0.09,0.0,0.0,0.0,0.0,0.0
3706077,IN,IN,RECRE,OILSE,0.58,0.0,0.0,0.0,0.0,0.0
3706076,IN,IN,RECRE,VEGET,0.21,0.0,0.0,0.0,0.0,0.0
3706075,IN,IN,RECRE,CEREA,0.01,0.0,0.0,0.0,0.0,0.0
3706074,IN,IN,RECRE,WHEAT,1.0,0.0,0.0,0.0,0.0,0.0
3706053,IN,IN,MEMBE,INLAN,0.1,0.0,0.0,0.0,0.0,0.0
3706046,IN,IN,MEMBE,RETAI,0.39,0.0,0.0,0.0,0.0,0.0
3706041,IN,IN,MEMBE,BIOG1,0.13,0.0,0.0,0.0,0.0,0.0
3706040,IN,IN,MEMBE,GASWO,0.03,0.0,0.0,0.0,0.0,0.0
3706039,IN,IN,MEMBE,BLAST,0.31,0.0,0.0,0.0,0.0,0.0
3706038,IN,IN,MEMBE,COKE1,0.3,0.0,0.0,0.0,0.0,0.0
3706089,IN,IN,RECRE,MEATP,0.03,0.0,0.0,0.0,0.0,0.0
3706090,IN,IN,RECRE,MEAT1,0.41,0.0,0.0,0.0,0.0,0.0
3706092,IN,IN,RECRE,VEGE1,0.06,0.0,0.0,0.0,0.0,0.0
3706111,IN,IN,RECRE,KERO1,0.15,0.0,0.0,0.0,0.0,0.0
3706121,IN,IN,RECRE,PETRO,0.24,0.0,0.0,0.0,0.0,0.0
3706120,IN,IN,RECRE,PARAF,0.09,0.0,0.0,0.0,0.0,0.0
3706119,IN,IN,RECRE,BITU1,0.07,0.0,0.0,0.0,0.0,0.0
3706118,IN,IN,RECRE,LUBRI,0.04,0.0,0.0,0.0,0.0,0.0
3706117,IN,IN,RECRE,NAPHT,0.95,0.0,0.0,0.0,0.0,0.0
3706116,IN,IN,RECRE,REFI1,0.01,0.0,0.0,0.0,0.0,0.0
3706115,IN,IN,RECRE,LIQUE,1.46,0.0,0.0,0.0,0.0,0.0
3706114,IN,IN,RECRE,REFIN,0.1,0.0,0.0,0.0,0.0,0.0
3706113,IN,IN,RECRE,HEAVY,0.36,0.0,0.0,0.0,0.0,0.0
3706110,IN,IN,RECRE,KEROS,1.1,0.0,0.0,0.0,0.0,0.0
3706093,IN,IN,RECRE,DAIRY,0.08,0.0,0.0,0.0,0.0,0.0
3706109,IN,IN,RECRE,AVIAT,0.01,0.0,0.0,0.0,0.0,0.0
3706107,IN,IN,RECRE,COKEO,0.13,0.0,0.0,0.0,0.0,0.0
3706104,IN,IN,RECRE,PULP5,0.15,0.0,0.0,0.0,0.0,0.0
3706103,IN,IN,RECRE,WOODW,1.61,0.0,0.0,0.0,0.0,0.0
3706102,IN,IN,RECRE,LEATH,0.45,0.0,0.0,0.0,0.0,0.0
3706098,IN,IN,RECRE,FISH5,0.3,0.0,0.0,0.0,0.0,0.0
3706097,IN,IN,RECRE,BEVER,0.7,0.0,0.0,0.0,0.0,0.0
3706095,IN,IN,RECRE,SUGA1,0.02,0.0,0.0,0.0,0.0,0.0
3706094,IN,IN,RECRE,PROCE,0.55,0.0,0.0,0.0,0.0,0.0
3706220,IN,IN,93197,VEGE1,0.19,0.0,0.0,0.0,0.0,0.0
3706221,IN,IN,93197,DAIRY,0.13,0.0,0.0,0.0,0.0,0.0
3706223,IN,IN,93197,SUGA1,0.04,0.0,0.0,0.0,0.0,0.0
3706338,IN,IN,PRIVA,BKBPE,0.06,0.0,0.0,0.0,0.0,0.0
3706418,IN,IN,PRIVA,ELEC3,0.04,0.0,0.0,0.0,0.0,0.0
3706417,IN,IN,PRIVA,ELEC2,0.35,0.0,0.0,0.0,0.0,0.0
3706415,IN,IN,PRIVA,SECO9,0.39,0.0,0.0,0.0,0.0,0.0
3706408,IN,IN,PRIVA,OFFIC,0.51,0.0,0.0,0.0,0.0,0.0
3706402,IN,IN,PRIVA,LEAD1,0.43,0.0,0.0,0.0,0.0,0.0
3706396,IN,IN,PRIVA,BRICK,0.22,0.0,0.0,0.0,0.0,0.0
3706392,IN,IN,PRIVA,BIODI,0.74,0.0,0.0,0.0,0.0,0.0
3706386,IN,IN,PRIVA,PLAST,0.5,0.0,0.0,0.0,0.0,0.0
3706385,IN,IN,PRIVA,NONSP,0.22,0.0,0.0,0.0,0.0,0.0
3706383,IN,IN,PRIVA,PARAF,0.46,0.0,0.0,0.0,0.0,0.0
3706382,IN,IN,PRIVA,BITU1,0.13,0.0,0.0,0.0,0.0,0.0
3706381,IN,IN,PRIVA,LUBRI,0.18,0.0,0.0,0.0,0.0,0.0
3706379,IN,IN,PRIVA,REFI1,0.01,0.0,0.0,0.0,0.0,0.0
3706377,IN,IN,PRIVA,REFIN,0.46,0.0,0.0,0.0,0.0,0.0
3706376,IN,IN,PRIVA,HEAVY,0.8,0.0,0.0,0.0,0.0,0.0
3706374,IN,IN,PRIVA,KERO1,0.34,0.0,0.0,0.0,0.0,0.0
3706372,IN,IN,PRIVA,AVIAT,0.01,0.0,0.0,0.0,0.0,0.0
3706356,IN,IN,PRIVA,DAIRY,0.5,0.0,0.0,0.0,0.0,0.0
3706354,IN,IN,PRIVA,MEAT4,0.4,0.0,0.0,0.0,0.0,0.0
3706353,IN,IN,PRIVA,MEAT1,0.04,0.0,0.0,0.0,0.0,0.0
3706349,IN,IN,PRIVA,SANDC,0.01,0.0,0.0,0.0,0.0,0.0
3706419,IN,IN,PRIVA,ELEC4,0.27,0.0,0.0,0.0,0.0,0.0
3706420,IN,IN,PRIVA,ELEC5,0.03,0.0,0.0,0.0,0.0,0.0
3706421,IN,IN,PRIVA,ELEC6,0.03,0.0,0.0,0.0,0.0,0.0
3706438,IN,IN,PRIVA,TRAN2,0.79,0.0,0.0,0.0,0.0,0.0
3706457,IN,IN,PRIVA,93197,0.03,0.0,0.0,0.0,0.0,0.0
3706456,IN,IN,PRIVA,RECRE,0.05,0.0,0.0,0.0,0.0,0.0
3706455,IN,IN,PRIVA,MEMBE,0.02,0.0,0.0,0.0,0.0,0.0
3706454,IN,IN,PRIVA,WASTE,0.39,0.0,0.0,0.0,0.0,0.0
3706453,IN,IN,PRIVA,FOOD3,0.39,0.0,0.0,0.0,0.0,0.0
3706446,IN,IN,PRIVA,AUXIL,0.41,0.0,0.0,0.0,0.0,0.0
3706441,IN,IN,PRIVA,AIRTR,0.21,0.0,0.0,0.0,0.0,0.0
3706440,IN,IN,PRIVA,INLAN,0.01,0.0,0.0,0.0,0.0,0.0
3706439,IN,IN,PRIVA,SEACO,0.27,0.0,0.0,0.0,0.0,0.0
3706434,IN,IN,PRIVA,RETA1,0.23,0.0,0.0,0.0,0.0,0.0
3706422,IN,IN,PRIVA,ELEC7,0.01,0.0,0.0,0.0,0.0,0.0
3706433,IN,IN,PRIVA,WHOLE,0.28,0.0,0.0,0.0,0.0,0.0
3706432,IN,IN,PRIVA,SALEM,0.09,0.0,0.0,0.0,0.0,0.0
3706431,IN,IN,PRIVA,CONST,0.77,0.0,0.0,0.0,0.0,0.0
3706428,IN,IN,PRIVA,BIOG1,0.02,0.0,0.0,0.0,0.0,0.0
3706427,IN,IN,PRIVA,GASWO,0.01,0.0,0.0,0.0,0.0,0.0
3706426,IN,IN,PRIVA,BLAST,0.14,0.0,0.0,0.0,0.0,0.0
3706425,IN,IN,PRIVA,COKE1,0.05,0.0,0.0,0.0,0.0,0.0
3706424,IN,IN,PRIVA,DISTR,0.38,0.0,0.0,0.0,0.0,0.0
3706423,IN,IN,PRIVA,TRAN1,0.11,0.0,0.0,0.0,0.0,0.0
3706345,IN,IN,PRIVA,PRECI,0.34,0.0,0.0,0.0,0.0,0.0
3706337,IN,IN,PRIVA,LIGNI,0.23,0.0,0.0,0.0,0.0,0.0
3706225,IN,IN,93197,BEVER,1.23,0.0,0.0,0.0,0.0,0.0
3706325,IN,IN,93197,PRIVA,0.01,0.0,0.0,0.0,0.0,0.0
3706262,IN,IN,93197,CEMEN,0.06,0.0,0.0,0.0,0.0,0.0
3706259,IN,IN,93197,GLASS,0.5,0.0,0.0,0.0,0.0,0.0
3706257,IN,IN,93197,BIODI,0.24,0.0,0.0,0.0,0.0,0.0
3706256,IN,IN,93197,BIOGA,1.21,0.0,0.0,0.0,0.0,0.0
3706255,IN,IN,93197,CHARC,2.03,0.0,0.0,0.0,0.0,0.0
3706253,IN,IN,93197,PFERT,1.13,0.0,0.0,0.0,0.0,0.0
3706252,IN,IN,93197,NFERT,0.2,0.0,0.0,0.0,0.0,0.0
3706251,IN,IN,93197,PLAST,1.27,0.0,0.0,0.0,0.0,0.0
3706250,IN,IN,93197,NONSP,0.78,0.0,0.0,0.0,0.0,0.0
3706249,IN,IN,93197,PETRO,0.6,0.0,0.0,0.0,0.0,0.0
3706248,IN,IN,93197,PARAF,0.16,0.0,0.0,0.0,0.0,0.0
3706247,IN,IN,93197,BITU1,0.48,0.0,0.0,0.0,0.0,0.0
3706246,IN,IN,93197,LUBRI,0.18,0.0,0.0,0.0,0.0,0.0
3706244,IN,IN,93197,REFI1,0.05,0.0,0.0,0.0,0.0,0.0
3706242,IN,IN,93197,REFIN,0.27,0.0,0.0,0.0,0.0,0.0
3706241,IN,IN,93197,HEAVY,2.12,0.0,0.0,0.0,0.0,0.0
3706239,IN,IN,93197,KERO1,0.92,0.0,0.0,0.0,0.0,0.0
3706237,IN,IN,93197,AVIAT,0.04,0.0,0.0,0.0,0.0,0.0
3706235,IN,IN,93197,COKEO,0.57,0.0,0.0,0.0,0.0,0.0
3706232,IN,IN,93197,PULP5,0.2,0.0,0.0,0.0,0.0,0.0
3706227,IN,IN,93197,TOBAC,0.91,0.0,0.0,0.0,0.0,0.0
3706263,IN,IN,93197,NONME,0.24,0.0,0.0,0.0,0.0,0.0
3706264,IN,IN,93197,BASIC,2.13,0.0,0.0,0.0,0.0,0.0
3706265,IN,IN,93197,PREC1,1.79,0.0,0.0,0.0,0.0,0.0
3706286,IN,IN,93197,ELEC6,0.01,0.0,0.0,0.0,0.0,0.0
3706305,IN,IN,93197,INLAN,1.16,0.0,0.0,0.0,0.0,0.0
3706302,IN,IN,93197,RAILW,0.01,0.0,0.0,0.0,0.0,0.0
3706298,IN,IN,93197,RETAI,0.04,0.0,0.0,0.0,0.0,0.0
3706294,IN,IN,93197,DIST1,2.56,0.0,0.0,0.0,0.0,0.0
3706293,IN,IN,93197,BIOG1,0.16,0.0,0.0,0.0,0.0,0.0
3706292,IN,IN,93197,GASWO,0.04,0.0,0.0,0.0,0.0,0.0
3706291,IN,IN,93197,BLAST,0.36,0.0,0.0,0.0,0.0,0.0
3706290,IN,IN,93197,COKE1,0.35,0.0,0.0,0.0,0.0,0.0
3706288,IN,IN,93197,TRAN1,1.86,0.0,0.0,0.0,0.0,0.0
3706285,IN,IN,93197,ELEC5,0.75,0.0,0.0,0.0,0.0,0.0
3706266,IN,IN,93197,ALUM1,1.13,0.0,0.0,0.0,0.0,0.0
3706284,IN,IN,93197,ELEC4,1.59,0.0,0.0,0.0,0.0,0.0
3706283,IN,IN,93197,ELEC3,0.77,0.0,0.0,0.0,0.0,0.0
3706282,IN,IN,93197,ELEC2,0.43,0.0,0.0,0.0,0.0,0.0
3706278,IN,IN,93197,TRANS,2.45,0.0,0.0,0.0,0.0,0.0
3706276,IN,IN,93197,MEDIC,1.74,0.0,0.0,0.0,0.0,0.0
3706270,IN,IN,93197,FOUND,1.33,0.0,0.0,0.0,0.0,0.0
3706269,IN,IN,93197,NONF1,0.13,0.0,0.0,0.0,0.0,0.0
3706268,IN,IN,93197,COPP1,1.53,0.0,0.0,0.0,0.0,0.0
3706267,IN,IN,93197,LEAD1,0.14,0.0,0.0,0.0,0.0,0.0
3706035,IN,IN,MEMBE,ELEC6,0.01,0.0,0.0,0.0,0.0,0.0
3706031,IN,IN,MEMBE,ELEC2,1.22,0.0,0.0,0.0,0.0,0.0
3706029,IN,IN,MEMBE,SECO9,0.69,0.0,0.0,0.0,0.0,0.0
3705740,IN,IN,FOOD3,CHARC,1.71,0.0,0.0,0.0,0.0,0.0
3705790,IN,IN,FOOD3,SEACO,2.01,0.0,0.0,0.0,0.0,0.0
3705789,IN,IN,FOOD3,TRAN2,0.57,0.0,0.0,0.0,0.0,0.0
3705787,IN,IN,FOOD3,RAILW,1.04,0.0,0.0,0.0,0.0,0.0
3705783,IN,IN,FOOD3,RETAI,0.47,0.0,0.0,0.0,0.0,0.0
3705779,IN,IN,FOOD3,DIST1,0.33,0.0,0.0,0.0,0.0,0.0
3705778,IN,IN,FOOD3,BIOG1,0.09,0.0,0.0,0.0,0.0,0.0
3705777,IN,IN,FOOD3,GASWO,0.02,0.0,0.0,0.0,0.0,0.0
3705776,IN,IN,FOOD3,BLAST,0.22,0.0,0.0,0.0,0.0,0.0
3705775,IN,IN,FOOD3,COKE1,0.21,0.0,0.0,0.0,0.0,0.0
3705772,IN,IN,FOOD3,ELEC8,0.34,0.0,0.0,0.0,0.0,0.0
3705771,IN,IN,FOOD3,ELEC6,0.04,0.0,0.0,0.0,0.0,0.0
3705770,IN,IN,FOOD3,ELEC5,1.59,0.0,0.0,0.0,0.0,0.0
3705768,IN,IN,FOOD3,ELEC3,1.41,0.0,0.0,0.0,0.0,0.0
3705767,IN,IN,FOOD3,ELEC2,1.03,0.0,0.0,0.0,0.0,0.0
3705765,IN,IN,FOOD3,SECO9,0.13,0.0,0.0,0.0,0.0,0.0
3705763,IN,IN,FOOD3,TRANS,2.1,0.0,0.0,0.0,0.0,0.0
3705761,IN,IN,FOOD3,MEDIC,1.34,0.0,0.0,0.0,0.0,0.0
3705748,IN,IN,FOOD3,NONME,2.04,0.0,0.0,0.0,0.0,0.0
3705747,IN,IN,FOOD3,CEMEN,1.11,0.0,0.0,0.0,0.0,0.0
3705744,IN,IN,FOOD3,GLASS,1.87,0.0,0.0,0.0,0.0,0.0
3705742,IN,IN,FOOD3,BIODI,0.2,0.0,0.0,0.0,0.0,0.0
3705791,IN,IN,FOOD3,INLAN,0.13,0.0,0.0,0.0,0.0,0.0
3705792,IN,IN,FOOD3,AIRTR,2.2,0.0,0.0,0.0,0.0,0.0
3705796,IN,IN,FOOD3,INSUR,2.2,0.0,0.0,0.0,0.0,0.0
3705819,IN,IN,WASTE,CATTL,0.08,0.0,0.0,0.0,0.0,0.0
3705830,IN,IN,WASTE,LIGNI,0.08,0.0,0.0,0.0,0.0,0.0
3705828,IN,IN,WASTE,COKIN,0.32,0.0,0.0,0.0,0.0,0.0
3705827,IN,IN,WASTE,FISHF,2.49,0.0,0.0,0.0,0.0,0.0
3705826,IN,IN,WASTE,FORES,0.95,0.0,0.0,0.0,0.0,0.0
3705825,IN,IN,WASTE,WOOLS,0.04,0.0,0.0,0.0,0.0,0.0
3705823,IN,IN,WASTE,ANIMA,0.66,0.0,0.0,0.0,0.0,0.0
3705822,IN,IN,WASTE,MEATA,0.35,0.0,0.0,0.0,0.0,0.0
3705821,IN,IN,WASTE,POULT,0.54,0.0,0.0,0.0,0.0,0.0
3705820,IN,IN,WASTE,PIGS9,0.02,0.0,0.0,0.0,0.0,0.0
3705818,IN,IN,WASTE,CROPS,0.63,0.0,0.0,0.0,0.0,0.0
3705797,IN,IN,FOOD3,AUXIL,2.39,0.0,0.0,0.0,0.0,0.0
3705817,IN,IN,WASTE,PLANT,0.83,0.0,0.0,0.0,0.0,0.0
3705816,IN,IN,WASTE,SUGAR,0.54,0.0,0.0,0.0,0.0,0.0
3705815,IN,IN,WASTE,OILSE,1.33,0.0,0.0,0.0,0.0,0.0
3705813,IN,IN,WASTE,CEREA,0.85,0.0,0.0,0.0,0.0,0.0
3705812,IN,IN,WASTE,WHEAT,2.34,0.0,0.0,0.0,0.0,0.0
3705807,IN,IN,FOOD3,WASTE,1.01,0.0,0.0,0.0,0.0,0.0
3705806,IN,IN,FOOD3,FOOD3,1.01,0.0,0.0,0.0,0.0,0.0
3705801,IN,IN,FOOD3,RESEA,2.25,0.0,0.0,0.0,0.0,0.0
3705799,IN,IN,FOOD3,RENTI,1.72,0.0,0.0,0.0,0.0,0.0
3705741,IN,IN,FOOD3,BIOGA,1.03,0.0,0.0,0.0,0.0,0.0
3705737,IN,IN,FOOD3,NFERT,0.88,0.0,0.0,0.0,0.0,0.0
3705833,IN,IN,WASTE,NATUR,1.46,0.0,0.0,0.0,0.0,0.0
3705736,IN,IN,FOOD3,PLAST,0.73,0.0,0.0,0.0,0.0,0.0
3705700,IN,IN,FOOD3,NATUR,1.16,0.0,0.0,0.0,0.0,0.0
3705698,IN,IN,FOOD3,BKBPE,0.01,0.0,0.0,0.0,0.0,0.0
3705697,IN,IN,FOOD3,LIGNI,0.06,0.0,0.0,0.0,0.0,0.0
3705695,IN,IN,FOOD3,COKIN,0.26,0.0,0.0,0.0,0.0,0.0
3705694,IN,IN,FOOD3,FISHF,1.99,0.0,0.0,0.0,0.0,0.0
3705693,IN,IN,FOOD3,FORES,0.76,0.0,0.0,0.0,0.0,0.0
3705692,IN,IN,FOOD3,WOOLS,0.03,0.0,0.0,0.0,0.0,0.0
3705691,IN,IN,FOOD3,RAWMI,3.18,0.0,0.0,0.0,0.0,0.0
3705690,IN,IN,FOOD3,ANIMA,0.53,0.0,0.0,0.0,0.0,0.0
3705689,IN,IN,FOOD3,MEATA,0.28,0.0,0.0,0.0,0.0,0.0
3705688,IN,IN,FOOD3,POULT,0.43,0.0,0.0,0.0,0.0,0.0
3705687,IN,IN,FOOD3,PIGS9,0.01,0.0,0.0,0.0,0.0,0.0
3705686,IN,IN,FOOD3,CATTL,0.06,0.0,0.0,0.0,0.0,0.0
3705685,IN,IN,FOOD3,CROPS,0.5,0.0,0.0,0.0,0.0,0.0
3705684,IN,IN,FOOD3,PLANT,0.66,0.0,0.0,0.0,0.0,0.0
3705683,IN,IN,FOOD3,SUGAR,0.43,0.0,0.0,0.0,0.0,0.0
3705682,IN,IN,FOOD3,OILSE,1.06,0.0,0.0,0.0,0.0,0.0
3705680,IN,IN,FOOD3,CEREA,0.68,0.0,0.0,0.0,0.0,0.0
3705679,IN,IN,FOOD3,WHEAT,1.87,0.0,0.0,0.0,0.0,0.0
3705658,IN,IN,HEALT,INLAN,1.5,0.0,0.0,0.0,0.0,0.0
3705647,IN,IN,HEALT,BIOG1,0.4,0.0,0.0,0.0,0.0,0.0
3705701,IN,IN,FOOD3,NATU1,0.19,0.0,0.0,0.0,0.0,0.0
3705702,IN,IN,FOOD3,MEATC,1.25,0.0,0.0,0.0,0.0,0.0
3705703,IN,IN,FOOD3,MEAT1,0.37,0.0,0.0,0.0,0.0,0.0
3705724,IN,IN,FOOD3,KERO1,0.39,0.0,0.0,0.0,0.0,0.0
3705735,IN,IN,FOOD3,NONSP,0.32,0.0,0.0,0.0,0.0,0.0
3705734,IN,IN,FOOD3,PETRO,0.39,0.0,0.0,0.0,0.0,0.0
3705733,IN,IN,FOOD3,PARAF,0.13,0.0,0.0,0.0,0.0,0.0
3705732,IN,IN,FOOD3,BITU1,0.2,0.0,0.0,0.0,0.0,0.0
3705731,IN,IN,FOOD3,LUBRI,0.11,0.0,0.0,0.0,0.0,0.0
3705730,IN,IN,FOOD3,NAPHT,2.45,0.0,0.0,0.0,0.0,0.0
3705729,IN,IN,FOOD3,REFI1,0.02,0.0,0.0,0.0,0.0,0.0
3705727,IN,IN,FOOD3,REFIN,0.17,0.0,0.0,0.0,0.0,0.0
3705726,IN,IN,FOOD3,HEAVY,0.91,0.0,0.0,0.0,0.0,0.0
3705723,IN,IN,FOOD3,KEROS,2.74,0.0,0.0,0.0,0.0,0.0
3705705,IN,IN,FOOD3,VEGE1,0.22,0.0,0.0,0.0,0.0,0.0
3705722,IN,IN,FOOD3,AVIAT,0.01,0.0,0.0,0.0,0.0,0.0
3705720,IN,IN,FOOD3,COKEO,0.52,0.0,0.0,0.0,0.0,0.0
3705717,IN,IN,FOOD3,PULP5,0.15,0.0,0.0,0.0,0.0,0.0
3705715,IN,IN,FOOD3,LEATH,0.46,0.0,0.0,0.0,0.0,0.0
3705712,IN,IN,FOOD3,TOBAC,0.89,0.0,0.0,0.0,0.0,0.0
3705710,IN,IN,FOOD3,BEVER,1.59,0.0,0.0,0.0,0.0,0.0
3705708,IN,IN,FOOD3,SUGA1,0.04,0.0,0.0,0.0,0.0,0.0
3705707,IN,IN,FOOD3,PROCE,2.4,0.0,0.0,0.0,0.0,0.0
3705706,IN,IN,FOOD3,DAIRY,0.27,0.0,0.0,0.0,0.0,0.0
3705831,IN,IN,WASTE,BKBPE,0.02,0.0,0.0,0.0,0.0,0.0
3705834,IN,IN,WASTE,NATU1,0.24,0.0,0.0,0.0,0.0,0.0
3706025,IN,IN,MEMBE,MEDIC,1.26,0.0,0.0,0.0,0.0,0.0
3705925,IN,IN,WASTE,INLAN,0.17,0.0,0.0,0.0,0.0,0.0
3705970,IN,IN,MEMBE,DAIRY,0.14,0.0,0.0,0.0,0.0,0.0
3705969,IN,IN,MEMBE,VEGE1,0.17,0.0,0.0,0.0,0.0,0.0
3705967,IN,IN,MEMBE,MEAT1,0.73,0.0,0.0,0.0,0.0,0.0
3705966,IN,IN,MEMBE,MEATP,0.03,0.0,0.0,0.0,0.0,0.0
3705965,IN,IN,MEMBE,MEATC,1.23,0.0,0.0,0.0,0.0,0.0
3705964,IN,IN,MEMBE,CHEMI,0.28,0.0,0.0,0.0,0.0,0.0
3705963,IN,IN,MEMBE,STONE,0.07,0.0,0.0,0.0,0.0,0.0
3705962,IN,IN,MEMBE,NONFE,0.01,0.0,0.0,0.0,0.0,0.0
3705961,IN,IN,MEMBE,ALUMI,0.01,0.0,0.0,0.0,0.0,0.0
3705960,IN,IN,MEMBE,NATU1,0.88,0.0,0.0,0.0,0.0,0.0
3705957,IN,IN,MEMBE,BKBPE,0.01,0.0,0.0,0.0,0.0,0.0
3705956,IN,IN,MEMBE,LIGNI,0.03,0.0,0.0,0.0,0.0,0.0
3705954,IN,IN,MEMBE,COKIN,0.11,0.0,0.0,0.0,0.0,0.0
3705950,IN,IN,MEMBE,SUGAR,0.86,0.0,0.0,0.0,0.0,0.0
3705947,IN,IN,MEMBE,CEREA,0.22,0.0,0.0,0.0,0.0,0.0
3705941,IN,IN,WASTE,WASTE,1.64,0.0,0.0,0.0,0.0,0.0
3705940,IN,IN,WASTE,FOOD3,1.64,0.0,0.0,0.0,0.0,0.0
3705935,IN,IN,WASTE,RESEA,2.81,0.0,0.0,0.0,0.0,0.0
3705933,IN,IN,WASTE,RENTI,1.72,0.0,0.0,0.0,0.0,0.0
3705931,IN,IN,WASTE,AUXIL,2.99,0.0,0.0,0.0,0.0,0.0
3705930,IN,IN,WASTE,INSUR,2.74,0.0,0.0,0.0,0.0,0.0
3705972,IN,IN,MEMBE,SUGA1,0.04,0.0,0.0,0.0,0.0,0.0
3705974,IN,IN,MEMBE,BEVER,1.17,0.0,0.0,0.0,0.0,0.0
3705981,IN,IN,MEMBE,PULP5,0.01,0.0,0.0,0.0,0.0,0.0
3706000,IN,IN,MEMBE,PLAST,0.67,0.0,0.0,0.0,0.0,0.0
3706018,IN,IN,MEMBE,NONF1,0.77,0.0,0.0,0.0,0.0,0.0
3706016,IN,IN,MEMBE,LEAD1,0.94,0.0,0.0,0.0,0.0,0.0
3706012,IN,IN,MEMBE,NONME,0.17,0.0,0.0,0.0,0.0,0.0
3706011,IN,IN,MEMBE,CEMEN,0.05,0.0,0.0,0.0,0.0,0.0
3706008,IN,IN,MEMBE,GLASS,0.43,0.0,0.0,0.0,0.0,0.0
3706006,IN,IN,MEMBE,BIODI,0.23,0.0,0.0,0.0,0.0,0.0
3706005,IN,IN,MEMBE,BIOGA,1.14,0.0,0.0,0.0,0.0,0.0
3706002,IN,IN,MEMBE,PFERT,0.99,0.0,0.0,0.0,0.0,0.0
3706001,IN,IN,MEMBE,NFERT,0.12,0.0,0.0,0.0,0.0,0.0
3705999,IN,IN,MEMBE,NONSP,0.39,0.0,0.0,0.0,0.0,0.0
3705984,IN,IN,MEMBE,COKEO,0.38,0.0,0.0,0.0,0.0,0.0
3705998,IN,IN,MEMBE,PETRO,0.45,0.0,0.0,0.0,0.0,0.0
3705997,IN,IN,MEMBE,PARAF,0.15,0.0,0.0,0.0,0.0,0.0
3705996,IN,IN,MEMBE,BITU1,0.24,0.0,0.0,0.0,0.0,0.0
3705995,IN,IN,MEMBE,LUBRI,0.1,0.0,0.0,0.0,0.0,0.0
3705993,IN,IN,MEMBE,REFI1,0.02,0.0,0.0,0.0,0.0,0.0
3705991,IN,IN,MEMBE,REFIN,0.19,0.0,0.0,0.0,0.0,0.0
3705990,IN,IN,MEMBE,HEAVY,1.09,0.0,0.0,0.0,0.0,0.0
3705988,IN,IN,MEMBE,KERO1,0.47,0.0,0.0,0.0,0.0,0.0
3705986,IN,IN,MEMBE,AVIAT,0.02,0.0,0.0,0.0,0.0,0.0
3705926,IN,IN,WASTE,AIRTR,2.7,0.0,0.0,0.0,0.0,0.0
3705924,IN,IN,WASTE,SEACO,2.51,0.0,0.0,0.0,0.0,0.0
3705835,IN,IN,WASTE,MEATC,1.48,0.0,0.0,0.0,0.0,0.0
3705923,IN,IN,WASTE,TRAN2,0.71,0.0,0.0,0.0,0.0,0.0
3705867,IN,IN,WASTE,PARAF,0.15,0.0,0.0,0.0,0.0,0.0
3705866,IN,IN,WASTE,BITU1,0.25,0.0,0.0,0.0,0.0,0.0
3705865,IN,IN,WASTE,LUBRI,0.14,0.0,0.0,0.0,0.0,0.0
3705864,IN,IN,WASTE,NAPHT,3.04,0.0,0.0,0.0,0.0,0.0
3705863,IN,IN,WASTE,REFI1,0.02,0.0,0.0,0.0,0.0,0.0
3705861,IN,IN,WASTE,REFIN,0.2,0.0,0.0,0.0,0.0,0.0
3705860,IN,IN,WASTE,HEAVY,1.13,0.0,0.0,0.0,0.0,0.0
3705858,IN,IN,WASTE,KERO1,0.49,0.0,0.0,0.0,0.0,0.0
3705857,IN,IN,WASTE,KEROS,3.4,0.0,0.0,0.0,0.0,0.0
3705856,IN,IN,WASTE,AVIAT,0.02,0.0,0.0,0.0,0.0,0.0
3705854,IN,IN,WASTE,COKEO,0.62,0.0,0.0,0.0,0.0,0.0
3705851,IN,IN,WASTE,PULP5,0.18,0.0,0.0,0.0,0.0,0.0
3705849,IN,IN,WASTE,LEATH,0.55,0.0,0.0,0.0,0.0,0.0
3705846,IN,IN,WASTE,TOBAC,1.08,0.0,0.0,0.0,0.0,0.0
3705844,IN,IN,WASTE,BEVER,1.93,0.0,0.0,0.0,0.0,0.0
3705842,IN,IN,WASTE,SUGA1,0.05,0.0,0.0,0.0,0.0,0.0
3705841,IN,IN,WASTE,PROCE,2.89,0.0,0.0,0.0,0.0,0.0
3705840,IN,IN,WASTE,DAIRY,0.33,0.0,0.0,0.0,0.0,0.0
3705839,IN,IN,WASTE,VEGE1,0.27,0.0,0.0,0.0,0.0,0.0
3705837,IN,IN,WASTE,MEAT1,0.45,0.0,0.0,0.0,0.0,0.0
3705836,IN,IN,WASTE,MEATP,0.01,0.0,0.0,0.0,0.0,0.0
3705868,IN,IN,WASTE,PETRO,0.47,0.0,0.0,0.0,0.0,0.0
3705869,IN,IN,WASTE,NONSP,0.4,0.0,0.0,0.0,0.0,0.0
3705871,IN,IN,WASTE,NFERT,1.09,0.0,0.0,0.0,0.0,0.0
3705904,IN,IN,WASTE,ELEC5,1.92,0.0,0.0,0.0,0.0,0.0
3705921,IN,IN,WASTE,RAILW,1.31,0.0,0.0,0.0,0.0,0.0
3705917,IN,IN,WASTE,RETAI,0.59,0.0,0.0,0.0,0.0,0.0
3705913,IN,IN,WASTE,DIST1,0.41,0.0,0.0,0.0,0.0,0.0
3705912,IN,IN,WASTE,BIOG1,0.11,0.0,0.0,0.0,0.0,0.0
3705911,IN,IN,WASTE,GASWO,0.03,0.0,0.0,0.0,0.0,0.0
3705910,IN,IN,WASTE,BLAST,0.27,0.0,0.0,0.0,0.0,0.0
3705909,IN,IN,WASTE,COKE1,0.25,0.0,0.0,0.0,0.0,0.0
3705906,IN,IN,WASTE,ELEC8,0.42,0.0,0.0,0.0,0.0,0.0
3705905,IN,IN,WASTE,ELEC6,0.05,0.0,0.0,0.0,0.0,0.0
3705902,IN,IN,WASTE,ELEC3,1.69,0.0,0.0,0.0,0.0,0.0
3705874,IN,IN,WASTE,CHARC,2.02,0.0,0.0,0.0,0.0,0.0
3705901,IN,IN,WASTE,ELEC2,1.24,0.0,0.0,0.0,0.0,0.0
3705899,IN,IN,WASTE,SECO9,0.21,0.0,0.0,0.0,0.0,0.0
3705897,IN,IN,WASTE,TRANS,2.54,0.0,0.0,0.0,0.0,0.0
3705895,IN,IN,WASTE,MEDIC,1.61,0.0,0.0,0.0,0.0,0.0
3705882,IN,IN,WASTE,NONME,2.5,0.0,0.0,0.0,0.0,0.0
3705881,IN,IN,WASTE,CEMEN,1.39,0.0,0.0,0.0,0.0,0.0
3705878,IN,IN,WASTE,GLASS,2.26,0.0,0.0,0.0,0.0,0.0
3705876,IN,IN,WASTE,BIODI,0.24,0.0,0.0,0.0,0.0,0.0
3705875,IN,IN,WASTE,BIOGA,1.23,0.0,0.0,0.0,0.0,0.0
3704833,IN,IN,AUXIL,SUGA1,1.39,0.0,0.0,0.0,0.0,0.0
3704828,IN,IN,AUXIL,MEAT1,1.87,0.0,0.0,0.0,0.0,0.0
3702859,IN,IN,COLLE,TOBAC,0.85,0.0,0.0,0.0,0.0,0.0
3694707,IN,IN,PADDY,MEATA,0.01,0.0,0.0,0.0,0.0,0.0
3703680,IN,IN,HOTEL,RAILW,1.13,0.0,0.0,0.0,0.0,0.0
3703676,IN,IN,HOTEL,RETAI,1.1,0.0,0.0,0.0,0.0,0.0
3703671,IN,IN,HOTEL,BIOG1,1.24,0.0,0.0,0.0,0.0,0.0
3703670,IN,IN,HOTEL,GASWO,0.3,0.0,0.0,0.0,0.0,0.0
3703664,IN,IN,HOTEL,ELEC7,0.05,0.0,0.0,0.0,0.0,0.0
3703663,IN,IN,HOTEL,ELEC6,0.21,0.0,0.0,0.0,0.0,0.0
3703658,IN,IN,HOTEL,ELEC1,0.09,0.0,0.0,0.0,0.0,0.0
3703644,IN,IN,HOTEL,LEAD1,0.77,0.0,0.0,0.0,0.0,0.0
3703634,IN,IN,HOTEL,BIODI,0.59,0.0,0.0,0.0,0.0,0.0
3703627,IN,IN,HOTEL,NUCLE,0.31,0.0,0.0,0.0,0.0,0.0
3703626,IN,IN,HOTEL,PETRO,0.81,0.0,0.0,0.0,0.0,0.0
3703625,IN,IN,HOTEL,PARAF,0.35,0.0,0.0,0.0,0.0,0.0
3703624,IN,IN,HOTEL,LUBRI,0.39,0.0,0.0,0.0,0.0,0.0
3703623,IN,IN,HOTEL,NAPHT,0.38,0.0,0.0,0.0,0.0,0.0
3703622,IN,IN,HOTEL,LIQUE,0.35,0.0,0.0,0.0,0.0,0.0
3703621,IN,IN,HOTEL,REFIN,0.33,0.0,0.0,0.0,0.0,0.0
3703620,IN,IN,HOTEL,HEAVY,0.18,0.0,0.0,0.0,0.0,0.0
3703619,IN,IN,HOTEL,GASDI,1.51,0.0,0.0,0.0,0.0,0.0
3703618,IN,IN,HOTEL,KERO1,0.07,0.0,0.0,0.0,0.0,0.0
3703617,IN,IN,HOTEL,KEROS,0.77,0.0,0.0,0.0,0.0,0.0
3703616,IN,IN,HOTEL,MOTOR,1.0,0.0,0.0,0.0,0.0,0.0
3703684,IN,IN,HOTEL,INLAN,0.75,0.0,0.0,0.0,0.0,0.0
3703705,IN,IN,RAILW,WHEAT,1.38,0.0,0.0,0.0,0.0,0.0
3703984,IN,IN,TRAN2,SUGA1,0.07,0.0,0.0,0.0,0.0,0.0
3703706,IN,IN,RAILW,CEREA,1.07,0.0,0.0,0.0,0.0,0.0
3703733,IN,IN,RAILW,MEAT1,0.05,0.0,0.0,0.0,0.0,0.0
3703732,IN,IN,RAILW,MEATP,0.01,0.0,0.0,0.0,0.0,0.0
3703731,IN,IN,RAILW,MEATC,0.17,0.0,0.0,0.0,0.0,0.0
3703730,IN,IN,RAILW,CHEMI,0.02,0.0,0.0,0.0,0.0,0.0
3703729,IN,IN,RAILW,SANDC,0.01,0.0,0.0,0.0,0.0,0.0
3703728,IN,IN,RAILW,STONE,0.01,0.0,0.0,0.0,0.0,0.0
3703727,IN,IN,RAILW,NATU1,2.74,0.0,0.0,0.0,0.0,0.0
3703724,IN,IN,RAILW,BKBPE,0.16,0.0,0.0,0.0,0.0,0.0
3703723,IN,IN,RAILW,LIGNI,0.67,0.0,0.0,0.0,0.0,0.0
3703721,IN,IN,RAILW,COKIN,2.82,0.0,0.0,0.0,0.0,0.0
3703720,IN,IN,RAILW,FISHF,0.36,0.0,0.0,0.0,0.0,0.0
3703719,IN,IN,RAILW,FORES,0.99,0.0,0.0,0.0,0.0,0.0
3703718,IN,IN,RAILW,WOOLS,0.43,0.0,0.0,0.0,0.0,0.0
3703715,IN,IN,RAILW,MEATA,3.57,0.0,0.0,0.0,0.0,0.0
3703713,IN,IN,RAILW,PIGS9,0.1,0.0,0.0,0.0,0.0,0.0
3703712,IN,IN,RAILW,CATTL,0.34,0.0,0.0,0.0,0.0,0.0
3703711,IN,IN,RAILW,CROPS,3.16,0.0,0.0,0.0,0.0,0.0
3703710,IN,IN,RAILW,PLANT,0.97,0.0,0.0,0.0,0.0,0.0
3703709,IN,IN,RAILW,SUGAR,1.3,0.0,0.0,0.0,0.0,0.0
3703708,IN,IN,RAILW,OILSE,6.31,0.0,0.0,0.0,0.0,0.0
3703707,IN,IN,RAILW,VEGET,2.89,0.0,0.0,0.0,0.0,0.0
3703615,IN,IN,HOTEL,COKEO,0.82,0.0,0.0,0.0,0.0,0.0
3703612,IN,IN,HOTEL,PULP5,0.26,0.0,0.0,0.0,0.0,0.0
3703610,IN,IN,HOTEL,LEATH,1.01,0.0,0.0,0.0,0.0,0.0
3703603,IN,IN,HOTEL,SUGA1,0.27,0.0,0.0,0.0,0.0,0.0
3703462,IN,IN,RETA1,MEATP,0.86,0.0,0.0,0.0,0.0,0.0
3703460,IN,IN,RETA1,CHEMI,0.01,0.0,0.0,0.0,0.0,0.0
3703459,IN,IN,RETA1,NATU1,0.44,0.0,0.0,0.0,0.0,0.0
3703456,IN,IN,RETA1,BKBPE,0.19,0.0,0.0,0.0,0.0,0.0
3703455,IN,IN,RETA1,LIGNI,0.77,0.0,0.0,0.0,0.0,0.0
3703445,IN,IN,RETA1,PIGS9,1.31,0.0,0.0,0.0,0.0,0.0
3694709,IN,IN,PADDY,FISHF,0.85,0.0,0.0,0.0,0.0,0.0
3703411,IN,IN,WHOLE,RETAI,2.1,0.0,0.0,0.0,0.0,0.0
3703405,IN,IN,WHOLE,GASWO,2.0,0.0,0.0,0.0,0.0,0.0
3703399,IN,IN,WHOLE,ELEC7,0.21,0.0,0.0,0.0,0.0,0.0
3703398,IN,IN,WHOLE,ELEC6,1.12,0.0,0.0,0.0,0.0,0.0
3694712,IN,IN,PADDY,SUGA1,0.99,0.0,0.0,0.0,0.0,0.0
3703361,IN,IN,WHOLE,PARAF,2.17,0.0,0.0,0.0,0.0,0.0
3703359,IN,IN,WHOLE,LUBRI,2.29,0.0,0.0,0.0,0.0,0.0
3703357,IN,IN,WHOLE,REFI1,0.61,0.0,0.0,0.0,0.0,0.0
3703350,IN,IN,WHOLE,AVIAT,0.46,0.0,0.0,0.0,0.0,0.0
3694715,IN,IN,PADDY,TEXTI,0.25,0.0,0.0,0.0,0.0,0.0
3703328,IN,IN,WHOLE,CHEMI,0.02,0.0,0.0,0.0,0.0,0.0
3703327,IN,IN,WHOLE,STONE,0.02,0.0,0.0,0.0,0.0,0.0
3703326,IN,IN,WHOLE,NONFE,0.01,0.0,0.0,0.0,0.0,0.0
3703325,IN,IN,WHOLE,LEADZ,0.01,0.0,0.0,0.0,0.0,0.0
3694708,IN,IN,PADDY,ANIMA,0.12,0.0,0.0,0.0,0.0,0.0
3703482,IN,IN,RETA1,AVIAT,0.17,0.0,0.0,0.0,0.0,0.0
3703487,IN,IN,RETA1,REFIN,1.42,0.0,0.0,0.0,0.0,0.0
3703588,IN,IN,HOTEL,NATU1,1.22,0.0,0.0,0.0,0.0,0.0
3703598,IN,IN,HOTEL,MEAT1,1.72,0.0,0.0,0.0,0.0,0.0
3703597,IN,IN,HOTEL,MEATP,0.07,0.0,0.0,0.0,0.0,0.0
3703595,IN,IN,HOTEL,CHEMI,0.09,0.0,0.0,0.0,0.0,0.0
3703594,IN,IN,HOTEL,SANDC,0.02,0.0,0.0,0.0,0.0,0.0
3703593,IN,IN,HOTEL,STONE,0.01,0.0,0.0,0.0,0.0,0.0
3703592,IN,IN,HOTEL,NONFE,0.01,0.0,0.0,0.0,0.0,0.0
3703591,IN,IN,HOTEL,LEADZ,0.01,0.0,0.0,0.0,0.0,0.0
3703590,IN,IN,HOTEL,PRECI,0.01,0.0,0.0,0.0,0.0,0.0
3703589,IN,IN,HOTEL,IRONO,0.01,0.0,0.0,0.0,0.0,0.0
3703585,IN,IN,HOTEL,BKBPE,0.3,0.0,0.0,0.0,0.0,0.0
3703489,IN,IN,RETA1,REFI1,0.22,0.0,0.0,0.0,0.0,0.0
3703584,IN,IN,HOTEL,LIGNI,1.27,0.0,0.0,0.0,0.0,0.0
3703577,IN,IN,HOTEL,SUGAR,0.83,0.0,0.0,0.0,0.0,0.0
3703552,IN,IN,RETA1,INLAN,1.78,0.0,0.0,0.0,0.0,0.0
3703544,IN,IN,RETA1,RETAI,1.77,0.0,0.0,0.0,0.0,0.0
3703538,IN,IN,RETA1,GASWO,0.63,0.0,0.0,0.0,0.0,0.0
3703532,IN,IN,RETA1,ELEC7,0.05,0.0,0.0,0.0,0.0,0.0
3703531,IN,IN,RETA1,ELEC6,0.26,0.0,0.0,0.0,0.0,0.0
3703502,IN,IN,RETA1,BIODI,1.51,0.0,0.0,0.0,0.0,0.0
3703493,IN,IN,RETA1,PARAF,0.95,0.0,0.0,0.0,0.0,0.0
3703734,IN,IN,RAILW,MEAT4,0.65,0.0,0.0,0.0,0.0,0.0
3703735,IN,IN,RAILW,VEGE1,3.22,0.0,0.0,0.0,0.0,0.0
3703736,IN,IN,RAILW,DAIRY,0.05,0.0,0.0,0.0,0.0,0.0
3703848,IN,IN,LANDT,BITUM,2.07,0.0,0.0,0.0,0.0,0.0
3703888,IN,IN,LANDT,NONSP,0.06,0.0,0.0,0.0,0.0,0.0
3703887,IN,IN,LANDT,PETRO,1.12,0.0,0.0,0.0,0.0,0.0
3703886,IN,IN,LANDT,PARAF,0.47,0.0,0.0,0.0,0.0,0.0
3703885,IN,IN,LANDT,BITU1,0.04,0.0,0.0,0.0,0.0,0.0
3703884,IN,IN,LANDT,LUBRI,0.12,0.0,0.0,0.0,0.0,0.0
3703883,IN,IN,LANDT,NAPHT,0.97,0.0,0.0,0.0,0.0,0.0
3703882,IN,IN,LANDT,LIQUE,1.15,0.0,0.0,0.0,0.0,0.0
3703881,IN,IN,LANDT,REFIN,0.46,0.0,0.0,0.0,0.0,0.0
3703880,IN,IN,LANDT,HEAVY,0.42,0.0,0.0,0.0,0.0,0.0
3703878,IN,IN,LANDT,KERO1,0.17,0.0,0.0,0.0,0.0,0.0
3703877,IN,IN,LANDT,KEROS,1.59,0.0,0.0,0.0,0.0,0.0
3703876,IN,IN,LANDT,MOTOR,2.51,0.0,0.0,0.0,0.0,0.0
3703861,IN,IN,LANDT,DAIRY,1.62,0.0,0.0,0.0,0.0,0.0
3703858,IN,IN,LANDT,MEAT1,1.92,0.0,0.0,0.0,0.0,0.0
3703857,IN,IN,LANDT,MEATP,0.53,0.0,0.0,0.0,0.0,0.0
3703855,IN,IN,LANDT,CHEMI,0.03,0.0,0.0,0.0,0.0,0.0
3703854,IN,IN,LANDT,SANDC,0.14,0.0,0.0,0.0,0.0,0.0
3703853,IN,IN,LANDT,STONE,0.06,0.0,0.0,0.0,0.0,0.0
3703852,IN,IN,LANDT,NATU1,0.01,0.0,0.0,0.0,0.0,0.0
3703851,IN,IN,LANDT,NATUR,0.1,0.0,0.0,0.0,0.0,0.0
3703850,IN,IN,LANDT,CRUDE,0.14,0.0,0.0,0.0,0.0,0.0
3703895,IN,IN,LANDT,BIODI,1.06,0.0,0.0,0.0,0.0,0.0
3703918,IN,IN,LANDT,SECO9,0.03,0.0,0.0,0.0,0.0,0.0
3703924,IN,IN,LANDT,ELEC6,0.86,0.0,0.0,0.0,0.0,0.0
3703968,IN,IN,TRAN2,CROPS,0.01,0.0,0.0,0.0,0.0,0.0
3703982,IN,IN,TRAN2,DAIRY,0.06,0.0,0.0,0.0,0.0,0.0
3703981,IN,IN,TRAN2,VEGE1,2.51,0.0,0.0,0.0,0.0,0.0
3703980,IN,IN,TRAN2,MEAT4,0.01,0.0,0.0,0.0,0.0,0.0
3703979,IN,IN,TRAN2,MEATC,0.4,0.0,0.0,0.0,0.0,0.0
3703978,IN,IN,TRAN2,NONFE,0.01,0.0,0.0,0.0,0.0,0.0
3703977,IN,IN,TRAN2,LEADZ,0.01,0.0,0.0,0.0,0.0,0.0
3703976,IN,IN,TRAN2,PRECI,0.01,0.0,0.0,0.0,0.0,0.0
3703972,IN,IN,TRAN2,BKBPE,0.5,0.0,0.0,0.0,0.0,0.0
3703971,IN,IN,TRAN2,LIGNI,2.11,0.0,0.0,0.0,0.0,0.0
3703967,IN,IN,TRAN2,SUGAR,0.01,0.0,0.0,0.0,0.0,0.0
3703925,IN,IN,LANDT,ELEC7,0.18,0.0,0.0,0.0,0.0,0.0
3703966,IN,IN,TRAN2,CEREA,0.02,0.0,0.0,0.0,0.0,0.0
3703965,IN,IN,TRAN2,PADDY,2.73,0.0,0.0,0.0,0.0,0.0
3703961,IN,IN,LANDT,WASTE,0.24,0.0,0.0,0.0,0.0,0.0
3703960,IN,IN,LANDT,FOOD3,0.24,0.0,0.0,0.0,0.0,0.0
3703951,IN,IN,LANDT,AUXIL,3.94,0.0,0.0,0.0,0.0,0.0
3703945,IN,IN,LANDT,INLAN,2.47,0.0,0.0,0.0,0.0,0.0
3703937,IN,IN,LANDT,RETAI,0.25,0.0,0.0,0.0,0.0,0.0
3694705,IN,IN,PADDY,PIGS9,0.01,0.0,0.0,0.0,0.0,0.0
3703931,IN,IN,LANDT,GASWO,3.12,0.0,0.0,0.0,0.0,0.0
3703849,IN,IN,LANDT,LIGNI,0.01,0.0,0.0,0.0,0.0,0.0
3703847,IN,IN,LANDT,COKIN,0.04,0.0,0.0,0.0,0.0,0.0
3703737,IN,IN,RAILW,PROCE,2.55,0.0,0.0,0.0,0.0,0.0
3703835,IN,IN,LANDT,SUGAR,4.06,0.0,0.0,0.0,0.0,0.0
3703776,IN,IN,RAILW,BRICK,5.12,0.0,0.0,0.0,0.0,0.0
3703774,IN,IN,RAILW,GLASS,6.57,0.0,0.0,0.0,0.0,0.0
3703772,IN,IN,RAILW,BIODI,0.03,0.0,0.0,0.0,0.0,0.0
3703771,IN,IN,RAILW,BIOGA,0.55,0.0,0.0,0.0,0.0,0.0
3703770,IN,IN,RAILW,CHARC,0.24,0.0,0.0,0.0,0.0,0.0
3703767,IN,IN,RAILW,NFERT,8.62,0.0,0.0,0.0,0.0,0.0
3703766,IN,IN,RAILW,PLAST,1.24,0.0,0.0,0.0,0.0,0.0
3703764,IN,IN,RAILW,PETRO,8.86,0.0,0.0,0.0,0.0,0.0
3703763,IN,IN,RAILW,PARAF,0.69,0.0,0.0,0.0,0.0,0.0
3703761,IN,IN,RAILW,LUBRI,5.14,0.0,0.0,0.0,0.0,0.0
3703759,IN,IN,RAILW,REFI1,1.6,0.0,0.0,0.0,0.0,0.0
3703757,IN,IN,RAILW,REFIN,4.4,0.0,0.0,0.0,0.0,0.0
3703752,IN,IN,RAILW,AVIAT,1.22,0.0,0.0,0.0,0.0,0.0
3703750,IN,IN,RAILW,COKEO,3.43,0.0,0.0,0.0,0.0,0.0
3703749,IN,IN,RAILW,PRINT,8.77,0.0,0.0,0.0,0.0,0.0
3703747,IN,IN,RAILW,PULP5,0.12,0.0,0.0,0.0,0.0,0.0
3703745,IN,IN,RAILW,LEATH,3.28,0.0,0.0,0.0,0.0,0.0
3703743,IN,IN,RAILW,TEXTI,4.83,0.0,0.0,0.0,0.0,0.0
3703741,IN,IN,RAILW,FISH5,0.28,0.0,0.0,0.0,0.0,0.0
3703739,IN,IN,RAILW,FOOD5,3.53,0.0,0.0,0.0,0.0,0.0
3703738,IN,IN,RAILW,SUGA1,0.02,0.0,0.0,0.0,0.0,0.0
3703790,IN,IN,RAILW,RADIO,5.21,0.0,0.0,0.0,0.0,0.0
3703793,IN,IN,RAILW,TRANS,5.9,0.0,0.0,0.0,0.0,0.0
3703795,IN,IN,RAILW,SECO9,0.53,0.0,0.0,0.0,0.0,0.0
3703815,IN,IN,RAILW,INSUR,1.47,0.0,0.0,0.0,0.0,0.0
3703829,IN,IN,RAILW,93197,1.38,0.0,0.0,0.0,0.0,0.0
3703828,IN,IN,RAILW,RECRE,1.16,0.0,0.0,0.0,0.0,0.0
3703827,IN,IN,RAILW,MEMBE,4.58,0.0,0.0,0.0,0.0,0.0
3703826,IN,IN,RAILW,WASTE,4.23,0.0,0.0,0.0,0.0,0.0
3703825,IN,IN,RAILW,FOOD3,4.24,0.0,0.0,0.0,0.0,0.0
3703824,IN,IN,RAILW,HEALT,1.26,0.0,0.0,0.0,0.0,0.0
3703823,IN,IN,RAILW,EDUCA,1.57,0.0,0.0,0.0,0.0,0.0
3703820,IN,IN,RAILW,RESEA,0.04,0.0,0.0,0.0,0.0,0.0
3703817,IN,IN,RAILW,REALE,0.29,0.0,0.0,0.0,0.0,0.0
3703813,IN,IN,RAILW,POSTT,5.39,0.0,0.0,0.0,0.0,0.0
3703797,IN,IN,RAILW,ELEC2,0.03,0.0,0.0,0.0,0.0,0.0
3703812,IN,IN,RAILW,SUPPO,3.52,0.0,0.0,0.0,0.0,0.0
3703811,IN,IN,RAILW,AIRTR,0.17,0.0,0.0,0.0,0.0,0.0
3703810,IN,IN,RAILW,SEACO,0.04,0.0,0.0,0.0,0.0,0.0
3703805,IN,IN,RAILW,RETA1,0.45,0.0,0.0,0.0,0.0,0.0
3703804,IN,IN,RAILW,WHOLE,4.66,0.0,0.0,0.0,0.0,0.0
3703803,IN,IN,RAILW,SALEM,0.03,0.0,0.0,0.0,0.0,0.0
3703800,IN,IN,RAILW,DIST1,9.21,0.0,0.0,0.0,0.0,0.0
3703799,IN,IN,RAILW,BLAST,0.03,0.0,0.0,0.0,0.0,0.0
3703798,IN,IN,RAILW,ELEC6,0.01,0.0,0.0,0.0,0.0,0.0
3703324,IN,IN,WHOLE,PRECI,0.01,0.0,0.0,0.0,0.0,0.0
3703323,IN,IN,WHOLE,NATU1,1.17,0.0,0.0,0.0,0.0,0.0
3703320,IN,IN,WHOLE,BKBPE,0.69,0.0,0.0,0.0,0.0,0.0
3702979,IN,IN,CONST,IRONO,0.01,0.0,0.0,0.0,0.0,0.0
3703019,IN,IN,CONST,PETRO,1.25,0.0,0.0,0.0,0.0,0.0
3703018,IN,IN,CONST,PARAF,0.23,0.0,0.0,0.0,0.0,0.0
3703017,IN,IN,CONST,BITU1,1.59,0.0,0.0,0.0,0.0,0.0
3703016,IN,IN,CONST,LUBRI,0.94,0.0,0.0,0.0,0.0,0.0
3703014,IN,IN,CONST,REFI1,0.16,0.0,0.0,0.0,0.0,0.0
3703012,IN,IN,CONST,REFIN,0.59,0.0,0.0,0.0,0.0,0.0
3703007,IN,IN,CONST,AVIAT,0.12,0.0,0.0,0.0,0.0,0.0
3703005,IN,IN,CONST,COKEO,1.49,0.0,0.0,0.0,0.0,0.0
3703002,IN,IN,CONST,PULP5,0.19,0.0,0.0,0.0,0.0,0.0
3702997,IN,IN,CONST,TOBAC,1.92,0.0,0.0,0.0,0.0,0.0
3702993,IN,IN,CONST,SUGA1,0.28,0.0,0.0,0.0,0.0,0.0
3702991,IN,IN,CONST,DAIRY,0.19,0.0,0.0,0.0,0.0,0.0
3702990,IN,IN,CONST,VEGE1,0.49,0.0,0.0,0.0,0.0,0.0
3702988,IN,IN,CONST,MEAT1,0.27,0.0,0.0,0.0,0.0,0.0
3702987,IN,IN,CONST,MEATP,0.05,0.0,0.0,0.0,0.0,0.0
3702986,IN,IN,CONST,MEATC,1.52,0.0,0.0,0.0,0.0,0.0
3702985,IN,IN,CONST,CHEMI,0.03,0.0,0.0,0.0,0.0,0.0
3702984,IN,IN,CONST,SANDC,0.01,0.0,0.0,0.0,0.0,0.0
3702983,IN,IN,CONST,STONE,0.03,0.0,0.0,0.0,0.0,0.0
3702982,IN,IN,CONST,NONFE,0.01,0.0,0.0,0.0,0.0,0.0
3702981,IN,IN,CONST,LEADZ,0.01,0.0,0.0,0.0,0.0,0.0
3703025,IN,IN,CONST,CHARC,2.34,0.0,0.0,0.0,0.0,0.0
3703026,IN,IN,CONST,BIOGA,1.55,0.0,0.0,0.0,0.0,0.0
3703027,IN,IN,CONST,BIODI,0.29,0.0,0.0,0.0,0.0,0.0
3694717,IN,IN,PADDY,LEATH,0.05,0.0,0.0,0.0,0.0,0.0
3703105,IN,IN,SALEM,PIGS9,0.04,0.0,0.0,0.0,0.0,0.0
3703104,IN,IN,SALEM,CATTL,0.45,0.0,0.0,0.0,0.0,0.0
3703103,IN,IN,SALEM,CROPS,0.37,0.0,0.0,0.0,0.0,0.0
3703102,IN,IN,SALEM,PLANT,0.01,0.0,0.0,0.0,0.0,0.0
3703101,IN,IN,SALEM,SUGAR,0.13,0.0,0.0,0.0,0.0,0.0
3703100,IN,IN,SALEM,OILSE,0.47,0.0,0.0,0.0,0.0,0.0
3703099,IN,IN,SALEM,VEGET,0.17,0.0,0.0,0.0,0.0,0.0
3703098,IN,IN,SALEM,CEREA,0.4,0.0,0.0,0.0,0.0,0.0
3703097,IN,IN,SALEM,WHEAT,0.63,0.0,0.0,0.0,0.0,0.0
3703076,IN,IN,CONST,INLAN,0.83,0.0,0.0,0.0,0.0,0.0
3703030,IN,IN,CONST,CERAM,1.07,0.0,0.0,0.0,0.0,0.0
3703068,IN,IN,CONST,RETAI,1.36,0.0,0.0,0.0,0.0,0.0
3694718,IN,IN,PADDY,WOODW,0.54,0.0,0.0,0.0,0.0,0.0
3703063,IN,IN,CONST,BIOG1,0.01,0.0,0.0,0.0,0.0,0.0
3703062,IN,IN,CONST,BLAST,0.05,0.0,0.0,0.0,0.0,0.0
3703061,IN,IN,CONST,COKE1,0.03,0.0,0.0,0.0,0.0,0.0
3703057,IN,IN,CONST,ELEC7,0.04,0.0,0.0,0.0,0.0,0.0
3703056,IN,IN,CONST,ELEC6,0.19,0.0,0.0,0.0,0.0,0.0
3703032,IN,IN,CONST,CEMEN,2.2,0.0,0.0,0.0,0.0,0.0
3703031,IN,IN,CONST,BRICK,0.33,0.0,0.0,0.0,0.0,0.0
3702980,IN,IN,CONST,PRECI,0.01,0.0,0.0,0.0,0.0,0.0
3702975,IN,IN,CONST,BKBPE,0.06,0.0,0.0,0.0,0.0,0.0
3703112,IN,IN,SALEM,BKBPE,0.13,0.0,0.0,0.0,0.0,0.0
3702974,IN,IN,CONST,LIGNI,0.27,0.0,0.0,0.0,0.0,0.0
3702901,IN,IN,COLLE,NONF1,4.25,0.0,0.0,0.0,0.0,0.0
3702899,IN,IN,COLLE,LEAD1,2.18,0.0,0.0,0.0,0.0,0.0
3702896,IN,IN,COLLE,BASIC,3.9,0.0,0.0,0.0,0.0,0.0
3702894,IN,IN,COLLE,CEMEN,0.37,0.0,0.0,0.0,0.0,0.0
3702889,IN,IN,COLLE,BIODI,0.16,0.0,0.0,0.0,0.0,0.0
3702888,IN,IN,COLLE,BIOGA,1.93,0.0,0.0,0.0,0.0,0.0
3702887,IN,IN,COLLE,CHARC,1.28,0.0,0.0,0.0,0.0,0.0
3702883,IN,IN,COLLE,PLAST,0.66,0.0,0.0,0.0,0.0,0.0
3702882,IN,IN,COLLE,NONSP,1.86,0.0,0.0,0.0,0.0,0.0
3702881,IN,IN,COLLE,PETRO,0.84,0.0,0.0,0.0,0.0,0.0
3702880,IN,IN,COLLE,PARAF,0.14,0.0,0.0,0.0,0.0,0.0
3702879,IN,IN,COLLE,BITU1,1.15,0.0,0.0,0.0,0.0,0.0
3702878,IN,IN,COLLE,LUBRI,0.8,0.0,0.0,0.0,0.0,0.0
3702876,IN,IN,COLLE,REFI1,0.11,0.0,0.0,0.0,0.0,0.0
3702874,IN,IN,COLLE,REFIN,0.4,0.0,0.0,0.0,0.0,0.0
3702873,IN,IN,COLLE,HEAVY,4.95,0.0,0.0,0.0,0.0,0.0
3702871,IN,IN,COLLE,KERO1,2.16,0.0,0.0,0.0,0.0,0.0
3702869,IN,IN,COLLE,AVIAT,0.09,0.0,0.0,0.0,0.0,0.0
3702867,IN,IN,COLLE,COKEO,1.74,0.0,0.0,0.0,0.0,0.0
3702864,IN,IN,COLLE,PULP5,0.18,0.0,0.0,0.0,0.0,0.0
3702862,IN,IN,COLLE,LEATH,2.68,0.0,0.0,0.0,0.0,0.0
3702902,IN,IN,COLLE,FOUND,1.97,0.0,0.0,0.0,0.0,0.0
3702905,IN,IN,COLLE,OFFIC,1.12,0.0,0.0,0.0,0.0,0.0
3702908,IN,IN,COLLE,MEDIC,2.62,0.0,0.0,0.0,0.0,0.0
3702937,IN,IN,COLLE,SEACO,4.26,0.0,0.0,0.0,0.0,0.0
3702972,IN,IN,CONST,COKIN,1.11,0.0,0.0,0.0,0.0,0.0
3702970,IN,IN,CONST,WOOLS,0.03,0.0,0.0,0.0,0.0,0.0
3702969,IN,IN,CONST,RAWMI,0.26,0.0,0.0,0.0,0.0,0.0
3702968,IN,IN,CONST,ANIMA,0.21,0.0,0.0,0.0,0.0,0.0
3702967,IN,IN,CONST,MEATA,0.21,0.0,0.0,0.0,0.0,0.0
3702966,IN,IN,CONST,POULT,0.06,0.0,0.0,0.0,0.0,0.0
3702963,IN,IN,CONST,SUGAR,1.85,0.0,0.0,0.0,0.0,0.0
3702960,IN,IN,CONST,CEREA,1.84,0.0,0.0,0.0,0.0,0.0
3702938,IN,IN,COLLE,INLAN,0.71,0.0,0.0,0.0,0.0,0.0
3702931,IN,IN,COLLE,RETAI,0.21,0.0,0.0,0.0,0.0,0.0
3702912,IN,IN,COLLE,SECO9,3.94,0.0,0.0,0.0,0.0,0.0
3702927,IN,IN,COLLE,DIST1,4.16,0.0,0.0,0.0,0.0,0.0
3702926,IN,IN,COLLE,BIOG1,0.34,0.0,0.0,0.0,0.0,0.0
3702925,IN,IN,COLLE,GASWO,0.08,0.0,0.0,0.0,0.0,0.0
3702924,IN,IN,COLLE,BLAST,0.78,0.0,0.0,0.0,0.0,0.0
3702923,IN,IN,COLLE,COKE1,0.76,0.0,0.0,0.0,0.0,0.0
3702919,IN,IN,COLLE,ELEC7,0.01,0.0,0.0,0.0,0.0,0.0
3702918,IN,IN,COLLE,ELEC6,0.05,0.0,0.0,0.0,0.0,0.0
3702915,IN,IN,COLLE,ELEC3,3.99,0.0,0.0,0.0,0.0,0.0
3702914,IN,IN,COLLE,ELEC2,3.69,0.0,0.0,0.0,0.0,0.0
3703111,IN,IN,SALEM,LIGNI,0.53,0.0,0.0,0.0,0.0,0.0
3703116,IN,IN,SALEM,MEATC,0.03,0.0,0.0,0.0,0.0,0.0
3703297,IN,IN,RETAI,MEMBE,2.24,0.0,0.0,0.0,0.0,0.0
3703213,IN,IN,RETAI,WOOLS,0.24,0.0,0.0,0.0,0.0,0.0
3703242,IN,IN,RETAI,RUBBE,1.87,0.0,0.0,0.0,0.0,0.0
3703241,IN,IN,RETAI,BIOGA,0.05,0.0,0.0,0.0,0.0,0.0
3703239,IN,IN,RETAI,PFERT,0.74,0.0,0.0,0.0,0.0,0.0
3703238,IN,IN,RETAI,NFERT,0.17,0.0,0.0,0.0,0.0,0.0
3703237,IN,IN,RETAI,PLAST,0.03,0.0,0.0,0.0,0.0,0.0
3703236,IN,IN,RETAI,GASDI,0.01,0.0,0.0,0.0,0.0,0.0
3703235,IN,IN,RETAI,MOTOR,0.01,0.0,0.0,0.0,0.0,0.0
3703234,IN,IN,RETAI,COKEO,1.87,0.0,0.0,0.0,0.0,0.0
3703231,IN,IN,RETAI,PULP5,0.06,0.0,0.0,0.0,0.0,0.0
3703229,IN,IN,RETAI,LEATH,3.41,0.0,0.0,0.0,0.0,0.0
3703226,IN,IN,RETAI,TOBAC,0.14,0.0,0.0,0.0,0.0,0.0
3703225,IN,IN,RETAI,FISH5,0.02,0.0,0.0,0.0,0.0,0.0
3703224,IN,IN,RETAI,BEVER,0.97,0.0,0.0,0.0,0.0,0.0
3703223,IN,IN,RETAI,FOOD5,0.32,0.0,0.0,0.0,0.0,0.0
3703222,IN,IN,RETAI,SUGA1,0.02,0.0,0.0,0.0,0.0,0.0
3703221,IN,IN,RETAI,PROCE,0.61,0.0,0.0,0.0,0.0,0.0
3703220,IN,IN,RETAI,VEGE1,0.03,0.0,0.0,0.0,0.0,0.0
3703219,IN,IN,RETAI,NATU1,0.03,0.0,0.0,0.0,0.0,0.0
3703218,IN,IN,RETAI,NATUR,0.2,0.0,0.0,0.0,0.0,0.0
3703217,IN,IN,RETAI,CRUDE,2.45,0.0,0.0,0.0,0.0,0.0
3703216,IN,IN,RETAI,BITUM,0.91,0.0,0.0,0.0,0.0,0.0
3703245,IN,IN,RETAI,BRICK,0.5,0.0,0.0,0.0,0.0,0.0
3703251,IN,IN,RETAI,LEAD1,0.45,0.0,0.0,0.0,0.0,0.0
3703253,IN,IN,RETAI,NONF1,0.38,0.0,0.0,0.0,0.0,0.0
3703275,IN,IN,RETAI,SALEM,3.88,0.0,0.0,0.0,0.0,0.0
3703292,IN,IN,RETAI,PUBLI,0.33,0.0,0.0,0.0,0.0,0.0
3703289,IN,IN,RETAI,AUXIL,0.2,0.0,0.0,0.0,0.0,0.0
3703285,IN,IN,RETAI,AIRTR,1.45,0.0,0.0,0.0,0.0,0.0
3703284,IN,IN,RETAI,INLAN,0.02,0.0,0.0,0.0,0.0,0.0
3703283,IN,IN,RETAI,SEACO,0.18,0.0,0.0,0.0,0.0,0.0
3703282,IN,IN,RETAI,TRAN2,0.72,0.0,0.0,0.0,0.0,0.0
3703278,IN,IN,RETAI,RETA1,0.01,0.0,0.0,0.0,0.0,0.0
3703277,IN,IN,RETAI,WHOLE,0.01,0.0,0.0,0.0,0.0,0.0
3703276,IN,IN,RETAI,RETAI,0.1,0.0,0.0,0.0,0.0,0.0
3703272,IN,IN,RETAI,DIST1,0.1,0.0,0.0,0.0,0.0,0.0
3703254,IN,IN,RETAI,FOUND,1.08,0.0,0.0,0.0,0.0,0.0
3703271,IN,IN,RETAI,DISTR,0.71,0.0,0.0,0.0,0.0,0.0
3703270,IN,IN,RETAI,TRAN1,0.22,0.0,0.0,0.0,0.0,0.0
3703269,IN,IN,RETAI,ELEC5,0.12,0.0,0.0,0.0,0.0,0.0
3703268,IN,IN,RETAI,ELEC4,0.4,0.0,0.0,0.0,0.0,0.0
3703267,IN,IN,RETAI,ELEC3,0.01,0.0,0.0,0.0,0.0,0.0
3703266,IN,IN,RETAI,ELEC2,0.04,0.0,0.0,0.0,0.0,0.0
3703265,IN,IN,RETAI,ELEC1,0.67,0.0,0.0,0.0,0.0,0.0
3703260,IN,IN,RETAI,MEDIC,0.58,0.0,0.0,0.0,0.0,0.0
3703259,IN,IN,RETAI,RADIO,0.16,0.0,0.0,0.0,0.0,0.0
3703215,IN,IN,RETAI,COKIN,0.02,0.0,0.0,0.0,0.0,0.0
3703211,IN,IN,RETAI,POULT,1.22,0.0,0.0,0.0,0.0,0.0
3703117,IN,IN,SALEM,MEATP,0.01,0.0,0.0,0.0,0.0,0.0
3703210,IN,IN,RETAI,PIGS9,0.14,0.0,0.0,0.0,0.0,0.0
3703148,IN,IN,SALEM,PFERT,0.33,0.0,0.0,0.0,0.0,0.0
3703147,IN,IN,SALEM,NFERT,0.05,0.0,0.0,0.0,0.0,0.0
3703146,IN,IN,SALEM,PLAST,0.18,0.0,0.0,0.0,0.0,0.0
3703145,IN,IN,SALEM,NONSP,0.01,0.0,0.0,0.0,0.0,0.0
3703144,IN,IN,SALEM,PETRO,0.01,0.0,0.0,0.0,0.0,0.0
3703143,IN,IN,SALEM,BITU1,0.01,0.0,0.0,0.0,0.0,0.0
3703142,IN,IN,SALEM,NAPHT,0.1,0.0,0.0,0.0,0.0,0.0
3703141,IN,IN,SALEM,LIQUE,0.16,0.0,0.0,0.0,0.0,0.0
3703140,IN,IN,SALEM,REFIN,0.01,0.0,0.0,0.0,0.0,0.0
3703139,IN,IN,SALEM,HEAVY,0.04,0.0,0.0,0.0,0.0,0.0
3703138,IN,IN,SALEM,GASDI,0.6,0.0,0.0,0.0,0.0,0.0
3703137,IN,IN,SALEM,KERO1,0.02,0.0,0.0,0.0,0.0,0.0
3703136,IN,IN,SALEM,KEROS,0.12,0.0,0.0,0.0,0.0,0.0
3703135,IN,IN,SALEM,MOTOR,0.27,0.0,0.0,0.0,0.0,0.0
3703134,IN,IN,SALEM,COKEO,0.5,0.0,0.0,0.0,0.0,0.0
3703131,IN,IN,SALEM,PULP5,0.05,0.0,0.0,0.0,0.0,0.0
3703125,IN,IN,SALEM,FISH5,0.11,0.0,0.0,0.0,0.0,0.0
3703123,IN,IN,SALEM,FOOD5,0.32,0.0,0.0,0.0,0.0,0.0
3703122,IN,IN,SALEM,SUGA1,1.09,0.0,0.0,0.0,0.0,0.0
3703120,IN,IN,SALEM,DAIRY,0.02,0.0,0.0,0.0,0.0,0.0
3703118,IN,IN,SALEM,MEAT4,0.01,0.0,0.0,0.0,0.0,0.0
3703150,IN,IN,SALEM,CHARC,0.04,0.0,0.0,0.0,0.0,0.0
3703151,IN,IN,SALEM,BIOGA,0.84,0.0,0.0,0.0,0.0,0.0
3703152,IN,IN,SALEM,BIODI,0.01,0.0,0.0,0.0,0.0,0.0
3703185,IN,IN,SALEM,RETA1,0.01,0.0,0.0,0.0,0.0,0.0
3703209,IN,IN,RETAI,CATTL,2.82,0.0,0.0,0.0,0.0,0.0
3703208,IN,IN,RETAI,CROPS,0.34,0.0,0.0,0.0,0.0,0.0
3703207,IN,IN,RETAI,PLANT,0.06,0.0,0.0,0.0,0.0,0.0
3703206,IN,IN,RETAI,SUGAR,0.08,0.0,0.0,0.0,0.0,0.0
3703204,IN,IN,RETAI,VEGET,0.54,0.0,0.0,0.0,0.0,0.0
3703203,IN,IN,RETAI,CEREA,0.96,0.0,0.0,0.0,0.0,0.0
3703202,IN,IN,RETAI,WHEAT,0.27,0.0,0.0,0.0,0.0,0.0
3703191,IN,IN,SALEM,REALE,0.01,0.0,0.0,0.0,0.0,0.0
3694716,IN,IN,PADDY,WEARI,0.06,0.0,0.0,0.0,0.0,0.0
3703184,IN,IN,SALEM,WHOLE,0.01,0.0,0.0,0.0,0.0,0.0
3703156,IN,IN,SALEM,BRICK,1.99,0.0,0.0,0.0,0.0,0.0
3703179,IN,IN,SALEM,DIST1,1.05,0.0,0.0,0.0,0.0,0.0
3703178,IN,IN,SALEM,BLAST,0.01,0.0,0.0,0.0,0.0,0.0
3703177,IN,IN,SALEM,ELEC2,0.02,0.0,0.0,0.0,0.0,0.0
3703176,IN,IN,SALEM,ELEC1,0.05,0.0,0.0,0.0,0.0,0.0
3703170,IN,IN,SALEM,RADIO,0.53,0.0,0.0,0.0,0.0,0.0
3703168,IN,IN,SALEM,OFFIC,0.23,0.0,0.0,0.0,0.0,0.0
3703165,IN,IN,SALEM,FOUND,1.86,0.0,0.0,0.0,0.0,0.0
3703163,IN,IN,SALEM,COPP1,0.7,0.0,0.0,0.0,0.0,0.0
3703161,IN,IN,SALEM,ALUM1,0.44,0.0,0.0,0.0,0.0,0.0
3703983,IN,IN,TRAN2,PROCE,0.24,0.0,0.0,0.0,0.0,0.0
3703987,IN,IN,TRAN2,FISH5,0.18,0.0,0.0,0.0,0.0,0.0
3704827,IN,IN,AUXIL,MEATP,0.41,0.0,0.0,0.0,0.0,0.0
3704543,IN,IN,FINAN,POULT,6.0,0.0,0.0,0.0,0.0,0.0
3704541,IN,IN,FINAN,CATTL,2.43,0.0,0.0,0.0,0.0,0.0
3704513,IN,IN,POSTT,INLAN,0.59,0.0,0.0,0.0,0.0,0.0
3704509,IN,IN,POSTT,RAILW,0.89,0.0,0.0,0.0,0.0,0.0
3704505,IN,IN,POSTT,RETAI,4.17,0.0,0.0,0.0,0.0,0.0
3704500,IN,IN,POSTT,BIOG1,3.59,0.0,0.0,0.0,0.0,0.0
3704499,IN,IN,POSTT,GASWO,0.87,0.0,0.0,0.0,0.0,0.0
3704494,IN,IN,POSTT,ELEC8,3.99,0.0,0.0,0.0,0.0,0.0
3704493,IN,IN,POSTT,ELEC7,0.02,0.0,0.0,0.0,0.0,0.0
3704492,IN,IN,POSTT,ELEC6,0.09,0.0,0.0,0.0,0.0,0.0
3704486,IN,IN,POSTT,SECO9,2.25,0.0,0.0,0.0,0.0,0.0
3704475,IN,IN,POSTT,NONF1,1.13,0.0,0.0,0.0,0.0,0.0
3704474,IN,IN,POSTT,COPP1,1.08,0.0,0.0,0.0,0.0,0.0
3704473,IN,IN,POSTT,LEAD1,0.81,0.0,0.0,0.0,0.0,0.0
3704469,IN,IN,POSTT,NONME,4.17,0.0,0.0,0.0,0.0,0.0
3704467,IN,IN,POSTT,BRICK,3.52,0.0,0.0,0.0,0.0,0.0
3704463,IN,IN,POSTT,BIODI,0.29,0.0,0.0,0.0,0.0,0.0
3704462,IN,IN,POSTT,BIOGA,1.95,0.0,0.0,0.0,0.0,0.0
3704461,IN,IN,POSTT,CHARC,2.4,0.0,0.0,0.0,0.0,0.0
3704456,IN,IN,POSTT,NONSP,1.38,0.0,0.0,0.0,0.0,0.0
3704455,IN,IN,POSTT,PETRO,0.86,0.0,0.0,0.0,0.0,0.0
3704454,IN,IN,POSTT,PARAF,0.21,0.0,0.0,0.0,0.0,0.0
3704542,IN,IN,FINAN,PIGS9,0.21,0.0,0.0,0.0,0.0,0.0
3704545,IN,IN,FINAN,ANIMA,4.64,0.0,0.0,0.0,0.0,0.0
3703988,IN,IN,TRAN2,TOBAC,2.32,0.0,0.0,0.0,0.0,0.0
3704546,IN,IN,FINAN,RAWMI,0.53,0.0,0.0,0.0,0.0,0.0
3704592,IN,IN,FINAN,REFI1,0.61,0.0,0.0,0.0,0.0,0.0
3704590,IN,IN,FINAN,REFIN,2.51,0.0,0.0,0.0,0.0,0.0
3704585,IN,IN,FINAN,AVIAT,0.46,0.0,0.0,0.0,0.0,0.0
3704583,IN,IN,FINAN,COKEO,5.88,0.0,0.0,0.0,0.0,0.0
3704580,IN,IN,FINAN,PULP5,2.53,0.0,0.0,0.0,0.0,0.0
3704575,IN,IN,FINAN,TOBAC,1.31,0.0,0.0,0.0,0.0,0.0
3704571,IN,IN,FINAN,SUGA1,4.07,0.0,0.0,0.0,0.0,0.0
3704569,IN,IN,FINAN,DAIRY,1.35,0.0,0.0,0.0,0.0,0.0
3704566,IN,IN,FINAN,MEAT1,3.1,0.0,0.0,0.0,0.0,0.0
3704565,IN,IN,FINAN,MEATP,0.61,0.0,0.0,0.0,0.0,0.0
3704563,IN,IN,FINAN,CHEMI,0.05,0.0,0.0,0.0,0.0,0.0
3704562,IN,IN,FINAN,SANDC,0.16,0.0,0.0,0.0,0.0,0.0
3704561,IN,IN,FINAN,STONE,0.09,0.0,0.0,0.0,0.0,0.0
3704560,IN,IN,FINAN,NONFE,0.01,0.0,0.0,0.0,0.0,0.0
3704559,IN,IN,FINAN,LEADZ,0.01,0.0,0.0,0.0,0.0,0.0
3704558,IN,IN,FINAN,PRECI,0.02,0.0,0.0,0.0,0.0,0.0
3704557,IN,IN,FINAN,COPPE,0.01,0.0,0.0,0.0,0.0,0.0
3704556,IN,IN,FINAN,NATU1,4.64,0.0,0.0,0.0,0.0,0.0
3704553,IN,IN,FINAN,BKBPE,0.63,0.0,0.0,0.0,0.0,0.0
3704552,IN,IN,FINAN,LIGNI,2.63,0.0,0.0,0.0,0.0,0.0
3704547,IN,IN,FINAN,WOOLS,1.37,0.0,0.0,0.0,0.0,0.0
3704453,IN,IN,POSTT,BITU1,0.86,0.0,0.0,0.0,0.0,0.0
3704452,IN,IN,POSTT,LUBRI,0.58,0.0,0.0,0.0,0.0,0.0
3704450,IN,IN,POSTT,REFI1,0.08,0.0,0.0,0.0,0.0,0.0
3704448,IN,IN,POSTT,REFIN,0.39,0.0,0.0,0.0,0.0,0.0
3704365,IN,IN,SUPPO,ELEC7,0.04,0.0,0.0,0.0,0.0,0.0
3704364,IN,IN,SUPPO,ELEC6,0.19,0.0,0.0,0.0,0.0,0.0
3704361,IN,IN,SUPPO,ELEC3,0.53,0.0,0.0,0.0,0.0,0.0
3704358,IN,IN,SUPPO,SECO9,2.68,0.0,0.0,0.0,0.0,0.0
3704335,IN,IN,SUPPO,BIODI,0.18,0.0,0.0,0.0,0.0,0.0
3704333,IN,IN,SUPPO,CHARC,1.16,0.0,0.0,0.0,0.0,0.0
3704329,IN,IN,SUPPO,PLAST,3.31,0.0,0.0,0.0,0.0,0.0
3704327,IN,IN,SUPPO,PETRO,2.77,0.0,0.0,0.0,0.0,0.0
3704326,IN,IN,SUPPO,PARAF,0.28,0.0,0.0,0.0,0.0,0.0
3704324,IN,IN,SUPPO,LUBRI,2.6,0.0,0.0,0.0,0.0,0.0
3704322,IN,IN,SUPPO,REFI1,0.47,0.0,0.0,0.0,0.0,0.0
3704320,IN,IN,SUPPO,REFIN,1.36,0.0,0.0,0.0,0.0,0.0
3704315,IN,IN,SUPPO,AVIAT,0.35,0.0,0.0,0.0,0.0,0.0
3704310,IN,IN,SUPPO,PULP5,0.98,0.0,0.0,0.0,0.0,0.0
3704301,IN,IN,SUPPO,SUGA1,2.36,0.0,0.0,0.0,0.0,0.0
3704299,IN,IN,SUPPO,DAIRY,0.27,0.0,0.0,0.0,0.0,0.0
3704297,IN,IN,SUPPO,MEAT4,2.46,0.0,0.0,0.0,0.0,0.0
3704296,IN,IN,SUPPO,MEAT1,0.93,0.0,0.0,0.0,0.0,0.0
3704295,IN,IN,SUPPO,MEATP,0.05,0.0,0.0,0.0,0.0,0.0
3704294,IN,IN,SUPPO,MEATC,0.81,0.0,0.0,0.0,0.0,0.0
3704293,IN,IN,SUPPO,LEADZ,0.01,0.0,0.0,0.0,0.0,0.0
3704368,IN,IN,SUPPO,COKE1,2.53,0.0,0.0,0.0,0.0,0.0
3704369,IN,IN,SUPPO,BLAST,2.62,0.0,0.0,0.0,0.0,0.0
3704370,IN,IN,SUPPO,GASWO,0.27,0.0,0.0,0.0,0.0,0.0
3704424,IN,IN,POSTT,MEAT1,0.14,0.0,0.0,0.0,0.0,0.0
3704447,IN,IN,POSTT,HEAVY,3.72,0.0,0.0,0.0,0.0,0.0
3704445,IN,IN,POSTT,KERO1,1.62,0.0,0.0,0.0,0.0,0.0
3704443,IN,IN,POSTT,AVIAT,0.06,0.0,0.0,0.0,0.0,0.0
3704441,IN,IN,POSTT,COKEO,1.2,0.0,0.0,0.0,0.0,0.0
3704438,IN,IN,POSTT,PULP5,0.34,0.0,0.0,0.0,0.0,0.0
3704431,IN,IN,POSTT,BEVER,2.66,0.0,0.0,0.0,0.0,0.0
3704429,IN,IN,POSTT,SUGA1,0.32,0.0,0.0,0.0,0.0,0.0
3704426,IN,IN,POSTT,VEGE1,1.58,0.0,0.0,0.0,0.0,0.0
3704425,IN,IN,POSTT,MEAT4,2.37,0.0,0.0,0.0,0.0,0.0
3704423,IN,IN,POSTT,MEATP,0.03,0.0,0.0,0.0,0.0,0.0
3704371,IN,IN,SUPPO,BIOG1,1.13,0.0,0.0,0.0,0.0,0.0
3704422,IN,IN,POSTT,MEATC,1.42,0.0,0.0,0.0,0.0,0.0
3704421,IN,IN,POSTT,CHEMI,0.01,0.0,0.0,0.0,0.0,0.0
3704420,IN,IN,POSTT,NATU1,0.58,0.0,0.0,0.0,0.0,0.0
3704419,IN,IN,POSTT,NATUR,3.53,0.0,0.0,0.0,0.0,0.0
3704417,IN,IN,POSTT,BKBPE,0.05,0.0,0.0,0.0,0.0,0.0
3704416,IN,IN,POSTT,LIGNI,0.21,0.0,0.0,0.0,0.0,0.0
3704414,IN,IN,POSTT,COKIN,0.87,0.0,0.0,0.0,0.0,0.0
3704409,IN,IN,POSTT,SUGAR,0.79,0.0,0.0,0.0,0.0,0.0
3704407,IN,IN,POSTT,VEGET,0.06,0.0,0.0,0.0,0.0,0.0
3704594,IN,IN,FINAN,LUBRI,3.53,0.0,0.0,0.0,0.0,0.0
3704595,IN,IN,FINAN,BITU1,6.14,0.0,0.0,0.0,0.0,0.0
3704596,IN,IN,FINAN,PARAF,1.16,0.0,0.0,0.0,0.0,0.0
3704722,IN,IN,INSUR,NONSP,0.61,0.0,0.0,0.0,0.0,0.0
3704764,IN,IN,INSUR,GASWO,0.04,0.0,0.0,0.0,0.0,0.0
3704763,IN,IN,INSUR,BLAST,0.34,0.0,0.0,0.0,0.0,0.0
3704762,IN,IN,INSUR,COKE1,0.33,0.0,0.0,0.0,0.0,0.0
3704759,IN,IN,INSUR,ELEC8,3.31,0.0,0.0,0.0,0.0,0.0
3704758,IN,IN,INSUR,ELEC6,0.01,0.0,0.0,0.0,0.0,0.0
3704757,IN,IN,INSUR,ELEC5,5.71,0.0,0.0,0.0,0.0,0.0
3704755,IN,IN,INSUR,ELEC3,4.36,0.0,0.0,0.0,0.0,0.0
3704754,IN,IN,INSUR,ELEC2,0.79,0.0,0.0,0.0,0.0,0.0
3704752,IN,IN,INSUR,SECO9,1.23,0.0,0.0,0.0,0.0,0.0
3704748,IN,IN,INSUR,MEDIC,3.62,0.0,0.0,0.0,0.0,0.0
3704742,IN,IN,INSUR,FOUND,7.5,0.0,0.0,0.0,0.0,0.0
3704741,IN,IN,INSUR,NONF1,2.93,0.0,0.0,0.0,0.0,0.0
3704740,IN,IN,INSUR,COPP1,0.6,0.0,0.0,0.0,0.0,0.0
3704739,IN,IN,INSUR,LEAD1,0.07,0.0,0.0,0.0,0.0,0.0
3704738,IN,IN,INSUR,ALUM1,0.56,0.0,0.0,0.0,0.0,0.0
3704737,IN,IN,INSUR,PREC1,0.44,0.0,0.0,0.0,0.0,0.0
3704733,IN,IN,INSUR,BRICK,0.26,0.0,0.0,0.0,0.0,0.0
3704731,IN,IN,INSUR,GLASS,7.22,0.0,0.0,0.0,0.0,0.0
3704729,IN,IN,INSUR,BIODI,0.12,0.0,0.0,0.0,0.0,0.0
3704728,IN,IN,INSUR,BIOGA,0.67,0.0,0.0,0.0,0.0,0.0
3704727,IN,IN,INSUR,CHARC,0.95,0.0,0.0,0.0,0.0,0.0
3704765,IN,IN,INSUR,BIOG1,0.15,0.0,0.0,0.0,0.0,0.0
3704766,IN,IN,INSUR,DIST1,3.0,0.0,0.0,0.0,0.0,0.0
3704774,IN,IN,INSUR,RAILW,0.62,0.0,0.0,0.0,0.0,0.0
3704814,IN,IN,AUXIL,COKIN,3.85,0.0,0.0,0.0,0.0,0.0
3704825,IN,IN,AUXIL,CHEMI,0.07,0.0,0.0,0.0,0.0,0.0
3704824,IN,IN,AUXIL,SANDC,0.02,0.0,0.0,0.0,0.0,0.0
3704823,IN,IN,AUXIL,NONFE,0.01,0.0,0.0,0.0,0.0,0.0
3704822,IN,IN,AUXIL,LEADZ,0.01,0.0,0.0,0.0,0.0,0.0
3704821,IN,IN,AUXIL,PRECI,0.01,0.0,0.0,0.0,0.0,0.0
3704820,IN,IN,AUXIL,NATU1,0.14,0.0,0.0,0.0,0.0,0.0
3704819,IN,IN,AUXIL,NATUR,0.84,0.0,0.0,0.0,0.0,0.0
3704817,IN,IN,AUXIL,BKBPE,0.22,0.0,0.0,0.0,0.0,0.0
3704816,IN,IN,AUXIL,LIGNI,0.92,0.0,0.0,0.0,0.0,0.0
3704811,IN,IN,AUXIL,WOOLS,0.02,0.0,0.0,0.0,0.0,0.0
3704776,IN,IN,INSUR,TRAN2,8.21,0.0,0.0,0.0,0.0,0.0
3704810,IN,IN,AUXIL,RAWMI,0.01,0.0,0.0,0.0,0.0,0.0
3704809,IN,IN,AUXIL,ANIMA,0.28,0.0,0.0,0.0,0.0,0.0
3704808,IN,IN,AUXIL,MEATA,0.19,0.0,0.0,0.0,0.0,0.0
3704807,IN,IN,AUXIL,POULT,0.83,0.0,0.0,0.0,0.0,0.0
3704806,IN,IN,AUXIL,CATTL,0.03,0.0,0.0,0.0,0.0,0.0
3704804,IN,IN,AUXIL,PLANT,0.35,0.0,0.0,0.0,0.0,0.0
3704803,IN,IN,AUXIL,SUGAR,1.14,0.0,0.0,0.0,0.0,0.0
3704800,IN,IN,AUXIL,CEREA,6.32,0.0,0.0,0.0,0.0,0.0
3704778,IN,IN,INSUR,INLAN,1.6,0.0,0.0,0.0,0.0,0.0
3704724,IN,IN,INSUR,NFERT,2.27,0.0,0.0,0.0,0.0,0.0
3704721,IN,IN,INSUR,PETRO,0.36,0.0,0.0,0.0,0.0,0.0
3704597,IN,IN,FINAN,PETRO,5.43,0.0,0.0,0.0,0.0,0.0
3704720,IN,IN,INSUR,PARAF,0.08,0.0,0.0,0.0,0.0,0.0
3704686,IN,IN,INSUR,SANDC,0.02,0.0,0.0,0.0,0.0,0.0
3704685,IN,IN,INSUR,STONE,0.01,0.0,0.0,0.0,0.0,0.0
3704684,IN,IN,INSUR,PRECI,0.01,0.0,0.0,0.0,0.0,0.0
3704683,IN,IN,INSUR,COPPE,0.01,0.0,0.0,0.0,0.0,0.0
3704682,IN,IN,INSUR,NATU1,5.58,0.0,0.0,0.0,0.0,0.0
3704679,IN,IN,INSUR,BKBPE,0.03,0.0,0.0,0.0,0.0,0.0
3704678,IN,IN,INSUR,LIGNI,0.13,0.0,0.0,0.0,0.0,0.0
3704676,IN,IN,INSUR,COKIN,0.54,0.0,0.0,0.0,0.0,0.0
3704666,IN,IN,FINAN,PUBLI,0.01,0.0,0.0,0.0,0.0,0.0
3694704,IN,IN,PADDY,CATTL,0.01,0.0,0.0,0.0,0.0,0.0
3704655,IN,IN,FINAN,INLAN,3.34,0.0,0.0,0.0,0.0,0.0
3704642,IN,IN,FINAN,BIOG1,0.99,0.0,0.0,0.0,0.0,0.0
3704641,IN,IN,FINAN,GASWO,0.24,0.0,0.0,0.0,0.0,0.0
3704640,IN,IN,FINAN,BLAST,2.32,0.0,0.0,0.0,0.0,0.0
3704639,IN,IN,FINAN,COKE1,2.21,0.0,0.0,0.0,0.0,0.0
3704635,IN,IN,FINAN,ELEC7,0.09,0.0,0.0,0.0,0.0,0.0
3704634,IN,IN,FINAN,ELEC6,0.4,0.0,0.0,0.0,0.0,0.0
3704617,IN,IN,FINAN,NONF1,1.99,0.0,0.0,0.0,0.0,0.0
3704615,IN,IN,FINAN,LEAD1,2.16,0.0,0.0,0.0,0.0,0.0
3704609,IN,IN,FINAN,BRICK,3.1,0.0,0.0,0.0,0.0,0.0
3704605,IN,IN,FINAN,BIODI,1.54,0.0,0.0,0.0,0.0,0.0
3704687,IN,IN,INSUR,CHEMI,0.01,0.0,0.0,0.0,0.0,0.0
3704688,IN,IN,INSUR,MEATC,0.79,0.0,0.0,0.0,0.0,0.0
3704689,IN,IN,INSUR,MEATP,0.05,0.0,0.0,0.0,0.0,0.0
3704709,IN,IN,INSUR,AVIAT,0.03,0.0,0.0,0.0,0.0,0.0
3704719,IN,IN,INSUR,BITU1,0.38,0.0,0.0,0.0,0.0,0.0
3704718,IN,IN,INSUR,LUBRI,0.2,0.0,0.0,0.0,0.0,0.0
3704717,IN,IN,INSUR,NAPHT,4.47,0.0,0.0,0.0,0.0,0.0
3704716,IN,IN,INSUR,REFI1,0.04,0.0,0.0,0.0,0.0,0.0
3704715,IN,IN,INSUR,LIQUE,7.17,0.0,0.0,0.0,0.0,0.0
3704714,IN,IN,INSUR,REFIN,0.17,0.0,0.0,0.0,0.0,0.0
3704713,IN,IN,INSUR,HEAVY,1.64,0.0,0.0,0.0,0.0,0.0
3704711,IN,IN,INSUR,KERO1,0.72,0.0,0.0,0.0,0.0,0.0
3704710,IN,IN,INSUR,KEROS,4.85,0.0,0.0,0.0,0.0,0.0
3704707,IN,IN,INSUR,COKEO,0.23,0.0,0.0,0.0,0.0,0.0
3704690,IN,IN,INSUR,MEAT1,0.26,0.0,0.0,0.0,0.0,0.0
3704704,IN,IN,INSUR,PULP5,0.35,0.0,0.0,0.0,0.0,0.0
3704702,IN,IN,INSUR,LEATH,6.35,0.0,0.0,0.0,0.0,0.0
3704699,IN,IN,INSUR,TOBAC,3.14,0.0,0.0,0.0,0.0,0.0
3704698,IN,IN,INSUR,FISH5,8.68,0.0,0.0,0.0,0.0,0.0
3704697,IN,IN,INSUR,BEVER,4.36,0.0,0.0,0.0,0.0,0.0
3704695,IN,IN,INSUR,SUGA1,0.1,0.0,0.0,0.0,0.0,0.0
3704693,IN,IN,INSUR,DAIRY,0.08,0.0,0.0,0.0,0.0,0.0
3704692,IN,IN,INSUR,VEGE1,0.31,0.0,0.0,0.0,0.0,0.0
3704691,IN,IN,INSUR,MEAT4,4.79,0.0,0.0,0.0,0.0,0.0
3704292,IN,IN,SUPPO,PRECI,0.01,0.0,0.0,0.0,0.0,0.0
3704288,IN,IN,SUPPO,BKBPE,0.21,0.0,0.0,0.0,0.0,0.0
3704287,IN,IN,SUPPO,LIGNI,0.89,0.0,0.0,0.0,0.0,0.0
3704072,IN,IN,SEACO,PFERT,0.01,0.0,0.0,0.0,0.0,0.0
3704096,IN,IN,SEACO,HOTEL,0.56,0.0,0.0,0.0,0.0,0.0
3704095,IN,IN,SEACO,RETA1,3.93,0.0,0.0,0.0,0.0,0.0
3704093,IN,IN,SEACO,SALEM,0.66,0.0,0.0,0.0,0.0,0.0
3704092,IN,IN,SEACO,CONST,7.07,0.0,0.0,0.0,0.0,0.0
3704091,IN,IN,SEACO,COLLE,0.09,0.0,0.0,0.0,0.0,0.0
3704090,IN,IN,SEACO,ELEC1,0.01,0.0,0.0,0.0,0.0,0.0
3704089,IN,IN,SEACO,SECO9,0.04,0.0,0.0,0.0,0.0,0.0
3704087,IN,IN,SEACO,TRANS,2.3,0.0,0.0,0.0,0.0,0.0
3704086,IN,IN,SEACO,MOTO1,4.77,0.0,0.0,0.0,0.0,0.0
3704085,IN,IN,SEACO,MEDIC,0.01,0.0,0.0,0.0,0.0,0.0
3704084,IN,IN,SEACO,OFFIC,0.01,0.0,0.0,0.0,0.0,0.0
3704083,IN,IN,SEACO,MACHI,0.01,0.0,0.0,0.0,0.0,0.0
3704082,IN,IN,SEACO,FABRI,0.03,0.0,0.0,0.0,0.0,0.0
3701924,IN,IN,ELEC5,OILSE,0.04,0.0,0.0,0.0,0.0,0.0
3704080,IN,IN,SEACO,COPP1,0.01,0.0,0.0,0.0,0.0,0.0
3704079,IN,IN,SEACO,PREC1,0.01,0.0,0.0,0.0,0.0,0.0
3704078,IN,IN,SEACO,BASIC,0.04,0.0,0.0,0.0,0.0,0.0
3704077,IN,IN,SEACO,NONME,0.16,0.0,0.0,0.0,0.0,0.0
3704076,IN,IN,SEACO,CERAM,0.01,0.0,0.0,0.0,0.0,0.0
3704075,IN,IN,SEACO,GLASS,0.2,0.0,0.0,0.0,0.0,0.0
3704074,IN,IN,SEACO,RUBBE,0.46,0.0,0.0,0.0,0.0,0.0
3704097,IN,IN,SEACO,LANDT,0.01,0.0,0.0,0.0,0.0,0.0
3704100,IN,IN,SEACO,POSTT,5.38,0.0,0.0,0.0,0.0,0.0
3704101,IN,IN,SEACO,AUXIL,0.18,0.0,0.0,0.0,0.0,0.0
3704113,IN,IN,INLAN,WOODW,0.16,0.0,0.0,0.0,0.0,0.0
3704123,IN,IN,INLAN,WHOLE,4.73,0.0,0.0,0.0,0.0,0.0
3704122,IN,IN,INLAN,SALEM,0.01,0.0,0.0,0.0,0.0,0.0
3704121,IN,IN,INLAN,CONST,0.16,0.0,0.0,0.0,0.0,0.0
3704120,IN,IN,INLAN,COLLE,0.09,0.0,0.0,0.0,0.0,0.0
3704118,IN,IN,INLAN,SECO9,6.94,0.0,0.0,0.0,0.0,0.0
3704117,IN,IN,INLAN,FURNI,0.11,0.0,0.0,0.0,0.0,0.0
3704116,IN,IN,INLAN,TRANS,0.02,0.0,0.0,0.0,0.0,0.0
3704115,IN,IN,INLAN,MOTO1,0.04,0.0,0.0,0.0,0.0,0.0
3704114,IN,IN,INLAN,PRINT,0.01,0.0,0.0,0.0,0.0,0.0
3704112,IN,IN,SEACO,93197,0.43,0.0,0.0,0.0,0.0,0.0
3704102,IN,IN,SEACO,REALE,0.18,0.0,0.0,0.0,0.0,0.0
3704111,IN,IN,SEACO,RECRE,0.6,0.0,0.0,0.0,0.0,0.0
3704110,IN,IN,SEACO,MEMBE,0.5,0.0,0.0,0.0,0.0,0.0
3704109,IN,IN,SEACO,WASTE,0.35,0.0,0.0,0.0,0.0,0.0
3704108,IN,IN,SEACO,FOOD3,0.35,0.0,0.0,0.0,0.0,0.0
3704107,IN,IN,SEACO,HEALT,0.3,0.0,0.0,0.0,0.0,0.0
3704106,IN,IN,SEACO,EDUCA,2.41,0.0,0.0,0.0,0.0,0.0
3704105,IN,IN,SEACO,PUBLI,5.36,0.0,0.0,0.0,0.0,0.0
3704104,IN,IN,SEACO,BUSIN,4.7,0.0,0.0,0.0,0.0,0.0
3704103,IN,IN,SEACO,RESEA,0.16,0.0,0.0,0.0,0.0,0.0
3704073,IN,IN,SEACO,CHEM1,0.09,0.0,0.0,0.0,0.0,0.0
3704071,IN,IN,SEACO,PRINT,0.91,0.0,0.0,0.0,0.0,0.0
3704125,IN,IN,INLAN,HOTEL,0.02,0.0,0.0,0.0,0.0,0.0
3704070,IN,IN,SEACO,PAPER,0.22,0.0,0.0,0.0,0.0,0.0
3704025,IN,IN,TRAN2,BASIC,3.25,0.0,0.0,0.0,0.0,0.0
3704023,IN,IN,TRAN2,CEMEN,0.89,0.0,0.0,0.0,0.0,0.0
3704018,IN,IN,TRAN2,BIODI,0.09,0.0,0.0,0.0,0.0,0.0
3704017,IN,IN,TRAN2,BIOGA,0.59,0.0,0.0,0.0,0.0,0.0
3704016,IN,IN,TRAN2,CHARC,0.74,0.0,0.0,0.0,0.0,0.0
3704013,IN,IN,TRAN2,NFERT,0.98,0.0,0.0,0.0,0.0,0.0
3704012,IN,IN,TRAN2,PLAST,0.28,0.0,0.0,0.0,0.0,0.0
3704011,IN,IN,TRAN2,NONSP,1.45,0.0,0.0,0.0,0.0,0.0
3704010,IN,IN,TRAN2,PETRO,0.61,0.0,0.0,0.0,0.0,0.0
3704009,IN,IN,TRAN2,PARAF,0.09,0.0,0.0,0.0,0.0,0.0
3704008,IN,IN,TRAN2,BITU1,0.9,0.0,0.0,0.0,0.0,0.0
3704007,IN,IN,TRAN2,LUBRI,0.31,0.0,0.0,0.0,0.0,0.0
3704005,IN,IN,TRAN2,REFI1,0.09,0.0,0.0,0.0,0.0,0.0
3704003,IN,IN,TRAN2,REFIN,0.29,0.0,0.0,0.0,0.0,0.0
3704002,IN,IN,TRAN2,HEAVY,3.86,0.0,0.0,0.0,0.0,0.0
3704000,IN,IN,TRAN2,KERO1,1.69,0.0,0.0,0.0,0.0,0.0
3703998,IN,IN,TRAN2,AVIAT,0.07,0.0,0.0,0.0,0.0,0.0
3703995,IN,IN,TRAN2,PRINT,4.07,0.0,0.0,0.0,0.0,0.0
3703994,IN,IN,TRAN2,PAPER,2.83,0.0,0.0,0.0,0.0,0.0
3703993,IN,IN,TRAN2,PULP5,0.03,0.0,0.0,0.0,0.0,0.0
3703991,IN,IN,TRAN2,LEATH,1.8,0.0,0.0,0.0,0.0,0.0
3704027,IN,IN,TRAN2,ALUM1,0.46,0.0,0.0,0.0,0.0,0.0
3704029,IN,IN,TRAN2,COPP1,0.69,0.0,0.0,0.0,0.0,0.0
3704031,IN,IN,TRAN2,FOUND,3.62,0.0,0.0,0.0,0.0,0.0
3704059,IN,IN,TRAN2,PUBLI,0.05,0.0,0.0,0.0,0.0,0.0
3704069,IN,IN,SEACO,PULP5,0.06,0.0,0.0,0.0,0.0,0.0
3704067,IN,IN,SEACO,WEARI,0.01,0.0,0.0,0.0,0.0,0.0
3704066,IN,IN,SEACO,TEXTI,0.01,0.0,0.0,0.0,0.0,0.0
3704065,IN,IN,SEACO,BEVER,0.02,0.0,0.0,0.0,0.0,0.0
3704064,IN,IN,SEACO,CRUDE,0.01,0.0,0.0,0.0,0.0,0.0
3704063,IN,IN,SEACO,BITUM,0.02,0.0,0.0,0.0,0.0,0.0
3704062,IN,IN,SEACO,PADDY,0.01,0.0,0.0,0.0,0.0,0.0
3704061,IN,IN,TRAN2,WASTE,0.2,0.0,0.0,0.0,0.0,0.0
3704060,IN,IN,TRAN2,FOOD3,0.2,0.0,0.0,0.0,0.0,0.0
3704057,IN,IN,TRAN2,REALE,0.02,0.0,0.0,0.0,0.0,0.0
3704034,IN,IN,TRAN2,OFFIC,0.27,0.0,0.0,0.0,0.0,0.0
3704055,IN,IN,TRAN2,RETA1,0.03,0.0,0.0,0.0,0.0,0.0
3704054,IN,IN,TRAN2,WHOLE,0.03,0.0,0.0,0.0,0.0,0.0
3704052,IN,IN,TRAN2,SALEM,0.01,0.0,0.0,0.0,0.0,0.0
3704051,IN,IN,TRAN2,CONST,0.21,0.0,0.0,0.0,0.0,0.0
3704047,IN,IN,TRAN2,GASWO,3.47,0.0,0.0,0.0,0.0,0.0
3704044,IN,IN,TRAN2,ELEC6,0.04,0.0,0.0,0.0,0.0,0.0
3704042,IN,IN,TRAN2,ELEC1,0.15,0.0,0.0,0.0,0.0,0.0
3704041,IN,IN,TRAN2,SECO9,0.02,0.0,0.0,0.0,0.0,0.0
3704036,IN,IN,TRAN2,RADIO,2.41,0.0,0.0,0.0,0.0,0.0
3704124,IN,IN,INLAN,RETA1,0.26,0.0,0.0,0.0,0.0,0.0
3704126,IN,IN,INLAN,SUPPO,1.26,0.0,0.0,0.0,0.0,0.0
3704285,IN,IN,SUPPO,COKIN,3.73,0.0,0.0,0.0,0.0,0.0
3704190,IN,IN,AIRTR,LUBRI,0.01,0.0,0.0,0.0,0.0,0.0
3704214,IN,IN,AIRTR,FABRI,1.29,0.0,0.0,0.0,0.0,0.0
3704213,IN,IN,AIRTR,FOUND,0.2,0.0,0.0,0.0,0.0,0.0
3704212,IN,IN,AIRTR,NONF1,1.65,0.0,0.0,0.0,0.0,0.0
3704211,IN,IN,AIRTR,COPP1,0.23,0.0,0.0,0.0,0.0,0.0
3704210,IN,IN,AIRTR,LEAD1,0.02,0.0,0.0,0.0,0.0,0.0
3704209,IN,IN,AIRTR,ALUM1,0.17,0.0,0.0,0.0,0.0,0.0
3704208,IN,IN,AIRTR,PREC1,0.31,0.0,0.0,0.0,0.0,0.0
3704207,IN,IN,AIRTR,BASIC,1.91,0.0,0.0,0.0,0.0,0.0
3704206,IN,IN,AIRTR,NONME,0.93,0.0,0.0,0.0,0.0,0.0
3704205,IN,IN,AIRTR,CEMEN,0.52,0.0,0.0,0.0,0.0,0.0
3704204,IN,IN,AIRTR,BRICK,0.07,0.0,0.0,0.0,0.0,0.0
3704203,IN,IN,AIRTR,CERAM,0.32,0.0,0.0,0.0,0.0,0.0
3704202,IN,IN,AIRTR,GLASS,0.76,0.0,0.0,0.0,0.0,0.0
3704200,IN,IN,AIRTR,BIODI,0.01,0.0,0.0,0.0,0.0,0.0
3704199,IN,IN,AIRTR,BIOGA,0.5,0.0,0.0,0.0,0.0,0.0
3704198,IN,IN,AIRTR,CHARC,0.04,0.0,0.0,0.0,0.0,0.0
3704196,IN,IN,AIRTR,PFERT,2.42,0.0,0.0,0.0,0.0,0.0
3704195,IN,IN,AIRTR,NFERT,1.2,0.0,0.0,0.0,0.0,0.0
3704194,IN,IN,AIRTR,PLAST,0.93,0.0,0.0,0.0,0.0,0.0
3704193,IN,IN,AIRTR,NONSP,0.05,0.0,0.0,0.0,0.0,0.0
3704192,IN,IN,AIRTR,PETRO,0.02,0.0,0.0,0.0,0.0,0.0
3704215,IN,IN,AIRTR,MACHI,3.66,0.0,0.0,0.0,0.0,0.0
3704217,IN,IN,AIRTR,ELECT,1.22,0.0,0.0,0.0,0.0,0.0
3704218,IN,IN,AIRTR,RADIO,0.4,0.0,0.0,0.0,0.0,0.0
3704246,IN,IN,AIRTR,TRAN2,3.13,0.0,0.0,0.0,0.0,0.0
3704282,IN,IN,SUPPO,WOOLS,3.13,0.0,0.0,0.0,0.0,0.0
3704277,IN,IN,SUPPO,PIGS9,0.04,0.0,0.0,0.0,0.0,0.0
3704276,IN,IN,SUPPO,CATTL,0.09,0.0,0.0,0.0,0.0,0.0
3704275,IN,IN,SUPPO,CROPS,2.2,0.0,0.0,0.0,0.0,0.0
3704273,IN,IN,SUPPO,SUGAR,0.67,0.0,0.0,0.0,0.0,0.0
3704270,IN,IN,SUPPO,CEREA,2.94,0.0,0.0,0.0,0.0,0.0
3704269,IN,IN,SUPPO,WHEAT,2.29,0.0,0.0,0.0,0.0,0.0
3704256,IN,IN,AIRTR,RENTI,1.51,0.0,0.0,0.0,0.0,0.0
3704248,IN,IN,AIRTR,INLAN,0.43,0.0,0.0,0.0,0.0,0.0
3704240,IN,IN,AIRTR,RETAI,0.39,0.0,0.0,0.0,0.0,0.0
3704219,IN,IN,AIRTR,MEDIC,0.2,0.0,0.0,0.0,0.0,0.0
3704235,IN,IN,AIRTR,BIOG1,4.19,0.0,0.0,0.0,0.0,0.0
3704234,IN,IN,AIRTR,GASWO,1.01,0.0,0.0,0.0,0.0,0.0
3704230,IN,IN,AIRTR,TRAN1,1.6,0.0,0.0,0.0,0.0,0.0
3704229,IN,IN,AIRTR,ELEC6,0.01,0.0,0.0,0.0,0.0,0.0
3704228,IN,IN,AIRTR,ELEC5,0.64,0.0,0.0,0.0,0.0,0.0
3704227,IN,IN,AIRTR,ELEC4,1.37,0.0,0.0,0.0,0.0,0.0
3704226,IN,IN,AIRTR,ELEC3,0.43,0.0,0.0,0.0,0.0,0.0
3704225,IN,IN,AIRTR,ELEC2,0.52,0.0,0.0,0.0,0.0,0.0
3704223,IN,IN,AIRTR,SECO9,0.57,0.0,0.0,0.0,0.0,0.0
3704191,IN,IN,AIRTR,BITU1,0.03,0.0,0.0,0.0,0.0,0.0
3704189,IN,IN,AIRTR,NAPHT,0.39,0.0,0.0,0.0,0.0,0.0
3704127,IN,IN,INLAN,POSTT,0.15,0.0,0.0,0.0,0.0,0.0
3704188,IN,IN,AIRTR,LIQUE,0.63,0.0,0.0,0.0,0.0,0.0
3704151,IN,IN,AIRTR,ANIMA,1.97,0.0,0.0,0.0,0.0,0.0
3704150,IN,IN,AIRTR,POULT,0.71,0.0,0.0,0.0,0.0,0.0
3704149,IN,IN,AIRTR,PIGS9,0.32,0.0,0.0,0.0,0.0,0.0
3704148,IN,IN,AIRTR,CATTL,0.76,0.0,0.0,0.0,0.0,0.0
3704147,IN,IN,AIRTR,CROPS,0.15,0.0,0.0,0.0,0.0,0.0
3704146,IN,IN,AIRTR,PLANT,3.42,0.0,0.0,0.0,0.0,0.0
3704145,IN,IN,AIRTR,SUGAR,0.05,0.0,0.0,0.0,0.0,0.0
3704142,IN,IN,AIRTR,CEREA,0.16,0.0,0.0,0.0,0.0,0.0
3704141,IN,IN,AIRTR,WHEAT,0.62,0.0,0.0,0.0,0.0,0.0
3704139,IN,IN,INLAN,93197,0.05,0.0,0.0,0.0,0.0,0.0
3704138,IN,IN,INLAN,RECRE,0.14,0.0,0.0,0.0,0.0,0.0
3704137,IN,IN,INLAN,MEMBE,0.06,0.0,0.0,0.0,0.0,0.0
3704136,IN,IN,INLAN,WASTE,6.94,0.0,0.0,0.0,0.0,0.0
3704135,IN,IN,INLAN,FOOD3,6.94,0.0,0.0,0.0,0.0,0.0
3704134,IN,IN,INLAN,HEALT,0.01,0.0,0.0,0.0,0.0,0.0
3704133,IN,IN,INLAN,EDUCA,0.26,0.0,0.0,0.0,0.0,0.0
3704132,IN,IN,INLAN,PUBLI,1.59,0.0,0.0,0.0,0.0,0.0
3704131,IN,IN,INLAN,BUSIN,0.19,0.0,0.0,0.0,0.0,0.0
3704130,IN,IN,INLAN,RESEA,0.01,0.0,0.0,0.0,0.0,0.0
3704129,IN,IN,INLAN,REALE,0.01,0.0,0.0,0.0,0.0,0.0
3704128,IN,IN,INLAN,AUXIL,0.04,0.0,0.0,0.0,0.0,0.0
3704153,IN,IN,AIRTR,FORES,2.02,0.0,0.0,0.0,0.0,0.0
3704155,IN,IN,AIRTR,COKIN,0.2,0.0,0.0,0.0,0.0,0.0
3704157,IN,IN,AIRTR,LIGNI,0.05,0.0,0.0,0.0,0.0,0.0
3704172,IN,IN,AIRTR,FISH5,1.13,0.0,0.0,0.0,0.0,0.0
3704187,IN,IN,AIRTR,REFIN,0.01,0.0,0.0,0.0,0.0,0.0
3704186,IN,IN,AIRTR,HEAVY,0.14,0.0,0.0,0.0,0.0,0.0
3704185,IN,IN,AIRTR,GASDI,2.26,0.0,0.0,0.0,0.0,0.0
3704184,IN,IN,AIRTR,KERO1,0.06,0.0,0.0,0.0,0.0,0.0
3704183,IN,IN,AIRTR,KEROS,0.42,0.0,0.0,0.0,0.0,0.0
3704182,IN,IN,AIRTR,MOTOR,1.0,0.0,0.0,0.0,0.0,0.0
3704181,IN,IN,AIRTR,COKEO,0.12,0.0,0.0,0.0,0.0,0.0
3704178,IN,IN,AIRTR,PULP5,0.16,0.0,0.0,0.0,0.0,0.0
3704176,IN,IN,AIRTR,LEATH,0.45,0.0,0.0,0.0,0.0,0.0
3704170,IN,IN,AIRTR,FOOD5,2.07,0.0,0.0,0.0,0.0,0.0
3704158,IN,IN,AIRTR,BKBPE,0.01,0.0,0.0,0.0,0.0,0.0
3704169,IN,IN,AIRTR,SUGA1,1.54,0.0,0.0,0.0,0.0,0.0
3704168,IN,IN,AIRTR,PROCE,0.75,0.0,0.0,0.0,0.0,0.0
3704167,IN,IN,AIRTR,DAIRY,0.12,0.0,0.0,0.0,0.0,0.0
3704165,IN,IN,AIRTR,MEAT4,0.09,0.0,0.0,0.0,0.0,0.0
3704164,IN,IN,AIRTR,MEAT1,0.07,0.0,0.0,0.0,0.0,0.0
3704163,IN,IN,AIRTR,MEATP,0.02,0.0,0.0,0.0,0.0,0.0
3704162,IN,IN,AIRTR,MEATC,0.06,0.0,0.0,0.0,0.0,0.0
3704161,IN,IN,AIRTR,NATU1,0.33,0.0,0.0,0.0,0.0,0.0
3704160,IN,IN,AIRTR,NATUR,2.01,0.0,0.0,0.0,0.0,0.0
3701925,IN,IN,ELEC5,SUGAR,0.37,0.0,0.0,0.0,0.0,0.0
3700616,IN,IN,MACHI,BIODI,0.03,0.0,0.0,0.0,0.0,0.0
3701923,IN,IN,ELEC5,VEGET,1.99,0.0,0.0,0.0,0.0,0.0
3696875,IN,IN,DAIRY,KEROS,0.33,0.0,0.0,0.0,0.0,0.0
3696869,IN,IN,DAIRY,WOODW,1.95,0.0,0.0,0.0,0.0,0.0
3696870,IN,IN,DAIRY,PULP5,0.01,0.0,0.0,0.0,0.0,0.0
3696871,IN,IN,DAIRY,PAPER,0.43,0.0,0.0,0.0,0.0,0.0
3696872,IN,IN,DAIRY,PRINT,3.43,0.0,0.0,0.0,0.0,0.0
3696873,IN,IN,DAIRY,COKEO,0.01,0.0,0.0,0.0,0.0,0.0
3696874,IN,IN,DAIRY,MOTOR,0.43,0.0,0.0,0.0,0.0,0.0
3696876,IN,IN,DAIRY,KERO1,0.03,0.0,0.0,0.0,0.0,0.0
3696867,IN,IN,DAIRY,WEARI,0.13,0.0,0.0,0.0,0.0,0.0
3696877,IN,IN,DAIRY,GASDI,0.65,0.0,0.0,0.0,0.0,0.0
3696878,IN,IN,DAIRY,HEAVY,0.08,0.0,0.0,0.0,0.0,0.0
3696879,IN,IN,DAIRY,REFIN,0.14,0.0,0.0,0.0,0.0,0.0
3696880,IN,IN,DAIRY,LIQUE,0.15,0.0,0.0,0.0,0.0,0.0
3696881,IN,IN,DAIRY,NAPHT,0.17,0.0,0.0,0.0,0.0,0.0
3696882,IN,IN,DAIRY,LUBRI,0.06,0.0,0.0,0.0,0.0,0.0
3696868,IN,IN,DAIRY,LEATH,0.04,0.0,0.0,0.0,0.0,0.0
3696866,IN,IN,DAIRY,TEXTI,2.17,0.0,0.0,0.0,0.0,0.0
3696841,IN,IN,DAIRY,CEREA,4.47,0.0,0.0,0.0,0.0,0.0
3696850,IN,IN,DAIRY,WOOLS,0.01,0.0,0.0,0.0,0.0,0.0
3696843,IN,IN,DAIRY,SUGAR,4.74,0.0,0.0,0.0,0.0,0.0
3696845,IN,IN,DAIRY,CATTL,0.08,0.0,0.0,0.0,0.0,0.0
3696846,IN,IN,DAIRY,PIGS9,0.02,0.0,0.0,0.0,0.0,0.0
3696847,IN,IN,DAIRY,MEATA,0.09,0.0,0.0,0.0,0.0,0.0
3696848,IN,IN,DAIRY,ANIMA,0.01,0.0,0.0,0.0,0.0,0.0
3696849,IN,IN,DAIRY,RAWMI,2.3,0.0,0.0,0.0,0.0,0.0
3696852,IN,IN,DAIRY,BITUM,0.06,0.0,0.0,0.0,0.0,0.0
3696861,IN,IN,DAIRY,SUGA1,0.54,0.0,0.0,0.0,0.0,0.0
3696853,IN,IN,DAIRY,CRUDE,0.01,0.0,0.0,0.0,0.0,0.0
3696854,IN,IN,DAIRY,MEATC,4.54,0.0,0.0,0.0,0.0,0.0
3696855,IN,IN,DAIRY,MEATP,0.58,0.0,0.0,0.0,0.0,0.0
3696856,IN,IN,DAIRY,MEAT1,3.22,0.0,0.0,0.0,0.0,0.0
3696858,IN,IN,DAIRY,VEGE1,8.68,0.0,0.0,0.0,0.0,0.0
3696859,IN,IN,DAIRY,DAIRY,0.87,0.0,0.0,0.0,0.0,0.0
3696883,IN,IN,DAIRY,PARAF,0.15,0.0,0.0,0.0,0.0,0.0
3696884,IN,IN,DAIRY,PETRO,0.36,0.0,0.0,0.0,0.0,0.0
3696885,IN,IN,DAIRY,PLAST,7.0,0.0,0.0,0.0,0.0,0.0
3696912,IN,IN,DAIRY,BLAST,0.04,0.0,0.0,0.0,0.0,0.0
3696906,IN,IN,DAIRY,MOTO1,3.88,0.0,0.0,0.0,0.0,0.0
3696907,IN,IN,DAIRY,TRANS,0.62,0.0,0.0,0.0,0.0,0.0
3696908,IN,IN,DAIRY,FURNI,2.11,0.0,0.0,0.0,0.0,0.0
3696909,IN,IN,DAIRY,SECO9,0.07,0.0,0.0,0.0,0.0,0.0
3696910,IN,IN,DAIRY,ELEC2,0.07,0.0,0.0,0.0,0.0,0.0
3696911,IN,IN,DAIRY,ELEC6,0.01,0.0,0.0,0.0,0.0,0.0
3696913,IN,IN,DAIRY,COLLE,0.15,0.0,0.0,0.0,0.0,0.0
3696886,IN,IN,DAIRY,NFERT,0.75,0.0,0.0,0.0,0.0,0.0
3696914,IN,IN,DAIRY,CONST,0.07,0.0,0.0,0.0,0.0,0.0
3696915,IN,IN,DAIRY,SALEM,0.4,0.0,0.0,0.0,0.0,0.0
3696916,IN,IN,DAIRY,RETAI,0.38,0.0,0.0,0.0,0.0,0.0
3696920,IN,IN,DAIRY,POSTT,2.39,0.0,0.0,0.0,0.0,0.0
3696921,IN,IN,DAIRY,AUXIL,1.39,0.0,0.0,0.0,0.0,0.0
3696922,IN,IN,DAIRY,REALE,0.03,0.0,0.0,0.0,0.0,0.0
3696905,IN,IN,DAIRY,MEDIC,0.24,0.0,0.0,0.0,0.0,0.0
3696904,IN,IN,DAIRY,RADIO,0.13,0.0,0.0,0.0,0.0,0.0
3696903,IN,IN,DAIRY,ELECT,0.03,0.0,0.0,0.0,0.0,0.0
3696902,IN,IN,DAIRY,OFFIC,0.01,0.0,0.0,0.0,0.0,0.0
3696901,IN,IN,DAIRY,MACHI,0.53,0.0,0.0,0.0,0.0,0.0
3696900,IN,IN,DAIRY,FABRI,0.21,0.0,0.0,0.0,0.0,0.0
3696899,IN,IN,DAIRY,FOUND,0.01,0.0,0.0,0.0,0.0,0.0
3696898,IN,IN,DAIRY,NONF1,0.16,0.0,0.0,0.0,0.0,0.0
3696897,IN,IN,DAIRY,COPP1,0.1,0.0,0.0,0.0,0.0,0.0
3696896,IN,IN,DAIRY,PREC1,0.01,0.0,0.0,0.0,0.0,0.0
3696895,IN,IN,DAIRY,NONME,0.13,0.0,0.0,0.0,0.0,0.0
3696894,IN,IN,DAIRY,CEMEN,0.03,0.0,0.0,0.0,0.0,0.0
3696893,IN,IN,DAIRY,GLASS,0.04,0.0,0.0,0.0,0.0,0.0
3696892,IN,IN,DAIRY,RUBBE,3.64,0.0,0.0,0.0,0.0,0.0
3696891,IN,IN,DAIRY,BIODI,0.25,0.0,0.0,0.0,0.0,0.0
3696890,IN,IN,DAIRY,BIOGA,3.66,0.0,0.0,0.0,0.0,0.0
3696889,IN,IN,DAIRY,CHARC,2.16,0.0,0.0,0.0,0.0,0.0
3696842,IN,IN,DAIRY,VEGET,0.31,0.0,0.0,0.0,0.0,0.0
3696840,IN,IN,DAIRY,WHEAT,3.6,0.0,0.0,0.0,0.0,0.0
3696927,IN,IN,DAIRY,FOOD3,0.58,0.0,0.0,0.0,0.0,0.0
3696782,IN,IN,VEGE1,PAPER,0.09,0.0,0.0,0.0,0.0,0.0
3696771,IN,IN,VEGE1,DAIRY,2.01,0.0,0.0,0.0,0.0,0.0
3696773,IN,IN,VEGE1,SUGA1,1.16,0.0,0.0,0.0,0.0,0.0
3696777,IN,IN,VEGE1,TOBAC,0.15,0.0,0.0,0.0,0.0,0.0
3696779,IN,IN,VEGE1,WEARI,0.14,0.0,0.0,0.0,0.0,0.0
3696780,IN,IN,VEGE1,LEATH,0.1,0.0,0.0,0.0,0.0,0.0
3696781,IN,IN,VEGE1,WOODW,0.07,0.0,0.0,0.0,0.0,0.0
3696783,IN,IN,VEGE1,PRINT,0.09,0.0,0.0,0.0,0.0,0.0
3696767,IN,IN,VEGE1,MEATP,0.02,0.0,0.0,0.0,0.0,0.0
3696784,IN,IN,VEGE1,COKEO,0.01,0.0,0.0,0.0,0.0,0.0
3696785,IN,IN,VEGE1,MOTOR,0.36,0.0,0.0,0.0,0.0,0.0
3696786,IN,IN,VEGE1,KEROS,0.28,0.0,0.0,0.0,0.0,0.0
3696787,IN,IN,VEGE1,KERO1,0.03,0.0,0.0,0.0,0.0,0.0
3696788,IN,IN,VEGE1,GASDI,0.54,0.0,0.0,0.0,0.0,0.0
3696789,IN,IN,VEGE1,HEAVY,0.07,0.0,0.0,0.0,0.0,0.0
3696768,IN,IN,VEGE1,MEAT1,0.08,0.0,0.0,0.0,0.0,0.0
3696766,IN,IN,VEGE1,MEATC,1.13,0.0,0.0,0.0,0.0,0.0
3696838,IN,IN,VEGE1,93197,0.67,0.0,0.0,0.0,0.0,0.0
3696750,IN,IN,MEAT4,FOOD3,0.02,0.0,0.0,0.0,0.0,0.0
3696738,IN,IN,MEAT4,RETAI,1.39,0.0,0.0,0.0,0.0,0.0
3696742,IN,IN,MEAT4,SUPPO,0.03,0.0,0.0,0.0,0.0,0.0
3696743,IN,IN,MEAT4,POSTT,0.13,0.0,0.0,0.0,0.0,0.0
3696744,IN,IN,MEAT4,AUXIL,0.01,0.0,0.0,0.0,0.0,0.0
3696745,IN,IN,MEAT4,REALE,0.02,0.0,0.0,0.0,0.0,0.0
3696746,IN,IN,MEAT4,RESEA,0.07,0.0,0.0,0.0,0.0,0.0
3696751,IN,IN,MEAT4,WASTE,0.02,0.0,0.0,0.0,0.0,0.0
3696765,IN,IN,VEGE1,CRUDE,0.01,0.0,0.0,0.0,0.0,0.0
3696754,IN,IN,MEAT4,93197,0.81,0.0,0.0,0.0,0.0,0.0
3696756,IN,IN,VEGE1,WHEAT,0.73,0.0,0.0,0.0,0.0,0.0
3696757,IN,IN,VEGE1,CEREA,0.1,0.0,0.0,0.0,0.0,0.0
3696758,IN,IN,VEGE1,SUGAR,0.04,0.0,0.0,0.0,0.0,0.0
3696759,IN,IN,VEGE1,CROPS,0.11,0.0,0.0,0.0,0.0,0.0
3696764,IN,IN,VEGE1,BITUM,0.04,0.0,0.0,0.0,0.0,0.0
3696790,IN,IN,VEGE1,REFIN,0.12,0.0,0.0,0.0,0.0,0.0
3696791,IN,IN,VEGE1,LIQUE,0.13,0.0,0.0,0.0,0.0,0.0
3696792,IN,IN,VEGE1,NAPHT,0.14,0.0,0.0,0.0,0.0,0.0
3696823,IN,IN,VEGE1,RETAI,0.43,0.0,0.0,0.0,0.0,0.0
3696817,IN,IN,VEGE1,ELEC2,0.2,0.0,0.0,0.0,0.0,0.0
3696818,IN,IN,VEGE1,ELEC6,0.03,0.0,0.0,0.0,0.0,0.0
3696819,IN,IN,VEGE1,BLAST,0.12,0.0,0.0,0.0,0.0,0.0
3696820,IN,IN,VEGE1,COLLE,0.15,0.0,0.0,0.0,0.0,0.0
3696821,IN,IN,VEGE1,CONST,0.13,0.0,0.0,0.0,0.0,0.0
3696822,IN,IN,VEGE1,SALEM,0.17,0.0,0.0,0.0,0.0,0.0
3696827,IN,IN,VEGE1,POSTT,0.68,0.0,0.0,0.0,0.0,0.0
3696793,IN,IN,VEGE1,LUBRI,0.04,0.0,0.0,0.0,0.0,0.0
3696828,IN,IN,VEGE1,AUXIL,1.26,0.0,0.0,0.0,0.0,0.0
3696829,IN,IN,VEGE1,REALE,0.06,0.0,0.0,0.0,0.0,0.0
3696830,IN,IN,VEGE1,RESEA,0.2,0.0,0.0,0.0,0.0,0.0
3696834,IN,IN,VEGE1,FOOD3,0.93,0.0,0.0,0.0,0.0,0.0
3696835,IN,IN,VEGE1,WASTE,0.93,0.0,0.0,0.0,0.0,0.0
3696836,IN,IN,VEGE1,MEMBE,0.83,0.0,0.0,0.0,0.0,0.0
3696816,IN,IN,VEGE1,SECO9,0.12,0.0,0.0,0.0,0.0,0.0
3696815,IN,IN,VEGE1,FURNI,1.59,0.0,0.0,0.0,0.0,0.0
3696814,IN,IN,VEGE1,MEDIC,0.2,0.0,0.0,0.0,0.0,0.0
3696813,IN,IN,VEGE1,ELECT,0.04,0.0,0.0,0.0,0.0,0.0
3696812,IN,IN,VEGE1,OFFIC,0.01,0.0,0.0,0.0,0.0,0.0
3696811,IN,IN,VEGE1,MACHI,1.06,0.0,0.0,0.0,0.0,0.0
3696810,IN,IN,VEGE1,FABRI,0.18,0.0,0.0,0.0,0.0,0.0
3696808,IN,IN,VEGE1,COPP1,0.18,0.0,0.0,0.0,0.0,0.0
3696807,IN,IN,VEGE1,PREC1,0.01,0.0,0.0,0.0,0.0,0.0
3696806,IN,IN,VEGE1,NONME,0.01,0.0,0.0,0.0,0.0,0.0
3696805,IN,IN,VEGE1,CEMEN,0.03,0.0,0.0,0.0,0.0,0.0
3696804,IN,IN,VEGE1,GLASS,0.02,0.0,0.0,0.0,0.0,0.0
3696802,IN,IN,VEGE1,BIODI,0.2,0.0,0.0,0.0,0.0,0.0
3696800,IN,IN,VEGE1,CHARC,1.8,0.0,0.0,0.0,0.0,0.0
3696797,IN,IN,VEGE1,NFERT,1.08,0.0,0.0,0.0,0.0,0.0
3696795,IN,IN,VEGE1,PETRO,0.3,0.0,0.0,0.0,0.0,0.0
3696794,IN,IN,VEGE1,PARAF,0.13,0.0,0.0,0.0,0.0,0.0
3696923,IN,IN,DAIRY,RESEA,0.84,0.0,0.0,0.0,0.0,0.0
3696928,IN,IN,DAIRY,WASTE,0.58,0.0,0.0,0.0,0.0,0.0
3697134,IN,IN,FOOD5,LEATH,0.02,0.0,0.0,0.0,0.0,0.0
3697062,IN,IN,SUGA1,PFERT,2.36,0.0,0.0,0.0,0.0,0.0
3697056,IN,IN,SUGA1,NAPHT,0.2,0.0,0.0,0.0,0.0,0.0
3697057,IN,IN,SUGA1,LUBRI,0.05,0.0,0.0,0.0,0.0,0.0
3697058,IN,IN,SUGA1,PARAF,0.19,0.0,0.0,0.0,0.0,0.0
3697059,IN,IN,SUGA1,PETRO,0.44,0.0,0.0,0.0,0.0,0.0
3697060,IN,IN,SUGA1,PLAST,0.54,0.0,0.0,0.0,0.0,0.0
3697061,IN,IN,SUGA1,NFERT,0.15,0.0,0.0,0.0,0.0,0.0
3697064,IN,IN,SUGA1,CHARC,2.67,0.0,0.0,0.0,0.0,0.0
3697054,IN,IN,SUGA1,REFIN,0.18,0.0,0.0,0.0,0.0,0.0
3697066,IN,IN,SUGA1,BIODI,0.3,0.0,0.0,0.0,0.0,0.0
3697068,IN,IN,SUGA1,GLASS,0.03,0.0,0.0,0.0,0.0,0.0
3697069,IN,IN,SUGA1,CEMEN,0.04,0.0,0.0,0.0,0.0,0.0
3697070,IN,IN,SUGA1,NONME,0.02,0.0,0.0,0.0,0.0,0.0
3697071,IN,IN,SUGA1,PREC1,0.01,0.0,0.0,0.0,0.0,0.0
3697072,IN,IN,SUGA1,COPP1,0.77,0.0,0.0,0.0,0.0,0.0
3697055,IN,IN,SUGA1,LIQUE,0.19,0.0,0.0,0.0,0.0,0.0
3697053,IN,IN,SUGA1,HEAVY,0.1,0.0,0.0,0.0,0.0,0.0
3697027,IN,IN,SUGA1,VEGET,0.01,0.0,0.0,0.0,0.0,0.0
3697044,IN,IN,SUGA1,LEATH,0.09,0.0,0.0,0.0,0.0,0.0
3697029,IN,IN,SUGA1,CROPS,0.11,0.0,0.0,0.0,0.0,0.0
3697030,IN,IN,SUGA1,MEATC,2.38,0.0,0.0,0.0,0.0,0.0
3697031,IN,IN,SUGA1,MEATP,0.19,0.0,0.0,0.0,0.0,0.0
3697032,IN,IN,SUGA1,MEAT1,0.79,0.0,0.0,0.0,0.0,0.0
3697042,IN,IN,SUGA1,TEXTI,2.58,0.0,0.0,0.0,0.0,0.0
3697043,IN,IN,SUGA1,WEARI,0.05,0.0,0.0,0.0,0.0,0.0
3697045,IN,IN,SUGA1,WOODW,0.18,0.0,0.0,0.0,0.0,0.0
3697052,IN,IN,SUGA1,GASDI,0.8,0.0,0.0,0.0,0.0,0.0
3697046,IN,IN,SUGA1,PULP5,0.08,0.0,0.0,0.0,0.0,0.0
3697047,IN,IN,SUGA1,PAPER,0.09,0.0,0.0,0.0,0.0,0.0
3697048,IN,IN,SUGA1,COKEO,0.02,0.0,0.0,0.0,0.0,0.0
3697049,IN,IN,SUGA1,MOTOR,0.53,0.0,0.0,0.0,0.0,0.0
3697050,IN,IN,SUGA1,KEROS,0.41,0.0,0.0,0.0,0.0,0.0
3697051,IN,IN,SUGA1,KERO1,0.04,0.0,0.0,0.0,0.0,0.0
3697073,IN,IN,SUGA1,NONF1,0.01,0.0,0.0,0.0,0.0,0.0
3697074,IN,IN,SUGA1,FABRI,0.45,0.0,0.0,0.0,0.0,0.0
3697075,IN,IN,SUGA1,MACHI,0.48,0.0,0.0,0.0,0.0,0.0
3697107,IN,IN,FOOD5,SUGAR,0.94,0.0,0.0,0.0,0.0,0.0
3697099,IN,IN,SUGA1,WASTE,0.04,0.0,0.0,0.0,0.0,0.0
3697100,IN,IN,SUGA1,MEMBE,0.73,0.0,0.0,0.0,0.0,0.0
3697102,IN,IN,SUGA1,93197,0.98,0.0,0.0,0.0,0.0,0.0
3697104,IN,IN,FOOD5,WHEAT,0.83,0.0,0.0,0.0,0.0,0.0
3697105,IN,IN,FOOD5,CEREA,0.54,0.0,0.0,0.0,0.0,0.0
3697106,IN,IN,FOOD5,VEGET,0.06,0.0,0.0,0.0,0.0,0.0
3697117,IN,IN,FOOD5,BITUM,0.22,0.0,0.0,0.0,0.0,0.0
3697076,IN,IN,SUGA1,OFFIC,0.02,0.0,0.0,0.0,0.0,0.0
3697118,IN,IN,FOOD5,CRUDE,0.09,0.0,0.0,0.0,0.0,0.0
3697119,IN,IN,FOOD5,NATUR,0.01,0.0,0.0,0.0,0.0,0.0
3697121,IN,IN,FOOD5,MEATP,0.39,0.0,0.0,0.0,0.0,0.0
3697125,IN,IN,FOOD5,DAIRY,1.06,0.0,0.0,0.0,0.0,0.0
3697127,IN,IN,FOOD5,SUGA1,1.01,0.0,0.0,0.0,0.0,0.0
3697132,IN,IN,FOOD5,TEXTI,0.15,0.0,0.0,0.0,0.0,0.0
3697098,IN,IN,SUGA1,FOOD3,0.04,0.0,0.0,0.0,0.0,0.0
3697094,IN,IN,SUGA1,RESEA,0.06,0.0,0.0,0.0,0.0,0.0
3697093,IN,IN,SUGA1,REALE,0.03,0.0,0.0,0.0,0.0,0.0
3697092,IN,IN,SUGA1,AUXIL,0.01,0.0,0.0,0.0,0.0,0.0
3697091,IN,IN,SUGA1,POSTT,0.17,0.0,0.0,0.0,0.0,0.0
3697090,IN,IN,SUGA1,HOTEL,0.14,0.0,0.0,0.0,0.0,0.0
3697087,IN,IN,SUGA1,RETAI,0.08,0.0,0.0,0.0,0.0,0.0
3697086,IN,IN,SUGA1,SALEM,0.36,0.0,0.0,0.0,0.0,0.0
3697085,IN,IN,SUGA1,CONST,0.09,0.0,0.0,0.0,0.0,0.0
3697084,IN,IN,SUGA1,COLLE,0.15,0.0,0.0,0.0,0.0,0.0
3697083,IN,IN,SUGA1,BLAST,0.04,0.0,0.0,0.0,0.0,0.0
3697082,IN,IN,SUGA1,ELEC6,0.01,0.0,0.0,0.0,0.0,0.0
3697081,IN,IN,SUGA1,ELEC2,0.07,0.0,0.0,0.0,0.0,0.0
3697080,IN,IN,SUGA1,SECO9,0.01,0.0,0.0,0.0,0.0,0.0
3697079,IN,IN,SUGA1,FURNI,1.02,0.0,0.0,0.0,0.0,0.0
3697078,IN,IN,SUGA1,MEDIC,0.3,0.0,0.0,0.0,0.0,0.0
3697077,IN,IN,SUGA1,ELECT,0.08,0.0,0.0,0.0,0.0,0.0
3697028,IN,IN,SUGA1,SUGAR,0.03,0.0,0.0,0.0,0.0,0.0
3697026,IN,IN,SUGA1,CEREA,0.01,0.0,0.0,0.0,0.0,0.0
3696933,IN,IN,PROCE,WHEAT,0.28,0.0,0.0,0.0,0.0,0.0
3696969,IN,IN,PROCE,LIQUE,1.06,0.0,0.0,0.0,0.0,0.0
3696962,IN,IN,PROCE,COKEO,0.09,0.0,0.0,0.0,0.0,0.0
3696963,IN,IN,PROCE,MOTOR,3.01,0.0,0.0,0.0,0.0,0.0
3696964,IN,IN,PROCE,KEROS,2.3,0.0,0.0,0.0,0.0,0.0
3696965,IN,IN,PROCE,KERO1,0.21,0.0,0.0,0.0,0.0,0.0
3696967,IN,IN,PROCE,HEAVY,0.54,0.0,0.0,0.0,0.0,0.0
3696968,IN,IN,PROCE,REFIN,1.0,0.0,0.0,0.0,0.0,0.0
3696970,IN,IN,PROCE,NAPHT,1.15,0.0,0.0,0.0,0.0,0.0
3696960,IN,IN,PROCE,PAPER,0.61,0.0,0.0,0.0,0.0,0.0
3696971,IN,IN,PROCE,LUBRI,0.48,0.0,0.0,0.0,0.0,0.0
3696972,IN,IN,PROCE,PARAF,1.07,0.0,0.0,0.0,0.0,0.0
3696973,IN,IN,PROCE,PETRO,2.47,0.0,0.0,0.0,0.0,0.0
3696974,IN,IN,PROCE,PLAST,0.45,0.0,0.0,0.0,0.0,0.0
3696980,IN,IN,PROCE,BIODI,1.71,0.0,0.0,0.0,0.0,0.0
3696982,IN,IN,PROCE,GLASS,0.15,0.0,0.0,0.0,0.0,0.0
3696961,IN,IN,PROCE,PRINT,1.43,0.0,0.0,0.0,0.0,0.0
3696959,IN,IN,PROCE,PULP5,0.01,0.0,0.0,0.0,0.0,0.0
3697023,IN,IN,PROCE,93197,0.92,0.0,0.0,0.0,0.0,0.0
3696942,IN,IN,PROCE,BITUM,0.02,0.0,0.0,0.0,0.0,0.0
3696934,IN,IN,PROCE,CEREA,0.16,0.0,0.0,0.0,0.0,0.0
3696935,IN,IN,PROCE,VEGET,0.02,0.0,0.0,0.0,0.0,0.0
3696936,IN,IN,PROCE,SUGAR,0.29,0.0,0.0,0.0,0.0,0.0
3696937,IN,IN,PROCE,CROPS,0.68,0.0,0.0,0.0,0.0,0.0
3696938,IN,IN,PROCE,CATTL,0.23,0.0,0.0,0.0,0.0,0.0
3696939,IN,IN,PROCE,PIGS9,0.05,0.0,0.0,0.0,0.0,0.0
3696944,IN,IN,PROCE,MEATP,0.02,0.0,0.0,0.0,0.0,0.0
3696958,IN,IN,PROCE,WOODW,0.84,0.0,0.0,0.0,0.0,0.0
3696945,IN,IN,PROCE,MEAT1,0.19,0.0,0.0,0.0,0.0,0.0
3696946,IN,IN,PROCE,MEAT4,0.48,0.0,0.0,0.0,0.0,0.0
3696948,IN,IN,PROCE,DAIRY,1.76,0.0,0.0,0.0,0.0,0.0
3696950,IN,IN,PROCE,SUGA1,0.7,0.0,0.0,0.0,0.0,0.0
3696956,IN,IN,PROCE,WEARI,0.12,0.0,0.0,0.0,0.0,0.0
3696957,IN,IN,PROCE,LEATH,0.05,0.0,0.0,0.0,0.0,0.0
3696983,IN,IN,PROCE,CERAM,0.01,0.0,0.0,0.0,0.0,0.0
3696984,IN,IN,PROCE,CEMEN,0.22,0.0,0.0,0.0,0.0,0.0
3696985,IN,IN,PROCE,NONME,0.5,0.0,0.0,0.0,0.0,0.0
3697013,IN,IN,PROCE,AUXIL,0.13,0.0,0.0,0.0,0.0,0.0
3697005,IN,IN,PROCE,CONST,0.26,0.0,0.0,0.0,0.0,0.0
3697006,IN,IN,PROCE,SALEM,0.36,0.0,0.0,0.0,0.0,0.0
3697007,IN,IN,PROCE,RETAI,0.02,0.0,0.0,0.0,0.0,0.0
3697009,IN,IN,PROCE,RETA1,2.42,0.0,0.0,0.0,0.0,0.0
3697011,IN,IN,PROCE,SUPPO,1.43,0.0,0.0,0.0,0.0,0.0
3697012,IN,IN,PROCE,POSTT,0.1,0.0,0.0,0.0,0.0,0.0
3697014,IN,IN,PROCE,REALE,0.02,0.0,0.0,0.0,0.0,0.0
3696986,IN,IN,PROCE,PREC1,0.04,0.0,0.0,0.0,0.0,0.0
3697015,IN,IN,PROCE,RESEA,0.04,0.0,0.0,0.0,0.0,0.0
3697016,IN,IN,PROCE,BUSIN,0.62,0.0,0.0,0.0,0.0,0.0
3697019,IN,IN,PROCE,FOOD3,0.2,0.0,0.0,0.0,0.0,0.0
3697020,IN,IN,PROCE,WASTE,0.2,0.0,0.0,0.0,0.0,0.0
3697021,IN,IN,PROCE,MEMBE,1.26,0.0,0.0,0.0,0.0,0.0
3697022,IN,IN,PROCE,RECRE,1.9,0.0,0.0,0.0,0.0,0.0
3697004,IN,IN,PROCE,COLLE,0.15,0.0,0.0,0.0,0.0,0.0
3697003,IN,IN,PROCE,BLAST,0.06,0.0,0.0,0.0,0.0,0.0
3697002,IN,IN,PROCE,ELEC6,0.01,0.0,0.0,0.0,0.0,0.0
3697001,IN,IN,PROCE,ELEC2,0.1,0.0,0.0,0.0,0.0,0.0
3697000,IN,IN,PROCE,SECO9,0.03,0.0,0.0,0.0,0.0,0.0
3696998,IN,IN,PROCE,TRANS,0.2,0.0,0.0,0.0,0.0,0.0
3696997,IN,IN,PROCE,MOTO1,1.37,0.0,0.0,0.0,0.0,0.0
3696996,IN,IN,PROCE,MEDIC,1.68,0.0,0.0,0.0,0.0,0.0
3696995,IN,IN,PROCE,RADIO,0.07,0.0,0.0,0.0,0.0,0.0
3696994,IN,IN,PROCE,ELECT,0.12,0.0,0.0,0.0,0.0,0.0
3696993,IN,IN,PROCE,OFFIC,0.02,0.0,0.0,0.0,0.0,0.0
3696992,IN,IN,PROCE,MACHI,0.47,0.0,0.0,0.0,0.0,0.0
3696991,IN,IN,PROCE,FABRI,1.23,0.0,0.0,0.0,0.0,0.0
3696990,IN,IN,PROCE,FOUND,0.02,0.0,0.0,0.0,0.0,0.0
3696989,IN,IN,PROCE,NONF1,0.16,0.0,0.0,0.0,0.0,0.0
3696988,IN,IN,PROCE,COPP1,0.11,0.0,0.0,0.0,0.0,0.0
3696987,IN,IN,PROCE,ALUM1,0.01,0.0,0.0,0.0,0.0,0.0
3696737,IN,IN,MEAT4,SALEM,1.91,0.0,0.0,0.0,0.0,0.0
3696736,IN,IN,MEAT4,CONST,0.01,0.0,0.0,0.0,0.0,0.0
3696735,IN,IN,MEAT4,COLLE,0.15,0.0,0.0,0.0,0.0,0.0
3696508,IN,IN,CHEMI,BRICK,0.28,0.0,0.0,0.0,0.0,0.0
3696502,IN,IN,CHEMI,NFERT,0.27,0.0,0.0,0.0,0.0,0.0
3696503,IN,IN,CHEMI,PFERT,0.02,0.0,0.0,0.0,0.0,0.0
3696504,IN,IN,CHEMI,CHEM1,0.89,0.0,0.0,0.0,0.0,0.0
3696505,IN,IN,CHEMI,CHARC,0.04,0.0,0.0,0.0,0.0,0.0
3696506,IN,IN,CHEMI,BIOGA,0.02,0.0,0.0,0.0,0.0,0.0
3696507,IN,IN,CHEMI,RUBBE,0.28,0.0,0.0,0.0,0.0,0.0
3696509,IN,IN,CHEMI,CEMEN,0.18,0.0,0.0,0.0,0.0,0.0
3696500,IN,IN,CHEMI,PETRO,0.01,0.0,0.0,0.0,0.0,0.0
3696511,IN,IN,CHEMI,BASIC,0.01,0.0,0.0,0.0,0.0,0.0
3696512,IN,IN,CHEMI,PREC1,0.01,0.0,0.0,0.0,0.0,0.0
3696513,IN,IN,CHEMI,COPP1,0.01,0.0,0.0,0.0,0.0,0.0
3696514,IN,IN,CHEMI,FOUND,0.37,0.0,0.0,0.0,0.0,0.0
3696515,IN,IN,CHEMI,FABRI,0.06,0.0,0.0,0.0,0.0,0.0
3696516,IN,IN,CHEMI,MACHI,0.11,0.0,0.0,0.0,0.0,0.0
3696501,IN,IN,CHEMI,PLAST,0.03,0.0,0.0,0.0,0.0,0.0
3696499,IN,IN,CHEMI,GASDI,0.01,0.0,0.0,0.0,0.0,0.0
3696482,IN,IN,SANDC,WASTE,0.02,0.0,0.0,0.0,0.0,0.0
3696490,IN,IN,CHEMI,TOBAC,0.03,0.0,0.0,0.0,0.0,0.0
3696484,IN,IN,CHEMI,MEAT1,0.04,0.0,0.0,0.0,0.0,0.0
3696485,IN,IN,CHEMI,MEAT4,0.1,0.0,0.0,0.0,0.0,0.0
3696486,IN,IN,CHEMI,PROCE,0.25,0.0,0.0,0.0,0.0,0.0
3696487,IN,IN,CHEMI,FOOD5,0.83,0.0,0.0,0.0,0.0,0.0
3696488,IN,IN,CHEMI,BEVER,0.11,0.0,0.0,0.0,0.0,0.0
3696489,IN,IN,CHEMI,FISH5,0.01,0.0,0.0,0.0,0.0,0.0
3696491,IN,IN,CHEMI,TEXTI,0.4,0.0,0.0,0.0,0.0,0.0
3696498,IN,IN,CHEMI,KEROS,0.01,0.0,0.0,0.0,0.0,0.0
3696492,IN,IN,CHEMI,WEARI,0.02,0.0,0.0,0.0,0.0,0.0
3696493,IN,IN,CHEMI,WOODW,0.08,0.0,0.0,0.0,0.0,0.0
3696494,IN,IN,CHEMI,PAPER,0.11,0.0,0.0,0.0,0.0,0.0
3696495,IN,IN,CHEMI,PRINT,0.84,0.0,0.0,0.0,0.0,0.0
3696496,IN,IN,CHEMI,COKEO,0.02,0.0,0.0,0.0,0.0,0.0
3696497,IN,IN,CHEMI,MOTOR,0.01,0.0,0.0,0.0,0.0,0.0
3696517,IN,IN,CHEMI,OFFIC,0.07,0.0,0.0,0.0,0.0,0.0
3696518,IN,IN,CHEMI,ELECT,0.5,0.0,0.0,0.0,0.0,0.0
3696519,IN,IN,CHEMI,RADIO,0.57,0.0,0.0,0.0,0.0,0.0
3696551,IN,IN,MEATC,WEARI,0.01,0.0,0.0,0.0,0.0,0.0
3696541,IN,IN,MEATC,MEAT4,0.02,0.0,0.0,0.0,0.0,0.0
3696542,IN,IN,MEATC,VEGE1,0.78,0.0,0.0,0.0,0.0,0.0
3696543,IN,IN,MEATC,DAIRY,0.08,0.0,0.0,0.0,0.0,0.0
3696545,IN,IN,MEATC,SUGA1,0.13,0.0,0.0,0.0,0.0,0.0
3696548,IN,IN,MEATC,FISH5,0.28,0.0,0.0,0.0,0.0,0.0
3696550,IN,IN,MEATC,TEXTI,0.74,0.0,0.0,0.0,0.0,0.0
3696552,IN,IN,MEATC,LEATH,0.01,0.0,0.0,0.0,0.0,0.0
3696520,IN,IN,CHEMI,MEDIC,0.01,0.0,0.0,0.0,0.0,0.0
3696553,IN,IN,MEATC,WOODW,1.39,0.0,0.0,0.0,0.0,0.0
3696554,IN,IN,MEATC,PULP5,0.01,0.0,0.0,0.0,0.0,0.0
3696555,IN,IN,MEATC,PAPER,0.1,0.0,0.0,0.0,0.0,0.0
3696556,IN,IN,MEATC,PRINT,0.66,0.0,0.0,0.0,0.0,0.0
3696557,IN,IN,MEATC,MOTOR,0.15,0.0,0.0,0.0,0.0,0.0
3696558,IN,IN,MEATC,KEROS,0.11,0.0,0.0,0.0,0.0,0.0
3696540,IN,IN,MEATC,MEAT1,0.01,0.0,0.0,0.0,0.0,0.0
3696538,IN,IN,MEATC,CROPS,0.48,0.0,0.0,0.0,0.0,0.0
3696537,IN,IN,MEATC,SUGAR,0.21,0.0,0.0,0.0,0.0,0.0
3696536,IN,IN,MEATC,VEGET,0.01,0.0,0.0,0.0,0.0,0.0
3696535,IN,IN,MEATC,CEREA,0.11,0.0,0.0,0.0,0.0,0.0
3696534,IN,IN,MEATC,WHEAT,0.2,0.0,0.0,0.0,0.0,0.0
3696532,IN,IN,CHEMI,HEALT,1.85,0.0,0.0,0.0,0.0,0.0
3696531,IN,IN,CHEMI,EDUCA,1.18,0.0,0.0,0.0,0.0,0.0
3696530,IN,IN,CHEMI,RESEA,0.12,0.0,0.0,0.0,0.0,0.0
3696529,IN,IN,CHEMI,AUXIL,0.02,0.0,0.0,0.0,0.0,0.0
3696528,IN,IN,CHEMI,SUPPO,0.55,0.0,0.0,0.0,0.0,0.0
3696527,IN,IN,CHEMI,AIRTR,0.01,0.0,0.0,0.0,0.0,0.0
3696526,IN,IN,CHEMI,RETAI,0.07,0.0,0.0,0.0,0.0,0.0
3696525,IN,IN,CHEMI,SALEM,0.01,0.0,0.0,0.0,0.0,0.0
3696524,IN,IN,CHEMI,ELEC1,0.01,0.0,0.0,0.0,0.0,0.0
3696523,IN,IN,CHEMI,FURNI,0.07,0.0,0.0,0.0,0.0,0.0
3696522,IN,IN,CHEMI,TRANS,0.46,0.0,0.0,0.0,0.0,0.0
3696483,IN,IN,CHEMI,MEATC,0.03,0.0,0.0,0.0,0.0,0.0
3696481,IN,IN,SANDC,FOOD3,0.02,0.0,0.0,0.0,0.0,0.0
3696734,IN,IN,MEAT4,BLAST,0.01,0.0,0.0,0.0,0.0,0.0
3696437,IN,IN,STONE,RETA1,1.73,0.0,0.0,0.0,0.0,0.0
3696430,IN,IN,STONE,TRANS,0.23,0.0,0.0,0.0,0.0,0.0
3696431,IN,IN,STONE,FURNI,0.06,0.0,0.0,0.0,0.0,0.0
3696432,IN,IN,STONE,ELEC1,0.01,0.0,0.0,0.0,0.0,0.0
3696433,IN,IN,STONE,DISTR,0.01,0.0,0.0,0.0,0.0,0.0
3696434,IN,IN,STONE,DIST1,0.02,0.0,0.0,0.0,0.0,0.0
3696435,IN,IN,STONE,SALEM,0.01,0.0,0.0,0.0,0.0,0.0
3696438,IN,IN,STONE,AIRTR,0.01,0.0,0.0,0.0,0.0,0.0
3696427,IN,IN,STONE,RADIO,0.15,0.0,0.0,0.0,0.0,0.0
3696439,IN,IN,STONE,SUPPO,0.21,0.0,0.0,0.0,0.0,0.0
3696440,IN,IN,STONE,POSTT,0.78,0.0,0.0,0.0,0.0,0.0
3696441,IN,IN,STONE,AUXIL,0.01,0.0,0.0,0.0,0.0,0.0
3696442,IN,IN,STONE,RESEA,0.11,0.0,0.0,0.0,0.0,0.0
3696443,IN,IN,STONE,PUBLI,2.18,0.0,0.0,0.0,0.0,0.0
3696444,IN,IN,STONE,EDUCA,0.05,0.0,0.0,0.0,0.0,0.0
3696428,IN,IN,STONE,MEDIC,0.02,0.0,0.0,0.0,0.0,0.0
3696426,IN,IN,STONE,ELECT,0.14,0.0,0.0,0.0,0.0,0.0
3696480,IN,IN,SANDC,HEALT,0.15,0.0,0.0,0.0,0.0,0.0
3696417,IN,IN,STONE,BRICK,0.07,0.0,0.0,0.0,0.0,0.0
3696411,IN,IN,STONE,PRINT,0.65,0.0,0.0,0.0,0.0,0.0
3696412,IN,IN,STONE,COKEO,0.01,0.0,0.0,0.0,0.0,0.0
3696413,IN,IN,STONE,PFERT,0.05,0.0,0.0,0.0,0.0,0.0
3696414,IN,IN,STONE,CHEM1,0.06,0.0,0.0,0.0,0.0,0.0
3696415,IN,IN,STONE,RUBBE,0.03,0.0,0.0,0.0,0.0,0.0
3696416,IN,IN,STONE,CERAM,0.69,0.0,0.0,0.0,0.0,0.0
3696418,IN,IN,STONE,BASIC,0.07,0.0,0.0,0.0,0.0,0.0
3696425,IN,IN,STONE,OFFIC,0.02,0.0,0.0,0.0,0.0,0.0
3696419,IN,IN,STONE,PREC1,0.01,0.0,0.0,0.0,0.0,0.0
3696420,IN,IN,STONE,ALUM1,0.01,0.0,0.0,0.0,0.0,0.0
3696421,IN,IN,STONE,COPP1,0.01,0.0,0.0,0.0,0.0,0.0
3696422,IN,IN,STONE,FOUND,0.23,0.0,0.0,0.0,0.0,0.0
3696423,IN,IN,STONE,FABRI,0.77,0.0,0.0,0.0,0.0,0.0
3696424,IN,IN,STONE,MACHI,0.43,0.0,0.0,0.0,0.0,0.0
3696445,IN,IN,STONE,HEALT,0.01,0.0,0.0,0.0,0.0,0.0
3696446,IN,IN,STONE,FOOD3,0.01,0.0,0.0,0.0,0.0,0.0
3696447,IN,IN,STONE,WASTE,0.01,0.0,0.0,0.0,0.0,0.0
3696472,IN,IN,SANDC,DISTR,0.15,0.0,0.0,0.0,0.0,0.0
3696466,IN,IN,SANDC,ELEC1,0.13,0.0,0.0,0.0,0.0,0.0
3696467,IN,IN,SANDC,ELEC2,0.01,0.0,0.0,0.0,0.0,0.0
3696468,IN,IN,SANDC,ELEC3,0.01,0.0,0.0,0.0,0.0,0.0
3696469,IN,IN,SANDC,ELEC4,0.04,0.0,0.0,0.0,0.0,0.0
3696470,IN,IN,SANDC,ELEC5,0.02,0.0,0.0,0.0,0.0,0.0
3696471,IN,IN,SANDC,TRAN1,0.05,0.0,0.0,0.0,0.0,0.0
3696473,IN,IN,SANDC,COKE1,0.01,0.0,0.0,0.0,0.0,0.0
3696448,IN,IN,SANDC,MEAT4,0.01,0.0,0.0,0.0,0.0,0.0
3696474,IN,IN,SANDC,BLAST,0.01,0.0,0.0,0.0,0.0,0.0
3696475,IN,IN,SANDC,SALEM,0.01,0.0,0.0,0.0,0.0,0.0
3696476,IN,IN,SANDC,AIRTR,0.02,0.0,0.0,0.0,0.0,0.0
3696477,IN,IN,SANDC,AUXIL,0.02,0.0,0.0,0.0,0.0,0.0
3696478,IN,IN,SANDC,RESEA,0.3,0.0,0.0,0.0,0.0,0.0
3696479,IN,IN,SANDC,EDUCA,0.1,0.0,0.0,0.0,0.0,0.0
3696465,IN,IN,SANDC,FURNI,0.01,0.0,0.0,0.0,0.0,0.0
3696464,IN,IN,SANDC,TRANS,0.23,0.0,0.0,0.0,0.0,0.0
3696463,IN,IN,SANDC,OFFIC,0.28,0.0,0.0,0.0,0.0,0.0
3696462,IN,IN,SANDC,MACHI,0.01,0.0,0.0,0.0,0.0,0.0
3696461,IN,IN,SANDC,FABRI,0.01,0.0,0.0,0.0,0.0,0.0
3696460,IN,IN,SANDC,FOUND,0.05,0.0,0.0,0.0,0.0,0.0
3696459,IN,IN,SANDC,NONME,0.48,0.0,0.0,0.0,0.0,0.0
3696458,IN,IN,SANDC,RUBBE,0.01,0.0,0.0,0.0,0.0,0.0
3696457,IN,IN,SANDC,CHEM1,0.13,0.0,0.0,0.0,0.0,0.0
3696456,IN,IN,SANDC,PFERT,0.12,0.0,0.0,0.0,0.0,0.0
3696455,IN,IN,SANDC,NFERT,0.01,0.0,0.0,0.0,0.0,0.0
3696454,IN,IN,SANDC,PULP5,0.01,0.0,0.0,0.0,0.0,0.0
3696453,IN,IN,SANDC,WOODW,0.03,0.0,0.0,0.0,0.0,0.0
3696452,IN,IN,SANDC,FISH5,0.02,0.0,0.0,0.0,0.0,0.0
3696451,IN,IN,SANDC,BEVER,0.2,0.0,0.0,0.0,0.0,0.0
3696450,IN,IN,SANDC,FOOD5,0.02,0.0,0.0,0.0,0.0,0.0
3696449,IN,IN,SANDC,PROCE,0.07,0.0,0.0,0.0,0.0,0.0
3696559,IN,IN,MEATC,KERO1,0.01,0.0,0.0,0.0,0.0,0.0
3696560,IN,IN,MEATC,GASDI,0.22,0.0,0.0,0.0,0.0,0.0
3696561,IN,IN,MEATC,HEAVY,0.03,0.0,0.0,0.0,0.0,0.0
3696689,IN,IN,MEAT4,SUGAR,0.01,0.0,0.0,0.0,0.0,0.0
3696676,IN,IN,MEAT1,SUPPO,0.03,0.0,0.0,0.0,0.0,0.0
3696677,IN,IN,MEAT1,POSTT,0.12,0.0,0.0,0.0,0.0,0.0
3696678,IN,IN,MEAT1,AUXIL,0.01,0.0,0.0,0.0,0.0,0.0
3696679,IN,IN,MEAT1,RESEA,0.06,0.0,0.0,0.0,0.0,0.0
3696687,IN,IN,MEAT4,WHEAT,0.01,0.0,0.0,0.0,0.0,0.0
3696688,IN,IN,MEAT4,CEREA,0.01,0.0,0.0,0.0,0.0,0.0
3696690,IN,IN,MEAT4,CROPS,0.03,0.0,0.0,0.0,0.0,0.0
3696671,IN,IN,MEAT1,SALEM,0.03,0.0,0.0,0.0,0.0,0.0
3696691,IN,IN,MEAT4,MEATC,0.09,0.0,0.0,0.0,0.0,0.0
3696693,IN,IN,MEAT4,VEGE1,0.79,0.0,0.0,0.0,0.0,0.0
3696694,IN,IN,MEAT4,DAIRY,0.01,0.0,0.0,0.0,0.0,0.0
3696695,IN,IN,MEAT4,PROCE,1.84,0.0,0.0,0.0,0.0,0.0
3696696,IN,IN,MEAT4,SUGA1,0.14,0.0,0.0,0.0,0.0,0.0
3696697,IN,IN,MEAT4,FOOD5,2.01,0.0,0.0,0.0,0.0,0.0
3696672,IN,IN,MEAT1,RETAI,0.03,0.0,0.0,0.0,0.0,0.0
3696670,IN,IN,MEAT1,COLLE,0.15,0.0,0.0,0.0,0.0,0.0
3696562,IN,IN,MEATC,REFIN,0.05,0.0,0.0,0.0,0.0,0.0
3696661,IN,IN,MEAT1,PFERT,0.24,0.0,0.0,0.0,0.0,0.0
3696655,IN,IN,MEAT1,BEVER,0.29,0.0,0.0,0.0,0.0,0.0
3696656,IN,IN,MEAT1,TOBAC,0.12,0.0,0.0,0.0,0.0,0.0
3696657,IN,IN,MEAT1,TEXTI,0.02,0.0,0.0,0.0,0.0,0.0
3696658,IN,IN,MEAT1,WOODW,0.08,0.0,0.0,0.0,0.0,0.0
3696659,IN,IN,MEAT1,PRINT,0.04,0.0,0.0,0.0,0.0,0.0
3696660,IN,IN,MEAT1,NFERT,0.02,0.0,0.0,0.0,0.0,0.0
3696662,IN,IN,MEAT1,CHEM1,0.38,0.0,0.0,0.0,0.0,0.0
3696669,IN,IN,MEAT1,FURNI,0.06,0.0,0.0,0.0,0.0,0.0
3696663,IN,IN,MEAT1,CHARC,0.01,0.0,0.0,0.0,0.0,0.0
3696664,IN,IN,MEAT1,BIOGA,0.01,0.0,0.0,0.0,0.0,0.0
3696665,IN,IN,MEAT1,RUBBE,0.03,0.0,0.0,0.0,0.0,0.0
3696666,IN,IN,MEAT1,MACHI,0.01,0.0,0.0,0.0,0.0,0.0
3696667,IN,IN,MEAT1,MOTO1,0.18,0.0,0.0,0.0,0.0,0.0
3696668,IN,IN,MEAT1,TRANS,0.08,0.0,0.0,0.0,0.0,0.0
3696698,IN,IN,MEAT4,BEVER,3.69,0.0,0.0,0.0,0.0,0.0
3696699,IN,IN,MEAT4,FISH5,0.04,0.0,0.0,0.0,0.0,0.0
3696700,IN,IN,MEAT4,TOBAC,1.61,0.0,0.0,0.0,0.0,0.0
3696726,IN,IN,MEAT4,NONME,0.01,0.0,0.0,0.0,0.0,0.0
3696719,IN,IN,MEAT4,PFERT,2.28,0.0,0.0,0.0,0.0,0.0
3696721,IN,IN,MEAT4,CHARC,0.16,0.0,0.0,0.0,0.0,0.0
3696722,IN,IN,MEAT4,BIOGA,0.44,0.0,0.0,0.0,0.0,0.0
3696723,IN,IN,MEAT4,BIODI,0.02,0.0,0.0,0.0,0.0,0.0
3696724,IN,IN,MEAT4,RUBBE,0.29,0.0,0.0,0.0,0.0,0.0
3696725,IN,IN,MEAT4,GLASS,0.01,0.0,0.0,0.0,0.0,0.0
3696727,IN,IN,MEAT4,FABRI,0.02,0.0,0.0,0.0,0.0,0.0
3696701,IN,IN,MEAT4,TEXTI,0.27,0.0,0.0,0.0,0.0,0.0
3696728,IN,IN,MEAT4,MACHI,0.38,0.0,0.0,0.0,0.0,0.0
3696729,IN,IN,MEAT4,MEDIC,0.02,0.0,0.0,0.0,0.0,0.0
3696730,IN,IN,MEAT4,MOTO1,0.85,0.0,0.0,0.0,0.0,0.0
3696731,IN,IN,MEAT4,TRANS,0.23,0.0,0.0,0.0,0.0,0.0
3696732,IN,IN,MEAT4,FURNI,0.33,0.0,0.0,0.0,0.0,0.0
3696733,IN,IN,MEAT4,ELEC2,0.01,0.0,0.0,0.0,0.0,0.0
3696718,IN,IN,MEAT4,NFERT,0.16,0.0,0.0,0.0,0.0,0.0
3696717,IN,IN,MEAT4,PLAST,0.04,0.0,0.0,0.0,0.0,0.0
3696716,IN,IN,MEAT4,PETRO,0.03,0.0,0.0,0.0,0.0,0.0
3696715,IN,IN,MEAT4,PARAF,0.01,0.0,0.0,0.0,0.0,0.0
3696714,IN,IN,MEAT4,LUBRI,0.01,0.0,0.0,0.0,0.0,0.0
3696713,IN,IN,MEAT4,NAPHT,0.01,0.0,0.0,0.0,0.0,0.0
3696712,IN,IN,MEAT4,LIQUE,0.01,0.0,0.0,0.0,0.0,0.0
3696711,IN,IN,MEAT4,REFIN,0.01,0.0,0.0,0.0,0.0,0.0
3696710,IN,IN,MEAT4,HEAVY,0.01,0.0,0.0,0.0,0.0,0.0
3696709,IN,IN,MEAT4,GASDI,0.05,0.0,0.0,0.0,0.0,0.0
3696708,IN,IN,MEAT4,KEROS,0.03,0.0,0.0,0.0,0.0,0.0
3696707,IN,IN,MEAT4,MOTOR,0.03,0.0,0.0,0.0,0.0,0.0
3696706,IN,IN,MEAT4,PRINT,0.11,0.0,0.0,0.0,0.0,0.0
3696705,IN,IN,MEAT4,PAPER,0.02,0.0,0.0,0.0,0.0,0.0
3696704,IN,IN,MEAT4,WOODW,0.32,0.0,0.0,0.0,0.0,0.0
3696703,IN,IN,MEAT4,LEATH,0.01,0.0,0.0,0.0,0.0,0.0
3696702,IN,IN,MEAT4,WEARI,0.01,0.0,0.0,0.0,0.0,0.0
3696654,IN,IN,MEAT1,FOOD5,0.71,0.0,0.0,0.0,0.0,0.0
3696653,IN,IN,MEAT1,VEGE1,0.01,0.0,0.0,0.0,0.0,0.0
3696652,IN,IN,MEAT1,MEAT1,1.3,0.0,0.0,0.0,0.0,0.0
3696589,IN,IN,MEATC,FURNI,1.15,0.0,0.0,0.0,0.0,0.0
3696582,IN,IN,MEATC,FABRI,0.08,0.0,0.0,0.0,0.0,0.0
3696583,IN,IN,MEATC,MACHI,0.02,0.0,0.0,0.0,0.0,0.0
3696584,IN,IN,MEATC,ELECT,0.01,0.0,0.0,0.0,0.0,0.0
3696585,IN,IN,MEATC,RADIO,0.01,0.0,0.0,0.0,0.0,0.0
3696586,IN,IN,MEATC,MEDIC,0.08,0.0,0.0,0.0,0.0,0.0
3696588,IN,IN,MEATC,TRANS,1.36,0.0,0.0,0.0,0.0,0.0
3696590,IN,IN,MEATC,ELEC2,0.01,0.0,0.0,0.0,0.0,0.0
3696602,IN,IN,MEATC,RESEA,0.2,0.0,0.0,0.0,0.0,0.0
3696591,IN,IN,MEATC,BLAST,0.01,0.0,0.0,0.0,0.0,0.0
3696592,IN,IN,MEATC,COLLE,0.15,0.0,0.0,0.0,0.0,0.0
3696593,IN,IN,MEATC,CONST,0.02,0.0,0.0,0.0,0.0,0.0
3696595,IN,IN,MEATC,RETAI,1.38,0.0,0.0,0.0,0.0,0.0
3696599,IN,IN,MEATC,SUPPO,0.25,0.0,0.0,0.0,0.0,0.0
3696600,IN,IN,MEATC,POSTT,0.41,0.0,0.0,0.0,0.0,0.0
3696581,IN,IN,MEATC,FOUND,0.01,0.0,0.0,0.0,0.0,0.0
3696580,IN,IN,MEATC,NONF1,0.01,0.0,0.0,0.0,0.0,0.0
3696579,IN,IN,MEATC,COPP1,0.02,0.0,0.0,0.0,0.0,0.0
3696578,IN,IN,MEATC,NONME,0.07,0.0,0.0,0.0,0.0,0.0
3696577,IN,IN,MEATC,CEMEN,0.01,0.0,0.0,0.0,0.0,0.0
3696576,IN,IN,MEATC,GLASS,0.02,0.0,0.0,0.0,0.0,0.0
3696575,IN,IN,MEATC,RUBBE,1.25,0.0,0.0,0.0,0.0,0.0
3696574,IN,IN,MEATC,BIODI,0.08,0.0,0.0,0.0,0.0,0.0
3696573,IN,IN,MEATC,BIOGA,0.9,0.0,0.0,0.0,0.0,0.0
3696572,IN,IN,MEATC,CHARC,0.73,0.0,0.0,0.0,0.0,0.0
3696569,IN,IN,MEATC,NFERT,0.31,0.0,0.0,0.0,0.0,0.0
3696568,IN,IN,MEATC,PLAST,0.06,0.0,0.0,0.0,0.0,0.0
3696567,IN,IN,MEATC,PETRO,0.12,0.0,0.0,0.0,0.0,0.0
3696566,IN,IN,MEATC,PARAF,0.05,0.0,0.0,0.0,0.0,0.0
3696565,IN,IN,MEATC,LUBRI,0.02,0.0,0.0,0.0,0.0,0.0
3696564,IN,IN,MEATC,NAPHT,0.06,0.0,0.0,0.0,0.0,0.0
3696563,IN,IN,MEATC,LIQUE,0.05,0.0,0.0,0.0,0.0,0.0
3696601,IN,IN,MEATC,AUXIL,0.03,0.0,0.0,0.0,0.0,0.0
3696606,IN,IN,MEATC,FOOD3,0.02,0.0,0.0,0.0,0.0,0.0
3696651,IN,IN,MEAT1,MEATC,0.01,0.0,0.0,0.0,0.0,0.0
3696634,IN,IN,MEATP,COLLE,0.15,0.0,0.0,0.0,0.0,0.0
3696628,IN,IN,MEATP,CHARC,0.02,0.0,0.0,0.0,0.0,0.0
3696629,IN,IN,MEATP,BIOGA,0.01,0.0,0.0,0.0,0.0,0.0
3696630,IN,IN,MEATP,RUBBE,0.04,0.0,0.0,0.0,0.0,0.0
3696631,IN,IN,MEATP,MOTO1,0.26,0.0,0.0,0.0,0.0,0.0
3696632,IN,IN,MEATP,TRANS,0.11,0.0,0.0,0.0,0.0,0.0
3696633,IN,IN,MEATP,FURNI,0.08,0.0,0.0,0.0,0.0,0.0
3696635,IN,IN,MEATP,SALEM,0.06,0.0,0.0,0.0,0.0,0.0
3696607,IN,IN,MEATC,WASTE,0.02,0.0,0.0,0.0,0.0,0.0
3696636,IN,IN,MEATP,RETAI,0.2,0.0,0.0,0.0,0.0,0.0
3696640,IN,IN,MEATP,SUPPO,0.04,0.0,0.0,0.0,0.0,0.0
3696641,IN,IN,MEATP,POSTT,0.22,0.0,0.0,0.0,0.0,0.0
3696642,IN,IN,MEATP,AUXIL,0.01,0.0,0.0,0.0,0.0,0.0
3696643,IN,IN,MEATP,RESEA,0.12,0.0,0.0,0.0,0.0,0.0
3696650,IN,IN,MEAT1,PADDY,0.45,0.0,0.0,0.0,0.0,0.0
3696627,IN,IN,MEATP,CHEM1,0.46,0.0,0.0,0.0,0.0,0.0
3696626,IN,IN,MEATP,PFERT,0.33,0.0,0.0,0.0,0.0,0.0
3696625,IN,IN,MEATP,NFERT,0.02,0.0,0.0,0.0,0.0,0.0
3696624,IN,IN,MEATP,GASDI,0.01,0.0,0.0,0.0,0.0,0.0
3696623,IN,IN,MEATP,PRINT,0.05,0.0,0.0,0.0,0.0,0.0
3696622,IN,IN,MEATP,PAPER,0.01,0.0,0.0,0.0,0.0,0.0
3696621,IN,IN,MEATP,WOODW,0.11,0.0,0.0,0.0,0.0,0.0
3696620,IN,IN,MEATP,TEXTI,0.02,0.0,0.0,0.0,0.0,0.0
3696619,IN,IN,MEATP,TOBAC,0.16,0.0,0.0,0.0,0.0,0.0
3696618,IN,IN,MEATP,FISH5,0.02,0.0,0.0,0.0,0.0,0.0
3696617,IN,IN,MEATP,BEVER,0.37,0.0,0.0,0.0,0.0,0.0
3696615,IN,IN,MEATP,PROCE,0.13,0.0,0.0,0.0,0.0,0.0
3696614,IN,IN,MEATP,VEGE1,0.01,0.0,0.0,0.0,0.0,0.0
3696613,IN,IN,MEATP,MEATP,0.44,0.0,0.0,0.0,0.0,0.0
3696612,IN,IN,MEATP,MEATC,0.01,0.0,0.0,0.0,0.0,0.0
3696611,IN,IN,MEATP,PADDY,0.58,0.0,0.0,0.0,0.0,0.0
3696610,IN,IN,MEATC,93197,2.31,0.0,0.0,0.0,0.0,0.0
3697133,IN,IN,FOOD5,WEARI,0.02,0.0,0.0,0.0,0.0,0.0
3697136,IN,IN,FOOD5,PULP5,0.02,0.0,0.0,0.0,0.0,0.0
3696409,IN,IN,STONE,WOODW,0.01,0.0,0.0,0.0,0.0,0.0
3697752,IN,IN,WOODW,BIOGA,1.09,0.0,0.0,0.0,0.0,0.0
3697742,IN,IN,WOODW,LUBRI,0.22,0.0,0.0,0.0,0.0,0.0
3697743,IN,IN,WOODW,BITU1,0.19,0.0,0.0,0.0,0.0,0.0
3697744,IN,IN,WOODW,PARAF,0.1,0.0,0.0,0.0,0.0,0.0
3697745,IN,IN,WOODW,PETRO,0.31,0.0,0.0,0.0,0.0,0.0
3697746,IN,IN,WOODW,NONSP,0.3,0.0,0.0,0.0,0.0,0.0
3697751,IN,IN,WOODW,CHARC,1.26,0.0,0.0,0.0,0.0,0.0
3697753,IN,IN,WOODW,BIODI,0.16,0.0,0.0,0.0,0.0,0.0
3697740,IN,IN,WOODW,REFI1,0.02,0.0,0.0,0.0,0.0,0.0
3697757,IN,IN,WOODW,BRICK,1.18,0.0,0.0,0.0,0.0,0.0
3697763,IN,IN,WOODW,LEAD1,0.89,0.0,0.0,0.0,0.0,0.0
3697765,IN,IN,WOODW,NONF1,0.63,0.0,0.0,0.0,0.0,0.0
3697776,IN,IN,WOODW,SECO9,0.52,0.0,0.0,0.0,0.0,0.0
3697777,IN,IN,WOODW,ELEC1,0.04,0.0,0.0,0.0,0.0,0.0
3697778,IN,IN,WOODW,ELEC2,0.01,0.0,0.0,0.0,0.0,0.0
3697741,IN,IN,WOODW,NAPHT,2.25,0.0,0.0,0.0,0.0,0.0
3697738,IN,IN,WOODW,REFIN,0.13,0.0,0.0,0.0,0.0,0.0
3697708,IN,IN,WOODW,IRONO,0.02,0.0,0.0,0.0,0.0,0.0
3697716,IN,IN,WOODW,VEGE1,1.38,0.0,0.0,0.0,0.0,0.0
3697710,IN,IN,WOODW,SANDC,0.01,0.0,0.0,0.0,0.0,0.0
3697711,IN,IN,WOODW,CHEMI,0.02,0.0,0.0,0.0,0.0,0.0
3697712,IN,IN,WOODW,MEATC,0.79,0.0,0.0,0.0,0.0,0.0
3697713,IN,IN,WOODW,MEATP,0.02,0.0,0.0,0.0,0.0,0.0
3697714,IN,IN,WOODW,MEAT1,0.12,0.0,0.0,0.0,0.0,0.0
3697715,IN,IN,WOODW,MEAT4,1.63,0.0,0.0,0.0,0.0,0.0
3697717,IN,IN,WOODW,DAIRY,0.16,0.0,0.0,0.0,0.0,0.0
3697737,IN,IN,WOODW,HEAVY,0.83,0.0,0.0,0.0,0.0,0.0
3697719,IN,IN,WOODW,SUGA1,0.09,0.0,0.0,0.0,0.0,0.0
3697721,IN,IN,WOODW,BEVER,1.59,0.0,0.0,0.0,0.0,0.0
3697722,IN,IN,WOODW,FISH5,0.29,0.0,0.0,0.0,0.0,0.0
3697731,IN,IN,WOODW,COKEO,0.52,0.0,0.0,0.0,0.0,0.0
3697733,IN,IN,WOODW,AVIAT,0.01,0.0,0.0,0.0,0.0,0.0
3697735,IN,IN,WOODW,KERO1,0.36,0.0,0.0,0.0,0.0,0.0
3697779,IN,IN,WOODW,ELEC6,0.01,0.0,0.0,0.0,0.0,0.0
3697780,IN,IN,WOODW,BLAST,0.04,0.0,0.0,0.0,0.0,0.0
3694737,IN,IN,PADDY,COLLE,0.61,0.0,0.0,0.0,0.0,0.0
3697827,IN,IN,PULP5,KERO1,0.01,0.0,0.0,0.0,0.0,0.0
3697817,IN,IN,PULP5,FISH5,0.02,0.0,0.0,0.0,0.0,0.0
3697818,IN,IN,PULP5,TOBAC,0.05,0.0,0.0,0.0,0.0,0.0
3697820,IN,IN,PULP5,WEARI,1.03,0.0,0.0,0.0,0.0,0.0
3697821,IN,IN,PULP5,LEATH,0.03,0.0,0.0,0.0,0.0,0.0
3697825,IN,IN,PULP5,MOTOR,0.09,0.0,0.0,0.0,0.0,0.0
3697826,IN,IN,PULP5,KEROS,0.04,0.0,0.0,0.0,0.0,0.0
3697828,IN,IN,PULP5,GASDI,0.18,0.0,0.0,0.0,0.0,0.0
3697785,IN,IN,WOODW,RETAI,0.78,0.0,0.0,0.0,0.0,0.0
3697829,IN,IN,PULP5,HEAVY,0.01,0.0,0.0,0.0,0.0,0.0
3697830,IN,IN,PULP5,REFIN,0.01,0.0,0.0,0.0,0.0,0.0
3697831,IN,IN,PULP5,LIQUE,0.05,0.0,0.0,0.0,0.0,0.0
3697832,IN,IN,PULP5,NAPHT,0.03,0.0,0.0,0.0,0.0,0.0
3697833,IN,IN,PULP5,PARAF,0.01,0.0,0.0,0.0,0.0,0.0
3697834,IN,IN,PULP5,PETRO,0.01,0.0,0.0,0.0,0.0,0.0
3697816,IN,IN,PULP5,BEVER,0.05,0.0,0.0,0.0,0.0,0.0
3697815,IN,IN,PULP5,FOOD5,0.03,0.0,0.0,0.0,0.0,0.0
3697814,IN,IN,PULP5,PROCE,0.02,0.0,0.0,0.0,0.0,0.0
3697813,IN,IN,PULP5,DAIRY,0.01,0.0,0.0,0.0,0.0,0.0
3697812,IN,IN,PULP5,MEATC,0.04,0.0,0.0,0.0,0.0,0.0
3697811,IN,IN,PULP5,NATU1,0.05,0.0,0.0,0.0,0.0,0.0
3697810,IN,IN,PULP5,NATUR,0.29,0.0,0.0,0.0,0.0,0.0
3697808,IN,IN,PULP5,BKBPE,0.01,0.0,0.0,0.0,0.0,0.0
3697807,IN,IN,PULP5,LIGNI,0.03,0.0,0.0,0.0,0.0,0.0
3697805,IN,IN,PULP5,COKIN,0.12,0.0,0.0,0.0,0.0,0.0
3697804,IN,IN,PULP5,CROPS,0.01,0.0,0.0,0.0,0.0,0.0
3697803,IN,IN,PULP5,WHEAT,0.36,0.0,0.0,0.0,0.0,0.0
3697802,IN,IN,PULP5,PADDY,0.37,0.0,0.0,0.0,0.0,0.0
3697795,IN,IN,WOODW,PUBLI,0.01,0.0,0.0,0.0,0.0,0.0
3697792,IN,IN,WOODW,REALE,0.39,0.0,0.0,0.0,0.0,0.0
3697791,IN,IN,WOODW,AUXIL,0.75,0.0,0.0,0.0,0.0,0.0
3697789,IN,IN,WOODW,SUPPO,1.22,0.0,0.0,0.0,0.0,0.0
3697709,IN,IN,WOODW,NONFE,0.01,0.0,0.0,0.0,0.0,0.0
3697705,IN,IN,WOODW,BKBPE,0.11,0.0,0.0,0.0,0.0,0.0
3697838,IN,IN,PULP5,CHARC,0.07,0.0,0.0,0.0,0.0,0.0
3697637,IN,IN,LEATH,GASDI,2.37,0.0,0.0,0.0,0.0,0.0
3697630,IN,IN,LEATH,PULP5,0.07,0.0,0.0,0.0,0.0,0.0
3697631,IN,IN,LEATH,PAPER,2.11,0.0,0.0,0.0,0.0,0.0
3697633,IN,IN,LEATH,COKEO,0.1,0.0,0.0,0.0,0.0,0.0
3697634,IN,IN,LEATH,MOTOR,1.58,0.0,0.0,0.0,0.0,0.0
3697635,IN,IN,LEATH,KEROS,1.21,0.0,0.0,0.0,0.0,0.0
3697636,IN,IN,LEATH,KERO1,0.11,0.0,0.0,0.0,0.0,0.0
3697638,IN,IN,LEATH,HEAVY,0.29,0.0,0.0,0.0,0.0,0.0
3697623,IN,IN,LEATH,FOOD5,3.29,0.0,0.0,0.0,0.0,0.0
3697639,IN,IN,LEATH,REFIN,0.52,0.0,0.0,0.0,0.0,0.0
3697640,IN,IN,LEATH,LIQUE,0.56,0.0,0.0,0.0,0.0,0.0
3697641,IN,IN,LEATH,NAPHT,0.61,0.0,0.0,0.0,0.0,0.0
3697642,IN,IN,LEATH,LUBRI,0.15,0.0,0.0,0.0,0.0,0.0
3697643,IN,IN,LEATH,PARAF,0.56,0.0,0.0,0.0,0.0,0.0
3697644,IN,IN,LEATH,PETRO,1.29,0.0,0.0,0.0,0.0,0.0
3697625,IN,IN,LEATH,FISH5,1.41,0.0,0.0,0.0,0.0,0.0
3697622,IN,IN,LEATH,SUGA1,0.09,0.0,0.0,0.0,0.0,0.0
3697704,IN,IN,WOODW,LIGNI,0.46,0.0,0.0,0.0,0.0,0.0
3697612,IN,IN,WEARI,MEMBE,0.35,0.0,0.0,0.0,0.0,0.0
3697586,IN,IN,WEARI,DIST1,1.39,0.0,0.0,0.0,0.0,0.0
3697590,IN,IN,WEARI,RETAI,0.77,0.0,0.0,0.0,0.0,0.0
3697594,IN,IN,WEARI,LANDT,1.27,0.0,0.0,0.0,0.0,0.0
3697595,IN,IN,WEARI,SEACO,1.64,0.0,0.0,0.0,0.0,0.0
3697596,IN,IN,WEARI,INLAN,0.28,0.0,0.0,0.0,0.0,0.0
3697603,IN,IN,WEARI,REALE,0.02,0.0,0.0,0.0,0.0,0.0
3697613,IN,IN,WEARI,RECRE,2.33,0.0,0.0,0.0,0.0,0.0
3697621,IN,IN,LEATH,PROCE,2.04,0.0,0.0,0.0,0.0,0.0
3697614,IN,IN,WEARI,93197,0.81,0.0,0.0,0.0,0.0,0.0
3697616,IN,IN,LEATH,MEATP,0.01,0.0,0.0,0.0,0.0,0.0
3697617,IN,IN,LEATH,MEAT1,0.04,0.0,0.0,0.0,0.0,0.0
3697618,IN,IN,LEATH,MEAT4,0.12,0.0,0.0,0.0,0.0,0.0
3697619,IN,IN,LEATH,VEGE1,0.1,0.0,0.0,0.0,0.0,0.0
3697620,IN,IN,LEATH,DAIRY,0.48,0.0,0.0,0.0,0.0,0.0
3697645,IN,IN,LEATH,PLAST,2.23,0.0,0.0,0.0,0.0,0.0
3697646,IN,IN,LEATH,NFERT,0.58,0.0,0.0,0.0,0.0,0.0
3697651,IN,IN,LEATH,BIODI,0.94,0.0,0.0,0.0,0.0,0.0
3697689,IN,IN,LEATH,REALE,0.08,0.0,0.0,0.0,0.0,0.0
3697682,IN,IN,LEATH,DIST1,1.07,0.0,0.0,0.0,0.0,0.0
3697684,IN,IN,LEATH,CONST,0.66,0.0,0.0,0.0,0.0,0.0
3697685,IN,IN,LEATH,SALEM,0.02,0.0,0.0,0.0,0.0,0.0
3697686,IN,IN,LEATH,WHOLE,0.05,0.0,0.0,0.0,0.0,0.0
3697687,IN,IN,LEATH,RETA1,0.05,0.0,0.0,0.0,0.0,0.0
3697688,IN,IN,LEATH,LANDT,0.77,0.0,0.0,0.0,0.0,0.0
3697692,IN,IN,LEATH,FOOD3,0.73,0.0,0.0,0.0,0.0,0.0
3697653,IN,IN,LEATH,GLASS,2.0,0.0,0.0,0.0,0.0,0.0
3697693,IN,IN,LEATH,WASTE,0.73,0.0,0.0,0.0,0.0,0.0
3697694,IN,IN,WOODW,PADDY,1.5,0.0,0.0,0.0,0.0,0.0
3697695,IN,IN,WOODW,WHEAT,1.07,0.0,0.0,0.0,0.0,0.0
3697697,IN,IN,WOODW,VEGET,0.04,0.0,0.0,0.0,0.0,0.0
3697698,IN,IN,WOODW,SUGAR,0.99,0.0,0.0,0.0,0.0,0.0
3697702,IN,IN,WOODW,COKIN,1.94,0.0,0.0,0.0,0.0,0.0
3697681,IN,IN,LEATH,BLAST,0.04,0.0,0.0,0.0,0.0,0.0
3697680,IN,IN,LEATH,DISTR,0.03,0.0,0.0,0.0,0.0,0.0
3697679,IN,IN,LEATH,TRAN1,0.01,0.0,0.0,0.0,0.0,0.0
3697678,IN,IN,LEATH,ELEC6,0.01,0.0,0.0,0.0,0.0,0.0
3697677,IN,IN,LEATH,ELEC4,0.01,0.0,0.0,0.0,0.0,0.0
3697676,IN,IN,LEATH,ELEC2,0.07,0.0,0.0,0.0,0.0,0.0
3697675,IN,IN,LEATH,ELEC1,0.05,0.0,0.0,0.0,0.0,0.0
3697674,IN,IN,LEATH,SECO9,0.09,0.0,0.0,0.0,0.0,0.0
3697664,IN,IN,LEATH,FOUND,3.38,0.0,0.0,0.0,0.0,0.0
3697663,IN,IN,LEATH,NONF1,0.13,0.0,0.0,0.0,0.0,0.0
3697662,IN,IN,LEATH,COPP1,1.92,0.0,0.0,0.0,0.0,0.0
3697661,IN,IN,LEATH,LEAD1,0.18,0.0,0.0,0.0,0.0,0.0
3697660,IN,IN,LEATH,ALUM1,1.17,0.0,0.0,0.0,0.0,0.0
3697659,IN,IN,LEATH,PREC1,2.32,0.0,0.0,0.0,0.0,0.0
3697657,IN,IN,LEATH,NONME,1.12,0.0,0.0,0.0,0.0,0.0
3697656,IN,IN,LEATH,CEMEN,0.3,0.0,0.0,0.0,0.0,0.0
3697655,IN,IN,LEATH,BRICK,0.29,0.0,0.0,0.0,0.0,0.0
3697836,IN,IN,PULP5,PFERT,0.07,0.0,0.0,0.0,0.0,0.0
3697839,IN,IN,PULP5,BIOGA,0.05,0.0,0.0,0.0,0.0,0.0
3697137,IN,IN,FOOD5,PAPER,0.45,0.0,0.0,0.0,0.0,0.0
3698091,IN,IN,PRINT,BLAST,0.03,0.0,0.0,0.0,0.0,0.0
3698081,IN,IN,PRINT,ELEC2,2.33,0.0,0.0,0.0,0.0,0.0
3698082,IN,IN,PRINT,ELEC3,1.92,0.0,0.0,0.0,0.0,0.0
3698085,IN,IN,PRINT,ELEC6,0.04,0.0,0.0,0.0,0.0,0.0
3698086,IN,IN,PRINT,ELEC7,0.01,0.0,0.0,0.0,0.0,0.0
3698087,IN,IN,PRINT,ELEC8,2.04,0.0,0.0,0.0,0.0,0.0
3698090,IN,IN,PRINT,COKE1,0.01,0.0,0.0,0.0,0.0,0.0
3698096,IN,IN,PRINT,RETAI,2.11,0.0,0.0,0.0,0.0,0.0
3698074,IN,IN,PRINT,RADIO,2.3,0.0,0.0,0.0,0.0,0.0
3698100,IN,IN,PRINT,RAILW,1.94,0.0,0.0,0.0,0.0,0.0
3698102,IN,IN,PRINT,TRAN2,0.79,0.0,0.0,0.0,0.0,0.0
3698103,IN,IN,PRINT,SEACO,2.09,0.0,0.0,0.0,0.0,0.0
3698104,IN,IN,PRINT,INLAN,0.35,0.0,0.0,0.0,0.0,0.0
3698124,IN,IN,COKEO,TEXTI,0.01,0.0,0.0,0.0,0.0,0.0
3698125,IN,IN,COKEO,PAPER,0.06,0.0,0.0,0.0,0.0,0.0
3698079,IN,IN,PRINT,SECO9,1.85,0.0,0.0,0.0,0.0,0.0
3698072,IN,IN,PRINT,OFFIC,0.42,0.0,0.0,0.0,0.0,0.0
3698042,IN,IN,PRINT,GASDI,2.6,0.0,0.0,0.0,0.0,0.0
3698051,IN,IN,PRINT,NFERT,0.16,0.0,0.0,0.0,0.0,0.0
3698044,IN,IN,PRINT,REFIN,0.57,0.0,0.0,0.0,0.0,0.0
3698045,IN,IN,PRINT,LIQUE,0.61,0.0,0.0,0.0,0.0,0.0
3698046,IN,IN,PRINT,NAPHT,0.66,0.0,0.0,0.0,0.0,0.0
3698047,IN,IN,PRINT,LUBRI,0.14,0.0,0.0,0.0,0.0,0.0
3698048,IN,IN,PRINT,PARAF,0.61,0.0,0.0,0.0,0.0,0.0
3698049,IN,IN,PRINT,PETRO,1.41,0.0,0.0,0.0,0.0,0.0
3698052,IN,IN,PRINT,PFERT,2.47,0.0,0.0,0.0,0.0,0.0
3698069,IN,IN,PRINT,FOUND,1.4,0.0,0.0,0.0,0.0,0.0
3698056,IN,IN,PRINT,BIODI,0.99,0.0,0.0,0.0,0.0,0.0
3698059,IN,IN,PRINT,CERAM,0.15,0.0,0.0,0.0,0.0,0.0
3698060,IN,IN,PRINT,BRICK,0.01,0.0,0.0,0.0,0.0,0.0
3698061,IN,IN,PRINT,CEMEN,0.18,0.0,0.0,0.0,0.0,0.0
3698066,IN,IN,PRINT,LEAD1,0.55,0.0,0.0,0.0,0.0,0.0
3698068,IN,IN,PRINT,NONF1,1.21,0.0,0.0,0.0,0.0,0.0
3698126,IN,IN,COKEO,PLAST,0.01,0.0,0.0,0.0,0.0,0.0
3698128,IN,IN,COKEO,BIOGA,0.1,0.0,0.0,0.0,0.0,0.0
3698129,IN,IN,COKEO,RUBBE,0.02,0.0,0.0,0.0,0.0,0.0
3698167,IN,IN,MOTOR,NATU1,0.34,0.0,0.0,0.0,0.0,0.0
3698159,IN,IN,MOTOR,FORES,6.52,0.0,0.0,0.0,0.0,0.0
3698161,IN,IN,MOTOR,COKIN,0.18,0.0,0.0,0.0,0.0,0.0
3698162,IN,IN,MOTOR,BITUM,8.45,0.0,0.0,0.0,0.0,0.0
3698163,IN,IN,MOTOR,LIGNI,0.04,0.0,0.0,0.0,0.0,0.0
3698164,IN,IN,MOTOR,BKBPE,0.01,0.0,0.0,0.0,0.0,0.0
3698166,IN,IN,MOTOR,NATUR,2.05,0.0,0.0,0.0,0.0,0.0
3698168,IN,IN,MOTOR,MEATC,0.1,0.0,0.0,0.0,0.0,0.0
3698130,IN,IN,COKEO,GLASS,2.15,0.0,0.0,0.0,0.0,0.0
3698169,IN,IN,MOTOR,MEATP,0.01,0.0,0.0,0.0,0.0,0.0
3698170,IN,IN,MOTOR,MEAT1,0.09,0.0,0.0,0.0,0.0,0.0
3698171,IN,IN,MOTOR,MEAT4,0.88,0.0,0.0,0.0,0.0,0.0
3698172,IN,IN,MOTOR,VEGE1,2.18,0.0,0.0,0.0,0.0,0.0
3698173,IN,IN,MOTOR,DAIRY,0.02,0.0,0.0,0.0,0.0,0.0
3698175,IN,IN,MOTOR,SUGA1,0.42,0.0,0.0,0.0,0.0,0.0
3698158,IN,IN,MOTOR,CROPS,7.33,0.0,0.0,0.0,0.0,0.0
3698157,IN,IN,MOTOR,PLANT,2.55,0.0,0.0,0.0,0.0,0.0
3698156,IN,IN,MOTOR,SUGAR,0.94,0.0,0.0,0.0,0.0,0.0
3698155,IN,IN,MOTOR,OILSE,5.51,0.0,0.0,0.0,0.0,0.0
3698154,IN,IN,MOTOR,VEGET,1.82,0.0,0.0,0.0,0.0,0.0
3698153,IN,IN,MOTOR,CEREA,5.38,0.0,0.0,0.0,0.0,0.0
3698152,IN,IN,MOTOR,WHEAT,9.25,0.0,0.0,0.0,0.0,0.0
3698149,IN,IN,COKEO,REALE,0.05,0.0,0.0,0.0,0.0,0.0
3698148,IN,IN,COKEO,CONST,1.97,0.0,0.0,0.0,0.0,0.0
3698146,IN,IN,COKEO,BLAST,0.02,0.0,0.0,0.0,0.0,0.0
3698145,IN,IN,COKEO,ELEC2,0.04,0.0,0.0,0.0,0.0,0.0
3698144,IN,IN,COKEO,ELEC1,1.12,0.0,0.0,0.0,0.0,0.0
3698141,IN,IN,COKEO,RADIO,2.4,0.0,0.0,0.0,0.0,0.0
3698139,IN,IN,COKEO,OFFIC,0.17,0.0,0.0,0.0,0.0,0.0
3698133,IN,IN,COKEO,NONME,2.29,0.0,0.0,0.0,0.0,0.0
3698132,IN,IN,COKEO,CEMEN,0.03,0.0,0.0,0.0,0.0,0.0
3698131,IN,IN,COKEO,CERAM,0.02,0.0,0.0,0.0,0.0,0.0
3698043,IN,IN,PRINT,HEAVY,0.31,0.0,0.0,0.0,0.0,0.0
3698041,IN,IN,PRINT,KERO1,0.12,0.0,0.0,0.0,0.0,0.0
3697840,IN,IN,PULP5,BIODI,0.01,0.0,0.0,0.0,0.0,0.0
3697884,IN,IN,PAPER,COKIN,0.54,0.0,0.0,0.0,0.0,0.0
3697862,IN,IN,PULP5,DIST1,0.38,0.0,0.0,0.0,0.0,0.0
3697864,IN,IN,PULP5,CONST,0.01,0.0,0.0,0.0,0.0,0.0
3697868,IN,IN,PULP5,REALE,0.01,0.0,0.0,0.0,0.0,0.0
3697870,IN,IN,PULP5,COMPU,0.07,0.0,0.0,0.0,0.0,0.0
3697871,IN,IN,PULP5,PUBLI,0.76,0.0,0.0,0.0,0.0,0.0
3697877,IN,IN,PAPER,CEREA,1.55,0.0,0.0,0.0,0.0,0.0
3697886,IN,IN,PAPER,LIGNI,0.13,0.0,0.0,0.0,0.0,0.0
3697859,IN,IN,PULP5,TRANS,0.31,0.0,0.0,0.0,0.0,0.0
3697887,IN,IN,PAPER,BKBPE,0.03,0.0,0.0,0.0,0.0,0.0
3697889,IN,IN,PAPER,NATUR,1.45,0.0,0.0,0.0,0.0,0.0
3697890,IN,IN,PAPER,NATU1,0.24,0.0,0.0,0.0,0.0,0.0
3697892,IN,IN,PAPER,MEATP,0.31,0.0,0.0,0.0,0.0,0.0
3694736,IN,IN,PADDY,BLAST,0.04,0.0,0.0,0.0,0.0,0.0
3694735,IN,IN,PADDY,ELEC6,0.01,0.0,0.0,0.0,0.0,0.0
3697861,IN,IN,PULP5,SECO9,0.4,0.0,0.0,0.0,0.0,0.0
3697858,IN,IN,PULP5,MOTO1,0.13,0.0,0.0,0.0,0.0,0.0
3698040,IN,IN,PRINT,KEROS,1.32,0.0,0.0,0.0,0.0,0.0
3697848,IN,IN,PULP5,ALUM1,0.03,0.0,0.0,0.0,0.0,0.0
3697842,IN,IN,PULP5,GLASS,0.07,0.0,0.0,0.0,0.0,0.0
3697843,IN,IN,PULP5,CERAM,0.02,0.0,0.0,0.0,0.0,0.0
3697844,IN,IN,PULP5,CEMEN,0.01,0.0,0.0,0.0,0.0,0.0
3697845,IN,IN,PULP5,NONME,0.05,0.0,0.0,0.0,0.0,0.0
3697846,IN,IN,PULP5,BASIC,0.06,0.0,0.0,0.0,0.0,0.0
3697847,IN,IN,PULP5,PREC1,0.14,0.0,0.0,0.0,0.0,0.0
3697849,IN,IN,PULP5,LEAD1,0.01,0.0,0.0,0.0,0.0,0.0
3697857,IN,IN,PULP5,MEDIC,0.31,0.0,0.0,0.0,0.0,0.0
3697850,IN,IN,PULP5,COPP1,0.1,0.0,0.0,0.0,0.0,0.0
3697851,IN,IN,PULP5,FOUND,0.57,0.0,0.0,0.0,0.0,0.0
3697852,IN,IN,PULP5,FABRI,0.76,0.0,0.0,0.0,0.0,0.0
3697854,IN,IN,PULP5,OFFIC,1.03,0.0,0.0,0.0,0.0,0.0
3697855,IN,IN,PULP5,ELECT,0.5,0.0,0.0,0.0,0.0,0.0
3697856,IN,IN,PULP5,RADIO,0.05,0.0,0.0,0.0,0.0,0.0
3697912,IN,IN,PAPER,AVIAT,0.04,0.0,0.0,0.0,0.0,0.0
3697914,IN,IN,PAPER,KERO1,1.3,0.0,0.0,0.0,0.0,0.0
3697919,IN,IN,PAPER,REFI1,0.05,0.0,0.0,0.0,0.0,0.0
3698023,IN,IN,PRINT,VEGE1,0.11,0.0,0.0,0.0,0.0,0.0
3698015,IN,IN,PRINT,BKBPE,0.02,0.0,0.0,0.0,0.0,0.0
3698017,IN,IN,PRINT,NATUR,1.36,0.0,0.0,0.0,0.0,0.0
3698018,IN,IN,PRINT,NATU1,0.22,0.0,0.0,0.0,0.0,0.0
3698020,IN,IN,PRINT,MEATP,0.01,0.0,0.0,0.0,0.0,0.0
3698021,IN,IN,PRINT,MEAT1,0.05,0.0,0.0,0.0,0.0,0.0
3698022,IN,IN,PRINT,MEAT4,0.14,0.0,0.0,0.0,0.0,0.0
3698024,IN,IN,PRINT,DAIRY,0.59,0.0,0.0,0.0,0.0,0.0
3697921,IN,IN,PAPER,LUBRI,0.69,0.0,0.0,0.0,0.0,0.0
3698025,IN,IN,PRINT,PROCE,2.49,0.0,0.0,0.0,0.0,0.0
3698026,IN,IN,PRINT,SUGA1,0.13,0.0,0.0,0.0,0.0,0.0
3698029,IN,IN,PRINT,FISH5,1.83,0.0,0.0,0.0,0.0,0.0
3698035,IN,IN,PRINT,PULP5,1.74,0.0,0.0,0.0,0.0,0.0
3698038,IN,IN,PRINT,COKEO,0.22,0.0,0.0,0.0,0.0,0.0
3698039,IN,IN,PRINT,MOTOR,1.73,0.0,0.0,0.0,0.0,0.0
3698014,IN,IN,PRINT,LIGNI,0.09,0.0,0.0,0.0,0.0,0.0
3698012,IN,IN,PRINT,COKIN,0.38,0.0,0.0,0.0,0.0,0.0
3698009,IN,IN,PRINT,CROPS,1.58,0.0,0.0,0.0,0.0,0.0
3698007,IN,IN,PRINT,SUGAR,0.15,0.0,0.0,0.0,0.0,0.0
3698004,IN,IN,PRINT,CEREA,1.85,0.0,0.0,0.0,0.0,0.0
3697982,IN,IN,PAPER,INLAN,0.46,0.0,0.0,0.0,0.0,0.0
3697978,IN,IN,PAPER,RAILW,1.34,0.0,0.0,0.0,0.0,0.0
3697969,IN,IN,PAPER,BIOG1,0.27,0.0,0.0,0.0,0.0,0.0
3697968,IN,IN,PAPER,GASWO,0.07,0.0,0.0,0.0,0.0,0.0
3697967,IN,IN,PAPER,BLAST,0.85,0.0,0.0,0.0,0.0,0.0
3697966,IN,IN,PAPER,COKE1,0.61,0.0,0.0,0.0,0.0,0.0
3697962,IN,IN,PAPER,ELEC7,0.01,0.0,0.0,0.0,0.0,0.0
3697961,IN,IN,PAPER,ELEC6,0.07,0.0,0.0,0.0,0.0,0.0
3697944,IN,IN,PAPER,NONF1,0.93,0.0,0.0,0.0,0.0,0.0
3697942,IN,IN,PAPER,LEAD1,0.97,0.0,0.0,0.0,0.0,0.0
3697925,IN,IN,PAPER,NONSP,0.83,0.0,0.0,0.0,0.0,0.0
3697922,IN,IN,PAPER,BITU1,0.52,0.0,0.0,0.0,0.0,0.0
3697585,IN,IN,WEARI,BIOG1,0.05,0.0,0.0,0.0,0.0,0.0
3697584,IN,IN,WEARI,GASWO,0.01,0.0,0.0,0.0,0.0,0.0
3697583,IN,IN,WEARI,BLAST,0.18,0.0,0.0,0.0,0.0,0.0
3697284,IN,IN,FISH5,MOTOR,0.04,0.0,0.0,0.0,0.0,0.0
3697278,IN,IN,FISH5,TEXTI,0.29,0.0,0.0,0.0,0.0,0.0
3697279,IN,IN,FISH5,WEARI,0.01,0.0,0.0,0.0,0.0,0.0
3697280,IN,IN,FISH5,LEATH,0.07,0.0,0.0,0.0,0.0,0.0
3697281,IN,IN,FISH5,WOODW,0.02,0.0,0.0,0.0,0.0,0.0
3697282,IN,IN,FISH5,PAPER,0.42,0.0,0.0,0.0,0.0,0.0
3697283,IN,IN,FISH5,PRINT,1.31,0.0,0.0,0.0,0.0,0.0
3697285,IN,IN,FISH5,KEROS,0.03,0.0,0.0,0.0,0.0,0.0
3697271,IN,IN,FISH5,DAIRY,0.12,0.0,0.0,0.0,0.0,0.0
3697286,IN,IN,FISH5,GASDI,0.06,0.0,0.0,0.0,0.0,0.0
3697287,IN,IN,FISH5,HEAVY,0.01,0.0,0.0,0.0,0.0,0.0
3697288,IN,IN,FISH5,REFIN,0.01,0.0,0.0,0.0,0.0,0.0
3697289,IN,IN,FISH5,LIQUE,0.01,0.0,0.0,0.0,0.0,0.0
3697290,IN,IN,FISH5,NAPHT,0.02,0.0,0.0,0.0,0.0,0.0
3697291,IN,IN,FISH5,PARAF,0.01,0.0,0.0,0.0,0.0,0.0
3697273,IN,IN,FISH5,SUGA1,0.08,0.0,0.0,0.0,0.0,0.0
3697270,IN,IN,FISH5,VEGE1,1.25,0.0,0.0,0.0,0.0,0.0
3697238,IN,IN,BEVER,SALEM,0.8,0.0,0.0,0.0,0.0,0.0
3697258,IN,IN,FISH5,SUGAR,0.08,0.0,0.0,0.0,0.0,0.0
3697245,IN,IN,BEVER,RESEA,0.93,0.0,0.0,0.0,0.0,0.0
3697249,IN,IN,BEVER,FOOD3,1.74,0.0,0.0,0.0,0.0,0.0
3697250,IN,IN,BEVER,WASTE,1.74,0.0,0.0,0.0,0.0,0.0
3697255,IN,IN,FISH5,WHEAT,0.07,0.0,0.0,0.0,0.0,0.0
3697256,IN,IN,FISH5,CEREA,0.04,0.0,0.0,0.0,0.0,0.0
3697257,IN,IN,FISH5,VEGET,0.01,0.0,0.0,0.0,0.0,0.0
3697259,IN,IN,FISH5,CROPS,0.18,0.0,0.0,0.0,0.0,0.0
3697268,IN,IN,FISH5,MEAT1,0.16,0.0,0.0,0.0,0.0,0.0
3697260,IN,IN,FISH5,CATTL,0.25,0.0,0.0,0.0,0.0,0.0
3697261,IN,IN,FISH5,PIGS9,0.05,0.0,0.0,0.0,0.0,0.0
3697264,IN,IN,FISH5,BITUM,0.17,0.0,0.0,0.0,0.0,0.0
3697265,IN,IN,FISH5,CRUDE,0.02,0.0,0.0,0.0,0.0,0.0
3697266,IN,IN,FISH5,MEATC,0.28,0.0,0.0,0.0,0.0,0.0
3697267,IN,IN,FISH5,MEATP,0.03,0.0,0.0,0.0,0.0,0.0
3697292,IN,IN,FISH5,PETRO,0.03,0.0,0.0,0.0,0.0,0.0
3697293,IN,IN,FISH5,PLAST,0.05,0.0,0.0,0.0,0.0,0.0
3697294,IN,IN,FISH5,NFERT,0.01,0.0,0.0,0.0,0.0,0.0
3697326,IN,IN,FISH5,CONST,0.01,0.0,0.0,0.0,0.0,0.0
3697320,IN,IN,FISH5,FURNI,0.11,0.0,0.0,0.0,0.0,0.0
3697321,IN,IN,FISH5,SECO9,0.35,0.0,0.0,0.0,0.0,0.0
3697322,IN,IN,FISH5,ELEC1,0.02,0.0,0.0,0.0,0.0,0.0
3697323,IN,IN,FISH5,ELEC2,0.01,0.0,0.0,0.0,0.0,0.0
3697324,IN,IN,FISH5,BLAST,0.01,0.0,0.0,0.0,0.0,0.0
3697325,IN,IN,FISH5,COLLE,0.15,0.0,0.0,0.0,0.0,0.0
3697327,IN,IN,FISH5,SALEM,0.88,0.0,0.0,0.0,0.0,0.0
3697295,IN,IN,FISH5,PFERT,0.24,0.0,0.0,0.0,0.0,0.0
3697332,IN,IN,FISH5,SUPPO,1.67,0.0,0.0,0.0,0.0,0.0
3697334,IN,IN,FISH5,AUXIL,0.83,0.0,0.0,0.0,0.0,0.0
3697335,IN,IN,FISH5,REALE,0.02,0.0,0.0,0.0,0.0,0.0
3697336,IN,IN,FISH5,RESEA,0.78,0.0,0.0,0.0,0.0,0.0
3697345,IN,IN,TOBAC,BITUM,0.01,0.0,0.0,0.0,0.0,0.0
3697346,IN,IN,TOBAC,MEATC,0.12,0.0,0.0,0.0,0.0,0.0
3697319,IN,IN,FISH5,TRANS,0.24,0.0,0.0,0.0,0.0,0.0
3697318,IN,IN,FISH5,MOTO1,1.49,0.0,0.0,0.0,0.0,0.0
3697317,IN,IN,FISH5,MEDIC,0.02,0.0,0.0,0.0,0.0,0.0
3697316,IN,IN,FISH5,RADIO,0.05,0.0,0.0,0.0,0.0,0.0
3697311,IN,IN,FISH5,NONF1,0.14,0.0,0.0,0.0,0.0,0.0
3697310,IN,IN,FISH5,COPP1,1.56,0.0,0.0,0.0,0.0,0.0
3697309,IN,IN,FISH5,LEAD1,0.12,0.0,0.0,0.0,0.0,0.0
3697308,IN,IN,FISH5,ALUM1,0.44,0.0,0.0,0.0,0.0,0.0
3697306,IN,IN,FISH5,BASIC,1.66,0.0,0.0,0.0,0.0,0.0
3697305,IN,IN,FISH5,NONME,0.5,0.0,0.0,0.0,0.0,0.0
3697304,IN,IN,FISH5,CEMEN,0.01,0.0,0.0,0.0,0.0,0.0
3697303,IN,IN,FISH5,BRICK,0.16,0.0,0.0,0.0,0.0,0.0
3697302,IN,IN,FISH5,CERAM,0.59,0.0,0.0,0.0,0.0,0.0
3697301,IN,IN,FISH5,GLASS,0.7,0.0,0.0,0.0,0.0,0.0
3697299,IN,IN,FISH5,BIODI,0.02,0.0,0.0,0.0,0.0,0.0
3697298,IN,IN,FISH5,BIOGA,0.52,0.0,0.0,0.0,0.0,0.0
3697297,IN,IN,FISH5,CHARC,0.2,0.0,0.0,0.0,0.0,0.0
3697244,IN,IN,BEVER,AUXIL,0.83,0.0,0.0,0.0,0.0,0.0
3697237,IN,IN,BEVER,CONST,0.04,0.0,0.0,0.0,0.0,0.0
3697582,IN,IN,WEARI,COKE1,0.12,0.0,0.0,0.0,0.0,0.0
3697186,IN,IN,BEVER,MEATP,0.01,0.0,0.0,0.0,0.0,0.0
3697164,IN,IN,FOOD5,CONST,0.06,0.0,0.0,0.0,0.0,0.0
3697172,IN,IN,FOOD5,AUXIL,0.85,0.0,0.0,0.0,0.0,0.0
3697173,IN,IN,FOOD5,REALE,0.03,0.0,0.0,0.0,0.0,0.0
3697183,IN,IN,BEVER,BITUM,0.08,0.0,0.0,0.0,0.0,0.0
3697184,IN,IN,BEVER,CRUDE,0.01,0.0,0.0,0.0,0.0,0.0
3697185,IN,IN,BEVER,MEATC,1.06,0.0,0.0,0.0,0.0,0.0
3697187,IN,IN,BEVER,MEAT1,0.04,0.0,0.0,0.0,0.0,0.0
3697162,IN,IN,FOOD5,BLAST,0.03,0.0,0.0,0.0,0.0,0.0
3697188,IN,IN,BEVER,MEAT4,0.1,0.0,0.0,0.0,0.0,0.0
3697189,IN,IN,BEVER,VEGE1,0.03,0.0,0.0,0.0,0.0,0.0
3697190,IN,IN,BEVER,DAIRY,0.38,0.0,0.0,0.0,0.0,0.0
3697191,IN,IN,BEVER,PROCE,1.68,0.0,0.0,0.0,0.0,0.0
3697192,IN,IN,BEVER,SUGA1,0.28,0.0,0.0,0.0,0.0,0.0
3697195,IN,IN,BEVER,FISH5,1.54,0.0,0.0,0.0,0.0,0.0
3697163,IN,IN,FOOD5,COLLE,0.15,0.0,0.0,0.0,0.0,0.0
3697161,IN,IN,FOOD5,ELEC6,0.01,0.0,0.0,0.0,0.0,0.0
3697236,IN,IN,BEVER,COLLE,0.15,0.0,0.0,0.0,0.0,0.0
3697149,IN,IN,FOOD5,NONF1,0.52,0.0,0.0,0.0,0.0,0.0
3697139,IN,IN,FOOD5,LUBRI,0.1,0.0,0.0,0.0,0.0,0.0
3697140,IN,IN,FOOD5,PLAST,1.35,0.0,0.0,0.0,0.0,0.0
3697145,IN,IN,FOOD5,RUBBE,0.65,0.0,0.0,0.0,0.0,0.0
3697146,IN,IN,FOOD5,GLASS,0.06,0.0,0.0,0.0,0.0,0.0
3697147,IN,IN,FOOD5,NONME,0.18,0.0,0.0,0.0,0.0,0.0
3697148,IN,IN,FOOD5,COPP1,0.77,0.0,0.0,0.0,0.0,0.0
3697150,IN,IN,FOOD5,FOUND,0.02,0.0,0.0,0.0,0.0,0.0
3697160,IN,IN,FOOD5,ELEC2,0.05,0.0,0.0,0.0,0.0,0.0
3697151,IN,IN,FOOD5,FABRI,0.74,0.0,0.0,0.0,0.0,0.0
3697152,IN,IN,FOOD5,MACHI,0.47,0.0,0.0,0.0,0.0,0.0
3697153,IN,IN,FOOD5,OFFIC,0.06,0.0,0.0,0.0,0.0,0.0
3697154,IN,IN,FOOD5,ELECT,0.18,0.0,0.0,0.0,0.0,0.0
3697155,IN,IN,FOOD5,RADIO,0.01,0.0,0.0,0.0,0.0,0.0
3697159,IN,IN,FOOD5,SECO9,0.65,0.0,0.0,0.0,0.0,0.0
3697197,IN,IN,BEVER,TEXTI,1.61,0.0,0.0,0.0,0.0,0.0
3697198,IN,IN,BEVER,WEARI,0.02,0.0,0.0,0.0,0.0,0.0
3697199,IN,IN,BEVER,WOODW,0.03,0.0,0.0,0.0,0.0,0.0
3697228,IN,IN,BEVER,MACHI,0.08,0.0,0.0,0.0,0.0,0.0
3697222,IN,IN,BEVER,GLASS,0.02,0.0,0.0,0.0,0.0,0.0
3697223,IN,IN,BEVER,CEMEN,0.03,0.0,0.0,0.0,0.0,0.0
3697224,IN,IN,BEVER,NONME,0.01,0.0,0.0,0.0,0.0,0.0
3697225,IN,IN,BEVER,PREC1,0.01,0.0,0.0,0.0,0.0,0.0
3697226,IN,IN,BEVER,COPP1,0.01,0.0,0.0,0.0,0.0,0.0
3697227,IN,IN,BEVER,FABRI,0.38,0.0,0.0,0.0,0.0,0.0
3697229,IN,IN,BEVER,OFFIC,0.02,0.0,0.0,0.0,0.0,0.0
3697200,IN,IN,BEVER,PAPER,0.07,0.0,0.0,0.0,0.0,0.0
3697230,IN,IN,BEVER,ELECT,0.11,0.0,0.0,0.0,0.0,0.0
3697231,IN,IN,BEVER,MEDIC,0.2,0.0,0.0,0.0,0.0,0.0
3697232,IN,IN,BEVER,MOTO1,0.2,0.0,0.0,0.0,0.0,0.0
3697233,IN,IN,BEVER,FURNI,0.63,0.0,0.0,0.0,0.0,0.0
3697234,IN,IN,BEVER,SECO9,0.22,0.0,0.0,0.0,0.0,0.0
3697235,IN,IN,BEVER,ELEC2,0.01,0.0,0.0,0.0,0.0,0.0
3697220,IN,IN,BEVER,BIODI,0.21,0.0,0.0,0.0,0.0,0.0
3697218,IN,IN,BEVER,CHARC,1.81,0.0,0.0,0.0,0.0,0.0
3697215,IN,IN,BEVER,NFERT,0.82,0.0,0.0,0.0,0.0,0.0
3697214,IN,IN,BEVER,PLAST,0.74,0.0,0.0,0.0,0.0,0.0
3697213,IN,IN,BEVER,PETRO,0.3,0.0,0.0,0.0,0.0,0.0
3697212,IN,IN,BEVER,PARAF,0.13,0.0,0.0,0.0,0.0,0.0
3697211,IN,IN,BEVER,LUBRI,0.05,0.0,0.0,0.0,0.0,0.0
3697210,IN,IN,BEVER,NAPHT,0.14,0.0,0.0,0.0,0.0,0.0
3697209,IN,IN,BEVER,LIQUE,0.13,0.0,0.0,0.0,0.0,0.0
3697208,IN,IN,BEVER,REFIN,0.12,0.0,0.0,0.0,0.0,0.0
3697207,IN,IN,BEVER,HEAVY,0.07,0.0,0.0,0.0,0.0,0.0
3697206,IN,IN,BEVER,GASDI,0.55,0.0,0.0,0.0,0.0,0.0
3697205,IN,IN,BEVER,KERO1,0.03,0.0,0.0,0.0,0.0,0.0
3697204,IN,IN,BEVER,KEROS,0.28,0.0,0.0,0.0,0.0,0.0
3697203,IN,IN,BEVER,MOTOR,0.36,0.0,0.0,0.0,0.0,0.0
3697202,IN,IN,BEVER,COKEO,0.01,0.0,0.0,0.0,0.0,0.0
3697201,IN,IN,BEVER,PRINT,0.16,0.0,0.0,0.0,0.0,0.0
3697347,IN,IN,TOBAC,MEAT1,0.03,0.0,0.0,0.0,0.0,0.0
3697348,IN,IN,TOBAC,MEAT4,0.08,0.0,0.0,0.0,0.0,0.0
3697349,IN,IN,TOBAC,DAIRY,0.34,0.0,0.0,0.0,0.0,0.0
3697518,IN,IN,WEARI,DAIRY,0.05,0.0,0.0,0.0,0.0,0.0
3697512,IN,IN,WEARI,IRONO,0.01,0.0,0.0,0.0,0.0,0.0
3697513,IN,IN,WEARI,MEATC,0.43,0.0,0.0,0.0,0.0,0.0
3697514,IN,IN,WEARI,MEATP,0.01,0.0,0.0,0.0,0.0,0.0
3697515,IN,IN,WEARI,MEAT1,0.03,0.0,0.0,0.0,0.0,0.0
3697516,IN,IN,WEARI,MEAT4,0.71,0.0,0.0,0.0,0.0,0.0
3697517,IN,IN,WEARI,VEGE1,1.02,0.0,0.0,0.0,0.0,0.0
3697520,IN,IN,WEARI,SUGA1,0.19,0.0,0.0,0.0,0.0,0.0
3697508,IN,IN,WEARI,BKBPE,0.03,0.0,0.0,0.0,0.0,0.0
3697521,IN,IN,WEARI,FOOD5,2.08,0.0,0.0,0.0,0.0,0.0
3697522,IN,IN,WEARI,BEVER,1.12,0.0,0.0,0.0,0.0,0.0
3697523,IN,IN,WEARI,FISH5,0.17,0.0,0.0,0.0,0.0,0.0
3697524,IN,IN,WEARI,TOBAC,0.07,0.0,0.0,0.0,0.0,0.0
3697529,IN,IN,WEARI,PULP5,0.36,0.0,0.0,0.0,0.0,0.0
3697532,IN,IN,WEARI,COKEO,0.09,0.0,0.0,0.0,0.0,0.0
3697511,IN,IN,WEARI,NATU1,0.63,0.0,0.0,0.0,0.0,0.0
3697507,IN,IN,WEARI,LIGNI,0.14,0.0,0.0,0.0,0.0,0.0
3697350,IN,IN,TOBAC,PROCE,1.45,0.0,0.0,0.0,0.0,0.0
3697484,IN,IN,TEXTI,INSUR,1.19,0.0,0.0,0.0,0.0,0.0
3697469,IN,IN,TEXTI,BLAST,0.51,0.0,0.0,0.0,0.0,0.0
3697473,IN,IN,TEXTI,SALEM,1.64,0.0,0.0,0.0,0.0,0.0
3697477,IN,IN,TEXTI,HOTEL,1.1,0.0,0.0,0.0,0.0,0.0
3697478,IN,IN,TEXTI,RAILW,0.03,0.0,0.0,0.0,0.0,0.0
3697481,IN,IN,TEXTI,SEACO,0.28,0.0,0.0,0.0,0.0,0.0
3697482,IN,IN,TEXTI,INLAN,0.02,0.0,0.0,0.0,0.0,0.0
3697498,IN,IN,WEARI,PADDY,0.16,0.0,0.0,0.0,0.0,0.0
3697505,IN,IN,WEARI,COKIN,0.6,0.0,0.0,0.0,0.0,0.0
3697499,IN,IN,WEARI,WHEAT,0.08,0.0,0.0,0.0,0.0,0.0
3697500,IN,IN,WEARI,CEREA,0.02,0.0,0.0,0.0,0.0,0.0
3697501,IN,IN,WEARI,VEGET,0.05,0.0,0.0,0.0,0.0,0.0
3697502,IN,IN,WEARI,OILSE,0.04,0.0,0.0,0.0,0.0,0.0
3697503,IN,IN,WEARI,PLANT,0.03,0.0,0.0,0.0,0.0,0.0
3697504,IN,IN,WEARI,CROPS,0.01,0.0,0.0,0.0,0.0,0.0
3697533,IN,IN,WEARI,MOTOR,0.15,0.0,0.0,0.0,0.0,0.0
3697534,IN,IN,WEARI,KEROS,0.12,0.0,0.0,0.0,0.0,0.0
3697535,IN,IN,WEARI,KERO1,0.01,0.0,0.0,0.0,0.0,0.0
3697566,IN,IN,WEARI,OFFIC,0.54,0.0,0.0,0.0,0.0,0.0
3697558,IN,IN,WEARI,PREC1,0.58,0.0,0.0,0.0,0.0,0.0
3697559,IN,IN,WEARI,ALUM1,0.38,0.0,0.0,0.0,0.0,0.0
3697560,IN,IN,WEARI,LEAD1,0.07,0.0,0.0,0.0,0.0,0.0
3697561,IN,IN,WEARI,COPP1,0.63,0.0,0.0,0.0,0.0,0.0
3697562,IN,IN,WEARI,NONF1,0.04,0.0,0.0,0.0,0.0,0.0
3697563,IN,IN,WEARI,FOUND,1.2,0.0,0.0,0.0,0.0,0.0
3697571,IN,IN,WEARI,TRANS,1.02,0.0,0.0,0.0,0.0,0.0
3697536,IN,IN,WEARI,GASDI,0.23,0.0,0.0,0.0,0.0,0.0
3697573,IN,IN,WEARI,SECO9,0.95,0.0,0.0,0.0,0.0,0.0
3697575,IN,IN,WEARI,ELEC2,0.33,0.0,0.0,0.0,0.0,0.0
3697576,IN,IN,WEARI,ELEC3,0.5,0.0,0.0,0.0,0.0,0.0
3697578,IN,IN,WEARI,ELEC5,1.87,0.0,0.0,0.0,0.0,0.0
3697579,IN,IN,WEARI,ELEC6,0.02,0.0,0.0,0.0,0.0,0.0
3697580,IN,IN,WEARI,ELEC8,0.58,0.0,0.0,0.0,0.0,0.0
3697557,IN,IN,WEARI,BASIC,1.9,0.0,0.0,0.0,0.0,0.0
3697554,IN,IN,WEARI,BRICK,0.03,0.0,0.0,0.0,0.0,0.0
3697553,IN,IN,WEARI,CERAM,0.22,0.0,0.0,0.0,0.0,0.0
3697552,IN,IN,WEARI,GLASS,3.03,0.0,0.0,0.0,0.0,0.0
3697550,IN,IN,WEARI,BIODI,0.16,0.0,0.0,0.0,0.0,0.0
3697549,IN,IN,WEARI,BIOGA,1.47,0.0,0.0,0.0,0.0,0.0
3697548,IN,IN,WEARI,CHARC,0.74,0.0,0.0,0.0,0.0,0.0
3697546,IN,IN,WEARI,PFERT,2.6,0.0,0.0,0.0,0.0,0.0
3697545,IN,IN,WEARI,NFERT,0.1,0.0,0.0,0.0,0.0,0.0
3697544,IN,IN,WEARI,PLAST,0.77,0.0,0.0,0.0,0.0,0.0
3697543,IN,IN,WEARI,PETRO,0.12,0.0,0.0,0.0,0.0,0.0
3697542,IN,IN,WEARI,PARAF,0.05,0.0,0.0,0.0,0.0,0.0
3697541,IN,IN,WEARI,LUBRI,0.01,0.0,0.0,0.0,0.0,0.0
3697540,IN,IN,WEARI,NAPHT,0.06,0.0,0.0,0.0,0.0,0.0
3697539,IN,IN,WEARI,LIQUE,0.05,0.0,0.0,0.0,0.0,0.0
3697538,IN,IN,WEARI,REFIN,0.05,0.0,0.0,0.0,0.0,0.0
3697537,IN,IN,WEARI,HEAVY,0.03,0.0,0.0,0.0,0.0,0.0
3697468,IN,IN,TEXTI,DISTR,0.01,0.0,0.0,0.0,0.0,0.0
3697467,IN,IN,TEXTI,ELEC7,0.01,0.0,0.0,0.0,0.0,0.0
3697466,IN,IN,TEXTI,ELEC6,0.11,0.0,0.0,0.0,0.0,0.0
3697379,IN,IN,TOBAC,HEALT,0.11,0.0,0.0,0.0,0.0,0.0
3697369,IN,IN,TOBAC,SALEM,0.1,0.0,0.0,0.0,0.0,0.0
3697370,IN,IN,TOBAC,RETAI,0.03,0.0,0.0,0.0,0.0,0.0
3697373,IN,IN,TOBAC,HOTEL,0.24,0.0,0.0,0.0,0.0,0.0
3697374,IN,IN,TOBAC,POSTT,0.61,0.0,0.0,0.0,0.0,0.0
3697375,IN,IN,TOBAC,AUXIL,0.01,0.0,0.0,0.0,0.0,0.0
3697376,IN,IN,TOBAC,RESEA,0.03,0.0,0.0,0.0,0.0,0.0
3697380,IN,IN,TOBAC,FOOD3,0.01,0.0,0.0,0.0,0.0,0.0
3697390,IN,IN,TEXTI,CROPS,0.99,0.0,0.0,0.0,0.0,0.0
3697381,IN,IN,TOBAC,WASTE,0.01,0.0,0.0,0.0,0.0,0.0
3697382,IN,IN,TOBAC,MEMBE,0.75,0.0,0.0,0.0,0.0,0.0
3697383,IN,IN,TOBAC,RECRE,0.69,0.0,0.0,0.0,0.0,0.0
3697384,IN,IN,TOBAC,93197,1.08,0.0,0.0,0.0,0.0,0.0
3697387,IN,IN,TEXTI,CEREA,0.21,0.0,0.0,0.0,0.0,0.0
3697388,IN,IN,TEXTI,VEGET,0.01,0.0,0.0,0.0,0.0,0.0
3697368,IN,IN,TOBAC,COLLE,0.15,0.0,0.0,0.0,0.0,0.0
3697367,IN,IN,TOBAC,BLAST,0.03,0.0,0.0,0.0,0.0,0.0
3697366,IN,IN,TOBAC,ELEC6,0.01,0.0,0.0,0.0,0.0,0.0
3697365,IN,IN,TOBAC,ELEC2,0.05,0.0,0.0,0.0,0.0,0.0
3697364,IN,IN,TOBAC,MACHI,0.03,0.0,0.0,0.0,0.0,0.0
3697363,IN,IN,TOBAC,NONME,2.08,0.0,0.0,0.0,0.0,0.0
3697362,IN,IN,TOBAC,RUBBE,0.02,0.0,0.0,0.0,0.0,0.0
3697361,IN,IN,TOBAC,BIOGA,0.02,0.0,0.0,0.0,0.0,0.0
3697360,IN,IN,TOBAC,CHARC,0.01,0.0,0.0,0.0,0.0,0.0
3697359,IN,IN,TOBAC,CHEM1,2.94,0.0,0.0,0.0,0.0,0.0
3697358,IN,IN,TOBAC,PFERT,1.14,0.0,0.0,0.0,0.0,0.0
3697357,IN,IN,TOBAC,NFERT,0.08,0.0,0.0,0.0,0.0,0.0
3697356,IN,IN,TOBAC,TEXTI,0.01,0.0,0.0,0.0,0.0,0.0
3697354,IN,IN,TOBAC,FISH5,1.53,0.0,0.0,0.0,0.0,0.0
3697353,IN,IN,TOBAC,BEVER,0.01,0.0,0.0,0.0,0.0,0.0
3697352,IN,IN,TOBAC,FOOD5,2.55,0.0,0.0,0.0,0.0,0.0
3697351,IN,IN,TOBAC,SUGA1,0.02,0.0,0.0,0.0,0.0,0.0
3697389,IN,IN,TEXTI,SUGAR,0.13,0.0,0.0,0.0,0.0,0.0
3697391,IN,IN,TEXTI,CATTL,0.02,0.0,0.0,0.0,0.0,0.0
3697465,IN,IN,TEXTI,ELEC2,0.88,0.0,0.0,0.0,0.0,0.0
3697434,IN,IN,TEXTI,PLAST,0.96,0.0,0.0,0.0,0.0,0.0
3697427,IN,IN,TEXTI,REFI1,0.02,0.0,0.0,0.0,0.0,0.0
3697429,IN,IN,TEXTI,LUBRI,0.78,0.0,0.0,0.0,0.0,0.0
3697430,IN,IN,TEXTI,BITU1,0.23,0.0,0.0,0.0,0.0,0.0
3697431,IN,IN,TEXTI,PARAF,0.23,0.0,0.0,0.0,0.0,0.0
3697432,IN,IN,TEXTI,PETRO,0.64,0.0,0.0,0.0,0.0,0.0
3697433,IN,IN,TEXTI,NONSP,0.37,0.0,0.0,0.0,0.0,0.0
3694738,IN,IN,PADDY,CONST,0.04,0.0,0.0,0.0,0.0,0.0
3697392,IN,IN,TEXTI,PIGS9,0.01,0.0,0.0,0.0,0.0,0.0
3697440,IN,IN,TEXTI,BIODI,0.37,0.0,0.0,0.0,0.0,0.0
3697444,IN,IN,TEXTI,BRICK,1.16,0.0,0.0,0.0,0.0,0.0
3697450,IN,IN,TEXTI,LEAD1,0.6,0.0,0.0,0.0,0.0,0.0
3697452,IN,IN,TEXTI,NONF1,0.36,0.0,0.0,0.0,0.0,0.0
3697463,IN,IN,TEXTI,SECO9,2.06,0.0,0.0,0.0,0.0,0.0
3697464,IN,IN,TEXTI,ELEC1,0.06,0.0,0.0,0.0,0.0,0.0
3697425,IN,IN,TEXTI,REFIN,0.27,0.0,0.0,0.0,0.0,0.0
3697424,IN,IN,TEXTI,HEAVY,1.08,0.0,0.0,0.0,0.0,0.0
3697422,IN,IN,TEXTI,KERO1,0.47,0.0,0.0,0.0,0.0,0.0
3697420,IN,IN,TEXTI,AVIAT,0.02,0.0,0.0,0.0,0.0,0.0
3697418,IN,IN,TEXTI,COKEO,0.69,0.0,0.0,0.0,0.0,0.0
3697415,IN,IN,TEXTI,PULP5,0.17,0.0,0.0,0.0,0.0,0.0
3694740,IN,IN,PADDY,REALE,0.01,0.0,0.0,0.0,0.0,0.0
3697406,IN,IN,TEXTI,SUGA1,0.09,0.0,0.0,0.0,0.0,0.0
3697404,IN,IN,TEXTI,DAIRY,0.26,0.0,0.0,0.0,0.0,0.0
3697403,IN,IN,TEXTI,VEGE1,0.29,0.0,0.0,0.0,0.0,0.0
3697402,IN,IN,TEXTI,MEAT4,2.45,0.0,0.0,0.0,0.0,0.0
3697401,IN,IN,TEXTI,MEAT1,0.18,0.0,0.0,0.0,0.0,0.0
3697400,IN,IN,TEXTI,MEATP,0.04,0.0,0.0,0.0,0.0,0.0
3697399,IN,IN,TEXTI,MEATC,1.9,0.0,0.0,0.0,0.0,0.0
3697398,IN,IN,TEXTI,BITUM,0.03,0.0,0.0,0.0,0.0,0.0
3697394,IN,IN,TEXTI,ANIMA,0.08,0.0,0.0,0.0,0.0,0.0
3697393,IN,IN,TEXTI,MEATA,0.04,0.0,0.0,0.0,0.0,0.0
3696410,IN,IN,STONE,PAPER,0.08,0.0,0.0,0.0,0.0,0.0
3696408,IN,IN,STONE,TEXTI,0.02,0.0,0.0,0.0,0.0,0.0
3701922,IN,IN,ELEC5,CEREA,0.78,0.0,0.0,0.0,0.0,0.0
3695335,IN,IN,CATTL,GASDI,0.13,0.0,0.0,0.0,0.0,0.0
3695329,IN,IN,CATTL,WOODW,0.69,0.0,0.0,0.0,0.0,0.0
3695330,IN,IN,CATTL,PAPER,0.03,0.0,0.0,0.0,0.0,0.0
3695331,IN,IN,CATTL,PRINT,0.07,0.0,0.0,0.0,0.0,0.0
3695332,IN,IN,CATTL,MOTOR,0.09,0.0,0.0,0.0,0.0,0.0
3695333,IN,IN,CATTL,KEROS,0.07,0.0,0.0,0.0,0.0,0.0
3695334,IN,IN,CATTL,KERO1,0.01,0.0,0.0,0.0,0.0,0.0
3695336,IN,IN,CATTL,HEAVY,0.02,0.0,0.0,0.0,0.0,0.0
3695325,IN,IN,CATTL,FISH5,0.08,0.0,0.0,0.0,0.0,0.0
3695337,IN,IN,CATTL,REFIN,0.03,0.0,0.0,0.0,0.0,0.0
3695338,IN,IN,CATTL,LIQUE,0.03,0.0,0.0,0.0,0.0,0.0
3695339,IN,IN,CATTL,NAPHT,0.03,0.0,0.0,0.0,0.0,0.0
3695340,IN,IN,CATTL,LUBRI,0.01,0.0,0.0,0.0,0.0,0.0
3695341,IN,IN,CATTL,PARAF,0.03,0.0,0.0,0.0,0.0,0.0
3695342,IN,IN,CATTL,PETRO,0.07,0.0,0.0,0.0,0.0,0.0
3695327,IN,IN,CATTL,WEARI,0.15,0.0,0.0,0.0,0.0,0.0
3695323,IN,IN,CATTL,FOOD5,0.18,0.0,0.0,0.0,0.0,0.0
3695290,IN,IN,CROPS,COLLE,0.61,0.0,0.0,0.0,0.0,0.0
3695306,IN,IN,CROPS,WASTE,0.78,0.0,0.0,0.0,0.0,0.0
3695293,IN,IN,CROPS,WHOLE,0.01,0.0,0.0,0.0,0.0,0.0
3695294,IN,IN,CROPS,RETA1,0.01,0.0,0.0,0.0,0.0,0.0
3695297,IN,IN,CROPS,SUPPO,0.24,0.0,0.0,0.0,0.0,0.0
3695299,IN,IN,CROPS,AUXIL,0.06,0.0,0.0,0.0,0.0,0.0
3695300,IN,IN,CROPS,REALE,0.02,0.0,0.0,0.0,0.0,0.0
3695305,IN,IN,CROPS,FOOD3,0.78,0.0,0.0,0.0,0.0,0.0
3695311,IN,IN,CATTL,POULT,0.02,0.0,0.0,0.0,0.0,0.0
3695322,IN,IN,CATTL,SUGA1,0.9,0.0,0.0,0.0,0.0,0.0
3695312,IN,IN,CATTL,MEATA,0.07,0.0,0.0,0.0,0.0,0.0
3695315,IN,IN,CATTL,FISHF,0.28,0.0,0.0,0.0,0.0,0.0
3695316,IN,IN,CATTL,BITUM,0.08,0.0,0.0,0.0,0.0,0.0
3695318,IN,IN,CATTL,MEAT4,0.01,0.0,0.0,0.0,0.0,0.0
3695320,IN,IN,CATTL,DAIRY,0.03,0.0,0.0,0.0,0.0,0.0
3695321,IN,IN,CATTL,PROCE,0.11,0.0,0.0,0.0,0.0,0.0
3695343,IN,IN,CATTL,PLAST,0.25,0.0,0.0,0.0,0.0,0.0
3695345,IN,IN,CATTL,PFERT,0.96,0.0,0.0,0.0,0.0,0.0
3695347,IN,IN,CATTL,CHARC,0.43,0.0,0.0,0.0,0.0,0.0
3695379,IN,IN,PIGS9,CRUDE,0.05,0.0,0.0,0.0,0.0,0.0
3695372,IN,IN,PIGS9,PIGS9,0.11,0.0,0.0,0.0,0.0,0.0
3695373,IN,IN,PIGS9,POULT,0.04,0.0,0.0,0.0,0.0,0.0
3695374,IN,IN,PIGS9,ANIMA,0.32,0.0,0.0,0.0,0.0,0.0
3695375,IN,IN,PIGS9,RAWMI,0.24,0.0,0.0,0.0,0.0,0.0
3695376,IN,IN,PIGS9,COKIN,0.02,0.0,0.0,0.0,0.0,0.0
3695378,IN,IN,PIGS9,LIGNI,0.01,0.0,0.0,0.0,0.0,0.0
3695380,IN,IN,PIGS9,MEATC,0.26,0.0,0.0,0.0,0.0,0.0
3695349,IN,IN,CATTL,BIODI,0.05,0.0,0.0,0.0,0.0,0.0
3695382,IN,IN,PIGS9,MEAT4,0.01,0.0,0.0,0.0,0.0,0.0
3695383,IN,IN,PIGS9,VEGE1,0.27,0.0,0.0,0.0,0.0,0.0
3695384,IN,IN,PIGS9,DAIRY,0.03,0.0,0.0,0.0,0.0,0.0
3695385,IN,IN,PIGS9,PROCE,0.12,0.0,0.0,0.0,0.0,0.0
3695386,IN,IN,PIGS9,SUGA1,0.05,0.0,0.0,0.0,0.0,0.0
3695387,IN,IN,PIGS9,FOOD5,0.2,0.0,0.0,0.0,0.0,0.0
3695371,IN,IN,PIGS9,CATTL,0.01,0.0,0.0,0.0,0.0,0.0
3695370,IN,IN,CATTL,WASTE,0.1,0.0,0.0,0.0,0.0,0.0
3695369,IN,IN,CATTL,FOOD3,0.11,0.0,0.0,0.0,0.0,0.0
3695366,IN,IN,CATTL,REALE,0.01,0.0,0.0,0.0,0.0,0.0
3695365,IN,IN,CATTL,HOTEL,0.35,0.0,0.0,0.0,0.0,0.0
3695364,IN,IN,CATTL,CONST,0.19,0.0,0.0,0.0,0.0,0.0
3695363,IN,IN,CATTL,COLLE,0.61,0.0,0.0,0.0,0.0,0.0
3695362,IN,IN,CATTL,BLAST,0.04,0.0,0.0,0.0,0.0,0.0
3695361,IN,IN,CATTL,ELEC6,0.01,0.0,0.0,0.0,0.0,0.0
3695360,IN,IN,CATTL,ELEC2,0.07,0.0,0.0,0.0,0.0,0.0
3695359,IN,IN,CATTL,SECO9,0.01,0.0,0.0,0.0,0.0,0.0
3695357,IN,IN,CATTL,MOTO1,0.01,0.0,0.0,0.0,0.0,0.0
3695356,IN,IN,CATTL,MEDIC,0.05,0.0,0.0,0.0,0.0,0.0
3695355,IN,IN,CATTL,ELECT,0.06,0.0,0.0,0.0,0.0,0.0
3695354,IN,IN,CATTL,MACHI,0.05,0.0,0.0,0.0,0.0,0.0
3695352,IN,IN,CATTL,CEMEN,0.01,0.0,0.0,0.0,0.0,0.0
3695351,IN,IN,CATTL,GLASS,0.01,0.0,0.0,0.0,0.0,0.0
3695292,IN,IN,CROPS,SALEM,0.01,0.0,0.0,0.0,0.0,0.0
3695289,IN,IN,CROPS,BLAST,0.06,0.0,0.0,0.0,0.0,0.0
3695389,IN,IN,PIGS9,FISH5,0.09,0.0,0.0,0.0,0.0,0.0
3695223,IN,IN,CROPS,COKIN,0.05,0.0,0.0,0.0,0.0,0.0
3695207,IN,IN,PLANT,FOOD3,0.09,0.0,0.0,0.0,0.0,0.0
3695208,IN,IN,PLANT,WASTE,0.09,0.0,0.0,0.0,0.0,0.0
3695209,IN,IN,CROPS,PADDY,1.1,0.0,0.0,0.0,0.0,0.0
3695212,IN,IN,CROPS,VEGET,0.41,0.0,0.0,0.0,0.0,0.0
3695213,IN,IN,CROPS,OILSE,0.05,0.0,0.0,0.0,0.0,0.0
3694761,IN,IN,WHEAT,WOOLS,0.02,0.0,0.0,0.0,0.0,0.0
3695225,IN,IN,CROPS,LIGNI,0.01,0.0,0.0,0.0,0.0,0.0
3695204,IN,IN,PLANT,POSTT,0.02,0.0,0.0,0.0,0.0,0.0
3695226,IN,IN,CROPS,CRUDE,0.49,0.0,0.0,0.0,0.0,0.0
3695227,IN,IN,CROPS,NATUR,0.09,0.0,0.0,0.0,0.0,0.0
3695228,IN,IN,CROPS,NATU1,0.02,0.0,0.0,0.0,0.0,0.0
3695230,IN,IN,CROPS,MEATP,0.02,0.0,0.0,0.0,0.0,0.0
3695231,IN,IN,CROPS,MEAT1,0.13,0.0,0.0,0.0,0.0,0.0
3695232,IN,IN,CROPS,MEAT4,0.37,0.0,0.0,0.0,0.0,0.0
3695205,IN,IN,PLANT,REALE,0.01,0.0,0.0,0.0,0.0,0.0
3694762,IN,IN,WHEAT,FISHF,0.04,0.0,0.0,0.0,0.0,0.0
3695287,IN,IN,CROPS,ELEC6,0.01,0.0,0.0,0.0,0.0,0.0
3695189,IN,IN,PLANT,RADIO,0.57,0.0,0.0,0.0,0.0,0.0
3695180,IN,IN,PLANT,PREC1,0.03,0.0,0.0,0.0,0.0,0.0
3695181,IN,IN,PLANT,ALUM1,0.02,0.0,0.0,0.0,0.0,0.0
3695182,IN,IN,PLANT,LEAD1,0.01,0.0,0.0,0.0,0.0,0.0
3695183,IN,IN,PLANT,COPP1,0.15,0.0,0.0,0.0,0.0,0.0
3695184,IN,IN,PLANT,FOUND,0.18,0.0,0.0,0.0,0.0,0.0
3695187,IN,IN,PLANT,OFFIC,0.46,0.0,0.0,0.0,0.0,0.0
3695192,IN,IN,PLANT,TRANS,0.25,0.0,0.0,0.0,0.0,0.0
3694763,IN,IN,WHEAT,BITUM,0.02,0.0,0.0,0.0,0.0,0.0
3695194,IN,IN,PLANT,SECO9,0.01,0.0,0.0,0.0,0.0,0.0
3695195,IN,IN,PLANT,ELEC2,0.23,0.0,0.0,0.0,0.0,0.0
3695196,IN,IN,PLANT,ELEC6,0.03,0.0,0.0,0.0,0.0,0.0
3695197,IN,IN,PLANT,BLAST,0.13,0.0,0.0,0.0,0.0,0.0
3695198,IN,IN,PLANT,COLLE,0.61,0.0,0.0,0.0,0.0,0.0
3695199,IN,IN,PLANT,CONST,0.51,0.0,0.0,0.0,0.0,0.0
3695233,IN,IN,CROPS,VEGE1,0.05,0.0,0.0,0.0,0.0,0.0
3695236,IN,IN,CROPS,SUGA1,0.69,0.0,0.0,0.0,0.0,0.0
3695242,IN,IN,CROPS,WEARI,0.64,0.0,0.0,0.0,0.0,0.0
3695278,IN,IN,CROPS,MACHI,0.43,0.0,0.0,0.0,0.0,0.0
3695272,IN,IN,CROPS,PREC1,0.08,0.0,0.0,0.0,0.0,0.0
3695273,IN,IN,CROPS,ALUM1,0.02,0.0,0.0,0.0,0.0,0.0
3695274,IN,IN,CROPS,LEAD1,0.01,0.0,0.0,0.0,0.0,0.0
3695275,IN,IN,CROPS,COPP1,0.07,0.0,0.0,0.0,0.0,0.0
3695276,IN,IN,CROPS,FOUND,0.02,0.0,0.0,0.0,0.0,0.0
3695277,IN,IN,CROPS,FABRI,1.11,0.0,0.0,0.0,0.0,0.0
3695279,IN,IN,CROPS,OFFIC,0.06,0.0,0.0,0.0,0.0,0.0
3695245,IN,IN,CROPS,PULP5,0.21,0.0,0.0,0.0,0.0,0.0
3695280,IN,IN,CROPS,ELECT,0.23,0.0,0.0,0.0,0.0,0.0
3695281,IN,IN,CROPS,RADIO,0.01,0.0,0.0,0.0,0.0,0.0
3695282,IN,IN,CROPS,MEDIC,0.43,0.0,0.0,0.0,0.0,0.0
3695283,IN,IN,CROPS,MOTO1,0.33,0.0,0.0,0.0,0.0,0.0
3695285,IN,IN,CROPS,SECO9,0.1,0.0,0.0,0.0,0.0,0.0
3695286,IN,IN,CROPS,ELEC2,0.1,0.0,0.0,0.0,0.0,0.0
3695270,IN,IN,CROPS,CEMEN,0.05,0.0,0.0,0.0,0.0,0.0
3695269,IN,IN,CROPS,CERAM,0.01,0.0,0.0,0.0,0.0,0.0
3695268,IN,IN,CROPS,GLASS,0.13,0.0,0.0,0.0,0.0,0.0
3695266,IN,IN,CROPS,BIODI,0.38,0.0,0.0,0.0,0.0,0.0
3695260,IN,IN,CROPS,PLAST,0.87,0.0,0.0,0.0,0.0,0.0
3695259,IN,IN,CROPS,PETRO,0.54,0.0,0.0,0.0,0.0,0.0
3695258,IN,IN,CROPS,PARAF,0.23,0.0,0.0,0.0,0.0,0.0
3695257,IN,IN,CROPS,LUBRI,0.38,0.0,0.0,0.0,0.0,0.0
3695256,IN,IN,CROPS,NAPHT,0.25,0.0,0.0,0.0,0.0,0.0
3695255,IN,IN,CROPS,LIQUE,0.23,0.0,0.0,0.0,0.0,0.0
3695254,IN,IN,CROPS,REFIN,0.22,0.0,0.0,0.0,0.0,0.0
3695253,IN,IN,CROPS,HEAVY,0.12,0.0,0.0,0.0,0.0,0.0
3695252,IN,IN,CROPS,GASDI,1.0,0.0,0.0,0.0,0.0,0.0
3695251,IN,IN,CROPS,KERO1,0.05,0.0,0.0,0.0,0.0,0.0
3695250,IN,IN,CROPS,KEROS,0.51,0.0,0.0,0.0,0.0,0.0
3695249,IN,IN,CROPS,MOTOR,0.67,0.0,0.0,0.0,0.0,0.0
3695248,IN,IN,CROPS,COKEO,0.02,0.0,0.0,0.0,0.0,0.0
3695388,IN,IN,PIGS9,BEVER,0.44,0.0,0.0,0.0,0.0,0.0
3695390,IN,IN,PIGS9,TOBAC,0.02,0.0,0.0,0.0,0.0,0.0
3695578,IN,IN,RAWMI,MEATC,1.09,0.0,0.0,0.0,0.0,0.0
3695517,IN,IN,ANIMA,SUGA1,0.08,0.0,0.0,0.0,0.0,0.0
3695510,IN,IN,ANIMA,WOOLS,0.15,0.0,0.0,0.0,0.0,0.0
3695511,IN,IN,ANIMA,FISHF,0.81,0.0,0.0,0.0,0.0,0.0
3695512,IN,IN,ANIMA,MEATC,0.51,0.0,0.0,0.0,0.0,0.0
3695514,IN,IN,ANIMA,VEGE1,0.46,0.0,0.0,0.0,0.0,0.0
3695515,IN,IN,ANIMA,DAIRY,0.06,0.0,0.0,0.0,0.0,0.0
3695516,IN,IN,ANIMA,PROCE,0.25,0.0,0.0,0.0,0.0,0.0
3695518,IN,IN,ANIMA,FOOD5,0.4,0.0,0.0,0.0,0.0,0.0
3695508,IN,IN,ANIMA,ANIMA,0.11,0.0,0.0,0.0,0.0,0.0
3695519,IN,IN,ANIMA,BEVER,0.77,0.0,0.0,0.0,0.0,0.0
3695520,IN,IN,ANIMA,FISH5,0.17,0.0,0.0,0.0,0.0,0.0
3695524,IN,IN,ANIMA,WOODW,0.61,0.0,0.0,0.0,0.0,0.0
3695525,IN,IN,ANIMA,PAPER,0.04,0.0,0.0,0.0,0.0,0.0
3695526,IN,IN,ANIMA,PRINT,0.09,0.0,0.0,0.0,0.0,0.0
3695527,IN,IN,ANIMA,COKEO,0.01,0.0,0.0,0.0,0.0,0.0
3695509,IN,IN,ANIMA,RAWMI,0.63,0.0,0.0,0.0,0.0,0.0
3695507,IN,IN,ANIMA,MEATA,0.23,0.0,0.0,0.0,0.0,0.0
3695489,IN,IN,MEATA,BEVER,0.01,0.0,0.0,0.0,0.0,0.0
3695497,IN,IN,MEATA,MOTO1,0.01,0.0,0.0,0.0,0.0,0.0
3695491,IN,IN,MEATA,LEATH,0.06,0.0,0.0,0.0,0.0,0.0
3695492,IN,IN,MEATA,NFERT,0.37,0.0,0.0,0.0,0.0,0.0
3695493,IN,IN,MEATA,CHEM1,0.29,0.0,0.0,0.0,0.0,0.0
3695494,IN,IN,MEATA,CHARC,0.01,0.0,0.0,0.0,0.0,0.0
3695495,IN,IN,MEATA,BIOGA,0.01,0.0,0.0,0.0,0.0,0.0
3695496,IN,IN,MEATA,RUBBE,0.03,0.0,0.0,0.0,0.0,0.0
3695498,IN,IN,MEATA,FURNI,0.01,0.0,0.0,0.0,0.0,0.0
3695506,IN,IN,ANIMA,POULT,0.08,0.0,0.0,0.0,0.0,0.0
3695499,IN,IN,MEATA,ELEC7,0.06,0.0,0.0,0.0,0.0,0.0
3695500,IN,IN,MEATA,COLLE,0.61,0.0,0.0,0.0,0.0,0.0
3695501,IN,IN,MEATA,POSTT,0.06,0.0,0.0,0.0,0.0,0.0
3695503,IN,IN,MEATA,FOOD3,0.02,0.0,0.0,0.0,0.0,0.0
3695504,IN,IN,MEATA,WASTE,0.02,0.0,0.0,0.0,0.0,0.0
3695505,IN,IN,ANIMA,CATTL,0.01,0.0,0.0,0.0,0.0,0.0
3695528,IN,IN,ANIMA,MOTOR,0.23,0.0,0.0,0.0,0.0,0.0
3695529,IN,IN,ANIMA,KEROS,0.18,0.0,0.0,0.0,0.0,0.0
3695530,IN,IN,ANIMA,KERO1,0.02,0.0,0.0,0.0,0.0,0.0
3695563,IN,IN,ANIMA,POSTT,0.07,0.0,0.0,0.0,0.0,0.0
3695557,IN,IN,ANIMA,ELEC2,0.02,0.0,0.0,0.0,0.0,0.0
3695558,IN,IN,ANIMA,BLAST,0.01,0.0,0.0,0.0,0.0,0.0
3695559,IN,IN,ANIMA,COLLE,0.61,0.0,0.0,0.0,0.0,0.0
3695560,IN,IN,ANIMA,CONST,0.19,0.0,0.0,0.0,0.0,0.0
3694757,IN,IN,WHEAT,PIGS9,0.03,0.0,0.0,0.0,0.0,0.0
3695562,IN,IN,ANIMA,SUPPO,0.02,0.0,0.0,0.0,0.0,0.0
3695564,IN,IN,ANIMA,REALE,0.01,0.0,0.0,0.0,0.0,0.0
3695531,IN,IN,ANIMA,GASDI,0.37,0.0,0.0,0.0,0.0,0.0
3695568,IN,IN,ANIMA,RECRE,0.07,0.0,0.0,0.0,0.0,0.0
3695570,IN,IN,RAWMI,CATTL,0.01,0.0,0.0,0.0,0.0,0.0
3695571,IN,IN,RAWMI,POULT,0.37,0.0,0.0,0.0,0.0,0.0
3695572,IN,IN,RAWMI,ANIMA,0.25,0.0,0.0,0.0,0.0,0.0
3695575,IN,IN,RAWMI,COKIN,0.02,0.0,0.0,0.0,0.0,0.0
3695576,IN,IN,RAWMI,BITUM,0.9,0.0,0.0,0.0,0.0,0.0
3695555,IN,IN,ANIMA,MEDIC,0.11,0.0,0.0,0.0,0.0,0.0
3695554,IN,IN,ANIMA,ELECT,0.26,0.0,0.0,0.0,0.0,0.0
3695553,IN,IN,ANIMA,MACHI,0.54,0.0,0.0,0.0,0.0,0.0
3695551,IN,IN,ANIMA,COPP1,0.01,0.0,0.0,0.0,0.0,0.0
3695550,IN,IN,ANIMA,PREC1,0.01,0.0,0.0,0.0,0.0,0.0
3695549,IN,IN,ANIMA,NONME,0.06,0.0,0.0,0.0,0.0,0.0
3695548,IN,IN,ANIMA,CEMEN,0.01,0.0,0.0,0.0,0.0,0.0
3695547,IN,IN,ANIMA,GLASS,0.07,0.0,0.0,0.0,0.0,0.0
3695545,IN,IN,ANIMA,BIODI,0.11,0.0,0.0,0.0,0.0,0.0
3695544,IN,IN,ANIMA,BIOGA,0.71,0.0,0.0,0.0,0.0,0.0
3695539,IN,IN,ANIMA,PLAST,0.02,0.0,0.0,0.0,0.0,0.0
3695538,IN,IN,ANIMA,PETRO,0.16,0.0,0.0,0.0,0.0,0.0
3695537,IN,IN,ANIMA,PARAF,0.07,0.0,0.0,0.0,0.0,0.0
3695535,IN,IN,ANIMA,NAPHT,0.07,0.0,0.0,0.0,0.0,0.0
3695534,IN,IN,ANIMA,LIQUE,0.08,0.0,0.0,0.0,0.0,0.0
3695533,IN,IN,ANIMA,REFIN,0.06,0.0,0.0,0.0,0.0,0.0
3695532,IN,IN,ANIMA,HEAVY,0.03,0.0,0.0,0.0,0.0,0.0
3695490,IN,IN,MEATA,TEXTI,0.08,0.0,0.0,0.0,0.0,0.0
3695488,IN,IN,MEATA,FOOD5,0.01,0.0,0.0,0.0,0.0,0.0
3695392,IN,IN,PIGS9,WEARI,0.25,0.0,0.0,0.0,0.0,0.0
3695423,IN,IN,PIGS9,ELECT,0.02,0.0,0.0,0.0,0.0,0.0
3695417,IN,IN,PIGS9,NONME,0.01,0.0,0.0,0.0,0.0,0.0
3695418,IN,IN,PIGS9,PREC1,0.01,0.0,0.0,0.0,0.0,0.0
3695419,IN,IN,PIGS9,COPP1,0.01,0.0,0.0,0.0,0.0,0.0
3695420,IN,IN,PIGS9,FABRI,0.07,0.0,0.0,0.0,0.0,0.0
3695421,IN,IN,PIGS9,MACHI,0.09,0.0,0.0,0.0,0.0,0.0
3695422,IN,IN,PIGS9,OFFIC,0.16,0.0,0.0,0.0,0.0,0.0
3695424,IN,IN,PIGS9,MEDIC,0.06,0.0,0.0,0.0,0.0,0.0
3695415,IN,IN,PIGS9,GLASS,0.01,0.0,0.0,0.0,0.0,0.0
3695428,IN,IN,PIGS9,ELEC7,0.01,0.0,0.0,0.0,0.0,0.0
3695430,IN,IN,PIGS9,CONST,0.01,0.0,0.0,0.0,0.0,0.0
3695432,IN,IN,PIGS9,SUPPO,0.42,0.0,0.0,0.0,0.0,0.0
3695433,IN,IN,PIGS9,POSTT,0.12,0.0,0.0,0.0,0.0,0.0
3695435,IN,IN,PIGS9,REALE,0.12,0.0,0.0,0.0,0.0,0.0
3695436,IN,IN,PIGS9,RESEA,0.18,0.0,0.0,0.0,0.0,0.0
3695416,IN,IN,PIGS9,CEMEN,0.01,0.0,0.0,0.0,0.0,0.0
3695413,IN,IN,PIGS9,BIODI,0.05,0.0,0.0,0.0,0.0,0.0
3695487,IN,IN,MEATA,MEATC,0.01,0.0,0.0,0.0,0.0,0.0
3695402,IN,IN,PIGS9,LIQUE,0.03,0.0,0.0,0.0,0.0,0.0
3695396,IN,IN,PIGS9,MOTOR,0.1,0.0,0.0,0.0,0.0,0.0
3695397,IN,IN,PIGS9,KEROS,0.07,0.0,0.0,0.0,0.0,0.0
3695398,IN,IN,PIGS9,KERO1,0.01,0.0,0.0,0.0,0.0,0.0
3695399,IN,IN,PIGS9,GASDI,0.15,0.0,0.0,0.0,0.0,0.0
3695400,IN,IN,PIGS9,HEAVY,0.02,0.0,0.0,0.0,0.0,0.0
3695401,IN,IN,PIGS9,REFIN,0.03,0.0,0.0,0.0,0.0,0.0
3695403,IN,IN,PIGS9,NAPHT,0.04,0.0,0.0,0.0,0.0,0.0
3695412,IN,IN,PIGS9,BIOGA,0.27,0.0,0.0,0.0,0.0,0.0
3695404,IN,IN,PIGS9,LUBRI,0.01,0.0,0.0,0.0,0.0,0.0
3695405,IN,IN,PIGS9,PARAF,0.03,0.0,0.0,0.0,0.0,0.0
3695406,IN,IN,PIGS9,PETRO,0.08,0.0,0.0,0.0,0.0,0.0
3695407,IN,IN,PIGS9,PLAST,0.01,0.0,0.0,0.0,0.0,0.0
3695409,IN,IN,PIGS9,PFERT,0.54,0.0,0.0,0.0,0.0,0.0
3695411,IN,IN,PIGS9,CHARC,0.48,0.0,0.0,0.0,0.0,0.0
3695437,IN,IN,PIGS9,HEALT,0.05,0.0,0.0,0.0,0.0,0.0
3695440,IN,IN,PIGS9,MEMBE,0.42,0.0,0.0,0.0,0.0,0.0
3695443,IN,IN,POULT,POULT,0.17,0.0,0.0,0.0,0.0,0.0
3695475,IN,IN,POULT,ELEC2,0.01,0.0,0.0,0.0,0.0,0.0
3695469,IN,IN,POULT,RUBBE,0.1,0.0,0.0,0.0,0.0,0.0
3695470,IN,IN,POULT,FABRI,0.01,0.0,0.0,0.0,0.0,0.0
3695471,IN,IN,POULT,MACHI,0.3,0.0,0.0,0.0,0.0,0.0
3695472,IN,IN,POULT,MEDIC,0.01,0.0,0.0,0.0,0.0,0.0
3695473,IN,IN,POULT,FURNI,0.07,0.0,0.0,0.0,0.0,0.0
3695474,IN,IN,POULT,SECO9,0.01,0.0,0.0,0.0,0.0,0.0
3695478,IN,IN,POULT,SUPPO,0.02,0.0,0.0,0.0,0.0,0.0
3695447,IN,IN,POULT,BITUM,0.08,0.0,0.0,0.0,0.0,0.0
3695480,IN,IN,POULT,AUXIL,0.01,0.0,0.0,0.0,0.0,0.0
3695482,IN,IN,POULT,FOOD3,0.04,0.0,0.0,0.0,0.0,0.0
3695483,IN,IN,POULT,WASTE,0.04,0.0,0.0,0.0,0.0,0.0
3695484,IN,IN,MEATA,RAWMI,0.11,0.0,0.0,0.0,0.0,0.0
3695485,IN,IN,MEATA,COKIN,0.01,0.0,0.0,0.0,0.0,0.0
3695486,IN,IN,MEATA,BITUM,0.5,0.0,0.0,0.0,0.0,0.0
3695468,IN,IN,POULT,BIODI,0.01,0.0,0.0,0.0,0.0,0.0
3695467,IN,IN,POULT,BIOGA,0.03,0.0,0.0,0.0,0.0,0.0
3695466,IN,IN,POULT,CHARC,0.06,0.0,0.0,0.0,0.0,0.0
3695463,IN,IN,POULT,NFERT,0.13,0.0,0.0,0.0,0.0,0.0
3695462,IN,IN,POULT,PLAST,0.03,0.0,0.0,0.0,0.0,0.0
3695461,IN,IN,POULT,PETRO,0.01,0.0,0.0,0.0,0.0,0.0
3695460,IN,IN,POULT,GASDI,0.02,0.0,0.0,0.0,0.0,0.0
3695459,IN,IN,POULT,KEROS,0.01,0.0,0.0,0.0,0.0,0.0
3695458,IN,IN,POULT,MOTOR,0.01,0.0,0.0,0.0,0.0,0.0
3695457,IN,IN,POULT,LEATH,0.01,0.0,0.0,0.0,0.0,0.0
3695456,IN,IN,POULT,TEXTI,0.15,0.0,0.0,0.0,0.0,0.0
3695455,IN,IN,POULT,FISH5,0.01,0.0,0.0,0.0,0.0,0.0
3695454,IN,IN,POULT,BEVER,0.39,0.0,0.0,0.0,0.0,0.0
3695453,IN,IN,POULT,FOOD5,0.02,0.0,0.0,0.0,0.0,0.0
3695452,IN,IN,POULT,SUGA1,0.1,0.0,0.0,0.0,0.0,0.0
3695451,IN,IN,POULT,PROCE,0.01,0.0,0.0,0.0,0.0,0.0
3695448,IN,IN,POULT,MEATC,0.03,0.0,0.0,0.0,0.0,0.0
3695179,IN,IN,PLANT,NONME,0.12,0.0,0.0,0.0,0.0,0.0
3695177,IN,IN,PLANT,BRICK,0.04,0.0,0.0,0.0,0.0,0.0
3695176,IN,IN,PLANT,CERAM,0.26,0.0,0.0,0.0,0.0,0.0
3694915,IN,IN,VEGET,CRUDE,0.01,0.0,0.0,0.0,0.0,0.0
3694906,IN,IN,VEGET,CATTL,0.12,0.0,0.0,0.0,0.0,0.0
3694907,IN,IN,VEGET,PIGS9,0.03,0.0,0.0,0.0,0.0,0.0
3694908,IN,IN,VEGET,MEATA,0.83,0.0,0.0,0.0,0.0,0.0
3694910,IN,IN,VEGET,WOOLS,0.06,0.0,0.0,0.0,0.0,0.0
3694912,IN,IN,VEGET,COKIN,0.03,0.0,0.0,0.0,0.0,0.0
3694914,IN,IN,VEGET,LIGNI,0.01,0.0,0.0,0.0,0.0,0.0
3694917,IN,IN,VEGET,MEATP,0.04,0.0,0.0,0.0,0.0,0.0
3694902,IN,IN,CEREA,MEMBE,1.7,0.0,0.0,0.0,0.0,0.0
3694918,IN,IN,VEGET,MEAT1,0.23,0.0,0.0,0.0,0.0,0.0
3694919,IN,IN,VEGET,MEAT4,0.66,0.0,0.0,0.0,0.0,0.0
3694931,IN,IN,VEGET,WOODW,0.41,0.0,0.0,0.0,0.0,0.0
3694932,IN,IN,VEGET,PAPER,0.01,0.0,0.0,0.0,0.0,0.0
3694933,IN,IN,VEGET,MOTOR,0.08,0.0,0.0,0.0,0.0,0.0
3694934,IN,IN,VEGET,KEROS,0.06,0.0,0.0,0.0,0.0,0.0
3694771,IN,IN,WHEAT,FISH5,0.03,0.0,0.0,0.0,0.0,0.0
3694901,IN,IN,CEREA,WASTE,0.23,0.0,0.0,0.0,0.0,0.0
3694876,IN,IN,CEREA,PREC1,0.01,0.0,0.0,0.0,0.0,0.0
3694886,IN,IN,CEREA,ELEC6,0.03,0.0,0.0,0.0,0.0,0.0
3694879,IN,IN,CEREA,MACHI,1.12,0.0,0.0,0.0,0.0,0.0
3694880,IN,IN,CEREA,OFFIC,0.02,0.0,0.0,0.0,0.0,0.0
3694881,IN,IN,CEREA,ELECT,0.09,0.0,0.0,0.0,0.0,0.0
3694882,IN,IN,CEREA,MEDIC,0.15,0.0,0.0,0.0,0.0,0.0
3694884,IN,IN,CEREA,SECO9,0.03,0.0,0.0,0.0,0.0,0.0
3694885,IN,IN,CEREA,ELEC2,0.26,0.0,0.0,0.0,0.0,0.0
3694888,IN,IN,CEREA,BLAST,0.15,0.0,0.0,0.0,0.0,0.0
3694900,IN,IN,CEREA,FOOD3,0.23,0.0,0.0,0.0,0.0,0.0
3694889,IN,IN,CEREA,COLLE,0.61,0.0,0.0,0.0,0.0,0.0
3694890,IN,IN,CEREA,CONST,0.17,0.0,0.0,0.0,0.0,0.0
3694892,IN,IN,CEREA,SUPPO,0.02,0.0,0.0,0.0,0.0,0.0
3694893,IN,IN,CEREA,POSTT,0.66,0.0,0.0,0.0,0.0,0.0
3694894,IN,IN,CEREA,AUXIL,0.01,0.0,0.0,0.0,0.0,0.0
3694895,IN,IN,CEREA,REALE,0.1,0.0,0.0,0.0,0.0,0.0
3694935,IN,IN,VEGET,KERO1,0.01,0.0,0.0,0.0,0.0,0.0
3694936,IN,IN,VEGET,GASDI,0.12,0.0,0.0,0.0,0.0,0.0
3694937,IN,IN,VEGET,HEAVY,0.01,0.0,0.0,0.0,0.0,0.0
3694973,IN,IN,VEGET,AUXIL,0.04,0.0,0.0,0.0,0.0,0.0
3694966,IN,IN,VEGET,ELEC6,0.17,0.0,0.0,0.0,0.0,0.0
3694967,IN,IN,VEGET,ELEC7,0.23,0.0,0.0,0.0,0.0,0.0
3694968,IN,IN,VEGET,BLAST,0.78,0.0,0.0,0.0,0.0,0.0
3694969,IN,IN,VEGET,COLLE,0.61,0.0,0.0,0.0,0.0,0.0
3694970,IN,IN,VEGET,CONST,0.92,0.0,0.0,0.0,0.0,0.0
3694972,IN,IN,VEGET,SUPPO,0.52,0.0,0.0,0.0,0.0,0.0
3694974,IN,IN,VEGET,REALE,0.59,0.0,0.0,0.0,0.0,0.0
3694938,IN,IN,VEGET,REFIN,0.03,0.0,0.0,0.0,0.0,0.0
3694976,IN,IN,VEGET,FOOD3,0.9,0.0,0.0,0.0,0.0,0.0
3694977,IN,IN,VEGET,WASTE,0.9,0.0,0.0,0.0,0.0,0.0
3694980,IN,IN,OILSE,BITUM,0.19,0.0,0.0,0.0,0.0,0.0
3694982,IN,IN,OILSE,MEATP,0.07,0.0,0.0,0.0,0.0,0.0
3694983,IN,IN,OILSE,MEAT1,0.45,0.0,0.0,0.0,0.0,0.0
3694984,IN,IN,OILSE,MEAT4,1.31,0.0,0.0,0.0,0.0,0.0
3694964,IN,IN,VEGET,SECO9,0.11,0.0,0.0,0.0,0.0,0.0
3694962,IN,IN,VEGET,TRANS,0.02,0.0,0.0,0.0,0.0,0.0
3694961,IN,IN,VEGET,MEDIC,0.06,0.0,0.0,0.0,0.0,0.0
3694960,IN,IN,VEGET,ELECT,0.89,0.0,0.0,0.0,0.0,0.0
3694959,IN,IN,VEGET,OFFIC,0.28,0.0,0.0,0.0,0.0,0.0
3694955,IN,IN,VEGET,PREC1,0.03,0.0,0.0,0.0,0.0,0.0
3694954,IN,IN,VEGET,NONME,0.02,0.0,0.0,0.0,0.0,0.0
3694953,IN,IN,VEGET,CEMEN,0.02,0.0,0.0,0.0,0.0,0.0
3694952,IN,IN,VEGET,GLASS,0.03,0.0,0.0,0.0,0.0,0.0
3694950,IN,IN,VEGET,BIODI,0.05,0.0,0.0,0.0,0.0,0.0
3694948,IN,IN,VEGET,CHARC,0.4,0.0,0.0,0.0,0.0,0.0
3694945,IN,IN,VEGET,NFERT,0.75,0.0,0.0,0.0,0.0,0.0
3694943,IN,IN,VEGET,PETRO,0.07,0.0,0.0,0.0,0.0,0.0
3694942,IN,IN,VEGET,PARAF,0.03,0.0,0.0,0.0,0.0,0.0
3694941,IN,IN,VEGET,LUBRI,0.01,0.0,0.0,0.0,0.0,0.0
3694940,IN,IN,VEGET,NAPHT,0.03,0.0,0.0,0.0,0.0,0.0
3694939,IN,IN,VEGET,LIQUE,0.03,0.0,0.0,0.0,0.0,0.0
3694878,IN,IN,CEREA,FABRI,0.17,0.0,0.0,0.0,0.0,0.0
3694875,IN,IN,CEREA,NONME,0.02,0.0,0.0,0.0,0.0,0.0
3695175,IN,IN,PLANT,GLASS,0.31,0.0,0.0,0.0,0.0,0.0
3694806,IN,IN,WHEAT,ELEC6,0.02,0.0,0.0,0.0,0.0,0.0
3694799,IN,IN,WHEAT,MACHI,0.57,0.0,0.0,0.0,0.0,0.0
3694800,IN,IN,WHEAT,OFFIC,0.01,0.0,0.0,0.0,0.0,0.0
3694801,IN,IN,WHEAT,ELECT,0.03,0.0,0.0,0.0,0.0,0.0
3694802,IN,IN,WHEAT,MEDIC,0.02,0.0,0.0,0.0,0.0,0.0
3694804,IN,IN,WHEAT,SECO9,0.03,0.0,0.0,0.0,0.0,0.0
3694805,IN,IN,WHEAT,ELEC2,0.14,0.0,0.0,0.0,0.0,0.0
3694807,IN,IN,WHEAT,BLAST,0.08,0.0,0.0,0.0,0.0,0.0
3694796,IN,IN,WHEAT,GLASS,0.01,0.0,0.0,0.0,0.0,0.0
3694808,IN,IN,WHEAT,COLLE,0.61,0.0,0.0,0.0,0.0,0.0
3694809,IN,IN,WHEAT,CONST,0.08,0.0,0.0,0.0,0.0,0.0
3694811,IN,IN,WHEAT,SUPPO,0.02,0.0,0.0,0.0,0.0,0.0
3694812,IN,IN,WHEAT,POSTT,0.64,0.0,0.0,0.0,0.0,0.0
3694813,IN,IN,WHEAT,AUXIL,0.01,0.0,0.0,0.0,0.0,0.0
3694814,IN,IN,WHEAT,REALE,0.05,0.0,0.0,0.0,0.0,0.0
3694798,IN,IN,WHEAT,FABRI,0.05,0.0,0.0,0.0,0.0,0.0
3694795,IN,IN,WHEAT,RUBBE,0.41,0.0,0.0,0.0,0.0,0.0
3694874,IN,IN,CEREA,CEMEN,0.02,0.0,0.0,0.0,0.0,0.0
3694783,IN,IN,WHEAT,REFIN,0.01,0.0,0.0,0.0,0.0,0.0
3694776,IN,IN,WHEAT,WOODW,0.21,0.0,0.0,0.0,0.0,0.0
3694777,IN,IN,WHEAT,PAPER,0.94,0.0,0.0,0.0,0.0,0.0
3694779,IN,IN,WHEAT,MOTOR,0.03,0.0,0.0,0.0,0.0,0.0
3694780,IN,IN,WHEAT,KEROS,0.02,0.0,0.0,0.0,0.0,0.0
3694781,IN,IN,WHEAT,GASDI,0.05,0.0,0.0,0.0,0.0,0.0
3694782,IN,IN,WHEAT,HEAVY,0.01,0.0,0.0,0.0,0.0,0.0
3694784,IN,IN,WHEAT,LIQUE,0.01,0.0,0.0,0.0,0.0,0.0
3694794,IN,IN,WHEAT,BIODI,0.02,0.0,0.0,0.0,0.0,0.0
3694785,IN,IN,WHEAT,NAPHT,0.01,0.0,0.0,0.0,0.0,0.0
3694786,IN,IN,WHEAT,PARAF,0.01,0.0,0.0,0.0,0.0,0.0
3694787,IN,IN,WHEAT,PETRO,0.03,0.0,0.0,0.0,0.0,0.0
3694788,IN,IN,WHEAT,PLAST,0.53,0.0,0.0,0.0,0.0,0.0
3694789,IN,IN,WHEAT,NFERT,0.19,0.0,0.0,0.0,0.0,0.0
3694792,IN,IN,WHEAT,CHARC,0.15,0.0,0.0,0.0,0.0,0.0
3694819,IN,IN,WHEAT,FOOD3,0.26,0.0,0.0,0.0,0.0,0.0
3694820,IN,IN,WHEAT,WASTE,0.26,0.0,0.0,0.0,0.0,0.0
3694821,IN,IN,WHEAT,MEMBE,0.17,0.0,0.0,0.0,0.0,0.0
3694861,IN,IN,CEREA,NAPHT,0.11,0.0,0.0,0.0,0.0,0.0
3694855,IN,IN,CEREA,KEROS,0.21,0.0,0.0,0.0,0.0,0.0
3694856,IN,IN,CEREA,KERO1,0.02,0.0,0.0,0.0,0.0,0.0
3694857,IN,IN,CEREA,GASDI,0.42,0.0,0.0,0.0,0.0,0.0
3694858,IN,IN,CEREA,HEAVY,0.05,0.0,0.0,0.0,0.0,0.0
3694859,IN,IN,CEREA,REFIN,0.09,0.0,0.0,0.0,0.0,0.0
3694860,IN,IN,CEREA,LIQUE,0.1,0.0,0.0,0.0,0.0,0.0
3694862,IN,IN,CEREA,LUBRI,0.2,0.0,0.0,0.0,0.0,0.0
3694773,IN,IN,WHEAT,TEXTI,0.64,0.0,0.0,0.0,0.0,0.0
3694863,IN,IN,CEREA,PARAF,0.1,0.0,0.0,0.0,0.0,0.0
3694864,IN,IN,CEREA,PETRO,0.23,0.0,0.0,0.0,0.0,0.0
3694865,IN,IN,CEREA,PLAST,1.01,0.0,0.0,0.0,0.0,0.0
3694869,IN,IN,CEREA,CHARC,1.37,0.0,0.0,0.0,0.0,0.0
3694871,IN,IN,CEREA,BIODI,0.16,0.0,0.0,0.0,0.0,0.0
3694873,IN,IN,CEREA,GLASS,0.02,0.0,0.0,0.0,0.0,0.0
3694854,IN,IN,CEREA,MOTOR,0.28,0.0,0.0,0.0,0.0,0.0
3694853,IN,IN,CEREA,COKEO,0.01,0.0,0.0,0.0,0.0,0.0
3694852,IN,IN,CEREA,PAPER,0.04,0.0,0.0,0.0,0.0,0.0
3694851,IN,IN,CEREA,WOODW,0.02,0.0,0.0,0.0,0.0,0.0
3694850,IN,IN,CEREA,LEATH,0.18,0.0,0.0,0.0,0.0,0.0
3694849,IN,IN,CEREA,WEARI,0.16,0.0,0.0,0.0,0.0,0.0
3694847,IN,IN,CEREA,TOBAC,0.39,0.0,0.0,0.0,0.0,0.0
3694846,IN,IN,CEREA,FISH5,0.25,0.0,0.0,0.0,0.0,0.0
3694772,IN,IN,WHEAT,TOBAC,0.01,0.0,0.0,0.0,0.0,0.0
3694842,IN,IN,CEREA,PROCE,0.36,0.0,0.0,0.0,0.0,0.0
3694841,IN,IN,CEREA,DAIRY,0.08,0.0,0.0,0.0,0.0,0.0
3694839,IN,IN,CEREA,MEAT4,0.02,0.0,0.0,0.0,0.0,0.0
3694838,IN,IN,CEREA,MEAT1,0.01,0.0,0.0,0.0,0.0,0.0
3694837,IN,IN,CEREA,MEATC,0.74,0.0,0.0,0.0,0.0,0.0
3694836,IN,IN,CEREA,BITUM,0.02,0.0,0.0,0.0,0.0,0.0
3694829,IN,IN,CEREA,PIGS9,0.16,0.0,0.0,0.0,0.0,0.0
3694825,IN,IN,CEREA,VEGET,0.12,0.0,0.0,0.0,0.0,0.0
3694767,IN,IN,WHEAT,PROCE,0.04,0.0,0.0,0.0,0.0,0.0
3694988,IN,IN,OILSE,SUGA1,0.74,0.0,0.0,0.0,0.0,0.0
3694993,IN,IN,OILSE,WEARI,0.05,0.0,0.0,0.0,0.0,0.0
3695114,IN,IN,SUGAR,ELEC6,0.08,0.0,0.0,0.0,0.0,0.0
3695108,IN,IN,SUGAR,RADIO,0.01,0.0,0.0,0.0,0.0,0.0
3695109,IN,IN,SUGAR,MEDIC,0.43,0.0,0.0,0.0,0.0,0.0
3695110,IN,IN,SUGAR,MOTO1,0.17,0.0,0.0,0.0,0.0,0.0
3695111,IN,IN,SUGAR,FURNI,5.2,0.0,0.0,0.0,0.0,0.0
3695112,IN,IN,SUGAR,SECO9,0.04,0.0,0.0,0.0,0.0,0.0
3695113,IN,IN,SUGAR,ELEC2,0.65,0.0,0.0,0.0,0.0,0.0
3695115,IN,IN,SUGAR,ELEC7,0.01,0.0,0.0,0.0,0.0,0.0
3695106,IN,IN,SUGAR,OFFIC,0.12,0.0,0.0,0.0,0.0,0.0
3695116,IN,IN,SUGAR,BLAST,0.37,0.0,0.0,0.0,0.0,0.0
3695117,IN,IN,SUGAR,COLLE,0.61,0.0,0.0,0.0,0.0,0.0
3695119,IN,IN,SUGAR,WHOLE,0.01,0.0,0.0,0.0,0.0,0.0
3695120,IN,IN,SUGAR,RETA1,0.01,0.0,0.0,0.0,0.0,0.0
3695122,IN,IN,SUGAR,SUPPO,0.15,0.0,0.0,0.0,0.0,0.0
3695123,IN,IN,SUGAR,POSTT,0.04,0.0,0.0,0.0,0.0,0.0
3695107,IN,IN,SUGAR,ELECT,0.39,0.0,0.0,0.0,0.0,0.0
3695105,IN,IN,SUGAR,MACHI,0.76,0.0,0.0,0.0,0.0,0.0
3694994,IN,IN,OILSE,LEATH,0.04,0.0,0.0,0.0,0.0,0.0
3695096,IN,IN,SUGAR,RUBBE,5.94,0.0,0.0,0.0,0.0,0.0
3695088,IN,IN,SUGAR,PETRO,0.58,0.0,0.0,0.0,0.0,0.0
3695089,IN,IN,SUGAR,PLAST,2.19,0.0,0.0,0.0,0.0,0.0
3695090,IN,IN,SUGAR,NFERT,0.8,0.0,0.0,0.0,0.0,0.0
3695091,IN,IN,SUGAR,PFERT,3.45,0.0,0.0,0.0,0.0,0.0
3695093,IN,IN,SUGAR,CHARC,3.52,0.0,0.0,0.0,0.0,0.0
3695095,IN,IN,SUGAR,BIODI,0.4,0.0,0.0,0.0,0.0,0.0
3695097,IN,IN,SUGAR,GLASS,0.08,0.0,0.0,0.0,0.0,0.0
3695104,IN,IN,SUGAR,FABRI,1.95,0.0,0.0,0.0,0.0,0.0
3695098,IN,IN,SUGAR,CEMEN,0.05,0.0,0.0,0.0,0.0,0.0
3695099,IN,IN,SUGAR,NONME,0.06,0.0,0.0,0.0,0.0,0.0
3695100,IN,IN,SUGAR,PREC1,0.05,0.0,0.0,0.0,0.0,0.0
3695101,IN,IN,SUGAR,ALUM1,0.01,0.0,0.0,0.0,0.0,0.0
3695102,IN,IN,SUGAR,COPP1,2.3,0.0,0.0,0.0,0.0,0.0
3695103,IN,IN,SUGAR,FOUND,0.01,0.0,0.0,0.0,0.0,0.0
3695124,IN,IN,SUGAR,AUXIL,0.02,0.0,0.0,0.0,0.0,0.0
3695125,IN,IN,SUGAR,REALE,0.06,0.0,0.0,0.0,0.0,0.0
3695126,IN,IN,SUGAR,RESEA,5.26,0.0,0.0,0.0,0.0,0.0
3695163,IN,IN,PLANT,NAPHT,0.04,0.0,0.0,0.0,0.0,0.0
3695157,IN,IN,PLANT,KEROS,0.08,0.0,0.0,0.0,0.0,0.0
3695158,IN,IN,PLANT,KERO1,0.01,0.0,0.0,0.0,0.0,0.0
3695159,IN,IN,PLANT,GASDI,0.17,0.0,0.0,0.0,0.0,0.0
3695160,IN,IN,PLANT,HEAVY,0.02,0.0,0.0,0.0,0.0,0.0
3695161,IN,IN,PLANT,REFIN,0.04,0.0,0.0,0.0,0.0,0.0
3695162,IN,IN,PLANT,LIQUE,0.04,0.0,0.0,0.0,0.0,0.0
3695164,IN,IN,PLANT,LUBRI,0.01,0.0,0.0,0.0,0.0,0.0
3695130,IN,IN,SUGAR,FOOD3,0.29,0.0,0.0,0.0,0.0,0.0
3695165,IN,IN,PLANT,PARAF,0.04,0.0,0.0,0.0,0.0,0.0
3695166,IN,IN,PLANT,PETRO,0.09,0.0,0.0,0.0,0.0,0.0
3695168,IN,IN,PLANT,NFERT,0.37,0.0,0.0,0.0,0.0,0.0
3695171,IN,IN,PLANT,CHARC,0.59,0.0,0.0,0.0,0.0,0.0
3695173,IN,IN,PLANT,BIODI,0.29,0.0,0.0,0.0,0.0,0.0
3694764,IN,IN,WHEAT,MEATC,0.08,0.0,0.0,0.0,0.0,0.0
3695156,IN,IN,PLANT,MOTOR,0.11,0.0,0.0,0.0,0.0,0.0
3695153,IN,IN,PLANT,PULP5,0.05,0.0,0.0,0.0,0.0,0.0
3694766,IN,IN,WHEAT,DAIRY,0.01,0.0,0.0,0.0,0.0,0.0
3695148,IN,IN,PLANT,TOBAC,0.01,0.0,0.0,0.0,0.0,0.0
3695147,IN,IN,PLANT,FISH5,0.1,0.0,0.0,0.0,0.0,0.0
3695146,IN,IN,PLANT,BEVER,0.38,0.0,0.0,0.0,0.0,0.0
3695144,IN,IN,PLANT,SUGA1,0.03,0.0,0.0,0.0,0.0,0.0
3695143,IN,IN,PLANT,PROCE,0.14,0.0,0.0,0.0,0.0,0.0
3695142,IN,IN,PLANT,DAIRY,0.04,0.0,0.0,0.0,0.0,0.0
3695141,IN,IN,PLANT,VEGE1,0.12,0.0,0.0,0.0,0.0,0.0
3695140,IN,IN,PLANT,MEAT4,0.01,0.0,0.0,0.0,0.0,0.0
3695139,IN,IN,PLANT,MEATC,0.3,0.0,0.0,0.0,0.0,0.0
3695138,IN,IN,PLANT,FISHF,0.41,0.0,0.0,0.0,0.0,0.0
3695137,IN,IN,PLANT,CROPS,0.01,0.0,0.0,0.0,0.0,0.0
3695135,IN,IN,PLANT,SUGAR,0.01,0.0,0.0,0.0,0.0,0.0
3695132,IN,IN,SUGAR,MEMBE,8.72,0.0,0.0,0.0,0.0,0.0
3695131,IN,IN,SUGAR,WASTE,0.29,0.0,0.0,0.0,0.0,0.0
3695087,IN,IN,SUGAR,PARAF,0.25,0.0,0.0,0.0,0.0,0.0
3695086,IN,IN,SUGAR,LUBRI,0.06,0.0,0.0,0.0,0.0,0.0
3695085,IN,IN,SUGAR,NAPHT,0.27,0.0,0.0,0.0,0.0,0.0
3695027,IN,IN,OILSE,MEDIC,0.35,0.0,0.0,0.0,0.0,0.0
3695019,IN,IN,OILSE,NONME,0.03,0.0,0.0,0.0,0.0,0.0
3695020,IN,IN,OILSE,PREC1,0.01,0.0,0.0,0.0,0.0,0.0
3695023,IN,IN,OILSE,FABRI,0.31,0.0,0.0,0.0,0.0,0.0
3695024,IN,IN,OILSE,MACHI,0.61,0.0,0.0,0.0,0.0,0.0
3695025,IN,IN,OILSE,ELECT,0.04,0.0,0.0,0.0,0.0,0.0
3695026,IN,IN,OILSE,RADIO,0.02,0.0,0.0,0.0,0.0,0.0
3695029,IN,IN,OILSE,SECO9,0.02,0.0,0.0,0.0,0.0,0.0
3695038,IN,IN,OILSE,SUPPO,0.1,0.0,0.0,0.0,0.0,0.0
3695031,IN,IN,OILSE,ELEC6,0.22,0.0,0.0,0.0,0.0,0.0
3695032,IN,IN,OILSE,ELEC7,0.03,0.0,0.0,0.0,0.0,0.0
3695033,IN,IN,OILSE,BLAST,1.02,0.0,0.0,0.0,0.0,0.0
3695034,IN,IN,OILSE,GASWO,0.01,0.0,0.0,0.0,0.0,0.0
3695035,IN,IN,OILSE,COLLE,0.61,0.0,0.0,0.0,0.0,0.0
3695036,IN,IN,OILSE,CONST,0.58,0.0,0.0,0.0,0.0,0.0
3695018,IN,IN,OILSE,CEMEN,0.05,0.0,0.0,0.0,0.0,0.0
3695017,IN,IN,OILSE,GLASS,0.03,0.0,0.0,0.0,0.0,0.0
3695015,IN,IN,OILSE,BIODI,0.35,0.0,0.0,0.0,0.0,0.0
3695008,IN,IN,OILSE,PETRO,0.51,0.0,0.0,0.0,0.0,0.0
3695007,IN,IN,OILSE,PARAF,0.22,0.0,0.0,0.0,0.0,0.0
3695006,IN,IN,OILSE,LUBRI,0.05,0.0,0.0,0.0,0.0,0.0
3695005,IN,IN,OILSE,NAPHT,0.24,0.0,0.0,0.0,0.0,0.0
3695004,IN,IN,OILSE,LIQUE,0.22,0.0,0.0,0.0,0.0,0.0
3695003,IN,IN,OILSE,REFIN,0.21,0.0,0.0,0.0,0.0,0.0
3695002,IN,IN,OILSE,HEAVY,0.11,0.0,0.0,0.0,0.0,0.0
3695001,IN,IN,OILSE,GASDI,0.93,0.0,0.0,0.0,0.0,0.0
3695000,IN,IN,OILSE,KERO1,0.04,0.0,0.0,0.0,0.0,0.0
3694999,IN,IN,OILSE,KEROS,0.47,0.0,0.0,0.0,0.0,0.0
3694998,IN,IN,OILSE,MOTOR,0.62,0.0,0.0,0.0,0.0,0.0
3694997,IN,IN,OILSE,COKEO,0.02,0.0,0.0,0.0,0.0,0.0
3694996,IN,IN,OILSE,PAPER,0.1,0.0,0.0,0.0,0.0,0.0
3694995,IN,IN,OILSE,WOODW,0.01,0.0,0.0,0.0,0.0,0.0
3695037,IN,IN,OILSE,HOTEL,0.14,0.0,0.0,0.0,0.0,0.0
3695039,IN,IN,OILSE,POSTT,1.1,0.0,0.0,0.0,0.0,0.0
3695084,IN,IN,SUGAR,LIQUE,0.25,0.0,0.0,0.0,0.0,0.0
3695076,IN,IN,SUGAR,PRINT,4.78,0.0,0.0,0.0,0.0,0.0
3695062,IN,IN,SUGAR,VEGE1,4.14,0.0,0.0,0.0,0.0,0.0
3695063,IN,IN,SUGAR,DAIRY,2.19,0.0,0.0,0.0,0.0,0.0
3695064,IN,IN,SUGAR,PROCE,9.23,0.0,0.0,0.0,0.0,0.0
3695068,IN,IN,SUGAR,FISH5,9.45,0.0,0.0,0.0,0.0,0.0
3695070,IN,IN,SUGAR,TEXTI,3.39,0.0,0.0,0.0,0.0,0.0
3695071,IN,IN,SUGAR,WEARI,0.4,0.0,0.0,0.0,0.0,0.0
3695077,IN,IN,SUGAR,COKEO,0.02,0.0,0.0,0.0,0.0,0.0
3695040,IN,IN,OILSE,AUXIL,0.01,0.0,0.0,0.0,0.0,0.0
3695078,IN,IN,SUGAR,MOTOR,0.7,0.0,0.0,0.0,0.0,0.0
3695079,IN,IN,SUGAR,KEROS,0.54,0.0,0.0,0.0,0.0,0.0
3695080,IN,IN,SUGAR,KERO1,0.05,0.0,0.0,0.0,0.0,0.0
3695081,IN,IN,SUGAR,GASDI,1.06,0.0,0.0,0.0,0.0,0.0
3695082,IN,IN,SUGAR,HEAVY,0.13,0.0,0.0,0.0,0.0,0.0
3695083,IN,IN,SUGAR,REFIN,0.23,0.0,0.0,0.0,0.0,0.0
3695061,IN,IN,SUGAR,MEAT4,0.54,0.0,0.0,0.0,0.0,0.0
3695060,IN,IN,SUGAR,MEAT1,0.18,0.0,0.0,0.0,0.0,0.0
3695058,IN,IN,SUGAR,MEATC,2.52,0.0,0.0,0.0,0.0,0.0
3695057,IN,IN,SUGAR,BITUM,0.41,0.0,0.0,0.0,0.0,0.0
3695056,IN,IN,SUGAR,COKIN,0.01,0.0,0.0,0.0,0.0,0.0
3695055,IN,IN,SUGAR,FISHF,3.96,0.0,0.0,0.0,0.0,0.0
3695054,IN,IN,SUGAR,RAWMI,0.31,0.0,0.0,0.0,0.0,0.0
3695053,IN,IN,SUGAR,ANIMA,2.27,0.0,0.0,0.0,0.0,0.0
3695052,IN,IN,SUGAR,MEATA,1.01,0.0,0.0,0.0,0.0,0.0
3695051,IN,IN,SUGAR,PIGS9,0.02,0.0,0.0,0.0,0.0,0.0
3695050,IN,IN,SUGAR,CATTL,0.18,0.0,0.0,0.0,0.0,0.0
3695048,IN,IN,SUGAR,VEGET,0.01,0.0,0.0,0.0,0.0,0.0
3695046,IN,IN,SUGAR,WHEAT,10.5,0.0,0.0,0.0,0.0,0.0
3695045,IN,IN,SUGAR,PADDY,4.34,0.0,0.0,0.0,0.0,0.0
3695044,IN,IN,OILSE,WASTE,0.19,0.0,0.0,0.0,0.0,0.0
3695043,IN,IN,OILSE,FOOD3,0.19,0.0,0.0,0.0,0.0,0.0
3695041,IN,IN,OILSE,REALE,0.05,0.0,0.0,0.0,0.0,0.0
3695577,IN,IN,RAWMI,CRUDE,0.03,0.0,0.0,0.0,0.0,0.0
3695579,IN,IN,RAWMI,MEAT1,0.01,0.0,0.0,0.0,0.0,0.0
3696407,IN,IN,STONE,FISH5,0.01,0.0,0.0,0.0,0.0,0.0
3696198,IN,IN,NATUR,CONST,0.73,0.0,0.0,0.0,0.0,0.0
3696190,IN,IN,NATUR,TRANS,0.01,0.0,0.0,0.0,0.0,0.0
3696192,IN,IN,NATUR,SECO9,0.54,0.0,0.0,0.0,0.0,0.0
3696193,IN,IN,NATUR,ELEC1,0.35,0.0,0.0,0.0,0.0,0.0
3696195,IN,IN,NATUR,BLAST,0.01,0.0,0.0,0.0,0.0,0.0
3696196,IN,IN,NATUR,DIST1,0.64,0.0,0.0,0.0,0.0,0.0
3696197,IN,IN,NATUR,COLLE,8.79,0.0,0.0,0.0,0.0,0.0
3696199,IN,IN,NATUR,SALEM,0.2,0.0,0.0,0.0,0.0,0.0
3696188,IN,IN,NATUR,MEDIC,2.68,0.0,0.0,0.0,0.0,0.0
3696200,IN,IN,NATUR,RETAI,0.02,0.0,0.0,0.0,0.0,0.0
3696204,IN,IN,NATUR,AIRTR,1.21,0.0,0.0,0.0,0.0,0.0
3696205,IN,IN,NATUR,SUPPO,1.64,0.0,0.0,0.0,0.0,0.0
3696206,IN,IN,NATUR,POSTT,7.32,0.0,0.0,0.0,0.0,0.0
3696207,IN,IN,NATUR,INSUR,0.3,0.0,0.0,0.0,0.0,0.0
3696208,IN,IN,NATUR,AUXIL,1.42,0.0,0.0,0.0,0.0,0.0
3696189,IN,IN,NATUR,MOTO1,0.02,0.0,0.0,0.0,0.0,0.0
3696187,IN,IN,NATUR,RADIO,6.2,0.0,0.0,0.0,0.0,0.0
3696156,IN,IN,NATUR,REFI1,0.36,0.0,0.0,0.0,0.0,0.0
3696169,IN,IN,NATUR,BIODI,0.05,0.0,0.0,0.0,0.0,0.0
3696159,IN,IN,NATUR,BITU1,3.64,0.0,0.0,0.0,0.0,0.0
3696160,IN,IN,NATUR,PARAF,0.18,0.0,0.0,0.0,0.0,0.0
3696161,IN,IN,NATUR,PETRO,2.05,0.0,0.0,0.0,0.0,0.0
3696162,IN,IN,NATUR,NONSP,5.85,0.0,0.0,0.0,0.0,0.0
3696167,IN,IN,NATUR,CHARC,0.43,0.0,0.0,0.0,0.0,0.0
3696168,IN,IN,NATUR,BIOGA,0.28,0.0,0.0,0.0,0.0,0.0
3696171,IN,IN,NATUR,GLASS,8.65,0.0,0.0,0.0,0.0,0.0
3696185,IN,IN,NATUR,OFFIC,0.27,0.0,0.0,0.0,0.0,0.0
3696172,IN,IN,NATUR,CERAM,3.86,0.0,0.0,0.0,0.0,0.0
3696173,IN,IN,NATUR,BRICK,0.07,0.0,0.0,0.0,0.0,0.0
3696175,IN,IN,NATUR,NONME,3.52,0.0,0.0,0.0,0.0,0.0
3696177,IN,IN,NATUR,PREC1,6.72,0.0,0.0,0.0,0.0,0.0
3696179,IN,IN,NATUR,LEAD1,2.85,0.0,0.0,0.0,0.0,0.0
3696181,IN,IN,NATUR,NONF1,0.97,0.0,0.0,0.0,0.0,0.0
3696209,IN,IN,NATUR,REALE,0.05,0.0,0.0,0.0,0.0,0.0
3696210,IN,IN,NATUR,RESEA,0.47,0.0,0.0,0.0,0.0,0.0
3696212,IN,IN,NATUR,EDUCA,6.45,0.0,0.0,0.0,0.0,0.0
3696245,IN,IN,IRONO,COKEO,0.21,0.0,0.0,0.0,0.0,0.0
3696238,IN,IN,URANI,MACHI,0.03,0.0,0.0,0.0,0.0,0.0
3696239,IN,IN,IRONO,FORES,0.03,0.0,0.0,0.0,0.0,0.0
3696241,IN,IN,IRONO,PROCE,0.01,0.0,0.0,0.0,0.0,0.0
3696242,IN,IN,IRONO,BEVER,0.01,0.0,0.0,0.0,0.0,0.0
3696243,IN,IN,IRONO,WOODW,0.1,0.0,0.0,0.0,0.0,0.0
3696244,IN,IN,IRONO,PRINT,0.05,0.0,0.0,0.0,0.0,0.0
3696246,IN,IN,IRONO,GASDI,0.01,0.0,0.0,0.0,0.0,0.0
3696213,IN,IN,NATUR,HEALT,5.52,0.0,0.0,0.0,0.0,0.0
3696247,IN,IN,IRONO,PLAST,0.01,0.0,0.0,0.0,0.0,0.0
3696248,IN,IN,IRONO,PFERT,0.02,0.0,0.0,0.0,0.0,0.0
3696249,IN,IN,IRONO,CHEM1,0.24,0.0,0.0,0.0,0.0,0.0
3696250,IN,IN,IRONO,RUBBE,0.07,0.0,0.0,0.0,0.0,0.0
3696253,IN,IN,IRONO,BRICK,0.18,0.0,0.0,0.0,0.0,0.0
3696256,IN,IN,IRONO,BASIC,0.07,0.0,0.0,0.0,0.0,0.0
3696236,IN,IN,NATU1,CONST,0.03,0.0,0.0,0.0,0.0,0.0
3696235,IN,IN,NATU1,COLLE,8.79,0.0,0.0,0.0,0.0,0.0
3696234,IN,IN,NATU1,BIOGA,0.02,0.0,0.0,0.0,0.0,0.0
3696233,IN,IN,NATU1,CHEM1,0.15,0.0,0.0,0.0,0.0,0.0
3696232,IN,IN,NATU1,PFERT,1.25,0.0,0.0,0.0,0.0,0.0
3696231,IN,IN,NATU1,NFERT,0.04,0.0,0.0,0.0,0.0,0.0
3696230,IN,IN,NATU1,NONSP,5.58,0.0,0.0,0.0,0.0,0.0
3696229,IN,IN,NATU1,PETRO,1.89,0.0,0.0,0.0,0.0,0.0
3696228,IN,IN,NATU1,PARAF,0.15,0.0,0.0,0.0,0.0,0.0
3696227,IN,IN,NATU1,BITU1,3.47,0.0,0.0,0.0,0.0,0.0
3696226,IN,IN,NATU1,LUBRI,1.04,0.0,0.0,0.0,0.0,0.0
3696224,IN,IN,NATU1,REFI1,0.34,0.0,0.0,0.0,0.0,0.0
3696222,IN,IN,NATU1,REFIN,0.94,0.0,0.0,0.0,0.0,0.0
3696219,IN,IN,NATU1,KERO1,6.43,0.0,0.0,0.0,0.0,0.0
3696217,IN,IN,NATU1,AVIAT,0.26,0.0,0.0,0.0,0.0,0.0
3696215,IN,IN,NATUR,WASTE,4.33,0.0,0.0,0.0,0.0,0.0
3696214,IN,IN,NATUR,FOOD3,4.33,0.0,0.0,0.0,0.0,0.0
3696158,IN,IN,NATUR,LUBRI,1.51,0.0,0.0,0.0,0.0,0.0
3696154,IN,IN,NATUR,REFIN,1.01,0.0,0.0,0.0,0.0,0.0
3696258,IN,IN,IRONO,ALUM1,0.01,0.0,0.0,0.0,0.0,0.0
3696084,IN,IN,LIGNI,NONME,0.14,0.0,0.0,0.0,0.0,0.0
3696078,IN,IN,LIGNI,BIOGA,0.01,0.0,0.0,0.0,0.0,0.0
3696079,IN,IN,LIGNI,RUBBE,0.3,0.0,0.0,0.0,0.0,0.0
3696080,IN,IN,LIGNI,GLASS,0.05,0.0,0.0,0.0,0.0,0.0
3696081,IN,IN,LIGNI,CERAM,0.31,0.0,0.0,0.0,0.0,0.0
3696082,IN,IN,LIGNI,BRICK,0.16,0.0,0.0,0.0,0.0,0.0
3696083,IN,IN,LIGNI,CEMEN,7.51,0.0,0.0,0.0,0.0,0.0
3696085,IN,IN,LIGNI,BASIC,0.6,0.0,0.0,0.0,0.0,0.0
3696076,IN,IN,LIGNI,CHEM1,2.46,0.0,0.0,0.0,0.0,0.0
3696086,IN,IN,LIGNI,PREC1,0.72,0.0,0.0,0.0,0.0,0.0
3696087,IN,IN,LIGNI,ALUM1,0.42,0.0,0.0,0.0,0.0,0.0
3696088,IN,IN,LIGNI,LEAD1,0.05,0.0,0.0,0.0,0.0,0.0
3696089,IN,IN,LIGNI,COPP1,0.03,0.0,0.0,0.0,0.0,0.0
3696090,IN,IN,LIGNI,NONF1,0.04,0.0,0.0,0.0,0.0,0.0
3696091,IN,IN,LIGNI,FABRI,0.13,0.0,0.0,0.0,0.0,0.0
3696077,IN,IN,LIGNI,CHARC,0.01,0.0,0.0,0.0,0.0,0.0
3696075,IN,IN,LIGNI,PFERT,2.71,0.0,0.0,0.0,0.0,0.0
3696151,IN,IN,NATUR,KERO1,6.75,0.0,0.0,0.0,0.0,0.0
3696063,IN,IN,LIGNI,TOBAC,0.03,0.0,0.0,0.0,0.0,0.0
3696057,IN,IN,LIGNI,MEATC,0.01,0.0,0.0,0.0,0.0,0.0
3696058,IN,IN,LIGNI,DAIRY,0.01,0.0,0.0,0.0,0.0,0.0
3696059,IN,IN,LIGNI,PROCE,0.01,0.0,0.0,0.0,0.0,0.0
3696060,IN,IN,LIGNI,FOOD5,0.01,0.0,0.0,0.0,0.0,0.0
3696061,IN,IN,LIGNI,BEVER,0.03,0.0,0.0,0.0,0.0,0.0
3696062,IN,IN,LIGNI,FISH5,0.01,0.0,0.0,0.0,0.0,0.0
3696064,IN,IN,LIGNI,TEXTI,7.11,0.0,0.0,0.0,0.0,0.0
3696074,IN,IN,LIGNI,NFERT,0.2,0.0,0.0,0.0,0.0,0.0
3696066,IN,IN,LIGNI,LEATH,3.27,0.0,0.0,0.0,0.0,0.0
3696069,IN,IN,LIGNI,PAPER,0.8,0.0,0.0,0.0,0.0,0.0
3696070,IN,IN,LIGNI,PRINT,3.4,0.0,0.0,0.0,0.0,0.0
3696071,IN,IN,LIGNI,COKEO,2.18,0.0,0.0,0.0,0.0,0.0
3696072,IN,IN,LIGNI,LUBRI,0.01,0.0,0.0,0.0,0.0,0.0
3696073,IN,IN,LIGNI,PLAST,0.04,0.0,0.0,0.0,0.0,0.0
3696092,IN,IN,LIGNI,MACHI,0.37,0.0,0.0,0.0,0.0,0.0
3696093,IN,IN,LIGNI,ELECT,0.06,0.0,0.0,0.0,0.0,0.0
3696094,IN,IN,LIGNI,MEDIC,0.03,0.0,0.0,0.0,0.0,0.0
3696140,IN,IN,NATUR,FISH5,0.17,0.0,0.0,0.0,0.0,0.0
3696134,IN,IN,NATUR,VEGE1,0.02,0.0,0.0,0.0,0.0,0.0
3696135,IN,IN,NATUR,DAIRY,0.03,0.0,0.0,0.0,0.0,0.0
3696136,IN,IN,NATUR,PROCE,0.56,0.0,0.0,0.0,0.0,0.0
3696137,IN,IN,NATUR,SUGA1,0.01,0.0,0.0,0.0,0.0,0.0
3696138,IN,IN,NATUR,FOOD5,0.19,0.0,0.0,0.0,0.0,0.0
3696139,IN,IN,NATUR,BEVER,0.4,0.0,0.0,0.0,0.0,0.0
3696142,IN,IN,NATUR,WEARI,1.96,0.0,0.0,0.0,0.0,0.0
3696095,IN,IN,LIGNI,FURNI,1.82,0.0,0.0,0.0,0.0,0.0
3696143,IN,IN,NATUR,LEATH,0.04,0.0,0.0,0.0,0.0,0.0
3696144,IN,IN,NATUR,WOODW,0.02,0.0,0.0,0.0,0.0,0.0
3696145,IN,IN,NATUR,PAPER,0.36,0.0,0.0,0.0,0.0,0.0
3696146,IN,IN,NATUR,PRINT,0.13,0.0,0.0,0.0,0.0,0.0
3696147,IN,IN,NATUR,COKEO,1.68,0.0,0.0,0.0,0.0,0.0
3696149,IN,IN,NATUR,AVIAT,0.27,0.0,0.0,0.0,0.0,0.0
3696133,IN,IN,NATUR,MEAT4,0.01,0.0,0.0,0.0,0.0,0.0
3696132,IN,IN,NATUR,MEATC,0.23,0.0,0.0,0.0,0.0,0.0
3696129,IN,IN,NATUR,FISHF,5.48,0.0,0.0,0.0,0.0,0.0
3696127,IN,IN,CRUDE,SUPPO,0.19,0.0,0.0,0.0,0.0,0.0
3696126,IN,IN,CRUDE,AIRTR,0.16,0.0,0.0,0.0,0.0,0.0
3696125,IN,IN,CRUDE,CONST,1.12,0.0,0.0,0.0,0.0,0.0
3696123,IN,IN,CRUDE,BLAST,0.11,0.0,0.0,0.0,0.0,0.0
3696122,IN,IN,CRUDE,ELEC6,0.02,0.0,0.0,0.0,0.0,0.0
3696121,IN,IN,CRUDE,FURNI,0.05,0.0,0.0,0.0,0.0,0.0
3696120,IN,IN,CRUDE,MACHI,0.02,0.0,0.0,0.0,0.0,0.0
3696119,IN,IN,CRUDE,BIOGA,0.55,0.0,0.0,0.0,0.0,0.0
3696118,IN,IN,CRUDE,CHEM1,4.67,0.0,0.0,0.0,0.0,0.0
3696116,IN,IN,CRUDE,NFERT,1.34,0.0,0.0,0.0,0.0,0.0
3696115,IN,IN,CRUDE,PLAST,0.06,0.0,0.0,0.0,0.0,0.0
3696112,IN,IN,CRUDE,PARAF,4.65,0.0,0.0,0.0,0.0,0.0
3696101,IN,IN,CRUDE,AVIAT,8.34,0.0,0.0,0.0,0.0,0.0
3696098,IN,IN,LIGNI,PUBLI,0.01,0.0,0.0,0.0,0.0,0.0
3696257,IN,IN,IRONO,PREC1,0.01,0.0,0.0,0.0,0.0,0.0
3696259,IN,IN,IRONO,COPP1,0.02,0.0,0.0,0.0,0.0,0.0
3695580,IN,IN,RAWMI,MEAT4,0.03,0.0,0.0,0.0,0.0,0.0
3696362,IN,IN,NONFE,FOOD5,0.01,0.0,0.0,0.0,0.0,0.0
3696355,IN,IN,LEADZ,EDUCA,0.03,0.0,0.0,0.0,0.0,0.0
3696356,IN,IN,LEADZ,HEALT,0.09,0.0,0.0,0.0,0.0,0.0
3696357,IN,IN,LEADZ,FOOD3,0.01,0.0,0.0,0.0,0.0,0.0
3696358,IN,IN,LEADZ,WASTE,0.01,0.0,0.0,0.0,0.0,0.0
3696359,IN,IN,NONFE,FORES,0.05,0.0,0.0,0.0,0.0,0.0
3696361,IN,IN,NONFE,MEATC,0.01,0.0,0.0,0.0,0.0,0.0
3696363,IN,IN,NONFE,BEVER,0.01,0.0,0.0,0.0,0.0,0.0
3696353,IN,IN,LEADZ,WHOLE,0.15,0.0,0.0,0.0,0.0,0.0
3696364,IN,IN,NONFE,TOBAC,0.08,0.0,0.0,0.0,0.0,0.0
3696365,IN,IN,NONFE,TEXTI,0.01,0.0,0.0,0.0,0.0,0.0
3696366,IN,IN,NONFE,PRINT,0.01,0.0,0.0,0.0,0.0,0.0
3696367,IN,IN,NONFE,COKEO,0.02,0.0,0.0,0.0,0.0,0.0
3696368,IN,IN,NONFE,MOTOR,0.01,0.0,0.0,0.0,0.0,0.0
3696369,IN,IN,NONFE,GASDI,0.01,0.0,0.0,0.0,0.0,0.0
3696354,IN,IN,LEADZ,RETA1,0.04,0.0,0.0,0.0,0.0,0.0
3696351,IN,IN,LEADZ,DIST1,0.02,0.0,0.0,0.0,0.0,0.0
3696334,IN,IN,LEADZ,FISHF,2.08,0.0,0.0,0.0,0.0,0.0
3696342,IN,IN,LEADZ,BASIC,0.01,0.0,0.0,0.0,0.0,0.0
3696336,IN,IN,LEADZ,CHEM1,0.03,0.0,0.0,0.0,0.0,0.0
3696337,IN,IN,LEADZ,RUBBE,0.01,0.0,0.0,0.0,0.0,0.0
3696338,IN,IN,LEADZ,GLASS,0.04,0.0,0.0,0.0,0.0,0.0
3696339,IN,IN,LEADZ,CERAM,0.61,0.0,0.0,0.0,0.0,0.0
3696340,IN,IN,LEADZ,BRICK,0.01,0.0,0.0,0.0,0.0,0.0
3696341,IN,IN,LEADZ,NONME,0.91,0.0,0.0,0.0,0.0,0.0
3696343,IN,IN,LEADZ,LEAD1,3.45,0.0,0.0,0.0,0.0,0.0
3696350,IN,IN,LEADZ,FURNI,0.06,0.0,0.0,0.0,0.0,0.0
3696344,IN,IN,LEADZ,FABRI,0.18,0.0,0.0,0.0,0.0,0.0
3696345,IN,IN,LEADZ,MACHI,0.27,0.0,0.0,0.0,0.0,0.0
3696346,IN,IN,LEADZ,ELECT,0.08,0.0,0.0,0.0,0.0,0.0
3696347,IN,IN,LEADZ,RADIO,0.21,0.0,0.0,0.0,0.0,0.0
3696348,IN,IN,LEADZ,MEDIC,0.03,0.0,0.0,0.0,0.0,0.0
3696349,IN,IN,LEADZ,MOTO1,0.13,0.0,0.0,0.0,0.0,0.0
3696370,IN,IN,NONFE,LUBRI,0.01,0.0,0.0,0.0,0.0,0.0
3696371,IN,IN,NONFE,PLAST,0.09,0.0,0.0,0.0,0.0,0.0
3696372,IN,IN,NONFE,NFERT,0.29,0.0,0.0,0.0,0.0,0.0
3696399,IN,IN,NONFE,COLLE,1.39,0.0,0.0,0.0,0.0,0.0
3696393,IN,IN,NONFE,RADIO,0.18,0.0,0.0,0.0,0.0,0.0
3696394,IN,IN,NONFE,MEDIC,0.14,0.0,0.0,0.0,0.0,0.0
3696395,IN,IN,NONFE,MOTO1,2.75,0.0,0.0,0.0,0.0,0.0
3696396,IN,IN,NONFE,FURNI,0.22,0.0,0.0,0.0,0.0,0.0
3696397,IN,IN,NONFE,SECO9,0.01,0.0,0.0,0.0,0.0,0.0
3696398,IN,IN,NONFE,DIST1,0.05,0.0,0.0,0.0,0.0,0.0
3696400,IN,IN,NONFE,WHOLE,0.43,0.0,0.0,0.0,0.0,0.0
3696374,IN,IN,NONFE,CHEM1,1.09,0.0,0.0,0.0,0.0,0.0
3696401,IN,IN,NONFE,RETA1,0.12,0.0,0.0,0.0,0.0,0.0
3696402,IN,IN,NONFE,SUPPO,0.01,0.0,0.0,0.0,0.0,0.0
3696403,IN,IN,NONFE,FOOD3,0.05,0.0,0.0,0.0,0.0,0.0
3696404,IN,IN,NONFE,WASTE,0.05,0.0,0.0,0.0,0.0,0.0
3696405,IN,IN,STONE,PROCE,0.03,0.0,0.0,0.0,0.0,0.0
3696406,IN,IN,STONE,FOOD5,0.01,0.0,0.0,0.0,0.0,0.0
3696392,IN,IN,NONFE,ELECT,0.33,0.0,0.0,0.0,0.0,0.0
3696391,IN,IN,NONFE,OFFIC,0.01,0.0,0.0,0.0,0.0,0.0
3696390,IN,IN,NONFE,MACHI,0.91,0.0,0.0,0.0,0.0,0.0
3696389,IN,IN,NONFE,FABRI,0.76,0.0,0.0,0.0,0.0,0.0
3696388,IN,IN,NONFE,FOUND,0.03,0.0,0.0,0.0,0.0,0.0
3696386,IN,IN,NONFE,COPP1,0.01,0.0,0.0,0.0,0.0,0.0
3696385,IN,IN,NONFE,ALUM1,0.01,0.0,0.0,0.0,0.0,0.0
3696384,IN,IN,NONFE,PREC1,0.01,0.0,0.0,0.0,0.0,0.0
3696383,IN,IN,NONFE,BASIC,0.03,0.0,0.0,0.0,0.0,0.0
3696382,IN,IN,NONFE,NONME,0.04,0.0,0.0,0.0,0.0,0.0
3696381,IN,IN,NONFE,CEMEN,0.01,0.0,0.0,0.0,0.0,0.0
3696380,IN,IN,NONFE,BRICK,0.45,0.0,0.0,0.0,0.0,0.0
3696379,IN,IN,NONFE,CERAM,1.58,0.0,0.0,0.0,0.0,0.0
3696378,IN,IN,NONFE,GLASS,1.95,0.0,0.0,0.0,0.0,0.0
3696377,IN,IN,NONFE,RUBBE,0.07,0.0,0.0,0.0,0.0,0.0
3696376,IN,IN,NONFE,BIOGA,0.01,0.0,0.0,0.0,0.0,0.0
3696375,IN,IN,NONFE,CHARC,0.01,0.0,0.0,0.0,0.0,0.0
3696335,IN,IN,LEADZ,COKEO,0.01,0.0,0.0,0.0,0.0,0.0
3696333,IN,IN,LEADZ,FORES,0.03,0.0,0.0,0.0,0.0,0.0
3696260,IN,IN,IRONO,FOUND,0.07,0.0,0.0,0.0,0.0,0.0
3696289,IN,IN,ALUMI,CEMEN,2.69,0.0,0.0,0.0,0.0,0.0
3696282,IN,IN,ALUMI,COKEO,0.02,0.0,0.0,0.0,0.0,0.0
3696283,IN,IN,ALUMI,PLAST,0.02,0.0,0.0,0.0,0.0,0.0
3696284,IN,IN,ALUMI,PFERT,0.04,0.0,0.0,0.0,0.0,0.0
3696285,IN,IN,ALUMI,CHEM1,0.13,0.0,0.0,0.0,0.0,0.0
3696286,IN,IN,ALUMI,RUBBE,0.01,0.0,0.0,0.0,0.0,0.0
3696288,IN,IN,ALUMI,BRICK,1.67,0.0,0.0,0.0,0.0,0.0
3696290,IN,IN,ALUMI,NONME,2.6,0.0,0.0,0.0,0.0,0.0
3696280,IN,IN,ALUMI,BEVER,0.03,0.0,0.0,0.0,0.0,0.0
3696291,IN,IN,ALUMI,BASIC,0.07,0.0,0.0,0.0,0.0,0.0
3696292,IN,IN,ALUMI,PREC1,0.01,0.0,0.0,0.0,0.0,0.0
3696293,IN,IN,ALUMI,ALUM1,0.01,0.0,0.0,0.0,0.0,0.0
3696294,IN,IN,ALUMI,COPP1,0.01,0.0,0.0,0.0,0.0,0.0
3696295,IN,IN,ALUMI,FOUND,0.1,0.0,0.0,0.0,0.0,0.0
3696296,IN,IN,ALUMI,FABRI,0.73,0.0,0.0,0.0,0.0,0.0
3696281,IN,IN,ALUMI,PRINT,0.03,0.0,0.0,0.0,0.0,0.0
3696279,IN,IN,ALUMI,FISHF,0.03,0.0,0.0,0.0,0.0,0.0
3696332,IN,IN,PRECI,WASTE,0.08,0.0,0.0,0.0,0.0,0.0
3696269,IN,IN,IRONO,ELEC1,0.02,0.0,0.0,0.0,0.0,0.0
3696261,IN,IN,IRONO,FABRI,0.66,0.0,0.0,0.0,0.0,0.0
3696263,IN,IN,IRONO,OFFIC,0.02,0.0,0.0,0.0,0.0,0.0
3696264,IN,IN,IRONO,ELECT,0.35,0.0,0.0,0.0,0.0,0.0
3696265,IN,IN,IRONO,RADIO,0.03,0.0,0.0,0.0,0.0,0.0
3696266,IN,IN,IRONO,MEDIC,0.17,0.0,0.0,0.0,0.0,0.0
3696268,IN,IN,IRONO,FURNI,0.18,0.0,0.0,0.0,0.0,0.0
3696270,IN,IN,IRONO,DIST1,0.24,0.0,0.0,0.0,0.0,0.0
3696278,IN,IN,ALUMI,FORES,0.02,0.0,0.0,0.0,0.0,0.0
3696272,IN,IN,IRONO,CONST,0.01,0.0,0.0,0.0,0.0,0.0
3696273,IN,IN,IRONO,WHOLE,0.51,0.0,0.0,0.0,0.0,0.0
3696274,IN,IN,IRONO,RETA1,0.08,0.0,0.0,0.0,0.0,0.0
3696275,IN,IN,IRONO,RESEA,0.15,0.0,0.0,0.0,0.0,0.0
3696276,IN,IN,IRONO,FOOD3,0.01,0.0,0.0,0.0,0.0,0.0
3696277,IN,IN,IRONO,WASTE,0.01,0.0,0.0,0.0,0.0,0.0
3696297,IN,IN,ALUMI,MACHI,0.04,0.0,0.0,0.0,0.0,0.0
3696298,IN,IN,ALUMI,ELECT,0.27,0.0,0.0,0.0,0.0,0.0
3696299,IN,IN,ALUMI,MEDIC,0.09,0.0,0.0,0.0,0.0,0.0
3696324,IN,IN,PRECI,SECO9,0.01,0.0,0.0,0.0,0.0,0.0
3696318,IN,IN,PRECI,OFFIC,0.02,0.0,0.0,0.0,0.0,0.0
3696319,IN,IN,PRECI,ELECT,0.43,0.0,0.0,0.0,0.0,0.0
3696320,IN,IN,PRECI,RADIO,0.22,0.0,0.0,0.0,0.0,0.0
3696321,IN,IN,PRECI,MEDIC,0.11,0.0,0.0,0.0,0.0,0.0
3696322,IN,IN,PRECI,MOTO1,0.11,0.0,0.0,0.0,0.0,0.0
3696323,IN,IN,PRECI,FURNI,0.14,0.0,0.0,0.0,0.0,0.0
3696325,IN,IN,PRECI,DIST1,0.2,0.0,0.0,0.0,0.0,0.0
3696300,IN,IN,ALUMI,FURNI,0.16,0.0,0.0,0.0,0.0,0.0
3696326,IN,IN,PRECI,RETAI,0.03,0.0,0.0,0.0,0.0,0.0
3696327,IN,IN,PRECI,WHOLE,0.79,0.0,0.0,0.0,0.0,0.0
3696328,IN,IN,PRECI,RETA1,0.12,0.0,0.0,0.0,0.0,0.0
3696329,IN,IN,PRECI,PUBLI,0.02,0.0,0.0,0.0,0.0,0.0
3696330,IN,IN,PRECI,HEALT,0.23,0.0,0.0,0.0,0.0,0.0
3696331,IN,IN,PRECI,FOOD3,0.08,0.0,0.0,0.0,0.0,0.0
3696317,IN,IN,PRECI,MACHI,3.22,0.0,0.0,0.0,0.0,0.0
3696316,IN,IN,PRECI,FABRI,0.45,0.0,0.0,0.0,0.0,0.0
3696315,IN,IN,PRECI,FOUND,0.02,0.0,0.0,0.0,0.0,0.0
3696314,IN,IN,PRECI,COPP1,0.01,0.0,0.0,0.0,0.0,0.0
3696313,IN,IN,PRECI,ALUM1,0.01,0.0,0.0,0.0,0.0,0.0
3696312,IN,IN,PRECI,PREC1,6.99,0.0,0.0,0.0,0.0,0.0
3696311,IN,IN,PRECI,BASIC,0.03,0.0,0.0,0.0,0.0,0.0
3696310,IN,IN,PRECI,NONME,0.24,0.0,0.0,0.0,0.0,0.0
3696309,IN,IN,PRECI,CERAM,0.13,0.0,0.0,0.0,0.0,0.0
3696308,IN,IN,PRECI,GLASS,0.05,0.0,0.0,0.0,0.0,0.0
3696307,IN,IN,PRECI,RUBBE,0.05,0.0,0.0,0.0,0.0,0.0
3696306,IN,IN,PRECI,CHEM1,0.01,0.0,0.0,0.0,0.0,0.0
3696305,IN,IN,PRECI,FISHF,0.18,0.0,0.0,0.0,0.0,0.0
3696304,IN,IN,PRECI,FORES,0.12,0.0,0.0,0.0,0.0,0.0
3696303,IN,IN,ALUMI,RETA1,0.01,0.0,0.0,0.0,0.0,0.0
3696302,IN,IN,ALUMI,WHOLE,0.11,0.0,0.0,0.0,0.0,0.0
3696301,IN,IN,ALUMI,COLLE,0.49,0.0,0.0,0.0,0.0,0.0
3696056,IN,IN,LIGNI,BKBPE,0.06,0.0,0.0,0.0,0.0,0.0
3696055,IN,IN,LIGNI,LIGNI,0.24,0.0,0.0,0.0,0.0,0.0
3696053,IN,IN,LIGNI,COKIN,1.01,0.0,0.0,0.0,0.0,0.0
3695704,IN,IN,FORES,MEAT1,0.12,0.0,0.0,0.0,0.0,0.0
3695696,IN,IN,FORES,COKIN,0.12,0.0,0.0,0.0,0.0,0.0
3695698,IN,IN,FORES,LIGNI,0.03,0.0,0.0,0.0,0.0,0.0
3695699,IN,IN,FORES,BKBPE,0.01,0.0,0.0,0.0,0.0,0.0
3695700,IN,IN,FORES,CRUDE,0.02,0.0,0.0,0.0,0.0,0.0
3695701,IN,IN,FORES,NATUR,0.02,0.0,0.0,0.0,0.0,0.0
3695703,IN,IN,FORES,MEATP,0.01,0.0,0.0,0.0,0.0,0.0
3695705,IN,IN,FORES,MEAT4,0.22,0.0,0.0,0.0,0.0,0.0
3695690,IN,IN,FORES,CEREA,0.22,0.0,0.0,0.0,0.0,0.0
3695706,IN,IN,FORES,VEGE1,0.27,0.0,0.0,0.0,0.0,0.0
3695709,IN,IN,FORES,SUGA1,0.17,0.0,0.0,0.0,0.0,0.0
3695724,IN,IN,FORES,KERO1,0.17,0.0,0.0,0.0,0.0,0.0
3694749,IN,IN,PADDY,93197,0.01,0.0,0.0,0.0,0.0,0.0
3695751,IN,IN,FORES,NONF1,0.14,0.0,0.0,0.0,0.0,0.0
3694748,IN,IN,PADDY,RECRE,0.01,0.0,0.0,0.0,0.0,0.0
3695691,IN,IN,FORES,VEGET,0.03,0.0,0.0,0.0,0.0,0.0
3695686,IN,IN,WOOLS,WASTE,0.01,0.0,0.0,0.0,0.0,0.0
3695665,IN,IN,WOOLS,CHARC,0.03,0.0,0.0,0.0,0.0,0.0
3695673,IN,IN,WOOLS,LEAD1,0.02,0.0,0.0,0.0,0.0,0.0
3695667,IN,IN,WOOLS,RUBBE,1.04,0.0,0.0,0.0,0.0,0.0
3695668,IN,IN,WOOLS,GLASS,0.1,0.0,0.0,0.0,0.0,0.0
3695669,IN,IN,WOOLS,NONME,0.08,0.0,0.0,0.0,0.0,0.0
3695670,IN,IN,WOOLS,BASIC,0.73,0.0,0.0,0.0,0.0,0.0
3695671,IN,IN,WOOLS,PREC1,0.29,0.0,0.0,0.0,0.0,0.0
3695672,IN,IN,WOOLS,ALUM1,0.26,0.0,0.0,0.0,0.0,0.0
3695674,IN,IN,WOOLS,COPP1,0.24,0.0,0.0,0.0,0.0,0.0
3695685,IN,IN,WOOLS,FOOD3,0.01,0.0,0.0,0.0,0.0,0.0
3695675,IN,IN,WOOLS,NONF1,0.01,0.0,0.0,0.0,0.0,0.0
3695676,IN,IN,WOOLS,FOUND,0.21,0.0,0.0,0.0,0.0,0.0
3695679,IN,IN,WOOLS,MOTO1,0.21,0.0,0.0,0.0,0.0,0.0
3695681,IN,IN,WOOLS,ELEC7,0.03,0.0,0.0,0.0,0.0,0.0
3695682,IN,IN,WOOLS,COLLE,0.61,0.0,0.0,0.0,0.0,0.0
3695683,IN,IN,WOOLS,REALE,0.02,0.0,0.0,0.0,0.0,0.0
3695763,IN,IN,FORES,ELEC1,0.03,0.0,0.0,0.0,0.0,0.0
3695764,IN,IN,FORES,ELEC2,0.07,0.0,0.0,0.0,0.0,0.0
3695765,IN,IN,FORES,ELEC6,0.03,0.0,0.0,0.0,0.0,0.0
3695816,IN,IN,FISHF,PETRO,0.5,0.0,0.0,0.0,0.0,0.0
3695810,IN,IN,FISHF,HEAVY,0.11,0.0,0.0,0.0,0.0,0.0
3695811,IN,IN,FISHF,REFIN,0.2,0.0,0.0,0.0,0.0,0.0
3695812,IN,IN,FISHF,LIQUE,0.22,0.0,0.0,0.0,0.0,0.0
3695813,IN,IN,FISHF,NAPHT,0.24,0.0,0.0,0.0,0.0,0.0
3695814,IN,IN,FISHF,LUBRI,0.05,0.0,0.0,0.0,0.0,0.0
3695815,IN,IN,FISHF,PARAF,0.22,0.0,0.0,0.0,0.0,0.0
3695818,IN,IN,FISHF,NFERT,0.38,0.0,0.0,0.0,0.0,0.0
3695766,IN,IN,FORES,BLAST,0.15,0.0,0.0,0.0,0.0,0.0
3695823,IN,IN,FISHF,BIODI,0.35,0.0,0.0,0.0,0.0,0.0
3695825,IN,IN,FISHF,GLASS,0.03,0.0,0.0,0.0,0.0,0.0
3695826,IN,IN,FISHF,CEMEN,0.05,0.0,0.0,0.0,0.0,0.0
3695827,IN,IN,FISHF,NONME,0.02,0.0,0.0,0.0,0.0,0.0
3695828,IN,IN,FISHF,PREC1,0.02,0.0,0.0,0.0,0.0,0.0
3695829,IN,IN,FISHF,COPP1,0.01,0.0,0.0,0.0,0.0,0.0
3695808,IN,IN,FISHF,KERO1,0.04,0.0,0.0,0.0,0.0,0.0
3695807,IN,IN,FISHF,KEROS,0.47,0.0,0.0,0.0,0.0,0.0
3695805,IN,IN,FISHF,COKEO,0.02,0.0,0.0,0.0,0.0,0.0
3695803,IN,IN,FISHF,PAPER,0.28,0.0,0.0,0.0,0.0,0.0
3695802,IN,IN,FISHF,WOODW,0.04,0.0,0.0,0.0,0.0,0.0
3695801,IN,IN,FISHF,LEATH,0.26,0.0,0.0,0.0,0.0,0.0
3695800,IN,IN,FISHF,WEARI,0.24,0.0,0.0,0.0,0.0,0.0
3695798,IN,IN,FISHF,TOBAC,0.04,0.0,0.0,0.0,0.0,0.0
3694745,IN,IN,PADDY,FOOD3,0.01,0.0,0.0,0.0,0.0,0.0
3695794,IN,IN,FISHF,SUGA1,0.04,0.0,0.0,0.0,0.0,0.0
3695792,IN,IN,FISHF,DAIRY,0.19,0.0,0.0,0.0,0.0,0.0
3695790,IN,IN,FISHF,MEAT4,0.05,0.0,0.0,0.0,0.0,0.0
3695789,IN,IN,FISHF,MEAT1,0.02,0.0,0.0,0.0,0.0,0.0
3694746,IN,IN,PADDY,WASTE,0.01,0.0,0.0,0.0,0.0,0.0
3695780,IN,IN,FORES,PUBLI,0.03,0.0,0.0,0.0,0.0,0.0
3695777,IN,IN,FORES,REALE,0.22,0.0,0.0,0.0,0.0,0.0
3694747,IN,IN,PADDY,MEMBE,0.01,0.0,0.0,0.0,0.0,0.0
3695666,IN,IN,WOOLS,BIOGA,0.04,0.0,0.0,0.0,0.0,0.0
3695663,IN,IN,WOOLS,PFERT,0.61,0.0,0.0,0.0,0.0,0.0
3696052,IN,IN,LIGNI,FISHF,0.03,0.0,0.0,0.0,0.0,0.0
3695611,IN,IN,RAWMI,BIODI,0.23,0.0,0.0,0.0,0.0,0.0
3695603,IN,IN,RAWMI,PARAF,0.14,0.0,0.0,0.0,0.0,0.0
3695604,IN,IN,RAWMI,PETRO,0.33,0.0,0.0,0.0,0.0,0.0
3695605,IN,IN,RAWMI,PLAST,1.44,0.0,0.0,0.0,0.0,0.0
3695606,IN,IN,RAWMI,NFERT,0.08,0.0,0.0,0.0,0.0,0.0
3695607,IN,IN,RAWMI,PFERT,1.57,0.0,0.0,0.0,0.0,0.0
3695609,IN,IN,RAWMI,CHARC,2.03,0.0,0.0,0.0,0.0,0.0
3695612,IN,IN,RAWMI,RUBBE,3.21,0.0,0.0,0.0,0.0,0.0
3695601,IN,IN,RAWMI,NAPHT,0.16,0.0,0.0,0.0,0.0,0.0
3695613,IN,IN,RAWMI,GLASS,0.02,0.0,0.0,0.0,0.0,0.0
3695614,IN,IN,RAWMI,CEMEN,0.03,0.0,0.0,0.0,0.0,0.0
3695615,IN,IN,RAWMI,NONME,0.02,0.0,0.0,0.0,0.0,0.0
3695616,IN,IN,RAWMI,PREC1,0.01,0.0,0.0,0.0,0.0,0.0
3695617,IN,IN,RAWMI,COPP1,0.05,0.0,0.0,0.0,0.0,0.0
3695618,IN,IN,RAWMI,FABRI,0.24,0.0,0.0,0.0,0.0,0.0
3695602,IN,IN,RAWMI,LUBRI,0.03,0.0,0.0,0.0,0.0,0.0
3695600,IN,IN,RAWMI,LIQUE,0.14,0.0,0.0,0.0,0.0,0.0
3695662,IN,IN,WOOLS,NFERT,0.53,0.0,0.0,0.0,0.0,0.0
3695591,IN,IN,RAWMI,WOODW,0.03,0.0,0.0,0.0,0.0,0.0
3695583,IN,IN,RAWMI,PROCE,0.53,0.0,0.0,0.0,0.0,0.0
3695584,IN,IN,RAWMI,SUGA1,5.29,0.0,0.0,0.0,0.0,0.0
3695587,IN,IN,RAWMI,FISH5,0.36,0.0,0.0,0.0,0.0,0.0
3695588,IN,IN,RAWMI,TOBAC,0.28,0.0,0.0,0.0,0.0,0.0
3695589,IN,IN,RAWMI,TEXTI,3.14,0.0,0.0,0.0,0.0,0.0
3695590,IN,IN,RAWMI,WEARI,0.23,0.0,0.0,0.0,0.0,0.0
3695592,IN,IN,RAWMI,PAPER,0.14,0.0,0.0,0.0,0.0,0.0
3695599,IN,IN,RAWMI,REFIN,0.14,0.0,0.0,0.0,0.0,0.0
3695593,IN,IN,RAWMI,COKEO,0.01,0.0,0.0,0.0,0.0,0.0
3695594,IN,IN,RAWMI,MOTOR,0.41,0.0,0.0,0.0,0.0,0.0
3695595,IN,IN,RAWMI,KEROS,0.31,0.0,0.0,0.0,0.0,0.0
3695596,IN,IN,RAWMI,KERO1,0.03,0.0,0.0,0.0,0.0,0.0
3695597,IN,IN,RAWMI,GASDI,0.61,0.0,0.0,0.0,0.0,0.0
3695598,IN,IN,RAWMI,HEAVY,0.07,0.0,0.0,0.0,0.0,0.0
3695619,IN,IN,RAWMI,MACHI,5.32,0.0,0.0,0.0,0.0,0.0
3695620,IN,IN,RAWMI,OFFIC,0.03,0.0,0.0,0.0,0.0,0.0
3695621,IN,IN,RAWMI,ELECT,0.1,0.0,0.0,0.0,0.0,0.0
3695652,IN,IN,WOOLS,TEXTI,0.45,0.0,0.0,0.0,0.0,0.0
3695646,IN,IN,WOOLS,BITUM,0.23,0.0,0.0,0.0,0.0,0.0
3695647,IN,IN,WOOLS,MEATC,0.02,0.0,0.0,0.0,0.0,0.0
3695648,IN,IN,WOOLS,PROCE,0.01,0.0,0.0,0.0,0.0,0.0
3695649,IN,IN,WOOLS,FOOD5,0.01,0.0,0.0,0.0,0.0,0.0
3695650,IN,IN,WOOLS,BEVER,0.02,0.0,0.0,0.0,0.0,0.0
3695651,IN,IN,WOOLS,FISH5,0.01,0.0,0.0,0.0,0.0,0.0
3695653,IN,IN,WOOLS,WEARI,0.01,0.0,0.0,0.0,0.0,0.0
3695622,IN,IN,RAWMI,MEDIC,0.23,0.0,0.0,0.0,0.0,0.0
3695656,IN,IN,WOOLS,PAPER,0.46,0.0,0.0,0.0,0.0,0.0
3695657,IN,IN,WOOLS,PRINT,0.02,0.0,0.0,0.0,0.0,0.0
3695658,IN,IN,WOOLS,MOTOR,0.01,0.0,0.0,0.0,0.0,0.0
3695659,IN,IN,WOOLS,KEROS,0.01,0.0,0.0,0.0,0.0,0.0
3695660,IN,IN,WOOLS,GASDI,0.01,0.0,0.0,0.0,0.0,0.0
3695661,IN,IN,WOOLS,PETRO,0.01,0.0,0.0,0.0,0.0,0.0
3695645,IN,IN,WOOLS,RAWMI,0.01,0.0,0.0,0.0,0.0,0.0
3695642,IN,IN,RAWMI,MEMBE,3.09,0.0,0.0,0.0,0.0,0.0
3695641,IN,IN,RAWMI,WASTE,3.71,0.0,0.0,0.0,0.0,0.0
3695640,IN,IN,RAWMI,FOOD3,3.72,0.0,0.0,0.0,0.0,0.0
3695636,IN,IN,RAWMI,RESEA,8.8,0.0,0.0,0.0,0.0,0.0
3695635,IN,IN,RAWMI,REALE,0.08,0.0,0.0,0.0,0.0,0.0
3695634,IN,IN,RAWMI,AUXIL,1.06,0.0,0.0,0.0,0.0,0.0
3695633,IN,IN,RAWMI,POSTT,0.59,0.0,0.0,0.0,0.0,0.0
3695632,IN,IN,RAWMI,SUPPO,0.34,0.0,0.0,0.0,0.0,0.0
3695630,IN,IN,RAWMI,CONST,0.24,0.0,0.0,0.0,0.0,0.0
3695629,IN,IN,RAWMI,COLLE,0.62,0.0,0.0,0.0,0.0,0.0
3695628,IN,IN,RAWMI,BLAST,0.16,0.0,0.0,0.0,0.0,0.0
3695627,IN,IN,RAWMI,ELEC7,0.01,0.0,0.0,0.0,0.0,0.0
3695626,IN,IN,RAWMI,ELEC6,0.05,0.0,0.0,0.0,0.0,0.0
3695625,IN,IN,RAWMI,ELEC2,0.37,0.0,0.0,0.0,0.0,0.0
3695624,IN,IN,RAWMI,SECO9,0.47,0.0,0.0,0.0,0.0,0.0
3695623,IN,IN,RAWMI,FURNI,3.6,0.0,0.0,0.0,0.0,0.0
3695830,IN,IN,FISHF,FABRI,0.31,0.0,0.0,0.0,0.0,0.0
3695832,IN,IN,FISHF,OFFIC,0.03,0.0,0.0,0.0,0.0,0.0
3695833,IN,IN,FISHF,ELECT,0.1,0.0,0.0,0.0,0.0,0.0
3695960,IN,IN,BITUM,VEGE1,1.62,0.0,0.0,0.0,0.0,0.0
3695954,IN,IN,BITUM,IRONO,0.04,0.0,0.0,0.0,0.0,0.0
3695955,IN,IN,BITUM,PRECI,0.01,0.0,0.0,0.0,0.0,0.0
3695956,IN,IN,BITUM,MEATC,0.29,0.0,0.0,0.0,0.0,0.0
3695957,IN,IN,BITUM,MEATP,0.01,0.0,0.0,0.0,0.0,0.0
3695958,IN,IN,BITUM,MEAT1,0.08,0.0,0.0,0.0,0.0,0.0
3695959,IN,IN,BITUM,MEAT4,0.26,0.0,0.0,0.0,0.0,0.0
3695961,IN,IN,BITUM,DAIRY,0.07,0.0,0.0,0.0,0.0,0.0
3695951,IN,IN,BITUM,BKBPE,7.32,0.0,0.0,0.0,0.0,0.0
3695963,IN,IN,BITUM,SUGA1,0.51,0.0,0.0,0.0,0.0,0.0
3695966,IN,IN,BITUM,FISH5,0.81,0.0,0.0,0.0,0.0,0.0
3695968,IN,IN,BITUM,TEXTI,6.17,0.0,0.0,0.0,0.0,0.0
3695969,IN,IN,BITUM,WEARI,4.95,0.0,0.0,0.0,0.0,0.0
3695972,IN,IN,BITUM,PULP5,2.95,0.0,0.0,0.0,0.0,0.0
3695975,IN,IN,BITUM,COKEO,0.68,0.0,0.0,0.0,0.0,0.0
3695953,IN,IN,BITUM,NATU1,1.47,0.0,0.0,0.0,0.0,0.0
3695947,IN,IN,BITUM,FISHF,5.07,0.0,0.0,0.0,0.0,0.0
3695834,IN,IN,FISHF,RADIO,0.07,0.0,0.0,0.0,0.0,0.0
3695936,IN,IN,COKIN,PUBLI,0.01,0.0,0.0,0.0,0.0,0.0
3695930,IN,IN,COKIN,CONST,0.16,0.0,0.0,0.0,0.0,0.0
3695931,IN,IN,COKIN,SALEM,0.01,0.0,0.0,0.0,0.0,0.0
3695932,IN,IN,COKIN,WHOLE,0.14,0.0,0.0,0.0,0.0,0.0
3695933,IN,IN,COKIN,RETA1,0.11,0.0,0.0,0.0,0.0,0.0
3695934,IN,IN,COKIN,POSTT,0.01,0.0,0.0,0.0,0.0,0.0
3695935,IN,IN,COKIN,REALE,0.01,0.0,0.0,0.0,0.0,0.0
3695937,IN,IN,COKIN,EDUCA,0.01,0.0,0.0,0.0,0.0,0.0
3695945,IN,IN,BITUM,CROPS,3.03,0.0,0.0,0.0,0.0,0.0
3695938,IN,IN,COKIN,FOOD3,0.28,0.0,0.0,0.0,0.0,0.0
3695939,IN,IN,COKIN,WASTE,0.28,0.0,0.0,0.0,0.0,0.0
3695941,IN,IN,BITUM,WHEAT,0.9,0.0,0.0,0.0,0.0,0.0
3695942,IN,IN,BITUM,CEREA,0.62,0.0,0.0,0.0,0.0,0.0
3695943,IN,IN,BITUM,VEGET,0.09,0.0,0.0,0.0,0.0,0.0
3695944,IN,IN,BITUM,SUGAR,1.31,0.0,0.0,0.0,0.0,0.0
3695976,IN,IN,BITUM,MOTOR,0.11,0.0,0.0,0.0,0.0,0.0
3695977,IN,IN,BITUM,KEROS,0.08,0.0,0.0,0.0,0.0,0.0
3695978,IN,IN,BITUM,KERO1,0.01,0.0,0.0,0.0,0.0,0.0
3696034,IN,IN,BITUM,INLAN,0.23,0.0,0.0,0.0,0.0,0.0
3696019,IN,IN,BITUM,ELEC6,0.01,0.0,0.0,0.0,0.0,0.0
3696022,IN,IN,BITUM,GASWO,2.05,0.0,0.0,0.0,0.0,0.0
3696026,IN,IN,BITUM,CONST,7.28,0.0,0.0,0.0,0.0,0.0
3696027,IN,IN,BITUM,SALEM,0.73,0.0,0.0,0.0,0.0,0.0
3696028,IN,IN,BITUM,RETAI,2.97,0.0,0.0,0.0,0.0,0.0
3696033,IN,IN,BITUM,SEACO,4.31,0.0,0.0,0.0,0.0,0.0
3696035,IN,IN,BITUM,AIRTR,0.55,0.0,0.0,0.0,0.0,0.0
3695979,IN,IN,BITUM,GASDI,0.17,0.0,0.0,0.0,0.0,0.0
3696036,IN,IN,BITUM,SUPPO,0.72,0.0,0.0,0.0,0.0,0.0
3696038,IN,IN,BITUM,INSUR,0.05,0.0,0.0,0.0,0.0,0.0
3696039,IN,IN,BITUM,AUXIL,0.04,0.0,0.0,0.0,0.0,0.0
3696040,IN,IN,BITUM,REALE,0.29,0.0,0.0,0.0,0.0,0.0
3696041,IN,IN,BITUM,RESEA,2.49,0.0,0.0,0.0,0.0,0.0
3696051,IN,IN,LIGNI,FORES,0.05,0.0,0.0,0.0,0.0,0.0
3696018,IN,IN,BITUM,ELEC2,0.16,0.0,0.0,0.0,0.0,0.0
3694742,IN,IN,PADDY,BUSIN,1.37,0.0,0.0,0.0,0.0,0.0
3696016,IN,IN,BITUM,SECO9,3.53,0.0,0.0,0.0,0.0,0.0
3696014,IN,IN,BITUM,TRANS,0.1,0.0,0.0,0.0,0.0,0.0
3696009,IN,IN,BITUM,OFFIC,1.78,0.0,0.0,0.0,0.0,0.0
3696006,IN,IN,BITUM,FOUND,4.13,0.0,0.0,0.0,0.0,0.0
3695993,IN,IN,BITUM,BIODI,0.09,0.0,0.0,0.0,0.0,0.0
3695992,IN,IN,BITUM,BIOGA,1.11,0.0,0.0,0.0,0.0,0.0
3695991,IN,IN,BITUM,CHARC,0.49,0.0,0.0,0.0,0.0,0.0
3695987,IN,IN,BITUM,PLAST,2.59,0.0,0.0,0.0,0.0,0.0
3695986,IN,IN,BITUM,PETRO,0.08,0.0,0.0,0.0,0.0,0.0
3695985,IN,IN,BITUM,PARAF,0.03,0.0,0.0,0.0,0.0,0.0
3695984,IN,IN,BITUM,LUBRI,0.29,0.0,0.0,0.0,0.0,0.0
3695983,IN,IN,BITUM,NAPHT,0.04,0.0,0.0,0.0,0.0,0.0
3695982,IN,IN,BITUM,LIQUE,0.04,0.0,0.0,0.0,0.0,0.0
3695981,IN,IN,BITUM,REFIN,0.03,0.0,0.0,0.0,0.0,0.0
3695980,IN,IN,BITUM,HEAVY,0.02,0.0,0.0,0.0,0.0,0.0
3695928,IN,IN,COKIN,DIST1,0.03,0.0,0.0,0.0,0.0,0.0
3695927,IN,IN,COKIN,ELEC2,0.01,0.0,0.0,0.0,0.0,0.0
3695925,IN,IN,COKIN,SECO9,0.04,0.0,0.0,0.0,0.0,0.0
3695875,IN,IN,COKIN,PROCE,2.26,0.0,0.0,0.0,0.0,0.0
3695869,IN,IN,COKIN,NATUR,0.37,0.0,0.0,0.0,0.0,0.0
3695870,IN,IN,COKIN,NATU1,0.06,0.0,0.0,0.0,0.0,0.0
3695871,IN,IN,COKIN,MEATC,0.05,0.0,0.0,0.0,0.0,0.0
3695872,IN,IN,COKIN,MEAT4,0.01,0.0,0.0,0.0,0.0,0.0
3695873,IN,IN,COKIN,VEGE1,0.04,0.0,0.0,0.0,0.0,0.0
3695874,IN,IN,COKIN,DAIRY,0.01,0.0,0.0,0.0,0.0,0.0
3695876,IN,IN,COKIN,SUGA1,0.01,0.0,0.0,0.0,0.0,0.0
3695884,IN,IN,COKIN,WOODW,2.31,0.0,0.0,0.0,0.0,0.0
3695877,IN,IN,COKIN,FOOD5,0.24,0.0,0.0,0.0,0.0,0.0
3695878,IN,IN,COKIN,BEVER,1.04,0.0,0.0,0.0,0.0,0.0
3695879,IN,IN,COKIN,FISH5,0.02,0.0,0.0,0.0,0.0,0.0
3695880,IN,IN,COKIN,TOBAC,0.81,0.0,0.0,0.0,0.0,0.0
3695881,IN,IN,COKIN,TEXTI,0.39,0.0,0.0,0.0,0.0,0.0
3695882,IN,IN,COKIN,WEARI,0.03,0.0,0.0,0.0,0.0,0.0
3695868,IN,IN,COKIN,BKBPE,0.17,0.0,0.0,0.0,0.0,0.0
3695867,IN,IN,COKIN,LIGNI,0.72,0.0,0.0,0.0,0.0,0.0
3695865,IN,IN,COKIN,COKIN,3.03,0.0,0.0,0.0,0.0,0.0
3695864,IN,IN,COKIN,FISHF,0.63,0.0,0.0,0.0,0.0,0.0
3695863,IN,IN,COKIN,FORES,0.18,0.0,0.0,0.0,0.0,0.0
3695862,IN,IN,COKIN,PADDY,0.16,0.0,0.0,0.0,0.0,0.0
3695853,IN,IN,FISHF,REALE,0.27,0.0,0.0,0.0,0.0,0.0
3695846,IN,IN,FISHF,RETAI,0.42,0.0,0.0,0.0,0.0,0.0
3695845,IN,IN,FISHF,SALEM,0.31,0.0,0.0,0.0,0.0,0.0
3695844,IN,IN,FISHF,CONST,0.26,0.0,0.0,0.0,0.0,0.0
3695843,IN,IN,FISHF,COLLE,0.14,0.0,0.0,0.0,0.0,0.0
3695842,IN,IN,FISHF,BLAST,0.22,0.0,0.0,0.0,0.0,0.0
3695841,IN,IN,FISHF,ELEC7,0.01,0.0,0.0,0.0,0.0,0.0
3695840,IN,IN,FISHF,ELEC6,0.05,0.0,0.0,0.0,0.0,0.0
3695839,IN,IN,FISHF,ELEC2,0.38,0.0,0.0,0.0,0.0,0.0
3695838,IN,IN,FISHF,SECO9,0.12,0.0,0.0,0.0,0.0,0.0
3695835,IN,IN,FISHF,MEDIC,0.34,0.0,0.0,0.0,0.0,0.0
3695883,IN,IN,COKIN,LEATH,0.05,0.0,0.0,0.0,0.0,0.0
3695885,IN,IN,COKIN,PULP5,0.01,0.0,0.0,0.0,0.0,0.0
3695924,IN,IN,COKIN,FURNI,5.08,0.0,0.0,0.0,0.0,0.0
3695915,IN,IN,COKIN,FOUND,2.22,0.0,0.0,0.0,0.0,0.0
3695908,IN,IN,COKIN,CEMEN,0.22,0.0,0.0,0.0,0.0,0.0
3695909,IN,IN,COKIN,NONME,0.19,0.0,0.0,0.0,0.0,0.0
3695911,IN,IN,COKIN,PREC1,0.03,0.0,0.0,0.0,0.0,0.0
3695912,IN,IN,COKIN,ALUM1,0.03,0.0,0.0,0.0,0.0,0.0
3695913,IN,IN,COKIN,LEAD1,0.01,0.0,0.0,0.0,0.0,0.0
3695914,IN,IN,COKIN,COPP1,0.04,0.0,0.0,0.0,0.0,0.0
3695917,IN,IN,COKIN,MACHI,2.93,0.0,0.0,0.0,0.0,0.0
3695886,IN,IN,COKIN,PAPER,0.03,0.0,0.0,0.0,0.0,0.0
3695918,IN,IN,COKIN,OFFIC,0.03,0.0,0.0,0.0,0.0,0.0
3695919,IN,IN,COKIN,ELECT,2.21,0.0,0.0,0.0,0.0,0.0
3695920,IN,IN,COKIN,RADIO,0.31,0.0,0.0,0.0,0.0,0.0
3695921,IN,IN,COKIN,MEDIC,0.31,0.0,0.0,0.0,0.0,0.0
3695922,IN,IN,COKIN,MOTO1,0.92,0.0,0.0,0.0,0.0,0.0
3695923,IN,IN,COKIN,TRANS,0.07,0.0,0.0,0.0,0.0,0.0
3695907,IN,IN,COKIN,BRICK,0.02,0.0,0.0,0.0,0.0,0.0
3695906,IN,IN,COKIN,CERAM,0.04,0.0,0.0,0.0,0.0,0.0
3695905,IN,IN,COKIN,GLASS,0.17,0.0,0.0,0.0,0.0,0.0
3695903,IN,IN,COKIN,BIODI,0.01,0.0,0.0,0.0,0.0,0.0
3695902,IN,IN,COKIN,BIOGA,0.06,0.0,0.0,0.0,0.0,0.0
3695901,IN,IN,COKIN,CHARC,0.09,0.0,0.0,0.0,0.0,0.0
3695898,IN,IN,COKIN,NFERT,1.7,0.0,0.0,0.0,0.0,0.0
3695897,IN,IN,COKIN,PLAST,0.38,0.0,0.0,0.0,0.0,0.0
3695896,IN,IN,COKIN,PETRO,0.01,0.0,0.0,0.0,0.0,0.0
3695895,IN,IN,COKIN,PARAF,0.01,0.0,0.0,0.0,0.0,0.0
3695894,IN,IN,COKIN,LUBRI,0.05,0.0,0.0,0.0,0.0,0.0
3695893,IN,IN,COKIN,NAPHT,0.01,0.0,0.0,0.0,0.0,0.0
3695892,IN,IN,COKIN,LIQUE,0.01,0.0,0.0,0.0,0.0,0.0
3695891,IN,IN,COKIN,REFIN,0.01,0.0,0.0,0.0,0.0,0.0
3695890,IN,IN,COKIN,GASDI,0.03,0.0,0.0,0.0,0.0,0.0
3695889,IN,IN,COKIN,KEROS,0.01,0.0,0.0,0.0,0.0,0.0
3695888,IN,IN,COKIN,MOTOR,0.02,0.0,0.0,0.0,0.0,0.0
3698176,IN,IN,MOTOR,FOOD5,2.75,0.0,0.0,0.0,0.0,0.0
3698177,IN,IN,MOTOR,BEVER,12.84,0.0,0.0,0.0,0.0,0.0
3698178,IN,IN,MOTOR,FISH5,3.48,0.0,0.0,0.0,0.0,0.0
3700715,IN,IN,OFFIC,FABRI,4.43,0.0,0.0,0.0,0.0,0.0
3700709,IN,IN,OFFIC,PREC1,0.17,0.0,0.0,0.0,0.0,0.0
3700710,IN,IN,OFFIC,ALUM1,0.24,0.0,0.0,0.0,0.0,0.0
3700711,IN,IN,OFFIC,LEAD1,0.07,0.0,0.0,0.0,0.0,0.0
3700712,IN,IN,OFFIC,COPP1,0.21,0.0,0.0,0.0,0.0,0.0
3700713,IN,IN,OFFIC,NONF1,0.02,0.0,0.0,0.0,0.0,0.0
3700714,IN,IN,OFFIC,FOUND,0.4,0.0,0.0,0.0,0.0,0.0
3700718,IN,IN,OFFIC,ELECT,1.49,0.0,0.0,0.0,0.0,0.0
3700707,IN,IN,OFFIC,NONME,0.05,0.0,0.0,0.0,0.0,0.0
3700719,IN,IN,OFFIC,RADIO,3.51,0.0,0.0,0.0,0.0,0.0
3700720,IN,IN,OFFIC,MEDIC,0.59,0.0,0.0,0.0,0.0,0.0
3700721,IN,IN,OFFIC,MOTO1,4.17,0.0,0.0,0.0,0.0,0.0
3700722,IN,IN,OFFIC,TRANS,0.47,0.0,0.0,0.0,0.0,0.0
3700723,IN,IN,OFFIC,FURNI,0.27,0.0,0.0,0.0,0.0,0.0
3700724,IN,IN,OFFIC,SECO9,0.09,0.0,0.0,0.0,0.0,0.0
3700708,IN,IN,OFFIC,BASIC,0.81,0.0,0.0,0.0,0.0,0.0
3700706,IN,IN,OFFIC,CEMEN,0.09,0.0,0.0,0.0,0.0,0.0
3700689,IN,IN,OFFIC,CRUDE,0.04,0.0,0.0,0.0,0.0,0.0
3700697,IN,IN,OFFIC,PULP5,0.04,0.0,0.0,0.0,0.0,0.0
3700691,IN,IN,OFFIC,SUGA1,0.95,0.0,0.0,0.0,0.0,0.0
3700692,IN,IN,OFFIC,FOOD5,0.05,0.0,0.0,0.0,0.0,0.0
3700693,IN,IN,OFFIC,BEVER,0.03,0.0,0.0,0.0,0.0,0.0
3700694,IN,IN,OFFIC,TEXTI,0.03,0.0,0.0,0.0,0.0,0.0
3700695,IN,IN,OFFIC,LEATH,0.02,0.0,0.0,0.0,0.0,0.0
3700696,IN,IN,OFFIC,WOODW,0.1,0.0,0.0,0.0,0.0,0.0
3700698,IN,IN,OFFIC,PAPER,0.14,0.0,0.0,0.0,0.0,0.0
3700705,IN,IN,OFFIC,BRICK,0.02,0.0,0.0,0.0,0.0,0.0
3700699,IN,IN,OFFIC,PRINT,0.1,0.0,0.0,0.0,0.0,0.0
3700700,IN,IN,OFFIC,PFERT,0.01,0.0,0.0,0.0,0.0,0.0
3700701,IN,IN,OFFIC,CHEM1,0.03,0.0,0.0,0.0,0.0,0.0
3700702,IN,IN,OFFIC,RUBBE,0.63,0.0,0.0,0.0,0.0,0.0
3700703,IN,IN,OFFIC,GLASS,3.31,0.0,0.0,0.0,0.0,0.0
3700704,IN,IN,OFFIC,CERAM,0.5,0.0,0.0,0.0,0.0,0.0
3700725,IN,IN,OFFIC,ELEC1,0.02,0.0,0.0,0.0,0.0,0.0
3700726,IN,IN,OFFIC,ELEC8,0.02,0.0,0.0,0.0,0.0,0.0
3700727,IN,IN,OFFIC,TRAN1,0.01,0.0,0.0,0.0,0.0,0.0
3700757,IN,IN,OFFIC,93197,0.04,0.0,0.0,0.0,0.0,0.0
3700749,IN,IN,OFFIC,BUSIN,1.47,0.0,0.0,0.0,0.0,0.0
3700752,IN,IN,OFFIC,HEALT,0.85,0.0,0.0,0.0,0.0,0.0
3700753,IN,IN,OFFIC,FOOD3,0.71,0.0,0.0,0.0,0.0,0.0
3700754,IN,IN,OFFIC,WASTE,0.71,0.0,0.0,0.0,0.0,0.0
3700755,IN,IN,OFFIC,MEMBE,0.35,0.0,0.0,0.0,0.0,0.0
3700756,IN,IN,OFFIC,RECRE,0.15,0.0,0.0,0.0,0.0,0.0
3700758,IN,IN,ELECT,PADDY,4.32,0.0,0.0,0.0,0.0,0.0
3700728,IN,IN,OFFIC,DISTR,0.04,0.0,0.0,0.0,0.0,0.0
3700759,IN,IN,ELECT,WHEAT,2.0,0.0,0.0,0.0,0.0,0.0
3700760,IN,IN,ELECT,CEREA,0.46,0.0,0.0,0.0,0.0,0.0
3700761,IN,IN,ELECT,VEGET,1.29,0.0,0.0,0.0,0.0,0.0
3700762,IN,IN,ELECT,OILSE,1.16,0.0,0.0,0.0,0.0,0.0
3700763,IN,IN,ELECT,SUGAR,0.06,0.0,0.0,0.0,0.0,0.0
3700764,IN,IN,ELECT,PLANT,0.3,0.0,0.0,0.0,0.0,0.0
3700748,IN,IN,OFFIC,RESEA,1.41,0.0,0.0,0.0,0.0,0.0
3700746,IN,IN,OFFIC,REALE,0.23,0.0,0.0,0.0,0.0,0.0
3700745,IN,IN,OFFIC,AUXIL,0.21,0.0,0.0,0.0,0.0,0.0
3700744,IN,IN,OFFIC,INSUR,0.24,0.0,0.0,0.0,0.0,0.0
3700742,IN,IN,OFFIC,POSTT,3.61,0.0,0.0,0.0,0.0,0.0
3700741,IN,IN,OFFIC,SUPPO,0.05,0.0,0.0,0.0,0.0,0.0
3700740,IN,IN,OFFIC,AIRTR,0.01,0.0,0.0,0.0,0.0,0.0
3700739,IN,IN,OFFIC,LANDT,0.02,0.0,0.0,0.0,0.0,0.0
3700738,IN,IN,OFFIC,RAILW,0.08,0.0,0.0,0.0,0.0,0.0
3700737,IN,IN,OFFIC,HOTEL,2.57,0.0,0.0,0.0,0.0,0.0
3700736,IN,IN,OFFIC,RETA1,0.13,0.0,0.0,0.0,0.0,0.0
3700735,IN,IN,OFFIC,WHOLE,0.94,0.0,0.0,0.0,0.0,0.0
3700734,IN,IN,OFFIC,SALEM,0.01,0.0,0.0,0.0,0.0,0.0
3700733,IN,IN,OFFIC,CONST,0.02,0.0,0.0,0.0,0.0,0.0
3700731,IN,IN,OFFIC,DIST1,1.01,0.0,0.0,0.0,0.0,0.0
3700730,IN,IN,OFFIC,BLAST,0.01,0.0,0.0,0.0,0.0,0.0
3700729,IN,IN,OFFIC,COKE1,0.01,0.0,0.0,0.0,0.0,0.0
3700690,IN,IN,OFFIC,MEATP,0.01,0.0,0.0,0.0,0.0,0.0
3700688,IN,IN,OFFIC,FISHF,0.43,0.0,0.0,0.0,0.0,0.0
3700766,IN,IN,ELECT,FORES,1.77,0.0,0.0,0.0,0.0,0.0
3700600,IN,IN,MACHI,HEAVY,1.02,0.0,0.0,0.0,0.0,0.0
3700589,IN,IN,MACHI,LEATH,1.73,0.0,0.0,0.0,0.0,0.0
3700591,IN,IN,MACHI,PULP5,0.05,0.0,0.0,0.0,0.0,0.0
3700594,IN,IN,MACHI,COKEO,2.4,0.0,0.0,0.0,0.0,0.0
3700596,IN,IN,MACHI,AVIAT,0.02,0.0,0.0,0.0,0.0,0.0
3700597,IN,IN,MACHI,KEROS,3.01,0.0,0.0,0.0,0.0,0.0
3700598,IN,IN,MACHI,KERO1,0.45,0.0,0.0,0.0,0.0,0.0
3700601,IN,IN,MACHI,REFIN,0.08,0.0,0.0,0.0,0.0,0.0
3700584,IN,IN,MACHI,BEVER,2.72,0.0,0.0,0.0,0.0,0.0
3700603,IN,IN,MACHI,REFI1,0.02,0.0,0.0,0.0,0.0,0.0
3700604,IN,IN,MACHI,NAPHT,2.8,0.0,0.0,0.0,0.0,0.0
3700605,IN,IN,MACHI,LUBRI,0.13,0.0,0.0,0.0,0.0,0.0
3700606,IN,IN,MACHI,BITU1,0.24,0.0,0.0,0.0,0.0,0.0
3700607,IN,IN,MACHI,PARAF,0.03,0.0,0.0,0.0,0.0,0.0
3700608,IN,IN,MACHI,PETRO,0.17,0.0,0.0,0.0,0.0,0.0
3700586,IN,IN,MACHI,TOBAC,0.34,0.0,0.0,0.0,0.0,0.0
3700583,IN,IN,MACHI,FOOD5,2.82,0.0,0.0,0.0,0.0,0.0
3700687,IN,IN,OFFIC,FORES,0.01,0.0,0.0,0.0,0.0,0.0
3700572,IN,IN,MACHI,NATU1,1.02,0.0,0.0,0.0,0.0,0.0
3700562,IN,IN,MACHI,ANIMA,0.49,0.0,0.0,0.0,0.0,0.0
3700563,IN,IN,MACHI,RAWMI,0.37,0.0,0.0,0.0,0.0,0.0
3700564,IN,IN,MACHI,WOOLS,0.09,0.0,0.0,0.0,0.0,0.0
3700566,IN,IN,MACHI,COKIN,0.97,0.0,0.0,0.0,0.0,0.0
3700568,IN,IN,MACHI,LIGNI,0.23,0.0,0.0,0.0,0.0,0.0
3700569,IN,IN,MACHI,BKBPE,0.06,0.0,0.0,0.0,0.0,0.0
3700573,IN,IN,MACHI,IRONO,0.01,0.0,0.0,0.0,0.0,0.0
3700582,IN,IN,MACHI,SUGA1,0.16,0.0,0.0,0.0,0.0,0.0
3700574,IN,IN,MACHI,STONE,0.01,0.0,0.0,0.0,0.0,0.0
3700575,IN,IN,MACHI,MEATC,0.15,0.0,0.0,0.0,0.0,0.0
3700576,IN,IN,MACHI,MEATP,0.01,0.0,0.0,0.0,0.0,0.0
3700577,IN,IN,MACHI,MEAT1,0.02,0.0,0.0,0.0,0.0,0.0
3700579,IN,IN,MACHI,VEGE1,0.23,0.0,0.0,0.0,0.0,0.0
3700580,IN,IN,MACHI,DAIRY,0.02,0.0,0.0,0.0,0.0,0.0
3700609,IN,IN,MACHI,NONSP,0.39,0.0,0.0,0.0,0.0,0.0
3700610,IN,IN,MACHI,PLAST,0.29,0.0,0.0,0.0,0.0,0.0
3700611,IN,IN,MACHI,NFERT,1.79,0.0,0.0,0.0,0.0,0.0
3700677,IN,IN,MACHI,MEMBE,2.17,0.0,0.0,0.0,0.0,0.0
3700661,IN,IN,MACHI,INLAN,0.04,0.0,0.0,0.0,0.0,0.0
3700662,IN,IN,MACHI,AIRTR,3.72,0.0,0.0,0.0,0.0,0.0
3700666,IN,IN,MACHI,AUXIL,0.67,0.0,0.0,0.0,0.0,0.0
3700670,IN,IN,MACHI,RESEA,1.38,0.0,0.0,0.0,0.0,0.0
3700675,IN,IN,MACHI,FOOD3,3.5,0.0,0.0,0.0,0.0,0.0
3700676,IN,IN,MACHI,WASTE,3.5,0.0,0.0,0.0,0.0,0.0
3700680,IN,IN,OFFIC,PADDY,0.37,0.0,0.0,0.0,0.0,0.0
3700614,IN,IN,MACHI,CHARC,0.22,0.0,0.0,0.0,0.0,0.0
3700681,IN,IN,OFFIC,WHEAT,0.13,0.0,0.0,0.0,0.0,0.0
3700682,IN,IN,OFFIC,CEREA,0.03,0.0,0.0,0.0,0.0,0.0
3700683,IN,IN,OFFIC,VEGET,0.03,0.0,0.0,0.0,0.0,0.0
3700684,IN,IN,OFFIC,OILSE,0.03,0.0,0.0,0.0,0.0,0.0
3700685,IN,IN,OFFIC,PLANT,0.01,0.0,0.0,0.0,0.0,0.0
3700686,IN,IN,OFFIC,CROPS,0.01,0.0,0.0,0.0,0.0,0.0
3700660,IN,IN,MACHI,SEACO,1.05,0.0,0.0,0.0,0.0,0.0
3700657,IN,IN,MACHI,RAILW,0.15,0.0,0.0,0.0,0.0,0.0
3700653,IN,IN,MACHI,RETAI,0.11,0.0,0.0,0.0,0.0,0.0
3700647,IN,IN,MACHI,TRAN1,3.25,0.0,0.0,0.0,0.0,0.0
3700646,IN,IN,MACHI,ELEC8,0.76,0.0,0.0,0.0,0.0,0.0
3700645,IN,IN,MACHI,ELEC6,0.02,0.0,0.0,0.0,0.0,0.0
3700644,IN,IN,MACHI,ELEC5,1.31,0.0,0.0,0.0,0.0,0.0
3700643,IN,IN,MACHI,ELEC4,2.78,0.0,0.0,0.0,0.0,0.0
3700642,IN,IN,MACHI,ELEC3,1.43,0.0,0.0,0.0,0.0,0.0
3700641,IN,IN,MACHI,ELEC2,1.35,0.0,0.0,0.0,0.0,0.0
3700639,IN,IN,MACHI,SECO9,0.44,0.0,0.0,0.0,0.0,0.0
3700628,IN,IN,MACHI,NONF1,0.38,0.0,0.0,0.0,0.0,0.0
3700626,IN,IN,MACHI,LEAD1,0.36,0.0,0.0,0.0,0.0,0.0
3700621,IN,IN,MACHI,CEMEN,0.27,0.0,0.0,0.0,0.0,0.0
3700620,IN,IN,MACHI,BRICK,1.35,0.0,0.0,0.0,0.0,0.0
3694775,IN,IN,WHEAT,LEATH,0.09,0.0,0.0,0.0,0.0,0.0
3700615,IN,IN,MACHI,BIOGA,0.22,0.0,0.0,0.0,0.0,0.0
3700765,IN,IN,ELECT,CROPS,0.4,0.0,0.0,0.0,0.0,0.0
3700767,IN,IN,ELECT,FISHF,2.36,0.0,0.0,0.0,0.0,0.0
3701012,IN,IN,MEDIC,NFERT,0.01,0.0,0.0,0.0,0.0,0.0
3700942,IN,IN,RADIO,SECO9,1.08,0.0,0.0,0.0,0.0,0.0
3700919,IN,IN,RADIO,BIODI,0.01,0.0,0.0,0.0,0.0,0.0
3700922,IN,IN,RADIO,CERAM,4.14,0.0,0.0,0.0,0.0,0.0
3700923,IN,IN,RADIO,BRICK,0.44,0.0,0.0,0.0,0.0,0.0
3700924,IN,IN,RADIO,CEMEN,0.03,0.0,0.0,0.0,0.0,0.0
3700929,IN,IN,RADIO,LEAD1,1.16,0.0,0.0,0.0,0.0,0.0
3700931,IN,IN,RADIO,NONF1,0.62,0.0,0.0,0.0,0.0,0.0
3700943,IN,IN,RADIO,ELEC1,2.92,0.0,0.0,0.0,0.0,0.0
3700917,IN,IN,RADIO,CHARC,0.01,0.0,0.0,0.0,0.0,0.0
3700944,IN,IN,RADIO,ELEC2,0.21,0.0,0.0,0.0,0.0,0.0
3700945,IN,IN,RADIO,ELEC3,0.2,0.0,0.0,0.0,0.0,0.0
3700946,IN,IN,RADIO,ELEC4,0.82,0.0,0.0,0.0,0.0,0.0
3700947,IN,IN,RADIO,ELEC5,0.38,0.0,0.0,0.0,0.0,0.0
3700948,IN,IN,RADIO,ELEC8,0.14,0.0,0.0,0.0,0.0,0.0
3700949,IN,IN,RADIO,TRAN1,0.97,0.0,0.0,0.0,0.0,0.0
3700918,IN,IN,RADIO,BIOGA,0.16,0.0,0.0,0.0,0.0,0.0
3700914,IN,IN,RADIO,NFERT,0.5,0.0,0.0,0.0,0.0,0.0
3700891,IN,IN,RADIO,BKBPE,0.02,0.0,0.0,0.0,0.0,0.0
3700901,IN,IN,RADIO,BEVER,0.54,0.0,0.0,0.0,0.0,0.0
3700894,IN,IN,RADIO,NATU1,0.16,0.0,0.0,0.0,0.0,0.0
3700895,IN,IN,RADIO,MEATC,0.01,0.0,0.0,0.0,0.0,0.0
3700896,IN,IN,RADIO,MEATP,0.29,0.0,0.0,0.0,0.0,0.0
3700897,IN,IN,RADIO,DAIRY,0.01,0.0,0.0,0.0,0.0,0.0
3700898,IN,IN,RADIO,PROCE,0.02,0.0,0.0,0.0,0.0,0.0
3700900,IN,IN,RADIO,FOOD5,0.04,0.0,0.0,0.0,0.0,0.0
3700902,IN,IN,RADIO,FISH5,0.02,0.0,0.0,0.0,0.0,0.0
3700913,IN,IN,RADIO,PLAST,0.06,0.0,0.0,0.0,0.0,0.0
3700904,IN,IN,RADIO,WEARI,1.89,0.0,0.0,0.0,0.0,0.0
3700905,IN,IN,RADIO,LEATH,2.02,0.0,0.0,0.0,0.0,0.0
3700907,IN,IN,RADIO,PULP5,0.67,0.0,0.0,0.0,0.0,0.0
3700910,IN,IN,RADIO,COKEO,0.07,0.0,0.0,0.0,0.0,0.0
3700911,IN,IN,RADIO,GASDI,0.01,0.0,0.0,0.0,0.0,0.0
3700912,IN,IN,RADIO,LUBRI,0.02,0.0,0.0,0.0,0.0,0.0
3700950,IN,IN,RADIO,DISTR,2.91,0.0,0.0,0.0,0.0,0.0
3700951,IN,IN,RADIO,COKE1,0.01,0.0,0.0,0.0,0.0,0.0
3700952,IN,IN,RADIO,BLAST,0.02,0.0,0.0,0.0,0.0,0.0
3701003,IN,IN,MEDIC,KEROS,0.03,0.0,0.0,0.0,0.0,0.0
3700996,IN,IN,MEDIC,LEATH,3.64,0.0,0.0,0.0,0.0,0.0
3700998,IN,IN,MEDIC,PULP5,0.01,0.0,0.0,0.0,0.0,0.0
3700999,IN,IN,MEDIC,PAPER,1.84,0.0,0.0,0.0,0.0,0.0
3701000,IN,IN,MEDIC,PRINT,0.29,0.0,0.0,0.0,0.0,0.0
3701001,IN,IN,MEDIC,COKEO,0.22,0.0,0.0,0.0,0.0,0.0
3701002,IN,IN,MEDIC,MOTOR,0.04,0.0,0.0,0.0,0.0,0.0
3701004,IN,IN,MEDIC,GASDI,0.07,0.0,0.0,0.0,0.0,0.0
3700953,IN,IN,RADIO,BIOG1,0.01,0.0,0.0,0.0,0.0,0.0
3701005,IN,IN,MEDIC,HEAVY,0.01,0.0,0.0,0.0,0.0,0.0
3701006,IN,IN,MEDIC,REFIN,0.01,0.0,0.0,0.0,0.0,0.0
3701007,IN,IN,MEDIC,LIQUE,0.02,0.0,0.0,0.0,0.0,0.0
3701008,IN,IN,MEDIC,NAPHT,0.02,0.0,0.0,0.0,0.0,0.0
3701009,IN,IN,MEDIC,PARAF,0.01,0.0,0.0,0.0,0.0,0.0
3701010,IN,IN,MEDIC,PETRO,0.03,0.0,0.0,0.0,0.0,0.0
3700995,IN,IN,MEDIC,WEARI,0.1,0.0,0.0,0.0,0.0,0.0
3700994,IN,IN,MEDIC,TEXTI,3.57,0.0,0.0,0.0,0.0,0.0
3700993,IN,IN,MEDIC,TOBAC,0.12,0.0,0.0,0.0,0.0,0.0
3700992,IN,IN,MEDIC,FISH5,0.03,0.0,0.0,0.0,0.0,0.0
3700991,IN,IN,MEDIC,BEVER,1.73,0.0,0.0,0.0,0.0,0.0
3700990,IN,IN,MEDIC,FOOD5,0.07,0.0,0.0,0.0,0.0,0.0
3700989,IN,IN,MEDIC,PROCE,0.04,0.0,0.0,0.0,0.0,0.0
3700988,IN,IN,MEDIC,DAIRY,0.01,0.0,0.0,0.0,0.0,0.0
3700987,IN,IN,MEDIC,MEATC,0.08,0.0,0.0,0.0,0.0,0.0
3700986,IN,IN,MEDIC,FISHF,1.36,0.0,0.0,0.0,0.0,0.0
3700967,IN,IN,RADIO,AIRTR,2.5,0.0,0.0,0.0,0.0,0.0
3700966,IN,IN,RADIO,INLAN,0.11,0.0,0.0,0.0,0.0,0.0
3700964,IN,IN,RADIO,TRAN2,0.11,0.0,0.0,0.0,0.0,0.0
3700963,IN,IN,RADIO,LANDT,0.92,0.0,0.0,0.0,0.0,0.0
3700962,IN,IN,RADIO,RAILW,2.82,0.0,0.0,0.0,0.0,0.0
3700958,IN,IN,RADIO,RETAI,0.05,0.0,0.0,0.0,0.0,0.0
3700957,IN,IN,RADIO,SALEM,0.5,0.0,0.0,0.0,0.0,0.0
3700893,IN,IN,RADIO,NATUR,0.99,0.0,0.0,0.0,0.0,0.0
3700890,IN,IN,RADIO,LIGNI,0.07,0.0,0.0,0.0,0.0,0.0
3700768,IN,IN,ELECT,BITUM,0.23,0.0,0.0,0.0,0.0,0.0
3700797,IN,IN,ELECT,REFIN,0.08,0.0,0.0,0.0,0.0,0.0
3700791,IN,IN,ELECT,COKEO,0.05,0.0,0.0,0.0,0.0,0.0
3700792,IN,IN,ELECT,MOTOR,0.24,0.0,0.0,0.0,0.0,0.0
3700793,IN,IN,ELECT,KEROS,0.19,0.0,0.0,0.0,0.0,0.0
3700794,IN,IN,ELECT,KERO1,0.02,0.0,0.0,0.0,0.0,0.0
3700795,IN,IN,ELECT,GASDI,0.37,0.0,0.0,0.0,0.0,0.0
3700796,IN,IN,ELECT,HEAVY,0.04,0.0,0.0,0.0,0.0,0.0
3700798,IN,IN,ELECT,LIQUE,0.09,0.0,0.0,0.0,0.0,0.0
3700788,IN,IN,ELECT,PULP5,0.53,0.0,0.0,0.0,0.0,0.0
3700799,IN,IN,ELECT,NAPHT,0.09,0.0,0.0,0.0,0.0,0.0
3700800,IN,IN,ELECT,LUBRI,0.17,0.0,0.0,0.0,0.0,0.0
3700801,IN,IN,ELECT,PARAF,0.09,0.0,0.0,0.0,0.0,0.0
3700802,IN,IN,ELECT,PETRO,0.2,0.0,0.0,0.0,0.0,0.0
3700803,IN,IN,ELECT,PLAST,0.04,0.0,0.0,0.0,0.0,0.0
3700807,IN,IN,ELECT,CHARC,1.2,0.0,0.0,0.0,0.0,0.0
3700790,IN,IN,ELECT,PRINT,2.02,0.0,0.0,0.0,0.0,0.0
3700786,IN,IN,ELECT,LEATH,3.18,0.0,0.0,0.0,0.0,0.0
3700888,IN,IN,RADIO,COKIN,0.3,0.0,0.0,0.0,0.0,0.0
3700775,IN,IN,ELECT,MEAT4,0.46,0.0,0.0,0.0,0.0,0.0
3700769,IN,IN,ELECT,CRUDE,1.78,0.0,0.0,0.0,0.0,0.0
3700770,IN,IN,ELECT,NATUR,0.17,0.0,0.0,0.0,0.0,0.0
3700771,IN,IN,ELECT,NATU1,0.03,0.0,0.0,0.0,0.0,0.0
3700772,IN,IN,ELECT,MEATC,0.68,0.0,0.0,0.0,0.0,0.0
3700773,IN,IN,ELECT,MEATP,0.23,0.0,0.0,0.0,0.0,0.0
3700774,IN,IN,ELECT,MEAT1,0.01,0.0,0.0,0.0,0.0,0.0
3700776,IN,IN,ELECT,VEGE1,0.05,0.0,0.0,0.0,0.0,0.0
3700785,IN,IN,ELECT,WEARI,1.43,0.0,0.0,0.0,0.0,0.0
3700777,IN,IN,ELECT,DAIRY,0.09,0.0,0.0,0.0,0.0,0.0
3700778,IN,IN,ELECT,PROCE,3.48,0.0,0.0,0.0,0.0,0.0
3700780,IN,IN,ELECT,FOOD5,1.55,0.0,0.0,0.0,0.0,0.0
3700781,IN,IN,ELECT,BEVER,1.1,0.0,0.0,0.0,0.0,0.0
3700782,IN,IN,ELECT,FISH5,1.27,0.0,0.0,0.0,0.0,0.0
3700783,IN,IN,ELECT,TOBAC,0.01,0.0,0.0,0.0,0.0,0.0
3700808,IN,IN,ELECT,BIOGA,0.87,0.0,0.0,0.0,0.0,0.0
3700809,IN,IN,ELECT,BIODI,0.14,0.0,0.0,0.0,0.0,0.0
3700813,IN,IN,ELECT,BRICK,0.9,0.0,0.0,0.0,0.0,0.0
3700880,IN,IN,RADIO,CEREA,1.34,0.0,0.0,0.0,0.0,0.0
3700865,IN,IN,ELECT,AUXIL,1.24,0.0,0.0,0.0,0.0,0.0
3700866,IN,IN,ELECT,REALE,2.08,0.0,0.0,0.0,0.0,0.0
3700872,IN,IN,ELECT,HEALT,3.42,0.0,0.0,0.0,0.0,0.0
3700875,IN,IN,ELECT,MEMBE,0.89,0.0,0.0,0.0,0.0,0.0
3700876,IN,IN,ELECT,RECRE,0.89,0.0,0.0,0.0,0.0,0.0
3700877,IN,IN,ELECT,93197,0.41,0.0,0.0,0.0,0.0,0.0
3700881,IN,IN,RADIO,VEGET,3.8,0.0,0.0,0.0,0.0,0.0
3700814,IN,IN,ELECT,CEMEN,0.42,0.0,0.0,0.0,0.0,0.0
3700882,IN,IN,RADIO,OILSE,3.12,0.0,0.0,0.0,0.0,0.0
3700883,IN,IN,RADIO,SUGAR,0.21,0.0,0.0,0.0,0.0,0.0
3700884,IN,IN,RADIO,PLANT,2.1,0.0,0.0,0.0,0.0,0.0
3700885,IN,IN,RADIO,CROPS,1.13,0.0,0.0,0.0,0.0,0.0
3700886,IN,IN,RADIO,FORES,0.4,0.0,0.0,0.0,0.0,0.0
3700887,IN,IN,RADIO,FISHF,0.41,0.0,0.0,0.0,0.0,0.0
3700864,IN,IN,ELECT,INSUR,1.44,0.0,0.0,0.0,0.0,0.0
3700860,IN,IN,ELECT,AIRTR,0.19,0.0,0.0,0.0,0.0,0.0
3700859,IN,IN,ELECT,INLAN,0.02,0.0,0.0,0.0,0.0,0.0
3700858,IN,IN,ELECT,SEACO,0.17,0.0,0.0,0.0,0.0,0.0
3700855,IN,IN,ELECT,RAILW,4.08,0.0,0.0,0.0,0.0,0.0
3700851,IN,IN,ELECT,RETAI,0.01,0.0,0.0,0.0,0.0,0.0
3700846,IN,IN,ELECT,BIOG1,4.43,0.0,0.0,0.0,0.0,0.0
3700845,IN,IN,ELECT,GASWO,1.07,0.0,0.0,0.0,0.0,0.0
3700840,IN,IN,ELECT,ELEC8,3.05,0.0,0.0,0.0,0.0,0.0
3700839,IN,IN,ELECT,ELEC7,0.01,0.0,0.0,0.0,0.0,0.0
3700838,IN,IN,ELECT,ELEC6,0.03,0.0,0.0,0.0,0.0,0.0
3700835,IN,IN,ELECT,ELEC3,2.96,0.0,0.0,0.0,0.0,0.0
3700834,IN,IN,ELECT,ELEC2,2.39,0.0,0.0,0.0,0.0,0.0
3700832,IN,IN,ELECT,SECO9,1.17,0.0,0.0,0.0,0.0,0.0
3700821,IN,IN,ELECT,NONF1,3.83,0.0,0.0,0.0,0.0,0.0
3700819,IN,IN,ELECT,LEAD1,3.84,0.0,0.0,0.0,0.0,0.0
3700815,IN,IN,ELECT,NONME,3.32,0.0,0.0,0.0,0.0,0.0
3700561,IN,IN,MACHI,MEATA,0.72,0.0,0.0,0.0,0.0,0.0
3700560,IN,IN,MACHI,POULT,0.77,0.0,0.0,0.0,0.0,0.0
3700559,IN,IN,MACHI,CATTL,0.01,0.0,0.0,0.0,0.0,0.0
3700191,IN,IN,COPP1,KEROS,1.18,0.0,0.0,0.0,0.0,0.0
3700183,IN,IN,COPP1,WEARI,0.37,0.0,0.0,0.0,0.0,0.0
3700184,IN,IN,COPP1,LEATH,0.83,0.0,0.0,0.0,0.0,0.0
3700185,IN,IN,COPP1,WOODW,2.24,0.0,0.0,0.0,0.0,0.0
3700186,IN,IN,COPP1,PULP5,0.04,0.0,0.0,0.0,0.0,0.0
3700187,IN,IN,COPP1,PAPER,5.31,0.0,0.0,0.0,0.0,0.0
3700190,IN,IN,COPP1,MOTOR,1.64,0.0,0.0,0.0,0.0,0.0
3700192,IN,IN,COPP1,KERO1,0.11,0.0,0.0,0.0,0.0,0.0
3700180,IN,IN,COPP1,BEVER,3.9,0.0,0.0,0.0,0.0,0.0
3700193,IN,IN,COPP1,GASDI,2.63,0.0,0.0,0.0,0.0,0.0
3700194,IN,IN,COPP1,HEAVY,0.29,0.0,0.0,0.0,0.0,0.0
3700195,IN,IN,COPP1,REFIN,0.48,0.0,0.0,0.0,0.0,0.0
3700196,IN,IN,COPP1,LIQUE,0.64,0.0,0.0,0.0,0.0,0.0
3700197,IN,IN,COPP1,NAPHT,0.63,0.0,0.0,0.0,0.0,0.0
3700198,IN,IN,COPP1,LUBRI,0.19,0.0,0.0,0.0,0.0,0.0
3700181,IN,IN,COPP1,FISH5,1.27,0.0,0.0,0.0,0.0,0.0
3700179,IN,IN,COPP1,FOOD5,2.98,0.0,0.0,0.0,0.0,0.0
3700162,IN,IN,LEAD1,REALE,0.01,0.0,0.0,0.0,0.0,0.0
3700170,IN,IN,COPP1,FORES,0.04,0.0,0.0,0.0,0.0,0.0
3700164,IN,IN,LEAD1,BUSIN,0.13,0.0,0.0,0.0,0.0,0.0
3700165,IN,IN,LEAD1,HEALT,0.04,0.0,0.0,0.0,0.0,0.0
3700166,IN,IN,LEAD1,FOOD3,2.7,0.0,0.0,0.0,0.0,0.0
3700167,IN,IN,LEAD1,WASTE,2.69,0.0,0.0,0.0,0.0,0.0
3700168,IN,IN,LEAD1,MEMBE,0.01,0.0,0.0,0.0,0.0,0.0
3700169,IN,IN,LEAD1,RECRE,0.01,0.0,0.0,0.0,0.0,0.0
3700171,IN,IN,COPP1,MEATC,3.83,0.0,0.0,0.0,0.0,0.0
3700178,IN,IN,COPP1,SUGA1,0.08,0.0,0.0,0.0,0.0,0.0
3700172,IN,IN,COPP1,MEATP,0.01,0.0,0.0,0.0,0.0,0.0
3700173,IN,IN,COPP1,MEAT1,0.04,0.0,0.0,0.0,0.0,0.0
3700174,IN,IN,COPP1,MEAT4,0.11,0.0,0.0,0.0,0.0,0.0
3700175,IN,IN,COPP1,VEGE1,0.09,0.0,0.0,0.0,0.0,0.0
3700176,IN,IN,COPP1,DAIRY,0.44,0.0,0.0,0.0,0.0,0.0
3700177,IN,IN,COPP1,PROCE,1.84,0.0,0.0,0.0,0.0,0.0
3700199,IN,IN,COPP1,BITU1,0.01,0.0,0.0,0.0,0.0,0.0
3700200,IN,IN,COPP1,PARAF,0.51,0.0,0.0,0.0,0.0,0.0
3700201,IN,IN,COPP1,PETRO,1.18,0.0,0.0,0.0,0.0,0.0
3700251,IN,IN,COPP1,RESEA,0.11,0.0,0.0,0.0,0.0,0.0
3700245,IN,IN,COPP1,COLLE,6.7,0.0,0.0,0.0,0.0,0.0
3700246,IN,IN,COPP1,CONST,3.34,0.0,0.0,0.0,0.0,0.0
3700247,IN,IN,COPP1,HOTEL,0.48,0.0,0.0,0.0,0.0,0.0
3700248,IN,IN,COPP1,POSTT,3.22,0.0,0.0,0.0,0.0,0.0
3700249,IN,IN,COPP1,AUXIL,0.01,0.0,0.0,0.0,0.0,0.0
3700250,IN,IN,COPP1,REALE,0.38,0.0,0.0,0.0,0.0,0.0
3700252,IN,IN,COPP1,BUSIN,1.12,0.0,0.0,0.0,0.0,0.0
3700202,IN,IN,COPP1,NONSP,0.01,0.0,0.0,0.0,0.0,0.0
3700253,IN,IN,COPP1,PUBLI,0.02,0.0,0.0,0.0,0.0,0.0
3700254,IN,IN,COPP1,HEALT,0.95,0.0,0.0,0.0,0.0,0.0
3700257,IN,IN,COPP1,MEMBE,0.06,0.0,0.0,0.0,0.0,0.0
3700258,IN,IN,COPP1,RECRE,0.08,0.0,0.0,0.0,0.0,0.0
3700259,IN,IN,NONF1,FORES,0.02,0.0,0.0,0.0,0.0,0.0
3700260,IN,IN,NONF1,MEATC,0.06,0.0,0.0,0.0,0.0,0.0
3700243,IN,IN,COPP1,BIOG1,0.04,0.0,0.0,0.0,0.0,0.0
3700242,IN,IN,COPP1,GASWO,0.01,0.0,0.0,0.0,0.0,0.0
3700241,IN,IN,COPP1,BLAST,0.14,0.0,0.0,0.0,0.0,0.0
3700240,IN,IN,COPP1,COKE1,0.08,0.0,0.0,0.0,0.0,0.0
3700238,IN,IN,COPP1,TRAN1,2.86,0.0,0.0,0.0,0.0,0.0
3700237,IN,IN,COPP1,ELEC6,0.02,0.0,0.0,0.0,0.0,0.0
3700236,IN,IN,COPP1,ELEC4,2.41,0.0,0.0,0.0,0.0,0.0
3700235,IN,IN,COPP1,ELEC3,0.69,0.0,0.0,0.0,0.0,0.0
3700234,IN,IN,COPP1,ELEC2,0.6,0.0,0.0,0.0,0.0,0.0
3700232,IN,IN,COPP1,SECO9,4.29,0.0,0.0,0.0,0.0,0.0
3700221,IN,IN,COPP1,NONF1,5.13,0.0,0.0,0.0,0.0,0.0
3700219,IN,IN,COPP1,LEAD1,6.89,0.0,0.0,0.0,0.0,0.0
3700214,IN,IN,COPP1,CEMEN,0.21,0.0,0.0,0.0,0.0,0.0
3700213,IN,IN,COPP1,BRICK,1.45,0.0,0.0,0.0,0.0,0.0
3700209,IN,IN,COPP1,BIODI,0.81,0.0,0.0,0.0,0.0,0.0
3700208,IN,IN,COPP1,BIOGA,4.35,0.0,0.0,0.0,0.0,0.0
3700204,IN,IN,COPP1,NFERT,2.33,0.0,0.0,0.0,0.0,0.0
3700163,IN,IN,LEAD1,RESEA,0.01,0.0,0.0,0.0,0.0,0.0
3700161,IN,IN,LEAD1,POSTT,1.27,0.0,0.0,0.0,0.0,0.0
3700558,IN,IN,MACHI,CROPS,2.96,0.0,0.0,0.0,0.0,0.0
3700107,IN,IN,LEAD1,WEARI,0.05,0.0,0.0,0.0,0.0,0.0
3700101,IN,IN,LEAD1,PROCE,0.26,0.0,0.0,0.0,0.0,0.0
3700102,IN,IN,LEAD1,SUGA1,0.01,0.0,0.0,0.0,0.0,0.0
3700103,IN,IN,LEAD1,FOOD5,0.43,0.0,0.0,0.0,0.0,0.0
3700104,IN,IN,LEAD1,BEVER,0.56,0.0,0.0,0.0,0.0,0.0
3700105,IN,IN,LEAD1,FISH5,0.18,0.0,0.0,0.0,0.0,0.0
3700106,IN,IN,LEAD1,TEXTI,0.94,0.0,0.0,0.0,0.0,0.0
3700108,IN,IN,LEAD1,LEATH,0.02,0.0,0.0,0.0,0.0,0.0
3700099,IN,IN,LEAD1,VEGE1,0.01,0.0,0.0,0.0,0.0,0.0
3700109,IN,IN,LEAD1,WOODW,0.1,0.0,0.0,0.0,0.0,0.0
3700110,IN,IN,LEAD1,PAPER,0.43,0.0,0.0,0.0,0.0,0.0
3700111,IN,IN,LEAD1,PRINT,2.45,0.0,0.0,0.0,0.0,0.0
3700112,IN,IN,LEAD1,COKEO,2.95,0.0,0.0,0.0,0.0,0.0
3700113,IN,IN,LEAD1,MOTOR,0.23,0.0,0.0,0.0,0.0,0.0
3700114,IN,IN,LEAD1,KEROS,0.17,0.0,0.0,0.0,0.0,0.0
3700100,IN,IN,LEAD1,DAIRY,0.06,0.0,0.0,0.0,0.0,0.0
3700098,IN,IN,LEAD1,MEAT4,0.02,0.0,0.0,0.0,0.0,0.0
3700160,IN,IN,LEAD1,HOTEL,0.05,0.0,0.0,0.0,0.0,0.0
3700087,IN,IN,ALUM1,RESEA,0.16,0.0,0.0,0.0,0.0,0.0
3700080,IN,IN,ALUM1,DIST1,0.02,0.0,0.0,0.0,0.0,0.0
3700082,IN,IN,ALUM1,CONST,0.16,0.0,0.0,0.0,0.0,0.0
3700083,IN,IN,ALUM1,HOTEL,1.04,0.0,0.0,0.0,0.0,0.0
3700084,IN,IN,ALUM1,POSTT,1.64,0.0,0.0,0.0,0.0,0.0
3700085,IN,IN,ALUM1,AUXIL,0.01,0.0,0.0,0.0,0.0,0.0
3700086,IN,IN,ALUM1,REALE,0.14,0.0,0.0,0.0,0.0,0.0
3700088,IN,IN,ALUM1,BUSIN,2.89,0.0,0.0,0.0,0.0,0.0
3700097,IN,IN,LEAD1,MEAT1,0.01,0.0,0.0,0.0,0.0,0.0
3700089,IN,IN,ALUM1,PUBLI,0.02,0.0,0.0,0.0,0.0,0.0
3700090,IN,IN,ALUM1,HEALT,1.4,0.0,0.0,0.0,0.0,0.0
3700093,IN,IN,ALUM1,MEMBE,0.05,0.0,0.0,0.0,0.0,0.0
3700094,IN,IN,ALUM1,RECRE,0.39,0.0,0.0,0.0,0.0,0.0
3700095,IN,IN,LEAD1,FORES,0.04,0.0,0.0,0.0,0.0,0.0
3700096,IN,IN,LEAD1,MEATC,0.55,0.0,0.0,0.0,0.0,0.0
3700115,IN,IN,LEAD1,KERO1,0.02,0.0,0.0,0.0,0.0,0.0
3700116,IN,IN,LEAD1,GASDI,0.37,0.0,0.0,0.0,0.0,0.0
3700117,IN,IN,LEAD1,HEAVY,0.04,0.0,0.0,0.0,0.0,0.0
3700150,IN,IN,LEAD1,MOTO1,4.9,0.0,0.0,0.0,0.0,0.0
3700138,IN,IN,LEAD1,PREC1,1.12,0.0,0.0,0.0,0.0,0.0
3700139,IN,IN,LEAD1,ALUM1,0.36,0.0,0.0,0.0,0.0,0.0
3700141,IN,IN,LEAD1,COPP1,0.7,0.0,0.0,0.0,0.0,0.0
3700142,IN,IN,LEAD1,NONF1,0.08,0.0,0.0,0.0,0.0,0.0
3700148,IN,IN,LEAD1,RADIO,3.93,0.0,0.0,0.0,0.0,0.0
3700149,IN,IN,LEAD1,MEDIC,1.62,0.0,0.0,0.0,0.0,0.0
3700151,IN,IN,LEAD1,TRANS,1.67,0.0,0.0,0.0,0.0,0.0
3700118,IN,IN,LEAD1,REFIN,0.07,0.0,0.0,0.0,0.0,0.0
3700153,IN,IN,LEAD1,SECO9,0.34,0.0,0.0,0.0,0.0,0.0
3700154,IN,IN,LEAD1,ELEC1,0.06,0.0,0.0,0.0,0.0,0.0
3700155,IN,IN,LEAD1,ELEC2,0.01,0.0,0.0,0.0,0.0,0.0
3700156,IN,IN,LEAD1,ELEC3,2.68,0.0,0.0,0.0,0.0,0.0
3700157,IN,IN,LEAD1,DIST1,0.5,0.0,0.0,0.0,0.0,0.0
3700159,IN,IN,LEAD1,CONST,0.09,0.0,0.0,0.0,0.0,0.0
3700136,IN,IN,LEAD1,NONME,4.62,0.0,0.0,0.0,0.0,0.0
3700135,IN,IN,LEAD1,CEMEN,0.03,0.0,0.0,0.0,0.0,0.0
3700134,IN,IN,LEAD1,BRICK,0.03,0.0,0.0,0.0,0.0,0.0
3700133,IN,IN,LEAD1,CERAM,0.25,0.0,0.0,0.0,0.0,0.0
3700132,IN,IN,LEAD1,GLASS,1.26,0.0,0.0,0.0,0.0,0.0
3700131,IN,IN,LEAD1,RUBBE,2.38,0.0,0.0,0.0,0.0,0.0
3700130,IN,IN,LEAD1,BIODI,0.12,0.0,0.0,0.0,0.0,0.0
3700129,IN,IN,LEAD1,BIOGA,0.58,0.0,0.0,0.0,0.0,0.0
3700128,IN,IN,LEAD1,CHARC,1.02,0.0,0.0,0.0,0.0,0.0
3700126,IN,IN,LEAD1,PFERT,4.6,0.0,0.0,0.0,0.0,0.0
3700125,IN,IN,LEAD1,NFERT,0.33,0.0,0.0,0.0,0.0,0.0
3700124,IN,IN,LEAD1,PLAST,3.79,0.0,0.0,0.0,0.0,0.0
3700123,IN,IN,LEAD1,PETRO,0.17,0.0,0.0,0.0,0.0,0.0
3700122,IN,IN,LEAD1,PARAF,0.07,0.0,0.0,0.0,0.0,0.0
3700121,IN,IN,LEAD1,LUBRI,0.03,0.0,0.0,0.0,0.0,0.0
3700120,IN,IN,LEAD1,NAPHT,0.09,0.0,0.0,0.0,0.0,0.0
3700119,IN,IN,LEAD1,LIQUE,0.09,0.0,0.0,0.0,0.0,0.0
3700261,IN,IN,NONF1,DAIRY,0.01,0.0,0.0,0.0,0.0,0.0
3700262,IN,IN,NONF1,PROCE,0.03,0.0,0.0,0.0,0.0,0.0
3700263,IN,IN,NONF1,FOOD5,0.04,0.0,0.0,0.0,0.0,0.0
3700425,IN,IN,FOUND,BUSIN,1.04,0.0,0.0,0.0,0.0,0.0
3700418,IN,IN,FOUND,RETAI,0.04,0.0,0.0,0.0,0.0,0.0
3700419,IN,IN,FOUND,WHOLE,3.75,0.0,0.0,0.0,0.0,0.0
3700420,IN,IN,FOUND,RETA1,0.17,0.0,0.0,0.0,0.0,0.0
3700421,IN,IN,FOUND,HOTEL,0.88,0.0,0.0,0.0,0.0,0.0
3700423,IN,IN,FOUND,REALE,0.59,0.0,0.0,0.0,0.0,0.0
3700424,IN,IN,FOUND,RESEA,0.03,0.0,0.0,0.0,0.0,0.0
3700426,IN,IN,FOUND,PUBLI,0.02,0.0,0.0,0.0,0.0,0.0
3700413,IN,IN,FOUND,BIOG1,1.3,0.0,0.0,0.0,0.0,0.0
3700427,IN,IN,FOUND,HEALT,2.03,0.0,0.0,0.0,0.0,0.0
3700430,IN,IN,FOUND,MEMBE,0.16,0.0,0.0,0.0,0.0,0.0
3700431,IN,IN,FOUND,RECRE,0.05,0.0,0.0,0.0,0.0,0.0
3700437,IN,IN,FABRI,SUGAR,1.21,0.0,0.0,0.0,0.0,0.0
3700444,IN,IN,FABRI,LIGNI,1.12,0.0,0.0,0.0,0.0,0.0
3700445,IN,IN,FABRI,BKBPE,0.27,0.0,0.0,0.0,0.0,0.0
3694722,IN,IN,PADDY,PLAST,0.27,0.0,0.0,0.0,0.0,0.0
3700412,IN,IN,FOUND,GASWO,0.31,0.0,0.0,0.0,0.0,0.0
3700264,IN,IN,NONF1,BEVER,0.06,0.0,0.0,0.0,0.0,0.0
3700377,IN,IN,FOUND,BIODI,0.11,0.0,0.0,0.0,0.0,0.0
3700369,IN,IN,FOUND,PETRO,0.35,0.0,0.0,0.0,0.0,0.0
3700370,IN,IN,FOUND,NONSP,0.87,0.0,0.0,0.0,0.0,0.0
3700371,IN,IN,FOUND,PLAST,2.84,0.0,0.0,0.0,0.0,0.0
3700372,IN,IN,FOUND,NFERT,1.75,0.0,0.0,0.0,0.0,0.0
3700375,IN,IN,FOUND,CHARC,0.34,0.0,0.0,0.0,0.0,0.0
3700376,IN,IN,FOUND,BIOGA,0.85,0.0,0.0,0.0,0.0,0.0
3700381,IN,IN,FOUND,BRICK,1.44,0.0,0.0,0.0,0.0,0.0
3700411,IN,IN,FOUND,BLAST,2.96,0.0,0.0,0.0,0.0,0.0
3700382,IN,IN,FOUND,CEMEN,0.3,0.0,0.0,0.0,0.0,0.0
3700400,IN,IN,FOUND,SECO9,1.28,0.0,0.0,0.0,0.0,0.0
3700403,IN,IN,FOUND,ELEC3,3.39,0.0,0.0,0.0,0.0,0.0
3700406,IN,IN,FOUND,ELEC6,0.02,0.0,0.0,0.0,0.0,0.0
3700407,IN,IN,FOUND,ELEC7,0.01,0.0,0.0,0.0,0.0,0.0
3700410,IN,IN,FOUND,COKE1,2.91,0.0,0.0,0.0,0.0,0.0
3700449,IN,IN,FABRI,IRONO,0.03,0.0,0.0,0.0,0.0,0.0
3700450,IN,IN,FABRI,PRECI,0.01,0.0,0.0,0.0,0.0,0.0
3700451,IN,IN,FABRI,LEADZ,0.01,0.0,0.0,0.0,0.0,0.0
3700525,IN,IN,FABRI,DISTR,0.02,0.0,0.0,0.0,0.0,0.0
3700519,IN,IN,FABRI,ELEC1,0.66,0.0,0.0,0.0,0.0,0.0
3700520,IN,IN,FABRI,ELEC2,0.21,0.0,0.0,0.0,0.0,0.0
3700521,IN,IN,FABRI,ELEC3,0.01,0.0,0.0,0.0,0.0,0.0
3700522,IN,IN,FABRI,ELEC4,0.01,0.0,0.0,0.0,0.0,0.0
3700523,IN,IN,FABRI,ELEC6,0.03,0.0,0.0,0.0,0.0,0.0
3700524,IN,IN,FABRI,TRAN1,0.01,0.0,0.0,0.0,0.0,0.0
3700526,IN,IN,FABRI,BLAST,0.12,0.0,0.0,0.0,0.0,0.0
3700452,IN,IN,FABRI,NONFE,0.01,0.0,0.0,0.0,0.0,0.0
3694720,IN,IN,PADDY,PAPER,1.31,0.0,0.0,0.0,0.0,0.0
3700531,IN,IN,FABRI,RETAI,3.16,0.0,0.0,0.0,0.0,0.0
3700553,IN,IN,MACHI,CEREA,0.16,0.0,0.0,0.0,0.0,0.0
3700555,IN,IN,MACHI,OILSE,0.08,0.0,0.0,0.0,0.0,0.0
3700556,IN,IN,MACHI,SUGAR,0.25,0.0,0.0,0.0,0.0,0.0
3700557,IN,IN,MACHI,PLANT,0.98,0.0,0.0,0.0,0.0,0.0
3694721,IN,IN,PADDY,PRINT,0.22,0.0,0.0,0.0,0.0,0.0
3700500,IN,IN,FABRI,CEMEN,1.1,0.0,0.0,0.0,0.0,0.0
3700499,IN,IN,FABRI,BRICK,0.59,0.0,0.0,0.0,0.0,0.0
3700495,IN,IN,FABRI,BIODI,2.56,0.0,0.0,0.0,0.0,0.0
3700486,IN,IN,FABRI,PARAF,1.64,0.0,0.0,0.0,0.0,0.0
3700485,IN,IN,FABRI,BITU1,2.72,0.0,0.0,0.0,0.0,0.0
3700484,IN,IN,FABRI,LUBRI,1.32,0.0,0.0,0.0,0.0,0.0
3700482,IN,IN,FABRI,REFI1,0.27,0.0,0.0,0.0,0.0,0.0
3700480,IN,IN,FABRI,REFIN,2.17,0.0,0.0,0.0,0.0,0.0
3700475,IN,IN,FABRI,AVIAT,0.2,0.0,0.0,0.0,0.0,0.0
3700473,IN,IN,FABRI,COKEO,1.75,0.0,0.0,0.0,0.0,0.0
3700470,IN,IN,FABRI,PULP5,0.67,0.0,0.0,0.0,0.0,0.0
3700461,IN,IN,FABRI,SUGA1,1.3,0.0,0.0,0.0,0.0,0.0
3700459,IN,IN,FABRI,DAIRY,1.5,0.0,0.0,0.0,0.0,0.0
3700456,IN,IN,FABRI,MEAT1,1.39,0.0,0.0,0.0,0.0,0.0
3700455,IN,IN,FABRI,MEATP,0.26,0.0,0.0,0.0,0.0,0.0
3700453,IN,IN,FABRI,CHEMI,0.01,0.0,0.0,0.0,0.0,0.0
3700368,IN,IN,FOUND,PARAF,0.05,0.0,0.0,0.0,0.0,0.0
3700367,IN,IN,FOUND,BITU1,0.54,0.0,0.0,0.0,0.0,0.0
3700366,IN,IN,FOUND,LUBRI,0.19,0.0,0.0,0.0,0.0,0.0
3700289,IN,IN,NONF1,BIOGA,0.07,0.0,0.0,0.0,0.0,0.0
3700283,IN,IN,NONF1,PETRO,0.02,0.0,0.0,0.0,0.0,0.0
3700284,IN,IN,NONF1,PLAST,0.36,0.0,0.0,0.0,0.0,0.0
3700285,IN,IN,NONF1,NFERT,0.04,0.0,0.0,0.0,0.0,0.0
3700286,IN,IN,NONF1,PFERT,0.53,0.0,0.0,0.0,0.0,0.0
3700287,IN,IN,NONF1,CHEM1,2.76,0.0,0.0,0.0,0.0,0.0
3700288,IN,IN,NONF1,CHARC,0.11,0.0,0.0,0.0,0.0,0.0
3700290,IN,IN,NONF1,BIODI,0.01,0.0,0.0,0.0,0.0,0.0
3700301,IN,IN,NONF1,COPP1,2.11,0.0,0.0,0.0,0.0,0.0
3700291,IN,IN,NONF1,RUBBE,0.97,0.0,0.0,0.0,0.0,0.0
3700293,IN,IN,NONF1,CERAM,0.44,0.0,0.0,0.0,0.0,0.0
3700294,IN,IN,NONF1,BRICK,0.06,0.0,0.0,0.0,0.0,0.0
3700295,IN,IN,NONF1,CEMEN,0.09,0.0,0.0,0.0,0.0,0.0
3700298,IN,IN,NONF1,PREC1,0.83,0.0,0.0,0.0,0.0,0.0
3700299,IN,IN,NONF1,ALUM1,1.68,0.0,0.0,0.0,0.0,0.0
3700282,IN,IN,NONF1,PARAF,0.01,0.0,0.0,0.0,0.0,0.0
3700281,IN,IN,NONF1,NAPHT,0.04,0.0,0.0,0.0,0.0,0.0
3700280,IN,IN,NONF1,LIQUE,0.05,0.0,0.0,0.0,0.0,0.0
3700279,IN,IN,NONF1,REFIN,0.01,0.0,0.0,0.0,0.0,0.0
3700278,IN,IN,NONF1,HEAVY,0.01,0.0,0.0,0.0,0.0,0.0
3700277,IN,IN,NONF1,GASDI,0.19,0.0,0.0,0.0,0.0,0.0
3700276,IN,IN,NONF1,KERO1,0.01,0.0,0.0,0.0,0.0,0.0
3700275,IN,IN,NONF1,KEROS,0.05,0.0,0.0,0.0,0.0,0.0
3700274,IN,IN,NONF1,MOTOR,0.09,0.0,0.0,0.0,0.0,0.0
3700273,IN,IN,NONF1,COKEO,0.36,0.0,0.0,0.0,0.0,0.0
3700271,IN,IN,NONF1,PAPER,0.88,0.0,0.0,0.0,0.0,0.0
3700270,IN,IN,NONF1,PULP5,0.01,0.0,0.0,0.0,0.0,0.0
3700269,IN,IN,NONF1,WOODW,0.26,0.0,0.0,0.0,0.0,0.0
3700268,IN,IN,NONF1,LEATH,0.06,0.0,0.0,0.0,0.0,0.0
3700267,IN,IN,NONF1,WEARI,0.01,0.0,0.0,0.0,0.0,0.0
3700266,IN,IN,NONF1,TEXTI,0.15,0.0,0.0,0.0,0.0,0.0
3700265,IN,IN,NONF1,FISH5,0.02,0.0,0.0,0.0,0.0,0.0
3700300,IN,IN,NONF1,LEAD1,0.41,0.0,0.0,0.0,0.0,0.0
3700302,IN,IN,NONF1,NONF1,0.35,0.0,0.0,0.0,0.0,0.0
3700364,IN,IN,FOUND,REFI1,0.05,0.0,0.0,0.0,0.0,0.0
3700349,IN,IN,FOUND,WEARI,1.15,0.0,0.0,0.0,0.0,0.0
3700342,IN,IN,FOUND,DAIRY,0.02,0.0,0.0,0.0,0.0,0.0
3700343,IN,IN,FOUND,PROCE,0.08,0.0,0.0,0.0,0.0,0.0
3700344,IN,IN,FOUND,FOOD5,0.14,0.0,0.0,0.0,0.0,0.0
3700345,IN,IN,FOUND,BEVER,0.18,0.0,0.0,0.0,0.0,0.0
3700346,IN,IN,FOUND,FISH5,0.06,0.0,0.0,0.0,0.0,0.0
3700347,IN,IN,FOUND,TOBAC,0.03,0.0,0.0,0.0,0.0,0.0
3700350,IN,IN,FOUND,LEATH,3.06,0.0,0.0,0.0,0.0,0.0
3700309,IN,IN,NONF1,MEDIC,1.16,0.0,0.0,0.0,0.0,0.0
3700352,IN,IN,FOUND,PULP5,0.18,0.0,0.0,0.0,0.0,0.0
3700355,IN,IN,FOUND,COKEO,1.62,0.0,0.0,0.0,0.0,0.0
3700357,IN,IN,FOUND,AVIAT,0.04,0.0,0.0,0.0,0.0,0.0
3700359,IN,IN,FOUND,KERO1,1.01,0.0,0.0,0.0,0.0,0.0
3700361,IN,IN,FOUND,HEAVY,2.31,0.0,0.0,0.0,0.0,0.0
3700362,IN,IN,FOUND,REFIN,0.17,0.0,0.0,0.0,0.0,0.0
3700341,IN,IN,FOUND,VEGE1,0.01,0.0,0.0,0.0,0.0,0.0
3700340,IN,IN,FOUND,MEATC,0.17,0.0,0.0,0.0,0.0,0.0
3700339,IN,IN,FOUND,NATU1,2.11,0.0,0.0,0.0,0.0,0.0
3700336,IN,IN,FOUND,BITUM,0.53,0.0,0.0,0.0,0.0,0.0
3700335,IN,IN,FOUND,COKIN,0.01,0.0,0.0,0.0,0.0,0.0
3700334,IN,IN,NONF1,RECRE,0.07,0.0,0.0,0.0,0.0,0.0
3700333,IN,IN,NONF1,MEMBE,0.12,0.0,0.0,0.0,0.0,0.0
3700329,IN,IN,NONF1,BUSIN,0.45,0.0,0.0,0.0,0.0,0.0
3700328,IN,IN,NONF1,RESEA,0.04,0.0,0.0,0.0,0.0,0.0
3700327,IN,IN,NONF1,REALE,0.01,0.0,0.0,0.0,0.0,0.0
3700325,IN,IN,NONF1,HOTEL,0.21,0.0,0.0,0.0,0.0,0.0
3700324,IN,IN,NONF1,CONST,0.07,0.0,0.0,0.0,0.0,0.0
3700320,IN,IN,NONF1,ELEC7,0.02,0.0,0.0,0.0,0.0,0.0
3700319,IN,IN,NONF1,ELEC6,0.09,0.0,0.0,0.0,0.0,0.0
3700313,IN,IN,NONF1,SECO9,0.62,0.0,0.0,0.0,0.0,0.0
3700312,IN,IN,NONF1,FURNI,2.98,0.0,0.0,0.0,0.0,0.0
3700311,IN,IN,NONF1,TRANS,2.94,0.0,0.0,0.0,0.0,0.0
3701011,IN,IN,MEDIC,PLAST,0.07,0.0,0.0,0.0,0.0,0.0
3701013,IN,IN,MEDIC,PFERT,0.23,0.0,0.0,0.0,0.0,0.0
3698179,IN,IN,MOTOR,TOBAC,2.76,0.0,0.0,0.0,0.0,0.0
3701637,IN,IN,ELEC2,PREC1,0.28,0.0,0.0,0.0,0.0,0.0
3701626,IN,IN,ELEC2,PFERT,0.67,0.0,0.0,0.0,0.0,0.0
3701628,IN,IN,ELEC2,BIOGA,0.83,0.0,0.0,0.0,0.0,0.0
3701629,IN,IN,ELEC2,BIODI,0.01,0.0,0.0,0.0,0.0,0.0
3701631,IN,IN,ELEC2,GLASS,3.21,0.0,0.0,0.0,0.0,0.0
3701633,IN,IN,ELEC2,BRICK,1.07,0.0,0.0,0.0,0.0,0.0
3701636,IN,IN,ELEC2,BASIC,0.79,0.0,0.0,0.0,0.0,0.0
3701638,IN,IN,ELEC2,ALUM1,0.67,0.0,0.0,0.0,0.0,0.0
3701624,IN,IN,ELEC2,PLAST,0.15,0.0,0.0,0.0,0.0,0.0
3701639,IN,IN,ELEC2,LEAD1,0.03,0.0,0.0,0.0,0.0,0.0
3701640,IN,IN,ELEC2,COPP1,0.34,0.0,0.0,0.0,0.0,0.0
3701641,IN,IN,ELEC2,NONF1,0.03,0.0,0.0,0.0,0.0,0.0
3701642,IN,IN,ELEC2,FOUND,0.48,0.0,0.0,0.0,0.0,0.0
3701646,IN,IN,ELEC2,ELECT,5.28,0.0,0.0,0.0,0.0,0.0
3701647,IN,IN,ELEC2,RADIO,6.93,0.0,0.0,0.0,0.0,0.0
3701625,IN,IN,ELEC2,NFERT,0.03,0.0,0.0,0.0,0.0,0.0
3701623,IN,IN,ELEC2,NONSP,0.48,0.0,0.0,0.0,0.0,0.0
3701603,IN,IN,ELEC2,LEATH,0.91,0.0,0.0,0.0,0.0,0.0
3701614,IN,IN,ELEC2,HEAVY,1.26,0.0,0.0,0.0,0.0,0.0
3701605,IN,IN,ELEC2,PULP5,0.15,0.0,0.0,0.0,0.0,0.0
3701607,IN,IN,ELEC2,PRINT,5.37,0.0,0.0,0.0,0.0,0.0
3701608,IN,IN,ELEC2,COKEO,0.19,0.0,0.0,0.0,0.0,0.0
3701610,IN,IN,ELEC2,AVIAT,0.02,0.0,0.0,0.0,0.0,0.0
3701611,IN,IN,ELEC2,KEROS,3.69,0.0,0.0,0.0,0.0,0.0
3701612,IN,IN,ELEC2,KERO1,0.55,0.0,0.0,0.0,0.0,0.0
3701615,IN,IN,ELEC2,REFIN,0.08,0.0,0.0,0.0,0.0,0.0
3701622,IN,IN,ELEC2,PETRO,0.16,0.0,0.0,0.0,0.0,0.0
3701616,IN,IN,ELEC2,LIQUE,5.57,0.0,0.0,0.0,0.0,0.0
3701617,IN,IN,ELEC2,REFI1,0.03,0.0,0.0,0.0,0.0,0.0
3701618,IN,IN,ELEC2,NAPHT,3.45,0.0,0.0,0.0,0.0,0.0
3701619,IN,IN,ELEC2,LUBRI,0.09,0.0,0.0,0.0,0.0,0.0
3701620,IN,IN,ELEC2,BITU1,0.3,0.0,0.0,0.0,0.0,0.0
3701621,IN,IN,ELEC2,PARAF,0.01,0.0,0.0,0.0,0.0,0.0
3701648,IN,IN,ELEC2,MEDIC,1.16,0.0,0.0,0.0,0.0,0.0
3701650,IN,IN,ELEC2,TRANS,5.32,0.0,0.0,0.0,0.0,0.0
3701651,IN,IN,ELEC2,FURNI,3.46,0.0,0.0,0.0,0.0,0.0
3701694,IN,IN,ELEC3,OILSE,0.02,0.0,0.0,0.0,0.0,0.0
3701687,IN,IN,ELEC2,MEMBE,4.63,0.0,0.0,0.0,0.0,0.0
3701688,IN,IN,ELEC2,RECRE,5.98,0.0,0.0,0.0,0.0,0.0
3701689,IN,IN,ELEC2,93197,3.88,0.0,0.0,0.0,0.0,0.0
3701691,IN,IN,ELEC3,WHEAT,3.86,0.0,0.0,0.0,0.0,0.0
3701692,IN,IN,ELEC3,CEREA,0.38,0.0,0.0,0.0,0.0,0.0
3701693,IN,IN,ELEC3,VEGET,0.97,0.0,0.0,0.0,0.0,0.0
3701695,IN,IN,ELEC3,SUGAR,0.18,0.0,0.0,0.0,0.0,0.0
3701652,IN,IN,ELEC2,SECO9,0.69,0.0,0.0,0.0,0.0,0.0
3701696,IN,IN,ELEC3,PLANT,0.63,0.0,0.0,0.0,0.0,0.0
3701697,IN,IN,ELEC3,CROPS,0.39,0.0,0.0,0.0,0.0,0.0
3701698,IN,IN,ELEC3,FORES,0.45,0.0,0.0,0.0,0.0,0.0
3701699,IN,IN,ELEC3,COKIN,0.06,0.0,0.0,0.0,0.0,0.0
3701700,IN,IN,ELEC3,BITUM,2.62,0.0,0.0,0.0,0.0,0.0
3701701,IN,IN,ELEC3,LIGNI,0.01,0.0,0.0,0.0,0.0,0.0
3701686,IN,IN,ELEC2,WASTE,5.48,0.0,0.0,0.0,0.0,0.0
3701685,IN,IN,ELEC2,FOOD3,5.49,0.0,0.0,0.0,0.0,0.0
3701684,IN,IN,ELEC2,HEALT,7.53,0.0,0.0,0.0,0.0,0.0
3701680,IN,IN,ELEC2,RESEA,0.67,0.0,0.0,0.0,0.0,0.0
3701676,IN,IN,ELEC2,AUXIL,0.53,0.0,0.0,0.0,0.0,0.0
3701675,IN,IN,ELEC2,INSUR,0.46,0.0,0.0,0.0,0.0,0.0
3701671,IN,IN,ELEC2,AIRTR,0.55,0.0,0.0,0.0,0.0,0.0
3701670,IN,IN,ELEC2,INLAN,0.01,0.0,0.0,0.0,0.0,0.0
3701669,IN,IN,ELEC2,SEACO,0.23,0.0,0.0,0.0,0.0,0.0
3701668,IN,IN,ELEC2,TRAN2,0.23,0.0,0.0,0.0,0.0,0.0
3701666,IN,IN,ELEC2,RAILW,2.81,0.0,0.0,0.0,0.0,0.0
3701662,IN,IN,ELEC2,RETAI,0.05,0.0,0.0,0.0,0.0,0.0
3701661,IN,IN,ELEC2,SALEM,1.07,0.0,0.0,0.0,0.0,0.0
3701658,IN,IN,ELEC2,DIST1,1.87,0.0,0.0,0.0,0.0,0.0
3701657,IN,IN,ELEC2,BLAST,0.02,0.0,0.0,0.0,0.0,0.0
3701654,IN,IN,ELEC2,ELEC2,0.03,0.0,0.0,0.0,0.0,0.0
3701653,IN,IN,ELEC2,ELEC1,0.01,0.0,0.0,0.0,0.0,0.0
3701604,IN,IN,ELEC2,WOODW,4.57,0.0,0.0,0.0,0.0,0.0
3701600,IN,IN,ELEC2,TOBAC,0.02,0.0,0.0,0.0,0.0,0.0
3701703,IN,IN,ELEC3,NATUR,0.76,0.0,0.0,0.0,0.0,0.0
3701503,IN,IN,ELEC1,BITU1,5.23,0.0,0.0,0.0,0.0,0.0
3701488,IN,IN,ELEC1,PULP5,2.84,0.0,0.0,0.0,0.0,0.0
3701491,IN,IN,ELEC1,COKEO,3.64,0.0,0.0,0.0,0.0,0.0
3701493,IN,IN,ELEC1,AVIAT,0.39,0.0,0.0,0.0,0.0,0.0
3701498,IN,IN,ELEC1,REFIN,1.42,0.0,0.0,0.0,0.0,0.0
3701500,IN,IN,ELEC1,REFI1,0.52,0.0,0.0,0.0,0.0,0.0
3701502,IN,IN,ELEC1,LUBRI,1.58,0.0,0.0,0.0,0.0,0.0
3701504,IN,IN,ELEC1,PARAF,0.22,0.0,0.0,0.0,0.0,0.0
3701482,IN,IN,ELEC1,FISH5,0.09,0.0,0.0,0.0,0.0,0.0
3701505,IN,IN,ELEC1,PETRO,2.85,0.0,0.0,0.0,0.0,0.0
3701507,IN,IN,ELEC1,PLAST,1.13,0.0,0.0,0.0,0.0,0.0
3701508,IN,IN,ELEC1,NFERT,0.18,0.0,0.0,0.0,0.0,0.0
3701509,IN,IN,ELEC1,PFERT,5.06,0.0,0.0,0.0,0.0,0.0
3701511,IN,IN,ELEC1,CHARC,0.02,0.0,0.0,0.0,0.0,0.0
3701512,IN,IN,ELEC1,BIOGA,1.17,0.0,0.0,0.0,0.0,0.0
3701483,IN,IN,ELEC1,TOBAC,0.36,0.0,0.0,0.0,0.0,0.0
3701479,IN,IN,ELEC1,SUGA1,0.38,0.0,0.0,0.0,0.0,0.0
3701598,IN,IN,ELEC2,BEVER,2.92,0.0,0.0,0.0,0.0,0.0
3701468,IN,IN,ELEC1,LEADZ,0.01,0.0,0.0,0.0,0.0,0.0
3701459,IN,IN,ELEC1,COKIN,2.22,0.0,0.0,0.0,0.0,0.0
3701461,IN,IN,ELEC1,LIGNI,0.53,0.0,0.0,0.0,0.0,0.0
3701462,IN,IN,ELEC1,BKBPE,0.13,0.0,0.0,0.0,0.0,0.0
3701465,IN,IN,ELEC1,NATU1,5.01,0.0,0.0,0.0,0.0,0.0
3701466,IN,IN,ELEC1,ALUMI,0.02,0.0,0.0,0.0,0.0,0.0
3701467,IN,IN,ELEC1,PRECI,0.01,0.0,0.0,0.0,0.0,0.0
3701469,IN,IN,ELEC1,STONE,0.05,0.0,0.0,0.0,0.0,0.0
3701477,IN,IN,ELEC1,DAIRY,0.09,0.0,0.0,0.0,0.0,0.0
3701470,IN,IN,ELEC1,SANDC,0.02,0.0,0.0,0.0,0.0,0.0
3701471,IN,IN,ELEC1,CHEMI,0.05,0.0,0.0,0.0,0.0,0.0
3701472,IN,IN,ELEC1,MEATC,0.24,0.0,0.0,0.0,0.0,0.0
3701473,IN,IN,ELEC1,MEATP,0.05,0.0,0.0,0.0,0.0,0.0
3701474,IN,IN,ELEC1,MEAT1,0.34,0.0,0.0,0.0,0.0,0.0
3701476,IN,IN,ELEC1,VEGE1,1.87,0.0,0.0,0.0,0.0,0.0
3701513,IN,IN,ELEC1,BIODI,0.1,0.0,0.0,0.0,0.0,0.0
3701521,IN,IN,ELEC1,PREC1,4.81,0.0,0.0,0.0,0.0,0.0
3701523,IN,IN,ELEC1,LEAD1,0.57,0.0,0.0,0.0,0.0,0.0
3701589,IN,IN,ELEC2,NATUR,1.61,0.0,0.0,0.0,0.0,0.0
3701583,IN,IN,ELEC2,FORES,0.95,0.0,0.0,0.0,0.0,0.0
3701584,IN,IN,ELEC2,COKIN,0.12,0.0,0.0,0.0,0.0,0.0
3701585,IN,IN,ELEC2,BITUM,5.55,0.0,0.0,0.0,0.0,0.0
3701586,IN,IN,ELEC2,LIGNI,0.03,0.0,0.0,0.0,0.0,0.0
3701587,IN,IN,ELEC2,BKBPE,0.01,0.0,0.0,0.0,0.0,0.0
3701588,IN,IN,ELEC2,CRUDE,4.58,0.0,0.0,0.0,0.0,0.0
3701590,IN,IN,ELEC2,NATU1,0.27,0.0,0.0,0.0,0.0,0.0
3701524,IN,IN,ELEC1,COPP1,5.68,0.0,0.0,0.0,0.0,0.0
3701591,IN,IN,ELEC2,MEATC,0.01,0.0,0.0,0.0,0.0,0.0
3701592,IN,IN,ELEC2,MEAT1,0.02,0.0,0.0,0.0,0.0,0.0
3701593,IN,IN,ELEC2,MEAT4,0.35,0.0,0.0,0.0,0.0,0.0
3701594,IN,IN,ELEC2,VEGE1,1.85,0.0,0.0,0.0,0.0,0.0
3701596,IN,IN,ELEC2,SUGA1,0.02,0.0,0.0,0.0,0.0,0.0
3701597,IN,IN,ELEC2,FOOD5,1.19,0.0,0.0,0.0,0.0,0.0
3701582,IN,IN,ELEC2,CROPS,0.83,0.0,0.0,0.0,0.0,0.0
3701581,IN,IN,ELEC2,PLANT,1.33,0.0,0.0,0.0,0.0,0.0
3701580,IN,IN,ELEC2,SUGAR,0.38,0.0,0.0,0.0,0.0,0.0
3701579,IN,IN,ELEC2,OILSE,0.04,0.0,0.0,0.0,0.0,0.0
3701578,IN,IN,ELEC2,VEGET,2.04,0.0,0.0,0.0,0.0,0.0
3701577,IN,IN,ELEC2,CEREA,0.8,0.0,0.0,0.0,0.0,0.0
3701555,IN,IN,ELEC1,INLAN,0.15,0.0,0.0,0.0,0.0,0.0
3701554,IN,IN,ELEC1,SEACO,4.32,0.0,0.0,0.0,0.0,0.0
3701553,IN,IN,ELEC1,TRAN2,4.28,0.0,0.0,0.0,0.0,0.0
3701547,IN,IN,ELEC1,RETAI,1.04,0.0,0.0,0.0,0.0,0.0
3701545,IN,IN,ELEC1,CONST,0.57,0.0,0.0,0.0,0.0,0.0
3701542,IN,IN,ELEC1,BLAST,0.06,0.0,0.0,0.0,0.0,0.0
3701539,IN,IN,ELEC1,ELEC6,0.01,0.0,0.0,0.0,0.0,0.0
3701538,IN,IN,ELEC1,ELEC2,0.07,0.0,0.0,0.0,0.0,0.0
3701537,IN,IN,ELEC1,ELEC1,0.26,0.0,0.0,0.0,0.0,0.0
3701536,IN,IN,ELEC1,SECO9,4.18,0.0,0.0,0.0,0.0,0.0
3701525,IN,IN,ELEC1,NONF1,0.5,0.0,0.0,0.0,0.0,0.0
3701702,IN,IN,ELEC3,CRUDE,2.16,0.0,0.0,0.0,0.0,0.0
3701704,IN,IN,ELEC3,NATU1,0.13,0.0,0.0,0.0,0.0,0.0
3701015,IN,IN,MEDIC,CHARC,0.15,0.0,0.0,0.0,0.0,0.0
3701833,IN,IN,ELEC4,LEATH,2.08,0.0,0.0,0.0,0.0,0.0
3701824,IN,IN,ELEC4,DAIRY,0.01,0.0,0.0,0.0,0.0,0.0
3701826,IN,IN,ELEC4,SUGA1,0.05,0.0,0.0,0.0,0.0,0.0
3701827,IN,IN,ELEC4,FOOD5,2.75,0.0,0.0,0.0,0.0,0.0
3701828,IN,IN,ELEC4,BEVER,4.05,0.0,0.0,0.0,0.0,0.0
3701829,IN,IN,ELEC4,FISH5,0.01,0.0,0.0,0.0,0.0,0.0
3701830,IN,IN,ELEC4,TOBAC,0.04,0.0,0.0,0.0,0.0,0.0
3701835,IN,IN,ELEC4,PULP5,0.35,0.0,0.0,0.0,0.0,0.0
3701822,IN,IN,ELEC4,MEAT4,0.8,0.0,0.0,0.0,0.0,0.0
3701838,IN,IN,ELEC4,COKEO,0.45,0.0,0.0,0.0,0.0,0.0
3701840,IN,IN,ELEC4,AVIAT,0.05,0.0,0.0,0.0,0.0,0.0
3701842,IN,IN,ELEC4,KERO1,1.29,0.0,0.0,0.0,0.0,0.0
3701844,IN,IN,ELEC4,HEAVY,2.96,0.0,0.0,0.0,0.0,0.0
3701845,IN,IN,ELEC4,REFIN,0.19,0.0,0.0,0.0,0.0,0.0
3701847,IN,IN,ELEC4,REFI1,0.07,0.0,0.0,0.0,0.0,0.0
3701823,IN,IN,ELEC4,VEGE1,0.23,0.0,0.0,0.0,0.0,0.0
3701821,IN,IN,ELEC4,MEAT1,0.04,0.0,0.0,0.0,0.0,0.0
3701800,IN,IN,ELEC3,93197,1.83,0.0,0.0,0.0,0.0,0.0
3701810,IN,IN,ELEC4,COKIN,0.27,0.0,0.0,0.0,0.0,0.0
3701804,IN,IN,ELEC4,VEGET,4.73,0.0,0.0,0.0,0.0,0.0
3701805,IN,IN,ELEC4,OILSE,0.08,0.0,0.0,0.0,0.0,0.0
3701806,IN,IN,ELEC4,SUGAR,0.87,0.0,0.0,0.0,0.0,0.0
3701807,IN,IN,ELEC4,PLANT,3.08,0.0,0.0,0.0,0.0,0.0
3701808,IN,IN,ELEC4,CROPS,1.92,0.0,0.0,0.0,0.0,0.0
3701809,IN,IN,ELEC4,FORES,2.19,0.0,0.0,0.0,0.0,0.0
3701812,IN,IN,ELEC4,LIGNI,0.06,0.0,0.0,0.0,0.0,0.0
3701820,IN,IN,ELEC4,MEATP,0.01,0.0,0.0,0.0,0.0,0.0
3701813,IN,IN,ELEC4,BKBPE,0.02,0.0,0.0,0.0,0.0,0.0
3701815,IN,IN,ELEC4,NATUR,3.73,0.0,0.0,0.0,0.0,0.0
3701816,IN,IN,ELEC4,NATU1,0.61,0.0,0.0,0.0,0.0,0.0
3701817,IN,IN,ELEC4,STONE,0.01,0.0,0.0,0.0,0.0,0.0
3701818,IN,IN,ELEC4,CHEMI,0.01,0.0,0.0,0.0,0.0,0.0
3701819,IN,IN,ELEC4,MEATC,0.03,0.0,0.0,0.0,0.0,0.0
3701849,IN,IN,ELEC4,LUBRI,0.21,0.0,0.0,0.0,0.0,0.0
3701850,IN,IN,ELEC4,BITU1,0.7,0.0,0.0,0.0,0.0,0.0
3701851,IN,IN,ELEC4,PARAF,0.03,0.0,0.0,0.0,0.0,0.0
3701899,IN,IN,ELEC4,SEACO,0.53,0.0,0.0,0.0,0.0,0.0
3701884,IN,IN,ELEC4,ELEC2,0.01,0.0,0.0,0.0,0.0,0.0
3701887,IN,IN,ELEC4,BLAST,0.01,0.0,0.0,0.0,0.0,0.0
3701888,IN,IN,ELEC4,DIST1,1.88,0.0,0.0,0.0,0.0,0.0
3701891,IN,IN,ELEC4,SALEM,2.47,0.0,0.0,0.0,0.0,0.0
3701892,IN,IN,ELEC4,RETAI,0.13,0.0,0.0,0.0,0.0,0.0
3701898,IN,IN,ELEC4,TRAN2,0.52,0.0,0.0,0.0,0.0,0.0
3701900,IN,IN,ELEC4,INLAN,0.02,0.0,0.0,0.0,0.0,0.0
3701852,IN,IN,ELEC4,PETRO,0.38,0.0,0.0,0.0,0.0,0.0
3701901,IN,IN,ELEC4,AIRTR,1.27,0.0,0.0,0.0,0.0,0.0
3701905,IN,IN,ELEC4,INSUR,1.07,0.0,0.0,0.0,0.0,0.0
3701906,IN,IN,ELEC4,AUXIL,1.23,0.0,0.0,0.0,0.0,0.0
3701910,IN,IN,ELEC4,RESEA,1.55,0.0,0.0,0.0,0.0,0.0
3701915,IN,IN,ELEC4,FOOD3,4.87,0.0,0.0,0.0,0.0,0.0
3701916,IN,IN,ELEC4,WASTE,4.86,0.0,0.0,0.0,0.0,0.0
3701883,IN,IN,ELEC4,ELEC1,0.03,0.0,0.0,0.0,0.0,0.0
3701882,IN,IN,ELEC4,SECO9,0.61,0.0,0.0,0.0,0.0,0.0
3701878,IN,IN,ELEC4,MEDIC,1.37,0.0,0.0,0.0,0.0,0.0
3701872,IN,IN,ELEC4,FOUND,0.84,0.0,0.0,0.0,0.0,0.0
3701871,IN,IN,ELEC4,NONF1,0.06,0.0,0.0,0.0,0.0,0.0
3701870,IN,IN,ELEC4,COPP1,0.7,0.0,0.0,0.0,0.0,0.0
3701869,IN,IN,ELEC4,LEAD1,0.07,0.0,0.0,0.0,0.0,0.0
3701868,IN,IN,ELEC4,ALUM1,1.46,0.0,0.0,0.0,0.0,0.0
3701867,IN,IN,ELEC4,PREC1,0.59,0.0,0.0,0.0,0.0,0.0
3701866,IN,IN,ELEC4,BASIC,1.48,0.0,0.0,0.0,0.0,0.0
3701863,IN,IN,ELEC4,BRICK,2.48,0.0,0.0,0.0,0.0,0.0
3701859,IN,IN,ELEC4,BIODI,0.01,0.0,0.0,0.0,0.0,0.0
3701858,IN,IN,ELEC4,BIOGA,0.14,0.0,0.0,0.0,0.0,0.0
3701856,IN,IN,ELEC4,PFERT,0.64,0.0,0.0,0.0,0.0,0.0
3701855,IN,IN,ELEC4,NFERT,0.02,0.0,0.0,0.0,0.0,0.0
3701854,IN,IN,ELEC4,PLAST,0.14,0.0,0.0,0.0,0.0,0.0
3701853,IN,IN,ELEC4,NONSP,1.12,0.0,0.0,0.0,0.0,0.0
3701803,IN,IN,ELEC4,CEREA,1.85,0.0,0.0,0.0,0.0,0.0
3701799,IN,IN,ELEC3,RECRE,2.82,0.0,0.0,0.0,0.0,0.0
3701705,IN,IN,ELEC3,MEATC,0.01,0.0,0.0,0.0,0.0,0.0
3701734,IN,IN,ELEC3,BITU1,0.08,0.0,0.0,0.0,0.0,0.0
3701728,IN,IN,ELEC3,HEAVY,0.32,0.0,0.0,0.0,0.0,0.0
3701729,IN,IN,ELEC3,REFIN,0.02,0.0,0.0,0.0,0.0,0.0
3701730,IN,IN,ELEC3,LIQUE,1.41,0.0,0.0,0.0,0.0,0.0
3701731,IN,IN,ELEC3,REFI1,0.01,0.0,0.0,0.0,0.0,0.0
3701732,IN,IN,ELEC3,NAPHT,0.87,0.0,0.0,0.0,0.0,0.0
3701733,IN,IN,ELEC3,LUBRI,0.02,0.0,0.0,0.0,0.0,0.0
3701735,IN,IN,ELEC3,PETRO,0.04,0.0,0.0,0.0,0.0,0.0
3701726,IN,IN,ELEC3,KERO1,0.14,0.0,0.0,0.0,0.0,0.0
3701736,IN,IN,ELEC3,NONSP,0.12,0.0,0.0,0.0,0.0,0.0
3701737,IN,IN,ELEC3,PLAST,0.08,0.0,0.0,0.0,0.0,0.0
3701738,IN,IN,ELEC3,NFERT,0.01,0.0,0.0,0.0,0.0,0.0
3701739,IN,IN,ELEC3,PFERT,0.33,0.0,0.0,0.0,0.0,0.0
3701741,IN,IN,ELEC3,BIOGA,0.46,0.0,0.0,0.0,0.0,0.0
3701743,IN,IN,ELEC3,GLASS,1.51,0.0,0.0,0.0,0.0,0.0
3701727,IN,IN,ELEC3,GASDI,5.07,0.0,0.0,0.0,0.0,0.0
3701725,IN,IN,ELEC3,KEROS,0.93,0.0,0.0,0.0,0.0,0.0
3701798,IN,IN,ELEC3,MEMBE,2.19,0.0,0.0,0.0,0.0,0.0
3701714,IN,IN,ELEC3,TOBAC,0.01,0.0,0.0,0.0,0.0,0.0
3701706,IN,IN,ELEC3,MEAT1,0.01,0.0,0.0,0.0,0.0,0.0
3701707,IN,IN,ELEC3,MEAT4,0.16,0.0,0.0,0.0,0.0,0.0
3701708,IN,IN,ELEC3,VEGE1,1.03,0.0,0.0,0.0,0.0,0.0
3701710,IN,IN,ELEC3,SUGA1,0.01,0.0,0.0,0.0,0.0,0.0
3701711,IN,IN,ELEC3,FOOD5,0.56,0.0,0.0,0.0,0.0,0.0
3701712,IN,IN,ELEC3,BEVER,1.48,0.0,0.0,0.0,0.0,0.0
3701717,IN,IN,ELEC3,LEATH,0.43,0.0,0.0,0.0,0.0,0.0
3701724,IN,IN,ELEC3,AVIAT,0.01,0.0,0.0,0.0,0.0,0.0
3701718,IN,IN,ELEC3,WOODW,2.17,0.0,0.0,0.0,0.0,0.0
3701719,IN,IN,ELEC3,PULP5,0.07,0.0,0.0,0.0,0.0,0.0
3701720,IN,IN,ELEC3,PAPER,5.06,0.0,0.0,0.0,0.0,0.0
3701721,IN,IN,ELEC3,PRINT,2.54,0.0,0.0,0.0,0.0,0.0
3701722,IN,IN,ELEC3,COKEO,0.09,0.0,0.0,0.0,0.0,0.0
3701723,IN,IN,ELEC3,MOTOR,2.23,0.0,0.0,0.0,0.0,0.0
3701744,IN,IN,ELEC3,CERAM,5.18,0.0,0.0,0.0,0.0,0.0
3701745,IN,IN,ELEC3,BRICK,0.51,0.0,0.0,0.0,0.0,0.0
3701748,IN,IN,ELEC3,BASIC,0.48,0.0,0.0,0.0,0.0,0.0
3701783,IN,IN,ELEC3,SUPPO,3.92,0.0,0.0,0.0,0.0,0.0
3701774,IN,IN,ELEC3,RETAI,0.03,0.0,0.0,0.0,0.0,0.0
3701775,IN,IN,ELEC3,WHOLE,5.25,0.0,0.0,0.0,0.0,0.0
3701778,IN,IN,ELEC3,RAILW,1.33,0.0,0.0,0.0,0.0,0.0
3701780,IN,IN,ELEC3,TRAN2,0.11,0.0,0.0,0.0,0.0,0.0
3701781,IN,IN,ELEC3,SEACO,0.11,0.0,0.0,0.0,0.0,0.0
3701782,IN,IN,ELEC3,AIRTR,0.26,0.0,0.0,0.0,0.0,0.0
3701784,IN,IN,ELEC3,POSTT,5.04,0.0,0.0,0.0,0.0,0.0
3701749,IN,IN,ELEC3,PREC1,0.15,0.0,0.0,0.0,0.0,0.0
3701786,IN,IN,ELEC3,INSUR,0.22,0.0,0.0,0.0,0.0,0.0
3701787,IN,IN,ELEC3,AUXIL,0.25,0.0,0.0,0.0,0.0,0.0
3701790,IN,IN,ELEC3,COMPU,4.69,0.0,0.0,0.0,0.0,0.0
3701791,IN,IN,ELEC3,RESEA,0.32,0.0,0.0,0.0,0.0,0.0
3701792,IN,IN,ELEC3,BUSIN,4.6,0.0,0.0,0.0,0.0,0.0
3701795,IN,IN,ELEC3,HEALT,3.56,0.0,0.0,0.0,0.0,0.0
3701773,IN,IN,ELEC3,SALEM,0.51,0.0,0.0,0.0,0.0,0.0
3701770,IN,IN,ELEC3,DIST1,1.63,0.0,0.0,0.0,0.0,0.0
3701769,IN,IN,ELEC3,BLAST,0.01,0.0,0.0,0.0,0.0,0.0
3701766,IN,IN,ELEC3,ELEC2,0.01,0.0,0.0,0.0,0.0,0.0
3701765,IN,IN,ELEC3,ELEC1,0.01,0.0,0.0,0.0,0.0,0.0
3701764,IN,IN,ELEC3,SECO9,0.78,0.0,0.0,0.0,0.0,0.0
3701763,IN,IN,ELEC3,FURNI,1.73,0.0,0.0,0.0,0.0,0.0
3701762,IN,IN,ELEC3,TRANS,2.51,0.0,0.0,0.0,0.0,0.0
3701760,IN,IN,ELEC3,MEDIC,0.95,0.0,0.0,0.0,0.0,0.0
3701759,IN,IN,ELEC3,RADIO,3.34,0.0,0.0,0.0,0.0,0.0
3701758,IN,IN,ELEC3,ELECT,3.24,0.0,0.0,0.0,0.0,0.0
3701755,IN,IN,ELEC3,FABRI,4.38,0.0,0.0,0.0,0.0,0.0
3701754,IN,IN,ELEC3,FOUND,0.31,0.0,0.0,0.0,0.0,0.0
3701753,IN,IN,ELEC3,NONF1,0.01,0.0,0.0,0.0,0.0,0.0
3701752,IN,IN,ELEC3,COPP1,0.19,0.0,0.0,0.0,0.0,0.0
3701751,IN,IN,ELEC3,LEAD1,0.01,0.0,0.0,0.0,0.0,0.0
3701750,IN,IN,ELEC3,ALUM1,0.34,0.0,0.0,0.0,0.0,0.0
3701454,IN,IN,ELEC1,OILSE,0.69,0.0,0.0,0.0,0.0,0.0
3701449,IN,IN,SECO9,MEMBE,0.26,0.0,0.0,0.0,0.0,0.0
3701446,IN,IN,SECO9,HEALT,0.33,0.0,0.0,0.0,0.0,0.0
3701168,IN,IN,TRANS,PLANT,0.24,0.0,0.0,0.0,0.0,0.0
3701153,IN,IN,MOTO1,RESEA,2.25,0.0,0.0,0.0,0.0,0.0
3701163,IN,IN,TRANS,PADDY,0.7,0.0,0.0,0.0,0.0,0.0
3701164,IN,IN,TRANS,WHEAT,0.16,0.0,0.0,0.0,0.0,0.0
3701165,IN,IN,TRANS,CEREA,0.02,0.0,0.0,0.0,0.0,0.0
3701166,IN,IN,TRANS,VEGET,2.53,0.0,0.0,0.0,0.0,0.0
3701167,IN,IN,TRANS,SUGAR,0.05,0.0,0.0,0.0,0.0,0.0
3701169,IN,IN,TRANS,CROPS,0.62,0.0,0.0,0.0,0.0,0.0
3701148,IN,IN,MOTO1,INSUR,0.9,0.0,0.0,0.0,0.0,0.0
3701170,IN,IN,TRANS,FORES,0.85,0.0,0.0,0.0,0.0,0.0
3701171,IN,IN,TRANS,FISHF,0.89,0.0,0.0,0.0,0.0,0.0
3701172,IN,IN,TRANS,BITUM,0.1,0.0,0.0,0.0,0.0,0.0
3701173,IN,IN,TRANS,MEATC,0.03,0.0,0.0,0.0,0.0,0.0
3701174,IN,IN,TRANS,PROCE,0.02,0.0,0.0,0.0,0.0,0.0
3701175,IN,IN,TRANS,FOOD5,0.02,0.0,0.0,0.0,0.0,0.0
3701149,IN,IN,MOTO1,AUXIL,1.59,0.0,0.0,0.0,0.0,0.0
3701143,IN,IN,MOTO1,INLAN,0.08,0.0,0.0,0.0,0.0,0.0
3701113,IN,IN,MOTO1,RADIO,2.88,0.0,0.0,0.0,0.0,0.0
3701125,IN,IN,MOTO1,ELEC8,1.59,0.0,0.0,0.0,0.0,0.0
3701118,IN,IN,MOTO1,SECO9,1.82,0.0,0.0,0.0,0.0,0.0
3701120,IN,IN,MOTO1,ELEC2,0.37,0.0,0.0,0.0,0.0,0.0
3701121,IN,IN,MOTO1,ELEC3,0.35,0.0,0.0,0.0,0.0,0.0
3701122,IN,IN,MOTO1,ELEC4,1.1,0.0,0.0,0.0,0.0,0.0
3701123,IN,IN,MOTO1,ELEC5,0.34,0.0,0.0,0.0,0.0,0.0
3701124,IN,IN,MOTO1,ELEC6,0.02,0.0,0.0,0.0,0.0,0.0
3701126,IN,IN,MOTO1,TRAN1,1.91,0.0,0.0,0.0,0.0,0.0
3701142,IN,IN,MOTO1,SEACO,1.94,0.0,0.0,0.0,0.0,0.0
3701128,IN,IN,MOTO1,COKE1,0.54,0.0,0.0,0.0,0.0,0.0
3701129,IN,IN,MOTO1,BLAST,0.54,0.0,0.0,0.0,0.0,0.0
3701130,IN,IN,MOTO1,GASWO,0.06,0.0,0.0,0.0,0.0,0.0
3701131,IN,IN,MOTO1,BIOG1,0.24,0.0,0.0,0.0,0.0,0.0
3701136,IN,IN,MOTO1,RETAI,0.92,0.0,0.0,0.0,0.0,0.0
3701141,IN,IN,MOTO1,TRAN2,0.04,0.0,0.0,0.0,0.0,0.0
3701176,IN,IN,TRANS,BEVER,0.03,0.0,0.0,0.0,0.0,0.0
3701177,IN,IN,TRANS,FISH5,0.01,0.0,0.0,0.0,0.0,0.0
3701178,IN,IN,TRANS,TEXTI,0.11,0.0,0.0,0.0,0.0,0.0
3701205,IN,IN,TRANS,OFFIC,0.27,0.0,0.0,0.0,0.0,0.0
3701198,IN,IN,TRANS,BASIC,0.45,0.0,0.0,0.0,0.0,0.0
3701199,IN,IN,TRANS,PREC1,0.1,0.0,0.0,0.0,0.0,0.0
3701200,IN,IN,TRANS,ALUM1,0.12,0.0,0.0,0.0,0.0,0.0
3701201,IN,IN,TRANS,COPP1,0.13,0.0,0.0,0.0,0.0,0.0
3701202,IN,IN,TRANS,FOUND,0.36,0.0,0.0,0.0,0.0,0.0
3701203,IN,IN,TRANS,FABRI,2.85,0.0,0.0,0.0,0.0,0.0
3701206,IN,IN,TRANS,ELECT,3.25,0.0,0.0,0.0,0.0,0.0
3701179,IN,IN,TRANS,WEARI,0.01,0.0,0.0,0.0,0.0,0.0
3701207,IN,IN,TRANS,RADIO,0.3,0.0,0.0,0.0,0.0,0.0
3701208,IN,IN,TRANS,MEDIC,1.57,0.0,0.0,0.0,0.0,0.0
3701212,IN,IN,TRANS,SECO9,0.02,0.0,0.0,0.0,0.0,0.0
3701213,IN,IN,TRANS,DIST1,2.89,0.0,0.0,0.0,0.0,0.0
3701214,IN,IN,TRANS,CONST,0.01,0.0,0.0,0.0,0.0,0.0
3701218,IN,IN,TRANS,RETA1,3.32,0.0,0.0,0.0,0.0,0.0
3701197,IN,IN,TRANS,NONME,0.04,0.0,0.0,0.0,0.0,0.0
3701196,IN,IN,TRANS,CERAM,0.1,0.0,0.0,0.0,0.0,0.0
3701195,IN,IN,TRANS,GLASS,0.06,0.0,0.0,0.0,0.0,0.0
3701194,IN,IN,TRANS,RUBBE,1.03,0.0,0.0,0.0,0.0,0.0
3701193,IN,IN,TRANS,BIODI,0.01,0.0,0.0,0.0,0.0,0.0
3701192,IN,IN,TRANS,BIOGA,0.03,0.0,0.0,0.0,0.0,0.0
3701191,IN,IN,TRANS,CHARC,0.06,0.0,0.0,0.0,0.0,0.0
3701190,IN,IN,TRANS,CHEM1,1.14,0.0,0.0,0.0,0.0,0.0
3701189,IN,IN,TRANS,PFERT,0.02,0.0,0.0,0.0,0.0,0.0
3701188,IN,IN,TRANS,PETRO,0.01,0.0,0.0,0.0,0.0,0.0
3701187,IN,IN,TRANS,GASDI,0.02,0.0,0.0,0.0,0.0,0.0
3701186,IN,IN,TRANS,KEROS,0.01,0.0,0.0,0.0,0.0,0.0
3701185,IN,IN,TRANS,MOTOR,0.01,0.0,0.0,0.0,0.0,0.0
3701184,IN,IN,TRANS,PRINT,0.55,0.0,0.0,0.0,0.0,0.0
3701183,IN,IN,TRANS,PAPER,0.47,0.0,0.0,0.0,0.0,0.0
3701182,IN,IN,TRANS,PULP5,0.02,0.0,0.0,0.0,0.0,0.0
3701180,IN,IN,TRANS,LEATH,0.02,0.0,0.0,0.0,0.0,0.0
3694719,IN,IN,PADDY,PULP5,0.01,0.0,0.0,0.0,0.0,0.0
3701111,IN,IN,MOTO1,OFFIC,1.12,0.0,0.0,0.0,0.0,0.0
3701445,IN,IN,SECO9,EDUCA,0.02,0.0,0.0,0.0,0.0,0.0
3701060,IN,IN,MOTO1,PLANT,3.19,0.0,0.0,0.0,0.0,0.0
3701050,IN,IN,MEDIC,EDUCA,0.07,0.0,0.0,0.0,0.0,0.0
3701051,IN,IN,MEDIC,HEALT,0.36,0.0,0.0,0.0,0.0,0.0
3701052,IN,IN,MEDIC,FOOD3,2.61,0.0,0.0,0.0,0.0,0.0
3701053,IN,IN,MEDIC,WASTE,2.61,0.0,0.0,0.0,0.0,0.0
3701056,IN,IN,MOTO1,CEREA,2.11,0.0,0.0,0.0,0.0,0.0
3701059,IN,IN,MOTO1,SUGAR,0.26,0.0,0.0,0.0,0.0,0.0
3701061,IN,IN,MOTO1,CROPS,1.82,0.0,0.0,0.0,0.0,0.0
3701046,IN,IN,MEDIC,REALE,0.09,0.0,0.0,0.0,0.0,0.0
3701063,IN,IN,MOTO1,COKIN,0.63,0.0,0.0,0.0,0.0,0.0
3701065,IN,IN,MOTO1,LIGNI,0.15,0.0,0.0,0.0,0.0,0.0
3701066,IN,IN,MOTO1,BKBPE,0.04,0.0,0.0,0.0,0.0,0.0
3701067,IN,IN,MOTO1,CRUDE,2.15,0.0,0.0,0.0,0.0,0.0
3701068,IN,IN,MOTO1,NATUR,1.36,0.0,0.0,0.0,0.0,0.0
3701069,IN,IN,MOTO1,NATU1,0.22,0.0,0.0,0.0,0.0,0.0
3701048,IN,IN,MEDIC,RESEA,0.01,0.0,0.0,0.0,0.0,0.0
3701045,IN,IN,MEDIC,INSUR,0.01,0.0,0.0,0.0,0.0,0.0
3701108,IN,IN,MOTO1,FOUND,1.44,0.0,0.0,0.0,0.0,0.0
3701025,IN,IN,MEDIC,ALUM1,1.2,0.0,0.0,0.0,0.0,0.0
3701016,IN,IN,MEDIC,BIOGA,0.42,0.0,0.0,0.0,0.0,0.0
3701017,IN,IN,MEDIC,BIODI,0.02,0.0,0.0,0.0,0.0,0.0
3701020,IN,IN,MEDIC,CERAM,0.18,0.0,0.0,0.0,0.0,0.0
3701021,IN,IN,MEDIC,CEMEN,0.29,0.0,0.0,0.0,0.0,0.0
3701023,IN,IN,MEDIC,BASIC,3.67,0.0,0.0,0.0,0.0,0.0
3701024,IN,IN,MEDIC,PREC1,1.4,0.0,0.0,0.0,0.0,0.0
3701026,IN,IN,MEDIC,LEAD1,0.11,0.0,0.0,0.0,0.0,0.0
3701044,IN,IN,MEDIC,RAILW,1.43,0.0,0.0,0.0,0.0,0.0
3701027,IN,IN,MEDIC,COPP1,1.14,0.0,0.0,0.0,0.0,0.0
3701028,IN,IN,MEDIC,NONF1,0.06,0.0,0.0,0.0,0.0,0.0
3701037,IN,IN,MEDIC,TRANS,0.27,0.0,0.0,0.0,0.0,0.0
3701039,IN,IN,MEDIC,SECO9,0.33,0.0,0.0,0.0,0.0,0.0
3701040,IN,IN,MEDIC,ELEC1,0.07,0.0,0.0,0.0,0.0,0.0
3701043,IN,IN,MEDIC,CONST,0.05,0.0,0.0,0.0,0.0,0.0
3701070,IN,IN,MOTO1,MEATC,0.14,0.0,0.0,0.0,0.0,0.0
3701071,IN,IN,MOTO1,DAIRY,0.02,0.0,0.0,0.0,0.0,0.0
3701072,IN,IN,MOTO1,PROCE,0.07,0.0,0.0,0.0,0.0,0.0
3701100,IN,IN,MOTO1,GLASS,0.04,0.0,0.0,0.0,0.0,0.0
3701092,IN,IN,MOTO1,PLAST,1.29,0.0,0.0,0.0,0.0,0.0
3701093,IN,IN,MOTO1,NFERT,0.88,0.0,0.0,0.0,0.0,0.0
3701096,IN,IN,MOTO1,CHARC,0.27,0.0,0.0,0.0,0.0,0.0
3701097,IN,IN,MOTO1,BIOGA,0.15,0.0,0.0,0.0,0.0,0.0
3701098,IN,IN,MOTO1,BIODI,0.03,0.0,0.0,0.0,0.0,0.0
3701099,IN,IN,MOTO1,RUBBE,4.14,0.0,0.0,0.0,0.0,0.0
3701101,IN,IN,MOTO1,CERAM,0.43,0.0,0.0,0.0,0.0,0.0
3701073,IN,IN,MOTO1,FOOD5,0.11,0.0,0.0,0.0,0.0,0.0
3701102,IN,IN,MOTO1,NONME,0.03,0.0,0.0,0.0,0.0,0.0
3701103,IN,IN,MOTO1,BASIC,1.89,0.0,0.0,0.0,0.0,0.0
3701104,IN,IN,MOTO1,PREC1,0.4,0.0,0.0,0.0,0.0,0.0
3701105,IN,IN,MOTO1,ALUM1,0.5,0.0,0.0,0.0,0.0,0.0
3701106,IN,IN,MOTO1,LEAD1,0.01,0.0,0.0,0.0,0.0,0.0
3701107,IN,IN,MOTO1,COPP1,0.54,0.0,0.0,0.0,0.0,0.0
3701091,IN,IN,MOTO1,PETRO,0.04,0.0,0.0,0.0,0.0,0.0
3701090,IN,IN,MOTO1,PARAF,0.02,0.0,0.0,0.0,0.0,0.0
3701089,IN,IN,MOTO1,LUBRI,0.04,0.0,0.0,0.0,0.0,0.0
3701088,IN,IN,MOTO1,NAPHT,0.02,0.0,0.0,0.0,0.0,0.0
3701087,IN,IN,MOTO1,LIQUE,0.02,0.0,0.0,0.0,0.0,0.0
3701086,IN,IN,MOTO1,REFIN,0.02,0.0,0.0,0.0,0.0,0.0
3701085,IN,IN,MOTO1,HEAVY,0.01,0.0,0.0,0.0,0.0,0.0
3701084,IN,IN,MOTO1,GASDI,0.08,0.0,0.0,0.0,0.0,0.0
3701083,IN,IN,MOTO1,KEROS,0.04,0.0,0.0,0.0,0.0,0.0
3701082,IN,IN,MOTO1,MOTOR,0.05,0.0,0.0,0.0,0.0,0.0
3701080,IN,IN,MOTO1,PAPER,0.67,0.0,0.0,0.0,0.0,0.0
3701079,IN,IN,MOTO1,WOODW,0.92,0.0,0.0,0.0,0.0,0.0
3701078,IN,IN,MOTO1,LEATH,0.23,0.0,0.0,0.0,0.0,0.0
3701077,IN,IN,MOTO1,WEARI,0.74,0.0,0.0,0.0,0.0,0.0
3701076,IN,IN,MOTO1,TEXTI,2.59,0.0,0.0,0.0,0.0,0.0
3701075,IN,IN,MOTO1,FISH5,0.05,0.0,0.0,0.0,0.0,0.0
3701074,IN,IN,MOTO1,BEVER,0.15,0.0,0.0,0.0,0.0,0.0
3701219,IN,IN,TRANS,HOTEL,1.02,0.0,0.0,0.0,0.0,0.0
3701221,IN,IN,TRANS,LANDT,0.19,0.0,0.0,0.0,0.0,0.0
3701222,IN,IN,TRANS,SEACO,1.84,0.0,0.0,0.0,0.0,0.0
3701397,IN,IN,SECO9,PFERT,1.41,0.0,0.0,0.0,0.0,0.0
3701391,IN,IN,SECO9,HEAVY,0.01,0.0,0.0,0.0,0.0,0.0
3701392,IN,IN,SECO9,LIQUE,0.03,0.0,0.0,0.0,0.0,0.0
3701393,IN,IN,SECO9,NAPHT,0.02,0.0,0.0,0.0,0.0,0.0
3701394,IN,IN,SECO9,PETRO,0.01,0.0,0.0,0.0,0.0,0.0
3701395,IN,IN,SECO9,PLAST,0.1,0.0,0.0,0.0,0.0,0.0
3701396,IN,IN,SECO9,NFERT,0.1,0.0,0.0,0.0,0.0,0.0
3701398,IN,IN,SECO9,CHEM1,1.05,0.0,0.0,0.0,0.0,0.0
3701389,IN,IN,SECO9,KEROS,0.03,0.0,0.0,0.0,0.0,0.0
3701399,IN,IN,SECO9,CHARC,0.04,0.0,0.0,0.0,0.0,0.0
3701400,IN,IN,SECO9,BIOGA,0.02,0.0,0.0,0.0,0.0,0.0
3701401,IN,IN,SECO9,RUBBE,0.95,0.0,0.0,0.0,0.0,0.0
3701402,IN,IN,SECO9,GLASS,0.08,0.0,0.0,0.0,0.0,0.0
3701403,IN,IN,SECO9,CERAM,0.06,0.0,0.0,0.0,0.0,0.0
3701404,IN,IN,SECO9,NONME,0.01,0.0,0.0,0.0,0.0,0.0
3701390,IN,IN,SECO9,GASDI,0.12,0.0,0.0,0.0,0.0,0.0
3701388,IN,IN,SECO9,MOTOR,0.06,0.0,0.0,0.0,0.0,0.0
3701223,IN,IN,TRANS,INLAN,0.22,0.0,0.0,0.0,0.0,0.0
3701379,IN,IN,SECO9,BEVER,0.02,0.0,0.0,0.0,0.0,0.0
3701373,IN,IN,SECO9,BITUM,0.12,0.0,0.0,0.0,0.0,0.0
3701374,IN,IN,SECO9,CRUDE,0.39,0.0,0.0,0.0,0.0,0.0
3701375,IN,IN,SECO9,NATUR,0.02,0.0,0.0,0.0,0.0,0.0
3701376,IN,IN,SECO9,MEATC,0.02,0.0,0.0,0.0,0.0,0.0
3701377,IN,IN,SECO9,PROCE,0.01,0.0,0.0,0.0,0.0,0.0
3701378,IN,IN,SECO9,FOOD5,0.02,0.0,0.0,0.0,0.0,0.0
3701380,IN,IN,SECO9,FISH5,0.01,0.0,0.0,0.0,0.0,0.0
3701387,IN,IN,SECO9,PRINT,0.82,0.0,0.0,0.0,0.0,0.0
3701381,IN,IN,SECO9,TEXTI,0.19,0.0,0.0,0.0,0.0,0.0
3701382,IN,IN,SECO9,WEARI,0.05,0.0,0.0,0.0,0.0,0.0
3701383,IN,IN,SECO9,LEATH,0.02,0.0,0.0,0.0,0.0,0.0
3701384,IN,IN,SECO9,WOODW,1.16,0.0,0.0,0.0,0.0,0.0
3701385,IN,IN,SECO9,PULP5,0.02,0.0,0.0,0.0,0.0,0.0
3701386,IN,IN,SECO9,PAPER,2.77,0.0,0.0,0.0,0.0,0.0
3701405,IN,IN,SECO9,BASIC,0.37,0.0,0.0,0.0,0.0,0.0
3701406,IN,IN,SECO9,PREC1,0.24,0.0,0.0,0.0,0.0,0.0
3701407,IN,IN,SECO9,ALUM1,0.21,0.0,0.0,0.0,0.0,0.0
3701436,IN,IN,SECO9,RAILW,0.28,0.0,0.0,0.0,0.0,0.0
3701428,IN,IN,SECO9,TRAN1,0.14,0.0,0.0,0.0,0.0,0.0
3701429,IN,IN,SECO9,DISTR,0.43,0.0,0.0,0.0,0.0,0.0
3701430,IN,IN,SECO9,DIST1,1.29,0.0,0.0,0.0,0.0,0.0
3701433,IN,IN,SECO9,WHOLE,1.49,0.0,0.0,0.0,0.0,0.0
3701434,IN,IN,SECO9,RETA1,0.24,0.0,0.0,0.0,0.0,0.0
3701435,IN,IN,SECO9,HOTEL,0.07,0.0,0.0,0.0,0.0,0.0
3701437,IN,IN,SECO9,LANDT,0.69,0.0,0.0,0.0,0.0,0.0
3701408,IN,IN,SECO9,LEAD1,0.01,0.0,0.0,0.0,0.0,0.0
3701438,IN,IN,SECO9,TRAN2,0.01,0.0,0.0,0.0,0.0,0.0
3701439,IN,IN,SECO9,SEACO,0.06,0.0,0.0,0.0,0.0,0.0
3701440,IN,IN,SECO9,AIRTR,0.03,0.0,0.0,0.0,0.0,0.0
3701442,IN,IN,SECO9,COMPU,0.07,0.0,0.0,0.0,0.0,0.0
3701443,IN,IN,SECO9,RESEA,0.01,0.0,0.0,0.0,0.0,0.0
3701444,IN,IN,SECO9,BUSIN,0.08,0.0,0.0,0.0,0.0,0.0
3701427,IN,IN,SECO9,ELEC8,0.32,0.0,0.0,0.0,0.0,0.0
3701426,IN,IN,SECO9,ELEC5,0.06,0.0,0.0,0.0,0.0,0.0
3701425,IN,IN,SECO9,ELEC4,0.12,0.0,0.0,0.0,0.0,0.0
3701424,IN,IN,SECO9,ELEC3,0.03,0.0,0.0,0.0,0.0,0.0
3701423,IN,IN,SECO9,ELEC2,0.03,0.0,0.0,0.0,0.0,0.0
3701422,IN,IN,SECO9,ELEC1,0.43,0.0,0.0,0.0,0.0,0.0
3701420,IN,IN,SECO9,FURNI,0.47,0.0,0.0,0.0,0.0,0.0
3701419,IN,IN,SECO9,TRANS,0.69,0.0,0.0,0.0,0.0,0.0
3701418,IN,IN,SECO9,MOTO1,0.05,0.0,0.0,0.0,0.0,0.0
3701417,IN,IN,SECO9,MEDIC,0.71,0.0,0.0,0.0,0.0,0.0
3701416,IN,IN,SECO9,RADIO,0.13,0.0,0.0,0.0,0.0,0.0
3701415,IN,IN,SECO9,ELECT,1.33,0.0,0.0,0.0,0.0,0.0
3701414,IN,IN,SECO9,OFFIC,0.15,0.0,0.0,0.0,0.0,0.0
3701412,IN,IN,SECO9,FABRI,1.37,0.0,0.0,0.0,0.0,0.0
3701411,IN,IN,SECO9,FOUND,0.42,0.0,0.0,0.0,0.0,0.0
3701410,IN,IN,SECO9,NONF1,0.02,0.0,0.0,0.0,0.0,0.0
3701409,IN,IN,SECO9,COPP1,0.27,0.0,0.0,0.0,0.0,0.0
3701372,IN,IN,SECO9,FORES,0.01,0.0,0.0,0.0,0.0,0.0
3701371,IN,IN,SECO9,PADDY,0.01,0.0,0.0,0.0,0.0,0.0
3701370,IN,IN,FURNI,93197,1.32,0.0,0.0,0.0,0.0,0.0
3701260,IN,IN,FURNI,PRECI,0.01,0.0,0.0,0.0,0.0,0.0
3701251,IN,IN,FURNI,COKIN,0.75,0.0,0.0,0.0,0.0,0.0
3701253,IN,IN,FURNI,LIGNI,0.18,0.0,0.0,0.0,0.0,0.0
3701254,IN,IN,FURNI,BKBPE,0.04,0.0,0.0,0.0,0.0,0.0
3701257,IN,IN,FURNI,NATU1,1.45,0.0,0.0,0.0,0.0,0.0
3701258,IN,IN,FURNI,IRONO,0.02,0.0,0.0,0.0,0.0,0.0
3701259,IN,IN,FURNI,COPPE,0.01,0.0,0.0,0.0,0.0,0.0
3701261,IN,IN,FURNI,LEADZ,0.01,0.0,0.0,0.0,0.0,0.0
3701282,IN,IN,FURNI,COKEO,0.76,0.0,0.0,0.0,0.0,0.0
3701262,IN,IN,FURNI,NONFE,0.01,0.0,0.0,0.0,0.0,0.0
3701263,IN,IN,FURNI,MEATC,1.63,0.0,0.0,0.0,0.0,0.0
3701264,IN,IN,FURNI,MEATP,0.3,0.0,0.0,0.0,0.0,0.0
3701265,IN,IN,FURNI,MEAT1,0.57,0.0,0.0,0.0,0.0,0.0
3701267,IN,IN,FURNI,VEGE1,0.3,0.0,0.0,0.0,0.0,0.0
3701268,IN,IN,FURNI,DAIRY,0.28,0.0,0.0,0.0,0.0,0.0
3701250,IN,IN,FURNI,FISHF,3.91,0.0,0.0,0.0,0.0,0.0
3701248,IN,IN,FURNI,CROPS,1.57,0.0,0.0,0.0,0.0,0.0
3701247,IN,IN,FURNI,PLANT,2.24,0.0,0.0,0.0,0.0,0.0
3701246,IN,IN,FURNI,SUGAR,0.21,0.0,0.0,0.0,0.0,0.0
3701245,IN,IN,FURNI,OILSE,3.55,0.0,0.0,0.0,0.0,0.0
3701244,IN,IN,FURNI,VEGET,4.05,0.0,0.0,0.0,0.0,0.0
3701243,IN,IN,FURNI,CEREA,1.61,0.0,0.0,0.0,0.0,0.0
3701240,IN,IN,TRANS,93197,0.26,0.0,0.0,0.0,0.0,0.0
3701239,IN,IN,TRANS,RECRE,0.62,0.0,0.0,0.0,0.0,0.0
3701238,IN,IN,TRANS,MEMBE,1.31,0.0,0.0,0.0,0.0,0.0
3701237,IN,IN,TRANS,WASTE,0.19,0.0,0.0,0.0,0.0,0.0
3701236,IN,IN,TRANS,FOOD3,0.19,0.0,0.0,0.0,0.0,0.0
3701235,IN,IN,TRANS,HEALT,1.37,0.0,0.0,0.0,0.0,0.0
3701234,IN,IN,TRANS,EDUCA,3.19,0.0,0.0,0.0,0.0,0.0
3701231,IN,IN,TRANS,RESEA,0.32,0.0,0.0,0.0,0.0,0.0
3701228,IN,IN,TRANS,REALE,3.44,0.0,0.0,0.0,0.0,0.0
3701227,IN,IN,TRANS,AUXIL,0.14,0.0,0.0,0.0,0.0,0.0
3701279,IN,IN,FURNI,PULP5,0.55,0.0,0.0,0.0,0.0,0.0
3701284,IN,IN,FURNI,AVIAT,0.06,0.0,0.0,0.0,0.0,0.0
3701367,IN,IN,FURNI,WASTE,4.36,0.0,0.0,0.0,0.0,0.0
3701330,IN,IN,FURNI,ELEC3,4.43,0.0,0.0,0.0,0.0,0.0
3701315,IN,IN,FURNI,COPP1,1.09,0.0,0.0,0.0,0.0,0.0
3701316,IN,IN,FURNI,NONF1,0.05,0.0,0.0,0.0,0.0,0.0
3701317,IN,IN,FURNI,FOUND,2.99,0.0,0.0,0.0,0.0,0.0
3701320,IN,IN,FURNI,OFFIC,1.95,0.0,0.0,0.0,0.0,0.0
3701325,IN,IN,FURNI,TRANS,1.19,0.0,0.0,0.0,0.0,0.0
3701327,IN,IN,FURNI,SECO9,0.55,0.0,0.0,0.0,0.0,0.0
3701333,IN,IN,FURNI,ELEC6,0.1,0.0,0.0,0.0,0.0,0.0
3701286,IN,IN,FURNI,KERO1,1.43,0.0,0.0,0.0,0.0,0.0
3701334,IN,IN,FURNI,ELEC7,0.02,0.0,0.0,0.0,0.0,0.0
3701338,IN,IN,FURNI,BLAST,0.02,0.0,0.0,0.0,0.0,0.0
3701343,IN,IN,FURNI,RETAI,1.27,0.0,0.0,0.0,0.0,0.0
3701350,IN,IN,FURNI,SEACO,0.73,0.0,0.0,0.0,0.0,0.0
3701351,IN,IN,FURNI,INLAN,0.11,0.0,0.0,0.0,0.0,0.0
3701366,IN,IN,FURNI,FOOD3,4.36,0.0,0.0,0.0,0.0,0.0
3701314,IN,IN,FURNI,LEAD1,0.09,0.0,0.0,0.0,0.0,0.0
3701313,IN,IN,FURNI,ALUM1,0.96,0.0,0.0,0.0,0.0,0.0
3701312,IN,IN,FURNI,PREC1,1.12,0.0,0.0,0.0,0.0,0.0
3701309,IN,IN,FURNI,CEMEN,0.11,0.0,0.0,0.0,0.0,0.0
3701308,IN,IN,FURNI,BRICK,0.5,0.0,0.0,0.0,0.0,0.0
3701304,IN,IN,FURNI,BIODI,0.24,0.0,0.0,0.0,0.0,0.0
3701303,IN,IN,FURNI,BIOGA,1.53,0.0,0.0,0.0,0.0,0.0
3701302,IN,IN,FURNI,CHARC,1.93,0.0,0.0,0.0,0.0,0.0
3701299,IN,IN,FURNI,NFERT,4.45,0.0,0.0,0.0,0.0,0.0
3701297,IN,IN,FURNI,NONSP,1.22,0.0,0.0,0.0,0.0,0.0
3701296,IN,IN,FURNI,PETRO,0.73,0.0,0.0,0.0,0.0,0.0
3701295,IN,IN,FURNI,PARAF,0.17,0.0,0.0,0.0,0.0,0.0
3701294,IN,IN,FURNI,BITU1,0.76,0.0,0.0,0.0,0.0,0.0
3701293,IN,IN,FURNI,LUBRI,0.39,0.0,0.0,0.0,0.0,0.0
3701291,IN,IN,FURNI,REFI1,0.07,0.0,0.0,0.0,0.0,0.0
3701289,IN,IN,FURNI,REFIN,0.33,0.0,0.0,0.0,0.0,0.0
3701288,IN,IN,FURNI,HEAVY,3.28,0.0,0.0,0.0,0.0,0.0
3700079,IN,IN,ALUM1,BIOG1,0.01,0.0,0.0,0.0,0.0,0.0
3700078,IN,IN,ALUM1,BLAST,0.04,0.0,0.0,0.0,0.0,0.0
3700077,IN,IN,ALUM1,COKE1,0.02,0.0,0.0,0.0,0.0,0.0
3698756,IN,IN,BITU1,ELECT,0.02,0.0,0.0,0.0,0.0,0.0
3698750,IN,IN,BITU1,NFERT,0.03,0.0,0.0,0.0,0.0,0.0
3698751,IN,IN,BITU1,PFERT,0.99,0.0,0.0,0.0,0.0,0.0
3698752,IN,IN,BITU1,CHEM1,0.16,0.0,0.0,0.0,0.0,0.0
3698753,IN,IN,BITU1,BIOGA,0.01,0.0,0.0,0.0,0.0,0.0
3698754,IN,IN,BITU1,FABRI,0.01,0.0,0.0,0.0,0.0,0.0
3698755,IN,IN,BITU1,MACHI,0.27,0.0,0.0,0.0,0.0,0.0
3698757,IN,IN,BITU1,MEDIC,0.01,0.0,0.0,0.0,0.0,0.0
3698748,IN,IN,BITU1,PETRO,1.49,0.0,0.0,0.0,0.0,0.0
3698759,IN,IN,BITU1,ELEC2,1.79,0.0,0.0,0.0,0.0,0.0
3698760,IN,IN,BITU1,ELEC3,0.26,0.0,0.0,0.0,0.0,0.0
3698761,IN,IN,BITU1,ELEC4,10.64,0.0,0.0,0.0,0.0,0.0
3698762,IN,IN,BITU1,ELEC5,4.67,0.0,0.0,0.0,0.0,0.0
3698763,IN,IN,BITU1,ELEC6,3.23,0.0,0.0,0.0,0.0,0.0
3698764,IN,IN,BITU1,ELEC7,0.01,0.0,0.0,0.0,0.0,0.0
3698749,IN,IN,BITU1,NONSP,4.4,0.0,0.0,0.0,0.0,0.0
3698747,IN,IN,BITU1,PARAF,0.11,0.0,0.0,0.0,0.0,0.0
3698718,IN,IN,LUBRI,ELEC4,3.5,0.0,0.0,0.0,0.0,0.0
3698733,IN,IN,BITU1,BKBPE,0.21,0.0,0.0,0.0,0.0,0.0
3698720,IN,IN,LUBRI,ELEC6,1.06,0.0,0.0,0.0,0.0,0.0
3698721,IN,IN,LUBRI,ELEC8,0.59,0.0,0.0,0.0,0.0,0.0
3698724,IN,IN,LUBRI,GASWO,5.7,0.0,0.0,0.0,0.0,0.0
3698728,IN,IN,LUBRI,CONST,0.01,0.0,0.0,0.0,0.0,0.0
3698730,IN,IN,BITU1,COKIN,3.7,0.0,0.0,0.0,0.0,0.0
3698732,IN,IN,BITU1,LIGNI,0.88,0.0,0.0,0.0,0.0,0.0
3698734,IN,IN,BITU1,COKEO,9.72,0.0,0.0,0.0,0.0,0.0
3698746,IN,IN,BITU1,BITU1,2.73,0.0,0.0,0.0,0.0,0.0
3698736,IN,IN,BITU1,AVIAT,0.21,0.0,0.0,0.0,0.0,0.0
3698738,IN,IN,BITU1,KERO1,5.07,0.0,0.0,0.0,0.0,0.0
3698740,IN,IN,BITU1,HEAVY,11.6,0.0,0.0,0.0,0.0,0.0
3698741,IN,IN,BITU1,REFIN,0.74,0.0,0.0,0.0,0.0,0.0
3698743,IN,IN,BITU1,REFI1,0.27,0.0,0.0,0.0,0.0,0.0
3698745,IN,IN,BITU1,LUBRI,0.82,0.0,0.0,0.0,0.0,0.0
3698765,IN,IN,BITU1,ELEC8,1.79,0.0,0.0,0.0,0.0,0.0
3698768,IN,IN,BITU1,GASWO,17.88,0.0,0.0,0.0,0.0,0.0
3698771,IN,IN,BITU1,COLLE,14.83,0.0,0.0,0.0,0.0,0.0
3698803,IN,IN,PARAF,ELEC8,0.06,0.0,0.0,0.0,0.0,0.0
3698797,IN,IN,PARAF,ELEC1,1.14,0.0,0.0,0.0,0.0,0.0
3698798,IN,IN,PARAF,ELEC2,0.06,0.0,0.0,0.0,0.0,0.0
3698799,IN,IN,PARAF,ELEC3,0.01,0.0,0.0,0.0,0.0,0.0
3698800,IN,IN,PARAF,ELEC4,0.37,0.0,0.0,0.0,0.0,0.0
3698801,IN,IN,PARAF,ELEC5,0.16,0.0,0.0,0.0,0.0,0.0
3698802,IN,IN,PARAF,ELEC6,0.11,0.0,0.0,0.0,0.0,0.0
3698804,IN,IN,PARAF,COKE1,5.57,0.0,0.0,0.0,0.0,0.0
3698772,IN,IN,BITU1,CONST,0.03,0.0,0.0,0.0,0.0,0.0
3698805,IN,IN,PARAF,BLAST,5.6,0.0,0.0,0.0,0.0,0.0
3698806,IN,IN,PARAF,GASWO,0.6,0.0,0.0,0.0,0.0,0.0
3698807,IN,IN,PARAF,BIOG1,2.49,0.0,0.0,0.0,0.0,0.0
3698808,IN,IN,PARAF,DIST1,4.89,0.0,0.0,0.0,0.0,0.0
3698810,IN,IN,PARAF,CONST,0.01,0.0,0.0,0.0,0.0,0.0
3698812,IN,IN,PETRO,BEVER,0.23,0.0,0.0,0.0,0.0,0.0
3698796,IN,IN,PARAF,CHEM1,0.03,0.0,0.0,0.0,0.0,0.0
3698795,IN,IN,PARAF,PFERT,0.24,0.0,0.0,0.0,0.0,0.0
3698794,IN,IN,PARAF,NFERT,0.01,0.0,0.0,0.0,0.0,0.0
3698793,IN,IN,PARAF,NONSP,1.08,0.0,0.0,0.0,0.0,0.0
3698792,IN,IN,PARAF,PETRO,0.37,0.0,0.0,0.0,0.0,0.0
3698791,IN,IN,PARAF,PARAF,0.03,0.0,0.0,0.0,0.0,0.0
3698790,IN,IN,PARAF,BITU1,0.67,0.0,0.0,0.0,0.0,0.0
3698789,IN,IN,PARAF,LUBRI,0.2,0.0,0.0,0.0,0.0,0.0
3698787,IN,IN,PARAF,REFI1,0.07,0.0,0.0,0.0,0.0,0.0
3698785,IN,IN,PARAF,REFIN,0.18,0.0,0.0,0.0,0.0,0.0
3698784,IN,IN,PARAF,HEAVY,2.85,0.0,0.0,0.0,0.0,0.0
3698782,IN,IN,PARAF,KERO1,1.25,0.0,0.0,0.0,0.0,0.0
3698780,IN,IN,PARAF,AVIAT,0.05,0.0,0.0,0.0,0.0,0.0
3698778,IN,IN,PARAF,COKEO,0.34,0.0,0.0,0.0,0.0,0.0
3698777,IN,IN,PARAF,BKBPE,0.01,0.0,0.0,0.0,0.0,0.0
3698776,IN,IN,PARAF,LIGNI,0.03,0.0,0.0,0.0,0.0,0.0
3698774,IN,IN,PARAF,COKIN,0.13,0.0,0.0,0.0,0.0,0.0
3698719,IN,IN,LUBRI,ELEC5,1.54,0.0,0.0,0.0,0.0,0.0
3698717,IN,IN,LUBRI,ELEC3,0.09,0.0,0.0,0.0,0.0,0.0
3698814,IN,IN,PETRO,LEATH,0.05,0.0,0.0,0.0,0.0,0.0
3698654,IN,IN,NAPHT,FABRI,5.36,0.0,0.0,0.0,0.0,0.0
3698647,IN,IN,NAPHT,NONME,0.48,0.0,0.0,0.0,0.0,0.0
3698648,IN,IN,NAPHT,BASIC,0.14,0.0,0.0,0.0,0.0,0.0
3698649,IN,IN,NAPHT,PREC1,0.32,0.0,0.0,0.0,0.0,0.0
3698650,IN,IN,NAPHT,ALUM1,0.1,0.0,0.0,0.0,0.0,0.0
3698651,IN,IN,NAPHT,LEAD1,0.02,0.0,0.0,0.0,0.0,0.0
3698652,IN,IN,NAPHT,COPP1,0.29,0.0,0.0,0.0,0.0,0.0
3698655,IN,IN,NAPHT,MACHI,15.23,0.0,0.0,0.0,0.0,0.0
3698645,IN,IN,NAPHT,CERAM,0.05,0.0,0.0,0.0,0.0,0.0
3698656,IN,IN,NAPHT,OFFIC,0.12,0.0,0.0,0.0,0.0,0.0
3698657,IN,IN,NAPHT,ELECT,2.36,0.0,0.0,0.0,0.0,0.0
3698658,IN,IN,NAPHT,RADIO,0.8,0.0,0.0,0.0,0.0,0.0
3698659,IN,IN,NAPHT,MEDIC,2.22,0.0,0.0,0.0,0.0,0.0
3698665,IN,IN,NAPHT,ELEC3,6.76,0.0,0.0,0.0,0.0,0.0
3698669,IN,IN,NAPHT,ELEC7,0.23,0.0,0.0,0.0,0.0,0.0
3698646,IN,IN,NAPHT,CEMEN,0.21,0.0,0.0,0.0,0.0,0.0
3698644,IN,IN,NAPHT,GLASS,0.62,0.0,0.0,0.0,0.0,0.0
3698716,IN,IN,LUBRI,ELEC2,0.59,0.0,0.0,0.0,0.0,0.0
3698630,IN,IN,NAPHT,LIQUE,0.9,0.0,0.0,0.0,0.0,0.0
3698624,IN,IN,NAPHT,MOTOR,2.54,0.0,0.0,0.0,0.0,0.0
3698625,IN,IN,NAPHT,KEROS,1.94,0.0,0.0,0.0,0.0,0.0
3698626,IN,IN,NAPHT,KERO1,0.18,0.0,0.0,0.0,0.0,0.0
3698627,IN,IN,NAPHT,GASDI,3.9,0.0,0.0,0.0,0.0,0.0
3698628,IN,IN,NAPHT,HEAVY,0.44,0.0,0.0,0.0,0.0,0.0
3698629,IN,IN,NAPHT,REFIN,0.8,0.0,0.0,0.0,0.0,0.0
3698631,IN,IN,NAPHT,NAPHT,0.92,0.0,0.0,0.0,0.0,0.0
3698642,IN,IN,NAPHT,BIODI,1.37,0.0,0.0,0.0,0.0,0.0
3698632,IN,IN,NAPHT,LUBRI,8.28,0.0,0.0,0.0,0.0,0.0
3698633,IN,IN,NAPHT,BITU1,0.01,0.0,0.0,0.0,0.0,0.0
3698634,IN,IN,NAPHT,PARAF,0.85,0.0,0.0,0.0,0.0,0.0
3698635,IN,IN,NAPHT,PETRO,1.97,0.0,0.0,0.0,0.0,0.0
3698640,IN,IN,NAPHT,CHARC,11.97,0.0,0.0,0.0,0.0,0.0
3698641,IN,IN,NAPHT,BIOGA,6.67,0.0,0.0,0.0,0.0,0.0
3698671,IN,IN,NAPHT,BLAST,0.04,0.0,0.0,0.0,0.0,0.0
3698672,IN,IN,NAPHT,DIST1,0.68,0.0,0.0,0.0,0.0,0.0
3698675,IN,IN,NAPHT,SALEM,0.01,0.0,0.0,0.0,0.0,0.0
3698707,IN,IN,LUBRI,FOUND,0.01,0.0,0.0,0.0,0.0,0.0
3698701,IN,IN,LUBRI,NONSP,1.43,0.0,0.0,0.0,0.0,0.0
3698702,IN,IN,LUBRI,NFERT,0.01,0.0,0.0,0.0,0.0,0.0
3698703,IN,IN,LUBRI,PFERT,0.32,0.0,0.0,0.0,0.0,0.0
3698704,IN,IN,LUBRI,CHEM1,0.05,0.0,0.0,0.0,0.0,0.0
3698705,IN,IN,LUBRI,RUBBE,0.02,0.0,0.0,0.0,0.0,0.0
3698706,IN,IN,LUBRI,BASIC,0.01,0.0,0.0,0.0,0.0,0.0
3698708,IN,IN,LUBRI,FABRI,0.06,0.0,0.0,0.0,0.0,0.0
3698676,IN,IN,NAPHT,WHOLE,0.03,0.0,0.0,0.0,0.0,0.0
3698709,IN,IN,LUBRI,MACHI,1.19,0.0,0.0,0.0,0.0,0.0
3698710,IN,IN,LUBRI,OFFIC,0.01,0.0,0.0,0.0,0.0,0.0
3698711,IN,IN,LUBRI,ELECT,0.07,0.0,0.0,0.0,0.0,0.0
3698712,IN,IN,LUBRI,RADIO,0.01,0.0,0.0,0.0,0.0,0.0
3698713,IN,IN,LUBRI,MEDIC,0.04,0.0,0.0,0.0,0.0,0.0
3698714,IN,IN,LUBRI,FURNI,0.01,0.0,0.0,0.0,0.0,0.0
3698700,IN,IN,LUBRI,PETRO,0.49,0.0,0.0,0.0,0.0,0.0
3698699,IN,IN,LUBRI,PARAF,0.04,0.0,0.0,0.0,0.0,0.0
3698698,IN,IN,LUBRI,BITU1,0.89,0.0,0.0,0.0,0.0,0.0
3698697,IN,IN,LUBRI,LUBRI,0.27,0.0,0.0,0.0,0.0,0.0
3698695,IN,IN,LUBRI,REFI1,0.09,0.0,0.0,0.0,0.0,0.0
3698693,IN,IN,LUBRI,REFIN,0.24,0.0,0.0,0.0,0.0,0.0
3698692,IN,IN,LUBRI,HEAVY,3.78,0.0,0.0,0.0,0.0,0.0
3698690,IN,IN,LUBRI,KERO1,1.65,0.0,0.0,0.0,0.0,0.0
3698688,IN,IN,LUBRI,AVIAT,0.07,0.0,0.0,0.0,0.0,0.0
3698686,IN,IN,LUBRI,COKEO,3.2,0.0,0.0,0.0,0.0,0.0
3698685,IN,IN,LUBRI,BKBPE,0.07,0.0,0.0,0.0,0.0,0.0
3698684,IN,IN,LUBRI,LIGNI,0.29,0.0,0.0,0.0,0.0,0.0
3698682,IN,IN,LUBRI,COKIN,1.22,0.0,0.0,0.0,0.0,0.0
3698681,IN,IN,NAPHT,WASTE,0.01,0.0,0.0,0.0,0.0,0.0
3698680,IN,IN,NAPHT,FOOD3,0.01,0.0,0.0,0.0,0.0,0.0
3698678,IN,IN,NAPHT,REALE,0.15,0.0,0.0,0.0,0.0,0.0
3698677,IN,IN,NAPHT,RETA1,0.03,0.0,0.0,0.0,0.0,0.0
3698813,IN,IN,PETRO,WEARI,0.01,0.0,0.0,0.0,0.0,0.0
3698815,IN,IN,PETRO,WOODW,0.02,0.0,0.0,0.0,0.0,0.0
3700076,IN,IN,ALUM1,DISTR,4.82,0.0,0.0,0.0,0.0,0.0
3698944,IN,IN,PLAST,GASDI,0.75,0.0,0.0,0.0,0.0,0.0
3698934,IN,IN,PLAST,WEARI,2.09,0.0,0.0,0.0,0.0,0.0
3698937,IN,IN,PLAST,PULP5,0.07,0.0,0.0,0.0,0.0,0.0
3698940,IN,IN,PLAST,COKEO,0.81,0.0,0.0,0.0,0.0,0.0
3698941,IN,IN,PLAST,MOTOR,0.37,0.0,0.0,0.0,0.0,0.0
3698942,IN,IN,PLAST,KEROS,0.2,0.0,0.0,0.0,0.0,0.0
3698943,IN,IN,PLAST,KERO1,0.02,0.0,0.0,0.0,0.0,0.0
3698945,IN,IN,PLAST,HEAVY,0.06,0.0,0.0,0.0,0.0,0.0
3698931,IN,IN,PLAST,FISH5,0.13,0.0,0.0,0.0,0.0,0.0
3698946,IN,IN,PLAST,REFIN,0.04,0.0,0.0,0.0,0.0,0.0
3698947,IN,IN,PLAST,LIQUE,0.2,0.0,0.0,0.0,0.0,0.0
3698948,IN,IN,PLAST,NAPHT,0.14,0.0,0.0,0.0,0.0,0.0
3698949,IN,IN,PLAST,LUBRI,0.02,0.0,0.0,0.0,0.0,0.0
3698950,IN,IN,PLAST,BITU1,0.01,0.0,0.0,0.0,0.0,0.0
3698951,IN,IN,PLAST,PARAF,0.04,0.0,0.0,0.0,0.0,0.0
3698932,IN,IN,PLAST,TOBAC,0.05,0.0,0.0,0.0,0.0,0.0
3698930,IN,IN,PLAST,BEVER,4.4,0.0,0.0,0.0,0.0,0.0
3698907,IN,IN,NONSP,COLLE,14.83,0.0,0.0,0.0,0.0,0.0
3698921,IN,IN,PLAST,IRONO,0.01,0.0,0.0,0.0,0.0,0.0
3698910,IN,IN,NONSP,FOOD3,0.11,0.0,0.0,0.0,0.0,0.0
3698911,IN,IN,NONSP,WASTE,0.11,0.0,0.0,0.0,0.0,0.0
3698914,IN,IN,PLAST,COKIN,2.95,0.0,0.0,0.0,0.0,0.0
3698916,IN,IN,PLAST,LIGNI,0.7,0.0,0.0,0.0,0.0,0.0
3698917,IN,IN,PLAST,BKBPE,0.17,0.0,0.0,0.0,0.0,0.0
3698920,IN,IN,PLAST,NATU1,0.83,0.0,0.0,0.0,0.0,0.0
3698922,IN,IN,PLAST,MEATC,0.32,0.0,0.0,0.0,0.0,0.0
3698929,IN,IN,PLAST,FOOD5,0.27,0.0,0.0,0.0,0.0,0.0
3698923,IN,IN,PLAST,MEAT1,0.01,0.0,0.0,0.0,0.0,0.0
3698924,IN,IN,PLAST,MEAT4,0.01,0.0,0.0,0.0,0.0,0.0
3698925,IN,IN,PLAST,VEGE1,0.03,0.0,0.0,0.0,0.0,0.0
3698926,IN,IN,PLAST,DAIRY,0.04,0.0,0.0,0.0,0.0,0.0
3698927,IN,IN,PLAST,PROCE,0.2,0.0,0.0,0.0,0.0,0.0
3698928,IN,IN,PLAST,SUGA1,0.01,0.0,0.0,0.0,0.0,0.0
3698952,IN,IN,PLAST,PETRO,0.1,0.0,0.0,0.0,0.0,0.0
3698953,IN,IN,PLAST,NONSP,0.01,0.0,0.0,0.0,0.0,0.0
3698954,IN,IN,PLAST,PLAST,2.64,0.0,0.0,0.0,0.0,0.0
3698990,IN,IN,PLAST,SALEM,0.01,0.0,0.0,0.0,0.0,0.0
3698981,IN,IN,PLAST,TRANS,0.18,0.0,0.0,0.0,0.0,0.0
3698983,IN,IN,PLAST,SECO9,0.63,0.0,0.0,0.0,0.0,0.0
3698984,IN,IN,PLAST,ELEC2,0.04,0.0,0.0,0.0,0.0,0.0
3698985,IN,IN,PLAST,ELEC6,0.01,0.0,0.0,0.0,0.0,0.0
3698986,IN,IN,PLAST,BLAST,0.03,0.0,0.0,0.0,0.0,0.0
3698989,IN,IN,PLAST,CONST,0.25,0.0,0.0,0.0,0.0,0.0
3698991,IN,IN,PLAST,WHOLE,0.02,0.0,0.0,0.0,0.0,0.0
3698955,IN,IN,PLAST,NFERT,0.36,0.0,0.0,0.0,0.0,0.0
3698992,IN,IN,PLAST,RETA1,0.02,0.0,0.0,0.0,0.0,0.0
3698993,IN,IN,PLAST,POSTT,0.91,0.0,0.0,0.0,0.0,0.0
3698994,IN,IN,PLAST,REALE,0.01,0.0,0.0,0.0,0.0,0.0
3699002,IN,IN,NFERT,CEREA,3.61,0.0,0.0,0.0,0.0,0.0
3699008,IN,IN,NFERT,VEGE1,0.3,0.0,0.0,0.0,0.0,0.0
3699009,IN,IN,NFERT,TEXTI,0.22,0.0,0.0,0.0,0.0,0.0
3698978,IN,IN,PLAST,RADIO,1.75,0.0,0.0,0.0,0.0,0.0
3698976,IN,IN,PLAST,OFFIC,2.89,0.0,0.0,0.0,0.0,0.0
3698973,IN,IN,PLAST,FOUND,1.82,0.0,0.0,0.0,0.0,0.0
3698972,IN,IN,PLAST,NONF1,0.05,0.0,0.0,0.0,0.0,0.0
3698971,IN,IN,PLAST,COPP1,0.55,0.0,0.0,0.0,0.0,0.0
3698970,IN,IN,PLAST,LEAD1,0.06,0.0,0.0,0.0,0.0,0.0
3698969,IN,IN,PLAST,ALUM1,0.32,0.0,0.0,0.0,0.0,0.0
3698968,IN,IN,PLAST,PREC1,0.84,0.0,0.0,0.0,0.0,0.0
3698967,IN,IN,PLAST,BASIC,1.84,0.0,0.0,0.0,0.0,0.0
3698966,IN,IN,PLAST,NONME,0.83,0.0,0.0,0.0,0.0,0.0
3698965,IN,IN,PLAST,CEMEN,0.54,0.0,0.0,0.0,0.0,0.0
3698964,IN,IN,PLAST,BRICK,0.05,0.0,0.0,0.0,0.0,0.0
3698963,IN,IN,PLAST,CERAM,0.46,0.0,0.0,0.0,0.0,0.0
3698962,IN,IN,PLAST,GLASS,0.66,0.0,0.0,0.0,0.0,0.0
3698960,IN,IN,PLAST,BIODI,0.2,0.0,0.0,0.0,0.0,0.0
3698959,IN,IN,PLAST,BIOGA,0.5,0.0,0.0,0.0,0.0,0.0
3698958,IN,IN,PLAST,CHARC,0.62,0.0,0.0,0.0,0.0,0.0
3698908,IN,IN,NONSP,CONST,0.1,0.0,0.0,0.0,0.0,0.0
3698904,IN,IN,NONSP,GASWO,11.2,0.0,0.0,0.0,0.0,0.0
3698816,IN,IN,PETRO,PAPER,0.01,0.0,0.0,0.0,0.0,0.0
3698846,IN,IN,PETRO,ELECT,2.51,0.0,0.0,0.0,0.0,0.0
3698840,IN,IN,PETRO,ALUM1,0.01,0.0,0.0,0.0,0.0,0.0
3698841,IN,IN,PETRO,COPP1,0.04,0.0,0.0,0.0,0.0,0.0
3698842,IN,IN,PETRO,FOUND,0.79,0.0,0.0,0.0,0.0,0.0
3698843,IN,IN,PETRO,FABRI,2.17,0.0,0.0,0.0,0.0,0.0
3698844,IN,IN,PETRO,MACHI,0.38,0.0,0.0,0.0,0.0,0.0
3698845,IN,IN,PETRO,OFFIC,0.04,0.0,0.0,0.0,0.0,0.0
3698847,IN,IN,PETRO,RADIO,0.01,0.0,0.0,0.0,0.0,0.0
3698838,IN,IN,PETRO,BASIC,0.16,0.0,0.0,0.0,0.0,0.0
3698848,IN,IN,PETRO,MEDIC,0.87,0.0,0.0,0.0,0.0,0.0
3698849,IN,IN,PETRO,FURNI,1.57,0.0,0.0,0.0,0.0,0.0
3698850,IN,IN,PETRO,SECO9,4.38,0.0,0.0,0.0,0.0,0.0
3698851,IN,IN,PETRO,ELEC1,0.17,0.0,0.0,0.0,0.0,0.0
3698852,IN,IN,PETRO,ELEC2,0.01,0.0,0.0,0.0,0.0,0.0
3698854,IN,IN,PETRO,CONST,0.17,0.0,0.0,0.0,0.0,0.0
3698839,IN,IN,PETRO,PREC1,0.05,0.0,0.0,0.0,0.0,0.0
3698832,IN,IN,PETRO,RUBBE,0.1,0.0,0.0,0.0,0.0,0.0
3698901,IN,IN,NONSP,ELEC8,1.24,0.0,0.0,0.0,0.0,0.0
3698823,IN,IN,PETRO,LIQUE,0.01,0.0,0.0,0.0,0.0,0.0
3698817,IN,IN,PETRO,PRINT,0.73,0.0,0.0,0.0,0.0,0.0
3698818,IN,IN,PETRO,COKEO,2.26,0.0,0.0,0.0,0.0,0.0
3698819,IN,IN,PETRO,MOTOR,0.04,0.0,0.0,0.0,0.0,0.0
3698820,IN,IN,PETRO,KEROS,0.03,0.0,0.0,0.0,0.0,0.0
3698821,IN,IN,PETRO,GASDI,0.08,0.0,0.0,0.0,0.0,0.0
3698822,IN,IN,PETRO,HEAVY,0.01,0.0,0.0,0.0,0.0,0.0
3698824,IN,IN,PETRO,NAPHT,0.01,0.0,0.0,0.0,0.0,0.0
3698831,IN,IN,PETRO,BIODI,0.01,0.0,0.0,0.0,0.0,0.0
3698825,IN,IN,PETRO,PLAST,0.19,0.0,0.0,0.0,0.0,0.0
3698826,IN,IN,PETRO,NFERT,0.01,0.0,0.0,0.0,0.0,0.0
3698827,IN,IN,PETRO,PFERT,0.31,0.0,0.0,0.0,0.0,0.0
3698828,IN,IN,PETRO,CHEM1,2.91,0.0,0.0,0.0,0.0,0.0
3698829,IN,IN,PETRO,CHARC,0.01,0.0,0.0,0.0,0.0,0.0
3698830,IN,IN,PETRO,BIOGA,0.01,0.0,0.0,0.0,0.0,0.0
3698858,IN,IN,NONSP,COKIN,2.59,0.0,0.0,0.0,0.0,0.0
3698860,IN,IN,NONSP,LIGNI,0.62,0.0,0.0,0.0,0.0,0.0
3698861,IN,IN,NONSP,BKBPE,0.15,0.0,0.0,0.0,0.0,0.0
3698892,IN,IN,NONSP,FURNI,0.01,0.0,0.0,0.0,0.0,0.0
3698886,IN,IN,NONSP,FABRI,0.06,0.0,0.0,0.0,0.0,0.0
3698887,IN,IN,NONSP,MACHI,1.09,0.0,0.0,0.0,0.0,0.0
3698888,IN,IN,NONSP,OFFIC,0.01,0.0,0.0,0.0,0.0,0.0
3698889,IN,IN,NONSP,ELECT,0.07,0.0,0.0,0.0,0.0,0.0
3698890,IN,IN,NONSP,RADIO,0.01,0.0,0.0,0.0,0.0,0.0
3698891,IN,IN,NONSP,MEDIC,0.04,0.0,0.0,0.0,0.0,0.0
3698893,IN,IN,NONSP,SECO9,0.01,0.0,0.0,0.0,0.0,0.0
3698862,IN,IN,NONSP,COKEO,6.79,0.0,0.0,0.0,0.0,0.0
3698895,IN,IN,NONSP,ELEC2,1.25,0.0,0.0,0.0,0.0,0.0
3698896,IN,IN,NONSP,ELEC3,0.18,0.0,0.0,0.0,0.0,0.0
3698897,IN,IN,NONSP,ELEC4,7.41,0.0,0.0,0.0,0.0,0.0
3698898,IN,IN,NONSP,ELEC5,3.25,0.0,0.0,0.0,0.0,0.0
3698899,IN,IN,NONSP,ELEC6,2.25,0.0,0.0,0.0,0.0,0.0
3698900,IN,IN,NONSP,ELEC7,0.01,0.0,0.0,0.0,0.0,0.0
3698885,IN,IN,NONSP,FOUND,0.01,0.0,0.0,0.0,0.0,0.0
3698884,IN,IN,NONSP,BASIC,0.01,0.0,0.0,0.0,0.0,0.0
3698883,IN,IN,NONSP,RUBBE,0.02,0.0,0.0,0.0,0.0,0.0
3698882,IN,IN,NONSP,BIOGA,0.05,0.0,0.0,0.0,0.0,0.0
3698881,IN,IN,NONSP,CHEM1,0.43,0.0,0.0,0.0,0.0,0.0
3698880,IN,IN,NONSP,PFERT,3.48,0.0,0.0,0.0,0.0,0.0
3698879,IN,IN,NONSP,NFERT,0.12,0.0,0.0,0.0,0.0,0.0
3698878,IN,IN,NONSP,PLAST,0.01,0.0,0.0,0.0,0.0,0.0
3698877,IN,IN,NONSP,NONSP,15.47,0.0,0.0,0.0,0.0,0.0
3698876,IN,IN,NONSP,PETRO,5.24,0.0,0.0,0.0,0.0,0.0
3698875,IN,IN,NONSP,PARAF,0.4,0.0,0.0,0.0,0.0,0.0
3698874,IN,IN,NONSP,BITU1,9.61,0.0,0.0,0.0,0.0,0.0
3698873,IN,IN,NONSP,LUBRI,2.9,0.0,0.0,0.0,0.0,0.0
3698871,IN,IN,NONSP,REFI1,0.95,0.0,0.0,0.0,0.0,0.0
3698869,IN,IN,NONSP,REFIN,2.6,0.0,0.0,0.0,0.0,0.0
3698866,IN,IN,NONSP,KERO1,17.84,0.0,0.0,0.0,0.0,0.0
3698864,IN,IN,NONSP,AVIAT,0.72,0.0,0.0,0.0,0.0,0.0
3698623,IN,IN,NAPHT,COKEO,0.07,0.0,0.0,0.0,0.0,0.0
3698620,IN,IN,NAPHT,PULP5,2.2,0.0,0.0,0.0,0.0,0.0
3698618,IN,IN,NAPHT,LEATH,0.19,0.0,0.0,0.0,0.0,0.0
3698324,IN,IN,KERO1,REALE,2.85,0.0,0.0,0.0,0.0,0.0
3698317,IN,IN,KERO1,RAILW,0.37,0.0,0.0,0.0,0.0,0.0
3698318,IN,IN,KERO1,AIRTR,1.59,0.0,0.0,0.0,0.0,0.0
3698320,IN,IN,KERO1,POSTT,6.26,0.0,0.0,0.0,0.0,0.0
3698321,IN,IN,KERO1,FINAN,6.15,0.0,0.0,0.0,0.0,0.0
3698322,IN,IN,KERO1,INSUR,0.41,0.0,0.0,0.0,0.0,0.0
3698323,IN,IN,KERO1,AUXIL,0.51,0.0,0.0,0.0,0.0,0.0
3698326,IN,IN,KERO1,COMPU,3.2,0.0,0.0,0.0,0.0,0.0
3698315,IN,IN,KERO1,RETA1,5.23,0.0,0.0,0.0,0.0,0.0
3698327,IN,IN,KERO1,RESEA,0.31,0.0,0.0,0.0,0.0,0.0
3698328,IN,IN,KERO1,BUSIN,7.54,0.0,0.0,0.0,0.0,0.0
3698329,IN,IN,KERO1,PUBLI,12.44,0.0,0.0,0.0,0.0,0.0
3698330,IN,IN,KERO1,EDUCA,7.62,0.0,0.0,0.0,0.0,0.0
3698331,IN,IN,KERO1,HEALT,2.25,0.0,0.0,0.0,0.0,0.0
3698332,IN,IN,KERO1,FOOD3,0.02,0.0,0.0,0.0,0.0,0.0
3698316,IN,IN,KERO1,HOTEL,4.32,0.0,0.0,0.0,0.0,0.0
3698314,IN,IN,KERO1,WHOLE,15.29,0.0,0.0,0.0,0.0,0.0
3698295,IN,IN,KERO1,PRINT,0.03,0.0,0.0,0.0,0.0,0.0
3698303,IN,IN,KERO1,MEDIC,0.03,0.0,0.0,0.0,0.0,0.0
3698297,IN,IN,KERO1,CHEM1,0.06,0.0,0.0,0.0,0.0,0.0
3698298,IN,IN,KERO1,RUBBE,0.97,0.0,0.0,0.0,0.0,0.0
3698299,IN,IN,KERO1,BASIC,0.01,0.0,0.0,0.0,0.0,0.0
3698300,IN,IN,KERO1,FABRI,0.05,0.0,0.0,0.0,0.0,0.0
3698301,IN,IN,KERO1,MACHI,0.68,0.0,0.0,0.0,0.0,0.0
3698302,IN,IN,KERO1,ELECT,0.04,0.0,0.0,0.0,0.0,0.0
3698304,IN,IN,KERO1,MOTO1,0.15,0.0,0.0,0.0,0.0,0.0
3698313,IN,IN,KERO1,RETAI,0.02,0.0,0.0,0.0,0.0,0.0
3698305,IN,IN,KERO1,TRANS,0.08,0.0,0.0,0.0,0.0,0.0
3698306,IN,IN,KERO1,FURNI,0.19,0.0,0.0,0.0,0.0,0.0
3698309,IN,IN,KERO1,DIST1,0.04,0.0,0.0,0.0,0.0,0.0
3698310,IN,IN,KERO1,COLLE,14.83,0.0,0.0,0.0,0.0,0.0
3698311,IN,IN,KERO1,CONST,0.69,0.0,0.0,0.0,0.0,0.0
3698312,IN,IN,KERO1,SALEM,1.07,0.0,0.0,0.0,0.0,0.0
3698333,IN,IN,KERO1,WASTE,0.02,0.0,0.0,0.0,0.0,0.0
3698334,IN,IN,KERO1,MEMBE,7.3,0.0,0.0,0.0,0.0,0.0
3698335,IN,IN,KERO1,RECRE,2.07,0.0,0.0,0.0,0.0,0.0
3698384,IN,IN,GASDI,KEROS,9.94,0.0,0.0,0.0,0.0,0.0
3698367,IN,IN,GASDI,DAIRY,0.33,0.0,0.0,0.0,0.0,0.0
3698369,IN,IN,GASDI,SUGA1,0.49,0.0,0.0,0.0,0.0,0.0
3698373,IN,IN,GASDI,TOBAC,10.36,0.0,0.0,0.0,0.0,0.0
3698378,IN,IN,GASDI,PULP5,0.23,0.0,0.0,0.0,0.0,0.0
3698381,IN,IN,GASDI,COKEO,8.96,0.0,0.0,0.0,0.0,0.0
3698383,IN,IN,GASDI,AVIAT,0.06,0.0,0.0,0.0,0.0,0.0
3698385,IN,IN,GASDI,KERO1,1.48,0.0,0.0,0.0,0.0,0.0
3698336,IN,IN,KERO1,93197,1.98,0.0,0.0,0.0,0.0,0.0
3698387,IN,IN,GASDI,HEAVY,3.38,0.0,0.0,0.0,0.0,0.0
3698388,IN,IN,GASDI,REFIN,0.26,0.0,0.0,0.0,0.0,0.0
3698389,IN,IN,GASDI,LIQUE,14.85,0.0,0.0,0.0,0.0,0.0
3698390,IN,IN,GASDI,REFI1,0.08,0.0,0.0,0.0,0.0,0.0
3698391,IN,IN,GASDI,NAPHT,9.23,0.0,0.0,0.0,0.0,0.0
3698392,IN,IN,GASDI,LUBRI,0.46,0.0,0.0,0.0,0.0,0.0
3698366,IN,IN,GASDI,VEGE1,2.07,0.0,0.0,0.0,0.0,0.0
3698365,IN,IN,GASDI,MEAT4,7.58,0.0,0.0,0.0,0.0,0.0
3698364,IN,IN,GASDI,MEAT1,0.25,0.0,0.0,0.0,0.0,0.0
3698363,IN,IN,GASDI,MEATP,0.05,0.0,0.0,0.0,0.0,0.0
3698362,IN,IN,GASDI,MEATC,0.69,0.0,0.0,0.0,0.0,0.0
3698361,IN,IN,GASDI,CHEMI,0.53,0.0,0.0,0.0,0.0,0.0
3698360,IN,IN,GASDI,SANDC,1.36,0.0,0.0,0.0,0.0,0.0
3698359,IN,IN,GASDI,STONE,0.71,0.0,0.0,0.0,0.0,0.0
3698358,IN,IN,GASDI,NONFE,0.04,0.0,0.0,0.0,0.0,0.0
3698357,IN,IN,GASDI,LEADZ,0.05,0.0,0.0,0.0,0.0,0.0
3698356,IN,IN,GASDI,PRECI,0.05,0.0,0.0,0.0,0.0,0.0
3698355,IN,IN,GASDI,COPPE,0.04,0.0,0.0,0.0,0.0,0.0
3698354,IN,IN,GASDI,IRONO,0.39,0.0,0.0,0.0,0.0,0.0
3698353,IN,IN,GASDI,NATU1,12.58,0.0,0.0,0.0,0.0,0.0
3698350,IN,IN,GASDI,BKBPE,0.1,0.0,0.0,0.0,0.0,0.0
3698349,IN,IN,GASDI,LIGNI,0.41,0.0,0.0,0.0,0.0,0.0
3698347,IN,IN,GASDI,COKIN,1.73,0.0,0.0,0.0,0.0,0.0
3698296,IN,IN,KERO1,PFERT,0.01,0.0,0.0,0.0,0.0,0.0
3698294,IN,IN,KERO1,PAPER,0.06,0.0,0.0,0.0,0.0,0.0
3698617,IN,IN,NAPHT,WEARI,5.92,0.0,0.0,0.0,0.0,0.0
3698220,IN,IN,MOTOR,NONF1,0.34,0.0,0.0,0.0,0.0,0.0
3698212,IN,IN,MOTOR,BRICK,0.19,0.0,0.0,0.0,0.0,0.0
3698213,IN,IN,MOTOR,CEMEN,3.7,0.0,0.0,0.0,0.0,0.0
3698216,IN,IN,MOTOR,PREC1,5.19,0.0,0.0,0.0,0.0,0.0
3698217,IN,IN,MOTOR,ALUM1,4.33,0.0,0.0,0.0,0.0,0.0
3698218,IN,IN,MOTOR,LEAD1,0.44,0.0,0.0,0.0,0.0,0.0
3698219,IN,IN,MOTOR,COPP1,4.62,0.0,0.0,0.0,0.0,0.0
3698221,IN,IN,MOTOR,FOUND,16.04,0.0,0.0,0.0,0.0,0.0
3698210,IN,IN,MOTOR,GLASS,13.82,0.0,0.0,0.0,0.0,0.0
3698224,IN,IN,MOTOR,OFFIC,9.77,0.0,0.0,0.0,0.0,0.0
3698225,IN,IN,MOTOR,ELECT,11.93,0.0,0.0,0.0,0.0,0.0
3698226,IN,IN,MOTOR,RADIO,2.29,0.0,0.0,0.0,0.0,0.0
3698227,IN,IN,MOTOR,MEDIC,2.9,0.0,0.0,0.0,0.0,0.0
3698229,IN,IN,MOTOR,TRANS,16.82,0.0,0.0,0.0,0.0,0.0
3698231,IN,IN,MOTOR,SECO9,0.03,0.0,0.0,0.0,0.0,0.0
3698211,IN,IN,MOTOR,CERAM,1.54,0.0,0.0,0.0,0.0,0.0
3698209,IN,IN,MOTOR,RUBBE,7.98,0.0,0.0,0.0,0.0,0.0
3698293,IN,IN,KERO1,WOODW,0.03,0.0,0.0,0.0,0.0,0.0
3698194,IN,IN,MOTOR,REFIN,8.57,0.0,0.0,0.0,0.0,0.0
3698182,IN,IN,MOTOR,LEATH,5.49,0.0,0.0,0.0,0.0,0.0
3698183,IN,IN,MOTOR,WOODW,15.59,0.0,0.0,0.0,0.0,0.0
3698184,IN,IN,MOTOR,PULP5,0.04,0.0,0.0,0.0,0.0,0.0
3698186,IN,IN,MOTOR,PRINT,11.83,0.0,0.0,0.0,0.0,0.0
3698187,IN,IN,MOTOR,COKEO,1.13,0.0,0.0,0.0,0.0,0.0
3698189,IN,IN,MOTOR,AVIAT,2.37,0.0,0.0,0.0,0.0,0.0
3698196,IN,IN,MOTOR,REFI1,3.13,0.0,0.0,0.0,0.0,0.0
3698208,IN,IN,MOTOR,BIOGA,1.15,0.0,0.0,0.0,0.0,0.0
3698198,IN,IN,MOTOR,LUBRI,9.56,0.0,0.0,0.0,0.0,0.0
3698200,IN,IN,MOTOR,PARAF,1.32,0.0,0.0,0.0,0.0,0.0
3698201,IN,IN,MOTOR,PETRO,17.24,0.0,0.0,0.0,0.0,0.0
3698203,IN,IN,MOTOR,PLAST,0.15,0.0,0.0,0.0,0.0,0.0
3698204,IN,IN,MOTOR,NFERT,3.11,0.0,0.0,0.0,0.0,0.0
3698207,IN,IN,MOTOR,CHARC,0.02,0.0,0.0,0.0,0.0,0.0
3698233,IN,IN,MOTOR,ELEC2,0.95,0.0,0.0,0.0,0.0,0.0
3698234,IN,IN,MOTOR,ELEC3,3.55,0.0,0.0,0.0,0.0,0.0
3698236,IN,IN,MOTOR,ELEC5,4.45,0.0,0.0,0.0,0.0,0.0
3698281,IN,IN,AVIAT,NFERT,0.03,0.0,0.0,0.0,0.0,0.0
3698275,IN,IN,AVIAT,MOTOR,0.01,0.0,0.0,0.0,0.0,0.0
3698276,IN,IN,AVIAT,KEROS,0.01,0.0,0.0,0.0,0.0,0.0
3698277,IN,IN,AVIAT,GASDI,0.03,0.0,0.0,0.0,0.0,0.0
3698278,IN,IN,AVIAT,LIQUE,0.01,0.0,0.0,0.0,0.0,0.0
3698279,IN,IN,AVIAT,NAPHT,0.01,0.0,0.0,0.0,0.0,0.0
3698280,IN,IN,AVIAT,PLAST,0.02,0.0,0.0,0.0,0.0,0.0
3698282,IN,IN,AVIAT,PFERT,0.02,0.0,0.0,0.0,0.0,0.0
3698237,IN,IN,MOTOR,ELEC6,0.02,0.0,0.0,0.0,0.0,0.0
3698283,IN,IN,AVIAT,CHEM1,0.01,0.0,0.0,0.0,0.0,0.0
3698284,IN,IN,AVIAT,MACHI,0.03,0.0,0.0,0.0,0.0,0.0
3698285,IN,IN,AVIAT,COLLE,14.83,0.0,0.0,0.0,0.0,0.0
3698287,IN,IN,AVIAT,PUBLI,14.13,0.0,0.0,0.0,0.0,0.0
3698288,IN,IN,KEROS,COLLE,14.83,0.0,0.0,0.0,0.0,0.0
3698292,IN,IN,KERO1,TEXTI,0.03,0.0,0.0,0.0,0.0,0.0
3698271,IN,IN,MOTOR,WASTE,0.24,0.0,0.0,0.0,0.0,0.0
3698270,IN,IN,MOTOR,FOOD3,0.24,0.0,0.0,0.0,0.0,0.0
3698265,IN,IN,MOTOR,RESEA,6.91,0.0,0.0,0.0,0.0,0.0
3698261,IN,IN,MOTOR,AUXIL,10.75,0.0,0.0,0.0,0.0,0.0
3698260,IN,IN,MOTOR,INSUR,6.67,0.0,0.0,0.0,0.0,0.0
3698256,IN,IN,MOTOR,AIRTR,0.25,0.0,0.0,0.0,0.0,0.0
3698255,IN,IN,MOTOR,TRAN2,7.45,0.0,0.0,0.0,0.0,0.0
3698253,IN,IN,MOTOR,RAILW,8.27,0.0,0.0,0.0,0.0,0.0
3698252,IN,IN,MOTOR,HOTEL,8.43,0.0,0.0,0.0,0.0,0.0
3698249,IN,IN,MOTOR,RETAI,0.87,0.0,0.0,0.0,0.0,0.0
3698246,IN,IN,MOTOR,COLLE,14.83,0.0,0.0,0.0,0.0,0.0
3698245,IN,IN,MOTOR,DIST1,5.49,0.0,0.0,0.0,0.0,0.0
3698244,IN,IN,MOTOR,BIOG1,0.63,0.0,0.0,0.0,0.0,0.0
3698243,IN,IN,MOTOR,GASWO,0.15,0.0,0.0,0.0,0.0,0.0
3698242,IN,IN,MOTOR,BLAST,1.46,0.0,0.0,0.0,0.0,0.0
3698241,IN,IN,MOTOR,COKE1,1.4,0.0,0.0,0.0,0.0,0.0
3698238,IN,IN,MOTOR,ELEC7,0.01,0.0,0.0,0.0,0.0,0.0
3698393,IN,IN,GASDI,BITU1,0.79,0.0,0.0,0.0,0.0,0.0
3698394,IN,IN,GASDI,PARAF,0.08,0.0,0.0,0.0,0.0,0.0
3698395,IN,IN,GASDI,PETRO,0.53,0.0,0.0,0.0,0.0,0.0
3698554,IN,IN,LIQUE,MACHI,7.06,0.0,0.0,0.0,0.0,0.0
3698545,IN,IN,LIQUE,NONME,4.33,0.0,0.0,0.0,0.0,0.0
3698547,IN,IN,LIQUE,PREC1,0.72,0.0,0.0,0.0,0.0,0.0
3698548,IN,IN,LIQUE,ALUM1,0.56,0.0,0.0,0.0,0.0,0.0
3698549,IN,IN,LIQUE,LEAD1,0.17,0.0,0.0,0.0,0.0,0.0
3698550,IN,IN,LIQUE,COPP1,1.73,0.0,0.0,0.0,0.0,0.0
3698551,IN,IN,LIQUE,NONF1,0.05,0.0,0.0,0.0,0.0,0.0
3698555,IN,IN,LIQUE,OFFIC,3.92,0.0,0.0,0.0,0.0,0.0
3698543,IN,IN,LIQUE,BRICK,0.21,0.0,0.0,0.0,0.0,0.0
3698556,IN,IN,LIQUE,ELECT,6.56,0.0,0.0,0.0,0.0,0.0
3698557,IN,IN,LIQUE,RADIO,0.94,0.0,0.0,0.0,0.0,0.0
3698558,IN,IN,LIQUE,MEDIC,0.58,0.0,0.0,0.0,0.0,0.0
3698559,IN,IN,LIQUE,MOTO1,8.6,0.0,0.0,0.0,0.0,0.0
3698560,IN,IN,LIQUE,TRANS,2.68,0.0,0.0,0.0,0.0,0.0
3698561,IN,IN,LIQUE,FURNI,3.57,0.0,0.0,0.0,0.0,0.0
3698544,IN,IN,LIQUE,CEMEN,11.93,0.0,0.0,0.0,0.0,0.0
3698541,IN,IN,LIQUE,GLASS,14.99,0.0,0.0,0.0,0.0,0.0
3698396,IN,IN,GASDI,NONSP,1.27,0.0,0.0,0.0,0.0,0.0
3698529,IN,IN,LIQUE,LUBRI,0.15,0.0,0.0,0.0,0.0,0.0
3698523,IN,IN,LIQUE,GASDI,11.39,0.0,0.0,0.0,0.0,0.0
3698524,IN,IN,LIQUE,HEAVY,0.72,0.0,0.0,0.0,0.0,0.0
3698525,IN,IN,LIQUE,REFIN,0.05,0.0,0.0,0.0,0.0,0.0
3698526,IN,IN,LIQUE,LIQUE,3.17,0.0,0.0,0.0,0.0,0.0
3698527,IN,IN,LIQUE,REFI1,0.02,0.0,0.0,0.0,0.0,0.0
3698528,IN,IN,LIQUE,NAPHT,1.96,0.0,0.0,0.0,0.0,0.0
3698530,IN,IN,LIQUE,BITU1,0.17,0.0,0.0,0.0,0.0,0.0
3698539,IN,IN,LIQUE,BIODI,0.01,0.0,0.0,0.0,0.0,0.0
3698531,IN,IN,LIQUE,PARAF,0.01,0.0,0.0,0.0,0.0,0.0
3698532,IN,IN,LIQUE,PETRO,0.09,0.0,0.0,0.0,0.0,0.0
3698533,IN,IN,LIQUE,NONSP,0.27,0.0,0.0,0.0,0.0,0.0
3698534,IN,IN,LIQUE,PLAST,0.08,0.0,0.0,0.0,0.0,0.0
3698535,IN,IN,LIQUE,NFERT,3.16,0.0,0.0,0.0,0.0,0.0
3698538,IN,IN,LIQUE,BIOGA,0.07,0.0,0.0,0.0,0.0,0.0
3698562,IN,IN,LIQUE,SECO9,0.01,0.0,0.0,0.0,0.0,0.0
3698564,IN,IN,LIQUE,ELEC2,2.61,0.0,0.0,0.0,0.0,0.0
3698565,IN,IN,LIQUE,ELEC4,16.07,0.0,0.0,0.0,0.0,0.0
3698609,IN,IN,NAPHT,DAIRY,0.75,0.0,0.0,0.0,0.0,0.0
3698602,IN,IN,REFI1,COLLE,14.83,0.0,0.0,0.0,0.0,0.0
3698604,IN,IN,NAPHT,MEATC,6.42,0.0,0.0,0.0,0.0,0.0
3698605,IN,IN,NAPHT,MEATP,0.01,0.0,0.0,0.0,0.0,0.0
3698606,IN,IN,NAPHT,MEAT1,0.06,0.0,0.0,0.0,0.0,0.0
3698607,IN,IN,NAPHT,MEAT4,0.18,0.0,0.0,0.0,0.0,0.0
3698608,IN,IN,NAPHT,VEGE1,0.45,0.0,0.0,0.0,0.0,0.0
3698610,IN,IN,NAPHT,PROCE,3.09,0.0,0.0,0.0,0.0,0.0
3698566,IN,IN,LIQUE,ELEC5,7.54,0.0,0.0,0.0,0.0,0.0
3698611,IN,IN,NAPHT,SUGA1,0.14,0.0,0.0,0.0,0.0,0.0
3698612,IN,IN,NAPHT,FOOD5,5.01,0.0,0.0,0.0,0.0,0.0
3698613,IN,IN,NAPHT,BEVER,6.57,0.0,0.0,0.0,0.0,0.0
3698614,IN,IN,NAPHT,FISH5,2.15,0.0,0.0,0.0,0.0,0.0
3698615,IN,IN,NAPHT,TOBAC,0.13,0.0,0.0,0.0,0.0,0.0
3698616,IN,IN,NAPHT,TEXTI,11.97,0.0,0.0,0.0,0.0,0.0
3698599,IN,IN,LIQUE,WASTE,0.08,0.0,0.0,0.0,0.0,0.0
3698598,IN,IN,LIQUE,FOOD3,0.08,0.0,0.0,0.0,0.0,0.0
3698593,IN,IN,LIQUE,RESEA,4.12,0.0,0.0,0.0,0.0,0.0
3698586,IN,IN,LIQUE,SUPPO,10.2,0.0,0.0,0.0,0.0,0.0
3698585,IN,IN,LIQUE,AIRTR,0.01,0.0,0.0,0.0,0.0,0.0
3698584,IN,IN,LIQUE,SEACO,0.04,0.0,0.0,0.0,0.0,0.0
3698583,IN,IN,LIQUE,LANDT,5.65,0.0,0.0,0.0,0.0,0.0
3698582,IN,IN,LIQUE,RAILW,0.23,0.0,0.0,0.0,0.0,0.0
3698580,IN,IN,LIQUE,WHOLE,1.1,0.0,0.0,0.0,0.0,0.0
3698579,IN,IN,LIQUE,SALEM,10.9,0.0,0.0,0.0,0.0,0.0
3698578,IN,IN,LIQUE,CONST,0.27,0.0,0.0,0.0,0.0,0.0
3698577,IN,IN,LIQUE,COLLE,14.83,0.0,0.0,0.0,0.0,0.0
3698575,IN,IN,LIQUE,BIOG1,11.27,0.0,0.0,0.0,0.0,0.0
3698574,IN,IN,LIQUE,GASWO,2.73,0.0,0.0,0.0,0.0,0.0
3698569,IN,IN,LIQUE,ELEC8,4.37,0.0,0.0,0.0,0.0,0.0
3698568,IN,IN,LIQUE,ELEC7,0.01,0.0,0.0,0.0,0.0,0.0
3698567,IN,IN,LIQUE,ELEC6,1.93,0.0,0.0,0.0,0.0,0.0
3698522,IN,IN,LIQUE,KERO1,0.31,0.0,0.0,0.0,0.0,0.0
3698521,IN,IN,LIQUE,KEROS,2.1,0.0,0.0,0.0,0.0,0.0
3698520,IN,IN,LIQUE,AVIAT,0.01,0.0,0.0,0.0,0.0,0.0
3698473,IN,IN,REFIN,PARAF,0.12,0.0,0.0,0.0,0.0,0.0
3698462,IN,IN,REFIN,AVIAT,0.22,0.0,0.0,0.0,0.0,0.0
3698464,IN,IN,REFIN,KERO1,5.53,0.0,0.0,0.0,0.0,0.0
3698467,IN,IN,REFIN,REFIN,0.81,0.0,0.0,0.0,0.0,0.0
3698469,IN,IN,REFIN,REFI1,0.29,0.0,0.0,0.0,0.0,0.0
3698471,IN,IN,REFIN,LUBRI,0.9,0.0,0.0,0.0,0.0,0.0
3698472,IN,IN,REFIN,BITU1,2.98,0.0,0.0,0.0,0.0,0.0
3698474,IN,IN,REFIN,PETRO,1.62,0.0,0.0,0.0,0.0,0.0
3698484,IN,IN,LIQUE,WHEAT,0.17,0.0,0.0,0.0,0.0,0.0
3698475,IN,IN,REFIN,NONSP,4.79,0.0,0.0,0.0,0.0,0.0
3698476,IN,IN,REFIN,NFERT,0.04,0.0,0.0,0.0,0.0,0.0
3698477,IN,IN,REFIN,PFERT,1.08,0.0,0.0,0.0,0.0,0.0
3698478,IN,IN,REFIN,CHEM1,0.13,0.0,0.0,0.0,0.0,0.0
3698479,IN,IN,REFIN,BIOGA,0.01,0.0,0.0,0.0,0.0,0.0
3698481,IN,IN,REFIN,CONST,0.03,0.0,0.0,0.0,0.0,0.0
3698459,IN,IN,HEAVY,COLLE,14.83,0.0,0.0,0.0,0.0,0.0
3694734,IN,IN,PADDY,ELEC2,0.07,0.0,0.0,0.0,0.0,0.0
3698434,IN,IN,GASDI,RETAI,2.35,0.0,0.0,0.0,0.0,0.0
3698431,IN,IN,GASDI,COLLE,14.83,0.0,0.0,0.0,0.0,0.0
3698429,IN,IN,GASDI,BLAST,0.05,0.0,0.0,0.0,0.0,0.0
3698428,IN,IN,GASDI,ELEC6,0.01,0.0,0.0,0.0,0.0,0.0
3698427,IN,IN,GASDI,ELEC2,0.09,0.0,0.0,0.0,0.0,0.0
3698426,IN,IN,GASDI,ELEC1,0.49,0.0,0.0,0.0,0.0,0.0
3698422,IN,IN,GASDI,MEDIC,16.23,0.0,0.0,0.0,0.0,0.0
3698421,IN,IN,GASDI,RADIO,10.43,0.0,0.0,0.0,0.0,0.0
3698415,IN,IN,GASDI,NONF1,2.84,0.0,0.0,0.0,0.0,0.0
3698413,IN,IN,GASDI,LEAD1,3.33,0.0,0.0,0.0,0.0,0.0
3698407,IN,IN,GASDI,BRICK,5.23,0.0,0.0,0.0,0.0,0.0
3698403,IN,IN,GASDI,BIODI,0.16,0.0,0.0,0.0,0.0,0.0
3698402,IN,IN,GASDI,BIOGA,1.82,0.0,0.0,0.0,0.0,0.0
3698401,IN,IN,GASDI,CHARC,0.64,0.0,0.0,0.0,0.0,0.0
3698397,IN,IN,GASDI,PLAST,1.07,0.0,0.0,0.0,0.0,0.0
3698483,IN,IN,LIQUE,PADDY,1.45,0.0,0.0,0.0,0.0,0.0
3698485,IN,IN,LIQUE,CEREA,0.05,0.0,0.0,0.0,0.0,0.0
3698519,IN,IN,LIQUE,MOTOR,5.01,0.0,0.0,0.0,0.0,0.0
3698510,IN,IN,LIQUE,TOBAC,0.02,0.0,0.0,0.0,0.0,0.0
3698504,IN,IN,LIQUE,DAIRY,0.01,0.0,0.0,0.0,0.0,0.0
3698505,IN,IN,LIQUE,PROCE,0.03,0.0,0.0,0.0,0.0,0.0
3698506,IN,IN,LIQUE,SUGA1,0.03,0.0,0.0,0.0,0.0,0.0
3698507,IN,IN,LIQUE,FOOD5,3.85,0.0,0.0,0.0,0.0,0.0
3698508,IN,IN,LIQUE,BEVER,1.47,0.0,0.0,0.0,0.0,0.0
3698509,IN,IN,LIQUE,FISH5,2.54,0.0,0.0,0.0,0.0,0.0
3698512,IN,IN,LIQUE,WEARI,7.31,0.0,0.0,0.0,0.0,0.0
3698486,IN,IN,LIQUE,VEGET,0.18,0.0,0.0,0.0,0.0,0.0
3698513,IN,IN,LIQUE,LEATH,1.93,0.0,0.0,0.0,0.0,0.0
3698514,IN,IN,LIQUE,WOODW,0.83,0.0,0.0,0.0,0.0,0.0
3698515,IN,IN,LIQUE,PULP5,0.01,0.0,0.0,0.0,0.0,0.0
3698516,IN,IN,LIQUE,PAPER,2.1,0.0,0.0,0.0,0.0,0.0
3698517,IN,IN,LIQUE,PRINT,3.69,0.0,0.0,0.0,0.0,0.0
3698518,IN,IN,LIQUE,COKEO,0.37,0.0,0.0,0.0,0.0,0.0
3698503,IN,IN,LIQUE,VEGE1,0.07,0.0,0.0,0.0,0.0,0.0
3698502,IN,IN,LIQUE,MEAT4,0.23,0.0,0.0,0.0,0.0,0.0
3698501,IN,IN,LIQUE,MEAT1,0.01,0.0,0.0,0.0,0.0,0.0
3698500,IN,IN,LIQUE,MEATC,0.01,0.0,0.0,0.0,0.0,0.0
3698499,IN,IN,LIQUE,NATU1,0.05,0.0,0.0,0.0,0.0,0.0
3698498,IN,IN,LIQUE,NATUR,0.31,0.0,0.0,0.0,0.0,0.0
3698497,IN,IN,LIQUE,CRUDE,3.43,0.0,0.0,0.0,0.0,0.0
3698496,IN,IN,LIQUE,BKBPE,0.01,0.0,0.0,0.0,0.0,0.0
3698495,IN,IN,LIQUE,LIGNI,0.03,0.0,0.0,0.0,0.0,0.0
3698494,IN,IN,LIQUE,BITUM,5.85,0.0,0.0,0.0,0.0,0.0
3698493,IN,IN,LIQUE,COKIN,0.12,0.0,0.0,0.0,0.0,0.0
3698492,IN,IN,LIQUE,FISHF,0.62,0.0,0.0,0.0,0.0,0.0
3698491,IN,IN,LIQUE,FORES,0.08,0.0,0.0,0.0,0.0,0.0
3698490,IN,IN,LIQUE,CROPS,0.11,0.0,0.0,0.0,0.0,0.0
3698489,IN,IN,LIQUE,PLANT,2.01,0.0,0.0,0.0,0.0,0.0
3698488,IN,IN,LIQUE,SUGAR,0.01,0.0,0.0,0.0,0.0,0.0
3698487,IN,IN,LIQUE,OILSE,0.02,0.0,0.0,0.0,0.0,0.0
3699011,IN,IN,NFERT,PULP5,0.02,0.0,0.0,0.0,0.0,0.0
3699012,IN,IN,NFERT,PAPER,0.08,0.0,0.0,0.0,0.0,0.0
3699014,IN,IN,NFERT,AVIAT,0.22,0.0,0.0,0.0,0.0,0.0
3699750,IN,IN,NONME,BEVER,1.48,0.0,0.0,0.0,0.0,0.0
3699741,IN,IN,NONME,MEATC,0.7,0.0,0.0,0.0,0.0,0.0
3699742,IN,IN,NONME,MEATP,0.03,0.0,0.0,0.0,0.0,0.0
3699743,IN,IN,NONME,MEAT1,0.11,0.0,0.0,0.0,0.0,0.0
3699745,IN,IN,NONME,VEGE1,0.25,0.0,0.0,0.0,0.0,0.0
3699746,IN,IN,NONME,DAIRY,0.08,0.0,0.0,0.0,0.0,0.0
3699748,IN,IN,NONME,SUGA1,0.19,0.0,0.0,0.0,0.0,0.0
3699751,IN,IN,NONME,FISH5,3.95,0.0,0.0,0.0,0.0,0.0
3699739,IN,IN,NONME,NATUR,1.46,0.0,0.0,0.0,0.0,0.0
3699752,IN,IN,NONME,TOBAC,0.07,0.0,0.0,0.0,0.0,0.0
3699757,IN,IN,NONME,PULP5,0.1,0.0,0.0,0.0,0.0,0.0
3699761,IN,IN,NONME,MOTOR,2.08,0.0,0.0,0.0,0.0,0.0
3699762,IN,IN,NONME,KEROS,1.0,0.0,0.0,0.0,0.0,0.0
3699763,IN,IN,NONME,KERO1,0.13,0.0,0.0,0.0,0.0,0.0
3699765,IN,IN,NONME,HEAVY,0.31,0.0,0.0,0.0,0.0,0.0
3699740,IN,IN,NONME,NATU1,0.24,0.0,0.0,0.0,0.0,0.0
3699736,IN,IN,CEMEN,WASTE,0.56,0.0,0.0,0.0,0.0,0.0
3699710,IN,IN,CEMEN,ALUM1,1.16,0.0,0.0,0.0,0.0,0.0
3699725,IN,IN,CEMEN,ELEC1,0.65,0.0,0.0,0.0,0.0,0.0
3699712,IN,IN,CEMEN,COPP1,1.68,0.0,0.0,0.0,0.0,0.0
3699713,IN,IN,CEMEN,NONF1,0.12,0.0,0.0,0.0,0.0,0.0
3699719,IN,IN,CEMEN,RADIO,2.33,0.0,0.0,0.0,0.0,0.0
3699720,IN,IN,CEMEN,MEDIC,3.23,0.0,0.0,0.0,0.0,0.0
3699721,IN,IN,CEMEN,MOTO1,0.02,0.0,0.0,0.0,0.0,0.0
3699724,IN,IN,CEMEN,SECO9,0.07,0.0,0.0,0.0,0.0,0.0
3699726,IN,IN,CEMEN,ELEC2,0.07,0.0,0.0,0.0,0.0,0.0
3699735,IN,IN,CEMEN,FOOD3,0.56,0.0,0.0,0.0,0.0,0.0
3699727,IN,IN,CEMEN,ELEC6,0.01,0.0,0.0,0.0,0.0,0.0
3699728,IN,IN,CEMEN,BLAST,0.04,0.0,0.0,0.0,0.0,0.0
3699729,IN,IN,CEMEN,DIST1,0.87,0.0,0.0,0.0,0.0,0.0
3694729,IN,IN,PADDY,FABRI,0.02,0.0,0.0,0.0,0.0,0.0
3699732,IN,IN,CEMEN,SUPPO,2.27,0.0,0.0,0.0,0.0,0.0
3699734,IN,IN,CEMEN,REALE,0.01,0.0,0.0,0.0,0.0,0.0
3699766,IN,IN,NONME,REFIN,0.09,0.0,0.0,0.0,0.0,0.0
3699767,IN,IN,NONME,LIQUE,1.21,0.0,0.0,0.0,0.0,0.0
3699768,IN,IN,NONME,REFI1,0.01,0.0,0.0,0.0,0.0,0.0
3699820,IN,IN,NONME,MEMBE,2.55,0.0,0.0,0.0,0.0,0.0
3694728,IN,IN,PADDY,COPP1,0.08,0.0,0.0,0.0,0.0,0.0
3699811,IN,IN,NONME,SALEM,0.9,0.0,0.0,0.0,0.0,0.0
3699813,IN,IN,NONME,RETA1,4.15,0.0,0.0,0.0,0.0,0.0
3699815,IN,IN,NONME,POSTT,4.34,0.0,0.0,0.0,0.0,0.0
3699816,IN,IN,NONME,REALE,0.08,0.0,0.0,0.0,0.0,0.0
3699817,IN,IN,NONME,BUSIN,0.19,0.0,0.0,0.0,0.0,0.0
3699823,IN,IN,BASIC,FORES,0.01,0.0,0.0,0.0,0.0,0.0
3699769,IN,IN,NONME,NAPHT,0.81,0.0,0.0,0.0,0.0,0.0
3699824,IN,IN,BASIC,COKIN,0.02,0.0,0.0,0.0,0.0,0.0
3699825,IN,IN,BASIC,BITUM,0.75,0.0,0.0,0.0,0.0,0.0
3699828,IN,IN,BASIC,NATU1,1.03,0.0,0.0,0.0,0.0,0.0
3699829,IN,IN,BASIC,CHEMI,0.01,0.0,0.0,0.0,0.0,0.0
3699830,IN,IN,BASIC,MEATC,0.24,0.0,0.0,0.0,0.0,0.0
3699831,IN,IN,BASIC,MEAT4,0.01,0.0,0.0,0.0,0.0,0.0
3699807,IN,IN,NONME,BLAST,0.02,0.0,0.0,0.0,0.0,0.0
3699806,IN,IN,NONME,ELEC2,0.04,0.0,0.0,0.0,0.0,0.0
3699805,IN,IN,NONME,ELEC1,0.85,0.0,0.0,0.0,0.0,0.0
3699804,IN,IN,NONME,SECO9,0.7,0.0,0.0,0.0,0.0,0.0
3699793,IN,IN,NONME,NONF1,0.11,0.0,0.0,0.0,0.0,0.0
3699792,IN,IN,NONME,COPP1,1.94,0.0,0.0,0.0,0.0,0.0
3699791,IN,IN,NONME,LEAD1,0.23,0.0,0.0,0.0,0.0,0.0
3699789,IN,IN,NONME,PREC1,1.85,0.0,0.0,0.0,0.0,0.0
3699781,IN,IN,NONME,BIODI,0.15,0.0,0.0,0.0,0.0,0.0
3699780,IN,IN,NONME,BIOGA,0.76,0.0,0.0,0.0,0.0,0.0
3699779,IN,IN,NONME,CHARC,1.08,0.0,0.0,0.0,0.0,0.0
3699776,IN,IN,NONME,NFERT,0.45,0.0,0.0,0.0,0.0,0.0
3699774,IN,IN,NONME,NONSP,0.1,0.0,0.0,0.0,0.0,0.0
3699773,IN,IN,NONME,PETRO,0.21,0.0,0.0,0.0,0.0,0.0
3699772,IN,IN,NONME,PARAF,0.08,0.0,0.0,0.0,0.0,0.0
3699771,IN,IN,NONME,BITU1,0.07,0.0,0.0,0.0,0.0,0.0
3699770,IN,IN,NONME,LUBRI,0.05,0.0,0.0,0.0,0.0,0.0
3699711,IN,IN,CEMEN,LEAD1,0.15,0.0,0.0,0.0,0.0,0.0
3699709,IN,IN,CEMEN,PREC1,1.85,0.0,0.0,0.0,0.0,0.0
3699608,IN,IN,CERAM,OFFIC,0.33,0.0,0.0,0.0,0.0,0.0
3699641,IN,IN,BRICK,PREC1,0.05,0.0,0.0,0.0,0.0,0.0
3699632,IN,IN,BRICK,NFERT,0.01,0.0,0.0,0.0,0.0,0.0
3699633,IN,IN,BRICK,PFERT,0.16,0.0,0.0,0.0,0.0,0.0
3699634,IN,IN,BRICK,CHEM1,0.75,0.0,0.0,0.0,0.0,0.0
3699635,IN,IN,BRICK,RUBBE,0.46,0.0,0.0,0.0,0.0,0.0
3699639,IN,IN,BRICK,NONME,0.01,0.0,0.0,0.0,0.0,0.0
3699640,IN,IN,BRICK,BASIC,3.99,0.0,0.0,0.0,0.0,0.0
3699642,IN,IN,BRICK,ALUM1,0.06,0.0,0.0,0.0,0.0,0.0
3699630,IN,IN,BRICK,COKEO,0.45,0.0,0.0,0.0,0.0,0.0
3699643,IN,IN,BRICK,COPP1,0.07,0.0,0.0,0.0,0.0,0.0
3699644,IN,IN,BRICK,FOUND,0.27,0.0,0.0,0.0,0.0,0.0
3699645,IN,IN,BRICK,FABRI,2.1,0.0,0.0,0.0,0.0,0.0
3699647,IN,IN,BRICK,OFFIC,0.16,0.0,0.0,0.0,0.0,0.0
3699648,IN,IN,BRICK,ELECT,1.7,0.0,0.0,0.0,0.0,0.0
3699649,IN,IN,BRICK,RADIO,0.15,0.0,0.0,0.0,0.0,0.0
3699631,IN,IN,BRICK,PLAST,0.26,0.0,0.0,0.0,0.0,0.0
3699629,IN,IN,BRICK,PRINT,0.32,0.0,0.0,0.0,0.0,0.0
3699708,IN,IN,CEMEN,BASIC,0.52,0.0,0.0,0.0,0.0,0.0
3694730,IN,IN,PADDY,MACHI,0.06,0.0,0.0,0.0,0.0,0.0
3699612,IN,IN,CERAM,MOTO1,0.04,0.0,0.0,0.0,0.0,0.0
3699613,IN,IN,CERAM,TRANS,0.11,0.0,0.0,0.0,0.0,0.0
3699614,IN,IN,CERAM,FURNI,3.41,0.0,0.0,0.0,0.0,0.0
3699615,IN,IN,CERAM,SECO9,0.05,0.0,0.0,0.0,0.0,0.0
3699616,IN,IN,CERAM,ELEC1,0.03,0.0,0.0,0.0,0.0,0.0
3699617,IN,IN,CERAM,DIST1,1.22,0.0,0.0,0.0,0.0,0.0
3699620,IN,IN,CERAM,SUPPO,1.77,0.0,0.0,0.0,0.0,0.0
3699628,IN,IN,BRICK,WOODW,0.04,0.0,0.0,0.0,0.0,0.0
3699621,IN,IN,CERAM,POSTT,2.39,0.0,0.0,0.0,0.0,0.0
3699622,IN,IN,CERAM,REALE,0.08,0.0,0.0,0.0,0.0,0.0
3699623,IN,IN,CERAM,FOOD3,0.28,0.0,0.0,0.0,0.0,0.0
3699624,IN,IN,CERAM,WASTE,0.28,0.0,0.0,0.0,0.0,0.0
3699626,IN,IN,BRICK,BEVER,0.57,0.0,0.0,0.0,0.0,0.0
3699627,IN,IN,BRICK,TEXTI,0.02,0.0,0.0,0.0,0.0,0.0
3699650,IN,IN,BRICK,MEDIC,0.87,0.0,0.0,0.0,0.0,0.0
3699651,IN,IN,BRICK,MOTO1,0.03,0.0,0.0,0.0,0.0,0.0
3699652,IN,IN,BRICK,TRANS,0.02,0.0,0.0,0.0,0.0,0.0
3699690,IN,IN,CEMEN,LUBRI,0.35,0.0,0.0,0.0,0.0,0.0
3699678,IN,IN,CEMEN,PRINT,2.76,0.0,0.0,0.0,0.0,0.0
3699681,IN,IN,CEMEN,AVIAT,0.02,0.0,0.0,0.0,0.0,0.0
3699683,IN,IN,CEMEN,KERO1,0.85,0.0,0.0,0.0,0.0,0.0
3699685,IN,IN,CEMEN,HEAVY,2.0,0.0,0.0,0.0,0.0,0.0
3699686,IN,IN,CEMEN,REFIN,1.13,0.0,0.0,0.0,0.0,0.0
3699688,IN,IN,CEMEN,REFI1,0.03,0.0,0.0,0.0,0.0,0.0
3699691,IN,IN,CEMEN,BITU1,0.34,0.0,0.0,0.0,0.0,0.0
3699653,IN,IN,BRICK,FURNI,0.36,0.0,0.0,0.0,0.0,0.0
3699692,IN,IN,CEMEN,PARAF,1.12,0.0,0.0,0.0,0.0,0.0
3699693,IN,IN,CEMEN,PETRO,2.73,0.0,0.0,0.0,0.0,0.0
3699694,IN,IN,CEMEN,NONSP,0.54,0.0,0.0,0.0,0.0,0.0
3699695,IN,IN,CEMEN,PLAST,1.21,0.0,0.0,0.0,0.0,0.0
3699696,IN,IN,CEMEN,NFERT,0.32,0.0,0.0,0.0,0.0,0.0
3699701,IN,IN,CEMEN,BIODI,1.8,0.0,0.0,0.0,0.0,0.0
3699677,IN,IN,CEMEN,PAPER,0.54,0.0,0.0,0.0,0.0,0.0
3699676,IN,IN,CEMEN,WOODW,0.11,0.0,0.0,0.0,0.0,0.0
3699675,IN,IN,CEMEN,LEATH,0.44,0.0,0.0,0.0,0.0,0.0
3699674,IN,IN,CEMEN,WEARI,0.24,0.0,0.0,0.0,0.0,0.0
3699672,IN,IN,CEMEN,FISH5,2.77,0.0,0.0,0.0,0.0,0.0
3699669,IN,IN,CEMEN,SUGA1,0.18,0.0,0.0,0.0,0.0,0.0
3699668,IN,IN,CEMEN,PROCE,4.01,0.0,0.0,0.0,0.0,0.0
3699667,IN,IN,CEMEN,DAIRY,0.95,0.0,0.0,0.0,0.0,0.0
3699666,IN,IN,CEMEN,VEGE1,0.19,0.0,0.0,0.0,0.0,0.0
3699665,IN,IN,CEMEN,MEAT4,0.23,0.0,0.0,0.0,0.0,0.0
3699664,IN,IN,CEMEN,MEAT1,0.08,0.0,0.0,0.0,0.0,0.0
3699663,IN,IN,CEMEN,MEATP,0.01,0.0,0.0,0.0,0.0,0.0
3699661,IN,IN,CEMEN,CRUDE,0.3,0.0,0.0,0.0,0.0,0.0
3699659,IN,IN,BRICK,WASTE,0.04,0.0,0.0,0.0,0.0,0.0
3699658,IN,IN,BRICK,FOOD3,0.04,0.0,0.0,0.0,0.0,0.0
3699657,IN,IN,BRICK,POSTT,4.11,0.0,0.0,0.0,0.0,0.0
3699654,IN,IN,BRICK,DIST1,1.59,0.0,0.0,0.0,0.0,0.0
3699832,IN,IN,BASIC,VEGE1,0.01,0.0,0.0,0.0,0.0,0.0
3699833,IN,IN,BASIC,DAIRY,0.03,0.0,0.0,0.0,0.0,0.0
3699834,IN,IN,BASIC,PROCE,0.12,0.0,0.0,0.0,0.0,0.0
3700006,IN,IN,PREC1,RECRE,0.12,0.0,0.0,0.0,0.0,0.0
3699998,IN,IN,PREC1,REALE,0.26,0.0,0.0,0.0,0.0,0.0
3699999,IN,IN,PREC1,RESEA,0.06,0.0,0.0,0.0,0.0,0.0
3700000,IN,IN,PREC1,BUSIN,0.59,0.0,0.0,0.0,0.0,0.0
3700001,IN,IN,PREC1,PUBLI,0.02,0.0,0.0,0.0,0.0,0.0
3700002,IN,IN,PREC1,HEALT,0.41,0.0,0.0,0.0,0.0,0.0
3700005,IN,IN,PREC1,MEMBE,0.03,0.0,0.0,0.0,0.0,0.0
3700007,IN,IN,ALUM1,FORES,0.02,0.0,0.0,0.0,0.0,0.0
3699995,IN,IN,PREC1,CONST,0.21,0.0,0.0,0.0,0.0,0.0
3700008,IN,IN,ALUM1,MEATC,3.56,0.0,0.0,0.0,0.0,0.0
3700009,IN,IN,ALUM1,MEATP,0.01,0.0,0.0,0.0,0.0,0.0
3700010,IN,IN,ALUM1,MEAT1,0.03,0.0,0.0,0.0,0.0,0.0
3700011,IN,IN,ALUM1,MEAT4,0.1,0.0,0.0,0.0,0.0,0.0
3700012,IN,IN,ALUM1,VEGE1,0.08,0.0,0.0,0.0,0.0,0.0
3700013,IN,IN,ALUM1,DAIRY,0.41,0.0,0.0,0.0,0.0,0.0
3699996,IN,IN,PREC1,HOTEL,0.34,0.0,0.0,0.0,0.0,0.0
3699992,IN,IN,PREC1,BLAST,0.02,0.0,0.0,0.0,0.0,0.0
3699835,IN,IN,BASIC,SUGA1,0.01,0.0,0.0,0.0,0.0,0.0
3699967,IN,IN,PREC1,BRICK,0.57,0.0,0.0,0.0,0.0,0.0
3699955,IN,IN,PREC1,PETRO,1.31,0.0,0.0,0.0,0.0,0.0
3699956,IN,IN,PREC1,NONSP,0.08,0.0,0.0,0.0,0.0,0.0
3699958,IN,IN,PREC1,NFERT,2.5,0.0,0.0,0.0,0.0,0.0
3699962,IN,IN,PREC1,BIOGA,4.54,0.0,0.0,0.0,0.0,0.0
3699963,IN,IN,PREC1,BIODI,0.89,0.0,0.0,0.0,0.0,0.0
3699966,IN,IN,PREC1,CERAM,3.27,0.0,0.0,0.0,0.0,0.0
3699968,IN,IN,PREC1,CEMEN,0.26,0.0,0.0,0.0,0.0,0.0
3699991,IN,IN,PREC1,DISTR,1.2,0.0,0.0,0.0,0.0,0.0
3699975,IN,IN,PREC1,NONF1,4.45,0.0,0.0,0.0,0.0,0.0
3699986,IN,IN,PREC1,SECO9,1.65,0.0,0.0,0.0,0.0,0.0
3699987,IN,IN,PREC1,ELEC1,1.17,0.0,0.0,0.0,0.0,0.0
3699988,IN,IN,PREC1,ELEC2,0.1,0.0,0.0,0.0,0.0,0.0
3699989,IN,IN,PREC1,ELEC4,0.34,0.0,0.0,0.0,0.0,0.0
3699990,IN,IN,PREC1,TRAN1,0.31,0.0,0.0,0.0,0.0,0.0
3700014,IN,IN,ALUM1,PROCE,1.71,0.0,0.0,0.0,0.0,0.0
3700015,IN,IN,ALUM1,SUGA1,0.08,0.0,0.0,0.0,0.0,0.0
3700016,IN,IN,ALUM1,FOOD5,2.77,0.0,0.0,0.0,0.0,0.0
3700058,IN,IN,ALUM1,NONF1,4.28,0.0,0.0,0.0,0.0,0.0
3700041,IN,IN,ALUM1,NFERT,2.11,0.0,0.0,0.0,0.0,0.0
3700045,IN,IN,ALUM1,BIOGA,3.8,0.0,0.0,0.0,0.0,0.0
3700046,IN,IN,ALUM1,BIODI,0.76,0.0,0.0,0.0,0.0,0.0
3700049,IN,IN,ALUM1,CERAM,2.57,0.0,0.0,0.0,0.0,0.0
3700050,IN,IN,ALUM1,BRICK,0.51,0.0,0.0,0.0,0.0,0.0
3700051,IN,IN,ALUM1,CEMEN,0.23,0.0,0.0,0.0,0.0,0.0
3700069,IN,IN,ALUM1,SECO9,2.74,0.0,0.0,0.0,0.0,0.0
3700017,IN,IN,ALUM1,BEVER,3.63,0.0,0.0,0.0,0.0,0.0
3700070,IN,IN,ALUM1,ELEC1,4.31,0.0,0.0,0.0,0.0,0.0
3700071,IN,IN,ALUM1,ELEC2,0.31,0.0,0.0,0.0,0.0,0.0
3700072,IN,IN,ALUM1,ELEC3,0.2,0.0,0.0,0.0,0.0,0.0
3700073,IN,IN,ALUM1,ELEC4,1.36,0.0,0.0,0.0,0.0,0.0
3700074,IN,IN,ALUM1,ELEC6,0.01,0.0,0.0,0.0,0.0,0.0
3700075,IN,IN,ALUM1,TRAN1,1.61,0.0,0.0,0.0,0.0,0.0
3700039,IN,IN,ALUM1,NONSP,0.06,0.0,0.0,0.0,0.0,0.0
3700038,IN,IN,ALUM1,PETRO,1.11,0.0,0.0,0.0,0.0,0.0
3700037,IN,IN,ALUM1,PARAF,0.47,0.0,0.0,0.0,0.0,0.0
3700036,IN,IN,ALUM1,BITU1,0.04,0.0,0.0,0.0,0.0,0.0
3700035,IN,IN,ALUM1,LUBRI,0.18,0.0,0.0,0.0,0.0,0.0
3700034,IN,IN,ALUM1,NAPHT,0.94,0.0,0.0,0.0,0.0,0.0
3700033,IN,IN,ALUM1,LIQUE,1.15,0.0,0.0,0.0,0.0,0.0
3700032,IN,IN,ALUM1,REFIN,0.45,0.0,0.0,0.0,0.0,0.0
3700031,IN,IN,ALUM1,HEAVY,0.4,0.0,0.0,0.0,0.0,0.0
3700030,IN,IN,ALUM1,GASDI,4.48,0.0,0.0,0.0,0.0,0.0
3700029,IN,IN,ALUM1,KERO1,0.16,0.0,0.0,0.0,0.0,0.0
3700028,IN,IN,ALUM1,KEROS,1.48,0.0,0.0,0.0,0.0,0.0
3700027,IN,IN,ALUM1,MOTOR,2.42,0.0,0.0,0.0,0.0,0.0
3700023,IN,IN,ALUM1,PULP5,0.06,0.0,0.0,0.0,0.0,0.0
3700021,IN,IN,ALUM1,LEATH,0.87,0.0,0.0,0.0,0.0,0.0
3700020,IN,IN,ALUM1,WEARI,0.41,0.0,0.0,0.0,0.0,0.0
3700018,IN,IN,ALUM1,FISH5,1.19,0.0,0.0,0.0,0.0,0.0
3699954,IN,IN,PREC1,PARAF,0.56,0.0,0.0,0.0,0.0,0.0
3699953,IN,IN,PREC1,BITU1,0.05,0.0,0.0,0.0,0.0,0.0
3699952,IN,IN,PREC1,LUBRI,0.21,0.0,0.0,0.0,0.0,0.0
3699870,IN,IN,BASIC,CEMEN,1.21,0.0,0.0,0.0,0.0,0.0
3699858,IN,IN,BASIC,PETRO,0.08,0.0,0.0,0.0,0.0,0.0
3699859,IN,IN,BASIC,PLAST,1.96,0.0,0.0,0.0,0.0,0.0
3699860,IN,IN,BASIC,NFERT,2.18,0.0,0.0,0.0,0.0,0.0
3699863,IN,IN,BASIC,CHARC,0.47,0.0,0.0,0.0,0.0,0.0
3699864,IN,IN,BASIC,BIOGA,1.48,0.0,0.0,0.0,0.0,0.0
3699865,IN,IN,BASIC,BIODI,0.13,0.0,0.0,0.0,0.0,0.0
3694727,IN,IN,PADDY,RUBBE,0.01,0.0,0.0,0.0,0.0,0.0
3699901,IN,IN,BASIC,BIOG1,2.53,0.0,0.0,0.0,0.0,0.0
3694724,IN,IN,PADDY,PFERT,0.24,0.0,0.0,0.0,0.0,0.0
3699890,IN,IN,BASIC,ELEC2,1.64,0.0,0.0,0.0,0.0,0.0
3699891,IN,IN,BASIC,ELEC3,1.97,0.0,0.0,0.0,0.0,0.0
3699893,IN,IN,BASIC,ELEC5,3.36,0.0,0.0,0.0,0.0,0.0
3699894,IN,IN,BASIC,ELEC6,0.03,0.0,0.0,0.0,0.0,0.0
3699895,IN,IN,BASIC,ELEC7,0.01,0.0,0.0,0.0,0.0,0.0
3699857,IN,IN,BASIC,PARAF,0.03,0.0,0.0,0.0,0.0,0.0
3699856,IN,IN,BASIC,LUBRI,0.07,0.0,0.0,0.0,0.0,0.0
3699855,IN,IN,BASIC,NAPHT,0.07,0.0,0.0,0.0,0.0,0.0
3699854,IN,IN,BASIC,LIQUE,0.06,0.0,0.0,0.0,0.0,0.0
3699853,IN,IN,BASIC,REFIN,0.03,0.0,0.0,0.0,0.0,0.0
3699852,IN,IN,BASIC,HEAVY,0.03,0.0,0.0,0.0,0.0,0.0
3699851,IN,IN,BASIC,GASDI,0.32,0.0,0.0,0.0,0.0,0.0
3699850,IN,IN,BASIC,KERO1,0.01,0.0,0.0,0.0,0.0,0.0
3699849,IN,IN,BASIC,KEROS,0.14,0.0,0.0,0.0,0.0,0.0
3699848,IN,IN,BASIC,MOTOR,0.18,0.0,0.0,0.0,0.0,0.0
3699847,IN,IN,BASIC,COKEO,2.57,0.0,0.0,0.0,0.0,0.0
3699844,IN,IN,BASIC,PULP5,0.23,0.0,0.0,0.0,0.0,0.0
3699841,IN,IN,BASIC,WEARI,1.32,0.0,0.0,0.0,0.0,0.0
3699839,IN,IN,BASIC,TOBAC,0.03,0.0,0.0,0.0,0.0,0.0
3699838,IN,IN,BASIC,FISH5,0.08,0.0,0.0,0.0,0.0,0.0
3699837,IN,IN,BASIC,BEVER,0.25,0.0,0.0,0.0,0.0,0.0
3699836,IN,IN,BASIC,FOOD5,0.19,0.0,0.0,0.0,0.0,0.0
3699900,IN,IN,BASIC,GASWO,0.61,0.0,0.0,0.0,0.0,0.0
3694723,IN,IN,PADDY,NFERT,0.01,0.0,0.0,0.0,0.0,0.0
3699951,IN,IN,PREC1,NAPHT,1.19,0.0,0.0,0.0,0.0,0.0
3699940,IN,IN,PREC1,PAPER,5.57,0.0,0.0,0.0,0.0,0.0
3699932,IN,IN,PREC1,FOOD5,3.27,0.0,0.0,0.0,0.0,0.0
3699933,IN,IN,PREC1,BEVER,4.28,0.0,0.0,0.0,0.0,0.0
3699934,IN,IN,PREC1,FISH5,1.4,0.0,0.0,0.0,0.0,0.0
3699936,IN,IN,PREC1,WEARI,0.45,0.0,0.0,0.0,0.0,0.0
3699937,IN,IN,PREC1,LEATH,0.96,0.0,0.0,0.0,0.0,0.0
3699939,IN,IN,PREC1,PULP5,0.04,0.0,0.0,0.0,0.0,0.0
3699943,IN,IN,PREC1,MOTOR,3.08,0.0,0.0,0.0,0.0,0.0
3699906,IN,IN,BASIC,RETAI,0.45,0.0,0.0,0.0,0.0,0.0
3699944,IN,IN,PREC1,KEROS,1.84,0.0,0.0,0.0,0.0,0.0
3699945,IN,IN,PREC1,KERO1,0.2,0.0,0.0,0.0,0.0,0.0
3699947,IN,IN,PREC1,HEAVY,0.5,0.0,0.0,0.0,0.0,0.0
3699948,IN,IN,PREC1,REFIN,0.54,0.0,0.0,0.0,0.0,0.0
3699949,IN,IN,PREC1,LIQUE,1.51,0.0,0.0,0.0,0.0,0.0
3699950,IN,IN,PREC1,REFI1,0.01,0.0,0.0,0.0,0.0,0.0
3699931,IN,IN,PREC1,SUGA1,0.09,0.0,0.0,0.0,0.0,0.0
3699930,IN,IN,PREC1,PROCE,2.02,0.0,0.0,0.0,0.0,0.0
3699929,IN,IN,PREC1,DAIRY,0.48,0.0,0.0,0.0,0.0,0.0
3699928,IN,IN,PREC1,VEGE1,0.1,0.0,0.0,0.0,0.0,0.0
3699927,IN,IN,PREC1,MEAT4,0.12,0.0,0.0,0.0,0.0,0.0
3699926,IN,IN,PREC1,MEAT1,0.04,0.0,0.0,0.0,0.0,0.0
3699925,IN,IN,PREC1,MEATP,0.01,0.0,0.0,0.0,0.0,0.0
3699924,IN,IN,PREC1,MEATC,4.2,0.0,0.0,0.0,0.0,0.0
3699923,IN,IN,PREC1,FORES,0.03,0.0,0.0,0.0,0.0,0.0
3699921,IN,IN,BASIC,RECRE,1.85,0.0,0.0,0.0,0.0,0.0
3699920,IN,IN,BASIC,MEMBE,0.63,0.0,0.0,0.0,0.0,0.0
3699916,IN,IN,BASIC,PUBLI,0.13,0.0,0.0,0.0,0.0,0.0
3699914,IN,IN,BASIC,RESEA,0.58,0.0,0.0,0.0,0.0,0.0
3699913,IN,IN,BASIC,REALE,1.59,0.0,0.0,0.0,0.0,0.0
3699912,IN,IN,BASIC,AUXIL,4.67,0.0,0.0,0.0,0.0,0.0
3699910,IN,IN,BASIC,SUPPO,0.03,0.0,0.0,0.0,0.0,0.0
3699909,IN,IN,BASIC,HOTEL,1.51,0.0,0.0,0.0,0.0,0.0
3699611,IN,IN,CERAM,MEDIC,0.84,0.0,0.0,0.0,0.0,0.0
3699604,IN,IN,CERAM,NONF1,0.03,0.0,0.0,0.0,0.0,0.0
3699019,IN,IN,NFERT,REFIN,0.81,0.0,0.0,0.0,0.0,0.0
3699226,IN,IN,CHEM1,ELEC6,0.04,0.0,0.0,0.0,0.0,0.0
3699180,IN,IN,CHEM1,AVIAT,0.24,0.0,0.0,0.0,0.0,0.0
3699187,IN,IN,CHEM1,REFI1,0.32,0.0,0.0,0.0,0.0,0.0
3699189,IN,IN,CHEM1,LUBRI,1.92,0.0,0.0,0.0,0.0,0.0
3699190,IN,IN,CHEM1,BITU1,3.26,0.0,0.0,0.0,0.0,0.0
3699224,IN,IN,CHEM1,ELEC1,1.83,0.0,0.0,0.0,0.0,0.0
3699225,IN,IN,CHEM1,ELEC2,0.26,0.0,0.0,0.0,0.0,0.0
3699227,IN,IN,CHEM1,BLAST,0.17,0.0,0.0,0.0,0.0,0.0
3699161,IN,IN,CHEM1,MEAT1,0.58,0.0,0.0,0.0,0.0,0.0
3699232,IN,IN,CHEM1,RETAI,0.03,0.0,0.0,0.0,0.0,0.0
3699239,IN,IN,CHEM1,REALE,0.71,0.0,0.0,0.0,0.0,0.0
3699248,IN,IN,CHEM1,PRIVA,0.01,0.0,0.0,0.0,0.0,0.0
3699249,IN,IN,CHARC,SECO9,0.39,0.0,0.0,0.0,0.0,0.0
3699251,IN,IN,CHARC,FOOD3,3.12,0.0,0.0,0.0,0.0,0.0
3699252,IN,IN,CHARC,WASTE,3.12,0.0,0.0,0.0,0.0,0.0
3699166,IN,IN,CHEM1,SUGA1,1.07,0.0,0.0,0.0,0.0,0.0
3699160,IN,IN,CHEM1,MEATP,0.1,0.0,0.0,0.0,0.0,0.0
3699131,IN,IN,PFERT,WASTE,0.02,0.0,0.0,0.0,0.0,0.0
3699145,IN,IN,CHEM1,WOOLS,0.04,0.0,0.0,0.0,0.0,0.0
3699136,IN,IN,CHEM1,OILSE,0.33,0.0,0.0,0.0,0.0,0.0
3699137,IN,IN,CHEM1,SUGAR,2.92,0.0,0.0,0.0,0.0,0.0
3699140,IN,IN,CHEM1,CATTL,0.14,0.0,0.0,0.0,0.0,0.0
3699141,IN,IN,CHEM1,PIGS9,0.05,0.0,0.0,0.0,0.0,0.0
3699142,IN,IN,CHEM1,MEATA,0.43,0.0,0.0,0.0,0.0,0.0
3699143,IN,IN,CHEM1,ANIMA,1.17,0.0,0.0,0.0,0.0,0.0
3699149,IN,IN,CHEM1,LIGNI,1.76,0.0,0.0,0.0,0.0,0.0
3699158,IN,IN,CHEM1,CHEMI,0.1,0.0,0.0,0.0,0.0,0.0
3699150,IN,IN,CHEM1,BKBPE,0.42,0.0,0.0,0.0,0.0,0.0
3699153,IN,IN,CHEM1,NATU1,3.73,0.0,0.0,0.0,0.0,0.0
3699154,IN,IN,CHEM1,IRONO,0.01,0.0,0.0,0.0,0.0,0.0
3699155,IN,IN,CHEM1,PRECI,0.01,0.0,0.0,0.0,0.0,0.0
3699156,IN,IN,CHEM1,STONE,0.04,0.0,0.0,0.0,0.0,0.0
3699157,IN,IN,CHEM1,SANDC,0.09,0.0,0.0,0.0,0.0,0.0
3699253,IN,IN,BIOGA,PADDY,0.05,0.0,0.0,0.0,0.0,0.0
3699255,IN,IN,BIOGA,COKIN,1.13,0.0,0.0,0.0,0.0,0.0
3699257,IN,IN,BIOGA,LIGNI,0.27,0.0,0.0,0.0,0.0,0.0
3699293,IN,IN,BIOGA,NONSP,1.55,0.0,0.0,0.0,0.0,0.0
3699285,IN,IN,BIOGA,REFIN,0.26,0.0,0.0,0.0,0.0,0.0
3699287,IN,IN,BIOGA,REFI1,0.1,0.0,0.0,0.0,0.0,0.0
3699289,IN,IN,BIOGA,LUBRI,0.29,0.0,0.0,0.0,0.0,0.0
3699290,IN,IN,BIOGA,BITU1,0.96,0.0,0.0,0.0,0.0,0.0
3699291,IN,IN,BIOGA,PARAF,0.04,0.0,0.0,0.0,0.0,0.0
3699292,IN,IN,BIOGA,PETRO,0.53,0.0,0.0,0.0,0.0,0.0
3699294,IN,IN,BIOGA,PLAST,0.01,0.0,0.0,0.0,0.0,0.0
3699258,IN,IN,BIOGA,BKBPE,0.06,0.0,0.0,0.0,0.0,0.0
3699295,IN,IN,BIOGA,NFERT,0.25,0.0,0.0,0.0,0.0,0.0
3699296,IN,IN,BIOGA,PFERT,1.2,0.0,0.0,0.0,0.0,0.0
3699297,IN,IN,BIOGA,CHEM1,1.89,0.0,0.0,0.0,0.0,0.0
3699298,IN,IN,BIOGA,CHARC,0.06,0.0,0.0,0.0,0.0,0.0
3699299,IN,IN,BIOGA,BIOGA,0.07,0.0,0.0,0.0,0.0,0.0
3699300,IN,IN,BIOGA,BIODI,0.01,0.0,0.0,0.0,0.0,0.0
3699282,IN,IN,BIOGA,KERO1,1.79,0.0,0.0,0.0,0.0,0.0
3699280,IN,IN,BIOGA,AVIAT,0.07,0.0,0.0,0.0,0.0,0.0
3699278,IN,IN,BIOGA,COKEO,1.2,0.0,0.0,0.0,0.0,0.0
3699277,IN,IN,BIOGA,PRINT,2.5,0.0,0.0,0.0,0.0,0.0
3699275,IN,IN,BIOGA,PULP5,0.01,0.0,0.0,0.0,0.0,0.0
3699274,IN,IN,BIOGA,WOODW,3.46,0.0,0.0,0.0,0.0,0.0
3699273,IN,IN,BIOGA,LEATH,0.16,0.0,0.0,0.0,0.0,0.0
3699272,IN,IN,BIOGA,WEARI,2.61,0.0,0.0,0.0,0.0,0.0
3699271,IN,IN,BIOGA,TEXTI,0.61,0.0,0.0,0.0,0.0,0.0
3699270,IN,IN,BIOGA,TOBAC,0.18,0.0,0.0,0.0,0.0,0.0
3699269,IN,IN,BIOGA,FISH5,0.02,0.0,0.0,0.0,0.0,0.0
3699267,IN,IN,BIOGA,FOOD5,0.07,0.0,0.0,0.0,0.0,0.0
3699266,IN,IN,BIOGA,SUGA1,0.01,0.0,0.0,0.0,0.0,0.0
3699264,IN,IN,BIOGA,DAIRY,0.01,0.0,0.0,0.0,0.0,0.0
3699263,IN,IN,BIOGA,VEGE1,0.04,0.0,0.0,0.0,0.0,0.0
3699262,IN,IN,BIOGA,MEATC,0.03,0.0,0.0,0.0,0.0,0.0
3699261,IN,IN,BIOGA,NATU1,1.86,0.0,0.0,0.0,0.0,0.0
3699134,IN,IN,CHEM1,CEREA,2.12,0.0,0.0,0.0,0.0,0.0
3699130,IN,IN,PFERT,FOOD3,0.02,0.0,0.0,0.0,0.0,0.0
3699603,IN,IN,CERAM,COPP1,0.14,0.0,0.0,0.0,0.0,0.0
3699055,IN,IN,NFERT,POSTT,0.01,0.0,0.0,0.0,0.0,0.0
3699047,IN,IN,NFERT,FURNI,3.13,0.0,0.0,0.0,0.0,0.0
3699048,IN,IN,NFERT,ELEC2,0.02,0.0,0.0,0.0,0.0,0.0
3699049,IN,IN,NFERT,BLAST,0.02,0.0,0.0,0.0,0.0,0.0
3699052,IN,IN,NFERT,SALEM,0.01,0.0,0.0,0.0,0.0,0.0
3699053,IN,IN,NFERT,WHOLE,0.02,0.0,0.0,0.0,0.0,0.0
3699054,IN,IN,NFERT,RETA1,0.02,0.0,0.0,0.0,0.0,0.0
3699056,IN,IN,NFERT,REALE,0.01,0.0,0.0,0.0,0.0,0.0
3699044,IN,IN,NFERT,ELECT,2.07,0.0,0.0,0.0,0.0,0.0
3699058,IN,IN,NFERT,FOOD3,0.01,0.0,0.0,0.0,0.0,0.0
3699059,IN,IN,NFERT,WASTE,0.01,0.0,0.0,0.0,0.0,0.0
3699068,IN,IN,PFERT,MEATC,0.01,0.0,0.0,0.0,0.0,0.0
3699069,IN,IN,PFERT,VEGE1,2.61,0.0,0.0,0.0,0.0,0.0
3699070,IN,IN,PFERT,PROCE,0.01,0.0,0.0,0.0,0.0,0.0
3699071,IN,IN,PFERT,FOOD5,0.01,0.0,0.0,0.0,0.0,0.0
3699045,IN,IN,NFERT,RADIO,0.01,0.0,0.0,0.0,0.0,0.0
3699043,IN,IN,NFERT,MACHI,1.46,0.0,0.0,0.0,0.0,0.0
3699128,IN,IN,PFERT,REALE,0.07,0.0,0.0,0.0,0.0,0.0
3699034,IN,IN,NFERT,GLASS,0.3,0.0,0.0,0.0,0.0,0.0
3699021,IN,IN,NFERT,REFI1,0.29,0.0,0.0,0.0,0.0,0.0
3699024,IN,IN,NFERT,BITU1,2.99,0.0,0.0,0.0,0.0,0.0
3699025,IN,IN,NFERT,PARAF,0.13,0.0,0.0,0.0,0.0,0.0
3699026,IN,IN,NFERT,PETRO,1.63,0.0,0.0,0.0,0.0,0.0
3699028,IN,IN,NFERT,PLAST,0.01,0.0,0.0,0.0,0.0,0.0
3699032,IN,IN,NFERT,BIOGA,0.1,0.0,0.0,0.0,0.0,0.0
3699035,IN,IN,NFERT,CERAM,0.01,0.0,0.0,0.0,0.0,0.0
3699042,IN,IN,NFERT,FABRI,0.19,0.0,0.0,0.0,0.0,0.0
3699036,IN,IN,NFERT,NONME,0.23,0.0,0.0,0.0,0.0,0.0
3699037,IN,IN,NFERT,BASIC,0.01,0.0,0.0,0.0,0.0,0.0
3699038,IN,IN,NFERT,PREC1,0.04,0.0,0.0,0.0,0.0,0.0
3699039,IN,IN,NFERT,ALUM1,0.01,0.0,0.0,0.0,0.0,0.0
3699040,IN,IN,NFERT,COPP1,0.03,0.0,0.0,0.0,0.0,0.0
3699041,IN,IN,NFERT,FOUND,0.04,0.0,0.0,0.0,0.0,0.0
3699072,IN,IN,PFERT,BEVER,0.01,0.0,0.0,0.0,0.0,0.0
3699073,IN,IN,PFERT,TEXTI,1.92,0.0,0.0,0.0,0.0,0.0
3699074,IN,IN,PFERT,WEARI,0.02,0.0,0.0,0.0,0.0,0.0
3699118,IN,IN,PFERT,ELEC2,0.2,0.0,0.0,0.0,0.0,0.0
3699108,IN,IN,PFERT,COPP1,0.28,0.0,0.0,0.0,0.0,0.0
3699109,IN,IN,PFERT,NONF1,0.01,0.0,0.0,0.0,0.0,0.0
3699110,IN,IN,PFERT,FOUND,0.3,0.0,0.0,0.0,0.0,0.0
3699111,IN,IN,PFERT,FABRI,1.57,0.0,0.0,0.0,0.0,0.0
3699114,IN,IN,PFERT,RADIO,0.09,0.0,0.0,0.0,0.0,0.0
3699115,IN,IN,PFERT,MEDIC,0.01,0.0,0.0,0.0,0.0,0.0
3699119,IN,IN,PFERT,ELEC6,0.03,0.0,0.0,0.0,0.0,0.0
3699076,IN,IN,PFERT,PULP5,0.12,0.0,0.0,0.0,0.0,0.0
3699120,IN,IN,PFERT,BLAST,0.15,0.0,0.0,0.0,0.0,0.0
3699121,IN,IN,PFERT,DIST1,0.01,0.0,0.0,0.0,0.0,0.0
3699124,IN,IN,PFERT,SALEM,0.04,0.0,0.0,0.0,0.0,0.0
3699125,IN,IN,PFERT,WHOLE,0.12,0.0,0.0,0.0,0.0,0.0
3699126,IN,IN,PFERT,RETA1,0.11,0.0,0.0,0.0,0.0,0.0
3699127,IN,IN,PFERT,POSTT,0.02,0.0,0.0,0.0,0.0,0.0
3699107,IN,IN,PFERT,LEAD1,0.02,0.0,0.0,0.0,0.0,0.0
3699106,IN,IN,PFERT,ALUM1,0.07,0.0,0.0,0.0,0.0,0.0
3699105,IN,IN,PFERT,PREC1,0.32,0.0,0.0,0.0,0.0,0.0
3699104,IN,IN,PFERT,BASIC,0.08,0.0,0.0,0.0,0.0,0.0
3699103,IN,IN,PFERT,NONME,1.96,0.0,0.0,0.0,0.0,0.0
3699102,IN,IN,PFERT,BRICK,0.01,0.0,0.0,0.0,0.0,0.0
3699101,IN,IN,PFERT,CERAM,0.04,0.0,0.0,0.0,0.0,0.0
3699100,IN,IN,PFERT,GLASS,2.52,0.0,0.0,0.0,0.0,0.0
3699098,IN,IN,PFERT,BIOGA,0.89,0.0,0.0,0.0,0.0,0.0
3699097,IN,IN,PFERT,CHARC,0.02,0.0,0.0,0.0,0.0,0.0
3694732,IN,IN,PADDY,ELECT,0.02,0.0,0.0,0.0,0.0,0.0
3694733,IN,IN,PADDY,FURNI,0.71,0.0,0.0,0.0,0.0,0.0
3699093,IN,IN,PFERT,PLAST,0.1,0.0,0.0,0.0,0.0,0.0
3699090,IN,IN,PFERT,PARAF,1.44,0.0,0.0,0.0,0.0,0.0
3699086,IN,IN,PFERT,REFI1,3.38,0.0,0.0,0.0,0.0,0.0
3699079,IN,IN,PFERT,AVIAT,2.57,0.0,0.0,0.0,0.0,0.0
3699077,IN,IN,PFERT,PAPER,0.67,0.0,0.0,0.0,0.0,0.0
3699301,IN,IN,BIOGA,RUBBE,1.98,0.0,0.0,0.0,0.0,0.0
3699302,IN,IN,BIOGA,GLASS,0.21,0.0,0.0,0.0,0.0,0.0
3699303,IN,IN,BIOGA,CERAM,0.05,0.0,0.0,0.0,0.0,0.0
3699518,IN,IN,GLASS,LUBRI,0.22,0.0,0.0,0.0,0.0,0.0
3699511,IN,IN,GLASS,KERO1,0.45,0.0,0.0,0.0,0.0,0.0
3699513,IN,IN,GLASS,HEAVY,1.06,0.0,0.0,0.0,0.0,0.0
3699514,IN,IN,GLASS,REFIN,0.64,0.0,0.0,0.0,0.0,0.0
3699515,IN,IN,GLASS,LIQUE,3.87,0.0,0.0,0.0,0.0,0.0
3699516,IN,IN,GLASS,REFI1,0.02,0.0,0.0,0.0,0.0,0.0
3699517,IN,IN,GLASS,NAPHT,2.7,0.0,0.0,0.0,0.0,0.0
3699519,IN,IN,GLASS,BITU1,0.18,0.0,0.0,0.0,0.0,0.0
3699509,IN,IN,GLASS,AVIAT,0.01,0.0,0.0,0.0,0.0,0.0
3699520,IN,IN,GLASS,PARAF,0.64,0.0,0.0,0.0,0.0,0.0
3699521,IN,IN,GLASS,PETRO,1.56,0.0,0.0,0.0,0.0,0.0
3699522,IN,IN,GLASS,NONSP,0.28,0.0,0.0,0.0,0.0,0.0
3699524,IN,IN,GLASS,NFERT,0.81,0.0,0.0,0.0,0.0,0.0
3699529,IN,IN,GLASS,BIODI,1.08,0.0,0.0,0.0,0.0,0.0
3699537,IN,IN,GLASS,PREC1,4.14,0.0,0.0,0.0,0.0,0.0
3699510,IN,IN,GLASS,KEROS,3.55,0.0,0.0,0.0,0.0,0.0
3699507,IN,IN,GLASS,COKEO,2.91,0.0,0.0,0.0,0.0,0.0
3699304,IN,IN,BIOGA,NONME,0.42,0.0,0.0,0.0,0.0,0.0
3699486,IN,IN,GLASS,NATUR,0.37,0.0,0.0,0.0,0.0,0.0
3699454,IN,IN,RUBBE,ELEC7,0.01,0.0,0.0,0.0,0.0,0.0
3699455,IN,IN,RUBBE,DISTR,0.01,0.0,0.0,0.0,0.0,0.0
3699456,IN,IN,RUBBE,BLAST,0.22,0.0,0.0,0.0,0.0,0.0
3694731,IN,IN,PADDY,OFFIC,0.01,0.0,0.0,0.0,0.0,0.0
3699461,IN,IN,RUBBE,RETAI,0.32,0.0,0.0,0.0,0.0,0.0
3699465,IN,IN,RUBBE,RAILW,0.04,0.0,0.0,0.0,0.0,0.0
3699487,IN,IN,GLASS,NATU1,0.06,0.0,0.0,0.0,0.0,0.0
3699504,IN,IN,GLASS,PULP5,0.33,0.0,0.0,0.0,0.0,0.0
3699489,IN,IN,GLASS,MEATP,0.12,0.0,0.0,0.0,0.0,0.0
3699490,IN,IN,GLASS,MEAT1,0.6,0.0,0.0,0.0,0.0,0.0
3699492,IN,IN,GLASS,VEGE1,0.6,0.0,0.0,0.0,0.0,0.0
3699493,IN,IN,GLASS,DAIRY,1.69,0.0,0.0,0.0,0.0,0.0
3699495,IN,IN,GLASS,SUGA1,0.26,0.0,0.0,0.0,0.0,0.0
3699499,IN,IN,GLASS,TOBAC,0.87,0.0,0.0,0.0,0.0,0.0
3699538,IN,IN,GLASS,ALUM1,3.35,0.0,0.0,0.0,0.0,0.0
3699539,IN,IN,GLASS,LEAD1,0.53,0.0,0.0,0.0,0.0,0.0
3699540,IN,IN,GLASS,COPP1,4.54,0.0,0.0,0.0,0.0,0.0
3699592,IN,IN,CERAM,BIODI,0.01,0.0,0.0,0.0,0.0,0.0
3699585,IN,IN,CERAM,PETRO,0.01,0.0,0.0,0.0,0.0,0.0
3699586,IN,IN,CERAM,PLAST,0.15,0.0,0.0,0.0,0.0,0.0
3699587,IN,IN,CERAM,NFERT,0.01,0.0,0.0,0.0,0.0,0.0
3699588,IN,IN,CERAM,PFERT,0.53,0.0,0.0,0.0,0.0,0.0
3699590,IN,IN,CERAM,CHARC,0.05,0.0,0.0,0.0,0.0,0.0
3699591,IN,IN,CERAM,BIOGA,0.03,0.0,0.0,0.0,0.0,0.0
3699593,IN,IN,CERAM,RUBBE,1.03,0.0,0.0,0.0,0.0,0.0
3699541,IN,IN,GLASS,NONF1,0.27,0.0,0.0,0.0,0.0,0.0
3699594,IN,IN,CERAM,GLASS,0.05,0.0,0.0,0.0,0.0,0.0
3699596,IN,IN,CERAM,BRICK,0.35,0.0,0.0,0.0,0.0,0.0
3699598,IN,IN,CERAM,NONME,0.05,0.0,0.0,0.0,0.0,0.0
3699600,IN,IN,CERAM,PREC1,0.26,0.0,0.0,0.0,0.0,0.0
3699601,IN,IN,CERAM,ALUM1,1.29,0.0,0.0,0.0,0.0,0.0
3699602,IN,IN,CERAM,LEAD1,0.07,0.0,0.0,0.0,0.0,0.0
3699584,IN,IN,CERAM,GASDI,0.01,0.0,0.0,0.0,0.0,0.0
3699583,IN,IN,CERAM,MOTOR,0.01,0.0,0.0,0.0,0.0,0.0
3699581,IN,IN,CERAM,PRINT,0.97,0.0,0.0,0.0,0.0,0.0
3699580,IN,IN,CERAM,PAPER,0.08,0.0,0.0,0.0,0.0,0.0
3699579,IN,IN,CERAM,WOODW,0.05,0.0,0.0,0.0,0.0,0.0
3699578,IN,IN,CERAM,TEXTI,0.05,0.0,0.0,0.0,0.0,0.0
3699577,IN,IN,CERAM,FISH5,0.01,0.0,0.0,0.0,0.0,0.0
3699576,IN,IN,CERAM,BEVER,1.33,0.0,0.0,0.0,0.0,0.0
3699575,IN,IN,CERAM,FOOD5,0.01,0.0,0.0,0.0,0.0,0.0
3699574,IN,IN,CERAM,PROCE,0.01,0.0,0.0,0.0,0.0,0.0
3699573,IN,IN,CERAM,MEATC,0.02,0.0,0.0,0.0,0.0,0.0
3699565,IN,IN,GLASS,REALE,0.1,0.0,0.0,0.0,0.0,0.0
3699556,IN,IN,GLASS,BLAST,0.04,0.0,0.0,0.0,0.0,0.0
3699555,IN,IN,GLASS,ELEC6,0.01,0.0,0.0,0.0,0.0,0.0
3699554,IN,IN,GLASS,ELEC2,0.06,0.0,0.0,0.0,0.0,0.0
3699553,IN,IN,GLASS,ELEC1,0.42,0.0,0.0,0.0,0.0,0.0
3699552,IN,IN,GLASS,SECO9,1.98,0.0,0.0,0.0,0.0,0.0
3699453,IN,IN,RUBBE,ELEC6,0.05,0.0,0.0,0.0,0.0,0.0
3699452,IN,IN,RUBBE,ELEC2,0.38,0.0,0.0,0.0,0.0,0.0
3699451,IN,IN,RUBBE,ELEC1,0.08,0.0,0.0,0.0,0.0,0.0
3699338,IN,IN,BIODI,CERAM,0.34,0.0,0.0,0.0,0.0,0.0
3699326,IN,IN,BIOGA,SUPPO,1.52,0.0,0.0,0.0,0.0,0.0
3699330,IN,IN,BIOGA,FOOD3,0.31,0.0,0.0,0.0,0.0,0.0
3699331,IN,IN,BIOGA,WASTE,0.31,0.0,0.0,0.0,0.0,0.0
3699335,IN,IN,BIODI,TEXTI,0.14,0.0,0.0,0.0,0.0,0.0
3699336,IN,IN,BIODI,WOODW,0.17,0.0,0.0,0.0,0.0,0.0
3699337,IN,IN,BIODI,RUBBE,2.56,0.0,0.0,0.0,0.0,0.0
3699339,IN,IN,BIODI,BASIC,1.36,0.0,0.0,0.0,0.0,0.0
3699351,IN,IN,BIODI,TRANS,0.04,0.0,0.0,0.0,0.0,0.0
3699340,IN,IN,BIODI,PREC1,0.25,0.0,0.0,0.0,0.0,0.0
3699341,IN,IN,BIODI,ALUM1,0.34,0.0,0.0,0.0,0.0,0.0
3699342,IN,IN,BIODI,COPP1,0.37,0.0,0.0,0.0,0.0,0.0
3699343,IN,IN,BIODI,FOUND,1.08,0.0,0.0,0.0,0.0,0.0
3699346,IN,IN,BIODI,OFFIC,0.91,0.0,0.0,0.0,0.0,0.0
3699348,IN,IN,BIODI,RADIO,0.9,0.0,0.0,0.0,0.0,0.0
3699325,IN,IN,BIOGA,RETA1,0.01,0.0,0.0,0.0,0.0,0.0
3699324,IN,IN,BIOGA,WHOLE,0.01,0.0,0.0,0.0,0.0,0.0
3699323,IN,IN,BIOGA,CONST,0.02,0.0,0.0,0.0,0.0,0.0
3699321,IN,IN,BIOGA,DIST1,0.72,0.0,0.0,0.0,0.0,0.0
3699320,IN,IN,BIOGA,SECO9,0.04,0.0,0.0,0.0,0.0,0.0
3699318,IN,IN,BIOGA,TRANS,0.01,0.0,0.0,0.0,0.0,0.0
3699316,IN,IN,BIOGA,MEDIC,0.47,0.0,0.0,0.0,0.0,0.0
3699315,IN,IN,BIOGA,RADIO,0.18,0.0,0.0,0.0,0.0,0.0
3699314,IN,IN,BIOGA,ELECT,2.06,0.0,0.0,0.0,0.0,0.0
3699313,IN,IN,BIOGA,OFFIC,0.08,0.0,0.0,0.0,0.0,0.0
3699311,IN,IN,BIOGA,FABRI,2.86,0.0,0.0,0.0,0.0,0.0
3699310,IN,IN,BIOGA,FOUND,0.18,0.0,0.0,0.0,0.0,0.0
3699309,IN,IN,BIOGA,COPP1,0.21,0.0,0.0,0.0,0.0,0.0
3699308,IN,IN,BIOGA,LEAD1,0.01,0.0,0.0,0.0,0.0,0.0
3699307,IN,IN,BIOGA,ALUM1,0.19,0.0,0.0,0.0,0.0,0.0
3699306,IN,IN,BIOGA,PREC1,0.23,0.0,0.0,0.0,0.0,0.0
3699305,IN,IN,BIOGA,BASIC,0.6,0.0,0.0,0.0,0.0,0.0
3699350,IN,IN,BIODI,MOTO1,0.17,0.0,0.0,0.0,0.0,0.0
3699352,IN,IN,BIODI,FURNI,1.24,0.0,0.0,0.0,0.0,0.0
3699431,IN,IN,RUBBE,BRICK,1.94,0.0,0.0,0.0,0.0,0.0
3699405,IN,IN,RUBBE,COKEO,1.54,0.0,0.0,0.0,0.0,0.0
3699387,IN,IN,RUBBE,MEATP,0.08,0.0,0.0,0.0,0.0,0.0
3699388,IN,IN,RUBBE,MEAT1,0.33,0.0,0.0,0.0,0.0,0.0
3699389,IN,IN,RUBBE,MEAT4,2.15,0.0,0.0,0.0,0.0,0.0
3699391,IN,IN,RUBBE,DAIRY,3.28,0.0,0.0,0.0,0.0,0.0
3699393,IN,IN,RUBBE,SUGA1,3.03,0.0,0.0,0.0,0.0,0.0
3699402,IN,IN,RUBBE,PULP5,0.87,0.0,0.0,0.0,0.0,0.0
3699407,IN,IN,RUBBE,AVIAT,0.1,0.0,0.0,0.0,0.0,0.0
3699353,IN,IN,BIODI,SECO9,0.16,0.0,0.0,0.0,0.0,0.0
3699409,IN,IN,RUBBE,KERO1,3.0,0.0,0.0,0.0,0.0,0.0
3699414,IN,IN,RUBBE,REFI1,0.13,0.0,0.0,0.0,0.0,0.0
3699416,IN,IN,RUBBE,LUBRI,1.22,0.0,0.0,0.0,0.0,0.0
3699417,IN,IN,RUBBE,BITU1,1.28,0.0,0.0,0.0,0.0,0.0
3699418,IN,IN,RUBBE,PARAF,3.21,0.0,0.0,0.0,0.0,0.0
3699420,IN,IN,RUBBE,NONSP,2.06,0.0,0.0,0.0,0.0,0.0
3699385,IN,IN,RUBBE,CHEMI,0.03,0.0,0.0,0.0,0.0,0.0
3699384,IN,IN,RUBBE,SANDC,0.01,0.0,0.0,0.0,0.0,0.0
3699383,IN,IN,RUBBE,STONE,0.04,0.0,0.0,0.0,0.0,0.0
3699382,IN,IN,RUBBE,NONFE,0.04,0.0,0.0,0.0,0.0,0.0
3699381,IN,IN,RUBBE,LEADZ,0.06,0.0,0.0,0.0,0.0,0.0
3699380,IN,IN,RUBBE,PRECI,0.06,0.0,0.0,0.0,0.0,0.0
3699379,IN,IN,RUBBE,COPPE,0.02,0.0,0.0,0.0,0.0,0.0
3699378,IN,IN,RUBBE,IRONO,0.01,0.0,0.0,0.0,0.0,0.0
3699377,IN,IN,RUBBE,NATU1,2.65,0.0,0.0,0.0,0.0,0.0
3699374,IN,IN,RUBBE,BKBPE,0.26,0.0,0.0,0.0,0.0,0.0
3699373,IN,IN,RUBBE,LIGNI,1.09,0.0,0.0,0.0,0.0,0.0
3699367,IN,IN,RUBBE,SUGAR,0.8,0.0,0.0,0.0,0.0,0.0
3699361,IN,IN,BIODI,WASTE,1.3,0.0,0.0,0.0,0.0,0.0
3699360,IN,IN,BIODI,FOOD3,1.31,0.0,0.0,0.0,0.0,0.0
3699358,IN,IN,BIODI,REALE,0.01,0.0,0.0,0.0,0.0,0.0
3699357,IN,IN,BIODI,POSTT,0.47,0.0,0.0,0.0,0.0,0.0
3699356,IN,IN,BIODI,CONST,0.04,0.0,0.0,0.0,0.0,0.0
3700578,IN,IN,MACHI,MEAT4,0.46,0.0,0.0,0.0,0.0,0.0
